journey_key,journey_keys,journey_count,inicio_at,fin_at,total_min,time_source,inicio_source,fin_source,external_operation_id,source_date,plate_normalized,product_normalized,producto_original,platform_normalized,plataforma_original,planta_normalized,movement_type,movement_type_detail,contrato,comprob,cp_remito,ctg,cupo,kgs_neto,resolved_product,resolved_platform,resolved_circuit_family,resolved_executive_circuit_code,resolved_operational_point,resolved_plant_hint,resolution_source,match_quality,route_quality,observaciones,external_ingreso_at,external_calado_at,external_salida_at,external_sl_balanza_entrada_at,external_sl_balanza_salida_at,evidence_count,no_truckflow_reason,journey_keys_huerfanas,journey_uids_ambiguos
4e81ff57-536__cycle_1,4e81ff57-536__cycle_1;4e81ff57-536__cycle_2;69aede51-e87;c762b85f-881,4,2026-09-28T14:31:36.864-03:00,2026-09-29T06:12:24.948-03:00,941,CAMARA,CAMARA,CAMARA,CTG_10235351816,2026-09-29,TAO150,SOJA,SOJA,SILO_CHIEF_2,SILO CHIEF 2,RICARDONE,EGRESO,E,95817,000301069859,0000300057757,10235351816,,30220,SOJA,SILO_CHIEF_2,,R29,SILO_CHIEF_2,RICARDONE,EXCEL_PLATFORM_PRODUCT,EXTERNAL_MATCH_FRAGMENTED,ROUTE_NO_EVALUABLE,DEPOSITO EN RICARDONE,2026-09-28T21:41:00,,2026-09-28T23:50:00,,,4,,,
96e8795e-630,96e8795e-630;bd28006b-258;e2280651-f39;2608092f-705;9fdb0d94-d46;30d31289-a5b,6,2026-09-28T15:47:31.190-03:00,2026-09-29T05:58:13.311-03:00,851,CAMARA,CAMARA,CAMARA,CTG_10235351817,2026-09-29,GES056,SOJA,SOJA,SILO_CHIEF_2,SILO CHIEF 2,RICARDONE,EGRESO,E,95817,000301069860,0000300057758,10235351817,,29180,SOJA,SILO_CHIEF_2,,R29,SILO_CHIEF_2,RICARDONE,EXCEL_PLATFORM_PRODUCT,EXTERNAL_MATCH_FRAGMENTED,ROUTE_NO_EVALUABLE,DEPOSITO EN RICARDONE,2026-09-28T21:50:00,,2026-09-28T23:55:00,,,6,,,
d46b7f6d-423,d46b7f6d-423,1,2026-09-28T04:14:19.912-03:00,2026-09-28T08:59:11.410-03:00,285,CAMARA,CAMARA,CAMARA,CTG_10235335531,2026-09-28,VHL423,SOJA,SOJA,SILO_CHIEF_2,SILO CHIEF 2,RICARDONE,EGRESO,E,95817,000301069730,0000300057640,10235335531,,29240,SOJA,SILO_CHIEF_2,,R29,SILO_CHIEF_2,RICARDONE,EXCEL_PLATFORM_PRODUCT,EXTERNAL_MATCH_PROBABLE,ROUTE_NO_DISCHARGE_POINT,DEPOSITO EN RICARDONE,2026-09-27T22:29:00,,2026-09-28T00:04:00,,,1,,,
7b628a0d-4f7,7b628a0d-4f7;4ee9c9f1-2be;7ff849ca-1b9,3,2026-09-27T13:55:54.176-03:00,2026-09-28T09:05:51.192-03:00,1150,CAMARA,CAMARA,CAMARA,CTG_10235335358,2026-09-28,CGV979,SOJA,SOJA,VOLCABLE_PTO_5,VOLCABLE PTO 5,TERMINAL_EMBARQUE,INGRESO,I,2000662,000404069402,0000300057619,10235335358,VIC812996270926,28600,SOJA,VOLCABLE_PTO_5,SAN_LORENZO_VOLCABLE,R7,VOLCABLE_PTO_5,TERMINAL_EMBARQUE,EXCEL_PLATFORM_PRODUCT,EXTERNAL_MATCH_FRAGMENTED,ROUTE_NO_EVALUABLE,"FAZON PTO 2026, FAZON PTO 2026",2026-09-27T20:59:00,,2026-09-28T00:17:00,,,3,,,
dee71001-f55,dee71001-f55;ac3d0991-099;50e75595-024;7a3a4759-967;483b5a26-fe8;21c45015-b5d;0e9f19e9-e20;3228a0b2-879,8,2026-09-27T14:19:01.058-03:00,2026-09-28T07:42:55.197-03:00,1044,CAMARA,CAMARA,CAMARA,CTG_10235335360,2026-09-28,EYH843,SOJA,SOJA,VOLCABLE_PTO_5,VOLCABLE PTO 5,TERMINAL_EMBARQUE,INGRESO,I,2000662,000404069403,0000300057620,10235335360,VIC539239270926,27680,SOJA,VOLCABLE_PTO_5,SAN_LORENZO_VOLCABLE,R7,VOLCABLE_PTO_5,TERMINAL_EMBARQUE,EXCEL_PLATFORM_PRODUCT,EXTERNAL_MATCH_FRAGMENTED,ROUTE_NO_EVALUABLE,"FAZON PTO 2026, FAZON PTO 2026",2026-09-27T21:11:00,,2026-09-28T00:22:00,,,8,,,
6a35165a-df8,6a35165a-df8;e1a2a263-38e;bdfeb774-498;24f62933-ad3;5b4d21de-14e;8e478bbb-25c,6,2026-09-27T19:56:47.547-03:00,2026-09-28T06:35:37.295-03:00,639,CAMARA,CAMARA,CAMARA,CTG_10235335394,2026-09-28,DFP716,SOJA,SOJA,VOLCABLE_PTO_3,VOLCABLE PTO 3,TERMINAL_EMBARQUE,INGRESO,I,2000662,000404069404,0000300057622,10235335394,VIC982731270926,29960,SOJA,VOLCABLE_PTO_3,SAN_LORENZO_VOLCABLE,R7,VOLCABLE_PTO_3,TERMINAL_EMBARQUE,EXCEL_PLATFORM_PRODUCT,EXTERNAL_MATCH_FRAGMENTED,ROUTE_NO_EVALUABLE,"FAZON PTO 2026, FAZON PTO 2026",2026-09-27T21:24:00,,2026-09-28T00:25:00,,,6,,,
f9c21337-367,f9c21337-367;c8a7d8bd-787__cycle_1;c8a7d8bd-787__cycle_2;037292e1-783,4,2026-09-27T18:16:41.996-03:00,2026-09-28T08:42:28.605-03:00,866,CAMARA,CAMARA,CAMARA,CTG_10235335535,2026-09-28,RQC013,SOJA,SOJA,SILO_CHIEF_2,SILO CHIEF 2,RICARDONE,EGRESO,E,95817,000301069731,0000300057641,10235335535,,27540,SOJA,SILO_CHIEF_2,,R29,SILO_CHIEF_2,RICARDONE,EXCEL_PLATFORM_PRODUCT,EXTERNAL_MATCH_FRAGMENTED,ROUTE_NO_EVALUABLE,DEPOSITO EN RICARDONE,2026-09-27T22:36:00,,2026-09-28T00:12:00,,,4,,,
39c2d521-d0e,39c2d521-d0e;27a87801-b98__cycle_2;93b189d5-7a9;7f74ab7b-b20,4,2026-09-27T14:05:46.371-03:00,2026-09-28T09:59:24.750-03:00,1194,CAMARA,CAMARA,CAMARA,CTG_10235335418,2026-09-28,RAW481,SOJA,SOJA,VOLCABLE_PTO_3,VOLCABLE PTO 3,TERMINAL_EMBARQUE,INGRESO,I,2000662,000404069405,0000300057623,10235335418,VIC979631270926,30860,SOJA,VOLCABLE_PTO_3,SAN_LORENZO_VOLCABLE,R7,VOLCABLE_PTO_3,TERMINAL_EMBARQUE,EXCEL_PLATFORM_PRODUCT,EXTERNAL_MATCH_FRAGMENTED,ROUTE_NO_EVALUABLE,"FAZON PTO 2026, FAZON PTO 2026",2026-09-27T22:03:00,,2026-09-28T00:30:00,,,4,,,
435eb8c4-077,435eb8c4-077;10e1e571-141;799be0b1-d36;dc3ac47c-9e0,4,2026-09-27T19:54:47.857-03:00,2026-09-28T05:17:41.011-03:00,563,CAMARA,CAMARA,CAMARA,CTG_10235335393,2026-09-28,UPW705,SOJA,SOJA,VOLCABLE_PTO_5,VOLCABLE PTO 5,TERMINAL_EMBARQUE,INGRESO,I,2000662,000404069406,0000300057621,10235335393,VIC107250270926,27020,SOJA,VOLCABLE_PTO_5,SAN_LORENZO_VOLCABLE,R7,VOLCABLE_PTO_5,TERMINAL_EMBARQUE,EXCEL_PLATFORM_PRODUCT,EXTERNAL_MATCH_FRAGMENTED,ROUTE_NO_EVALUABLE,"FAZON PTO 2026, FAZON PTO 2026",2026-09-27T21:23:00,,2026-09-28T00:31:00,,,4,,,
dbe976af-d8e,dbe976af-d8e;c2ea8f7a-282;53243777-e31;13a1fc8a-1ea;6e59884b-dfc;ad10a50c-c54;4c0f9ab1-98b;bcdf4379-b32,8,2026-09-27T14:49:25.882-03:00,2026-09-28T09:55:00.164-03:00,1146,CAMARA,CAMARA,CAMARA,CTG_10235335427,2026-09-28,RXV065,SOJA,SOJA,VOLCABLE_PTO_3,VOLCABLE PTO 3,TERMINAL_EMBARQUE,INGRESO,I,2000662,000404069407,0000300057624,10235335427,VIC916456270926,28920,SOJA,VOLCABLE_PTO_3,SAN_LORENZO_VOLCABLE,R7,VOLCABLE_PTO_3,TERMINAL_EMBARQUE,EXCEL_PLATFORM_PRODUCT,EXTERNAL_MATCH_FRAGMENTED,ROUTE_NO_EVALUABLE,"FAZON PTO 2026, FAZON PTO 2026",2026-09-27T22:04:00,,2026-09-28T00:37:00,,,8,,,
96bcf630-a93,96bcf630-a93,1,2026-09-27T22:07:29.544-03:00,2026-09-28T00:36:50.030-03:00,149,CAMARA,CAMARA,CAMARA,CTG_10235330221,2026-09-28,ILF473,GIRASOL,GIRASOL,VOLCABLE_1,VOLCABLE 1,RICARDONE,INGRESO,I,2000664,000301464854,0000100016197,10235330221,VIC734454280926,29060,GIRASOL,VOLCABLE_1,VOLCABLE,R5,VOLCABLE_1,RICARDONE,EXCEL_PLATFORM_PRODUCT,EXTERNAL_MATCH_EXACT,ROUTE_NO_EVALUABLE,"FASON GIRASOL, FASON GIRASOL",2026-09-27T22:08:00,2026-09-27T23:18:00,2026-09-28T00:37:00,,,1,,,
e4918a46-040,e4918a46-040;96c34476-917;fa0bdedd-730;5c22e4c5-ebb;30705ca6-16f;50870c34-6d1;86b28549-d0a,7,2026-09-27T15:26:15.453-03:00,2026-09-28T10:09:27.751-03:00,1123,CAMARA,CAMARA,CAMARA,CTG_10235335434,2026-09-28,GES056,SOJA,SOJA,VOLCABLE_PTO_5,VOLCABLE PTO 5,TERMINAL_EMBARQUE,INGRESO,I,2000662,000404069408,0000300057625,10235335434,VIC277618270926,28360,SOJA,VOLCABLE_PTO_5,SAN_LORENZO_VOLCABLE,R7,VOLCABLE_PTO_5,TERMINAL_EMBARQUE,EXCEL_PLATFORM_PRODUCT,EXTERNAL_MATCH_FRAGMENTED,ROUTE_NO_EVALUABLE,"FAZON PTO 2026, FAZON PTO 2026",2026-09-27T22:05:00,,2026-09-28T00:38:00,,,7,,,
94bf8672-d3b,94bf8672-d3b;e10ec7b6-dc2;764c9fe2-f82;2c484315-dd3;b90cada8-694,5,2026-09-27T15:32:00.913-03:00,2026-09-28T10:16:13.073-03:00,1124,CAMARA,CAMARA,CAMARA,CTG_10235335465,2026-09-28,TAC436,SOJA,SOJA,VOLCABLE_PTO_3,VOLCABLE PTO 3,TERMINAL_EMBARQUE,INGRESO,I,2000662,000404069410,0000300057627,10235335465,VIC179649270926,30120,SOJA,VOLCABLE_PTO_3,SAN_LORENZO_VOLCABLE,R7,VOLCABLE_PTO_3,TERMINAL_EMBARQUE,EXCEL_PLATFORM_PRODUCT,EXTERNAL_MATCH_FRAGMENTED,ROUTE_NO_EVALUABLE,"FAZON PTO 2026, FAZON PTO 2026",2026-09-27T22:32:00,,2026-09-28T00:50:00,,,5,,,
871e7639-6dc,871e7639-6dc;738beaf3-69f;de46a219-4f2;848614c4-f32;3beaefb6-946;851be1be-904;97adf270-0df;2fb2d0d5-1f7,8,2026-09-27T15:33:12.677-03:00,2026-09-28T10:26:32.320-03:00,1133,CAMARA,CAMARA,CAMARA,CTG_10235335472,2026-09-28,UKL882,SOJA,SOJA,VOLCABLE_PTO_3,VOLCABLE PTO 3,TERMINAL_EMBARQUE,INGRESO,I,2000662,000404069411,0000300057628,10235335472,VIC040646270926,29820,SOJA,VOLCABLE_PTO_3,SAN_LORENZO_VOLCABLE,R7,VOLCABLE_PTO_3,TERMINAL_EMBARQUE,EXCEL_PLATFORM_PRODUCT,EXTERNAL_MATCH_FRAGMENTED,ROUTE_NO_EVALUABLE,"FAZON PTO 2026, FAZON PTO 2026",2026-09-27T22:51:00,,2026-09-28T01:00:00,,,8,,,
8aad61c8-61c,8aad61c8-61c,1,2026-09-27T17:13:16.430-03:00,2026-09-28T02:05:29.417-03:00,532,CAMARA,CAMARA,CAMARA,CTG_10235335536,2026-09-28,VJG112,SOJA,SOJA,SILO_CHIEF_2,SILO CHIEF 2,RICARDONE,EGRESO,E,95817,000301069732,0000300057642,10235335536,,28980,SOJA,SILO_CHIEF_2,,R29,SILO_CHIEF_2,RICARDONE,EXCEL_PLATFORM_PRODUCT,EXTERNAL_MATCH_EXACT,ROUTE_NO_EVALUABLE,DEPOSITO EN RICARDONE,2026-09-28T00:01:00,,2026-09-28T00:51:00,,,1,,,
57ba1574-208,57ba1574-208;5a257b27-dee,2,2026-09-27T22:08:39.710-03:00,2026-09-28T01:04:55.232-03:00,176,CAMARA,CAMARA,CAMARA,CTG_10135320746,2026-09-28,AC704TH,SOJA,SOJA,VOLCABLE_PTO_5,VOLCABLE PTO 5,TERMINAL_EMBARQUE,INGRESO,I,2000655,000404069412,0000100001473,10135320746,VIC708314270926,30540,SOJA,VOLCABLE_PTO_5,SAN_LORENZO_VOLCABLE,R7,VOLCABLE_PTO_5,TERMINAL_EMBARQUE,EXCEL_PLATFORM_PRODUCT,EXTERNAL_MATCH_FRAGMENTED,ROUTE_NO_EVALUABLE,"FAZON 2026, FAZON 2026",2026-09-27T22:10:00,2026-09-27T22:56:00,2026-09-28T01:02:00,,,2,,,
d1294e8c-4dd,d1294e8c-4dd;d2a37e1b-109,2,2026-09-27T20:39:44.977-03:00,2026-09-28T01:07:12.887-03:00,267,CAMARA,CAMARA,CAMARA,CTG_10135323914,2026-09-28,MPO996,SOJA,SOJA,VOLCABLE_PTO_5,VOLCABLE PTO 5,TERMINAL_EMBARQUE,INGRESO,I,2000652,000404069413,0000000000399,10135323914,VIC489719270926,36220,SOJA,VOLCABLE_PTO_5,SAN_LORENZO_VOLCABLE,R7,VOLCABLE_PTO_5,TERMINAL_EMBARQUE,EXCEL_PLATFORM_PRODUCT,EXTERNAL_MATCH_FRAGMENTED,ROUTE_NO_EVALUABLE,"FAZON 2026, FAZON 2026",2026-09-27T20:40:00,2026-09-27T22:35:00,2026-09-28T01:05:00,,,2,,,
6a12c3f9-92c,6a12c3f9-92c;92e18bcf-8fc;5e4a647c-3db;97b17b20-55a;688d3e40-6a8;0496fd2a-962;cb814270-9a0;f9bef420-2a4,8,2026-09-27T17:14:01.312-03:00,2026-09-28T08:53:40.190-03:00,940,CAMARA,CAMARA,CAMARA,CTG_10235335537,2026-09-28,EVL273,SOJA,SOJA,SILO_CHIEF_2,SILO CHIEF 2,RICARDONE,EGRESO,E,95817,000301069733,0000300057643,10235335537,,27800,SOJA,SILO_CHIEF_2,,R29,SILO_CHIEF_2,RICARDONE,EXCEL_PLATFORM_PRODUCT,EXTERNAL_MATCH_FRAGMENTED,ROUTE_NO_EVALUABLE,DEPOSITO EN RICARDONE,2026-09-28T00:14:00,,2026-09-28T00:58:00,,,8,,,
98d94607-9f2,98d94607-9f2;98f30cc2-1e0;3ae10c32-91f;4c06dba8-326,4,2026-09-27T13:48:57.833-03:00,2026-09-28T08:21:40.054-03:00,1113,CAMARA,CAMARA,CAMARA,CTG_10235335457,2026-09-28,UUL425,SOJA,SOJA,VOLCABLE_PTO_3,VOLCABLE PTO 3,TERMINAL_EMBARQUE,INGRESO,I,2000662,000404069414,0000300057626,10235335457,VIC895350270926,30480,SOJA,VOLCABLE_PTO_3,SAN_LORENZO_VOLCABLE,R7,VOLCABLE_PTO_3,TERMINAL_EMBARQUE,EXCEL_PLATFORM_PRODUCT,EXTERNAL_MATCH_FRAGMENTED,ROUTE_NO_EVALUABLE,"FAZON PTO 2026, FAZON PTO 2026",2026-09-27T22:49:00,,2026-09-28T01:08:00,,,4,,,
cb079e15-12e__cycle_2,cb079e15-12e__cycle_2;cb079e15-12e__cycle_3,2,2026-09-27T20:44:43.474-03:00,2026-09-28T10:34:14.425-03:00,830,CAMARA,CAMARA,CAMARA,CTG_10235335473,2026-09-28,AAE877,SOJA,SOJA,VOLCABLE_PTO_3,VOLCABLE PTO 3,TERMINAL_EMBARQUE,INGRESO,I,2000662,000404069415,0000300057629,10235335473,VIC007816270926,30360,SOJA,VOLCABLE_PTO_3,SAN_LORENZO_VOLCABLE,R7,VOLCABLE_PTO_3,TERMINAL_EMBARQUE,EXCEL_PLATFORM_PRODUCT,EXTERNAL_MATCH_FRAGMENTED,ROUTE_NO_EVALUABLE,"FAZON PTO 2026, FAZON PTO 2026",2026-09-27T22:54:00,,2026-09-28T01:14:00,,,2,,,
4ee9c9f1-2be,4ee9c9f1-2be;7ff849ca-1b9,2,2026-09-27T17:14:22.034-03:00,2026-09-28T09:05:51.192-03:00,951,CAMARA,CAMARA,CAMARA,CTG_10235335539,2026-09-28,CGV979,SOJA,SOJA,SILO_CHIEF_2,SILO CHIEF 2,RICARDONE,EGRESO,E,95817,000301069734,0000300057644,10235335539,,28620,SOJA,SILO_CHIEF_2,,R29,SILO_CHIEF_2,RICARDONE,EXCEL_PLATFORM_PRODUCT,EXTERNAL_MATCH_FRAGMENTED,ROUTE_NO_EVALUABLE,DEPOSITO EN RICARDONE,2026-09-28T00:30:00,,2026-09-28T01:07:00,,,2,,,
da78e6f2-21d,da78e6f2-21d,1,2026-09-27T22:54:22.189-03:00,2026-09-28T01:18:44.977-03:00,144,CAMARA,CAMARA,CAMARA,CTG_10235319331,2026-09-28,UZN699,GIRASOL,GIRASOL,VOLCABLE_1,VOLCABLE 1,RICARDONE,INGRESO,I,2000664,000301464856,0405200004054,10235319331,VIC192451280926,28360,GIRASOL,VOLCABLE_1,VOLCABLE,R5,VOLCABLE_1,RICARDONE,EXCEL_PLATFORM_PRODUCT,EXTERNAL_MATCH_EXACT,ROUTE_NO_EVALUABLE,"FASON GIRASOL, FASON GIRASOL",2026-09-27T22:55:00,2026-09-27T23:28:00,2026-09-28T01:19:00,,,1,,,
ac3d0991-099,ac3d0991-099;50e75595-024;7a3a4759-967;483b5a26-fe8;21c45015-b5d;0e9f19e9-e20;3228a0b2-879,7,2026-09-27T17:16:45.242-03:00,2026-09-28T07:42:55.197-03:00,866,CAMARA,CAMARA,CAMARA,CTG_10235335541,2026-09-28,EYH843,SOJA,SOJA,SILO_CHIEF_2,SILO CHIEF 2,RICARDONE,EGRESO,E,95817,000301069735,0000300057645,10235335541,,29200,SOJA,SILO_CHIEF_2,,R29,SILO_CHIEF_2,RICARDONE,EXCEL_PLATFORM_PRODUCT,EXTERNAL_MATCH_FRAGMENTED,ROUTE_NO_EVALUABLE,DEPOSITO EN RICARDONE,2026-09-28T00:36:00,,2026-09-28T01:18:00,,,7,,,
ccfaa20c-5e4,ccfaa20c-5e4;d883877a-c0e;299e791b-1df;978f78cd-e11;7c1abbc0-1c8;00711dfa-90e;ba8bfa87-cac;396e3fb9-885,8,2026-09-27T15:34:59.242-03:00,2026-09-28T10:25:52.504-03:00,1131,CAMARA,CAMARA,CAMARA,CTG_10235335490,2026-09-28,BVS300,SOJA,SOJA,VOLCABLE_PTO_3,VOLCABLE PTO 3,TERMINAL_EMBARQUE,INGRESO,I,2000662,000404069417,0000300057631,10235335490,VIC774589270926,29720,SOJA,VOLCABLE_PTO_3,SAN_LORENZO_VOLCABLE,R7,VOLCABLE_PTO_3,TERMINAL_EMBARQUE,EXCEL_PLATFORM_PRODUCT,EXTERNAL_MATCH_FRAGMENTED,ROUTE_NO_EVALUABLE,"FAZON PTO 2026, FAZON PTO 2026",2026-09-27T22:56:00,,2026-09-28T01:25:00,,,8,,,
17d43ffb-0a2,17d43ffb-0a2;de914f8d-8fb;f789df9a-c84;545797b3-6b3,4,2026-09-27T15:33:40.679-03:00,2026-09-28T01:27:19.369-03:00,594,CAMARA,CAMARA,CAMARA,CTG_10235335481,2026-09-28,DGR440,SOJA,SOJA,VOLCABLE_PTO_5,VOLCABLE PTO 5,TERMINAL_EMBARQUE,INGRESO,I,2000662,000404069418,0000300057630,10235335481,VIC075140270926,29820,SOJA,VOLCABLE_PTO_5,SAN_LORENZO_VOLCABLE,R7,VOLCABLE_PTO_5,TERMINAL_EMBARQUE,EXCEL_PLATFORM_PRODUCT,EXTERNAL_MATCH_FRAGMENTED,ROUTE_NO_EVALUABLE,"FAZON PTO 2026, FAZON PTO 2026",2026-09-27T22:55:00,,2026-09-28T01:26:00,,,4,,,
bc9a70a7-4ee__cycle_1,bc9a70a7-4ee__cycle_1;bc9a70a7-4ee__cycle_2,2,2026-09-27T15:10:06.378-03:00,2026-09-28T10:32:26.662-03:00,1162,CAMARA,CAMARA,CAMARA,CTG_10235335498,2026-09-28,UWX998,SOJA,SOJA,VOLCABLE_PTO_3,VOLCABLE PTO 3,TERMINAL_EMBARQUE,INGRESO,I,2000662,000404069419,0000300057632,10235335498,VIC970822270926,29260,SOJA,VOLCABLE_PTO_3,SAN_LORENZO_VOLCABLE,R7,VOLCABLE_PTO_3,TERMINAL_EMBARQUE,EXCEL_PLATFORM_PRODUCT,EXTERNAL_MATCH_FRAGMENTED,ROUTE_NO_EVALUABLE,"FAZON PTO 2026, FAZON PTO 2026",2026-09-27T23:09:00,,2026-09-28T01:27:00,,,2,,,
3ff1b2b5-b33__cycle_1,3ff1b2b5-b33__cycle_1;3ff1b2b5-b33__cycle_2,2,2026-09-27T16:22:13.169-03:00,2026-09-28T00:19:06.514-03:00,477,CAMARA,CAMARA,CAMARA,CTG_10235335503,2026-09-28,RGV982,SOJA,SOJA,VOLCABLE_PTO_5,VOLCABLE PTO 5,TERMINAL_EMBARQUE,INGRESO,I,2000662,000404069420,0000300057633,10235335503,VIC998857270926,28180,SOJA,VOLCABLE_PTO_5,SAN_LORENZO_VOLCABLE,R7,VOLCABLE_PTO_5,TERMINAL_EMBARQUE,EXCEL_PLATFORM_PRODUCT,EXTERNAL_MATCH_FRAGMENTED,ROUTE_NO_EVALUABLE,"FAZON PTO 2026, FAZON PTO 2026",2026-09-27T23:33:00,,2026-09-28T01:29:00,,,2,,,
39047546-28c,39047546-28c;9bb54c4a-8e1;bb29a226-352,3,2026-09-27T16:01:24.854-03:00,2026-09-28T01:34:24.939-03:00,573,CAMARA,CAMARA,CAMARA,CTG_10235335510,2026-09-28,FDH917,SOJA,SOJA,VOLCABLE_PTO_3,VOLCABLE PTO 3,TERMINAL_EMBARQUE,INGRESO,I,2000662,000404069421,0000300057634,10235335510,VIC713289270926,30440,SOJA,VOLCABLE_PTO_3,SAN_LORENZO_VOLCABLE,R7,VOLCABLE_PTO_3,TERMINAL_EMBARQUE,EXCEL_PLATFORM_PRODUCT,EXTERNAL_MATCH_FRAGMENTED,ROUTE_NO_EVALUABLE,"FAZON PTO 2026, FAZON PTO 2026",2026-09-27T23:41:00,,2026-09-28T01:31:00,,,3,,,
d76646f1-33e,d76646f1-33e;622300db-fc0;95cada1a-1ba;e95e801e-7c2;f8e79220-e6b,5,2026-09-27T21:09:27.503-03:00,2026-09-28T07:43:30.481-03:00,634,CAMARA,CAMARA,CAMARA,CTG_10235335511,2026-09-28,EEW075,SOJA,SOJA,VOLCABLE_PTO_5,VOLCABLE PTO 5,TERMINAL_EMBARQUE,INGRESO,I,2000662,000404069422,0000300057635,10235335511,VIC604305270926,27440,SOJA,VOLCABLE_PTO_5,SAN_LORENZO_VOLCABLE,R7,VOLCABLE_PTO_5,TERMINAL_EMBARQUE,EXCEL_PLATFORM_PRODUCT,EXTERNAL_MATCH_FRAGMENTED,ROUTE_NO_EVALUABLE,"FAZON PTO 2026, FAZON PTO 2026",2026-09-27T23:41:00,,2026-09-28T01:35:00,,,5,,,
f077ca7c-b08,f077ca7c-b08,1,2026-09-27T22:58:00.521-03:00,2026-09-28T01:35:47.598-03:00,158,CAMARA,CAMARA,CAMARA,CTG_10235308004,2026-09-28,LCI184,GIRASOL,GIRASOL,VOLCABLE_1,VOLCABLE 1,RICARDONE,INGRESO,I,2000640,000301464857,0240000005019,10235308004,VIC026785280926,32860,GIRASOL,VOLCABLE_1,VOLCABLE,R5,VOLCABLE_1,RICARDONE,EXCEL_PLATFORM_PRODUCT,EXTERNAL_MATCH_EXACT,ROUTE_NO_EVALUABLE,"FAZON 2026, FAZON 2026",2026-09-27T22:59:00,2026-09-27T23:32:00,2026-09-28T01:36:00,,,1,,,
6a35165a-df8,6a35165a-df8;e1a2a263-38e;bdfeb774-498;24f62933-ad3;5b4d21de-14e;8e478bbb-25c;67f071e7-4f3,7,2026-09-27T19:56:47.547-03:00,2026-09-28T09:15:13.386-03:00,798,CAMARA,CAMARA,CAMARA,CTG_10235335548,2026-09-28,DFP716,SOJA,SOJA,SILO_CHIEF_2,SILO CHIEF 2,RICARDONE,EGRESO,E,95817,000301069736,0000300057646,10235335548,,30320,SOJA,SILO_CHIEF_2,,R29,SILO_CHIEF_2,RICARDONE,EXCEL_PLATFORM_PRODUCT,EXTERNAL_MATCH_FRAGMENTED,ROUTE_NO_EVALUABLE,DEPOSITO EN RICARDONE,2026-09-28T00:38:00,,2026-09-28T01:28:00,,,7,,,
e38a2866-7b6__cycle_1,e38a2866-7b6__cycle_1;e38a2866-7b6__cycle_2,2,2026-09-27T16:58:51.642-03:00,2026-09-28T10:42:07.054-03:00,1063,CAMARA,CAMARA,CAMARA,CTG_10235335518,2026-09-28,CIE516,SOJA,SOJA,VOLCABLE_PTO_3,VOLCABLE PTO 3,TERMINAL_EMBARQUE,INGRESO,I,2000662,000404069423,0000300057636,10235335518,VIC883443270926,28480,SOJA,VOLCABLE_PTO_3,SAN_LORENZO_VOLCABLE,R7,VOLCABLE_PTO_3,TERMINAL_EMBARQUE,EXCEL_PLATFORM_PRODUCT,EXTERNAL_MATCH_FRAGMENTED,ROUTE_NO_EVALUABLE,"FAZON PTO 2026, FAZON PTO 2026",2026-09-27T23:49:00,,2026-09-28T01:39:00,,,2,,,
a80446d1-c7b__cycle_2,a80446d1-c7b__cycle_2;552a6330-143,2,2026-09-27T21:48:28.438-03:00,2026-09-28T01:46:58.401-03:00,238,CAMARA,CAMARA,CAMARA,CTG_10235335525,2026-09-28,KDE342,SOJA,SOJA,VOLCABLE_PTO_3,VOLCABLE PTO 3,TERMINAL_EMBARQUE,INGRESO,I,2000662,000404069424,0000300057638,10235335525,VIC502085270926,35640,SOJA,VOLCABLE_PTO_3,SAN_LORENZO_VOLCABLE,R7,VOLCABLE_PTO_3,TERMINAL_EMBARQUE,EXCEL_PLATFORM_PRODUCT,EXTERNAL_MATCH_FRAGMENTED,ROUTE_NO_EVALUABLE,"FAZON PTO 2026, FAZON PTO 2026",2026-09-28T00:14:00,,2026-09-28T01:43:00,,,2,,,
74f70c46-c21,74f70c46-c21;11f8ebbc-d62;9f8dcb61-195;243994a4-a12;e46008c3-91e,5,2026-09-27T17:28:05.439-03:00,2026-09-28T05:26:44.906-03:00,719,CAMARA,CAMARA,CAMARA,CTG_10235335522,2026-09-28,OYX549,SOJA,SOJA,VOLCABLE_PTO_5,VOLCABLE PTO 5,TERMINAL_EMBARQUE,INGRESO,I,2000662,000404069425,0000300057637,10235335522,VIC847619270926,29060,SOJA,VOLCABLE_PTO_5,SAN_LORENZO_VOLCABLE,R7,VOLCABLE_PTO_5,TERMINAL_EMBARQUE,EXCEL_PLATFORM_PRODUCT,EXTERNAL_MATCH_FRAGMENTED,ROUTE_NO_EVALUABLE,"FAZON PTO 2026, FAZON PTO 2026",2026-09-28T00:13:00,,2026-09-28T01:45:00,,,5,,,
435eb8c4-077,435eb8c4-077;10e1e571-141;799be0b1-d36;dc3ac47c-9e0,4,2026-09-27T19:54:47.857-03:00,2026-09-28T05:17:41.011-03:00,563,CAMARA,CAMARA,CAMARA,CTG_10235335551,2026-09-28,UPW705,SOJA,SOJA,SILO_CHIEF_2,SILO CHIEF 2,RICARDONE,EGRESO,E,95817,000301069737,0000300057647,10235335551,,27220,SOJA,SILO_CHIEF_2,,R29,SILO_CHIEF_2,RICARDONE,EXCEL_PLATFORM_PRODUCT,EXTERNAL_MATCH_FRAGMENTED,ROUTE_NO_EVALUABLE,DEPOSITO EN RICARDONE,2026-09-28T00:44:00,,2026-09-28T01:59:00,,,4,,,
c2ea8f7a-282,c2ea8f7a-282;53243777-e31;13a1fc8a-1ea;6e59884b-dfc;ad10a50c-c54;4c0f9ab1-98b;bcdf4379-b32,7,2026-09-27T17:33:11.378-03:00,2026-09-28T09:55:00.164-03:00,982,CAMARA,CAMARA,CAMARA,CTG_10235335552,2026-09-28,RXV065,SOJA,SOJA,SILO_CHIEF_2,SILO CHIEF 2,RICARDONE,EGRESO,E,95817,000301069738,0000300057648,10235335552,,29280,SOJA,SILO_CHIEF_2,,R29,SILO_CHIEF_2,RICARDONE,EXCEL_PLATFORM_PRODUCT,EXTERNAL_MATCH_FRAGMENTED,ROUTE_NO_EVALUABLE,DEPOSITO EN RICARDONE,2026-09-28T00:50:00,,2026-09-28T02:01:00,,,7,,,
27a87801-b98__cycle_2,27a87801-b98__cycle_2;93b189d5-7a9;7f74ab7b-b20,3,2026-09-27T19:57:16.986-03:00,2026-09-28T09:59:24.750-03:00,842,CAMARA,CAMARA,CAMARA,CTG_10235335554,2026-09-28,RAW481,SOJA,SOJA,SILO_CHIEF_2,SILO CHIEF 2,RICARDONE,EGRESO,E,95817,000301069739,0000300057649,10235335554,,30740,SOJA,SILO_CHIEF_2,,R29,SILO_CHIEF_2,RICARDONE,EXCEL_PLATFORM_PRODUCT,EXTERNAL_MATCH_FRAGMENTED,ROUTE_NO_EVALUABLE,DEPOSITO EN RICARDONE,2026-09-28T00:41:00,,2026-09-28T02:09:00,,,3,,,
96c34476-917,96c34476-917;fa0bdedd-730;5c22e4c5-ebb;30705ca6-16f;50870c34-6d1;86b28549-d0a,6,2026-09-27T17:42:26.132-03:00,2026-09-28T10:09:27.751-03:00,987,CAMARA,CAMARA,CAMARA,CTG_10235335555,2026-09-28,GES056,SOJA,SOJA,SILO_CHIEF_2,SILO CHIEF 2,RICARDONE,EGRESO,E,95817,000301069740,0000300057650,10235335555,,28540,SOJA,SILO_CHIEF_2,,R29,SILO_CHIEF_2,RICARDONE,EXCEL_PLATFORM_PRODUCT,EXTERNAL_MATCH_FRAGMENTED,ROUTE_NO_EVALUABLE,DEPOSITO EN RICARDONE,2026-09-28T00:52:00,,2026-09-28T02:10:00,,,6,,,
8395b16f-0af,8395b16f-0af,1,2026-09-28T02:01:23.044-03:00,2026-09-28T02:24:21.768-03:00,23,CAMARA,CAMARA,CAMARA,CTG_10235305071,2026-09-28,AE377ZO,GIRASOL,GIRASOL,VOLCABLE_1,VOLCABLE 1,RICARDONE,INGRESO,I,2000640,000301464859,0240000005015,10235305071,VIC000086280926,29380,GIRASOL,VOLCABLE_1,VOLCABLE,R5,VOLCABLE_1,RICARDONE,EXCEL_PLATFORM_PRODUCT,EXTERNAL_MATCH_EXACT,ROUTE_NO_EVALUABLE,"FAZON 2026, FAZON 2026",2026-09-27T23:54:00,2026-09-28T00:31:00,2026-09-28T02:25:00,,,1,,,
e10ec7b6-dc2,e10ec7b6-dc2;764c9fe2-f82;2c484315-dd3;b90cada8-694,4,2026-09-27T18:00:50.834-03:00,2026-09-28T10:16:13.073-03:00,975,CAMARA,CAMARA,CAMARA,CTG_10235335556,2026-09-28,TAC436,SOJA,SOJA,SILO_CHIEF_2,SILO CHIEF 2,RICARDONE,EGRESO,E,95817,000301069741,0000300057651,10235335556,,31800,SOJA,SILO_CHIEF_2,,R29,SILO_CHIEF_2,RICARDONE,EXCEL_PLATFORM_PRODUCT,EXTERNAL_MATCH_FRAGMENTED,ROUTE_NO_EVALUABLE,DEPOSITO EN RICARDONE,2026-09-28T01:09:00,,2026-09-28T02:20:00,,,4,,,
738beaf3-69f,738beaf3-69f;de46a219-4f2;848614c4-f32;3beaefb6-946;851be1be-904;97adf270-0df;2fb2d0d5-1f7,7,2026-09-27T18:03:03.562-03:00,2026-09-28T10:26:32.320-03:00,983,CAMARA,CAMARA,CAMARA,CTG_10235335578,2026-09-28,UKL882,SOJA,SOJA,SILO_CHIEF_2,SILO CHIEF 2,RICARDONE,EGRESO,E,95817,000301069742,0000300057652,10235335578,,31260,SOJA,SILO_CHIEF_2,,R29,SILO_CHIEF_2,RICARDONE,EXCEL_PLATFORM_PRODUCT,EXTERNAL_MATCH_FRAGMENTED,ROUTE_NO_EVALUABLE,DEPOSITO EN RICARDONE,2026-09-28T01:14:00,,2026-09-28T02:29:00,,,7,,,
11352878-f0e,11352878-f0e;466c786f-dc1,2,2026-09-27T23:21:05.964-03:00,2026-09-28T02:46:18.396-03:00,205,CAMARA,CAMARA,CAMARA,COMPROB_000404069435,2026-09-28,AA665VR,ACIDO CLORHIDRICO,ACIDO CLORHIDRICO,,,TERMINAL_EMBARQUE,INGRESO,I,10923,000404069435,000170013041,0,,26980,ACIDO CLORHIDRICO,,,,,TERMINAL_EMBARQUE,EXCEL_PLATFORM_PRODUCT,EXTERNAL_MATCH_FRAGMENTED,ROUTE_NO_EVALUABLE,,2026-09-27T23:25:00,,2026-09-28T02:44:00,,,2,,,
cb079e15-12e__cycle_2,cb079e15-12e__cycle_2;cb079e15-12e__cycle_3,2,2026-09-27T20:44:43.474-03:00,2026-09-28T10:34:14.425-03:00,830,CAMARA,CAMARA,CAMARA,CTG_10235335580,2026-09-28,AAE877,SOJA,SOJA,SILO_CHIEF_2,SILO CHIEF 2,RICARDONE,EGRESO,E,95817,000301069743,0000300057653,10235335580,,30440,SOJA,SILO_CHIEF_2,,R29,SILO_CHIEF_2,RICARDONE,EXCEL_PLATFORM_PRODUCT,EXTERNAL_MATCH_FRAGMENTED,ROUTE_NO_EVALUABLE,DEPOSITO EN RICARDONE,2026-09-28T01:28:00,,2026-09-28T02:38:00,,,2,,,
d883877a-c0e,d883877a-c0e;299e791b-1df;978f78cd-e11;7c1abbc0-1c8;00711dfa-90e;ba8bfa87-cac;396e3fb9-885,7,2026-09-27T18:20:12.022-03:00,2026-09-28T10:25:52.504-03:00,966,CAMARA,CAMARA,CAMARA,CTG_10235335581,2026-09-28,BVS300,SOJA,SOJA,SILO_CHIEF_2,SILO CHIEF 2,RICARDONE,EGRESO,E,95817,000301069744,0000300057654,10235335581,,29320,SOJA,SILO_CHIEF_2,,R29,SILO_CHIEF_2,RICARDONE,EXCEL_PLATFORM_PRODUCT,EXTERNAL_MATCH_FRAGMENTED,ROUTE_NO_EVALUABLE,DEPOSITO EN RICARDONE,2026-09-28T01:38:00,,2026-09-28T02:46:00,,,7,,,
bc9a70a7-4ee__cycle_2,bc9a70a7-4ee__cycle_2,1,2026-09-28T01:42:38.811-03:00,2026-09-28T10:32:26.662-03:00,530,CAMARA,CAMARA,CAMARA,CTG_10235335583,2026-09-28,UWX998,SOJA,SOJA,SILO_CHIEF_2,SILO CHIEF 2,RICARDONE,EGRESO,E,95817,000301069745,0000300057655,10235335583,,29260,SOJA,SILO_CHIEF_2,,R29,SILO_CHIEF_2,RICARDONE,EXCEL_PLATFORM_PRODUCT,EXTERNAL_MATCH_EXACT,ROUTE_NO_EVALUABLE,DEPOSITO EN RICARDONE,2026-09-28T01:40:00,,2026-09-28T02:55:00,,,1,,,
0a22e1fe-f82,0a22e1fe-f82;8ad39394-c81,2,2026-09-27T19:39:50.205-03:00,2026-09-28T03:10:31.297-03:00,451,CAMARA,CAMARA,CAMARA,CTG_10135310698,2026-09-28,IXP859,SOJA,SOJA,VOLCABLE_PTO_5,VOLCABLE PTO 5,TERMINAL_EMBARQUE,INGRESO,I,2000652,000404069438,0000000143687,10135310698,VIC584393270926,31240,SOJA,VOLCABLE_PTO_5,SAN_LORENZO_VOLCABLE,R7,VOLCABLE_PTO_5,TERMINAL_EMBARQUE,EXCEL_PLATFORM_PRODUCT,EXTERNAL_MATCH_FRAGMENTED,ROUTE_NO_EVALUABLE,"FAZON 2026, FAZON 2026",2026-09-27T19:40:00,2026-09-27T20:24:00,2026-09-28T03:08:00,,,2,,,
c34dd48e-888,c34dd48e-888;3c009e76-175;12bedfc5-380,3,2026-09-27T21:23:26.609-03:00,2026-09-28T10:00:04.886-03:00,757,CAMARA,CAMARA,CAMARA,COMPROB_000404069439,2026-09-28,SZG666,AGUA INDUSTRIAL,AGUA INDUSTRIAL,ACEITE_OSL,ACEITE OSL,TERMINAL_EMBARQUE,INGRESO,I,11529,000404069439,0001100019235,0,,26880,AGUA INDUSTRIAL,ACEITE_OSL,LIQUIDO,SL1,ACEITE_OSL,TERMINAL_EMBARQUE,EXCEL_PLATFORM_PRODUCT,EXTERNAL_MATCH_FRAGMENTED,ROUTE_NO_EVALUABLE,,2026-09-28T01:58:00,,2026-09-28T03:09:00,,,3,,,
9a06db62-3b5,9a06db62-3b5,1,2026-09-27T20:09:56.552-03:00,2026-09-27T20:48:23.557-03:00,38,CAMARA,CAMARA,CAMARA,CTG_10235307021,2026-09-28,AA346YI,SOJA,SOJA,VOLCABLE_PTO_5,VOLCABLE PTO 5,TERMINAL_EMBARQUE,INGRESO,I,2000651,000404069442,0003900015346,10235307021,VIC929875250926,35440,SOJA,VOLCABLE_PTO_5,SAN_LORENZO_VOLCABLE,R7,VOLCABLE_PTO_5,TERMINAL_EMBARQUE,EXCEL_PLATFORM_PRODUCT,EXTERNAL_MATCH_PROBABLE,ROUTE_NO_EVALUABLE,"FAZON 2026, FAZON 2026",2026-09-27T20:11:00,2026-09-27T20:31:00,2026-09-28T03:14:00,,,1,,,
da5a624f-710,da5a624f-710;63dba009-dae,2,2026-09-27T21:30:39.658-03:00,2026-09-28T03:22:00.093-03:00,351,CAMARA,CAMARA,CAMARA,CTG_10235325449,2026-09-28,AE931AA,SOJA,SOJA,VOLCABLE_PTO_3,VOLCABLE PTO 3,TERMINAL_EMBARQUE,INGRESO,I,2000655,000404069443,0000100026128,10235325449,VIC152047270926,34860,SOJA,VOLCABLE_PTO_3,SAN_LORENZO_VOLCABLE,R7,VOLCABLE_PTO_3,TERMINAL_EMBARQUE,EXCEL_PLATFORM_PRODUCT,EXTERNAL_MATCH_FRAGMENTED,ROUTE_NO_EVALUABLE,"FAZON 2026, FAZON 2026",2026-09-27T21:31:00,2026-09-27T22:48:00,2026-09-28T03:20:00,,,2,,,
33e4163e-8c7,33e4163e-8c7;4f2b8b2d-7e6,2,2026-09-27T20:58:21.464-03:00,2026-09-28T03:24:19.468-03:00,386,CAMARA,CAMARA,CAMARA,CTG_10135319285,2026-09-28,AG387SD,SOJA,SOJA,VOLCABLE_PTO_5,VOLCABLE PTO 5,TERMINAL_EMBARQUE,INGRESO,I,2000652,000404069444,0000100006564,10135319285,VIC704273260926,37160,SOJA,VOLCABLE_PTO_5,SAN_LORENZO_VOLCABLE,R7,VOLCABLE_PTO_5,TERMINAL_EMBARQUE,EXCEL_PLATFORM_PRODUCT,EXTERNAL_MATCH_FRAGMENTED,ROUTE_NO_EVALUABLE,"FAZON 2026, FAZON 2026",2026-09-27T20:59:00,2026-09-27T22:41:00,2026-09-28T03:21:00,,,2,,,
3ff1b2b5-b33__cycle_2,3ff1b2b5-b33__cycle_2,1,2026-09-27T21:39:25.768-03:00,2026-09-28T00:19:06.514-03:00,160,CAMARA,CAMARA,CAMARA,CTG_10235335584,2026-09-28,RGV982,SOJA,SOJA,SILO_CHIEF_2,SILO CHIEF 2,RICARDONE,EGRESO,E,95817,000301069746,0000300057656,10235335584,,27500,SOJA,SILO_CHIEF_2,,R29,SILO_CHIEF_2,RICARDONE,EXCEL_PLATFORM_PRODUCT,EXTERNAL_MATCH_PROBABLE,ROUTE_NO_DISCHARGE_POINT,DEPOSITO EN RICARDONE,2026-09-28T01:43:00,,2026-09-28T03:12:00,,,1,,,
44f9eb21-683,44f9eb21-683,1,2026-09-28T03:02:31.419-03:00,2026-09-28T03:24:30.778-03:00,22,CAMARA,CAMARA,CAMARA,CTG_10235328543,2026-09-28,ALQ011,GIRASOL,GIRASOL,VOLCABLE_1,VOLCABLE 1,RICARDONE,INGRESO,I,2000664,000301464861,0000100016196,10235328543,VIC011517280926,30300,GIRASOL,VOLCABLE_1,VOLCABLE,R5,VOLCABLE_1,RICARDONE,EXCEL_PLATFORM_PRODUCT,EXTERNAL_MATCH_EXACT,ROUTE_NO_EVALUABLE,"FASON GIRASOL, FASON GIRASOL",2026-09-28T00:05:00,2026-09-28T00:35:00,2026-09-28T03:26:00,,,1,,,
3ae10c32-91f,3ae10c32-91f;4c06dba8-326;68f2ee54-f0c,3,2026-09-27T19:45:17.666-03:00,2026-09-28T10:46:56.010-03:00,902,CAMARA,CAMARA,CAMARA,CTG_10235335586,2026-09-28,UUL425,SOJA,SOJA,SILO_CHIEF_2,SILO CHIEF 2,RICARDONE,EGRESO,E,95817,000301069747,0000300057657,10235335586,,28020,SOJA,SILO_CHIEF_2,,R29,SILO_CHIEF_2,RICARDONE,EXCEL_PLATFORM_PRODUCT,EXTERNAL_MATCH_FRAGMENTED,ROUTE_NO_EVALUABLE,DEPOSITO EN RICARDONE,2026-09-28T01:44:00,,2026-09-28T03:05:00,,,3,,,
65a20f60-62b,65a20f60-62b;af32cdd9-d21,2,2026-09-27T22:09:33.313-03:00,2026-09-28T03:31:10.440-03:00,322,CAMARA,CAMARA,CAMARA,CTG_10135327915,2026-09-28,AI526KD,SOJA,SOJA,VOLCABLE_PTO_3,VOLCABLE PTO 3,TERMINAL_EMBARQUE,INGRESO,I,2000655,000404069445,0000000000628,10135327915,VIC779949270926,33520,SOJA,VOLCABLE_PTO_3,SAN_LORENZO_VOLCABLE,R7,VOLCABLE_PTO_3,TERMINAL_EMBARQUE,EXCEL_PLATFORM_PRODUCT,EXTERNAL_MATCH_FRAGMENTED,ROUTE_NO_EVALUABLE,"FAZON 2026, FAZON 2026",2026-09-27T22:11:00,2026-09-27T22:58:00,2026-09-28T03:28:00,,,2,,,
414ee212-0d6,414ee212-0d6,1,2026-09-27T21:54:14.460-03:00,2026-09-28T02:50:17.069-03:00,296,CAMARA,CAMARA,CAMARA,CTG_10135334148,2026-09-28,HMP345,SOJA,SOJA,VOLCABLE_PTO_5,VOLCABLE PTO 5,TERMINAL_EMBARQUE,INGRESO,I,2000655,000404069446,0000000000098,10135334148,VIC495211270926,30980,SOJA,VOLCABLE_PTO_5,SAN_LORENZO_VOLCABLE,R7,VOLCABLE_PTO_5,TERMINAL_EMBARQUE,EXCEL_PLATFORM_PRODUCT,EXTERNAL_MATCH_EXACT,ROUTE_NO_EVALUABLE,"FAZON 2026, FAZON 2026",2026-09-27T21:55:00,2026-09-27T22:51:00,2026-09-28T03:30:00,,,1,,,
95be749a-2be,95be749a-2be;9a7b4a10-4b4,2,2026-09-27T20:53:20.007-03:00,2026-09-28T03:37:27.751-03:00,404,CAMARA,CAMARA,CAMARA,CTG_10135315470,2026-09-28,AI381IP,SOJA,SOJA,VOLCABLE_PTO_3,VOLCABLE PTO 3,TERMINAL_EMBARQUE,INGRESO,I,2000652,000404069447,0000000001179,10135315470,VIC838484270926,35480,SOJA,VOLCABLE_PTO_3,SAN_LORENZO_VOLCABLE,R7,VOLCABLE_PTO_3,TERMINAL_EMBARQUE,EXCEL_PLATFORM_PRODUCT,EXTERNAL_MATCH_FRAGMENTED,ROUTE_NO_EVALUABLE,"FAZON 2026, FAZON 2026",2026-09-27T20:54:00,2026-09-27T23:05:00,2026-09-28T03:35:00,,,2,,,
d76646f1-33e,d76646f1-33e;622300db-fc0;95cada1a-1ba;e95e801e-7c2;f8e79220-e6b;94649616-ee2,6,2026-09-27T21:09:27.503-03:00,2026-09-28T10:39:30.992-03:00,810,CAMARA,CAMARA,CAMARA,CTG_10235335587,2026-09-28,EEW075,SOJA,SOJA,SILO_CHIEF_2,SILO CHIEF 2,RICARDONE,EGRESO,E,95817,000301069748,0000300057658,10235335587,,27600,SOJA,SILO_CHIEF_2,,R29,SILO_CHIEF_2,RICARDONE,EXCEL_PLATFORM_PRODUCT,EXTERNAL_MATCH_FRAGMENTED,ROUTE_NO_EVALUABLE,DEPOSITO EN RICARDONE,2026-09-28T01:47:00,,2026-09-28T03:22:00,,,6,,,
46e81906-beb,46e81906-beb;29e9c213-b23,2,2026-09-27T22:26:20.172-03:00,2026-09-28T03:39:11.233-03:00,313,CAMARA,CAMARA,CAMARA,CTG_10135334048,2026-09-28,BYZ572,SOJA,SOJA,VOLCABLE_PTO_5,VOLCABLE PTO 5,TERMINAL_EMBARQUE,INGRESO,I,2000655,000404069448,0000000000097,10135334048,VIC266723270926,29540,SOJA,VOLCABLE_PTO_5,SAN_LORENZO_VOLCABLE,R7,VOLCABLE_PTO_5,TERMINAL_EMBARQUE,EXCEL_PLATFORM_PRODUCT,EXTERNAL_MATCH_FRAGMENTED,ROUTE_NO_EVALUABLE,"FAZON 2026, FAZON 2026",2026-09-27T22:28:00,2026-09-27T23:01:00,2026-09-28T03:36:00,,,2,,,
e38a2866-7b6__cycle_2,e38a2866-7b6__cycle_2,1,2026-09-28T01:47:24.576-03:00,2026-09-28T10:42:07.054-03:00,535,CAMARA,CAMARA,CAMARA,CTG_10235335588,2026-09-28,CIE516,SOJA,SOJA,SILO_CHIEF_2,SILO CHIEF 2,RICARDONE,EGRESO,E,95817,000301069749,0000300057659,10235335588,,29140,SOJA,SILO_CHIEF_2,,R29,SILO_CHIEF_2,RICARDONE,EXCEL_PLATFORM_PRODUCT,EXTERNAL_MATCH_EXACT,ROUTE_NO_DISCHARGE_POINT,DEPOSITO EN RICARDONE,2026-09-28T01:48:00,,2026-09-28T03:33:00,,,1,,,
520aea5c-50a,520aea5c-50a;9a5edab8-d48,2,2026-09-27T22:05:54.180-03:00,2026-09-28T03:42:13.706-03:00,336,CAMARA,CAMARA,CAMARA,CTG_10135331330,2026-09-28,XDS028,SOJA,SOJA,VOLCABLE_PTO_3,VOLCABLE PTO 3,TERMINAL_EMBARQUE,INGRESO,I,2000655,000404069449,0000000000319,10135331330,VIC809999280926,29560,SOJA,VOLCABLE_PTO_3,SAN_LORENZO_VOLCABLE,R7,VOLCABLE_PTO_3,TERMINAL_EMBARQUE,EXCEL_PLATFORM_PRODUCT,EXTERNAL_MATCH_FRAGMENTED,ROUTE_NO_EVALUABLE,"FAZON 2026, FAZON 2026",2026-09-27T22:07:00,2026-09-27T22:53:00,2026-09-28T03:41:00,,,2,,,
28ccdcaa-091,28ccdcaa-091;044e4a0e-035,2,2026-09-27T23:25:51.740-03:00,2026-09-28T03:55:33.105-03:00,270,CAMARA,CAMARA,CAMARA,CTG_10135319641,2026-09-28,AI097YF,SOJA,SOJA,VOLCABLE_PTO_5,VOLCABLE PTO 5,TERMINAL_EMBARQUE,INGRESO,I,2000655,000404069453,0000000000048,10135319641,VIC933295270926,35300,SOJA,VOLCABLE_PTO_5,SAN_LORENZO_VOLCABLE,R7,VOLCABLE_PTO_5,TERMINAL_EMBARQUE,EXCEL_PLATFORM_PRODUCT,EXTERNAL_MATCH_FRAGMENTED,ROUTE_NO_EVALUABLE,"FAZON 2026, FAZON 2026",2026-09-27T23:28:00,2026-09-27T23:37:00,2026-09-28T03:53:00,,,2,,,
32624fe1-abf,32624fe1-abf,1,2026-09-27T21:18:30.973-03:00,2026-09-28T03:58:24.094-03:00,400,CAMARA,CAMARA,CAMARA,CTG_10135320821,2026-09-28,FFZ696,SOJA,SOJA,VOLCABLE_PTO_5,VOLCABLE PTO 5,TERMINAL_EMBARQUE,INGRESO,I,2000655,000404069454,0000000001509,10135320821,VIC575219270926,30980,SOJA,VOLCABLE_PTO_5,SAN_LORENZO_VOLCABLE,R7,VOLCABLE_PTO_5,TERMINAL_EMBARQUE,EXCEL_PLATFORM_PRODUCT,EXTERNAL_MATCH_EXACT,ROUTE_NO_DISCHARGE_POINT,"FAZON 2026, FAZON 2026",2026-09-27T21:19:00,2026-09-27T22:45:00,2026-09-28T03:55:00,,,1,,,
fc08ac10-b16,fc08ac10-b16;19a9f00d-45a,2,2026-09-27T23:32:33.363-03:00,2026-09-28T03:59:50.888-03:00,267,CAMARA,CAMARA,CAMARA,CTG_10135331352,2026-09-28,AC293WB,SOJA,SOJA,VOLCABLE_PTO_5,VOLCABLE PTO 5,TERMINAL_EMBARQUE,INGRESO,I,2000655,000404069455,0000000003150,10135331352,VIC309078280926,35060,SOJA,VOLCABLE_PTO_5,SAN_LORENZO_VOLCABLE,R7,VOLCABLE_PTO_5,TERMINAL_EMBARQUE,EXCEL_PLATFORM_PRODUCT,EXTERNAL_MATCH_FRAGMENTED,ROUTE_NO_EVALUABLE,"FAZON 2026, FAZON 2026",2026-09-27T23:33:00,2026-09-28T00:16:00,2026-09-28T03:58:00,,,2,,,
74f70c46-c21,74f70c46-c21;11f8ebbc-d62;9f8dcb61-195;243994a4-a12;e46008c3-91e,5,2026-09-27T17:28:05.439-03:00,2026-09-28T05:26:44.906-03:00,719,CAMARA,CAMARA,CAMARA,CTG_10235335594,2026-09-28,OYX549,SOJA,SOJA,SILO_CHIEF_2,SILO CHIEF 2,RICARDONE,EGRESO,E,95817,000301069750,0000300057660,10235335594,,30060,SOJA,SILO_CHIEF_2,,R29,SILO_CHIEF_2,RICARDONE,EXCEL_PLATFORM_PRODUCT,EXTERNAL_MATCH_FRAGMENTED,ROUTE_NO_EVALUABLE,DEPOSITO EN RICARDONE,2026-09-28T02:04:00,,2026-09-28T03:44:00,,,5,,,
f9c21337-367,f9c21337-367;c8a7d8bd-787__cycle_1;c8a7d8bd-787__cycle_2;037292e1-783;819a3e78-aa8,5,2026-09-27T18:16:41.996-03:00,2026-09-28T10:55:00.363-03:00,998,CAMARA,CAMARA,CAMARA,CTG_10235335595,2026-09-28,RQC013,SOJA,SOJA,SILO_CHIEF_2,SILO CHIEF 2,RICARDONE,EGRESO,E,95817,000301069751,0000300057661,10235335595,,28760,SOJA,SILO_CHIEF_2,,R29,SILO_CHIEF_2,RICARDONE,EXCEL_PLATFORM_PRODUCT,EXTERNAL_MATCH_FRAGMENTED,ROUTE_NO_EVALUABLE,DEPOSITO EN RICARDONE,2026-09-28T02:05:00,,2026-09-28T03:53:00,,,5,,,
67f8aa8f-ef9,67f8aa8f-ef9,1,2026-09-27T22:36:57.809-03:00,2026-09-28T03:08:05.715-03:00,271,CAMARA,CAMARA,CAMARA,CTG_10235311100,2026-09-28,EFE548,SOJA,SOJA,VOLCABLE_PTO_3,VOLCABLE PTO 3,TERMINAL_EMBARQUE,INGRESO,I,2000655,000404069456,0000000005893,10235311100,VIC420501270926,30580,SOJA,VOLCABLE_PTO_3,SAN_LORENZO_VOLCABLE,R7,VOLCABLE_PTO_3,TERMINAL_EMBARQUE,EXCEL_PLATFORM_PRODUCT,EXTERNAL_MATCH_EXACT,ROUTE_NO_DISCHARGE_POINT,"FAZON 2026, FAZON 2026",2026-09-27T22:38:00,2026-09-27T23:07:00,2026-09-28T03:59:00,,,1,,,
92e18bcf-8fc,92e18bcf-8fc;5e4a647c-3db;97b17b20-55a;688d3e40-6a8;0496fd2a-962;cb814270-9a0;f9bef420-2a4;a0592f2a-799,8,2026-09-27T18:34:09.896-03:00,2026-09-28T11:00:16.652-03:00,986,CAMARA,CAMARA,CAMARA,CTG_10235335598,2026-09-28,EVL273,SOJA,SOJA,SILO_CHIEF_2,SILO CHIEF 2,RICARDONE,EGRESO,E,95817,000301069752,0000300057662,10235335598,,28080,SOJA,SILO_CHIEF_2,,R29,SILO_CHIEF_2,RICARDONE,EXCEL_PLATFORM_PRODUCT,EXTERNAL_MATCH_FRAGMENTED,ROUTE_NO_EVALUABLE,DEPOSITO EN RICARDONE,2026-09-28T02:06:00,,2026-09-28T04:06:00,,,8,,,
f130f52e-bd4,f130f52e-bd4;3266d7ef-254,2,2026-09-27T23:31:54.481-03:00,2026-09-28T04:26:45.422-03:00,295,CAMARA,CAMARA,CAMARA,CTG_10135318877,2026-09-28,AE236VL,SOJA,SOJA,VOLCABLE_PTO_3,VOLCABLE PTO 3,TERMINAL_EMBARQUE,INGRESO,I,2000652,000404069459,0000000006807,10135318877,VIC815840280926,30440,SOJA,VOLCABLE_PTO_3,SAN_LORENZO_VOLCABLE,R7,VOLCABLE_PTO_3,TERMINAL_EMBARQUE,EXCEL_PLATFORM_PRODUCT,EXTERNAL_MATCH_FRAGMENTED,ROUTE_NO_EVALUABLE,"FAZON 2026, FAZON 2026",2026-09-27T23:33:00,2026-09-28T00:15:00,2026-09-28T04:25:00,,,2,,,
d46b7f6d-423,d46b7f6d-423,1,2026-09-28T04:14:19.912-03:00,2026-09-28T08:59:11.410-03:00,285,CAMARA,CAMARA,CAMARA,CTG_10235335601,2026-09-28,VHL423,SOJA,SOJA,SILO_CHIEF_2,SILO CHIEF 2,RICARDONE,EGRESO,E,95817,000301069753,0000300057663,10235335601,,30360,SOJA,SILO_CHIEF_2,,R29,SILO_CHIEF_2,RICARDONE,EXCEL_PLATFORM_PRODUCT,EXTERNAL_MATCH_EXACT,ROUTE_NO_DISCHARGE_POINT,DEPOSITO EN RICARDONE,2026-09-28T02:19:00,,2026-09-28T04:15:00,,,1,,,
83f4e6c1-772,83f4e6c1-772;3c68bb21-ebd,2,2026-09-27T23:52:22.553-03:00,2026-09-28T04:32:50.670-03:00,280,CAMARA,CAMARA,CAMARA,CTG_10135332128,2026-09-28,MXC915,SOJA,SOJA,VOLCABLE_PTO_3,VOLCABLE PTO 3,TERMINAL_EMBARQUE,INGRESO,I,2000655,000404069460,0000000000091,10135332128,VIC839146270926,36560,SOJA,VOLCABLE_PTO_3,SAN_LORENZO_VOLCABLE,R7,VOLCABLE_PTO_3,TERMINAL_EMBARQUE,EXCEL_PLATFORM_PRODUCT,EXTERNAL_MATCH_FRAGMENTED,ROUTE_NO_EVALUABLE,"FAZON 2026, FAZON 2026",2026-09-27T23:53:00,2026-09-28T00:21:00,2026-09-28T04:30:00,,,2,,,
049f74f7-2f1,049f74f7-2f1,1,2026-09-27T23:43:23.560-03:00,2026-09-28T00:29:19.157-03:00,46,CAMARA,CAMARA,CAMARA,CTG_10235311770,2026-09-28,WVL113,SOJA,SOJA,VOLCABLE_PTO_5,VOLCABLE PTO 5,TERMINAL_EMBARQUE,INGRESO,I,2000655,000404069461,0000000005896,10235311770,VIC936426270926,29500,SOJA,VOLCABLE_PTO_5,SAN_LORENZO_VOLCABLE,R7,VOLCABLE_PTO_5,TERMINAL_EMBARQUE,EXCEL_PLATFORM_PRODUCT,EXTERNAL_MATCH_PROBABLE,ROUTE_NO_EVALUABLE,"FAZON 2026, FAZON 2026",2026-09-27T23:44:00,2026-09-28T00:20:00,2026-09-28T04:32:00,,,1,,,
8aad61c8-61c,8aad61c8-61c;429c3a71-8f4__cycle_2,2,2026-09-27T17:13:16.430-03:00,2026-09-28T11:40:58.456-03:00,1108,CAMARA,CAMARA,CAMARA,CTG_10235335602,2026-09-28,VJG112,SOJA,SOJA,SILO_CHIEF_2,SILO CHIEF 2,RICARDONE,EGRESO,E,95817,000301069754,0000300057664,10235335602,,29440,SOJA,SILO_CHIEF_2,,R29,SILO_CHIEF_2,RICARDONE,EXCEL_PLATFORM_PRODUCT,EXTERNAL_MATCH_FRAGMENTED,ROUTE_NO_EVALUABLE,DEPOSITO EN RICARDONE,2026-09-28T02:21:00,,2026-09-28T04:24:00,,,2,,,
7ff849ca-1b9,7ff849ca-1b9;abb212d8-b7e,2,2026-09-27T18:44:44.975-03:00,2026-09-28T11:16:40.256-03:00,992,CAMARA,CAMARA,CAMARA,CTG_10235335603,2026-09-28,CGV979,SOJA,SOJA,SILO_CHIEF_2,SILO CHIEF 2,RICARDONE,EGRESO,E,95817,000301069755,0000300057665,10235335603,,28700,SOJA,SILO_CHIEF_2,,R29,SILO_CHIEF_2,RICARDONE,EXCEL_PLATFORM_PRODUCT,EXTERNAL_MATCH_FRAGMENTED,ROUTE_NO_EVALUABLE,DEPOSITO EN RICARDONE,2026-09-28T02:22:00,,2026-09-28T04:29:00,,,2,,,
4e57c9f3-51b,4e57c9f3-51b;68fd5311-9a8,2,2026-09-27T22:32:29.312-03:00,2026-09-28T04:54:21.449-03:00,382,CAMARA,CAMARA,CAMARA,CTG_10135315868,2026-09-28,JMO216,SOJA,SOJA,VOLCABLE_PTO_3,VOLCABLE PTO 3,TERMINAL_EMBARQUE,INGRESO,I,2000652,000404069465,0000100000373,10135315868,VIC792897270926,31180,SOJA,VOLCABLE_PTO_3,SAN_LORENZO_VOLCABLE,R7,VOLCABLE_PTO_3,TERMINAL_EMBARQUE,EXCEL_PLATFORM_PRODUCT,EXTERNAL_MATCH_FRAGMENTED,ROUTE_NO_EVALUABLE,"FAZON 2026, FAZON 2026",2026-09-27T22:33:00,2026-09-27T23:04:00,2026-09-28T04:53:00,,,2,,,
31454034-c36,31454034-c36;a837fc95-d34,2,2026-09-28T00:03:59.314-03:00,2026-09-28T04:56:35.183-03:00,293,CAMARA,CAMARA,CAMARA,CTG_10235325441,2026-09-28,BFL279,SOJA,SOJA,VOLCABLE_PTO_3,VOLCABLE PTO 3,TERMINAL_EMBARQUE,INGRESO,I,2000652,000404069466,0000000004587,10235325441,VIC105992280926,30720,SOJA,VOLCABLE_PTO_3,SAN_LORENZO_VOLCABLE,R7,VOLCABLE_PTO_3,TERMINAL_EMBARQUE,EXCEL_PLATFORM_PRODUCT,EXTERNAL_MATCH_FRAGMENTED,ROUTE_NO_EVALUABLE,"FAZON 2026, FAZON 2026",2026-09-28T00:05:00,2026-09-28T00:26:00,2026-09-28T04:55:00,,,2,,,
6a35165a-df8,6a35165a-df8;e1a2a263-38e;bdfeb774-498;24f62933-ad3;5b4d21de-14e;8e478bbb-25c;67f071e7-4f3;aaf641c7-982,8,2026-09-27T19:56:47.547-03:00,2026-09-28T11:20:01.776-03:00,923,CAMARA,CAMARA,CAMARA,CTG_10235335626,2026-09-28,DFP716,SOJA,SOJA,SILO_CHIEF_2,SILO CHIEF 2,RICARDONE,EGRESO,E,95817,000301069756,0000300057666,10235335626,,28160,SOJA,SILO_CHIEF_2,,R29,SILO_CHIEF_2,RICARDONE,EXCEL_PLATFORM_PRODUCT,EXTERNAL_MATCH_FRAGMENTED,ROUTE_NO_EVALUABLE,DEPOSITO EN RICARDONE,2026-09-28T02:23:00,,2026-09-28T04:38:00,,,8,,,
50e75595-024,50e75595-024;7a3a4759-967;483b5a26-fe8;21c45015-b5d;0e9f19e9-e20;3228a0b2-879;e73c5ce2-f11;a494bb7c-06a,8,2026-09-27T19:08:17.615-03:00,2026-09-28T11:49:31.123-03:00,1001,CAMARA,CAMARA,CAMARA,CTG_10235335627,2026-09-28,EYH843,SOJA,SOJA,SILO_CHIEF_2,SILO CHIEF 2,RICARDONE,EGRESO,E,95817,000301069757,0000300057667,10235335627,,29140,SOJA,SILO_CHIEF_2,,R29,SILO_CHIEF_2,RICARDONE,EXCEL_PLATFORM_PRODUCT,EXTERNAL_MATCH_FRAGMENTED,ROUTE_NO_EVALUABLE,DEPOSITO EN RICARDONE,2026-09-28T02:32:00,,2026-09-28T04:46:00,,,8,,,
435eb8c4-077,435eb8c4-077;10e1e571-141;799be0b1-d36;dc3ac47c-9e0;a9357859-709,5,2026-09-27T19:54:47.857-03:00,2026-09-28T09:49:18.267-03:00,835,CAMARA,CAMARA,CAMARA,CTG_10235335628,2026-09-28,UPW705,SOJA,SOJA,SILO_CHIEF_2,SILO CHIEF 2,RICARDONE,EGRESO,E,95817,000301069758,0000300057668,10235335628,,28080,SOJA,SILO_CHIEF_2,,R29,SILO_CHIEF_2,RICARDONE,EXCEL_PLATFORM_PRODUCT,EXTERNAL_MATCH_FRAGMENTED,ROUTE_NO_EVALUABLE,DEPOSITO EN RICARDONE,2026-09-28T02:56:00,,2026-09-28T04:56:00,,,5,,,
53243777-e31,53243777-e31;13a1fc8a-1ea;6e59884b-dfc;ad10a50c-c54;4c0f9ab1-98b;bcdf4379-b32,6,2026-09-27T20:20:54.832-03:00,2026-09-28T09:55:00.164-03:00,814,CAMARA,CAMARA,CAMARA,CTG_10235335629,2026-09-28,RXV065,SOJA,SOJA,SILO_CHIEF_2,SILO CHIEF 2,RICARDONE,EGRESO,E,95817,000301069759,0000300057669,10235335629,,28660,SOJA,SILO_CHIEF_2,,R29,SILO_CHIEF_2,RICARDONE,EXCEL_PLATFORM_PRODUCT,EXTERNAL_MATCH_FRAGMENTED,ROUTE_NO_EVALUABLE,DEPOSITO EN RICARDONE,2026-09-28T02:56:00,,2026-09-28T05:03:00,,,6,,,
27a87801-b98__cycle_2,27a87801-b98__cycle_2;93b189d5-7a9;7f74ab7b-b20;42dff7aa-b02;e5743fd3-945;9676930e-970,6,2026-09-27T19:57:16.986-03:00,2026-09-28T12:19:30.638-03:00,982,CAMARA,CAMARA,CAMARA,CTG_10235335636,2026-09-28,RAW481,SOJA,SOJA,SILO_CHIEF_2,SILO CHIEF 2,RICARDONE,EGRESO,E,95817,000301069760,0000300057670,10235335636,,31240,SOJA,SILO_CHIEF_2,,R29,SILO_CHIEF_2,RICARDONE,EXCEL_PLATFORM_PRODUCT,EXTERNAL_MATCH_FRAGMENTED,ROUTE_NO_EVALUABLE,DEPOSITO EN RICARDONE,2026-09-28T03:07:00,,2026-09-28T05:21:00,,,6,,,
fa0bdedd-730,fa0bdedd-730;5c22e4c5-ebb;30705ca6-16f;50870c34-6d1;86b28549-d0a;27ceef3a-2ca,6,2026-09-27T20:35:50.883-03:00,2026-09-28T11:17:39.815-03:00,882,CAMARA,CAMARA,CAMARA,CTG_10235335637,2026-09-28,GES056,SOJA,SOJA,SILO_CHIEF_2,SILO CHIEF 2,RICARDONE,EGRESO,E,95817,000301069761,0000300057671,10235335637,,28220,SOJA,SILO_CHIEF_2,,R29,SILO_CHIEF_2,RICARDONE,EXCEL_PLATFORM_PRODUCT,EXTERNAL_MATCH_FRAGMENTED,ROUTE_NO_EVALUABLE,DEPOSITO EN RICARDONE,2026-09-28T03:11:00,,2026-09-28T05:22:00,,,6,,,
764c9fe2-f82,764c9fe2-f82;2c484315-dd3;b90cada8-694;8420d3c3-958;a6998baf-ffe,5,2026-09-27T20:46:41.665-03:00,2026-09-28T11:42:00.860-03:00,895,CAMARA,CAMARA,CAMARA,CTG_10235335640,2026-09-28,TAC436,SOJA,SOJA,SILO_CHIEF_2,SILO CHIEF 2,RICARDONE,EGRESO,E,95817,000301069762,0000300057672,10235335640,,31420,SOJA,SILO_CHIEF_2,,R29,SILO_CHIEF_2,RICARDONE,EXCEL_PLATFORM_PRODUCT,EXTERNAL_MATCH_FRAGMENTED,ROUTE_NO_EVALUABLE,DEPOSITO EN RICARDONE,2026-09-28T03:27:00,,2026-09-28T05:31:00,,,5,,,
134e9a91-9f5,134e9a91-9f5,1,2026-09-28T00:42:16.023-03:00,2026-09-28T05:52:58.898-03:00,311,CAMARA,CAMARA,CAMARA,CTG_10235313292,2026-09-28,PFV072,GIRASOL,GIRASOL,VOLCABLE_1,VOLCABLE 1,RICARDONE,INGRESO,I,2000640,000301464863,0240000005022,10235313292,VIC065569280926,30820,GIRASOL,VOLCABLE_1,VOLCABLE,R5,VOLCABLE_1,RICARDONE,EXCEL_PLATFORM_PRODUCT,EXTERNAL_MATCH_EXACT,ROUTE_NO_EVALUABLE,"FAZON 2026, FAZON 2026",2026-09-28T00:43:00,2026-09-28T05:22:00,2026-09-28T05:54:00,,,1,,,
afc8908a-d79,afc8908a-d79,1,2026-09-28T04:43:48.721-03:00,2026-09-28T05:58:02.953-03:00,74,CAMARA,CAMARA,CAMARA,CTG_10135315314,2026-09-28,AD302YL,SOJA,SOJA,VOLCABLE_PTO_3,VOLCABLE PTO 3,TERMINAL_EMBARQUE,INGRESO,I,2000652,000404069475,0000100000369,10135315314,VIC470708270926,37200,SOJA,VOLCABLE_PTO_3,SAN_LORENZO_VOLCABLE,R7,VOLCABLE_PTO_3,TERMINAL_EMBARQUE,EXCEL_PLATFORM_PRODUCT,EXTERNAL_MATCH_EXACT,ROUTE_NO_EVALUABLE,"FAZON 2026, FAZON 2026",2026-09-28T00:51:00,2026-09-28T04:47:00,2026-09-28T05:56:00,,,1,,,
de46a219-4f2,de46a219-4f2;848614c4-f32;3beaefb6-946;851be1be-904;97adf270-0df;2fb2d0d5-1f7;d33b0060-e9b;df0d8c45-6b8,8,2026-09-27T20:48:20.521-03:00,2026-09-28T11:52:49.776-03:00,904,CAMARA,CAMARA,CAMARA,CTG_10235335651,2026-09-28,UKL882,SOJA,SOJA,SILO_CHIEF_2,SILO CHIEF 2,RICARDONE,EGRESO,E,95817,000301069763,0000300057673,10235335651,,29860,SOJA,SILO_CHIEF_2,,R29,SILO_CHIEF_2,RICARDONE,EXCEL_PLATFORM_PRODUCT,EXTERNAL_MATCH_FRAGMENTED,ROUTE_NO_EVALUABLE,DEPOSITO EN RICARDONE,2026-09-28T04:05:00,,2026-09-28T05:49:00,,,8,,,
937c94fc-bf6,937c94fc-bf6;411b4adf-1ea,2,2026-09-28T00:32:48.695-03:00,2026-09-28T06:11:34.518-03:00,339,CAMARA,CAMARA,CAMARA,CTG_10235324382,2026-09-28,AI054HW,SOJA,SOJA,VOLCABLE_PTO_3,VOLCABLE PTO 3,TERMINAL_EMBARQUE,INGRESO,I,2000651,000404069478,0004600009525,10235324382,VIC772928270926,36540,SOJA,VOLCABLE_PTO_3,SAN_LORENZO_VOLCABLE,R7,VOLCABLE_PTO_3,TERMINAL_EMBARQUE,EXCEL_PLATFORM_PRODUCT,EXTERNAL_MATCH_FRAGMENTED,ROUTE_NO_EVALUABLE,"FAZON 2026, FAZON 2026",2026-09-28T00:34:00,2026-09-28T04:40:00,2026-09-28T06:09:00,,,2,,,
d92dee28-706,d92dee28-706;e214a153-b1e,2,2026-09-28T01:10:15.963-03:00,2026-09-28T06:14:14.342-03:00,304,CAMARA,CAMARA,CAMARA,CTG_10135332281,2026-09-28,AH960KL,SOJA,SOJA,VOLCABLE_PTO_3,VOLCABLE PTO 3,TERMINAL_EMBARQUE,INGRESO,I,2000655,000404069479,0000000000557,10135332281,VIC765237280926,33800,SOJA,VOLCABLE_PTO_3,SAN_LORENZO_VOLCABLE,R7,VOLCABLE_PTO_3,TERMINAL_EMBARQUE,EXCEL_PLATFORM_PRODUCT,EXTERNAL_MATCH_FRAGMENTED,ROUTE_NO_EVALUABLE,"FAZON 2026, FAZON 2026",2026-09-28T01:11:00,2026-09-28T04:45:00,2026-09-28T06:12:00,,,2,,,
52af0600-ce5,52af0600-ce5;114ef1cc-dff,2,2026-09-28T01:20:19.199-03:00,2026-09-28T06:20:19.087-03:00,300,CAMARA,CAMARA,CAMARA,CTG_10235317845,2026-09-28,LII252,SOJA,SOJA,VOLCABLE_PTO_3,VOLCABLE PTO 3,TERMINAL_EMBARQUE,INGRESO,I,2000655,000404069480,0000100018417,10235317845,VIC290233270926,35540,SOJA,VOLCABLE_PTO_3,SAN_LORENZO_VOLCABLE,R7,VOLCABLE_PTO_3,TERMINAL_EMBARQUE,EXCEL_PLATFORM_PRODUCT,EXTERNAL_MATCH_FRAGMENTED,ROUTE_NO_EVALUABLE,"FAZON 2026, FAZON 2026",2026-09-28T01:21:00,2026-09-28T04:48:00,2026-09-28T06:18:00,,,2,,,
299e791b-1df,299e791b-1df;978f78cd-e11;7c1abbc0-1c8;00711dfa-90e;ba8bfa87-cac;396e3fb9-885;cd004f2c-2e3;1cdd93ce-ae7;1beb8b67-2fe,9,2026-09-27T21:08:00.537-03:00,2026-09-28T13:27:34.647-03:00,980,CAMARA,CAMARA,CAMARA,CTG_10235335675,2026-09-28,BVS300,SOJA,SOJA,SILO_CHIEF_2,SILO CHIEF 2,RICARDONE,EGRESO,E,95817,000301069764,0000300057674,10235335675,,29180,SOJA,SILO_CHIEF_2,,R29,SILO_CHIEF_2,RICARDONE,EXCEL_PLATFORM_PRODUCT,EXTERNAL_MATCH_FRAGMENTED,ROUTE_NO_EVALUABLE,DEPOSITO EN RICARDONE,2026-09-28T04:30:00,,2026-09-28T06:11:00,,,9,,,
bbe7eafd-936,bbe7eafd-936;4810c672-cd7,2,2026-09-28T04:34:20.829-03:00,2026-09-28T06:29:13.141-03:00,115,CAMARA,CAMARA,CAMARA,CTG_10235318653,2026-09-28,BCD343,SOJA,SOJA,VOLCABLE_PTO_3,VOLCABLE PTO 3,TERMINAL_EMBARQUE,INGRESO,I,2000655,000404069481,0000100018419,10235318653,VIC399055270926,30100,SOJA,VOLCABLE_PTO_3,SAN_LORENZO_VOLCABLE,R7,VOLCABLE_PTO_3,TERMINAL_EMBARQUE,EXCEL_PLATFORM_PRODUCT,EXTERNAL_MATCH_FRAGMENTED,ROUTE_NO_EVALUABLE,"FAZON 2026, FAZON 2026",2026-09-28T00:46:00,2026-09-28T04:44:00,2026-09-28T06:27:00,,,2,,,
cb079e15-12e__cycle_3,cb079e15-12e__cycle_3;2c22168b-4af;fca32ca3-8ef,3,2026-09-28T01:27:23.943-03:00,2026-09-28T12:35:44.191-03:00,668,CAMARA,CAMARA,CAMARA,CTG_10235335687,2026-09-28,AAE877,SOJA,SOJA,SILO_CHIEF_2,SILO CHIEF 2,RICARDONE,EGRESO,E,95817,000301069765,0000300057675,10235335687,,30340,SOJA,SILO_CHIEF_2,,R29,SILO_CHIEF_2,RICARDONE,EXCEL_PLATFORM_PRODUCT,EXTERNAL_MATCH_FRAGMENTED,ROUTE_NO_EVALUABLE,DEPOSITO EN RICARDONE,2026-09-28T04:18:00,,2026-09-28T06:19:00,,,3,,,
bab46011-eb0,bab46011-eb0;3d670b25-786;8cc4088c-8c7,3,2026-09-28T07:25:48.698-03:00,2026-09-28T10:39:17.826-03:00,193,CAMARA,CAMARA,CAMARA,COMPROB_000400422743,2026-09-28,AA703FC,SAL GLICERINOSA,SAL GLICERINOSA,,,TERMINAL_EMBARQUE,EGRESO,E,11031,000400422743,,0,,2980,SAL GLICERINOSA,,,,,TERMINAL_EMBARQUE,EXCEL_PLATFORM_PRODUCT,EXTERNAL_MATCH_FRAGMENTED,ROUTE_NO_EVALUABLE,,2026-09-26T11:05:00,,2026-09-28T06:36:00,,,3,,,
bc9a70a7-4ee__cycle_2,bc9a70a7-4ee__cycle_2;99295bc9-590;f6f03176-004;b614f9a1-c07,4,2026-09-28T01:42:38.811-03:00,2026-09-28T13:32:07.916-03:00,709,CAMARA,CAMARA,CAMARA,CTG_10235335693,2026-09-28,UWX998,SOJA,SOJA,SILO_CHIEF_2,SILO CHIEF 2,RICARDONE,EGRESO,E,95817,000301069766,0000300057676,10235335693,,28920,SOJA,SILO_CHIEF_2,,R29,SILO_CHIEF_2,RICARDONE,EXCEL_PLATFORM_PRODUCT,EXTERNAL_MATCH_FRAGMENTED,ROUTE_NO_EVALUABLE,DEPOSITO EN RICARDONE,2026-09-28T04:48:00,,2026-09-28T06:25:00,,,4,,,
a6d4f9e8-0bc,a6d4f9e8-0bc,1,2026-09-28T01:48:16.659-03:00,2026-09-28T07:25:54.189-03:00,338,CAMARA,CAMARA,CAMARA,CTG_10235324219,2026-09-28,AA634SH,SOJA,SOJA,VOLCABLE_PTO_3,VOLCABLE PTO 3,TERMINAL_EMBARQUE,INGRESO,I,2000655,000404069483,0000100006783,10235324219,VIC054583280926,29060,SOJA,VOLCABLE_PTO_3,SAN_LORENZO_VOLCABLE,R7,VOLCABLE_PTO_3,TERMINAL_EMBARQUE,EXCEL_PLATFORM_PRODUCT,EXTERNAL_MATCH_EXACT,ROUTE_NO_DISCHARGE_POINT,"FAZON 2026, FAZON 2026",2026-09-28T01:49:00,2026-09-28T04:53:00,2026-09-28T07:23:00,,,1,,,
399ed869-889__cycle_2,399ed869-889__cycle_2,1,2026-09-27T19:24:33.931-03:00,2026-09-28T07:23:56.655-03:00,719,CAMARA,CAMARA,CAMARA,COMPROB_000301069767,2026-09-28,CTA045,PRODUCTOS VARIOS,PRODUCTOS VARIOS,VARIOS,VARIOS,RICARDONE,EGRESO,E,11253,000301069767,,0,,20,PRODUCTOS VARIOS,VARIOS,,,VARIOS,RICARDONE,EXCEL_PLATFORM_PRODUCT,EXTERNAL_MATCH_EXACT,ROUTE_NO_EVALUABLE,"TRANSILADO, MOVIMIENTOS INTERNOS SOLIDOS, TRANSILADO",2026-09-27T18:37:00,,2026-09-28T07:24:00,,,1,,,
86b0e7e5-14c,86b0e7e5-14c,1,2026-09-28T03:29:59.815-03:00,2026-09-28T07:25:14.339-03:00,235,CAMARA,CAMARA,CAMARA,CTG_10235308241,2026-09-28,AG367EC,GIRASOL,GIRASOL,VOLCABLE_1,VOLCABLE 1,RICARDONE,INGRESO,I,2000640,000301464864,0240000005020,10235308241,VIC050573280926,35400,GIRASOL,VOLCABLE_1,VOLCABLE,R5,VOLCABLE_1,RICARDONE,EXCEL_PLATFORM_PRODUCT,EXTERNAL_MATCH_EXACT,ROUTE_NO_EVALUABLE,"FAZON 2026, FAZON 2026",2026-09-28T03:31:00,2026-09-28T05:25:00,2026-09-28T07:26:00,,,1,,,
caf0ddb2-53f,caf0ddb2-53f,1,2026-09-28T01:35:10.933-03:00,2026-09-28T07:34:54.004-03:00,360,CAMARA,CAMARA,CAMARA,CTG_10235325895,2026-09-28,IJQ906,SOJA,SOJA,VOLCABLE_PTO_3,VOLCABLE PTO 3,TERMINAL_EMBARQUE,INGRESO,I,2000655,000404069484,0000600002406,10235325895,VIC158140270926,36040,SOJA,VOLCABLE_PTO_3,SAN_LORENZO_VOLCABLE,R7,VOLCABLE_PTO_3,TERMINAL_EMBARQUE,EXCEL_PLATFORM_PRODUCT,EXTERNAL_MATCH_EXACT,ROUTE_NO_EVALUABLE,"FAZON 2026, FAZON 2026",2026-09-28T01:36:00,2026-09-28T04:51:00,2026-09-28T07:32:00,,,1,,,
f20bbbed-af6,f20bbbed-af6;0609a0d4-34d__cycle_1,2,2026-09-27T04:34:46.899-03:00,2026-09-29T00:18:43.250-03:00,2624,CAMARA,CAMARA,CAMARA,COMPROB_000301069768,2026-09-28,AYM824,PRODUCTOS VARIOS,PRODUCTOS VARIOS,VARIOS,VARIOS,RICARDONE,EGRESO,E,11253,000301069768,,0,,-60,PRODUCTOS VARIOS,VARIOS,,,VARIOS,RICARDONE,EXCEL_PLATFORM_PRODUCT,EXTERNAL_MATCH_FRAGMENTED,ROUTE_NO_EVALUABLE,"TRANSILADO, MOVIMIENTOS INTERNOS SOLIDOS, TRANSILADO",2026-09-25T11:34:00,,2026-09-28T07:32:00,,,2,,,
716cb216-529,716cb216-529,1,2026-09-28T07:28:37.804-03:00,2026-09-28T07:40:27.458-03:00,12,CAMARA,CAMARA,CAMARA,CTG_10235328878,2026-09-28,MIP763,SOJA,SOJA,VOLCABLE_PTO_3,VOLCABLE PTO 3,TERMINAL_EMBARQUE,INGRESO,I,2000655,000404069485,0000200001386,10235328878,VIC691299280926,29900,SOJA,VOLCABLE_PTO_3,SAN_LORENZO_VOLCABLE,R7,VOLCABLE_PTO_3,TERMINAL_EMBARQUE,EXCEL_PLATFORM_PRODUCT,EXTERNAL_MATCH_EXACT,ROUTE_NO_EVALUABLE,"FAZON 2026, FAZON 2026",2026-09-28T02:23:00,2026-09-28T04:57:00,2026-09-28T07:36:00,,,1,,,
d76646f1-33e,d76646f1-33e;622300db-fc0;95cada1a-1ba;e95e801e-7c2;f8e79220-e6b;94649616-ee2;626fda8a-f26;f5090400-a5b;bad8f3fd-913,9,2026-09-27T21:09:27.503-03:00,2026-09-28T14:33:29.366-03:00,1044,CAMARA,CAMARA,CAMARA,CTG_10235335846,2026-09-28,EEW075,SOJA,SOJA,SILO_CHIEF_2,SILO CHIEF 2,RICARDONE,EGRESO,E,95817,000301069769,0000300057677,10235335846,,26960,SOJA,SILO_CHIEF_2,,R29,SILO_CHIEF_2,RICARDONE,EXCEL_PLATFORM_PRODUCT,EXTERNAL_MATCH_FRAGMENTED,ROUTE_NO_EVALUABLE,DEPOSITO EN RICARDONE,2026-09-28T05:27:00,,2026-09-28T07:23:00,,,9,,,
e38a2866-7b6__cycle_2,e38a2866-7b6__cycle_2;25e3733b-02b;3fb6bc88-301;154fa7e9-d20,4,2026-09-28T01:47:24.576-03:00,2026-09-28T14:39:54.080-03:00,772,CAMARA,CAMARA,CAMARA,CTG_10235335886,2026-09-28,CIE516,SOJA,SOJA,SILO_CHIEF_2,SILO CHIEF 2,RICARDONE,EGRESO,E,95817,000301069770,0000300057678,10235335886,,28720,SOJA,SILO_CHIEF_2,,R29,SILO_CHIEF_2,RICARDONE,EXCEL_PLATFORM_PRODUCT,EXTERNAL_MATCH_FRAGMENTED,ROUTE_NO_EVALUABLE,DEPOSITO EN RICARDONE,2026-09-28T05:28:00,,2026-09-28T07:39:00,,,4,,,
bab46011-eb0,bab46011-eb0;3d670b25-786;8cc4088c-8c7;90dcede7-30f,4,2026-09-28T07:25:48.698-03:00,2026-09-28T14:45:15.729-03:00,439,CAMARA,CAMARA,CAMARA,COMPROB_000400422744,2026-09-28,AA703FC,SAL GLICERINOSA,SAL GLICERINOSA,,,TERMINAL_EMBARQUE,EGRESO,E,11031,000400422744,,0,,1980,SAL GLICERINOSA,,,,,TERMINAL_EMBARQUE,EXCEL_PLATFORM_PRODUCT,EXTERNAL_MATCH_FRAGMENTED,ROUTE_NO_EVALUABLE,,2026-09-28T07:27:00,,2026-09-28T07:46:00,,,4,,,
ac3935bb-6da,ac3935bb-6da,1,2026-09-28T02:51:00.958-03:00,2026-09-28T07:55:00.247-03:00,304,CAMARA,CAMARA,CAMARA,CTG_10235327631,2026-09-28,TMH703,SOJA,SOJA,VOLCABLE_PTO_3,VOLCABLE PTO 3,TERMINAL_EMBARQUE,INGRESO,I,2000652,000404069488,0000700009818,10235327631,VIC118157280926,28980,SOJA,VOLCABLE_PTO_3,SAN_LORENZO_VOLCABLE,R7,VOLCABLE_PTO_3,TERMINAL_EMBARQUE,EXCEL_PLATFORM_PRODUCT,EXTERNAL_MATCH_EXACT,ROUTE_NO_DISCHARGE_POINT,"FAZON 2026, FAZON 2026",2026-09-28T02:52:00,2026-09-28T05:03:00,2026-09-28T07:53:00,,,1,,,
3ae10c32-91f,3ae10c32-91f;4c06dba8-326;68f2ee54-f0c;dd266833-5e6;e777c5ec-bcd,5,2026-09-27T19:45:17.666-03:00,2026-09-28T15:27:36.400-03:00,1182,CAMARA,CAMARA,CAMARA,CTG_10235336039,2026-09-28,UUL425,SOJA,SOJA,SILO_CHIEF_2,SILO CHIEF 2,RICARDONE,EGRESO,E,95817,000301069771,0000300057679,10235336039,,30020,SOJA,SILO_CHIEF_2,,R29,SILO_CHIEF_2,RICARDONE,EXCEL_PLATFORM_PRODUCT,EXTERNAL_MATCH_FRAGMENTED,ROUTE_NO_EVALUABLE,DEPOSITO EN RICARDONE,2026-09-28T05:27:00,,2026-09-28T07:52:00,,,5,,,
0bbdbb27-287,0bbdbb27-287;6c39fdfe-e44;84fe953d-c99;9fb4010b-f4c,4,2026-09-28T05:36:17.720-03:00,2026-09-28T14:03:10.657-03:00,507,CAMARA,CAMARA,CAMARA,CTG_10235336142,2026-09-28,CGS172,SOJA,SOJA,SILO_CHIEF_2,SILO CHIEF 2,RICARDONE,EGRESO,E,95817,000301069772,0000300057680,10235336142,,28680,SOJA,SILO_CHIEF_2,,R29,SILO_CHIEF_2,RICARDONE,EXCEL_PLATFORM_PRODUCT,EXTERNAL_MATCH_FRAGMENTED,ROUTE_NO_EVALUABLE,DEPOSITO EN RICARDONE,2026-09-28T05:37:00,,2026-09-28T08:03:00,,,4,,,
c8a7d8bd-787__cycle_1,c8a7d8bd-787__cycle_1;c8a7d8bd-787__cycle_2;037292e1-783;819a3e78-aa8;a042068e-b16;f96ee1d0-b77;b9ce8e65-d66,7,2026-09-27T22:35:11.003-03:00,2026-09-28T16:08:38.545-03:00,1053,CAMARA,CAMARA,CAMARA,CTG_10235336432,2026-09-28,RQC013,SOJA,SOJA,SILO_CHIEF_2,SILO CHIEF 2,RICARDONE,EGRESO,E,95817,000301069773,0000300057681,10235336432,,27420,SOJA,SILO_CHIEF_2,,R29,SILO_CHIEF_2,RICARDONE,EXCEL_PLATFORM_PRODUCT,EXTERNAL_MATCH_FRAGMENTED,ROUTE_NO_EVALUABLE,DEPOSITO EN RICARDONE,2026-09-28T05:46:00,,2026-09-28T08:15:00,,,7,,,
9091cb57-552,9091cb57-552,1,2026-09-28T07:30:35.273-03:00,2026-09-28T08:43:02.139-03:00,72,CAMARA,CAMARA,CAMARA,COMPROB_000400422746,2026-09-28,EAO104,ACEITE GIRASOL REFINADO,ACEITE GIRASOL REFINADO,ACEITE_OSL,ACEITE OSL,TERMINAL_EMBARQUE,EGRESO,E,11678,000400422746,,0,,28200,ACEITE GIRASOL REFINADO,ACEITE_OSL,LIQUIDO,SL1,ACEITE_OSL,TERMINAL_EMBARQUE,EXCEL_PLATFORM_PRODUCT,EXTERNAL_MATCH_EXACT,ROUTE_NO_EVALUABLE,,2026-09-28T07:32:00,,2026-09-28T08:41:00,,,1,,,
5e4a647c-3db,5e4a647c-3db;97b17b20-55a;688d3e40-6a8;0496fd2a-962;cb814270-9a0;f9bef420-2a4;a0592f2a-799;9f506975-aed;afa5933c-0d0,9,2026-09-27T20:55:40.913-03:00,2026-09-28T14:42:32.635-03:00,1067,CAMARA,CAMARA,CAMARA,CTG_10235336691,2026-09-28,EVL273,SOJA,SOJA,SILO_CHIEF_2,SILO CHIEF 2,RICARDONE,EGRESO,E,95817,000301069774,0000300057682,10235336691,,27540,SOJA,SILO_CHIEF_2,,R29,SILO_CHIEF_2,RICARDONE,EXCEL_PLATFORM_PRODUCT,EXTERNAL_MATCH_FRAGMENTED,ROUTE_NO_EVALUABLE,DEPOSITO EN RICARDONE,2026-09-28T05:47:00,,2026-09-28T08:31:00,,,9,,,
05902067-5e3,05902067-5e3,1,2026-09-28T06:41:55.103-03:00,2026-09-28T08:51:58.153-03:00,130,CAMARA,CAMARA,CAMARA,COMPROB_000400422747,2026-09-28,BTS626,AGUA POTABLE,AGUA POTABLE,ACEITE_OSL,ACEITE OSL,TERMINAL_EMBARQUE,EGRESO,E,11615,000400422747,,0,,40,AGUA POTABLE,ACEITE_OSL,LIQUIDO,SL1,ACEITE_OSL,TERMINAL_EMBARQUE,EXCEL_PLATFORM_PRODUCT,EXTERNAL_MATCH_EXACT,ROUTE_NO_EVALUABLE,"REGADOR, MOVIMIENTO REGADOR, REGADOR",2026-09-28T06:43:00,,2026-09-28T08:51:00,,,1,,,
d46b7f6d-423,d46b7f6d-423;00127051-f52,2,2026-09-28T04:14:19.912-03:00,2026-09-28T11:07:55.726-03:00,414,CAMARA,CAMARA,CAMARA,CTG_10235336756,2026-09-28,VHL423,SOJA,SOJA,SILO_CHIEF_2,SILO CHIEF 2,RICARDONE,EGRESO,E,95817,000301069775,0000300057683,10235336756,,27720,SOJA,SILO_CHIEF_2,,R29,SILO_CHIEF_2,RICARDONE,EXCEL_PLATFORM_PRODUCT,EXTERNAL_MATCH_FRAGMENTED,ROUTE_NO_EVALUABLE,DEPOSITO EN RICARDONE,2026-09-28T06:01:00,,2026-09-28T08:39:00,,,2,,,
809de22a-332,809de22a-332;7599bf1b-a74;f0df2a81-a77;4c90398f-0ac,4,2026-09-28T06:01:18.450-03:00,2026-09-28T14:50:58.745-03:00,530,CAMARA,CAMARA,CAMARA,CTG_10235336790,2026-09-28,RNM392,SOJA,SOJA,SILO_CHIEF_2,SILO CHIEF 2,RICARDONE,EGRESO,E,95817,000301069776,0000300057684,10235336790,,29840,SOJA,SILO_CHIEF_2,,R29,SILO_CHIEF_2,RICARDONE,EXCEL_PLATFORM_PRODUCT,EXTERNAL_MATCH_FRAGMENTED,ROUTE_NO_EVALUABLE,DEPOSITO EN RICARDONE,2026-09-28T06:02:00,,2026-09-28T08:45:00,,,4,,,
bd69962b-a34,bd69962b-a34;d745fd1c-1ab;3dc75058-645;9061fdfe-429;b37220a5-5d3,5,2026-09-28T08:18:26.804-03:00,2026-09-28T15:45:56-03:00,447,CAMARA,CAMARA,CAMARA,COMPROB_000400422748,2026-09-28,EPH797,TIERRA DESC FILTROS,TIERRA DESC FILTROS,,,TERMINAL_EMBARQUE,EGRESO,E,11046,000400422748,,0,,1820,TIERRA DESC FILTROS,,,,,TERMINAL_EMBARQUE,EXCEL_PLATFORM_PRODUCT,EXTERNAL_MATCH_FRAGMENTED,ROUTE_NO_EVALUABLE,,2026-09-28T08:21:00,,2026-09-28T08:58:00,,,5,,,
7ff849ca-1b9,7ff849ca-1b9;abb212d8-b7e;6a604e9d-ac4;24d0eb31-540;bb788aea-066,5,2026-09-27T18:44:44.975-03:00,2026-09-28T16:25:39.765-03:00,1301,CAMARA,CAMARA,CAMARA,CTG_10235336885,2026-09-28,CGV979,SOJA,SOJA,SILO_CHIEF_2,SILO CHIEF 2,RICARDONE,EGRESO,E,95817,000301069777,0000300057685,10235336885,,29360,SOJA,SILO_CHIEF_2,,R29,SILO_CHIEF_2,RICARDONE,EXCEL_PLATFORM_PRODUCT,EXTERNAL_MATCH_FRAGMENTED,ROUTE_NO_EVALUABLE,DEPOSITO EN RICARDONE,2026-09-28T06:20:00,,2026-09-28T08:52:00,,,5,,,
bab46011-eb0,bab46011-eb0;3d670b25-786;8cc4088c-8c7;90dcede7-30f,4,2026-09-28T07:25:48.698-03:00,2026-09-28T14:45:15.729-03:00,439,CAMARA,CAMARA,CAMARA,COMPROB_000400422749,2026-09-28,AA703FC,SAL GLICERINOSA,SAL GLICERINOSA,,,TERMINAL_EMBARQUE,EGRESO,E,11031,000400422749,,0,,1840,SAL GLICERINOSA,,,,,TERMINAL_EMBARQUE,EXCEL_PLATFORM_PRODUCT,EXTERNAL_MATCH_FRAGMENTED,ROUTE_NO_EVALUABLE,,2026-09-28T08:37:00,,2026-09-28T09:00:00,,,4,,,
bdfeb774-498,bdfeb774-498;24f62933-ad3;5b4d21de-14e;8e478bbb-25c;67f071e7-4f3;aaf641c7-982;74dbaac4-d01;2b39acc0-9ee,8,2026-09-28T00:37:21.190-03:00,2026-09-28T15:02:17.342-03:00,865,CAMARA,CAMARA,CAMARA,CTG_10235337146,2026-09-28,DFP716,SOJA,SOJA,SILO_CHIEF_2,SILO CHIEF 2,RICARDONE,EGRESO,E,95817,000301069778,0000300057686,10235337146,,30800,SOJA,SILO_CHIEF_2,,R29,SILO_CHIEF_2,RICARDONE,EXCEL_PLATFORM_PRODUCT,EXTERNAL_MATCH_FRAGMENTED,ROUTE_NO_EVALUABLE,DEPOSITO EN RICARDONE,2026-09-28T07:13:00,,2026-09-28T09:02:00,,,8,,,
d9086980-12f__cycle_2,d9086980-12f__cycle_2;8da8266b-48e,2,2026-09-28T08:00:04.246-03:00,2026-09-28T22:40:41.986-03:00,881,CAMARA,CAMARA,CAMARA,COMPROB_000400422750,2026-09-28,AA875OG,ACEITE GIRASOL REFINADO,ACEITE GIRASOL REFINADO,ACEITE_OSL,ACEITE OSL,TERMINAL_EMBARQUE,EGRESO,E,11526,000400422750,,0,,28020,ACEITE GIRASOL REFINADO,ACEITE_OSL,LIQUIDO,SL1,ACEITE_OSL,TERMINAL_EMBARQUE,EXCEL_PLATFORM_PRODUCT,EXTERNAL_MATCH_FRAGMENTED,ROUTE_NO_EVALUABLE,FAZON RENOVA/BUNGE,2026-09-28T07:53:00,,2026-09-28T09:11:00,,,2,,,
0440e567-0c3,0440e567-0c3;83d89d53-43d;24ba80ef-c87;67ec1552-664__cycle_1,4,2026-09-28T07:16:59.594-03:00,2026-09-28T15:41:53.677-03:00,505,CAMARA,CAMARA,CAMARA,CTG_10235337418,2026-09-28,AYB759,SOJA,SOJA,SILO_CHIEF_2,SILO CHIEF 2,RICARDONE,EGRESO,E,95817,000301069779,0000300057687,10235337418,,27580,SOJA,SILO_CHIEF_2,,R29,SILO_CHIEF_2,RICARDONE,EXCEL_PLATFORM_PRODUCT,EXTERNAL_MATCH_FRAGMENTED,ROUTE_NO_EVALUABLE,DEPOSITO EN RICARDONE,2026-09-28T07:18:00,,2026-09-28T09:10:00,,,4,,,
005f8df8-af7__cycle_2,005f8df8-af7__cycle_2;f9ca8d73-093;5b4b561e-4b0,3,2026-09-28T07:17:56.476-03:00,2026-09-28T15:51:40.431-03:00,514,CAMARA,CAMARA,CAMARA,CTG_10235337514,2026-09-28,VRA989,SOJA,SOJA,SILO_CHIEF_2,SILO CHIEF 2,RICARDONE,EGRESO,E,95817,000301069780,0000300057688,10235337514,,28220,SOJA,SILO_CHIEF_2,,R29,SILO_CHIEF_2,RICARDONE,EXCEL_PLATFORM_PRODUCT,EXTERNAL_MATCH_FRAGMENTED,ROUTE_NO_EVALUABLE,DEPOSITO EN RICARDONE,2026-09-28T07:19:00,,2026-09-28T09:19:00,,,3,,,
10ab84f3-9c5,10ab84f3-9c5,1,2026-09-28T08:08:40.368-03:00,2026-09-28T09:35:05.788-03:00,86,CAMARA,CAMARA,CAMARA,COMPROB_000400422752,2026-09-28,OLL626,BORRA ACEITE GIRASOL REFINADO,BORRA ACEITE GIRASOL REFINADO,ACEITE_OSL,ACEITE OSL,TERMINAL_EMBARQUE,EGRESO,E,10927,000400422752,,0,,25720,BORRA ACEITE GIRASOL REFINADO,ACEITE_OSL,LIQUIDO,SL1,ACEITE_OSL,TERMINAL_EMBARQUE,EXCEL_PLATFORM_PRODUCT,EXTERNAL_MATCH_EXACT,ROUTE_NO_EVALUABLE,,2026-09-28T08:11:00,,2026-09-28T09:34:00,,,1,,,
24cdc20a-d4d,24cdc20a-d4d;e54db273-1e8,2,2026-09-28T07:40:31.129-03:00,2026-09-28T20:54:42.385-03:00,794,CAMARA,CAMARA,CAMARA,COMPROB_000400422753,2026-09-28,LGZ704,ACEITE GIRASOL REFINADO,ACEITE GIRASOL REFINADO,ACEITE_OSL,ACEITE OSL,TERMINAL_EMBARQUE,EGRESO,E,11678,000400422753,,0,,27960,ACEITE GIRASOL REFINADO,ACEITE_OSL,LIQUIDO,SL1,ACEITE_OSL,TERMINAL_EMBARQUE,EXCEL_PLATFORM_PRODUCT,EXTERNAL_MATCH_FRAGMENTED,ROUTE_NO_EVALUABLE,,2026-09-28T07:36:00,,2026-09-28T09:39:00,,,2,,,
5e26756a-17d,5e26756a-17d,1,2026-09-28T08:50:11.279-03:00,2026-09-28T09:36:52.882-03:00,47,CAMARA,CAMARA,CAMARA,COMPROB_000301069781,2026-09-28,LRN071,CHATARRA,CHATARRA,,,RICARDONE,EGRESO,E,96041,000301069781,,0,,5780,CHATARRA,,,,,RICARDONE,EXCEL_PLATFORM_PRODUCT,EXTERNAL_MATCH_EXACT,ROUTE_NO_DISCHARGE_POINT,". ENTRO CON VOLQUETE 36, SALIO CON VOLQUETE 146",2026-09-28T08:51:00,,2026-09-28T09:39:00,,,1,,,
d0f6f4ef-494,d0f6f4ef-494;b3e67317-11a,2,2026-09-28T02:23:36.062-03:00,2026-09-28T09:46:17.115-03:00,443,CAMARA,CAMARA,CAMARA,CTG_10135332805,2026-09-28,KSV305,SOJA,SOJA,VOLCABLE_PTO_3,VOLCABLE PTO 3,TERMINAL_EMBARQUE,INGRESO,I,2000655,000404069494,0000000000439,10135332805,VIC047247280926,35900,SOJA,VOLCABLE_PTO_3,SAN_LORENZO_VOLCABLE,R7,VOLCABLE_PTO_3,TERMINAL_EMBARQUE,EXCEL_PLATFORM_PRODUCT,EXTERNAL_MATCH_FRAGMENTED,ROUTE_NO_EVALUABLE,"FAZON 2026, FAZON 2026",2026-09-28T02:24:00,2026-09-28T05:00:00,2026-09-28T09:43:00,,,2,,,
372ad0af-3f8,372ad0af-3f8;45e2fd06-016,2,2026-09-28T09:40:02.260-03:00,2026-09-28T12:23:20.266-03:00,163,CAMARA,CAMARA,CAMARA,COMPROB_000301069782,2026-09-28,HWU967,RESIDUOS ASIMILABLES A DOMICILIARIOS,RESIDUOS ASIMILABLES A DOMICILIARIOS,,,RICARDONE,EGRESO,E,11004,000301069782,,0,,680,RESIDUOS ASIMILABLES A DOMICILIARIOS,,,,,RICARDONE,EXCEL_PLATFORM_PRODUCT,EXTERNAL_MATCH_FRAGMENTED,ROUTE_NO_EVALUABLE,,2026-09-28T09:28:00,,2026-09-28T09:57:00,,,2,,,
0e9f19e9-e20,0e9f19e9-e20;3228a0b2-879;e73c5ce2-f11;a494bb7c-06a;753fbbd2-154;56d06dac-62d,6,2026-09-28T02:31:34.649-03:00,2026-09-28T15:21:55.173-03:00,770,CAMARA,CAMARA,CAMARA,CTG_10235338281,2026-09-28,EYH843,SOJA,SOJA,SILO_CHIEF_2,SILO CHIEF 2,RICARDONE,EGRESO,E,95817,000301069783,0000300057689,10235338281,,27560,SOJA,SILO_CHIEF_2,,R29,SILO_CHIEF_2,RICARDONE,EXCEL_PLATFORM_PRODUCT,EXTERNAL_MATCH_FRAGMENTED,ROUTE_NO_EVALUABLE,DEPOSITO EN RICARDONE,2026-09-28T08:22:00,,2026-09-28T09:30:00,,,6,,,
3c009e76-175,3c009e76-175;12bedfc5-380,2,2026-09-28T01:56:13.747-03:00,2026-09-28T10:00:04.886-03:00,484,CAMARA,CAMARA,CAMARA,COMPROB_000404069498,2026-09-28,SZG666,AGUA INDUSTRIAL,AGUA INDUSTRIAL,ACEITE_OSL,ACEITE OSL,TERMINAL_EMBARQUE,INGRESO,I,11529,000404069498,0001100019236,0,,26960,AGUA INDUSTRIAL,ACEITE_OSL,LIQUIDO,SL1,ACEITE_OSL,TERMINAL_EMBARQUE,EXCEL_PLATFORM_PRODUCT,EXTERNAL_MATCH_FRAGMENTED,ROUTE_NO_EVALUABLE,,2026-09-28T08:39:00,,2026-09-28T09:58:00,,,2,,,
3ff1b2b5-b33__cycle_3,3ff1b2b5-b33__cycle_3;3c4dbc4f-885;f47b94a4-328;3e24498f-d8b;226e498f-c17,5,2026-09-28T09:26:12.950-03:00,2026-09-28T17:10:37.013-03:00,464,CAMARA,CAMARA,CAMARA,CTG_10235338606,2026-09-28,RGV982,SOJA,SOJA,SILO_CHIEF_2,SILO CHIEF 2,RICARDONE,EGRESO,E,95817,000301069784,0000300057690,10235338606,,28060,SOJA,SILO_CHIEF_2,,R29,SILO_CHIEF_2,RICARDONE,EXCEL_PLATFORM_PRODUCT,EXTERNAL_MATCH_FRAGMENTED,ROUTE_NO_EVALUABLE,DEPOSITO EN RICARDONE,2026-09-28T09:30:00,,2026-09-28T10:07:00,,,5,,,
daa6cc11-20f,daa6cc11-20f,1,2026-09-28T04:38:05.469-03:00,2026-09-28T10:19:05.502-03:00,341,CAMARA,CAMARA,CAMARA,COMPROB_000400422754,2026-09-28,WGG348,ACEITE GIRASOL REFINADO,ACEITE GIRASOL REFINADO,ACEITE_OSL,ACEITE OSL,TERMINAL_EMBARQUE,EGRESO,E,11526,000400422754,,0,,28000,ACEITE GIRASOL REFINADO,ACEITE_OSL,LIQUIDO,SL1,ACEITE_OSL,TERMINAL_EMBARQUE,EXCEL_PLATFORM_PRODUCT,EXTERNAL_MATCH_EXACT,ROUTE_NO_EVALUABLE,FAZON RENOVA/BUNGE,2026-09-28T07:54:00,,2026-09-28T10:16:00,,,1,,,
372ad0af-3f8,372ad0af-3f8;45e2fd06-016,2,2026-09-28T09:40:02.260-03:00,2026-09-28T12:23:20.266-03:00,163,CAMARA,CAMARA,CAMARA,COMPROB_009702024186,2026-09-28,HWU967,RESIDUOS ASIMILABLES A DOMICILIARIOS,RESIDUOS ASIMILABLES A DOMICILIARIOS,,,RENOPACK,EGRESO,E,50003,009702024186,,0,,60,RESIDUOS ASIMILABLES A DOMICILIARIOS,,,,,RENOPACK,EXCEL_PLATFORM_PRODUCT,EXTERNAL_MATCH_FRAGMENTED,ROUTE_NO_EVALUABLE,RESIDUOS DOMICILIARIOS RENOPACK,2026-09-28T10:03:00,,2026-09-28T10:17:00,,,2,,,
ba83b19d-ee2,ba83b19d-ee2;99999f7b-2dd,2,2026-09-28T06:24:02.768-03:00,2026-09-28T13:20:31.478-03:00,416,CAMARA,CAMARA,CAMARA,COMPROB_000400422755,2026-09-28,JBN715,GLICERINA REFINADA,GLICERINA REFINADA,,,TERMINAL_EMBARQUE,EGRESO,E,10968,000400422755,,0,,23620,GLICERINA REFINADA,,LIQUIDO,R8,,TERMINAL_EMBARQUE,EXCEL_PLATFORM_PRODUCT,EXTERNAL_MATCH_FRAGMENTED,ROUTE_NO_EVALUABLE,DIRECTO DE RENOVA,2026-09-28T06:26:00,,2026-09-28T10:26:00,,,2,,,
de63c940-f18,de63c940-f18;58350b06-81d,2,2026-09-28T08:22:17.663-03:00,2026-09-28T10:25:55.772-03:00,124,CAMARA,CAMARA,CAMARA,CTG_10235305166,2026-09-28,AE845AO,GIRASOL,GIRASOL,VOLCABLE_2,VOLCABLE 2,RICARDONE,INGRESO,I,2000640,000301464866,0240000005016,10235305166,VIC014386280926,36640,GIRASOL,VOLCABLE_2,VOLCABLE,R6,VOLCABLE_2,RICARDONE,EXCEL_PLATFORM_PRODUCT,EXTERNAL_MATCH_FRAGMENTED,ROUTE_NO_EVALUABLE,"FAZON 2026, FAZON 2026",2026-09-28T08:23:00,2026-09-28T09:01:00,2026-09-28T10:26:00,,,2,,,
bb77ea5f-28f__cycle_2,bb77ea5f-28f__cycle_2;6b80a4a1-eea;d7a23494-bc0;5ce0df6c-b3c;3784b0da-c2a,5,2026-09-28T09:37:41.791-03:00,2026-09-28T16:51:53.826-03:00,434,CAMARA,CAMARA,CAMARA,CTG_10235338789,2026-09-28,CKQ212,SOJA,SOJA,SILO_CHIEF_2,SILO CHIEF 2,RICARDONE,EGRESO,E,95817,000301069785,0000300057691,10235338789,,27640,SOJA,SILO_CHIEF_2,,R29,SILO_CHIEF_2,RICARDONE,EXCEL_PLATFORM_PRODUCT,EXTERNAL_MATCH_FRAGMENTED,ROUTE_NO_EVALUABLE,DEPOSITO EN RICARDONE,2026-09-28T09:38:00,,2026-09-28T10:18:00,,,5,,,
461c06dc-187,461c06dc-187;ad51c167-27d;d8fe3c3a-056;29a95723-092;241b85c7-982;f5751a42-11d,6,2026-09-28T07:22:25.164-03:00,2026-09-28T22:40:15.495-03:00,918,CAMARA,CAMARA,CAMARA,CTG_10235335527,2026-09-28,BHL749,SOJA,SOJA,VOLCABLE_PTO_4,VOLCABLE PTO 4,TERMINAL_EMBARQUE,INGRESO,I,2000662,000404069505,0000300057639,10235335527,VIC473684280926,29440,SOJA,VOLCABLE_PTO_4,SAN_LORENZO_VOLCABLE,R7,VOLCABLE_PTO_4,TERMINAL_EMBARQUE,EXCEL_PLATFORM_PRODUCT,EXTERNAL_MATCH_FRAGMENTED,ROUTE_NO_EVALUABLE,"FAZON PTO 2026, FAZON PTO 2026",2026-09-28T07:23:00,,2026-09-28T10:36:00,,,6,,,
16a0ea2d-62e,16a0ea2d-62e;e7be5d67-66f;fa6ce339-d05;5a6a2535-43d;e5a6f062-beb,5,2026-09-28T09:48:25.028-03:00,2026-09-28T16:52:27.510-03:00,424,CAMARA,CAMARA,CAMARA,CTG_10235338986,2026-09-28,VAJ028,SOJA,SOJA,SILO_CHIEF_2,SILO CHIEF 2,RICARDONE,EGRESO,E,95817,000301069786,0000300057692,10235338986,,30820,SOJA,SILO_CHIEF_2,,R29,SILO_CHIEF_2,RICARDONE,EXCEL_PLATFORM_PRODUCT,EXTERNAL_MATCH_FRAGMENTED,ROUTE_NO_EVALUABLE,DEPOSITO EN RICARDONE,2026-09-28T09:49:00,,2026-09-28T10:29:00,,,5,,,
bab46011-eb0,bab46011-eb0;3d670b25-786;8cc4088c-8c7;90dcede7-30f,4,2026-09-28T07:25:48.698-03:00,2026-09-28T14:45:15.729-03:00,439,CAMARA,CAMARA,CAMARA,COMPROB_000400422756,2026-09-28,AA703FC,SAL GLICERINOSA,SAL GLICERINOSA,,,TERMINAL_EMBARQUE,EGRESO,E,11031,000400422756,,0,,2920,SAL GLICERINOSA,,,,,TERMINAL_EMBARQUE,EXCEL_PLATFORM_PRODUCT,EXTERNAL_MATCH_FRAGMENTED,ROUTE_NO_EVALUABLE,,2026-09-28T09:54:00,,2026-09-28T10:38:00,,,4,,,
bd69962b-a34,bd69962b-a34;d745fd1c-1ab;3dc75058-645;9061fdfe-429;b37220a5-5d3,5,2026-09-28T08:18:26.804-03:00,2026-09-28T15:45:56-03:00,447,CAMARA,CAMARA,CAMARA,COMPROB_000400422757,2026-09-28,EPH797,SAL GLICERINOSA,SAL GLICERINOSA,,,TERMINAL_EMBARQUE,EGRESO,E,11031,000400422757,,0,,3340,SAL GLICERINOSA,,,,,TERMINAL_EMBARQUE,EXCEL_PLATFORM_PRODUCT,EXTERNAL_MATCH_FRAGMENTED,ROUTE_NO_EVALUABLE,,2026-09-28T09:58:00,,2026-09-28T10:39:00,,,5,,,
045a8b0c-e6d,045a8b0c-e6d;ae3300e9-a98,2,2026-09-28T08:20:30.792-03:00,2026-09-28T21:39:30.438-03:00,799,CAMARA,CAMARA,CAMARA,COMPROB_000400422758,2026-09-28,MWH059,ACEITE GIRASOL REFINADO,ACEITE GIRASOL REFINADO,ACEITE_OSL,ACEITE OSL,TERMINAL_EMBARQUE,EGRESO,E,11678,000400422758,,0,,27980,ACEITE GIRASOL REFINADO,ACEITE_OSL,LIQUIDO,SL1,ACEITE_OSL,TERMINAL_EMBARQUE,EXCEL_PLATFORM_PRODUCT,EXTERNAL_MATCH_FRAGMENTED,ROUTE_NO_EVALUABLE,,2026-09-28T08:21:00,,2026-09-28T10:42:00,,,2,,,
7f74ab7b-b20,7f74ab7b-b20;42dff7aa-b02;e5743fd3-945;9676930e-970;9fe07199-cf0,5,2026-09-28T03:06:36.291-03:00,2026-09-28T12:32:43.941-03:00,566,CAMARA,CAMARA,CAMARA,CTG_10235339276,2026-09-28,RAW481,SOJA,SOJA,SILO_CHIEF_2,SILO CHIEF 2,RICARDONE,EGRESO,E,95817,000301069787,0000300057693,10235339276,,29960,SOJA,SILO_CHIEF_2,,R29,SILO_CHIEF_2,RICARDONE,EXCEL_PLATFORM_PRODUCT,EXTERNAL_MATCH_FRAGMENTED,ROUTE_NO_EVALUABLE,DEPOSITO EN RICARDONE,2026-09-28T10:11:00,,2026-09-28T10:48:00,,,5,,,
f42f6214-66f,f42f6214-66f;fd909427-fca,2,2026-09-28T10:56:15.639-03:00,2026-09-28T16:32:18.844-03:00,336,CAMARA,CAMARA,CAMARA,COMPROB_000301069788,2026-09-28,UAJ766,PRODUCTOS VARIOS,PRODUCTOS VARIOS,VARIOS,VARIOS,RICARDONE,EGRESO,E,11230,000301069788,,0,,2620,PRODUCTOS VARIOS,VARIOS,,,VARIOS,RICARDONE,EXCEL_PLATFORM_PRODUCT,EXTERNAL_MATCH_FRAGMENTED,ROUTE_NO_EVALUABLE,MERCADERIAS VARIAS DE RICARDONE A PUERTO.,2026-09-28T09:53:00,,2026-09-28T10:57:00,,,2,,,
66e10628-b91,66e10628-b91;d73956e5-87d;d7af75a7-be3;5f050894-fac__cycle_1,4,2026-09-28T10:32:37.913-03:00,2026-09-28T15:14:04.462-03:00,281,CAMARA,CAMARA,CAMARA,CTG_10235339443,2026-09-28,RDL445,SOJA,SOJA,SILO_CHIEF_2,SILO CHIEF 2,RICARDONE,EGRESO,E,95817,000301069789,0000300057694,10235339443,,29100,SOJA,SILO_CHIEF_2,,R29,SILO_CHIEF_2,RICARDONE,EXCEL_PLATFORM_PRODUCT,EXTERNAL_MATCH_FRAGMENTED,ROUTE_NO_EVALUABLE,DEPOSITO EN RICARDONE,2026-09-28T10:26:00,,2026-09-28T10:58:00,,,4,,,
d4391ca2-c6f,d4391ca2-c6f,1,2026-09-28T04:43:31.970-03:00,2026-09-28T11:10:54.797-03:00,387,CAMARA,CAMARA,CAMARA,COMPROB_000400422759,2026-09-28,OFG785,ACEITE GIRASOL REFINADO,ACEITE GIRASOL REFINADO,ACEITE_OSL,ACEITE OSL,TERMINAL_EMBARQUE,EGRESO,E,11526,000400422759,,0,,27980,ACEITE GIRASOL REFINADO,ACEITE_OSL,LIQUIDO,SL1,ACEITE_OSL,TERMINAL_EMBARQUE,EXCEL_PLATFORM_PRODUCT,EXTERNAL_MATCH_EXACT,ROUTE_NO_EVALUABLE,FAZON RENOVA/BUNGE,2026-09-28T07:54:00,,2026-09-28T11:10:00,,,1,,,
13b691a0-030,13b691a0-030;308cdafe-4d4,2,2026-09-28T06:40:58.826-03:00,2026-09-28T13:19:57.545-03:00,399,CAMARA,CAMARA,CAMARA,COMPROB_000400422760,2026-09-28,KAD727,GLICERINA REFINADA,GLICERINA REFINADA,,,TERMINAL_EMBARQUE,EGRESO,E,10968,000400422760,,0,,23500,GLICERINA REFINADA,,LIQUIDO,R8,,TERMINAL_EMBARQUE,EXCEL_PLATFORM_PRODUCT,EXTERNAL_MATCH_FRAGMENTED,ROUTE_NO_EVALUABLE,DIRECTO DE RENOVA,2026-09-28T06:42:00,,2026-09-28T11:15:00,,,2,,,
5b3ec5f2-e85,5b3ec5f2-e85,1,2026-09-28T10:32:36.238-03:00,2026-09-28T10:57:20.047-03:00,25,CAMARA,CAMARA,CAMARA,CTG_10135306662,2026-09-28,IHS558,SOJA,SOJA,VOLCABLE_PTO_3,VOLCABLE PTO 3,TERMINAL_EMBARQUE,INGRESO,I,2000652,000404069516,0000000143656,10135306662,VIC709413260926,35040,SOJA,VOLCABLE_PTO_3,SAN_LORENZO_VOLCABLE,R7,VOLCABLE_PTO_3,TERMINAL_EMBARQUE,EXCEL_PLATFORM_PRODUCT,EXTERNAL_MATCH_EXACT,ROUTE_NO_EVALUABLE,"FAZON 2026, FAZON 2026",2026-09-28T02:30:00,2026-09-28T05:01:00,2026-09-28T11:23:00,,,1,,,
4dff5c77-b0d,4dff5c77-b0d;78b8a683-8de,2,2026-09-28T04:09:16.910-03:00,2026-09-28T11:26:51.940-03:00,438,CAMARA,CAMARA,CAMARA,CTG_10235328650,2026-09-28,AG991NM,SOJA,SOJA,VOLCABLE_PTO_4,VOLCABLE PTO 4,TERMINAL_EMBARQUE,INGRESO,I,2000652,000404069517,0000000006204,10235328650,VIC622241280926,34380,SOJA,VOLCABLE_PTO_4,SAN_LORENZO_VOLCABLE,R7,VOLCABLE_PTO_4,TERMINAL_EMBARQUE,EXCEL_PLATFORM_PRODUCT,EXTERNAL_MATCH_FRAGMENTED,ROUTE_NO_EVALUABLE,"FAZON 2026, FAZON 2026",2026-09-28T04:10:00,2026-09-28T05:09:00,2026-09-28T11:24:00,,,2,,,
237eb16b-796,237eb16b-796;6bc2b19a-550,2,2026-09-28T04:52:53.410-03:00,2026-09-28T11:29:12.716-03:00,396,CAMARA,CAMARA,CAMARA,CTG_10135332814,2026-09-28,AF495CG,SOJA,SOJA,VOLCABLE_PTO_4,VOLCABLE PTO 4,TERMINAL_EMBARQUE,INGRESO,I,2000655,000404069518,0000000000442,10135332814,VIC164684280926,36700,SOJA,VOLCABLE_PTO_4,SAN_LORENZO_VOLCABLE,R7,VOLCABLE_PTO_4,TERMINAL_EMBARQUE,EXCEL_PLATFORM_PRODUCT,EXTERNAL_MATCH_FRAGMENTED,ROUTE_NO_EVALUABLE,"FAZON 2026, FAZON 2026",2026-09-28T04:54:00,2026-09-28T05:15:00,2026-09-28T11:27:00,,,2,,,
73e0c89d-072,73e0c89d-072;474eb146-32e;734241ad-c27;281d45f4-9e5;b5e90f79-ab7,5,2026-09-28T10:31:56.301-03:00,2026-09-28T17:46:58.181-03:00,435,CAMARA,CAMARA,CAMARA,CTG_10235339990,2026-09-28,FDH917,SOJA,SOJA,SILO_CHIEF_2,SILO CHIEF 2,RICARDONE,EGRESO,E,95817,000301069790,0000300057695,10235339990,,30480,SOJA,SILO_CHIEF_2,,R29,SILO_CHIEF_2,RICARDONE,EXCEL_PLATFORM_PRODUCT,EXTERNAL_MATCH_FRAGMENTED,ROUTE_NO_EVALUABLE,DEPOSITO EN RICARDONE,2026-09-28T10:35:00,,2026-09-28T11:20:00,,,5,,,
b9106145-8eb__cycle_4,b9106145-8eb__cycle_4;2c96e9e9-1f3,2,2026-09-28T10:22:25.258-03:00,2026-09-28T16:49:40.181-03:00,387,CAMARA,CAMARA,CAMARA,COMPROB_000404069519,2026-09-28,RUK692,GLICERINA,GLICERINA,,,TERMINAL_EMBARQUE,INGRESO,I,11509,000404069519,0001100019239,0,,31060,GLICERINA,,LIQUIDO,R8,,TERMINAL_EMBARQUE,EXCEL_PLATFORM_PRODUCT,EXTERNAL_MATCH_FRAGMENTED,ROUTE_NO_EVALUABLE,,2026-09-28T10:26:00,,2026-09-28T11:31:00,,,2,,,
372ad0af-3f8,372ad0af-3f8;45e2fd06-016,2,2026-09-28T09:40:02.260-03:00,2026-09-28T12:23:20.266-03:00,163,CAMARA,CAMARA,CAMARA,COMPROB_000400422761,2026-09-28,HWU967,RESIDUOS ASIMILABLES A DOMICILIARIOS,RESIDUOS ASIMILABLES A DOMICILIARIOS,,,TERMINAL_EMBARQUE,EGRESO,E,11004,000400422761,,0,,460,RESIDUOS ASIMILABLES A DOMICILIARIOS,,,,,TERMINAL_EMBARQUE,EXCEL_PLATFORM_PRODUCT,EXTERNAL_MATCH_FRAGMENTED,ROUTE_NO_EVALUABLE,,2026-09-28T11:09:00,,2026-09-28T11:34:00,,,2,,,
aa0dbfe5-aeb,aa0dbfe5-aeb,1,2026-09-28T08:07:33.826-03:00,2026-09-28T11:37:40.119-03:00,210,CAMARA,CAMARA,CAMARA,COMPROB_000400422762,2026-09-28,FFU874,ACEITE GIRASOL REFINADO,ACEITE GIRASOL REFINADO,ACEITE_OSL,ACEITE OSL,TERMINAL_EMBARQUE,EGRESO,E,11526,000400422762,,0,,27960,ACEITE GIRASOL REFINADO,ACEITE_OSL,LIQUIDO,SL1,ACEITE_OSL,TERMINAL_EMBARQUE,EXCEL_PLATFORM_PRODUCT,EXTERNAL_MATCH_EXACT,ROUTE_NO_EVALUABLE,FAZON RENOVA/BUNGE,2026-09-28T07:55:00,,2026-09-28T11:36:00,,,1,,,
7da9f71e-1c5,7da9f71e-1c5;2a86c658-be8,2,2026-09-28T04:13:57.968-03:00,2026-09-28T11:41:10.683-03:00,447,CAMARA,CAMARA,CAMARA,CTG_10235318806,2026-09-28,AF688II,SOJA,SOJA,VOLCABLE_PTO_3,VOLCABLE PTO 3,TERMINAL_EMBARQUE,INGRESO,I,2000652,000404069520,0000100001945,10235318806,VIC374567270926,35460,SOJA,VOLCABLE_PTO_3,SAN_LORENZO_VOLCABLE,R7,VOLCABLE_PTO_3,TERMINAL_EMBARQUE,EXCEL_PLATFORM_PRODUCT,EXTERNAL_MATCH_FRAGMENTED,ROUTE_NO_EVALUABLE,"FAZON 2026, FAZON 2026",2026-09-28T04:15:00,2026-09-28T05:11:00,2026-09-28T11:38:00,,,2,,,
b90cada8-694,b90cada8-694;8420d3c3-958;a6998baf-ffe;4751bf9c-305;c79ea0c7-555;75a77292-5ed,6,2026-09-28T03:26:16.840-03:00,2026-09-28T18:12:21.070-03:00,886,CAMARA,CAMARA,CAMARA,CTG_10235340152,2026-09-28,TAC436,SOJA,SOJA,SILO_CHIEF_2,SILO CHIEF 2,RICARDONE,EGRESO,E,95817,000301069791,0000300057696,10235340152,,32060,SOJA,SILO_CHIEF_2,,R29,SILO_CHIEF_2,RICARDONE,EXCEL_PLATFORM_PRODUCT,EXTERNAL_MATCH_FRAGMENTED,ROUTE_NO_EVALUABLE,DEPOSITO EN RICARDONE,2026-09-28T10:28:00,,2026-09-28T11:31:00,,,6,,,
a80446d1-c7b__cycle_2,a80446d1-c7b__cycle_2;552a6330-143;d514a5e7-aac__cycle_2;3417927c-4d7;36198a3d-d9b;7f95dbb8-032;1c2a042e-7ae,7,2026-09-27T21:48:28.438-03:00,2026-09-28T16:24:15.491-03:00,1116,CAMARA,CAMARA,CAMARA,CTG_10235340155,2026-09-28,KDE342,SOJA,SOJA,SILO_CHIEF_2,SILO CHIEF 2,RICARDONE,EGRESO,E,95817,000301069792,0000300057697,10235340155,,35800,SOJA,SILO_CHIEF_2,,R29,SILO_CHIEF_2,RICARDONE,EXCEL_PLATFORM_PRODUCT,EXTERNAL_MATCH_FRAGMENTED,ROUTE_NO_EVALUABLE,DEPOSITO EN RICARDONE,2026-09-28T02:05:00,,2026-09-28T11:33:00,,,7,,,
531a3756-857,531a3756-857,1,2026-09-28T14:47:59.962-03:00,2026-09-28T16:29:05.567-03:00,101,CAMARA,CAMARA,CAMARA,COMPROB_000404069521,2026-09-28,CMF111,AGUA INDUSTRIAL,AGUA INDUSTRIAL,ACEITE_OSL,ACEITE OSL,TERMINAL_EMBARQUE,INGRESO,I,11529,000404069521,0001100019219,0,,26500,AGUA INDUSTRIAL,ACEITE_OSL,LIQUIDO,SL1,ACEITE_OSL,TERMINAL_EMBARQUE,EXCEL_PLATFORM_PRODUCT,EXTERNAL_MATCH_PROBABLE,ROUTE_NO_EVALUABLE,,2026-09-26T20:12:00,,2026-09-28T11:42:00,,,1,,,
4cbd0548-c27,4cbd0548-c27,1,2026-09-28T05:10:54.894-03:00,2026-09-28T11:47:53.524-03:00,397,CAMARA,CAMARA,CAMARA,CTG_10235320739,2026-09-28,AC237NF,SOJA,SOJA,VOLCABLE_PTO_3,VOLCABLE PTO 3,TERMINAL_EMBARQUE,INGRESO,I,2000652,000404069522,0000100001946,10235320739,VIC080230280926,30260,SOJA,VOLCABLE_PTO_3,SAN_LORENZO_VOLCABLE,R7,VOLCABLE_PTO_3,TERMINAL_EMBARQUE,EXCEL_PLATFORM_PRODUCT,EXTERNAL_MATCH_EXACT,ROUTE_NO_EVALUABLE,"FAZON 2026, FAZON 2026",2026-09-28T04:16:00,2026-09-28T05:14:00,2026-09-28T11:45:00,,,1,,,
f42f6214-66f,f42f6214-66f;fd909427-fca,2,2026-09-28T10:56:15.639-03:00,2026-09-28T16:32:18.844-03:00,336,CAMARA,CAMARA,CAMARA,COMPROB_000404069523,2026-09-28,UAJ766,PRODUCTOS VARIOS,PRODUCTOS VARIOS,,,TERMINAL_EMBARQUE,INGRESO,I,11230,000404069523,0000301069788,0,,2600,PRODUCTOS VARIOS,,,,,TERMINAL_EMBARQUE,EXCEL_PLATFORM_PRODUCT,EXTERNAL_MATCH_FRAGMENTED,ROUTE_NO_EVALUABLE,"MERCADERIAS VARIAS DE RICARDONE A PUERTO., MERCADERIAS VARIAS DE RICARDONE A PUERTO.",2026-09-28T11:12:00,,2026-09-28T11:45:00,,,2,,,
97adf270-0df,97adf270-0df;2fb2d0d5-1f7;d33b0060-e9b;df0d8c45-6b8;c54fc753-4d3;7a9508fb-add;0504a27c-9d6,7,2026-09-28T04:03:44.253-03:00,2026-09-28T17:59:40.945-03:00,836,CAMARA,CAMARA,CAMARA,CTG_10235340298,2026-09-28,UKL882,SOJA,SOJA,SILO_CHIEF_2,SILO CHIEF 2,RICARDONE,EGRESO,E,95817,000301069793,0000300057698,10235340298,,30220,SOJA,SILO_CHIEF_2,,R29,SILO_CHIEF_2,RICARDONE,EXCEL_PLATFORM_PRODUCT,EXTERNAL_MATCH_FRAGMENTED,ROUTE_NO_EVALUABLE,DEPOSITO EN RICARDONE,2026-09-28T10:42:00,,2026-09-28T11:37:00,,,7,,,
3a7872a7-297,3a7872a7-297;886455ab-0ed,2,2026-09-28T09:42:56.367-03:00,2026-09-28T11:55:37.790-03:00,133,CAMARA,CAMARA,CAMARA,COMPROB_000404069527,2026-09-28,PMV179,METILATO DE SODIO,METILATO DE SODIO,,,TERMINAL_EMBARQUE,INGRESO,I,10913,000404069527,002200013019,0,,27420,METILATO DE SODIO,,,,,TERMINAL_EMBARQUE,EXCEL_PLATFORM_PRODUCT,EXTERNAL_MATCH_FRAGMENTED,ROUTE_NO_EVALUABLE,,2026-09-28T09:47:00,,2026-09-28T11:54:00,,,2,,,
ba8bfa87-cac,ba8bfa87-cac;396e3fb9-885;cd004f2c-2e3;1cdd93ce-ae7;1beb8b67-2fe;904d4234-f67;bbacf536-4fc,7,2026-09-28T04:29:42.744-03:00,2026-09-28T18:14:25.557-03:00,825,CAMARA,CAMARA,CAMARA,CTG_10235340431,2026-09-28,BVS300,SOJA,SOJA,SILO_CHIEF_2,SILO CHIEF 2,RICARDONE,EGRESO,E,95817,000301069794,0000300057699,10235340431,,30480,SOJA,SILO_CHIEF_2,,R29,SILO_CHIEF_2,RICARDONE,EXCEL_PLATFORM_PRODUCT,EXTERNAL_MATCH_FRAGMENTED,ROUTE_NO_EVALUABLE,DEPOSITO EN RICARDONE,2026-09-28T10:41:00,,2026-09-28T11:44:00,,,7,,,
bc9a70a7-4ee__cycle_2,bc9a70a7-4ee__cycle_2;99295bc9-590;f6f03176-004;b614f9a1-c07;6ef22a3e-1f8,5,2026-09-28T01:42:38.811-03:00,2026-09-28T13:49:02.848-03:00,726,CAMARA,CAMARA,CAMARA,CTG_10235340530,2026-09-28,UWX998,SOJA,SOJA,SILO_CHIEF_2,SILO CHIEF 2,RICARDONE,EGRESO,E,95817,000301069795,0000300057700,10235340530,,29400,SOJA,SILO_CHIEF_2,,R29,SILO_CHIEF_2,RICARDONE,EXCEL_PLATFORM_PRODUCT,EXTERNAL_MATCH_FRAGMENTED,ROUTE_NO_EVALUABLE,DEPOSITO EN RICARDONE,2026-09-28T10:47:00,,2026-09-28T11:52:00,,,5,,,
d96e90ca-f67,d96e90ca-f67,1,2026-09-28T11:29:22.851-03:00,2026-09-28T12:03:19.214-03:00,34,CAMARA,CAMARA,CAMARA,COMPROB_000404069530,2026-09-28,AA042AI,ESCORIA,ESCORIA,,,TERMINAL_EMBARQUE,INGRESO,I,10807,000404069530,000100159515,0,,34980,ESCORIA,,,,,TERMINAL_EMBARQUE,EXCEL_PLATFORM_PRODUCT,EXTERNAL_MATCH_EXACT,ROUTE_NO_EVALUABLE,,2026-09-28T11:32:00,,2026-09-28T12:02:00,,,1,,,
7829c1ee-2b7,7829c1ee-2b7,1,2026-09-28T04:54:48.648-03:00,2026-09-28T12:08:22.856-03:00,434,CAMARA,CAMARA,CAMARA,COMPROB_000400422763,2026-09-28,FEA642,ACEITE GIRASOL REFINADO,ACEITE GIRASOL REFINADO,ACEITE_OSL,ACEITE OSL,TERMINAL_EMBARQUE,EGRESO,E,11526,000400422763,,0,,28020,ACEITE GIRASOL REFINADO,ACEITE_OSL,LIQUIDO,SL1,ACEITE_OSL,TERMINAL_EMBARQUE,EXCEL_PLATFORM_PRODUCT,EXTERNAL_MATCH_EXACT,ROUTE_NO_EVALUABLE,FAZON RENOVA/BUNGE,2026-09-28T07:55:00,,2026-09-28T12:07:00,,,1,,,
bd69962b-a34,bd69962b-a34;d745fd1c-1ab;3dc75058-645;9061fdfe-429;b37220a5-5d3,5,2026-09-28T08:18:26.804-03:00,2026-09-28T15:45:56-03:00,447,CAMARA,CAMARA,CAMARA,COMPROB_000400422764,2026-09-28,EPH797,TIERRA DESC FILTROS,TIERRA DESC FILTROS,,,TERMINAL_EMBARQUE,EGRESO,E,11046,000400422764,,0,,2360,TIERRA DESC FILTROS,,,,,TERMINAL_EMBARQUE,EXCEL_PLATFORM_PRODUCT,EXTERNAL_MATCH_FRAGMENTED,ROUTE_NO_EVALUABLE,,2026-09-28T11:44:00,,2026-09-28T12:09:00,,,5,,,
b21fc08d-9c9,b21fc08d-9c9;8af704ec-aee,2,2026-09-28T10:19:17.295-03:00,2026-09-28T12:10:27.738-03:00,111,CAMARA,CAMARA,CAMARA,CTG_10235309148,2026-09-28,TCF390,GIRASOL,GIRASOL,VOLCABLE_2,VOLCABLE 2,RICARDONE,INGRESO,I,2000640,000301464867,0240000005021,10235309148,VIC055707280926,29920,GIRASOL,VOLCABLE_2,VOLCABLE,R6,VOLCABLE_2,RICARDONE,EXCEL_PLATFORM_PRODUCT,EXTERNAL_MATCH_FRAGMENTED,ROUTE_NO_EVALUABLE,"FAZON 2026, FAZON 2026",2026-09-28T10:20:00,2026-09-28T11:15:00,2026-09-28T12:11:00,,,2,,,
bd69962b-a34,bd69962b-a34;d745fd1c-1ab;3dc75058-645;9061fdfe-429;b37220a5-5d3,5,2026-09-28T08:18:26.804-03:00,2026-09-28T15:45:56-03:00,447,CAMARA,CAMARA,CAMARA,COMPROB_000400422765,2026-09-28,EPH797,SAL GLICERINOSA,SAL GLICERINOSA,,,TERMINAL_EMBARQUE,EGRESO,E,11031,000400422765,,0,,2360,SAL GLICERINOSA,,,,,TERMINAL_EMBARQUE,EXCEL_PLATFORM_PRODUCT,EXTERNAL_MATCH_FRAGMENTED,ROUTE_NO_EVALUABLE,REEMPLAZA ING 14501595.,2026-09-28T12:16:00,,2026-09-28T12:16:00,,,5,,,
bd69962b-a34,bd69962b-a34;d745fd1c-1ab;3dc75058-645;9061fdfe-429;b37220a5-5d3,5,2026-09-28T08:18:26.804-03:00,2026-09-28T15:45:56-03:00,447,CAMARA,CAMARA,CAMARA,COMPROB_000404069532,2026-09-28,EPH797,TIERRA DESC FILTROS,TIERRA DESC FILTROS,,,TERMINAL_EMBARQUE,DESPACHO,DE,11046,000404069532,0999400422764,0,,-2360,TIERRA DESC FILTROS,,,,,TERMINAL_EMBARQUE,EXCEL_PLATFORM_PRODUCT,EXTERNAL_MATCH_FRAGMENTED,ROUTE_NO_EVALUABLE,REEMPLAZADO POR ING 14501617  DEVOLUCION DESPACHO 000400422764,2026-09-28T12:17:00,,2026-09-28T12:17:00,,,5,,,
7ccbb0ea-d59,7ccbb0ea-d59;16d42c96-ec2,2,2026-09-28T05:19:23.261-03:00,2026-09-28T12:21:37.546-03:00,422,CAMARA,CAMARA,CAMARA,CTG_10135335283,2026-09-28,AI049XQ,SOJA,SOJA,VOLCABLE_PTO_4,VOLCABLE PTO 4,TERMINAL_EMBARQUE,INGRESO,I,2000655,000404069534,0000000000251,10135335283,VIC363052280926,35900,SOJA,VOLCABLE_PTO_4,SAN_LORENZO_VOLCABLE,R7,VOLCABLE_PTO_4,TERMINAL_EMBARQUE,EXCEL_PLATFORM_PRODUCT,EXTERNAL_MATCH_FRAGMENTED,ROUTE_NO_EVALUABLE,"FAZON 2026, FAZON 2026",2026-09-28T05:20:00,2026-09-28T07:48:00,2026-09-28T12:19:00,,,2,,,
7bd277a5-7d3,7bd277a5-7d3;bea73ecb-74a,2,2026-09-28T06:43:40.918-03:00,2026-09-28T13:21:48.069-03:00,398,CAMARA,CAMARA,CAMARA,COMPROB_000400422766,2026-09-28,EFA323,GLICERINA REFINADA,GLICERINA REFINADA,,,TERMINAL_EMBARQUE,EGRESO,E,10968,000400422766,,0,,23560,GLICERINA REFINADA,,LIQUIDO,R8,,TERMINAL_EMBARQUE,EXCEL_PLATFORM_PRODUCT,EXTERNAL_MATCH_FRAGMENTED,ROUTE_NO_EVALUABLE,DIRECTO DE RENOVA,2026-09-28T06:45:00,,2026-09-28T12:20:00,,,2,,,
372ad0af-3f8,372ad0af-3f8;45e2fd06-016,2,2026-09-28T09:40:02.260-03:00,2026-09-28T12:23:20.266-03:00,163,CAMARA,CAMARA,CAMARA,COMPROB_000400422767,2026-09-28,HWU967,RESIDUOS ASIMILABLES A DOMICILIARIOS,RESIDUOS ASIMILABLES A DOMICILIARIOS,,,TERMINAL_EMBARQUE,EGRESO,E,11004,000400422767,,0,,400,RESIDUOS ASIMILABLES A DOMICILIARIOS,,,,,TERMINAL_EMBARQUE,EXCEL_PLATFORM_PRODUCT,EXTERNAL_MATCH_FRAGMENTED,ROUTE_NO_EVALUABLE,,2026-09-28T11:41:00,,2026-09-28T12:22:00,,,2,,,
09829d87-8f8,09829d87-8f8;613fff7b-44c,2,2026-09-28T05:41:46.139-03:00,2026-09-28T12:29:11.046-03:00,407,CAMARA,CAMARA,CAMARA,CTG_10135331484,2026-09-28,OXN241,SOJA,SOJA,VOLCABLE_PTO_3,VOLCABLE PTO 3,TERMINAL_EMBARQUE,INGRESO,I,2000652,000404069536,0000000000719,10135331484,VIC360426280926,30520,SOJA,VOLCABLE_PTO_3,SAN_LORENZO_VOLCABLE,R7,VOLCABLE_PTO_3,TERMINAL_EMBARQUE,EXCEL_PLATFORM_PRODUCT,EXTERNAL_MATCH_FRAGMENTED,ROUTE_NO_EVALUABLE,"FAZON 2026, FAZON 2026",2026-09-28T05:43:00,2026-09-28T07:54:00,2026-09-28T12:26:00,,,2,,,
32c0966e-560,32c0966e-560;40af5b4d-711,2,2026-09-28T05:25:19.123-03:00,2026-09-28T12:31:45.868-03:00,426,CAMARA,CAMARA,CAMARA,CTG_10135327216,2026-09-28,OXH533,SOJA,SOJA,VOLCABLE_PTO_4,VOLCABLE PTO 4,TERMINAL_EMBARQUE,INGRESO,I,2000652,000404069537,0000000011904,10135327216,VIC001003280926,35280,SOJA,VOLCABLE_PTO_4,SAN_LORENZO_VOLCABLE,R7,VOLCABLE_PTO_4,TERMINAL_EMBARQUE,EXCEL_PLATFORM_PRODUCT,EXTERNAL_MATCH_FRAGMENTED,ROUTE_NO_EVALUABLE,"FAZON 2026, FAZON 2026",2026-09-28T05:26:00,2026-09-28T07:51:00,2026-09-28T12:29:00,,,2,,,
cb079e15-12e__cycle_3,cb079e15-12e__cycle_3;2c22168b-4af;fca32ca3-8ef;f97c7982-554;b74403bb-baf;c7ed3de8-87c,6,2026-09-28T01:27:23.943-03:00,2026-09-28T18:38:52.042-03:00,1031,CAMARA,CAMARA,CAMARA,CTG_10235340958,2026-09-28,AAE877,SOJA,SOJA,SILO_CHIEF_2,SILO CHIEF 2,RICARDONE,EGRESO,E,95817,000301069796,0000300057701,10235340958,,29680,SOJA,SILO_CHIEF_2,,R29,SILO_CHIEF_2,RICARDONE,EXCEL_PLATFORM_PRODUCT,EXTERNAL_MATCH_FRAGMENTED,ROUTE_NO_EVALUABLE,DEPOSITO EN RICARDONE,2026-09-28T10:54:00,,2026-09-28T12:15:00,,,6,,,
c8b2e7e3-132,c8b2e7e3-132,1,2026-09-28T08:12:00.372-03:00,2026-09-28T12:39:31.975-03:00,268,CAMARA,CAMARA,CAMARA,COMPROB_000400422768,2026-09-28,AGR963,ACEITE GIRASOL REFINADO,ACEITE GIRASOL REFINADO,ACEITE_OSL,ACEITE OSL,TERMINAL_EMBARQUE,EGRESO,E,11526,000400422768,,0,,27960,ACEITE GIRASOL REFINADO,ACEITE_OSL,LIQUIDO,SL1,ACEITE_OSL,TERMINAL_EMBARQUE,EXCEL_PLATFORM_PRODUCT,EXTERNAL_MATCH_EXACT,ROUTE_NO_EVALUABLE,FAZON RENOVA/BUNGE,2026-09-28T07:55:00,,2026-09-28T12:37:00,,,1,,,
1cc14e43-ee8,1cc14e43-ee8;193e28b0-453,2,2026-09-28T07:56:45.275-03:00,2026-09-28T12:23:11.456-03:00,266,CAMARA,CAMARA,CAMARA,CTG_10135328238,2026-09-28,LYQ463,SOJA,SOJA,VOLCABLE_PTO_3,VOLCABLE PTO 3,TERMINAL_EMBARQUE,INGRESO,I,2000655,000404069538,0000100014725,10135328238,VIC114247270926,35440,SOJA,VOLCABLE_PTO_3,SAN_LORENZO_VOLCABLE,R7,VOLCABLE_PTO_3,TERMINAL_EMBARQUE,EXCEL_PLATFORM_PRODUCT,EXTERNAL_MATCH_FRAGMENTED,ROUTE_NO_EVALUABLE,"FAZON 2026, FAZON 2026",2026-09-28T06:00:00,2026-09-28T08:01:00,2026-09-28T12:39:00,,,2,,,
0af390fc-773,0af390fc-773;8834ce03-083,2,2026-09-28T06:42:47.715-03:00,2026-09-28T12:43:41.915-03:00,361,CAMARA,CAMARA,CAMARA,CTG_10235323608,2026-09-28,JEF191,SOJA,SOJA,VOLCABLE_PTO_3,VOLCABLE PTO 3,TERMINAL_EMBARQUE,INGRESO,I,2000652,000404069539,0000200004968,10235323608,VIC104114280926,27960,SOJA,VOLCABLE_PTO_3,SAN_LORENZO_VOLCABLE,R7,VOLCABLE_PTO_3,TERMINAL_EMBARQUE,EXCEL_PLATFORM_PRODUCT,EXTERNAL_MATCH_FRAGMENTED,ROUTE_NO_EVALUABLE,"FAZON 2026, FAZON 2026",2026-09-28T06:43:00,2026-09-28T08:13:00,2026-09-28T12:41:00,,,2,,,
96c445ef-6e4,96c445ef-6e4;cf9164b3-0c7__cycle_2,2,2026-09-28T10:54:50.781-03:00,2026-09-28T15:40:31.398-03:00,286,CAMARA,CAMARA,CAMARA,COMPROB_000301464868,2026-09-28,VCK738,GLICERINA,GLICERINA,ACEITE,ACEITE,RICARDONE,INGRESO,I,11509,000301464868,0001100019241,0,,30120,GLICERINA,ACEITE,LIQUIDO,R8,ACEITE,RICARDONE,EXCEL_PLATFORM_PRODUCT,EXTERNAL_MATCH_FRAGMENTED,ROUTE_NO_EVALUABLE,,2026-09-28T11:02:00,2026-09-28T11:21:00,2026-09-28T12:44:00,,,2,,,
8b5d1ba9-619,8b5d1ba9-619;990501c8-75e,2,2026-09-28T06:49:12.055-03:00,2026-09-28T12:50:14.071-03:00,361,CAMARA,CAMARA,CAMARA,CTG_10135305834,2026-09-28,AI082AP,SOJA,SOJA,VOLCABLE_PTO_3,VOLCABLE PTO 3,TERMINAL_EMBARQUE,INGRESO,I,2000655,000404069540,0000000002695,10135305834,VIC197172280926,38640,SOJA,VOLCABLE_PTO_3,SAN_LORENZO_VOLCABLE,R7,VOLCABLE_PTO_3,TERMINAL_EMBARQUE,EXCEL_PLATFORM_PRODUCT,EXTERNAL_MATCH_FRAGMENTED,ROUTE_NO_EVALUABLE,"FAZON 2026, FAZON 2026",2026-09-28T07:12:00,2026-09-28T08:14:00,2026-09-28T12:47:00,,,2,,,
6a4d763a-a5c,6a4d763a-a5c;7c99e517-321,2,2026-09-28T06:42:16.193-03:00,2026-09-28T12:50:39.482-03:00,368,CAMARA,CAMARA,CAMARA,CTG_10235324632,2026-09-28,AC927DN,SOJA,SOJA,VOLCABLE_PTO_4,VOLCABLE PTO 4,TERMINAL_EMBARQUE,INGRESO,I,2000652,000404069541,0000100004674,10235324632,VIC015836280926,28480,SOJA,VOLCABLE_PTO_4,SAN_LORENZO_VOLCABLE,R7,VOLCABLE_PTO_4,TERMINAL_EMBARQUE,EXCEL_PLATFORM_PRODUCT,EXTERNAL_MATCH_FRAGMENTED,ROUTE_NO_EVALUABLE,"FAZON 2026, FAZON 2026",2026-09-28T06:43:00,2026-09-28T08:12:00,2026-09-28T12:48:00,,,2,,,
e5bd2773-ad3,e5bd2773-ad3;99958348-3a6,2,2026-09-28T05:28:43.856-03:00,2026-09-28T12:52:07.517-03:00,443,CAMARA,CAMARA,CAMARA,CTG_10135328058,2026-09-28,DCR052,SOJA,SOJA,VOLCABLE_PTO_4,VOLCABLE PTO 4,TERMINAL_EMBARQUE,INGRESO,I,2000655,000404069542,0000100014724,10135328058,VIC028539270926,29880,SOJA,VOLCABLE_PTO_4,SAN_LORENZO_VOLCABLE,R7,VOLCABLE_PTO_4,TERMINAL_EMBARQUE,EXCEL_PLATFORM_PRODUCT,EXTERNAL_MATCH_FRAGMENTED,ROUTE_NO_EVALUABLE,"FAZON 2026, FAZON 2026",2026-09-28T05:30:00,2026-09-28T07:57:00,2026-09-28T12:48:00,,,2,,,
fc5505c1-9f9__cycle_2,fc5505c1-9f9__cycle_2;c7db549d-d35;75352f8e-79c;e69d16a5-0bb;1f976994-4e9__cycle_1,5,2026-09-28T10:54:03.899-03:00,2026-09-28T15:53:17.960-03:00,299,CAMARA,CAMARA,CAMARA,CTG_10235341561,2026-09-28,UYM942,SOJA,SOJA,SILO_CHIEF_2,SILO CHIEF 2,RICARDONE,EGRESO,E,95817,000301069797,0000300057702,10235341561,,29320,SOJA,SILO_CHIEF_2,,R29,SILO_CHIEF_2,RICARDONE,EXCEL_PLATFORM_PRODUCT,EXTERNAL_MATCH_FRAGMENTED,ROUTE_NO_EVALUABLE,DEPOSITO EN RICARDONE,2026-09-28T10:55:00,,2026-09-28T12:24:00,,,5,,,
e95e801e-7c2,e95e801e-7c2;f8e79220-e6b;94649616-ee2;626fda8a-f26;f5090400-a5b;bad8f3fd-913;6f6ce515-bd1;45429084-b31,8,2026-09-28T03:51:12.331-03:00,2026-09-28T19:36:57.390-03:00,946,CAMARA,CAMARA,CAMARA,CTG_10235341571,2026-09-28,EEW075,SOJA,SOJA,SILO_CHIEF_2,SILO CHIEF 2,RICARDONE,EGRESO,E,95817,000301069798,0000300057703,10235341571,,27860,SOJA,SILO_CHIEF_2,,R29,SILO_CHIEF_2,RICARDONE,EXCEL_PLATFORM_PRODUCT,EXTERNAL_MATCH_FRAGMENTED,ROUTE_NO_EVALUABLE,DEPOSITO EN RICARDONE,2026-09-28T10:54:00,,2026-09-28T12:33:00,,,8,,,
cf348fc3-921,cf348fc3-921;41d32757-272;128e5c1d-9c9;fc2a994a-3d8__cycle_1,4,2026-09-28T10:46:55.153-03:00,2026-09-28T15:55:13.644-03:00,308,CAMARA,CAMARA,CAMARA,CTG_10235341590,2026-09-28,DGR440,SOJA,SOJA,SILO_CHIEF_2,SILO CHIEF 2,RICARDONE,EGRESO,E,95817,000301069799,0000300057704,10235341590,,31540,SOJA,SILO_CHIEF_2,,R29,SILO_CHIEF_2,RICARDONE,EXCEL_PLATFORM_PRODUCT,EXTERNAL_MATCH_FRAGMENTED,ROUTE_NO_EVALUABLE,DEPOSITO EN RICARDONE,2026-09-28T10:48:00,,2026-09-28T12:38:00,,,4,,,
6cb84dea-9f0,6cb84dea-9f0,1,2026-09-28T12:55:09.894-03:00,2026-09-28T13:29:02.349-03:00,34,CAMARA,CAMARA,CAMARA,COMPROB_000301069800,2026-09-28,KQO037,PRODUCTOS VARIOS,PRODUCTOS VARIOS,VARIOS,VARIOS,RICARDONE,EGRESO,E,11230,000301069800,,0,,6420,PRODUCTOS VARIOS,VARIOS,,,VARIOS,RICARDONE,EXCEL_PLATFORM_PRODUCT,EXTERNAL_MATCH_EXACT,ROUTE_NO_EVALUABLE,"MOV ALMACENES, MERCADERIAS VARIAS DE RICARDONE A PUERTO., MOV ALMACENES",2026-09-28T10:06:00,,2026-09-28T12:56:00,,,1,,,
e6309b47-803,e6309b47-803;3c74619f-d92,2,2026-09-28T09:44:43.864-03:00,2026-09-28T15:25:43.751-03:00,341,CAMARA,CAMARA,CAMARA,COMPROB_000301069801,2026-09-28,MTM450,PRODUCTOS VARIOS,PRODUCTOS VARIOS,VARIOS,VARIOS,RICARDONE,EGRESO,E,11230,000301069801,,0,,6820,PRODUCTOS VARIOS,VARIOS,,,VARIOS,RICARDONE,EXCEL_PLATFORM_PRODUCT,EXTERNAL_MATCH_FRAGMENTED,ROUTE_NO_EVALUABLE,"MOV ALMACENES, MERCADERIAS VARIAS DE RICARDONE A PUERTO., MOV ALMACENES",2026-09-28T10:08:00,,2026-09-28T12:56:00,,,2,,,
6754b0b8-2e9,6754b0b8-2e9;0a981b35-e79,2,2026-09-28T06:10:37.120-03:00,2026-09-28T13:02:42.210-03:00,412,CAMARA,CAMARA,CAMARA,CTG_10135318802,2026-09-28,AC085XD,SOJA,SOJA,VOLCABLE_PTO_4,VOLCABLE PTO 4,TERMINAL_EMBARQUE,INGRESO,I,2000652,000404069543,0000000006806,10135318802,VIC892695280926,30100,SOJA,VOLCABLE_PTO_4,SAN_LORENZO_VOLCABLE,R7,VOLCABLE_PTO_4,TERMINAL_EMBARQUE,EXCEL_PLATFORM_PRODUCT,EXTERNAL_MATCH_FRAGMENTED,ROUTE_NO_EVALUABLE,"FAZON 2026, FAZON 2026",2026-09-28T06:11:00,2026-09-28T08:03:00,2026-09-28T12:59:00,,,2,,,
3581c949-958,3581c949-958;28cbd295-ddb,2,2026-09-28T06:06:14.625-03:00,2026-09-28T13:05:35.760-03:00,419,CAMARA,CAMARA,CAMARA,CTG_10235335297,2026-09-28,LSL463,SOJA,SOJA,VOLCABLE_PTO_3,VOLCABLE PTO 3,TERMINAL_EMBARQUE,INGRESO,I,2000655,000404069544,0000500006263,10235335297,VIC925280280926,36100,SOJA,VOLCABLE_PTO_3,SAN_LORENZO_VOLCABLE,R7,VOLCABLE_PTO_3,TERMINAL_EMBARQUE,EXCEL_PLATFORM_PRODUCT,EXTERNAL_MATCH_FRAGMENTED,ROUTE_NO_EVALUABLE,"FAZON 2026, FAZON 2026",2026-09-28T06:07:00,2026-09-28T08:05:00,2026-09-28T13:03:00,,,2,,,
103f60e7-fc2,103f60e7-fc2,1,2026-09-28T06:15:40.852-03:00,2026-09-28T13:10:35.040-03:00,415,CAMARA,CAMARA,CAMARA,COMPROB_000400422769,2026-09-28,AD195CG,ACEITE GIRASOL REFINADO,ACEITE GIRASOL REFINADO,ACEITE_OSL,ACEITE OSL,TERMINAL_EMBARQUE,EGRESO,E,11526,000400422769,,0,,28020,ACEITE GIRASOL REFINADO,ACEITE_OSL,LIQUIDO,SL1,ACEITE_OSL,TERMINAL_EMBARQUE,EXCEL_PLATFORM_PRODUCT,EXTERNAL_MATCH_EXACT,ROUTE_NO_EVALUABLE,FAZON RENOVA/BUNGE,2026-09-28T07:56:00,,2026-09-28T13:09:00,,,1,,,
e38a2866-7b6__cycle_2,e38a2866-7b6__cycle_2;25e3733b-02b;3fb6bc88-301;154fa7e9-d20;91ae0478-fe0__cycle_1,5,2026-09-28T01:47:24.576-03:00,2026-09-29T00:45:23.580-03:00,1378,CAMARA,CAMARA,CAMARA,CTG_10235341914,2026-09-28,CIE516,SOJA,SOJA,SILO_CHIEF_2,SILO CHIEF 2,RICARDONE,EGRESO,E,95817,000301069802,0000300057705,10235341914,,29020,SOJA,SILO_CHIEF_2,,R29,SILO_CHIEF_2,RICARDONE,EXCEL_PLATFORM_PRODUCT,EXTERNAL_MATCH_FRAGMENTED,ROUTE_NO_EVALUABLE,DEPOSITO EN RICARDONE,2026-09-28T11:03:00,,2026-09-28T12:41:00,,,5,,,
461c06dc-187,461c06dc-187;ad51c167-27d;d8fe3c3a-056;29a95723-092;241b85c7-982;f5751a42-11d,6,2026-09-28T07:22:25.164-03:00,2026-09-28T22:40:15.495-03:00,918,CAMARA,CAMARA,CAMARA,CTG_10235341922,2026-09-28,BHL749,SOJA,SOJA,SILO_CHIEF_2,SILO CHIEF 2,RICARDONE,EGRESO,E,95817,000301069803,0000300057706,10235341922,,30000,SOJA,SILO_CHIEF_2,,R29,SILO_CHIEF_2,RICARDONE,EXCEL_PLATFORM_PRODUCT,EXTERNAL_MATCH_FRAGMENTED,ROUTE_NO_EVALUABLE,DEPOSITO EN RICARDONE,2026-09-28T11:03:00,,2026-09-28T12:52:00,,,6,,,
0ce74c43-3f9,0ce74c43-3f9;43e0653b-0c5;e19c1828-fe0;a41fabf9-a3d;58088ea3-a37,5,2026-09-28T11:07:07.062-03:00,2026-09-28T21:05:45.490-03:00,599,CAMARA,CAMARA,CAMARA,CTG_10235341934,2026-09-28,TVH101,SOJA,SOJA,SILO_CHIEF_2,SILO CHIEF 2,RICARDONE,EGRESO,E,95817,000301069804,0000300057707,10235341934,,28360,SOJA,SILO_CHIEF_2,,R29,SILO_CHIEF_2,RICARDONE,EXCEL_PLATFORM_PRODUCT,EXTERNAL_MATCH_FRAGMENTED,ROUTE_NO_EVALUABLE,DEPOSITO EN RICARDONE,2026-09-28T11:08:00,,2026-09-28T13:01:00,,,5,,,
3ae10c32-91f,3ae10c32-91f;4c06dba8-326;68f2ee54-f0c;dd266833-5e6;e777c5ec-bcd;a976b926-3a8__cycle_1,6,2026-09-27T19:45:17.666-03:00,2026-09-29T02:09:53.412-03:00,1825,CAMARA,CAMARA,CAMARA,CTG_10235342019,2026-09-28,UUL425,SOJA,SOJA,SILO_CHIEF_2,SILO CHIEF 2,RICARDONE,EGRESO,E,95817,000301069805,0000300057708,10235342019,,25920,SOJA,SILO_CHIEF_2,,R29,SILO_CHIEF_2,RICARDONE,EXCEL_PLATFORM_PRODUCT,EXTERNAL_MATCH_FRAGMENTED,ROUTE_NO_EVALUABLE,DEPOSITO EN RICARDONE,2026-09-28T11:06:00,,2026-09-28T13:09:00,,,6,,,
5eb5a233-857,5eb5a233-857,1,2026-09-28T12:53:21.245-03:00,2026-09-28T13:25:30.478-03:00,32,CAMARA,CAMARA,CAMARA,COMPROB_000404069548,2026-09-28,HQX320,ESCORIA,ESCORIA,,,TERMINAL_EMBARQUE,INGRESO,I,10807,000404069548,000100158842,0,,29660,ESCORIA,,,,,TERMINAL_EMBARQUE,EXCEL_PLATFORM_PRODUCT,EXTERNAL_MATCH_EXACT,ROUTE_NO_EVALUABLE,,2026-09-28T12:57:00,,2026-09-28T13:23:00,,,1,,,
1ece3bf5-873,1ece3bf5-873;391da4d7-876,2,2026-09-28T07:20:52.728-03:00,2026-09-28T13:30:08.509-03:00,369,CAMARA,CAMARA,CAMARA,CTG_10235320859,2026-09-28,AA326VM,SOJA,SOJA,VOLCABLE_PTO_4,VOLCABLE PTO 4,TERMINAL_EMBARQUE,INGRESO,I,2000655,000404069551,0000100006781,10235320859,VIC759837280926,29220,SOJA,VOLCABLE_PTO_4,SAN_LORENZO_VOLCABLE,R7,VOLCABLE_PTO_4,TERMINAL_EMBARQUE,EXCEL_PLATFORM_PRODUCT,EXTERNAL_MATCH_FRAGMENTED,ROUTE_NO_EVALUABLE,"FAZON 2026, FAZON 2026",2026-09-28T07:22:00,2026-09-28T08:22:00,2026-09-28T13:27:00,,,2,,,
c8a7d8bd-787__cycle_2,c8a7d8bd-787__cycle_2;037292e1-783;819a3e78-aa8;a042068e-b16;f96ee1d0-b77;b9ce8e65-d66,6,2026-09-28T02:04:25.753-03:00,2026-09-28T16:08:38.545-03:00,844,CAMARA,CAMARA,CAMARA,CTG_10235342236,2026-09-28,RQC013,SOJA,SOJA,SILO_CHIEF_2,SILO CHIEF 2,RICARDONE,EGRESO,E,95817,000301069806,0000300057709,10235342236,,28360,SOJA,SILO_CHIEF_2,,R29,SILO_CHIEF_2,RICARDONE,EXCEL_PLATFORM_PRODUCT,EXTERNAL_MATCH_FRAGMENTED,ROUTE_NO_EVALUABLE,DEPOSITO EN RICARDONE,2026-09-28T11:08:00,,2026-09-28T13:18:00,,,6,,,
7f2cd5d9-74a,7f2cd5d9-74a;87ea21fb-c2d__cycle_1,2,2026-09-28T08:17:56.448-03:00,2026-09-28T11:08:02.949-03:00,170,CAMARA,CAMARA,CAMARA,COMPROB_000400422770,2026-09-28,PMK919,GLICERINA REFINADA,GLICERINA REFINADA,,,TERMINAL_EMBARQUE,EGRESO,E,10968,000400422770,,0,,23600,GLICERINA REFINADA,,LIQUIDO,R8,,TERMINAL_EMBARQUE,EXCEL_PLATFORM_PRODUCT,EXTERNAL_MATCH_FRAGMENTED,ROUTE_NO_EVALUABLE,DIRECTO DE RENOVA,2026-09-28T08:22:00,,2026-09-28T13:31:00,,,2,,,
9091cb57-552,9091cb57-552;19d6bc0a-5d7__cycle_1,2,2026-09-28T07:30:35.273-03:00,2026-09-28T15:25:28.953-03:00,475,CAMARA,CAMARA,CAMARA,COMPROB_009702023083,2026-09-28,EAO104,ACEITE GIRASOL REFINADO,ACEITE GIRASOL REFINADO,,,RENOPACK,INGRESO,I,50042,009702023083,0000500066513,0,,28170,ACEITE GIRASOL REFINADO,,LIQUIDO,,,RENOPACK,EXCEL_PLATFORM_PRODUCT,EXTERNAL_MATCH_FRAGMENTED,ROUTE_NO_EVALUABLE,"RECIBOS ACEITE REFINADO GIRASOL COMMODITIES, RECIBOS ACEITE REFINADO GIRASOL COMMODITIES",2026-09-28T08:59:00,,2026-09-28T13:37:00,,,2,,,
0173e149-ad8,0173e149-ad8;75af57f0-59e,2,2026-09-28T07:15:04.067-03:00,2026-09-28T13:43:30.927-03:00,388,CAMARA,CAMARA,CAMARA,CTG_10135333445,2026-09-28,NTB872,SOJA,SOJA,VOLCABLE_PTO_3,VOLCABLE PTO 3,TERMINAL_EMBARQUE,INGRESO,I,2000655,000404069553,0000000000138,10135333445,VIC666197280926,30740,SOJA,VOLCABLE_PTO_3,SAN_LORENZO_VOLCABLE,R7,VOLCABLE_PTO_3,TERMINAL_EMBARQUE,EXCEL_PLATFORM_PRODUCT,EXTERNAL_MATCH_FRAGMENTED,ROUTE_NO_EVALUABLE,"FAZON 2026, FAZON 2026",2026-09-28T07:16:00,2026-09-28T08:18:00,2026-09-28T13:41:00,,,2,,,
8d9fe7a3-2dd,8d9fe7a3-2dd,1,2026-09-28T08:17:27.143-03:00,2026-09-28T13:44:11.423-03:00,327,CAMARA,CAMARA,CAMARA,COMPROB_000400422771,2026-09-28,HAQ820,ACEITE GIRASOL REFINADO,ACEITE GIRASOL REFINADO,ACEITE_OSL,ACEITE OSL,TERMINAL_EMBARQUE,EGRESO,E,11526,000400422771,,0,,27920,ACEITE GIRASOL REFINADO,ACEITE_OSL,LIQUIDO,SL1,ACEITE_OSL,TERMINAL_EMBARQUE,EXCEL_PLATFORM_PRODUCT,EXTERNAL_MATCH_EXACT,ROUTE_NO_EVALUABLE,FAZON RENOVA/BUNGE,2026-09-28T07:58:00,,2026-09-28T13:42:00,,,1,,,
bd69962b-a34,bd69962b-a34;d745fd1c-1ab;3dc75058-645;9061fdfe-429;b37220a5-5d3,5,2026-09-28T08:18:26.804-03:00,2026-09-28T15:45:56-03:00,447,CAMARA,CAMARA,CAMARA,COMPROB_000400422772,2026-09-28,EPH797,TIERRA DESC FILTROS,TIERRA DESC FILTROS,,,TERMINAL_EMBARQUE,EGRESO,E,11046,000400422772,,0,,1280,TIERRA DESC FILTROS,,,,,TERMINAL_EMBARQUE,EXCEL_PLATFORM_PRODUCT,EXTERNAL_MATCH_FRAGMENTED,ROUTE_NO_EVALUABLE,,2026-09-28T13:15:00,,2026-09-28T13:47:00,,,5,,,
7b370e9f-d4a,7b370e9f-d4a;629f3689-76f,2,2026-09-28T07:21:41.932-03:00,2026-09-28T13:54:41.195-03:00,393,CAMARA,CAMARA,CAMARA,CTG_10135321516,2026-09-28,AA719GV,SOJA,SOJA,VOLCABLE_PTO_3,VOLCABLE PTO 3,TERMINAL_EMBARQUE,INGRESO,I,2000655,000404069554,0000000001552,10135321516,VIC999011270926,36080,SOJA,VOLCABLE_PTO_3,SAN_LORENZO_VOLCABLE,R7,VOLCABLE_PTO_3,TERMINAL_EMBARQUE,EXCEL_PLATFORM_PRODUCT,EXTERNAL_MATCH_FRAGMENTED,ROUTE_NO_EVALUABLE,"FAZON 2026, FAZON 2026",2026-09-28T07:23:00,2026-09-28T08:24:00,2026-09-28T13:52:00,,,2,,,
805da700-10a,805da700-10a;79af09eb-908,2,2026-09-28T07:26:00.584-03:00,2026-09-28T13:58:14.761-03:00,392,CAMARA,CAMARA,CAMARA,CTG_10135335206,2026-09-28,OAT016,SOJA,SOJA,VOLCABLE_PTO_3,VOLCABLE PTO 3,TERMINAL_EMBARQUE,INGRESO,I,2000655,000404069555,0000100000192,10135335206,VIC129797280926,38240,SOJA,VOLCABLE_PTO_3,SAN_LORENZO_VOLCABLE,R7,VOLCABLE_PTO_3,TERMINAL_EMBARQUE,EXCEL_PLATFORM_PRODUCT,EXTERNAL_MATCH_FRAGMENTED,ROUTE_NO_EVALUABLE,"FAZON 2026, FAZON 2026",2026-09-28T07:27:00,2026-09-28T08:25:00,2026-09-28T13:56:00,,,2,,,
ea77a7be-8a0,ea77a7be-8a0;34c10551-0fa,2,2026-09-28T07:13:19.502-03:00,2026-09-28T13:58:43.532-03:00,405,CAMARA,CAMARA,CAMARA,CTG_10235326156,2026-09-28,FTY810,SOJA,SOJA,VOLCABLE_PTO_4,VOLCABLE PTO 4,TERMINAL_EMBARQUE,INGRESO,I,2000655,000404069556,0000100001947,10235326156,VIC811262270926,30680,SOJA,VOLCABLE_PTO_4,SAN_LORENZO_VOLCABLE,R7,VOLCABLE_PTO_4,TERMINAL_EMBARQUE,EXCEL_PLATFORM_PRODUCT,EXTERNAL_MATCH_FRAGMENTED,ROUTE_NO_EVALUABLE,"FAZON 2026, FAZON 2026",2026-09-28T07:15:00,2026-09-28T08:16:00,2026-09-28T13:57:00,,,2,,,
0bbdbb27-287,0bbdbb27-287;6c39fdfe-e44;84fe953d-c99;9fb4010b-f4c;00e60f90-472,5,2026-09-28T05:36:17.720-03:00,2026-09-28T15:31:14.047-03:00,595,CAMARA,CAMARA,CAMARA,CTG_10235342753,2026-09-28,CGS172,SOJA,SOJA,SILO_CHIEF_2,SILO CHIEF 2,RICARDONE,EGRESO,E,95817,000301069807,0000300057710,10235342753,,29800,SOJA,SILO_CHIEF_2,,R29,SILO_CHIEF_2,RICARDONE,EXCEL_PLATFORM_PRODUCT,EXTERNAL_MATCH_FRAGMENTED,ROUTE_NO_EVALUABLE,DEPOSITO EN RICARDONE,2026-09-28T11:09:00,,2026-09-28T13:41:00,,,5,,,
24cdc20a-d4d,24cdc20a-d4d;e54db273-1e8,2,2026-09-28T07:40:31.129-03:00,2026-09-28T20:54:42.385-03:00,794,CAMARA,CAMARA,CAMARA,COMPROB_009702023084,2026-09-28,LGZ704,ACEITE GIRASOL REFINADO,ACEITE GIRASOL REFINADO,,,RENOPACK,INGRESO,I,50042,009702023084,0000500066517,0,,27900,ACEITE GIRASOL REFINADO,,LIQUIDO,,,RENOPACK,EXCEL_PLATFORM_PRODUCT,EXTERNAL_MATCH_FRAGMENTED,ROUTE_NO_EVALUABLE,"RECIBOS ACEITE REFINADO GIRASOL COMMODITIES, RECIBOS ACEITE REFINADO GIRASOL COMMODITIES",2026-09-28T09:53:00,,2026-09-28T14:05:00,,,2,,,
5c4308a4-0fd,5c4308a4-0fd;cee8f0f1-5c9,2,2026-09-28T07:16:00.069-03:00,2026-09-28T14:13:11.519-03:00,417,CAMARA,CAMARA,CAMARA,CTG_10235325495,2026-09-28,AH050CZ,SOJA,SOJA,VOLCABLE_PTO_3,VOLCABLE PTO 3,TERMINAL_EMBARQUE,INGRESO,I,2000651,000404069558,0004600009528,10235325495,VIC736252270926,29120,SOJA,VOLCABLE_PTO_3,SAN_LORENZO_VOLCABLE,R7,VOLCABLE_PTO_3,TERMINAL_EMBARQUE,EXCEL_PLATFORM_PRODUCT,EXTERNAL_MATCH_FRAGMENTED,ROUTE_NO_EVALUABLE,"FAZON 2026, FAZON 2026",2026-09-28T07:17:00,2026-09-28T08:21:00,2026-09-28T14:09:00,,,2,,,
50870c34-6d1,50870c34-6d1;86b28549-d0a;27ceef3a-2ca;8767e5ac-ea1;a4432862-2ff;96e8795e-630,6,2026-09-28T03:10:22.546-03:00,2026-09-28T19:56:11.137-03:00,1006,CAMARA,CAMARA,CAMARA,CTG_10235343115,2026-09-28,GES056,SOJA,SOJA,SILO_CHIEF_2,SILO CHIEF 2,RICARDONE,EGRESO,E,95817,000301069808,0000300057711,10235343115,,28800,SOJA,SILO_CHIEF_2,,R29,SILO_CHIEF_2,RICARDONE,EXCEL_PLATFORM_PRODUCT,EXTERNAL_MATCH_FRAGMENTED,ROUTE_NO_EVALUABLE,DEPOSITO EN RICARDONE,2026-09-28T11:10:00,,2026-09-28T14:08:00,,,6,,,
4c0f9ab1-98b,4c0f9ab1-98b;bcdf4379-b32;df0f673f-115;2adab634-2f8;a78ea04b-3ba;39627724-dce;dad4fdc3-2cf,7,2026-09-28T02:55:28.174-03:00,2026-09-28T20:10:59.427-03:00,1036,CAMARA,CAMARA,CAMARA,CTG_10235343146,2026-09-28,RXV065,SOJA,SOJA,SILO_CHIEF_2,SILO CHIEF 2,RICARDONE,EGRESO,E,95817,000301069809,0000300057712,10235343146,,28540,SOJA,SILO_CHIEF_2,,R29,SILO_CHIEF_2,RICARDONE,EXCEL_PLATFORM_PRODUCT,EXTERNAL_MATCH_FRAGMENTED,ROUTE_NO_EVALUABLE,DEPOSITO EN RICARDONE,2026-09-28T11:15:00,,2026-09-28T14:02:00,,,7,,,
81de40eb-405,81de40eb-405;33df571b-974,2,2026-09-28T07:35:38.700-03:00,2026-09-28T14:19:50.599-03:00,404,CAMARA,CAMARA,CAMARA,CTG_10135321484,2026-09-28,AI357BQ,SOJA,SOJA,VOLCABLE_PTO_3,VOLCABLE PTO 3,TERMINAL_EMBARQUE,INGRESO,I,2000655,000404069559,0000000001551,10135321484,VIC296348270926,37060,SOJA,VOLCABLE_PTO_3,SAN_LORENZO_VOLCABLE,R7,VOLCABLE_PTO_3,TERMINAL_EMBARQUE,EXCEL_PLATFORM_PRODUCT,EXTERNAL_MATCH_FRAGMENTED,ROUTE_NO_EVALUABLE,"FAZON 2026, FAZON 2026",2026-09-28T07:37:00,2026-09-28T08:30:00,2026-09-28T14:17:00,,,2,,,
0d518bef-dcb__cycle_1,0d518bef-dcb__cycle_1;e7cbd221-592,2,2026-09-27T22:47:45.365-03:00,2026-09-28T14:21:20.395-03:00,934,CAMARA,CAMARA,CAMARA,CTG_10235316916,2026-09-28,EPC180,SOJA,SOJA,VOLCABLE_PTO_4,VOLCABLE PTO 4,TERMINAL_EMBARQUE,INGRESO,I,2000655,000404069560,0000000072759,10235316916,VIC401541270926,28920,SOJA,VOLCABLE_PTO_4,SAN_LORENZO_VOLCABLE,R7,VOLCABLE_PTO_4,TERMINAL_EMBARQUE,EXCEL_PLATFORM_PRODUCT,EXTERNAL_MATCH_FRAGMENTED,ROUTE_NO_EVALUABLE,"FAZON 2026, FAZON 2026",2026-09-27T22:49:00,2026-09-27T23:10:00,2026-09-28T14:18:00,,,2,,,
984377d1-9f1,984377d1-9f1;5219ca3f-9eb,2,2026-09-28T08:23:02.784-03:00,2026-09-28T14:23:42.291-03:00,361,CAMARA,CAMARA,CAMARA,CTG_10135326790,2026-09-28,HNW234,SOJA,SOJA,VOLCABLE_PTO_3,VOLCABLE PTO 3,TERMINAL_EMBARQUE,INGRESO,I,2000652,000404069561,0000000000457,10135326790,VIC895549270926,27880,SOJA,VOLCABLE_PTO_3,SAN_LORENZO_VOLCABLE,R7,VOLCABLE_PTO_3,TERMINAL_EMBARQUE,EXCEL_PLATFORM_PRODUCT,EXTERNAL_MATCH_FRAGMENTED,ROUTE_NO_EVALUABLE,"FAZON 2026, FAZON 2026",2026-09-28T08:24:00,2026-09-28T08:45:00,2026-09-28T14:21:00,,,2,,,
d83ff30a-978,d83ff30a-978,1,2026-09-28T06:29:54.343-03:00,2026-09-28T14:23:14.760-03:00,473,CAMARA,CAMARA,CAMARA,COMPROB_000400422773,2026-09-28,SCG152,ACEITE GIRASOL REFINADO,ACEITE GIRASOL REFINADO,ACEITE_OSL,ACEITE OSL,TERMINAL_EMBARQUE,EGRESO,E,11526,000400422773,,0,,27260,ACEITE GIRASOL REFINADO,ACEITE_OSL,LIQUIDO,SL1,ACEITE_OSL,TERMINAL_EMBARQUE,EXCEL_PLATFORM_PRODUCT,EXTERNAL_MATCH_EXACT,ROUTE_NO_EVALUABLE,FAZON RENOVA/BUNGE,2026-09-28T07:57:00,,2026-09-28T14:22:00,,,1,,,
9229d812-4d5,9229d812-4d5;9911b85d-93e;0cd846d1-5a6,3,2026-09-28T07:34:16.376-03:00,2026-09-28T14:29:38.270-03:00,415,CAMARA,CAMARA,CAMARA,COMPROB_000301069810,2026-09-28,FEA810,RESIDUOS ORG,RESIDUOS ORG.,,,RICARDONE,EGRESO,E,11260,000301069810,,0,,-20,RESIDUOS ORG,,,,,RICARDONE,EXCEL_PLATFORM_PRODUCT,EXTERNAL_MATCH_FRAGMENTED,ROUTE_NO_EVALUABLE,POZOS NEGROS-DESTINO EFLUENTE RICARDONE.,2026-09-28T07:36:00,,2026-09-28T14:22:00,,,3,,,
df8f4e2a-dd0,df8f4e2a-dd0;4ce6835e-a22,2,2026-09-28T08:24:40.709-03:00,2026-09-28T17:21:59.596-03:00,537,CAMARA,CAMARA,CAMARA,COMPROB_000400422774,2026-09-28,AD806UM,GLICERINA REFINADA,GLICERINA REFINADA,,,TERMINAL_EMBARQUE,EGRESO,E,10968,000400422774,,0,,23300,GLICERINA REFINADA,,LIQUIDO,R8,,TERMINAL_EMBARQUE,EXCEL_PLATFORM_PRODUCT,EXTERNAL_MATCH_FRAGMENTED,ROUTE_NO_EVALUABLE,DIRECTO DE RENOVA,2026-09-28T08:27:00,,2026-09-28T14:28:00,,,2,,,
7ff849ca-1b9,7ff849ca-1b9;abb212d8-b7e;6a604e9d-ac4;24d0eb31-540;bb788aea-066;9b592a59-12b__cycle_1,6,2026-09-27T18:44:44.975-03:00,2026-09-28T20:34:16.863-03:00,1550,CAMARA,CAMARA,CAMARA,CTG_10235343453,2026-09-28,CGV979,SOJA,SOJA,SILO_CHIEF_2,SILO CHIEF 2,RICARDONE,EGRESO,E,95817,000301069811,0000300057713,10235343453,,29120,SOJA,SILO_CHIEF_2,,R29,SILO_CHIEF_2,RICARDONE,EXCEL_PLATFORM_PRODUCT,EXTERNAL_MATCH_FRAGMENTED,ROUTE_NO_EVALUABLE,DEPOSITO EN RICARDONE,2026-09-28T11:29:00,,2026-09-28T14:21:00,,,6,,,
fd8a89ef-2b3,fd8a89ef-2b3;d749ed22-c49,2,2026-09-28T07:28:34.675-03:00,2026-09-28T14:36:03.988-03:00,427,CAMARA,CAMARA,CAMARA,CTG_10235324132,2026-09-28,CCO763,SOJA,SOJA,VOLCABLE_PTO_4,VOLCABLE PTO 4,TERMINAL_EMBARQUE,INGRESO,I,2000652,000404069562,0000000004586,10235324132,VIC928535280926,29220,SOJA,VOLCABLE_PTO_4,SAN_LORENZO_VOLCABLE,R7,VOLCABLE_PTO_4,TERMINAL_EMBARQUE,EXCEL_PLATFORM_PRODUCT,EXTERNAL_MATCH_FRAGMENTED,ROUTE_NO_EVALUABLE,"FAZON 2026, FAZON 2026",2026-09-28T07:30:00,2026-09-28T08:27:00,2026-09-28T14:29:00,,,2,,,
cb814270-9a0,cb814270-9a0;f9bef420-2a4;a0592f2a-799;9f506975-aed;afa5933c-0d0;75838d2e-2bf;e6e0cd2d-b00,7,2026-09-28T04:27:50.766-03:00,2026-09-28T20:54:53.743-03:00,987,CAMARA,CAMARA,CAMARA,CTG_10235343707,2026-09-28,EVL273,SOJA,SOJA,SILO_CHIEF_2,SILO CHIEF 2,RICARDONE,EGRESO,E,95817,000301069812,0000300057714,10235343707,,28220,SOJA,SILO_CHIEF_2,,R29,SILO_CHIEF_2,RICARDONE,EXCEL_PLATFORM_PRODUCT,EXTERNAL_MATCH_FRAGMENTED,ROUTE_NO_EVALUABLE,DEPOSITO EN RICARDONE,2026-09-28T11:28:00,,2026-09-28T14:32:00,,,7,,,
809de22a-332,809de22a-332;7599bf1b-a74;f0df2a81-a77;4c90398f-0ac;a83eca6c-205,5,2026-09-28T06:01:18.450-03:00,2026-09-28T16:52:18.644-03:00,651,CAMARA,CAMARA,CAMARA,CTG_10235343836,2026-09-28,RNM392,SOJA,SOJA,SILO_CHIEF_2,SILO CHIEF 2,RICARDONE,EGRESO,E,95817,000301069813,0000300057715,10235343836,,30280,SOJA,SILO_CHIEF_2,,R29,SILO_CHIEF_2,RICARDONE,EXCEL_PLATFORM_PRODUCT,EXTERNAL_MATCH_FRAGMENTED,ROUTE_NO_EVALUABLE,DEPOSITO EN RICARDONE,2026-09-28T11:33:00,,2026-09-28T14:33:00,,,5,,,
fd66cb37-c72,fd66cb37-c72,1,2026-09-28T12:18:51.366-03:00,2026-09-28T14:44:09.462-03:00,145,CAMARA,CAMARA,CAMARA,COMPROB_000400422778,2026-09-28,AB608FC,RESIDUOS ORG,RESIDUOS ORG.,,,TERMINAL_EMBARQUE,EGRESO,E,11003,000400422778,,0,,26100,RESIDUOS ORG,,,,,TERMINAL_EMBARQUE,EXCEL_PLATFORM_PRODUCT,EXTERNAL_MATCH_EXACT,ROUTE_NO_EVALUABLE,"RUTINA, DESPACHO RESIDUOS ORGANICOS FUERA DE PLANTA:DF, RUTINA",2026-09-28T12:22:00,,2026-09-28T14:43:00,,,1,,,
c25ef600-137,c25ef600-137;a66bb5c7-961,2,2026-09-28T13:10:22.145-03:00,2026-09-28T15:36:26.904-03:00,146,CAMARA,CAMARA,CAMARA,COMPROB_000301069814,2026-09-28,LTC421,PRODUCTOS VARIOS,PRODUCTOS VARIOS,VARIOS,VARIOS,RICARDONE,EGRESO,E,999999,000301069814,,0,,24660,PRODUCTOS VARIOS,VARIOS,,,VARIOS,RICARDONE,EXCEL_PLATFORM_PRODUCT,EXTERNAL_MATCH_FRAGMENTED,ROUTE_NO_EVALUABLE,"BARRIDO SIN COSTO COMERCIAL, BARRIDO SIN COSTO COMERCIAL",2026-09-28T13:13:00,,2026-09-28T14:47:00,,,2,,,
dca3c4fe-24e,dca3c4fe-24e;a271fa22-1e7,2,2026-09-28T09:03:09.406-03:00,2026-09-28T14:53:55.937-03:00,351,CAMARA,CAMARA,CAMARA,CTG_10235307952,2026-09-28,AI224KV,SOJA,SOJA,VOLCABLE_PTO_3,VOLCABLE PTO 3,TERMINAL_EMBARQUE,INGRESO,I,2000655,000404069568,0001000010245,10235307952,VIC450146270926,35360,SOJA,VOLCABLE_PTO_3,SAN_LORENZO_VOLCABLE,R7,VOLCABLE_PTO_3,TERMINAL_EMBARQUE,EXCEL_PLATFORM_PRODUCT,EXTERNAL_MATCH_FRAGMENTED,ROUTE_NO_EVALUABLE,"FAZON 2026, FAZON 2026",2026-09-28T09:06:00,2026-09-28T09:22:00,2026-09-28T14:49:00,,,2,,,
6b53c834-6fb,6b53c834-6fb;28c8c3b3-7ae,2,2026-09-28T08:55:50.419-03:00,2026-09-28T14:53:30.407-03:00,358,CAMARA,CAMARA,CAMARA,CTG_10235326568,2026-09-28,JSF211,SOJA,SOJA,VOLCABLE_PTO_4,VOLCABLE PTO 4,TERMINAL_EMBARQUE,INGRESO,I,2000652,000404069569,0000000004589,10235326568,VIC424051280926,30420,SOJA,VOLCABLE_PTO_4,SAN_LORENZO_VOLCABLE,R7,VOLCABLE_PTO_4,TERMINAL_EMBARQUE,EXCEL_PLATFORM_PRODUCT,EXTERNAL_MATCH_FRAGMENTED,ROUTE_NO_EVALUABLE,"FAZON 2026, FAZON 2026",2026-09-28T08:57:00,2026-09-28T09:13:00,2026-09-28T14:51:00,,,2,,,
511366a8-8fc__cycle_1,511366a8-8fc__cycle_1;511366a8-8fc__cycle_2,2,2026-09-28T07:23:43.011-03:00,2026-09-28T14:54:21.787-03:00,451,CAMARA,CAMARA,CAMARA,COMPROB_000400422779,2026-09-28,KOQ228,ACEITE GIRASOL REFINADO,ACEITE GIRASOL REFINADO,ACEITE_OSL,ACEITE OSL,TERMINAL_EMBARQUE,EGRESO,E,11526,000400422779,,0,,28940,ACEITE GIRASOL REFINADO,ACEITE_OSL,LIQUIDO,SL1,ACEITE_OSL,TERMINAL_EMBARQUE,EXCEL_PLATFORM_PRODUCT,EXTERNAL_MATCH_FRAGMENTED,ROUTE_NO_EVALUABLE,FAZON RENOVA/BUNGE,2026-09-28T07:58:00,,2026-09-28T14:52:00,,,2,,,
045a8b0c-e6d,045a8b0c-e6d;ae3300e9-a98,2,2026-09-28T08:20:30.792-03:00,2026-09-28T21:39:30.438-03:00,799,CAMARA,CAMARA,CAMARA,COMPROB_009702023085,2026-09-28,MWH059,ACEITE GIRASOL REFINADO,ACEITE GIRASOL REFINADO,,,RENOPACK,INGRESO,I,50042,009702023085,0000500066520,0,,27900,ACEITE GIRASOL REFINADO,,LIQUIDO,,,RENOPACK,EXCEL_PLATFORM_PRODUCT,EXTERNAL_MATCH_FRAGMENTED,ROUTE_NO_EVALUABLE,"RECIBOS ACEITE REFINADO GIRASOL COMMODITIES, RECIBOS ACEITE REFINADO GIRASOL COMMODITIES",2026-09-28T10:55:00,,2026-09-28T14:59:00,,,2,,,
2146c4e3-f15,2146c4e3-f15;724e82cd-e5d,2,2026-09-28T08:40:09.805-03:00,2026-09-28T15:02:10.114-03:00,382,CAMARA,CAMARA,CAMARA,CTG_10235327753,2026-09-28,EVY072,SOJA,SOJA,VOLCABLE_PTO_4,VOLCABLE PTO 4,TERMINAL_EMBARQUE,INGRESO,I,2000655,000404069570,0000200001969,10235327753,VIC716719280926,30300,SOJA,VOLCABLE_PTO_4,SAN_LORENZO_VOLCABLE,R7,VOLCABLE_PTO_4,TERMINAL_EMBARQUE,EXCEL_PLATFORM_PRODUCT,EXTERNAL_MATCH_FRAGMENTED,ROUTE_NO_EVALUABLE,"FAZON 2026, FAZON 2026",2026-09-28T08:40:00,2026-09-28T09:16:00,2026-09-28T15:00:00,,,2,,,
8e478bbb-25c,8e478bbb-25c;67f071e7-4f3;aaf641c7-982;74dbaac4-d01;2b39acc0-9ee;29448d71-23d,6,2026-09-28T05:05:55.167-03:00,2026-09-28T16:39:47.664-03:00,694,CAMARA,CAMARA,CAMARA,CTG_10235344402,2026-09-28,DFP716,SOJA,SOJA,SILO_CHIEF_2,SILO CHIEF 2,RICARDONE,EGRESO,E,95817,000301069815,0000300057716,10235344402,,28760,SOJA,SILO_CHIEF_2,,R29,SILO_CHIEF_2,RICARDONE,EXCEL_PLATFORM_PRODUCT,EXTERNAL_MATCH_FRAGMENTED,ROUTE_NO_EVALUABLE,DEPOSITO EN RICARDONE,2026-09-28T11:35:00,,2026-09-28T14:48:00,,,6,,,
2132ce0a-e2d__cycle_1,2132ce0a-e2d__cycle_1;2132ce0a-e2d__cycle_2;60942690-9fe,3,2026-09-27T21:38:22.884-03:00,2026-09-28T15:03:06.612-03:00,1045,CAMARA,CAMARA,CAMARA,CTG_10135331076,2026-09-28,AB821NP,SOJA,SOJA,VOLCABLE_PTO_4,VOLCABLE PTO 4,TERMINAL_EMBARQUE,INGRESO,I,2000655,000404069571,0000000005332,10135331076,VIC993355270926,35940,SOJA,VOLCABLE_PTO_4,SAN_LORENZO_VOLCABLE,R7,VOLCABLE_PTO_4,TERMINAL_EMBARQUE,EXCEL_PLATFORM_PRODUCT,EXTERNAL_MATCH_FRAGMENTED,ROUTE_NO_EVALUABLE,"FAZON 2026, FAZON 2026",2026-09-27T21:39:00,2026-09-28T09:55:00,2026-09-28T15:02:00,,,3,,,
ffea98a8-aee,ffea98a8-aee;22987470-7b5,2,2026-09-28T09:06:04.134-03:00,2026-09-28T15:10:05.900-03:00,364,CAMARA,CAMARA,CAMARA,CTG_10135332802,2026-09-28,AA326SD,SOJA,SOJA,VOLCABLE_PTO_3,VOLCABLE PTO 3,TERMINAL_EMBARQUE,INGRESO,I,2000655,000404069572,0000000000438,10135332802,VIC043770280926,36660,SOJA,VOLCABLE_PTO_3,SAN_LORENZO_VOLCABLE,R7,VOLCABLE_PTO_3,TERMINAL_EMBARQUE,EXCEL_PLATFORM_PRODUCT,EXTERNAL_MATCH_FRAGMENTED,ROUTE_NO_EVALUABLE,"FAZON 2026, FAZON 2026",2026-09-28T09:07:00,2026-09-28T09:25:00,2026-09-28T15:09:00,,,2,,,
e6309b47-803,e6309b47-803;3c74619f-d92,2,2026-09-28T09:44:43.864-03:00,2026-09-28T15:25:43.751-03:00,341,CAMARA,CAMARA,CAMARA,COMPROB_000301069816,2026-09-28,MTM450,PRODUCTOS VARIOS,PRODUCTOS VARIOS,VARIOS,VARIOS,RICARDONE,EGRESO,E,11230,000301069816,,0,,6640,PRODUCTOS VARIOS,VARIOS,,,VARIOS,RICARDONE,EXCEL_PLATFORM_PRODUCT,EXTERNAL_MATCH_FRAGMENTED,ROUTE_NO_EVALUABLE,"MOVIMIENTO ALMACENES MERCADERIA VARIAS, MERCADERIAS VARIAS DE RICARDONE A PUERTO., MOVIMIENTO ALMACENES MERCADERIA VARIAS",2026-09-28T14:25:00,,2026-09-28T15:11:00,,,2,,,
763ab5fd-52a__cycle_1,763ab5fd-52a__cycle_1,1,2026-09-28T08:30:18.303-03:00,2026-09-28T08:37:09.772-03:00,7,CAMARA,CAMARA,CAMARA,COMPROB_000404069573,2026-09-28,AB366HF,METANOL,METANOL,,,TERMINAL_EMBARQUE,INGRESO,I,10914,000404069573,110400136318,0,,28100,METANOL,,,,,TERMINAL_EMBARQUE,EXCEL_PLATFORM_PRODUCT,EXTERNAL_MATCH_PROBABLE,ROUTE_NO_EVALUABLE,,2026-09-28T08:16:00,,2026-09-28T15:11:00,,,1,,,
b71c75d7-250,b71c75d7-250;91a275d6-e6d,2,2026-09-28T08:27:42.962-03:00,2026-09-28T15:18:18.417-03:00,411,CAMARA,CAMARA,CAMARA,CTG_10135315974,2026-09-28,EBE978,SOJA,SOJA,VOLCABLE_PTO_4,VOLCABLE PTO 4,TERMINAL_EMBARQUE,INGRESO,I,2000652,000404069575,0000100000374,10135315974,VIC146765270926,30940,SOJA,VOLCABLE_PTO_4,SAN_LORENZO_VOLCABLE,R7,VOLCABLE_PTO_4,TERMINAL_EMBARQUE,EXCEL_PLATFORM_PRODUCT,EXTERNAL_MATCH_FRAGMENTED,ROUTE_NO_EVALUABLE,"FAZON 2026, FAZON 2026",2026-09-28T08:29:00,2026-09-28T08:48:00,2026-09-28T15:15:00,,,2,,,
429c3a71-8f4__cycle_2,429c3a71-8f4__cycle_2;35abdc41-eee;74fada6c-30f,3,2026-09-28T08:34:50.187-03:00,2026-09-29T07:51:19.663-03:00,1396,CAMARA,CAMARA,CAMARA,CTG_10235344859,2026-09-28,VJG112,SOJA,SOJA,SILO_CHIEF_2,SILO CHIEF 2,RICARDONE,EGRESO,E,95817,000301069817,0000300057717,10235344859,,29480,SOJA,SILO_CHIEF_2,,R29,SILO_CHIEF_2,RICARDONE,EXCEL_PLATFORM_PRODUCT,EXTERNAL_MATCH_FRAGMENTED,ROUTE_NO_EVALUABLE,DEPOSITO EN RICARDONE,2026-09-28T08:38:00,,2026-09-28T15:00:00,,,3,,,
3228a0b2-879,3228a0b2-879;e73c5ce2-f11;a494bb7c-06a;753fbbd2-154;56d06dac-62d;c0db44a5-3a0;3d19bcda-1a3,7,2026-09-28T05:13:57.915-03:00,2026-09-28T21:09:15.874-03:00,955,CAMARA,CAMARA,CAMARA,CTG_10235344976,2026-09-28,EYH843,SOJA,SOJA,SILO_CHIEF_2,SILO CHIEF 2,RICARDONE,EGRESO,E,95817,000301069818,0000300057718,10235344976,,28640,SOJA,SILO_CHIEF_2,,R29,SILO_CHIEF_2,RICARDONE,EXCEL_PLATFORM_PRODUCT,EXTERNAL_MATCH_FRAGMENTED,ROUTE_NO_EVALUABLE,DEPOSITO EN RICARDONE,2026-09-28T12:03:00,,2026-09-28T15:04:00,,,7,,,
033cf3aa-d11,033cf3aa-d11,1,2026-09-28T09:40:36.711-03:00,2026-09-28T15:34:16.720-03:00,354,CAMARA,CAMARA,CAMARA,COMPROB_000400422781,2026-09-28,AF804QL,BORRA ACEITE GIRASOL,BORRA ACEITE GIRASOL,ACEITE_OSL,ACEITE OSL,TERMINAL_EMBARQUE,EGRESO,E,96060,000400422781,,0,,5120,BORRA ACEITE GIRASOL,ACEITE_OSL,LIQUIDO,SL1,ACEITE_OSL,TERMINAL_EMBARQUE,EXCEL_PLATFORM_PRODUCT,EXTERNAL_MATCH_EXACT,ROUTE_NO_EVALUABLE,"LIMPIEZA DE FONDO DE TQ 07, LIMPIEZA TK07., LIMPIEZA DE FONDO DE TQ 07",2026-09-28T11:12:00,,2026-09-28T15:32:00,,,1,,,
d2882ceb-ce7,d2882ceb-ce7;7854a15f-48d,2,2026-09-28T09:29:45.921-03:00,2026-09-28T15:39:00.234-03:00,369,CAMARA,CAMARA,CAMARA,CTG_10135332812,2026-09-28,NMA681,SOJA,SOJA,VOLCABLE_PTO_4,VOLCABLE PTO 4,TERMINAL_EMBARQUE,INGRESO,I,2000655,000404069581,0000000000441,10135332812,VIC131590280926,36120,SOJA,VOLCABLE_PTO_4,SAN_LORENZO_VOLCABLE,R7,VOLCABLE_PTO_4,TERMINAL_EMBARQUE,EXCEL_PLATFORM_PRODUCT,EXTERNAL_MATCH_FRAGMENTED,ROUTE_NO_EVALUABLE,"FAZON 2026, FAZON 2026",2026-09-28T09:31:00,2026-09-28T09:57:00,2026-09-28T15:36:00,,,2,,,
7e39b32b-f69,7e39b32b-f69;5893d374-956,2,2026-09-28T09:30:38.007-03:00,2026-09-28T15:49:08.317-03:00,379,CAMARA,CAMARA,CAMARA,CTG_10135332809,2026-09-28,AC048KD,SOJA,SOJA,VOLCABLE_PTO_3,VOLCABLE PTO 3,TERMINAL_EMBARQUE,INGRESO,I,2000655,000404069582,0000000000440,10135332809,VIC127513280926,36720,SOJA,VOLCABLE_PTO_3,SAN_LORENZO_VOLCABLE,R7,VOLCABLE_PTO_3,TERMINAL_EMBARQUE,EXCEL_PLATFORM_PRODUCT,EXTERNAL_MATCH_FRAGMENTED,ROUTE_NO_EVALUABLE,"FAZON 2026, FAZON 2026",2026-09-28T09:31:00,2026-09-28T09:59:00,2026-09-28T15:44:00,,,2,,,
bd69962b-a34,bd69962b-a34;d745fd1c-1ab;3dc75058-645;9061fdfe-429;b37220a5-5d3,5,2026-09-28T08:18:26.804-03:00,2026-09-28T15:45:56-03:00,447,CAMARA,CAMARA,CAMARA,COMPROB_000400422782,2026-09-28,EPH797,TIERRA DESC FILTROS,TIERRA DESC FILTROS,,,TERMINAL_EMBARQUE,EGRESO,E,11046,000400422782,,0,,1880,TIERRA DESC FILTROS,,,,,TERMINAL_EMBARQUE,EXCEL_PLATFORM_PRODUCT,EXTERNAL_MATCH_FRAGMENTED,ROUTE_NO_EVALUABLE,,2026-09-28T14:54:00,,2026-09-28T15:45:00,,,5,,,
f42f6214-66f,f42f6214-66f;fd909427-fca,2,2026-09-28T10:56:15.639-03:00,2026-09-28T16:32:18.844-03:00,336,CAMARA,CAMARA,CAMARA,COMPROB_000301069819,2026-09-28,UAJ766,PRODUCTOS VARIOS,PRODUCTOS VARIOS,VARIOS,VARIOS,RICARDONE,EGRESO,E,11230,000301069819,,0,,1860,PRODUCTOS VARIOS,VARIOS,,,VARIOS,RICARDONE,EXCEL_PLATFORM_PRODUCT,EXTERNAL_MATCH_FRAGMENTED,ROUTE_NO_EVALUABLE,MERCADERIAS VARIAS DE RICARDONE A PUERTO.,2026-09-28T13:31:00,,2026-09-28T15:48:00,,,2,,,
3e1866b2-d7e,3e1866b2-d7e;48af7571-7f6,2,2026-09-28T09:56:15.534-03:00,2026-09-28T16:08:02.370-03:00,372,CAMARA,CAMARA,CAMARA,CTG_10135336041,2026-09-28,FRY103,SOJA,SOJA,VOLCABLE_PTO_3,VOLCABLE PTO 3,TERMINAL_EMBARQUE,INGRESO,I,2000655,000404069583,0000000000540,10135336041,VIC190512280926,29700,SOJA,VOLCABLE_PTO_3,SAN_LORENZO_VOLCABLE,R7,VOLCABLE_PTO_3,TERMINAL_EMBARQUE,EXCEL_PLATFORM_PRODUCT,EXTERNAL_MATCH_FRAGMENTED,ROUTE_NO_EVALUABLE,"FAZON 2026, FAZON 2026",2026-09-28T09:58:00,2026-09-28T10:07:00,2026-09-28T15:50:00,,,2,,,
9f692203-0c9,9f692203-0c9;184ffcb4-607,2,2026-09-28T09:36:38.665-03:00,2026-09-28T16:10:50.157-03:00,394,CAMARA,CAMARA,CAMARA,CTG_10235327047,2026-09-28,PLD902,SOJA,SOJA,VOLCABLE_PTO_4,VOLCABLE PTO 4,TERMINAL_EMBARQUE,INGRESO,I,2000655,000404069584,0000100002903,10235327047,VIC773415280926,35200,SOJA,VOLCABLE_PTO_4,SAN_LORENZO_VOLCABLE,R7,VOLCABLE_PTO_4,TERMINAL_EMBARQUE,EXCEL_PLATFORM_PRODUCT,EXTERNAL_MATCH_FRAGMENTED,ROUTE_NO_EVALUABLE,"FAZON 2026, FAZON 2026",2026-09-28T09:38:00,2026-09-28T10:00:00,2026-09-28T15:51:00,,,2,,,
f9504f6e-344,f9504f6e-344;aaea2f55-58d,2,2026-09-28T09:35:23.061-03:00,2026-09-28T15:35:03.940-03:00,360,CAMARA,CAMARA,CAMARA,COMPROB_000400422783,2026-09-28,EKO144,CASCARA DE SOJA PELLETEADA,CASCARA DE SOJA PELLETEADA,,,TERMINAL_EMBARQUE,EGRESO,E,95592,000400422783,,0,,25880,CASCARA DE SOJA PELLETEADA,,,R13,,TERMINAL_EMBARQUE,EXCEL_PLATFORM_PRODUCT,EXTERNAL_MATCH_FRAGMENTED,ROUTE_NO_EVALUABLE,FAZON 2026,2026-09-28T09:37:00,,2026-09-28T15:52:00,,,2,,,
3de56882-71b,3de56882-71b,1,2026-09-28T09:12:14.370-03:00,2026-09-28T16:12:06.948-03:00,420,CAMARA,CAMARA,CAMARA,COMPROB_000400422784,2026-09-28,GTZ627,ACEITE GIRASOL REFINADO,ACEITE GIRASOL REFINADO,ACEITE_OSL,ACEITE OSL,TERMINAL_EMBARQUE,EGRESO,E,11526,000400422784,,0,,28180,ACEITE GIRASOL REFINADO,ACEITE_OSL,LIQUIDO,SL1,ACEITE_OSL,TERMINAL_EMBARQUE,EXCEL_PLATFORM_PRODUCT,EXTERNAL_MATCH_EXACT,ROUTE_NO_EVALUABLE,FAZON RENOVA/BUNGE,2026-09-28T09:13:00,,2026-09-28T15:58:00,,,1,,,
24af1602-7fa,24af1602-7fa;e00d91c6-9ee,2,2026-09-28T10:28:57.090-03:00,2026-09-28T16:14:25.082-03:00,345,CAMARA,CAMARA,CAMARA,CTG_10135336591,2026-09-28,AC293WB,SOJA,SOJA,VOLCABLE_PTO_3,VOLCABLE PTO 3,TERMINAL_EMBARQUE,INGRESO,I,2000655,000404069586,0000000003151,10135336591,VIC288300280926,35420,SOJA,VOLCABLE_PTO_3,SAN_LORENZO_VOLCABLE,R7,VOLCABLE_PTO_3,TERMINAL_EMBARQUE,EXCEL_PLATFORM_PRODUCT,EXTERNAL_MATCH_FRAGMENTED,ROUTE_NO_EVALUABLE,"FAZON 2026, FAZON 2026",2026-09-28T10:30:00,2026-09-28T11:10:00,2026-09-28T16:00:00,,,2,,,
5bb85a59-502,5bb85a59-502;1192344d-e96,2,2026-09-28T09:11:17.272-03:00,2026-09-28T17:22:36.531-03:00,491,CAMARA,CAMARA,CAMARA,COMPROB_000400422785,2026-09-28,KUE702,GLICERINA REFINADA,GLICERINA REFINADA,,,TERMINAL_EMBARQUE,EGRESO,E,10968,000400422785,,0,,23500,GLICERINA REFINADA,,LIQUIDO,R8,,TERMINAL_EMBARQUE,EXCEL_PLATFORM_PRODUCT,EXTERNAL_MATCH_FRAGMENTED,ROUTE_NO_EVALUABLE,DIRECTO DE RENOVA,2026-09-28T09:13:00,,2026-09-28T16:02:00,,,2,,,
566dc701-5d3,566dc701-5d3;b3430ed2-f46,2,2026-09-28T08:57:37.866-03:00,2026-09-28T13:24:30.825-03:00,267,CAMARA,CAMARA,CAMARA,COMPROB_000400422786,2026-09-28,RSO471,GLICERINA REFINADA,GLICERINA REFINADA,,,TERMINAL_EMBARQUE,EGRESO,E,10968,000400422786,,0,,23480,GLICERINA REFINADA,,LIQUIDO,R8,,TERMINAL_EMBARQUE,EXCEL_PLATFORM_PRODUCT,EXTERNAL_MATCH_FRAGMENTED,ROUTE_NO_EVALUABLE,DIRECTO DE RENOVA,2026-09-28T09:00:00,,2026-09-28T16:05:00,,,2,,,
e75cb547-a7a,e75cb547-a7a;079775ef-8cb,2,2026-09-28T09:31:21.369-03:00,2026-09-28T20:56:15.022-03:00,685,CAMARA,CAMARA,CAMARA,COMPROB_000400422787,2026-09-28,AC988RL,CASCARA DE SOJA PELLETEADA,CASCARA DE SOJA PELLETEADA,,,TERMINAL_EMBARQUE,EGRESO,E,95592,000400422787,,0,,23040,CASCARA DE SOJA PELLETEADA,,,R13,,TERMINAL_EMBARQUE,EXCEL_PLATFORM_PRODUCT,EXTERNAL_MATCH_FRAGMENTED,ROUTE_NO_EVALUABLE,FAZON 2026,2026-09-28T09:34:00,,2026-09-28T16:08:00,,,2,,,
753581b5-20c,753581b5-20c;d4404b23-c3b,2,2026-09-28T10:11:37.829-03:00,2026-09-28T16:26:13.498-03:00,375,CAMARA,CAMARA,CAMARA,CTG_10235325316,2026-09-28,AH923KK,SOJA,SOJA,VOLCABLE_PTO_3,VOLCABLE PTO 3,TERMINAL_EMBARQUE,INGRESO,I,2000652,000404069588,0000100023707,10235325316,VIC752671280926,36280,SOJA,VOLCABLE_PTO_3,SAN_LORENZO_VOLCABLE,R7,VOLCABLE_PTO_3,TERMINAL_EMBARQUE,EXCEL_PLATFORM_PRODUCT,EXTERNAL_MATCH_FRAGMENTED,ROUTE_NO_EVALUABLE,"FAZON 2026, FAZON 2026",2026-09-28T10:13:00,2026-09-28T11:07:00,2026-09-28T16:20:00,,,2,,,
a049c10a-846,a049c10a-846;5620616e-f7c,2,2026-09-28T11:03:23.691-03:00,2026-09-28T16:28:40.917-03:00,325,CAMARA,CAMARA,CAMARA,CTG_10235323657,2026-09-28,NDS385,SOJA,SOJA,VOLCABLE_PTO_3,VOLCABLE PTO 3,TERMINAL_EMBARQUE,INGRESO,I,2000655,000404069589,0000100006782,10235323657,VIC331110280926,29960,SOJA,VOLCABLE_PTO_3,SAN_LORENZO_VOLCABLE,R7,VOLCABLE_PTO_3,TERMINAL_EMBARQUE,EXCEL_PLATFORM_PRODUCT,EXTERNAL_MATCH_FRAGMENTED,ROUTE_NO_EVALUABLE,"FAZON 2026, FAZON 2026",2026-09-28T11:05:00,2026-09-28T11:20:00,2026-09-28T16:23:00,,,2,,,
531a3756-857,531a3756-857;c6cf303a-d04,2,2026-09-28T14:47:59.962-03:00,2026-09-28T20:50:53.133-03:00,363,CAMARA,CAMARA,CAMARA,COMPROB_000404069590,2026-09-28,CMF111,AGUA INDUSTRIAL,AGUA INDUSTRIAL,ACEITE_OSL,ACEITE OSL,TERMINAL_EMBARQUE,INGRESO,I,11529,000404069590,0001100019253,0,,27680,AGUA INDUSTRIAL,ACEITE_OSL,LIQUIDO,SL1,ACEITE_OSL,TERMINAL_EMBARQUE,EXCEL_PLATFORM_PRODUCT,EXTERNAL_MATCH_FRAGMENTED,ROUTE_NO_EVALUABLE,,2026-09-28T14:50:00,,2026-09-28T16:24:00,,,2,,,
d14c4910-c98,d14c4910-c98;9a0b8a73-397,2,2026-09-28T15:08:49.776-03:00,2026-09-28T16:25:35.030-03:00,77,CAMARA,CAMARA,CAMARA,CTG_10235343515,2026-09-28,RKU685,GIRASOL,GIRASOL,VOLCABLE_2,VOLCABLE 2,RICARDONE,INGRESO,I,2000640,000301464869,1658100004677,10235343515,VIC133156280926,29160,GIRASOL,VOLCABLE_2,VOLCABLE,R6,VOLCABLE_2,RICARDONE,EXCEL_PLATFORM_PRODUCT,EXTERNAL_MATCH_FRAGMENTED,ROUTE_NO_EVALUABLE,"FAZON 2026, FAZON 2026",2026-09-28T15:11:00,2026-09-28T15:22:00,2026-09-28T16:26:00,,,2,,,
d7db95ed-80b,d7db95ed-80b;5a986a6e-67c,2,2026-09-28T11:05:51.219-03:00,2026-09-28T16:31:59.637-03:00,326,CAMARA,CAMARA,CAMARA,CTG_10235325767,2026-09-28,MGM147,SOJA,SOJA,VOLCABLE_PTO_3,VOLCABLE PTO 3,TERMINAL_EMBARQUE,INGRESO,I,2000655,000404069592,0000100006785,10235325767,VIC380973280926,28660,SOJA,VOLCABLE_PTO_3,SAN_LORENZO_VOLCABLE,R7,VOLCABLE_PTO_3,TERMINAL_EMBARQUE,EXCEL_PLATFORM_PRODUCT,EXTERNAL_MATCH_FRAGMENTED,ROUTE_NO_EVALUABLE,"FAZON 2026, FAZON 2026",2026-09-28T11:07:00,2026-09-28T11:23:00,2026-09-28T16:27:00,,,2,,,
c08ef375-905,c08ef375-905;45a263b6-093,2,2026-09-28T11:06:33.703-03:00,2026-09-28T16:11:13.813-03:00,305,CAMARA,CAMARA,CAMARA,CTG_10235326349,2026-09-28,AF355JL,SOJA,SOJA,VOLCABLE_PTO_4,VOLCABLE PTO 4,TERMINAL_EMBARQUE,INGRESO,I,2000655,000404069593,0000100006787,10235326349,VIC643687280926,38520,SOJA,VOLCABLE_PTO_4,SAN_LORENZO_VOLCABLE,R7,VOLCABLE_PTO_4,TERMINAL_EMBARQUE,EXCEL_PLATFORM_PRODUCT,EXTERNAL_MATCH_FRAGMENTED,ROUTE_NO_EVALUABLE,"FAZON 2026, FAZON 2026",2026-09-28T11:07:00,2026-09-28T11:26:00,2026-09-28T16:29:00,,,2,,,
89755310-567,89755310-567,1,2026-09-28T09:14:04.136-03:00,2026-09-28T16:33:07.664-03:00,439,CAMARA,CAMARA,CAMARA,COMPROB_000400422788,2026-09-28,EVD342,ACEITE GIRASOL REFINADO,ACEITE GIRASOL REFINADO,ACEITE_OSL,ACEITE OSL,TERMINAL_EMBARQUE,EGRESO,E,11526,000400422788,,0,,28140,ACEITE GIRASOL REFINADO,ACEITE_OSL,LIQUIDO,SL1,ACEITE_OSL,TERMINAL_EMBARQUE,EXCEL_PLATFORM_PRODUCT,EXTERNAL_MATCH_EXACT,ROUTE_NO_EVALUABLE,FAZON RENOVA/BUNGE,2026-09-28T09:15:00,,2026-09-28T16:30:00,,,1,,,
f42f6214-66f,f42f6214-66f;fd909427-fca,2,2026-09-28T10:56:15.639-03:00,2026-09-28T16:32:18.844-03:00,336,CAMARA,CAMARA,CAMARA,COMPROB_000404069594,2026-09-28,UAJ766,PRODUCTOS VARIOS,PRODUCTOS VARIOS,,,TERMINAL_EMBARQUE,INGRESO,I,11230,000404069594,0000301069819,0,,1800,PRODUCTOS VARIOS,,,,,TERMINAL_EMBARQUE,EXCEL_PLATFORM_PRODUCT,EXTERNAL_MATCH_FRAGMENTED,ROUTE_NO_EVALUABLE,"MERCADERIAS VARIAS DE RICARDONE A PUERTO., MERCADERIAS VARIAS DE RICARDONE A PUERTO.",2026-09-28T16:01:00,,2026-09-28T16:32:00,,,2,,,
edcc382c-9a2,edcc382c-9a2;807159f3-e53,2,2026-09-28T10:48:26.117-03:00,2026-09-28T16:38:42.718-03:00,350,CAMARA,CAMARA,CAMARA,CTG_10135329473,2026-09-28,AE236NN,SOJA,SOJA,VOLCABLE_PTO_4,VOLCABLE PTO 4,TERMINAL_EMBARQUE,INGRESO,I,2000655,000404069595,0000000000071,10135329473,VIC492755280926,35140,SOJA,VOLCABLE_PTO_4,SAN_LORENZO_VOLCABLE,R7,VOLCABLE_PTO_4,TERMINAL_EMBARQUE,EXCEL_PLATFORM_PRODUCT,EXTERNAL_MATCH_FRAGMENTED,ROUTE_NO_EVALUABLE,"FAZON 2026, FAZON 2026",2026-09-28T10:53:00,2026-09-28T11:18:00,2026-09-28T16:35:00,,,2,,,
cdcdd7b0-17b,cdcdd7b0-17b;38c8c221-0e3,2,2026-09-28T11:36:34.048-03:00,2026-09-28T16:40:14.274-03:00,304,CAMARA,CAMARA,CAMARA,CTG_10135314984,2026-09-28,AA568PL,SOJA,SOJA,VOLCABLE_PTO_3,VOLCABLE PTO 3,TERMINAL_EMBARQUE,INGRESO,I,2000651,000404069597,0000100000055,10135314984,VIC192164260926,30220,SOJA,VOLCABLE_PTO_3,SAN_LORENZO_VOLCABLE,R7,VOLCABLE_PTO_3,TERMINAL_EMBARQUE,EXCEL_PLATFORM_PRODUCT,EXTERNAL_MATCH_FRAGMENTED,ROUTE_NO_EVALUABLE,"FAZON 2026, FAZON 2026",2026-09-28T11:37:00,2026-09-28T11:50:00,2026-09-28T16:37:00,,,2,,,
e11cd1f2-088,e11cd1f2-088;14a6d390-a58;47e01013-d5c,3,2026-09-28T12:02:47.899-03:00,2026-09-28T17:29:00.845-03:00,326,CAMARA,CAMARA,CAMARA,CTG_10235347683,2026-09-28,AA087XZ,SOJA,SOJA,SILO_CHIEF_2,SILO CHIEF 2,RICARDONE,EGRESO,E,95817,000301069820,0000300057719,10235347683,,34320,SOJA,SILO_CHIEF_2,,R29,SILO_CHIEF_2,RICARDONE,EXCEL_PLATFORM_PRODUCT,EXTERNAL_MATCH_FRAGMENTED,ROUTE_NO_EVALUABLE,DEPOSITO EN RICARDONE,2026-09-28T12:04:00,,2026-09-28T16:23:00,,,3,,,
771d82b4-040,771d82b4-040;d058fe46-229,2,2026-09-28T08:26:31.278-03:00,2026-09-28T16:46:57.996-03:00,500,CAMARA,CAMARA,CAMARA,CTG_10235328133,2026-09-28,LUC005,SOJA,SOJA,VOLCABLE_PTO_5,VOLCABLE PTO 5,TERMINAL_EMBARQUE,INGRESO,I,2000655,000404069598,0000100007816,10235328133,VIC283633280926,29540,SOJA,VOLCABLE_PTO_5,SAN_LORENZO_VOLCABLE,R7,VOLCABLE_PTO_5,TERMINAL_EMBARQUE,EXCEL_PLATFORM_PRODUCT,EXTERNAL_MATCH_FRAGMENTED,ROUTE_NO_EVALUABLE,"FAZON 2026, FAZON 2026",2026-09-28T08:28:00,2026-09-28T08:47:00,2026-09-28T16:44:00,,,2,,,
bb77ea5f-28f__cycle_2,bb77ea5f-28f__cycle_2;6b80a4a1-eea;d7a23494-bc0;5ce0df6c-b3c;3784b0da-c2a;cb15c480-1cd,6,2026-09-28T09:37:41.791-03:00,2026-09-28T18:16:18.478-03:00,519,CAMARA,CAMARA,CAMARA,CTG_10235347860,2026-09-28,CKQ212,SOJA,SOJA,SILO_CHIEF_2,SILO CHIEF 2,RICARDONE,EGRESO,E,95817,000301069821,0000300057720,10235347860,,28640,SOJA,SILO_CHIEF_2,,R29,SILO_CHIEF_2,RICARDONE,EXCEL_PLATFORM_PRODUCT,EXTERNAL_MATCH_FRAGMENTED,ROUTE_NO_EVALUABLE,DEPOSITO EN RICARDONE,2026-09-28T12:13:00,,2026-09-28T16:31:00,,,6,,,
16a0ea2d-62e,16a0ea2d-62e;e7be5d67-66f;fa6ce339-d05;5a6a2535-43d;e5a6f062-beb;94c9ac12-e91;3a0f2606-359;388491dc-1c2,8,2026-09-28T09:48:25.028-03:00,2026-09-28T23:35:40.563-03:00,827,CAMARA,CAMARA,CAMARA,CTG_10235347917,2026-09-28,VAJ028,SOJA,SOJA,SILO_CHIEF_2,SILO CHIEF 2,RICARDONE,EGRESO,E,95817,000301069822,0000300057721,10235347917,,30500,SOJA,SILO_CHIEF_2,,R29,SILO_CHIEF_2,RICARDONE,EXCEL_PLATFORM_PRODUCT,EXTERNAL_MATCH_FRAGMENTED,ROUTE_NO_EVALUABLE,DEPOSITO EN RICARDONE,2026-09-28T12:14:00,,2026-09-28T16:39:00,,,8,,,
b9106145-8eb__cycle_4,b9106145-8eb__cycle_4;2c96e9e9-1f3;4982abef-ce6,3,2026-09-28T10:22:25.258-03:00,2026-09-28T21:52:46.436-03:00,690,CAMARA,CAMARA,CAMARA,COMPROB_000404069599,2026-09-28,RUK692,GLICERINA,GLICERINA,,,TERMINAL_EMBARQUE,INGRESO,I,11509,000404069599,0001100019255,0,,31140,GLICERINA,,LIQUIDO,R8,,TERMINAL_EMBARQUE,EXCEL_PLATFORM_PRODUCT,EXTERNAL_MATCH_FRAGMENTED,ROUTE_NO_EVALUABLE,,2026-09-28T15:08:00,,2026-09-28T16:48:00,,,3,,,
5253deae-70d,5253deae-70d,1,2026-09-28T09:30:59.637-03:00,2026-09-28T16:55:12.794-03:00,444,CAMARA,CAMARA,CAMARA,COMPROB_000400422789,2026-09-28,KWO040,ACEITE GIRASOL REFINADO,ACEITE GIRASOL REFINADO,ACEITE_OSL,ACEITE OSL,TERMINAL_EMBARQUE,EGRESO,E,11526,000400422789,,0,,28200,ACEITE GIRASOL REFINADO,ACEITE_OSL,LIQUIDO,SL1,ACEITE_OSL,TERMINAL_EMBARQUE,EXCEL_PLATFORM_PRODUCT,EXTERNAL_MATCH_EXACT,ROUTE_NO_EVALUABLE,FAZON RENOVA/BUNGE,2026-09-28T09:32:00,,2026-09-28T16:53:00,,,1,,,
960f6d1a-8fa,960f6d1a-8fa;751dafdb-546,2,2026-09-28T11:58:55.725-03:00,2026-09-28T17:02:06.119-03:00,303,CAMARA,CAMARA,CAMARA,CTG_10135318949,2026-09-28,KNI695,SOJA,SOJA,VOLCABLE_PTO_5,VOLCABLE PTO 5,TERMINAL_EMBARQUE,INGRESO,I,2000652,000404069601,0000000006808,10135318949,VIC048022280926,35340,SOJA,VOLCABLE_PTO_5,SAN_LORENZO_VOLCABLE,R7,VOLCABLE_PTO_5,TERMINAL_EMBARQUE,EXCEL_PLATFORM_PRODUCT,EXTERNAL_MATCH_FRAGMENTED,ROUTE_NO_EVALUABLE,"FAZON 2026, FAZON 2026",2026-09-28T12:01:00,2026-09-28T12:20:00,2026-09-28T16:58:00,,,2,,,
3ff1b2b5-b33__cycle_3,3ff1b2b5-b33__cycle_3;3c4dbc4f-885;f47b94a4-328;3e24498f-d8b;226e498f-c17;0789e17a-304;579108de-e84,7,2026-09-28T09:26:12.950-03:00,2026-09-29T07:46:43.088-03:00,1341,CAMARA,CAMARA,CAMARA,CTG_10235348330,2026-09-28,RGV982,SOJA,SOJA,SILO_CHIEF_2,SILO CHIEF 2,RICARDONE,EGRESO,E,95817,000301069823,0000300057722,10235348330,,28300,SOJA,SILO_CHIEF_2,,R29,SILO_CHIEF_2,RICARDONE,EXCEL_PLATFORM_PRODUCT,EXTERNAL_MATCH_FRAGMENTED,ROUTE_NO_EVALUABLE,DEPOSITO EN RICARDONE,2026-09-28T12:18:00,,2026-09-28T16:51:00,,,7,,,
853b82cf-bcc,853b82cf-bcc;90685122-69a,2,2026-09-28T12:06:57.833-03:00,2026-09-28T17:10:43.086-03:00,304,CAMARA,CAMARA,CAMARA,CTG_10135325474,2026-09-28,JVA446,SOJA,SOJA,VOLCABLE_PTO_3,VOLCABLE PTO 3,TERMINAL_EMBARQUE,INGRESO,I,2000655,000404069603,0000000000076,10135325474,VIC107640280926,30760,SOJA,VOLCABLE_PTO_3,SAN_LORENZO_VOLCABLE,R7,VOLCABLE_PTO_3,TERMINAL_EMBARQUE,EXCEL_PLATFORM_PRODUCT,EXTERNAL_MATCH_FRAGMENTED,ROUTE_NO_EVALUABLE,"FAZON 2026, FAZON 2026",2026-09-28T12:11:00,2026-09-28T13:24:00,2026-09-28T17:08:00,,,2,,,
96c445ef-6e4,96c445ef-6e4;cf9164b3-0c7__cycle_2,2,2026-09-28T10:54:50.781-03:00,2026-09-28T15:40:31.398-03:00,286,CAMARA,CAMARA,CAMARA,COMPROB_000301464870,2026-09-28,VCK738,GLICERINA,GLICERINA,ACEITE,ACEITE,RICARDONE,INGRESO,I,11509,000301464870,0001100019256,0,,30120,GLICERINA,ACEITE,LIQUIDO,R8,ACEITE,RICARDONE,EXCEL_PLATFORM_PRODUCT,EXTERNAL_MATCH_FRAGMENTED,ROUTE_NO_EVALUABLE,,2026-09-28T15:24:00,2026-09-28T15:37:00,2026-09-28T17:10:00,,,2,,,
22d75dba-5b7,22d75dba-5b7;76e3ac02-1bc__cycle_1,2,2026-09-28T15:15:14.118-03:00,2026-09-28T17:15:19.846-03:00,120,CAMARA,CAMARA,CAMARA,CTG_10235343648,2026-09-28,TSX149,GIRASOL,GIRASOL,VOLCABLE_2,VOLCABLE 2,RICARDONE,INGRESO,I,2000640,000301464871,1658100004678,10235343648,VIC155896280926,26600,GIRASOL,VOLCABLE_2,VOLCABLE,R6,VOLCABLE_2,RICARDONE,EXCEL_PLATFORM_PRODUCT,EXTERNAL_MATCH_FRAGMENTED,ROUTE_NO_EVALUABLE,"FAZON 2026, FAZON 2026",2026-09-28T15:19:00,2026-09-28T15:29:00,2026-09-28T17:16:00,,,2,,,
7d1ce536-ce0,7d1ce536-ce0,1,2026-09-28T16:07:45.066-03:00,2026-09-28T17:18:39.516-03:00,71,CAMARA,CAMARA,CAMARA,COMPROB_000400422790,2026-09-28,LAU467,BORRA DE ACSOJA REFINADO,BORRA DE AC.SOJA REFINADO,,,TERMINAL_EMBARQUE,EGRESO,E,10926,000400422790,,0,,26000,BORRA DE ACSOJA REFINADO,,,SL2,,TERMINAL_EMBARQUE,EXCEL_PLATFORM_PRODUCT,EXTERNAL_MATCH_EXACT,ROUTE_NO_EVALUABLE,DESPACHOS RENOVA.,2026-09-28T16:10:00,,2026-09-28T17:16:00,,,1,,,
785bdce3-44f,785bdce3-44f;ea161106-657,2,2026-09-28T12:27:15.185-03:00,2026-09-28T17:19:47.904-03:00,293,CAMARA,CAMARA,CAMARA,CTG_10235336070,2026-09-28,EHU764,SOJA,SOJA,VOLCABLE_PTO_3,VOLCABLE PTO 3,TERMINAL_EMBARQUE,INGRESO,I,2000652,000404069605,0000000005253,10235336070,VIC909346280926,28800,SOJA,VOLCABLE_PTO_3,SAN_LORENZO_VOLCABLE,R7,VOLCABLE_PTO_3,TERMINAL_EMBARQUE,EXCEL_PLATFORM_PRODUCT,EXTERNAL_MATCH_FRAGMENTED,ROUTE_NO_EVALUABLE,"FAZON 2026, FAZON 2026",2026-09-28T12:30:00,2026-09-28T13:29:00,2026-09-28T17:18:00,,,2,,,
01ad7370-d8e,01ad7370-d8e;871249b0-5ef,2,2026-09-28T12:11:14.649-03:00,2026-09-28T17:21:11.657-03:00,310,CAMARA,CAMARA,CAMARA,CTG_10235338567,2026-09-28,AB525FS,SOJA,SOJA,VOLCABLE_PTO_5,VOLCABLE PTO 5,TERMINAL_EMBARQUE,INGRESO,I,2000655,000404069606,0000100002994,10235338567,VIC822303280926,33280,SOJA,VOLCABLE_PTO_5,SAN_LORENZO_VOLCABLE,R7,VOLCABLE_PTO_5,TERMINAL_EMBARQUE,EXCEL_PLATFORM_PRODUCT,EXTERNAL_MATCH_FRAGMENTED,ROUTE_NO_EVALUABLE,"FAZON 2026, FAZON 2026",2026-09-28T12:12:00,2026-09-28T13:25:00,2026-09-28T17:19:00,,,2,,,
c0a9ab58-54d,c0a9ab58-54d;2bb3771f-0fe;aa682efd-c80,3,2026-09-28T12:18:42.194-03:00,2026-09-28T18:27:44.992-03:00,369,CAMARA,CAMARA,CAMARA,CTG_10235348894,2026-09-28,ECX249,SOJA,SOJA,SILO_CHIEF_2,SILO CHIEF 2,RICARDONE,EGRESO,E,95817,000301069824,0000300057723,10235348894,,28820,SOJA,SILO_CHIEF_2,,R29,SILO_CHIEF_2,RICARDONE,EXCEL_PLATFORM_PRODUCT,EXTERNAL_MATCH_FRAGMENTED,ROUTE_NO_EVALUABLE,DEPOSITO EN RICARDONE,2026-09-28T12:20:00,,2026-09-28T16:58:00,,,3,,,
8eae89a9-22d,8eae89a9-22d;3b5c249c-35f,2,2026-09-28T12:43:48.120-03:00,2026-09-28T17:31:24.982-03:00,288,CAMARA,CAMARA,CAMARA,CTG_10235319734,2026-09-28,NHB130,SOJA,SOJA,VOLCABLE_PTO_3,VOLCABLE PTO 3,TERMINAL_EMBARQUE,INGRESO,I,2000655,000404069608,0000100006778,10235319734,VIC917334280926,29240,SOJA,VOLCABLE_PTO_3,SAN_LORENZO_VOLCABLE,R7,VOLCABLE_PTO_3,TERMINAL_EMBARQUE,EXCEL_PLATFORM_PRODUCT,EXTERNAL_MATCH_FRAGMENTED,ROUTE_NO_EVALUABLE,"FAZON 2026, FAZON 2026",2026-09-28T12:45:00,2026-09-28T13:37:00,2026-09-28T17:29:00,,,2,,,
33a7a11e-38f,33a7a11e-38f;7e0abc3c-c53,2,2026-09-28T12:14:36.661-03:00,2026-09-28T17:34:22.493-03:00,320,CAMARA,CAMARA,CAMARA,CTG_10235338953,2026-09-28,FAF052,SOJA,SOJA,VOLCABLE_PTO_5,VOLCABLE PTO 5,TERMINAL_EMBARQUE,INGRESO,I,2000651,000404069609,0003900015378,10235338953,VIC462839280926,28100,SOJA,VOLCABLE_PTO_5,SAN_LORENZO_VOLCABLE,R7,VOLCABLE_PTO_5,TERMINAL_EMBARQUE,EXCEL_PLATFORM_PRODUCT,EXTERNAL_MATCH_FRAGMENTED,ROUTE_NO_EVALUABLE,"FAZON 2026, FAZON 2026",2026-09-28T12:16:00,2026-09-28T13:27:00,2026-09-28T17:31:00,,,2,,,
7f74ab7b-b20,7f74ab7b-b20;42dff7aa-b02;e5743fd3-945;9676930e-970;9fe07199-cf0;58042d77-e3a;84dd5507-082,7,2026-09-28T03:06:36.291-03:00,2026-09-29T05:04:25.420-03:00,1558,CAMARA,CAMARA,CAMARA,CTG_10235349051,2026-09-28,RAW481,SOJA,SOJA,SILO_CHIEF_2,SILO CHIEF 2,RICARDONE,EGRESO,E,95817,000301069825,0000300057724,10235349051,,30320,SOJA,SILO_CHIEF_2,,R29,SILO_CHIEF_2,RICARDONE,EXCEL_PLATFORM_PRODUCT,EXTERNAL_MATCH_FRAGMENTED,ROUTE_NO_EVALUABLE,DEPOSITO EN RICARDONE,2026-09-28T12:31:00,,2026-09-28T17:07:00,,,7,,,
29cd5f9f-e29,29cd5f9f-e29;51b2d3ac-cc5,2,2026-09-28T12:52:59.194-03:00,2026-09-28T17:39:12.748-03:00,286,CAMARA,CAMARA,CAMARA,CTG_10234786472,2026-09-28,AI213BW,SOJA,SOJA,VOLCABLE_PTO_3,VOLCABLE PTO 3,TERMINAL_EMBARQUE,INGRESO,I,2000652,000404069610,0000000001138,10234786472,VIC984441270926,34760,SOJA,VOLCABLE_PTO_3,SAN_LORENZO_VOLCABLE,R7,VOLCABLE_PTO_3,TERMINAL_EMBARQUE,EXCEL_PLATFORM_PRODUCT,EXTERNAL_MATCH_FRAGMENTED,ROUTE_NO_EVALUABLE,"FAZON 2026, FAZON 2026",2026-09-28T12:54:00,2026-09-28T13:41:00,2026-09-28T17:37:00,,,2,,,
ef9aad5c-526,ef9aad5c-526;2ff2357f-c6e,2,2026-09-28T16:26:35.051-03:00,2026-09-28T22:38:45.940-03:00,372,CAMARA,CAMARA,CAMARA,COMPROB_000404069611,2026-09-28,SZG666,AGUA INDUSTRIAL,AGUA INDUSTRIAL,ACEITE_OSL,ACEITE OSL,TERMINAL_EMBARQUE,INGRESO,I,11529,000404069611,0001100019258,0,,26920,AGUA INDUSTRIAL,ACEITE_OSL,LIQUIDO,SL1,ACEITE_OSL,TERMINAL_EMBARQUE,EXCEL_PLATFORM_PRODUCT,EXTERNAL_MATCH_FRAGMENTED,ROUTE_NO_EVALUABLE,,2026-09-28T16:29:00,,2026-09-28T17:38:00,,,2,,,
fb43c772-8d7,fb43c772-8d7;269dde24-e8e,2,2026-09-28T12:17:40.029-03:00,2026-09-28T17:44:07.266-03:00,326,CAMARA,CAMARA,CAMARA,CTG_10135328565,2026-09-28,WOP503,SOJA,SOJA,VOLCABLE_PTO_5,VOLCABLE PTO 5,TERMINAL_EMBARQUE,INGRESO,I,2000655,000404069612,0000100014727,10135328565,VIC442260280926,28940,SOJA,VOLCABLE_PTO_5,SAN_LORENZO_VOLCABLE,R7,VOLCABLE_PTO_5,TERMINAL_EMBARQUE,EXCEL_PLATFORM_PRODUCT,EXTERNAL_MATCH_FRAGMENTED,ROUTE_NO_EVALUABLE,"FAZON 2026, FAZON 2026",2026-09-28T12:19:00,2026-09-28T13:30:00,2026-09-28T17:41:00,,,2,,,
62824c5a-cfa,62824c5a-cfa,1,2026-09-28T10:16:59.076-03:00,2026-09-28T20:45:27.323-03:00,628,CAMARA,CAMARA,CAMARA,COMPROB_000400422792,2026-09-28,LWV631,CASCARA DE SOJA PELLETEADA,CASCARA DE SOJA PELLETEADA,,,TERMINAL_EMBARQUE,EGRESO,E,95592,000400422792,,0,,28820,CASCARA DE SOJA PELLETEADA,,,R13,,TERMINAL_EMBARQUE,EXCEL_PLATFORM_PRODUCT,EXTERNAL_MATCH_EXACT,ROUTE_NO_EVALUABLE,FAZON 2026,2026-09-28T00:28:00,,2026-09-28T17:42:00,,,1,,,
b4119e10-1f1,b4119e10-1f1;a7dea057-412;4cf82711-265,3,2026-09-28T12:41:28.434-03:00,2026-09-28T19:57:19.952-03:00,436,CAMARA,CAMARA,CAMARA,CTG_10235349346,2026-09-28,RLP943,SOJA,SOJA,SILO_CHIEF_2,SILO CHIEF 2,RICARDONE,EGRESO,E,95817,000301069826,0000300057725,10235349346,,29820,SOJA,SILO_CHIEF_2,,R29,SILO_CHIEF_2,RICARDONE,EXCEL_PLATFORM_PRODUCT,EXTERNAL_MATCH_FRAGMENTED,ROUTE_NO_EVALUABLE,DEPOSITO EN RICARDONE,2026-09-28T12:43:00,,2026-09-28T17:17:00,,,3,,,
73e0c89d-072,73e0c89d-072;474eb146-32e;734241ad-c27;281d45f4-9e5;b5e90f79-ab7;a96e365b-c88;8b815e3c-db8,7,2026-09-28T10:31:56.301-03:00,2026-09-29T01:11:12.313-03:00,879,CAMARA,CAMARA,CAMARA,CTG_10235349349,2026-09-28,FDH917,SOJA,SOJA,SILO_CHIEF_2,SILO CHIEF 2,RICARDONE,EGRESO,E,95817,000301069827,0000300057726,10235349349,,27260,SOJA,SILO_CHIEF_2,,R29,SILO_CHIEF_2,RICARDONE,EXCEL_PLATFORM_PRODUCT,EXTERNAL_MATCH_FRAGMENTED,ROUTE_NO_EVALUABLE,DEPOSITO EN RICARDONE,2026-09-28T13:21:00,,2026-09-28T17:26:00,,,7,,,
0a289d6a-f9c,0a289d6a-f9c;cd91f6ef-4ed,2,2026-09-28T13:27:45.822-03:00,2026-09-28T17:53:59.182-03:00,266,CAMARA,CAMARA,CAMARA,CTG_10235331744,2026-09-28,NHU167,SOJA,SOJA,VOLCABLE_PTO_3,VOLCABLE PTO 3,TERMINAL_EMBARQUE,INGRESO,I,2000651,000404069613,0004600009534,10235331744,VIC643113270926,36760,SOJA,VOLCABLE_PTO_3,SAN_LORENZO_VOLCABLE,R7,VOLCABLE_PTO_3,TERMINAL_EMBARQUE,EXCEL_PLATFORM_PRODUCT,EXTERNAL_MATCH_FRAGMENTED,ROUTE_NO_EVALUABLE,"FAZON 2026, FAZON 2026",2026-09-28T13:29:00,2026-09-28T13:48:00,2026-09-28T17:51:00,,,2,,,
c8a5ba44-fa6,c8a5ba44-fa6;875913b1-933,2,2026-09-28T13:01:19.781-03:00,2026-09-28T17:57:17.102-03:00,296,CAMARA,CAMARA,CAMARA,CTG_10235333412,2026-09-28,LNP048,SOJA,SOJA,VOLCABLE_PTO_5,VOLCABLE PTO 5,TERMINAL_EMBARQUE,INGRESO,I,2000655,000404069614,0000000000219,10235333412,VIC604773280926,30260,SOJA,VOLCABLE_PTO_5,SAN_LORENZO_VOLCABLE,R7,VOLCABLE_PTO_5,TERMINAL_EMBARQUE,EXCEL_PLATFORM_PRODUCT,EXTERNAL_MATCH_FRAGMENTED,ROUTE_NO_EVALUABLE,"FAZON 2026, FAZON 2026",2026-09-28T13:02:00,2026-09-28T13:45:00,2026-09-28T17:53:00,,,2,,,
2fb2d0d5-1f7,2fb2d0d5-1f7;d33b0060-e9b;df0d8c45-6b8;c54fc753-4d3;7a9508fb-add;0504a27c-9d6;02362a42-f42;ad33d51e-19a;6e1d1c01-eb9,9,2026-09-28T06:18:26.063-03:00,2026-09-29T01:11:35.923-03:00,1133,CAMARA,CAMARA,CAMARA,CTG_10235349582,2026-09-28,UKL882,SOJA,SOJA,SILO_CHIEF_2,SILO CHIEF 2,RICARDONE,EGRESO,E,95817,000301069828,0000300057727,10235349582,,30340,SOJA,SILO_CHIEF_2,,R29,SILO_CHIEF_2,RICARDONE,EXCEL_PLATFORM_PRODUCT,EXTERNAL_MATCH_FRAGMENTED,ROUTE_NO_EVALUABLE,DEPOSITO EN RICARDONE,2026-09-28T13:30:00,,2026-09-28T17:35:00,,,9,,,
00fb567a-652,00fb567a-652;70c19978-e29,2,2026-09-28T09:33:51.536-03:00,2026-09-28T17:40:42.654-03:00,487,CAMARA,CAMARA,CAMARA,COMPROB_000400422793,2026-09-28,LYQ549,CASCARA DE SOJA PELLETEADA,CASCARA DE SOJA PELLETEADA,,,TERMINAL_EMBARQUE,EGRESO,E,95592,000400422793,,0,,29780,CASCARA DE SOJA PELLETEADA,,,R13,,TERMINAL_EMBARQUE,EXCEL_PLATFORM_PRODUCT,EXTERNAL_MATCH_FRAGMENTED,ROUTE_NO_EVALUABLE,FAZON 2026,2026-09-28T09:35:00,,2026-09-28T17:54:00,,,2,,,
f795053a-35b,f795053a-35b;a542e236-223,2,2026-09-28T13:31:34.956-03:00,2026-09-28T17:40:48.903-03:00,249,CAMARA,CAMARA,CAMARA,CTG_10235340443,2026-09-28,CEE898,SOJA,SOJA,VOLCABLE_PTO_3,VOLCABLE PTO 3,TERMINAL_EMBARQUE,INGRESO,I,2000651,000404069615,0004100008963,10235340443,VIC185710280926,29400,SOJA,VOLCABLE_PTO_3,SAN_LORENZO_VOLCABLE,R7,VOLCABLE_PTO_3,TERMINAL_EMBARQUE,EXCEL_PLATFORM_PRODUCT,EXTERNAL_MATCH_FRAGMENTED,ROUTE_NO_EVALUABLE,"FAZON 2026, FAZON 2026",2026-09-28T13:33:00,2026-09-28T13:50:00,2026-09-28T17:56:00,,,2,,,
a868086a-9c6__cycle_1,a868086a-9c6__cycle_1,1,2026-09-28T15:27:25.938-03:00,2026-09-28T17:57:43.835-03:00,150,CAMARA,CAMARA,CAMARA,CTG_10235343720,2026-09-28,BBU070,GIRASOL,GIRASOL,VOLCABLE_2,VOLCABLE 2,RICARDONE,INGRESO,I,2000640,000301464872,1658100004679,10235343720,VIC172535280926,27660,GIRASOL,VOLCABLE_2,VOLCABLE,R6,VOLCABLE_2,RICARDONE,EXCEL_PLATFORM_PRODUCT,EXTERNAL_MATCH_EXACT,ROUTE_NO_DISCHARGE_POINT,"FAZON 2026, FAZON 2026",2026-09-28T15:21:00,2026-09-28T15:30:00,2026-09-28T17:58:00,,,1,,,
b097cd04-24e,b097cd04-24e;d7fbe08d-1d1,2,2026-09-28T09:07:01.257-03:00,2026-09-28T18:02:03.136-03:00,535,CAMARA,CAMARA,CAMARA,COMPROB_000400422794,2026-09-28,AB115WU,ACEITE GIRASOL REFINADO,ACEITE GIRASOL REFINADO,ACEITE_OSL,ACEITE OSL,TERMINAL_EMBARQUE,EGRESO,E,96064,000400422794,,0,,28100,ACEITE GIRASOL REFINADO,ACEITE_OSL,LIQUIDO,SL1,ACEITE_OSL,TERMINAL_EMBARQUE,EXCEL_PLATFORM_PRODUCT,EXTERNAL_MATCH_FRAGMENTED,ROUTE_NO_EVALUABLE,,2026-09-28T09:11:00,,2026-09-28T17:59:00,,,2,,,
2bc429e1-86a,2bc429e1-86a;496ac34b-a1f,2,2026-09-28T12:33:24.406-03:00,2026-09-28T18:07:58.358-03:00,335,CAMARA,CAMARA,CAMARA,CTG_10135319064,2026-09-28,KLB744,SOJA,SOJA,VOLCABLE_PTO_5,VOLCABLE PTO 5,TERMINAL_EMBARQUE,INGRESO,I,2000652,000404069617,0000000006809,10135319064,VIC541512280926,35340,SOJA,VOLCABLE_PTO_5,SAN_LORENZO_VOLCABLE,R7,VOLCABLE_PTO_5,TERMINAL_EMBARQUE,EXCEL_PLATFORM_PRODUCT,EXTERNAL_MATCH_FRAGMENTED,ROUTE_NO_EVALUABLE,"FAZON 2026, FAZON 2026",2026-09-28T12:34:00,2026-09-28T13:59:00,2026-09-28T18:07:00,,,2,,,
b90cada8-694,b90cada8-694;8420d3c3-958;a6998baf-ffe;4751bf9c-305;c79ea0c7-555;75a77292-5ed;4b6f6975-539;cdbcf8b4-1de,8,2026-09-28T03:26:16.840-03:00,2026-09-29T01:24:04.782-03:00,1318,CAMARA,CAMARA,CAMARA,CTG_10235349863,2026-09-28,TAC436,SOJA,SOJA,SILO_CHIEF_2,SILO CHIEF 2,RICARDONE,EGRESO,E,95817,000301069829,0000300057728,10235349863,,30200,SOJA,SILO_CHIEF_2,,R29,SILO_CHIEF_2,RICARDONE,EXCEL_PLATFORM_PRODUCT,EXTERNAL_MATCH_FRAGMENTED,ROUTE_NO_EVALUABLE,DEPOSITO EN RICARDONE,2026-09-28T13:42:00,,2026-09-28T17:44:00,,,8,,,
396e3fb9-885,396e3fb9-885;cd004f2c-2e3;1cdd93ce-ae7;1beb8b67-2fe;904d4234-f67;bbacf536-4fc;86666274-39c;8a9b8a78-5dc;9a94f47b-3ec,9,2026-09-28T06:31:06.827-03:00,2026-09-29T01:24:36.715-03:00,1133,CAMARA,CAMARA,CAMARA,CTG_10235349909,2026-09-28,BVS300,SOJA,SOJA,SILO_CHIEF_2,SILO CHIEF 2,RICARDONE,EGRESO,E,95817,000301069830,0000300057729,10235349909,,30020,SOJA,SILO_CHIEF_2,,R29,SILO_CHIEF_2,RICARDONE,EXCEL_PLATFORM_PRODUCT,EXTERNAL_MATCH_FRAGMENTED,ROUTE_NO_EVALUABLE,DEPOSITO EN RICARDONE,2026-09-28T13:46:00,,2026-09-28T17:53:00,,,9,,,
bc9a70a7-4ee__cycle_2,bc9a70a7-4ee__cycle_2;99295bc9-590;f6f03176-004;b614f9a1-c07;6ef22a3e-1f8;ebdc7111-fdb__cycle_1,6,2026-09-28T01:42:38.811-03:00,2026-09-28T22:53:23.670-03:00,1271,CAMARA,CAMARA,CAMARA,CTG_10235350047,2026-09-28,UWX998,SOJA,SOJA,SILO_CHIEF_2,SILO CHIEF 2,RICARDONE,EGRESO,E,95817,000301069831,0000300057730,10235350047,,29160,SOJA,SILO_CHIEF_2,,R29,SILO_CHIEF_2,RICARDONE,EXCEL_PLATFORM_PRODUCT,EXTERNAL_MATCH_FRAGMENTED,ROUTE_NO_EVALUABLE,DEPOSITO EN RICARDONE,2026-09-28T13:47:00,,2026-09-28T18:02:00,,,6,,,
afd0c31d-b25,afd0c31d-b25;aaae0ff3-2bd,2,2026-09-28T16:02:29.243-03:00,2026-09-28T18:23:12.483-03:00,141,CAMARA,CAMARA,CAMARA,CTG_10235327393,2026-09-28,OKH237,SOJA,SOJA,VOLCABLE_PTO_5,VOLCABLE PTO 5,TERMINAL_EMBARQUE,INGRESO,I,2000655,000404069621,0000000003541,10235327393,VIC209264270926,29820,SOJA,VOLCABLE_PTO_5,SAN_LORENZO_VOLCABLE,R7,VOLCABLE_PTO_5,TERMINAL_EMBARQUE,EXCEL_PLATFORM_PRODUCT,EXTERNAL_MATCH_FRAGMENTED,ROUTE_NO_EVALUABLE,"FAZON 2026, FAZON 2026",2026-09-28T16:04:00,2026-09-28T17:28:00,2026-09-28T18:20:00,,,2,,,
19d6bc0a-5d7__cycle_1,19d6bc0a-5d7__cycle_1,1,2026-09-28T14:56:24.976-03:00,2026-09-28T15:25:28.953-03:00,29,CAMARA,CAMARA,CAMARA,COMPROB_000400422795,2026-09-28,EAO104,ACEITE GIRASOL REFINADO,ACEITE GIRASOL REFINADO,ACEITE_OSL,ACEITE OSL,TERMINAL_EMBARQUE,EGRESO,E,11678,000400422795,,0,,28100,ACEITE GIRASOL REFINADO,ACEITE_OSL,LIQUIDO,SL1,ACEITE_OSL,TERMINAL_EMBARQUE,EXCEL_PLATFORM_PRODUCT,EXTERNAL_MATCH_PROBABLE,ROUTE_NO_EVALUABLE,,2026-09-28T14:57:00,,2026-09-28T18:28:00,,,1,,,
dafc53fa-a47,dafc53fa-a47;09c5136c-1bb,2,2026-09-28T16:03:56.926-03:00,2026-09-28T18:34:25.752-03:00,150,CAMARA,CAMARA,CAMARA,CTG_10235314432,2026-09-28,KWO254,SOJA,SOJA,VOLCABLE_PTO_3,VOLCABLE PTO 3,TERMINAL_EMBARQUE,INGRESO,I,2000655,000404069623,0000000005903,10235314432,VIC121183280926,29460,SOJA,VOLCABLE_PTO_3,SAN_LORENZO_VOLCABLE,R7,VOLCABLE_PTO_3,TERMINAL_EMBARQUE,EXCEL_PLATFORM_PRODUCT,EXTERNAL_MATCH_FRAGMENTED,ROUTE_NO_EVALUABLE,"FAZON 2026, FAZON 2026",2026-09-28T16:06:00,2026-09-28T17:31:00,2026-09-28T18:29:00,,,2,,,
cb079e15-12e__cycle_3,cb079e15-12e__cycle_3;2c22168b-4af;fca32ca3-8ef;f97c7982-554;b74403bb-baf;c7ed3de8-87c;d910171c-191,7,2026-09-28T01:27:23.943-03:00,2026-09-28T23:03:16.105-03:00,1296,CAMARA,CAMARA,CAMARA,CTG_10235350305,2026-09-28,AAE877,SOJA,SOJA,SILO_CHIEF_2,SILO CHIEF 2,RICARDONE,EGRESO,E,95817,000301069832,0000300057731,10235350305,,29720,SOJA,SILO_CHIEF_2,,R29,SILO_CHIEF_2,RICARDONE,EXCEL_PLATFORM_PRODUCT,EXTERNAL_MATCH_FRAGMENTED,ROUTE_NO_EVALUABLE,DEPOSITO EN RICARDONE,2026-09-28T14:21:00,,2026-09-28T18:12:00,,,7,,,
89281d81-36c__cycle_2,89281d81-36c__cycle_2,1,2026-09-28T09:01:51.950-03:00,2026-09-28T19:08:47.201-03:00,607,CAMARA,CAMARA,CAMARA,COMPROB_000301069833,2026-09-28,UUO981,PRODUCTOS VARIOS,PRODUCTOS VARIOS,VARIOS,VARIOS,RICARDONE,EGRESO,E,11253,000301069833,,0,,0,PRODUCTOS VARIOS,VARIOS,,,VARIOS,RICARDONE,EXCEL_PLATFORM_PRODUCT,EXTERNAL_MATCH_EXACT,ROUTE_NO_EVALUABLE,"TRASILADO, MOVIMIENTOS INTERNOS SOLIDOS, TRASILADO",2026-09-28T06:27:00,,2026-09-28T19:09:00,,,1,,,
97db0f5d-e66,97db0f5d-e66;eb3bd2eb-cc4,2,2026-09-28T09:16:19.289-03:00,2026-09-28T19:17:27.155-03:00,601,CAMARA,CAMARA,CAMARA,COMPROB_000404069624,2026-09-28,AH385DJ,METANOL,METANOL,,,TERMINAL_EMBARQUE,INGRESO,I,10914,000404069624,110400136288,0,,33620,METANOL,,,,,TERMINAL_EMBARQUE,EXCEL_PLATFORM_PRODUCT,EXTERNAL_MATCH_FRAGMENTED,ROUTE_NO_EVALUABLE,,2026-09-28T09:23:00,,2026-09-28T19:14:00,,,2,,,
13118c2e-6bf,13118c2e-6bf;8fbb6125-95e,2,2026-09-28T16:26:09.166-03:00,2026-09-28T19:36:43.778-03:00,191,CAMARA,CAMARA,CAMARA,CTG_10235320616,2026-09-28,HAI198,SOJA,SOJA,VOLCABLE_PTO_3,VOLCABLE PTO 3,TERMINAL_EMBARQUE,INGRESO,I,2000655,000404069626,0000100006780,10235320616,VIC848265280926,28980,SOJA,VOLCABLE_PTO_3,SAN_LORENZO_VOLCABLE,R7,VOLCABLE_PTO_3,TERMINAL_EMBARQUE,EXCEL_PLATFORM_PRODUCT,EXTERNAL_MATCH_FRAGMENTED,ROUTE_NO_EVALUABLE,"FAZON 2026, FAZON 2026",2026-09-28T16:27:00,2026-09-28T17:34:00,2026-09-28T19:33:00,,,2,,,
3081a480-9e3,3081a480-9e3;4e81ff57-536__cycle_1;4e81ff57-536__cycle_2,3,2026-09-28T14:14:39.506-03:00,2026-09-29T00:16:29.354-03:00,602,CAMARA,CAMARA,CAMARA,CTG_10235350974,2026-09-28,TAO150,SOJA,SOJA,SILO_CHIEF_2,SILO CHIEF 2,RICARDONE,EGRESO,E,95817,000301069834,0000300057732,10235350974,,28680,SOJA,SILO_CHIEF_2,,R29,SILO_CHIEF_2,RICARDONE,EXCEL_PLATFORM_PRODUCT,EXTERNAL_MATCH_FRAGMENTED,ROUTE_NO_EVALUABLE,DEPOSITO EN RICARDONE,2026-09-28T14:16:00,,2026-09-28T18:20:00,,,3,,,
94649616-ee2,94649616-ee2;626fda8a-f26;f5090400-a5b;bad8f3fd-913;6f6ce515-bd1;45429084-b31;a127c497-513;cb313ff7-3e5;78dfaa4a-97d,9,2026-09-28T07:51:45.829-03:00,2026-09-29T01:45:10.942-03:00,1073,CAMARA,CAMARA,CAMARA,CTG_10235350980,2026-09-28,EEW075,SOJA,SOJA,SILO_CHIEF_2,SILO CHIEF 2,RICARDONE,EGRESO,E,95817,000301069835,0000300057733,10235350980,,27260,SOJA,SILO_CHIEF_2,,R29,SILO_CHIEF_2,RICARDONE,EXCEL_PLATFORM_PRODUCT,EXTERNAL_MATCH_FRAGMENTED,ROUTE_NO_EVALUABLE,DEPOSITO EN RICARDONE,2026-09-28T14:49:00,,2026-09-28T18:28:00,,,9,,,
0ce74c43-3f9,0ce74c43-3f9;43e0653b-0c5;e19c1828-fe0;a41fabf9-a3d;58088ea3-a37;bd3ce1bb-5b5,6,2026-09-28T11:07:07.062-03:00,2026-09-29T01:48:48.949-03:00,882,CAMARA,CAMARA,CAMARA,CTG_10235350988,2026-09-28,TVH101,SOJA,SOJA,SILO_CHIEF_2,SILO CHIEF 2,RICARDONE,EGRESO,E,95817,000301069836,0000300057734,10235350988,,26260,SOJA,SILO_CHIEF_2,,R29,SILO_CHIEF_2,RICARDONE,EXCEL_PLATFORM_PRODUCT,EXTERNAL_MATCH_FRAGMENTED,ROUTE_NO_EVALUABLE,DEPOSITO EN RICARDONE,2026-09-28T15:27:00,,2026-09-28T18:36:00,,,6,,,
5f91f092-3c1,5f91f092-3c1;f0ea1304-937,2,2026-09-28T16:21:15.787-03:00,2026-09-28T19:41:38.256-03:00,200,CAMARA,CAMARA,CAMARA,CTG_10235338306,2026-09-28,AA641EK,SOJA,SOJA,VOLCABLE_PTO_5,VOLCABLE PTO 5,TERMINAL_EMBARQUE,INGRESO,I,2000655,000404069627,0000100018430,10235338306,VIC093192280926,34840,SOJA,VOLCABLE_PTO_5,SAN_LORENZO_VOLCABLE,R7,VOLCABLE_PTO_5,TERMINAL_EMBARQUE,EXCEL_PLATFORM_PRODUCT,EXTERNAL_MATCH_FRAGMENTED,ROUTE_NO_EVALUABLE,"FAZON 2026, FAZON 2026",2026-09-28T16:24:00,2026-09-28T17:32:00,2026-09-28T19:39:00,,,2,,,
989d8858-8f8__cycle_1,989d8858-8f8__cycle_1,1,2026-09-28T17:06:50.450-03:00,2026-09-28T19:39:57.230-03:00,153,CAMARA,CAMARA,CAMARA,CTG_10235345934,2026-09-28,SFN197,GIRASOL,GIRASOL,VOLCABLE_2,VOLCABLE 2,RICARDONE,INGRESO,I,2000640,000301464873,1658100004699,10235345934,VIC422541280926,27320,GIRASOL,VOLCABLE_2,VOLCABLE,R6,VOLCABLE_2,RICARDONE,EXCEL_PLATFORM_PRODUCT,EXTERNAL_MATCH_EXACT,ROUTE_NO_DISCHARGE_POINT,"FAZON 2026, FAZON 2026",2026-09-28T17:08:00,2026-09-28T18:21:00,2026-09-28T19:41:00,,,1,,,
64738649-3d2,64738649-3d2;2f05c463-aeb,2,2026-09-28T15:39:21.320-03:00,2026-09-28T19:44:02.873-03:00,245,CAMARA,CAMARA,CAMARA,CTG_10135328386,2026-09-28,AB299FY,SOJA,SOJA,VOLCABLE_PTO_5,VOLCABLE PTO 5,TERMINAL_EMBARQUE,INGRESO,I,2000655,000404069628,0000100014726,10135328386,VIC020386280926,36440,SOJA,VOLCABLE_PTO_5,SAN_LORENZO_VOLCABLE,R7,VOLCABLE_PTO_5,TERMINAL_EMBARQUE,EXCEL_PLATFORM_PRODUCT,EXTERNAL_MATCH_FRAGMENTED,ROUTE_NO_EVALUABLE,"FAZON 2026, FAZON 2026",2026-09-28T15:40:00,2026-09-28T17:19:00,2026-09-28T19:41:00,,,2,,,
81ec0c45-e48__cycle_1,81ec0c45-e48__cycle_1;737bc74d-46d,2,2026-09-28T07:29:57.640-03:00,2026-09-28T19:46:18.688-03:00,736,CAMARA,CAMARA,CAMARA,CTG_10235324724,2026-09-28,AE247CD,SOJA,SOJA,VOLCABLE_PTO_3,VOLCABLE PTO 3,TERMINAL_EMBARQUE,INGRESO,I,2000655,000404069629,0000100007815,10235324724,VIC120281280926,29440,SOJA,VOLCABLE_PTO_3,SAN_LORENZO_VOLCABLE,R7,VOLCABLE_PTO_3,TERMINAL_EMBARQUE,EXCEL_PLATFORM_PRODUCT,EXTERNAL_MATCH_FRAGMENTED,ROUTE_NO_EVALUABLE,"FAZON 2026, FAZON 2026",2026-09-28T07:31:00,2026-09-28T08:29:00,2026-09-28T19:42:00,,,2,,,
19d6bc0a-5d7__cycle_1,19d6bc0a-5d7__cycle_1,1,2026-09-28T14:56:24.976-03:00,2026-09-28T15:25:28.953-03:00,29,CAMARA,CAMARA,CAMARA,COMPROB_009702023086,2026-09-28,EAO104,ACEITE GIRASOL REFINADO,ACEITE GIRASOL REFINADO,,,RENOPACK,INGRESO,I,50042,009702023086,0000500066542,0,,28040,ACEITE GIRASOL REFINADO,,LIQUIDO,,,RENOPACK,EXCEL_PLATFORM_PRODUCT,EXTERNAL_MATCH_PROBABLE,ROUTE_NO_EVALUABLE,"RECIBOS ACEITE REFINADO GIRASOL COMMODITIES, RECIBOS ACEITE REFINADO GIRASOL COMMODITIES",2026-09-28T18:45:00,,2026-09-28T19:45:00,,,1,,,
14f1a21e-e65,14f1a21e-e65;52896e06-fd5,2,2026-09-28T11:47:30.885-03:00,2026-09-28T19:51:19.968-03:00,484,CAMARA,CAMARA,CAMARA,CTG_10235327652,2026-09-28,AD147KV,SOJA,SOJA,VOLCABLE_PTO_4,VOLCABLE PTO 4,TERMINAL_EMBARQUE,INGRESO,I,2000652,000404069630,0000100012355,10235327652,VIC522871280926,35140,SOJA,VOLCABLE_PTO_4,SAN_LORENZO_VOLCABLE,R7,VOLCABLE_PTO_4,TERMINAL_EMBARQUE,EXCEL_PLATFORM_PRODUCT,EXTERNAL_MATCH_FRAGMENTED,ROUTE_NO_EVALUABLE,"FAZON 2026, FAZON 2026",2026-09-28T11:50:00,2026-09-28T12:06:00,2026-09-28T19:48:00,,,2,,,
86b28549-d0a,86b28549-d0a;27ceef3a-2ca;8767e5ac-ea1;a4432862-2ff;96e8795e-630;bd28006b-258;e2280651-f39;2608092f-705,8,2026-09-28T05:48:06.676-03:00,2026-09-29T02:11:26.804-03:00,1223,CAMARA,CAMARA,CAMARA,CTG_10235351087,2026-09-28,GES056,SOJA,SOJA,SILO_CHIEF_2,SILO CHIEF 2,RICARDONE,EGRESO,E,95817,000301069837,0000300057735,10235351087,,27600,SOJA,SILO_CHIEF_2,,R29,SILO_CHIEF_2,RICARDONE,EXCEL_PLATFORM_PRODUCT,EXTERNAL_MATCH_FRAGMENTED,ROUTE_NO_EVALUABLE,DEPOSITO EN RICARDONE,2026-09-28T15:49:00,,2026-09-28T19:42:00,,,8,,,
d6990a5e-459,d6990a5e-459;d9f234cc-1f1,2,2026-09-28T12:21:25.722-03:00,2026-09-28T19:56:50.340-03:00,455,CAMARA,CAMARA,CAMARA,CTG_10135310792,2026-09-28,NRV963,SOJA,SOJA,VOLCABLE_PTO_5,VOLCABLE PTO 5,TERMINAL_EMBARQUE,INGRESO,I,2000652,000404069631,0000000143691,10135310792,VIC928985270926,30380,SOJA,VOLCABLE_PTO_5,SAN_LORENZO_VOLCABLE,R7,VOLCABLE_PTO_5,TERMINAL_EMBARQUE,EXCEL_PLATFORM_PRODUCT,EXTERNAL_MATCH_FRAGMENTED,ROUTE_NO_EVALUABLE,"FAZON 2026, FAZON 2026",2026-09-28T12:23:00,2026-09-28T13:34:00,2026-09-28T19:51:00,,,2,,,
7249d77f-12c,7249d77f-12c;02ff0334-63e,2,2026-09-28T16:27:04.369-03:00,2026-09-28T20:01:31.573-03:00,214,CAMARA,CAMARA,CAMARA,CTG_10235338711,2026-09-28,AF773JR,SOJA,SOJA,VOLCABLE_PTO_5,VOLCABLE PTO 5,TERMINAL_EMBARQUE,INGRESO,I,2000655,000404069634,0000100018432,10235338711,VIC989527280926,36420,SOJA,VOLCABLE_PTO_5,SAN_LORENZO_VOLCABLE,R7,VOLCABLE_PTO_5,TERMINAL_EMBARQUE,EXCEL_PLATFORM_PRODUCT,EXTERNAL_MATCH_FRAGMENTED,ROUTE_NO_EVALUABLE,"FAZON 2026, FAZON 2026",2026-09-28T16:28:00,2026-09-28T17:39:00,2026-09-28T19:59:00,,,2,,,
bcdf4379-b32,bcdf4379-b32;df0f673f-115;2adab634-2f8;a78ea04b-3ba;39627724-dce;dad4fdc3-2cf;c0054d3e-3a9;d915eb89-dd6;ac2fa249-ef9,9,2026-09-28T05:30:58.855-03:00,2026-09-29T02:20:41.546-03:00,1250,CAMARA,CAMARA,CAMARA,CTG_10235351170,2026-09-28,RXV065,SOJA,SOJA,SILO_CHIEF_2,SILO CHIEF 2,RICARDONE,EGRESO,E,95817,000301069838,0000300057736,10235351170,,29580,SOJA,SILO_CHIEF_2,,R29,SILO_CHIEF_2,RICARDONE,EXCEL_PLATFORM_PRODUCT,EXTERNAL_MATCH_FRAGMENTED,ROUTE_NO_EVALUABLE,DEPOSITO EN RICARDONE,2026-09-28T15:46:00,,2026-09-28T19:57:00,,,9,,,
1fbb3827-7bc__cycle_1,1fbb3827-7bc__cycle_1;6f63b345-0c6,2,2026-09-28T01:54:44.039-03:00,2026-09-28T20:11:03.602-03:00,1096,CAMARA,CAMARA,CAMARA,CTG_10235309795,2026-09-28,OLC967,SOJA,SOJA,VOLCABLE_PTO_5,VOLCABLE PTO 5,TERMINAL_EMBARQUE,INGRESO,I,2000652,000404069636,0000100001943,10235309795,VIC558000270926,29040,SOJA,VOLCABLE_PTO_5,SAN_LORENZO_VOLCABLE,R7,VOLCABLE_PTO_5,TERMINAL_EMBARQUE,EXCEL_PLATFORM_PRODUCT,EXTERNAL_MATCH_FRAGMENTED,ROUTE_NO_EVALUABLE,"FAZON 2026, FAZON 2026",2026-09-28T02:03:00,2026-09-28T04:55:00,2026-09-28T20:08:00,,,2,,,
461c06dc-187,461c06dc-187;ad51c167-27d;d8fe3c3a-056;29a95723-092;241b85c7-982;f5751a42-11d;9fbe7ce2-8cb,7,2026-09-28T07:22:25.164-03:00,2026-09-29T02:14:03.867-03:00,1132,CAMARA,CAMARA,CAMARA,CTG_10235351195,2026-09-28,BHL749,SOJA,SOJA,SILO_CHIEF_2,SILO CHIEF 2,RICARDONE,EGRESO,E,95817,000301069839,0000300057737,10235351195,,29200,SOJA,SILO_CHIEF_2,,R29,SILO_CHIEF_2,RICARDONE,EXCEL_PLATFORM_PRODUCT,EXTERNAL_MATCH_FRAGMENTED,ROUTE_NO_EVALUABLE,DEPOSITO EN RICARDONE,2026-09-28T15:02:00,,2026-09-28T19:51:00,,,7,,,
1d6d80b0-0f0,1d6d80b0-0f0,1,2026-09-28T16:50:31.089-03:00,2026-09-28T20:12:41.321-03:00,202,CAMARA,CAMARA,CAMARA,CTG_10235340090,2026-09-28,EMV332,SOJA,SOJA,VOLCABLE_PTO_3,VOLCABLE PTO 3,TERMINAL_EMBARQUE,INGRESO,I,2000655,000404069637,0000000005910,10235340090,VIC486578280926,31060,SOJA,VOLCABLE_PTO_3,SAN_LORENZO_VOLCABLE,R7,VOLCABLE_PTO_3,TERMINAL_EMBARQUE,EXCEL_PLATFORM_PRODUCT,EXTERNAL_MATCH_EXACT,ROUTE_NO_EVALUABLE,"FAZON 2026, FAZON 2026",2026-09-28T16:51:00,2026-09-28T18:01:00,2026-09-28T20:11:00,,,1,,,
57fc0f7f-b5f__cycle_1,57fc0f7f-b5f__cycle_1;22f9f614-3fd,2,2026-09-28T03:58:41.353-03:00,2026-09-28T20:23:56.327-03:00,985,CAMARA,CAMARA,CAMARA,CTG_10135334909,2026-09-28,BXD555,SOJA,SOJA,VOLCABLE_PTO_5,VOLCABLE PTO 5,TERMINAL_EMBARQUE,INGRESO,I,2000655,000404069638,0000100001897,10135334909,VIC191894280926,28980,SOJA,VOLCABLE_PTO_5,SAN_LORENZO_VOLCABLE,R7,VOLCABLE_PTO_5,TERMINAL_EMBARQUE,EXCEL_PLATFORM_PRODUCT,EXTERNAL_MATCH_FRAGMENTED,ROUTE_NO_EVALUABLE,"FAZON 2026, FAZON 2026",2026-09-28T04:00:00,2026-09-28T05:04:00,2026-09-28T20:21:00,,,2,,,
6666184a-1ec,6666184a-1ec,1,2026-09-28T14:17:23.354-03:00,2026-09-28T20:36:00.868-03:00,379,CAMARA,CAMARA,CAMARA,CTG_10235347756,2026-09-28,EVW965,GIRASOL,GIRASOL,VOLCABLE_2,VOLCABLE 2,RICARDONE,INGRESO,I,2000664,000301464874,0000000078100,10235347756,VIC134439280926,30920,GIRASOL,VOLCABLE_2,VOLCABLE,R6,VOLCABLE_2,RICARDONE,EXCEL_PLATFORM_PRODUCT,EXTERNAL_MATCH_EXACT,ROUTE_NO_DISCHARGE_POINT,"FASON GIRASOL, FASON GIRASOL",2026-09-28T17:19:00,2026-09-28T18:23:00,2026-09-28T20:36:00,,,1,,,
531a3756-857,531a3756-857;c6cf303a-d04;09a86331-0d8,3,2026-09-28T14:47:59.962-03:00,2026-09-29T02:12:32.830-03:00,685,CAMARA,CAMARA,CAMARA,COMPROB_000404069644,2026-09-28,CMF111,AGUA INDUSTRIAL,AGUA INDUSTRIAL,ACEITE_OSL,ACEITE OSL,TERMINAL_EMBARQUE,INGRESO,I,11529,000404069644,0001100019261,0,,27620,AGUA INDUSTRIAL,ACEITE_OSL,LIQUIDO,SL1,ACEITE_OSL,TERMINAL_EMBARQUE,EXCEL_PLATFORM_PRODUCT,EXTERNAL_MATCH_FRAGMENTED,ROUTE_NO_EVALUABLE,"AGUA INDUSTRIAL, AGUA INDUSTRIAL",2026-09-28T19:37:00,,2026-09-28T20:49:00,,,3,,,
abb212d8-b7e,abb212d8-b7e;6a604e9d-ac4;24d0eb31-540;bb788aea-066;9b592a59-12b__cycle_1;9b592a59-12b__cycle_2,6,2026-09-28T09:18:27.913-03:00,2026-09-29T00:26:12.954-03:00,908,CAMARA,CAMARA,CAMARA,CTG_10235351476,2026-09-28,CGV979,SOJA,SOJA,SILO_CHIEF_2,SILO CHIEF 2,RICARDONE,EGRESO,E,95817,000301069840,0000300057738,10235351476,,29280,SOJA,SILO_CHIEF_2,,R29,SILO_CHIEF_2,RICARDONE,EXCEL_PLATFORM_PRODUCT,EXTERNAL_MATCH_FRAGMENTED,ROUTE_NO_EVALUABLE,DEPOSITO EN RICARDONE,2026-09-28T16:53:00,,2026-09-28T20:35:00,,,6,,,
9294fc3a-284__cycle_1,9294fc3a-284__cycle_1;ea189db8-a67,2,2026-09-28T07:51:36.036-03:00,2026-09-28T20:52:45.258-03:00,781,CAMARA,CAMARA,CAMARA,CTG_10135319445,2026-09-28,AE422TI,SOJA,SOJA,VOLCABLE_PTO_5,VOLCABLE PTO 5,TERMINAL_EMBARQUE,INGRESO,I,2000652,000404069645,0000000000392,10135319445,VIC095011270926,29860,SOJA,VOLCABLE_PTO_5,SAN_LORENZO_VOLCABLE,R7,VOLCABLE_PTO_5,TERMINAL_EMBARQUE,EXCEL_PLATFORM_PRODUCT,EXTERNAL_MATCH_FRAGMENTED,ROUTE_NO_EVALUABLE,"FAZON 2026, FAZON 2026",2026-09-28T07:54:00,2026-09-28T08:32:00,2026-09-28T20:50:00,,,2,,,
a0592f2a-799,a0592f2a-799;9f506975-aed;afa5933c-0d0;75838d2e-2bf;e6e0cd2d-b00;b420fb78-efd;094652ee-b7f;7d16a20b-153,8,2026-09-28T09:02:01.613-03:00,2026-09-29T03:46:43.589-03:00,1125,CAMARA,CAMARA,CAMARA,CTG_10235351480,2026-09-28,EVL273,SOJA,SOJA,SILO_CHIEF_2,SILO CHIEF 2,RICARDONE,EGRESO,E,95817,000301069841,0000300057739,10235351480,,27720,SOJA,SILO_CHIEF_2,,R29,SILO_CHIEF_2,RICARDONE,EXCEL_PLATFORM_PRODUCT,EXTERNAL_MATCH_FRAGMENTED,ROUTE_NO_EVALUABLE,DEPOSITO EN RICARDONE,2026-09-28T16:45:00,,2026-09-28T20:28:00,,,8,,,
0c60c0fe-cb6__cycle_1,0c60c0fe-cb6__cycle_1;0dd7e469-ca7,2,2026-09-28T07:56:52.454-03:00,2026-09-28T20:53:24.514-03:00,777,CAMARA,CAMARA,CAMARA,CTG_10135325157,2026-09-28,AE886SA,SOJA,SOJA,VOLCABLE_PTO_5,VOLCABLE PTO 5,TERMINAL_EMBARQUE,INGRESO,I,2000652,000404069646,0000000000393,10135325157,VIC277153270926,35420,SOJA,VOLCABLE_PTO_5,SAN_LORENZO_VOLCABLE,R7,VOLCABLE_PTO_5,TERMINAL_EMBARQUE,EXCEL_PLATFORM_PRODUCT,EXTERNAL_MATCH_FRAGMENTED,ROUTE_NO_EVALUABLE,"FAZON 2026, FAZON 2026",2026-09-28T07:58:00,2026-09-28T08:44:00,2026-09-28T20:51:00,,,2,,,
24cdc20a-d4d,24cdc20a-d4d;e54db273-1e8,2,2026-09-28T07:40:31.129-03:00,2026-09-28T20:54:42.385-03:00,794,CAMARA,CAMARA,CAMARA,COMPROB_000400422798,2026-09-28,LGZ704,ACEITE GIRASOL REFINADO,ACEITE GIRASOL REFINADO,ACEITE_OSL,ACEITE OSL,TERMINAL_EMBARQUE,EGRESO,E,11678,000400422798,,0,,28020,ACEITE GIRASOL REFINADO,ACEITE_OSL,LIQUIDO,SL1,ACEITE_OSL,TERMINAL_EMBARQUE,EXCEL_PLATFORM_PRODUCT,EXTERNAL_MATCH_FRAGMENTED,ROUTE_NO_EVALUABLE,,2026-09-28T14:58:00,,2026-09-28T20:52:00,,,2,,,
e38a2866-7b6__cycle_2,e38a2866-7b6__cycle_2;25e3733b-02b;3fb6bc88-301;154fa7e9-d20;91ae0478-fe0__cycle_1,5,2026-09-28T01:47:24.576-03:00,2026-09-29T00:45:23.580-03:00,1378,CAMARA,CAMARA,CAMARA,CTG_10235351501,2026-09-28,CIE516,SOJA,SOJA,SILO_CHIEF_2,SILO CHIEF 2,RICARDONE,EGRESO,E,95817,000301069842,0000300057740,10235351501,,30560,SOJA,SILO_CHIEF_2,,R29,SILO_CHIEF_2,RICARDONE,EXCEL_PLATFORM_PRODUCT,EXTERNAL_MATCH_FRAGMENTED,ROUTE_NO_EVALUABLE,DEPOSITO EN RICARDONE,2026-09-28T16:00:00,,2026-09-28T20:45:00,,,5,,,
05d38a25-6f9,05d38a25-6f9,1,2026-09-28T12:49:51.584-03:00,2026-09-28T13:57:25.916-03:00,68,CAMARA,CAMARA,CAMARA,CTG_10135335154,2026-09-28,MDY213,SOJA,SOJA,VOLCABLE_PTO_5,VOLCABLE PTO 5,TERMINAL_EMBARQUE,INGRESO,I,2000655,000404069648,0000000001365,10135335154,VIC026827280926,35640,SOJA,VOLCABLE_PTO_5,SAN_LORENZO_VOLCABLE,R7,VOLCABLE_PTO_5,TERMINAL_EMBARQUE,EXCEL_PLATFORM_PRODUCT,EXTERNAL_MATCH_PROBABLE,ROUTE_NO_EVALUABLE,"FAZON 2026, FAZON 2026",2026-09-28T12:51:00,2026-09-28T13:39:00,2026-09-28T21:02:00,,,1,,,
429c3a71-8f4__cycle_2,429c3a71-8f4__cycle_2;35abdc41-eee;74fada6c-30f,3,2026-09-28T08:34:50.187-03:00,2026-09-29T07:51:19.663-03:00,1396,CAMARA,CAMARA,CAMARA,CTG_10235351527,2026-09-28,VJG112,SOJA,SOJA,SILO_CHIEF_2,SILO CHIEF 2,RICARDONE,EGRESO,E,95817,000301069843,0000300057741,10235351527,,29480,SOJA,SILO_CHIEF_2,,R29,SILO_CHIEF_2,RICARDONE,EXCEL_PLATFORM_PRODUCT,EXTERNAL_MATCH_FRAGMENTED,ROUTE_NO_EVALUABLE,DEPOSITO EN RICARDONE,2026-09-28T17:25:00,,2026-09-28T20:49:00,,,3,,,
a494bb7c-06a,a494bb7c-06a;753fbbd2-154;56d06dac-62d;c0db44a5-3a0;3d19bcda-1a3;cc614e63-cc8;7dc39414-a43;1eca20bf-0c1,8,2026-09-28T10:12:12.260-03:00,2026-09-29T04:04:22.413-03:00,1072,CAMARA,CAMARA,CAMARA,CTG_10235351528,2026-09-28,EYH843,SOJA,SOJA,SILO_CHIEF_2,SILO CHIEF 2,RICARDONE,EGRESO,E,95817,000301069844,0000300057742,10235351528,,27700,SOJA,SILO_CHIEF_2,,R29,SILO_CHIEF_2,RICARDONE,EXCEL_PLATFORM_PRODUCT,EXTERNAL_MATCH_FRAGMENTED,ROUTE_NO_EVALUABLE,DEPOSITO EN RICARDONE,2026-09-28T17:25:00,,2026-09-28T20:56:00,,,8,,,
ed5323db-753__cycle_1,ed5323db-753__cycle_1,1,2026-09-28T10:18:28.844-03:00,2026-09-28T13:36:16.941-03:00,198,CAMARA,CAMARA,CAMARA,COMPROB_000400422799,2026-09-28,SFY369,ACEITE GIRASOL REFINADO,ACEITE GIRASOL REFINADO,ACEITE_OSL,ACEITE OSL,TERMINAL_EMBARQUE,EGRESO,E,11526,000400422799,,0,,28100,ACEITE GIRASOL REFINADO,ACEITE_OSL,LIQUIDO,SL1,ACEITE_OSL,TERMINAL_EMBARQUE,EXCEL_PLATFORM_PRODUCT,EXTERNAL_MATCH_PROBABLE,ROUTE_NO_EVALUABLE,FAZON RENOVA/BUNGE,2026-09-28T10:19:00,,2026-09-28T21:17:00,,,1,,,
6d02a9b5-e0f__cycle_1,6d02a9b5-e0f__cycle_1,1,2026-09-28T17:48:27.476-03:00,2026-09-29T01:01:14.997-03:00,433,CAMARA,CAMARA,CAMARA,CTG_10235351566,2026-09-28,AZG422,SOJA,SOJA,SILO_CHIEF_2,SILO CHIEF 2,RICARDONE,EGRESO,E,95817,000301069845,0000300057743,10235351566,,29360,SOJA,SILO_CHIEF_2,,R29,SILO_CHIEF_2,RICARDONE,EXCEL_PLATFORM_PRODUCT,EXTERNAL_MATCH_EXACT,ROUTE_NO_DISCHARGE_POINT,DEPOSITO EN RICARDONE,2026-09-28T17:49:00,,2026-09-28T21:08:00,,,1,,,
611470b6-b98,611470b6-b98,1,2026-09-28T13:43:48.436-03:00,2026-09-28T17:26:10.108-03:00,222,CAMARA,CAMARA,CAMARA,CTG_10235311054,2026-09-28,AB559LF,SOJA,SOJA,VOLCABLE_PTO_5,VOLCABLE PTO 5,TERMINAL_EMBARQUE,INGRESO,I,2000655,000404069654,0000000008581,10235311054,VIC757428280926,30140,SOJA,VOLCABLE_PTO_5,SAN_LORENZO_VOLCABLE,R7,VOLCABLE_PTO_5,TERMINAL_EMBARQUE,EXCEL_PLATFORM_PRODUCT,EXTERNAL_MATCH_PROBABLE,ROUTE_NO_EVALUABLE,"FAZON 2026, FAZON 2026",2026-09-28T13:45:00,2026-09-28T14:01:00,2026-09-28T21:26:00,,,1,,,
e4554206-848,e4554206-848,1,2026-09-28T17:29:02.928-03:00,2026-09-28T21:29:57.457-03:00,241,CAMARA,CAMARA,CAMARA,CTG_10235344021,2026-09-28,DCK099,GIRASOL,GIRASOL,VOLCABLE_2,VOLCABLE 2,RICARDONE,INGRESO,I,2000640,000301464875,1658100004682,10235344021,VIC221891280926,27940,GIRASOL,VOLCABLE_2,VOLCABLE,R6,VOLCABLE_2,RICARDONE,EXCEL_PLATFORM_PRODUCT,EXTERNAL_MATCH_EXACT,ROUTE_NO_DISCHARGE_POINT,"FAZON 2026, FAZON 2026",2026-09-28T17:35:00,2026-09-28T18:26:00,2026-09-28T21:30:00,,,1,,,
e5a6f062-beb,e5a6f062-beb;94c9ac12-e91;3a0f2606-359;388491dc-1c2,4,2026-09-28T12:25:24.176-03:00,2026-09-28T23:35:40.563-03:00,670,CAMARA,CAMARA,CAMARA,CTG_10235351611,2026-09-28,VAJ028,SOJA,SOJA,SILO_CHIEF_2,SILO CHIEF 2,RICARDONE,EGRESO,E,95817,000301069846,0000300057744,10235351611,,29740,SOJA,SILO_CHIEF_2,,R29,SILO_CHIEF_2,RICARDONE,EXCEL_PLATFORM_PRODUCT,EXTERNAL_MATCH_FRAGMENTED,ROUTE_NO_EVALUABLE,DEPOSITO EN RICARDONE,2026-09-28T18:27:00,,2026-09-28T21:22:00,,,4,,,
ed7a9804-61d,ed7a9804-61d;776097db-134,2,2026-09-28T14:46:11.696-03:00,2026-09-28T21:38:14.360-03:00,412,CAMARA,CAMARA,CAMARA,CTG_10135338008,2026-09-28,FUF085,SOJA,SOJA,VOLCABLE_PTO_5,VOLCABLE PTO 5,TERMINAL_EMBARQUE,INGRESO,I,2000655,000404069655,0000000001390,10135338008,VIC542448280926,30480,SOJA,VOLCABLE_PTO_5,SAN_LORENZO_VOLCABLE,R7,VOLCABLE_PTO_5,TERMINAL_EMBARQUE,EXCEL_PLATFORM_PRODUCT,EXTERNAL_MATCH_FRAGMENTED,ROUTE_NO_EVALUABLE,"FAZON 2026, FAZON 2026",2026-09-28T14:48:00,2026-09-28T15:00:00,2026-09-28T21:35:00,,,2,,,
52483b31-a08,52483b31-a08;e17cfdcd-733,2,2026-09-28T15:37:39.876-03:00,2026-09-28T21:40:34.624-03:00,363,CAMARA,CAMARA,CAMARA,CTG_10235338169,2026-09-28,BWJ665,SOJA,SOJA,VOLCABLE_PTO_3,VOLCABLE PTO 3,TERMINAL_EMBARQUE,INGRESO,I,2000655,000404069656,0000000005909,10235338169,VIC479313280926,31260,SOJA,VOLCABLE_PTO_3,SAN_LORENZO_VOLCABLE,R7,VOLCABLE_PTO_3,TERMINAL_EMBARQUE,EXCEL_PLATFORM_PRODUCT,EXTERNAL_MATCH_FRAGMENTED,ROUTE_NO_EVALUABLE,"FAZON 2026, FAZON 2026",2026-09-28T15:39:00,2026-09-28T17:13:00,2026-09-28T21:36:00,,,2,,,
045a8b0c-e6d,045a8b0c-e6d;ae3300e9-a98,2,2026-09-28T08:20:30.792-03:00,2026-09-28T21:39:30.438-03:00,799,CAMARA,CAMARA,CAMARA,COMPROB_000400422800,2026-09-28,MWH059,ACEITE GIRASOL REFINADO,ACEITE GIRASOL REFINADO,ACEITE_OSL,ACEITE OSL,TERMINAL_EMBARQUE,EGRESO,E,11678,000400422800,,0,,28080,ACEITE GIRASOL REFINADO,ACEITE_OSL,LIQUIDO,SL1,ACEITE_OSL,TERMINAL_EMBARQUE,EXCEL_PLATFORM_PRODUCT,EXTERNAL_MATCH_FRAGMENTED,ROUTE_NO_EVALUABLE,,2026-09-28T15:38:00,,2026-09-28T21:38:00,,,2,,,
2418dde0-57f__cycle_1,2418dde0-57f__cycle_1;6257278f-7f9,2,2026-09-28T12:34:38.568-03:00,2026-09-28T21:51:51.894-03:00,557,CAMARA,CAMARA,CAMARA,CTG_10135318186,2026-09-28,HWF026,SOJA,SOJA,VOLCABLE_PTO_5,VOLCABLE PTO 5,TERMINAL_EMBARQUE,INGRESO,I,2000652,000404069657,0000000006804,10135318186,VIC390643280926,28940,SOJA,VOLCABLE_PTO_5,SAN_LORENZO_VOLCABLE,R7,VOLCABLE_PTO_5,TERMINAL_EMBARQUE,EXCEL_PLATFORM_PRODUCT,EXTERNAL_MATCH_FRAGMENTED,ROUTE_NO_EVALUABLE,"FAZON 2026, FAZON 2026",2026-09-28T12:36:00,2026-09-28T13:53:00,2026-09-28T21:47:00,,,2,,,
d4d8d1b7-816,d4d8d1b7-816;b83ca5ed-112,2,2026-09-28T17:16:39.927-03:00,2026-09-28T21:54:30.398-03:00,278,CAMARA,CAMARA,CAMARA,CTG_10235339227,2026-09-28,AA559SN,SOJA,SOJA,VOLCABLE_PTO_3,VOLCABLE PTO 3,TERMINAL_EMBARQUE,INGRESO,I,2000655,000404069658,0000100018434,10235339227,VIC505541280926,30920,SOJA,VOLCABLE_PTO_3,SAN_LORENZO_VOLCABLE,R7,VOLCABLE_PTO_3,TERMINAL_EMBARQUE,EXCEL_PLATFORM_PRODUCT,EXTERNAL_MATCH_FRAGMENTED,ROUTE_NO_EVALUABLE,"FAZON 2026, FAZON 2026",2026-09-28T17:17:00,2026-09-28T17:57:00,2026-09-28T21:48:00,,,2,,,
2c96e9e9-1f3,2c96e9e9-1f3;4982abef-ce6,2,2026-09-28T15:06:34.370-03:00,2026-09-28T21:52:46.436-03:00,406,CAMARA,CAMARA,CAMARA,COMPROB_000404069659,2026-09-28,RUK692,GLICERINA,GLICERINA,,,TERMINAL_EMBARQUE,INGRESO,I,11509,000404069659,0001100019263,0,,31200,GLICERINA,,LIQUIDO,R8,,TERMINAL_EMBARQUE,EXCEL_PLATFORM_PRODUCT,EXTERNAL_MATCH_FRAGMENTED,ROUTE_NO_EVALUABLE,,2026-09-28T18:24:00,,2026-09-28T21:50:00,,,2,,,
d76d21ad-302,d76d21ad-302;fea3613f-867,2,2026-09-28T16:41:07.457-03:00,2026-09-28T21:59:41.682-03:00,319,CAMARA,CAMARA,CAMARA,CTG_10135339274,2026-09-28,NCC577,SOJA,SOJA,VOLCABLE_PTO_3,VOLCABLE PTO 3,TERMINAL_EMBARQUE,INGRESO,I,2000655,000404069661,0000000001903,10135339274,VIC637027280926,31120,SOJA,VOLCABLE_PTO_3,SAN_LORENZO_VOLCABLE,R7,VOLCABLE_PTO_3,TERMINAL_EMBARQUE,EXCEL_PLATFORM_PRODUCT,EXTERNAL_MATCH_FRAGMENTED,ROUTE_NO_EVALUABLE,"FAZON 2026, FAZON 2026",2026-09-28T16:44:00,2026-09-28T17:59:00,2026-09-28T21:57:00,,,2,,,
68f2ee54-f0c,68f2ee54-f0c;dd266833-5e6;e777c5ec-bcd;a976b926-3a8__cycle_1,4,2026-09-28T08:35:02.161-03:00,2026-09-29T02:09:53.412-03:00,1055,CAMARA,CAMARA,CAMARA,CTG_10235351678,2026-09-28,UUL425,SOJA,SOJA,SILO_CHIEF_2,SILO CHIEF 2,RICARDONE,EGRESO,E,95817,000301069847,0000300057745,10235351678,,30160,SOJA,SILO_CHIEF_2,,R29,SILO_CHIEF_2,RICARDONE,EXCEL_PLATFORM_PRODUCT,EXTERNAL_MATCH_FRAGMENTED,ROUTE_NO_EVALUABLE,DEPOSITO EN RICARDONE,2026-09-28T16:02:00,,2026-09-28T21:54:00,,,4,,,
cd82e7e4-89a__cycle_1,cd82e7e4-89a__cycle_1;cd82e7e4-89a__cycle_2,2,2026-09-28T10:59:18.424-03:00,2026-09-28T22:07:55.960-03:00,669,CAMARA,CAMARA,CAMARA,COMPROB_000400422801,2026-09-28,KOE138,ACEITE GIRASOL REFINADO,ACEITE GIRASOL REFINADO,ACEITE_OSL,ACEITE OSL,TERMINAL_EMBARQUE,EGRESO,E,11526,000400422801,,0,,28020,ACEITE GIRASOL REFINADO,ACEITE_OSL,LIQUIDO,SL1,ACEITE_OSL,TERMINAL_EMBARQUE,EXCEL_PLATFORM_PRODUCT,EXTERNAL_MATCH_FRAGMENTED,ROUTE_NO_EVALUABLE,FAZON RENOVA/BUNGE,2026-09-28T11:00:00,,2026-09-28T22:06:00,,,2,,,
226e498f-c17,226e498f-c17;0789e17a-304;579108de-e84,3,2026-09-28T12:28:18.683-03:00,2026-09-29T07:46:43.088-03:00,1158,CAMARA,CAMARA,CAMARA,CTG_10235351682,2026-09-28,RGV982,SOJA,SOJA,SILO_CHIEF_2,SILO CHIEF 2,RICARDONE,EGRESO,E,95817,000301069848,0000300057746,10235351682,,27800,SOJA,SILO_CHIEF_2,,R29,SILO_CHIEF_2,RICARDONE,EXCEL_PLATFORM_PRODUCT,EXTERNAL_MATCH_FRAGMENTED,ROUTE_NO_EVALUABLE,DEPOSITO EN RICARDONE,2026-09-28T18:31:00,,2026-09-28T21:53:00,,,3,,,
fcb64653-02a,fcb64653-02a;1a90ea81-9fa,2,2026-09-28T17:18:52.093-03:00,2026-09-28T22:12:50.598-03:00,294,CAMARA,CAMARA,CAMARA,CTG_10235334857,2026-09-28,AE227NC,SOJA,SOJA,VOLCABLE_PTO_3,VOLCABLE PTO 3,TERMINAL_EMBARQUE,INGRESO,I,2000651,000404069662,0004600009572,10235334857,VIC826025280926,35140,SOJA,VOLCABLE_PTO_3,SAN_LORENZO_VOLCABLE,R7,VOLCABLE_PTO_3,TERMINAL_EMBARQUE,EXCEL_PLATFORM_PRODUCT,EXTERNAL_MATCH_FRAGMENTED,ROUTE_NO_EVALUABLE,"FAZON 2026, FAZON 2026",2026-09-28T17:20:00,2026-09-28T17:55:00,2026-09-28T22:08:00,,,2,,,
9a51dc5f-4db,9a51dc5f-4db;9c335ffb-949,2,2026-09-28T17:14:54.479-03:00,2026-09-28T22:26:59.017-03:00,312,CAMARA,CAMARA,CAMARA,CTG_10235331946,2026-09-28,AI367JU,SOJA,SOJA,VOLCABLE_PTO_5,VOLCABLE PTO 5,TERMINAL_EMBARQUE,INGRESO,I,2000651,000404069663,0004600009538,10235331946,VIC100651270926,29600,SOJA,VOLCABLE_PTO_5,SAN_LORENZO_VOLCABLE,R7,VOLCABLE_PTO_5,TERMINAL_EMBARQUE,EXCEL_PLATFORM_PRODUCT,EXTERNAL_MATCH_FRAGMENTED,ROUTE_NO_EVALUABLE,"FAZON 2026, FAZON 2026",2026-09-28T17:17:00,2026-09-28T17:52:00,2026-09-28T22:10:00,,,2,,,
8f6fdd7a-137,8f6fdd7a-137;47ccae43-891,2,2026-09-28T17:37:06.319-03:00,2026-09-28T22:18:26.532-03:00,281,CAMARA,CAMARA,CAMARA,CTG_10235339604,2026-09-28,AB706WB,SOJA,SOJA,VOLCABLE_PTO_3,VOLCABLE PTO 3,TERMINAL_EMBARQUE,INGRESO,I,2000652,000404069664,0000100000167,10235339604,VIC309493280926,35460,SOJA,VOLCABLE_PTO_3,SAN_LORENZO_VOLCABLE,R7,VOLCABLE_PTO_3,TERMINAL_EMBARQUE,EXCEL_PLATFORM_PRODUCT,EXTERNAL_MATCH_FRAGMENTED,ROUTE_NO_EVALUABLE,"FAZON 2026, FAZON 2026",2026-09-28T17:38:00,2026-09-28T18:06:00,2026-09-28T22:15:00,,,2,,,
6dc93630-dfa,6dc93630-dfa,1,2026-09-28T17:11:06.545-03:00,2026-09-28T17:43:56.220-03:00,33,CAMARA,CAMARA,CAMARA,CTG_10235331792,2026-09-28,AA976RS,SOJA,SOJA,VOLCABLE_PTO_5,VOLCABLE PTO 5,TERMINAL_EMBARQUE,INGRESO,I,2000651,000404069665,0004600009535,10235331792,VIC304226270926,35400,SOJA,VOLCABLE_PTO_5,SAN_LORENZO_VOLCABLE,R7,VOLCABLE_PTO_5,TERMINAL_EMBARQUE,EXCEL_PLATFORM_PRODUCT,EXTERNAL_MATCH_PROBABLE,ROUTE_NO_DISCHARGE_POINT,"FAZON 2026, FAZON 2026",2026-09-28T17:15:00,2026-09-28T17:48:00,2026-09-28T22:21:00,,,1,,,
2ea1cdf7-d7b,2ea1cdf7-d7b,1,2026-09-28T17:42:22.897-03:00,2026-09-28T22:20:43.235-03:00,278,CAMARA,CAMARA,CAMARA,CTG_10235344162,2026-09-28,AUP927,GIRASOL,GIRASOL,VOLCABLE_2,VOLCABLE 2,RICARDONE,INGRESO,I,2000640,000301464876,1658100004684,10235344162,VIC295605280926,27360,GIRASOL,VOLCABLE_2,VOLCABLE,R6,VOLCABLE_2,RICARDONE,EXCEL_PLATFORM_PRODUCT,EXTERNAL_MATCH_EXACT,ROUTE_NO_DISCHARGE_POINT,"FAZON 2026, FAZON 2026",2026-09-28T17:43:00,2026-09-28T18:28:00,2026-09-28T22:21:00,,,1,,,
58042d77-e3a,58042d77-e3a;84dd5507-082,2,2026-09-28T17:06:45.094-03:00,2026-09-29T05:04:25.420-03:00,718,CAMARA,CAMARA,CAMARA,CTG_10235351716,2026-09-28,RAW481,SOJA,SOJA,SILO_CHIEF_2,SILO CHIEF 2,RICARDONE,EGRESO,E,95817,000301069849,0000300057747,10235351716,,31780,SOJA,SILO_CHIEF_2,,R29,SILO_CHIEF_2,RICARDONE,EXCEL_PLATFORM_PRODUCT,EXTERNAL_MATCH_FRAGMENTED,ROUTE_NO_DISCHARGE_POINT,DEPOSITO EN RICARDONE,2026-09-28T19:43:00,,2026-09-28T22:05:00,,,2,,,
0504a27c-9d6,0504a27c-9d6;02362a42-f42;ad33d51e-19a;6e1d1c01-eb9;aba0a469-6c7;72c661fa-60d,6,2026-09-28T13:40:07.814-03:00,2026-09-29T05:21:17.145-03:00,941,CAMARA,CAMARA,CAMARA,CTG_10235351722,2026-09-28,UKL882,SOJA,SOJA,SILO_CHIEF_2,SILO CHIEF 2,RICARDONE,EGRESO,E,95817,000301069850,0000300057748,10235351722,,30660,SOJA,SILO_CHIEF_2,,R29,SILO_CHIEF_2,RICARDONE,EXCEL_PLATFORM_PRODUCT,EXTERNAL_MATCH_FRAGMENTED,ROUTE_NO_EVALUABLE,DEPOSITO EN RICARDONE,2026-09-28T20:18:00,,2026-09-28T22:15:00,,,6,,,
982c77bf-2d9,982c77bf-2d9;9d1da47f-de1,2,2026-09-28T17:40:51.291-03:00,2026-09-28T22:35:25.940-03:00,295,CAMARA,CAMARA,CAMARA,CTG_10135339329,2026-09-28,FCV123,SOJA,SOJA,VOLCABLE_PTO_5,VOLCABLE PTO 5,TERMINAL_EMBARQUE,INGRESO,I,2000655,000404069667,0000000001904,10135339329,VIC965578280926,31440,SOJA,VOLCABLE_PTO_5,SAN_LORENZO_VOLCABLE,R7,VOLCABLE_PTO_5,TERMINAL_EMBARQUE,EXCEL_PLATFORM_PRODUCT,EXTERNAL_MATCH_FRAGMENTED,ROUTE_NO_EVALUABLE,"FAZON 2026, FAZON 2026",2026-09-28T17:42:00,2026-09-28T18:13:00,2026-09-28T22:32:00,,,2,,,
ef9aad5c-526,ef9aad5c-526;2ff2357f-c6e;1928e4d0-6f9,3,2026-09-28T16:26:35.051-03:00,2026-09-29T04:30:42.044-03:00,724,CAMARA,CAMARA,CAMARA,COMPROB_000404069668,2026-09-28,SZG666,AGUA INDUSTRIAL,AGUA INDUSTRIAL,ACEITE_OSL,ACEITE OSL,TERMINAL_EMBARQUE,INGRESO,I,11529,000404069668,0001100019264,0,,27460,AGUA INDUSTRIAL,ACEITE_OSL,LIQUIDO,SL1,ACEITE_OSL,TERMINAL_EMBARQUE,EXCEL_PLATFORM_PRODUCT,EXTERNAL_MATCH_FRAGMENTED,ROUTE_NO_EVALUABLE,"AGUA INDUSTRIAL, AGUA INDUSTRIAL",2026-09-28T20:56:00,,2026-09-28T22:37:00,,,3,,,
d9086980-12f__cycle_2,d9086980-12f__cycle_2;8da8266b-48e,2,2026-09-28T08:00:04.246-03:00,2026-09-28T22:40:41.986-03:00,881,CAMARA,CAMARA,CAMARA,COMPROB_000400422802,2026-09-28,AA875OG,ACEITE GIRASOL REFINADO,ACEITE GIRASOL REFINADO,ACEITE_OSL,ACEITE OSL,TERMINAL_EMBARQUE,EGRESO,E,11526,000400422802,,0,,28140,ACEITE GIRASOL REFINADO,ACEITE_OSL,LIQUIDO,SL1,ACEITE_OSL,TERMINAL_EMBARQUE,EXCEL_PLATFORM_PRODUCT,EXTERNAL_MATCH_FRAGMENTED,ROUTE_NO_EVALUABLE,FAZON RENOVA/BUNGE,2026-09-28T13:16:00,,2026-09-28T22:39:00,,,2,,,
c5da2660-901,c5da2660-901,1,2026-09-28T17:19:50.576-03:00,2026-09-28T18:17:26.925-03:00,58,CAMARA,CAMARA,CAMARA,CTG_10135341250,2026-09-28,VJG804,SOJA,SOJA,VOLCABLE_PTO_3,VOLCABLE PTO 3,TERMINAL_EMBARQUE,INGRESO,I,2000652,000404069670,0000000000301,10135341250,VIC103224280926,30820,SOJA,VOLCABLE_PTO_3,SAN_LORENZO_VOLCABLE,R7,VOLCABLE_PTO_3,TERMINAL_EMBARQUE,EXCEL_PLATFORM_PRODUCT,EXTERNAL_MATCH_PROBABLE,ROUTE_NO_EVALUABLE,"FAZON 2026, FAZON 2026",2026-09-28T17:21:00,2026-09-28T18:05:00,2026-09-28T22:41:00,,,1,,,
a3f068ad-b15,a3f068ad-b15;02503117-6a9,2,2026-09-28T17:41:40.494-03:00,2026-09-28T22:46:21.642-03:00,305,CAMARA,CAMARA,CAMARA,CTG_10135339072,2026-09-28,FYZ601,SOJA,SOJA,VOLCABLE_PTO_3,VOLCABLE PTO 3,TERMINAL_EMBARQUE,INGRESO,I,2000655,000404069672,0000000001902,10135339072,VIC292344280926,35800,SOJA,VOLCABLE_PTO_3,SAN_LORENZO_VOLCABLE,R7,VOLCABLE_PTO_3,TERMINAL_EMBARQUE,EXCEL_PLATFORM_PRODUCT,EXTERNAL_MATCH_FRAGMENTED,ROUTE_NO_EVALUABLE,"FAZON 2026, FAZON 2026",2026-09-28T17:42:00,2026-09-28T18:16:00,2026-09-28T22:44:00,,,2,,,
b5e90f79-ab7,b5e90f79-ab7;a96e365b-c88;8b815e3c-db8;8ec286e9-afb,4,2026-09-28T13:30:46.943-03:00,2026-09-29T05:14:35.344-03:00,944,CAMARA,CAMARA,CAMARA,CTG_10235351747,2026-09-28,FDH917,SOJA,SOJA,SILO_CHIEF_2,SILO CHIEF 2,RICARDONE,EGRESO,E,95817,000301069851,0000300057749,10235351747,,28720,SOJA,SILO_CHIEF_2,,R29,SILO_CHIEF_2,RICARDONE,EXCEL_PLATFORM_PRODUCT,EXTERNAL_MATCH_FRAGMENTED,ROUTE_NO_EVALUABLE,DEPOSITO EN RICARDONE,2026-09-28T20:22:00,,2026-09-28T22:25:00,,,4,,,
75a77292-5ed,75a77292-5ed;4b6f6975-539;cdbcf8b4-1de;1a8dcfeb-3ed,4,2026-09-28T13:51:37.882-03:00,2026-09-29T05:32:04.084-03:00,940,CAMARA,CAMARA,CAMARA,CTG_10235351755,2026-09-28,TAC436,SOJA,SOJA,SILO_CHIEF_2,SILO CHIEF 2,RICARDONE,EGRESO,E,95817,000301069852,0000300057750,10235351755,,31800,SOJA,SILO_CHIEF_2,,R29,SILO_CHIEF_2,RICARDONE,EXCEL_PLATFORM_PRODUCT,EXTERNAL_MATCH_FRAGMENTED,ROUTE_NO_EVALUABLE,DEPOSITO EN RICARDONE,2026-09-28T20:49:00,,2026-09-28T22:36:00,,,4,,,
bbacf536-4fc,bbacf536-4fc;86666274-39c;8a9b8a78-5dc;9a94f47b-3ec;5a1402ae-a21;82059bab-133,6,2026-09-28T13:54:37.334-03:00,2026-09-29T05:52:19.490-03:00,958,CAMARA,CAMARA,CAMARA,CTG_10235351759,2026-09-28,BVS300,SOJA,SOJA,SILO_CHIEF_2,SILO CHIEF 2,RICARDONE,EGRESO,E,95817,000301069853,0000300057751,10235351759,,28640,SOJA,SILO_CHIEF_2,,R29,SILO_CHIEF_2,RICARDONE,EXCEL_PLATFORM_PRODUCT,EXTERNAL_MATCH_FRAGMENTED,ROUTE_NO_EVALUABLE,DEPOSITO EN RICARDONE,2026-09-28T20:50:00,,2026-09-28T22:44:00,,,6,,,
ebdc7111-fdb__cycle_1,ebdc7111-fdb__cycle_1,1,2026-09-28T18:01:20.085-03:00,2026-09-28T22:53:23.670-03:00,292,CAMARA,CAMARA,CAMARA,CTG_10235351767,2026-09-28,UWX998,SOJA,SOJA,SILO_CHIEF_2,SILO CHIEF 2,RICARDONE,EGRESO,E,95817,000301069854,0000300057752,10235351767,,29060,SOJA,SILO_CHIEF_2,,R29,SILO_CHIEF_2,RICARDONE,EXCEL_PLATFORM_PRODUCT,EXTERNAL_MATCH_EXACT,ROUTE_NO_EVALUABLE,DEPOSITO EN RICARDONE,2026-09-28T21:07:00,,2026-09-28T22:54:00,,,1,,,
c7ed3de8-87c,c7ed3de8-87c;d910171c-191,2,2026-09-28T14:32:50.650-03:00,2026-09-28T23:03:16.105-03:00,510,CAMARA,CAMARA,CAMARA,CTG_10235351773,2026-09-28,AAE877,SOJA,SOJA,SILO_CHIEF_2,SILO CHIEF 2,RICARDONE,EGRESO,E,95817,000301069855,0000300057753,10235351773,,29900,SOJA,SILO_CHIEF_2,,R29,SILO_CHIEF_2,RICARDONE,EXCEL_PLATFORM_PRODUCT,EXTERNAL_MATCH_FRAGMENTED,ROUTE_NO_DISCHARGE_POINT,DEPOSITO EN RICARDONE,2026-09-28T21:18:00,,2026-09-28T23:04:00,,,2,,,
cef147d8-b0e,cef147d8-b0e,1,2026-09-28T18:00:57.682-03:00,2026-09-28T23:22:05.450-03:00,321,CAMARA,CAMARA,CAMARA,CTG_10235344325,2026-09-28,FSM599,GIRASOL,GIRASOL,VOLCABLE_2,VOLCABLE 2,RICARDONE,INGRESO,I,2000640,000301464877,1658100004686,10235344325,VIC314847280926,34540,GIRASOL,VOLCABLE_2,VOLCABLE,R6,VOLCABLE_2,RICARDONE,EXCEL_PLATFORM_PRODUCT,EXTERNAL_MATCH_EXACT,ROUTE_NO_EVALUABLE,"FAZON 2026, FAZON 2026",2026-09-28T18:02:00,2026-09-28T19:29:00,2026-09-28T23:23:00,,,1,,,
a41fabf9-a3d,a41fabf9-a3d;58088ea3-a37;bd3ce1bb-5b5;67e3ccb3-2d5,4,2026-09-28T15:26:19.195-03:00,2026-09-29T06:09:53.407-03:00,884,CAMARA,CAMARA,CAMARA,CTG_10235351781,2026-09-28,TVH101,SOJA,SOJA,SILO_CHIEF_2,SILO CHIEF 2,RICARDONE,EGRESO,E,95817,000301069856,0000300057754,10235351781,,27260,SOJA,SILO_CHIEF_2,,R29,SILO_CHIEF_2,RICARDONE,EXCEL_PLATFORM_PRODUCT,EXTERNAL_MATCH_FRAGMENTED,ROUTE_NO_EVALUABLE,DEPOSITO EN RICARDONE,2026-09-28T21:19:00,,2026-09-28T23:16:00,,,4,,,
586bed21-827,586bed21-827;e76e8e9a-d4a,2,2026-09-28T16:28:06.774-03:00,2026-09-28T23:31:33.024-03:00,423,CAMARA,CAMARA,CAMARA,CTG_10235338472,2026-09-28,AE997FP,SOJA,SOJA,VOLCABLE_PTO_3,VOLCABLE PTO 3,TERMINAL_EMBARQUE,INGRESO,I,2000655,000404069680,0000100018431,10235338472,VIC391515280926,38580,SOJA,VOLCABLE_PTO_3,SAN_LORENZO_VOLCABLE,R7,VOLCABLE_PTO_3,TERMINAL_EMBARQUE,EXCEL_PLATFORM_PRODUCT,EXTERNAL_MATCH_FRAGMENTED,ROUTE_NO_EVALUABLE,"FAZON 2026, FAZON 2026",2026-09-28T16:29:00,2026-09-28T17:45:00,2026-09-28T23:28:00,,,2,,,
45429084-b31,45429084-b31;a127c497-513;cb313ff7-3e5;78dfaa4a-97d;c23b78a9-fba;e4f62fa2-21e,6,2026-09-28T14:57:11.549-03:00,2026-09-29T05:26:53.960-03:00,870,CAMARA,CAMARA,CAMARA,CTG_10235351786,2026-09-28,EEW075,SOJA,SOJA,SILO_CHIEF_2,SILO CHIEF 2,RICARDONE,EGRESO,E,95817,000301069857,0000300057755,10235351786,,27600,SOJA,SILO_CHIEF_2,,R29,SILO_CHIEF_2,RICARDONE,EXCEL_PLATFORM_PRODUCT,EXTERNAL_MATCH_FRAGMENTED,ROUTE_NO_EVALUABLE,DEPOSITO EN RICARDONE,2026-09-28T21:24:00,,2026-09-28T23:24:00,,,6,,,
ab43ab72-a5a,ab43ab72-a5a;578139de-9bf,2,2026-09-28T15:50:28.159-03:00,2026-09-28T23:41:55.433-03:00,471,CAMARA,CAMARA,CAMARA,CTG_10135334750,2026-09-28,AG644CT,SOJA,SOJA,VOLCABLE_PTO_3,VOLCABLE PTO 3,TERMINAL_EMBARQUE,INGRESO,I,2000655,000404069682,0000000001610,10135334750,VIC485310280926,29440,SOJA,VOLCABLE_PTO_3,SAN_LORENZO_VOLCABLE,R7,VOLCABLE_PTO_3,TERMINAL_EMBARQUE,EXCEL_PLATFORM_PRODUCT,EXTERNAL_MATCH_FRAGMENTED,ROUTE_NO_EVALUABLE,"FAZON 2026, FAZON 2026",2026-09-28T15:52:00,2026-09-28T17:22:00,2026-09-28T23:35:00,,,2,,,
0d95383f-2a0,0d95383f-2a0;0dc1c5e4-715,2,2026-09-28T17:54:37.259-03:00,2026-09-28T23:46:56.833-03:00,352,CAMARA,CAMARA,CAMARA,CTG_10235342391,2026-09-28,NRT529,SOJA,SOJA,VOLCABLE_PTO_3,VOLCABLE PTO 3,TERMINAL_EMBARQUE,INGRESO,I,2000652,000404069683,0000000004898,10235342391,VIC340262280926,31100,SOJA,VOLCABLE_PTO_3,SAN_LORENZO_VOLCABLE,R7,VOLCABLE_PTO_3,TERMINAL_EMBARQUE,EXCEL_PLATFORM_PRODUCT,EXTERNAL_MATCH_FRAGMENTED,ROUTE_NO_EVALUABLE,"FAZON 2026, FAZON 2026",2026-09-28T17:55:00,2026-09-28T18:19:00,2026-09-28T23:45:00,,,2,,,
bcca7d20-487,bcca7d20-487;176b2e75-860,2,2026-09-28T20:12:13.579-03:00,2026-09-29T06:01:06.300-03:00,589,CAMARA,CAMARA,CAMARA,CTG_10235351799,2026-09-28,EBO971,SOJA,SOJA,SILO_CHIEF_2,SILO CHIEF 2,RICARDONE,EGRESO,E,95817,000301069858,0000300057756,10235351799,,26580,SOJA,SILO_CHIEF_2,,R29,SILO_CHIEF_2,RICARDONE,EXCEL_PLATFORM_PRODUCT,EXTERNAL_MATCH_FRAGMENTED,ROUTE_NO_EVALUABLE,DEPOSITO EN RICARDONE,2026-09-28T20:54:00,,2026-09-28T23:39:00,,,2,,,
d5ad5145-18e,d5ad5145-18e;6b0badda-6ab,2,2026-09-28T17:43:55.222-03:00,2026-09-29T00:00:41.403-03:00,377,CAMARA,CAMARA,CAMARA,CTG_10235346497,2026-09-28,GPM412,SOJA,SOJA,VOLCABLE_PTO_5,VOLCABLE PTO 5,TERMINAL_EMBARQUE,INGRESO,I,2000651,000404069685,0003900015379,10235346497,VIC234751280926,31500,SOJA,VOLCABLE_PTO_5,SAN_LORENZO_VOLCABLE,R7,VOLCABLE_PTO_5,TERMINAL_EMBARQUE,EXCEL_PLATFORM_PRODUCT,EXTERNAL_MATCH_FRAGMENTED,ROUTE_NO_EVALUABLE,"FAZON 2026, FAZON 2026",2026-09-28T17:45:00,2026-09-28T18:18:00,2026-09-28T23:56:00,,,2,,,
af1e12a9-937,af1e12a9-937;7e9c125e-c4d,2,2026-09-28T17:37:51.921-03:00,2026-09-29T00:11:06.053-03:00,393,CAMARA,CAMARA,CAMARA,CTG_10235340262,2026-09-29,SRC439,SOJA,SOJA,VOLCABLE_PTO_3,VOLCABLE PTO 3,TERMINAL_EMBARQUE,INGRESO,I,2000655,000404069686,0000000005911,10235340262,VIC476045280926,31580,SOJA,VOLCABLE_PTO_3,SAN_LORENZO_VOLCABLE,R7,VOLCABLE_PTO_3,TERMINAL_EMBARQUE,EXCEL_PLATFORM_PRODUCT,EXTERNAL_MATCH_FRAGMENTED,ROUTE_NO_EVALUABLE,"FAZON 2026, FAZON 2026",2026-09-28T17:39:00,2026-09-28T18:11:00,2026-09-29T00:08:00,,,2,,,
a41e4fb3-ec6,a41e4fb3-ec6,1,2026-09-28T18:13:03.082-03:00,2026-09-29T00:10:20.819-03:00,357,CAMARA,CAMARA,CAMARA,CTG_10235344459,2026-09-29,EDW495,GIRASOL,GIRASOL,VOLCABLE_2,VOLCABLE 2,RICARDONE,INGRESO,I,2000640,000301464878,1658100004688,10235344459,VIC360351280926,29600,GIRASOL,VOLCABLE_2,VOLCABLE,R6,VOLCABLE_2,RICARDONE,EXCEL_PLATFORM_PRODUCT,EXTERNAL_MATCH_EXACT,ROUTE_NO_DISCHARGE_POINT,"FAZON 2026, FAZON 2026",2026-09-28T18:14:00,2026-09-28T19:31:00,2026-09-29T00:11:00,,,1,,,
86b9d68e-4e3,86b9d68e-4e3;3a58e157-e8f,2,2026-09-28T17:04:20.762-03:00,2026-09-29T00:24:25.951-03:00,440,CAMARA,CAMARA,CAMARA,CTG_10235338996,2026-09-29,AH355KS,SOJA,SOJA,VOLCABLE_PTO_3,VOLCABLE PTO 3,TERMINAL_EMBARQUE,INGRESO,I,2000655,000404069688,0000100018433,10235338996,VIC265460280926,29200,SOJA,VOLCABLE_PTO_3,SAN_LORENZO_VOLCABLE,R7,VOLCABLE_PTO_3,TERMINAL_EMBARQUE,EXCEL_PLATFORM_PRODUCT,EXTERNAL_MATCH_FRAGMENTED,ROUTE_NO_EVALUABLE,"FAZON 2026, FAZON 2026",2026-09-28T17:07:00,2026-09-28T17:49:00,2026-09-29T00:15:00,,,2,,,
dad4fdc3-2cf,dad4fdc3-2cf;c0054d3e-3a9;d915eb89-dd6;ac2fa249-ef9;879ae113-6dd;e6b47b44-7b6;5bf30ddb-056,7,2026-09-28T16:26:53.873-03:00,2026-09-29T08:04:48.110-03:00,938,CAMARA,CAMARA,CAMARA,CTG_10235351824,2026-09-29,RXV065,SOJA,SOJA,SILO_CHIEF_2,SILO CHIEF 2,RICARDONE,EGRESO,E,95817,000301069861,0000300057759,10235351824,,29540,SOJA,SILO_CHIEF_2,,R29,SILO_CHIEF_2,RICARDONE,EXCEL_PLATFORM_PRODUCT,EXTERNAL_MATCH_FRAGMENTED,ROUTE_NO_EVALUABLE,DEPOSITO EN RICARDONE,2026-09-28T22:44:00,,2026-09-29T00:02:00,,,7,,,
f5751a42-11d,f5751a42-11d;9fbe7ce2-8cb,2,2026-09-28T15:11:50.053-03:00,2026-09-29T02:14:03.867-03:00,662,CAMARA,CAMARA,CAMARA,CTG_10235351825,2026-09-29,BHL749,SOJA,SOJA,SILO_CHIEF_2,SILO CHIEF 2,RICARDONE,EGRESO,E,95817,000301069862,0000300057760,10235351825,,30020,SOJA,SILO_CHIEF_2,,R29,SILO_CHIEF_2,RICARDONE,EXCEL_PLATFORM_PRODUCT,EXTERNAL_MATCH_FRAGMENTED,ROUTE_NO_DISCHARGE_POINT,DEPOSITO EN RICARDONE,2026-09-28T22:51:00,,2026-09-29T00:08:00,,,2,,,
2b719a97-a93,2b719a97-a93,1,2026-09-28T18:40:33.501-03:00,2026-09-29T00:24:00.181-03:00,343,CAMARA,CAMARA,CAMARA,CTG_10235342080,2026-09-29,CNZ214,SOJA,SOJA,VOLCABLE_PTO_5,VOLCABLE PTO 5,TERMINAL_EMBARQUE,INGRESO,I,2000652,000404069689,0000000004895,10235342080,VIC464877280926,30440,SOJA,VOLCABLE_PTO_5,SAN_LORENZO_VOLCABLE,R7,VOLCABLE_PTO_5,TERMINAL_EMBARQUE,EXCEL_PLATFORM_PRODUCT,EXTERNAL_MATCH_EXACT,ROUTE_NO_EVALUABLE,"FAZON 2026, FAZON 2026",2026-09-28T18:44:00,2026-09-28T20:06:00,2026-09-29T00:18:00,,,1,,,
e77c1d1c-7aa,e77c1d1c-7aa,1,2026-09-28T18:27:11.294-03:00,2026-09-29T00:25:46.143-03:00,359,CAMARA,CAMARA,CAMARA,CTG_10235341272,2026-09-29,NLI758,SOJA,SOJA,VOLCABLE_PTO_3,VOLCABLE PTO 3,TERMINAL_EMBARQUE,INGRESO,I,2000655,000404069690,0000000002021,10235341272,VIC871348280926,28500,SOJA,VOLCABLE_PTO_3,SAN_LORENZO_VOLCABLE,R7,VOLCABLE_PTO_3,TERMINAL_EMBARQUE,EXCEL_PLATFORM_PRODUCT,EXTERNAL_MATCH_EXACT,ROUTE_NO_DISCHARGE_POINT,"FAZON 2026, FAZON 2026",2026-09-28T18:28:00,2026-09-28T20:04:00,2026-09-29T00:22:00,,,1,,,
e6e0cd2d-b00,e6e0cd2d-b00;b420fb78-efd;094652ee-b7f;7d16a20b-153;7f428767-2c0;ba901020-2ad,6,2026-09-28T16:44:09.230-03:00,2026-09-29T06:11:40.770-03:00,808,CAMARA,CAMARA,CAMARA,CTG_10235351830,2026-09-29,EVL273,SOJA,SOJA,SILO_CHIEF_2,SILO CHIEF 2,RICARDONE,EGRESO,E,95817,000301069863,0000300057761,10235351830,,27920,SOJA,SILO_CHIEF_2,,R29,SILO_CHIEF_2,RICARDONE,EXCEL_PLATFORM_PRODUCT,EXTERNAL_MATCH_FRAGMENTED,ROUTE_NO_EVALUABLE,DEPOSITO EN RICARDONE,2026-09-28T22:54:00,,2026-09-29T00:21:00,,,6,,,
9b592a59-12b__cycle_1,9b592a59-12b__cycle_1;9b592a59-12b__cycle_2,2,2026-09-28T16:51:21.972-03:00,2026-09-29T00:26:12.954-03:00,455,CAMARA,CAMARA,CAMARA,CTG_10235351831,2026-09-29,CGV979,SOJA,SOJA,SILO_CHIEF_2,SILO CHIEF 2,RICARDONE,EGRESO,E,95817,000301069864,0000300057762,10235351831,,29160,SOJA,SILO_CHIEF_2,,R29,SILO_CHIEF_2,RICARDONE,EXCEL_PLATFORM_PRODUCT,EXTERNAL_MATCH_FRAGMENTED,ROUTE_NO_DISCHARGE_POINT,DEPOSITO EN RICARDONE,2026-09-28T23:07:00,,2026-09-29T00:26:00,,,2,,,
dd64d7df-fd4,dd64d7df-fd4;db446dc9-dbe,2,2026-09-28T20:09:13.169-03:00,2026-09-29T00:40:34.659-03:00,271,CAMARA,CAMARA,CAMARA,CTG_10235325339,2026-09-29,AH153GB,SOJA,SOJA,VOLCABLE_PTO_5,VOLCABLE PTO 5,TERMINAL_EMBARQUE,INGRESO,I,2000652,000404069693,0000000006203,10235325339,VIC924092280926,34100,SOJA,VOLCABLE_PTO_5,SAN_LORENZO_VOLCABLE,R7,VOLCABLE_PTO_5,TERMINAL_EMBARQUE,EXCEL_PLATFORM_PRODUCT,EXTERNAL_MATCH_FRAGMENTED,ROUTE_NO_EVALUABLE,"FAZON 2026, FAZON 2026",2026-09-28T20:10:00,2026-09-28T22:26:00,2026-09-29T00:38:00,,,2,,,
c0db44a5-3a0,c0db44a5-3a0;3d19bcda-1a3;cc614e63-cc8;7dc39414-a43;1eca20bf-0c1;0c0a0571-949;95fb9a86-1d4;6a16d037-d8d,8,2026-09-28T15:36:01.755-03:00,2026-09-29T08:54:31.245-03:00,1038,CAMARA,CAMARA,CAMARA,CTG_10235351832,2026-09-29,EYH843,SOJA,SOJA,SILO_CHIEF_2,SILO CHIEF 2,RICARDONE,EGRESO,E,95817,000301069865,0000300057763,10235351832,,28920,SOJA,SILO_CHIEF_2,,R29,SILO_CHIEF_2,RICARDONE,EXCEL_PLATFORM_PRODUCT,EXTERNAL_MATCH_FRAGMENTED,ROUTE_NO_EVALUABLE,DEPOSITO EN RICARDONE,2026-09-28T23:07:00,,2026-09-29T00:36:00,,,8,,,
8ea900f5-f56,8ea900f5-f56,1,2026-09-28T19:11:19.686-03:00,2026-09-29T00:26:23.549-03:00,315,CAMARA,CAMARA,CAMARA,CTG_10235343251,2026-09-29,AA797SF,SOJA,SOJA,VOLCABLE_PTO_3,VOLCABLE PTO 3,TERMINAL_EMBARQUE,INGRESO,I,2000652,000404069694,0000000006206,10235343251,VIC915655280926,30000,SOJA,VOLCABLE_PTO_3,SAN_LORENZO_VOLCABLE,R7,VOLCABLE_PTO_3,TERMINAL_EMBARQUE,EXCEL_PLATFORM_PRODUCT,EXTERNAL_MATCH_EXACT,ROUTE_NO_EVALUABLE,"FAZON 2026, FAZON 2026",2026-09-28T19:12:00,2026-09-28T20:12:00,2026-09-29T00:47:00,,,1,,,
c43625cc-bb2,c43625cc-bb2;725d8cae-ed6__cycle_1,2,2026-09-28T12:22:54.927-03:00,2026-09-29T00:07:22.466-03:00,704,CAMARA,CAMARA,CAMARA,CTG_30035339282,2026-09-29,JDH880,ACEITE GIRASOL PARA REFINAR,ACEITE GIRASOL PARA REFINAR,ACEITE_PTO,ACEITE PTO,TERMINAL_EMBARQUE,INGRESO,I,11525,000404069695,0130000043541,30035339282,,30380,ACEITE GIRASOL PARA REFINAR,ACEITE_PTO,LIQUIDO,SL2,ACEITE_PTO,TERMINAL_EMBARQUE,EXCEL_PLATFORM_PRODUCT,EXTERNAL_MATCH_FRAGMENTED,ROUTE_NO_EVALUABLE,"FAZON RENOVA/BUNGE, FAZON RENOVA/BUNGE",2026-09-28T12:24:00,2026-09-28T12:59:00,2026-09-29T00:53:00,,,2,,,
264cef7e-b04,264cef7e-b04;738f9a85-76f,2,2026-09-28T17:57:24.069-03:00,2026-09-29T00:56:55.731-03:00,420,CAMARA,CAMARA,CAMARA,CTG_10235342212,2026-09-29,MII360,SOJA,SOJA,VOLCABLE_PTO_3,VOLCABLE PTO 3,TERMINAL_EMBARQUE,INGRESO,I,2000652,000404069696,0000000004896,10235342212,VIC179299280926,30900,SOJA,VOLCABLE_PTO_3,SAN_LORENZO_VOLCABLE,R7,VOLCABLE_PTO_3,TERMINAL_EMBARQUE,EXCEL_PLATFORM_PRODUCT,EXTERNAL_MATCH_FRAGMENTED,ROUTE_NO_EVALUABLE,"FAZON 2026, FAZON 2026",2026-09-28T17:58:00,2026-09-28T20:02:00,2026-09-29T00:54:00,,,2,,,
508304b8-dae__cycle_1,508304b8-dae__cycle_1;508304b8-dae__cycle_2,2,2026-09-28T16:48:03.845-03:00,2026-09-29T01:18:25.006-03:00,510,CAMARA,CAMARA,CAMARA,COMPROB_000400422803,2026-09-29,EGV380,ACEITE GIRASOL REFINADO,ACEITE GIRASOL REFINADO,ACEITE_OSL,ACEITE OSL,TERMINAL_EMBARQUE,EGRESO,E,11526,000400422803,,0,,28040,ACEITE GIRASOL REFINADO,ACEITE_OSL,LIQUIDO,SL1,ACEITE_OSL,TERMINAL_EMBARQUE,EXCEL_PLATFORM_PRODUCT,EXTERNAL_MATCH_FRAGMENTED,ROUTE_NO_EVALUABLE,FAZON RENOVA/BUNGE,2026-09-28T16:49:00,,2026-09-29T01:16:00,,,2,,,
91ae0478-fe0__cycle_1,91ae0478-fe0__cycle_1;91ae0478-fe0__cycle_2,2,2026-09-28T15:58:35.150-03:00,2026-09-29T09:22:43.901-03:00,1044,CAMARA,CAMARA,CAMARA,CTG_10235351841,2026-09-29,CIE516,SOJA,SOJA,SILO_CHIEF_2,SILO CHIEF 2,RICARDONE,EGRESO,E,95817,000301069866,0000300057764,10235351841,,30320,SOJA,SILO_CHIEF_2,,R29,SILO_CHIEF_2,RICARDONE,EXCEL_PLATFORM_PRODUCT,EXTERNAL_MATCH_FRAGMENTED,ROUTE_NO_DISCHARGE_POINT,DEPOSITO EN RICARDONE,2026-09-28T23:14:00,,2026-09-29T00:59:00,,,2,,,
b10a49b7-044,b10a49b7-044,1,2026-09-28T18:44:33.273-03:00,2026-09-29T01:20:59.546-03:00,396,CAMARA,CAMARA,CAMARA,CTG_10235344864,2026-09-29,STD744,GIRASOL,GIRASOL,VOLCABLE_2,VOLCABLE 2,RICARDONE,INGRESO,I,2000640,000301464880,1658100004692,10235344864,VIC414083280926,25820,GIRASOL,VOLCABLE_2,VOLCABLE,R6,VOLCABLE_2,RICARDONE,EXCEL_PLATFORM_PRODUCT,EXTERNAL_MATCH_EXACT,ROUTE_NO_EVALUABLE,"FAZON 2026, FAZON 2026",2026-09-28T18:45:00,2026-09-28T20:21:00,2026-09-29T01:21:00,,,1,,,
b1e8961f-76b,b1e8961f-76b;41685a89-5e4;34d71dba-fbd,3,2026-09-28T23:12:18.876-03:00,2026-09-29T06:48:41.138-03:00,456,CAMARA,CAMARA,CAMARA,CTG_10235351842,2026-09-29,SAT582,SOJA,SOJA,SILO_CHIEF_2,SILO CHIEF 2,RICARDONE,EGRESO,E,95817,000301069867,0000300057765,10235351842,,30980,SOJA,SILO_CHIEF_2,,R29,SILO_CHIEF_2,RICARDONE,EXCEL_PLATFORM_PRODUCT,EXTERNAL_MATCH_FRAGMENTED,ROUTE_NO_EVALUABLE,DEPOSITO EN RICARDONE,2026-09-28T23:13:00,,2026-09-29T01:00:00,,,3,,,
6d02a9b5-e0f__cycle_1,6d02a9b5-e0f__cycle_1,1,2026-09-28T17:48:27.476-03:00,2026-09-29T01:01:14.997-03:00,433,CAMARA,CAMARA,CAMARA,CTG_10235351843,2026-09-29,AZG422,SOJA,SOJA,SILO_CHIEF_2,SILO CHIEF 2,RICARDONE,EGRESO,E,95817,000301069868,0000300057766,10235351843,,29240,SOJA,SILO_CHIEF_2,,R29,SILO_CHIEF_2,RICARDONE,EXCEL_PLATFORM_PRODUCT,EXTERNAL_MATCH_EXACT,ROUTE_NO_DISCHARGE_POINT,DEPOSITO EN RICARDONE,2026-09-28T23:25:00,,2026-09-29T01:01:00,,,1,,,
822a0627-327,822a0627-327,1,2026-09-28T15:54:59.695-03:00,2026-09-28T18:21:29.181-03:00,146,CAMARA,CAMARA,CAMARA,CTG_30035343625,2026-09-29,FLF111,ACEITE GIRASOL PARA REFINAR,ACEITE GIRASOL PARA REFINAR,ACEITE_PTO,ACEITE PTO,TERMINAL_EMBARQUE,INGRESO,I,11525,000404069702,0130000043551,30035343625,,29420,ACEITE GIRASOL PARA REFINAR,ACEITE_PTO,LIQUIDO,SL2,ACEITE_PTO,TERMINAL_EMBARQUE,EXCEL_PLATFORM_PRODUCT,EXTERNAL_MATCH_PROBABLE,ROUTE_NO_EVALUABLE,"FAZON RENOVA/BUNGE, FAZON RENOVA/BUNGE",2026-09-28T15:58:00,2026-09-28T16:39:00,2026-09-29T01:32:00,,,1,,,
e696dda7-acb__cycle_1,e696dda7-acb__cycle_1;e696dda7-acb__cycle_2,2,2026-09-28T13:48:29.596-03:00,2026-09-29T01:41:16.008-03:00,713,CAMARA,CAMARA,CAMARA,COMPROB_000400422804,2026-09-29,AD887XZ,ACEITE GIRASOL REFINADO,ACEITE GIRASOL REFINADO,ACEITE_OSL,ACEITE OSL,TERMINAL_EMBARQUE,EGRESO,E,11526,000400422804,,0,,28040,ACEITE GIRASOL REFINADO,ACEITE_OSL,LIQUIDO,SL1,ACEITE_OSL,TERMINAL_EMBARQUE,EXCEL_PLATFORM_PRODUCT,EXTERNAL_MATCH_FRAGMENTED,ROUTE_NO_EVALUABLE,FAZON RENOVA/BUNGE,2026-09-28T13:49:00,,2026-09-29T01:39:00,,,2,,,
a976b926-3a8__cycle_1,a976b926-3a8__cycle_1;a976b926-3a8__cycle_2,2,2026-09-28T16:01:32.280-03:00,2026-09-29T07:38:30.826-03:00,937,CAMARA,CAMARA,CAMARA,CTG_10235351849,2026-09-29,UUL425,SOJA,SOJA,SILO_CHIEF_2,SILO CHIEF 2,RICARDONE,EGRESO,E,95817,000301069869,0000300057767,10235351849,,29040,SOJA,SILO_CHIEF_2,,R29,SILO_CHIEF_2,RICARDONE,EXCEL_PLATFORM_PRODUCT,EXTERNAL_MATCH_FRAGMENTED,ROUTE_NO_DISCHARGE_POINT,DEPOSITO EN RICARDONE,2026-09-28T23:37:00,,2026-09-29T01:36:00,,,2,,,
74fada6c-30f,74fada6c-30f,1,2026-09-28T17:23:36.031-03:00,2026-09-29T07:51:19.663-03:00,868,CAMARA,CAMARA,CAMARA,CTG_10235351859,2026-09-29,VJG112,SOJA,SOJA,SILO_CHIEF_2,SILO CHIEF 2,RICARDONE,EGRESO,E,95817,000301069870,0000300057768,10235351859,,29680,SOJA,SILO_CHIEF_2,,R29,SILO_CHIEF_2,RICARDONE,EXCEL_PLATFORM_PRODUCT,EXTERNAL_MATCH_EXACT,ROUTE_NO_DISCHARGE_POINT,DEPOSITO EN RICARDONE,2026-09-28T23:38:00,,2026-09-29T01:46:00,,,1,,,
bbfe8016-f45__cycle_1,bbfe8016-f45__cycle_1;bbfe8016-f45__cycle_2,2,2026-09-28T13:47:48.476-03:00,2026-09-29T02:03:29.041-03:00,736,CAMARA,CAMARA,CAMARA,COMPROB_000400422805,2026-09-29,MNB810,ACEITE GIRASOL REFINADO,ACEITE GIRASOL REFINADO,ACEITE_OSL,ACEITE OSL,TERMINAL_EMBARQUE,EGRESO,E,11526,000400422805,,0,,27740,ACEITE GIRASOL REFINADO,ACEITE_OSL,LIQUIDO,SL1,ACEITE_OSL,TERMINAL_EMBARQUE,EXCEL_PLATFORM_PRODUCT,EXTERNAL_MATCH_FRAGMENTED,ROUTE_NO_EVALUABLE,FAZON RENOVA/BUNGE,2026-09-28T13:49:00,,2026-09-29T02:05:00,,,2,,,
c6cf303a-d04,c6cf303a-d04;09a86331-0d8;80c3e4cd-3f0,3,2026-09-28T19:35:46.617-03:00,2026-09-29T09:14:23.786-03:00,819,CAMARA,CAMARA,CAMARA,COMPROB_000404069712,2026-09-29,CMF111,AGUA INDUSTRIAL,AGUA INDUSTRIAL,ACEITE_OSL,ACEITE OSL,TERMINAL_EMBARQUE,INGRESO,I,11529,000404069712,0001100019269,0,,27700,AGUA INDUSTRIAL,ACEITE_OSL,LIQUIDO,SL1,ACEITE_OSL,TERMINAL_EMBARQUE,EXCEL_PLATFORM_PRODUCT,EXTERNAL_MATCH_FRAGMENTED,ROUTE_NO_EVALUABLE,,2026-09-29T00:55:00,,2026-09-29T02:10:00,,,3,,,
84dd5507-082,84dd5507-082;d8d2dca6-37b;608ec2b4-185,3,2026-09-28T17:48:07.098-03:00,2026-09-29T09:49:31.057-03:00,961,CAMARA,CAMARA,CAMARA,CTG_10235351861,2026-09-29,RAW481,SOJA,SOJA,SILO_CHIEF_2,SILO CHIEF 2,RICARDONE,EGRESO,E,95817,000301069871,0000300057769,10235351861,,31440,SOJA,SILO_CHIEF_2,,R29,SILO_CHIEF_2,RICARDONE,EXCEL_PLATFORM_PRODUCT,EXTERNAL_MATCH_FRAGMENTED,ROUTE_NO_EVALUABLE,DEPOSITO EN RICARDONE,2026-09-29T01:17:00,,2026-09-29T02:04:00,,,3,,,
0789e17a-304,0789e17a-304;579108de-e84;85549280-0d7,3,2026-09-28T17:21:12.041-03:00,2026-09-29T09:15:28.131-03:00,954,CAMARA,CAMARA,CAMARA,CTG_10235351864,2026-09-29,RGV982,SOJA,SOJA,SILO_CHIEF_2,SILO CHIEF 2,RICARDONE,EGRESO,E,95817,000301069872,0000300057770,10235351864,,28280,SOJA,SILO_CHIEF_2,,R29,SILO_CHIEF_2,RICARDONE,EXCEL_PLATFORM_PRODUCT,EXTERNAL_MATCH_FRAGMENTED,ROUTE_NO_EVALUABLE,DEPOSITO EN RICARDONE,2026-09-28T23:41:00,,2026-09-29T02:14:00,,,3,,,
83ab2bbf-091,83ab2bbf-091;3cf8d0a5-1fd,2,2026-09-28T23:26:10.844-03:00,2026-09-29T02:27:20.385-03:00,181,CAMARA,CAMARA,CAMARA,CTG_10235348792,2026-09-29,AE785CS,SOJA,SOJA,VOLCABLE_PTO_5,VOLCABLE PTO 5,TERMINAL_EMBARQUE,INGRESO,I,2000655,000404069715,0000100013523,10235348792,VIC631798290926,33260,SOJA,VOLCABLE_PTO_5,SAN_LORENZO_VOLCABLE,R7,VOLCABLE_PTO_5,TERMINAL_EMBARQUE,EXCEL_PLATFORM_PRODUCT,EXTERNAL_MATCH_FRAGMENTED,ROUTE_NO_EVALUABLE,"FAZON 2026, FAZON 2026",2026-09-28T23:27:00,2026-09-29T01:20:00,2026-09-29T02:24:00,,,2,,,
c3790d0c-971,c3790d0c-971;ca21f8f2-931,2,2026-09-28T23:57:19.671-03:00,2026-09-29T02:30:00.849-03:00,153,CAMARA,CAMARA,CAMARA,CTG_30035351749,2026-09-29,JUP399,ACEITE GIRASOL PARA REFINAR,ACEITE GIRASOL PARA REFINAR,ACEITE_PTO,ACEITE PTO,TERMINAL_EMBARQUE,INGRESO,I,11525,000404069716,0130000043576,30035351749,,29480,ACEITE GIRASOL PARA REFINAR,ACEITE_PTO,LIQUIDO,SL2,ACEITE_PTO,TERMINAL_EMBARQUE,EXCEL_PLATFORM_PRODUCT,EXTERNAL_MATCH_FRAGMENTED,ROUTE_NO_EVALUABLE,"FAZON RENOVA/BUNGE, FAZON RENOVA/BUNGE",2026-09-28T23:59:00,2026-09-29T00:19:00,2026-09-29T02:26:00,,,2,,,
a96e365b-c88,a96e365b-c88;8b815e3c-db8;8ec286e9-afb;78badfb7-7df;6f385737-783,5,2026-09-28T17:58:23.355-03:00,2026-09-29T10:13:56.502-03:00,976,CAMARA,CAMARA,CAMARA,CTG_10235351867,2026-09-29,FDH917,SOJA,SOJA,SILO_CHIEF_2,SILO CHIEF 2,RICARDONE,EGRESO,E,95817,000301069873,0000300057771,10235351867,,29580,SOJA,SILO_CHIEF_2,,R29,SILO_CHIEF_2,RICARDONE,EXCEL_PLATFORM_PRODUCT,EXTERNAL_MATCH_FRAGMENTED,ROUTE_NO_EVALUABLE,DEPOSITO EN RICARDONE,2026-09-29T01:23:00,,2026-09-29T02:15:00,,,5,,,
8053544c-b0a,8053544c-b0a,1,2026-09-29T01:05:00.228-03:00,2026-09-29T02:32:32.510-03:00,88,CAMARA,CAMARA,CAMARA,COMPROB_000400422806,2026-09-29,ELS710,BORRA DE ACSOJA REFINADO,BORRA DE AC.SOJA REFINADO,,,TERMINAL_EMBARQUE,EGRESO,E,10926,000400422806,,0,,23720,BORRA DE ACSOJA REFINADO,,,SL2,,TERMINAL_EMBARQUE,EXCEL_PLATFORM_PRODUCT,EXTERNAL_MATCH_EXACT,ROUTE_NO_EVALUABLE,DESPACHOS RENOVA.,2026-09-29T01:02:00,,2026-09-29T02:28:00,,,1,,,
6d8cab10-8c5,6d8cab10-8c5;5893520f-663,2,2026-09-28T22:18:38.526-03:00,2026-09-29T02:33:24.251-03:00,255,CAMARA,CAMARA,CAMARA,CTG_10135336624,2026-09-29,OVS653,SOJA,SOJA,VOLCABLE_PTO_4,VOLCABLE PTO 4,TERMINAL_EMBARQUE,INGRESO,I,2000655,000404069717,0000000001575,10135336624,VIC150471280926,33120,SOJA,VOLCABLE_PTO_4,SAN_LORENZO_VOLCABLE,R7,VOLCABLE_PTO_4,TERMINAL_EMBARQUE,EXCEL_PLATFORM_PRODUCT,EXTERNAL_MATCH_FRAGMENTED,ROUTE_NO_EVALUABLE,"FAZON 2026, FAZON 2026",2026-09-28T22:19:00,2026-09-28T22:51:00,2026-09-29T02:30:00,,,2,,,
e3accdf5-2f0,e3accdf5-2f0;ea198349-bf0,2,2026-09-28T22:19:17.169-03:00,2026-09-29T02:34:10.549-03:00,255,CAMARA,CAMARA,CAMARA,CTG_10135337308,2026-09-29,AF107WH,SOJA,SOJA,VOLCABLE_PTO_3,VOLCABLE PTO 3,TERMINAL_EMBARQUE,INGRESO,I,2000655,000404069718,0000000001576,10135337308,VIC746977280926,32440,SOJA,VOLCABLE_PTO_3,SAN_LORENZO_VOLCABLE,R7,VOLCABLE_PTO_3,TERMINAL_EMBARQUE,EXCEL_PLATFORM_PRODUCT,EXTERNAL_MATCH_FRAGMENTED,ROUTE_NO_EVALUABLE,"FAZON 2026, FAZON 2026",2026-09-28T22:20:00,2026-09-28T22:55:00,2026-09-29T02:32:00,,,2,,,
d7e3e0fb-4e6,d7e3e0fb-4e6;2dd84ba6-b36,2,2026-09-28T22:48:03.991-03:00,2026-09-29T02:35:30.221-03:00,227,CAMARA,CAMARA,CAMARA,CTG_10135346683,2026-09-29,OHF905,SOJA,SOJA,VOLCABLE_PTO_4,VOLCABLE PTO 4,TERMINAL_EMBARQUE,INGRESO,I,2000655,000404069719,0000000001419,10135346683,VIC641752280926,28260,SOJA,VOLCABLE_PTO_4,SAN_LORENZO_VOLCABLE,R7,VOLCABLE_PTO_4,TERMINAL_EMBARQUE,EXCEL_PLATFORM_PRODUCT,EXTERNAL_MATCH_FRAGMENTED,ROUTE_NO_EVALUABLE,"FAZON 2026, FAZON 2026",2026-09-28T22:49:00,2026-09-29T01:04:00,2026-09-29T02:33:00,,,2,,,
02362a42-f42,02362a42-f42;ad33d51e-19a;6e1d1c01-eb9;aba0a469-6c7;72c661fa-60d,5,2026-09-28T18:10:00.958-03:00,2026-09-29T05:21:17.145-03:00,671,CAMARA,CAMARA,CAMARA,CTG_10235351873,2026-09-29,UKL882,SOJA,SOJA,SILO_CHIEF_2,SILO CHIEF 2,RICARDONE,EGRESO,E,95817,000301069874,0000300057772,10235351873,,30980,SOJA,SILO_CHIEF_2,,R29,SILO_CHIEF_2,RICARDONE,EXCEL_PLATFORM_PRODUCT,EXTERNAL_MATCH_FRAGMENTED,ROUTE_NO_EVALUABLE,DEPOSITO EN RICARDONE,2026-09-29T01:25:00,,2026-09-29T02:27:00,,,5,,,
fa8602d8-8d6,fa8602d8-8d6;8740694e-28e,2,2026-09-28T22:01:54.229-03:00,2026-09-29T02:38:25.531-03:00,277,CAMARA,CAMARA,CAMARA,CTG_10135346539,2026-09-29,PDD416,SOJA,SOJA,VOLCABLE_PTO_4,VOLCABLE PTO 4,TERMINAL_EMBARQUE,INGRESO,I,2000655,000404069720,0000000000158,10135346539,VIC457746290926,29140,SOJA,VOLCABLE_PTO_4,SAN_LORENZO_VOLCABLE,R7,VOLCABLE_PTO_4,TERMINAL_EMBARQUE,EXCEL_PLATFORM_PRODUCT,EXTERNAL_MATCH_FRAGMENTED,ROUTE_NO_EVALUABLE,"FAZON 2026, FAZON 2026",2026-09-28T22:03:00,2026-09-28T22:46:00,2026-09-29T02:35:00,,,2,,,
2dd64b2a-000__cycle_1,2dd64b2a-000__cycle_1;2dd64b2a-000__cycle_2,2,2026-09-28T14:46:53.525-03:00,2026-09-29T02:37:55.439-03:00,711,CAMARA,CAMARA,CAMARA,COMPROB_000400422807,2026-09-29,GDE552,ACEITE GIRASOL REFINADO,ACEITE GIRASOL REFINADO,ACEITE_OSL,ACEITE OSL,TERMINAL_EMBARQUE,EGRESO,E,11526,000400422807,,0,,28140,ACEITE GIRASOL REFINADO,ACEITE_OSL,LIQUIDO,SL1,ACEITE_OSL,TERMINAL_EMBARQUE,EXCEL_PLATFORM_PRODUCT,EXTERNAL_MATCH_FRAGMENTED,ROUTE_NO_EVALUABLE,FAZON RENOVA/BUNGE,2026-09-28T14:48:00,,2026-09-29T02:36:00,,,2,,,
45b516e3-95b,45b516e3-95b;806dc939-9b8,2,2026-09-28T16:00:23.636-03:00,2026-09-29T02:40:18.336-03:00,640,CAMARA,CAMARA,CAMARA,CTG_30035344165,2026-09-29,CSB958,ACEITE GIRASOL PARA REFINAR,ACEITE GIRASOL PARA REFINAR,ACEITE_PTO,ACEITE PTO,TERMINAL_EMBARQUE,INGRESO,I,11525,000404069721,0130000043554,30035344165,,29300,ACEITE GIRASOL PARA REFINAR,ACEITE_PTO,LIQUIDO,SL2,ACEITE_PTO,TERMINAL_EMBARQUE,EXCEL_PLATFORM_PRODUCT,EXTERNAL_MATCH_FRAGMENTED,ROUTE_NO_EVALUABLE,"FAZON RENOVA/BUNGE, FAZON RENOVA/BUNGE",2026-09-28T16:01:00,2026-09-28T16:46:00,2026-09-29T02:38:00,,,2,,,
26e6c898-677,26e6c898-677;c0b82a74-bec,2,2026-09-28T21:05:10.668-03:00,2026-09-29T02:42:50.557-03:00,338,CAMARA,CAMARA,CAMARA,CTG_10235340529,2026-09-29,AI058IN,SOJA,SOJA,VOLCABLE_PTO_3,VOLCABLE PTO 3,TERMINAL_EMBARQUE,INGRESO,I,2000652,000404069722,0000100000168,10235340529,VIC921290280926,32800,SOJA,VOLCABLE_PTO_3,SAN_LORENZO_VOLCABLE,R7,VOLCABLE_PTO_3,TERMINAL_EMBARQUE,EXCEL_PLATFORM_PRODUCT,EXTERNAL_MATCH_FRAGMENTED,ROUTE_NO_EVALUABLE,"FAZON 2026, FAZON 2026",2026-09-28T21:06:00,2026-09-28T22:37:00,2026-09-29T02:40:00,,,2,,,
c2133690-f14,c2133690-f14;199185b5-a96,2,2026-09-28T20:44:20.412-03:00,2026-09-29T02:44:00.345-03:00,360,CAMARA,CAMARA,CAMARA,CTG_10235342454,2026-09-29,HKZ378,SOJA,SOJA,VOLCABLE_PTO_5,VOLCABLE PTO 5,TERMINAL_EMBARQUE,INGRESO,I,2000652,000404069723,0000000004899,10235342454,VIC534017290926,30480,SOJA,VOLCABLE_PTO_5,SAN_LORENZO_VOLCABLE,R7,VOLCABLE_PTO_5,TERMINAL_EMBARQUE,EXCEL_PLATFORM_PRODUCT,EXTERNAL_MATCH_FRAGMENTED,ROUTE_NO_EVALUABLE,"FAZON 2026, FAZON 2026",2026-09-28T20:45:00,2026-09-28T22:31:00,2026-09-29T02:41:00,,,2,,,
4b6f6975-539,4b6f6975-539;cdbcf8b4-1de;1a8dcfeb-3ed;70d64c06-53d;a665c6e4-3f2,5,2026-09-28T18:25:09.089-03:00,2026-09-29T09:22:07.211-03:00,897,CAMARA,CAMARA,CAMARA,CTG_10235351876,2026-09-29,TAC436,SOJA,SOJA,SILO_CHIEF_2,SILO CHIEF 2,RICARDONE,EGRESO,E,95817,000301069875,0000300057773,10235351876,,31660,SOJA,SILO_CHIEF_2,,R29,SILO_CHIEF_2,RICARDONE,EXCEL_PLATFORM_PRODUCT,EXTERNAL_MATCH_FRAGMENTED,ROUTE_NO_EVALUABLE,DEPOSITO EN RICARDONE,2026-09-29T01:37:00,,2026-09-29T02:35:00,,,5,,,
ec6b03ab-75d,ec6b03ab-75d;cc5d7d6a-4e8,2,2026-09-28T21:40:50.313-03:00,2026-09-29T02:49:35.639-03:00,309,CAMARA,CAMARA,CAMARA,CTG_10235344774,2026-09-29,AE381DE,SOJA,SOJA,VOLCABLE_PTO_5,VOLCABLE PTO 5,TERMINAL_EMBARQUE,INGRESO,I,2000652,000404069724,0000100000169,10235344774,VIC665091280926,29260,SOJA,VOLCABLE_PTO_5,SAN_LORENZO_VOLCABLE,R7,VOLCABLE_PTO_5,TERMINAL_EMBARQUE,EXCEL_PLATFORM_PRODUCT,EXTERNAL_MATCH_FRAGMENTED,ROUTE_NO_EVALUABLE,"FAZON 2026, FAZON 2026",2026-09-28T21:42:00,2026-09-28T22:40:00,2026-09-29T02:45:00,,,2,,,
86666274-39c,86666274-39c;8a9b8a78-5dc;9a94f47b-3ec;5a1402ae-a21;82059bab-133;025e8d08-906;f2a475eb-645,7,2026-09-28T18:26:30.056-03:00,2026-09-29T09:56:57.367-03:00,930,CAMARA,CAMARA,CAMARA,CTG_10235351879,2026-09-29,BVS300,SOJA,SOJA,SILO_CHIEF_2,SILO CHIEF 2,RICARDONE,EGRESO,E,95817,000301069876,0000300057774,10235351879,,30320,SOJA,SILO_CHIEF_2,,R29,SILO_CHIEF_2,RICARDONE,EXCEL_PLATFORM_PRODUCT,EXTERNAL_MATCH_FRAGMENTED,ROUTE_NO_EVALUABLE,DEPOSITO EN RICARDONE,2026-09-29T01:38:00,,2026-09-29T02:42:00,,,7,,,
ea6be693-808,ea6be693-808;baef17c8-99a,2,2026-09-28T21:25:05.300-03:00,2026-09-29T02:56:03.314-03:00,331,CAMARA,CAMARA,CAMARA,CTG_10235340184,2026-09-29,NYY393,SOJA,SOJA,VOLCABLE_PTO_3,VOLCABLE PTO 3,TERMINAL_EMBARQUE,INGRESO,I,2000655,000404069726,0000500011281,10235340184,VIC693109280926,33980,SOJA,VOLCABLE_PTO_3,SAN_LORENZO_VOLCABLE,R7,VOLCABLE_PTO_3,TERMINAL_EMBARQUE,EXCEL_PLATFORM_PRODUCT,EXTERNAL_MATCH_FRAGMENTED,ROUTE_NO_EVALUABLE,"FAZON 2026, FAZON 2026",2026-09-28T21:26:00,2026-09-28T22:39:00,2026-09-29T02:53:00,,,2,,,
bef86447-639,bef86447-639;3d96d33a-18c,2,2026-09-28T23:22:26.749-03:00,2026-09-29T02:59:33.038-03:00,217,CAMARA,CAMARA,CAMARA,CTG_10235343371,2026-09-29,HGC160,SOJA,SOJA,VOLCABLE_PTO_5,VOLCABLE PTO 5,TERMINAL_EMBARQUE,INGRESO,I,2000652,000404069727,0000100014112,10235343371,VIC405786280926,34220,SOJA,VOLCABLE_PTO_5,SAN_LORENZO_VOLCABLE,R7,VOLCABLE_PTO_5,TERMINAL_EMBARQUE,EXCEL_PLATFORM_PRODUCT,EXTERNAL_MATCH_FRAGMENTED,ROUTE_NO_EVALUABLE,"FAZON 2026, FAZON 2026",2026-09-28T23:23:00,2026-09-29T01:15:00,2026-09-29T02:56:00,,,2,,,
ebdc7111-fdb__cycle_1,ebdc7111-fdb__cycle_1;ebdc7111-fdb__cycle_2;51164d43-c7c__cycle_1,3,2026-09-28T18:01:20.085-03:00,2026-09-29T08:43:11.162-03:00,882,CAMARA,CAMARA,CAMARA,CTG_10235351882,2026-09-29,UWX998,SOJA,SOJA,SILO_CHIEF_2,SILO CHIEF 2,RICARDONE,EGRESO,E,95817,000301069877,0000300057775,10235351882,,28600,SOJA,SILO_CHIEF_2,,R29,SILO_CHIEF_2,RICARDONE,EXCEL_PLATFORM_PRODUCT,EXTERNAL_MATCH_FRAGMENTED,ROUTE_NO_EVALUABLE,DEPOSITO EN RICARDONE,2026-09-29T01:53:00,,2026-09-29T02:51:00,,,3,,,
1b863fec-2a7,1b863fec-2a7,1,2026-09-28T22:16:01.717-03:00,2026-09-29T03:03:07.244-03:00,287,CAMARA,CAMARA,CAMARA,CTG_10235335115,2026-09-29,AB820SE,SOJA,SOJA,VOLCABLE_PTO_4,VOLCABLE PTO 4,TERMINAL_EMBARQUE,INGRESO,I,2000651,000404069728,0004600009575,10235335115,VIC527153280926,37460,SOJA,VOLCABLE_PTO_4,SAN_LORENZO_VOLCABLE,R7,VOLCABLE_PTO_4,TERMINAL_EMBARQUE,EXCEL_PLATFORM_PRODUCT,EXTERNAL_MATCH_EXACT,ROUTE_NO_EVALUABLE,"FAZON 2026, FAZON 2026",2026-09-28T22:17:00,2026-09-28T22:48:00,2026-09-29T03:01:00,,,1,,,
a127c497-513,a127c497-513;cb313ff7-3e5;78dfaa4a-97d;c23b78a9-fba;e4f62fa2-21e;302b0f1c-588;87b6d67f-137,7,2026-09-28T19:45:42.892-03:00,2026-09-29T09:01:56.047-03:00,796,CAMARA,CAMARA,CAMARA,CTG_10235351885,2026-09-29,EEW075,SOJA,SOJA,SILO_CHIEF_2,SILO CHIEF 2,RICARDONE,EGRESO,E,95817,000301069878,0000300057776,10235351885,,28160,SOJA,SILO_CHIEF_2,,R29,SILO_CHIEF_2,RICARDONE,EXCEL_PLATFORM_PRODUCT,EXTERNAL_MATCH_FRAGMENTED,ROUTE_NO_EVALUABLE,DEPOSITO EN RICARDONE,2026-09-29T01:55:00,,2026-09-29T02:58:00,,,7,,,
49101e97-652__cycle_2,49101e97-652__cycle_2;01761ce2-480,2,2026-09-29T08:31:27.927-03:00,2026-09-29T13:37:20.405-03:00,306,CAMARA,CAMARA,CAMARA,CTG_30035346023,2026-09-29,EAR164,ACEITE GIRASOL PARA REFINAR,ACEITE GIRASOL PARA REFINAR,ACEITE_PTO,ACEITE PTO,TERMINAL_EMBARQUE,INGRESO,I,11525,000404069730,0130000043559,30035346023,,28960,ACEITE GIRASOL PARA REFINAR,ACEITE_PTO,LIQUIDO,SL2,ACEITE_PTO,TERMINAL_EMBARQUE,EXCEL_PLATFORM_PRODUCT,EXTERNAL_MATCH_FRAGMENTED,ROUTE_NO_EVALUABLE,"FAZON RENOVA/BUNGE, FAZON RENOVA/BUNGE",2026-09-28T16:51:00,2026-09-28T17:00:00,2026-09-29T03:14:00,,,2,,,
7f3acc68-3d7__cycle_1,7f3acc68-3d7__cycle_1,1,2026-09-28T20:21:39.466-03:00,2026-09-28T20:35:02.878-03:00,13,CAMARA,CAMARA,CAMARA,CTG_10235347146,2026-09-29,EAA743,GIRASOL,GIRASOL,VOLCABLE_2,VOLCABLE 2,RICARDONE,INGRESO,I,2000640,000301464882,1658100004706,10235347146,VIC521664280926,29080,GIRASOL,VOLCABLE_2,VOLCABLE,R6,VOLCABLE_2,RICARDONE,EXCEL_PLATFORM_PRODUCT,EXTERNAL_MATCH_PROBABLE,ROUTE_NO_EVALUABLE,"FAZON 2026, FAZON 2026",2026-09-28T19:18:00,2026-09-28T20:27:00,2026-09-29T03:21:00,,,1,,,
c97bb133-2c3,c97bb133-2c3;c589720e-846,2,2026-09-29T00:29:07.702-03:00,2026-09-29T03:24:30.896-03:00,175,CAMARA,CAMARA,CAMARA,CTG_10235350190,2026-09-29,AG227NB,SOJA,SOJA,VOLCABLE_PTO_3,VOLCABLE PTO 3,TERMINAL_EMBARQUE,INGRESO,I,2000655,000404069732,0000100013524,10235350190,VIC896503290926,33120,SOJA,VOLCABLE_PTO_3,SAN_LORENZO_VOLCABLE,R7,VOLCABLE_PTO_3,TERMINAL_EMBARQUE,EXCEL_PLATFORM_PRODUCT,EXTERNAL_MATCH_FRAGMENTED,ROUTE_NO_EVALUABLE,"FAZON 2026, FAZON 2026",2026-09-29T00:30:00,2026-09-29T01:33:00,2026-09-29T03:21:00,,,2,,,
7d0657e3-40a__cycle_1,7d0657e3-40a__cycle_1;7d0657e3-40a__cycle_2,2,2026-09-28T17:24:03.813-03:00,2026-09-29T03:25:17.155-03:00,601,CAMARA,CAMARA,CAMARA,COMPROB_000400422808,2026-09-29,WGG348,ACEITE GIRASOL REFINADO,ACEITE GIRASOL REFINADO,ACEITE_OSL,ACEITE OSL,TERMINAL_EMBARQUE,EGRESO,E,11526,000400422808,,0,,28080,ACEITE GIRASOL REFINADO,ACEITE_OSL,LIQUIDO,SL1,ACEITE_OSL,TERMINAL_EMBARQUE,EXCEL_PLATFORM_PRODUCT,EXTERNAL_MATCH_FRAGMENTED,ROUTE_NO_EVALUABLE,FAZON RENOVA/BUNGE,2026-09-28T17:25:00,,2026-09-29T03:23:00,,,2,,,
f1b6e9c4-863,f1b6e9c4-863;2a639c37-b37,2,2026-09-28T23:50:02.608-03:00,2026-09-29T03:28:24.990-03:00,218,CAMARA,CAMARA,CAMARA,CTG_10235346263,2026-09-29,AE229GC,SOJA,SOJA,VOLCABLE_PTO_5,VOLCABLE PTO 5,TERMINAL_EMBARQUE,INGRESO,I,2000655,000404069733,0000500011283,10235346263,VIC640888290926,37540,SOJA,VOLCABLE_PTO_5,SAN_LORENZO_VOLCABLE,R7,VOLCABLE_PTO_5,TERMINAL_EMBARQUE,EXCEL_PLATFORM_PRODUCT,EXTERNAL_MATCH_FRAGMENTED,ROUTE_NO_EVALUABLE,"FAZON 2026, FAZON 2026",2026-09-28T23:51:00,2026-09-29T01:28:00,2026-09-29T03:26:00,,,2,,,
58088ea3-a37,58088ea3-a37;bd3ce1bb-5b5;67e3ccb3-2d5;753d2896-187;ac7bf7f8-17c,5,2026-09-28T15:35:13.831-03:00,2026-09-29T10:27:57.603-03:00,1133,CAMARA,CAMARA,CAMARA,CTG_10235351888,2026-09-29,TVH101,SOJA,SOJA,SILO_CHIEF_2,SILO CHIEF 2,RICARDONE,EGRESO,E,95817,000301069879,0000300057777,10235351888,,27980,SOJA,SILO_CHIEF_2,,R29,SILO_CHIEF_2,RICARDONE,EXCEL_PLATFORM_PRODUCT,EXTERNAL_MATCH_FRAGMENTED,ROUTE_NO_EVALUABLE,DEPOSITO EN RICARDONE,2026-09-29T02:02:00,,2026-09-29T03:13:00,,,5,,,
e35d30ba-134,e35d30ba-134,1,2026-09-28T23:23:07.793-03:00,2026-09-29T03:35:53.089-03:00,253,CAMARA,CAMARA,CAMARA,CTG_10235343940,2026-09-29,AA936SR,SOJA,SOJA,VOLCABLE_PTO_4,VOLCABLE PTO 4,TERMINAL_EMBARQUE,INGRESO,I,2000652,000404069734,0000100014113,10235343940,VIC392602280926,33920,SOJA,VOLCABLE_PTO_4,SAN_LORENZO_VOLCABLE,R7,VOLCABLE_PTO_4,TERMINAL_EMBARQUE,EXCEL_PLATFORM_PRODUCT,EXTERNAL_MATCH_EXACT,ROUTE_NO_EVALUABLE,"FAZON 2026, FAZON 2026",2026-09-28T23:24:00,2026-09-29T01:17:00,2026-09-29T03:32:00,,,1,,,
d4b68e15-5e2,d4b68e15-5e2;ca30c7d8-a4f,2,2026-09-28T23:43:48.744-03:00,2026-09-29T03:45:31.801-03:00,242,CAMARA,CAMARA,CAMARA,CTG_10135346732,2026-09-29,LRP909,SOJA,SOJA,VOLCABLE_PTO_4,VOLCABLE PTO 4,TERMINAL_EMBARQUE,INGRESO,I,2000652,000404069735,0010000002661,10135346732,VIC893183290926,29640,SOJA,VOLCABLE_PTO_4,SAN_LORENZO_VOLCABLE,R7,VOLCABLE_PTO_4,TERMINAL_EMBARQUE,EXCEL_PLATFORM_PRODUCT,EXTERNAL_MATCH_FRAGMENTED,ROUTE_NO_EVALUABLE,"FAZON 2026, FAZON 2026",2026-09-28T23:45:00,2026-09-29T01:29:00,2026-09-29T03:41:00,,,2,,,
f04fb334-27c,f04fb334-27c;17742f1b-149,2,2026-09-28T23:52:42.217-03:00,2026-09-29T03:49:11.889-03:00,236,CAMARA,CAMARA,CAMARA,CTG_10135346531,2026-09-29,KXI574,SOJA,SOJA,VOLCABLE_PTO_3,VOLCABLE PTO 3,TERMINAL_EMBARQUE,INGRESO,I,2000655,000404069737,0000000001418,10135346531,VIC814198280926,31140,SOJA,VOLCABLE_PTO_3,SAN_LORENZO_VOLCABLE,R7,VOLCABLE_PTO_3,TERMINAL_EMBARQUE,EXCEL_PLATFORM_PRODUCT,EXTERNAL_MATCH_FRAGMENTED,ROUTE_NO_EVALUABLE,"FAZON 2026, FAZON 2026",2026-09-28T23:53:00,2026-09-29T01:31:00,2026-09-29T03:47:00,,,2,,,
bfc9c257-eb9__cycle_1,bfc9c257-eb9__cycle_1,1,2026-09-28T19:11:40.133-03:00,2026-09-28T19:37:02.742-03:00,25,CAMARA,CAMARA,CAMARA,COMPROB_000400422809,2026-09-29,CDF727,ACEITE GIRASOL REFINADO,ACEITE GIRASOL REFINADO,ACEITE_OSL,ACEITE OSL,TERMINAL_EMBARQUE,EGRESO,E,11526,000400422809,,0,,28100,ACEITE GIRASOL REFINADO,ACEITE_OSL,LIQUIDO,SL1,ACEITE_OSL,TERMINAL_EMBARQUE,EXCEL_PLATFORM_PRODUCT,EXTERNAL_MATCH_PROBABLE,ROUTE_NO_EVALUABLE,FAZON RENOVA/BUNGE,2026-09-28T19:12:00,,2026-09-29T03:51:00,,,1,,,
c83c36da-07c,c83c36da-07c;17b05f84-b52,2,2026-09-28T23:21:12.026-03:00,2026-09-29T03:55:39.124-03:00,274,CAMARA,CAMARA,CAMARA,CTG_10235339399,2026-09-29,TZD778,SOJA,SOJA,VOLCABLE_PTO_3,VOLCABLE PTO 3,TERMINAL_EMBARQUE,INGRESO,I,2000655,000404069738,0000100018435,10235339399,VIC120069290926,31800,SOJA,VOLCABLE_PTO_3,SAN_LORENZO_VOLCABLE,R7,VOLCABLE_PTO_3,TERMINAL_EMBARQUE,EXCEL_PLATFORM_PRODUCT,EXTERNAL_MATCH_FRAGMENTED,ROUTE_NO_EVALUABLE,"FAZON 2026, FAZON 2026",2026-09-28T23:22:00,2026-09-29T01:13:00,2026-09-29T03:53:00,,,2,,,
bcca7d20-487,bcca7d20-487;176b2e75-860;076f159b-c74;c78b23b6-aa6,4,2026-09-28T20:12:13.579-03:00,2026-09-29T10:26:07.799-03:00,854,CAMARA,CAMARA,CAMARA,CTG_10235351894,2026-09-29,EBO971,SOJA,SOJA,SILO_CHIEF_2,SILO CHIEF 2,RICARDONE,EGRESO,E,95817,000301069880,0000300057778,10235351894,,26500,SOJA,SILO_CHIEF_2,,R29,SILO_CHIEF_2,RICARDONE,EXCEL_PLATFORM_PRODUCT,EXTERNAL_MATCH_FRAGMENTED,ROUTE_NO_EVALUABLE,DEPOSITO EN RICARDONE,2026-09-29T02:18:00,,2026-09-29T03:49:00,,,4,,,
81ae2f09-799,81ae2f09-799,1,2026-09-28T17:45:55.467-03:00,2026-09-28T18:25:52.476-03:00,40,CAMARA,CAMARA,CAMARA,CTG_30035347625,2026-09-29,WNL428,ACEITE GIRASOL PARA REFINAR,ACEITE GIRASOL PARA REFINAR,ACEITE_PTO,ACEITE PTO,TERMINAL_EMBARQUE,INGRESO,I,11525,000404069741,0130000043564,30035347625,,28460,ACEITE GIRASOL PARA REFINAR,ACEITE_PTO,LIQUIDO,SL2,ACEITE_PTO,TERMINAL_EMBARQUE,EXCEL_PLATFORM_PRODUCT,EXTERNAL_MATCH_PROBABLE,ROUTE_NO_EVALUABLE,"FAZON RENOVA/BUNGE, FAZON RENOVA/BUNGE",2026-09-28T17:47:00,2026-09-28T18:04:00,2026-09-29T04:03:00,,,1,,,
3f5b80e8-210__cycle_1,3f5b80e8-210__cycle_1;3f5b80e8-210__cycle_2,2,2026-09-28T19:43:24.520-03:00,2026-09-29T04:16:48.713-03:00,513,CAMARA,CAMARA,CAMARA,CTG_10235347274,2026-09-29,CMU578,GIRASOL,GIRASOL,VOLCABLE_2,VOLCABLE 2,RICARDONE,INGRESO,I,2000640,000301464883,1658100004707,10235347274,VIC571579280926,24380,GIRASOL,VOLCABLE_2,VOLCABLE,R6,VOLCABLE_2,RICARDONE,EXCEL_PLATFORM_PRODUCT,EXTERNAL_MATCH_FRAGMENTED,ROUTE_NO_EVALUABLE,"FAZON 2026, FAZON 2026",2026-09-28T19:44:00,2026-09-28T20:29:00,2026-09-29T04:18:00,,,2,,,
2ff2357f-c6e,2ff2357f-c6e;1928e4d0-6f9;cfcc02de-1ff,3,2026-09-28T20:53:28.970-03:00,2026-09-29T11:29:52.496-03:00,876,CAMARA,CAMARA,CAMARA,COMPROB_000404069745,2026-09-29,SZG666,AGUA INDUSTRIAL,AGUA INDUSTRIAL,ACEITE_OSL,ACEITE OSL,TERMINAL_EMBARQUE,INGRESO,I,11529,000404069745,0001100019272,0,,26920,AGUA INDUSTRIAL,ACEITE_OSL,LIQUIDO,SL1,ACEITE_OSL,TERMINAL_EMBARQUE,EXCEL_PLATFORM_PRODUCT,EXTERNAL_MATCH_FRAGMENTED,ROUTE_NO_EVALUABLE,,2026-09-29T03:13:00,,2026-09-29T04:29:00,,,3,,,
4e81ff57-536__cycle_2,4e81ff57-536__cycle_2;69aede51-e87;c762b85f-881,3,2026-09-28T21:40:02.632-03:00,2026-09-29T06:12:24.948-03:00,512,CAMARA,CAMARA,CAMARA,CTG_10235351903,2026-09-29,TAO150,SOJA,SOJA,SILO_CHIEF_2,SILO CHIEF 2,RICARDONE,EGRESO,E,95817,000301069881,0000300057779,10235351903,,27740,SOJA,SILO_CHIEF_2,,R29,SILO_CHIEF_2,RICARDONE,EXCEL_PLATFORM_PRODUCT,EXTERNAL_MATCH_FRAGMENTED,ROUTE_NO_EVALUABLE,DEPOSITO EN RICARDONE,2026-09-29T02:25:00,,2026-09-29T04:08:00,,,3,,,
bd28006b-258,bd28006b-258;e2280651-f39;2608092f-705;9fdb0d94-d46;30d31289-a5b,5,2026-09-28T20:10:01.936-03:00,2026-09-29T05:58:13.311-03:00,588,CAMARA,CAMARA,CAMARA,CTG_10235351904,2026-09-29,GES056,SOJA,SOJA,SILO_CHIEF_2,SILO CHIEF 2,RICARDONE,EGRESO,E,95817,000301069882,0000300057780,10235351904,,27340,SOJA,SILO_CHIEF_2,,R29,SILO_CHIEF_2,RICARDONE,EXCEL_PLATFORM_PRODUCT,EXTERNAL_MATCH_FRAGMENTED,ROUTE_NO_EVALUABLE,DEPOSITO EN RICARDONE,2026-09-29T02:25:00,,2026-09-29T04:14:00,,,5,,,
c0054d3e-3a9,c0054d3e-3a9;d915eb89-dd6;ac2fa249-ef9;879ae113-6dd;e6b47b44-7b6;5bf30ddb-056;e6f5e517-10b,7,2026-09-28T20:22:52.944-03:00,2026-09-29T09:46:06.706-03:00,803,CAMARA,CAMARA,CAMARA,CTG_10235351905,2026-09-29,RXV065,SOJA,SOJA,SILO_CHIEF_2,SILO CHIEF 2,RICARDONE,EGRESO,E,95817,000301069883,0000300057781,10235351905,,29420,SOJA,SILO_CHIEF_2,,R29,SILO_CHIEF_2,RICARDONE,EXCEL_PLATFORM_PRODUCT,EXTERNAL_MATCH_FRAGMENTED,ROUTE_NO_EVALUABLE,DEPOSITO EN RICARDONE,2026-09-29T02:33:00,,2026-09-29T04:20:00,,,7,,,
b420fb78-efd,b420fb78-efd;094652ee-b7f;7d16a20b-153;7f428767-2c0;ba901020-2ad;34ff92ce-35e;7a99cc47-1d7,7,2026-09-28T21:05:51.434-03:00,2026-09-29T10:30:23.221-03:00,805,CAMARA,CAMARA,CAMARA,CTG_10235351906,2026-09-29,EVL273,SOJA,SOJA,SILO_CHIEF_2,SILO CHIEF 2,RICARDONE,EGRESO,E,95817,000301069884,0000300057782,10235351906,,27980,SOJA,SILO_CHIEF_2,,R29,SILO_CHIEF_2,RICARDONE,EXCEL_PLATFORM_PRODUCT,EXTERNAL_MATCH_FRAGMENTED,ROUTE_NO_EVALUABLE,DEPOSITO EN RICARDONE,2026-09-29T03:59:00,,2026-09-29T04:29:00,,,7,,,
13f48299-552__cycle_1,13f48299-552__cycle_1;13f48299-552__cycle_2,2,2026-09-28T20:56:07.138-03:00,2026-09-29T04:43:18.267-03:00,467,CAMARA,CAMARA,CAMARA,COMPROB_000400422811,2026-09-29,FEA642,ACEITE GIRASOL REFINADO,ACEITE GIRASOL REFINADO,ACEITE_OSL,ACEITE OSL,TERMINAL_EMBARQUE,EGRESO,E,11526,000400422811,,0,,28080,ACEITE GIRASOL REFINADO,ACEITE_OSL,LIQUIDO,SL1,ACEITE_OSL,TERMINAL_EMBARQUE,EXCEL_PLATFORM_PRODUCT,EXTERNAL_MATCH_FRAGMENTED,ROUTE_NO_EVALUABLE,FAZON RENOVA/BUNGE,2026-09-28T20:57:00,,2026-09-29T04:42:00,,,2,,,
cc614e63-cc8,cc614e63-cc8;7dc39414-a43;1eca20bf-0c1;0c0a0571-949;95fb9a86-1d4;6a16d037-d8d;8c714f69-866,7,2026-09-28T21:19:54.524-03:00,2026-09-29T10:25:43.109-03:00,786,CAMARA,CAMARA,CAMARA,CTG_10235351909,2026-09-29,EYH843,SOJA,SOJA,SILO_CHIEF_2,SILO CHIEF 2,RICARDONE,EGRESO,E,95817,000301069885,0000300057783,10235351909,,29540,SOJA,SILO_CHIEF_2,,R29,SILO_CHIEF_2,RICARDONE,EXCEL_PLATFORM_PRODUCT,EXTERNAL_MATCH_FRAGMENTED,ROUTE_NO_EVALUABLE,DEPOSITO EN RICARDONE,2026-09-29T04:14:00,,2026-09-29T04:41:00,,,7,,,
f37bda15-5e2,f37bda15-5e2;f5cb5beb-b4a;f2c41c26-872,3,2026-09-28T20:16:08.393-03:00,2026-09-29T14:23:47.492-03:00,1088,CAMARA,CAMARA,CAMARA,CTG_30035350719,2026-09-29,GVJ645,ACEITE GIRASOL PARA REFINAR,ACEITE GIRASOL PARA REFINAR,ACEITE_PTO,ACEITE PTO,TERMINAL_EMBARQUE,INGRESO,I,11525,000404069749,0130000043572,30035350719,,28860,ACEITE GIRASOL PARA REFINAR,ACEITE_PTO,LIQUIDO,SL2,ACEITE_PTO,TERMINAL_EMBARQUE,EXCEL_PLATFORM_PRODUCT,EXTERNAL_MATCH_FRAGMENTED,ROUTE_NO_EVALUABLE,"FAZON RENOVA/BUNGE, FAZON RENOVA/BUNGE",2026-09-28T20:17:00,2026-09-28T20:24:00,2026-09-29T05:03:00,,,3,,,
c714aaf8-146,c714aaf8-146,1,2026-09-29T03:34:32.534-03:00,2026-09-29T05:10:20.242-03:00,96,CAMARA,CAMARA,CAMARA,COMPROB_000400422812,2026-09-29,GTZ627,ACEITE GIRASOL REFINADO,ACEITE GIRASOL REFINADO,ACEITE_OSL,ACEITE OSL,TERMINAL_EMBARQUE,EGRESO,E,11526,000400422812,,0,,28040,ACEITE GIRASOL REFINADO,ACEITE_OSL,LIQUIDO,SL1,ACEITE_OSL,TERMINAL_EMBARQUE,EXCEL_PLATFORM_PRODUCT,EXTERNAL_MATCH_EXACT,ROUTE_NO_EVALUABLE,FAZON RENOVA/BUNGE,2026-09-29T03:20:00,,2026-09-29T05:09:00,,,1,,,
5c11d7bf-68c__cycle_1,5c11d7bf-68c__cycle_1;5c11d7bf-68c__cycle_2,2,2026-09-28T19:44:36.203-03:00,2026-09-29T05:21:56.541-03:00,577,CAMARA,CAMARA,CAMARA,CTG_10235347392,2026-09-29,GGY416,GIRASOL,GIRASOL,VOLCABLE_2,VOLCABLE 2,RICARDONE,INGRESO,I,2000640,000301464884,1658100004708,10235347392,VIC678783280926,34040,GIRASOL,VOLCABLE_2,VOLCABLE,R6,VOLCABLE_2,RICARDONE,EXCEL_PLATFORM_PRODUCT,EXTERNAL_MATCH_FRAGMENTED,ROUTE_NO_EVALUABLE,"FAZON 2026, FAZON 2026",2026-09-28T19:45:00,2026-09-28T20:36:00,2026-09-29T05:23:00,,,2,,,
b1e8961f-76b,b1e8961f-76b;41685a89-5e4;34d71dba-fbd;011498c2-992;4c946078-1c5,5,2026-09-28T23:12:18.876-03:00,2026-09-29T14:00:28.240-03:00,888,CAMARA,CAMARA,CAMARA,CTG_10235351922,2026-09-29,SAT582,SOJA,SOJA,SILO_CHIEF_2,SILO CHIEF 2,RICARDONE,EGRESO,E,95817,000301069886,0000300057784,10235351922,,30540,SOJA,SILO_CHIEF_2,,R29,SILO_CHIEF_2,RICARDONE,EXCEL_PLATFORM_PRODUCT,EXTERNAL_MATCH_FRAGMENTED,ROUTE_NO_EVALUABLE,DEPOSITO EN RICARDONE,2026-09-29T04:40:00,,2026-09-29T05:15:00,,,5,,,
91ae0478-fe0__cycle_1,91ae0478-fe0__cycle_1;91ae0478-fe0__cycle_2;1189d0c5-9a9;25dd09d6-6f0,4,2026-09-28T15:58:35.150-03:00,2026-09-29T12:27:48.434-03:00,1229,CAMARA,CAMARA,CAMARA,CTG_10235351923,2026-09-29,CIE516,SOJA,SOJA,SILO_CHIEF_2,SILO CHIEF 2,RICARDONE,EGRESO,E,95817,000301069887,0000300057785,10235351923,,28920,SOJA,SILO_CHIEF_2,,R29,SILO_CHIEF_2,RICARDONE,EXCEL_PLATFORM_PRODUCT,EXTERNAL_MATCH_FRAGMENTED,ROUTE_NO_EVALUABLE,DEPOSITO EN RICARDONE,2026-09-29T04:42:00,,2026-09-29T05:20:00,,,4,,,
a976b926-3a8__cycle_1,a976b926-3a8__cycle_1;a976b926-3a8__cycle_2;1defc6a6-3ef;fb55bc32-954,4,2026-09-28T16:01:32.280-03:00,2026-09-29T12:37:41.525-03:00,1236,CAMARA,CAMARA,CAMARA,CTG_10235351934,2026-09-29,UUL425,SOJA,SOJA,SILO_CHIEF_2,SILO CHIEF 2,RICARDONE,EGRESO,E,95817,000301069888,0000300057786,10235351934,,28860,SOJA,SILO_CHIEF_2,,R29,SILO_CHIEF_2,RICARDONE,EXCEL_PLATFORM_PRODUCT,EXTERNAL_MATCH_FRAGMENTED,ROUTE_NO_EVALUABLE,DEPOSITO EN RICARDONE,2026-09-29T05:01:00,,2026-09-29T05:39:00,,,4,,,
c652c7a3-a6c,c652c7a3-a6c,1,2026-09-29T04:44:44.213-03:00,2026-09-29T06:17:28.749-03:00,93,CAMARA,CAMARA,CAMARA,CTG_10135342796,2026-09-29,AB263IX,SOJA,SOJA,VOLCABLE_PTO_3,VOLCABLE PTO 3,TERMINAL_EMBARQUE,INGRESO,I,2000655,000404069764,0000000000745,10135342796,VIC153813290926,30260,SOJA,VOLCABLE_PTO_3,SAN_LORENZO_VOLCABLE,R7,VOLCABLE_PTO_3,TERMINAL_EMBARQUE,EXCEL_PLATFORM_PRODUCT,EXTERNAL_MATCH_EXACT,ROUTE_NO_EVALUABLE,"FAZON 2026, FAZON 2026",2026-09-29T01:49:00,2026-09-29T04:48:00,2026-09-29T06:14:00,,,1,,,
84dd5507-082,84dd5507-082;d8d2dca6-37b;608ec2b4-185;3fe30f2e-218__cycle_1,4,2026-09-28T17:48:07.098-03:00,2026-09-29T10:28:45.050-03:00,1001,CAMARA,CAMARA,CAMARA,CTG_10235351972,2026-09-29,RAW481,SOJA,SOJA,SILO_CHIEF_2,SILO CHIEF 2,RICARDONE,EGRESO,E,95817,000301069889,0000300057787,10235351972,,30300,SOJA,SILO_CHIEF_2,,R29,SILO_CHIEF_2,RICARDONE,EXCEL_PLATFORM_PRODUCT,EXTERNAL_MATCH_FRAGMENTED,ROUTE_NO_EVALUABLE,DEPOSITO EN RICARDONE,2026-09-29T05:28:00,,2026-09-29T06:11:00,,,4,,,
8b815e3c-db8,8b815e3c-db8;8ec286e9-afb;78badfb7-7df;6f385737-783;615bbb3d-566,5,2026-09-28T20:20:39.371-03:00,2026-09-29T10:55:26.502-03:00,875,CAMARA,CAMARA,CAMARA,CTG_10235351993,2026-09-29,FDH917,SOJA,SOJA,SILO_CHIEF_2,SILO CHIEF 2,RICARDONE,EGRESO,E,95817,000301069890,0000300057788,10235351993,,29100,SOJA,SILO_CHIEF_2,,R29,SILO_CHIEF_2,RICARDONE,EXCEL_PLATFORM_PRODUCT,EXTERNAL_MATCH_FRAGMENTED,ROUTE_NO_EVALUABLE,DEPOSITO EN RICARDONE,2026-09-29T05:34:00,,2026-09-29T06:20:00,,,5,,,
d0de5f6c-117,d0de5f6c-117,1,2026-09-29T02:07:40.082-03:00,2026-09-29T06:38:16.088-03:00,271,CAMARA,CAMARA,CAMARA,CTG_10235347105,2026-09-29,AA957UO,SOJA,SOJA,VOLCABLE_PTO_4,VOLCABLE PTO 4,TERMINAL_EMBARQUE,INGRESO,I,2000655,000404069767,0000100005154,10235347105,VIC051050290926,30740,SOJA,VOLCABLE_PTO_4,SAN_LORENZO_VOLCABLE,R7,VOLCABLE_PTO_4,TERMINAL_EMBARQUE,EXCEL_PLATFORM_PRODUCT,EXTERNAL_MATCH_EXACT,ROUTE_NO_DISCHARGE_POINT,"FAZON 2026, FAZON 2026",2026-09-29T02:09:00,2026-09-29T04:49:00,2026-09-29T06:36:00,,,1,,,
c6b04149-d26,c6b04149-d26;b5156afe-0a0,2,2026-09-29T02:35:40.422-03:00,2026-09-29T06:40:41.306-03:00,245,CAMARA,CAMARA,CAMARA,CTG_10135351054,2026-09-29,AG607WK,SOJA,SOJA,VOLCABLE_PTO_4,VOLCABLE PTO 4,TERMINAL_EMBARQUE,INGRESO,I,2000655,000404069768,0000000000621,10135351054,VIC477846290926,32720,SOJA,VOLCABLE_PTO_4,SAN_LORENZO_VOLCABLE,R7,VOLCABLE_PTO_4,TERMINAL_EMBARQUE,EXCEL_PLATFORM_PRODUCT,EXTERNAL_MATCH_FRAGMENTED,ROUTE_NO_EVALUABLE,"FAZON 2026, FAZON 2026",2026-09-29T02:37:00,2026-09-29T04:53:00,2026-09-29T06:38:00,,,2,,,
c88bd745-262,c88bd745-262;be8b3e75-981,2,2026-09-29T02:47:57.264-03:00,2026-09-29T06:48:02.722-03:00,240,CAMARA,CAMARA,CAMARA,CTG_10235346901,2026-09-29,AF324EC,SOJA,SOJA,VOLCABLE_PTO_4,VOLCABLE PTO 4,TERMINAL_EMBARQUE,INGRESO,I,2000655,000404069769,0000100013522,10235346901,VIC454380290926,34080,SOJA,VOLCABLE_PTO_4,SAN_LORENZO_VOLCABLE,R7,VOLCABLE_PTO_4,TERMINAL_EMBARQUE,EXCEL_PLATFORM_PRODUCT,EXTERNAL_MATCH_FRAGMENTED,ROUTE_NO_EVALUABLE,"FAZON 2026, FAZON 2026",2026-09-29T02:49:00,2026-09-29T04:55:00,2026-09-29T06:42:00,,,2,,,
28a0366b-89e,28a0366b-89e;45301b38-fee,2,2026-09-29T02:50:33.273-03:00,2026-09-29T06:49:53.247-03:00,239,CAMARA,CAMARA,CAMARA,CTG_10235350538,2026-09-29,AE991LJ,SOJA,SOJA,VOLCABLE_PTO_4,VOLCABLE PTO 4,TERMINAL_EMBARQUE,INGRESO,I,2000652,000404069771,0000100001951,10235350538,VIC044204290926,34540,SOJA,VOLCABLE_PTO_4,SAN_LORENZO_VOLCABLE,R7,VOLCABLE_PTO_4,TERMINAL_EMBARQUE,EXCEL_PLATFORM_PRODUCT,EXTERNAL_MATCH_FRAGMENTED,ROUTE_NO_EVALUABLE,"FAZON 2026, FAZON 2026",2026-09-29T02:51:00,2026-09-29T04:56:00,2026-09-29T06:47:00,,,2,,,
bbe41cd7-62a,bbe41cd7-62a;5e3b77f2-8f5,2,2026-09-29T04:25:27.206-03:00,2026-09-29T06:57:40.634-03:00,152,CAMARA,CAMARA,CAMARA,CTG_10235347731,2026-09-29,AH553BW,SOJA,SOJA,VOLCABLE_PTO_3,VOLCABLE PTO 3,TERMINAL_EMBARQUE,INGRESO,I,2000655,000404069772,0000000008509,10235347731,VIC941345290926,35100,SOJA,VOLCABLE_PTO_3,SAN_LORENZO_VOLCABLE,R7,VOLCABLE_PTO_3,TERMINAL_EMBARQUE,EXCEL_PLATFORM_PRODUCT,EXTERNAL_MATCH_FRAGMENTED,ROUTE_NO_EVALUABLE,"FAZON 2026, FAZON 2026",2026-09-29T04:26:00,2026-09-29T04:57:00,2026-09-29T06:53:00,,,2,,,
90dcede7-30f,90dcede7-30f;04fce7bf-222__cycle_1;537da80a-f74;18391e51-92b;92b632a4-122,5,2026-09-28T13:11:00.507-03:00,2026-09-29T15:03:44.650-03:00,1553,CAMARA,CAMARA,CAMARA,COMPROB_000400422816,2026-09-29,AA703FC,TIERRA DESC FILTROS,TIERRA DESC FILTROS,,,TERMINAL_EMBARQUE,EGRESO,E,11046,000400422816,,0,,2580,TIERRA DESC FILTROS,,,,,TERMINAL_EMBARQUE,EXCEL_PLATFORM_PRODUCT,EXTERNAL_MATCH_FRAGMENTED,ROUTE_NO_EVALUABLE,,2026-09-28T18:27:00,,2026-09-29T07:23:00,,,5,,,
278ae6c8-141__cycle_1,278ae6c8-141__cycle_1,1,2026-09-28T20:03:23.948-03:00,2026-09-28T20:52:27.310-03:00,49,CAMARA,CAMARA,CAMARA,CTG_10235347685,2026-09-29,REL854,GIRASOL,GIRASOL,VOLCABLE_2,VOLCABLE 2,RICARDONE,INGRESO,I,2000640,000301464886,1658100004710,10235347685,VIC765078280926,27720,GIRASOL,VOLCABLE_2,VOLCABLE,R6,VOLCABLE_2,RICARDONE,EXCEL_PLATFORM_PRODUCT,EXTERNAL_MATCH_PROBABLE,ROUTE_NO_DISCHARGE_POINT,"FAZON 2026, FAZON 2026",2026-09-28T20:04:00,2026-09-28T20:39:00,2026-09-29T07:24:00,,,1,,,
df5f4e64-3b6,df5f4e64-3b6,1,2026-09-29T02:29:54.002-03:00,2026-09-29T07:32:44.928-03:00,303,CAMARA,CAMARA,CAMARA,CTG_10235339704,2026-09-29,SVB484,SOJA,SOJA,VOLCABLE_PTO_3,VOLCABLE PTO 3,TERMINAL_EMBARQUE,INGRESO,I,2000655,000404069773,0000100018436,10235339704,VIC405322290926,32020,SOJA,VOLCABLE_PTO_3,SAN_LORENZO_VOLCABLE,R7,VOLCABLE_PTO_3,TERMINAL_EMBARQUE,EXCEL_PLATFORM_PRODUCT,EXTERNAL_MATCH_EXACT,ROUTE_NO_EVALUABLE,"FAZON 2026, FAZON 2026",2026-09-29T02:31:00,2026-09-29T04:51:00,2026-09-29T07:28:00,,,1,,,
579108de-e84,579108de-e84;85549280-0d7;2636655b-20a;54e02073-67e;c35f74d8-609,5,2026-09-28T18:29:30.820-03:00,2026-09-29T12:57:45.456-03:00,1108,CAMARA,CAMARA,CAMARA,CTG_10235352165,2026-09-29,RGV982,SOJA,SOJA,SILO_CHIEF_2,SILO CHIEF 2,RICARDONE,EGRESO,E,95817,000301069891,0000300057789,10235352165,,26840,SOJA,SILO_CHIEF_2,,R29,SILO_CHIEF_2,RICARDONE,EXCEL_PLATFORM_PRODUCT,EXTERNAL_MATCH_FRAGMENTED,ROUTE_NO_EVALUABLE,DEPOSITO EN RICARDONE,2026-09-29T05:35:00,,2026-09-29T06:28:00,,,5,,,
74fada6c-30f,74fada6c-30f;342014f6-c72;3a36b088-9c9;9215a637-ccd,4,2026-09-28T17:23:36.031-03:00,2026-09-29T12:24:03.380-03:00,1140,CAMARA,CAMARA,CAMARA,CTG_10235352173,2026-09-29,VJG112,SOJA,SOJA,SILO_CHIEF_2,SILO CHIEF 2,RICARDONE,EGRESO,E,95817,000301069892,0000300057790,10235352173,,29120,SOJA,SILO_CHIEF_2,,R29,SILO_CHIEF_2,RICARDONE,EXCEL_PLATFORM_PRODUCT,EXTERNAL_MATCH_FRAGMENTED,ROUTE_NO_EVALUABLE,DEPOSITO EN RICARDONE,2026-09-29T05:25:00,,2026-09-29T06:27:00,,,4,,,
cdbcf8b4-1de,cdbcf8b4-1de;1a8dcfeb-3ed;70d64c06-53d;a665c6e4-3f2;e166358b-c92;d041113c-fbf;fd30f10c-ce3,7,2026-09-28T22:35:27.367-03:00,2026-09-29T13:00:10.274-03:00,865,CAMARA,CAMARA,CAMARA,CTG_10235352187,2026-09-29,TAC436,SOJA,SOJA,SILO_CHIEF_2,SILO CHIEF 2,RICARDONE,EGRESO,E,95817,000301069894,0000300057791,10235352187,,29200,SOJA,SILO_CHIEF_2,,R29,SILO_CHIEF_2,RICARDONE,EXCEL_PLATFORM_PRODUCT,EXTERNAL_MATCH_FRAGMENTED,ROUTE_NO_EVALUABLE,DEPOSITO EN RICARDONE,2026-09-29T05:45:00,,2026-09-29T07:28:00,,,7,,,
cb313ff7-3e5,cb313ff7-3e5;78dfaa4a-97d;c23b78a9-fba;e4f62fa2-21e;302b0f1c-588;87b6d67f-137;bbf1dd99-24e;b465a8ea-823,8,2026-09-28T21:23:22.252-03:00,2026-09-29T12:46:39.580-03:00,923,CAMARA,CAMARA,CAMARA,CTG_10235352194,2026-09-29,EEW075,SOJA,SOJA,SILO_CHIEF_2,SILO CHIEF 2,RICARDONE,EGRESO,E,95817,000301069895,0000300057792,10235352194,,27680,SOJA,SILO_CHIEF_2,,R29,SILO_CHIEF_2,RICARDONE,EXCEL_PLATFORM_PRODUCT,EXTERNAL_MATCH_FRAGMENTED,ROUTE_NO_EVALUABLE,DEPOSITO EN RICARDONE,2026-09-29T05:37:00,,2026-09-29T07:23:00,,,8,,,
ebdc7111-fdb__cycle_2,ebdc7111-fdb__cycle_2;51164d43-c7c__cycle_1,2,2026-09-29T07:35:55.568-03:00,2026-09-29T08:43:11.162-03:00,67,CAMARA,CAMARA,CAMARA,CTG_10235352213,2026-09-29,UWX998,SOJA,SOJA,SILO_CHIEF_2,SILO CHIEF 2,RICARDONE,EGRESO,E,95817,000301069896,0000300057793,10235352213,,28020,SOJA,SILO_CHIEF_2,,R29,SILO_CHIEF_2,RICARDONE,EXCEL_PLATFORM_PRODUCT,EXTERNAL_MATCH_FRAGMENTED,ROUTE_NO_EVALUABLE,DEPOSITO EN RICARDONE,2026-09-29T05:55:00,,2026-09-29T07:37:00,,,2,,,
d915eb89-dd6,d915eb89-dd6;ac2fa249-ef9;879ae113-6dd;e6b47b44-7b6;5bf30ddb-056;e6f5e517-10b,6,2026-09-28T22:43:15.574-03:00,2026-09-29T09:46:06.706-03:00,663,CAMARA,CAMARA,CAMARA,CTG_10235352324,2026-09-29,RXV065,SOJA,SOJA,SILO_CHIEF_2,SILO CHIEF 2,RICARDONE,EGRESO,E,95817,000301069897,0000300057794,10235352324,,28620,SOJA,SILO_CHIEF_2,,R29,SILO_CHIEF_2,RICARDONE,EXCEL_PLATFORM_PRODUCT,EXTERNAL_MATCH_FRAGMENTED,ROUTE_NO_EVALUABLE,DEPOSITO EN RICARDONE,2026-09-29T06:02:00,,2026-09-29T07:46:00,,,6,,,
eb12d7e7-d87,eb12d7e7-d87,1,2026-09-29T05:08:08.437-03:00,2026-09-29T08:02:53.091-03:00,175,CAMARA,CAMARA,CAMARA,COMPROB_000400422817,2026-09-29,OFG785,ACEITE GIRASOL REFINADO,ACEITE GIRASOL REFINADO,ACEITE_OSL,ACEITE OSL,TERMINAL_EMBARQUE,EGRESO,E,11526,000400422817,,0,,27980,ACEITE GIRASOL REFINADO,ACEITE_OSL,LIQUIDO,SL1,ACEITE_OSL,TERMINAL_EMBARQUE,EXCEL_PLATFORM_PRODUCT,EXTERNAL_MATCH_EXACT,ROUTE_NO_EVALUABLE,FAZON RENOVA/BUNGE,2026-09-29T05:09:00,,2026-09-29T08:01:00,,,1,,,
9a94f47b-3ec,9a94f47b-3ec;5a1402ae-a21;82059bab-133;025e8d08-906;f2a475eb-645;525f7b82-c93,6,2026-09-28T23:15:44.208-03:00,2026-09-29T12:52:02.518-03:00,816,CAMARA,CAMARA,CAMARA,CTG_10235352379,2026-09-29,BVS300,SOJA,SOJA,SILO_CHIEF_2,SILO CHIEF 2,RICARDONE,EGRESO,E,95817,000301069898,0000300057795,10235352379,,30200,SOJA,SILO_CHIEF_2,,R29,SILO_CHIEF_2,RICARDONE,EXCEL_PLATFORM_PRODUCT,EXTERNAL_MATCH_FRAGMENTED,ROUTE_NO_EVALUABLE,DEPOSITO EN RICARDONE,2026-09-29T06:03:00,,2026-09-29T07:55:00,,,6,,,
dabfa15e-3fe,dabfa15e-3fe;87e62e9b-eba;59aa9757-ec9;04d99e8c-8b9;e2d3a602-83e,5,2026-09-29T06:06:09.239-03:00,2026-09-29T13:50:07.312-03:00,464,CAMARA,CAMARA,CAMARA,CTG_10235352447,2026-09-29,CGS172,SOJA,SOJA,SILO_CHIEF_2,SILO CHIEF 2,RICARDONE,EGRESO,E,95817,000301069899,0000300057796,10235352447,,28660,SOJA,SILO_CHIEF_2,,R29,SILO_CHIEF_2,RICARDONE,EXCEL_PLATFORM_PRODUCT,EXTERNAL_MATCH_FRAGMENTED,ROUTE_NO_EVALUABLE,DEPOSITO EN RICARDONE,2026-09-29T06:07:00,,2026-09-29T08:05:00,,,5,,,
bcca7d20-487,bcca7d20-487;176b2e75-860;076f159b-c74;c78b23b6-aa6;52e3e4c3-dbf,5,2026-09-28T20:12:13.579-03:00,2026-09-29T12:27:09.232-03:00,975,CAMARA,CAMARA,CAMARA,CTG_10235352857,2026-09-29,EBO971,SOJA,SOJA,SILO_CHIEF_2,SILO CHIEF 2,RICARDONE,EGRESO,E,95817,000301069902,0000300057797,10235352857,,28060,SOJA,SILO_CHIEF_2,,R29,SILO_CHIEF_2,RICARDONE,EXCEL_PLATFORM_PRODUCT,EXTERNAL_MATCH_FRAGMENTED,ROUTE_NO_EVALUABLE,DEPOSITO EN RICARDONE,2026-09-29T06:13:00,,2026-09-29T08:18:00,,,5,,,
064b7b09-244,064b7b09-244,1,2026-09-29T07:53:16.358-03:00,2026-09-29T08:43:34.931-03:00,50,CAMARA,CAMARA,CAMARA,COMPROB_000400422820,2026-09-29,AGR963,ACEITE GIRASOL REFINADO,ACEITE GIRASOL REFINADO,ACEITE_OSL,ACEITE OSL,TERMINAL_EMBARQUE,EGRESO,E,11526,000400422820,,0,,28060,ACEITE GIRASOL REFINADO,ACEITE_OSL,LIQUIDO,SL1,ACEITE_OSL,TERMINAL_EMBARQUE,EXCEL_PLATFORM_PRODUCT,EXTERNAL_MATCH_EXACT,ROUTE_NO_EVALUABLE,FAZON RENOVA/BUNGE,2026-09-29T05:39:00,,2026-09-29T08:42:00,,,1,,,
7dc39414-a43,7dc39414-a43;1eca20bf-0c1;0c0a0571-949;95fb9a86-1d4;6a16d037-d8d;8c714f69-866;95889a67-66d,7,2026-09-28T23:06:48.856-03:00,2026-09-29T12:28:47.797-03:00,802,CAMARA,CAMARA,CAMARA,CTG_10235353103,2026-09-29,EYH843,SOJA,SOJA,SILO_CHIEF_2,SILO CHIEF 2,RICARDONE,EGRESO,E,95817,000301069903,0000300057798,10235353103,,29060,SOJA,SILO_CHIEF_2,,R29,SILO_CHIEF_2,RICARDONE,EXCEL_PLATFORM_PRODUCT,EXTERNAL_MATCH_FRAGMENTED,ROUTE_NO_EVALUABLE,DEPOSITO EN RICARDONE,2026-09-29T06:30:00,,2026-09-29T08:36:00,,,7,,,
bd3ce1bb-5b5,bd3ce1bb-5b5;67e3ccb3-2d5;753d2896-187;ac7bf7f8-17c;7d32976a-055,5,2026-09-28T23:15:25.264-03:00,2026-09-29T12:33:09.412-03:00,798,CAMARA,CAMARA,CAMARA,CTG_10235353125,2026-09-29,TVH101,SOJA,SOJA,SILO_CHIEF_2,SILO CHIEF 2,RICARDONE,EGRESO,E,95817,000301069904,0000300057799,10235353125,,27900,SOJA,SILO_CHIEF_2,,R29,SILO_CHIEF_2,RICARDONE,EXCEL_PLATFORM_PRODUCT,EXTERNAL_MATCH_FRAGMENTED,ROUTE_NO_EVALUABLE,DEPOSITO EN RICARDONE,2026-09-29T06:27:00,,2026-09-29T08:30:00,,,5,,,
a5a3aa5a-d6a__cycle_1,a5a3aa5a-d6a__cycle_1;a5a3aa5a-d6a__cycle_2,2,2026-09-28T20:28:15.397-03:00,2026-09-29T08:45:28.133-03:00,737,CAMARA,CAMARA,CAMARA,CTG_10235350233,2026-09-29,BJL896,GIRASOL,GIRASOL,VOLCABLE_2,VOLCABLE 2,RICARDONE,INGRESO,I,2000640,000301464890,1658100004712,10235350233,VIC856960280926,28220,GIRASOL,VOLCABLE_2,VOLCABLE,R6,VOLCABLE_2,RICARDONE,EXCEL_PLATFORM_PRODUCT,EXTERNAL_MATCH_FRAGMENTED,ROUTE_NO_EVALUABLE,"FAZON 2026, FAZON 2026",2026-09-28T20:29:00,2026-09-28T22:12:00,2026-09-29T08:46:00,,,2,,,
e54db273-1e8,e54db273-1e8;bcb80b0d-cd4;395a4740-cf5,3,2026-09-28T14:56:56.737-03:00,2026-09-29T15:16:40.880-03:00,1460,CAMARA,CAMARA,CAMARA,COMPROB_009702023087,2026-09-29,LGZ704,ACEITE GIRASOL REFINADO,ACEITE GIRASOL REFINADO,,,RENOPACK,INGRESO,I,50042,009702023087,0000500066545,0,,27980,ACEITE GIRASOL REFINADO,,LIQUIDO,,,RENOPACK,EXCEL_PLATFORM_PRODUCT,EXTERNAL_MATCH_FRAGMENTED,ROUTE_NO_EVALUABLE,"RECIBOS ACEITE REFINADO GIRASOL COMMODITIES, RECIBOS ACEITE REFINADO GIRASOL COMMODITIES",2026-09-28T21:31:00,,2026-09-29T08:51:00,,,3,,,
094652ee-b7f,094652ee-b7f;7d16a20b-153;7f428767-2c0;ba901020-2ad;34ff92ce-35e;7a99cc47-1d7;259183ee-168;a1ec9100-d09,8,2026-09-28T22:52:59.766-03:00,2026-09-29T14:48:18.760-03:00,955,CAMARA,CAMARA,CAMARA,CTG_10235353300,2026-09-29,EVL273,SOJA,SOJA,SILO_CHIEF_2,SILO CHIEF 2,RICARDONE,EGRESO,E,95817,000301069905,0000300057800,10235353300,,27640,SOJA,SILO_CHIEF_2,,R29,SILO_CHIEF_2,RICARDONE,EXCEL_PLATFORM_PRODUCT,EXTERNAL_MATCH_FRAGMENTED,ROUTE_NO_EVALUABLE,DEPOSITO EN RICARDONE,2026-09-29T06:27:00,,2026-09-29T08:34:00,,,8,,,
ae3300e9-a98,ae3300e9-a98;2b5cfb3d-e2a,2,2026-09-28T15:37:09.440-03:00,2026-09-29T12:49:36.396-03:00,1272,CAMARA,CAMARA,CAMARA,COMPROB_009702023088,2026-09-29,MWH059,ACEITE GIRASOL REFINADO,ACEITE GIRASOL REFINADO,,,RENOPACK,INGRESO,I,50042,009702023088,0000500066547,0,,28060,ACEITE GIRASOL REFINADO,,LIQUIDO,,,RENOPACK,EXCEL_PLATFORM_PRODUCT,EXTERNAL_MATCH_FRAGMENTED,ROUTE_NO_EVALUABLE,"RECIBOS ACEITE REFINADO GIRASOL COMMODITIES, RECIBOS ACEITE REFINADO GIRASOL COMMODITIES",2026-09-28T21:50:00,,2026-09-29T08:53:00,,,2,,,
45eca2e5-79c,45eca2e5-79c;6f129beb-1f6,2,2026-09-29T07:17:45.111-03:00,2026-09-29T10:45:55.714-03:00,208,CAMARA,CAMARA,CAMARA,CTG_10235353476,2026-09-29,RNM392,SOJA,SOJA,SILO_CHIEF_2,SILO CHIEF 2,RICARDONE,EGRESO,E,95817,000301069906,0000300057801,10235353476,,31180,SOJA,SILO_CHIEF_2,,R29,SILO_CHIEF_2,RICARDONE,EXCEL_PLATFORM_PRODUCT,EXTERNAL_MATCH_FRAGMENTED,ROUTE_NO_EVALUABLE,DEPOSITO EN RICARDONE,2026-09-29T07:18:00,,2026-09-29T08:45:00,,,2,,,
53cb6047-d69,53cb6047-d69;14a5a308-459;fada12d7-75a,3,2026-09-29T07:39:30.544-03:00,2026-09-29T14:31:13.950-03:00,412,CAMARA,CAMARA,CAMARA,COMPROB_000400422821,2026-09-29,EPH797,SAL GLICERINOSA,SAL GLICERINOSA,,,TERMINAL_EMBARQUE,EGRESO,E,11031,000400422821,,0,,2240,SAL GLICERINOSA,,,,,TERMINAL_EMBARQUE,EXCEL_PLATFORM_PRODUCT,EXTERNAL_MATCH_FRAGMENTED,ROUTE_NO_EVALUABLE,,2026-09-29T08:35:00,,2026-09-29T09:02:00,,,3,,,
bfb7ecaa-680,bfb7ecaa-680,1,2026-09-29T07:47:48.016-03:00,2026-09-29T13:32:03.278-03:00,344,CAMARA,CAMARA,CAMARA,COMPROB_000400422822,2026-09-29,GGO842,GLICERINA REFINADA,GLICERINA REFINADA,,,TERMINAL_EMBARQUE,EGRESO,E,10968,000400422822,,0,,23500,GLICERINA REFINADA,,LIQUIDO,R8,,TERMINAL_EMBARQUE,EXCEL_PLATFORM_PRODUCT,EXTERNAL_MATCH_EXACT,ROUTE_NO_EVALUABLE,DIRECTO DE RENOVA,2026-09-28T18:22:00,,2026-09-29T09:09:00,,,1,,,
c53dca80-121,c53dca80-121,1,2026-09-29T08:32:32.420-03:00,2026-09-29T09:12:14.134-03:00,40,CAMARA,CAMARA,CAMARA,COMPROB_000400422823,2026-09-29,HAQ820,ACEITE GIRASOL REFINADO,ACEITE GIRASOL REFINADO,ACEITE_OSL,ACEITE OSL,TERMINAL_EMBARQUE,EGRESO,E,11526,000400422823,,0,,27280,ACEITE GIRASOL REFINADO,ACEITE_OSL,LIQUIDO,SL1,ACEITE_OSL,TERMINAL_EMBARQUE,EXCEL_PLATFORM_PRODUCT,EXTERNAL_MATCH_EXACT,ROUTE_NO_EVALUABLE,FAZON RENOVA/BUNGE,2026-09-29T06:22:00,,2026-09-29T09:11:00,,,1,,,
09a86331-0d8,09a86331-0d8;80c3e4cd-3f0;51d0b807-a81,3,2026-09-29T00:50:37.684-03:00,2026-09-29T15:23:03.513-03:00,872,CAMARA,CAMARA,CAMARA,COMPROB_000404069780,2026-09-29,CMF111,AGUA INDUSTRIAL,AGUA INDUSTRIAL,ACEITE_OSL,ACEITE OSL,TERMINAL_EMBARQUE,INGRESO,I,11529,000404069780,0001100019275,0,,26940,AGUA INDUSTRIAL,ACEITE_OSL,LIQUIDO,SL1,ACEITE_OSL,TERMINAL_EMBARQUE,EXCEL_PLATFORM_PRODUCT,EXTERNAL_MATCH_FRAGMENTED,ROUTE_NO_EVALUABLE,,2026-09-29T07:39:00,,2026-09-29T09:12:00,,,3,,,
537da80a-f74,537da80a-f74;18391e51-92b;92b632a4-122,3,2026-09-29T08:36:28.026-03:00,2026-09-29T15:03:44.650-03:00,387,CAMARA,CAMARA,CAMARA,COMPROB_000400422824,2026-09-29,AA703FC,TIERRA DESC FILTROS,TIERRA DESC FILTROS,,,TERMINAL_EMBARQUE,EGRESO,E,11046,000400422824,,0,,1680,TIERRA DESC FILTROS,,,,,TERMINAL_EMBARQUE,EXCEL_PLATFORM_PRODUCT,EXTERNAL_MATCH_FRAGMENTED,ROUTE_NO_EVALUABLE,,2026-09-29T08:39:00,,2026-09-29T09:14:00,,,3,,,
91ae0478-fe0__cycle_2,91ae0478-fe0__cycle_2;1189d0c5-9a9;25dd09d6-6f0,3,2026-09-29T04:41:41.501-03:00,2026-09-29T12:27:48.434-03:00,466,CAMARA,CAMARA,CAMARA,CTG_10235353927,2026-09-29,CIE516,SOJA,SOJA,SILO_CHIEF_2,SILO CHIEF 2,RICARDONE,EGRESO,E,95817,000301069907,0000300057802,10235353927,,29280,SOJA,SILO_CHIEF_2,,R29,SILO_CHIEF_2,RICARDONE,EXCEL_PLATFORM_PRODUCT,EXTERNAL_MATCH_FRAGMENTED,ROUTE_NO_EVALUABLE,DEPOSITO EN RICARDONE,2026-09-29T07:23:00,,2026-09-29T08:56:00,,,3,,,
5c7143b8-21f__cycle_1,5c7143b8-21f__cycle_1;5c7143b8-21f__cycle_2,2,2026-09-28T20:54:27.889-03:00,2026-09-29T09:19:46.331-03:00,745,CAMARA,CAMARA,CAMARA,CTG_10235350275,2026-09-29,ELU844,GIRASOL,GIRASOL,VOLCABLE_2,VOLCABLE 2,RICARDONE,INGRESO,I,2000640,000301464891,1658100004713,10235350275,VIC870168280926,30040,GIRASOL,VOLCABLE_2,VOLCABLE,R6,VOLCABLE_2,RICARDONE,EXCEL_PLATFORM_PRODUCT,EXTERNAL_MATCH_FRAGMENTED,ROUTE_NO_EVALUABLE,"FAZON 2026, FAZON 2026",2026-09-28T20:55:00,2026-09-28T22:14:00,2026-09-29T09:21:00,,,2,,,
5f050894-fac__cycle_2,5f050894-fac__cycle_2;bc8e0eb8-c3e;90ef487a-d17,3,2026-09-29T07:42:12.634-03:00,2026-09-29T12:22:59.776-03:00,281,CAMARA,CAMARA,CAMARA,CTG_10235354091,2026-09-29,RDL445,SOJA,SOJA,SILO_CHIEF_2,SILO CHIEF 2,RICARDONE,EGRESO,E,95817,000301069908,0000300057803,10235354091,,29540,SOJA,SILO_CHIEF_2,,R29,SILO_CHIEF_2,RICARDONE,EXCEL_PLATFORM_PRODUCT,EXTERNAL_MATCH_FRAGMENTED,ROUTE_NO_EVALUABLE,DEPOSITO EN RICARDONE,2026-09-29T07:43:00,,2026-09-29T09:16:00,,,3,,,
19d6bc0a-5d7__cycle_2,19d6bc0a-5d7__cycle_2;55fa5054-0b1,2,2026-09-29T08:05:36.477-03:00,2026-09-29T14:20:29.853-03:00,375,CAMARA,CAMARA,CAMARA,COMPROB_000400422825,2026-09-29,EAO104,ACEITE GIRASOL REFINADO,ACEITE GIRASOL REFINADO,ACEITE_OSL,ACEITE OSL,TERMINAL_EMBARQUE,EGRESO,E,11678,000400422825,,0,,28720,ACEITE GIRASOL REFINADO,ACEITE_OSL,LIQUIDO,SL1,ACEITE_OSL,TERMINAL_EMBARQUE,EXCEL_PLATFORM_PRODUCT,EXTERNAL_MATCH_FRAGMENTED,ROUTE_NO_EVALUABLE,,2026-09-29T08:06:00,,2026-09-29T09:40:00,,,2,,,
84dd5507-082,84dd5507-082;d8d2dca6-37b;608ec2b4-185;3fe30f2e-218__cycle_1,4,2026-09-28T17:48:07.098-03:00,2026-09-29T10:28:45.050-03:00,1001,CAMARA,CAMARA,CAMARA,CTG_10235354632,2026-09-29,RAW481,SOJA,SOJA,SILO_CHIEF_2,SILO CHIEF 2,RICARDONE,EGRESO,E,95817,000301069909,0000300057804,10235354632,,29960,SOJA,SILO_CHIEF_2,,R29,SILO_CHIEF_2,RICARDONE,EXCEL_PLATFORM_PRODUCT,EXTERNAL_MATCH_FRAGMENTED,ROUTE_NO_EVALUABLE,DEPOSITO EN RICARDONE,2026-09-29T07:54:00,,2026-09-29T09:28:00,,,4,,,
8ec286e9-afb,8ec286e9-afb;78badfb7-7df;6f385737-783;615bbb3d-566,4,2026-09-29T01:22:23.274-03:00,2026-09-29T10:55:26.502-03:00,573,CAMARA,CAMARA,CAMARA,CTG_10235354744,2026-09-29,FDH917,SOJA,SOJA,SILO_CHIEF_2,SILO CHIEF 2,RICARDONE,EGRESO,E,95817,000301069910,0000300057805,10235354744,,29620,SOJA,SILO_CHIEF_2,,R29,SILO_CHIEF_2,RICARDONE,EXCEL_PLATFORM_PRODUCT,EXTERNAL_MATCH_FRAGMENTED,ROUTE_NO_EVALUABLE,DEPOSITO EN RICARDONE,2026-09-29T07:55:00,,2026-09-29T09:39:00,,,4,,,
5c5a4ca4-e0a__cycle_2,5c5a4ca4-e0a__cycle_2;829c3a9a-2db;2dff42df-978,3,2026-09-29T09:11:31.632-03:00,2026-09-29T17:06:45.698-03:00,475,CAMARA,CAMARA,CAMARA,CTG_30035351814,2026-09-29,FAZ585,ACEITE GIRASOL PARA REFINAR,ACEITE GIRASOL PARA REFINAR,ACEITE_PTO,ACEITE PTO,TERMINAL_EMBARQUE,INGRESO,I,11525,000404069786,0130000043579,30035351814,,29040,ACEITE GIRASOL PARA REFINAR,ACEITE_PTO,LIQUIDO,SL2,ACEITE_PTO,TERMINAL_EMBARQUE,EXCEL_PLATFORM_PRODUCT,EXTERNAL_MATCH_FRAGMENTED,ROUTE_NO_EVALUABLE,"FAZON RENOVA/BUNGE, FAZON RENOVA/BUNGE",2026-09-29T01:04:00,2026-09-29T01:13:00,2026-09-29T09:50:00,,,3,,,
a8d23901-e5f,a8d23901-e5f;34481f11-90c,2,2026-09-29T08:29:32.400-03:00,2026-09-29T11:51:17.332-03:00,202,CAMARA,CAMARA,CAMARA,CTG_10235354898,2026-09-29,BWV144,SOJA,SOJA,SILO_CHIEF_2,SILO CHIEF 2,RICARDONE,EGRESO,E,95817,000301069911,0000300057806,10235354898,,29500,SOJA,SILO_CHIEF_2,,R29,SILO_CHIEF_2,RICARDONE,EXCEL_PLATFORM_PRODUCT,EXTERNAL_MATCH_FRAGMENTED,ROUTE_NO_EVALUABLE,DEPOSITO EN RICARDONE,2026-09-29T08:30:00,,2026-09-29T09:46:00,,,2,,,
73a977af-163,73a977af-163,1,2026-09-29T07:48:39.776-03:00,2026-09-29T13:32:34.971-03:00,344,CAMARA,CAMARA,CAMARA,COMPROB_000400422826,2026-09-29,APU363,GLICERINA REFINADA,GLICERINA REFINADA,,,TERMINAL_EMBARQUE,EGRESO,E,10968,000400422826,,0,,23500,GLICERINA REFINADA,,LIQUIDO,R8,,TERMINAL_EMBARQUE,EXCEL_PLATFORM_PRODUCT,EXTERNAL_MATCH_EXACT,ROUTE_NO_EVALUABLE,DIRECTO DE RENOVA,2026-09-28T17:11:00,,2026-09-29T10:00:00,,,1,,,
325e5a0e-7d1,325e5a0e-7d1;7c0ad0b1-687,2,2026-09-29T08:10:05.851-03:00,2026-09-29T14:52:11.453-03:00,402,CAMARA,CAMARA,CAMARA,COMPROB_000400422827,2026-09-29,AB675DP,RESIDUOS ORG,RESIDUOS ORG.,,,TERMINAL_EMBARQUE,EGRESO,E,11003,000400422827,,0,,25720,RESIDUOS ORG,,,,,TERMINAL_EMBARQUE,EXCEL_PLATFORM_PRODUCT,EXTERNAL_MATCH_FRAGMENTED,ROUTE_NO_EVALUABLE,"SANEAMIENTO DE TORRES DE ENFRIAMIENTO + CLARIFICADORA , DESPACHO RESIDUOS ORGANICOS FUERA DE PLANTA:DF, SANEAMIENTO DE TORRES DE ENFRIAMIENTO + CLARIFICADORA",2026-09-29T08:18:00,,2026-09-29T10:05:00,,,2,,,
a976b926-3a8__cycle_2,a976b926-3a8__cycle_2;1defc6a6-3ef;fb55bc32-954,3,2026-09-29T05:00:15.966-03:00,2026-09-29T12:37:41.525-03:00,457,CAMARA,CAMARA,CAMARA,CTG_10235355348,2026-09-29,UUL425,SOJA,SOJA,SILO_CHIEF_2,SILO CHIEF 2,RICARDONE,EGRESO,E,95817,000301069912,0000300057807,10235355348,,30160,SOJA,SILO_CHIEF_2,,R29,SILO_CHIEF_2,RICARDONE,EXCEL_PLATFORM_PRODUCT,EXTERNAL_MATCH_FRAGMENTED,ROUTE_NO_EVALUABLE,DEPOSITO EN RICARDONE,2026-09-29T08:42:00,,2026-09-29T09:57:00,,,3,,,
eb7ef42d-583__cycle_1,eb7ef42d-583__cycle_1;eb7ef42d-583__cycle_2,2,2026-09-28T20:56:07.895-03:00,2026-09-29T10:09:59.707-03:00,794,CAMARA,CAMARA,CAMARA,CTG_10235350307,2026-09-29,MQV609,GIRASOL,GIRASOL,VOLCABLE_2,VOLCABLE 2,RICARDONE,INGRESO,I,2000640,000301464892,1658100004714,10235350307,VIC880729280926,28500,GIRASOL,VOLCABLE_2,VOLCABLE,R6,VOLCABLE_2,RICARDONE,EXCEL_PLATFORM_PRODUCT,EXTERNAL_MATCH_FRAGMENTED,ROUTE_NO_EVALUABLE,"FAZON 2026, FAZON 2026",2026-09-28T20:57:00,2026-09-28T22:15:00,2026-09-29T10:11:00,,,2,,,
24dfc03f-bfb,24dfc03f-bfb;1d6f8d1f-bac,2,2026-09-29T06:12:55.263-03:00,2026-09-29T10:17:19.188-03:00,244,CAMARA,CAMARA,CAMARA,CTG_10235344500,2026-09-29,ERH744,SOJA,SOJA,VOLCABLE_PTO_5,VOLCABLE PTO 5,TERMINAL_EMBARQUE,INGRESO,I,2000655,000404069789,0000000006039,10235344500,VIC102813290926,31720,SOJA,VOLCABLE_PTO_5,SAN_LORENZO_VOLCABLE,R7,VOLCABLE_PTO_5,TERMINAL_EMBARQUE,EXCEL_PLATFORM_PRODUCT,EXTERNAL_MATCH_FRAGMENTED,ROUTE_NO_EVALUABLE,"FAZON 2026, FAZON 2026",2026-09-29T06:14:00,2026-09-29T08:22:00,2026-09-29T10:14:00,,,2,,,
1011d9c8-556,1011d9c8-556;298a85cf-cb8,2,2026-09-29T06:11:05.176-03:00,2026-09-29T10:23:52.985-03:00,253,CAMARA,CAMARA,CAMARA,CTG_10135347409,2026-09-29,AI381IS,SOJA,SOJA,VOLCABLE_PTO_5,VOLCABLE PTO 5,TERMINAL_EMBARQUE,INGRESO,I,2000655,000404069790,0000000000922,10135347409,VIC913673290926,33780,SOJA,VOLCABLE_PTO_5,SAN_LORENZO_VOLCABLE,R7,VOLCABLE_PTO_5,TERMINAL_EMBARQUE,EXCEL_PLATFORM_PRODUCT,EXTERNAL_MATCH_FRAGMENTED,ROUTE_NO_EVALUABLE,"FAZON 2026, FAZON 2026",2026-09-29T06:12:00,2026-09-29T08:20:00,2026-09-29T10:16:00,,,2,,,
b1e8961f-76b,b1e8961f-76b;41685a89-5e4;34d71dba-fbd;011498c2-992;4c946078-1c5,5,2026-09-28T23:12:18.876-03:00,2026-09-29T14:00:28.240-03:00,888,CAMARA,CAMARA,CAMARA,CTG_10235355909,2026-09-29,SAT582,SOJA,SOJA,SILO_CHIEF_2,SILO CHIEF 2,RICARDONE,EGRESO,E,95817,000301069913,0000300057808,10235355909,,31540,SOJA,SILO_CHIEF_2,,R29,SILO_CHIEF_2,RICARDONE,EXCEL_PLATFORM_PRODUCT,EXTERNAL_MATCH_FRAGMENTED,ROUTE_NO_EVALUABLE,DEPOSITO EN RICARDONE,2026-09-29T07:16:00,,2026-09-29T10:14:00,,,5,,,
8541ffbd-0fb,8541ffbd-0fb,1,2026-09-29T07:03:03.097-03:00,2026-09-29T10:36:10.720-03:00,213,CAMARA,CAMARA,CAMARA,COMPROB_000400422828,2026-09-29,KOQ228,ACEITE GIRASOL REFINADO,ACEITE GIRASOL REFINADO,ACEITE_OSL,ACEITE OSL,TERMINAL_EMBARQUE,EGRESO,E,11526,000400422828,,0,,27960,ACEITE GIRASOL REFINADO,ACEITE_OSL,LIQUIDO,SL1,ACEITE_OSL,TERMINAL_EMBARQUE,EXCEL_PLATFORM_PRODUCT,EXTERNAL_MATCH_EXACT,ROUTE_NO_EVALUABLE,FAZON RENOVA/BUNGE,2026-09-29T07:04:00,,2026-09-29T10:34:00,,,1,,,
6ca0bf9c-a5a,6ca0bf9c-a5a;7c772c22-603,2,2026-09-29T07:29:16.189-03:00,2026-09-29T13:33:03.302-03:00,364,CAMARA,CAMARA,CAMARA,COMPROB_000400422829,2026-09-29,AH559VY,GLICERINA REFINADA,GLICERINA REFINADA,,,TERMINAL_EMBARQUE,EGRESO,E,10968,000400422829,,0,,23500,GLICERINA REFINADA,,LIQUIDO,R8,,TERMINAL_EMBARQUE,EXCEL_PLATFORM_PRODUCT,EXTERNAL_MATCH_FRAGMENTED,ROUTE_NO_EVALUABLE,DIRECTO DE RENOVA,2026-09-29T07:31:00,,2026-09-29T10:39:00,,,2,,,
01c3515d-dad,01c3515d-dad;42f7b3f5-283__cycle_2;e7bd57f4-a20,3,2026-09-29T01:06:22.659-03:00,2026-09-29T23:12:17.864-03:00,1326,CAMARA,CAMARA,CAMARA,CTG_30035351796,2026-09-29,CNG506,ACEITE GIRASOL PARA REFINAR,ACEITE GIRASOL PARA REFINAR,ACEITE_PTO,ACEITE PTO,TERMINAL_EMBARQUE,INGRESO,I,11525,000404069799,0130000043578,30035351796,,29460,ACEITE GIRASOL PARA REFINAR,ACEITE_PTO,LIQUIDO,SL2,ACEITE_PTO,TERMINAL_EMBARQUE,EXCEL_PLATFORM_PRODUCT,EXTERNAL_MATCH_FRAGMENTED,ROUTE_NO_EVALUABLE,"FAZON RENOVA/BUNGE, FAZON RENOVA/BUNGE",2026-09-29T01:07:00,2026-09-29T01:16:00,2026-09-29T10:49:00,,,3,,,
45c86646-d0c__cycle_1,45c86646-d0c__cycle_1,1,2026-09-28T21:11:24.690-03:00,2026-09-28T22:26:39.222-03:00,75,CAMARA,CAMARA,CAMARA,CTG_10235350485,2026-09-29,BZT609,GIRASOL,GIRASOL,VOLCABLE_2,VOLCABLE 2,RICARDONE,INGRESO,I,2000640,000301464893,1658100004715,10235350485,VIC892789280926,29180,GIRASOL,VOLCABLE_2,VOLCABLE,R6,VOLCABLE_2,RICARDONE,EXCEL_PLATFORM_PRODUCT,EXTERNAL_MATCH_PROBABLE,ROUTE_NO_DISCHARGE_POINT,"FAZON 2026, FAZON 2026",2026-09-28T21:13:00,2026-09-28T22:18:00,2026-09-29T10:50:00,,,1,,,
302d5ffa-90b,302d5ffa-90b,1,2026-09-29T08:21:40.850-03:00,2026-09-29T12:07:09.873-03:00,225,CAMARA,CAMARA,CAMARA,CTG_10235356956,2026-09-29,BHL749,SOJA,SOJA,SILO_CHIEF_2,SILO CHIEF 2,RICARDONE,EGRESO,E,95817,000301069914,0000300057809,10235356956,,29660,SOJA,SILO_CHIEF_2,,R29,SILO_CHIEF_2,RICARDONE,EXCEL_PLATFORM_PRODUCT,EXTERNAL_MATCH_EXACT,ROUTE_NO_DISCHARGE_POINT,DEPOSITO EN RICARDONE,2026-09-29T08:30:00,,2026-09-29T10:49:00,,,1,,,
adaad8f9-4f3,adaad8f9-4f3,1,2026-09-29T08:26:14.151-03:00,2026-09-29T12:14:38.732-03:00,228,CAMARA,CAMARA,CAMARA,CTG_10235357116,2026-09-29,UPW705,SOJA,SOJA,SILO_CHIEF_2,SILO CHIEF 2,RICARDONE,EGRESO,E,95817,000301069915,0000300057810,10235357116,,27180,SOJA,SILO_CHIEF_2,,R29,SILO_CHIEF_2,RICARDONE,EXCEL_PLATFORM_PRODUCT,EXTERNAL_MATCH_EXACT,ROUTE_NO_EVALUABLE,DEPOSITO EN RICARDONE,2026-09-29T08:36:00,,2026-09-29T10:55:00,,,1,,,
b0343d91-d46,b0343d91-d46;288dea00-5c3,2,2026-09-29T08:43:41.891-03:00,2026-09-29T12:33:36.667-03:00,230,CAMARA,CAMARA,CAMARA,CTG_10235357392,2026-09-29,DFP716,SOJA,SOJA,SILO_CHIEF_2,SILO CHIEF 2,RICARDONE,EGRESO,E,95817,000301069916,0000300057811,10235357392,,29040,SOJA,SILO_CHIEF_2,,R29,SILO_CHIEF_2,RICARDONE,EXCEL_PLATFORM_PRODUCT,EXTERNAL_MATCH_FRAGMENTED,ROUTE_NO_EVALUABLE,DEPOSITO EN RICARDONE,2026-09-29T08:45:00,,2026-09-29T11:05:00,,,2,,,
a2a3dc5f-af1,a2a3dc5f-af1,1,2026-09-29T09:37:13.379-03:00,2026-09-29T11:18:11.128-03:00,101,CAMARA,CAMARA,CAMARA,COMPROB_000404069801,2026-09-29,AC612CX,PRODUCTOS VARIOS,PRODUCTOS VARIOS,,,TERMINAL_EMBARQUE,INGRESO,I,888888,000404069801,000700097531,0,,19660,PRODUCTOS VARIOS,,,,,TERMINAL_EMBARQUE,EXCEL_PLATFORM_PRODUCT,EXTERNAL_MATCH_EXACT,ROUTE_NO_EVALUABLE,TRABAJO VARIOS,2026-09-29T09:40:00,,2026-09-29T11:17:00,,,1,,,
bcb80b0d-cd4,bcb80b0d-cd4;395a4740-cf5,2,2026-09-29T09:01:15.495-03:00,2026-09-29T15:16:40.880-03:00,375,CAMARA,CAMARA,CAMARA,COMPROB_000400422830,2026-09-29,LGZ704,ACEITE GIRASOL REFINADO,ACEITE GIRASOL REFINADO,ACEITE_OSL,ACEITE OSL,TERMINAL_EMBARQUE,EGRESO,E,11678,000400422830,,0,,28120,ACEITE GIRASOL REFINADO,ACEITE_OSL,LIQUIDO,SL1,ACEITE_OSL,TERMINAL_EMBARQUE,EXCEL_PLATFORM_PRODUCT,EXTERNAL_MATCH_FRAGMENTED,ROUTE_NO_EVALUABLE,,2026-09-29T09:02:00,,2026-09-29T11:20:00,,,2,,,
f809238e-d50,f809238e-d50;a7025acb-cf4;e2584874-c3a,3,2026-09-29T11:39:45.170-03:00,2026-09-29T16:16:17.522-03:00,277,CAMARA,CAMARA,CAMARA,COMPROB_000301069917,2026-09-29,UAJ766,PRODUCTOS VARIOS,PRODUCTOS VARIOS,VARIOS,VARIOS,RICARDONE,EGRESO,E,11230,000301069917,,0,,2480,PRODUCTOS VARIOS,VARIOS,,,VARIOS,RICARDONE,EXCEL_PLATFORM_PRODUCT,EXTERNAL_MATCH_FRAGMENTED,ROUTE_NO_EVALUABLE,MERCADERIAS VARIAS DE RICARDONE A PUERTO.,2026-09-29T10:50:00,,2026-09-29T11:24:00,,,3,,,
5ffa39bd-546,5ffa39bd-546,1,2026-09-29T09:06:22.551-03:00,2026-09-29T13:38:04.703-03:00,272,CAMARA,CAMARA,CAMARA,COMPROB_000400422831,2026-09-29,FMK877,GLICERINA REFINADA,GLICERINA REFINADA,,,TERMINAL_EMBARQUE,EGRESO,E,10968,000400422831,,0,,23500,GLICERINA REFINADA,,LIQUIDO,R8,,TERMINAL_EMBARQUE,EXCEL_PLATFORM_PRODUCT,EXTERNAL_MATCH_EXACT,ROUTE_NO_EVALUABLE,DIRECTO DE RENOVA,2026-09-29T06:25:00,,2026-09-29T11:26:00,,,1,,,
1928e4d0-6f9,1928e4d0-6f9;cfcc02de-1ff,2,2026-09-29T03:09:35.142-03:00,2026-09-29T11:29:52.496-03:00,500,CAMARA,CAMARA,CAMARA,COMPROB_000404069802,2026-09-29,SZG666,AGUA INDUSTRIAL,AGUA INDUSTRIAL,ACEITE_OSL,ACEITE OSL,TERMINAL_EMBARQUE,INGRESO,I,11529,000404069802,0001100019277,0,,26820,AGUA INDUSTRIAL,ACEITE_OSL,LIQUIDO,SL1,ACEITE_OSL,TERMINAL_EMBARQUE,EXCEL_PLATFORM_PRODUCT,EXTERNAL_MATCH_FRAGMENTED,ROUTE_NO_EVALUABLE,,2026-09-29T10:20:00,,2026-09-29T11:28:00,,,2,,,
9b592a59-12b__cycle_3,9b592a59-12b__cycle_3;fb3a2a92-acd;68ce0b6a-72c;0dae1ce2-95d,4,2026-09-29T08:56:10.655-03:00,2026-09-29T13:18:15.171-03:00,262,CAMARA,CAMARA,CAMARA,CTG_10235357979,2026-09-29,CGV979,SOJA,SOJA,SILO_CHIEF_2,SILO CHIEF 2,RICARDONE,EGRESO,E,95817,000301069919,0000300057812,10235357979,,29280,SOJA,SILO_CHIEF_2,,R29,SILO_CHIEF_2,RICARDONE,EXCEL_PLATFORM_PRODUCT,EXTERNAL_MATCH_FRAGMENTED,ROUTE_NO_EVALUABLE,DEPOSITO EN RICARDONE,2026-09-29T08:57:00,,2026-09-29T11:21:00,,,4,,,
88b815b6-c46,88b815b6-c46,1,2026-09-29T08:24:15.101-03:00,2026-09-29T11:32:21.798-03:00,188,CAMARA,CAMARA,CAMARA,COMPROB_000400422832,2026-09-29,LZP122,RESIDUOS ORG,RESIDUOS ORG.,,,TERMINAL_EMBARQUE,EGRESO,E,11003,000400422832,,0,,7320,RESIDUOS ORG,,,,,TERMINAL_EMBARQUE,EXCEL_PLATFORM_PRODUCT,EXTERNAL_MATCH_EXACT,ROUTE_NO_EVALUABLE,"SANEAMIENTO DE AGUA CON RESIDUOS EN SECTOR DE OLEODUCTO + SALA DE BOMBAS EN VICENTIN TERMI, DESPACHO RESIDUOS ORGANICOS FUERA DE PLANTA:DF, SANEAMIENTO DE AGUA CON RESIDUOS EN SECTOR DE OLEODUCTO + SALA DE BOMBAS EN VICENTIN TERMI",2026-09-29T08:27:00,,2026-09-29T11:30:00,,,1,,,
6d02a9b5-e0f__cycle_2,6d02a9b5-e0f__cycle_2;d497789d-c52;6ede8c01-a8f,3,2026-09-29T09:07:27.895-03:00,2026-09-29T12:41:37.379-03:00,214,CAMARA,CAMARA,CAMARA,CTG_10235358031,2026-09-29,AZG422,SOJA,SOJA,SILO_CHIEF_2,SILO CHIEF 2,RICARDONE,EGRESO,E,95817,000301069920,0000300057813,10235358031,,28520,SOJA,SILO_CHIEF_2,,R29,SILO_CHIEF_2,RICARDONE,EXCEL_PLATFORM_PRODUCT,EXTERNAL_MATCH_FRAGMENTED,ROUTE_NO_EVALUABLE,DEPOSITO EN RICARDONE,2026-09-29T09:08:00,,2026-09-29T11:23:00,,,3,,,
e4f62fa2-21e,e4f62fa2-21e;302b0f1c-588;87b6d67f-137;bbf1dd99-24e;b465a8ea-823,5,2026-09-29T03:22:27.104-03:00,2026-09-29T12:46:39.580-03:00,564,CAMARA,CAMARA,CAMARA,CTG_10235358141,2026-09-29,EEW075,SOJA,SOJA,SILO_CHIEF_2,SILO CHIEF 2,RICARDONE,EGRESO,E,95817,000301069921,0000300057814,10235358141,,27460,SOJA,SILO_CHIEF_2,,R29,SILO_CHIEF_2,RICARDONE,EXCEL_PLATFORM_PRODUCT,EXTERNAL_MATCH_FRAGMENTED,ROUTE_NO_EVALUABLE,DEPOSITO EN RICARDONE,2026-09-29T09:13:00,,2026-09-29T11:29:00,,,5,,,
70137abb-e10,70137abb-e10;a686b6b3-bf8__cycle_2;b7798a28-8f8;30f05ec8-95f,4,2026-09-29T01:24:26.080-03:00,2026-09-30T00:00:14.174-03:00,1356,CAMARA,CAMARA,CAMARA,CTG_30035351774,2026-09-29,AI309IA,ACEITE GIRASOL PARA REFINAR,ACEITE GIRASOL PARA REFINAR,ACEITE_PTO,ACEITE PTO,TERMINAL_EMBARQUE,INGRESO,I,11525,000404069803,0130000043577,30035351774,,29500,ACEITE GIRASOL PARA REFINAR,ACEITE_PTO,LIQUIDO,SL2,ACEITE_PTO,TERMINAL_EMBARQUE,EXCEL_PLATFORM_PRODUCT,EXTERNAL_MATCH_FRAGMENTED,ROUTE_NO_EVALUABLE,"FAZON RENOVA/BUNGE, FAZON RENOVA/BUNGE",2026-09-29T01:25:00,2026-09-29T01:40:00,2026-09-29T11:36:00,,,4,,,
6794331d-ae0__cycle_2,6794331d-ae0__cycle_2,1,2026-09-29T08:43:47.724-03:00,2026-09-29T11:18:39.987-03:00,155,CAMARA,CAMARA,CAMARA,COMPROB_000400422833,2026-09-29,GZI868,ACEITE GIRASOL REFINADO,ACEITE GIRASOL REFINADO,ACEITE_OSL,ACEITE OSL,TERMINAL_EMBARQUE,EGRESO,E,11526,000400422833,,0,,28240,ACEITE GIRASOL REFINADO,ACEITE_OSL,LIQUIDO,SL1,ACEITE_OSL,TERMINAL_EMBARQUE,EXCEL_PLATFORM_PRODUCT,EXTERNAL_MATCH_EXACT,ROUTE_NO_EVALUABLE,FAZON RENOVA/BUNGE,2026-09-29T08:45:00,,2026-09-29T11:48:00,,,1,,,
21ec23b7-fa3__cycle_1,21ec23b7-fa3__cycle_1,1,2026-09-28T19:08:35.518-03:00,2026-09-28T22:00:48.225-03:00,172,CAMARA,CAMARA,CAMARA,CTG_10235337762,2026-09-29,AB114CN,GIRASOL,GIRASOL,VOLCABLE_2,VOLCABLE 2,RICARDONE,INGRESO,I,2000664,000301464895,0405200004055,10235337762,VIC692195290926,30500,GIRASOL,VOLCABLE_2,VOLCABLE,R6,VOLCABLE_2,RICARDONE,EXCEL_PLATFORM_PRODUCT,EXTERNAL_MATCH_PROBABLE,ROUTE_NO_EVALUABLE,"FASON GIRASOL, FASON GIRASOL",2026-09-28T22:01:00,2026-09-28T22:20:00,2026-09-29T11:48:00,,,1,,,
537da80a-f74,537da80a-f74;18391e51-92b;92b632a4-122;c944c99b-2fb__cycle_1,4,2026-09-29T08:36:28.026-03:00,2026-09-29T16:06:04.930-03:00,450,CAMARA,CAMARA,CAMARA,COMPROB_000400422834,2026-09-29,AA703FC,TIERRA DESC FILTROS,TIERRA DESC FILTROS,,,TERMINAL_EMBARQUE,EGRESO,E,11046,000400422834,,0,,2100,TIERRA DESC FILTROS,,,,,TERMINAL_EMBARQUE,EXCEL_PLATFORM_PRODUCT,EXTERNAL_MATCH_FRAGMENTED,ROUTE_NO_EVALUABLE,,2026-09-29T10:43:00,,2026-09-29T11:49:00,,,4,,,
53cb6047-d69,53cb6047-d69;14a5a308-459;fada12d7-75a,3,2026-09-29T07:39:30.544-03:00,2026-09-29T14:31:13.950-03:00,412,CAMARA,CAMARA,CAMARA,COMPROB_000400422835,2026-09-29,EPH797,SAL GLICERINOSA,SAL GLICERINOSA,,,TERMINAL_EMBARQUE,EGRESO,E,11031,000400422835,,0,,3500,SAL GLICERINOSA,,,,,TERMINAL_EMBARQUE,EXCEL_PLATFORM_PRODUCT,EXTERNAL_MATCH_FRAGMENTED,ROUTE_NO_EVALUABLE,,2026-09-29T11:20:00,,2026-09-29T11:51:00,,,3,,,
83af268d-f5c__cycle_2,83af268d-f5c__cycle_2,1,2026-09-29T11:26:32.634-03:00,2026-09-29T11:55:40.837-03:00,29,CAMARA,CAMARA,CAMARA,CTG_10235335159,2026-09-29,CQD587,SOJA,SOJA,VOLCABLE_PTO_5,VOLCABLE PTO 5,TERMINAL_EMBARQUE,INGRESO,I,2000651,000404069805,0004600009576,10235335159,VIC329750280926,30180,SOJA,VOLCABLE_PTO_5,SAN_LORENZO_VOLCABLE,R7,VOLCABLE_PTO_5,TERMINAL_EMBARQUE,EXCEL_PLATFORM_PRODUCT,EXTERNAL_MATCH_EXACT,ROUTE_NO_EVALUABLE,"FAZON 2026, FAZON 2026",2026-09-28T23:48:00,2026-09-29T01:35:00,2026-09-29T11:52:00,,,1,,,
579108de-e84,579108de-e84;85549280-0d7;2636655b-20a;54e02073-67e;c35f74d8-609,5,2026-09-28T18:29:30.820-03:00,2026-09-29T12:57:45.456-03:00,1108,CAMARA,CAMARA,CAMARA,CTG_10235358717,2026-09-29,RGV982,SOJA,SOJA,SILO_CHIEF_2,SILO CHIEF 2,RICARDONE,EGRESO,E,95817,000301069922,0000300057815,10235358717,,27260,SOJA,SILO_CHIEF_2,,R29,SILO_CHIEF_2,RICARDONE,EXCEL_PLATFORM_PRODUCT,EXTERNAL_MATCH_FRAGMENTED,ROUTE_NO_EVALUABLE,DEPOSITO EN RICARDONE,2026-09-29T09:29:00,,2026-09-29T11:41:00,,,5,,,
19d6bc0a-5d7__cycle_2,19d6bc0a-5d7__cycle_2;55fa5054-0b1;a6aaed95-4e9__cycle_1,3,2026-09-29T08:05:36.477-03:00,2026-09-29T16:12:28.088-03:00,487,CAMARA,CAMARA,CAMARA,COMPROB_009702023089,2026-09-29,EAO104,ACEITE GIRASOL REFINADO,ACEITE GIRASOL REFINADO,,,RENOPACK,INGRESO,I,50042,009702023089,0000500066566,0,,28700,ACEITE GIRASOL REFINADO,,LIQUIDO,,,RENOPACK,EXCEL_PLATFORM_PRODUCT,EXTERNAL_MATCH_FRAGMENTED,ROUTE_NO_EVALUABLE,"RECIBOS ACEITE REFINADO GIRASOL COMMODITIES, RECIBOS ACEITE REFINADO GIRASOL COMMODITIES",2026-09-29T09:58:00,,2026-09-29T11:58:00,,,3,,,
1a8dcfeb-3ed,1a8dcfeb-3ed;70d64c06-53d;a665c6e4-3f2;e166358b-c92;d041113c-fbf;fd30f10c-ce3,6,2026-09-29T01:36:20.921-03:00,2026-09-29T13:00:10.274-03:00,684,CAMARA,CAMARA,CAMARA,CTG_10235358952,2026-09-29,TAC436,SOJA,SOJA,SILO_CHIEF_2,SILO CHIEF 2,RICARDONE,EGRESO,E,95817,000301069923,0000300057816,10235358952,,30740,SOJA,SILO_CHIEF_2,,R29,SILO_CHIEF_2,RICARDONE,EXCEL_PLATFORM_PRODUCT,EXTERNAL_MATCH_FRAGMENTED,ROUTE_NO_EVALUABLE,DEPOSITO EN RICARDONE,2026-09-29T09:47:00,,2026-09-29T11:50:00,,,6,,,
f11dc94b-928,f11dc94b-928;a07f0940-b4c__cycle_1,2,2026-09-29T07:13:27.334-03:00,2026-09-29T09:51:36.237-03:00,158,CAMARA,CAMARA,CAMARA,COMPROB_000400422836,2026-09-29,GYW157,GLICERINA REFINADA,GLICERINA REFINADA,,,TERMINAL_EMBARQUE,EGRESO,E,10968,000400422836,,0,,23500,GLICERINA REFINADA,,LIQUIDO,R8,,TERMINAL_EMBARQUE,EXCEL_PLATFORM_PRODUCT,EXTERNAL_MATCH_FRAGMENTED,ROUTE_NO_EVALUABLE,DIRECTO DE RENOVA,2026-09-29T07:15:00,,2026-09-29T12:03:00,,,2,,,
420ca223-59b,420ca223-59b;52efc5d4-f20,2,2026-09-29T09:21:20.023-03:00,2026-09-29T12:08:08.296-03:00,167,CAMARA,CAMARA,CAMARA,CTG_10135349930,2026-09-29,NCC344,SOJA,SOJA,VOLCABLE_PTO_5,VOLCABLE PTO 5,TERMINAL_EMBARQUE,INGRESO,I,2000655,000404069806,0000000001580,10135349930,VIC791190290926,34860,SOJA,VOLCABLE_PTO_5,SAN_LORENZO_VOLCABLE,R7,VOLCABLE_PTO_5,TERMINAL_EMBARQUE,EXCEL_PLATFORM_PRODUCT,EXTERNAL_MATCH_FRAGMENTED,ROUTE_NO_EVALUABLE,"FAZON 2026, FAZON 2026",2026-09-29T09:22:00,2026-09-29T09:55:00,2026-09-29T12:05:00,,,2,,,
1f976994-4e9__cycle_2,1f976994-4e9__cycle_2;01448544-02e;87d269c8-cdb,3,2026-09-29T09:52:25.010-03:00,2026-09-29T13:06:53.435-03:00,194,CAMARA,CAMARA,CAMARA,CTG_10235359192,2026-09-29,UYM942,SOJA,SOJA,SILO_CHIEF_2,SILO CHIEF 2,RICARDONE,EGRESO,E,95817,000301069924,0000300057817,10235359192,,29680,SOJA,SILO_CHIEF_2,,R29,SILO_CHIEF_2,RICARDONE,EXCEL_PLATFORM_PRODUCT,EXTERNAL_MATCH_FRAGMENTED,ROUTE_NO_EVALUABLE,DEPOSITO EN RICARDONE,2026-09-29T09:54:00,,2026-09-29T11:57:00,,,3,,,
e87eaf01-36c,e87eaf01-36c;844be6c6-8ce,2,2026-09-29T09:30:37.575-03:00,2026-09-29T12:11:21.733-03:00,161,CAMARA,CAMARA,CAMARA,CTG_10135345637,2026-09-29,AE772ID,SOJA,SOJA,VOLCABLE_PTO_5,VOLCABLE PTO 5,TERMINAL_EMBARQUE,INGRESO,I,2000655,000404069808,0000000000004,10135345637,VIC714770290926,35800,SOJA,VOLCABLE_PTO_5,SAN_LORENZO_VOLCABLE,R7,VOLCABLE_PTO_5,TERMINAL_EMBARQUE,EXCEL_PLATFORM_PRODUCT,EXTERNAL_MATCH_FRAGMENTED,ROUTE_NO_EVALUABLE,"FAZON 2026, FAZON 2026",2026-09-29T09:31:00,2026-09-29T09:58:00,2026-09-29T12:08:00,,,2,,,
c3ed263c-e7a,c3ed263c-e7a;e9cdee86-115,2,2026-09-29T09:43:27.859-03:00,2026-09-29T12:19:47.656-03:00,156,CAMARA,CAMARA,CAMARA,CTG_10135351651,2026-09-29,FUR008,SOJA,SOJA,VOLCABLE_PTO_5,VOLCABLE PTO 5,TERMINAL_EMBARQUE,INGRESO,I,2000655,000404069810,0000000006624,10135351651,VIC207608290926,30300,SOJA,VOLCABLE_PTO_5,SAN_LORENZO_VOLCABLE,R7,VOLCABLE_PTO_5,TERMINAL_EMBARQUE,EXCEL_PLATFORM_PRODUCT,EXTERNAL_MATCH_FRAGMENTED,ROUTE_NO_EVALUABLE,"FAZON 2026, FAZON 2026",2026-09-29T09:46:00,2026-09-29T10:02:00,2026-09-29T12:15:00,,,2,,,
74fada6c-30f,74fada6c-30f;342014f6-c72;3a36b088-9c9;9215a637-ccd,4,2026-09-28T17:23:36.031-03:00,2026-09-29T12:24:03.380-03:00,1140,CAMARA,CAMARA,CAMARA,CTG_10235359415,2026-09-29,VJG112,SOJA,SOJA,SILO_CHIEF_2,SILO CHIEF 2,RICARDONE,EGRESO,E,95817,000301069925,0000300057818,10235359415,,28900,SOJA,SILO_CHIEF_2,,R29,SILO_CHIEF_2,RICARDONE,EXCEL_PLATFORM_PRODUCT,EXTERNAL_MATCH_FRAGMENTED,ROUTE_NO_EVALUABLE,DEPOSITO EN RICARDONE,2026-09-29T09:56:00,,2026-09-29T12:07:00,,,4,,,
622d429a-6f3,622d429a-6f3;afcc3022-75a__cycle_2;708c31dc-f66__cycle_1,3,2026-09-29T01:25:45.367-03:00,2026-09-29T16:59:57.959-03:00,934,CAMARA,CAMARA,CAMARA,CTG_30035351820,2026-09-29,FOZ297,ACEITE GIRASOL PARA REFINAR,ACEITE GIRASOL PARA REFINAR,ACEITE_PTO,ACEITE PTO,TERMINAL_EMBARQUE,INGRESO,I,11525,000404069811,0130000043580,30035351820,,27800,ACEITE GIRASOL PARA REFINAR,ACEITE_PTO,LIQUIDO,SL2,ACEITE_PTO,TERMINAL_EMBARQUE,EXCEL_PLATFORM_PRODUCT,EXTERNAL_MATCH_FRAGMENTED,ROUTE_NO_EVALUABLE,"FAZON RENOVA/BUNGE, FAZON RENOVA/BUNGE",2026-09-29T01:26:00,2026-09-29T01:44:00,2026-09-29T12:20:00,,,3,,,
8fea90a7-c07,8fea90a7-c07,1,2026-09-29T07:37:43.660-03:00,2026-09-29T12:44:54.893-03:00,307,CAMARA,CAMARA,CAMARA,COMPROB_000301069926,2026-09-29,AB608FC,RESIDUOS ORG,RESIDUOS ORG.,,,RICARDONE,EGRESO,E,11003,000301069926,,0,,23180,RESIDUOS ORG,,,,,RICARDONE,EXCEL_PLATFORM_PRODUCT,EXTERNAL_MATCH_EXACT,ROUTE_NO_EVALUABLE,DESPACHO RESIDUOS ORGANICOS FUERA DE PLANTA:DF,2026-09-29T07:40:00,,2026-09-29T12:20:00,,,1,,,
0844a37f-c2c,0844a37f-c2c,1,2026-09-29T11:54:50.016-03:00,2026-09-29T12:27:17.836-03:00,32,CAMARA,CAMARA,CAMARA,COMPROB_000400422837,2026-09-29,JFB793,RESIDUOS ASIMILABLES A DOMICILIARIOS,RESIDUOS ASIMILABLES A DOMICILIARIOS,,,TERMINAL_EMBARQUE,EGRESO,E,11004,000400422837,,0,,20,RESIDUOS ASIMILABLES A DOMICILIARIOS,,,,,TERMINAL_EMBARQUE,EXCEL_PLATFORM_PRODUCT,EXTERNAL_MATCH_EXACT,ROUTE_NO_EVALUABLE,. ENTRO CON VOLQUETE 284,2026-09-29T12:03:00,,2026-09-29T12:24:00,,,1,,,
f809238e-d50,f809238e-d50;a7025acb-cf4;e2584874-c3a,3,2026-09-29T11:39:45.170-03:00,2026-09-29T16:16:17.522-03:00,277,CAMARA,CAMARA,CAMARA,COMPROB_000404069812,2026-09-29,UAJ766,PRODUCTOS VARIOS,PRODUCTOS VARIOS,,,TERMINAL_EMBARQUE,INGRESO,I,11230,000404069812,0000301069917,0,,2480,PRODUCTOS VARIOS,,,,,TERMINAL_EMBARQUE,EXCEL_PLATFORM_PRODUCT,EXTERNAL_MATCH_FRAGMENTED,ROUTE_NO_EVALUABLE,"MERCADERIAS VARIAS DE RICARDONE A PUERTO., MERCADERIAS VARIAS DE RICARDONE A PUERTO.",2026-09-29T11:41:00,,2026-09-29T12:25:00,,,3,,,
dd293f2e-6fd,dd293f2e-6fd,1,2026-09-29T10:55:59.977-03:00,2026-09-29T12:35:19.308-03:00,99,CAMARA,CAMARA,CAMARA,COMPROB_000404069815,2026-09-29,AB586YG,PRODUCTOS VARIOS,PRODUCTOS VARIOS,,,TERMINAL_EMBARQUE,INGRESO,I,888888,000404069815,000700097532,0,,19000,PRODUCTOS VARIOS,,,,,TERMINAL_EMBARQUE,EXCEL_PLATFORM_PRODUCT,EXTERNAL_MATCH_EXACT,ROUTE_NO_EVALUABLE,TRABAJO VARIOS,2026-09-29T10:58:00,,2026-09-29T12:33:00,,,1,,,
4f07032a-b21__cycle_1,4f07032a-b21__cycle_1,1,2026-09-28T22:02:49.512-03:00,2026-09-28T22:17:28.495-03:00,15,CAMARA,CAMARA,CAMARA,CTG_10235339035,2026-09-29,SBJ203,GIRASOL,GIRASOL,VOLCABLE_2,VOLCABLE 2,RICARDONE,INGRESO,I,2000664,000301464896,0482300002989,10235339035,VIC402012280926,30420,GIRASOL,VOLCABLE_2,VOLCABLE,R6,VOLCABLE_2,RICARDONE,EXCEL_PLATFORM_PRODUCT,EXTERNAL_MATCH_PROBABLE,ROUTE_NO_DISCHARGE_POINT,"FASON GIRASOL, FASON GIRASOL",2026-09-28T22:04:00,2026-09-28T22:22:00,2026-09-29T12:38:00,,,1,,,
bcb80b0d-cd4,bcb80b0d-cd4;395a4740-cf5,2,2026-09-29T09:01:15.495-03:00,2026-09-29T15:16:40.880-03:00,375,CAMARA,CAMARA,CAMARA,COMPROB_009702023091,2026-09-29,LGZ704,ACEITE GIRASOL REFINADO,ACEITE GIRASOL REFINADO,,,RENOPACK,INGRESO,I,50042,009702023091,0000500066570,0,,28100,ACEITE GIRASOL REFINADO,,LIQUIDO,,,RENOPACK,EXCEL_PLATFORM_PRODUCT,EXTERNAL_MATCH_FRAGMENTED,ROUTE_NO_EVALUABLE,"RECIBOS ACEITE REFINADO GIRASOL COMMODITIES, RECIBOS ACEITE REFINADO GIRASOL COMMODITIES",2026-09-29T11:32:00,,2026-09-29T12:41:00,,,2,,,
dabfa15e-3fe,dabfa15e-3fe;87e62e9b-eba;59aa9757-ec9;04d99e8c-8b9;e2d3a602-83e,5,2026-09-29T06:06:09.239-03:00,2026-09-29T13:50:07.312-03:00,464,CAMARA,CAMARA,CAMARA,CTG_10235359851,2026-09-29,CGS172,SOJA,SOJA,SILO_CHIEF_2,SILO CHIEF 2,RICARDONE,EGRESO,E,95817,000301069927,0000300057819,10235359851,,28740,SOJA,SILO_CHIEF_2,,R29,SILO_CHIEF_2,RICARDONE,EXCEL_PLATFORM_PRODUCT,EXTERNAL_MATCH_FRAGMENTED,ROUTE_NO_EVALUABLE,DEPOSITO EN RICARDONE,2026-09-29T10:15:00,,2026-09-29T12:25:00,,,5,,,
f4c925f8-031,f4c925f8-031;852685da-5c9,2,2026-09-29T06:41:38.022-03:00,2026-09-29T16:18:44.060-03:00,577,CAMARA,CAMARA,CAMARA,COMPROB_000400422838,2026-09-29,UQR036,GLICERINA REFINADA,GLICERINA REFINADA,,,TERMINAL_EMBARQUE,EGRESO,E,10968,000400422838,,0,,23500,GLICERINA REFINADA,,LIQUIDO,R8,,TERMINAL_EMBARQUE,EXCEL_PLATFORM_PRODUCT,EXTERNAL_MATCH_FRAGMENTED,ROUTE_NO_EVALUABLE,DIRECTO DE RENOVA,2026-09-29T07:13:00,,2026-09-29T12:47:00,,,2,,,
2b5cfb3d-e2a,2b5cfb3d-e2a;11c27771-5bc,2,2026-09-29T09:09:26.723-03:00,2026-09-29T17:07:47.813-03:00,478,CAMARA,CAMARA,CAMARA,COMPROB_000400422839,2026-09-29,MWH059,ACEITE GIRASOL REFINADO,ACEITE GIRASOL REFINADO,ACEITE_OSL,ACEITE OSL,TERMINAL_EMBARQUE,EGRESO,E,11678,000400422839,,0,,28080,ACEITE GIRASOL REFINADO,ACEITE_OSL,LIQUIDO,SL1,ACEITE_OSL,TERMINAL_EMBARQUE,EXCEL_PLATFORM_PRODUCT,EXTERNAL_MATCH_FRAGMENTED,ROUTE_NO_EVALUABLE,,2026-09-29T09:10:00,,2026-09-29T12:48:00,,,2,,,
725d8cae-ed6__cycle_2,725d8cae-ed6__cycle_2;35ce8cb0-39b;d5b31384-38f;bc4cf1a7-f85__cycle_1,4,2026-09-29T08:27:29.676-03:00,2026-09-29T17:55:49.583-03:00,568,CAMARA,CAMARA,CAMARA,CTG_30035352068,2026-09-29,JDH880,ACEITE GIRASOL PARA REFINAR,ACEITE GIRASOL PARA REFINAR,ACEITE_PTO,ACEITE PTO,TERMINAL_EMBARQUE,INGRESO,I,11525,000404069822,0130000043581,30035352068,,30540,ACEITE GIRASOL PARA REFINAR,ACEITE_PTO,LIQUIDO,SL2,ACEITE_PTO,TERMINAL_EMBARQUE,EXCEL_PLATFORM_PRODUCT,EXTERNAL_MATCH_FRAGMENTED,ROUTE_NO_EVALUABLE,"FAZON RENOVA/BUNGE, FAZON RENOVA/BUNGE",2026-09-29T08:28:00,2026-09-29T08:35:00,2026-09-29T12:57:00,,,4,,,
2bcd19dc-cb8,2bcd19dc-cb8,1,2026-09-29T12:44:22.862-03:00,2026-09-29T13:14:30.297-03:00,30,CAMARA,CAMARA,CAMARA,COMPROB_000400422840,2026-09-29,RKM634,PRODUCTOS VARIOS,PRODUCTOS VARIOS,,,TERMINAL_EMBARQUE,EGRESO,E,13000,000400422840,,0,,60,PRODUCTOS VARIOS,,,,,TERMINAL_EMBARQUE,EXCEL_PLATFORM_PRODUCT,EXTERNAL_MATCH_EXACT,ROUTE_NO_EVALUABLE,"CAMION DE MOLINOS, CTO PARA INGRESAR LOS CAMIONES Q SE EQUIVOCAN DE PTA, CAMION DE MOLINOS",2026-09-29T12:48:00,,2026-09-29T13:13:00,,,1,,,
f809238e-d50,f809238e-d50;a7025acb-cf4;e2584874-c3a,3,2026-09-29T11:39:45.170-03:00,2026-09-29T16:16:17.522-03:00,277,CAMARA,CAMARA,CAMARA,COMPROB_000400422841,2026-09-29,UAJ766,PRODUCTOS VARIOS,PRODUCTOS VARIOS,,,TERMINAL_EMBARQUE,EGRESO,E,11230,000400422841,,0,,1240,PRODUCTOS VARIOS,,,,,TERMINAL_EMBARQUE,EXCEL_PLATFORM_PRODUCT,EXTERNAL_MATCH_FRAGMENTED,ROUTE_NO_EVALUABLE,"CARGA MATERIALES BVARIOS EN ALMACEN CON DESTINO FCA, MERCADERIAS VARIAS DE RICARDONE A PUERTO., CARGA MATERIALES BVARIOS EN ALMACEN CON DESTINO FCA",2026-09-29T12:31:00,,2026-09-29T13:21:00,,,3,,,
f43918e2-2f5,f43918e2-2f5;17481612-7f4,2,2026-09-29T12:20:50.536-03:00,2026-09-29T17:42:36.145-03:00,322,CAMARA,CAMARA,CAMARA,COMPROB_000404069824,2026-09-29,RUK692,GLICERINA,GLICERINA,,,TERMINAL_EMBARQUE,INGRESO,I,11509,000404069824,0001100019270,0,,31300,GLICERINA,,LIQUIDO,R8,,TERMINAL_EMBARQUE,EXCEL_PLATFORM_PRODUCT,EXTERNAL_MATCH_FRAGMENTED,ROUTE_NO_EVALUABLE,,2026-09-29T12:23:00,,2026-09-29T13:24:00,,,2,,,
4b721a11-db2,4b721a11-db2;974d5f11-99a,2,2026-09-29T08:39:43.955-03:00,2026-09-29T20:51:58.711-03:00,732,CAMARA,CAMARA,CAMARA,COMPROB_000400422842,2026-09-29,KUH403,RESIDUOS ORG,RESIDUOS ORG.,,,TERMINAL_EMBARQUE,EGRESO,E,11003,000400422842,,0,,26260,RESIDUOS ORG,,,,,TERMINAL_EMBARQUE,EXCEL_PLATFORM_PRODUCT,EXTERNAL_MATCH_FRAGMENTED,ROUTE_NO_EVALUABLE,"RUTINA, DESPACHO RESIDUOS ORGANICOS FUERA DE PLANTA:DF, RUTINA",2026-09-29T08:42:00,,2026-09-29T13:25:00,,,2,,,
59a3ce01-9be,59a3ce01-9be,1,2026-09-29T12:45:32.973-03:00,2026-09-29T14:46:56.818-03:00,121,CAMARA,CAMARA,CAMARA,COMPROB_000301464898,2026-09-29,KQO037,PRODUCTOS VARIOS,PRODUCTOS VARIOS,VARIOS,VARIOS,RICARDONE,INGRESO,I,11230,000301464898,0000000000001,0,,740,PRODUCTOS VARIOS,VARIOS,,,VARIOS,RICARDONE,EXCEL_PLATFORM_PRODUCT,EXTERNAL_MATCH_EXACT,ROUTE_NO_EVALUABLE,"MERCADERIAS VARIAS DE RICARDONE A PUERTO., MERCADERIAS VARIAS DE RICARDONE A PUERTO.",2026-09-29T12:51:00,,2026-09-29T13:25:00,,,1,,,
f708bb56-8bc,f708bb56-8bc;5d243dc3-ed6,2,2026-09-29T07:15:59.024-03:00,2026-09-29T16:19:36.681-03:00,544,CAMARA,CAMARA,CAMARA,COMPROB_000400422843,2026-09-29,GXT382,GLICERINA REFINADA,GLICERINA REFINADA,,,TERMINAL_EMBARQUE,EGRESO,E,10968,000400422843,,0,,23500,GLICERINA REFINADA,,LIQUIDO,R8,,TERMINAL_EMBARQUE,EXCEL_PLATFORM_PRODUCT,EXTERNAL_MATCH_FRAGMENTED,ROUTE_NO_EVALUABLE,DIRECTO DE RENOVA,2026-09-29T07:18:00,,2026-09-29T13:26:00,,,2,,,
e057a7a7-461__cycle_1,e057a7a7-461__cycle_1,1,2026-09-29T09:23:08.930-03:00,2026-09-29T12:44:57.831-03:00,202,CAMARA,CAMARA,CAMARA,COMPROB_000400422844,2026-09-29,AA875OG,ACEITE GIRASOL REFINADO,ACEITE GIRASOL REFINADO,ACEITE_OSL,ACEITE OSL,TERMINAL_EMBARQUE,EGRESO,E,11526,000400422844,,0,,28180,ACEITE GIRASOL REFINADO,ACEITE_OSL,LIQUIDO,SL1,ACEITE_OSL,TERMINAL_EMBARQUE,EXCEL_PLATFORM_PRODUCT,EXTERNAL_MATCH_EXACT,ROUTE_NO_EVALUABLE,FAZON RENOVA/BUNGE,2026-09-29T09:24:00,,2026-09-29T13:28:00,,,1,,,
49101e97-652__cycle_2,49101e97-652__cycle_2;01761ce2-480;4dd5640c-fd6,3,2026-09-29T08:31:27.927-03:00,2026-09-29T18:37:42.331-03:00,606,CAMARA,CAMARA,CAMARA,CTG_30035352129,2026-09-29,EAR164,ACEITE GIRASOL PARA REFINAR,ACEITE GIRASOL PARA REFINAR,ACEITE_PTO,ACEITE PTO,TERMINAL_EMBARQUE,INGRESO,I,11525,000404069825,0130000043582,30035352129,,29100,ACEITE GIRASOL PARA REFINAR,ACEITE_PTO,LIQUIDO,SL2,ACEITE_PTO,TERMINAL_EMBARQUE,EXCEL_PLATFORM_PRODUCT,EXTERNAL_MATCH_FRAGMENTED,ROUTE_NO_EVALUABLE,"FAZON RENOVA/BUNGE, FAZON RENOVA/BUNGE",2026-09-29T08:32:00,2026-09-29T08:46:00,2026-09-29T13:35:00,,,3,,,
7f428767-2c0,7f428767-2c0;ba901020-2ad;34ff92ce-35e;7a99cc47-1d7;259183ee-168;a1ec9100-d09,6,2026-09-29T03:57:27.109-03:00,2026-09-29T14:48:18.760-03:00,651,CAMARA,CAMARA,CAMARA,CTG_10235360804,2026-09-29,EVL273,SOJA,SOJA,SILO_CHIEF_2,SILO CHIEF 2,RICARDONE,EGRESO,E,95817,000301069928,0000300057820,10235360804,,28040,SOJA,SILO_CHIEF_2,,R29,SILO_CHIEF_2,RICARDONE,EXCEL_PLATFORM_PRODUCT,EXTERNAL_MATCH_FRAGMENTED,ROUTE_NO_EVALUABLE,DEPOSITO EN RICARDONE,2026-09-29T10:42:00,,2026-09-29T13:30:00,,,6,,,
e1e5f0c5-83b,e1e5f0c5-83b;d538843f-84a,2,2026-09-29T10:53:23.672-03:00,2026-09-29T13:51:46.432-03:00,178,CAMARA,CAMARA,CAMARA,CTG_10235352635,2026-09-29,MOF325,SOJA,SOJA,VOLCABLE_PTO_3,VOLCABLE PTO 3,TERMINAL_EMBARQUE,INGRESO,I,2000655,000404069827,0000000003544,10235352635,VIC166613290926,29700,SOJA,VOLCABLE_PTO_3,SAN_LORENZO_VOLCABLE,R7,VOLCABLE_PTO_3,TERMINAL_EMBARQUE,EXCEL_PLATFORM_PRODUCT,EXTERNAL_MATCH_FRAGMENTED,ROUTE_NO_EVALUABLE,"FAZON 2026, FAZON 2026",2026-09-29T10:54:00,2026-09-29T13:17:00,2026-09-29T13:50:00,,,2,,,
bd5e1312-455,bd5e1312-455,1,2026-09-29T09:59:02.655-03:00,2026-09-29T13:54:45.423-03:00,236,CAMARA,CAMARA,CAMARA,COMPROB_000400422845,2026-09-29,EVD342,ACEITE GIRASOL REFINADO,ACEITE GIRASOL REFINADO,ACEITE_OSL,ACEITE OSL,TERMINAL_EMBARQUE,EGRESO,E,11526,000400422845,,0,,28200,ACEITE GIRASOL REFINADO,ACEITE_OSL,LIQUIDO,SL1,ACEITE_OSL,TERMINAL_EMBARQUE,EXCEL_PLATFORM_PRODUCT,EXTERNAL_MATCH_EXACT,ROUTE_NO_EVALUABLE,FAZON RENOVA/BUNGE,2026-09-29T10:00:00,,2026-09-29T13:52:00,,,1,,,
e76b8ab7-51f,e76b8ab7-51f,1,2026-09-29T13:22:52.674-03:00,2026-09-29T14:00:57.332-03:00,38,CAMARA,CAMARA,CAMARA,COMPROB_000400422846,2026-09-29,KTH930,RESIDUOS DE CAHUCHO,RESIDUOS DE CAHUCHO,ACEITE_OSL,ACEITE OSL,TERMINAL_EMBARQUE,EGRESO,E,11627,000400422846,,0,,80,RESIDUOS DE CAHUCHO,ACEITE_OSL,LIQUIDO,SL1,ACEITE_OSL,TERMINAL_EMBARQUE,EXCEL_PLATFORM_PRODUCT,EXTERNAL_MATCH_EXACT,ROUTE_NO_EVALUABLE,"EMPLAZARSE A NORTE DE CELDA 2. ENTRO CON VOLQUETE 20, EMPLAZARSE A NORTE DE CELDA 2",2026-09-29T13:27:00,,2026-09-29T14:00:00,,,1,,,
a43848ea-f44,a43848ea-f44;acac6132-5d4,2,2026-09-29T10:11:18.757-03:00,2026-09-29T14:03:31.634-03:00,232,CAMARA,CAMARA,CAMARA,CTG_10135343999,2026-09-29,AH019OV,SOJA,SOJA,VOLCABLE_PTO_3,VOLCABLE PTO 3,TERMINAL_EMBARQUE,INGRESO,I,2000655,000404069830,0000000000306,10135343999,VIC267576290926,28940,SOJA,VOLCABLE_PTO_3,SAN_LORENZO_VOLCABLE,R7,VOLCABLE_PTO_3,TERMINAL_EMBARQUE,EXCEL_PLATFORM_PRODUCT,EXTERNAL_MATCH_FRAGMENTED,ROUTE_NO_EVALUABLE,"FAZON 2026, FAZON 2026",2026-09-29T10:12:00,2026-09-29T13:15:00,2026-09-29T14:02:00,,,2,,,
e0a8662c-2e9,e0a8662c-2e9;543599b4-adf,2,2026-09-29T07:49:53.781-03:00,2026-09-29T14:29:36.220-03:00,400,CAMARA,CAMARA,CAMARA,COMPROB_000400422847,2026-09-29,FEA810,RESIDUOS ORG,RESIDUOS ORG.,,,TERMINAL_EMBARQUE,EGRESO,E,11260,000400422847,,0,,5820,RESIDUOS ORG,,,,,TERMINAL_EMBARQUE,EXCEL_PLATFORM_PRODUCT,EXTERNAL_MATCH_FRAGMENTED,ROUTE_NO_EVALUABLE,"POZOS NEGROS, POZOS NEGROS-DESTINO EFLUENTE RICARDONE. , POZOS NEGROS",2026-09-29T07:52:00,,2026-09-29T14:04:00,,,2,,,
0a2cfacd-256,0a2cfacd-256;e6d5758b-1c2__cycle_1,2,2026-09-29T08:49:05.188-03:00,2026-09-29T09:56:18.529-03:00,67,CAMARA,CAMARA,CAMARA,COMPROB_000400422848,2026-09-29,IRK465,GLICERINA REFINADA,GLICERINA REFINADA,,,TERMINAL_EMBARQUE,EGRESO,E,10968,000400422848,,0,,23500,GLICERINA REFINADA,,LIQUIDO,R8,,TERMINAL_EMBARQUE,EXCEL_PLATFORM_PRODUCT,EXTERNAL_MATCH_FRAGMENTED,ROUTE_NO_EVALUABLE,DIRECTO DE RENOVA,2026-09-29T08:54:00,,2026-09-29T14:08:00,,,2,,,
2359742e-4ce,2359742e-4ce;7db25c9a-9ec,2,2026-09-29T11:59:07.742-03:00,2026-09-29T14:12:23.498-03:00,133,CAMARA,CAMARA,CAMARA,CTG_10135353266,2026-09-29,HKI697,SOJA,SOJA,VOLCABLE_PTO_3,VOLCABLE PTO 3,TERMINAL_EMBARQUE,INGRESO,I,2000655,000404069831,0000100008479,10135353266,VIC300906290926,36540,SOJA,VOLCABLE_PTO_3,SAN_LORENZO_VOLCABLE,R7,VOLCABLE_PTO_3,TERMINAL_EMBARQUE,EXCEL_PLATFORM_PRODUCT,EXTERNAL_MATCH_FRAGMENTED,ROUTE_NO_EVALUABLE,"FAZON 2026, FAZON 2026",2026-09-29T12:00:00,2026-09-29T13:21:00,2026-09-29T14:09:00,,,2,,,
f809238e-d50,f809238e-d50;a7025acb-cf4;e2584874-c3a,3,2026-09-29T11:39:45.170-03:00,2026-09-29T16:16:17.522-03:00,277,CAMARA,CAMARA,CAMARA,COMPROB_000301464901,2026-09-29,UAJ766,PRODUCTOS VARIOS,PRODUCTOS VARIOS,VARIOS,VARIOS,RICARDONE,INGRESO,I,11230,000301464901,0000400422841,0,,1240,PRODUCTOS VARIOS,VARIOS,,,VARIOS,RICARDONE,EXCEL_PLATFORM_PRODUCT,EXTERNAL_MATCH_FRAGMENTED,ROUTE_NO_EVALUABLE,"MERCADERIAS VARIAS DE RICARDONE A PUERTO., MERCADERIAS VARIAS DE RICARDONE A PUERTO.",2026-09-29T13:53:00,,2026-09-29T14:09:00,,,3,,,
19d6bc0a-5d7__cycle_2,19d6bc0a-5d7__cycle_2;55fa5054-0b1;a6aaed95-4e9__cycle_1,3,2026-09-29T08:05:36.477-03:00,2026-09-29T16:12:28.088-03:00,487,CAMARA,CAMARA,CAMARA,COMPROB_000400422849,2026-09-29,EAO104,ACEITE GIRASOL REFINADO,ACEITE GIRASOL REFINADO,ACEITE_OSL,ACEITE OSL,TERMINAL_EMBARQUE,EGRESO,E,11678,000400422849,,0,,28100,ACEITE GIRASOL REFINADO,ACEITE_OSL,LIQUIDO,SL1,ACEITE_OSL,TERMINAL_EMBARQUE,EXCEL_PLATFORM_PRODUCT,EXTERNAL_MATCH_FRAGMENTED,ROUTE_NO_EVALUABLE,,2026-09-29T12:11:00,,2026-09-29T14:19:00,,,3,,,
86d7dc54-647__cycle_2,86d7dc54-647__cycle_2,1,2026-09-29T12:54:37.297-03:00,2026-09-29T14:23:21.601-03:00,89,CAMARA,CAMARA,CAMARA,COMPROB_000404069832,2026-09-29,VCK738,GLICERINA,GLICERINA,,,TERMINAL_EMBARQUE,INGRESO,I,11509,000404069832,0001100019281,0,,30180,GLICERINA,,LIQUIDO,R8,,TERMINAL_EMBARQUE,EXCEL_PLATFORM_PRODUCT,EXTERNAL_MATCH_EXACT,ROUTE_NO_EVALUABLE,,2026-09-29T12:56:00,,2026-09-29T14:20:00,,,1,,,
f37bda15-5e2,f37bda15-5e2;f5cb5beb-b4a;f2c41c26-872,3,2026-09-28T20:16:08.393-03:00,2026-09-29T14:23:47.492-03:00,1088,CAMARA,CAMARA,CAMARA,CTG_30035352249,2026-09-29,GVJ645,ACEITE GIRASOL PARA REFINAR,ACEITE GIRASOL PARA REFINAR,ACEITE_PTO,ACEITE PTO,TERMINAL_EMBARQUE,INGRESO,I,11525,000404069833,0130000043583,30035352249,,28960,ACEITE GIRASOL PARA REFINAR,ACEITE_PTO,LIQUIDO,SL2,ACEITE_PTO,TERMINAL_EMBARQUE,EXCEL_PLATFORM_PRODUCT,EXTERNAL_MATCH_FRAGMENTED,ROUTE_NO_EVALUABLE,"FAZON RENOVA/BUNGE, FAZON RENOVA/BUNGE",2026-09-29T08:58:00,2026-09-29T09:05:00,2026-09-29T14:21:00,,,3,,,
e1c8562e-887,e1c8562e-887;4f51d43e-755,2,2026-09-29T12:43:38.299-03:00,2026-09-29T14:25:33.054-03:00,102,CAMARA,CAMARA,CAMARA,CTG_10235356088,2026-09-29,AB525FS,SOJA,SOJA,VOLCABLE_PTO_5,VOLCABLE PTO 5,TERMINAL_EMBARQUE,INGRESO,I,2000655,000404069834,0000100002998,10235356088,VIC775931290926,32340,SOJA,VOLCABLE_PTO_5,SAN_LORENZO_VOLCABLE,R7,VOLCABLE_PTO_5,TERMINAL_EMBARQUE,EXCEL_PLATFORM_PRODUCT,EXTERNAL_MATCH_FRAGMENTED,ROUTE_NO_EVALUABLE,"FAZON 2026, FAZON 2026",2026-09-29T12:47:00,2026-09-29T13:26:00,2026-09-29T14:23:00,,,2,,,
6c4052e2-590,6c4052e2-590;82ee6454-de1,2,2026-09-29T12:26:20.798-03:00,2026-09-29T14:29:14.222-03:00,123,CAMARA,CAMARA,CAMARA,CTG_10235352838,2026-09-29,PER373,SOJA,SOJA,VOLCABLE_PTO_3,VOLCABLE PTO 3,TERMINAL_EMBARQUE,INGRESO,I,2000655,000404069835,0000100004415,10235352838,VIC640423290926,30500,SOJA,VOLCABLE_PTO_3,SAN_LORENZO_VOLCABLE,R7,VOLCABLE_PTO_3,TERMINAL_EMBARQUE,EXCEL_PLATFORM_PRODUCT,EXTERNAL_MATCH_FRAGMENTED,ROUTE_NO_EVALUABLE,"FAZON 2026, FAZON 2026",2026-09-29T12:29:00,2026-09-29T13:24:00,2026-09-29T14:26:00,,,2,,,
59a3ce01-9be,59a3ce01-9be,1,2026-09-29T12:45:32.973-03:00,2026-09-29T14:46:56.818-03:00,121,CAMARA,CAMARA,CAMARA,COMPROB_000301069929,2026-09-29,KQO037,PRODUCTOS VARIOS,PRODUCTOS VARIOS,VARIOS,VARIOS,RICARDONE,EGRESO,E,11230,000301069929,,0,,7680,PRODUCTOS VARIOS,VARIOS,,,VARIOS,RICARDONE,EXCEL_PLATFORM_PRODUCT,EXTERNAL_MATCH_EXACT,ROUTE_NO_EVALUABLE,"ALMACENES, MERCADERIAS VARIAS DE RICARDONE A PUERTO., ALMACENES",2026-09-29T13:28:00,,2026-09-29T14:28:00,,,1,,,
8051bf51-8fc,8051bf51-8fc;377cdf59-ca4,2,2026-09-29T12:12:08.025-03:00,2026-09-29T14:32:24.819-03:00,140,CAMARA,CAMARA,CAMARA,CTG_10235349475,2026-09-29,LPH029,SOJA,SOJA,VOLCABLE_PTO_3,VOLCABLE PTO 3,TERMINAL_EMBARQUE,INGRESO,I,2000655,000404069836,0000100001950,10235349475,VIC675256290926,36240,SOJA,VOLCABLE_PTO_3,SAN_LORENZO_VOLCABLE,R7,VOLCABLE_PTO_3,TERMINAL_EMBARQUE,EXCEL_PLATFORM_PRODUCT,EXTERNAL_MATCH_FRAGMENTED,ROUTE_NO_EVALUABLE,"FAZON 2026, FAZON 2026",2026-09-29T12:14:00,2026-09-29T13:23:00,2026-09-29T14:29:00,,,2,,,
53cb6047-d69,53cb6047-d69;14a5a308-459;fada12d7-75a,3,2026-09-29T07:39:30.544-03:00,2026-09-29T14:31:13.950-03:00,412,CAMARA,CAMARA,CAMARA,COMPROB_000400422850,2026-09-29,EPH797,SAL GLICERINOSA,SAL GLICERINOSA,,,TERMINAL_EMBARQUE,EGRESO,E,11031,000400422850,,0,,2600,SAL GLICERINOSA,,,,,TERMINAL_EMBARQUE,EXCEL_PLATFORM_PRODUCT,EXTERNAL_MATCH_FRAGMENTED,ROUTE_NO_EVALUABLE,,2026-09-29T14:08:00,,2026-09-29T14:30:00,,,3,,,
4c160965-7f9,4c160965-7f9,1,2026-09-29T10:52:07.963-03:00,2026-09-29T14:35:56.303-03:00,224,CAMARA,CAMARA,CAMARA,COMPROB_000400422851,2026-09-29,LAU467,BORRA DE ACSOJA REFINADO,BORRA DE AC.SOJA REFINADO,,,TERMINAL_EMBARQUE,EGRESO,E,10926,000400422851,,0,,26720,BORRA DE ACSOJA REFINADO,,,SL2,,TERMINAL_EMBARQUE,EXCEL_PLATFORM_PRODUCT,EXTERNAL_MATCH_EXACT,ROUTE_NO_EVALUABLE,DESPACHOS RENOVA.,2026-09-29T10:54:00,,2026-09-29T14:34:00,,,1,,,
bbca0554-e17,bbca0554-e17,1,2026-09-29T08:51:04.472-03:00,2026-09-29T14:37:50.189-03:00,347,CAMARA,CAMARA,CAMARA,COMPROB_000400422852,2026-09-29,MSE565,PRODUCTOS VARIOS,PRODUCTOS VARIOS,,,TERMINAL_EMBARQUE,EGRESO,E,999999,000400422852,,0,,440,PRODUCTOS VARIOS,,,,,TERMINAL_EMBARQUE,EXCEL_PLATFORM_PRODUCT,EXTERNAL_MATCH_EXACT,ROUTE_NO_EVALUABLE,"RETIRA MATERIALES PARA FREIJE AUTORIZA TORTUL, RETIRA MATERIALES PARA FREIJE AUTORIZA TORTUL",2026-09-29T13:58:00,,2026-09-29T14:37:00,,,1,,,
417a5010-30b,417a5010-30b;101f676d-8db,2,2026-09-29T11:50:44.672-03:00,2026-09-29T14:47:21.737-03:00,177,CAMARA,CAMARA,CAMARA,CTG_10135340214,2026-09-29,GVN053,SOJA,SOJA,VOLCABLE_PTO_5,VOLCABLE PTO 5,TERMINAL_EMBARQUE,INGRESO,I,2000652,000404069837,0000100003773,10135340214,VIC094880290926,36500,SOJA,VOLCABLE_PTO_5,SAN_LORENZO_VOLCABLE,R7,VOLCABLE_PTO_5,TERMINAL_EMBARQUE,EXCEL_PLATFORM_PRODUCT,EXTERNAL_MATCH_FRAGMENTED,ROUTE_NO_EVALUABLE,"FAZON 2026, FAZON 2026",2026-09-29T11:52:00,2026-09-29T13:20:00,2026-09-29T14:44:00,,,2,,,
3a77b534-e70,3a77b534-e70,1,2026-09-29T10:00:04.259-03:00,2026-09-29T14:49:46.395-03:00,290,CAMARA,CAMARA,CAMARA,COMPROB_000400422853,2026-09-29,SCG152,ACEITE GIRASOL REFINADO,ACEITE GIRASOL REFINADO,ACEITE_OSL,ACEITE OSL,TERMINAL_EMBARQUE,EGRESO,E,11526,000400422853,,0,,27200,ACEITE GIRASOL REFINADO,ACEITE_OSL,LIQUIDO,SL1,ACEITE_OSL,TERMINAL_EMBARQUE,EXCEL_PLATFORM_PRODUCT,EXTERNAL_MATCH_EXACT,ROUTE_NO_EVALUABLE,FAZON RENOVA/BUNGE,2026-09-29T10:01:00,,2026-09-29T14:48:00,,,1,,,
325e5a0e-7d1,325e5a0e-7d1;7c0ad0b1-687;b51ba8c2-3f5,3,2026-09-29T08:10:05.851-03:00,2026-09-29T18:29:57.281-03:00,620,CAMARA,CAMARA,CAMARA,COMPROB_000400422854,2026-09-29,AB675DP,RESIDUOS ORG,RESIDUOS ORG.,,,TERMINAL_EMBARQUE,EGRESO,E,11003,000400422854,,0,,27700,RESIDUOS ORG,,,,,TERMINAL_EMBARQUE,EXCEL_PLATFORM_PRODUCT,EXTERNAL_MATCH_FRAGMENTED,ROUTE_NO_EVALUABLE,"SANEAMIENTO DE TORRES DE ENFRIAMIENTO + CLARIFICADORA , DESPACHO RESIDUOS ORGANICOS FUERA DE PLANTA:DF, SANEAMIENTO DE TORRES DE ENFRIAMIENTO + CLARIFICADORA",2026-09-29T12:50:00,,2026-09-29T14:50:00,,,3,,,
49af2e5f-71d,49af2e5f-71d,1,2026-09-29T13:26:23.327-03:00,2026-09-29T14:52:40.024-03:00,86,CAMARA,CAMARA,CAMARA,COMPROB_000404069839,2026-09-29,KJR424,PRODUCTOS VARIOS,PRODUCTOS VARIOS,,,TERMINAL_EMBARQUE,INGRESO,I,888888,000404069839,000700097533,0,,6340,PRODUCTOS VARIOS,,,,,TERMINAL_EMBARQUE,EXCEL_PLATFORM_PRODUCT,EXTERNAL_MATCH_EXACT,ROUTE_NO_EVALUABLE,TRABAJO VARIOS,2026-09-29T13:28:00,,2026-09-29T14:52:00,,,1,,,
fdf3e8d5-2c9__cycle_2,fdf3e8d5-2c9__cycle_2;1eee524d-651,2,2026-09-29T09:30:53.430-03:00,2026-09-29T14:56:40.417-03:00,326,CAMARA,CAMARA,CAMARA,CTG_30035362157,2026-09-29,AF697MM,PELLETS GIRASOL,PELLETS GIRASOL,,,RICARDONE,EGRESO,E,95500,000301069930,0000300032666,30035362157,,30400,PELLETS GIRASOL,,,R13,,RICARDONE,EXCEL_PLATFORM_PRODUCT,EXTERNAL_MATCH_FRAGMENTED,ROUTE_NO_EVALUABLE,FAZON 2026,2026-09-28T16:25:00,,2026-09-29T14:33:00,,,2,,,
ac7f61b2-0eb__cycle_1,ac7f61b2-0eb__cycle_1;ac7f61b2-0eb__cycle_2,2,2026-09-28T22:42:12.370-03:00,2026-09-29T14:51:44.535-03:00,970,CAMARA,CAMARA,CAMARA,CTG_10235339123,2026-09-29,UGP079,GIRASOL,GIRASOL,VOLCABLE_2,VOLCABLE 2,RICARDONE,INGRESO,I,2000664,000301464902,0482300002990,10235339123,VIC494159280926,26000,GIRASOL,VOLCABLE_2,VOLCABLE,R6,VOLCABLE_2,RICARDONE,EXCEL_PLATFORM_PRODUCT,EXTERNAL_MATCH_FRAGMENTED,ROUTE_NO_EVALUABLE,"FASON GIRASOL, FASON GIRASOL",2026-09-28T22:43:00,2026-09-29T00:51:00,2026-09-29T14:54:00,,,2,,,
8aa230d9-a57,8aa230d9-a57;e59f1bc2-0ae,2,2026-09-29T08:25:15.905-03:00,2026-09-29T14:58:15.438-03:00,393,CAMARA,CAMARA,CAMARA,CTG_10235343141,2026-09-29,ONH330,SOJA,SOJA,VOLCABLE_PTO_5,VOLCABLE PTO 5,TERMINAL_EMBARQUE,INGRESO,I,2000655,000404069840,0000000012533,10235343141,VIC053909290926,35120,SOJA,VOLCABLE_PTO_5,SAN_LORENZO_VOLCABLE,R7,VOLCABLE_PTO_5,TERMINAL_EMBARQUE,EXCEL_PLATFORM_PRODUCT,EXTERNAL_MATCH_FRAGMENTED,ROUTE_NO_EVALUABLE,"FAZON 2026, FAZON 2026",2026-09-29T08:26:00,2026-09-29T08:48:00,2026-09-29T14:56:00,,,2,,,
c79f0e43-152,c79f0e43-152;a28745bc-872,2,2026-09-29T09:31:27.258-03:00,2026-09-29T15:00:57.823-03:00,330,CAMARA,CAMARA,CAMARA,CTG_30035352613,2026-09-29,CSB958,ACEITE GIRASOL PARA REFINAR,ACEITE GIRASOL PARA REFINAR,ACEITE_PTO,ACEITE PTO,TERMINAL_EMBARQUE,INGRESO,I,11525,000404069841,0130000043585,30035352613,,29300,ACEITE GIRASOL PARA REFINAR,ACEITE_PTO,LIQUIDO,SL2,ACEITE_PTO,TERMINAL_EMBARQUE,EXCEL_PLATFORM_PRODUCT,EXTERNAL_MATCH_FRAGMENTED,ROUTE_NO_EVALUABLE,"FAZON RENOVA/BUNGE, FAZON RENOVA/BUNGE",2026-09-29T09:32:00,2026-09-29T09:42:00,2026-09-29T14:59:00,,,2,,,
49dbc876-d50,49dbc876-d50;8e4847ee-346,2,2026-09-28T08:49:55.198-03:00,2026-09-29T15:26:09.319-03:00,1836,CAMARA,CAMARA,CAMARA,COMPROB_000301069931,2026-09-29,AF670GC,BORRA ACEITE GIRASOL,BORRA ACEITE GIRASOL,ACEITE,ACEITE,RICARDONE,EGRESO,E,96022,000301069931,,0,,20400,BORRA ACEITE GIRASOL,ACEITE,LIQUIDO,R8,ACEITE,RICARDONE,EXCEL_PLATFORM_PRODUCT,EXTERNAL_MATCH_FRAGMENTED,ROUTE_NO_EVALUABLE,"BORRAS DE FONDO TK03, TK 03., BORRAS DE FONDO TK03",2026-09-28T08:49:00,,2026-09-29T15:00:00,,,2,,,
537da80a-f74,537da80a-f74;18391e51-92b;92b632a4-122;c944c99b-2fb__cycle_1,4,2026-09-29T08:36:28.026-03:00,2026-09-29T16:06:04.930-03:00,450,CAMARA,CAMARA,CAMARA,COMPROB_000400422856,2026-09-29,AA703FC,TIERRA DESC FILTROS,TIERRA DESC FILTROS,,,TERMINAL_EMBARQUE,EGRESO,E,11046,000400422856,,0,,2060,TIERRA DESC FILTROS,,,,,TERMINAL_EMBARQUE,EXCEL_PLATFORM_PRODUCT,EXTERNAL_MATCH_FRAGMENTED,ROUTE_NO_EVALUABLE,,2026-09-29T12:52:00,,2026-09-29T15:03:00,,,4,,,
2b5cfb3d-e2a,2b5cfb3d-e2a;11c27771-5bc,2,2026-09-29T09:09:26.723-03:00,2026-09-29T17:07:47.813-03:00,478,CAMARA,CAMARA,CAMARA,COMPROB_009702023094,2026-09-29,MWH059,ACEITE GIRASOL REFINADO,ACEITE GIRASOL REFINADO,,,RENOPACK,INGRESO,I,50042,009702023094,0000500066575,0,,28110,ACEITE GIRASOL REFINADO,,LIQUIDO,,,RENOPACK,EXCEL_PLATFORM_PRODUCT,EXTERNAL_MATCH_FRAGMENTED,ROUTE_NO_EVALUABLE,"RECIBOS ACEITE REFINADO GIRASOL COMMODITIES, RECIBOS ACEITE REFINADO GIRASOL COMMODITIES",2026-09-29T13:09:00,,2026-09-29T15:04:00,,,2,,,
e2c40fc7-900,e2c40fc7-900,1,2026-09-29T14:08:10.032-03:00,2026-09-29T15:08:08.916-03:00,60,CAMARA,CAMARA,CAMARA,COMPROB_000404069842,2026-09-29,AE034PS,PRODUCTOS VARIOS,PRODUCTOS VARIOS,,,TERMINAL_EMBARQUE,INGRESO,I,888888,000404069842,000700097534,0,,8580,PRODUCTOS VARIOS,,,,,TERMINAL_EMBARQUE,EXCEL_PLATFORM_PRODUCT,EXTERNAL_MATCH_EXACT,ROUTE_NO_EVALUABLE,TRABAJO VARIOS,2026-09-29T14:10:00,,2026-09-29T15:08:00,,,1,,,
f809238e-d50,f809238e-d50;a7025acb-cf4;e2584874-c3a,3,2026-09-29T11:39:45.170-03:00,2026-09-29T16:16:17.522-03:00,277,CAMARA,CAMARA,CAMARA,COMPROB_000301069932,2026-09-29,UAJ766,PRODUCTOS VARIOS,PRODUCTOS VARIOS,VARIOS,VARIOS,RICARDONE,EGRESO,E,11230,000301069932,,0,,640,PRODUCTOS VARIOS,VARIOS,,,VARIOS,RICARDONE,EXCEL_PLATFORM_PRODUCT,EXTERNAL_MATCH_FRAGMENTED,ROUTE_NO_EVALUABLE,MERCADERIAS VARIAS DE RICARDONE A PUERTO.,2026-09-29T14:13:00,,2026-09-29T15:09:00,,,3,,,
0e260253-15e,0e260253-15e;8e08e754-e8b,2,2026-09-29T08:37:52.749-03:00,2026-09-29T15:13:15.958-03:00,395,CAMARA,CAMARA,CAMARA,CTG_10235336785,2026-09-29,AD386JA,SOJA,SOJA,VOLCABLE_PTO_5,VOLCABLE PTO 5,TERMINAL_EMBARQUE,INGRESO,I,2000655,000404069843,0000000000221,10235336785,VIC319684280926,37000,SOJA,VOLCABLE_PTO_5,SAN_LORENZO_VOLCABLE,R7,VOLCABLE_PTO_5,TERMINAL_EMBARQUE,EXCEL_PLATFORM_PRODUCT,EXTERNAL_MATCH_FRAGMENTED,ROUTE_NO_EVALUABLE,"FAZON 2026, FAZON 2026",2026-09-29T08:39:00,2026-09-29T08:56:00,2026-09-29T15:11:00,,,2,,,
bcb80b0d-cd4,bcb80b0d-cd4;395a4740-cf5,2,2026-09-29T09:01:15.495-03:00,2026-09-29T15:16:40.880-03:00,375,CAMARA,CAMARA,CAMARA,COMPROB_000400422857,2026-09-29,LGZ704,ACEITE GIRASOL REFINADO,ACEITE GIRASOL REFINADO,ACEITE_OSL,ACEITE OSL,TERMINAL_EMBARQUE,EGRESO,E,11678,000400422857,,0,,28580,ACEITE GIRASOL REFINADO,ACEITE_OSL,LIQUIDO,SL1,ACEITE_OSL,TERMINAL_EMBARQUE,EXCEL_PLATFORM_PRODUCT,EXTERNAL_MATCH_FRAGMENTED,ROUTE_NO_EVALUABLE,,2026-09-29T13:01:00,,2026-09-29T15:15:00,,,2,,,
55451d1f-b38,55451d1f-b38;edf419eb-e7d;9699ee5b-efa,3,2026-09-29T13:47:46.523-03:00,2026-09-29T23:40:28.132-03:00,593,CAMARA,CAMARA,CAMARA,CTG_10235352694,2026-09-29,OKH237,SOJA,SOJA,VOLCABLE_PTO_5,VOLCABLE PTO 5,TERMINAL_EMBARQUE,INGRESO,I,2000655,000404069844,0000000003545,10235352694,VIC273387290926,29560,SOJA,VOLCABLE_PTO_5,SAN_LORENZO_VOLCABLE,R7,VOLCABLE_PTO_5,TERMINAL_EMBARQUE,EXCEL_PLATFORM_PRODUCT,EXTERNAL_MATCH_FRAGMENTED,ROUTE_NO_EVALUABLE,"FAZON 2026, FAZON 2026",2026-09-29T13:51:00,2026-09-29T13:58:00,2026-09-29T15:17:00,,,3,,,
80c3e4cd-3f0,80c3e4cd-3f0;51d0b807-a81;584a3a7f-5d8,3,2026-09-29T07:36:12.295-03:00,2026-09-29T22:24:54.155-03:00,889,CAMARA,CAMARA,CAMARA,COMPROB_000404069845,2026-09-29,CMF111,AGUA INDUSTRIAL,AGUA INDUSTRIAL,ACEITE_OSL,ACEITE OSL,TERMINAL_EMBARQUE,INGRESO,I,11529,000404069845,0001100019283,0,,28000,AGUA INDUSTRIAL,ACEITE_OSL,LIQUIDO,SL1,ACEITE_OSL,TERMINAL_EMBARQUE,EXCEL_PLATFORM_PRODUCT,EXTERNAL_MATCH_FRAGMENTED,ROUTE_NO_EVALUABLE,,2026-09-29T13:55:00,,2026-09-29T15:18:00,,,3,,,
3996835f-a22,3996835f-a22,1,2026-09-29T14:53:55.730-03:00,2026-09-29T15:28:45.785-03:00,35,CAMARA,CAMARA,CAMARA,CTG_10235339034,2026-09-29,BFE057,GIRASOL,GIRASOL,VOLCABLE_2,VOLCABLE 2,RICARDONE,INGRESO,I,2000664,000301464903,0405200004057,10235339034,VIC298041290926,29280,GIRASOL,VOLCABLE_2,VOLCABLE,R6,VOLCABLE_2,RICARDONE,EXCEL_PLATFORM_PRODUCT,EXTERNAL_MATCH_EXACT,ROUTE_NO_EVALUABLE,"FASON GIRASOL, FASON GIRASOL",2026-09-28T23:05:00,2026-09-29T00:53:00,2026-09-29T15:30:00,,,1,,,
f67a7e3e-584,f67a7e3e-584;4891a817-8a9,2,2026-09-29T14:02:05.390-03:00,2026-09-29T15:38:08.767-03:00,96,CAMARA,CAMARA,CAMARA,CTG_10135355343,2026-09-29,FVJ248,SOJA,SOJA,VOLCABLE_PTO_5,VOLCABLE PTO 5,TERMINAL_EMBARQUE,INGRESO,I,2000655,000404069846,0000100008482,10135355343,VIC917873290926,36160,SOJA,VOLCABLE_PTO_5,SAN_LORENZO_VOLCABLE,R7,VOLCABLE_PTO_5,TERMINAL_EMBARQUE,EXCEL_PLATFORM_PRODUCT,EXTERNAL_MATCH_FRAGMENTED,ROUTE_NO_EVALUABLE,"FAZON 2026, FAZON 2026",2026-09-29T13:52:00,2026-09-29T14:05:00,2026-09-29T15:36:00,,,2,,,
3d7c2ead-26b,3d7c2ead-26b;de67fcd4-976,2,2026-09-29T11:24:19.138-03:00,2026-09-29T15:44:35.841-03:00,260,CAMARA,CAMARA,CAMARA,CTG_30035355578,2026-09-29,JUP399,ACEITE GIRASOL PARA REFINAR,ACEITE GIRASOL PARA REFINAR,ACEITE_PTO,ACEITE PTO,TERMINAL_EMBARQUE,INGRESO,I,11525,000404069847,0130000043596,30035355578,,29840,ACEITE GIRASOL PARA REFINAR,ACEITE_PTO,LIQUIDO,SL2,ACEITE_PTO,TERMINAL_EMBARQUE,EXCEL_PLATFORM_PRODUCT,EXTERNAL_MATCH_FRAGMENTED,ROUTE_NO_EVALUABLE,"FAZON RENOVA/BUNGE, FAZON RENOVA/BUNGE",2026-09-29T11:25:00,2026-09-29T11:35:00,2026-09-29T15:41:00,,,2,,,
e0a8662c-2e9,e0a8662c-2e9;543599b4-adf,2,2026-09-29T07:49:53.781-03:00,2026-09-29T14:29:36.220-03:00,400,CAMARA,CAMARA,CAMARA,COMPROB_000301464904,2026-09-29,FEA810,RESIDUOS ORG,RESIDUOS ORG.,,,RICARDONE,INGRESO,I,11260,000301464904,0000400422847,0,,5800,RESIDUOS ORG,,,,,RICARDONE,EXCEL_PLATFORM_PRODUCT,EXTERNAL_MATCH_FRAGMENTED,ROUTE_NO_EVALUABLE,"POZOS NEGROS-DESTINO EFLUENTE RICARDONE. , POZOS NEGROS-DESTINO EFLUENTE RICARDONE.",2026-09-29T14:26:00,,2026-09-29T15:43:00,,,2,,,
d3ad49a8-3af__cycle_2,d3ad49a8-3af__cycle_2,1,2026-09-29T14:00:23.896-03:00,2026-09-29T15:44:41.278-03:00,104,CAMARA,CAMARA,CAMARA,CTG_10235346872,2026-09-29,DMF054,GIRASOL,GIRASOL,KEPPLER_2,KEPPLER 2,RICARDONE,INGRESO,I,2000664,000301464905,0482300003000,10235346872,VIC430603280926,29100,GIRASOL,KEPPLER_2,KEPLER,R4,KEPPLER_2,RICARDONE,EXCEL_PLATFORM_PRODUCT,EXTERNAL_MATCH_EXACT,ROUTE_NO_EVALUABLE,"FASON GIRASOL, FASON GIRASOL",2026-09-29T01:21:00,2026-09-29T01:54:00,2026-09-29T15:46:00,,,1,,,
8018a448-ccc,8018a448-ccc,1,2026-09-29T12:52:12.646-03:00,2026-09-29T16:10:10.855-03:00,198,CAMARA,CAMARA,CAMARA,COMPROB_000404069848,2026-09-29,AI072HH,PRODUCTOS VARIOS,PRODUCTOS VARIOS,,,TERMINAL_EMBARQUE,INGRESO,I,888888,000404069848,000300003963,0,,3240,PRODUCTOS VARIOS,,,,,TERMINAL_EMBARQUE,EXCEL_PLATFORM_PRODUCT,EXTERNAL_MATCH_EXACT,ROUTE_NO_EVALUABLE,TRABAJO VARIOS,2026-09-29T13:35:00,,2026-09-29T15:48:00,,,1,,,
26710506-c3a,26710506-c3a,1,2026-09-29T10:08:51.412-03:00,2026-09-29T15:49:59.971-03:00,341,CAMARA,CAMARA,CAMARA,COMPROB_000400422858,2026-09-29,KWO040,ACEITE GIRASOL REFINADO,ACEITE GIRASOL REFINADO,ACEITE_OSL,ACEITE OSL,TERMINAL_EMBARQUE,EGRESO,E,11526,000400422858,,0,,28640,ACEITE GIRASOL REFINADO,ACEITE_OSL,LIQUIDO,SL1,ACEITE_OSL,TERMINAL_EMBARQUE,EXCEL_PLATFORM_PRODUCT,EXTERNAL_MATCH_EXACT,ROUTE_NO_EVALUABLE,FAZON RENOVA/BUNGE,2026-09-29T10:10:00,,2026-09-29T15:48:00,,,1,,,
19d6bc0a-5d7__cycle_2,19d6bc0a-5d7__cycle_2;55fa5054-0b1;a6aaed95-4e9__cycle_1,3,2026-09-29T08:05:36.477-03:00,2026-09-29T16:12:28.088-03:00,487,CAMARA,CAMARA,CAMARA,COMPROB_009702023095,2026-09-29,EAO104,ACEITE GIRASOL REFINADO,ACEITE GIRASOL REFINADO,,,RENOPACK,INGRESO,I,50042,009702023095,0000500066580,0,,28080,ACEITE GIRASOL REFINADO,,LIQUIDO,,,RENOPACK,EXCEL_PLATFORM_PRODUCT,EXTERNAL_MATCH_FRAGMENTED,ROUTE_NO_EVALUABLE,"RECIBOS ACEITE REFINADO GIRASOL COMMODITIES, RECIBOS ACEITE REFINADO GIRASOL COMMODITIES",2026-09-29T14:35:00,,2026-09-29T15:51:00,,,3,,,
db37fb76-34e,db37fb76-34e,1,2026-09-29T07:59:27.334-03:00,2026-09-29T16:09:18.834-03:00,490,CAMARA,CAMARA,CAMARA,COMPROB_000404069850,2026-09-29,AE052QO,PRODUCTOS VARIOS,PRODUCTOS VARIOS,,,TERMINAL_EMBARQUE,INGRESO,I,888888,000404069850,000000012485,0,,180,PRODUCTOS VARIOS,,,,,TERMINAL_EMBARQUE,EXCEL_PLATFORM_PRODUCT,EXTERNAL_MATCH_EXACT,ROUTE_NO_EVALUABLE,TRABAJO VARIOS,2026-09-29T08:04:00,,2026-09-29T15:57:00,,,1,,,
544d991f-648,544d991f-648;b1b16a73-8bf,2,2026-09-29T14:32:09.316-03:00,2026-09-29T16:11:57.338-03:00,100,CAMARA,CAMARA,CAMARA,CTG_10135354595,2026-09-29,AF535DO,SOJA,SOJA,VOLCABLE_PTO_3,VOLCABLE PTO 3,TERMINAL_EMBARQUE,INGRESO,I,2000655,000404069851,0000100008481,10135354595,VIC894514290926,38300,SOJA,VOLCABLE_PTO_3,SAN_LORENZO_VOLCABLE,R7,VOLCABLE_PTO_3,TERMINAL_EMBARQUE,EXCEL_PLATFORM_PRODUCT,EXTERNAL_MATCH_FRAGMENTED,ROUTE_NO_EVALUABLE,"FAZON 2026, FAZON 2026",2026-09-29T14:34:00,2026-09-29T15:31:00,2026-09-29T16:02:00,,,2,,,
b5f7dd9d-d11,b5f7dd9d-d11;083043ad-3d9,2,2026-09-29T11:00:36.417-03:00,2026-09-29T16:12:28.590-03:00,312,CAMARA,CAMARA,CAMARA,CTG_10135346797,2026-09-29,MOL604,SOJA,SOJA,VOLCABLE_PTO_5,VOLCABLE PTO 5,TERMINAL_EMBARQUE,INGRESO,I,2000652,000404069852,0010000002662,10135346797,VIC298250290926,28460,SOJA,VOLCABLE_PTO_5,SAN_LORENZO_VOLCABLE,R7,VOLCABLE_PTO_5,TERMINAL_EMBARQUE,EXCEL_PLATFORM_PRODUCT,EXTERNAL_MATCH_FRAGMENTED,ROUTE_NO_EVALUABLE,"FAZON 2026, FAZON 2026",2026-09-29T11:02:00,2026-09-29T13:18:00,2026-09-29T16:04:00,,,2,,,
347c5815-914__cycle_2,347c5815-914__cycle_2,1,2026-09-29T06:24:56.502-03:00,2026-09-29T16:18:21.491-03:00,593,CAMARA,CAMARA,CAMARA,COMPROB_000404069853,2026-09-29,AF260KA,METANOL,METANOL,,,TERMINAL_EMBARQUE,INGRESO,I,10914,000404069853,110400136419,0,,36020,METANOL,,,,,TERMINAL_EMBARQUE,EXCEL_PLATFORM_PRODUCT,EXTERNAL_MATCH_EXACT,ROUTE_NO_EVALUABLE,,2026-09-28T20:34:00,,2026-09-29T16:13:00,,,1,,,
f809238e-d50,f809238e-d50;a7025acb-cf4;e2584874-c3a,3,2026-09-29T11:39:45.170-03:00,2026-09-29T16:16:17.522-03:00,277,CAMARA,CAMARA,CAMARA,COMPROB_000404069854,2026-09-29,UAJ766,PRODUCTOS VARIOS,PRODUCTOS VARIOS,,,TERMINAL_EMBARQUE,INGRESO,I,11230,000404069854,0000301069932,0,,640,PRODUCTOS VARIOS,,,,,TERMINAL_EMBARQUE,EXCEL_PLATFORM_PRODUCT,EXTERNAL_MATCH_FRAGMENTED,ROUTE_NO_EVALUABLE,"MERCADERIAS VARIAS DE RICARDONE A PUERTO., MERCADERIAS VARIAS DE RICARDONE A PUERTO.",2026-09-29T15:28:00,,2026-09-29T16:13:00,,,3,,,
76c7e95f-708,76c7e95f-708;6cce8e7e-c94,2,2026-09-29T14:42:09.350-03:00,2026-09-29T16:20:36.865-03:00,98,CAMARA,CAMARA,CAMARA,CTG_10135349191,2026-09-29,AB605VN,SOJA,SOJA,VOLCABLE_PTO_3,VOLCABLE PTO 3,TERMINAL_EMBARQUE,INGRESO,I,2000655,000404069855,0000000001553,10135349191,VIC279015280926,35200,SOJA,VOLCABLE_PTO_3,SAN_LORENZO_VOLCABLE,R7,VOLCABLE_PTO_3,TERMINAL_EMBARQUE,EXCEL_PLATFORM_PRODUCT,EXTERNAL_MATCH_FRAGMENTED,ROUTE_NO_EVALUABLE,"FAZON 2026, FAZON 2026",2026-09-29T14:43:00,2026-09-29T15:35:00,2026-09-29T16:16:00,,,2,,,
cfa1cb0b-62f,cfa1cb0b-62f,1,2026-09-29T11:37:43.562-03:00,2026-09-29T16:20:10.535-03:00,282,CAMARA,CAMARA,CAMARA,COMPROB_000400422859,2026-09-29,EGV380,ACEITE GIRASOL REFINADO,ACEITE GIRASOL REFINADO,ACEITE_OSL,ACEITE OSL,TERMINAL_EMBARQUE,EGRESO,E,11526,000400422859,,0,,28120,ACEITE GIRASOL REFINADO,ACEITE_OSL,LIQUIDO,SL1,ACEITE_OSL,TERMINAL_EMBARQUE,EXCEL_PLATFORM_PRODUCT,EXTERNAL_MATCH_EXACT,ROUTE_NO_EVALUABLE,FAZON RENOVA/BUNGE,2026-09-29T11:39:00,,2026-09-29T16:18:00,,,1,,,
10e2d68c-094,10e2d68c-094;a04d7878-81d,2,2026-09-29T14:28:25.544-03:00,2026-09-29T16:28:51.223-03:00,120,CAMARA,CAMARA,CAMARA,CTG_10135358020,2026-09-29,JYY048,SOJA,SOJA,VOLCABLE_PTO_3,VOLCABLE PTO 3,TERMINAL_EMBARQUE,INGRESO,I,2000652,000404069856,0000000000568,10135358020,VIC589417290926,37220,SOJA,VOLCABLE_PTO_3,SAN_LORENZO_VOLCABLE,R7,VOLCABLE_PTO_3,TERMINAL_EMBARQUE,EXCEL_PLATFORM_PRODUCT,EXTERNAL_MATCH_FRAGMENTED,ROUTE_NO_EVALUABLE,"FAZON 2026, FAZON 2026",2026-09-29T14:30:00,2026-09-29T15:28:00,2026-09-29T16:22:00,,,2,,,
ee3c172f-99f__cycle_3,ee3c172f-99f__cycle_3;642bc634-c12,2,2026-09-29T11:43:46.968-03:00,2026-09-29T16:27:01.099-03:00,283,CAMARA,CAMARA,CAMARA,CTG_30035355957,2026-09-29,FLF111,ACEITE GIRASOL PARA REFINAR,ACEITE GIRASOL PARA REFINAR,ACEITE_PTO,ACEITE PTO,TERMINAL_EMBARQUE,INGRESO,I,11525,000404069857,0130000043597,30035355957,,29460,ACEITE GIRASOL PARA REFINAR,ACEITE_PTO,LIQUIDO,SL2,ACEITE_PTO,TERMINAL_EMBARQUE,EXCEL_PLATFORM_PRODUCT,EXTERNAL_MATCH_FRAGMENTED,ROUTE_NO_EVALUABLE,"FAZON RENOVA/BUNGE, FAZON RENOVA/BUNGE",2026-09-29T11:47:00,2026-09-29T11:58:00,2026-09-29T16:23:00,,,2,,,
81304c19-1b1__cycle_1,81304c19-1b1__cycle_1,1,2026-09-28T23:05:34.690-03:00,2026-09-29T01:04:28.523-03:00,119,CAMARA,CAMARA,CAMARA,CTG_10235314141,2026-09-29,BXN336,GIRASOL,GIRASOL,VOLCABLE_2,VOLCABLE 2,RICARDONE,INGRESO,I,2000664,000301464906,0405200004049,10235314141,VIC978164280926,29560,GIRASOL,VOLCABLE_2,VOLCABLE,R6,VOLCABLE_2,RICARDONE,EXCEL_PLATFORM_PRODUCT,EXTERNAL_MATCH_PROBABLE,ROUTE_NO_DISCHARGE_POINT,"FASON GIRASOL, FASON GIRASOL",2026-09-28T23:06:00,2026-09-29T00:57:00,2026-09-29T16:29:00,,,1,,,
c640e13f-63d,c640e13f-63d;9d459604-c0b,2,2026-09-29T14:30:39.872-03:00,2026-09-29T16:32:59.402-03:00,122,CAMARA,CAMARA,CAMARA,CTG_10135358409,2026-09-29,KFJ723,SOJA,SOJA,VOLCABLE_PTO_3,VOLCABLE PTO 3,TERMINAL_EMBARQUE,INGRESO,I,2000652,000404069858,0000000000569,10135358409,VIC969611290926,35740,SOJA,VOLCABLE_PTO_3,SAN_LORENZO_VOLCABLE,R7,VOLCABLE_PTO_3,TERMINAL_EMBARQUE,EXCEL_PLATFORM_PRODUCT,EXTERNAL_MATCH_FRAGMENTED,ROUTE_NO_EVALUABLE,"FAZON 2026, FAZON 2026",2026-09-29T14:32:00,2026-09-29T15:29:00,2026-09-29T16:31:00,,,2,,,
bcb80b0d-cd4,bcb80b0d-cd4;395a4740-cf5,2,2026-09-29T09:01:15.495-03:00,2026-09-29T15:16:40.880-03:00,375,CAMARA,CAMARA,CAMARA,COMPROB_009702023096,2026-09-29,LGZ704,ACEITE GIRASOL REFINADO,ACEITE GIRASOL REFINADO,,,RENOPACK,INGRESO,I,50042,009702023096,0000500066584,0,,28570,ACEITE GIRASOL REFINADO,,LIQUIDO,,,RENOPACK,EXCEL_PLATFORM_PRODUCT,EXTERNAL_MATCH_FRAGMENTED,ROUTE_NO_EVALUABLE,"RECIBOS ACEITE REFINADO GIRASOL COMMODITIES, RECIBOS ACEITE REFINADO GIRASOL COMMODITIES",2026-09-29T15:29:00,,2026-09-29T16:33:00,,,2,,,
826c4284-be8,826c4284-be8,1,2026-09-29T14:20:39.597-03:00,2026-09-29T15:38:46.885-03:00,78,CAMARA,CAMARA,CAMARA,CTG_10135353996,2026-09-29,IYE454,SOJA,SOJA,VOLCABLE_PTO_3,VOLCABLE PTO 3,TERMINAL_EMBARQUE,INGRESO,I,2000655,000404069859,0000100008480,10135353996,VIC461437290926,36100,SOJA,VOLCABLE_PTO_3,SAN_LORENZO_VOLCABLE,R7,VOLCABLE_PTO_3,TERMINAL_EMBARQUE,EXCEL_PLATFORM_PRODUCT,EXTERNAL_MATCH_EXACT,ROUTE_NO_EVALUABLE,"FAZON 2026, FAZON 2026",2026-09-29T14:22:00,2026-09-29T15:24:00,2026-09-29T16:36:00,,,1,,,
9302dd57-897,9302dd57-897;79a13b59-a0d,2,2026-09-29T14:42:56.475-03:00,2026-09-29T16:43:36.313-03:00,121,CAMARA,CAMARA,CAMARA,CTG_10235352869,2026-09-29,EXE673,SOJA,SOJA,VOLCABLE_PTO_3,VOLCABLE PTO 3,TERMINAL_EMBARQUE,INGRESO,I,2000655,000404069860,0000000011353,10235352869,VIC181851290926,29840,SOJA,VOLCABLE_PTO_3,SAN_LORENZO_VOLCABLE,R7,VOLCABLE_PTO_3,TERMINAL_EMBARQUE,EXCEL_PLATFORM_PRODUCT,EXTERNAL_MATCH_FRAGMENTED,ROUTE_NO_EVALUABLE,"FAZON 2026, FAZON 2026",2026-09-29T14:44:00,2026-09-29T15:36:00,2026-09-29T16:41:00,,,2,,,
6a412683-405,6a412683-405,1,2026-09-29T12:23:07.186-03:00,2026-09-29T16:46:09.534-03:00,263,CAMARA,CAMARA,CAMARA,COMPROB_000400422860,2026-09-29,KWN857,RESIDUOS ORG,RESIDUOS ORG.,,,TERMINAL_EMBARQUE,EGRESO,E,11003,000400422860,,0,,24480,RESIDUOS ORG,,,,,TERMINAL_EMBARQUE,EXCEL_PLATFORM_PRODUCT,EXTERNAL_MATCH_EXACT,ROUTE_NO_EVALUABLE,"SANEAMIENTO DE TORRES DE ENFRIAMIENTO + CLARIFICADORA , DESPACHO RESIDUOS ORGANICOS FUERA DE PLANTA:DF, SANEAMIENTO DE TORRES DE ENFRIAMIENTO + CLARIFICADORA",2026-09-29T12:27:00,,2026-09-29T16:44:00,,,1,,,
52d362d9-879,52d362d9-879;a7c9adc1-bef,2,2026-09-29T14:43:45.119-03:00,2026-09-29T16:52:20.283-03:00,129,CAMARA,CAMARA,CAMARA,CTG_10235353280,2026-09-29,GGR714,SOJA,SOJA,VOLCABLE_PTO_3,VOLCABLE PTO 3,TERMINAL_EMBARQUE,INGRESO,I,2000655,000404069861,0000000011354,10235353280,VIC187127290926,29880,SOJA,VOLCABLE_PTO_3,SAN_LORENZO_VOLCABLE,R7,VOLCABLE_PTO_3,TERMINAL_EMBARQUE,EXCEL_PLATFORM_PRODUCT,EXTERNAL_MATCH_FRAGMENTED,ROUTE_NO_EVALUABLE,"FAZON 2026, FAZON 2026",2026-09-29T14:45:00,2026-09-29T15:38:00,2026-09-29T16:47:00,,,2,,,
26c036ae-7de,26c036ae-7de;c5913952-23a,2,2026-09-29T09:08:42.379-03:00,2026-09-29T17:03:24.708-03:00,475,CAMARA,CAMARA,CAMARA,COMPROB_000400422861,2026-09-29,POW648,GLICERINA REFINADA,GLICERINA REFINADA,,,TERMINAL_EMBARQUE,EGRESO,E,10975,000400422861,,0,,28000,GLICERINA REFINADA,,LIQUIDO,R8,,TERMINAL_EMBARQUE,EXCEL_PLATFORM_PRODUCT,EXTERNAL_MATCH_FRAGMENTED,ROUTE_NO_EVALUABLE,"USO : INDUSTRIAL  CONTRATO :  A26V002014  OC : 21548, USO : INDUSTRIAL  CONTRATO :  A26V002014  OC : 21548",2026-09-29T09:10:00,,2026-09-29T16:58:00,,,2,,,
f6bdbe62-f12__cycle_1,f6bdbe62-f12__cycle_1,1,2026-09-28T23:04:52.769-03:00,2026-09-29T01:03:56.174-03:00,119,CAMARA,CAMARA,CAMARA,CTG_10235315135,2026-09-29,HBM434,GIRASOL,GIRASOL,VOLCABLE_2,VOLCABLE 2,RICARDONE,INGRESO,I,2000664,000301464907,0405200004053,10235315135,VIC902758280926,26760,GIRASOL,VOLCABLE_2,VOLCABLE,R6,VOLCABLE_2,RICARDONE,EXCEL_PLATFORM_PRODUCT,EXTERNAL_MATCH_PROBABLE,ROUTE_NO_DISCHARGE_POINT,"FASON GIRASOL, FASON GIRASOL",2026-09-28T23:06:00,2026-09-29T00:56:00,2026-09-29T16:58:00,,,1,,,
5e9b589e-3f7,5e9b589e-3f7;5439bbbc-988,2,2026-09-29T14:40:29.825-03:00,2026-09-29T17:07:23.964-03:00,147,CAMARA,CAMARA,CAMARA,CTG_10135350196,2026-09-29,TCD961,SOJA,SOJA,VOLCABLE_PTO_3,VOLCABLE PTO 3,TERMINAL_EMBARQUE,INGRESO,I,2000655,000404069862,0000000010490,10135350196,VIC707472290926,29300,SOJA,VOLCABLE_PTO_3,SAN_LORENZO_VOLCABLE,R7,VOLCABLE_PTO_3,TERMINAL_EMBARQUE,EXCEL_PLATFORM_PRODUCT,EXTERNAL_MATCH_FRAGMENTED,ROUTE_NO_EVALUABLE,"FAZON 2026, FAZON 2026",2026-09-29T14:42:00,2026-09-29T15:33:00,2026-09-29T17:03:00,,,2,,,
57c10c4c-3f1__cycle_1,57c10c4c-3f1__cycle_1;57c10c4c-3f1__cycle_2,2,2026-09-29T05:16:19.943-03:00,2026-09-29T17:02:13.072-03:00,706,CAMARA,CAMARA,CAMARA,CTG_10235346630,2026-09-29,GLD361,GIRASOL,GIRASOL,KEPPLER_2,KEPPLER 2,RICARDONE,INGRESO,I,2000664,000301464908,0482300002999,10235346630,VIC639038290926,29440,GIRASOL,KEPPLER_2,KEPLER,R4,KEPPLER_2,RICARDONE,EXCEL_PLATFORM_PRODUCT,EXTERNAL_MATCH_FRAGMENTED,ROUTE_NO_EVALUABLE,"FASON GIRASOL, FASON GIRASOL",2026-09-29T05:17:00,2026-09-29T08:38:00,2026-09-29T17:03:00,,,2,,,
5c5a4ca4-e0a__cycle_2,5c5a4ca4-e0a__cycle_2;829c3a9a-2db;2dff42df-978,3,2026-09-29T09:11:31.632-03:00,2026-09-29T17:06:45.698-03:00,475,CAMARA,CAMARA,CAMARA,CTG_30035361470,2026-09-29,FAZ585,ACEITE GIRASOL PARA REFINAR,ACEITE GIRASOL PARA REFINAR,ACEITE_PTO,ACEITE PTO,TERMINAL_EMBARQUE,INGRESO,I,11525,000404069863,0130000043611,30035361470,,29560,ACEITE GIRASOL PARA REFINAR,ACEITE_PTO,LIQUIDO,SL2,ACEITE_PTO,TERMINAL_EMBARQUE,EXCEL_PLATFORM_PRODUCT,EXTERNAL_MATCH_FRAGMENTED,ROUTE_NO_EVALUABLE,"FAZON RENOVA/BUNGE, FAZON RENOVA/BUNGE",2026-09-29T15:22:00,2026-09-29T15:30:00,2026-09-29T17:05:00,,,3,,,
2b5cfb3d-e2a,2b5cfb3d-e2a;11c27771-5bc,2,2026-09-29T09:09:26.723-03:00,2026-09-29T17:07:47.813-03:00,478,CAMARA,CAMARA,CAMARA,COMPROB_000400422862,2026-09-29,MWH059,ACEITE GIRASOL REFINADO,ACEITE GIRASOL REFINADO,ACEITE_OSL,ACEITE OSL,TERMINAL_EMBARQUE,EGRESO,E,11678,000400422862,,0,,28020,ACEITE GIRASOL REFINADO,ACEITE_OSL,LIQUIDO,SL1,ACEITE_OSL,TERMINAL_EMBARQUE,EXCEL_PLATFORM_PRODUCT,EXTERNAL_MATCH_FRAGMENTED,ROUTE_NO_EVALUABLE,,2026-09-29T15:17:00,,2026-09-29T17:06:00,,,2,,,
75e9ac3a-449__cycle_1,75e9ac3a-449__cycle_1;75e9ac3a-449__cycle_2,2,2026-09-29T05:14:23.215-03:00,2026-09-29T17:05:25.483-03:00,711,CAMARA,CAMARA,CAMARA,CTG_10235346616,2026-09-29,FFR574,GIRASOL,GIRASOL,KEPPLER_2,KEPPLER 2,RICARDONE,INGRESO,I,2000664,000301464909,0482300002998,10235346616,VIC865852290926,27340,GIRASOL,KEPPLER_2,KEPLER,R4,KEPPLER_2,RICARDONE,EXCEL_PLATFORM_PRODUCT,EXTERNAL_MATCH_FRAGMENTED,ROUTE_NO_EVALUABLE,"FASON GIRASOL, FASON GIRASOL",2026-09-29T05:16:00,2026-09-29T08:35:00,2026-09-29T17:06:00,,,2,,,
62ee8f6b-f3d,62ee8f6b-f3d,1,2026-09-29T14:44:00.740-03:00,2026-09-29T17:40:27.474-03:00,176,CAMARA,CAMARA,CAMARA,CTG_30035367528,2026-09-29,ASR479,ACEITE SOJA CRUDO DESGOMADO,ACEITE SOJA CRUDO DESGOMADO,,,TERMINAL_EMBARQUE,EGRESO,E,96061,000400422863,0000400008574,30035367528,,27320,ACEITE SOJA CRUDO DESGOMADO,,LIQUIDO,SL1,,TERMINAL_EMBARQUE,EXCEL_PLATFORM_PRODUCT,EXTERNAL_MATCH_EXACT,ROUTE_NO_EVALUABLE,VENTA,2026-09-29T13:36:00,,2026-09-29T17:39:00,,,1,,,
f43918e2-2f5,f43918e2-2f5;17481612-7f4;e33df488-27a,3,2026-09-29T12:20:50.536-03:00,2026-09-29T23:04:40.001-03:00,644,CAMARA,CAMARA,CAMARA,COMPROB_000404069864,2026-09-29,RUK692,GLICERINA,GLICERINA,,,TERMINAL_EMBARQUE,INGRESO,I,11509,000404069864,0001100019286,0,,31220,GLICERINA,,LIQUIDO,R8,,TERMINAL_EMBARQUE,EXCEL_PLATFORM_PRODUCT,EXTERNAL_MATCH_FRAGMENTED,ROUTE_NO_EVALUABLE,,2026-09-29T16:02:00,,2026-09-29T17:40:00,,,3,,,
c2d9a8ac-db2__cycle_1,c2d9a8ac-db2__cycle_1;c2d9a8ac-db2__cycle_2,2,2026-09-29T00:32:32.194-03:00,2026-09-29T17:44:23.939-03:00,1032,CAMARA,CAMARA,CAMARA,CTG_10235344766,2026-09-29,GSC386,GIRASOL,GIRASOL,VOLCABLE_2,VOLCABLE 2,RICARDONE,INGRESO,I,2000664,000301464910,0482300002997,10235344766,VIC418795290926,28860,GIRASOL,VOLCABLE_2,VOLCABLE,R6,VOLCABLE_2,RICARDONE,EXCEL_PLATFORM_PRODUCT,EXTERNAL_MATCH_FRAGMENTED,ROUTE_NO_EVALUABLE,"FASON GIRASOL, FASON GIRASOL",2026-09-29T00:33:00,2026-09-29T00:59:00,2026-09-29T17:45:00,,,2,,,
6eada6fd-50b,6eada6fd-50b;a2d12577-995,2,2026-09-29T15:59:57.328-03:00,2026-09-29T17:49:47.717-03:00,110,CAMARA,CAMARA,CAMARA,CTG_10235354975,2026-09-29,GIQ745,SOJA,SOJA,VOLCABLE_PTO_3,VOLCABLE PTO 3,TERMINAL_EMBARQUE,INGRESO,I,2000655,000404069865,0000300004635,10235354975,VIC496882290926,29140,SOJA,VOLCABLE_PTO_3,SAN_LORENZO_VOLCABLE,R7,VOLCABLE_PTO_3,TERMINAL_EMBARQUE,EXCEL_PLATFORM_PRODUCT,EXTERNAL_MATCH_FRAGMENTED,ROUTE_NO_EVALUABLE,"FAZON 2026, FAZON 2026",2026-09-29T16:02:00,2026-09-29T17:04:00,2026-09-29T17:47:00,,,2,,,
ae04597e-27f,ae04597e-27f,1,2026-09-29T12:54:09.054-03:00,2026-09-29T17:56:29.958-03:00,302,CAMARA,CAMARA,CAMARA,COMPROB_000400422864,2026-09-29,WGG348,ACEITE GIRASOL REFINADO,ACEITE GIRASOL REFINADO,ACEITE_OSL,ACEITE OSL,TERMINAL_EMBARQUE,EGRESO,E,11526,000400422864,,0,,28020,ACEITE GIRASOL REFINADO,ACEITE_OSL,LIQUIDO,SL1,ACEITE_OSL,TERMINAL_EMBARQUE,EXCEL_PLATFORM_PRODUCT,EXTERNAL_MATCH_EXACT,ROUTE_NO_EVALUABLE,FAZON RENOVA/BUNGE,2026-09-29T12:55:00,,2026-09-29T17:54:00,,,1,,,
b112c54e-506,b112c54e-506,1,2026-09-29T13:37:21.124-03:00,2026-09-29T18:00:33.561-03:00,263,CAMARA,CAMARA,CAMARA,CTG_30035367922,2026-09-29,LYH624,PELLETS GIRASOL,PELLETS GIRASOL,,,RICARDONE,EGRESO,E,95500,000301069933,0000300032667,30035367922,,21740,PELLETS GIRASOL,,,R13,,RICARDONE,EXCEL_PLATFORM_PRODUCT,EXTERNAL_MATCH_EXACT,ROUTE_NO_EVALUABLE,FAZON 2026,2026-09-29T13:42:00,,2026-09-29T17:22:00,,,1,,,
55809b76-9f8,55809b76-9f8,1,2026-09-29T16:09:22.720-03:00,2026-09-29T17:58:42.331-03:00,109,CAMARA,CAMARA,CAMARA,CTG_30035338707,2026-09-29,AA996WD,ACEITE GIRASOL PARA REFINAR,ACEITE GIRASOL PARA REFINAR,ACEITE_PTO,ACEITE PTO,TERMINAL_EMBARQUE,INGRESO,I,11525,000404069866,0010200007646,30035338707,,27860,ACEITE GIRASOL PARA REFINAR,ACEITE_PTO,LIQUIDO,SL2,ACEITE_PTO,TERMINAL_EMBARQUE,EXCEL_PLATFORM_PRODUCT,EXTERNAL_MATCH_EXACT,ROUTE_NO_EVALUABLE,"FAZON RENOVA/BUNGE, FAZON RENOVA/BUNGE",2026-09-28T19:31:00,2026-09-28T19:50:00,2026-09-29T17:56:00,,,1,,,
1d2416cf-89b__cycle_3,1d2416cf-89b__cycle_3,1,2026-09-29T16:44:45.805-03:00,2026-09-29T18:02:54.712-03:00,78,CAMARA,CAMARA,CAMARA,COMPROB_000400422865,2026-09-29,NWZ336,BORRA ACEITE GIRASOL REFINADO,BORRA ACEITE GIRASOL REFINADO,ACEITE_OSL,ACEITE OSL,TERMINAL_EMBARQUE,EGRESO,E,10927,000400422865,,0,,24860,BORRA ACEITE GIRASOL REFINADO,ACEITE_OSL,LIQUIDO,SL1,ACEITE_OSL,TERMINAL_EMBARQUE,EXCEL_PLATFORM_PRODUCT,EXTERNAL_MATCH_EXACT,ROUTE_NO_EVALUABLE,,2026-09-29T16:48:00,,2026-09-29T18:01:00,,,1,,,
fc056031-f27,fc056031-f27;43265bd0-092,2,2026-09-29T16:03:40.141-03:00,2026-09-29T18:05:54.864-03:00,122,CAMARA,CAMARA,CAMARA,CTG_10235359665,2026-09-29,AB626UQ,SOJA,SOJA,VOLCABLE_PTO_3,VOLCABLE PTO 3,TERMINAL_EMBARQUE,INGRESO,I,2000655,000404069867,0000000003143,10235359665,VIC111196290926,35920,SOJA,VOLCABLE_PTO_3,SAN_LORENZO_VOLCABLE,R7,VOLCABLE_PTO_3,TERMINAL_EMBARQUE,EXCEL_PLATFORM_PRODUCT,EXTERNAL_MATCH_FRAGMENTED,ROUTE_NO_EVALUABLE,"FAZON 2026, FAZON 2026",2026-09-29T16:04:00,2026-09-29T17:05:00,2026-09-29T18:03:00,,,2,,,
495732da-88a,495732da-88a;a6f8b3ae-cac,2,2026-09-29T16:04:32.387-03:00,2026-09-29T18:09:02.259-03:00,124,CAMARA,CAMARA,CAMARA,CTG_10235360291,2026-09-29,LYM290,SOJA,SOJA,VOLCABLE_PTO_3,VOLCABLE PTO 3,TERMINAL_EMBARQUE,INGRESO,I,2000655,000404069868,0000000003144,10235360291,VIC246757290926,29660,SOJA,VOLCABLE_PTO_3,SAN_LORENZO_VOLCABLE,R7,VOLCABLE_PTO_3,TERMINAL_EMBARQUE,EXCEL_PLATFORM_PRODUCT,EXTERNAL_MATCH_FRAGMENTED,ROUTE_NO_EVALUABLE,"FAZON 2026, FAZON 2026",2026-09-29T16:05:00,2026-09-29T17:09:00,2026-09-29T18:07:00,,,2,,,
af8611d3-195,af8611d3-195;e7ac47e9-806,2,2026-09-29T17:06:26.911-03:00,2026-09-29T18:17:10.374-03:00,71,CAMARA,CAMARA,CAMARA,CTG_10235360498,2026-09-29,GYM881,SOJA,SOJA,VOLCABLE_PTO_3,VOLCABLE PTO 3,TERMINAL_EMBARQUE,INGRESO,I,2000652,000404069869,0010000030323,10235360498,VIC248390290926,35320,SOJA,VOLCABLE_PTO_3,SAN_LORENZO_VOLCABLE,R7,VOLCABLE_PTO_3,TERMINAL_EMBARQUE,EXCEL_PLATFORM_PRODUCT,EXTERNAL_MATCH_FRAGMENTED,ROUTE_NO_EVALUABLE,"FAZON 2026, FAZON 2026",2026-09-29T16:07:00,2026-09-29T17:10:00,2026-09-29T18:14:00,,,2,,,
c94077dd-a5a,c94077dd-a5a;f2016dbd-931,2,2026-09-29T16:06:25.431-03:00,2026-09-29T18:21:59.410-03:00,136,CAMARA,CAMARA,CAMARA,CTG_10235359637,2026-09-29,AE920PB,SOJA,SOJA,VOLCABLE_PTO_3,VOLCABLE PTO 3,TERMINAL_EMBARQUE,INGRESO,I,2000652,000404069870,0010000030320,10235359637,VIC109156290926,34040,SOJA,VOLCABLE_PTO_3,SAN_LORENZO_VOLCABLE,R7,VOLCABLE_PTO_3,TERMINAL_EMBARQUE,EXCEL_PLATFORM_PRODUCT,EXTERNAL_MATCH_FRAGMENTED,ROUTE_NO_EVALUABLE,"FAZON 2026, FAZON 2026",2026-09-29T16:07:00,2026-09-29T17:11:00,2026-09-29T18:20:00,,,2,,,
2b5cfb3d-e2a,2b5cfb3d-e2a;11c27771-5bc,2,2026-09-29T09:09:26.723-03:00,2026-09-29T17:07:47.813-03:00,478,CAMARA,CAMARA,CAMARA,COMPROB_009702023098,2026-09-29,MWH059,ACEITE GIRASOL REFINADO,ACEITE GIRASOL REFINADO,,,RENOPACK,INGRESO,I,50042,009702023098,0000500066588,0,,28010,ACEITE GIRASOL REFINADO,,LIQUIDO,,,RENOPACK,EXCEL_PLATFORM_PRODUCT,EXTERNAL_MATCH_FRAGMENTED,ROUTE_NO_EVALUABLE,"RECIBOS ACEITE REFINADO GIRASOL COMMODITIES, RECIBOS ACEITE REFINADO GIRASOL COMMODITIES",2026-09-29T17:23:00,,2026-09-29T18:26:00,,,2,,,
aaa75335-1aa,aaa75335-1aa;de33e67a-005,2,2026-09-29T16:27:11.746-03:00,2026-09-29T18:29:15.745-03:00,122,CAMARA,CAMARA,CAMARA,CTG_10135356137,2026-09-29,AI388DM,SOJA,SOJA,VOLCABLE_PTO_3,VOLCABLE PTO 3,TERMINAL_EMBARQUE,INGRESO,I,2000655,000404069871,0000000000568,10135356137,VIC902513290926,34880,SOJA,VOLCABLE_PTO_3,SAN_LORENZO_VOLCABLE,R7,VOLCABLE_PTO_3,TERMINAL_EMBARQUE,EXCEL_PLATFORM_PRODUCT,EXTERNAL_MATCH_FRAGMENTED,ROUTE_NO_EVALUABLE,"FAZON 2026, FAZON 2026",2026-09-29T16:28:00,2026-09-29T17:13:00,2026-09-29T18:26:00,,,2,,,
7c0ad0b1-687,7c0ad0b1-687;b51ba8c2-3f5,2,2026-09-29T12:47:38.630-03:00,2026-09-29T18:29:57.281-03:00,342,CAMARA,CAMARA,CAMARA,COMPROB_000400422866,2026-09-29,AB675DP,RESIDUOS ORG,RESIDUOS ORG.,,,TERMINAL_EMBARQUE,EGRESO,E,11003,000400422866,,0,,9400,RESIDUOS ORG,,,,,TERMINAL_EMBARQUE,EXCEL_PLATFORM_PRODUCT,EXTERNAL_MATCH_FRAGMENTED,ROUTE_NO_EVALUABLE,"SANEAMIENTO DE TORRES DE ENFRIAMIENTO + CLARIFICADORA , DESPACHO RESIDUOS ORGANICOS FUERA DE PLANTA:DF, SANEAMIENTO DE TORRES DE ENFRIAMIENTO + CLARIFICADORA",2026-09-29T17:13:00,,2026-09-29T18:28:00,,,2,,,
7e70b2a2-880,7e70b2a2-880;9aaf33d0-241,2,2026-09-29T11:18:19.037-03:00,2026-09-29T18:31:39.802-03:00,433,CAMARA,CAMARA,CAMARA,COMPROB_000400422867,2026-09-29,MRM512,ACEITE GIRASOL REFINADO,ACEITE GIRASOL REFINADO,ACEITE_OSL,ACEITE OSL,TERMINAL_EMBARQUE,EGRESO,E,96064,000400422867,,0,,27960,ACEITE GIRASOL REFINADO,ACEITE_OSL,LIQUIDO,SL1,ACEITE_OSL,TERMINAL_EMBARQUE,EXCEL_PLATFORM_PRODUCT,EXTERNAL_MATCH_FRAGMENTED,ROUTE_NO_EVALUABLE,,2026-09-29T11:22:00,,2026-09-29T18:30:00,,,2,,,
d98685f7-55e,d98685f7-55e;cb6432a9-b2e,2,2026-09-29T16:32:06.641-03:00,2026-09-29T18:38:13.200-03:00,126,CAMARA,CAMARA,CAMARA,CTG_10235352944,2026-09-29,AI494DO,SOJA,SOJA,VOLCABLE_PTO_3,VOLCABLE PTO 3,TERMINAL_EMBARQUE,INGRESO,I,2000655,000404069872,0000100006356,10235352944,VIC364944290926,30300,SOJA,VOLCABLE_PTO_3,SAN_LORENZO_VOLCABLE,R7,VOLCABLE_PTO_3,TERMINAL_EMBARQUE,EXCEL_PLATFORM_PRODUCT,EXTERNAL_MATCH_FRAGMENTED,ROUTE_NO_EVALUABLE,"FAZON 2026, FAZON 2026",2026-09-29T16:33:00,2026-09-29T17:15:00,2026-09-29T18:35:00,,,2,,,
74848ab1-ffd,74848ab1-ffd,1,2026-09-29T16:11:14.245-03:00,2026-09-29T18:45:42.219-03:00,154,CAMARA,CAMARA,CAMARA,CTG_30035339576,2026-09-29,SOY202,ACEITE GIRASOL PARA REFINAR,ACEITE GIRASOL PARA REFINAR,ACEITE_PTO,ACEITE PTO,TERMINAL_EMBARQUE,INGRESO,I,11525,000404069873,0010200007651,30035339576,,28600,ACEITE GIRASOL PARA REFINAR,ACEITE_PTO,LIQUIDO,SL2,ACEITE_PTO,TERMINAL_EMBARQUE,EXCEL_PLATFORM_PRODUCT,EXTERNAL_MATCH_EXACT,ROUTE_NO_EVALUABLE,"FAZON RENOVA/BUNGE, FAZON RENOVA/BUNGE",2026-09-28T19:40:00,2026-09-28T19:56:00,2026-09-29T18:42:00,,,1,,,
9e0f48bf-ac4__cycle_1,9e0f48bf-ac4__cycle_1;9e0f48bf-ac4__cycle_2,2,2026-09-29T06:16:49.835-03:00,2026-09-29T18:50:56.330-03:00,754,CAMARA,CAMARA,CAMARA,CTG_10235338912,2026-09-29,GMW577,GIRASOL,GIRASOL,VOLCABLE_2,VOLCABLE 2,RICARDONE,INGRESO,I,2000664,000301464912,0405200004056,10235338912,VIC399228290926,30120,GIRASOL,VOLCABLE_2,VOLCABLE,R6,VOLCABLE_2,RICARDONE,EXCEL_PLATFORM_PRODUCT,EXTERNAL_MATCH_FRAGMENTED,ROUTE_NO_EVALUABLE,"FASON GIRASOL, FASON GIRASOL",2026-09-29T06:18:00,2026-09-29T08:40:00,2026-09-29T18:52:00,,,2,,,
178f3b6c-0f3__cycle_1,178f3b6c-0f3__cycle_1;178f3b6c-0f3__cycle_2;29f9ca1b-747,3,2026-09-29T04:59:25.325-03:00,2026-09-29T19:30:10.420-03:00,871,CAMARA,CAMARA,CAMARA,CTG_10235350769,2026-09-29,AH697JG,SOJA,SOJA,VOLCABLE_PTO_5,VOLCABLE PTO 5,TERMINAL_EMBARQUE,INGRESO,I,2000652,000404069874,0000100014126,10235350769,VIC162434290926,30820,SOJA,VOLCABLE_PTO_5,SAN_LORENZO_VOLCABLE,R7,VOLCABLE_PTO_5,TERMINAL_EMBARQUE,EXCEL_PLATFORM_PRODUCT,EXTERNAL_MATCH_FRAGMENTED,ROUTE_NO_EVALUABLE,"FAZON 2026, FAZON 2026",2026-09-29T05:00:00,2026-09-29T08:24:00,2026-09-29T19:27:00,,,3,,,
e9f161e6-517,e9f161e6-517;7bc8b41c-e06__cycle_2,2,2026-09-29T08:59:53.068-03:00,2026-09-29T19:26:24.455-03:00,627,CAMARA,CAMARA,CAMARA,CTG_10235347611,2026-09-29,GGH085,GIRASOL,GIRASOL,VOLCABLE_2,VOLCABLE 2,RICARDONE,INGRESO,I,2000664,000301464913,0482300003001,10235347611,VIC910348290926,27560,GIRASOL,VOLCABLE_2,VOLCABLE,R6,VOLCABLE_2,RICARDONE,EXCEL_PLATFORM_PRODUCT,EXTERNAL_MATCH_FRAGMENTED,ROUTE_NO_EVALUABLE,"FASON GIRASOL, FASON GIRASOL",2026-09-29T09:02:00,2026-09-29T10:04:00,2026-09-29T19:27:00,,,2,,,
52cca9af-65e,52cca9af-65e;6dc1374b-b6e,2,2026-09-29T16:49:15.981-03:00,2026-09-29T19:38:05.730-03:00,169,CAMARA,CAMARA,CAMARA,CTG_10235358381,2026-09-29,AE785KC,SOJA,SOJA,VOLCABLE_PTO_5,VOLCABLE PTO 5,TERMINAL_EMBARQUE,INGRESO,I,2000652,000404069875,0000000005926,10235358381,VIC885147290926,33920,SOJA,VOLCABLE_PTO_5,SAN_LORENZO_VOLCABLE,R7,VOLCABLE_PTO_5,TERMINAL_EMBARQUE,EXCEL_PLATFORM_PRODUCT,EXTERNAL_MATCH_FRAGMENTED,ROUTE_NO_EVALUABLE,"FAZON 2026, FAZON 2026",2026-09-29T16:51:00,2026-09-29T17:16:00,2026-09-29T19:36:00,,,2,,,
08f38023-ed4,08f38023-ed4;f25751ba-896,2,2026-09-29T16:54:09.360-03:00,2026-09-29T19:46:51.581-03:00,173,CAMARA,CAMARA,CAMARA,CTG_10235354017,2026-09-29,AI494DP,SOJA,SOJA,VOLCABLE_PTO_5,VOLCABLE PTO 5,TERMINAL_EMBARQUE,INGRESO,I,2000655,000404069876,0000100006357,10235354017,VIC685542290926,30200,SOJA,VOLCABLE_PTO_5,SAN_LORENZO_VOLCABLE,R7,VOLCABLE_PTO_5,TERMINAL_EMBARQUE,EXCEL_PLATFORM_PRODUCT,EXTERNAL_MATCH_FRAGMENTED,ROUTE_NO_EVALUABLE,"FAZON 2026, FAZON 2026",2026-09-29T16:58:00,2026-09-29T17:22:00,2026-09-29T19:44:00,,,2,,,
c20bc1e3-138,c20bc1e3-138;af670e37-6e1,2,2026-09-29T14:21:47.759-03:00,2026-09-29T19:53:08.171-03:00,331,CAMARA,CAMARA,CAMARA,CTG_10235352549,2026-09-29,AH047GD,SOJA,SOJA,VOLCABLE_PTO_5,VOLCABLE PTO 5,TERMINAL_EMBARQUE,INGRESO,I,2000655,000404069877,0000000011352,10235352549,VIC328681290926,35580,SOJA,VOLCABLE_PTO_5,SAN_LORENZO_VOLCABLE,R7,VOLCABLE_PTO_5,TERMINAL_EMBARQUE,EXCEL_PLATFORM_PRODUCT,EXTERNAL_MATCH_FRAGMENTED,ROUTE_NO_EVALUABLE,"FAZON 2026, FAZON 2026",2026-09-29T14:23:00,2026-09-29T15:26:00,2026-09-29T19:50:00,,,2,,,
534ea8b9-79a,534ea8b9-79a;b55fad04-a3a,2,2026-09-29T16:01:49.735-03:00,2026-09-29T20:01:37.775-03:00,240,CAMARA,CAMARA,CAMARA,CTG_10135348962,2026-09-29,UYR897,SOJA,SOJA,VOLCABLE_PTO_5,VOLCABLE PTO 5,TERMINAL_EMBARQUE,INGRESO,I,2000655,000404069878,0000400000531,10135348962,VIC711101290926,30140,SOJA,VOLCABLE_PTO_5,SAN_LORENZO_VOLCABLE,R7,VOLCABLE_PTO_5,TERMINAL_EMBARQUE,EXCEL_PLATFORM_PRODUCT,EXTERNAL_MATCH_FRAGMENTED,ROUTE_NO_EVALUABLE,"FAZON 2026, FAZON 2026",2026-09-29T16:03:00,2026-09-29T17:07:00,2026-09-29T20:00:00,,,2,,,
a110b076-187,a110b076-187,1,2026-09-29T09:32:21.020-03:00,2026-09-29T10:36:32.982-03:00,64,CAMARA,CAMARA,CAMARA,CTG_10235351992,2026-09-29,MWG720,GIRASOL,GIRASOL,KEPPLER_2,KEPPLER 2,RICARDONE,INGRESO,I,2000640,000301464914,1658100004722,10235351992,VIC012336290926,28800,GIRASOL,KEPPLER_2,KEPLER,R4,KEPPLER_2,RICARDONE,EXCEL_PLATFORM_PRODUCT,EXTERNAL_MATCH_PROBABLE,ROUTE_NO_EVALUABLE,"FAZON 2026, FAZON 2026",2026-09-29T09:33:00,2026-09-29T10:19:00,2026-09-29T20:00:00,,,1,,,
408090f7-c99,408090f7-c99,1,2026-09-29T16:51:10.308-03:00,2026-09-29T17:14:22.792-03:00,23,CAMARA,CAMARA,CAMARA,CTG_10135349789,2026-09-29,AD516NZ,SOJA,SOJA,VOLCABLE_PTO_5,VOLCABLE PTO 5,TERMINAL_EMBARQUE,INGRESO,I,2000655,000404069879,0000000010489,10135349789,VIC433237290926,30320,SOJA,VOLCABLE_PTO_5,SAN_LORENZO_VOLCABLE,R7,VOLCABLE_PTO_5,TERMINAL_EMBARQUE,EXCEL_PLATFORM_PRODUCT,EXTERNAL_MATCH_PROBABLE,ROUTE_NO_DISCHARGE_POINT,"FAZON 2026, FAZON 2026",2026-09-29T16:52:00,2026-09-29T17:18:00,2026-09-29T20:06:00,,,1,,,
4ebebd5a-5ae,4ebebd5a-5ae;e6eca959-9c9__cycle_2,2,2026-09-29T09:01:29.394-03:00,2026-09-29T20:23:42.417-03:00,682,CAMARA,CAMARA,CAMARA,CTG_10235350241,2026-09-29,ECN609,GIRASOL,GIRASOL,VOLCABLE_2,VOLCABLE 2,RICARDONE,INGRESO,I,2000664,000301464915,0482300003004,10235350241,VIC958478290926,28840,GIRASOL,VOLCABLE_2,VOLCABLE,R6,VOLCABLE_2,RICARDONE,EXCEL_PLATFORM_PRODUCT,EXTERNAL_MATCH_FRAGMENTED,ROUTE_NO_EVALUABLE,"FASON GIRASOL, FASON GIRASOL",2026-09-29T09:02:00,2026-09-29T10:06:00,2026-09-29T20:25:00,,,2,,,
ad90e5b6-fc1__cycle_1,ad90e5b6-fc1__cycle_1;d71f301c-974,2,2026-09-28T21:04:17.227-03:00,2026-09-29T20:36:05.490-03:00,1412,CAMARA,CAMARA,CAMARA,CTG_30035339444,2026-09-29,AH135DG,ACEITE GIRASOL PARA REFINAR,ACEITE GIRASOL PARA REFINAR,ACEITE_PTO,ACEITE PTO,TERMINAL_EMBARQUE,INGRESO,I,11525,000404069880,0010200007650,30035339444,,30020,ACEITE GIRASOL PARA REFINAR,ACEITE_PTO,LIQUIDO,SL2,ACEITE_PTO,TERMINAL_EMBARQUE,EXCEL_PLATFORM_PRODUCT,EXTERNAL_MATCH_FRAGMENTED,ROUTE_NO_EVALUABLE,"FAZON RENOVA/BUNGE, FAZON RENOVA/BUNGE",2026-09-28T21:05:00,2026-09-28T21:38:00,2026-09-29T20:33:00,,,2,,,
06ccdb58-d99,06ccdb58-d99,1,2026-09-29T16:12:03.290-03:00,2026-09-29T20:38:10.940-03:00,266,CAMARA,CAMARA,CAMARA,CTG_30035339883,2026-09-29,AE139LO,ACEITE GIRASOL PARA REFINAR,ACEITE GIRASOL PARA REFINAR,ACEITE_PTO,ACEITE PTO,TERMINAL_EMBARQUE,INGRESO,I,11525,000404069881,0010200007652,30035339883,,31520,ACEITE GIRASOL PARA REFINAR,ACEITE_PTO,LIQUIDO,SL2,ACEITE_PTO,TERMINAL_EMBARQUE,EXCEL_PLATFORM_PRODUCT,EXTERNAL_MATCH_EXACT,ROUTE_NO_EVALUABLE,"FAZON RENOVA/BUNGE, FAZON RENOVA/BUNGE",2026-09-28T20:39:00,2026-09-28T20:49:00,2026-09-29T20:35:00,,,1,,,
9835e785-b0e,9835e785-b0e;05a86395-29e__cycle_2,2,2026-09-29T09:33:07.185-03:00,2026-09-29T20:39:35.911-03:00,666,CAMARA,CAMARA,CAMARA,CTG_10235351995,2026-09-29,MBT452,GIRASOL,GIRASOL,KEPPLER_2,KEPPLER 2,RICARDONE,INGRESO,I,2000640,000301464916,1658100004723,10235351995,VIC041161290926,27800,GIRASOL,KEPPLER_2,KEPLER,R4,KEPPLER_2,RICARDONE,EXCEL_PLATFORM_PRODUCT,EXTERNAL_MATCH_FRAGMENTED,ROUTE_NO_EVALUABLE,"FAZON 2026, FAZON 2026",2026-09-29T09:34:00,2026-09-29T10:20:00,2026-09-29T20:41:00,,,2,,,
7437b61e-768,7437b61e-768;944f20da-38c;5802d033-e1a;504a51cb-203,4,2026-09-29T09:06:09.170-03:00,2026-09-29T20:45:36.398-03:00,699,CAMARA,CAMARA,CAMARA,CTG_10235350907,2026-09-29,AE348QX,SOJA,SOJA,VOLCABLE_PTO_5,VOLCABLE PTO 5,TERMINAL_EMBARQUE,INGRESO,I,2000652,000404069883,0000100014127,10235350907,VIC110364290926,36900,SOJA,VOLCABLE_PTO_5,SAN_LORENZO_VOLCABLE,R7,VOLCABLE_PTO_5,TERMINAL_EMBARQUE,EXCEL_PLATFORM_PRODUCT,EXTERNAL_MATCH_FRAGMENTED,ROUTE_NO_EVALUABLE,"FAZON 2026, FAZON 2026",2026-09-29T09:07:00,2026-09-29T09:54:00,2026-09-29T20:42:00,,,4,,,
53bac3fa-e40,53bac3fa-e40;424749db-475,2,2026-09-29T17:18:05.682-03:00,2026-09-29T20:53:46.994-03:00,216,CAMARA,CAMARA,CAMARA,CTG_10135342570,2026-09-29,AE827TK,SOJA,SOJA,VOLCABLE_PTO_5,VOLCABLE PTO 5,TERMINAL_EMBARQUE,INGRESO,I,2000655,000404069884,0000000005339,10135342570,VIC651615290926,35420,SOJA,VOLCABLE_PTO_5,SAN_LORENZO_VOLCABLE,R7,VOLCABLE_PTO_5,TERMINAL_EMBARQUE,EXCEL_PLATFORM_PRODUCT,EXTERNAL_MATCH_FRAGMENTED,ROUTE_NO_EVALUABLE,"FAZON 2026, FAZON 2026",2026-09-29T17:20:00,2026-09-29T20:05:00,2026-09-29T20:50:00,,,2,,,
4b721a11-db2,4b721a11-db2;974d5f11-99a,2,2026-09-29T08:39:43.955-03:00,2026-09-29T20:51:58.711-03:00,732,CAMARA,CAMARA,CAMARA,COMPROB_000400422868,2026-09-29,KUH403,RESIDUOS ORG,RESIDUOS ORG.,,,TERMINAL_EMBARQUE,EGRESO,E,11003,000400422868,,0,,26440,RESIDUOS ORG,,,,,TERMINAL_EMBARQUE,EXCEL_PLATFORM_PRODUCT,EXTERNAL_MATCH_FRAGMENTED,ROUTE_NO_EVALUABLE,"RUTINA, DESPACHO RESIDUOS ORGANICOS FUERA DE PLANTA:DF, RUTINA",2026-09-29T16:53:00,,2026-09-29T20:51:00,,,2,,,
55fa5054-0b1,55fa5054-0b1;a6aaed95-4e9__cycle_1,2,2026-09-29T12:09:45.617-03:00,2026-09-29T16:12:28.088-03:00,243,CAMARA,CAMARA,CAMARA,COMPROB_000400422869,2026-09-29,EAO104,ACEITE GIRASOL REFINADO,ACEITE GIRASOL REFINADO,ACEITE_OSL,ACEITE OSL,TERMINAL_EMBARQUE,EGRESO,E,11678,000400422869,,0,,27980,ACEITE GIRASOL REFINADO,ACEITE_OSL,LIQUIDO,SL1,ACEITE_OSL,TERMINAL_EMBARQUE,EXCEL_PLATFORM_PRODUCT,EXTERNAL_MATCH_FRAGMENTED,ROUTE_NO_EVALUABLE,,2026-09-29T16:03:00,,2026-09-29T20:52:00,,,2,,,
83da4198-b88,83da4198-b88;784c7911-968,2,2026-09-29T18:13:30.925-03:00,2026-09-29T21:15:16.750-03:00,182,CAMARA,CAMARA,CAMARA,CTG_10235354825,2026-09-29,NFI800,SOJA,SOJA,VOLCABLE_PTO_5,VOLCABLE PTO 5,TERMINAL_EMBARQUE,INGRESO,I,2000655,000404069886,0000100001952,10235354825,VIC493596290926,36580,SOJA,VOLCABLE_PTO_5,SAN_LORENZO_VOLCABLE,R7,VOLCABLE_PTO_5,TERMINAL_EMBARQUE,EXCEL_PLATFORM_PRODUCT,EXTERNAL_MATCH_FRAGMENTED,ROUTE_NO_EVALUABLE,"FAZON 2026, FAZON 2026",2026-09-29T18:15:00,2026-09-29T20:11:00,2026-09-29T21:11:00,,,2,,,
bccd42fb-66e,bccd42fb-66e;6c9b5e41-381,2,2026-09-29T20:09:24.066-03:00,2026-09-29T21:20:15.869-03:00,71,CAMARA,CAMARA,CAMARA,CTG_10235359311,2026-09-29,NMV429,SOJA,SOJA,VOLCABLE_PTO_5,VOLCABLE PTO 5,TERMINAL_EMBARQUE,INGRESO,I,2000655,000404069887,0000700007020,10235359311,VIC216757290926,30460,SOJA,VOLCABLE_PTO_5,SAN_LORENZO_VOLCABLE,R7,VOLCABLE_PTO_5,TERMINAL_EMBARQUE,EXCEL_PLATFORM_PRODUCT,EXTERNAL_MATCH_FRAGMENTED,ROUTE_NO_EVALUABLE,"FAZON 2026, FAZON 2026",2026-09-29T18:23:00,2026-09-29T20:13:00,2026-09-29T21:18:00,,,2,,,
dd97f71b-5fb,dd97f71b-5fb;267181e2-313,2,2026-09-29T19:53:40.430-03:00,2026-09-30T02:35:57.014-03:00,402,CAMARA,CAMARA,CAMARA,COMPROB_000404069888,2026-09-29,SZG666,AGUA INDUSTRIAL,AGUA INDUSTRIAL,ACEITE_OSL,ACEITE OSL,TERMINAL_EMBARQUE,INGRESO,I,11529,000404069888,0001100019290,0,,26980,AGUA INDUSTRIAL,ACEITE_OSL,LIQUIDO,SL1,ACEITE_OSL,TERMINAL_EMBARQUE,EXCEL_PLATFORM_PRODUCT,EXTERNAL_MATCH_FRAGMENTED,ROUTE_NO_EVALUABLE,,2026-09-29T19:55:00,,2026-09-29T21:20:00,,,2,,,
56dee18b-60b__cycle_1,56dee18b-60b__cycle_1,1,2026-09-29T16:29:59.110-03:00,2026-09-29T16:37:03.053-03:00,7,CAMARA,CAMARA,CAMARA,COMPROB_000404069889,2026-09-29,TDQ017,GLICERINA,GLICERINA,,,TERMINAL_EMBARQUE,INGRESO,I,11509,000404069889,0001100019287,0,,29980,GLICERINA,,LIQUIDO,R8,,TERMINAL_EMBARQUE,EXCEL_PLATFORM_PRODUCT,EXTERNAL_MATCH_PROBABLE,ROUTE_NO_EVALUABLE,,2026-09-29T16:32:00,,2026-09-29T21:24:00,,,1,,,
65e3113e-1bc,65e3113e-1bc,1,2026-09-29T16:19:00.917-03:00,2026-09-29T17:16:47.486-03:00,58,CAMARA,CAMARA,CAMARA,CTG_10135357864,2026-09-29,HCU338,SOJA,SOJA,VOLCABLE_PTO_5,VOLCABLE PTO 5,TERMINAL_EMBARQUE,INGRESO,I,2000655,000404069890,0000000000031,10135357864,VIC115205290926,35200,SOJA,VOLCABLE_PTO_5,SAN_LORENZO_VOLCABLE,R7,VOLCABLE_PTO_5,TERMINAL_EMBARQUE,EXCEL_PLATFORM_PRODUCT,EXTERNAL_MATCH_PROBABLE,ROUTE_NO_DISCHARGE_POINT,"FAZON 2026, FAZON 2026",2026-09-29T16:20:00,2026-09-29T17:20:00,2026-09-29T21:26:00,,,1,,,
74015215-de7__cycle_1,74015215-de7__cycle_1;f048ffcc-bca,2,2026-09-28T21:22:31.291-03:00,2026-09-29T21:34:01.560-03:00,1452,CAMARA,CAMARA,CAMARA,CTG_30035338817,2026-09-29,EMM462,ACEITE GIRASOL PARA REFINAR,ACEITE GIRASOL PARA REFINAR,ACEITE_PTO,ACEITE PTO,TERMINAL_EMBARQUE,INGRESO,I,11525,000404069891,0010200007647,30035338817,,29520,ACEITE GIRASOL PARA REFINAR,ACEITE_PTO,LIQUIDO,SL2,ACEITE_PTO,TERMINAL_EMBARQUE,EXCEL_PLATFORM_PRODUCT,EXTERNAL_MATCH_FRAGMENTED,ROUTE_NO_EVALUABLE,"FAZON RENOVA/BUNGE, FAZON RENOVA/BUNGE",2026-09-28T21:23:00,2026-09-28T21:55:00,2026-09-29T21:27:00,,,2,,,
d2cc9127-880,d2cc9127-880;429f974b-bdf__cycle_2,2,2026-09-29T09:04:07.163-03:00,2026-09-29T21:29:57.528-03:00,746,CAMARA,CAMARA,CAMARA,CTG_10235351989,2026-09-29,AD707QT,GIRASOL,GIRASOL,VOLCABLE_2,VOLCABLE 2,RICARDONE,INGRESO,I,2000640,000301464917,1658100004721,10235351989,VIC000137290926,30340,GIRASOL,VOLCABLE_2,VOLCABLE,R6,VOLCABLE_2,RICARDONE,EXCEL_PLATFORM_PRODUCT,EXTERNAL_MATCH_FRAGMENTED,ROUTE_NO_EVALUABLE,"FAZON 2026, FAZON 2026",2026-09-29T09:05:00,2026-09-29T10:09:00,2026-09-29T21:31:00,,,2,,,
932b669a-562,932b669a-562;91921d9b-c13,2,2026-09-29T15:27:45.057-03:00,2026-09-29T21:43:48.091-03:00,376,CAMARA,CAMARA,CAMARA,COMPROB_000404069893,2026-09-29,AH669QS,METANOL,METANOL,,,TERMINAL_EMBARQUE,INGRESO,I,10914,000404069893,110400136466,0,,35920,METANOL,,,,,TERMINAL_EMBARQUE,EXCEL_PLATFORM_PRODUCT,EXTERNAL_MATCH_FRAGMENTED,ROUTE_NO_EVALUABLE,,2026-09-29T15:55:00,,2026-09-29T21:41:00,,,2,,,
a628ef69-d3a,a628ef69-d3a,1,2026-09-29T18:26:27.388-03:00,2026-09-29T21:50:24.688-03:00,204,CAMARA,CAMARA,CAMARA,CTG_10235361091,2026-09-29,AB097CK,SOJA,SOJA,VOLCABLE_PTO_5,VOLCABLE PTO 5,TERMINAL_EMBARQUE,INGRESO,I,2000652,000404069894,0010000030324,10235361091,VIC248265290926,37320,SOJA,VOLCABLE_PTO_5,SAN_LORENZO_VOLCABLE,R7,VOLCABLE_PTO_5,TERMINAL_EMBARQUE,EXCEL_PLATFORM_PRODUCT,EXTERNAL_MATCH_EXACT,ROUTE_NO_DISCHARGE_POINT,"FAZON 2026, FAZON 2026",2026-09-29T18:28:00,2026-09-29T20:15:00,2026-09-29T21:48:00,,,1,,,
39a8cf03-be5,39a8cf03-be5;5a2517cd-b6e__cycle_2,2,2026-09-29T09:12:59.514-03:00,2026-09-29T21:56:06.820-03:00,763,CAMARA,CAMARA,CAMARA,CTG_10235340413,2026-09-29,HDK895,GIRASOL,GIRASOL,VOLCABLE_2,VOLCABLE 2,RICARDONE,INGRESO,I,2000664,000301464918,0405200004061,10235340413,VIC057287290926,36560,GIRASOL,VOLCABLE_2,VOLCABLE,R6,VOLCABLE_2,RICARDONE,EXCEL_PLATFORM_PRODUCT,EXTERNAL_MATCH_FRAGMENTED,ROUTE_NO_EVALUABLE,"FASON GIRASOL, FASON GIRASOL",2026-09-29T09:14:00,2026-09-29T10:15:00,2026-09-29T21:57:00,,,2,,,
0980b159-bbd,0980b159-bbd;87d0d4cd-8f7,2,2026-09-29T18:45:39.135-03:00,2026-09-29T22:03:37.565-03:00,198,CAMARA,CAMARA,CAMARA,CTG_10135353645,2026-09-29,AB431GR,SOJA,SOJA,VOLCABLE_PTO_5,VOLCABLE PTO 5,TERMINAL_EMBARQUE,INGRESO,I,2000655,000404069895,0000000001272,10135353645,VIC846020290926,36140,SOJA,VOLCABLE_PTO_5,SAN_LORENZO_VOLCABLE,R7,VOLCABLE_PTO_5,TERMINAL_EMBARQUE,EXCEL_PLATFORM_PRODUCT,EXTERNAL_MATCH_FRAGMENTED,ROUTE_NO_EVALUABLE,"FAZON 2026, FAZON 2026",2026-09-29T18:47:00,2026-09-29T20:22:00,2026-09-29T21:59:00,,,2,,,
bfc9c257-eb9__cycle_2,bfc9c257-eb9__cycle_2,1,2026-09-29T14:17:30.065-03:00,2026-09-29T14:31:51.943-03:00,14,CAMARA,CAMARA,CAMARA,COMPROB_000400422871,2026-09-29,CDF727,ACEITE GIRASOL REFINADO,ACEITE GIRASOL REFINADO,ACEITE_OSL,ACEITE OSL,TERMINAL_EMBARQUE,EGRESO,E,11526,000400422871,,0,,28000,ACEITE GIRASOL REFINADO,ACEITE_OSL,LIQUIDO,SL1,ACEITE_OSL,TERMINAL_EMBARQUE,EXCEL_PLATFORM_PRODUCT,EXTERNAL_MATCH_PROBABLE,ROUTE_NO_EVALUABLE,FAZON RENOVA/BUNGE,2026-09-29T14:19:00,,2026-09-29T22:00:00,,,1,,,
e2d51401-48f,e2d51401-48f;e939fb33-ddb__cycle_2,2,2026-09-29T10:05:28.018-03:00,2026-09-29T22:03:51.886-03:00,718,CAMARA,CAMARA,CAMARA,CTG_10235352019,2026-09-29,UPC676,GIRASOL,GIRASOL,KEPPLER_2,KEPPLER 2,RICARDONE,INGRESO,I,2000640,000301464919,1658100004724,10235352019,VIC164323290926,30480,GIRASOL,KEPPLER_2,KEPLER,R4,KEPPLER_2,RICARDONE,EXCEL_PLATFORM_PRODUCT,EXTERNAL_MATCH_FRAGMENTED,ROUTE_NO_EVALUABLE,"FAZON 2026, FAZON 2026",2026-09-29T10:10:00,2026-09-29T13:30:00,2026-09-29T22:05:00,,,2,,,
9474150c-227,9474150c-227,1,2026-09-29T18:44:59.533-03:00,2026-09-29T20:25:31.989-03:00,101,CAMARA,CAMARA,CAMARA,CTG_10235356348,2026-09-29,MIW979,SOJA,SOJA,VOLCABLE_PTO_5,VOLCABLE PTO 5,TERMINAL_EMBARQUE,INGRESO,I,2000655,000404069897,0000500011285,10235356348,VIC313542290926,36560,SOJA,VOLCABLE_PTO_5,SAN_LORENZO_VOLCABLE,R7,VOLCABLE_PTO_5,TERMINAL_EMBARQUE,EXCEL_PLATFORM_PRODUCT,EXTERNAL_MATCH_PROBABLE,ROUTE_NO_EVALUABLE,"FAZON 2026, FAZON 2026",2026-09-29T18:46:00,2026-09-29T20:20:00,2026-09-29T22:09:00,,,1,,,
a6212f96-447__cycle_1,a6212f96-447__cycle_1;39215b16-0ba,2,2026-09-28T21:24:01.454-03:00,2026-09-29T22:16:19.630-03:00,1492,CAMARA,CAMARA,CAMARA,CTG_30035338945,2026-09-29,MAB570,ACEITE GIRASOL PARA REFINAR,ACEITE GIRASOL PARA REFINAR,ACEITE_PTO,ACEITE PTO,TERMINAL_EMBARQUE,INGRESO,I,11525,000404069898,0010200007649,30035338945,,29840,ACEITE GIRASOL PARA REFINAR,ACEITE_PTO,LIQUIDO,SL2,ACEITE_PTO,TERMINAL_EMBARQUE,EXCEL_PLATFORM_PRODUCT,EXTERNAL_MATCH_FRAGMENTED,ROUTE_NO_EVALUABLE,"FAZON RENOVA/BUNGE, FAZON RENOVA/BUNGE",2026-09-28T21:25:00,2026-09-28T22:01:00,2026-09-29T22:14:00,,,2,,,
6e81dc0e-23e,6e81dc0e-23e,1,2026-09-29T19:14:59.395-03:00,2026-09-29T22:19:27.025-03:00,184,CAMARA,CAMARA,CAMARA,CTG_10135353715,2026-09-29,AC071AA,SOJA,SOJA,VOLCABLE_PTO_5,VOLCABLE PTO 5,TERMINAL_EMBARQUE,INGRESO,I,2000655,000404069899,0000000001273,10135353715,VIC879751290926,36100,SOJA,VOLCABLE_PTO_5,SAN_LORENZO_VOLCABLE,R7,VOLCABLE_PTO_5,TERMINAL_EMBARQUE,EXCEL_PLATFORM_PRODUCT,EXTERNAL_MATCH_EXACT,ROUTE_NO_DISCHARGE_POINT,"FAZON 2026, FAZON 2026",2026-09-29T19:16:00,2026-09-29T20:35:00,2026-09-29T22:15:00,,,1,,,
51d0b807-a81,51d0b807-a81;584a3a7f-5d8,2,2026-09-29T13:52:11.657-03:00,2026-09-29T22:24:54.155-03:00,513,CAMARA,CAMARA,CAMARA,COMPROB_000404069900,2026-09-29,CMF111,AGUA INDUSTRIAL,AGUA INDUSTRIAL,ACEITE_OSL,ACEITE OSL,TERMINAL_EMBARQUE,INGRESO,I,11529,000404069900,0001100019293,0,,26560,AGUA INDUSTRIAL,ACEITE_OSL,LIQUIDO,SL1,ACEITE_OSL,TERMINAL_EMBARQUE,EXCEL_PLATFORM_PRODUCT,EXTERNAL_MATCH_FRAGMENTED,ROUTE_NO_EVALUABLE,"AGUA INDUSTRIAL, AGUA INDUSTRIAL",2026-09-29T21:03:00,,2026-09-29T22:23:00,,,2,,,
52256582-db2,52256582-db2,1,2026-09-29T16:20:24.197-03:00,2026-09-29T22:30:38.133-03:00,370,CAMARA,CAMARA,CAMARA,COMPROB_000400422872,2026-09-29,AD887XZ,ACEITE GIRASOL REFINADO,ACEITE GIRASOL REFINADO,ACEITE_OSL,ACEITE OSL,TERMINAL_EMBARQUE,EGRESO,E,11526,000400422872,,0,,28020,ACEITE GIRASOL REFINADO,ACEITE_OSL,LIQUIDO,SL1,ACEITE_OSL,TERMINAL_EMBARQUE,EXCEL_PLATFORM_PRODUCT,EXTERNAL_MATCH_EXACT,ROUTE_NO_EVALUABLE,FAZON RENOVA/BUNGE,2026-09-29T16:21:00,,2026-09-29T22:29:00,,,1,,,
06fa2bb8-a29,06fa2bb8-a29,1,2026-09-29T16:18:56.672-03:00,2026-09-29T16:47:10.731-03:00,28,CAMARA,CAMARA,CAMARA,CTG_30035342635,2026-09-29,HCR555,ACEITE GIRASOL PARA REFINAR,ACEITE GIRASOL PARA REFINAR,ACEITE_PTO,ACEITE PTO,TERMINAL_EMBARQUE,INGRESO,I,11525,000404069902,0010200007656,30035342635,,29880,ACEITE GIRASOL PARA REFINAR,ACEITE_PTO,LIQUIDO,SL2,ACEITE_PTO,TERMINAL_EMBARQUE,EXCEL_PLATFORM_PRODUCT,EXTERNAL_MATCH_PROBABLE,ROUTE_NO_EVALUABLE,"FAZON RENOVA/BUNGE, FAZON RENOVA/BUNGE",2026-09-28T22:08:00,2026-09-28T22:19:00,2026-09-29T22:33:00,,,1,,,
a50dc809-23d,a50dc809-23d,1,2026-09-29T19:40:46.768-03:00,2026-09-29T21:00:26.646-03:00,80,CAMARA,CAMARA,CAMARA,CTG_10235357994,2026-09-29,AF149TD,SOJA,SOJA,VOLCABLE_PTO_5,VOLCABLE PTO 5,TERMINAL_EMBARQUE,INGRESO,I,2000655,000404069903,0000700007019,10235357994,VIC207001290926,35640,SOJA,VOLCABLE_PTO_5,SAN_LORENZO_VOLCABLE,R7,VOLCABLE_PTO_5,TERMINAL_EMBARQUE,EXCEL_PLATFORM_PRODUCT,EXTERNAL_MATCH_PROBABLE,ROUTE_NO_EVALUABLE,"FAZON 2026, FAZON 2026",2026-09-29T19:42:00,2026-09-29T20:43:00,2026-09-29T22:42:00,,,1,,,
cd99e880-e44,cd99e880-e44;8ac39bf4-35d__cycle_2,2,2026-09-29T09:11:15.588-03:00,2026-09-29T22:41:52.100-03:00,811,CAMARA,CAMARA,CAMARA,CTG_10235340080,2026-09-29,IZX624,GIRASOL,GIRASOL,VOLCABLE_2,VOLCABLE 2,RICARDONE,INGRESO,I,2000664,000301464921,0405200004059,10235340080,VIC699932290926,36580,GIRASOL,VOLCABLE_2,VOLCABLE,R6,VOLCABLE_2,RICARDONE,EXCEL_PLATFORM_PRODUCT,EXTERNAL_MATCH_FRAGMENTED,ROUTE_NO_EVALUABLE,"FASON GIRASOL, FASON GIRASOL",2026-09-29T09:12:00,2026-09-29T10:13:00,2026-09-29T22:43:00,,,2,,,
6e9ae8fd-a32,6e9ae8fd-a32;2f5bb068-a88,2,2026-09-29T18:59:16.222-03:00,2026-09-29T23:03:13.925-03:00,244,CAMARA,CAMARA,CAMARA,CTG_10135340018,2026-09-29,GGH005,SOJA,SOJA,VOLCABLE_PTO_5,VOLCABLE PTO 5,TERMINAL_EMBARQUE,INGRESO,I,2000652,000404069904,0000100000413,10135340018,VIC015377290926,31800,SOJA,VOLCABLE_PTO_5,SAN_LORENZO_VOLCABLE,R7,VOLCABLE_PTO_5,TERMINAL_EMBARQUE,EXCEL_PLATFORM_PRODUCT,EXTERNAL_MATCH_FRAGMENTED,ROUTE_NO_EVALUABLE,"FAZON 2026, FAZON 2026",2026-09-29T19:00:00,2026-09-29T20:28:00,2026-09-29T22:59:00,,,2,,,
8117ac75-5ca,8117ac75-5ca,1,2026-09-29T18:05:37.548-03:00,2026-09-29T23:02:32.449-03:00,297,CAMARA,CAMARA,CAMARA,COMPROB_000400422873,2026-09-29,SFY369,ACEITE GIRASOL REFINADO,ACEITE GIRASOL REFINADO,ACEITE_OSL,ACEITE OSL,TERMINAL_EMBARQUE,EGRESO,E,11526,000400422873,,0,,27960,ACEITE GIRASOL REFINADO,ACEITE_OSL,LIQUIDO,SL1,ACEITE_OSL,TERMINAL_EMBARQUE,EXCEL_PLATFORM_PRODUCT,EXTERNAL_MATCH_EXACT,ROUTE_NO_EVALUABLE,FAZON RENOVA/BUNGE,2026-09-29T18:07:00,,2026-09-29T23:00:00,,,1,,,
17481612-7f4,17481612-7f4;e33df488-27a,2,2026-09-29T16:00:49.808-03:00,2026-09-29T23:04:40.001-03:00,424,CAMARA,CAMARA,CAMARA,COMPROB_000404069905,2026-09-29,RUK692,GLICERINA,GLICERINA,,,TERMINAL_EMBARQUE,INGRESO,I,11509,000404069905,0001100019294,0,,31140,GLICERINA,,LIQUIDO,R8,,TERMINAL_EMBARQUE,EXCEL_PLATFORM_PRODUCT,EXTERNAL_MATCH_FRAGMENTED,ROUTE_NO_EVALUABLE,,2026-09-29T21:29:00,,2026-09-29T23:02:00,,,2,,,
f78b9ac5-a97,f78b9ac5-a97;aaee2a4b-047,2,2026-09-29T18:59:50.784-03:00,2026-09-29T23:06:05.395-03:00,246,CAMARA,CAMARA,CAMARA,COMPROB_000404069906,2026-09-29,NRV526,METILATO DE SODIO,METILATO DE SODIO,,,TERMINAL_EMBARQUE,INGRESO,I,10913,000404069906,002200013046,0,,29040,METILATO DE SODIO,,,,,TERMINAL_EMBARQUE,EXCEL_PLATFORM_PRODUCT,EXTERNAL_MATCH_FRAGMENTED,ROUTE_NO_EVALUABLE,,2026-09-29T19:03:00,,2026-09-29T23:03:00,,,2,,,
42f7b3f5-283__cycle_2,42f7b3f5-283__cycle_2;e7bd57f4-a20,2,2026-09-29T09:47:56.326-03:00,2026-09-29T23:12:17.864-03:00,804,CAMARA,CAMARA,CAMARA,CTG_30035362085,2026-09-29,CNG506,ACEITE GIRASOL PARA REFINAR,ACEITE GIRASOL PARA REFINAR,ACEITE_PTO,ACEITE PTO,TERMINAL_EMBARQUE,INGRESO,I,11525,000404069907,0130000043614,30035362085,,29460,ACEITE GIRASOL PARA REFINAR,ACEITE_PTO,LIQUIDO,SL2,ACEITE_PTO,TERMINAL_EMBARQUE,EXCEL_PLATFORM_PRODUCT,EXTERNAL_MATCH_FRAGMENTED,ROUTE_NO_EVALUABLE,"FAZON RENOVA/BUNGE, FAZON RENOVA/BUNGE",2026-09-29T16:06:00,2026-09-29T16:41:00,2026-09-29T23:10:00,,,2,,,
23d45c27-3c6,23d45c27-3c6,1,2026-09-29T18:35:12.298-03:00,2026-09-29T20:48:30.808-03:00,133,CAMARA,CAMARA,CAMARA,CTG_10135340077,2026-09-29,KRQ432,SOJA,SOJA,VOLCABLE_PTO_5,VOLCABLE PTO 5,TERMINAL_EMBARQUE,INGRESO,I,2000652,000404069908,0000100000415,10135340077,VIC571140290926,31800,SOJA,VOLCABLE_PTO_5,SAN_LORENZO_VOLCABLE,R7,VOLCABLE_PTO_5,TERMINAL_EMBARQUE,EXCEL_PLATFORM_PRODUCT,EXTERNAL_MATCH_PROBABLE,ROUTE_NO_EVALUABLE,"FAZON 2026, FAZON 2026",2026-09-29T18:44:00,2026-09-29T20:17:00,2026-09-29T23:14:00,,,1,,,
2e0a24d4-f4b,2e0a24d4-f4b;2e4757a1-49f,2,2026-09-29T18:51:10.912-03:00,2026-09-29T23:26:52.213-03:00,276,CAMARA,CAMARA,CAMARA,CTG_10135340117,2026-09-29,TPB067,SOJA,SOJA,VOLCABLE_PTO_5,VOLCABLE PTO 5,TERMINAL_EMBARQUE,INGRESO,I,2000652,000404069909,0000100000416,10135340117,VIC687520290926,29420,SOJA,VOLCABLE_PTO_5,SAN_LORENZO_VOLCABLE,R7,VOLCABLE_PTO_5,TERMINAL_EMBARQUE,EXCEL_PLATFORM_PRODUCT,EXTERNAL_MATCH_FRAGMENTED,ROUTE_NO_EVALUABLE,"FAZON 2026, FAZON 2026",2026-09-29T18:59:00,2026-09-29T20:24:00,2026-09-29T23:19:00,,,2,,,
639f68bf-dfa,639f68bf-dfa;1b0e9d3d-e0f__cycle_2,2,2026-09-29T11:47:04.900-03:00,2026-09-29T23:25:35.371-03:00,699,CAMARA,CAMARA,CAMARA,CTG_10235352941,2026-09-29,ESI808,GIRASOL,GIRASOL,KEPPLER_2,KEPPLER 2,RICARDONE,INGRESO,I,2000640,000301464922,1658100004731,10235352941,VIC190391290926,29300,GIRASOL,KEPPLER_2,KEPLER,R4,KEPPLER_2,RICARDONE,EXCEL_PLATFORM_PRODUCT,EXTERNAL_MATCH_FRAGMENTED,ROUTE_NO_EVALUABLE,"FAZON 2026, FAZON 2026",2026-09-29T11:51:00,2026-09-29T13:33:00,2026-09-29T23:26:00,,,2,,,
c4aa56fa-fcf,c4aa56fa-fcf;a2a554ab-7ff__cycle_2,2,2026-09-29T09:29:30.692-03:00,2026-09-29T23:34:14.043-03:00,845,CAMARA,CAMARA,CAMARA,CTG_10235349850,2026-09-29,KXS693,GIRASOL,GIRASOL,VOLCABLE_2,VOLCABLE 2,RICARDONE,INGRESO,I,2000664,000301464923,0482300003002,10235349850,VIC857106290926,30620,GIRASOL,VOLCABLE_2,VOLCABLE,R6,VOLCABLE_2,RICARDONE,EXCEL_PLATFORM_PRODUCT,EXTERNAL_MATCH_FRAGMENTED,ROUTE_NO_EVALUABLE,"FASON GIRASOL, FASON GIRASOL",2026-09-29T09:31:00,2026-09-29T10:17:00,2026-09-29T23:36:00,,,2,,,
ff80a013-c13,ff80a013-c13,1,2026-09-29T22:14:37.244-03:00,2026-09-29T23:43:34.774-03:00,89,CAMARA,CAMARA,CAMARA,COMPROB_000400422874,2026-09-29,LAU467,BORRA DE ACSOJA REFINADO,BORRA DE AC.SOJA REFINADO,,,TERMINAL_EMBARQUE,EGRESO,E,10926,000400422874,,0,,26560,BORRA DE ACSOJA REFINADO,,,SL2,,TERMINAL_EMBARQUE,EXCEL_PLATFORM_PRODUCT,EXTERNAL_MATCH_EXACT,ROUTE_NO_EVALUABLE,DESPACHOS RENOVA.,2026-09-29T22:17:00,,2026-09-29T23:42:00,,,1,,,
1bd5e40a-b0c,1bd5e40a-b0c;b880882a-06a,2,2026-09-29T20:42:55.402-03:00,2026-09-29T23:58:17.967-03:00,195,CAMARA,CAMARA,CAMARA,CTG_10135351512,2026-09-29,KVM850,SOJA,SOJA,VOLCABLE_PTO_5,VOLCABLE PTO 5,TERMINAL_EMBARQUE,INGRESO,I,2000655,000404069912,0000100005655,10135351512,VIC774731290926,30360,SOJA,VOLCABLE_PTO_5,SAN_LORENZO_VOLCABLE,R7,VOLCABLE_PTO_5,TERMINAL_EMBARQUE,EXCEL_PLATFORM_PRODUCT,EXTERNAL_MATCH_FRAGMENTED,ROUTE_NO_EVALUABLE,"FAZON 2026, FAZON 2026",2026-09-29T19:55:00,2026-09-29T20:46:00,2026-09-29T23:56:00,,,2,,,
a686b6b3-bf8__cycle_2,a686b6b3-bf8__cycle_2;b7798a28-8f8;30f05ec8-95f,3,2026-09-29T10:43:27.560-03:00,2026-09-30T00:00:14.174-03:00,797,CAMARA,CAMARA,CAMARA,CTG_30035362835,2026-09-29,AI309IA,ACEITE GIRASOL PARA REFINAR,ACEITE GIRASOL PARA REFINAR,ACEITE_PTO,ACEITE PTO,TERMINAL_EMBARQUE,INGRESO,I,11525,000404069913,0130000043618,30035362835,,29840,ACEITE GIRASOL PARA REFINAR,ACEITE_PTO,LIQUIDO,SL2,ACEITE_PTO,TERMINAL_EMBARQUE,EXCEL_PLATFORM_PRODUCT,EXTERNAL_MATCH_FRAGMENTED,ROUTE_NO_EVALUABLE,"FAZON RENOVA/BUNGE, FAZON RENOVA/BUNGE",2026-09-29T16:26:00,2026-09-29T16:47:00,2026-09-29T23:58:00,,,3,,,
afcc3022-75a__cycle_2,afcc3022-75a__cycle_2;708c31dc-f66__cycle_1,2,2026-09-29T11:32:28.108-03:00,2026-09-29T16:59:57.959-03:00,327,CAMARA,CAMARA,CAMARA,CTG_30035363352,2026-09-30,FOZ297,ACEITE GIRASOL PARA REFINAR,ACEITE GIRASOL PARA REFINAR,ACEITE_PTO,ACEITE PTO,TERMINAL_EMBARQUE,INGRESO,I,11525,000404069914,0130000043620,30035363352,,27920,ACEITE GIRASOL PARA REFINAR,ACEITE_PTO,LIQUIDO,SL2,ACEITE_PTO,TERMINAL_EMBARQUE,EXCEL_PLATFORM_PRODUCT,EXTERNAL_MATCH_FRAGMENTED,ROUTE_NO_EVALUABLE,"FAZON RENOVA/BUNGE, FAZON RENOVA/BUNGE",2026-09-29T16:27:00,2026-09-29T16:50:00,2026-09-30T00:00:00,,,2,,,
662b0de2-987,662b0de2-987;c3102eb4-432,2,2026-09-29T20:13:58.722-03:00,2026-09-30T00:09:22.473-03:00,235,CAMARA,CAMARA,CAMARA,CTG_10235360973,2026-09-30,KUY134,SOJA,SOJA,VOLCABLE_PTO_5,VOLCABLE PTO 5,TERMINAL_EMBARQUE,INGRESO,I,2000655,000404069915,0100100007171,10235360973,VIC316174290926,34380,SOJA,VOLCABLE_PTO_5,SAN_LORENZO_VOLCABLE,R7,VOLCABLE_PTO_5,TERMINAL_EMBARQUE,EXCEL_PLATFORM_PRODUCT,EXTERNAL_MATCH_FRAGMENTED,ROUTE_NO_EVALUABLE,"FAZON 2026, FAZON 2026",2026-09-29T20:15:00,2026-09-29T20:47:00,2026-09-30T00:06:00,,,2,,,
ed4171e8-e02,ed4171e8-e02,1,2026-09-29T11:51:56.677-03:00,2026-09-29T13:35:48.990-03:00,104,CAMARA,CAMARA,CAMARA,CTG_10235353093,2026-09-30,ANV363,GIRASOL,GIRASOL,KEPPLER_2,KEPPLER 2,RICARDONE,INGRESO,I,2000640,000301464924,1658100004732,10235353093,VIC247965290926,28260,GIRASOL,KEPPLER_2,KEPLER,R4,KEPPLER_2,RICARDONE,EXCEL_PLATFORM_PRODUCT,EXTERNAL_MATCH_PROBABLE,ROUTE_NO_EVALUABLE,"FAZON 2026, FAZON 2026",2026-09-29T11:53:00,2026-09-29T13:34:00,2026-09-30T00:08:00,,,1,,,
4626f8c4-fdd,4626f8c4-fdd,1,2026-09-29T13:12:17.999-03:00,2026-09-29T13:39:48.365-03:00,28,CAMARA,CAMARA,CAMARA,CTG_10235354733,2026-09-30,FKZ258,GIRASOL,GIRASOL,KEPPLER_2,KEPPLER 2,RICARDONE,INGRESO,I,2000640,000301464925,1658100004735,10235354733,VIC328775290926,29140,GIRASOL,KEPPLER_2,KEPLER,R4,KEPPLER_2,RICARDONE,EXCEL_PLATFORM_PRODUCT,EXTERNAL_MATCH_PROBABLE,ROUTE_NO_EVALUABLE,"FAZON 2026, FAZON 2026",2026-09-29T13:13:00,2026-09-29T13:39:00,2026-09-30T00:10:00,,,1,,,
08fddae8-718,08fddae8-718;82fecefb-3b9,2,2026-09-29T20:21:52.128-03:00,2026-09-30T00:29:55.100-03:00,248,CAMARA,CAMARA,CAMARA,CTG_10135356772,2026-09-30,FIK405,SOJA,SOJA,VOLCABLE_PTO_5,VOLCABLE PTO 5,TERMINAL_EMBARQUE,INGRESO,I,2000652,000404069917,0000000000457,10135356772,VIC397790290926,30740,SOJA,VOLCABLE_PTO_5,SAN_LORENZO_VOLCABLE,R7,VOLCABLE_PTO_5,TERMINAL_EMBARQUE,EXCEL_PLATFORM_PRODUCT,EXTERNAL_MATCH_FRAGMENTED,ROUTE_NO_EVALUABLE,"FAZON 2026, FAZON 2026",2026-09-29T18:48:00,2026-09-29T20:26:00,2026-09-30T00:23:00,,,2,,,
ceae82b0-577__cycle_1,ceae82b0-577__cycle_1,1,2026-09-29T11:54:35.806-03:00,2026-09-29T13:59:42.279-03:00,125,CAMARA,CAMARA,CAMARA,CTG_10235354206,2026-09-30,BDH961,GIRASOL,GIRASOL,VOLCABLE_2,VOLCABLE 2,RICARDONE,INGRESO,I,2000640,000301464926,1658100004733,10235354206,VIC258406290926,28720,GIRASOL,VOLCABLE_2,VOLCABLE,R6,VOLCABLE_2,RICARDONE,EXCEL_PLATFORM_PRODUCT,EXTERNAL_MATCH_PROBABLE,ROUTE_NO_DISCHARGE_POINT,"FAZON 2026, FAZON 2026",2026-09-29T11:56:00,2026-09-29T13:36:00,2026-09-30T00:25:00,,,1,,,
1cc9b086-3ad,1cc9b086-3ad;2a5bc1f2-c3a,2,2026-09-29T19:06:07.207-03:00,2026-09-30T00:35:27.753-03:00,329,CAMARA,CAMARA,CAMARA,CTG_10135357557,2026-09-30,NCP590,SOJA,SOJA,VOLCABLE_PTO_5,VOLCABLE PTO 5,TERMINAL_EMBARQUE,INGRESO,I,2000655,000404069918,0000000000094,10135357557,VIC599391290926,35140,SOJA,VOLCABLE_PTO_5,SAN_LORENZO_VOLCABLE,R7,VOLCABLE_PTO_5,TERMINAL_EMBARQUE,EXCEL_PLATFORM_PRODUCT,EXTERNAL_MATCH_FRAGMENTED,ROUTE_NO_EVALUABLE,"FAZON 2026, FAZON 2026",2026-09-29T19:07:00,2026-09-29T20:31:00,2026-09-30T00:31:00,,,2,,,
ec478980-acc,ec478980-acc,1,2026-09-29T19:33:47.461-03:00,2026-09-30T00:43:36.629-03:00,310,CAMARA,CAMARA,CAMARA,CTG_10235365997,2026-09-30,SRJ295,SOJA,SOJA,VOLCABLE_PTO_5,VOLCABLE PTO 5,TERMINAL_EMBARQUE,INGRESO,I,2000652,000404069919,0010000009192,10235365997,VIC562539290926,28760,SOJA,VOLCABLE_PTO_5,SAN_LORENZO_VOLCABLE,R7,VOLCABLE_PTO_5,TERMINAL_EMBARQUE,EXCEL_PLATFORM_PRODUCT,EXTERNAL_MATCH_EXACT,ROUTE_NO_EVALUABLE,"FAZON 2026, FAZON 2026",2026-09-29T19:35:00,2026-09-29T20:38:00,2026-09-30T00:41:00,,,1,,,
a200e4c3-bd5,a200e4c3-bd5;43ea8393-cd3,2,2026-09-30T00:20:34.267-03:00,2026-09-30T01:10:58.949-03:00,50,CAMARA,CAMARA,CAMARA,COMPROB_000400422875,2026-09-30,ODS934,PRODUCTOS VARIOS,PRODUCTOS VARIOS,,,TERMINAL_EMBARQUE,EGRESO,E,13000,000400422875,,0,,40,PRODUCTOS VARIOS,,,,,TERMINAL_EMBARQUE,EXCEL_PLATFORM_PRODUCT,EXTERNAL_MATCH_FRAGMENTED,ROUTE_NO_EVALUABLE,"ESTE CAMIÓN TIENE QUE IR A FABRICA, CTO PARA INGRESAR LOS CAMIONES Q SE EQUIVOCAN DE PTA, ESTE CAMIÓN TIENE QUE IR A FABRICA",2026-09-30T00:31:00,,2026-09-30T00:43:00,,,2,,,
d23b3185-422,d23b3185-422;8414fb28-02d__cycle_2,2,2026-09-29T13:13:34.883-03:00,2026-09-30T00:47:38.702-03:00,694,CAMARA,CAMARA,CAMARA,CTG_10235354800,2026-09-30,AYA786,GIRASOL,GIRASOL,KEPPLER_2,KEPPLER 2,RICARDONE,INGRESO,I,2000640,000301464927,1658100004736,10235354800,VIC353722290926,29360,GIRASOL,KEPPLER_2,KEPLER,R4,KEPPLER_2,RICARDONE,EXCEL_PLATFORM_PRODUCT,EXTERNAL_MATCH_FRAGMENTED,ROUTE_NO_EVALUABLE,"FAZON 2026, FAZON 2026",2026-09-29T13:14:00,2026-09-29T13:41:00,2026-09-30T00:49:00,,,2,,,
0b118e21-a81,0b118e21-a81,1,2026-09-29T19:47:59.194-03:00,2026-09-30T00:53:25.504-03:00,305,CAMARA,CAMARA,CAMARA,CTG_10235358229,2026-09-30,IZW257,SOJA,SOJA,VOLCABLE_PTO_5,VOLCABLE PTO 5,TERMINAL_EMBARQUE,INGRESO,I,2000655,000404069921,0000100006571,10235358229,VIC395036290926,30140,SOJA,VOLCABLE_PTO_5,SAN_LORENZO_VOLCABLE,R7,VOLCABLE_PTO_5,TERMINAL_EMBARQUE,EXCEL_PLATFORM_PRODUCT,EXTERNAL_MATCH_EXACT,ROUTE_NO_DISCHARGE_POINT,"FAZON 2026, FAZON 2026",2026-09-29T19:49:00,2026-09-29T20:44:00,2026-09-30T00:51:00,,,1,,,
730eaaef-bb9,730eaaef-bb9;3ca05d8a-d84,2,2026-09-29T20:29:00.296-03:00,2026-09-30T01:04:42.375-03:00,276,CAMARA,CAMARA,CAMARA,CTG_10235357945,2026-09-30,CGG744,SOJA,SOJA,VOLCABLE_PTO_5,VOLCABLE PTO 5,TERMINAL_EMBARQUE,INGRESO,I,2000655,000404069922,0000100006570,10235357945,VIC351822290926,29660,SOJA,VOLCABLE_PTO_5,SAN_LORENZO_VOLCABLE,R7,VOLCABLE_PTO_5,TERMINAL_EMBARQUE,EXCEL_PLATFORM_PRODUCT,EXTERNAL_MATCH_FRAGMENTED,ROUTE_NO_EVALUABLE,"FAZON 2026, FAZON 2026",2026-09-29T20:30:00,2026-09-29T20:51:00,2026-09-30T01:02:00,,,2,,,
895d2257-619,895d2257-619,1,2026-09-29T12:47:16.148-03:00,2026-09-29T13:38:56.123-03:00,52,CAMARA,CAMARA,CAMARA,CTG_10235354342,2026-09-30,CQF701,GIRASOL,GIRASOL,VOLCABLE_2,VOLCABLE 2,RICARDONE,INGRESO,I,2000640,000301464928,1658100004734,10235354342,VIC304809290926,28140,GIRASOL,VOLCABLE_2,VOLCABLE,R6,VOLCABLE_2,RICARDONE,EXCEL_PLATFORM_PRODUCT,EXTERNAL_MATCH_PROBABLE,ROUTE_NO_EVALUABLE,"FAZON 2026, FAZON 2026",2026-09-29T12:49:00,2026-09-29T13:38:00,2026-09-30T01:03:00,,,1,,,
b88f04b2-c7e,b88f04b2-c7e;10944555-547,2,2026-09-29T20:30:47.823-03:00,2026-09-30T01:12:08.393-03:00,281,CAMARA,CAMARA,CAMARA,CTG_10235366042,2026-09-30,VNB418,SOJA,SOJA,VOLCABLE_PTO_5,VOLCABLE PTO 5,TERMINAL_EMBARQUE,INGRESO,I,2000652,000404069923,0010000009193,10235366042,VIC374856290926,29100,SOJA,VOLCABLE_PTO_5,SAN_LORENZO_VOLCABLE,R7,VOLCABLE_PTO_5,TERMINAL_EMBARQUE,EXCEL_PLATFORM_PRODUCT,EXTERNAL_MATCH_FRAGMENTED,ROUTE_NO_EVALUABLE,"FAZON 2026, FAZON 2026",2026-09-29T20:32:00,2026-09-29T20:52:00,2026-09-30T01:09:00,,,2,,,
b33f59a9-599__cycle_1,b33f59a9-599__cycle_1;b33f59a9-599__cycle_2,2,2026-09-29T18:06:46.833-03:00,2026-09-30T01:15:23.391-03:00,429,CAMARA,CAMARA,CAMARA,COMPROB_000400422876,2026-09-30,OFG785,ACEITE GIRASOL REFINADO,ACEITE GIRASOL REFINADO,ACEITE_OSL,ACEITE OSL,TERMINAL_EMBARQUE,EGRESO,E,11526,000400422876,,0,,28180,ACEITE GIRASOL REFINADO,ACEITE_OSL,LIQUIDO,SL1,ACEITE_OSL,TERMINAL_EMBARQUE,EXCEL_PLATFORM_PRODUCT,EXTERNAL_MATCH_FRAGMENTED,ROUTE_NO_EVALUABLE,FAZON RENOVA/BUNGE,2026-09-29T18:08:00,,2026-09-30T01:14:00,,,2,,,
edf419eb-e7d,edf419eb-e7d;9699ee5b-efa;1c204145-664,3,2026-09-29T14:09:29.799-03:00,2026-09-30T01:19:48.137-03:00,670,CAMARA,CAMARA,CAMARA,CTG_10235366749,2026-09-30,OKH237,SOJA,SOJA,VOLCABLE_PTO_5,VOLCABLE PTO 5,TERMINAL_EMBARQUE,INGRESO,I,2000655,000404069924,0000000003547,10235366749,VIC775266290926,29560,SOJA,VOLCABLE_PTO_5,SAN_LORENZO_VOLCABLE,R7,VOLCABLE_PTO_5,TERMINAL_EMBARQUE,EXCEL_PLATFORM_PRODUCT,EXTERNAL_MATCH_FRAGMENTED,ROUTE_NO_EVALUABLE,"FAZON 2026, FAZON 2026",2026-09-29T20:51:00,2026-09-29T23:38:00,2026-09-30T01:16:00,,,3,,,
936c57fa-0e7,936c57fa-0e7;e7d2d30c-cef,2,2026-09-29T21:59:58.292-03:00,2026-09-30T01:28:07.697-03:00,208,CAMARA,CAMARA,CAMARA,CTG_10235357185,2026-09-30,KNM561,SOJA,SOJA,VOLCABLE_PTO_5,VOLCABLE PTO 5,TERMINAL_EMBARQUE,INGRESO,I,2000652,000404069925,0000100001953,10235357185,VIC378783300926,37180,SOJA,VOLCABLE_PTO_5,SAN_LORENZO_VOLCABLE,R7,VOLCABLE_PTO_5,TERMINAL_EMBARQUE,EXCEL_PLATFORM_PRODUCT,EXTERNAL_MATCH_FRAGMENTED,ROUTE_NO_EVALUABLE,"FAZON 2026, FAZON 2026",2026-09-29T22:01:00,2026-09-29T23:40:00,2026-09-30T01:25:00,,,2,,,
74f4dd71-5d5,74f4dd71-5d5;dab02b92-642__cycle_2,2,2026-09-29T13:14:23.124-03:00,2026-09-30T01:24:28.029-03:00,730,CAMARA,CAMARA,CAMARA,CTG_10235339931,2026-09-30,AB306AB,GIRASOL,GIRASOL,KEPPLER_2,KEPPLER 2,RICARDONE,INGRESO,I,2000664,000301464929,0405200004058,10235339931,VIC772535290926,34720,GIRASOL,KEPPLER_2,KEPLER,R4,KEPPLER_2,RICARDONE,EXCEL_PLATFORM_PRODUCT,EXTERNAL_MATCH_FRAGMENTED,ROUTE_NO_EVALUABLE,"FASON GIRASOL, FASON GIRASOL",2026-09-29T13:15:00,2026-09-29T13:43:00,2026-09-30T01:25:00,,,2,,,
b59e90b8-5f5,b59e90b8-5f5;64bbfad1-20b,2,2026-09-29T22:00:39.017-03:00,2026-09-30T01:35:13.267-03:00,215,CAMARA,CAMARA,CAMARA,CTG_10135356574,2026-09-30,AH763FD,SOJA,SOJA,VOLCABLE_PTO_5,VOLCABLE PTO 5,TERMINAL_EMBARQUE,INGRESO,I,2000655,000404069926,0000000000210,10135356574,VIC227554300926,32460,SOJA,VOLCABLE_PTO_5,SAN_LORENZO_VOLCABLE,R7,VOLCABLE_PTO_5,TERMINAL_EMBARQUE,EXCEL_PLATFORM_PRODUCT,EXTERNAL_MATCH_FRAGMENTED,ROUTE_NO_EVALUABLE,"FAZON 2026, FAZON 2026",2026-09-29T22:02:00,2026-09-29T23:47:00,2026-09-30T01:32:00,,,2,,,
bbfe8016-f45__cycle_3,bbfe8016-f45__cycle_3,1,2026-09-29T19:01:32.464-03:00,2026-09-30T01:45:33.675-03:00,404,CAMARA,CAMARA,CAMARA,COMPROB_000400422877,2026-09-30,MNB810,ACEITE GIRASOL REFINADO,ACEITE GIRASOL REFINADO,ACEITE_OSL,ACEITE OSL,TERMINAL_EMBARQUE,EGRESO,E,11526,000400422877,,0,,27740,ACEITE GIRASOL REFINADO,ACEITE_OSL,LIQUIDO,SL1,ACEITE_OSL,TERMINAL_EMBARQUE,EXCEL_PLATFORM_PRODUCT,EXTERNAL_MATCH_EXACT,ROUTE_NO_EVALUABLE,FAZON RENOVA/BUNGE,2026-09-29T19:02:00,,2026-09-30T01:43:00,,,1,,,
160c7aa2-99a,160c7aa2-99a;0c4e67cc-a92,2,2026-09-29T22:09:33.606-03:00,2026-09-30T01:49:24.283-03:00,220,CAMARA,CAMARA,CAMARA,CTG_10135359152,2026-09-30,AH430WI,SOJA,SOJA,VOLCABLE_PTO_5,VOLCABLE PTO 5,TERMINAL_EMBARQUE,INGRESO,I,2000655,000404069927,0000100000971,10135359152,VIC163882290926,29900,SOJA,VOLCABLE_PTO_5,SAN_LORENZO_VOLCABLE,R7,VOLCABLE_PTO_5,TERMINAL_EMBARQUE,EXCEL_PLATFORM_PRODUCT,EXTERNAL_MATCH_FRAGMENTED,ROUTE_NO_EVALUABLE,"FAZON 2026, FAZON 2026",2026-09-29T22:10:00,2026-09-29T23:49:00,2026-09-30T01:47:00,,,2,,,
757fd914-ef3,757fd914-ef3;d9dd2688-de3__cycle_2,2,2026-09-29T13:32:52.230-03:00,2026-09-30T01:50:09.560-03:00,737,CAMARA,CAMARA,CAMARA,CTG_10235356627,2026-09-30,UVX713,GIRASOL,GIRASOL,VOLCABLE_2,VOLCABLE 2,RICARDONE,INGRESO,I,2000640,000301464930,1658100004738,10235356627,VIC367639290926,28340,GIRASOL,VOLCABLE_2,VOLCABLE,R6,VOLCABLE_2,RICARDONE,EXCEL_PLATFORM_PRODUCT,EXTERNAL_MATCH_FRAGMENTED,ROUTE_NO_EVALUABLE,"FAZON 2026, FAZON 2026",2026-09-29T13:35:00,2026-09-29T13:49:00,2026-09-30T01:51:00,,,2,,,
b9ee98b7-098,b9ee98b7-098;9d286947-8e7,2,2026-09-29T22:40:31.415-03:00,2026-09-30T02:02:16.406-03:00,202,CAMARA,CAMARA,CAMARA,CTG_10135359734,2026-09-30,AA719GV,SOJA,SOJA,VOLCABLE_PTO_5,VOLCABLE PTO 5,TERMINAL_EMBARQUE,INGRESO,I,2000655,000404069928,0000000001554,10135359734,VIC657470290926,36220,SOJA,VOLCABLE_PTO_5,SAN_LORENZO_VOLCABLE,R7,VOLCABLE_PTO_5,TERMINAL_EMBARQUE,EXCEL_PLATFORM_PRODUCT,EXTERNAL_MATCH_FRAGMENTED,ROUTE_NO_EVALUABLE,"FAZON 2026, FAZON 2026",2026-09-29T22:41:00,2026-09-29T23:57:00,2026-09-30T02:00:00,,,2,,,
d7d619da-bfe,d7d619da-bfe;40b60397-4a6,2,2026-09-29T22:33:10.109-03:00,2026-09-30T02:05:40.208-03:00,213,CAMARA,CAMARA,CAMARA,CTG_10235361042,2026-09-30,AD234ER,SOJA,SOJA,VOLCABLE_PTO_5,VOLCABLE PTO 5,TERMINAL_EMBARQUE,INGRESO,I,2000655,000404069929,0100100007172,10235361042,VIC079781300926,35760,SOJA,VOLCABLE_PTO_5,SAN_LORENZO_VOLCABLE,R7,VOLCABLE_PTO_5,TERMINAL_EMBARQUE,EXCEL_PLATFORM_PRODUCT,EXTERNAL_MATCH_FRAGMENTED,ROUTE_NO_EVALUABLE,"FAZON 2026, FAZON 2026",2026-09-29T22:34:00,2026-09-29T23:54:00,2026-09-30T02:03:00,,,2,,,
853fbe86-b3b,853fbe86-b3b,1,2026-09-29T14:34:22.524-03:00,2026-09-29T16:58:52.418-03:00,144,CAMARA,CAMARA,CAMARA,CTG_10235341216,2026-09-30,CXY738,GIRASOL,GIRASOL,KEPPLER_2,KEPPLER 2,RICARDONE,INGRESO,I,2000664,000301464931,0482300002993,10235341216,VIC753637280926,22920,GIRASOL,KEPPLER_2,KEPLER,R4,KEPPLER_2,RICARDONE,EXCEL_PLATFORM_PRODUCT,EXTERNAL_MATCH_PROBABLE,ROUTE_NO_DISCHARGE_POINT,"FASON GIRASOL, FASON GIRASOL",2026-09-29T14:35:00,2026-09-29T15:44:00,2026-09-30T02:15:00,,,1,,,
d19a0d8e-63f,d19a0d8e-63f;bdaa96a1-b7b,2,2026-09-29T22:11:13.133-03:00,2026-09-30T02:35:10.836-03:00,264,CAMARA,CAMARA,CAMARA,CTG_10235369760,2026-09-30,JHA681,SOJA,SOJA,VOLCABLE_PTO_5,VOLCABLE PTO 5,TERMINAL_EMBARQUE,INGRESO,I,2000655,000404069930,0286100002498,10235369760,VIC883175290926,35580,SOJA,VOLCABLE_PTO_5,SAN_LORENZO_VOLCABLE,R7,VOLCABLE_PTO_5,TERMINAL_EMBARQUE,EXCEL_PLATFORM_PRODUCT,EXTERNAL_MATCH_FRAGMENTED,ROUTE_NO_EVALUABLE,"FAZON 2026, FAZON 2026",2026-09-29T22:12:00,2026-09-29T23:50:00,2026-09-30T02:33:00,,,2,,,
dd97f71b-5fb,dd97f71b-5fb;267181e2-313,2,2026-09-29T19:53:40.430-03:00,2026-09-30T02:35:57.014-03:00,402,CAMARA,CAMARA,CAMARA,COMPROB_000404069931,2026-09-30,SZG666,AGUA INDUSTRIAL,AGUA INDUSTRIAL,ACEITE_OSL,ACEITE OSL,TERMINAL_EMBARQUE,INGRESO,I,11529,000404069931,0001100019300,0,,27500,AGUA INDUSTRIAL,ACEITE_OSL,LIQUIDO,SL1,ACEITE_OSL,TERMINAL_EMBARQUE,EXCEL_PLATFORM_PRODUCT,EXTERNAL_MATCH_FRAGMENTED,ROUTE_NO_EVALUABLE,,2026-09-30T01:15:00,,2026-09-30T02:34:00,,,2,,,
f90e72b0-5f7__cycle_1,f90e72b0-5f7__cycle_1,1,2026-09-29T14:18:26.067-03:00,2026-09-29T16:51:37.338-03:00,153,CAMARA,CAMARA,CAMARA,CTG_10235350127,2026-09-30,LCE509,GIRASOL,GIRASOL,VOLCABLE_2,VOLCABLE 2,RICARDONE,INGRESO,I,2000664,000301464932,0482300003003,10235350127,VIC617889290926,28700,GIRASOL,VOLCABLE_2,VOLCABLE,R6,VOLCABLE_2,RICARDONE,EXCEL_PLATFORM_PRODUCT,EXTERNAL_MATCH_PROBABLE,ROUTE_NO_DISCHARGE_POINT,"FASON GIRASOL, FASON GIRASOL",2026-09-29T14:20:00,2026-09-29T15:42:00,2026-09-30T02:35:00,,,1,,,
60449cdc-549__cycle_1,60449cdc-549__cycle_1;60449cdc-549__cycle_2,2,2026-09-29T19:49:11.698-03:00,2026-09-30T02:36:43.113-03:00,408,CAMARA,CAMARA,CAMARA,COMPROB_000400422879,2026-09-30,FEA642,ACEITE GIRASOL REFINADO,ACEITE GIRASOL REFINADO,ACEITE_OSL,ACEITE OSL,TERMINAL_EMBARQUE,EGRESO,E,11526,000400422879,,0,,27960,ACEITE GIRASOL REFINADO,ACEITE_OSL,LIQUIDO,SL1,ACEITE_OSL,TERMINAL_EMBARQUE,EXCEL_PLATFORM_PRODUCT,EXTERNAL_MATCH_FRAGMENTED,ROUTE_NO_EVALUABLE,FAZON RENOVA/BUNGE,2026-09-29T19:50:00,,2026-09-30T02:35:00,,,2,,,
ff1caaa7-4ae,ff1caaa7-4ae;d4f6d6fb-eb6,2,2026-09-29T23:07:24.551-03:00,2026-09-30T02:39:37.102-03:00,212,CAMARA,CAMARA,CAMARA,CTG_10135365014,2026-09-30,AD788TS,SOJA,SOJA,VOLCABLE_PTO_5,VOLCABLE PTO 5,TERMINAL_EMBARQUE,INGRESO,I,2000655,000404069932,0000000000975,10135365014,VIC454400300926,35400,SOJA,VOLCABLE_PTO_5,SAN_LORENZO_VOLCABLE,R7,VOLCABLE_PTO_5,TERMINAL_EMBARQUE,EXCEL_PLATFORM_PRODUCT,EXTERNAL_MATCH_FRAGMENTED,ROUTE_NO_EVALUABLE,"FAZON 2026, FAZON 2026",2026-09-29T23:08:00,2026-09-29T23:59:00,2026-09-30T02:37:00,,,2,,,
6074d09f-4e1,6074d09f-4e1,1,2026-09-30T00:25:50.427-03:00,2026-09-30T02:44:09.411-03:00,138,CAMARA,CAMARA,CAMARA,CTG_10235360880,2026-09-30,DCC174,SOJA,SOJA,VOLCABLE_PTO_5,VOLCABLE PTO 5,TERMINAL_EMBARQUE,INGRESO,I,2000655,000404069933,0000100023741,10235360880,VIC326273300926,28320,SOJA,VOLCABLE_PTO_5,SAN_LORENZO_VOLCABLE,R7,VOLCABLE_PTO_5,TERMINAL_EMBARQUE,EXCEL_PLATFORM_PRODUCT,EXTERNAL_MATCH_EXACT,ROUTE_NO_EVALUABLE,"FAZON 2026, FAZON 2026",2026-09-29T22:29:00,2026-09-29T23:52:00,2026-09-30T02:41:00,,,1,,,
74c8460d-88a,74c8460d-88a,1,2026-09-29T22:08:04.084-03:00,2026-09-30T03:04:20.379-03:00,296,CAMARA,CAMARA,CAMARA,CTG_10235349006,2026-09-30,CUC202,GIRASOL,GIRASOL,KEPPLER_2,KEPPLER 2,RICARDONE,INGRESO,I,2000664,000301464933,0405200004074,10235349006,VIC651305300926,30520,GIRASOL,KEPPLER_2,KEPLER,R4,KEPPLER_2,RICARDONE,EXCEL_PLATFORM_PRODUCT,EXTERNAL_MATCH_EXACT,ROUTE_NO_DISCHARGE_POINT,"FASON GIRASOL, FASON GIRASOL",2026-09-29T22:09:00,2026-09-29T23:27:00,2026-09-30T03:05:00,,,1,,,
bba5031a-5e8,bba5031a-5e8,1,2026-09-29T23:36:08.893-03:00,2026-09-30T00:02:11.006-03:00,26,CAMARA,CAMARA,CAMARA,CTG_10235368261,2026-09-30,CVO733,SOJA,SOJA,VOLCABLE_PTO_5,VOLCABLE PTO 5,TERMINAL_EMBARQUE,INGRESO,I,2000655,000404069936,0000100004422,10235368261,VIC985961290926,30500,SOJA,VOLCABLE_PTO_5,SAN_LORENZO_VOLCABLE,R7,VOLCABLE_PTO_5,TERMINAL_EMBARQUE,EXCEL_PLATFORM_PRODUCT,EXTERNAL_MATCH_PROBABLE,ROUTE_NO_DISCHARGE_POINT,"FAZON 2026, FAZON 2026",2026-09-29T23:37:00,2026-09-30T00:06:00,2026-09-30T03:16:00,,,1,,,
3f5b80e8-210__cycle_3,3f5b80e8-210__cycle_3;3f5b80e8-210__cycle_4,2,2026-09-29T15:13:11.965-03:00,2026-09-30T03:18:06.667-03:00,725,CAMARA,CAMARA,CAMARA,CTG_10235359543,2026-09-30,CMU578,GIRASOL,GIRASOL,VOLCABLE_2,VOLCABLE 2,RICARDONE,INGRESO,I,2000640,000301464934,1658100004746,10235359543,VIC425561290926,25820,GIRASOL,VOLCABLE_2,VOLCABLE,R6,VOLCABLE_2,RICARDONE,EXCEL_PLATFORM_PRODUCT,EXTERNAL_MATCH_FRAGMENTED,ROUTE_NO_EVALUABLE,"FAZON 2026, FAZON 2026",2026-09-29T15:14:00,2026-09-29T15:46:00,2026-09-30T03:19:00,,,2,,,
75de663f-6ec,75de663f-6ec;ed19e5f7-9b8,2,2026-09-29T23:21:15.878-03:00,2026-09-30T03:25:45.299-03:00,244,CAMARA,CAMARA,CAMARA,CTG_10235348067,2026-09-30,AG844OC,SOJA,SOJA,VOLCABLE_PTO_5,VOLCABLE PTO 5,TERMINAL_EMBARQUE,INGRESO,I,2000655,000404069937,0000100005155,10235348067,VIC778306300926,35440,SOJA,VOLCABLE_PTO_5,SAN_LORENZO_VOLCABLE,R7,VOLCABLE_PTO_5,TERMINAL_EMBARQUE,EXCEL_PLATFORM_PRODUCT,EXTERNAL_MATCH_FRAGMENTED,ROUTE_NO_EVALUABLE,"FAZON 2026, FAZON 2026",2026-09-29T23:22:00,2026-09-30T00:04:00,2026-09-30T03:23:00,,,2,,,
10f0636a-b75,10f0636a-b75,1,2026-09-29T23:37:58.098-03:00,2026-09-30T03:32:40.625-03:00,235,CAMARA,CAMARA,CAMARA,CTG_10235369895,2026-09-30,FEW780,SOJA,SOJA,VOLCABLE_PTO_5,VOLCABLE PTO 5,TERMINAL_EMBARQUE,INGRESO,I,2000655,000404069938,0286100002500,10235369895,VIC940471290926,28740,SOJA,VOLCABLE_PTO_5,SAN_LORENZO_VOLCABLE,R7,VOLCABLE_PTO_5,TERMINAL_EMBARQUE,EXCEL_PLATFORM_PRODUCT,EXTERNAL_MATCH_EXACT,ROUTE_NO_EVALUABLE,"FAZON 2026, FAZON 2026",2026-09-29T23:39:00,2026-09-30T00:07:00,2026-09-30T03:29:00,,,1,,,
022e2cab-508__cycle_1,022e2cab-508__cycle_1;022e2cab-508__cycle_2,2,2026-09-29T20:40:11.713-03:00,2026-09-30T03:36:23.714-03:00,416,CAMARA,CAMARA,CAMARA,COMPROB_000400422881,2026-09-30,KOE138,ACEITE GIRASOL REFINADO,ACEITE GIRASOL REFINADO,ACEITE_OSL,ACEITE OSL,TERMINAL_EMBARQUE,EGRESO,E,11526,000400422881,,0,,27840,ACEITE GIRASOL REFINADO,ACEITE_OSL,LIQUIDO,SL1,ACEITE_OSL,TERMINAL_EMBARQUE,EXCEL_PLATFORM_PRODUCT,EXTERNAL_MATCH_FRAGMENTED,ROUTE_NO_EVALUABLE,FAZON RENOVA/BUNGE,2026-09-29T20:41:00,,2026-09-30T03:35:00,,,2,,,
01b47269-4b9,01b47269-4b9;cf629272-212,2,2026-09-29T23:47:18.769-03:00,2026-09-30T03:48:43.850-03:00,241,CAMARA,CAMARA,CAMARA,CTG_10135362336,2026-09-30,AF680SK,SOJA,SOJA,VOLCABLE_PTO_5,VOLCABLE PTO 5,TERMINAL_EMBARQUE,INGRESO,I,2000655,000404069939,0000000000622,10135362336,VIC827954300926,36780,SOJA,VOLCABLE_PTO_5,SAN_LORENZO_VOLCABLE,R7,VOLCABLE_PTO_5,TERMINAL_EMBARQUE,EXCEL_PLATFORM_PRODUCT,EXTERNAL_MATCH_FRAGMENTED,ROUTE_NO_EVALUABLE,"FAZON 2026, FAZON 2026",2026-09-29T23:48:00,2026-09-30T00:10:00,2026-09-30T03:46:00,,,2,,,
f6a3dae7-992__cycle_1,f6a3dae7-992__cycle_1;f6a3dae7-992__cycle_2,2,2026-09-29T20:45:17.493-03:00,2026-09-30T03:58:18.640-03:00,433,CAMARA,CAMARA,CAMARA,COMPROB_000400422882,2026-09-30,GTZ627,ACEITE GIRASOL REFINADO,ACEITE GIRASOL REFINADO,ACEITE_OSL,ACEITE OSL,TERMINAL_EMBARQUE,EGRESO,E,11526,000400422882,,0,,27980,ACEITE GIRASOL REFINADO,ACEITE_OSL,LIQUIDO,SL1,ACEITE_OSL,TERMINAL_EMBARQUE,EXCEL_PLATFORM_PRODUCT,EXTERNAL_MATCH_FRAGMENTED,ROUTE_NO_EVALUABLE,FAZON RENOVA/BUNGE,2026-09-29T20:46:00,,2026-09-30T03:57:00,,,2,,,
5c11d7bf-68c__cycle_3,5c11d7bf-68c__cycle_3;5c11d7bf-68c__cycle_4,2,2026-09-29T16:02:49.980-03:00,2026-09-30T03:56:58.641-03:00,714,CAMARA,CAMARA,CAMARA,CTG_10235359621,2026-09-30,GGY416,GIRASOL,GIRASOL,VOLCABLE_2,VOLCABLE 2,RICARDONE,INGRESO,I,2000640,000301464936,1658100004747,10235359621,VIC428215290926,33900,GIRASOL,VOLCABLE_2,VOLCABLE,R6,VOLCABLE_2,RICARDONE,EXCEL_PLATFORM_PRODUCT,EXTERNAL_MATCH_FRAGMENTED,ROUTE_NO_EVALUABLE,"FAZON 2026, FAZON 2026",2026-09-29T16:04:00,2026-09-29T19:45:00,2026-09-30T03:58:00,,,2,,,
a0b1321d-337,a0b1321d-337,1,2026-09-29T23:54:01.355-03:00,2026-09-30T04:14:19.184-03:00,260,CAMARA,CAMARA,CAMARA,CTG_10135344922,2026-09-30,NET202,SOJA,SOJA,VOLCABLE_PTO_5,VOLCABLE PTO 5,TERMINAL_EMBARQUE,INGRESO,I,2000655,000404069940,0000000143732,10135344922,VIC027994300926,30440,SOJA,VOLCABLE_PTO_5,SAN_LORENZO_VOLCABLE,R7,VOLCABLE_PTO_5,TERMINAL_EMBARQUE,EXCEL_PLATFORM_PRODUCT,EXTERNAL_MATCH_EXACT,ROUTE_NO_EVALUABLE,"FAZON 2026, FAZON 2026",2026-09-29T23:55:00,2026-09-30T00:13:00,2026-09-30T04:03:00,,,1,,,
67aa2674-dca__cycle_2,67aa2674-dca__cycle_2,1,2026-09-30T03:44:30.958-03:00,2026-09-30T04:12:47.739-03:00,28,CAMARA,CAMARA,CAMARA,CTG_10235364179,2026-09-30,RTW199,GIRASOL,GIRASOL,KEPPLER_2,KEPPLER 2,RICARDONE,INGRESO,I,2000640,000301464937,1658100004757,10235364179,VIC498656290926,28300,GIRASOL,KEPPLER_2,KEPLER,R4,KEPPLER_2,RICARDONE,EXCEL_PLATFORM_PRODUCT,EXTERNAL_MATCH_EXACT,ROUTE_NO_EVALUABLE,"FAZON 2026, FAZON 2026",2026-09-29T17:34:00,2026-09-29T19:52:00,2026-09-30T04:14:00,,,1,,,
5f681fe7-70e,5f681fe7-70e,1,2026-09-30T00:09:37.596-03:00,2026-09-30T04:16:37.079-03:00,247,CAMARA,CAMARA,CAMARA,CTG_10235351273,2026-09-30,KGH488,SOJA,SOJA,VOLCABLE_PTO_5,VOLCABLE PTO 5,TERMINAL_EMBARQUE,INGRESO,I,2000651,000404069941,0004600009616,10235351273,VIC250962290926,30900,SOJA,VOLCABLE_PTO_5,SAN_LORENZO_VOLCABLE,R7,VOLCABLE_PTO_5,TERMINAL_EMBARQUE,EXCEL_PLATFORM_PRODUCT,EXTERNAL_MATCH_EXACT,ROUTE_NO_EVALUABLE,"FAZON 2026, FAZON 2026",2026-09-29T23:58:00,2026-09-30T00:15:00,2026-09-30T04:14:00,,,1,,,
86a6cb63-c2b,86a6cb63-c2b;399a769c-b44,2,2026-09-29T21:33:39.642-03:00,2026-09-30T04:18:10.876-03:00,405,CAMARA,CAMARA,CAMARA,CTG_10135360852,2026-09-30,MUF492,SOJA,SOJA,VOLCABLE_PTO_5,VOLCABLE PTO 5,TERMINAL_EMBARQUE,INGRESO,I,2000655,000404069942,0000000000557,10135360852,VIC749290290926,29920,SOJA,VOLCABLE_PTO_5,SAN_LORENZO_VOLCABLE,R7,VOLCABLE_PTO_5,TERMINAL_EMBARQUE,EXCEL_PLATFORM_PRODUCT,EXTERNAL_MATCH_FRAGMENTED,ROUTE_NO_EVALUABLE,"FAZON 2026, FAZON 2026",2026-09-29T21:35:00,2026-09-29T23:43:00,2026-09-30T04:17:00,,,2,,,
05345b48-2a0,05345b48-2a0,1,2026-09-30T00:13:15.821-03:00,2026-09-30T00:38:55.774-03:00,26,CAMARA,CAMARA,CAMARA,CTG_10135368465,2026-09-30,AB072IT,SOJA,SOJA,VOLCABLE_PTO_5,VOLCABLE PTO 5,TERMINAL_EMBARQUE,INGRESO,I,2000655,000404069943,0000000000559,10135368465,VIC785649290926,35880,SOJA,VOLCABLE_PTO_5,SAN_LORENZO_VOLCABLE,R7,VOLCABLE_PTO_5,TERMINAL_EMBARQUE,EXCEL_PLATFORM_PRODUCT,EXTERNAL_MATCH_PROBABLE,ROUTE_NO_EVALUABLE,"FAZON 2026, FAZON 2026",2026-09-30T00:01:00,2026-09-30T00:17:00,2026-09-30T04:24:00,,,1,,,
1dec0603-1cc,1dec0603-1cc,1,2026-09-30T00:02:53.303-03:00,2026-09-30T04:35:07.021-03:00,272,CAMARA,CAMARA,CAMARA,CTG_10235360635,2026-09-30,OUZ876,SOJA,SOJA,VOLCABLE_PTO_5,VOLCABLE PTO 5,TERMINAL_EMBARQUE,INGRESO,I,2000652,000404069944,0000100014144,10235360635,VIC052048300926,29640,SOJA,VOLCABLE_PTO_5,SAN_LORENZO_VOLCABLE,R7,VOLCABLE_PTO_5,TERMINAL_EMBARQUE,EXCEL_PLATFORM_PRODUCT,EXTERNAL_MATCH_EXACT,ROUTE_NO_DISCHARGE_POINT,"FAZON 2026, FAZON 2026",2026-09-30T00:04:00,2026-09-30T00:21:00,2026-09-30T04:32:00,,,1,,,
1960b74d-8a0__cycle_1,1960b74d-8a0__cycle_1,1,2026-09-29T22:01:49.179-03:00,2026-09-30T00:01:07.082-03:00,119,CAMARA,CAMARA,CAMARA,CTG_10235364733,2026-09-30,MOF325,SOJA,SOJA,VOLCABLE_PTO_5,VOLCABLE PTO 5,TERMINAL_EMBARQUE,INGRESO,I,2000652,000404069945,0000000003546,10235364733,VIC055973300926,29440,SOJA,VOLCABLE_PTO_5,SAN_LORENZO_VOLCABLE,R7,VOLCABLE_PTO_5,TERMINAL_EMBARQUE,EXCEL_PLATFORM_PRODUCT,EXTERNAL_MATCH_PROBABLE,ROUTE_NO_EVALUABLE,"FAZON 2026, FAZON 2026",2026-09-29T22:03:00,2026-09-29T23:45:00,2026-09-30T04:35:00,,,1,,,
c43e9b1f-957__cycle_3,c43e9b1f-957__cycle_3;c43e9b1f-957__cycle_4,2,2026-09-29T16:10:54.247-03:00,2026-09-30T04:36:23.980-03:00,745,CAMARA,CAMARA,CAMARA,CTG_10235359701,2026-09-30,BIL295,GIRASOL,GIRASOL,VOLCABLE_2,VOLCABLE 2,RICARDONE,INGRESO,I,2000640,000301464938,1658100004748,10235359701,VIC434467290926,28920,GIRASOL,VOLCABLE_2,VOLCABLE,R6,VOLCABLE_2,RICARDONE,EXCEL_PLATFORM_PRODUCT,EXTERNAL_MATCH_FRAGMENTED,ROUTE_NO_EVALUABLE,"FAZON 2026, FAZON 2026",2026-09-29T16:12:00,2026-09-29T19:46:00,2026-09-30T04:37:00,,,2,,,
6a50b6f4-1b3,6a50b6f4-1b3;1b5876f0-926,2,2026-09-30T01:14:49.075-03:00,2026-09-30T05:09:46.012-03:00,235,CAMARA,CAMARA,CAMARA,CTG_10235366173,2026-09-30,AE381DE,SOJA,SOJA,VOLCABLE_PTO_5,VOLCABLE PTO 5,TERMINAL_EMBARQUE,INGRESO,I,2000655,000404069948,0000100000178,10235366173,VIC798613300926,29440,SOJA,VOLCABLE_PTO_5,SAN_LORENZO_VOLCABLE,R7,VOLCABLE_PTO_5,TERMINAL_EMBARQUE,EXCEL_PLATFORM_PRODUCT,EXTERNAL_MATCH_FRAGMENTED,ROUTE_NO_EVALUABLE,"FAZON 2026, FAZON 2026",2026-09-30T01:16:00,2026-09-30T01:25:00,2026-09-30T05:06:00,,,2,,,
70bb5742-b3e__cycle_1,70bb5742-b3e__cycle_1,1,2026-09-29T17:10:53.657-03:00,2026-09-29T19:44:32.157-03:00,154,CAMARA,CAMARA,CAMARA,CTG_10235362169,2026-09-30,WBY590,GIRASOL,GIRASOL,VOLCABLE_2,VOLCABLE 2,RICARDONE,INGRESO,I,2000640,000301464940,1658100004754,10235362169,VIC466481290926,25700,GIRASOL,VOLCABLE_2,VOLCABLE,R6,VOLCABLE_2,RICARDONE,EXCEL_PLATFORM_PRODUCT,EXTERNAL_MATCH_PROBABLE,ROUTE_NO_DISCHARGE_POINT,"FAZON 2026, FAZON 2026",2026-09-29T17:15:00,2026-09-29T19:48:00,2026-09-30T05:09:00,,,1,,,
1764cc65-30f__cycle_1,1764cc65-30f__cycle_1,1,2026-09-29T19:51:33.138-03:00,2026-09-29T20:04:20.182-03:00,13,CAMARA,CAMARA,CAMARA,CTG_10235364493,2026-09-30,GFG620,GIRASOL,GIRASOL,KEPPLER_2,KEPPLER 2,RICARDONE,INGRESO,I,2000640,000301464941,1658100004759,10235364493,VIC565759290926,28680,GIRASOL,KEPPLER_2,KEPLER,R4,KEPPLER_2,RICARDONE,EXCEL_PLATFORM_PRODUCT,EXTERNAL_MATCH_PROBABLE,ROUTE_NO_EVALUABLE,"FAZON 2026, FAZON 2026",2026-09-29T17:52:00,2026-09-29T19:55:00,2026-09-30T05:27:00,,,1,,,
796dbfee-86f,796dbfee-86f;b0682e54-d3a,2,2026-09-30T01:16:24.281-03:00,2026-09-30T05:38:35.624-03:00,262,CAMARA,CAMARA,CAMARA,CTG_10235360151,2026-09-30,AG883BV,SOJA,SOJA,VOLCABLE_PTO_5,VOLCABLE PTO 5,TERMINAL_EMBARQUE,INGRESO,I,2000652,000404069951,0010000030322,10235360151,VIC147860300926,35920,SOJA,VOLCABLE_PTO_5,SAN_LORENZO_VOLCABLE,R7,VOLCABLE_PTO_5,TERMINAL_EMBARQUE,EXCEL_PLATFORM_PRODUCT,EXTERNAL_MATCH_FRAGMENTED,ROUTE_NO_EVALUABLE,"FAZON 2026, FAZON 2026",2026-09-30T01:17:00,2026-09-30T01:26:00,2026-09-30T05:36:00,,,2,,,
0b5ff1f5-52b,0b5ff1f5-52b;7ba916bb-ece,2,2026-09-30T01:12:37.463-03:00,2026-09-30T05:55:52.014-03:00,283,CAMARA,CAMARA,CAMARA,CTG_10235366077,2026-09-30,AB028DO,SOJA,SOJA,VOLCABLE_PTO_5,VOLCABLE PTO 5,TERMINAL_EMBARQUE,INGRESO,I,2000655,000404069952,0000700007023,10235366077,VIC952335290926,30240,SOJA,VOLCABLE_PTO_5,SAN_LORENZO_VOLCABLE,R7,VOLCABLE_PTO_5,TERMINAL_EMBARQUE,EXCEL_PLATFORM_PRODUCT,EXTERNAL_MATCH_FRAGMENTED,ROUTE_NO_EVALUABLE,"FAZON 2026, FAZON 2026",2026-09-30T00:47:00,2026-09-30T01:17:00,2026-09-30T05:51:00,,,2,,,
a213a11f-8ce__cycle_1,a213a11f-8ce__cycle_1;a213a11f-8ce__cycle_2,2,2026-09-29T18:05:08.809-03:00,2026-09-30T05:50:30.481-03:00,705,CAMARA,CAMARA,CAMARA,CTG_10235364551,2026-09-30,RYL693,GIRASOL,GIRASOL,VOLCABLE_2,VOLCABLE 2,RICARDONE,INGRESO,I,2000640,000301464942,1658100004760,10235364551,VIC624284290926,29540,GIRASOL,VOLCABLE_2,VOLCABLE,R6,VOLCABLE_2,RICARDONE,EXCEL_PLATFORM_PRODUCT,EXTERNAL_MATCH_FRAGMENTED,ROUTE_NO_EVALUABLE,"FAZON 2026, FAZON 2026",2026-09-29T18:08:00,2026-09-29T19:57:00,2026-09-30T05:52:00,,,2,,,
d04fcc56-4e5__cycle_1,d04fcc56-4e5__cycle_1;d04fcc56-4e5__cycle_2,2,2026-09-29T20:47:20.118-03:00,2026-09-30T05:59:20.511-03:00,552,CAMARA,CAMARA,CAMARA,CTG_10235350126,2026-09-30,KRB128,GIRASOL,GIRASOL,KEPPLER_2,KEPPLER 2,RICARDONE,INGRESO,I,2000664,000301464943,0405200004078,10235350126,VIC257411300926,35520,GIRASOL,KEPPLER_2,KEPLER,R4,KEPPLER_2,RICARDONE,EXCEL_PLATFORM_PRODUCT,EXTERNAL_MATCH_FRAGMENTED,ROUTE_NO_EVALUABLE,"FASON GIRASOL, FASON GIRASOL",2026-09-29T22:02:00,2026-09-29T23:29:00,2026-09-30T06:00:00,,,2,,,
ba599a47-16c,ba599a47-16c;834f153d-8a7,2,2026-09-30T01:24:19.431-03:00,2026-09-30T06:04:58.073-03:00,281,CAMARA,CAMARA,CAMARA,CTG_10235365985,2026-09-30,FDR949,SOJA,SOJA,VOLCABLE_PTO_5,VOLCABLE PTO 5,TERMINAL_EMBARQUE,INGRESO,I,2000655,000404069953,0000100006933,10235365985,VIC891623300926,30200,SOJA,VOLCABLE_PTO_5,SAN_LORENZO_VOLCABLE,R7,VOLCABLE_PTO_5,TERMINAL_EMBARQUE,EXCEL_PLATFORM_PRODUCT,EXTERNAL_MATCH_FRAGMENTED,ROUTE_NO_EVALUABLE,"FAZON 2026, FAZON 2026",2026-09-30T01:25:00,2026-09-30T05:13:00,2026-09-30T06:03:00,,,2,,,
70cb24ad-87d,70cb24ad-87d;03146e53-6dc,2,2026-09-30T01:44:09.178-03:00,2026-09-30T06:12:15.167-03:00,268,CAMARA,CAMARA,CAMARA,CTG_10135356668,2026-09-30,AD872AP,SOJA,SOJA,VOLCABLE_PTO_5,VOLCABLE PTO 5,TERMINAL_EMBARQUE,INGRESO,I,2000655,000404069954,0000000143771,10135356668,VIC418406300926,34940,SOJA,VOLCABLE_PTO_5,SAN_LORENZO_VOLCABLE,R7,VOLCABLE_PTO_5,TERMINAL_EMBARQUE,EXCEL_PLATFORM_PRODUCT,EXTERNAL_MATCH_FRAGMENTED,ROUTE_NO_EVALUABLE,"FAZON 2026, FAZON 2026",2026-09-30T01:45:00,2026-09-30T05:20:00,2026-09-30T06:09:00,,,2,,,
831f97d6-17f,831f97d6-17f;f2085317-8f4,2,2026-09-30T02:50:40.933-03:00,2026-09-30T06:36:20.065-03:00,226,CAMARA,CAMARA,CAMARA,CTG_10235364722,2026-09-30,HDT433,SOJA,SOJA,VOLCABLE_PTO_5,VOLCABLE PTO 5,TERMINAL_EMBARQUE,INGRESO,I,2000652,000404069956,0000100001954,10235364722,VIC934135300926,36120,SOJA,VOLCABLE_PTO_5,SAN_LORENZO_VOLCABLE,R7,VOLCABLE_PTO_5,TERMINAL_EMBARQUE,EXCEL_PLATFORM_PRODUCT,EXTERNAL_MATCH_FRAGMENTED,ROUTE_NO_EVALUABLE,"FAZON 2026, FAZON 2026",2026-09-30T02:52:00,2026-09-30T05:23:00,2026-09-30T06:33:00,,,2,,,
e770503a-727,e770503a-727;610a62d4-fcf,2,2026-09-30T03:00:24.888-03:00,2026-09-30T06:45:00.113-03:00,225,CAMARA,CAMARA,CAMARA,CTG_10135356733,2026-09-30,OCK388,SOJA,SOJA,VOLCABLE_PTO_5,VOLCABLE PTO 5,TERMINAL_EMBARQUE,INGRESO,I,2000655,000404069957,0000000143772,10135356733,VIC482078300926,34760,SOJA,VOLCABLE_PTO_5,SAN_LORENZO_VOLCABLE,R7,VOLCABLE_PTO_5,TERMINAL_EMBARQUE,EXCEL_PLATFORM_PRODUCT,EXTERNAL_MATCH_FRAGMENTED,ROUTE_NO_EVALUABLE,"FAZON 2026, FAZON 2026",2026-09-30T03:01:00,2026-09-30T05:24:00,2026-09-30T06:42:00,,,2,,,
5b4b83ff-db7__cycle_1,5b4b83ff-db7__cycle_1;d871b64d-4a9__cycle_1,2,2026-09-29T09:17:48.331-03:00,2026-09-29T19:04:42.960-03:00,587,CAMARA,CAMARA,CAMARA,COMPROB_000404069958,2026-09-30,JOZ498,GLICERINA,GLICERINA,,,TERMINAL_EMBARQUE,INGRESO,I,10951,000404069958,0000500033713,0,,30280,GLICERINA,,LIQUIDO,R8,,TERMINAL_EMBARQUE,EXCEL_PLATFORM_PRODUCT,EXTERNAL_MATCH_FRAGMENTED,ROUTE_NO_EVALUABLE,,2026-09-29T09:21:00,2026-09-29T09:31:00,2026-09-30T07:02:00,,,2,,,
cca21e84-70b__cycle_1,cca21e84-70b__cycle_1,1,2026-09-29T18:09:52.663-03:00,2026-09-29T20:11:47.569-03:00,122,CAMARA,CAMARA,CAMARA,CTG_10235364772,2026-09-30,RDB282,GIRASOL,GIRASOL,VOLCABLE_2,VOLCABLE 2,RICARDONE,INGRESO,I,2000640,000301464946,1658100004761,10235364772,VIC649908290926,27960,GIRASOL,VOLCABLE_2,VOLCABLE,R6,VOLCABLE_2,RICARDONE,EXCEL_PLATFORM_PRODUCT,EXTERNAL_MATCH_PROBABLE,ROUTE_NO_DISCHARGE_POINT,"FAZON 2026, FAZON 2026",2026-09-29T18:11:00,2026-09-29T19:59:00,2026-09-30T07:26:00,,,1,,,
693af161-d8c,693af161-d8c;c7646f2a-434,2,2026-09-30T03:14:18.795-03:00,2026-09-30T07:33:08.400-03:00,259,CAMARA,CAMARA,CAMARA,CTG_10135364282,2026-09-30,DEN461,SOJA,SOJA,VOLCABLE_PTO_5,VOLCABLE PTO 5,TERMINAL_EMBARQUE,INGRESO,I,2000655,000404069960,0000100008486,10135364282,VIC121891300926,28220,SOJA,VOLCABLE_PTO_5,SAN_LORENZO_VOLCABLE,R7,VOLCABLE_PTO_5,TERMINAL_EMBARQUE,EXCEL_PLATFORM_PRODUCT,EXTERNAL_MATCH_FRAGMENTED,ROUTE_NO_EVALUABLE,"FAZON 2026, FAZON 2026",2026-09-30T03:17:00,2026-09-30T05:26:00,2026-09-30T07:30:00,,,2,,,
93db01a1-afb__cycle_1,93db01a1-afb__cycle_1;93db01a1-afb__cycle_2,2,2026-09-29T23:54:50.795-03:00,2026-09-30T07:30:42.832-03:00,456,CAMARA,CAMARA,CAMARA,CTG_10235349007,2026-09-30,AF868VQ,GIRASOL,GIRASOL,KEPPLER_2,KEPPLER 2,RICARDONE,INGRESO,I,2000664,000301464947,0405200004075,10235349007,VIC640154300926,34460,GIRASOL,KEPPLER_2,KEPLER,R4,KEPPLER_2,RICARDONE,EXCEL_PLATFORM_PRODUCT,EXTERNAL_MATCH_FRAGMENTED,ROUTE_NO_EVALUABLE,"FASON GIRASOL, FASON GIRASOL",2026-09-29T23:56:00,2026-09-30T00:24:00,2026-09-30T07:32:00,,,2,,,
b138ce8a-637,b138ce8a-637;c9a85db2-ce5,2,2026-09-30T04:52:31.861-03:00,2026-09-30T07:42:09.456-03:00,170,CAMARA,CAMARA,CAMARA,CTG_10135360831,2026-09-30,MZN471,SOJA,SOJA,VOLCABLE_PTO_5,VOLCABLE PTO 5,TERMINAL_EMBARQUE,INGRESO,I,2000652,000404069961,0000000000213,10135360831,VIC064528300926,35940,SOJA,VOLCABLE_PTO_5,SAN_LORENZO_VOLCABLE,R7,VOLCABLE_PTO_5,TERMINAL_EMBARQUE,EXCEL_PLATFORM_PRODUCT,EXTERNAL_MATCH_FRAGMENTED,ROUTE_NO_EVALUABLE,"FAZON 2026, FAZON 2026",2026-09-30T04:53:00,2026-09-30T05:32:00,2026-09-30T07:38:00,,,2,,,
83e37888-430,83e37888-430;ab650677-e42,2,2026-09-30T01:33:23.383-03:00,2026-09-30T07:46:34.642-03:00,373,CAMARA,CAMARA,CAMARA,CTG_10135351184,2026-09-30,HAU223,SOJA,SOJA,VOLCABLE_PTO_5,VOLCABLE PTO 5,TERMINAL_EMBARQUE,INGRESO,I,2000655,000404069962,0000100005648,10135351184,VIC175279290926,30000,SOJA,VOLCABLE_PTO_5,SAN_LORENZO_VOLCABLE,R7,VOLCABLE_PTO_5,TERMINAL_EMBARQUE,EXCEL_PLATFORM_PRODUCT,EXTERNAL_MATCH_FRAGMENTED,ROUTE_NO_EVALUABLE,"FAZON 2026, FAZON 2026",2026-09-30T01:34:00,2026-09-30T05:15:00,2026-09-30T07:45:00,,,2,,,
18391e51-92b,18391e51-92b;92b632a4-122;c944c99b-2fb__cycle_1;90647781-c53;f0cc52d0-b17,5,2026-09-29T10:41:14.483-03:00,2026-09-30T15:18:12.060-03:00,1717,CAMARA,CAMARA,CAMARA,COMPROB_000400422885,2026-09-30,AA703FC,TIERRA DESC FILTROS,TIERRA DESC FILTROS,,,TERMINAL_EMBARQUE,EGRESO,E,11046,000400422885,,0,,2040,TIERRA DESC FILTROS,,,,,TERMINAL_EMBARQUE,EXCEL_PLATFORM_PRODUCT,EXTERNAL_MATCH_FRAGMENTED,ROUTE_NO_EVALUABLE,,2026-09-29T16:05:00,,2026-09-30T07:52:00,,,5,,,
8b6fe778-220,8b6fe778-220;0d23f756-648;b1996ec8-343,3,2026-09-30T07:40:08.809-03:00,2026-09-30T11:49:04.209-03:00,249,CAMARA,CAMARA,CAMARA,COMPROB_000400422886,2026-09-30,KTP4047,PRODUCTOS VARIOS,PRODUCTOS VARIOS,,,TERMINAL_EMBARQUE,EGRESO,E,13000,000400422886,,0,,20,PRODUCTOS VARIOS,,,,,TERMINAL_EMBARQUE,EXCEL_PLATFORM_PRODUCT,EXTERNAL_MATCH_FRAGMENTED,ROUTE_NO_EVALUABLE,"VA A FCA A REALIZAR PREINGRESO, CTO PARA INGRESAR LOS CAMIONES Q SE EQUIVOCAN DE PTA, VA A FCA A REALIZAR PREINGRESO",2026-09-30T07:42:00,,2026-09-30T07:54:00,,,3,,,
84924fbf-eab,84924fbf-eab,1,2026-09-30T03:42:35.856-03:00,2026-09-30T08:00:32.977-03:00,258,CAMARA,CAMARA,CAMARA,CTG_10235367021,2026-09-30,HPX728,SOJA,SOJA,VOLCABLE_PTO_5,VOLCABLE PTO 5,TERMINAL_EMBARQUE,INGRESO,I,2000655,000404069963,0000100006935,10235367021,VIC352570300926,29960,SOJA,VOLCABLE_PTO_5,SAN_LORENZO_VOLCABLE,R7,VOLCABLE_PTO_5,TERMINAL_EMBARQUE,EXCEL_PLATFORM_PRODUCT,EXTERNAL_MATCH_EXACT,ROUTE_NO_DISCHARGE_POINT,"FAZON 2026, FAZON 2026",2026-09-30T03:43:00,2026-09-30T05:29:00,2026-09-30T07:57:00,,,1,,,
fa180824-b4b__cycle_1,fa180824-b4b__cycle_1;fa180824-b4b__cycle_2,2,2026-09-29T22:42:11.184-03:00,2026-09-30T08:02:45.824-03:00,561,CAMARA,CAMARA,CAMARA,CTG_10235353827,2026-09-30,AH798ZU,GIRASOL,GIRASOL,KEPPLER_2,KEPPLER 2,RICARDONE,INGRESO,I,2000664,000301464948,0482300003018,10235353827,VIC595794300926,32040,GIRASOL,KEPPLER_2,KEPLER,R4,KEPPLER_2,RICARDONE,EXCEL_PLATFORM_PRODUCT,EXTERNAL_MATCH_FRAGMENTED,ROUTE_NO_EVALUABLE,"FASON GIRASOL, FASON GIRASOL",2026-09-29T22:43:00,2026-09-30T00:26:00,2026-09-30T08:04:00,,,2,,,
e0d47b28-4ac,e0d47b28-4ac;025587ff-618,2,2026-09-30T03:38:37.602-03:00,2026-09-30T08:19:54.442-03:00,281,CAMARA,CAMARA,CAMARA,CTG_10135367653,2026-09-30,AG623FV,SOJA,SOJA,VOLCABLE_PTO_5,VOLCABLE PTO 5,TERMINAL_EMBARQUE,INGRESO,I,2000655,000404069964,0000000000545,10135367653,VIC272349300926,36860,SOJA,VOLCABLE_PTO_5,SAN_LORENZO_VOLCABLE,R7,VOLCABLE_PTO_5,TERMINAL_EMBARQUE,EXCEL_PLATFORM_PRODUCT,EXTERNAL_MATCH_FRAGMENTED,ROUTE_NO_EVALUABLE,"FAZON 2026, FAZON 2026",2026-09-30T03:40:00,2026-09-30T05:27:00,2026-09-30T08:09:00,,,2,,,
ef3043ad-e39,ef3043ad-e39,1,2026-09-30T07:26:47.231-03:00,2026-09-30T08:12:56.595-03:00,46,CAMARA,CAMARA,CAMARA,COMPROB_000400422887,2026-09-30,HAQ820,ACEITE GIRASOL REFINADO,ACEITE GIRASOL REFINADO,ACEITE_OSL,ACEITE OSL,TERMINAL_EMBARQUE,EGRESO,E,11526,000400422887,,0,,27400,ACEITE GIRASOL REFINADO,ACEITE_OSL,LIQUIDO,SL1,ACEITE_OSL,TERMINAL_EMBARQUE,EXCEL_PLATFORM_PRODUCT,EXTERNAL_MATCH_EXACT,ROUTE_NO_EVALUABLE,FAZON RENOVA/BUNGE,2026-09-30T05:25:00,,2026-09-30T08:11:00,,,1,,,
10bf3ebc-e14,10bf3ebc-e14;8985a653-605,2,2026-09-30T01:43:31.739-03:00,2026-09-30T08:18:48.656-03:00,395,CAMARA,CAMARA,CAMARA,CTG_10235358720,2026-09-30,AA583XJ,SOJA,SOJA,VOLCABLE_PTO_5,VOLCABLE PTO 5,TERMINAL_EMBARQUE,INGRESO,I,2000655,000404069965,0000000008587,10235358720,VIC916313300926,36580,SOJA,VOLCABLE_PTO_5,SAN_LORENZO_VOLCABLE,R7,VOLCABLE_PTO_5,TERMINAL_EMBARQUE,EXCEL_PLATFORM_PRODUCT,EXTERNAL_MATCH_FRAGMENTED,ROUTE_NO_EVALUABLE,"FAZON 2026, FAZON 2026",2026-09-30T01:44:00,2026-09-30T05:18:00,2026-09-30T08:12:00,,,2,,,
779d6e66-2bf,779d6e66-2bf,1,2026-09-30T05:26:58.430-03:00,2026-09-30T08:31:07.311-03:00,184,CAMARA,CAMARA,CAMARA,CTG_10235353561,2026-09-30,TLJ573,SOJA,SOJA,VOLCABLE_PTO_5,VOLCABLE PTO 5,TERMINAL_EMBARQUE,INGRESO,I,2000651,000404069966,0004600009624,10235353561,VIC869067290926,27860,SOJA,VOLCABLE_PTO_5,SAN_LORENZO_VOLCABLE,R7,VOLCABLE_PTO_5,TERMINAL_EMBARQUE,EXCEL_PLATFORM_PRODUCT,EXTERNAL_MATCH_EXACT,ROUTE_NO_EVALUABLE,"FAZON 2026, FAZON 2026",2026-09-30T04:09:00,2026-09-30T05:30:00,2026-09-30T08:26:00,,,1,,,
6741d391-a64,6741d391-a64;17409898-6c2;09a252e7-551,3,2026-09-30T07:33:46.265-03:00,2026-09-30T16:10:06.386-03:00,516,CAMARA,CAMARA,CAMARA,CTG_30035371106,2026-09-30,TAC436,PELLETS GIRASOL,PELLETS GIRASOL,,,RICARDONE,EGRESO,E,95500,000301069934,0000300032668,30035371106,,22820,PELLETS GIRASOL,,,R30,,RICARDONE,EXCEL_PLATFORM_PRODUCT,EXTERNAL_MATCH_FRAGMENTED,ROUTE_NO_EVALUABLE,FAZON 2026,2026-09-30T07:35:00,,2026-09-30T08:27:00,,,3,,,
a6aaed95-4e9__cycle_1,a6aaed95-4e9__cycle_1;a6aaed95-4e9__cycle_2,2,2026-09-29T16:02:07.975-03:00,2026-09-30T11:43:05.745-03:00,1181,CAMARA,CAMARA,CAMARA,COMPROB_009702023099,2026-09-30,EAO104,ACEITE GIRASOL REFINADO,ACEITE GIRASOL REFINADO,,,RENOPACK,INGRESO,I,50042,009702023099,0000500066592,0,,27930,ACEITE GIRASOL REFINADO,,LIQUIDO,,,RENOPACK,EXCEL_PLATFORM_PRODUCT,EXTERNAL_MATCH_FRAGMENTED,ROUTE_NO_EVALUABLE,"RECIBOS ACEITE REFINADO GIRASOL COMMODITIES, RECIBOS ACEITE REFINADO GIRASOL COMMODITIES",2026-09-29T21:29:00,,2026-09-30T08:31:00,,,2,,,
e5bb07d4-3e1,e5bb07d4-3e1;14dc4524-973;2c361fe4-ff1,3,2026-09-30T07:34:27.868-03:00,2026-09-30T16:10:56.926-03:00,516,CAMARA,CAMARA,CAMARA,CTG_30035371310,2026-09-30,BVS300,PELLETS GIRASOL,PELLETS GIRASOL,,,RICARDONE,EGRESO,E,95500,000301069935,0000300032669,30035371310,,26120,PELLETS GIRASOL,,,R30,,RICARDONE,EXCEL_PLATFORM_PRODUCT,EXTERNAL_MATCH_FRAGMENTED,ROUTE_NO_EVALUABLE,FAZON 2026,2026-09-30T07:35:00,,2026-09-30T08:35:00,,,3,,,
ff9c556d-b8c,ff9c556d-b8c,1,2026-09-30T06:45:36.700-03:00,2026-09-30T08:42:41.955-03:00,117,CAMARA,CAMARA,CAMARA,COMPROB_000400422888,2026-09-30,LGZ704,ACEITE GIRASOL REFINADO,ACEITE GIRASOL REFINADO,ACEITE_OSL,ACEITE OSL,TERMINAL_EMBARQUE,EGRESO,E,11678,000400422888,,0,,28320,ACEITE GIRASOL REFINADO,ACEITE_OSL,LIQUIDO,SL1,ACEITE_OSL,TERMINAL_EMBARQUE,EXCEL_PLATFORM_PRODUCT,EXTERNAL_MATCH_EXACT,ROUTE_NO_EVALUABLE,,2026-09-30T06:53:00,,2026-09-30T08:36:00,,,1,,,
e85e3986-b35,e85e3986-b35,1,2026-09-30T01:42:57.654-03:00,2026-09-30T08:43:05.965-03:00,420,CAMARA,CAMARA,CAMARA,CTG_10135343311,2026-09-30,KAI873,SOJA,SOJA,VOLCABLE_PTO_5,VOLCABLE PTO 5,TERMINAL_EMBARQUE,INGRESO,I,2000655,000404069967,0000100000459,10135343311,VIC292867300926,34700,SOJA,VOLCABLE_PTO_5,SAN_LORENZO_VOLCABLE,R7,VOLCABLE_PTO_5,TERMINAL_EMBARQUE,EXCEL_PLATFORM_PRODUCT,EXTERNAL_MATCH_EXACT,ROUTE_NO_EVALUABLE,"FAZON 2026, FAZON 2026",2026-09-30T01:44:00,2026-09-30T05:17:00,2026-09-30T08:38:00,,,1,,,
428e60be-718__cycle_1,428e60be-718__cycle_1;428e60be-718__cycle_2,2,2026-09-30T07:11:55.868-03:00,2026-09-30T17:41:09.767-03:00,629,CAMARA,CAMARA,CAMARA,CTG_10235343845,2026-09-30,UXG866,GIRASOL,GIRASOL,KEPPLER_2,KEPPLER 2,RICARDONE,INGRESO,I,2000640,000301464950,1658100004680,10235343845,VIC212358280926,27020,GIRASOL,KEPPLER_2,KEPLER,R4,KEPPLER_2,RICARDONE,EXCEL_PLATFORM_PRODUCT,EXTERNAL_MATCH_FRAGMENTED,ROUTE_NO_DISCHARGE_POINT,"FAZON 2026, FAZON 2026",2026-09-30T07:13:00,2026-09-30T07:50:00,2026-09-30T08:39:00,,,2,,,
201c6a45-25d,201c6a45-25d;ee2acfcf-3d2,2,2026-09-30T06:36:17.068-03:00,2026-09-30T12:10:48.038-03:00,335,CAMARA,CAMARA,CAMARA,COMPROB_000400422889,2026-09-30,BTS626,AGUA POTABLE,AGUA POTABLE,ACEITE_OSL,ACEITE OSL,TERMINAL_EMBARQUE,EGRESO,E,11615,000400422889,,0,,20,AGUA POTABLE,ACEITE_OSL,LIQUIDO,SL1,ACEITE_OSL,TERMINAL_EMBARQUE,EXCEL_PLATFORM_PRODUCT,EXTERNAL_MATCH_FRAGMENTED,ROUTE_NO_EVALUABLE,"REGADOR, MOVIMIENTO REGADOR, REGADOR",2026-09-30T06:37:00,,2026-09-30T08:41:00,,,2,,,
51164d43-c7c__cycle_2,51164d43-c7c__cycle_2;6d571dff-ebf,2,2026-09-30T07:34:54.670-03:00,2026-09-30T16:13:50.075-03:00,519,CAMARA,CAMARA,CAMARA,CTG_30035371603,2026-09-30,UWX998,PELLETS GIRASOL,PELLETS GIRASOL,,,RICARDONE,EGRESO,E,95500,000301069936,0000300032670,30035371603,,25960,PELLETS GIRASOL,,,R30,,RICARDONE,EXCEL_PLATFORM_PRODUCT,EXTERNAL_MATCH_FRAGMENTED,ROUTE_NO_EVALUABLE,FAZON 2026,2026-09-30T07:36:00,,2026-09-30T08:44:00,,,2,,,
26ac0950-312,26ac0950-312,1,2026-09-30T05:12:35.289-03:00,2026-09-30T08:50:46.389-03:00,218,CAMARA,CAMARA,CAMARA,CTG_10135344800,2026-09-30,OQD722,SOJA,SOJA,VOLCABLE_PTO_5,VOLCABLE PTO 5,TERMINAL_EMBARQUE,INGRESO,I,2000655,000404069968,0000000143731,10135344800,VIC387187300926,29660,SOJA,VOLCABLE_PTO_5,SAN_LORENZO_VOLCABLE,R7,VOLCABLE_PTO_5,TERMINAL_EMBARQUE,EXCEL_PLATFORM_PRODUCT,EXTERNAL_MATCH_EXACT,ROUTE_NO_DISCHARGE_POINT,"FAZON 2026, FAZON 2026",2026-09-30T05:13:00,2026-09-30T05:39:00,2026-09-30T08:47:00,,,1,,,
9f624a86-5a6,9f624a86-5a6;c27c04ce-a1a;1c8db0dc-e1e,3,2026-09-30T07:47:19.340-03:00,2026-09-30T16:35:55.810-03:00,529,CAMARA,CAMARA,CAMARA,CTG_30035371831,2026-09-30,ECX249,PELLETS GIRASOL,PELLETS GIRASOL,,,RICARDONE,EGRESO,E,95500,000301069937,0000300032671,30035371831,,28600,PELLETS GIRASOL,,,R30,,RICARDONE,EXCEL_PLATFORM_PRODUCT,EXTERNAL_MATCH_FRAGMENTED,ROUTE_NO_EVALUABLE,FAZON 2026,2026-09-30T07:36:00,,2026-09-30T08:51:00,,,3,,,
442a5f63-4b5,442a5f63-4b5;0512f2c7-e46,2,2026-09-30T07:49:39.717-03:00,2026-09-30T16:39:57.667-03:00,530,CAMARA,CAMARA,CAMARA,CTG_30035372078,2026-09-30,RDL445,PELLETS GIRASOL,PELLETS GIRASOL,,,RICARDONE,EGRESO,E,95500,000301069938,0000300032672,30035372078,,28220,PELLETS GIRASOL,,,R30,,RICARDONE,EXCEL_PLATFORM_PRODUCT,EXTERNAL_MATCH_FRAGMENTED,ROUTE_NO_EVALUABLE,FAZON 2026,2026-09-30T07:37:00,,2026-09-30T08:58:00,,,2,,,
15df136c-f77,15df136c-f77;4f2cac82-e39,2,2026-09-30T05:53:55.196-03:00,2026-09-30T09:05:17.577-03:00,191,CAMARA,CAMARA,CAMARA,CTG_10235361343,2026-09-30,HGC160,SOJA,SOJA,VOLCABLE_PTO_5,VOLCABLE PTO 5,TERMINAL_EMBARQUE,INGRESO,I,2000652,000404069969,0000100014146,10235361343,VIC122173300926,34320,SOJA,VOLCABLE_PTO_5,SAN_LORENZO_VOLCABLE,R7,VOLCABLE_PTO_5,TERMINAL_EMBARQUE,EXCEL_PLATFORM_PRODUCT,EXTERNAL_MATCH_FRAGMENTED,ROUTE_NO_EVALUABLE,"FAZON 2026, FAZON 2026",2026-09-30T05:55:00,2026-09-30T07:53:00,2026-09-30T09:02:00,,,2,,,
b6f94988-88c,b6f94988-88c;11ab6202-364,2,2026-09-30T07:38:15.844-03:00,2026-09-30T13:31:09.789-03:00,353,CAMARA,CAMARA,CAMARA,COMPROB_000404069970,2026-09-30,CMF111,AGUA INDUSTRIAL,AGUA INDUSTRIAL,ACEITE_OSL,ACEITE OSL,TERMINAL_EMBARQUE,INGRESO,I,11529,000404069970,0001100019305,0,,27940,AGUA INDUSTRIAL,ACEITE_OSL,LIQUIDO,SL1,ACEITE_OSL,TERMINAL_EMBARQUE,EXCEL_PLATFORM_PRODUCT,EXTERNAL_MATCH_FRAGMENTED,ROUTE_NO_EVALUABLE,,2026-09-30T07:40:00,,2026-09-30T09:03:00,,,2,,,
f4957623-5fd,f4957623-5fd,1,2026-09-30T08:28:05.702-03:00,2026-09-30T09:08:35.496-03:00,40,CAMARA,CAMARA,CAMARA,COMPROB_000400422890,2026-09-30,AGR963,ACEITE GIRASOL REFINADO,ACEITE GIRASOL REFINADO,ACEITE_OSL,ACEITE OSL,TERMINAL_EMBARQUE,EGRESO,E,11526,000400422890,,0,,28000,ACEITE GIRASOL REFINADO,ACEITE_OSL,LIQUIDO,SL1,ACEITE_OSL,TERMINAL_EMBARQUE,EXCEL_PLATFORM_PRODUCT,EXTERNAL_MATCH_EXACT,ROUTE_NO_EVALUABLE,FAZON RENOVA/BUNGE,2026-09-30T05:28:00,,2026-09-30T09:06:00,,,1,,,
26166d94-3e4,26166d94-3e4;92d2fdb5-42e;b37f3287-542,3,2026-09-30T07:36:42.594-03:00,2026-09-30T16:48:36.475-03:00,552,CAMARA,CAMARA,CAMARA,CTG_30035372370,2026-09-30,CIE516,PELLETS GIRASOL,PELLETS GIRASOL,,,RICARDONE,EGRESO,E,95500,000301069939,0000300032673,30035372370,,27740,PELLETS GIRASOL,,,R30,,RICARDONE,EXCEL_PLATFORM_PRODUCT,EXTERNAL_MATCH_FRAGMENTED,ROUTE_NO_EVALUABLE,FAZON 2026,2026-09-30T07:38:00,,2026-09-30T09:08:00,,,3,,,
7e284d6e-491,7e284d6e-491;4d8a2d0a-4a0;4d96a597-20b,3,2026-09-30T07:37:49.717-03:00,2026-09-30T16:53:24.670-03:00,556,CAMARA,CAMARA,CAMARA,CTG_30035372483,2026-09-30,EEW075,PELLETS GIRASOL,PELLETS GIRASOL,,,RICARDONE,EGRESO,E,95500,000301069940,0000300032674,30035372483,,23040,PELLETS GIRASOL,,,R30,,RICARDONE,EXCEL_PLATFORM_PRODUCT,EXTERNAL_MATCH_FRAGMENTED,ROUTE_NO_EVALUABLE,FAZON 2026,2026-09-30T07:39:00,,2026-09-30T09:12:00,,,3,,,
01e6c28f-07a,01e6c28f-07a;f9cc41e8-8b4,2,2026-09-30T06:15:23.271-03:00,2026-09-30T09:17:44.476-03:00,182,CAMARA,CAMARA,CAMARA,CTG_10235368194,2026-09-30,MVY131,SOJA,SOJA,VOLCABLE_PTO_5,VOLCABLE PTO 5,TERMINAL_EMBARQUE,INGRESO,I,2000655,000404069971,0000100006936,10235368194,VIC309249300926,35440,SOJA,VOLCABLE_PTO_5,SAN_LORENZO_VOLCABLE,R7,VOLCABLE_PTO_5,TERMINAL_EMBARQUE,EXCEL_PLATFORM_PRODUCT,EXTERNAL_MATCH_FRAGMENTED,ROUTE_NO_EVALUABLE,"FAZON 2026, FAZON 2026",2026-09-30T06:16:00,2026-09-30T07:56:00,2026-09-30T09:15:00,,,2,,,
0e7d2cb5-f13__cycle_3,0e7d2cb5-f13__cycle_3;4ecc4389-31e,2,2026-09-30T12:47:51.646-03:00,2026-09-30T14:38:16.972-03:00,110,CAMARA,CAMARA,CAMARA,CTG_30035363853,2026-09-30,UUU110,ACEITE GIRASOL PARA REFINAR,ACEITE GIRASOL PARA REFINAR,ACEITE_PTO,ACEITE PTO,TERMINAL_EMBARQUE,INGRESO,I,11525,000404069972,0130000043622,30035363853,,27800,ACEITE GIRASOL PARA REFINAR,ACEITE_PTO,LIQUIDO,SL2,ACEITE_PTO,TERMINAL_EMBARQUE,EXCEL_PLATFORM_PRODUCT,EXTERNAL_MATCH_FRAGMENTED,ROUTE_NO_EVALUABLE,"FAZON RENOVA/BUNGE, FAZON RENOVA/BUNGE",2026-09-29T17:02:00,2026-09-29T17:07:00,2026-09-30T09:17:00,,,2,,,
67abc0d6-410,67abc0d6-410;d79dc197-b10,2,2026-09-30T06:23:30.657-03:00,2026-09-30T09:21:34.888-03:00,178,CAMARA,CAMARA,CAMARA,CTG_10235367060,2026-09-30,AH650BH,SOJA,SOJA,VOLCABLE_PTO_5,VOLCABLE PTO 5,TERMINAL_EMBARQUE,INGRESO,I,2000655,000404069973,0000100006796,10235367060,VIC073154300926,35340,SOJA,VOLCABLE_PTO_5,SAN_LORENZO_VOLCABLE,R7,VOLCABLE_PTO_5,TERMINAL_EMBARQUE,EXCEL_PLATFORM_PRODUCT,EXTERNAL_MATCH_FRAGMENTED,ROUTE_NO_EVALUABLE,"FAZON 2026, FAZON 2026",2026-09-30T06:24:00,2026-09-30T07:58:00,2026-09-30T09:18:00,,,2,,,
6d36fcba-61e,6d36fcba-61e;2df2c537-93e,2,2026-09-30T07:02:12.793-03:00,2026-09-30T09:28:51.142-03:00,147,CAMARA,CAMARA,CAMARA,CTG_10135365646,2026-09-30,RXT510,SOJA,SOJA,VOLCABLE_PTO_5,VOLCABLE PTO 5,TERMINAL_EMBARQUE,INGRESO,I,2000655,000404069974,0000000000569,10135365646,VIC508336300926,28800,SOJA,VOLCABLE_PTO_5,SAN_LORENZO_VOLCABLE,R7,VOLCABLE_PTO_5,TERMINAL_EMBARQUE,EXCEL_PLATFORM_PRODUCT,EXTERNAL_MATCH_FRAGMENTED,ROUTE_NO_EVALUABLE,"FAZON 2026, FAZON 2026",2026-09-30T07:03:00,2026-09-30T08:00:00,2026-09-30T09:24:00,,,2,,,
241715b7-8aa__cycle_2,241715b7-8aa__cycle_2,1,2026-09-30T07:56:18.556-03:00,2026-09-30T10:37:28.410-03:00,161,CAMARA,CAMARA,CAMARA,CTG_30035372919,2026-09-30,LBI503,PELLETS GIRASOL,PELLETS GIRASOL,,,RICARDONE,EGRESO,E,95500,000301069941,0000300032675,30035372919,,32720,PELLETS GIRASOL,,,R13,,RICARDONE,EXCEL_PLATFORM_PRODUCT,EXTERNAL_MATCH_EXACT,ROUTE_NO_EVALUABLE,FAZON 2026,2026-09-29T18:13:00,,2026-09-30T09:24:00,,,1,,,
9c0173b5-c59,9c0173b5-c59;64d7656b-0d2,2,2026-09-30T06:37:21.269-03:00,2026-09-30T09:31:08.437-03:00,174,CAMARA,CAMARA,CAMARA,CTG_10135351307,2026-09-30,FVX399,SOJA,SOJA,VOLCABLE_PTO_5,VOLCABLE PTO 5,TERMINAL_EMBARQUE,INGRESO,I,2000655,000404069975,0000100005651,10135351307,VIC475167290926,27640,SOJA,VOLCABLE_PTO_5,SAN_LORENZO_VOLCABLE,R7,VOLCABLE_PTO_5,TERMINAL_EMBARQUE,EXCEL_PLATFORM_PRODUCT,EXTERNAL_MATCH_FRAGMENTED,ROUTE_NO_EVALUABLE,"FAZON 2026, FAZON 2026",2026-09-30T06:38:00,2026-09-30T08:02:00,2026-09-30T09:26:00,,,2,,,
89281d81-36c__cycle_3,89281d81-36c__cycle_3;1dd556bb-c9c;951dc7f1-50b;5d7970bf-355,4,2026-09-30T07:37:18.838-03:00,2026-09-30T23:16:22.810-03:00,939,CAMARA,CAMARA,CAMARA,CTG_30035372990,2026-09-30,UUO981,PELLETS GIRASOL,PELLETS GIRASOL,,,RICARDONE,EGRESO,E,95500,000301069942,0000300032676,30035372990,,24900,PELLETS GIRASOL,,,R30,,RICARDONE,EXCEL_PLATFORM_PRODUCT,EXTERNAL_MATCH_FRAGMENTED,ROUTE_NO_EVALUABLE,FAZON 2026,2026-09-30T07:38:00,,2026-09-30T09:26:00,,,4,,,
87ddf1cd-961__cycle_2,87ddf1cd-961__cycle_2,1,2026-09-30T08:11:50.915-03:00,2026-09-30T09:33:07.565-03:00,81,CAMARA,CAMARA,CAMARA,COMPROB_000400422891,2026-09-30,NWZ336,BORRA ACEITE GIRASOL REFINADO,BORRA ACEITE GIRASOL REFINADO,ACEITE_OSL,ACEITE OSL,TERMINAL_EMBARQUE,EGRESO,E,10927,000400422891,,0,,27040,BORRA ACEITE GIRASOL REFINADO,ACEITE_OSL,LIQUIDO,SL1,ACEITE_OSL,TERMINAL_EMBARQUE,EXCEL_PLATFORM_PRODUCT,EXTERNAL_MATCH_EXACT,ROUTE_NO_EVALUABLE,,2026-09-30T01:35:00,,2026-09-30T09:31:00,,,1,,,
beae6fa6-3b9,beae6fa6-3b9;435f986e-238;d3acea05-c29;569aae0b-560,4,2026-09-30T07:46:56.949-03:00,2026-09-30T17:38:48.482-03:00,592,CAMARA,CAMARA,CAMARA,CTG_30035373364,2026-09-30,CKQ212,PELLETS GIRASOL,PELLETS GIRASOL,,,RICARDONE,EGRESO,E,95500,000301069943,0000300032677,30035373364,,27740,PELLETS GIRASOL,,,R30,,RICARDONE,EXCEL_PLATFORM_PRODUCT,EXTERNAL_MATCH_FRAGMENTED,ROUTE_NO_EVALUABLE,FAZON 2026,2026-09-30T07:48:00,,2026-09-30T09:37:00,,,4,,,
a9754b33-571,a9754b33-571,1,2026-09-30T06:22:25.258-03:00,2026-09-30T09:42:48.557-03:00,200,CAMARA,CAMARA,CAMARA,COMPROB_000400422892,2026-09-30,SCG152,ACEITE GIRASOL REFINADO,ACEITE GIRASOL REFINADO,ACEITE_OSL,ACEITE OSL,TERMINAL_EMBARQUE,EGRESO,E,11526,000400422892,,0,,27080,ACEITE GIRASOL REFINADO,ACEITE_OSL,LIQUIDO,SL1,ACEITE_OSL,TERMINAL_EMBARQUE,EXCEL_PLATFORM_PRODUCT,EXTERNAL_MATCH_EXACT,ROUTE_NO_EVALUABLE,FAZON RENOVA/BUNGE,2026-09-30T06:23:00,,2026-09-30T09:41:00,,,1,,,
672d40c8-774,672d40c8-774;587affec-623;c575a952-5e2,3,2026-09-30T07:52:31.369-03:00,2026-09-30T18:05:46.859-03:00,613,CAMARA,CAMARA,CAMARA,CTG_30035373721,2026-09-30,DGR440,PELLETS GIRASOL,PELLETS GIRASOL,,,RICARDONE,EGRESO,E,95500,000301069944,0000300032678,30035373721,,28140,PELLETS GIRASOL,,,R30,,RICARDONE,EXCEL_PLATFORM_PRODUCT,EXTERNAL_MATCH_FRAGMENTED,ROUTE_NO_EVALUABLE,FAZON 2026,2026-09-30T07:54:00,,2026-09-30T09:46:00,,,3,,,
ad2aff7b-1bd,ad2aff7b-1bd;36172767-00f;a84d6d58-0d9;5a218e92-3d1,4,2026-09-30T08:05:35.577-03:00,2026-09-30T18:13:40.289-03:00,608,CAMARA,CAMARA,CAMARA,CTG_30035373785,2026-09-30,CGS172,PELLETS GIRASOL,PELLETS GIRASOL,,,RICARDONE,EGRESO,E,95500,000301069945,0000300032679,30035373785,,27100,PELLETS GIRASOL,,,R30,,RICARDONE,EXCEL_PLATFORM_PRODUCT,EXTERNAL_MATCH_FRAGMENTED,ROUTE_NO_EVALUABLE,FAZON 2026,2026-09-30T08:06:00,,2026-09-30T09:47:00,,,4,,,
35ce8cb0-39b,35ce8cb0-39b;d5b31384-38f;bc4cf1a7-f85__cycle_1;bc4cf1a7-f85__cycle_2,4,2026-09-29T08:47:21.204-03:00,2026-09-30T09:57:36.592-03:00,1510,CAMARA,CAMARA,CAMARA,CTG_30035364836,2026-09-30,JDH880,ACEITE GIRASOL PARA REFINAR,ACEITE GIRASOL PARA REFINAR,ACEITE_PTO,ACEITE PTO,TERMINAL_EMBARQUE,INGRESO,I,11525,000404069976,0130000043626,30035364836,,29860,ACEITE GIRASOL PARA REFINAR,ACEITE_PTO,LIQUIDO,SL2,ACEITE_PTO,TERMINAL_EMBARQUE,EXCEL_PLATFORM_PRODUCT,EXTERNAL_MATCH_FRAGMENTED,ROUTE_NO_EVALUABLE,"FAZON RENOVA/BUNGE, FAZON RENOVA/BUNGE",2026-09-29T17:34:00,2026-09-29T17:41:00,2026-09-30T09:56:00,,,4,,,
3fe30f2e-218__cycle_2,3fe30f2e-218__cycle_2;d35180b5-b2f;48d792eb-b65;eb814b0a-d57,4,2026-09-30T07:53:35.935-03:00,2026-09-30T18:37:47.307-03:00,644,CAMARA,CAMARA,CAMARA,CTG_30035374243,2026-09-30,RAW481,PELLETS GIRASOL,PELLETS GIRASOL,,,RICARDONE,EGRESO,E,95500,000301069946,0000300032680,30035374243,,28300,PELLETS GIRASOL,,,R30,,RICARDONE,EXCEL_PLATFORM_PRODUCT,EXTERNAL_MATCH_FRAGMENTED,ROUTE_NO_EVALUABLE,FAZON 2026,2026-09-30T08:09:00,,2026-09-30T09:59:00,,,4,,,
1bf4ac8d-f84,1bf4ac8d-f84,1,2026-09-30T06:30:04.692-03:00,2026-09-30T10:01:40.169-03:00,212,CAMARA,CAMARA,CAMARA,COMPROB_000400422893,2026-09-30,EVD342,ACEITE GIRASOL REFINADO,ACEITE GIRASOL REFINADO,ACEITE_OSL,ACEITE OSL,TERMINAL_EMBARQUE,EGRESO,E,11526,000400422893,,0,,28880,ACEITE GIRASOL REFINADO,ACEITE_OSL,LIQUIDO,SL1,ACEITE_OSL,TERMINAL_EMBARQUE,EXCEL_PLATFORM_PRODUCT,EXTERNAL_MATCH_EXACT,ROUTE_NO_EVALUABLE,FAZON RENOVA/BUNGE,2026-09-30T06:29:00,,2026-09-30T10:00:00,,,1,,,
523c4377-270,523c4377-270;8a9a6259-0e9;d970cd2c-e87;0c48606a-d0e,4,2026-09-30T07:55:15.301-03:00,2026-09-30T18:46:00.664-03:00,651,CAMARA,CAMARA,CAMARA,CTG_30035374292,2026-09-30,FDH917,PELLETS GIRASOL,PELLETS GIRASOL,,,RICARDONE,EGRESO,E,95500,000301069947,0000300032681,30035374292,,24980,PELLETS GIRASOL,,,R30,,RICARDONE,EXCEL_PLATFORM_PRODUCT,EXTERNAL_MATCH_FRAGMENTED,ROUTE_NO_EVALUABLE,FAZON 2026,2026-09-30T08:14:00,,2026-09-30T10:00:00,,,4,,,
e68bfcf8-43c,e68bfcf8-43c;72985d1c-70f,2,2026-09-30T10:15:06.096-03:00,2026-09-30T16:21:07.801-03:00,366,CAMARA,CAMARA,CAMARA,COMPROB_000301069948,2026-09-30,UAJ766,PRODUCTOS VARIOS,PRODUCTOS VARIOS,VARIOS,VARIOS,RICARDONE,EGRESO,E,11230,000301069948,,0,,380,PRODUCTOS VARIOS,VARIOS,,,VARIOS,RICARDONE,EXCEL_PLATFORM_PRODUCT,EXTERNAL_MATCH_FRAGMENTED,ROUTE_NO_EVALUABLE,MERCADERIAS VARIAS DE RICARDONE A PUERTO.,2026-09-30T09:20:00,,2026-09-30T10:02:00,,,2,,,
9b31c956-b78,9b31c956-b78;c8e5e199-d41;4b3aa00d-2be;3a2e6e45-a44,4,2026-09-30T08:28:40.718-03:00,2026-09-30T19:53:54.949-03:00,685,CAMARA,CAMARA,CAMARA,CTG_30035374645,2026-09-30,RNM392,PELLETS GIRASOL,PELLETS GIRASOL,,,RICARDONE,EGRESO,E,95500,000301069949,0000300032682,30035374645,,28600,PELLETS GIRASOL,,,R30,,RICARDONE,EXCEL_PLATFORM_PRODUCT,EXTERNAL_MATCH_FRAGMENTED,ROUTE_NO_EVALUABLE,FAZON 2026,2026-09-30T08:30:00,,2026-09-30T10:08:00,,,4,,,
8c8e7b02-155,8c8e7b02-155;76647930-0c2__cycle_1,2,2026-09-30T05:08:17.995-03:00,2026-09-30T07:50:49.064-03:00,163,CAMARA,CAMARA,CAMARA,COMPROB_000400422894,2026-09-30,AE868LS,GLICERINA REFINADA,GLICERINA REFINADA,,,TERMINAL_EMBARQUE,EGRESO,E,10968,000400422894,,0,,23500,GLICERINA REFINADA,,LIQUIDO,R8,,TERMINAL_EMBARQUE,EXCEL_PLATFORM_PRODUCT,EXTERNAL_MATCH_FRAGMENTED,ROUTE_NO_EVALUABLE,DIRECTO DE RENOVA,2026-09-30T05:11:00,,2026-09-30T10:10:00,,,2,,,
b66d8972-d96,b66d8972-d96;9238a6dc-a29;7d870241-16d;29dabcdc-14e,4,2026-09-30T07:57:44.509-03:00,2026-09-30T19:48:05.969-03:00,710,CAMARA,CAMARA,CAMARA,CTG_30035374741,2026-09-30,GES056,PELLETS GIRASOL,PELLETS GIRASOL,,,RICARDONE,EGRESO,E,95500,000301069950,0000300032683,30035374741,,27820,PELLETS GIRASOL,,,R30,,RICARDONE,EXCEL_PLATFORM_PRODUCT,EXTERNAL_MATCH_FRAGMENTED,ROUTE_NO_EVALUABLE,FAZON 2026,2026-09-30T08:20:00,,2026-09-30T10:11:00,,,4,,,
4bbf3eb4-54a,4bbf3eb4-54a;4573abfa-700__cycle_1,2,2026-09-30T05:10:36.244-03:00,2026-09-30T10:08:22.807-03:00,298,CAMARA,CAMARA,CAMARA,COMPROB_000400422895,2026-09-30,EFA323,GLICERINA REFINADA,GLICERINA REFINADA,,,TERMINAL_EMBARQUE,EGRESO,E,10968,000400422895,,0,,23500,GLICERINA REFINADA,,LIQUIDO,R8,,TERMINAL_EMBARQUE,EXCEL_PLATFORM_PRODUCT,EXTERNAL_MATCH_FRAGMENTED,ROUTE_NO_EVALUABLE,DIRECTO DE RENOVA,2026-09-30T05:13:00,,2026-09-30T10:11:00,,,2,,,
6d910067-cfc,6d910067-cfc;13b24d17-791,2,2026-09-30T08:06:23.979-03:00,2026-09-30T13:46:49.765-03:00,340,CAMARA,CAMARA,CAMARA,CTG_30035375071,2026-09-30,AYB759,PELLETS GIRASOL,PELLETS GIRASOL,,,RICARDONE,EGRESO,E,95500,000301069951,0000300032684,30035375071,,29720,PELLETS GIRASOL,,,R30,,RICARDONE,EXCEL_PLATFORM_PRODUCT,EXTERNAL_MATCH_FRAGMENTED,ROUTE_NO_EVALUABLE,FAZON 2026,2026-09-30T08:26:00,,2026-09-30T10:19:00,,,2,,,
28d6a8ae-5c1,28d6a8ae-5c1;58771bc3-b23,2,2026-09-30T07:13:48.913-03:00,2026-09-30T10:26:37.184-03:00,193,CAMARA,CAMARA,CAMARA,CTG_10135367737,2026-09-30,UUH028,SOJA,SOJA,VOLCABLE_PTO_5,VOLCABLE PTO 5,TERMINAL_EMBARQUE,INGRESO,I,2000652,000404069977,0000000012144,10135367737,VIC605883300926,29060,SOJA,VOLCABLE_PTO_5,SAN_LORENZO_VOLCABLE,R7,VOLCABLE_PTO_5,TERMINAL_EMBARQUE,EXCEL_PLATFORM_PRODUCT,EXTERNAL_MATCH_FRAGMENTED,ROUTE_NO_EVALUABLE,"FAZON 2026, FAZON 2026",2026-09-30T07:15:00,2026-09-30T08:06:00,2026-09-30T10:23:00,,,2,,,
354ba29a-0a1__cycle_2,354ba29a-0a1__cycle_2;7c676433-c57;f586cde8-d7f;cb4cd1bb-da3,4,2026-09-30T08:12:11.458-03:00,2026-09-30T20:23:09.380-03:00,731,CAMARA,CAMARA,CAMARA,CTG_30035375359,2026-09-30,BHL749,PELLETS GIRASOL,PELLETS GIRASOL,,,RICARDONE,EGRESO,E,95500,000301069952,0000300032685,30035375359,,27020,PELLETS GIRASOL,,,R30,,RICARDONE,EXCEL_PLATFORM_PRODUCT,EXTERNAL_MATCH_FRAGMENTED,ROUTE_NO_EVALUABLE,FAZON 2026,2026-09-30T08:13:00,,2026-09-30T10:25:00,,,4,,,
adae7201-f0d,adae7201-f0d;f0253235-b71,2,2026-09-30T07:43:25.259-03:00,2026-09-30T10:31:11.773-03:00,168,CAMARA,CAMARA,CAMARA,CTG_10135363201,2026-09-30,FZV741,SOJA,SOJA,VOLCABLE_PTO_5,VOLCABLE PTO 5,TERMINAL_EMBARQUE,INGRESO,I,2000655,000404069978,0000100008485,10135363201,VIC016544300926,28880,SOJA,VOLCABLE_PTO_5,SAN_LORENZO_VOLCABLE,R7,VOLCABLE_PTO_5,TERMINAL_EMBARQUE,EXCEL_PLATFORM_PRODUCT,EXTERNAL_MATCH_FRAGMENTED,ROUTE_NO_EVALUABLE,"FAZON 2026, FAZON 2026",2026-09-30T07:44:00,2026-09-30T08:18:00,2026-09-30T10:26:00,,,2,,,
b719ce7f-4f2,b719ce7f-4f2;87687814-1f5,2,2026-09-30T07:11:26.070-03:00,2026-09-30T16:09:08.802-03:00,538,CAMARA,CAMARA,CAMARA,COMPROB_000400422896,2026-09-30,AB675DP,RESIDUOS ORG,RESIDUOS ORG.,,,TERMINAL_EMBARQUE,EGRESO,E,11003,000400422896,,0,,26320,RESIDUOS ORG,,,,,TERMINAL_EMBARQUE,EXCEL_PLATFORM_PRODUCT,EXTERNAL_MATCH_FRAGMENTED,ROUTE_NO_EVALUABLE,"SANEAMIENTO DE TORRES DE ENFRIAMIENTO + CLARIFICADORA , DESPACHO RESIDUOS ORGANICOS FUERA DE PLANTA:DF, SANEAMIENTO DE TORRES DE ENFRIAMIENTO + CLARIFICADORA",2026-09-30T07:15:00,,2026-09-30T10:27:00,,,2,,,
e057a7a7-461__cycle_2,e057a7a7-461__cycle_2,1,2026-09-30T07:03:09.242-03:00,2026-09-30T10:32:26.003-03:00,209,CAMARA,CAMARA,CAMARA,COMPROB_000400422897,2026-09-30,AA875OG,ACEITE GIRASOL REFINADO,ACEITE GIRASOL REFINADO,ACEITE_OSL,ACEITE OSL,TERMINAL_EMBARQUE,EGRESO,E,11526,000400422897,,0,,27960,ACEITE GIRASOL REFINADO,ACEITE_OSL,LIQUIDO,SL1,ACEITE_OSL,TERMINAL_EMBARQUE,EXCEL_PLATFORM_PRODUCT,EXTERNAL_MATCH_EXACT,ROUTE_NO_EVALUABLE,FAZON RENOVA/BUNGE,2026-09-30T07:04:00,,2026-09-30T10:31:00,,,1,,,
01761ce2-480,01761ce2-480;4dd5640c-fd6;430f5731-140,3,2026-09-29T08:56:49.638-03:00,2026-09-30T15:49:04.745-03:00,1852,CAMARA,CAMARA,CAMARA,CTG_30035366885,2026-09-30,EAR164,ACEITE GIRASOL PARA REFINAR,ACEITE GIRASOL PARA REFINAR,ACEITE_PTO,ACEITE PTO,TERMINAL_EMBARQUE,INGRESO,I,11525,000404069979,0130000043632,30035366885,,28940,ACEITE GIRASOL PARA REFINAR,ACEITE_PTO,LIQUIDO,SL2,ACEITE_PTO,TERMINAL_EMBARQUE,EXCEL_PLATFORM_PRODUCT,EXTERNAL_MATCH_FRAGMENTED,ROUTE_NO_EVALUABLE,"FAZON RENOVA/BUNGE, FAZON RENOVA/BUNGE",2026-09-29T18:16:00,2026-09-29T18:36:00,2026-09-30T10:33:00,,,3,,,
159740a3-5af,159740a3-5af;1d580ad5-da9;10e14984-d4a;cfcd111c-32b;3859b59c-8e4__cycle_1,5,2026-09-30T08:33:01.373-03:00,2026-09-30T15:16:05.201-03:00,403,CAMARA,CAMARA,CAMARA,CTG_30035375695,2026-09-30,UUL425,PELLETS GIRASOL,PELLETS GIRASOL,,,RICARDONE,EGRESO,E,95500,000301069953,0000300032686,30035375695,,26420,PELLETS GIRASOL,,,R30,,RICARDONE,EXCEL_PLATFORM_PRODUCT,EXTERNAL_MATCH_FRAGMENTED,ROUTE_NO_EVALUABLE,FAZON 2026,2026-09-30T08:34:00,,2026-09-30T10:33:00,,,5,,,
ff9c556d-b8c,ff9c556d-b8c,1,2026-09-30T06:45:36.700-03:00,2026-09-30T08:42:41.955-03:00,117,CAMARA,CAMARA,CAMARA,COMPROB_009702023100,2026-09-30,LGZ704,ACEITE GIRASOL REFINADO,ACEITE GIRASOL REFINADO,,,RENOPACK,INGRESO,I,50042,009702023100,0000500066607,0,,28290,ACEITE GIRASOL REFINADO,,LIQUIDO,,,RENOPACK,EXCEL_PLATFORM_PRODUCT,EXTERNAL_MATCH_PROBABLE,ROUTE_NO_EVALUABLE,"RECIBOS ACEITE REFINADO GIRASOL COMMODITIES, RECIBOS ACEITE REFINADO GIRASOL COMMODITIES",2026-09-30T09:01:00,,2026-09-30T10:37:00,,,1,,,
54e2a148-07f,54e2a148-07f;05bdfc11-66a,2,2026-09-30T07:40:59.650-03:00,2026-09-30T10:41:35.103-03:00,181,CAMARA,CAMARA,CAMARA,CTG_10135364372,2026-09-30,IZK674,SOJA,SOJA,VOLCABLE_PTO_5,VOLCABLE PTO 5,TERMINAL_EMBARQUE,INGRESO,I,2000655,000404069980,0000100008487,10135364372,VIC516241300926,29380,SOJA,VOLCABLE_PTO_5,SAN_LORENZO_VOLCABLE,R7,VOLCABLE_PTO_5,TERMINAL_EMBARQUE,EXCEL_PLATFORM_PRODUCT,EXTERNAL_MATCH_FRAGMENTED,ROUTE_NO_EVALUABLE,"FAZON 2026, FAZON 2026",2026-09-30T07:43:00,2026-09-30T08:16:00,2026-09-30T10:39:00,,,2,,,
c7b0566e-e4f,c7b0566e-e4f;414b94b1-7ec;5a201497-470;62258072-b78,4,2026-09-30T09:09:17.500-03:00,2026-09-30T20:58:17.383-03:00,709,CAMARA,CAMARA,CAMARA,CTG_30035375945,2026-09-30,EBO971,PELLETS GIRASOL,PELLETS GIRASOL,,,RICARDONE,EGRESO,E,95500,000301069954,0000300032687,30035375945,,27800,PELLETS GIRASOL,,,R30,,RICARDONE,EXCEL_PLATFORM_PRODUCT,EXTERNAL_MATCH_FRAGMENTED,ROUTE_NO_EVALUABLE,FAZON 2026,2026-09-30T09:10:00,,2026-09-30T10:39:00,,,4,,,
66f24b71-6d0,66f24b71-6d0;c3ca192d-374,2,2026-09-30T05:27:35.584-03:00,2026-09-30T16:29:13.810-03:00,662,CAMARA,CAMARA,CAMARA,COMPROB_000400422898,2026-09-30,KAD727,GLICERINA REFINADA,GLICERINA REFINADA,,,TERMINAL_EMBARQUE,EGRESO,E,10968,000400422898,,0,,23500,GLICERINA REFINADA,,LIQUIDO,R8,,TERMINAL_EMBARQUE,EXCEL_PLATFORM_PRODUCT,EXTERNAL_MATCH_FRAGMENTED,ROUTE_NO_EVALUABLE,DIRECTO DE RENOVA,2026-09-30T05:29:00,,2026-09-30T10:47:00,,,2,,,
e68bfcf8-43c,e68bfcf8-43c;72985d1c-70f,2,2026-09-30T10:15:06.096-03:00,2026-09-30T16:21:07.801-03:00,366,CAMARA,CAMARA,CAMARA,COMPROB_000404069981,2026-09-30,UAJ766,PRODUCTOS VARIOS,PRODUCTOS VARIOS,,,TERMINAL_EMBARQUE,INGRESO,I,11230,000404069981,0000301069948,0,,360,PRODUCTOS VARIOS,,,,,TERMINAL_EMBARQUE,EXCEL_PLATFORM_PRODUCT,EXTERNAL_MATCH_FRAGMENTED,ROUTE_NO_EVALUABLE,"MERCADERIAS VARIAS DE RICARDONE A PUERTO., MERCADERIAS VARIAS DE RICARDONE A PUERTO.",2026-09-30T10:16:00,,2026-09-30T10:49:00,,,2,,,
56c15164-c51,56c15164-c51;57fae79e-637,2,2026-09-30T10:49:23.285-03:00,2026-09-30T13:09:01.698-03:00,140,CAMARA,CAMARA,CAMARA,COMPROB_000301069955,2026-09-30,HWU967,RESIDUOS ASIMILABLES A DOMICILIARIOS,RESIDUOS ASIMILABLES A DOMICILIARIOS,,,RICARDONE,EGRESO,E,11004,000301069955,,0,,440,RESIDUOS ASIMILABLES A DOMICILIARIOS,,,,,RICARDONE,EXCEL_PLATFORM_PRODUCT,EXTERNAL_MATCH_FRAGMENTED,ROUTE_NO_EVALUABLE,,2026-09-30T10:33:00,,2026-09-30T10:50:00,,,2,,,
f2f179e6-2a5,f2f179e6-2a5;db4add63-fee,2,2026-09-30T07:19:49.096-03:00,2026-09-30T10:56:01.569-03:00,216,CAMARA,CAMARA,CAMARA,CTG_10235364456,2026-09-30,TBK992,SOJA,SOJA,VOLCABLE_PTO_5,VOLCABLE PTO 5,TERMINAL_EMBARQUE,INGRESO,I,2000651,000404069983,0010800009762,10235364456,VIC984544290926,30540,SOJA,VOLCABLE_PTO_5,SAN_LORENZO_VOLCABLE,R7,VOLCABLE_PTO_5,TERMINAL_EMBARQUE,EXCEL_PLATFORM_PRODUCT,EXTERNAL_MATCH_FRAGMENTED,ROUTE_NO_EVALUABLE,"FAZON 2026, FAZON 2026",2026-09-30T07:21:00,2026-09-30T08:09:00,2026-09-30T10:53:00,,,2,,,
9c4a03a5-e3b,9c4a03a5-e3b;c8fad246-be6,2,2026-09-30T07:18:46.131-03:00,2026-09-30T11:00:26.675-03:00,222,CAMARA,CAMARA,CAMARA,CTG_10235362228,2026-09-30,JRM177,SOJA,SOJA,VOLCABLE_PTO_5,VOLCABLE PTO 5,TERMINAL_EMBARQUE,INGRESO,I,2000651,000404069984,0010800009759,10235362228,VIC773181290926,31460,SOJA,VOLCABLE_PTO_5,SAN_LORENZO_VOLCABLE,R7,VOLCABLE_PTO_5,TERMINAL_EMBARQUE,EXCEL_PLATFORM_PRODUCT,EXTERNAL_MATCH_FRAGMENTED,ROUTE_NO_EVALUABLE,"FAZON 2026, FAZON 2026",2026-09-30T07:20:00,2026-09-30T08:05:00,2026-09-30T10:58:00,,,2,,,
af1a72e1-5d8,af1a72e1-5d8;b70a4ea3-8ab,2,2026-09-30T09:17:38.853-03:00,2026-09-30T16:51:38.348-03:00,454,CAMARA,CAMARA,CAMARA,COMPROB_000400422899,2026-09-30,MWH059,ACEITE GIRASOL REFINADO,ACEITE GIRASOL REFINADO,ACEITE_OSL,ACEITE OSL,TERMINAL_EMBARQUE,EGRESO,E,11678,000400422899,,0,,27900,ACEITE GIRASOL REFINADO,ACEITE_OSL,LIQUIDO,SL1,ACEITE_OSL,TERMINAL_EMBARQUE,EXCEL_PLATFORM_PRODUCT,EXTERNAL_MATCH_FRAGMENTED,ROUTE_NO_EVALUABLE,,2026-09-30T09:18:00,,2026-09-30T11:01:00,,,2,,,
e8cca6e2-417,e8cca6e2-417;bd0ab215-7aa,2,2026-09-30T09:36:01.479-03:00,2026-09-30T16:09:38.374-03:00,394,CAMARA,CAMARA,CAMARA,COMPROB_000404069986,2026-09-30,SZG666,AGUA INDUSTRIAL,AGUA INDUSTRIAL,ACEITE_OSL,ACEITE OSL,TERMINAL_EMBARQUE,INGRESO,I,11529,000404069986,0001100019306,0,,27280,AGUA INDUSTRIAL,ACEITE_OSL,LIQUIDO,SL1,ACEITE_OSL,TERMINAL_EMBARQUE,EXCEL_PLATFORM_PRODUCT,EXTERNAL_MATCH_FRAGMENTED,ROUTE_NO_EVALUABLE,,2026-09-30T09:38:00,,2026-09-30T11:05:00,,,2,,,
34dca908-ca7,34dca908-ca7;42aa9348-a56__cycle_1;42aa9348-a56__cycle_2,3,2026-09-30T00:01:23.218-03:00,2026-09-30T11:10:08.908-03:00,669,CAMARA,CAMARA,CAMARA,CTG_30035369985,2026-09-30,CSB958,ACEITE GIRASOL PARA REFINAR,ACEITE GIRASOL PARA REFINAR,ACEITE_PTO,ACEITE PTO,TERMINAL_EMBARQUE,INGRESO,I,11525,000404069987,0130000043639,30035369985,,29040,ACEITE GIRASOL PARA REFINAR,ACEITE_PTO,LIQUIDO,SL2,ACEITE_PTO,TERMINAL_EMBARQUE,EXCEL_PLATFORM_PRODUCT,EXTERNAL_MATCH_FRAGMENTED,ROUTE_NO_EVALUABLE,"FAZON RENOVA/BUNGE, FAZON RENOVA/BUNGE",2026-09-30T00:03:00,2026-09-30T00:17:00,2026-09-30T11:08:00,,,3,,,
db2f0509-12c,db2f0509-12c;fec67b94-288,2,2026-09-30T07:20:53.258-03:00,2026-09-30T11:12:17.759-03:00,231,CAMARA,CAMARA,CAMARA,CTG_10235362050,2026-09-30,LCY577,SOJA,SOJA,VOLCABLE_PTO_5,VOLCABLE PTO 5,TERMINAL_EMBARQUE,INGRESO,I,2000651,000404069988,0010800009758,10235362050,VIC498899290926,31280,SOJA,VOLCABLE_PTO_5,SAN_LORENZO_VOLCABLE,R7,VOLCABLE_PTO_5,TERMINAL_EMBARQUE,EXCEL_PLATFORM_PRODUCT,EXTERNAL_MATCH_FRAGMENTED,ROUTE_NO_EVALUABLE,"FAZON 2026, FAZON 2026",2026-09-30T07:22:00,2026-09-30T08:13:00,2026-09-30T11:10:00,,,2,,,
56c15164-c51,56c15164-c51;57fae79e-637,2,2026-09-30T10:49:23.285-03:00,2026-09-30T13:09:01.698-03:00,140,CAMARA,CAMARA,CAMARA,COMPROB_009702024211,2026-09-30,HWU967,RESIDUOS ASIMILABLES A DOMICILIARIOS,RESIDUOS ASIMILABLES A DOMICILIARIOS,,,RENOPACK,EGRESO,E,50003,009702024211,,0,,160,RESIDUOS ASIMILABLES A DOMICILIARIOS,,,,,RENOPACK,EXCEL_PLATFORM_PRODUCT,EXTERNAL_MATCH_FRAGMENTED,ROUTE_NO_EVALUABLE,RESIDUOS DOMICILIARIOS RENOPACK,2026-09-30T10:57:00,,2026-09-30T11:10:00,,,2,,,
c5857928-2c7,c5857928-2c7;ec7e2c42-f26;4df15d5e-cef,3,2026-09-30T09:38:55.922-03:00,2026-09-30T21:41:31.235-03:00,723,CAMARA,CAMARA,CAMARA,CTG_30035377235,2026-09-30,RRE349,PELLETS GIRASOL,PELLETS GIRASOL,,,RICARDONE,EGRESO,E,95500,000301069956,0000300032688,30035377235,,24940,PELLETS GIRASOL,,,R30,,RICARDONE,EXCEL_PLATFORM_PRODUCT,EXTERNAL_MATCH_FRAGMENTED,ROUTE_NO_EVALUABLE,FAZON 2026,2026-09-30T09:40:00,,2026-09-30T11:12:00,,,3,,,
3cde7c3b-bef,3cde7c3b-bef,1,2026-09-30T10:44:33.877-03:00,2026-09-30T11:14:43.098-03:00,30,CAMARA,CAMARA,CAMARA,COMPROB_000400422900,2026-09-30,AF013EZ,RESIDUOS ASIMILABLES A DOMICILIARIOS,RESIDUOS ASIMILABLES A DOMICILIARIOS,,,TERMINAL_EMBARQUE,EGRESO,E,11004,000400422900,,0,,20,RESIDUOS ASIMILABLES A DOMICILIARIOS,,,,,TERMINAL_EMBARQUE,EXCEL_PLATFORM_PRODUCT,EXTERNAL_MATCH_EXACT,ROUTE_NO_EVALUABLE,"VOLQUETE PARA MOSSER. ENTRO CON VOLQUETE VH03, VOLQUETE PARA MOSSER",2026-09-30T10:48:00,,2026-09-30T11:14:00,,,1,,,
71a9542b-685,71a9542b-685;2ead7e3a-a63;3f797c47-fa1;4252a351-c99,4,2026-09-30T09:39:28.885-03:00,2026-09-30T20:40:48.604-03:00,661,CAMARA,CAMARA,CAMARA,CTG_30035377314,2026-09-30,RXV065,PELLETS GIRASOL,PELLETS GIRASOL,,,RICARDONE,EGRESO,E,95500,000301069957,0000300032689,30035377314,,26740,PELLETS GIRASOL,,,R30,,RICARDONE,EXCEL_PLATFORM_PRODUCT,EXTERNAL_MATCH_FRAGMENTED,ROUTE_NO_EVALUABLE,FAZON 2026,2026-09-30T09:40:00,,2026-09-30T11:14:00,,,4,,,
7dae95aa-396,7dae95aa-396;f9a555e4-6b1;5ac27f98-51a,3,2026-09-30T09:40:30.409-03:00,2026-09-30T20:42:23.642-03:00,662,CAMARA,CAMARA,CAMARA,CTG_30035377393,2026-09-30,CFQ560,PELLETS GIRASOL,PELLETS GIRASOL,,,RICARDONE,EGRESO,E,95500,000301069958,0000300032690,30035377393,,27800,PELLETS GIRASOL,,,R30,,RICARDONE,EXCEL_PLATFORM_PRODUCT,EXTERNAL_MATCH_FRAGMENTED,ROUTE_NO_EVALUABLE,FAZON 2026,2026-09-30T09:41:00,,2026-09-30T11:16:00,,,3,,,
ed897429-45a,ed897429-45a;954eb9a3-427;d7c0e5aa-de3;a03dc9c2-e55,4,2026-09-30T09:49:49.642-03:00,2026-09-30T20:47:53.374-03:00,658,CAMARA,CAMARA,CAMARA,CTG_30035377418,2026-09-30,UPW705,PELLETS GIRASOL,PELLETS GIRASOL,,,RICARDONE,EGRESO,E,95500,000301069959,0000300032691,30035377418,,26120,PELLETS GIRASOL,,,R30,,RICARDONE,EXCEL_PLATFORM_PRODUCT,EXTERNAL_MATCH_FRAGMENTED,ROUTE_NO_EVALUABLE,FAZON 2026,2026-09-30T09:51:00,,2026-09-30T11:17:00,,,4,,,
ec2b3ecf-ea7,ec2b3ecf-ea7;7b1ab7a7-343;32c81636-af1;774caf9d-e1e,4,2026-09-30T10:03:17.368-03:00,2026-09-30T17:55:47.059-03:00,472,CAMARA,CAMARA,CAMARA,CTG_30035377456,2026-09-30,UKL882,PELLETS GIRASOL,PELLETS GIRASOL,,,RICARDONE,EGRESO,E,95500,000301069960,0000300032692,30035377456,,28320,PELLETS GIRASOL,,,R30,,RICARDONE,EXCEL_PLATFORM_PRODUCT,EXTERNAL_MATCH_FRAGMENTED,ROUTE_NO_EVALUABLE,FAZON 2026,2026-09-30T10:04:00,,2026-09-30T11:18:00,,,4,,,
e0020c4a-35b,e0020c4a-35b;fb14fa62-d6b,2,2026-09-30T07:28:27.127-03:00,2026-09-30T11:24:24.457-03:00,236,CAMARA,CAMARA,CAMARA,CTG_10235361094,2026-09-30,SKA637,SOJA,SOJA,VOLCABLE_PTO_5,VOLCABLE PTO 5,TERMINAL_EMBARQUE,INGRESO,I,2000651,000404069990,0010800009757,10235361094,VIC198629290926,30980,SOJA,VOLCABLE_PTO_5,SAN_LORENZO_VOLCABLE,R7,VOLCABLE_PTO_5,TERMINAL_EMBARQUE,EXCEL_PLATFORM_PRODUCT,EXTERNAL_MATCH_FRAGMENTED,ROUTE_NO_EVALUABLE,"FAZON 2026, FAZON 2026",2026-09-30T07:29:00,2026-09-30T08:11:00,2026-09-30T11:19:00,,,2,,,
a59fbdb5-ca8,a59fbdb5-ca8;3903352a-4b1;fa468c4f-c2e,3,2026-09-30T10:27:29.692-03:00,2026-09-30T21:12:26.483-03:00,645,CAMARA,CAMARA,CAMARA,CTG_30035377523,2026-09-30,TVH101,PELLETS GIRASOL,PELLETS GIRASOL,,,RICARDONE,EGRESO,E,95500,000301069961,0000300032693,30035377523,,26280,PELLETS GIRASOL,,,R30,,RICARDONE,EXCEL_PLATFORM_PRODUCT,EXTERNAL_MATCH_FRAGMENTED,ROUTE_NO_EVALUABLE,FAZON 2026,2026-09-30T10:28:00,,2026-09-30T11:19:00,,,3,,,
356d2733-532,356d2733-532;c5187cb3-335;54d41acf-895,3,2026-09-30T10:32:12.270-03:00,2026-09-30T21:24:19.848-03:00,652,CAMARA,CAMARA,CAMARA,CTG_30035377711,2026-09-30,UYM942,PELLETS GIRASOL,PELLETS GIRASOL,,,RICARDONE,EGRESO,E,95500,000301069962,0000300032694,30035377711,,25320,PELLETS GIRASOL,,,R30,,RICARDONE,EXCEL_PLATFORM_PRODUCT,EXTERNAL_MATCH_FRAGMENTED,ROUTE_NO_EVALUABLE,FAZON 2026,2026-09-30T10:33:00,,2026-09-30T11:24:00,,,3,,,
90647781-c53,90647781-c53;f0cc52d0-b17;1d485f25-88d,3,2026-09-30T10:07:27.347-03:00,2026-09-30T19:16:46.310-03:00,549,CAMARA,CAMARA,CAMARA,COMPROB_000400422901,2026-09-30,AA703FC,TIERRA DESC FILTROS,TIERRA DESC FILTROS,,,TERMINAL_EMBARQUE,EGRESO,E,11046,000400422901,,0,,1680,TIERRA DESC FILTROS,,,,,TERMINAL_EMBARQUE,EXCEL_PLATFORM_PRODUCT,EXTERNAL_MATCH_FRAGMENTED,ROUTE_NO_EVALUABLE,,2026-09-30T10:09:00,,2026-09-30T11:24:00,,,3,,,
8ec6fed6-755,8ec6fed6-755,1,2026-09-30T09:58:56.997-03:00,2026-09-30T11:28:13.309-03:00,89,CAMARA,CAMARA,CAMARA,COMPROB_000400422902,2026-09-30,LAU467,BORRA DE ACSOJA REFINADO,BORRA DE AC.SOJA REFINADO,,,TERMINAL_EMBARQUE,EGRESO,E,10926,000400422902,,0,,26920,BORRA DE ACSOJA REFINADO,,,SL2,,TERMINAL_EMBARQUE,EXCEL_PLATFORM_PRODUCT,EXTERNAL_MATCH_EXACT,ROUTE_NO_EVALUABLE,DESPACHOS RENOVA.,2026-09-30T10:00:00,,2026-09-30T11:26:00,,,1,,,
15091f09-7cd,15091f09-7cd;89b314e0-54d,2,2026-09-30T08:18:02.942-03:00,2026-09-30T16:24:25.782-03:00,486,CAMARA,CAMARA,CAMARA,COMPROB_000400422903,2026-09-30,KUH403,RESIDUOS ORG,RESIDUOS ORG.,,,TERMINAL_EMBARQUE,EGRESO,E,11003,000400422903,,0,,25860,RESIDUOS ORG,,,,,TERMINAL_EMBARQUE,EXCEL_PLATFORM_PRODUCT,EXTERNAL_MATCH_FRAGMENTED,ROUTE_NO_EVALUABLE,"RUTINA, DESPACHO RESIDUOS ORGANICOS FUERA DE PLANTA:DF, RUTINA",2026-09-30T08:20:00,,2026-09-30T11:28:00,,,2,,,
4f6c49c0-6b0,4f6c49c0-6b0,1,2026-09-30T09:40:01.732-03:00,2026-09-30T16:58:15.026-03:00,438,CAMARA,CAMARA,CAMARA,COMPROB_000400422904,2026-09-30,KWN857,RESIDUOS ORG,RESIDUOS ORG.,,,TERMINAL_EMBARQUE,EGRESO,E,11003,000400422904,,0,,24480,RESIDUOS ORG,,,,,TERMINAL_EMBARQUE,EXCEL_PLATFORM_PRODUCT,EXTERNAL_MATCH_EXACT,ROUTE_NO_EVALUABLE,"SANEAMIENTO DE TORRES DE ENFRIAMIENTO + CLARIFICADORA , DESPACHO RESIDUOS ORGANICOS FUERA DE PLANTA:DF, SANEAMIENTO DE TORRES DE ENFRIAMIENTO + CLARIFICADORA",2026-09-30T09:42:00,,2026-09-30T11:30:00,,,1,,,
f2acea64-f10,f2acea64-f10;cf3f91a2-681;842b41c9-644__cycle_1,3,2026-09-30T10:46:28.478-03:00,2026-09-30T17:39:06.523-03:00,413,CAMARA,CAMARA,CAMARA,CTG_30035377980,2026-09-30,AZG422,PELLETS GIRASOL,PELLETS GIRASOL,,,RICARDONE,EGRESO,E,95500,000301069963,0000300032695,30035377980,,25420,PELLETS GIRASOL,,,R30,,RICARDONE,EXCEL_PLATFORM_PRODUCT,EXTERNAL_MATCH_FRAGMENTED,ROUTE_NO_EVALUABLE,FAZON 2026,2026-09-30T10:47:00,,2026-09-30T11:32:00,,,3,,,
a6aaed95-4e9__cycle_2,a6aaed95-4e9__cycle_2,1,2026-09-30T09:18:05.255-03:00,2026-09-30T11:43:05.745-03:00,145,CAMARA,CAMARA,CAMARA,COMPROB_000400422905,2026-09-30,EAO104,ACEITE GIRASOL REFINADO,ACEITE GIRASOL REFINADO,ACEITE_OSL,ACEITE OSL,TERMINAL_EMBARQUE,EGRESO,E,11678,000400422905,,0,,23600,ACEITE GIRASOL REFINADO,ACEITE_OSL,LIQUIDO,SL1,ACEITE_OSL,TERMINAL_EMBARQUE,EXCEL_PLATFORM_PRODUCT,EXTERNAL_MATCH_EXACT,ROUTE_NO_EVALUABLE,,2026-09-30T09:19:00,,2026-09-30T11:41:00,,,1,,,
f0e103ef-60b,f0e103ef-60b;0e37bac8-6c1,2,2026-09-30T09:42:33.823-03:00,2026-09-30T18:13:02.954-03:00,510,CAMARA,CAMARA,CAMARA,COMPROB_000404069992,2026-09-30,RUK692,GLICERINA,GLICERINA,,,TERMINAL_EMBARQUE,INGRESO,I,11509,000404069992,0001100019307,0,,31020,GLICERINA,,LIQUIDO,R8,,TERMINAL_EMBARQUE,EXCEL_PLATFORM_PRODUCT,EXTERNAL_MATCH_FRAGMENTED,ROUTE_NO_EVALUABLE,,2026-09-30T09:46:00,,2026-09-30T11:43:00,,,2,,,
b6e88027-b9e,b6e88027-b9e,1,2026-09-30T10:57:30.722-03:00,2026-09-30T11:45:56.974-03:00,48,CAMARA,CAMARA,CAMARA,COMPROB_000400422906,2026-09-30,KTH930,RESIDUOS ASIMILABLES A DOMICILIARIOS,RESIDUOS ASIMILABLES A DOMICILIARIOS,,,TERMINAL_EMBARQUE,EGRESO,E,11004,000400422906,,0,,1880,RESIDUOS ASIMILABLES A DOMICILIARIOS,,,,,TERMINAL_EMBARQUE,EXCEL_PLATFORM_PRODUCT,EXTERNAL_MATCH_EXACT,ROUTE_NO_EVALUABLE,". ENTRO CON VOLQUETE 18, SALIO CON VOLQUETE 1888",2026-09-30T11:10:00,,2026-09-30T11:45:00,,,1,,,
0821ad78-368__cycle_1,0821ad78-368__cycle_1;0821ad78-368__cycle_2,2,2026-09-30T00:37:01.423-03:00,2026-09-30T11:52:34.133-03:00,676,CAMARA,CAMARA,CAMARA,CTG_30035369962,2026-09-30,GVJ645,ACEITE GIRASOL PARA REFINAR,ACEITE GIRASOL PARA REFINAR,ACEITE_PTO,ACEITE PTO,TERMINAL_EMBARQUE,INGRESO,I,11525,000404069994,0130000043638,30035369962,,28820,ACEITE GIRASOL PARA REFINAR,ACEITE_PTO,LIQUIDO,SL2,ACEITE_PTO,TERMINAL_EMBARQUE,EXCEL_PLATFORM_PRODUCT,EXTERNAL_MATCH_FRAGMENTED,ROUTE_NO_EVALUABLE,"FAZON RENOVA/BUNGE, FAZON RENOVA/BUNGE",2026-09-30T00:38:00,2026-09-30T00:49:00,2026-09-30T11:50:00,,,2,,,
beb8b8c8-49c,beb8b8c8-49c,1,2026-09-30T11:03:01.542-03:00,2026-09-30T11:58:21.752-03:00,55,CAMARA,CAMARA,CAMARA,COMPROB_000404069996,2026-09-30,AC612CX,PRODUCTOS VARIOS,PRODUCTOS VARIOS,,,TERMINAL_EMBARQUE,INGRESO,I,888888,000404069996,000700097539,0,,17480,PRODUCTOS VARIOS,,,,,TERMINAL_EMBARQUE,EXCEL_PLATFORM_PRODUCT,EXTERNAL_MATCH_EXACT,ROUTE_NO_EVALUABLE,TRABAJO VARIOS,2026-09-30T11:05:00,,2026-09-30T11:57:00,,,1,,,
6741d391-a64,6741d391-a64;17409898-6c2;09a252e7-551;aab2336f-9be,4,2026-09-30T07:33:46.265-03:00,2026-09-30T22:01:03.944-03:00,867,CAMARA,CAMARA,CAMARA,CTG_30035379131,2026-09-30,TAC436,PELLETS GIRASOL,PELLETS GIRASOL,,,RICARDONE,EGRESO,E,95500,000301069964,0000300032696,30035379131,,22140,PELLETS GIRASOL,,,R30,,RICARDONE,EXCEL_PLATFORM_PRODUCT,EXTERNAL_MATCH_FRAGMENTED,ROUTE_NO_EVALUABLE,FAZON 2026,2026-09-30T11:11:00,,2026-09-30T12:01:00,,,4,,,
6f7d7e5f-668,6f7d7e5f-668;f1cb0cc0-ee9;bbb863d8-5ad,3,2026-09-30T11:15:46.180-03:00,2026-09-30T22:05:58.541-03:00,650,CAMARA,CAMARA,CAMARA,CTG_30035379255,2026-09-30,VAJ028,PELLETS GIRASOL,PELLETS GIRASOL,,,RICARDONE,EGRESO,E,95500,000301069965,0000300032697,30035379255,,23780,PELLETS GIRASOL,,,R30,,RICARDONE,EXCEL_PLATFORM_PRODUCT,EXTERNAL_MATCH_FRAGMENTED,ROUTE_NO_EVALUABLE,FAZON 2026,2026-09-30T11:17:00,,2026-09-30T12:03:00,,,3,,,
a6a1abf5-a2c,a6a1abf5-a2c,1,2026-09-30T07:17:14.329-03:00,2026-09-30T12:04:40.423-03:00,287,CAMARA,CAMARA,CAMARA,COMPROB_000400422907,2026-09-30,KOQ228,ACEITE GIRASOL REFINADO,ACEITE GIRASOL REFINADO,ACEITE_OSL,ACEITE OSL,TERMINAL_EMBARQUE,EGRESO,E,11526,000400422907,,0,,28400,ACEITE GIRASOL REFINADO,ACEITE_OSL,LIQUIDO,SL1,ACEITE_OSL,TERMINAL_EMBARQUE,EXCEL_PLATFORM_PRODUCT,EXTERNAL_MATCH_EXACT,ROUTE_NO_EVALUABLE,FAZON RENOVA/BUNGE,2026-09-30T07:18:00,,2026-09-30T12:03:00,,,1,,,
3d1ed6da-a51__cycle_1,3d1ed6da-a51__cycle_1,1,2026-09-30T07:53:11.097-03:00,2026-09-30T07:56:45.739-03:00,4,CAMARA,CAMARA,CAMARA,COMPROB_000400422908,2026-09-30,SMN846,GLICERINA REFINADA,GLICERINA REFINADA,,,TERMINAL_EMBARQUE,EGRESO,E,10968,000400422908,,0,,23500,GLICERINA REFINADA,,LIQUIDO,R8,,TERMINAL_EMBARQUE,EXCEL_PLATFORM_PRODUCT,EXTERNAL_MATCH_PROBABLE,ROUTE_NO_EVALUABLE,DIRECTO DE RENOVA,2026-09-30T05:43:00,,2026-09-30T12:06:00,,,1,,,
7081ca56-d9e,7081ca56-d9e;ddda3a30-ecb,2,2026-09-30T08:31:46.728-03:00,2026-09-30T12:11:40.832-03:00,220,CAMARA,CAMARA,CAMARA,CTG_10135367937,2026-09-30,OHO175,SOJA,SOJA,VOLCABLE_PTO_5,VOLCABLE PTO 5,TERMINAL_EMBARQUE,INGRESO,I,2000655,000404069999,0000100000061,10135367937,VIC565436300926,29920,SOJA,VOLCABLE_PTO_5,SAN_LORENZO_VOLCABLE,R7,VOLCABLE_PTO_5,TERMINAL_EMBARQUE,EXCEL_PLATFORM_PRODUCT,EXTERNAL_MATCH_FRAGMENTED,ROUTE_NO_EVALUABLE,"FAZON 2026, FAZON 2026",2026-09-30T08:33:00,2026-09-30T11:12:00,2026-09-30T12:08:00,,,2,,,
af1a72e1-5d8,af1a72e1-5d8;b70a4ea3-8ab,2,2026-09-30T09:17:38.853-03:00,2026-09-30T16:51:38.348-03:00,454,CAMARA,CAMARA,CAMARA,COMPROB_009702023101,2026-09-30,MWH059,ACEITE GIRASOL REFINADO,ACEITE GIRASOL REFINADO,,,RENOPACK,INGRESO,I,50042,009702023101,0000500066616,0,,27870,ACEITE GIRASOL REFINADO,,LIQUIDO,,,RENOPACK,EXCEL_PLATFORM_PRODUCT,EXTERNAL_MATCH_FRAGMENTED,ROUTE_NO_EVALUABLE,"RECIBOS ACEITE REFINADO GIRASOL COMMODITIES, RECIBOS ACEITE REFINADO GIRASOL COMMODITIES",2026-09-30T11:24:00,,2026-09-30T12:10:00,,,2,,,
e5bb07d4-3e1,e5bb07d4-3e1;14dc4524-973;2c361fe4-ff1;81e81acc-c34,4,2026-09-30T07:34:27.868-03:00,2026-09-30T22:14:15.660-03:00,880,CAMARA,CAMARA,CAMARA,CTG_30035379494,2026-09-30,BVS300,PELLETS GIRASOL,PELLETS GIRASOL,,,RICARDONE,EGRESO,E,95500,000301069966,0000300032698,30035379494,,26200,PELLETS GIRASOL,,,R30,,RICARDONE,EXCEL_PLATFORM_PRODUCT,EXTERNAL_MATCH_FRAGMENTED,ROUTE_NO_EVALUABLE,FAZON 2026,2026-09-30T11:17:00,,2026-09-30T12:12:00,,,4,,,
21e12303-ee1,21e12303-ee1;038acc63-b8d,2,2026-09-30T09:10:23.742-03:00,2026-09-30T12:22:55.421-03:00,193,CAMARA,CAMARA,CAMARA,CTG_10235361660,2026-09-30,LUV179,SOJA,SOJA,VOLCABLE_PTO_5,VOLCABLE PTO 5,TERMINAL_EMBARQUE,INGRESO,I,2000655,000404070001,0000700007021,10235361660,VIC469209290926,27840,SOJA,VOLCABLE_PTO_5,SAN_LORENZO_VOLCABLE,R7,VOLCABLE_PTO_5,TERMINAL_EMBARQUE,EXCEL_PLATFORM_PRODUCT,EXTERNAL_MATCH_FRAGMENTED,ROUTE_NO_EVALUABLE,"FAZON 2026, FAZON 2026",2026-09-30T09:11:00,2026-09-30T11:17:00,2026-09-30T12:21:00,,,2,,,
3e362948-2dd,3e362948-2dd;05dd7c03-f39;8c31766c-de2,3,2026-09-30T11:19:57.475-03:00,2026-09-30T22:30:31.811-03:00,671,CAMARA,CAMARA,CAMARA,CTG_30035379823,2026-09-30,SAT582,PELLETS GIRASOL,PELLETS GIRASOL,,,RICARDONE,EGRESO,E,95500,000301069967,0000300032699,30035379823,,26060,PELLETS GIRASOL,,,R30,,RICARDONE,EXCEL_PLATFORM_PRODUCT,EXTERNAL_MATCH_FRAGMENTED,ROUTE_NO_EVALUABLE,FAZON 2026,2026-09-30T11:21:00,,2026-09-30T12:23:00,,,3,,,
4121cda8-2c1,4121cda8-2c1;e832c37b-8cb,2,2026-09-30T09:57:58.388-03:00,2026-09-30T12:30:01.712-03:00,152,CAMARA,CAMARA,CAMARA,CTG_10135360399,2026-09-30,AI470QY,SOJA,SOJA,VOLCABLE_PTO_5,VOLCABLE PTO 5,TERMINAL_EMBARQUE,INGRESO,I,2000655,000404070003,0000000001218,10135360399,VIC842872300926,35360,SOJA,VOLCABLE_PTO_5,SAN_LORENZO_VOLCABLE,R7,VOLCABLE_PTO_5,TERMINAL_EMBARQUE,EXCEL_PLATFORM_PRODUCT,EXTERNAL_MATCH_FRAGMENTED,ROUTE_NO_EVALUABLE,"FAZON 2026, FAZON 2026",2026-09-30T09:59:00,2026-09-30T11:20:00,2026-09-30T12:27:00,,,2,,,
51164d43-c7c__cycle_2,51164d43-c7c__cycle_2;6d571dff-ebf;5b21cdbd-5d5,3,2026-09-30T07:34:54.670-03:00,2026-09-30T17:52:20.709-03:00,617,CAMARA,CAMARA,CAMARA,CTG_30035379946,2026-09-30,UWX998,PELLETS GIRASOL,PELLETS GIRASOL,,,RICARDONE,EGRESO,E,95500,000301069968,0000300032700,30035379946,,25920,PELLETS GIRASOL,,,R30,,RICARDONE,EXCEL_PLATFORM_PRODUCT,EXTERNAL_MATCH_FRAGMENTED,ROUTE_NO_EVALUABLE,FAZON 2026,2026-09-30T11:26:00,,2026-09-30T12:28:00,,,3,,,
2042cb29-71e,2042cb29-71e;887524b2-511__cycle_2,2,2026-09-30T00:43:08.487-03:00,2026-09-30T12:33:37.118-03:00,710,CAMARA,CAMARA,CAMARA,CTG_30035369994,2026-09-30,JUP399,ACEITE GIRASOL PARA REFINAR,ACEITE GIRASOL PARA REFINAR,ACEITE_PTO,ACEITE PTO,TERMINAL_EMBARQUE,INGRESO,I,11525,000404070004,0130000043640,30035369994,,29480,ACEITE GIRASOL PARA REFINAR,ACEITE_PTO,LIQUIDO,SL2,ACEITE_PTO,TERMINAL_EMBARQUE,EXCEL_PLATFORM_PRODUCT,EXTERNAL_MATCH_FRAGMENTED,ROUTE_NO_EVALUABLE,"FAZON RENOVA/BUNGE, FAZON RENOVA/BUNGE",2026-09-30T00:44:00,2026-09-30T00:56:00,2026-09-30T12:31:00,,,2,,,
56c15164-c51,56c15164-c51;57fae79e-637,2,2026-09-30T10:49:23.285-03:00,2026-09-30T13:09:01.698-03:00,140,CAMARA,CAMARA,CAMARA,COMPROB_000400422909,2026-09-30,HWU967,RESIDUOS ASIMILABLES A DOMICILIARIOS,RESIDUOS ASIMILABLES A DOMICILIARIOS,,,TERMINAL_EMBARQUE,EGRESO,E,11004,000400422909,,0,,460,RESIDUOS ASIMILABLES A DOMICILIARIOS,,,,,TERMINAL_EMBARQUE,EXCEL_PLATFORM_PRODUCT,EXTERNAL_MATCH_FRAGMENTED,ROUTE_NO_EVALUABLE,,2026-09-30T12:05:00,,2026-09-30T12:32:00,,,2,,,
470bffc9-b98,470bffc9-b98;caee191f-5b8,2,2026-09-30T07:45:12.589-03:00,2026-09-30T20:42:49.412-03:00,778,CAMARA,CAMARA,CAMARA,COMPROB_000400422910,2026-09-30,GDE552,ACEITE GIRASOL REFINADO,ACEITE GIRASOL REFINADO,ACEITE_OSL,ACEITE OSL,TERMINAL_EMBARQUE,EGRESO,E,11526,000400422910,,0,,29140,ACEITE GIRASOL REFINADO,ACEITE_OSL,LIQUIDO,SL1,ACEITE_OSL,TERMINAL_EMBARQUE,EXCEL_PLATFORM_PRODUCT,EXTERNAL_MATCH_FRAGMENTED,ROUTE_NO_EVALUABLE,FAZON RENOVA/BUNGE,2026-09-30T07:46:00,,2026-09-30T12:34:00,,,2,,,
9f624a86-5a6,9f624a86-5a6;c27c04ce-a1a;1c8db0dc-e1e,3,2026-09-30T07:47:19.340-03:00,2026-09-30T16:35:55.810-03:00,529,CAMARA,CAMARA,CAMARA,CTG_30035380168,2026-09-30,ECX249,PELLETS GIRASOL,PELLETS GIRASOL,,,RICARDONE,EGRESO,E,95500,000301069969,0000300032701,30035380168,,29060,PELLETS GIRASOL,,,R30,,RICARDONE,EXCEL_PLATFORM_PRODUCT,EXTERNAL_MATCH_FRAGMENTED,ROUTE_NO_EVALUABLE,FAZON 2026,2026-09-30T11:56:00,,2026-09-30T12:37:00,,,3,,,
4b9125fe-6e6,4b9125fe-6e6,1,2026-09-30T08:01:01.460-03:00,2026-09-30T16:26:01.172-03:00,505,CAMARA,CAMARA,CAMARA,COMPROB_000400422911,2026-09-30,JGE107,GLICERINA REFINADA,GLICERINA REFINADA,,,TERMINAL_EMBARQUE,EGRESO,E,10968,000400422911,,0,,23500,GLICERINA REFINADA,,LIQUIDO,R8,,TERMINAL_EMBARQUE,EXCEL_PLATFORM_PRODUCT,EXTERNAL_MATCH_EXACT,ROUTE_NO_EVALUABLE,DIRECTO DE RENOVA,2026-09-30T07:31:00,,2026-09-30T12:42:00,,,1,,,
a6aaed95-4e9__cycle_2,a6aaed95-4e9__cycle_2,1,2026-09-30T09:18:05.255-03:00,2026-09-30T11:43:05.745-03:00,145,CAMARA,CAMARA,CAMARA,COMPROB_009702023102,2026-09-30,EAO104,ACEITE GIRASOL REFINADO,ACEITE GIRASOL REFINADO,,,RENOPACK,INGRESO,I,50042,009702023102,0000500066618,0,,23570,ACEITE GIRASOL REFINADO,,LIQUIDO,,,RENOPACK,EXCEL_PLATFORM_PRODUCT,EXTERNAL_MATCH_EXACT,ROUTE_NO_EVALUABLE,"RECIBOS ACEITE REFINADO GIRASOL COMMODITIES, RECIBOS ACEITE REFINADO GIRASOL COMMODITIES",2026-09-30T11:56:00,,2026-09-30T12:45:00,,,1,,,
442a5f63-4b5,442a5f63-4b5;0512f2c7-e46;4789f757-180,3,2026-09-30T07:49:39.717-03:00,2026-09-30T20:53:40.588-03:00,784,CAMARA,CAMARA,CAMARA,CTG_30035380443,2026-09-30,RDL445,PELLETS GIRASOL,PELLETS GIRASOL,,,RICARDONE,EGRESO,E,95500,000301069970,0000300032702,30035380443,,28360,PELLETS GIRASOL,,,R30,,RICARDONE,EXCEL_PLATFORM_PRODUCT,EXTERNAL_MATCH_FRAGMENTED,ROUTE_NO_EVALUABLE,FAZON 2026,2026-09-30T12:00:00,,2026-09-30T12:48:00,,,3,,,
26166d94-3e4,26166d94-3e4;92d2fdb5-42e;b37f3287-542;a0e5e3fd-2ec,4,2026-09-30T07:36:42.594-03:00,2026-09-30T18:44:03.928-03:00,667,CAMARA,CAMARA,CAMARA,CTG_30035380640,2026-09-30,CIE516,PELLETS GIRASOL,PELLETS GIRASOL,,,RICARDONE,EGRESO,E,95500,000301069971,0000300032703,30035380640,,26580,PELLETS GIRASOL,,,R30,,RICARDONE,EXCEL_PLATFORM_PRODUCT,EXTERNAL_MATCH_FRAGMENTED,ROUTE_NO_EVALUABLE,FAZON 2026,2026-09-30T12:05:00,,2026-09-30T13:01:00,,,4,,,
8b8f17af-ace,8b8f17af-ace,1,2026-09-30T11:35:21.336-03:00,2026-09-30T13:01:02.346-03:00,86,CAMARA,CAMARA,CAMARA,COMPROB_000404070008,2026-09-30,AD187IU,PRODUCTOS VARIOS,PRODUCTOS VARIOS,,,TERMINAL_EMBARQUE,INGRESO,I,888888,000404070008,000700097540,0,,22920,PRODUCTOS VARIOS,,,,,TERMINAL_EMBARQUE,EXCEL_PLATFORM_PRODUCT,EXTERNAL_MATCH_EXACT,ROUTE_NO_EVALUABLE,TRABAJO VARIOS,2026-09-30T11:37:00,,2026-09-30T13:01:00,,,1,,,
7e284d6e-491,7e284d6e-491;4d8a2d0a-4a0;4d96a597-20b;11c82985-294,4,2026-09-30T07:37:49.717-03:00,2026-09-30T22:42:01.326-03:00,904,CAMARA,CAMARA,CAMARA,CTG_30035380666,2026-09-30,EEW075,PELLETS GIRASOL,PELLETS GIRASOL,,,RICARDONE,EGRESO,E,95500,000301069972,0000300032704,30035380666,,23960,PELLETS GIRASOL,,,R30,,RICARDONE,EXCEL_PLATFORM_PRODUCT,EXTERNAL_MATCH_FRAGMENTED,ROUTE_NO_EVALUABLE,FAZON 2026,2026-09-30T12:10:00,,2026-09-30T13:02:00,,,4,,,
3bc1dc54-78c,3bc1dc54-78c,1,2026-09-30T08:17:05.100-03:00,2026-09-30T13:06:47.204-03:00,290,CAMARA,CAMARA,CAMARA,COMPROB_000400422912,2026-09-30,EGV380,ACEITE GIRASOL REFINADO,ACEITE GIRASOL REFINADO,ACEITE_OSL,ACEITE OSL,TERMINAL_EMBARQUE,EGRESO,E,11526,000400422912,,0,,28920,ACEITE GIRASOL REFINADO,ACEITE_OSL,LIQUIDO,SL1,ACEITE_OSL,TERMINAL_EMBARQUE,EXCEL_PLATFORM_PRODUCT,EXTERNAL_MATCH_EXACT,ROUTE_NO_EVALUABLE,FAZON RENOVA/BUNGE,2026-09-30T08:18:00,,2026-09-30T13:06:00,,,1,,,
56c15164-c51,56c15164-c51;57fae79e-637,2,2026-09-30T10:49:23.285-03:00,2026-09-30T13:09:01.698-03:00,140,CAMARA,CAMARA,CAMARA,COMPROB_000400422913,2026-09-30,HWU967,RESIDUOS ASIMILABLES A DOMICILIARIOS,RESIDUOS ASIMILABLES A DOMICILIARIOS,,,TERMINAL_EMBARQUE,EGRESO,E,11004,000400422913,,0,,80,RESIDUOS ASIMILABLES A DOMICILIARIOS,,,,,TERMINAL_EMBARQUE,EXCEL_PLATFORM_PRODUCT,EXTERNAL_MATCH_FRAGMENTED,ROUTE_NO_EVALUABLE,,2026-09-30T12:39:00,,2026-09-30T13:08:00,,,2,,,
79770d71-661__cycle_1,79770d71-661__cycle_1;79770d71-661__cycle_2,2,2026-09-30T00:43:48.247-03:00,2026-09-30T13:10:53.143-03:00,747,CAMARA,CAMARA,CAMARA,CTG_30035370005,2026-09-30,FAZ585,ACEITE GIRASOL PARA REFINAR,ACEITE GIRASOL PARA REFINAR,ACEITE_PTO,ACEITE PTO,TERMINAL_EMBARQUE,INGRESO,I,11525,000404070010,0130000043641,30035370005,,29560,ACEITE GIRASOL PARA REFINAR,ACEITE_PTO,LIQUIDO,SL2,ACEITE_PTO,TERMINAL_EMBARQUE,EXCEL_PLATFORM_PRODUCT,EXTERNAL_MATCH_FRAGMENTED,ROUTE_NO_EVALUABLE,"FAZON RENOVA/BUNGE, FAZON RENOVA/BUNGE",2026-09-30T00:45:00,2026-09-30T01:02:00,2026-09-30T13:09:00,,,2,,,
6b8e38e8-4ac,6b8e38e8-4ac;4d30509e-97e,2,2026-09-30T08:07:04.382-03:00,2026-09-30T16:25:34.002-03:00,498,CAMARA,CAMARA,CAMARA,COMPROB_000400422914,2026-09-30,AH795LV,GLICERINA REFINADA,GLICERINA REFINADA,,,TERMINAL_EMBARQUE,EGRESO,E,10968,000400422914,,0,,23500,GLICERINA REFINADA,,LIQUIDO,R8,,TERMINAL_EMBARQUE,EXCEL_PLATFORM_PRODUCT,EXTERNAL_MATCH_FRAGMENTED,ROUTE_NO_EVALUABLE,DIRECTO DE RENOVA,2026-09-30T08:08:00,,2026-09-30T13:10:00,,,2,,,
b5dac3b9-098,b5dac3b9-098;ac3c61fb-0b2;be14e56b-bd1,3,2026-09-30T11:50:45.903-03:00,2026-10-01T00:07:38.422-03:00,737,CAMARA,CAMARA,CAMARA,CTG_30035380858,2026-09-30,UER485,PELLETS GIRASOL,PELLETS GIRASOL,,,RICARDONE,EGRESO,E,95500,000301069973,0000300032705,30035380858,,24880,PELLETS GIRASOL,,,R30,,RICARDONE,EXCEL_PLATFORM_PRODUCT,EXTERNAL_MATCH_FRAGMENTED,ROUTE_NO_EVALUABLE,FAZON 2026,2026-09-30T12:23:00,,2026-09-30T13:14:00,,,3,,,
89281d81-36c__cycle_3,89281d81-36c__cycle_3;1dd556bb-c9c;951dc7f1-50b;5d7970bf-355,4,2026-09-30T07:37:18.838-03:00,2026-09-30T23:16:22.810-03:00,939,CAMARA,CAMARA,CAMARA,CTG_30035380912,2026-09-30,UUO981,PELLETS GIRASOL,PELLETS GIRASOL,,,RICARDONE,EGRESO,E,95500,000301069974,0000300032706,30035380912,,27160,PELLETS GIRASOL,,,R30,,RICARDONE,EXCEL_PLATFORM_PRODUCT,EXTERNAL_MATCH_FRAGMENTED,ROUTE_NO_EVALUABLE,FAZON 2026,2026-09-30T12:25:00,,2026-09-30T13:18:00,,,4,,,
b6f94988-88c,b6f94988-88c;11ab6202-364,2,2026-09-30T07:38:15.844-03:00,2026-09-30T13:31:09.789-03:00,353,CAMARA,CAMARA,CAMARA,COMPROB_000404070012,2026-09-30,CMF111,AGUA INDUSTRIAL,AGUA INDUSTRIAL,ACEITE_OSL,ACEITE OSL,TERMINAL_EMBARQUE,INGRESO,I,11529,000404070012,0001100019310,0,,27900,AGUA INDUSTRIAL,ACEITE_OSL,LIQUIDO,SL1,ACEITE_OSL,TERMINAL_EMBARQUE,EXCEL_PLATFORM_PRODUCT,EXTERNAL_MATCH_FRAGMENTED,ROUTE_NO_EVALUABLE,,2026-09-30T12:04:00,,2026-09-30T13:29:00,,,2,,,
e56074b7-00a,e56074b7-00a;11682ce3-61f;59e7fa50-cbb,3,2026-09-30T12:32:35.951-03:00,2026-09-30T23:25:20.705-03:00,653,CAMARA,CAMARA,CAMARA,CTG_30035381130,2026-09-30,TAO150,PELLETS GIRASOL,PELLETS GIRASOL,,,RICARDONE,EGRESO,E,95500,000301069975,0000300032707,30035381130,,25080,PELLETS GIRASOL,,,R30,,RICARDONE,EXCEL_PLATFORM_PRODUCT,EXTERNAL_MATCH_FRAGMENTED,ROUTE_NO_EVALUABLE,FAZON 2026,2026-09-30T12:25:00,,2026-09-30T13:29:00,,,3,,,
df304797-831__cycle_2,df304797-831__cycle_2;799314fc-cb2;befeeb30-e04,3,2026-09-30T12:23:23.481-03:00,2026-09-30T23:39:03.114-03:00,676,CAMARA,CAMARA,CAMARA,CTG_30035381210,2026-09-30,VJG112,PELLETS GIRASOL,PELLETS GIRASOL,,,RICARDONE,EGRESO,E,95500,000301069976,0000300032708,30035381210,,28180,PELLETS GIRASOL,,,R30,,RICARDONE,EXCEL_PLATFORM_PRODUCT,EXTERNAL_MATCH_FRAGMENTED,ROUTE_NO_EVALUABLE,FAZON 2026,2026-09-30T12:24:00,,2026-09-30T13:34:00,,,3,,,
51ded03c-9a2,51ded03c-9a2,1,2026-09-30T08:38:59.517-03:00,2026-09-30T13:35:53.903-03:00,297,CAMARA,CAMARA,CAMARA,COMPROB_000400422915,2026-09-30,KWO040,ACEITE GIRASOL REFINADO,ACEITE GIRASOL REFINADO,ACEITE_OSL,ACEITE OSL,TERMINAL_EMBARQUE,EGRESO,E,11526,000400422915,,0,,28860,ACEITE GIRASOL REFINADO,ACEITE_OSL,LIQUIDO,SL1,ACEITE_OSL,TERMINAL_EMBARQUE,EXCEL_PLATFORM_PRODUCT,EXTERNAL_MATCH_EXACT,ROUTE_NO_EVALUABLE,FAZON RENOVA/BUNGE,2026-09-30T08:40:00,,2026-09-30T13:34:00,,,1,,,
a0974d16-5fb,a0974d16-5fb,1,2026-09-30T10:05:52.622-03:00,2026-09-30T13:42:36.064-03:00,217,CAMARA,CAMARA,CAMARA,COMPROB_000404070014,2026-09-30,VCK738,GLICERINA,GLICERINA,,,TERMINAL_EMBARQUE,INGRESO,I,11509,000404070014,0001100019308,0,,30020,GLICERINA,,LIQUIDO,R8,,TERMINAL_EMBARQUE,EXCEL_PLATFORM_PRODUCT,EXTERNAL_MATCH_EXACT,ROUTE_NO_EVALUABLE,,2026-09-30T10:07:00,,2026-09-30T13:36:00,,,1,,,
0628d401-a80,0628d401-a80;4245e09e-d7a;d5299bc7-9d5,3,2026-09-30T12:32:27.592-03:00,2026-09-30T23:44:24.243-03:00,672,CAMARA,CAMARA,CAMARA,CTG_30035381276,2026-09-30,CRJ139,PELLETS GIRASOL,PELLETS GIRASOL,,,RICARDONE,EGRESO,E,95500,000301069977,0000300032709,30035381276,,27280,PELLETS GIRASOL,,,R30,,RICARDONE,EXCEL_PLATFORM_PRODUCT,EXTERNAL_MATCH_FRAGMENTED,ROUTE_NO_EVALUABLE,FAZON 2026,2026-09-30T12:33:00,,2026-09-30T13:38:00,,,3,,,
5fde8ae6-e08,5fde8ae6-e08,1,2026-09-30T07:56:03.747-03:00,2026-09-30T13:54:43.634-03:00,359,CAMARA,CAMARA,CAMARA,CTG_30035381344,2026-09-30,KEB002,CASCARA DE SOJA PELLETEADA,CASCARA DE SOJA PELLETEADA,,,TERMINAL_EMBARQUE,EGRESO,E,95589,000400422916,0000400008575,30035381344,,30460,CASCARA DE SOJA PELLETEADA,,,R13,,TERMINAL_EMBARQUE,EXCEL_PLATFORM_PRODUCT,EXTERNAL_MATCH_EXACT,ROUTE_NO_EVALUABLE,FAZON 2026,2026-09-29T13:58:00,,2026-09-30T13:42:00,,,1,,,
beae6fa6-3b9,beae6fa6-3b9;435f986e-238;d3acea05-c29;569aae0b-560;009c16a6-cd8,5,2026-09-30T07:46:56.949-03:00,2026-09-30T23:35:57.279-03:00,949,CAMARA,CAMARA,CAMARA,CTG_30035381353,2026-09-30,CKQ212,PELLETS GIRASOL,PELLETS GIRASOL,,,RICARDONE,EGRESO,E,95500,000301069978,0000300032710,30035381353,,26320,PELLETS GIRASOL,,,R30,,RICARDONE,EXCEL_PLATFORM_PRODUCT,EXTERNAL_MATCH_FRAGMENTED,ROUTE_NO_EVALUABLE,FAZON 2026,2026-09-30T12:37:00,,2026-09-30T13:42:00,,,5,,,
ba40e77e-50a,ba40e77e-50a;b44c9c67-2c2,2,2026-09-30T08:41:03.881-03:00,2026-09-30T16:27:33.289-03:00,466,CAMARA,CAMARA,CAMARA,COMPROB_000400422917,2026-09-30,AG742LY,GLICERINA REFINADA,GLICERINA REFINADA,,,TERMINAL_EMBARQUE,EGRESO,E,10968,000400422917,,0,,23500,GLICERINA REFINADA,,LIQUIDO,R8,,TERMINAL_EMBARQUE,EXCEL_PLATFORM_PRODUCT,EXTERNAL_MATCH_FRAGMENTED,ROUTE_NO_EVALUABLE,DIRECTO DE RENOVA,2026-09-30T08:42:00,,2026-09-30T13:44:00,,,2,,,
e4f0daf9-666,e4f0daf9-666;7b938b05-b72,2,2026-09-30T10:44:45.752-03:00,2026-09-30T14:31:23.353-03:00,227,CAMARA,CAMARA,CAMARA,COMPROB_000301069979,2026-09-30,ENW015,PRODUCTOS VARIOS,PRODUCTOS VARIOS,VARIOS,VARIOS,RICARDONE,EGRESO,E,999999,000301069979,,0,,22320,PRODUCTOS VARIOS,VARIOS,,,VARIOS,RICARDONE,EXCEL_PLATFORM_PRODUCT,EXTERNAL_MATCH_FRAGMENTED,ROUTE_NO_EVALUABLE,"BARRIDO SIN COSTO COMERCIAL, BARRIDO SIN COSTO COMERCIAL",2026-09-30T10:46:00,,2026-09-30T13:52:00,,,2,,,
5af41f2c-0b3,5af41f2c-0b3;ec2985c1-439;fc5b22b4-664,3,2026-09-30T12:49:07.809-03:00,2026-10-01T00:12:49.381-03:00,684,CAMARA,CAMARA,CAMARA,CTG_30035381529,2026-09-30,DTG181,PELLETS GIRASOL,PELLETS GIRASOL,,,RICARDONE,EGRESO,E,95500,000301069980,0000300032711,30035381529,,27380,PELLETS GIRASOL,,,R30,,RICARDONE,EXCEL_PLATFORM_PRODUCT,EXTERNAL_MATCH_FRAGMENTED,ROUTE_NO_EVALUABLE,FAZON 2026,2026-09-30T12:50:00,,2026-09-30T13:53:00,,,3,,,
bec541ac-34c,bec541ac-34c,1,2026-09-30T10:03:26.695-03:00,2026-09-30T13:55:56.521-03:00,232,CAMARA,CAMARA,CAMARA,COMPROB_000400422918,2026-09-30,SFY369,ACEITE GIRASOL REFINADO,ACEITE GIRASOL REFINADO,ACEITE_OSL,ACEITE OSL,TERMINAL_EMBARQUE,EGRESO,E,11526,000400422918,,0,,28300,ACEITE GIRASOL REFINADO,ACEITE_OSL,LIQUIDO,SL1,ACEITE_OSL,TERMINAL_EMBARQUE,EXCEL_PLATFORM_PRODUCT,EXTERNAL_MATCH_EXACT,ROUTE_NO_EVALUABLE,FAZON RENOVA/BUNGE,2026-09-30T10:04:00,,2026-09-30T13:54:00,,,1,,,
a80d5af0-eb4,a80d5af0-eb4;16ec6f05-8b3,2,2026-09-30T09:58:46.554-03:00,2026-09-30T13:57:19.633-03:00,239,CAMARA,CAMARA,CAMARA,CTG_10135351540,2026-09-30,ODS934,SOJA,SOJA,VOLCABLE_PTO_5,VOLCABLE PTO 5,TERMINAL_EMBARQUE,INGRESO,I,2000655,000404070017,0000100005656,10135351540,VIC789337290926,33560,SOJA,VOLCABLE_PTO_5,SAN_LORENZO_VOLCABLE,R7,VOLCABLE_PTO_5,TERMINAL_EMBARQUE,EXCEL_PLATFORM_PRODUCT,EXTERNAL_MATCH_FRAGMENTED,ROUTE_NO_EVALUABLE,"FAZON 2026, FAZON 2026",2026-09-30T10:00:00,2026-09-30T11:21:00,2026-09-30T13:56:00,,,2,,,
7c71edbe-c25,7c71edbe-c25;519cdf77-ffb,2,2026-09-30T07:56:34.183-03:00,2026-09-30T14:00:40.068-03:00,364,CAMARA,CAMARA,CAMARA,CTG_30035370203,2026-09-30,FOZ297,ACEITE GIRASOL PARA REFINAR,ACEITE GIRASOL PARA REFINAR,ACEITE_PTO,ACEITE PTO,TERMINAL_EMBARQUE,INGRESO,I,11525,000404070019,0130000043642,30035370203,,27980,ACEITE GIRASOL PARA REFINAR,ACEITE_PTO,LIQUIDO,SL2,ACEITE_PTO,TERMINAL_EMBARQUE,EXCEL_PLATFORM_PRODUCT,EXTERNAL_MATCH_FRAGMENTED,ROUTE_NO_EVALUABLE,"FAZON RENOVA/BUNGE, FAZON RENOVA/BUNGE",2026-09-30T07:58:00,2026-09-30T08:12:00,2026-09-30T13:59:00,,,2,,,
672d40c8-774,672d40c8-774;587affec-623;c575a952-5e2;3e06c180-73a,4,2026-09-30T07:52:31.369-03:00,2026-10-01T00:12:05.283-03:00,980,CAMARA,CAMARA,CAMARA,CTG_30035381618,2026-09-30,DGR440,PELLETS GIRASOL,PELLETS GIRASOL,,,RICARDONE,EGRESO,E,95500,000301069981,0000300032712,30035381618,,27020,PELLETS GIRASOL,,,R30,,RICARDONE,EXCEL_PLATFORM_PRODUCT,EXTERNAL_MATCH_FRAGMENTED,ROUTE_NO_EVALUABLE,FAZON 2026,2026-09-30T12:50:00,,2026-09-30T13:59:00,,,4,,,
c5739b34-b50,c5739b34-b50;e96d1b03-41b,2,2026-09-30T11:11:48.021-03:00,2026-09-30T14:03:36.979-03:00,172,CAMARA,CAMARA,CAMARA,CTG_10235368766,2026-09-30,FKW297,SOJA,SOJA,VOLCABLE_PTO_5,VOLCABLE PTO 5,TERMINAL_EMBARQUE,INGRESO,I,2000651,000404070020,0004600009641,10235368766,VIC424961300926,30480,SOJA,VOLCABLE_PTO_5,SAN_LORENZO_VOLCABLE,R7,VOLCABLE_PTO_5,TERMINAL_EMBARQUE,EXCEL_PLATFORM_PRODUCT,EXTERNAL_MATCH_FRAGMENTED,ROUTE_NO_EVALUABLE,"FAZON 2026, FAZON 2026",2026-09-30T09:09:00,2026-09-30T11:15:00,2026-09-30T14:00:00,,,2,,,
ad2aff7b-1bd,ad2aff7b-1bd;36172767-00f;a84d6d58-0d9;5a218e92-3d1,4,2026-09-30T08:05:35.577-03:00,2026-09-30T18:13:40.289-03:00,608,CAMARA,CAMARA,CAMARA,CTG_30035381668,2026-09-30,CGS172,PELLETS GIRASOL,PELLETS GIRASOL,,,RICARDONE,EGRESO,E,95500,000301069982,0000300032713,30035381668,,28660,PELLETS GIRASOL,,,R30,,RICARDONE,EXCEL_PLATFORM_PRODUCT,EXTERNAL_MATCH_FRAGMENTED,ROUTE_NO_EVALUABLE,FAZON 2026,2026-09-30T13:00:00,,2026-09-30T14:02:00,,,4,,,
1b989b8e-9a6,1b989b8e-9a6,1,2026-09-30T10:29:28.225-03:00,2026-09-30T14:06:55.458-03:00,217,CAMARA,CAMARA,CAMARA,COMPROB_000400422919,2026-09-30,FFU874,ACEITE GIRASOL REFINADO,ACEITE GIRASOL REFINADO,ACEITE_OSL,ACEITE OSL,TERMINAL_EMBARQUE,EGRESO,E,11526,000400422919,,0,,28760,ACEITE GIRASOL REFINADO,ACEITE_OSL,LIQUIDO,SL1,ACEITE_OSL,TERMINAL_EMBARQUE,EXCEL_PLATFORM_PRODUCT,EXTERNAL_MATCH_EXACT,ROUTE_NO_EVALUABLE,FAZON RENOVA/BUNGE,2026-09-30T10:30:00,,2026-09-30T14:06:00,,,1,,,
a22a87f5-803,a22a87f5-803;03a7bf45-7ca;4b6982fd-c1d,3,2026-09-30T11:18:55.233-03:00,2026-10-01T00:22:45.899-03:00,784,CAMARA,CAMARA,CAMARA,CTG_30035381804,2026-09-30,RLP943,PELLETS GIRASOL,PELLETS GIRASOL,,,RICARDONE,EGRESO,E,95500,000301069983,0000300032714,30035381804,,29960,PELLETS GIRASOL,,,R30,,RICARDONE,EXCEL_PLATFORM_PRODUCT,EXTERNAL_MATCH_FRAGMENTED,ROUTE_NO_EVALUABLE,FAZON 2026,2026-09-30T13:02:00,,2026-09-30T14:09:00,,,3,,,
1fdd14f9-d67,1fdd14f9-d67;97dd2392-60d;f117f5c7-c1c,3,2026-09-30T12:25:11.405-03:00,2026-10-01T00:28:46.443-03:00,724,CAMARA,CAMARA,CAMARA,CTG_30035381932,2026-09-30,EYH843,PELLETS GIRASOL,PELLETS GIRASOL,,,RICARDONE,EGRESO,E,95500,000301069984,0000300032715,30035381932,,28040,PELLETS GIRASOL,,,R30,,RICARDONE,EXCEL_PLATFORM_PRODUCT,EXTERNAL_MATCH_FRAGMENTED,ROUTE_NO_EVALUABLE,FAZON 2026,2026-09-30T13:02:00,,2026-09-30T14:15:00,,,3,,,
3fe30f2e-218__cycle_2,3fe30f2e-218__cycle_2;d35180b5-b2f;48d792eb-b65;eb814b0a-d57;4c09661f-e44__cycle_1,5,2026-09-30T07:53:35.935-03:00,2026-09-30T21:25:52.176-03:00,812,CAMARA,CAMARA,CAMARA,CTG_30035382394,2026-09-30,RAW481,PELLETS GIRASOL,PELLETS GIRASOL,,,RICARDONE,EGRESO,E,95500,000301069985,0000300032716,30035382394,,28220,PELLETS GIRASOL,,,R30,,RICARDONE,EXCEL_PLATFORM_PRODUCT,EXTERNAL_MATCH_FRAGMENTED,ROUTE_NO_EVALUABLE,FAZON 2026,2026-09-30T13:30:00,,2026-09-30T14:32:00,,,5,,,
523c4377-270,523c4377-270;8a9a6259-0e9;d970cd2c-e87;0c48606a-d0e;072381af-ce1,5,2026-09-30T07:55:15.301-03:00,2026-10-01T00:50:34.967-03:00,1015,CAMARA,CAMARA,CAMARA,CTG_30035382420,2026-09-30,FDH917,PELLETS GIRASOL,PELLETS GIRASOL,,,RICARDONE,EGRESO,E,95500,000301069986,0000300032717,30035382420,,27140,PELLETS GIRASOL,,,R30,,RICARDONE,EXCEL_PLATFORM_PRODUCT,EXTERNAL_MATCH_FRAGMENTED,ROUTE_NO_EVALUABLE,FAZON 2026,2026-09-30T13:31:00,,2026-09-30T14:33:00,,,5,,,
bf586ef2-5bf,bf586ef2-5bf;dff4518d-961,2,2026-09-30T08:09:11.107-03:00,2026-09-30T14:36:23.085-03:00,387,CAMARA,CAMARA,CAMARA,CTG_10135357332,2026-09-30,DKS130,SOJA,SOJA,VOLCABLE_PTO_5,VOLCABLE PTO 5,TERMINAL_EMBARQUE,INGRESO,I,2000655,000404070022,0000100005658,10135357332,VIC951399290926,30320,SOJA,VOLCABLE_PTO_5,SAN_LORENZO_VOLCABLE,R7,VOLCABLE_PTO_5,TERMINAL_EMBARQUE,EXCEL_PLATFORM_PRODUCT,EXTERNAL_MATCH_FRAGMENTED,ROUTE_NO_EVALUABLE,"FAZON 2026, FAZON 2026",2026-09-30T08:11:00,2026-09-30T11:10:00,2026-09-30T14:34:00,,,2,,,
ef5eeb16-a64,ef5eeb16-a64;21c06352-e54,2,2026-09-30T09:46:04.266-03:00,2026-09-30T14:42:24.309-03:00,296,CAMARA,CAMARA,CAMARA,CTG_30035370860,2026-09-30,FLF111,ACEITE GIRASOL PARA REFINAR,ACEITE GIRASOL PARA REFINAR,ACEITE_PTO,ACEITE PTO,TERMINAL_EMBARQUE,INGRESO,I,11525,000404070023,0130000043644,30035370860,,29460,ACEITE GIRASOL PARA REFINAR,ACEITE_PTO,LIQUIDO,SL2,ACEITE_PTO,TERMINAL_EMBARQUE,EXCEL_PLATFORM_PRODUCT,EXTERNAL_MATCH_FRAGMENTED,ROUTE_NO_EVALUABLE,"FAZON RENOVA/BUNGE, FAZON RENOVA/BUNGE",2026-09-30T09:47:00,2026-09-30T09:56:00,2026-09-30T14:39:00,,,2,,,
ce639e1e-931__cycle_2,ce639e1e-931__cycle_2;60e17ccc-d91;0266a0e9-376,3,2026-09-30T07:42:24.696-03:00,2026-09-30T14:50:09.259-03:00,428,CAMARA,CAMARA,CAMARA,COMPROB_000301069987,2026-09-30,FEA810,RESIDUOS ORG,RESIDUOS ORG.,,,RICARDONE,EGRESO,E,11260,000301069987,,0,,-40,RESIDUOS ORG,,,,,RICARDONE,EXCEL_PLATFORM_PRODUCT,EXTERNAL_MATCH_FRAGMENTED,ROUTE_NO_EVALUABLE,POZOS NEGROS-DESTINO EFLUENTE RICARDONE.,2026-09-30T07:43:00,,2026-09-30T14:40:00,,,3,,,
23d97822-b61,23d97822-b61,1,2026-09-30T09:46:58.076-03:00,2026-09-30T14:43:12.169-03:00,296,CAMARA,CAMARA,CAMARA,COMPROB_000400422920,2026-09-30,AH532DB,GLICERINA REFINADA,GLICERINA REFINADA,,,TERMINAL_EMBARQUE,EGRESO,E,10975,000400422920,,0,,22000,GLICERINA REFINADA,,LIQUIDO,R8,,TERMINAL_EMBARQUE,EXCEL_PLATFORM_PRODUCT,EXTERNAL_MATCH_EXACT,ROUTE_NO_EVALUABLE,"USO INDUSTRIAL-CONTRATO A26V001993, USO INDUSTRIAL-CONTRATO A26V001993",2026-09-29T20:34:00,,2026-09-30T14:41:00,,,1,,,
9b31c956-b78,9b31c956-b78;c8e5e199-d41;4b3aa00d-2be;3a2e6e45-a44,4,2026-09-30T08:28:40.718-03:00,2026-09-30T19:53:54.949-03:00,685,CAMARA,CAMARA,CAMARA,CTG_30035382610,2026-09-30,RNM392,PELLETS GIRASOL,PELLETS GIRASOL,,,RICARDONE,EGRESO,E,95500,000301069988,0000300032718,30035382610,,29600,PELLETS GIRASOL,,,R30,,RICARDONE,EXCEL_PLATFORM_PRODUCT,EXTERNAL_MATCH_FRAGMENTED,ROUTE_NO_EVALUABLE,FAZON 2026,2026-09-30T13:43:00,,2026-09-30T14:41:00,,,4,,,
c8941d50-8f2,c8941d50-8f2;4a242648-84b,2,2026-09-30T09:04:17.400-03:00,2026-09-30T14:45:04.053-03:00,341,CAMARA,CAMARA,CAMARA,CTG_30035370527,2026-09-30,CNG506,ACEITE GIRASOL PARA REFINAR,ACEITE GIRASOL PARA REFINAR,ACEITE_PTO,ACEITE PTO,TERMINAL_EMBARQUE,INGRESO,I,11525,000404070024,0130000043643,30035370527,,29640,ACEITE GIRASOL PARA REFINAR,ACEITE_PTO,LIQUIDO,SL2,ACEITE_PTO,TERMINAL_EMBARQUE,EXCEL_PLATFORM_PRODUCT,EXTERNAL_MATCH_FRAGMENTED,ROUTE_NO_EVALUABLE,"FAZON RENOVA/BUNGE, FAZON RENOVA/BUNGE",2026-09-30T09:05:00,2026-09-30T09:17:00,2026-09-30T14:43:00,,,2,,,
b66d8972-d96,b66d8972-d96;9238a6dc-a29;7d870241-16d;29dabcdc-14e;cb10cb80-cf7,5,2026-09-30T07:57:44.509-03:00,2026-10-01T00:57:37.575-03:00,1020,CAMARA,CAMARA,CAMARA,CTG_30035382749,2026-09-30,GES056,PELLETS GIRASOL,PELLETS GIRASOL,,,RICARDONE,EGRESO,E,95500,000301069989,0000300032719,30035382749,,28660,PELLETS GIRASOL,,,R30,,RICARDONE,EXCEL_PLATFORM_PRODUCT,EXTERNAL_MATCH_FRAGMENTED,ROUTE_NO_EVALUABLE,FAZON 2026,2026-09-30T13:58:00,,2026-09-30T14:46:00,,,5,,,
41418e33-952,41418e33-952;0df8b07a-4c1,2,2026-09-30T11:02:48.697-03:00,2026-09-30T14:52:02.621-03:00,229,CAMARA,CAMARA,CAMARA,CTG_10235365984,2026-09-30,AB706WB,SOJA,SOJA,VOLCABLE_PTO_5,VOLCABLE PTO 5,TERMINAL_EMBARQUE,INGRESO,I,2000655,000404070025,0000100000177,10235365984,VIC693308300926,35800,SOJA,VOLCABLE_PTO_5,SAN_LORENZO_VOLCABLE,R7,VOLCABLE_PTO_5,TERMINAL_EMBARQUE,EXCEL_PLATFORM_PRODUCT,EXTERNAL_MATCH_FRAGMENTED,ROUTE_NO_EVALUABLE,"FAZON 2026, FAZON 2026",2026-09-30T11:04:00,2026-09-30T11:38:00,2026-09-30T14:50:00,,,2,,,
50bb1b87-73f,50bb1b87-73f;a63fe418-7fa,2,2026-09-30T10:16:31.414-03:00,2026-09-30T14:55:41.668-03:00,279,CAMARA,CAMARA,CAMARA,CTG_10235361805,2026-09-30,AE762DG,GIRASOL,GIRASOL,KEPPLER_2,KEPPLER 2,RICARDONE,INGRESO,I,2000664,000301464951,0482300003035,10235361805,VIC732324300926,23120,GIRASOL,KEPPLER_2,KEPLER,R4,KEPPLER_2,RICARDONE,EXCEL_PLATFORM_PRODUCT,EXTERNAL_MATCH_FRAGMENTED,ROUTE_NO_EVALUABLE,"FASON GIRASOL, FASON GIRASOL",2026-09-30T10:18:00,2026-09-30T11:04:00,2026-09-30T14:57:00,,,2,,,
09537371-fe5,09537371-fe5;82bf7927-933,2,2026-09-30T11:22:55.968-03:00,2026-09-30T15:01:03.597-03:00,218,CAMARA,CAMARA,CAMARA,CTG_10135369910,2026-09-30,IWR678,SOJA,SOJA,VOLCABLE_PTO_5,VOLCABLE PTO 5,TERMINAL_EMBARQUE,INGRESO,I,2000655,000404070028,0000000000094,10135369910,VIC259288300926,35580,SOJA,VOLCABLE_PTO_5,SAN_LORENZO_VOLCABLE,R7,VOLCABLE_PTO_5,TERMINAL_EMBARQUE,EXCEL_PLATFORM_PRODUCT,EXTERNAL_MATCH_FRAGMENTED,ROUTE_NO_EVALUABLE,"FAZON 2026, FAZON 2026",2026-09-30T11:24:00,2026-09-30T11:41:00,2026-09-30T14:59:00,,,2,,,
9049f35b-e89,9049f35b-e89;e1cbd684-aa1,2,2026-09-30T12:07:48.786-03:00,2026-09-30T15:02:45.317-03:00,175,CAMARA,CAMARA,CAMARA,CTG_10235371331,2026-09-30,AC184IH,SOJA,SOJA,VOLCABLE_PTO_5,VOLCABLE PTO 5,TERMINAL_EMBARQUE,INGRESO,I,2000652,000404070029,0000100001762,10235371331,VIC208300300926,28980,SOJA,VOLCABLE_PTO_5,SAN_LORENZO_VOLCABLE,R7,VOLCABLE_PTO_5,TERMINAL_EMBARQUE,EXCEL_PLATFORM_PRODUCT,EXTERNAL_MATCH_FRAGMENTED,ROUTE_NO_EVALUABLE,"FAZON 2026, FAZON 2026",2026-09-30T12:09:00,2026-09-30T13:17:00,2026-09-30T15:00:00,,,2,,,
159740a3-5af,159740a3-5af;1d580ad5-da9;10e14984-d4a;cfcd111c-32b;3859b59c-8e4__cycle_1;3859b59c-8e4__cycle_2,6,2026-09-30T08:33:01.373-03:00,2026-10-01T02:23:20.769-03:00,1070,CAMARA,CAMARA,CAMARA,CTG_30035383263,2026-09-30,UUL425,PELLETS GIRASOL,PELLETS GIRASOL,,,RICARDONE,EGRESO,E,95500,000301069990,0000300032720,30035383263,,28120,PELLETS GIRASOL,,,R30,,RICARDONE,EXCEL_PLATFORM_PRODUCT,EXTERNAL_MATCH_FRAGMENTED,ROUTE_NO_EVALUABLE,FAZON 2026,2026-09-30T14:22:00,,2026-09-30T15:01:00,,,6,,,
90647781-c53,90647781-c53;f0cc52d0-b17;1d485f25-88d,3,2026-09-30T10:07:27.347-03:00,2026-09-30T19:16:46.310-03:00,549,CAMARA,CAMARA,CAMARA,COMPROB_000400422921,2026-09-30,AA703FC,TIERRA DESC FILTROS,TIERRA DESC FILTROS,,,TERMINAL_EMBARQUE,EGRESO,E,11046,000400422921,,0,,1960,TIERRA DESC FILTROS,,,,,TERMINAL_EMBARQUE,EXCEL_PLATFORM_PRODUCT,EXTERNAL_MATCH_FRAGMENTED,ROUTE_NO_EVALUABLE,,2026-09-30T12:54:00,,2026-09-30T15:17:00,,,3,,,
a3e190ed-e1f,a3e190ed-e1f;5b612bf5-434,2,2026-09-30T11:07:43.752-03:00,2026-09-30T15:20:00.264-03:00,252,CAMARA,CAMARA,CAMARA,CTG_30035374293,2026-09-30,WNL428,ACEITE GIRASOL PARA REFINAR,ACEITE GIRASOL PARA REFINAR,ACEITE_PTO,ACEITE PTO,TERMINAL_EMBARQUE,INGRESO,I,11525,000404070033,0130000043654,30035374293,,28140,ACEITE GIRASOL PARA REFINAR,ACEITE_PTO,LIQUIDO,SL2,ACEITE_PTO,TERMINAL_EMBARQUE,EXCEL_PLATFORM_PRODUCT,EXTERNAL_MATCH_FRAGMENTED,ROUTE_NO_EVALUABLE,"FAZON RENOVA/BUNGE, FAZON RENOVA/BUNGE",2026-09-30T11:09:00,2026-09-30T11:21:00,2026-09-30T15:19:00,,,2,,,
1e64b8a2-e4a,1e64b8a2-e4a;47f51e71-f82,2,2026-09-30T14:17:22.280-03:00,2026-10-01T02:15:51.109-03:00,718,CAMARA,CAMARA,CAMARA,CTG_30035384012,2026-09-30,EHS233,PELLETS GIRASOL,PELLETS GIRASOL,,,RICARDONE,EGRESO,E,95500,000301069991,0000300032721,30035384012,,29100,PELLETS GIRASOL,,,R30,,RICARDONE,EXCEL_PLATFORM_PRODUCT,EXTERNAL_MATCH_FRAGMENTED,ROUTE_NO_EVALUABLE,FAZON 2026,2026-09-30T14:39:00,,2026-09-30T15:21:00,,,2,,,
83672ded-112,83672ded-112,1,2026-09-30T14:03:17.161-03:00,2026-09-30T15:23:07.699-03:00,80,CAMARA,CAMARA,CAMARA,COMPROB_000404070034,2026-09-30,AE052QO,PRODUCTOS VARIOS,PRODUCTOS VARIOS,,,TERMINAL_EMBARQUE,INGRESO,I,888888,000404070034,000000012487,0,,420,PRODUCTOS VARIOS,,,,,TERMINAL_EMBARQUE,EXCEL_PLATFORM_PRODUCT,EXTERNAL_MATCH_EXACT,ROUTE_NO_EVALUABLE,TRABAJO VARIOS,2026-09-30T14:07:00,,2026-09-30T15:22:00,,,1,,,
b9c9ef59-a3f,b9c9ef59-a3f,1,2026-09-30T14:07:13.175-03:00,2026-09-30T15:26:27.418-03:00,79,CAMARA,CAMARA,CAMARA,COMPROB_000404070035,2026-09-30,MGD161,PRODUCTOS VARIOS,PRODUCTOS VARIOS,,,TERMINAL_EMBARQUE,INGRESO,I,11200,000404070035,000200001654,0,,10260,PRODUCTOS VARIOS,,,,,TERMINAL_EMBARQUE,EXCEL_PLATFORM_PRODUCT,EXTERNAL_MATCH_EXACT,ROUTE_NO_EVALUABLE,,2026-09-30T14:10:00,,2026-09-30T15:25:00,,,1,,,
201c6a45-25d,201c6a45-25d;ee2acfcf-3d2,2,2026-09-30T06:36:17.068-03:00,2026-09-30T12:10:48.038-03:00,335,CAMARA,CAMARA,CAMARA,COMPROB_000301069992,2026-09-30,BTS626,AGUA POTABLE,AGUA POTABLE,VARIOS,VARIOS,RICARDONE,EGRESO,E,11615,000301069992,,0,,20,AGUA POTABLE,VARIOS,,,VARIOS,RICARDONE,EXCEL_PLATFORM_PRODUCT,EXTERNAL_MATCH_FRAGMENTED,ROUTE_NO_EVALUABLE,MOVIMIENTO REGADOR,2026-09-30T09:04:00,,2026-09-30T15:34:00,,,2,,,
7c676433-c57,7c676433-c57;f586cde8-d7f;cb4cd1bb-da3;0afd5f92-6a8,4,2026-09-30T08:56:45.880-03:00,2026-10-01T01:27:40.675-03:00,991,CAMARA,CAMARA,CAMARA,CTG_30035384641,2026-09-30,BHL749,PELLETS GIRASOL,PELLETS GIRASOL,,,RICARDONE,EGRESO,E,95500,000301069993,0000300032722,30035384641,,27860,PELLETS GIRASOL,,,R30,,RICARDONE,EXCEL_PLATFORM_PRODUCT,EXTERNAL_MATCH_FRAGMENTED,ROUTE_NO_EVALUABLE,FAZON 2026,2026-09-30T15:06:00,,2026-09-30T15:38:00,,,4,,,
94432f7f-624,94432f7f-624;e7aecd2f-f90,2,2026-09-30T10:34:27.958-03:00,2026-09-30T15:37:43.655-03:00,303,CAMARA,CAMARA,CAMARA,CTG_10235366487,2026-09-30,AG991NU,GIRASOL,GIRASOL,KEPPLER_2,KEPPLER 2,RICARDONE,INGRESO,I,2000664,000301464953,0482300003036,10235366487,VIC490639300926,30240,GIRASOL,KEPPLER_2,KEPLER,R4,KEPPLER_2,RICARDONE,EXCEL_PLATFORM_PRODUCT,EXTERNAL_MATCH_FRAGMENTED,ROUTE_NO_EVALUABLE,"FASON GIRASOL, FASON GIRASOL",2026-09-30T10:35:00,2026-09-30T11:07:00,2026-09-30T15:39:00,,,2,,,
47294489-bb9,47294489-bb9,1,2026-09-30T11:28:49.153-03:00,2026-09-30T15:45:33.877-03:00,257,CAMARA,CAMARA,CAMARA,COMPROB_000400422922,2026-09-30,WGG348,ACEITE GIRASOL REFINADO,ACEITE GIRASOL REFINADO,ACEITE_OSL,ACEITE OSL,TERMINAL_EMBARQUE,EGRESO,E,11526,000400422922,,0,,28140,ACEITE GIRASOL REFINADO,ACEITE_OSL,LIQUIDO,SL1,ACEITE_OSL,TERMINAL_EMBARQUE,EXCEL_PLATFORM_PRODUCT,EXTERNAL_MATCH_EXACT,ROUTE_NO_EVALUABLE,FAZON RENOVA/BUNGE,2026-09-30T11:30:00,,2026-09-30T15:43:00,,,1,,,
e68bfcf8-43c,e68bfcf8-43c;72985d1c-70f,2,2026-09-30T10:15:06.096-03:00,2026-09-30T16:21:07.801-03:00,366,CAMARA,CAMARA,CAMARA,COMPROB_000301069994,2026-09-30,UAJ766,PRODUCTOS VARIOS,PRODUCTOS VARIOS,VARIOS,VARIOS,RICARDONE,EGRESO,E,11230,000301069994,,0,,580,PRODUCTOS VARIOS,VARIOS,,,VARIOS,RICARDONE,EXCEL_PLATFORM_PRODUCT,EXTERNAL_MATCH_FRAGMENTED,ROUTE_NO_EVALUABLE,MERCADERIAS VARIAS DE RICARDONE A PUERTO.,2026-09-30T14:17:00,,2026-09-30T15:45:00,,,2,,,
0e7d2cb5-f13__cycle_3,0e7d2cb5-f13__cycle_3;4ecc4389-31e,2,2026-09-30T12:47:51.646-03:00,2026-09-30T14:38:16.972-03:00,110,CAMARA,CAMARA,CAMARA,CTG_30035377890,2026-09-30,UUU110,ACEITE GIRASOL PARA REFINAR,ACEITE GIRASOL PARA REFINAR,ACEITE_PTO,ACEITE PTO,TERMINAL_EMBARQUE,INGRESO,I,11525,000404070039,0130000043663,30035377890,,27920,ACEITE GIRASOL PARA REFINAR,ACEITE_PTO,LIQUIDO,SL2,ACEITE_PTO,TERMINAL_EMBARQUE,EXCEL_PLATFORM_PRODUCT,EXTERNAL_MATCH_FRAGMENTED,ROUTE_NO_EVALUABLE,"FAZON RENOVA/BUNGE, FAZON RENOVA/BUNGE",2026-09-30T12:49:00,2026-09-30T12:54:00,2026-09-30T15:46:00,,,2,,,
eacaca98-224,eacaca98-224;ede8ef0b-9d1,2,2026-09-30T08:04:41.733-03:00,2026-09-30T16:00:36.225-03:00,476,CAMARA,CAMARA,CAMARA,COMPROB_000301069995,2026-09-30,LZP121,SEMILLA CON AGUA/BARRO,SEMILLA CON AGUA/BARRO,VARIOS,VARIOS,RICARDONE,EGRESO,E,11261,000301069995,,0,,-120,SEMILLA CON AGUA/BARRO,VARIOS,,,VARIOS,RICARDONE,EXCEL_PLATFORM_PRODUCT,EXTERNAL_MATCH_FRAGMENTED,ROUTE_NO_EVALUABLE,CANCHEO EN RICARDONE: CAMARA BAJO BARRANCA-FOSO NORIA-AFINES,2026-09-30T08:06:00,,2026-09-30T15:47:00,,,2,,,
cfe24c63-4cb,cfe24c63-4cb;6a9733ff-4ad,2,2026-09-30T11:48:56.620-03:00,2026-09-30T15:55:13.188-03:00,246,CAMARA,CAMARA,CAMARA,CTG_10235374444,2026-09-30,PIJ265,SOJA,SOJA,VOLCABLE_PTO_5,VOLCABLE PTO 5,TERMINAL_EMBARQUE,INGRESO,I,2000655,000404070041,0000000003935,10235374444,VIC819774300926,37360,SOJA,VOLCABLE_PTO_5,SAN_LORENZO_VOLCABLE,R7,VOLCABLE_PTO_5,TERMINAL_EMBARQUE,EXCEL_PLATFORM_PRODUCT,EXTERNAL_MATCH_FRAGMENTED,ROUTE_NO_EVALUABLE,"FAZON 2026, FAZON 2026",2026-09-30T11:50:00,2026-09-30T13:12:00,2026-09-30T15:53:00,,,2,,,
b719ce7f-4f2,b719ce7f-4f2;87687814-1f5,2,2026-09-30T07:11:26.070-03:00,2026-09-30T16:09:08.802-03:00,538,CAMARA,CAMARA,CAMARA,COMPROB_000400422923,2026-09-30,AB675DP,RESIDUOS ORG,RESIDUOS ORG.,,,TERMINAL_EMBARQUE,EGRESO,E,11003,000400422923,,0,,27220,RESIDUOS ORG,,,,,TERMINAL_EMBARQUE,EXCEL_PLATFORM_PRODUCT,EXTERNAL_MATCH_FRAGMENTED,ROUTE_NO_EVALUABLE,"SANEAMIENTO DE TORRES DE ENFRIAMIENTO + CLARIFICADORA, DESPACHO RESIDUOS ORGANICOS FUERA DE PLANTA:DF, SANEAMIENTO DE TORRES DE ENFRIAMIENTO + CLARIFICADORA",2026-09-30T13:02:00,,2026-09-30T15:54:00,,,2,,,
e8cca6e2-417,e8cca6e2-417;bd0ab215-7aa,2,2026-09-30T09:36:01.479-03:00,2026-09-30T16:09:38.374-03:00,394,CAMARA,CAMARA,CAMARA,COMPROB_000404070042,2026-09-30,SZG666,AGUA INDUSTRIAL,AGUA INDUSTRIAL,ACEITE_OSL,ACEITE OSL,TERMINAL_EMBARQUE,INGRESO,I,11529,000404070042,0001100019317,0,,25940,AGUA INDUSTRIAL,ACEITE_OSL,LIQUIDO,SL1,ACEITE_OSL,TERMINAL_EMBARQUE,EXCEL_PLATFORM_PRODUCT,EXTERNAL_MATCH_FRAGMENTED,ROUTE_NO_EVALUABLE,,2026-09-30T14:37:00,,2026-09-30T15:56:00,,,2,,,
436e88b2-8d1,436e88b2-8d1;6521e90b-2da,2,2026-09-30T11:46:01.808-03:00,2026-09-30T16:11:15.413-03:00,265,CAMARA,CAMARA,CAMARA,CTG_10135367252,2026-09-30,AI208OH,SOJA,SOJA,VOLCABLE_PTO_5,VOLCABLE PTO 5,TERMINAL_EMBARQUE,INGRESO,I,2000652,000404070045,0000200000162,10135367252,VIC430237300926,31580,SOJA,VOLCABLE_PTO_5,SAN_LORENZO_VOLCABLE,R7,VOLCABLE_PTO_5,TERMINAL_EMBARQUE,EXCEL_PLATFORM_PRODUCT,EXTERNAL_MATCH_FRAGMENTED,ROUTE_NO_EVALUABLE,"FAZON 2026, FAZON 2026",2026-09-30T11:47:00,2026-09-30T13:14:00,2026-09-30T16:02:00,,,2,,,
ef2355c7-986,ef2355c7-986;220630b8-54c,2,2026-09-30T12:19:17.947-03:00,2026-09-30T16:11:40.703-03:00,232,CAMARA,CAMARA,CAMARA,CTG_10135368802,2026-09-30,JVA446,SOJA,SOJA,VOLCABLE_PTO_5,VOLCABLE PTO 5,TERMINAL_EMBARQUE,INGRESO,I,2000655,000404070046,0000000000076,10135368802,VIC512891300926,30820,SOJA,VOLCABLE_PTO_5,SAN_LORENZO_VOLCABLE,R7,VOLCABLE_PTO_5,TERMINAL_EMBARQUE,EXCEL_PLATFORM_PRODUCT,EXTERNAL_MATCH_FRAGMENTED,ROUTE_NO_EVALUABLE,"FAZON 2026, FAZON 2026",2026-09-30T12:20:00,2026-09-30T13:22:00,2026-09-30T16:04:00,,,2,,,
f86f9d3f-ea5,f86f9d3f-ea5,1,2026-09-30T11:15:15.426-03:00,2026-09-30T16:12:15.517-03:00,297,CAMARA,CAMARA,CAMARA,COMPROB_000400422924,2026-09-30,FEA642,ACEITE GIRASOL REFINADO,ACEITE GIRASOL REFINADO,ACEITE_OSL,ACEITE OSL,TERMINAL_EMBARQUE,EGRESO,E,11526,000400422924,,0,,28400,ACEITE GIRASOL REFINADO,ACEITE_OSL,LIQUIDO,SL1,ACEITE_OSL,TERMINAL_EMBARQUE,EXCEL_PLATFORM_PRODUCT,EXTERNAL_MATCH_EXACT,ROUTE_NO_EVALUABLE,FAZON RENOVA/BUNGE,2026-09-30T11:16:00,,2026-09-30T16:06:00,,,1,,,
e68bfcf8-43c,e68bfcf8-43c;72985d1c-70f,2,2026-09-30T10:15:06.096-03:00,2026-09-30T16:21:07.801-03:00,366,CAMARA,CAMARA,CAMARA,COMPROB_000404070050,2026-09-30,UAJ766,PRODUCTOS VARIOS,PRODUCTOS VARIOS,,,TERMINAL_EMBARQUE,INGRESO,I,11230,000404070050,0000301069994,0,,580,PRODUCTOS VARIOS,,,,,TERMINAL_EMBARQUE,EXCEL_PLATFORM_PRODUCT,EXTERNAL_MATCH_FRAGMENTED,ROUTE_NO_EVALUABLE,"MERCADERIAS VARIAS DE RICARDONE A PUERTO., MERCADERIAS VARIAS DE RICARDONE A PUERTO.",2026-09-30T16:01:00,,2026-09-30T16:21:00,,,2,,,
15091f09-7cd,15091f09-7cd;89b314e0-54d,2,2026-09-30T08:18:02.942-03:00,2026-09-30T16:24:25.782-03:00,486,CAMARA,CAMARA,CAMARA,COMPROB_000400422925,2026-09-30,KUH403,RESIDUOS ORG,RESIDUOS ORG.,,,TERMINAL_EMBARQUE,EGRESO,E,11003,000400422925,,0,,24880,RESIDUOS ORG,,,,,TERMINAL_EMBARQUE,EXCEL_PLATFORM_PRODUCT,EXTERNAL_MATCH_FRAGMENTED,ROUTE_NO_EVALUABLE,"RUTINA, DESPACHO RESIDUOS ORGANICOS FUERA DE PLANTA:DF, RUTINA",2026-09-30T13:52:00,,2026-09-30T16:23:00,,,2,,,
7dae95aa-396,7dae95aa-396;f9a555e4-6b1;5ac27f98-51a,3,2026-09-30T09:40:30.409-03:00,2026-09-30T20:42:23.642-03:00,662,CAMARA,CAMARA,CAMARA,CTG_30035387088,2026-09-30,CFQ560,PELLETS GIRASOL,PELLETS GIRASOL,,,RICARDONE,EGRESO,E,95500,000301069996,0000300032723,30035387088,,25440,PELLETS GIRASOL,,,R30,,RICARDONE,EXCEL_PLATFORM_PRODUCT,EXTERNAL_MATCH_FRAGMENTED,ROUTE_NO_EVALUABLE,FAZON 2026,2026-09-30T15:23:00,,2026-09-30T16:39:00,,,3,,,
0cde1ba7-bf9,0cde1ba7-bf9;4f3bb289-fce,2,2026-09-30T11:50:11.101-03:00,2026-09-30T16:39:42.034-03:00,290,CAMARA,CAMARA,CAMARA,CTG_10235345318,2026-09-30,AC658DF,GIRASOL,GIRASOL,KEPPLER_2,KEPPLER 2,RICARDONE,INGRESO,I,2000664,000301464954,0405200004062,10235345318,VIC378367300926,35720,GIRASOL,KEPPLER_2,KEPLER,R4,KEPPLER_2,RICARDONE,EXCEL_PLATFORM_PRODUCT,EXTERNAL_MATCH_FRAGMENTED,ROUTE_NO_EVALUABLE,"FASON GIRASOL, FASON GIRASOL",2026-09-30T11:51:00,2026-09-30T14:04:00,2026-09-30T16:41:00,,,2,,,
fa0dda23-c2e,fa0dda23-c2e;3b0d722c-69e,2,2026-09-30T11:49:31.979-03:00,2026-09-30T16:48:13.025-03:00,299,CAMARA,CAMARA,CAMARA,CTG_10235374279,2026-09-30,AH575YL,SOJA,SOJA,VOLCABLE_PTO_5,VOLCABLE PTO 5,TERMINAL_EMBARQUE,INGRESO,I,2000655,000404070053,0000000003934,10235374279,VIC153794300926,36320,SOJA,VOLCABLE_PTO_5,SAN_LORENZO_VOLCABLE,R7,VOLCABLE_PTO_5,TERMINAL_EMBARQUE,EXCEL_PLATFORM_PRODUCT,EXTERNAL_MATCH_FRAGMENTED,ROUTE_NO_EVALUABLE,"FAZON 2026, FAZON 2026",2026-09-30T11:50:00,2026-09-30T13:19:00,2026-09-30T16:42:00,,,2,,,
71a9542b-685,71a9542b-685;2ead7e3a-a63;3f797c47-fa1;4252a351-c99;a4a4546f-ab8,5,2026-09-30T09:39:28.885-03:00,2026-10-01T01:36:53.216-03:00,957,CAMARA,CAMARA,CAMARA,CTG_30035387239,2026-09-30,RXV065,PELLETS GIRASOL,PELLETS GIRASOL,,,RICARDONE,EGRESO,E,95500,000301069997,0000300032724,30035387239,,29300,PELLETS GIRASOL,,,R30,,RICARDONE,EXCEL_PLATFORM_PRODUCT,EXTERNAL_MATCH_FRAGMENTED,ROUTE_NO_EVALUABLE,FAZON 2026,2026-09-30T15:14:00,,2026-09-30T16:43:00,,,5,,,
c16c92cf-367__cycle_3,c16c92cf-367__cycle_3;c16c92cf-367__cycle_4,2,2026-09-30T09:12:53.718-03:00,2026-09-30T16:45:36.676-03:00,453,CAMARA,CAMARA,CAMARA,COMPROB_000400422926,2026-09-30,AF411UI,BORRA ACEITE GIRASOL,BORRA ACEITE GIRASOL,ACEITE_OSL,ACEITE OSL,TERMINAL_EMBARQUE,EGRESO,E,96060,000400422926,,0,,8660,BORRA ACEITE GIRASOL,ACEITE_OSL,LIQUIDO,SL1,ACEITE_OSL,TERMINAL_EMBARQUE,EXCEL_PLATFORM_PRODUCT,EXTERNAL_MATCH_FRAGMENTED,ROUTE_NO_EVALUABLE,"LIMPIEZA DE FONDO DE TQ 07, LIMPIEZA TK07., LIMPIEZA DE FONDO DE TQ 07",2026-09-30T09:23:00,,2026-09-30T16:45:00,,,2,,,
ed897429-45a,ed897429-45a;954eb9a3-427;d7c0e5aa-de3;a03dc9c2-e55,4,2026-09-30T09:49:49.642-03:00,2026-09-30T20:47:53.374-03:00,658,CAMARA,CAMARA,CAMARA,CTG_30035387281,2026-09-30,UPW705,PELLETS GIRASOL,PELLETS GIRASOL,,,RICARDONE,EGRESO,E,95500,000301069998,0000300032725,30035387281,,27440,PELLETS GIRASOL,,,R30,,RICARDONE,EXCEL_PLATFORM_PRODUCT,EXTERNAL_MATCH_FRAGMENTED,ROUTE_NO_EVALUABLE,FAZON 2026,2026-09-30T15:27:00,,2026-09-30T16:45:00,,,4,,,
7f3acc68-3d7__cycle_3,7f3acc68-3d7__cycle_3,1,2026-09-30T12:58:15.121-03:00,2026-09-30T16:44:57.251-03:00,227,CAMARA,CAMARA,CAMARA,CTG_10235377669,2026-09-30,EAA743,GIRASOL,GIRASOL,KEPPLER_2,KEPPLER 2,RICARDONE,INGRESO,I,2000640,000301464955,1658100004762,10235377669,VIC013377300926,29540,GIRASOL,KEPPLER_2,KEPLER,R4,KEPPLER_2,RICARDONE,EXCEL_PLATFORM_PRODUCT,EXTERNAL_MATCH_EXACT,ROUTE_NO_DISCHARGE_POINT,"FAZON 2026, FAZON 2026",2026-09-30T12:59:00,2026-09-30T14:07:00,2026-09-30T16:46:00,,,1,,,
2e7f152c-272,2e7f152c-272;07a61947-b25,2,2026-09-30T12:25:58.208-03:00,2026-09-30T16:51:12.697-03:00,265,CAMARA,CAMARA,CAMARA,CTG_10235370983,2026-09-30,LUJ718,SOJA,SOJA,VOLCABLE_PTO_5,VOLCABLE PTO 5,TERMINAL_EMBARQUE,INGRESO,I,2000652,000404070055,0000100001761,10235370983,VIC673314300926,29920,SOJA,VOLCABLE_PTO_5,SAN_LORENZO_VOLCABLE,R7,VOLCABLE_PTO_5,TERMINAL_EMBARQUE,EXCEL_PLATFORM_PRODUCT,EXTERNAL_MATCH_FRAGMENTED,ROUTE_NO_EVALUABLE,"FAZON 2026, FAZON 2026",2026-09-30T12:27:00,2026-09-30T13:41:00,2026-09-30T16:50:00,,,2,,,
56dee18b-60b__cycle_2,56dee18b-60b__cycle_2,1,2026-09-30T13:54:17.129-03:00,2026-09-30T16:55:49.127-03:00,182,CAMARA,CAMARA,CAMARA,COMPROB_000404070057,2026-09-30,TDQ017,GLICERINA,GLICERINA,,,TERMINAL_EMBARQUE,INGRESO,I,11509,000404070057,0001100019315,0,,30420,GLICERINA,,LIQUIDO,R8,,TERMINAL_EMBARQUE,EXCEL_PLATFORM_PRODUCT,EXTERNAL_MATCH_EXACT,ROUTE_NO_EVALUABLE,,2026-09-30T13:57:00,,2026-09-30T16:53:00,,,1,,,
ec2b3ecf-ea7,ec2b3ecf-ea7;7b1ab7a7-343;32c81636-af1;774caf9d-e1e;996f7616-1b9,5,2026-09-30T10:03:17.368-03:00,2026-09-30T23:53:36.543-03:00,830,CAMARA,CAMARA,CAMARA,CTG_30035387596,2026-09-30,UKL882,PELLETS GIRASOL,PELLETS GIRASOL,,,RICARDONE,EGRESO,E,95500,000301069999,0000300032726,30035387596,,27700,PELLETS GIRASOL,,,R30,,RICARDONE,EXCEL_PLATFORM_PRODUCT,EXTERNAL_MATCH_FRAGMENTED,ROUTE_NO_EVALUABLE,FAZON 2026,2026-09-30T15:34:00,,2026-09-30T16:53:00,,,5,,,
989d8858-8f8__cycle_2,989d8858-8f8__cycle_2;6590ebe9-eb2,2,2026-09-30T13:14:15.020-03:00,2026-09-30T16:53:43.040-03:00,219,CAMARA,CAMARA,CAMARA,CTG_10235378348,2026-09-30,SFN197,GIRASOL,GIRASOL,KEPPLER_2,KEPPLER 2,RICARDONE,INGRESO,I,2000640,000301464956,1658100004766,10235378348,VIC173561300926,27100,GIRASOL,KEPPLER_2,KEPLER,R4,KEPPLER_2,RICARDONE,EXCEL_PLATFORM_PRODUCT,EXTERNAL_MATCH_FRAGMENTED,ROUTE_NO_EVALUABLE,"FAZON 2026, FAZON 2026",2026-09-30T13:15:00,2026-09-30T14:09:00,2026-09-30T16:55:00,,,2,,,
4f6c49c0-6b0,4f6c49c0-6b0,1,2026-09-30T09:40:01.732-03:00,2026-09-30T16:58:15.026-03:00,438,CAMARA,CAMARA,CAMARA,COMPROB_000400422927,2026-09-30,KWN857,RESIDUOS ORG,RESIDUOS ORG.,,,TERMINAL_EMBARQUE,EGRESO,E,11003,000400422927,,0,,14180,RESIDUOS ORG,,,,,TERMINAL_EMBARQUE,EXCEL_PLATFORM_PRODUCT,EXTERNAL_MATCH_EXACT,ROUTE_NO_EVALUABLE,"SANEAMIENTO DE TORRES DE ENFRIAMIENTO + CLARIFICADORA , DESPACHO RESIDUOS ORGANICOS FUERA DE PLANTA:DF, SANEAMIENTO DE TORRES DE ENFRIAMIENTO + CLARIFICADORA",2026-09-30T14:41:00,,2026-09-30T16:56:00,,,1,,,
a847b938-83e,a847b938-83e;8e66235a-e62,2,2026-09-30T12:22:20.595-03:00,2026-09-30T16:59:45.222-03:00,277,CAMARA,CAMARA,CAMARA,CTG_10235360241,2026-09-30,IAB283,SOJA,SOJA,VOLCABLE_PTO_5,VOLCABLE PTO 5,TERMINAL_EMBARQUE,INGRESO,I,2000651,000404070058,0004600009628,10235360241,VIC723264300926,34340,SOJA,VOLCABLE_PTO_5,SAN_LORENZO_VOLCABLE,R7,VOLCABLE_PTO_5,TERMINAL_EMBARQUE,EXCEL_PLATFORM_PRODUCT,EXTERNAL_MATCH_FRAGMENTED,ROUTE_NO_EVALUABLE,"FAZON 2026, FAZON 2026",2026-09-30T12:23:00,2026-09-30T13:27:00,2026-09-30T16:58:00,,,2,,,
a5801a2f-d92,a5801a2f-d92,1,2026-09-30T11:55:12.287-03:00,2026-09-30T17:01:19.020-03:00,306,CAMARA,CAMARA,CAMARA,COMPROB_000400422928,2026-09-30,CDF727,ACEITE GIRASOL REFINADO,ACEITE GIRASOL REFINADO,ACEITE_OSL,ACEITE OSL,TERMINAL_EMBARQUE,EGRESO,E,11526,000400422928,,0,,28020,ACEITE GIRASOL REFINADO,ACEITE_OSL,LIQUIDO,SL1,ACEITE_OSL,TERMINAL_EMBARQUE,EXCEL_PLATFORM_PRODUCT,EXTERNAL_MATCH_EXACT,ROUTE_NO_EVALUABLE,FAZON RENOVA/BUNGE,2026-09-30T11:56:00,,2026-09-30T17:00:00,,,1,,,
e7b52679-b25,e7b52679-b25,1,2026-09-27T04:32:06.306-03:00,2026-10-01T02:43:08.971-03:00,5651,CAMARA,CAMARA,CAMARA,COMPROB_000301070000,2026-09-30,NLR442,PRODUCTOS VARIOS,PRODUCTOS VARIOS,VARIOS,VARIOS,RICARDONE,EGRESO,E,11253,000301070000,,0,,0,PRODUCTOS VARIOS,VARIOS,,,VARIOS,RICARDONE,EXCEL_PLATFORM_PRODUCT,EXTERNAL_MATCH_EXACT,ROUTE_NO_EVALUABLE,"TRANSILADO, MOVIMIENTOS INTERNOS SOLIDOS, TRANSILADO",2026-09-25T09:19:00,,2026-09-30T17:00:00,,,1,,,
c7b0566e-e4f,c7b0566e-e4f;414b94b1-7ec;5a201497-470;62258072-b78;d6791470-879,5,2026-09-30T09:09:17.500-03:00,2026-10-01T01:46:39.131-03:00,997,CAMARA,CAMARA,CAMARA,CTG_30035387877,2026-09-30,EBO971,PELLETS GIRASOL,PELLETS GIRASOL,,,RICARDONE,EGRESO,E,95500,000301070001,0000300032727,30035387877,,27180,PELLETS GIRASOL,,,R30,,RICARDONE,EXCEL_PLATFORM_PRODUCT,EXTERNAL_MATCH_FRAGMENTED,ROUTE_NO_EVALUABLE,FAZON 2026,2026-09-30T15:05:00,,2026-09-30T17:01:00,,,5,,,
45735896-e7f,45735896-e7f;a6872b5a-53b,2,2026-09-30T12:44:40.193-03:00,2026-09-30T17:07:04.918-03:00,262,CAMARA,CAMARA,CAMARA,CTG_10235376066,2026-09-30,AA230MJ,SOJA,SOJA,VOLCABLE_PTO_5,VOLCABLE PTO 5,TERMINAL_EMBARQUE,INGRESO,I,2000655,000404070060,0002200014595,10235376066,VIC164560300926,29460,SOJA,VOLCABLE_PTO_5,SAN_LORENZO_VOLCABLE,R7,VOLCABLE_PTO_5,TERMINAL_EMBARQUE,EXCEL_PLATFORM_PRODUCT,EXTERNAL_MATCH_FRAGMENTED,ROUTE_NO_EVALUABLE,"FAZON 2026, FAZON 2026",2026-09-30T12:45:00,2026-09-30T13:45:00,2026-09-30T17:05:00,,,2,,,
ce33ca20-df3,ce33ca20-df3;9ade3dab-0e6,2,2026-09-30T15:35:23.297-03:00,2026-10-01T02:05:53.192-03:00,630,CAMARA,CAMARA,CAMARA,CTG_30035388053,2026-09-30,BWV144,PELLETS GIRASOL,PELLETS GIRASOL,,,RICARDONE,EGRESO,E,95500,000301070002,0000300032728,30035388053,,29240,PELLETS GIRASOL,,,R30,,RICARDONE,EXCEL_PLATFORM_PRODUCT,EXTERNAL_MATCH_FRAGMENTED,ROUTE_NO_EVALUABLE,FAZON 2026,2026-09-30T15:36:00,,2026-09-30T17:06:00,,,2,,,
a59fbdb5-ca8,a59fbdb5-ca8;3903352a-4b1;fa468c4f-c2e;c183fdd5-512,4,2026-09-30T10:27:29.692-03:00,2026-10-01T01:38:01.536-03:00,911,CAMARA,CAMARA,CAMARA,CTG_30035388232,2026-09-30,TVH101,PELLETS GIRASOL,PELLETS GIRASOL,,,RICARDONE,EGRESO,E,95500,000301070003,0000300032729,30035388232,,26400,PELLETS GIRASOL,,,R30,,RICARDONE,EXCEL_PLATFORM_PRODUCT,EXTERNAL_MATCH_FRAGMENTED,ROUTE_NO_EVALUABLE,FAZON 2026,2026-09-30T15:43:00,,2026-09-30T17:11:00,,,4,,,
356d2733-532,356d2733-532;c5187cb3-335;54d41acf-895,3,2026-09-30T10:32:12.270-03:00,2026-09-30T21:24:19.848-03:00,652,CAMARA,CAMARA,CAMARA,CTG_30035388352,2026-09-30,UYM942,PELLETS GIRASOL,PELLETS GIRASOL,,,RICARDONE,EGRESO,E,95500,000301070004,0000300032730,30035388352,,25540,PELLETS GIRASOL,,,R30,,RICARDONE,EXCEL_PLATFORM_PRODUCT,EXTERNAL_MATCH_FRAGMENTED,ROUTE_NO_EVALUABLE,FAZON 2026,2026-09-30T15:45:00,,2026-09-30T17:14:00,,,3,,,
2792384b-18f,2792384b-18f;568ed4ad-3b0,2,2026-09-30T12:20:44.190-03:00,2026-09-30T17:20:04.029-03:00,299,CAMARA,CAMARA,CAMARA,CTG_10135366662,2026-09-30,DBC994,SOJA,SOJA,VOLCABLE_PTO_5,VOLCABLE PTO 5,TERMINAL_EMBARQUE,INGRESO,I,2000652,000404070062,0000200000160,10135366662,VIC958452300926,30900,SOJA,VOLCABLE_PTO_5,SAN_LORENZO_VOLCABLE,R7,VOLCABLE_PTO_5,TERMINAL_EMBARQUE,EXCEL_PLATFORM_PRODUCT,EXTERNAL_MATCH_FRAGMENTED,ROUTE_NO_EVALUABLE,"FAZON 2026, FAZON 2026",2026-09-30T12:22:00,2026-09-30T13:25:00,2026-09-30T17:17:00,,,2,,,
f2acea64-f10,f2acea64-f10;cf3f91a2-681;842b41c9-644__cycle_1;842b41c9-644__cycle_2,4,2026-09-30T10:46:28.478-03:00,2026-09-30T22:47:06.540-03:00,721,CAMARA,CAMARA,CAMARA,CTG_30035388541,2026-09-30,AZG422,PELLETS GIRASOL,PELLETS GIRASOL,,,RICARDONE,EGRESO,E,95500,000301070005,0000300032731,30035388541,,28480,PELLETS GIRASOL,,,R30,,RICARDONE,EXCEL_PLATFORM_PRODUCT,EXTERNAL_MATCH_FRAGMENTED,ROUTE_NO_EVALUABLE,FAZON 2026,2026-09-30T15:49:00,,2026-09-30T17:20:00,,,4,,,
b58115f1-9b7,b58115f1-9b7,1,2026-09-30T11:55:49.489-03:00,2026-09-30T17:21:37.747-03:00,326,CAMARA,CAMARA,CAMARA,COMPROB_000400422929,2026-09-30,KOE138,ACEITE GIRASOL REFINADO,ACEITE GIRASOL REFINADO,ACEITE_OSL,ACEITE OSL,TERMINAL_EMBARQUE,EGRESO,E,11526,000400422929,,0,,28120,ACEITE GIRASOL REFINADO,ACEITE_OSL,LIQUIDO,SL1,ACEITE_OSL,TERMINAL_EMBARQUE,EXCEL_PLATFORM_PRODUCT,EXTERNAL_MATCH_EXACT,ROUTE_NO_EVALUABLE,FAZON RENOVA/BUNGE,2026-09-30T11:57:00,,2026-09-30T17:20:00,,,1,,,
76e3ac02-1bc__cycle_2,76e3ac02-1bc__cycle_2;9060a23b-cdb,2,2026-09-30T13:51:00.506-03:00,2026-09-30T16:46:23.898-03:00,175,CAMARA,CAMARA,CAMARA,CTG_10235377768,2026-09-30,TSX149,GIRASOL,GIRASOL,KEPPLER_2,KEPPLER 2,RICARDONE,INGRESO,I,2000640,000301464957,1658100004763,10235377768,VIC018110300926,26300,GIRASOL,KEPPLER_2,KEPLER,R4,KEPPLER_2,RICARDONE,EXCEL_PLATFORM_PRODUCT,EXTERNAL_MATCH_FRAGMENTED,ROUTE_NO_EVALUABLE,"FAZON 2026, FAZON 2026",2026-09-30T13:52:00,2026-09-30T14:13:00,2026-09-30T17:25:00,,,2,,,
ec7e2c42-f26,ec7e2c42-f26;4df15d5e-cef;1c917ee3-dbc,3,2026-09-30T09:54:35.110-03:00,2026-10-01T02:22:09.143-03:00,988,CAMARA,CAMARA,CAMARA,CTG_30035388771,2026-09-30,RRE349,PELLETS GIRASOL,PELLETS GIRASOL,,,RICARDONE,EGRESO,E,95500,000301070006,0000300032732,30035388771,,26180,PELLETS GIRASOL,,,R30,,RICARDONE,EXCEL_PLATFORM_PRODUCT,EXTERNAL_MATCH_FRAGMENTED,ROUTE_NO_EVALUABLE,FAZON 2026,2026-09-30T16:00:00,,2026-09-30T17:28:00,,,3,,,
08dd3f75-a3e,08dd3f75-a3e;769ce1ad-17d,2,2026-09-30T12:52:29.983-03:00,2026-09-30T17:31:53.833-03:00,279,CAMARA,CAMARA,CAMARA,CTG_10235372264,2026-09-30,KUB033,SOJA,SOJA,VOLCABLE_PTO_5,VOLCABLE PTO 5,TERMINAL_EMBARQUE,INGRESO,I,2000652,000404070066,0000100001763,10235372264,VIC367169300926,30660,SOJA,VOLCABLE_PTO_5,SAN_LORENZO_VOLCABLE,R7,VOLCABLE_PTO_5,TERMINAL_EMBARQUE,EXCEL_PLATFORM_PRODUCT,EXTERNAL_MATCH_FRAGMENTED,ROUTE_NO_EVALUABLE,"FAZON 2026, FAZON 2026",2026-09-30T12:53:00,2026-09-30T13:47:00,2026-09-30T17:30:00,,,2,,,
a90190a2-4d9,a90190a2-4d9;4ad39d7c-519,2,2026-09-30T16:16:30.883-03:00,2026-10-01T02:35:54.312-03:00,619,CAMARA,CAMARA,CAMARA,CTG_30035388859,2026-09-30,DFP716,PELLETS GIRASOL,PELLETS GIRASOL,,,RICARDONE,EGRESO,E,95500,000301070007,0000300032733,30035388859,,23740,PELLETS GIRASOL,,,R30,,RICARDONE,EXCEL_PLATFORM_PRODUCT,EXTERNAL_MATCH_FRAGMENTED,ROUTE_NO_EVALUABLE,FAZON 2026,2026-09-30T16:17:00,,2026-09-30T17:31:00,,,2,,,
6741d391-a64,6741d391-a64;17409898-6c2;09a252e7-551;aab2336f-9be;7ea8eb04-f50,5,2026-09-30T07:33:46.265-03:00,2026-09-30T22:25:56.440-03:00,892,CAMARA,CAMARA,CAMARA,CTG_30035388963,2026-09-30,TAC436,PELLETS GIRASOL,PELLETS GIRASOL,,,RICARDONE,EGRESO,E,95500,000301070008,0000300032734,30035388963,,24000,PELLETS GIRASOL,,,R30,,RICARDONE,EXCEL_PLATFORM_PRODUCT,EXTERNAL_MATCH_FRAGMENTED,ROUTE_NO_EVALUABLE,FAZON 2026,2026-09-30T16:24:00,,2026-09-30T17:35:00,,,5,,,
180a7eee-044,180a7eee-044;006ef65d-992,2,2026-09-30T14:22:05.656-03:00,2026-09-30T17:37:44.688-03:00,196,CAMARA,CAMARA,CAMARA,COMPROB_000400422930,2026-09-30,AA488IX,BARRIDO DE MERCADERIA,BARRIDO DE MERCADERIA,,,TERMINAL_EMBARQUE,EGRESO,E,95521,000400422930,,0,,28480,BARRIDO DE MERCADERIA,,,,,TERMINAL_EMBARQUE,EXCEL_PLATFORM_PRODUCT,EXTERNAL_MATCH_FRAGMENTED,ROUTE_NO_EVALUABLE,BARRIDO TERM.EMBARQUE,2026-09-30T14:23:00,,2026-09-30T17:35:00,,,2,,,
6f7d7e5f-668,6f7d7e5f-668;f1cb0cc0-ee9;bbb863d8-5ad;1e3b18b0-9ab,4,2026-09-30T11:15:46.180-03:00,2026-10-01T02:40:42.267-03:00,925,CAMARA,CAMARA,CAMARA,CTG_30035389085,2026-09-30,VAJ028,PELLETS GIRASOL,PELLETS GIRASOL,,,RICARDONE,EGRESO,E,95500,000301070009,0000300032735,30035389085,,26440,PELLETS GIRASOL,,,R30,,RICARDONE,EXCEL_PLATFORM_PRODUCT,EXTERNAL_MATCH_FRAGMENTED,ROUTE_NO_EVALUABLE,FAZON 2026,2026-09-30T16:24:00,,2026-09-30T17:39:00,,,4,,,
428e60be-718__cycle_1,428e60be-718__cycle_1;428e60be-718__cycle_2,2,2026-09-30T07:11:55.868-03:00,2026-09-30T17:41:09.767-03:00,629,CAMARA,CAMARA,CAMARA,CTG_10235378143,2026-09-30,UXG866,GIRASOL,GIRASOL,KEPPLER_2,KEPPLER 2,RICARDONE,INGRESO,I,2000640,000301464958,1658100004764,10235378143,VIC090006300926,27040,GIRASOL,KEPPLER_2,KEPLER,R4,KEPPLER_2,RICARDONE,EXCEL_PLATFORM_PRODUCT,EXTERNAL_MATCH_FRAGMENTED,ROUTE_NO_DISCHARGE_POINT,"FAZON 2026, FAZON 2026",2026-09-30T13:54:00,2026-09-30T14:15:00,2026-09-30T17:43:00,,,2,,,
3adf5c97-f07,3adf5c97-f07;c7d8c113-84b,2,2026-09-30T15:14:17.303-03:00,2026-09-30T17:48:50.533-03:00,155,CAMARA,CAMARA,CAMARA,COMPROB_000400422931,2026-09-30,MRM512,ACEITE GIRASOL REFINADO,ACEITE GIRASOL REFINADO,ACEITE_OSL,ACEITE OSL,TERMINAL_EMBARQUE,EGRESO,E,96064,000400422931,,0,,29820,ACEITE GIRASOL REFINADO,ACEITE_OSL,LIQUIDO,SL1,ACEITE_OSL,TERMINAL_EMBARQUE,EXCEL_PLATFORM_PRODUCT,EXTERNAL_MATCH_FRAGMENTED,ROUTE_NO_EVALUABLE,,2026-09-30T15:16:00,,2026-09-30T17:47:00,,,2,,,
7e4a0b50-a25,7e4a0b50-a25,1,2026-09-30T12:55:51.832-03:00,2026-09-30T17:51:29.676-03:00,296,CAMARA,CAMARA,CAMARA,CTG_10235364211,2026-09-30,VHW515,SOJA,SOJA,VOLCABLE_PTO_5,VOLCABLE PTO 5,TERMINAL_EMBARQUE,INGRESO,I,2000655,000404070070,0000000007364,10235364211,VIC574408300926,29440,SOJA,VOLCABLE_PTO_5,SAN_LORENZO_VOLCABLE,R7,VOLCABLE_PTO_5,TERMINAL_EMBARQUE,EXCEL_PLATFORM_PRODUCT,EXTERNAL_MATCH_EXACT,ROUTE_NO_EVALUABLE,"FAZON 2026, FAZON 2026",2026-09-30T12:58:00,2026-09-30T13:50:00,2026-09-30T17:50:00,,,1,,,
e5bb07d4-3e1,e5bb07d4-3e1;14dc4524-973;2c361fe4-ff1;81e81acc-c34;5f05373d-e88,5,2026-09-30T07:34:27.868-03:00,2026-10-01T03:12:53.777-03:00,1178,CAMARA,CAMARA,CAMARA,CTG_30035389486,2026-09-30,BVS300,PELLETS GIRASOL,PELLETS GIRASOL,,,RICARDONE,EGRESO,E,95500,000301070010,0000300032736,30035389486,,29420,PELLETS GIRASOL,,,R30,,RICARDONE,EXCEL_PLATFORM_PRODUCT,EXTERNAL_MATCH_FRAGMENTED,ROUTE_NO_EVALUABLE,FAZON 2026,2026-09-30T16:25:00,,2026-09-30T17:52:00,,,5,,,
51164d43-c7c__cycle_2,51164d43-c7c__cycle_2;6d571dff-ebf;5b21cdbd-5d5,3,2026-09-30T07:34:54.670-03:00,2026-09-30T17:52:20.709-03:00,617,CAMARA,CAMARA,CAMARA,CTG_30035389517,2026-09-30,UWX998,PELLETS GIRASOL,PELLETS GIRASOL,,,RICARDONE,EGRESO,E,95500,000301070011,0000300032737,30035389517,,22660,PELLETS GIRASOL,,,R30,,RICARDONE,EXCEL_PLATFORM_PRODUCT,EXTERNAL_MATCH_FRAGMENTED,ROUTE_NO_EVALUABLE,FAZON 2026,2026-09-30T16:30:00,,2026-09-30T17:53:00,,,3,,,
3fdc25c0-41a,3fdc25c0-41a;0d5082e5-f76,2,2026-09-30T14:06:05.120-03:00,2026-09-30T17:58:05.435-03:00,232,CAMARA,CAMARA,CAMARA,CTG_10135371073,2026-09-30,DPE897,SOJA,SOJA,VOLCABLE_PTO_5,VOLCABLE PTO 5,TERMINAL_EMBARQUE,INGRESO,I,2000655,000404070072,0000100008489,10135371073,VIC749977300926,28440,SOJA,VOLCABLE_PTO_5,SAN_LORENZO_VOLCABLE,R7,VOLCABLE_PTO_5,TERMINAL_EMBARQUE,EXCEL_PLATFORM_PRODUCT,EXTERNAL_MATCH_FRAGMENTED,ROUTE_NO_EVALUABLE,"FAZON 2026, FAZON 2026",2026-09-30T14:07:00,2026-09-30T16:47:00,2026-09-30T17:56:00,,,2,,,
f9d536a9-f84,f9d536a9-f84;e091e0a0-d3c,2,2026-09-30T16:32:14.263-03:00,2026-09-30T18:04:12.902-03:00,92,CAMARA,CAMARA,CAMARA,CTG_10235372174,2026-09-30,CWW164,SOJA,SOJA,VOLCABLE_PTO_5,VOLCABLE PTO 5,TERMINAL_EMBARQUE,INGRESO,I,2000655,000404070073,0100100007185,10235372174,VIC184767300926,30920,SOJA,VOLCABLE_PTO_5,SAN_LORENZO_VOLCABLE,R7,VOLCABLE_PTO_5,TERMINAL_EMBARQUE,EXCEL_PLATFORM_PRODUCT,EXTERNAL_MATCH_FRAGMENTED,ROUTE_NO_EVALUABLE,"FAZON 2026, FAZON 2026",2026-09-30T14:02:00,2026-09-30T16:49:00,2026-09-30T18:02:00,,,2,,,
3e362948-2dd,3e362948-2dd;05dd7c03-f39;8c31766c-de2;f939544f-6a5,4,2026-09-30T11:19:57.475-03:00,2026-10-01T03:04:47.423-03:00,945,CAMARA,CAMARA,CAMARA,CTG_30035389854,2026-09-30,SAT582,PELLETS GIRASOL,PELLETS GIRASOL,,,RICARDONE,EGRESO,E,95500,000301070012,0000300032738,30035389854,,29040,PELLETS GIRASOL,,,R30,,RICARDONE,EXCEL_PLATFORM_PRODUCT,EXTERNAL_MATCH_FRAGMENTED,ROUTE_NO_EVALUABLE,FAZON 2026,2026-09-30T16:38:00,,2026-09-30T18:04:00,,,4,,,
a8ea9e98-3a5,a8ea9e98-3a5;cc2a0a0f-ed0,2,2026-09-30T14:23:27.982-03:00,2026-09-30T18:07:34.422-03:00,224,CAMARA,CAMARA,CAMARA,CTG_10135374265,2026-09-30,AH235VR,SOJA,SOJA,VOLCABLE_PTO_5,VOLCABLE PTO 5,TERMINAL_EMBARQUE,INGRESO,I,2000652,000404070075,0000000004391,10135374265,VIC879424300926,27780,SOJA,VOLCABLE_PTO_5,SAN_LORENZO_VOLCABLE,R7,VOLCABLE_PTO_5,TERMINAL_EMBARQUE,EXCEL_PLATFORM_PRODUCT,EXTERNAL_MATCH_FRAGMENTED,ROUTE_NO_EVALUABLE,"FAZON 2026, FAZON 2026",2026-09-30T14:24:00,2026-09-30T16:54:00,2026-09-30T18:05:00,,,2,,,
f0e103ef-60b,f0e103ef-60b;0e37bac8-6c1,2,2026-09-30T09:42:33.823-03:00,2026-09-30T18:13:02.954-03:00,510,CAMARA,CAMARA,CAMARA,COMPROB_000404070076,2026-09-30,RUK692,GLICERINA,GLICERINA,,,TERMINAL_EMBARQUE,INGRESO,I,11509,000404070076,0001100019318,0,,31260,GLICERINA,,LIQUIDO,R8,,TERMINAL_EMBARQUE,EXCEL_PLATFORM_PRODUCT,EXTERNAL_MATCH_FRAGMENTED,ROUTE_NO_EVALUABLE,,2026-09-30T15:31:00,,2026-09-30T18:10:00,,,2,,,
a868086a-9c6__cycle_2,a868086a-9c6__cycle_2;9d3b5727-323,2,2026-09-30T13:54:12.437-03:00,2026-09-30T18:11:29.175-03:00,257,CAMARA,CAMARA,CAMARA,CTG_10235378230,2026-09-30,BBU070,GIRASOL,GIRASOL,KEPPLER_2,KEPPLER 2,RICARDONE,INGRESO,I,2000640,000301464959,1658100004765,10235378230,VIC024887300926,28500,GIRASOL,KEPPLER_2,KEPLER,R4,KEPPLER_2,RICARDONE,EXCEL_PLATFORM_PRODUCT,EXTERNAL_MATCH_FRAGMENTED,ROUTE_NO_EVALUABLE,"FAZON 2026, FAZON 2026",2026-09-30T13:55:00,2026-09-30T14:17:00,2026-09-30T18:13:00,,,2,,,
442a5f63-4b5,442a5f63-4b5;0512f2c7-e46;4789f757-180,3,2026-09-30T07:49:39.717-03:00,2026-09-30T20:53:40.588-03:00,784,CAMARA,CAMARA,CAMARA,CTG_30035390153,2026-09-30,RDL445,PELLETS GIRASOL,PELLETS GIRASOL,,,RICARDONE,EGRESO,E,95500,000301070013,0000300032739,30035390153,,27700,PELLETS GIRASOL,,,R30,,RICARDONE,EXCEL_PLATFORM_PRODUCT,EXTERNAL_MATCH_FRAGMENTED,ROUTE_NO_EVALUABLE,FAZON 2026,2026-09-30T16:49:00,,2026-09-30T18:14:00,,,3,,,
152e711c-ca5,152e711c-ca5;d7053a25-674,2,2026-09-30T14:43:00.794-03:00,2026-09-30T18:17:38.224-03:00,215,CAMARA,CAMARA,CAMARA,CTG_10235373969,2026-09-30,OTA336,SOJA,SOJA,VOLCABLE_PTO_5,VOLCABLE PTO 5,TERMINAL_EMBARQUE,INGRESO,I,2000655,000404070078,0000100001346,10235373969,VIC938574300926,30220,SOJA,VOLCABLE_PTO_5,SAN_LORENZO_VOLCABLE,R7,VOLCABLE_PTO_5,TERMINAL_EMBARQUE,EXCEL_PLATFORM_PRODUCT,EXTERNAL_MATCH_FRAGMENTED,ROUTE_NO_EVALUABLE,"FAZON 2026, FAZON 2026",2026-09-30T14:44:00,2026-09-30T16:55:00,2026-09-30T18:15:00,,,2,,,
7e284d6e-491,7e284d6e-491;4d8a2d0a-4a0;4d96a597-20b;11c82985-294;54807c64-a09,5,2026-09-30T07:37:49.717-03:00,2026-10-01T03:24:43.643-03:00,1187,CAMARA,CAMARA,CAMARA,CTG_30035390317,2026-09-30,EEW075,PELLETS GIRASOL,PELLETS GIRASOL,,,RICARDONE,EGRESO,E,95500,000301070014,0000300032740,30035390317,,23380,PELLETS GIRASOL,,,R30,,RICARDONE,EXCEL_PLATFORM_PRODUCT,EXTERNAL_MATCH_FRAGMENTED,ROUTE_NO_EVALUABLE,FAZON 2026,2026-09-30T17:05:00,,2026-09-30T18:23:00,,,5,,,
5642292d-745,5642292d-745;dc3a7276-60d,2,2026-09-30T14:45:32.322-03:00,2026-09-30T18:26:13.510-03:00,221,CAMARA,CAMARA,CAMARA,CTG_10235372732,2026-09-30,HNR613,SOJA,SOJA,VOLCABLE_PTO_5,VOLCABLE PTO 5,TERMINAL_EMBARQUE,INGRESO,I,2000655,000404070080,0100100007186,10235372732,VIC701202300926,31040,SOJA,VOLCABLE_PTO_5,SAN_LORENZO_VOLCABLE,R7,VOLCABLE_PTO_5,TERMINAL_EMBARQUE,EXCEL_PLATFORM_PRODUCT,EXTERNAL_MATCH_FRAGMENTED,ROUTE_NO_EVALUABLE,"FAZON 2026, FAZON 2026",2026-09-30T14:46:00,2026-09-30T17:01:00,2026-09-30T18:24:00,,,2,,,
1960b74d-8a0__cycle_2,1960b74d-8a0__cycle_2;80cba27b-2b8,2,2026-09-30T15:44:32.291-03:00,2026-09-30T18:29:03.418-03:00,165,CAMARA,CAMARA,CAMARA,CTG_10235381360,2026-09-30,MOF325,SOJA,SOJA,VOLCABLE_PTO_5,VOLCABLE PTO 5,TERMINAL_EMBARQUE,INGRESO,I,2000655,000404070081,0000000003549,10235381360,VIC898838300926,29840,SOJA,VOLCABLE_PTO_5,SAN_LORENZO_VOLCABLE,R7,VOLCABLE_PTO_5,TERMINAL_EMBARQUE,EXCEL_PLATFORM_PRODUCT,EXTERNAL_MATCH_FRAGMENTED,ROUTE_NO_EVALUABLE,"FAZON 2026, FAZON 2026",2026-09-30T15:45:00,2026-09-30T17:09:00,2026-09-30T18:28:00,,,2,,,
ea912b4d-7fd,ea912b4d-7fd;da422ea5-32a,2,2026-09-30T16:50:21.559-03:00,2026-10-01T02:46:16.081-03:00,596,CAMARA,CAMARA,CAMARA,CTG_30035390565,2026-09-30,RKS646,PELLETS GIRASOL,PELLETS GIRASOL,,,RICARDONE,EGRESO,E,95500,000301070015,0000300032741,30035390565,,27460,PELLETS GIRASOL,,,R30,,RICARDONE,EXCEL_PLATFORM_PRODUCT,EXTERNAL_MATCH_FRAGMENTED,ROUTE_NO_EVALUABLE,FAZON 2026,2026-09-30T16:51:00,,2026-09-30T18:38:00,,,2,,,
b5dac3b9-098,b5dac3b9-098;ac3c61fb-0b2;be14e56b-bd1,3,2026-09-30T11:50:45.903-03:00,2026-10-01T00:07:38.422-03:00,737,CAMARA,CAMARA,CAMARA,CTG_30035390574,2026-09-30,UER485,PELLETS GIRASOL,PELLETS GIRASOL,,,RICARDONE,EGRESO,E,95500,000301070016,0000300032742,30035390574,,26080,PELLETS GIRASOL,,,R30,,RICARDONE,EXCEL_PLATFORM_PRODUCT,EXTERNAL_MATCH_FRAGMENTED,ROUTE_NO_EVALUABLE,FAZON 2026,2026-09-30T17:16:00,,2026-09-30T18:39:00,,,3,,,
2c818d53-a97,2c818d53-a97;ff684f13-cad,2,2026-09-30T15:43:18.205-03:00,2026-09-30T18:41:46.083-03:00,178,CAMARA,CAMARA,CAMARA,CTG_10235379266,2026-09-30,IIR677,SOJA,SOJA,VOLCABLE_PTO_5,VOLCABLE PTO 5,TERMINAL_EMBARQUE,INGRESO,I,2000652,000404070084,0000100001764,10235379266,VIC752428300926,28900,SOJA,VOLCABLE_PTO_5,SAN_LORENZO_VOLCABLE,R7,VOLCABLE_PTO_5,TERMINAL_EMBARQUE,EXCEL_PLATFORM_PRODUCT,EXTERNAL_MATCH_FRAGMENTED,ROUTE_NO_EVALUABLE,"FAZON 2026, FAZON 2026",2026-09-30T15:44:00,2026-09-30T17:07:00,2026-09-30T18:39:00,,,2,,,
95cf8504-07a,95cf8504-07a,1,2026-09-30T14:57:01.642-03:00,2026-09-30T18:39:28.955-03:00,222,CAMARA,CAMARA,CAMARA,CTG_10235366732,2026-09-30,EAW743,GIRASOL,GIRASOL,KEPPLER_2,KEPPLER 2,RICARDONE,INGRESO,I,2000664,000301464960,0482300003037,10235366732,VIC456772300926,29660,GIRASOL,KEPPLER_2,KEPLER,R4,KEPPLER_2,RICARDONE,EXCEL_PLATFORM_PRODUCT,EXTERNAL_MATCH_EXACT,ROUTE_NO_DISCHARGE_POINT,"FASON GIRASOL, FASON GIRASOL",2026-09-30T14:58:00,2026-09-30T17:25:00,2026-09-30T18:41:00,,,1,,,
886237a6-99d,886237a6-99d;35b60cd2-80b,2,2026-09-30T16:03:58.197-03:00,2026-09-30T18:44:05.939-03:00,160,CAMARA,CAMARA,CAMARA,CTG_10235380420,2026-09-30,AF066WZ,SOJA,SOJA,VOLCABLE_PTO_5,VOLCABLE PTO 5,TERMINAL_EMBARQUE,INGRESO,I,2000652,000404070085,0000100001766,10235380420,VIC263607300926,34820,SOJA,VOLCABLE_PTO_5,SAN_LORENZO_VOLCABLE,R7,VOLCABLE_PTO_5,TERMINAL_EMBARQUE,EXCEL_PLATFORM_PRODUCT,EXTERNAL_MATCH_FRAGMENTED,ROUTE_NO_EVALUABLE,"FAZON 2026, FAZON 2026",2026-09-30T16:05:00,2026-09-30T17:14:00,2026-09-30T18:42:00,,,2,,,
26166d94-3e4,26166d94-3e4;92d2fdb5-42e;b37f3287-542;a0e5e3fd-2ec,4,2026-09-30T07:36:42.594-03:00,2026-09-30T18:44:03.928-03:00,667,CAMARA,CAMARA,CAMARA,CTG_30035390660,2026-09-30,CIE516,PELLETS GIRASOL,PELLETS GIRASOL,,,RICARDONE,EGRESO,E,95500,000301070017,0000300032743,30035390660,,28440,PELLETS GIRASOL,,,R30,,RICARDONE,EXCEL_PLATFORM_PRODUCT,EXTERNAL_MATCH_FRAGMENTED,ROUTE_NO_EVALUABLE,FAZON 2026,2026-09-30T17:23:00,,2026-09-30T18:45:00,,,4,,,
f0d6e87c-a33,f0d6e87c-a33,1,2026-09-30T16:42:49.742-03:00,2026-09-30T18:55:57.479-03:00,133,CAMARA,CAMARA,CAMARA,COMPROB_000400422932,2026-09-30,NWZ336,BORRA ACEITE GIRASOL REFINADO,BORRA ACEITE GIRASOL REFINADO,ACEITE_OSL,ACEITE OSL,TERMINAL_EMBARQUE,EGRESO,E,10927,000400422932,,0,,27140,BORRA ACEITE GIRASOL REFINADO,ACEITE_OSL,LIQUIDO,SL1,ACEITE_OSL,TERMINAL_EMBARQUE,EXCEL_PLATFORM_PRODUCT,EXTERNAL_MATCH_EXACT,ROUTE_NO_EVALUABLE,,2026-09-30T16:44:00,,2026-09-30T18:54:00,,,1,,,
91ec40f3-2dd,91ec40f3-2dd;9bb6278c-28f,2,2026-09-30T17:11:24.214-03:00,2026-09-30T20:33:03.178-03:00,202,CAMARA,CAMARA,CAMARA,COMPROB_000400422933,2026-09-30,JBN715,GLICERINA REFINADA,GLICERINA REFINADA,,,TERMINAL_EMBARQUE,EGRESO,E,10968,000400422933,,0,,23500,GLICERINA REFINADA,,LIQUIDO,R8,,TERMINAL_EMBARQUE,EXCEL_PLATFORM_PRODUCT,EXTERNAL_MATCH_FRAGMENTED,ROUTE_NO_EVALUABLE,DIRECTO DE RENOVA,2026-09-30T17:13:00,,2026-09-30T19:00:00,,,2,,,
b9c9ef59-a3f,b9c9ef59-a3f,1,2026-09-30T14:07:13.175-03:00,2026-09-30T15:26:27.418-03:00,79,CAMARA,CAMARA,CAMARA,COMPROB_009702024225,2026-09-30,MGD161,ACEITE GIRASOL ENVASADO,ACEITE GIRASOL ENVASADO,,,RENOPACK,EGRESO,E,50031,009702024225,,0,,23120,ACEITE GIRASOL ENVASADO,,LIQUIDO,,,RENOPACK,EXCEL_PLATFORM_PRODUCT,EXTERNAL_MATCH_PROBABLE,ROUTE_NO_EVALUABLE,DESPACHOS RENOPACK/BUNGE MERCADO INTERNO,2026-09-30T15:41:00,,2026-09-30T19:29:00,,,1,,,
f8348883-77f,f8348883-77f;dace817f-019,2,2026-09-30T16:25:20.194-03:00,2026-09-30T19:34:55.053-03:00,190,CAMARA,CAMARA,CAMARA,CTG_10235370859,2026-09-30,AG229IE,SOJA,SOJA,VOLCABLE_PTO_5,VOLCABLE PTO 5,TERMINAL_EMBARQUE,INGRESO,I,2000655,000404070087,0000100014162,10235370859,VIC307868300926,34280,SOJA,VOLCABLE_PTO_5,SAN_LORENZO_VOLCABLE,R7,VOLCABLE_PTO_5,TERMINAL_EMBARQUE,EXCEL_PLATFORM_PRODUCT,EXTERNAL_MATCH_FRAGMENTED,ROUTE_NO_EVALUABLE,"FAZON 2026, FAZON 2026",2026-09-30T16:26:00,2026-09-30T17:18:00,2026-09-30T19:31:00,,,2,,,
fed173a3-7ca,fed173a3-7ca;c6fecd89-648,2,2026-09-30T16:14:05.594-03:00,2026-09-30T19:55:23.744-03:00,221,CAMARA,CAMARA,CAMARA,CTG_10235363603,2026-09-30,JDI547,SOJA,SOJA,VOLCABLE_PTO_5,VOLCABLE PTO 5,TERMINAL_EMBARQUE,INGRESO,I,2000651,000404070088,0004600009634,10235363603,VIC272583290926,35480,SOJA,VOLCABLE_PTO_5,SAN_LORENZO_VOLCABLE,R7,VOLCABLE_PTO_5,TERMINAL_EMBARQUE,EXCEL_PLATFORM_PRODUCT,EXTERNAL_MATCH_FRAGMENTED,ROUTE_NO_EVALUABLE,"FAZON 2026, FAZON 2026",2026-09-30T16:15:00,2026-09-30T17:16:00,2026-09-30T19:44:00,,,2,,,
1dd556bb-c9c,1dd556bb-c9c;951dc7f1-50b;5d7970bf-355,3,2026-09-30T08:24:36.131-03:00,2026-09-30T23:16:22.810-03:00,892,CAMARA,CAMARA,CAMARA,CTG_30035391313,2026-09-30,UUO981,PELLETS GIRASOL,PELLETS GIRASOL,,,RICARDONE,EGRESO,E,95500,000301070018,0000300032744,30035391313,,27040,PELLETS GIRASOL,,,R30,,RICARDONE,EXCEL_PLATFORM_PRODUCT,EXTERNAL_MATCH_FRAGMENTED,ROUTE_NO_EVALUABLE,FAZON 2026,2026-09-30T17:24:00,,2026-09-30T19:47:00,,,3,,,
e56074b7-00a,e56074b7-00a;11682ce3-61f;59e7fa50-cbb;7f9ec868-d78,4,2026-09-30T12:32:35.951-03:00,2026-10-01T00:57:32.266-03:00,745,CAMARA,CAMARA,CAMARA,CTG_30035391422,2026-09-30,TAO150,PELLETS GIRASOL,PELLETS GIRASOL,,,RICARDONE,EGRESO,E,95500,000301070019,0000300032745,30035391422,,22180,PELLETS GIRASOL,,,R30,,RICARDONE,EXCEL_PLATFORM_PRODUCT,EXTERNAL_MATCH_FRAGMENTED,ROUTE_NO_EVALUABLE,FAZON 2026,2026-09-30T17:40:00,,2026-09-30T20:00:00,,,4,,,
d0103c1d-ce7,d0103c1d-ce7;0d6e12b8-e3a,2,2026-09-30T17:40:10.477-03:00,2026-10-01T02:58:56.048-03:00,559,CAMARA,CAMARA,CAMARA,CTG_30035391429,2026-09-30,JPZ027,PELLETS GIRASOL,PELLETS GIRASOL,,,RICARDONE,EGRESO,E,95500,000301070020,0000300032746,30035391429,,19800,PELLETS GIRASOL,,,R30,,RICARDONE,EXCEL_PLATFORM_PRODUCT,EXTERNAL_MATCH_FRAGMENTED,ROUTE_NO_EVALUABLE,FAZON 2026,2026-09-30T17:41:00,,2026-09-30T20:01:00,,,2,,,
a1f73246-61a,a1f73246-61a;312e2659-1e8,2,2026-09-30T16:32:13.176-03:00,2026-09-30T20:03:33.180-03:00,211,CAMARA,CAMARA,CAMARA,CTG_10235380781,2026-09-30,NWE016,SOJA,SOJA,VOLCABLE_PTO_5,VOLCABLE PTO 5,TERMINAL_EMBARQUE,INGRESO,I,2000652,000404070092,0000100001767,10235380781,VIC087340300926,35420,SOJA,VOLCABLE_PTO_5,SAN_LORENZO_VOLCABLE,R7,VOLCABLE_PTO_5,TERMINAL_EMBARQUE,EXCEL_PLATFORM_PRODUCT,EXTERNAL_MATCH_FRAGMENTED,ROUTE_NO_EVALUABLE,"FAZON 2026, FAZON 2026",2026-09-30T16:33:00,2026-09-30T17:19:00,2026-09-30T20:02:00,,,2,,,
df304797-831__cycle_2,df304797-831__cycle_2;799314fc-cb2;befeeb30-e04;99d5ff75-231,4,2026-09-30T12:23:23.481-03:00,2026-10-01T00:52:46.338-03:00,749,CAMARA,CAMARA,CAMARA,CTG_30035391502,2026-09-30,VJG112,PELLETS GIRASOL,PELLETS GIRASOL,,,RICARDONE,EGRESO,E,95500,000301070021,0000300032747,30035391502,,27400,PELLETS GIRASOL,,,R30,,RICARDONE,EXCEL_PLATFORM_PRODUCT,EXTERNAL_MATCH_FRAGMENTED,ROUTE_NO_EVALUABLE,FAZON 2026,2026-09-30T17:47:00,,2026-09-30T20:10:00,,,4,,,
bee2bd3d-e84,bee2bd3d-e84;d60c5295-8d3,2,2026-09-30T16:57:44.385-03:00,2026-09-30T20:14:12.938-03:00,196,CAMARA,CAMARA,CAMARA,CTG_10135380787,2026-09-30,AE235GS,SOJA,SOJA,VOLCABLE_PTO_5,VOLCABLE PTO 5,TERMINAL_EMBARQUE,INGRESO,I,2000652,000404070093,0000000004392,10135380787,VIC950625300926,34400,SOJA,VOLCABLE_PTO_5,SAN_LORENZO_VOLCABLE,R7,VOLCABLE_PTO_5,TERMINAL_EMBARQUE,EXCEL_PLATFORM_PRODUCT,EXTERNAL_MATCH_FRAGMENTED,ROUTE_NO_EVALUABLE,"FAZON 2026, FAZON 2026",2026-09-30T16:59:00,2026-09-30T17:21:00,2026-09-30T20:11:00,,,2,,,
ceae82b0-577__cycle_2,ceae82b0-577__cycle_2,1,2026-09-30T17:24:27.730-03:00,2026-09-30T17:35:03.667-03:00,11,CAMARA,CAMARA,CAMARA,CTG_10235380405,2026-09-30,BDH961,GIRASOL,GIRASOL,KEPPLER_2,KEPPLER 2,RICARDONE,INGRESO,I,2000640,000301464962,1658100004774,10235380405,VIC274647300926,28860,GIRASOL,KEPPLER_2,KEPLER,R4,KEPPLER_2,RICARDONE,EXCEL_PLATFORM_PRODUCT,EXTERNAL_MATCH_PROBABLE,ROUTE_NO_EVALUABLE,"FAZON 2026, FAZON 2026",2026-09-30T16:28:00,2026-09-30T17:28:00,2026-09-30T20:13:00,,,1,,,
5cfc6e21-b6c__cycle_2,5cfc6e21-b6c__cycle_2,1,2026-09-30T20:03:34.340-03:00,2026-09-30T20:15:27.010-03:00,12,CAMARA,CAMARA,CAMARA,COMPROB_000400422934,2026-09-30,EMU873,PRODUCTOS VARIOS,PRODUCTOS VARIOS,,,TERMINAL_EMBARQUE,EGRESO,E,13000,000400422934,,0,,20,PRODUCTOS VARIOS,,,,,TERMINAL_EMBARQUE,EXCEL_PLATFORM_PRODUCT,EXTERNAL_MATCH_EXACT,ROUTE_NO_EVALUABLE,"NO TIENE ORDEN, CTO PARA INGRESAR LOS CAMIONES Q SE EQUIVOCAN DE PTA, NO TIENE ORDEN",2026-09-30T19:57:00,,2026-09-30T20:14:00,,,1,,,
0628d401-a80,0628d401-a80;4245e09e-d7a;d5299bc7-9d5,3,2026-09-30T12:32:27.592-03:00,2026-09-30T23:44:24.243-03:00,672,CAMARA,CAMARA,CAMARA,CTG_30035391556,2026-09-30,CRJ139,PELLETS GIRASOL,PELLETS GIRASOL,,,RICARDONE,EGRESO,E,95500,000301070022,0000300032748,30035391556,,26860,PELLETS GIRASOL,,,R30,,RICARDONE,EXCEL_PLATFORM_PRODUCT,EXTERNAL_MATCH_FRAGMENTED,ROUTE_NO_EVALUABLE,FAZON 2026,2026-09-30T17:48:00,,2026-09-30T20:20:00,,,3,,,
9f15310c-eb3,9f15310c-eb3,1,2026-09-30T17:03:28.647-03:00,2026-09-30T17:26:48.313-03:00,23,CAMARA,CAMARA,CAMARA,CTG_10235379650,2026-09-30,ROK514,SOJA,SOJA,VOLCABLE_PTO_5,VOLCABLE PTO 5,TERMINAL_EMBARQUE,INGRESO,I,2000655,000404070095,0000500006285,10235379650,VIC119498300926,28660,SOJA,VOLCABLE_PTO_5,SAN_LORENZO_VOLCABLE,R7,VOLCABLE_PTO_5,TERMINAL_EMBARQUE,EXCEL_PLATFORM_PRODUCT,EXTERNAL_MATCH_PROBABLE,ROUTE_NO_EVALUABLE,"FAZON 2026, FAZON 2026",2026-09-30T17:04:00,2026-09-30T17:23:00,2026-09-30T20:21:00,,,1,,,
22fe5ac6-734,22fe5ac6-734,1,2026-09-30T12:23:51.055-03:00,2026-09-30T20:26:17.015-03:00,482,CAMARA,CAMARA,CAMARA,COMPROB_000400422935,2026-09-30,AD887XZ,ACEITE GIRASOL REFINADO,ACEITE GIRASOL REFINADO,ACEITE_OSL,ACEITE OSL,TERMINAL_EMBARQUE,EGRESO,E,11526,000400422935,,0,,28440,ACEITE GIRASOL REFINADO,ACEITE_OSL,LIQUIDO,SL1,ACEITE_OSL,TERMINAL_EMBARQUE,EXCEL_PLATFORM_PRODUCT,EXTERNAL_MATCH_EXACT,ROUTE_NO_EVALUABLE,FAZON RENOVA/BUNGE,2026-09-30T12:25:00,,2026-09-30T20:25:00,,,1,,,
435f986e-238,435f986e-238;d3acea05-c29;569aae0b-560;009c16a6-cd8,4,2026-09-30T08:16:22.430-03:00,2026-09-30T23:35:57.279-03:00,920,CAMARA,CAMARA,CAMARA,CTG_30035391582,2026-09-30,CKQ212,PELLETS GIRASOL,PELLETS GIRASOL,,,RICARDONE,EGRESO,E,95500,000301070023,0000300032749,30035391582,,29300,PELLETS GIRASOL,,,R30,,RICARDONE,EXCEL_PLATFORM_PRODUCT,EXTERNAL_MATCH_FRAGMENTED,ROUTE_NO_EVALUABLE,FAZON 2026,2026-09-30T17:55:00,,2026-09-30T20:26:00,,,4,,,
707cbeb2-440__cycle_3,707cbeb2-440__cycle_3,1,2026-09-30T17:26:08.274-03:00,2026-09-30T20:30:44.783-03:00,185,CAMARA,CAMARA,CAMARA,CTG_10235380969,2026-09-30,CQF701,GIRASOL,GIRASOL,KEPPLER_2,KEPPLER 2,RICARDONE,INGRESO,I,2000640,000301464963,1658100004775,10235380969,VIC309567300926,28600,GIRASOL,KEPPLER_2,KEPLER,R4,KEPPLER_2,RICARDONE,EXCEL_PLATFORM_PRODUCT,EXTERNAL_MATCH_EXACT,ROUTE_NO_DISCHARGE_POINT,"FAZON 2026, FAZON 2026",2026-09-30T16:46:00,2026-09-30T17:31:00,2026-09-30T20:32:00,,,1,,,
7b1ab7a7-343,7b1ab7a7-343;32c81636-af1;774caf9d-e1e;996f7616-1b9;026c95db-0c7,5,2026-09-30T10:20:31.147-03:00,2026-10-01T03:03:32.217-03:00,1003,CAMARA,CAMARA,CAMARA,CTG_30035391605,2026-09-30,UKL882,PELLETS GIRASOL,PELLETS GIRASOL,,,RICARDONE,EGRESO,E,95500,000301070024,0000300032750,30035391605,,31180,PELLETS GIRASOL,,,R30,,RICARDONE,EXCEL_PLATFORM_PRODUCT,EXTERNAL_MATCH_FRAGMENTED,ROUTE_NO_EVALUABLE,FAZON 2026,2026-09-30T18:06:00,,2026-09-30T20:33:00,,,5,,,
470bffc9-b98,470bffc9-b98;caee191f-5b8,2,2026-09-30T07:45:12.589-03:00,2026-09-30T20:42:49.412-03:00,778,CAMARA,CAMARA,CAMARA,COMPROB_000400422936,2026-09-30,GDE552,ACEITE GIRASOL REFINADO,ACEITE GIRASOL REFINADO,ACEITE_OSL,ACEITE OSL,TERMINAL_EMBARQUE,EGRESO,E,11526,000400422936,,0,,28400,ACEITE GIRASOL REFINADO,ACEITE_OSL,LIQUIDO,SL1,ACEITE_OSL,TERMINAL_EMBARQUE,EXCEL_PLATFORM_PRODUCT,EXTERNAL_MATCH_FRAGMENTED,ROUTE_NO_EVALUABLE,FAZON RENOVA/BUNGE,2026-09-30T17:10:00,,2026-09-30T20:41:00,,,2,,,
587affec-623,587affec-623;c575a952-5e2;3e06c180-73a,3,2026-09-30T08:16:53.207-03:00,2026-10-01T00:12:05.283-03:00,955,CAMARA,CAMARA,CAMARA,CTG_30035391658,2026-09-30,DGR440,PELLETS GIRASOL,PELLETS GIRASOL,,,RICARDONE,EGRESO,E,95500,000301070025,0000300032751,30035391658,,30520,PELLETS GIRASOL,,,R30,,RICARDONE,EXCEL_PLATFORM_PRODUCT,EXTERNAL_MATCH_FRAGMENTED,ROUTE_NO_EVALUABLE,FAZON 2026,2026-09-30T18:18:00,,2026-09-30T20:47:00,,,3,,,
5af41f2c-0b3,5af41f2c-0b3;ec2985c1-439;fc5b22b4-664;9bb954e5-364,4,2026-09-30T12:49:07.809-03:00,2026-10-01T01:50:18.653-03:00,781,CAMARA,CAMARA,CAMARA,CTG_30035391691,2026-09-30,DTG181,PELLETS GIRASOL,PELLETS GIRASOL,,,RICARDONE,EGRESO,E,95500,000301070026,0000300032752,30035391691,,27720,PELLETS GIRASOL,,,R30,,RICARDONE,EXCEL_PLATFORM_PRODUCT,EXTERNAL_MATCH_FRAGMENTED,ROUTE_NO_EVALUABLE,FAZON 2026,2026-09-30T18:25:00,,2026-09-30T20:54:00,,,4,,,
3e30dee8-49e,3e30dee8-49e;44981216-a38,2,2026-09-30T19:41:42.234-03:00,2026-10-01T03:21:53.993-03:00,460,CAMARA,CAMARA,CAMARA,COMPROB_000404070100,2026-09-30,CMF111,AGUA INDUSTRIAL,AGUA INDUSTRIAL,ACEITE_OSL,ACEITE OSL,TERMINAL_EMBARQUE,INGRESO,I,11529,000404070100,0001100019322,0,,27700,AGUA INDUSTRIAL,ACEITE_OSL,LIQUIDO,SL1,ACEITE_OSL,TERMINAL_EMBARQUE,EXCEL_PLATFORM_PRODUCT,EXTERNAL_MATCH_FRAGMENTED,ROUTE_NO_EVALUABLE,,2026-09-30T19:44:00,,2026-09-30T20:55:00,,,2,,,
a22a87f5-803,a22a87f5-803;03a7bf45-7ca;4b6982fd-c1d;54af3767-da1,4,2026-09-30T11:18:55.233-03:00,2026-10-01T01:29:00.296-03:00,850,CAMARA,CAMARA,CAMARA,CTG_30035391699,2026-09-30,RLP943,PELLETS GIRASOL,PELLETS GIRASOL,,,RICARDONE,EGRESO,E,95500,000301070027,0000300032753,30035391699,,29180,PELLETS GIRASOL,,,R30,,RICARDONE,EXCEL_PLATFORM_PRODUCT,EXTERNAL_MATCH_FRAGMENTED,ROUTE_NO_EVALUABLE,FAZON 2026,2026-09-30T18:31:00,,2026-09-30T20:57:00,,,4,,,
1fdd14f9-d67,1fdd14f9-d67;97dd2392-60d;f117f5c7-c1c;16015d16-912,4,2026-09-30T12:25:11.405-03:00,2026-10-01T01:38:44.973-03:00,794,CAMARA,CAMARA,CAMARA,CTG_30035391719,2026-09-30,EYH843,PELLETS GIRASOL,PELLETS GIRASOL,,,RICARDONE,EGRESO,E,95500,000301070028,0000300032754,30035391719,,28520,PELLETS GIRASOL,,,R30,,RICARDONE,EXCEL_PLATFORM_PRODUCT,EXTERNAL_MATCH_FRAGMENTED,ROUTE_NO_EVALUABLE,FAZON 2026,2026-09-30T18:40:00,,2026-09-30T21:04:00,,,4,,,
d35180b5-b2f,d35180b5-b2f;48d792eb-b65;eb814b0a-d57;4c09661f-e44__cycle_1;4c09661f-e44__cycle_2,5,2026-09-30T09:57:17.344-03:00,2026-10-01T01:01:29.200-03:00,904,CAMARA,CAMARA,CAMARA,CTG_30035391774,2026-09-30,RAW481,PELLETS GIRASOL,PELLETS GIRASOL,,,RICARDONE,EGRESO,E,95500,000301070029,0000300032755,30035391774,,28100,PELLETS GIRASOL,,,R30,,RICARDONE,EXCEL_PLATFORM_PRODUCT,EXTERNAL_MATCH_FRAGMENTED,ROUTE_NO_EVALUABLE,FAZON 2026,2026-09-30T18:56:00,,2026-09-30T21:27:00,,,5,,,
8a9a6259-0e9,8a9a6259-0e9;d970cd2c-e87;0c48606a-d0e;072381af-ce1;bf3f36e1-601,5,2026-09-30T08:35:35.477-03:00,2026-10-01T01:56:37.842-03:00,1041,CAMARA,CAMARA,CAMARA,CTG_30035391776,2026-09-30,FDH917,PELLETS GIRASOL,PELLETS GIRASOL,,,RICARDONE,EGRESO,E,95500,000301070030,0000300032756,30035391776,,23860,PELLETS GIRASOL,,,R30,,RICARDONE,EXCEL_PLATFORM_PRODUCT,EXTERNAL_MATCH_FRAGMENTED,ROUTE_NO_EVALUABLE,FAZON 2026,2026-09-30T19:00:00,,2026-09-30T21:28:00,,,5,,,
6794331d-ae0__cycle_3,6794331d-ae0__cycle_3,1,2026-09-30T17:53:58.257-03:00,2026-09-30T17:55:32.903-03:00,2,CAMARA,CAMARA,CAMARA,COMPROB_000400422937,2026-09-30,GZI868,ACEITE GIRASOL REFINADO,ACEITE GIRASOL REFINADO,ACEITE_OSL,ACEITE OSL,TERMINAL_EMBARQUE,EGRESO,E,11526,000400422937,,0,,28480,ACEITE GIRASOL REFINADO,ACEITE_OSL,LIQUIDO,SL1,ACEITE_OSL,TERMINAL_EMBARQUE,EXCEL_PLATFORM_PRODUCT,EXTERNAL_MATCH_PROBABLE,ROUTE_NO_EVALUABLE,FAZON RENOVA/BUNGE,2026-09-30T17:55:00,,2026-09-30T21:28:00,,,1,,,
7d870241-16d,7d870241-16d;29dabcdc-14e;cb10cb80-cf7;acb01522-6bd,4,2026-09-30T13:57:46.291-03:00,2026-10-01T02:18:09.871-03:00,740,CAMARA,CAMARA,CAMARA,CTG_30035391808,2026-09-30,GES056,PELLETS GIRASOL,PELLETS GIRASOL,,,RICARDONE,EGRESO,E,95500,000301070031,0000300032757,30035391808,,28040,PELLETS GIRASOL,,,R30,,RICARDONE,EXCEL_PLATFORM_PRODUCT,EXTERNAL_MATCH_FRAGMENTED,ROUTE_NO_EVALUABLE,FAZON 2026,2026-09-30T20:00:00,,2026-09-30T21:35:00,,,4,,,
ff2ac10d-861,ff2ac10d-861,1,2026-09-30T17:20:29.395-03:00,2026-09-30T21:40:40.214-03:00,260,CAMARA,CAMARA,CAMARA,COMPROB_000400422938,2026-09-30,MNB810,ACEITE GIRASOL REFINADO,ACEITE GIRASOL REFINADO,ACEITE_OSL,ACEITE OSL,TERMINAL_EMBARQUE,EGRESO,E,11526,000400422938,,0,,28080,ACEITE GIRASOL REFINADO,ACEITE_OSL,LIQUIDO,SL1,ACEITE_OSL,TERMINAL_EMBARQUE,EXCEL_PLATFORM_PRODUCT,EXTERNAL_MATCH_EXACT,ROUTE_NO_EVALUABLE,FAZON RENOVA/BUNGE,2026-09-30T17:21:00,,2026-09-30T21:39:00,,,1,,,
cfcd111c-32b,cfcd111c-32b;3859b59c-8e4__cycle_1;3859b59c-8e4__cycle_2,3,2026-09-30T14:21:24.854-03:00,2026-10-01T02:23:20.769-03:00,722,CAMARA,CAMARA,CAMARA,CTG_30035391852,2026-09-30,UUL425,PELLETS GIRASOL,PELLETS GIRASOL,,,RICARDONE,EGRESO,E,95500,000301070032,0000300032758,30035391852,,26040,PELLETS GIRASOL,,,R30,,RICARDONE,EXCEL_PLATFORM_PRODUCT,EXTERNAL_MATCH_FRAGMENTED,ROUTE_NO_EVALUABLE,FAZON 2026,2026-09-30T20:12:00,,2026-09-30T21:46:00,,,3,,,
55a960c2-656,55a960c2-656,1,2026-09-30T18:29:21.340-03:00,2026-09-30T21:52:16.653-03:00,203,CAMARA,CAMARA,CAMARA,COMPROB_000400422939,2026-09-30,AA875OG,ACEITE GIRASOL REFINADO,ACEITE GIRASOL REFINADO,ACEITE_OSL,ACEITE OSL,TERMINAL_EMBARQUE,EGRESO,E,11526,000400422939,,0,,28420,ACEITE GIRASOL REFINADO,ACEITE_OSL,LIQUIDO,SL1,ACEITE_OSL,TERMINAL_EMBARQUE,EXCEL_PLATFORM_PRODUCT,EXTERNAL_MATCH_EXACT,ROUTE_NO_EVALUABLE,FAZON RENOVA/BUNGE,2026-09-30T18:30:00,,2026-09-30T21:51:00,,,1,,,
1e64b8a2-e4a,1e64b8a2-e4a;47f51e71-f82,2,2026-09-30T14:17:22.280-03:00,2026-10-01T02:15:51.109-03:00,718,CAMARA,CAMARA,CAMARA,CTG_30035391943,2026-09-30,EHS233,PELLETS GIRASOL,PELLETS GIRASOL,,,RICARDONE,EGRESO,E,95500,000301070033,0000300032759,30035391943,,27400,PELLETS GIRASOL,,,R30,,RICARDONE,EXCEL_PLATFORM_PRODUCT,EXTERNAL_MATCH_FRAGMENTED,ROUTE_NO_EVALUABLE,FAZON 2026,2026-09-30T20:27:00,,2026-09-30T21:53:00,,,2,,,
0127d349-559,0127d349-559;d7429ff3-2a6,2,2026-09-30T15:38:54.909-03:00,2026-09-30T15:56:24.563-03:00,17,CAMARA,CAMARA,CAMARA,COMPROB_000404070109,2026-09-30,MTT517,METILATO DE SODIO,METILATO DE SODIO,,,TERMINAL_EMBARQUE,INGRESO,I,10913,000404070109,002200013056,0,,29960,METILATO DE SODIO,,,,,TERMINAL_EMBARQUE,EXCEL_PLATFORM_PRODUCT,EXTERNAL_MATCH_FRAGMENTED,ROUTE_NO_EVALUABLE,,2026-09-30T15:41:00,,2026-09-30T21:53:00,,,2,,,
d0c39eb4-8c2__cycle_1,d0c39eb4-8c2__cycle_1;ec0ab520-311,2,2026-09-30T11:30:09.273-03:00,2026-09-30T22:06:50.762-03:00,637,CAMARA,CAMARA,CAMARA,CTG_10235349952,2026-09-30,AFB273,SOJA,SOJA,VOLCABLE_PTO_5,VOLCABLE PTO 5,TERMINAL_EMBARQUE,INGRESO,I,2000651,000404070110,0006500005503,10235349952,VIC196690300926,29460,SOJA,VOLCABLE_PTO_5,SAN_LORENZO_VOLCABLE,R7,VOLCABLE_PTO_5,TERMINAL_EMBARQUE,EXCEL_PLATFORM_PRODUCT,EXTERNAL_MATCH_FRAGMENTED,ROUTE_NO_EVALUABLE,"FAZON 2026, FAZON 2026",2026-09-30T11:31:00,2026-09-30T11:46:00,2026-09-30T21:55:00,,,2,,,
f586cde8-d7f,f586cde8-d7f;cb4cd1bb-da3;0afd5f92-6a8,3,2026-09-30T15:05:38.634-03:00,2026-10-01T01:27:40.675-03:00,622,CAMARA,CAMARA,CAMARA,CTG_30035391950,2026-09-30,BHL749,PELLETS GIRASOL,PELLETS GIRASOL,,,RICARDONE,EGRESO,E,95500,000301070034,0000300032760,30035391950,,26380,PELLETS GIRASOL,,,R30,,RICARDONE,EXCEL_PLATFORM_PRODUCT,EXTERNAL_MATCH_FRAGMENTED,ROUTE_NO_EVALUABLE,FAZON 2026,2026-09-30T20:45:00,,2026-09-30T21:57:00,,,3,,,
2ead7e3a-a63,2ead7e3a-a63;3f797c47-fa1;4252a351-c99;a4a4546f-ab8;709623e1-b66,5,2026-09-30T10:04:27.604-03:00,2026-10-01T02:36:58.417-03:00,993,CAMARA,CAMARA,CAMARA,CTG_30035391974,2026-09-30,RXV065,PELLETS GIRASOL,PELLETS GIRASOL,,,RICARDONE,EGRESO,E,95500,000301070035,0000300032761,30035391974,,28120,PELLETS GIRASOL,,,R30,,RICARDONE,EXCEL_PLATFORM_PRODUCT,EXTERNAL_MATCH_FRAGMENTED,ROUTE_NO_EVALUABLE,FAZON 2026,2026-09-30T20:52:00,,2026-09-30T22:06:00,,,5,,,
582f12cd-bf8,582f12cd-bf8;a152f7bf-855,2,2026-09-30T09:51:43.966-03:00,2026-09-30T13:01:44.330-03:00,190,CAMARA,CAMARA,CAMARA,COMPROB_000404070114,2026-09-30,OLL595,ACIDO FOSFORICO,ACIDO FOSFORICO,,,TERMINAL_EMBARQUE,INGRESO,I,10924,000404070114,000100047862,0,,25740,ACIDO FOSFORICO,,,,,TERMINAL_EMBARQUE,EXCEL_PLATFORM_PRODUCT,EXTERNAL_MATCH_FRAGMENTED,ROUTE_NO_EVALUABLE,,2026-09-30T10:24:00,,2026-09-30T22:07:00,,,2,,,
96a8970c-7b8,96a8970c-7b8;b62acedd-49e,2,2026-09-30T15:50:37.831-03:00,2026-09-30T22:17:00.006-03:00,386,CAMARA,CAMARA,CAMARA,CTG_10235376186,2026-09-30,AF681NU,SOJA,SOJA,VOLCABLE_PTO_5,VOLCABLE PTO 5,TERMINAL_EMBARQUE,INGRESO,I,2000655,000404070117,0000100005616,10235376186,VIC060275300926,28940,SOJA,VOLCABLE_PTO_5,SAN_LORENZO_VOLCABLE,R7,VOLCABLE_PTO_5,TERMINAL_EMBARQUE,EXCEL_PLATFORM_PRODUCT,EXTERNAL_MATCH_FRAGMENTED,ROUTE_NO_EVALUABLE,"FAZON 2026, FAZON 2026",2026-09-30T15:52:00,2026-09-30T17:12:00,2026-09-30T22:15:00,,,2,,,
f5f25b9e-f0d,f5f25b9e-f0d,1,2026-09-30T18:04:44.483-03:00,2026-09-30T22:27:19.254-03:00,263,CAMARA,CAMARA,CAMARA,CTG_10235372626,2026-09-30,OHA811,SOJA,SOJA,VOLCABLE_PTO_5,VOLCABLE PTO 5,TERMINAL_EMBARQUE,INGRESO,I,2000655,000404070119,0000100014163,10235372626,VIC967436300926,34640,SOJA,VOLCABLE_PTO_5,SAN_LORENZO_VOLCABLE,R7,VOLCABLE_PTO_5,TERMINAL_EMBARQUE,EXCEL_PLATFORM_PRODUCT,EXTERNAL_MATCH_EXACT,ROUTE_NO_DISCHARGE_POINT,"FAZON 2026, FAZON 2026",2026-09-30T18:06:00,2026-09-30T20:05:00,2026-09-30T22:22:00,,,1,,,
fc1a56ed-c2f__cycle_1,fc1a56ed-c2f__cycle_1;601c466e-2dc,2,2026-09-30T09:50:31.404-03:00,2026-09-30T22:31:55.924-03:00,761,CAMARA,CAMARA,CAMARA,CTG_10235371227,2026-09-30,FDJ642,SOJA,SOJA,VOLCABLE_PTO_5,VOLCABLE PTO 5,TERMINAL_EMBARQUE,INGRESO,I,2000655,000404070121,0000000001804,10235371227,VIC956503300926,30740,SOJA,VOLCABLE_PTO_5,SAN_LORENZO_VOLCABLE,R7,VOLCABLE_PTO_5,TERMINAL_EMBARQUE,EXCEL_PLATFORM_PRODUCT,EXTERNAL_MATCH_FRAGMENTED,ROUTE_NO_EVALUABLE,"FAZON 2026, FAZON 2026",2026-09-30T09:52:00,2026-09-30T11:18:00,2026-09-30T22:29:00,,,2,,,
62258072-b78,62258072-b78;d6791470-879;05690f53-bcc,3,2026-09-30T15:13:10.688-03:00,2026-10-01T03:10:25.078-03:00,717,CAMARA,CAMARA,CAMARA,CTG_30035392015,2026-09-30,EBO971,PELLETS GIRASOL,PELLETS GIRASOL,,,RICARDONE,EGRESO,E,95500,000301070036,0000300032762,30035392015,,27400,PELLETS GIRASOL,,,R30,,RICARDONE,EXCEL_PLATFORM_PRODUCT,EXTERNAL_MATCH_FRAGMENTED,ROUTE_NO_EVALUABLE,FAZON 2026,2026-09-30T21:11:00,,2026-09-30T22:30:00,,,3,,,
fa468c4f-c2e,fa468c4f-c2e;c183fdd5-512,2,2026-09-30T15:41:40.281-03:00,2026-10-01T01:38:01.536-03:00,596,CAMARA,CAMARA,CAMARA,CTG_30035392018,2026-09-30,TVH101,PELLETS GIRASOL,PELLETS GIRASOL,,,RICARDONE,EGRESO,E,95500,000301070037,0000300032763,30035392018,,26480,PELLETS GIRASOL,,,R30,,RICARDONE,EXCEL_PLATFORM_PRODUCT,EXTERNAL_MATCH_FRAGMENTED,ROUTE_NO_EVALUABLE,FAZON 2026,2026-09-30T21:32:00,,2026-09-30T22:37:00,,,2,,,
c4014218-bf1,c4014218-bf1;eeabd7ad-9a4,2,2026-09-30T18:08:02.174-03:00,2026-09-30T22:39:26.784-03:00,271,CAMARA,CAMARA,CAMARA,CTG_10235387612,2026-09-30,IBH343,SOJA,SOJA,VOLCABLE_PTO_5,VOLCABLE PTO 5,TERMINAL_EMBARQUE,INGRESO,I,2000655,000404070122,0000000006527,10235387612,VIC912874300926,30620,SOJA,VOLCABLE_PTO_5,SAN_LORENZO_VOLCABLE,R7,VOLCABLE_PTO_5,TERMINAL_EMBARQUE,EXCEL_PLATFORM_PRODUCT,EXTERNAL_MATCH_FRAGMENTED,ROUTE_NO_EVALUABLE,"FAZON 2026, FAZON 2026",2026-09-30T18:09:00,2026-09-30T20:08:00,2026-09-30T22:38:00,,,2,,,
a772aaef-a6c,a772aaef-a6c,1,2026-09-30T18:23:07.346-03:00,2026-09-30T22:47:19.533-03:00,264,CAMARA,CAMARA,CAMARA,CTG_10235368430,2026-09-30,BER232,SOJA,SOJA,VOLCABLE_PTO_5,VOLCABLE PTO 5,TERMINAL_EMBARQUE,INGRESO,I,2000652,000404070125,0000000003548,10235368430,VIC156856300926,28920,SOJA,VOLCABLE_PTO_5,SAN_LORENZO_VOLCABLE,R7,VOLCABLE_PTO_5,TERMINAL_EMBARQUE,EXCEL_PLATFORM_PRODUCT,EXTERNAL_MATCH_EXACT,ROUTE_NO_DISCHARGE_POINT,"FAZON 2026, FAZON 2026",2026-09-30T18:24:00,2026-09-30T20:11:00,2026-09-30T22:44:00,,,1,,,
ce33ca20-df3,ce33ca20-df3;9ade3dab-0e6;db57d136-81c,3,2026-09-30T15:35:23.297-03:00,2026-10-01T03:12:13.998-03:00,697,CAMARA,CAMARA,CAMARA,CTG_30035392023,2026-09-30,BWV144,PELLETS GIRASOL,PELLETS GIRASOL,,,RICARDONE,EGRESO,E,95500,000301070038,0000300032764,30035392023,,31080,PELLETS GIRASOL,,,R30,,RICARDONE,EXCEL_PLATFORM_PRODUCT,EXTERNAL_MATCH_FRAGMENTED,ROUTE_NO_EVALUABLE,FAZON 2026,2026-09-30T21:32:00,,2026-09-30T22:44:00,,,3,,,
842b41c9-644__cycle_1,842b41c9-644__cycle_1;842b41c9-644__cycle_2,2,2026-09-30T15:47:42.940-03:00,2026-09-30T22:47:06.540-03:00,419,CAMARA,CAMARA,CAMARA,CTG_30035392026,2026-09-30,AZG422,PELLETS GIRASOL,PELLETS GIRASOL,,,RICARDONE,EGRESO,E,95500,000301070039,0000300032765,30035392026,,27720,PELLETS GIRASOL,,,R30,,RICARDONE,EXCEL_PLATFORM_PRODUCT,EXTERNAL_MATCH_FRAGMENTED,ROUTE_NO_EVALUABLE,FAZON 2026,2026-09-30T21:47:00,,2026-09-30T22:48:00,,,2,,,
4df15d5e-cef,4df15d5e-cef;1c917ee3-dbc;93edcfee-1a7,3,2026-09-30T15:58:48.578-03:00,2026-10-01T03:21:48.031-03:00,683,CAMARA,CAMARA,CAMARA,CTG_30035392035,2026-09-30,RRE349,PELLETS GIRASOL,PELLETS GIRASOL,,,RICARDONE,EGRESO,E,95500,000301070040,0000300032766,30035392035,,25000,PELLETS GIRASOL,,,R30,,RICARDONE,EXCEL_PLATFORM_PRODUCT,EXTERNAL_MATCH_FRAGMENTED,ROUTE_NO_EVALUABLE,FAZON 2026,2026-09-30T21:53:00,,2026-09-30T22:56:00,,,3,,,
a90190a2-4d9,a90190a2-4d9;4ad39d7c-519;6248bf88-554,3,2026-09-30T16:16:30.883-03:00,2026-10-01T03:18:41.971-03:00,662,CAMARA,CAMARA,CAMARA,CTG_30035392044,2026-09-30,DFP716,PELLETS GIRASOL,PELLETS GIRASOL,,,RICARDONE,EGRESO,E,95500,000301070041,0000300032767,30035392044,,25520,PELLETS GIRASOL,,,R30,,RICARDONE,EXCEL_PLATFORM_PRODUCT,EXTERNAL_MATCH_FRAGMENTED,ROUTE_NO_EVALUABLE,FAZON 2026,2026-09-30T22:17:00,,2026-09-30T23:01:00,,,3,,,
1da3f3ff-aba,1da3f3ff-aba;173d343a-819,2,2026-09-30T18:19:04.050-03:00,2026-09-30T23:04:14.759-03:00,285,CAMARA,CAMARA,CAMARA,CTG_10135376871,2026-09-30,LDN602,SOJA,SOJA,VOLCABLE_PTO_5,VOLCABLE PTO 5,TERMINAL_EMBARQUE,INGRESO,I,2000655,000404070129,0000000000309,10135376871,VIC274418300926,31360,SOJA,VOLCABLE_PTO_5,SAN_LORENZO_VOLCABLE,R7,VOLCABLE_PTO_5,TERMINAL_EMBARQUE,EXCEL_PLATFORM_PRODUCT,EXTERNAL_MATCH_FRAGMENTED,ROUTE_NO_EVALUABLE,"FAZON 2026, FAZON 2026",2026-09-30T18:20:00,2026-09-30T20:10:00,2026-09-30T23:02:00,,,2,,,
153a83b1-35a,153a83b1-35a;08058514-b94,2,2026-09-30T18:50:19.921-03:00,2026-09-30T23:12:12.950-03:00,262,CAMARA,CAMARA,CAMARA,CTG_10235381192,2026-09-30,AD985IA,SOJA,SOJA,VOLCABLE_PTO_5,VOLCABLE PTO 5,TERMINAL_EMBARQUE,INGRESO,I,2000652,000404070131,0000100001768,10235381192,VIC594483300926,35160,SOJA,VOLCABLE_PTO_5,SAN_LORENZO_VOLCABLE,R7,VOLCABLE_PTO_5,TERMINAL_EMBARQUE,EXCEL_PLATFORM_PRODUCT,EXTERNAL_MATCH_FRAGMENTED,ROUTE_NO_EVALUABLE,"FAZON 2026, FAZON 2026",2026-09-30T18:51:00,2026-09-30T20:16:00,2026-09-30T23:09:00,,,2,,,
bbb863d8-5ad,bbb863d8-5ad;1e3b18b0-9ab;28675b43-02f,3,2026-09-30T16:23:40.588-03:00,2026-10-01T03:21:35.421-03:00,658,CAMARA,CAMARA,CAMARA,CTG_30035392059,2026-09-30,VAJ028,PELLETS GIRASOL,PELLETS GIRASOL,,,RICARDONE,EGRESO,E,95500,000301070042,0000300032768,30035392059,,26980,PELLETS GIRASOL,,,R30,,RICARDONE,EXCEL_PLATFORM_PRODUCT,EXTERNAL_MATCH_FRAGMENTED,ROUTE_NO_EVALUABLE,FAZON 2026,2026-09-30T22:21:00,,2026-09-30T23:11:00,,,3,,,
bd0ab215-7aa,bd0ab215-7aa;d442508b-131;8e62bfe7-b57,3,2026-09-30T14:34:25.590-03:00,2026-10-01T03:24:53.636-03:00,770,CAMARA,CAMARA,CAMARA,COMPROB_000404070133,2026-09-30,SZG666,AGUA INDUSTRIAL,AGUA INDUSTRIAL,ACEITE_OSL,ACEITE OSL,TERMINAL_EMBARQUE,INGRESO,I,11529,000404070133,0001100019326,0,,27520,AGUA INDUSTRIAL,ACEITE_OSL,LIQUIDO,SL1,ACEITE_OSL,TERMINAL_EMBARQUE,EXCEL_PLATFORM_PRODUCT,EXTERNAL_MATCH_FRAGMENTED,ROUTE_NO_EVALUABLE,,2026-09-30T22:01:00,,2026-09-30T23:18:00,,,3,,,
bd3a5956-e41,bd3a5956-e41,1,2026-09-30T20:45:21.709-03:00,2026-10-01T02:56:45.710-03:00,371,CAMARA,CAMARA,CAMARA,CTG_30035392068,2026-09-30,RYJ562,PELLETS GIRASOL,PELLETS GIRASOL,,,RICARDONE,EGRESO,E,95500,000301070043,0000300032769,30035392068,,26100,PELLETS GIRASOL,,,R30,,RICARDONE,EXCEL_PLATFORM_PRODUCT,EXTERNAL_MATCH_EXACT,ROUTE_NO_EVALUABLE,FAZON 2026,2026-09-30T22:22:00,,2026-09-30T23:21:00,,,1,,,
0f8a15a3-db2,0f8a15a3-db2,1,2026-09-30T18:25:09.114-03:00,2026-09-30T23:25:59.961-03:00,301,CAMARA,CAMARA,CAMARA,CTG_10135373476,2026-09-30,MYE678,SOJA,SOJA,VOLCABLE_PTO_5,VOLCABLE PTO 5,TERMINAL_EMBARQUE,INGRESO,I,2000655,000404070135,0000000000865,10135373476,VIC286445300926,36960,SOJA,VOLCABLE_PTO_5,SAN_LORENZO_VOLCABLE,R7,VOLCABLE_PTO_5,TERMINAL_EMBARQUE,EXCEL_PLATFORM_PRODUCT,EXTERNAL_MATCH_EXACT,ROUTE_NO_EVALUABLE,"FAZON 2026, FAZON 2026",2026-09-30T18:26:00,2026-09-30T20:13:00,2026-09-30T23:24:00,,,1,,,
8c31766c-de2,8c31766c-de2;f939544f-6a5;c75196f8-cf5,3,2026-09-30T16:37:08.075-03:00,2026-10-01T03:25:28.552-03:00,648,CAMARA,CAMARA,CAMARA,CTG_30035392072,2026-09-30,SAT582,PELLETS GIRASOL,PELLETS GIRASOL,,,RICARDONE,EGRESO,E,95500,000301070044,0000300032770,30035392072,,29300,PELLETS GIRASOL,,,R30,,RICARDONE,EXCEL_PLATFORM_PRODUCT,EXTERNAL_MATCH_FRAGMENTED,ROUTE_NO_EVALUABLE,FAZON 2026,2026-09-30T22:42:00,,2026-09-30T23:28:00,,,3,,,
579c9d5a-50e,579c9d5a-50e;f77d92f0-587,2,2026-09-30T18:58:18.508-03:00,2026-09-30T23:31:30.253-03:00,273,CAMARA,CAMARA,CAMARA,CTG_10235386575,2026-09-30,FRG064,SOJA,SOJA,VOLCABLE_PTO_5,VOLCABLE PTO 5,TERMINAL_EMBARQUE,INGRESO,I,2000655,000404070137,0000000006525,10235386575,VIC401308300926,28020,SOJA,VOLCABLE_PTO_5,SAN_LORENZO_VOLCABLE,R7,VOLCABLE_PTO_5,TERMINAL_EMBARQUE,EXCEL_PLATFORM_PRODUCT,EXTERNAL_MATCH_FRAGMENTED,ROUTE_NO_EVALUABLE,"FAZON 2026, FAZON 2026",2026-09-30T18:59:00,2026-09-30T20:14:00,2026-09-30T23:29:00,,,2,,,
81e81acc-c34,81e81acc-c34;5f05373d-e88,2,2026-09-30T16:24:23.068-03:00,2026-10-01T03:12:53.777-03:00,649,CAMARA,CAMARA,CAMARA,CTG_30035392082,2026-09-30,BVS300,PELLETS GIRASOL,PELLETS GIRASOL,,,RICARDONE,EGRESO,E,95500,000301070045,0000300032771,30035392082,,29500,PELLETS GIRASOL,,,R30,,RICARDONE,EXCEL_PLATFORM_PRODUCT,EXTERNAL_MATCH_FRAGMENTED,ROUTE_NO_EVALUABLE,FAZON 2026,2026-09-30T22:33:00,,2026-09-30T23:41:00,,,2,,,
e6e3aadc-3fa,e6e3aadc-3fa;4e82aad2-e5b,2,2026-09-30T17:31:38.046-03:00,2026-09-30T23:44:50.493-03:00,373,CAMARA,CAMARA,CAMARA,CTG_10235379950,2026-09-30,IIY525,SOJA,SOJA,VOLCABLE_PTO_5,VOLCABLE PTO 5,TERMINAL_EMBARQUE,INGRESO,I,2000652,000404070140,0000100001765,10235379950,VIC746397300926,28220,SOJA,VOLCABLE_PTO_5,SAN_LORENZO_VOLCABLE,R7,VOLCABLE_PTO_5,TERMINAL_EMBARQUE,EXCEL_PLATFORM_PRODUCT,EXTERNAL_MATCH_FRAGMENTED,ROUTE_NO_EVALUABLE,"FAZON 2026, FAZON 2026",2026-09-30T17:33:00,2026-09-30T20:01:00,2026-09-30T23:44:00,,,2,,,
5b21cdbd-5d5,5b21cdbd-5d5,1,2026-09-30T16:29:28.128-03:00,2026-09-30T17:52:20.709-03:00,83,CAMARA,CAMARA,CAMARA,CTG_30035392086,2026-09-30,UWX998,PELLETS GIRASOL,PELLETS GIRASOL,,,RICARDONE,EGRESO,E,95500,000301070046,0000300032772,30035392086,,27500,PELLETS GIRASOL,,,R30,,RICARDONE,EXCEL_PLATFORM_PRODUCT,EXTERNAL_MATCH_PROBABLE,ROUTE_NO_EVALUABLE,FAZON 2026,2026-09-30T22:34:00,,2026-09-30T23:46:00,,,1,,,
0bbb9582-24b,0bbb9582-24b,1,2026-09-30T22:42:10.517-03:00,2026-10-01T00:51:15.884-03:00,129,CAMARA,CAMARA,CAMARA,CTG_30035392089,2026-09-30,CGV979,PELLETS GIRASOL,PELLETS GIRASOL,,,RICARDONE,EGRESO,E,95500,000301070047,0000300032773,30035392089,,29380,PELLETS GIRASOL,,,R30,,RICARDONE,EXCEL_PLATFORM_PRODUCT,EXTERNAL_MATCH_EXACT,ROUTE_NO_DISCHARGE_POINT,FAZON 2026,2026-09-30T22:43:00,,2026-09-30T23:49:00,,,1,,,
11c82985-294,11c82985-294;54807c64-a09,2,2026-09-30T17:03:56.409-03:00,2026-10-01T03:24:43.643-03:00,621,CAMARA,CAMARA,CAMARA,CTG_30035392092,2026-09-30,EEW075,PELLETS GIRASOL,PELLETS GIRASOL,,,RICARDONE,EGRESO,E,95500,000301070048,0000300032774,30035392092,,23700,PELLETS GIRASOL,,,R30,,RICARDONE,EXCEL_PLATFORM_PRODUCT,EXTERNAL_MATCH_FRAGMENTED,ROUTE_NO_EVALUABLE,FAZON 2026,2026-09-30T22:56:00,,2026-09-30T23:53:00,,,2,,,