journey_key,journey_parts,nivel,origen,plate,circuito_code,circuito_label,clasificacion,motivo,eventos,inicio_at,fin_at,total_min,coverage_percent,secuencia_observada,planta_origen,tiene_contrato
77b7f9ff-a7f__b345bf87-39b,b345bf87-39b;77b7f9ff-a7f,,CLASIFICADO,AE260HD,SIN_PUNTO,Sin punto instrumentado (sólidos),INCOMPLETO,EVIDENCIA_INSUFICIENTE_SIN_CONTRATO,3,,,,0,BALANZA_EGRESO>EGRESO>BALANZA_INGRESO,UNKNOWN,NO
58bdb447-30e__f21ffe5f-468,58bdb447-30e;f21ffe5f-468,,CLASIFICADO,RVG025,R7,Ricardone → San Lorenzo,DEDUCIDO,EVIDENCIA_INSUFICIENTE_SIN_CONTRATO,3,,,,80,PREINGRESO>EGRESO>SL_INGRESO,UNKNOWN,NO
e3ddb3a7-80a,e3ddb3a7-80a,,CLASIFICADO,IIH063,R7,Ricardone → San Lorenzo,DEDUCIDO,EVIDENCIA_INSUFICIENTE_SIN_CONTRATO,3,,,,80,PREINGRESO>CALADA>SL_INGRESO,UNKNOWN,NO
8bf2d8d0-64c,8bf2d8d0-64c,,CLASIFICADO,AA440NA,R7,Ricardone → San Lorenzo,DEDUCIDO,EVIDENCIA_INSUFICIENTE_SIN_CONTRATO,3,,,,80,PREINGRESO>CALADA>EGRESO,UNKNOWN,NO
18d8d7f8-d69,18d8d7f8-d69,,CLASIFICADO,IKN203,R7,Ricardone → San Lorenzo,INCOMPLETO,EVIDENCIA_INSUFICIENTE_SIN_CONTRATO,2,2026-09-27T10:27:44.704-03:00,2026-09-27T10:31:15.570-03:00,4,80,PREINGRESO>EGRESO,UNKNOWN,NO
20e0210b-4f0__cycle_1,20e0210b-4f0,,CLASIFICADO,RQM480,SIN_PUNTO,Sin punto instrumentado (sólidos),INCOMPLETO,EVIDENCIA_INSUFICIENTE_SIN_CONTRATO,2,,,,0,PREINGRESO>CALADA,UNKNOWN,NO
7259eac4-eaf,7259eac4-eaf,,CLASIFICADO,VBL713,R7,Ricardone → San Lorenzo,INCOMPLETO,EVIDENCIA_INSUFICIENTE_SIN_CONTRATO,2,,,,80,PREINGRESO>EGRESO,UNKNOWN,NO
25dabd91-8c1__cycle_1,25dabd91-8c1,,CLASIFICADO,AB473FA,SIN_PUNTO,Sin punto instrumentado (sólidos),INCOMPLETO,EVIDENCIA_INSUFICIENTE_SIN_CONTRATO,2,,,,0,PREINGRESO>CALADA,UNKNOWN,NO
dcb8a990-1a9,dcb8a990-1a9,,CLASIFICADO,AA323QO,R7,Ricardone → San Lorenzo,INCOMPLETO,EVIDENCIA_INSUFICIENTE_SIN_CONTRATO,2,,,,80,PREINGRESO>EGRESO,UNKNOWN,NO
17f91885-ef8__cycle_1,17f91885-ef8,,CLASIFICADO,AMY077,SIN_PUNTO,Sin punto instrumentado (sólidos),INCOMPLETO,EVIDENCIA_INSUFICIENTE_SIN_CONTRATO,2,,,,0,PREINGRESO>CALADA,UNKNOWN,NO
1026a21d-baf__cycle_2,1026a21d-baf,,CLASIFICADO,AYK824,R5,Recepción Volcable 1,INCOMPLETO,EVIDENCIA_INSUFICIENTE_SIN_CONTRATO,2,,,,67,VOLCABLE,UNKNOWN,NO
3d9e89d0-2c7__cycle_1,3d9e89d0-2c7,,CLASIFICADO,AC005HT,SIN_PUNTO,Sin punto instrumentado (sólidos),INCOMPLETO,EVIDENCIA_INSUFICIENTE_SIN_CONTRATO,3,,,,0,PREINGRESO>CALADA,UNKNOWN,NO
dbc712da-45c,dbc712da-45c,,CLASIFICADO,STK680,SIN_PUNTO,Sin punto instrumentado (sólidos),INCOMPLETO,EVIDENCIA_INSUFICIENTE_SIN_CONTRATO,2,,,,0,CALADA>EGRESO,UNKNOWN,NO
274f5b75-636,274f5b75-636,,CLASIFICADO,CNR614,R5,Recepción Volcable 1,INCOMPLETO,EVIDENCIA_INSUFICIENTE_SIN_CONTRATO,2,,,,67,PREINGRESO>VOLCABLE,UNKNOWN,NO
5b3a904b-93c__cycle_1,5b3a904b-93c,,CLASIFICADO,VUB780,R5,Recepción Volcable 1,DEDUCIDO,EVIDENCIA_INSUFICIENTE_SIN_CONTRATO,3,,,,67,PREINGRESO>CALADA>VOLCABLE,UNKNOWN,NO
3cd56c47-53f__cycle_1,3cd56c47-53f,,CLASIFICADO,AA612YW,SIN_PUNTO,Sin punto instrumentado (sólidos),INCOMPLETO,EVIDENCIA_INSUFICIENTE_SIN_CONTRATO,2,,,,0,BALANZA_INGRESO>BALANZA_EGRESO,UNKNOWN,NO
2d4f561b-a13,2d4f561b-a13,,CLASIFICADO,AH929KW,R7,Ricardone → San Lorenzo,DEDUCIDO,EVIDENCIA_INSUFICIENTE_SIN_CONTRATO,3,,,,80,PREINGRESO>CALADA>EGRESO,UNKNOWN,NO
d3dbacc4-4fc__cycle_1,d3dbacc4-4fc,,CLASIFICADO,FQX760,SIN_PUNTO,Sin punto instrumentado (sólidos),INCOMPLETO,EVIDENCIA_INSUFICIENTE_SIN_CONTRATO,2,,,,0,BALANZA_INGRESO>BALANZA_EGRESO,UNKNOWN,NO
7a924fbc-e91,7a924fbc-e91,,CLASIFICADO,OWB603,SIN_PUNTO,Sin punto instrumentado (sólidos),INCOMPLETO,EVIDENCIA_INSUFICIENTE_SIN_CONTRATO,2,,,,0,BALANZA_INGRESO>BALANZA_EGRESO,UNKNOWN,NO
3ebebf94-97c,3ebebf94-97c,,CLASIFICADO,ONS723,SIN_PUNTO,Sin punto instrumentado (sólidos),INCOMPLETO,EVIDENCIA_INSUFICIENTE_SIN_CONTRATO,3,,,,0,BALANZA_INGRESO>BALANZA_EGRESO>SL_EGRESO,UNKNOWN,NO
d7b74623-616,d7b74623-616,,CLASIFICADO,JQT741,R7,Ricardone → San Lorenzo,DEDUCIDO,EVIDENCIA_INSUFICIENTE_SIN_CONTRATO,3,,,,80,PREINGRESO>CALADA>EGRESO,UNKNOWN,NO
7bc993e9-1e5__cycle_1,7bc993e9-1e5,,CLASIFICADO,AI217QP,SIN_PUNTO,Sin punto instrumentado (sólidos),INCOMPLETO,EVIDENCIA_INSUFICIENTE_SIN_CONTRATO,2,,,,0,BALANZA_INGRESO>BALANZA_EGRESO,UNKNOWN,NO
cb99eb0a-e93,cb99eb0a-e93,,CLASIFICADO,AC081UU,SIN_PUNTO,Sin punto instrumentado (sólidos),INCOMPLETO,EVIDENCIA_INSUFICIENTE_SIN_CONTRATO,2,,,,0,BALANZA_INGRESO>BALANZA_EGRESO,UNKNOWN,NO
cd3215c8-c3d__cycle_1,cd3215c8-c3d,,CLASIFICADO,AG862BR,SIN_PUNTO,Sin punto instrumentado (sólidos),INCOMPLETO,EVIDENCIA_INSUFICIENTE_SIN_CONTRATO,2,,,,0,BALANZA_INGRESO>BALANZA_EGRESO,UNKNOWN,NO
6bedec49-ec9,6bedec49-ec9,,CLASIFICADO,AB165BG,SIN_PUNTO,Sin punto instrumentado (sólidos),INCOMPLETO,EVIDENCIA_INSUFICIENTE_SIN_CONTRATO,2,,,,0,BALANZA_INGRESO>BALANZA_EGRESO,UNKNOWN,NO
15232f73-a32,15232f73-a32,,CLASIFICADO,AF638KW,SIN_PUNTO,Sin punto instrumentado (sólidos),INCOMPLETO,EVIDENCIA_INSUFICIENTE_SIN_CONTRATO,2,,,,0,BALANZA_INGRESO>BALANZA_EGRESO,UNKNOWN,NO
9563181c-92b,9563181c-92b,,CLASIFICADO,GGY082,R7,Ricardone → San Lorenzo,DEDUCIDO,EVIDENCIA_INSUFICIENTE_SIN_CONTRATO,3,,,,80,PREINGRESO>CALADA>EGRESO,UNKNOWN,NO
1c0c9cb7-0fb,1c0c9cb7-0fb,,CLASIFICADO,AB501TX,SIN_PUNTO,Sin punto instrumentado (sólidos),INCOMPLETO,EVIDENCIA_INSUFICIENTE_SIN_CONTRATO,2,,,,0,BALANZA_INGRESO>BALANZA_EGRESO,UNKNOWN,NO
8317c31e-fed__cycle_2,8317c31e-fed,,CLASIFICADO,AYW824,R6,Recepción Volcable 2,INCOMPLETO,EVIDENCIA_INSUFICIENTE_SIN_CONTRATO,2,,,,67,VOLCABLE,UNKNOWN,NO
04ec348a-f42__cycle_1,04ec348a-f42,,CLASIFICADO,AC993CK,SIN_PUNTO,Sin punto instrumentado (sólidos),INCOMPLETO,EVIDENCIA_INSUFICIENTE_SIN_CONTRATO,2,,,,0,PREINGRESO>CALADA,UNKNOWN,NO
2bfc99ff-444,2bfc99ff-444,,CLASIFICADO,AB311GW,R7,Ricardone → San Lorenzo,INCOMPLETO,EVIDENCIA_INSUFICIENTE_SIN_CONTRATO,2,,,,80,PREINGRESO>EGRESO,UNKNOWN,NO
3ee11523-680,3ee11523-680,,CLASIFICADO,AE260KA,R7,Ricardone → San Lorenzo,INCOMPLETO,EVIDENCIA_INSUFICIENTE_SIN_CONTRATO,2,,,,80,PREINGRESO>EGRESO,UNKNOWN,NO
52082c54-b55__cycle_1,52082c54-b55,,CLASIFICADO,OVK247,SIN_PUNTO,Sin punto instrumentado (sólidos),INCOMPLETO,EVIDENCIA_INSUFICIENTE_SIN_CONTRATO,2,,,,0,PREINGRESO>CALADA,UNKNOWN,NO
e34c47ac-fd4,e34c47ac-fd4,,CLASIFICADO,COD587,SIN_PUNTO,Sin punto instrumentado (sólidos),INCOMPLETO,EVIDENCIA_INSUFICIENTE_SIN_CONTRATO,2,,,,0,PREINGRESO>CALADA,UNKNOWN,NO
49733841-e30,49733841-e30,,CLASIFICADO,UPM705,R7,Ricardone → San Lorenzo,INCOMPLETO,EVIDENCIA_INSUFICIENTE_SIN_CONTRATO,2,,,,80,PREINGRESO>EGRESO,UNKNOWN,NO
77b7f9ff-a7f__cycle_2,77b7f9ff-a7f,,CLASIFICADO,AE260HD,SIN_PUNTO,Sin punto instrumentado (sólidos),INCOMPLETO,EVIDENCIA_INSUFICIENTE_SIN_CONTRATO,3,,,,0,BALANZA_EGRESO>PREINGRESO>BALANZA_INGRESO,UNKNOWN,NO
0632d816-d40,0632d816-d40,,CLASIFICADO,AD013ZP,SIN_PUNTO,Sin punto instrumentado (sólidos),INCOMPLETO,EVIDENCIA_INSUFICIENTE_SIN_CONTRATO,2,,,,0,BALANZA_INGRESO>BALANZA_EGRESO,UNKNOWN,NO
586469c3-eab__cycle_1,586469c3-eab,,CLASIFICADO,JCT961,SIN_PUNTO,Sin punto instrumentado (sólidos),INCOMPLETO,EVIDENCIA_INSUFICIENTE_SIN_CONTRATO,2,,,,0,BALANZA_INGRESO>BALANZA_EGRESO,UNKNOWN,NO
0609d5de-dc7__cycle_1,0609d5de-dc7,,CLASIFICADO,MVG273,SIN_PUNTO,Sin punto instrumentado (sólidos),INCOMPLETO,EVIDENCIA_INSUFICIENTE_SIN_CONTRATO,2,,,,0,BALANZA_INGRESO>BALANZA_EGRESO,UNKNOWN,NO
62108665-101,62108665-101,,CLASIFICADO,AE817FH,SIN_PUNTO,Sin punto instrumentado (sólidos),INCOMPLETO,EVIDENCIA_INSUFICIENTE_SIN_CONTRATO,3,,,,0,BALANZA_INGRESO>BALANZA_EGRESO>SL_EGRESO,UNKNOWN,NO
d426fa01-bd0__cycle_1,d426fa01-bd0,,CLASIFICADO,JUE083,SIN_PUNTO,Sin punto instrumentado (sólidos),INCOMPLETO,EVIDENCIA_INSUFICIENTE_SIN_CONTRATO,2,,,,0,BALANZA_INGRESO>BALANZA_EGRESO,UNKNOWN,NO
f236e309-d28__cycle_1,f236e309-d28,,CLASIFICADO,HLT270,SIN_PUNTO,Sin punto instrumentado (sólidos),INCOMPLETO,EVIDENCIA_INSUFICIENTE_SIN_CONTRATO,2,,,,0,BALANZA_INGRESO>BALANZA_EGRESO,UNKNOWN,NO
94a6b3e6-a35__cycle_1,94a6b3e6-a35,,CLASIFICADO,OZK568,SIN_PUNTO,Sin punto instrumentado (sólidos),INCOMPLETO,EVIDENCIA_INSUFICIENTE_SIN_CONTRATO,2,,,,0,BALANZA_INGRESO>BALANZA_EGRESO,UNKNOWN,NO
d15e641a-f53__cycle_1,d15e641a-f53,,CLASIFICADO,AF378MD,SIN_PUNTO,Sin punto instrumentado (sólidos),INCOMPLETO,EVIDENCIA_INSUFICIENTE_SIN_CONTRATO,2,,,,0,BALANZA_INGRESO>BALANZA_EGRESO,UNKNOWN,NO
c8ab1e7a-779,c8ab1e7a-779,,CLASIFICADO,AH807KV,SIN_PUNTO,Sin punto instrumentado (sólidos),INCOMPLETO,EVIDENCIA_INSUFICIENTE_SIN_CONTRATO,2,,,,0,BALANZA_INGRESO>BALANZA_EGRESO,UNKNOWN,NO
12508df8-a5d__cycle_1,12508df8-a5d,,CLASIFICADO,AH296BC,SIN_PUNTO,Sin punto instrumentado (sólidos),INCOMPLETO,EVIDENCIA_INSUFICIENTE_SIN_CONTRATO,2,,,,0,BALANZA_INGRESO>BALANZA_EGRESO,UNKNOWN,NO
3a291d78-cf1,3a291d78-cf1,,CLASIFICADO,AG700CR,SIN_PUNTO,Sin punto instrumentado (sólidos),INCOMPLETO,EVIDENCIA_INSUFICIENTE_SIN_CONTRATO,3,,,,0,BALANZA_INGRESO>BALANZA_EGRESO>SL_EGRESO,UNKNOWN,NO
f6935cbc-d10,f6935cbc-d10,,CLASIFICADO,AH996RE,SIN_PUNTO,Sin punto instrumentado (sólidos),INCOMPLETO,EVIDENCIA_INSUFICIENTE_SIN_CONTRATO,2,,,,0,BALANZA_INGRESO>BALANZA_EGRESO,UNKNOWN,NO
12d74e22-104,12d74e22-104,,CLASIFICADO,PDI020,SIN_PUNTO,Sin punto instrumentado (sólidos),INCOMPLETO,EVIDENCIA_INSUFICIENTE_SIN_CONTRATO,2,,,,0,BALANZA_INGRESO>BALANZA_EGRESO,UNKNOWN,NO
c19e07c4-002__cycle_2,c19e07c4-002,,CLASIFICADO,AA727AN,SIN_PUNTO,Sin punto instrumentado (sólidos),INCOMPLETO,EVIDENCIA_INSUFICIENTE_SIN_CONTRATO,2,,,,0,BALANZA_INGRESO>BALANZA_EGRESO,UNKNOWN,NO
67ec1552-664__cycle_2,67ec1552-664,,CLASIFICADO,AYB759,R7,Ricardone → San Lorenzo,INCOMPLETO,EVIDENCIA_INSUFICIENTE_SIN_CONTRATO,2,2026-09-29T10:41:59.390-03:00,2026-09-29T12:25:07.303-03:00,103,80,PREINGRESO>EGRESO,UNKNOWN,NO
7b9f86ad-c0d,7b9f86ad-c0d,,CLASIFICADO,GSY562,SIN_PUNTO,Sin punto instrumentado (sólidos),INCOMPLETO,EVIDENCIA_INSUFICIENTE_SIN_CONTRATO,2,,,,0,BALANZA_INGRESO>BALANZA_EGRESO,UNKNOWN,NO
a1c90283-a8f__cycle_1,a1c90283-a8f,,CLASIFICADO,AG275GX,SIN_PUNTO,Sin punto instrumentado (sólidos),INCOMPLETO,EVIDENCIA_INSUFICIENTE_SIN_CONTRATO,2,,,,0,BALANZA_INGRESO>BALANZA_EGRESO,UNKNOWN,NO
fc2a994a-3d8__cycle_2,fc2a994a-3d8,,CLASIFICADO,DGR440,R7,Ricardone → San Lorenzo,INCOMPLETO,EVIDENCIA_INSUFICIENTE_SIN_CONTRATO,2,2026-09-29T11:15:25.027-03:00,2026-09-29T12:25:42.986-03:00,70,80,PREINGRESO>EGRESO,UNKNOWN,NO
5719623b-c9d__cycle_2,5719623b-c9d,,CLASIFICADO,CRJ139,R7,Ricardone → San Lorenzo,INCOMPLETO,EVIDENCIA_INSUFICIENTE_SIN_CONTRATO,2,2026-09-29T11:22:39.532-03:00,2026-09-29T12:28:22.754-03:00,66,80,PREINGRESO>EGRESO,UNKNOWN,NO
0437082c-38e,0437082c-38e,,CLASIFICADO,AF058SX,SIN_PUNTO,Sin punto instrumentado (sólidos),INCOMPLETO,EVIDENCIA_INSUFICIENTE_SIN_CONTRATO,2,,,,0,BALANZA_INGRESO>BALANZA_EGRESO,UNKNOWN,NO
639a16d3-a48,639a16d3-a48,,CLASIFICADO,PJR664,SIN_PUNTO,Sin punto instrumentado (sólidos),INCOMPLETO,EVIDENCIA_INSUFICIENTE_SIN_CONTRATO,2,,,,0,BALANZA_INGRESO>BALANZA_EGRESO,UNKNOWN,NO
dcc1d585-608__cycle_1,dcc1d585-608,,CLASIFICADO,AG408SM,SIN_PUNTO,Sin punto instrumentado (sólidos),INCOMPLETO,EVIDENCIA_INSUFICIENTE_SIN_CONTRATO,2,,,,0,BALANZA_INGRESO>BALANZA_EGRESO,UNKNOWN,NO
3d84051e-7af__cycle_1,3d84051e-7af,,CLASIFICADO,AD049SR,SIN_PUNTO,Sin punto instrumentado (sólidos),INCOMPLETO,EVIDENCIA_INSUFICIENTE_SIN_CONTRATO,2,,,,0,BALANZA_INGRESO>BALANZA_EGRESO,UNKNOWN,NO
9e08b4c3-bc3,9e08b4c3-bc3,,CLASIFICADO,RLP943,R7,Ricardone → San Lorenzo,INCOMPLETO,EVIDENCIA_INSUFICIENTE_SIN_CONTRATO,2,2026-09-29T13:51:23.253-03:00,2026-09-29T13:54:21.937-03:00,3,80,PREINGRESO>EGRESO,UNKNOWN,NO
f5961090-0b2,f5961090-0b2,,CLASIFICADO,AB912RO,SIN_PUNTO,Sin punto instrumentado (sólidos),INCOMPLETO,EVIDENCIA_INSUFICIENTE_SIN_CONTRATO,2,,,,0,BALANZA_INGRESO>BALANZA_EGRESO,UNKNOWN,NO
9add578b-d5c__cycle_3,9add578b-d5c,,CLASIFICADO,BLL295,SIN_PUNTO,Sin punto instrumentado (sólidos),INCOMPLETO,EVIDENCIA_INSUFICIENTE_SIN_CONTRATO,3,,,,0,PREINGRESO>CALADA>PLAYA,UNKNOWN,NO
d7bf109e-4d8__cycle_2,d7bf109e-4d8,,CLASIFICADO,DPT309,R6,Recepción Volcable 2,INCOMPLETO,EVIDENCIA_INSUFICIENTE_SIN_CONTRATO,2,,,,67,VOLCABLE>BALANZA_EGRESO,UNKNOWN,NO
9ebe7819-076,9ebe7819-076,,CLASIFICADO,AF16910,SIN_PUNTO,Sin punto instrumentado (sólidos),INCOMPLETO,EVIDENCIA_INSUFICIENTE_SIN_CONTRATO,2,,,,0,CALADA>EGRESO,UNKNOWN,NO
37f0aa06-b4d,37f0aa06-b4d,,CLASIFICADO,ICC174,SIN_PUNTO,Sin punto instrumentado (sólidos),INCOMPLETO,EVIDENCIA_INSUFICIENTE_SIN_CONTRATO,2,,,,0,PREINGRESO>CALADA,UNKNOWN,NO
9add578b-d5c__cycle_4,9add578b-d5c,,CLASIFICADO,BLL295,R6,Recepción Volcable 2,INCOMPLETO,EVIDENCIA_INSUFICIENTE_SIN_CONTRATO,2,,,,67,VOLCABLE>BALANZA_EGRESO,UNKNOWN,NO
d6c19246-745,d6c19246-745,,CLASIFICADO,IJGE107,R7,Ricardone → San Lorenzo,INCOMPLETO,EVIDENCIA_INSUFICIENTE_SIN_CONTRATO,2,,,,80,PREINGRESO>EGRESO,UNKNOWN,NO
d23809fa-23c__cycle_4,d23809fa-23c,,CLASIFICADO,ROL445,R7,Ricardone → San Lorenzo,INCOMPLETO,EVIDENCIA_INSUFICIENTE_SIN_CONTRATO,2,,,,80,PREINGRESO>EGRESO,UNKNOWN,NO
cd3215c8-c3d__cycle_2,cd3215c8-c3d,,CLASIFICADO,AG862BR,SIN_PUNTO,Sin punto instrumentado (sólidos),INCOMPLETO,EVIDENCIA_INSUFICIENTE_SIN_CONTRATO,3,,,,0,BALANZA_INGRESO>BALANZA_EGRESO>SL_EGRESO,UNKNOWN,NO
77b7f9ff-a7f__cycle_3,77b7f9ff-a7f,,CLASIFICADO,AE260HD,SIN_PUNTO,Sin punto instrumentado (sólidos),INCOMPLETO,EVIDENCIA_INSUFICIENTE_SIN_CONTRATO,2,,,,0,BALANZA_EGRESO>EGRESO,UNKNOWN,NO
c8b86a87-72d__cycle_1,c8b86a87-72d,,CLASIFICADO,AH185MZ,SIN_PUNTO,Sin punto instrumentado (sólidos),INCOMPLETO,EVIDENCIA_INSUFICIENTE_SIN_CONTRATO,2,,,,0,BALANZA_INGRESO>BALANZA_EGRESO,UNKNOWN,NO
c1a9bc29-bc5,c1a9bc29-bc5,,CLASIFICADO,AF301JV,SIN_PUNTO,Sin punto instrumentado (sólidos),INCOMPLETO,EVIDENCIA_INSUFICIENTE_SIN_CONTRATO,3,,,,0,BALANZA_INGRESO>BALANZA_EGRESO>SL_EGRESO,UNKNOWN,NO
7bc993e9-1e5__cycle_4,7bc993e9-1e5,,CLASIFICADO,AI217QP,SIN_PUNTO,Sin punto instrumentado (sólidos),INCOMPLETO,EVIDENCIA_INSUFICIENTE_SIN_CONTRATO,3,,,,0,BALANZA_INGRESO>BALANZA_EGRESO>SL_EGRESO,UNKNOWN,NO
2fa15866-279__cycle_1,2fa15866-279,,CLASIFICADO,AE228GK,SIN_PUNTO,Sin punto instrumentado (sólidos),INCOMPLETO,EVIDENCIA_INSUFICIENTE_SIN_CONTRATO,2,,,,0,BALANZA_INGRESO>BALANZA_EGRESO,UNKNOWN,NO
d4c2a0a6-8c8,d4c2a0a6-8c8,,CLASIFICADO,AF281CI,R7,Ricardone → San Lorenzo,INCOMPLETO,EVIDENCIA_INSUFICIENTE_SIN_CONTRATO,2,,,,80,PREINGRESO>EGRESO,UNKNOWN,NO
175e843e-75a,175e843e-75a,,CLASIFICADO,JEW583,SIN_PUNTO,Sin punto instrumentado (sólidos),INCOMPLETO,EVIDENCIA_INSUFICIENTE_SIN_CONTRATO,2,,,,0,BALANZA_INGRESO>BALANZA_EGRESO,UNKNOWN,NO
199cbd55-209,199cbd55-209,,CLASIFICADO,PNO784,R7,Ricardone → San Lorenzo,DEDUCIDO,EVIDENCIA_INSUFICIENTE_SIN_CONTRATO,3,2026-09-30T10:25:08.804-03:00,2026-09-30T12:24:29.127-03:00,119,80,PREINGRESO>CALADA>EGRESO,UNKNOWN,NO
88c67684-584,88c67684-584,,CLASIFICADO,EFC338,R8,Recepción Mercadería Líquida,INCOMPLETO,EVIDENCIA_INSUFICIENTE_SIN_CONTRATO,3,,,,63,PREINGRESO>LIQUIDO>EGRESO,UNKNOWN,NO
f763311a-4c5,f763311a-4c5,,CLASIFICADO,JPH442,SIN_PUNTO,Sin punto instrumentado (sólidos),INCOMPLETO,EVIDENCIA_INSUFICIENTE_SIN_CONTRATO,2,,,,0,BALANZA_INGRESO>BALANZA_EGRESO,UNKNOWN,NO
6f288747-2dc,6f288747-2dc,,CLASIFICADO,AB899MI,SIN_PUNTO,Sin punto instrumentado (sólidos),INCOMPLETO,EVIDENCIA_INSUFICIENTE_SIN_CONTRATO,2,,,,0,BALANZA_INGRESO>BALANZA_EGRESO,UNKNOWN,NO
9852017f-18f__cycle_1,9852017f-18f,,CLASIFICADO,AD001TD,SIN_PUNTO,Sin punto instrumentado (sólidos),INCOMPLETO,EVIDENCIA_INSUFICIENTE_SIN_CONTRATO,2,,,,0,BALANZA_INGRESO>BALANZA_EGRESO,UNKNOWN,NO
4fe01111-9e9,4fe01111-9e9,,CLASIFICADO,AF785ZF,SIN_PUNTO,Sin punto instrumentado (sólidos),INCOMPLETO,EVIDENCIA_INSUFICIENTE_SIN_CONTRATO,3,,,,0,BALANZA_INGRESO>BALANZA_EGRESO>SL_EGRESO,UNKNOWN,NO
a86d563f-e49,a86d563f-e49,,CLASIFICADO,AH049ID,SIN_PUNTO,Sin punto instrumentado (sólidos),INCOMPLETO,EVIDENCIA_INSUFICIENTE_SIN_CONTRATO,3,,,,0,BALANZA_INGRESO>BALANZA_EGRESO>SL_EGRESO,UNKNOWN,NO
b16afac1-7ea__cycle_1,b16afac1-7ea,,CLASIFICADO,PDQ847,SIN_PUNTO,Sin punto instrumentado (sólidos),INCOMPLETO,EVIDENCIA_INSUFICIENTE_SIN_CONTRATO,2,,,,0,BALANZA_INGRESO>BALANZA_EGRESO,UNKNOWN,NO
a6a9555a-d52,a6a9555a-d52,,CLASIFICADO,EPC180,R7,Ricardone → San Lorenzo,DEDUCIDO,EVIDENCIA_INSUFICIENTE_SIN_CONTRATO,3,2026-09-30T14:43:41.438-03:00,2026-09-30T19:11:51.882-03:00,268,80,PREINGRESO>CALADA>EGRESO,UNKNOWN,NO
d1db1bf4-2a0,d1db1bf4-2a0,,CLASIFICADO,CSC234,SIN_PUNTO,Sin punto instrumentado (sólidos),INCOMPLETO,EVIDENCIA_INSUFICIENTE_SIN_CONTRATO,2,,,,0,PREINGRESO>CALADA,UNKNOWN,NO
0257a2b9-6c0__cycle_3,0257a2b9-6c0,,CLASIFICADO,RTA146,SIN_PUNTO,Sin punto instrumentado (sólidos),INCOMPLETO,EVIDENCIA_INSUFICIENTE_SIN_CONTRATO,3,,,,0,PREINGRESO>PLAYA>BALANZA_EGRESO,UNKNOWN,NO
46ff4c9f-745,46ff4c9f-745,,CLASIFICADO,BOH961,SIN_PUNTO,Sin punto instrumentado (sólidos),INCOMPLETO,EVIDENCIA_INSUFICIENTE_SIN_CONTRATO,2,,,,0,PREINGRESO>BALANZA_EGRESO,UNKNOWN,NO
7d2613f3-1d6__cycle_1,7d2613f3-1d6,,CLASIFICADO,AE260HD,SIN_PUNTO,Sin punto instrumentado (sólidos),INCOMPLETO,EVIDENCIA_INSUFICIENTE_SIN_CONTRATO,2,,,,0,BALANZA_INGRESO>BALANZA_EGRESO,UNKNOWN,NO
2d814fde-dd1,2d814fde-dd1,,CLASIFICADO,AA52800,SIN_PUNTO,Sin punto instrumentado (sólidos),INCOMPLETO,EVIDENCIA_INSUFICIENTE_SIN_CONTRATO,3,,,,0,PREINGRESO>CALADA>SL_EGRESO,UNKNOWN,NO
88b49f1d-167,88b49f1d-167,,CLASIFICADO,PGO317,SIN_PUNTO,Sin punto instrumentado (sólidos),INCOMPLETO,EVIDENCIA_INSUFICIENTE_SIN_CONTRATO,2,,,,0,CALADA>EGRESO,UNKNOWN,NO
7260bf6d-7d5__cycle_2,7260bf6d-7d5,,CLASIFICADO,AG644XU,SIN_PUNTO,Sin punto instrumentado (sólidos),INCOMPLETO,EVIDENCIA_INSUFICIENTE_SIN_CONTRATO,3,,,,0,BALANZA_INGRESO>BALANZA_EGRESO>BALANZA_INGRESO,UNKNOWN,NO
4257a3f9-328__cycle_1,4257a3f9-328,,CLASIFICADO,AA689GI,SIN_PUNTO,Sin punto instrumentado (sólidos),INCOMPLETO,EVIDENCIA_INSUFICIENTE_SIN_CONTRATO,2,,,,0,BALANZA_INGRESO>BALANZA_EGRESO,UNKNOWN,NO
9852017f-18f__cycle_2,9852017f-18f,,CLASIFICADO,AD001TD,SIN_PUNTO,Sin punto instrumentado (sólidos),INCOMPLETO,EVIDENCIA_INSUFICIENTE_SIN_CONTRATO,3,,,,0,BALANZA_INGRESO>BALANZA_EGRESO>SL_EGRESO,UNKNOWN,NO
d1f5c16c-d30,d1f5c16c-d30,,CLASIFICADO,MYW261,SIN_PUNTO,Sin punto instrumentado (sólidos),INCOMPLETO,EVIDENCIA_INSUFICIENTE_SIN_CONTRATO,3,,,,0,BALANZA_INGRESO>BALANZA_EGRESO>SL_EGRESO,UNKNOWN,NO
c8b86a87-72d__cycle_2,c8b86a87-72d,,CLASIFICADO,AH185MZ,SIN_PUNTO,Sin punto instrumentado (sólidos),INCOMPLETO,EVIDENCIA_INSUFICIENTE_SIN_CONTRATO,3,,,,0,BALANZA_INGRESO>BALANZA_EGRESO>SL_EGRESO,UNKNOWN,NO
561cc4c7-8a3,561cc4c7-8a3,,CLASIFICADO,AD177KS,SIN_PUNTO,Sin punto instrumentado (sólidos),INCOMPLETO,EVIDENCIA_INSUFICIENTE_SIN_CONTRATO,2,,,,0,BALANZA_INGRESO>BALANZA_EGRESO,UNKNOWN,NO
70ce6bdd-340,70ce6bdd-340,,CLASIFICADO,TAS064,R7,Ricardone → San Lorenzo,INCOMPLETO,EVIDENCIA_INSUFICIENTE_SIN_CONTRATO,2,,,,80,PREINGRESO>EGRESO,UNKNOWN,NO
e7661520-b6f,e7661520-b6f,,CLASIFICADO,AD468VC,SIN_PUNTO,Sin punto instrumentado (sólidos),INCOMPLETO,EVIDENCIA_INSUFICIENTE_SIN_CONTRATO,3,,,,0,BALANZA_INGRESO>BALANZA_EGRESO>SL_EGRESO,UNKNOWN,NO
4dbca74d-6be__cycle_1,4dbca74d-6be,,CLASIFICADO,JUE083,SIN_PUNTO,Sin punto instrumentado (sólidos),INCOMPLETO,EVIDENCIA_INSUFICIENTE_SIN_CONTRATO,2,,,,0,BALANZA_INGRESO>BALANZA_EGRESO,UNKNOWN,NO
94a6b3e6-a35__cycle_2,94a6b3e6-a35,,CLASIFICADO,OZK568,SIN_PUNTO,Sin punto instrumentado (sólidos),INCOMPLETO,EVIDENCIA_INSUFICIENTE_SIN_CONTRATO,2,,,,0,BALANZA_INGRESO>BALANZA_EGRESO,UNKNOWN,NO
8b3318b3-ca7,8b3318b3-ca7,,CLASIFICADO,NAD656,SIN_PUNTO,Sin punto instrumentado (sólidos),INCOMPLETO,EVIDENCIA_INSUFICIENTE_SIN_CONTRATO,2,,,,0,BALANZA_INGRESO>BALANZA_EGRESO,UNKNOWN,NO
5fcd0080-8f0,5fcd0080-8f0,,CLASIFICADO,AE882UD,SIN_PUNTO,Sin punto instrumentado (sólidos),INCOMPLETO,EVIDENCIA_INSUFICIENTE_SIN_CONTRATO,3,,,,0,BALANZA_INGRESO>BALANZA_EGRESO>SL_EGRESO,UNKNOWN,NO
f0536700-4a3,f0536700-4a3,,CLASIFICADO,AF019BA,SIN_PUNTO,Sin punto instrumentado (sólidos),INCOMPLETO,EVIDENCIA_INSUFICIENTE_SIN_CONTRATO,2,,,,0,BALANZA_INGRESO>BALANZA_EGRESO,UNKNOWN,NO
2810af86-293,2810af86-293,,CLASIFICADO,AF860RX,SIN_PUNTO,Sin punto instrumentado (sólidos),INCOMPLETO,EVIDENCIA_INSUFICIENTE_SIN_CONTRATO,3,,,,0,BALANZA_INGRESO>BALANZA_EGRESO>SL_EGRESO,UNKNOWN,NO
367726f6-c6e,367726f6-c6e,,CLASIFICADO,AE532LW,SIN_PUNTO,Sin punto instrumentado (sólidos),INCOMPLETO,EVIDENCIA_INSUFICIENTE_SIN_CONTRATO,2,,,,0,BALANZA_INGRESO>BALANZA_EGRESO,UNKNOWN,NO
12508df8-a5d__cycle_2,12508df8-a5d,,CLASIFICADO,AH296BC,SIN_PUNTO,Sin punto instrumentado (sólidos),INCOMPLETO,EVIDENCIA_INSUFICIENTE_SIN_CONTRATO,2,,,,0,BALANZA_INGRESO>BALANZA_EGRESO,UNKNOWN,NO
d15e641a-f53__cycle_2,d15e641a-f53,,CLASIFICADO,AF378MD,SIN_PUNTO,Sin punto instrumentado (sólidos),INCOMPLETO,EVIDENCIA_INSUFICIENTE_SIN_CONTRATO,2,,,,0,BALANZA_INGRESO>BALANZA_EGRESO,UNKNOWN,NO
4e5f04c2-43f,4e5f04c2-43f,,CLASIFICADO,NKM663,SIN_PUNTO,Sin punto instrumentado (sólidos),INCOMPLETO,EVIDENCIA_INSUFICIENTE_SIN_CONTRATO,3,,,,0,BALANZA_INGRESO>BALANZA_EGRESO>BALANZA_INGRESO,UNKNOWN,NO
f5e0f495-272,f5e0f495-272,,CLASIFICADO,DVT968,SIN_PUNTO,Sin punto instrumentado (sólidos),INCOMPLETO,EVIDENCIA_INSUFICIENTE_SIN_CONTRATO,3,,,,0,BALANZA_INGRESO>BALANZA_EGRESO>SL_EGRESO,UNKNOWN,NO
9fea8b15-dd0,9fea8b15-dd0,,CLASIFICADO,SYL758,SIN_PUNTO,Sin punto instrumentado (sólidos),INCOMPLETO,EVIDENCIA_INSUFICIENTE_SIN_CONTRATO,3,,,,0,BALANZA_INGRESO>BALANZA_EGRESO,UNKNOWN,NO
2e47b9d5-70e__cycle_1,2e47b9d5-70e,,CLASIFICADO,AH931DD,SIN_PUNTO,Sin punto instrumentado (sólidos),INCOMPLETO,EVIDENCIA_INSUFICIENTE_SIN_CONTRATO,2,,,,0,BALANZA_INGRESO>BALANZA_EGRESO,UNKNOWN,NO
2b019b0c-332,2b019b0c-332,,CLASIFICADO,KMT334,R7,Ricardone → San Lorenzo,DEDUCIDO,EVIDENCIA_INSUFICIENTE_SIN_CONTRATO,3,,,,80,PREINGRESO>CALADA>EGRESO,UNKNOWN,NO
471376ba-13d,471376ba-13d,,CLASIFICADO,EPC180,R7,Ricardone → San Lorenzo,DEDUCIDO,EVIDENCIA_INSUFICIENTE_SIN_CONTRATO,3,2026-10-01T11:29:16.629-03:00,2026-10-01T17:20:00.992-03:00,351,80,PREINGRESO>CALADA>EGRESO,UNKNOWN,NO
fc767696-b29,fc767696-b29,,CLASIFICADO,MEE006,SIN_PUNTO,Sin punto instrumentado (sólidos),INCOMPLETO,EVIDENCIA_INSUFICIENTE_SIN_CONTRATO,3,,,,0,BALANZA_INGRESO>BALANZA_EGRESO>SL_EGRESO,UNKNOWN,NO
2c875aef-7b3__cycle_1,2c875aef-7b3,,CLASIFICADO,AI217QP,SIN_PUNTO,Sin punto instrumentado (sólidos),INCOMPLETO,EVIDENCIA_INSUFICIENTE_SIN_CONTRATO,2,,,,0,BALANZA_INGRESO>BALANZA_EGRESO,UNKNOWN,NO
8c05f83d-5be__cycle_6,8c05f83d-5be,,CLASIFICADO,KGY149,SIN_PUNTO,Sin punto instrumentado (sólidos),INCOMPLETO,EVIDENCIA_INSUFICIENTE_SIN_CONTRATO,2,,,,0,BALANZA_INGRESO>BALANZA_EGRESO,UNKNOWN,NO
83a933b7-442,83a933b7-442,,CLASIFICADO,MSE380,SIN_PUNTO,Sin punto instrumentado (sólidos),INCOMPLETO,EVIDENCIA_INSUFICIENTE_SIN_CONTRATO,3,,,,0,BALANZA_INGRESO>BALANZA_EGRESO>SL_EGRESO,UNKNOWN,NO
93ffd11a-1b9,93ffd11a-1b9,,CLASIFICADO,NXG995,SIN_PUNTO,Sin punto instrumentado (sólidos),INCOMPLETO,EVIDENCIA_INSUFICIENTE_SIN_CONTRATO,2,,,,0,BALANZA_INGRESO>BALANZA_EGRESO,UNKNOWN,NO
8d9ca996-d92__cycle_1,8d9ca996-d92,,CLASIFICADO,AD049SR,SIN_PUNTO,Sin punto instrumentado (sólidos),INCOMPLETO,EVIDENCIA_INSUFICIENTE_SIN_CONTRATO,2,,,,0,BALANZA_INGRESO>BALANZA_EGRESO,UNKNOWN,NO
a2db3bfb-8dc,a2db3bfb-8dc,,CLASIFICADO,FWZ505,SIN_PUNTO,Sin punto instrumentado (sólidos),INCOMPLETO,EVIDENCIA_INSUFICIENTE_SIN_CONTRATO,2,,,,0,PREINGRESO>CALADA,UNKNOWN,NO
e9b76797-248__cycle_1,e9b76797-248,,CLASIFICADO,AI467SL,SIN_PUNTO,Sin punto instrumentado (sólidos),INCOMPLETO,EVIDENCIA_INSUFICIENTE_SIN_CONTRATO,3,2026-10-01T23:51:35.367-03:00,2026-10-02T00:53:39.138-03:00,62,0,INGRESO>PREINGRESO>CALADA,UNKNOWN,NO
4f7224c0-989,4f7224c0-989,,CLASIFICADO,RLP943,R7,Ricardone → San Lorenzo,INCOMPLETO,EVIDENCIA_INSUFICIENTE_SIN_CONTRATO,2,2026-10-02T00:46:10.927-03:00,2026-10-02T00:51:36.222-03:00,5,80,PREINGRESO>EGRESO,UNKNOWN,NO
18969121-64f__cycle_2,18969121-64f,,CLASIFICADO,AE808WG,R8,Recepción Mercadería Líquida,INCOMPLETO,EVIDENCIA_INSUFICIENTE_SIN_CONTRATO,3,2026-10-02T07:13:49.665-03:00,2026-10-02T09:13:08.661-03:00,119,63,PREINGRESO>LIQUIDO>EGRESO,UNKNOWN,NO
9a854803-499,9a854803-499,,CLASIFICADO,ONS723,SIN_PUNTO,Sin punto instrumentado (sólidos),INCOMPLETO,EVIDENCIA_INSUFICIENTE_SIN_CONTRATO,2,,,,0,BALANZA_INGRESO>BALANZA_EGRESO,UNKNOWN,NO
62d6458d-919,62d6458d-919,,CLASIFICADO,AH185MZ,SIN_PUNTO,Sin punto instrumentado (sólidos),INCOMPLETO,EVIDENCIA_INSUFICIENTE_SIN_CONTRATO,2,,,,0,BALANZA_INGRESO>BALANZA_EGRESO,UNKNOWN,NO
d391612b-6ff,d391612b-6ff,,CLASIFICADO,GAS844,SIN_PUNTO,Sin punto instrumentado (sólidos),INCOMPLETO,EVIDENCIA_INSUFICIENTE_SIN_CONTRATO,2,,,,0,PREINGRESO>CALADA,UNKNOWN,NO
3df3f39a-0fa,3df3f39a-0fa,,CLASIFICADO,MVO862,SIN_PUNTO,Sin punto instrumentado (sólidos),INCOMPLETO,EVIDENCIA_INSUFICIENTE_SIN_CONTRATO,3,,,,0,BALANZA_INGRESO>BALANZA_EGRESO>SL_EGRESO,UNKNOWN,NO
1bf5a71d-434,1bf5a71d-434,,CLASIFICADO,HLT270,SIN_PUNTO,Sin punto instrumentado (sólidos),INCOMPLETO,EVIDENCIA_INSUFICIENTE_SIN_CONTRATO,2,,,,0,BALANZA_INGRESO>BALANZA_EGRESO,UNKNOWN,NO
2c875aef-7b3__cycle_2,2c875aef-7b3,,CLASIFICADO,AI217QP,SIN_PUNTO,Sin punto instrumentado (sólidos),INCOMPLETO,EVIDENCIA_INSUFICIENTE_SIN_CONTRATO,2,,,,0,BALANZA_INGRESO>BALANZA_EGRESO,UNKNOWN,NO
5a0df76f-da7,5a0df76f-da7,,CLASIFICADO,NJB898,SIN_PUNTO,Sin punto instrumentado (sólidos),INCOMPLETO,EVIDENCIA_INSUFICIENTE_SIN_CONTRATO,2,,,,0,BALANZA_INGRESO>BALANZA_EGRESO,UNKNOWN,NO
d3dbacc4-4fc__cycle_2,d3dbacc4-4fc,,CLASIFICADO,FQX760,SIN_PUNTO,Sin punto instrumentado (sólidos),INCOMPLETO,EVIDENCIA_INSUFICIENTE_SIN_CONTRATO,2,,,,0,BALANZA_INGRESO>BALANZA_EGRESO,UNKNOWN,NO
3604beae-3ec,3604beae-3ec,,CLASIFICADO,AC495FZ,SIN_PUNTO,Sin punto instrumentado (sólidos),INCOMPLETO,EVIDENCIA_INSUFICIENTE_SIN_CONTRATO,2,,,,0,BALANZA_INGRESO>BALANZA_EGRESO,UNKNOWN,NO
2f8012bb-221,2f8012bb-221,,CLASIFICADO,AH763WD,SIN_PUNTO,Sin punto instrumentado (sólidos),INCOMPLETO,EVIDENCIA_INSUFICIENTE_SIN_CONTRATO,2,,,,0,BALANZA_INGRESO>BALANZA_EGRESO,UNKNOWN,NO
52d0b789-e3e,52d0b789-e3e,,CLASIFICADO,AE251OL,SIN_PUNTO,Sin punto instrumentado (sólidos),INCOMPLETO,EVIDENCIA_INSUFICIENTE_SIN_CONTRATO,2,,,,0,BALANZA_INGRESO>BALANZA_EGRESO,UNKNOWN,NO
b16afac1-7ea__cycle_2,b16afac1-7ea,,CLASIFICADO,PDQ847,SIN_PUNTO,Sin punto instrumentado (sólidos),INCOMPLETO,EVIDENCIA_INSUFICIENTE_SIN_CONTRATO,3,,,,0,BALANZA_INGRESO>BALANZA_EGRESO,UNKNOWN,NO
2be7d205-2ac,2be7d205-2ac,,CLASIFICADO,AD173IF,SIN_PUNTO,Sin punto instrumentado (sólidos),INCOMPLETO,EVIDENCIA_INSUFICIENTE_SIN_CONTRATO,2,,,,0,BALANZA_INGRESO>BALANZA_EGRESO,UNKNOWN,NO
87eb6515-9ea,87eb6515-9ea,,CLASIFICADO,FQI716,SIN_PUNTO,Sin punto instrumentado (sólidos),INCOMPLETO,EVIDENCIA_INSUFICIENTE_SIN_CONTRATO,2,,,,0,BALANZA_INGRESO>BALANZA_EGRESO,UNKNOWN,NO
c127d59f-1f9,c127d59f-1f9,,CLASIFICADO,AC169VY,SIN_PUNTO,Sin punto instrumentado (sólidos),INCOMPLETO,EVIDENCIA_INSUFICIENTE_SIN_CONTRATO,2,,,,0,BALANZA_INGRESO>BALANZA_EGRESO,UNKNOWN,NO
7d2613f3-1d6__cycle_3,7d2613f3-1d6,,CLASIFICADO,AE260HD,R7,Ricardone → San Lorenzo,INCOMPLETO,EVIDENCIA_INSUFICIENTE_SIN_CONTRATO,2,,,,80,PREINGRESO>EGRESO,UNKNOWN,NO
b2ae74eb-69b,b2ae74eb-69b,,CLASIFICADO,AD052ZD,SIN_PUNTO,Sin punto instrumentado (sólidos),INCOMPLETO,EVIDENCIA_INSUFICIENTE_SIN_CONTRATO,2,,,,0,BALANZA_INGRESO>BALANZA_EGRESO,UNKNOWN,NO
376a769d-5ef,376a769d-5ef,,CLASIFICADO,BOT263,R7,Ricardone → San Lorenzo,INCOMPLETO,EVIDENCIA_INSUFICIENTE_SIN_CONTRATO,2,,,,80,PREINGRESO>EGRESO,UNKNOWN,NO
c1b538e7-0e4,c1b538e7-0e4,,CLASIFICADO,MXA666,SIN_PUNTO,Sin punto instrumentado (sólidos),INCOMPLETO,EVIDENCIA_INSUFICIENTE_SIN_CONTRATO,2,,,,0,BALANZA_INGRESO>BALANZA_EGRESO,UNKNOWN,NO
e72f52de-15f,e72f52de-15f,,CLASIFICADO,AI202TC,SIN_PUNTO,Sin punto instrumentado (sólidos),INCOMPLETO,EVIDENCIA_INSUFICIENTE_SIN_CONTRATO,2,,,,0,BALANZA_INGRESO>BALANZA_EGRESO,UNKNOWN,NO
fd192751-b7b,fd192751-b7b,,CLASIFICADO,AG710NZ,SIN_PUNTO,Sin punto instrumentado (sólidos),INCOMPLETO,EVIDENCIA_INSUFICIENTE_SIN_CONTRATO,2,,,,0,BALANZA_INGRESO>BALANZA_EGRESO,UNKNOWN,NO
c96ecb27-fa1__cycle_2,c96ecb27-fa1,,CLASIFICADO,OSY724,SIN_PUNTO,Sin punto instrumentado (sólidos),INCOMPLETO,EVIDENCIA_INSUFICIENTE_SIN_CONTRATO,3,,,,0,BALANZA_INGRESO>BALANZA_EGRESO>SL_EGRESO,UNKNOWN,NO
2e47b9d5-70e__cycle_2,2e47b9d5-70e,,CLASIFICADO,AH931DD,SIN_PUNTO,Sin punto instrumentado (sólidos),INCOMPLETO,EVIDENCIA_INSUFICIENTE_SIN_CONTRATO,2,,,,0,BALANZA_INGRESO>BALANZA_EGRESO,UNKNOWN,NO
c6416c7d-f48__cycle_1,c6416c7d-f48,,CLASIFICADO,MSE380,SIN_PUNTO,Sin punto instrumentado (sólidos),INCOMPLETO,EVIDENCIA_INSUFICIENTE_SIN_CONTRATO,2,,,,0,BALANZA_INGRESO>BALANZA_EGRESO,UNKNOWN,NO
13174fde-ba9,13174fde-ba9,,CLASIFICADO,AG482JZ,SIN_PUNTO,Sin punto instrumentado (sólidos),INCOMPLETO,EVIDENCIA_INSUFICIENTE_SIN_CONTRATO,2,,,,0,BALANZA_INGRESO>BALANZA_EGRESO,UNKNOWN,NO
1e7c1ff8-06b,1e7c1ff8-06b,,CLASIFICADO,AA932VT,SIN_PUNTO,Sin punto instrumentado (sólidos),INCOMPLETO,EVIDENCIA_INSUFICIENTE_SIN_CONTRATO,2,,,,0,BALANZA_INGRESO>BALANZA_EGRESO,UNKNOWN,NO
f9f425c0-db6,f9f425c0-db6,,CLASIFICADO,CBM551,R7,Ricardone → San Lorenzo,INCOMPLETO,EVIDENCIA_INSUFICIENTE_SIN_CONTRATO,2,,,,80,PREINGRESO>EGRESO,UNKNOWN,NO
88d76731-f90,88d76731-f90,,CLASIFICADO,AG245ND,SIN_PUNTO,Sin punto instrumentado (sólidos),INCOMPLETO,EVIDENCIA_INSUFICIENTE_SIN_CONTRATO,2,,,,0,BALANZA_INGRESO>BALANZA_EGRESO,UNKNOWN,NO
34312081-644,34312081-644,,CLASIFICADO,HCW119,R7,Ricardone → San Lorenzo,INCOMPLETO,EVIDENCIA_INSUFICIENTE_SIN_CONTRATO,2,,,,80,PREINGRESO>EGRESO,UNKNOWN,NO
f40ac37c-f47__cycle_1,f40ac37c-f47,,CLASIFICADO,AI201UM,SIN_PUNTO,Sin punto instrumentado (sólidos),INCOMPLETO,EVIDENCIA_INSUFICIENTE_SIN_CONTRATO,2,,,,0,PREINGRESO>CALADA,UNKNOWN,NO
5e6f5798-8bc__cycle_1,5e6f5798-8bc,,CLASIFICADO,AI467SL,SIN_PUNTO,Sin punto instrumentado (sólidos),INCOMPLETO,EVIDENCIA_INSUFICIENTE_SIN_CONTRATO,2,2026-10-02T21:48:40.338-03:00,2026-10-02T22:23:12.696-03:00,35,0,PREINGRESO>CALADA,UNKNOWN,NO
2101ab66-60d,2101ab66-60d,,CLASIFICADO,CPW551,R7,Ricardone → San Lorenzo,DEDUCIDO,EVIDENCIA_INSUFICIENTE_SIN_CONTRATO,3,,,,80,PREINGRESO>CALADA>EGRESO,UNKNOWN,NO
2412398c-e1b,2412398c-e1b,,CLASIFICADO,LUJ549,SIN_PUNTO,Sin punto instrumentado (sólidos),INCOMPLETO,EVIDENCIA_INSUFICIENTE_SIN_CONTRATO,2,,,,0,PREINGRESO>CALADA,UNKNOWN,NO
6de3cf55-427,6de3cf55-427,,CLASIFICADO,RJI364,R7,Ricardone → San Lorenzo,DEDUCIDO,EVIDENCIA_INSUFICIENTE_SIN_CONTRATO,3,,,,80,PREINGRESO>CALADA>EGRESO,UNKNOWN,NO
55eea7b7-773__cycle_1,55eea7b7-773,,CLASIFICADO,AA820OD,SIN_PUNTO,Sin punto instrumentado (sólidos),INCOMPLETO,EVIDENCIA_INSUFICIENTE_SIN_CONTRATO,2,,,,0,PREINGRESO>CALADA,UNKNOWN,NO
04190173-aa7,04190173-aa7,,CLASIFICADO,MHN993,R7,Ricardone → San Lorenzo,DEDUCIDO,EVIDENCIA_INSUFICIENTE_SIN_CONTRATO,3,,,,80,PREINGRESO>CALADA>EGRESO,UNKNOWN,NO
5e6f5798-8bc__cycle_2,5e6f5798-8bc,,CLASIFICADO,AI467SL,SIN_PUNTO,Sin punto instrumentado (sólidos),INCOMPLETO,EVIDENCIA_INSUFICIENTE_SIN_CONTRATO,2,2026-10-03T08:00:40.642-03:00,2026-10-03T09:40:09.198-03:00,99,0,CALADA>EGRESO,UNKNOWN,NO
5b3a904b-93c__cycle_3,5b3a904b-93c,,CLASIFICADO,VUB780,SIN_PUNTO,Sin punto instrumentado (sólidos),INCOMPLETO,EVIDENCIA_INSUFICIENTE_SIN_CONTRATO,2,,,,0,CALADA>BALANZA_EGRESO,UNKNOWN,NO
f40ac37c-f47__cycle_2,f40ac37c-f47,,CLASIFICADO,AI201UM,SIN_PUNTO,Sin punto instrumentado (sólidos),INCOMPLETO,EVIDENCIA_INSUFICIENTE_SIN_CONTRATO,2,,,,0,CALADA>EGRESO,UNKNOWN,NO
d7bf55aa-ed1,d7bf55aa-ed1,,CLASIFICADO,GUS768,SIN_PUNTO,Sin punto instrumentado (sólidos),INCOMPLETO,EVIDENCIA_INSUFICIENTE_SIN_CONTRATO,2,,,,0,PREINGRESO>CALADA,UNKNOWN,NO
a1b85761-095,a1b85761-095,,CLASIFICADO,OOY184,R7,Ricardone → San Lorenzo,INCOMPLETO,EVIDENCIA_INSUFICIENTE_SIN_CONTRATO,2,,,,80,PREINGRESO>EGRESO,UNKNOWN,NO
3a97b839-9f7,3a97b839-9f7,,CLASIFICADO,SUY833,SIN_PUNTO,Sin punto instrumentado (sólidos),INCOMPLETO,EVIDENCIA_INSUFICIENTE_SIN_CONTRATO,2,2026-10-04T09:21:31.205-03:00,2026-10-04T10:50:37.566-03:00,89,0,PREINGRESO>CALADA,UNKNOWN,NO
b940f3e2-91c,b940f3e2-91c,,CLASIFICADO,JJM070,SIN_PUNTO,Sin punto instrumentado (sólidos),INCOMPLETO,EVIDENCIA_INSUFICIENTE_SIN_CONTRATO,2,,,,0,PREINGRESO>CALADA,UNKNOWN,NO
348ab8bb-b2e,348ab8bb-b2e,,CLASIFICADO,SJY378,R7,Ricardone → San Lorenzo,DEDUCIDO,EVIDENCIA_INSUFICIENTE_SIN_CONTRATO,3,,,,80,PREINGRESO>CALADA>EGRESO,UNKNOWN,NO
b4e18575-bf5,b4e18575-bf5,,CLASIFICADO,AB135IK,SIN_PUNTO,Sin punto instrumentado (sólidos),INCOMPLETO,EVIDENCIA_INSUFICIENTE_SIN_CONTRATO,2,,,,0,PREINGRESO>CALADA,UNKNOWN,NO
caa1ce6e-2b0,caa1ce6e-2b0,,CLASIFICADO,MMV961,R7,Ricardone → San Lorenzo,DEDUCIDO,EVIDENCIA_INSUFICIENTE_SIN_CONTRATO,3,,,,80,PREINGRESO>CALADA>EGRESO,UNKNOWN,NO
77af6f2e-a3a,77af6f2e-a3a,,CLASIFICADO,CEI975,R7,Ricardone → San Lorenzo,DEDUCIDO,EVIDENCIA_INSUFICIENTE_SIN_CONTRATO,3,,,,80,PREINGRESO>CALADA>EGRESO,UNKNOWN,NO
1904a123-ec7,1904a123-ec7,,CLASIFICADO,AC195QD,R7,Ricardone → San Lorenzo,DEDUCIDO,EVIDENCIA_INSUFICIENTE_SIN_CONTRATO,3,,,,80,PREINGRESO>CALADA>EGRESO,UNKNOWN,NO
f1f6d598-436,f1f6d598-436,,CLASIFICADO,CRK690,R7,Ricardone → San Lorenzo,DEDUCIDO,EVIDENCIA_INSUFICIENTE_SIN_CONTRATO,3,,,,80,PREINGRESO>CALADA>EGRESO,UNKNOWN,NO
8983460f-f8f,8983460f-f8f,,CLASIFICADO,JZY051,R7,Ricardone → San Lorenzo,DEDUCIDO,EVIDENCIA_INSUFICIENTE_SIN_CONTRATO,3,,,,80,PREINGRESO>CALADA>EGRESO,UNKNOWN,NO
08828c01-b67,08828c01-b67,,CLASIFICADO,AE003HC,R7,Ricardone → San Lorenzo,DEDUCIDO,EVIDENCIA_INSUFICIENTE_SIN_CONTRATO,3,,,,80,PREINGRESO>CALADA>EGRESO,UNKNOWN,NO
c2ab925c-2bb,c2ab925c-2bb,,CLASIFICADO,EIQ973,SIN_PUNTO,Sin punto instrumentado (sólidos),INCOMPLETO,EVIDENCIA_INSUFICIENTE_SIN_CONTRATO,2,,,,0,PREINGRESO>BALANZA_EGRESO,UNKNOWN,NO
94b99095-2e8,94b99095-2e8,,CLASIFICADO,HTA874,R7,Ricardone → San Lorenzo,DEDUCIDO,EVIDENCIA_INSUFICIENTE_SIN_CONTRATO,3,,,,80,PREINGRESO>CALADA>EGRESO,UNKNOWN,NO
03e09c42-a8b,03e09c42-a8b,,CLASIFICADO,AH772MA,R7,Ricardone → San Lorenzo,DEDUCIDO,EVIDENCIA_INSUFICIENTE_SIN_CONTRATO,3,,,,80,PREINGRESO>CALADA>EGRESO,UNKNOWN,NO
fcf91a6a-2fa,fcf91a6a-2fa,,CLASIFICADO,AG790WY,R7,Ricardone → San Lorenzo,DEDUCIDO,EVIDENCIA_INSUFICIENTE_SIN_CONTRATO,3,,,,80,PREINGRESO>CALADA>EGRESO,UNKNOWN,NO
91c2a7ba-4ce,91c2a7ba-4ce,,CLASIFICADO,EKA070,R7,Ricardone → San Lorenzo,DEDUCIDO,EVIDENCIA_INSUFICIENTE_SIN_CONTRATO,3,,,,80,PREINGRESO>CALADA>EGRESO,UNKNOWN,NO
50d0210f-67c,50d0210f-67c,,CLASIFICADO,ORN981,R7,Ricardone → San Lorenzo,DEDUCIDO,EVIDENCIA_INSUFICIENTE_SIN_CONTRATO,3,,,,80,PREINGRESO>CALADA>EGRESO,UNKNOWN,NO
fe7751d6-126,fe7751d6-126,,CLASIFICADO,AC521ED,R7,Ricardone → San Lorenzo,DEDUCIDO,EVIDENCIA_INSUFICIENTE_SIN_CONTRATO,3,,,,80,PREINGRESO>CALADA>EGRESO,UNKNOWN,NO
b4e1441c-c12,b4e1441c-c12,,CLASIFICADO,EQM827,R7,Ricardone → San Lorenzo,DEDUCIDO,EVIDENCIA_INSUFICIENTE_SIN_CONTRATO,3,,,,80,PREINGRESO>CALADA>EGRESO,UNKNOWN,NO
b6f71c6b-51f,b6f71c6b-51f,,CLASIFICADO,AA919HA,R7,Ricardone → San Lorenzo,DEDUCIDO,EVIDENCIA_INSUFICIENTE_SIN_CONTRATO,3,,,,80,PREINGRESO>CALADA>EGRESO,UNKNOWN,NO
9e29462f-269,9e29462f-269,,CLASIFICADO,AH694QH,R7,Ricardone → San Lorenzo,DEDUCIDO,EVIDENCIA_INSUFICIENTE_SIN_CONTRATO,3,,,,80,PREINGRESO>CALADA>EGRESO,UNKNOWN,NO
3912b3e5-d8f,3912b3e5-d8f,,CLASIFICADO,GJU550,R7,Ricardone → San Lorenzo,DEDUCIDO,EVIDENCIA_INSUFICIENTE_SIN_CONTRATO,3,,,,80,PREINGRESO>CALADA>EGRESO,UNKNOWN,NO
fd13cfeb-095,fd13cfeb-095,,CLASIFICADO,MTM756,R7,Ricardone → San Lorenzo,DEDUCIDO,EVIDENCIA_INSUFICIENTE_SIN_CONTRATO,3,,,,80,PREINGRESO>CALADA>EGRESO,UNKNOWN,NO
43914f6a-c47,43914f6a-c47,,CLASIFICADO,AE857EN,R7,Ricardone → San Lorenzo,DEDUCIDO,EVIDENCIA_INSUFICIENTE_SIN_CONTRATO,3,,,,80,PREINGRESO>CALADA>EGRESO,UNKNOWN,NO
7d855026-d07,7d855026-d07,,CLASIFICADO,JWI856,SIN_PUNTO,Sin punto instrumentado (sólidos),INCOMPLETO,EVIDENCIA_INSUFICIENTE_SIN_CONTRATO,2,,,,0,CALADA>EGRESO,UNKNOWN,NO
e2820d26-d2c,e2820d26-d2c,,CLASIFICADO,EVJ486,R7,Ricardone → San Lorenzo,DEDUCIDO,EVIDENCIA_INSUFICIENTE_SIN_CONTRATO,3,,,,80,PREINGRESO>CALADA>SL_INGRESO,UNKNOWN,NO
c9141479-1af,c9141479-1af,,CLASIFICADO,AF427ML,R7,Ricardone → San Lorenzo,DEDUCIDO,EVIDENCIA_INSUFICIENTE_SIN_CONTRATO,3,,,,80,PREINGRESO>CALADA>EGRESO,UNKNOWN,NO
a303c360-35f,a303c360-35f,,CLASIFICADO,OWP182,R7,Ricardone → San Lorenzo,DEDUCIDO,EVIDENCIA_INSUFICIENTE_SIN_CONTRATO,3,,,,80,PREINGRESO>CALADA>EGRESO,UNKNOWN,NO
c9481ace-a7a,c9481ace-a7a,,CLASIFICADO,AH415RM,R7,Ricardone → San Lorenzo,DEDUCIDO,EVIDENCIA_INSUFICIENTE_SIN_CONTRATO,3,,,,80,PREINGRESO>CALADA>EGRESO,UNKNOWN,NO
01985250-505,01985250-505,,CLASIFICADO,OSL239,R7,Ricardone → San Lorenzo,DEDUCIDO,EVIDENCIA_INSUFICIENTE_SIN_CONTRATO,3,,,,80,PREINGRESO>CALADA>EGRESO,UNKNOWN,NO
83f54b71-1ba,83f54b71-1ba,,CLASIFICADO,AC266DG,SIN_PUNTO,Sin punto instrumentado (sólidos),INCOMPLETO,EVIDENCIA_INSUFICIENTE_SIN_CONTRATO,2,,,,0,PREINGRESO>CALADA,UNKNOWN,NO
60570124-dfb,60570124-dfb,,CLASIFICADO,TSG179,SIN_PUNTO,Sin punto instrumentado (sólidos),INCOMPLETO,EVIDENCIA_INSUFICIENTE_SIN_CONTRATO,2,,,,0,PREINGRESO>CALADA,UNKNOWN,NO
b7fbfb5a-155__cycle_1,b7fbfb5a-155,,ABSORBIDO,LFT141,CIRCUITO_VOLCABLE_1_2,Circuito a Volcable 1/2,NO_CLASIFICADO,EVIDENCIA_INSUFICIENTE_ABSORBIDO,0,2026-09-27T03:29:52.770-03:00,2026-10-01T23:05:26.131-03:00,6935.56,0,CARGA_S7|VOLCABLE|CARGA_S7|VOLCABLE|CARGA_S7|VOLCABLE|CARGA_S7|VOLCABLE|CARGA_S7|VOLCABLE|CARGA_S7|VOLCABLE|CARGA_S7|VOLCABLE|CARGA_S7|VOLCABLE|CARGA_S7|VOLCABLE|CARGA_S7|VOLCABLE|CARGA_S7|VOLCABLE|CARGA_S7|VOLCABLE|VOLCABLE|CARGA_S7|VOLCABLE|CARGA_S7|VOLCABLE|BALANZA_EGRESO|CARGA_S7|PLAYA|CARGA_S7|VOLCABLE|CARGA_S7|VOLCABLE|CARGA_S7|VOLCABLE|CARGA_S7|VOLCABLE|CARGA_S7|CARGA_S7|CARGA_S7|CARGA_S7|CARGA_S7|CARGA_S7|CARGA_S7|VOLCABLE|CARGA_S7|VOLCABLE|VOLCABLE|CARGA_S7|CARGA_S7|VOLCABLE|CARGA_S7|VOLCABLE|CARGA_S7|CARGA_S7|CARGA_S7|CARGA_S7|CARGA_S7|PLAYA|CARGA_S7|VOLCABLE|CARGA_S7|DESCARGA_S7|CARGA_S7|DESCARGA_S7|CARGA_S7|DESCARGA_S7|CARGA_S7|DESCARGA_S7|CARGA_S7|DESCARGA_S7|CARGA_S7|DESCARGA_S7|CARGA_S7|DESCARGA_S7|CARGA_S7|DESCARGA_S7|CARGA_S7|VOLCABLE|CARGA_S7|VOLCABLE|CARGA_S7|VOLCABLE|PLAYA|CARGA_S7|VOLCABLE|CARGA_S7|CARGA_S7|VOLCABLE|CARGA_S7|CARGA_S7|CARGA_S7|CARGA_S7|CARGA_S7|CARGA_S7|CARGA_S7|CARGA_S7|CARGA_S7|CARGA_S7|CARGA_S7|PLAYA|CARGA_S7|VOLCABLE|CARGA_S7|VOLCABLE|CARGA_S7|VOLCABLE|CARGA_S7|VOLCABLE|CARGA_S7|CARGA_S7|CARGA_S7|CARGA_S7|CARGA_S7|CARGA_S7|PLAYA,RICARDONE,SI
f20bbbed-af6,f20bbbed-af6,,ABSORBIDO,AYM824,CIRCUITO_VOLCABLE_1_2,Circuito a Volcable 1/2,NO_CLASIFICADO,EVIDENCIA_INSUFICIENTE_ABSORBIDO,0,2026-09-27T04:34:46.899-03:00,2026-09-28T10:08:41.253-03:00,1773.91,0,CARGA_S7|VOLCABLE|CARGA_S7|CARGA_S7|VOLCABLE|CARGA_S7|VOLCABLE|CARGA_S7|VOLCABLE|CARGA_S7|VOLCABLE|CARGA_S7|VOLCABLE|VOLCABLE|CARGA_S7|VOLCABLE|VOLCABLE|VOLCABLE|CARGA_S7|VOLCABLE|CARGA_S7|VOLCABLE|CARGA_S7|VOLCABLE|CARGA_S7|CARGA_S7|CARGA_S7|VOLCABLE|CARGA_S7|CARGA_S7|CARGA_S7|VOLCABLE|CARGA_S7|CARGA_S7|CARGA_S7|CARGA_S7|CARGA_S7|VOLCABLE|BALANZA_EGRESO|EGRESO,RICARDONE,SI
98d94607-9f2,98d94607-9f2,,ABSORBIDO,UUL425,CIRCUITO_LIQUIDO,Circuito líquido,NO_CLASIFICADO,EVIDENCIA_INSUFICIENTE_ABSORBIDO,0,2026-09-27T13:48:57.833-03:00,2026-09-27T17:00:22.338-03:00,191.41,0,PREINGRESO|LIQUIDO|PLAYA|CARGA_S8|BALANZA_EGRESO|EGRESO,,SI
7b628a0d-4f7,7b628a0d-4f7,,ABSORBIDO,CGV979,CIRCUITO_LIQUIDO,Circuito líquido,NO_CLASIFICADO,EVIDENCIA_INSUFICIENTE_ABSORBIDO,0,2026-09-27T13:55:54.176-03:00,2026-09-27T17:04:38.593-03:00,188.74,0,PREINGRESO|LIQUIDO|PLAYA|CARGA_S8|BALANZA_EGRESO|CALADA|EGRESO,,SI
39c2d521-d0e,39c2d521-d0e,,ABSORBIDO,RAW481,CIRCUITO_LIQUIDO,Circuito líquido,NO_CLASIFICADO,EVIDENCIA_INSUFICIENTE_ABSORBIDO,0,2026-09-27T14:05:46.371-03:00,2026-09-27T17:06:25.480-03:00,180.65,0,PREINGRESO|LIQUIDO|CARGA_S8|BALANZA_EGRESO|CALADA|EGRESO,,SI
dee71001-f55,dee71001-f55,,ABSORBIDO,EYH843,CIRCUITO_LIQUIDO,Circuito líquido,NO_CLASIFICADO,EVIDENCIA_INSUFICIENTE_ABSORBIDO,0,2026-09-27T14:19:01.058-03:00,2026-09-27T17:06:47.401-03:00,167.77,0,PREINGRESO|LIQUIDO|PLAYA|CARGA_S8|BALANZA_EGRESO|EGRESO,,SI
dbe976af-d8e,dbe976af-d8e,,ABSORBIDO,RXV065,CIRCUITO_LIQUIDO,Circuito líquido,NO_CLASIFICADO,EVIDENCIA_INSUFICIENTE_ABSORBIDO,0,2026-09-27T14:49:25.882-03:00,2026-09-27T17:22:53.857-03:00,153.47,0,PREINGRESO|LIQUIDO|PLAYA|CARGA_S8|BALANZA_EGRESO|CALADA|EGRESO,,SI
bc9a70a7-4ee__cycle_1,bc9a70a7-4ee,,ABSORBIDO,UWX998,CIRCUITO_LIQUIDO,Circuito líquido,NO_CLASIFICADO,EVIDENCIA_INSUFICIENTE_ABSORBIDO,0,2026-09-27T15:10:06.378-03:00,2026-09-27T18:05:42.661-03:00,175.6,0,SL_INGRESO|SL_BALANZA_INGRESO|PREINGRESO|LIQUIDO|BALANZA_EGRESO,,SI
e4918a46-040,e4918a46-040,,ABSORBIDO,GES056,CIRCUITO_LIQUIDO,Circuito líquido,NO_CLASIFICADO,EVIDENCIA_INSUFICIENTE_ABSORBIDO,0,2026-09-27T15:26:15.453-03:00,2026-09-27T17:31:03.725-03:00,124.8,0,PREINGRESO|LIQUIDO|PLAYA|CARGA_S8|BALANZA_EGRESO|CALADA|EGRESO,,SI
94bf8672-d3b,94bf8672-d3b,,ABSORBIDO,TAC436,CIRCUITO_LIQUIDO,Circuito líquido,NO_CLASIFICADO,EVIDENCIA_INSUFICIENTE_ABSORBIDO,0,2026-09-27T15:32:00.913-03:00,2026-09-27T17:45:58.338-03:00,133.96,0,PREINGRESO|LIQUIDO|PLAYA|CARGA_S8|BALANZA_EGRESO|CALADA|EGRESO,,SI
871e7639-6dc,871e7639-6dc,,ABSORBIDO,UKL882,CIRCUITO_LIQUIDO,Circuito líquido,NO_CLASIFICADO,EVIDENCIA_INSUFICIENTE_ABSORBIDO,0,2026-09-27T15:33:12.677-03:00,2026-09-27T17:51:33.237-03:00,138.34,0,PREINGRESO|LIQUIDO|PLAYA|CARGA_S8|BALANZA_EGRESO|CALADA|EGRESO,,SI
17d43ffb-0a2,17d43ffb-0a2,,ABSORBIDO,DGR440,CIRCUITO_LIQUIDO,Circuito líquido,NO_CLASIFICADO,EVIDENCIA_INSUFICIENTE_ABSORBIDO,0,2026-09-27T15:33:40.679-03:00,2026-09-27T18:07:45.695-03:00,154.08,0,PREINGRESO|LIQUIDO|PLAYA|CARGA_S8|BALANZA_EGRESO|CALADA|EGRESO,,SI
ccfaa20c-5e4,ccfaa20c-5e4,,ABSORBIDO,BVS300,CIRCUITO_LIQUIDO,Circuito líquido,NO_CLASIFICADO,EVIDENCIA_INSUFICIENTE_ABSORBIDO,0,2026-09-27T15:34:59.242-03:00,2026-09-27T18:08:51.536-03:00,153.87,0,PREINGRESO|LIQUIDO|PLAYA|BALANZA_EGRESO|CALADA|EGRESO,,SI
39047546-28c,39047546-28c,,ABSORBIDO,FDH917,CIRCUITO_LIQUIDO,Circuito líquido,NO_CLASIFICADO,EVIDENCIA_INSUFICIENTE_ABSORBIDO,0,2026-09-27T16:01:24.854-03:00,2026-09-27T18:30:22.754-03:00,148.97,0,PREINGRESO|LIQUIDO|PLAYA|CARGA_S8|BALANZA_EGRESO|CALADA|EGRESO,,SI
3ff1b2b5-b33__cycle_1,3ff1b2b5-b33,,ABSORBIDO,RGV982,CIRCUITO_LIQUIDO,Circuito líquido,NO_CLASIFICADO,EVIDENCIA_INSUFICIENTE_ABSORBIDO,0,2026-09-27T16:22:13.169-03:00,2026-09-27T18:32:34.835-03:00,130.36,0,PREINGRESO|LIQUIDO|PLAYA|BALANZA_EGRESO,,SI
8aad61c8-61c,8aad61c8-61c,,ABSORBIDO,VJG112,R29,Transile externo Soja (Silos → Volcables puerto),NO_CLASIFICADO,EVIDENCIA_INSUFICIENTE_ABSORBIDO,0,2026-09-27T17:13:16.430-03:00,2026-09-28T02:05:29.417-03:00,532.22,0,SL_INGRESO|SL_BALANZA_INGRESO|PREINGRESO|BALANZA_EGRESO|CALADA|SL_BALANZA_INGRESO|LIQUIDO|CALADA|SL_BALANZA_INGRESO|SL_EGRESO,RICARDONE,SI
98f30cc2-1e0,98f30cc2-1e0,,ABSORBIDO,UUL425,REGISTRO_INCOMPLETO,Registro incompleto,NO_CLASIFICADO,EVIDENCIA_INSUFICIENTE_ABSORBIDO,0,2026-09-27T17:13:38.669-03:00,2026-09-27T18:24:51.486-03:00,71.21,0,SL_INGRESO|SL_BALANZA_INGRESO|SL_VOLCABLE|SL_EGRESO,,SI
6a12c3f9-92c,6a12c3f9-92c,,ABSORBIDO,EVL273,REGISTRO_INCOMPLETO,Registro incompleto,NO_CLASIFICADO,EVIDENCIA_INSUFICIENTE_ABSORBIDO,0,2026-09-27T17:14:01.312-03:00,2026-09-27T18:25:39.706-03:00,71.64,0,SL_INGRESO|SL_BALANZA_INGRESO|SL_VOLCABLE|SL_EGRESO,,SI
4ee9c9f1-2be,4ee9c9f1-2be,,ABSORBIDO,CGV979,R29,Transile externo Soja (Silos → Volcables puerto),NO_CLASIFICADO,EVIDENCIA_INSUFICIENTE_ABSORBIDO,0,2026-09-27T17:14:22.034-03:00,2026-09-27T18:36:01.955-03:00,81.67,0,SL_INGRESO|SL_BALANZA_INGRESO|SL_VOLCABLE|SL_EGRESO,RICARDONE,SI
ac3d0991-099,ac3d0991-099,,ABSORBIDO,EYH843,REGISTRO_INCOMPLETO,Registro incompleto,NO_CLASIFICADO,EVIDENCIA_INSUFICIENTE_ABSORBIDO,0,2026-09-27T17:16:45.242-03:00,2026-09-27T18:37:13.543-03:00,80.47,0,SL_INGRESO|SL_BALANZA_INGRESO|SL_VOLCABLE|SL_EGRESO,,SI
74f70c46-c21,74f70c46-c21,,ABSORBIDO,OYX549,REGISTRO_INCOMPLETO,Registro incompleto,NO_CLASIFICADO,EVIDENCIA_INSUFICIENTE_ABSORBIDO,0,2026-09-27T17:28:05.439-03:00,2026-09-27T20:05:27.633-03:00,157.37,0,SL_INGRESO|SL_BALANZA_INGRESO|SL_EGRESO,,SI
c2ea8f7a-282,c2ea8f7a-282,,ABSORBIDO,RXV065,REGISTRO_INCOMPLETO,Registro incompleto,NO_CLASIFICADO,EVIDENCIA_INSUFICIENTE_ABSORBIDO,0,2026-09-27T17:33:11.378-03:00,2026-09-27T20:10:32.915-03:00,157.36,0,SL_INGRESO|SL_BALANZA_INGRESO|SL_EGRESO,,SI
96c34476-917,96c34476-917,,ABSORBIDO,GES056,REGISTRO_INCOMPLETO,Registro incompleto,NO_CLASIFICADO,EVIDENCIA_INSUFICIENTE_ABSORBIDO,0,2026-09-27T17:42:26.132-03:00,2026-09-27T20:19:12.883-03:00,156.78,0,SL_INGRESO|SL_BALANZA_INGRESO|SL_EGRESO,,SI
e10ec7b6-dc2,e10ec7b6-dc2,,ABSORBIDO,TAC436,REGISTRO_INCOMPLETO,Registro incompleto,NO_CLASIFICADO,EVIDENCIA_INSUFICIENTE_ABSORBIDO,0,2026-09-27T18:00:50.834-03:00,2026-09-27T20:33:32.387-03:00,152.69,0,SL_INGRESO|SL_BALANZA_INGRESO|SL_EGRESO,,SI
738beaf3-69f,738beaf3-69f,,ABSORBIDO,UKL882,REGISTRO_INCOMPLETO,Registro incompleto,NO_CLASIFICADO,EVIDENCIA_INSUFICIENTE_ABSORBIDO,0,2026-09-27T18:03:03.562-03:00,2026-09-27T20:37:27.320-03:00,154.4,0,SL_INGRESO|SL_BALANZA_INGRESO|SL_EGRESO,,SI
f9c21337-367,f9c21337-367,,ABSORBIDO,RQC013,CIRCUITO_LIQUIDO,Circuito líquido,NO_CLASIFICADO,EVIDENCIA_INSUFICIENTE_ABSORBIDO,0,2026-09-27T18:16:41.996-03:00,2026-09-27T22:25:00.279-03:00,248.3,0,PREINGRESO|LIQUIDO|PLAYA|BALANZA_EGRESO|CALADA|SL_EGRESO,,SI
de914f8d-8fb,de914f8d-8fb,,ABSORBIDO,DGR440,REGISTRO_INCOMPLETO,Registro incompleto,NO_CLASIFICADO,EVIDENCIA_INSUFICIENTE_ABSORBIDO,0,2026-09-27T18:17:39.534-03:00,2026-09-27T20:47:37.692-03:00,149.97,0,SL_INGRESO|SL_BALANZA_INGRESO|SL_EGRESO,,SI
d883877a-c0e,d883877a-c0e,,ABSORBIDO,BVS300,REGISTRO_INCOMPLETO,Registro incompleto,NO_CLASIFICADO,EVIDENCIA_INSUFICIENTE_ABSORBIDO,0,2026-09-27T18:20:12.022-03:00,2026-09-27T20:54:36.380-03:00,154.41,0,SL_INGRESO|SL_BALANZA_INGRESO|SL_EGRESO,,SI
92e18bcf-8fc,92e18bcf-8fc,,ABSORBIDO,EVL273,CIRCUITO_LIQUIDO,Circuito líquido,NO_CLASIFICADO,EVIDENCIA_INSUFICIENTE_ABSORBIDO,0,2026-09-27T18:34:09.896-03:00,2026-09-27T20:42:16.336-03:00,128.11,0,PREINGRESO|LIQUIDO|PLAYA|CALADA|EGRESO,,SI
9bb54c4a-8e1,9bb54c4a-8e1,,ABSORBIDO,FDH917,REGISTRO_INCOMPLETO,Registro incompleto,NO_CLASIFICADO,EVIDENCIA_INSUFICIENTE_ABSORBIDO,0,2026-09-27T18:39:50.653-03:00,2026-09-27T21:07:12.842-03:00,147.37,0,SL_INGRESO|SL_BALANZA_INGRESO|SL_EGRESO,,SI
7ff849ca-1b9,7ff849ca-1b9,,ABSORBIDO,CGV979,R7,Ricardone → San Lorenzo,NO_CLASIFICADO,EVIDENCIA_INSUFICIENTE_ABSORBIDO,0,2026-09-27T18:44:44.975-03:00,2026-09-28T09:05:51.192-03:00,861.1,0,PREINGRESO|SL_BALANZA_INGRESO|SL_BALANZA_INGRESO|PREINGRESO|PREINGRESO|BALANZA_EGRESO|CALADA|EGRESO,TERMINAL_EMBARQUE,SI
50e75595-024,50e75595-024,,ABSORBIDO,EYH843,CIRCUITO_LIQUIDO,Circuito líquido,NO_CLASIFICADO,EVIDENCIA_INSUFICIENTE_ABSORBIDO,0,2026-09-27T19:08:17.615-03:00,2026-09-27T20:59:43.597-03:00,111.43,0,PREINGRESO|LIQUIDO|CARGA_S8|BALANZA_EGRESO|CALADA|EGRESO,,SI
3ae10c32-91f,3ae10c32-91f,,ABSORBIDO,UUL425,R7,Ricardone → San Lorenzo,NO_CLASIFICADO,EVIDENCIA_INSUFICIENTE_ABSORBIDO,0,2026-09-27T19:45:17.666-03:00,2026-09-28T05:09:26.131-03:00,564.14,0,PREINGRESO|BALANZA_EGRESO|CARGA_S8|BALANZA_EGRESO|CALADA|SL_INGRESO|SL_BALANZA_INGRESO|CALADA|PREINGRESO|LIQUIDO|BALANZA_EGRESO|PREINGRESO|CALADA|SL_BALANZA_INGRESO|SL_EGRESO,TERMINAL_EMBARQUE,SI
435eb8c4-077,435eb8c4-077,,ABSORBIDO,UPW705,R7,Ricardone → San Lorenzo,NO_CLASIFICADO,EVIDENCIA_INSUFICIENTE_ABSORBIDO,0,2026-09-27T19:54:47.857-03:00,2026-09-28T00:33:35.901-03:00,278.8,0,PREINGRESO|CALADA|SL_INGRESO|SL_BALANZA_INGRESO|SL_EGRESO,TERMINAL_EMBARQUE,SI
6a35165a-df8,6a35165a-df8,,ABSORBIDO,DFP716,CIRCUITO_LIQUIDO,Circuito líquido,NO_CLASIFICADO,EVIDENCIA_INSUFICIENTE_ABSORBIDO,0,2026-09-27T19:56:47.547-03:00,2026-09-27T21:11:11.475-03:00,74.4,0,PREINGRESO|LIQUIDO|PLAYA|CARGA_S8|BALANZA_EGRESO|CALADA|EGRESO,,SI
27a87801-b98__cycle_2,27a87801-b98,,ABSORBIDO,RAW481,R7,Ricardone → San Lorenzo,NO_CLASIFICADO,EVIDENCIA_INSUFICIENTE_ABSORBIDO,0,2026-09-27T19:57:16.986-03:00,2026-09-28T00:31:39.774-03:00,274.38,0,PREINGRESO|LIQUIDO|BALANZA_EGRESO|SL_EGRESO,TERMINAL_EMBARQUE,SI
9a06db62-3b5,9a06db62-3b5,,ABSORBIDO,AA346YI,CIRCUITO_SAN_LORENZO,Circuito Ricardone → San Lorenzo,NO_CLASIFICADO,EVIDENCIA_INSUFICIENTE_ABSORBIDO,0,2026-09-27T20:09:56.552-03:00,2026-09-27T20:48:23.557-03:00,38.45,0,PREINGRESO|CALADA|EGRESO,,SI
53243777-e31,53243777-e31,,ABSORBIDO,RXV065,CIRCUITO_LIQUIDO,Circuito líquido,NO_CLASIFICADO,EVIDENCIA_INSUFICIENTE_ABSORBIDO,0,2026-09-27T20:20:54.832-03:00,2026-09-27T21:51:48.579-03:00,90.9,0,PREINGRESO|LIQUIDO|PLAYA|CARGA_S8|CALADA|EGRESO,,SI
fa0bdedd-730,fa0bdedd-730,,ABSORBIDO,GES056,CIRCUITO_LIQUIDO,Circuito líquido,NO_CLASIFICADO,EVIDENCIA_INSUFICIENTE_ABSORBIDO,0,2026-09-27T20:35:50.883-03:00,2026-09-27T21:52:34.661-03:00,76.73,0,PREINGRESO|LIQUIDO|CARGA_S8|BALANZA_EGRESO|CALADA|EGRESO,,SI
764c9fe2-f82,764c9fe2-f82,,ABSORBIDO,TAC436,R7,Ricardone → San Lorenzo,NO_CLASIFICADO,EVIDENCIA_INSUFICIENTE_ABSORBIDO,0,2026-09-27T20:46:41.665-03:00,2026-09-28T00:52:27.173-03:00,245.76,0,PREINGRESO|LIQUIDO|CARGA_S8|BALANZA_EGRESO|CALADA|SL_BALANZA_INGRESO|SL_EGRESO,TERMINAL_EMBARQUE,SI
de46a219-4f2,de46a219-4f2,,ABSORBIDO,UKL882,CIRCUITO_LIQUIDO,Circuito líquido,NO_CLASIFICADO,EVIDENCIA_INSUFICIENTE_ABSORBIDO,0,2026-09-27T20:48:20.521-03:00,2026-09-27T22:34:43.716-03:00,106.39,0,PREINGRESO|LIQUIDO|PLAYA|CARGA_S8|BALANZA_EGRESO|CALADA|EGRESO,,SI
95be749a-2be,95be749a-2be,,ABSORBIDO,AI381IP,CIRCUITO_SAN_LORENZO,Circuito Ricardone → San Lorenzo,NO_CLASIFICADO,EVIDENCIA_INSUFICIENTE_ABSORBIDO,0,2026-09-27T20:53:20.007-03:00,2026-09-27T23:07:33.352-03:00,134.22,0,PREINGRESO|CALADA|EGRESO,,SI
5e4a647c-3db,5e4a647c-3db,,ABSORBIDO,EVL273,REGISTRO_INCOMPLETO,Registro incompleto,NO_CLASIFICADO,EVIDENCIA_INSUFICIENTE_ABSORBIDO,0,2026-09-27T20:55:40.913-03:00,2026-09-27T23:51:49.579-03:00,176.14,0,SL_INGRESO|SL_BALANZA_INGRESO|SL_EGRESO,,SI
f789df9a-c84,f789df9a-c84,,ABSORBIDO,DGR440,CIRCUITO_LIQUIDO,Circuito líquido,NO_CLASIFICADO,EVIDENCIA_INSUFICIENTE_ABSORBIDO,0,2026-09-27T20:57:18.660-03:00,2026-09-27T22:39:40.134-03:00,102.36,0,PREINGRESO|LIQUIDO|PLAYA|CARGA_S8|BALANZA_EGRESO|CALADA|EGRESO,,SI
33e4163e-8c7,33e4163e-8c7,,ABSORBIDO,AG387SD,CIRCUITO_SAN_LORENZO,Circuito Ricardone → San Lorenzo,NO_CLASIFICADO,EVIDENCIA_INSUFICIENTE_ABSORBIDO,0,2026-09-27T20:58:21.464-03:00,2026-09-27T22:52:13.778-03:00,113.87,0,PREINGRESO|CALADA|EGRESO,,SI
299e791b-1df,299e791b-1df,,ABSORBIDO,BVS300,CIRCUITO_LIQUIDO,Circuito líquido,NO_CLASIFICADO,EVIDENCIA_INSUFICIENTE_ABSORBIDO,0,2026-09-27T21:08:00.537-03:00,2026-09-27T22:43:01.904-03:00,95.02,0,PREINGRESO|LIQUIDO|BALANZA_EGRESO|CALADA|EGRESO,,SI
7a3a4759-967,7a3a4759-967,,ABSORBIDO,EYH843,R7,Ricardone → San Lorenzo,NO_CLASIFICADO,EVIDENCIA_INSUFICIENTE_ABSORBIDO,0,2026-09-27T21:10:07.042-03:00,2026-09-28T00:24:40.527-03:00,194.56,0,SL_INGRESO|SL_BALANZA_INGRESO|SL_EGRESO,TERMINAL_EMBARQUE,SI
bb29a226-352,bb29a226-352,,ABSORBIDO,FDH917,R7,Ricardone → San Lorenzo,NO_CLASIFICADO,EVIDENCIA_INSUFICIENTE_ABSORBIDO,0,2026-09-27T21:19:33.856-03:00,2026-09-28T01:34:24.939-03:00,254.85,0,PREINGRESO|LIQUIDO|BALANZA_EGRESO|SL_INGRESO|SL_EGRESO,TERMINAL_EMBARQUE,SI
e1a2a263-38e,e1a2a263-38e,,ABSORBIDO,DFP716,R7,Ricardone → San Lorenzo,NO_CLASIFICADO,EVIDENCIA_INSUFICIENTE_ABSORBIDO,0,2026-09-27T21:22:56.765-03:00,2026-09-28T00:27:59.206-03:00,185.04,0,SL_INGRESO|SL_BALANZA_INGRESO|SL_VOLCABLE|SL_EGRESO,TERMINAL_EMBARQUE,SI
c34dd48e-888,c34dd48e-888,,ABSORBIDO,SZG666,REGISTRO_INCOMPLETO,Registro incompleto,NO_CLASIFICADO,EVIDENCIA_INSUFICIENTE_ABSORBIDO,0,2026-09-27T21:23:26.609-03:00,2026-09-27T22:39:52.276-03:00,76.43,0,SL_INGRESO|SL_BALANZA_INGRESO|UNKNOWN|SL_EGRESO,,SI
da5a624f-710,da5a624f-710,,ABSORBIDO,AE931AA,CIRCUITO_SAN_LORENZO,Circuito Ricardone → San Lorenzo,NO_CLASIFICADO,EVIDENCIA_INSUFICIENTE_ABSORBIDO,0,2026-09-27T21:30:39.658-03:00,2026-09-27T22:52:59.139-03:00,82.32,0,PREINGRESO|CALADA|EGRESO,,SI
3ff1b2b5-b33__cycle_2,3ff1b2b5-b33,,ABSORBIDO,RGV982,R7,Ricardone → San Lorenzo,NO_CLASIFICADO,EVIDENCIA_INSUFICIENTE_ABSORBIDO,0,2026-09-27T21:39:25.768-03:00,2026-09-28T00:19:06.514-03:00,159.68,0,PREINGRESO|CALADA|SL_BALANZA_INGRESO,TERMINAL_EMBARQUE,SI
11f8ebbc-d62,11f8ebbc-d62,,ABSORBIDO,OYX549,CIRCUITO_LIQUIDO,Circuito líquido,NO_CLASIFICADO,EVIDENCIA_INSUFICIENTE_ABSORBIDO,0,2026-09-27T21:42:25.379-03:00,2026-09-28T00:02:36.343-03:00,140.18,0,PREINGRESO|LIQUIDO|BALANZA_EGRESO|CARGA_S8|BALANZA_EGRESO|CALADA|EGRESO,,SI
a80446d1-c7b__cycle_2,a80446d1-c7b,,ABSORBIDO,KDE342,CIRCUITO_LIQUIDO,Circuito líquido,NO_CLASIFICADO,EVIDENCIA_INSUFICIENTE_ABSORBIDO,0,2026-09-27T21:48:28.438-03:00,2026-09-28T00:04:52.512-03:00,136.4,0,LIQUIDO|CARGA_S8|BALANZA_EGRESO|PLAYA|DESCARGA_S7|CALADA|EGRESO,,SI
13a1fc8a-1ea,13a1fc8a-1ea,,ABSORBIDO,RXV065,R7,Ricardone → San Lorenzo,NO_CLASIFICADO,EVIDENCIA_INSUFICIENTE_ABSORBIDO,0,2026-09-27T22:02:58.426-03:00,2026-09-28T00:38:27.097-03:00,155.48,0,SL_INGRESO|SL_BALANZA_INGRESO|SL_VOLCABLE|SL_EGRESO,TERMINAL_EMBARQUE,SI
5c22e4c5-ebb,5c22e4c5-ebb,,ABSORBIDO,GES056,R7,Ricardone → San Lorenzo,NO_CLASIFICADO,EVIDENCIA_INSUFICIENTE_ABSORBIDO,0,2026-09-27T22:04:12.272-03:00,2026-09-28T00:40:02.378-03:00,155.84,0,SL_INGRESO|SL_BALANZA_INGRESO|SL_EGRESO,TERMINAL_EMBARQUE,SI
520aea5c-50a,520aea5c-50a,,ABSORBIDO,XDS028,CIRCUITO_SAN_LORENZO,Circuito Ricardone → San Lorenzo,NO_CLASIFICADO,EVIDENCIA_INSUFICIENTE_ABSORBIDO,0,2026-09-27T22:05:54.180-03:00,2026-09-27T23:06:27.186-03:00,60.55,0,PREINGRESO|CALADA|EGRESO,,SI
57ba1574-208,57ba1574-208,,ABSORBIDO,AC704TH,CIRCUITO_SAN_LORENZO,Circuito Ricardone → San Lorenzo,NO_CLASIFICADO,EVIDENCIA_INSUFICIENTE_ABSORBIDO,0,2026-09-27T22:08:39.710-03:00,2026-09-27T23:01:42.369-03:00,53.04,0,PREINGRESO|CALADA|EGRESO,,SI
65a20f60-62b,65a20f60-62b,,ABSORBIDO,AI526KD,CIRCUITO_SAN_LORENZO,Circuito Ricardone → San Lorenzo,NO_CLASIFICADO,EVIDENCIA_INSUFICIENTE_ABSORBIDO,0,2026-09-27T22:09:33.313-03:00,2026-09-27T23:02:45.814-03:00,53.21,0,PREINGRESO|CALADA|EGRESO,,SI
46e81906-beb,46e81906-beb,,ABSORBIDO,BYZ572,CIRCUITO_SAN_LORENZO,Circuito Ricardone → San Lorenzo,NO_CLASIFICADO,EVIDENCIA_INSUFICIENTE_ABSORBIDO,0,2026-09-27T22:26:20.172-03:00,2026-09-27T23:09:52.319-03:00,43.54,0,PREINGRESO|CALADA|EGRESO,,SI
4e57c9f3-51b,4e57c9f3-51b,,ABSORBIDO,JMO216,CIRCUITO_SAN_LORENZO,Circuito Ricardone → San Lorenzo,NO_CLASIFICADO,EVIDENCIA_INSUFICIENTE_ABSORBIDO,0,2026-09-27T22:32:29.312-03:00,2026-09-27T23:15:43.619-03:00,43.24,0,PREINGRESO|CALADA|EGRESO,,SI
c8a7d8bd-787__cycle_1,c8a7d8bd-787,,ABSORBIDO,RQC013,R29,Transile externo Soja (Silos → Volcables puerto),NO_CLASIFICADO,EVIDENCIA_INSUFICIENTE_ABSORBIDO,0,2026-09-27T22:35:11.003-03:00,2026-09-28T00:41:39.806-03:00,126.48,0,PREINGRESO|LIQUIDO|BALANZA_EGRESO|CALADA|SL_INGRESO,RICARDONE,SI
848614c4-f32,848614c4-f32,,ABSORBIDO,UKL882,R7,Ricardone → San Lorenzo,NO_CLASIFICADO,EVIDENCIA_INSUFICIENTE_ABSORBIDO,0,2026-09-27T22:50:00.433-03:00,2026-09-28T01:01:15.984-03:00,131.26,0,SL_INGRESO|SL_BALANZA_INGRESO|SL_VOLCABLE|SL_EGRESO,TERMINAL_EMBARQUE,SI
d2a37e1b-109,d2a37e1b-109,,ABSORBIDO,MPO996,R7,Ricardone → San Lorenzo,NO_CLASIFICADO,EVIDENCIA_INSUFICIENTE_ABSORBIDO,0,2026-09-27T22:53:49.006-03:00,2026-09-28T01:07:12.887-03:00,133.4,0,SL_INGRESO|SL_BALANZA_INGRESO|SL_EGRESO,TERMINAL_EMBARQUE,SI
545797b3-6b3,545797b3-6b3,,ABSORBIDO,DGR440,R7,Ricardone → San Lorenzo,NO_CLASIFICADO,EVIDENCIA_INSUFICIENTE_ABSORBIDO,0,2026-09-27T22:54:19.165-03:00,2026-09-28T01:27:19.369-03:00,153,0,SL_INGRESO|SL_BALANZA_INGRESO|SL_EGRESO,TERMINAL_EMBARQUE,SI
978f78cd-e11,978f78cd-e11,,ABSORBIDO,BVS300,R7,Ricardone → San Lorenzo,NO_CLASIFICADO,EVIDENCIA_INSUFICIENTE_ABSORBIDO,0,2026-09-27T22:55:32.689-03:00,2026-09-28T01:26:50.077-03:00,151.29,0,SL_INGRESO|SL_BALANZA_INGRESO|SL_EGRESO,TERMINAL_EMBARQUE,SI
4f2b8b2d-7e6,4f2b8b2d-7e6,,ABSORBIDO,AG387SD,R7,Ricardone → San Lorenzo,NO_CLASIFICADO,EVIDENCIA_INSUFICIENTE_ABSORBIDO,0,2026-09-27T23:01:34.631-03:00,2026-09-28T03:24:19.468-03:00,262.75,0,SL_INGRESO|SL_BALANZA_INGRESO|SL_EGRESO,TERMINAL_EMBARQUE,SI
63dba009-dae,63dba009-dae,,ABSORBIDO,AE931AA,R7,Ricardone → San Lorenzo,NO_CLASIFICADO,EVIDENCIA_INSUFICIENTE_ABSORBIDO,0,2026-09-27T23:03:06.237-03:00,2026-09-28T03:22:00.093-03:00,258.9,0,SL_INGRESO|SL_VOLCABLE|SL_EGRESO,TERMINAL_EMBARQUE,SI
5a257b27-dee,5a257b27-dee,,ABSORBIDO,AC704TH,R7,Ricardone → San Lorenzo,NO_CLASIFICADO,EVIDENCIA_INSUFICIENTE_ABSORBIDO,0,2026-09-27T23:12:02.910-03:00,2026-09-28T01:04:55.232-03:00,112.87,0,SL_INGRESO|SL_BALANZA_INGRESO|SL_EGRESO,TERMINAL_EMBARQUE,SI
af32cdd9-d21,af32cdd9-d21,,ABSORBIDO,AI526KD,R7,Ricardone → San Lorenzo,NO_CLASIFICADO,EVIDENCIA_INSUFICIENTE_ABSORBIDO,0,2026-09-27T23:13:45.875-03:00,2026-09-28T03:31:10.440-03:00,257.41,0,SL_INGRESO|SL_BALANZA_INGRESO|SL_VOLCABLE|SL_EGRESO,TERMINAL_EMBARQUE,SI
9a5edab8-d48,9a5edab8-d48,,ABSORBIDO,XDS028,R7,Ricardone → San Lorenzo,NO_CLASIFICADO,EVIDENCIA_INSUFICIENTE_ABSORBIDO,0,2026-09-27T23:17:52.129-03:00,2026-09-28T03:42:13.706-03:00,264.36,0,SL_INGRESO|SL_BALANZA_INGRESO|SL_EGRESO,TERMINAL_EMBARQUE,SI
29e9c213-b23,29e9c213-b23,,ABSORBIDO,BYZ572,R7,Ricardone → San Lorenzo,NO_CLASIFICADO,EVIDENCIA_INSUFICIENTE_ABSORBIDO,0,2026-09-27T23:18:29.491-03:00,2026-09-28T03:39:11.233-03:00,260.7,0,SL_INGRESO|SL_BALANZA_INGRESO|SL_EGRESO,TERMINAL_EMBARQUE,SI
9a7b4a10-4b4,9a7b4a10-4b4,,ABSORBIDO,AI381IP,R7,Ricardone → San Lorenzo,NO_CLASIFICADO,EVIDENCIA_INSUFICIENTE_ABSORBIDO,0,2026-09-27T23:19:53.254-03:00,2026-09-28T03:37:27.751-03:00,257.57,0,SL_INGRESO|SL_BALANZA_INGRESO|SL_VOLCABLE|SL_EGRESO,TERMINAL_EMBARQUE,SI
11352878-f0e,11352878-f0e,,ABSORBIDO,AA665VR,CIRCUITO_SAN_LORENZO,Circuito Ricardone → San Lorenzo,NO_CLASIFICADO,EVIDENCIA_INSUFICIENTE_ABSORBIDO,0,2026-09-27T23:21:05.964-03:00,2026-09-27T23:27:48.861-03:00,6.71,0,PREINGRESO|EGRESO,,SI
28ccdcaa-091,28ccdcaa-091,,ABSORBIDO,AI097YF,CIRCUITO_SAN_LORENZO,Circuito Ricardone → San Lorenzo,NO_CLASIFICADO,EVIDENCIA_INSUFICIENTE_ABSORBIDO,0,2026-09-27T23:25:51.740-03:00,2026-09-27T23:44:21.240-03:00,18.49,0,PREINGRESO|CALADA|EGRESO,,SI
68fd5311-9a8,68fd5311-9a8,,ABSORBIDO,JMO216,R7,Ricardone → San Lorenzo,NO_CLASIFICADO,EVIDENCIA_INSUFICIENTE_ABSORBIDO,0,2026-09-27T23:28:43.527-03:00,2026-09-28T04:54:21.449-03:00,325.63,0,SL_INGRESO|SL_BALANZA_INGRESO|SL_VOLCABLE|SL_EGRESO,TERMINAL_EMBARQUE,SI
f130f52e-bd4,f130f52e-bd4,,ABSORBIDO,AE236VL,CIRCUITO_SAN_LORENZO,Circuito Ricardone → San Lorenzo,NO_CLASIFICADO,EVIDENCIA_INSUFICIENTE_ABSORBIDO,0,2026-09-27T23:31:54.481-03:00,2026-09-28T00:26:48.908-03:00,54.91,0,PREINGRESO|CALADA|EGRESO,,SI
fc08ac10-b16,fc08ac10-b16,,ABSORBIDO,AC293WB,CIRCUITO_SAN_LORENZO,Circuito Ricardone → San Lorenzo,NO_CLASIFICADO,EVIDENCIA_INSUFICIENTE_ABSORBIDO,0,2026-09-27T23:32:33.363-03:00,2026-09-28T00:19:01.362-03:00,46.47,0,PREINGRESO|CALADA|EGRESO,,SI
466c786f-dc1,466c786f-dc1,,ABSORBIDO,AA665VR,REGISTRO_INCOMPLETO,Registro incompleto,NO_CLASIFICADO,EVIDENCIA_INSUFICIENTE_ABSORBIDO,0,2026-09-27T23:36:19.554-03:00,2026-09-28T02:46:18.396-03:00,189.98,0,SL_INGRESO|SL_BALANZA_INGRESO|UNKNOWN|SL_EGRESO,TERMINAL_EMBARQUE,SI
622300db-fc0,622300db-fc0,,ABSORBIDO,EEW075,R7,Ricardone → San Lorenzo,NO_CLASIFICADO,EVIDENCIA_INSUFICIENTE_ABSORBIDO,0,2026-09-27T23:40:40.609-03:00,2026-09-28T01:36:16.504-03:00,115.6,0,SL_INGRESO|SL_BALANZA_INGRESO|SL_EGRESO,TERMINAL_EMBARQUE,SI
83f4e6c1-772,83f4e6c1-772,,ABSORBIDO,MXC915,CIRCUITO_SAN_LORENZO,Circuito Ricardone → San Lorenzo,NO_CLASIFICADO,EVIDENCIA_INSUFICIENTE_ABSORBIDO,0,2026-09-27T23:52:22.553-03:00,2026-09-28T00:29:51.559-03:00,37.48,0,PREINGRESO|CALADA|EGRESO,,SI
044e4a0e-035,044e4a0e-035,,ABSORBIDO,AI097YF,R7,Ricardone → San Lorenzo,NO_CLASIFICADO,EVIDENCIA_INSUFICIENTE_ABSORBIDO,0,2026-09-27T23:55:33.724-03:00,2026-09-28T03:55:33.105-03:00,239.99,0,SL_INGRESO|SL_BALANZA_INGRESO|SL_VOLCABLE|SL_BALANZA_SALIDA|SL_EGRESO,TERMINAL_EMBARQUE,SI
31454034-c36,31454034-c36,,ABSORBIDO,BFL279,CIRCUITO_SAN_LORENZO,Circuito Ricardone → San Lorenzo,NO_CLASIFICADO,EVIDENCIA_INSUFICIENTE_ABSORBIDO,0,2026-09-28T00:03:59.314-03:00,2026-09-28T00:33:45.173-03:00,29.76,0,PREINGRESO|CALADA|EGRESO,,SI
9f8dcb61-195,9f8dcb61-195,,ABSORBIDO,OYX549,R7,Ricardone → San Lorenzo,NO_CLASIFICADO,EVIDENCIA_INSUFICIENTE_ABSORBIDO,0,2026-09-28T00:12:07.302-03:00,2026-09-28T01:47:23.771-03:00,95.27,0,SL_INGRESO|SL_BALANZA_INGRESO|SL_EGRESO,TERMINAL_EMBARQUE,SI
552a6330-143,552a6330-143,,ABSORBIDO,KDE342,R7,Ricardone → San Lorenzo,NO_CLASIFICADO,EVIDENCIA_INSUFICIENTE_ABSORBIDO,0,2026-09-28T00:13:12.744-03:00,2026-09-28T01:46:58.401-03:00,93.76,0,SL_INGRESO|SL_BALANZA_INGRESO|SL_VOLCABLE|SL_EGRESO,TERMINAL_EMBARQUE,SI
97b17b20-55a,97b17b20-55a,,ABSORBIDO,EVL273,R29,Transile externo Soja (Silos → Volcables puerto),NO_CLASIFICADO,EVIDENCIA_INSUFICIENTE_ABSORBIDO,0,2026-09-28T00:13:34.785-03:00,2026-09-28T01:16:38.523-03:00,63.06,0,PREINGRESO|LIQUIDO|PLAYA|CALADA|EGRESO,RICARDONE,SI
19a9f00d-45a,19a9f00d-45a,,ABSORBIDO,AC293WB,R7,Ricardone → San Lorenzo,NO_CLASIFICADO,EVIDENCIA_INSUFICIENTE_ABSORBIDO,0,2026-09-28T00:27:33.995-03:00,2026-09-28T03:59:50.888-03:00,212.28,0,SL_INGRESO|SL_BALANZA_INGRESO|SL_BALANZA_SALIDA|SL_EGRESO,TERMINAL_EMBARQUE,SI
937c94fc-bf6,937c94fc-bf6,,ABSORBIDO,AI054HW,CIRCUITO_SAN_LORENZO,Circuito Ricardone → San Lorenzo,NO_CLASIFICADO,EVIDENCIA_INSUFICIENTE_ABSORBIDO,0,2026-09-28T00:32:48.695-03:00,2026-09-28T04:48:04.883-03:00,255.27,0,PREINGRESO|CALADA|EGRESO,,SI
483b5a26-fe8,483b5a26-fe8,,ABSORBIDO,EYH843,R29,Transile externo Soja (Silos → Volcables puerto),NO_CLASIFICADO,EVIDENCIA_INSUFICIENTE_ABSORBIDO,0,2026-09-28T00:35:18.223-03:00,2026-09-28T01:29:33.582-03:00,54.26,0,PREINGRESO|LIQUIDO|CARGA_S8|BALANZA_EGRESO|CALADA|EGRESO,RICARDONE,SI
3266d7ef-254,3266d7ef-254,,ABSORBIDO,AE236VL,R7,Ricardone → San Lorenzo,NO_CLASIFICADO,EVIDENCIA_INSUFICIENTE_ABSORBIDO,0,2026-09-28T00:35:48.665-03:00,2026-09-28T04:26:45.422-03:00,230.95,0,SL_INGRESO|SL_BALANZA_INGRESO|SL_VOLCABLE|SL_EGRESO,TERMINAL_EMBARQUE,SI
bdfeb774-498,bdfeb774-498,,ABSORBIDO,DFP716,R29,Transile externo Soja (Silos → Volcables puerto),NO_CLASIFICADO,EVIDENCIA_INSUFICIENTE_ABSORBIDO,0,2026-09-28T00:37:21.190-03:00,2026-09-28T01:38:58.303-03:00,61.62,0,PREINGRESO|LIQUIDO|PLAYA|BALANZA_EGRESO|CALADA|EGRESO,RICARDONE,SI
3c68bb21-ebd,3c68bb21-ebd,,ABSORBIDO,MXC915,R7,Ricardone → San Lorenzo,NO_CLASIFICADO,EVIDENCIA_INSUFICIENTE_ABSORBIDO,0,2026-09-28T00:39:46.437-03:00,2026-09-28T04:32:50.670-03:00,233.07,0,SL_INGRESO|SL_BALANZA_INGRESO|SL_VOLCABLE|SL_EGRESO,TERMINAL_EMBARQUE,SI
93b189d5-7a9,93b189d5-7a9,,ABSORBIDO,RAW481,R29,Transile externo Soja (Silos → Volcables puerto),NO_CLASIFICADO,EVIDENCIA_INSUFICIENTE_ABSORBIDO,0,2026-09-28T00:40:23.521-03:00,2026-09-28T02:54:42.678-03:00,134.32,0,PREINGRESO|LIQUIDO|BALANZA_EGRESO|CALADA|SL_INGRESO|SL_EGRESO,RICARDONE,SI
10e1e571-141,10e1e571-141,,ABSORBIDO,UPW705,R29,Transile externo Soja (Silos → Volcables puerto),NO_CLASIFICADO,EVIDENCIA_INSUFICIENTE_ABSORBIDO,0,2026-09-28T00:43:08.853-03:00,2026-09-28T02:14:47.309-03:00,91.64,0,PREINGRESO|LIQUIDO|PLAYA|CARGA_S8|BALANZA_EGRESO|CALADA|EGRESO,RICARDONE,SI
a837fc95-d34,a837fc95-d34,,ABSORBIDO,BFL279,R7,Ricardone → San Lorenzo,NO_CLASIFICADO,EVIDENCIA_INSUFICIENTE_ABSORBIDO,0,2026-09-28T00:43:58.934-03:00,2026-09-28T04:56:35.183-03:00,252.6,0,SL_INGRESO|SL_BALANZA_INGRESO|SL_VOLCABLE|SL_EGRESO,TERMINAL_EMBARQUE,SI
6e59884b-dfc,6e59884b-dfc,,ABSORBIDO,RXV065,R29,Transile externo Soja (Silos → Volcables puerto),NO_CLASIFICADO,EVIDENCIA_INSUFICIENTE_ABSORBIDO,0,2026-09-28T00:48:59.732-03:00,2026-09-28T02:15:20.591-03:00,86.35,0,PREINGRESO|LIQUIDO|PLAYA|CARGA_S8|BALANZA_EGRESO|CALADA|EGRESO,RICARDONE,SI
30705ca6-16f,30705ca6-16f,,ABSORBIDO,GES056,R29,Transile externo Soja (Silos → Volcables puerto),NO_CLASIFICADO,EVIDENCIA_INSUFICIENTE_ABSORBIDO,0,2026-09-28T00:51:36.940-03:00,2026-09-28T02:57:39.349-03:00,126.04,0,PREINGRESO|LIQUIDO|BALANZA_EGRESO|CALADA|SL_INGRESO|SL_BALANZA_INGRESO|SL_EGRESO,RICARDONE,SI
2c484315-dd3,2c484315-dd3,,ABSORBIDO,TAC436,R29,Transile externo Soja (Silos → Volcables puerto),NO_CLASIFICADO,EVIDENCIA_INSUFICIENTE_ABSORBIDO,0,2026-09-28T01:07:56.676-03:00,2026-09-28T03:14:59.645-03:00,127.05,0,PREINGRESO|LIQUIDO|CARGA_S8|BALANZA_EGRESO|CALADA|SL_INGRESO|SL_BALANZA_INGRESO|SL_EGRESO,RICARDONE,SI
d92dee28-706,d92dee28-706,,ABSORBIDO,AH960KL,CIRCUITO_SAN_LORENZO,Circuito Ricardone → San Lorenzo,NO_CLASIFICADO,EVIDENCIA_INSUFICIENTE_ABSORBIDO,0,2026-09-28T01:10:15.963-03:00,2026-09-28T04:48:32.807-03:00,218.28,0,PREINGRESO|CALADA|EGRESO,,SI
3beaefb6-946,3beaefb6-946,,ABSORBIDO,UKL882,R29,Transile externo Soja (Silos → Volcables puerto),NO_CLASIFICADO,EVIDENCIA_INSUFICIENTE_ABSORBIDO,0,2026-09-28T01:13:47.418-03:00,2026-09-28T02:44:07.091-03:00,90.33,0,PREINGRESO|LIQUIDO|PLAYA|CARGA_S8|BALANZA_EGRESO|CALADA|EGRESO,RICARDONE,SI
52af0600-ce5,52af0600-ce5,,ABSORBIDO,LII252,CIRCUITO_SAN_LORENZO,Circuito Ricardone → San Lorenzo,NO_CLASIFICADO,EVIDENCIA_INSUFICIENTE_ABSORBIDO,0,2026-09-28T01:20:19.199-03:00,2026-09-28T04:52:32.601-03:00,212.22,0,PREINGRESO|CALADA|EGRESO,,SI
cb079e15-12e__cycle_3,cb079e15-12e,,ABSORBIDO,AAE877,R7,Ricardone → San Lorenzo,NO_CLASIFICADO,EVIDENCIA_INSUFICIENTE_ABSORBIDO,0,2026-09-28T01:27:23.943-03:00,2026-09-28T10:34:14.425-03:00,546.84,0,PREINGRESO|LIQUIDO|BALANZA_EGRESO|LIQUIDO|BALANZA_EGRESO|SL_INGRESO|SL_BALANZA_INGRESO|SL_VOLCABLE|SL_EGRESO,TERMINAL_EMBARQUE,SI
688d3e40-6a8,688d3e40-6a8,,ABSORBIDO,EVL273,REGISTRO_INCOMPLETO,Registro incompleto,NO_CLASIFICADO,EVIDENCIA_INSUFICIENTE_ABSORBIDO,0,2026-09-28T01:28:11.648-03:00,2026-09-28T01:54:54.191-03:00,26.71,0,SL_INGRESO|SL_BALANZA_INGRESO|SL_EGRESO,,SI
caf0ddb2-53f,caf0ddb2-53f,,ABSORBIDO,IJQ906,R7,Ricardone → San Lorenzo,NO_CLASIFICADO,EVIDENCIA_INSUFICIENTE_ABSORBIDO,0,2026-09-28T01:35:10.933-03:00,2026-09-28T07:34:54.004-03:00,359.72,0,PREINGRESO|SL_BALANZA_INGRESO|SL_VOLCABLE|SL_EGRESO,TERMINAL_EMBARQUE,SI
7c1abbc0-1c8,7c1abbc0-1c8,,ABSORBIDO,BVS300,R29,Transile externo Soja (Silos → Volcables puerto),NO_CLASIFICADO,EVIDENCIA_INSUFICIENTE_ABSORBIDO,0,2026-09-28T01:37:01.339-03:00,2026-09-28T02:57:52.898-03:00,80.86,0,PREINGRESO|LIQUIDO|BALANZA_EGRESO|EGRESO,RICARDONE,SI
21c45015-b5d,21c45015-b5d,,ABSORBIDO,EYH843,REGISTRO_INCOMPLETO,Registro incompleto,NO_CLASIFICADO,EVIDENCIA_INSUFICIENTE_ABSORBIDO,0,2026-09-28T01:37:57.203-03:00,2026-09-28T02:21:09.793-03:00,43.21,0,SL_INGRESO|SL_BALANZA_INGRESO|SL_EGRESO,,SI
bc9a70a7-4ee__cycle_2,bc9a70a7-4ee,,ABSORBIDO,UWX998,R7,Ricardone → San Lorenzo,NO_CLASIFICADO,EVIDENCIA_INSUFICIENTE_ABSORBIDO,0,2026-09-28T01:42:38.811-03:00,2026-09-28T10:32:26.662-03:00,529.8,0,LIQUIDO|LIQUIDO|BALANZA_EGRESO|SL_VOLCABLE|SL_EGRESO,TERMINAL_EMBARQUE,SI
95cada1a-1ba,95cada1a-1ba,,ABSORBIDO,EEW075,R29,Transile externo Soja (Silos → Volcables puerto),NO_CLASIFICADO,EVIDENCIA_INSUFICIENTE_ABSORBIDO,0,2026-09-28T01:46:18.410-03:00,2026-09-28T03:39:46.807-03:00,113.47,0,PREINGRESO|LIQUIDO|PLAYA|CARGA_S8|BALANZA_EGRESO|CALADA|EGRESO,RICARDONE,SI
e38a2866-7b6__cycle_2,e38a2866-7b6,,ABSORBIDO,CIE516,R7,Ricardone → San Lorenzo,NO_CLASIFICADO,EVIDENCIA_INSUFICIENTE_ABSORBIDO,0,2026-09-28T01:47:24.576-03:00,2026-09-28T10:42:07.054-03:00,534.71,0,PREINGRESO|BALANZA_EGRESO|CALADA|SL_INGRESO|SL_VOLCABLE|SL_EGRESO,TERMINAL_EMBARQUE,SI
24f62933-ad3,24f62933-ad3,,ABSORBIDO,DFP716,REGISTRO_INCOMPLETO,Registro incompleto,NO_CLASIFICADO,EVIDENCIA_INSUFICIENTE_ABSORBIDO,0,2026-09-28T01:47:41.475-03:00,2026-09-28T02:11:19.877-03:00,23.64,0,SL_INGRESO|SL_BALANZA_INGRESO|SL_VOLCABLE|SL_EGRESO,,SI
1fbb3827-7bc__cycle_1,1fbb3827-7bc,,ABSORBIDO,OLC967,DESPACHO_SIN_PUNTO_INSTRUMENTADO,Despacho / descarga sin punto instrumentado,NO_CLASIFICADO,EVIDENCIA_INSUFICIENTE_ABSORBIDO,0,2026-09-28T01:54:44.039-03:00,2026-09-28T04:51:11.054-03:00,176.45,0,PREINGRESO|CALADA,,SI
3c009e76-175,3c009e76-175,,ABSORBIDO,SZG666,SL1,Recepción Carga OSL San Lorenzo,NO_CLASIFICADO,EVIDENCIA_INSUFICIENTE_ABSORBIDO,0,2026-09-28T01:56:13.747-03:00,2026-09-28T03:11:03.910-03:00,74.84,0,SL_INGRESO|SL_BALANZA_INGRESO|UNKNOWN|SL_EGRESO,TERMINAL_EMBARQUE,SI
243994a4-a12,243994a4-a12,,ABSORBIDO,OYX549,R29,Transile externo Soja (Silos → Volcables puerto),NO_CLASIFICADO,EVIDENCIA_INSUFICIENTE_ABSORBIDO,0,2026-09-28T02:03:02.390-03:00,2026-09-28T04:00:44.799-03:00,117.71,0,PREINGRESO|LIQUIDO|PLAYA|CARGA_S8|BALANZA_EGRESO|CALADA|EGRESO,RICARDONE,SI
c8a7d8bd-787__cycle_2,c8a7d8bd-787,,ABSORBIDO,RQC013,R29,Transile externo Soja (Silos → Volcables puerto),NO_CLASIFICADO,EVIDENCIA_INSUFICIENTE_ABSORBIDO,0,2026-09-28T02:04:25.753-03:00,2026-09-28T05:34:17.728-03:00,209.87,0,PREINGRESO|LIQUIDO|BALANZA_EGRESO|CALADA|SL_EGRESO,RICARDONE,SI
0496fd2a-962,0496fd2a-962,,ABSORBIDO,EVL273,R29,Transile externo Soja (Silos → Volcables puerto),NO_CLASIFICADO,EVIDENCIA_INSUFICIENTE_ABSORBIDO,0,2026-09-28T02:04:53.118-03:00,2026-09-28T04:18:40.380-03:00,133.79,0,PREINGRESO|LIQUIDO|PLAYA|BALANZA_EGRESO|CALADA|EGRESO,RICARDONE,SI
5b4d21de-14e,5b4d21de-14e,,ABSORBIDO,DFP716,R29,Transile externo Soja (Silos → Volcables puerto),NO_CLASIFICADO,EVIDENCIA_INSUFICIENTE_ABSORBIDO,0,2026-09-28T02:22:21.659-03:00,2026-09-28T04:56:41.415-03:00,154.33,0,PREINGRESO|LIQUIDO|PLAYA|CARGA_S8|BALANZA_EGRESO|CALADA|EGRESO,RICARDONE,SI
d0f6f4ef-494,d0f6f4ef-494,,ABSORBIDO,KSV305,CIRCUITO_SAN_LORENZO,Circuito Ricardone → San Lorenzo,NO_CLASIFICADO,EVIDENCIA_INSUFICIENTE_ABSORBIDO,0,2026-09-28T02:23:36.062-03:00,2026-09-28T05:08:23.057-03:00,164.78,0,PREINGRESO|CALADA|EGRESO,,SI
799be0b1-d36,799be0b1-d36,,ABSORBIDO,UPW705,REGISTRO_INCOMPLETO,Registro incompleto,NO_CLASIFICADO,EVIDENCIA_INSUFICIENTE_ABSORBIDO,0,2026-09-28T02:26:11.052-03:00,2026-09-28T02:42:54.075-03:00,16.72,0,SL_INGRESO|SL_BALANZA_INGRESO|SL_VOLCABLE|SL_EGRESO,,SI
ad10a50c-c54,ad10a50c-c54,,ABSORBIDO,RXV065,REGISTRO_INCOMPLETO,Registro incompleto,NO_CLASIFICADO,EVIDENCIA_INSUFICIENTE_ABSORBIDO,0,2026-09-28T02:26:39.453-03:00,2026-09-28T02:43:47.016-03:00,17.13,0,SL_INGRESO|SL_BALANZA_INGRESO|SL_EGRESO,,SI
0e9f19e9-e20,0e9f19e9-e20,,ABSORBIDO,EYH843,R29,Transile externo Soja (Silos → Volcables puerto),NO_CLASIFICADO,EVIDENCIA_INSUFICIENTE_ABSORBIDO,0,2026-09-28T02:31:34.649-03:00,2026-09-28T05:03:45.041-03:00,152.17,0,PREINGRESO|LIQUIDO|CARGA_S8|BALANZA_EGRESO|CALADA|EGRESO,RICARDONE,SI
8ad39394-c81,8ad39394-c81,,ABSORBIDO,IXP859,R7,Ricardone → San Lorenzo,NO_CLASIFICADO,EVIDENCIA_INSUFICIENTE_ABSORBIDO,0,2026-09-28T02:43:50.280-03:00,2026-09-28T03:10:31.297-03:00,26.68,0,SL_BALANZA_INGRESO|SL_EGRESO,TERMINAL_EMBARQUE,SI
851be1be-904,851be1be-904,,ABSORBIDO,UKL882,REGISTRO_INCOMPLETO,Registro incompleto,NO_CLASIFICADO,EVIDENCIA_INSUFICIENTE_ABSORBIDO,0,2026-09-28T02:54:49.095-03:00,2026-09-28T03:53:05.886-03:00,58.28,0,SL_INGRESO|SL_BALANZA_INGRESO|SL_VOLCABLE|SL_EGRESO,,SI
dc3ac47c-9e0,dc3ac47c-9e0,,ABSORBIDO,UPW705,R29,Transile externo Soja (Silos → Volcables puerto),NO_CLASIFICADO,EVIDENCIA_INSUFICIENTE_ABSORBIDO,0,2026-09-28T02:54:59.051-03:00,2026-09-28T05:17:41.011-03:00,142.7,0,PREINGRESO|PLAYA|CALADA|EGRESO,RICARDONE,SI
4c0f9ab1-98b,4c0f9ab1-98b,,ABSORBIDO,RXV065,R29,Transile externo Soja (Silos → Volcables puerto),NO_CLASIFICADO,EVIDENCIA_INSUFICIENTE_ABSORBIDO,0,2026-09-28T02:55:28.174-03:00,2026-09-28T05:18:16.133-03:00,142.8,0,PREINGRESO|LIQUIDO|PLAYA|CARGA_S8|BALANZA_EGRESO|CALADA|EGRESO,RICARDONE,SI
7f74ab7b-b20,7f74ab7b-b20,,ABSORBIDO,RAW481,R29,Transile externo Soja (Silos → Volcables puerto),NO_CLASIFICADO,EVIDENCIA_INSUFICIENTE_ABSORBIDO,0,2026-09-28T03:06:36.291-03:00,2026-09-28T09:59:24.750-03:00,412.81,0,PREINGRESO|LIQUIDO|BALANZA_EGRESO|CALADA|SL_EGRESO,RICARDONE,SI
00711dfa-90e,00711dfa-90e,,ABSORBIDO,BVS300,REGISTRO_INCOMPLETO,Registro incompleto,NO_CLASIFICADO,EVIDENCIA_INSUFICIENTE_ABSORBIDO,0,2026-09-28T03:09:18.826-03:00,2026-09-28T04:15:59.281-03:00,66.67,0,SL_INGRESO|SL_BALANZA_INGRESO|SL_EGRESO,,SI
50870c34-6d1,50870c34-6d1,,ABSORBIDO,GES056,R29,Transile externo Soja (Silos → Volcables puerto),NO_CLASIFICADO,EVIDENCIA_INSUFICIENTE_ABSORBIDO,0,2026-09-28T03:10:22.546-03:00,2026-09-28T05:36:28.596-03:00,146.1,0,PREINGRESO|LIQUIDO|BALANZA_EGRESO|CALADA|EGRESO,RICARDONE,SI
b90cada8-694,b90cada8-694,,ABSORBIDO,TAC436,R29,Transile externo Soja (Silos → Volcables puerto),NO_CLASIFICADO,EVIDENCIA_INSUFICIENTE_ABSORBIDO,0,2026-09-28T03:26:16.840-03:00,2026-09-28T10:16:13.073-03:00,409.94,0,PREINGRESO|LIQUIDO|CARGA_S8|BALANZA_EGRESO|CALADA|SL_INGRESO|SL_BALANZA_INGRESO|SL_VOLCABLE|SL_EGRESO,RICARDONE,SI
e95e801e-7c2,e95e801e-7c2,,ABSORBIDO,EEW075,REGISTRO_INCOMPLETO,Registro incompleto,NO_CLASIFICADO,EVIDENCIA_INSUFICIENTE_ABSORBIDO,0,2026-09-28T03:51:12.331-03:00,2026-09-28T05:16:31.901-03:00,85.33,0,SL_INGRESO|SL_BALANZA_INGRESO|SL_VOLCABLE|SL_EGRESO,,SI
57fc0f7f-b5f__cycle_1,57fc0f7f-b5f,,ABSORBIDO,BXD555,DESPACHO_SIN_PUNTO_INSTRUMENTADO,Despacho / descarga sin punto instrumentado,NO_CLASIFICADO,EVIDENCIA_INSUFICIENTE_ABSORBIDO,0,2026-09-28T03:58:41.353-03:00,2026-09-28T05:01:09.597-03:00,62.47,0,PREINGRESO|CALADA,,SI
97adf270-0df,97adf270-0df,,ABSORBIDO,UKL882,R29,Transile externo Soja (Silos → Volcables puerto),NO_CLASIFICADO,EVIDENCIA_INSUFICIENTE_ABSORBIDO,0,2026-09-28T04:03:44.253-03:00,2026-09-28T06:08:45.830-03:00,125.03,0,PREINGRESO|LIQUIDO|PLAYA|CARGA_S8|BALANZA_EGRESO|CALADA|EGRESO,RICARDONE,SI
4dff5c77-b0d,4dff5c77-b0d,,ABSORBIDO,AG991NM,CIRCUITO_SAN_LORENZO,Circuito Ricardone → San Lorenzo,NO_CLASIFICADO,EVIDENCIA_INSUFICIENTE_ABSORBIDO,0,2026-09-28T04:09:16.910-03:00,2026-09-28T05:13:04.995-03:00,63.8,0,PREINGRESO|CALADA|EGRESO,,SI
e46008c3-91e,e46008c3-91e,,ABSORBIDO,OYX549,REGISTRO_INCOMPLETO,Registro incompleto,NO_CLASIFICADO,EVIDENCIA_INSUFICIENTE_ABSORBIDO,0,2026-09-28T04:10:09.439-03:00,2026-09-28T05:26:44.906-03:00,76.59,0,SL_INGRESO|SL_BALANZA_INGRESO|SL_EGRESO,,SI
7da9f71e-1c5,7da9f71e-1c5,,ABSORBIDO,AF688II,CIRCUITO_SAN_LORENZO,Circuito Ricardone → San Lorenzo,NO_CLASIFICADO,EVIDENCIA_INSUFICIENTE_ABSORBIDO,0,2026-09-28T04:13:57.968-03:00,2026-09-28T05:18:59.735-03:00,65.03,0,PREINGRESO|EGRESO,,SI
cb814270-9a0,cb814270-9a0,,ABSORBIDO,EVL273,REGISTRO_INCOMPLETO,Registro incompleto,NO_CLASIFICADO,EVIDENCIA_INSUFICIENTE_ABSORBIDO,0,2026-09-28T04:27:50.766-03:00,2026-09-28T05:36:33.361-03:00,68.71,0,SL_INGRESO|SL_BALANZA_INGRESO|SL_VOLCABLE|SL_EGRESO,,SI
ba8bfa87-cac,ba8bfa87-cac,,ABSORBIDO,BVS300,R29,Transile externo Soja (Silos → Volcables puerto),NO_CLASIFICADO,EVIDENCIA_INSUFICIENTE_ABSORBIDO,0,2026-09-28T04:29:42.744-03:00,2026-09-28T06:21:24.834-03:00,111.7,0,PREINGRESO|LIQUIDO|EGRESO,RICARDONE,SI
bbe7eafd-936,bbe7eafd-936,,ABSORBIDO,BCD343,DESPACHO_SIN_PUNTO_INSTRUMENTADO,Despacho / descarga sin punto instrumentado,NO_CLASIFICADO,EVIDENCIA_INSUFICIENTE_ABSORBIDO,0,2026-09-28T04:34:20.829-03:00,2026-09-28T04:54:41.408-03:00,20.34,0,CALADA|EGRESO,,SI
daa6cc11-20f,daa6cc11-20f,,ABSORBIDO,WGG348,SL1,Recepción Carga OSL San Lorenzo,NO_CLASIFICADO,EVIDENCIA_INSUFICIENTE_ABSORBIDO,0,2026-09-28T04:38:05.469-03:00,2026-09-28T10:19:05.502-03:00,341,0,SL_INGRESO|SL_CALADA|SL_BALANZA_INGRESO|UNKNOWN|SL_LIQUIDO_CARGA|SL_EGRESO,TERMINAL_EMBARQUE,SI
d4391ca2-c6f,d4391ca2-c6f,,ABSORBIDO,OFG785,SL1,Recepción Carga OSL San Lorenzo,NO_CLASIFICADO,EVIDENCIA_INSUFICIENTE_ABSORBIDO,0,2026-09-28T04:43:31.970-03:00,2026-09-28T11:10:54.797-03:00,387.38,0,SL_INGRESO|SL_CALADA|SL_BALANZA_INGRESO|SL_LIQUIDO_CARGA|SL_EGRESO,TERMINAL_EMBARQUE,SI
afc8908a-d79,afc8908a-d79,,ABSORBIDO,AD302YL,R7,Ricardone → San Lorenzo,NO_CLASIFICADO,EVIDENCIA_INSUFICIENTE_ABSORBIDO,0,2026-09-28T04:43:48.721-03:00,2026-09-28T05:58:02.953-03:00,74.24,0,CALADA|SL_BALANZA_INGRESO|SL_VOLCABLE|SL_EGRESO,TERMINAL_EMBARQUE,SI
237eb16b-796,237eb16b-796,,ABSORBIDO,AF495CG,CIRCUITO_SAN_LORENZO,Circuito Ricardone → San Lorenzo,NO_CLASIFICADO,EVIDENCIA_INSUFICIENTE_ABSORBIDO,0,2026-09-28T04:52:53.410-03:00,2026-09-28T05:17:05.087-03:00,24.19,0,PREINGRESO|CALADA|EGRESO,,SI
7829c1ee-2b7,7829c1ee-2b7,,ABSORBIDO,FEA642,SL1,Recepción Carga OSL San Lorenzo,NO_CLASIFICADO,EVIDENCIA_INSUFICIENTE_ABSORBIDO,0,2026-09-28T04:54:48.648-03:00,2026-09-28T12:08:22.856-03:00,433.57,0,SL_INGRESO|SL_CALADA|SL_BALANZA_INGRESO|UNKNOWN|SL_LIQUIDO_CARGA|SL_EGRESO,TERMINAL_EMBARQUE,SI
411b4adf-1ea,411b4adf-1ea,,ABSORBIDO,AI054HW,R7,Ricardone → San Lorenzo,NO_CLASIFICADO,EVIDENCIA_INSUFICIENTE_ABSORBIDO,0,2026-09-28T04:57:41.057-03:00,2026-09-28T06:11:34.518-03:00,73.89,0,SL_INGRESO|SL_VOLCABLE|SL_EGRESO,TERMINAL_EMBARQUE,SI
e214a153-b1e,e214a153-b1e,,ABSORBIDO,AH960KL,R7,Ricardone → San Lorenzo,NO_CLASIFICADO,EVIDENCIA_INSUFICIENTE_ABSORBIDO,0,2026-09-28T04:58:39.142-03:00,2026-09-28T06:14:14.342-03:00,75.59,0,SL_INGRESO|SL_BALANZA_INGRESO|SL_VOLCABLE|SL_EGRESO,TERMINAL_EMBARQUE,SI
114ef1cc-dff,114ef1cc-dff,,ABSORBIDO,LII252,R7,Ricardone → San Lorenzo,NO_CLASIFICADO,EVIDENCIA_INSUFICIENTE_ABSORBIDO,0,2026-09-28T05:00:45.231-03:00,2026-09-28T06:20:19.087-03:00,79.56,0,SL_INGRESO|SL_BALANZA_INGRESO|SL_EGRESO,TERMINAL_EMBARQUE,SI
4810c672-cd7,4810c672-cd7,,ABSORBIDO,BCD343,R7,Ricardone → San Lorenzo,NO_CLASIFICADO,EVIDENCIA_INSUFICIENTE_ABSORBIDO,0,2026-09-28T05:04:20.361-03:00,2026-09-28T06:29:13.141-03:00,84.88,0,SL_INGRESO|SL_VOLCABLE|SL_EGRESO,TERMINAL_EMBARQUE,SI
8e478bbb-25c,8e478bbb-25c,,ABSORBIDO,DFP716,REGISTRO_INCOMPLETO,Registro incompleto,NO_CLASIFICADO,EVIDENCIA_INSUFICIENTE_ABSORBIDO,0,2026-09-28T05:05:55.167-03:00,2026-09-28T06:35:37.295-03:00,89.7,0,SL_INGRESO|SL_BALANZA_INGRESO|SL_VOLCABLE|SL_EGRESO,,SI
4cbd0548-c27,4cbd0548-c27,,ABSORBIDO,AC237NF,R7,Ricardone → San Lorenzo,NO_CLASIFICADO,EVIDENCIA_INSUFICIENTE_ABSORBIDO,0,2026-09-28T05:10:54.894-03:00,2026-09-28T11:47:53.524-03:00,396.98,0,CALADA|SL_BALANZA_INGRESO|SL_EGRESO,TERMINAL_EMBARQUE,SI
3228a0b2-879,3228a0b2-879,,ABSORBIDO,EYH843,REGISTRO_INCOMPLETO,Registro incompleto,NO_CLASIFICADO,EVIDENCIA_INSUFICIENTE_ABSORBIDO,0,2026-09-28T05:13:57.915-03:00,2026-09-28T07:42:55.197-03:00,148.95,0,SL_INGRESO|SL_BALANZA_INGRESO|SL_VOLCABLE|SL_EGRESO,,SI
b3e67317-11a,b3e67317-11a,,ABSORBIDO,KSV305,R7,Ricardone → San Lorenzo,NO_CLASIFICADO,EVIDENCIA_INSUFICIENTE_ABSORBIDO,0,2026-09-28T05:18:52.331-03:00,2026-09-28T09:46:17.115-03:00,267.41,0,SL_INGRESO|SL_VOLCABLE|SL_EGRESO,TERMINAL_EMBARQUE,SI
7ccbb0ea-d59,7ccbb0ea-d59,,ABSORBIDO,AI049XQ,CIRCUITO_SAN_LORENZO,Circuito Ricardone → San Lorenzo,NO_CLASIFICADO,EVIDENCIA_INSUFICIENTE_ABSORBIDO,0,2026-09-28T05:19:23.261-03:00,2026-09-28T07:51:32.270-03:00,152.15,0,PREINGRESO|CALADA|EGRESO,,SI
78b8a683-8de,78b8a683-8de,,ABSORBIDO,AG991NM,R7,Ricardone → San Lorenzo,NO_CLASIFICADO,EVIDENCIA_INSUFICIENTE_ABSORBIDO,0,2026-09-28T05:23:52.191-03:00,2026-09-28T11:26:51.940-03:00,363,0,SL_INGRESO|SL_BALANZA_INGRESO|SL_VOLCABLE|SL_EGRESO,TERMINAL_EMBARQUE,SI
4c06dba8-326,4c06dba8-326,,ABSORBIDO,UUL425,R29,Transile externo Soja (Silos → Volcables puerto),NO_CLASIFICADO,EVIDENCIA_INSUFICIENTE_ABSORBIDO,0,2026-09-28T05:26:01.926-03:00,2026-09-28T08:21:40.054-03:00,175.64,0,PREINGRESO|CALADA|CARGA_S8|BALANZA_EGRESO|PREINGRESO|CALADA|EGRESO,RICARDONE,SI
6bc2b19a-550,6bc2b19a-550,,ABSORBIDO,AF495CG,R7,Ricardone → San Lorenzo,NO_CLASIFICADO,EVIDENCIA_INSUFICIENTE_ABSORBIDO,0,2026-09-28T05:26:11.637-03:00,2026-09-28T11:29:12.716-03:00,363.02,0,SL_INGRESO|SL_BALANZA_INGRESO|SL_VOLCABLE|SL_EGRESO,TERMINAL_EMBARQUE,SI
f8e79220-e6b,f8e79220-e6b,,ABSORBIDO,EEW075,R29,Transile externo Soja (Silos → Volcables puerto),NO_CLASIFICADO,EVIDENCIA_INSUFICIENTE_ABSORBIDO,0,2026-09-28T05:26:33.848-03:00,2026-09-28T07:43:30.481-03:00,136.94,0,PREINGRESO|LIQUIDO|BALANZA_EGRESO|CALADA|EGRESO,RICARDONE,SI
e5bd2773-ad3,e5bd2773-ad3,,ABSORBIDO,DCR052,CIRCUITO_SAN_LORENZO,Circuito Ricardone → San Lorenzo,NO_CLASIFICADO,EVIDENCIA_INSUFICIENTE_ABSORBIDO,0,2026-09-28T05:28:43.856-03:00,2026-09-28T08:04:44.236-03:00,156.01,0,PREINGRESO|CALADA|EGRESO,,SI
bcdf4379-b32,bcdf4379-b32,,ABSORBIDO,RXV065,REGISTRO_INCOMPLETO,Registro incompleto,NO_CLASIFICADO,EVIDENCIA_INSUFICIENTE_ABSORBIDO,0,2026-09-28T05:30:58.855-03:00,2026-09-28T09:55:00.164-03:00,264.02,0,SL_INGRESO|SL_BALANZA_INGRESO|SL_VOLCABLE|SL_EGRESO,,SI
2a86c658-be8,2a86c658-be8,,ABSORBIDO,AF688II,R7,Ricardone → San Lorenzo,NO_CLASIFICADO,EVIDENCIA_INSUFICIENTE_ABSORBIDO,0,2026-09-28T05:31:20.776-03:00,2026-09-28T11:41:10.683-03:00,369.83,0,SL_INGRESO|SL_BALANZA_INGRESO|SL_VOLCABLE|SL_EGRESO,TERMINAL_EMBARQUE,SI
0bbdbb27-287,0bbdbb27-287,,ABSORBIDO,CGS172,R29,Transile externo Soja (Silos → Volcables puerto),NO_CLASIFICADO,EVIDENCIA_INSUFICIENTE_ABSORBIDO,0,2026-09-28T05:36:17.720-03:00,2026-09-28T08:24:38.625-03:00,168.35,0,PREINGRESO|LIQUIDO|PLAYA|CARGA_S8|BALANZA_EGRESO|CALADA|EGRESO,RICARDONE,SI
09829d87-8f8,09829d87-8f8,,ABSORBIDO,OXN241,CIRCUITO_SAN_LORENZO,Circuito Ricardone → San Lorenzo,NO_CLASIFICADO,EVIDENCIA_INSUFICIENTE_ABSORBIDO,0,2026-09-28T05:41:46.139-03:00,2026-09-28T08:02:01.186-03:00,140.25,0,PREINGRESO|CALADA|EGRESO,,SI
037292e1-783,037292e1-783,,ABSORBIDO,RQC013,R29,Transile externo Soja (Silos → Volcables puerto),NO_CLASIFICADO,EVIDENCIA_INSUFICIENTE_ABSORBIDO,0,2026-09-28T05:45:03.431-03:00,2026-09-28T08:42:28.605-03:00,177.42,0,PREINGRESO|LIQUIDO|CARGA_S8|BALANZA_EGRESO|CALADA|EGRESO,RICARDONE,SI
f9bef420-2a4,f9bef420-2a4,,ABSORBIDO,EVL273,R29,Transile externo Soja (Silos → Volcables puerto),NO_CLASIFICADO,EVIDENCIA_INSUFICIENTE_ABSORBIDO,0,2026-09-28T05:46:41.836-03:00,2026-09-28T08:53:40.190-03:00,186.97,0,PREINGRESO|LIQUIDO|PLAYA|BALANZA_EGRESO|CALADA|EGRESO,RICARDONE,SI
86b28549-d0a,86b28549-d0a,,ABSORBIDO,GES056,REGISTRO_INCOMPLETO,Registro incompleto,NO_CLASIFICADO,EVIDENCIA_INSUFICIENTE_ABSORBIDO,0,2026-09-28T05:48:06.676-03:00,2026-09-28T10:09:27.751-03:00,261.35,0,SL_INGRESO|SL_BALANZA_INGRESO|SL_VOLCABLE|SL_BALANZA_SALIDA|SL_EGRESO,,SI
809de22a-332,809de22a-332,,ABSORBIDO,RNM392,R29,Transile externo Soja (Silos → Volcables puerto),NO_CLASIFICADO,EVIDENCIA_INSUFICIENTE_ABSORBIDO,0,2026-09-28T06:01:18.450-03:00,2026-09-28T09:04:50.310-03:00,183.53,0,PREINGRESO|LIQUIDO|PLAYA|CARGA_S8|BALANZA_EGRESO|CALADA|EGRESO,RICARDONE,SI
3581c949-958,3581c949-958,,ABSORBIDO,LSL463,CIRCUITO_SAN_LORENZO,Circuito Ricardone → San Lorenzo,NO_CLASIFICADO,EVIDENCIA_INSUFICIENTE_ABSORBIDO,0,2026-09-28T06:06:14.625-03:00,2026-09-28T08:18:14.763-03:00,132,0,PREINGRESO|CALADA|EGRESO,,SI
6754b0b8-2e9,6754b0b8-2e9,,ABSORBIDO,AC085XD,CIRCUITO_SAN_LORENZO,Circuito Ricardone → San Lorenzo,NO_CLASIFICADO,EVIDENCIA_INSUFICIENTE_ABSORBIDO,0,2026-09-28T06:10:37.120-03:00,2026-09-28T08:19:54.609-03:00,129.29,0,PREINGRESO|CALADA|EGRESO,,SI
103f60e7-fc2,103f60e7-fc2,,ABSORBIDO,AD195CG,SL1,Recepción Carga OSL San Lorenzo,NO_CLASIFICADO,EVIDENCIA_INSUFICIENTE_ABSORBIDO,0,2026-09-28T06:15:40.852-03:00,2026-09-28T13:10:35.040-03:00,414.9,0,SL_INGRESO|SL_CALADA|SL_BALANZA_INGRESO|UNKNOWN|SL_LIQUIDO_CARGA|SL_EGRESO,TERMINAL_EMBARQUE,SI
2fb2d0d5-1f7,2fb2d0d5-1f7,,ABSORBIDO,UKL882,REGISTRO_INCOMPLETO,Registro incompleto,NO_CLASIFICADO,EVIDENCIA_INSUFICIENTE_ABSORBIDO,0,2026-09-28T06:18:26.063-03:00,2026-09-28T10:26:32.320-03:00,248.1,0,SL_INGRESO|SL_BALANZA_INGRESO|SL_VOLCABLE|SL_EGRESO,,SI
ba83b19d-ee2,ba83b19d-ee2,,ABSORBIDO,JBN715,CIRCUITO_SAN_LORENZO,Circuito Ricardone → San Lorenzo,NO_CLASIFICADO,EVIDENCIA_INSUFICIENTE_ABSORBIDO,0,2026-09-28T06:24:02.768-03:00,2026-09-28T07:03:31.301-03:00,39.48,0,PREINGRESO|EGRESO,,SI
d83ff30a-978,d83ff30a-978,,ABSORBIDO,SCG152,SL1,Recepción Carga OSL San Lorenzo,NO_CLASIFICADO,EVIDENCIA_INSUFICIENTE_ABSORBIDO,0,2026-09-28T06:29:54.343-03:00,2026-09-28T14:23:14.760-03:00,473.34,0,SL_INGRESO|SL_CALADA|SL_BALANZA_INGRESO|UNKNOWN|SL_LIQUIDO_CARGA|SL_EGRESO,TERMINAL_EMBARQUE,SI
396e3fb9-885,396e3fb9-885,,ABSORBIDO,BVS300,REGISTRO_INCOMPLETO,Registro incompleto,NO_CLASIFICADO,EVIDENCIA_INSUFICIENTE_ABSORBIDO,0,2026-09-28T06:31:06.827-03:00,2026-09-28T10:25:52.504-03:00,234.76,0,SL_INGRESO|SL_BALANZA_INGRESO|SL_VOLCABLE|SL_EGRESO,,SI
13b691a0-030,13b691a0-030,,ABSORBIDO,KAD727,CIRCUITO_SAN_LORENZO,Circuito Ricardone → San Lorenzo,NO_CLASIFICADO,EVIDENCIA_INSUFICIENTE_ABSORBIDO,0,2026-09-28T06:40:58.826-03:00,2026-09-28T07:05:34.829-03:00,24.6,0,PREINGRESO|EGRESO,,SI
05902067-5e3,05902067-5e3,,ABSORBIDO,BTS626,SL1,Recepción Carga OSL San Lorenzo,NO_CLASIFICADO,EVIDENCIA_INSUFICIENTE_ABSORBIDO,0,2026-09-28T06:41:55.103-03:00,2026-09-28T08:51:58.153-03:00,130.05,0,SL_INGRESO|SL_BALANZA_INGRESO|UNKNOWN|SL_EGRESO,TERMINAL_EMBARQUE,SI
6a4d763a-a5c,6a4d763a-a5c,,ABSORBIDO,AC927DN,CIRCUITO_SAN_LORENZO,Circuito Ricardone → San Lorenzo,NO_CLASIFICADO,EVIDENCIA_INSUFICIENTE_ABSORBIDO,0,2026-09-28T06:42:16.193-03:00,2026-09-28T08:14:42.190-03:00,92.43,0,PREINGRESO|CALADA|EGRESO,,SI
0af390fc-773,0af390fc-773,,ABSORBIDO,JEF191,CIRCUITO_SAN_LORENZO,Circuito Ricardone → San Lorenzo,NO_CLASIFICADO,EVIDENCIA_INSUFICIENTE_ABSORBIDO,0,2026-09-28T06:42:47.715-03:00,2026-09-28T08:15:08.511-03:00,92.35,0,PREINGRESO|CALADA|EGRESO,,SI
7bd277a5-7d3,7bd277a5-7d3,,ABSORBIDO,EFA323,CIRCUITO_SAN_LORENZO,Circuito Ricardone → San Lorenzo,NO_CLASIFICADO,EVIDENCIA_INSUFICIENTE_ABSORBIDO,0,2026-09-28T06:43:40.918-03:00,2026-09-28T07:04:34.905-03:00,20.9,0,PREINGRESO|EGRESO,,SI
8b5d1ba9-619,8b5d1ba9-619,,ABSORBIDO,AI082AP,CIRCUITO_SAN_LORENZO,Circuito Ricardone → San Lorenzo,NO_CLASIFICADO,EVIDENCIA_INSUFICIENTE_ABSORBIDO,0,2026-09-28T06:49:12.055-03:00,2026-09-28T08:16:42.678-03:00,87.51,0,PREINGRESO|CALADA|EGRESO,,SI
67f071e7-4f3,67f071e7-4f3,,ABSORBIDO,DFP716,R29,Transile externo Soja (Silos → Volcables puerto),NO_CLASIFICADO,EVIDENCIA_INSUFICIENTE_ABSORBIDO,0,2026-09-28T07:12:08.298-03:00,2026-09-28T09:15:13.386-03:00,123.08,0,PREINGRESO|LIQUIDO|PLAYA|CARGA_S8|BALANZA_EGRESO|CALADA|EGRESO,RICARDONE,SI
99999f7b-2dd,99999f7b-2dd,,ABSORBIDO,JBN715,REGISTRO_INCOMPLETO,Registro incompleto,NO_CLASIFICADO,EVIDENCIA_INSUFICIENTE_ABSORBIDO,0,2026-09-28T07:14:22.578-03:00,2026-09-28T13:20:31.478-03:00,366.15,0,SL_INGRESO|SL_BALANZA_INGRESO|UNKNOWN|SL_EGRESO,TERMINAL_EMBARQUE,SI
0173e149-ad8,0173e149-ad8,,ABSORBIDO,NTB872,CIRCUITO_SAN_LORENZO,Circuito Ricardone → San Lorenzo,NO_CLASIFICADO,EVIDENCIA_INSUFICIENTE_ABSORBIDO,0,2026-09-28T07:15:04.067-03:00,2026-09-28T08:27:19.594-03:00,72.26,0,PREINGRESO|EGRESO,,SI
5c4308a4-0fd,5c4308a4-0fd,,ABSORBIDO,AH050CZ,CIRCUITO_SAN_LORENZO,Circuito Ricardone → San Lorenzo,NO_CLASIFICADO,EVIDENCIA_INSUFICIENTE_ABSORBIDO,0,2026-09-28T07:16:00.069-03:00,2026-09-28T08:30:33.286-03:00,74.55,0,PREINGRESO|CALADA|EGRESO,,SI
0440e567-0c3,0440e567-0c3,,ABSORBIDO,AYB759,R29,Transile externo Soja (Silos → Volcables puerto),NO_CLASIFICADO,EVIDENCIA_INSUFICIENTE_ABSORBIDO,0,2026-09-28T07:16:59.594-03:00,2026-09-28T09:28:51.114-03:00,131.86,0,PREINGRESO|LIQUIDO|PLAYA|CARGA_S8|BALANZA_EGRESO|CALADA|EGRESO,RICARDONE,SI
308cdafe-4d4,308cdafe-4d4,,ABSORBIDO,KAD727,REGISTRO_INCOMPLETO,Registro incompleto,NO_CLASIFICADO,EVIDENCIA_INSUFICIENTE_ABSORBIDO,0,2026-09-28T07:17:30.427-03:00,2026-09-28T13:19:57.545-03:00,362.45,0,SL_INGRESO|SL_BALANZA_INGRESO|UNKNOWN|UNKNOWN|SL_EGRESO,TERMINAL_EMBARQUE,SI
005f8df8-af7__cycle_2,005f8df8-af7,,ABSORBIDO,VRA989,R29,Transile externo Soja (Silos → Volcables puerto),NO_CLASIFICADO,EVIDENCIA_INSUFICIENTE_ABSORBIDO,0,2026-09-28T07:17:56.476-03:00,2026-09-28T09:34:45.855-03:00,136.82,0,PREINGRESO|PLAYA|BALANZA_EGRESO|CALADA|EGRESO,RICARDONE,SI
bea73ecb-74a,bea73ecb-74a,,ABSORBIDO,EFA323,REGISTRO_INCOMPLETO,Registro incompleto,NO_CLASIFICADO,EVIDENCIA_INSUFICIENTE_ABSORBIDO,0,2026-09-28T07:19:24.353-03:00,2026-09-28T13:21:48.069-03:00,362.4,0,SL_INGRESO|SL_BALANZA_INGRESO|UNKNOWN|SL_EGRESO,TERMINAL_EMBARQUE,SI
1ece3bf5-873,1ece3bf5-873,,ABSORBIDO,AA326VM,CIRCUITO_SAN_LORENZO,Circuito Ricardone → San Lorenzo,NO_CLASIFICADO,EVIDENCIA_INSUFICIENTE_ABSORBIDO,0,2026-09-28T07:20:52.728-03:00,2026-09-28T08:24:19.985-03:00,63.45,0,PREINGRESO|CALADA|EGRESO,,SI
7b370e9f-d4a,7b370e9f-d4a,,ABSORBIDO,AA719GV,CIRCUITO_SAN_LORENZO,Circuito Ricardone → San Lorenzo,NO_CLASIFICADO,EVIDENCIA_INSUFICIENTE_ABSORBIDO,0,2026-09-28T07:21:41.932-03:00,2026-09-28T08:28:30.239-03:00,66.81,0,PREINGRESO|CALADA|EGRESO,,SI
461c06dc-187,461c06dc-187,,ABSORBIDO,BHL749,R7,Ricardone → San Lorenzo,NO_CLASIFICADO,EVIDENCIA_INSUFICIENTE_ABSORBIDO,0,2026-09-28T07:22:25.164-03:00,2026-09-28T10:38:27.446-03:00,196.04,0,SL_INGRESO|SL_CALADA|SL_BALANZA_INGRESO|SL_VOLCABLE|SL_EGRESO,TERMINAL_EMBARQUE,SI
511366a8-8fc__cycle_1,511366a8-8fc,,ABSORBIDO,KOQ228,REGISTRO_INCOMPLETO,Registro incompleto,NO_CLASIFICADO,EVIDENCIA_INSUFICIENTE_ABSORBIDO,0,2026-09-28T07:23:43.011-03:00,2026-09-28T08:33:49.281-03:00,70.1,0,SL_INGRESO|SL_CALADA|SL_BALANZA_INGRESO|UNKNOWN,,SI
bab46011-eb0,bab46011-eb0,,ABSORBIDO,AA703FC,REGISTRO_INCOMPLETO,Registro incompleto,NO_CLASIFICADO,EVIDENCIA_INSUFICIENTE_ABSORBIDO,0,2026-09-28T07:25:48.698-03:00,2026-09-28T07:46:37.366-03:00,20.81,0,SL_INGRESO|SL_BALANZA_INGRESO|UNKNOWN|SL_EGRESO,TERMINAL_EMBARQUE,SI
805da700-10a,805da700-10a,,ABSORBIDO,OAT016,CIRCUITO_SAN_LORENZO,Circuito Ricardone → San Lorenzo,NO_CLASIFICADO,EVIDENCIA_INSUFICIENTE_ABSORBIDO,0,2026-09-28T07:26:00.584-03:00,2026-09-28T08:28:58.880-03:00,62.97,0,PREINGRESO|CALADA|EGRESO,,SI
fd8a89ef-2b3,fd8a89ef-2b3,,ABSORBIDO,CCO763,CIRCUITO_SAN_LORENZO,Circuito Ricardone → San Lorenzo,NO_CLASIFICADO,EVIDENCIA_INSUFICIENTE_ABSORBIDO,0,2026-09-28T07:28:34.675-03:00,2026-09-28T08:37:30.430-03:00,68.93,0,PREINGRESO|CALADA|EGRESO,,SI
716cb216-529,716cb216-529,,ABSORBIDO,MIP763,R7,Ricardone → San Lorenzo,NO_CLASIFICADO,EVIDENCIA_INSUFICIENTE_ABSORBIDO,0,2026-09-28T07:28:37.804-03:00,2026-09-28T07:40:27.458-03:00,11.83,0,SL_VOLCABLE|SL_EGRESO,TERMINAL_EMBARQUE,SI
81ec0c45-e48__cycle_1,81ec0c45-e48,,ABSORBIDO,AE247CD,DESPACHO_SIN_PUNTO_INSTRUMENTADO,Despacho / descarga sin punto instrumentado,NO_CLASIFICADO,EVIDENCIA_INSUFICIENTE_ABSORBIDO,0,2026-09-28T07:29:57.640-03:00,2026-09-28T08:25:21.158-03:00,55.39,0,PREINGRESO|CALADA,,SI
9091cb57-552,9091cb57-552,,ABSORBIDO,EAO104,SL1,Recepción Carga OSL San Lorenzo,NO_CLASIFICADO,EVIDENCIA_INSUFICIENTE_ABSORBIDO,0,2026-09-28T07:30:35.273-03:00,2026-09-28T08:43:02.139-03:00,72.45,0,SL_INGRESO|SL_CALADA|SL_BALANZA_INGRESO|SL_EGRESO,TERMINAL_EMBARQUE,SI
9229d812-4d5,9229d812-4d5,,ABSORBIDO,FEA810,DESPACHO_SIN_PUNTO_INSTRUMENTADO,Despacho / descarga sin punto instrumentado,NO_CLASIFICADO,EVIDENCIA_INSUFICIENTE_ABSORBIDO,0,2026-09-28T07:34:16.376-03:00,2026-09-28T09:39:04.829-03:00,124.81,0,PREINGRESO|BALANZA_EGRESO|EGRESO,,SI
81de40eb-405,81de40eb-405,,ABSORBIDO,AI357BQ,CIRCUITO_SAN_LORENZO,Circuito Ricardone → San Lorenzo,NO_CLASIFICADO,EVIDENCIA_INSUFICIENTE_ABSORBIDO,0,2026-09-28T07:35:38.700-03:00,2026-09-28T08:32:52.573-03:00,57.23,0,PREINGRESO|CALADA|EGRESO,,SI
24cdc20a-d4d,24cdc20a-d4d,,ABSORBIDO,LGZ704,SL1,Recepción Carga OSL San Lorenzo,NO_CLASIFICADO,EVIDENCIA_INSUFICIENTE_ABSORBIDO,0,2026-09-28T07:40:31.129-03:00,2026-09-28T09:40:00.300-03:00,119.49,0,SL_CALADA|SL_BALANZA_INGRESO|SL_EGRESO,TERMINAL_EMBARQUE,SI
9294fc3a-284__cycle_1,9294fc3a-284,,ABSORBIDO,AE422TI,DESPACHO_SIN_PUNTO_INSTRUMENTADO,Despacho / descarga sin punto instrumentado,NO_CLASIFICADO,EVIDENCIA_INSUFICIENTE_ABSORBIDO,0,2026-09-28T07:51:36.036-03:00,2026-09-28T08:28:20.892-03:00,36.75,0,PREINGRESO|CALADA,,SI
94649616-ee2,94649616-ee2,,ABSORBIDO,EEW075,REGISTRO_INCOMPLETO,Registro incompleto,NO_CLASIFICADO,EVIDENCIA_INSUFICIENTE_ABSORBIDO,0,2026-09-28T07:51:45.829-03:00,2026-09-28T10:39:30.992-03:00,167.75,0,SL_INGRESO|SL_BALANZA_INGRESO|SL_VOLCABLE|SL_EGRESO,,SI
1cc14e43-ee8,1cc14e43-ee8,,ABSORBIDO,LYQ463,DESPACHO_SIN_PUNTO_INSTRUMENTADO,Despacho / descarga sin punto instrumentado,NO_CLASIFICADO,EVIDENCIA_INSUFICIENTE_ABSORBIDO,0,2026-09-28T07:56:45.275-03:00,2026-09-28T08:09:43.133-03:00,12.96,0,CALADA|EGRESO,,SI
0c60c0fe-cb6__cycle_1,0c60c0fe-cb6,,ABSORBIDO,AE886SA,DESPACHO_SIN_PUNTO_INSTRUMENTADO,Despacho / descarga sin punto instrumentado,NO_CLASIFICADO,EVIDENCIA_INSUFICIENTE_ABSORBIDO,0,2026-09-28T07:56:52.454-03:00,2026-09-28T08:34:05.828-03:00,37.22,0,PREINGRESO|CALADA,,SI
d9086980-12f__cycle_2,d9086980-12f,,ABSORBIDO,AA875OG,SL1,Recepción Carga OSL San Lorenzo,NO_CLASIFICADO,EVIDENCIA_INSUFICIENTE_ABSORBIDO,0,2026-09-28T08:00:04.246-03:00,2026-09-28T09:12:51.655-03:00,72.79,0,SL_CALADA|SL_BALANZA_INGRESO|SL_LIQUIDO_CARGA|SL_EGRESO,TERMINAL_EMBARQUE,SI
16d42c96-ec2,16d42c96-ec2,,ABSORBIDO,AI049XQ,R7,Ricardone → San Lorenzo,NO_CLASIFICADO,EVIDENCIA_INSUFICIENTE_ABSORBIDO,0,2026-09-28T08:04:29.392-03:00,2026-09-28T12:21:37.546-03:00,257.14,0,SL_INGRESO|SL_BALANZA_INGRESO|SL_VOLCABLE|SL_EGRESO,TERMINAL_EMBARQUE,SI
aa0dbfe5-aeb,aa0dbfe5-aeb,,ABSORBIDO,FFU874,SL1,Recepción Carga OSL San Lorenzo,NO_CLASIFICADO,EVIDENCIA_INSUFICIENTE_ABSORBIDO,0,2026-09-28T08:07:33.826-03:00,2026-09-28T11:37:40.119-03:00,210.1,0,SL_CALADA|SL_BALANZA_INGRESO|UNKNOWN|SL_LIQUIDO_CARGA|SL_EGRESO,TERMINAL_EMBARQUE,SI
10ab84f3-9c5,10ab84f3-9c5,,ABSORBIDO,OLL626,SL1,Recepción Carga OSL San Lorenzo,NO_CLASIFICADO,EVIDENCIA_INSUFICIENTE_ABSORBIDO,0,2026-09-28T08:08:40.368-03:00,2026-09-28T09:35:05.788-03:00,86.42,0,SL_INGRESO|SL_BALANZA_INGRESO|UNKNOWN|SL_EGRESO,TERMINAL_EMBARQUE,SI
c8b2e7e3-132,c8b2e7e3-132,,ABSORBIDO,AGR963,SL1,Recepción Carga OSL San Lorenzo,NO_CLASIFICADO,EVIDENCIA_INSUFICIENTE_ABSORBIDO,0,2026-09-28T08:12:00.372-03:00,2026-09-28T12:39:31.975-03:00,267.53,0,SL_CALADA|SL_LIQUIDO_CARGA|SL_EGRESO,TERMINAL_EMBARQUE,SI
40af5b4d-711,40af5b4d-711,,ABSORBIDO,OXH533,R7,Ricardone → San Lorenzo,NO_CLASIFICADO,EVIDENCIA_INSUFICIENTE_ABSORBIDO,0,2026-09-28T08:15:42.231-03:00,2026-09-28T12:31:45.868-03:00,256.06,0,SL_INGRESO|SL_BALANZA_INGRESO|SL_VOLCABLE|SL_EGRESO,TERMINAL_EMBARQUE,SI
613fff7b-44c,613fff7b-44c,,ABSORBIDO,OXN241,R7,Ricardone → San Lorenzo,NO_CLASIFICADO,EVIDENCIA_INSUFICIENTE_ABSORBIDO,0,2026-09-28T08:17:00.317-03:00,2026-09-28T12:29:11.046-03:00,252.18,0,SL_INGRESO|SL_BALANZA_INGRESO|SL_VOLCABLE|SL_EGRESO,TERMINAL_EMBARQUE,SI
8d9fe7a3-2dd,8d9fe7a3-2dd,,ABSORBIDO,HAQ820,SL1,Recepción Carga OSL San Lorenzo,NO_CLASIFICADO,EVIDENCIA_INSUFICIENTE_ABSORBIDO,0,2026-09-28T08:17:27.143-03:00,2026-09-28T13:44:11.423-03:00,326.74,0,SL_CALADA|SL_BALANZA_INGRESO|UNKNOWN|SL_LIQUIDO_CARGA|SL_EGRESO,TERMINAL_EMBARQUE,SI
99958348-3a6,99958348-3a6,,ABSORBIDO,DCR052,R7,Ricardone → San Lorenzo,NO_CLASIFICADO,EVIDENCIA_INSUFICIENTE_ABSORBIDO,0,2026-09-28T08:17:47.838-03:00,2026-09-28T12:52:07.517-03:00,274.33,0,SL_INGRESO|SL_BALANZA_INGRESO|SL_VOLCABLE|SL_EGRESO,TERMINAL_EMBARQUE,SI
7f2cd5d9-74a,7f2cd5d9-74a,,ABSORBIDO,PMK919,CIRCUITO_SAN_LORENZO,Circuito Ricardone → San Lorenzo,NO_CLASIFICADO,EVIDENCIA_INSUFICIENTE_ABSORBIDO,0,2026-09-28T08:17:56.448-03:00,2026-09-28T08:25:23.908-03:00,7.46,0,PREINGRESO|EGRESO,,SI
bd69962b-a34,bd69962b-a34,,ABSORBIDO,EPH797,REGISTRO_INCOMPLETO,Registro incompleto,NO_CLASIFICADO,EVIDENCIA_INSUFICIENTE_ABSORBIDO,0,2026-09-28T08:18:26.804-03:00,2026-09-28T08:59:36.697-03:00,41.16,0,SL_INGRESO|SL_BALANZA_INGRESO|UNKNOWN|SL_EGRESO,TERMINAL_EMBARQUE,SI
045a8b0c-e6d,045a8b0c-e6d,,ABSORBIDO,MWH059,SL1,Recepción Carga OSL San Lorenzo,NO_CLASIFICADO,EVIDENCIA_INSUFICIENTE_ABSORBIDO,0,2026-09-28T08:20:30.792-03:00,2026-09-28T10:43:34.489-03:00,143.06,0,SL_INGRESO|SL_CALADA|SL_BALANZA_INGRESO|UNKNOWN|SL_LIQUIDO_CARGA|SL_EGRESO,TERMINAL_EMBARQUE,SI
193e28b0-453,193e28b0-453,,ABSORBIDO,LYQ463,R7,Ricardone → San Lorenzo,NO_CLASIFICADO,EVIDENCIA_INSUFICIENTE_ABSORBIDO,0,2026-09-28T08:21:18.419-03:00,2026-09-28T12:23:11.456-03:00,241.88,0,SL_INGRESO|SL_BALANZA_INGRESO|SL_VOLCABLE,TERMINAL_EMBARQUE,SI
e73c5ce2-f11,e73c5ce2-f11,,ABSORBIDO,EYH843,R29,Transile externo Soja (Silos → Volcables puerto),NO_CLASIFICADO,EVIDENCIA_INSUFICIENTE_ABSORBIDO,0,2026-09-28T08:21:26.778-03:00,2026-09-28T10:01:49.230-03:00,100.37,0,PREINGRESO|LIQUIDO|PLAYA|CARGA_S8|BALANZA_EGRESO|CALADA|EGRESO,RICARDONE,SI
de63c940-f18,de63c940-f18,,ABSORBIDO,AE845AO,CIRCUITO_SAN_LORENZO,Circuito Ricardone → San Lorenzo,NO_CLASIFICADO,EVIDENCIA_INSUFICIENTE_ABSORBIDO,0,2026-09-28T08:22:17.663-03:00,2026-09-28T09:02:05.901-03:00,39.8,0,PREINGRESO|CALADA|EGRESO,,SI
984377d1-9f1,984377d1-9f1,,ABSORBIDO,HNW234,CIRCUITO_SAN_LORENZO,Circuito Ricardone → San Lorenzo,NO_CLASIFICADO,EVIDENCIA_INSUFICIENTE_ABSORBIDO,0,2026-09-28T08:23:02.784-03:00,2026-09-28T08:48:54.254-03:00,25.86,0,PREINGRESO|EGRESO,,SI
7c99e517-321,7c99e517-321,,ABSORBIDO,AC927DN,R7,Ricardone → San Lorenzo,NO_CLASIFICADO,EVIDENCIA_INSUFICIENTE_ABSORBIDO,0,2026-09-28T08:23:45.402-03:00,2026-09-28T12:50:39.482-03:00,266.9,0,SL_INGRESO|SL_BALANZA_INGRESO|SL_VOLCABLE|SL_EGRESO,TERMINAL_EMBARQUE,SI
8834ce03-083,8834ce03-083,,ABSORBIDO,JEF191,R7,Ricardone → San Lorenzo,NO_CLASIFICADO,EVIDENCIA_INSUFICIENTE_ABSORBIDO,0,2026-09-28T08:24:36.845-03:00,2026-09-28T12:43:41.915-03:00,259.08,0,SL_INGRESO|SL_BALANZA_INGRESO|SL_VOLCABLE|SL_EGRESO,TERMINAL_EMBARQUE,SI
df8f4e2a-dd0,df8f4e2a-dd0,,ABSORBIDO,AD806UM,CIRCUITO_SAN_LORENZO,Circuito Ricardone → San Lorenzo,NO_CLASIFICADO,EVIDENCIA_INSUFICIENTE_ABSORBIDO,0,2026-09-28T08:24:40.709-03:00,2026-09-28T08:30:10.645-03:00,5.5,0,PREINGRESO|EGRESO,,SI
990501c8-75e,990501c8-75e,,ABSORBIDO,AI082AP,R7,Ricardone → San Lorenzo,NO_CLASIFICADO,EVIDENCIA_INSUFICIENTE_ABSORBIDO,0,2026-09-28T08:26:01.330-03:00,2026-09-28T12:50:14.071-03:00,264.21,0,SL_INGRESO|SL_BALANZA_INGRESO|SL_VOLCABLE|SL_EGRESO,TERMINAL_EMBARQUE,SI
771d82b4-040,771d82b4-040,,ABSORBIDO,LUC005,CIRCUITO_SAN_LORENZO,Circuito Ricardone → San Lorenzo,NO_CLASIFICADO,EVIDENCIA_INSUFICIENTE_ABSORBIDO,0,2026-09-28T08:26:31.278-03:00,2026-09-28T12:26:54.880-03:00,240.39,0,PREINGRESO|CALADA|EGRESO,,SI
28cbd295-ddb,28cbd295-ddb,,ABSORBIDO,LSL463,R7,Ricardone → San Lorenzo,NO_CLASIFICADO,EVIDENCIA_INSUFICIENTE_ABSORBIDO,0,2026-09-28T08:26:48.053-03:00,2026-09-28T13:05:35.760-03:00,278.8,0,SL_INGRESO|SL_BALANZA_INGRESO|SL_VOLCABLE|SL_EGRESO,TERMINAL_EMBARQUE,SI
0a981b35-e79,0a981b35-e79,,ABSORBIDO,AC085XD,R7,Ricardone → San Lorenzo,NO_CLASIFICADO,EVIDENCIA_INSUFICIENTE_ABSORBIDO,0,2026-09-28T08:29:27.742-03:00,2026-09-28T13:02:42.210-03:00,273.24,0,SL_INGRESO|SL_BALANZA_INGRESO|SL_VOLCABLE|SL_EGRESO,TERMINAL_EMBARQUE,SI
763ab5fd-52a__cycle_1,763ab5fd-52a,,ABSORBIDO,AB366HF,REGISTRO_INCOMPLETO,Registro incompleto,NO_CLASIFICADO,EVIDENCIA_INSUFICIENTE_ABSORBIDO,0,2026-09-28T08:30:18.303-03:00,2026-09-28T08:37:09.772-03:00,6.86,0,SL_INGRESO|SL_BALANZA_INGRESO,,SI
429c3a71-8f4__cycle_2,429c3a71-8f4,,ABSORBIDO,VJG112,CIRCUITO_SAN_LORENZO,Circuito Ricardone → San Lorenzo,NO_CLASIFICADO,EVIDENCIA_INSUFICIENTE_ABSORBIDO,0,2026-09-28T08:34:50.187-03:00,2026-09-28T11:40:58.456-03:00,186.14,0,PREINGRESO|EGRESO,,SI
68f2ee54-f0c,68f2ee54-f0c,,ABSORBIDO,UUL425,R29,Transile externo Soja (Silos → Volcables puerto),NO_CLASIFICADO,EVIDENCIA_INSUFICIENTE_ABSORBIDO,0,2026-09-28T08:35:02.161-03:00,2026-09-28T10:46:56.010-03:00,131.9,0,SL_INGRESO|SL_BALANZA_INGRESO|SL_VOLCABLE|SL_EGRESO,RICARDONE,SI
3d670b25-786,3d670b25-786,,ABSORBIDO,AA703FC,REGISTRO_INCOMPLETO,Registro incompleto,NO_CLASIFICADO,EVIDENCIA_INSUFICIENTE_ABSORBIDO,0,2026-09-28T08:36:13.286-03:00,2026-09-28T09:00:34.119-03:00,24.35,0,SL_INGRESO|SL_BALANZA_INGRESO|UNKNOWN|SL_EGRESO,TERMINAL_EMBARQUE,SI
87ea21fb-c2d__cycle_1,87ea21fb-c2d,,ABSORBIDO,PMK919,REGISTRO_INCOMPLETO,Registro incompleto,NO_CLASIFICADO,EVIDENCIA_INSUFICIENTE_ABSORBIDO,0,2026-09-28T08:36:48.088-03:00,2026-09-28T11:08:02.949-03:00,151.25,0,SL_INGRESO|SL_BALANZA_INGRESO|UNKNOWN,TERMINAL_EMBARQUE,SI
12bedfc5-380,12bedfc5-380,,ABSORBIDO,SZG666,SL1,Recepción Carga OSL San Lorenzo,NO_CLASIFICADO,EVIDENCIA_INSUFICIENTE_ABSORBIDO,0,2026-09-28T08:37:35.450-03:00,2026-09-28T10:00:04.886-03:00,82.49,0,SL_INGRESO|SL_BALANZA_INGRESO|UNKNOWN|SL_EGRESO,TERMINAL_EMBARQUE,SI
391da4d7-876,391da4d7-876,,ABSORBIDO,AA326VM,R7,Ricardone → San Lorenzo,NO_CLASIFICADO,EVIDENCIA_INSUFICIENTE_ABSORBIDO,0,2026-09-28T08:38:59.295-03:00,2026-09-28T13:30:08.509-03:00,291.15,0,SL_INGRESO|SL_BALANZA_INGRESO|SL_VOLCABLE|SL_EGRESO,TERMINAL_EMBARQUE,SI
6c39fdfe-e44,6c39fdfe-e44,,ABSORBIDO,CGS172,REGISTRO_INCOMPLETO,Registro incompleto,NO_CLASIFICADO,EVIDENCIA_INSUFICIENTE_ABSORBIDO,0,2026-09-28T08:39:31.377-03:00,2026-09-28T10:56:18.555-03:00,136.79,0,SL_INGRESO|SL_BALANZA_INGRESO|SL_VOLCABLE|SL_EGRESO,,SI
34c10551-0fa,34c10551-0fa,,ABSORBIDO,FTY810,R7,Ricardone → San Lorenzo,NO_CLASIFICADO,EVIDENCIA_INSUFICIENTE_ABSORBIDO,0,2026-09-28T08:40:08.580-03:00,2026-09-28T13:58:43.532-03:00,318.58,0,SL_INGRESO|SL_BALANZA_INGRESO|SL_VOLCABLE|SL_EGRESO,TERMINAL_EMBARQUE,SI
75af57f0-59e,75af57f0-59e,,ABSORBIDO,NTB872,R7,Ricardone → San Lorenzo,NO_CLASIFICADO,EVIDENCIA_INSUFICIENTE_ABSORBIDO,0,2026-09-28T08:40:45.702-03:00,2026-09-28T13:43:30.927-03:00,302.75,0,SL_INGRESO|SL_BALANZA_INGRESO|SL_VOLCABLE|SL_EGRESO,TERMINAL_EMBARQUE,SI
629f3689-76f,629f3689-76f,,ABSORBIDO,AA719GV,R7,Ricardone → San Lorenzo,NO_CLASIFICADO,EVIDENCIA_INSUFICIENTE_ABSORBIDO,0,2026-09-28T08:41:15.141-03:00,2026-09-28T13:54:41.195-03:00,313.43,0,SL_INGRESO|SL_BALANZA_INGRESO|SL_VOLCABLE|SL_EGRESO,TERMINAL_EMBARQUE,SI
79af09eb-908,79af09eb-908,,ABSORBIDO,OAT016,R7,Ricardone → San Lorenzo,NO_CLASIFICADO,EVIDENCIA_INSUFICIENTE_ABSORBIDO,0,2026-09-28T08:41:45.542-03:00,2026-09-28T13:58:14.761-03:00,316.49,0,SL_INGRESO|SL_BALANZA_INGRESO|SL_VOLCABLE|SL_EGRESO,TERMINAL_EMBARQUE,SI
4ce6835e-a22,4ce6835e-a22,,ABSORBIDO,AD806UM,REGISTRO_INCOMPLETO,Registro incompleto,NO_CLASIFICADO,EVIDENCIA_INSUFICIENTE_ABSORBIDO,0,2026-09-28T08:42:21.787-03:00,2026-09-28T17:21:59.596-03:00,519.63,0,SL_INGRESO|SL_BALANZA_INGRESO|UNKNOWN|SL_EGRESO,TERMINAL_EMBARQUE,SI
cee8f0f1-5c9,cee8f0f1-5c9,,ABSORBIDO,AH050CZ,R7,Ricardone → San Lorenzo,NO_CLASIFICADO,EVIDENCIA_INSUFICIENTE_ABSORBIDO,0,2026-09-28T08:43:37.711-03:00,2026-09-28T14:13:11.519-03:00,329.56,0,SL_INGRESO|SL_BALANZA_INGRESO|SL_VOLCABLE|SL_EGRESO,TERMINAL_EMBARQUE,SI
e7cbd221-592,e7cbd221-592,,ABSORBIDO,EPC180,R7,Ricardone → San Lorenzo,NO_CLASIFICADO,EVIDENCIA_INSUFICIENTE_ABSORBIDO,0,2026-09-28T08:44:24.914-03:00,2026-09-28T14:21:20.395-03:00,336.92,0,SL_INGRESO|SL_BALANZA_INGRESO|SL_VOLCABLE|SL_EGRESO,TERMINAL_EMBARQUE,SI
33df571b-974,33df571b-974,,ABSORBIDO,AI357BQ,R7,Ricardone → San Lorenzo,NO_CLASIFICADO,EVIDENCIA_INSUFICIENTE_ABSORBIDO,0,2026-09-28T08:44:59.954-03:00,2026-09-28T14:19:50.599-03:00,334.84,0,SL_INGRESO|SL_BALANZA_INGRESO|SL_VOLCABLE|SL_EGRESO,TERMINAL_EMBARQUE,SI
d749ed22-c49,d749ed22-c49,,ABSORBIDO,CCO763,R7,Ricardone → San Lorenzo,NO_CLASIFICADO,EVIDENCIA_INSUFICIENTE_ABSORBIDO,0,2026-09-28T08:48:43.967-03:00,2026-09-28T14:36:03.988-03:00,347.33,0,SL_INGRESO|SL_BALANZA_INGRESO|SL_VOLCABLE|SL_EGRESO,TERMINAL_EMBARQUE,SI
819a3e78-aa8,819a3e78-aa8,,ABSORBIDO,RQC013,REGISTRO_INCOMPLETO,Registro incompleto,NO_CLASIFICADO,EVIDENCIA_INSUFICIENTE_ABSORBIDO,0,2026-09-28T08:54:03.348-03:00,2026-09-28T10:55:00.363-03:00,120.95,0,SL_INGRESO|SL_BALANZA_INGRESO|SL_VOLCABLE|SL_EGRESO,,SI
6b53c834-6fb,6b53c834-6fb,,ABSORBIDO,JSF211,CIRCUITO_SAN_LORENZO,Circuito Ricardone → San Lorenzo,NO_CLASIFICADO,EVIDENCIA_INSUFICIENTE_ABSORBIDO,0,2026-09-28T08:55:50.419-03:00,2026-09-28T09:22:22.692-03:00,26.54,0,PREINGRESO|CALADA|EGRESO,,SI
5219ca3f-9eb,5219ca3f-9eb,,ABSORBIDO,HNW234,R7,Ricardone → San Lorenzo,NO_CLASIFICADO,EVIDENCIA_INSUFICIENTE_ABSORBIDO,0,2026-09-28T08:57:14.159-03:00,2026-09-28T14:23:42.291-03:00,326.47,0,SL_INGRESO|SL_BALANZA_INGRESO|SL_VOLCABLE|SL_EGRESO,TERMINAL_EMBARQUE,SI
a0592f2a-799,a0592f2a-799,,ABSORBIDO,EVL273,REGISTRO_INCOMPLETO,Registro incompleto,NO_CLASIFICADO,EVIDENCIA_INSUFICIENTE_ABSORBIDO,0,2026-09-28T09:02:01.613-03:00,2026-09-28T11:00:16.652-03:00,118.25,0,SL_INGRESO|SL_BALANZA_INGRESO|SL_VOLCABLE|SL_BALANZA_SALIDA|SL_EGRESO,,SI
dca3c4fe-24e,dca3c4fe-24e,,ABSORBIDO,AI224KV,CIRCUITO_SAN_LORENZO,Circuito Ricardone → San Lorenzo,NO_CLASIFICADO,EVIDENCIA_INSUFICIENTE_ABSORBIDO,0,2026-09-28T09:03:09.406-03:00,2026-09-28T09:33:49.211-03:00,30.66,0,PREINGRESO|CALADA|EGRESO,,SI
ffea98a8-aee,ffea98a8-aee,,ABSORBIDO,AA326SD,CIRCUITO_SAN_LORENZO,Circuito Ricardone → San Lorenzo,NO_CLASIFICADO,EVIDENCIA_INSUFICIENTE_ABSORBIDO,0,2026-09-28T09:06:04.134-03:00,2026-09-28T09:40:57.797-03:00,34.89,0,PREINGRESO|CALADA|EGRESO,,SI
b097cd04-24e,b097cd04-24e,,ABSORBIDO,AB115WU,CIRCUITO_SAN_LORENZO,Circuito Ricardone → San Lorenzo,NO_CLASIFICADO,EVIDENCIA_INSUFICIENTE_ABSORBIDO,0,2026-09-28T09:07:01.257-03:00,2026-09-28T12:37:22.435-03:00,210.35,0,PREINGRESO|EGRESO,,SI
5bb85a59-502,5bb85a59-502,,ABSORBIDO,KUE702,CIRCUITO_SAN_LORENZO,Circuito Ricardone → San Lorenzo,NO_CLASIFICADO,EVIDENCIA_INSUFICIENTE_ABSORBIDO,0,2026-09-28T09:11:17.272-03:00,2026-09-28T09:16:57.712-03:00,5.67,0,PREINGRESO|EGRESO,,SI
3de56882-71b,3de56882-71b,,ABSORBIDO,GTZ627,SL1,Recepción Carga OSL San Lorenzo,NO_CLASIFICADO,EVIDENCIA_INSUFICIENTE_ABSORBIDO,0,2026-09-28T09:12:14.370-03:00,2026-09-28T16:12:06.948-03:00,419.88,0,SL_INGRESO|SL_CALADA|SL_BALANZA_INGRESO|SL_LIQUIDO_CARGA|SL_EGRESO,TERMINAL_EMBARQUE,SI
89755310-567,89755310-567,,ABSORBIDO,EVD342,SL1,Recepción Carga OSL San Lorenzo,NO_CLASIFICADO,EVIDENCIA_INSUFICIENTE_ABSORBIDO,0,2026-09-28T09:14:04.136-03:00,2026-09-28T16:33:07.664-03:00,439.06,0,SL_INGRESO|SL_CALADA|SL_BALANZA_INGRESO|SL_LIQUIDO_CARGA|SL_EGRESO,TERMINAL_EMBARQUE,SI
58350b06-81d,58350b06-81d,,ABSORBIDO,AE845AO,R6,Recepción Volcable 2,NO_CLASIFICADO,EVIDENCIA_INSUFICIENTE_ABSORBIDO,0,2026-09-28T09:15:07.590-03:00,2026-09-28T10:25:55.772-03:00,70.8,0,PLAYA|VOLCABLE|BALANZA_EGRESO,RICARDONE,SI
7599bf1b-a74,7599bf1b-a74,,ABSORBIDO,RNM392,REGISTRO_INCOMPLETO,Registro incompleto,NO_CLASIFICADO,EVIDENCIA_INSUFICIENTE_ABSORBIDO,0,2026-09-28T09:16:03.662-03:00,2026-09-28T11:14:02.712-03:00,117.98,0,SL_INGRESO|SL_BALANZA_INGRESO|SL_VOLCABLE|SL_EGRESO,,SI
abb212d8-b7e,abb212d8-b7e,,ABSORBIDO,CGV979,R29,Transile externo Soja (Silos → Volcables puerto),NO_CLASIFICADO,EVIDENCIA_INSUFICIENTE_ABSORBIDO,0,2026-09-28T09:18:27.913-03:00,2026-09-28T11:16:40.256-03:00,118.21,0,SL_INGRESO|SL_BALANZA_INGRESO|SL_VOLCABLE|SL_EGRESO,RICARDONE,SI
aaf641c7-982,aaf641c7-982,,ABSORBIDO,DFP716,REGISTRO_INCOMPLETO,Registro incompleto,NO_CLASIFICADO,EVIDENCIA_INSUFICIENTE_ABSORBIDO,0,2026-09-28T09:25:53.059-03:00,2026-09-28T11:20:01.776-03:00,114.15,0,SL_INGRESO|SL_BALANZA_INGRESO|SL_VOLCABLE|SL_EGRESO,,SI
3ff1b2b5-b33__cycle_3,3ff1b2b5-b33,,ABSORBIDO,RGV982,R29,Transile externo Soja (Silos → Volcables puerto),NO_CLASIFICADO,EVIDENCIA_INSUFICIENTE_ABSORBIDO,0,2026-09-28T09:26:12.950-03:00,2026-09-28T09:32:37.207-03:00,6.4,0,PREINGRESO|EGRESO,RICARDONE,SI
1192344d-e96,1192344d-e96,,ABSORBIDO,KUE702,REGISTRO_INCOMPLETO,Registro incompleto,NO_CLASIFICADO,EVIDENCIA_INSUFICIENTE_ABSORBIDO,0,2026-09-28T09:26:37.622-03:00,2026-09-28T17:22:36.531-03:00,475.98,0,SL_INGRESO|SL_BALANZA_INGRESO|UNKNOWN|UNKNOWN|UNKNOWN|UNKNOWN|SL_EGRESO,TERMINAL_EMBARQUE,SI
d2882ceb-ce7,d2882ceb-ce7,,ABSORBIDO,NMA681,CIRCUITO_SAN_LORENZO,Circuito Ricardone → San Lorenzo,NO_CLASIFICADO,EVIDENCIA_INSUFICIENTE_ABSORBIDO,0,2026-09-28T09:29:45.921-03:00,2026-09-28T10:03:04.913-03:00,33.32,0,PREINGRESO|CALADA|EGRESO,,SI
7e39b32b-f69,7e39b32b-f69,,ABSORBIDO,AC048KD,CIRCUITO_SAN_LORENZO,Circuito Ricardone → San Lorenzo,NO_CLASIFICADO,EVIDENCIA_INSUFICIENTE_ABSORBIDO,0,2026-09-28T09:30:38.007-03:00,2026-09-28T10:04:47.239-03:00,34.15,0,PREINGRESO|CALADA|EGRESO,,SI
5253deae-70d,5253deae-70d,,ABSORBIDO,KWO040,SL1,Recepción Carga OSL San Lorenzo,NO_CLASIFICADO,EVIDENCIA_INSUFICIENTE_ABSORBIDO,0,2026-09-28T09:30:59.637-03:00,2026-09-28T16:55:12.794-03:00,444.22,0,SL_INGRESO|SL_CALADA|SL_BALANZA_INGRESO|SL_LIQUIDO_CARGA|SL_EGRESO,TERMINAL_EMBARQUE,SI
e75cb547-a7a,e75cb547-a7a,,ABSORBIDO,AC988RL,CIRCUITO_SAN_LORENZO,Circuito Ricardone → San Lorenzo,NO_CLASIFICADO,EVIDENCIA_INSUFICIENTE_ABSORBIDO,0,2026-09-28T09:31:21.369-03:00,2026-09-28T09:54:05.682-03:00,22.74,0,PREINGRESO|EGRESO,,SI
a9357859-709,a9357859-709,,ABSORBIDO,UPW705,REGISTRO_INCOMPLETO,Registro incompleto,NO_CLASIFICADO,EVIDENCIA_INSUFICIENTE_ABSORBIDO,0,2026-09-28T09:32:14.815-03:00,2026-09-28T09:49:18.267-03:00,17.06,0,SL_VOLCABLE|SL_EGRESO,,SI
28c8c3b3-7ae,28c8c3b3-7ae,,ABSORBIDO,JSF211,R7,Ricardone → San Lorenzo,NO_CLASIFICADO,EVIDENCIA_INSUFICIENTE_ABSORBIDO,0,2026-09-28T09:33:17.166-03:00,2026-09-28T14:53:30.407-03:00,320.22,0,SL_INGRESO|SL_BALANZA_INGRESO|SL_VOLCABLE|SL_EGRESO,TERMINAL_EMBARQUE,SI
00fb567a-652,00fb567a-652,,ABSORBIDO,LYQ549,CIRCUITO_SAN_LORENZO,Circuito Ricardone → San Lorenzo,NO_CLASIFICADO,EVIDENCIA_INSUFICIENTE_ABSORBIDO,0,2026-09-28T09:33:51.536-03:00,2026-09-28T10:05:25.082-03:00,31.56,0,PREINGRESO|EGRESO,,SI
f9504f6e-344,f9504f6e-344,,ABSORBIDO,EKO144,CIRCUITO_SAN_LORENZO,Circuito Ricardone → San Lorenzo,NO_CLASIFICADO,EVIDENCIA_INSUFICIENTE_ABSORBIDO,0,2026-09-28T09:35:23.061-03:00,2026-09-28T09:53:13.200-03:00,17.84,0,PREINGRESO|EGRESO,,SI
b3430ed2-f46,b3430ed2-f46,,ABSORBIDO,RSO471,REGISTRO_INCOMPLETO,Registro incompleto,NO_CLASIFICADO,EVIDENCIA_INSUFICIENTE_ABSORBIDO,0,2026-09-28T09:35:41.894-03:00,2026-09-28T13:24:30.825-03:00,228.82,0,SL_INGRESO|SL_BALANZA_INGRESO|UNKNOWN,TERMINAL_EMBARQUE,SI
9f692203-0c9,9f692203-0c9,,ABSORBIDO,PLD902,CIRCUITO_SAN_LORENZO,Circuito Ricardone → San Lorenzo,NO_CLASIFICADO,EVIDENCIA_INSUFICIENTE_ABSORBIDO,0,2026-09-28T09:36:38.665-03:00,2026-09-28T10:06:15.965-03:00,29.62,0,PREINGRESO|CALADA|EGRESO,,SI
bb77ea5f-28f__cycle_2,bb77ea5f-28f,,ABSORBIDO,CKQ212,CIRCUITO_SAN_LORENZO,Circuito Ricardone → San Lorenzo,NO_CLASIFICADO,EVIDENCIA_INSUFICIENTE_ABSORBIDO,0,2026-09-28T09:37:41.791-03:00,2026-09-28T09:41:17.398-03:00,3.59,0,PREINGRESO|EGRESO,,SI
83d89d53-43d,83d89d53-43d,,ABSORBIDO,AYB759,REGISTRO_INCOMPLETO,Registro incompleto,NO_CLASIFICADO,EVIDENCIA_INSUFICIENTE_ABSORBIDO,0,2026-09-28T09:38:02.782-03:00,2026-09-28T11:49:12.556-03:00,131.16,0,SL_INGRESO|SL_BALANZA_INGRESO|SL_VOLCABLE|SL_EGRESO,,SI
372ad0af-3f8,372ad0af-3f8,,ABSORBIDO,HWU967,REGISTRO_INCOMPLETO,Registro incompleto,NO_CLASIFICADO,EVIDENCIA_INSUFICIENTE_ABSORBIDO,0,2026-09-28T09:40:02.260-03:00,2026-09-28T11:36:12.484-03:00,116.17,0,PLAYA|BALANZA_EGRESO|SL_INGRESO|SL_BALANZA_INGRESO|UNKNOWN|SL_EGRESO,RICARDONE,SI
033cf3aa-d11,033cf3aa-d11,,ABSORBIDO,AF804QL,SL1,Recepción Carga OSL San Lorenzo,NO_CLASIFICADO,EVIDENCIA_INSUFICIENTE_ABSORBIDO,0,2026-09-28T09:40:36.711-03:00,2026-09-28T15:34:16.720-03:00,353.67,0,SL_INGRESO|SL_CALADA|SL_BALANZA_INGRESO|SL_CALADA|SL_BALANZA_INGRESO|SL_EGRESO,TERMINAL_EMBARQUE,SI
3c4dbc4f-885,3c4dbc4f-885,,ABSORBIDO,RGV982,R29,Transile externo Soja (Silos → Volcables puerto),NO_CLASIFICADO,EVIDENCIA_INSUFICIENTE_ABSORBIDO,0,2026-09-28T09:42:34.877-03:00,2026-09-28T10:22:36.502-03:00,40.03,0,PLAYA|CARGA_S8|BALANZA_EGRESO|CALADA|EGRESO,RICARDONE,SI
3a7872a7-297,3a7872a7-297,,ABSORBIDO,PMV179,CIRCUITO_SAN_LORENZO,Circuito Ricardone → San Lorenzo,NO_CLASIFICADO,EVIDENCIA_INSUFICIENTE_ABSORBIDO,0,2026-09-28T09:42:56.367-03:00,2026-09-28T09:49:51.508-03:00,6.92,0,PREINGRESO|EGRESO,,SI
e6309b47-803,e6309b47-803,,ABSORBIDO,MTM450,DESPACHO_SIN_PUNTO_INSTRUMENTADO,Despacho / descarga sin punto instrumentado,NO_CLASIFICADO,EVIDENCIA_INSUFICIENTE_ABSORBIDO,0,2026-09-28T09:44:43.864-03:00,2026-09-28T14:11:47.926-03:00,267.07,0,BALANZA_INGRESO|BALANZA_EGRESO|BALANZA_EGRESO|SL_EGRESO,RICARDONE,SI
724e82cd-e5d,724e82cd-e5d,,ABSORBIDO,EVY072,R7,Ricardone → San Lorenzo,NO_CLASIFICADO,EVIDENCIA_INSUFICIENTE_ABSORBIDO,0,2026-09-28T09:46:38.092-03:00,2026-09-28T15:02:10.114-03:00,315.53,0,SL_INGRESO|SL_BALANZA_INGRESO|SL_VOLCABLE|SL_EGRESO,TERMINAL_EMBARQUE,SI
a271fa22-1e7,a271fa22-1e7,,ABSORBIDO,AI224KV,R7,Ricardone → San Lorenzo,NO_CLASIFICADO,EVIDENCIA_INSUFICIENTE_ABSORBIDO,0,2026-09-28T09:47:29.454-03:00,2026-09-28T14:53:55.937-03:00,306.44,0,SL_INGRESO|SL_BALANZA_INGRESO|SL_VOLCABLE|SL_EGRESO,TERMINAL_EMBARQUE,SI
16a0ea2d-62e,16a0ea2d-62e,,ABSORBIDO,VAJ028,CIRCUITO_SAN_LORENZO,Circuito Ricardone → San Lorenzo,NO_CLASIFICADO,EVIDENCIA_INSUFICIENTE_ABSORBIDO,0,2026-09-28T09:48:25.028-03:00,2026-09-28T09:50:41.910-03:00,2.28,0,PREINGRESO|EGRESO,,SI
eb3bd2eb-cc4,eb3bd2eb-cc4,,ABSORBIDO,AH385DJ,REGISTRO_INCOMPLETO,Registro incompleto,NO_CLASIFICADO,EVIDENCIA_INSUFICIENTE_ABSORBIDO,0,2026-09-28T09:49:27.860-03:00,2026-09-28T19:17:27.155-03:00,567.99,0,SL_INGRESO|SL_BALANZA_INGRESO|UNKNOWN|UNKNOWN|UNKNOWN|SL_EGRESO,TERMINAL_EMBARQUE,SI
6b80a4a1-eea,6b80a4a1-eea,,ABSORBIDO,CKQ212,R29,Transile externo Soja (Silos → Volcables puerto),NO_CLASIFICADO,EVIDENCIA_INSUFICIENTE_ABSORBIDO,0,2026-09-28T09:50:00.320-03:00,2026-09-28T10:32:56.378-03:00,42.93,0,PLAYA|CARGA_S8|BALANZA_EGRESO|CALADA|EGRESO,RICARDONE,SI
8cc4088c-8c7,8cc4088c-8c7,,ABSORBIDO,AA703FC,REGISTRO_INCOMPLETO,Registro incompleto,NO_CLASIFICADO,EVIDENCIA_INSUFICIENTE_ABSORBIDO,0,2026-09-28T09:53:03.792-03:00,2026-09-28T10:39:17.826-03:00,46.23,0,SL_INGRESO|SL_BALANZA_INGRESO|UNKNOWN|SL_EGRESO,TERMINAL_EMBARQUE,SI
22987470-7b5,22987470-7b5,,ABSORBIDO,AA326SD,R7,Ricardone → San Lorenzo,NO_CLASIFICADO,EVIDENCIA_INSUFICIENTE_ABSORBIDO,0,2026-09-28T09:53:57.875-03:00,2026-09-28T15:10:05.900-03:00,316.13,0,SL_INGRESO|SL_BALANZA_INGRESO|SL_EGRESO,TERMINAL_EMBARQUE,SI
3e1866b2-d7e,3e1866b2-d7e,,ABSORBIDO,FRY103,CIRCUITO_SAN_LORENZO,Circuito Ricardone → San Lorenzo,NO_CLASIFICADO,EVIDENCIA_INSUFICIENTE_ABSORBIDO,0,2026-09-28T09:56:15.534-03:00,2026-09-28T10:11:00.782-03:00,14.75,0,PREINGRESO|CALADA|EGRESO,,SI
d745fd1c-1ab,d745fd1c-1ab,,ABSORBIDO,EPH797,REGISTRO_INCOMPLETO,Registro incompleto,NO_CLASIFICADO,EVIDENCIA_INSUFICIENTE_ABSORBIDO,0,2026-09-28T09:56:54.368-03:00,2026-09-28T10:39:54.081-03:00,43,0,SL_INGRESO|SL_BALANZA_INGRESO|UNKNOWN|SL_EGRESO,TERMINAL_EMBARQUE,SI
e7be5d67-66f,e7be5d67-66f,,ABSORBIDO,VAJ028,R29,Transile externo Soja (Silos → Volcables puerto),NO_CLASIFICADO,EVIDENCIA_INSUFICIENTE_ABSORBIDO,0,2026-09-28T09:57:59.269-03:00,2026-09-28T10:41:55.527-03:00,43.94,0,PLAYA|CARGA_S8|BALANZA_EGRESO|CALADA|EGRESO,RICARDONE,SI
91a275d6-e6d,91a275d6-e6d,,ABSORBIDO,EBE978,R7,Ricardone → San Lorenzo,NO_CLASIFICADO,EVIDENCIA_INSUFICIENTE_ABSORBIDO,0,2026-09-28T09:59:06.293-03:00,2026-09-28T15:18:18.417-03:00,319.2,0,SL_INGRESO|SL_CALADA|SL_BALANZA_INGRESO|SL_VOLCABLE|SL_EGRESO,TERMINAL_EMBARQUE,SI
886455ab-0ed,886455ab-0ed,,ABSORBIDO,PMV179,REGISTRO_INCOMPLETO,Registro incompleto,NO_CLASIFICADO,EVIDENCIA_INSUFICIENTE_ABSORBIDO,0,2026-09-28T10:02:44.068-03:00,2026-09-28T11:55:37.790-03:00,112.9,0,SL_INGRESO|SL_BALANZA_INGRESO|SL_EGRESO,TERMINAL_EMBARQUE,SI
aaea2f55-58d,aaea2f55-58d,,ABSORBIDO,EKO144,REGISTRO_INCOMPLETO,Registro incompleto,NO_CLASIFICADO,EVIDENCIA_INSUFICIENTE_ABSORBIDO,0,2026-09-28T10:03:31.509-03:00,2026-09-28T15:35:03.940-03:00,331.54,0,SL_INGRESO|SL_CALADA|SL_BALANZA_INGRESO|SL_VOLCABLE|SL_CALADA|SL_BALANZA_INGRESO,TERMINAL_EMBARQUE,SI
079775ef-8cb,079775ef-8cb,,ABSORBIDO,AC988RL,REGISTRO_INCOMPLETO,Registro incompleto,NO_CLASIFICADO,EVIDENCIA_INSUFICIENTE_ABSORBIDO,0,2026-09-28T10:05:01.914-03:00,2026-09-28T20:56:15.022-03:00,651.22,0,SL_INGRESO|SL_CALADA|SL_BALANZA_INGRESO|SL_VOLCABLE|SL_VOLCABLE|SL_CALADA|SL_BALANZA_INGRESO|SL_VOLCABLE|SL_EGRESO,TERMINAL_EMBARQUE,SI
d514a5e7-aac__cycle_2,d514a5e7-aac,,ABSORBIDO,KDE342,CIRCUITO_LIQUIDO,Circuito líquido,NO_CLASIFICADO,EVIDENCIA_INSUFICIENTE_ABSORBIDO,0,2026-09-28T10:08:22.854-03:00,2026-09-28T10:29:58.286-03:00,21.59,0,LIQUIDO|EGRESO,,SI
42dff7aa-b02,42dff7aa-b02,,ABSORBIDO,RAW481,CIRCUITO_SAN_LORENZO,Circuito Ricardone → San Lorenzo,NO_CLASIFICADO,EVIDENCIA_INSUFICIENTE_ABSORBIDO,0,2026-09-28T10:10:22.063-03:00,2026-09-28T10:17:14.642-03:00,6.88,0,PREINGRESO|EGRESO,,SI
753581b5-20c,753581b5-20c,,ABSORBIDO,AH923KK,CIRCUITO_SAN_LORENZO,Circuito Ricardone → San Lorenzo,NO_CLASIFICADO,EVIDENCIA_INSUFICIENTE_ABSORBIDO,0,2026-09-28T10:11:37.829-03:00,2026-09-28T11:25:11.361-03:00,73.56,0,PREINGRESO|CALADA|EGRESO,,SI
a494bb7c-06a,a494bb7c-06a,,ABSORBIDO,EYH843,REGISTRO_INCOMPLETO,Registro incompleto,NO_CLASIFICADO,EVIDENCIA_INSUFICIENTE_ABSORBIDO,0,2026-09-28T10:12:12.260-03:00,2026-09-28T11:49:31.123-03:00,97.31,0,SL_INGRESO|SL_BALANZA_INGRESO|SL_VOLCABLE|SL_EGRESO,,SI
7854a15f-48d,7854a15f-48d,,ABSORBIDO,NMA681,R7,Ricardone → San Lorenzo,NO_CLASIFICADO,EVIDENCIA_INSUFICIENTE_ABSORBIDO,0,2026-09-28T10:14:13.947-03:00,2026-09-28T15:39:00.234-03:00,324.77,0,SL_INGRESO|SL_BALANZA_INGRESO|SL_VOLCABLE|SL_EGRESO,TERMINAL_EMBARQUE,SI
9911b85d-93e,9911b85d-93e,,ABSORBIDO,FEA810,DESPACHO_SIN_PUNTO_INSTRUMENTADO,Despacho / descarga sin punto instrumentado,NO_CLASIFICADO,EVIDENCIA_INSUFICIENTE_ABSORBIDO,0,2026-09-28T10:15:15.817-03:00,2026-09-28T11:19:53.983-03:00,64.64,0,BALANZA_EGRESO|EGRESO,,SI
5893d374-956,5893d374-956,,ABSORBIDO,AC048KD,R7,Ricardone → San Lorenzo,NO_CLASIFICADO,EVIDENCIA_INSUFICIENTE_ABSORBIDO,0,2026-09-28T10:15:23.232-03:00,2026-09-28T15:49:08.317-03:00,333.75,0,SL_INGRESO|SL_BALANZA_INGRESO|SL_VOLCABLE|SL_EGRESO,TERMINAL_EMBARQUE,SI
62824c5a-cfa,62824c5a-cfa,,ABSORBIDO,LWV631,REGISTRO_INCOMPLETO,Registro incompleto,NO_CLASIFICADO,EVIDENCIA_INSUFICIENTE_ABSORBIDO,0,2026-09-28T10:16:59.076-03:00,2026-09-28T20:45:27.323-03:00,628.47,0,SL_INGRESO|SL_CALADA|SL_BALANZA_INGRESO|SL_VOLCABLE|SL_VOLCABLE|SL_CALADA|SL_BALANZA_INGRESO|SL_EGRESO,TERMINAL_EMBARQUE,SI
70c19978-e29,70c19978-e29,,ABSORBIDO,LYQ549,REGISTRO_INCOMPLETO,Registro incompleto,NO_CLASIFICADO,EVIDENCIA_INSUFICIENTE_ABSORBIDO,0,2026-09-28T10:18:02.442-03:00,2026-09-28T17:40:42.654-03:00,442.67,0,SL_INGRESO|SL_CALADA|SL_BALANZA_INGRESO|SL_VOLCABLE|SL_CALADA|SL_BALANZA_INGRESO|SL_VOLCABLE,TERMINAL_EMBARQUE,SI
ed5323db-753__cycle_1,ed5323db-753,,ABSORBIDO,SFY369,REGISTRO_INCOMPLETO,Registro incompleto,NO_CLASIFICADO,EVIDENCIA_INSUFICIENTE_ABSORBIDO,0,2026-09-28T10:18:28.844-03:00,2026-09-28T13:36:16.941-03:00,197.8,0,SL_INGRESO|SL_CALADA|SL_BALANZA_INGRESO|UNKNOWN,,SI
184ffcb4-607,184ffcb4-607,,ABSORBIDO,PLD902,R7,Ricardone → San Lorenzo,NO_CLASIFICADO,EVIDENCIA_INSUFICIENTE_ABSORBIDO,0,2026-09-28T10:19:05.164-03:00,2026-09-28T16:10:50.157-03:00,351.75,0,SL_INGRESO|SL_BALANZA_INGRESO|SL_VOLCABLE|SL_EGRESO,TERMINAL_EMBARQUE,SI
b21fc08d-9c9,b21fc08d-9c9,,ABSORBIDO,TCF390,CIRCUITO_SAN_LORENZO,Circuito Ricardone → San Lorenzo,NO_CLASIFICADO,EVIDENCIA_INSUFICIENTE_ABSORBIDO,0,2026-09-28T10:19:17.295-03:00,2026-09-28T11:16:59.333-03:00,57.7,0,PREINGRESO|CALADA|EGRESO,,SI
0609a0d4-34d__cycle_1,0609a0d4-34d,,ABSORBIDO,AYM824,CIRCUITO_VOLCABLE_1_2,Circuito a Volcable 1/2,NO_CLASIFICADO,EVIDENCIA_INSUFICIENTE_ABSORBIDO,0,2026-09-28T10:19:41.996-03:00,2026-09-29T00:18:43.250-03:00,839.02,0,CARGA_S7|CARGA_S7|VOLCABLE|CARGA_S7|VOLCABLE|CARGA_S7|CARGA_S7|CARGA_S7|CARGA_S7,,SI
b9106145-8eb__cycle_4,b9106145-8eb,,ABSORBIDO,RUK692,REGISTRO_INCOMPLETO,Registro incompleto,NO_CLASIFICADO,EVIDENCIA_INSUFICIENTE_ABSORBIDO,0,2026-09-28T10:22:25.258-03:00,2026-09-28T11:34:49.771-03:00,72.41,0,SL_INGRESO|SL_CALADA|SL_BALANZA_INGRESO|UNKNOWN|SL_EGRESO,TERMINAL_EMBARQUE,SI
48af7571-7f6,48af7571-7f6,,ABSORBIDO,FRY103,R7,Ricardone → San Lorenzo,NO_CLASIFICADO,EVIDENCIA_INSUFICIENTE_ABSORBIDO,0,2026-09-28T10:25:58.307-03:00,2026-09-28T16:08:02.370-03:00,342.07,0,SL_INGRESO|SL_BALANZA_INGRESO|SL_VOLCABLE|SL_EGRESO,TERMINAL_EMBARQUE,SI
8420d3c3-958,8420d3c3-958,,ABSORBIDO,TAC436,CIRCUITO_SAN_LORENZO,Circuito Ricardone → San Lorenzo,NO_CLASIFICADO,EVIDENCIA_INSUFICIENTE_ABSORBIDO,0,2026-09-28T10:27:27.165-03:00,2026-09-28T10:40:34.565-03:00,13.12,0,PREINGRESO|EGRESO,,SI
00127051-f52,00127051-f52,,ABSORBIDO,VHL423,R29,Transile externo Soja (Silos → Volcables puerto),NO_CLASIFICADO,EVIDENCIA_INSUFICIENTE_ABSORBIDO,0,2026-09-28T10:27:52.302-03:00,2026-09-28T11:07:55.726-03:00,40.06,0,SL_BALANZA_INGRESO|SL_VOLCABLE|SL_EGRESO,RICARDONE,SI
24af1602-7fa,24af1602-7fa,,ABSORBIDO,AC293WB,CIRCUITO_SAN_LORENZO,Circuito Ricardone → San Lorenzo,NO_CLASIFICADO,EVIDENCIA_INSUFICIENTE_ABSORBIDO,0,2026-09-28T10:28:57.090-03:00,2026-09-28T11:12:55.237-03:00,43.97,0,PREINGRESO|EGRESO,,SI
73e0c89d-072,73e0c89d-072,,ABSORBIDO,FDH917,CIRCUITO_SAN_LORENZO,Circuito Ricardone → San Lorenzo,NO_CLASIFICADO,EVIDENCIA_INSUFICIENTE_ABSORBIDO,0,2026-09-28T10:31:56.301-03:00,2026-09-28T10:37:13.033-03:00,5.28,0,PREINGRESO|EGRESO,,SI
e5743fd3-945,e5743fd3-945,,ABSORBIDO,RAW481,R29,Transile externo Soja (Silos → Volcables puerto),NO_CLASIFICADO,EVIDENCIA_INSUFICIENTE_ABSORBIDO,0,2026-09-28T10:32:06.214-03:00,2026-09-28T10:59:44.790-03:00,27.64,0,CARGA_S8|BALANZA_EGRESO|EGRESO,RICARDONE,SI
f47b94a4-328,f47b94a4-328,,ABSORBIDO,RGV982,REGISTRO_INCOMPLETO,Registro incompleto,NO_CLASIFICADO,EVIDENCIA_INSUFICIENTE_ABSORBIDO,0,2026-09-28T10:32:12.171-03:00,2026-09-28T12:04:47.330-03:00,92.59,0,SL_INGRESO|SL_BALANZA_INGRESO|SL_VOLCABLE|SL_EGRESO,,SI
5b3ec5f2-e85,5b3ec5f2-e85,,ABSORBIDO,IHS558,R7,Ricardone → San Lorenzo,NO_CLASIFICADO,EVIDENCIA_INSUFICIENTE_ABSORBIDO,0,2026-09-28T10:32:36.238-03:00,2026-09-28T10:57:20.047-03:00,24.73,0,SL_BALANZA_INGRESO|SL_VOLCABLE,TERMINAL_EMBARQUE,SI
66e10628-b91,66e10628-b91,,ABSORBIDO,RDL445,R29,Transile externo Soja (Silos → Volcables puerto),NO_CLASIFICADO,EVIDENCIA_INSUFICIENTE_ABSORBIDO,0,2026-09-28T10:32:37.913-03:00,2026-09-28T11:09:35.307-03:00,36.96,0,PLAYA|CARGA_S8|BALANZA_EGRESO|CALADA|EGRESO,RICARDONE,SI
cd004f2c-2e3,cd004f2c-2e3,,ABSORBIDO,BVS300,CIRCUITO_SAN_LORENZO,Circuito Ricardone → San Lorenzo,NO_CLASIFICADO,EVIDENCIA_INSUFICIENTE_ABSORBIDO,0,2026-09-28T10:37:35.678-03:00,2026-09-28T10:44:41.060-03:00,7.09,0,PREINGRESO|EGRESO,,SI
3417927c-4d7,3417927c-4d7,,ABSORBIDO,KDE342,R29,Transile externo Soja (Silos → Volcables puerto),NO_CLASIFICADO,EVIDENCIA_INSUFICIENTE_ABSORBIDO,0,2026-09-28T10:38:35.613-03:00,2026-09-28T11:51:15.133-03:00,72.66,0,PLAYA|CARGA_S8|DESCARGA_S7|BALANZA_EGRESO|PLAYA|CALADA|EGRESO,RICARDONE,SI
d33b0060-e9b,d33b0060-e9b,,ABSORBIDO,UKL882,CIRCUITO_SAN_LORENZO,Circuito Ricardone → San Lorenzo,NO_CLASIFICADO,EVIDENCIA_INSUFICIENTE_ABSORBIDO,0,2026-09-28T10:41:21.213-03:00,2026-09-28T10:44:06.736-03:00,2.76,0,PREINGRESO|EGRESO,,SI
d7a23494-bc0,d7a23494-bc0,,ABSORBIDO,CKQ212,REGISTRO_INCOMPLETO,Registro incompleto,NO_CLASIFICADO,EVIDENCIA_INSUFICIENTE_ABSORBIDO,0,2026-09-28T10:44:35.815-03:00,2026-09-28T11:57:26.994-03:00,72.85,0,SL_INGRESO|SL_BALANZA_INGRESO|SL_VOLCABLE|SL_EGRESO,,SI
99295bc9-590,99295bc9-590,,ABSORBIDO,UWX998,R29,Transile externo Soja (Silos → Volcables puerto),NO_CLASIFICADO,EVIDENCIA_INSUFICIENTE_ABSORBIDO,0,2026-09-28T10:44:47.225-03:00,2026-09-28T10:48:40.113-03:00,3.88,0,PREINGRESO|EGRESO,RICARDONE,SI
474eb146-32e,474eb146-32e,,ABSORBIDO,FDH917,R29,Transile externo Soja (Silos → Volcables puerto),NO_CLASIFICADO,EVIDENCIA_INSUFICIENTE_ABSORBIDO,0,2026-09-28T10:46:37.120-03:00,2026-09-28T11:33:40.431-03:00,47.06,0,PLAYA|BALANZA_EGRESO|CALADA|EGRESO,RICARDONE,SI
cf348fc3-921,cf348fc3-921,,ABSORBIDO,DGR440,CIRCUITO_SAN_LORENZO,Circuito Ricardone → San Lorenzo,NO_CLASIFICADO,EVIDENCIA_INSUFICIENTE_ABSORBIDO,0,2026-09-28T10:46:55.153-03:00,2026-09-28T10:49:23.075-03:00,2.47,0,PREINGRESO|EGRESO,,SI
a6998baf-ffe,a6998baf-ffe,,ABSORBIDO,TAC436,R29,Transile externo Soja (Silos → Volcables puerto),NO_CLASIFICADO,EVIDENCIA_INSUFICIENTE_ABSORBIDO,0,2026-09-28T10:47:54.591-03:00,2026-09-28T11:42:00.860-03:00,54.1,0,PLAYA|CARGA_S8|BALANZA_EGRESO|CALADA|EGRESO,RICARDONE,SI
edcc382c-9a2,edcc382c-9a2,,ABSORBIDO,AE236NN,CIRCUITO_SAN_LORENZO,Circuito Ricardone → San Lorenzo,NO_CLASIFICADO,EVIDENCIA_INSUFICIENTE_ABSORBIDO,0,2026-09-28T10:48:26.117-03:00,2026-09-28T11:28:18.252-03:00,39.87,0,PREINGRESO|CALADA|EGRESO,,SI
df0d8c45-6b8,df0d8c45-6b8,,ABSORBIDO,UKL882,R29,Transile externo Soja (Silos → Volcables puerto),NO_CLASIFICADO,EVIDENCIA_INSUFICIENTE_ABSORBIDO,0,2026-09-28T10:50:43.854-03:00,2026-09-28T11:52:49.776-03:00,62.1,0,PLAYA|CARGA_S8|BALANZA_EGRESO|CALADA|EGRESO,RICARDONE,SI
fa6ce339-d05,fa6ce339-d05,,ABSORBIDO,VAJ028,REGISTRO_INCOMPLETO,Registro incompleto,NO_CLASIFICADO,EVIDENCIA_INSUFICIENTE_ABSORBIDO,0,2026-09-28T10:51:45.278-03:00,2026-09-28T12:02:22.712-03:00,70.62,0,SL_INGRESO|SL_BALANZA_INGRESO|SL_VOLCABLE|SL_EGRESO,,SI
f9ca8d73-093,f9ca8d73-093,,ABSORBIDO,VRA989,REGISTRO_INCOMPLETO,Registro incompleto,NO_CLASIFICADO,EVIDENCIA_INSUFICIENTE_ABSORBIDO,0,2026-09-28T10:51:56.401-03:00,2026-09-28T11:55:55.637-03:00,63.99,0,SL_BALANZA_INGRESO|SL_VOLCABLE|SL_EGRESO,,SI
1cdd93ce-ae7,1cdd93ce-ae7,,ABSORBIDO,BVS300,R29,Transile externo Soja (Silos → Volcables puerto),NO_CLASIFICADO,EVIDENCIA_INSUFICIENTE_ABSORBIDO,0,2026-09-28T10:52:55.132-03:00,2026-09-28T11:54:55.945-03:00,62.01,0,PLAYA|CARGA_S8|BALANZA_EGRESO|CALADA|EGRESO,RICARDONE,SI
2c22168b-4af,2c22168b-4af,,ABSORBIDO,AAE877,R29,Transile externo Soja (Silos → Volcables puerto),NO_CLASIFICADO,EVIDENCIA_INSUFICIENTE_ABSORBIDO,0,2026-09-28T10:53:03.095-03:00,2026-09-28T10:57:26.782-03:00,4.39,0,PREINGRESO|LIQUIDO|EGRESO,RICARDONE,SI
626fda8a-f26,626fda8a-f26,,ABSORBIDO,EEW075,CIRCUITO_SAN_LORENZO,Circuito Ricardone → San Lorenzo,NO_CLASIFICADO,EVIDENCIA_INSUFICIENTE_ABSORBIDO,0,2026-09-28T10:53:37.976-03:00,2026-09-28T10:55:59.577-03:00,2.36,0,PREINGRESO|EGRESO,,SI
fc5505c1-9f9__cycle_2,fc5505c1-9f9,,ABSORBIDO,UYM942,CIRCUITO_SAN_LORENZO,Circuito Ricardone → San Lorenzo,NO_CLASIFICADO,EVIDENCIA_INSUFICIENTE_ABSORBIDO,0,2026-09-28T10:54:03.899-03:00,2026-09-28T10:56:24.779-03:00,2.35,0,PREINGRESO|EGRESO,,SI
96c445ef-6e4,96c445ef-6e4,,ABSORBIDO,VCK738,CIRCUITO_LIQUIDO,Circuito líquido,NO_CLASIFICADO,EVIDENCIA_INSUFICIENTE_ABSORBIDO,0,2026-09-28T10:54:50.781-03:00,2026-09-28T11:22:44.233-03:00,27.89,0,PREINGRESO|LIQUIDO|EGRESO,,SI
f6f03176-004,f6f03176-004,,ABSORBIDO,UWX998,R29,Transile externo Soja (Silos → Volcables puerto),NO_CLASIFICADO,EVIDENCIA_INSUFICIENTE_ABSORBIDO,0,2026-09-28T10:56:13.307-03:00,2026-09-28T12:02:47.493-03:00,66.57,0,PLAYA|BALANZA_EGRESO|EGRESO,RICARDONE,SI
f42f6214-66f,f42f6214-66f,,ABSORBIDO,UAJ766,REGISTRO_INCOMPLETO,Registro incompleto,NO_CLASIFICADO,EVIDENCIA_INSUFICIENTE_ABSORBIDO,0,2026-09-28T10:56:15.639-03:00,2026-09-28T11:46:05.041-03:00,49.82,0,BALANZA_EGRESO|SL_INGRESO|SL_BALANZA_INGRESO|UNKNOWN|SL_EGRESO,RICARDONE,SI
41d32757-272,41d32757-272,,ABSORBIDO,DGR440,R29,Transile externo Soja (Silos → Volcables puerto),NO_CLASIFICADO,EVIDENCIA_INSUFICIENTE_ABSORBIDO,0,2026-09-28T10:56:48.858-03:00,2026-09-28T13:02:55.246-03:00,126.11,0,PLAYA|CARGA_S8|PLAYA|BALANZA_EGRESO|CALADA|EGRESO,RICARDONE,SI
cd82e7e4-89a__cycle_1,cd82e7e4-89a,,ABSORBIDO,KOE138,REGISTRO_INCOMPLETO,Registro incompleto,NO_CLASIFICADO,EVIDENCIA_INSUFICIENTE_ABSORBIDO,0,2026-09-28T10:59:18.424-03:00,2026-09-28T13:37:43.655-03:00,158.42,0,SL_INGRESO|SL_CALADA|SL_BALANZA_INGRESO|UNKNOWN,,SI
25e3733b-02b,25e3733b-02b,,ABSORBIDO,CIE516,R29,Transile externo Soja (Silos → Volcables puerto),NO_CLASIFICADO,EVIDENCIA_INSUFICIENTE_ABSORBIDO,0,2026-09-28T11:01:52.244-03:00,2026-09-28T11:03:52.486-03:00,2,0,PREINGRESO|EGRESO,RICARDONE,SI
f5090400-a5b,f5090400-a5b,,ABSORBIDO,EEW075,R29,Transile externo Soja (Silos → Volcables puerto),NO_CLASIFICADO,EVIDENCIA_INSUFICIENTE_ABSORBIDO,0,2026-09-28T11:02:05.463-03:00,2026-09-28T12:58:56.033-03:00,116.84,0,PLAYA|CARGA_S8|CALADA|EGRESO,RICARDONE,SI
ad51c167-27d,ad51c167-27d,,ABSORBIDO,BHL749,CIRCUITO_SAN_LORENZO,Circuito Ricardone → San Lorenzo,NO_CLASIFICADO,EVIDENCIA_INSUFICIENTE_ABSORBIDO,0,2026-09-28T11:02:37.367-03:00,2026-09-28T11:05:01.690-03:00,2.41,0,PREINGRESO|EGRESO,,SI
a049c10a-846,a049c10a-846,,ABSORBIDO,NDS385,CIRCUITO_SAN_LORENZO,Circuito Ricardone → San Lorenzo,NO_CLASIFICADO,EVIDENCIA_INSUFICIENTE_ABSORBIDO,0,2026-09-28T11:03:23.691-03:00,2026-09-28T11:28:46.175-03:00,25.37,0,PREINGRESO|CALADA|EGRESO,,SI
c7db549d-d35,c7db549d-d35,,ABSORBIDO,UYM942,R29,Transile externo Soja (Silos → Volcables puerto),NO_CLASIFICADO,EVIDENCIA_INSUFICIENTE_ABSORBIDO,0,2026-09-28T11:04:10.976-03:00,2026-09-28T12:57:18.747-03:00,113.13,0,PLAYA|CARGA_S8|BALANZA_EGRESO|CALADA|EGRESO,RICARDONE,SI
fca32ca3-8ef,fca32ca3-8ef,,ABSORBIDO,AAE877,R29,Transile externo Soja (Silos → Volcables puerto),NO_CLASIFICADO,EVIDENCIA_INSUFICIENTE_ABSORBIDO,0,2026-09-28T11:04:36.604-03:00,2026-09-28T12:35:44.191-03:00,91.13,0,PLAYA|CARGA_S8|BALANZA_EGRESO|PREINGRESO|CALADA|EGRESO,RICARDONE,SI
d7db95ed-80b,d7db95ed-80b,,ABSORBIDO,MGM147,CIRCUITO_SAN_LORENZO,Circuito Ricardone → San Lorenzo,NO_CLASIFICADO,EVIDENCIA_INSUFICIENTE_ABSORBIDO,0,2026-09-28T11:05:51.219-03:00,2026-09-28T11:29:17.135-03:00,23.43,0,PREINGRESO|CALADA|EGRESO,,SI
c08ef375-905,c08ef375-905,,ABSORBIDO,AF355JL,CIRCUITO_SAN_LORENZO,Circuito Ricardone → San Lorenzo,NO_CLASIFICADO,EVIDENCIA_INSUFICIENTE_ABSORBIDO,0,2026-09-28T11:06:33.703-03:00,2026-09-28T11:29:54.017-03:00,23.34,0,PREINGRESO|CALADA|EGRESO,,SI
0ce74c43-3f9,0ce74c43-3f9,,ABSORBIDO,TVH101,CIRCUITO_SAN_LORENZO,Circuito Ricardone → San Lorenzo,NO_CLASIFICADO,EVIDENCIA_INSUFICIENTE_ABSORBIDO,0,2026-09-28T11:07:07.062-03:00,2026-09-28T11:08:54.185-03:00,1.79,0,PREINGRESO|EGRESO,,SI
a042068e-b16,a042068e-b16,,ABSORBIDO,RQC013,CIRCUITO_SAN_LORENZO,Circuito Ricardone → San Lorenzo,NO_CLASIFICADO,EVIDENCIA_INSUFICIENTE_ABSORBIDO,0,2026-09-28T11:07:46.506-03:00,2026-09-28T11:10:01.468-03:00,2.25,0,PREINGRESO|EGRESO,,SI
84fe953d-c99,84fe953d-c99,,ABSORBIDO,CGS172,CIRCUITO_SAN_LORENZO,Circuito Ricardone → San Lorenzo,NO_CLASIFICADO,EVIDENCIA_INSUFICIENTE_ABSORBIDO,0,2026-09-28T11:08:22.908-03:00,2026-09-28T11:10:50.911-03:00,2.47,0,PREINGRESO|EGRESO,,SI
27ceef3a-2ca,27ceef3a-2ca,,ABSORBIDO,GES056,CIRCUITO_SAN_LORENZO,Circuito Ricardone → San Lorenzo,NO_CLASIFICADO,EVIDENCIA_INSUFICIENTE_ABSORBIDO,0,2026-09-28T11:09:42.513-03:00,2026-09-28T11:17:39.815-03:00,7.96,0,PREINGRESO|EGRESO,,SI
9676930e-970,9676930e-970,,ABSORBIDO,RAW481,REGISTRO_INCOMPLETO,Registro incompleto,NO_CLASIFICADO,EVIDENCIA_INSUFICIENTE_ABSORBIDO,0,2026-09-28T11:10:02.142-03:00,2026-09-28T12:19:30.638-03:00,69.47,0,SL_INGRESO|SL_BALANZA_INGRESO|SL_VOLCABLE|SL_EGRESO,,SI
3fb6bc88-301,3fb6bc88-301,,ABSORBIDO,CIE516,R29,Transile externo Soja (Silos → Volcables puerto),NO_CLASIFICADO,EVIDENCIA_INSUFICIENTE_ABSORBIDO,0,2026-09-28T11:10:18.979-03:00,2026-09-28T13:11:29.036-03:00,121.17,0,PLAYA|CARGA_S8|BALANZA_EGRESO|CALADA|EGRESO,RICARDONE,SI
d8fe3c3a-056,d8fe3c3a-056,,ABSORBIDO,BHL749,R29,Transile externo Soja (Silos → Volcables puerto),NO_CLASIFICADO,EVIDENCIA_INSUFICIENTE_ABSORBIDO,0,2026-09-28T11:13:02.646-03:00,2026-09-28T13:12:28.400-03:00,119.43,0,PLAYA|CARGA_S8|BALANZA_EGRESO|CALADA|EGRESO,RICARDONE,SI
df0f673f-115,df0f673f-115,,ABSORBIDO,RXV065,CIRCUITO_SAN_LORENZO,Circuito Ricardone → San Lorenzo,NO_CLASIFICADO,EVIDENCIA_INSUFICIENTE_ABSORBIDO,0,2026-09-28T11:14:16.449-03:00,2026-09-28T11:18:11.737-03:00,3.92,0,PREINGRESO|EGRESO,,SI
43e0653b-0c5,43e0653b-0c5,,ABSORBIDO,TVH101,R29,Transile externo Soja (Silos → Volcables puerto),NO_CLASIFICADO,EVIDENCIA_INSUFICIENTE_ABSORBIDO,0,2026-09-28T11:15:06.380-03:00,2026-09-28T13:16:37.535-03:00,121.52,0,PLAYA|CARGA_S8|BALANZA_EGRESO|CALADA|EGRESO,RICARDONE,SI
f96ee1d0-b77,f96ee1d0-b77,,ABSORBIDO,RQC013,R29,Transile externo Soja (Silos → Volcables puerto),NO_CLASIFICADO,EVIDENCIA_INSUFICIENTE_ABSORBIDO,0,2026-09-28T11:16:22.360-03:00,2026-09-28T13:31:56.148-03:00,135.56,0,PLAYA|CALADA|EGRESO,RICARDONE,SI
d73956e5-87d,d73956e5-87d,,ABSORBIDO,RDL445,REGISTRO_INCOMPLETO,Registro incompleto,NO_CLASIFICADO,EVIDENCIA_INSUFICIENTE_ABSORBIDO,0,2026-09-28T11:17:24.249-03:00,2026-09-28T12:23:00.418-03:00,65.6,0,SL_INGRESO|SL_BALANZA_INGRESO|SL_VOLCABLE|SL_EGRESO,,SI
9fb4010b-f4c,9fb4010b-f4c,,ABSORBIDO,CGS172,R29,Transile externo Soja (Silos → Volcables puerto),NO_CLASIFICADO,EVIDENCIA_INSUFICIENTE_ABSORBIDO,0,2026-09-28T11:18:33.037-03:00,2026-09-28T14:03:10.657-03:00,164.63,0,PLAYA|CARGA_S8|BALANZA_EGRESO|PLAYA|DESCARGA_S7|CALADA|EGRESO,RICARDONE,SI
dd266833-5e6,dd266833-5e6,,ABSORBIDO,UUL425,R29,Transile externo Soja (Silos → Volcables puerto),NO_CLASIFICADO,EVIDENCIA_INSUFICIENTE_ABSORBIDO,0,2026-09-28T11:19:44.942-03:00,2026-09-28T13:28:39.177-03:00,128.9,0,PLAYA|CARGA_S8|BALANZA_EGRESO|CALADA|EGRESO,RICARDONE,SI
e00d91c6-9ee,e00d91c6-9ee,,ABSORBIDO,AC293WB,R7,Ricardone → San Lorenzo,NO_CLASIFICADO,EVIDENCIA_INSUFICIENTE_ABSORBIDO,0,2026-09-28T11:21:29.702-03:00,2026-09-28T16:14:25.082-03:00,292.92,0,SL_INGRESO|SL_BALANZA_INGRESO|SL_VOLCABLE|SL_EGRESO,TERMINAL_EMBARQUE,SI
8af704ec-aee,8af704ec-aee,,ABSORBIDO,TCF390,R6,Recepción Volcable 2,NO_CLASIFICADO,EVIDENCIA_INSUFICIENTE_ABSORBIDO,0,2026-09-28T11:24:41.442-03:00,2026-09-28T12:10:27.738-03:00,45.77,0,PLAYA|BALANZA_EGRESO,RICARDONE,SI
8767e5ac-ea1,8767e5ac-ea1,,ABSORBIDO,GES056,R29,Transile externo Soja (Silos → Volcables puerto),NO_CLASIFICADO,EVIDENCIA_INSUFICIENTE_ABSORBIDO,0,2026-09-28T11:25:49.472-03:00,2026-09-28T14:24:17.451-03:00,178.47,0,PLAYA|CARGA_S8|BALANZA_EGRESO|PLAYA|DESCARGA_S7|CALADA|EGRESO,RICARDONE,SI
9f506975-aed,9f506975-aed,,ABSORBIDO,EVL273,CIRCUITO_SAN_LORENZO,Circuito Ricardone → San Lorenzo,NO_CLASIFICADO,EVIDENCIA_INSUFICIENTE_ABSORBIDO,0,2026-09-28T11:26:38.892-03:00,2026-09-28T11:31:32.502-03:00,4.89,0,PREINGRESO|EGRESO,,SI
6a604e9d-ac4,6a604e9d-ac4,,ABSORBIDO,CGV979,R29,Transile externo Soja (Silos → Volcables puerto),NO_CLASIFICADO,EVIDENCIA_INSUFICIENTE_ABSORBIDO,0,2026-09-28T11:27:57.297-03:00,2026-09-28T11:31:58.265-03:00,4.02,0,PREINGRESO|EGRESO,RICARDONE,SI
2adab634-2f8,2adab634-2f8,,ABSORBIDO,RXV065,R29,Transile externo Soja (Silos → Volcables puerto),NO_CLASIFICADO,EVIDENCIA_INSUFICIENTE_ABSORBIDO,0,2026-09-28T11:28:41.467-03:00,2026-09-28T14:18:37.671-03:00,169.94,0,PLAYA|BALANZA_EGRESO|CALADA|EGRESO,RICARDONE,SI
d96e90ca-f67,d96e90ca-f67,,ABSORBIDO,AA042AI,REGISTRO_INCOMPLETO,Registro incompleto,NO_CLASIFICADO,EVIDENCIA_INSUFICIENTE_ABSORBIDO,0,2026-09-28T11:29:22.851-03:00,2026-09-28T12:03:19.214-03:00,33.94,0,SL_INGRESO|SL_BALANZA_INGRESO|SL_EGRESO,TERMINAL_EMBARQUE,SI
f0df2a81-a77,f0df2a81-a77,,ABSORBIDO,RNM392,CIRCUITO_LIQUIDO,Circuito líquido,NO_CLASIFICADO,EVIDENCIA_INSUFICIENTE_ABSORBIDO,0,2026-09-28T11:30:20.344-03:00,2026-09-28T11:38:27.647-03:00,8.12,0,PREINGRESO|LIQUIDO|EGRESO,,SI
74dbaac4-d01,74dbaac4-d01,,ABSORBIDO,DFP716,CIRCUITO_SAN_LORENZO,Circuito Ricardone → San Lorenzo,NO_CLASIFICADO,EVIDENCIA_INSUFICIENTE_ABSORBIDO,0,2026-09-28T11:33:10.435-03:00,2026-09-28T11:39:00.527-03:00,5.83,0,PREINGRESO|EGRESO,,SI
d4404b23-c3b,d4404b23-c3b,,ABSORBIDO,AH923KK,R7,Ricardone → San Lorenzo,NO_CLASIFICADO,EVIDENCIA_INSUFICIENTE_ABSORBIDO,0,2026-09-28T11:36:14.633-03:00,2026-09-28T16:26:13.498-03:00,289.98,0,SL_INGRESO|SL_BALANZA_INGRESO|SL_VOLCABLE|SL_EGRESO,TERMINAL_EMBARQUE,SI
cdcdd7b0-17b,cdcdd7b0-17b,,ABSORBIDO,AA568PL,CIRCUITO_SAN_LORENZO,Circuito Ricardone → San Lorenzo,NO_CLASIFICADO,EVIDENCIA_INSUFICIENTE_ABSORBIDO,0,2026-09-28T11:36:34.048-03:00,2026-09-28T11:56:47.232-03:00,20.22,0,PREINGRESO|CALADA|EGRESO,,SI
807159f3-e53,807159f3-e53,,ABSORBIDO,AE236NN,R7,Ricardone → San Lorenzo,NO_CLASIFICADO,EVIDENCIA_INSUFICIENTE_ABSORBIDO,0,2026-09-28T11:38:06.960-03:00,2026-09-28T16:38:42.718-03:00,300.6,0,SL_INGRESO|SL_BALANZA_INGRESO|SL_VOLCABLE|SL_EGRESO,TERMINAL_EMBARQUE,SI
5620616e-f7c,5620616e-f7c,,ABSORBIDO,NDS385,R7,Ricardone → San Lorenzo,NO_CLASIFICADO,EVIDENCIA_INSUFICIENTE_ABSORBIDO,0,2026-09-28T11:38:43.204-03:00,2026-09-28T16:28:40.917-03:00,289.96,0,SL_INGRESO|SL_BALANZA_INGRESO|SL_VOLCABLE|SL_EGRESO,TERMINAL_EMBARQUE,SI
45e2fd06-016,45e2fd06-016,,ABSORBIDO,HWU967,REGISTRO_INCOMPLETO,Registro incompleto,NO_CLASIFICADO,EVIDENCIA_INSUFICIENTE_ABSORBIDO,0,2026-09-28T11:39:18.164-03:00,2026-09-28T12:23:20.266-03:00,44.04,0,SL_INGRESO|SL_BALANZA_INGRESO|UNKNOWN|SL_EGRESO,TERMINAL_EMBARQUE,SI
afa5933c-0d0,afa5933c-0d0,,ABSORBIDO,EVL273,R29,Transile externo Soja (Silos → Volcables puerto),NO_CLASIFICADO,EVIDENCIA_INSUFICIENTE_ABSORBIDO,0,2026-09-28T11:39:32.735-03:00,2026-09-28T14:42:32.635-03:00,183,0,PLAYA|CARGA_S8|BALANZA_EGRESO|PLAYA|DESCARGA_S7|CALADA|EGRESO,RICARDONE,SI
24d0eb31-540,24d0eb31-540,,ABSORBIDO,CGV979,R29,Transile externo Soja (Silos → Volcables puerto),NO_CLASIFICADO,EVIDENCIA_INSUFICIENTE_ABSORBIDO,0,2026-09-28T11:40:30.267-03:00,2026-09-28T14:32:45.239-03:00,172.25,0,PLAYA|CARGA_S8|BALANZA_EGRESO|CALADA|EGRESO,RICARDONE,SI
5a986a6e-67c,5a986a6e-67c,,ABSORBIDO,MGM147,R7,Ricardone → San Lorenzo,NO_CLASIFICADO,EVIDENCIA_INSUFICIENTE_ABSORBIDO,0,2026-09-28T11:40:34.921-03:00,2026-09-28T16:31:59.637-03:00,291.41,0,SL_INGRESO|SL_BALANZA_INGRESO|SL_VOLCABLE|SL_EGRESO,TERMINAL_EMBARQUE,SI
45a263b6-093,45a263b6-093,,ABSORBIDO,AF355JL,R7,Ricardone → San Lorenzo,NO_CLASIFICADO,EVIDENCIA_INSUFICIENTE_ABSORBIDO,0,2026-09-28T11:41:23.589-03:00,2026-09-28T16:11:13.813-03:00,269.84,0,SL_INGRESO|SL_BALANZA_INGRESO|SL_VOLCABLE,TERMINAL_EMBARQUE,SI
3dc75058-645,3dc75058-645,,ABSORBIDO,EPH797,REGISTRO_INCOMPLETO,Registro incompleto,NO_CLASIFICADO,EVIDENCIA_INSUFICIENTE_ABSORBIDO,0,2026-09-28T11:42:05.772-03:00,2026-09-28T12:17:45.401-03:00,35.66,0,SL_INGRESO|SL_BALANZA_INGRESO|UNKNOWN|SL_EGRESO,TERMINAL_EMBARQUE,SI
4c90398f-0ac,4c90398f-0ac,,ABSORBIDO,RNM392,R29,Transile externo Soja (Silos → Volcables puerto),NO_CLASIFICADO,EVIDENCIA_INSUFICIENTE_ABSORBIDO,0,2026-09-28T11:47:16.998-03:00,2026-09-28T14:50:58.745-03:00,183.7,0,PLAYA|CARGA_S8|BALANZA_EGRESO|CALADA|EGRESO,RICARDONE,SI
14f1a21e-e65,14f1a21e-e65,,ABSORBIDO,AD147KV,CIRCUITO_SAN_LORENZO,Circuito Ricardone → San Lorenzo,NO_CLASIFICADO,EVIDENCIA_INSUFICIENTE_ABSORBIDO,0,2026-09-28T11:47:30.885-03:00,2026-09-28T17:06:39.478-03:00,319.14,0,PREINGRESO|CALADA|EGRESO,,SI
734241ad-c27,734241ad-c27,,ABSORBIDO,FDH917,REGISTRO_INCOMPLETO,Registro incompleto,NO_CLASIFICADO,EVIDENCIA_INSUFICIENTE_ABSORBIDO,0,2026-09-28T11:47:44.856-03:00,2026-09-28T13:09:06.444-03:00,81.36,0,SL_INGRESO|SL_BALANZA_INGRESO|SL_VOLCABLE|SL_EGRESO,,SI
2b39acc0-9ee,2b39acc0-9ee,,ABSORBIDO,DFP716,R29,Transile externo Soja (Silos → Volcables puerto),NO_CLASIFICADO,EVIDENCIA_INSUFICIENTE_ABSORBIDO,0,2026-09-28T11:48:01.959-03:00,2026-09-28T15:02:17.342-03:00,194.26,0,PLAYA|CARGA_S8|BALANZA_EGRESO|CALADA|EGRESO,RICARDONE,SI
4751bf9c-305,4751bf9c-305,,ABSORBIDO,TAC436,REGISTRO_INCOMPLETO,Registro incompleto,NO_CLASIFICADO,EVIDENCIA_INSUFICIENTE_ABSORBIDO,0,2026-09-28T11:52:14.790-03:00,2026-09-28T13:15:06.148-03:00,82.86,0,SL_INGRESO|SL_BALANZA_INGRESO|SL_VOLCABLE|SL_EGRESO,,SI
35abdc41-eee,35abdc41-eee,,ABSORBIDO,VJG112,R29,Transile externo Soja (Silos → Volcables puerto),NO_CLASIFICADO,EVIDENCIA_INSUFICIENTE_ABSORBIDO,0,2026-09-28T11:54:03.764-03:00,2026-09-28T17:08:50.881-03:00,314.79,0,PLAYA|BALANZA_EGRESO|CALADA|SL_VOLCABLE|SL_EGRESO,RICARDONE,SI
960f6d1a-8fa,960f6d1a-8fa,,ABSORBIDO,KNI695,CIRCUITO_SAN_LORENZO,Circuito Ricardone → San Lorenzo,NO_CLASIFICADO,EVIDENCIA_INSUFICIENTE_ABSORBIDO,0,2026-09-28T11:58:55.725-03:00,2026-09-28T12:21:37.415-03:00,22.69,0,PREINGRESO|CALADA|EGRESO,,SI
24ba80ef-c87,24ba80ef-c87,,ABSORBIDO,AYB759,CIRCUITO_SAN_LORENZO,Circuito Ricardone → San Lorenzo,NO_CLASIFICADO,EVIDENCIA_INSUFICIENTE_ABSORBIDO,0,2026-09-28T12:00:59.812-03:00,2026-09-28T12:08:55.114-03:00,7.92,0,PREINGRESO|EGRESO,,SI
36198a3d-d9b,36198a3d-d9b,,ABSORBIDO,KDE342,REGISTRO_INCOMPLETO,Registro incompleto,NO_CLASIFICADO,EVIDENCIA_INSUFICIENTE_ABSORBIDO,0,2026-09-28T12:01:56.343-03:00,2026-09-28T13:27:13.519-03:00,85.29,0,SL_INGRESO|SL_BALANZA_INGRESO|SL_VOLCABLE|SL_EGRESO,,SI
753fbbd2-154,753fbbd2-154,,ABSORBIDO,EYH843,CIRCUITO_SAN_LORENZO,Circuito Ricardone → San Lorenzo,NO_CLASIFICADO,EVIDENCIA_INSUFICIENTE_ABSORBIDO,0,2026-09-28T12:02:07.016-03:00,2026-09-28T12:04:30.617-03:00,2.39,0,PREINGRESO|EGRESO,,SI
e11cd1f2-088,e11cd1f2-088,,ABSORBIDO,AA087XZ,CIRCUITO_SAN_LORENZO,Circuito Ricardone → San Lorenzo,NO_CLASIFICADO,EVIDENCIA_INSUFICIENTE_ABSORBIDO,0,2026-09-28T12:02:47.899-03:00,2026-09-28T12:04:52.218-03:00,2.07,0,PREINGRESO|EGRESO,,SI
c54fc753-4d3,c54fc753-4d3,,ABSORBIDO,UKL882,REGISTRO_INCOMPLETO,Registro incompleto,NO_CLASIFICADO,EVIDENCIA_INSUFICIENTE_ABSORBIDO,0,2026-09-28T12:04:06.751-03:00,2026-09-28T13:18:29.229-03:00,74.37,0,SL_INGRESO|SL_BALANZA_INGRESO|SL_VOLCABLE|SL_EGRESO,,SI
1beb8b67-2fe,1beb8b67-2fe,,ABSORBIDO,BVS300,REGISTRO_INCOMPLETO,Registro incompleto,NO_CLASIFICADO,EVIDENCIA_INSUFICIENTE_ABSORBIDO,0,2026-09-28T12:05:02.754-03:00,2026-09-28T13:27:34.647-03:00,82.53,0,SL_INGRESO|SL_BALANZA_INGRESO|SL_VOLCABLE|SL_EGRESO,,SI
853b82cf-bcc,853b82cf-bcc,,ABSORBIDO,JVA446,CIRCUITO_SAN_LORENZO,Circuito Ricardone → San Lorenzo,NO_CLASIFICADO,EVIDENCIA_INSUFICIENTE_ABSORBIDO,0,2026-09-28T12:06:57.833-03:00,2026-09-28T13:25:54.847-03:00,78.95,0,PREINGRESO|CALADA|EGRESO,,SI
38c8c221-0e3,38c8c221-0e3,,ABSORBIDO,AA568PL,R7,Ricardone → San Lorenzo,NO_CLASIFICADO,EVIDENCIA_INSUFICIENTE_ABSORBIDO,0,2026-09-28T12:07:59.965-03:00,2026-09-28T16:40:14.274-03:00,272.24,0,SL_INGRESO|SL_BALANZA_INGRESO|SL_VOLCABLE|SL_EGRESO,TERMINAL_EMBARQUE,SI
01ad7370-d8e,01ad7370-d8e,,ABSORBIDO,AB525FS,CIRCUITO_SAN_LORENZO,Circuito Ricardone → San Lorenzo,NO_CLASIFICADO,EVIDENCIA_INSUFICIENTE_ABSORBIDO,0,2026-09-28T12:11:14.649-03:00,2026-09-28T13:27:57.174-03:00,76.71,0,PREINGRESO|CALADA|EGRESO,,SI
5ce0df6c-b3c,5ce0df6c-b3c,,ABSORBIDO,CKQ212,CIRCUITO_SAN_LORENZO,Circuito Ricardone → San Lorenzo,NO_CLASIFICADO,EVIDENCIA_INSUFICIENTE_ABSORBIDO,0,2026-09-28T12:12:21.690-03:00,2026-09-28T12:15:25.298-03:00,3.06,0,PREINGRESO|EGRESO,,SI
56d06dac-62d,56d06dac-62d,,ABSORBIDO,EYH843,R29,Transile externo Soja (Silos → Volcables puerto),NO_CLASIFICADO,EVIDENCIA_INSUFICIENTE_ABSORBIDO,0,2026-09-28T12:12:36.735-03:00,2026-09-28T15:21:55.173-03:00,189.31,0,PLAYA|BALANZA_EGRESO|CALADA|EGRESO,RICARDONE,SI
14a6d390-a58,14a6d390-a58,,ABSORBIDO,AA087XZ,R29,Transile externo Soja (Silos → Volcables puerto),NO_CLASIFICADO,EVIDENCIA_INSUFICIENTE_ABSORBIDO,0,2026-09-28T12:12:46.383-03:00,2026-09-28T16:46:17.888-03:00,273.53,0,PLAYA|CARGA_S8|BALANZA_EGRESO|CALADA|EGRESO,RICARDONE,SI
5a6a2535-43d,5a6a2535-43d,,ABSORBIDO,VAJ028,CIRCUITO_SAN_LORENZO,Circuito Ricardone → San Lorenzo,NO_CLASIFICADO,EVIDENCIA_INSUFICIENTE_ABSORBIDO,0,2026-09-28T12:13:27.456-03:00,2026-09-28T12:16:53.942-03:00,3.44,0,PREINGRESO|EGRESO,,SI
b614f9a1-c07,b614f9a1-c07,,ABSORBIDO,UWX998,R29,Transile externo Soja (Silos → Volcables puerto),NO_CLASIFICADO,EVIDENCIA_INSUFICIENTE_ABSORBIDO,0,2026-09-28T12:14:12.309-03:00,2026-09-28T13:32:07.916-03:00,77.93,0,SL_INGRESO|SL_BALANZA_INGRESO|SL_VOLCABLE|SL_EGRESO,RICARDONE,SI
33a7a11e-38f,33a7a11e-38f,,ABSORBIDO,FAF052,CIRCUITO_SAN_LORENZO,Circuito Ricardone → San Lorenzo,NO_CLASIFICADO,EVIDENCIA_INSUFICIENTE_ABSORBIDO,0,2026-09-28T12:14:36.661-03:00,2026-09-28T13:35:18.800-03:00,80.7,0,PREINGRESO|CALADA|EGRESO,,SI
3e24498f-d8b,3e24498f-d8b,,ABSORBIDO,RGV982,CIRCUITO_SAN_LORENZO,Circuito Ricardone → San Lorenzo,NO_CLASIFICADO,EVIDENCIA_INSUFICIENTE_ABSORBIDO,0,2026-09-28T12:16:22.424-03:00,2026-09-28T12:19:03.150-03:00,2.68,0,PREINGRESO|EGRESO,,SI
67ec1552-664__cycle_1,67ec1552-664,,ABSORBIDO,AYB759,REGISTRO_INCOMPLETO,Registro incompleto,NO_CLASIFICADO,EVIDENCIA_INSUFICIENTE_ABSORBIDO,0,2026-09-28T12:16:45.497-03:00,2026-09-28T15:41:53.677-03:00,205.14,0,PLAYA|BALANZA_EGRESO,,SI
fb43c772-8d7,fb43c772-8d7,,ABSORBIDO,WOP503,CIRCUITO_SAN_LORENZO,Circuito Ricardone → San Lorenzo,NO_CLASIFICADO,EVIDENCIA_INSUFICIENTE_ABSORBIDO,0,2026-09-28T12:17:40.029-03:00,2026-09-28T13:40:40.820-03:00,83.01,0,PREINGRESO|CALADA|EGRESO,,SI
c0a9ab58-54d,c0a9ab58-54d,,ABSORBIDO,ECX249,CIRCUITO_SAN_LORENZO,Circuito Ricardone → San Lorenzo,NO_CLASIFICADO,EVIDENCIA_INSUFICIENTE_ABSORBIDO,0,2026-09-28T12:18:42.194-03:00,2026-09-28T12:21:12.601-03:00,2.51,0,PREINGRESO|EGRESO,,SI
fd66cb37-c72,fd66cb37-c72,,ABSORBIDO,AB608FC,REGISTRO_INCOMPLETO,Registro incompleto,NO_CLASIFICADO,EVIDENCIA_INSUFICIENTE_ABSORBIDO,0,2026-09-28T12:18:51.366-03:00,2026-09-28T14:44:09.462-03:00,145.3,0,SL_INGRESO|SL_BALANZA_INGRESO|UNKNOWN|SL_CALADA|SL_BALANZA_INGRESO|SL_VOLCABLE|SL_EGRESO,TERMINAL_EMBARQUE,SI
d6990a5e-459,d6990a5e-459,,ABSORBIDO,NRV963,CIRCUITO_SAN_LORENZO,Circuito Ricardone → San Lorenzo,NO_CLASIFICADO,EVIDENCIA_INSUFICIENTE_ABSORBIDO,0,2026-09-28T12:21:25.722-03:00,2026-09-28T17:07:57.882-03:00,286.54,0,PREINGRESO|CALADA|EGRESO,,SI
5b4b561e-4b0__cycle_1,5b4b561e-4b0,,ABSORBIDO,VRA989,REGISTRO_INCOMPLETO,Registro incompleto,NO_CLASIFICADO,EVIDENCIA_INSUFICIENTE_ABSORBIDO,0,2026-09-28T12:21:56.013-03:00,2026-09-28T15:51:40.431-03:00,209.74,0,PLAYA|CARGA_S8|BALANZA_EGRESO,,SI
3784b0da-c2a,3784b0da-c2a,,ABSORBIDO,CKQ212,R29,Transile externo Soja (Silos → Volcables puerto),NO_CLASIFICADO,EVIDENCIA_INSUFICIENTE_ABSORBIDO,0,2026-09-28T12:24:50.842-03:00,2026-09-28T16:51:53.826-03:00,267.05,0,PLAYA|CARGA_S8|BALANZA_EGRESO|CALADA|EGRESO,RICARDONE,SI
e5a6f062-beb,e5a6f062-beb,,ABSORBIDO,VAJ028,R29,Transile externo Soja (Silos → Volcables puerto),NO_CLASIFICADO,EVIDENCIA_INSUFICIENTE_ABSORBIDO,0,2026-09-28T12:25:24.176-03:00,2026-09-28T16:52:27.510-03:00,267.06,0,PLAYA|CARGA_S8|BALANZA_EGRESO|CALADA|EGRESO,RICARDONE,SI
226e498f-c17,226e498f-c17,,ABSORBIDO,RGV982,R29,Transile externo Soja (Silos → Volcables puerto),NO_CLASIFICADO,EVIDENCIA_INSUFICIENTE_ABSORBIDO,0,2026-09-28T12:28:18.683-03:00,2026-09-28T17:10:37.013-03:00,282.31,0,PLAYA|CARGA_S8|BALANZA_EGRESO|CALADA|EGRESO,RICARDONE,SI
2bb3771f-0fe,2bb3771f-0fe,,ABSORBIDO,ECX249,R29,Transile externo Soja (Silos → Volcables puerto),NO_CLASIFICADO,EVIDENCIA_INSUFICIENTE_ABSORBIDO,0,2026-09-28T12:29:13.172-03:00,2026-09-28T17:31:47.808-03:00,302.58,0,PLAYA|BALANZA_EGRESO|CALADA|EGRESO,RICARDONE,SI
9fe07199-cf0,9fe07199-cf0,,ABSORBIDO,RAW481,CIRCUITO_SAN_LORENZO,Circuito Ricardone → San Lorenzo,NO_CLASIFICADO,EVIDENCIA_INSUFICIENTE_ABSORBIDO,0,2026-09-28T12:30:24.553-03:00,2026-09-28T12:32:43.941-03:00,2.32,0,PREINGRESO|EGRESO,,SI
2bc429e1-86a,2bc429e1-86a,,ABSORBIDO,KLB744,CIRCUITO_SAN_LORENZO,Circuito Ricardone → San Lorenzo,NO_CLASIFICADO,EVIDENCIA_INSUFICIENTE_ABSORBIDO,0,2026-09-28T12:33:24.406-03:00,2026-09-28T14:33:14.523-03:00,119.84,0,PREINGRESO|CALADA|EGRESO,,SI
2418dde0-57f__cycle_1,2418dde0-57f,,ABSORBIDO,HWF026,DESPACHO_SIN_PUNTO_INSTRUMENTADO,Despacho / descarga sin punto instrumentado,NO_CLASIFICADO,EVIDENCIA_INSUFICIENTE_ABSORBIDO,0,2026-09-28T12:34:38.568-03:00,2026-09-28T13:42:57.555-03:00,68.32,0,PREINGRESO|CALADA|PREINGRESO,,SI
751dafdb-546,751dafdb-546,,ABSORBIDO,KNI695,R7,Ricardone → San Lorenzo,NO_CLASIFICADO,EVIDENCIA_INSUFICIENTE_ABSORBIDO,0,2026-09-28T12:35:33.503-03:00,2026-09-28T17:02:06.119-03:00,266.54,0,SL_INGRESO|SL_BALANZA_INGRESO|SL_VOLCABLE|SL_EGRESO,TERMINAL_EMBARQUE,SI
d7af75a7-be3,d7af75a7-be3,,ABSORBIDO,RDL445,CIRCUITO_SAN_LORENZO,Circuito Ricardone → San Lorenzo,NO_CLASIFICADO,EVIDENCIA_INSUFICIENTE_ABSORBIDO,0,2026-09-28T12:36:05.455-03:00,2026-09-28T12:38:25.161-03:00,2.33,0,PREINGRESO|EGRESO,,SI
d058fe46-229,d058fe46-229,,ABSORBIDO,LUC005,R7,Ricardone → San Lorenzo,NO_CLASIFICADO,EVIDENCIA_INSUFICIENTE_ABSORBIDO,0,2026-09-28T12:36:39.507-03:00,2026-09-28T16:46:57.996-03:00,250.31,0,SL_INGRESO|SL_BALANZA_INGRESO|SL_VOLCABLE|SL_EGRESO,TERMINAL_EMBARQUE,SI
b4119e10-1f1,b4119e10-1f1,,ABSORBIDO,RLP943,CIRCUITO_SAN_LORENZO,Circuito Ricardone → San Lorenzo,NO_CLASIFICADO,EVIDENCIA_INSUFICIENTE_ABSORBIDO,0,2026-09-28T12:41:28.434-03:00,2026-09-28T12:44:41.902-03:00,3.22,0,PREINGRESO|EGRESO,,SI
8eae89a9-22d,8eae89a9-22d,,ABSORBIDO,NHB130,CIRCUITO_SAN_LORENZO,Circuito Ricardone → San Lorenzo,NO_CLASIFICADO,EVIDENCIA_INSUFICIENTE_ABSORBIDO,0,2026-09-28T12:43:48.120-03:00,2026-09-28T13:39:01.373-03:00,55.22,0,PREINGRESO|EGRESO,,SI
5f050894-fac__cycle_1,5f050894-fac,,ABSORBIDO,RDL445,REGISTRO_INCOMPLETO,Registro incompleto,NO_CLASIFICADO,EVIDENCIA_INSUFICIENTE_ABSORBIDO,0,2026-09-28T12:44:27.141-03:00,2026-09-28T15:14:04.462-03:00,149.62,0,PLAYA|BALANZA_EGRESO,,SI
d7fbe08d-1d1,d7fbe08d-1d1,,ABSORBIDO,AB115WU,SL1,Recepción Carga OSL San Lorenzo,NO_CLASIFICADO,EVIDENCIA_INSUFICIENTE_ABSORBIDO,0,2026-09-28T12:45:01.294-03:00,2026-09-28T18:02:03.136-03:00,317.03,0,SL_INGRESO|SL_CALADA|SL_BALANZA_INGRESO|SL_LIQUIDO_CARGA|SL_EGRESO,TERMINAL_EMBARQUE,SI
f97c7982-554,f97c7982-554,,ABSORBIDO,AAE877,REGISTRO_INCOMPLETO,Registro incompleto,NO_CLASIFICADO,EVIDENCIA_INSUFICIENTE_ABSORBIDO,0,2026-09-28T12:47:37.947-03:00,2026-09-28T14:07:03.812-03:00,79.43,0,SL_INGRESO|SL_BALANZA_INGRESO|SL_VOLCABLE|SL_EGRESO,,SI
05d38a25-6f9,05d38a25-6f9,,ABSORBIDO,MDY213,CIRCUITO_SAN_LORENZO,Circuito Ricardone → San Lorenzo,NO_CLASIFICADO,EVIDENCIA_INSUFICIENTE_ABSORBIDO,0,2026-09-28T12:49:51.584-03:00,2026-09-28T13:57:25.916-03:00,67.57,0,PREINGRESO|CALADA|EGRESO,,SI
a7dea057-412,a7dea057-412,,ABSORBIDO,RLP943,R29,Transile externo Soja (Silos → Volcables puerto),NO_CLASIFICADO,EVIDENCIA_INSUFICIENTE_ABSORBIDO,0,2026-09-28T12:51:28.432-03:00,2026-09-28T17:45:36.336-03:00,294.13,0,PLAYA|CARGA_S8|BALANZA_EGRESO|CALADA|EGRESO,RICARDONE,SI
29cd5f9f-e29,29cd5f9f-e29,,ABSORBIDO,AI213BW,CIRCUITO_SAN_LORENZO,Circuito Ricardone → San Lorenzo,NO_CLASIFICADO,EVIDENCIA_INSUFICIENTE_ABSORBIDO,0,2026-09-28T12:52:59.194-03:00,2026-09-28T13:43:47.949-03:00,50.81,0,PREINGRESO|CALADA|EGRESO,,SI
5eb5a233-857,5eb5a233-857,,ABSORBIDO,HQX320,REGISTRO_INCOMPLETO,Registro incompleto,NO_CLASIFICADO,EVIDENCIA_INSUFICIENTE_ABSORBIDO,0,2026-09-28T12:53:21.245-03:00,2026-09-28T13:25:30.478-03:00,32.15,0,SL_INGRESO|SL_BALANZA_INGRESO|SL_EGRESO,TERMINAL_EMBARQUE,SI
6cb84dea-9f0,6cb84dea-9f0,,ABSORBIDO,KQO037,REGISTRO_INCOMPLETO,Registro incompleto,NO_CLASIFICADO,EVIDENCIA_INSUFICIENTE_ABSORBIDO,0,2026-09-28T12:55:09.894-03:00,2026-09-28T13:29:02.349-03:00,33.87,0,BALANZA_EGRESO|SL_EGRESO,RICARDONE,SI
c8a5ba44-fa6,c8a5ba44-fa6,,ABSORBIDO,LNP048,CIRCUITO_SAN_LORENZO,Circuito Ricardone → San Lorenzo,NO_CLASIFICADO,EVIDENCIA_INSUFICIENTE_ABSORBIDO,0,2026-09-28T13:01:19.781-03:00,2026-09-28T14:00:24.808-03:00,59.08,0,PREINGRESO|CALADA|EGRESO,,SI
75352f8e-79c,75352f8e-79c,,ABSORBIDO,UYM942,REGISTRO_INCOMPLETO,Registro incompleto,NO_CLASIFICADO,EVIDENCIA_INSUFICIENTE_ABSORBIDO,0,2026-09-28T13:07:35.215-03:00,2026-09-28T14:31:52.968-03:00,84.3,0,SL_INGRESO|SL_BALANZA_INGRESO|SL_VOLCABLE|SL_EGRESO,,SI
90dcede7-30f,90dcede7-30f,,ABSORBIDO,AA703FC,REGISTRO_INCOMPLETO,Registro incompleto,NO_CLASIFICADO,EVIDENCIA_INSUFICIENTE_ABSORBIDO,0,2026-09-28T13:11:00.507-03:00,2026-09-28T14:45:15.729-03:00,94.25,0,SL_INGRESO|SL_BALANZA_INGRESO|UNKNOWN|SL_VOLCABLE|SL_EGRESO,,SI
bad8f3fd-913,bad8f3fd-913,,ABSORBIDO,EEW075,REGISTRO_INCOMPLETO,Registro incompleto,NO_CLASIFICADO,EVIDENCIA_INSUFICIENTE_ABSORBIDO,0,2026-09-28T13:12:04.854-03:00,2026-09-28T14:33:29.366-03:00,81.41,0,SL_BALANZA_INGRESO|SL_VOLCABLE|SL_EGRESO,,SI
128e5c1d-9c9,128e5c1d-9c9,,ABSORBIDO,DGR440,REGISTRO_INCOMPLETO,Registro incompleto,NO_CLASIFICADO,EVIDENCIA_INSUFICIENTE_ABSORBIDO,0,2026-09-28T13:12:23.390-03:00,2026-09-28T14:35:28.334-03:00,83.08,0,SL_INGRESO|SL_BALANZA_INGRESO|SL_VOLCABLE|SL_EGRESO,,SI
9061fdfe-429,9061fdfe-429,,ABSORBIDO,EPH797,REGISTRO_INCOMPLETO,Registro incompleto,NO_CLASIFICADO,EVIDENCIA_INSUFICIENTE_ABSORBIDO,0,2026-09-28T13:14:08.519-03:00,2026-09-28T13:47:36.025-03:00,33.46,0,SL_INGRESO|SL_BALANZA_INGRESO|UNKNOWN|SL_EGRESO,TERMINAL_EMBARQUE,SI
8da8266b-48e,8da8266b-48e,,ABSORBIDO,AA875OG,SL1,Recepción Carga OSL San Lorenzo,NO_CLASIFICADO,EVIDENCIA_INSUFICIENTE_ABSORBIDO,0,2026-09-28T13:15:16.042-03:00,2026-09-28T22:40:41.986-03:00,565.43,0,SL_INGRESO|SL_CALADA|SL_BALANZA_INGRESO|SL_LIQUIDO_CARGA|SL_EGRESO,TERMINAL_EMBARQUE,SI
154fa7e9-d20,154fa7e9-d20,,ABSORBIDO,CIE516,R29,Transile externo Soja (Silos → Volcables puerto),NO_CLASIFICADO,EVIDENCIA_INSUFICIENTE_ABSORBIDO,0,2026-09-28T13:18:57.655-03:00,2026-09-28T14:39:54.080-03:00,80.94,0,SL_INGRESO|SL_BALANZA_INGRESO|SL_VOLCABLE|SL_EGRESO,RICARDONE,SI
281d45f4-9e5,281d45f4-9e5,,ABSORBIDO,FDH917,CIRCUITO_SAN_LORENZO,Circuito Ricardone → San Lorenzo,NO_CLASIFICADO,EVIDENCIA_INSUFICIENTE_ABSORBIDO,0,2026-09-28T13:20:27.716-03:00,2026-09-28T13:23:10.677-03:00,2.72,0,PREINGRESO|EGRESO,,SI
29a95723-092,29a95723-092,,ABSORBIDO,BHL749,REGISTRO_INCOMPLETO,Registro incompleto,NO_CLASIFICADO,EVIDENCIA_INSUFICIENTE_ABSORBIDO,0,2026-09-28T13:21:48.704-03:00,2026-09-28T14:43:43.172-03:00,81.91,0,SL_INGRESO|SL_BALANZA_INGRESO|SL_VOLCABLE|SL_EGRESO,,SI
e19c1828-fe0,e19c1828-fe0,,ABSORBIDO,TVH101,REGISTRO_INCOMPLETO,Registro incompleto,NO_CLASIFICADO,EVIDENCIA_INSUFICIENTE_ABSORBIDO,0,2026-09-28T13:25:30.316-03:00,2026-09-28T15:15:52.279-03:00,110.37,0,SL_INGRESO|SL_BALANZA_INGRESO|SL_VOLCABLE|SL_EGRESO,,SI
0a289d6a-f9c,0a289d6a-f9c,,ABSORBIDO,NHU167,CIRCUITO_SAN_LORENZO,Circuito Ricardone → San Lorenzo,NO_CLASIFICADO,EVIDENCIA_INSUFICIENTE_ABSORBIDO,0,2026-09-28T13:27:45.822-03:00,2026-09-28T14:01:45.930-03:00,34,0,PREINGRESO|CALADA|EGRESO,,SI
7a9508fb-add,7a9508fb-add,,ABSORBIDO,UKL882,CIRCUITO_SAN_LORENZO,Circuito Ricardone → San Lorenzo,NO_CLASIFICADO,EVIDENCIA_INSUFICIENTE_ABSORBIDO,0,2026-09-28T13:29:38.386-03:00,2026-09-28T13:32:44.711-03:00,3.11,0,PREINGRESO|EGRESO,,SI
0cd846d1-5a6,0cd846d1-5a6,,ABSORBIDO,FEA810,CIRCUITO_LIQUIDO,Circuito líquido,NO_CLASIFICADO,EVIDENCIA_INSUFICIENTE_ABSORBIDO,0,2026-09-28T13:30:08.428-03:00,2026-09-28T14:29:38.270-03:00,59.5,0,PLAYA|BALANZA_EGRESO|LIQUIDO|EGRESO,RICARDONE,SI
b5e90f79-ab7,b5e90f79-ab7,,ABSORBIDO,FDH917,R29,Transile externo Soja (Silos → Volcables puerto),NO_CLASIFICADO,EVIDENCIA_INSUFICIENTE_ABSORBIDO,0,2026-09-28T13:30:46.943-03:00,2026-09-28T17:46:58.181-03:00,256.19,0,PLAYA|BALANZA_EGRESO|CALADA|EGRESO,RICARDONE,SI
f795053a-35b,f795053a-35b,,ABSORBIDO,CEE898,CIRCUITO_SAN_LORENZO,Circuito Ricardone → San Lorenzo,NO_CLASIFICADO,EVIDENCIA_INSUFICIENTE_ABSORBIDO,0,2026-09-28T13:31:34.956-03:00,2026-09-28T14:06:58.749-03:00,35.4,0,PREINGRESO|EGRESO,,SI
90685122-69a,90685122-69a,,ABSORBIDO,JVA446,R7,Ricardone → San Lorenzo,NO_CLASIFICADO,EVIDENCIA_INSUFICIENTE_ABSORBIDO,0,2026-09-28T13:33:18.664-03:00,2026-09-28T17:10:43.086-03:00,217.41,0,SL_INGRESO|SL_BALANZA_INGRESO|SL_VOLCABLE|SL_EGRESO,TERMINAL_EMBARQUE,SI
871249b0-5ef,871249b0-5ef,,ABSORBIDO,AB525FS,R7,Ricardone → San Lorenzo,NO_CLASIFICADO,EVIDENCIA_INSUFICIENTE_ABSORBIDO,0,2026-09-28T13:36:19.316-03:00,2026-09-28T17:21:11.657-03:00,224.87,0,SL_INGRESO|SL_BALANZA_INGRESO|SL_VOLCABLE|SL_EGRESO,TERMINAL_EMBARQUE,SI
0504a27c-9d6,0504a27c-9d6,,ABSORBIDO,UKL882,R29,Transile externo Soja (Silos → Volcables puerto),NO_CLASIFICADO,EVIDENCIA_INSUFICIENTE_ABSORBIDO,0,2026-09-28T13:40:07.814-03:00,2026-09-28T17:59:40.945-03:00,259.55,0,PLAYA|BALANZA_EGRESO|CALADA|EGRESO,RICARDONE,SI
c79ea0c7-555,c79ea0c7-555,,ABSORBIDO,TAC436,CIRCUITO_SAN_LORENZO,Circuito Ricardone → San Lorenzo,NO_CLASIFICADO,EVIDENCIA_INSUFICIENTE_ABSORBIDO,0,2026-09-28T13:41:12.907-03:00,2026-09-28T13:44:13.951-03:00,3.02,0,PREINGRESO|EGRESO,,SI
7f95dbb8-032,7f95dbb8-032,,ABSORBIDO,KDE342,CIRCUITO_SAN_LORENZO,Circuito Ricardone → San Lorenzo,NO_CLASIFICADO,EVIDENCIA_INSUFICIENTE_ABSORBIDO,0,2026-09-28T13:41:59.230-03:00,2026-09-28T13:44:39.871-03:00,2.68,0,PREINGRESO|EGRESO,,SI
e777c5ec-bcd,e777c5ec-bcd,,ABSORBIDO,UUL425,REGISTRO_INCOMPLETO,Registro incompleto,NO_CLASIFICADO,EVIDENCIA_INSUFICIENTE_ABSORBIDO,0,2026-09-28T13:42:21.495-03:00,2026-09-28T15:27:36.400-03:00,105.25,0,SL_INGRESO|SL_BALANZA_INGRESO|SL_VOLCABLE|SL_EGRESO,,SI
60942690-9fe,60942690-9fe,,ABSORBIDO,AB821NP,R7,Ricardone → San Lorenzo,NO_CLASIFICADO,EVIDENCIA_INSUFICIENTE_ABSORBIDO,0,2026-09-28T13:44:09.150-03:00,2026-09-28T15:03:06.612-03:00,78.96,0,SL_BALANZA_INGRESO|SL_VOLCABLE|SL_EGRESO,TERMINAL_EMBARQUE,SI
904d4234-f67,904d4234-f67,,ABSORBIDO,BVS300,CIRCUITO_SAN_LORENZO,Circuito Ricardone → San Lorenzo,NO_CLASIFICADO,EVIDENCIA_INSUFICIENTE_ABSORBIDO,0,2026-09-28T13:45:19.803-03:00,2026-09-28T13:47:35.323-03:00,2.26,0,PREINGRESO|EGRESO,,SI
b9ce8e65-d66,b9ce8e65-d66,,ABSORBIDO,RQC013,REGISTRO_INCOMPLETO,Registro incompleto,NO_CLASIFICADO,EVIDENCIA_INSUFICIENTE_ABSORBIDO,0,2026-09-28T13:46:01.030-03:00,2026-09-28T16:08:38.545-03:00,142.63,0,SL_INGRESO|SL_BALANZA_INGRESO|SL_VOLCABLE|SL_EGRESO,,SI
6ef22a3e-1f8,6ef22a3e-1f8,,ABSORBIDO,UWX998,R29,Transile externo Soja (Silos → Volcables puerto),NO_CLASIFICADO,EVIDENCIA_INSUFICIENTE_ABSORBIDO,0,2026-09-28T13:46:22.367-03:00,2026-09-28T13:49:02.848-03:00,2.67,0,PREINGRESO|EGRESO,RICARDONE,SI
bbfe8016-f45__cycle_1,bbfe8016-f45,,ABSORBIDO,MNB810,REGISTRO_INCOMPLETO,Registro incompleto,NO_CLASIFICADO,EVIDENCIA_INSUFICIENTE_ABSORBIDO,0,2026-09-28T13:47:48.476-03:00,2026-09-28T18:17:14.480-03:00,269.43,0,SL_INGRESO|SL_CALADA|SL_BALANZA_INGRESO,,SI
e696dda7-acb__cycle_1,e696dda7-acb,,ABSORBIDO,AD887XZ,REGISTRO_INCOMPLETO,Registro incompleto,NO_CLASIFICADO,EVIDENCIA_INSUFICIENTE_ABSORBIDO,0,2026-09-28T13:48:29.596-03:00,2026-09-28T18:15:35.600-03:00,267.1,0,SL_INGRESO|SL_CALADA|SL_BALANZA_INGRESO,,SI
7e0abc3c-c53,7e0abc3c-c53,,ABSORBIDO,FAF052,R7,Ricardone → San Lorenzo,NO_CLASIFICADO,EVIDENCIA_INSUFICIENTE_ABSORBIDO,0,2026-09-28T13:49:12.641-03:00,2026-09-28T17:34:22.493-03:00,225.16,0,SL_INGRESO|SL_BALANZA_INGRESO|SL_EGRESO,TERMINAL_EMBARQUE,SI
3b5c249c-35f,3b5c249c-35f,,ABSORBIDO,NHB130,R7,Ricardone → San Lorenzo,NO_CLASIFICADO,EVIDENCIA_INSUFICIENTE_ABSORBIDO,0,2026-09-28T13:49:56.244-03:00,2026-09-28T17:31:24.982-03:00,221.48,0,SL_INGRESO|SL_BALANZA_INGRESO|SL_VOLCABLE|SL_EGRESO,TERMINAL_EMBARQUE,SI
269dde24-e8e,269dde24-e8e,,ABSORBIDO,WOP503,R7,Ricardone → San Lorenzo,NO_CLASIFICADO,EVIDENCIA_INSUFICIENTE_ABSORBIDO,0,2026-09-28T13:50:48.887-03:00,2026-09-28T17:44:07.266-03:00,233.31,0,SL_INGRESO|SL_BALANZA_INGRESO|SL_VOLCABLE|SL_EGRESO,TERMINAL_EMBARQUE,SI
75a77292-5ed,75a77292-5ed,,ABSORBIDO,TAC436,R29,Transile externo Soja (Silos → Volcables puerto),NO_CLASIFICADO,EVIDENCIA_INSUFICIENTE_ABSORBIDO,0,2026-09-28T13:51:37.882-03:00,2026-09-28T18:12:21.070-03:00,260.72,0,PLAYA|BALANZA_EGRESO|CALADA|EGRESO,RICARDONE,SI
1c2a042e-7ae,1c2a042e-7ae,,ABSORBIDO,KDE342,DESPACHO_SIN_PUNTO_INSTRUMENTADO,Despacho / descarga sin punto instrumentado,NO_CLASIFICADO,EVIDENCIA_INSUFICIENTE_ABSORBIDO,0,2026-09-28T13:52:56.352-03:00,2026-09-28T16:24:15.491-03:00,151.32,0,PLAYA|CARGA_S8|BALANZA_EGRESO|EGRESO,,SI
51b2d3ac-cc5,51b2d3ac-cc5,,ABSORBIDO,AI213BW,R7,Ricardone → San Lorenzo,NO_CLASIFICADO,EVIDENCIA_INSUFICIENTE_ABSORBIDO,0,2026-09-28T13:53:08.975-03:00,2026-09-28T17:39:12.748-03:00,226.06,0,SL_INGRESO|SL_BALANZA_INGRESO|SL_VOLCABLE|SL_EGRESO,TERMINAL_EMBARQUE,SI
bbacf536-4fc,bbacf536-4fc,,ABSORBIDO,BVS300,R29,Transile externo Soja (Silos → Volcables puerto),NO_CLASIFICADO,EVIDENCIA_INSUFICIENTE_ABSORBIDO,0,2026-09-28T13:54:37.334-03:00,2026-09-28T18:14:25.557-03:00,259.8,0,PLAYA|BALANZA_EGRESO|CALADA|EGRESO,RICARDONE,SI
875913b1-933,875913b1-933,,ABSORBIDO,LNP048,R7,Ricardone → San Lorenzo,NO_CLASIFICADO,EVIDENCIA_INSUFICIENTE_ABSORBIDO,0,2026-09-28T14:12:05.520-03:00,2026-09-28T17:57:17.102-03:00,225.19,0,SL_INGRESO|SL_BALANZA_INGRESO|SL_VOLCABLE|SL_EGRESO,TERMINAL_EMBARQUE,SI
cd91f6ef-4ed,cd91f6ef-4ed,,ABSORBIDO,NHU167,R7,Ricardone → San Lorenzo,NO_CLASIFICADO,EVIDENCIA_INSUFICIENTE_ABSORBIDO,0,2026-09-28T14:13:54.727-03:00,2026-09-28T17:53:59.182-03:00,220.07,0,SL_INGRESO|SL_BALANZA_INGRESO|SL_VOLCABLE|SL_EGRESO,TERMINAL_EMBARQUE,SI
00e60f90-472,00e60f90-472,,ABSORBIDO,CGS172,REGISTRO_INCOMPLETO,Registro incompleto,NO_CLASIFICADO,EVIDENCIA_INSUFICIENTE_ABSORBIDO,0,2026-09-28T14:14:34.729-03:00,2026-09-28T15:31:14.047-03:00,76.66,0,SL_INGRESO|SL_BALANZA_INGRESO|SL_VOLCABLE|SL_EGRESO,,SI
3081a480-9e3,3081a480-9e3,,ABSORBIDO,TAO150,CIRCUITO_LIQUIDO,Circuito líquido,NO_CLASIFICADO,EVIDENCIA_INSUFICIENTE_ABSORBIDO,0,2026-09-28T14:14:39.506-03:00,2026-09-28T14:20:11.437-03:00,5.53,0,PREINGRESO|LIQUIDO|EGRESO,,SI
b74403bb-baf,b74403bb-baf,,ABSORBIDO,AAE877,CIRCUITO_SAN_LORENZO,Circuito Ricardone → San Lorenzo,NO_CLASIFICADO,EVIDENCIA_INSUFICIENTE_ABSORBIDO,0,2026-09-28T14:20:31.526-03:00,2026-09-28T14:23:00.567-03:00,2.48,0,PREINGRESO|EGRESO,,SI
a542e236-223,a542e236-223,,ABSORBIDO,CEE898,R7,Ricardone → San Lorenzo,NO_CLASIFICADO,EVIDENCIA_INSUFICIENTE_ABSORBIDO,0,2026-09-28T14:21:42.513-03:00,2026-09-28T17:40:48.903-03:00,199.11,0,SL_INGRESO|SL_VOLCABLE,TERMINAL_EMBARQUE,SI
a78ea04b-3ba,a78ea04b-3ba,,ABSORBIDO,RXV065,REGISTRO_INCOMPLETO,Registro incompleto,NO_CLASIFICADO,EVIDENCIA_INSUFICIENTE_ABSORBIDO,0,2026-09-28T14:29:13.022-03:00,2026-09-28T15:31:46.980-03:00,62.57,0,SL_INGRESO|SL_BALANZA_INGRESO|SL_VOLCABLE|SL_EGRESO,,SI
4e81ff57-536__cycle_1,4e81ff57-536,,ABSORBIDO,TAO150,R29,Transile externo Soja (Silos → Volcables puerto),NO_CLASIFICADO,EVIDENCIA_INSUFICIENTE_ABSORBIDO,0,2026-09-28T14:31:36.864-03:00,2026-09-28T19:54:58.765-03:00,323.37,0,PLAYA|CARGA_S8|CALADA|SL_INGRESO,RICARDONE,SI
c7ed3de8-87c,c7ed3de8-87c,,ABSORBIDO,AAE877,R29,Transile externo Soja (Silos → Volcables puerto),NO_CLASIFICADO,EVIDENCIA_INSUFICIENTE_ABSORBIDO,0,2026-09-28T14:32:50.650-03:00,2026-09-28T18:38:52.042-03:00,246.02,0,PLAYA|BALANZA_EGRESO|PREINGRESO|CALADA|EGRESO,RICARDONE,SI
a4432862-2ff,a4432862-2ff,,ABSORBIDO,GES056,REGISTRO_INCOMPLETO,Registro incompleto,NO_CLASIFICADO,EVIDENCIA_INSUFICIENTE_ABSORBIDO,0,2026-09-28T14:36:20.006-03:00,2026-09-28T15:36:37.336-03:00,60.29,0,SL_INGRESO|SL_BALANZA_INGRESO|SL_VOLCABLE|SL_EGRESO,,SI
bb788aea-066,bb788aea-066,,ABSORBIDO,CGV979,REGISTRO_INCOMPLETO,Registro incompleto,NO_CLASIFICADO,EVIDENCIA_INSUFICIENTE_ABSORBIDO,0,2026-09-28T14:45:21.315-03:00,2026-09-28T16:25:39.765-03:00,100.31,0,SL_INGRESO|SL_BALANZA_INGRESO|SL_VOLCABLE|SL_EGRESO,,SI
496ac34b-a1f,496ac34b-a1f,,ABSORBIDO,KLB744,R7,Ricardone → San Lorenzo,NO_CLASIFICADO,EVIDENCIA_INSUFICIENTE_ABSORBIDO,0,2026-09-28T14:46:01.896-03:00,2026-09-28T18:07:58.358-03:00,201.94,0,SL_INGRESO|SL_BALANZA_INGRESO|SL_VOLCABLE|SL_EGRESO,TERMINAL_EMBARQUE,SI
2dd64b2a-000__cycle_1,2dd64b2a-000,,ABSORBIDO,GDE552,REGISTRO_INCOMPLETO,Registro incompleto,NO_CLASIFICADO,EVIDENCIA_INSUFICIENTE_ABSORBIDO,0,2026-09-28T14:46:53.525-03:00,2026-09-28T18:18:33.271-03:00,211.66,0,SL_INGRESO|SL_CALADA|SL_BALANZA_INGRESO,,SI
e69d16a5-0bb,e69d16a5-0bb,,ABSORBIDO,UYM942,CIRCUITO_SAN_LORENZO,Circuito Ricardone → San Lorenzo,NO_CLASIFICADO,EVIDENCIA_INSUFICIENTE_ABSORBIDO,0,2026-09-28T14:47:43.622-03:00,2026-09-28T14:50:09.862-03:00,2.44,0,PREINGRESO|EGRESO,,SI
531a3756-857,531a3756-857,,ABSORBIDO,CMF111,SL1,Recepción Carga OSL San Lorenzo,NO_CLASIFICADO,EVIDENCIA_INSUFICIENTE_ABSORBIDO,0,2026-09-28T14:47:59.962-03:00,2026-09-28T16:29:05.567-03:00,101.09,0,SL_INGRESO|SL_BALANZA_INGRESO|UNKNOWN|SL_EGRESO,TERMINAL_EMBARQUE,SI
6f6ce515-bd1,6f6ce515-bd1,,ABSORBIDO,EEW075,CIRCUITO_SAN_LORENZO,Circuito Ricardone → San Lorenzo,NO_CLASIFICADO,EVIDENCIA_INSUFICIENTE_ABSORBIDO,0,2026-09-28T14:48:15.061-03:00,2026-09-28T14:50:32.184-03:00,2.29,0,PREINGRESO|EGRESO,,SI
511366a8-8fc__cycle_2,511366a8-8fc,,ABSORBIDO,KOQ228,SL1,Recepción Carga OSL San Lorenzo,NO_CLASIFICADO,EVIDENCIA_INSUFICIENTE_ABSORBIDO,0,2026-09-28T14:48:52.485-03:00,2026-09-28T14:54:21.787-03:00,5.49,0,SL_VOLCABLE|SL_EGRESO,TERMINAL_EMBARQUE,SI
b37220a5-5d3,b37220a5-5d3,,ABSORBIDO,EPH797,REGISTRO_INCOMPLETO,Registro incompleto,NO_CLASIFICADO,EVIDENCIA_INSUFICIENTE_ABSORBIDO,0,2026-09-28T14:52:53.684-03:00,2026-09-28T15:45:56-03:00,53.04,0,SL_INGRESO|SL_BALANZA_INGRESO|UNKNOWN|SL_EGRESO,TERMINAL_EMBARQUE,SI
75838d2e-2bf,75838d2e-2bf,,ABSORBIDO,EVL273,REGISTRO_INCOMPLETO,Registro incompleto,NO_CLASIFICADO,EVIDENCIA_INSUFICIENTE_ABSORBIDO,0,2026-09-28T14:55:48.094-03:00,2026-09-28T16:29:30.257-03:00,93.7,0,SL_INGRESO|SL_BALANZA_INGRESO|SL_VOLCABLE|SL_EGRESO,,SI
19d6bc0a-5d7__cycle_1,19d6bc0a-5d7,,ABSORBIDO,EAO104,REGISTRO_INCOMPLETO,Registro incompleto,NO_CLASIFICADO,EVIDENCIA_INSUFICIENTE_ABSORBIDO,0,2026-09-28T14:56:24.976-03:00,2026-09-28T15:25:28.953-03:00,29.07,0,SL_INGRESO|SL_CALADA|SL_BALANZA_INGRESO,RENOPACK,SI
e54db273-1e8,e54db273-1e8,,ABSORBIDO,LGZ704,REGISTRO_INCOMPLETO,Registro incompleto,NO_CLASIFICADO,EVIDENCIA_INSUFICIENTE_ABSORBIDO,0,2026-09-28T14:56:56.737-03:00,2026-09-28T20:54:42.385-03:00,357.76,0,SL_INGRESO|SL_CALADA|SL_BALANZA_INGRESO|SL_LIQUIDO_CARGA|SL_EGRESO,RENOPACK,SI
1f976994-4e9__cycle_1,1f976994-4e9,,ABSORBIDO,UYM942,REGISTRO_INCOMPLETO,Registro incompleto,NO_CLASIFICADO,EVIDENCIA_INSUFICIENTE_ABSORBIDO,0,2026-09-28T14:57:02.546-03:00,2026-09-28T15:53:17.960-03:00,56.26,0,PLAYA|BALANZA_EGRESO,,SI
45429084-b31,45429084-b31,,ABSORBIDO,EEW075,R29,Transile externo Soja (Silos → Volcables puerto),NO_CLASIFICADO,EVIDENCIA_INSUFICIENTE_ABSORBIDO,0,2026-09-28T14:57:11.549-03:00,2026-09-28T19:36:57.390-03:00,279.76,0,PLAYA|BALANZA_EGRESO|CALADA|EGRESO,RICARDONE,SI
241b85c7-982,241b85c7-982,,ABSORBIDO,BHL749,CIRCUITO_SAN_LORENZO,Circuito Ricardone → San Lorenzo,NO_CLASIFICADO,EVIDENCIA_INSUFICIENTE_ABSORBIDO,0,2026-09-28T15:00:06.945-03:00,2026-09-28T15:04:39.032-03:00,4.53,0,PREINGRESO|EGRESO,,SI
fc2a994a-3d8__cycle_1,fc2a994a-3d8,,ABSORBIDO,DGR440,REGISTRO_INCOMPLETO,Registro incompleto,NO_CLASIFICADO,EVIDENCIA_INSUFICIENTE_ABSORBIDO,0,2026-09-28T15:00:21.705-03:00,2026-09-28T15:55:13.644-03:00,54.87,0,PLAYA|BALANZA_EGRESO,,SI
a83eca6c-205,a83eca6c-205,,ABSORBIDO,RNM392,REGISTRO_INCOMPLETO,Registro incompleto,NO_CLASIFICADO,EVIDENCIA_INSUFICIENTE_ABSORBIDO,0,2026-09-28T15:04:16.125-03:00,2026-09-28T16:52:18.644-03:00,108.04,0,SL_INGRESO|SL_BALANZA_INGRESO|SL_VOLCABLE|SL_EGRESO,,SI
2c96e9e9-1f3,2c96e9e9-1f3,,ABSORBIDO,RUK692,REGISTRO_INCOMPLETO,Registro incompleto,NO_CLASIFICADO,EVIDENCIA_INSUFICIENTE_ABSORBIDO,0,2026-09-28T15:06:34.370-03:00,2026-09-28T16:49:40.181-03:00,103.1,0,SL_INGRESO|SL_BALANZA_INGRESO|UNKNOWN|SL_EGRESO,TERMINAL_EMBARQUE,SI
d14c4910-c98,d14c4910-c98,,ABSORBIDO,RKU685,CIRCUITO_SAN_LORENZO,Circuito Ricardone → San Lorenzo,NO_CLASIFICADO,EVIDENCIA_INSUFICIENTE_ABSORBIDO,0,2026-09-28T15:08:49.776-03:00,2026-09-28T15:28:14.555-03:00,19.41,0,PREINGRESO|CALADA|EGRESO,,SI
3c74619f-d92,3c74619f-d92,,ABSORBIDO,MTM450,REGISTRO_INCOMPLETO,Registro incompleto,NO_CLASIFICADO,EVIDENCIA_INSUFICIENTE_ABSORBIDO,0,2026-09-28T15:10:13.886-03:00,2026-09-28T15:25:43.751-03:00,15.5,0,BALANZA_EGRESO|SL_EGRESO,RICARDONE,SI
f5751a42-11d,f5751a42-11d,,ABSORBIDO,BHL749,R29,Transile externo Soja (Silos → Volcables puerto),NO_CLASIFICADO,EVIDENCIA_INSUFICIENTE_ABSORBIDO,0,2026-09-28T15:11:50.053-03:00,2026-09-28T22:40:15.495-03:00,448.42,0,PLAYA|PLAYA|BALANZA_EGRESO|CALADA|SL_INGRESO|SL_EGRESO,RICARDONE,SI
29448d71-23d,29448d71-23d,,ABSORBIDO,DFP716,REGISTRO_INCOMPLETO,Registro incompleto,NO_CLASIFICADO,EVIDENCIA_INSUFICIENTE_ABSORBIDO,0,2026-09-28T15:12:03.589-03:00,2026-09-28T16:39:47.664-03:00,87.73,0,SL_INGRESO|SL_BALANZA_INGRESO|SL_VOLCABLE|SL_EGRESO,,SI
22d75dba-5b7,22d75dba-5b7,,ABSORBIDO,TSX149,CIRCUITO_SAN_LORENZO,Circuito Ricardone → San Lorenzo,NO_CLASIFICADO,EVIDENCIA_INSUFICIENTE_ABSORBIDO,0,2026-09-28T15:15:14.118-03:00,2026-09-28T15:37:57.230-03:00,22.72,0,PREINGRESO|CALADA|EGRESO,,SI
cf9164b3-0c7__cycle_2,cf9164b3-0c7,,ABSORBIDO,VCK738,CIRCUITO_LIQUIDO,Circuito líquido,NO_CLASIFICADO,EVIDENCIA_INSUFICIENTE_ABSORBIDO,0,2026-09-28T15:20:57.256-03:00,2026-09-28T15:40:31.398-03:00,19.57,0,PREINGRESO|LIQUIDO|EGRESO,,SI
a41fabf9-a3d,a41fabf9-a3d,,ABSORBIDO,TVH101,CIRCUITO_SAN_LORENZO,Circuito Ricardone → San Lorenzo,NO_CLASIFICADO,EVIDENCIA_INSUFICIENTE_ABSORBIDO,0,2026-09-28T15:26:19.195-03:00,2026-09-28T15:28:40.717-03:00,2.36,0,PREINGRESO|EGRESO,,SI
58088ea3-a37,58088ea3-a37,,ABSORBIDO,TVH101,R29,Transile externo Soja (Silos → Volcables puerto),NO_CLASIFICADO,EVIDENCIA_INSUFICIENTE_ABSORBIDO,0,2026-09-28T15:35:13.831-03:00,2026-09-28T21:05:45.490-03:00,330.53,0,PLAYA|BALANZA_EGRESO|CALADA|SL_BALANZA_INGRESO|SL_EGRESO,RICARDONE,SI
c0db44a5-3a0,c0db44a5-3a0,,ABSORBIDO,EYH843,REGISTRO_INCOMPLETO,Registro incompleto,NO_CLASIFICADO,EVIDENCIA_INSUFICIENTE_ABSORBIDO,0,2026-09-28T15:36:01.755-03:00,2026-09-28T17:12:31.049-03:00,96.49,0,SL_INGRESO|SL_BALANZA_INGRESO|SL_VOLCABLE|SL_EGRESO,,SI
ae3300e9-a98,ae3300e9-a98,,ABSORBIDO,MWH059,REGISTRO_INCOMPLETO,Registro incompleto,NO_CLASIFICADO,EVIDENCIA_INSUFICIENTE_ABSORBIDO,0,2026-09-28T15:37:09.440-03:00,2026-09-28T21:39:30.438-03:00,362.35,0,SL_INGRESO|SL_CALADA|SL_BALANZA_INGRESO|SL_LIQUIDO_CARGA|SL_EGRESO,RENOPACK,SI
cd314a3c-ebd,cd314a3c-ebd,,ABSORBIDO,RKU685,R6,Recepción Volcable 2,NO_CLASIFICADO,EVIDENCIA_INSUFICIENTE_ABSORBIDO,0,2026-09-28T15:37:57.256-03:00,2026-09-28T16:25:35.030-03:00,47.63,0,PLAYA|BALANZA_EGRESO,RICARDONE,SI
39627724-dce,39627724-dce,,ABSORBIDO,RXV065,CIRCUITO_SAN_LORENZO,Circuito Ricardone → San Lorenzo,NO_CLASIFICADO,EVIDENCIA_INSUFICIENTE_ABSORBIDO,0,2026-09-28T15:44:04.057-03:00,2026-09-28T15:59:29.724-03:00,15.43,0,PREINGRESO|EGRESO,,SI
76e3ac02-1bc__cycle_1,76e3ac02-1bc,,ABSORBIDO,TSX149,R6,Recepción Volcable 2,NO_CLASIFICADO,EVIDENCIA_INSUFICIENTE_ABSORBIDO,0,2026-09-28T15:47:22.275-03:00,2026-09-28T17:15:19.846-03:00,87.96,0,PLAYA|BALANZA_EGRESO,RICARDONE,SI
96e8795e-630,96e8795e-630,,ABSORBIDO,GES056,R29,Transile externo Soja (Silos → Volcables puerto),NO_CLASIFICADO,EVIDENCIA_INSUFICIENTE_ABSORBIDO,0,2026-09-28T15:47:31.190-03:00,2026-09-28T19:56:11.137-03:00,248.67,0,PREINGRESO|PLAYA|BALANZA_EGRESO|CALADA|EGRESO,RICARDONE,SI
fd909427-fca,fd909427-fca,,ABSORBIDO,UAJ766,REGISTRO_INCOMPLETO,Registro incompleto,NO_CLASIFICADO,EVIDENCIA_INSUFICIENTE_ABSORBIDO,0,2026-09-28T15:47:42.659-03:00,2026-09-28T16:32:18.844-03:00,44.6,0,BALANZA_EGRESO|SL_INGRESO|SL_BALANZA_INGRESO|UNKNOWN|SL_EGRESO,TERMINAL_EMBARQUE,SI
91ae0478-fe0__cycle_1,91ae0478-fe0,,ABSORBIDO,CIE516,R29,Transile externo Soja (Silos → Volcables puerto),NO_CLASIFICADO,EVIDENCIA_INSUFICIENTE_ABSORBIDO,0,2026-09-28T15:58:35.150-03:00,2026-09-29T00:45:23.580-03:00,526.81,0,PREINGRESO|PLAYA|PREINGRESO|BALANZA_EGRESO,RICARDONE,SI
a976b926-3a8__cycle_1,a976b926-3a8,,ABSORBIDO,UUL425,R29,Transile externo Soja (Silos → Volcables puerto),NO_CLASIFICADO,EVIDENCIA_INSUFICIENTE_ABSORBIDO,0,2026-09-28T16:01:32.280-03:00,2026-09-29T02:09:53.412-03:00,608.35,0,PREINGRESO|PLAYA|BALANZA_EGRESO|PREINGRESO|CALADA|CALADA|BALANZA_EGRESO|PREINGRESO|CALADA|SL_INGRESO|SL_BALANZA_INGRESO|CALADA|SL_INGRESO,RICARDONE,SI
7d1ce536-ce0,7d1ce536-ce0,,ABSORBIDO,LAU467,REGISTRO_INCOMPLETO,Registro incompleto,NO_CLASIFICADO,EVIDENCIA_INSUFICIENTE_ABSORBIDO,0,2026-09-28T16:07:45.066-03:00,2026-09-28T17:18:39.516-03:00,70.91,0,SL_INGRESO|SL_BALANZA_INGRESO|UNKNOWN|SL_BALANZA_SALIDA|SL_EGRESO,TERMINAL_EMBARQUE,SI
ef9aad5c-526,ef9aad5c-526,,ABSORBIDO,SZG666,SL1,Recepción Carga OSL San Lorenzo,NO_CLASIFICADO,EVIDENCIA_INSUFICIENTE_ABSORBIDO,0,2026-09-28T16:26:35.051-03:00,2026-09-28T17:39:42.920-03:00,73.13,0,SL_INGRESO|SL_BALANZA_INGRESO|UNKNOWN|SL_EGRESO,TERMINAL_EMBARQUE,SI
dad4fdc3-2cf,dad4fdc3-2cf,,ABSORBIDO,RXV065,R29,Transile externo Soja (Silos → Volcables puerto),NO_CLASIFICADO,EVIDENCIA_INSUFICIENTE_ABSORBIDO,0,2026-09-28T16:26:53.873-03:00,2026-09-28T20:10:59.427-03:00,224.09,0,PLAYA|CARGA_S8|BALANZA_EGRESO|EGRESO,RICARDONE,SI
ea161106-657,ea161106-657,,ABSORBIDO,EHU764,R7,Ricardone → San Lorenzo,NO_CLASIFICADO,EVIDENCIA_INSUFICIENTE_ABSORBIDO,0,2026-09-28T16:39:13.212-03:00,2026-09-28T17:19:47.904-03:00,40.58,0,SL_BALANZA_INGRESO|SL_VOLCABLE|SL_EGRESO,TERMINAL_EMBARQUE,SI
e6e0cd2d-b00,e6e0cd2d-b00,,ABSORBIDO,EVL273,R29,Transile externo Soja (Silos → Volcables puerto),NO_CLASIFICADO,EVIDENCIA_INSUFICIENTE_ABSORBIDO,0,2026-09-28T16:44:09.230-03:00,2026-09-28T20:54:53.743-03:00,250.74,0,PREINGRESO|PLAYA|BALANZA_EGRESO|CALADA|EGRESO,RICARDONE,SI
508304b8-dae__cycle_1,508304b8-dae,,ABSORBIDO,EGV380,REGISTRO_INCOMPLETO,Registro incompleto,NO_CLASIFICADO,EVIDENCIA_INSUFICIENTE_ABSORBIDO,0,2026-09-28T16:48:03.845-03:00,2026-09-28T17:50:12.664-03:00,62.15,0,SL_INGRESO|SL_CALADA|SL_BALANZA_INGRESO,,SI
9b592a59-12b__cycle_1,9b592a59-12b,,ABSORBIDO,CGV979,R29,Transile externo Soja (Silos → Volcables puerto),NO_CLASIFICADO,EVIDENCIA_INSUFICIENTE_ABSORBIDO,0,2026-09-28T16:51:21.972-03:00,2026-09-28T20:34:16.863-03:00,222.91,0,PREINGRESO|PLAYA|BALANZA_EGRESO,RICARDONE,SI
47e01013-d5c,47e01013-d5c,,ABSORBIDO,AA087XZ,REGISTRO_INCOMPLETO,Registro incompleto,NO_CLASIFICADO,EVIDENCIA_INSUFICIENTE_ABSORBIDO,0,2026-09-28T16:54:59.549-03:00,2026-09-28T17:29:00.845-03:00,34.02,0,SL_INGRESO|SL_BALANZA_INGRESO|SL_VOLCABLE|SL_EGRESO,,SI
cb15c480-1cd,cb15c480-1cd,,ABSORBIDO,CKQ212,REGISTRO_INCOMPLETO,Registro incompleto,NO_CLASIFICADO,EVIDENCIA_INSUFICIENTE_ABSORBIDO,0,2026-09-28T17:03:58.463-03:00,2026-09-28T18:16:18.478-03:00,72.33,0,SL_INGRESO|SL_BALANZA_INGRESO|SL_VOLCABLE|SL_EGRESO,,SI
94c9ac12-e91,94c9ac12-e91,,ABSORBIDO,VAJ028,REGISTRO_INCOMPLETO,Registro incompleto,NO_CLASIFICADO,EVIDENCIA_INSUFICIENTE_ABSORBIDO,0,2026-09-28T17:04:48.866-03:00,2026-09-28T18:13:37.093-03:00,68.8,0,SL_INGRESO|SL_BALANZA_INGRESO|SL_VOLCABLE|SL_EGRESO,,SI
58042d77-e3a,58042d77-e3a,,ABSORBIDO,RAW481,R29,Transile externo Soja (Silos → Volcables puerto),NO_CLASIFICADO,EVIDENCIA_INSUFICIENTE_ABSORBIDO,0,2026-09-28T17:06:45.094-03:00,2026-09-28T17:37:24.868-03:00,30.66,0,BALANZA_EGRESO|CALADA|EGRESO,RICARDONE,SI
737bc74d-46d,737bc74d-46d,,ABSORBIDO,AE247CD,R7,Ricardone → San Lorenzo,NO_CLASIFICADO,EVIDENCIA_INSUFICIENTE_ABSORBIDO,0,2026-09-28T17:16:07.943-03:00,2026-09-28T19:46:18.688-03:00,150.18,0,SL_INGRESO|SL_CALADA|SL_BALANZA_INGRESO|SL_VOLCABLE|SL_EGRESO,TERMINAL_EMBARQUE,SI
52896e06-fd5,52896e06-fd5,,ABSORBIDO,AD147KV,R7,Ricardone → San Lorenzo,NO_CLASIFICADO,EVIDENCIA_INSUFICIENTE_ABSORBIDO,0,2026-09-28T17:17:00.427-03:00,2026-09-28T19:51:19.968-03:00,154.33,0,SL_INGRESO|SL_CALADA|SL_BALANZA_INGRESO|SL_VOLCABLE|SL_EGRESO,TERMINAL_EMBARQUE,SI
d9f234cc-1f1,d9f234cc-1f1,,ABSORBIDO,NRV963,R7,Ricardone → San Lorenzo,NO_CLASIFICADO,EVIDENCIA_INSUFICIENTE_ABSORBIDO,0,2026-09-28T17:18:44.433-03:00,2026-09-28T19:56:50.340-03:00,158.1,0,SL_INGRESO|SL_CALADA|SL_BALANZA_INGRESO|SL_EGRESO,TERMINAL_EMBARQUE,SI
6f63b345-0c6,6f63b345-0c6,,ABSORBIDO,OLC967,R7,Ricardone → San Lorenzo,NO_CLASIFICADO,EVIDENCIA_INSUFICIENTE_ABSORBIDO,0,2026-09-28T17:19:59.957-03:00,2026-09-28T20:11:03.602-03:00,171.06,0,SL_INGRESO|SL_BALANZA_INGRESO|SL_EGRESO,TERMINAL_EMBARQUE,SI
0789e17a-304,0789e17a-304,,ABSORBIDO,RGV982,REGISTRO_INCOMPLETO,Registro incompleto,NO_CLASIFICADO,EVIDENCIA_INSUFICIENTE_ABSORBIDO,0,2026-09-28T17:21:12.041-03:00,2026-09-28T18:19:00.102-03:00,57.8,0,SL_INGRESO|SL_BALANZA_INGRESO|SL_VOLCABLE|SL_EGRESO,,SI
74fada6c-30f,74fada6c-30f,,ABSORBIDO,VJG112,R29,Transile externo Soja (Silos → Volcables puerto),NO_CLASIFICADO,EVIDENCIA_INSUFICIENTE_ABSORBIDO,0,2026-09-28T17:23:36.031-03:00,2026-09-29T07:51:19.663-03:00,867.73,0,PREINGRESO|BALANZA_EGRESO|BALANZA_EGRESO|CALADA|BALANZA_EGRESO|CALADA|EGRESO,RICARDONE,SI
7d0657e3-40a__cycle_1,7d0657e3-40a,,ABSORBIDO,WGG348,REGISTRO_INCOMPLETO,Registro incompleto,NO_CLASIFICADO,EVIDENCIA_INSUFICIENTE_ABSORBIDO,0,2026-09-28T17:24:03.813-03:00,2026-09-28T18:19:53.117-03:00,55.82,0,SL_INGRESO|SL_CALADA|SL_BALANZA_INGRESO,,SI
3d19bcda-1a3,3d19bcda-1a3,,ABSORBIDO,EYH843,R29,Transile externo Soja (Silos → Volcables puerto),NO_CLASIFICADO,EVIDENCIA_INSUFICIENTE_ABSORBIDO,0,2026-09-28T17:24:32.592-03:00,2026-09-28T21:09:15.874-03:00,224.72,0,PREINGRESO|PLAYA|CARGA_S8|BALANZA_EGRESO|CALADA|EGRESO,RICARDONE,SI
22f9f614-3fd,22f9f614-3fd,,ABSORBIDO,BXD555,R7,Ricardone → San Lorenzo,NO_CLASIFICADO,EVIDENCIA_INSUFICIENTE_ABSORBIDO,0,2026-09-28T17:26:21.179-03:00,2026-09-28T20:23:56.327-03:00,177.59,0,SL_INGRESO|SL_BALANZA_INGRESO|SL_EGRESO,TERMINAL_EMBARQUE,SI
ea189db8-a67,ea189db8-a67,,ABSORBIDO,AE422TI,R7,Ricardone → San Lorenzo,NO_CLASIFICADO,EVIDENCIA_INSUFICIENTE_ABSORBIDO,0,2026-09-28T17:29:18.952-03:00,2026-09-28T20:52:45.258-03:00,203.44,0,SL_INGRESO|SL_BALANZA_INGRESO|SL_EGRESO,TERMINAL_EMBARQUE,SI
0dd7e469-ca7,0dd7e469-ca7,,ABSORBIDO,AE886SA,R7,Ricardone → San Lorenzo,NO_CLASIFICADO,EVIDENCIA_INSUFICIENTE_ABSORBIDO,0,2026-09-28T17:29:50.154-03:00,2026-09-28T20:53:24.514-03:00,203.57,0,SL_INGRESO|SL_BALANZA_INGRESO|SL_EGRESO,TERMINAL_EMBARQUE,SI
776097db-134,776097db-134,,ABSORBIDO,FUF085,R7,Ricardone → San Lorenzo,NO_CLASIFICADO,EVIDENCIA_INSUFICIENTE_ABSORBIDO,0,2026-09-28T17:39:18.825-03:00,2026-09-28T21:38:14.360-03:00,238.93,0,SL_INGRESO|SL_BALANZA_INGRESO|SL_EGRESO,TERMINAL_EMBARQUE,SI
aa682efd-c80,aa682efd-c80,,ABSORBIDO,ECX249,REGISTRO_INCOMPLETO,Registro incompleto,NO_CLASIFICADO,EVIDENCIA_INSUFICIENTE_ABSORBIDO,0,2026-09-28T17:41:45.956-03:00,2026-09-28T18:27:44.992-03:00,45.98,0,SL_INGRESO|SL_BALANZA_INGRESO|SL_VOLCABLE|SL_EGRESO,,SI
aaae0ff3-2bd,aaae0ff3-2bd,,ABSORBIDO,OKH237,R7,Ricardone → San Lorenzo,NO_CLASIFICADO,EVIDENCIA_INSUFICIENTE_ABSORBIDO,0,2026-09-28T17:42:52.600-03:00,2026-09-28T18:23:12.483-03:00,40.33,0,SL_INGRESO|SL_BALANZA_INGRESO|SL_VOLCABLE|SL_EGRESO,TERMINAL_EMBARQUE,SI
09c5136c-1bb,09c5136c-1bb,,ABSORBIDO,KWO254,R7,Ricardone → San Lorenzo,NO_CLASIFICADO,EVIDENCIA_INSUFICIENTE_ABSORBIDO,0,2026-09-28T17:44:02.041-03:00,2026-09-28T18:34:25.752-03:00,50.4,0,SL_INGRESO|SL_BALANZA_INGRESO|SL_VOLCABLE|SL_EGRESO,TERMINAL_EMBARQUE,SI
2f05c463-aeb,2f05c463-aeb,,ABSORBIDO,AB299FY,R7,Ricardone → San Lorenzo,NO_CLASIFICADO,EVIDENCIA_INSUFICIENTE_ABSORBIDO,0,2026-09-28T17:44:50.766-03:00,2026-09-28T19:44:02.873-03:00,119.2,0,SL_INGRESO|SL_BALANZA_INGRESO|SL_EGRESO,TERMINAL_EMBARQUE,SI
84dd5507-082,84dd5507-082,,ABSORBIDO,RAW481,R29,Transile externo Soja (Silos → Volcables puerto),NO_CLASIFICADO,EVIDENCIA_INSUFICIENTE_ABSORBIDO,0,2026-09-28T17:48:07.098-03:00,2026-09-29T05:04:25.420-03:00,676.31,0,SL_INGRESO|SL_BALANZA_INGRESO|PREINGRESO|BALANZA_EGRESO|CALADA|PREINGRESO|BALANZA_EGRESO|CALADA|SL_EGRESO,RICARDONE,SI
8fbb6125-95e,8fbb6125-95e,,ABSORBIDO,HAI198,R7,Ricardone → San Lorenzo,NO_CLASIFICADO,EVIDENCIA_INSUFICIENTE_ABSORBIDO,0,2026-09-28T17:49:14.940-03:00,2026-09-28T19:36:43.778-03:00,107.48,0,SL_INGRESO|SL_BALANZA_INGRESO|SL_VOLCABLE|SL_EGRESO,TERMINAL_EMBARQUE,SI
f0ea1304-937,f0ea1304-937,,ABSORBIDO,AA641EK,R7,Ricardone → San Lorenzo,NO_CLASIFICADO,EVIDENCIA_INSUFICIENTE_ABSORBIDO,0,2026-09-28T17:51:20.147-03:00,2026-09-28T19:41:38.256-03:00,110.3,0,SL_INGRESO|SL_BALANZA_INGRESO|SL_EGRESO,TERMINAL_EMBARQUE,SI
4cf82711-265,4cf82711-265,,ABSORBIDO,RLP943,REGISTRO_INCOMPLETO,Registro incompleto,NO_CLASIFICADO,EVIDENCIA_INSUFICIENTE_ABSORBIDO,0,2026-09-28T17:55:50.404-03:00,2026-09-28T19:57:19.952-03:00,121.49,0,SL_INGRESO|SL_BALANZA_INGRESO|SL_VOLCABLE|SL_EGRESO,,SI
a96e365b-c88,a96e365b-c88,,ABSORBIDO,FDH917,REGISTRO_INCOMPLETO,Registro incompleto,NO_CLASIFICADO,EVIDENCIA_INSUFICIENTE_ABSORBIDO,0,2026-09-28T17:58:23.355-03:00,2026-09-28T19:59:35.686-03:00,121.21,0,SL_INGRESO|SL_BALANZA_INGRESO|SL_EGRESO,,SI
02ff0334-63e,02ff0334-63e,,ABSORBIDO,AF773JR,R7,Ricardone → San Lorenzo,NO_CLASIFICADO,EVIDENCIA_INSUFICIENTE_ABSORBIDO,0,2026-09-28T17:59:04.258-03:00,2026-09-28T20:01:31.573-03:00,122.46,0,SL_INGRESO|SL_BALANZA_INGRESO|SL_EGRESO,TERMINAL_EMBARQUE,SI
ebdc7111-fdb__cycle_1,ebdc7111-fdb,,ABSORBIDO,UWX998,R29,Transile externo Soja (Silos → Volcables puerto),NO_CLASIFICADO,EVIDENCIA_INSUFICIENTE_ABSORBIDO,0,2026-09-28T18:01:20.085-03:00,2026-09-28T22:53:23.670-03:00,292.06,0,BALANZA_EGRESO|BALANZA_EGRESO,RICARDONE,SI
02362a42-f42,02362a42-f42,,ABSORBIDO,UKL882,REGISTRO_INCOMPLETO,Registro incompleto,NO_CLASIFICADO,EVIDENCIA_INSUFICIENTE_ABSORBIDO,0,2026-09-28T18:10:00.958-03:00,2026-09-28T20:04:43.289-03:00,114.71,0,SL_INGRESO|SL_BALANZA_INGRESO|SL_VOLCABLE|SL_EGRESO,,SI
e17cfdcd-733,e17cfdcd-733,,ABSORBIDO,BWJ665,R7,Ricardone → San Lorenzo,NO_CLASIFICADO,EVIDENCIA_INSUFICIENTE_ABSORBIDO,0,2026-09-28T18:11:03.601-03:00,2026-09-28T21:40:34.624-03:00,209.52,0,SL_INGRESO|SL_VOLCABLE|SL_EGRESO,TERMINAL_EMBARQUE,SI
b83ca5ed-112,b83ca5ed-112,,ABSORBIDO,AA559SN,R7,Ricardone → San Lorenzo,NO_CLASIFICADO,EVIDENCIA_INSUFICIENTE_ABSORBIDO,0,2026-09-28T18:12:08.564-03:00,2026-09-28T21:54:30.398-03:00,222.36,0,SL_INGRESO|SL_BALANZA_INGRESO|SL_VOLCABLE|SL_EGRESO,TERMINAL_EMBARQUE,SI
fea3613f-867,fea3613f-867,,ABSORBIDO,NCC577,R7,Ricardone → San Lorenzo,NO_CLASIFICADO,EVIDENCIA_INSUFICIENTE_ABSORBIDO,0,2026-09-28T18:14:14.093-03:00,2026-09-28T21:59:41.682-03:00,225.46,0,SL_INGRESO|SL_EGRESO,TERMINAL_EMBARQUE,SI
4982abef-ce6,4982abef-ce6,,ABSORBIDO,RUK692,REGISTRO_INCOMPLETO,Registro incompleto,NO_CLASIFICADO,EVIDENCIA_INSUFICIENTE_ABSORBIDO,0,2026-09-28T18:22:25.079-03:00,2026-09-28T21:52:46.436-03:00,210.36,0,SL_INGRESO|SL_BALANZA_INGRESO|UNKNOWN|SL_EGRESO,TERMINAL_EMBARQUE,SI
1a90ea81-9fa,1a90ea81-9fa,,ABSORBIDO,AE227NC,R7,Ricardone → San Lorenzo,NO_CLASIFICADO,EVIDENCIA_INSUFICIENTE_ABSORBIDO,0,2026-09-28T18:23:59.965-03:00,2026-09-28T22:12:50.598-03:00,228.84,0,SL_INGRESO|SL_EGRESO,TERMINAL_EMBARQUE,SI
4b6f6975-539,4b6f6975-539,,ABSORBIDO,TAC436,REGISTRO_INCOMPLETO,Registro incompleto,NO_CLASIFICADO,EVIDENCIA_INSUFICIENTE_ABSORBIDO,0,2026-09-28T18:25:09.089-03:00,2026-09-28T20:37:01.040-03:00,131.87,0,SL_INGRESO|SL_BALANZA_INGRESO|SL_VOLCABLE|SL_EGRESO,,SI
47ccae43-891,47ccae43-891,,ABSORBIDO,AB706WB,R7,Ricardone → San Lorenzo,NO_CLASIFICADO,EVIDENCIA_INSUFICIENTE_ABSORBIDO,0,2026-09-28T18:25:31.733-03:00,2026-09-28T22:18:26.532-03:00,232.91,0,SL_INGRESO|SL_BALANZA_INGRESO|SL_VOLCABLE|SL_EGRESO,TERMINAL_EMBARQUE,SI
04fce7bf-222__cycle_1,04fce7bf-222,,ABSORBIDO,AA703FC,REGISTRO_INCOMPLETO,Registro incompleto,NO_CLASIFICADO,EVIDENCIA_INSUFICIENTE_ABSORBIDO,0,2026-09-28T18:26:02.934-03:00,2026-09-28T18:28:25.096-03:00,2.37,0,SL_INGRESO|SL_BALANZA_INGRESO,,SI
86666274-39c,86666274-39c,,ABSORBIDO,BVS300,REGISTRO_INCOMPLETO,Registro incompleto,NO_CLASIFICADO,EVIDENCIA_INSUFICIENTE_ABSORBIDO,0,2026-09-28T18:26:30.056-03:00,2026-09-28T20:37:35.214-03:00,131.09,0,SL_INGRESO|SL_BALANZA_INGRESO|SL_VOLCABLE|SL_EGRESO,,SI
3a0f2606-359,3a0f2606-359,,ABSORBIDO,VAJ028,R29,Transile externo Soja (Silos → Volcables puerto),NO_CLASIFICADO,EVIDENCIA_INSUFICIENTE_ABSORBIDO,0,2026-09-28T18:26:31.451-03:00,2026-09-28T21:35:47.486-03:00,189.27,0,PREINGRESO|PLAYA|BALANZA_EGRESO|CALADA|EGRESO,RICARDONE,SI
9c335ffb-949,9c335ffb-949,,ABSORBIDO,AI367JU,R7,Ricardone → San Lorenzo,NO_CLASIFICADO,EVIDENCIA_INSUFICIENTE_ABSORBIDO,0,2026-09-28T18:28:48.064-03:00,2026-09-28T22:26:59.017-03:00,238.18,0,SL_INGRESO|SL_EGRESO,TERMINAL_EMBARQUE,SI
579108de-e84,579108de-e84,,ABSORBIDO,RGV982,R29,Transile externo Soja (Silos → Volcables puerto),NO_CLASIFICADO,EVIDENCIA_INSUFICIENTE_ABSORBIDO,0,2026-09-28T18:29:30.820-03:00,2026-09-29T07:46:43.088-03:00,797.2,0,PREINGRESO|BALANZA_EGRESO|BALANZA_EGRESO|BALANZA_EGRESO|CALADA|EGRESO,RICARDONE,SI
725d8cae-ed6__cycle_1,725d8cae-ed6,,ABSORBIDO,JDH880,SL2,Aceite PTO San Lorenzo (sin S10),NO_CLASIFICADO,EVIDENCIA_INSUFICIENTE_ABSORBIDO,0,2026-09-28T18:30:55.271-03:00,2026-09-29T00:07:22.466-03:00,336.45,0,SL_INGRESO|UNKNOWN,TERMINAL_EMBARQUE,SI
9d1da47f-de1,9d1da47f-de1,,ABSORBIDO,FCV123,R7,Ricardone → San Lorenzo,NO_CLASIFICADO,EVIDENCIA_INSUFICIENTE_ABSORBIDO,0,2026-09-28T18:31:49.992-03:00,2026-09-28T22:35:25.940-03:00,243.6,0,SL_INGRESO|SL_BALANZA_INGRESO|SL_EGRESO,TERMINAL_EMBARQUE,SI
806dc939-9b8,806dc939-9b8,,ABSORBIDO,CSB958,SL2,Aceite PTO San Lorenzo (sin S10),NO_CLASIFICADO,EVIDENCIA_INSUFICIENTE_ABSORBIDO,0,2026-09-28T18:34:46.644-03:00,2026-09-29T02:40:18.336-03:00,485.53,0,SL_INGRESO|SL_BALANZA_INGRESO|UNKNOWN|SL_EGRESO,TERMINAL_EMBARQUE,SI
02503117-6a9,02503117-6a9,,ABSORBIDO,FYZ601,R7,Ricardone → San Lorenzo,NO_CLASIFICADO,EVIDENCIA_INSUFICIENTE_ABSORBIDO,0,2026-09-28T18:37:43.775-03:00,2026-09-28T22:46:21.642-03:00,248.63,0,SL_INGRESO|SL_BALANZA_INGRESO|SL_EGRESO,TERMINAL_EMBARQUE,SI
2b719a97-a93,2b719a97-a93,,ABSORBIDO,CNZ214,R7,Ricardone → San Lorenzo,NO_CLASIFICADO,EVIDENCIA_INSUFICIENTE_ABSORBIDO,0,2026-09-28T18:40:33.501-03:00,2026-09-29T00:24:00.181-03:00,343.44,0,PREINGRESO|SL_INGRESO|SL_BALANZA_INGRESO|SL_EGRESO,TERMINAL_EMBARQUE,SI
8ea900f5-f56,8ea900f5-f56,,ABSORBIDO,AA797SF,R7,Ricardone → San Lorenzo,NO_CLASIFICADO,EVIDENCIA_INSUFICIENTE_ABSORBIDO,0,2026-09-28T19:11:19.686-03:00,2026-09-29T00:26:23.549-03:00,315.06,0,PREINGRESO|SL_BALANZA_INGRESO|SL_VOLCABLE,TERMINAL_EMBARQUE,SI
bfc9c257-eb9__cycle_1,bfc9c257-eb9,,ABSORBIDO,CDF727,SL1,Recepción Carga OSL San Lorenzo,NO_CLASIFICADO,EVIDENCIA_INSUFICIENTE_ABSORBIDO,0,2026-09-28T19:11:40.133-03:00,2026-09-28T19:37:02.742-03:00,25.38,0,SL_INGRESO|SL_CALADA|SL_BALANZA_INGRESO,TERMINAL_EMBARQUE,SI
c6cf303a-d04,c6cf303a-d04,,ABSORBIDO,CMF111,SL1,Recepción Carga OSL San Lorenzo,NO_CLASIFICADO,EVIDENCIA_INSUFICIENTE_ABSORBIDO,0,2026-09-28T19:35:46.617-03:00,2026-09-28T20:50:53.133-03:00,75.11,0,SL_INGRESO|SL_BALANZA_INGRESO|SL_EGRESO,TERMINAL_EMBARQUE,SI
a127c497-513,a127c497-513,,ABSORBIDO,EEW075,REGISTRO_INCOMPLETO,Registro incompleto,NO_CLASIFICADO,EVIDENCIA_INSUFICIENTE_ABSORBIDO,0,2026-09-28T19:45:42.892-03:00,2026-09-28T21:09:59.512-03:00,84.28,0,SL_INGRESO|SL_BALANZA_INGRESO|SL_VOLCABLE|SL_EGRESO,,SI
bd28006b-258,bd28006b-258,,ABSORBIDO,GES056,REGISTRO_INCOMPLETO,Registro incompleto,NO_CLASIFICADO,EVIDENCIA_INSUFICIENTE_ABSORBIDO,0,2026-09-28T20:10:01.936-03:00,2026-09-28T21:28:12.549-03:00,78.18,0,SL_INGRESO|SL_BALANZA_INGRESO|SL_EGRESO,,SI
6257278f-7f9,6257278f-7f9,,ABSORBIDO,HWF026,R7,Ricardone → San Lorenzo,NO_CLASIFICADO,EVIDENCIA_INSUFICIENTE_ABSORBIDO,0,2026-09-28T20:12:20.744-03:00,2026-09-28T21:51:51.894-03:00,99.52,0,SL_INGRESO|SL_BALANZA_INGRESO|SL_EGRESO,TERMINAL_EMBARQUE,SI
e76e8e9a-d4a,e76e8e9a-d4a,,ABSORBIDO,AE997FP,R7,Ricardone → San Lorenzo,NO_CLASIFICADO,EVIDENCIA_INSUFICIENTE_ABSORBIDO,0,2026-09-28T20:14:19.713-03:00,2026-09-28T23:31:33.024-03:00,197.22,0,SL_INGRESO|SL_BALANZA_INGRESO|SL_VOLCABLE|SL_EGRESO,TERMINAL_EMBARQUE,SI
578139de-9bf,578139de-9bf,,ABSORBIDO,AG644CT,R7,Ricardone → San Lorenzo,NO_CLASIFICADO,EVIDENCIA_INSUFICIENTE_ABSORBIDO,0,2026-09-28T20:16:50.843-03:00,2026-09-28T23:41:55.433-03:00,205.08,0,SL_INGRESO|SL_BALANZA_INGRESO|SL_VOLCABLE|SL_EGRESO,TERMINAL_EMBARQUE,SI
ad33d51e-19a,ad33d51e-19a,,ABSORBIDO,UKL882,R29,Transile externo Soja (Silos → Volcables puerto),NO_CLASIFICADO,EVIDENCIA_INSUFICIENTE_ABSORBIDO,0,2026-09-28T20:17:07.279-03:00,2026-09-28T22:35:51.134-03:00,138.73,0,PREINGRESO|CARGA_S8|BALANZA_EGRESO|CALADA|EGRESO,RICARDONE,SI
0dc1c5e4-715,0dc1c5e4-715,,ABSORBIDO,NRT529,R7,Ricardone → San Lorenzo,NO_CLASIFICADO,EVIDENCIA_INSUFICIENTE_ABSORBIDO,0,2026-09-28T20:18:10.846-03:00,2026-09-28T23:46:56.833-03:00,208.77,0,SL_INGRESO|SL_BALANZA_INGRESO|SL_VOLCABLE|SL_EGRESO,TERMINAL_EMBARQUE,SI
7e9c125e-c4d,7e9c125e-c4d,,ABSORBIDO,SRC439,R7,Ricardone → San Lorenzo,NO_CLASIFICADO,EVIDENCIA_INSUFICIENTE_ABSORBIDO,0,2026-09-28T20:20:08.692-03:00,2026-09-29T00:11:06.053-03:00,230.96,0,SL_INGRESO|SL_BALANZA_INGRESO|SL_VOLCABLE|SL_EGRESO,TERMINAL_EMBARQUE,SI
8b815e3c-db8,8b815e3c-db8,,ABSORBIDO,FDH917,R29,Transile externo Soja (Silos → Volcables puerto),NO_CLASIFICADO,EVIDENCIA_INSUFICIENTE_ABSORBIDO,0,2026-09-28T20:20:39.371-03:00,2026-09-29T01:11:12.313-03:00,290.55,0,PREINGRESO|BALANZA_EGRESO|CALADA|SL_VOLCABLE|SL_EGRESO,RICARDONE,SI
6b0badda-6ab,6b0badda-6ab,,ABSORBIDO,GPM412,R7,Ricardone → San Lorenzo,NO_CLASIFICADO,EVIDENCIA_INSUFICIENTE_ABSORBIDO,0,2026-09-28T20:21:31.976-03:00,2026-09-29T00:00:41.403-03:00,219.16,0,SL_INGRESO|SL_BALANZA_INGRESO|SL_EGRESO,TERMINAL_EMBARQUE,SI
7f3acc68-3d7__cycle_1,7f3acc68-3d7,,ABSORBIDO,EAA743,REGISTRO_INCOMPLETO,Registro incompleto,NO_CLASIFICADO,EVIDENCIA_INSUFICIENTE_ABSORBIDO,0,2026-09-28T20:21:39.466-03:00,2026-09-28T20:35:02.878-03:00,13.39,0,CALADA|PLAYA,,SI
c0054d3e-3a9,c0054d3e-3a9,,ABSORBIDO,RXV065,REGISTRO_INCOMPLETO,Registro incompleto,NO_CLASIFICADO,EVIDENCIA_INSUFICIENTE_ABSORBIDO,0,2026-09-28T20:22:52.944-03:00,2026-09-28T22:25:02.811-03:00,122.16,0,SL_INGRESO|SL_BALANZA_INGRESO|SL_VOLCABLE|SL_EGRESO,,SI
3a58e157-e8f,3a58e157-e8f,,ABSORBIDO,AH355KS,R7,Ricardone → San Lorenzo,NO_CLASIFICADO,EVIDENCIA_INSUFICIENTE_ABSORBIDO,0,2026-09-28T20:27:57.040-03:00,2026-09-29T00:24:25.951-03:00,236.48,0,SL_INGRESO|SL_BALANZA_INGRESO|SL_VOLCABLE|SL_EGRESO,TERMINAL_EMBARQUE,SI
8a9b8a78-5dc,8a9b8a78-5dc,,ABSORBIDO,BVS300,R29,Transile externo Soja (Silos → Volcables puerto),NO_CLASIFICADO,EVIDENCIA_INSUFICIENTE_ABSORBIDO,0,2026-09-28T20:48:57.870-03:00,2026-09-28T23:02:04.293-03:00,133.11,0,PREINGRESO|BALANZA_EGRESO|CALADA|EGRESO,RICARDONE,SI
2ff2357f-c6e,2ff2357f-c6e,,ABSORBIDO,SZG666,SL1,Recepción Carga OSL San Lorenzo,NO_CLASIFICADO,EVIDENCIA_INSUFICIENTE_ABSORBIDO,0,2026-09-28T20:53:28.970-03:00,2026-09-28T22:38:45.940-03:00,105.28,0,SL_INGRESO|SL_BALANZA_INGRESO|UNKNOWN|SL_EGRESO,TERMINAL_EMBARQUE,SI
13f48299-552__cycle_1,13f48299-552,,ABSORBIDO,FEA642,REGISTRO_INCOMPLETO,Registro incompleto,NO_CLASIFICADO,EVIDENCIA_INSUFICIENTE_ABSORBIDO,0,2026-09-28T20:56:07.138-03:00,2026-09-28T21:30:05.354-03:00,33.97,0,SL_INGRESO|SL_CALADA|SL_BALANZA_INGRESO,,SI
b420fb78-efd,b420fb78-efd,,ABSORBIDO,EVL273,REGISTRO_INCOMPLETO,Registro incompleto,NO_CLASIFICADO,EVIDENCIA_INSUFICIENTE_ABSORBIDO,0,2026-09-28T21:05:51.434-03:00,2026-09-28T22:44:05.427-03:00,98.23,0,SL_INGRESO|SL_BALANZA_INGRESO|SL_EGRESO,,SI
d910171c-191__cycle_1,d910171c-191,,ABSORBIDO,AAE877,R29,Transile externo Soja (Silos → Volcables puerto),NO_CLASIFICADO,EVIDENCIA_INSUFICIENTE_ABSORBIDO,0,2026-09-28T21:17:03.831-03:00,2026-09-28T23:03:16.105-03:00,106.2,0,PREINGRESO|BALANZA_EGRESO,RICARDONE,SI
cc614e63-cc8,cc614e63-cc8,,ABSORBIDO,EYH843,REGISTRO_INCOMPLETO,Registro incompleto,NO_CLASIFICADO,EVIDENCIA_INSUFICIENTE_ABSORBIDO,0,2026-09-28T21:19:54.524-03:00,2026-09-28T22:54:15.303-03:00,94.35,0,SL_INGRESO|SL_BALANZA_INGRESO|SL_EGRESO,,SI
cb313ff7-3e5,cb313ff7-3e5,,ABSORBIDO,EEW075,R29,Transile externo Soja (Silos → Volcables puerto),NO_CLASIFICADO,EVIDENCIA_INSUFICIENTE_ABSORBIDO,0,2026-09-28T21:23:22.252-03:00,2026-09-28T23:38:35.300-03:00,135.22,0,PREINGRESO|PLAYA|CARGA_S8|BALANZA_EGRESO|CALADA|EGRESO,RICARDONE,SI
cd82e7e4-89a__cycle_2,cd82e7e4-89a,,ABSORBIDO,KOE138,SL1,Recepción Carga OSL San Lorenzo,NO_CLASIFICADO,EVIDENCIA_INSUFICIENTE_ABSORBIDO,0,2026-09-28T21:31:27.595-03:00,2026-09-28T22:07:55.960-03:00,36.47,0,SL_LIQUIDO_CARGA|SL_EGRESO,TERMINAL_EMBARQUE,SI
4e81ff57-536__cycle_2,4e81ff57-536,,ABSORBIDO,TAO150,R29,Transile externo Soja (Silos → Volcables puerto),NO_CLASIFICADO,EVIDENCIA_INSUFICIENTE_ABSORBIDO,0,2026-09-28T21:40:02.632-03:00,2026-09-29T00:16:29.354-03:00,156.45,0,PREINGRESO|BALANZA_EGRESO|CALADA|EGRESO,RICARDONE,SI
388491dc-1c2,388491dc-1c2,,ABSORBIDO,VAJ028,REGISTRO_INCOMPLETO,Registro incompleto,NO_CLASIFICADO,EVIDENCIA_INSUFICIENTE_ABSORBIDO,0,2026-09-28T21:46:06.695-03:00,2026-09-28T23:35:40.563-03:00,109.56,0,SL_INGRESO|SL_BALANZA_INGRESO|SL_EGRESO,,SI
e2280651-f39,e2280651-f39,,ABSORBIDO,GES056,R29,Transile externo Soja (Silos → Volcables puerto),NO_CLASIFICADO,EVIDENCIA_INSUFICIENTE_ABSORBIDO,0,2026-09-28T21:49:28.505-03:00,2026-09-29T00:17:17.836-03:00,147.82,0,PREINGRESO|PLAYA|BALANZA_EGRESO|CALADA|EGRESO,RICARDONE,SI
738f9a85-76f,738f9a85-76f,,ABSORBIDO,MII360,R7,Ricardone → San Lorenzo,NO_CLASIFICADO,EVIDENCIA_INSUFICIENTE_ABSORBIDO,0,2026-09-28T22:09:44.219-03:00,2026-09-29T00:56:55.731-03:00,167.19,0,SL_INGRESO|SL_BALANZA_INGRESO|SL_VOLCABLE|SL_EGRESO,TERMINAL_EMBARQUE,SI
1b863fec-2a7,1b863fec-2a7,,ABSORBIDO,AB820SE,R7,Ricardone → San Lorenzo,NO_CLASIFICADO,EVIDENCIA_INSUFICIENTE_ABSORBIDO,0,2026-09-28T22:16:01.717-03:00,2026-09-29T03:03:07.244-03:00,287.09,0,PREINGRESO|SL_BALANZA_INGRESO|SL_EGRESO,TERMINAL_EMBARQUE,SI
cdbcf8b4-1de,cdbcf8b4-1de,,ABSORBIDO,TAC436,R29,Transile externo Soja (Silos → Volcables puerto),NO_CLASIFICADO,EVIDENCIA_INSUFICIENTE_ABSORBIDO,0,2026-09-28T22:35:27.367-03:00,2026-09-29T01:24:04.782-03:00,168.62,0,BALANZA_EGRESO|CALADA|SL_INGRESO|SL_BALANZA_INGRESO|SL_VOLCABLE|SL_EGRESO,RICARDONE,SI
db446dc9-dbe,db446dc9-dbe,,ABSORBIDO,AH153GB,R7,Ricardone → San Lorenzo,NO_CLASIFICADO,EVIDENCIA_INSUFICIENTE_ABSORBIDO,0,2026-09-28T22:40:08.406-03:00,2026-09-29T00:40:34.659-03:00,120.44,0,SL_INGRESO|SL_BALANZA_INGRESO|SL_EGRESO,TERMINAL_EMBARQUE,SI
d915eb89-dd6,d915eb89-dd6,,ABSORBIDO,RXV065,R29,Transile externo Soja (Silos → Volcables puerto),NO_CLASIFICADO,EVIDENCIA_INSUFICIENTE_ABSORBIDO,0,2026-09-28T22:43:15.574-03:00,2026-09-29T00:18:27.280-03:00,95.2,0,PREINGRESO|PLAYA|CALADA|EGRESO,RICARDONE,SI
199185b5-a96,199185b5-a96,,ABSORBIDO,HKZ378,R7,Ricardone → San Lorenzo,NO_CLASIFICADO,EVIDENCIA_INSUFICIENTE_ABSORBIDO,0,2026-09-28T22:43:42.976-03:00,2026-09-29T02:44:00.345-03:00,240.29,0,SL_INGRESO|SL_BALANZA_INGRESO|SL_EGRESO,TERMINAL_EMBARQUE,SI
6e1d1c01-eb9,6e1d1c01-eb9,,ABSORBIDO,UKL882,REGISTRO_INCOMPLETO,Registro incompleto,NO_CLASIFICADO,EVIDENCIA_INSUFICIENTE_ABSORBIDO,0,2026-09-28T22:46:18.827-03:00,2026-09-29T01:11:35.923-03:00,145.28,0,SL_INGRESO|SL_BALANZA_INGRESO|SL_VOLCABLE|SL_EGRESO,,SI
c0b82a74-bec,c0b82a74-bec,,ABSORBIDO,AI058IN,R7,Ricardone → San Lorenzo,NO_CLASIFICADO,EVIDENCIA_INSUFICIENTE_ABSORBIDO,0,2026-09-28T22:50:00.918-03:00,2026-09-29T02:42:50.557-03:00,232.83,0,SL_INGRESO|SL_BALANZA_INGRESO|SL_VOLCABLE|SL_EGRESO,TERMINAL_EMBARQUE,SI
094652ee-b7f,094652ee-b7f,,ABSORBIDO,EVL273,R29,Transile externo Soja (Silos → Volcables puerto),NO_CLASIFICADO,EVIDENCIA_INSUFICIENTE_ABSORBIDO,0,2026-09-28T22:52:59.766-03:00,2026-09-29T00:34:09.653-03:00,101.16,0,PREINGRESO|PLAYA|CARGA_S8|BALANZA_EGRESO|CALADA|EGRESO,RICARDONE,SI
cc5d7d6a-4e8,cc5d7d6a-4e8,,ABSORBIDO,AE381DE,R7,Ricardone → San Lorenzo,NO_CLASIFICADO,EVIDENCIA_INSUFICIENTE_ABSORBIDO,0,2026-09-28T22:54:59.416-03:00,2026-09-29T02:49:35.639-03:00,234.6,0,SL_INGRESO|SL_BALANZA_INGRESO|SL_EGRESO,TERMINAL_EMBARQUE,SI
baef17c8-99a,baef17c8-99a,,ABSORBIDO,NYY393,R7,Ricardone → San Lorenzo,NO_CLASIFICADO,EVIDENCIA_INSUFICIENTE_ABSORBIDO,0,2026-09-28T22:55:49.418-03:00,2026-09-29T02:56:03.314-03:00,240.23,0,SL_INGRESO|SL_BALANZA_INGRESO|SL_VOLCABLE|SL_EGRESO,TERMINAL_EMBARQUE,SI
9b592a59-12b__cycle_2,9b592a59-12b,,ABSORBIDO,CGV979,R29,Transile externo Soja (Silos → Volcables puerto),NO_CLASIFICADO,EVIDENCIA_INSUFICIENTE_ABSORBIDO,0,2026-09-28T23:06:06.692-03:00,2026-09-29T00:26:12.954-03:00,80.1,0,PREINGRESO|BALANZA_EGRESO,RICARDONE,SI
7dc39414-a43,7dc39414-a43,,ABSORBIDO,EYH843,R29,Transile externo Soja (Silos → Volcables puerto),NO_CLASIFICADO,EVIDENCIA_INSUFICIENTE_ABSORBIDO,0,2026-09-28T23:06:48.856-03:00,2026-09-29T00:48:59.786-03:00,102.18,0,PREINGRESO|CARGA_S8|BALANZA_EGRESO|CALADA|EGRESO,RICARDONE,SI
bd3ce1bb-5b5,bd3ce1bb-5b5,,ABSORBIDO,TVH101,R29,Transile externo Soja (Silos → Volcables puerto),NO_CLASIFICADO,EVIDENCIA_INSUFICIENTE_ABSORBIDO,0,2026-09-28T23:15:25.264-03:00,2026-09-29T01:48:48.949-03:00,153.39,0,BALANZA_EGRESO|SL_EGRESO,RICARDONE,SI
9a94f47b-3ec,9a94f47b-3ec,,ABSORBIDO,BVS300,REGISTRO_INCOMPLETO,Registro incompleto,NO_CLASIFICADO,EVIDENCIA_INSUFICIENTE_ABSORBIDO,0,2026-09-28T23:15:44.208-03:00,2026-09-29T01:24:36.715-03:00,128.88,0,SL_INGRESO|SL_BALANZA_INGRESO|SL_EGRESO,,SI
5893520f-663,5893520f-663,,ABSORBIDO,OVS653,R7,Ricardone → San Lorenzo,NO_CLASIFICADO,EVIDENCIA_INSUFICIENTE_ABSORBIDO,0,2026-09-28T23:22:10.072-03:00,2026-09-29T02:33:24.251-03:00,191.24,0,SL_INGRESO|SL_VOLCABLE|SL_EGRESO,TERMINAL_EMBARQUE,SI
ea198349-bf0,ea198349-bf0,,ABSORBIDO,AF107WH,R7,Ricardone → San Lorenzo,NO_CLASIFICADO,EVIDENCIA_INSUFICIENTE_ABSORBIDO,0,2026-09-28T23:24:11.279-03:00,2026-09-29T02:34:10.549-03:00,189.99,0,SL_INGRESO|SL_BALANZA_INGRESO|SL_VOLCABLE|SL_EGRESO,TERMINAL_EMBARQUE,SI
78dfaa4a-97d,78dfaa4a-97d,,ABSORBIDO,EEW075,REGISTRO_INCOMPLETO,Registro incompleto,NO_CLASIFICADO,EVIDENCIA_INSUFICIENTE_ABSORBIDO,0,2026-09-28T23:47:37.920-03:00,2026-09-29T01:45:10.942-03:00,117.55,0,SL_INGRESO|SL_BALANZA_INGRESO|SL_VOLCABLE|SL_EGRESO,,SI
9fbe7ce2-8cb,9fbe7ce2-8cb,,ABSORBIDO,BHL749,R29,Transile externo Soja (Silos → Volcables puerto),NO_CLASIFICADO,EVIDENCIA_INSUFICIENTE_ABSORBIDO,0,2026-09-29T00:07:01.845-03:00,2026-09-29T02:14:03.867-03:00,127.03,0,BALANZA_EGRESO|CALADA|SL_INGRESO|SL_EGRESO,RICARDONE,SI
2608092f-705,2608092f-705,,ABSORBIDO,GES056,REGISTRO_INCOMPLETO,Registro incompleto,NO_CLASIFICADO,EVIDENCIA_INSUFICIENTE_ABSORBIDO,0,2026-09-29T00:29:17.690-03:00,2026-09-29T02:11:26.804-03:00,102.15,0,SL_INGRESO|SL_BALANZA_INGRESO|SL_EGRESO,,SI
ac2fa249-ef9,ac2fa249-ef9,,ABSORBIDO,RXV065,REGISTRO_INCOMPLETO,Registro incompleto,NO_CLASIFICADO,EVIDENCIA_INSUFICIENTE_ABSORBIDO,0,2026-09-29T00:29:42.890-03:00,2026-09-29T02:20:41.546-03:00,110.98,0,SL_INGRESO|SL_BALANZA_INGRESO|SL_VOLCABLE|SL_EGRESO,,SI
ca21f8f2-931,ca21f8f2-931,,ABSORBIDO,JUP399,SL2,Aceite PTO San Lorenzo (sin S10),NO_CLASIFICADO,EVIDENCIA_INSUFICIENTE_ABSORBIDO,0,2026-09-29T00:32:35.458-03:00,2026-09-29T02:30:00.849-03:00,117.42,0,SL_INGRESO|SL_BALANZA_INGRESO|UNKNOWN|SL_EGRESO,TERMINAL_EMBARQUE,SI
7d16a20b-153,7d16a20b-153,,ABSORBIDO,EVL273,REGISTRO_INCOMPLETO,Registro incompleto,NO_CLASIFICADO,EVIDENCIA_INSUFICIENTE_ABSORBIDO,0,2026-09-29T00:44:09.499-03:00,2026-09-29T03:46:43.589-03:00,182.57,0,SL_INGRESO|SL_BALANZA_INGRESO|SL_EGRESO,,SI
508304b8-dae__cycle_2,508304b8-dae,,ABSORBIDO,EGV380,SL1,Recepción Carga OSL San Lorenzo,NO_CLASIFICADO,EVIDENCIA_INSUFICIENTE_ABSORBIDO,0,2026-09-29T00:44:30.080-03:00,2026-09-29T01:18:25.006-03:00,33.92,0,SL_LIQUIDO_CARGA|SL_EGRESO,TERMINAL_EMBARQUE,SI
09a86331-0d8,09a86331-0d8,,ABSORBIDO,CMF111,SL1,Recepción Carga OSL San Lorenzo,NO_CLASIFICADO,EVIDENCIA_INSUFICIENTE_ABSORBIDO,0,2026-09-29T00:50:37.684-03:00,2026-09-29T02:12:32.830-03:00,81.92,0,SL_INGRESO|SL_BALANZA_INGRESO|UNKNOWN|SL_EGRESO,TERMINAL_EMBARQUE,SI
1eca20bf-0c1,1eca20bf-0c1,,ABSORBIDO,EYH843,REGISTRO_INCOMPLETO,Registro incompleto,NO_CLASIFICADO,EVIDENCIA_INSUFICIENTE_ABSORBIDO,0,2026-09-29T01:02:13.162-03:00,2026-09-29T04:04:22.413-03:00,182.15,0,SL_INGRESO|SL_BALANZA_INGRESO|SL_VOLCABLE|SL_EGRESO,,SI
e696dda7-acb__cycle_2,e696dda7-acb,,ABSORBIDO,AD887XZ,SL1,Recepción Carga OSL San Lorenzo,NO_CLASIFICADO,EVIDENCIA_INSUFICIENTE_ABSORBIDO,0,2026-09-29T01:04:19.435-03:00,2026-09-29T01:41:16.008-03:00,36.94,0,SL_LIQUIDO_CARGA|SL_EGRESO,TERMINAL_EMBARQUE,SI
8053544c-b0a,8053544c-b0a,,ABSORBIDO,ELS710,REGISTRO_INCOMPLETO,Registro incompleto,NO_CLASIFICADO,EVIDENCIA_INSUFICIENTE_ABSORBIDO,0,2026-09-29T01:05:00.228-03:00,2026-09-29T02:32:32.510-03:00,87.54,0,SL_BALANZA_INGRESO|SL_EGRESO,TERMINAL_EMBARQUE,SI
01c3515d-dad,01c3515d-dad,,ABSORBIDO,CNG506,CIRCUITO_SAN_LORENZO,Circuito Ricardone → San Lorenzo,NO_CLASIFICADO,EVIDENCIA_INSUFICIENTE_ABSORBIDO,0,2026-09-29T01:06:22.659-03:00,2026-09-29T01:17:07.725-03:00,10.75,0,PREINGRESO|EGRESO,,SI
8ec286e9-afb,8ec286e9-afb,,ABSORBIDO,FDH917,R29,Transile externo Soja (Silos → Volcables puerto),NO_CLASIFICADO,EVIDENCIA_INSUFICIENTE_ABSORBIDO,0,2026-09-29T01:22:23.274-03:00,2026-09-29T05:14:35.344-03:00,232.2,0,PREINGRESO|BALANZA_EGRESO|CALADA|SL_VOLCABLE|SL_EGRESO,RICARDONE,SI
70137abb-e10,70137abb-e10,,ABSORBIDO,AI309IA,CIRCUITO_LIQUIDO,Circuito líquido,NO_CLASIFICADO,EVIDENCIA_INSUFICIENTE_ABSORBIDO,0,2026-09-29T01:24:26.080-03:00,2026-09-29T01:41:11.730-03:00,16.76,0,PREINGRESO|LIQUIDO|EGRESO,,SI
622d429a-6f3,622d429a-6f3,,ABSORBIDO,FOZ297,CIRCUITO_SAN_LORENZO,Circuito Ricardone → San Lorenzo,NO_CLASIFICADO,EVIDENCIA_INSUFICIENTE_ABSORBIDO,0,2026-09-29T01:25:45.367-03:00,2026-09-29T01:45:28.144-03:00,19.71,0,PREINGRESO|EGRESO,,SI
2dd84ba6-b36,2dd84ba6-b36,,ABSORBIDO,OHF905,R7,Ricardone → San Lorenzo,NO_CLASIFICADO,EVIDENCIA_INSUFICIENTE_ABSORBIDO,0,2026-09-29T01:27:03.091-03:00,2026-09-29T02:35:30.221-03:00,68.45,0,SL_INGRESO|SL_BALANZA_INGRESO|SL_VOLCABLE|SL_EGRESO,TERMINAL_EMBARQUE,SI
bbfe8016-f45__cycle_2,bbfe8016-f45,,ABSORBIDO,MNB810,SL1,Recepción Carga OSL San Lorenzo,NO_CLASIFICADO,EVIDENCIA_INSUFICIENTE_ABSORBIDO,0,2026-09-29T01:29:41.852-03:00,2026-09-29T02:03:29.041-03:00,33.79,0,SL_LIQUIDO_CARGA|SL_BALANZA_SALIDA,TERMINAL_EMBARQUE,SI
3cf8d0a5-1fd,3cf8d0a5-1fd,,ABSORBIDO,AE785CS,R7,Ricardone → San Lorenzo,NO_CLASIFICADO,EVIDENCIA_INSUFICIENTE_ABSORBIDO,0,2026-09-29T01:35:56.642-03:00,2026-09-29T02:27:20.385-03:00,51.4,0,SL_INGRESO|SL_BALANZA_INGRESO|SL_EGRESO,TERMINAL_EMBARQUE,SI
1a8dcfeb-3ed,1a8dcfeb-3ed,,ABSORBIDO,TAC436,R29,Transile externo Soja (Silos → Volcables puerto),NO_CLASIFICADO,EVIDENCIA_INSUFICIENTE_ABSORBIDO,0,2026-09-29T01:36:20.921-03:00,2026-09-29T05:32:04.084-03:00,235.72,0,PREINGRESO|BALANZA_EGRESO|CALADA|SL_INGRESO|SL_EGRESO,RICARDONE,SI
5a1402ae-a21,5a1402ae-a21,,ABSORBIDO,BVS300,R29,Transile externo Soja (Silos → Volcables puerto),NO_CLASIFICADO,EVIDENCIA_INSUFICIENTE_ABSORBIDO,0,2026-09-29T01:36:57.324-03:00,2026-09-29T02:51:49.232-03:00,74.87,0,PREINGRESO|BALANZA_EGRESO|CALADA|EGRESO,RICARDONE,SI
17b05f84-b52,17b05f84-b52,,ABSORBIDO,TZD778,R7,Ricardone → San Lorenzo,NO_CLASIFICADO,EVIDENCIA_INSUFICIENTE_ABSORBIDO,0,2026-09-29T01:42:10.102-03:00,2026-09-29T03:55:39.124-03:00,133.48,0,SL_INGRESO|SL_VOLCABLE|SL_VOLCABLE|SL_EGRESO,TERMINAL_EMBARQUE,SI
3d96d33a-18c,3d96d33a-18c,,ABSORBIDO,HGC160,R7,Ricardone → San Lorenzo,NO_CLASIFICADO,EVIDENCIA_INSUFICIENTE_ABSORBIDO,0,2026-09-29T01:44:15.229-03:00,2026-09-29T02:59:33.038-03:00,75.3,0,SL_INGRESO|SL_BALANZA_INGRESO|SL_EGRESO,TERMINAL_EMBARQUE,SI
ca30c7d8-a4f,ca30c7d8-a4f,,ABSORBIDO,LRP909,R7,Ricardone → San Lorenzo,NO_CLASIFICADO,EVIDENCIA_INSUFICIENTE_ABSORBIDO,0,2026-09-29T01:45:04.432-03:00,2026-09-29T03:45:31.801-03:00,120.46,0,SL_INGRESO|SL_BALANZA_INGRESO|SL_EGRESO,TERMINAL_EMBARQUE,SI
2a639c37-b37,2a639c37-b37,,ABSORBIDO,AE229GC,R7,Ricardone → San Lorenzo,NO_CLASIFICADO,EVIDENCIA_INSUFICIENTE_ABSORBIDO,0,2026-09-29T01:49:44.929-03:00,2026-09-29T03:28:24.990-03:00,98.67,0,SL_INGRESO|SL_BALANZA_INGRESO|SL_EGRESO,TERMINAL_EMBARQUE,SI
c589720e-846,c589720e-846,,ABSORBIDO,AG227NB,R7,Ricardone → San Lorenzo,NO_CLASIFICADO,EVIDENCIA_INSUFICIENTE_ABSORBIDO,0,2026-09-29T01:50:27.731-03:00,2026-09-29T03:24:30.896-03:00,94.05,0,SL_INGRESO|SL_BALANZA_INGRESO|SL_VOLCABLE|SL_EGRESO,TERMINAL_EMBARQUE,SI
17742f1b-149,17742f1b-149,,ABSORBIDO,KXI574,R7,Ricardone → San Lorenzo,NO_CLASIFICADO,EVIDENCIA_INSUFICIENTE_ABSORBIDO,0,2026-09-29T01:53:45.343-03:00,2026-09-29T03:49:11.889-03:00,115.44,0,SL_INGRESO|SL_VOLCABLE|SL_EGRESO,TERMINAL_EMBARQUE,SI
c23b78a9-fba,c23b78a9-fba,,ABSORBIDO,EEW075,R29,Transile externo Soja (Silos → Volcables puerto),NO_CLASIFICADO,EVIDENCIA_INSUFICIENTE_ABSORBIDO,0,2026-09-29T01:54:17.547-03:00,2026-09-29T03:12:09.865-03:00,77.87,0,PREINGRESO|PLAYA|BALANZA_EGRESO|CALADA|EGRESO,RICARDONE,SI
8740694e-28e,8740694e-28e,,ABSORBIDO,PDD416,R7,Ricardone → San Lorenzo,NO_CLASIFICADO,EVIDENCIA_INSUFICIENTE_ABSORBIDO,0,2026-09-29T01:56:14.488-03:00,2026-09-29T02:38:25.531-03:00,42.18,0,SL_BALANZA_INGRESO|SL_EGRESO,TERMINAL_EMBARQUE,SI
2dd64b2a-000__cycle_2,2dd64b2a-000,,ABSORBIDO,GDE552,SL1,Recepción Carga OSL San Lorenzo,NO_CLASIFICADO,EVIDENCIA_INSUFICIENTE_ABSORBIDO,0,2026-09-29T01:56:33.954-03:00,2026-09-29T02:37:55.439-03:00,41.36,0,SL_LIQUIDO_CARGA|SL_EGRESO,TERMINAL_EMBARQUE,SI
67e3ccb3-2d5,67e3ccb3-2d5,,ABSORBIDO,TVH101,R29,Transile externo Soja (Silos → Volcables puerto),NO_CLASIFICADO,EVIDENCIA_INSUFICIENTE_ABSORBIDO,0,2026-09-29T02:00:50.928-03:00,2026-09-29T06:09:53.407-03:00,249.04,0,PREINGRESO|SL_EGRESO,RICARDONE,SI
176b2e75-860,176b2e75-860,,ABSORBIDO,EBO971,R29,Transile externo Soja (Silos → Volcables puerto),NO_CLASIFICADO,EVIDENCIA_INSUFICIENTE_ABSORBIDO,0,2026-09-29T02:17:27.396-03:00,2026-09-29T06:01:06.300-03:00,223.65,0,PREINGRESO|BALANZA_EGRESO|CALADA|SL_BALANZA_INGRESO|SL_EGRESO,RICARDONE,SI
69aede51-e87,69aede51-e87,,ABSORBIDO,TAO150,R29,Transile externo Soja (Silos → Volcables puerto),NO_CLASIFICADO,EVIDENCIA_INSUFICIENTE_ABSORBIDO,0,2026-09-29T02:23:50.538-03:00,2026-09-29T04:41:59.299-03:00,138.15,0,PREINGRESO|BALANZA_EGRESO|EGRESO,RICARDONE,SI
9fdb0d94-d46,9fdb0d94-d46,,ABSORBIDO,GES056,R29,Transile externo Soja (Silos → Volcables puerto),NO_CLASIFICADO,EVIDENCIA_INSUFICIENTE_ABSORBIDO,0,2026-09-29T02:24:24.220-03:00,2026-09-29T04:41:05.696-03:00,136.69,0,PREINGRESO|CARGA_S8|BALANZA_EGRESO|CALADA|EGRESO,RICARDONE,SI
879ae113-6dd,879ae113-6dd,,ABSORBIDO,RXV065,R29,Transile externo Soja (Silos → Volcables puerto),NO_CLASIFICADO,EVIDENCIA_INSUFICIENTE_ABSORBIDO,0,2026-09-29T02:31:47.929-03:00,2026-09-29T04:40:11.453-03:00,128.39,0,PREINGRESO|PLAYA|BALANZA_EGRESO|CALADA|EGRESO,RICARDONE,SI
7d0657e3-40a__cycle_2,7d0657e3-40a,,ABSORBIDO,WGG348,SL1,Recepción Carga OSL San Lorenzo,NO_CLASIFICADO,EVIDENCIA_INSUFICIENTE_ABSORBIDO,0,2026-09-29T02:32:16.287-03:00,2026-09-29T03:25:17.155-03:00,53.01,0,SL_LIQUIDO_CARGA|SL_EGRESO,TERMINAL_EMBARQUE,SI
72c661fa-60d,72c661fa-60d,,ABSORBIDO,UKL882,REGISTRO_INCOMPLETO,Registro incompleto,NO_CLASIFICADO,EVIDENCIA_INSUFICIENTE_ABSORBIDO,0,2026-09-29T02:52:04.040-03:00,2026-09-29T05:21:17.145-03:00,149.22,0,SL_INGRESO|SL_VOLCABLE|SL_EGRESO,,SI
82059bab-133,82059bab-133,,ABSORBIDO,BVS300,REGISTRO_INCOMPLETO,Registro incompleto,NO_CLASIFICADO,EVIDENCIA_INSUFICIENTE_ABSORBIDO,0,2026-09-29T03:03:10.157-03:00,2026-09-29T05:52:19.490-03:00,169.16,0,SL_INGRESO|SL_EGRESO,,SI
1928e4d0-6f9,1928e4d0-6f9,,ABSORBIDO,SZG666,SL1,Recepción Carga OSL San Lorenzo,NO_CLASIFICADO,EVIDENCIA_INSUFICIENTE_ABSORBIDO,0,2026-09-29T03:09:35.142-03:00,2026-09-29T04:30:42.044-03:00,81.12,0,SL_INGRESO|UNKNOWN|SL_BALANZA_SALIDA|SL_EGRESO,TERMINAL_EMBARQUE,SI
e4f62fa2-21e,e4f62fa2-21e,,ABSORBIDO,EEW075,REGISTRO_INCOMPLETO,Registro incompleto,NO_CLASIFICADO,EVIDENCIA_INSUFICIENTE_ABSORBIDO,0,2026-09-29T03:22:27.104-03:00,2026-09-29T05:26:53.960-03:00,124.45,0,SL_INGRESO|SL_BALANZA_INGRESO|SL_VOLCABLE|SL_EGRESO,,SI
c714aaf8-146,c714aaf8-146,,ABSORBIDO,GTZ627,SL1,Recepción Carga OSL San Lorenzo,NO_CLASIFICADO,EVIDENCIA_INSUFICIENTE_ABSORBIDO,0,2026-09-29T03:34:32.534-03:00,2026-09-29T05:10:20.242-03:00,95.8,0,SL_BALANZA_INGRESO|SL_LIQUIDO_CARGA|SL_EGRESO,TERMINAL_EMBARQUE,SI
7f428767-2c0,7f428767-2c0,,ABSORBIDO,EVL273,R29,Transile externo Soja (Silos → Volcables puerto),NO_CLASIFICADO,EVIDENCIA_INSUFICIENTE_ABSORBIDO,0,2026-09-29T03:57:27.109-03:00,2026-09-29T04:44:05.466-03:00,46.64,0,PREINGRESO|PLAYA|BALANZA_EGRESO|CALADA|EGRESO,RICARDONE,SI
13f48299-552__cycle_2,13f48299-552,,ABSORBIDO,FEA642,SL1,Recepción Carga OSL San Lorenzo,NO_CLASIFICADO,EVIDENCIA_INSUFICIENTE_ABSORBIDO,0,2026-09-29T04:05:03.108-03:00,2026-09-29T04:43:18.267-03:00,38.25,0,SL_LIQUIDO_CARGA|SL_EGRESO,TERMINAL_EMBARQUE,SI
0c0a0571-949,0c0a0571-949,,ABSORBIDO,EYH843,R29,Transile externo Soja (Silos → Volcables puerto),NO_CLASIFICADO,EVIDENCIA_INSUFICIENTE_ABSORBIDO,0,2026-09-29T04:13:43.166-03:00,2026-09-29T04:52:25.576-03:00,38.71,0,PREINGRESO|CARGA_S8|BALANZA_EGRESO|CALADA|EGRESO,RICARDONE,SI
41685a89-5e4,41685a89-5e4,,ABSORBIDO,SAT582,R29,Transile externo Soja (Silos → Volcables puerto),NO_CLASIFICADO,EVIDENCIA_INSUFICIENTE_ABSORBIDO,0,2026-09-29T04:39:24.213-03:00,2026-09-29T05:41:06.967-03:00,61.71,0,PREINGRESO|CARGA_S8|BALANZA_EGRESO|CALADA|EGRESO,RICARDONE,SI
91ae0478-fe0__cycle_2,91ae0478-fe0,,ABSORBIDO,CIE516,R29,Transile externo Soja (Silos → Volcables puerto),NO_CLASIFICADO,EVIDENCIA_INSUFICIENTE_ABSORBIDO,0,2026-09-29T04:41:41.501-03:00,2026-09-29T09:22:43.901-03:00,281.04,0,PREINGRESO|PREINGRESO|PLAYA|BALANZA_EGRESO|CALADA|EGRESO,RICARDONE,SI
c652c7a3-a6c,c652c7a3-a6c,,ABSORBIDO,AB263IX,R7,Ricardone → San Lorenzo,NO_CLASIFICADO,EVIDENCIA_INSUFICIENTE_ABSORBIDO,0,2026-09-29T04:44:44.213-03:00,2026-09-29T06:17:28.749-03:00,92.74,0,CALADA|SL_EGRESO,TERMINAL_EMBARQUE,SI
e6b47b44-7b6,e6b47b44-7b6,,ABSORBIDO,RXV065,REGISTRO_INCOMPLETO,Registro incompleto,NO_CLASIFICADO,EVIDENCIA_INSUFICIENTE_ABSORBIDO,0,2026-09-29T04:51:16.697-03:00,2026-09-29T05:50:22.683-03:00,59.1,0,SL_INGRESO|SL_BALANZA_INGRESO|SL_VOLCABLE|SL_EGRESO,,SI
30d31289-a5b,30d31289-a5b,,ABSORBIDO,GES056,REGISTRO_INCOMPLETO,Registro incompleto,NO_CLASIFICADO,EVIDENCIA_INSUFICIENTE_ABSORBIDO,0,2026-09-29T04:53:59.108-03:00,2026-09-29T05:58:13.311-03:00,64.24,0,SL_INGRESO|SL_BALANZA_INGRESO|SL_EGRESO,,SI
c762b85f-881,c762b85f-881,,ABSORBIDO,TAO150,REGISTRO_INCOMPLETO,Registro incompleto,NO_CLASIFICADO,EVIDENCIA_INSUFICIENTE_ABSORBIDO,0,2026-09-29T04:54:57.670-03:00,2026-09-29T06:12:24.948-03:00,77.45,0,SL_INGRESO|SL_EGRESO,,SI
ba901020-2ad,ba901020-2ad,,ABSORBIDO,EVL273,REGISTRO_INCOMPLETO,Registro incompleto,NO_CLASIFICADO,EVIDENCIA_INSUFICIENTE_ABSORBIDO,0,2026-09-29T04:55:32.950-03:00,2026-09-29T06:11:40.770-03:00,76.13,0,SL_INGRESO|SL_BALANZA_INGRESO|SL_EGRESO,,SI
178f3b6c-0f3__cycle_1,178f3b6c-0f3,,ABSORBIDO,AH697JG,DESPACHO_SIN_PUNTO_INSTRUMENTADO,Despacho / descarga sin punto instrumentado,NO_CLASIFICADO,EVIDENCIA_INSUFICIENTE_ABSORBIDO,0,2026-09-29T04:59:25.325-03:00,2026-09-29T08:30:08.563-03:00,210.72,0,PREINGRESO|CALADA|PREINGRESO,,SI
a976b926-3a8__cycle_2,a976b926-3a8,,ABSORBIDO,UUL425,R29,Transile externo Soja (Silos → Volcables puerto),NO_CLASIFICADO,EVIDENCIA_INSUFICIENTE_ABSORBIDO,0,2026-09-29T05:00:15.966-03:00,2026-09-29T07:38:30.826-03:00,158.25,0,PREINGRESO|BALANZA_EGRESO|CALADA|SL_INGRESO|SL_VOLCABLE|SL_EGRESO,RICARDONE,SI
95fb9a86-1d4,95fb9a86-1d4,,ABSORBIDO,EYH843,REGISTRO_INCOMPLETO,Registro incompleto,NO_CLASIFICADO,EVIDENCIA_INSUFICIENTE_ABSORBIDO,0,2026-09-29T05:03:36.978-03:00,2026-09-29T06:18:34.335-03:00,74.96,0,SL_INGRESO|SL_BALANZA_INGRESO|SL_VOLCABLE|SL_EGRESO,,SI
b5156afe-0a0,b5156afe-0a0,,ABSORBIDO,AG607WK,R7,Ricardone → San Lorenzo,NO_CLASIFICADO,EVIDENCIA_INSUFICIENTE_ABSORBIDO,0,2026-09-29T05:04:17.223-03:00,2026-09-29T06:40:41.306-03:00,96.4,0,SL_INGRESO|SL_BALANZA_INGRESO|SL_EGRESO,TERMINAL_EMBARQUE,SI
be8b3e75-981,be8b3e75-981,,ABSORBIDO,AF324EC,R7,Ricardone → San Lorenzo,NO_CLASIFICADO,EVIDENCIA_INSUFICIENTE_ABSORBIDO,0,2026-09-29T05:07:22.991-03:00,2026-09-29T06:48:02.722-03:00,100.66,0,SL_INGRESO|SL_BALANZA_INGRESO|SL_EGRESO,TERMINAL_EMBARQUE,SI
eb12d7e7-d87,eb12d7e7-d87,,ABSORBIDO,OFG785,SL1,Recepción Carga OSL San Lorenzo,NO_CLASIFICADO,EVIDENCIA_INSUFICIENTE_ABSORBIDO,0,2026-09-29T05:08:08.437-03:00,2026-09-29T08:02:53.091-03:00,174.74,0,SL_INGRESO|SL_CALADA|SL_BALANZA_INGRESO|SL_LIQUIDO_CARGA|SL_EGRESO,TERMINAL_EMBARQUE,SI
45301b38-fee,45301b38-fee,,ABSORBIDO,AE991LJ,R7,Ricardone → San Lorenzo,NO_CLASIFICADO,EVIDENCIA_INSUFICIENTE_ABSORBIDO,0,2026-09-29T05:11:50.929-03:00,2026-09-29T06:49:53.247-03:00,98.04,0,SL_INGRESO|SL_BALANZA_INGRESO|SL_VOLCABLE|SL_VOLCABLE|SL_EGRESO,TERMINAL_EMBARQUE,SI
5e3b77f2-8f5,5e3b77f2-8f5,,ABSORBIDO,AH553BW,R7,Ricardone → San Lorenzo,NO_CLASIFICADO,EVIDENCIA_INSUFICIENTE_ABSORBIDO,0,2026-09-29T05:12:40.610-03:00,2026-09-29T06:57:40.634-03:00,105,0,SL_INGRESO|SL_BALANZA_INGRESO|SL_VOLCABLE|SL_EGRESO,TERMINAL_EMBARQUE,SI
d8d2dca6-37b,d8d2dca6-37b,,ABSORBIDO,RAW481,R29,Transile externo Soja (Silos → Volcables puerto),NO_CLASIFICADO,EVIDENCIA_INSUFICIENTE_ABSORBIDO,0,2026-09-29T05:26:09.499-03:00,2026-09-29T07:32:04.072-03:00,125.91,0,PREINGRESO|SL_VOLCABLE|SL_EGRESO,RICARDONE,SI
302b0f1c-588,302b0f1c-588,,ABSORBIDO,EEW075,R29,Transile externo Soja (Silos → Volcables puerto),NO_CLASIFICADO,EVIDENCIA_INSUFICIENTE_ABSORBIDO,0,2026-09-29T05:36:44.335-03:00,2026-09-29T07:45:50.284-03:00,129.1,0,PREINGRESO|PLAYA|CARGA_S8|BALANZA_EGRESO|EGRESO,RICARDONE,SI
34d71dba-fbd,34d71dba-fbd,,ABSORBIDO,SAT582,REGISTRO_INCOMPLETO,Registro incompleto,NO_CLASIFICADO,EVIDENCIA_INSUFICIENTE_ABSORBIDO,0,2026-09-29T05:49:27.639-03:00,2026-09-29T06:48:41.138-03:00,59.22,0,SL_INGRESO|SL_BALANZA_INGRESO|SL_VOLCABLE|SL_EGRESO,,SI
5bf30ddb-056,5bf30ddb-056,,ABSORBIDO,RXV065,R29,Transile externo Soja (Silos → Volcables puerto),NO_CLASIFICADO,EVIDENCIA_INSUFICIENTE_ABSORBIDO,0,2026-09-29T06:01:06.661-03:00,2026-09-29T08:04:48.110-03:00,123.69,0,PREINGRESO|PLAYA|CARGA_S8|BALANZA_EGRESO|CALADA|EGRESO,RICARDONE,SI
025e8d08-906,025e8d08-906,,ABSORBIDO,BVS300,R29,Transile externo Soja (Silos → Volcables puerto),NO_CLASIFICADO,EVIDENCIA_INSUFICIENTE_ABSORBIDO,0,2026-09-29T06:02:17.145-03:00,2026-09-29T08:06:48.357-03:00,124.52,0,PREINGRESO|BALANZA_EGRESO|CALADA|EGRESO,RICARDONE,SI
dabfa15e-3fe,dabfa15e-3fe,,ABSORBIDO,CGS172,R29,Transile externo Soja (Silos → Volcables puerto),NO_CLASIFICADO,EVIDENCIA_INSUFICIENTE_ABSORBIDO,0,2026-09-29T06:06:09.239-03:00,2026-09-29T08:18:00.874-03:00,131.86,0,PREINGRESO|PLAYA|CARGA_S8|BALANZA_EGRESO|CALADA|EGRESO,RICARDONE,SI
076f159b-c74,076f159b-c74,,ABSORBIDO,EBO971,R29,Transile externo Soja (Silos → Volcables puerto),NO_CLASIFICADO,EVIDENCIA_INSUFICIENTE_ABSORBIDO,0,2026-09-29T06:11:47.817-03:00,2026-09-29T08:42:25.842-03:00,150.63,0,PREINGRESO|CARGA_S8|BALANZA_EGRESO|CALADA|EGRESO,RICARDONE,SI
78badfb7-7df,78badfb7-7df,,ABSORBIDO,FDH917,R29,Transile externo Soja (Silos → Volcables puerto),NO_CLASIFICADO,EVIDENCIA_INSUFICIENTE_ABSORBIDO,0,2026-09-29T06:18:42.498-03:00,2026-09-29T07:34:17.965-03:00,75.59,0,BALANZA_EGRESO|CALADA|SL_BALANZA_INGRESO|SL_VOLCABLE|SL_EGRESO,RICARDONE,SI
70d64c06-53d,70d64c06-53d,,ABSORBIDO,TAC436,R29,Transile externo Soja (Silos → Volcables puerto),NO_CLASIFICADO,EVIDENCIA_INSUFICIENTE_ABSORBIDO,0,2026-09-29T06:24:15.973-03:00,2026-09-29T07:43:44.516-03:00,79.48,0,CARGA_S8|BALANZA_EGRESO|CALADA|EGRESO,RICARDONE,SI
347c5815-914__cycle_2,347c5815-914,,ABSORBIDO,AF260KA,REGISTRO_INCOMPLETO,Registro incompleto,NO_CLASIFICADO,EVIDENCIA_INSUFICIENTE_ABSORBIDO,0,2026-09-29T06:24:56.502-03:00,2026-09-29T16:18:21.491-03:00,593.42,0,SL_BALANZA_INGRESO|SL_BALANZA_INGRESO|UNKNOWN|UNKNOWN|SL_BALANZA_SALIDA|SL_EGRESO,TERMINAL_EMBARQUE,SI
753d2896-187,753d2896-187,,ABSORBIDO,TVH101,R29,Transile externo Soja (Silos → Volcables puerto),NO_CLASIFICADO,EVIDENCIA_INSUFICIENTE_ABSORBIDO,0,2026-09-29T06:25:54.986-03:00,2026-09-29T08:54:50.525-03:00,148.93,0,PREINGRESO|PLAYA|CARGA_S8|BALANZA_EGRESO|PREINGRESO|CALADA|EGRESO,RICARDONE,SI
34ff92ce-35e,34ff92ce-35e,,ABSORBIDO,EVL273,R29,Transile externo Soja (Silos → Volcables puerto),NO_CLASIFICADO,EVIDENCIA_INSUFICIENTE_ABSORBIDO,0,2026-09-29T06:26:36.910-03:00,2026-09-29T08:57:49.013-03:00,151.2,0,PREINGRESO|PLAYA|CARGA_S8|DESCARGA_S7|BALANZA_EGRESO|CALADA|EGRESO,RICARDONE,SI
6a16d037-d8d,6a16d037-d8d,,ABSORBIDO,EYH843,R29,Transile externo Soja (Silos → Volcables puerto),NO_CLASIFICADO,EVIDENCIA_INSUFICIENTE_ABSORBIDO,0,2026-09-29T06:29:40.361-03:00,2026-09-29T08:54:31.245-03:00,144.85,0,PREINGRESO|PLAYA|CARGA_S8|BALANZA_EGRESO|CALADA|EGRESO,RICARDONE,SI
8541ffbd-0fb,8541ffbd-0fb,,ABSORBIDO,KOQ228,SL1,Recepción Carga OSL San Lorenzo,NO_CLASIFICADO,EVIDENCIA_INSUFICIENTE_ABSORBIDO,0,2026-09-29T07:03:03.097-03:00,2026-09-29T10:36:10.720-03:00,213.13,0,SL_INGRESO|SL_CALADA|SL_BALANZA_INGRESO|SL_LIQUIDO_CARGA|SL_EGRESO,TERMINAL_EMBARQUE,SI
f11dc94b-928,f11dc94b-928,,ABSORBIDO,GYW157,CIRCUITO_SAN_LORENZO,Circuito Ricardone → San Lorenzo,NO_CLASIFICADO,EVIDENCIA_INSUFICIENTE_ABSORBIDO,0,2026-09-29T07:13:27.334-03:00,2026-09-29T09:40:33.425-03:00,147.1,0,PREINGRESO|EGRESO,,SI
011498c2-992,011498c2-992,,ABSORBIDO,SAT582,R29,Transile externo Soja (Silos → Volcables puerto),NO_CLASIFICADO,EVIDENCIA_INSUFICIENTE_ABSORBIDO,0,2026-09-29T07:15:20.940-03:00,2026-09-29T10:38:59.711-03:00,203.65,0,PREINGRESO|PLAYA|CARGA_S8|DESCARGA_S7|CARGA_S8|BALANZA_EGRESO|PLAYA|DESCARGA_S7|BALANZA_EGRESO|CALADA|EGRESO,RICARDONE,SI
f708bb56-8bc,f708bb56-8bc,,ABSORBIDO,GXT382,CIRCUITO_SAN_LORENZO,Circuito Ricardone → San Lorenzo,NO_CLASIFICADO,EVIDENCIA_INSUFICIENTE_ABSORBIDO,0,2026-09-29T07:15:59.024-03:00,2026-09-29T08:50:02.749-03:00,94.06,0,PREINGRESO|EGRESO,,SI
45eca2e5-79c,45eca2e5-79c,,ABSORBIDO,RNM392,R29,Transile externo Soja (Silos → Volcables puerto),NO_CLASIFICADO,EVIDENCIA_INSUFICIENTE_ABSORBIDO,0,2026-09-29T07:17:45.111-03:00,2026-09-29T09:11:15.860-03:00,113.51,0,PREINGRESO|PLAYA|CARGA_S8|BALANZA_EGRESO|CALADA|EGRESO,RICARDONE,SI
80c3e4cd-3f0,80c3e4cd-3f0,,ABSORBIDO,CMF111,SL1,Recepción Carga OSL San Lorenzo,NO_CLASIFICADO,EVIDENCIA_INSUFICIENTE_ABSORBIDO,0,2026-09-29T07:36:12.295-03:00,2026-09-29T09:14:23.786-03:00,98.19,0,SL_INGRESO|SL_BALANZA_INGRESO|UNKNOWN|SL_EGRESO,TERMINAL_EMBARQUE,SI
53cb6047-d69,53cb6047-d69,,ABSORBIDO,EPH797,REGISTRO_INCOMPLETO,Registro incompleto,NO_CLASIFICADO,EVIDENCIA_INSUFICIENTE_ABSORBIDO,0,2026-09-29T07:39:30.544-03:00,2026-09-29T09:03:24.522-03:00,83.9,0,SL_INGRESO|SL_BALANZA_INGRESO|UNKNOWN|SL_EGRESO,TERMINAL_EMBARQUE,SI
5f050894-fac__cycle_2,5f050894-fac,,ABSORBIDO,RDL445,R29,Transile externo Soja (Silos → Volcables puerto),NO_CLASIFICADO,EVIDENCIA_INSUFICIENTE_ABSORBIDO,0,2026-09-29T07:42:12.634-03:00,2026-09-29T09:31:12.992-03:00,109.01,0,PREINGRESO|CARGA_S8|BALANZA_EGRESO|EGRESO,RICARDONE,SI
bfb7ecaa-680,bfb7ecaa-680,,ABSORBIDO,GGO842,REGISTRO_INCOMPLETO,Registro incompleto,NO_CLASIFICADO,EVIDENCIA_INSUFICIENTE_ABSORBIDO,0,2026-09-29T07:47:48.016-03:00,2026-09-29T13:32:03.278-03:00,344.25,0,SL_INGRESO|SL_BALANZA_INGRESO|UNKNOWN|SL_EGRESO,TERMINAL_EMBARQUE,SI
73a977af-163,73a977af-163,,ABSORBIDO,APU363,REGISTRO_INCOMPLETO,Registro incompleto,NO_CLASIFICADO,EVIDENCIA_INSUFICIENTE_ABSORBIDO,0,2026-09-29T07:48:39.776-03:00,2026-09-29T13:32:34.971-03:00,343.92,0,SL_INGRESO|SL_BALANZA_INGRESO|SL_EGRESO,TERMINAL_EMBARQUE,SI
7c772c22-603,7c772c22-603,,ABSORBIDO,AH559VY,REGISTRO_INCOMPLETO,Registro incompleto,NO_CLASIFICADO,EVIDENCIA_INSUFICIENTE_ABSORBIDO,0,2026-09-29T07:49:31.780-03:00,2026-09-29T13:33:03.302-03:00,343.53,0,SL_INGRESO|SL_BALANZA_INGRESO|UNKNOWN|SL_EGRESO,TERMINAL_EMBARQUE,SI
e0a8662c-2e9,e0a8662c-2e9,,ABSORBIDO,FEA810,REGISTRO_INCOMPLETO,Registro incompleto,NO_CLASIFICADO,EVIDENCIA_INSUFICIENTE_ABSORBIDO,0,2026-09-29T07:49:53.781-03:00,2026-09-29T14:11:27.124-03:00,381.56,0,SL_INGRESO|SL_BALANZA_INGRESO|UNKNOWN|SL_BALANZA_SALIDA|SL_BALANZA_SALIDA|UNKNOWN|UNKNOWN|SL_BALANZA_SALIDA|SL_CALADA|SL_BALANZA_INGRESO|SL_EGRESO,TERMINAL_EMBARQUE,SI
064b7b09-244,064b7b09-244,,ABSORBIDO,AGR963,SL1,Recepción Carga OSL San Lorenzo,NO_CLASIFICADO,EVIDENCIA_INSUFICIENTE_ABSORBIDO,0,2026-09-29T07:53:16.358-03:00,2026-09-29T08:43:34.931-03:00,50.31,0,SL_LIQUIDO_CARGA|SL_EGRESO,TERMINAL_EMBARQUE,SI
608ec2b4-185,608ec2b4-185,,ABSORBIDO,RAW481,R29,Transile externo Soja (Silos → Volcables puerto),NO_CLASIFICADO,EVIDENCIA_INSUFICIENTE_ABSORBIDO,0,2026-09-29T07:53:41.075-03:00,2026-09-29T09:49:31.057-03:00,115.83,0,PREINGRESO|BALANZA_EGRESO|BALANZA_EGRESO|CALADA|EGRESO,RICARDONE,SI
6f385737-783,6f385737-783,,ABSORBIDO,FDH917,R29,Transile externo Soja (Silos → Volcables puerto),NO_CLASIFICADO,EVIDENCIA_INSUFICIENTE_ABSORBIDO,0,2026-09-29T07:54:24.359-03:00,2026-09-29T10:13:56.502-03:00,139.54,0,PREINGRESO|PLAYA|CARGA_S8|BALANZA_EGRESO|CALADA|EGRESO,RICARDONE,SI
a665c6e4-3f2,a665c6e4-3f2,,ABSORBIDO,TAC436,REGISTRO_INCOMPLETO,Registro incompleto,NO_CLASIFICADO,EVIDENCIA_INSUFICIENTE_ABSORBIDO,0,2026-09-29T07:56:32.366-03:00,2026-09-29T09:22:07.211-03:00,85.58,0,SL_INGRESO|SL_BALANZA_INGRESO|SL_VOLCABLE|SL_EGRESO,,SI
87b6d67f-137,87b6d67f-137,,ABSORBIDO,EEW075,REGISTRO_INCOMPLETO,Registro incompleto,NO_CLASIFICADO,EVIDENCIA_INSUFICIENTE_ABSORBIDO,0,2026-09-29T07:57:37.808-03:00,2026-09-29T09:01:56.047-03:00,64.3,0,SL_INGRESO|SL_BALANZA_INGRESO|SL_VOLCABLE|SL_EGRESO,,SI
85549280-0d7,85549280-0d7,,ABSORBIDO,RGV982,R29,Transile externo Soja (Silos → Volcables puerto),NO_CLASIFICADO,EVIDENCIA_INSUFICIENTE_ABSORBIDO,0,2026-09-29T07:58:46.532-03:00,2026-09-29T09:15:28.131-03:00,76.69,0,SL_INGRESO|SL_BALANZA_INGRESO|SL_VOLCABLE|SL_EGRESO,RICARDONE,SI
db37fb76-34e,db37fb76-34e,,ABSORBIDO,AE052QO,REGISTRO_INCOMPLETO,Registro incompleto,NO_CLASIFICADO,EVIDENCIA_INSUFICIENTE_ABSORBIDO,0,2026-09-29T07:59:27.334-03:00,2026-09-29T16:09:18.834-03:00,489.86,0,SL_INGRESO|SL_BALANZA_INGRESO|UNKNOWN|SL_BALANZA_SALIDA|SL_BALANZA_SALIDA|SL_BALANZA_SALIDA|SL_BALANZA_SALIDA|UNKNOWN|SL_BALANZA_SALIDA|SL_EGRESO,TERMINAL_EMBARQUE,SI
51164d43-c7c__cycle_1,51164d43-c7c,,ABSORBIDO,UWX998,R29,Transile externo Soja (Silos → Volcables puerto),NO_CLASIFICADO,EVIDENCIA_INSUFICIENTE_ABSORBIDO,0,2026-09-29T08:03:52.872-03:00,2026-09-29T08:43:11.162-03:00,39.3,0,SL_INGRESO|SL_BALANZA_INGRESO,RICARDONE,SI
19d6bc0a-5d7__cycle_2,19d6bc0a-5d7,,ABSORBIDO,EAO104,SL1,Recepción Carga OSL San Lorenzo,NO_CLASIFICADO,EVIDENCIA_INSUFICIENTE_ABSORBIDO,0,2026-09-29T08:05:36.477-03:00,2026-09-29T09:42:14.773-03:00,96.64,0,SL_INGRESO|SL_CALADA|SL_BALANZA_INGRESO|SL_LIQUIDO_CARGA|SL_EGRESO,TERMINAL_EMBARQUE,SI
325e5a0e-7d1,325e5a0e-7d1,,ABSORBIDO,AB675DP,REGISTRO_INCOMPLETO,Registro incompleto,NO_CLASIFICADO,EVIDENCIA_INSUFICIENTE_ABSORBIDO,0,2026-09-29T08:10:05.851-03:00,2026-09-29T10:07:09.023-03:00,117.05,0,SL_INGRESO|SL_CALADA|SL_BALANZA_INGRESO|UNKNOWN|SL_CALADA|SL_BALANZA_INGRESO|SL_EGRESO,TERMINAL_EMBARQUE,SI
e6f5e517-10b,e6f5e517-10b,,ABSORBIDO,RXV065,REGISTRO_INCOMPLETO,Registro incompleto,NO_CLASIFICADO,EVIDENCIA_INSUFICIENTE_ABSORBIDO,0,2026-09-29T08:14:15.866-03:00,2026-09-29T09:46:06.706-03:00,91.85,0,SL_INGRESO|SL_BALANZA_INGRESO|SL_VOLCABLE|SL_EGRESO,,SI
f2a475eb-645,f2a475eb-645,,ABSORBIDO,BVS300,REGISTRO_INCOMPLETO,Registro incompleto,NO_CLASIFICADO,EVIDENCIA_INSUFICIENTE_ABSORBIDO,0,2026-09-29T08:16:43.317-03:00,2026-09-29T09:56:57.367-03:00,100.23,0,SL_INGRESO|SL_BALANZA_INGRESO|SL_VOLCABLE|SL_EGRESO,,SI
302d5ffa-90b,302d5ffa-90b,,ABSORBIDO,BHL749,R29,Transile externo Soja (Silos → Volcables puerto),NO_CLASIFICADO,EVIDENCIA_INSUFICIENTE_ABSORBIDO,0,2026-09-29T08:21:40.850-03:00,2026-09-29T12:07:09.873-03:00,225.48,0,BALANZA_EGRESO|PREINGRESO|CARGA_S8|BALANZA_EGRESO|CALADA|SL_INGRESO|SL_BALANZA_INGRESO|SL_VOLCABLE|SL_EGRESO,RICARDONE,SI
88b815b6-c46,88b815b6-c46,,ABSORBIDO,LZP122,REGISTRO_INCOMPLETO,Registro incompleto,NO_CLASIFICADO,EVIDENCIA_INSUFICIENTE_ABSORBIDO,0,2026-09-29T08:24:15.101-03:00,2026-09-29T11:32:21.798-03:00,188.11,0,SL_INGRESO|SL_CALADA|SL_BALANZA_INGRESO|SL_LIQUIDO_CARGA|UNKNOWN|SL_CALADA|SL_BALANZA_INGRESO|SL_EGRESO,TERMINAL_EMBARQUE,SI
725d8cae-ed6__cycle_2,725d8cae-ed6,,ABSORBIDO,JDH880,CIRCUITO_SAN_LORENZO,Circuito Ricardone → San Lorenzo,NO_CLASIFICADO,EVIDENCIA_INSUFICIENTE_ABSORBIDO,0,2026-09-29T08:27:29.676-03:00,2026-09-29T08:38:52.709-03:00,11.38,0,PREINGRESO|EGRESO,,SI
87e62e9b-eba,87e62e9b-eba,,ABSORBIDO,CGS172,REGISTRO_INCOMPLETO,Registro incompleto,NO_CLASIFICADO,EVIDENCIA_INSUFICIENTE_ABSORBIDO,0,2026-09-29T08:27:56.714-03:00,2026-09-29T10:03:46.560-03:00,95.83,0,SL_INGRESO|SL_BALANZA_INGRESO|SL_VOLCABLE|SL_EGRESO,,SI
49101e97-652__cycle_2,49101e97-652,,ABSORBIDO,EAR164,SL2,Aceite PTO San Lorenzo (sin S10),NO_CLASIFICADO,EVIDENCIA_INSUFICIENTE_ABSORBIDO,0,2026-09-29T08:31:27.927-03:00,2026-09-29T08:47:27.378-03:00,15.99,0,PREINGRESO|LIQUIDO|EGRESO,TERMINAL_EMBARQUE,SI
c53dca80-121,c53dca80-121,,ABSORBIDO,HAQ820,SL1,Recepción Carga OSL San Lorenzo,NO_CLASIFICADO,EVIDENCIA_INSUFICIENTE_ABSORBIDO,0,2026-09-29T08:32:32.420-03:00,2026-09-29T09:12:14.134-03:00,39.7,0,SL_LIQUIDO_CARGA|SL_EGRESO,TERMINAL_EMBARQUE,SI
537da80a-f74,537da80a-f74,,ABSORBIDO,AA703FC,REGISTRO_INCOMPLETO,Registro incompleto,NO_CLASIFICADO,EVIDENCIA_INSUFICIENTE_ABSORBIDO,0,2026-09-29T08:36:28.026-03:00,2026-09-29T09:14:53.438-03:00,38.42,0,SL_INGRESO|SL_BALANZA_INGRESO|UNKNOWN|SL_EGRESO,TERMINAL_EMBARQUE,SI
4b721a11-db2,4b721a11-db2,,ABSORBIDO,KUH403,REGISTRO_INCOMPLETO,Registro incompleto,NO_CLASIFICADO,EVIDENCIA_INSUFICIENTE_ABSORBIDO,0,2026-09-29T08:39:43.955-03:00,2026-09-29T13:31:06.456-03:00,291.38,0,SL_INGRESO|SL_BALANZA_INGRESO|SL_CALADA|UNKNOWN|SL_CALADA|SL_BALANZA_INGRESO|SL_EGRESO,TERMINAL_EMBARQUE,SI
1defc6a6-3ef,1defc6a6-3ef,,ABSORBIDO,UUL425,R29,Transile externo Soja (Silos → Volcables puerto),NO_CLASIFICADO,EVIDENCIA_INSUFICIENTE_ABSORBIDO,0,2026-09-29T08:41:21.323-03:00,2026-09-29T10:31:05.682-03:00,109.74,0,PREINGRESO|CARGA_S8|BALANZA_EGRESO|CALADA|EGRESO,RICARDONE,SI
1d6f8d1f-bac,1d6f8d1f-bac,,ABSORBIDO,ERH744,R7,Ricardone → San Lorenzo,NO_CLASIFICADO,EVIDENCIA_INSUFICIENTE_ABSORBIDO,0,2026-09-29T08:42:41.206-03:00,2026-09-29T10:17:19.188-03:00,94.63,0,SL_INGRESO|SL_BALANZA_INGRESO|SL_VOLCABLE|SL_EGRESO,TERMINAL_EMBARQUE,SI
6794331d-ae0__cycle_2,6794331d-ae0,,ABSORBIDO,GZI868,SL1,Recepción Carga OSL San Lorenzo,NO_CLASIFICADO,EVIDENCIA_INSUFICIENTE_ABSORBIDO,0,2026-09-29T08:43:47.724-03:00,2026-09-29T11:18:39.987-03:00,154.87,0,SL_INGRESO|SL_BALANZA_INGRESO|SL_LIQUIDO_CARGA,TERMINAL_EMBARQUE,SI
298a85cf-cb8,298a85cf-cb8,,ABSORBIDO,AI381IS,R7,Ricardone → San Lorenzo,NO_CLASIFICADO,EVIDENCIA_INSUFICIENTE_ABSORBIDO,0,2026-09-29T08:44:50.638-03:00,2026-09-29T10:23:52.985-03:00,99.04,0,SL_INGRESO|SL_BALANZA_INGRESO|SL_VOLCABLE|SL_EGRESO,TERMINAL_EMBARQUE,SI
342014f6-c72,342014f6-c72,,ABSORBIDO,VJG112,R29,Transile externo Soja (Silos → Volcables puerto),NO_CLASIFICADO,EVIDENCIA_INSUFICIENTE_ABSORBIDO,0,2026-09-29T08:45:59.730-03:00,2026-09-29T09:40:55.902-03:00,54.94,0,SL_BALANZA_INGRESO|SL_VOLCABLE|SL_EGRESO,RICARDONE,SI
35ce8cb0-39b,35ce8cb0-39b,,ABSORBIDO,JDH880,SL2,Aceite PTO San Lorenzo (sin S10),NO_CLASIFICADO,EVIDENCIA_INSUFICIENTE_ABSORBIDO,0,2026-09-29T08:47:21.204-03:00,2026-09-29T12:59:45.703-03:00,252.41,0,SL_INGRESO|SL_EGRESO,TERMINAL_EMBARQUE,SI
0a2cfacd-256,0a2cfacd-256,,ABSORBIDO,IRK465,CIRCUITO_SAN_LORENZO,Circuito Ricardone → San Lorenzo,NO_CLASIFICADO,EVIDENCIA_INSUFICIENTE_ABSORBIDO,0,2026-09-29T08:49:05.188-03:00,2026-09-29T09:41:30.629-03:00,52.42,0,PREINGRESO|EGRESO,,SI
bbca0554-e17,bbca0554-e17,,ABSORBIDO,MSE565,REGISTRO_INCOMPLETO,Registro incompleto,NO_CLASIFICADO,EVIDENCIA_INSUFICIENTE_ABSORBIDO,0,2026-09-29T08:51:04.472-03:00,2026-09-29T14:37:50.189-03:00,346.76,0,BALANZA_EGRESO|SL_INGRESO|SL_BALANZA_INGRESO|UNKNOWN|SL_EGRESO,TERMINAL_EMBARQUE,SI
c78b23b6-aa6,c78b23b6-aa6,,ABSORBIDO,EBO971,REGISTRO_INCOMPLETO,Registro incompleto,NO_CLASIFICADO,EVIDENCIA_INSUFICIENTE_ABSORBIDO,0,2026-09-29T08:52:08.183-03:00,2026-09-29T10:26:07.799-03:00,93.99,0,SL_INGRESO|SL_BALANZA_INGRESO|SL_VOLCABLE|SL_EGRESO,,SI
9b592a59-12b__cycle_3,9b592a59-12b,,ABSORBIDO,CGV979,CIRCUITO_SAN_LORENZO,Circuito Ricardone → San Lorenzo,NO_CLASIFICADO,EVIDENCIA_INSUFICIENTE_ABSORBIDO,0,2026-09-29T08:56:10.655-03:00,2026-09-29T08:59:10.541-03:00,3,0,PREINGRESO|EGRESO,,SI
01761ce2-480,01761ce2-480,,ABSORBIDO,EAR164,SL2,Aceite PTO San Lorenzo (sin S10),NO_CLASIFICADO,EVIDENCIA_INSUFICIENTE_ABSORBIDO,0,2026-09-29T08:56:49.638-03:00,2026-09-29T13:37:20.405-03:00,280.51,0,SL_INGRESO|UNKNOWN|SL_EGRESO,TERMINAL_EMBARQUE,SI
e9f161e6-517,e9f161e6-517,,ABSORBIDO,GGH085,CIRCUITO_SAN_LORENZO,Circuito Ricardone → San Lorenzo,NO_CLASIFICADO,EVIDENCIA_INSUFICIENTE_ABSORBIDO,0,2026-09-29T08:59:53.068-03:00,2026-09-29T10:16:42.912-03:00,76.83,0,PREINGRESO|CALADA|EGRESO,,SI
bcb80b0d-cd4,bcb80b0d-cd4,,ABSORBIDO,LGZ704,REGISTRO_INCOMPLETO,Registro incompleto,NO_CLASIFICADO,EVIDENCIA_INSUFICIENTE_ABSORBIDO,0,2026-09-29T09:01:15.495-03:00,2026-09-29T11:21:36.730-03:00,140.35,0,SL_INGRESO|SL_CALADA|SL_LIQUIDO_CARGA|SL_EGRESO,RENOPACK,SI
4ebebd5a-5ae,4ebebd5a-5ae,,ABSORBIDO,ECN609,CIRCUITO_SAN_LORENZO,Circuito Ricardone → San Lorenzo,NO_CLASIFICADO,EVIDENCIA_INSUFICIENTE_ABSORBIDO,0,2026-09-29T09:01:29.394-03:00,2026-09-29T10:18:24.679-03:00,76.92,0,PREINGRESO|CALADA|EGRESO,,SI
8c714f69-866,8c714f69-866,,ABSORBIDO,EYH843,REGISTRO_INCOMPLETO,Registro incompleto,NO_CLASIFICADO,EVIDENCIA_INSUFICIENTE_ABSORBIDO,0,2026-09-29T09:03:55.024-03:00,2026-09-29T10:25:43.109-03:00,81.8,0,SL_INGRESO|SL_VOLCABLE|SL_EGRESO,,SI
d2cc9127-880,d2cc9127-880,,ABSORBIDO,AD707QT,CIRCUITO_SAN_LORENZO,Circuito Ricardone → San Lorenzo,NO_CLASIFICADO,EVIDENCIA_INSUFICIENTE_ABSORBIDO,0,2026-09-29T09:04:07.163-03:00,2026-09-29T10:24:17.417-03:00,80.17,0,PREINGRESO|CALADA|EGRESO,,SI
ac7bf7f8-17c,ac7bf7f8-17c,,ABSORBIDO,TVH101,REGISTRO_INCOMPLETO,Registro incompleto,NO_CLASIFICADO,EVIDENCIA_INSUFICIENTE_ABSORBIDO,0,2026-09-29T09:04:44.707-03:00,2026-09-29T10:27:57.603-03:00,83.21,0,SL_INGRESO|SL_VOLCABLE|SL_EGRESO,,SI
7437b61e-768,7437b61e-768,,ABSORBIDO,AE348QX,CIRCUITO_SAN_LORENZO,Circuito Ricardone → San Lorenzo,NO_CLASIFICADO,EVIDENCIA_INSUFICIENTE_ABSORBIDO,0,2026-09-29T09:06:09.170-03:00,2026-09-29T18:02:46.369-03:00,536.62,0,PREINGRESO|CALADA|CALADA|CALADA|EGRESO,,SI
5ffa39bd-546,5ffa39bd-546,,ABSORBIDO,FMK877,REGISTRO_INCOMPLETO,Registro incompleto,NO_CLASIFICADO,EVIDENCIA_INSUFICIENTE_ABSORBIDO,0,2026-09-29T09:06:22.551-03:00,2026-09-29T13:38:04.703-03:00,271.7,0,SL_INGRESO|SL_BALANZA_INGRESO|UNKNOWN|SL_EGRESO,TERMINAL_EMBARQUE,SI
fb3a2a92-acd,fb3a2a92-acd,,ABSORBIDO,CGV979,R29,Transile externo Soja (Silos → Volcables puerto),NO_CLASIFICADO,EVIDENCIA_INSUFICIENTE_ABSORBIDO,0,2026-09-29T09:07:13.998-03:00,2026-09-29T11:37:46.236-03:00,150.54,0,PLAYA|CARGA_S8|BALANZA_EGRESO|CALADA|EGRESO,RICARDONE,SI
6d02a9b5-e0f__cycle_2,6d02a9b5-e0f,,ABSORBIDO,AZG422,CIRCUITO_SAN_LORENZO,Circuito Ricardone → San Lorenzo,NO_CLASIFICADO,EVIDENCIA_INSUFICIENTE_ABSORBIDO,0,2026-09-29T09:07:27.895-03:00,2026-09-29T09:09:35.377-03:00,2.12,0,PREINGRESO|EGRESO,,SI
7a99cc47-1d7,7a99cc47-1d7,,ABSORBIDO,EVL273,REGISTRO_INCOMPLETO,Registro incompleto,NO_CLASIFICADO,EVIDENCIA_INSUFICIENTE_ABSORBIDO,0,2026-09-29T09:08:07.757-03:00,2026-09-29T10:30:23.221-03:00,82.26,0,SL_INGRESO|SL_BALANZA_INGRESO|SL_VOLCABLE|SL_BALANZA_SALIDA|SL_EGRESO,,SI
2b5cfb3d-e2a,2b5cfb3d-e2a,,ABSORBIDO,MWH059,REGISTRO_INCOMPLETO,Registro incompleto,NO_CLASIFICADO,EVIDENCIA_INSUFICIENTE_ABSORBIDO,0,2026-09-29T09:09:26.723-03:00,2026-09-29T12:49:36.396-03:00,220.16,0,SL_INGRESO|SL_CALADA|SL_BALANZA_INGRESO|SL_LIQUIDO_CARGA|SL_EGRESO,RENOPACK,SI
cd99e880-e44,cd99e880-e44,,ABSORBIDO,IZX624,CIRCUITO_SAN_LORENZO,Circuito Ricardone → San Lorenzo,NO_CLASIFICADO,EVIDENCIA_INSUFICIENTE_ABSORBIDO,0,2026-09-29T09:11:15.588-03:00,2026-09-29T10:33:14.970-03:00,81.99,0,PREINGRESO|CALADA|EGRESO,,SI
5c5a4ca4-e0a__cycle_2,5c5a4ca4-e0a,,ABSORBIDO,FAZ585,SL2,Aceite PTO San Lorenzo (sin S10),NO_CLASIFICADO,EVIDENCIA_INSUFICIENTE_ABSORBIDO,0,2026-09-29T09:11:31.632-03:00,2026-09-29T09:51:51.525-03:00,40.33,0,UNKNOWN|SL_EGRESO,TERMINAL_EMBARQUE,SI
bbf1dd99-24e,bbf1dd99-24e,,ABSORBIDO,EEW075,R29,Transile externo Soja (Silos → Volcables puerto),NO_CLASIFICADO,EVIDENCIA_INSUFICIENTE_ABSORBIDO,0,2026-09-29T09:12:18.392-03:00,2026-09-29T11:44:23.619-03:00,152.09,0,PREINGRESO|PLAYA|CARGA_S8|BALANZA_EGRESO|CALADA|EGRESO,RICARDONE,SI
39a8cf03-be5,39a8cf03-be5,,ABSORBIDO,HDK895,CIRCUITO_SAN_LORENZO,Circuito Ricardone → San Lorenzo,NO_CLASIFICADO,EVIDENCIA_INSUFICIENTE_ABSORBIDO,0,2026-09-29T09:12:59.514-03:00,2026-09-29T10:32:39.528-03:00,79.67,0,PREINGRESO|CALADA|EGRESO,,SI
d497789d-c52,d497789d-c52,,ABSORBIDO,AZG422,R29,Transile externo Soja (Silos → Volcables puerto),NO_CLASIFICADO,EVIDENCIA_INSUFICIENTE_ABSORBIDO,0,2026-09-29T09:17:39.320-03:00,2026-09-29T11:38:40.559-03:00,141.02,0,PLAYA|CARGA_S8|BALANZA_EGRESO|CALADA|EGRESO,RICARDONE,SI
5b4b83ff-db7__cycle_1,5b4b83ff-db7,,ABSORBIDO,JOZ498,CIRCUITO_LIQUIDO,Circuito líquido,NO_CLASIFICADO,EVIDENCIA_INSUFICIENTE_ABSORBIDO,0,2026-09-29T09:17:48.331-03:00,2026-09-29T09:22:32.710-03:00,4.74,0,PREINGRESO|LIQUIDO,,SI
6f129beb-1f6,6f129beb-1f6,,ABSORBIDO,RNM392,REGISTRO_INCOMPLETO,Registro incompleto,NO_CLASIFICADO,EVIDENCIA_INSUFICIENTE_ABSORBIDO,0,2026-09-29T09:22:14.606-03:00,2026-09-29T10:45:55.714-03:00,83.69,0,SL_INGRESO|SL_BALANZA_INGRESO|SL_VOLCABLE|SL_EGRESO,,SI
e057a7a7-461__cycle_1,e057a7a7-461,,ABSORBIDO,AA875OG,SL1,Recepción Carga OSL San Lorenzo,NO_CLASIFICADO,EVIDENCIA_INSUFICIENTE_ABSORBIDO,0,2026-09-29T09:23:08.930-03:00,2026-09-29T12:44:57.831-03:00,201.82,0,SL_INGRESO|SL_CALADA|SL_BALANZA_INGRESO|SL_LIQUIDO_CARGA,TERMINAL_EMBARQUE,SI
f2c41c26-872,f2c41c26-872,,ABSORBIDO,GVJ645,SL2,Aceite PTO San Lorenzo (sin S10),NO_CLASIFICADO,EVIDENCIA_INSUFICIENTE_ABSORBIDO,0,2026-09-29T09:23:09.892-03:00,2026-09-29T14:23:47.492-03:00,300.63,0,SL_BALANZA_INGRESO|UNKNOWN|SL_EGRESO,TERMINAL_EMBARQUE,SI
c5913952-23a,c5913952-23a,,ABSORBIDO,POW648,REGISTRO_INCOMPLETO,Registro incompleto,NO_CLASIFICADO,EVIDENCIA_INSUFICIENTE_ABSORBIDO,0,2026-09-29T09:24:00.294-03:00,2026-09-29T17:03:24.708-03:00,459.41,0,SL_INGRESO|SL_CALADA|SL_BALANZA_INGRESO|UNKNOWN|SL_EGRESO,TERMINAL_EMBARQUE,SI
2636655b-20a,2636655b-20a,,ABSORBIDO,RGV982,R29,Transile externo Soja (Silos → Volcables puerto),NO_CLASIFICADO,EVIDENCIA_INSUFICIENTE_ABSORBIDO,0,2026-09-29T09:25:57.317-03:00,2026-09-29T09:31:56.915-03:00,5.99,0,PREINGRESO|EGRESO,RICARDONE,SI
c4aa56fa-fcf,c4aa56fa-fcf,,ABSORBIDO,KXS693,CIRCUITO_SAN_LORENZO,Circuito Ricardone → San Lorenzo,NO_CLASIFICADO,EVIDENCIA_INSUFICIENTE_ABSORBIDO,0,2026-09-29T09:29:30.692-03:00,2026-09-29T10:35:25.855-03:00,65.92,0,PREINGRESO|CALADA|EGRESO,,SI
1189d0c5-9a9,1189d0c5-9a9,,ABSORBIDO,CIE516,R29,Transile externo Soja (Silos → Volcables puerto),NO_CLASIFICADO,EVIDENCIA_INSUFICIENTE_ABSORBIDO,0,2026-09-29T09:31:24.321-03:00,2026-09-29T10:39:34.442-03:00,68.17,0,SL_INGRESO|SL_BALANZA_INGRESO|SL_EGRESO,RICARDONE,SI
9835e785-b0e,9835e785-b0e,,ABSORBIDO,MBT452,CIRCUITO_SAN_LORENZO,Circuito Ricardone → San Lorenzo,NO_CLASIFICADO,EVIDENCIA_INSUFICIENTE_ABSORBIDO,0,2026-09-29T09:33:07.185-03:00,2026-09-29T10:37:40.425-03:00,64.55,0,PREINGRESO|CALADA|EGRESO,,SI
a2a3dc5f-af1,a2a3dc5f-af1,,ABSORBIDO,AC612CX,REGISTRO_INCOMPLETO,Registro incompleto,NO_CLASIFICADO,EVIDENCIA_INSUFICIENTE_ABSORBIDO,0,2026-09-29T09:37:13.379-03:00,2026-09-29T11:18:11.128-03:00,100.96,0,SL_INGRESO|SL_BALANZA_INGRESO|SL_EGRESO,TERMINAL_EMBARQUE,SI
54e02073-67e,54e02073-67e,,ABSORBIDO,RGV982,R29,Transile externo Soja (Silos → Volcables puerto),NO_CLASIFICADO,EVIDENCIA_INSUFICIENTE_ABSORBIDO,0,2026-09-29T09:39:04.651-03:00,2026-09-29T11:57:15.342-03:00,138.18,0,PLAYA|CARGA_S8|BALANZA_EGRESO|CALADA|EGRESO,RICARDONE,SI
bc8e0eb8-c3e,bc8e0eb8-c3e,,ABSORBIDO,RDL445,REGISTRO_INCOMPLETO,Registro incompleto,NO_CLASIFICADO,EVIDENCIA_INSUFICIENTE_ABSORBIDO,0,2026-09-29T09:39:48.030-03:00,2026-09-29T10:49:15.594-03:00,69.46,0,SL_INGRESO|SL_BALANZA_INGRESO|SL_VOLCABLE|SL_EGRESO,,SI
e166358b-c92,e166358b-c92,,ABSORBIDO,TAC436,CIRCUITO_SAN_LORENZO,Circuito Ricardone → San Lorenzo,NO_CLASIFICADO,EVIDENCIA_INSUFICIENTE_ABSORBIDO,0,2026-09-29T09:46:23.711-03:00,2026-09-29T10:15:53.870-03:00,29.5,0,PREINGRESO|EGRESO,,SI
852685da-5c9,852685da-5c9,,ABSORBIDO,UQR036,REGISTRO_INCOMPLETO,Registro incompleto,NO_CLASIFICADO,EVIDENCIA_INSUFICIENTE_ABSORBIDO,0,2026-09-29T09:47:36.295-03:00,2026-09-29T16:18:44.060-03:00,391.13,0,SL_INGRESO|SL_BALANZA_INGRESO|UNKNOWN|SL_EGRESO,TERMINAL_EMBARQUE,SI
42f7b3f5-283__cycle_2,42f7b3f5-283,,ABSORBIDO,CNG506,SL2,Aceite PTO San Lorenzo (sin S10),NO_CLASIFICADO,EVIDENCIA_INSUFICIENTE_ABSORBIDO,0,2026-09-29T09:47:56.326-03:00,2026-09-29T10:51:13.841-03:00,63.29,0,UNKNOWN|SL_EGRESO,TERMINAL_EMBARQUE,SI
a07f0940-b4c__cycle_1,a07f0940-b4c,,ABSORBIDO,GYW157,REGISTRO_INCOMPLETO,Registro incompleto,NO_CLASIFICADO,EVIDENCIA_INSUFICIENTE_ABSORBIDO,0,2026-09-29T09:49:10.942-03:00,2026-09-29T09:51:36.237-03:00,2.42,0,SL_INGRESO|SL_BALANZA_INGRESO,TERMINAL_EMBARQUE,SI
5d243dc3-ed6,5d243dc3-ed6,,ABSORBIDO,GXT382,REGISTRO_INCOMPLETO,Registro incompleto,NO_CLASIFICADO,EVIDENCIA_INSUFICIENTE_ABSORBIDO,0,2026-09-29T09:50:03.665-03:00,2026-09-29T16:19:36.681-03:00,389.55,0,SL_INGRESO|SL_BALANZA_INGRESO|UNKNOWN|SL_EGRESO,TERMINAL_EMBARQUE,SI
e6d5758b-1c2__cycle_1,e6d5758b-1c2,,ABSORBIDO,IRK465,REGISTRO_INCOMPLETO,Registro incompleto,NO_CLASIFICADO,EVIDENCIA_INSUFICIENTE_ABSORBIDO,0,2026-09-29T09:52:05.993-03:00,2026-09-29T09:56:18.529-03:00,4.21,0,SL_INGRESO|SL_BALANZA_INGRESO,,SI
1f976994-4e9__cycle_2,1f976994-4e9,,ABSORBIDO,UYM942,CIRCUITO_SAN_LORENZO,Circuito Ricardone → San Lorenzo,NO_CLASIFICADO,EVIDENCIA_INSUFICIENTE_ABSORBIDO,0,2026-09-29T09:52:25.010-03:00,2026-09-29T10:14:50.745-03:00,22.43,0,PREINGRESO|EGRESO,,SI
3a36b088-9c9,3a36b088-9c9,,ABSORBIDO,VJG112,R29,Transile externo Soja (Silos → Volcables puerto),NO_CLASIFICADO,EVIDENCIA_INSUFICIENTE_ABSORBIDO,0,2026-09-29T09:53:42.214-03:00,2026-09-29T10:17:54.916-03:00,24.21,0,PREINGRESO|EGRESO,RICARDONE,SI
a28745bc-872,a28745bc-872,,ABSORBIDO,CSB958,SL2,Aceite PTO San Lorenzo (sin S10),NO_CLASIFICADO,EVIDENCIA_INSUFICIENTE_ABSORBIDO,0,2026-09-29T09:53:50.559-03:00,2026-09-29T15:00:57.823-03:00,307.12,0,SL_INGRESO|SL_BALANZA_INGRESO|UNKNOWN|SL_EGRESO,TERMINAL_EMBARQUE,SI
bd5e1312-455,bd5e1312-455,,ABSORBIDO,EVD342,SL1,Recepción Carga OSL San Lorenzo,NO_CLASIFICADO,EVIDENCIA_INSUFICIENTE_ABSORBIDO,0,2026-09-29T09:59:02.655-03:00,2026-09-29T13:54:45.423-03:00,235.71,0,SL_INGRESO|SL_CALADA|SL_BALANZA_INGRESO|UNKNOWN|SL_LIQUIDO_CARGA|SL_EGRESO,TERMINAL_EMBARQUE,SI
3a77b534-e70,3a77b534-e70,,ABSORBIDO,SCG152,SL1,Recepción Carga OSL San Lorenzo,NO_CLASIFICADO,EVIDENCIA_INSUFICIENTE_ABSORBIDO,0,2026-09-29T10:00:04.259-03:00,2026-09-29T14:49:46.395-03:00,289.7,0,SL_INGRESO|SL_CALADA|SL_BALANZA_INGRESO|UNKNOWN|SL_LIQUIDO_CARGA|SL_EGRESO,TERMINAL_EMBARQUE,SI
e2d51401-48f,e2d51401-48f,,ABSORBIDO,UPC676,CIRCUITO_SAN_LORENZO,Circuito Ricardone → San Lorenzo,NO_CLASIFICADO,EVIDENCIA_INSUFICIENTE_ABSORBIDO,0,2026-09-29T10:05:28.018-03:00,2026-09-29T13:32:29.860-03:00,207.03,0,PREINGRESO|CALADA|EGRESO,,SI
26710506-c3a,26710506-c3a,,ABSORBIDO,KWO040,SL1,Recepción Carga OSL San Lorenzo,NO_CLASIFICADO,EVIDENCIA_INSUFICIENTE_ABSORBIDO,0,2026-09-29T10:08:51.412-03:00,2026-09-29T15:49:59.971-03:00,341.14,0,SL_INGRESO|SL_CALADA|SL_BALANZA_INGRESO|UNKNOWN|SL_LIQUIDO_CARGA|SL_EGRESO,TERMINAL_EMBARQUE,SI
59aa9757-ec9,59aa9757-ec9,,ABSORBIDO,CGS172,CIRCUITO_SAN_LORENZO,Circuito Ricardone → San Lorenzo,NO_CLASIFICADO,EVIDENCIA_INSUFICIENTE_ABSORBIDO,0,2026-09-29T10:14:32.129-03:00,2026-09-29T10:34:47.535-03:00,20.26,0,PREINGRESO|EGRESO,,SI
cfcc02de-1ff,cfcc02de-1ff,,ABSORBIDO,SZG666,SL1,Recepción Carga OSL San Lorenzo,NO_CLASIFICADO,EVIDENCIA_INSUFICIENTE_ABSORBIDO,0,2026-09-29T10:18:09.202-03:00,2026-09-29T11:29:52.496-03:00,71.72,0,SL_INGRESO|SL_BALANZA_INGRESO|UNKNOWN|SL_EGRESO,TERMINAL_EMBARQUE,SI
01448544-02e,01448544-02e,,ABSORBIDO,UYM942,R29,Transile externo Soja (Silos → Volcables puerto),NO_CLASIFICADO,EVIDENCIA_INSUFICIENTE_ABSORBIDO,0,2026-09-29T10:23:05.366-03:00,2026-09-29T12:15:30.950-03:00,112.43,0,PLAYA|CARGA_S8|CALADA|EGRESO,RICARDONE,SI
d041113c-fbf,d041113c-fbf,,ABSORBIDO,TAC436,R29,Transile externo Soja (Silos → Volcables puerto),NO_CLASIFICADO,EVIDENCIA_INSUFICIENTE_ABSORBIDO,0,2026-09-29T10:24:10.697-03:00,2026-09-29T12:00:24.553-03:00,96.23,0,PLAYA|CARGA_S8|BALANZA_EGRESO|CALADA|EGRESO,RICARDONE,SI
3fe30f2e-218__cycle_1,3fe30f2e-218,,ABSORBIDO,RAW481,R29,Transile externo Soja (Silos → Volcables puerto),NO_CLASIFICADO,EVIDENCIA_INSUFICIENTE_ABSORBIDO,0,2026-09-29T10:26:08.750-03:00,2026-09-29T10:28:45.050-03:00,2.61,0,SL_INGRESO|SL_BALANZA_INGRESO,RICARDONE,SI
615bbb3d-566,615bbb3d-566,,ABSORBIDO,FDH917,REGISTRO_INCOMPLETO,Registro incompleto,NO_CLASIFICADO,EVIDENCIA_INSUFICIENTE_ABSORBIDO,0,2026-09-29T10:26:46.433-03:00,2026-09-29T10:55:26.502-03:00,28.67,0,SL_INGRESO|SL_BALANZA_INGRESO|SL_VOLCABLE|SL_BALANZA_SALIDA|SL_EGRESO,,SI
9215a637-ccd,9215a637-ccd,,ABSORBIDO,VJG112,R29,Transile externo Soja (Silos → Volcables puerto),NO_CLASIFICADO,EVIDENCIA_INSUFICIENTE_ABSORBIDO,0,2026-09-29T10:28:23.038-03:00,2026-09-29T12:24:03.380-03:00,115.67,0,PLAYA|CALADA|EGRESO,RICARDONE,SI
34481f11-90c,34481f11-90c,,ABSORBIDO,BWV144,REGISTRO_INCOMPLETO,Registro incompleto,NO_CLASIFICADO,EVIDENCIA_INSUFICIENTE_ABSORBIDO,0,2026-09-29T10:33:30.138-03:00,2026-09-29T11:51:17.332-03:00,77.79,0,SL_INGRESO|SL_BALANZA_INGRESO|SL_VOLCABLE|SL_EGRESO,,SI
52efc5d4-f20,52efc5d4-f20,,ABSORBIDO,NCC344,R7,Ricardone → San Lorenzo,NO_CLASIFICADO,EVIDENCIA_INSUFICIENTE_ABSORBIDO,0,2026-09-29T10:35:23.104-03:00,2026-09-29T12:08:08.296-03:00,92.75,0,SL_INGRESO|SL_BALANZA_INGRESO|SL_VOLCABLE|SL_EGRESO,TERMINAL_EMBARQUE,SI
52e3e4c3-dbf,52e3e4c3-dbf,,ABSORBIDO,EBO971,CIRCUITO_SAN_LORENZO,Circuito Ricardone → San Lorenzo,NO_CLASIFICADO,EVIDENCIA_INSUFICIENTE_ABSORBIDO,0,2026-09-29T10:37:39.537-03:00,2026-09-29T12:27:09.232-03:00,109.49,0,PREINGRESO|EGRESO,,SI
844be6c6-8ce,844be6c6-8ce,,ABSORBIDO,AE772ID,R7,Ricardone → San Lorenzo,NO_CLASIFICADO,EVIDENCIA_INSUFICIENTE_ABSORBIDO,0,2026-09-29T10:38:11.514-03:00,2026-09-29T12:11:21.733-03:00,93.17,0,SL_INGRESO|SL_BALANZA_INGRESO|SL_VOLCABLE|SL_EGRESO,TERMINAL_EMBARQUE,SI
7d32976a-055,7d32976a-055,,ABSORBIDO,TVH101,CIRCUITO_SAN_LORENZO,Circuito Ricardone → San Lorenzo,NO_CLASIFICADO,EVIDENCIA_INSUFICIENTE_ABSORBIDO,0,2026-09-29T10:39:23.064-03:00,2026-09-29T12:33:09.412-03:00,113.77,0,PREINGRESO|EGRESO,,SI
e9cdee86-115,e9cdee86-115,,ABSORBIDO,FUR008,R7,Ricardone → San Lorenzo,NO_CLASIFICADO,EVIDENCIA_INSUFICIENTE_ABSORBIDO,0,2026-09-29T10:40:04.321-03:00,2026-09-29T12:19:47.656-03:00,99.72,0,SL_INGRESO|SL_BALANZA_INGRESO|SL_VOLCABLE|SL_EGRESO,TERMINAL_EMBARQUE,SI
fb55bc32-954,fb55bc32-954,,ABSORBIDO,UUL425,R29,Transile externo Soja (Silos → Volcables puerto),NO_CLASIFICADO,EVIDENCIA_INSUFICIENTE_ABSORBIDO,0,2026-09-29T10:40:36.481-03:00,2026-09-29T12:37:41.525-03:00,117.08,0,SL_INGRESO|SL_BALANZA_INGRESO|SL_VOLCABLE|SL_EGRESO,RICARDONE,SI
259183ee-168,259183ee-168,,ABSORBIDO,EVL273,CIRCUITO_SAN_LORENZO,Circuito Ricardone → San Lorenzo,NO_CLASIFICADO,EVIDENCIA_INSUFICIENTE_ABSORBIDO,0,2026-09-29T10:40:48.828-03:00,2026-09-29T12:30:25.003-03:00,109.6,0,PREINGRESO|EGRESO,,SI
18391e51-92b,18391e51-92b,,ABSORBIDO,AA703FC,REGISTRO_INCOMPLETO,Registro incompleto,NO_CLASIFICADO,EVIDENCIA_INSUFICIENTE_ABSORBIDO,0,2026-09-29T10:41:14.483-03:00,2026-09-29T11:50:04.703-03:00,68.84,0,SL_INGRESO|SL_BALANZA_INGRESO|UNKNOWN|SL_EGRESO,TERMINAL_EMBARQUE,SI
a686b6b3-bf8__cycle_2,a686b6b3-bf8,,ABSORBIDO,AI309IA,SL2,Aceite PTO San Lorenzo (sin S10),NO_CLASIFICADO,EVIDENCIA_INSUFICIENTE_ABSORBIDO,0,2026-09-29T10:43:27.560-03:00,2026-09-29T11:38:42.670-03:00,55.25,0,UNKNOWN|SL_EGRESO,TERMINAL_EMBARQUE,SI
04d99e8c-8b9,04d99e8c-8b9,,ABSORBIDO,CGS172,R29,Transile externo Soja (Silos → Volcables puerto),NO_CLASIFICADO,EVIDENCIA_INSUFICIENTE_ABSORBIDO,0,2026-09-29T10:45:26.956-03:00,2026-09-29T12:51:21.076-03:00,125.9,0,PLAYA|CARGA_S8|BALANZA_EGRESO|CALADA|EGRESO,RICARDONE,SI
95889a67-66d,95889a67-66d,,ABSORBIDO,EYH843,CIRCUITO_SAN_LORENZO,Circuito Ricardone → San Lorenzo,NO_CLASIFICADO,EVIDENCIA_INSUFICIENTE_ABSORBIDO,0,2026-09-29T10:52:00.868-03:00,2026-09-29T12:28:47.797-03:00,96.78,0,PREINGRESO|EGRESO,,SI
4c160965-7f9,4c160965-7f9,,ABSORBIDO,LAU467,REGISTRO_INCOMPLETO,Registro incompleto,NO_CLASIFICADO,EVIDENCIA_INSUFICIENTE_ABSORBIDO,0,2026-09-29T10:52:07.963-03:00,2026-09-29T14:35:56.303-03:00,223.81,0,SL_INGRESO|SL_BALANZA_INGRESO|SL_EGRESO,TERMINAL_EMBARQUE,SI
e1e5f0c5-83b,e1e5f0c5-83b,,ABSORBIDO,MOF325,CIRCUITO_SAN_LORENZO,Circuito Ricardone → San Lorenzo,NO_CLASIFICADO,EVIDENCIA_INSUFICIENTE_ABSORBIDO,0,2026-09-29T10:53:23.672-03:00,2026-09-29T13:20:06.857-03:00,146.72,0,PREINGRESO|CALADA|EGRESO,,SI
4c946078-1c5,4c946078-1c5,,ABSORBIDO,SAT582,REGISTRO_INCOMPLETO,Registro incompleto,NO_CLASIFICADO,EVIDENCIA_INSUFICIENTE_ABSORBIDO,0,2026-09-29T10:55:07.014-03:00,2026-09-29T14:00:28.240-03:00,185.35,0,SL_INGRESO|SL_BALANZA_INGRESO|SL_EGRESO,,SI
dd293f2e-6fd,dd293f2e-6fd,,ABSORBIDO,AB586YG,REGISTRO_INCOMPLETO,Registro incompleto,NO_CLASIFICADO,EVIDENCIA_INSUFICIENTE_ABSORBIDO,0,2026-09-29T10:55:59.977-03:00,2026-09-29T12:35:19.308-03:00,99.32,0,SL_INGRESO|SL_BALANZA_INGRESO|SL_EGRESO,TERMINAL_EMBARQUE,SI
25dd09d6-6f0,25dd09d6-6f0,,ABSORBIDO,CIE516,R29,Transile externo Soja (Silos → Volcables puerto),NO_CLASIFICADO,EVIDENCIA_INSUFICIENTE_ABSORBIDO,0,2026-09-29T10:58:00.966-03:00,2026-09-29T12:27:48.434-03:00,89.79,0,PREINGRESO|EGRESO,RICARDONE,SI
90ef487a-d17,90ef487a-d17,,ABSORBIDO,RDL445,CIRCUITO_SAN_LORENZO,Circuito Ricardone → San Lorenzo,NO_CLASIFICADO,EVIDENCIA_INSUFICIENTE_ABSORBIDO,0,2026-09-29T10:59:50.252-03:00,2026-09-29T12:22:59.776-03:00,83.16,0,PREINGRESO|EGRESO,,SI
14a5a308-459,14a5a308-459,,ABSORBIDO,EPH797,REGISTRO_INCOMPLETO,Registro incompleto,NO_CLASIFICADO,EVIDENCIA_INSUFICIENTE_ABSORBIDO,0,2026-09-29T11:18:42.934-03:00,2026-09-29T11:51:36.179-03:00,32.89,0,SL_INGRESO|SL_BALANZA_INGRESO|UNKNOWN|SL_EGRESO,TERMINAL_EMBARQUE,SI
3d7c2ead-26b,3d7c2ead-26b,,ABSORBIDO,JUP399,CIRCUITO_LIQUIDO,Circuito líquido,NO_CLASIFICADO,EVIDENCIA_INSUFICIENTE_ABSORBIDO,0,2026-09-29T11:24:19.138-03:00,2026-09-29T11:37:06.953-03:00,12.8,0,PREINGRESO|LIQUIDO|EGRESO,,SI
83af268d-f5c__cycle_2,83af268d-f5c,,ABSORBIDO,CQD587,R7,Ricardone → San Lorenzo,NO_CLASIFICADO,EVIDENCIA_INSUFICIENTE_ABSORBIDO,0,2026-09-29T11:26:32.634-03:00,2026-09-29T11:55:40.837-03:00,29.14,0,SL_BALANZA_INGRESO|SL_VOLCABLE|SL_EGRESO,TERMINAL_EMBARQUE,SI
288dea00-5c3,288dea00-5c3,,ABSORBIDO,DFP716,REGISTRO_INCOMPLETO,Registro incompleto,NO_CLASIFICADO,EVIDENCIA_INSUFICIENTE_ABSORBIDO,0,2026-09-29T11:32:10.024-03:00,2026-09-29T12:33:36.667-03:00,61.44,0,SL_INGRESO|SL_BALANZA_INGRESO|SL_VOLCABLE|SL_EGRESO,,SI
afcc3022-75a__cycle_2,afcc3022-75a,,ABSORBIDO,FOZ297,SL2,Aceite PTO San Lorenzo (sin S10),NO_CLASIFICADO,EVIDENCIA_INSUFICIENTE_ABSORBIDO,0,2026-09-29T11:32:28.108-03:00,2026-09-29T12:22:46.647-03:00,50.31,0,UNKNOWN|SL_EGRESO,TERMINAL_EMBARQUE,SI
cfa1cb0b-62f,cfa1cb0b-62f,,ABSORBIDO,EGV380,SL1,Recepción Carga OSL San Lorenzo,NO_CLASIFICADO,EVIDENCIA_INSUFICIENTE_ABSORBIDO,0,2026-09-29T11:37:43.562-03:00,2026-09-29T16:20:10.535-03:00,282.45,0,SL_INGRESO|SL_CALADA|SL_BALANZA_INGRESO|SL_LIQUIDO_CARGA|SL_EGRESO,TERMINAL_EMBARQUE,SI
f809238e-d50,f809238e-d50,,ABSORBIDO,UAJ766,REGISTRO_INCOMPLETO,Registro incompleto,NO_CLASIFICADO,EVIDENCIA_INSUFICIENTE_ABSORBIDO,0,2026-09-29T11:39:45.170-03:00,2026-09-29T12:26:53.026-03:00,47.13,0,SL_INGRESO|SL_BALANZA_INGRESO|SL_EGRESO,RICARDONE,SI
ee3c172f-99f__cycle_3,ee3c172f-99f,,ABSORBIDO,FLF111,CIRCUITO_LIQUIDO,Circuito líquido,NO_CLASIFICADO,EVIDENCIA_INSUFICIENTE_ABSORBIDO,0,2026-09-29T11:43:46.968-03:00,2026-09-29T12:00:52.477-03:00,17.09,0,PREINGRESO|LIQUIDO|EGRESO,,SI
639f68bf-dfa,639f68bf-dfa,,ABSORBIDO,ESI808,CIRCUITO_SAN_LORENZO,Circuito Ricardone → San Lorenzo,NO_CLASIFICADO,EVIDENCIA_INSUFICIENTE_ABSORBIDO,0,2026-09-29T11:47:04.900-03:00,2026-09-29T13:35:23.550-03:00,108.31,0,PREINGRESO|CALADA|EGRESO,,SI
de67fcd4-976,de67fcd4-976,,ABSORBIDO,JUP399,SL2,Aceite PTO San Lorenzo (sin S10),NO_CLASIFICADO,EVIDENCIA_INSUFICIENTE_ABSORBIDO,0,2026-09-29T11:48:20.159-03:00,2026-09-29T15:44:35.841-03:00,236.26,0,SL_INGRESO|SL_CALADA|SL_BALANZA_INGRESO|UNKNOWN|SL_EGRESO,TERMINAL_EMBARQUE,SI
68ce0b6a-72c,68ce0b6a-72c,,ABSORBIDO,CGV979,REGISTRO_INCOMPLETO,Registro incompleto,NO_CLASIFICADO,EVIDENCIA_INSUFICIENTE_ABSORBIDO,0,2026-09-29T11:49:47.523-03:00,2026-09-29T12:39:00.037-03:00,49.21,0,SL_INGRESO|SL_BALANZA_INGRESO|SL_VOLCABLE|SL_EGRESO,,SI
6ede8c01-a8f,6ede8c01-a8f,,ABSORBIDO,AZG422,REGISTRO_INCOMPLETO,Registro incompleto,NO_CLASIFICADO,EVIDENCIA_INSUFICIENTE_ABSORBIDO,0,2026-09-29T11:50:38.646-03:00,2026-09-29T12:41:37.379-03:00,50.98,0,SL_INGRESO|SL_BALANZA_INGRESO|SL_VOLCABLE|SL_EGRESO,,SI
b465a8ea-823,b465a8ea-823,,ABSORBIDO,EEW075,REGISTRO_INCOMPLETO,Registro incompleto,NO_CLASIFICADO,EVIDENCIA_INSUFICIENTE_ABSORBIDO,0,2026-09-29T11:51:46.492-03:00,2026-09-29T12:46:39.580-03:00,54.88,0,SL_INGRESO|SL_BALANZA_INGRESO|SL_VOLCABLE|SL_EGRESO,,SI
0844a37f-c2c,0844a37f-c2c,,ABSORBIDO,JFB793,REGISTRO_INCOMPLETO,Registro incompleto,NO_CLASIFICADO,EVIDENCIA_INSUFICIENTE_ABSORBIDO,0,2026-09-29T11:54:50.016-03:00,2026-09-29T12:27:17.836-03:00,32.46,0,SL_INGRESO|SL_BALANZA_INGRESO|SL_EGRESO,TERMINAL_EMBARQUE,SI
55fa5054-0b1,55fa5054-0b1,,ABSORBIDO,EAO104,REGISTRO_INCOMPLETO,Registro incompleto,NO_CLASIFICADO,EVIDENCIA_INSUFICIENTE_ABSORBIDO,0,2026-09-29T12:09:45.617-03:00,2026-09-29T14:20:29.853-03:00,130.74,0,SL_INGRESO|SL_CALADA|SL_BALANZA_INGRESO|SL_LIQUIDO_CARGA|SL_EGRESO,RENOPACK,SI
c35f74d8-609,c35f74d8-609,,ABSORBIDO,RGV982,REGISTRO_INCOMPLETO,Registro incompleto,NO_CLASIFICADO,EVIDENCIA_INSUFICIENTE_ABSORBIDO,0,2026-09-29T12:11:11.944-03:00,2026-09-29T12:57:45.456-03:00,46.56,0,SL_INGRESO|SL_BALANZA_INGRESO|SL_VOLCABLE|SL_BALANZA_SALIDA|SL_EGRESO,,SI
fd30f10c-ce3,fd30f10c-ce3,,ABSORBIDO,TAC436,REGISTRO_INCOMPLETO,Registro incompleto,NO_CLASIFICADO,EVIDENCIA_INSUFICIENTE_ABSORBIDO,0,2026-09-29T12:12:32.269-03:00,2026-09-29T13:00:10.274-03:00,47.63,0,SL_INGRESO|SL_BALANZA_INGRESO|SL_VOLCABLE|SL_EGRESO,,SI
642bc634-c12,642bc634-c12,,ABSORBIDO,FLF111,SL2,Aceite PTO San Lorenzo (sin S10),NO_CLASIFICADO,EVIDENCIA_INSUFICIENTE_ABSORBIDO,0,2026-09-29T12:13:13.953-03:00,2026-09-29T16:27:01.099-03:00,253.79,0,SL_INGRESO|SL_CALADA|SL_BALANZA_INGRESO|UNKNOWN|SL_EGRESO,TERMINAL_EMBARQUE,SI
f43918e2-2f5,f43918e2-2f5,,ABSORBIDO,RUK692,REGISTRO_INCOMPLETO,Registro incompleto,NO_CLASIFICADO,EVIDENCIA_INSUFICIENTE_ABSORBIDO,0,2026-09-29T12:20:50.536-03:00,2026-09-29T13:30:32.322-03:00,69.7,0,SL_INGRESO|SL_BALANZA_INGRESO|UNKNOWN|SL_EGRESO,TERMINAL_EMBARQUE,SI
6a412683-405,6a412683-405,,ABSORBIDO,KWN857,REGISTRO_INCOMPLETO,Registro incompleto,NO_CLASIFICADO,EVIDENCIA_INSUFICIENTE_ABSORBIDO,0,2026-09-29T12:23:07.186-03:00,2026-09-29T16:46:09.534-03:00,263.04,0,SL_INGRESO|SL_BALANZA_INGRESO|UNKNOWN|SL_CALADA|SL_BALANZA_INGRESO|SL_EGRESO,TERMINAL_EMBARQUE,SI
87d269c8-cdb,87d269c8-cdb,,ABSORBIDO,UYM942,REGISTRO_INCOMPLETO,Registro incompleto,NO_CLASIFICADO,EVIDENCIA_INSUFICIENTE_ABSORBIDO,0,2026-09-29T12:27:05.359-03:00,2026-09-29T13:06:53.435-03:00,39.8,0,SL_INGRESO|SL_BALANZA_INGRESO|SL_VOLCABLE|SL_EGRESO,,SI
a7025acb-cf4,a7025acb-cf4,,ABSORBIDO,UAJ766,REGISTRO_INCOMPLETO,Registro incompleto,NO_CLASIFICADO,EVIDENCIA_INSUFICIENTE_ABSORBIDO,0,2026-09-29T12:29:45.530-03:00,2026-09-29T13:23:56.764-03:00,54.19,0,SL_INGRESO|SL_BALANZA_INGRESO|UNKNOWN|SL_EGRESO,TERMINAL_EMBARQUE,SI
525f7b82-c93,525f7b82-c93,,ABSORBIDO,BVS300,CIRCUITO_SAN_LORENZO,Circuito Ricardone → San Lorenzo,NO_CLASIFICADO,EVIDENCIA_INSUFICIENTE_ABSORBIDO,0,2026-09-29T12:34:46.427-03:00,2026-09-29T12:52:02.518-03:00,17.27,0,PREINGRESO|EGRESO,,SI
2bcd19dc-cb8,2bcd19dc-cb8,,ABSORBIDO,RKM634,REGISTRO_INCOMPLETO,Registro incompleto,NO_CLASIFICADO,EVIDENCIA_INSUFICIENTE_ABSORBIDO,0,2026-09-29T12:44:22.862-03:00,2026-09-29T13:14:30.297-03:00,30.12,0,SL_INGRESO|SL_BALANZA_INGRESO|SL_EGRESO,TERMINAL_EMBARQUE,SI
59a3ce01-9be,59a3ce01-9be,,ABSORBIDO,KQO037,REGISTRO_INCOMPLETO,Registro incompleto,NO_CLASIFICADO,EVIDENCIA_INSUFICIENTE_ABSORBIDO,0,2026-09-29T12:45:32.973-03:00,2026-09-29T14:46:56.818-03:00,121.4,0,BALANZA_EGRESO|SL_EGRESO,RICARDONE,SI
7c0ad0b1-687,7c0ad0b1-687,,ABSORBIDO,AB675DP,REGISTRO_INCOMPLETO,Registro incompleto,NO_CLASIFICADO,EVIDENCIA_INSUFICIENTE_ABSORBIDO,0,2026-09-29T12:47:38.630-03:00,2026-09-29T14:52:11.453-03:00,124.55,0,SL_INGRESO|SL_CALADA|SL_BALANZA_INGRESO|UNKNOWN|SL_CALADA|SL_BALANZA_INGRESO|SL_EGRESO,TERMINAL_EMBARQUE,SI
92b632a4-122,92b632a4-122,,ABSORBIDO,AA703FC,REGISTRO_INCOMPLETO,Registro incompleto,NO_CLASIFICADO,EVIDENCIA_INSUFICIENTE_ABSORBIDO,0,2026-09-29T12:49:30.237-03:00,2026-09-29T15:03:44.650-03:00,134.24,0,SL_INGRESO|SL_BALANZA_INGRESO|UNKNOWN|SL_EGRESO,TERMINAL_EMBARQUE,SI
8018a448-ccc,8018a448-ccc,,ABSORBIDO,AI072HH,REGISTRO_INCOMPLETO,Registro incompleto,NO_CLASIFICADO,EVIDENCIA_INSUFICIENTE_ABSORBIDO,0,2026-09-29T12:52:12.646-03:00,2026-09-29T16:10:10.855-03:00,197.97,0,SL_INGRESO|SL_BALANZA_INGRESO|SL_BALANZA_SALIDA|SL_EGRESO,TERMINAL_EMBARQUE,SI
ae04597e-27f,ae04597e-27f,,ABSORBIDO,WGG348,SL1,Recepción Carga OSL San Lorenzo,NO_CLASIFICADO,EVIDENCIA_INSUFICIENTE_ABSORBIDO,0,2026-09-29T12:54:09.054-03:00,2026-09-29T17:56:29.958-03:00,302.35,0,SL_INGRESO|SL_CALADA|SL_BALANZA_INGRESO|UNKNOWN|SL_LIQUIDO_CARGA|SL_EGRESO,TERMINAL_EMBARQUE,SI
86d7dc54-647__cycle_2,86d7dc54-647,,ABSORBIDO,VCK738,REGISTRO_INCOMPLETO,Registro incompleto,NO_CLASIFICADO,EVIDENCIA_INSUFICIENTE_ABSORBIDO,0,2026-09-29T12:54:37.297-03:00,2026-09-29T14:23:21.601-03:00,88.74,0,SL_INGRESO|SL_BALANZA_INGRESO|UNKNOWN|SL_EGRESO,TERMINAL_EMBARQUE,SI
a1ec9100-d09,a1ec9100-d09,,ABSORBIDO,EVL273,R29,Transile externo Soja (Silos → Volcables puerto),NO_CLASIFICADO,EVIDENCIA_INSUFICIENTE_ABSORBIDO,0,2026-09-29T12:58:15.778-03:00,2026-09-29T14:48:18.760-03:00,110.05,0,PLAYA|CARGA_S8|BALANZA_EGRESO|CALADA|SL_INGRESO|SL_BALANZA_INGRESO|SL_VOLCABLE|SL_EGRESO,RICARDONE,SI
395a4740-cf5,395a4740-cf5,,ABSORBIDO,LGZ704,SL1,Recepción Carga OSL San Lorenzo,NO_CLASIFICADO,EVIDENCIA_INSUFICIENTE_ABSORBIDO,0,2026-09-29T12:59:23.954-03:00,2026-09-29T15:16:40.880-03:00,137.28,0,SL_INGRESO|SL_CALADA|SL_BALANZA_INGRESO|SL_EGRESO,TERMINAL_EMBARQUE,SI
e2d3a602-83e,e2d3a602-83e,,ABSORBIDO,CGS172,REGISTRO_INCOMPLETO,Registro incompleto,NO_CLASIFICADO,EVIDENCIA_INSUFICIENTE_ABSORBIDO,0,2026-09-29T13:01:01.160-03:00,2026-09-29T13:50:07.312-03:00,49.1,0,SL_INGRESO|SL_BALANZA_INGRESO|SL_VOLCABLE|SL_EGRESO,,SI
9aaf33d0-241,9aaf33d0-241,,ABSORBIDO,MRM512,SL1,Recepción Carga OSL San Lorenzo,NO_CLASIFICADO,EVIDENCIA_INSUFICIENTE_ABSORBIDO,0,2026-09-29T13:08:28.465-03:00,2026-09-29T18:31:39.802-03:00,323.19,0,SL_INGRESO|SL_CALADA|SL_BALANZA_INGRESO|UNKNOWN|SL_LIQUIDO_CARGA|SL_EGRESO,TERMINAL_EMBARQUE,SI
0dae1ce2-95d,0dae1ce2-95d,,ABSORBIDO,CGV979,CIRCUITO_SAN_LORENZO,Circuito Ricardone → San Lorenzo,NO_CLASIFICADO,EVIDENCIA_INSUFICIENTE_ABSORBIDO,0,2026-09-29T13:15:07.846-03:00,2026-09-29T13:18:15.171-03:00,3.12,0,PREINGRESO|EGRESO,,SI
e76b8ab7-51f,e76b8ab7-51f,,ABSORBIDO,KTH930,SL1,Recepción Carga OSL San Lorenzo,NO_CLASIFICADO,EVIDENCIA_INSUFICIENTE_ABSORBIDO,0,2026-09-29T13:22:52.674-03:00,2026-09-29T14:00:57.332-03:00,38.08,0,SL_INGRESO|SL_BALANZA_INGRESO|SL_EGRESO,TERMINAL_EMBARQUE,SI
49af2e5f-71d,49af2e5f-71d,,ABSORBIDO,KJR424,REGISTRO_INCOMPLETO,Registro incompleto,NO_CLASIFICADO,EVIDENCIA_INSUFICIENTE_ABSORBIDO,0,2026-09-29T13:26:23.327-03:00,2026-09-29T14:52:40.024-03:00,86.28,0,SL_INGRESO|SL_BALANZA_INGRESO|SL_EGRESO,TERMINAL_EMBARQUE,SI
acac6132-5d4,acac6132-5d4,,ABSORBIDO,AH019OV,R7,Ricardone → San Lorenzo,NO_CLASIFICADO,EVIDENCIA_INSUFICIENTE_ABSORBIDO,0,2026-09-29T13:28:21.334-03:00,2026-09-29T14:03:31.634-03:00,35.17,0,SL_INGRESO|SL_CALADA|SL_BALANZA_INGRESO|SL_VOLCABLE|SL_EGRESO,TERMINAL_EMBARQUE,SI
d538843f-84a,d538843f-84a,,ABSORBIDO,MOF325,R7,Ricardone → San Lorenzo,NO_CLASIFICADO,EVIDENCIA_INSUFICIENTE_ABSORBIDO,0,2026-09-29T13:30:41.023-03:00,2026-09-29T13:51:46.432-03:00,21.09,0,SL_INGRESO|SL_BALANZA_INGRESO|SL_VOLCABLE|SL_EGRESO,TERMINAL_EMBARQUE,SI
101f676d-8db,101f676d-8db,,ABSORBIDO,GVN053,R7,Ricardone → San Lorenzo,NO_CLASIFICADO,EVIDENCIA_INSUFICIENTE_ABSORBIDO,0,2026-09-29T13:37:40.247-03:00,2026-09-29T14:47:21.737-03:00,69.69,0,SL_INGRESO|SL_BALANZA_INGRESO|SL_VOLCABLE|SL_EGRESO,TERMINAL_EMBARQUE,SI
7db25c9a-9ec,7db25c9a-9ec,,ABSORBIDO,HKI697,R7,Ricardone → San Lorenzo,NO_CLASIFICADO,EVIDENCIA_INSUFICIENTE_ABSORBIDO,0,2026-09-29T13:39:42.255-03:00,2026-09-29T14:12:23.498-03:00,32.69,0,SL_INGRESO|SL_BALANZA_INGRESO|SL_VOLCABLE|SL_EGRESO,TERMINAL_EMBARQUE,SI
377cdf59-ca4,377cdf59-ca4,,ABSORBIDO,LPH029,R7,Ricardone → San Lorenzo,NO_CLASIFICADO,EVIDENCIA_INSUFICIENTE_ABSORBIDO,0,2026-09-29T13:44:24.911-03:00,2026-09-29T14:32:24.819-03:00,48,0,SL_INGRESO|SL_BALANZA_INGRESO|SL_VOLCABLE|SL_EGRESO,TERMINAL_EMBARQUE,SI
82ee6454-de1,82ee6454-de1,,ABSORBIDO,PER373,R7,Ricardone → San Lorenzo,NO_CLASIFICADO,EVIDENCIA_INSUFICIENTE_ABSORBIDO,0,2026-09-29T13:44:59.713-03:00,2026-09-29T14:29:14.222-03:00,44.24,0,SL_INGRESO|SL_BALANZA_INGRESO|SL_VOLCABLE|SL_EGRESO,TERMINAL_EMBARQUE,SI
4f51d43e-755,4f51d43e-755,,ABSORBIDO,AB525FS,R7,Ricardone → San Lorenzo,NO_CLASIFICADO,EVIDENCIA_INSUFICIENTE_ABSORBIDO,0,2026-09-29T13:45:29.153-03:00,2026-09-29T14:25:33.054-03:00,40.07,0,SL_INGRESO|SL_BALANZA_INGRESO|SL_VOLCABLE|SL_EGRESO,TERMINAL_EMBARQUE,SI
55451d1f-b38,55451d1f-b38,,ABSORBIDO,OKH237,CIRCUITO_SAN_LORENZO,Circuito Ricardone → San Lorenzo,NO_CLASIFICADO,EVIDENCIA_INSUFICIENTE_ABSORBIDO,0,2026-09-29T13:47:46.523-03:00,2026-09-29T14:01:46.043-03:00,13.99,0,PREINGRESO|CALADA|EGRESO,,SI
51d0b807-a81,51d0b807-a81,,ABSORBIDO,CMF111,SL1,Recepción Carga OSL San Lorenzo,NO_CLASIFICADO,EVIDENCIA_INSUFICIENTE_ABSORBIDO,0,2026-09-29T13:52:11.657-03:00,2026-09-29T15:23:03.513-03:00,90.86,0,SL_INGRESO|SL_BALANZA_INGRESO|UNKNOWN|SL_EGRESO,TERMINAL_EMBARQUE,SI
e59f1bc2-0ae,e59f1bc2-0ae,,ABSORBIDO,ONH330,R7,Ricardone → San Lorenzo,NO_CLASIFICADO,EVIDENCIA_INSUFICIENTE_ABSORBIDO,0,2026-09-29T13:58:51.841-03:00,2026-09-29T14:58:15.438-03:00,59.39,0,SL_INGRESO|SL_CALADA|SL_BALANZA_INGRESO|SL_VOLCABLE|SL_EGRESO,TERMINAL_EMBARQUE,SI
d3ad49a8-3af__cycle_2,d3ad49a8-3af,,ABSORBIDO,DMF054,R4,Recepción Silos Kepler 2,NO_CLASIFICADO,EVIDENCIA_INSUFICIENTE_ABSORBIDO,0,2026-09-29T14:00:23.896-03:00,2026-09-29T15:44:41.278-03:00,104.29,0,DESCARGA_S7|BALANZA_EGRESO,RICARDONE,SI
8e08e754-e8b,8e08e754-e8b,,ABSORBIDO,AD386JA,R7,Ricardone → San Lorenzo,NO_CLASIFICADO,EVIDENCIA_INSUFICIENTE_ABSORBIDO,0,2026-09-29T14:03:54.339-03:00,2026-09-29T15:13:15.958-03:00,69.36,0,SL_INGRESO|SL_CALADA|SL_BALANZA_INGRESO|SL_VOLCABLE|SL_BALANZA_SALIDA|SL_EGRESO,TERMINAL_EMBARQUE,SI
fada12d7-75a,fada12d7-75a,,ABSORBIDO,EPH797,REGISTRO_INCOMPLETO,Registro incompleto,NO_CLASIFICADO,EVIDENCIA_INSUFICIENTE_ABSORBIDO,0,2026-09-29T14:06:34.349-03:00,2026-09-29T14:31:13.950-03:00,24.66,0,SL_INGRESO|SL_BALANZA_INGRESO|UNKNOWN|SL_EGRESO,TERMINAL_EMBARQUE,SI
e2c40fc7-900,e2c40fc7-900,,ABSORBIDO,AE034PS,REGISTRO_INCOMPLETO,Registro incompleto,NO_CLASIFICADO,EVIDENCIA_INSUFICIENTE_ABSORBIDO,0,2026-09-29T14:08:10.032-03:00,2026-09-29T15:08:08.916-03:00,59.98,0,SL_INGRESO|SL_BALANZA_INGRESO|SL_BALANZA_SALIDA|SL_EGRESO,TERMINAL_EMBARQUE,SI
edf419eb-e7d,edf419eb-e7d,,ABSORBIDO,OKH237,R7,Ricardone → San Lorenzo,NO_CLASIFICADO,EVIDENCIA_INSUFICIENTE_ABSORBIDO,0,2026-09-29T14:09:29.799-03:00,2026-09-29T15:21:46.403-03:00,72.28,0,SL_INGRESO|SL_CALADA|SL_BALANZA_INGRESO|SL_VOLCABLE|SL_EGRESO,TERMINAL_EMBARQUE,SI
bfc9c257-eb9__cycle_2,bfc9c257-eb9,,ABSORBIDO,CDF727,REGISTRO_INCOMPLETO,Registro incompleto,NO_CLASIFICADO,EVIDENCIA_INSUFICIENTE_ABSORBIDO,0,2026-09-29T14:17:30.065-03:00,2026-09-29T14:31:51.943-03:00,14.36,0,SL_INGRESO|SL_CALADA|SL_BALANZA_INGRESO|UNKNOWN,,SI
543599b4-adf,543599b4-adf,,ABSORBIDO,FEA810,CIRCUITO_SAN_LORENZO,Circuito Ricardone → San Lorenzo,NO_CLASIFICADO,EVIDENCIA_INSUFICIENTE_ABSORBIDO,0,2026-09-29T14:23:21.365-03:00,2026-09-29T14:29:36.220-03:00,6.25,0,PREINGRESO|EGRESO,,SI
4891a817-8a9,4891a817-8a9,,ABSORBIDO,FVJ248,R7,Ricardone → San Lorenzo,NO_CLASIFICADO,EVIDENCIA_INSUFICIENTE_ABSORBIDO,0,2026-09-29T14:25:27.372-03:00,2026-09-29T15:38:08.767-03:00,72.69,0,SL_INGRESO|SL_BALANZA_INGRESO|SL_VOLCABLE|SL_EGRESO,TERMINAL_EMBARQUE,SI
62ee8f6b-f3d,62ee8f6b-f3d,,ABSORBIDO,ASR479,REGISTRO_INCOMPLETO,Registro incompleto,NO_CLASIFICADO,EVIDENCIA_INSUFICIENTE_ABSORBIDO,0,2026-09-29T14:44:00.740-03:00,2026-09-29T17:40:27.474-03:00,176.45,0,SL_INGRESO|SL_CALADA|SL_BALANZA_INGRESO|SL_LIQUIDO_DESCARGA|SL_CALADA|SL_EGRESO,TERMINAL_EMBARQUE,SI
178f3b6c-0f3__cycle_2,178f3b6c-0f3,,ABSORBIDO,AH697JG,DESPACHO_SIN_PUNTO_INSTRUMENTADO,Despacho / descarga sin punto instrumentado,NO_CLASIFICADO,EVIDENCIA_INSUFICIENTE_ABSORBIDO,0,2026-09-29T14:47:53.166-03:00,2026-09-29T18:04:03.413-03:00,196.17,0,CALADA|CALADA|EGRESO,,SI
11c27771-5bc,11c27771-5bc,,ABSORBIDO,MWH059,SL1,Recepción Carga OSL San Lorenzo,NO_CLASIFICADO,EVIDENCIA_INSUFICIENTE_ABSORBIDO,0,2026-09-29T15:15:29.732-03:00,2026-09-29T17:07:47.813-03:00,112.3,0,SL_INGRESO|SL_CALADA|SL_BALANZA_INGRESO|SL_LIQUIDO_CARGA|SL_EGRESO,TERMINAL_EMBARQUE,SI
829c3a9a-2db,829c3a9a-2db,,ABSORBIDO,FAZ585,CIRCUITO_LIQUIDO,Circuito líquido,NO_CLASIFICADO,EVIDENCIA_INSUFICIENTE_ABSORBIDO,0,2026-09-29T15:19:59.751-03:00,2026-09-29T15:32:47.263-03:00,12.79,0,PREINGRESO|LIQUIDO|EGRESO,,SI
083043ad-3d9,083043ad-3d9,,ABSORBIDO,MOL604,R7,Ricardone → San Lorenzo,NO_CLASIFICADO,EVIDENCIA_INSUFICIENTE_ABSORBIDO,0,2026-09-29T15:26:02.407-03:00,2026-09-29T16:12:28.590-03:00,46.44,0,SL_INGRESO|SL_BALANZA_INGRESO|SL_EGRESO,TERMINAL_EMBARQUE,SI
e2584874-c3a,e2584874-c3a,,ABSORBIDO,UAJ766,REGISTRO_INCOMPLETO,Registro incompleto,NO_CLASIFICADO,EVIDENCIA_INSUFICIENTE_ABSORBIDO,0,2026-09-29T15:27:24.891-03:00,2026-09-29T16:16:17.522-03:00,48.88,0,SL_INGRESO|SL_BALANZA_INGRESO|UNKNOWN|SL_EGRESO,TERMINAL_EMBARQUE,SI
2dff42df-978,2dff42df-978,,ABSORBIDO,FAZ585,SL2,Aceite PTO San Lorenzo (sin S10),NO_CLASIFICADO,EVIDENCIA_INSUFICIENTE_ABSORBIDO,0,2026-09-29T15:42:27.986-03:00,2026-09-29T17:06:45.698-03:00,84.3,0,SL_INGRESO|SL_BALANZA_INGRESO|UNKNOWN|UNKNOWN|SL_EGRESO,TERMINAL_EMBARQUE,SI
b1b16a73-8bf,b1b16a73-8bf,,ABSORBIDO,AF535DO,R7,Ricardone → San Lorenzo,NO_CLASIFICADO,EVIDENCIA_INSUFICIENTE_ABSORBIDO,0,2026-09-29T15:44:28.393-03:00,2026-09-29T16:11:57.338-03:00,27.48,0,SL_INGRESO|SL_BALANZA_INGRESO|SL_VOLCABLE|SL_BALANZA_SALIDA|SL_EGRESO,TERMINAL_EMBARQUE,SI
a04d7878-81d,a04d7878-81d,,ABSORBIDO,JYY048,R7,Ricardone → San Lorenzo,NO_CLASIFICADO,EVIDENCIA_INSUFICIENTE_ABSORBIDO,0,2026-09-29T15:48:24.807-03:00,2026-09-29T16:28:51.223-03:00,40.44,0,SL_INGRESO|SL_BALANZA_INGRESO|SL_VOLCABLE|SL_EGRESO,TERMINAL_EMBARQUE,SI
6cce8e7e-c94,6cce8e7e-c94,,ABSORBIDO,AB605VN,R7,Ricardone → San Lorenzo,NO_CLASIFICADO,EVIDENCIA_INSUFICIENTE_ABSORBIDO,0,2026-09-29T15:49:47.612-03:00,2026-09-29T16:20:36.865-03:00,30.82,0,SL_INGRESO|SL_BALANZA_INGRESO|SL_VOLCABLE|SL_BALANZA_SALIDA|SL_EGRESO,TERMINAL_EMBARQUE,SI
9d459604-c0b,9d459604-c0b,,ABSORBIDO,KFJ723,R7,Ricardone → San Lorenzo,NO_CLASIFICADO,EVIDENCIA_INSUFICIENTE_ABSORBIDO,0,2026-09-29T15:50:19.454-03:00,2026-09-29T16:32:59.402-03:00,42.67,0,SL_INGRESO|SL_BALANZA_INGRESO|SL_VOLCABLE|SL_BALANZA_SALIDA|SL_EGRESO,TERMINAL_EMBARQUE,SI
79a13b59-a0d,79a13b59-a0d,,ABSORBIDO,EXE673,R7,Ricardone → San Lorenzo,NO_CLASIFICADO,EVIDENCIA_INSUFICIENTE_ABSORBIDO,0,2026-09-29T15:52:56.663-03:00,2026-09-29T16:43:36.313-03:00,50.66,0,SL_INGRESO|SL_BALANZA_INGRESO|SL_VOLCABLE|SL_BALANZA_SALIDA|SL_EGRESO,TERMINAL_EMBARQUE,SI
a7c9adc1-bef,a7c9adc1-bef,,ABSORBIDO,GGR714,R7,Ricardone → San Lorenzo,NO_CLASIFICADO,EVIDENCIA_INSUFICIENTE_ABSORBIDO,0,2026-09-29T15:53:38.424-03:00,2026-09-29T16:52:20.283-03:00,58.7,0,SL_INGRESO|SL_BALANZA_INGRESO|SL_VOLCABLE|SL_EGRESO,TERMINAL_EMBARQUE,SI
5439bbbc-988,5439bbbc-988,,ABSORBIDO,TCD961,R7,Ricardone → San Lorenzo,NO_CLASIFICADO,EVIDENCIA_INSUFICIENTE_ABSORBIDO,0,2026-09-29T15:58:11.241-03:00,2026-09-29T17:07:23.964-03:00,69.21,0,SL_INGRESO|SL_BALANZA_INGRESO|SL_VOLCABLE|SL_BALANZA_SALIDA|SL_EGRESO,TERMINAL_EMBARQUE,SI
17481612-7f4,17481612-7f4,,ABSORBIDO,RUK692,REGISTRO_INCOMPLETO,Registro incompleto,NO_CLASIFICADO,EVIDENCIA_INSUFICIENTE_ABSORBIDO,0,2026-09-29T16:00:49.808-03:00,2026-09-29T17:42:36.145-03:00,101.77,0,SL_INGRESO|SL_BALANZA_INGRESO|UNKNOWN|SL_EGRESO,TERMINAL_EMBARQUE,SI
75e9ac3a-449__cycle_2,75e9ac3a-449,,ABSORBIDO,FFR574,R4,Recepción Silos Kepler 2,NO_CLASIFICADO,EVIDENCIA_INSUFICIENTE_ABSORBIDO,0,2026-09-29T16:02:06.137-03:00,2026-09-29T17:05:25.483-03:00,63.32,0,DESCARGA_S7|BALANZA_EGRESO,RICARDONE,SI
a6aaed95-4e9__cycle_1,a6aaed95-4e9,,ABSORBIDO,EAO104,SL1,Recepción Carga OSL San Lorenzo,NO_CLASIFICADO,EVIDENCIA_INSUFICIENTE_ABSORBIDO,0,2026-09-29T16:02:07.975-03:00,2026-09-29T16:12:28.088-03:00,10.34,0,SL_INGRESO|SL_CALADA|SL_BALANZA_INGRESO,TERMINAL_EMBARQUE,SI
c944c99b-2fb__cycle_1,c944c99b-2fb,,ABSORBIDO,AA703FC,REGISTRO_INCOMPLETO,Registro incompleto,NO_CLASIFICADO,EVIDENCIA_INSUFICIENTE_ABSORBIDO,0,2026-09-29T16:03:33.180-03:00,2026-09-29T16:06:04.930-03:00,2.53,0,SL_INGRESO|SL_BALANZA_INGRESO,,SI
e7bd57f4-a20,e7bd57f4-a20,,ABSORBIDO,CNG506,SL2,Aceite PTO San Lorenzo (sin S10),NO_CLASIFICADO,EVIDENCIA_INSUFICIENTE_ABSORBIDO,0,2026-09-29T16:05:08.069-03:00,2026-09-29T23:12:17.864-03:00,427.16,0,PREINGRESO|LIQUIDO|SL_INGRESO|SL_BALANZA_INGRESO|UNKNOWN|SL_EGRESO,TERMINAL_EMBARQUE,SI
55809b76-9f8,55809b76-9f8,,ABSORBIDO,AA996WD,SL2,Aceite PTO San Lorenzo (sin S10),NO_CLASIFICADO,EVIDENCIA_INSUFICIENTE_ABSORBIDO,0,2026-09-29T16:09:22.720-03:00,2026-09-29T17:58:42.331-03:00,109.33,0,SL_INGRESO|SL_BALANZA_INGRESO|UNKNOWN|SL_EGRESO,TERMINAL_EMBARQUE,SI
74848ab1-ffd,74848ab1-ffd,,ABSORBIDO,SOY202,SL2,Aceite PTO San Lorenzo (sin S10),NO_CLASIFICADO,EVIDENCIA_INSUFICIENTE_ABSORBIDO,0,2026-09-29T16:11:14.245-03:00,2026-09-29T18:45:42.219-03:00,154.47,0,SL_INGRESO|SL_BALANZA_INGRESO|SL_EGRESO,TERMINAL_EMBARQUE,SI
06ccdb58-d99,06ccdb58-d99,,ABSORBIDO,AE139LO,SL2,Aceite PTO San Lorenzo (sin S10),NO_CLASIFICADO,EVIDENCIA_INSUFICIENTE_ABSORBIDO,0,2026-09-29T16:12:03.290-03:00,2026-09-29T20:38:10.940-03:00,266.13,0,SL_INGRESO|SL_BALANZA_INGRESO|UNKNOWN|SL_EGRESO,TERMINAL_EMBARQUE,SI
d71f301c-974,d71f301c-974,,ABSORBIDO,AH135DG,SL2,Aceite PTO San Lorenzo (sin S10),NO_CLASIFICADO,EVIDENCIA_INSUFICIENTE_ABSORBIDO,0,2026-09-29T16:14:21.298-03:00,2026-09-29T20:36:05.490-03:00,261.74,0,SL_INGRESO|SL_BALANZA_INGRESO|UNKNOWN|SL_EGRESO,TERMINAL_EMBARQUE,SI
f048ffcc-bca,f048ffcc-bca,,ABSORBIDO,EMM462,SL2,Aceite PTO San Lorenzo (sin S10),NO_CLASIFICADO,EVIDENCIA_INSUFICIENTE_ABSORBIDO,0,2026-09-29T16:17:07.547-03:00,2026-09-29T21:34:01.560-03:00,316.9,0,SL_INGRESO|UNKNOWN|SL_EGRESO,TERMINAL_EMBARQUE,SI
39215b16-0ba,39215b16-0ba,,ABSORBIDO,MAB570,SL2,Aceite PTO San Lorenzo (sin S10),NO_CLASIFICADO,EVIDENCIA_INSUFICIENTE_ABSORBIDO,0,2026-09-29T16:18:03.389-03:00,2026-09-29T22:16:19.630-03:00,358.27,0,SL_INGRESO|SL_BALANZA_INGRESO|UNKNOWN|SL_EGRESO,TERMINAL_EMBARQUE,SI
06fa2bb8-a29,06fa2bb8-a29,,ABSORBIDO,HCR555,SL2,Aceite PTO San Lorenzo (sin S10),NO_CLASIFICADO,EVIDENCIA_INSUFICIENTE_ABSORBIDO,0,2026-09-29T16:18:56.672-03:00,2026-09-29T16:47:10.731-03:00,28.23,0,SL_INGRESO|SL_BALANZA_INGRESO,TERMINAL_EMBARQUE,SI
91921d9b-c13,91921d9b-c13,,ABSORBIDO,AH669QS,REGISTRO_INCOMPLETO,Registro incompleto,NO_CLASIFICADO,EVIDENCIA_INSUFICIENTE_ABSORBIDO,0,2026-09-29T16:19:46.516-03:00,2026-09-29T21:43:48.091-03:00,324.03,0,SL_INGRESO|SL_BALANZA_INGRESO|UNKNOWN|SL_EGRESO,TERMINAL_EMBARQUE,SI
52256582-db2,52256582-db2,,ABSORBIDO,AD887XZ,SL1,Recepción Carga OSL San Lorenzo,NO_CLASIFICADO,EVIDENCIA_INSUFICIENTE_ABSORBIDO,0,2026-09-29T16:20:24.197-03:00,2026-09-29T22:30:38.133-03:00,370.23,0,SL_INGRESO|SL_CALADA|UNKNOWN|SL_LIQUIDO_CARGA|SL_EGRESO,TERMINAL_EMBARQUE,SI
b7798a28-8f8,b7798a28-8f8,,ABSORBIDO,AI309IA,CIRCUITO_LIQUIDO,Circuito líquido,NO_CLASIFICADO,EVIDENCIA_INSUFICIENTE_ABSORBIDO,0,2026-09-29T16:24:47.338-03:00,2026-09-29T16:47:31.205-03:00,22.73,0,PREINGRESO|LIQUIDO|EGRESO,,SI
708c31dc-f66__cycle_1,708c31dc-f66,,ABSORBIDO,FOZ297,CIRCUITO_LIQUIDO,Circuito líquido,NO_CLASIFICADO,EVIDENCIA_INSUFICIENTE_ABSORBIDO,0,2026-09-29T16:25:54.381-03:00,2026-09-29T16:59:57.959-03:00,34.06,0,PREINGRESO|LIQUIDO|SL_INGRESO,,SI
57c10c4c-3f1__cycle_2,57c10c4c-3f1,,ABSORBIDO,GLD361,R4,Recepción Silos Kepler 2,NO_CLASIFICADO,EVIDENCIA_INSUFICIENTE_ABSORBIDO,0,2026-09-29T16:28:12.217-03:00,2026-09-29T17:02:13.072-03:00,34.01,0,DESCARGA_S7|BALANZA_EGRESO,RICARDONE,SI
56dee18b-60b__cycle_1,56dee18b-60b,,ABSORBIDO,TDQ017,REGISTRO_INCOMPLETO,Registro incompleto,NO_CLASIFICADO,EVIDENCIA_INSUFICIENTE_ABSORBIDO,0,2026-09-29T16:29:59.110-03:00,2026-09-29T16:37:03.053-03:00,7.07,0,SL_INGRESO|SL_BALANZA_INGRESO,TERMINAL_EMBARQUE,SI
1d2416cf-89b__cycle_3,1d2416cf-89b,,ABSORBIDO,NWZ336,SL1,Recepción Carga OSL San Lorenzo,NO_CLASIFICADO,EVIDENCIA_INSUFICIENTE_ABSORBIDO,0,2026-09-29T16:44:45.805-03:00,2026-09-29T18:02:54.712-03:00,78.15,0,SL_INGRESO|SL_BALANZA_INGRESO|SL_EGRESO,TERMINAL_EMBARQUE,SI
974d5f11-99a,974d5f11-99a,,ABSORBIDO,KUH403,REGISTRO_INCOMPLETO,Registro incompleto,NO_CLASIFICADO,EVIDENCIA_INSUFICIENTE_ABSORBIDO,0,2026-09-29T16:51:15.427-03:00,2026-09-29T20:51:58.711-03:00,240.72,0,SL_INGRESO|SL_CALADA|UNKNOWN|SL_CALADA|SL_BALANZA_INGRESO|SL_EGRESO,TERMINAL_EMBARQUE,SI
30f05ec8-95f,30f05ec8-95f,,ABSORBIDO,AI309IA,SL2,Aceite PTO San Lorenzo (sin S10),NO_CLASIFICADO,EVIDENCIA_INSUFICIENTE_ABSORBIDO,0,2026-09-29T16:55:17.797-03:00,2026-09-30T00:00:14.174-03:00,424.94,0,SL_INGRESO|SL_BALANZA_INGRESO|UNKNOWN|SL_EGRESO,TERMINAL_EMBARQUE,SI
b51ba8c2-3f5,b51ba8c2-3f5,,ABSORBIDO,AB675DP,REGISTRO_INCOMPLETO,Registro incompleto,NO_CLASIFICADO,EVIDENCIA_INSUFICIENTE_ABSORBIDO,0,2026-09-29T17:10:08.153-03:00,2026-09-29T18:29:57.281-03:00,79.82,0,SL_INGRESO|SL_BALANZA_INGRESO|UNKNOWN|SL_CALADA|SL_BALANZA_INGRESO|SL_EGRESO,TERMINAL_EMBARQUE,SI
a2d12577-995,a2d12577-995,,ABSORBIDO,GIQ745,R7,Ricardone → San Lorenzo,NO_CLASIFICADO,EVIDENCIA_INSUFICIENTE_ABSORBIDO,0,2026-09-29T17:13:34.408-03:00,2026-09-29T17:49:47.717-03:00,36.22,0,SL_INGRESO|SL_VOLCABLE|SL_EGRESO,TERMINAL_EMBARQUE,SI
43265bd0-092,43265bd0-092,,ABSORBIDO,AB626UQ,R7,Ricardone → San Lorenzo,NO_CLASIFICADO,EVIDENCIA_INSUFICIENTE_ABSORBIDO,0,2026-09-29T17:22:44.359-03:00,2026-09-29T18:05:54.864-03:00,43.18,0,SL_INGRESO|SL_VOLCABLE|SL_EGRESO,TERMINAL_EMBARQUE,SI
a6f8b3ae-cac,a6f8b3ae-cac,,ABSORBIDO,LYM290,R7,Ricardone → San Lorenzo,NO_CLASIFICADO,EVIDENCIA_INSUFICIENTE_ABSORBIDO,0,2026-09-29T17:24:51.325-03:00,2026-09-29T18:09:02.259-03:00,44.18,0,SL_INGRESO|SL_BALANZA_INGRESO|SL_VOLCABLE|SL_EGRESO,TERMINAL_EMBARQUE,SI
e7ac47e9-806,e7ac47e9-806,,ABSORBIDO,GYM881,R7,Ricardone → San Lorenzo,NO_CLASIFICADO,EVIDENCIA_INSUFICIENTE_ABSORBIDO,0,2026-09-29T17:26:12.372-03:00,2026-09-29T18:17:10.374-03:00,50.97,0,SL_INGRESO|SL_VOLCABLE|SL_EGRESO,TERMINAL_EMBARQUE,SI
f2016dbd-931,f2016dbd-931,,ABSORBIDO,AE920PB,R7,Ricardone → San Lorenzo,NO_CLASIFICADO,EVIDENCIA_INSUFICIENTE_ABSORBIDO,0,2026-09-29T17:26:42.211-03:00,2026-09-29T18:21:59.410-03:00,55.29,0,SL_INGRESO|SL_BALANZA_INGRESO|SL_VOLCABLE|SL_BALANZA_SALIDA|SL_EGRESO,TERMINAL_EMBARQUE,SI
de33e67a-005,de33e67a-005,,ABSORBIDO,AI388DM,R7,Ricardone → San Lorenzo,NO_CLASIFICADO,EVIDENCIA_INSUFICIENTE_ABSORBIDO,0,2026-09-29T17:28:05.898-03:00,2026-09-29T18:29:15.745-03:00,61.16,0,SL_INGRESO|SL_VOLCABLE|SL_EGRESO,TERMINAL_EMBARQUE,SI
cb6432a9-b2e,cb6432a9-b2e,,ABSORBIDO,AI494DO,R7,Ricardone → San Lorenzo,NO_CLASIFICADO,EVIDENCIA_INSUFICIENTE_ABSORBIDO,0,2026-09-29T17:30:03.743-03:00,2026-09-29T18:38:13.200-03:00,68.16,0,SL_INGRESO|SL_BALANZA_INGRESO|SL_VOLCABLE|SL_EGRESO,TERMINAL_EMBARQUE,SI
d5b31384-38f,d5b31384-38f,,ABSORBIDO,JDH880,CIRCUITO_LIQUIDO,Circuito líquido,NO_CLASIFICADO,EVIDENCIA_INSUFICIENTE_ABSORBIDO,0,2026-09-29T17:30:29.325-03:00,2026-09-29T17:42:04.776-03:00,11.59,0,PREINGRESO|LIQUIDO|EGRESO,,SI
6dc1374b-b6e,6dc1374b-b6e,,ABSORBIDO,AE785KC,R7,Ricardone → San Lorenzo,NO_CLASIFICADO,EVIDENCIA_INSUFICIENTE_ABSORBIDO,0,2026-09-29T17:31:45.991-03:00,2026-09-29T19:38:05.730-03:00,126.33,0,SL_INGRESO|SL_BALANZA_INGRESO|SL_EGRESO,TERMINAL_EMBARQUE,SI
f25751ba-896,f25751ba-896,,ABSORBIDO,AI494DP,R7,Ricardone → San Lorenzo,NO_CLASIFICADO,EVIDENCIA_INSUFICIENTE_ABSORBIDO,0,2026-09-29T17:32:54.633-03:00,2026-09-29T19:46:51.581-03:00,133.95,0,SL_INGRESO|SL_EGRESO,TERMINAL_EMBARQUE,SI
bc4cf1a7-f85__cycle_1,bc4cf1a7-f85,,ABSORBIDO,JDH880,REGISTRO_INCOMPLETO,Registro incompleto,NO_CLASIFICADO,EVIDENCIA_INSUFICIENTE_ABSORBIDO,0,2026-09-29T17:51:39.981-03:00,2026-09-29T17:55:49.583-03:00,4.16,0,SL_INGRESO|SL_BALANZA_INGRESO,,SI
8117ac75-5ca,8117ac75-5ca,,ABSORBIDO,SFY369,SL1,Recepción Carga OSL San Lorenzo,NO_CLASIFICADO,EVIDENCIA_INSUFICIENTE_ABSORBIDO,0,2026-09-29T18:05:37.548-03:00,2026-09-29T23:02:32.449-03:00,296.92,0,SL_INGRESO|SL_CALADA|SL_BALANZA_INGRESO|UNKNOWN|SL_LIQUIDO_CARGA|SL_EGRESO,TERMINAL_EMBARQUE,SI
b33f59a9-599__cycle_1,b33f59a9-599,,ABSORBIDO,OFG785,REGISTRO_INCOMPLETO,Registro incompleto,NO_CLASIFICADO,EVIDENCIA_INSUFICIENTE_ABSORBIDO,0,2026-09-29T18:06:46.833-03:00,2026-09-29T18:19:08.448-03:00,12.36,0,SL_INGRESO|SL_CALADA|SL_BALANZA_INGRESO,,SI
944f20da-38c,944f20da-38c,,ABSORBIDO,AE348QX,REGISTRO_INCOMPLETO,Registro incompleto,NO_CLASIFICADO,EVIDENCIA_INSUFICIENTE_ABSORBIDO,0,2026-09-29T18:11:08.849-03:00,2026-09-29T18:18:42.731-03:00,7.56,0,SL_INGRESO|SL_BALANZA_INGRESO|SL_EGRESO,,SI
4dd5640c-fd6,4dd5640c-fd6,,ABSORBIDO,EAR164,CIRCUITO_LIQUIDO,Circuito líquido,NO_CLASIFICADO,EVIDENCIA_INSUFICIENTE_ABSORBIDO,0,2026-09-29T18:14:53.690-03:00,2026-09-29T18:37:42.331-03:00,22.81,0,PREINGRESO|LIQUIDO|EGRESO,,SI
29f9ca1b-747,29f9ca1b-747,,ABSORBIDO,AH697JG,R7,Ricardone → San Lorenzo,NO_CLASIFICADO,EVIDENCIA_INSUFICIENTE_ABSORBIDO,0,2026-09-29T18:28:02.026-03:00,2026-09-29T19:30:10.420-03:00,62.14,0,SL_INGRESO|SL_BALANZA_INGRESO|SL_VOLCABLE|SL_EGRESO,TERMINAL_EMBARQUE,SI
af670e37-6e1,af670e37-6e1,,ABSORBIDO,AH047GD,R7,Ricardone → San Lorenzo,NO_CLASIFICADO,EVIDENCIA_INSUFICIENTE_ABSORBIDO,0,2026-09-29T18:37:46.142-03:00,2026-09-29T19:53:08.171-03:00,75.37,0,SL_INGRESO|SL_BALANZA_INGRESO|SL_EGRESO,TERMINAL_EMBARQUE,SI
b55fad04-a3a,b55fad04-a3a,,ABSORBIDO,UYR897,R7,Ricardone → San Lorenzo,NO_CLASIFICADO,EVIDENCIA_INSUFICIENTE_ABSORBIDO,0,2026-09-29T18:43:59.524-03:00,2026-09-29T20:01:37.775-03:00,77.64,0,SL_INGRESO|SL_BALANZA_INGRESO|SL_EGRESO,TERMINAL_EMBARQUE,SI
bbfe8016-f45__cycle_3,bbfe8016-f45,,ABSORBIDO,MNB810,SL1,Recepción Carga OSL San Lorenzo,NO_CLASIFICADO,EVIDENCIA_INSUFICIENTE_ABSORBIDO,0,2026-09-29T19:01:32.464-03:00,2026-09-30T01:45:33.675-03:00,404.02,0,SL_INGRESO|SL_CALADA|SL_BALANZA_INGRESO|SL_LIQUIDO_CARGA|SL_EGRESO,TERMINAL_EMBARQUE,SI
d871b64d-4a9__cycle_1,d871b64d-4a9,,ABSORBIDO,JOZ498,REGISTRO_INCOMPLETO,Registro incompleto,NO_CLASIFICADO,EVIDENCIA_INSUFICIENTE_ABSORBIDO,0,2026-09-29T19:02:09.188-03:00,2026-09-29T19:04:42.960-03:00,2.56,0,SL_INGRESO|SL_BALANZA_INGRESO,,SI
7bc8b41c-e06__cycle_2,7bc8b41c-e06,,ABSORBIDO,GGH085,R6,Recepción Volcable 2,NO_CLASIFICADO,EVIDENCIA_INSUFICIENTE_ABSORBIDO,0,2026-09-29T19:14:31.122-03:00,2026-09-29T19:26:24.455-03:00,11.89,0,VOLCABLE|BALANZA_EGRESO,RICARDONE,SI
aaee2a4b-047,aaee2a4b-047,,ABSORBIDO,NRV526,REGISTRO_INCOMPLETO,Registro incompleto,NO_CLASIFICADO,EVIDENCIA_INSUFICIENTE_ABSORBIDO,0,2026-09-29T19:19:35.326-03:00,2026-09-29T23:06:05.395-03:00,226.5,0,SL_INGRESO|SL_BALANZA_INGRESO|SL_EGRESO,TERMINAL_EMBARQUE,SI
e6eca959-9c9__cycle_2,e6eca959-9c9,,ABSORBIDO,ECN609,R6,Recepción Volcable 2,NO_CLASIFICADO,EVIDENCIA_INSUFICIENTE_ABSORBIDO,0,2026-09-29T19:25:48.333-03:00,2026-09-29T20:23:42.417-03:00,57.9,0,VOLCABLE|BALANZA_EGRESO,RICARDONE,SI
5802d033-e1a,5802d033-e1a,,ABSORBIDO,AE348QX,DESPACHO_SIN_PUNTO_INSTRUMENTADO,Despacho / descarga sin punto instrumentado,NO_CLASIFICADO,EVIDENCIA_INSUFICIENTE_ABSORBIDO,0,2026-09-29T19:27:11.260-03:00,2026-09-29T19:40:41.111-03:00,13.5,0,CALADA|EGRESO,,SI
ec478980-acc,ec478980-acc,,ABSORBIDO,SRJ295,R7,Ricardone → San Lorenzo,NO_CLASIFICADO,EVIDENCIA_INSUFICIENTE_ABSORBIDO,0,2026-09-29T19:33:47.461-03:00,2026-09-30T00:43:36.629-03:00,309.82,0,PREINGRESO|SL_INGRESO|SL_BALANZA_INGRESO|SL_EGRESO,TERMINAL_EMBARQUE,SI
424cb85d-be9,424cb85d-be9,,ABSORBIDO,MWG720,R4,Recepción Silos Kepler 2,NO_CLASIFICADO,EVIDENCIA_INSUFICIENTE_ABSORBIDO,0,2026-09-29T19:40:45.645-03:00,2026-09-29T19:59:30.971-03:00,18.76,0,DESCARGA_S7|BALANZA_EGRESO,RICARDONE,SI
a50dc809-23d,a50dc809-23d,,ABSORBIDO,AF149TD,R7,Ricardone → San Lorenzo,NO_CLASIFICADO,EVIDENCIA_INSUFICIENTE_ABSORBIDO,0,2026-09-29T19:40:46.768-03:00,2026-09-29T21:00:26.646-03:00,79.66,0,PREINGRESO|SL_BALANZA_INGRESO,TERMINAL_EMBARQUE,SI
60449cdc-549__cycle_1,60449cdc-549,,ABSORBIDO,FEA642,REGISTRO_INCOMPLETO,Registro incompleto,NO_CLASIFICADO,EVIDENCIA_INSUFICIENTE_ABSORBIDO,0,2026-09-29T19:49:11.698-03:00,2026-09-29T20:00:49.172-03:00,11.62,0,SL_INGRESO|SL_CALADA|SL_BALANZA_INGRESO,,SI
504a51cb-203,504a51cb-203,,ABSORBIDO,AE348QX,R7,Ricardone → San Lorenzo,NO_CLASIFICADO,EVIDENCIA_INSUFICIENTE_ABSORBIDO,0,2026-09-29T19:49:45.937-03:00,2026-09-29T20:45:36.398-03:00,55.84,0,SL_INGRESO|SL_EGRESO,TERMINAL_EMBARQUE,SI
1764cc65-30f__cycle_1,1764cc65-30f,,ABSORBIDO,GFG620,REGISTRO_INCOMPLETO,Registro incompleto,NO_CLASIFICADO,EVIDENCIA_INSUFICIENTE_ABSORBIDO,0,2026-09-29T19:51:33.138-03:00,2026-09-29T20:04:20.182-03:00,12.78,0,CALADA|PLAYA,,SI
dd97f71b-5fb,dd97f71b-5fb,,ABSORBIDO,SZG666,SL1,Recepción Carga OSL San Lorenzo,NO_CLASIFICADO,EVIDENCIA_INSUFICIENTE_ABSORBIDO,0,2026-09-29T19:53:40.430-03:00,2026-09-29T21:21:09.331-03:00,87.48,0,SL_INGRESO|SL_BALANZA_INGRESO|SL_EGRESO,TERMINAL_EMBARQUE,SI
05a86395-29e__cycle_2,05a86395-29e,,ABSORBIDO,MBT452,R4,Recepción Silos Kepler 2,NO_CLASIFICADO,EVIDENCIA_INSUFICIENTE_ABSORBIDO,0,2026-09-29T20:05:53.325-03:00,2026-09-29T20:39:35.911-03:00,33.71,0,DESCARGA_S7|BALANZA_EGRESO,RICARDONE,SI
424749db-475,424749db-475,,ABSORBIDO,AE827TK,R7,Ricardone → San Lorenzo,NO_CLASIFICADO,EVIDENCIA_INSUFICIENTE_ABSORBIDO,0,2026-09-29T20:18:40.038-03:00,2026-09-29T20:53:46.994-03:00,35.12,0,SL_INGRESO|SL_BALANZA_INGRESO|SL_EGRESO,TERMINAL_EMBARQUE,SI
429f974b-bdf__cycle_2,429f974b-bdf,,ABSORBIDO,AD707QT,R6,Recepción Volcable 2,NO_CLASIFICADO,EVIDENCIA_INSUFICIENTE_ABSORBIDO,0,2026-09-29T20:19:13.211-03:00,2026-09-29T21:29:57.528-03:00,70.74,0,VOLCABLE|BALANZA_EGRESO,RICARDONE,SI
784c7911-968,784c7911-968,,ABSORBIDO,NFI800,R7,Ricardone → San Lorenzo,NO_CLASIFICADO,EVIDENCIA_INSUFICIENTE_ABSORBIDO,0,2026-09-29T20:25:50.143-03:00,2026-09-29T21:15:16.750-03:00,49.44,0,SL_INGRESO|SL_BALANZA_INGRESO|SL_EGRESO,TERMINAL_EMBARQUE,SI
6c9b5e41-381,6c9b5e41-381,,ABSORBIDO,NMV429,R7,Ricardone → San Lorenzo,NO_CLASIFICADO,EVIDENCIA_INSUFICIENTE_ABSORBIDO,0,2026-09-29T20:26:31.188-03:00,2026-09-29T21:20:15.869-03:00,53.74,0,SL_INGRESO|SL_BALANZA_INGRESO|SL_EGRESO,TERMINAL_EMBARQUE,SI
87d0d4cd-8f7,87d0d4cd-8f7,,ABSORBIDO,AB431GR,R7,Ricardone → San Lorenzo,NO_CLASIFICADO,EVIDENCIA_INSUFICIENTE_ABSORBIDO,0,2026-09-29T20:36:12.900-03:00,2026-09-29T22:03:37.565-03:00,87.41,0,SL_INGRESO|SL_BALANZA_INGRESO|SL_EGRESO,TERMINAL_EMBARQUE,SI
022e2cab-508__cycle_1,022e2cab-508,,ABSORBIDO,KOE138,REGISTRO_INCOMPLETO,Registro incompleto,NO_CLASIFICADO,EVIDENCIA_INSUFICIENTE_ABSORBIDO,0,2026-09-29T20:40:11.713-03:00,2026-09-29T20:52:00.107-03:00,11.81,0,SL_INGRESO|SL_CALADA|SL_BALANZA_INGRESO,,SI
f6a3dae7-992__cycle_1,f6a3dae7-992,,ABSORBIDO,GTZ627,REGISTRO_INCOMPLETO,Registro incompleto,NO_CLASIFICADO,EVIDENCIA_INSUFICIENTE_ABSORBIDO,0,2026-09-29T20:45:17.493-03:00,2026-09-29T20:56:33.556-03:00,11.27,0,SL_INGRESO|SL_CALADA|SL_BALANZA_INGRESO,,SI
e939fb33-ddb__cycle_2,e939fb33-ddb,,ABSORBIDO,UPC676,R4,Recepción Silos Kepler 2,NO_CLASIFICADO,EVIDENCIA_INSUFICIENTE_ABSORBIDO,0,2026-09-29T20:48:02.419-03:00,2026-09-29T22:03:51.886-03:00,75.82,0,DESCARGA_S7|PLAYA|BALANZA_EGRESO,RICARDONE,SI
9699ee5b-efa,9699ee5b-efa,,ABSORBIDO,OKH237,CIRCUITO_SAN_LORENZO,Circuito Ricardone → San Lorenzo,NO_CLASIFICADO,EVIDENCIA_INSUFICIENTE_ABSORBIDO,0,2026-09-29T20:49:52.047-03:00,2026-09-29T23:40:28.132-03:00,170.6,0,PREINGRESO|CALADA|EGRESO,,SI
2f5bb068-a88,2f5bb068-a88,,ABSORBIDO,GGH005,R7,Ricardone → San Lorenzo,NO_CLASIFICADO,EVIDENCIA_INSUFICIENTE_ABSORBIDO,0,2026-09-29T20:58:46.258-03:00,2026-09-29T23:03:13.925-03:00,124.46,0,SL_INGRESO|SL_BALANZA_INGRESO|SL_EGRESO,TERMINAL_EMBARQUE,SI
2e4757a1-49f,2e4757a1-49f,,ABSORBIDO,TPB067,R7,Ricardone → San Lorenzo,NO_CLASIFICADO,EVIDENCIA_INSUFICIENTE_ABSORBIDO,0,2026-09-29T20:59:43.304-03:00,2026-09-29T23:26:52.213-03:00,147.15,0,SL_INGRESO|SL_BALANZA_INGRESO|SL_EGRESO,TERMINAL_EMBARQUE,SI
584a3a7f-5d8,584a3a7f-5d8,,ABSORBIDO,CMF111,SL1,Recepción Carga OSL San Lorenzo,NO_CLASIFICADO,EVIDENCIA_INSUFICIENTE_ABSORBIDO,0,2026-09-29T21:00:25.947-03:00,2026-09-29T22:24:54.155-03:00,84.47,0,SL_INGRESO|SL_BALANZA_INGRESO|SL_EGRESO,TERMINAL_EMBARQUE,SI
b880882a-06a,b880882a-06a,,ABSORBIDO,KVM850,R7,Ricardone → San Lorenzo,NO_CLASIFICADO,EVIDENCIA_INSUFICIENTE_ABSORBIDO,0,2026-09-29T21:06:23.085-03:00,2026-09-29T23:58:17.967-03:00,171.91,0,SL_INGRESO|SL_BALANZA_INGRESO|SL_EGRESO,TERMINAL_EMBARQUE,SI
c3102eb4-432,c3102eb4-432,,ABSORBIDO,KUY134,R7,Ricardone → San Lorenzo,NO_CLASIFICADO,EVIDENCIA_INSUFICIENTE_ABSORBIDO,0,2026-09-29T21:08:18.611-03:00,2026-09-30T00:09:22.473-03:00,181.06,0,SL_INGRESO|SL_BALANZA_INGRESO|SL_EGRESO,TERMINAL_EMBARQUE,SI
5a2517cd-b6e__cycle_2,5a2517cd-b6e,,ABSORBIDO,HDK895,R6,Recepción Volcable 2,NO_CLASIFICADO,EVIDENCIA_INSUFICIENTE_ABSORBIDO,0,2026-09-29T21:26:16.728-03:00,2026-09-29T21:56:06.820-03:00,29.83,0,VOLCABLE|BALANZA_EGRESO,RICARDONE,SI
e33df488-27a,e33df488-27a,,ABSORBIDO,RUK692,REGISTRO_INCOMPLETO,Registro incompleto,NO_CLASIFICADO,EVIDENCIA_INSUFICIENTE_ABSORBIDO,0,2026-09-29T21:32:27.103-03:00,2026-09-29T23:04:40.001-03:00,92.21,0,SL_BALANZA_INGRESO|SL_EGRESO,TERMINAL_EMBARQUE,SI
8ac39bf4-35d__cycle_2,8ac39bf4-35d,,ABSORBIDO,IZX624,R6,Recepción Volcable 2,NO_CLASIFICADO,EVIDENCIA_INSUFICIENTE_ABSORBIDO,0,2026-09-29T21:56:23.233-03:00,2026-09-29T22:41:52.100-03:00,45.48,0,VOLCABLE|BALANZA_EGRESO,RICARDONE,SI
1960b74d-8a0__cycle_1,1960b74d-8a0,,ABSORBIDO,MOF325,R7,Ricardone → San Lorenzo,NO_CLASIFICADO,EVIDENCIA_INSUFICIENTE_ABSORBIDO,0,2026-09-29T22:01:49.179-03:00,2026-09-30T00:01:07.082-03:00,119.3,0,PREINGRESO|CALADA|SL_INGRESO,TERMINAL_EMBARQUE,SI
82fecefb-3b9,82fecefb-3b9,,ABSORBIDO,FIK405,R7,Ricardone → San Lorenzo,NO_CLASIFICADO,EVIDENCIA_INSUFICIENTE_ABSORBIDO,0,2026-09-29T22:07:41.141-03:00,2026-09-30T00:29:55.100-03:00,142.23,0,SL_INGRESO|SL_EGRESO,TERMINAL_EMBARQUE,SI
2a5bc1f2-c3a,2a5bc1f2-c3a,,ABSORBIDO,NCP590,R7,Ricardone → San Lorenzo,NO_CLASIFICADO,EVIDENCIA_INSUFICIENTE_ABSORBIDO,0,2026-09-29T22:08:27.622-03:00,2026-09-30T00:35:27.753-03:00,147,0,SL_INGRESO|SL_EGRESO,TERMINAL_EMBARQUE,SI
3ca05d8a-d84,3ca05d8a-d84,,ABSORBIDO,CGG744,R7,Ricardone → San Lorenzo,NO_CLASIFICADO,EVIDENCIA_INSUFICIENTE_ABSORBIDO,0,2026-09-29T22:12:22.598-03:00,2026-09-30T01:04:42.375-03:00,172.33,0,SL_INGRESO|SL_BALANZA_INGRESO|SL_EGRESO,TERMINAL_EMBARQUE,SI
10944555-547,10944555-547,,ABSORBIDO,VNB418,R7,Ricardone → San Lorenzo,NO_CLASIFICADO,EVIDENCIA_INSUFICIENTE_ABSORBIDO,0,2026-09-29T22:14:04.204-03:00,2026-09-30T01:12:08.393-03:00,178.07,0,SL_INGRESO|SL_EGRESO,TERMINAL_EMBARQUE,SI
ff80a013-c13,ff80a013-c13,,ABSORBIDO,LAU467,REGISTRO_INCOMPLETO,Registro incompleto,NO_CLASIFICADO,EVIDENCIA_INSUFICIENTE_ABSORBIDO,0,2026-09-29T22:14:37.244-03:00,2026-09-29T23:43:34.774-03:00,88.96,0,SL_INGRESO|SL_BALANZA_INGRESO|SL_EGRESO,TERMINAL_EMBARQUE,SI
1b0e9d3d-e0f__cycle_2,1b0e9d3d-e0f,,ABSORBIDO,ESI808,R4,Recepción Silos Kepler 2,NO_CLASIFICADO,EVIDENCIA_INSUFICIENTE_ABSORBIDO,0,2026-09-29T22:17:06.949-03:00,2026-09-29T23:25:35.371-03:00,68.47,0,DESCARGA_S7|PLAYA|BALANZA_EGRESO,RICARDONE,SI
a2a554ab-7ff__cycle_2,a2a554ab-7ff,,ABSORBIDO,KXS693,R6,Recepción Volcable 2,NO_CLASIFICADO,EVIDENCIA_INSUFICIENTE_ABSORBIDO,0,2026-09-29T22:37:26.415-03:00,2026-09-29T23:34:14.043-03:00,56.79,0,VOLCABLE|BALANZA_EGRESO,RICARDONE,SI
10f0636a-b75,10f0636a-b75,,ABSORBIDO,FEW780,R7,Ricardone → San Lorenzo,NO_CLASIFICADO,EVIDENCIA_INSUFICIENTE_ABSORBIDO,0,2026-09-29T23:37:58.098-03:00,2026-09-30T03:32:40.625-03:00,234.71,0,PREINGRESO|SL_INGRESO|SL_BALANZA_INGRESO|SL_EGRESO,TERMINAL_EMBARQUE,SI
1c204145-664,1c204145-664,,ABSORBIDO,OKH237,R7,Ricardone → San Lorenzo,NO_CLASIFICADO,EVIDENCIA_INSUFICIENTE_ABSORBIDO,0,2026-09-29T23:49:50.322-03:00,2026-09-30T01:19:48.137-03:00,89.96,0,SL_INGRESO|SL_BALANZA_INGRESO|SL_EGRESO,TERMINAL_EMBARQUE,SI
399a769c-b44,399a769c-b44,,ABSORBIDO,MUF492,R7,Ricardone → San Lorenzo,NO_CLASIFICADO,EVIDENCIA_INSUFICIENTE_ABSORBIDO,0,2026-09-29T23:58:45.154-03:00,2026-09-30T04:18:10.876-03:00,259.43,0,SL_INGRESO|SL_BALANZA_INGRESO|SL_EGRESO,TERMINAL_EMBARQUE,SI
34dca908-ca7,34dca908-ca7,,ABSORBIDO,CSB958,CIRCUITO_LIQUIDO,Circuito líquido,NO_CLASIFICADO,EVIDENCIA_INSUFICIENTE_ABSORBIDO,0,2026-09-30T00:01:23.218-03:00,2026-09-30T00:18:38.505-03:00,17.25,0,PREINGRESO|LIQUIDO|EGRESO,,SI
e7d2d30c-cef,e7d2d30c-cef,,ABSORBIDO,KNM561,R7,Ricardone → San Lorenzo,NO_CLASIFICADO,EVIDENCIA_INSUFICIENTE_ABSORBIDO,0,2026-09-30T00:02:38.206-03:00,2026-09-30T01:28:07.697-03:00,85.49,0,SL_INGRESO|SL_BALANZA_INGRESO|SL_EGRESO,TERMINAL_EMBARQUE,SI
64bbfad1-20b,64bbfad1-20b,,ABSORBIDO,AH763FD,R7,Ricardone → San Lorenzo,NO_CLASIFICADO,EVIDENCIA_INSUFICIENTE_ABSORBIDO,0,2026-09-30T00:03:23.169-03:00,2026-09-30T01:35:13.267-03:00,91.83,0,SL_INGRESO|SL_BALANZA_INGRESO|SL_EGRESO,TERMINAL_EMBARQUE,SI
0c4e67cc-a92,0c4e67cc-a92,,ABSORBIDO,AH430WI,R7,Ricardone → San Lorenzo,NO_CLASIFICADO,EVIDENCIA_INSUFICIENTE_ABSORBIDO,0,2026-09-30T00:04:51.094-03:00,2026-09-30T01:49:24.283-03:00,104.55,0,SL_INGRESO|SL_BALANZA_INGRESO|SL_EGRESO,TERMINAL_EMBARQUE,SI
bdaa96a1-b7b,bdaa96a1-b7b,,ABSORBIDO,JHA681,R7,Ricardone → San Lorenzo,NO_CLASIFICADO,EVIDENCIA_INSUFICIENTE_ABSORBIDO,0,2026-09-30T00:05:33.258-03:00,2026-09-30T02:35:10.836-03:00,149.63,0,SL_INGRESO|SL_BALANZA_INGRESO|SL_EGRESO,TERMINAL_EMBARQUE,SI
5f681fe7-70e,5f681fe7-70e,,ABSORBIDO,KGH488,R7,Ricardone → San Lorenzo,NO_CLASIFICADO,EVIDENCIA_INSUFICIENTE_ABSORBIDO,0,2026-09-30T00:09:37.596-03:00,2026-09-30T04:16:37.079-03:00,246.99,0,CALADA|SL_INGRESO|SL_EGRESO,TERMINAL_EMBARQUE,SI
40b60397-4a6,40b60397-4a6,,ABSORBIDO,AD234ER,R7,Ricardone → San Lorenzo,NO_CLASIFICADO,EVIDENCIA_INSUFICIENTE_ABSORBIDO,0,2026-09-30T00:09:41.750-03:00,2026-09-30T02:05:40.208-03:00,115.97,0,SL_INGRESO|SL_EGRESO,TERMINAL_EMBARQUE,SI
9d286947-8e7,9d286947-8e7,,ABSORBIDO,AA719GV,R7,Ricardone → San Lorenzo,NO_CLASIFICADO,EVIDENCIA_INSUFICIENTE_ABSORBIDO,0,2026-09-30T00:11:27.598-03:00,2026-09-30T02:02:16.406-03:00,110.81,0,SL_INGRESO|SL_EGRESO,TERMINAL_EMBARQUE,SI
d4f6d6fb-eb6,d4f6d6fb-eb6,,ABSORBIDO,AD788TS,R7,Ricardone → San Lorenzo,NO_CLASIFICADO,EVIDENCIA_INSUFICIENTE_ABSORBIDO,0,2026-09-30T00:12:14.320-03:00,2026-09-30T02:39:37.102-03:00,147.38,0,SL_INGRESO|SL_BALANZA_INGRESO|SL_EGRESO,TERMINAL_EMBARQUE,SI
05345b48-2a0,05345b48-2a0,,ABSORBIDO,AB072IT,R7,Ricardone → San Lorenzo,NO_CLASIFICADO,EVIDENCIA_INSUFICIENTE_ABSORBIDO,0,2026-09-30T00:13:15.821-03:00,2026-09-30T00:38:55.774-03:00,25.67,0,CALADA|SL_INGRESO,TERMINAL_EMBARQUE,SI
8414fb28-02d__cycle_2,8414fb28-02d,,ABSORBIDO,AYA786,R4,Recepción Silos Kepler 2,NO_CLASIFICADO,EVIDENCIA_INSUFICIENTE_ABSORBIDO,0,2026-09-30T00:16:14.851-03:00,2026-09-30T00:47:38.702-03:00,31.4,0,DESCARGA_S7|BALANZA_EGRESO,RICARDONE,SI
a200e4c3-bd5,a200e4c3-bd5,,ABSORBIDO,ODS934,REGISTRO_INCOMPLETO,Registro incompleto,NO_CLASIFICADO,EVIDENCIA_INSUFICIENTE_ABSORBIDO,0,2026-09-30T00:20:34.267-03:00,2026-09-30T00:44:09.122-03:00,23.58,0,SL_INGRESO|SL_EGRESO,TERMINAL_EMBARQUE,SI
6074d09f-4e1,6074d09f-4e1,,ABSORBIDO,DCC174,R7,Ricardone → San Lorenzo,NO_CLASIFICADO,EVIDENCIA_INSUFICIENTE_ABSORBIDO,0,2026-09-30T00:25:50.427-03:00,2026-09-30T02:44:09.411-03:00,138.32,0,SL_BALANZA_INGRESO|SL_EGRESO,TERMINAL_EMBARQUE,SI
ed19e5f7-9b8,ed19e5f7-9b8,,ABSORBIDO,AG844OC,R7,Ricardone → San Lorenzo,NO_CLASIFICADO,EVIDENCIA_INSUFICIENTE_ABSORBIDO,0,2026-09-30T00:34:43.838-03:00,2026-09-30T03:25:45.299-03:00,171.02,0,SL_INGRESO|SL_BALANZA_INGRESO|SL_EGRESO,TERMINAL_EMBARQUE,SI
42aa9348-a56__cycle_1,42aa9348-a56,,ABSORBIDO,CSB958,REGISTRO_INCOMPLETO,Registro incompleto,NO_CLASIFICADO,EVIDENCIA_INSUFICIENTE_ABSORBIDO,0,2026-09-30T00:37:09.126-03:00,2026-09-30T00:42:13.729-03:00,5.08,0,SL_INGRESO|SL_BALANZA_INGRESO,,SI
cf629272-212,cf629272-212,,ABSORBIDO,AF680SK,R7,Ricardone → San Lorenzo,NO_CLASIFICADO,EVIDENCIA_INSUFICIENTE_ABSORBIDO,0,2026-09-30T00:38:14.013-03:00,2026-09-30T03:48:43.850-03:00,190.5,0,SL_INGRESO|SL_BALANZA_INGRESO|SL_EGRESO,TERMINAL_EMBARQUE,SI
b33f59a9-599__cycle_2,b33f59a9-599,,ABSORBIDO,OFG785,SL1,Recepción Carga OSL San Lorenzo,NO_CLASIFICADO,EVIDENCIA_INSUFICIENTE_ABSORBIDO,0,2026-09-30T00:40:47.326-03:00,2026-09-30T01:15:23.391-03:00,34.6,0,SL_LIQUIDO_CARGA|SL_EGRESO,TERMINAL_EMBARQUE,SI
2042cb29-71e,2042cb29-71e,,ABSORBIDO,JUP399,CIRCUITO_LIQUIDO,Circuito líquido,NO_CLASIFICADO,EVIDENCIA_INSUFICIENTE_ABSORBIDO,0,2026-09-30T00:43:08.487-03:00,2026-09-30T00:58:00.344-03:00,14.86,0,PREINGRESO|LIQUIDO|EGRESO,,SI
dab02b92-642__cycle_2,dab02b92-642,,ABSORBIDO,AB306AB,R4,Recepción Silos Kepler 2,NO_CLASIFICADO,EVIDENCIA_INSUFICIENTE_ABSORBIDO,0,2026-09-30T00:57:29.464-03:00,2026-09-30T01:24:28.029-03:00,26.98,0,DESCARGA_S7|BALANZA_EGRESO,RICARDONE,SI
43ea8393-cd3,43ea8393-cd3,,ABSORBIDO,ODS934,CIRCUITO_SAN_LORENZO,Circuito Ricardone → San Lorenzo,NO_CLASIFICADO,EVIDENCIA_INSUFICIENTE_ABSORBIDO,0,2026-09-30T01:04:29.361-03:00,2026-09-30T01:10:58.949-03:00,6.49,0,PREINGRESO|EGRESO,,SI
267181e2-313,267181e2-313,,ABSORBIDO,SZG666,SL1,Recepción Carga OSL San Lorenzo,NO_CLASIFICADO,EVIDENCIA_INSUFICIENTE_ABSORBIDO,0,2026-09-30T01:11:55.890-03:00,2026-09-30T02:35:57.014-03:00,84.02,0,SL_INGRESO|SL_BALANZA_INGRESO|UNKNOWN|SL_BALANZA_SALIDA|SL_EGRESO,TERMINAL_EMBARQUE,SI
7ba916bb-ece,7ba916bb-ece,,ABSORBIDO,AB028DO,R7,Ricardone → San Lorenzo,NO_CLASIFICADO,EVIDENCIA_INSUFICIENTE_ABSORBIDO,0,2026-09-30T01:27:29.065-03:00,2026-09-30T05:55:52.014-03:00,268.38,0,SL_INGRESO|SL_BALANZA_INGRESO|SL_EGRESO,TERMINAL_EMBARQUE,SI
1b5876f0-926,1b5876f0-926,,ABSORBIDO,AE381DE,R7,Ricardone → San Lorenzo,NO_CLASIFICADO,EVIDENCIA_INSUFICIENTE_ABSORBIDO,0,2026-09-30T01:37:40.299-03:00,2026-09-30T05:09:46.012-03:00,212.1,0,SL_INGRESO|SL_BALANZA_INGRESO|SL_EGRESO,TERMINAL_EMBARQUE,SI
b0682e54-d3a,b0682e54-d3a,,ABSORBIDO,AG883BV,R7,Ricardone → San Lorenzo,NO_CLASIFICADO,EVIDENCIA_INSUFICIENTE_ABSORBIDO,0,2026-09-30T01:39:40.627-03:00,2026-09-30T05:38:35.624-03:00,238.92,0,SL_INGRESO|SL_BALANZA_INGRESO|SL_VOLCABLE|SL_EGRESO,TERMINAL_EMBARQUE,SI
60449cdc-549__cycle_2,60449cdc-549,,ABSORBIDO,FEA642,SL1,Recepción Carga OSL San Lorenzo,NO_CLASIFICADO,EVIDENCIA_INSUFICIENTE_ABSORBIDO,0,2026-09-30T02:01:12.986-03:00,2026-09-30T02:36:43.113-03:00,35.5,0,SL_LIQUIDO_CARGA|SL_EGRESO,TERMINAL_EMBARQUE,SI
022e2cab-508__cycle_2,022e2cab-508,,ABSORBIDO,KOE138,SL1,Recepción Carga OSL San Lorenzo,NO_CLASIFICADO,EVIDENCIA_INSUFICIENTE_ABSORBIDO,0,2026-09-30T02:54:06.136-03:00,2026-09-30T03:36:23.714-03:00,42.29,0,SL_LIQUIDO_CARGA|SL_EGRESO,TERMINAL_EMBARQUE,SI
f6a3dae7-992__cycle_2,f6a3dae7-992,,ABSORBIDO,GTZ627,SL1,Recepción Carga OSL San Lorenzo,NO_CLASIFICADO,EVIDENCIA_INSUFICIENTE_ABSORBIDO,0,2026-09-30T03:20:59.195-03:00,2026-09-30T03:58:18.640-03:00,37.32,0,SL_LIQUIDO_CARGA|SL_EGRESO,TERMINAL_EMBARQUE,SI
67aa2674-dca__cycle_2,67aa2674-dca,,ABSORBIDO,RTW199,R4,Recepción Silos Kepler 2,NO_CLASIFICADO,EVIDENCIA_INSUFICIENTE_ABSORBIDO,0,2026-09-30T03:44:30.958-03:00,2026-09-30T04:12:47.739-03:00,28.28,0,DESCARGA_S7|BALANZA_EGRESO,RICARDONE,SI
8c8e7b02-155,8c8e7b02-155,,ABSORBIDO,AE868LS,CIRCUITO_SAN_LORENZO,Circuito Ricardone → San Lorenzo,NO_CLASIFICADO,EVIDENCIA_INSUFICIENTE_ABSORBIDO,0,2026-09-30T05:08:17.995-03:00,2026-09-30T07:36:57.761-03:00,148.66,0,PREINGRESO|EGRESO,,SI
4bbf3eb4-54a,4bbf3eb4-54a,,ABSORBIDO,EFA323,CIRCUITO_SAN_LORENZO,Circuito Ricardone → San Lorenzo,NO_CLASIFICADO,EVIDENCIA_INSUFICIENTE_ABSORBIDO,0,2026-09-30T05:10:36.244-03:00,2026-09-30T07:40:44.092-03:00,150.13,0,PREINGRESO|EGRESO,,SI
8652a1cb-9f6__cycle_2,8652a1cb-9f6,,ABSORBIDO,KRB128,R4,Recepción Silos Kepler 2,NO_CLASIFICADO,EVIDENCIA_INSUFICIENTE_ABSORBIDO,0,2026-09-30T05:24:27.601-03:00,2026-09-30T05:59:20.511-03:00,34.88,0,DESCARGA_S7|BALANZA_EGRESO,RICARDONE,SI
779d6e66-2bf,779d6e66-2bf,,ABSORBIDO,TLJ573,R7,Ricardone → San Lorenzo,NO_CLASIFICADO,EVIDENCIA_INSUFICIENTE_ABSORBIDO,0,2026-09-30T05:26:58.430-03:00,2026-09-30T08:31:07.311-03:00,184.15,0,CALADA|SL_BALANZA_INGRESO|SL_VOLCABLE|SL_EGRESO,TERMINAL_EMBARQUE,SI
834f153d-8a7,834f153d-8a7,,ABSORBIDO,FDR949,R7,Ricardone → San Lorenzo,NO_CLASIFICADO,EVIDENCIA_INSUFICIENTE_ABSORBIDO,0,2026-09-30T05:30:47.398-03:00,2026-09-30T06:04:58.073-03:00,34.18,0,SL_INGRESO|SL_EGRESO,TERMINAL_EMBARQUE,SI
ab650677-e42,ab650677-e42,,ABSORBIDO,HAU223,R7,Ricardone → San Lorenzo,NO_CLASIFICADO,EVIDENCIA_INSUFICIENTE_ABSORBIDO,0,2026-09-30T05:32:21.803-03:00,2026-09-30T07:46:34.642-03:00,134.21,0,SL_INGRESO|SL_BALANZA_INGRESO|SL_VOLCABLE|SL_EGRESO,TERMINAL_EMBARQUE,SI
03146e53-6dc,03146e53-6dc,,ABSORBIDO,AD872AP,R7,Ricardone → San Lorenzo,NO_CLASIFICADO,EVIDENCIA_INSUFICIENTE_ABSORBIDO,0,2026-09-30T05:33:25.807-03:00,2026-09-30T06:12:15.167-03:00,38.82,0,SL_INGRESO|SL_BALANZA_INGRESO|SL_EGRESO,TERMINAL_EMBARQUE,SI
8985a653-605,8985a653-605,,ABSORBIDO,AA583XJ,R7,Ricardone → San Lorenzo,NO_CLASIFICADO,EVIDENCIA_INSUFICIENTE_ABSORBIDO,0,2026-09-30T05:34:51.971-03:00,2026-09-30T08:18:48.656-03:00,163.94,0,SL_INGRESO|SL_BALANZA_INGRESO|SL_VOLCABLE|SL_EGRESO,TERMINAL_EMBARQUE,SI
f2085317-8f4,f2085317-8f4,,ABSORBIDO,HDT433,R7,Ricardone → San Lorenzo,NO_CLASIFICADO,EVIDENCIA_INSUFICIENTE_ABSORBIDO,0,2026-09-30T05:38:31.183-03:00,2026-09-30T06:36:20.065-03:00,57.81,0,SL_INGRESO|SL_BALANZA_INGRESO|SL_EGRESO,TERMINAL_EMBARQUE,SI
610a62d4-fcf,610a62d4-fcf,,ABSORBIDO,OCK388,R7,Ricardone → San Lorenzo,NO_CLASIFICADO,EVIDENCIA_INSUFICIENTE_ABSORBIDO,0,2026-09-30T05:39:42.069-03:00,2026-09-30T06:45:00.113-03:00,65.3,0,SL_INGRESO|SL_BALANZA_INGRESO|SL_VOLCABLE|SL_EGRESO,TERMINAL_EMBARQUE,SI
c7646f2a-434,c7646f2a-434,,ABSORBIDO,DEN461,R7,Ricardone → San Lorenzo,NO_CLASIFICADO,EVIDENCIA_INSUFICIENTE_ABSORBIDO,0,2026-09-30T05:40:54.074-03:00,2026-09-30T07:33:08.400-03:00,112.24,0,SL_INGRESO|SL_BALANZA_INGRESO|SL_VOLCABLE|SL_EGRESO,TERMINAL_EMBARQUE,SI
c9a85db2-ce5,c9a85db2-ce5,,ABSORBIDO,MZN471,R7,Ricardone → San Lorenzo,NO_CLASIFICADO,EVIDENCIA_INSUFICIENTE_ABSORBIDO,0,2026-09-30T05:44:26.004-03:00,2026-09-30T07:42:09.456-03:00,117.72,0,SL_INGRESO|SL_BALANZA_INGRESO|SL_VOLCABLE|SL_EGRESO,TERMINAL_EMBARQUE,SI
025587ff-618,025587ff-618,,ABSORBIDO,AG623FV,R7,Ricardone → San Lorenzo,NO_CLASIFICADO,EVIDENCIA_INSUFICIENTE_ABSORBIDO,0,2026-09-30T05:53:52.757-03:00,2026-09-30T08:19:54.442-03:00,146.03,0,SL_INGRESO|SL_BALANZA_INGRESO|SL_VOLCABLE|SL_EGRESO,TERMINAL_EMBARQUE,SI
a9754b33-571,a9754b33-571,,ABSORBIDO,SCG152,SL1,Recepción Carga OSL San Lorenzo,NO_CLASIFICADO,EVIDENCIA_INSUFICIENTE_ABSORBIDO,0,2026-09-30T06:22:25.258-03:00,2026-09-30T09:42:48.557-03:00,200.39,0,SL_INGRESO|SL_CALADA|SL_BALANZA_INGRESO|SL_LIQUIDO_CARGA|SL_EGRESO,TERMINAL_EMBARQUE,SI
1bf4ac8d-f84,1bf4ac8d-f84,,ABSORBIDO,EVD342,SL1,Recepción Carga OSL San Lorenzo,NO_CLASIFICADO,EVIDENCIA_INSUFICIENTE_ABSORBIDO,0,2026-09-30T06:30:04.692-03:00,2026-09-30T10:01:40.169-03:00,211.59,0,SL_CALADA|SL_BALANZA_INGRESO|SL_LIQUIDO_CARGA|SL_VOLCABLE|SL_EGRESO,TERMINAL_EMBARQUE,SI
201c6a45-25d,201c6a45-25d,,ABSORBIDO,BTS626,SL1,Recepción Carga OSL San Lorenzo,NO_CLASIFICADO,EVIDENCIA_INSUFICIENTE_ABSORBIDO,0,2026-09-30T06:36:17.068-03:00,2026-09-30T08:43:33.576-03:00,127.28,0,SL_INGRESO|SL_BALANZA_INGRESO|SL_EGRESO,TERMINAL_EMBARQUE,SI
ff9c556d-b8c,ff9c556d-b8c,,ABSORBIDO,LGZ704,SL1,Recepción Carga OSL San Lorenzo,NO_CLASIFICADO,EVIDENCIA_INSUFICIENTE_ABSORBIDO,0,2026-09-30T06:45:36.700-03:00,2026-09-30T08:42:41.955-03:00,117.09,0,SL_INGRESO|SL_CALADA|SL_BALANZA_INGRESO|SL_EGRESO,TERMINAL_EMBARQUE,SI
e057a7a7-461__cycle_2,e057a7a7-461,,ABSORBIDO,AA875OG,SL1,Recepción Carga OSL San Lorenzo,NO_CLASIFICADO,EVIDENCIA_INSUFICIENTE_ABSORBIDO,0,2026-09-30T07:03:09.242-03:00,2026-09-30T10:32:26.003-03:00,209.28,0,SL_INGRESO|SL_CALADA|SL_BALANZA_INGRESO|SL_LIQUIDO_CARGA|SL_VOLCABLE|SL_BALANZA_SALIDA|SL_EGRESO,TERMINAL_EMBARQUE,SI
93db01a1-afb__cycle_2,93db01a1-afb,,ABSORBIDO,AF868VQ,R4,Recepción Silos Kepler 2,NO_CLASIFICADO,EVIDENCIA_INSUFICIENTE_ABSORBIDO,0,2026-09-30T07:06:57.449-03:00,2026-09-30T07:30:42.832-03:00,23.76,0,DESCARGA_S7|BALANZA_EGRESO,RICARDONE,SI
b719ce7f-4f2,b719ce7f-4f2,,ABSORBIDO,AB675DP,REGISTRO_INCOMPLETO,Registro incompleto,NO_CLASIFICADO,EVIDENCIA_INSUFICIENTE_ABSORBIDO,0,2026-09-30T07:11:26.070-03:00,2026-09-30T10:29:18.408-03:00,197.87,0,SL_INGRESO|SL_BALANZA_INGRESO|UNKNOWN|SL_CALADA|SL_BALANZA_INGRESO|SL_VOLCABLE|SL_EGRESO,TERMINAL_EMBARQUE,SI
a6a1abf5-a2c,a6a1abf5-a2c,,ABSORBIDO,KOQ228,SL1,Recepción Carga OSL San Lorenzo,NO_CLASIFICADO,EVIDENCIA_INSUFICIENTE_ABSORBIDO,0,2026-09-30T07:17:14.329-03:00,2026-09-30T12:04:40.423-03:00,287.43,0,SL_INGRESO|SL_CALADA|SL_BALANZA_INGRESO|SL_LIQUIDO_CARGA|SL_VOLCABLE|SL_EGRESO,TERMINAL_EMBARQUE,SI
fa180824-b4b__cycle_2,fa180824-b4b,,ABSORBIDO,AH798ZU,R4,Recepción Silos Kepler 2,NO_CLASIFICADO,EVIDENCIA_INSUFICIENTE_ABSORBIDO,0,2026-09-30T07:21:28.614-03:00,2026-09-30T08:02:45.824-03:00,41.29,0,DESCARGA_S7|BALANZA_EGRESO,RICARDONE,SI
ef3043ad-e39,ef3043ad-e39,,ABSORBIDO,HAQ820,SL1,Recepción Carga OSL San Lorenzo,NO_CLASIFICADO,EVIDENCIA_INSUFICIENTE_ABSORBIDO,0,2026-09-30T07:26:47.231-03:00,2026-09-30T08:12:56.595-03:00,46.16,0,SL_LIQUIDO_CARGA|SL_EGRESO,TERMINAL_EMBARQUE,SI
6741d391-a64,6741d391-a64,,ABSORBIDO,TAC436,CIRCUITO_LIQUIDO,Circuito líquido,NO_CLASIFICADO,EVIDENCIA_INSUFICIENTE_ABSORBIDO,0,2026-09-30T07:33:46.265-03:00,2026-09-30T10:53:48.396-03:00,200.04,0,PREINGRESO|LIQUIDO|PLAYA|BALANZA_EGRESO|SL_INGRESO|SL_BALANZA_INGRESO|SL_BALANZA_INGRESO|SL_VOLCABLE|SL_EGRESO,RICARDONE,SI
e5bb07d4-3e1,e5bb07d4-3e1,,ABSORBIDO,BVS300,CIRCUITO_LIQUIDO,Circuito líquido,NO_CLASIFICADO,EVIDENCIA_INSUFICIENTE_ABSORBIDO,0,2026-09-30T07:34:27.868-03:00,2026-09-30T11:05:16.591-03:00,210.81,0,PREINGRESO|LIQUIDO|PLAYA|BALANZA_EGRESO|SL_INGRESO|SL_BALANZA_INGRESO|SL_VOLCABLE|SL_EGRESO,RICARDONE,SI
51164d43-c7c__cycle_2,51164d43-c7c,,ABSORBIDO,UWX998,DESPACHO_SIN_PUNTO_INSTRUMENTADO,Despacho / descarga sin punto instrumentado,NO_CLASIFICADO,EVIDENCIA_INSUFICIENTE_ABSORBIDO,0,2026-09-30T07:34:54.670-03:00,2026-09-30T11:13:01.857-03:00,218.12,0,PREINGRESO|PLAYA|BALANZA_EGRESO|SL_INGRESO|SL_BALANZA_INGRESO|SL_VOLCABLE|SL_EGRESO,RICARDONE,SI
26166d94-3e4,26166d94-3e4,,ABSORBIDO,CIE516,CIRCUITO_LIQUIDO,Circuito líquido,NO_CLASIFICADO,EVIDENCIA_INSUFICIENTE_ABSORBIDO,0,2026-09-30T07:36:42.594-03:00,2026-09-30T11:56:38.070-03:00,259.92,0,PREINGRESO|LIQUIDO|BALANZA_EGRESO|SL_INGRESO|SL_BALANZA_INGRESO|SL_VOLCABLE|SL_EGRESO,RICARDONE,SI
89281d81-36c__cycle_3,89281d81-36c,,ABSORBIDO,UUO981,CIRCUITO_LIQUIDO,Circuito líquido,NO_CLASIFICADO,EVIDENCIA_INSUFICIENTE_ABSORBIDO,0,2026-09-30T07:37:18.838-03:00,2026-09-30T07:55:26.225-03:00,18.12,0,PREINGRESO|LIQUIDO|EGRESO,,SI
7e284d6e-491,7e284d6e-491,,ABSORBIDO,EEW075,CIRCUITO_LIQUIDO,Circuito líquido,NO_CLASIFICADO,EVIDENCIA_INSUFICIENTE_ABSORBIDO,0,2026-09-30T07:37:49.717-03:00,2026-09-30T12:00:12.796-03:00,262.38,0,PREINGRESO|LIQUIDO|PLAYA|SL_INGRESO|SL_BALANZA_INGRESO|SL_VOLCABLE|SL_EGRESO,RICARDONE,SI
b6f94988-88c,b6f94988-88c,,ABSORBIDO,CMF111,SL1,Recepción Carga OSL San Lorenzo,NO_CLASIFICADO,EVIDENCIA_INSUFICIENTE_ABSORBIDO,0,2026-09-30T07:38:15.844-03:00,2026-09-30T09:06:03.355-03:00,87.79,0,SL_INGRESO|SL_BALANZA_INGRESO|UNKNOWN|SL_VOLCABLE|SL_EGRESO,TERMINAL_EMBARQUE,SI
8b6fe778-220,8b6fe778-220,,ABSORBIDO,KTP4047,REGISTRO_INCOMPLETO,Registro incompleto,NO_CLASIFICADO,EVIDENCIA_INSUFICIENTE_ABSORBIDO,0,2026-09-30T07:40:08.809-03:00,2026-09-30T07:55:19.532-03:00,15.18,0,SL_INGRESO|SL_BALANZA_INGRESO|SL_EGRESO,TERMINAL_EMBARQUE,SI
ce639e1e-931__cycle_2,ce639e1e-931,,ABSORBIDO,FEA810,DESPACHO_SIN_PUNTO_INSTRUMENTADO,Despacho / descarga sin punto instrumentado,NO_CLASIFICADO,EVIDENCIA_INSUFICIENTE_ABSORBIDO,0,2026-09-30T07:42:24.696-03:00,2026-09-30T09:27:53.129-03:00,105.47,0,PREINGRESO|BALANZA_EGRESO|EGRESO,,SI
470bffc9-b98,470bffc9-b98,,ABSORBIDO,GDE552,SL1,Recepción Carga OSL San Lorenzo,NO_CLASIFICADO,EVIDENCIA_INSUFICIENTE_ABSORBIDO,0,2026-09-30T07:45:12.589-03:00,2026-09-30T12:35:03.312-03:00,289.85,0,SL_INGRESO|SL_CALADA|SL_BALANZA_INGRESO|SL_LIQUIDO_CARGA|SL_VOLCABLE|SL_EGRESO,TERMINAL_EMBARQUE,SI
beae6fa6-3b9,beae6fa6-3b9,,ABSORBIDO,CKQ212,CIRCUITO_LIQUIDO,Circuito líquido,NO_CLASIFICADO,EVIDENCIA_INSUFICIENTE_ABSORBIDO,0,2026-09-30T07:46:56.949-03:00,2026-09-30T08:05:17.620-03:00,18.34,0,PREINGRESO|PREINGRESO_EGRESO|LIQUIDO|EGRESO,,SI
9f624a86-5a6,9f624a86-5a6,,ABSORBIDO,ECX249,CIRCUITO_LIQUIDO,Circuito líquido,NO_CLASIFICADO,EVIDENCIA_INSUFICIENTE_ABSORBIDO,0,2026-09-30T07:47:19.340-03:00,2026-09-30T11:41:06.538-03:00,233.79,0,LIQUIDO|PLAYA|BALANZA_EGRESO|SL_INGRESO|SL_BALANZA_INGRESO|SL_VOLCABLE|SL_EGRESO,RICARDONE,SI
76647930-0c2__cycle_1,76647930-0c2,,ABSORBIDO,AE868LS,REGISTRO_INCOMPLETO,Registro incompleto,NO_CLASIFICADO,EVIDENCIA_INSUFICIENTE_ABSORBIDO,0,2026-09-30T07:48:45.960-03:00,2026-09-30T07:50:49.064-03:00,2.05,0,SL_INGRESO|SL_BALANZA_INGRESO,TERMINAL_EMBARQUE,SI
442a5f63-4b5,442a5f63-4b5,,ABSORBIDO,RDL445,CIRCUITO_LIQUIDO,Circuito líquido,NO_CLASIFICADO,EVIDENCIA_INSUFICIENTE_ABSORBIDO,0,2026-09-30T07:49:39.717-03:00,2026-09-30T11:50:15.397-03:00,240.59,0,LIQUIDO|BALANZA_EGRESO|SL_INGRESO|SL_BALANZA_INGRESO|SL_VOLCABLE|SL_EGRESO,RICARDONE,SI
4573abfa-700__cycle_1,4573abfa-700,,ABSORBIDO,EFA323,REGISTRO_INCOMPLETO,Registro incompleto,NO_CLASIFICADO,EVIDENCIA_INSUFICIENTE_ABSORBIDO,0,2026-09-30T07:52:16.702-03:00,2026-09-30T10:08:22.807-03:00,136.1,0,SL_BALANZA_INGRESO|SL_VOLCABLE,TERMINAL_EMBARQUE,SI
c3ca192d-374,c3ca192d-374,,ABSORBIDO,KAD727,REGISTRO_INCOMPLETO,Registro incompleto,NO_CLASIFICADO,EVIDENCIA_INSUFICIENTE_ABSORBIDO,0,2026-09-30T07:52:27.334-03:00,2026-09-30T16:29:13.810-03:00,516.77,0,SL_INGRESO|SL_BALANZA_INGRESO|UNKNOWN|SL_VOLCABLE|SL_EGRESO,TERMINAL_EMBARQUE,SI
672d40c8-774,672d40c8-774,,ABSORBIDO,DGR440,CIRCUITO_LIQUIDO,Circuito líquido,NO_CLASIFICADO,EVIDENCIA_INSUFICIENTE_ABSORBIDO,0,2026-09-30T07:52:31.369-03:00,2026-09-30T08:08:03.869-03:00,15.54,0,PREINGRESO|LIQUIDO|EGRESO,,SI
3d1ed6da-a51__cycle_1,3d1ed6da-a51,,ABSORBIDO,SMN846,REGISTRO_INCOMPLETO,Registro incompleto,NO_CLASIFICADO,EVIDENCIA_INSUFICIENTE_ABSORBIDO,0,2026-09-30T07:53:11.097-03:00,2026-09-30T07:56:45.739-03:00,3.58,0,SL_INGRESO|SL_BALANZA_INGRESO,TERMINAL_EMBARQUE,SI
3fe30f2e-218__cycle_2,3fe30f2e-218,,ABSORBIDO,RAW481,CIRCUITO_LIQUIDO,Circuito líquido,NO_CLASIFICADO,EVIDENCIA_INSUFICIENTE_ABSORBIDO,0,2026-09-30T07:53:35.935-03:00,2026-09-30T08:21:37.917-03:00,28.03,0,PREINGRESO|LIQUIDO|EGRESO,,SI
523c4377-270,523c4377-270,,ABSORBIDO,FDH917,CIRCUITO_LIQUIDO,Circuito líquido,NO_CLASIFICADO,EVIDENCIA_INSUFICIENTE_ABSORBIDO,0,2026-09-30T07:55:15.301-03:00,2026-09-30T08:26:15.293-03:00,31,0,PREINGRESO|LIQUIDO|EGRESO,,SI
5fde8ae6-e08,5fde8ae6-e08,,ABSORBIDO,KEB002,REGISTRO_INCOMPLETO,Registro incompleto,NO_CLASIFICADO,EVIDENCIA_INSUFICIENTE_ABSORBIDO,0,2026-09-30T07:56:03.747-03:00,2026-09-30T13:54:43.634-03:00,358.66,0,SL_INGRESO|SL_CALADA|SL_BALANZA_INGRESO|SL_VOLCABLE|SL_VOLCABLE|SL_VOLCABLE|SL_CALADA|SL_BALANZA_INGRESO|SL_VOLCABLE|SL_EGRESO,TERMINAL_EMBARQUE,SI
7c71edbe-c25,7c71edbe-c25,,ABSORBIDO,FOZ297,CIRCUITO_LIQUIDO,Circuito líquido,NO_CLASIFICADO,EVIDENCIA_INSUFICIENTE_ABSORBIDO,0,2026-09-30T07:56:34.183-03:00,2026-09-30T08:13:42.690-03:00,17.14,0,PREINGRESO|LIQUIDO|EGRESO,,SI
b66d8972-d96,b66d8972-d96,,ABSORBIDO,GES056,CIRCUITO_LIQUIDO,Circuito líquido,NO_CLASIFICADO,EVIDENCIA_INSUFICIENTE_ABSORBIDO,0,2026-09-30T07:57:44.509-03:00,2026-09-30T08:40:21.982-03:00,42.62,0,PREINGRESO|LIQUIDO|EGRESO,,SI
4b9125fe-6e6,4b9125fe-6e6,,ABSORBIDO,JGE107,REGISTRO_INCOMPLETO,Registro incompleto,NO_CLASIFICADO,EVIDENCIA_INSUFICIENTE_ABSORBIDO,0,2026-09-30T08:01:01.460-03:00,2026-09-30T16:26:01.172-03:00,505,0,SL_BALANZA_INGRESO|SL_VOLCABLE|SL_EGRESO,TERMINAL_EMBARQUE,SI
ad2aff7b-1bd,ad2aff7b-1bd,,ABSORBIDO,CGS172,CIRCUITO_LIQUIDO,Circuito líquido,NO_CLASIFICADO,EVIDENCIA_INSUFICIENTE_ABSORBIDO,0,2026-09-30T08:05:35.577-03:00,2026-09-30T08:17:20.302-03:00,11.75,0,PREINGRESO|LIQUIDO|EGRESO,,SI
0d23f756-648,0d23f756-648,,ABSORBIDO,KTP4047,CIRCUITO_SAN_LORENZO,Circuito Ricardone → San Lorenzo,NO_CLASIFICADO,EVIDENCIA_INSUFICIENTE_ABSORBIDO,0,2026-09-30T08:10:47.914-03:00,2026-09-30T10:24:06.446-03:00,133.31,0,PREINGRESO|EGRESO,,SI
87ddf1cd-961__cycle_2,87ddf1cd-961,,ABSORBIDO,NWZ336,SL1,Recepción Carga OSL San Lorenzo,NO_CLASIFICADO,EVIDENCIA_INSUFICIENTE_ABSORBIDO,0,2026-09-30T08:11:50.915-03:00,2026-09-30T09:33:07.565-03:00,81.28,0,UNKNOWN|SL_EGRESO,TERMINAL_EMBARQUE,SI
354ba29a-0a1__cycle_2,354ba29a-0a1,,ABSORBIDO,BHL749,CIRCUITO_LIQUIDO,Circuito líquido,NO_CLASIFICADO,EVIDENCIA_INSUFICIENTE_ABSORBIDO,0,2026-09-30T08:12:11.458-03:00,2026-09-30T08:44:11.914-03:00,32.01,0,PREINGRESO|LIQUIDO|EGRESO,,SI
4f2cac82-e39,4f2cac82-e39,,ABSORBIDO,HGC160,R7,Ricardone → San Lorenzo,NO_CLASIFICADO,EVIDENCIA_INSUFICIENTE_ABSORBIDO,0,2026-09-30T08:14:16.529-03:00,2026-09-30T09:05:17.577-03:00,51.02,0,SL_INGRESO|SL_BALANZA_INGRESO|SL_VOLCABLE|SL_EGRESO,TERMINAL_EMBARQUE,SI
f9cc41e8-8b4,f9cc41e8-8b4,,ABSORBIDO,MVY131,R7,Ricardone → San Lorenzo,NO_CLASIFICADO,EVIDENCIA_INSUFICIENTE_ABSORBIDO,0,2026-09-30T08:16:07.097-03:00,2026-09-30T09:17:44.476-03:00,61.62,0,SL_INGRESO|SL_BALANZA_INGRESO|SL_VOLCABLE|SL_EGRESO,TERMINAL_EMBARQUE,SI
435f986e-238,435f986e-238,,ABSORBIDO,CKQ212,REGISTRO_INCOMPLETO,Registro incompleto,NO_CLASIFICADO,EVIDENCIA_INSUFICIENTE_ABSORBIDO,0,2026-09-30T08:16:22.430-03:00,2026-09-30T12:24:24.217-03:00,248.03,0,PLAYA|BALANZA_EGRESO|SL_INGRESO|SL_BALANZA_INGRESO|SL_VOLCABLE|SL_EGRESO,RICARDONE,SI
587affec-623,587affec-623,,ABSORBIDO,DGR440,REGISTRO_INCOMPLETO,Registro incompleto,NO_CLASIFICADO,EVIDENCIA_INSUFICIENTE_ABSORBIDO,0,2026-09-30T08:16:53.207-03:00,2026-09-30T12:38:24.913-03:00,261.53,0,PLAYA|BALANZA_EGRESO|SL_INGRESO|SL_BALANZA_INGRESO|SL_VOLCABLE|SL_EGRESO,RICARDONE,SI
3bc1dc54-78c,3bc1dc54-78c,,ABSORBIDO,EGV380,SL1,Recepción Carga OSL San Lorenzo,NO_CLASIFICADO,EVIDENCIA_INSUFICIENTE_ABSORBIDO,0,2026-09-30T08:17:05.100-03:00,2026-09-30T13:06:47.204-03:00,289.7,0,SL_INGRESO|SL_CALADA|SL_BALANZA_INGRESO|SL_LIQUIDO_CARGA|SL_VOLCABLE|SL_EGRESO,TERMINAL_EMBARQUE,SI
d79dc197-b10,d79dc197-b10,,ABSORBIDO,AH650BH,R7,Ricardone → San Lorenzo,NO_CLASIFICADO,EVIDENCIA_INSUFICIENTE_ABSORBIDO,0,2026-09-30T08:17:38.141-03:00,2026-09-30T09:21:34.888-03:00,63.95,0,SL_INGRESO|SL_BALANZA_INGRESO|SL_VOLCABLE|SL_EGRESO,TERMINAL_EMBARQUE,SI
15091f09-7cd,15091f09-7cd,,ABSORBIDO,KUH403,REGISTRO_INCOMPLETO,Registro incompleto,NO_CLASIFICADO,EVIDENCIA_INSUFICIENTE_ABSORBIDO,0,2026-09-30T08:18:02.942-03:00,2026-09-30T11:29:11.252-03:00,191.14,0,SL_INGRESO|SL_BALANZA_INGRESO|UNKNOWN|SL_CALADA|SL_BALANZA_INGRESO|SL_VOLCABLE|SL_BALANZA_SALIDA|SL_EGRESO,TERMINAL_EMBARQUE,SI
64d7656b-0d2,64d7656b-0d2,,ABSORBIDO,FVX399,R7,Ricardone → San Lorenzo,NO_CLASIFICADO,EVIDENCIA_INSUFICIENTE_ABSORBIDO,0,2026-09-30T08:19:30.229-03:00,2026-09-30T09:31:08.437-03:00,71.64,0,SL_INGRESO|SL_BALANZA_INGRESO|SL_VOLCABLE|SL_EGRESO,TERMINAL_EMBARQUE,SI
2df2c537-93e,2df2c537-93e,,ABSORBIDO,RXT510,R7,Ricardone → San Lorenzo,NO_CLASIFICADO,EVIDENCIA_INSUFICIENTE_ABSORBIDO,0,2026-09-30T08:20:09.349-03:00,2026-09-30T09:28:51.142-03:00,68.7,0,SL_INGRESO|SL_BALANZA_INGRESO|SL_VOLCABLE|SL_EGRESO,TERMINAL_EMBARQUE,SI
4d30509e-97e,4d30509e-97e,,ABSORBIDO,AH795LV,REGISTRO_INCOMPLETO,Registro incompleto,NO_CLASIFICADO,EVIDENCIA_INSUFICIENTE_ABSORBIDO,0,2026-09-30T08:21:15.673-03:00,2026-09-30T16:25:34.002-03:00,484.31,0,SL_INGRESO|SL_BALANZA_INGRESO|UNKNOWN|UNKNOWN|SL_VOLCABLE|SL_EGRESO,TERMINAL_EMBARQUE,SI
58771bc3-b23,58771bc3-b23,,ABSORBIDO,UUH028,R7,Ricardone → San Lorenzo,NO_CLASIFICADO,EVIDENCIA_INSUFICIENTE_ABSORBIDO,0,2026-09-30T08:22:29.919-03:00,2026-09-30T10:26:37.184-03:00,124.12,0,SL_INGRESO|SL_BALANZA_INGRESO|SL_VOLCABLE|SL_BALANZA_SALIDA|SL_EGRESO,TERMINAL_EMBARQUE,SI
36172767-00f,36172767-00f,,ABSORBIDO,CGS172,REGISTRO_INCOMPLETO,Registro incompleto,NO_CLASIFICADO,EVIDENCIA_INSUFICIENTE_ABSORBIDO,0,2026-09-30T08:23:57.836-03:00,2026-09-30T12:46:16.552-03:00,262.31,0,PLAYA|BALANZA_EGRESO|SL_INGRESO|SL_BALANZA_INGRESO|SL_VOLCABLE|SL_EGRESO,RICARDONE,SI
1dd556bb-c9c,1dd556bb-c9c,,ABSORBIDO,UUO981,REGISTRO_INCOMPLETO,Registro incompleto,NO_CLASIFICADO,EVIDENCIA_INSUFICIENTE_ABSORBIDO,0,2026-09-30T08:24:36.131-03:00,2026-09-30T12:13:16.310-03:00,228.67,0,PLAYA|BALANZA_EGRESO|SL_INGRESO|SL_BALANZA_INGRESO|SL_VOLCABLE|SL_EGRESO,RICARDONE,SI
519cdf77-ffb,519cdf77-ffb,,ABSORBIDO,FOZ297,SL2,Aceite PTO San Lorenzo (sin S10),NO_CLASIFICADO,EVIDENCIA_INSUFICIENTE_ABSORBIDO,0,2026-09-30T08:25:01.366-03:00,2026-09-30T14:00:40.068-03:00,335.65,0,SL_INGRESO|SL_BALANZA_INGRESO|UNKNOWN|SL_EGRESO,TERMINAL_EMBARQUE,SI
f4957623-5fd,f4957623-5fd,,ABSORBIDO,AGR963,SL1,Recepción Carga OSL San Lorenzo,NO_CLASIFICADO,EVIDENCIA_INSUFICIENTE_ABSORBIDO,0,2026-09-30T08:28:05.702-03:00,2026-09-30T09:08:35.496-03:00,40.5,0,SL_LIQUIDO_CARGA|SL_BALANZA_SALIDA|SL_EGRESO,TERMINAL_EMBARQUE,SI
9b31c956-b78,9b31c956-b78,,ABSORBIDO,RNM392,CIRCUITO_LIQUIDO,Circuito líquido,NO_CLASIFICADO,EVIDENCIA_INSUFICIENTE_ABSORBIDO,0,2026-09-30T08:28:40.718-03:00,2026-09-30T08:38:43.177-03:00,10.04,0,PREINGRESO|LIQUIDO|EGRESO,,SI
f0253235-b71,f0253235-b71,,ABSORBIDO,FZV741,R7,Ricardone → San Lorenzo,NO_CLASIFICADO,EVIDENCIA_INSUFICIENTE_ABSORBIDO,0,2026-09-30T08:32:28.192-03:00,2026-09-30T10:31:11.773-03:00,118.73,0,SL_INGRESO|SL_BALANZA_INGRESO|SL_VOLCABLE|SL_BALANZA_SALIDA|SL_EGRESO,TERMINAL_EMBARQUE,SI
159740a3-5af,159740a3-5af,,ABSORBIDO,UUL425,CIRCUITO_LIQUIDO,Circuito líquido,NO_CLASIFICADO,EVIDENCIA_INSUFICIENTE_ABSORBIDO,0,2026-09-30T08:33:01.373-03:00,2026-09-30T08:41:34.305-03:00,8.55,0,PREINGRESO|LIQUIDO|EGRESO,,SI
05bdfc11-66a,05bdfc11-66a,,ABSORBIDO,IZK674,R7,Ricardone → San Lorenzo,NO_CLASIFICADO,EVIDENCIA_INSUFICIENTE_ABSORBIDO,0,2026-09-30T08:33:04.594-03:00,2026-09-30T10:41:35.103-03:00,128.51,0,SL_INGRESO|SL_BALANZA_INGRESO|SL_VOLCABLE|SL_EGRESO,TERMINAL_EMBARQUE,SI
fb14fa62-d6b,fb14fa62-d6b,,ABSORBIDO,SKA637,R7,Ricardone → San Lorenzo,NO_CLASIFICADO,EVIDENCIA_INSUFICIENTE_ABSORBIDO,0,2026-09-30T08:34:10.198-03:00,2026-09-30T11:24:24.457-03:00,170.24,0,SL_INGRESO|SL_BALANZA_INGRESO|SL_VOLCABLE|SL_EGRESO,TERMINAL_EMBARQUE,SI
db4add63-fee,db4add63-fee,,ABSORBIDO,TBK992,R7,Ricardone → San Lorenzo,NO_CLASIFICADO,EVIDENCIA_INSUFICIENTE_ABSORBIDO,0,2026-09-30T08:35:32.923-03:00,2026-09-30T10:56:01.569-03:00,140.48,0,SL_INGRESO|SL_BALANZA_INGRESO|SL_VOLCABLE|SL_EGRESO,TERMINAL_EMBARQUE,SI
8a9a6259-0e9,8a9a6259-0e9,,ABSORBIDO,FDH917,REGISTRO_INCOMPLETO,Registro incompleto,NO_CLASIFICADO,EVIDENCIA_INSUFICIENTE_ABSORBIDO,0,2026-09-30T08:35:35.477-03:00,2026-09-30T13:09:56.360-03:00,274.35,0,PLAYA|BALANZA_EGRESO|SL_INGRESO|SL_BALANZA_INGRESO|SL_VOLCABLE|SL_EGRESO,RICARDONE,SI
c8fad246-be6,c8fad246-be6,,ABSORBIDO,JRM177,R7,Ricardone → San Lorenzo,NO_CLASIFICADO,EVIDENCIA_INSUFICIENTE_ABSORBIDO,0,2026-09-30T08:36:05.325-03:00,2026-09-30T11:00:26.675-03:00,144.36,0,SL_INGRESO|SL_BALANZA_INGRESO|SL_VOLCABLE|SL_EGRESO,TERMINAL_EMBARQUE,SI
fec67b94-288,fec67b94-288,,ABSORBIDO,LCY577,R7,Ricardone → San Lorenzo,NO_CLASIFICADO,EVIDENCIA_INSUFICIENTE_ABSORBIDO,0,2026-09-30T08:36:38.689-03:00,2026-09-30T11:12:17.759-03:00,155.65,0,SL_INGRESO|SL_BALANZA_INGRESO|SL_VOLCABLE|SL_EGRESO,TERMINAL_EMBARQUE,SI
51ded03c-9a2,51ded03c-9a2,,ABSORBIDO,KWO040,SL1,Recepción Carga OSL San Lorenzo,NO_CLASIFICADO,EVIDENCIA_INSUFICIENTE_ABSORBIDO,0,2026-09-30T08:38:59.517-03:00,2026-09-30T13:35:53.903-03:00,296.91,0,SL_INGRESO|SL_CALADA|SL_BALANZA_INGRESO|SL_LIQUIDO_CARGA|SL_EGRESO,TERMINAL_EMBARQUE,SI
c8e5e199-d41,c8e5e199-d41,,ABSORBIDO,RNM392,REGISTRO_INCOMPLETO,Registro incompleto,NO_CLASIFICADO,EVIDENCIA_INSUFICIENTE_ABSORBIDO,0,2026-09-30T08:46:46.519-03:00,2026-09-30T13:22:44.107-03:00,275.96,0,PLAYA|BALANZA_EGRESO|SL_INGRESO|SL_BALANZA_INGRESO|SL_VOLCABLE|SL_EGRESO,RICARDONE,SI
9238a6dc-a29,9238a6dc-a29,,ABSORBIDO,GES056,REGISTRO_INCOMPLETO,Registro incompleto,NO_CLASIFICADO,EVIDENCIA_INSUFICIENTE_ABSORBIDO,0,2026-09-30T08:47:53.150-03:00,2026-09-30T13:33:36.368-03:00,285.72,0,PLAYA|BALANZA_EGRESO|SL_INGRESO|SL_BALANZA_INGRESO|SL_VOLCABLE|SL_EGRESO,RICARDONE,SI
13b24d17-791,13b24d17-791,,ABSORBIDO,AYB759,REGISTRO_INCOMPLETO,Registro incompleto,NO_CLASIFICADO,EVIDENCIA_INSUFICIENTE_ABSORBIDO,0,2026-09-30T08:55:40.254-03:00,2026-09-30T13:46:49.765-03:00,291.16,0,PLAYA|BALANZA_EGRESO|SL_INGRESO|SL_BALANZA_INGRESO|SL_VOLCABLE|SL_EGRESO,RICARDONE,SI
7c676433-c57,7c676433-c57,,ABSORBIDO,BHL749,REGISTRO_INCOMPLETO,Registro incompleto,NO_CLASIFICADO,EVIDENCIA_INSUFICIENTE_ABSORBIDO,0,2026-09-30T08:56:45.880-03:00,2026-09-30T13:58:27.267-03:00,301.69,0,PLAYA|BALANZA_EGRESO|SL_INGRESO|SL_BALANZA_INGRESO|SL_VOLCABLE|SL_EGRESO,RICARDONE,SI
ee2acfcf-3d2,ee2acfcf-3d2,,ABSORBIDO,BTS626,CIRCUITO_SAN_LORENZO,Circuito Ricardone → San Lorenzo,NO_CLASIFICADO,EVIDENCIA_INSUFICIENTE_ABSORBIDO,0,2026-09-30T09:02:42.357-03:00,2026-09-30T12:10:48.038-03:00,188.09,0,PREINGRESO|EGRESO,,SI
b44c9c67-2c2,b44c9c67-2c2,,ABSORBIDO,AG742LY,REGISTRO_INCOMPLETO,Registro incompleto,NO_CLASIFICADO,EVIDENCIA_INSUFICIENTE_ABSORBIDO,0,2026-09-30T09:07:19.538-03:00,2026-09-30T16:27:33.289-03:00,440.23,0,SL_INGRESO|SL_BALANZA_INGRESO|UNKNOWN|UNKNOWN|UNKNOWN|UNKNOWN|UNKNOWN|SL_BALANZA_SALIDA|SL_EGRESO,TERMINAL_EMBARQUE,SI
c7b0566e-e4f,c7b0566e-e4f,,ABSORBIDO,EBO971,CIRCUITO_LIQUIDO,Circuito líquido,NO_CLASIFICADO,EVIDENCIA_INSUFICIENTE_ABSORBIDO,0,2026-09-30T09:09:17.500-03:00,2026-09-30T09:21:41.027-03:00,12.39,0,PREINGRESO|LIQUIDO|EGRESO,,SI
c16c92cf-367__cycle_3,c16c92cf-367,,ABSORBIDO,AF411UI,REGISTRO_INCOMPLETO,Registro incompleto,NO_CLASIFICADO,EVIDENCIA_INSUFICIENTE_ABSORBIDO,0,2026-09-30T09:12:53.718-03:00,2026-09-30T09:36:20.431-03:00,23.45,0,SL_INGRESO|SL_CALADA|SL_BALANZA_INGRESO,,SI
bc4cf1a7-f85__cycle_2,bc4cf1a7-f85,,ABSORBIDO,JDH880,SL2,Aceite PTO San Lorenzo (sin S10),NO_CLASIFICADO,EVIDENCIA_INSUFICIENTE_ABSORBIDO,0,2026-09-30T09:13:07.169-03:00,2026-09-30T09:57:36.592-03:00,44.49,0,UNKNOWN|SL_EGRESO,TERMINAL_EMBARQUE,SI
1d580ad5-da9,1d580ad5-da9,,ABSORBIDO,UUL425,CIRCUITO_LIQUIDO,Circuito líquido,NO_CLASIFICADO,EVIDENCIA_INSUFICIENTE_ABSORBIDO,0,2026-09-30T09:16:57.985-03:00,2026-09-30T09:18:56.297-03:00,1.97,0,LIQUIDO|EGRESO,,SI
af1a72e1-5d8,af1a72e1-5d8,,ABSORBIDO,MWH059,SL1,Recepción Carga OSL San Lorenzo,NO_CLASIFICADO,EVIDENCIA_INSUFICIENTE_ABSORBIDO,0,2026-09-30T09:17:38.853-03:00,2026-09-30T11:10:41.561-03:00,113.05,0,SL_INGRESO|SL_CALADA|SL_BALANZA_INGRESO|SL_LIQUIDO_CARGA|SL_VOLCABLE|SL_EGRESO,TERMINAL_EMBARQUE,SI
a6aaed95-4e9__cycle_2,a6aaed95-4e9,,ABSORBIDO,EAO104,REGISTRO_INCOMPLETO,Registro incompleto,NO_CLASIFICADO,EVIDENCIA_INSUFICIENTE_ABSORBIDO,0,2026-09-30T09:18:05.255-03:00,2026-09-30T11:43:05.745-03:00,145.01,0,SL_INGRESO|SL_CALADA|SL_BALANZA_INGRESO|UNKNOWN|SL_LIQUIDO_CARGA|SL_VOLCABLE|SL_EGRESO,RENOPACK,SI
10e14984-d4a,10e14984-d4a,,ABSORBIDO,UUL425,REGISTRO_INCOMPLETO,Registro incompleto,NO_CLASIFICADO,EVIDENCIA_INSUFICIENTE_ABSORBIDO,0,2026-09-30T09:25:20.393-03:00,2026-09-30T14:10:31.704-03:00,285.19,0,PLAYA|BALANZA_EGRESO|SL_INGRESO|SL_BALANZA_INGRESO|SL_VOLCABLE|SL_EGRESO,RICARDONE,SI
0821ad78-368__cycle_2,0821ad78-368,,ABSORBIDO,GVJ645,SL2,Aceite PTO San Lorenzo (sin S10),NO_CLASIFICADO,EVIDENCIA_INSUFICIENTE_ABSORBIDO,0,2026-09-30T09:27:56.931-03:00,2026-09-30T11:52:34.133-03:00,144.62,0,SL_BALANZA_INGRESO|UNKNOWN|SL_EGRESO,TERMINAL_EMBARQUE,SI
887524b2-511__cycle_2,887524b2-511,,ABSORBIDO,JUP399,SL2,Aceite PTO San Lorenzo (sin S10),NO_CLASIFICADO,EVIDENCIA_INSUFICIENTE_ABSORBIDO,0,2026-09-30T09:29:10.357-03:00,2026-09-30T12:33:37.118-03:00,184.45,0,SL_BALANZA_INGRESO|UNKNOWN|SL_BALANZA_SALIDA|SL_EGRESO,TERMINAL_EMBARQUE,SI
4a242648-84b,4a242648-84b,,ABSORBIDO,CNG506,SL2,Aceite PTO San Lorenzo (sin S10),NO_CLASIFICADO,EVIDENCIA_INSUFICIENTE_ABSORBIDO,0,2026-09-30T09:29:25.214-03:00,2026-09-30T14:45:04.053-03:00,315.65,0,SL_INGRESO|SL_BALANZA_INGRESO|UNKNOWN|SL_EGRESO,TERMINAL_EMBARQUE,SI
414b94b1-7ec,414b94b1-7ec,,ABSORBIDO,EBO971,REGISTRO_INCOMPLETO,Registro incompleto,NO_CLASIFICADO,EVIDENCIA_INSUFICIENTE_ABSORBIDO,0,2026-09-30T09:29:45.472-03:00,2026-09-30T14:53:02.084-03:00,323.28,0,PLAYA|BALANZA_EGRESO|SL_INGRESO|SL_BALANZA_INGRESO|SL_BALANZA_INGRESO|SL_VOLCABLE|SL_EGRESO,RICARDONE,SI
79770d71-661__cycle_2,79770d71-661,,ABSORBIDO,FAZ585,SL2,Aceite PTO San Lorenzo (sin S10),NO_CLASIFICADO,EVIDENCIA_INSUFICIENTE_ABSORBIDO,0,2026-09-30T09:30:26.425-03:00,2026-09-30T13:10:53.143-03:00,220.45,0,SL_BALANZA_INGRESO|UNKNOWN|SL_EGRESO,TERMINAL_EMBARQUE,SI
e8cca6e2-417,e8cca6e2-417,,ABSORBIDO,SZG666,SL1,Recepción Carga OSL San Lorenzo,NO_CLASIFICADO,EVIDENCIA_INSUFICIENTE_ABSORBIDO,0,2026-09-30T09:36:01.479-03:00,2026-09-30T11:06:26.899-03:00,90.42,0,SL_INGRESO|SL_BALANZA_INGRESO|UNKNOWN|SL_VOLCABLE|SL_EGRESO,TERMINAL_EMBARQUE,SI
c5857928-2c7,c5857928-2c7,,ABSORBIDO,RRE349,CIRCUITO_LIQUIDO,Circuito líquido,NO_CLASIFICADO,EVIDENCIA_INSUFICIENTE_ABSORBIDO,0,2026-09-30T09:38:55.922-03:00,2026-09-30T09:47:25.917-03:00,8.5,0,PREINGRESO|LIQUIDO|EGRESO,,SI
71a9542b-685,71a9542b-685,,ABSORBIDO,RXV065,CIRCUITO_LIQUIDO,Circuito líquido,NO_CLASIFICADO,EVIDENCIA_INSUFICIENTE_ABSORBIDO,0,2026-09-30T09:39:28.885-03:00,2026-09-30T09:54:58.584-03:00,15.49,0,PREINGRESO|LIQUIDO|EGRESO,,SI
4f6c49c0-6b0,4f6c49c0-6b0,,ABSORBIDO,KWN857,REGISTRO_INCOMPLETO,Registro incompleto,NO_CLASIFICADO,EVIDENCIA_INSUFICIENTE_ABSORBIDO,0,2026-09-30T09:40:01.732-03:00,2026-09-30T16:58:15.026-03:00,438.22,0,SL_INGRESO|SL_BALANZA_INGRESO|UNKNOWN|SL_CALADA|SL_BALANZA_INGRESO|SL_VOLCABLE|SL_INGRESO|SL_BALANZA_INGRESO|UNKNOWN|SL_CALADA|SL_BALANZA_INGRESO|SL_EGRESO,TERMINAL_EMBARQUE,SI
7dae95aa-396,7dae95aa-396,,ABSORBIDO,CFQ560,CIRCUITO_LIQUIDO,Circuito líquido,NO_CLASIFICADO,EVIDENCIA_INSUFICIENTE_ABSORBIDO,0,2026-09-30T09:40:30.409-03:00,2026-09-30T09:53:16.898-03:00,12.77,0,PREINGRESO|LIQUIDO|EGRESO,,SI
f0e103ef-60b,f0e103ef-60b,,ABSORBIDO,RUK692,REGISTRO_INCOMPLETO,Registro incompleto,NO_CLASIFICADO,EVIDENCIA_INSUFICIENTE_ABSORBIDO,0,2026-09-30T09:42:33.823-03:00,2026-09-30T11:45:33.965-03:00,123,0,SL_INGRESO|SL_BALANZA_INGRESO|SL_VOLCABLE|SL_EGRESO,TERMINAL_EMBARQUE,SI
23d97822-b61,23d97822-b61,,ABSORBIDO,AH532DB,REGISTRO_INCOMPLETO,Registro incompleto,NO_CLASIFICADO,EVIDENCIA_INSUFICIENTE_ABSORBIDO,0,2026-09-30T09:46:58.076-03:00,2026-09-30T14:43:12.169-03:00,296.23,0,SL_INGRESO|SL_CALADA|SL_BALANZA_INGRESO|UNKNOWN|SL_EGRESO,TERMINAL_EMBARQUE,SI
ed897429-45a,ed897429-45a,,ABSORBIDO,UPW705,CIRCUITO_LIQUIDO,Circuito líquido,NO_CLASIFICADO,EVIDENCIA_INSUFICIENTE_ABSORBIDO,0,2026-09-30T09:49:49.642-03:00,2026-09-30T10:01:10.925-03:00,11.35,0,PREINGRESO|LIQUIDO|EGRESO,,SI
fc1a56ed-c2f__cycle_1,fc1a56ed-c2f,,ABSORBIDO,FDJ642,DESPACHO_SIN_PUNTO_INSTRUMENTADO,Despacho / descarga sin punto instrumentado,NO_CLASIFICADO,EVIDENCIA_INSUFICIENTE_ABSORBIDO,0,2026-09-30T09:50:31.404-03:00,2026-09-30T11:15:05.206-03:00,84.56,0,PREINGRESO|CALADA,,SI
ec7e2c42-f26,ec7e2c42-f26,,ABSORBIDO,RRE349,REGISTRO_INCOMPLETO,Registro incompleto,NO_CLASIFICADO,EVIDENCIA_INSUFICIENTE_ABSORBIDO,0,2026-09-30T09:54:35.110-03:00,2026-09-30T15:47:19.439-03:00,352.74,0,PLAYA|BALANZA_EGRESO|SL_INGRESO|SL_BALANZA_INGRESO|SL_VOLCABLE|SL_EGRESO,RICARDONE,SI
d35180b5-b2f,d35180b5-b2f,,ABSORBIDO,RAW481,REGISTRO_INCOMPLETO,Registro incompleto,NO_CLASIFICADO,EVIDENCIA_INSUFICIENTE_ABSORBIDO,0,2026-09-30T09:57:17.344-03:00,2026-09-30T12:58:36.448-03:00,181.32,0,BALANZA_EGRESO|SL_INGRESO|SL_BALANZA_INGRESO|SL_EGRESO,RICARDONE,SI
a80d5af0-eb4,a80d5af0-eb4,,ABSORBIDO,ODS934,CIRCUITO_SAN_LORENZO,Circuito Ricardone → San Lorenzo,NO_CLASIFICADO,EVIDENCIA_INSUFICIENTE_ABSORBIDO,0,2026-09-30T09:58:46.554-03:00,2026-09-30T11:34:57.894-03:00,96.19,0,PREINGRESO|CALADA|EGRESO,,SI
8ec6fed6-755,8ec6fed6-755,,ABSORBIDO,LAU467,REGISTRO_INCOMPLETO,Registro incompleto,NO_CLASIFICADO,EVIDENCIA_INSUFICIENTE_ABSORBIDO,0,2026-09-30T09:58:56.997-03:00,2026-09-30T11:28:13.309-03:00,89.27,0,SL_INGRESO|SL_BALANZA_INGRESO|SL_VOLCABLE|SL_EGRESO,TERMINAL_EMBARQUE,SI
ec2b3ecf-ea7,ec2b3ecf-ea7,,ABSORBIDO,UKL882,CIRCUITO_LIQUIDO,Circuito líquido,NO_CLASIFICADO,EVIDENCIA_INSUFICIENTE_ABSORBIDO,0,2026-09-30T10:03:17.368-03:00,2026-09-30T10:11:37.043-03:00,8.33,0,PREINGRESO|LIQUIDO|EGRESO,,SI
bec541ac-34c,bec541ac-34c,,ABSORBIDO,SFY369,SL1,Recepción Carga OSL San Lorenzo,NO_CLASIFICADO,EVIDENCIA_INSUFICIENTE_ABSORBIDO,0,2026-09-30T10:03:26.695-03:00,2026-09-30T13:55:56.521-03:00,232.5,0,SL_INGRESO|SL_CALADA|SL_BALANZA_INGRESO|UNKNOWN|SL_LIQUIDO_CARGA|SL_EGRESO,TERMINAL_EMBARQUE,SI
f9a555e4-6b1,f9a555e4-6b1,,ABSORBIDO,CFQ560,REGISTRO_INCOMPLETO,Registro incompleto,NO_CLASIFICADO,EVIDENCIA_INSUFICIENTE_ABSORBIDO,0,2026-09-30T10:03:29.261-03:00,2026-09-30T15:09:10.311-03:00,305.68,0,PLAYA|SL_INGRESO|SL_BALANZA_INGRESO|SL_VOLCABLE|SL_EGRESO,RICARDONE,SI
2ead7e3a-a63,2ead7e3a-a63,,ABSORBIDO,RXV065,REGISTRO_INCOMPLETO,Registro incompleto,NO_CLASIFICADO,EVIDENCIA_INSUFICIENTE_ABSORBIDO,0,2026-09-30T10:04:27.604-03:00,2026-09-30T14:58:42.940-03:00,294.26,0,PLAYA|BALANZA_EGRESO|SL_INGRESO|SL_BALANZA_INGRESO|SL_VOLCABLE|SL_EGRESO,RICARDONE,SI
a0974d16-5fb,a0974d16-5fb,,ABSORBIDO,VCK738,REGISTRO_INCOMPLETO,Registro incompleto,NO_CLASIFICADO,EVIDENCIA_INSUFICIENTE_ABSORBIDO,0,2026-09-30T10:05:52.622-03:00,2026-09-30T13:42:36.064-03:00,216.72,0,SL_INGRESO|SL_BALANZA_INGRESO|UNKNOWN|SL_BALANZA_SALIDA|SL_EGRESO,TERMINAL_EMBARQUE,SI
90647781-c53,90647781-c53,,ABSORBIDO,AA703FC,REGISTRO_INCOMPLETO,Registro incompleto,NO_CLASIFICADO,EVIDENCIA_INSUFICIENTE_ABSORBIDO,0,2026-09-30T10:07:27.347-03:00,2026-09-30T11:25:13.717-03:00,77.77,0,SL_INGRESO|SL_BALANZA_INGRESO|UNKNOWN|SL_VOLCABLE|SL_EGRESO,TERMINAL_EMBARQUE,SI
21c06352-e54,21c06352-e54,,ABSORBIDO,FLF111,SL2,Aceite PTO San Lorenzo (sin S10),NO_CLASIFICADO,EVIDENCIA_INSUFICIENTE_ABSORBIDO,0,2026-09-30T10:08:21.750-03:00,2026-09-30T14:42:24.309-03:00,274.04,0,SL_INGRESO|SL_BALANZA_INGRESO|UNKNOWN|SL_EGRESO,TERMINAL_EMBARQUE,SI
954eb9a3-427,954eb9a3-427,,ABSORBIDO,UPW705,REGISTRO_INCOMPLETO,Registro incompleto,NO_CLASIFICADO,EVIDENCIA_INSUFICIENTE_ABSORBIDO,0,2026-09-30T10:09:54.274-03:00,2026-09-30T15:09:38.483-03:00,299.74,0,PLAYA|SL_BALANZA_INGRESO|SL_VOLCABLE|SL_EGRESO,RICARDONE,SI
e68bfcf8-43c,e68bfcf8-43c,,ABSORBIDO,UAJ766,REGISTRO_INCOMPLETO,Registro incompleto,NO_CLASIFICADO,EVIDENCIA_INSUFICIENTE_ABSORBIDO,0,2026-09-30T10:15:06.096-03:00,2026-09-30T10:51:43.266-03:00,36.62,0,SL_INGRESO|SL_BALANZA_INGRESO|SL_EGRESO,RICARDONE,SI
7b1ab7a7-343,7b1ab7a7-343,,ABSORBIDO,UKL882,REGISTRO_INCOMPLETO,Registro incompleto,NO_CLASIFICADO,EVIDENCIA_INSUFICIENTE_ABSORBIDO,0,2026-09-30T10:20:31.147-03:00,2026-09-30T15:15:17.150-03:00,294.77,0,PLAYA|BALANZA_EGRESO|SL_INGRESO|SL_BALANZA_INGRESO|SL_VOLCABLE|SL_BALANZA_SALIDA|SL_EGRESO,RICARDONE,SI
a59fbdb5-ca8,a59fbdb5-ca8,,ABSORBIDO,TVH101,CIRCUITO_LIQUIDO,Circuito líquido,NO_CLASIFICADO,EVIDENCIA_INSUFICIENTE_ABSORBIDO,0,2026-09-30T10:27:29.692-03:00,2026-09-30T10:35:50.405-03:00,8.35,0,PREINGRESO|LIQUIDO|EGRESO,,SI
1b989b8e-9a6,1b989b8e-9a6,,ABSORBIDO,FFU874,SL1,Recepción Carga OSL San Lorenzo,NO_CLASIFICADO,EVIDENCIA_INSUFICIENTE_ABSORBIDO,0,2026-09-30T10:29:28.225-03:00,2026-09-30T14:06:55.458-03:00,217.45,0,SL_INGRESO|SL_CALADA|SL_BALANZA_INGRESO|UNKNOWN|SL_LIQUIDO_CARGA|SL_EGRESO,TERMINAL_EMBARQUE,SI
42aa9348-a56__cycle_2,42aa9348-a56,,ABSORBIDO,CSB958,SL2,Aceite PTO San Lorenzo (sin S10),NO_CLASIFICADO,EVIDENCIA_INSUFICIENTE_ABSORBIDO,0,2026-09-30T10:30:42.056-03:00,2026-09-30T11:10:08.908-03:00,39.45,0,UNKNOWN|SL_EGRESO,TERMINAL_EMBARQUE,SI
356d2733-532,356d2733-532,,ABSORBIDO,UYM942,CIRCUITO_SAN_LORENZO,Circuito Ricardone → San Lorenzo,NO_CLASIFICADO,EVIDENCIA_INSUFICIENTE_ABSORBIDO,0,2026-09-30T10:32:12.270-03:00,2026-09-30T10:42:38.350-03:00,10.43,0,PREINGRESO|EGRESO,,SI
3903352a-4b1,3903352a-4b1,,ABSORBIDO,TVH101,REGISTRO_INCOMPLETO,Registro incompleto,NO_CLASIFICADO,EVIDENCIA_INSUFICIENTE_ABSORBIDO,0,2026-09-30T10:42:30.531-03:00,2026-09-30T15:28:11.540-03:00,285.68,0,PLAYA|BALANZA_EGRESO|SL_INGRESO|SL_BALANZA_INGRESO|SL_VOLCABLE|SL_EGRESO,RICARDONE,SI
a152f7bf-855,a152f7bf-855,,ABSORBIDO,OLL595,REGISTRO_INCOMPLETO,Registro incompleto,NO_CLASIFICADO,EVIDENCIA_INSUFICIENTE_ABSORBIDO,0,2026-09-30T10:42:41.393-03:00,2026-09-30T13:01:44.330-03:00,139.05,0,SL_INGRESO|SL_BALANZA_INGRESO|UNKNOWN,,SI
3cde7c3b-bef,3cde7c3b-bef,,ABSORBIDO,AF013EZ,REGISTRO_INCOMPLETO,Registro incompleto,NO_CLASIFICADO,EVIDENCIA_INSUFICIENTE_ABSORBIDO,0,2026-09-30T10:44:33.877-03:00,2026-09-30T11:14:43.098-03:00,30.15,0,SL_INGRESO|SL_BALANZA_INGRESO|SL_BALANZA_SALIDA|SL_EGRESO,TERMINAL_EMBARQUE,SI
f2acea64-f10,f2acea64-f10,,ABSORBIDO,AZG422,CIRCUITO_LIQUIDO,Circuito líquido,NO_CLASIFICADO,EVIDENCIA_INSUFICIENTE_ABSORBIDO,0,2026-09-30T10:46:28.478-03:00,2026-09-30T10:55:56.397-03:00,9.47,0,PREINGRESO|LIQUIDO|EGRESO,,SI
56c15164-c51,56c15164-c51,,ABSORBIDO,HWU967,REGISTRO_INCOMPLETO,Registro incompleto,NO_CLASIFICADO,EVIDENCIA_INSUFICIENTE_ABSORBIDO,0,2026-09-30T10:49:23.285-03:00,2026-09-30T12:34:40.063-03:00,105.28,0,BALANZA_EGRESO|SL_INGRESO|SL_BALANZA_INGRESO|UNKNOWN|SL_EGRESO,RICARDONE,SI
c5187cb3-335,c5187cb3-335,,ABSORBIDO,UYM942,REGISTRO_INCOMPLETO,Registro incompleto,NO_CLASIFICADO,EVIDENCIA_INSUFICIENTE_ABSORBIDO,0,2026-09-30T10:50:33.738-03:00,2026-09-30T15:30:56.126-03:00,280.37,0,PLAYA|SL_INGRESO|SL_BALANZA_INGRESO|SL_VOLCABLE|SL_BALANZA_SALIDA|SL_EGRESO,RICARDONE,SI
b6e88027-b9e,b6e88027-b9e,,ABSORBIDO,KTH930,REGISTRO_INCOMPLETO,Registro incompleto,NO_CLASIFICADO,EVIDENCIA_INSUFICIENTE_ABSORBIDO,0,2026-09-30T10:57:30.722-03:00,2026-09-30T11:45:56.974-03:00,48.44,0,SL_INGRESO|SL_BALANZA_INGRESO|UNKNOWN|SL_VOLCABLE|SL_EGRESO,TERMINAL_EMBARQUE,SI
beb8b8c8-49c,beb8b8c8-49c,,ABSORBIDO,AC612CX,REGISTRO_INCOMPLETO,Registro incompleto,NO_CLASIFICADO,EVIDENCIA_INSUFICIENTE_ABSORBIDO,0,2026-09-30T11:03:01.542-03:00,2026-09-30T11:58:21.752-03:00,55.34,0,SL_INGRESO|SL_BALANZA_INGRESO|SL_EGRESO,TERMINAL_EMBARQUE,SI
17409898-6c2,17409898-6c2,,ABSORBIDO,TAC436,CIRCUITO_LIQUIDO,Circuito líquido,NO_CLASIFICADO,EVIDENCIA_INSUFICIENTE_ABSORBIDO,0,2026-09-30T11:09:51.360-03:00,2026-09-30T11:34:14.771-03:00,24.39,0,PREINGRESO|LIQUIDO|EGRESO,,SI
cf3f91a2-681,cf3f91a2-681,,ABSORBIDO,AZG422,REGISTRO_INCOMPLETO,Registro incompleto,NO_CLASIFICADO,EVIDENCIA_INSUFICIENTE_ABSORBIDO,0,2026-09-30T11:13:37.555-03:00,2026-09-30T15:37:32.204-03:00,263.91,0,PLAYA|BALANZA_EGRESO|SL_INGRESO|SL_BALANZA_INGRESO|SL_VOLCABLE|SL_EGRESO,RICARDONE,SI
f86f9d3f-ea5,f86f9d3f-ea5,,ABSORBIDO,FEA642,SL1,Recepción Carga OSL San Lorenzo,NO_CLASIFICADO,EVIDENCIA_INSUFICIENTE_ABSORBIDO,0,2026-09-30T11:15:15.426-03:00,2026-09-30T16:12:15.517-03:00,297,0,SL_INGRESO|SL_CALADA|SL_BALANZA_INGRESO|UNKNOWN|SL_LIQUIDO_CARGA|SL_LIQUIDO_CARGA|UNKNOWN|SL_EGRESO,TERMINAL_EMBARQUE,SI
6f7d7e5f-668,6f7d7e5f-668,,ABSORBIDO,VAJ028,CIRCUITO_LIQUIDO,Circuito líquido,NO_CLASIFICADO,EVIDENCIA_INSUFICIENTE_ABSORBIDO,0,2026-09-30T11:15:46.180-03:00,2026-09-30T11:35:49.577-03:00,20.06,0,PREINGRESO|LIQUIDO|EGRESO,,SI
14dc4524-973,14dc4524-973,,ABSORBIDO,BVS300,CIRCUITO_LIQUIDO,Circuito líquido,NO_CLASIFICADO,EVIDENCIA_INSUFICIENTE_ABSORBIDO,0,2026-09-30T11:16:31.145-03:00,2026-09-30T11:37:54.063-03:00,21.38,0,PREINGRESO|LIQUIDO|EGRESO,,SI
60e17ccc-d91,60e17ccc-d91,,ABSORBIDO,FEA810,DESPACHO_SIN_PUNTO_INSTRUMENTADO,Despacho / descarga sin punto instrumentado,NO_CLASIFICADO,EVIDENCIA_INSUFICIENTE_ABSORBIDO,0,2026-09-30T11:18:51.319-03:00,2026-09-30T12:08:24.111-03:00,49.55,0,PLAYA|BALANZA_EGRESO|EGRESO,,SI
a22a87f5-803,a22a87f5-803,,ABSORBIDO,RLP943,CIRCUITO_LIQUIDO,Circuito líquido,NO_CLASIFICADO,EVIDENCIA_INSUFICIENTE_ABSORBIDO,0,2026-09-30T11:18:55.233-03:00,2026-09-30T13:08:48.722-03:00,109.89,0,PREINGRESO|PREINGRESO|LIQUIDO|EGRESO,,SI
3e362948-2dd,3e362948-2dd,,ABSORBIDO,SAT582,CIRCUITO_LIQUIDO,Circuito líquido,NO_CLASIFICADO,EVIDENCIA_INSUFICIENTE_ABSORBIDO,0,2026-09-30T11:19:57.475-03:00,2026-09-30T11:38:20.386-03:00,18.38,0,PREINGRESO|LIQUIDO|EGRESO,,SI
6d571dff-ebf,6d571dff-ebf,,ABSORBIDO,UWX998,CIRCUITO_LIQUIDO,Circuito líquido,NO_CLASIFICADO,EVIDENCIA_INSUFICIENTE_ABSORBIDO,0,2026-09-30T11:25:23.737-03:00,2026-09-30T16:13:50.075-03:00,288.44,0,PREINGRESO|LIQUIDO|SL_INGRESO|SL_BALANZA_INGRESO|SL_VOLCABLE|SL_EGRESO,RICARDONE,SI
a63fe418-7fa,a63fe418-7fa,,ABSORBIDO,AE762DG,R4,Recepción Silos Kepler 2,NO_CLASIFICADO,EVIDENCIA_INSUFICIENTE_ABSORBIDO,0,2026-09-30T11:28:09.055-03:00,2026-09-30T14:55:41.668-03:00,207.54,0,PLAYA|DESCARGA_S7|BALANZA_EGRESO,RICARDONE,SI
47294489-bb9,47294489-bb9,,ABSORBIDO,WGG348,SL1,Recepción Carga OSL San Lorenzo,NO_CLASIFICADO,EVIDENCIA_INSUFICIENTE_ABSORBIDO,0,2026-09-30T11:28:49.153-03:00,2026-09-30T15:45:33.877-03:00,256.75,0,SL_INGRESO|SL_CALADA|SL_BALANZA_INGRESO|UNKNOWN|SL_LIQUIDO_CARGA|UNKNOWN|SL_EGRESO,TERMINAL_EMBARQUE,SI
d0c39eb4-8c2__cycle_1,d0c39eb4-8c2,,ABSORBIDO,AFB273,DESPACHO_SIN_PUNTO_INSTRUMENTADO,Despacho / descarga sin punto instrumentado,NO_CLASIFICADO,EVIDENCIA_INSUFICIENTE_ABSORBIDO,0,2026-09-30T11:30:09.273-03:00,2026-09-30T11:42:12.365-03:00,12.05,0,PREINGRESO|CALADA,,SI
b1996ec8-343,b1996ec8-343,,ABSORBIDO,KTP4047,REGISTRO_INCOMPLETO,Registro incompleto,NO_CLASIFICADO,EVIDENCIA_INSUFICIENTE_ABSORBIDO,0,2026-09-30T11:32:20.366-03:00,2026-09-30T11:49:04.209-03:00,16.73,0,SL_INGRESO|SL_BALANZA_INGRESO|SL_VOLCABLE|SL_EGRESO,,SI
e7aecd2f-f90,e7aecd2f-f90,,ABSORBIDO,AG991NU,R4,Recepción Silos Kepler 2,NO_CLASIFICADO,EVIDENCIA_INSUFICIENTE_ABSORBIDO,0,2026-09-30T11:32:28.128-03:00,2026-09-30T15:37:43.655-03:00,245.26,0,PLAYA|DESCARGA_S7|BALANZA_EGRESO,RICARDONE,SI
8b8f17af-ace,8b8f17af-ace,,ABSORBIDO,AD187IU,REGISTRO_INCOMPLETO,Registro incompleto,NO_CLASIFICADO,EVIDENCIA_INSUFICIENTE_ABSORBIDO,0,2026-09-30T11:35:21.336-03:00,2026-09-30T13:01:02.346-03:00,85.68,0,SL_INGRESO|SL_BALANZA_INGRESO|SL_VOLCABLE|SL_EGRESO,TERMINAL_EMBARQUE,SI
ddda3a30-ecb,ddda3a30-ecb,,ABSORBIDO,OHO175,R7,Ricardone → San Lorenzo,NO_CLASIFICADO,EVIDENCIA_INSUFICIENTE_ABSORBIDO,0,2026-09-30T11:38:24.307-03:00,2026-09-30T12:11:40.832-03:00,33.28,0,SL_INGRESO|SL_BALANZA_INGRESO|SL_VOLCABLE|SL_BALANZA_SALIDA|SL_EGRESO,TERMINAL_EMBARQUE,SI
09a252e7-551,09a252e7-551,,ABSORBIDO,TAC436,REGISTRO_INCOMPLETO,Registro incompleto,NO_CLASIFICADO,EVIDENCIA_INSUFICIENTE_ABSORBIDO,0,2026-09-30T11:42:42.702-03:00,2026-09-30T16:10:06.386-03:00,267.39,0,PLAYA|BALANZA_EGRESO|SL_INGRESO|SL_BALANZA_INGRESO|SL_VOLCABLE|SL_EGRESO,RICARDONE,SI
dff4518d-961,dff4518d-961,,ABSORBIDO,DKS130,R7,Ricardone → San Lorenzo,NO_CLASIFICADO,EVIDENCIA_INSUFICIENTE_ABSORBIDO,0,2026-09-30T11:43:53.765-03:00,2026-09-30T14:36:23.085-03:00,172.49,0,SL_INGRESO|SL_BALANZA_INGRESO|SL_VOLCABLE|SL_EGRESO,TERMINAL_EMBARQUE,SI
5b612bf5-434,5b612bf5-434,,ABSORBIDO,WNL428,SL2,Aceite PTO San Lorenzo (sin S10),NO_CLASIFICADO,EVIDENCIA_INSUFICIENTE_ABSORBIDO,0,2026-09-30T11:44:51.530-03:00,2026-09-30T15:20:00.264-03:00,215.15,0,SL_INGRESO|SL_BALANZA_INGRESO|UNKNOWN|SL_EGRESO,TERMINAL_EMBARQUE,SI
f1cb0cc0-ee9,f1cb0cc0-ee9,,ABSORBIDO,VAJ028,REGISTRO_INCOMPLETO,Registro incompleto,NO_CLASIFICADO,EVIDENCIA_INSUFICIENTE_ABSORBIDO,0,2026-09-30T11:44:55.616-03:00,2026-09-30T16:10:35.157-03:00,265.66,0,PLAYA|BALANZA_EGRESO|SL_INGRESO|SL_BALANZA_INGRESO|SL_VOLCABLE|SL_EGRESO,RICARDONE,SI
038acc63-b8d,038acc63-b8d,,ABSORBIDO,LUV179,R7,Ricardone → San Lorenzo,NO_CLASIFICADO,EVIDENCIA_INSUFICIENTE_ABSORBIDO,0,2026-09-30T11:45:29.932-03:00,2026-09-30T12:22:55.421-03:00,37.42,0,SL_INGRESO|SL_BALANZA_INGRESO|SL_VOLCABLE|SL_EGRESO,TERMINAL_EMBARQUE,SI
2c361fe4-ff1,2c361fe4-ff1,,ABSORBIDO,BVS300,REGISTRO_INCOMPLETO,Registro incompleto,NO_CLASIFICADO,EVIDENCIA_INSUFICIENTE_ABSORBIDO,0,2026-09-30T11:45:38.473-03:00,2026-09-30T16:10:56.926-03:00,265.31,0,PLAYA|BALANZA_EGRESO|SL_INGRESO|SL_BALANZA_INGRESO|SL_VOLCABLE|SL_EGRESO,RICARDONE,SI
05dd7c03-f39,05dd7c03-f39,,ABSORBIDO,SAT582,REGISTRO_INCOMPLETO,Registro incompleto,NO_CLASIFICADO,EVIDENCIA_INSUFICIENTE_ABSORBIDO,0,2026-09-30T11:46:17.489-03:00,2026-09-30T16:20:35.637-03:00,274.3,0,PLAYA|BALANZA_EGRESO|SL_INGRESO|SL_BALANZA_INGRESO|SL_VOLCABLE|SL_EGRESO,RICARDONE,SI
e832c37b-8cb,e832c37b-8cb,,ABSORBIDO,AI470QY,R7,Ricardone → San Lorenzo,NO_CLASIFICADO,EVIDENCIA_INSUFICIENTE_ABSORBIDO,0,2026-09-30T11:46:40.416-03:00,2026-09-30T12:30:01.712-03:00,43.35,0,SL_INGRESO|SL_BALANZA_INGRESO|SL_VOLCABLE|SL_EGRESO,TERMINAL_EMBARQUE,SI
16ec6f05-8b3,16ec6f05-8b3,,ABSORBIDO,ODS934,R7,Ricardone → San Lorenzo,NO_CLASIFICADO,EVIDENCIA_INSUFICIENTE_ABSORBIDO,0,2026-09-30T11:47:09.376-03:00,2026-09-30T13:57:19.633-03:00,130.17,0,SL_INGRESO|SL_BALANZA_INGRESO|SL_VOLCABLE|SL_BALANZA_SALIDA|SL_EGRESO,TERMINAL_EMBARQUE,SI
e96d1b03-41b,e96d1b03-41b,,ABSORBIDO,FKW297,R7,Ricardone → San Lorenzo,NO_CLASIFICADO,EVIDENCIA_INSUFICIENTE_ABSORBIDO,0,2026-09-30T11:48:19.380-03:00,2026-09-30T14:03:36.979-03:00,135.29,0,SL_INGRESO|SL_BALANZA_INGRESO|SL_EGRESO,TERMINAL_EMBARQUE,SI
b5dac3b9-098,b5dac3b9-098,,ABSORBIDO,UER485,CIRCUITO_LIQUIDO,Circuito líquido,NO_CLASIFICADO,EVIDENCIA_INSUFICIENTE_ABSORBIDO,0,2026-09-30T11:50:45.903-03:00,2026-09-30T12:33:07.078-03:00,42.35,0,PREINGRESO|PREINGRESO|LIQUIDO|EGRESO,,SI
0df8b07a-4c1,0df8b07a-4c1,,ABSORBIDO,AB706WB,R7,Ricardone → San Lorenzo,NO_CLASIFICADO,EVIDENCIA_INSUFICIENTE_ABSORBIDO,0,2026-09-30T11:50:55.152-03:00,2026-09-30T14:52:02.621-03:00,181.12,0,SL_INGRESO|SL_BALANZA_INGRESO|SL_VOLCABLE|SL_BALANZA_SALIDA|SL_EGRESO,TERMINAL_EMBARQUE,SI
c27c04ce-a1a,c27c04ce-a1a,,ABSORBIDO,ECX249,CIRCUITO_LIQUIDO,Circuito líquido,NO_CLASIFICADO,EVIDENCIA_INSUFICIENTE_ABSORBIDO,0,2026-09-30T11:55:12.161-03:00,2026-09-30T12:09:20.595-03:00,14.14,0,PREINGRESO|LIQUIDO|EGRESO,,SI
a5801a2f-d92,a5801a2f-d92,,ABSORBIDO,CDF727,SL1,Recepción Carga OSL San Lorenzo,NO_CLASIFICADO,EVIDENCIA_INSUFICIENTE_ABSORBIDO,0,2026-09-30T11:55:12.287-03:00,2026-09-30T17:01:19.020-03:00,306.11,0,SL_INGRESO|SL_CALADA|SL_BALANZA_INGRESO|SL_BALANZA_INGRESO|SL_LIQUIDO_CARGA|SL_EGRESO,TERMINAL_EMBARQUE,SI
b58115f1-9b7,b58115f1-9b7,,ABSORBIDO,KOE138,SL1,Recepción Carga OSL San Lorenzo,NO_CLASIFICADO,EVIDENCIA_INSUFICIENTE_ABSORBIDO,0,2026-09-30T11:55:49.489-03:00,2026-09-30T17:21:37.747-03:00,325.8,0,SL_INGRESO|SL_CALADA|SL_BALANZA_INGRESO|SL_LIQUIDO_CARGA|SL_EGRESO,TERMINAL_EMBARQUE,SI
0512f2c7-e46,0512f2c7-e46,,ABSORBIDO,RDL445,CIRCUITO_LIQUIDO,Circuito líquido,NO_CLASIFICADO,EVIDENCIA_INSUFICIENTE_ABSORBIDO,0,2026-09-30T11:58:48.368-03:00,2026-09-30T16:39:57.667-03:00,281.15,0,PREINGRESO|LIQUIDO|PLAYA|BALANZA_EGRESO|SL_INGRESO|SL_BALANZA_INGRESO|SL_VOLCABLE|SL_EGRESO,RICARDONE,SI
82bf7927-933,82bf7927-933,,ABSORBIDO,IWR678,R7,Ricardone → San Lorenzo,NO_CLASIFICADO,EVIDENCIA_INSUFICIENTE_ABSORBIDO,0,2026-09-30T11:59:34.620-03:00,2026-09-30T15:01:03.597-03:00,181.48,0,SL_INGRESO|SL_BALANZA_INGRESO|SL_VOLCABLE|SL_EGRESO,TERMINAL_EMBARQUE,SI
11ab6202-364,11ab6202-364,,ABSORBIDO,CMF111,SL1,Recepción Carga OSL San Lorenzo,NO_CLASIFICADO,EVIDENCIA_INSUFICIENTE_ABSORBIDO,0,2026-09-30T12:02:25.830-03:00,2026-09-30T13:31:09.789-03:00,88.73,0,SL_INGRESO|SL_BALANZA_INGRESO|UNKNOWN|SL_EGRESO,TERMINAL_EMBARQUE,SI
92d2fdb5-42e,92d2fdb5-42e,,ABSORBIDO,CIE516,CIRCUITO_LIQUIDO,Circuito líquido,NO_CLASIFICADO,EVIDENCIA_INSUFICIENTE_ABSORBIDO,0,2026-09-30T12:04:27.333-03:00,2026-09-30T12:11:45.962-03:00,7.31,0,PREINGRESO|LIQUIDO|EGRESO,,SI
4d8a2d0a-4a0,4d8a2d0a-4a0,,ABSORBIDO,EEW075,CIRCUITO_LIQUIDO,Circuito líquido,NO_CLASIFICADO,EVIDENCIA_INSUFICIENTE_ABSORBIDO,0,2026-09-30T12:08:44.230-03:00,2026-09-30T12:13:43.570-03:00,4.99,0,PREINGRESO|LIQUIDO|EGRESO,,SI
1c8db0dc-e1e,1c8db0dc-e1e,,ABSORBIDO,ECX249,REGISTRO_INCOMPLETO,Registro incompleto,NO_CLASIFICADO,EVIDENCIA_INSUFICIENTE_ABSORBIDO,0,2026-09-30T12:19:18.014-03:00,2026-09-30T16:35:55.810-03:00,256.63,0,PLAYA|BALANZA_EGRESO|SL_INGRESO|SL_BALANZA_INGRESO|SL_VOLCABLE|SL_EGRESO,RICARDONE,SI
4d96a597-20b,4d96a597-20b,,ABSORBIDO,EEW075,REGISTRO_INCOMPLETO,Registro incompleto,NO_CLASIFICADO,EVIDENCIA_INSUFICIENTE_ABSORBIDO,0,2026-09-30T12:22:33.110-03:00,2026-09-30T16:53:24.670-03:00,270.86,0,PLAYA|SL_INGRESO|SL_BALANZA_INGRESO|SL_VOLCABLE|SL_EGRESO,RICARDONE,SI
df304797-831__cycle_2,df304797-831,,ABSORBIDO,VJG112,CIRCUITO_LIQUIDO,Circuito líquido,NO_CLASIFICADO,EVIDENCIA_INSUFICIENTE_ABSORBIDO,0,2026-09-30T12:23:23.481-03:00,2026-09-30T12:44:26.155-03:00,21.04,0,PREINGRESO|LIQUIDO|EGRESO,,SI
22fe5ac6-734,22fe5ac6-734,,ABSORBIDO,AD887XZ,SL1,Recepción Carga OSL San Lorenzo,NO_CLASIFICADO,EVIDENCIA_INSUFICIENTE_ABSORBIDO,0,2026-09-30T12:23:51.055-03:00,2026-09-30T20:26:17.015-03:00,482.43,0,SL_INGRESO|SL_CALADA|SL_BALANZA_INGRESO|UNKNOWN|SL_LIQUIDO_CARGA|SL_EGRESO,TERMINAL_EMBARQUE,SI
951dc7f1-50b,951dc7f1-50b,,ABSORBIDO,UUO981,CIRCUITO_LIQUIDO,Circuito líquido,NO_CLASIFICADO,EVIDENCIA_INSUFICIENTE_ABSORBIDO,0,2026-09-30T12:24:43.885-03:00,2026-09-30T12:36:26.049-03:00,11.7,0,PREINGRESO|LIQUIDO|EGRESO,RICARDONE,SI
1fdd14f9-d67,1fdd14f9-d67,,ABSORBIDO,EYH843,CIRCUITO_LIQUIDO,Circuito líquido,NO_CLASIFICADO,EVIDENCIA_INSUFICIENTE_ABSORBIDO,0,2026-09-30T12:25:11.405-03:00,2026-09-30T13:20:34.843-03:00,55.39,0,PREINGRESO|PREINGRESO|LIQUIDO|EGRESO,,SI
b70a4ea3-8ab,b70a4ea3-8ab,,ABSORBIDO,MWH059,REGISTRO_INCOMPLETO,Registro incompleto,NO_CLASIFICADO,EVIDENCIA_INSUFICIENTE_ABSORBIDO,0,2026-09-30T12:27:19.787-03:00,2026-09-30T16:51:38.348-03:00,264.31,0,SL_INGRESO|SL_CALADA|SL_BALANZA_INGRESO|UNKNOWN|SL_LIQUIDO_CARGA|UNKNOWN|SL_EGRESO,RENOPACK,SI
0628d401-a80,0628d401-a80,,ABSORBIDO,CRJ139,CIRCUITO_LIQUIDO,Circuito líquido,NO_CLASIFICADO,EVIDENCIA_INSUFICIENTE_ABSORBIDO,0,2026-09-30T12:32:27.592-03:00,2026-09-30T12:41:28.067-03:00,9.01,0,PREINGRESO|LIQUIDO|EGRESO,,SI
e56074b7-00a,e56074b7-00a,,ABSORBIDO,TAO150,CIRCUITO_LIQUIDO,Circuito líquido,NO_CLASIFICADO,EVIDENCIA_INSUFICIENTE_ABSORBIDO,0,2026-09-30T12:32:35.951-03:00,2026-09-30T12:36:04.367-03:00,3.47,0,LIQUIDO|EGRESO,,SI
d3acea05-c29,d3acea05-c29,,ABSORBIDO,CKQ212,CIRCUITO_LIQUIDO,Circuito líquido,NO_CLASIFICADO,EVIDENCIA_INSUFICIENTE_ABSORBIDO,0,2026-09-30T12:35:44.804-03:00,2026-09-30T12:45:25.121-03:00,9.67,0,PREINGRESO|LIQUIDO|EGRESO,,SI
57fae79e-637,57fae79e-637,,ABSORBIDO,HWU967,REGISTRO_INCOMPLETO,Registro incompleto,NO_CLASIFICADO,EVIDENCIA_INSUFICIENTE_ABSORBIDO,0,2026-09-30T12:37:26.303-03:00,2026-09-30T13:09:01.698-03:00,31.59,0,SL_INGRESO|SL_BALANZA_INGRESO|SL_EGRESO,TERMINAL_EMBARQUE,SI
ac3c61fb-0b2,ac3c61fb-0b2,,ABSORBIDO,UER485,REGISTRO_INCOMPLETO,Registro incompleto,NO_CLASIFICADO,EVIDENCIA_INSUFICIENTE_ABSORBIDO,0,2026-09-30T12:41:09.724-03:00,2026-09-30T17:02:55.818-03:00,261.77,0,PLAYA|BALANZA_EGRESO|SL_INGRESO|SL_BALANZA_INGRESO|SL_VOLCABLE|SL_EGRESO,RICARDONE,SI
5d7970bf-355,5d7970bf-355,,ABSORBIDO,UUO981,CIRCUITO_LIQUIDO,Circuito líquido,NO_CLASIFICADO,EVIDENCIA_INSUFICIENTE_ABSORBIDO,0,2026-09-30T12:48:06.013-03:00,2026-09-30T23:16:22.810-03:00,628.28,0,PLAYA|BALANZA_EGRESO|SL_INGRESO|SL_BALANZA_INGRESO|SL_VOLCABLE|PREINGRESO|LIQUIDO|PLAYA|BALANZA_EGRESO|SL_INGRESO|SL_BALANZA_INGRESO|SL_VOLCABLE|SL_EGRESO,RICARDONE,SI
5af41f2c-0b3,5af41f2c-0b3,,ABSORBIDO,DTG181,CIRCUITO_SAN_LORENZO,Circuito Ricardone → San Lorenzo,NO_CLASIFICADO,EVIDENCIA_INSUFICIENTE_ABSORBIDO,0,2026-09-30T12:49:07.809-03:00,2026-09-30T12:58:11.245-03:00,9.06,0,PREINGRESO|EGRESO,,SI
c575a952-5e2,c575a952-5e2,,ABSORBIDO,DGR440,CIRCUITO_LIQUIDO,Circuito líquido,NO_CLASIFICADO,EVIDENCIA_INSUFICIENTE_ABSORBIDO,0,2026-09-30T12:49:44.211-03:00,2026-09-30T18:05:46.859-03:00,316.04,0,PREINGRESO|LIQUIDO|PLAYA|BALANZA_EGRESO|SL_INGRESO|SL_BALANZA_INGRESO|SL_VOLCABLE|SL_EGRESO,RICARDONE,SI
87687814-1f5,87687814-1f5,,ABSORBIDO,AB675DP,REGISTRO_INCOMPLETO,Registro incompleto,NO_CLASIFICADO,EVIDENCIA_INSUFICIENTE_ABSORBIDO,0,2026-09-30T12:50:19.706-03:00,2026-09-30T16:09:08.802-03:00,198.82,0,SL_INGRESO|SL_BALANZA_INGRESO|SL_CALADA|SL_BALANZA_INGRESO|SL_EGRESO,TERMINAL_EMBARQUE,SI
f0cc52d0-b17,f0cc52d0-b17,,ABSORBIDO,AA703FC,REGISTRO_INCOMPLETO,Registro incompleto,NO_CLASIFICADO,EVIDENCIA_INSUFICIENTE_ABSORBIDO,0,2026-09-30T12:52:10.594-03:00,2026-09-30T15:18:12.060-03:00,146.02,0,SL_INGRESO|SL_BALANZA_INGRESO|UNKNOWN|SL_BALANZA_SALIDA|SL_EGRESO,TERMINAL_EMBARQUE,SI
4245e09e-d7a,4245e09e-d7a,,ABSORBIDO,CRJ139,REGISTRO_INCOMPLETO,Registro incompleto,NO_CLASIFICADO,EVIDENCIA_INSUFICIENTE_ABSORBIDO,0,2026-09-30T12:53:32.993-03:00,2026-09-30T17:35:58.771-03:00,282.43,0,PLAYA|BALANZA_EGRESO|SL_INGRESO|SL_BALANZA_INGRESO|SL_VOLCABLE|SL_EGRESO,RICARDONE,SI
569aae0b-560,569aae0b-560,,ABSORBIDO,CKQ212,REGISTRO_INCOMPLETO,Registro incompleto,NO_CLASIFICADO,EVIDENCIA_INSUFICIENTE_ABSORBIDO,0,2026-09-30T12:58:01.008-03:00,2026-09-30T17:38:48.482-03:00,280.79,0,PLAYA|BALANZA_EGRESO|SL_INGRESO|SL_BALANZA_INGRESO|SL_VOLCABLE|SL_EGRESO,RICARDONE,SI
a84d6d58-0d9,a84d6d58-0d9,,ABSORBIDO,CGS172,CIRCUITO_LIQUIDO,Circuito líquido,NO_CLASIFICADO,EVIDENCIA_INSUFICIENTE_ABSORBIDO,0,2026-09-30T12:59:03.765-03:00,2026-09-30T13:06:13.032-03:00,7.15,0,PREINGRESO|LIQUIDO|EGRESO,,SI
b37f3287-542,b37f3287-542,,ABSORBIDO,CIE516,REGISTRO_INCOMPLETO,Registro incompleto,NO_CLASIFICADO,EVIDENCIA_INSUFICIENTE_ABSORBIDO,0,2026-09-30T12:59:45.663-03:00,2026-09-30T16:48:36.475-03:00,228.85,0,BALANZA_EGRESO|SL_INGRESO|SL_BALANZA_INGRESO|SL_VOLCABLE|SL_EGRESO,RICARDONE,SI
ec2985c1-439,ec2985c1-439,,ABSORBIDO,DTG181,REGISTRO_INCOMPLETO,Registro incompleto,NO_CLASIFICADO,EVIDENCIA_INSUFICIENTE_ABSORBIDO,0,2026-09-30T13:06:00.287-03:00,2026-09-30T17:54:05.939-03:00,288.09,0,PLAYA|BALANZA_EGRESO|SL_INGRESO|SL_BALANZA_INGRESO|SL_VOLCABLE|SL_EGRESO,RICARDONE,SI
4ecc4389-31e__cycle_1,4ecc4389-31e,,ABSORBIDO,UUU110,SL2,Aceite PTO San Lorenzo (sin S10),NO_CLASIFICADO,EVIDENCIA_INSUFICIENTE_ABSORBIDO,0,2026-09-30T13:12:18.265-03:00,2026-09-30T14:38:16.972-03:00,85.98,0,SL_INGRESO|UNKNOWN,TERMINAL_EMBARQUE,SI
5a218e92-3d1,5a218e92-3d1,,ABSORBIDO,CGS172,REGISTRO_INCOMPLETO,Registro incompleto,NO_CLASIFICADO,EVIDENCIA_INSUFICIENTE_ABSORBIDO,0,2026-09-30T13:13:29.297-03:00,2026-09-30T18:13:40.289-03:00,300.18,0,PLAYA|BALANZA_EGRESO|SL_INGRESO|SL_BALANZA_INGRESO|SL_VOLCABLE|SL_EGRESO,RICARDONE,SI
03a7bf45-7ca,03a7bf45-7ca,,ABSORBIDO,RLP943,REGISTRO_INCOMPLETO,Registro incompleto,NO_CLASIFICADO,EVIDENCIA_INSUFICIENTE_ABSORBIDO,0,2026-09-30T13:15:25.584-03:00,2026-09-30T18:20:26.211-03:00,305.01,0,PLAYA|BALANZA_EGRESO|SL_INGRESO|SL_BALANZA_INGRESO|SL_VOLCABLE|SL_EGRESO,RICARDONE,SI
48d792eb-b65,48d792eb-b65,,ABSORBIDO,RAW481,CIRCUITO_LIQUIDO,Circuito líquido,NO_CLASIFICADO,EVIDENCIA_INSUFICIENTE_ABSORBIDO,0,2026-09-30T13:28:02.825-03:00,2026-09-30T13:35:40.334-03:00,7.63,0,PREINGRESO|LIQUIDO|EGRESO,,SI
11682ce3-61f,11682ce3-61f,,ABSORBIDO,TAO150,REGISTRO_INCOMPLETO,Registro incompleto,NO_CLASIFICADO,EVIDENCIA_INSUFICIENTE_ABSORBIDO,0,2026-09-30T13:28:07.203-03:00,2026-09-30T17:24:54.986-03:00,236.8,0,BALANZA_EGRESO|SL_INGRESO|SL_BALANZA_INGRESO|SL_VOLCABLE|SL_EGRESO,RICARDONE,SI
97dd2392-60d,97dd2392-60d,,ABSORBIDO,EYH843,REGISTRO_INCOMPLETO,Registro incompleto,NO_CLASIFICADO,EVIDENCIA_INSUFICIENTE_ABSORBIDO,0,2026-09-30T13:28:44.479-03:00,2026-09-30T18:30:06.963-03:00,301.37,0,PLAYA|BALANZA_EGRESO|SL_INGRESO|SL_BALANZA_INGRESO|SL_VOLCABLE|SL_EGRESO,RICARDONE,SI
d970cd2c-e87,d970cd2c-e87,,ABSORBIDO,FDH917,CIRCUITO_LIQUIDO,Circuito líquido,NO_CLASIFICADO,EVIDENCIA_INSUFICIENTE_ABSORBIDO,0,2026-09-30T13:29:57.552-03:00,2026-09-30T13:38:11.065-03:00,8.23,0,PREINGRESO|LIQUIDO|EGRESO,,SI
e1cbd684-aa1,e1cbd684-aa1,,ABSORBIDO,AC184IH,R7,Ricardone → San Lorenzo,NO_CLASIFICADO,EVIDENCIA_INSUFICIENTE_ABSORBIDO,0,2026-09-30T13:30:40.809-03:00,2026-09-30T15:02:45.317-03:00,92.08,0,SL_INGRESO|SL_BALANZA_INGRESO|SL_VOLCABLE|SL_EGRESO,TERMINAL_EMBARQUE,SI
6a9733ff-4ad,6a9733ff-4ad,,ABSORBIDO,PIJ265,R7,Ricardone → San Lorenzo,NO_CLASIFICADO,EVIDENCIA_INSUFICIENTE_ABSORBIDO,0,2026-09-30T13:31:41.770-03:00,2026-09-30T15:55:13.188-03:00,143.52,0,SL_INGRESO|SL_BALANZA_INGRESO|SL_VOLCABLE|SL_BALANZA_SALIDA|SL_EGRESO,TERMINAL_EMBARQUE,SI
0266a0e9-376,0266a0e9-376,,ABSORBIDO,FEA810,CIRCUITO_LIQUIDO,Circuito líquido,NO_CLASIFICADO,EVIDENCIA_INSUFICIENTE_ABSORBIDO,0,2026-09-30T13:32:05.820-03:00,2026-09-30T14:50:09.259-03:00,78.06,0,PLAYA|BALANZA_EGRESO|LIQUIDO|EGRESO,RICARDONE,SI
6521e90b-2da,6521e90b-2da,,ABSORBIDO,AI208OH,R7,Ricardone → San Lorenzo,NO_CLASIFICADO,EVIDENCIA_INSUFICIENTE_ABSORBIDO,0,2026-09-30T13:34:14.659-03:00,2026-09-30T16:11:15.413-03:00,157.01,0,SL_INGRESO|SL_BALANZA_INGRESO|SL_VOLCABLE|SL_BALANZA_SALIDA|SL_EGRESO,TERMINAL_EMBARQUE,SI
220630b8-54c,220630b8-54c,,ABSORBIDO,JVA446,R7,Ricardone → San Lorenzo,NO_CLASIFICADO,EVIDENCIA_INSUFICIENTE_ABSORBIDO,0,2026-09-30T13:35:21.863-03:00,2026-09-30T16:11:40.703-03:00,156.31,0,SL_INGRESO|SL_BALANZA_INGRESO|SL_VOLCABLE|SL_EGRESO,TERMINAL_EMBARQUE,SI
4b3aa00d-2be,4b3aa00d-2be,,ABSORBIDO,RNM392,CIRCUITO_LIQUIDO,Circuito líquido,NO_CLASIFICADO,EVIDENCIA_INSUFICIENTE_ABSORBIDO,0,2026-09-30T13:41:58.156-03:00,2026-09-30T13:49:59.907-03:00,8.03,0,PREINGRESO|LIQUIDO|EGRESO,,SI
eb814b0a-d57,eb814b0a-d57,,ABSORBIDO,RAW481,REGISTRO_INCOMPLETO,Registro incompleto,NO_CLASIFICADO,EVIDENCIA_INSUFICIENTE_ABSORBIDO,0,2026-09-30T13:43:37.916-03:00,2026-09-30T18:37:47.307-03:00,294.16,0,PLAYA|BALANZA_EGRESO|SL_INGRESO|SL_BALANZA_INGRESO|SL_VOLCABLE|SL_EGRESO,RICARDONE,SI
0c48606a-d0e,0c48606a-d0e,,ABSORBIDO,FDH917,REGISTRO_INCOMPLETO,Registro incompleto,NO_CLASIFICADO,EVIDENCIA_INSUFICIENTE_ABSORBIDO,0,2026-09-30T13:46:52.913-03:00,2026-09-30T18:46:00.664-03:00,299.13,0,PLAYA|BALANZA_EGRESO|SL_INGRESO|SL_BALANZA_INGRESO|SL_VOLCABLE|SL_EGRESO,RICARDONE,SI
89b314e0-54d,89b314e0-54d,,ABSORBIDO,KUH403,REGISTRO_INCOMPLETO,Registro incompleto,NO_CLASIFICADO,EVIDENCIA_INSUFICIENTE_ABSORBIDO,0,2026-09-30T13:49:41.754-03:00,2026-09-30T16:24:25.782-03:00,154.73,0,SL_INGRESO|SL_BALANZA_INGRESO|UNKNOWN|SL_CALADA|SL_BALANZA_INGRESO|SL_EGRESO,TERMINAL_EMBARQUE,SI
3b0d722c-69e,3b0d722c-69e,,ABSORBIDO,AH575YL,R7,Ricardone → San Lorenzo,NO_CLASIFICADO,EVIDENCIA_INSUFICIENTE_ABSORBIDO,0,2026-09-30T13:51:57.121-03:00,2026-09-30T16:48:13.025-03:00,176.27,0,SL_INGRESO|SL_BALANZA_INGRESO|SL_VOLCABLE|SL_EGRESO,TERMINAL_EMBARQUE,SI
8e66235a-e62,8e66235a-e62,,ABSORBIDO,IAB283,R7,Ricardone → San Lorenzo,NO_CLASIFICADO,EVIDENCIA_INSUFICIENTE_ABSORBIDO,0,2026-09-30T13:53:16.808-03:00,2026-09-30T16:59:45.222-03:00,186.47,0,SL_INGRESO|SL_BALANZA_INGRESO|SL_VOLCABLE|SL_EGRESO,TERMINAL_EMBARQUE,SI
56dee18b-60b__cycle_2,56dee18b-60b,,ABSORBIDO,TDQ017,REGISTRO_INCOMPLETO,Registro incompleto,NO_CLASIFICADO,EVIDENCIA_INSUFICIENTE_ABSORBIDO,0,2026-09-30T13:54:17.129-03:00,2026-09-30T16:55:49.127-03:00,181.53,0,SL_INGRESO|SL_BALANZA_INGRESO|SL_EGRESO,TERMINAL_EMBARQUE,SI
568ed4ad-3b0,568ed4ad-3b0,,ABSORBIDO,DBC994,R7,Ricardone → San Lorenzo,NO_CLASIFICADO,EVIDENCIA_INSUFICIENTE_ABSORBIDO,0,2026-09-30T13:57:11.940-03:00,2026-09-30T17:20:04.029-03:00,202.87,0,SL_INGRESO|SL_BALANZA_INGRESO|SL_VOLCABLE|SL_EGRESO,TERMINAL_EMBARQUE,SI
3a2e6e45-a44,3a2e6e45-a44,,ABSORBIDO,RNM392,REGISTRO_INCOMPLETO,Registro incompleto,NO_CLASIFICADO,EVIDENCIA_INSUFICIENTE_ABSORBIDO,0,2026-09-30T13:57:15.322-03:00,2026-09-30T19:53:54.949-03:00,356.66,0,PLAYA|BALANZA_EGRESO|SL_INGRESO|SL_BALANZA_INGRESO|SL_VOLCABLE|SL_EGRESO,RICARDONE,SI
7d870241-16d,7d870241-16d,,ABSORBIDO,GES056,CIRCUITO_LIQUIDO,Circuito líquido,NO_CLASIFICADO,EVIDENCIA_INSUFICIENTE_ABSORBIDO,0,2026-09-30T13:57:46.291-03:00,2026-09-30T14:05:35.561-03:00,7.82,0,PREINGRESO|LIQUIDO|EGRESO,,SI
799314fc-cb2,799314fc-cb2,,ABSORBIDO,VJG112,REGISTRO_INCOMPLETO,Registro incompleto,NO_CLASIFICADO,EVIDENCIA_INSUFICIENTE_ABSORBIDO,0,2026-09-30T13:59:43.868-03:00,2026-09-30T17:28:21.148-03:00,208.62,0,SL_INGRESO|SL_VOLCABLE|SL_EGRESO,RICARDONE,SI
07a61947-b25,07a61947-b25,,ABSORBIDO,LUJ718,R7,Ricardone → San Lorenzo,NO_CLASIFICADO,EVIDENCIA_INSUFICIENTE_ABSORBIDO,0,2026-09-30T14:00:48.194-03:00,2026-09-30T16:51:12.697-03:00,170.41,0,SL_INGRESO|SL_BALANZA_INGRESO|SL_VOLCABLE|SL_EGRESO,TERMINAL_EMBARQUE,SI
83672ded-112,83672ded-112,,ABSORBIDO,AE052QO,REGISTRO_INCOMPLETO,Registro incompleto,NO_CLASIFICADO,EVIDENCIA_INSUFICIENTE_ABSORBIDO,0,2026-09-30T14:03:17.161-03:00,2026-09-30T15:23:07.699-03:00,79.84,0,SL_INGRESO|SL_BALANZA_INGRESO|UNKNOWN|UNKNOWN|SL_BALANZA_SALIDA|SL_EGRESO,TERMINAL_EMBARQUE,SI
b9c9ef59-a3f,b9c9ef59-a3f,,ABSORBIDO,MGD161,REGISTRO_INCOMPLETO,Registro incompleto,NO_CLASIFICADO,EVIDENCIA_INSUFICIENTE_ABSORBIDO,0,2026-09-30T14:07:13.175-03:00,2026-09-30T15:26:27.418-03:00,79.24,0,SL_INGRESO|SL_BALANZA_INGRESO|UNKNOWN|SL_EGRESO,TERMINAL_EMBARQUE,SI
a6872b5a-53b,a6872b5a-53b,,ABSORBIDO,AA230MJ,R7,Ricardone → San Lorenzo,NO_CLASIFICADO,EVIDENCIA_INSUFICIENTE_ABSORBIDO,0,2026-09-30T14:10:59.829-03:00,2026-09-30T17:07:04.918-03:00,176.08,0,SL_INGRESO|SL_BALANZA_INGRESO|SL_VOLCABLE|SL_EGRESO,TERMINAL_EMBARQUE,SI
769ce1ad-17d,769ce1ad-17d,,ABSORBIDO,KUB033,R7,Ricardone → San Lorenzo,NO_CLASIFICADO,EVIDENCIA_INSUFICIENTE_ABSORBIDO,0,2026-09-30T14:11:56.073-03:00,2026-09-30T17:31:53.833-03:00,199.96,0,SL_INGRESO|SL_BALANZA_INGRESO|SL_VOLCABLE|SL_EGRESO,TERMINAL_EMBARQUE,SI
29dabcdc-14e,29dabcdc-14e,,ABSORBIDO,GES056,REGISTRO_INCOMPLETO,Registro incompleto,NO_CLASIFICADO,EVIDENCIA_INSUFICIENTE_ABSORBIDO,0,2026-09-30T14:12:00.400-03:00,2026-09-30T19:48:05.969-03:00,336.09,0,PLAYA|BALANZA_EGRESO|SL_INGRESO|SL_BALANZA_INGRESO|SL_EGRESO,RICARDONE,SI
4f3bb289-fce,4f3bb289-fce,,ABSORBIDO,AC658DF,R4,Recepción Silos Kepler 2,NO_CLASIFICADO,EVIDENCIA_INSUFICIENTE_ABSORBIDO,0,2026-09-30T14:17:24.727-03:00,2026-09-30T16:39:42.034-03:00,142.29,0,PLAYA|DESCARGA_S7|BALANZA_EGRESO,RICARDONE,SI
6590ebe9-eb2,6590ebe9-eb2,,ABSORBIDO,SFN197,R4,Recepción Silos Kepler 2,NO_CLASIFICADO,EVIDENCIA_INSUFICIENTE_ABSORBIDO,0,2026-09-30T14:19:28.288-03:00,2026-09-30T16:53:43.040-03:00,154.25,0,PLAYA|BALANZA_EGRESO,RICARDONE,SI
cfcd111c-32b,cfcd111c-32b,,ABSORBIDO,UUL425,CIRCUITO_LIQUIDO,Circuito líquido,NO_CLASIFICADO,EVIDENCIA_INSUFICIENTE_ABSORBIDO,0,2026-09-30T14:21:24.854-03:00,2026-09-30T14:28:46.705-03:00,7.36,0,PREINGRESO|LIQUIDO|EGRESO,,SI
9060a23b-cdb,9060a23b-cdb,,ABSORBIDO,TSX149,R4,Recepción Silos Kepler 2,NO_CLASIFICADO,EVIDENCIA_INSUFICIENTE_ABSORBIDO,0,2026-09-30T14:22:54.673-03:00,2026-09-30T16:46:23.898-03:00,143.49,0,PLAYA|DESCARGA_S7,RICARDONE,SI
9d3b5727-323,9d3b5727-323,,ABSORBIDO,BBU070,R4,Recepción Silos Kepler 2,NO_CLASIFICADO,EVIDENCIA_INSUFICIENTE_ABSORBIDO,0,2026-09-30T14:27:34.399-03:00,2026-09-30T18:11:29.175-03:00,223.91,0,PLAYA|BALANZA_EGRESO,RICARDONE,SI
bd0ab215-7aa,bd0ab215-7aa,,ABSORBIDO,SZG666,SL1,Recepción Carga OSL San Lorenzo,NO_CLASIFICADO,EVIDENCIA_INSUFICIENTE_ABSORBIDO,0,2026-09-30T14:34:25.590-03:00,2026-09-30T16:09:38.374-03:00,95.21,0,SL_INGRESO|SL_BALANZA_INGRESO|UNKNOWN|SL_BALANZA_SALIDA|SL_EGRESO,TERMINAL_EMBARQUE,SI
3859b59c-8e4__cycle_1,3859b59c-8e4,,ABSORBIDO,UUL425,REGISTRO_INCOMPLETO,Registro incompleto,NO_CLASIFICADO,EVIDENCIA_INSUFICIENTE_ABSORBIDO,0,2026-09-30T14:35:49.045-03:00,2026-09-30T15:16:05.201-03:00,40.27,0,PLAYA|BALANZA_EGRESO|SL_INGRESO,RICARDONE,SI
006ef65d-992,006ef65d-992,,ABSORBIDO,AA488IX,REGISTRO_INCOMPLETO,Registro incompleto,NO_CLASIFICADO,EVIDENCIA_INSUFICIENTE_ABSORBIDO,0,2026-09-30T14:36:32.240-03:00,2026-09-30T17:37:44.688-03:00,181.21,0,SL_INGRESO|SL_BALANZA_INGRESO|SL_CALADA|SL_BALANZA_INGRESO|SL_EGRESO,TERMINAL_EMBARQUE,SI
5a201497-470,5a201497-470,,ABSORBIDO,EBO971,CIRCUITO_SAN_LORENZO,Circuito Ricardone → San Lorenzo,NO_CLASIFICADO,EVIDENCIA_INSUFICIENTE_ABSORBIDO,0,2026-09-30T15:03:42.627-03:00,2026-09-30T15:06:21.154-03:00,2.64,0,PREINGRESO|EGRESO,,SI
f586cde8-d7f,f586cde8-d7f,,ABSORBIDO,BHL749,CIRCUITO_LIQUIDO,Circuito líquido,NO_CLASIFICADO,EVIDENCIA_INSUFICIENTE_ABSORBIDO,0,2026-09-30T15:05:38.634-03:00,2026-09-30T15:11:18.534-03:00,5.67,0,PREINGRESO|LIQUIDO|EGRESO,,SI
3f797c47-fa1,3f797c47-fa1,,ABSORBIDO,RXV065,CIRCUITO_LIQUIDO,Circuito líquido,NO_CLASIFICADO,EVIDENCIA_INSUFICIENTE_ABSORBIDO,0,2026-09-30T15:12:55.061-03:00,2026-09-30T15:18:53.521-03:00,5.97,0,PREINGRESO|LIQUIDO|EGRESO,,SI
62258072-b78,62258072-b78,,ABSORBIDO,EBO971,CIRCUITO_LIQUIDO,Circuito líquido,NO_CLASIFICADO,EVIDENCIA_INSUFICIENTE_ABSORBIDO,0,2026-09-30T15:13:10.688-03:00,2026-09-30T20:58:17.383-03:00,345.11,0,BALANZA_EGRESO|LIQUIDO|PLAYA|BALANZA_EGRESO|PLAYA|SL_INGRESO|SL_BALANZA_INGRESO|SL_VOLCABLE|SL_EGRESO,RICARDONE,SI
cb4cd1bb-da3,cb4cd1bb-da3,,ABSORBIDO,BHL749,REGISTRO_INCOMPLETO,Registro incompleto,NO_CLASIFICADO,EVIDENCIA_INSUFICIENTE_ABSORBIDO,0,2026-09-30T15:18:25.503-03:00,2026-09-30T20:23:09.380-03:00,304.73,0,PLAYA|BALANZA_EGRESO|SL_INGRESO|SL_BALANZA_INGRESO|SL_EGRESO,RICARDONE,SI
5ac27f98-51a,5ac27f98-51a,,ABSORBIDO,CFQ560,CIRCUITO_LIQUIDO,Circuito líquido,NO_CLASIFICADO,EVIDENCIA_INSUFICIENTE_ABSORBIDO,0,2026-09-30T15:22:27.251-03:00,2026-09-30T20:42:23.642-03:00,319.94,0,PREINGRESO|LIQUIDO|PLAYA|SL_INGRESO|SL_BALANZA_INGRESO|SL_VOLCABLE|SL_EGRESO,RICARDONE,SI
4252a351-c99,4252a351-c99,,ABSORBIDO,RXV065,REGISTRO_INCOMPLETO,Registro incompleto,NO_CLASIFICADO,EVIDENCIA_INSUFICIENTE_ABSORBIDO,0,2026-09-30T15:27:17.595-03:00,2026-09-30T20:40:48.604-03:00,313.52,0,PLAYA|BALANZA_EGRESO|PLAYA|BALANZA_EGRESO|SL_INGRESO|SL_BALANZA_INGRESO|SL_VOLCABLE|SL_EGRESO,RICARDONE,SI
0e37bac8-6c1,0e37bac8-6c1,,ABSORBIDO,RUK692,REGISTRO_INCOMPLETO,Registro incompleto,NO_CLASIFICADO,EVIDENCIA_INSUFICIENTE_ABSORBIDO,0,2026-09-30T15:29:26.285-03:00,2026-09-30T18:13:02.954-03:00,163.61,0,SL_INGRESO|SL_BALANZA_INGRESO|UNKNOWN|SL_EGRESO,TERMINAL_EMBARQUE,SI
c7d8c113-84b,c7d8c113-84b,,ABSORBIDO,MRM512,SL1,Recepción Carga OSL San Lorenzo,NO_CLASIFICADO,EVIDENCIA_INSUFICIENTE_ABSORBIDO,0,2026-09-30T15:32:09.736-03:00,2026-09-30T17:48:50.533-03:00,136.68,0,SL_INGRESO|SL_CALADA|SL_BALANZA_INGRESO|UNKNOWN|SL_LIQUIDO_CARGA|SL_EGRESO,TERMINAL_EMBARQUE,SI
430f5731-140,430f5731-140,,ABSORBIDO,EAR164,CIRCUITO_LIQUIDO,Circuito líquido,NO_CLASIFICADO,EVIDENCIA_INSUFICIENTE_ABSORBIDO,0,2026-09-30T15:32:25.528-03:00,2026-09-30T15:49:04.745-03:00,16.65,0,PREINGRESO|LIQUIDO|EGRESO,,SI
d7c0e5aa-de3,d7c0e5aa-de3,,ABSORBIDO,UPW705,CIRCUITO_LIQUIDO,Circuito líquido,NO_CLASIFICADO,EVIDENCIA_INSUFICIENTE_ABSORBIDO,0,2026-09-30T15:34:03.178-03:00,2026-09-30T15:36:00.380-03:00,1.95,0,LIQUIDO|EGRESO,,SI
fa468c4f-c2e,fa468c4f-c2e,,ABSORBIDO,TVH101,CIRCUITO_LIQUIDO,Circuito líquido,NO_CLASIFICADO,EVIDENCIA_INSUFICIENTE_ABSORBIDO,0,2026-09-30T15:41:40.281-03:00,2026-09-30T21:12:26.483-03:00,330.77,0,PREINGRESO|LIQUIDO|PLAYA|BALANZA_EGRESO|SL_INGRESO|SL_BALANZA_INGRESO|SL_VOLCABLE|SL_EGRESO,RICARDONE,SI
54d41acf-895,54d41acf-895,,ABSORBIDO,UYM942,CIRCUITO_LIQUIDO,Circuito líquido,NO_CLASIFICADO,EVIDENCIA_INSUFICIENTE_ABSORBIDO,0,2026-09-30T15:44:01.089-03:00,2026-09-30T21:24:19.848-03:00,340.31,0,PREINGRESO|LIQUIDO|PLAYA|BALANZA_EGRESO|SL_INGRESO|SL_BALANZA_INGRESO|SL_VOLCABLE|SL_EGRESO,RICARDONE,SI
a03dc9c2-e55,a03dc9c2-e55,,ABSORBIDO,UPW705,REGISTRO_INCOMPLETO,Registro incompleto,NO_CLASIFICADO,EVIDENCIA_INSUFICIENTE_ABSORBIDO,0,2026-09-30T15:46:24.928-03:00,2026-09-30T20:47:53.374-03:00,301.47,0,PLAYA|BALANZA_EGRESO|SL_INGRESO|SL_BALANZA_INGRESO|SL_VOLCABLE|SL_EGRESO,RICARDONE,SI
842b41c9-644__cycle_1,842b41c9-644,,ABSORBIDO,AZG422,CIRCUITO_LIQUIDO,Circuito líquido,NO_CLASIFICADO,EVIDENCIA_INSUFICIENTE_ABSORBIDO,0,2026-09-30T15:47:42.940-03:00,2026-09-30T17:39:06.523-03:00,111.39,0,PREINGRESO|LIQUIDO|PLAYA|BALANZA_EGRESO|SL_INGRESO,RICARDONE,SI
32c81636-af1,32c81636-af1,,ABSORBIDO,UKL882,CIRCUITO_LIQUIDO,Circuito líquido,NO_CLASIFICADO,EVIDENCIA_INSUFICIENTE_ABSORBIDO,0,2026-09-30T15:48:02.323-03:00,2026-09-30T15:49:44.188-03:00,1.7,0,LIQUIDO|EGRESO,,SI
d7429ff3-2a6__cycle_1,d7429ff3-2a6,,ABSORBIDO,MTT517,REGISTRO_INCOMPLETO,Registro incompleto,NO_CLASIFICADO,EVIDENCIA_INSUFICIENTE_ABSORBIDO,0,2026-09-30T15:51:48.843-03:00,2026-09-30T15:56:24.563-03:00,4.6,0,SL_INGRESO|SL_BALANZA_INGRESO,TERMINAL_EMBARQUE,SI
774caf9d-e1e,774caf9d-e1e,,ABSORBIDO,UKL882,DESPACHO_SIN_PUNTO_INSTRUMENTADO,Despacho / descarga sin punto instrumentado,NO_CLASIFICADO,EVIDENCIA_INSUFICIENTE_ABSORBIDO,0,2026-09-30T15:54:18.032-03:00,2026-09-30T17:55:47.059-03:00,121.48,0,BALANZA_EGRESO|BALANZA_INGRESO|PLAYA|BALANZA_EGRESO|BALANZA_EGRESO|SL_INGRESO|SL_BALANZA_INGRESO|SL_VOLCABLE|SL_BALANZA_SALIDA|SL_EGRESO,RICARDONE,SI
4df15d5e-cef,4df15d5e-cef,,ABSORBIDO,RRE349,CIRCUITO_LIQUIDO,Circuito líquido,NO_CLASIFICADO,EVIDENCIA_INSUFICIENTE_ABSORBIDO,0,2026-09-30T15:58:48.578-03:00,2026-09-30T21:41:31.235-03:00,342.71,0,PREINGRESO|LIQUIDO|PLAYA|BALANZA_EGRESO|SL_INGRESO|SL_BALANZA_INGRESO|SL_EGRESO,RICARDONE,SI
72985d1c-70f,72985d1c-70f,,ABSORBIDO,UAJ766,REGISTRO_INCOMPLETO,Registro incompleto,NO_CLASIFICADO,EVIDENCIA_INSUFICIENTE_ABSORBIDO,0,2026-09-30T16:00:08.072-03:00,2026-09-30T16:21:07.801-03:00,21,0,SL_INGRESO|SL_BALANZA_INGRESO|UNKNOWN|SL_EGRESO,TERMINAL_EMBARQUE,SI
c16c92cf-367__cycle_4,c16c92cf-367,,ABSORBIDO,AF411UI,SL1,Recepción Carga OSL San Lorenzo,NO_CLASIFICADO,EVIDENCIA_INSUFICIENTE_ABSORBIDO,0,2026-09-30T16:14:38.669-03:00,2026-09-30T16:45:36.676-03:00,30.97,0,SL_CALADA|SL_BALANZA_INGRESO|SL_BALANZA_SALIDA|SL_EGRESO,TERMINAL_EMBARQUE,SI
1d485f25-88d__cycle_1,1d485f25-88d,,ABSORBIDO,AA703FC,REGISTRO_INCOMPLETO,Registro incompleto,NO_CLASIFICADO,EVIDENCIA_INSUFICIENTE_ABSORBIDO,0,2026-09-30T16:22:51.672-03:00,2026-09-30T19:16:46.310-03:00,173.91,0,SL_INGRESO|SL_BALANZA_INGRESO|UNKNOWN,,SI
aab2336f-9be,aab2336f-9be,,ABSORBIDO,TAC436,CIRCUITO_LIQUIDO,Circuito líquido,NO_CLASIFICADO,EVIDENCIA_INSUFICIENTE_ABSORBIDO,0,2026-09-30T16:23:05.305-03:00,2026-09-30T22:01:03.944-03:00,337.98,0,PREINGRESO|LIQUIDO|PLAYA|BALANZA_EGRESO|SL_INGRESO|SL_BALANZA_INGRESO|SL_EGRESO,RICARDONE,SI
bbb863d8-5ad,bbb863d8-5ad,,ABSORBIDO,VAJ028,CIRCUITO_LIQUIDO,Circuito líquido,NO_CLASIFICADO,EVIDENCIA_INSUFICIENTE_ABSORBIDO,0,2026-09-30T16:23:40.588-03:00,2026-09-30T22:05:58.541-03:00,342.3,0,PREINGRESO|LIQUIDO|PLAYA|BALANZA_EGRESO|SL_INGRESO|SL_BALANZA_INGRESO|SL_VOLCABLE|SL_EGRESO,RICARDONE,SI
81e81acc-c34,81e81acc-c34,,ABSORBIDO,BVS300,CIRCUITO_LIQUIDO,Circuito líquido,NO_CLASIFICADO,EVIDENCIA_INSUFICIENTE_ABSORBIDO,0,2026-09-30T16:24:23.068-03:00,2026-09-30T22:14:15.660-03:00,349.88,0,PREINGRESO|LIQUIDO|PLAYA|BALANZA_EGRESO|SL_INGRESO|SL_BALANZA_INGRESO|SL_VOLCABLE|SL_EGRESO,RICARDONE,SI
5b21cdbd-5d5__cycle_1,5b21cdbd-5d5,,ABSORBIDO,UWX998,CIRCUITO_LIQUIDO,Circuito líquido,NO_CLASIFICADO,EVIDENCIA_INSUFICIENTE_ABSORBIDO,0,2026-09-30T16:29:28.128-03:00,2026-09-30T17:52:20.709-03:00,82.88,0,PREINGRESO|LIQUIDO|PLAYA|BALANZA_EGRESO,RICARDONE,SI
8c31766c-de2,8c31766c-de2,,ABSORBIDO,SAT582,CIRCUITO_LIQUIDO,Circuito líquido,NO_CLASIFICADO,EVIDENCIA_INSUFICIENTE_ABSORBIDO,0,2026-09-30T16:37:08.075-03:00,2026-09-30T22:30:31.811-03:00,353.4,0,PREINGRESO|LIQUIDO|PLAYA|BALANZA_EGRESO|SL_INGRESO|SL_EGRESO,RICARDONE,SI
f0d6e87c-a33,f0d6e87c-a33,,ABSORBIDO,NWZ336,SL1,Recepción Carga OSL San Lorenzo,NO_CLASIFICADO,EVIDENCIA_INSUFICIENTE_ABSORBIDO,0,2026-09-30T16:42:49.742-03:00,2026-09-30T18:55:57.479-03:00,133.13,0,SL_INGRESO|SL_BALANZA_INGRESO|UNKNOWN|UNKNOWN|SL_EGRESO,TERMINAL_EMBARQUE,SI
4789f757-180__cycle_1,4789f757-180,,ABSORBIDO,RDL445,DESPACHO_SIN_PUNTO_INSTRUMENTADO,Despacho / descarga sin punto instrumentado,NO_CLASIFICADO,EVIDENCIA_INSUFICIENTE_ABSORBIDO,0,2026-09-30T16:47:52.113-03:00,2026-09-30T20:53:40.588-03:00,245.81,0,PREINGRESO|BALANZA_EGRESO|SL_INGRESO|SL_BALANZA_INGRESO,RICARDONE,SI
11c82985-294,11c82985-294,,ABSORBIDO,EEW075,CIRCUITO_LIQUIDO,Circuito líquido,NO_CLASIFICADO,EVIDENCIA_INSUFICIENTE_ABSORBIDO,0,2026-09-30T17:03:56.409-03:00,2026-09-30T22:42:01.326-03:00,338.08,0,PREINGRESO|LIQUIDO|PLAYA|BALANZA_EGRESO|SL_INGRESO|SL_BALANZA_INGRESO|SL_VOLCABLE|SL_EGRESO,RICARDONE,SI
caee191f-5b8,caee191f-5b8,,ABSORBIDO,GDE552,SL1,Recepción Carga OSL San Lorenzo,NO_CLASIFICADO,EVIDENCIA_INSUFICIENTE_ABSORBIDO,0,2026-09-30T17:08:47.112-03:00,2026-09-30T20:42:49.412-03:00,214.04,0,SL_INGRESO|SL_CALADA|SL_BALANZA_INGRESO|SL_LIQUIDO_CARGA|SL_EGRESO,TERMINAL_EMBARQUE,SI
0d5082e5-f76,0d5082e5-f76,,ABSORBIDO,DPE897,R7,Ricardone → San Lorenzo,NO_CLASIFICADO,EVIDENCIA_INSUFICIENTE_ABSORBIDO,0,2026-09-30T17:09:54.636-03:00,2026-09-30T17:58:05.435-03:00,48.18,0,SL_INGRESO|SL_BALANZA_INGRESO|SL_VOLCABLE|SL_EGRESO,TERMINAL_EMBARQUE,SI
e091e0a0-d3c,e091e0a0-d3c,,ABSORBIDO,CWW164,R7,Ricardone → San Lorenzo,NO_CLASIFICADO,EVIDENCIA_INSUFICIENTE_ABSORBIDO,0,2026-09-30T17:10:37.439-03:00,2026-09-30T18:04:12.902-03:00,53.59,0,SL_INGRESO|SL_BALANZA_INGRESO|SL_VOLCABLE|SL_EGRESO,TERMINAL_EMBARQUE,SI
cc2a0a0f-ed0,cc2a0a0f-ed0,,ABSORBIDO,AH235VR,R7,Ricardone → San Lorenzo,NO_CLASIFICADO,EVIDENCIA_INSUFICIENTE_ABSORBIDO,0,2026-09-30T17:12:22.407-03:00,2026-09-30T18:07:34.422-03:00,55.2,0,SL_INGRESO|SL_BALANZA_INGRESO|SL_VOLCABLE|SL_EGRESO,TERMINAL_EMBARQUE,SI
d7053a25-674,d7053a25-674,,ABSORBIDO,OTA336,R7,Ricardone → San Lorenzo,NO_CLASIFICADO,EVIDENCIA_INSUFICIENTE_ABSORBIDO,0,2026-09-30T17:13:50.250-03:00,2026-09-30T18:17:38.224-03:00,63.8,0,SL_INGRESO|SL_BALANZA_INGRESO|SL_VOLCABLE|SL_EGRESO,TERMINAL_EMBARQUE,SI
be14e56b-bd1,be14e56b-bd1,,ABSORBIDO,UER485,CIRCUITO_LIQUIDO,Circuito líquido,NO_CLASIFICADO,EVIDENCIA_INSUFICIENTE_ABSORBIDO,0,2026-09-30T17:14:44.226-03:00,2026-10-01T10:06:16.174-03:00,1011.53,0,PREINGRESO|LIQUIDO|PLAYA|BALANZA_EGRESO|SL_INGRESO|SL_VOLCABLE|BALANZA_EGRESO|BALANZA_EGRESO|SL_VOLCABLE|SL_EGRESO,RICARDONE,SI
dc3a7276-60d,dc3a7276-60d,,ABSORBIDO,HNR613,R7,Ricardone → San Lorenzo,NO_CLASIFICADO,EVIDENCIA_INSUFICIENTE_ABSORBIDO,0,2026-09-30T17:17:53.464-03:00,2026-09-30T18:26:13.510-03:00,68.33,0,SL_INGRESO|SL_BALANZA_INGRESO|SL_VOLCABLE|SL_EGRESO,TERMINAL_EMBARQUE,SI
80cba27b-2b8,80cba27b-2b8,,ABSORBIDO,MOF325,R7,Ricardone → San Lorenzo,NO_CLASIFICADO,EVIDENCIA_INSUFICIENTE_ABSORBIDO,0,2026-09-30T17:19:20.991-03:00,2026-09-30T18:29:03.418-03:00,69.71,0,SL_INGRESO|SL_BALANZA_INGRESO|SL_VOLCABLE|SL_EGRESO,TERMINAL_EMBARQUE,SI
ff2ac10d-861,ff2ac10d-861,,ABSORBIDO,MNB810,SL1,Recepción Carga OSL San Lorenzo,NO_CLASIFICADO,EVIDENCIA_INSUFICIENTE_ABSORBIDO,0,2026-09-30T17:20:29.395-03:00,2026-09-30T21:40:40.214-03:00,260.18,0,SL_INGRESO|SL_CALADA|SL_BALANZA_INGRESO|UNKNOWN|SL_LIQUIDO_CARGA|SL_EGRESO,TERMINAL_EMBARQUE,SI
a0e5e3fd-2ec__cycle_1,a0e5e3fd-2ec,,ABSORBIDO,CIE516,CIRCUITO_LIQUIDO,Circuito líquido,NO_CLASIFICADO,EVIDENCIA_INSUFICIENTE_ABSORBIDO,0,2026-09-30T17:21:56.250-03:00,2026-09-30T18:44:03.928-03:00,82.13,0,PREINGRESO|LIQUIDO|PLAYA|BALANZA_EGRESO,RICARDONE,SI
ff684f13-cad,ff684f13-cad,,ABSORBIDO,IIR677,R7,Ricardone → San Lorenzo,NO_CLASIFICADO,EVIDENCIA_INSUFICIENTE_ABSORBIDO,0,2026-09-30T17:22:15.080-03:00,2026-09-30T18:41:46.083-03:00,79.52,0,SL_INGRESO|SL_BALANZA_INGRESO|SL_VOLCABLE|SL_EGRESO,TERMINAL_EMBARQUE,SI
35b60cd2-80b,35b60cd2-80b,,ABSORBIDO,AF066WZ,R7,Ricardone → San Lorenzo,NO_CLASIFICADO,EVIDENCIA_INSUFICIENTE_ABSORBIDO,0,2026-09-30T17:24:19.649-03:00,2026-09-30T18:44:05.939-03:00,79.77,0,SL_INGRESO|SL_BALANZA_INGRESO|SL_VOLCABLE|SL_EGRESO,TERMINAL_EMBARQUE,SI
ceae82b0-577__cycle_2,ceae82b0-577,,ABSORBIDO,BDH961,R4,Recepción Silos Kepler 2,NO_CLASIFICADO,EVIDENCIA_INSUFICIENTE_ABSORBIDO,0,2026-09-30T17:24:27.730-03:00,2026-09-30T17:35:03.667-03:00,10.6,0,CALADA|PLAYA,RICARDONE,SI
dace817f-019,dace817f-019,,ABSORBIDO,AG229IE,R7,Ricardone → San Lorenzo,NO_CLASIFICADO,EVIDENCIA_INSUFICIENTE_ABSORBIDO,0,2026-09-30T17:30:21.430-03:00,2026-09-30T19:34:55.053-03:00,124.56,0,SL_INGRESO|SL_BALANZA_INGRESO|SL_EGRESO,TERMINAL_EMBARQUE,SI
9bb6278c-28f,9bb6278c-28f,,ABSORBIDO,JBN715,REGISTRO_INCOMPLETO,Registro incompleto,NO_CLASIFICADO,EVIDENCIA_INSUFICIENTE_ABSORBIDO,0,2026-09-30T17:33:27.364-03:00,2026-09-30T20:33:03.178-03:00,179.6,0,SL_INGRESO|UNKNOWN|SL_EGRESO,TERMINAL_EMBARQUE,SI
c6fecd89-648,c6fecd89-648,,ABSORBIDO,JDI547,R7,Ricardone → San Lorenzo,NO_CLASIFICADO,EVIDENCIA_INSUFICIENTE_ABSORBIDO,0,2026-09-30T17:36:00.032-03:00,2026-09-30T19:55:23.744-03:00,139.4,0,SL_INGRESO|SL_BALANZA_INGRESO|SL_EGRESO,TERMINAL_EMBARQUE,SI
312e2659-1e8,312e2659-1e8,,ABSORBIDO,NWE016,R7,Ricardone → San Lorenzo,NO_CLASIFICADO,EVIDENCIA_INSUFICIENTE_ABSORBIDO,0,2026-09-30T17:37:54.518-03:00,2026-09-30T20:03:33.180-03:00,145.64,0,SL_INGRESO|SL_BALANZA_INGRESO|SL_EGRESO,TERMINAL_EMBARQUE,SI
d60c5295-8d3,d60c5295-8d3,,ABSORBIDO,AE235GS,R7,Ricardone → San Lorenzo,NO_CLASIFICADO,EVIDENCIA_INSUFICIENTE_ABSORBIDO,0,2026-09-30T17:38:29.403-03:00,2026-09-30T20:14:12.938-03:00,155.73,0,SL_INGRESO|SL_BALANZA_INGRESO|SL_EGRESO,TERMINAL_EMBARQUE,SI
59e7fa50-cbb,59e7fa50-cbb,,ABSORBIDO,TAO150,CIRCUITO_LIQUIDO,Circuito líquido,NO_CLASIFICADO,EVIDENCIA_INSUFICIENTE_ABSORBIDO,0,2026-09-30T17:39:34.632-03:00,2026-09-30T23:25:20.705-03:00,345.77,0,PREINGRESO|LIQUIDO|PLAYA|BALANZA_EGRESO|SL_INGRESO|SL_EGRESO,RICARDONE,SI
befeeb30-e04,befeeb30-e04,,ABSORBIDO,VJG112,CIRCUITO_LIQUIDO,Circuito líquido,NO_CLASIFICADO,EVIDENCIA_INSUFICIENTE_ABSORBIDO,0,2026-09-30T17:46:11.055-03:00,2026-09-30T23:39:03.114-03:00,352.87,0,PREINGRESO|LIQUIDO|PLAYA|BALANZA_EGRESO|SL_BALANZA_INGRESO|SL_EGRESO,RICARDONE,SI
d5299bc7-9d5,d5299bc7-9d5,,ABSORBIDO,CRJ139,CIRCUITO_LIQUIDO,Circuito líquido,NO_CLASIFICADO,EVIDENCIA_INSUFICIENTE_ABSORBIDO,0,2026-09-30T17:47:09.458-03:00,2026-09-30T23:44:24.243-03:00,357.25,0,PREINGRESO|LIQUIDO|PLAYA|BALANZA_EGRESO|SL_INGRESO|SL_BALANZA_INGRESO|SL_VOLCABLE|SL_EGRESO,RICARDONE,SI
6794331d-ae0__cycle_3,6794331d-ae0,,ABSORBIDO,GZI868,SL1,Recepción Carga OSL San Lorenzo,NO_CLASIFICADO,EVIDENCIA_INSUFICIENTE_ABSORBIDO,0,2026-09-30T17:53:58.257-03:00,2026-09-30T17:55:32.903-03:00,1.58,0,SL_INGRESO|SL_CALADA,TERMINAL_EMBARQUE,SI
009c16a6-cd8__cycle_1,009c16a6-cd8,,ABSORBIDO,CKQ212,CIRCUITO_LIQUIDO,Circuito líquido,NO_CLASIFICADO,EVIDENCIA_INSUFICIENTE_ABSORBIDO,0,2026-09-30T17:54:04.045-03:00,2026-09-30T23:35:57.279-03:00,341.89,0,PREINGRESO|LIQUIDO|PLAYA|BALANZA_EGRESO|SL_VOLCABLE,RICARDONE,SI
996f7616-1b9,996f7616-1b9,,ABSORBIDO,UKL882,CIRCUITO_LIQUIDO,Circuito líquido,NO_CLASIFICADO,EVIDENCIA_INSUFICIENTE_ABSORBIDO,0,2026-09-30T18:05:39.123-03:00,2026-09-30T23:53:36.543-03:00,347.96,0,PREINGRESO|LIQUIDO|PLAYA|BALANZA_EGRESO|SL_INGRESO|SL_BALANZA_INGRESO|SL_VOLCABLE|SL_EGRESO,RICARDONE,SI
3e06c180-73a,3e06c180-73a,,ABSORBIDO,DGR440,CIRCUITO_LIQUIDO,Circuito líquido,NO_CLASIFICADO,EVIDENCIA_INSUFICIENTE_ABSORBIDO,0,2026-09-30T18:16:17.802-03:00,2026-10-01T00:12:05.283-03:00,355.79,0,PREINGRESO|LIQUIDO|PLAYA|BALANZA_EGRESO|SL_INGRESO|SL_BALANZA_INGRESO|SL_EGRESO,RICARDONE,SI
fc5b22b4-664,fc5b22b4-664,,ABSORBIDO,DTG181,CIRCUITO_LIQUIDO,Circuito líquido,NO_CLASIFICADO,EVIDENCIA_INSUFICIENTE_ABSORBIDO,0,2026-09-30T18:24:24.469-03:00,2026-10-01T00:12:49.381-03:00,348.42,0,PREINGRESO|LIQUIDO|PLAYA|BALANZA_EGRESO|SL_INGRESO|SL_BALANZA_INGRESO|SL_EGRESO,RICARDONE,SI
55a960c2-656,55a960c2-656,,ABSORBIDO,AA875OG,SL1,Recepción Carga OSL San Lorenzo,NO_CLASIFICADO,EVIDENCIA_INSUFICIENTE_ABSORBIDO,0,2026-09-30T18:29:21.340-03:00,2026-09-30T21:52:16.653-03:00,202.92,0,SL_INGRESO|SL_CALADA|SL_BALANZA_INGRESO|SL_LIQUIDO_CARGA|SL_EGRESO,TERMINAL_EMBARQUE,SI
4b6982fd-c1d,4b6982fd-c1d,,ABSORBIDO,RLP943,CIRCUITO_LIQUIDO,Circuito líquido,NO_CLASIFICADO,EVIDENCIA_INSUFICIENTE_ABSORBIDO,0,2026-09-30T18:30:21.290-03:00,2026-10-01T00:22:45.899-03:00,352.41,0,PREINGRESO|LIQUIDO|PLAYA|BALANZA_EGRESO|SL_INGRESO|SL_VOLCABLE|SL_EGRESO,RICARDONE,SI
f117f5c7-c1c,f117f5c7-c1c,,ABSORBIDO,EYH843,CIRCUITO_LIQUIDO,Circuito líquido,NO_CLASIFICADO,EVIDENCIA_INSUFICIENTE_ABSORBIDO,0,2026-09-30T18:38:56.040-03:00,2026-10-01T00:28:46.443-03:00,349.84,0,PREINGRESO|LIQUIDO|BALANZA_EGRESO|SL_INGRESO|SL_BALANZA_INGRESO|SL_VOLCABLE|SL_EGRESO,RICARDONE,SI
4c09661f-e44__cycle_1,4c09661f-e44,,ABSORBIDO,RAW481,CIRCUITO_LIQUIDO,Circuito líquido,NO_CLASIFICADO,EVIDENCIA_INSUFICIENTE_ABSORBIDO,0,2026-09-30T18:54:59.776-03:00,2026-09-30T21:25:52.176-03:00,150.87,0,PREINGRESO|LIQUIDO|BALANZA_EGRESO,RICARDONE,SI
072381af-ce1,072381af-ce1,,ABSORBIDO,FDH917,CIRCUITO_LIQUIDO,Circuito líquido,NO_CLASIFICADO,EVIDENCIA_INSUFICIENTE_ABSORBIDO,0,2026-09-30T18:59:28.033-03:00,2026-10-01T00:50:34.967-03:00,351.12,0,PREINGRESO|LIQUIDO|BALANZA_EGRESO|SL_VOLCABLE|SL_EGRESO,RICARDONE,SI
3e30dee8-49e,3e30dee8-49e,,ABSORBIDO,CMF111,SL1,Recepción Carga OSL San Lorenzo,NO_CLASIFICADO,EVIDENCIA_INSUFICIENTE_ABSORBIDO,0,2026-09-30T19:41:42.234-03:00,2026-09-30T20:57:30.445-03:00,75.8,0,SL_INGRESO|SL_BALANZA_INGRESO|SL_EGRESO,TERMINAL_EMBARQUE,SI
601c466e-2dc,601c466e-2dc,,ABSORBIDO,FDJ642,R7,Ricardone → San Lorenzo,NO_CLASIFICADO,EVIDENCIA_INSUFICIENTE_ABSORBIDO,0,2026-09-30T19:56:43.805-03:00,2026-09-30T22:31:55.924-03:00,155.2,0,SL_INGRESO|SL_BALANZA_INGRESO|SL_EGRESO,TERMINAL_EMBARQUE,SI
cb10cb80-cf7,cb10cb80-cf7,,ABSORBIDO,GES056,CIRCUITO_LIQUIDO,Circuito líquido,NO_CLASIFICADO,EVIDENCIA_INSUFICIENTE_ABSORBIDO,0,2026-09-30T19:58:57.362-03:00,2026-10-01T00:57:37.575-03:00,298.67,0,PREINGRESO|LIQUIDO|BALANZA_EGRESO|SL_INGRESO|SL_BALANZA_INGRESO|SL_EGRESO,RICARDONE,SI
ec0ab520-311,ec0ab520-311,,ABSORBIDO,AFB273,R7,Ricardone → San Lorenzo,NO_CLASIFICADO,EVIDENCIA_INSUFICIENTE_ABSORBIDO,0,2026-09-30T19:59:26.296-03:00,2026-09-30T22:06:50.762-03:00,127.41,0,SL_INGRESO|SL_EGRESO,TERMINAL_EMBARQUE,SI
b62acedd-49e,b62acedd-49e,,ABSORBIDO,AF681NU,R7,Ricardone → San Lorenzo,NO_CLASIFICADO,EVIDENCIA_INSUFICIENTE_ABSORBIDO,0,2026-09-30T20:02:41.668-03:00,2026-09-30T22:17:00.006-03:00,134.31,0,SL_INGRESO|SL_BALANZA_INGRESO|SL_EGRESO,TERMINAL_EMBARQUE,SI
5cfc6e21-b6c__cycle_2,5cfc6e21-b6c,,ABSORBIDO,EMU873,REGISTRO_INCOMPLETO,Registro incompleto,NO_CLASIFICADO,EVIDENCIA_INSUFICIENTE_ABSORBIDO,0,2026-09-30T20:03:34.340-03:00,2026-09-30T20:15:27.010-03:00,11.88,0,SL_BALANZA_INGRESO|SL_EGRESO,TERMINAL_EMBARQUE,SI
3859b59c-8e4__cycle_2,3859b59c-8e4,,ABSORBIDO,UUL425,CIRCUITO_LIQUIDO,Circuito líquido,NO_CLASIFICADO,EVIDENCIA_INSUFICIENTE_ABSORBIDO,0,2026-09-30T20:11:24.605-03:00,2026-10-01T12:09:03.151-03:00,957.64,0,PREINGRESO|BALANZA_EGRESO|SL_BALANZA_INGRESO|SL_VOLCABLE|LIQUIDO|BALANZA_EGRESO|SL_INGRESO|SL_BALANZA_INGRESO|SL_VOLCABLE|BALANZA_EGRESO|SL_INGRESO|SL_BALANZA_INGRESO|SL_VOLCABLE|SL_EGRESO,RICARDONE,SI
eeabd7ad-9a4,eeabd7ad-9a4,,ABSORBIDO,IBH343,R7,Ricardone → San Lorenzo,NO_CLASIFICADO,EVIDENCIA_INSUFICIENTE_ABSORBIDO,0,2026-09-30T20:23:47.982-03:00,2026-09-30T22:39:26.784-03:00,135.65,0,SL_INGRESO|SL_BALANZA_INGRESO|SL_EGRESO,TERMINAL_EMBARQUE,SI
173d343a-819,173d343a-819,,ABSORBIDO,LDN602,R7,Ricardone → San Lorenzo,NO_CLASIFICADO,EVIDENCIA_INSUFICIENTE_ABSORBIDO,0,2026-09-30T20:27:50.234-03:00,2026-09-30T23:04:14.759-03:00,156.41,0,SL_INGRESO|SL_BALANZA_INGRESO|SL_EGRESO,TERMINAL_EMBARQUE,SI
08058514-b94,08058514-b94,,ABSORBIDO,AD985IA,R7,Ricardone → San Lorenzo,NO_CLASIFICADO,EVIDENCIA_INSUFICIENTE_ABSORBIDO,0,2026-09-30T20:29:46.403-03:00,2026-09-30T23:12:12.950-03:00,162.44,0,SL_INGRESO|SL_BALANZA_INGRESO|SL_EGRESO,TERMINAL_EMBARQUE,SI
f77d92f0-587,f77d92f0-587,,ABSORBIDO,FRG064,R7,Ricardone → San Lorenzo,NO_CLASIFICADO,EVIDENCIA_INSUFICIENTE_ABSORBIDO,0,2026-09-30T20:33:20.952-03:00,2026-09-30T23:31:30.253-03:00,178.16,0,SL_INGRESO|SL_BALANZA_INGRESO|SL_EGRESO,TERMINAL_EMBARQUE,SI
4e82aad2-e5b,4e82aad2-e5b,,ABSORBIDO,IIY525,R7,Ricardone → San Lorenzo,NO_CLASIFICADO,EVIDENCIA_INSUFICIENTE_ABSORBIDO,0,2026-09-30T20:34:54.284-03:00,2026-09-30T23:44:50.493-03:00,189.94,0,SL_INGRESO|SL_BALANZA_INGRESO|SL_EGRESO,TERMINAL_EMBARQUE,SI
bdf2f329-2d7,bdf2f329-2d7,,ABSORBIDO,LBD413,R7,Ricardone → San Lorenzo,NO_CLASIFICADO,EVIDENCIA_INSUFICIENTE_ABSORBIDO,0,2026-09-30T20:36:54.612-03:00,2026-10-01T00:08:51.738-03:00,211.95,0,SL_INGRESO|SL_EGRESO,TERMINAL_EMBARQUE,SI
e520ed62-488,e520ed62-488,,ABSORBIDO,AE513TA,R7,Ricardone → San Lorenzo,NO_CLASIFICADO,EVIDENCIA_INSUFICIENTE_ABSORBIDO,0,2026-09-30T20:39:18.858-03:00,2026-10-01T00:14:55.951-03:00,215.62,0,SL_INGRESO|SL_BALANZA_INGRESO|SL_EGRESO,TERMINAL_EMBARQUE,SI
0afd5f92-6a8,0afd5f92-6a8,,ABSORBIDO,BHL749,DESPACHO_SIN_PUNTO_INSTRUMENTADO,Despacho / descarga sin punto instrumentado,NO_CLASIFICADO,EVIDENCIA_INSUFICIENTE_ABSORBIDO,0,2026-09-30T20:44:04.344-03:00,2026-10-01T01:27:40.675-03:00,283.61,0,PREINGRESO|BALANZA_EGRESO|SL_INGRESO|SL_BALANZA_INGRESO|SL_VOLCABLE|SL_EGRESO,RICARDONE,SI
3d17c343-02a,3d17c343-02a,,ABSORBIDO,OIW209,R7,Ricardone → San Lorenzo,NO_CLASIFICADO,EVIDENCIA_INSUFICIENTE_ABSORBIDO,0,2026-09-30T20:50:44.661-03:00,2026-10-01T00:34:25.419-03:00,223.68,0,SL_INGRESO|SL_BALANZA_INGRESO|SL_EGRESO,TERMINAL_EMBARQUE,SI
a4a4546f-ab8,a4a4546f-ab8,,ABSORBIDO,RXV065,CIRCUITO_LIQUIDO,Circuito líquido,NO_CLASIFICADO,EVIDENCIA_INSUFICIENTE_ABSORBIDO,0,2026-09-30T20:51:04.848-03:00,2026-10-01T01:36:53.216-03:00,285.81,0,PREINGRESO|LIQUIDO|PLAYA|BALANZA_EGRESO|SL_INGRESO|SL_BALANZA_INGRESO|SL_EGRESO,RICARDONE,SI
b956023a-c7b,b956023a-c7b,,ABSORBIDO,RZS408,R7,Ricardone → San Lorenzo,NO_CLASIFICADO,EVIDENCIA_INSUFICIENTE_ABSORBIDO,0,2026-09-30T20:51:53.144-03:00,2026-10-01T00:44:09.493-03:00,232.27,0,SL_INGRESO|SL_BALANZA_INGRESO|SL_EGRESO,TERMINAL_EMBARQUE,SI
474559ac-d20,474559ac-d20,,ABSORBIDO,AI212GZ,R7,Ricardone → San Lorenzo,NO_CLASIFICADO,EVIDENCIA_INSUFICIENTE_ABSORBIDO,0,2026-09-30T21:03:53.665-03:00,2026-10-01T00:47:20.569-03:00,223.45,0,SL_INGRESO|SL_BALANZA_INGRESO|SL_VOLCABLE|SL_EGRESO,TERMINAL_EMBARQUE,SI
d6791470-879,d6791470-879,,ABSORBIDO,EBO971,CIRCUITO_LIQUIDO,Circuito líquido,NO_CLASIFICADO,EVIDENCIA_INSUFICIENTE_ABSORBIDO,0,2026-09-30T21:09:50.834-03:00,2026-10-01T01:46:39.131-03:00,276.8,0,PREINGRESO|LIQUIDO|BALANZA_EGRESO|SL_INGRESO|SL_BALANZA_INGRESO|SL_VOLCABLE|SL_EGRESO,RICARDONE,SI
c183fdd5-512__cycle_1,c183fdd5-512,,ABSORBIDO,TVH101,CIRCUITO_LIQUIDO,Circuito líquido,NO_CLASIFICADO,EVIDENCIA_INSUFICIENTE_ABSORBIDO,0,2026-09-30T21:21:22.474-03:00,2026-10-01T01:38:01.536-03:00,256.65,0,PREINGRESO|LIQUIDO|BALANZA_EGRESO|SL_BALANZA_INGRESO|SL_VOLCABLE,RICARDONE,SI
842b41c9-644__cycle_2,842b41c9-644,,ABSORBIDO,AZG422,DESPACHO_SIN_PUNTO_INSTRUMENTADO,Despacho / descarga sin punto instrumentado,NO_CLASIFICADO,EVIDENCIA_INSUFICIENTE_ABSORBIDO,0,2026-09-30T21:46:23.680-03:00,2026-09-30T22:47:06.540-03:00,60.71,0,PREINGRESO|BALANZA_EGRESO,RICARDONE,SI
1c917ee3-dbc,1c917ee3-dbc,,ABSORBIDO,RRE349,CIRCUITO_LIQUIDO,Circuito líquido,NO_CLASIFICADO,EVIDENCIA_INSUFICIENTE_ABSORBIDO,0,2026-09-30T21:51:35.380-03:00,2026-10-01T02:22:09.143-03:00,270.56,0,PREINGRESO|LIQUIDO|BALANZA_EGRESO|SL_INGRESO|SL_BALANZA_INGRESO|SL_EGRESO,RICARDONE,SI
d442508b-131,d442508b-131,,ABSORBIDO,SZG666,SL1,Recepción Carga OSL San Lorenzo,NO_CLASIFICADO,EVIDENCIA_INSUFICIENTE_ABSORBIDO,0,2026-09-30T21:59:18.658-03:00,2026-09-30T23:19:32.486-03:00,80.23,0,SL_INGRESO|SL_BALANZA_INGRESO|UNKNOWN|SL_EGRESO,TERMINAL_EMBARQUE,SI
32a77cff-d96,32a77cff-d96,,ABSORBIDO,EFZ230,R7,Ricardone → San Lorenzo,NO_CLASIFICADO,EVIDENCIA_INSUFICIENTE_ABSORBIDO,0,2026-09-30T22:14:50.822-03:00,2026-10-01T01:21:39.952-03:00,186.82,0,PREINGRESO|SL_INGRESO|SL_BALANZA_INGRESO|SL_EGRESO,TERMINAL_EMBARQUE,SI
7ea8eb04-f50,7ea8eb04-f50,,ABSORBIDO,TAC436,CIRCUITO_LIQUIDO,Circuito líquido,NO_CLASIFICADO,EVIDENCIA_INSUFICIENTE_ABSORBIDO,0,2026-09-30T22:19:22.357-03:00,2026-09-30T22:25:56.440-03:00,6.57,0,PREINGRESO|LIQUIDO,,SI
1e3b18b0-9ab,1e3b18b0-9ab,,ABSORBIDO,VAJ028,CIRCUITO_LIQUIDO,Circuito líquido,NO_CLASIFICADO,EVIDENCIA_INSUFICIENTE_ABSORBIDO,0,2026-09-30T22:19:54.117-03:00,2026-10-01T02:40:42.267-03:00,260.8,0,PREINGRESO|LIQUIDO|BALANZA_EGRESO|SL_INGRESO|SL_EGRESO,RICARDONE,SI
b104b3a0-04e,b104b3a0-04e,,ABSORBIDO,LAU467,REGISTRO_INCOMPLETO,Registro incompleto,NO_CLASIFICADO,EVIDENCIA_INSUFICIENTE_ABSORBIDO,0,2026-09-30T22:25:25.311-03:00,2026-10-01T02:37:01.499-03:00,251.6,0,SL_INGRESO|SL_BALANZA_INGRESO|SL_EGRESO,TERMINAL_EMBARQUE,SI
5f05373d-e88,5f05373d-e88,,ABSORBIDO,BVS300,CIRCUITO_LIQUIDO,Circuito líquido,NO_CLASIFICADO,EVIDENCIA_INSUFICIENTE_ABSORBIDO,0,2026-09-30T22:32:12.083-03:00,2026-10-01T03:12:53.777-03:00,280.69,0,PREINGRESO|LIQUIDO|BALANZA_EGRESO|SL_INGRESO|SL_BALANZA_INGRESO|SL_EGRESO,RICARDONE,SI
f939544f-6a5,f939544f-6a5,,ABSORBIDO,SAT582,DESPACHO_SIN_PUNTO_INSTRUMENTADO,Despacho / descarga sin punto instrumentado,NO_CLASIFICADO,EVIDENCIA_INSUFICIENTE_ABSORBIDO,0,2026-09-30T22:41:24.192-03:00,2026-10-01T03:04:47.423-03:00,263.39,0,PREINGRESO|BALANZA_EGRESO|SL_BALANZA_INGRESO|SL_EGRESO,RICARDONE,SI
5ffa8de1-d2e,5ffa8de1-d2e,,ABSORBIDO,HRH085,R7,Ricardone → San Lorenzo,NO_CLASIFICADO,EVIDENCIA_INSUFICIENTE_ABSORBIDO,0,2026-09-30T22:54:04.237-03:00,2026-10-01T02:59:52.105-03:00,245.8,0,PREINGRESO|SL_EGRESO,TERMINAL_EMBARQUE,SI
54807c64-a09,54807c64-a09,,ABSORBIDO,EEW075,CIRCUITO_LIQUIDO,Circuito líquido,NO_CLASIFICADO,EVIDENCIA_INSUFICIENTE_ABSORBIDO,0,2026-09-30T22:54:48.162-03:00,2026-10-01T03:36:54.914-03:00,282.11,0,PREINGRESO|LIQUIDO|PLAYA|BALANZA_EGRESO|SL_INGRESO|SL_BALANZA_INGRESO|SL_VOLCABLE|SL_EGRESO,RICARDONE,SI
7fdbb050-d27,7fdbb050-d27,,ABSORBIDO,AA824HW,R7,Ricardone → San Lorenzo,NO_CLASIFICADO,EVIDENCIA_INSUFICIENTE_ABSORBIDO,0,2026-09-30T23:02:42.880-03:00,2026-10-01T01:01:43.674-03:00,119.01,0,SL_INGRESO|SL_BALANZA_INGRESO|SL_EGRESO,TERMINAL_EMBARQUE,SI
6f6538ee-e50,6f6538ee-e50,,ABSORBIDO,GNB091,R7,Ricardone → San Lorenzo,NO_CLASIFICADO,EVIDENCIA_INSUFICIENTE_ABSORBIDO,0,2026-09-30T23:03:39.870-03:00,2026-10-01T03:07:17.803-03:00,243.63,0,PREINGRESO|SL_EGRESO,TERMINAL_EMBARQUE,SI
6e1b7b24-6d6,6e1b7b24-6d6,,ABSORBIDO,AWQ503,R7,Ricardone → San Lorenzo,NO_CLASIFICADO,EVIDENCIA_INSUFICIENTE_ABSORBIDO,0,2026-09-30T23:06:28.655-03:00,2026-10-01T02:34:07.950-03:00,207.65,0,SL_INGRESO|SL_BALANZA_INGRESO|SL_EGRESO,TERMINAL_EMBARQUE,SI
b1c29956-61a,b1c29956-61a,,ABSORBIDO,KQV940,R7,Ricardone → San Lorenzo,NO_CLASIFICADO,EVIDENCIA_INSUFICIENTE_ABSORBIDO,0,2026-09-30T23:14:14.042-03:00,2026-10-01T01:10:18.760-03:00,116.08,0,SL_INGRESO|SL_BALANZA_INGRESO|SL_EGRESO,TERMINAL_EMBARQUE,SI
fa2b8188-a09,fa2b8188-a09,,ABSORBIDO,IVP956,R7,Ricardone → San Lorenzo,NO_CLASIFICADO,EVIDENCIA_INSUFICIENTE_ABSORBIDO,0,2026-09-30T23:18:35.178-03:00,2026-10-01T01:29:30.639-03:00,130.92,0,SL_INGRESO|SL_BALANZA_INGRESO|SL_EGRESO,TERMINAL_EMBARQUE,SI
268526f4-e49,268526f4-e49,,ABSORBIDO,GCB473,R7,Ricardone → San Lorenzo,NO_CLASIFICADO,EVIDENCIA_INSUFICIENTE_ABSORBIDO,0,2026-09-30T23:21:59.748-03:00,2026-10-01T01:42:12.424-03:00,140.21,0,SL_INGRESO|SL_BALANZA_INGRESO|SL_BALANZA_SALIDA|SL_EGRESO,TERMINAL_EMBARQUE,SI
4ad5f10a-124,4ad5f10a-124,,ABSORBIDO,NAZ841,R7,Ricardone → San Lorenzo,NO_CLASIFICADO,EVIDENCIA_INSUFICIENTE_ABSORBIDO,0,2026-09-30T23:22:53.430-03:00,2026-10-01T01:49:50.207-03:00,146.95,0,SL_INGRESO|SL_BALANZA_INGRESO|SL_EGRESO,TERMINAL_EMBARQUE,SI
cd6ec6b3-453,cd6ec6b3-453,,ABSORBIDO,AC926ZT,R7,Ricardone → San Lorenzo,NO_CLASIFICADO,EVIDENCIA_INSUFICIENTE_ABSORBIDO,0,2026-09-30T23:25:54.162-03:00,2026-10-01T01:51:25.165-03:00,145.52,0,SL_INGRESO|SL_BALANZA_INGRESO|SL_EGRESO,TERMINAL_EMBARQUE,SI
db6e4e02-5f5,db6e4e02-5f5,,ABSORBIDO,LHE266,R7,Ricardone → San Lorenzo,NO_CLASIFICADO,EVIDENCIA_INSUFICIENTE_ABSORBIDO,0,2026-09-30T23:30:02.738-03:00,2026-10-01T01:55:06.653-03:00,145.07,0,SL_INGRESO|SL_BALANZA_INGRESO|SL_EGRESO,TERMINAL_EMBARQUE,SI
dbeb8b9f-231,dbeb8b9f-231,,ABSORBIDO,IBC288,R7,Ricardone → San Lorenzo,NO_CLASIFICADO,EVIDENCIA_INSUFICIENTE_ABSORBIDO,0,2026-09-30T23:30:39.778-03:00,2026-10-01T01:53:26.453-03:00,142.78,0,SL_INGRESO|SL_BALANZA_INGRESO|SL_EGRESO,TERMINAL_EMBARQUE,SI
84f2d262-919,84f2d262-919,,ABSORBIDO,AF653TA,R7,Ricardone → San Lorenzo,NO_CLASIFICADO,EVIDENCIA_INSUFICIENTE_ABSORBIDO,0,2026-09-30T23:31:43.381-03:00,2026-10-01T01:59:05.749-03:00,147.37,0,SL_INGRESO|SL_BALANZA_INGRESO|SL_VOLCABLE|SL_EGRESO,TERMINAL_EMBARQUE,SI
ca33bc7f-9df,ca33bc7f-9df,,ABSORBIDO,DHR695,R7,Ricardone → San Lorenzo,NO_CLASIFICADO,EVIDENCIA_INSUFICIENTE_ABSORBIDO,0,2026-09-30T23:36:19.241-03:00,2026-10-01T02:09:25.997-03:00,153.11,0,SL_INGRESO|SL_BALANZA_INGRESO|SL_EGRESO,TERMINAL_EMBARQUE,SI
513694be-ce0,513694be-ce0,,ABSORBIDO,PJJ799,R7,Ricardone → San Lorenzo,NO_CLASIFICADO,EVIDENCIA_INSUFICIENTE_ABSORBIDO,0,2026-09-30T23:40:20.612-03:00,2026-10-01T02:14:05.869-03:00,153.75,0,SL_INGRESO|SL_BALANZA_INGRESO|SL_EGRESO,TERMINAL_EMBARQUE,SI
7f9ec868-d78__cycle_1,7f9ec868-d78,,ABSORBIDO,TAO150,CIRCUITO_LIQUIDO,Circuito líquido,NO_CLASIFICADO,EVIDENCIA_INSUFICIENTE_ABSORBIDO,0,2026-09-30T23:40:26.283-03:00,2026-10-01T00:57:32.266-03:00,77.1,0,LIQUIDO|BALANZA_EGRESO|SL_INGRESO,RICARDONE,SI
a087c9ca-1d2,a087c9ca-1d2,,ABSORBIDO,OUR677,R7,Ricardone → San Lorenzo,NO_CLASIFICADO,EVIDENCIA_INSUFICIENTE_ABSORBIDO,0,2026-09-30T23:42:16.302-03:00,2026-10-01T01:09:53.510-03:00,87.62,0,SL_BALANZA_INGRESO|SL_VOLCABLE|SL_EGRESO,TERMINAL_EMBARQUE,SI
b7a166e3-ae3,b7a166e3-ae3,,ABSORBIDO,AG534QA,R7,Ricardone → San Lorenzo,NO_CLASIFICADO,EVIDENCIA_INSUFICIENTE_ABSORBIDO,0,2026-09-30T23:43:19.264-03:00,2026-10-01T02:22:35.513-03:00,159.27,0,SL_INGRESO|SL_BALANZA_INGRESO|SL_EGRESO,TERMINAL_EMBARQUE,SI
e3e6e17b-ffd,e3e6e17b-ffd,,ABSORBIDO,SLT997,R7,Ricardone → San Lorenzo,NO_CLASIFICADO,EVIDENCIA_INSUFICIENTE_ABSORBIDO,0,2026-09-30T23:47:11.516-03:00,2026-10-01T02:24:34.440-03:00,157.38,0,SL_INGRESO|SL_BALANZA_INGRESO|SL_VOLCABLE|SL_EGRESO,TERMINAL_EMBARQUE,SI
b89a83e8-f4b,b89a83e8-f4b,,ABSORBIDO,OAT016,R7,Ricardone → San Lorenzo,NO_CLASIFICADO,EVIDENCIA_INSUFICIENTE_ABSORBIDO,0,2026-09-30T23:52:28.438-03:00,2026-10-01T02:40:10.015-03:00,167.69,0,SL_INGRESO|SL_BALANZA_INGRESO|SL_VOLCABLE|SL_EGRESO,TERMINAL_EMBARQUE,SI
99d5ff75-231,99d5ff75-231,,ABSORBIDO,VJG112,CIRCUITO_LIQUIDO,Circuito líquido,NO_CLASIFICADO,EVIDENCIA_INSUFICIENTE_ABSORBIDO,0,2026-09-30T23:56:28.107-03:00,2026-10-01T11:04:20.947-03:00,667.88,0,LIQUIDO|BALANZA_EGRESO|LIQUIDO|BALANZA_EGRESO|SL_INGRESO|SL_BALANZA_INGRESO|SL_VOLCABLE|SL_EGRESO,RICARDONE,SI
c939e0cf-140,c939e0cf-140,,ABSORBIDO,AH672UR,R7,Ricardone → San Lorenzo,NO_CLASIFICADO,EVIDENCIA_INSUFICIENTE_ABSORBIDO,0,2026-10-01T00:00:22.948-03:00,2026-10-01T03:02:36.851-03:00,182.23,0,SL_INGRESO|SL_BALANZA_INGRESO|SL_EGRESO,TERMINAL_EMBARQUE,SI
026c95db-0c7,026c95db-0c7,,ABSORBIDO,UKL882,CIRCUITO_LIQUIDO,Circuito líquido,NO_CLASIFICADO,EVIDENCIA_INSUFICIENTE_ABSORBIDO,0,2026-10-01T00:03:13.041-03:00,2026-10-01T04:42:03.893-03:00,278.85,0,PREINGRESO|LIQUIDO|PLAYA|BALANZA_EGRESO|SL_INGRESO|SL_BALANZA_INGRESO|SL_EGRESO,RICARDONE,SI
8addf98f-090,8addf98f-090,,ABSORBIDO,HUK533,R7,Ricardone → San Lorenzo,NO_CLASIFICADO,EVIDENCIA_INSUFICIENTE_ABSORBIDO,0,2026-10-01T00:03:33.597-03:00,2026-10-01T03:13:21.508-03:00,189.8,0,SL_INGRESO|SL_BALANZA_INGRESO|SL_VOLCABLE|SL_EGRESO,TERMINAL_EMBARQUE,SI
153f75ff-053,153f75ff-053,,ABSORBIDO,RGO317,R7,Ricardone → San Lorenzo,NO_CLASIFICADO,EVIDENCIA_INSUFICIENTE_ABSORBIDO,0,2026-10-01T00:12:15.152-03:00,2026-10-01T04:02:59.961-03:00,230.75,0,PREINGRESO|SL_INGRESO|SL_EGRESO,TERMINAL_EMBARQUE,SI
910d85da-dc3,910d85da-dc3,,ABSORBIDO,FLC094,R7,Ricardone → San Lorenzo,NO_CLASIFICADO,EVIDENCIA_INSUFICIENTE_ABSORBIDO,0,2026-10-01T00:17:21.007-03:00,2026-10-01T03:10:36.883-03:00,173.26,0,SL_INGRESO|SL_BALANZA_INGRESO|SL_EGRESO,TERMINAL_EMBARQUE,SI
c5d914f9-e5b,c5d914f9-e5b,,ABSORBIDO,AI362IP,R7,Ricardone → San Lorenzo,NO_CLASIFICADO,EVIDENCIA_INSUFICIENTE_ABSORBIDO,0,2026-10-01T00:23:48.790-03:00,2026-10-01T03:23:55.602-03:00,180.11,0,SL_INGRESO|SL_EGRESO,TERMINAL_EMBARQUE,SI
ce7e15e6-a2e,ce7e15e6-a2e,,ABSORBIDO,HCG771,R7,Ricardone → San Lorenzo,NO_CLASIFICADO,EVIDENCIA_INSUFICIENTE_ABSORBIDO,0,2026-10-01T00:26:12.398-03:00,2026-10-01T02:58:38.835-03:00,152.44,0,SL_INGRESO|SL_BALANZA_INGRESO|SL_EGRESO,TERMINAL_EMBARQUE,SI
52f105d1-190,52f105d1-190,,ABSORBIDO,SBV011,R7,Ricardone → San Lorenzo,NO_CLASIFICADO,EVIDENCIA_INSUFICIENTE_ABSORBIDO,0,2026-10-01T00:27:56.324-03:00,2026-10-01T03:35:38.483-03:00,187.7,0,SL_INGRESO|SL_BALANZA_INGRESO|SL_EGRESO,TERMINAL_EMBARQUE,SI
b2de7399-6d8,b2de7399-6d8,,ABSORBIDO,AG818PJ,R7,Ricardone → San Lorenzo,NO_CLASIFICADO,EVIDENCIA_INSUFICIENTE_ABSORBIDO,0,2026-10-01T00:29:43.689-03:00,2026-10-01T03:35:12.152-03:00,185.47,0,SL_INGRESO|SL_BALANZA_INGRESO|SL_VOLCABLE|SL_EGRESO,TERMINAL_EMBARQUE,SI
342b1ff6-901,342b1ff6-901,,ABSORBIDO,EAX665,R7,Ricardone → San Lorenzo,NO_CLASIFICADO,EVIDENCIA_INSUFICIENTE_ABSORBIDO,0,2026-10-01T00:30:34.654-03:00,2026-10-01T03:36:30.504-03:00,185.93,0,SL_INGRESO|SL_BALANZA_INGRESO|SL_EGRESO,TERMINAL_EMBARQUE,SI
9bb954e5-364,9bb954e5-364,,ABSORBIDO,DTG181,CIRCUITO_LIQUIDO,Circuito líquido,NO_CLASIFICADO,EVIDENCIA_INSUFICIENTE_ABSORBIDO,0,2026-10-01T00:31:39.778-03:00,2026-10-01T04:50:31.015-03:00,258.85,0,PREINGRESO|PLAYA|BALANZA_EGRESO|LIQUIDO|BALANZA_EGRESO|SL_INGRESO|SL_BALANZA_INGRESO|SL_EGRESO,RICARDONE,SI
54af3767-da1,54af3767-da1,,ABSORBIDO,RLP943,CIRCUITO_LIQUIDO,Circuito líquido,NO_CLASIFICADO,EVIDENCIA_INSUFICIENTE_ABSORBIDO,0,2026-10-01T00:32:07.460-03:00,2026-10-01T05:01:31.680-03:00,269.4,0,PREINGRESO|LIQUIDO|PLAYA|BALANZA_EGRESO|SL_INGRESO|SL_EGRESO,RICARDONE,SI
4e4d9281-889,4e4d9281-889,,ABSORBIDO,PQV114,R7,Ricardone → San Lorenzo,NO_CLASIFICADO,EVIDENCIA_INSUFICIENTE_ABSORBIDO,0,2026-10-01T00:33:27.864-03:00,2026-10-01T03:40:30.840-03:00,187.05,0,SL_INGRESO|SL_EGRESO,TERMINAL_EMBARQUE,SI
16015d16-912,16015d16-912,,ABSORBIDO,EYH843,CIRCUITO_LIQUIDO,Circuito líquido,NO_CLASIFICADO,EVIDENCIA_INSUFICIENTE_ABSORBIDO,0,2026-10-01T00:40:21.833-03:00,2026-10-01T05:06:54.048-03:00,266.54,0,PREINGRESO|LIQUIDO|BALANZA_EGRESO|SL_INGRESO|SL_BALANZA_INGRESO|SL_VOLCABLE|SL_EGRESO,RICARDONE,SI
1664cf71-98b,1664cf71-98b,,ABSORBIDO,MOV231,R7,Ricardone → San Lorenzo,NO_CLASIFICADO,EVIDENCIA_INSUFICIENTE_ABSORBIDO,0,2026-10-01T00:43:43.579-03:00,2026-10-01T03:58:40.956-03:00,194.96,0,SL_INGRESO|SL_BALANZA_INGRESO|SL_EGRESO,TERMINAL_EMBARQUE,SI
d3e2cadf-456,d3e2cadf-456,,ABSORBIDO,FGI381,R7,Ricardone → San Lorenzo,NO_CLASIFICADO,EVIDENCIA_INSUFICIENTE_ABSORBIDO,0,2026-10-01T00:51:01.471-03:00,2026-10-01T01:51:34.978-03:00,60.56,0,PREINGRESO|SL_INGRESO,TERMINAL_EMBARQUE,SI
4c09661f-e44__cycle_2,4c09661f-e44,,ABSORBIDO,RAW481,CIRCUITO_LIQUIDO,Circuito líquido,NO_CLASIFICADO,EVIDENCIA_INSUFICIENTE_ABSORBIDO,0,2026-10-01T00:54:54.684-03:00,2026-10-01T11:41:22.515-03:00,646.46,0,PREINGRESO|LIQUIDO|PREINGRESO|LIQUIDO|SL_BALANZA_INGRESO|SL_VOLCABLE|SL_EGRESO,RICARDONE,SI
bf3f36e1-601,bf3f36e1-601,,ABSORBIDO,FDH917,CIRCUITO_LIQUIDO,Circuito líquido,NO_CLASIFICADO,EVIDENCIA_INSUFICIENTE_ABSORBIDO,0,2026-10-01T01:01:33.827-03:00,2026-10-01T05:36:03.842-03:00,274.5,0,PREINGRESO|LIQUIDO|BALANZA_EGRESO|SL_VOLCABLE|SL_EGRESO,RICARDONE,SI
acb01522-6bd,acb01522-6bd,,ABSORBIDO,GES056,CIRCUITO_LIQUIDO,Circuito líquido,NO_CLASIFICADO,EVIDENCIA_INSUFICIENTE_ABSORBIDO,0,2026-10-01T01:08:01.930-03:00,2026-10-01T05:36:43.178-03:00,268.69,0,PREINGRESO|LIQUIDO|BALANZA_EGRESO|SL_INGRESO|SL_BALANZA_INGRESO|SL_EGRESO,RICARDONE,SI
95802735-138,95802735-138,,ABSORBIDO,HZZ526,R7,Ricardone → San Lorenzo,NO_CLASIFICADO,EVIDENCIA_INSUFICIENTE_ABSORBIDO,0,2026-10-01T01:26:09.546-03:00,2026-10-01T04:16:50.350-03:00,170.68,0,CALADA|SL_INGRESO|SL_BALANZA_INGRESO|SL_VOLCABLE,TERMINAL_EMBARQUE,SI
1b3b547d-e70,1b3b547d-e70,,ABSORBIDO,ILB670,R7,Ricardone → San Lorenzo,NO_CLASIFICADO,EVIDENCIA_INSUFICIENTE_ABSORBIDO,0,2026-10-01T01:27:44.613-03:00,2026-10-01T03:28:43.703-03:00,120.98,0,SL_INGRESO|SL_BALANZA_INGRESO,TERMINAL_EMBARQUE,SI
731b74ee-1c0,731b74ee-1c0,,ABSORBIDO,BNU854,R7,Ricardone → San Lorenzo,NO_CLASIFICADO,EVIDENCIA_INSUFICIENTE_ABSORBIDO,0,2026-10-01T01:32:09.029-03:00,2026-10-01T04:17:05.293-03:00,164.94,0,SL_INGRESO|SL_EGRESO,TERMINAL_EMBARQUE,SI
184ab2ff-713,184ab2ff-713,,ABSORBIDO,AD807OB,R7,Ricardone → San Lorenzo,NO_CLASIFICADO,EVIDENCIA_INSUFICIENTE_ABSORBIDO,0,2026-10-01T01:32:35.509-03:00,2026-10-01T04:03:31.888-03:00,150.94,0,SL_INGRESO|SL_BALANZA_INGRESO|SL_EGRESO,TERMINAL_EMBARQUE,SI
02acb870-5e8,02acb870-5e8,,ABSORBIDO,AH340GM,R7,Ricardone → San Lorenzo,NO_CLASIFICADO,EVIDENCIA_INSUFICIENTE_ABSORBIDO,0,2026-10-01T01:34:07.594-03:00,2026-10-01T04:22:25.181-03:00,168.29,0,SL_INGRESO|SL_BALANZA_INGRESO|SL_EGRESO,TERMINAL_EMBARQUE,SI
a7ea0690-94b,a7ea0690-94b,,ABSORBIDO,PNO784,R7,Ricardone → San Lorenzo,NO_CLASIFICADO,EVIDENCIA_INSUFICIENTE_ABSORBIDO,0,2026-10-01T01:34:55.759-03:00,2026-10-01T04:05:13.329-03:00,150.29,0,SL_INGRESO|SL_BALANZA_INGRESO|SL_VOLCABLE|SL_EGRESO,TERMINAL_EMBARQUE,SI
4ecc1869-465,4ecc1869-465,,ABSORBIDO,KAM352,R7,Ricardone → San Lorenzo,NO_CLASIFICADO,EVIDENCIA_INSUFICIENTE_ABSORBIDO,0,2026-10-01T01:40:13.778-03:00,2026-10-01T03:59:09.967-03:00,138.94,0,SL_INGRESO|SL_BALANZA_INGRESO|SL_EGRESO,TERMINAL_EMBARQUE,SI
28875d6e-bd4,28875d6e-bd4,,ABSORBIDO,AA459EI,R7,Ricardone → San Lorenzo,NO_CLASIFICADO,EVIDENCIA_INSUFICIENTE_ABSORBIDO,0,2026-10-01T01:44:03.831-03:00,2026-10-01T04:27:52.472-03:00,163.81,0,SL_INGRESO|SL_BALANZA_INGRESO|SL_VOLCABLE|SL_EGRESO,TERMINAL_EMBARQUE,SI
2fed723c-846,2fed723c-846,,ABSORBIDO,AE963XA,R7,Ricardone → San Lorenzo,NO_CLASIFICADO,EVIDENCIA_INSUFICIENTE_ABSORBIDO,0,2026-10-01T01:44:31.671-03:00,2026-10-01T04:41:38.723-03:00,177.12,0,SL_INGRESO|SL_BALANZA_INGRESO|SL_BALANZA_SALIDA|SL_EGRESO,TERMINAL_EMBARQUE,SI
709623e1-b66,709623e1-b66,,ABSORBIDO,RXV065,DESPACHO_SIN_PUNTO_INSTRUMENTADO,Despacho / descarga sin punto instrumentado,NO_CLASIFICADO,EVIDENCIA_INSUFICIENTE_ABSORBIDO,0,2026-10-01T01:47:32.146-03:00,2026-10-01T06:09:14.278-03:00,261.7,0,PREINGRESO|BALANZA_EGRESO|SL_INGRESO|SL_BALANZA_INGRESO|SL_EGRESO,RICARDONE,SI
c67a1065-cc0,c67a1065-cc0,,ABSORBIDO,KGH536,R7,Ricardone → San Lorenzo,NO_CLASIFICADO,EVIDENCIA_INSUFICIENTE_ABSORBIDO,0,2026-10-01T01:47:38.723-03:00,2026-10-01T04:47:43.588-03:00,180.08,0,SL_INGRESO|SL_BALANZA_INGRESO|SL_EGRESO,TERMINAL_EMBARQUE,SI
afd7f632-a30,afd7f632-a30,,ABSORBIDO,OJD089,R7,Ricardone → San Lorenzo,NO_CLASIFICADO,EVIDENCIA_INSUFICIENTE_ABSORBIDO,0,2026-10-01T01:48:14.965-03:00,2026-10-01T03:04:19.132-03:00,76.07,0,SL_INGRESO|SL_BALANZA_INGRESO|SL_EGRESO,TERMINAL_EMBARQUE,SI
05690f53-bcc,05690f53-bcc,,ABSORBIDO,EBO971,CIRCUITO_LIQUIDO,Circuito líquido,NO_CLASIFICADO,EVIDENCIA_INSUFICIENTE_ABSORBIDO,0,2026-10-01T02:00:43.221-03:00,2026-10-01T06:23:10.773-03:00,262.46,0,LIQUIDO|PLAYA|BALANZA_EGRESO|SL_INGRESO|SL_BALANZA_INGRESO|SL_EGRESO,RICARDONE,SI
051bbe67-c7e,051bbe67-c7e,,ABSORBIDO,OKH237,CIRCUITO_SAN_LORENZO,Circuito Ricardone → San Lorenzo,NO_CLASIFICADO,EVIDENCIA_INSUFICIENTE_ABSORBIDO,0,2026-10-01T02:02:06.039-03:00,2026-10-01T04:52:00.624-03:00,169.91,0,PREINGRESO|CALADA|EGRESO,,SI
44981216-a38,44981216-a38,,ABSORBIDO,CMF111,SL1,Recepción Carga OSL San Lorenzo,NO_CLASIFICADO,EVIDENCIA_INSUFICIENTE_ABSORBIDO,0,2026-10-01T02:07:41.034-03:00,2026-10-01T03:21:53.993-03:00,74.22,0,SL_INGRESO|SL_BALANZA_INGRESO|SL_EGRESO,TERMINAL_EMBARQUE,SI
db57d136-81c,db57d136-81c,,ABSORBIDO,BWV144,CIRCUITO_LIQUIDO,Circuito líquido,NO_CLASIFICADO,EVIDENCIA_INSUFICIENTE_ABSORBIDO,0,2026-10-01T02:13:53.360-03:00,2026-10-01T06:31:51.341-03:00,257.97,0,PREINGRESO|LIQUIDO|BALANZA_EGRESO|SL_INGRESO|SL_BALANZA_INGRESO|SL_VOLCABLE|SL_EGRESO,RICARDONE,SI
93edcfee-1a7,93edcfee-1a7,,ABSORBIDO,RRE349,DESPACHO_SIN_PUNTO_INSTRUMENTADO,Despacho / descarga sin punto instrumentado,NO_CLASIFICADO,EVIDENCIA_INSUFICIENTE_ABSORBIDO,0,2026-10-01T02:31:02.698-03:00,2026-10-01T06:39:15.256-03:00,248.21,0,PREINGRESO|BALANZA_EGRESO|SL_INGRESO|SL_BALANZA_INGRESO|SL_EGRESO,RICARDONE,SI
6248bf88-554,6248bf88-554,,ABSORBIDO,DFP716,CIRCUITO_LIQUIDO,Circuito líquido,NO_CLASIFICADO,EVIDENCIA_INSUFICIENTE_ABSORBIDO,0,2026-10-01T02:47:42.999-03:00,2026-10-01T07:38:15.551-03:00,290.54,0,PREINGRESO|LIQUIDO|PLAYA|BALANZA_EGRESO|SL_INGRESO|SL_BALANZA_INGRESO|SL_VOLCABLE|SL_EGRESO,RICARDONE,SI
28675b43-02f,28675b43-02f,,ABSORBIDO,VAJ028,CIRCUITO_LIQUIDO,Circuito líquido,NO_CLASIFICADO,EVIDENCIA_INSUFICIENTE_ABSORBIDO,0,2026-10-01T02:51:01.410-03:00,2026-10-01T07:44:57.152-03:00,293.93,0,PREINGRESO|LIQUIDO|BALANZA_EGRESO|SL_INGRESO|SL_BALANZA_INGRESO|SL_VOLCABLE|SL_EGRESO,RICARDONE,SI
c75196f8-cf5,c75196f8-cf5,,ABSORBIDO,SAT582,CIRCUITO_LIQUIDO,Circuito líquido,NO_CLASIFICADO,EVIDENCIA_INSUFICIENTE_ABSORBIDO,0,2026-10-01T03:13:35.889-03:00,2026-10-01T09:14:12.085-03:00,360.6,0,PREINGRESO|LIQUIDO|PLAYA|BALANZA_EGRESO|SL_INGRESO|SL_BALANZA_INGRESO|SL_VOLCABLE|SL_EGRESO,RICARDONE,SI
9b1d5af7-30b,9b1d5af7-30b,,ABSORBIDO,RYJ562,CIRCUITO_LIQUIDO,Circuito líquido,NO_CLASIFICADO,EVIDENCIA_INSUFICIENTE_ABSORBIDO,0,2026-10-01T03:14:02.118-03:00,2026-10-01T07:55:18.299-03:00,281.27,0,LIQUIDO|BALANZA_EGRESO|SL_INGRESO|SL_VOLCABLE|SL_EGRESO,RICARDONE,SI
8e62bfe7-b57,8e62bfe7-b57,,ABSORBIDO,SZG666,SL1,Recepción Carga OSL San Lorenzo,NO_CLASIFICADO,EVIDENCIA_INSUFICIENTE_ABSORBIDO,0,2026-10-01T03:17:28.338-03:00,2026-10-01T04:25:38.899-03:00,68.18,0,SL_INGRESO|SL_BALANZA_INGRESO|UNKNOWN|SL_BALANZA_SALIDA|SL_EGRESO,TERMINAL_EMBARQUE,SI
c4ef79e8-9ef,c4ef79e8-9ef,,ABSORBIDO,BVS300,CIRCUITO_LIQUIDO,Circuito líquido,NO_CLASIFICADO,EVIDENCIA_INSUFICIENTE_ABSORBIDO,0,2026-10-01T03:24:42.649-03:00,2026-10-01T09:23:37.791-03:00,358.92,0,PREINGRESO|LIQUIDO|BALANZA_EGRESO|SL_INGRESO|SL_BALANZA_INGRESO|SL_VOLCABLE|SL_EGRESO,RICARDONE,SI
3aebcf84-f16,3aebcf84-f16,,ABSORBIDO,EEW075,CIRCUITO_LIQUIDO,Circuito líquido,NO_CLASIFICADO,EVIDENCIA_INSUFICIENTE_ABSORBIDO,0,2026-10-01T03:47:36.966-03:00,2026-10-01T09:43:01.457-03:00,355.41,0,PREINGRESO|LIQUIDO|PLAYA|BALANZA_EGRESO|SL_INGRESO|SL_BALANZA_INGRESO|SL_VOLCABLE|SL_EGRESO,RICARDONE,SI
5b21cdbd-5d5__cycle_2,5b21cdbd-5d5,,ABSORBIDO,UWX998,DESPACHO_SIN_PUNTO_INSTRUMENTADO,Despacho / descarga sin punto instrumentado,NO_CLASIFICADO,EVIDENCIA_INSUFICIENTE_ABSORBIDO,0,2026-10-01T04:02:33.244-03:00,2026-10-01T09:53:55.303-03:00,351.37,0,BALANZA_EGRESO|SL_VOLCABLE|PREINGRESO|EGRESO,RICARDONE,SI
635ebfeb-538,635ebfeb-538,,ABSORBIDO,RKS646,CIRCUITO_LIQUIDO,Circuito líquido,NO_CLASIFICADO,EVIDENCIA_INSUFICIENTE_ABSORBIDO,0,2026-10-01T04:03:19.662-03:00,2026-10-01T10:04:01.041-03:00,360.69,0,PREINGRESO|LIQUIDO|PLAYA|BALANZA_EGRESO|SL_INGRESO|SL_VOLCABLE|SL_EGRESO,RICARDONE,SI
7f9ec868-d78__cycle_2,7f9ec868-d78,,ABSORBIDO,TAO150,CIRCUITO_LIQUIDO,Circuito líquido,NO_CLASIFICADO,EVIDENCIA_INSUFICIENTE_ABSORBIDO,0,2026-10-01T04:34:19.930-03:00,2026-10-01T14:05:30.209-03:00,571.17,0,PREINGRESO|LIQUIDO|BALANZA_EGRESO|SL_VOLCABLE|PREINGRESO|LIQUIDO|EGRESO,RICARDONE,SI
c3487b97-5b3,c3487b97-5b3,,ABSORBIDO,JPZ027,CIRCUITO_LIQUIDO,Circuito líquido,NO_CLASIFICADO,EVIDENCIA_INSUFICIENTE_ABSORBIDO,0,2026-10-01T04:37:05.302-03:00,2026-10-01T10:31:25.677-03:00,354.34,0,PREINGRESO|LIQUIDO|PLAYA|BALANZA_EGRESO|SL_INGRESO|SL_BALANZA_INGRESO|SL_VOLCABLE|SL_EGRESO,RICARDONE,SI
c0a85259-c1e,c0a85259-c1e,,ABSORBIDO,AA326VM,R7,Ricardone → San Lorenzo,NO_CLASIFICADO,EVIDENCIA_INSUFICIENTE_ABSORBIDO,0,2026-10-01T04:37:49.310-03:00,2026-10-01T04:48:48.815-03:00,10.99,0,SL_VOLCABLE|SL_EGRESO,TERMINAL_EMBARQUE,SI
1b6504df-462,1b6504df-462,,ABSORBIDO,UPW705,REGISTRO_INCOMPLETO,Registro incompleto,NO_CLASIFICADO,EVIDENCIA_INSUFICIENTE_ABSORBIDO,0,2026-10-01T04:46:30.372-03:00,2026-10-01T11:02:13.256-03:00,375.71,0,PREINGRESO|SL_INGRESO|SL_BALANZA_INGRESO|SL_VOLCABLE|SL_EGRESO,RICARDONE,SI
34857fd1-5ef,34857fd1-5ef,,ABSORBIDO,UKL882,CIRCUITO_LIQUIDO,Circuito líquido,NO_CLASIFICADO,EVIDENCIA_INSUFICIENTE_ABSORBIDO,0,2026-10-01T04:51:50.071-03:00,2026-10-01T11:12:27.822-03:00,380.63,0,PREINGRESO|LIQUIDO|PLAYA|BALANZA_EGRESO|SL_INGRESO|SL_BALANZA_INGRESO|SL_VOLCABLE|SL_EGRESO,RICARDONE,SI
6dd902ab-5bb,6dd902ab-5bb,,ABSORBIDO,OKH237,R7,Ricardone → San Lorenzo,NO_CLASIFICADO,EVIDENCIA_INSUFICIENTE_ABSORBIDO,0,2026-10-01T04:59:20.373-03:00,2026-10-01T08:49:59.451-03:00,230.65,0,SL_INGRESO|SL_BALANZA_INGRESO|SL_VOLCABLE|SL_EGRESO,TERMINAL_EMBARQUE,SI
9dfb128d-be9,9dfb128d-be9,,ABSORBIDO,AD790NK,R7,Ricardone → San Lorenzo,NO_CLASIFICADO,EVIDENCIA_INSUFICIENTE_ABSORBIDO,0,2026-10-01T04:59:38.405-03:00,2026-10-01T08:29:42.604-03:00,210.07,0,CALADA|SL_INGRESO|SL_VOLCABLE|SL_EGRESO,TERMINAL_EMBARQUE,SI
7a96c3e5-e92,7a96c3e5-e92,,ABSORBIDO,AI455EY,R7,Ricardone → San Lorenzo,NO_CLASIFICADO,EVIDENCIA_INSUFICIENTE_ABSORBIDO,0,2026-10-01T05:06:23.041-03:00,2026-10-01T09:06:05.477-03:00,239.71,0,SL_INGRESO|SL_BALANZA_INGRESO|SL_VOLCABLE|SL_EGRESO,TERMINAL_EMBARQUE,SI
9929fd8c-eb4,9929fd8c-eb4,,ABSORBIDO,AI526KD,R7,Ricardone → San Lorenzo,NO_CLASIFICADO,EVIDENCIA_INSUFICIENTE_ABSORBIDO,0,2026-10-01T05:08:04.647-03:00,2026-10-01T07:43:39.041-03:00,155.57,0,SL_INGRESO|SL_VOLCABLE|SL_EGRESO,TERMINAL_EMBARQUE,SI
39c221b2-fcf,39c221b2-fcf,,ABSORBIDO,AC065FR,R7,Ricardone → San Lorenzo,NO_CLASIFICADO,EVIDENCIA_INSUFICIENTE_ABSORBIDO,0,2026-10-01T05:11:46.259-03:00,2026-10-01T05:46:11.565-03:00,34.42,0,SL_INGRESO|SL_BALANZA_INGRESO|SL_EGRESO,TERMINAL_EMBARQUE,SI
7d72d455-8c2,7d72d455-8c2,,ABSORBIDO,AC065FP,R7,Ricardone → San Lorenzo,NO_CLASIFICADO,EVIDENCIA_INSUFICIENTE_ABSORBIDO,0,2026-10-01T05:12:11.940-03:00,2026-10-01T09:14:47.940-03:00,242.6,0,SL_INGRESO|SL_BALANZA_INGRESO|SL_VOLCABLE|SL_EGRESO,TERMINAL_EMBARQUE,SI
a455f566-006,a455f566-006,,ABSORBIDO,RLP943,CIRCUITO_LIQUIDO,Circuito líquido,NO_CLASIFICADO,EVIDENCIA_INSUFICIENTE_ABSORBIDO,0,2026-10-01T05:15:05.431-03:00,2026-10-01T11:22:28.742-03:00,367.39,0,LIQUIDO|BALANZA_EGRESO|SL_INGRESO|SL_BALANZA_INGRESO|SL_VOLCABLE|SL_EGRESO,RICARDONE,SI
a09b81b9-148,a09b81b9-148,,ABSORBIDO,AA425FJ,R7,Ricardone → San Lorenzo,NO_CLASIFICADO,EVIDENCIA_INSUFICIENTE_ABSORBIDO,0,2026-10-01T05:15:33.152-03:00,2026-10-01T05:54:21.601-03:00,38.81,0,SL_INGRESO|SL_EGRESO,TERMINAL_EMBARQUE,SI
ae706985-b0a,ae706985-b0a,,ABSORBIDO,AA637JE,R7,Ricardone → San Lorenzo,NO_CLASIFICADO,EVIDENCIA_INSUFICIENTE_ABSORBIDO,0,2026-10-01T05:15:47.622-03:00,2026-10-01T05:43:15.844-03:00,27.47,0,CALADA|SL_BALANZA_INGRESO,TERMINAL_EMBARQUE,SI
2f0d8cc3-595,2f0d8cc3-595,,ABSORBIDO,EYH843,CIRCUITO_LIQUIDO,Circuito líquido,NO_CLASIFICADO,EVIDENCIA_INSUFICIENTE_ABSORBIDO,0,2026-10-01T05:17:03.441-03:00,2026-10-01T11:32:42.627-03:00,375.65,0,PREINGRESO|LIQUIDO|PLAYA|BALANZA_EGRESO|SL_INGRESO|SL_BALANZA_INGRESO|SL_VOLCABLE|SL_EGRESO,RICARDONE,SI
04e9454c-292,04e9454c-292,,ABSORBIDO,BMM438,R7,Ricardone → San Lorenzo,NO_CLASIFICADO,EVIDENCIA_INSUFICIENTE_ABSORBIDO,0,2026-10-01T05:24:09.982-03:00,2026-10-01T09:25:55.607-03:00,241.76,0,SL_INGRESO|SL_BALANZA_INGRESO|SL_VOLCABLE|SL_EGRESO,TERMINAL_EMBARQUE,SI
d6429002-eff,d6429002-eff,,ABSORBIDO,ENN095,R7,Ricardone → San Lorenzo,NO_CLASIFICADO,EVIDENCIA_INSUFICIENTE_ABSORBIDO,0,2026-10-01T05:25:43.987-03:00,2026-10-01T06:17:45.843-03:00,52.03,0,SL_INGRESO|SL_EGRESO,TERMINAL_EMBARQUE,SI
e83785a8-49a,e83785a8-49a,,ABSORBIDO,SCG152,SL1,Recepción Carga OSL San Lorenzo,NO_CLASIFICADO,EVIDENCIA_INSUFICIENTE_ABSORBIDO,0,2026-10-01T05:27:17.270-03:00,2026-10-01T10:44:29.471-03:00,317.2,0,SL_INGRESO|SL_CALADA|SL_BALANZA_INGRESO|SL_LIQUIDO_CARGA|SL_EGRESO,TERMINAL_EMBARQUE,SI
4bd661ef-2cd,4bd661ef-2cd,,ABSORBIDO,TGX554,R7,Ricardone → San Lorenzo,NO_CLASIFICADO,EVIDENCIA_INSUFICIENTE_ABSORBIDO,0,2026-10-01T05:36:22.102-03:00,2026-10-01T06:26:55.863-03:00,50.56,0,SL_INGRESO|SL_EGRESO,TERMINAL_EMBARQUE,SI
ad50bff2-c03,ad50bff2-c03,,ABSORBIDO,AI125ZN,R7,Ricardone → San Lorenzo,NO_CLASIFICADO,EVIDENCIA_INSUFICIENTE_ABSORBIDO,0,2026-10-01T05:38:18.832-03:00,2026-10-01T06:40:17.080-03:00,61.97,0,SL_INGRESO|SL_EGRESO,TERMINAL_EMBARQUE,SI
1dab556d-c36,1dab556d-c36,,ABSORBIDO,FDH917,CIRCUITO_LIQUIDO,Circuito líquido,NO_CLASIFICADO,EVIDENCIA_INSUFICIENTE_ABSORBIDO,0,2026-10-01T05:46:38.505-03:00,2026-10-01T11:57:20.470-03:00,370.7,0,PREINGRESO|LIQUIDO|BALANZA_EGRESO|SL_INGRESO|SL_BALANZA_INGRESO|SL_VOLCABLE|SL_EGRESO,RICARDONE,SI
b86d5986-e96,b86d5986-e96,,ABSORBIDO,GES056,CIRCUITO_LIQUIDO,Circuito líquido,NO_CLASIFICADO,EVIDENCIA_INSUFICIENTE_ABSORBIDO,0,2026-10-01T05:47:54.829-03:00,2026-10-01T12:04:29.202-03:00,376.57,0,PREINGRESO|LIQUIDO|BALANZA_EGRESO|SL_INGRESO|SL_BALANZA_INGRESO|SL_VOLCABLE|SL_EGRESO,RICARDONE,SI
7c52813c-814,7c52813c-814,,ABSORBIDO,EUB299,R7,Ricardone → San Lorenzo,NO_CLASIFICADO,EVIDENCIA_INSUFICIENTE_ABSORBIDO,0,2026-10-01T05:51:35.199-03:00,2026-10-01T08:31:40.171-03:00,160.08,0,SL_INGRESO|SL_BALANZA_INGRESO|SL_VOLCABLE|SL_EGRESO,TERMINAL_EMBARQUE,SI
0a23e6fc-d99__cycle_1,0a23e6fc-d99,,ABSORBIDO,USQ544,DESPACHO_SIN_PUNTO_INSTRUMENTADO,Despacho / descarga sin punto instrumentado,NO_CLASIFICADO,EVIDENCIA_INSUFICIENTE_ABSORBIDO,0,2026-10-01T05:59:53.751-03:00,2026-10-01T08:16:52.148-03:00,136.97,0,PREINGRESO|CALADA,,SI
abdf1b27-215,abdf1b27-215,,ABSORBIDO,CGS172,CIRCUITO_LIQUIDO,Circuito líquido,NO_CLASIFICADO,EVIDENCIA_INSUFICIENTE_ABSORBIDO,0,2026-10-01T06:05:24.728-03:00,2026-10-01T12:15:19.221-03:00,369.91,0,PREINGRESO|LIQUIDO|PLAYA|BALANZA_EGRESO|SL_INGRESO|SL_BALANZA_INGRESO|SL_VOLCABLE|SL_EGRESO,RICARDONE,SI
56b2a47a-85f,56b2a47a-85f,,ABSORBIDO,RXV065,CIRCUITO_LIQUIDO,Circuito líquido,NO_CLASIFICADO,EVIDENCIA_INSUFICIENTE_ABSORBIDO,0,2026-10-01T06:18:13.039-03:00,2026-10-01T12:31:33.291-03:00,373.34,0,PREINGRESO|LIQUIDO|PLAYA|BALANZA_EGRESO|SL_INGRESO|SL_BALANZA_INGRESO|SL_VOLCABLE|SL_EGRESO,RICARDONE,SI
8e4aebc9-fea,8e4aebc9-fea,,ABSORBIDO,AGR963,SL1,Recepción Carga OSL San Lorenzo,NO_CLASIFICADO,EVIDENCIA_INSUFICIENTE_ABSORBIDO,0,2026-10-01T06:29:51.889-03:00,2026-10-01T11:42:49.449-03:00,312.96,0,SL_INGRESO|SL_CALADA|SL_BALANZA_INGRESO|UNKNOWN|SL_EGRESO,TERMINAL_EMBARQUE,SI
fe2a687c-57c,fe2a687c-57c,,ABSORBIDO,EBO971,CIRCUITO_LIQUIDO,Circuito líquido,NO_CLASIFICADO,EVIDENCIA_INSUFICIENTE_ABSORBIDO,0,2026-10-01T06:34:28.853-03:00,2026-10-01T12:41:02.158-03:00,366.56,0,PREINGRESO|LIQUIDO|PLAYA|BALANZA_EGRESO|SL_INGRESO|SL_BALANZA_INGRESO|SL_VOLCABLE|SL_EGRESO,RICARDONE,SI
0f905827-0d2,0f905827-0d2,,ABSORBIDO,BWV144,CIRCUITO_LIQUIDO,Circuito líquido,NO_CLASIFICADO,EVIDENCIA_INSUFICIENTE_ABSORBIDO,0,2026-10-01T06:44:14.010-03:00,2026-10-01T12:48:10.009-03:00,363.93,0,PREINGRESO|LIQUIDO|PLAYA|BALANZA_EGRESO|SL_INGRESO|SL_BALANZA_INGRESO|SL_VOLCABLE|SL_EGRESO,RICARDONE,SI
7b8ffeed-4cd,7b8ffeed-4cd,,ABSORBIDO,RRE349,CIRCUITO_LIQUIDO,Circuito líquido,NO_CLASIFICADO,EVIDENCIA_INSUFICIENTE_ABSORBIDO,0,2026-10-01T06:59:46.304-03:00,2026-10-01T12:51:42.574-03:00,351.94,0,PREINGRESO|LIQUIDO|PLAYA|BALANZA_EGRESO|SL_INGRESO|SL_BALANZA_INGRESO|SL_BALANZA_INGRESO|SL_VOLCABLE|SL_EGRESO,RICARDONE,SI
92cb3bc5-0bb,92cb3bc5-0bb,,ABSORBIDO,GQL244,CIRCUITO_SAN_LORENZO,Circuito Ricardone → San Lorenzo,NO_CLASIFICADO,EVIDENCIA_INSUFICIENTE_ABSORBIDO,0,2026-10-01T07:06:18.487-03:00,2026-10-01T07:43:31.224-03:00,37.21,0,PREINGRESO|EGRESO,,SI
95e51c0b-8c4,95e51c0b-8c4,,ABSORBIDO,EMU873,SL1,Recepción Carga OSL San Lorenzo,NO_CLASIFICADO,EVIDENCIA_INSUFICIENTE_ABSORBIDO,0,2026-10-01T07:07:16.850-03:00,2026-10-01T12:03:05.928-03:00,295.82,0,SL_INGRESO|SL_CALADA|SL_BALANZA_INGRESO|UNKNOWN|SL_LIQUIDO_CARGA|SL_EGRESO,TERMINAL_EMBARQUE,SI
5b82206a-dd1,5b82206a-dd1,,ABSORBIDO,AF829YZ,REGISTRO_INCOMPLETO,Registro incompleto,NO_CLASIFICADO,EVIDENCIA_INSUFICIENTE_ABSORBIDO,0,2026-10-01T07:08:35.575-03:00,2026-10-01T08:10:39.507-03:00,62.07,0,SL_INGRESO|SL_BALANZA_INGRESO|SL_EGRESO,TERMINAL_EMBARQUE,SI
4789f757-180__cycle_2,4789f757-180,,ABSORBIDO,RDL445,DESPACHO_SIN_PUNTO_INSTRUMENTADO,Despacho / descarga sin punto instrumentado,NO_CLASIFICADO,EVIDENCIA_INSUFICIENTE_ABSORBIDO,0,2026-10-01T07:14:53.158-03:00,2026-10-01T12:58:26.546-03:00,343.56,0,PREINGRESO|PLAYA|BALANZA_EGRESO|SL_INGRESO|SL_BALANZA_INGRESO|SL_VOLCABLE|SL_EGRESO,RICARDONE,SI
8ae2f560-2ba,8ae2f560-2ba,,ABSORBIDO,IRK465,CIRCUITO_SAN_LORENZO,Circuito Ricardone → San Lorenzo,NO_CLASIFICADO,EVIDENCIA_INSUFICIENTE_ABSORBIDO,0,2026-10-01T07:17:29.404-03:00,2026-10-01T07:44:12.906-03:00,26.73,0,PREINGRESO|EGRESO,,SI
deaf21a0-d0b,deaf21a0-d0b,,ABSORBIDO,KOQ228,SL1,Recepción Carga OSL San Lorenzo,NO_CLASIFICADO,EVIDENCIA_INSUFICIENTE_ABSORBIDO,0,2026-10-01T07:19:23.769-03:00,2026-10-01T12:24:30.682-03:00,305.12,0,SL_INGRESO|SL_CALADA|SL_BALANZA_INGRESO|UNKNOWN|SL_LIQUIDO_CARGA|SL_EGRESO,TERMINAL_EMBARQUE,SI
009c16a6-cd8__cycle_2,009c16a6-cd8,,ABSORBIDO,CKQ212,CIRCUITO_LIQUIDO,Circuito líquido,NO_CLASIFICADO,EVIDENCIA_INSUFICIENTE_ABSORBIDO,0,2026-10-01T07:35:30.189-03:00,2026-10-01T13:08:14.870-03:00,332.74,0,PREINGRESO|LIQUIDO|PLAYA|BALANZA_EGRESO|SL_INGRESO|SL_BALANZA_INGRESO|SL_VOLCABLE|SL_EGRESO,RICARDONE,SI
ae7d38ea-a6a,ae7d38ea-a6a,,ABSORBIDO,AH559VY,CIRCUITO_SAN_LORENZO,Circuito Ricardone → San Lorenzo,NO_CLASIFICADO,EVIDENCIA_INSUFICIENTE_ABSORBIDO,0,2026-10-01T07:36:00.510-03:00,2026-10-01T07:49:55.567-03:00,13.92,0,PREINGRESO|EGRESO,,SI
c7ad89b1-a4c,c7ad89b1-a4c,,ABSORBIDO,EPH797,REGISTRO_INCOMPLETO,Registro incompleto,NO_CLASIFICADO,EVIDENCIA_INSUFICIENTE_ABSORBIDO,0,2026-10-01T07:41:03.446-03:00,2026-10-01T08:14:37.522-03:00,33.57,0,SL_INGRESO|SL_BALANZA_INGRESO|UNKNOWN|SL_EGRESO,TERMINAL_EMBARQUE,SI
a45e1c9c-f19,a45e1c9c-f19,,ABSORBIDO,AE808WG,REGISTRO_INCOMPLETO,Registro incompleto,NO_CLASIFICADO,EVIDENCIA_INSUFICIENTE_ABSORBIDO,0,2026-10-01T07:42:48.332-03:00,2026-10-01T10:32:22.180-03:00,169.56,0,SL_INGRESO|SL_BALANZA_INGRESO|SL_CALADA|SL_BALANZA_INGRESO|SL_EGRESO,TERMINAL_EMBARQUE,SI
241c5827-b62,241c5827-b62,,ABSORBIDO,UYM942,CIRCUITO_LIQUIDO,Circuito líquido,NO_CLASIFICADO,EVIDENCIA_INSUFICIENTE_ABSORBIDO,0,2026-10-01T07:43:23.817-03:00,2026-10-01T13:18:53.325-03:00,335.49,0,PREINGRESO|LIQUIDO|PLAYA|SL_INGRESO|SL_BALANZA_INGRESO|SL_VOLCABLE|SL_EGRESO,RICARDONE,SI
b51e8d81-313,b51e8d81-313,,ABSORBIDO,OQY184,R7,Ricardone → San Lorenzo,NO_CLASIFICADO,EVIDENCIA_INSUFICIENTE_ABSORBIDO,0,2026-10-01T07:44:59.284-03:00,2026-10-01T09:26:53.549-03:00,101.9,0,SL_BALANZA_INGRESO|SL_EGRESO,TERMINAL_EMBARQUE,SI
2014bf47-5e9,2014bf47-5e9,,ABSORBIDO,DFP716,CIRCUITO_LIQUIDO,Circuito líquido,NO_CLASIFICADO,EVIDENCIA_INSUFICIENTE_ABSORBIDO,0,2026-10-01T07:50:23.199-03:00,2026-10-01T13:28:50.284-03:00,338.45,0,PREINGRESO|LIQUIDO|PLAYA|BALANZA_EGRESO|SL_INGRESO|SL_BALANZA_INGRESO|SL_VOLCABLE|SL_BALANZA_SALIDA|SL_EGRESO,RICARDONE,SI
e5416252-2b5__cycle_1,e5416252-2b5,,ABSORBIDO,UKF710,REGISTRO_INCOMPLETO,Registro incompleto,NO_CLASIFICADO,EVIDENCIA_INSUFICIENTE_ABSORBIDO,0,2026-10-01T07:50:44.281-03:00,2026-10-01T08:12:42.359-03:00,21.97,0,SL_INGRESO|UNKNOWN,TERMINAL_EMBARQUE,SI
e2841f05-ba5__cycle_1,e2841f05-ba5,,ABSORBIDO,ATO068,REGISTRO_INCOMPLETO,Registro incompleto,NO_CLASIFICADO,EVIDENCIA_INSUFICIENTE_ABSORBIDO,0,2026-10-01T07:51:24.924-03:00,2026-10-01T07:57:42.976-03:00,6.3,0,SL_INGRESO|SL_BALANZA_INGRESO,TERMINAL_EMBARQUE,SI
d07a19ac-ad3__cycle_1,d07a19ac-ad3,,ABSORBIDO,GQL244,REGISTRO_INCOMPLETO,Registro incompleto,NO_CLASIFICADO,EVIDENCIA_INSUFICIENTE_ABSORBIDO,0,2026-10-01T07:52:43.009-03:00,2026-10-01T08:42:05.721-03:00,49.38,0,SL_INGRESO|SL_BALANZA_INGRESO|UNKNOWN,TERMINAL_EMBARQUE,SI
5e0b3069-b40,5e0b3069-b40,,ABSORBIDO,SLD748,REGISTRO_INCOMPLETO,Registro incompleto,NO_CLASIFICADO,EVIDENCIA_INSUFICIENTE_ABSORBIDO,0,2026-10-01T07:53:25.249-03:00,2026-10-01T16:15:29.909-03:00,502.08,0,SL_INGRESO|SL_BALANZA_INGRESO|UNKNOWN|SL_EGRESO,TERMINAL_EMBARQUE,SI
8d6e743f-796__cycle_1,8d6e743f-796,,ABSORBIDO,IRK465,REGISTRO_INCOMPLETO,Registro incompleto,NO_CLASIFICADO,EVIDENCIA_INSUFICIENTE_ABSORBIDO,0,2026-10-01T07:54:10.851-03:00,2026-10-01T09:18:57.899-03:00,84.78,0,SL_INGRESO|SL_BALANZA_INGRESO|UNKNOWN,TERMINAL_EMBARQUE,SI
257ee152-ab1,257ee152-ab1,,ABSORBIDO,UUO981,CIRCUITO_LIQUIDO,Circuito líquido,NO_CLASIFICADO,EVIDENCIA_INSUFICIENTE_ABSORBIDO,0,2026-10-01T07:56:12.339-03:00,2026-10-01T13:33:45.242-03:00,337.55,0,PREINGRESO|LIQUIDO|PLAYA|BALANZA_EGRESO|SL_INGRESO|SL_BALANZA_INGRESO|SL_VOLCABLE|SL_EGRESO,RICARDONE,SI
62649fd5-b80__cycle_1,62649fd5-b80,,ABSORBIDO,AH559VY,REGISTRO_INCOMPLETO,Registro incompleto,NO_CLASIFICADO,EVIDENCIA_INSUFICIENTE_ABSORBIDO,0,2026-10-01T07:57:10.863-03:00,2026-10-01T08:05:33.242-03:00,8.37,0,SL_INGRESO|SL_BALANZA_INGRESO,,SI
c4f51cd2-8ac,c4f51cd2-8ac,,ABSORBIDO,DGR440,CIRCUITO_LIQUIDO,Circuito líquido,NO_CLASIFICADO,EVIDENCIA_INSUFICIENTE_ABSORBIDO,0,2026-10-01T07:58:24.827-03:00,2026-10-01T13:51:47.514-03:00,353.38,0,PREINGRESO|LIQUIDO|PLAYA|SL_INGRESO|SL_BALANZA_INGRESO|SL_VOLCABLE|SL_EGRESO,RICARDONE,SI
1248ee52-887,1248ee52-887,,ABSORBIDO,GGO842,REGISTRO_INCOMPLETO,Registro incompleto,NO_CLASIFICADO,EVIDENCIA_INSUFICIENTE_ABSORBIDO,0,2026-10-01T07:59:02.711-03:00,2026-10-01T15:54:19.001-03:00,475.27,0,SL_INGRESO|SL_BALANZA_INGRESO|UNKNOWN|SL_EGRESO,TERMINAL_EMBARQUE,SI
98f7cb22-80d,98f7cb22-80d,,ABSORBIDO,FEA810,REGISTRO_INCOMPLETO,Registro incompleto,NO_CLASIFICADO,EVIDENCIA_INSUFICIENTE_ABSORBIDO,0,2026-10-01T07:59:27.670-03:00,2026-10-01T14:23:11.323-03:00,383.73,0,SL_INGRESO|SL_BALANZA_INGRESO|UNKNOWN|SL_BALANZA_SALIDA|UNKNOWN|SL_BALANZA_SALIDA|SL_CALADA|SL_BALANZA_INGRESO|SL_EGRESO,TERMINAL_EMBARQUE,SI
d24b1c78-a6f__cycle_2,d24b1c78-a6f,,ABSORBIDO,SFY369,SL1,Recepción Carga OSL San Lorenzo,NO_CLASIFICADO,EVIDENCIA_INSUFICIENTE_ABSORBIDO,0,2026-10-01T07:59:28.557-03:00,2026-10-01T08:57:52.120-03:00,58.39,0,SL_CALADA|SL_BALANZA_INGRESO|SL_LIQUIDO_CARGA|SL_EGRESO,TERMINAL_EMBARQUE,SI
c01fcf96-b27,c01fcf96-b27,,ABSORBIDO,KWN857,REGISTRO_INCOMPLETO,Registro incompleto,NO_CLASIFICADO,EVIDENCIA_INSUFICIENTE_ABSORBIDO,0,2026-10-01T08:01:41.040-03:00,2026-10-01T10:38:22.004-03:00,156.68,0,SL_INGRESO|SL_BALANZA_INGRESO|UNKNOWN|SL_CALADA|SL_BALANZA_INGRESO|SL_EGRESO,TERMINAL_EMBARQUE,SI
c81ab572-159,c81ab572-159,,ABSORBIDO,VAJ028,CIRCUITO_LIQUIDO,Circuito líquido,NO_CLASIFICADO,EVIDENCIA_INSUFICIENTE_ABSORBIDO,0,2026-10-01T08:04:59.170-03:00,2026-10-01T13:54:56.430-03:00,349.95,0,PREINGRESO|LIQUIDO|PLAYA|BALANZA_EGRESO|SL_INGRESO|SL_BALANZA_INGRESO|SL_VOLCABLE|SL_EGRESO,RICARDONE,SI
c183fdd5-512__cycle_2,c183fdd5-512,,ABSORBIDO,TVH101,CIRCUITO_LIQUIDO,Circuito líquido,NO_CLASIFICADO,EVIDENCIA_INSUFICIENTE_ABSORBIDO,0,2026-10-01T08:06:30.297-03:00,2026-10-01T14:00:14.717-03:00,353.74,0,PREINGRESO|LIQUIDO|PLAYA|BALANZA_EGRESO|SL_INGRESO|SL_BALANZA_INGRESO|SL_VOLCABLE|SL_EGRESO,RICARDONE,SI
f71bfcb3-983,f71bfcb3-983,,ABSORBIDO,RNM392,CIRCUITO_LIQUIDO,Circuito líquido,NO_CLASIFICADO,EVIDENCIA_INSUFICIENTE_ABSORBIDO,0,2026-10-01T08:07:31.021-03:00,2026-10-01T14:11:16.582-03:00,363.76,0,PREINGRESO|LIQUIDO|PLAYA|BALANZA_EGRESO|SL_INGRESO|SL_BALANZA_INGRESO|SL_VOLCABLE|SL_EGRESO,RICARDONE,SI
78c16e00-06b,78c16e00-06b,,ABSORBIDO,RYJ562,CIRCUITO_LIQUIDO,Circuito líquido,NO_CLASIFICADO,EVIDENCIA_INSUFICIENTE_ABSORBIDO,0,2026-10-01T08:08:57.185-03:00,2026-10-01T14:17:52.056-03:00,368.91,0,PREINGRESO|LIQUIDO|PLAYA|BALANZA_EGRESO|SL_INGRESO|SL_BALANZA_INGRESO|SL_VOLCABLE|SL_EGRESO,RICARDONE,SI
e5466a9c-61a,e5466a9c-61a,,ABSORBIDO,SAZ976,REGISTRO_INCOMPLETO,Registro incompleto,NO_CLASIFICADO,EVIDENCIA_INSUFICIENTE_ABSORBIDO,0,2026-10-01T08:09:03.624-03:00,2026-10-01T16:13:54.550-03:00,484.85,0,SL_INGRESO|SL_BALANZA_INGRESO|SL_BALANZA_SALIDA|SL_EGRESO,TERMINAL_EMBARQUE,SI
842b41c9-644__cycle_3,842b41c9-644,,ABSORBIDO,AZG422,CIRCUITO_LIQUIDO,Circuito líquido,NO_CLASIFICADO,EVIDENCIA_INSUFICIENTE_ABSORBIDO,0,2026-10-01T08:09:49.429-03:00,2026-10-01T14:23:53.100-03:00,374.06,0,PREINGRESO|LIQUIDO|PLAYA|BALANZA_EGRESO|SL_INGRESO|SL_BALANZA_INGRESO|SL_VOLCABLE|SL_EGRESO,RICARDONE,SI
4874dad7-208,4874dad7-208,,ABSORBIDO,OFG785,SL1,Recepción Carga OSL San Lorenzo,NO_CLASIFICADO,EVIDENCIA_INSUFICIENTE_ABSORBIDO,0,2026-10-01T08:10:44.671-03:00,2026-10-01T12:50:45.311-03:00,280.01,0,SL_INGRESO|SL_CALADA|SL_BALANZA_INGRESO|UNKNOWN|SL_LIQUIDO_CARGA|SL_EGRESO,TERMINAL_EMBARQUE,SI
f7517aad-667,f7517aad-667,,ABSORBIDO,EGV380,SL1,Recepción Carga OSL San Lorenzo,NO_CLASIFICADO,EVIDENCIA_INSUFICIENTE_ABSORBIDO,0,2026-10-01T08:11:03.915-03:00,2026-10-01T09:32:51.853-03:00,81.8,0,SL_CALADA|SL_BALANZA_INGRESO|SL_LIQUIDO_CARGA|SL_EGRESO,TERMINAL_EMBARQUE,SI
8b3dd9a1-2c4__cycle_2,8b3dd9a1-2c4,,ABSORBIDO,EAR164,SL2,Aceite PTO San Lorenzo (sin S10),NO_CLASIFICADO,EVIDENCIA_INSUFICIENTE_ABSORBIDO,0,2026-10-01T08:11:20.234-03:00,2026-10-01T09:10:58.088-03:00,59.63,0,SL_BALANZA_INGRESO|SL_EGRESO,TERMINAL_EMBARQUE,SI
01ae38f7-275__cycle_2,01ae38f7-275,,ABSORBIDO,GTZ627,SL1,Recepción Carga OSL San Lorenzo,NO_CLASIFICADO,EVIDENCIA_INSUFICIENTE_ABSORBIDO,0,2026-10-01T08:15:09.153-03:00,2026-10-01T09:50:37.119-03:00,95.47,0,SL_CALADA|SL_BALANZA_INGRESO|UNKNOWN|SL_LIQUIDO_CARGA|SL_EGRESO,TERMINAL_EMBARQUE,SI
515b2d51-ac7,515b2d51-ac7,,ABSORBIDO,FFU874,SL1,Recepción Carga OSL San Lorenzo,NO_CLASIFICADO,EVIDENCIA_INSUFICIENTE_ABSORBIDO,0,2026-10-01T08:22:16.358-03:00,2026-10-01T15:42:03.787-03:00,439.79,0,SL_CALADA|SL_BALANZA_INGRESO|SL_LIQUIDO_CARGA|SL_EGRESO,TERMINAL_EMBARQUE,SI
3e76b717-9d6__cycle_2,3e76b717-9d6,,ABSORBIDO,WGG348,SL1,Recepción Carga OSL San Lorenzo,NO_CLASIFICADO,EVIDENCIA_INSUFICIENTE_ABSORBIDO,0,2026-10-01T08:25:30.436-03:00,2026-10-01T10:22:20.704-03:00,116.84,0,SL_CALADA|SL_BALANZA_INGRESO|UNKNOWN|SL_LIQUIDO_CARGA|SL_EGRESO,TERMINAL_EMBARQUE,SI
9d75447f-d91,9d75447f-d91,,ABSORBIDO,AD532VQ,R7,Ricardone → San Lorenzo,NO_CLASIFICADO,EVIDENCIA_INSUFICIENTE_ABSORBIDO,0,2026-10-01T08:26:26.437-03:00,2026-10-01T08:46:48.935-03:00,20.37,0,SL_VOLCABLE|SL_EGRESO,TERMINAL_EMBARQUE,SI
8a457b4a-fe9__cycle_2,8a457b4a-fe9,,ABSORBIDO,KWO040,SL1,Recepción Carga OSL San Lorenzo,NO_CLASIFICADO,EVIDENCIA_INSUFICIENTE_ABSORBIDO,0,2026-10-01T08:28:46.914-03:00,2026-10-01T16:11:18.568-03:00,462.53,0,SL_CALADA|SL_BALANZA_INGRESO|SL_LIQUIDO_CARGA|SL_EGRESO,TERMINAL_EMBARQUE,SI
6b5bd230-024,6b5bd230-024,,ABSORBIDO,LGB811,R7,Ricardone → San Lorenzo,NO_CLASIFICADO,EVIDENCIA_INSUFICIENTE_ABSORBIDO,0,2026-10-01T08:33:41.872-03:00,2026-10-01T09:35:44.442-03:00,62.04,0,SL_INGRESO|SL_BALANZA_INGRESO|SL_VOLCABLE|SL_EGRESO,TERMINAL_EMBARQUE,SI
1a411183-e81,1a411183-e81,,ABSORBIDO,AE180IO,R7,Ricardone → San Lorenzo,NO_CLASIFICADO,EVIDENCIA_INSUFICIENTE_ABSORBIDO,0,2026-10-01T08:34:57.956-03:00,2026-10-01T09:36:57.951-03:00,62,0,SL_INGRESO|SL_BALANZA_INGRESO|SL_EGRESO,TERMINAL_EMBARQUE,SI
a26ea441-fff,a26ea441-fff,,ABSORBIDO,KIM991,R7,Ricardone → San Lorenzo,NO_CLASIFICADO,EVIDENCIA_INSUFICIENTE_ABSORBIDO,0,2026-10-01T08:37:38.204-03:00,2026-10-01T09:46:44.185-03:00,69.1,0,SL_INGRESO|SL_BALANZA_INGRESO|SL_VOLCABLE|SL_EGRESO,TERMINAL_EMBARQUE,SI
044a8043-03c,044a8043-03c,,ABSORBIDO,AYB759,REGISTRO_INCOMPLETO,Registro incompleto,NO_CLASIFICADO,EVIDENCIA_INSUFICIENTE_ABSORBIDO,0,2026-10-01T08:38:09.209-03:00,2026-10-01T14:36:08.794-03:00,357.99,0,PLAYA|BALANZA_EGRESO|SL_INGRESO|SL_BALANZA_INGRESO|SL_VOLCABLE|SL_EGRESO,RICARDONE,SI
7acb9a74-cb1,7acb9a74-cb1,,ABSORBIDO,EVD342,SL1,Recepción Carga OSL San Lorenzo,NO_CLASIFICADO,EVIDENCIA_INSUFICIENTE_ABSORBIDO,0,2026-10-01T08:38:19.383-03:00,2026-10-01T11:09:50.439-03:00,151.52,0,SL_CALADA|SL_BALANZA_INGRESO|SL_LIQUIDO_CARGA|SL_EGRESO,TERMINAL_EMBARQUE,SI
dffa781b-b9a,dffa781b-b9a,,ABSORBIDO,BHL749,CIRCUITO_LIQUIDO,Circuito líquido,NO_CLASIFICADO,EVIDENCIA_INSUFICIENTE_ABSORBIDO,0,2026-10-01T08:40:16.255-03:00,2026-10-01T14:39:49.642-03:00,359.56,0,PREINGRESO|LIQUIDO|PLAYA|BALANZA_EGRESO|SL_INGRESO|SL_BALANZA_INGRESO|SL_VOLCABLE|SL_EGRESO,RICARDONE,SI
65592760-5d5,65592760-5d5,,ABSORBIDO,XBN447,R7,Ricardone → San Lorenzo,NO_CLASIFICADO,EVIDENCIA_INSUFICIENTE_ABSORBIDO,0,2026-10-01T08:40:21.175-03:00,2026-10-01T09:53:12.421-03:00,72.85,0,SL_INGRESO|SL_BALANZA_INGRESO|SL_BALANZA_SALIDA|SL_EGRESO,TERMINAL_EMBARQUE,SI
5beb3f76-21d,5beb3f76-21d,,ABSORBIDO,OTQ966,R7,Ricardone → San Lorenzo,NO_CLASIFICADO,EVIDENCIA_INSUFICIENTE_ABSORBIDO,0,2026-10-01T08:41:50.300-03:00,2026-10-01T09:59:45.258-03:00,77.92,0,SL_INGRESO|SL_BALANZA_INGRESO|SL_EGRESO,TERMINAL_EMBARQUE,SI
f983a604-694,f983a604-694,,ABSORBIDO,HDT433,R7,Ricardone → San Lorenzo,NO_CLASIFICADO,EVIDENCIA_INSUFICIENTE_ABSORBIDO,0,2026-10-01T08:42:22.220-03:00,2026-10-01T10:05:48.563-03:00,83.44,0,SL_INGRESO|SL_BALANZA_INGRESO|SL_VOLCABLE|SL_EGRESO,TERMINAL_EMBARQUE,SI
54f0b5d4-68f,54f0b5d4-68f,,ABSORBIDO,GTJ012,R7,Ricardone → San Lorenzo,NO_CLASIFICADO,EVIDENCIA_INSUFICIENTE_ABSORBIDO,0,2026-10-01T08:44:02.227-03:00,2026-10-01T10:13:01.977-03:00,89,0,SL_INGRESO|SL_BALANZA_INGRESO|SL_BALANZA_SALIDA|SL_EGRESO,TERMINAL_EMBARQUE,SI
f7b1c631-403,f7b1c631-403,,ABSORBIDO,AE247CC,R7,Ricardone → San Lorenzo,NO_CLASIFICADO,EVIDENCIA_INSUFICIENTE_ABSORBIDO,0,2026-10-01T08:44:33.590-03:00,2026-10-01T10:25:54.265-03:00,101.34,0,SL_INGRESO|SL_BALANZA_INGRESO|SL_VOLCABLE|SL_EGRESO,TERMINAL_EMBARQUE,SI
40fcef26-cd7,40fcef26-cd7,,ABSORBIDO,HAQ820,SL1,Recepción Carga OSL San Lorenzo,NO_CLASIFICADO,EVIDENCIA_INSUFICIENTE_ABSORBIDO,0,2026-10-01T08:52:11.156-03:00,2026-10-01T16:21:41.818-03:00,449.51,0,SL_CALADA|SL_BALANZA_INGRESO|UNKNOWN|SL_LIQUIDO_CARGA|SL_EGRESO,TERMINAL_EMBARQUE,SI
085b780e-2a0,085b780e-2a0,,ABSORBIDO,AD956ZF,CIRCUITO_SAN_LORENZO,Circuito Ricardone → San Lorenzo,NO_CLASIFICADO,EVIDENCIA_INSUFICIENTE_ABSORBIDO,0,2026-10-01T08:54:14.464-03:00,2026-10-01T08:56:32.359-03:00,2.3,0,PREINGRESO|EGRESO,,SI
cc96dd89-a23__cycle_1,cc96dd89-a23,,ABSORBIDO,AD956ZF,REGISTRO_INCOMPLETO,Registro incompleto,NO_CLASIFICADO,EVIDENCIA_INSUFICIENTE_ABSORBIDO,0,2026-10-01T09:06:06.386-03:00,2026-10-01T12:59:26.515-03:00,233.34,0,SL_INGRESO|SL_BALANZA_INGRESO|UNKNOWN|UNKNOWN,,SI
b13dae0d-8d3,b13dae0d-8d3,,ABSORBIDO,AD887XZ,SL1,Recepción Carga OSL San Lorenzo,NO_CLASIFICADO,EVIDENCIA_INSUFICIENTE_ABSORBIDO,0,2026-10-01T09:19:05.230-03:00,2026-10-01T16:43:27.659-03:00,444.37,0,SL_INGRESO|SL_CALADA|SL_BALANZA_INGRESO|UNKNOWN|SL_LIQUIDO_CARGA|UNKNOWN|SL_EGRESO,TERMINAL_EMBARQUE,SI
d910171c-191__cycle_2,d910171c-191,,ABSORBIDO,AAE877,CIRCUITO_LIQUIDO,Circuito líquido,NO_CLASIFICADO,EVIDENCIA_INSUFICIENTE_ABSORBIDO,0,2026-10-01T09:20:14.075-03:00,2026-10-01T09:57:07.075-03:00,36.88,0,PREINGRESO|LIQUIDO|EGRESO,,SI
676baa92-62e,676baa92-62e,,ABSORBIDO,VCK738,REGISTRO_INCOMPLETO,Registro incompleto,NO_CLASIFICADO,EVIDENCIA_INSUFICIENTE_ABSORBIDO,0,2026-10-01T09:20:16.835-03:00,2026-10-01T12:08:20.894-03:00,168.07,0,SL_INGRESO|SL_BALANZA_INGRESO|UNKNOWN|UNKNOWN|UNKNOWN|SL_EGRESO,TERMINAL_EMBARQUE,SI
5b4b561e-4b0__cycle_2,5b4b561e-4b0,,ABSORBIDO,VRA989,CIRCUITO_LIQUIDO,Circuito líquido,NO_CLASIFICADO,EVIDENCIA_INSUFICIENTE_ABSORBIDO,0,2026-10-01T09:32:44.357-03:00,2026-10-01T10:24:19.010-03:00,51.58,0,PREINGRESO|PREINGRESO|LIQUIDO|EGRESO,,SI
67faedf2-6c4,67faedf2-6c4,,ABSORBIDO,SAT582,CIRCUITO_LIQUIDO,Circuito líquido,NO_CLASIFICADO,EVIDENCIA_INSUFICIENTE_ABSORBIDO,0,2026-10-01T09:33:22.041-03:00,2026-10-01T09:43:39.185-03:00,10.29,0,PREINGRESO|LIQUIDO|EGRESO,,SI
98264632-c3c,98264632-c3c,,ABSORBIDO,BVS300,CIRCUITO_LIQUIDO,Circuito líquido,NO_CLASIFICADO,EVIDENCIA_INSUFICIENTE_ABSORBIDO,0,2026-10-01T09:34:35.564-03:00,2026-10-01T09:45:38.314-03:00,11.05,0,PREINGRESO|LIQUIDO|EGRESO,,SI
a12268a5-840,a12268a5-840,,ABSORBIDO,MSE565,REGISTRO_INCOMPLETO,Registro incompleto,NO_CLASIFICADO,EVIDENCIA_INSUFICIENTE_ABSORBIDO,0,2026-10-01T09:36:26.010-03:00,2026-10-01T11:06:24.156-03:00,89.97,0,SL_INGRESO|SL_BALANZA_INGRESO|UNKNOWN|SL_EGRESO,TERMINAL_EMBARQUE,SI
ee2c9659-c84,ee2c9659-c84,,ABSORBIDO,CMF111,SL1,Recepción Carga OSL San Lorenzo,NO_CLASIFICADO,EVIDENCIA_INSUFICIENTE_ABSORBIDO,0,2026-10-01T09:39:29.220-03:00,2026-10-01T11:08:03.556-03:00,88.57,0,SL_INGRESO|SL_BALANZA_INGRESO|UNKNOWN|SL_EGRESO,TERMINAL_EMBARQUE,SI
18d6aa77-e10,18d6aa77-e10,,ABSORBIDO,TDQ017,REGISTRO_INCOMPLETO,Registro incompleto,NO_CLASIFICADO,EVIDENCIA_INSUFICIENTE_ABSORBIDO,0,2026-10-01T09:50:19.978-03:00,2026-10-01T15:49:54.735-03:00,359.58,0,SL_INGRESO|SL_BALANZA_INGRESO|UNKNOWN|SL_EGRESO,TERMINAL_EMBARQUE,SI
388e8c41-42d,388e8c41-42d,,ABSORBIDO,EEW075,CIRCUITO_LIQUIDO,Circuito líquido,NO_CLASIFICADO,EVIDENCIA_INSUFICIENTE_ABSORBIDO,0,2026-10-01T09:52:30.988-03:00,2026-10-01T10:01:51.971-03:00,9.35,0,PREINGRESO|LIQUIDO|EGRESO,,SI
3d9fb60e-3b1,3d9fb60e-3b1,,ABSORBIDO,CRJ139,CIRCUITO_LIQUIDO,Circuito líquido,NO_CLASIFICADO,EVIDENCIA_INSUFICIENTE_ABSORBIDO,0,2026-10-01T09:53:06.671-03:00,2026-10-01T10:03:27.336-03:00,10.34,0,PREINGRESO|LIQUIDO|EGRESO,,SI
0d504c9b-38e,0d504c9b-38e,,ABSORBIDO,SAT582,REGISTRO_INCOMPLETO,Registro incompleto,NO_CLASIFICADO,EVIDENCIA_INSUFICIENTE_ABSORBIDO,0,2026-10-01T09:54:01.952-03:00,2026-10-01T14:50:33.500-03:00,296.53,0,PLAYA|BALANZA_EGRESO|SL_INGRESO|SL_BALANZA_INGRESO|SL_VOLCABLE|SL_EGRESO,RICARDONE,SI
d1b452d9-d7b,d1b452d9-d7b,,ABSORBIDO,BVS300,REGISTRO_INCOMPLETO,Registro incompleto,NO_CLASIFICADO,EVIDENCIA_INSUFICIENTE_ABSORBIDO,0,2026-10-01T09:57:01.274-03:00,2026-10-01T15:18:13.484-03:00,321.2,0,PLAYA|BALANZA_EGRESO|SL_INGRESO|SL_BALANZA_INGRESO|SL_VOLCABLE|SL_EGRESO,RICARDONE,SI
c8043ff9-544,c8043ff9-544,,ABSORBIDO,AA703FC,REGISTRO_INCOMPLETO,Registro incompleto,NO_CLASIFICADO,EVIDENCIA_INSUFICIENTE_ABSORBIDO,0,2026-10-01T10:01:22.339-03:00,2026-10-01T10:50:05.125-03:00,48.71,0,SL_INGRESO|SL_BALANZA_INGRESO|UNKNOWN|SL_EGRESO,TERMINAL_EMBARQUE,SI
a19c46ff-1a1,a19c46ff-1a1,,ABSORBIDO,UWX998,REGISTRO_INCOMPLETO,Registro incompleto,NO_CLASIFICADO,EVIDENCIA_INSUFICIENTE_ABSORBIDO,0,2026-10-01T10:01:28.973-03:00,2026-10-01T15:23:20.526-03:00,321.86,0,PLAYA|SL_INGRESO|SL_VOLCABLE|SL_EGRESO,RICARDONE,SI
59aedcf6-580,59aedcf6-580,,ABSORBIDO,AAE877,REGISTRO_INCOMPLETO,Registro incompleto,NO_CLASIFICADO,EVIDENCIA_INSUFICIENTE_ABSORBIDO,0,2026-10-01T10:05:26.094-03:00,2026-10-01T15:09:30.434-03:00,304.07,0,PLAYA|SL_INGRESO|SL_BALANZA_INGRESO|SL_VOLCABLE|SL_EGRESO,RICARDONE,SI
6f860de4-591,6f860de4-591,,ABSORBIDO,EEW075,REGISTRO_INCOMPLETO,Registro incompleto,NO_CLASIFICADO,EVIDENCIA_INSUFICIENTE_ABSORBIDO,0,2026-10-01T10:07:55.388-03:00,2026-10-01T15:26:39.286-03:00,318.73,0,PLAYA|SL_INGRESO|SL_BALANZA_INGRESO|SL_VOLCABLE|SL_EGRESO,RICARDONE,SI
f79635e9-dc0,f79635e9-dc0,,ABSORBIDO,CRJ139,REGISTRO_INCOMPLETO,Registro incompleto,NO_CLASIFICADO,EVIDENCIA_INSUFICIENTE_ABSORBIDO,0,2026-10-01T10:10:32.176-03:00,2026-10-01T15:35:59.910-03:00,325.46,0,PLAYA|BALANZA_EGRESO|SL_INGRESO|SL_BALANZA_INGRESO|SL_VOLCABLE|SL_EGRESO,RICARDONE,SI
bee80bf9-5e3,bee80bf9-5e3,,ABSORBIDO,RKS646,CIRCUITO_LIQUIDO,Circuito líquido,NO_CLASIFICADO,EVIDENCIA_INSUFICIENTE_ABSORBIDO,0,2026-10-01T10:14:52.105-03:00,2026-10-01T10:25:49.256-03:00,10.95,0,PREINGRESO|LIQUIDO|EGRESO,,SI
066044fb-4d3,066044fb-4d3,,ABSORBIDO,EVL273,CIRCUITO_LIQUIDO,Circuito líquido,NO_CLASIFICADO,EVIDENCIA_INSUFICIENTE_ABSORBIDO,0,2026-10-01T10:28:27.194-03:00,2026-10-01T10:35:37.450-03:00,7.17,0,PREINGRESO|LIQUIDO|EGRESO,,SI
50058a6c-151,50058a6c-151,,ABSORBIDO,CIE516,CIRCUITO_LIQUIDO,Circuito líquido,NO_CLASIFICADO,EVIDENCIA_INSUFICIENTE_ABSORBIDO,0,2026-10-01T10:30:31.760-03:00,2026-10-01T10:36:27.612-03:00,5.93,0,PREINGRESO|LIQUIDO|EGRESO,,SI
dcd8af66-f7a,dcd8af66-f7a,,ABSORBIDO,CGV979,CIRCUITO_LIQUIDO,Circuito líquido,NO_CLASIFICADO,EVIDENCIA_INSUFICIENTE_ABSORBIDO,0,2026-10-01T10:31:03.761-03:00,2026-10-01T10:38:09.539-03:00,7.1,0,PREINGRESO|LIQUIDO|EGRESO,RICARDONE,SI
53121529-92b,53121529-92b,,ABSORBIDO,RKS646,REGISTRO_INCOMPLETO,Registro incompleto,NO_CLASIFICADO,EVIDENCIA_INSUFICIENTE_ABSORBIDO,0,2026-10-01T10:32:32.508-03:00,2026-10-01T15:46:48.381-03:00,314.26,0,PLAYA|BALANZA_EGRESO|SL_INGRESO|SL_BALANZA_INGRESO|SL_VOLCABLE|SL_EGRESO,RICARDONE,SI
f9961c7b-13c,f9961c7b-13c,,ABSORBIDO,VRA989,REGISTRO_INCOMPLETO,Registro incompleto,NO_CLASIFICADO,EVIDENCIA_INSUFICIENTE_ABSORBIDO,0,2026-10-01T10:34:30.882-03:00,2026-10-01T15:53:27.980-03:00,318.95,0,PLAYA|SL_BALANZA_INGRESO|SL_VOLCABLE|SL_EGRESO,RICARDONE,SI
133a5ab4-219,133a5ab4-219,,ABSORBIDO,EPH797,REGISTRO_INCOMPLETO,Registro incompleto,NO_CLASIFICADO,EVIDENCIA_INSUFICIENTE_ABSORBIDO,0,2026-10-01T10:36:57.957-03:00,2026-10-01T11:19:57.841-03:00,43,0,SL_INGRESO|SL_BALANZA_INGRESO|SL_EGRESO,TERMINAL_EMBARQUE,SI
0029b6f4-317,0029b6f4-317,,ABSORBIDO,EVL273,REGISTRO_INCOMPLETO,Registro incompleto,NO_CLASIFICADO,EVIDENCIA_INSUFICIENTE_ABSORBIDO,0,2026-10-01T10:42:55.101-03:00,2026-10-01T16:10:55.239-03:00,328,0,PLAYA|SL_INGRESO|SL_BALANZA_INGRESO|SL_VOLCABLE|SL_EGRESO,RICARDONE,SI
bdd15697-3f6,bdd15697-3f6,,ABSORBIDO,CIE516,REGISTRO_INCOMPLETO,Registro incompleto,NO_CLASIFICADO,EVIDENCIA_INSUFICIENTE_ABSORBIDO,0,2026-10-01T10:43:10.313-03:00,2026-10-01T16:11:40.257-03:00,328.5,0,PLAYA|BALANZA_EGRESO|SL_INGRESO|SL_BALANZA_INGRESO|SL_VOLCABLE|SL_EGRESO,RICARDONE,SI
a93493ea-440,a93493ea-440,,ABSORBIDO,JPZ027,CIRCUITO_LIQUIDO,Circuito líquido,NO_CLASIFICADO,EVIDENCIA_INSUFICIENTE_ABSORBIDO,0,2026-10-01T10:43:33.725-03:00,2026-10-01T10:55:11.836-03:00,11.64,0,PREINGRESO|LIQUIDO|EGRESO,,SI
18f070e0-200,18f070e0-200,,ABSORBIDO,CGV979,REGISTRO_INCOMPLETO,Registro incompleto,NO_CLASIFICADO,EVIDENCIA_INSUFICIENTE_ABSORBIDO,0,2026-10-01T10:44:00.333-03:00,2026-10-01T16:20:21.345-03:00,336.35,0,PLAYA|BALANZA_EGRESO|SL_INGRESO|SL_BALANZA_INGRESO|SL_VOLCABLE|SL_EGRESO,RICARDONE,SI
f907ab41-bd4,f907ab41-bd4,,ABSORBIDO,AC123OZ,REGISTRO_INCOMPLETO,Registro incompleto,NO_CLASIFICADO,EVIDENCIA_INSUFICIENTE_ABSORBIDO,0,2026-10-01T11:02:54.337-03:00,2026-10-01T13:37:19.488-03:00,154.42,0,SL_INGRESO|SL_CALADA|SL_BALANZA_INGRESO|SL_CALADA|SL_BALANZA_INGRESO|SL_EGRESO,TERMINAL_EMBARQUE,SI
daaae4ee-c42,daaae4ee-c42,,ABSORBIDO,JPZ027,REGISTRO_INCOMPLETO,Registro incompleto,NO_CLASIFICADO,EVIDENCIA_INSUFICIENTE_ABSORBIDO,0,2026-10-01T11:07:44.477-03:00,2026-10-01T16:23:44.867-03:00,316.01,0,PLAYA|BALANZA_EGRESO|SL_INGRESO|SL_BALANZA_INGRESO|SL_VOLCABLE|SL_EGRESO,RICARDONE,SI
9ac745ff-696,9ac745ff-696,,ABSORBIDO,AE305VO,R4,Recepción Silos Kepler 2,NO_CLASIFICADO,EVIDENCIA_INSUFICIENTE_ABSORBIDO,0,2026-10-01T11:10:31.104-03:00,2026-10-01T11:49:08.157-03:00,38.62,0,PLAYA|DESCARGA_S7|BALANZA_EGRESO,RICARDONE,SI
2bec56e3-4de,2bec56e3-4de,,ABSORBIDO,UAJ766,REGISTRO_INCOMPLETO,Registro incompleto,NO_CLASIFICADO,EVIDENCIA_INSUFICIENTE_ABSORBIDO,0,2026-10-01T11:10:56.182-03:00,2026-10-01T12:25:27.305-03:00,74.52,0,BALANZA_EGRESO|SL_INGRESO|SL_BALANZA_INGRESO|UNKNOWN|SL_EGRESO,RICARDONE,SI
2d130c58-c47,2d130c58-c47,,ABSORBIDO,RNA535,R7,Ricardone → San Lorenzo,NO_CLASIFICADO,EVIDENCIA_INSUFICIENTE_ABSORBIDO,0,2026-10-01T11:14:55.421-03:00,2026-10-01T11:40:10.247-03:00,25.25,0,SL_INGRESO|SL_BALANZA_INGRESO|SL_VOLCABLE|SL_EGRESO,TERMINAL_EMBARQUE,SI
8d249c58-a9f,8d249c58-a9f,,ABSORBIDO,VJG112,CIRCUITO_LIQUIDO,Circuito líquido,NO_CLASIFICADO,EVIDENCIA_INSUFICIENTE_ABSORBIDO,0,2026-10-01T11:17:06.965-03:00,2026-10-01T11:31:01.403-03:00,13.91,0,PREINGRESO|LIQUIDO|EGRESO,RICARDONE,SI
21197c80-d22,21197c80-d22,,ABSORBIDO,AE323YI,R7,Ricardone → San Lorenzo,NO_CLASIFICADO,EVIDENCIA_INSUFICIENTE_ABSORBIDO,0,2026-10-01T11:17:22.709-03:00,2026-10-01T12:06:45.416-03:00,49.38,0,SL_INGRESO|SL_BALANZA_INGRESO|SL_VOLCABLE|SL_EGRESO,TERMINAL_EMBARQUE,SI
df97449f-d8f,df97449f-d8f,,ABSORBIDO,UPW705,CIRCUITO_SAN_LORENZO,Circuito Ricardone → San Lorenzo,NO_CLASIFICADO,EVIDENCIA_INSUFICIENTE_ABSORBIDO,0,2026-10-01T11:18:32.409-03:00,2026-10-01T11:32:10.127-03:00,13.63,0,PREINGRESO|EGRESO,,SI
cdfa60c3-80d,cdfa60c3-80d,,ABSORBIDO,CKG404,R7,Ricardone → San Lorenzo,NO_CLASIFICADO,EVIDENCIA_INSUFICIENTE_ABSORBIDO,0,2026-10-01T11:25:49.540-03:00,2026-10-01T12:12:44.640-03:00,46.92,0,SL_INGRESO|SL_BALANZA_INGRESO|SL_VOLCABLE|SL_EGRESO,TERMINAL_EMBARQUE,SI
a231e148-7a0,a231e148-7a0,,ABSORBIDO,RLP943,CIRCUITO_LIQUIDO,Circuito líquido,NO_CLASIFICADO,EVIDENCIA_INSUFICIENTE_ABSORBIDO,0,2026-10-01T11:31:17.036-03:00,2026-10-01T11:38:44.950-03:00,7.47,0,PREINGRESO|LIQUIDO|EGRESO,,SI
bae2a696-45e,bae2a696-45e,,ABSORBIDO,CUL425,R7,Ricardone → San Lorenzo,NO_CLASIFICADO,EVIDENCIA_INSUFICIENTE_ABSORBIDO,0,2026-10-01T11:38:21.182-03:00,2026-10-01T13:15:04.474-03:00,96.72,0,SL_INGRESO|SL_BALANZA_INGRESO|SL_VOLCABLE|SL_BALANZA_SALIDA|SL_EGRESO,TERMINAL_EMBARQUE,SI
9a1424db-84a,9a1424db-84a,,ABSORBIDO,EZL435,R7,Ricardone → San Lorenzo,NO_CLASIFICADO,EVIDENCIA_INSUFICIENTE_ABSORBIDO,0,2026-10-01T11:39:44.228-03:00,2026-10-01T12:35:32.266-03:00,55.8,0,SL_INGRESO|SL_BALANZA_INGRESO|SL_VOLCABLE|SL_EGRESO,TERMINAL_EMBARQUE,SI
746ed212-8be,746ed212-8be,,ABSORBIDO,RLO639,R7,Ricardone → San Lorenzo,NO_CLASIFICADO,EVIDENCIA_INSUFICIENTE_ABSORBIDO,0,2026-10-01T11:41:51.035-03:00,2026-10-01T13:49:47.867-03:00,127.95,0,SL_INGRESO|SL_BALANZA_INGRESO|SL_VOLCABLE|SL_BALANZA_SALIDA|SL_EGRESO,TERMINAL_EMBARQUE,SI
0737d670-65a,0737d670-65a,,ABSORBIDO,UPW705,REGISTRO_INCOMPLETO,Registro incompleto,NO_CLASIFICADO,EVIDENCIA_INSUFICIENTE_ABSORBIDO,0,2026-10-01T11:42:42.698-03:00,2026-10-01T16:58:50.537-03:00,316.13,0,PLAYA|BALANZA_EGRESO|SL_INGRESO|SL_BALANZA_INGRESO|SL_VOLCABLE|SL_BALANZA_SALIDA|SL_EGRESO,RICARDONE,SI
f76b86e5-346,f76b86e5-346,,ABSORBIDO,EYH843,CIRCUITO_SAN_LORENZO,Circuito Ricardone → San Lorenzo,NO_CLASIFICADO,EVIDENCIA_INSUFICIENTE_ABSORBIDO,0,2026-10-01T11:43:33.559-03:00,2026-10-01T11:47:32.741-03:00,3.99,0,PREINGRESO|EGRESO,,SI
71181f7f-28a,71181f7f-28a,,ABSORBIDO,AA875OG,SL1,Recepción Carga OSL San Lorenzo,NO_CLASIFICADO,EVIDENCIA_INSUFICIENTE_ABSORBIDO,0,2026-10-01T11:50:20.825-03:00,2026-10-01T17:38:26.311-03:00,348.09,0,SL_INGRESO|SL_CALADA|SL_BALANZA_INGRESO|SL_LIQUIDO_CARGA|SL_EGRESO,TERMINAL_EMBARQUE,SI
c66e39b5-552,c66e39b5-552,,ABSORBIDO,RAW481,CIRCUITO_LIQUIDO,Circuito líquido,NO_CLASIFICADO,EVIDENCIA_INSUFICIENTE_ABSORBIDO,0,2026-10-01T11:53:58.073-03:00,2026-10-01T12:02:17.912-03:00,8.33,0,PREINGRESO|LIQUIDO|EGRESO,RICARDONE,SI
60c1d18f-bbe,60c1d18f-bbe,,ABSORBIDO,AA703FC,REGISTRO_INCOMPLETO,Registro incompleto,NO_CLASIFICADO,EVIDENCIA_INSUFICIENTE_ABSORBIDO,0,2026-10-01T11:55:02.519-03:00,2026-10-01T14:46:39.566-03:00,171.62,0,SL_INGRESO|SL_BALANZA_INGRESO|UNKNOWN|SL_EGRESO,TERMINAL_EMBARQUE,SI
ec7186a6-3af,ec7186a6-3af,,ABSORBIDO,EYH843,REGISTRO_INCOMPLETO,Registro incompleto,NO_CLASIFICADO,EVIDENCIA_INSUFICIENTE_ABSORBIDO,0,2026-10-01T11:57:19.095-03:00,2026-10-01T17:09:50.625-03:00,312.53,0,PLAYA|BALANZA_EGRESO|SL_INGRESO|SL_BALANZA_INGRESO|SL_VOLCABLE|SL_EGRESO,RICARDONE,SI
7649330c-d09,7649330c-d09,,ABSORBIDO,GXT382,REGISTRO_INCOMPLETO,Registro incompleto,NO_CLASIFICADO,EVIDENCIA_INSUFICIENTE_ABSORBIDO,0,2026-10-01T12:05:00.796-03:00,2026-10-01T17:58:00.341-03:00,352.99,0,SL_INGRESO|SL_BALANZA_INGRESO|UNKNOWN|SL_EGRESO,TERMINAL_EMBARQUE,SI
c8d358c9-a16,c8d358c9-a16,,ABSORBIDO,VJG112,REGISTRO_INCOMPLETO,Registro incompleto,NO_CLASIFICADO,EVIDENCIA_INSUFICIENTE_ABSORBIDO,0,2026-10-01T12:06:41.659-03:00,2026-10-01T16:46:24.571-03:00,279.72,0,BALANZA_EGRESO|SL_BALANZA_INGRESO|SL_VOLCABLE|SL_EGRESO,RICARDONE,SI
c743526a-a4f,c743526a-a4f,,ABSORBIDO,FDH917,CIRCUITO_LIQUIDO,Circuito líquido,NO_CLASIFICADO,EVIDENCIA_INSUFICIENTE_ABSORBIDO,0,2026-10-01T12:07:45.321-03:00,2026-10-01T12:13:49.711-03:00,6.07,0,PREINGRESO|LIQUIDO|EGRESO,,SI
4283a2b2-21a,4283a2b2-21a,,ABSORBIDO,GES056,CIRCUITO_LIQUIDO,Circuito líquido,NO_CLASIFICADO,EVIDENCIA_INSUFICIENTE_ABSORBIDO,0,2026-10-01T12:17:34.798-03:00,2026-10-01T12:23:02.305-03:00,5.46,0,PREINGRESO|LIQUIDO|EGRESO,,SI
042ca513-dc0,042ca513-dc0,,ABSORBIDO,UUL425,CIRCUITO_LIQUIDO,Circuito líquido,NO_CLASIFICADO,EVIDENCIA_INSUFICIENTE_ABSORBIDO,0,2026-10-01T12:19:22.962-03:00,2026-10-01T12:30:13.930-03:00,10.85,0,PREINGRESO|LIQUIDO|EGRESO,RICARDONE,SI
18969121-64f__cycle_1,18969121-64f,,ABSORBIDO,AE808WG,REGISTRO_INCOMPLETO,Registro incompleto,NO_CLASIFICADO,EVIDENCIA_INSUFICIENTE_ABSORBIDO,0,2026-10-01T12:20:40.931-03:00,2026-10-01T14:45:40.323-03:00,144.99,0,SL_INGRESO|SL_BALANZA_INGRESO|UNKNOWN|SL_CALADA|SL_BALANZA_INGRESO,TERMINAL_EMBARQUE,SI
c44b7859-f13,c44b7859-f13,,ABSORBIDO,FDH917,REGISTRO_INCOMPLETO,Registro incompleto,NO_CLASIFICADO,EVIDENCIA_INSUFICIENTE_ABSORBIDO,0,2026-10-01T12:21:06.758-03:00,2026-10-01T17:27:58.780-03:00,306.87,0,PLAYA|BALANZA_EGRESO|SL_INGRESO|SL_BALANZA_INGRESO|SL_VOLCABLE|SL_EGRESO,RICARDONE,SI
c1d2dfa8-ed2,c1d2dfa8-ed2,,ABSORBIDO,RLP943,REGISTRO_INCOMPLETO,Registro incompleto,NO_CLASIFICADO,EVIDENCIA_INSUFICIENTE_ABSORBIDO,0,2026-10-01T12:26:15.566-03:00,2026-10-01T17:01:56.438-03:00,275.68,0,BALANZA_EGRESO|SL_INGRESO|SL_BALANZA_INGRESO|SL_VOLCABLE|SL_EGRESO,RICARDONE,SI
4b1c39ac-729,4b1c39ac-729,,ABSORBIDO,CGS172,CIRCUITO_LIQUIDO,Circuito líquido,NO_CLASIFICADO,EVIDENCIA_INSUFICIENTE_ABSORBIDO,0,2026-10-01T12:28:29.074-03:00,2026-10-01T12:34:26.184-03:00,5.95,0,PREINGRESO|LIQUIDO|EGRESO,,SI
809a05ed-d35,809a05ed-d35,,ABSORBIDO,UAJ766,REGISTRO_INCOMPLETO,Registro incompleto,NO_CLASIFICADO,EVIDENCIA_INSUFICIENTE_ABSORBIDO,0,2026-10-01T12:29:19.920-03:00,2026-10-01T13:36:59.399-03:00,67.66,0,SL_INGRESO|SL_BALANZA_INGRESO|UNKNOWN|SL_EGRESO,TERMINAL_EMBARQUE,SI
0c281476-1f5,0c281476-1f5,,ABSORBIDO,GES056,REGISTRO_INCOMPLETO,Registro incompleto,NO_CLASIFICADO,EVIDENCIA_INSUFICIENTE_ABSORBIDO,0,2026-10-01T12:29:24.870-03:00,2026-10-01T17:37:13.442-03:00,307.81,0,PLAYA|BALANZA_EGRESO|SL_INGRESO|SL_BALANZA_INGRESO|SL_VOLCABLE|SL_EGRESO,RICARDONE,SI
00037313-376,00037313-376,,ABSORBIDO,UUL425,REGISTRO_INCOMPLETO,Registro incompleto,NO_CLASIFICADO,EVIDENCIA_INSUFICIENTE_ABSORBIDO,0,2026-10-01T12:36:28.538-03:00,2026-10-01T17:40:17.916-03:00,303.82,0,PLAYA|BALANZA_EGRESO|SL_INGRESO|SL_BALANZA_INGRESO|SL_VOLCABLE|SL_EGRESO,RICARDONE,SI
787fc282-073,787fc282-073,,ABSORBIDO,CGS172,REGISTRO_INCOMPLETO,Registro incompleto,NO_CLASIFICADO,EVIDENCIA_INSUFICIENTE_ABSORBIDO,0,2026-10-01T12:42:56.493-03:00,2026-10-01T18:01:40.869-03:00,318.74,0,PLAYA|BALANZA_EGRESO|PLAYA|SL_INGRESO|SL_BALANZA_INGRESO|SL_VOLCABLE|SL_EGRESO,RICARDONE,SI
4a6817d0-df0__cycle_2,4a6817d0-df0,,ABSORBIDO,DTG181,CIRCUITO_LIQUIDO,Circuito líquido,NO_CLASIFICADO,EVIDENCIA_INSUFICIENTE_ABSORBIDO,0,2026-10-01T12:48:13.487-03:00,2026-10-01T12:50:44.989-03:00,2.53,0,LIQUIDO|EGRESO,,SI
1d9bc5fa-c6a,1d9bc5fa-c6a,,ABSORBIDO,HNE318,CIRCUITO_LIQUIDO,Circuito líquido,NO_CLASIFICADO,EVIDENCIA_INSUFICIENTE_ABSORBIDO,0,2026-10-01T12:48:33.627-03:00,2026-10-01T13:06:56.966-03:00,18.39,0,PREINGRESO|LIQUIDO|EGRESO,,SI
2ee855a0-e8f,2ee855a0-e8f,,ABSORBIDO,EBO971,CIRCUITO_LIQUIDO,Circuito líquido,NO_CLASIFICADO,EVIDENCIA_INSUFICIENTE_ABSORBIDO,0,2026-10-01T12:57:02.616-03:00,2026-10-01T13:05:17.761-03:00,8.25,0,PREINGRESO|LIQUIDO|EGRESO,,SI
a13bda90-bd8,a13bda90-bd8,,ABSORBIDO,BWV144,CIRCUITO_LIQUIDO,Circuito líquido,NO_CLASIFICADO,EVIDENCIA_INSUFICIENTE_ABSORBIDO,0,2026-10-01T12:57:51.177-03:00,2026-10-01T13:05:59.763-03:00,8.14,0,PREINGRESO|LIQUIDO|EGRESO,,SI
b5b05c80-75f,b5b05c80-75f,,ABSORBIDO,RAW481,REGISTRO_INCOMPLETO,Registro incompleto,NO_CLASIFICADO,EVIDENCIA_INSUFICIENTE_ABSORBIDO,0,2026-10-01T12:59:26.643-03:00,2026-10-01T17:17:36.292-03:00,258.16,0,BALANZA_EGRESO|SL_INGRESO|SL_EGRESO,RICARDONE,SI
92310df2-505,92310df2-505,,ABSORBIDO,DTG181,REGISTRO_INCOMPLETO,Registro incompleto,NO_CLASIFICADO,EVIDENCIA_INSUFICIENTE_ABSORBIDO,0,2026-10-01T13:00:36.270-03:00,2026-10-01T21:27:25.283-03:00,506.82,0,PLAYA|BALANZA_EGRESO|SL_INGRESO|SL_CALADA|SL_BALANZA_INGRESO|SL_EGRESO,RICARDONE,SI
5548fa79-6a5,5548fa79-6a5,,ABSORBIDO,RRE349,CIRCUITO_LIQUIDO,Circuito líquido,NO_CLASIFICADO,EVIDENCIA_INSUFICIENTE_ABSORBIDO,0,2026-10-01T13:03:26.316-03:00,2026-10-01T13:09:40.495-03:00,6.24,0,PREINGRESO|LIQUIDO|EGRESO,,SI
431267c5-922,431267c5-922,,ABSORBIDO,KQG451,REGISTRO_INCOMPLETO,Registro incompleto,NO_CLASIFICADO,EVIDENCIA_INSUFICIENTE_ABSORBIDO,0,2026-10-01T13:05:58.929-03:00,2026-10-01T15:10:56.389-03:00,124.96,0,SL_INGRESO|SL_BALANZA_INGRESO|SL_EGRESO,TERMINAL_EMBARQUE,SI
c450e4e9-81d,c450e4e9-81d,,ABSORBIDO,RDL445,CIRCUITO_LIQUIDO,Circuito líquido,NO_CLASIFICADO,EVIDENCIA_INSUFICIENTE_ABSORBIDO,0,2026-10-01T13:09:12.898-03:00,2026-10-01T13:15:48.357-03:00,6.59,0,PREINGRESO|LIQUIDO|EGRESO,,SI
d263397b-14d,d263397b-14d,,ABSORBIDO,EBO971,REGISTRO_INCOMPLETO,Registro incompleto,NO_CLASIFICADO,EVIDENCIA_INSUFICIENTE_ABSORBIDO,0,2026-10-01T13:13:28.295-03:00,2026-10-01T18:11:58.836-03:00,298.51,0,PLAYA|BALANZA_EGRESO|SL_INGRESO|SL_BALANZA_INGRESO|SL_VOLCABLE|SL_EGRESO,RICARDONE,SI
8bbee6e3-227,8bbee6e3-227,,ABSORBIDO,BWV144,REGISTRO_INCOMPLETO,Registro incompleto,NO_CLASIFICADO,EVIDENCIA_INSUFICIENTE_ABSORBIDO,0,2026-10-01T13:13:37.498-03:00,2026-10-01T18:21:39.808-03:00,308.04,0,PLAYA|BALANZA_EGRESO|SL_INGRESO|SL_BALANZA_INGRESO|SL_VOLCABLE|SL_EGRESO,RICARDONE,SI
e385e262-935,e385e262-935,,ABSORBIDO,HNE318,REGISTRO_INCOMPLETO,Registro incompleto,NO_CLASIFICADO,EVIDENCIA_INSUFICIENTE_ABSORBIDO,0,2026-10-01T13:14:20.676-03:00,2026-10-01T18:27:03.177-03:00,312.71,0,PLAYA|BALANZA_EGRESO|SL_INGRESO|SL_BALANZA_INGRESO|SL_VOLCABLE|SL_EGRESO,RICARDONE,SI
c559730a-8cf,c559730a-8cf,,ABSORBIDO,KAD727,REGISTRO_INCOMPLETO,Registro incompleto,NO_CLASIFICADO,EVIDENCIA_INSUFICIENTE_ABSORBIDO,0,2026-10-01T13:15:45.682-03:00,2026-10-01T17:59:08.208-03:00,283.38,0,SL_INGRESO|SL_BALANZA_INGRESO|UNKNOWN|SL_EGRESO,TERMINAL_EMBARQUE,SI
f6bd2ac5-28a,f6bd2ac5-28a,,ABSORBIDO,RRE349,REGISTRO_INCOMPLETO,Registro incompleto,NO_CLASIFICADO,EVIDENCIA_INSUFICIENTE_ABSORBIDO,0,2026-10-01T13:16:12.409-03:00,2026-10-01T18:31:49.292-03:00,315.61,0,PLAYA|BALANZA_EGRESO|SL_INGRESO|SL_BALANZA_INGRESO|SL_VOLCABLE|SL_EGRESO,RICARDONE,SI
8431e929-a93,8431e929-a93,,ABSORBIDO,KWN857,REGISTRO_INCOMPLETO,Registro incompleto,NO_CLASIFICADO,EVIDENCIA_INSUFICIENTE_ABSORBIDO,0,2026-10-01T13:16:39.127-03:00,2026-10-01T16:13:26.620-03:00,176.79,0,SL_INGRESO|SL_BALANZA_INGRESO|UNKNOWN|UNKNOWN|SL_CALADA|SL_BALANZA_INGRESO|SL_EGRESO,TERMINAL_EMBARQUE,SI
b83ca825-1bd,b83ca825-1bd,,ABSORBIDO,SMN846,REGISTRO_INCOMPLETO,Registro incompleto,NO_CLASIFICADO,EVIDENCIA_INSUFICIENTE_ABSORBIDO,0,2026-10-01T13:20:00.178-03:00,2026-10-01T13:22:23.671-03:00,2.39,0,SL_INGRESO|SL_BALANZA_INGRESO,TERMINAL_EMBARQUE,SI
e56b905d-3a2,e56b905d-3a2,,ABSORBIDO,RDL445,REGISTRO_INCOMPLETO,Registro incompleto,NO_CLASIFICADO,EVIDENCIA_INSUFICIENTE_ABSORBIDO,0,2026-10-01T13:22:18.499-03:00,2026-10-01T18:38:09.564-03:00,315.85,0,PLAYA|BALANZA_EGRESO|SL_INGRESO|SL_BALANZA_INGRESO|SL_VOLCABLE|SL_EGRESO,RICARDONE,SI
1da2d9a8-a34,1da2d9a8-a34,,ABSORBIDO,RXV065,CIRCUITO_LIQUIDO,Circuito líquido,NO_CLASIFICADO,EVIDENCIA_INSUFICIENTE_ABSORBIDO,0,2026-10-01T13:22:50.065-03:00,2026-10-01T13:31:11.131-03:00,8.35,0,PREINGRESO|LIQUIDO|EGRESO,,SI
0cd41597-753,0cd41597-753,,ABSORBIDO,MTT517,REGISTRO_INCOMPLETO,Registro incompleto,NO_CLASIFICADO,EVIDENCIA_INSUFICIENTE_ABSORBIDO,0,2026-10-01T13:27:01.163-03:00,2026-10-01T13:39:17.632-03:00,12.27,0,SL_INGRESO|SL_BALANZA_INGRESO,,SI
89f230db-f52__cycle_1,89f230db-f52,,ABSORBIDO,EPH797,REGISTRO_INCOMPLETO,Registro incompleto,NO_CLASIFICADO,EVIDENCIA_INSUFICIENTE_ABSORBIDO,0,2026-10-01T13:31:04.698-03:00,2026-10-01T13:35:12.618-03:00,4.13,0,SL_INGRESO|SL_BALANZA_INGRESO|UNKNOWN,TERMINAL_EMBARQUE,SI
eed9706a-198,eed9706a-198,,ABSORBIDO,CKQ212,CIRCUITO_LIQUIDO,Circuito líquido,NO_CLASIFICADO,EVIDENCIA_INSUFICIENTE_ABSORBIDO,0,2026-10-01T13:31:56.258-03:00,2026-10-01T13:39:41.160-03:00,7.75,0,PREINGRESO|LIQUIDO|EGRESO,RICARDONE,SI
8bd5ca01-6d5,8bd5ca01-6d5,,ABSORBIDO,AC293WB,R7,Ricardone → San Lorenzo,NO_CLASIFICADO,EVIDENCIA_INSUFICIENTE_ABSORBIDO,0,2026-10-01T13:33:43.107-03:00,2026-10-01T14:01:50.515-03:00,28.12,0,SL_INGRESO|SL_BALANZA_INGRESO|SL_VOLCABLE|SL_EGRESO,TERMINAL_EMBARQUE,SI
f9c03b34-c31,f9c03b34-c31,,ABSORBIDO,UYM942,CIRCUITO_LIQUIDO,Circuito líquido,NO_CLASIFICADO,EVIDENCIA_INSUFICIENTE_ABSORBIDO,0,2026-10-01T13:35:17.869-03:00,2026-10-01T13:41:21.567-03:00,6.06,0,PREINGRESO|LIQUIDO|EGRESO,,SI
659d976b-c7b,659d976b-c7b,,ABSORBIDO,RXV065,REGISTRO_INCOMPLETO,Registro incompleto,NO_CLASIFICADO,EVIDENCIA_INSUFICIENTE_ABSORBIDO,0,2026-10-01T13:39:32.875-03:00,2026-10-01T19:37:35.606-03:00,358.05,0,PLAYA|BALANZA_EGRESO|SL_INGRESO|SL_BALANZA_INGRESO|SL_VOLCABLE|SL_EGRESO,RICARDONE,SI
5f7ad0d2-5a4,5f7ad0d2-5a4,,ABSORBIDO,DFP716,CIRCUITO_LIQUIDO,Circuito líquido,NO_CLASIFICADO,EVIDENCIA_INSUFICIENTE_ABSORBIDO,0,2026-10-01T13:40:10.445-03:00,2026-10-01T13:46:56.544-03:00,6.77,0,PREINGRESO|LIQUIDO|EGRESO,,SI
ceb89d87-b94,ceb89d87-b94,,ABSORBIDO,AD644HW,R7,Ricardone → San Lorenzo,NO_CLASIFICADO,EVIDENCIA_INSUFICIENTE_ABSORBIDO,0,2026-10-01T13:41:53.558-03:00,2026-10-01T14:07:53.061-03:00,25.99,0,SL_INGRESO|SL_BALANZA_INGRESO|SL_VOLCABLE|SL_EGRESO,TERMINAL_EMBARQUE,SI
43898acd-22e,43898acd-22e,,ABSORBIDO,ESF460,R7,Ricardone → San Lorenzo,NO_CLASIFICADO,EVIDENCIA_INSUFICIENTE_ABSORBIDO,0,2026-10-01T13:43:47.860-03:00,2026-10-01T14:18:38.212-03:00,34.84,0,SL_INGRESO|SL_BALANZA_INGRESO|SL_VOLCABLE|SL_EGRESO,TERMINAL_EMBARQUE,SI
5b2f5225-9ce,5b2f5225-9ce,,ABSORBIDO,UUO981,CIRCUITO_LIQUIDO,Circuito líquido,NO_CLASIFICADO,EVIDENCIA_INSUFICIENTE_ABSORBIDO,0,2026-10-01T13:44:16.459-03:00,2026-10-01T13:51:27.441-03:00,7.18,0,PREINGRESO|LIQUIDO|EGRESO,,SI
29e84779-cdc,29e84779-cdc,,ABSORBIDO,CKQ212,DESPACHO_SIN_PUNTO_INSTRUMENTADO,Despacho / descarga sin punto instrumentado,NO_CLASIFICADO,EVIDENCIA_INSUFICIENTE_ABSORBIDO,0,2026-10-01T13:49:17.999-03:00,2026-10-02T02:39:31.571-03:00,770.23,0,PLAYA|BALANZA_EGRESO|SL_INGRESO|SL_VOLCABLE|PREINGRESO|BALANZA_EGRESO|SL_VOLCABLE,RICARDONE,SI
7e7ee37e-c11,7e7ee37e-c11,,ABSORBIDO,UYM942,REGISTRO_INCOMPLETO,Registro incompleto,NO_CLASIFICADO,EVIDENCIA_INSUFICIENTE_ABSORBIDO,0,2026-10-01T13:49:41.020-03:00,2026-10-01T20:20:56.083-03:00,391.25,0,PLAYA|SL_INGRESO|SL_VOLCABLE|SL_EGRESO,RICARDONE,SI
3b263e43-407,3b263e43-407,,ABSORBIDO,AC732JF,R7,Ricardone → San Lorenzo,NO_CLASIFICADO,EVIDENCIA_INSUFICIENTE_ABSORBIDO,0,2026-10-01T13:50:08.468-03:00,2026-10-01T14:24:25.593-03:00,34.29,0,SL_INGRESO|SL_BALANZA_INGRESO|SL_VOLCABLE|SL_EGRESO,TERMINAL_EMBARQUE,SI
79ed6111-4a8,79ed6111-4a8,,ABSORBIDO,AE341FF,R7,Ricardone → San Lorenzo,NO_CLASIFICADO,EVIDENCIA_INSUFICIENTE_ABSORBIDO,0,2026-10-01T13:51:04.151-03:00,2026-10-01T14:30:54.189-03:00,39.83,0,SL_INGRESO|SL_BALANZA_INGRESO|SL_VOLCABLE|SL_BALANZA_SALIDA|SL_EGRESO,TERMINAL_EMBARQUE,SI
275f2b0a-023,275f2b0a-023,,ABSORBIDO,LAU467,REGISTRO_INCOMPLETO,Registro incompleto,NO_CLASIFICADO,EVIDENCIA_INSUFICIENTE_ABSORBIDO,0,2026-10-01T13:51:45.593-03:00,2026-10-01T17:13:13.626-03:00,201.47,0,SL_INGRESO|SL_BALANZA_INGRESO|UNKNOWN|SL_EGRESO,TERMINAL_EMBARQUE,SI
4958c1a2-11c,4958c1a2-11c,,ABSORBIDO,KLG373,R7,Ricardone → San Lorenzo,NO_CLASIFICADO,EVIDENCIA_INSUFICIENTE_ABSORBIDO,0,2026-10-01T13:53:44.318-03:00,2026-10-01T14:39:15.629-03:00,45.52,0,SL_INGRESO|SL_BALANZA_INGRESO|SL_VOLCABLE|SL_EGRESO,TERMINAL_EMBARQUE,SI
d05d4af5-d35,d05d4af5-d35,,ABSORBIDO,DFP716,REGISTRO_INCOMPLETO,Registro incompleto,NO_CLASIFICADO,EVIDENCIA_INSUFICIENTE_ABSORBIDO,0,2026-10-01T13:53:58.362-03:00,2026-10-01T20:33:10.777-03:00,399.21,0,PLAYA|BALANZA_EGRESO|SL_INGRESO|SL_BALANZA_INGRESO|SL_EGRESO,RICARDONE,SI
f1b85c7e-c5b,f1b85c7e-c5b,,ABSORBIDO,OBD112,R7,Ricardone → San Lorenzo,NO_CLASIFICADO,EVIDENCIA_INSUFICIENTE_ABSORBIDO,0,2026-10-01T13:54:28.721-03:00,2026-10-01T14:40:15.653-03:00,45.78,0,SL_INGRESO|SL_BALANZA_INGRESO|SL_VOLCABLE|SL_EGRESO,TERMINAL_EMBARQUE,SI
49511968-474,49511968-474,,ABSORBIDO,KZA683,REGISTRO_INCOMPLETO,Registro incompleto,NO_CLASIFICADO,EVIDENCIA_INSUFICIENTE_ABSORBIDO,0,2026-10-01T13:55:05.285-03:00,2026-10-01T14:57:26.065-03:00,62.35,0,SL_INGRESO|SL_BALANZA_INGRESO|SL_CALADA|SL_BALANZA_INGRESO|SL_EGRESO,TERMINAL_EMBARQUE,SI
308080f2-e49,308080f2-e49,,ABSORBIDO,AE382XE,R7,Ricardone → San Lorenzo,NO_CLASIFICADO,EVIDENCIA_INSUFICIENTE_ABSORBIDO,0,2026-10-01T13:58:30.497-03:00,2026-10-01T14:52:14.620-03:00,53.74,0,SL_INGRESO|SL_BALANZA_INGRESO|SL_VOLCABLE|SL_EGRESO,TERMINAL_EMBARQUE,SI
359a527b-502,359a527b-502,,ABSORBIDO,AH730WC,R7,Ricardone → San Lorenzo,NO_CLASIFICADO,EVIDENCIA_INSUFICIENTE_ABSORBIDO,0,2026-10-01T13:59:02.336-03:00,2026-10-01T15:16:13.756-03:00,77.19,0,SL_INGRESO|SL_BALANZA_INGRESO|SL_VOLCABLE|SL_EGRESO,TERMINAL_EMBARQUE,SI
2dea37f0-c0f,2dea37f0-c0f,,ABSORBIDO,UUO981,REGISTRO_INCOMPLETO,Registro incompleto,NO_CLASIFICADO,EVIDENCIA_INSUFICIENTE_ABSORBIDO,0,2026-10-01T13:59:26.159-03:00,2026-10-01T20:35:57.604-03:00,396.52,0,PLAYA|BALANZA_EGRESO|SL_INGRESO|SL_EGRESO,RICARDONE,SI
e8aeadd1-133,e8aeadd1-133,,ABSORBIDO,FEA642,SL1,Recepción Carga OSL San Lorenzo,NO_CLASIFICADO,EVIDENCIA_INSUFICIENTE_ABSORBIDO,0,2026-10-01T13:59:34.981-03:00,2026-10-01T17:50:26.319-03:00,230.86,0,SL_INGRESO|SL_CALADA|SL_BALANZA_INGRESO|SL_LIQUIDO_CARGA|SL_EGRESO,TERMINAL_EMBARQUE,SI
576704ae-79e,576704ae-79e,,ABSORBIDO,MSE565,REGISTRO_INCOMPLETO,Registro incompleto,NO_CLASIFICADO,EVIDENCIA_INSUFICIENTE_ABSORBIDO,0,2026-10-01T14:01:58.909-03:00,2026-10-01T15:07:55.477-03:00,65.94,0,SL_INGRESO|SL_BALANZA_INGRESO|UNKNOWN|SL_EGRESO,TERMINAL_EMBARQUE,SI
8a78c943-21a,8a78c943-21a,,ABSORBIDO,DGR440,CIRCUITO_LIQUIDO,Circuito líquido,NO_CLASIFICADO,EVIDENCIA_INSUFICIENTE_ABSORBIDO,0,2026-10-01T14:03:28.849-03:00,2026-10-01T14:11:56.231-03:00,8.46,0,PREINGRESO|LIQUIDO|EGRESO,,SI
a91a874c-dc1,a91a874c-dc1,,ABSORBIDO,VAJ028,CIRCUITO_LIQUIDO,Circuito líquido,NO_CLASIFICADO,EVIDENCIA_INSUFICIENTE_ABSORBIDO,0,2026-10-01T14:05:03.333-03:00,2026-10-01T14:14:54.404-03:00,9.85,0,PREINGRESO|LIQUIDO|EGRESO,,SI
912fe1f3-a19,912fe1f3-a19,,ABSORBIDO,TVH101,CIRCUITO_LIQUIDO,Circuito líquido,NO_CLASIFICADO,EVIDENCIA_INSUFICIENTE_ABSORBIDO,0,2026-10-01T14:11:20.396-03:00,2026-10-01T14:17:49.934-03:00,6.49,0,PREINGRESO|LIQUIDO|EGRESO,,SI
f6be5e1d-bc6__cycle_1,f6be5e1d-bc6,,ABSORBIDO,TAO150,REGISTRO_INCOMPLETO,Registro incompleto,NO_CLASIFICADO,EVIDENCIA_INSUFICIENTE_ABSORBIDO,0,2026-10-01T14:15:16.938-03:00,2026-10-01T15:28:33.050-03:00,73.27,0,PLAYA|BALANZA_EGRESO|SL_INGRESO,RICARDONE,SI
358b3b83-262,358b3b83-262,,ABSORBIDO,RUK692,REGISTRO_INCOMPLETO,Registro incompleto,NO_CLASIFICADO,EVIDENCIA_INSUFICIENTE_ABSORBIDO,0,2026-10-01T14:16:43.840-03:00,2026-10-01T16:49:01.713-03:00,152.3,0,SL_INGRESO|SL_BALANZA_INGRESO|UNKNOWN|SL_BALANZA_SALIDA|SL_EGRESO,TERMINAL_EMBARQUE,SI
7ed083df-b29,7ed083df-b29,,ABSORBIDO,DGR440,REGISTRO_INCOMPLETO,Registro incompleto,NO_CLASIFICADO,EVIDENCIA_INSUFICIENTE_ABSORBIDO,0,2026-10-01T14:19:08.028-03:00,2026-10-01T20:58:14.618-03:00,399.11,0,PLAYA|SL_INGRESO|SL_BALANZA_INGRESO|SL_VOLCABLE|SL_EGRESO,RICARDONE,SI
1d114bd4-141,1d114bd4-141,,ABSORBIDO,VAJ028,REGISTRO_INCOMPLETO,Registro incompleto,NO_CLASIFICADO,EVIDENCIA_INSUFICIENTE_ABSORBIDO,0,2026-10-01T14:22:32.091-03:00,2026-10-01T20:55:07.383-03:00,392.59,0,PLAYA|BALANZA_EGRESO|SL_INGRESO|SL_BALANZA_INGRESO|SL_VOLCABLE|SL_EGRESO,RICARDONE,SI
d38b8b22-208,d38b8b22-208,,ABSORBIDO,TVH101,REGISTRO_INCOMPLETO,Registro incompleto,NO_CLASIFICADO,EVIDENCIA_INSUFICIENTE_ABSORBIDO,0,2026-10-01T14:24:50.082-03:00,2026-10-01T21:36:40.945-03:00,431.85,0,PLAYA|BALANZA_EGRESO|SL_INGRESO|SL_VOLCABLE|SL_EGRESO,RICARDONE,SI
753a8c48-a0f,753a8c48-a0f,,ABSORBIDO,SZG666,SL1,Recepción Carga OSL San Lorenzo,NO_CLASIFICADO,EVIDENCIA_INSUFICIENTE_ABSORBIDO,0,2026-10-01T14:26:55.555-03:00,2026-10-01T15:50:23.066-03:00,83.46,0,SL_INGRESO|SL_BALANZA_INGRESO|UNKNOWN|SL_EGRESO,TERMINAL_EMBARQUE,SI
147ded44-039,147ded44-039,,ABSORBIDO,RNM392,CIRCUITO_LIQUIDO,Circuito líquido,NO_CLASIFICADO,EVIDENCIA_INSUFICIENTE_ABSORBIDO,0,2026-10-01T14:30:07.262-03:00,2026-10-01T14:37:39.521-03:00,7.54,0,PREINGRESO|LIQUIDO|EGRESO,,SI
e2e5adc1-09d,e2e5adc1-09d,,ABSORBIDO,RYJ562,CIRCUITO_LIQUIDO,Circuito líquido,NO_CLASIFICADO,EVIDENCIA_INSUFICIENTE_ABSORBIDO,0,2026-10-01T14:30:44.063-03:00,2026-10-01T14:40:06.812-03:00,9.38,0,PREINGRESO|LIQUIDO|EGRESO,,SI
2d2e64ee-cf8,2d2e64ee-cf8,,ABSORBIDO,FEA810,CIRCUITO_SAN_LORENZO,Circuito Ricardone → San Lorenzo,NO_CLASIFICADO,EVIDENCIA_INSUFICIENTE_ABSORBIDO,0,2026-10-01T14:33:18.953-03:00,2026-10-01T14:39:02.968-03:00,5.73,0,PREINGRESO|EGRESO,,SI
5acb01f8-94e,5acb01f8-94e,,ABSORBIDO,USQ544,R7,Ricardone → San Lorenzo,NO_CLASIFICADO,EVIDENCIA_INSUFICIENTE_ABSORBIDO,0,2026-10-01T14:33:54.940-03:00,2026-10-01T16:14:18.400-03:00,100.39,0,SL_INGRESO|SL_BALANZA_INGRESO|SL_VOLCABLE|SL_EGRESO,TERMINAL_EMBARQUE,SI
44456f0f-b7e,44456f0f-b7e,,ABSORBIDO,NWZ336,SL1,Recepción Carga OSL San Lorenzo,NO_CLASIFICADO,EVIDENCIA_INSUFICIENTE_ABSORBIDO,0,2026-10-01T14:35:19.345-03:00,2026-10-01T17:36:27.664-03:00,181.14,0,SL_INGRESO|SL_EGRESO,TERMINAL_EMBARQUE,SI
237baa29-007,237baa29-007,,ABSORBIDO,AE821PH,R7,Ricardone → San Lorenzo,NO_CLASIFICADO,EVIDENCIA_INSUFICIENTE_ABSORBIDO,0,2026-10-01T14:36:54.551-03:00,2026-10-01T15:33:35.932-03:00,56.69,0,SL_INGRESO|SL_BALANZA_INGRESO|SL_VOLCABLE|SL_EGRESO,TERMINAL_EMBARQUE,SI
716104e3-8ca,716104e3-8ca,,ABSORBIDO,PAL482,R7,Ricardone → San Lorenzo,NO_CLASIFICADO,EVIDENCIA_INSUFICIENTE_ABSORBIDO,0,2026-10-01T14:37:31.433-03:00,2026-10-01T16:09:30.525-03:00,91.98,0,SL_INGRESO|SL_BALANZA_INGRESO|SL_VOLCABLE|SL_EGRESO,TERMINAL_EMBARQUE,SI
ff1452cc-4a9,ff1452cc-4a9,,ABSORBIDO,EHY029,R7,Ricardone → San Lorenzo,NO_CLASIFICADO,EVIDENCIA_INSUFICIENTE_ABSORBIDO,0,2026-10-01T14:38:10.156-03:00,2026-10-01T15:45:54.959-03:00,67.75,0,SL_INGRESO|SL_BALANZA_INGRESO|SL_VOLCABLE|SL_EGRESO,TERMINAL_EMBARQUE,SI
0f438e87-a6a,0f438e87-a6a,,ABSORBIDO,GQE007,R7,Ricardone → San Lorenzo,NO_CLASIFICADO,EVIDENCIA_INSUFICIENTE_ABSORBIDO,0,2026-10-01T14:38:56.318-03:00,2026-10-01T16:21:09.805-03:00,102.22,0,SL_INGRESO|SL_BALANZA_INGRESO|SL_VOLCABLE|SL_EGRESO,TERMINAL_EMBARQUE,SI
f37cbcbe-4c6,f37cbcbe-4c6,,ABSORBIDO,AD841WT,R7,Ricardone → San Lorenzo,NO_CLASIFICADO,EVIDENCIA_INSUFICIENTE_ABSORBIDO,0,2026-10-01T14:39:47.522-03:00,2026-10-01T16:13:03.690-03:00,93.27,0,SL_INGRESO|SL_BALANZA_INGRESO|SL_VOLCABLE|SL_BALANZA_SALIDA|SL_EGRESO,TERMINAL_EMBARQUE,SI
88db46c6-f9d,88db46c6-f9d,,ABSORBIDO,AG223TK,REGISTRO_INCOMPLETO,Registro incompleto,NO_CLASIFICADO,EVIDENCIA_INSUFICIENTE_ABSORBIDO,0,2026-10-01T14:40:19.201-03:00,2026-10-01T15:48:21.698-03:00,68.04,0,SL_INGRESO|SL_BALANZA_INGRESO|SL_EGRESO,TERMINAL_EMBARQUE,SI
ff9fbe8d-d51,ff9fbe8d-d51,,ABSORBIDO,AZG422,CIRCUITO_LIQUIDO,Circuito líquido,NO_CLASIFICADO,EVIDENCIA_INSUFICIENTE_ABSORBIDO,0,2026-10-01T14:40:44.579-03:00,2026-10-01T14:46:50.037-03:00,6.09,0,PREINGRESO|LIQUIDO|EGRESO,,SI
1a49b483-759,1a49b483-759,,ABSORBIDO,UAJ766,REGISTRO_INCOMPLETO,Registro incompleto,NO_CLASIFICADO,EVIDENCIA_INSUFICIENTE_ABSORBIDO,0,2026-10-01T14:49:51.269-03:00,2026-10-01T16:51:03.682-03:00,121.21,0,BALANZA_EGRESO|BALANZA_EGRESO|SL_BALANZA_INGRESO|UNKNOWN|SL_EGRESO,TERMINAL_EMBARQUE,SI
4c705875-b23,4c705875-b23,,ABSORBIDO,RNM392,REGISTRO_INCOMPLETO,Registro incompleto,NO_CLASIFICADO,EVIDENCIA_INSUFICIENTE_ABSORBIDO,0,2026-10-01T14:49:56.125-03:00,2026-10-01T21:52:08.476-03:00,422.21,0,PLAYA|BALANZA_EGRESO|SL_INGRESO|SL_BALANZA_INGRESO|SL_VOLCABLE|SL_EGRESO,RICARDONE,SI
478d5127-643,478d5127-643,,ABSORBIDO,RYJ562,REGISTRO_INCOMPLETO,Registro incompleto,NO_CLASIFICADO,EVIDENCIA_INSUFICIENTE_ABSORBIDO,0,2026-10-01T14:51:25.686-03:00,2026-10-01T21:56:28.100-03:00,425.04,0,PLAYA|BALANZA_EGRESO|SL_INGRESO|SL_BALANZA_INGRESO|SL_EGRESO,RICARDONE,SI
089a1a81-7d0,089a1a81-7d0,,ABSORBIDO,KOE138,SL1,Recepción Carga OSL San Lorenzo,NO_CLASIFICADO,EVIDENCIA_INSUFICIENTE_ABSORBIDO,0,2026-10-01T14:59:47.111-03:00,2026-10-01T18:08:40.116-03:00,188.88,0,SL_INGRESO|SL_CALADA|SL_BALANZA_INGRESO|UNKNOWN|SL_LIQUIDO_CARGA|SL_EGRESO,TERMINAL_EMBARQUE,SI
b29628f0-3b0,b29628f0-3b0,,ABSORBIDO,AZG422,REGISTRO_INCOMPLETO,Registro incompleto,NO_CLASIFICADO,EVIDENCIA_INSUFICIENTE_ABSORBIDO,0,2026-10-01T15:07:23.526-03:00,2026-10-01T16:46:08.311-03:00,98.75,0,PLAYA|BALANZA_EGRESO|SL_INGRESO,RICARDONE,SI
7c5583bf-1a2,7c5583bf-1a2,,ABSORBIDO,AF443TR,REGISTRO_INCOMPLETO,Registro incompleto,NO_CLASIFICADO,EVIDENCIA_INSUFICIENTE_ABSORBIDO,0,2026-10-01T15:07:47.539-03:00,2026-10-01T15:47:18.072-03:00,39.51,0,SL_INGRESO|SL_BALANZA_INGRESO|UNKNOWN|SL_EGRESO,TERMINAL_EMBARQUE,SI
1222185d-ce2,1222185d-ce2,,ABSORBIDO,AF550CI,REGISTRO_INCOMPLETO,Registro incompleto,NO_CLASIFICADO,EVIDENCIA_INSUFICIENTE_ABSORBIDO,0,2026-10-01T15:09:12.424-03:00,2026-10-01T22:06:46.427-03:00,417.57,0,SL_INGRESO|SL_BALANZA_INGRESO|UNKNOWN|UNKNOWN|SL_EGRESO,TERMINAL_EMBARQUE,SI
6794331d-ae0__cycle_4,6794331d-ae0,,ABSORBIDO,GZI868,SL1,Recepción Carga OSL San Lorenzo,NO_CLASIFICADO,EVIDENCIA_INSUFICIENTE_ABSORBIDO,0,2026-10-01T15:16:31.408-03:00,2026-10-01T15:27:12.933-03:00,10.69,0,SL_INGRESO|SL_BALANZA_INGRESO,TERMINAL_EMBARQUE,SI
94aefaa9-289,94aefaa9-289,,ABSORBIDO,GDE552,SL1,Recepción Carga OSL San Lorenzo,NO_CLASIFICADO,EVIDENCIA_INSUFICIENTE_ABSORBIDO,0,2026-10-01T15:18:27.496-03:00,2026-10-01T21:28:38.752-03:00,370.19,0,SL_INGRESO|SL_CALADA|SL_BALANZA_INGRESO|SL_LIQUIDO_CARGA|SL_EGRESO,TERMINAL_EMBARQUE,SI
848b775d-0db,848b775d-0db,,ABSORBIDO,AAE877,CIRCUITO_LIQUIDO,Circuito líquido,NO_CLASIFICADO,EVIDENCIA_INSUFICIENTE_ABSORBIDO,0,2026-10-01T15:20:58.820-03:00,2026-10-01T15:31:27.710-03:00,10.48,0,PREINGRESO|LIQUIDO|EGRESO,,SI
cf21e7b9-350,cf21e7b9-350,,ABSORBIDO,BVS300,CIRCUITO_LIQUIDO,Circuito líquido,NO_CLASIFICADO,EVIDENCIA_INSUFICIENTE_ABSORBIDO,0,2026-10-01T15:29:51.809-03:00,2026-10-01T22:35:35.494-03:00,425.73,0,PREINGRESO|LIQUIDO|PLAYA|BALANZA_EGRESO|SL_INGRESO|SL_BALANZA_INGRESO|SL_EGRESO,RICARDONE,SI
c3a821bf-027,c3a821bf-027,,ABSORBIDO,EEW075,CIRCUITO_LIQUIDO,Circuito líquido,NO_CLASIFICADO,EVIDENCIA_INSUFICIENTE_ABSORBIDO,0,2026-10-01T15:34:11.666-03:00,2026-10-01T22:50:47.779-03:00,436.6,0,PREINGRESO|LIQUIDO|BALANZA_EGRESO|SL_INGRESO|SL_BALANZA_INGRESO|SL_VOLCABLE|SL_EGRESO,RICARDONE,SI
252406e9-635__cycle_1,252406e9-635,,ABSORBIDO,AA703FC,REGISTRO_INCOMPLETO,Registro incompleto,NO_CLASIFICADO,EVIDENCIA_INSUFICIENTE_ABSORBIDO,0,2026-10-01T15:38:12.126-03:00,2026-10-01T15:44:00.231-03:00,5.8,0,SL_INGRESO|SL_BALANZA_INGRESO|UNKNOWN,,SI
4e813edd-23f,4e813edd-23f,,ABSORBIDO,AAE877,REGISTRO_INCOMPLETO,Registro incompleto,NO_CLASIFICADO,EVIDENCIA_INSUFICIENTE_ABSORBIDO,0,2026-10-01T15:39:42.403-03:00,2026-10-01T16:50:45.927-03:00,71.06,0,PLAYA|BALANZA_EGRESO|SL_INGRESO,RICARDONE,SI
1f59d6cc-d16,1f59d6cc-d16,,ABSORBIDO,GYW157,REGISTRO_INCOMPLETO,Registro incompleto,NO_CLASIFICADO,EVIDENCIA_INSUFICIENTE_ABSORBIDO,0,2026-10-01T15:41:20.695-03:00,2026-10-01T17:59:38.900-03:00,138.3,0,SL_INGRESO|SL_BALANZA_INGRESO|UNKNOWN|SL_EGRESO,TERMINAL_EMBARQUE,SI
0ff6dd0d-98d,0ff6dd0d-98d,,ABSORBIDO,CRJ139,CIRCUITO_LIQUIDO,Circuito líquido,NO_CLASIFICADO,EVIDENCIA_INSUFICIENTE_ABSORBIDO,0,2026-10-01T15:46:00.748-03:00,2026-10-01T23:02:54.749-03:00,436.9,0,PREINGRESO|LIQUIDO|BALANZA_EGRESO|SL_INGRESO|SL_VOLCABLE|SL_EGRESO,RICARDONE,SI
0ae9b983-e3a,0ae9b983-e3a,,ABSORBIDO,RKS646,CIRCUITO_LIQUIDO,Circuito líquido,NO_CLASIFICADO,EVIDENCIA_INSUFICIENTE_ABSORBIDO,0,2026-10-01T15:58:40.230-03:00,2026-10-01T23:10:09.083-03:00,431.48,0,PREINGRESO|LIQUIDO|PLAYA|BALANZA_EGRESO|SL_INGRESO|SL_BALANZA_INGRESO|SL_VOLCABLE|SL_EGRESO,RICARDONE,SI
a1061034-e15,a1061034-e15,,ABSORBIDO,SFY369,SL1,Recepción Carga OSL San Lorenzo,NO_CLASIFICADO,EVIDENCIA_INSUFICIENTE_ABSORBIDO,0,2026-10-01T16:03:20.613-03:00,2026-10-01T21:52:47.892-03:00,349.45,0,SL_INGRESO|SL_CALADA|SL_BALANZA_INGRESO|SL_LIQUIDO_CARGA|SL_EGRESO,TERMINAL_EMBARQUE,SI
492280a9-a75,492280a9-a75,,ABSORBIDO,VRA989,CIRCUITO_LIQUIDO,Circuito líquido,NO_CLASIFICADO,EVIDENCIA_INSUFICIENTE_ABSORBIDO,0,2026-10-01T16:05:58.336-03:00,2026-10-01T23:01:55.141-03:00,415.95,0,PREINGRESO|LIQUIDO|PLAYA|BALANZA_EGRESO|SL_VOLCABLE,RICARDONE,SI
cd58a206-0cb,cd58a206-0cb,,ABSORBIDO,EVL273,CIRCUITO_LIQUIDO,Circuito líquido,NO_CLASIFICADO,EVIDENCIA_INSUFICIENTE_ABSORBIDO,0,2026-10-01T16:21:47.753-03:00,2026-10-01T23:34:18.823-03:00,432.52,0,PREINGRESO|LIQUIDO|PLAYA|BALANZA_EGRESO|SL_INGRESO|SL_BALANZA_INGRESO|SL_VOLCABLE|SL_EGRESO,RICARDONE,SI
f1bf4e88-c80,f1bf4e88-c80,,ABSORBIDO,CIE516,CIRCUITO_LIQUIDO,Circuito líquido,NO_CLASIFICADO,EVIDENCIA_INSUFICIENTE_ABSORBIDO,0,2026-10-01T16:23:12.796-03:00,2026-10-01T17:51:29.178-03:00,88.27,0,PREINGRESO|LIQUIDO|PLAYA|BALANZA_EGRESO|SL_INGRESO,RICARDONE,SI
2504ec50-e02,2504ec50-e02,,ABSORBIDO,JPZ027,CIRCUITO_LIQUIDO,Circuito líquido,NO_CLASIFICADO,EVIDENCIA_INSUFICIENTE_ABSORBIDO,0,2026-10-01T16:38:45.251-03:00,2026-10-01T23:52:22.474-03:00,433.62,0,PREINGRESO|LIQUIDO|PLAYA|BALANZA_EGRESO|SL_INGRESO|SL_BALANZA_INGRESO|SL_VOLCABLE|SL_EGRESO,RICARDONE,SI
3f881238-d73,3f881238-d73,,ABSORBIDO,UKL882,CIRCUITO_LIQUIDO,Circuito líquido,NO_CLASIFICADO,EVIDENCIA_INSUFICIENTE_ABSORBIDO,0,2026-10-01T16:40:38.618-03:00,2026-10-01T23:58:24.539-03:00,437.77,0,PREINGRESO|LIQUIDO|PLAYA|BALANZA_EGRESO|SL_INGRESO|SL_BALANZA_INGRESO|SL_VOLCABLE|SL_EGRESO,RICARDONE,SI
9da687da-660__cycle_1,9da687da-660,,ABSORBIDO,CGV979,CIRCUITO_LIQUIDO,Circuito líquido,NO_CLASIFICADO,EVIDENCIA_INSUFICIENTE_ABSORBIDO,0,2026-10-01T16:41:06.220-03:00,2026-10-01T18:17:05.429-03:00,95.99,0,PREINGRESO|LIQUIDO|PLAYA|BALANZA_EGRESO|SL_INGRESO,RICARDONE,SI
549de52b-3dc,549de52b-3dc,,ABSORBIDO,UWX998,REGISTRO_INCOMPLETO,Registro incompleto,NO_CLASIFICADO,EVIDENCIA_INSUFICIENTE_ABSORBIDO,0,2026-10-01T16:47:48.481-03:00,2026-10-01T17:02:25.169-03:00,14.61,0,BALANZA_EGRESO|SL_INGRESO,RICARDONE,SI
eea11b14-3bd,eea11b14-3bd,,ABSORBIDO,VJG112,CIRCUITO_LIQUIDO,Circuito líquido,NO_CLASIFICADO,EVIDENCIA_INSUFICIENTE_ABSORBIDO,0,2026-10-01T16:58:46.921-03:00,2026-10-02T00:28:16.535-03:00,449.49,0,PREINGRESO|LIQUIDO|PLAYA|BALANZA_EGRESO|SL_INGRESO|SL_EGRESO,RICARDONE,SI
d17bf283-b67,d17bf283-b67,,ABSORBIDO,IYR725,R7,Ricardone → San Lorenzo,NO_CLASIFICADO,EVIDENCIA_INSUFICIENTE_ABSORBIDO,0,2026-10-01T17:05:25.978-03:00,2026-10-01T17:32:20.725-03:00,26.91,0,SL_INGRESO|SL_BALANZA_INGRESO|SL_VOLCABLE|SL_EGRESO,TERMINAL_EMBARQUE,SI
474a219a-2b9,474a219a-2b9,,ABSORBIDO,BKP136,R7,Ricardone → San Lorenzo,NO_CLASIFICADO,EVIDENCIA_INSUFICIENTE_ABSORBIDO,0,2026-10-01T17:07:59.105-03:00,2026-10-01T17:42:42.894-03:00,34.73,0,SL_INGRESO|SL_BALANZA_INGRESO|SL_VOLCABLE|SL_EGRESO,TERMINAL_EMBARQUE,SI
a257f4b1-593,a257f4b1-593,,ABSORBIDO,OYZ151,R7,Ricardone → San Lorenzo,NO_CLASIFICADO,EVIDENCIA_INSUFICIENTE_ABSORBIDO,0,2026-10-01T17:08:45.190-03:00,2026-10-01T17:56:09.896-03:00,47.41,0,SL_INGRESO|SL_VOLCABLE|SL_EGRESO,TERMINAL_EMBARQUE,SI
a737bab7-3a5,a737bab7-3a5,,ABSORBIDO,LOF032,R7,Ricardone → San Lorenzo,NO_CLASIFICADO,EVIDENCIA_INSUFICIENTE_ABSORBIDO,0,2026-10-01T17:09:19.191-03:00,2026-10-01T18:00:02.469-03:00,50.72,0,SL_INGRESO|SL_BALANZA_INGRESO|SL_VOLCABLE|SL_EGRESO,TERMINAL_EMBARQUE,SI
28bc9efc-4b6,28bc9efc-4b6,,ABSORBIDO,AI494DO,R7,Ricardone → San Lorenzo,NO_CLASIFICADO,EVIDENCIA_INSUFICIENTE_ABSORBIDO,0,2026-10-01T17:09:48.311-03:00,2026-10-01T18:16:59.939-03:00,67.19,0,SL_INGRESO|SL_BALANZA_INGRESO|SL_VOLCABLE|SL_EGRESO,TERMINAL_EMBARQUE,SI
c56686d4-34b,c56686d4-34b,,ABSORBIDO,RLP943,CIRCUITO_LIQUIDO,Circuito líquido,NO_CLASIFICADO,EVIDENCIA_INSUFICIENTE_ABSORBIDO,0,2026-10-01T17:10:34.723-03:00,2026-10-02T00:33:12.134-03:00,442.62,0,PREINGRESO|LIQUIDO|PLAYA|BALANZA_EGRESO|SL_INGRESO|SL_VOLCABLE|SL_EGRESO,RICARDONE,SI
17aec1dd-6db,17aec1dd-6db,,ABSORBIDO,GJU523,R7,Ricardone → San Lorenzo,NO_CLASIFICADO,EVIDENCIA_INSUFICIENTE_ABSORBIDO,0,2026-10-01T17:16:40.497-03:00,2026-10-01T19:57:27.840-03:00,160.79,0,SL_INGRESO|SL_BALANZA_INGRESO|SL_VOLCABLE|SL_EGRESO,TERMINAL_EMBARQUE,SI
8d31dfed-903,8d31dfed-903,,ABSORBIDO,RWD252,R7,Ricardone → San Lorenzo,NO_CLASIFICADO,EVIDENCIA_INSUFICIENTE_ABSORBIDO,0,2026-10-01T17:18:08.823-03:00,2026-10-01T18:37:12.341-03:00,79.06,0,SL_INGRESO|SL_BALANZA_INGRESO|SL_VOLCABLE|SL_EGRESO,TERMINAL_EMBARQUE,SI
ddf6a65c-d04,ddf6a65c-d04,,ABSORBIDO,AA037JX,R7,Ricardone → San Lorenzo,NO_CLASIFICADO,EVIDENCIA_INSUFICIENTE_ABSORBIDO,0,2026-10-01T17:18:51.385-03:00,2026-10-01T18:50:08.852-03:00,91.29,0,SL_INGRESO|SL_BALANZA_INGRESO|SL_VOLCABLE|SL_EGRESO,TERMINAL_EMBARQUE,SI
fe326779-ce6,fe326779-ce6,,ABSORBIDO,EYH843,DESPACHO_SIN_PUNTO_INSTRUMENTADO,Despacho / descarga sin punto instrumentado,NO_CLASIFICADO,EVIDENCIA_INSUFICIENTE_ABSORBIDO,0,2026-10-01T17:22:20.603-03:00,2026-10-02T01:05:34.970-03:00,463.24,0,PREINGRESO|PLAYA|BALANZA_EGRESO|SL_INGRESO|SL_BALANZA_INGRESO|SL_VOLCABLE|SL_EGRESO,RICARDONE,SI
3f65b079-8ef,3f65b079-8ef,,ABSORBIDO,RSF463,R7,Ricardone → San Lorenzo,NO_CLASIFICADO,EVIDENCIA_INSUFICIENTE_ABSORBIDO,0,2026-10-01T17:23:00.279-03:00,2026-10-01T17:30:18.299-03:00,7.3,0,SL_INGRESO|SL_BALANZA_INGRESO,TERMINAL_EMBARQUE,SI
e4cd8008-f42,e4cd8008-f42,,ABSORBIDO,RAW481,CIRCUITO_LIQUIDO,Circuito líquido,NO_CLASIFICADO,EVIDENCIA_INSUFICIENTE_ABSORBIDO,0,2026-10-01T17:33:32.859-03:00,2026-10-02T01:04:31.105-03:00,450.97,0,LIQUIDO|PLAYA|BALANZA_EGRESO|SL_INGRESO|SL_VOLCABLE|SL_EGRESO,RICARDONE,SI
3e59c7a2-536,3e59c7a2-536,,ABSORBIDO,MNB810,SL1,Recepción Carga OSL San Lorenzo,NO_CLASIFICADO,EVIDENCIA_INSUFICIENTE_ABSORBIDO,0,2026-10-01T17:35:40.002-03:00,2026-10-01T22:17:02.597-03:00,281.38,0,SL_INGRESO|SL_CALADA|SL_BALANZA_INGRESO|UNKNOWN|SL_LIQUIDO_CARGA|SL_EGRESO,TERMINAL_EMBARQUE,SI
ac1ec907-e03,ac1ec907-e03,,ABSORBIDO,BHL749,CIRCUITO_LIQUIDO,Circuito líquido,NO_CLASIFICADO,EVIDENCIA_INSUFICIENTE_ABSORBIDO,0,2026-10-01T17:36:24.813-03:00,2026-10-02T00:34:51.853-03:00,418.45,0,PREINGRESO|LIQUIDO|PLAYA|SL_INGRESO|SL_EGRESO,RICARDONE,SI
ac8b6f1c-dc6,ac8b6f1c-dc6,,ABSORBIDO,FDH917,CIRCUITO_LIQUIDO,Circuito líquido,NO_CLASIFICADO,EVIDENCIA_INSUFICIENTE_ABSORBIDO,0,2026-10-01T17:45:40.527-03:00,2026-10-02T01:08:42.205-03:00,443.03,0,PREINGRESO|LIQUIDO|PLAYA|BALANZA_EGRESO|SL_VOLCABLE|SL_EGRESO,RICARDONE,SI
f36b9454-0ec,f36b9454-0ec,,ABSORBIDO,GES056,CIRCUITO_LIQUIDO,Circuito líquido,NO_CLASIFICADO,EVIDENCIA_INSUFICIENTE_ABSORBIDO,0,2026-10-01T17:50:42.544-03:00,2026-10-02T01:38:45.206-03:00,468.04,0,PREINGRESO|LIQUIDO|PLAYA|BALANZA_EGRESO|SL_INGRESO|SL_BALANZA_INGRESO|SL_EGRESO,RICARDONE,SI
4eb78c67-71a,4eb78c67-71a,,ABSORBIDO,MRM512,SL1,Recepción Carga OSL San Lorenzo,NO_CLASIFICADO,EVIDENCIA_INSUFICIENTE_ABSORBIDO,0,2026-10-01T17:55:55.835-03:00,2026-10-01T21:17:43.491-03:00,201.79,0,SL_INGRESO|SL_CALADA|SL_BALANZA_INGRESO|UNKNOWN|SL_LIQUIDO_CARGA|SL_EGRESO,TERMINAL_EMBARQUE,SI
b0a8a050-972,b0a8a050-972,,ABSORBIDO,EBO971,CIRCUITO_LIQUIDO,Circuito líquido,NO_CLASIFICADO,EVIDENCIA_INSUFICIENTE_ABSORBIDO,0,2026-10-01T18:24:14.048-03:00,2026-10-02T01:51:45.998-03:00,447.53,0,PREINGRESO|LIQUIDO|BALANZA_EGRESO|SL_INGRESO|SL_BALANZA_INGRESO|SL_VOLCABLE|SL_EGRESO,RICARDONE,SI
eff3bfba-ac0,eff3bfba-ac0,,ABSORBIDO,BWV144,CIRCUITO_LIQUIDO,Circuito líquido,NO_CLASIFICADO,EVIDENCIA_INSUFICIENTE_ABSORBIDO,0,2026-10-01T18:32:13.117-03:00,2026-10-02T02:01:55.322-03:00,449.7,0,PREINGRESO|LIQUIDO|BALANZA_EGRESO|SL_INGRESO|SL_BALANZA_INGRESO|SL_VOLCABLE|SL_EGRESO,RICARDONE,SI
499550e9-689,499550e9-689,,ABSORBIDO,WGG348,SL1,Recepción Carga OSL San Lorenzo,NO_CLASIFICADO,EVIDENCIA_INSUFICIENTE_ABSORBIDO,0,2026-10-01T18:34:21.169-03:00,2026-10-01T22:36:07.747-03:00,241.78,0,SL_INGRESO|SL_CALADA|SL_CALADA|SL_BALANZA_INGRESO|SL_LIQUIDO_CARGA|SL_EGRESO,TERMINAL_EMBARQUE,SI
c3cf47c9-89f,c3cf47c9-89f,,ABSORBIDO,HNE318,DESPACHO_SIN_PUNTO_INSTRUMENTADO,Despacho / descarga sin punto instrumentado,NO_CLASIFICADO,EVIDENCIA_INSUFICIENTE_ABSORBIDO,0,2026-10-01T18:36:35.691-03:00,2026-10-02T02:19:49.894-03:00,463.24,0,PREINGRESO|BALANZA_EGRESO|SL_VOLCABLE|PREINGRESO,RICARDONE,SI
91cf3ba0-7ee,91cf3ba0-7ee,,ABSORBIDO,RRE349,DESPACHO_SIN_PUNTO_INSTRUMENTADO,Despacho / descarga sin punto instrumentado,NO_CLASIFICADO,EVIDENCIA_INSUFICIENTE_ABSORBIDO,0,2026-10-01T18:41:35.070-03:00,2026-10-02T02:23:36.816-03:00,462.03,0,PREINGRESO|BALANZA_EGRESO|SL_INGRESO|SL_BALANZA_INGRESO|SL_VOLCABLE|SL_EGRESO,RICARDONE,SI
5ac96341-ee2,5ac96341-ee2,,ABSORBIDO,UUL425,DESPACHO_SIN_PUNTO_INSTRUMENTADO,Despacho / descarga sin punto instrumentado,NO_CLASIFICADO,EVIDENCIA_INSUFICIENTE_ABSORBIDO,0,2026-10-01T18:46:05.086-03:00,2026-10-02T03:02:25.027-03:00,496.33,0,PREINGRESO|BALANZA_EGRESO|SL_INGRESO|SL_BALANZA_INGRESO|SL_VOLCABLE|SL_EGRESO,RICARDONE,SI
cc0557cc-8f2,cc0557cc-8f2,,ABSORBIDO,RDL445,DESPACHO_SIN_PUNTO_INSTRUMENTADO,Despacho / descarga sin punto instrumentado,NO_CLASIFICADO,EVIDENCIA_INSUFICIENTE_ABSORBIDO,0,2026-10-01T18:48:12.931-03:00,2026-10-02T02:22:39.153-03:00,454.44,0,PREINGRESO|BALANZA_EGRESO|SL_EGRESO,RICARDONE,SI
342d9799-ba5,342d9799-ba5,,ABSORBIDO,CDF727,SL1,Recepción Carga OSL San Lorenzo,NO_CLASIFICADO,EVIDENCIA_INSUFICIENTE_ABSORBIDO,0,2026-10-01T18:52:31.233-03:00,2026-10-01T23:00:52.260-03:00,248.35,0,SL_INGRESO|SL_CALADA|SL_BALANZA_INGRESO|SL_LIQUIDO_CARGA|SL_EGRESO,TERMINAL_EMBARQUE,SI
8f03c368-c9a,8f03c368-c9a,,ABSORBIDO,CMF111,SL1,Recepción Carga OSL San Lorenzo,NO_CLASIFICADO,EVIDENCIA_INSUFICIENTE_ABSORBIDO,0,2026-10-01T19:31:20.430-03:00,2026-10-01T20:45:02.141-03:00,73.7,0,SL_INGRESO|SL_BALANZA_INGRESO|SL_EGRESO,TERMINAL_EMBARQUE,SI
9c6f8bc9-423,9c6f8bc9-423,,ABSORBIDO,RXV065,CIRCUITO_LIQUIDO,Circuito líquido,NO_CLASIFICADO,EVIDENCIA_INSUFICIENTE_ABSORBIDO,0,2026-10-01T19:47:15.779-03:00,2026-10-02T02:50:09.733-03:00,422.9,0,PREINGRESO|LIQUIDO|PLAYA|BALANZA_EGRESO|SL_INGRESO|SL_BALANZA_INGRESO|SL_EGRESO,RICARDONE,SI
3a7e0b57-2f4,3a7e0b57-2f4,,ABSORBIDO,JVH604,R7,Ricardone → San Lorenzo,NO_CLASIFICADO,EVIDENCIA_INSUFICIENTE_ABSORBIDO,0,2026-10-01T20:09:23.843-03:00,2026-10-01T23:01:35.718-03:00,172.2,0,SL_INGRESO|SL_BALANZA_INGRESO|SL_EGRESO,TERMINAL_EMBARQUE,SI
34a7b793-ad9,34a7b793-ad9,,ABSORBIDO,AH573VD,R7,Ricardone → San Lorenzo,NO_CLASIFICADO,EVIDENCIA_INSUFICIENTE_ABSORBIDO,0,2026-10-01T20:19:16.359-03:00,2026-10-01T23:41:17.722-03:00,202.02,0,SL_INGRESO|SL_BALANZA_INGRESO|SL_BALANZA_SALIDA|SL_EGRESO,TERMINAL_EMBARQUE,SI
5eb451d7-dac,5eb451d7-dac,,ABSORBIDO,UUO981,REGISTRO_INCOMPLETO,Registro incompleto,NO_CLASIFICADO,EVIDENCIA_INSUFICIENTE_ABSORBIDO,0,2026-10-01T20:23:36.522-03:00,2026-10-01T20:59:34.514-03:00,35.97,0,SL_VOLCABLE|PLAYA,RICARDONE,SI
4923423d-28e,4923423d-28e,,ABSORBIDO,BWJ665,R7,Ricardone → San Lorenzo,NO_CLASIFICADO,EVIDENCIA_INSUFICIENTE_ABSORBIDO,0,2026-10-01T20:34:42.013-03:00,2026-10-02T00:32:32.198-03:00,237.84,0,SL_INGRESO|SL_BALANZA_INGRESO|SL_EGRESO,TERMINAL_EMBARQUE,SI
ff0a4237-9e2,ff0a4237-9e2,,ABSORBIDO,DFP716,CIRCUITO_LIQUIDO,Circuito líquido,NO_CLASIFICADO,EVIDENCIA_INSUFICIENTE_ABSORBIDO,0,2026-10-01T20:45:24.221-03:00,2026-10-02T03:11:59.057-03:00,386.58,0,PREINGRESO|LIQUIDO|PLAYA|BALANZA_EGRESO|SL_INGRESO|SL_BALANZA_INGRESO|SL_VOLCABLE|SL_EGRESO,RICARDONE,SI
72c53ee8-733,72c53ee8-733,,ABSORBIDO,UUO981,CIRCUITO_LIQUIDO,Circuito líquido,NO_CLASIFICADO,EVIDENCIA_INSUFICIENTE_ABSORBIDO,0,2026-10-01T20:52:55.327-03:00,2026-10-02T03:15:41.506-03:00,382.77,0,LIQUIDO|BALANZA_EGRESO|SL_INGRESO|SL_BALANZA_INGRESO|SL_VOLCABLE|SL_EGRESO,,SI
b642c74e-8c5,b642c74e-8c5,,ABSORBIDO,WHR567,REGISTRO_INCOMPLETO,Registro incompleto,NO_CLASIFICADO,EVIDENCIA_INSUFICIENTE_ABSORBIDO,0,2026-10-01T21:10:46.524-03:00,2026-10-02T02:40:30.902-03:00,329.74,0,BALANZA_EGRESO|SL_BALANZA_INGRESO|SL_VOLCABLE|SL_EGRESO,RICARDONE,SI
f938ac3f-9fc,f938ac3f-9fc,,ABSORBIDO,SZG666,SL1,Recepción Carga OSL San Lorenzo,NO_CLASIFICADO,EVIDENCIA_INSUFICIENTE_ABSORBIDO,0,2026-10-01T21:11:45.661-03:00,2026-10-01T22:31:56.566-03:00,80.18,0,SL_INGRESO|SL_BALANZA_INGRESO|UNKNOWN|SL_EGRESO,TERMINAL_EMBARQUE,SI
aa3ed0da-41d,aa3ed0da-41d,,ABSORBIDO,AA957UO,CIRCUITO_SAN_LORENZO,Circuito Ricardone → San Lorenzo,NO_CLASIFICADO,EVIDENCIA_INSUFICIENTE_ABSORBIDO,0,2026-10-01T21:43:11.865-03:00,2026-10-01T21:50:42.282-03:00,7.51,0,PREINGRESO|EGRESO,,SI
06802b77-b74,06802b77-b74,,ABSORBIDO,LAU467,REGISTRO_INCOMPLETO,Registro incompleto,NO_CLASIFICADO,EVIDENCIA_INSUFICIENTE_ABSORBIDO,0,2026-10-01T21:48:52.353-03:00,2026-10-02T00:57:15.823-03:00,188.39,0,SL_INGRESO|SL_BALANZA_INGRESO|UNKNOWN|SL_EGRESO,TERMINAL_EMBARQUE,SI
c257cdf2-8f4,c257cdf2-8f4,,ABSORBIDO,FEV676,R7,Ricardone → San Lorenzo,NO_CLASIFICADO,EVIDENCIA_INSUFICIENTE_ABSORBIDO,0,2026-10-01T21:58:05.918-03:00,2026-10-02T01:23:00.308-03:00,204.91,0,PREINGRESO|SL_INGRESO|SL_EGRESO,TERMINAL_EMBARQUE,SI
656d5746-e37,656d5746-e37,,ABSORBIDO,AA957UO,CIRCUITO_SAN_LORENZO,Circuito Ricardone → San Lorenzo,NO_CLASIFICADO,EVIDENCIA_INSUFICIENTE_ABSORBIDO,0,2026-10-01T22:23:36.565-03:00,2026-10-01T23:12:41.129-03:00,49.08,0,PREINGRESO|CALADA|EGRESO,,SI
5267c2bf-0bb,5267c2bf-0bb,,ABSORBIDO,AB608FC,REGISTRO_INCOMPLETO,Registro incompleto,NO_CLASIFICADO,EVIDENCIA_INSUFICIENTE_ABSORBIDO,0,2026-10-01T22:36:55.801-03:00,2026-10-02T01:06:06.063-03:00,149.17,0,SL_INGRESO|SL_BALANZA_INGRESO|UNKNOWN|SL_CALADA|SL_BALANZA_INGRESO|SL_EGRESO,TERMINAL_EMBARQUE,SI
ae3d9ca9-0f4,ae3d9ca9-0f4,,ABSORBIDO,PAR121,SL1,Recepción Carga OSL San Lorenzo,NO_CLASIFICADO,EVIDENCIA_INSUFICIENTE_ABSORBIDO,0,2026-10-01T22:39:35.650-03:00,2026-10-02T00:29:54.054-03:00,110.31,0,SL_INGRESO|SL_BALANZA_INGRESO|SL_EGRESO,TERMINAL_EMBARQUE,SI
756d330d-f72,756d330d-f72,,ABSORBIDO,OKH237,CIRCUITO_SAN_LORENZO,Circuito Ricardone → San Lorenzo,NO_CLASIFICADO,EVIDENCIA_INSUFICIENTE_ABSORBIDO,0,2026-10-01T22:42:44.552-03:00,2026-10-01T23:13:14.732-03:00,30.5,0,PREINGRESO|CALADA|EGRESO,,SI
95d0ab01-cfc,95d0ab01-cfc,,ABSORBIDO,OJD684,R7,Ricardone → San Lorenzo,NO_CLASIFICADO,EVIDENCIA_INSUFICIENTE_ABSORBIDO,0,2026-10-01T23:01:49.268-03:00,2026-10-02T00:56:18.269-03:00,114.48,0,SL_INGRESO|SL_BALANZA_INGRESO|SL_EGRESO,TERMINAL_EMBARQUE,SI
1e10f35e-14f,1e10f35e-14f,,ABSORBIDO,AH056AH,R7,Ricardone → San Lorenzo,NO_CLASIFICADO,EVIDENCIA_INSUFICIENTE_ABSORBIDO,0,2026-10-01T23:03:53.117-03:00,2026-10-02T02:01:19.748-03:00,177.44,0,SL_INGRESO|SL_CALADA|SL_BALANZA_INGRESO|SL_EGRESO,TERMINAL_EMBARQUE,SI
26b15eab-6c9,26b15eab-6c9,,ABSORBIDO,GNI051,R7,Ricardone → San Lorenzo,NO_CLASIFICADO,EVIDENCIA_INSUFICIENTE_ABSORBIDO,0,2026-10-01T23:08:00.089-03:00,2026-10-02T02:29:35.240-03:00,201.59,0,SL_INGRESO|SL_BALANZA_INGRESO|SL_EGRESO,TERMINAL_EMBARQUE,SI
a21beb94-fe8,a21beb94-fe8,,ABSORBIDO,AB393SF,R7,Ricardone → San Lorenzo,NO_CLASIFICADO,EVIDENCIA_INSUFICIENTE_ABSORBIDO,0,2026-10-01T23:09:37.457-03:00,2026-10-02T02:38:42.178-03:00,209.08,0,SL_INGRESO|SL_BALANZA_INGRESO|SL_EGRESO,TERMINAL_EMBARQUE,SI
dac5ba8b-f43,dac5ba8b-f43,,ABSORBIDO,AG053KG,R7,Ricardone → San Lorenzo,NO_CLASIFICADO,EVIDENCIA_INSUFICIENTE_ABSORBIDO,0,2026-10-01T23:10:54.742-03:00,2026-10-02T01:03:33.162-03:00,112.64,0,SL_INGRESO|SL_BALANZA_INGRESO|SL_EGRESO,TERMINAL_EMBARQUE,SI
dae74a19-e09,dae74a19-e09,,ABSORBIDO,PMP414,R7,Ricardone → San Lorenzo,NO_CLASIFICADO,EVIDENCIA_INSUFICIENTE_ABSORBIDO,0,2026-10-01T23:11:40.744-03:00,2026-10-02T01:17:42.941-03:00,126.04,0,SL_INGRESO|SL_BALANZA_INGRESO|SL_EGRESO,TERMINAL_EMBARQUE,SI
cb149340-a3f,cb149340-a3f,,ABSORBIDO,LYC065,R7,Ricardone → San Lorenzo,NO_CLASIFICADO,EVIDENCIA_INSUFICIENTE_ABSORBIDO,0,2026-10-01T23:12:09.546-03:00,2026-10-02T01:18:15.434-03:00,126.1,0,SL_INGRESO|SL_BALANZA_INGRESO|SL_EGRESO,TERMINAL_EMBARQUE,SI
bdd3f23c-3c6,bdd3f23c-3c6,,ABSORBIDO,JDB841,R7,Ricardone → San Lorenzo,NO_CLASIFICADO,EVIDENCIA_INSUFICIENTE_ABSORBIDO,0,2026-10-01T23:17:10.978-03:00,2026-10-02T04:33:37.588-03:00,316.44,0,CALADA|SL_INGRESO|SL_BALANZA_INGRESO|SL_EGRESO,TERMINAL_EMBARQUE,SI
9d655aa9-4c0,9d655aa9-4c0,,ABSORBIDO,AC310RN,R7,Ricardone → San Lorenzo,NO_CLASIFICADO,EVIDENCIA_INSUFICIENTE_ABSORBIDO,0,2026-10-01T23:19:14.451-03:00,2026-10-02T01:35:51.376-03:00,136.62,0,SL_INGRESO|SL_BALANZA_INGRESO|SL_EGRESO,TERMINAL_EMBARQUE,SI
06bcc39a-4ff,06bcc39a-4ff,,ABSORBIDO,AB218RP,R7,Ricardone → San Lorenzo,NO_CLASIFICADO,EVIDENCIA_INSUFICIENTE_ABSORBIDO,0,2026-10-01T23:22:32.473-03:00,2026-10-02T04:24:29.609-03:00,301.95,0,PREINGRESO|SL_EGRESO,TERMINAL_EMBARQUE,SI
7a1a8058-881,7a1a8058-881,,ABSORBIDO,AA957UO,R7,Ricardone → San Lorenzo,NO_CLASIFICADO,EVIDENCIA_INSUFICIENTE_ABSORBIDO,0,2026-10-01T23:23:45.588-03:00,2026-10-02T02:44:01.586-03:00,200.27,0,SL_INGRESO|SL_BALANZA_INGRESO|SL_EGRESO,TERMINAL_EMBARQUE,SI
05898be0-b41,05898be0-b41,,ABSORBIDO,OKH237,R7,Ricardone → San Lorenzo,NO_CLASIFICADO,EVIDENCIA_INSUFICIENTE_ABSORBIDO,0,2026-10-01T23:26:33.354-03:00,2026-10-02T05:16:45.600-03:00,350.2,0,SL_INGRESO|SL_BALANZA_INGRESO|SL_EGRESO,TERMINAL_EMBARQUE,SI
e42bc427-91a,e42bc427-91a,,ABSORBIDO,AI494DP,R7,Ricardone → San Lorenzo,NO_CLASIFICADO,EVIDENCIA_INSUFICIENTE_ABSORBIDO,0,2026-10-01T23:33:49.460-03:00,2026-10-02T04:42:24.319-03:00,308.58,0,SL_INGRESO|SL_BALANZA_INGRESO|SL_EGRESO,TERMINAL_EMBARQUE,SI
1a970900-7d8,1a970900-7d8,,ABSORBIDO,AI229VD,R7,Ricardone → San Lorenzo,NO_CLASIFICADO,EVIDENCIA_INSUFICIENTE_ABSORBIDO,0,2026-10-01T23:51:15.283-03:00,2026-10-02T04:47:33.842-03:00,296.31,0,SL_INGRESO|SL_EGRESO,TERMINAL_EMBARQUE,SI
c5093f98-16c,c5093f98-16c,,ABSORBIDO,FEL118,R7,Ricardone → San Lorenzo,NO_CLASIFICADO,EVIDENCIA_INSUFICIENTE_ABSORBIDO,0,2026-10-01T23:52:42.087-03:00,2026-10-02T05:08:36.004-03:00,315.9,0,SL_INGRESO|SL_BALANZA_INGRESO|SL_EGRESO,TERMINAL_EMBARQUE,SI
afe46498-3df,afe46498-3df,,ABSORBIDO,CQW523,R7,Ricardone → San Lorenzo,NO_CLASIFICADO,EVIDENCIA_INSUFICIENTE_ABSORBIDO,0,2026-10-01T23:56:04.510-03:00,2026-10-02T06:27:16.626-03:00,391.2,0,PREINGRESO|SL_BALANZA_INGRESO|SL_EGRESO,TERMINAL_EMBARQUE,SI
0f852c83-d2a,0f852c83-d2a,,ABSORBIDO,CDF628,R7,Ricardone → San Lorenzo,NO_CLASIFICADO,EVIDENCIA_INSUFICIENTE_ABSORBIDO,0,2026-10-02T00:44:42.360-03:00,2026-10-02T07:20:13.377-03:00,395.52,0,PREINGRESO|SL_INGRESO|SL_VOLCABLE|SL_EGRESO,TERMINAL_EMBARQUE,SI
d38fe039-781,d38fe039-781,,ABSORBIDO,AH249IB,CIRCUITO_SAN_LORENZO,Circuito Ricardone → San Lorenzo,NO_CLASIFICADO,EVIDENCIA_INSUFICIENTE_ABSORBIDO,0,2026-10-02T01:21:19.438-03:00,2026-10-02T07:15:25.825-03:00,354.11,0,INGRESO|PREINGRESO|EGRESO,,SI
4764015a-64e,4764015a-64e,,ABSORBIDO,PAS288,R7,Ricardone → San Lorenzo,NO_CLASIFICADO,EVIDENCIA_INSUFICIENTE_ABSORBIDO,0,2026-10-02T01:26:06.253-03:00,2026-10-02T02:51:22.026-03:00,85.26,0,SL_INGRESO|SL_BALANZA_INGRESO,TERMINAL_EMBARQUE,SI
c1d5c50c-d2c,c1d5c50c-d2c,,ABSORBIDO,CMF111,SL1,Recepción Carga OSL San Lorenzo,NO_CLASIFICADO,EVIDENCIA_INSUFICIENTE_ABSORBIDO,0,2026-10-02T01:42:00.950-03:00,2026-10-02T02:49:42.722-03:00,67.7,0,SL_INGRESO|SL_BALANZA_INGRESO|SL_EGRESO,TERMINAL_EMBARQUE,SI
ea57bafe-bbb,ea57bafe-bbb,,ABSORBIDO,SZG666,SL1,Recepción Carga OSL San Lorenzo,NO_CLASIFICADO,EVIDENCIA_INSUFICIENTE_ABSORBIDO,0,2026-10-02T04:11:18.299-03:00,2026-10-02T05:17:11.611-03:00,65.89,0,SL_INGRESO|SL_BALANZA_INGRESO|UNKNOWN|SL_EGRESO,TERMINAL_EMBARQUE,SI
613dbbc2-b7c,613dbbc2-b7c,,ABSORBIDO,KLM297,R7,Ricardone → San Lorenzo,NO_CLASIFICADO,EVIDENCIA_INSUFICIENTE_ABSORBIDO,0,2026-10-02T05:17:55.710-03:00,2026-10-02T11:14:48.093-03:00,356.87,0,CALADA|SL_BALANZA_INGRESO|SL_VOLCABLE|SL_EGRESO,TERMINAL_EMBARQUE,SI
ca62845c-2a5,ca62845c-2a5,,ABSORBIDO,AH597II,R7,Ricardone → San Lorenzo,NO_CLASIFICADO,EVIDENCIA_INSUFICIENTE_ABSORBIDO,0,2026-10-02T05:23:49.511-03:00,2026-10-02T07:26:57.299-03:00,123.13,0,SL_INGRESO|SL_VOLCABLE|SL_EGRESO,TERMINAL_EMBARQUE,SI
31635fd4-273,31635fd4-273,,ABSORBIDO,AA619ZB,R7,Ricardone → San Lorenzo,NO_CLASIFICADO,EVIDENCIA_INSUFICIENTE_ABSORBIDO,0,2026-10-02T05:28:34.807-03:00,2026-10-02T07:35:41.255-03:00,127.11,0,SL_INGRESO|SL_BALANZA_INGRESO|SL_VOLCABLE|SL_EGRESO,TERMINAL_EMBARQUE,SI
2da4c05b-c6f,2da4c05b-c6f,,ABSORBIDO,JBN715,CIRCUITO_SAN_LORENZO,Circuito Ricardone → San Lorenzo,NO_CLASIFICADO,EVIDENCIA_INSUFICIENTE_ABSORBIDO,0,2026-10-02T05:42:20.465-03:00,2026-10-02T07:03:55.307-03:00,81.58,0,PREINGRESO|EGRESO,,SI
5021f736-3a2,5021f736-3a2,,ABSORBIDO,AI198EW,R7,Ricardone → San Lorenzo,NO_CLASIFICADO,EVIDENCIA_INSUFICIENTE_ABSORBIDO,0,2026-10-02T05:43:14.221-03:00,2026-10-02T09:17:18.737-03:00,214.08,0,SL_INGRESO|SL_BALANZA_INGRESO|SL_VOLCABLE|SL_EGRESO,TERMINAL_EMBARQUE,SI
2b4937bb-719,2b4937bb-719,,ABSORBIDO,MZN471,R7,Ricardone → San Lorenzo,NO_CLASIFICADO,EVIDENCIA_INSUFICIENTE_ABSORBIDO,0,2026-10-02T05:44:59.347-03:00,2026-10-02T09:06:10.710-03:00,201.19,0,SL_INGRESO|SL_BALANZA_INGRESO|SL_VOLCABLE|SL_EGRESO,TERMINAL_EMBARQUE,SI
30e39bd3-88e,30e39bd3-88e,,ABSORBIDO,JLB944,R7,Ricardone → San Lorenzo,NO_CLASIFICADO,EVIDENCIA_INSUFICIENTE_ABSORBIDO,0,2026-10-02T05:46:57.433-03:00,2026-10-02T11:36:40.276-03:00,349.71,0,SL_INGRESO|SL_VOLCABLE|SL_EGRESO,TERMINAL_EMBARQUE,SI
9a06ab8b-57a,9a06ab8b-57a,,ABSORBIDO,JZN133,R7,Ricardone → San Lorenzo,NO_CLASIFICADO,EVIDENCIA_INSUFICIENTE_ABSORBIDO,0,2026-10-02T05:48:41.039-03:00,2026-10-02T11:30:34.290-03:00,341.89,0,SL_INGRESO|SL_BALANZA_INGRESO|SL_VOLCABLE|SL_VOLCABLE|SL_EGRESO,TERMINAL_EMBARQUE,SI
741df27d-6e4,741df27d-6e4,,ABSORBIDO,AB466FD,CIRCUITO_SAN_LORENZO,Circuito Ricardone → San Lorenzo,NO_CLASIFICADO,EVIDENCIA_INSUFICIENTE_ABSORBIDO,0,2026-10-02T06:00:09.967-03:00,2026-10-02T07:11:02.852-03:00,70.88,0,PREINGRESO|EGRESO,,SI
b4d04cb6-03e,b4d04cb6-03e,,ABSORBIDO,SCG152,SL1,Recepción Carga OSL San Lorenzo,NO_CLASIFICADO,EVIDENCIA_INSUFICIENTE_ABSORBIDO,0,2026-10-02T06:11:11.862-03:00,2026-10-02T10:39:48.094-03:00,268.6,0,SL_INGRESO|SL_CALADA|SL_BALANZA_INGRESO|SL_LIQUIDO_CARGA|SL_BALANZA_SALIDA|SL_EGRESO,TERMINAL_EMBARQUE,SI
ba06cf13-0ba__cycle_1,ba06cf13-0ba,,ABSORBIDO,AE899SB,DESPACHO_SIN_PUNTO_INSTRUMENTADO,Despacho / descarga sin punto instrumentado,NO_CLASIFICADO,EVIDENCIA_INSUFICIENTE_ABSORBIDO,0,2026-10-02T06:50:30.224-03:00,2026-10-02T08:14:51.749-03:00,84.36,0,PREINGRESO|CALADA,,SI
7b2fb55f-3ff,7b2fb55f-3ff,,ABSORBIDO,PMK919,CIRCUITO_SAN_LORENZO,Circuito Ricardone → San Lorenzo,NO_CLASIFICADO,EVIDENCIA_INSUFICIENTE_ABSORBIDO,0,2026-10-02T07:04:36.353-03:00,2026-10-02T07:16:30.470-03:00,11.9,0,PREINGRESO|EGRESO,,SI
1260223e-0c1__cycle_5,1260223e-0c1,,ABSORBIDO,VNA879,REGISTRO_INCOMPLETO,Registro incompleto,NO_CLASIFICADO,EVIDENCIA_INSUFICIENTE_ABSORBIDO,0,2026-10-02T07:11:39.914-03:00,2026-10-02T09:37:50.790-03:00,146.18,0,SL_INGRESO|SL_BALANZA_INGRESO|SL_EGRESO,TERMINAL_EMBARQUE,SI
139773b2-36b,139773b2-36b,,ABSORBIDO,KAP262,CIRCUITO_SAN_LORENZO,Circuito Ricardone → San Lorenzo,NO_CLASIFICADO,EVIDENCIA_INSUFICIENTE_ABSORBIDO,0,2026-10-02T07:16:59.597-03:00,2026-10-02T07:23:04.252-03:00,6.08,0,PREINGRESO|EGRESO,,SI
bb941232-25b__cycle_1,bb941232-25b,,ABSORBIDO,JBN715,REGISTRO_INCOMPLETO,Registro incompleto,NO_CLASIFICADO,EVIDENCIA_INSUFICIENTE_ABSORBIDO,0,2026-10-02T07:18:14.816-03:00,2026-10-02T07:23:52.243-03:00,5.62,0,SL_INGRESO|SL_BALANZA_INGRESO|UNKNOWN,TERMINAL_EMBARQUE,SI
4c1a7e81-9c8,4c1a7e81-9c8,,ABSORBIDO,ENW015,CIRCUITO_LIQUIDO,Circuito líquido,NO_CLASIFICADO,EVIDENCIA_INSUFICIENTE_ABSORBIDO,0,2026-10-02T07:19:58.327-03:00,2026-10-02T07:48:25.941-03:00,28.46,0,PREINGRESO|LIQUIDO|EGRESO,,SI
c66f0f1c-182__cycle_1,c66f0f1c-182,,ABSORBIDO,AB466FD,REGISTRO_INCOMPLETO,Registro incompleto,NO_CLASIFICADO,EVIDENCIA_INSUFICIENTE_ABSORBIDO,0,2026-10-02T07:20:37.304-03:00,2026-10-02T07:32:03.110-03:00,11.43,0,SL_INGRESO|SL_BALANZA_INGRESO|UNKNOWN,TERMINAL_EMBARQUE,SI
b3f57183-48c,b3f57183-48c,,ABSORBIDO,KOQ228,SL1,Recepción Carga OSL San Lorenzo,NO_CLASIFICADO,EVIDENCIA_INSUFICIENTE_ABSORBIDO,0,2026-10-02T07:21:31.307-03:00,2026-10-02T11:05:25.628-03:00,223.91,0,SL_INGRESO|SL_CALADA|SL_BALANZA_INGRESO|UNKNOWN|SL_LIQUIDO_CARGA|SL_EGRESO,TERMINAL_EMBARQUE,SI
2cb2f628-26a__cycle_1,2cb2f628-26a,,ABSORBIDO,AH249IB,REGISTRO_INCOMPLETO,Registro incompleto,NO_CLASIFICADO,EVIDENCIA_INSUFICIENTE_ABSORBIDO,0,2026-10-02T07:23:24.996-03:00,2026-10-02T08:10:39.088-03:00,47.23,0,SL_INGRESO|SL_BALANZA_INGRESO|UNKNOWN,TERMINAL_EMBARQUE,SI
3d22ce63-7d0__cycle_1,3d22ce63-7d0,,ABSORBIDO,PMK919,REGISTRO_INCOMPLETO,Registro incompleto,NO_CLASIFICADO,EVIDENCIA_INSUFICIENTE_ABSORBIDO,0,2026-10-02T07:24:24.437-03:00,2026-10-02T07:27:47.131-03:00,3.38,0,SL_INGRESO|SL_BALANZA_INGRESO,TERMINAL_EMBARQUE,SI
89f230db-f52__cycle_2,89f230db-f52,,ABSORBIDO,EPH797,REGISTRO_INCOMPLETO,Registro incompleto,NO_CLASIFICADO,EVIDENCIA_INSUFICIENTE_ABSORBIDO,0,2026-10-02T07:25:34.763-03:00,2026-10-02T08:18:47.515-03:00,53.21,0,SL_INGRESO|SL_BALANZA_INGRESO|UNKNOWN|SL_EGRESO,TERMINAL_EMBARQUE,SI
cd8d843f-3e8__cycle_1,cd8d843f-3e8,,ABSORBIDO,HSE588,REGISTRO_INCOMPLETO,Registro incompleto,NO_CLASIFICADO,EVIDENCIA_INSUFICIENTE_ABSORBIDO,0,2026-10-02T07:27:21.169-03:00,2026-10-02T08:59:46.465-03:00,92.42,0,SL_INGRESO|SL_BALANZA_INGRESO|UNKNOWN,TERMINAL_EMBARQUE,SI
87281ac0-862,87281ac0-862,,ABSORBIDO,FFU874,SL1,Recepción Carga OSL San Lorenzo,NO_CLASIFICADO,EVIDENCIA_INSUFICIENTE_ABSORBIDO,0,2026-10-02T07:28:25.419-03:00,2026-10-02T08:47:54.533-03:00,79.49,0,SL_CALADA|SL_BALANZA_INGRESO|SL_LIQUIDO_CARGA|SL_EGRESO,TERMINAL_EMBARQUE,SI
7addfd02-ba1__cycle_2,7addfd02-ba1,,ABSORBIDO,EGV380,SL1,Recepción Carga OSL San Lorenzo,NO_CLASIFICADO,EVIDENCIA_INSUFICIENTE_ABSORBIDO,0,2026-10-02T07:32:16.351-03:00,2026-10-02T09:15:28.173-03:00,103.2,0,SL_CALADA|SL_CALADA|SL_BALANZA_INGRESO|SL_LIQUIDO_CARGA|SL_EGRESO,TERMINAL_EMBARQUE,SI
484bf6a3-53f__cycle_2,484bf6a3-53f,,ABSORBIDO,FEA810,DESPACHO_SIN_PUNTO_INSTRUMENTADO,Despacho / descarga sin punto instrumentado,NO_CLASIFICADO,EVIDENCIA_INSUFICIENTE_ABSORBIDO,0,2026-10-02T07:32:18.770-03:00,2026-10-02T09:37:32.347-03:00,125.23,0,PREINGRESO|BALANZA_EGRESO|EGRESO,,SI
12593f18-28b,12593f18-28b,,ABSORBIDO,KAP262,CIRCUITO_LIQUIDO,Circuito líquido,NO_CLASIFICADO,EVIDENCIA_INSUFICIENTE_ABSORBIDO,0,2026-10-02T07:55:38.115-03:00,2026-10-02T08:19:58.213-03:00,24.33,0,BALANZA_EGRESO|PREINGRESO|LIQUIDO|EGRESO,,SI
62ea79f9-12c,62ea79f9-12c,,ABSORBIDO,CLO836,R7,Ricardone → San Lorenzo,NO_CLASIFICADO,EVIDENCIA_INSUFICIENTE_ABSORBIDO,0,2026-10-02T08:00:09.182-03:00,2026-10-02T08:22:34.445-03:00,22.42,0,SL_VOLCABLE|SL_EGRESO,TERMINAL_EMBARQUE,SI
419be626-cdc,419be626-cdc,,ABSORBIDO,ENW015,CIRCUITO_LIQUIDO,Circuito líquido,NO_CLASIFICADO,EVIDENCIA_INSUFICIENTE_ABSORBIDO,0,2026-10-02T08:03:21.749-03:00,2026-10-02T10:00:46.506-03:00,117.41,0,PLAYA|PLAYA|BALANZA_EGRESO|LIQUIDO|EGRESO,RICARDONE,SI
1949a149-d4d,1949a149-d4d,,ABSORBIDO,LAU467,REGISTRO_INCOMPLETO,Registro incompleto,NO_CLASIFICADO,EVIDENCIA_INSUFICIENTE_ABSORBIDO,0,2026-10-02T08:13:24.532-03:00,2026-10-02T09:33:16.880-03:00,79.87,0,SL_INGRESO|SL_BALANZA_INGRESO|UNKNOWN|SL_EGRESO,TERMINAL_EMBARQUE,SI
05ef7a2c-a4b__cycle_2,05ef7a2c-a4b,,ABSORBIDO,GTZ627,SL1,Recepción Carga OSL San Lorenzo,NO_CLASIFICADO,EVIDENCIA_INSUFICIENTE_ABSORBIDO,0,2026-10-02T08:16:57.503-03:00,2026-10-02T09:34:46.476-03:00,77.82,0,SL_CALADA|SL_BALANZA_INGRESO|SL_LIQUIDO_CARGA|SL_EGRESO,TERMINAL_EMBARQUE,SI
597db1b8-ee7,597db1b8-ee7,,ABSORBIDO,AD887XZ,SL1,Recepción Carga OSL San Lorenzo,NO_CLASIFICADO,EVIDENCIA_INSUFICIENTE_ABSORBIDO,0,2026-10-02T08:25:29.531-03:00,2026-10-02T11:28:54.850-03:00,183.42,0,SL_INGRESO|SL_CALADA|SL_BALANZA_INGRESO|UNKNOWN|SL_LIQUIDO_CARGA|SL_EGRESO,TERMINAL_EMBARQUE,SI
4d47ab15-1b1,4d47ab15-1b1,,ABSORBIDO,JYH013,R7,Ricardone → San Lorenzo,NO_CLASIFICADO,EVIDENCIA_INSUFICIENTE_ABSORBIDO,0,2026-10-02T08:27:56.340-03:00,2026-10-02T11:41:18.907-03:00,193.38,0,SL_INGRESO|SL_BALANZA_INGRESO|SL_VOLCABLE|SL_EGRESO,TERMINAL_EMBARQUE,SI
310f6675-c6e,310f6675-c6e,,ABSORBIDO,GXC889,R7,Ricardone → San Lorenzo,NO_CLASIFICADO,EVIDENCIA_INSUFICIENTE_ABSORBIDO,0,2026-10-02T08:27:58.037-03:00,2026-10-02T08:46:44.666-03:00,18.78,0,SL_VOLCABLE|SL_EGRESO,TERMINAL_EMBARQUE,SI
66e22269-e0e,66e22269-e0e,,ABSORBIDO,AA703FC,REGISTRO_INCOMPLETO,Registro incompleto,NO_CLASIFICADO,EVIDENCIA_INSUFICIENTE_ABSORBIDO,0,2026-10-02T08:28:42.904-03:00,2026-10-02T09:19:24.548-03:00,50.69,0,SL_INGRESO|SL_BALANZA_INGRESO|UNKNOWN|SL_EGRESO,TERMINAL_EMBARQUE,SI
63a7858e-6c2,63a7858e-6c2,,ABSORBIDO,AGR963,SL1,Recepción Carga OSL San Lorenzo,NO_CLASIFICADO,EVIDENCIA_INSUFICIENTE_ABSORBIDO,0,2026-10-02T08:30:13.202-03:00,2026-10-02T10:17:34.481-03:00,107.35,0,SL_BALANZA_INGRESO|SL_EGRESO,TERMINAL_EMBARQUE,SI
b64fcc3e-63b,b64fcc3e-63b,,ABSORBIDO,SPD790,R7,Ricardone → San Lorenzo,NO_CLASIFICADO,EVIDENCIA_INSUFICIENTE_ABSORBIDO,0,2026-10-02T08:36:19.169-03:00,2026-10-02T11:54:32.224-03:00,198.22,0,SL_INGRESO|SL_BALANZA_INGRESO|SL_VOLCABLE|SL_EGRESO,TERMINAL_EMBARQUE,SI
aefb7933-b57,aefb7933-b57,,ABSORBIDO,HBS709,R7,Ricardone → San Lorenzo,NO_CLASIFICADO,EVIDENCIA_INSUFICIENTE_ABSORBIDO,0,2026-10-02T08:38:11.576-03:00,2026-10-02T12:01:44.274-03:00,203.54,0,SL_INGRESO|SL_BALANZA_INGRESO|SL_VOLCABLE,TERMINAL_EMBARQUE,SI
04be7a39-1b1,04be7a39-1b1,,ABSORBIDO,AE821PH,R7,Ricardone → San Lorenzo,NO_CLASIFICADO,EVIDENCIA_INSUFICIENTE_ABSORBIDO,0,2026-10-02T08:39:25.662-03:00,2026-10-02T12:00:02.676-03:00,200.62,0,SL_INGRESO|SL_BALANZA_INGRESO|SL_VOLCABLE|SL_EGRESO,TERMINAL_EMBARQUE,SI
3896956f-953,3896956f-953,,ABSORBIDO,AI182JP,R7,Ricardone → San Lorenzo,NO_CLASIFICADO,EVIDENCIA_INSUFICIENTE_ABSORBIDO,0,2026-10-02T08:41:00.385-03:00,2026-10-02T12:08:22.396-03:00,207.37,0,SL_INGRESO|SL_BALANZA_INGRESO|SL_VOLCABLE|SL_EGRESO,TERMINAL_EMBARQUE,SI
ce4dd214-7f2,ce4dd214-7f2,,ABSORBIDO,LZP122,SL1,Recepción Carga OSL San Lorenzo,NO_CLASIFICADO,EVIDENCIA_INSUFICIENTE_ABSORBIDO,0,2026-10-02T08:41:43.830-03:00,2026-10-02T13:27:43.351-03:00,285.99,0,SL_INGRESO|SL_CALADA|SL_BALANZA_INGRESO|SL_BALANZA_SALIDA|UNKNOWN|SL_CALADA|SL_BALANZA_INGRESO|SL_EGRESO,TERMINAL_EMBARQUE,SI
bedb5bdd-558,bedb5bdd-558,,ABSORBIDO,KTH930,REGISTRO_INCOMPLETO,Registro incompleto,NO_CLASIFICADO,EVIDENCIA_INSUFICIENTE_ABSORBIDO,0,2026-10-02T08:55:04.116-03:00,2026-10-02T09:19:41.714-03:00,24.63,0,SL_INGRESO|SL_BALANZA_INGRESO|UNKNOWN|SL_EGRESO,TERMINAL_EMBARQUE,SI
a64e6070-a1f,a64e6070-a1f,,ABSORBIDO,AB608FB,REGISTRO_INCOMPLETO,Registro incompleto,NO_CLASIFICADO,EVIDENCIA_INSUFICIENTE_ABSORBIDO,0,2026-10-02T09:04:06.307-03:00,2026-10-02T11:46:13.185-03:00,162.11,0,SL_INGRESO|SL_BALANZA_INGRESO|UNKNOWN|SL_CALADA|SL_BALANZA_INGRESO|SL_EGRESO,TERMINAL_EMBARQUE,SI
893f2574-ba2,893f2574-ba2,,ABSORBIDO,VCK738,REGISTRO_INCOMPLETO,Registro incompleto,NO_CLASIFICADO,EVIDENCIA_INSUFICIENTE_ABSORBIDO,0,2026-10-02T09:13:57.301-03:00,2026-10-02T11:15:57.801-03:00,122.01,0,SL_INGRESO|SL_BALANZA_INGRESO|UNKNOWN|SL_EGRESO,TERMINAL_EMBARQUE,SI
8ea918aa-f37,8ea918aa-f37,,ABSORBIDO,PAR121,SL1,Recepción Carga OSL San Lorenzo,NO_CLASIFICADO,EVIDENCIA_INSUFICIENTE_ABSORBIDO,0,2026-10-02T09:43:12.495-03:00,2026-10-02T11:05:50.158-03:00,82.63,0,SL_INGRESO|SL_BALANZA_INGRESO|UNKNOWN|SL_EGRESO,TERMINAL_EMBARQUE,SI
6042ac5b-e79,6042ac5b-e79,,ABSORBIDO,CMF111,SL1,Recepción Carga OSL San Lorenzo,NO_CLASIFICADO,EVIDENCIA_INSUFICIENTE_ABSORBIDO,0,2026-10-02T09:44:18.053-03:00,2026-10-02T11:12:44.884-03:00,88.45,0,SL_INGRESO|SL_BALANZA_INGRESO|UNKNOWN|SL_BALANZA_SALIDA|SL_EGRESO,TERMINAL_EMBARQUE,SI
dabc365b-782,dabc365b-782,,ABSORBIDO,RUK692,REGISTRO_INCOMPLETO,Registro incompleto,NO_CLASIFICADO,EVIDENCIA_INSUFICIENTE_ABSORBIDO,0,2026-10-02T09:46:58.960-03:00,2026-10-02T13:02:33.748-03:00,195.58,0,SL_INGRESO|SL_BALANZA_INGRESO|UNKNOWN|UNKNOWN|SL_EGRESO,TERMINAL_EMBARQUE,SI
8e05905c-ca3,8e05905c-ca3,,ABSORBIDO,KWN857,REGISTRO_INCOMPLETO,Registro incompleto,NO_CLASIFICADO,EVIDENCIA_INSUFICIENTE_ABSORBIDO,0,2026-10-02T10:05:36.703-03:00,2026-10-02T17:00:00.974-03:00,414.4,0,SL_INGRESO|SL_BALANZA_INGRESO|UNKNOWN|UNKNOWN|SL_CALADA|SL_BALANZA_INGRESO|SL_EGRESO,TERMINAL_EMBARQUE,SI
822b72b9-ef2,822b72b9-ef2,,ABSORBIDO,AA703FC,REGISTRO_INCOMPLETO,Registro incompleto,NO_CLASIFICADO,EVIDENCIA_INSUFICIENTE_ABSORBIDO,0,2026-10-02T10:23:04.686-03:00,2026-10-02T11:06:18.650-03:00,43.23,0,SL_INGRESO|SL_BALANZA_INGRESO|UNKNOWN|SL_EGRESO,TERMINAL_EMBARQUE,SI
91c52a4c-c5c,91c52a4c-c5c,,ABSORBIDO,HWU967,REGISTRO_INCOMPLETO,Registro incompleto,NO_CLASIFICADO,EVIDENCIA_INSUFICIENTE_ABSORBIDO,0,2026-10-02T10:23:49.751-03:00,2026-10-02T12:20:00.396-03:00,116.18,0,BALANZA_EGRESO|SL_INGRESO|SL_BALANZA_INGRESO|UNKNOWN|SL_EGRESO,RICARDONE,SI
0693454f-142,0693454f-142,,ABSORBIDO,KWO040,SL1,Recepción Carga OSL San Lorenzo,NO_CLASIFICADO,EVIDENCIA_INSUFICIENTE_ABSORBIDO,0,2026-10-02T10:24:52.133-03:00,2026-10-02T12:19:07.814-03:00,114.26,0,SL_INGRESO|SL_CALADA|SL_BALANZA_INGRESO|SL_LIQUIDO_CARGA|SL_EGRESO,TERMINAL_EMBARQUE,SI
d3f4143c-695,d3f4143c-695,,ABSORBIDO,UAJ766,REGISTRO_INCOMPLETO,Registro incompleto,NO_CLASIFICADO,EVIDENCIA_INSUFICIENTE_ABSORBIDO,0,2026-10-02T10:29:16.627-03:00,2026-10-02T11:12:23.035-03:00,43.11,0,SL_BALANZA_INGRESO|UNKNOWN|SL_EGRESO,RICARDONE,SI
14834f5d-485__cycle_1,14834f5d-485,,ABSORBIDO,AE880CH,REGISTRO_INCOMPLETO,Registro incompleto,NO_CLASIFICADO,EVIDENCIA_INSUFICIENTE_ABSORBIDO,0,2026-10-02T10:35:43.329-03:00,2026-10-02T16:58:55.974-03:00,383.21,0,SL_INGRESO|SL_BALANZA_INGRESO|UNKNOWN|SL_CALADA|SL_BALANZA_INGRESO|SL_BALANZA_SALIDA,TERMINAL_EMBARQUE,SI
f622d0fe-70e,f622d0fe-70e,,ABSORBIDO,EAW743,R6,Recepción Volcable 2,NO_CLASIFICADO,EVIDENCIA_INSUFICIENTE_ABSORBIDO,0,2026-10-02T10:55:27.712-03:00,2026-10-02T11:15:23.452-03:00,19.93,0,PLAYA|BALANZA_EGRESO,RICARDONE,SI
8080361f-d1f,8080361f-d1f,,ABSORBIDO,FEA810,CIRCUITO_LIQUIDO,Circuito líquido,NO_CLASIFICADO,EVIDENCIA_INSUFICIENTE_ABSORBIDO,0,2026-10-02T10:58:18.272-03:00,2026-10-02T11:16:06.692-03:00,17.81,0,BALANZA_EGRESO|LIQUIDO|EGRESO,RICARDONE,SI
f6c4141d-3ae,f6c4141d-3ae,,ABSORBIDO,RNZ709,R6,Recepción Volcable 2,NO_CLASIFICADO,EVIDENCIA_INSUFICIENTE_ABSORBIDO,0,2026-10-02T10:59:19.920-03:00,2026-10-02T12:59:19.496-03:00,119.99,0,PLAYA|BALANZA_EGRESO,RICARDONE,SI
5ab31bf8-e96,5ab31bf8-e96,,ABSORBIDO,AI451SC,R7,Ricardone → San Lorenzo,NO_CLASIFICADO,EVIDENCIA_INSUFICIENTE_ABSORBIDO,0,2026-10-02T11:00:53.178-03:00,2026-10-02T12:58:30.130-03:00,117.62,0,SL_INGRESO|SL_BALANZA_INGRESO|SL_VOLCABLE|SL_EGRESO,TERMINAL_EMBARQUE,SI
4e399c18-452,4e399c18-452,,ABSORBIDO,AD086JX,R7,Ricardone → San Lorenzo,NO_CLASIFICADO,EVIDENCIA_INSUFICIENTE_ABSORBIDO,0,2026-10-02T11:05:50.876-03:00,2026-10-02T13:15:16.773-03:00,129.43,0,SL_INGRESO|SL_BALANZA_INGRESO|SL_VOLCABLE|SL_EGRESO,TERMINAL_EMBARQUE,SI
85be9cc6-1b2,85be9cc6-1b2,,ABSORBIDO,EMU873,SL1,Recepción Carga OSL San Lorenzo,NO_CLASIFICADO,EVIDENCIA_INSUFICIENTE_ABSORBIDO,0,2026-10-02T11:08:40.405-03:00,2026-10-02T12:46:37.525-03:00,97.95,0,SL_INGRESO|SL_CALADA|SL_BALANZA_INGRESO|SL_LIQUIDO_CARGA|SL_EGRESO,TERMINAL_EMBARQUE,SI
902d14e5-a69,902d14e5-a69,,ABSORBIDO,AE052QO,REGISTRO_INCOMPLETO,Registro incompleto,NO_CLASIFICADO,EVIDENCIA_INSUFICIENTE_ABSORBIDO,0,2026-10-02T11:11:23.773-03:00,2026-10-02T14:19:41.213-03:00,188.29,0,SL_INGRESO|SL_BALANZA_INGRESO|SL_EGRESO,TERMINAL_EMBARQUE,SI
82226395-273,82226395-273,,ABSORBIDO,JEM906,R7,Ricardone → San Lorenzo,NO_CLASIFICADO,EVIDENCIA_INSUFICIENTE_ABSORBIDO,0,2026-10-02T11:13:38.023-03:00,2026-10-02T15:16:46.601-03:00,243.14,0,SL_INGRESO|SL_BALANZA_INGRESO|SL_VOLCABLE|SL_EGRESO,TERMINAL_EMBARQUE,SI
ef1fc62d-525,ef1fc62d-525,,ABSORBIDO,EFA323,REGISTRO_INCOMPLETO,Registro incompleto,NO_CLASIFICADO,EVIDENCIA_INSUFICIENTE_ABSORBIDO,0,2026-10-02T11:17:25.948-03:00,2026-10-02T16:07:35.820-03:00,290.16,0,SL_BALANZA_INGRESO|UNKNOWN|SL_EGRESO,TERMINAL_EMBARQUE,SI
043c20b2-8d6,043c20b2-8d6,,ABSORBIDO,LXG917,R7,Ricardone → San Lorenzo,NO_CLASIFICADO,EVIDENCIA_INSUFICIENTE_ABSORBIDO,0,2026-10-02T11:25:36.785-03:00,2026-10-02T14:41:56.587-03:00,196.33,0,SL_INGRESO|SL_BALANZA_INGRESO|SL_VOLCABLE|SL_EGRESO,TERMINAL_EMBARQUE,SI
86aa1b86-8a2,86aa1b86-8a2,,ABSORBIDO,BLT769,R7,Ricardone → San Lorenzo,NO_CLASIFICADO,EVIDENCIA_INSUFICIENTE_ABSORBIDO,0,2026-10-02T11:26:32.068-03:00,2026-10-02T15:09:58.537-03:00,223.44,0,SL_INGRESO|SL_BALANZA_INGRESO|SL_VOLCABLE|SL_EGRESO,TERMINAL_EMBARQUE,SI
692fb58c-0f5,692fb58c-0f5,,ABSORBIDO,DAO236,R7,Ricardone → San Lorenzo,NO_CLASIFICADO,EVIDENCIA_INSUFICIENTE_ABSORBIDO,0,2026-10-02T11:27:13.029-03:00,2026-10-02T15:37:20.094-03:00,250.12,0,SL_INGRESO|SL_BALANZA_INGRESO|SL_BALANZA_INGRESO|SL_VOLCABLE|SL_VOLCABLE|SL_EGRESO,TERMINAL_EMBARQUE,SI
a06da898-e7e,a06da898-e7e,,ABSORBIDO,UUA161,R7,Ricardone → San Lorenzo,NO_CLASIFICADO,EVIDENCIA_INSUFICIENTE_ABSORBIDO,0,2026-10-02T11:28:02.473-03:00,2026-10-02T15:18:58.894-03:00,230.94,0,SL_INGRESO|SL_BALANZA_INGRESO|SL_VOLCABLE|SL_EGRESO,TERMINAL_EMBARQUE,SI
8edf1975-57d,8edf1975-57d,,ABSORBIDO,FEA810,CIRCUITO_LIQUIDO,Circuito líquido,NO_CLASIFICADO,EVIDENCIA_INSUFICIENTE_ABSORBIDO,0,2026-10-02T11:29:17.139-03:00,2026-10-02T14:23:27.208-03:00,174.17,0,PREINGRESO|LIQUIDO|PREINGRESO|EGRESO,,SI
f3227257-912,f3227257-912,,ABSORBIDO,BTY903,R7,Ricardone → San Lorenzo,NO_CLASIFICADO,EVIDENCIA_INSUFICIENTE_ABSORBIDO,0,2026-10-02T11:29:17.198-03:00,2026-10-02T15:53:53.812-03:00,264.61,0,SL_INGRESO|SL_BALANZA_INGRESO|SL_BALANZA_INGRESO|SL_EGRESO,TERMINAL_EMBARQUE,SI
844508e5-e7e__cycle_1,844508e5-e7e,,ABSORBIDO,AH260UA,REGISTRO_INCOMPLETO,Registro incompleto,NO_CLASIFICADO,EVIDENCIA_INSUFICIENTE_ABSORBIDO,0,2026-10-02T11:30:27.520-03:00,2026-10-02T13:16:46.462-03:00,106.32,0,SL_INGRESO|SL_BALANZA_INGRESO,,SI
6827d030-58c,6827d030-58c,,ABSORBIDO,AE034PS,REGISTRO_INCOMPLETO,Registro incompleto,NO_CLASIFICADO,EVIDENCIA_INSUFICIENTE_ABSORBIDO,0,2026-10-02T11:53:24.001-03:00,2026-10-02T13:38:21.086-03:00,104.95,0,SL_INGRESO|SL_BALANZA_INGRESO|UNKNOWN|SL_EGRESO,TERMINAL_EMBARQUE,SI
6b6488ff-a27,6b6488ff-a27,,ABSORBIDO,ENW015,CIRCUITO_LIQUIDO,Circuito líquido,NO_CLASIFICADO,EVIDENCIA_INSUFICIENTE_ABSORBIDO,0,2026-10-02T11:57:00.437-03:00,2026-10-02T13:01:50.682-03:00,64.84,0,PREINGRESO|LIQUIDO|EGRESO,,SI
d73625b6-803,d73625b6-803,,ABSORBIDO,AA703FC,REGISTRO_INCOMPLETO,Registro incompleto,NO_CLASIFICADO,EVIDENCIA_INSUFICIENTE_ABSORBIDO,0,2026-10-02T12:15:05.596-03:00,2026-10-02T14:34:52.697-03:00,139.79,0,SL_INGRESO|SL_BALANZA_INGRESO|UNKNOWN|SL_EGRESO,TERMINAL_EMBARQUE,SI
c84910ed-3ee,c84910ed-3ee,,ABSORBIDO,HWU967,REGISTRO_INCOMPLETO,Registro incompleto,NO_CLASIFICADO,EVIDENCIA_INSUFICIENTE_ABSORBIDO,0,2026-10-02T12:22:45.385-03:00,2026-10-02T12:54:29.554-03:00,31.74,0,SL_INGRESO|SL_BALANZA_INGRESO|UNKNOWN|SL_BALANZA_SALIDA|SL_EGRESO,TERMINAL_EMBARQUE,SI
4d4a9271-1cf,4d4a9271-1cf,,ABSORBIDO,BDT263,REGISTRO_INCOMPLETO,Registro incompleto,NO_CLASIFICADO,EVIDENCIA_INSUFICIENTE_ABSORBIDO,0,2026-10-02T12:31:29.816-03:00,2026-10-02T17:20:48.112-03:00,289.3,0,SL_INGRESO|UNKNOWN|SL_EGRESO,TERMINAL_EMBARQUE,SI
d84faa1e-602,d84faa1e-602,,ABSORBIDO,CDF727,SL1,Recepción Carga OSL San Lorenzo,NO_CLASIFICADO,EVIDENCIA_INSUFICIENTE_ABSORBIDO,0,2026-10-02T12:39:09.843-03:00,2026-10-02T16:08:51.851-03:00,209.7,0,SL_INGRESO|SL_CALADA|SL_BALANZA_INGRESO|SL_LIQUIDO_CARGA|SL_EGRESO,TERMINAL_EMBARQUE,SI
7fdb99ff-f82,7fdb99ff-f82,,ABSORBIDO,RVG299,REGISTRO_INCOMPLETO,Registro incompleto,NO_CLASIFICADO,EVIDENCIA_INSUFICIENTE_ABSORBIDO,0,2026-10-02T12:46:12.928-03:00,2026-10-02T16:19:40.350-03:00,213.46,0,SL_INGRESO|SL_BALANZA_INGRESO|UNKNOWN|UNKNOWN|UNKNOWN|SL_EGRESO,TERMINAL_EMBARQUE,SI
ee2a00e5-49c,ee2a00e5-49c,,ABSORBIDO,UAJ766,REGISTRO_INCOMPLETO,Registro incompleto,NO_CLASIFICADO,EVIDENCIA_INSUFICIENTE_ABSORBIDO,0,2026-10-02T12:55:57.804-03:00,2026-10-02T14:29:25.727-03:00,93.47,0,BALANZA_EGRESO|SL_INGRESO|SL_BALANZA_INGRESO|UNKNOWN|SL_EGRESO,TERMINAL_EMBARQUE,SI
f956ad89-e9b__cycle_2,f956ad89-e9b,,ABSORBIDO,GVJ645,R8,Recepción Mercadería Líquida,NO_CLASIFICADO,EVIDENCIA_INSUFICIENTE_ABSORBIDO,0,2026-10-02T13:03:40.431-03:00,2026-10-02T13:48:39.246-03:00,44.98,0,PREINGRESO|LIQUIDO|EGRESO,RICARDONE,SI
bbf91c59-4b5__cycle_1,bbf91c59-4b5,,ABSORBIDO,AH942OE,REGISTRO_INCOMPLETO,Registro incompleto,NO_CLASIFICADO,EVIDENCIA_INSUFICIENTE_ABSORBIDO,0,2026-10-02T13:11:44.858-03:00,2026-10-02T16:42:30.679-03:00,210.76,0,SL_INGRESO|SL_BALANZA_INGRESO,,SI
d7a2781d-f27,d7a2781d-f27,,ABSORBIDO,WYJ554,R7,Ricardone → San Lorenzo,NO_CLASIFICADO,EVIDENCIA_INSUFICIENTE_ABSORBIDO,0,2026-10-02T13:14:34.780-03:00,2026-10-02T16:13:56.293-03:00,179.36,0,CALADA|SL_EGRESO,TERMINAL_EMBARQUE,SI
fbb81e83-01f,fbb81e83-01f,,ABSORBIDO,ENW015,CIRCUITO_LIQUIDO,Circuito líquido,NO_CLASIFICADO,EVIDENCIA_INSUFICIENTE_ABSORBIDO,0,2026-10-02T13:15:19.886-03:00,2026-10-02T14:46:31.688-03:00,91.2,0,PLAYA|BALANZA_EGRESO|LIQUIDO|EGRESO,RICARDONE,SI
5d9ff406-4ed,5d9ff406-4ed,,ABSORBIDO,GXT382,REGISTRO_INCOMPLETO,Registro incompleto,NO_CLASIFICADO,EVIDENCIA_INSUFICIENTE_ABSORBIDO,0,2026-10-02T13:16:09.510-03:00,2026-10-02T17:30:18.180-03:00,254.14,0,SL_INGRESO|UNKNOWN|SL_EGRESO,TERMINAL_EMBARQUE,SI
3e584da4-0d9,3e584da4-0d9,,ABSORBIDO,FYS632,R7,Ricardone → San Lorenzo,NO_CLASIFICADO,EVIDENCIA_INSUFICIENTE_ABSORBIDO,0,2026-10-02T13:35:59.502-03:00,2026-10-02T17:07:34.475-03:00,211.58,0,SL_INGRESO|SL_BALANZA_INGRESO|SL_VOLCABLE|SL_EGRESO,TERMINAL_EMBARQUE,SI
ba4d119f-3b2,ba4d119f-3b2,,ABSORBIDO,IQR538,R7,Ricardone → San Lorenzo,NO_CLASIFICADO,EVIDENCIA_INSUFICIENTE_ABSORBIDO,0,2026-10-02T13:39:13.033-03:00,2026-10-02T16:05:28.649-03:00,146.26,0,SL_INGRESO|SL_BALANZA_INGRESO|SL_VOLCABLE|SL_EGRESO,TERMINAL_EMBARQUE,SI
dc739a45-e1c,dc739a45-e1c,,ABSORBIDO,IAB283,R7,Ricardone → San Lorenzo,NO_CLASIFICADO,EVIDENCIA_INSUFICIENTE_ABSORBIDO,0,2026-10-02T13:39:43.835-03:00,2026-10-02T16:09:51.515-03:00,150.13,0,SL_INGRESO|SL_BALANZA_INGRESO|SL_VOLCABLE|SL_EGRESO,TERMINAL_EMBARQUE,SI
59f1f37f-349,59f1f37f-349,,ABSORBIDO,AYJ768,R7,Ricardone → San Lorenzo,NO_CLASIFICADO,EVIDENCIA_INSUFICIENTE_ABSORBIDO,0,2026-10-02T13:42:06.244-03:00,2026-10-02T16:24:43.287-03:00,162.62,0,SL_INGRESO|SL_BALANZA_INGRESO|SL_EGRESO,TERMINAL_EMBARQUE,SI
f004aac1-185,f004aac1-185,,ABSORBIDO,AI315EU,R7,Ricardone → San Lorenzo,NO_CLASIFICADO,EVIDENCIA_INSUFICIENTE_ABSORBIDO,0,2026-10-02T13:43:39.129-03:00,2026-10-02T16:37:30.234-03:00,173.85,0,SL_INGRESO|SL_BALANZA_INGRESO|SL_VOLCABLE|SL_BALANZA_SALIDA|SL_EGRESO,TERMINAL_EMBARQUE,SI
f4c2d7ae-325,f4c2d7ae-325,,ABSORBIDO,MML510,R7,Ricardone → San Lorenzo,NO_CLASIFICADO,EVIDENCIA_INSUFICIENTE_ABSORBIDO,0,2026-10-02T13:44:14.809-03:00,2026-10-02T16:24:45.928-03:00,160.52,0,SL_INGRESO|SL_BALANZA_INGRESO|SL_VOLCABLE,TERMINAL_EMBARQUE,SI
5f459193-b0f__cycle_3,5f459193-b0f,,ABSORBIDO,JDH880,CIRCUITO_LIQUIDO,Circuito líquido,NO_CLASIFICADO,EVIDENCIA_INSUFICIENTE_ABSORBIDO,0,2026-10-02T14:05:27.390-03:00,2026-10-02T14:16:31.184-03:00,11.06,0,PREINGRESO|LIQUIDO|EGRESO,,SI
2481c739-1d5,2481c739-1d5,,ABSORBIDO,VNA879,REGISTRO_INCOMPLETO,Registro incompleto,NO_CLASIFICADO,EVIDENCIA_INSUFICIENTE_ABSORBIDO,0,2026-10-02T14:06:04.488-03:00,2026-10-02T14:09:19.341-03:00,3.25,0,PLAYA|BALANZA_EGRESO,,SI
e3a1bf90-09e,e3a1bf90-09e,,ABSORBIDO,OHI283,REGISTRO_INCOMPLETO,Registro incompleto,NO_CLASIFICADO,EVIDENCIA_INSUFICIENTE_ABSORBIDO,0,2026-10-02T14:08:52.975-03:00,2026-10-02T15:14:17.622-03:00,65.41,0,SL_INGRESO|SL_BALANZA_INGRESO|UNKNOWN|SL_EGRESO,RENOPACK,SI
8b2bc4f2-861,8b2bc4f2-861,,ABSORBIDO,AA875OG,SL1,Recepción Carga OSL San Lorenzo,NO_CLASIFICADO,EVIDENCIA_INSUFICIENTE_ABSORBIDO,0,2026-10-02T14:11:13.304-03:00,2026-10-02T16:40:56.997-03:00,149.73,0,SL_INGRESO|SL_CALADA|SL_BALANZA_INGRESO|SL_LIQUIDO_CARGA|SL_EGRESO,TERMINAL_EMBARQUE,SI
456be51e-d4d,456be51e-d4d,,ABSORBIDO,SZG666,SL1,Recepción Carga OSL San Lorenzo,NO_CLASIFICADO,EVIDENCIA_INSUFICIENTE_ABSORBIDO,0,2026-10-02T14:11:58.028-03:00,2026-10-02T15:37:39.263-03:00,85.69,0,SL_INGRESO|SL_BALANZA_INGRESO|UNKNOWN|SL_EGRESO,TERMINAL_EMBARQUE,SI
fdec6d31-edb,fdec6d31-edb,,ABSORBIDO,OFG785,SL1,Recepción Carga OSL San Lorenzo,NO_CLASIFICADO,EVIDENCIA_INSUFICIENTE_ABSORBIDO,0,2026-10-02T14:13:31.953-03:00,2026-10-02T17:07:59.805-03:00,174.46,0,SL_INGRESO|SL_CALADA|SL_BALANZA_INGRESO|SL_LIQUIDO_CARGA|SL_EGRESO,TERMINAL_EMBARQUE,SI
12abfb62-b36,12abfb62-b36,,ABSORBIDO,FEA810,CIRCUITO_LIQUIDO,Circuito líquido,NO_CLASIFICADO,EVIDENCIA_INSUFICIENTE_ABSORBIDO,0,2026-10-02T14:30:20.614-03:00,2026-10-02T16:55:02.948-03:00,144.71,0,BALANZA_EGRESO|BALANZA_EGRESO|LIQUIDO,RICARDONE,SI
d5504768-149,d5504768-149,,ABSORBIDO,AF013EZ,REGISTRO_INCOMPLETO,Registro incompleto,NO_CLASIFICADO,EVIDENCIA_INSUFICIENTE_ABSORBIDO,0,2026-10-02T15:01:18.601-03:00,2026-10-02T15:21:07.866-03:00,19.82,0,SL_INGRESO|SL_BALANZA_INGRESO|SL_BALANZA_SALIDA|SL_BALANZA_SALIDA|SL_EGRESO,TERMINAL_EMBARQUE,SI
75f852d2-2c8,75f852d2-2c8,,ABSORBIDO,WGG348,SL1,Recepción Carga OSL San Lorenzo,NO_CLASIFICADO,EVIDENCIA_INSUFICIENTE_ABSORBIDO,0,2026-10-02T15:10:20.310-03:00,2026-10-02T17:37:01.298-03:00,146.68,0,SL_INGRESO|SL_CALADA|SL_BALANZA_INGRESO|UNKNOWN|SL_LIQUIDO_CARGA|SL_BALANZA_SALIDA|SL_EGRESO,TERMINAL_EMBARQUE,SI
3730d365-f43,3730d365-f43,,ABSORBIDO,AD156FB,REGISTRO_INCOMPLETO,Registro incompleto,NO_CLASIFICADO,EVIDENCIA_INSUFICIENTE_ABSORBIDO,0,2026-10-02T15:17:07.456-03:00,2026-10-02T19:12:57.437-03:00,235.83,0,SL_INGRESO|SL_BALANZA_INGRESO|UNKNOWN|SL_EGRESO,TERMINAL_EMBARQUE,SI
c604ec5d-d7f,c604ec5d-d7f,,ABSORBIDO,HFI969,R7,Ricardone → San Lorenzo,NO_CLASIFICADO,EVIDENCIA_INSUFICIENTE_ABSORBIDO,0,2026-10-02T15:23:55.638-03:00,2026-10-02T17:22:40.837-03:00,118.75,0,SL_INGRESO|SL_BALANZA_INGRESO|SL_VOLCABLE|SL_EGRESO,TERMINAL_EMBARQUE,SI
59ffca33-ce8,59ffca33-ce8,,ABSORBIDO,UAJ766,REGISTRO_INCOMPLETO,Registro incompleto,NO_CLASIFICADO,EVIDENCIA_INSUFICIENTE_ABSORBIDO,0,2026-10-02T15:25:23.769-03:00,2026-10-02T16:14:47.633-03:00,49.4,0,BALANZA_EGRESO|SL_INGRESO|SL_BALANZA_INGRESO|UNKNOWN|SL_EGRESO,RICARDONE,SI
db2064c8-b75,db2064c8-b75,,ABSORBIDO,AH313SL,R7,Ricardone → San Lorenzo,NO_CLASIFICADO,EVIDENCIA_INSUFICIENTE_ABSORBIDO,0,2026-10-02T15:25:53.327-03:00,2026-10-02T16:51:19.766-03:00,85.44,0,SL_INGRESO|SL_BALANZA_INGRESO|SL_VOLCABLE|SL_EGRESO,TERMINAL_EMBARQUE,SI
fd364358-9e0,fd364358-9e0,,ABSORBIDO,OXG061,R7,Ricardone → San Lorenzo,NO_CLASIFICADO,EVIDENCIA_INSUFICIENTE_ABSORBIDO,0,2026-10-02T15:26:22.688-03:00,2026-10-02T16:59:15.130-03:00,92.87,0,SL_INGRESO|SL_BALANZA_INGRESO|SL_VOLCABLE,TERMINAL_EMBARQUE,SI
1b07956c-754,1b07956c-754,,ABSORBIDO,AE899SB,R7,Ricardone → San Lorenzo,NO_CLASIFICADO,EVIDENCIA_INSUFICIENTE_ABSORBIDO,0,2026-10-02T15:35:38.340-03:00,2026-10-02T17:34:31.602-03:00,118.89,0,SL_INGRESO|SL_BALANZA_INGRESO|SL_VOLCABLE|SL_EGRESO,TERMINAL_EMBARQUE,SI
9fcb7c12-b63__cycle_1,9fcb7c12-b63,,ABSORBIDO,AA703FC,REGISTRO_INCOMPLETO,Registro incompleto,NO_CLASIFICADO,EVIDENCIA_INSUFICIENTE_ABSORBIDO,0,2026-10-02T15:40:50.439-03:00,2026-10-02T15:44:35.130-03:00,3.74,0,SL_INGRESO|SL_BALANZA_INGRESO|UNKNOWN,,SI
08a84c7e-d78,08a84c7e-d78,,ABSORBIDO,AG756MR,REGISTRO_INCOMPLETO,Registro incompleto,NO_CLASIFICADO,EVIDENCIA_INSUFICIENTE_ABSORBIDO,0,2026-10-02T15:50:04.629-03:00,2026-10-02T19:10:25.056-03:00,200.34,0,SL_INGRESO|SL_CALADA|SL_BALANZA_INGRESO|SL_EGRESO,TERMINAL_EMBARQUE,SI
96f1af26-b3b,96f1af26-b3b,,ABSORBIDO,LAU467,SL1,Recepción Carga OSL San Lorenzo,NO_CLASIFICADO,EVIDENCIA_INSUFICIENTE_ABSORBIDO,0,2026-10-02T15:51:38.316-03:00,2026-10-02T17:03:55.387-03:00,72.28,0,SL_INGRESO|SL_BALANZA_INGRESO|UNKNOWN|SL_EGRESO,TERMINAL_EMBARQUE,SI
883b677e-7ae,883b677e-7ae,,ABSORBIDO,ENW015,CIRCUITO_LIQUIDO,Circuito líquido,NO_CLASIFICADO,EVIDENCIA_INSUFICIENTE_ABSORBIDO,0,2026-10-02T16:18:04.357-03:00,2026-10-02T18:19:20.559-03:00,121.27,0,PREINGRESO|LIQUIDO|PLAYA|BALANZA_EGRESO|LIQUIDO|EGRESO,RICARDONE,SI
249269ba-013__cycle_2,249269ba-013,,ABSORBIDO,CSB958,R8,Recepción Mercadería Líquida,NO_CLASIFICADO,EVIDENCIA_INSUFICIENTE_ABSORBIDO,0,2026-10-02T16:20:12.845-03:00,2026-10-02T17:43:59.854-03:00,83.78,0,PREINGRESO|LIQUIDO|BALANZA_EGRESO,RICARDONE,SI
e1c1ca29-6de,e1c1ca29-6de,,ABSORBIDO,KOE138,SL1,Recepción Carga OSL San Lorenzo,NO_CLASIFICADO,EVIDENCIA_INSUFICIENTE_ABSORBIDO,0,2026-10-02T16:41:09.928-03:00,2026-10-02T18:03:35.035-03:00,82.42,0,SL_INGRESO|SL_CALADA|SL_BALANZA_INGRESO|SL_LIQUIDO_CARGA|SL_BALANZA_SALIDA|SL_EGRESO,TERMINAL_EMBARQUE,SI
2b56e843-dad__cycle_2,2b56e843-dad,,ABSORBIDO,JUP399,R8,Recepción Mercadería Líquida,NO_CLASIFICADO,EVIDENCIA_INSUFICIENTE_ABSORBIDO,0,2026-10-02T16:45:49.416-03:00,2026-10-02T18:29:29.693-03:00,103.67,0,PREINGRESO|LIQUIDO|BALANZA_EGRESO,RICARDONE,SI
acf1c7ef-49c,acf1c7ef-49c,,ABSORBIDO,ERZ065,R7,Ricardone → San Lorenzo,NO_CLASIFICADO,EVIDENCIA_INSUFICIENTE_ABSORBIDO,0,2026-10-02T16:50:26.202-03:00,2026-10-02T17:45:10.354-03:00,54.74,0,SL_INGRESO|SL_BALANZA_INGRESO|SL_VOLCABLE|SL_EGRESO,TERMINAL_EMBARQUE,SI
35ec34cc-6c9,35ec34cc-6c9,,ABSORBIDO,EUK896,R7,Ricardone → San Lorenzo,NO_CLASIFICADO,EVIDENCIA_INSUFICIENTE_ABSORBIDO,0,2026-10-02T16:51:21.643-03:00,2026-10-02T17:49:23.135-03:00,58.02,0,SL_INGRESO|SL_BALANZA_INGRESO|SL_VOLCABLE|SL_EGRESO,TERMINAL_EMBARQUE,SI
d888db1b-65c,d888db1b-65c,,ABSORBIDO,KMJ264,R7,Ricardone → San Lorenzo,NO_CLASIFICADO,EVIDENCIA_INSUFICIENTE_ABSORBIDO,0,2026-10-02T16:52:54.531-03:00,2026-10-02T17:58:32.995-03:00,65.64,0,SL_INGRESO|SL_BALANZA_INGRESO|SL_VOLCABLE|SL_EGRESO,TERMINAL_EMBARQUE,SI
7c0fc88e-145__cycle_2,7c0fc88e-145,,ABSORBIDO,FLF111,CIRCUITO_LIQUIDO,Circuito líquido,NO_CLASIFICADO,EVIDENCIA_INSUFICIENTE_ABSORBIDO,0,2026-10-02T17:16:30.242-03:00,2026-10-02T17:35:56.943-03:00,19.45,0,PREINGRESO|LIQUIDO|EGRESO,,SI
9fbd9dd5-e04,9fbd9dd5-e04,,ABSORBIDO,BXA126,CIRCUITO_SAN_LORENZO,Circuito Ricardone → San Lorenzo,NO_CLASIFICADO,EVIDENCIA_INSUFICIENTE_ABSORBIDO,0,2026-10-02T17:17:33.928-03:00,2026-10-02T17:26:06.509-03:00,8.54,0,PREINGRESO|EGRESO,,SI
b4d0936b-bd9,b4d0936b-bd9,,ABSORBIDO,AI318EE,R7,Ricardone → San Lorenzo,NO_CLASIFICADO,EVIDENCIA_INSUFICIENTE_ABSORBIDO,0,2026-10-02T17:20:22.788-03:00,2026-10-02T18:06:49.273-03:00,46.44,0,SL_INGRESO|SL_BALANZA_INGRESO|SL_VOLCABLE|SL_EGRESO,TERMINAL_EMBARQUE,SI
8283d62b-bb5,8283d62b-bb5,,ABSORBIDO,KWO254,R7,Ricardone → San Lorenzo,NO_CLASIFICADO,EVIDENCIA_INSUFICIENTE_ABSORBIDO,0,2026-10-02T17:22:30.953-03:00,2026-10-02T18:12:30.249-03:00,49.99,0,SL_INGRESO|SL_BALANZA_INGRESO|SL_VOLCABLE|SL_EGRESO,TERMINAL_EMBARQUE,SI
a71e8337-cc0,a71e8337-cc0,,ABSORBIDO,AF615IJ,REGISTRO_INCOMPLETO,Registro incompleto,NO_CLASIFICADO,EVIDENCIA_INSUFICIENTE_ABSORBIDO,0,2026-10-02T17:23:23.038-03:00,2026-10-02T20:42:19.475-03:00,198.94,0,SL_INGRESO|SL_BALANZA_INGRESO|UNKNOWN|SL_EGRESO,TERMINAL_EMBARQUE,SI
dccc84b3-da8,dccc84b3-da8,,ABSORBIDO,AE785KB,R7,Ricardone → San Lorenzo,NO_CLASIFICADO,EVIDENCIA_INSUFICIENTE_ABSORBIDO,0,2026-10-02T17:27:35.453-03:00,2026-10-02T18:21:31.306-03:00,53.93,0,SL_INGRESO|SL_VOLCABLE|SL_EGRESO,TERMINAL_EMBARQUE,SI
52434bc8-792,52434bc8-792,,ABSORBIDO,HDT433,R7,Ricardone → San Lorenzo,NO_CLASIFICADO,EVIDENCIA_INSUFICIENTE_ABSORBIDO,0,2026-10-02T17:35:10.039-03:00,2026-10-02T18:30:56.052-03:00,55.77,0,SL_INGRESO|SL_BALANZA_INGRESO|SL_VOLCABLE|SL_EGRESO,TERMINAL_EMBARQUE,SI
a3d9aeb4-6a6,a3d9aeb4-6a6,,ABSORBIDO,IYF433,R7,Ricardone → San Lorenzo,NO_CLASIFICADO,EVIDENCIA_INSUFICIENTE_ABSORBIDO,0,2026-10-02T17:36:49.803-03:00,2026-10-02T18:37:23.687-03:00,60.56,0,SL_INGRESO|SL_BALANZA_INGRESO|SL_VOLCABLE|SL_EGRESO,TERMINAL_EMBARQUE,SI
8f8411bd-d65,8f8411bd-d65,,ABSORBIDO,EFD127,R7,Ricardone → San Lorenzo,NO_CLASIFICADO,EVIDENCIA_INSUFICIENTE_ABSORBIDO,0,2026-10-02T17:37:47.889-03:00,2026-10-02T18:45:09.393-03:00,67.36,0,SL_INGRESO|SL_VOLCABLE|SL_EGRESO,TERMINAL_EMBARQUE,SI
b87d24f8-18a,b87d24f8-18a,,ABSORBIDO,AB274UR,R7,Ricardone → San Lorenzo,NO_CLASIFICADO,EVIDENCIA_INSUFICIENTE_ABSORBIDO,0,2026-10-02T17:38:15.170-03:00,2026-10-02T19:59:22.390-03:00,141.12,0,SL_INGRESO|SL_BALANZA_INGRESO|SL_EGRESO,TERMINAL_EMBARQUE,SI
8c97c727-553,8c97c727-553,,ABSORBIDO,KPY495,R7,Ricardone → San Lorenzo,NO_CLASIFICADO,EVIDENCIA_INSUFICIENTE_ABSORBIDO,0,2026-10-02T17:41:38.620-03:00,2026-10-02T20:14:13.988-03:00,152.59,0,SL_INGRESO|SL_BALANZA_INGRESO|SL_EGRESO,TERMINAL_EMBARQUE,SI
5caf9f59-282,5caf9f59-282,,ABSORBIDO,AE855UA,CIRCUITO_SAN_LORENZO,Circuito Ricardone → San Lorenzo,NO_CLASIFICADO,EVIDENCIA_INSUFICIENTE_ABSORBIDO,0,2026-10-02T17:42:29.852-03:00,2026-10-02T21:50:54.123-03:00,248.4,0,PREINGRESO|CALADA|EGRESO,,SI
64e8e643-140,64e8e643-140,,ABSORBIDO,GKB085,R7,Ricardone → San Lorenzo,NO_CLASIFICADO,EVIDENCIA_INSUFICIENTE_ABSORBIDO,0,2026-10-02T17:43:42.627-03:00,2026-10-02T20:16:03.525-03:00,152.35,0,SL_INGRESO|SL_BALANZA_INGRESO|SL_EGRESO,TERMINAL_EMBARQUE,SI
aa36f72f-c50,aa36f72f-c50,,ABSORBIDO,FEV509,R7,Ricardone → San Lorenzo,NO_CLASIFICADO,EVIDENCIA_INSUFICIENTE_ABSORBIDO,0,2026-10-02T18:07:45.593-03:00,2026-10-02T20:23:04.694-03:00,135.32,0,SL_INGRESO|SL_BALANZA_INGRESO|SL_EGRESO,TERMINAL_EMBARQUE,SI
f2e89442-4a2,f2e89442-4a2,,ABSORBIDO,SFY369,SL1,Recepción Carga OSL San Lorenzo,NO_CLASIFICADO,EVIDENCIA_INSUFICIENTE_ABSORBIDO,0,2026-10-02T18:08:02.367-03:00,2026-10-02T20:28:09.976-03:00,140.13,0,SL_CALADA|SL_BALANZA_INGRESO|SL_LIQUIDO_CARGA|SL_EGRESO,TERMINAL_EMBARQUE,SI
75ae6446-aa6,75ae6446-aa6,,ABSORBIDO,STG160,R7,Ricardone → San Lorenzo,NO_CLASIFICADO,EVIDENCIA_INSUFICIENTE_ABSORBIDO,0,2026-10-02T18:09:13.599-03:00,2026-10-02T20:09:19.189-03:00,120.09,0,SL_INGRESO|SL_BALANZA_INGRESO|SL_EGRESO,TERMINAL_EMBARQUE,SI
33e0df82-03b,33e0df82-03b,,ABSORBIDO,MBO020,R7,Ricardone → San Lorenzo,NO_CLASIFICADO,EVIDENCIA_INSUFICIENTE_ABSORBIDO,0,2026-10-02T18:11:01.923-03:00,2026-10-02T20:44:44.934-03:00,153.72,0,SL_INGRESO|SL_BALANZA_INGRESO|SL_EGRESO,TERMINAL_EMBARQUE,SI
2f53b257-667__cycle_2,2f53b257-667,,ABSORBIDO,EAR164,CIRCUITO_LIQUIDO,Circuito líquido,NO_CLASIFICADO,EVIDENCIA_INSUFICIENTE_ABSORBIDO,0,2026-10-02T18:15:42.530-03:00,2026-10-02T18:17:48.108-03:00,2.09,0,PREINGRESO|LIQUIDO,,SI
61dbdbe7-c16,61dbdbe7-c16,,ABSORBIDO,CMF111,SL1,Recepción Carga OSL San Lorenzo,NO_CLASIFICADO,EVIDENCIA_INSUFICIENTE_ABSORBIDO,0,2026-10-02T19:34:11.358-03:00,2026-10-02T20:47:54.289-03:00,73.72,0,SL_INGRESO|SL_BALANZA_INGRESO|SL_EGRESO,TERMINAL_EMBARQUE,SI
f4acfdeb-07b__cycle_2,f4acfdeb-07b,,ABSORBIDO,GVJ645,CIRCUITO_LIQUIDO,Circuito líquido,NO_CLASIFICADO,EVIDENCIA_INSUFICIENTE_ABSORBIDO,0,2026-10-02T20:00:03.716-03:00,2026-10-02T20:03:25.769-03:00,3.37,0,PREINGRESO|LIQUIDO,,SI
f387f914-f0a,f387f914-f0a,,ABSORBIDO,AG741MI,R7,Ricardone → San Lorenzo,NO_CLASIFICADO,EVIDENCIA_INSUFICIENTE_ABSORBIDO,0,2026-10-02T20:16:47.666-03:00,2026-10-02T20:51:28.535-03:00,34.68,0,SL_INGRESO|SL_BALANZA_INGRESO|SL_EGRESO,TERMINAL_EMBARQUE,SI
3d7f9be8-447,3d7f9be8-447,,ABSORBIDO,FSK263,R7,Ricardone → San Lorenzo,NO_CLASIFICADO,EVIDENCIA_INSUFICIENTE_ABSORBIDO,0,2026-10-02T20:22:45.409-03:00,2026-10-02T21:45:00.395-03:00,82.25,0,CALADA|SL_BALANZA_INGRESO|SL_EGRESO,TERMINAL_EMBARQUE,SI
0478d812-e60,0478d812-e60,,ABSORBIDO,PAR121,REGISTRO_INCOMPLETO,Registro incompleto,NO_CLASIFICADO,EVIDENCIA_INSUFICIENTE_ABSORBIDO,0,2026-10-02T20:30:28.595-03:00,2026-10-03T00:30:23.153-03:00,239.91,0,SL_INGRESO|SL_BALANZA_INGRESO|UNKNOWN|UNKNOWN|UNKNOWN|SL_EGRESO,TERMINAL_EMBARQUE,SI
b70434c0-c52,b70434c0-c52,,ABSORBIDO,AC980HY,R7,Ricardone → San Lorenzo,NO_CLASIFICADO,EVIDENCIA_INSUFICIENTE_ABSORBIDO,0,2026-10-02T20:39:04.985-03:00,2026-10-02T21:07:28.385-03:00,28.39,0,CALADA|SL_INGRESO|SL_BALANZA_INGRESO,TERMINAL_EMBARQUE,SI
9930c815-1e1,9930c815-1e1,,ABSORBIDO,AE323YI,R7,Ricardone → San Lorenzo,NO_CLASIFICADO,EVIDENCIA_INSUFICIENTE_ABSORBIDO,0,2026-10-02T20:49:14.099-03:00,2026-10-02T21:11:57.506-03:00,22.72,0,SL_INGRESO|SL_BALANZA_INGRESO|SL_EGRESO,TERMINAL_EMBARQUE,SI
d3ef5ad2-fa6,d3ef5ad2-fa6,,ABSORBIDO,KOO420,R7,Ricardone → San Lorenzo,NO_CLASIFICADO,EVIDENCIA_INSUFICIENTE_ABSORBIDO,0,2026-10-02T20:50:12.664-03:00,2026-10-02T21:21:09.247-03:00,30.94,0,SL_INGRESO|SL_EGRESO,TERMINAL_EMBARQUE,SI
a3556b00-dc5,a3556b00-dc5,,ABSORBIDO,AI084GG,R7,Ricardone → San Lorenzo,NO_CLASIFICADO,EVIDENCIA_INSUFICIENTE_ABSORBIDO,0,2026-10-02T20:50:38.504-03:00,2026-10-02T21:44:24.541-03:00,53.77,0,SL_INGRESO|SL_BALANZA_INGRESO|SL_EGRESO,TERMINAL_EMBARQUE,SI
34039d28-287,34039d28-287,,ABSORBIDO,VXH533,R7,Ricardone → San Lorenzo,NO_CLASIFICADO,EVIDENCIA_INSUFICIENTE_ABSORBIDO,0,2026-10-02T21:03:45.672-03:00,2026-10-02T22:29:46.950-03:00,86.02,0,SL_INGRESO|SL_EGRESO,TERMINAL_EMBARQUE,SI
54989786-61f,54989786-61f,,ABSORBIDO,SZG666,SL1,Recepción Carga OSL San Lorenzo,NO_CLASIFICADO,EVIDENCIA_INSUFICIENTE_ABSORBIDO,0,2026-10-02T21:11:20.818-03:00,2026-10-02T22:24:42.668-03:00,73.36,0,SL_INGRESO|SL_BALANZA_INGRESO|SL_BALANZA_SALIDA|SL_EGRESO,TERMINAL_EMBARQUE,SI
49539272-f1f,49539272-f1f,,ABSORBIDO,AI547XD,R7,Ricardone → San Lorenzo,NO_CLASIFICADO,EVIDENCIA_INSUFICIENTE_ABSORBIDO,0,2026-10-02T21:41:17.825-03:00,2026-10-02T22:40:56.457-03:00,59.64,0,SL_INGRESO|SL_BALANZA_INGRESO|SL_EGRESO,TERMINAL_EMBARQUE,SI
07a18134-114,07a18134-114,,ABSORBIDO,AH463CK,R7,Ricardone → San Lorenzo,NO_CLASIFICADO,EVIDENCIA_INSUFICIENTE_ABSORBIDO,0,2026-10-02T22:05:43.992-03:00,2026-10-03T00:04:27.113-03:00,118.72,0,SL_INGRESO|SL_BALANZA_INGRESO|SL_EGRESO,TERMINAL_EMBARQUE,SI
62eed3ab-9fe,62eed3ab-9fe,,ABSORBIDO,KUY671,R7,Ricardone → San Lorenzo,NO_CLASIFICADO,EVIDENCIA_INSUFICIENTE_ABSORBIDO,0,2026-10-02T22:07:50.238-03:00,2026-10-02T22:09:59.694-03:00,2.16,0,SL_INGRESO|SL_BALANZA_INGRESO,TERMINAL_EMBARQUE,SI
41ef2b2a-94d,41ef2b2a-94d,,ABSORBIDO,BXA126,DESPACHO_SIN_PUNTO_INSTRUMENTADO,Despacho / descarga sin punto instrumentado,NO_CLASIFICADO,EVIDENCIA_INSUFICIENTE_ABSORBIDO,0,2026-10-02T22:26:20.696-03:00,2026-10-02T22:33:12.671-03:00,6.87,0,CALADA|EGRESO,,SI
8cae43f8-fe9,8cae43f8-fe9,,ABSORBIDO,AE855UA,R7,Ricardone → San Lorenzo,NO_CLASIFICADO,EVIDENCIA_INSUFICIENTE_ABSORBIDO,0,2026-10-02T22:36:11.697-03:00,2026-10-03T00:10:40.263-03:00,94.48,0,SL_INGRESO|SL_BALANZA_INGRESO|SL_EGRESO,TERMINAL_EMBARQUE,SI
d0cdcb88-96d,d0cdcb88-96d,,ABSORBIDO,AB596TW,R7,Ricardone → San Lorenzo,NO_CLASIFICADO,EVIDENCIA_INSUFICIENTE_ABSORBIDO,0,2026-10-02T22:42:08.358-03:00,2026-10-03T03:28:41.775-03:00,286.56,0,SL_INGRESO|SL_EGRESO,TERMINAL_EMBARQUE,SI
a8f94092-c8b,a8f94092-c8b,,ABSORBIDO,BXA126,R7,Ricardone → San Lorenzo,NO_CLASIFICADO,EVIDENCIA_INSUFICIENTE_ABSORBIDO,0,2026-10-02T22:45:02.769-03:00,2026-10-02T23:21:49.491-03:00,36.78,0,SL_INGRESO|SL_BALANZA_INGRESO|SL_EGRESO,TERMINAL_EMBARQUE,SI
3ae95687-e6b,3ae95687-e6b,,ABSORBIDO,OJD684,R7,Ricardone → San Lorenzo,NO_CLASIFICADO,EVIDENCIA_INSUFICIENTE_ABSORBIDO,0,2026-10-02T22:48:20.298-03:00,2026-10-02T23:46:19.678-03:00,57.99,0,SL_INGRESO|SL_BALANZA_INGRESO|SL_EGRESO,TERMINAL_EMBARQUE,SI
5942e1f5-ef3,5942e1f5-ef3,,ABSORBIDO,TVU654,R7,Ricardone → San Lorenzo,NO_CLASIFICADO,EVIDENCIA_INSUFICIENTE_ABSORBIDO,0,2026-10-02T22:59:40.420-03:00,2026-10-03T01:10:20.192-03:00,130.66,0,SL_INGRESO|SL_BALANZA_INGRESO|SL_EGRESO,TERMINAL_EMBARQUE,SI
0cebbe41-084,0cebbe41-084,,ABSORBIDO,AH719QG,R7,Ricardone → San Lorenzo,NO_CLASIFICADO,EVIDENCIA_INSUFICIENTE_ABSORBIDO,0,2026-10-02T23:08:22.530-03:00,2026-10-03T02:06:55.519-03:00,178.55,0,SL_INGRESO|SL_BALANZA_INGRESO|SL_EGRESO,TERMINAL_EMBARQUE,SI
a07499d8-ff2,a07499d8-ff2,,ABSORBIDO,LLW835,R7,Ricardone → San Lorenzo,NO_CLASIFICADO,EVIDENCIA_INSUFICIENTE_ABSORBIDO,0,2026-10-02T23:09:27.414-03:00,2026-10-03T02:17:00.481-03:00,187.55,0,SL_INGRESO|SL_EGRESO,TERMINAL_EMBARQUE,SI
6625acf0-772,6625acf0-772,,ABSORBIDO,MSB735,R7,Ricardone → San Lorenzo,NO_CLASIFICADO,EVIDENCIA_INSUFICIENTE_ABSORBIDO,0,2026-10-02T23:10:47.177-03:00,2026-10-03T02:57:23.570-03:00,226.61,0,SL_INGRESO|SL_BALANZA_INGRESO|SL_VOLCABLE|SL_EGRESO,TERMINAL_EMBARQUE,SI
1077e84c-027,1077e84c-027,,ABSORBIDO,AB318SA,R7,Ricardone → San Lorenzo,NO_CLASIFICADO,EVIDENCIA_INSUFICIENTE_ABSORBIDO,0,2026-10-02T23:12:13.672-03:00,2026-10-03T01:59:33.662-03:00,167.33,0,SL_BALANZA_INGRESO|SL_EGRESO,TERMINAL_EMBARQUE,SI
2b89c6e9-c90,2b89c6e9-c90,,ABSORBIDO,KWZ272,R7,Ricardone → San Lorenzo,NO_CLASIFICADO,EVIDENCIA_INSUFICIENTE_ABSORBIDO,0,2026-10-02T23:13:46.549-03:00,2026-10-03T02:23:09.749-03:00,189.39,0,SL_INGRESO|SL_BALANZA_INGRESO|SL_BALANZA_SALIDA|SL_EGRESO,TERMINAL_EMBARQUE,SI
bb009258-c3f,bb009258-c3f,,ABSORBIDO,HVC174,R7,Ricardone → San Lorenzo,NO_CLASIFICADO,EVIDENCIA_INSUFICIENTE_ABSORBIDO,0,2026-10-02T23:14:15.509-03:00,2026-10-03T02:33:49.164-03:00,199.56,0,SL_INGRESO|SL_BALANZA_INGRESO|SL_EGRESO,TERMINAL_EMBARQUE,SI
174e6782-fbc,174e6782-fbc,,ABSORBIDO,JSV173,R7,Ricardone → San Lorenzo,NO_CLASIFICADO,EVIDENCIA_INSUFICIENTE_ABSORBIDO,0,2026-10-02T23:15:00.792-03:00,2026-10-03T02:51:54.598-03:00,216.9,0,SL_INGRESO|SL_BALANZA_INGRESO|SL_EGRESO,TERMINAL_EMBARQUE,SI
2b4ba352-999,2b4ba352-999,,ABSORBIDO,OAC204,R7,Ricardone → San Lorenzo,NO_CLASIFICADO,EVIDENCIA_INSUFICIENTE_ABSORBIDO,0,2026-10-02T23:16:07.996-03:00,2026-10-03T03:04:45.281-03:00,228.62,0,SL_INGRESO|SL_BALANZA_INGRESO|SL_EGRESO,TERMINAL_EMBARQUE,SI
156295b4-392,156295b4-392,,ABSORBIDO,LKN268,R7,Ricardone → San Lorenzo,NO_CLASIFICADO,EVIDENCIA_INSUFICIENTE_ABSORBIDO,0,2026-10-02T23:18:27.204-03:00,2026-10-03T03:23:01.399-03:00,244.57,0,SL_INGRESO|SL_BALANZA_INGRESO|SL_EGRESO,TERMINAL_EMBARQUE,SI
c60e10c1-be5,c60e10c1-be5,,ABSORBIDO,ICZ675,R7,Ricardone → San Lorenzo,NO_CLASIFICADO,EVIDENCIA_INSUFICIENTE_ABSORBIDO,0,2026-10-02T23:31:55.333-03:00,2026-10-03T03:45:15.693-03:00,253.34,0,SL_INGRESO|SL_BALANZA_INGRESO|SL_EGRESO,TERMINAL_EMBARQUE,SI
2ad84267-a35,2ad84267-a35,,ABSORBIDO,EXX146,R7,Ricardone → San Lorenzo,NO_CLASIFICADO,EVIDENCIA_INSUFICIENTE_ABSORBIDO,0,2026-10-02T23:42:32.488-03:00,2026-10-03T01:49:01.464-03:00,126.48,0,SL_INGRESO|SL_BALANZA_INGRESO,TERMINAL_EMBARQUE,SI
1fb43258-5b4,1fb43258-5b4,,ABSORBIDO,OCK385,R7,Ricardone → San Lorenzo,NO_CLASIFICADO,EVIDENCIA_INSUFICIENTE_ABSORBIDO,0,2026-10-02T23:46:34.423-03:00,2026-10-03T03:59:10.947-03:00,252.61,0,SL_INGRESO|SL_BALANZA_INGRESO|SL_EGRESO,TERMINAL_EMBARQUE,SI
b6fe06dd-7ed,b6fe06dd-7ed,,ABSORBIDO,FKX890,R7,Ricardone → San Lorenzo,NO_CLASIFICADO,EVIDENCIA_INSUFICIENTE_ABSORBIDO,0,2026-10-02T23:49:45.796-03:00,2026-10-03T04:29:58.574-03:00,280.21,0,SL_INGRESO|SL_BALANZA_INGRESO|SL_EGRESO,TERMINAL_EMBARQUE,SI
a40ff073-2a8,a40ff073-2a8,,ABSORBIDO,AB606HB,R7,Ricardone → San Lorenzo,NO_CLASIFICADO,EVIDENCIA_INSUFICIENTE_ABSORBIDO,0,2026-10-02T23:55:24.488-03:00,2026-10-03T03:30:50.710-03:00,215.44,0,CALADA|SL_BALANZA_INGRESO,TERMINAL_EMBARQUE,SI
973b44fa-910,973b44fa-910,,ABSORBIDO,AD732JV,R7,Ricardone → San Lorenzo,NO_CLASIFICADO,EVIDENCIA_INSUFICIENTE_ABSORBIDO,0,2026-10-02T23:57:07.901-03:00,2026-10-03T04:40:56.157-03:00,283.8,0,SL_INGRESO|SL_BALANZA_INGRESO|SL_BALANZA_SALIDA|SL_EGRESO,TERMINAL_EMBARQUE,SI
61953031-4e6,61953031-4e6,,ABSORBIDO,AG356RU,R7,Ricardone → San Lorenzo,NO_CLASIFICADO,EVIDENCIA_INSUFICIENTE_ABSORBIDO,0,2026-10-03T00:04:50.328-03:00,2026-10-03T04:50:02.936-03:00,285.21,0,SL_INGRESO|SL_BALANZA_INGRESO|SL_EGRESO,TERMINAL_EMBARQUE,SI
b5b21cb1-9e5,b5b21cb1-9e5,,ABSORBIDO,HHH953,R7,Ricardone → San Lorenzo,NO_CLASIFICADO,EVIDENCIA_INSUFICIENTE_ABSORBIDO,0,2026-10-03T00:05:44.411-03:00,2026-10-03T02:40:24.162-03:00,154.66,0,SL_INGRESO|SL_BALANZA_INGRESO|SL_EGRESO,TERMINAL_EMBARQUE,SI
bca4f4af-7c4,bca4f4af-7c4,,ABSORBIDO,AVM722,R7,Ricardone → San Lorenzo,NO_CLASIFICADO,EVIDENCIA_INSUFICIENTE_ABSORBIDO,0,2026-10-03T00:14:16.761-03:00,2026-10-03T04:59:18.077-03:00,285.02,0,SL_INGRESO|SL_BALANZA_INGRESO|SL_EGRESO,TERMINAL_EMBARQUE,SI
28cc5c7c-c9f,28cc5c7c-c9f,,ABSORBIDO,AF894QK,R7,Ricardone → San Lorenzo,NO_CLASIFICADO,EVIDENCIA_INSUFICIENTE_ABSORBIDO,0,2026-10-03T00:50:03.788-03:00,2026-10-03T05:43:32.339-03:00,293.48,0,SL_INGRESO|SL_BALANZA_INGRESO|SL_BALANZA_SALIDA|SL_EGRESO,TERMINAL_EMBARQUE,SI
5fd53d4e-50b,5fd53d4e-50b,,ABSORBIDO,GFP912,R7,Ricardone → San Lorenzo,NO_CLASIFICADO,EVIDENCIA_INSUFICIENTE_ABSORBIDO,0,2026-10-03T00:51:56.295-03:00,2026-10-03T06:20:23.438-03:00,328.45,0,CALADA|SL_INGRESO|SL_BALANZA_INGRESO|SL_EGRESO,TERMINAL_EMBARQUE,SI
f9691695-3e1,f9691695-3e1,,ABSORBIDO,NXU721,R7,Ricardone → San Lorenzo,NO_CLASIFICADO,EVIDENCIA_INSUFICIENTE_ABSORBIDO,0,2026-10-03T01:09:43.137-03:00,2026-10-03T06:01:23.302-03:00,291.67,0,SL_INGRESO|SL_BALANZA_INGRESO|SL_EGRESO,TERMINAL_EMBARQUE,SI
38820e4b-399,38820e4b-399,,ABSORBIDO,LAU467,SL1,Recepción Carga OSL San Lorenzo,NO_CLASIFICADO,EVIDENCIA_INSUFICIENTE_ABSORBIDO,0,2026-10-03T01:11:02.582-03:00,2026-10-03T02:25:33.806-03:00,74.52,0,SL_INGRESO|SL_BALANZA_INGRESO|SL_EGRESO,TERMINAL_EMBARQUE,SI
dcc41760-f6c,dcc41760-f6c,,ABSORBIDO,AG288BL,R7,Ricardone → San Lorenzo,NO_CLASIFICADO,EVIDENCIA_INSUFICIENTE_ABSORBIDO,0,2026-10-03T01:13:57.392-03:00,2026-10-03T07:52:10.937-03:00,398.23,0,SL_INGRESO|SL_BALANZA_INGRESO|SL_VOLCABLE|SL_EGRESO,TERMINAL_EMBARQUE,SI
26a46e72-07d,26a46e72-07d,,ABSORBIDO,AI523IB,CIRCUITO_SAN_LORENZO,Circuito Ricardone → San Lorenzo,NO_CLASIFICADO,EVIDENCIA_INSUFICIENTE_ABSORBIDO,0,2026-10-03T01:17:24.288-03:00,2026-10-03T01:34:38.506-03:00,17.24,0,PREINGRESO|CALADA|EGRESO,,SI
2a488e36-6c5,2a488e36-6c5,,ABSORBIDO,TYI033,R7,Ricardone → San Lorenzo,NO_CLASIFICADO,EVIDENCIA_INSUFICIENTE_ABSORBIDO,0,2026-10-03T01:19:39.130-03:00,2026-10-03T08:20:27.295-03:00,420.8,0,CALADA|SL_INGRESO|SL_BALANZA_INGRESO|SL_VOLCABLE|SL_EGRESO,TERMINAL_EMBARQUE,SI
85a8a39b-6bf,85a8a39b-6bf,,ABSORBIDO,AB436BP,R7,Ricardone → San Lorenzo,NO_CLASIFICADO,EVIDENCIA_INSUFICIENTE_ABSORBIDO,0,2026-10-03T01:23:50.145-03:00,2026-10-03T08:03:55.059-03:00,400.08,0,SL_INGRESO|SL_BALANZA_INGRESO|SL_VOLCABLE|SL_EGRESO,TERMINAL_EMBARQUE,SI
bb4bbddb-b4a,bb4bbddb-b4a,,ABSORBIDO,AB362FR,R7,Ricardone → San Lorenzo,NO_CLASIFICADO,EVIDENCIA_INSUFICIENTE_ABSORBIDO,0,2026-10-03T01:24:34.629-03:00,2026-10-03T08:04:33.074-03:00,399.97,0,SL_INGRESO|SL_BALANZA_INGRESO|SL_VOLCABLE|SL_EGRESO,TERMINAL_EMBARQUE,SI
8cae7e1b-59b,8cae7e1b-59b,,ABSORBIDO,AI523IB,R7,Ricardone → San Lorenzo,NO_CLASIFICADO,EVIDENCIA_INSUFICIENTE_ABSORBIDO,0,2026-10-03T01:44:13.898-03:00,2026-10-03T08:24:14.786-03:00,400.01,0,SL_INGRESO|SL_BALANZA_INGRESO|SL_VOLCABLE|SL_EGRESO,TERMINAL_EMBARQUE,SI
68e837b7-617,68e837b7-617,,ABSORBIDO,NJT004,R7,Ricardone → San Lorenzo,NO_CLASIFICADO,EVIDENCIA_INSUFICIENTE_ABSORBIDO,0,2026-10-03T01:52:20.245-03:00,2026-10-03T08:54:21.757-03:00,422.03,0,SL_INGRESO|SL_BALANZA_INGRESO|SL_VOLCABLE|SL_BALANZA_SALIDA|SL_EGRESO,TERMINAL_EMBARQUE,SI
ee173971-be7,ee173971-be7,,ABSORBIDO,HCM120,R7,Ricardone → San Lorenzo,NO_CLASIFICADO,EVIDENCIA_INSUFICIENTE_ABSORBIDO,0,2026-10-03T01:57:12.297-03:00,2026-10-03T09:18:21.253-03:00,441.15,0,CALADA|SL_BALANZA_INGRESO|SL_VOLCABLE|SL_EGRESO,TERMINAL_EMBARQUE,SI
6cd872f7-5e9,6cd872f7-5e9,,ABSORBIDO,CMF111,SL1,Recepción Carga OSL San Lorenzo,NO_CLASIFICADO,EVIDENCIA_INSUFICIENTE_ABSORBIDO,0,2026-10-03T01:59:35.070-03:00,2026-10-03T03:08:39.214-03:00,69.07,0,SL_INGRESO|SL_BALANZA_INGRESO|SL_EGRESO,TERMINAL_EMBARQUE,SI
5c1cd4ec-428,5c1cd4ec-428,,ABSORBIDO,AF291RP,R7,Ricardone → San Lorenzo,NO_CLASIFICADO,EVIDENCIA_INSUFICIENTE_ABSORBIDO,0,2026-10-03T02:13:27.919-03:00,2026-10-03T09:06:51.697-03:00,413.4,0,SL_INGRESO|SL_BALANZA_INGRESO|SL_VOLCABLE|SL_EGRESO,TERMINAL_EMBARQUE,SI
e0ec3924-96f,e0ec3924-96f,,ABSORBIDO,AB382HC,R7,Ricardone → San Lorenzo,NO_CLASIFICADO,EVIDENCIA_INSUFICIENTE_ABSORBIDO,0,2026-10-03T04:37:23.074-03:00,2026-10-03T05:49:36.100-03:00,72.22,0,SL_BALANZA_INGRESO|SL_EGRESO,TERMINAL_EMBARQUE,SI
b728b20b-228,b728b20b-228,,ABSORBIDO,OKH237,R7,Ricardone → San Lorenzo,NO_CLASIFICADO,EVIDENCIA_INSUFICIENTE_ABSORBIDO,0,2026-10-03T05:12:58.248-03:00,2026-10-03T09:30:27.943-03:00,257.49,0,SL_INGRESO|SL_BALANZA_INGRESO|SL_VOLCABLE|SL_EGRESO,TERMINAL_EMBARQUE,SI
dffc76c3-b75,dffc76c3-b75,,ABSORBIDO,AE656OF,R7,Ricardone → San Lorenzo,NO_CLASIFICADO,EVIDENCIA_INSUFICIENTE_ABSORBIDO,0,2026-10-03T05:14:34.653-03:00,2026-10-03T09:52:44.134-03:00,278.16,0,SL_INGRESO|SL_BALANZA_INGRESO|SL_VOLCABLE|SL_EGRESO,TERMINAL_EMBARQUE,SI
ad072bd0-1ea,ad072bd0-1ea,,ABSORBIDO,AE229IC,R7,Ricardone → San Lorenzo,NO_CLASIFICADO,EVIDENCIA_INSUFICIENTE_ABSORBIDO,0,2026-10-03T05:15:13.856-03:00,2026-10-03T10:00:32.481-03:00,285.31,0,SL_INGRESO|SL_BALANZA_INGRESO|SL_VOLCABLE|SL_EGRESO,TERMINAL_EMBARQUE,SI
a5562920-ba7,a5562920-ba7,,ABSORBIDO,AE322PY,R7,Ricardone → San Lorenzo,NO_CLASIFICADO,EVIDENCIA_INSUFICIENTE_ABSORBIDO,0,2026-10-03T05:16:07.859-03:00,2026-10-03T10:02:14.522-03:00,286.11,0,SL_INGRESO|SL_BALANZA_INGRESO|SL_VOLCABLE|SL_EGRESO,TERMINAL_EMBARQUE,SI
b740934a-128,b740934a-128,,ABSORBIDO,MXD863,R7,Ricardone → San Lorenzo,NO_CLASIFICADO,EVIDENCIA_INSUFICIENTE_ABSORBIDO,0,2026-10-03T05:20:09.635-03:00,2026-10-03T10:23:10.024-03:00,303.01,0,SL_INGRESO|SL_VOLCABLE|SL_EGRESO,TERMINAL_EMBARQUE,SI
e0195556-112,e0195556-112,,ABSORBIDO,AH597II,R7,Ricardone → San Lorenzo,NO_CLASIFICADO,EVIDENCIA_INSUFICIENTE_ABSORBIDO,0,2026-10-03T05:21:40.199-03:00,2026-10-03T10:23:36.354-03:00,301.94,0,SL_INGRESO|SL_VOLCABLE|SL_EGRESO,TERMINAL_EMBARQUE,SI
495998b9-dd6,495998b9-dd6,,ABSORBIDO,GTO498,R7,Ricardone → San Lorenzo,NO_CLASIFICADO,EVIDENCIA_INSUFICIENTE_ABSORBIDO,0,2026-10-03T05:23:57.648-03:00,2026-10-03T10:25:54.249-03:00,301.94,0,SL_INGRESO|SL_VOLCABLE|SL_EGRESO,TERMINAL_EMBARQUE,SI
2ad20e77-dc6,2ad20e77-dc6,,ABSORBIDO,AA771EY,R7,Ricardone → San Lorenzo,NO_CLASIFICADO,EVIDENCIA_INSUFICIENTE_ABSORBIDO,0,2026-10-03T05:26:22.137-03:00,2026-10-03T10:31:15.898-03:00,304.9,0,SL_INGRESO|SL_BALANZA_INGRESO|SL_VOLCABLE|SL_EGRESO,TERMINAL_EMBARQUE,SI
49cbfd85-083,49cbfd85-083,,ABSORBIDO,UYC052,R7,Ricardone → San Lorenzo,NO_CLASIFICADO,EVIDENCIA_INSUFICIENTE_ABSORBIDO,0,2026-10-03T05:36:01.690-03:00,2026-10-03T10:48:26.550-03:00,312.41,0,SL_INGRESO|SL_BALANZA_INGRESO|SL_VOLCABLE|SL_EGRESO,TERMINAL_EMBARQUE,SI
eacad3b7-60b,eacad3b7-60b,,ABSORBIDO,JVA446,R7,Ricardone → San Lorenzo,NO_CLASIFICADO,EVIDENCIA_INSUFICIENTE_ABSORBIDO,0,2026-10-03T05:38:11.778-03:00,2026-10-03T10:51:58.315-03:00,313.78,0,SL_INGRESO|SL_BALANZA_INGRESO|SL_VOLCABLE|SL_EGRESO,TERMINAL_EMBARQUE,SI
e1a84aaf-6c5,e1a84aaf-6c5,,ABSORBIDO,AC177GK,R7,Ricardone → San Lorenzo,NO_CLASIFICADO,EVIDENCIA_INSUFICIENTE_ABSORBIDO,0,2026-10-03T05:43:05.716-03:00,2026-10-03T10:58:59.483-03:00,315.9,0,CALADA|SL_BALANZA_INGRESO|SL_VOLCABLE|SL_EGRESO,TERMINAL_EMBARQUE,SI
3962a9e0-89f,3962a9e0-89f,,ABSORBIDO,PDJ671,R7,Ricardone → San Lorenzo,NO_CLASIFICADO,EVIDENCIA_INSUFICIENTE_ABSORBIDO,0,2026-10-03T05:46:01.163-03:00,2026-10-03T10:47:37.090-03:00,301.6,0,SL_INGRESO|SL_BALANZA_INGRESO|SL_VOLCABLE|SL_EGRESO,TERMINAL_EMBARQUE,SI
121fc8a0-767,121fc8a0-767,,ABSORBIDO,AF549QX,R7,Ricardone → San Lorenzo,NO_CLASIFICADO,EVIDENCIA_INSUFICIENTE_ABSORBIDO,0,2026-10-03T06:28:52.597-03:00,2026-10-03T11:07:38.666-03:00,278.77,0,SL_INGRESO|SL_BALANZA_INGRESO|SL_VOLCABLE|SL_EGRESO,TERMINAL_EMBARQUE,SI
23856bac-0d1,23856bac-0d1,,ABSORBIDO,AD195CG,SL1,Recepción Carga OSL San Lorenzo,NO_CLASIFICADO,EVIDENCIA_INSUFICIENTE_ABSORBIDO,0,2026-10-03T06:36:21.838-03:00,2026-10-03T09:03:32.457-03:00,147.18,0,SL_CALADA|SL_BALANZA_INGRESO|UNKNOWN|SL_EGRESO,TERMINAL_EMBARQUE,SI
9ab0aae3-8a7,9ab0aae3-8a7,,ABSORBIDO,NRV526,REGISTRO_INCOMPLETO,Registro incompleto,NO_CLASIFICADO,EVIDENCIA_INSUFICIENTE_ABSORBIDO,0,2026-10-03T06:55:46.605-03:00,2026-10-03T10:59:37.138-03:00,243.84,0,SL_BALANZA_INGRESO|SL_EGRESO,TERMINAL_EMBARQUE,SI
583f8eee-cce,583f8eee-cce,,ABSORBIDO,AGR963,SL1,Recepción Carga OSL San Lorenzo,NO_CLASIFICADO,EVIDENCIA_INSUFICIENTE_ABSORBIDO,0,2026-10-03T07:22:24.479-03:00,2026-10-03T09:32:10.384-03:00,129.77,0,SL_BALANZA_INGRESO|SL_EGRESO,TERMINAL_EMBARQUE,SI
ca0cd85a-691,ca0cd85a-691,,ABSORBIDO,LAU467,REGISTRO_INCOMPLETO,Registro incompleto,NO_CLASIFICADO,EVIDENCIA_INSUFICIENTE_ABSORBIDO,0,2026-10-03T07:25:58.100-03:00,2026-10-03T11:49:26.309-03:00,263.47,0,SL_INGRESO|SL_BALANZA_INGRESO|UNKNOWN|SL_EGRESO,TERMINAL_EMBARQUE,SI
b3f4883b-c01,b3f4883b-c01,,ABSORBIDO,ERG523,R7,Ricardone → San Lorenzo,NO_CLASIFICADO,EVIDENCIA_INSUFICIENTE_ABSORBIDO,0,2026-10-03T07:41:33.882-03:00,2026-10-03T08:40:50.993-03:00,59.29,0,SL_BALANZA_INGRESO|SL_VOLCABLE|SL_EGRESO,TERMINAL_EMBARQUE,SI
e04737c7-4ea__cycle_3,e04737c7-4ea,,ABSORBIDO,VDB780,R6,Recepción Volcable 2,NO_CLASIFICADO,EVIDENCIA_INSUFICIENTE_ABSORBIDO,0,2026-10-03T07:42:20.939-03:00,2026-10-03T08:34:29.597-03:00,52.14,0,PREINGRESO|PLAYA,RICARDONE,SI
6df07898-e28,6df07898-e28,,ABSORBIDO,GUV884,R7,Ricardone → San Lorenzo,NO_CLASIFICADO,EVIDENCIA_INSUFICIENTE_ABSORBIDO,0,2026-10-03T07:45:27.606-03:00,2026-10-03T09:02:39.796-03:00,77.2,0,SL_BALANZA_INGRESO|SL_VOLCABLE|SL_EGRESO,TERMINAL_EMBARQUE,SI
14834f5d-485__cycle_2,14834f5d-485,,ABSORBIDO,AE880CH,REGISTRO_INCOMPLETO,Registro incompleto,NO_CLASIFICADO,EVIDENCIA_INSUFICIENTE_ABSORBIDO,0,2026-10-03T08:11:27.297-03:00,2026-10-03T12:12:12.135-03:00,240.75,0,SL_INGRESO|SL_BALANZA_INGRESO|UNKNOWN|SL_CALADA|SL_BALANZA_INGRESO|SL_EGRESO,TERMINAL_EMBARQUE,SI
da40e7b0-82f,da40e7b0-82f,,ABSORBIDO,AB608FB,REGISTRO_INCOMPLETO,Registro incompleto,NO_CLASIFICADO,EVIDENCIA_INSUFICIENTE_ABSORBIDO,0,2026-10-03T08:17:47.799-03:00,2026-10-03T12:11:47.005-03:00,233.99,0,SL_INGRESO|SL_BALANZA_INGRESO|UNKNOWN|SL_CALADA|SL_BALANZA_INGRESO|SL_EGRESO,TERMINAL_EMBARQUE,SI
d4c16f09-6f9,d4c16f09-6f9,,ABSORBIDO,AG720PS,R7,Ricardone → San Lorenzo,NO_CLASIFICADO,EVIDENCIA_INSUFICIENTE_ABSORBIDO,0,2026-10-03T08:37:11.150-03:00,2026-10-03T11:05:23.612-03:00,148.21,0,SL_INGRESO|SL_BALANZA_INGRESO|SL_VOLCABLE|SL_EGRESO,TERMINAL_EMBARQUE,SI
6fbadb0b-f51,6fbadb0b-f51,,ABSORBIDO,AH466PL,R7,Ricardone → San Lorenzo,NO_CLASIFICADO,EVIDENCIA_INSUFICIENTE_ABSORBIDO,0,2026-10-03T08:44:50.456-03:00,2026-10-03T11:17:57.314-03:00,153.11,0,SL_INGRESO|SL_BALANZA_INGRESO|SL_VOLCABLE|SL_BALANZA_SALIDA|SL_EGRESO,TERMINAL_EMBARQUE,SI
45d36aa8-016,45d36aa8-016,,ABSORBIDO,PGL849,R7,Ricardone → San Lorenzo,NO_CLASIFICADO,EVIDENCIA_INSUFICIENTE_ABSORBIDO,0,2026-10-03T08:47:50.386-03:00,2026-10-03T11:15:35.337-03:00,147.75,0,SL_INGRESO|SL_BALANZA_INGRESO|SL_VOLCABLE|SL_EGRESO,TERMINAL_EMBARQUE,SI
b6e2b4d7-38e,b6e2b4d7-38e,,ABSORBIDO,AA703FC,REGISTRO_INCOMPLETO,Registro incompleto,NO_CLASIFICADO,EVIDENCIA_INSUFICIENTE_ABSORBIDO,0,2026-10-03T08:49:47.911-03:00,2026-10-03T09:25:50.232-03:00,36.04,0,SL_INGRESO|SL_BALANZA_INGRESO|UNKNOWN|SL_EGRESO,TERMINAL_EMBARQUE,SI
866402c6-d83,866402c6-d83,,ABSORBIDO,SZG666,SL1,Recepción Carga OSL San Lorenzo,NO_CLASIFICADO,EVIDENCIA_INSUFICIENTE_ABSORBIDO,0,2026-10-03T08:54:14.409-03:00,2026-10-03T10:07:02.557-03:00,72.8,0,SL_INGRESO|SL_BALANZA_INGRESO|UNKNOWN|SL_EGRESO,TERMINAL_EMBARQUE,SI
0ed65103-f21,0ed65103-f21,,ABSORBIDO,OLL626,SL1,Recepción Carga OSL San Lorenzo,NO_CLASIFICADO,EVIDENCIA_INSUFICIENTE_ABSORBIDO,0,2026-10-03T08:56:44.497-03:00,2026-10-03T12:47:29.116-03:00,230.74,0,SL_INGRESO|SL_BALANZA_INGRESO|UNKNOWN|SL_EGRESO,TERMINAL_EMBARQUE,SI
5f27a1e4-106,5f27a1e4-106,,ABSORBIDO,AA875OG,SL1,Recepción Carga OSL San Lorenzo,NO_CLASIFICADO,EVIDENCIA_INSUFICIENTE_ABSORBIDO,0,2026-10-03T09:21:24.422-03:00,2026-10-03T10:27:25.366-03:00,66.02,0,SL_INGRESO|SL_CALADA|SL_BALANZA_INGRESO|SL_LIQUIDO_CARGA|SL_EGRESO,TERMINAL_EMBARQUE,SI
286df073-bcc,286df073-bcc,,ABSORBIDO,KKV964,R7,Ricardone → San Lorenzo,NO_CLASIFICADO,EVIDENCIA_INSUFICIENTE_ABSORBIDO,0,2026-10-03T09:24:09.874-03:00,2026-10-03T11:32:28.182-03:00,128.31,0,SL_INGRESO|SL_BALANZA_INGRESO|SL_VOLCABLE|SL_EGRESO,TERMINAL_EMBARQUE,SI
96f8a176-89c,96f8a176-89c,,ABSORBIDO,AB608FC,REGISTRO_INCOMPLETO,Registro incompleto,NO_CLASIFICADO,EVIDENCIA_INSUFICIENTE_ABSORBIDO,0,2026-10-03T09:31:03.256-03:00,2026-10-03T12:06:46.405-03:00,155.72,0,SL_INGRESO|SL_BALANZA_INGRESO|UNKNOWN|SL_CALADA|SL_BALANZA_INGRESO|SL_EGRESO,TERMINAL_EMBARQUE,SI
44edd712-d37__cycle_2,44edd712-d37,,ABSORBIDO,AE449EC,REGISTRO_INCOMPLETO,Registro incompleto,NO_CLASIFICADO,EVIDENCIA_INSUFICIENTE_ABSORBIDO,0,2026-10-03T09:31:37.566-03:00,2026-10-03T12:27:23.034-03:00,175.76,0,SL_BALANZA_INGRESO|UNKNOWN|SL_EGRESO,TERMINAL_EMBARQUE,SI
a683e110-871,a683e110-871,,ABSORBIDO,OTF911,R7,Ricardone → San Lorenzo,NO_CLASIFICADO,EVIDENCIA_INSUFICIENTE_ABSORBIDO,0,2026-10-03T09:35:32.153-03:00,2026-10-03T11:28:19.974-03:00,112.8,0,SL_INGRESO|SL_BALANZA_INGRESO|SL_VOLCABLE,TERMINAL_EMBARQUE,SI
c0a2f458-768__cycle_2,c0a2f458-768,,ABSORBIDO,AE055XR,REGISTRO_INCOMPLETO,Registro incompleto,NO_CLASIFICADO,EVIDENCIA_INSUFICIENTE_ABSORBIDO,0,2026-10-03T09:35:48.173-03:00,2026-10-03T14:03:28.154-03:00,267.67,0,SL_BALANZA_INGRESO|SL_EGRESO,TERMINAL_EMBARQUE,SI
667110d6-666,667110d6-666,,ABSORBIDO,JVQ890,R7,Ricardone → San Lorenzo,NO_CLASIFICADO,EVIDENCIA_INSUFICIENTE_ABSORBIDO,0,2026-10-03T09:58:04.443-03:00,2026-10-03T10:11:39.988-03:00,13.59,0,SL_VOLCABLE|SL_EGRESO,TERMINAL_EMBARQUE,SI
0e1c2e65-46c,0e1c2e65-46c,,ABSORBIDO,SKT848,R7,Ricardone → San Lorenzo,NO_CLASIFICADO,EVIDENCIA_INSUFICIENTE_ABSORBIDO,0,2026-10-03T09:59:12.154-03:00,2026-10-03T12:14:51.599-03:00,135.66,0,SL_INGRESO|SL_BALANZA_INGRESO|SL_BALANZA_INGRESO|SL_VOLCABLE|SL_EGRESO,TERMINAL_EMBARQUE,SI
433605fb-c20,433605fb-c20,,ABSORBIDO,VCK738,REGISTRO_INCOMPLETO,Registro incompleto,NO_CLASIFICADO,EVIDENCIA_INSUFICIENTE_ABSORBIDO,0,2026-10-03T10:13:33.246-03:00,2026-10-03T10:40:11.512-03:00,26.64,0,SL_INGRESO|SL_BALANZA_INGRESO|UNKNOWN|SL_EGRESO,,SI
3640ac29-011,3640ac29-011,,ABSORBIDO,RUK692,REGISTRO_INCOMPLETO,Registro incompleto,NO_CLASIFICADO,EVIDENCIA_INSUFICIENTE_ABSORBIDO,0,2026-10-03T10:17:19.180-03:00,2026-10-03T10:41:45.710-03:00,24.44,0,SL_INGRESO|SL_CALADA|SL_BALANZA_INGRESO|UNKNOWN|SL_EGRESO,,SI
6829b74d-f8b__cycle_1,6829b74d-f8b,,ABSORBIDO,VCK738,R8,Recepción Mercadería Líquida,NO_CLASIFICADO,EVIDENCIA_INSUFICIENTE_ABSORBIDO,0,2026-10-03T10:55:03.396-03:00,2026-10-03T13:02:57.910-03:00,127.91,0,PREINGRESO|LIQUIDO|BALANZA_EGRESO,RICARDONE,SI
e4bedd7f-aa1__cycle_1,e4bedd7f-aa1,,ABSORBIDO,RUK692,R8,Recepción Mercadería Líquida,NO_CLASIFICADO,EVIDENCIA_INSUFICIENTE_ABSORBIDO,0,2026-10-03T11:05:31.673-03:00,2026-10-03T14:08:51.341-03:00,183.33,0,PREINGRESO|LIQUIDO|BALANZA_EGRESO,RICARDONE,SI
fbcd96da-d3a,fbcd96da-d3a,,ABSORBIDO,HSV126,R7,Ricardone → San Lorenzo,NO_CLASIFICADO,EVIDENCIA_INSUFICIENTE_ABSORBIDO,0,2026-10-03T11:48:17.121-03:00,2026-10-03T12:19:46.117-03:00,31.48,0,SL_INGRESO|SL_BALANZA_INGRESO|SL_VOLCABLE|SL_EGRESO,TERMINAL_EMBARQUE,SI
78cb3ddf-958,78cb3ddf-958,,ABSORBIDO,AA124FH,R7,Ricardone → San Lorenzo,NO_CLASIFICADO,EVIDENCIA_INSUFICIENTE_ABSORBIDO,0,2026-10-03T11:49:41.284-03:00,2026-10-03T12:32:27.836-03:00,42.78,0,SL_INGRESO|SL_BALANZA_INGRESO|SL_VOLCABLE|SL_EGRESO,TERMINAL_EMBARQUE,SI
8d8b1f73-856,8d8b1f73-856,,ABSORBIDO,EXA572,R7,Ricardone → San Lorenzo,NO_CLASIFICADO,EVIDENCIA_INSUFICIENTE_ABSORBIDO,0,2026-10-03T11:52:16.413-03:00,2026-10-03T12:52:30.076-03:00,60.23,0,SL_INGRESO|SL_BALANZA_INGRESO|SL_VOLCABLE|SL_EGRESO,TERMINAL_EMBARQUE,SI
492d9dca-bbe,492d9dca-bbe,,ABSORBIDO,BRE655,R7,Ricardone → San Lorenzo,NO_CLASIFICADO,EVIDENCIA_INSUFICIENTE_ABSORBIDO,0,2026-10-03T11:53:59.139-03:00,2026-10-03T12:34:05.355-03:00,40.1,0,SL_INGRESO|SL_BALANZA_INGRESO|SL_VOLCABLE|SL_BALANZA_SALIDA|SL_EGRESO,TERMINAL_EMBARQUE,SI
420d50f0-4f0,420d50f0-4f0,,ABSORBIDO,AA703FC,REGISTRO_INCOMPLETO,Registro incompleto,NO_CLASIFICADO,EVIDENCIA_INSUFICIENTE_ABSORBIDO,0,2026-10-03T12:24:42.127-03:00,2026-10-03T12:28:44.820-03:00,4.04,0,SL_INGRESO|SL_BALANZA_INGRESO,,SI
ea3ae5b5-2c1,ea3ae5b5-2c1,,ABSORBIDO,CMF111,SL1,Recepción Carga OSL San Lorenzo,NO_CLASIFICADO,EVIDENCIA_INSUFICIENTE_ABSORBIDO,0,2026-10-03T13:02:23.939-03:00,2026-10-03T14:24:14.492-03:00,81.84,0,SL_INGRESO|SL_BALANZA_INGRESO|UNKNOWN|SL_EGRESO,TERMINAL_EMBARQUE,SI
08b77755-1df,08b77755-1df,,ABSORBIDO,AC280ZZ,CIRCUITO_SAN_LORENZO,Circuito Ricardone → San Lorenzo,NO_CLASIFICADO,EVIDENCIA_INSUFICIENTE_ABSORBIDO,0,2026-10-03T13:27:19.791-03:00,2026-10-03T13:29:56.460-03:00,2.61,0,PREINGRESO|EGRESO,,SI
18acca79-901__cycle_1,18acca79-901,,ABSORBIDO,AC280ZZ,REGISTRO_INCOMPLETO,Registro incompleto,NO_CLASIFICADO,EVIDENCIA_INSUFICIENTE_ABSORBIDO,0,2026-10-03T13:37:07.260-03:00,2026-10-03T15:02:15.122-03:00,85.13,0,SL_INGRESO|SL_BALANZA_INGRESO,,SI
e31a0bf3-3e0,e31a0bf3-3e0,,ABSORBIDO,AF233MU,REGISTRO_INCOMPLETO,Registro incompleto,NO_CLASIFICADO,EVIDENCIA_INSUFICIENTE_ABSORBIDO,0,2026-10-03T13:53:05.894-03:00,2026-10-03T16:55:54.593-03:00,182.81,0,SL_BALANZA_INGRESO|SL_BALANZA_SALIDA|SL_EGRESO,TERMINAL_EMBARQUE,SI
40c35b63-5a2,40c35b63-5a2,,ABSORBIDO,SKU396,R7,Ricardone → San Lorenzo,NO_CLASIFICADO,EVIDENCIA_INSUFICIENTE_ABSORBIDO,0,2026-10-03T13:55:26.772-03:00,2026-10-03T20:52:35.588-03:00,417.15,0,PREINGRESO|PREINGRESO|PREINGRESO|SL_BALANZA_INGRESO,TERMINAL_EMBARQUE,SI
db45b334-a16__cycle_2,db45b334-a16,,ABSORBIDO,AD094MT,REGISTRO_INCOMPLETO,Registro incompleto,NO_CLASIFICADO,EVIDENCIA_INSUFICIENTE_ABSORBIDO,0,2026-10-03T13:55:57.758-03:00,2026-10-03T18:34:32.753-03:00,278.58,0,SL_BALANZA_INGRESO|UNKNOWN|SL_EGRESO,TERMINAL_EMBARQUE,SI
6829b74d-f8b__cycle_2,6829b74d-f8b,,ABSORBIDO,VCK738,R8,Recepción Mercadería Líquida,NO_CLASIFICADO,EVIDENCIA_INSUFICIENTE_ABSORBIDO,0,2026-10-03T14:34:06.107-03:00,2026-10-03T14:37:51.394-03:00,3.75,0,PREINGRESO|LIQUIDO,RICARDONE,SI
84fa453b-0ab,84fa453b-0ab,,ABSORBIDO,AB608FC,REGISTRO_INCOMPLETO,Registro incompleto,NO_CLASIFICADO,EVIDENCIA_INSUFICIENTE_ABSORBIDO,0,2026-10-03T14:51:40.502-03:00,2026-10-03T20:48:46.674-03:00,357.1,0,SL_INGRESO|SL_BALANZA_INGRESO|UNKNOWN|SL_CALADA|SL_BALANZA_INGRESO|SL_EGRESO,TERMINAL_EMBARQUE,SI
993e4a39-521,993e4a39-521,,ABSORBIDO,AF211NL,REGISTRO_INCOMPLETO,Registro incompleto,NO_CLASIFICADO,EVIDENCIA_INSUFICIENTE_ABSORBIDO,0,2026-10-03T14:59:55.236-03:00,2026-10-03T20:54:43.576-03:00,354.81,0,SL_BALANZA_INGRESO|SL_EGRESO,TERMINAL_EMBARQUE,SI
e4bedd7f-aa1__cycle_2,e4bedd7f-aa1,,ABSORBIDO,RUK692,R8,Recepción Mercadería Líquida,NO_CLASIFICADO,EVIDENCIA_INSUFICIENTE_ABSORBIDO,0,2026-10-03T15:28:50.484-03:00,2026-10-03T17:36:53.107-03:00,128.04,0,PREINGRESO|LIQUIDO|BALANZA_EGRESO,RICARDONE,SI
273f881e-e71,273f881e-e71,,ABSORBIDO,EKT110,R7,Ricardone → San Lorenzo,NO_CLASIFICADO,EVIDENCIA_INSUFICIENTE_ABSORBIDO,0,2026-10-03T16:01:42.346-03:00,2026-10-03T17:37:03.798-03:00,95.36,0,SL_INGRESO|SL_BALANZA_INGRESO|SL_BALANZA_INGRESO|SL_VOLCABLE|SL_EGRESO,TERMINAL_EMBARQUE,SI
f443812e-d43,f443812e-d43,,ABSORBIDO,JXN652,R7,Ricardone → San Lorenzo,NO_CLASIFICADO,EVIDENCIA_INSUFICIENTE_ABSORBIDO,0,2026-10-03T16:03:00.913-03:00,2026-10-03T18:13:56.163-03:00,130.92,0,SL_INGRESO|SL_BALANZA_INGRESO|SL_BALANZA_INGRESO|SL_VOLCABLE|SL_EGRESO,TERMINAL_EMBARQUE,SI
935c7246-14f,935c7246-14f,,ABSORBIDO,SZG666,SL1,Recepción Carga OSL San Lorenzo,NO_CLASIFICADO,EVIDENCIA_INSUFICIENTE_ABSORBIDO,0,2026-10-03T16:04:21.156-03:00,2026-10-03T17:18:02.204-03:00,73.68,0,SL_INGRESO|SL_BALANZA_INGRESO|UNKNOWN|SL_EGRESO,TERMINAL_EMBARQUE,SI
fc3a837b-937,fc3a837b-937,,ABSORBIDO,VVH227,R7,Ricardone → San Lorenzo,NO_CLASIFICADO,EVIDENCIA_INSUFICIENTE_ABSORBIDO,0,2026-10-03T16:39:10.026-03:00,2026-10-03T18:17:43.254-03:00,98.55,0,SL_INGRESO|SL_BALANZA_INGRESO|SL_EGRESO,TERMINAL_EMBARQUE,SI
5dac3a3d-88e,5dac3a3d-88e,,ABSORBIDO,ERR537,R7,Ricardone → San Lorenzo,NO_CLASIFICADO,EVIDENCIA_INSUFICIENTE_ABSORBIDO,0,2026-10-03T16:40:55.071-03:00,2026-10-03T18:02:37.892-03:00,81.71,0,SL_INGRESO|SL_BALANZA_INGRESO|SL_VOLCABLE|SL_EGRESO,TERMINAL_EMBARQUE,SI
fa769170-adc,fa769170-adc,,ABSORBIDO,CHH410,R7,Ricardone → San Lorenzo,NO_CLASIFICADO,EVIDENCIA_INSUFICIENTE_ABSORBIDO,0,2026-10-03T16:42:19.718-03:00,2026-10-03T17:07:11.664-03:00,24.87,0,SL_INGRESO|SL_BALANZA_INGRESO|SL_VOLCABLE|SL_BALANZA_SALIDA|SL_EGRESO,TERMINAL_EMBARQUE,SI
95650623-092,95650623-092,,ABSORBIDO,AG591MX,R7,Ricardone → San Lorenzo,NO_CLASIFICADO,EVIDENCIA_INSUFICIENTE_ABSORBIDO,0,2026-10-03T16:43:43.722-03:00,2026-10-03T18:00:39.525-03:00,76.93,0,SL_INGRESO|SL_BALANZA_INGRESO|SL_VOLCABLE|SL_EGRESO,TERMINAL_EMBARQUE,SI
26ca88ed-0fb,26ca88ed-0fb,,ABSORBIDO,AD214IX,R7,Ricardone → San Lorenzo,NO_CLASIFICADO,EVIDENCIA_INSUFICIENTE_ABSORBIDO,0,2026-10-03T17:29:21.640-03:00,2026-10-03T18:20:45.767-03:00,51.4,0,SL_INGRESO|SL_VOLCABLE|SL_EGRESO,TERMINAL_EMBARQUE,SI
bc866765-0ee,bc866765-0ee,,ABSORBIDO,KLM297,R7,Ricardone → San Lorenzo,NO_CLASIFICADO,EVIDENCIA_INSUFICIENTE_ABSORBIDO,0,2026-10-03T17:33:42.137-03:00,2026-10-03T18:32:15.723-03:00,58.56,0,SL_INGRESO|SL_VOLCABLE|SL_EGRESO,TERMINAL_EMBARQUE,SI
ad644dc6-e75,ad644dc6-e75,,ABSORBIDO,WTV292,R7,Ricardone → San Lorenzo,NO_CLASIFICADO,EVIDENCIA_INSUFICIENTE_ABSORBIDO,0,2026-10-03T17:39:53.359-03:00,2026-10-03T18:35:47.306-03:00,55.9,0,SL_INGRESO|SL_BALANZA_INGRESO|SL_VOLCABLE|SL_EGRESO,TERMINAL_EMBARQUE,SI
3045262f-783,3045262f-783,,ABSORBIDO,AF546AE,R7,Ricardone → San Lorenzo,NO_CLASIFICADO,EVIDENCIA_INSUFICIENTE_ABSORBIDO,0,2026-10-03T17:41:24.564-03:00,2026-10-03T19:42:10.376-03:00,120.76,0,SL_INGRESO|SL_BALANZA_INGRESO|SL_EGRESO,TERMINAL_EMBARQUE,SI
09aaaa28-12f,09aaaa28-12f,,ABSORBIDO,AE827TK,R7,Ricardone → San Lorenzo,NO_CLASIFICADO,EVIDENCIA_INSUFICIENTE_ABSORBIDO,0,2026-10-03T17:43:05.771-03:00,2026-10-03T18:39:19.429-03:00,56.23,0,SL_INGRESO|SL_BALANZA_INGRESO|SL_VOLCABLE|SL_EGRESO,TERMINAL_EMBARQUE,SI
6fdde15a-81b,6fdde15a-81b,,ABSORBIDO,AI494DP,R7,Ricardone → San Lorenzo,NO_CLASIFICADO,EVIDENCIA_INSUFICIENTE_ABSORBIDO,0,2026-10-03T17:45:24.096-03:00,2026-10-03T18:46:09.193-03:00,60.75,0,SL_INGRESO|SL_VOLCABLE|SL_EGRESO,TERMINAL_EMBARQUE,SI
e2c8773e-dae,e2c8773e-dae,,ABSORBIDO,AI494DO,R7,Ricardone → San Lorenzo,NO_CLASIFICADO,EVIDENCIA_INSUFICIENTE_ABSORBIDO,0,2026-10-03T17:50:16.864-03:00,2026-10-03T19:40:11.729-03:00,109.91,0,SL_INGRESO|SL_BALANZA_INGRESO|SL_EGRESO,TERMINAL_EMBARQUE,SI
93160faf-436,93160faf-436,,ABSORBIDO,TIV888,R7,Ricardone → San Lorenzo,NO_CLASIFICADO,EVIDENCIA_INSUFICIENTE_ABSORBIDO,0,2026-10-03T18:16:06.553-03:00,2026-10-03T20:02:36.686-03:00,106.5,0,SL_INGRESO|SL_BALANZA_INGRESO|SL_EGRESO,TERMINAL_EMBARQUE,SI
5a87c9c0-ecf,5a87c9c0-ecf,,ABSORBIDO,POA515,R7,Ricardone → San Lorenzo,NO_CLASIFICADO,EVIDENCIA_INSUFICIENTE_ABSORBIDO,0,2026-10-03T20:28:50.780-03:00,2026-10-03T23:06:44.694-03:00,157.9,0,SL_INGRESO|SL_BALANZA_INGRESO|SL_BALANZA_INGRESO|SL_EGRESO,TERMINAL_EMBARQUE,SI
9619cb56-ac5,9619cb56-ac5,,ABSORBIDO,THE665,R7,Ricardone → San Lorenzo,NO_CLASIFICADO,EVIDENCIA_INSUFICIENTE_ABSORBIDO,0,2026-10-03T20:30:41.346-03:00,2026-10-03T20:57:28.882-03:00,26.79,0,SL_INGRESO|SL_BALANZA_INGRESO|SL_BALANZA_SALIDA|SL_EGRESO,TERMINAL_EMBARQUE,SI
49bce4d5-e5c,49bce4d5-e5c,,ABSORBIDO,AH396HP,REGISTRO_INCOMPLETO,Registro incompleto,NO_CLASIFICADO,EVIDENCIA_INSUFICIENTE_ABSORBIDO,0,2026-10-03T20:36:48.168-03:00,2026-10-03T22:19:17.737-03:00,102.49,0,SL_INGRESO|SL_BALANZA_INGRESO|UNKNOWN|SL_EGRESO,TERMINAL_EMBARQUE,SI
953f83e1-249,953f83e1-249,,ABSORBIDO,AA425FJ,R7,Ricardone → San Lorenzo,NO_CLASIFICADO,EVIDENCIA_INSUFICIENTE_ABSORBIDO,0,2026-10-03T20:38:08.973-03:00,2026-10-03T21:06:39.382-03:00,28.51,0,SL_INGRESO|SL_EGRESO,TERMINAL_EMBARQUE,SI
2f2a5683-33c,2f2a5683-33c,,ABSORBIDO,AA294QF,R7,Ricardone → San Lorenzo,NO_CLASIFICADO,EVIDENCIA_INSUFICIENTE_ABSORBIDO,0,2026-10-03T20:45:20.038-03:00,2026-10-03T21:13:25.677-03:00,28.09,0,SL_INGRESO|SL_EGRESO,TERMINAL_EMBARQUE,SI
8ef6a020-ecb,8ef6a020-ecb,,ABSORBIDO,SHS882,R7,Ricardone → San Lorenzo,NO_CLASIFICADO,EVIDENCIA_INSUFICIENTE_ABSORBIDO,0,2026-10-03T20:46:49.722-03:00,2026-10-03T21:26:58.602-03:00,40.15,0,SL_INGRESO|SL_BALANZA_INGRESO|SL_EGRESO,TERMINAL_EMBARQUE,SI
508813c9-f28,508813c9-f28,,ABSORBIDO,NYF932,R7,Ricardone → San Lorenzo,NO_CLASIFICADO,EVIDENCIA_INSUFICIENTE_ABSORBIDO,0,2026-10-03T20:48:08.848-03:00,2026-10-03T21:52:14.008-03:00,64.09,0,SL_INGRESO|SL_BALANZA_INGRESO|SL_EGRESO,TERMINAL_EMBARQUE,SI
53598ecf-7dc,53598ecf-7dc,,ABSORBIDO,AE458GA,R7,Ricardone → San Lorenzo,NO_CLASIFICADO,EVIDENCIA_INSUFICIENTE_ABSORBIDO,0,2026-10-03T20:50:21.655-03:00,2026-10-03T21:55:09.078-03:00,64.79,0,SL_INGRESO|SL_BALANZA_INGRESO|SL_EGRESO,TERMINAL_EMBARQUE,SI
3f6887e3-fbf,3f6887e3-fbf,,ABSORBIDO,AI203AF,R7,Ricardone → San Lorenzo,NO_CLASIFICADO,EVIDENCIA_INSUFICIENTE_ABSORBIDO,0,2026-10-03T20:54:37.189-03:00,2026-10-03T22:13:26.717-03:00,78.83,0,SL_INGRESO|SL_BALANZA_INGRESO|SL_EGRESO,TERMINAL_EMBARQUE,SI
f8ab6cc6-3be,f8ab6cc6-3be,,ABSORBIDO,CMF111,SL1,Recepción Carga OSL San Lorenzo,NO_CLASIFICADO,EVIDENCIA_INSUFICIENTE_ABSORBIDO,0,2026-10-03T20:57:13.679-03:00,2026-10-03T22:14:04.532-03:00,76.85,0,SL_INGRESO|SL_BALANZA_INGRESO|SL_EGRESO,TERMINAL_EMBARQUE,SI
39cb9ce3-1c3,39cb9ce3-1c3,,ABSORBIDO,EMA564,CIRCUITO_SAN_LORENZO,Circuito Ricardone → San Lorenzo,NO_CLASIFICADO,EVIDENCIA_INSUFICIENTE_ABSORBIDO,0,2026-10-03T22:00:34.296-03:00,2026-10-04T00:15:29.025-03:00,134.91,0,PREINGRESO|CALADA|EGRESO,,SI
69e447c8-94d,69e447c8-94d,,ABSORBIDO,LGC952,R7,Ricardone → San Lorenzo,NO_CLASIFICADO,EVIDENCIA_INSUFICIENTE_ABSORBIDO,0,2026-10-03T22:22:19.367-03:00,2026-10-03T22:54:39.684-03:00,32.34,0,SL_INGRESO|SL_BALANZA_INGRESO|SL_EGRESO,TERMINAL_EMBARQUE,SI
a3e5cbba-834,a3e5cbba-834,,ABSORBIDO,AI523IB,CIRCUITO_SAN_LORENZO,Circuito Ricardone → San Lorenzo,NO_CLASIFICADO,EVIDENCIA_INSUFICIENTE_ABSORBIDO,0,2026-10-03T22:58:45.941-03:00,2026-10-04T00:31:58.843-03:00,93.22,0,PREINGRESO|CALADA|EGRESO,,SI
9f4f2da0-d2f,9f4f2da0-d2f,,ABSORBIDO,SZG666,SL1,Recepción Carga OSL San Lorenzo,NO_CLASIFICADO,EVIDENCIA_INSUFICIENTE_ABSORBIDO,0,2026-10-03T23:50:15.595-03:00,2026-10-04T01:07:20.483-03:00,77.08,0,SL_INGRESO|SL_BALANZA_INGRESO|UNKNOWN|SL_BALANZA_SALIDA|SL_EGRESO,TERMINAL_EMBARQUE,SI
0c36ab6e-038,0c36ab6e-038,,ABSORBIDO,EMA564,R7,Ricardone → San Lorenzo,NO_CLASIFICADO,EVIDENCIA_INSUFICIENTE_ABSORBIDO,0,2026-10-04T00:28:53.330-03:00,2026-10-04T01:18:11.157-03:00,49.3,0,SL_INGRESO|SL_BALANZA_INGRESO|SL_EGRESO,TERMINAL_EMBARQUE,SI
7f182e90-1f8,7f182e90-1f8,,ABSORBIDO,UJF597,R7,Ricardone → San Lorenzo,NO_CLASIFICADO,EVIDENCIA_INSUFICIENTE_ABSORBIDO,0,2026-10-04T00:29:41.093-03:00,2026-10-04T01:29:26.587-03:00,59.76,0,SL_INGRESO|SL_VOLCABLE|SL_EGRESO,TERMINAL_EMBARQUE,SI
af5b7215-f6d,af5b7215-f6d,,ABSORBIDO,AFJ835,R7,Ricardone → San Lorenzo,NO_CLASIFICADO,EVIDENCIA_INSUFICIENTE_ABSORBIDO,0,2026-10-04T00:30:15.253-03:00,2026-10-04T01:36:22.514-03:00,66.12,0,SL_INGRESO|SL_BALANZA_INGRESO|SL_EGRESO,TERMINAL_EMBARQUE,SI
fd6d7d01-bbb,fd6d7d01-bbb,,ABSORBIDO,AI467SL,R7,Ricardone → San Lorenzo,NO_CLASIFICADO,EVIDENCIA_INSUFICIENTE_ABSORBIDO,0,2026-10-04T00:31:44.220-03:00,2026-10-04T01:37:18.296-03:00,65.57,0,SL_INGRESO|SL_EGRESO,TERMINAL_EMBARQUE,SI
e84ab158-9c4,e84ab158-9c4,,ABSORBIDO,AG818PJ,R7,Ricardone → San Lorenzo,NO_CLASIFICADO,EVIDENCIA_INSUFICIENTE_ABSORBIDO,0,2026-10-04T00:33:59.494-03:00,2026-10-04T01:43:12.438-03:00,69.22,0,SL_INGRESO|SL_BALANZA_INGRESO|SL_EGRESO,TERMINAL_EMBARQUE,SI
7806244d-b45__cycle_1,7806244d-b45,,ABSORBIDO,AA323QQ,REGISTRO_INCOMPLETO,Registro incompleto,NO_CLASIFICADO,EVIDENCIA_INSUFICIENTE_ABSORBIDO,0,2026-10-04T00:36:09.858-03:00,2026-10-04T00:41:34.146-03:00,5.4,0,SL_INGRESO|SL_BALANZA_INGRESO,,SI
2e04d456-653,2e04d456-653,,ABSORBIDO,OZH665,R7,Ricardone → San Lorenzo,NO_CLASIFICADO,EVIDENCIA_INSUFICIENTE_ABSORBIDO,0,2026-10-04T00:39:08.669-03:00,2026-10-04T00:45:25.411-03:00,6.28,0,SL_INGRESO|SL_BALANZA_INGRESO,TERMINAL_EMBARQUE,SI
da9de395-8ae,da9de395-8ae,,ABSORBIDO,AI523IB,R7,Ricardone → San Lorenzo,NO_CLASIFICADO,EVIDENCIA_INSUFICIENTE_ABSORBIDO,0,2026-10-04T00:42:31.799-03:00,2026-10-04T02:23:45.971-03:00,101.24,0,SL_INGRESO|SL_BALANZA_INGRESO|SL_EGRESO,TERMINAL_EMBARQUE,SI
4ff128ae-20b,4ff128ae-20b,,ABSORBIDO,IRP303,R7,Ricardone → San Lorenzo,NO_CLASIFICADO,EVIDENCIA_INSUFICIENTE_ABSORBIDO,0,2026-10-04T00:46:17.494-03:00,2026-10-04T02:39:11.556-03:00,112.9,0,SL_INGRESO|SL_BALANZA_INGRESO|SL_EGRESO,TERMINAL_EMBARQUE,SI
f70123a0-c73,f70123a0-c73,,ABSORBIDO,AH118GQ,R7,Ricardone → San Lorenzo,NO_CLASIFICADO,EVIDENCIA_INSUFICIENTE_ABSORBIDO,0,2026-10-04T00:47:41.499-03:00,2026-10-04T06:23:09.145-03:00,335.46,0,SL_INGRESO|SL_BALANZA_INGRESO|SL_EGRESO,TERMINAL_EMBARQUE,SI
5be88527-d91__cycle_1,5be88527-d91,,ABSORBIDO,AC126UC,REGISTRO_INCOMPLETO,Registro incompleto,NO_CLASIFICADO,EVIDENCIA_INSUFICIENTE_ABSORBIDO,0,2026-10-04T00:48:37.102-03:00,2026-10-04T00:51:26.283-03:00,2.82,0,SL_INGRESO|SL_BALANZA_INGRESO,,SI
55e55f1a-919,55e55f1a-919,,ABSORBIDO,AB651EW,R7,Ricardone → San Lorenzo,NO_CLASIFICADO,EVIDENCIA_INSUFICIENTE_ABSORBIDO,0,2026-10-04T00:54:38.323-03:00,2026-10-04T02:47:48.363-03:00,113.17,0,SL_INGRESO|SL_BALANZA_INGRESO|SL_EGRESO,TERMINAL_EMBARQUE,SI
0e5a542c-d5c,0e5a542c-d5c,,ABSORBIDO,MUA915,R7,Ricardone → San Lorenzo,NO_CLASIFICADO,EVIDENCIA_INSUFICIENTE_ABSORBIDO,0,2026-10-04T00:57:37.693-03:00,2026-10-04T02:58:19.855-03:00,120.7,0,SL_INGRESO|SL_EGRESO,TERMINAL_EMBARQUE,SI
da24ce83-39a,da24ce83-39a,,ABSORBIDO,AD799JD,R7,Ricardone → San Lorenzo,NO_CLASIFICADO,EVIDENCIA_INSUFICIENTE_ABSORBIDO,0,2026-10-04T00:58:49.299-03:00,2026-10-04T02:58:41.024-03:00,119.86,0,SL_INGRESO|SL_EGRESO,TERMINAL_EMBARQUE,SI
a2892fbe-f9f,a2892fbe-f9f,,ABSORBIDO,EQK330,R7,Ricardone → San Lorenzo,NO_CLASIFICADO,EVIDENCIA_INSUFICIENTE_ABSORBIDO,0,2026-10-04T00:59:32.658-03:00,2026-10-04T03:12:08.267-03:00,132.59,0,SL_INGRESO|SL_BALANZA_INGRESO|SL_EGRESO,TERMINAL_EMBARQUE,SI
4b175fa4-956,4b175fa4-956,,ABSORBIDO,END934,R7,Ricardone → San Lorenzo,NO_CLASIFICADO,EVIDENCIA_INSUFICIENTE_ABSORBIDO,0,2026-10-04T01:01:44.348-03:00,2026-10-04T03:43:42.224-03:00,161.96,0,SL_INGRESO|SL_EGRESO,TERMINAL_EMBARQUE,SI
866e1bfe-62e,866e1bfe-62e,,ABSORBIDO,AH927OU,R7,Ricardone → San Lorenzo,NO_CLASIFICADO,EVIDENCIA_INSUFICIENTE_ABSORBIDO,0,2026-10-04T01:07:19.486-03:00,2026-10-04T03:44:45.249-03:00,157.43,0,SL_INGRESO|SL_BALANZA_INGRESO|SL_EGRESO,TERMINAL_EMBARQUE,SI
5d507fed-797,5d507fed-797,,ABSORBIDO,AA624AH,R7,Ricardone → San Lorenzo,NO_CLASIFICADO,EVIDENCIA_INSUFICIENTE_ABSORBIDO,0,2026-10-04T01:15:45.197-03:00,2026-10-04T03:55:14.560-03:00,159.49,0,SL_INGRESO|SL_BALANZA_INGRESO|SL_EGRESO,TERMINAL_EMBARQUE,SI
b585c8b7-b6d,b585c8b7-b6d,,ABSORBIDO,CMF111,SL1,Recepción Carga OSL San Lorenzo,NO_CLASIFICADO,EVIDENCIA_INSUFICIENTE_ABSORBIDO,0,2026-10-04T03:57:46.346-03:00,2026-10-04T05:09:50.745-03:00,72.07,0,SL_INGRESO|SL_BALANZA_INGRESO|SL_EGRESO,TERMINAL_EMBARQUE,SI
799870bd-a71,799870bd-a71,,ABSORBIDO,AE808WG,REGISTRO_INCOMPLETO,Registro incompleto,NO_CLASIFICADO,EVIDENCIA_INSUFICIENTE_ABSORBIDO,0,2026-10-04T04:15:22.888-03:00,2026-10-04T07:22:40.332-03:00,187.29,0,SL_INGRESO|SL_BALANZA_INGRESO|SL_CALADA|SL_BALANZA_INGRESO|SL_EGRESO,TERMINAL_EMBARQUE,SI
8da6c9cd-7da,8da6c9cd-7da,,ABSORBIDO,PIA647,R7,Ricardone → San Lorenzo,NO_CLASIFICADO,EVIDENCIA_INSUFICIENTE_ABSORBIDO,0,2026-10-04T05:50:25.620-03:00,2026-10-04T06:13:37.859-03:00,23.2,0,SL_INGRESO|SL_BALANZA_INGRESO|SL_EGRESO,TERMINAL_EMBARQUE,SI
e4bedd7f-aa1__cycle_3,e4bedd7f-aa1,,ABSORBIDO,RUK692,REGISTRO_INCOMPLETO,Registro incompleto,NO_CLASIFICADO,EVIDENCIA_INSUFICIENTE_ABSORBIDO,0,2026-10-04T07:02:00.029-03:00,2026-10-04T08:43:02.997-03:00,101.05,0,SL_INGRESO|SL_BALANZA_INGRESO|SL_EGRESO,TERMINAL_EMBARQUE,SI
2b9270f3-17b,2b9270f3-17b,,ABSORBIDO,CHP130,R7,Ricardone → San Lorenzo,NO_CLASIFICADO,EVIDENCIA_INSUFICIENTE_ABSORBIDO,0,2026-10-04T07:11:59.538-03:00,2026-10-04T07:52:27.264-03:00,40.46,0,SL_VOLCABLE|SL_EGRESO,TERMINAL_EMBARQUE,SI
53db4869-da4,53db4869-da4,,ABSORBIDO,BXT318,R7,Ricardone → San Lorenzo,NO_CLASIFICADO,EVIDENCIA_INSUFICIENTE_ABSORBIDO,0,2026-10-04T07:55:39.763-03:00,2026-10-04T08:29:45.919-03:00,34.1,0,SL_INGRESO|SL_BALANZA_INGRESO|SL_VOLCABLE|SL_EGRESO,TERMINAL_EMBARQUE,SI
58e42919-67c,58e42919-67c,,ABSORBIDO,AG581PL,REGISTRO_INCOMPLETO,Registro incompleto,NO_CLASIFICADO,EVIDENCIA_INSUFICIENTE_ABSORBIDO,0,2026-10-04T07:59:28.073-03:00,2026-10-04T11:34:01.694-03:00,214.56,0,SL_BALANZA_INGRESO|UNKNOWN|SL_EGRESO,TERMINAL_EMBARQUE,SI
ecb0073d-1ee,ecb0073d-1ee,,ABSORBIDO,AA492RN,REGISTRO_INCOMPLETO,Registro incompleto,NO_CLASIFICADO,EVIDENCIA_INSUFICIENTE_ABSORBIDO,0,2026-10-04T08:02:17.746-03:00,2026-10-04T10:04:20.846-03:00,122.05,0,SL_BALANZA_INGRESO|UNKNOWN|SL_BALANZA_SALIDA|SL_EGRESO,TERMINAL_EMBARQUE,SI
792ba1a5-e3a__cycle_2,792ba1a5-e3a,,ABSORBIDO,RER595,R7,Ricardone → San Lorenzo,NO_CLASIFICADO,EVIDENCIA_INSUFICIENTE_ABSORBIDO,0,2026-10-04T08:04:12.476-03:00,2026-10-04T08:48:20.845-03:00,44.14,0,SL_BALANZA_INGRESO|SL_VOLCABLE|SL_EGRESO,TERMINAL_EMBARQUE,SI
b218dd02-dde__cycle_2,b218dd02-dde,,ABSORBIDO,AG253AC,REGISTRO_INCOMPLETO,Registro incompleto,NO_CLASIFICADO,EVIDENCIA_INSUFICIENTE_ABSORBIDO,0,2026-10-04T08:05:22.315-03:00,2026-10-04T12:47:41.428-03:00,282.32,0,SL_BALANZA_INGRESO|UNKNOWN|UNKNOWN|SL_EGRESO,TERMINAL_EMBARQUE,SI
91a355cb-d52__cycle_2,91a355cb-d52,,ABSORBIDO,AC275KB,SL1,Recepción Carga OSL San Lorenzo,NO_CLASIFICADO,EVIDENCIA_INSUFICIENTE_ABSORBIDO,0,2026-10-04T08:32:38.770-03:00,2026-10-04T10:16:16.212-03:00,103.62,0,SL_INGRESO|SL_BALANZA_INGRESO|UNKNOWN|SL_EGRESO,TERMINAL_EMBARQUE,SI
e75b88a3-402,e75b88a3-402,,ABSORBIDO,AH942OD,CIRCUITO_SAN_LORENZO,Circuito Ricardone → San Lorenzo,NO_CLASIFICADO,EVIDENCIA_INSUFICIENTE_ABSORBIDO,0,2026-10-04T08:40:16.023-03:00,2026-10-04T08:44:27.013-03:00,4.18,0,PREINGRESO|EGRESO,,SI
6829b74d-f8b__cycle_3,6829b74d-f8b,,ABSORBIDO,VCK738,REGISTRO_INCOMPLETO,Registro incompleto,NO_CLASIFICADO,EVIDENCIA_INSUFICIENTE_ABSORBIDO,0,2026-10-04T08:50:00.194-03:00,2026-10-04T10:34:07.457-03:00,104.12,0,SL_INGRESO|SL_BALANZA_INGRESO|UNKNOWN|SL_EGRESO,TERMINAL_EMBARQUE,SI
a7b07bc1-49d,a7b07bc1-49d,,ABSORBIDO,AH942OD,REGISTRO_INCOMPLETO,Registro incompleto,NO_CLASIFICADO,EVIDENCIA_INSUFICIENTE_ABSORBIDO,0,2026-10-04T08:51:53.560-03:00,2026-10-04T15:29:44.601-03:00,397.85,0,SL_INGRESO|SL_BALANZA_INGRESO|UNKNOWN|SL_BALANZA_SALIDA|SL_EGRESO,TERMINAL_EMBARQUE,SI
9eaf428e-e35,9eaf428e-e35,,ABSORBIDO,SZG666,SL1,Recepción Carga OSL San Lorenzo,NO_CLASIFICADO,EVIDENCIA_INSUFICIENTE_ABSORBIDO,0,2026-10-04T08:56:23.576-03:00,2026-10-04T10:08:17.660-03:00,71.9,0,SL_INGRESO|SL_BALANZA_INGRESO|UNKNOWN|SL_EGRESO,TERMINAL_EMBARQUE,SI
1a6eb849-518,1a6eb849-518,,ABSORBIDO,RUK692,R8,Recepción Mercadería Líquida,NO_CLASIFICADO,EVIDENCIA_INSUFICIENTE_ABSORBIDO,0,2026-10-04T08:59:13.208-03:00,2026-10-04T12:09:27.431-03:00,190.24,0,PREINGRESO|BALANZA_EGRESO|SL_INGRESO|SL_BALANZA_INGRESO|UNKNOWN|SL_EGRESO,RICARDONE,SI
439b8376-eef,439b8376-eef,,ABSORBIDO,PAR121,REGISTRO_INCOMPLETO,Registro incompleto,NO_CLASIFICADO,EVIDENCIA_INSUFICIENTE_ABSORBIDO,0,2026-10-04T09:03:11.519-03:00,2026-10-04T11:39:19.642-03:00,156.14,0,SL_INGRESO|SL_BALANZA_INGRESO|UNKNOWN|UNKNOWN|SL_EGRESO,TERMINAL_EMBARQUE,SI
ffa52548-1d6,ffa52548-1d6,,ABSORBIDO,PAF816,R7,Ricardone → San Lorenzo,NO_CLASIFICADO,EVIDENCIA_INSUFICIENTE_ABSORBIDO,0,2026-10-04T09:50:33.307-03:00,2026-10-04T12:44:16.866-03:00,173.73,0,PREINGRESO|SL_INGRESO|SL_VOLCABLE|SL_EGRESO,TERMINAL_EMBARQUE,SI
7d659557-e17,7d659557-e17,,ABSORBIDO,VCK738,R8,Recepción Mercadería Líquida,NO_CLASIFICADO,EVIDENCIA_INSUFICIENTE_ABSORBIDO,0,2026-10-04T10:46:48.945-03:00,2026-10-04T15:53:51.019-03:00,307.03,0,PREINGRESO|BALANZA_EGRESO|SL_INGRESO|SL_BALANZA_INGRESO|UNKNOWN|SL_EGRESO,RICARDONE,SI
5be88527-d91__cycle_2,5be88527-d91,,ABSORBIDO,AC126UC,R7,Ricardone → San Lorenzo,NO_CLASIFICADO,EVIDENCIA_INSUFICIENTE_ABSORBIDO,0,2026-10-04T10:47:27.838-03:00,2026-10-04T11:42:47.631-03:00,55.33,0,SL_BALANZA_INGRESO|SL_VOLCABLE|SL_EGRESO,TERMINAL_EMBARQUE,SI
43e02a6e-35c,43e02a6e-35c,,ABSORBIDO,GGR714,R7,Ricardone → San Lorenzo,NO_CLASIFICADO,EVIDENCIA_INSUFICIENTE_ABSORBIDO,0,2026-10-04T11:12:42.475-03:00,2026-10-04T11:51:43.309-03:00,39.01,0,SL_INGRESO|SL_BALANZA_INGRESO|SL_VOLCABLE|SL_EGRESO,TERMINAL_EMBARQUE,SI
a3e43899-1fe,a3e43899-1fe,,ABSORBIDO,AF047OT,R7,Ricardone → San Lorenzo,NO_CLASIFICADO,EVIDENCIA_INSUFICIENTE_ABSORBIDO,0,2026-10-04T11:15:15.521-03:00,2026-10-04T12:07:53.073-03:00,52.63,0,SL_INGRESO|SL_BALANZA_INGRESO|SL_VOLCABLE|SL_EGRESO,TERMINAL_EMBARQUE,SI
6e544c6b-260,6e544c6b-260,,ABSORBIDO,NYR510,R7,Ricardone → San Lorenzo,NO_CLASIFICADO,EVIDENCIA_INSUFICIENTE_ABSORBIDO,0,2026-10-04T11:16:39.446-03:00,2026-10-04T11:50:58.481-03:00,34.32,0,SL_INGRESO|SL_BALANZA_INGRESO|SL_VOLCABLE,TERMINAL_EMBARQUE,SI
f1f538cc-9a9,f1f538cc-9a9,,ABSORBIDO,AC339NP,R7,Ricardone → San Lorenzo,NO_CLASIFICADO,EVIDENCIA_INSUFICIENTE_ABSORBIDO,0,2026-10-04T11:17:40.892-03:00,2026-10-04T12:16:54.289-03:00,59.22,0,SL_INGRESO|SL_BALANZA_INGRESO|SL_VOLCABLE|SL_EGRESO,TERMINAL_EMBARQUE,SI
fd1ab0b5-14f,fd1ab0b5-14f,,ABSORBIDO,AA037JX,R7,Ricardone → San Lorenzo,NO_CLASIFICADO,EVIDENCIA_INSUFICIENTE_ABSORBIDO,0,2026-10-04T11:21:59.145-03:00,2026-10-04T12:28:46.974-03:00,66.8,0,SL_INGRESO|SL_BALANZA_INGRESO|SL_VOLCABLE|SL_EGRESO,TERMINAL_EMBARQUE,SI
362f3da2-243__cycle_1,362f3da2-243,,ABSORBIDO,GBR319,DESPACHO_SIN_PUNTO_INSTRUMENTADO,Despacho / descarga sin punto instrumentado,NO_CLASIFICADO,EVIDENCIA_INSUFICIENTE_ABSORBIDO,0,2026-10-04T11:52:05.974-03:00,2026-10-04T14:14:49.537-03:00,142.73,0,PREINGRESO|CALADA|PREINGRESO,,SI
3870a31b-dd7,3870a31b-dd7,,ABSORBIDO,CMF111,SL1,Recepción Carga OSL San Lorenzo,NO_CLASIFICADO,EVIDENCIA_INSUFICIENTE_ABSORBIDO,0,2026-10-04T12:10:53.558-03:00,2026-10-04T13:26:01.917-03:00,75.14,0,SL_INGRESO|SL_BALANZA_INGRESO|UNKNOWN|SL_EGRESO,TERMINAL_EMBARQUE,SI
40761daf-1bc,40761daf-1bc,,ABSORBIDO,RUK692,DESPACHO_SIN_PUNTO_INSTRUMENTADO,Despacho / descarga sin punto instrumentado,NO_CLASIFICADO,EVIDENCIA_INSUFICIENTE_ABSORBIDO,0,2026-10-04T12:24:22.431-03:00,2026-10-04T16:52:44.810-03:00,268.37,0,PREINGRESO|BALANZA_EGRESO|SL_INGRESO|SL_BALANZA_INGRESO|UNKNOWN|SL_EGRESO,TERMINAL_EMBARQUE,SI
7a501bea-d1e,7a501bea-d1e,,ABSORBIDO,AA323QQ,R7,Ricardone → San Lorenzo,NO_CLASIFICADO,EVIDENCIA_INSUFICIENTE_ABSORBIDO,0,2026-10-04T12:33:20.227-03:00,2026-10-04T12:50:07.166-03:00,16.78,0,SL_VOLCABLE|SL_EGRESO,TERMINAL_EMBARQUE,SI
abe11604-e97,abe11604-e97,,ABSORBIDO,AE808WG,REGISTRO_INCOMPLETO,Registro incompleto,NO_CLASIFICADO,EVIDENCIA_INSUFICIENTE_ABSORBIDO,0,2026-10-04T12:47:24.486-03:00,2026-10-04T15:34:59.406-03:00,167.58,0,SL_INGRESO|SL_BALANZA_INGRESO|UNKNOWN|SL_CALADA|SL_BALANZA_INGRESO|SL_EGRESO,TERMINAL_EMBARQUE,SI
ba9f6b89-a1f,ba9f6b89-a1f,,ABSORBIDO,AB081ES,R7,Ricardone → San Lorenzo,NO_CLASIFICADO,EVIDENCIA_INSUFICIENTE_ABSORBIDO,0,2026-10-04T13:47:32.719-03:00,2026-10-04T14:37:15.962-03:00,49.72,0,SL_INGRESO|SL_BALANZA_INGRESO|SL_VOLCABLE|SL_EGRESO,TERMINAL_EMBARQUE,SI
6c2824d4-2b4,6c2824d4-2b4,,ABSORBIDO,FXR146,R7,Ricardone → San Lorenzo,NO_CLASIFICADO,EVIDENCIA_INSUFICIENTE_ABSORBIDO,0,2026-10-04T13:48:24.722-03:00,2026-10-04T14:37:42.772-03:00,49.3,0,SL_INGRESO|SL_BALANZA_INGRESO|SL_VOLCABLE|SL_EGRESO,TERMINAL_EMBARQUE,SI
16764b52-cbf,16764b52-cbf,,ABSORBIDO,AZL453,R7,Ricardone → San Lorenzo,NO_CLASIFICADO,EVIDENCIA_INSUFICIENTE_ABSORBIDO,0,2026-10-04T14:40:13.383-03:00,2026-10-04T15:41:30.255-03:00,61.28,0,SL_INGRESO|SL_BALANZA_INGRESO|SL_VOLCABLE,TERMINAL_EMBARQUE,SI
a9382876-d58,a9382876-d58,,ABSORBIDO,IUL281,R7,Ricardone → San Lorenzo,NO_CLASIFICADO,EVIDENCIA_INSUFICIENTE_ABSORBIDO,0,2026-10-04T14:42:04.190-03:00,2026-10-04T15:02:48.574-03:00,20.74,0,SL_INGRESO|SL_BALANZA_INGRESO|SL_VOLCABLE|SL_EGRESO,TERMINAL_EMBARQUE,SI
a74beac7-f88,a74beac7-f88,,ABSORBIDO,EIO943,R7,Ricardone → San Lorenzo,NO_CLASIFICADO,EVIDENCIA_INSUFICIENTE_ABSORBIDO,0,2026-10-04T14:43:53.237-03:00,2026-10-04T16:11:22.759-03:00,87.49,0,SL_INGRESO|SL_BALANZA_INGRESO|SL_VOLCABLE|SL_BALANZA_SALIDA|SL_EGRESO,TERMINAL_EMBARQUE,SI
0a38ce1b-e2e,0a38ce1b-e2e,,ABSORBIDO,LFB955,R7,Ricardone → San Lorenzo,NO_CLASIFICADO,EVIDENCIA_INSUFICIENTE_ABSORBIDO,0,2026-10-04T14:44:55.400-03:00,2026-10-04T15:20:27.998-03:00,35.54,0,SL_INGRESO|SL_BALANZA_INGRESO|SL_VOLCABLE|SL_EGRESO,TERMINAL_EMBARQUE,SI
8ea3628f-b04,8ea3628f-b04,,ABSORBIDO,JWM071,R7,Ricardone → San Lorenzo,NO_CLASIFICADO,EVIDENCIA_INSUFICIENTE_ABSORBIDO,0,2026-10-04T14:50:24.776-03:00,2026-10-04T15:40:06.849-03:00,49.7,0,SL_INGRESO|SL_BALANZA_INGRESO|SL_VOLCABLE|SL_EGRESO,TERMINAL_EMBARQUE,SI
5992a6ea-d11,5992a6ea-d11,,ABSORBIDO,OVM720,R7,Ricardone → San Lorenzo,NO_CLASIFICADO,EVIDENCIA_INSUFICIENTE_ABSORBIDO,0,2026-10-04T14:51:48.543-03:00,2026-10-04T15:40:39.623-03:00,48.85,0,SL_INGRESO|SL_BALANZA_INGRESO|SL_VOLCABLE|SL_EGRESO,TERMINAL_EMBARQUE,SI
27801305-5cd,27801305-5cd,,ABSORBIDO,AE861LS,R7,Ricardone → San Lorenzo,NO_CLASIFICADO,EVIDENCIA_INSUFICIENTE_ABSORBIDO,0,2026-10-04T14:52:49.828-03:00,2026-10-04T15:41:26.121-03:00,48.6,0,SL_INGRESO|SL_BALANZA_INGRESO|SL_VOLCABLE|SL_EGRESO,TERMINAL_EMBARQUE,SI
0cb2fe01-227,0cb2fe01-227,,ABSORBIDO,AH313SL,R7,Ricardone → San Lorenzo,NO_CLASIFICADO,EVIDENCIA_INSUFICIENTE_ABSORBIDO,0,2026-10-04T14:57:18.643-03:00,2026-10-04T15:48:03.360-03:00,50.75,0,SL_INGRESO|SL_BALANZA_INGRESO|SL_VOLCABLE|SL_BALANZA_SALIDA|SL_EGRESO,TERMINAL_EMBARQUE,SI
0f70ca99-c20,0f70ca99-c20,,ABSORBIDO,VCK738,DESPACHO_SIN_PUNTO_INSTRUMENTADO,Despacho / descarga sin punto instrumentado,NO_CLASIFICADO,EVIDENCIA_INSUFICIENTE_ABSORBIDO,0,2026-10-04T16:06:52.355-03:00,2026-10-04T18:14:38.866-03:00,127.78,0,PREINGRESO|BALANZA_EGRESO,TERMINAL_EMBARQUE,SI
da7bcc09-d96,da7bcc09-d96,,ABSORBIDO,SZG666,SL1,Recepción Carga OSL San Lorenzo,NO_CLASIFICADO,EVIDENCIA_INSUFICIENTE_ABSORBIDO,0,2026-10-04T16:19:36.074-03:00,2026-10-04T17:47:09.367-03:00,87.55,0,SL_INGRESO|SL_BALANZA_INGRESO|UNKNOWN|SL_EGRESO,TERMINAL_EMBARQUE,SI
8582d9c7-58f,8582d9c7-58f,,ABSORBIDO,AH163LV,CIRCUITO_SAN_LORENZO,Circuito Ricardone → San Lorenzo,NO_CLASIFICADO,EVIDENCIA_INSUFICIENTE_ABSORBIDO,0,2026-10-04T16:20:40.803-03:00,2026-10-04T16:26:53.474-03:00,6.21,0,PREINGRESO|EGRESO,,SI
981ae4c8-dbd,981ae4c8-dbd,,ABSORBIDO,AH163LV,REGISTRO_INCOMPLETO,Registro incompleto,NO_CLASIFICADO,EVIDENCIA_INSUFICIENTE_ABSORBIDO,0,2026-10-04T16:35:59.818-03:00,2026-10-04T23:06:04.156-03:00,390.07,0,SL_INGRESO|SL_BALANZA_INGRESO|UNKNOWN|SL_EGRESO,TERMINAL_EMBARQUE,SI
c6d50f79-463,c6d50f79-463,,ABSORBIDO,JRM231,R7,Ricardone → San Lorenzo,NO_CLASIFICADO,EVIDENCIA_INSUFICIENTE_ABSORBIDO,0,2026-10-04T17:07:30.408-03:00,2026-10-04T18:03:25.757-03:00,55.92,0,SL_INGRESO|SL_BALANZA_INGRESO|SL_VOLCABLE|SL_EGRESO,TERMINAL_EMBARQUE,SI
783ee769-8cf,783ee769-8cf,,ABSORBIDO,RUK692,R8,Recepción Mercadería Líquida,NO_CLASIFICADO,EVIDENCIA_INSUFICIENTE_ABSORBIDO,0,2026-10-04T17:09:17.851-03:00,2026-10-04T18:35:44.940-03:00,86.45,0,PREINGRESO|BALANZA_EGRESO,RICARDONE,SI
cbbcae96-99b,cbbcae96-99b,,ABSORBIDO,AI112IQ,R7,Ricardone → San Lorenzo,NO_CLASIFICADO,EVIDENCIA_INSUFICIENTE_ABSORBIDO,0,2026-10-04T17:23:19.664-03:00,2026-10-04T17:39:01.412-03:00,15.7,0,SL_INGRESO|SL_VOLCABLE|SL_BALANZA_SALIDA|SL_EGRESO,TERMINAL_EMBARQUE,SI
946a578b-ae8,946a578b-ae8,,ABSORBIDO,AH629ZR,R7,Ricardone → San Lorenzo,NO_CLASIFICADO,EVIDENCIA_INSUFICIENTE_ABSORBIDO,0,2026-10-04T17:24:21.268-03:00,2026-10-04T17:54:49.271-03:00,30.47,0,SL_INGRESO|SL_VOLCABLE|SL_EGRESO,TERMINAL_EMBARQUE,SI
62e17067-280,62e17067-280,,ABSORBIDO,AE102YN,R7,Ricardone → San Lorenzo,NO_CLASIFICADO,EVIDENCIA_INSUFICIENTE_ABSORBIDO,0,2026-10-04T17:29:53.927-03:00,2026-10-04T19:53:15.126-03:00,143.35,0,SL_INGRESO|SL_BALANZA_INGRESO|SL_EGRESO,TERMINAL_EMBARQUE,SI
6dcf873f-6d4,6dcf873f-6d4,,ABSORBIDO,JET000,R7,Ricardone → San Lorenzo,NO_CLASIFICADO,EVIDENCIA_INSUFICIENTE_ABSORBIDO,0,2026-10-04T17:31:46.171-03:00,2026-10-04T18:05:23.725-03:00,33.63,0,SL_INGRESO|SL_BALANZA_INGRESO|SL_VOLCABLE|SL_BALANZA_SALIDA|SL_EGRESO,TERMINAL_EMBARQUE,SI
e4e717e4-b2c,e4e717e4-b2c,,ABSORBIDO,AD969HB,R7,Ricardone → San Lorenzo,NO_CLASIFICADO,EVIDENCIA_INSUFICIENTE_ABSORBIDO,0,2026-10-04T17:33:24.899-03:00,2026-10-04T18:28:23.517-03:00,54.98,0,SL_INGRESO|SL_BALANZA_INGRESO|SL_VOLCABLE|SL_EGRESO,TERMINAL_EMBARQUE,SI
9528d5cf-be7,9528d5cf-be7,,ABSORBIDO,GJU523,R7,Ricardone → San Lorenzo,NO_CLASIFICADO,EVIDENCIA_INSUFICIENTE_ABSORBIDO,0,2026-10-04T17:40:55.245-03:00,2026-10-04T18:31:55.161-03:00,51,0,SL_INGRESO|SL_BALANZA_INGRESO|SL_VOLCABLE|SL_EGRESO,TERMINAL_EMBARQUE,SI
70a90e94-db7,70a90e94-db7,,ABSORBIDO,AH166MH,R7,Ricardone → San Lorenzo,NO_CLASIFICADO,EVIDENCIA_INSUFICIENTE_ABSORBIDO,0,2026-10-04T17:41:48.529-03:00,2026-10-04T20:13:53.516-03:00,152.08,0,SL_INGRESO|SL_BALANZA_INGRESO|SL_EGRESO,TERMINAL_EMBARQUE,SI
ce60d259-27d,ce60d259-27d,,ABSORBIDO,BIT440,R7,Ricardone → San Lorenzo,NO_CLASIFICADO,EVIDENCIA_INSUFICIENTE_ABSORBIDO,0,2026-10-04T17:42:50.132-03:00,2026-10-04T18:37:04.125-03:00,54.23,0,SL_INGRESO|SL_VOLCABLE|SL_EGRESO,TERMINAL_EMBARQUE,SI
1d9f51c8-6e2,1d9f51c8-6e2,,ABSORBIDO,OAO481,R7,Ricardone → San Lorenzo,NO_CLASIFICADO,EVIDENCIA_INSUFICIENTE_ABSORBIDO,0,2026-10-04T17:43:45.735-03:00,2026-10-04T18:43:27.278-03:00,59.69,0,SL_INGRESO|SL_BALANZA_INGRESO|SL_VOLCABLE|SL_EGRESO,TERMINAL_EMBARQUE,SI
3ce6864d-901,3ce6864d-901,,ABSORBIDO,AA697HO,R7,Ricardone → San Lorenzo,NO_CLASIFICADO,EVIDENCIA_INSUFICIENTE_ABSORBIDO,0,2026-10-04T17:44:18.057-03:00,2026-10-04T19:36:56.535-03:00,112.64,0,SL_INGRESO|SL_BALANZA_INGRESO|SL_EGRESO,TERMINAL_EMBARQUE,SI
48f16633-09a,48f16633-09a,,ABSORBIDO,LXX090,R7,Ricardone → San Lorenzo,NO_CLASIFICADO,EVIDENCIA_INSUFICIENTE_ABSORBIDO,0,2026-10-04T17:44:57.417-03:00,2026-10-04T19:44:40.800-03:00,119.72,0,SL_INGRESO|SL_BALANZA_INGRESO|SL_EGRESO,TERMINAL_EMBARQUE,SI
dc3e682a-1ad,dc3e682a-1ad,,ABSORBIDO,AE808WG,REGISTRO_INCOMPLETO,Registro incompleto,NO_CLASIFICADO,EVIDENCIA_INSUFICIENTE_ABSORBIDO,0,2026-10-04T18:17:02.651-03:00,2026-10-04T20:43:09.378-03:00,146.11,0,SL_INGRESO|SL_BALANZA_INGRESO|UNKNOWN|SL_CALADA|SL_EGRESO,TERMINAL_EMBARQUE,SI
c3d2fd56-4da,c3d2fd56-4da,,ABSORBIDO,BDN080,R7,Ricardone → San Lorenzo,NO_CLASIFICADO,EVIDENCIA_INSUFICIENTE_ABSORBIDO,0,2026-10-04T19:23:41.868-03:00,2026-10-04T21:16:52.823-03:00,113.18,0,PREINGRESO|SL_INGRESO,TERMINAL_EMBARQUE,SI
5c68f527-5b4,5c68f527-5b4,,ABSORBIDO,AB092TC,R7,Ricardone → San Lorenzo,NO_CLASIFICADO,EVIDENCIA_INSUFICIENTE_ABSORBIDO,0,2026-10-04T20:01:07.199-03:00,2026-10-04T22:14:17.616-03:00,133.17,0,PREINGRESO|SL_EGRESO,TERMINAL_EMBARQUE,SI
efd52a61-ed3,efd52a61-ed3,,ABSORBIDO,EMD782,R7,Ricardone → San Lorenzo,NO_CLASIFICADO,EVIDENCIA_INSUFICIENTE_ABSORBIDO,0,2026-10-04T20:17:42.318-03:00,2026-10-04T22:52:42.515-03:00,155,0,PREINGRESO|SL_EGRESO,TERMINAL_EMBARQUE,SI
2a86e660-f4b,2a86e660-f4b,,ABSORBIDO,PAR121,SL1,Recepción Carga OSL San Lorenzo,NO_CLASIFICADO,EVIDENCIA_INSUFICIENTE_ABSORBIDO,0,2026-10-04T20:23:03.672-03:00,2026-10-04T22:08:23.314-03:00,105.33,0,SL_INGRESO|SL_BALANZA_INGRESO|UNKNOWN|SL_EGRESO,TERMINAL_EMBARQUE,SI
8b916eb2-7cf,8b916eb2-7cf,,ABSORBIDO,GBR319,R7,Ricardone → San Lorenzo,NO_CLASIFICADO,EVIDENCIA_INSUFICIENTE_ABSORBIDO,0,2026-10-04T20:49:12.807-03:00,2026-10-04T21:56:59.281-03:00,67.77,0,SL_INGRESO|SL_BALANZA_INGRESO|SL_EGRESO,TERMINAL_EMBARQUE,SI
211b1548-f68,211b1548-f68,,ABSORBIDO,WDZ057,R7,Ricardone → San Lorenzo,NO_CLASIFICADO,EVIDENCIA_INSUFICIENTE_ABSORBIDO,0,2026-10-04T20:51:42.895-03:00,2026-10-04T21:32:39.457-03:00,40.94,0,SL_INGRESO|SL_EGRESO,TERMINAL_EMBARQUE,SI
d56ec375-61a,d56ec375-61a,,ABSORBIDO,AE236NN,R7,Ricardone → San Lorenzo,NO_CLASIFICADO,EVIDENCIA_INSUFICIENTE_ABSORBIDO,0,2026-10-04T20:59:57.564-03:00,2026-10-04T21:47:04.203-03:00,47.11,0,SL_INGRESO|SL_EGRESO,TERMINAL_EMBARQUE,SI
6264a19f-65f,6264a19f-65f,,ABSORBIDO,CMF111,SL1,Recepción Carga OSL San Lorenzo,NO_CLASIFICADO,EVIDENCIA_INSUFICIENTE_ABSORBIDO,0,2026-10-04T21:05:09.983-03:00,2026-10-04T22:26:46.235-03:00,81.6,0,SL_INGRESO|SL_BALANZA_INGRESO|SL_EGRESO,TERMINAL_EMBARQUE,SI
ad4e9b62-378,ad4e9b62-378,,ABSORBIDO,OIX640,R7,Ricardone → San Lorenzo,NO_CLASIFICADO,EVIDENCIA_INSUFICIENTE_ABSORBIDO,0,2026-10-04T21:07:57.672-03:00,2026-10-04T21:18:36.938-03:00,10.65,0,SL_INGRESO|SL_BALANZA_INGRESO,TERMINAL_EMBARQUE,SI
2d9dcfd5-65d,2d9dcfd5-65d,,ABSORBIDO,AG096RU,R7,Ricardone → San Lorenzo,NO_CLASIFICADO,EVIDENCIA_INSUFICIENTE_ABSORBIDO,0,2026-10-04T22:21:21.952-03:00,2026-10-04T22:49:36.041-03:00,28.23,0,SL_INGRESO|SL_BALANZA_INGRESO|SL_EGRESO,TERMINAL_EMBARQUE,SI
9cf2947e-3f1,9cf2947e-3f1,,ABSORBIDO,OKH237,R7,Ricardone → San Lorenzo,NO_CLASIFICADO,EVIDENCIA_INSUFICIENTE_ABSORBIDO,0,2026-10-04T22:27:56.934-03:00,2026-10-04T22:57:00.698-03:00,29.06,0,SL_INGRESO|SL_BALANZA_INGRESO|SL_EGRESO,TERMINAL_EMBARQUE,SI
d7e1c227-605,d7e1c227-605,,ABSORBIDO,AXS846,R7,Ricardone → San Lorenzo,NO_CLASIFICADO,EVIDENCIA_INSUFICIENTE_ABSORBIDO,0,2026-10-04T22:29:37.261-03:00,2026-10-04T23:02:06.501-03:00,32.49,0,SL_INGRESO|SL_BALANZA_INGRESO|SL_EGRESO,TERMINAL_EMBARQUE,SI
1821b177-0c1,1821b177-0c1,,ABSORBIDO,RIN374,R7,Ricardone → San Lorenzo,NO_CLASIFICADO,EVIDENCIA_INSUFICIENTE_ABSORBIDO,0,2026-10-04T22:42:00.903-03:00,2026-10-04T23:23:55.344-03:00,41.91,0,SL_INGRESO|SL_BALANZA_INGRESO|SL_EGRESO,TERMINAL_EMBARQUE,SI
eb5d0935-0c1,eb5d0935-0c1,,ABSORBIDO,HNZ246,R7,Ricardone → San Lorenzo,NO_CLASIFICADO,EVIDENCIA_INSUFICIENTE_ABSORBIDO,0,2026-10-04T22:42:32.743-03:00,2026-10-04T23:13:32.935-03:00,31,0,SL_INGRESO|SL_BALANZA_INGRESO|SL_EGRESO,TERMINAL_EMBARQUE,SI
c1182dd1-dde,c1182dd1-dde,,ABSORBIDO,LZA381,R7,Ricardone → San Lorenzo,NO_CLASIFICADO,EVIDENCIA_INSUFICIENTE_ABSORBIDO,0,2026-10-04T22:44:15.869-03:00,2026-10-04T23:30:27.501-03:00,46.19,0,SL_INGRESO|SL_BALANZA_INGRESO|SL_EGRESO,TERMINAL_EMBARQUE,SI
6f406ac5-036,6f406ac5-036,,ABSORBIDO,AE782HG,R7,Ricardone → San Lorenzo,NO_CLASIFICADO,EVIDENCIA_INSUFICIENTE_ABSORBIDO,0,2026-10-04T22:46:01.155-03:00,2026-10-04T23:37:47.517-03:00,51.77,0,SL_INGRESO|SL_BALANZA_INGRESO|SL_EGRESO,TERMINAL_EMBARQUE,SI
8893faac-737,8893faac-737,,ABSORBIDO,IAB283,R7,Ricardone → San Lorenzo,NO_CLASIFICADO,EVIDENCIA_INSUFICIENTE_ABSORBIDO,0,2026-10-04T22:47:54.123-03:00,2026-10-04T23:50:02.050-03:00,62.13,0,SL_INGRESO|SL_BALANZA_INGRESO|SL_EGRESO,TERMINAL_EMBARQUE,SI
63128c2a-b85,63128c2a-b85,,ABSORBIDO,AE808WG,REGISTRO_INCOMPLETO,Registro incompleto,NO_CLASIFICADO,EVIDENCIA_INSUFICIENTE_ABSORBIDO,0,2026-10-04T22:59:39.584-03:00,2026-10-05T00:42:23.955-03:00,102.74,0,SL_BALANZA_INGRESO|SL_CALADA|SL_EGRESO,,SI