journey_key,journey_keys,journey_count,inicio_at,fin_at,total_min,time_source,inicio_source,fin_source,external_operation_id,source_date,plate_normalized,product_normalized,producto_original,platform_normalized,plataforma_original,planta_normalized,movement_type,movement_type_detail,contrato,comprob,cp_remito,ctg,cupo,kgs_neto,resolved_product,resolved_platform,resolved_circuit_family,resolved_executive_circuit_code,resolved_operational_point,resolved_plant_hint,resolution_source,match_quality,route_quality,observaciones,external_ingreso_at,external_calado_at,external_salida_at,external_sl_balanza_entrada_at,external_sl_balanza_salida_at,evidence_count,no_truckflow_reason,journey_keys_huerfanas,journey_uids_ambiguos
,,0,2026-09-20T21:07:00,2026-09-21T01:33:00,266,EXCEL_RESPALDO,EXCEL,EXCEL,CTG_10135201409,2026-09-21,LTQ949,SOJA,SOJA,VOLCABLE_PTO_5,VOLCABLE PTO 5,TERMINAL_EMBARQUE,INGRESO,I,2000655,000404067579,0012000000011,10135201409,VIC866621200926,35460,SOJA,VOLCABLE_PTO_5,SAN_LORENZO_VOLCABLE,R7,VOLCABLE_PTO_5,TERMINAL_EMBARQUE,EXCEL_PLATFORM_PRODUCT,NO_TRUCKFLOW_EVIDENCE,ROUTE_UNKNOWN,"FAZON 2026, FAZON 2026",2026-09-20T21:07:00,2026-09-20T21:59:00,2026-09-21T01:33:00,,,0,PLATE_EXISTS_ONLY_OUTSIDE_EXCEL_PERIOD,,
,,0,2026-09-20T23:05:00,2026-09-21T01:38:00,153,EXCEL_RESPALDO,EXCEL,EXCEL,CTG_10235196547,2026-09-21,AC567PI,SOJA,SOJA,VOLCABLE_PTO_5,VOLCABLE PTO 5,TERMINAL_EMBARQUE,INGRESO,I,2000655,000404067582,0000500011248,10235196547,VIC610883200926,37020,SOJA,VOLCABLE_PTO_5,SAN_LORENZO_VOLCABLE,R7,VOLCABLE_PTO_5,TERMINAL_EMBARQUE,EXCEL_PLATFORM_PRODUCT,NO_TRUCKFLOW_EVIDENCE,ROUTE_UNKNOWN,"FAZON 2026, FAZON 2026",2026-09-20T23:05:00,2026-09-21T00:06:00,2026-09-21T01:38:00,,,0,NO_TRUCKFLOW_EXACT_PLATE_MATCH,,
,,0,2026-09-21T00:47:00,2026-09-21T02:39:00,112,EXCEL_RESPALDO,EXCEL,EXCEL,CTG_10235202769,2026-09-21,GOR609,SOJA,SOJA,VOLCABLE_PTO_5,VOLCABLE PTO 5,TERMINAL_EMBARQUE,INGRESO,I,2000652,000404067596,0000300009207,10235202769,VIC767670200926,28280,SOJA,VOLCABLE_PTO_5,SAN_LORENZO_VOLCABLE,R7,VOLCABLE_PTO_5,TERMINAL_EMBARQUE,EXCEL_PLATFORM_PRODUCT,NO_TRUCKFLOW_EVIDENCE,ROUTE_UNKNOWN,"FAZON 2026, FAZON 2026",2026-09-21T00:47:00,2026-09-21T01:17:00,2026-09-21T02:39:00,,,0,NO_TRUCKFLOW_EXACT_PLATE_MATCH,,
,,0,2026-09-20T23:32:00,2026-09-21T03:17:00,225,EXCEL_RESPALDO,EXCEL,EXCEL,CTG_10135203389,2026-09-21,AF378KV,SOJA,SOJA,VOLCABLE_PTO_5,VOLCABLE PTO 5,TERMINAL_EMBARQUE,INGRESO,I,2000652,000404067597,0000100000345,10135203389,VIC721980210926,37040,SOJA,VOLCABLE_PTO_5,SAN_LORENZO_VOLCABLE,R7,VOLCABLE_PTO_5,TERMINAL_EMBARQUE,EXCEL_PLATFORM_PRODUCT,NO_TRUCKFLOW_EVIDENCE,ROUTE_UNKNOWN,"FAZON 2026, FAZON 2026",2026-09-20T23:32:00,2026-09-21T00:10:00,2026-09-21T03:17:00,,,0,UNKNOWN_NO_EVIDENCE,,
,,0,2026-09-20T23:42:00,2026-09-21T03:50:00,248,EXCEL_RESPALDO,EXCEL,EXCEL,CTG_10235193147,2026-09-21,HYO276,GIRASOL,GIRASOL,VOLCABLE_1,VOLCABLE 1,RICARDONE,INGRESO,I,2000640,000301464488,0010000567564,10235193147,VIC585759210926,35180,GIRASOL,VOLCABLE_1,VOLCABLE,R5,VOLCABLE_1,RICARDONE,EXCEL_PLATFORM_PRODUCT,NO_TRUCKFLOW_EVIDENCE,ROUTE_UNKNOWN,"FAZON 2026, FAZON 2026",2026-09-20T23:42:00,2026-09-21T01:04:00,2026-09-21T03:50:00,,,0,NO_TRUCKFLOW_EXACT_PLATE_MATCH,,
,,0,2026-09-21T03:59:00,2026-09-21T03:59:00,,EXCEL_RESPALDO,EXCEL,EXCEL,COMPROB_000200433883,2026-09-21,AI231JD,CHIP DE PINO,CHIP DE PINO,,,AVELLANEDA,INGRESO,IA,999823,000200433883,0000100003813,0,,31100,CHIP DE PINO,,,,,AVELLANEDA,EXCEL_PLATFORM_PRODUCT,NO_TRUCKFLOW_EVIDENCE,ROUTE_UNKNOWN,"TICKET 941184, TICKET 941184",2026-09-21T03:59:00,,2026-09-21T03:59:00,,,0,NO_TRUCKFLOW_EXACT_PLATE_MATCH,,
,,0,2026-09-21T04:04:00,2026-09-21T04:04:00,,EXCEL_RESPALDO,EXCEL,EXCEL,COMPROB_000200433884,2026-09-21,AG588XJ,CHIP DE EUCALIPTUS,CHIP DE EUCALIPTUS,,,AVELLANEDA,INGRESO,IA,999821,000200433884,0000100014658,0,,31320,CHIP DE EUCALIPTUS,,,,,AVELLANEDA,EXCEL_PLATFORM_PRODUCT,NO_TRUCKFLOW_EVIDENCE,ROUTE_UNKNOWN,"TICKET 941199, TICKET 941199",2026-09-21T04:04:00,,2026-09-21T04:04:00,,,0,NO_TRUCKFLOW_EXACT_PLATE_MATCH,,
,,0,2026-09-21T04:10:00,2026-09-21T04:10:00,,EXCEL_RESPALDO,EXCEL,EXCEL,COMPROB_000200433885,2026-09-21,HCH559,CHIP DE PINO,CHIP DE PINO,,,AVELLANEDA,INGRESO,IA,999823,000200433885,0000100000302,0,,28680,CHIP DE PINO,,,,,AVELLANEDA,EXCEL_PLATFORM_PRODUCT,NO_TRUCKFLOW_EVIDENCE,ROUTE_UNKNOWN,"TICKET 941191, TICKET 941191",2026-09-21T04:10:00,,2026-09-21T04:10:00,,,0,NO_TRUCKFLOW_EXACT_PLATE_MATCH,,
,,0,2026-09-21T04:15:00,2026-09-21T04:15:00,,EXCEL_RESPALDO,EXCEL,EXCEL,COMPROB_000200433886,2026-09-21,HLF936,CHIP DE EUCALIPTUS,CHIP DE EUCALIPTUS,,,AVELLANEDA,INGRESO,IA,999821,000200433886,0000100013799,0,,31500,CHIP DE EUCALIPTUS,,,,,AVELLANEDA,EXCEL_PLATFORM_PRODUCT,NO_TRUCKFLOW_EVIDENCE,ROUTE_UNKNOWN,"TICKET 941141, TICKET 941141",2026-09-21T04:15:00,,2026-09-21T04:15:00,,,0,NO_TRUCKFLOW_EXACT_PLATE_MATCH,,
,,0,2026-09-21T04:18:00,2026-09-21T04:18:00,,EXCEL_RESPALDO,EXCEL,EXCEL,COMPROB_000200433887,2026-09-21,HZT093,CHIP DE EUCALIPTUS,CHIP DE EUCALIPTUS,,,AVELLANEDA,INGRESO,IA,999821,000200433887,0000200000053,0,,29160,CHIP DE EUCALIPTUS,,,,,AVELLANEDA,EXCEL_PLATFORM_PRODUCT,NO_TRUCKFLOW_EVIDENCE,ROUTE_UNKNOWN,"TICKET 941169, TICKET 941169",2026-09-21T04:18:00,,2026-09-21T04:18:00,,,0,NO_TRUCKFLOW_EXACT_PLATE_MATCH,,
,,0,2026-09-21T04:21:00,2026-09-21T04:21:00,,EXCEL_RESPALDO,EXCEL,EXCEL,COMPROB_000200433888,2026-09-21,DLH140,CHIP EN ORIGEN,CHIP EN ORIGEN,,,AVELLANEDA,INGRESO,IA,999822,000200433888,0000100015920,0,,30180,CHIP EN ORIGEN,,,,,AVELLANEDA,EXCEL_PLATFORM_PRODUCT,NO_TRUCKFLOW_EVIDENCE,ROUTE_UNKNOWN,"TICKET 941160, TICKET 941160",2026-09-21T04:21:00,,2026-09-21T04:21:00,,,0,NO_TRUCKFLOW_EXACT_PLATE_MATCH,,
,,0,2026-09-21T04:24:00,2026-09-21T04:24:00,,EXCEL_RESPALDO,EXCEL,EXCEL,COMPROB_000200433889,2026-09-21,DYT493,CHIP EN ORIGEN,CHIP EN ORIGEN,,,AVELLANEDA,INGRESO,IA,999822,000200433889,0000400043888,0,,29840,CHIP EN ORIGEN,,,,,AVELLANEDA,EXCEL_PLATFORM_PRODUCT,NO_TRUCKFLOW_EVIDENCE,ROUTE_UNKNOWN,"TICKET 941151, TICKET 941151",2026-09-21T04:24:00,,2026-09-21T04:24:00,,,0,NO_TRUCKFLOW_EXACT_PLATE_MATCH,,
,,0,2026-09-21T04:36:00,2026-09-21T04:36:00,,EXCEL_RESPALDO,EXCEL,EXCEL,COMPROB_000200433890,2026-09-21,BOX911,CHIP DE EUCALIPTUS,CHIP DE EUCALIPTUS,,,AVELLANEDA,INGRESO,IA,999821,000200433890,0000200000051,0,,28560,CHIP DE EUCALIPTUS,,,,,AVELLANEDA,EXCEL_PLATFORM_PRODUCT,NO_TRUCKFLOW_EVIDENCE,ROUTE_UNKNOWN,,2026-09-21T04:36:00,,2026-09-21T04:36:00,,,0,NO_TRUCKFLOW_EXACT_PLATE_MATCH,,
,,0,2026-09-21T04:46:00,2026-09-21T04:46:00,,EXCEL_RESPALDO,EXCEL,EXCEL,COMPROB_000200433891,2026-09-21,UVF351,LEÑA CORTA,LEÑA CORTA,,,AVELLANEDA,INGRESO,IA,999820,000200433891,0000500000052,0,,29660,LEÑA CORTA,,,,,AVELLANEDA,EXCEL_PLATFORM_PRODUCT,NO_TRUCKFLOW_EVIDENCE,ROUTE_UNKNOWN,"TICKET 941205, TICKET 941205",2026-09-21T04:46:00,,2026-09-21T04:46:00,,,0,NO_TRUCKFLOW_EXACT_PLATE_MATCH,,
,,0,2026-09-19T10:52:00,2026-09-21T05:24:00,2552,EXCEL_RESPALDO,EXCEL,EXCEL,CTG_10134878606,2026-09-21,KYV066,MAIZ,MAIZ,CELDA_171_-_CENTRO,CELDA 171 - CENTRO,AVELLANEDA,INGRESO,I,95611,000200433892,0000000005486,10134878606,,29040,MAIZ,CELDA_171_-_CENTRO,,,CELDA_171_-_CENTRO,AVELLANEDA,EXCEL_PLATFORM_PRODUCT,NO_TRUCKFLOW_EVIDENCE,ROUTE_UNKNOWN,,2026-09-19T10:52:00,2026-09-21T04:16:00,2026-09-21T05:24:00,,,0,NO_TRUCKFLOW_EXACT_PLATE_MATCH,,
,,0,2026-09-21T02:04:00,2026-09-21T05:59:00,235,EXCEL_RESPALDO,EXCEL,EXCEL,CTG_10235192214,2026-09-21,AC291UV,SOJA,SOJA,VOLCABLE_PTO_2,VOLCABLE PTO 2,TERMINAL_EMBARQUE,INGRESO,I,2000655,000404067606,0000000002634,10235192214,VIC340221210926,31980,SOJA,VOLCABLE_PTO_2,SAN_LORENZO_VOLCABLE,R7,VOLCABLE_PTO_2,TERMINAL_EMBARQUE,EXCEL_PLATFORM_PRODUCT,NO_TRUCKFLOW_EVIDENCE,ROUTE_UNKNOWN,"FAZON 2026, FAZON 2026",2026-09-21T02:04:00,2026-09-21T05:12:00,2026-09-21T05:59:00,,,0,NO_TRUCKFLOW_EXACT_PLATE_MATCH,,
,,0,2026-09-21T02:08:00,2026-09-21T06:05:00,237,EXCEL_RESPALDO,EXCEL,EXCEL,CTG_10135203987,2026-09-21,CBT263,SOJA,SOJA,VOLCABLE_PTO_2,VOLCABLE PTO 2,TERMINAL_EMBARQUE,INGRESO,I,2000652,000404067607,0000000000054,10135203987,VIC358232200926,28980,SOJA,VOLCABLE_PTO_2,SAN_LORENZO_VOLCABLE,R7,VOLCABLE_PTO_2,TERMINAL_EMBARQUE,EXCEL_PLATFORM_PRODUCT,NO_TRUCKFLOW_EVIDENCE,ROUTE_UNKNOWN,"FAZON 2026, FAZON 2026",2026-09-21T02:08:00,2026-09-21T05:18:00,2026-09-21T06:05:00,,,0,NO_TRUCKFLOW_EXACT_PLATE_MATCH,,
,,0,2026-09-21T05:29:00,2026-09-21T06:23:00,54,EXCEL_RESPALDO,EXCEL,EXCEL,COMPROB_000200320679,2026-09-21,AF899BZ,ALCOHOL ETILICO ANHIDRO P/ BIOCOMB ORIG CEREAL,ALCOHOL ETILICO ANHIDRO P/ BIOCOMB. ORIG. CEREAL,T1002,T1002,AVELLANEDA,EGRESO,E,95668,000200320679,,0,,28280,ALCOHOL ETILICO ANHIDRO P/ BIOCOMB ORIG CEREAL,T1002,,,T1002,AVELLANEDA,EXCEL_PLATFORM_PRODUCT,NO_TRUCKFLOW_EVIDENCE,ROUTE_UNKNOWN,"MERCADERIA ENTREGADA A YPF POR C/O DE BIOENERGIAS AGROPECUARIAS S.A., CUPO:(SEPTIEMBRE 26), MERCADERIA ENTREGADA A YPF POR C/O DE BIOENERGIAS AGROPECUARIAS S.A.",2026-09-21T05:29:00,,2026-09-21T06:23:00,,,0,NO_TRUCKFLOW_EXACT_PLATE_MATCH,,
,,0,2026-09-21T06:02:00,2026-09-21T06:32:00,30,EXCEL_RESPALDO,EXCEL,EXCEL,COMPROB_000200320680,2026-09-21,AD941BZ,BURLANDA HUMEDA,BURLANDA HUMEDA,DEPOSITO_BURLANDAS,DEPOSITO BURLANDAS,AVELLANEDA,EGRESO,E,95989,000200320680,,0,,27640,BURLANDA HUMEDA,DEPOSITO_BURLANDAS,,,DEPOSITO_BURLANDAS,AVELLANEDA,EXCEL_PLATFORM_PRODUCT,NO_TRUCKFLOW_EVIDENCE,ROUTE_UNKNOWN,,2026-09-21T06:02:00,,2026-09-21T06:32:00,,,0,NO_TRUCKFLOW_EXACT_PLATE_MATCH,,
,,0,2026-09-21T06:43:00,2026-09-21T06:43:00,,EXCEL_RESPALDO,EXCEL,EXCEL,COMPROB_000200433893,2026-09-21,HGR250,CHIP DE PINO,CHIP DE PINO,,,AVELLANEDA,INGRESO,IA,999823,000200433893,0000100000253,0,,29600,CHIP DE PINO,,,,,AVELLANEDA,EXCEL_PLATFORM_PRODUCT,NO_TRUCKFLOW_EVIDENCE,ROUTE_UNKNOWN,"TICKET 941212, TICKET 941212",2026-09-21T06:43:00,,2026-09-21T06:43:00,,,0,NO_TRUCKFLOW_EXACT_PLATE_MATCH,,
,,0,2026-09-21T06:04:00,2026-09-21T06:46:00,42,EXCEL_RESPALDO,EXCEL,EXCEL,COMPROB_000200320681,2026-09-21,FZC965,BURLANDA HUMEDA,BURLANDA HUMEDA,DEPOSITO_BURLANDAS,DEPOSITO BURLANDAS,AVELLANEDA,EGRESO,E,95942,000200320681,,0,,30120,BURLANDA HUMEDA,DEPOSITO_BURLANDAS,,,DEPOSITO_BURLANDAS,AVELLANEDA,EXCEL_PLATFORM_PRODUCT,NO_TRUCKFLOW_EVIDENCE,ROUTE_UNKNOWN,,2026-09-21T06:04:00,,2026-09-21T06:46:00,,,0,NO_TRUCKFLOW_EXACT_PLATE_MATCH,,
,,0,2026-09-21T06:54:00,2026-09-21T06:54:00,,EXCEL_RESPALDO,EXCEL,EXCEL,COMPROB_000200433894,2026-09-21,UQW838,LEÑA CORTA SELECC,LEÑA CORTA SELECC,,,AVELLANEDA,INGRESO,IA,999811,000200433894,0000100001014,0,,32720,LEÑA CORTA SELECC,,,,,AVELLANEDA,EXCEL_PLATFORM_PRODUCT,NO_TRUCKFLOW_EVIDENCE,ROUTE_UNKNOWN,"TICKET 941213, TICKET 941213",2026-09-21T06:54:00,,2026-09-21T06:54:00,,,0,NO_TRUCKFLOW_EXACT_PLATE_MATCH,,
,,0,2026-09-21T07:06:00,2026-09-21T07:06:00,,EXCEL_RESPALDO,EXCEL,EXCEL,COMPROB_000301068924,2026-09-21,TTTTTT,ACEITE GIRASOL CRUDO,ACEITE GIRASOL CRUDO,,,RICARDONE,EGRESO,E,95499,000301068924,,0,,5524500,ACEITE GIRASOL CRUDO,,LIQUIDO,R8,,RICARDONE,EXCEL_PLATFORM_PRODUCT,NO_TRUCKFLOW_EVIDENCE,ROUTE_UNKNOWN,TRASV 210926,2026-09-21T07:06:00,,2026-09-21T07:06:00,,,0,NO_TRUCKFLOW_EXACT_PLATE_MATCH,,
,,0,2026-09-21T07:09:00,2026-09-21T07:09:00,,EXCEL_RESPALDO,EXCEL,EXCEL,COMPROB_000404067883,2026-09-21,TTTTTT,ACEITE GIRASOL CRUDO,ACEITE GIRASOL CRUDO,,,TERMINAL_EMBARQUE,INGRESO,I,11601,000404067883,000301068924,0,,5524500,ACEITE GIRASOL CRUDO,,LIQUIDO,SL3,,TERMINAL_EMBARQUE,EXCEL_PLATFORM_PRODUCT,NO_TRUCKFLOW_EVIDENCE,ROUTE_UNKNOWN,"TRASV 210926, TRASV 210926",2026-09-21T07:09:00,2026-09-22T07:09:00,2026-09-21T07:09:00,,,0,NO_TRUCKFLOW_EXACT_PLATE_MATCH,,
,,0,2026-09-21T07:40:00,2026-09-21T07:40:00,,EXCEL_RESPALDO,EXCEL,EXCEL,COMPROB_000200433895,2026-09-21,RQE231,LEÑA CORTA SELECC,LEÑA CORTA SELECC,,,AVELLANEDA,INGRESO,IA,999811,000200433895,0000100003650,0,,31180,LEÑA CORTA SELECC,,,,,AVELLANEDA,EXCEL_PLATFORM_PRODUCT,NO_TRUCKFLOW_EVIDENCE,ROUTE_UNKNOWN,"TICKET 941222, TICKET 941222",2026-09-21T07:40:00,,2026-09-21T07:40:00,,,0,NO_TRUCKFLOW_EXACT_PLATE_MATCH,,
,,0,2026-09-21T07:19:00,2026-09-21T07:40:00,21,EXCEL_RESPALDO,EXCEL,EXCEL,COMPROB_009702024115,2026-09-21,NRN192,CARTON-PAPEL,CARTON-PAPEL,,,RENOPACK,EGRESO,E,50018,009702024115,,0,,1410,CARTON-PAPEL,,,,,RENOPACK,EXCEL_PLATFORM_PRODUCT,NO_TRUCKFLOW_EVIDENCE,ROUTE_UNKNOWN,"CARGA RENOPACK C/O VICENTIN.. ENTRO CON VOLQUETE 206RP, SALIO CON VOLQUETE 5",2026-09-21T07:19:00,,2026-09-21T07:40:00,,,0,EXACT_PLATE_MATCH_OUTSIDE_TIME_WINDOW,,
,,0,2026-09-21T07:08:00,2026-09-21T07:43:00,35,EXCEL_RESPALDO,EXCEL,EXCEL,COMPROB_009702024116,2026-09-21,AF829YZ,CHATARRA,CHATARRA,,,RENOPACK,EGRESO,E,50006,009702024116,,0,,3560,CHATARRA,,,,,RENOPACK,EXCEL_PLATFORM_PRODUCT,NO_TRUCKFLOW_EVIDENCE,ROUTE_UNKNOWN,"DESPACHOS CHATARRA DE RENOPACK. ENTRO CON VOLQUETE 19RP, SALIO CON VOLQUETE 179RP",2026-09-21T07:08:00,,2026-09-21T07:43:00,,,0,EXACT_PLATE_MATCH_OUTSIDE_TIME_WINDOW,,
,,0,2026-09-21T07:00:00,2026-09-21T08:02:00,62,EXCEL_RESPALDO,EXCEL,EXCEL,COMPROB_000301068775,2026-09-21,KHB772,CHATARRA,CHATARRA,,,RICARDONE,EGRESO,E,96041,000301068775,,0,,8610,CHATARRA,,,,,RICARDONE,EXCEL_PLATFORM_PRODUCT,NO_TRUCKFLOW_EVIDENCE,ROUTE_UNKNOWN,"SE RETIRA CON VOLQUETE 150. ENTRO CON VOLQUETE 116, SALIO CON VOLQUETE 150",2026-09-21T07:00:00,,2026-09-21T08:02:00,,,0,NO_TRUCKFLOW_EXACT_PLATE_MATCH,,
,,0,2026-09-19T09:19:00,2026-09-21T08:02:00,2803,EXCEL_RESPALDO,EXCEL,EXCEL,COMPROB_000200433896,2026-09-21,DZH986,LEÑA CORTA SELECC,LEÑA CORTA SELECC,PLAYA_LEÑA_Y_CHIP,PLAYA LEÑA Y CHIP,AVELLANEDA,INGRESO,I,999811,000200433896,0000100003626,0,,32300,LEÑA CORTA SELECC,PLAYA_LEÑA_Y_CHIP,,,PLAYA_LEÑA_Y_CHIP,AVELLANEDA,EXCEL_PLATFORM_PRODUCT,NO_TRUCKFLOW_EVIDENCE,ROUTE_UNKNOWN,,2026-09-19T09:19:00,,2026-09-21T08:02:00,,,0,NO_TRUCKFLOW_EXACT_PLATE_MATCH,,
,,0,2026-09-21T07:49:00,2026-09-21T08:09:00,20,EXCEL_RESPALDO,EXCEL,EXCEL,COMPROB_000301464497,2026-09-21,TOLVA,PRODUCTOS VARIOS,PRODUCTOS VARIOS,VARIOS,VARIOS,RICARDONE,INGRESO,I,11561,000301464497,0000000999999,0,,1660,PRODUCTOS VARIOS,VARIOS,,,VARIOS,RICARDONE,EXCEL_PLATFORM_PRODUCT,NO_TRUCKFLOW_EVIDENCE,ROUTE_UNKNOWN,"MUESTRAS CALADO, MUESTRAS CALADO",2026-09-21T07:49:00,,2026-09-21T08:09:00,,,0,NO_TRUCKFLOW_EXACT_PLATE_MATCH,,
,,0,2026-09-21T07:18:00,2026-09-21T08:11:00,53,EXCEL_RESPALDO,EXCEL,EXCEL,COMPROB_000200320682,2026-09-21,PFF344,DDG BURLANDA SECA DE MAIZ SIN SOLUBLES,DDG BURLANDA SECA DE MAIZ SIN SOLUBLES,DEPOSITO_BURLANDAS,DEPOSITO BURLANDAS,AVELLANEDA,EGRESO,E,96018,000200320682,,0,,29680,DDG BURLANDA SECA DE MAIZ SIN SOLUBLES,DEPOSITO_BURLANDAS,,,DEPOSITO_BURLANDAS,AVELLANEDA,EXCEL_PLATFORM_PRODUCT,NO_TRUCKFLOW_EVIDENCE,ROUTE_UNKNOWN,,2026-09-21T07:18:00,,2026-09-21T08:11:00,,,0,NO_TRUCKFLOW_EXACT_PLATE_MATCH,,
,,0,2026-09-21T06:15:00,2026-09-21T08:16:00,121,EXCEL_RESPALDO,EXCEL,EXCEL,COMPROB_009702024117,2026-09-21,EWL819,ACEITE MEZCLA ENVASADO,ACEITE MEZCLA ENVASADO,,,RENOPACK,EGRESO,E,50032,009702024117,,0,,26970,ACEITE MEZCLA ENVASADO,,LIQUIDO,,,RENOPACK,EXCEL_PLATFORM_PRODUCT,NO_TRUCKFLOW_EVIDENCE,ROUTE_UNKNOWN,DESPACHOS RENOPACK/BUNGE MERCADO INTERNO,2026-09-21T06:15:00,,2026-09-21T08:16:00,,,0,NO_TRUCKFLOW_EXACT_PLATE_MATCH,,
,,0,2026-09-21T07:56:00,2026-09-21T08:19:00,23,EXCEL_RESPALDO,EXCEL,EXCEL,COMPROB_005500000141,2026-09-21,FZC965,BURLANDA HUMEDA,BURLANDA HUMEDA,,,LOS_CORRALES_DE_NICANOR,INGRESO,I,95942,005500000141,0000200320681,0,,29760,BURLANDA HUMEDA,,,,,LOS_CORRALES_DE_NICANOR,EXCEL_PLATFORM_PRODUCT,NO_TRUCKFLOW_EVIDENCE,ROUTE_UNKNOWN,,2026-09-21T07:56:00,,2026-09-21T08:19:00,,,0,NO_TRUCKFLOW_EXACT_PLATE_MATCH,,
,,0,2026-09-19T11:33:00,2026-09-21T08:19:00,2686,EXCEL_RESPALDO,EXCEL,EXCEL,COMPROB_009702023023,2026-09-21,OFG785,ACEITE GIRASOL REFINADO,ACEITE GIRASOL REFINADO,,,RENOPACK,INGRESO,I,50029,009702023023,0700100013423,0,,29810,ACEITE GIRASOL REFINADO,,LIQUIDO,,,RENOPACK,EXCEL_PLATFORM_PRODUCT,NO_TRUCKFLOW_EVIDENCE,ROUTE_UNKNOWN,"RECIBOS ACEITE REFINADO GIRASOL BUNGE, RECIBOS ACEITE REFINADO GIRASOL BUNGE",2026-09-19T11:33:00,,2026-09-21T08:19:00,,,0,EXACT_PLATE_MATCH_OUTSIDE_TIME_WINDOW,,
,,0,2026-09-21T03:48:00,2026-09-21T08:22:00,274,EXCEL_RESPALDO,EXCEL,EXCEL,CTG_10135198088,2026-09-21,AD846HG,MAIZ,MAIZ,CELDA_171_-_CENTRO,CELDA 171 - CENTRO,AVELLANEDA,INGRESO,I,95611,000200433897,0000100022824,10135198088,VAV619047210926,36680,MAIZ,CELDA_171_-_CENTRO,,,CELDA_171_-_CENTRO,AVELLANEDA,EXCEL_PLATFORM_PRODUCT,NO_TRUCKFLOW_EVIDENCE,ROUTE_UNKNOWN,,2026-09-21T03:48:00,2026-09-21T05:32:00,2026-09-21T08:22:00,,,0,NO_TRUCKFLOW_EXACT_PLATE_MATCH,,
,,0,2026-09-21T06:16:00,2026-09-21T08:22:00,126,EXCEL_RESPALDO,EXCEL,EXCEL,COMPROB_009702024118,2026-09-21,GKB044,ACEITE MEZCLA ENVASADO,ACEITE MEZCLA ENVASADO,,,RENOPACK,EGRESO,E,50032,009702024118,,0,,26990,ACEITE MEZCLA ENVASADO,,LIQUIDO,,,RENOPACK,EXCEL_PLATFORM_PRODUCT,NO_TRUCKFLOW_EVIDENCE,ROUTE_UNKNOWN,DESPACHOS RENOPACK/BUNGE MERCADO INTERNO,2026-09-21T06:16:00,,2026-09-21T08:22:00,,,0,NO_TRUCKFLOW_EXACT_PLATE_MATCH,,
,,0,2026-09-19T11:59:00,2026-09-21T08:25:00,2666,EXCEL_RESPALDO,EXCEL,EXCEL,COMPROB_009702023024,2026-09-21,KOQ228,ACEITE GIRASOL REFINADO,ACEITE GIRASOL REFINADO,,,RENOPACK,INGRESO,I,50029,009702023024,0700100013426,0,,29120,ACEITE GIRASOL REFINADO,,LIQUIDO,,,RENOPACK,EXCEL_PLATFORM_PRODUCT,NO_TRUCKFLOW_EVIDENCE,ROUTE_UNKNOWN,"RECIBOS ACEITE REFINADO GIRASOL BUNGE, RECIBOS ACEITE REFINADO GIRASOL BUNGE",2026-09-19T11:59:00,,2026-09-21T08:25:00,,,0,EXACT_PLATE_MATCH_OUTSIDE_TIME_WINDOW,,
,,0,2026-09-21T08:42:00,2026-09-21T08:42:00,,EXCEL_RESPALDO,EXCEL,EXCEL,COMPROB_000200433898,2026-09-21,AB047NX,CHIP DE EUCALIPTUS,CHIP DE EUCALIPTUS,,,AVELLANEDA,INGRESO,IA,999821,000200433898,0000100003788,0,,14500,CHIP DE EUCALIPTUS,,,,,AVELLANEDA,EXCEL_PLATFORM_PRODUCT,NO_TRUCKFLOW_EVIDENCE,ROUTE_UNKNOWN,,2026-09-21T08:42:00,,2026-09-21T08:42:00,,,0,NO_TRUCKFLOW_EXACT_PLATE_MATCH,,
,,0,2026-09-21T08:43:00,2026-09-21T08:43:00,,EXCEL_RESPALDO,EXCEL,EXCEL,COMPROB_000200320683,2026-09-21,AB946CX,GRANO DE ALGODON,GRANO DE ALGODON,,,AVELLANEDA,EGRESO,EA,95937,000200320683,,0,,25680,GRANO DE ALGODON,,,,,AVELLANEDA,EXCEL_PLATFORM_PRODUCT,NO_TRUCKFLOW_EVIDENCE,ROUTE_UNKNOWN,CTG 10235197061 DESCARGADO EL 19 A LAS 18,2026-09-21T08:43:00,,2026-09-21T08:43:00,,,0,NO_TRUCKFLOW_EXACT_PLATE_MATCH,,
,,0,2026-09-21T08:48:00,2026-09-21T08:48:00,,EXCEL_RESPALDO,EXCEL,EXCEL,COMPROB_000200433899,2026-09-21,CXW284,LEÑA CORTA SELECC,LEÑA CORTA SELECC,,,AVELLANEDA,INGRESO,IA,999811,000200433899,0000100003927,0,,31240,LEÑA CORTA SELECC,,,,,AVELLANEDA,EXCEL_PLATFORM_PRODUCT,NO_TRUCKFLOW_EVIDENCE,ROUTE_UNKNOWN,"TICKET 941237, TICKET 941237",2026-09-21T08:48:00,,2026-09-21T08:48:00,,,0,NO_TRUCKFLOW_EXACT_PLATE_MATCH,,
,,0,2026-09-21T03:47:00,2026-09-21T08:50:00,303,EXCEL_RESPALDO,EXCEL,EXCEL,CTG_10135198062,2026-09-21,AC067VT,MAIZ,MAIZ,CELDA_171_-_CENTRO,CELDA 171 - CENTRO,AVELLANEDA,INGRESO,I,95611,000200433900,0000100022823,10135198062,VAV560012210926,30400,MAIZ,CELDA_171_-_CENTRO,,,CELDA_171_-_CENTRO,AVELLANEDA,EXCEL_PLATFORM_PRODUCT,NO_TRUCKFLOW_EVIDENCE,ROUTE_UNKNOWN,,2026-09-21T03:47:00,2026-09-21T05:26:00,2026-09-21T08:50:00,,,0,NO_TRUCKFLOW_EXACT_PLATE_MATCH,,
,,0,2026-09-21T03:49:00,2026-09-21T09:03:00,314,EXCEL_RESPALDO,EXCEL,EXCEL,CTG_10135198028,2026-09-21,EPF786,MAIZ,MAIZ,CELDA_171_-_CENTRO,CELDA 171 - CENTRO,AVELLANEDA,INGRESO,I,95611,000200433901,0000100022822,10135198028,VAV559661210926,29560,MAIZ,CELDA_171_-_CENTRO,,,CELDA_171_-_CENTRO,AVELLANEDA,EXCEL_PLATFORM_PRODUCT,NO_TRUCKFLOW_EVIDENCE,ROUTE_UNKNOWN,,2026-09-21T03:49:00,2026-09-21T05:37:00,2026-09-21T09:03:00,,,0,NO_TRUCKFLOW_EXACT_PLATE_MATCH,,
,,0,2026-09-21T08:09:00,2026-09-21T09:09:00,60,EXCEL_RESPALDO,EXCEL,EXCEL,COMPROB_000200433902,2026-09-21,IAK652,LEÑA CORTA SELECC,LEÑA CORTA SELECC,PLAYA_LEÑA_Y_CHIP,PLAYA LEÑA Y CHIP,AVELLANEDA,INGRESO,I,999811,000200433902,0001000000954,0,,23060,LEÑA CORTA SELECC,PLAYA_LEÑA_Y_CHIP,,,PLAYA_LEÑA_Y_CHIP,AVELLANEDA,EXCEL_PLATFORM_PRODUCT,NO_TRUCKFLOW_EVIDENCE,ROUTE_UNKNOWN,,2026-09-21T08:09:00,,2026-09-21T09:09:00,,,0,NO_TRUCKFLOW_EXACT_PLATE_MATCH,,
,,0,2026-09-21T07:59:00,2026-09-21T09:14:00,75,EXCEL_RESPALDO,EXCEL,EXCEL,COMPROB_000200320684,2026-09-21,FLT523,BURLANDA HUMEDA,BURLANDA HUMEDA,DEPOSITO_BURLANDAS,DEPOSITO BURLANDAS,AVELLANEDA,EGRESO,E,96010,000200320684,,0,,29320,BURLANDA HUMEDA,DEPOSITO_BURLANDAS,,,DEPOSITO_BURLANDAS,AVELLANEDA,EXCEL_PLATFORM_PRODUCT,NO_TRUCKFLOW_EVIDENCE,ROUTE_UNKNOWN,,2026-09-21T07:59:00,,2026-09-21T09:14:00,,,0,NO_TRUCKFLOW_EXACT_PLATE_MATCH,,
,,0,2026-09-21T09:00:00,2026-09-21T09:28:00,28,EXCEL_RESPALDO,EXCEL,EXCEL,COMPROB_000200320685,2026-09-21,FZC965,BURLANDA HUMEDA,BURLANDA HUMEDA,DEPOSITO_BURLANDAS,DEPOSITO BURLANDAS,AVELLANEDA,EGRESO,E,95942,000200320685,,0,,28960,BURLANDA HUMEDA,DEPOSITO_BURLANDAS,,,DEPOSITO_BURLANDAS,AVELLANEDA,EXCEL_PLATFORM_PRODUCT,NO_TRUCKFLOW_EVIDENCE,ROUTE_UNKNOWN,,2026-09-21T09:00:00,,2026-09-21T09:28:00,,,0,NO_TRUCKFLOW_EXACT_PLATE_MATCH,,
,,0,2026-09-21T09:32:00,2026-09-21T09:32:00,,EXCEL_RESPALDO,EXCEL,EXCEL,COMPROB_000200433903,2026-09-21,AB946CX,GRANO DE ALGODON,GRANO DE ALGODON,,,AVELLANEDA,DEA,DEA,95937,000200433903,0999200320683,0,,-25680,GRANO DE ALGODON,,,,,AVELLANEDA,EXCEL_PLATFORM_PRODUCT,NO_TRUCKFLOW_EVIDENCE,ROUTE_UNKNOWN,DEVOLUCION DESPACHO 000200320683,2026-09-21T09:32:00,,2026-09-21T09:32:00,,,0,NO_TRUCKFLOW_EXACT_PLATE_MATCH,,
,,0,2026-09-20T22:26:00,2026-09-21T09:34:00,668,EXCEL_RESPALDO,EXCEL,EXCEL,CTG_10235193200,2026-09-21,AC215FK,GIRASOL,GIRASOL,VOLCABLE_1,VOLCABLE 1,RICARDONE,INGRESO,I,2000640,000301464503,0010000567565,10235193200,VIC622315210926,36060,GIRASOL,VOLCABLE_1,VOLCABLE,R5,VOLCABLE_1,RICARDONE,EXCEL_PLATFORM_PRODUCT,NO_TRUCKFLOW_EVIDENCE,ROUTE_UNKNOWN,"FAZON 2026, FAZON 2026",2026-09-20T22:26:00,2026-09-20T23:05:00,2026-09-21T09:34:00,,,0,UNKNOWN_NO_EVIDENCE,,
,,0,2026-09-21T09:36:00,2026-09-21T09:36:00,,EXCEL_RESPALDO,EXCEL,EXCEL,CTG_10235197061,2026-09-21,AB946CX,GRANO DE ALGODON,GRANO DE ALGODON,,,AVELLANEDA,INGRESO,IA,95937,000200433904,0999999992772,10235197061,,25680,GRANO DE ALGODON,,,,,AVELLANEDA,EXCEL_PLATFORM_PRODUCT,NO_TRUCKFLOW_EVIDENCE,ROUTE_UNKNOWN,,2026-09-21T09:36:00,,2026-09-21T09:36:00,,,0,NO_TRUCKFLOW_EXACT_PLATE_MATCH,,
,,0,2026-09-21T09:40:00,2026-09-21T09:40:00,,EXCEL_RESPALDO,EXCEL,EXCEL,COMPROB_000200320686,2026-09-21,XXXXX,THIN STILLAGE DE MAIZ,THIN STILLAGE DE MAIZ,,,AVELLANEDA,EGRESO,EA,91053,000200320686,,0,,510445,THIN STILLAGE DE MAIZ,,,,,AVELLANEDA,EXCEL_PLATFORM_PRODUCT,NO_TRUCKFLOW_EVIDENCE,ROUTE_UNKNOWN,18/09/26,2026-09-21T09:40:00,,2026-09-21T09:40:00,,,0,NO_TRUCKFLOW_EXACT_PLATE_MATCH,,
,,0,2026-09-21T09:40:00,2026-09-21T09:40:00,,EXCEL_RESPALDO,EXCEL,EXCEL,COMPROB_000200320687,2026-09-21,XXXXX,THIN STILLAGE DE MAIZ,THIN STILLAGE DE MAIZ,,,AVELLANEDA,EGRESO,EA,91053,000200320687,,0,,462852,THIN STILLAGE DE MAIZ,,,,,AVELLANEDA,EXCEL_PLATFORM_PRODUCT,NO_TRUCKFLOW_EVIDENCE,ROUTE_UNKNOWN,19/09/26,2026-09-21T09:40:00,,2026-09-21T09:40:00,,,0,NO_TRUCKFLOW_EXACT_PLATE_MATCH,,
,,0,2026-09-21T09:41:00,2026-09-21T09:41:00,,EXCEL_RESPALDO,EXCEL,EXCEL,COMPROB_000200320688,2026-09-21,XXXXX,THIN STILLAGE DE MAIZ,THIN STILLAGE DE MAIZ,,,AVELLANEDA,EGRESO,EA,91053,000200320688,,0,,474250,THIN STILLAGE DE MAIZ,,,,,AVELLANEDA,EXCEL_PLATFORM_PRODUCT,NO_TRUCKFLOW_EVIDENCE,ROUTE_UNKNOWN,20/09/26,2026-09-21T09:41:00,,2026-09-21T09:41:00,,,0,NO_TRUCKFLOW_EXACT_PLATE_MATCH,,
,,0,2026-09-21T03:50:00,2026-09-21T09:43:00,353,EXCEL_RESPALDO,EXCEL,EXCEL,CTG_10135198121,2026-09-21,AB304LE,MAIZ,MAIZ,CELDA_171_-_CENTRO,CELDA 171 - CENTRO,AVELLANEDA,INGRESO,I,95611,000200433905,0000100022825,10135198121,VAV784030210926,35540,MAIZ,CELDA_171_-_CENTRO,,,CELDA_171_-_CENTRO,AVELLANEDA,EXCEL_PLATFORM_PRODUCT,NO_TRUCKFLOW_EVIDENCE,ROUTE_UNKNOWN,,2026-09-21T03:50:00,2026-09-21T05:42:00,2026-09-21T09:43:00,,,0,NO_TRUCKFLOW_EXACT_PLATE_MATCH,,
,,0,2026-09-21T08:16:00,2026-09-21T10:06:00,110,EXCEL_RESPALDO,EXCEL,EXCEL,COMPROB_000200433906,2026-09-21,CJP948,LEÑA CORTA SELECC,LEÑA CORTA SELECC,PLAYA_LEÑA_Y_CHIP,PLAYA LEÑA Y CHIP,AVELLANEDA,INGRESO,I,999811,000200433906,0000400002087,0,,27180,LEÑA CORTA SELECC,PLAYA_LEÑA_Y_CHIP,,,PLAYA_LEÑA_Y_CHIP,AVELLANEDA,EXCEL_PLATFORM_PRODUCT,NO_TRUCKFLOW_EVIDENCE,ROUTE_UNKNOWN,,2026-09-21T08:16:00,,2026-09-21T10:06:00,,,0,NO_TRUCKFLOW_EXACT_PLATE_MATCH,,
,,0,2026-09-21T06:52:00,2026-09-21T10:09:00,197,EXCEL_RESPALDO,EXCEL,EXCEL,CTG_10235193280,2026-09-21,AIU493,GIRASOL,GIRASOL,VOLCABLE_1,VOLCABLE 1,RICARDONE,INGRESO,I,2000640,000301464505,0240000004941,10235193280,VIC213562210926,30280,GIRASOL,VOLCABLE_1,VOLCABLE,R5,VOLCABLE_1,RICARDONE,EXCEL_PLATFORM_PRODUCT,NO_TRUCKFLOW_EVIDENCE,ROUTE_UNKNOWN,"FAZON 2026, FAZON 2026",2026-09-21T06:52:00,2026-09-21T08:44:00,2026-09-21T10:09:00,,,0,UNKNOWN_NO_EVIDENCE,,
,,0,2026-09-21T03:51:00,2026-09-21T10:10:00,379,EXCEL_RESPALDO,EXCEL,EXCEL,CTG_10135198158,2026-09-21,ERH677,MAIZ,MAIZ,CELDA_171_-_CENTRO,CELDA 171 - CENTRO,AVELLANEDA,INGRESO,I,95611,000200433907,0000100022826,10135198158,VAV385186210926,29140,MAIZ,CELDA_171_-_CENTRO,,,CELDA_171_-_CENTRO,AVELLANEDA,EXCEL_PLATFORM_PRODUCT,NO_TRUCKFLOW_EVIDENCE,ROUTE_UNKNOWN,,2026-09-21T03:51:00,2026-09-21T05:48:00,2026-09-21T10:10:00,,,0,NO_TRUCKFLOW_EXACT_PLATE_MATCH,,
,,0,2026-09-21T03:51:00,2026-09-21T10:39:00,408,EXCEL_RESPALDO,EXCEL,EXCEL,CTG_10135198183,2026-09-21,KKF238,MAIZ,MAIZ,CELDA_171_-_CENTRO,CELDA 171 - CENTRO,AVELLANEDA,INGRESO,I,95611,000200433908,0000100022827,10135198183,VAV604294210926,36220,MAIZ,CELDA_171_-_CENTRO,,,CELDA_171_-_CENTRO,AVELLANEDA,EXCEL_PLATFORM_PRODUCT,NO_TRUCKFLOW_EVIDENCE,ROUTE_UNKNOWN,,2026-09-21T03:51:00,2026-09-21T05:53:00,2026-09-21T10:39:00,,,0,NO_TRUCKFLOW_EXACT_PLATE_MATCH,,
,,0,2026-09-21T06:16:00,2026-09-21T10:43:00,267,EXCEL_RESPALDO,EXCEL,EXCEL,COMPROB_009702024120,2026-09-21,GQS230,ACEITE GIRASOL ENVASADO,ACEITE GIRASOL ENVASADO,,,RENOPACK,EGRESO,E,50031,009702024120,,0,,27750,ACEITE GIRASOL ENVASADO,,LIQUIDO,,,RENOPACK,EXCEL_PLATFORM_PRODUCT,NO_TRUCKFLOW_EVIDENCE,ROUTE_UNKNOWN,DESPACHOS RENOPACK/BUNGE MERCADO INTERNO,2026-09-21T06:16:00,,2026-09-21T10:43:00,,,0,NO_TRUCKFLOW_EXACT_PLATE_MATCH,,
,,0,2026-09-21T10:24:00,2026-09-21T10:46:00,22,EXCEL_RESPALDO,EXCEL,EXCEL,COMPROB_005500000142,2026-09-21,FZC965,BURLANDA HUMEDA,BURLANDA HUMEDA,,,LOS_CORRALES_DE_NICANOR,INGRESO,I,95942,005500000142,0000200320685,0,,28940,BURLANDA HUMEDA,,,,,LOS_CORRALES_DE_NICANOR,EXCEL_PLATFORM_PRODUCT,NO_TRUCKFLOW_EVIDENCE,ROUTE_UNKNOWN,,2026-09-21T10:24:00,,2026-09-21T10:46:00,,,0,NO_TRUCKFLOW_EXACT_PLATE_MATCH,,
,,0,2026-09-21T10:13:00,2026-09-21T11:14:00,61,EXCEL_RESPALDO,EXCEL,EXCEL,COMPROB_000200320689,2026-09-21,AC266FA,DDG BURLANDA SECA DE MAIZ SIN SOLUBLES,DDG BURLANDA SECA DE MAIZ SIN SOLUBLES,DEPOSITO_BURLANDAS,DEPOSITO BURLANDAS,AVELLANEDA,EGRESO,E,95948,000200320689,,0,,29380,DDG BURLANDA SECA DE MAIZ SIN SOLUBLES,DEPOSITO_BURLANDAS,,,DEPOSITO_BURLANDAS,AVELLANEDA,EXCEL_PLATFORM_PRODUCT,NO_TRUCKFLOW_EVIDENCE,ROUTE_UNKNOWN,,2026-09-21T10:13:00,,2026-09-21T11:14:00,,,0,NO_TRUCKFLOW_EXACT_PLATE_MATCH,,
,,0,2026-09-21T11:24:00,2026-09-21T11:24:00,,EXCEL_RESPALDO,EXCEL,EXCEL,COMPROB_000200320690,2026-09-21,XXXX,RESIDUOS ASIMILABLES A DOMICILIARIOS,RESIDUOS ASIMILABLES A DOMICILIARIOS,,,AVELLANEDA,EGRESO,EA,88262,000200320690,,0,,220,RESIDUOS ASIMILABLES A DOMICILIARIOS,,,,,AVELLANEDA,EXCEL_PLATFORM_PRODUCT,NO_TRUCKFLOW_EVIDENCE,ROUTE_UNKNOWN,,2026-09-21T11:24:00,,2026-09-21T11:24:00,,,0,NO_TRUCKFLOW_EXACT_PLATE_MATCH,,
,,0,2026-09-21T11:27:00,2026-09-21T11:42:00,15,EXCEL_RESPALDO,EXCEL,EXCEL,COMPROB_000200320691,2026-09-21,FZC965,BURLANDA HUMEDA,BURLANDA HUMEDA,DEPOSITO_BURLANDAS,DEPOSITO BURLANDAS,AVELLANEDA,EGRESO,E,95942,000200320691,,0,,29820,BURLANDA HUMEDA,DEPOSITO_BURLANDAS,,,DEPOSITO_BURLANDAS,AVELLANEDA,EXCEL_PLATFORM_PRODUCT,NO_TRUCKFLOW_EVIDENCE,ROUTE_UNKNOWN,,2026-09-21T11:27:00,,2026-09-21T11:42:00,,,0,NO_TRUCKFLOW_EXACT_PLATE_MATCH,,
,,0,2026-09-21T10:21:00,2026-09-21T11:47:00,86,EXCEL_RESPALDO,EXCEL,EXCEL,COMPROB_009702024122,2026-09-21,EWL819,ACEITE MEZCLA ENVASADO,ACEITE MEZCLA ENVASADO,,,RENOPACK,EGRESO,E,50032,009702024122,,0,,26980,ACEITE MEZCLA ENVASADO,,LIQUIDO,,,RENOPACK,EXCEL_PLATFORM_PRODUCT,NO_TRUCKFLOW_EVIDENCE,ROUTE_UNKNOWN,DESPACHOS RENOPACK/BUNGE MERCADO INTERNO,2026-09-21T10:21:00,,2026-09-21T11:47:00,,,0,NO_TRUCKFLOW_EXACT_PLATE_MATCH,,
,,0,2026-09-21T07:08:00,2026-09-21T12:12:00,304,EXCEL_RESPALDO,EXCEL,EXCEL,COMPROB_000200433909,2026-09-21,AH850XH,CHIP DE EUCALIPTUS,CHIP DE EUCALIPTUS,PLAYA_LEÑA_Y_CHIP,PLAYA LEÑA Y CHIP,AVELLANEDA,INGRESO,I,999821,000200433909,0000300000106,0,,33960,CHIP DE EUCALIPTUS,PLAYA_LEÑA_Y_CHIP,,,PLAYA_LEÑA_Y_CHIP,AVELLANEDA,EXCEL_PLATFORM_PRODUCT,NO_TRUCKFLOW_EVIDENCE,ROUTE_UNKNOWN,,2026-09-21T07:08:00,,2026-09-21T12:12:00,,,0,NO_TRUCKFLOW_EXACT_PLATE_MATCH,,
,,0,2026-09-19T10:55:00,2026-09-21T12:15:00,2960,EXCEL_RESPALDO,EXCEL,EXCEL,CTG_10235191078,2026-09-21,FVP673,MAIZ,MAIZ,CELDA_171_-_CENTRO,CELDA 171 - CENTRO,AVELLANEDA,INGRESO,I,95611,000200433910,0000000076081,10235191078,,29380,MAIZ,CELDA_171_-_CENTRO,,,CELDA_171_-_CENTRO,AVELLANEDA,EXCEL_PLATFORM_PRODUCT,NO_TRUCKFLOW_EVIDENCE,ROUTE_UNKNOWN,,2026-09-19T10:55:00,2026-09-21T07:05:00,2026-09-21T12:15:00,,,0,NO_TRUCKFLOW_EXACT_PLATE_MATCH,,
,,0,2026-09-19T10:57:00,2026-09-21T12:27:00,2970,EXCEL_RESPALDO,EXCEL,EXCEL,CTG_10235191000,2026-09-21,NHX947,MAIZ,MAIZ,CELDA_171_-_CENTRO,CELDA 171 - CENTRO,AVELLANEDA,INGRESO,I,95611,000200433911,0000000076080,10235191000,,30900,MAIZ,CELDA_171_-_CENTRO,,,CELDA_171_-_CENTRO,AVELLANEDA,EXCEL_PLATFORM_PRODUCT,NO_TRUCKFLOW_EVIDENCE,ROUTE_UNKNOWN,,2026-09-19T10:57:00,2026-09-21T07:05:00,2026-09-21T12:27:00,,,0,NO_TRUCKFLOW_EXACT_PLATE_MATCH,,
,,0,2026-09-21T10:09:00,2026-09-21T12:38:00,149,EXCEL_RESPALDO,EXCEL,EXCEL,COMPROB_000200433912,2026-09-21,AG015KW,CHIP DE EUCALIPTUS,CHIP DE EUCALIPTUS,PLAYA_LEÑA_Y_CHIP,PLAYA LEÑA Y CHIP,AVELLANEDA,INGRESO,I,999821,000200433912,0000100014657,0,,30700,CHIP DE EUCALIPTUS,PLAYA_LEÑA_Y_CHIP,,,PLAYA_LEÑA_Y_CHIP,AVELLANEDA,EXCEL_PLATFORM_PRODUCT,NO_TRUCKFLOW_EVIDENCE,ROUTE_UNKNOWN,,2026-09-21T10:09:00,,2026-09-21T12:38:00,,,0,NO_TRUCKFLOW_EXACT_PLATE_MATCH,,
,,0,2026-09-21T10:20:00,2026-09-21T12:41:00,141,EXCEL_RESPALDO,EXCEL,EXCEL,COMPROB_009702023025,2026-09-21,AF595DW,ACEITE SOJA REFINADO,ACEITE SOJA REFINADO,,,RENOPACK,INGRESO,I,50026,009702023025,0700100013430,0,,31170,ACEITE SOJA REFINADO,,LIQUIDO,,,RENOPACK,EXCEL_PLATFORM_PRODUCT,NO_TRUCKFLOW_EVIDENCE,ROUTE_UNKNOWN,"RECIBOS ACEITE REFINADO SOJA BUNGE , RECIBOS ACEITE REFINADO SOJA BUNGE",2026-09-21T10:20:00,,2026-09-21T12:41:00,,,0,NO_TRUCKFLOW_EXACT_PLATE_MATCH,,
,,0,2026-09-21T11:44:00,2026-09-21T12:43:00,59,EXCEL_RESPALDO,EXCEL,EXCEL,COMPROB_000200320692,2026-09-21,AD941BZ,BURLANDA HUMEDA,BURLANDA HUMEDA,DEPOSITO_BURLANDAS,DEPOSITO BURLANDAS,AVELLANEDA,EGRESO,E,95989,000200320692,,0,,29200,BURLANDA HUMEDA,DEPOSITO_BURLANDAS,,,DEPOSITO_BURLANDAS,AVELLANEDA,EXCEL_PLATFORM_PRODUCT,NO_TRUCKFLOW_EVIDENCE,ROUTE_UNKNOWN,,2026-09-21T11:44:00,,2026-09-21T12:43:00,,,0,NO_TRUCKFLOW_EXACT_PLATE_MATCH,,
,,0,2026-09-21T10:52:00,2026-09-21T12:43:00,111,EXCEL_RESPALDO,EXCEL,EXCEL,COMPROB_009702023026,2026-09-21,GGX385,ACEITE SOJA REFINADO,ACEITE SOJA REFINADO,,,RENOPACK,INGRESO,I,50026,009702023026,0700100013431,0,,29150,ACEITE SOJA REFINADO,,LIQUIDO,,,RENOPACK,EXCEL_PLATFORM_PRODUCT,NO_TRUCKFLOW_EVIDENCE,ROUTE_UNKNOWN,"RECIBOS ACEITE REFINADO SOJA BUNGE , RECIBOS ACEITE REFINADO SOJA BUNGE",2026-09-21T10:52:00,,2026-09-21T12:43:00,,,0,NO_TRUCKFLOW_EXACT_PLATE_MATCH,,
,,0,2026-09-21T10:07:00,2026-09-21T12:46:00,159,EXCEL_RESPALDO,EXCEL,EXCEL,COMPROB_000200433913,2026-09-21,AI198PC,CHIP DE EUCALIPTUS,CHIP DE EUCALIPTUS,PLAYA_LEÑA_Y_CHIP,PLAYA LEÑA Y CHIP,AVELLANEDA,INGRESO,I,999821,000200433913,0000100014656,0,,32740,CHIP DE EUCALIPTUS,PLAYA_LEÑA_Y_CHIP,,,PLAYA_LEÑA_Y_CHIP,AVELLANEDA,EXCEL_PLATFORM_PRODUCT,NO_TRUCKFLOW_EVIDENCE,ROUTE_UNKNOWN,,2026-09-21T10:07:00,,2026-09-21T12:46:00,,,0,NO_TRUCKFLOW_EXACT_PLATE_MATCH,,
,,0,2026-09-19T11:05:00,2026-09-21T12:54:00,2989,EXCEL_RESPALDO,EXCEL,EXCEL,CTG_10135191854,2026-09-21,OCK874,MAIZ,MAIZ,CELDA_171_-_CENTRO,CELDA 171 - CENTRO,AVELLANEDA,INGRESO,I,95611,000200433914,0000100013754,10135191854,VAV570726210926,30540,MAIZ,CELDA_171_-_CENTRO,,,CELDA_171_-_CENTRO,AVELLANEDA,EXCEL_PLATFORM_PRODUCT,NO_TRUCKFLOW_EVIDENCE,ROUTE_UNKNOWN,,2026-09-19T11:05:00,2026-09-21T09:00:00,2026-09-21T12:54:00,,,0,NO_TRUCKFLOW_EXACT_PLATE_MATCH,,
,,0,2026-09-21T12:32:00,2026-09-21T12:55:00,23,EXCEL_RESPALDO,EXCEL,EXCEL,COMPROB_005500000143,2026-09-21,FZC965,BURLANDA HUMEDA,BURLANDA HUMEDA,,,LOS_CORRALES_DE_NICANOR,INGRESO,I,95942,005500000143,0000200320691,0,,29840,BURLANDA HUMEDA,,,,,LOS_CORRALES_DE_NICANOR,EXCEL_PLATFORM_PRODUCT,NO_TRUCKFLOW_EVIDENCE,ROUTE_UNKNOWN,,2026-09-21T12:32:00,,2026-09-21T12:55:00,,,0,NO_TRUCKFLOW_EXACT_PLATE_MATCH,,
,,0,2026-09-21T13:10:00,2026-09-21T13:10:00,,EXCEL_RESPALDO,EXCEL,EXCEL,COMPROB_000200320693,2026-09-21,AB946CX,GRANO DE ALGODON,GRANO DE ALGODON,,,AVELLANEDA,DIA,DIA,95937,000200320693,,0,,-25680,GRANO DE ALGODON,,,,,AVELLANEDA,EXCEL_PLATFORM_PRODUCT,NO_TRUCKFLOW_EVIDENCE,ROUTE_UNKNOWN,DEVOLUCION RECIBO 000200433904,2026-09-21T13:10:00,,2026-09-21T13:10:00,,,0,NO_TRUCKFLOW_EXACT_PLATE_MATCH,,
,,0,2026-09-19T11:07:00,2026-09-21T13:23:00,3016,EXCEL_RESPALDO,EXCEL,EXCEL,CTG_10135192406,2026-09-21,EVU092,MAIZ,MAIZ,CELDA_171_-_CENTRO,CELDA 171 - CENTRO,AVELLANEDA,INGRESO,I,95611,000200433915,0000100013755,10135192406,VAV595890210926,30740,MAIZ,CELDA_171_-_CENTRO,,,CELDA_171_-_CENTRO,AVELLANEDA,EXCEL_PLATFORM_PRODUCT,NO_TRUCKFLOW_EVIDENCE,ROUTE_UNKNOWN,,2026-09-19T11:07:00,2026-09-21T09:03:00,2026-09-21T13:23:00,,,0,NO_TRUCKFLOW_EXACT_PLATE_MATCH,,
,,0,2026-09-21T09:54:00,2026-09-21T13:41:00,227,EXCEL_RESPALDO,EXCEL,EXCEL,COMPROB_000400422450,2026-09-21,GJH043,AC GIRASOL OLEICO REFINADO,AC. GIRASOL OLEICO REFINADO,ACEITE_OSL,ACEITE OSL,TERMINAL_EMBARQUE,EGRESO,E,11625,000400422450,,0,,27820,AC GIRASOL OLEICO REFINADO,ACEITE_OSL,LIQUIDO,SL1,ACEITE_OSL,TERMINAL_EMBARQUE,EXCEL_PLATFORM_PRODUCT,NO_TRUCKFLOW_EVIDENCE,ROUTE_UNKNOWN,FAZON RENOVA/BUNGE,2026-09-21T09:54:00,,2026-09-21T13:41:00,,,0,EXACT_PLATE_MATCH_OUTSIDE_TIME_WINDOW,,
,,0,2026-09-21T13:21:00,2026-09-21T13:48:00,27,EXCEL_RESPALDO,EXCEL,EXCEL,COMPROB_000200320694,2026-09-21,KOL672,DDG BURLANDA SECA DE MAIZ SIN SOLUBLES,DDG BURLANDA SECA DE MAIZ SIN SOLUBLES,DEPOSITO_BURLANDAS,DEPOSITO BURLANDAS,AVELLANEDA,EGRESO,E,96046,000200320694,,0,,29620,DDG BURLANDA SECA DE MAIZ SIN SOLUBLES,DEPOSITO_BURLANDAS,,,DEPOSITO_BURLANDAS,AVELLANEDA,EXCEL_PLATFORM_PRODUCT,NO_TRUCKFLOW_EVIDENCE,ROUTE_UNKNOWN,,2026-09-21T13:21:00,,2026-09-21T13:48:00,,,0,NO_TRUCKFLOW_EXACT_PLATE_MATCH,,
,,0,2026-09-21T12:07:00,2026-09-21T13:56:00,109,EXCEL_RESPALDO,EXCEL,EXCEL,COMPROB_000200320695,2026-09-21,AI347VC,DDG BURLANDA SECA DE MAIZ SIN SOLUBLES,DDG BURLANDA SECA DE MAIZ SIN SOLUBLES,DEPOSITO_BURLANDAS,DEPOSITO BURLANDAS,AVELLANEDA,EGRESO,E,95944,000200320695,,0,,36240,DDG BURLANDA SECA DE MAIZ SIN SOLUBLES,DEPOSITO_BURLANDAS,,,DEPOSITO_BURLANDAS,AVELLANEDA,EXCEL_PLATFORM_PRODUCT,NO_TRUCKFLOW_EVIDENCE,ROUTE_UNKNOWN,,2026-09-21T12:07:00,,2026-09-21T13:56:00,,,0,NO_TRUCKFLOW_EXACT_PLATE_MATCH,,
,,0,2026-09-19T11:09:00,2026-09-21T13:58:00,3049,EXCEL_RESPALDO,EXCEL,EXCEL,CTG_10135192927,2026-09-21,DAK103,MAIZ,MAIZ,CELDA_171_-_CENTRO,CELDA 171 - CENTRO,AVELLANEDA,INGRESO,I,95611,000200433916,0000100013756,10135192927,,29960,MAIZ,CELDA_171_-_CENTRO,,,CELDA_171_-_CENTRO,AVELLANEDA,EXCEL_PLATFORM_PRODUCT,NO_TRUCKFLOW_EVIDENCE,ROUTE_UNKNOWN,,2026-09-19T11:09:00,2026-09-21T08:58:00,2026-09-21T13:58:00,,,0,NO_TRUCKFLOW_EXACT_PLATE_MATCH,,
,,0,2026-09-21T13:44:00,2026-09-21T14:00:00,16,EXCEL_RESPALDO,EXCEL,EXCEL,COMPROB_000200320696,2026-09-21,FZC965,BURLANDA HUMEDA,BURLANDA HUMEDA,DEPOSITO_BURLANDAS,DEPOSITO BURLANDAS,AVELLANEDA,EGRESO,E,96012,000200320696,,0,,29760,BURLANDA HUMEDA,DEPOSITO_BURLANDAS,,,DEPOSITO_BURLANDAS,AVELLANEDA,EXCEL_PLATFORM_PRODUCT,NO_TRUCKFLOW_EVIDENCE,ROUTE_UNKNOWN,,2026-09-21T13:44:00,,2026-09-21T14:00:00,,,0,NO_TRUCKFLOW_EXACT_PLATE_MATCH,,
,,0,2026-09-19T11:47:00,2026-09-21T14:11:00,3024,EXCEL_RESPALDO,EXCEL,EXCEL,CTG_10135190470,2026-09-21,OQN492,MAIZ,MAIZ,CELDA_171_-_CENTRO,CELDA 171 - CENTRO,AVELLANEDA,INGRESO,I,95611,000200433917,0000000001363,10135190470,VAV041840210926,35820,MAIZ,CELDA_171_-_CENTRO,,,CELDA_171_-_CENTRO,AVELLANEDA,EXCEL_PLATFORM_PRODUCT,NO_TRUCKFLOW_EVIDENCE,ROUTE_UNKNOWN,,2026-09-19T11:47:00,2026-09-21T08:53:00,2026-09-21T14:11:00,,,0,NO_TRUCKFLOW_EXACT_PLATE_MATCH,,
,,0,2026-09-21T12:21:00,2026-09-21T14:16:00,115,EXCEL_RESPALDO,EXCEL,EXCEL,COMPROB_000200320697,2026-09-21,AE861PX,ALCOHOL ETILICO BUEN GUSTO/POTABLE DE CEREAL,ALCOHOL ETILICO BUEN GUSTO/POTABLE DE CEREAL,T1005,T1005,AVELLANEDA,EGRESO,E,96026,000200320697,,0,,28500,ALCOHOL ETILICO BUEN GUSTO/POTABLE DE CEREAL,T1005,,,T1005,AVELLANEDA,EXCEL_PLATFORM_PRODUCT,NO_TRUCKFLOW_EVIDENCE,ROUTE_UNKNOWN,"INV:(XBD:144), INV:XBD144  CAMBIO PRESINTO N° 480 X 488., INV:(XBD:144)",2026-09-21T12:21:00,,2026-09-21T14:16:00,,,0,NO_TRUCKFLOW_EXACT_PLATE_MATCH,,
,,0,2026-09-19T11:49:00,2026-09-21T14:45:00,3056,EXCEL_RESPALDO,EXCEL,EXCEL,CTG_10135190541,2026-09-21,HCQ454,MAIZ,MAIZ,CELDA_171_-_CENTRO,CELDA 171 - CENTRO,AVELLANEDA,INGRESO,I,95611,000200433918,0000000001364,10135190541,VAV377040210926,35180,MAIZ,CELDA_171_-_CENTRO,,,CELDA_171_-_CENTRO,AVELLANEDA,EXCEL_PLATFORM_PRODUCT,NO_TRUCKFLOW_EVIDENCE,ROUTE_UNKNOWN,,2026-09-19T11:49:00,2026-09-21T08:57:00,2026-09-21T14:45:00,,,0,NO_TRUCKFLOW_EXACT_PLATE_MATCH,,
,,0,2026-09-21T14:52:00,2026-09-21T14:52:00,,EXCEL_RESPALDO,EXCEL,EXCEL,COMPROB_000404067672,2026-09-21,PPPPPP,CASCARA DE SOJA PELLETEADA,CASCARA DE SOJA PELLETEADA,,,TERMINAL_EMBARQUE,INGRESO,IA,95589,000404067672,0000000210926,0,,110000,CASCARA DE SOJA PELLETEADA,,,R13,,TERMINAL_EMBARQUE,EXCEL_PLATFORM_PRODUCT,NO_TRUCKFLOW_EVIDENCE,ROUTE_UNKNOWN,"D/P 210926, D/P 210926",2026-09-21T14:52:00,2026-09-21T14:52:00,2026-09-21T14:52:00,,,0,NO_TRUCKFLOW_EXACT_PLATE_MATCH,,
,,0,2026-09-21T14:52:00,2026-09-21T14:52:00,,EXCEL_RESPALDO,EXCEL,EXCEL,COMPROB_000400422458,2026-09-21,PPPPPP,CASCARA DE SOJA PELLETEADA,CASCARA DE SOJA PELLETEADA,,,TERMINAL_EMBARQUE,EGRESO,EA,95598,000400422458,,0,,110000,CASCARA DE SOJA PELLETEADA,,,R13,,TERMINAL_EMBARQUE,EXCEL_PLATFORM_PRODUCT,NO_TRUCKFLOW_EVIDENCE,ROUTE_UNKNOWN,D/P 210926 - CORRESPONDE A RECIBO 000404067672,2026-09-21T14:52:00,,2026-09-21T14:52:00,,,0,NO_TRUCKFLOW_EXACT_PLATE_MATCH,,
,,0,2026-09-21T14:56:00,2026-09-21T14:56:00,,EXCEL_RESPALDO,EXCEL,EXCEL,COMPROB_000404067674,2026-09-21,PPPPPP,HARINA DE SOJA ESPECIAL,HARINA DE SOJA ESPECIAL,,,TERMINAL_EMBARQUE,INGRESO,IA,11681,000404067674,0000000210926,0,,20000000,HARINA DE SOJA ESPECIAL,,,,,TERMINAL_EMBARQUE,EXCEL_PLATFORM_PRODUCT,NO_TRUCKFLOW_EVIDENCE,ROUTE_UNKNOWN,"D/P 210926, D/P 210926",2026-09-21T14:56:00,,2026-09-21T14:56:00,,,0,NO_TRUCKFLOW_EXACT_PLATE_MATCH,,
,,0,2026-09-21T14:56:00,2026-09-21T14:56:00,,EXCEL_RESPALDO,EXCEL,EXCEL,COMPROB_000400422459,2026-09-21,PPPPPP,HARINA DE SOJA ESPECIAL,HARINA DE SOJA ESPECIAL,,,TERMINAL_EMBARQUE,EGRESO,EA,95597,000400422459,,0,,20000000,HARINA DE SOJA ESPECIAL,,,,,TERMINAL_EMBARQUE,EXCEL_PLATFORM_PRODUCT,NO_TRUCKFLOW_EVIDENCE,ROUTE_UNKNOWN,D/P 210926 - CORRESPONDE A RECIBO 000404067674,2026-09-21T14:56:00,,2026-09-21T14:56:00,,,0,NO_TRUCKFLOW_EXACT_PLATE_MATCH,,
,,0,2026-09-21T14:58:00,2026-09-21T14:58:00,,EXCEL_RESPALDO,EXCEL,EXCEL,COMPROB_000404067676,2026-09-21,PPPPPP,CASCARA DE SOJA PELLETEADA,CASCARA DE SOJA PELLETEADA,,,TERMINAL_EMBARQUE,INGRESO,IA,95589,000404067676,0000021062026,0,,259900,CASCARA DE SOJA PELLETEADA,,,R13,,TERMINAL_EMBARQUE,EXCEL_PLATFORM_PRODUCT,NO_TRUCKFLOW_EVIDENCE,ROUTE_UNKNOWN,"D/P 210926, D/P 210926",2026-09-21T14:58:00,2026-09-21T14:58:00,2026-09-21T14:58:00,,,0,NO_TRUCKFLOW_EXACT_PLATE_MATCH,,
,,0,2026-09-21T14:58:00,2026-09-21T14:58:00,,EXCEL_RESPALDO,EXCEL,EXCEL,COMPROB_000400422460,2026-09-21,PPPPPP,CASCARA DE SOJA PELLETEADA,CASCARA DE SOJA PELLETEADA,,,TERMINAL_EMBARQUE,EGRESO,EA,95598,000400422460,,0,,259900,CASCARA DE SOJA PELLETEADA,,,R13,,TERMINAL_EMBARQUE,EXCEL_PLATFORM_PRODUCT,NO_TRUCKFLOW_EVIDENCE,ROUTE_UNKNOWN,D/P 210926 - CORRESPONDE A RECIBO 000404067676,2026-09-21T14:58:00,,2026-09-21T14:58:00,,,0,NO_TRUCKFLOW_EXACT_PLATE_MATCH,,
,,0,2026-09-21T15:03:00,2026-09-21T15:03:00,,EXCEL_RESPALDO,EXCEL,EXCEL,COMPROB_000400422461,2026-09-21,PPPPPP,CASCARA DE SOJA PELLETEADA,CASCARA DE SOJA PELLETEADA,,,TERMINAL_EMBARQUE,DIA,DIA,95589,000400422461,,0,,-110000,CASCARA DE SOJA PELLETEADA,,,R13,,TERMINAL_EMBARQUE,EXCEL_PLATFORM_PRODUCT,NO_TRUCKFLOW_EVIDENCE,ROUTE_UNKNOWN,MAL LOS KGS DEVOLUCION RECIBO 000404067672,2026-09-21T15:03:00,,2026-09-21T15:03:00,,,0,NO_TRUCKFLOW_EXACT_PLATE_MATCH,,
,,0,2026-09-21T15:04:00,2026-09-21T15:04:00,,EXCEL_RESPALDO,EXCEL,EXCEL,COMPROB_000404067678,2026-09-21,PPPPPP,CASCARA DE SOJA PELLETEADA,CASCARA DE SOJA PELLETEADA,,,TERMINAL_EMBARQUE,DEA,DEA,95598,000404067678,0999999210926,0,,-110000,CASCARA DE SOJA PELLETEADA,,,R13,,TERMINAL_EMBARQUE,EXCEL_PLATFORM_PRODUCT,NO_TRUCKFLOW_EVIDENCE,ROUTE_UNKNOWN,MAL KGS DEVOLUCION DESPACHO 000400422458,2026-09-21T15:04:00,,2026-09-21T15:04:00,,,0,NO_TRUCKFLOW_EXACT_PLATE_MATCH,,
,,0,2026-09-21T15:05:00,2026-09-21T15:05:00,,EXCEL_RESPALDO,EXCEL,EXCEL,COMPROB_000404067680,2026-09-21,PPPPPP,CASCARA DE SOJA PELLETEADA,CASCARA DE SOJA PELLETEADA,,,TERMINAL_EMBARQUE,INGRESO,IA,95589,000404067680,0000000210926,0,,1100000,CASCARA DE SOJA PELLETEADA,,,R13,,TERMINAL_EMBARQUE,EXCEL_PLATFORM_PRODUCT,NO_TRUCKFLOW_EVIDENCE,ROUTE_UNKNOWN,"D/P 210926, D/P 210926",2026-09-21T15:05:00,2026-09-21T15:05:00,2026-09-21T15:05:00,,,0,NO_TRUCKFLOW_EXACT_PLATE_MATCH,,
,,0,2026-09-21T15:05:00,2026-09-21T15:05:00,,EXCEL_RESPALDO,EXCEL,EXCEL,COMPROB_000400422462,2026-09-21,PPPPPP,CASCARA DE SOJA PELLETEADA,CASCARA DE SOJA PELLETEADA,,,TERMINAL_EMBARQUE,EGRESO,EA,95598,000400422462,,0,,1100000,CASCARA DE SOJA PELLETEADA,,,R13,,TERMINAL_EMBARQUE,EXCEL_PLATFORM_PRODUCT,NO_TRUCKFLOW_EVIDENCE,ROUTE_UNKNOWN,D/P 210926 - CORRESPONDE A RECIBO 000404067680,2026-09-21T15:05:00,,2026-09-21T15:05:00,,,0,NO_TRUCKFLOW_EXACT_PLATE_MATCH,,
,,0,2026-09-21T13:16:00,2026-09-21T15:12:00,116,EXCEL_RESPALDO,EXCEL,EXCEL,COMPROB_000200433919,2026-09-21,GPQ340,LEÑA CORTA,LEÑA CORTA,PLAYA_LEÑA_Y_CHIP,PLAYA LEÑA Y CHIP,AVELLANEDA,INGRESO,I,999820,000200433919,0000100000146,0,,29840,LEÑA CORTA,PLAYA_LEÑA_Y_CHIP,,,PLAYA_LEÑA_Y_CHIP,AVELLANEDA,EXCEL_PLATFORM_PRODUCT,NO_TRUCKFLOW_EVIDENCE,ROUTE_UNKNOWN,,2026-09-21T13:16:00,,2026-09-21T15:12:00,,,0,NO_TRUCKFLOW_EXACT_PLATE_MATCH,,
,,0,2026-09-21T14:55:00,2026-09-21T15:14:00,19,EXCEL_RESPALDO,EXCEL,EXCEL,COMPROB_009702024123,2026-09-21,AC132NO,RESIDUOS ASIMILABLES A DOMICILIARIOS,RESIDUOS ASIMILABLES A DOMICILIARIOS,,,RENOPACK,EGRESO,E,50003,009702024123,,0,,290,RESIDUOS ASIMILABLES A DOMICILIARIOS,,,,,RENOPACK,EXCEL_PLATFORM_PRODUCT,NO_TRUCKFLOW_EVIDENCE,ROUTE_UNKNOWN,RESIDUOS DOMICILIARIOS RENOPACK. SALIO CON VOLQUETE 11RP,2026-09-21T14:55:00,,2026-09-21T15:14:00,,,0,EXACT_PLATE_MATCH_OUTSIDE_TIME_WINDOW,,
,,0,2026-09-19T11:51:00,2026-09-21T15:35:00,3104,EXCEL_RESPALDO,EXCEL,EXCEL,CTG_10135190623,2026-09-21,AB393SN,MAIZ,MAIZ,CELDA_171_-_CENTRO,CELDA 171 - CENTRO,AVELLANEDA,INGRESO,I,95611,000200433920,0000000001365,10135190623,VAV883504210926,37320,MAIZ,CELDA_171_-_CENTRO,,,CELDA_171_-_CENTRO,AVELLANEDA,EXCEL_PLATFORM_PRODUCT,NO_TRUCKFLOW_EVIDENCE,ROUTE_UNKNOWN,,2026-09-19T11:51:00,2026-09-21T08:55:00,2026-09-21T15:35:00,,,0,NO_TRUCKFLOW_EXACT_PLATE_MATCH,,
,,0,2026-09-21T14:46:00,2026-09-21T15:38:00,52,EXCEL_RESPALDO,EXCEL,EXCEL,COMPROB_000200320698,2026-09-21,AD608AW,ALCOHOL ETILICO ANHIDRO P/ BIOCOMB ORIG CEREAL,ALCOHOL ETILICO ANHIDRO P/ BIOCOMB. ORIG. CEREAL,T1002,T1002,AVELLANEDA,EGRESO,E,95668,000200320698,,0,,35040,ALCOHOL ETILICO ANHIDRO P/ BIOCOMB ORIG CEREAL,T1002,,,T1002,AVELLANEDA,EXCEL_PLATFORM_PRODUCT,NO_TRUCKFLOW_EVIDENCE,ROUTE_UNKNOWN,"MERC. ENTREGADA POR C/O DE BIOENERG. A P.A.E, CUPO:(SEPTIEMBRE 26), MERC. ENTREGADA POR C/O DE BIOENERG. A P.A.E",2026-09-21T14:46:00,,2026-09-21T15:38:00,,,0,NO_TRUCKFLOW_EXACT_PLATE_MATCH,,
,,0,2026-09-21T13:09:00,2026-09-21T15:54:00,165,EXCEL_RESPALDO,EXCEL,EXCEL,COMPROB_009702023027,2026-09-21,KFC224,ACEITE SOJA REFINADO,ACEITE SOJA REFINADO,,,RENOPACK,INGRESO,I,50026,009702023027,0000100017516,0,,29150,ACEITE SOJA REFINADO,,LIQUIDO,,,RENOPACK,EXCEL_PLATFORM_PRODUCT,NO_TRUCKFLOW_EVIDENCE,ROUTE_UNKNOWN,"RECIBOS ACEITE REFINADO SOJA BUNGE , RECIBOS ACEITE REFINADO SOJA BUNGE",2026-09-21T13:09:00,,2026-09-21T15:54:00,,,0,NO_TRUCKFLOW_EXACT_PLATE_MATCH,,
,,0,2026-09-21T03:43:00,2026-09-21T15:58:00,735,EXCEL_RESPALDO,EXCEL,EXCEL,CTG_10135161196,2026-09-21,KKE404,MAIZ,MAIZ,CELDA_171_-_CENTRO,CELDA 171 - CENTRO,AVELLANEDA,INGRESO,I,95611,000200433921,0000100005836,10135161196,,29500,MAIZ,CELDA_171_-_CENTRO,,,CELDA_171_-_CENTRO,AVELLANEDA,EXCEL_PLATFORM_PRODUCT,NO_TRUCKFLOW_EVIDENCE,ROUTE_UNKNOWN,,2026-09-21T03:43:00,2026-09-21T12:22:00,2026-09-21T15:58:00,,,0,NO_TRUCKFLOW_EXACT_PLATE_MATCH,,
,,0,2026-09-21T15:58:00,2026-09-21T16:06:00,8,EXCEL_RESPALDO,EXCEL,EXCEL,COMPROB_009702024124,2026-09-21,AC132NO,RESIDUOS ASIMILABLES A DOMICILIARIOS,RESIDUOS ASIMILABLES A DOMICILIARIOS,,,RENOPACK,EGRESO,E,50003,009702024124,,0,,10,RESIDUOS ASIMILABLES A DOMICILIARIOS,,,,,RENOPACK,EXCEL_PLATFORM_PRODUCT,NO_TRUCKFLOW_EVIDENCE,ROUTE_UNKNOWN,RESIDUOS DOMICILIARIOS RENOPACK. ENTRO CON VOLQUETE 11RP,2026-09-21T15:58:00,,2026-09-21T16:06:00,,,0,EXACT_PLATE_MATCH_OUTSIDE_TIME_WINDOW,,
,,0,2026-09-21T11:00:00,2026-09-21T16:07:00,307,EXCEL_RESPALDO,EXCEL,EXCEL,COMPROB_000200433922,2026-09-21,ABB335,CHIP DE PINO,CHIP DE PINO,PLAYA_LEÑA_Y_CHIP,PLAYA LEÑA Y CHIP,AVELLANEDA,INGRESO,I,999823,000200433922,0000100025276,0,,27220,CHIP DE PINO,PLAYA_LEÑA_Y_CHIP,,,PLAYA_LEÑA_Y_CHIP,AVELLANEDA,EXCEL_PLATFORM_PRODUCT,NO_TRUCKFLOW_EVIDENCE,ROUTE_UNKNOWN,,2026-09-21T11:00:00,,2026-09-21T16:07:00,,,0,NO_TRUCKFLOW_EXACT_PLATE_MATCH,,
,,0,2026-09-21T11:31:00,2026-09-21T16:09:00,278,EXCEL_RESPALDO,EXCEL,EXCEL,COMPROB_009702023028,2026-09-21,AD671EG,ACEITE SOJA REFINADO,ACEITE SOJA REFINADO,,,RENOPACK,INGRESO,I,50026,009702023028,0000100017515,0,,29480,ACEITE SOJA REFINADO,,LIQUIDO,,,RENOPACK,EXCEL_PLATFORM_PRODUCT,NO_TRUCKFLOW_EVIDENCE,ROUTE_UNKNOWN,"RECIBOS ACEITE REFINADO SOJA BUNGE , RECIBOS ACEITE REFINADO SOJA BUNGE",2026-09-21T11:31:00,,2026-09-21T16:09:00,,,0,NO_TRUCKFLOW_EXACT_PLATE_MATCH,,
,,0,2026-09-21T16:16:00,2026-09-21T16:22:00,6,EXCEL_RESPALDO,EXCEL,EXCEL,COMPROB_009702024125,2026-09-21,AC132NO,RESIDUOS ASIMILABLES A DOMICILIARIOS,RESIDUOS ASIMILABLES A DOMICILIARIOS,,,RENOPACK,EGRESO,E,50003,009702024125,,0,,-30,RESIDUOS ASIMILABLES A DOMICILIARIOS,,,,,RENOPACK,EXCEL_PLATFORM_PRODUCT,NO_TRUCKFLOW_EVIDENCE,ROUTE_UNKNOWN,RESIDUOS DOMICILIARIOS RENOPACK. ENTRO CON VOLQUETE 3-RPK,2026-09-21T16:16:00,,2026-09-21T16:22:00,,,0,EXACT_PLATE_MATCH_OUTSIDE_TIME_WINDOW,,
,,0,2026-09-21T16:24:00,2026-09-21T16:33:00,9,EXCEL_RESPALDO,EXCEL,EXCEL,COMPROB_009702024126,2026-09-21,AC132NO,RESIDUOS ASIMILABLES A DOMICILIARIOS,RESIDUOS ASIMILABLES A DOMICILIARIOS,,,RENOPACK,EGRESO,E,50003,009702024126,,0,,20,RESIDUOS ASIMILABLES A DOMICILIARIOS,,,,,RENOPACK,EXCEL_PLATFORM_PRODUCT,NO_TRUCKFLOW_EVIDENCE,ROUTE_UNKNOWN,RESIDUOS DOMICILIARIOS RENOPACK. ENTRO CON VOLQUETE 66,2026-09-21T16:24:00,,2026-09-21T16:33:00,,,0,EXACT_PLATE_MATCH_OUTSIDE_TIME_WINDOW,,
,,0,2026-09-21T08:03:00,2026-09-21T16:37:00,514,EXCEL_RESPALDO,EXCEL,EXCEL,COMPROB_000400422466,2026-09-21,AD829RY,PRODUCTOS VARIOS,PRODUCTOS VARIOS,,,TERMINAL_EMBARQUE,EGRESO,E,11606,000400422466,,0,,80,PRODUCTOS VARIOS,,,,,TERMINAL_EMBARQUE,EXCEL_PLATFORM_PRODUCT,NO_TRUCKFLOW_EVIDENCE,ROUTE_UNKNOWN,"SANEAMIENTO DE FOSO DE NORIA ELEVADOR 7 Y 8, SANEAMIENTO DE FOSO DE NORIA ELEVADOR 7 Y 8",2026-09-21T08:03:00,,2026-09-21T16:37:00,,,0,UNKNOWN_NO_EVIDENCE,,
,,0,2026-09-21T13:32:00,2026-09-21T16:52:00,200,EXCEL_RESPALDO,EXCEL,EXCEL,COMPROB_009702023029,2026-09-21,AEM183,ACEITE SOJA REFINADO,ACEITE SOJA REFINADO,,,RENOPACK,INGRESO,I,50026,009702023029,0700100013437,0,,29550,ACEITE SOJA REFINADO,,LIQUIDO,,,RENOPACK,EXCEL_PLATFORM_PRODUCT,NO_TRUCKFLOW_EVIDENCE,ROUTE_UNKNOWN,"RECIBOS ACEITE REFINADO SOJA BUNGE , RECIBOS ACEITE REFINADO SOJA BUNGE",2026-09-21T13:32:00,,2026-09-21T16:52:00,,,0,NO_TRUCKFLOW_EXACT_PLATE_MATCH,,
,,0,2026-09-21T03:46:00,2026-09-21T17:21:00,815,EXCEL_RESPALDO,EXCEL,EXCEL,CTG_10135161150,2026-09-21,HFL637,MAIZ,MAIZ,CELDA_171_-_CENTRO,CELDA 171 - CENTRO,AVELLANEDA,INGRESO,I,95611,000200433923,0000100005835,10135161150,,31140,MAIZ,CELDA_171_-_CENTRO,,,CELDA_171_-_CENTRO,AVELLANEDA,EXCEL_PLATFORM_PRODUCT,NO_TRUCKFLOW_EVIDENCE,ROUTE_UNKNOWN,,2026-09-21T03:46:00,2026-09-21T09:19:00,2026-09-21T17:21:00,,,0,NO_TRUCKFLOW_EXACT_PLATE_MATCH,,
,,0,2026-09-21T16:45:00,2026-09-21T17:44:00,59,EXCEL_RESPALDO,EXCEL,EXCEL,COMPROB_000200433924,2026-09-21,GDS940,CHIP DE PINO,CHIP DE PINO,PLAYA_LEÑA_Y_CHIP,PLAYA LEÑA Y CHIP,AVELLANEDA,INGRESO,I,999823,000200433924,0000400000362,0,,31820,CHIP DE PINO,PLAYA_LEÑA_Y_CHIP,,,PLAYA_LEÑA_Y_CHIP,AVELLANEDA,EXCEL_PLATFORM_PRODUCT,NO_TRUCKFLOW_EVIDENCE,ROUTE_UNKNOWN,,2026-09-21T16:45:00,,2026-09-21T17:44:00,,,0,NO_TRUCKFLOW_EXACT_PLATE_MATCH,,
,,0,2026-09-21T03:52:00,2026-09-21T17:48:00,836,EXCEL_RESPALDO,EXCEL,EXCEL,CTG_10135198203,2026-09-21,EUL359,MAIZ,MAIZ,CELDA_171_-_CENTRO,CELDA 171 - CENTRO,AVELLANEDA,INGRESO,I,95611,000200433925,0000100022828,10135198203,VAV719731210926,28540,MAIZ,CELDA_171_-_CENTRO,,,CELDA_171_-_CENTRO,AVELLANEDA,EXCEL_PLATFORM_PRODUCT,NO_TRUCKFLOW_EVIDENCE,ROUTE_UNKNOWN,,2026-09-21T03:52:00,2026-09-21T06:27:00,2026-09-21T17:48:00,,,0,NO_TRUCKFLOW_EXACT_PLATE_MATCH,,
,,0,2026-09-21T13:22:00,2026-09-21T18:05:00,283,EXCEL_RESPALDO,EXCEL,EXCEL,COMPROB_000400422472,2026-09-21,IFK980,AC GIRASOL OLEICO REFINADO,AC. GIRASOL OLEICO REFINADO,ACEITE_OSL,ACEITE OSL,TERMINAL_EMBARQUE,EGRESO,E,11625,000400422472,,0,,27600,AC GIRASOL OLEICO REFINADO,ACEITE_OSL,LIQUIDO,SL1,ACEITE_OSL,TERMINAL_EMBARQUE,EXCEL_PLATFORM_PRODUCT,NO_TRUCKFLOW_EVIDENCE,ROUTE_UNKNOWN,FAZON RENOVA/BUNGE,2026-09-21T13:22:00,,2026-09-21T18:05:00,,,0,EXACT_PLATE_MATCH_OUTSIDE_TIME_WINDOW,,
,,0,2026-09-21T16:39:00,2026-09-21T18:05:00,86,EXCEL_RESPALDO,EXCEL,EXCEL,COMPROB_009702023030,2026-09-21,AH795KL,ACEITE SOJA REFINADO,ACEITE SOJA REFINADO,,,RENOPACK,INGRESO,I,50026,009702023030,0000100017519,0,,35550,ACEITE SOJA REFINADO,,LIQUIDO,,,RENOPACK,EXCEL_PLATFORM_PRODUCT,NO_TRUCKFLOW_EVIDENCE,ROUTE_UNKNOWN,"RECIBOS ACEITE REFINADO SOJA BUNGE , RECIBOS ACEITE REFINADO SOJA BUNGE",2026-09-21T16:39:00,,2026-09-21T18:05:00,,,0,NO_TRUCKFLOW_EXACT_PLATE_MATCH,,
,,0,2026-09-21T09:59:00,2026-09-21T18:08:00,489,EXCEL_RESPALDO,EXCEL,EXCEL,COMPROB_009702024127,2026-09-21,KDV347,ACEITE GIRASOL ENVASADO,ACEITE GIRASOL ENVASADO,,,RENOPACK,EGRESO,E,50009,009702024127,,0,,27130,ACEITE GIRASOL ENVASADO,,LIQUIDO,,,RENOPACK,EXCEL_PLATFORM_PRODUCT,NO_TRUCKFLOW_EVIDENCE,ROUTE_UNKNOWN,DESPACHOS MERCADO INTERNO,2026-09-21T09:59:00,,2026-09-21T18:08:00,,,0,NO_TRUCKFLOW_EXACT_PLATE_MATCH,,
,,0,2026-09-21T14:52:00,2026-09-21T18:12:00,200,EXCEL_RESPALDO,EXCEL,EXCEL,COMPROB_009702024128,2026-09-21,FTJ731,ACEITE GIRASOL ENVASADO,ACEITE GIRASOL ENVASADO,,,RENOPACK,EGRESO,E,50031,009702024128,,0,,23150,ACEITE GIRASOL ENVASADO,,LIQUIDO,,,RENOPACK,EXCEL_PLATFORM_PRODUCT,NO_TRUCKFLOW_EVIDENCE,ROUTE_UNKNOWN,DESPACHOS RENOPACK/BUNGE MERCADO INTERNO,2026-09-21T14:52:00,,2026-09-21T18:12:00,,,0,NO_TRUCKFLOW_EXACT_PLATE_MATCH,,
,,0,2026-09-21T03:55:00,2026-09-21T18:24:00,869,EXCEL_RESPALDO,EXCEL,EXCEL,CTG_10135194189,2026-09-21,TVU389,MAIZ,MAIZ,CELDA_171_-_CENTRO,CELDA 171 - CENTRO,AVELLANEDA,INGRESO,I,95611,000200433926,0000100005838,10135194189,VAV416584210926,29780,MAIZ,CELDA_171_-_CENTRO,,,CELDA_171_-_CENTRO,AVELLANEDA,EXCEL_PLATFORM_PRODUCT,NO_TRUCKFLOW_EVIDENCE,ROUTE_UNKNOWN,,2026-09-21T03:55:00,2026-09-21T09:18:00,2026-09-21T18:24:00,,,0,NO_TRUCKFLOW_EXACT_PLATE_MATCH,,
,,0,2026-09-21T03:56:00,2026-09-21T19:05:00,909,EXCEL_RESPALDO,EXCEL,EXCEL,CTG_10135198002,2026-09-21,ISJ921,MAIZ,MAIZ,CELDA_171_-_CENTRO,CELDA 171 - CENTRO,AVELLANEDA,INGRESO,I,95611,000200433927,0000100022821,10135198002,VAV474045210926,36080,MAIZ,CELDA_171_-_CENTRO,,,CELDA_171_-_CENTRO,AVELLANEDA,EXCEL_PLATFORM_PRODUCT,NO_TRUCKFLOW_EVIDENCE,ROUTE_UNKNOWN,,2026-09-21T03:56:00,2026-09-21T06:00:00,2026-09-21T19:05:00,,,0,NO_TRUCKFLOW_EXACT_PLATE_MATCH,,
,,0,2026-09-21T09:06:00,2026-09-21T19:25:00,619,EXCEL_RESPALDO,EXCEL,EXCEL,CTG_10235138723,2026-09-21,RWO489,MAIZ,MAIZ,CELDA_171_-_CENTRO,CELDA 171 - CENTRO,AVELLANEDA,INGRESO,I,95611,000200433928,0010000566521,10235138723,VAV810382160926,29160,MAIZ,CELDA_171_-_CENTRO,,,CELDA_171_-_CENTRO,AVELLANEDA,EXCEL_PLATFORM_PRODUCT,NO_TRUCKFLOW_EVIDENCE,ROUTE_UNKNOWN,,2026-09-21T09:06:00,2026-09-21T09:58:00,2026-09-21T19:25:00,,,0,NO_TRUCKFLOW_EXACT_PLATE_MATCH,,
,,0,2026-09-21T09:29:00,2026-09-21T19:54:00,625,EXCEL_RESPALDO,EXCEL,EXCEL,CTG_10235210731,2026-09-21,RKE467,MAIZ,MAIZ,CELDA_171_-_CENTRO,CELDA 171 - CENTRO,AVELLANEDA,INGRESO,I,95611,000200433929,0000100016094,10235210731,VAV557428210926,30140,MAIZ,CELDA_171_-_CENTRO,,,CELDA_171_-_CENTRO,AVELLANEDA,EXCEL_PLATFORM_PRODUCT,NO_TRUCKFLOW_EVIDENCE,ROUTE_UNKNOWN,,2026-09-21T09:29:00,2026-09-21T09:41:00,2026-09-21T19:54:00,,,0,NO_TRUCKFLOW_EXACT_PLATE_MATCH,,
,,0,2026-09-21T16:56:00,2026-09-21T20:11:00,195,EXCEL_RESPALDO,EXCEL,EXCEL,COMPROB_009702024129,2026-09-21,NNR584,ACEITE MEZCLA ENVASADO,ACEITE MEZCLA ENVASADO,,,RENOPACK,EGRESO,E,50032,009702024129,,0,,26890,ACEITE MEZCLA ENVASADO,,LIQUIDO,,,RENOPACK,EXCEL_PLATFORM_PRODUCT,NO_TRUCKFLOW_EVIDENCE,ROUTE_UNKNOWN,DESPACHOS RENOPACK/BUNGE MERCADO INTERNO,2026-09-21T16:56:00,,2026-09-21T20:11:00,,,0,NO_TRUCKFLOW_EXACT_PLATE_MATCH,,
,,0,2026-09-21T09:42:00,2026-09-21T20:36:00,654,EXCEL_RESPALDO,EXCEL,EXCEL,CTG_10235211297,2026-09-21,GWQ265,MAIZ,MAIZ,CELDA_171_-_CENTRO,CELDA 171 - CENTRO,AVELLANEDA,INGRESO,I,95611,000200433930,0000100016095,10235211297,VAV122822210926,31220,MAIZ,CELDA_171_-_CENTRO,,,CELDA_171_-_CENTRO,AVELLANEDA,EXCEL_PLATFORM_PRODUCT,NO_TRUCKFLOW_EVIDENCE,ROUTE_UNKNOWN,,2026-09-21T09:42:00,2026-09-21T10:05:00,2026-09-21T20:36:00,,,0,NO_TRUCKFLOW_EXACT_PLATE_MATCH,,
,,0,2026-09-21T09:54:00,2026-09-21T20:57:00,663,EXCEL_RESPALDO,EXCEL,EXCEL,CTG_10135118378,2026-09-21,SKZ764,MAIZ,MAIZ,CELDA_171_-_CENTRO,CELDA 171 - CENTRO,AVELLANEDA,INGRESO,I,95611,000200433931,0000100014540,10135118378,VAV798006150926,30000,MAIZ,CELDA_171_-_CENTRO,,,CELDA_171_-_CENTRO,AVELLANEDA,EXCEL_PLATFORM_PRODUCT,NO_TRUCKFLOW_EVIDENCE,ROUTE_UNKNOWN,,2026-09-21T09:54:00,2026-09-21T11:03:00,2026-09-21T20:57:00,,,0,NO_TRUCKFLOW_EXACT_PLATE_MATCH,,
,,0,2026-09-21T10:20:00,2026-09-21T21:16:00,656,EXCEL_RESPALDO,EXCEL,EXCEL,CTG_10235212371,2026-09-21,TZF884,MAIZ,MAIZ,CELDA_171_-_CENTRO,CELDA 171 - CENTRO,AVELLANEDA,INGRESO,I,95611,000200433932,0000100016097,10235212371,VAV124867210926,29820,MAIZ,CELDA_171_-_CENTRO,,,CELDA_171_-_CENTRO,AVELLANEDA,EXCEL_PLATFORM_PRODUCT,NO_TRUCKFLOW_EVIDENCE,ROUTE_UNKNOWN,,2026-09-21T10:20:00,2026-09-21T10:31:00,2026-09-21T21:16:00,,,0,NO_TRUCKFLOW_EXACT_PLATE_MATCH,,
,,0,2026-09-21T06:23:00,2026-09-21T21:38:00,915,EXCEL_RESPALDO,EXCEL,EXCEL,CTG_10235204563,2026-09-21,AC356UD,GIRASOL,GIRASOL,VOLCABLE_1,VOLCABLE 1,RICARDONE,INGRESO,I,2000640,000301464530,0240000004949,10235204563,VIC338191210926,34240,GIRASOL,VOLCABLE_1,VOLCABLE,R5,VOLCABLE_1,RICARDONE,EXCEL_PLATFORM_PRODUCT,NO_TRUCKFLOW_EVIDENCE,ROUTE_UNKNOWN,"FAZON 2026, FAZON 2026",2026-09-21T06:23:00,2026-09-21T08:42:00,2026-09-21T21:38:00,,,0,NO_TRUCKFLOW_EXACT_PLATE_MATCH,,
,,0,2026-09-21T10:31:00,2026-09-21T21:44:00,673,EXCEL_RESPALDO,EXCEL,EXCEL,CTG_10235212894,2026-09-21,VNP426,MAIZ,MAIZ,CELDA_171_-_CENTRO,CELDA 171 - CENTRO,AVELLANEDA,INGRESO,I,95611,000200433933,0000100016099,10235212894,VAV293525210926,30420,MAIZ,CELDA_171_-_CENTRO,,,CELDA_171_-_CENTRO,AVELLANEDA,EXCEL_PLATFORM_PRODUCT,NO_TRUCKFLOW_EVIDENCE,ROUTE_UNKNOWN,,2026-09-21T10:31:00,2026-09-21T10:40:00,2026-09-21T21:44:00,,,0,NO_TRUCKFLOW_EXACT_PLATE_MATCH,,
,,0,2026-09-21T10:56:00,2026-09-21T22:15:00,679,EXCEL_RESPALDO,EXCEL,EXCEL,CTG_10235213654,2026-09-21,RJP881,MAIZ,MAIZ,CELDA_171_-_CENTRO,CELDA 171 - CENTRO,AVELLANEDA,INGRESO,I,95611,000200433934,0000100016101,10235213654,VAV626888210926,29100,MAIZ,CELDA_171_-_CENTRO,,,CELDA_171_-_CENTRO,AVELLANEDA,EXCEL_PLATFORM_PRODUCT,NO_TRUCKFLOW_EVIDENCE,ROUTE_UNKNOWN,,2026-09-21T10:56:00,2026-09-21T12:19:00,2026-09-21T22:15:00,,,0,NO_TRUCKFLOW_EXACT_PLATE_MATCH,,
,,0,2026-09-21T12:37:00,2026-09-21T22:31:00,594,EXCEL_RESPALDO,EXCEL,EXCEL,COMPROB_000200433935,2026-09-21,HLF936,CHIP DE EUCALIPTUS,CHIP DE EUCALIPTUS,PLAYA_LEÑA_Y_CHIP,PLAYA LEÑA Y CHIP,AVELLANEDA,INGRESO,I,999821,000200433935,0000100013800,0,,33080,CHIP DE EUCALIPTUS,PLAYA_LEÑA_Y_CHIP,,,PLAYA_LEÑA_Y_CHIP,AVELLANEDA,EXCEL_PLATFORM_PRODUCT,NO_TRUCKFLOW_EVIDENCE,ROUTE_UNKNOWN,,2026-09-21T12:37:00,,2026-09-21T22:31:00,,,0,NO_TRUCKFLOW_EXACT_PLATE_MATCH,,
,,0,2026-09-21T13:23:00,2026-09-21T22:46:00,563,EXCEL_RESPALDO,EXCEL,EXCEL,CTG_10135204940,2026-09-21,KIH452,MAIZ,MAIZ,CELDA_171_-_CENTRO,CELDA 171 - CENTRO,AVELLANEDA,INGRESO,I,95611,000200433936,0000100001366,10135204940,VAV414298210926,29660,MAIZ,CELDA_171_-_CENTRO,,,CELDA_171_-_CENTRO,AVELLANEDA,EXCEL_PLATFORM_PRODUCT,NO_TRUCKFLOW_EVIDENCE,ROUTE_UNKNOWN,,2026-09-21T13:23:00,2026-09-21T14:22:00,2026-09-21T22:46:00,,,0,NO_TRUCKFLOW_EXACT_PLATE_MATCH,,
,,0,2026-09-21T21:56:00,2026-09-21T23:17:00,81,EXCEL_RESPALDO,EXCEL,EXCEL,COMPROB_000400422486,2026-09-21,NWZ336,BORRA DE ACSOJA REFINADO,BORRA DE AC.SOJA REFINADO,,,TERMINAL_EMBARQUE,EGRESO,E,10926,000400422486,,0,,26860,BORRA DE ACSOJA REFINADO,,,SL3,,TERMINAL_EMBARQUE,EXCEL_PLATFORM_PRODUCT,NO_TRUCKFLOW_EVIDENCE,ROUTE_UNKNOWN,DESPACHOS RENOVA.,2026-09-21T21:56:00,,2026-09-21T23:17:00,,,0,UNKNOWN_NO_EVIDENCE,,
,,0,2026-09-21T18:31:00,2026-09-21T23:29:00,298,EXCEL_RESPALDO,EXCEL,EXCEL,CTG_10135209168,2026-09-21,AC369WE,MAIZ,MAIZ,CELDA_171_-_CENTRO,CELDA 171 - CENTRO,AVELLANEDA,INGRESO,I,95611,000200433937,0000100001370,10135209168,VAV039199210926,37000,MAIZ,CELDA_171_-_CENTRO,,,CELDA_171_-_CENTRO,AVELLANEDA,EXCEL_PLATFORM_PRODUCT,NO_TRUCKFLOW_EVIDENCE,ROUTE_UNKNOWN,,2026-09-21T18:31:00,2026-09-21T18:46:00,2026-09-21T23:29:00,,,0,NO_TRUCKFLOW_EXACT_PLATE_MATCH,,
,,0,2026-09-21T17:43:00,2026-09-21T23:50:00,367,EXCEL_RESPALDO,EXCEL,EXCEL,CTG_10135202706,2026-09-21,GWC619,SOJA,SOJA,VOLCABLE_PTO_2,VOLCABLE PTO 2,TERMINAL_EMBARQUE,INGRESO,I,2000655,000404067767,0000000072621,10135202706,VIC883294200926,35420,SOJA,VOLCABLE_PTO_2,SAN_LORENZO_VOLCABLE,R7,VOLCABLE_PTO_2,TERMINAL_EMBARQUE,EXCEL_PLATFORM_PRODUCT,NO_TRUCKFLOW_EVIDENCE,ROUTE_UNKNOWN,"FAZON 2026, FAZON 2026",2026-09-21T17:43:00,2026-09-21T20:19:00,2026-09-21T23:50:00,,,0,UNKNOWN_NO_EVIDENCE,,
,,0,2026-09-21T22:08:00,2026-09-21T23:54:00,106,EXCEL_RESPALDO,EXCEL,EXCEL,CTG_10235222339,2026-09-21,AC357TU,SOJA,SOJA,VOLCABLE_PTO_5,VOLCABLE PTO 5,TERMINAL_EMBARQUE,INGRESO,I,2000655,000404067769,0000700003008,10235222339,VIC708728220926,35520,SOJA,VOLCABLE_PTO_5,SAN_LORENZO_VOLCABLE,R7,VOLCABLE_PTO_5,TERMINAL_EMBARQUE,EXCEL_PLATFORM_PRODUCT,NO_TRUCKFLOW_EVIDENCE,ROUTE_UNKNOWN,"FAZON 2026, FAZON 2026",2026-09-21T22:08:00,2026-09-21T22:45:00,2026-09-21T23:54:00,,,0,NO_TRUCKFLOW_EXACT_PLATE_MATCH,,
,,0,2026-09-21T23:59:00,2026-09-21T23:59:00,,EXCEL_RESPALDO,EXCEL,EXCEL,COMPROB_000404067888,2026-09-21,TTTTTT,BIODIESEL,BIODIESEL,,,TERMINAL_EMBARQUE,INGRESO,IA,11665,000404067888,0000000000001,0,,542700,BIODIESEL,,,SL3,,TERMINAL_EMBARQUE,EXCEL_PLATFORM_PRODUCT,NO_TRUCKFLOW_EVIDENCE,ROUTE_UNKNOWN,"TRASVASE DE PTA RENOVA A DEPOSITO VICENTIN PTO., TRASVASE DE PTA RENOVA A DEPOSITO VICENTIN PTO.",2026-09-21T23:59:00,,2026-09-21T23:59:00,,,0,NO_TRUCKFLOW_EXACT_PLATE_MATCH,,
,,0,2026-09-21T18:35:00,2026-09-22T00:10:00,335,EXCEL_RESPALDO,EXCEL,EXCEL,CTG_10135209108,2026-09-22,AD644LA,MAIZ,MAIZ,CELDA_171_-_CENTRO,CELDA 171 - CENTRO,AVELLANEDA,INGRESO,I,95611,000200433938,0000100001369,10135209108,VAV017640210926,36340,MAIZ,CELDA_171_-_CENTRO,,,CELDA_171_-_CENTRO,AVELLANEDA,EXCEL_PLATFORM_PRODUCT,NO_TRUCKFLOW_EVIDENCE,ROUTE_UNKNOWN,,2026-09-21T18:35:00,2026-09-21T18:59:00,2026-09-22T00:10:00,,,0,NO_TRUCKFLOW_EXACT_PLATE_MATCH,,
,,0,2026-09-22T00:26:00,2026-09-22T00:26:00,,EXCEL_RESPALDO,EXCEL,EXCEL,COMPROB_000200433939,2026-09-22,EZN934,LEÑA CORTA SELECC,LEÑA CORTA SELECC,,,AVELLANEDA,INGRESO,IA,999811,000200433939,0000400002080,0,,26940,LEÑA CORTA SELECC,,,,,AVELLANEDA,EXCEL_PLATFORM_PRODUCT,NO_TRUCKFLOW_EVIDENCE,ROUTE_UNKNOWN,,2026-09-22T00:26:00,,2026-09-22T00:26:00,,,0,NO_TRUCKFLOW_EXACT_PLATE_MATCH,,
,,0,2026-09-22T00:29:00,2026-09-22T00:29:00,,EXCEL_RESPALDO,EXCEL,EXCEL,COMPROB_000200433940,2026-09-22,EZN934,LEÑA CORTA SELECC,LEÑA CORTA SELECC,,,AVELLANEDA,INGRESO,IA,999811,000200433940,0000400002086,0,,28220,LEÑA CORTA SELECC,,,,,AVELLANEDA,EXCEL_PLATFORM_PRODUCT,NO_TRUCKFLOW_EVIDENCE,ROUTE_UNKNOWN,,2026-09-22T00:29:00,,2026-09-22T00:29:00,,,0,NO_TRUCKFLOW_EXACT_PLATE_MATCH,,
,,0,2026-09-21T21:15:00,2026-09-22T00:57:00,222,EXCEL_RESPALDO,EXCEL,EXCEL,CTG_10135207233,2026-09-22,FHE167,SOJA,SOJA,VOLCABLE_PTO_2,VOLCABLE PTO 2,TERMINAL_EMBARQUE,INGRESO,I,2000655,000404067787,0000000000702,10135207233,VIC524984210926,29620,SOJA,VOLCABLE_PTO_2,SAN_LORENZO_VOLCABLE,R7,VOLCABLE_PTO_2,TERMINAL_EMBARQUE,EXCEL_PLATFORM_PRODUCT,NO_TRUCKFLOW_EVIDENCE,ROUTE_UNKNOWN,"FAZON 2026, FAZON 2026",2026-09-21T21:15:00,2026-09-21T22:36:00,2026-09-22T00:57:00,,,0,NO_TRUCKFLOW_EXACT_PLATE_MATCH,,
,,0,2026-09-21T22:14:00,2026-09-22T01:35:00,201,EXCEL_RESPALDO,EXCEL,EXCEL,CTG_10135227399,2026-09-22,ACL381,SOJA,SOJA,VOLCABLE_PTO_5,VOLCABLE PTO 5,TERMINAL_EMBARQUE,INGRESO,I,2000655,000404067797,0000000004473,10135227399,VIC343766210926,31180,SOJA,VOLCABLE_PTO_5,SAN_LORENZO_VOLCABLE,R7,VOLCABLE_PTO_5,TERMINAL_EMBARQUE,EXCEL_PLATFORM_PRODUCT,NO_TRUCKFLOW_EVIDENCE,ROUTE_UNKNOWN,"FAZON 2026, FAZON 2026",2026-09-21T22:14:00,2026-09-21T22:59:00,2026-09-22T01:35:00,,,0,NO_TRUCKFLOW_EXACT_PLATE_MATCH,,
,,0,2026-09-21T22:03:00,2026-09-22T01:59:00,236,EXCEL_RESPALDO,EXCEL,EXCEL,CTG_10235224572,2026-09-22,BUH107,SOJA,SOJA,VOLCABLE_PTO_5,VOLCABLE PTO 5,TERMINAL_EMBARQUE,INGRESO,I,2000655,000404067804,0000200001379,10235224572,VIC260710220926,29140,SOJA,VOLCABLE_PTO_5,SAN_LORENZO_VOLCABLE,R7,VOLCABLE_PTO_5,TERMINAL_EMBARQUE,EXCEL_PLATFORM_PRODUCT,NO_TRUCKFLOW_EVIDENCE,ROUTE_UNKNOWN,"FAZON 2026, FAZON 2026",2026-09-21T22:03:00,2026-09-21T22:52:00,2026-09-22T01:59:00,,,0,UNKNOWN_NO_EVIDENCE,,
,,0,2026-09-21T23:33:00,2026-09-22T02:18:00,165,EXCEL_RESPALDO,EXCEL,EXCEL,CTG_10135217726,2026-09-22,JAL107,SOJA,SOJA,VOLCABLE_PTO_5,VOLCABLE PTO 5,TERMINAL_EMBARQUE,INGRESO,I,2000655,000404067809,0000100000078,10135217726,VIC487474220926,31640,SOJA,VOLCABLE_PTO_5,SAN_LORENZO_VOLCABLE,R7,VOLCABLE_PTO_5,TERMINAL_EMBARQUE,EXCEL_PLATFORM_PRODUCT,NO_TRUCKFLOW_EVIDENCE,ROUTE_UNKNOWN,"FAZON 2026, FAZON 2026",2026-09-21T23:33:00,2026-09-22T00:01:00,2026-09-22T02:18:00,,,0,UNKNOWN_NO_EVIDENCE,,
,,0,2026-09-21T14:54:00,2026-09-22T02:30:00,696,EXCEL_RESPALDO,EXCEL,EXCEL,COMPROB_000200433941,2026-09-22,KIS828,CHIP DE EUCALIPTUS,CHIP DE EUCALIPTUS,CELDA_171_-_CENTRO,CELDA 171 - CENTRO,AVELLANEDA,INGRESO,I,999821,000200433941,0000100004270,0,,29080,CHIP DE EUCALIPTUS,CELDA_171_-_CENTRO,,,CELDA_171_-_CENTRO,AVELLANEDA,EXCEL_PLATFORM_PRODUCT,NO_TRUCKFLOW_EVIDENCE,ROUTE_UNKNOWN,,2026-09-21T14:54:00,,2026-09-22T02:30:00,,,0,NO_TRUCKFLOW_EXACT_PLATE_MATCH,,
,,0,2026-09-21T22:57:00,2026-09-22T02:36:00,219,EXCEL_RESPALDO,EXCEL,EXCEL,CTG_10235212213,2026-09-22,SUY833,SOJA,SOJA,VOLCABLE_PTO_5,VOLCABLE PTO 5,TERMINAL_EMBARQUE,INGRESO,I,2000655,000404067813,0000000008572,10235212213,VIC654697210926,31160,SOJA,VOLCABLE_PTO_5,SAN_LORENZO_VOLCABLE,R7,VOLCABLE_PTO_5,TERMINAL_EMBARQUE,EXCEL_PLATFORM_PRODUCT,NO_TRUCKFLOW_EVIDENCE,ROUTE_UNKNOWN,"FAZON 2026, FAZON 2026",2026-09-21T22:57:00,2026-09-21T23:50:00,2026-09-22T02:36:00,,,0,UNKNOWN_NO_EVIDENCE,,
,,0,2026-09-21T22:59:00,2026-09-22T02:47:00,228,EXCEL_RESPALDO,EXCEL,EXCEL,CTG_10235221644,2026-09-22,CIW763,SOJA,SOJA,VOLCABLE_PTO_2,VOLCABLE PTO 2,TERMINAL_EMBARQUE,INGRESO,I,2000655,000404067817,0000000004572,10235221644,VIC800703220926,30560,SOJA,VOLCABLE_PTO_2,SAN_LORENZO_VOLCABLE,R7,VOLCABLE_PTO_2,TERMINAL_EMBARQUE,EXCEL_PLATFORM_PRODUCT,NO_TRUCKFLOW_EVIDENCE,ROUTE_UNKNOWN,"FAZON 2026, FAZON 2026",2026-09-21T22:59:00,2026-09-21T23:57:00,2026-09-22T02:47:00,,,0,UNKNOWN_NO_EVIDENCE,,
,,0,2026-09-21T23:51:00,2026-09-22T02:52:00,181,EXCEL_RESPALDO,EXCEL,EXCEL,CTG_10135211642,2026-09-22,AB186TL,SOJA,SOJA,VOLCABLE_PTO_2,VOLCABLE PTO 2,TERMINAL_EMBARQUE,INGRESO,I,2000652,000404067818,0000000001336,10135211642,VIC601383210926,35900,SOJA,VOLCABLE_PTO_2,SAN_LORENZO_VOLCABLE,R7,VOLCABLE_PTO_2,TERMINAL_EMBARQUE,EXCEL_PLATFORM_PRODUCT,NO_TRUCKFLOW_EVIDENCE,ROUTE_UNKNOWN,"FAZON 2026, FAZON 2026",2026-09-21T23:51:00,2026-09-22T00:06:00,2026-09-22T02:52:00,,,0,NO_TRUCKFLOW_EXACT_PLATE_MATCH,,
,,0,2026-09-21T23:33:00,2026-09-22T02:56:00,203,EXCEL_RESPALDO,EXCEL,EXCEL,CTG_10235190516,2026-09-22,RML728,GIRASOL,GIRASOL,VOLCABLE_2,VOLCABLE 2,RICARDONE,INGRESO,I,2000640,000301464537,0010000567503,10235190516,VIC017524220926,29900,GIRASOL,VOLCABLE_2,VOLCABLE,R6,VOLCABLE_2,RICARDONE,EXCEL_PLATFORM_PRODUCT,NO_TRUCKFLOW_EVIDENCE,ROUTE_UNKNOWN,"FAZON 2026, FAZON 2026",2026-09-21T23:33:00,2026-09-22T00:36:00,2026-09-22T02:56:00,,,0,NO_TRUCKFLOW_EXACT_PLATE_MATCH,,
,,0,2026-09-22T00:31:00,2026-09-22T03:13:00,162,EXCEL_RESPALDO,EXCEL,EXCEL,COMPROB_000200433942,2026-09-22,AH461KM,CHIP DE EUCALIPTUS,CHIP DE EUCALIPTUS,PLAYA_LEÑA_Y_CHIP,PLAYA LEÑA Y CHIP,AVELLANEDA,INGRESO,I,999821,000200433942,0000100003737,0,,30260,CHIP DE EUCALIPTUS,PLAYA_LEÑA_Y_CHIP,,,PLAYA_LEÑA_Y_CHIP,AVELLANEDA,EXCEL_PLATFORM_PRODUCT,NO_TRUCKFLOW_EVIDENCE,ROUTE_UNKNOWN,,2026-09-22T00:31:00,,2026-09-22T03:13:00,,,0,NO_TRUCKFLOW_EXACT_PLATE_MATCH,,
,,0,2026-09-22T00:04:00,2026-09-22T03:40:00,216,EXCEL_RESPALDO,EXCEL,EXCEL,CTG_10135211149,2026-09-22,AA422JL,SOJA,SOJA,VOLCABLE_PTO_2,VOLCABLE PTO 2,TERMINAL_EMBARQUE,INGRESO,I,2000652,000404067833,0000000001333,10135211149,VIC470825210926,30520,SOJA,VOLCABLE_PTO_2,SAN_LORENZO_VOLCABLE,R7,VOLCABLE_PTO_2,TERMINAL_EMBARQUE,EXCEL_PLATFORM_PRODUCT,NO_TRUCKFLOW_EVIDENCE,ROUTE_UNKNOWN,"FAZON 2026, FAZON 2026",2026-09-22T00:04:00,2026-09-22T00:41:00,2026-09-22T03:40:00,,,0,NO_TRUCKFLOW_EXACT_PLATE_MATCH,,
,,0,2026-09-22T00:53:00,2026-09-22T04:12:00,199,EXCEL_RESPALDO,EXCEL,EXCEL,CTG_10235218787,2026-09-22,AYL021,SOJA,SOJA,VOLCABLE_PTO_5,VOLCABLE PTO 5,TERMINAL_EMBARQUE,INGRESO,I,2000652,000404067843,0000200001959,10235218787,VIC217646210926,29960,SOJA,VOLCABLE_PTO_5,SAN_LORENZO_VOLCABLE,R7,VOLCABLE_PTO_5,TERMINAL_EMBARQUE,EXCEL_PLATFORM_PRODUCT,NO_TRUCKFLOW_EVIDENCE,ROUTE_UNKNOWN,"FAZON 2026, FAZON 2026",2026-09-22T00:53:00,2026-09-22T02:18:00,2026-09-22T04:12:00,,,0,UNKNOWN_NO_EVIDENCE,,
,,0,2026-09-21T22:55:00,2026-09-22T04:17:00,322,EXCEL_RESPALDO,EXCEL,EXCEL,CTG_10235202558,2026-09-22,GHP716,GIRASOL,GIRASOL,VOLCABLE_1,VOLCABLE 1,RICARDONE,INGRESO,I,2000640,000301464540,0010000567778,10235202558,VIC216379220926,30460,GIRASOL,VOLCABLE_1,VOLCABLE,R5,VOLCABLE_1,RICARDONE,EXCEL_PLATFORM_PRODUCT,NO_TRUCKFLOW_EVIDENCE,ROUTE_UNKNOWN,"FAZON 2026, FAZON 2026",2026-09-21T22:55:00,2026-09-21T23:39:00,2026-09-22T04:17:00,,,0,UNKNOWN_NO_EVIDENCE,,
,,0,2026-09-22T00:04:00,2026-09-22T04:53:00,289,EXCEL_RESPALDO,EXCEL,EXCEL,CTG_10135210772,2026-09-22,AA776WD,SOJA,SOJA,VOLCABLE_PTO_5,VOLCABLE PTO 5,TERMINAL_EMBARQUE,INGRESO,I,2000652,000404067854,0000000001331,10135210772,VIC388727210926,30860,SOJA,VOLCABLE_PTO_5,SAN_LORENZO_VOLCABLE,R7,VOLCABLE_PTO_5,TERMINAL_EMBARQUE,EXCEL_PLATFORM_PRODUCT,NO_TRUCKFLOW_EVIDENCE,ROUTE_UNKNOWN,"FAZON 2026, FAZON 2026",2026-09-22T00:04:00,2026-09-22T00:46:00,2026-09-22T04:53:00,,,0,NO_TRUCKFLOW_EXACT_PLATE_MATCH,,
,,0,2026-09-21T20:26:00,2026-09-22T05:10:00,524,EXCEL_RESPALDO,EXCEL,EXCEL,CTG_10235213151,2026-09-22,LHZ433,MAIZ,MAIZ,CELDA_171_-_CENTRO,CELDA 171 - CENTRO,AVELLANEDA,INGRESO,I,95611,000200433943,0010000567938,10235213151,VAV055818210926,35240,MAIZ,CELDA_171_-_CENTRO,,,CELDA_171_-_CENTRO,AVELLANEDA,EXCEL_PLATFORM_PRODUCT,NO_TRUCKFLOW_EVIDENCE,ROUTE_UNKNOWN,,2026-09-21T20:26:00,2026-09-22T04:03:00,2026-09-22T05:10:00,,,0,NO_TRUCKFLOW_EXACT_PLATE_MATCH,,
,,0,2026-09-21T23:43:00,2026-09-22T05:17:00,334,EXCEL_RESPALDO,EXCEL,EXCEL,CTG_10235202468,2026-09-22,FXL138,GIRASOL,GIRASOL,VOLCABLE_1,VOLCABLE 1,RICARDONE,INGRESO,I,2000640,000301464543,0010000567774,10235202468,VIC158862220926,29360,GIRASOL,VOLCABLE_1,VOLCABLE,R5,VOLCABLE_1,RICARDONE,EXCEL_PLATFORM_PRODUCT,NO_TRUCKFLOW_EVIDENCE,ROUTE_UNKNOWN,"FAZON 2026, FAZON 2026",2026-09-21T23:43:00,2026-09-22T00:38:00,2026-09-22T05:17:00,,,0,UNKNOWN_NO_EVIDENCE,,
,,0,2026-09-21T20:28:00,2026-09-22T05:42:00,554,EXCEL_RESPALDO,EXCEL,EXCEL,CTG_10235212965,2026-09-22,MNJ704,MAIZ,MAIZ,CELDA_171_-_CENTRO,CELDA 171 - CENTRO,AVELLANEDA,INGRESO,I,95611,000200433944,0010000567929,10235212965,VAV031576210926,34920,MAIZ,CELDA_171_-_CENTRO,,,CELDA_171_-_CENTRO,AVELLANEDA,EXCEL_PLATFORM_PRODUCT,NO_TRUCKFLOW_EVIDENCE,ROUTE_UNKNOWN,,2026-09-21T20:28:00,2026-09-22T04:09:00,2026-09-22T05:42:00,,,0,NO_TRUCKFLOW_EXACT_PLATE_MATCH,,
,,0,2026-09-21T13:29:00,2026-09-22T05:54:00,985,EXCEL_RESPALDO,EXCEL,EXCEL,COMPROB_000200433945,2026-09-22,UVX336,LEÑA CORTA SELECC,LEÑA CORTA SELECC,PLAYA_LEÑA_Y_CHIP,PLAYA LEÑA Y CHIP,AVELLANEDA,INGRESO,I,999811,000200433945,0001000001015,0,,28060,LEÑA CORTA SELECC,PLAYA_LEÑA_Y_CHIP,,,PLAYA_LEÑA_Y_CHIP,AVELLANEDA,EXCEL_PLATFORM_PRODUCT,NO_TRUCKFLOW_EVIDENCE,ROUTE_UNKNOWN,,2026-09-21T13:29:00,,2026-09-22T05:54:00,,,0,NO_TRUCKFLOW_EXACT_PLATE_MATCH,,
,,0,2026-09-22T04:47:00,2026-09-22T06:06:00,79,EXCEL_RESPALDO,EXCEL,EXCEL,COMPROB_000200433946,2026-09-22,UWD960,LEÑA CORTA SELECC,LEÑA CORTA SELECC,PLAYA_LEÑA_Y_CHIP,PLAYA LEÑA Y CHIP,AVELLANEDA,INGRESO,I,999811,000200433946,0000100000543,0,,27980,LEÑA CORTA SELECC,PLAYA_LEÑA_Y_CHIP,,,PLAYA_LEÑA_Y_CHIP,AVELLANEDA,EXCEL_PLATFORM_PRODUCT,NO_TRUCKFLOW_EVIDENCE,ROUTE_UNKNOWN,,2026-09-22T04:47:00,,2026-09-22T06:06:00,,,0,NO_TRUCKFLOW_EXACT_PLATE_MATCH,,
,,0,2026-09-21T22:59:00,2026-09-22T06:19:00,440,EXCEL_RESPALDO,EXCEL,EXCEL,CTG_10235215315,2026-09-22,AD477LG,MAIZ,MAIZ,CELDA_171_-_CENTRO,CELDA 171 - CENTRO,AVELLANEDA,INGRESO,I,95611,000200433947,0010000568007,10235215315,VAV326296210926,37260,MAIZ,CELDA_171_-_CENTRO,,,CELDA_171_-_CENTRO,AVELLANEDA,EXCEL_PLATFORM_PRODUCT,NO_TRUCKFLOW_EVIDENCE,ROUTE_UNKNOWN,,2026-09-21T22:59:00,2026-09-22T04:15:00,2026-09-22T06:19:00,,,0,NO_TRUCKFLOW_EXACT_PLATE_MATCH,,
,,0,2026-09-21T14:56:00,2026-09-22T06:40:00,944,EXCEL_RESPALDO,EXCEL,EXCEL,COMPROB_000200433948,2026-09-22,HHQ888,CHIP DE EUCALIPTUS,CHIP DE EUCALIPTUS,PLAYA_LEÑA_Y_CHIP,PLAYA LEÑA Y CHIP,AVELLANEDA,INGRESO,I,999821,000200433948,0000100004271,0,,27860,CHIP DE EUCALIPTUS,PLAYA_LEÑA_Y_CHIP,,,PLAYA_LEÑA_Y_CHIP,AVELLANEDA,EXCEL_PLATFORM_PRODUCT,NO_TRUCKFLOW_EVIDENCE,ROUTE_UNKNOWN,,2026-09-21T14:56:00,,2026-09-22T06:40:00,,,0,NO_TRUCKFLOW_EXACT_PLATE_MATCH,,
,,0,2026-09-22T03:08:00,2026-09-22T06:45:00,217,EXCEL_RESPALDO,EXCEL,EXCEL,CTG_30035229036,2026-09-22,JDH880,ACEITE GIRASOL PARA REFINAR,ACEITE GIRASOL PARA REFINAR,ACEITE_PTO,ACEITE PTO,TERMINAL_EMBARQUE,INGRESO,I,11525,000404067880,0130000043309,30035229036,,29000,ACEITE GIRASOL PARA REFINAR,ACEITE_PTO,LIQUIDO,SL2,ACEITE_PTO,TERMINAL_EMBARQUE,EXCEL_PLATFORM_PRODUCT,NO_TRUCKFLOW_EVIDENCE,ROUTE_UNKNOWN,"FAZON RENOVA/BUNGE, FAZON RENOVA/BUNGE",2026-09-22T03:08:00,2026-09-22T03:37:00,2026-09-22T06:45:00,,,0,UNKNOWN_NO_EVIDENCE,,
,,0,2026-09-21T23:19:00,2026-09-22T07:00:00,461,EXCEL_RESPALDO,EXCEL,EXCEL,CTG_10135223695,2026-09-22,GQW853,MAIZ,MAIZ,CELDA_171_-_CENTRO,CELDA 171 - CENTRO,AVELLANEDA,INGRESO,I,95611,000200433949,0000100022938,10135223695,VAV581403220926,35620,MAIZ,CELDA_171_-_CENTRO,,,CELDA_171_-_CENTRO,AVELLANEDA,EXCEL_PLATFORM_PRODUCT,NO_TRUCKFLOW_EVIDENCE,ROUTE_UNKNOWN,,2026-09-21T23:19:00,2026-09-22T04:21:00,2026-09-22T07:00:00,,,0,NO_TRUCKFLOW_EXACT_PLATE_MATCH,,
,,0,2026-09-22T02:43:00,2026-09-22T07:26:00,283,EXCEL_RESPALDO,EXCEL,EXCEL,CTG_10235216682,2026-09-22,FHA323,GIRASOL,GIRASOL,VOLCABLE_2,VOLCABLE 2,RICARDONE,INGRESO,I,2000640,000301464545,0240000004954,10235216682,VIC227207220926,34320,GIRASOL,VOLCABLE_2,VOLCABLE,R6,VOLCABLE_2,RICARDONE,EXCEL_PLATFORM_PRODUCT,NO_TRUCKFLOW_EVIDENCE,ROUTE_UNKNOWN,"FAZON 2026, FAZON 2026",2026-09-22T02:43:00,2026-09-22T04:57:00,2026-09-22T07:26:00,,,0,UNKNOWN_NO_EVIDENCE,,
,,0,2026-09-21T23:47:00,2026-09-22T07:30:00,463,EXCEL_RESPALDO,EXCEL,EXCEL,CTG_10135213475,2026-09-22,LXJ043,MAIZ,MAIZ,CELDA_171_-_CENTRO,CELDA 171 - CENTRO,AVELLANEDA,INGRESO,I,95611,000200433950,0000100013758,10135213475,VAV248467220926,30820,MAIZ,CELDA_171_-_CENTRO,,,CELDA_171_-_CENTRO,AVELLANEDA,EXCEL_PLATFORM_PRODUCT,NO_TRUCKFLOW_EVIDENCE,ROUTE_UNKNOWN,,2026-09-21T23:47:00,2026-09-22T04:27:00,2026-09-22T07:30:00,,,0,NO_TRUCKFLOW_EXACT_PLATE_MATCH,,
,,0,2026-09-22T03:07:00,2026-09-22T07:45:00,278,EXCEL_RESPALDO,EXCEL,EXCEL,CTG_30035229046,2026-09-22,UUU110,ACEITE GIRASOL PARA REFINAR,ACEITE GIRASOL PARA REFINAR,ACEITE_PTO,ACEITE PTO,TERMINAL_EMBARQUE,INGRESO,I,11525,000404067885,0130000043310,30035229046,,27540,ACEITE GIRASOL PARA REFINAR,ACEITE_PTO,LIQUIDO,SL2,ACEITE_PTO,TERMINAL_EMBARQUE,EXCEL_PLATFORM_PRODUCT,NO_TRUCKFLOW_EVIDENCE,ROUTE_UNKNOWN,"FAZON RENOVA/BUNGE, FAZON RENOVA/BUNGE",2026-09-22T03:07:00,2026-09-22T03:28:00,2026-09-22T07:45:00,,,0,UNKNOWN_NO_EVIDENCE,,
,,0,2026-09-21T16:19:00,2026-09-22T07:57:00,938,EXCEL_RESPALDO,EXCEL,EXCEL,COMPROB_000200433951,2026-09-22,RQE231,LEÑA CORTA SELECC,LEÑA CORTA SELECC,PLAYA_LEÑA_Y_CHIP,PLAYA LEÑA Y CHIP,AVELLANEDA,INGRESO,I,999811,000200433951,0000100003960,0,,28160,LEÑA CORTA SELECC,PLAYA_LEÑA_Y_CHIP,,,PLAYA_LEÑA_Y_CHIP,AVELLANEDA,EXCEL_PLATFORM_PRODUCT,NO_TRUCKFLOW_EVIDENCE,ROUTE_UNKNOWN,,2026-09-21T16:19:00,,2026-09-22T07:57:00,,,0,NO_TRUCKFLOW_EXACT_PLATE_MATCH,,
,,0,2026-09-21T22:21:00,2026-09-22T08:04:00,583,EXCEL_RESPALDO,EXCEL,EXCEL,COMPROB_000200433952,2026-09-22,CJP948,LEÑA CORTA SELECC,LEÑA CORTA SELECC,PLAYA_LEÑA_Y_CHIP,PLAYA LEÑA Y CHIP,AVELLANEDA,INGRESO,I,999811,000200433952,0000400002088,0,,31300,LEÑA CORTA SELECC,PLAYA_LEÑA_Y_CHIP,,,PLAYA_LEÑA_Y_CHIP,AVELLANEDA,EXCEL_PLATFORM_PRODUCT,NO_TRUCKFLOW_EVIDENCE,ROUTE_UNKNOWN,,2026-09-21T22:21:00,,2026-09-22T08:04:00,,,0,NO_TRUCKFLOW_EXACT_PLATE_MATCH,,
,,0,2026-09-22T07:34:00,2026-09-22T08:05:00,31,EXCEL_RESPALDO,EXCEL,EXCEL,COMPROB_000200320699,2026-09-22,NFS501,DDG BURLANDA SECA DE MAIZ SIN SOLUBLES,DDG BURLANDA SECA DE MAIZ SIN SOLUBLES,DEPOSITO_BURLANDAS,DEPOSITO BURLANDAS,AVELLANEDA,EGRESO,E,96027,000200320699,,0,,27940,DDG BURLANDA SECA DE MAIZ SIN SOLUBLES,DEPOSITO_BURLANDAS,,,DEPOSITO_BURLANDAS,AVELLANEDA,EXCEL_PLATFORM_PRODUCT,NO_TRUCKFLOW_EVIDENCE,ROUTE_UNKNOWN,,2026-09-22T07:34:00,,2026-09-22T08:05:00,,,0,NO_TRUCKFLOW_EXACT_PLATE_MATCH,,
,,0,2026-09-22T01:14:00,2026-09-22T08:09:00,415,EXCEL_RESPALDO,EXCEL,EXCEL,CTG_10135224607,2026-09-22,AH016FE,MAIZ,MAIZ,CELDA_171_-_CENTRO,CELDA 171 - CENTRO,AVELLANEDA,INGRESO,I,95611,000200433953,0000100014631,10135224607,VAV023902220926,35100,MAIZ,CELDA_171_-_CENTRO,,,CELDA_171_-_CENTRO,AVELLANEDA,EXCEL_PLATFORM_PRODUCT,NO_TRUCKFLOW_EVIDENCE,ROUTE_UNKNOWN,,2026-09-22T01:14:00,2026-09-22T04:35:00,2026-09-22T08:09:00,,,0,NO_TRUCKFLOW_EXACT_PLATE_MATCH,,
,,0,2026-09-22T02:11:00,2026-09-22T08:16:00,365,EXCEL_RESPALDO,EXCEL,EXCEL,CTG_10135225179,2026-09-22,UMR175,MAIZ,MAIZ,SILO_TROVATTO_04,SILO TROVATTO 04,AVELLANEDA,INGRESO,I,95611,000200433954,0000100014636,10135225179,VAV659709220926,29340,MAIZ,SILO_TROVATTO_04,,,SILO_TROVATTO_04,AVELLANEDA,EXCEL_PLATFORM_PRODUCT,NO_TRUCKFLOW_EVIDENCE,ROUTE_UNKNOWN,,2026-09-22T02:11:00,2026-09-22T05:02:00,2026-09-22T08:16:00,,,0,NO_TRUCKFLOW_EXACT_PLATE_MATCH,,
,,0,2026-09-22T04:46:00,2026-09-22T08:42:00,236,EXCEL_RESPALDO,EXCEL,EXCEL,CTG_10135225473,2026-09-22,AH994OP,MAIZ,MAIZ,SILO_TROVATTO_04,SILO TROVATTO 04,AVELLANEDA,INGRESO,I,95611,000200433955,0000100014639,10135225473,VAV762573220926,36960,MAIZ,SILO_TROVATTO_04,,,SILO_TROVATTO_04,AVELLANEDA,EXCEL_PLATFORM_PRODUCT,NO_TRUCKFLOW_EVIDENCE,ROUTE_UNKNOWN,,2026-09-22T04:46:00,2026-09-22T05:44:00,2026-09-22T08:42:00,,,0,NO_TRUCKFLOW_EXACT_PLATE_MATCH,,
,,0,2026-09-22T08:59:00,2026-09-22T09:44:00,45,EXCEL_RESPALDO,EXCEL,EXCEL,COMPROB_000200320700,2026-09-22,AH596IC,DDG BURLANDA SECA DE MAIZ SIN SOLUBLES,DDG BURLANDA SECA DE MAIZ SIN SOLUBLES,DEPOSITO_BURLANDAS,DEPOSITO BURLANDAS,AVELLANEDA,EGRESO,E,96020,000200320700,,0,,31120,DDG BURLANDA SECA DE MAIZ SIN SOLUBLES,DEPOSITO_BURLANDAS,,,DEPOSITO_BURLANDAS,AVELLANEDA,EXCEL_PLATFORM_PRODUCT,NO_TRUCKFLOW_EVIDENCE,ROUTE_UNKNOWN,,2026-09-22T08:59:00,,2026-09-22T09:44:00,,,0,NO_TRUCKFLOW_EXACT_PLATE_MATCH,,
,,0,2026-09-22T03:29:00,2026-09-22T10:00:00,391,EXCEL_RESPALDO,EXCEL,EXCEL,CTG_10235214660,2026-09-22,KPO764,MAIZ,MAIZ,SILO_TROVATTO_04,SILO TROVATTO 04,AVELLANEDA,INGRESO,I,95611,000200433956,0010000567985,10235214660,VAV192067210926,29620,MAIZ,SILO_TROVATTO_04,,,SILO_TROVATTO_04,AVELLANEDA,EXCEL_PLATFORM_PRODUCT,NO_TRUCKFLOW_EVIDENCE,ROUTE_UNKNOWN,,2026-09-22T03:29:00,2026-09-22T07:15:00,2026-09-22T10:00:00,,,0,NO_TRUCKFLOW_EXACT_PLATE_MATCH,,
,,0,2026-09-22T01:22:00,2026-09-22T10:03:00,521,EXCEL_RESPALDO,EXCEL,EXCEL,CTG_10235221635,2026-09-22,AF782UT,MAIZ,MAIZ,CELDA_171_-_CENTRO,CELDA 171 - CENTRO,AVELLANEDA,INGRESO,I,95611,000200433957,0010000568188,10235221635,VAV059770210926,34660,MAIZ,CELDA_171_-_CENTRO,,,CELDA_171_-_CENTRO,AVELLANEDA,EXCEL_PLATFORM_PRODUCT,NO_TRUCKFLOW_EVIDENCE,ROUTE_UNKNOWN,,2026-09-22T01:22:00,2026-09-22T06:28:00,2026-09-22T10:03:00,,,0,NO_TRUCKFLOW_EXACT_PLATE_MATCH,,
,,0,2026-09-22T09:33:00,2026-09-22T10:05:00,32,EXCEL_RESPALDO,EXCEL,EXCEL,COMPROB_000200320701,2026-09-22,FLT523,BURLANDA HUMEDA,BURLANDA HUMEDA,DEPOSITO_BURLANDAS,DEPOSITO BURLANDAS,AVELLANEDA,EGRESO,E,96010,000200320701,,0,,28640,BURLANDA HUMEDA,DEPOSITO_BURLANDAS,,,DEPOSITO_BURLANDAS,AVELLANEDA,EXCEL_PLATFORM_PRODUCT,NO_TRUCKFLOW_EVIDENCE,ROUTE_UNKNOWN,,2026-09-22T09:33:00,,2026-09-22T10:05:00,,,0,NO_TRUCKFLOW_EXACT_PLATE_MATCH,,
,,0,2026-09-22T07:08:00,2026-09-22T10:08:00,180,EXCEL_RESPALDO,EXCEL,EXCEL,CTG_10135216996,2026-09-22,AB736BJ,SOJA,SOJA,VOLCABLE_PTO_5,VOLCABLE PTO 5,TERMINAL_EMBARQUE,INGRESO,I,2000655,000404067911,0000000002683,10135216996,VIC253000220926,34520,SOJA,VOLCABLE_PTO_5,SAN_LORENZO_VOLCABLE,R7,VOLCABLE_PTO_5,TERMINAL_EMBARQUE,EXCEL_PLATFORM_PRODUCT,NO_TRUCKFLOW_EVIDENCE,ROUTE_UNKNOWN,"FAZON 2026, FAZON 2026",2026-09-22T07:08:00,2026-09-22T07:53:00,2026-09-22T10:08:00,,,0,NO_TRUCKFLOW_EXACT_PLATE_MATCH,,
,,0,2026-09-21T16:48:00,2026-09-22T10:12:00,1044,EXCEL_RESPALDO,EXCEL,EXCEL,COMPROB_000200433958,2026-09-22,HCH559,CHIP DE PINO,CHIP DE PINO,PLAYA_LEÑA_Y_CHIP,PLAYA LEÑA Y CHIP,AVELLANEDA,INGRESO,I,999823,000200433958,0000100000303,0,,29820,CHIP DE PINO,PLAYA_LEÑA_Y_CHIP,,,PLAYA_LEÑA_Y_CHIP,AVELLANEDA,EXCEL_PLATFORM_PRODUCT,NO_TRUCKFLOW_EVIDENCE,ROUTE_UNKNOWN,,2026-09-21T16:48:00,,2026-09-22T10:12:00,,,0,NO_TRUCKFLOW_EXACT_PLATE_MATCH,,
,,0,2026-09-22T10:13:00,2026-09-22T10:13:00,,EXCEL_RESPALDO,EXCEL,EXCEL,COMPROB_009702024130,2026-09-22,TDQ017,ACEITE SOJA REFINADO,ACEITE SOJA REFINADO,,,RENOPACK,EGRESO,E,50015,009702024130,,0,,28440,ACEITE SOJA REFINADO,,LIQUIDO,,,RENOPACK,EXCEL_PLATFORM_PRODUCT,NO_TRUCKFLOW_EVIDENCE,ROUTE_UNKNOWN,ACEITE REPROCESO. REEMP A DESP 009702024121.,2026-09-22T10:13:00,,2026-09-22T10:13:00,,,0,UNKNOWN_NO_EVIDENCE,,
,,0,2026-09-22T10:14:00,2026-09-22T10:14:00,,EXCEL_RESPALDO,EXCEL,EXCEL,COMPROB_009702023031,2026-09-22,TDQ017,ACEITE SOJA REFINADO,ACEITE SOJA REFINADO,,,RENOPACK,DESPACHO,DE,50015,009702023031,0999702024121,0,,-28440,ACEITE SOJA REFINADO,,LIQUIDO,,,RENOPACK,EXCEL_PLATFORM_PRODUCT,NO_TRUCKFLOW_EVIDENCE,ROUTE_UNKNOWN,REEMPLAZADO POR 009702024130 - CAMBIA TRANSPORTE DEVOLUCION DESPACHO 009702024121,2026-09-22T10:14:00,,2026-09-22T10:14:00,,,0,UNKNOWN_NO_EVIDENCE,,
,,0,2026-09-22T10:19:00,2026-09-22T10:19:00,,EXCEL_RESPALDO,EXCEL,EXCEL,COMPROB_000200433959,2026-09-22,SIK535,LEÑA CORTA,LEÑA CORTA,,,AVELLANEDA,INGRESO,IA,999820,000200433959,0000100003936,0,,9480,LEÑA CORTA,,,,,AVELLANEDA,EXCEL_PLATFORM_PRODUCT,NO_TRUCKFLOW_EVIDENCE,ROUTE_UNKNOWN,"TICKET 941121, TICKET 941121",2026-09-22T10:19:00,,2026-09-22T10:19:00,,,0,NO_TRUCKFLOW_EXACT_PLATE_MATCH,,
,,0,2026-09-22T03:54:00,2026-09-22T10:28:00,394,EXCEL_RESPALDO,EXCEL,EXCEL,CTG_10135219055,2026-09-22,AD903DI,MAIZ,MAIZ,SILO_TROVATTO_04,SILO TROVATTO 04,AVELLANEDA,INGRESO,I,95611,000200433960,0000000005629,10135219055,VAV778902210926,35740,MAIZ,SILO_TROVATTO_04,,,SILO_TROVATTO_04,AVELLANEDA,EXCEL_PLATFORM_PRODUCT,NO_TRUCKFLOW_EVIDENCE,ROUTE_UNKNOWN,,2026-09-22T03:54:00,2026-09-22T07:25:00,2026-09-22T10:28:00,,,0,NO_TRUCKFLOW_EXACT_PLATE_MATCH,,
,,0,2026-09-22T04:19:00,2026-09-22T10:34:00,375,EXCEL_RESPALDO,EXCEL,EXCEL,CTG_10235214229,2026-09-22,RFR589,MAIZ,MAIZ,CELDA_171_-_CENTRO,CELDA 171 - CENTRO,AVELLANEDA,INGRESO,I,95611,000200433961,0010000567973,10235214229,VAV132440210926,30200,MAIZ,CELDA_171_-_CENTRO,,,CELDA_171_-_CENTRO,AVELLANEDA,EXCEL_PLATFORM_PRODUCT,NO_TRUCKFLOW_EVIDENCE,ROUTE_UNKNOWN,,2026-09-22T04:19:00,2026-09-22T09:10:00,2026-09-22T10:34:00,,,0,NO_TRUCKFLOW_EXACT_PLATE_MATCH,,
,,0,2026-09-22T09:50:00,2026-09-22T10:57:00,67,EXCEL_RESPALDO,EXCEL,EXCEL,CTG_10235224624,2026-09-22,AF413NN,MAIZ,MAIZ,PLATAFORMA1,PLATAFORMA1,LOS_CORRALES_DE_NICANOR,INGRESO,I,855909,005500000144,0004100008918,10235224624,,27480,MAIZ,PLATAFORMA1,,,PLATAFORMA1,LOS_CORRALES_DE_NICANOR,EXCEL_PLATFORM_PRODUCT,NO_TRUCKFLOW_EVIDENCE,ROUTE_UNKNOWN,"CONTRATO GLOBAL, CONTRATO GLOBAL",2026-09-22T09:50:00,2026-09-22T09:57:00,2026-09-22T10:57:00,,,0,NO_TRUCKFLOW_EXACT_PLATE_MATCH,,
,,0,2026-09-22T11:03:00,2026-09-22T11:03:00,,EXCEL_RESPALDO,EXCEL,EXCEL,COMPROB_000200320702,2026-09-22,XXXX,RESIDUOS ASIMILABLES A DOMICILIARIOS,RESIDUOS ASIMILABLES A DOMICILIARIOS,,,AVELLANEDA,EGRESO,EA,88262,000200320702,,0,,160,RESIDUOS ASIMILABLES A DOMICILIARIOS,,,,,AVELLANEDA,EXCEL_PLATFORM_PRODUCT,NO_TRUCKFLOW_EVIDENCE,ROUTE_UNKNOWN,,2026-09-22T11:03:00,,2026-09-22T11:03:00,,,0,NO_TRUCKFLOW_EXACT_PLATE_MATCH,,
,,0,2026-09-22T10:09:00,2026-09-22T11:08:00,59,EXCEL_RESPALDO,EXCEL,EXCEL,COMPROB_009702023032,2026-09-22,AH260VF,PRODUCTOS VARIOS,PRODUCTOS VARIOS,,,RENOPACK,INGRESO,I,50012,009702023032,0000100002372,0,,19320,PRODUCTOS VARIOS,,,,,RENOPACK,EXCEL_PLATFORM_PRODUCT,NO_TRUCKFLOW_EVIDENCE,ROUTE_UNKNOWN,"PALLETS TRAT FITOSANIT. 1,0X1,2MTS CANT: 616, MOVIMIENTOS PROD VARIOS., PALLETS TRAT FITOSANIT. 1,0X1,2MTS CANT: 616, MOVIMIENTOS PROD VARIOS.",2026-09-22T10:09:00,,2026-09-22T11:08:00,,,0,NO_TRUCKFLOW_EXACT_PLATE_MATCH,,
,,0,2026-09-22T03:56:00,2026-09-22T11:09:00,433,EXCEL_RESPALDO,EXCEL,EXCEL,CTG_10135217001,2026-09-22,MWH177,MAIZ,MAIZ,SILO_TROVATTO_04,SILO TROVATTO 04,AVELLANEDA,INGRESO,I,95611,000200433962,0000000005626,10135217001,VAV481762210926,37060,MAIZ,SILO_TROVATTO_04,,,SILO_TROVATTO_04,AVELLANEDA,EXCEL_PLATFORM_PRODUCT,NO_TRUCKFLOW_EVIDENCE,ROUTE_UNKNOWN,,2026-09-22T03:56:00,2026-09-22T07:39:00,2026-09-22T11:09:00,,,0,NO_TRUCKFLOW_EXACT_PLATE_MATCH,,
,,0,2026-09-21T23:36:00,2026-09-22T11:23:00,707,EXCEL_RESPALDO,EXCEL,EXCEL,CTG_10135213417,2026-09-22,UES666,MAIZ,MAIZ,SILO_TROVATTO_04,SILO TROVATTO 04,AVELLANEDA,INGRESO,I,95611,000200433963,0000100013757,10135213417,VAV238175220926,29620,MAIZ,SILO_TROVATTO_04,,,SILO_TROVATTO_04,AVELLANEDA,EXCEL_PLATFORM_PRODUCT,NO_TRUCKFLOW_EVIDENCE,ROUTE_UNKNOWN,,2026-09-21T23:36:00,2026-09-22T09:15:00,2026-09-22T11:23:00,,,0,NO_TRUCKFLOW_EXACT_PLATE_MATCH,,
,,0,2026-09-22T10:38:00,2026-09-22T11:32:00,54,EXCEL_RESPALDO,EXCEL,EXCEL,COMPROB_000200320703,2026-09-22,FBL660,DDG BURLANDA SECA DE MAIZ SIN SOLUBLES,DDG BURLANDA SECA DE MAIZ SIN SOLUBLES,DEPOSITO_BURLANDAS,DEPOSITO BURLANDAS,AVELLANEDA,EGRESO,E,96047,000200320703,,0,,24900,DDG BURLANDA SECA DE MAIZ SIN SOLUBLES,DEPOSITO_BURLANDAS,,,DEPOSITO_BURLANDAS,AVELLANEDA,EXCEL_PLATFORM_PRODUCT,NO_TRUCKFLOW_EVIDENCE,ROUTE_UNKNOWN,,2026-09-22T10:38:00,,2026-09-22T11:32:00,,,0,NO_TRUCKFLOW_EXACT_PLATE_MATCH,,
,,0,2026-09-22T10:15:00,2026-09-22T11:44:00,89,EXCEL_RESPALDO,EXCEL,EXCEL,COMPROB_009702024131,2026-09-22,FJW142,ACEITE GIRASOL ENVASADO,ACEITE GIRASOL ENVASADO,,,RENOPACK,EGRESO,E,50031,009702024131,,0,,27750,ACEITE GIRASOL ENVASADO,,LIQUIDO,,,RENOPACK,EXCEL_PLATFORM_PRODUCT,NO_TRUCKFLOW_EVIDENCE,ROUTE_UNKNOWN,DESPACHOS RENOPACK/BUNGE MERCADO INTERNO,2026-09-22T10:15:00,,2026-09-22T11:44:00,,,0,NO_TRUCKFLOW_EXACT_PLATE_MATCH,,
,,0,2026-09-22T09:44:00,2026-09-22T12:09:00,145,EXCEL_RESPALDO,EXCEL,EXCEL,COMPROB_009702023033,2026-09-22,AEM183,ACEITE SOJA REFINADO,ACEITE SOJA REFINADO,,,RENOPACK,INGRESO,I,50026,009702023033,0700100013446,0,,29490,ACEITE SOJA REFINADO,,LIQUIDO,,,RENOPACK,EXCEL_PLATFORM_PRODUCT,NO_TRUCKFLOW_EVIDENCE,ROUTE_UNKNOWN,"RECIBOS ACEITE REFINADO SOJA BUNGE , RECIBOS ACEITE REFINADO SOJA BUNGE",2026-09-22T09:44:00,,2026-09-22T12:09:00,,,0,NO_TRUCKFLOW_EXACT_PLATE_MATCH,,
,,0,2026-09-22T11:10:00,2026-09-22T12:09:00,59,EXCEL_RESPALDO,EXCEL,EXCEL,COMPROB_005500000145,2026-09-22,USP035,HENO DE PASTURA CALIDAD INFERIOR,HENO DE PASTURA CALIDAD INFERIOR,,,LOS_CORRALES_DE_NICANOR,INGRESO,I,999774,005500000145,0000400000076,0,,18500,HENO DE PASTURA CALIDAD INFERIOR,,,,,LOS_CORRALES_DE_NICANOR,EXCEL_PLATFORM_PRODUCT,NO_TRUCKFLOW_EVIDENCE,ROUTE_UNKNOWN,"32 ROLLOS  ALFALFA, 32 ROLLOS  ALFALFA",2026-09-22T11:10:00,,2026-09-22T12:09:00,,,0,NO_TRUCKFLOW_EXACT_PLATE_MATCH,,
,,0,2026-09-22T08:50:00,2026-09-22T12:20:00,210,EXCEL_RESPALDO,EXCEL,EXCEL,CTG_10135225387,2026-09-22,EGD621,MAIZ,MAIZ,SILO_TROVATTO_04,SILO TROVATTO 04,AVELLANEDA,INGRESO,I,95611,000200433964,0000100014638,10135225387,VAV661692220926,30780,MAIZ,SILO_TROVATTO_04,,,SILO_TROVATTO_04,AVELLANEDA,EXCEL_PLATFORM_PRODUCT,NO_TRUCKFLOW_EVIDENCE,ROUTE_UNKNOWN,,2026-09-22T08:50:00,2026-09-22T09:35:00,2026-09-22T12:20:00,,,0,NO_TRUCKFLOW_EXACT_PLATE_MATCH,,
,,0,2026-09-22T09:33:00,2026-09-22T12:24:00,171,EXCEL_RESPALDO,EXCEL,EXCEL,CTG_10135220049,2026-09-22,TMC880,MAIZ,MAIZ,SILO_TROVATTO_04,SILO TROVATTO 04,AVELLANEDA,INGRESO,I,95611,000200433965,0000100058153,10135220049,VAV472770210926,29380,MAIZ,SILO_TROVATTO_04,,,SILO_TROVATTO_04,AVELLANEDA,EXCEL_PLATFORM_PRODUCT,NO_TRUCKFLOW_EVIDENCE,ROUTE_UNKNOWN,,2026-09-22T09:33:00,2026-09-22T09:56:00,2026-09-22T12:24:00,,,0,NO_TRUCKFLOW_EXACT_PLATE_MATCH,,
,,0,2026-09-22T11:09:00,2026-09-22T12:30:00,81,EXCEL_RESPALDO,EXCEL,EXCEL,COMPROB_000200320704,2026-09-22,AE924IE,ALCOHOL ETILICO ANHIDRO P/ BIOCOMB ORIG CEREAL,ALCOHOL ETILICO ANHIDRO P/ BIOCOMB. ORIG. CEREAL,T1002,T1002,AVELLANEDA,EGRESO,E,95668,000200320704,,0,,33320,ALCOHOL ETILICO ANHIDRO P/ BIOCOMB ORIG CEREAL,T1002,,,T1002,AVELLANEDA,EXCEL_PLATFORM_PRODUCT,NO_TRUCKFLOW_EVIDENCE,ROUTE_UNKNOWN,"MERC. ENTREGADA POR C/O DE BIOENERG. AGROP. A YPF, CUPO:(SEPTIEMBRE 26), MERC. ENTREGADA POR C/O DE BIOENERG. AGROP. A YPF",2026-09-22T11:09:00,,2026-09-22T12:30:00,,,0,NO_TRUCKFLOW_EXACT_PLATE_MATCH,,
,,0,2026-09-22T09:34:00,2026-09-22T12:32:00,178,EXCEL_RESPALDO,EXCEL,EXCEL,CTG_10135224924,2026-09-22,UAI688,SOJA,SOJA,VOLCABLE_PTO_5,VOLCABLE PTO 5,TERMINAL_EMBARQUE,INGRESO,I,2000652,000404067954,0000000000977,10135224924,VIC887100220926,31120,SOJA,VOLCABLE_PTO_5,SAN_LORENZO_VOLCABLE,R7,VOLCABLE_PTO_5,TERMINAL_EMBARQUE,EXCEL_PLATFORM_PRODUCT,NO_TRUCKFLOW_EVIDENCE,ROUTE_UNKNOWN,"FAZON 2026, FAZON 2026",2026-09-22T09:34:00,2026-09-22T10:21:00,2026-09-22T12:32:00,,,0,NO_TRUCKFLOW_EXACT_PLATE_MATCH,,
,,0,2026-09-22T07:16:00,2026-09-22T12:50:00,334,EXCEL_RESPALDO,EXCEL,EXCEL,CTG_10135225352,2026-09-22,AH607KC,MAIZ,MAIZ,CELDA_171_-_CENTRO,CELDA 171 - CENTRO,AVELLANEDA,INGRESO,I,95611,000200433966,0000000000681,10135225352,VAV043481220926,34060,MAIZ,CELDA_171_-_CENTRO,,,CELDA_171_-_CENTRO,AVELLANEDA,EXCEL_PLATFORM_PRODUCT,NO_TRUCKFLOW_EVIDENCE,ROUTE_UNKNOWN,,2026-09-22T07:16:00,2026-09-22T09:28:00,2026-09-22T12:50:00,,,0,NO_TRUCKFLOW_EXACT_PLATE_MATCH,,
,,0,2026-09-22T05:51:00,2026-09-22T12:54:00,423,EXCEL_RESPALDO,EXCEL,EXCEL,CTG_10135216805,2026-09-22,AH973HV,MAIZ,MAIZ,SILO_TROVATTO_04,SILO TROVATTO 04,AVELLANEDA,INGRESO,I,95611,000200433967,0000000005624,10135216805,VAV997563210926,35580,MAIZ,SILO_TROVATTO_04,,,SILO_TROVATTO_04,AVELLANEDA,EXCEL_PLATFORM_PRODUCT,NO_TRUCKFLOW_EVIDENCE,ROUTE_UNKNOWN,,2026-09-22T05:51:00,2026-09-22T10:46:00,2026-09-22T12:54:00,,,0,NO_TRUCKFLOW_EXACT_PLATE_MATCH,,
,,0,2026-09-22T10:02:00,2026-09-22T13:04:00,182,EXCEL_RESPALDO,EXCEL,EXCEL,COMPROB_009702023034,2026-09-22,AF595DW,ACEITE SOJA REFINADO,ACEITE SOJA REFINADO,,,RENOPACK,INGRESO,I,50026,009702023034,0700100013447,0,,31110,ACEITE SOJA REFINADO,,LIQUIDO,,,RENOPACK,EXCEL_PLATFORM_PRODUCT,NO_TRUCKFLOW_EVIDENCE,ROUTE_UNKNOWN,"RECIBOS ACEITE REFINADO SOJA BUNGE , RECIBOS ACEITE REFINADO SOJA BUNGE",2026-09-22T10:02:00,,2026-09-22T13:04:00,,,0,NO_TRUCKFLOW_EXACT_PLATE_MATCH,,
,,0,2026-09-22T08:51:00,2026-09-22T13:10:00,259,EXCEL_RESPALDO,EXCEL,EXCEL,CTG_10135223636,2026-09-22,HKA794,MAIZ,MAIZ,CELDA_171_-_CENTRO,CELDA 171 - CENTRO,AVELLANEDA,INGRESO,I,95611,000200433968,0000100022935,10135223636,VAV289276220926,35340,MAIZ,CELDA_171_-_CENTRO,,,CELDA_171_-_CENTRO,AVELLANEDA,EXCEL_PLATFORM_PRODUCT,NO_TRUCKFLOW_EVIDENCE,ROUTE_UNKNOWN,,2026-09-22T08:51:00,2026-09-22T10:02:00,2026-09-22T13:10:00,,,0,NO_TRUCKFLOW_EXACT_PLATE_MATCH,,
,,0,2026-09-22T13:26:00,2026-09-22T13:26:00,,EXCEL_RESPALDO,EXCEL,EXCEL,COMPROB_000200320705,2026-09-22,AB047NX,CHIP DE EUCALIPTUS,CHIP DE EUCALIPTUS,,,AVELLANEDA,DIA,DIA,999821,000200320705,,0,,-14500,CHIP DE EUCALIPTUS,,,,,AVELLANEDA,EXCEL_PLATFORM_PRODUCT,NO_TRUCKFLOW_EVIDENCE,ROUTE_UNKNOWN,DEVOLUCION RECIBO 000200433898,2026-09-22T13:26:00,,2026-09-22T13:26:00,,,0,NO_TRUCKFLOW_EXACT_PLATE_MATCH,,
,,0,2026-09-22T10:36:00,2026-09-22T13:33:00,177,EXCEL_RESPALDO,EXCEL,EXCEL,CTG_10135216914,2026-09-22,FMY581,MAIZ,MAIZ,SILO_TROVATTO_04,SILO TROVATTO 04,AVELLANEDA,INGRESO,I,95611,000200433969,0000000005625,10135216914,VAV380241210926,29820,MAIZ,SILO_TROVATTO_04,,,SILO_TROVATTO_04,AVELLANEDA,EXCEL_PLATFORM_PRODUCT,NO_TRUCKFLOW_EVIDENCE,ROUTE_UNKNOWN,,2026-09-22T10:36:00,2026-09-22T12:12:00,2026-09-22T13:33:00,,,0,NO_TRUCKFLOW_EXACT_PLATE_MATCH,,
,,0,2026-09-22T08:58:00,2026-09-22T13:47:00,289,EXCEL_RESPALDO,EXCEL,EXCEL,CTG_10135223650,2026-09-22,AC831ZM,MAIZ,MAIZ,CELDA_171_-_CENTRO,CELDA 171 - CENTRO,AVELLANEDA,INGRESO,I,95611,000200433970,0000100022936,10135223650,VAV393147220926,35560,MAIZ,CELDA_171_-_CENTRO,,,CELDA_171_-_CENTRO,AVELLANEDA,EXCEL_PLATFORM_PRODUCT,NO_TRUCKFLOW_EVIDENCE,ROUTE_UNKNOWN,,2026-09-22T08:58:00,2026-09-22T10:10:00,2026-09-22T13:47:00,,,0,NO_TRUCKFLOW_EXACT_PLATE_MATCH,,
,,0,2026-09-21T19:03:00,2026-09-22T13:52:00,1129,EXCEL_RESPALDO,EXCEL,EXCEL,COMPROB_000200433971,2026-09-22,AI231JD,CHIP DE PINO,CHIP DE PINO,PLAYA_LEÑA_Y_CHIP,PLAYA LEÑA Y CHIP,AVELLANEDA,INGRESO,I,999823,000200433971,0000100003814,0,,31300,CHIP DE PINO,PLAYA_LEÑA_Y_CHIP,,,PLAYA_LEÑA_Y_CHIP,AVELLANEDA,EXCEL_PLATFORM_PRODUCT,NO_TRUCKFLOW_EVIDENCE,ROUTE_UNKNOWN,,2026-09-21T19:03:00,,2026-09-22T13:52:00,,,0,NO_TRUCKFLOW_EXACT_PLATE_MATCH,,
,,0,2026-09-22T10:49:00,2026-09-22T13:58:00,189,EXCEL_RESPALDO,EXCEL,EXCEL,CTG_10135221462,2026-09-22,AC288RX,MAIZ,MAIZ,SILO_TROVATTO_04,SILO TROVATTO 04,AVELLANEDA,INGRESO,I,95611,000200433972,0000000005634,10135221462,VAV658118220926,29860,MAIZ,SILO_TROVATTO_04,,,SILO_TROVATTO_04,AVELLANEDA,EXCEL_PLATFORM_PRODUCT,NO_TRUCKFLOW_EVIDENCE,ROUTE_UNKNOWN,,2026-09-22T10:49:00,2026-09-22T12:45:00,2026-09-22T13:58:00,,,0,NO_TRUCKFLOW_EXACT_PLATE_MATCH,,
,,0,2026-09-22T13:59:00,2026-09-22T13:59:00,,EXCEL_RESPALDO,EXCEL,EXCEL,COMPROB_000404067970,2026-09-22,PPPPPP,CASCARA DE SOJA PELLETEADA,CASCARA DE SOJA PELLETEADA,,,TERMINAL_EMBARQUE,DEA,DEA,95598,000404067970,0999921062026,0,,-259900,CASCARA DE SOJA PELLETEADA,,,R13,,TERMINAL_EMBARQUE,EXCEL_PLATFORM_PRODUCT,NO_TRUCKFLOW_EVIDENCE,ROUTE_UNKNOWN,MAL APLICADO DEVOLUCION DESPACHO 000400422460,2026-09-22T13:59:00,,2026-09-22T13:59:00,,,0,NO_TRUCKFLOW_EXACT_PLATE_MATCH,,
,,0,2026-09-22T14:00:00,2026-09-22T14:00:00,,EXCEL_RESPALDO,EXCEL,EXCEL,COMPROB_000400422508,2026-09-22,PPPPPP,CASCARA DE SOJA PELLETEADA,CASCARA DE SOJA PELLETEADA,,,TERMINAL_EMBARQUE,DIA,DIA,95589,000400422508,,0,,-259900,CASCARA DE SOJA PELLETEADA,,,R13,,TERMINAL_EMBARQUE,EXCEL_PLATFORM_PRODUCT,NO_TRUCKFLOW_EVIDENCE,ROUTE_UNKNOWN,MAL APLICADO DEVOLUCION RECIBO 000404067676,2026-09-22T14:00:00,,2026-09-22T14:00:00,,,0,NO_TRUCKFLOW_EXACT_PLATE_MATCH,,
,,0,2026-09-22T02:00:00,2026-09-22T14:12:00,732,EXCEL_RESPALDO,EXCEL,EXCEL,CTG_10135224876,2026-09-22,FMR246,MAIZ,MAIZ,CELDA_171_-_CENTRO,CELDA 171 - CENTRO,AVELLANEDA,INGRESO,I,95611,000200433973,0000100014633,10135224876,VAV543942220926,29100,MAIZ,CELDA_171_-_CENTRO,,,CELDA_171_-_CENTRO,AVELLANEDA,EXCEL_PLATFORM_PRODUCT,NO_TRUCKFLOW_EVIDENCE,ROUTE_UNKNOWN,,2026-09-22T02:00:00,2026-09-22T10:15:00,2026-09-22T14:12:00,,,0,NO_TRUCKFLOW_EXACT_PLATE_MATCH,,
,,0,2026-09-22T14:16:00,2026-09-22T14:16:00,,EXCEL_RESPALDO,EXCEL,EXCEL,COMPROB_000200433974,2026-09-22,AB047NX,CHIP DE EUCALIPTUS,CHIP DE EUCALIPTUS,,,AVELLANEDA,INGRESO,IA,999821,000200433974,0000100003788,0,,31000,CHIP DE EUCALIPTUS,,,,,AVELLANEDA,EXCEL_PLATFORM_PRODUCT,NO_TRUCKFLOW_EVIDENCE,ROUTE_UNKNOWN,,2026-09-22T14:16:00,,2026-09-22T14:16:00,,,0,NO_TRUCKFLOW_EXACT_PLATE_MATCH,,
,,0,2026-09-22T10:48:00,2026-09-22T14:21:00,213,EXCEL_RESPALDO,EXCEL,EXCEL,CTG_10135221259,2026-09-22,ROU617,MAIZ,MAIZ,CELDA_171_-_CENTRO,CELDA 171 - CENTRO,AVELLANEDA,INGRESO,I,95611,000200433975,0000000005632,10135221259,VAV583071220926,29480,MAIZ,CELDA_171_-_CENTRO,,,CELDA_171_-_CENTRO,AVELLANEDA,EXCEL_PLATFORM_PRODUCT,NO_TRUCKFLOW_EVIDENCE,ROUTE_UNKNOWN,,2026-09-22T10:48:00,2026-09-22T12:42:00,2026-09-22T14:21:00,,,0,NO_TRUCKFLOW_EXACT_PLATE_MATCH,,
,,0,2026-09-22T13:03:00,2026-09-22T14:27:00,84,EXCEL_RESPALDO,EXCEL,EXCEL,COMPROB_000200320706,2026-09-22,AE767PY,ALCOHOL ETILICO ANHIDRO P/ BIOCOMB ORIG CEREAL,ALCOHOL ETILICO ANHIDRO P/ BIOCOMB. ORIG. CEREAL,T1002,T1002,AVELLANEDA,EGRESO,E,95668,000200320706,,0,,34360,ALCOHOL ETILICO ANHIDRO P/ BIOCOMB ORIG CEREAL,T1002,,,T1002,AVELLANEDA,EXCEL_PLATFORM_PRODUCT,NO_TRUCKFLOW_EVIDENCE,ROUTE_UNKNOWN,"MERC. ENTREGADA POR C/O DE BIOENERG. AGROP. A YPF, CUPO:(SEPTIEMBRE 26), MERC. ENTREGADA POR C/O DE BIOENERG. AGROP. A YPF",2026-09-22T13:03:00,,2026-09-22T14:27:00,,,0,NO_TRUCKFLOW_EXACT_PLATE_MATCH,,
,,0,2026-09-22T12:52:00,2026-09-22T14:34:00,102,EXCEL_RESPALDO,EXCEL,EXCEL,COMPROB_005500000146,2026-09-22,AD938SV,HENO DE PASTURA CALIDAD INFERIOR,HENO DE PASTURA CALIDAD INFERIOR,,,LOS_CORRALES_DE_NICANOR,INGRESO,I,999774,005500000146,0000400000077,0,,18840,HENO DE PASTURA CALIDAD INFERIOR,,,,,LOS_CORRALES_DE_NICANOR,EXCEL_PLATFORM_PRODUCT,NO_TRUCKFLOW_EVIDENCE,ROUTE_UNKNOWN,"34 ROLLOS  ALFALFA, 34 ROLLOS  ALFALFA",2026-09-22T12:52:00,,2026-09-22T14:34:00,,,0,NO_TRUCKFLOW_EXACT_PLATE_MATCH,,
,,0,2026-09-22T13:05:00,2026-09-22T14:41:00,96,EXCEL_RESPALDO,EXCEL,EXCEL,COMPROB_000200320707,2026-09-22,AD781SF,DDG BURLANDA SECA DE MAIZ SIN SOLUBLES,DDG BURLANDA SECA DE MAIZ SIN SOLUBLES,DEPOSITO_BURLANDAS,DEPOSITO BURLANDAS,AVELLANEDA,EGRESO,E,96049,000200320707,,0,,33020,DDG BURLANDA SECA DE MAIZ SIN SOLUBLES,DEPOSITO_BURLANDAS,,,DEPOSITO_BURLANDAS,AVELLANEDA,EXCEL_PLATFORM_PRODUCT,NO_TRUCKFLOW_EVIDENCE,ROUTE_UNKNOWN,,2026-09-22T13:05:00,,2026-09-22T14:41:00,,,0,NO_TRUCKFLOW_EXACT_PLATE_MATCH,,
,,0,2026-09-22T14:42:00,2026-09-22T14:42:00,,EXCEL_RESPALDO,EXCEL,EXCEL,COMPROB_000200320708,2026-09-22,XXXXX,THIN STILLAGE DE MAIZ,THIN STILLAGE DE MAIZ,,,AVELLANEDA,EGRESO,EA,91053,000200320708,,0,,413734,THIN STILLAGE DE MAIZ,,,,,AVELLANEDA,EXCEL_PLATFORM_PRODUCT,NO_TRUCKFLOW_EVIDENCE,ROUTE_UNKNOWN,CORRESPONDE TRANFERENCIA 21/09/26,2026-09-22T14:42:00,,2026-09-22T14:42:00,,,0,NO_TRUCKFLOW_EXACT_PLATE_MATCH,,
,,0,2026-09-22T12:46:00,2026-09-22T14:54:00,128,EXCEL_RESPALDO,EXCEL,EXCEL,CTG_10135219974,2026-09-22,FPG385,MAIZ,MAIZ,CELDA_171_-_CENTRO,CELDA 171 - CENTRO,AVELLANEDA,INGRESO,I,95611,000200433976,0000100058152,10135219974,VAV466001210926,36180,MAIZ,CELDA_171_-_CENTRO,,,CELDA_171_-_CENTRO,AVELLANEDA,EXCEL_PLATFORM_PRODUCT,NO_TRUCKFLOW_EVIDENCE,ROUTE_UNKNOWN,,2026-09-22T12:46:00,2026-09-22T13:08:00,2026-09-22T14:54:00,,,0,NO_TRUCKFLOW_EXACT_PLATE_MATCH,,
,,0,2026-09-22T06:23:00,2026-09-22T14:56:00,513,EXCEL_RESPALDO,EXCEL,EXCEL,COMPROB_000400422513,2026-09-22,GJH043,AC GIRASOL OLEICO REFINADO,AC. GIRASOL OLEICO REFINADO,ACEITE_OSL,ACEITE OSL,TERMINAL_EMBARQUE,EGRESO,E,11625,000400422513,,0,,28280,AC GIRASOL OLEICO REFINADO,ACEITE_OSL,LIQUIDO,SL1,ACEITE_OSL,TERMINAL_EMBARQUE,EXCEL_PLATFORM_PRODUCT,NO_TRUCKFLOW_EVIDENCE,ROUTE_UNKNOWN,FAZON RENOVA/BUNGE,2026-09-22T06:23:00,,2026-09-22T14:56:00,,,0,EXACT_PLATE_MATCH_OUTSIDE_TIME_WINDOW,,
,,0,2026-09-22T12:52:00,2026-09-22T15:23:00,151,EXCEL_RESPALDO,EXCEL,EXCEL,CTG_10135224114,2026-09-22,DSD760,MAIZ,MAIZ,CELDA_171_-_CENTRO,CELDA 171 - CENTRO,AVELLANEDA,INGRESO,I,95611,000200433977,0000100014628,10135224114,VAV009330220926,30040,MAIZ,CELDA_171_-_CENTRO,,,CELDA_171_-_CENTRO,AVELLANEDA,EXCEL_PLATFORM_PRODUCT,NO_TRUCKFLOW_EVIDENCE,ROUTE_UNKNOWN,,2026-09-22T12:52:00,2026-09-22T13:22:00,2026-09-22T15:23:00,,,0,NO_TRUCKFLOW_EXACT_PLATE_MATCH,,
,,0,2026-09-22T15:29:00,2026-09-22T15:29:00,,EXCEL_RESPALDO,EXCEL,EXCEL,COMPROB_000200433978,2026-09-22,FOZ362,LEÑA CORTA SELECC,LEÑA CORTA SELECC,,,AVELLANEDA,INGRESO,IA,999811,000200433978,0000400002089,0,,29000,LEÑA CORTA SELECC,,,,,AVELLANEDA,EXCEL_PLATFORM_PRODUCT,NO_TRUCKFLOW_EVIDENCE,ROUTE_UNKNOWN,,2026-09-22T15:29:00,,2026-09-22T15:29:00,,,0,NO_TRUCKFLOW_EXACT_PLATE_MATCH,,
,,0,2026-09-22T11:10:00,2026-09-22T15:32:00,262,EXCEL_RESPALDO,EXCEL,EXCEL,COMPROB_009702024132,2026-09-22,GQS230,ACEITE GIRASOL ENVASADO,ACEITE GIRASOL ENVASADO,,,RENOPACK,EGRESO,E,50031,009702024132,,0,,26830,ACEITE GIRASOL ENVASADO,,LIQUIDO,,,RENOPACK,EXCEL_PLATFORM_PRODUCT,NO_TRUCKFLOW_EVIDENCE,ROUTE_UNKNOWN,DESPACHOS RENOPACK/BUNGE MERCADO INTERNO,2026-09-22T11:10:00,,2026-09-22T15:32:00,,,0,NO_TRUCKFLOW_EXACT_PLATE_MATCH,,
,,0,2026-09-22T07:53:00,2026-09-22T15:39:00,466,EXCEL_RESPALDO,EXCEL,EXCEL,COMPROB_009702024133,2026-09-22,JWCB49,ACEITE SOJA ENVASADO,ACEITE SOJA ENVASADO,,,RENOPACK,EGRESO,E,50027,009702024133,,0,,27040,ACEITE SOJA ENVASADO,,LIQUIDO,,,RENOPACK,EXCEL_PLATFORM_PRODUCT,NO_TRUCKFLOW_EVIDENCE,ROUTE_UNKNOWN,DESPACHOS RENOPACK/BUNGE EXPORTACION,2026-09-22T07:53:00,,2026-09-22T15:39:00,,,0,NO_TRUCKFLOW_EXACT_PLATE_MATCH,,
,,0,2026-09-22T15:36:00,2026-09-22T15:47:00,11,EXCEL_RESPALDO,EXCEL,EXCEL,COMPROB_009702024134,2026-09-22,AE956UL,RESIDUOS ASIMILABLES A DOMICILIARIOS,RESIDUOS ASIMILABLES A DOMICILIARIOS,,,RENOPACK,EGRESO,E,50003,009702024134,,0,,350,RESIDUOS ASIMILABLES A DOMICILIARIOS,,,,,RENOPACK,EXCEL_PLATFORM_PRODUCT,NO_TRUCKFLOW_EVIDENCE,ROUTE_UNKNOWN,RESIDUOS DOMICILIARIOS RENOPACK. SALIO CON VOLQUETE 3-RPK,2026-09-22T15:36:00,,2026-09-22T15:47:00,,,0,NO_TRUCKFLOW_EXACT_PLATE_MATCH,,
,,0,2026-09-22T13:20:00,2026-09-22T15:56:00,156,EXCEL_RESPALDO,EXCEL,EXCEL,COMPROB_009702024135,2026-09-22,EWL819,ACEITE GIRASOL ENVASADO,ACEITE GIRASOL ENVASADO,,,RENOPACK,EGRESO,E,50031,009702024135,,0,,28000,ACEITE GIRASOL ENVASADO,,LIQUIDO,,,RENOPACK,EXCEL_PLATFORM_PRODUCT,NO_TRUCKFLOW_EVIDENCE,ROUTE_UNKNOWN,DESPACHOS RENOPACK/BUNGE MERCADO INTERNO,2026-09-22T13:20:00,,2026-09-22T15:56:00,,,0,NO_TRUCKFLOW_EXACT_PLATE_MATCH,,
,,0,2026-09-22T15:53:00,2026-09-22T16:03:00,10,EXCEL_RESPALDO,EXCEL,EXCEL,COMPROB_009702024136,2026-09-22,AE956UL,RESIDUOS ASIMILABLES A DOMICILIARIOS,RESIDUOS ASIMILABLES A DOMICILIARIOS,,,RENOPACK,EGRESO,E,50003,009702024136,,0,,260,RESIDUOS ASIMILABLES A DOMICILIARIOS,,,,,RENOPACK,EXCEL_PLATFORM_PRODUCT,NO_TRUCKFLOW_EVIDENCE,ROUTE_UNKNOWN,RESIDUOS DOMICILIARIOS RENOPACK. SALIO CON VOLQUETE 66,2026-09-22T15:53:00,,2026-09-22T16:03:00,,,0,NO_TRUCKFLOW_EXACT_PLATE_MATCH,,
,,0,2026-09-22T08:22:00,2026-09-22T16:05:00,463,EXCEL_RESPALDO,EXCEL,EXCEL,COMPROB_009702024137,2026-09-22,MOL162,ACEITE SOJA ENVASADO,ACEITE SOJA ENVASADO,,,RENOPACK,EGRESO,E,50027,009702024137,,0,,27060,ACEITE SOJA ENVASADO,,LIQUIDO,,,RENOPACK,EXCEL_PLATFORM_PRODUCT,NO_TRUCKFLOW_EVIDENCE,ROUTE_UNKNOWN,DESPACHOS RENOPACK/BUNGE EXPORTACION,2026-09-22T08:22:00,,2026-09-22T16:05:00,,,0,NO_TRUCKFLOW_EXACT_PLATE_MATCH,,
,,0,2026-09-22T14:24:00,2026-09-22T16:15:00,111,EXCEL_RESPALDO,EXCEL,EXCEL,COMPROB_000400422519,2026-09-22,SMN846,GLICERINA REFINADA,GLICERINA REFINADA,,,TERMINAL_EMBARQUE,EGRESO,E,10968,000400422519,,0,,23500,GLICERINA REFINADA,,LIQUIDO,R8,,TERMINAL_EMBARQUE,EXCEL_PLATFORM_PRODUCT,NO_TRUCKFLOW_EVIDENCE,ROUTE_UNKNOWN,DIRECTO DE RENOVA,2026-09-22T14:24:00,,2026-09-22T16:15:00,,,0,UNKNOWN_NO_EVIDENCE,,
,,0,2026-09-22T15:39:00,2026-09-22T16:18:00,39,EXCEL_RESPALDO,EXCEL,EXCEL,CTG_10235244010,2026-09-22,EHK188,MAIZ,MAIZ,PLATAFORMA1,PLATAFORMA1,LOS_CORRALES_DE_NICANOR,INGRESO,I,855909,005500000147,0000000003052,10235244010,,30600,MAIZ,PLATAFORMA1,,,PLATAFORMA1,LOS_CORRALES_DE_NICANOR,EXCEL_PLATFORM_PRODUCT,NO_TRUCKFLOW_EVIDENCE,ROUTE_UNKNOWN,"CONTRATO GLOBAL, CONTRATO GLOBAL",2026-09-22T15:39:00,2026-09-22T15:40:00,2026-09-22T16:18:00,,,0,EXACT_PLATE_MATCH_OUTSIDE_TIME_WINDOW,,
,,0,2026-09-22T08:41:00,2026-09-22T16:20:00,459,EXCEL_RESPALDO,EXCEL,EXCEL,COMPROB_009702024138,2026-09-22,KBVV74,ACEITE SOJA ENVASADO,ACEITE SOJA ENVASADO,,,RENOPACK,EGRESO,E,50027,009702024138,,0,,27090,ACEITE SOJA ENVASADO,,LIQUIDO,,,RENOPACK,EXCEL_PLATFORM_PRODUCT,NO_TRUCKFLOW_EVIDENCE,ROUTE_UNKNOWN,DESPACHOS RENOPACK/BUNGE EXPORTACION,2026-09-22T08:41:00,,2026-09-22T16:20:00,,,0,NO_TRUCKFLOW_EXACT_PLATE_MATCH,,
,,0,2026-09-22T05:11:00,2026-09-22T16:34:00,683,EXCEL_RESPALDO,EXCEL,EXCEL,COMPROB_000200433979,2026-09-22,UQY881,LEÑA CORTA SELECC,LEÑA CORTA SELECC,PLAYA_LEÑA_Y_CHIP,PLAYA LEÑA Y CHIP,AVELLANEDA,INGRESO,I,999811,000200433979,0000100001016,0,,32180,LEÑA CORTA SELECC,PLAYA_LEÑA_Y_CHIP,,,PLAYA_LEÑA_Y_CHIP,AVELLANEDA,EXCEL_PLATFORM_PRODUCT,NO_TRUCKFLOW_EVIDENCE,ROUTE_UNKNOWN,,2026-09-22T05:11:00,,2026-09-22T16:34:00,,,0,NO_TRUCKFLOW_EXACT_PLATE_MATCH,,
,,0,2026-09-22T11:15:00,2026-09-22T16:34:00,319,EXCEL_RESPALDO,EXCEL,EXCEL,COMPROB_009702023036,2026-09-22,KFC224,ACEITE SOJA REFINADO,ACEITE SOJA REFINADO,,,RENOPACK,INGRESO,I,50026,009702023036,0000100017522,0,,29240,ACEITE SOJA REFINADO,,LIQUIDO,,,RENOPACK,EXCEL_PLATFORM_PRODUCT,NO_TRUCKFLOW_EVIDENCE,ROUTE_UNKNOWN,"RECIBOS ACEITE REFINADO SOJA BUNGE , RECIBOS ACEITE REFINADO SOJA BUNGE",2026-09-22T11:15:00,,2026-09-22T16:34:00,,,0,NO_TRUCKFLOW_EXACT_PLATE_MATCH,,
,,0,2026-09-22T14:52:00,2026-09-22T16:37:00,105,EXCEL_RESPALDO,EXCEL,EXCEL,COMPROB_009702024139,2026-09-22,GKB044,ACEITE GIRASOL ENVASADO,ACEITE GIRASOL ENVASADO,,,RENOPACK,EGRESO,E,50031,009702024139,,0,,28020,ACEITE GIRASOL ENVASADO,,LIQUIDO,,,RENOPACK,EXCEL_PLATFORM_PRODUCT,NO_TRUCKFLOW_EVIDENCE,ROUTE_UNKNOWN,DESPACHOS RENOPACK/BUNGE MERCADO INTERNO,2026-09-22T14:52:00,,2026-09-22T16:37:00,,,0,NO_TRUCKFLOW_EXACT_PLATE_MATCH,,
,,0,2026-09-22T09:30:00,2026-09-22T16:39:00,429,EXCEL_RESPALDO,EXCEL,EXCEL,COMPROB_000400422521,2026-09-22,IFK980,AC GIRASOL OLEICO REFINADO,AC. GIRASOL OLEICO REFINADO,ACEITE_OSL,ACEITE OSL,TERMINAL_EMBARQUE,EGRESO,E,11625,000400422521,,0,,27820,AC GIRASOL OLEICO REFINADO,ACEITE_OSL,LIQUIDO,SL1,ACEITE_OSL,TERMINAL_EMBARQUE,EXCEL_PLATFORM_PRODUCT,NO_TRUCKFLOW_EVIDENCE,ROUTE_UNKNOWN,FAZON RENOVA/BUNGE,2026-09-22T09:30:00,,2026-09-22T16:39:00,,,0,UNKNOWN_NO_EVIDENCE,,
,,0,2026-09-22T11:32:00,2026-09-22T16:44:00,312,EXCEL_RESPALDO,EXCEL,EXCEL,COMPROB_000400422522,2026-09-22,NWZ336,BORRA ACEITE GIRASOL REFINADO,BORRA ACEITE GIRASOL REFINADO,ACEITE_OSL,ACEITE OSL,TERMINAL_EMBARQUE,EGRESO,E,10927,000400422522,,0,,27340,BORRA ACEITE GIRASOL REFINADO,ACEITE_OSL,LIQUIDO,SL1,ACEITE_OSL,TERMINAL_EMBARQUE,EXCEL_PLATFORM_PRODUCT,NO_TRUCKFLOW_EVIDENCE,ROUTE_UNKNOWN,,2026-09-22T11:32:00,,2026-09-22T16:44:00,,,0,UNKNOWN_NO_EVIDENCE,,
,,0,2026-09-22T07:56:00,2026-09-22T16:47:00,531,EXCEL_RESPALDO,EXCEL,EXCEL,COMPROB_000301068972,2026-09-22,AD829RY,SEMILLA CON AGUA/BARRO,SEMILLA CON AGUA/BARRO,VARIOS,VARIOS,RICARDONE,EGRESO,E,11261,000301068972,,0,,-40,SEMILLA CON AGUA/BARRO,VARIOS,,,VARIOS,RICARDONE,EXCEL_PLATFORM_PRODUCT,NO_TRUCKFLOW_EVIDENCE,ROUTE_UNKNOWN,CANCHEO EN RICARDONE: CAMARA BAJO BARRANCA-FOSO NORIA-AFINES,2026-09-22T07:56:00,,2026-09-22T16:47:00,,,0,UNKNOWN_NO_EVIDENCE,,
,,0,2026-09-22T11:35:00,2026-09-22T17:10:00,335,EXCEL_RESPALDO,EXCEL,EXCEL,COMPROB_009702023037,2026-09-22,AD671EG,ACEITE SOJA REFINADO,ACEITE SOJA REFINADO,,,RENOPACK,INGRESO,I,50026,009702023037,0000100017523,0,,29600,ACEITE SOJA REFINADO,,LIQUIDO,,,RENOPACK,EXCEL_PLATFORM_PRODUCT,NO_TRUCKFLOW_EVIDENCE,ROUTE_UNKNOWN,"RECIBOS ACEITE REFINADO SOJA BUNGE , RECIBOS ACEITE REFINADO SOJA BUNGE",2026-09-22T11:35:00,,2026-09-22T17:10:00,,,0,NO_TRUCKFLOW_EXACT_PLATE_MATCH,,
,,0,2026-09-22T12:22:00,2026-09-22T17:21:00,299,EXCEL_RESPALDO,EXCEL,EXCEL,COMPROB_009702023038,2026-09-22,AA421OL,ACEITE SOJA REFINADO,ACEITE SOJA REFINADO,,,RENOPACK,INGRESO,I,50026,009702023038,0000100017525,0,,34920,ACEITE SOJA REFINADO,,LIQUIDO,,,RENOPACK,EXCEL_PLATFORM_PRODUCT,NO_TRUCKFLOW_EVIDENCE,ROUTE_UNKNOWN,"RECIBOS ACEITE REFINADO SOJA BUNGE , RECIBOS ACEITE REFINADO SOJA BUNGE",2026-09-22T12:22:00,,2026-09-22T17:21:00,,,0,NO_TRUCKFLOW_EXACT_PLATE_MATCH,,
,,0,2026-09-22T16:32:00,2026-09-22T17:23:00,51,EXCEL_RESPALDO,EXCEL,EXCEL,COMPROB_009702024140,2026-09-22,MKW255,ACEITE MEZCLA ENVASADO,ACEITE MEZCLA ENVASADO,,,RENOPACK,EGRESO,E,50032,009702024140,,0,,27840,ACEITE MEZCLA ENVASADO,,LIQUIDO,,,RENOPACK,EXCEL_PLATFORM_PRODUCT,NO_TRUCKFLOW_EVIDENCE,ROUTE_UNKNOWN,DESPACHOS RENOPACK/BUNGE MERCADO INTERNO,2026-09-22T16:32:00,,2026-09-22T17:23:00,,,0,NO_TRUCKFLOW_EXACT_PLATE_MATCH,,
,,0,2026-09-22T15:00:00,2026-09-22T17:26:00,146,EXCEL_RESPALDO,EXCEL,EXCEL,COMPROB_009702024141,2026-09-22,MGD161,ACEITE GIRASOL ENVASADO,ACEITE GIRASOL ENVASADO,,,RENOPACK,EGRESO,E,50031,009702024141,,0,,23110,ACEITE GIRASOL ENVASADO,,LIQUIDO,,,RENOPACK,EXCEL_PLATFORM_PRODUCT,NO_TRUCKFLOW_EVIDENCE,ROUTE_UNKNOWN,DESPACHOS RENOPACK/BUNGE MERCADO INTERNO,2026-09-22T15:00:00,,2026-09-22T17:26:00,,,0,NO_TRUCKFLOW_EXACT_PLATE_MATCH,,
,,0,2026-09-22T14:59:00,2026-09-22T17:29:00,150,EXCEL_RESPALDO,EXCEL,EXCEL,COMPROB_000200433980,2026-09-22,AG015KW,CHIP DE PINO,CHIP DE PINO,PLAYA_LEÑA_Y_CHIP,PLAYA LEÑA Y CHIP,AVELLANEDA,INGRESO,I,999823,000200433980,0000100014659,0,,31120,CHIP DE PINO,PLAYA_LEÑA_Y_CHIP,,,PLAYA_LEÑA_Y_CHIP,AVELLANEDA,EXCEL_PLATFORM_PRODUCT,NO_TRUCKFLOW_EVIDENCE,ROUTE_UNKNOWN,,2026-09-22T14:59:00,,2026-09-22T17:29:00,,,0,NO_TRUCKFLOW_EXACT_PLATE_MATCH,,
,,0,2026-09-22T16:24:00,2026-09-22T17:31:00,67,EXCEL_RESPALDO,EXCEL,EXCEL,COMPROB_009702024142,2026-09-22,MWS959,ACEITE GIRASOL ENVASADO,ACEITE GIRASOL ENVASADO,,,RENOPACK,EGRESO,E,50031,009702024142,,0,,26940,ACEITE GIRASOL ENVASADO,,LIQUIDO,,,RENOPACK,EXCEL_PLATFORM_PRODUCT,NO_TRUCKFLOW_EVIDENCE,ROUTE_UNKNOWN,DESPACHOS RENOPACK/BUNGE MERCADO INTERNO,2026-09-22T16:24:00,,2026-09-22T17:31:00,,,0,NO_TRUCKFLOW_EXACT_PLATE_MATCH,,
,,0,2026-09-22T17:18:00,2026-09-22T17:39:00,21,EXCEL_RESPALDO,EXCEL,EXCEL,COMPROB_009702024143,2026-09-22,AE956UL,RESIDUOS ASIMILABLES A DOMICILIARIOS,RESIDUOS ASIMILABLES A DOMICILIARIOS,,,RENOPACK,EGRESO,E,50003,009702024143,,0,,310,RESIDUOS ASIMILABLES A DOMICILIARIOS,,,,,RENOPACK,EXCEL_PLATFORM_PRODUCT,NO_TRUCKFLOW_EVIDENCE,ROUTE_UNKNOWN,"RESIDUOS DOMICILIARIOS RENOPACK. ENTRO CON VOLQUETE 3-RPK, SALIO CON VOLQUETE 11RP",2026-09-22T17:18:00,,2026-09-22T17:39:00,,,0,NO_TRUCKFLOW_EXACT_PLATE_MATCH,,
,,0,2026-09-22T12:45:00,2026-09-22T17:41:00,296,EXCEL_RESPALDO,EXCEL,EXCEL,COMPROB_009702023039,2026-09-22,GGX385,ACEITE SOJA REFINADO,ACEITE SOJA REFINADO,,,RENOPACK,INGRESO,I,50026,009702023039,0700100013449,0,,29260,ACEITE SOJA REFINADO,,LIQUIDO,,,RENOPACK,EXCEL_PLATFORM_PRODUCT,NO_TRUCKFLOW_EVIDENCE,ROUTE_UNKNOWN,"RECIBOS ACEITE REFINADO SOJA BUNGE , RECIBOS ACEITE REFINADO SOJA BUNGE",2026-09-22T12:45:00,,2026-09-22T17:41:00,,,0,NO_TRUCKFLOW_EXACT_PLATE_MATCH,,
,,0,2026-09-22T02:12:00,2026-09-22T17:48:00,936,EXCEL_RESPALDO,EXCEL,EXCEL,CTG_10135225092,2026-09-22,UIQ853,MAIZ,MAIZ,CELDA_171_-_CENTRO,CELDA 171 - CENTRO,AVELLANEDA,INGRESO,I,95611,000200433981,0000100014635,10135225092,VAV546372220926,30540,MAIZ,CELDA_171_-_CENTRO,,,CELDA_171_-_CENTRO,AVELLANEDA,EXCEL_PLATFORM_PRODUCT,NO_TRUCKFLOW_EVIDENCE,ROUTE_UNKNOWN,,2026-09-22T02:12:00,2026-09-22T10:17:00,2026-09-22T17:48:00,,,0,NO_TRUCKFLOW_EXACT_PLATE_MATCH,,
,,0,2026-09-21T21:05:00,2026-09-22T17:57:00,1252,EXCEL_RESPALDO,EXCEL,EXCEL,COMPROB_000200433982,2026-09-22,AH539QA,CHIP DE EUCALIPTUS,CHIP DE EUCALIPTUS,PLAYA_LEÑA_Y_CHIP,PLAYA LEÑA Y CHIP,AVELLANEDA,INGRESO,I,999821,000200433982,0000100025369,0,,31280,CHIP DE EUCALIPTUS,PLAYA_LEÑA_Y_CHIP,,,PLAYA_LEÑA_Y_CHIP,AVELLANEDA,EXCEL_PLATFORM_PRODUCT,NO_TRUCKFLOW_EVIDENCE,ROUTE_UNKNOWN,,2026-09-21T21:05:00,,2026-09-22T17:57:00,,,0,NO_TRUCKFLOW_EXACT_PLATE_MATCH,,
,,0,2026-09-22T13:09:00,2026-09-22T18:12:00,303,EXCEL_RESPALDO,EXCEL,EXCEL,CTG_10135225709,2026-09-22,RDN850,MAIZ,MAIZ,CELDA_171_-_CENTRO,CELDA 171 - CENTRO,AVELLANEDA,INGRESO,I,95611,000200433983,0000100014642,10135225709,VAV976914220926,29700,MAIZ,CELDA_171_-_CENTRO,,,CELDA_171_-_CENTRO,AVELLANEDA,EXCEL_PLATFORM_PRODUCT,NO_TRUCKFLOW_EVIDENCE,ROUTE_UNKNOWN,,2026-09-22T13:09:00,2026-09-22T13:48:00,2026-09-22T18:12:00,,,0,NO_TRUCKFLOW_EXACT_PLATE_MATCH,,
,,0,2026-09-22T17:33:00,2026-09-22T18:19:00,46,EXCEL_RESPALDO,EXCEL,EXCEL,COMPROB_000200433984,2026-09-22,HAK397,CHIP DE PINO,CHIP DE PINO,PLAYA_LEÑA_Y_CHIP,PLAYA LEÑA Y CHIP,AVELLANEDA,INGRESO,I,999823,000200433984,0000100001479,0,,32160,CHIP DE PINO,PLAYA_LEÑA_Y_CHIP,,,PLAYA_LEÑA_Y_CHIP,AVELLANEDA,EXCEL_PLATFORM_PRODUCT,NO_TRUCKFLOW_EVIDENCE,ROUTE_UNKNOWN,,2026-09-22T17:33:00,,2026-09-22T18:19:00,,,0,NO_TRUCKFLOW_EXACT_PLATE_MATCH,,
,,0,2026-09-22T18:24:00,2026-09-22T18:30:00,6,EXCEL_RESPALDO,EXCEL,EXCEL,COMPROB_009702024144,2026-09-22,AE956UL,RESIDUOS ASIMILABLES A DOMICILIARIOS,RESIDUOS ASIMILABLES A DOMICILIARIOS,,,RENOPACK,EGRESO,E,50003,009702024144,,0,,0,RESIDUOS ASIMILABLES A DOMICILIARIOS,,,,,RENOPACK,EXCEL_PLATFORM_PRODUCT,NO_TRUCKFLOW_EVIDENCE,ROUTE_UNKNOWN,RESIDUOS DOMICILIARIOS RENOPACK. ENTRO CON VOLQUETE 11RP,2026-09-22T18:24:00,,2026-09-22T18:30:00,,,0,NO_TRUCKFLOW_EXACT_PLATE_MATCH,,
,,0,2026-09-22T13:41:00,2026-09-22T18:39:00,298,EXCEL_RESPALDO,EXCEL,EXCEL,CTG_10135219914,2026-09-22,AE171XN,MAIZ,MAIZ,CELDA_171_-_CENTRO,CELDA 171 - CENTRO,AVELLANEDA,INGRESO,I,95611,000200433985,0000100058150,10135219914,VAV175243210926,30720,MAIZ,CELDA_171_-_CENTRO,,,CELDA_171_-_CENTRO,AVELLANEDA,EXCEL_PLATFORM_PRODUCT,NO_TRUCKFLOW_EVIDENCE,ROUTE_UNKNOWN,,2026-09-22T13:41:00,2026-09-22T14:44:00,2026-09-22T18:39:00,,,0,NO_TRUCKFLOW_EXACT_PLATE_MATCH,,
,,0,2026-09-22T18:34:00,2026-09-22T18:42:00,8,EXCEL_RESPALDO,EXCEL,EXCEL,COMPROB_009702024145,2026-09-22,AE956UL,RESIDUOS ASIMILABLES A DOMICILIARIOS,RESIDUOS ASIMILABLES A DOMICILIARIOS,,,RENOPACK,EGRESO,E,50003,009702024145,,0,,30,RESIDUOS ASIMILABLES A DOMICILIARIOS,,,,,RENOPACK,EXCEL_PLATFORM_PRODUCT,NO_TRUCKFLOW_EVIDENCE,ROUTE_UNKNOWN,RESIDUOS DOMICILIARIOS RENOPACK. ENTRO CON VOLQUETE 66,2026-09-22T18:34:00,,2026-09-22T18:42:00,,,0,NO_TRUCKFLOW_EXACT_PLATE_MATCH,,
,,0,2026-09-22T16:11:00,2026-09-22T19:15:00,184,EXCEL_RESPALDO,EXCEL,EXCEL,CTG_10135221363,2026-09-22,HGY412,MAIZ,MAIZ,CELDA_171_-_CENTRO,CELDA 171 - CENTRO,AVELLANEDA,INGRESO,I,95611,000200433986,0000000005633,10135221363,VAV599133220926,29840,MAIZ,CELDA_171_-_CENTRO,,,CELDA_171_-_CENTRO,AVELLANEDA,EXCEL_PLATFORM_PRODUCT,NO_TRUCKFLOW_EVIDENCE,ROUTE_UNKNOWN,,2026-09-22T16:11:00,2026-09-22T16:28:00,2026-09-22T19:15:00,,,0,NO_TRUCKFLOW_EXACT_PLATE_MATCH,,
,,0,2026-09-22T16:31:00,2026-09-22T19:47:00,196,EXCEL_RESPALDO,EXCEL,EXCEL,CTG_10135218040,2026-09-22,EPO353,MAIZ,MAIZ,CELDA_171_-_CENTRO,CELDA 171 - CENTRO,AVELLANEDA,INGRESO,I,95611,000200433987,0000000005627,10135218040,VAV563401210926,29840,MAIZ,CELDA_171_-_CENTRO,,,CELDA_171_-_CENTRO,AVELLANEDA,EXCEL_PLATFORM_PRODUCT,NO_TRUCKFLOW_EVIDENCE,ROUTE_UNKNOWN,,2026-09-22T16:31:00,2026-09-22T16:49:00,2026-09-22T19:47:00,,,0,NO_TRUCKFLOW_EXACT_PLATE_MATCH,,
,,0,2026-09-22T16:39:00,2026-09-22T19:56:00,197,EXCEL_RESPALDO,EXCEL,EXCEL,CTG_10135218084,2026-09-22,RQE570,MAIZ,MAIZ,CELDA_171_-_CENTRO,CELDA 171 - CENTRO,AVELLANEDA,INGRESO,I,95611,000200433988,0000000005628,10135218084,VAV566502210926,31780,MAIZ,CELDA_171_-_CENTRO,,,CELDA_171_-_CENTRO,AVELLANEDA,EXCEL_PLATFORM_PRODUCT,NO_TRUCKFLOW_EVIDENCE,ROUTE_UNKNOWN,,2026-09-22T16:39:00,2026-09-22T16:59:00,2026-09-22T19:56:00,,,0,NO_TRUCKFLOW_EXACT_PLATE_MATCH,,
,,0,2026-09-22T09:36:00,2026-09-22T20:02:00,626,EXCEL_RESPALDO,EXCEL,EXCEL,COMPROB_000301068978,2026-09-22,VCR776,PRODUCTOS VARIOS,PRODUCTOS VARIOS,ACEITE,ACEITE,RICARDONE,EGRESO,E,11077,000301068978,,0,,17980,PRODUCTOS VARIOS,ACEITE,LIQUIDO,R8,ACEITE,RICARDONE,EXCEL_PLATFORM_PRODUCT,NO_TRUCKFLOW_EVIDENCE,ROUTE_UNKNOWN,"MOV DE TK12 A PRODUCCION, MOV DE TK12 A PRODUCCION",2026-09-22T09:36:00,,2026-09-22T20:02:00,,,0,NO_TRUCKFLOW_EXACT_PLATE_MATCH,,
,,0,2026-09-22T17:47:00,2026-09-22T20:10:00,143,EXCEL_RESPALDO,EXCEL,EXCEL,COMPROB_009702024146,2026-09-22,ROI737,ACEITE GIRASOL ENVASADO,ACEITE GIRASOL ENVASADO,,,RENOPACK,EGRESO,E,50031,009702024146,,0,,27990,ACEITE GIRASOL ENVASADO,,LIQUIDO,,,RENOPACK,EXCEL_PLATFORM_PRODUCT,NO_TRUCKFLOW_EVIDENCE,ROUTE_UNKNOWN,DESPACHOS RENOPACK/BUNGE MERCADO INTERNO,2026-09-22T17:47:00,,2026-09-22T20:10:00,,,0,NO_TRUCKFLOW_EXACT_PLATE_MATCH,,
,,0,2026-09-22T16:48:00,2026-09-22T20:31:00,223,EXCEL_RESPALDO,EXCEL,EXCEL,CTG_10235214865,2026-09-22,GBV975,MAIZ,MAIZ,CELDA_171_-_CENTRO,CELDA 171 - CENTRO,AVELLANEDA,INGRESO,I,95611,000200433989,0010000567994,10235214865,VAV273953210926,30180,MAIZ,CELDA_171_-_CENTRO,,,CELDA_171_-_CENTRO,AVELLANEDA,EXCEL_PLATFORM_PRODUCT,NO_TRUCKFLOW_EVIDENCE,ROUTE_UNKNOWN,,2026-09-22T16:48:00,2026-09-22T17:11:00,2026-09-22T20:31:00,,,0,NO_TRUCKFLOW_EXACT_PLATE_MATCH,,
,,0,2026-09-22T19:56:00,2026-09-22T20:40:00,44,EXCEL_RESPALDO,EXCEL,EXCEL,COMPROB_009702024147,2026-09-22,ENC899,ACEITE GIRASOL ENVASADO,ACEITE GIRASOL ENVASADO,,,RENOPACK,EGRESO,E,50031,009702024147,,0,,28010,ACEITE GIRASOL ENVASADO,,LIQUIDO,,,RENOPACK,EXCEL_PLATFORM_PRODUCT,NO_TRUCKFLOW_EVIDENCE,ROUTE_UNKNOWN,DESPACHOS RENOPACK/BUNGE MERCADO INTERNO,2026-09-22T19:56:00,,2026-09-22T20:40:00,,,0,NO_TRUCKFLOW_EXACT_PLATE_MATCH,,
,,0,2026-09-22T16:09:00,2026-09-22T20:50:00,281,EXCEL_RESPALDO,EXCEL,EXCEL,COMPROB_009702024148,2026-09-22,AC614YP,ACEITE GIRASOL ENVASADO,ACEITE GIRASOL ENVASADO,,,RENOPACK,EGRESO,E,50031,009702024148,,0,,23100,ACEITE GIRASOL ENVASADO,,LIQUIDO,,,RENOPACK,EXCEL_PLATFORM_PRODUCT,NO_TRUCKFLOW_EVIDENCE,ROUTE_UNKNOWN,DESPACHOS RENOPACK/BUNGE MERCADO INTERNO,2026-09-22T16:09:00,,2026-09-22T20:50:00,,,0,NO_TRUCKFLOW_EXACT_PLATE_MATCH,,
,,0,2026-09-22T16:57:00,2026-09-22T21:01:00,244,EXCEL_RESPALDO,EXCEL,EXCEL,CTG_10135223670,2026-09-22,AE437OA,MAIZ,MAIZ,CELDA_171_-_CENTRO,CELDA 171 - CENTRO,AVELLANEDA,INGRESO,I,95611,000200433990,0000100022937,10135223670,VAV548238220926,34520,MAIZ,CELDA_171_-_CENTRO,,,CELDA_171_-_CENTRO,AVELLANEDA,EXCEL_PLATFORM_PRODUCT,NO_TRUCKFLOW_EVIDENCE,ROUTE_UNKNOWN,,2026-09-22T16:57:00,2026-09-22T17:20:00,2026-09-22T21:01:00,,,0,NO_TRUCKFLOW_EXACT_PLATE_MATCH,,
,,0,2026-09-22T20:09:00,2026-09-22T21:17:00,68,EXCEL_RESPALDO,EXCEL,EXCEL,CTG_10235220106,2026-09-22,TZO094,SOJA,SOJA,VOLCABLE_PTO_2,VOLCABLE PTO 2,TERMINAL_EMBARQUE,INGRESO,I,2000652,000404067997,0010000568136,10235220106,VIC602894210926,29440,SOJA,VOLCABLE_PTO_2,SAN_LORENZO_VOLCABLE,R7,VOLCABLE_PTO_2,TERMINAL_EMBARQUE,EXCEL_PLATFORM_PRODUCT,NO_TRUCKFLOW_EVIDENCE,ROUTE_UNKNOWN,"FAZON 2026, FAZON 2026",2026-09-22T20:09:00,2026-09-22T20:29:00,2026-09-22T21:17:00,,,0,UNKNOWN_NO_EVIDENCE,,
,,0,2026-09-22T18:36:00,2026-09-22T21:30:00,174,EXCEL_RESPALDO,EXCEL,EXCEL,CTG_10235235140,2026-09-22,KHP263,MAIZ,MAIZ,CELDA_171_-_CENTRO,CELDA 171 - CENTRO,AVELLANEDA,INGRESO,I,95611,000200433991,0000000076153,10235235140,VAV405933220926,29920,MAIZ,CELDA_171_-_CENTRO,,,CELDA_171_-_CENTRO,AVELLANEDA,EXCEL_PLATFORM_PRODUCT,NO_TRUCKFLOW_EVIDENCE,ROUTE_UNKNOWN,,2026-09-22T18:36:00,2026-09-22T18:51:00,2026-09-22T21:30:00,,,0,NO_TRUCKFLOW_EXACT_PLATE_MATCH,,
,,0,2026-09-22T20:16:00,2026-09-22T21:47:00,91,EXCEL_RESPALDO,EXCEL,EXCEL,CTG_10135222689,2026-09-22,LGN187,SOJA,SOJA,VOLCABLE_PTO_2,VOLCABLE PTO 2,TERMINAL_EMBARQUE,INGRESO,I,2000652,000404068004,0000000006108,10135222689,VIC349184220926,29600,SOJA,VOLCABLE_PTO_2,SAN_LORENZO_VOLCABLE,R7,VOLCABLE_PTO_2,TERMINAL_EMBARQUE,EXCEL_PLATFORM_PRODUCT,NO_TRUCKFLOW_EVIDENCE,ROUTE_UNKNOWN,"FAZON 2026, FAZON 2026",2026-09-22T20:16:00,2026-09-22T20:38:00,2026-09-22T21:47:00,,,0,UNKNOWN_NO_EVIDENCE,,
,,0,2026-09-22T18:48:00,2026-09-22T22:06:00,198,EXCEL_RESPALDO,EXCEL,EXCEL,CTG_10235236648,2026-09-22,FRW594,MAIZ,MAIZ,CELDA_171_-_CENTRO,CELDA 171 - CENTRO,AVELLANEDA,INGRESO,I,95611,000200433992,0000000076163,10235236648,VAV416202220926,34600,MAIZ,CELDA_171_-_CENTRO,,,CELDA_171_-_CENTRO,AVELLANEDA,EXCEL_PLATFORM_PRODUCT,NO_TRUCKFLOW_EVIDENCE,ROUTE_UNKNOWN,,2026-09-22T18:48:00,2026-09-22T19:00:00,2026-09-22T22:06:00,,,0,NO_TRUCKFLOW_EXACT_PLATE_MATCH,,
,,0,2026-09-22T20:28:00,2026-09-22T22:23:00,115,EXCEL_RESPALDO,EXCEL,EXCEL,CTG_10135227026,2026-09-22,MYA819,SOJA,SOJA,VOLCABLE_PTO_2,VOLCABLE PTO 2,TERMINAL_EMBARQUE,INGRESO,I,2000655,000404068012,0000000000574,10135227026,VIC941048220926,31820,SOJA,VOLCABLE_PTO_2,SAN_LORENZO_VOLCABLE,R7,VOLCABLE_PTO_2,TERMINAL_EMBARQUE,EXCEL_PLATFORM_PRODUCT,NO_TRUCKFLOW_EVIDENCE,ROUTE_UNKNOWN,"FAZON 2026, FAZON 2026",2026-09-22T20:28:00,2026-09-22T20:51:00,2026-09-22T22:23:00,,,0,NO_TRUCKFLOW_EXACT_PLATE_MATCH,,
,,0,2026-09-22T18:56:00,2026-09-22T22:32:00,216,EXCEL_RESPALDO,EXCEL,EXCEL,CTG_10235234457,2026-09-22,TCG199,MAIZ,MAIZ,CELDA_171_-_CENTRO,CELDA 171 - CENTRO,AVELLANEDA,INGRESO,I,95611,000200433993,0000000076148,10235234457,VAV380842220926,29540,MAIZ,CELDA_171_-_CENTRO,,,CELDA_171_-_CENTRO,AVELLANEDA,EXCEL_PLATFORM_PRODUCT,NO_TRUCKFLOW_EVIDENCE,ROUTE_UNKNOWN,,2026-09-22T18:56:00,2026-09-22T19:10:00,2026-09-22T22:32:00,,,0,NO_TRUCKFLOW_EXACT_PLATE_MATCH,,
,,0,2026-09-22T21:33:00,2026-09-22T22:34:00,61,EXCEL_RESPALDO,EXCEL,EXCEL,CTG_10235252967#SLVOLC_IN,2026-09-22,CKQ212,SOJA,SOJA,VOLCABLE_PTO_3,VOLCABLE PTO 3,TERMINAL_EMBARQUE,INGRESO,I,2000651,000404068016,0000300057149,10235252967,VIC037394220926,29760,SOJA,VOLCABLE_PTO_3,SAN_LORENZO_VOLCABLE,R7,VOLCABLE_PTO_3,TERMINAL_EMBARQUE,EXCEL_PLATFORM_PRODUCT,NO_TRUCKFLOW_EVIDENCE,ROUTE_UNKNOWN,"FAZON 2026, FAZON 2026",2026-09-22T21:33:00,,2026-09-22T22:34:00,,,0,UNKNOWN_NO_EVIDENCE,,
,,0,2026-09-22T20:24:00,2026-09-22T22:47:00,143,EXCEL_RESPALDO,EXCEL,EXCEL,CTG_10235239797,2026-09-22,AYJ768,SOJA,SOJA,VOLCABLE_PTO_2,VOLCABLE PTO 2,TERMINAL_EMBARQUE,INGRESO,I,2000655,000404068021,0000100002264,10235239797,VIC080549220926,31600,SOJA,VOLCABLE_PTO_2,SAN_LORENZO_VOLCABLE,R7,VOLCABLE_PTO_2,TERMINAL_EMBARQUE,EXCEL_PLATFORM_PRODUCT,NO_TRUCKFLOW_EVIDENCE,ROUTE_UNKNOWN,"FAZON 2026, FAZON 2026",2026-09-22T20:24:00,2026-09-22T20:47:00,2026-09-22T22:47:00,,,0,EXACT_PLATE_MATCH_OUTSIDE_TIME_WINDOW,,
,,0,2026-09-22T20:25:00,2026-09-22T22:54:00,149,EXCEL_RESPALDO,EXCEL,EXCEL,CTG_10135234289,2026-09-22,OLZ497,SOJA,SOJA,VOLCABLE_PTO_5,VOLCABLE PTO 5,TERMINAL_EMBARQUE,INGRESO,I,2000655,000404068025,0000100003327,10135234289,VIC499704220926,30060,SOJA,VOLCABLE_PTO_5,SAN_LORENZO_VOLCABLE,R7,VOLCABLE_PTO_5,TERMINAL_EMBARQUE,EXCEL_PLATFORM_PRODUCT,NO_TRUCKFLOW_EVIDENCE,ROUTE_UNKNOWN,"FAZON 2026, FAZON 2026",2026-09-22T20:25:00,2026-09-22T20:48:00,2026-09-22T22:54:00,,,0,NO_TRUCKFLOW_EXACT_PLATE_MATCH,,
,,0,2026-09-22T21:48:00,2026-09-22T22:57:00,69,EXCEL_RESPALDO,EXCEL,EXCEL,CTG_10235253030#SLVOLC_IN,2026-09-22,AAE877,SOJA,SOJA,VOLCABLE_PTO_3,VOLCABLE PTO 3,TERMINAL_EMBARQUE,INGRESO,I,2000651,000404068026,0000300057152,10235253030,VIC729836220926,29020,SOJA,VOLCABLE_PTO_3,SAN_LORENZO_VOLCABLE,R7,VOLCABLE_PTO_3,TERMINAL_EMBARQUE,EXCEL_PLATFORM_PRODUCT,NO_TRUCKFLOW_EVIDENCE,ROUTE_UNKNOWN,"FAZON 2026, FAZON 2026",2026-09-22T21:48:00,,2026-09-22T22:57:00,,,0,UNKNOWN_NO_EVIDENCE,,
,,0,2026-09-22T20:33:00,2026-09-22T23:00:00,147,EXCEL_RESPALDO,EXCEL,EXCEL,CTG_10235237770,2026-09-22,IBP080,SOJA,SOJA,VOLCABLE_PTO_5,VOLCABLE PTO 5,TERMINAL_EMBARQUE,INGRESO,I,2000652,000404068027,0000000007013,10235237770,VIC451948220926,31240,SOJA,VOLCABLE_PTO_5,SAN_LORENZO_VOLCABLE,R7,VOLCABLE_PTO_5,TERMINAL_EMBARQUE,EXCEL_PLATFORM_PRODUCT,NO_TRUCKFLOW_EVIDENCE,ROUTE_UNKNOWN,"FAZON 2026, FAZON 2026",2026-09-22T20:33:00,2026-09-22T21:06:00,2026-09-22T23:00:00,,,0,NO_TRUCKFLOW_EXACT_PLATE_MATCH,,
,,0,2026-09-22T15:04:00,2026-09-22T23:05:00,481,EXCEL_RESPALDO,EXCEL,EXCEL,COMPROB_000200433994,2026-09-22,ABB335,CHIP DE PINO,CHIP DE PINO,PLAYA_LEÑA_Y_CHIP,PLAYA LEÑA Y CHIP,AVELLANEDA,INGRESO,I,999823,000200433994,0000100025277,0,,28060,CHIP DE PINO,PLAYA_LEÑA_Y_CHIP,,,PLAYA_LEÑA_Y_CHIP,AVELLANEDA,EXCEL_PLATFORM_PRODUCT,NO_TRUCKFLOW_EVIDENCE,ROUTE_UNKNOWN,,2026-09-22T15:04:00,,2026-09-22T23:05:00,,,0,NO_TRUCKFLOW_EXACT_PLATE_MATCH,,
,,0,2026-09-22T12:51:00,2026-09-22T23:16:00,625,EXCEL_RESPALDO,EXCEL,EXCEL,CTG_10235233962,2026-09-22,BDH961,GIRASOL,GIRASOL,VOLCABLE_1,VOLCABLE 1,RICARDONE,INGRESO,I,2000640,000301464559,1658100004471,10235233962,VIC558741220926,27500,GIRASOL,VOLCABLE_1,VOLCABLE,R5,VOLCABLE_1,RICARDONE,EXCEL_PLATFORM_PRODUCT,NO_TRUCKFLOW_EVIDENCE,ROUTE_UNKNOWN,"FAZON 2026, FAZON 2026",2026-09-22T12:51:00,2026-09-22T21:45:00,2026-09-22T23:16:00,,,0,UNKNOWN_NO_EVIDENCE,,
,,0,2026-09-22T20:37:00,2026-09-22T23:17:00,160,EXCEL_RESPALDO,EXCEL,EXCEL,CTG_10135242054,2026-09-22,GON155,SOJA,SOJA,VOLCABLE_PTO_3,VOLCABLE PTO 3,TERMINAL_EMBARQUE,INGRESO,I,2000652,000404068034,0000000000268,10135242054,VIC686074220926,35400,SOJA,VOLCABLE_PTO_3,SAN_LORENZO_VOLCABLE,R7,VOLCABLE_PTO_3,TERMINAL_EMBARQUE,EXCEL_PLATFORM_PRODUCT,NO_TRUCKFLOW_EVIDENCE,ROUTE_UNKNOWN,"FAZON 2026, FAZON 2026",2026-09-22T20:37:00,2026-09-22T21:12:00,2026-09-22T23:17:00,,,0,UNKNOWN_NO_EVIDENCE,,
,,0,2026-09-22T20:17:00,2026-09-22T23:33:00,196,EXCEL_RESPALDO,EXCEL,EXCEL,CTG_10135226712,2026-09-22,EOX604,SOJA,SOJA,VOLCABLE_PTO_5,VOLCABLE PTO 5,TERMINAL_EMBARQUE,INGRESO,I,2000652,000404068038,0000000006110,10135226712,VIC000265220926,30040,SOJA,VOLCABLE_PTO_5,SAN_LORENZO_VOLCABLE,R7,VOLCABLE_PTO_5,TERMINAL_EMBARQUE,EXCEL_PLATFORM_PRODUCT,NO_TRUCKFLOW_EVIDENCE,ROUTE_UNKNOWN,"FAZON 2026, FAZON 2026",2026-09-22T20:17:00,2026-09-22T20:43:00,2026-09-22T23:33:00,,,0,NO_TRUCKFLOW_EXACT_PLATE_MATCH,,
,,0,2026-09-22T18:26:00,2026-09-22T23:46:00,320,EXCEL_RESPALDO,EXCEL,EXCEL,COMPROB_000200433995,2026-09-22,AD386JC,CHIP DE PINO,CHIP DE PINO,PLAYA_LEÑA_Y_CHIP,PLAYA LEÑA Y CHIP,AVELLANEDA,INGRESO,I,999823,000200433995,0000100001493,0,,31200,CHIP DE PINO,PLAYA_LEÑA_Y_CHIP,,,PLAYA_LEÑA_Y_CHIP,AVELLANEDA,EXCEL_PLATFORM_PRODUCT,NO_TRUCKFLOW_EVIDENCE,ROUTE_UNKNOWN,,2026-09-22T18:26:00,,2026-09-22T23:46:00,,,0,NO_TRUCKFLOW_EXACT_PLATE_MATCH,,
,,0,2026-09-16T10:25:00,2026-09-22T04:45:00,8300,EXCEL_RESPALDO,EXCEL,EXCEL,CTG_20235117787,2026-09-22,103192,SOJA,SOJA,VAGONES,VAGONES,TERMINAL_EMBARQUE,INGRESO,I,2000662,000404068040,0000000002864,20235117787,,45300,SOJA,VAGONES,,,VAGONES,TERMINAL_EMBARQUE,EXCEL_PLATFORM_PRODUCT,NO_TRUCKFLOW_EVIDENCE,ROUTE_UNKNOWN,"FAZON PTO 2026, FAZON PTO 2026",2026-09-16T10:25:00,2026-09-22T04:40:00,2026-09-22T04:45:00,,,0,NO_TRUCKFLOW_EXACT_PLATE_MATCH,,
,,0,2026-09-16T10:25:00,2026-09-22T04:46:00,8301,EXCEL_RESPALDO,EXCEL,EXCEL,CTG_20235118065,2026-09-22,103804,SOJA,SOJA,VAGONES,VAGONES,TERMINAL_EMBARQUE,INGRESO,I,2000662,000404068041,0000000002865,20235118065,,43850,SOJA,VAGONES,,,VAGONES,TERMINAL_EMBARQUE,EXCEL_PLATFORM_PRODUCT,NO_TRUCKFLOW_EVIDENCE,ROUTE_UNKNOWN,"FAZON PTO 2026, FAZON PTO 2026",2026-09-16T10:25:00,2026-09-22T04:41:00,2026-09-22T04:46:00,,,0,NO_TRUCKFLOW_EXACT_PLATE_MATCH,,
,,0,2026-09-16T10:25:00,2026-09-22T17:31:00,9066,EXCEL_RESPALDO,EXCEL,EXCEL,CTG_20235118272,2026-09-22,102608,SOJA,SOJA,VAGONES,VAGONES,TERMINAL_EMBARQUE,INGRESO,I,2000662,000404068042,0000000002866,20235118272,,44700,SOJA,VAGONES,,,VAGONES,TERMINAL_EMBARQUE,EXCEL_PLATFORM_PRODUCT,NO_TRUCKFLOW_EVIDENCE,ROUTE_UNKNOWN,"FAZON PTO 2026, FAZON PTO 2026",2026-09-16T10:25:00,2026-09-22T16:14:00,2026-09-22T17:31:00,,,0,NO_TRUCKFLOW_EXACT_PLATE_MATCH,,
,,0,2026-09-16T10:25:00,2026-09-22T20:31:00,9246,EXCEL_RESPALDO,EXCEL,EXCEL,CTG_20235118567,2026-09-22,104604,SOJA,SOJA,VAGONES,VAGONES,TERMINAL_EMBARQUE,INGRESO,I,2000662,000404068043,0000000002867,20235118567,,44800,SOJA,VAGONES,,,VAGONES,TERMINAL_EMBARQUE,EXCEL_PLATFORM_PRODUCT,NO_TRUCKFLOW_EVIDENCE,ROUTE_UNKNOWN,"FAZON PTO 2026, FAZON PTO 2026",2026-09-16T10:25:00,2026-09-22T16:15:00,2026-09-22T20:31:00,,,0,NO_TRUCKFLOW_EXACT_PLATE_MATCH,,
,,0,2026-09-16T10:25:00,2026-09-22T20:30:00,9245,EXCEL_RESPALDO,EXCEL,EXCEL,CTG_20235118735,2026-09-22,101105,SOJA,SOJA,VAGONES,VAGONES,TERMINAL_EMBARQUE,INGRESO,I,2000662,000404068044,0000000002868,20235118735,,44500,SOJA,VAGONES,,,VAGONES,TERMINAL_EMBARQUE,EXCEL_PLATFORM_PRODUCT,NO_TRUCKFLOW_EVIDENCE,ROUTE_UNKNOWN,"FAZON PTO 2026, FAZON PTO 2026",2026-09-16T10:25:00,2026-09-22T16:18:00,2026-09-22T20:30:00,,,0,NO_TRUCKFLOW_EXACT_PLATE_MATCH,,
,,0,2026-09-16T10:25:00,2026-09-22T20:29:00,9244,EXCEL_RESPALDO,EXCEL,EXCEL,CTG_20235118897,2026-09-22,101451,SOJA,SOJA,VAGONES,VAGONES,TERMINAL_EMBARQUE,INGRESO,I,2000662,000404068045,0000000002869,20235118897,,44800,SOJA,VAGONES,,,VAGONES,TERMINAL_EMBARQUE,EXCEL_PLATFORM_PRODUCT,NO_TRUCKFLOW_EVIDENCE,ROUTE_UNKNOWN,"FAZON PTO 2026, FAZON PTO 2026",2026-09-16T10:25:00,2026-09-22T16:19:00,2026-09-22T20:29:00,,,0,NO_TRUCKFLOW_EXACT_PLATE_MATCH,,
,,0,2026-09-16T10:25:00,2026-09-22T20:28:00,9243,EXCEL_RESPALDO,EXCEL,EXCEL,CTG_20235119451,2026-09-22,99648,SOJA,SOJA,VAGONES,VAGONES,TERMINAL_EMBARQUE,INGRESO,I,2000662,000404068046,0000000002870,20235119451,,42950,SOJA,VAGONES,,,VAGONES,TERMINAL_EMBARQUE,EXCEL_PLATFORM_PRODUCT,NO_TRUCKFLOW_EVIDENCE,ROUTE_UNKNOWN,"FAZON PTO 2026, FAZON PTO 2026",2026-09-16T10:25:00,2026-09-22T16:19:00,2026-09-22T20:28:00,,,0,NO_TRUCKFLOW_EXACT_PLATE_MATCH,,
,,0,2026-09-16T10:25:00,2026-09-22T20:26:00,9241,EXCEL_RESPALDO,EXCEL,EXCEL,CTG_20235119646,2026-09-22,99507,SOJA,SOJA,VAGONES,VAGONES,TERMINAL_EMBARQUE,INGRESO,I,2000662,000404068047,0000000002871,20235119646,,45400,SOJA,VAGONES,,,VAGONES,TERMINAL_EMBARQUE,EXCEL_PLATFORM_PRODUCT,NO_TRUCKFLOW_EVIDENCE,ROUTE_UNKNOWN,"FAZON PTO 2026, FAZON PTO 2026",2026-09-16T10:25:00,2026-09-22T16:20:00,2026-09-22T20:26:00,,,0,NO_TRUCKFLOW_EXACT_PLATE_MATCH,,
,,0,2026-09-16T10:25:00,2026-09-22T20:24:00,9239,EXCEL_RESPALDO,EXCEL,EXCEL,CTG_20235119743,2026-09-22,156117,SOJA,SOJA,VAGONES,VAGONES,TERMINAL_EMBARQUE,INGRESO,I,2000662,000404068048,0000000002872,20235119743,,45650,SOJA,VAGONES,,,VAGONES,TERMINAL_EMBARQUE,EXCEL_PLATFORM_PRODUCT,NO_TRUCKFLOW_EVIDENCE,ROUTE_UNKNOWN,"FAZON PTO 2026, FAZON PTO 2026",2026-09-16T10:25:00,2026-09-22T16:21:00,2026-09-22T20:24:00,,,0,NO_TRUCKFLOW_EXACT_PLATE_MATCH,,
,,0,2026-09-16T10:25:00,2026-09-22T20:23:00,9238,EXCEL_RESPALDO,EXCEL,EXCEL,CTG_20235119904,2026-09-22,319509,SOJA,SOJA,VAGONES,VAGONES,TERMINAL_EMBARQUE,INGRESO,I,2000662,000404068049,0000000002873,20235119904,,40850,SOJA,VAGONES,,,VAGONES,TERMINAL_EMBARQUE,EXCEL_PLATFORM_PRODUCT,NO_TRUCKFLOW_EVIDENCE,ROUTE_UNKNOWN,"FAZON PTO 2026, FAZON PTO 2026",2026-09-16T10:25:00,2026-09-22T16:22:00,2026-09-22T20:23:00,,,0,NO_TRUCKFLOW_EXACT_PLATE_MATCH,,
,,0,2026-09-16T10:25:00,2026-09-22T00:53:00,8068,EXCEL_RESPALDO,EXCEL,EXCEL,CTG_20235120055,2026-09-22,326264,SOJA,SOJA,VAGONES,VAGONES,TERMINAL_EMBARQUE,INGRESO,I,2000662,000404068050,0000000002874,20235120055,,36850,SOJA,VAGONES,,,VAGONES,TERMINAL_EMBARQUE,EXCEL_PLATFORM_PRODUCT,NO_TRUCKFLOW_EVIDENCE,ROUTE_UNKNOWN,"FAZON PTO 2026, FAZON PTO 2026",2026-09-16T10:25:00,2026-09-22T03:09:00,2026-09-22T00:53:00,,,0,NO_TRUCKFLOW_EXACT_PLATE_MATCH,,
,,0,2026-09-16T10:25:00,2026-09-22T00:52:00,8067,EXCEL_RESPALDO,EXCEL,EXCEL,CTG_20235120206,2026-09-22,100487,SOJA,SOJA,VAGONES,VAGONES,TERMINAL_EMBARQUE,INGRESO,I,2000662,000404068051,0000000002875,20235120206,,38150,SOJA,VAGONES,,,VAGONES,TERMINAL_EMBARQUE,EXCEL_PLATFORM_PRODUCT,NO_TRUCKFLOW_EVIDENCE,ROUTE_UNKNOWN,"FAZON PTO 2026, FAZON PTO 2026",2026-09-16T10:25:00,2026-09-22T03:09:00,2026-09-22T00:52:00,,,0,NO_TRUCKFLOW_EXACT_PLATE_MATCH,,
,,0,2026-09-16T10:25:00,2026-09-22T04:59:00,8314,EXCEL_RESPALDO,EXCEL,EXCEL,CTG_20235120649,2026-09-22,104075,SOJA,SOJA,VAGONES,VAGONES,TERMINAL_EMBARQUE,INGRESO,I,2000662,000404068052,0000000002876,20235120649,,44050,SOJA,VAGONES,,,VAGONES,TERMINAL_EMBARQUE,EXCEL_PLATFORM_PRODUCT,NO_TRUCKFLOW_EVIDENCE,ROUTE_UNKNOWN,"FAZON PTO 2026, FAZON PTO 2026",2026-09-16T10:25:00,2026-09-22T04:42:00,2026-09-22T04:59:00,,,0,NO_TRUCKFLOW_EXACT_PLATE_MATCH,,
,,0,2026-09-16T10:25:00,2026-09-22T04:58:00,8313,EXCEL_RESPALDO,EXCEL,EXCEL,CTG_20235120756,2026-09-22,159137,SOJA,SOJA,VAGONES,VAGONES,TERMINAL_EMBARQUE,INGRESO,I,2000662,000404068053,0000000002877,20235120756,,43600,SOJA,VAGONES,,,VAGONES,TERMINAL_EMBARQUE,EXCEL_PLATFORM_PRODUCT,NO_TRUCKFLOW_EVIDENCE,ROUTE_UNKNOWN,"FAZON PTO 2026, FAZON PTO 2026",2026-09-16T10:25:00,2026-09-22T04:43:00,2026-09-22T04:58:00,,,0,NO_TRUCKFLOW_EXACT_PLATE_MATCH,,
,,0,2026-09-16T10:25:00,2026-09-22T04:56:00,8311,EXCEL_RESPALDO,EXCEL,EXCEL,CTG_20235120830,2026-09-22,103564,SOJA,SOJA,VAGONES,VAGONES,TERMINAL_EMBARQUE,INGRESO,I,2000662,000404068054,0000000002878,20235120830,,44950,SOJA,VAGONES,,,VAGONES,TERMINAL_EMBARQUE,EXCEL_PLATFORM_PRODUCT,NO_TRUCKFLOW_EVIDENCE,ROUTE_UNKNOWN,"FAZON PTO 2026, FAZON PTO 2026",2026-09-16T10:25:00,2026-09-22T04:44:00,2026-09-22T04:56:00,,,0,NO_TRUCKFLOW_EXACT_PLATE_MATCH,,
,,0,2026-09-16T10:25:00,2026-09-22T04:53:00,8308,EXCEL_RESPALDO,EXCEL,EXCEL,CTG_20235120928,2026-09-22,159012,SOJA,SOJA,VAGONES,VAGONES,TERMINAL_EMBARQUE,INGRESO,I,2000662,000404068055,0000000002879,20235120928,,45400,SOJA,VAGONES,,,VAGONES,TERMINAL_EMBARQUE,EXCEL_PLATFORM_PRODUCT,NO_TRUCKFLOW_EVIDENCE,ROUTE_UNKNOWN,"FAZON PTO 2026, FAZON PTO 2026",2026-09-16T10:25:00,2026-09-22T04:45:00,2026-09-22T04:53:00,,,0,NO_TRUCKFLOW_EXACT_PLATE_MATCH,,
,,0,2026-09-16T10:25:00,2026-09-22T04:51:00,8306,EXCEL_RESPALDO,EXCEL,EXCEL,CTG_20235121002,2026-09-22,101436,SOJA,SOJA,VAGONES,VAGONES,TERMINAL_EMBARQUE,INGRESO,I,2000662,000404068056,0000000002880,20235121002,,43500,SOJA,VAGONES,,,VAGONES,TERMINAL_EMBARQUE,EXCEL_PLATFORM_PRODUCT,NO_TRUCKFLOW_EVIDENCE,ROUTE_UNKNOWN,"FAZON PTO 2026, FAZON PTO 2026",2026-09-16T10:25:00,2026-09-22T04:49:00,2026-09-22T04:51:00,,,0,NO_TRUCKFLOW_EXACT_PLATE_MATCH,,
,,0,2026-09-16T10:25:00,2026-09-22T04:49:00,8304,EXCEL_RESPALDO,EXCEL,EXCEL,CTG_20235121162,2026-09-22,156679,SOJA,SOJA,VAGONES,VAGONES,TERMINAL_EMBARQUE,INGRESO,I,2000662,000404068057,0000000002882,20235121162,,45100,SOJA,VAGONES,,,VAGONES,TERMINAL_EMBARQUE,EXCEL_PLATFORM_PRODUCT,NO_TRUCKFLOW_EVIDENCE,ROUTE_UNKNOWN,"FAZON PTO 2026, FAZON PTO 2026",2026-09-16T10:25:00,2026-09-22T04:51:00,2026-09-22T04:49:00,,,0,NO_TRUCKFLOW_EXACT_PLATE_MATCH,,
,,0,2026-09-16T10:25:00,2026-09-22T04:48:00,8303,EXCEL_RESPALDO,EXCEL,EXCEL,CTG_20235121222,2026-09-22,99606,SOJA,SOJA,VAGONES,VAGONES,TERMINAL_EMBARQUE,INGRESO,I,2000662,000404068058,0000000002883,20235121222,,44950,SOJA,VAGONES,,,VAGONES,TERMINAL_EMBARQUE,EXCEL_PLATFORM_PRODUCT,NO_TRUCKFLOW_EVIDENCE,ROUTE_UNKNOWN,"FAZON PTO 2026, FAZON PTO 2026",2026-09-16T10:25:00,2026-09-22T04:53:00,2026-09-22T04:48:00,,,0,NO_TRUCKFLOW_EXACT_PLATE_MATCH,,
,,0,2026-09-16T10:25:00,2026-09-22T17:38:00,9073,EXCEL_RESPALDO,EXCEL,EXCEL,CTG_20235121421,2026-09-22,156091,SOJA,SOJA,VAGONES,VAGONES,TERMINAL_EMBARQUE,INGRESO,I,2000662,000404068059,0000000002884,20235121421,,45050,SOJA,VAGONES,,,VAGONES,TERMINAL_EMBARQUE,EXCEL_PLATFORM_PRODUCT,NO_TRUCKFLOW_EVIDENCE,ROUTE_UNKNOWN,"FAZON PTO 2026, FAZON PTO 2026",2026-09-16T10:25:00,2026-09-22T06:16:00,2026-09-22T17:38:00,,,0,NO_TRUCKFLOW_EXACT_PLATE_MATCH,,
,,0,2026-09-16T10:25:00,2026-09-22T17:37:00,9072,EXCEL_RESPALDO,EXCEL,EXCEL,CTG_20235121541,2026-09-22,159566,SOJA,SOJA,VAGONES,VAGONES,TERMINAL_EMBARQUE,INGRESO,I,2000662,000404068060,0000000002885,20235121541,,44800,SOJA,VAGONES,,,VAGONES,TERMINAL_EMBARQUE,EXCEL_PLATFORM_PRODUCT,NO_TRUCKFLOW_EVIDENCE,ROUTE_UNKNOWN,"FAZON PTO 2026, FAZON PTO 2026",2026-09-16T10:25:00,2026-09-22T06:18:00,2026-09-22T17:37:00,,,0,NO_TRUCKFLOW_EXACT_PLATE_MATCH,,
,,0,2026-09-16T10:25:00,2026-09-22T17:35:00,9070,EXCEL_RESPALDO,EXCEL,EXCEL,CTG_20235121604,2026-09-22,100339,SOJA,SOJA,VAGONES,VAGONES,TERMINAL_EMBARQUE,INGRESO,I,2000662,000404068061,0000000002886,20235121604,,45950,SOJA,VAGONES,,,VAGONES,TERMINAL_EMBARQUE,EXCEL_PLATFORM_PRODUCT,NO_TRUCKFLOW_EVIDENCE,ROUTE_UNKNOWN,"FAZON PTO 2026, FAZON PTO 2026",2026-09-16T10:25:00,2026-09-22T06:19:00,2026-09-22T17:35:00,,,0,NO_TRUCKFLOW_EXACT_PLATE_MATCH,,
,,0,2026-09-16T10:25:00,2026-09-22T17:34:00,9069,EXCEL_RESPALDO,EXCEL,EXCEL,CTG_20235121672,2026-09-22,101998,SOJA,SOJA,VAGONES,VAGONES,TERMINAL_EMBARQUE,INGRESO,I,2000662,000404068062,0000000002887,20235121672,,43600,SOJA,VAGONES,,,VAGONES,TERMINAL_EMBARQUE,EXCEL_PLATFORM_PRODUCT,NO_TRUCKFLOW_EVIDENCE,ROUTE_UNKNOWN,"FAZON PTO 2026, FAZON PTO 2026",2026-09-16T10:25:00,2026-09-22T06:20:00,2026-09-22T17:34:00,,,0,NO_TRUCKFLOW_EXACT_PLATE_MATCH,,
,,0,2026-09-16T10:25:00,2026-09-22T01:01:00,8076,EXCEL_RESPALDO,EXCEL,EXCEL,CTG_20235121778,2026-09-22,102137,SOJA,SOJA,VAGONES,VAGONES,TERMINAL_EMBARQUE,INGRESO,I,2000662,000404068063,0000000002888,20235121778,,45950,SOJA,VAGONES,,,VAGONES,TERMINAL_EMBARQUE,EXCEL_PLATFORM_PRODUCT,NO_TRUCKFLOW_EVIDENCE,ROUTE_UNKNOWN,"FAZON PTO 2026, FAZON PTO 2026",2026-09-16T10:25:00,2026-09-21T23:29:00,2026-09-22T01:01:00,,,0,NO_TRUCKFLOW_EXACT_PLATE_MATCH,,
,,0,2026-09-16T10:25:00,2026-09-22T01:00:00,8075,EXCEL_RESPALDO,EXCEL,EXCEL,CTG_20235121830,2026-09-22,157735,SOJA,SOJA,VAGONES,VAGONES,TERMINAL_EMBARQUE,INGRESO,I,2000662,000404068064,0000000002889,20235121830,,43850,SOJA,VAGONES,,,VAGONES,TERMINAL_EMBARQUE,EXCEL_PLATFORM_PRODUCT,NO_TRUCKFLOW_EVIDENCE,ROUTE_UNKNOWN,"FAZON PTO 2026, FAZON PTO 2026",2026-09-16T10:25:00,2026-09-21T23:30:00,2026-09-22T01:00:00,,,0,NO_TRUCKFLOW_EXACT_PLATE_MATCH,,
,,0,2026-09-16T10:25:00,2026-09-22T00:58:00,8073,EXCEL_RESPALDO,EXCEL,EXCEL,CTG_20235121872,2026-09-22,104067,SOJA,SOJA,VAGONES,VAGONES,TERMINAL_EMBARQUE,INGRESO,I,2000662,000404068065,0000000002890,20235121872,,43900,SOJA,VAGONES,,,VAGONES,TERMINAL_EMBARQUE,EXCEL_PLATFORM_PRODUCT,NO_TRUCKFLOW_EVIDENCE,ROUTE_UNKNOWN,"FAZON PTO 2026, FAZON PTO 2026",2026-09-16T10:25:00,2026-09-21T23:31:00,2026-09-22T00:58:00,,,0,NO_TRUCKFLOW_EXACT_PLATE_MATCH,,
,,0,2026-09-16T10:25:00,2026-09-22T00:57:00,8072,EXCEL_RESPALDO,EXCEL,EXCEL,CTG_20235121924,2026-09-22,158147,SOJA,SOJA,VAGONES,VAGONES,TERMINAL_EMBARQUE,INGRESO,I,2000662,000404068066,0000000002891,20235121924,,45050,SOJA,VAGONES,,,VAGONES,TERMINAL_EMBARQUE,EXCEL_PLATFORM_PRODUCT,NO_TRUCKFLOW_EVIDENCE,ROUTE_UNKNOWN,"FAZON PTO 2026, FAZON PTO 2026",2026-09-16T10:25:00,2026-09-21T23:32:00,2026-09-22T00:57:00,,,0,NO_TRUCKFLOW_EXACT_PLATE_MATCH,,
,,0,2026-09-16T10:25:00,2026-09-22T00:56:00,8071,EXCEL_RESPALDO,EXCEL,EXCEL,CTG_20235121960,2026-09-22,99853,SOJA,SOJA,VAGONES,VAGONES,TERMINAL_EMBARQUE,INGRESO,I,2000662,000404068067,0000000002892,20235121960,,46100,SOJA,VAGONES,,,VAGONES,TERMINAL_EMBARQUE,EXCEL_PLATFORM_PRODUCT,NO_TRUCKFLOW_EVIDENCE,ROUTE_UNKNOWN,"FAZON PTO 2026, FAZON PTO 2026",2026-09-16T10:25:00,2026-09-21T23:33:00,2026-09-22T00:56:00,,,0,NO_TRUCKFLOW_EXACT_PLATE_MATCH,,
,,0,2026-09-16T10:25:00,2026-09-22T00:54:00,8069,EXCEL_RESPALDO,EXCEL,EXCEL,CTG_20235122020,2026-09-22,100594,SOJA,SOJA,VAGONES,VAGONES,TERMINAL_EMBARQUE,INGRESO,I,2000662,000404068068,0000000002893,20235122020,,44700,SOJA,VAGONES,,,VAGONES,TERMINAL_EMBARQUE,EXCEL_PLATFORM_PRODUCT,NO_TRUCKFLOW_EVIDENCE,ROUTE_UNKNOWN,"FAZON PTO 2026, FAZON PTO 2026",2026-09-16T10:25:00,2026-09-21T23:34:00,2026-09-22T00:54:00,,,0,NO_TRUCKFLOW_EXACT_PLATE_MATCH,,
,,0,2026-09-22T23:17:00,2026-09-22T23:52:00,35,EXCEL_RESPALDO,EXCEL,EXCEL,CTG_10235253357#SLVOLC_IN,2026-09-22,BHL749,SOJA,SOJA,VOLCABLE_PTO_2,VOLCABLE PTO 2,TERMINAL_EMBARQUE,INGRESO,I,2000651,000404068070,0000300057158,10235253357,VIC829923220926,28800,SOJA,VOLCABLE_PTO_2,SAN_LORENZO_VOLCABLE,R7,VOLCABLE_PTO_2,TERMINAL_EMBARQUE,EXCEL_PLATFORM_PRODUCT,NO_TRUCKFLOW_EVIDENCE,ROUTE_UNKNOWN,"FAZON 2026, FAZON 2026",2026-09-22T23:17:00,,2026-09-22T23:52:00,,,0,UNKNOWN_NO_EVIDENCE,,
,,0,2026-09-22T22:12:00,2026-09-22T23:41:00,89,EXCEL_RESPALDO,EXCEL,EXCEL,CTG_10235253574,2026-09-23,VHM662,SOJA,SOJA,SILO_CHIEF_2,SILO CHIEF 2,RICARDONE,EGRESO,E,95828,000301069015,0000300057178,10235253574,,32100,SOJA,SILO_CHIEF_2,,R29,SILO_CHIEF_2,RICARDONE,EXCEL_PLATFORM_PRODUCT,NO_TRUCKFLOW_EVIDENCE,ROUTE_UNKNOWN,DEPOSI EN RICARDONE,2026-09-22T22:12:00,,2026-09-22T23:41:00,,,0,NO_TRUCKFLOW_EXACT_PLATE_MATCH,,
,,0,2026-09-16T10:25:00,2026-09-22T17:32:00,9067,EXCEL_RESPALDO,EXCEL,EXCEL,CTG_20235121109,2026-09-23,102053,SOJA,SOJA,VAGONES,VAGONES,TERMINAL_EMBARQUE,INGRESO,I,2000662,000404068405,0000000002881,20235121109,,42550,SOJA,VAGONES,,,VAGONES,TERMINAL_EMBARQUE,EXCEL_PLATFORM_PRODUCT,NO_TRUCKFLOW_EVIDENCE,ROUTE_UNKNOWN,"FAZON PTO 2026, FAZON PTO 2026",2026-09-16T10:25:00,2026-09-23T07:42:00,2026-09-22T17:32:00,,,0,NO_TRUCKFLOW_EXACT_PLATE_MATCH,,
,,0,2026-09-22T20:55:00,2026-09-23T00:21:00,206,EXCEL_RESPALDO,EXCEL,EXCEL,CTG_10235237973,2026-09-23,DJC986,SOJA,SOJA,VOLCABLE_PTO_5,VOLCABLE PTO 5,TERMINAL_EMBARQUE,INGRESO,I,2000655,000404068077,0000100018387,10235237973,VIC813508220926,30360,SOJA,VOLCABLE_PTO_5,SAN_LORENZO_VOLCABLE,R7,VOLCABLE_PTO_5,TERMINAL_EMBARQUE,EXCEL_PLATFORM_PRODUCT,NO_TRUCKFLOW_EVIDENCE,ROUTE_UNKNOWN,"FAZON 2026, FAZON 2026",2026-09-22T20:55:00,2026-09-22T21:36:00,2026-09-23T00:21:00,,,0,NO_TRUCKFLOW_EXACT_PLATE_MATCH,,
,,0,2026-09-22T21:05:00,2026-09-23T01:09:00,244,EXCEL_RESPALDO,EXCEL,EXCEL,CTG_10135231564,2026-09-23,AA140CY,SOJA,SOJA,VOLCABLE_PTO_3,VOLCABLE PTO 3,TERMINAL_EMBARQUE,INGRESO,I,2000655,000404068096,0012100000055,10135231564,VIC042250220926,31180,SOJA,VOLCABLE_PTO_3,SAN_LORENZO_VOLCABLE,R7,VOLCABLE_PTO_3,TERMINAL_EMBARQUE,EXCEL_PLATFORM_PRODUCT,NO_TRUCKFLOW_EVIDENCE,ROUTE_UNKNOWN,"FAZON 2026, FAZON 2026",2026-09-22T21:05:00,2026-09-22T23:14:00,2026-09-23T01:09:00,,,0,NO_TRUCKFLOW_EXACT_PLATE_MATCH,,
,,0,2026-09-22T22:04:00,2026-09-23T01:17:00,193,EXCEL_RESPALDO,EXCEL,EXCEL,CTG_10135242924,2026-09-23,GQJ789,SOJA,SOJA,VOLCABLE_PTO_2,VOLCABLE PTO 2,TERMINAL_EMBARQUE,INGRESO,I,2000652,000404068100,0000000004143,10135242924,VIC559403230926,36160,SOJA,VOLCABLE_PTO_2,SAN_LORENZO_VOLCABLE,R7,VOLCABLE_PTO_2,TERMINAL_EMBARQUE,EXCEL_PLATFORM_PRODUCT,NO_TRUCKFLOW_EVIDENCE,ROUTE_UNKNOWN,"FAZON 2026, FAZON 2026",2026-09-22T22:04:00,2026-09-22T23:32:00,2026-09-23T01:17:00,,,0,NO_TRUCKFLOW_EXACT_PLATE_MATCH,,
,,0,2026-09-22T18:26:00,2026-09-23T00:07:00,341,EXCEL_RESPALDO,EXCEL,EXCEL,CTG_10235253510,2026-09-23,RGV982,SOJA,SOJA,SILO_CHIEF_2,SILO CHIEF 2,RICARDONE,EGRESO,E,95828,000301069004,0000300057167,10235253510,,27280,SOJA,SILO_CHIEF_2,,R29,SILO_CHIEF_2,RICARDONE,EXCEL_PLATFORM_PRODUCT,NO_TRUCKFLOW_EVIDENCE,ROUTE_UNKNOWN,DEPOSI EN RICARDONE,2026-09-22T18:26:00,,2026-09-23T00:07:00,,,0,UNKNOWN_NO_EVIDENCE,,
,,0,2026-09-22T22:39:00,2026-09-23T01:44:00,185,EXCEL_RESPALDO,EXCEL,EXCEL,CTG_10135237492,2026-09-23,MRO851,SOJA,SOJA,VOLCABLE_PTO_2,VOLCABLE PTO 2,TERMINAL_EMBARQUE,INGRESO,I,2000655,000404068105,0012100000057,10135237492,VIC418405220926,31440,SOJA,VOLCABLE_PTO_2,SAN_LORENZO_VOLCABLE,R7,VOLCABLE_PTO_2,TERMINAL_EMBARQUE,EXCEL_PLATFORM_PRODUCT,NO_TRUCKFLOW_EVIDENCE,ROUTE_UNKNOWN,"FAZON 2026, FAZON 2026",2026-09-22T22:39:00,2026-09-22T23:51:00,2026-09-23T01:44:00,,,0,UNKNOWN_NO_EVIDENCE,,
,,0,2026-09-23T01:42:00,2026-09-23T02:12:00,30,EXCEL_RESPALDO,EXCEL,EXCEL,CTG_10235253508#SLVOLC_IN,2026-09-23,VJG112,SOJA,SOJA,VOLCABLE_PTO_3,VOLCABLE PTO 3,TERMINAL_EMBARQUE,INGRESO,I,2000651,000404068115,0000300057165,10235253508,VIC565106230926,28680,SOJA,VOLCABLE_PTO_3,SAN_LORENZO_VOLCABLE,R7,VOLCABLE_PTO_3,TERMINAL_EMBARQUE,EXCEL_PLATFORM_PRODUCT,NO_TRUCKFLOW_EVIDENCE,ROUTE_UNKNOWN,"FAZON 2026, FAZON 2026",2026-09-23T01:42:00,,2026-09-23T02:12:00,,,0,UNKNOWN_NO_EVIDENCE,,
,,0,2026-09-23T01:45:00,2026-09-23T02:14:00,29,EXCEL_RESPALDO,EXCEL,EXCEL,CTG_10235253510#SLVOLC_IN,2026-09-23,RGV982,SOJA,SOJA,VOLCABLE_PTO_2,VOLCABLE PTO 2,TERMINAL_EMBARQUE,INGRESO,I,2000651,000404068116,0000300057167,10235253510,VIC742255230926,27200,SOJA,VOLCABLE_PTO_2,SAN_LORENZO_VOLCABLE,R7,VOLCABLE_PTO_2,TERMINAL_EMBARQUE,EXCEL_PLATFORM_PRODUCT,NO_TRUCKFLOW_EVIDENCE,ROUTE_UNKNOWN,"FAZON 2026, FAZON 2026",2026-09-23T01:45:00,,2026-09-23T02:14:00,,,0,UNKNOWN_NO_EVIDENCE,,
,,0,2026-09-22T23:46:00,2026-09-23T02:33:00,167,EXCEL_RESPALDO,EXCEL,EXCEL,CTG_10135232902,2026-09-23,WGJ608,SOJA,SOJA,VOLCABLE_PTO_2,VOLCABLE PTO 2,TERMINAL_EMBARQUE,INGRESO,I,2000655,000404068122,0012000000033,10135232902,VIC727959230926,31300,SOJA,VOLCABLE_PTO_2,SAN_LORENZO_VOLCABLE,R7,VOLCABLE_PTO_2,TERMINAL_EMBARQUE,EXCEL_PLATFORM_PRODUCT,NO_TRUCKFLOW_EVIDENCE,ROUTE_UNKNOWN,"FAZON 2026, FAZON 2026",2026-09-22T23:46:00,2026-09-23T01:30:00,2026-09-23T02:33:00,,,0,NO_TRUCKFLOW_EXACT_PLATE_MATCH,,
,,0,2026-09-22T21:16:00,2026-09-23T02:36:00,320,EXCEL_RESPALDO,EXCEL,EXCEL,COMPROB_000404068124,2026-09-23,AH260UA,ACIDO CLORHIDRICO,ACIDO CLORHIDRICO,,,TERMINAL_EMBARQUE,INGRESO,I,10923,000404068124,001700130109,0,,32000,ACIDO CLORHIDRICO,,,,,TERMINAL_EMBARQUE,EXCEL_PLATFORM_PRODUCT,NO_TRUCKFLOW_EVIDENCE,ROUTE_UNKNOWN,,2026-09-22T21:16:00,,2026-09-23T02:36:00,,,0,UNKNOWN_NO_EVIDENCE,,
,,0,2026-09-23T01:15:00,2026-09-23T02:54:00,99,EXCEL_RESPALDO,EXCEL,EXCEL,CTG_10135225564,2026-09-23,AA868IP,SOJA,SOJA,VOLCABLE_PTO_5,VOLCABLE PTO 5,TERMINAL_EMBARQUE,INGRESO,I,2000652,000404068129,0000000000630,10135225564,VIC631976220926,29200,SOJA,VOLCABLE_PTO_5,SAN_LORENZO_VOLCABLE,R7,VOLCABLE_PTO_5,TERMINAL_EMBARQUE,EXCEL_PLATFORM_PRODUCT,NO_TRUCKFLOW_EVIDENCE,ROUTE_UNKNOWN,"FAZON 2026, FAZON 2026",2026-09-23T01:15:00,2026-09-23T01:44:00,2026-09-23T02:54:00,,,0,NO_TRUCKFLOW_EXACT_PLATE_MATCH,,
,,0,2026-09-23T01:34:00,2026-09-23T03:24:00,110,EXCEL_RESPALDO,EXCEL,EXCEL,COMPROB_000400422539,2026-09-23,NWZ336,BORRA ACEITE GIRASOL REFINADO,BORRA ACEITE GIRASOL REFINADO,ACEITE_OSL,ACEITE OSL,TERMINAL_EMBARQUE,EGRESO,E,10927,000400422539,,0,,26260,BORRA ACEITE GIRASOL REFINADO,ACEITE_OSL,LIQUIDO,SL1,ACEITE_OSL,TERMINAL_EMBARQUE,EXCEL_PLATFORM_PRODUCT,NO_TRUCKFLOW_EVIDENCE,ROUTE_UNKNOWN,,2026-09-23T01:34:00,,2026-09-23T03:24:00,,,0,UNKNOWN_NO_EVIDENCE,,
,,0,2026-09-22T22:50:00,2026-09-23T03:28:00,278,EXCEL_RESPALDO,EXCEL,EXCEL,CTG_10135245875,2026-09-23,EZC131,SOJA,SOJA,VOLCABLE_PTO_2,VOLCABLE PTO 2,TERMINAL_EMBARQUE,INGRESO,I,2000652,000404068137,0000300000002,10135245875,VIC268930230926,29440,SOJA,VOLCABLE_PTO_2,SAN_LORENZO_VOLCABLE,R7,VOLCABLE_PTO_2,TERMINAL_EMBARQUE,EXCEL_PLATFORM_PRODUCT,NO_TRUCKFLOW_EVIDENCE,ROUTE_UNKNOWN,"FAZON 2026, FAZON 2026",2026-09-22T22:50:00,2026-09-22T23:57:00,2026-09-23T03:28:00,,,0,NO_TRUCKFLOW_EXACT_PLATE_MATCH,,
,,0,2026-09-22T23:42:00,2026-09-23T03:36:00,234,EXCEL_RESPALDO,EXCEL,EXCEL,CTG_10235235468,2026-09-23,GXU255,SOJA,SOJA,VOLCABLE_PTO_2,VOLCABLE PTO 2,TERMINAL_EMBARQUE,INGRESO,I,2000655,000404068139,0000200003911,10235235468,VIC144993230926,29440,SOJA,VOLCABLE_PTO_2,SAN_LORENZO_VOLCABLE,R7,VOLCABLE_PTO_2,TERMINAL_EMBARQUE,EXCEL_PLATFORM_PRODUCT,NO_TRUCKFLOW_EVIDENCE,ROUTE_UNKNOWN,"FAZON 2026, FAZON 2026",2026-09-22T23:42:00,2026-09-23T01:14:00,2026-09-23T03:36:00,,,0,NO_TRUCKFLOW_EXACT_PLATE_MATCH,,
,,0,2026-09-23T03:08:00,2026-09-23T03:44:00,36,EXCEL_RESPALDO,EXCEL,EXCEL,CTG_10235253559#SLVOLC_IN,2026-09-23,CIE516,SOJA,SOJA,VOLCABLE_PTO_2,VOLCABLE PTO 2,TERMINAL_EMBARQUE,INGRESO,I,2000651,000404068141,0000300057173,10235253559,VIC272354230926,28180,SOJA,VOLCABLE_PTO_2,SAN_LORENZO_VOLCABLE,R7,VOLCABLE_PTO_2,TERMINAL_EMBARQUE,EXCEL_PLATFORM_PRODUCT,NO_TRUCKFLOW_EVIDENCE,ROUTE_UNKNOWN,"FAZON 2026, FAZON 2026",2026-09-23T03:08:00,,2026-09-23T03:44:00,,,0,UNKNOWN_NO_EVIDENCE,,
,,0,2026-09-23T01:16:00,2026-09-23T04:11:00,175,EXCEL_RESPALDO,EXCEL,EXCEL,CTG_10135240524,2026-09-23,AF482IZ,SOJA,SOJA,VOLCABLE_PTO_3,VOLCABLE PTO 3,TERMINAL_EMBARQUE,INGRESO,I,2000655,000404068147,0000000000807,10135240524,VIC594744230926,36020,SOJA,VOLCABLE_PTO_3,SAN_LORENZO_VOLCABLE,R7,VOLCABLE_PTO_3,TERMINAL_EMBARQUE,EXCEL_PLATFORM_PRODUCT,NO_TRUCKFLOW_EVIDENCE,ROUTE_UNKNOWN,"FAZON 2026, FAZON 2026",2026-09-23T01:16:00,2026-09-23T01:46:00,2026-09-23T04:11:00,,,0,NO_TRUCKFLOW_EXACT_PLATE_MATCH,,
,,0,2026-09-23T04:13:00,2026-09-23T04:36:00,23,EXCEL_RESPALDO,EXCEL,EXCEL,CTG_10235253574#SLVOLC_IN,2026-09-23,VHM662,SOJA,SOJA,VOLCABLE_PTO_2,VOLCABLE PTO 2,TERMINAL_EMBARQUE,INGRESO,I,2000651,000404068154,0000300057178,10235253574,VIC023317230926,32020,SOJA,VOLCABLE_PTO_2,SAN_LORENZO_VOLCABLE,R7,VOLCABLE_PTO_2,TERMINAL_EMBARQUE,EXCEL_PLATFORM_PRODUCT,NO_TRUCKFLOW_EVIDENCE,ROUTE_UNKNOWN,"FAZON 2026, FAZON 2026",2026-09-23T04:13:00,,2026-09-23T04:36:00,,,0,NO_TRUCKFLOW_EXACT_PLATE_MATCH,,
,,0,2026-09-22T19:19:00,2026-09-23T04:53:00,574,EXCEL_RESPALDO,EXCEL,EXCEL,CTG_10235234844,2026-09-23,UMT642,MAIZ,MAIZ,CELDA_171_-_CENTRO,CELDA 171 - CENTRO,AVELLANEDA,INGRESO,I,95611,000200433996,0000000076151,10235234844,VAV402178220926,30380,MAIZ,CELDA_171_-_CENTRO,,,CELDA_171_-_CENTRO,AVELLANEDA,EXCEL_PLATFORM_PRODUCT,NO_TRUCKFLOW_EVIDENCE,ROUTE_UNKNOWN,,2026-09-22T19:19:00,2026-09-23T04:07:00,2026-09-23T04:53:00,,,0,NO_TRUCKFLOW_EXACT_PLATE_MATCH,,
,,0,2026-09-22T17:27:00,2026-09-23T05:09:00,702,EXCEL_RESPALDO,EXCEL,EXCEL,COMPROB_000200433997,2026-09-23,HZT093,CHIP DE EUCALIPTUS,CHIP DE EUCALIPTUS,PLAYA_LEÑA_Y_CHIP,PLAYA LEÑA Y CHIP,AVELLANEDA,INGRESO,I,999821,000200433997,0000200000055,0,,29540,CHIP DE EUCALIPTUS,PLAYA_LEÑA_Y_CHIP,,,PLAYA_LEÑA_Y_CHIP,AVELLANEDA,EXCEL_PLATFORM_PRODUCT,NO_TRUCKFLOW_EVIDENCE,ROUTE_UNKNOWN,,2026-09-22T17:27:00,,2026-09-23T05:09:00,,,0,NO_TRUCKFLOW_EXACT_PLATE_MATCH,,
,,0,2026-09-22T19:22:00,2026-09-23T05:26:00,604,EXCEL_RESPALDO,EXCEL,EXCEL,CTG_10235233988,2026-09-23,BSA087,MAIZ,MAIZ,CELDA_171_-_CENTRO,CELDA 171 - CENTRO,AVELLANEDA,INGRESO,I,95611,000200433998,0000000076142,10235233988,VAV356987220926,29560,MAIZ,CELDA_171_-_CENTRO,,,CELDA_171_-_CENTRO,AVELLANEDA,EXCEL_PLATFORM_PRODUCT,NO_TRUCKFLOW_EVIDENCE,ROUTE_UNKNOWN,,2026-09-22T19:22:00,2026-09-23T04:14:00,2026-09-23T05:26:00,,,0,NO_TRUCKFLOW_EXACT_PLATE_MATCH,,
,,0,2026-09-23T05:07:00,2026-09-23T05:30:00,23,EXCEL_RESPALDO,EXCEL,EXCEL,CTG_10235253593#SLVOLC_IN,2026-09-23,RAW481,SOJA,SOJA,VOLCABLE_PTO_2,VOLCABLE PTO 2,TERMINAL_EMBARQUE,INGRESO,I,2000651,000404068160,0000300057185,10235253593,VIC302869230926,30600,SOJA,VOLCABLE_PTO_2,SAN_LORENZO_VOLCABLE,R7,VOLCABLE_PTO_2,TERMINAL_EMBARQUE,EXCEL_PLATFORM_PRODUCT,NO_TRUCKFLOW_EVIDENCE,ROUTE_UNKNOWN,"FAZON 2026, FAZON 2026",2026-09-23T05:07:00,,2026-09-23T05:30:00,,,0,UNKNOWN_NO_EVIDENCE,,
,,0,2026-09-23T04:35:00,2026-09-23T05:36:00,61,EXCEL_RESPALDO,EXCEL,EXCEL,COMPROB_000200433999,2026-09-23,RND344,LEÑA CORTA SELECC,LEÑA CORTA SELECC,PLAYA_LEÑA_Y_CHIP,PLAYA LEÑA Y CHIP,AVELLANEDA,INGRESO,I,999811,000200433999,0000100001017,0,,30880,LEÑA CORTA SELECC,PLAYA_LEÑA_Y_CHIP,,,PLAYA_LEÑA_Y_CHIP,AVELLANEDA,EXCEL_PLATFORM_PRODUCT,NO_TRUCKFLOW_EVIDENCE,ROUTE_UNKNOWN,,2026-09-23T04:35:00,,2026-09-23T05:36:00,,,0,NO_TRUCKFLOW_EXACT_PLATE_MATCH,,
,,0,2026-09-23T03:05:00,2026-09-23T05:41:00,156,EXCEL_RESPALDO,EXCEL,EXCEL,CTG_10135238812,2026-09-23,AC268UT,SOJA,SOJA,VOLCABLE_PTO_2,VOLCABLE PTO 2,TERMINAL_EMBARQUE,INGRESO,I,2000655,000404068162,0000000000109,10135238812,VIC797564230926,35880,SOJA,VOLCABLE_PTO_2,SAN_LORENZO_VOLCABLE,R7,VOLCABLE_PTO_2,TERMINAL_EMBARQUE,EXCEL_PLATFORM_PRODUCT,NO_TRUCKFLOW_EVIDENCE,ROUTE_UNKNOWN,"FAZON 2026, FAZON 2026",2026-09-23T03:05:00,2026-09-23T04:57:00,2026-09-23T05:41:00,,,0,EXACT_PLATE_MATCH_OUTSIDE_TIME_WINDOW,,
,,0,2026-09-22T19:51:00,2026-09-23T05:53:00,602,EXCEL_RESPALDO,EXCEL,EXCEL,CTG_10235230174,2026-09-23,PGX830,MAIZ,MAIZ,CELDA_171_-_CENTRO,CELDA 171 - CENTRO,AVELLANEDA,INGRESO,I,95611,000200434000,0000000076123,10235230174,VAV475763220926,30600,MAIZ,CELDA_171_-_CENTRO,,,CELDA_171_-_CENTRO,AVELLANEDA,EXCEL_PLATFORM_PRODUCT,NO_TRUCKFLOW_EVIDENCE,ROUTE_UNKNOWN,,2026-09-22T19:51:00,2026-09-23T04:21:00,2026-09-23T05:53:00,,,0,NO_TRUCKFLOW_EXACT_PLATE_MATCH,,
,,0,2026-09-23T01:14:00,2026-09-23T06:09:00,295,EXCEL_RESPALDO,EXCEL,EXCEL,CTG_10135225753,2026-09-23,AHR824,SOJA,SOJA,VOLCABLE_PTO_5,VOLCABLE PTO 5,TERMINAL_EMBARQUE,INGRESO,I,2000652,000404068171,0000000000631,10135225753,VIC209664220926,29120,SOJA,VOLCABLE_PTO_5,SAN_LORENZO_VOLCABLE,R7,VOLCABLE_PTO_5,TERMINAL_EMBARQUE,EXCEL_PLATFORM_PRODUCT,NO_TRUCKFLOW_EVIDENCE,ROUTE_UNKNOWN,"FAZON 2026, FAZON 2026",2026-09-23T01:14:00,2026-09-23T01:43:00,2026-09-23T06:09:00,,,0,NO_TRUCKFLOW_EXACT_PLATE_MATCH,,
,,0,2026-09-23T04:39:00,2026-09-23T06:17:00,98,EXCEL_RESPALDO,EXCEL,EXCEL,COMPROB_000200434001,2026-09-23,ATG645,LEÑA CORTA SELECC,LEÑA CORTA SELECC,PLAYA_LEÑA_Y_CHIP,PLAYA LEÑA Y CHIP,AVELLANEDA,INGRESO,I,999811,000200434001,0000100000542,0,,28060,LEÑA CORTA SELECC,PLAYA_LEÑA_Y_CHIP,,,PLAYA_LEÑA_Y_CHIP,AVELLANEDA,EXCEL_PLATFORM_PRODUCT,NO_TRUCKFLOW_EVIDENCE,ROUTE_UNKNOWN,,2026-09-23T04:39:00,,2026-09-23T06:17:00,,,0,NO_TRUCKFLOW_EXACT_PLATE_MATCH,,
,,0,2026-09-22T20:57:00,2026-09-23T06:22:00,565,EXCEL_RESPALDO,EXCEL,EXCEL,CTG_10135223727,2026-09-23,OGN249,MAIZ,MAIZ,CELDA_171_-_CENTRO,CELDA 171 - CENTRO,AVELLANEDA,INGRESO,I,95611,000200434002,0000100022939,10135223727,VAV675128220926,31360,MAIZ,CELDA_171_-_CENTRO,,,CELDA_171_-_CENTRO,AVELLANEDA,EXCEL_PLATFORM_PRODUCT,NO_TRUCKFLOW_EVIDENCE,ROUTE_UNKNOWN,,2026-09-22T20:57:00,2026-09-23T04:53:00,2026-09-23T06:22:00,,,0,NO_TRUCKFLOW_EXACT_PLATE_MATCH,,
,,0,2026-09-23T06:09:00,2026-09-23T06:44:00,35,EXCEL_RESPALDO,EXCEL,EXCEL,COMPROB_000200434003,2026-09-23,RER636,LEÑA CORTA,LEÑA CORTA,PLAYA_LEÑA_Y_CHIP,PLAYA LEÑA Y CHIP,AVELLANEDA,INGRESO,I,999820,000200434003,0000100003937,0,,6720,LEÑA CORTA,PLAYA_LEÑA_Y_CHIP,,,PLAYA_LEÑA_Y_CHIP,AVELLANEDA,EXCEL_PLATFORM_PRODUCT,NO_TRUCKFLOW_EVIDENCE,ROUTE_UNKNOWN,,2026-09-23T06:09:00,,2026-09-23T06:44:00,,,0,NO_TRUCKFLOW_EXACT_PLATE_MATCH,,
,,0,2026-09-23T06:11:00,2026-09-23T06:48:00,37,EXCEL_RESPALDO,EXCEL,EXCEL,COMPROB_000200320709,2026-09-23,FZC965,BURLANDA HUMEDA,BURLANDA HUMEDA,DEPOSITO_BURLANDAS,DEPOSITO BURLANDAS,AVELLANEDA,EGRESO,E,95942,000200320709,,0,,28740,BURLANDA HUMEDA,DEPOSITO_BURLANDAS,,,DEPOSITO_BURLANDAS,AVELLANEDA,EXCEL_PLATFORM_PRODUCT,NO_TRUCKFLOW_EVIDENCE,ROUTE_UNKNOWN,,2026-09-23T06:11:00,,2026-09-23T06:48:00,,,0,NO_TRUCKFLOW_EXACT_PLATE_MATCH,,
,,0,2026-09-23T06:52:00,2026-09-23T06:52:00,,EXCEL_RESPALDO,EXCEL,EXCEL,COMPROB_000301069199,2026-09-23,TTTTTT,ACEITE GIRASOL CRUDO,ACEITE GIRASOL CRUDO,,,RICARDONE,EGRESO,E,95499,000301069199,,0,,2335000,ACEITE GIRASOL CRUDO,,LIQUIDO,R8,,RICARDONE,EXCEL_PLATFORM_PRODUCT,NO_TRUCKFLOW_EVIDENCE,ROUTE_UNKNOWN,TRASV 230926,2026-09-23T06:52:00,,2026-09-23T06:52:00,,,0,NO_TRUCKFLOW_EXACT_PLATE_MATCH,,
,,0,2026-09-22T03:46:00,2026-09-23T07:02:00,1636,EXCEL_RESPALDO,EXCEL,EXCEL,COMPROB_000200434004,2026-09-23,HST535,LEÑA CORTA,LEÑA CORTA,PLAYA_LEÑA_Y_CHIP,PLAYA LEÑA Y CHIP,AVELLANEDA,INGRESO,I,999820,000200434004,0000100003962,0,,21520,LEÑA CORTA,PLAYA_LEÑA_Y_CHIP,,,PLAYA_LEÑA_Y_CHIP,AVELLANEDA,EXCEL_PLATFORM_PRODUCT,NO_TRUCKFLOW_EVIDENCE,ROUTE_UNKNOWN,,2026-09-22T03:46:00,,2026-09-23T07:02:00,,,0,NO_TRUCKFLOW_EXACT_PLATE_MATCH,,
,,0,2026-09-23T06:15:00,2026-09-23T07:04:00,49,EXCEL_RESPALDO,EXCEL,EXCEL,COMPROB_000200320710,2026-09-23,FLT523,BURLANDA HUMEDA,BURLANDA HUMEDA,DEPOSITO_BURLANDAS,DEPOSITO BURLANDAS,AVELLANEDA,EGRESO,E,96010,000200320710,,0,,28460,BURLANDA HUMEDA,DEPOSITO_BURLANDAS,,,DEPOSITO_BURLANDAS,AVELLANEDA,EXCEL_PLATFORM_PRODUCT,NO_TRUCKFLOW_EVIDENCE,ROUTE_UNKNOWN,,2026-09-23T06:15:00,,2026-09-23T07:04:00,,,0,NO_TRUCKFLOW_EXACT_PLATE_MATCH,,
,,0,2026-09-22T23:33:00,2026-09-23T07:06:00,453,EXCEL_RESPALDO,EXCEL,EXCEL,CTG_10235230506,2026-09-23,VAS684,MAIZ,MAIZ,CELDA_171_-_CENTRO,CELDA 171 - CENTRO,AVELLANEDA,INGRESO,I,95611,000200434005,0000000076125,10235230506,VAV416462220926,32020,MAIZ,CELDA_171_-_CENTRO,,,CELDA_171_-_CENTRO,AVELLANEDA,EXCEL_PLATFORM_PRODUCT,NO_TRUCKFLOW_EVIDENCE,ROUTE_UNKNOWN,,2026-09-22T23:33:00,2026-09-23T05:09:00,2026-09-23T07:06:00,,,0,NO_TRUCKFLOW_EXACT_PLATE_MATCH,,
,,0,2026-09-22T12:18:00,2026-09-23T07:08:00,1130,EXCEL_RESPALDO,EXCEL,EXCEL,COMPROB_000200434006,2026-09-23,DZH986,LEÑA CORTA SELECC,LEÑA CORTA SELECC,PLAYA_LEÑA_Y_CHIP,PLAYA LEÑA Y CHIP,AVELLANEDA,INGRESO,I,999811,000200434006,0000100003961,0,,26440,LEÑA CORTA SELECC,PLAYA_LEÑA_Y_CHIP,,,PLAYA_LEÑA_Y_CHIP,AVELLANEDA,EXCEL_PLATFORM_PRODUCT,NO_TRUCKFLOW_EVIDENCE,ROUTE_UNKNOWN,,2026-09-22T12:18:00,,2026-09-23T07:08:00,,,0,NO_TRUCKFLOW_EXACT_PLATE_MATCH,,
,,0,2026-09-22T17:46:00,2026-09-23T07:14:00,808,EXCEL_RESPALDO,EXCEL,EXCEL,COMPROB_000200434007,2026-09-23,AH850XH,CHIP DE EUCALIPTUS,CHIP DE EUCALIPTUS,PLAYA_LEÑA_Y_CHIP,PLAYA LEÑA Y CHIP,AVELLANEDA,INGRESO,I,999821,000200434007,0000300000107,0,,34580,CHIP DE EUCALIPTUS,PLAYA_LEÑA_Y_CHIP,,,PLAYA_LEÑA_Y_CHIP,AVELLANEDA,EXCEL_PLATFORM_PRODUCT,NO_TRUCKFLOW_EVIDENCE,ROUTE_UNKNOWN,,2026-09-22T17:46:00,,2026-09-23T07:14:00,,,0,NO_TRUCKFLOW_EXACT_PLATE_MATCH,,
,,0,2026-09-22T22:56:00,2026-09-23T07:30:00,514,EXCEL_RESPALDO,EXCEL,EXCEL,CTG_10135244905,2026-09-23,EOR702,MAIZ,MAIZ,CELDA_171_-_CENTRO,CELDA 171 - CENTRO,AVELLANEDA,INGRESO,I,95611,000200434008,0000100023000,10135244905,VAV086361230926,29900,MAIZ,CELDA_171_-_CENTRO,,,CELDA_171_-_CENTRO,AVELLANEDA,EXCEL_PLATFORM_PRODUCT,NO_TRUCKFLOW_EVIDENCE,ROUTE_UNKNOWN,,2026-09-22T22:56:00,2026-09-23T05:20:00,2026-09-23T07:30:00,,,0,NO_TRUCKFLOW_EXACT_PLATE_MATCH,,
,,0,2026-09-23T07:03:00,2026-09-23T07:38:00,35,EXCEL_RESPALDO,EXCEL,EXCEL,COMPROB_009702024149,2026-09-23,AF829YZ,CARTON-PAPEL,CARTON-PAPEL,,,RENOPACK,EGRESO,E,50018,009702024149,,0,,1320,CARTON-PAPEL,,,,,RENOPACK,EXCEL_PLATFORM_PRODUCT,NO_TRUCKFLOW_EVIDENCE,ROUTE_UNKNOWN,"CARGA RENOPACK C/O VICENTIN.. ENTRO CON VOLQUETE 107, SALIO CON VOLQUETE 206RP",2026-09-23T07:03:00,,2026-09-23T07:38:00,,,0,EXACT_PLATE_MATCH_OUTSIDE_TIME_WINDOW,,
,,0,2026-09-23T07:23:00,2026-09-23T07:50:00,27,EXCEL_RESPALDO,EXCEL,EXCEL,COMPROB_009702023042,2026-09-23,AD914GG,PRODUCTOS VARIOS,PRODUCTOS VARIOS,,,RENOPACK,INGRESO,I,50012,009702023042,0024600011949,0,,8810,PRODUCTOS VARIOS,,,,,RENOPACK,EXCEL_PLATFORM_PRODUCT,NO_TRUCKFLOW_EVIDENCE,ROUTE_UNKNOWN,"W.A ALSAMAR 4X5 Y Rº950 W.A GENERICA 12X900 VEG, MOVIMIENTOS PROD VARIOS., W.A ALSAMAR 4X5 Y Rº950 W.A GENERICA 12X900 VEG, MOVIMIENTOS PROD VARIOS.",2026-09-23T07:23:00,,2026-09-23T07:50:00,,,0,NO_TRUCKFLOW_EXACT_PLATE_MATCH,,
,,0,2026-09-23T07:57:00,2026-09-23T08:11:00,14,EXCEL_RESPALDO,EXCEL,EXCEL,COMPROB_000301464569,2026-09-23,TOLVA,PRODUCTOS VARIOS,PRODUCTOS VARIOS,VARIOS,VARIOS,RICARDONE,INGRESO,I,11561,000301464569,0000000000000,0,,1320,PRODUCTOS VARIOS,VARIOS,,,VARIOS,RICARDONE,EXCEL_PLATFORM_PRODUCT,NO_TRUCKFLOW_EVIDENCE,ROUTE_UNKNOWN,"MUESTRAS CALADO, MUESTRAS CALADO",2026-09-23T07:57:00,,2026-09-23T08:11:00,,,0,NO_TRUCKFLOW_EXACT_PLATE_MATCH,,
,,0,2026-09-23T07:46:00,2026-09-23T08:29:00,43,EXCEL_RESPALDO,EXCEL,EXCEL,COMPROB_000200320711,2026-09-23,AE238JU,DDG BURLANDA SECA DE MAIZ SIN SOLUBLES,DDG BURLANDA SECA DE MAIZ SIN SOLUBLES,DEPOSITO_BURLANDAS,DEPOSITO BURLANDAS,AVELLANEDA,EGRESO,E,96053,000200320711,,0,,33000,DDG BURLANDA SECA DE MAIZ SIN SOLUBLES,DEPOSITO_BURLANDAS,,,DEPOSITO_BURLANDAS,AVELLANEDA,EXCEL_PLATFORM_PRODUCT,NO_TRUCKFLOW_EVIDENCE,ROUTE_UNKNOWN,,2026-09-23T07:46:00,,2026-09-23T08:29:00,,,0,NO_TRUCKFLOW_EXACT_PLATE_MATCH,,
,,0,2026-09-23T08:03:00,2026-09-23T08:31:00,28,EXCEL_RESPALDO,EXCEL,EXCEL,COMPROB_005500000149,2026-09-23,FZC965,BURLANDA HUMEDA,BURLANDA HUMEDA,,,LOS_CORRALES_DE_NICANOR,INGRESO,I,95942,005500000149,0000200320709,0,,28300,BURLANDA HUMEDA,,,,,LOS_CORRALES_DE_NICANOR,EXCEL_PLATFORM_PRODUCT,NO_TRUCKFLOW_EVIDENCE,ROUTE_UNKNOWN,,2026-09-23T08:03:00,,2026-09-23T08:31:00,,,0,NO_TRUCKFLOW_EXACT_PLATE_MATCH,,
,,0,2026-09-22T20:22:00,2026-09-23T08:50:00,748,EXCEL_RESPALDO,EXCEL,EXCEL,CTG_10235239529,2026-09-23,GHD821,GIRASOL,GIRASOL,VOLCABLE_1,VOLCABLE 1,RICARDONE,INGRESO,I,2000640,000301464572,1658100004480,10235239529,VIC635365220926,26800,GIRASOL,VOLCABLE_1,VOLCABLE,R5,VOLCABLE_1,RICARDONE,EXCEL_PLATFORM_PRODUCT,NO_TRUCKFLOW_EVIDENCE,ROUTE_UNKNOWN,"FAZON 2026, FAZON 2026",2026-09-22T20:22:00,2026-09-22T22:49:00,2026-09-23T08:50:00,,,0,EXACT_PLATE_MATCH_OUTSIDE_TIME_WINDOW,,
,,0,2026-09-23T06:09:00,2026-09-23T08:53:00,164,EXCEL_RESPALDO,EXCEL,EXCEL,COMPROB_009702024150,2026-09-23,GUF377,ACEITE GIRASOL ENVASADO,ACEITE GIRASOL ENVASADO,,,RENOPACK,EGRESO,E,50031,009702024150,,0,,28000,ACEITE GIRASOL ENVASADO,,LIQUIDO,,,RENOPACK,EXCEL_PLATFORM_PRODUCT,NO_TRUCKFLOW_EVIDENCE,ROUTE_UNKNOWN,DESPACHOS RENOPACK/BUNGE MERCADO INTERNO,2026-09-23T06:09:00,,2026-09-23T08:53:00,,,0,NO_TRUCKFLOW_EXACT_PLATE_MATCH,,
,,0,2026-09-23T08:57:00,2026-09-23T08:57:00,,EXCEL_RESPALDO,EXCEL,EXCEL,COMPROB_000200320712,2026-09-23,XXXX,THIN STILLAGE DE MAIZ,THIN STILLAGE DE MAIZ,,,AVELLANEDA,EGRESO,EA,91053,000200320712,,0,,424344,THIN STILLAGE DE MAIZ,,,,,AVELLANEDA,EXCEL_PLATFORM_PRODUCT,NO_TRUCKFLOW_EVIDENCE,ROUTE_UNKNOWN,TRANSFERENCIA CORRESPONDIENTE AL DIA 22/09/2024,2026-09-23T08:57:00,,2026-09-23T08:57:00,,,0,NO_TRUCKFLOW_EXACT_PLATE_MATCH,,
,,0,2026-09-22T18:31:00,2026-09-23T09:02:00,871,EXCEL_RESPALDO,EXCEL,EXCEL,COMPROB_000200434009,2026-09-23,OWS400,CHIP EN ORIGEN,CHIP EN ORIGEN,PLAYA_LEÑA_Y_CHIP,PLAYA LEÑA Y CHIP,AVELLANEDA,INGRESO,I,999822,000200434009,0000100000183,0,,29940,CHIP EN ORIGEN,PLAYA_LEÑA_Y_CHIP,,,PLAYA_LEÑA_Y_CHIP,AVELLANEDA,EXCEL_PLATFORM_PRODUCT,NO_TRUCKFLOW_EVIDENCE,ROUTE_UNKNOWN,,2026-09-22T18:31:00,,2026-09-23T09:02:00,,,0,NO_TRUCKFLOW_EXACT_PLATE_MATCH,,
,,0,2026-09-23T06:43:00,2026-09-23T09:18:00,155,EXCEL_RESPALDO,EXCEL,EXCEL,COMPROB_000200434010,2026-09-23,EZN934,LEÑA CORTA SELECC,LEÑA CORTA SELECC,PLAYA_LEÑA_Y_CHIP,PLAYA LEÑA Y CHIP,AVELLANEDA,INGRESO,I,999811,000200434010,0000100000806,0,,28940,LEÑA CORTA SELECC,PLAYA_LEÑA_Y_CHIP,,,PLAYA_LEÑA_Y_CHIP,AVELLANEDA,EXCEL_PLATFORM_PRODUCT,NO_TRUCKFLOW_EVIDENCE,ROUTE_UNKNOWN,,2026-09-23T06:43:00,,2026-09-23T09:18:00,,,0,NO_TRUCKFLOW_EXACT_PLATE_MATCH,,
,,0,2026-09-23T07:55:00,2026-09-23T09:25:00,90,EXCEL_RESPALDO,EXCEL,EXCEL,COMPROB_000200320713,2026-09-23,AH754XD,ALCOHOL ETILICO ANHIDRO P/ BIOCOMB ORIG CEREAL,ALCOHOL ETILICO ANHIDRO P/ BIOCOMB. ORIG. CEREAL,T1002,T1002,AVELLANEDA,EGRESO,E,95668,000200320713,,0,,28480,ALCOHOL ETILICO ANHIDRO P/ BIOCOMB ORIG CEREAL,T1002,,,T1002,AVELLANEDA,EXCEL_PLATFORM_PRODUCT,NO_TRUCKFLOW_EVIDENCE,ROUTE_UNKNOWN,"MERC. ENTREGADA POR C/O DE BIOENERG. AGROP. A YPF, CUPO:(SEPTIEMBRE 26), MERC. ENTREGADA POR C/O DE BIOENERG. AGROP. A YPF",2026-09-23T07:55:00,,2026-09-23T09:25:00,,,0,NO_TRUCKFLOW_EXACT_PLATE_MATCH,,
,,0,2026-09-23T08:30:00,2026-09-23T09:30:00,60,EXCEL_RESPALDO,EXCEL,EXCEL,COMPROB_000200320714,2026-09-23,AB946CX,DDG BURLANDA SECA DE MAIZ SIN SOLUBLES,DDG BURLANDA SECA DE MAIZ SIN SOLUBLES,DEPOSITO_BURLANDAS,DEPOSITO BURLANDAS,AVELLANEDA,EGRESO,E,96027,000200320714,,0,,31700,DDG BURLANDA SECA DE MAIZ SIN SOLUBLES,DEPOSITO_BURLANDAS,,,DEPOSITO_BURLANDAS,AVELLANEDA,EXCEL_PLATFORM_PRODUCT,NO_TRUCKFLOW_EVIDENCE,ROUTE_UNKNOWN,,2026-09-23T08:30:00,,2026-09-23T09:30:00,,,0,NO_TRUCKFLOW_EXACT_PLATE_MATCH,,
,,0,2026-09-23T02:50:00,2026-09-23T09:40:00,410,EXCEL_RESPALDO,EXCEL,EXCEL,CTG_10235236259,2026-09-23,AZL862,MAIZ,MAIZ,SILO_TROVATTO_04,SILO TROVATTO 04,AVELLANEDA,INGRESO,I,95611,000200434011,0010000568442,10235236259,,30360,MAIZ,SILO_TROVATTO_04,,,SILO_TROVATTO_04,AVELLANEDA,EXCEL_PLATFORM_PRODUCT,NO_TRUCKFLOW_EVIDENCE,ROUTE_UNKNOWN,,2026-09-23T02:50:00,2026-09-23T05:51:00,2026-09-23T09:40:00,,,0,NO_TRUCKFLOW_EXACT_PLATE_MATCH,,
,,0,2026-09-23T08:12:00,2026-09-23T09:41:00,89,EXCEL_RESPALDO,EXCEL,EXCEL,COMPROB_000404068190,2026-09-23,MIV916,PRODUCTOS VARIOS,PRODUCTOS VARIOS,,,TERMINAL_EMBARQUE,INGRESO,I,11200,000404068190,000100010329,0,,6860,PRODUCTOS VARIOS,,,,,TERMINAL_EMBARQUE,EXCEL_PLATFORM_PRODUCT,NO_TRUCKFLOW_EVIDENCE,ROUTE_UNKNOWN,,2026-09-23T08:12:00,,2026-09-23T09:41:00,,,0,NO_TRUCKFLOW_EXACT_PLATE_MATCH,,
,,0,2026-09-23T09:43:00,2026-09-23T09:43:00,,EXCEL_RESPALDO,EXCEL,EXCEL,COMPROB_000200434012,2026-09-23,AC266FA,DDG BURLANDA SECA DE MAIZ SIN SOLUBLES,DDG BURLANDA SECA DE MAIZ SIN SOLUBLES,,,AVELLANEDA,DESPACHO,DE,95948,000200434012,0999200320689,0,,-29380,DDG BURLANDA SECA DE MAIZ SIN SOLUBLES,,,,,AVELLANEDA,EXCEL_PLATFORM_PRODUCT,NO_TRUCKFLOW_EVIDENCE,ROUTE_UNKNOWN,DEVOLUCION DESPACHO 000200320689,2026-09-23T09:43:00,,2026-09-23T09:43:00,,,0,NO_TRUCKFLOW_EXACT_PLATE_MATCH,,
,,0,2026-09-23T09:17:00,2026-09-23T09:44:00,27,EXCEL_RESPALDO,EXCEL,EXCEL,COMPROB_000200320715,2026-09-23,FZC965,BURLANDA HUMEDA,BURLANDA HUMEDA,DEPOSITO_BURLANDAS,DEPOSITO BURLANDAS,AVELLANEDA,EGRESO,E,95942,000200320715,,0,,29300,BURLANDA HUMEDA,DEPOSITO_BURLANDAS,,,DEPOSITO_BURLANDAS,AVELLANEDA,EXCEL_PLATFORM_PRODUCT,NO_TRUCKFLOW_EVIDENCE,ROUTE_UNKNOWN,,2026-09-23T09:17:00,,2026-09-23T09:44:00,,,0,NO_TRUCKFLOW_EXACT_PLATE_MATCH,,
,,0,2026-09-23T09:45:00,2026-09-23T09:45:00,,EXCEL_RESPALDO,EXCEL,EXCEL,COMPROB_000200320716,2026-09-23,AC266FA,DDG BURLANDA SECA DE MAIZ SIN SOLUBLES,DDG BURLANDA SECA DE MAIZ SIN SOLUBLES,,,AVELLANEDA,EGRESO,EA,96030,000200320716,,0,,29380,DDG BURLANDA SECA DE MAIZ SIN SOLUBLES,,,,,AVELLANEDA,EXCEL_PLATFORM_PRODUCT,NO_TRUCKFLOW_EVIDENCE,ROUTE_UNKNOWN,REEMPLAZA DESPACHO N° 000200320689,2026-09-23T09:45:00,,2026-09-23T09:45:00,,,0,NO_TRUCKFLOW_EXACT_PLATE_MATCH,,
,,0,2026-09-23T03:17:00,2026-09-23T09:55:00,398,EXCEL_RESPALDO,EXCEL,EXCEL,CTG_10235231087,2026-09-23,TKW373,MAIZ,MAIZ,SILO_TROVATTO_04,SILO TROVATTO 04,AVELLANEDA,INGRESO,I,95611,000200434013,0000000076128,10235231087,VAV481616220926,31220,MAIZ,SILO_TROVATTO_04,,,SILO_TROVATTO_04,AVELLANEDA,EXCEL_PLATFORM_PRODUCT,NO_TRUCKFLOW_EVIDENCE,ROUTE_UNKNOWN,,2026-09-23T03:17:00,2026-09-23T06:03:00,2026-09-23T09:55:00,,,0,NO_TRUCKFLOW_EXACT_PLATE_MATCH,,
,,0,2026-09-23T08:39:00,2026-09-23T10:12:00,93,EXCEL_RESPALDO,EXCEL,EXCEL,COMPROB_000200320717,2026-09-23,AB000GV,DDG BURLANDA SECA DE MAIZ SIN SOLUBLES,DDG BURLANDA SECA DE MAIZ SIN SOLUBLES,DEPOSITO_BURLANDAS,DEPOSITO BURLANDAS,AVELLANEDA,EGRESO,E,96029,000200320717,,0,,31580,DDG BURLANDA SECA DE MAIZ SIN SOLUBLES,DEPOSITO_BURLANDAS,,,DEPOSITO_BURLANDAS,AVELLANEDA,EXCEL_PLATFORM_PRODUCT,NO_TRUCKFLOW_EVIDENCE,ROUTE_UNKNOWN,,2026-09-23T08:39:00,,2026-09-23T10:12:00,,,0,NO_TRUCKFLOW_EXACT_PLATE_MATCH,,
,,0,2026-09-23T03:28:00,2026-09-23T10:16:00,408,EXCEL_RESPALDO,EXCEL,EXCEL,CTG_10135238532,2026-09-23,HIF062,MAIZ,MAIZ,SILO_TROVATTO_04,SILO TROVATTO 04,AVELLANEDA,INGRESO,I,95611,000200434014,0000000005642,10135238532,,31460,MAIZ,SILO_TROVATTO_04,,,SILO_TROVATTO_04,AVELLANEDA,EXCEL_PLATFORM_PRODUCT,NO_TRUCKFLOW_EVIDENCE,ROUTE_UNKNOWN,,2026-09-23T03:28:00,2026-09-23T08:59:00,2026-09-23T10:16:00,,,0,NO_TRUCKFLOW_EXACT_PLATE_MATCH,,
,,0,2026-09-23T09:11:00,2026-09-23T10:18:00,67,EXCEL_RESPALDO,EXCEL,EXCEL,COMPROB_000200434015,2026-09-23,RER788,LEÑA CORTA SELECC,LEÑA CORTA SELECC,PLAYA_LEÑA_Y_CHIP,PLAYA LEÑA Y CHIP,AVELLANEDA,INGRESO,I,999811,000200434015,0000300000224,0,,29220,LEÑA CORTA SELECC,PLAYA_LEÑA_Y_CHIP,,,PLAYA_LEÑA_Y_CHIP,AVELLANEDA,EXCEL_PLATFORM_PRODUCT,NO_TRUCKFLOW_EVIDENCE,ROUTE_UNKNOWN,,2026-09-23T09:11:00,,2026-09-23T10:18:00,,,0,NO_TRUCKFLOW_EXACT_PLATE_MATCH,,
,,0,2026-09-23T08:52:00,2026-09-23T10:27:00,95,EXCEL_RESPALDO,EXCEL,EXCEL,COMPROB_000400422550,2026-09-23,GJH043,AC GIRASOL OLEICO REFINADO,AC. GIRASOL OLEICO REFINADO,ACEITE_OSL,ACEITE OSL,TERMINAL_EMBARQUE,EGRESO,E,11625,000400422550,,0,,28020,AC GIRASOL OLEICO REFINADO,ACEITE_OSL,LIQUIDO,SL1,ACEITE_OSL,TERMINAL_EMBARQUE,EXCEL_PLATFORM_PRODUCT,NO_TRUCKFLOW_EVIDENCE,ROUTE_UNKNOWN,FAZON RENOVA/BUNGE,2026-09-23T08:52:00,,2026-09-23T10:27:00,,,0,UNKNOWN_NO_EVIDENCE,,
,,0,2026-09-23T09:13:00,2026-09-23T10:36:00,83,EXCEL_RESPALDO,EXCEL,EXCEL,COMPROB_000200434016,2026-09-23,WEM025,LEÑA CORTA SELECC,LEÑA CORTA SELECC,PLAYA_LEÑA_Y_CHIP,PLAYA LEÑA Y CHIP,AVELLANEDA,INGRESO,I,999811,000200434016,0000100001018,0,,30480,LEÑA CORTA SELECC,PLAYA_LEÑA_Y_CHIP,,,PLAYA_LEÑA_Y_CHIP,AVELLANEDA,EXCEL_PLATFORM_PRODUCT,NO_TRUCKFLOW_EVIDENCE,ROUTE_UNKNOWN,,2026-09-23T09:13:00,,2026-09-23T10:36:00,,,0,NO_TRUCKFLOW_EXACT_PLATE_MATCH,,
,,0,2026-09-23T09:46:00,2026-09-23T10:41:00,55,EXCEL_RESPALDO,EXCEL,EXCEL,COMPROB_000200320718,2026-09-23,AD608AW,ALCOHOL ETILICO ANHIDRO P/ BIOCOMB ORIG CEREAL,ALCOHOL ETILICO ANHIDRO P/ BIOCOMB. ORIG. CEREAL,T1002,T1002,AVELLANEDA,EGRESO,E,95668,000200320718,,0,,35440,ALCOHOL ETILICO ANHIDRO P/ BIOCOMB ORIG CEREAL,T1002,,,T1002,AVELLANEDA,EXCEL_PLATFORM_PRODUCT,NO_TRUCKFLOW_EVIDENCE,ROUTE_UNKNOWN,"MERC. ENTREGADA POR C/O DE BIOENERG. AGROP. A P.A.E, CUPO:(SEPTIEMBRE 26), MERC. ENTREGADA POR C/O DE BIOENERG. AGROP. A P.A.E",2026-09-23T09:46:00,,2026-09-23T10:41:00,,,0,NO_TRUCKFLOW_EXACT_PLATE_MATCH,,
,,0,2026-09-23T03:31:00,2026-09-23T10:49:00,438,EXCEL_RESPALDO,EXCEL,EXCEL,CTG_10235235941,2026-09-23,AH471MS,MAIZ,MAIZ,SILO_TROVATTO_04,SILO TROVATTO 04,AVELLANEDA,INGRESO,I,95611,000200434017,0010000568432,10235235941,,37760,MAIZ,SILO_TROVATTO_04,,,SILO_TROVATTO_04,AVELLANEDA,EXCEL_PLATFORM_PRODUCT,NO_TRUCKFLOW_EVIDENCE,ROUTE_UNKNOWN,,2026-09-23T03:31:00,2026-09-23T05:37:00,2026-09-23T10:49:00,,,0,NO_TRUCKFLOW_EXACT_PLATE_MATCH,,
,,0,2026-09-22T20:30:00,2026-09-23T10:50:00,860,EXCEL_RESPALDO,EXCEL,EXCEL,CTG_10235239963,2026-09-23,FHN229,GIRASOL,GIRASOL,VOLCABLE_2,VOLCABLE 2,RICARDONE,INGRESO,I,2000640,000301464579,1658100004482,10235239963,VIC663675220926,29660,GIRASOL,VOLCABLE_2,VOLCABLE,R6,VOLCABLE_2,RICARDONE,EXCEL_PLATFORM_PRODUCT,NO_TRUCKFLOW_EVIDENCE,ROUTE_UNKNOWN,"FAZON 2026, FAZON 2026",2026-09-22T20:30:00,2026-09-22T23:02:00,2026-09-23T10:50:00,,,0,UNKNOWN_NO_EVIDENCE,,
,,0,2026-09-23T10:36:00,2026-09-23T11:08:00,32,EXCEL_RESPALDO,EXCEL,EXCEL,COMPROB_005500000150,2026-09-23,FZC965,BURLANDA HUMEDA,BURLANDA HUMEDA,,,LOS_CORRALES_DE_NICANOR,INGRESO,I,95942,005500000150,0000200320715,0,,29600,BURLANDA HUMEDA,,,,,LOS_CORRALES_DE_NICANOR,EXCEL_PLATFORM_PRODUCT,NO_TRUCKFLOW_EVIDENCE,ROUTE_UNKNOWN,,2026-09-23T10:36:00,,2026-09-23T11:08:00,,,0,NO_TRUCKFLOW_EXACT_PLATE_MATCH,,
,,0,2026-09-23T08:43:00,2026-09-23T11:21:00,158,EXCEL_RESPALDO,EXCEL,EXCEL,COMPROB_000400422558,2026-09-23,IFK980,AC GIRASOL OLEICO REFINADO,AC. GIRASOL OLEICO REFINADO,ACEITE_OSL,ACEITE OSL,TERMINAL_EMBARQUE,EGRESO,E,11625,000400422558,,0,,28100,AC GIRASOL OLEICO REFINADO,ACEITE_OSL,LIQUIDO,SL1,ACEITE_OSL,TERMINAL_EMBARQUE,EXCEL_PLATFORM_PRODUCT,NO_TRUCKFLOW_EVIDENCE,ROUTE_UNKNOWN,FAZON RENOVA/BUNGE,2026-09-23T08:43:00,,2026-09-23T11:21:00,,,0,UNKNOWN_NO_EVIDENCE,,
,,0,2026-09-23T03:36:00,2026-09-23T11:22:00,466,EXCEL_RESPALDO,EXCEL,EXCEL,CTG_10135238073,2026-09-23,GRF043,MAIZ,MAIZ,SILO_TROVATTO_04,SILO TROVATTO 04,AVELLANEDA,INGRESO,I,95611,000200434018,0000100001372,10135238073,,31120,MAIZ,SILO_TROVATTO_04,,,SILO_TROVATTO_04,AVELLANEDA,EXCEL_PLATFORM_PRODUCT,NO_TRUCKFLOW_EVIDENCE,ROUTE_UNKNOWN,,2026-09-23T03:36:00,2026-09-23T07:54:00,2026-09-23T11:22:00,,,0,NO_TRUCKFLOW_EXACT_PLATE_MATCH,,
,,0,2026-09-22T23:00:00,2026-09-23T11:39:00,759,EXCEL_RESPALDO,EXCEL,EXCEL,COMPROB_000200434019,2026-09-23,CXW284,LEÑA CORTA SELECC,LEÑA CORTA SELECC,PLAYA_LEÑA_Y_CHIP,PLAYA LEÑA Y CHIP,AVELLANEDA,INGRESO,I,999811,000200434019,0000100003928,0,,31300,LEÑA CORTA SELECC,PLAYA_LEÑA_Y_CHIP,,,PLAYA_LEÑA_Y_CHIP,AVELLANEDA,EXCEL_PLATFORM_PRODUCT,NO_TRUCKFLOW_EVIDENCE,ROUTE_UNKNOWN,,2026-09-22T23:00:00,,2026-09-23T11:39:00,,,0,NO_TRUCKFLOW_EXACT_PLATE_MATCH,,
,,0,2026-09-23T09:26:00,2026-09-23T11:39:00,133,EXCEL_RESPALDO,EXCEL,EXCEL,COMPROB_009702023043,2026-09-23,AEM183,ACEITE SOJA REFINADO,ACEITE SOJA REFINADO,,,RENOPACK,INGRESO,I,50026,009702023043,0700100013458,0,,29560,ACEITE SOJA REFINADO,,LIQUIDO,,,RENOPACK,EXCEL_PLATFORM_PRODUCT,NO_TRUCKFLOW_EVIDENCE,ROUTE_UNKNOWN,"RECIBOS ACEITE REFINADO SOJA BUNGE , RECIBOS ACEITE REFINADO SOJA BUNGE",2026-09-23T09:26:00,,2026-09-23T11:39:00,,,0,NO_TRUCKFLOW_EXACT_PLATE_MATCH,,
,,0,2026-09-23T11:14:00,2026-09-23T11:59:00,45,EXCEL_RESPALDO,EXCEL,EXCEL,COMPROB_009702024152,2026-09-23,AIU493,ACEITE GIRASOL ENVASADO,ACEITE GIRASOL ENVASADO,,,RENOPACK,EGRESO,E,50035,009702024152,,0,,8240,ACEITE GIRASOL ENVASADO,,LIQUIDO,,,RENOPACK,EXCEL_PLATFORM_PRODUCT,NO_TRUCKFLOW_EVIDENCE,ROUTE_UNKNOWN,DESPACHOS RENOPACK MERCADO INTERNO,2026-09-23T11:14:00,,2026-09-23T11:59:00,,,0,EXACT_PLATE_MATCH_OUTSIDE_TIME_WINDOW,,
,,0,2026-09-23T03:49:00,2026-09-23T12:15:00,506,EXCEL_RESPALDO,EXCEL,EXCEL,CTG_10135237970,2026-09-23,AA106WH,MAIZ,MAIZ,SILO_TROVATTO_04,SILO TROVATTO 04,AVELLANEDA,INGRESO,I,95611,000200434020,0000100001371,10135237970,,30720,MAIZ,SILO_TROVATTO_04,,,SILO_TROVATTO_04,AVELLANEDA,EXCEL_PLATFORM_PRODUCT,NO_TRUCKFLOW_EVIDENCE,ROUTE_UNKNOWN,,2026-09-23T03:49:00,2026-09-23T08:01:00,2026-09-23T12:15:00,,,0,NO_TRUCKFLOW_EXACT_PLATE_MATCH,,
,,0,2026-09-23T04:57:00,2026-09-23T12:05:00,428,EXCEL_RESPALDO,EXCEL,EXCEL,CTG_10235263379,2026-09-23,VHM662,SOJA,SOJA,SILO_CHIEF_2,SILO CHIEF 2,RICARDONE,EGRESO,E,95828,000301069061,0000300057216,10235263379,,30960,SOJA,SILO_CHIEF_2,,R29,SILO_CHIEF_2,RICARDONE,EXCEL_PLATFORM_PRODUCT,NO_TRUCKFLOW_EVIDENCE,ROUTE_UNKNOWN,DEPOSI EN RICARDONE,2026-09-23T04:57:00,,2026-09-23T12:05:00,,,0,NO_TRUCKFLOW_EXACT_PLATE_MATCH,,
,,0,2026-09-23T11:10:00,2026-09-23T12:34:00,84,EXCEL_RESPALDO,EXCEL,EXCEL,COMPROB_009702024153,2026-09-23,LSM177,ACEITE GIRASOL ENVASADO,ACEITE GIRASOL ENVASADO,,,RENOPACK,EGRESO,E,50031,009702024153,,0,,23140,ACEITE GIRASOL ENVASADO,,LIQUIDO,,,RENOPACK,EXCEL_PLATFORM_PRODUCT,NO_TRUCKFLOW_EVIDENCE,ROUTE_UNKNOWN,DESPACHOS RENOPACK/BUNGE MERCADO INTERNO,2026-09-23T11:10:00,,2026-09-23T12:34:00,,,0,NO_TRUCKFLOW_EXACT_PLATE_MATCH,,
,,0,2026-09-23T11:42:00,2026-09-23T12:41:00,59,EXCEL_RESPALDO,EXCEL,EXCEL,COMPROB_005500000151,2026-09-23,USP035,HENO DE ALFALFA,HENO DE ALFALFA,,,LOS_CORRALES_DE_NICANOR,INGRESO,I,999772,005500000151,0000400000078,0,,17720,HENO DE ALFALFA,,,,,LOS_CORRALES_DE_NICANOR,EXCEL_PLATFORM_PRODUCT,NO_TRUCKFLOW_EVIDENCE,ROUTE_UNKNOWN,"32 ROLLOS  ALFALFA, 32 ROLLOS  ALFALFA",2026-09-23T11:42:00,,2026-09-23T12:41:00,,,0,NO_TRUCKFLOW_EXACT_PLATE_MATCH,,
,,0,2026-09-23T10:33:00,2026-09-23T13:09:00,156,EXCEL_RESPALDO,EXCEL,EXCEL,COMPROB_009702023044,2026-09-23,AF595DW,ACEITE SOJA REFINADO,ACEITE SOJA REFINADO,,,RENOPACK,INGRESO,I,50026,009702023044,0700100013462,0,,31180,ACEITE SOJA REFINADO,,LIQUIDO,,,RENOPACK,EXCEL_PLATFORM_PRODUCT,NO_TRUCKFLOW_EVIDENCE,ROUTE_UNKNOWN,"RECIBOS ACEITE REFINADO SOJA BUNGE , RECIBOS ACEITE REFINADO SOJA BUNGE",2026-09-23T10:33:00,,2026-09-23T13:09:00,,,0,NO_TRUCKFLOW_EXACT_PLATE_MATCH,,
,,0,2026-09-22T18:17:00,2026-09-23T13:15:00,1138,EXCEL_RESPALDO,EXCEL,EXCEL,CTG_30035244397,2026-09-23,UUU110,ACEITE GIRASOL PARA REFINAR,ACEITE GIRASOL PARA REFINAR,ACEITE_PTO,ACEITE PTO,TERMINAL_EMBARQUE,INGRESO,I,11525,000404068228,0130000043359,30035244397,,27960,ACEITE GIRASOL PARA REFINAR,ACEITE_PTO,LIQUIDO,SL2,ACEITE_PTO,TERMINAL_EMBARQUE,EXCEL_PLATFORM_PRODUCT,NO_TRUCKFLOW_EVIDENCE,ROUTE_UNKNOWN,"FAZON RENOVA/BUNGE, FAZON RENOVA/BUNGE",2026-09-22T18:17:00,2026-09-22T20:00:00,2026-09-23T13:15:00,,,0,UNKNOWN_NO_EVIDENCE,,
,,0,2026-09-23T10:41:00,2026-09-23T13:16:00,155,EXCEL_RESPALDO,EXCEL,EXCEL,COMPROB_009702023045,2026-09-23,GGX385,ACEITE SOJA REFINADO,ACEITE SOJA REFINADO,,,RENOPACK,INGRESO,I,50026,009702023045,0700100013463,0,,29260,ACEITE SOJA REFINADO,,LIQUIDO,,,RENOPACK,EXCEL_PLATFORM_PRODUCT,NO_TRUCKFLOW_EVIDENCE,ROUTE_UNKNOWN,"RECIBOS ACEITE REFINADO SOJA BUNGE , RECIBOS ACEITE REFINADO SOJA BUNGE",2026-09-23T10:41:00,,2026-09-23T13:16:00,,,0,NO_TRUCKFLOW_EXACT_PLATE_MATCH,,
,,0,2026-09-23T11:05:00,2026-09-23T13:18:00,133,EXCEL_RESPALDO,EXCEL,EXCEL,COMPROB_000200320719,2026-09-23,AH931MA,ALCOHOL ETILICO ANHIDRO P/ BIOCOMB ORIG CEREAL,ALCOHOL ETILICO ANHIDRO P/ BIOCOMB. ORIG. CEREAL,T1002,T1002,AVELLANEDA,EGRESO,E,95668,000200320719,,0,,36120,ALCOHOL ETILICO ANHIDRO P/ BIOCOMB ORIG CEREAL,T1002,,,T1002,AVELLANEDA,EXCEL_PLATFORM_PRODUCT,NO_TRUCKFLOW_EVIDENCE,ROUTE_UNKNOWN,"MERC. ENTREGADA POR C/O DE BIOENERG. AGROP. A P.A.E, CUPO:(SEPTIEMBRE 26), MERC. ENTREGADA POR C/O DE BIOENERG. AGROP. A P.A.E",2026-09-23T11:05:00,,2026-09-23T13:18:00,,,0,NO_TRUCKFLOW_EXACT_PLATE_MATCH,,
,,0,2026-09-22T20:11:00,2026-09-23T13:21:00,1030,EXCEL_RESPALDO,EXCEL,EXCEL,COMPROB_000200434021,2026-09-23,DYT493,CHIP EN ORIGEN,CHIP EN ORIGEN,PLAYA_LEÑA_Y_CHIP,PLAYA LEÑA Y CHIP,AVELLANEDA,INGRESO,I,999822,000200434021,0000400043909,0,,30120,CHIP EN ORIGEN,PLAYA_LEÑA_Y_CHIP,,,PLAYA_LEÑA_Y_CHIP,AVELLANEDA,EXCEL_PLATFORM_PRODUCT,NO_TRUCKFLOW_EVIDENCE,ROUTE_UNKNOWN,,2026-09-22T20:11:00,,2026-09-23T13:21:00,,,0,NO_TRUCKFLOW_EXACT_PLATE_MATCH,,
,,0,2026-09-23T11:36:00,2026-09-23T13:27:00,111,EXCEL_RESPALDO,EXCEL,EXCEL,COMPROB_000200320720,2026-09-23,AB399ON,ALCOHOL ETILICO ANHIDRO P/ BIOCOMB ORIG CEREAL,ALCOHOL ETILICO ANHIDRO P/ BIOCOMB. ORIG. CEREAL,T1002,T1002,AVELLANEDA,EGRESO,E,95668,000200320720,,0,,33860,ALCOHOL ETILICO ANHIDRO P/ BIOCOMB ORIG CEREAL,T1002,,,T1002,AVELLANEDA,EXCEL_PLATFORM_PRODUCT,NO_TRUCKFLOW_EVIDENCE,ROUTE_UNKNOWN,"MERC. ENTREGADA POR C/O DE BIOENERG. AGROP. A YPF, CUPO:(SEPTIEMBRE 26), MERC. ENTREGADA POR C/O DE BIOENERG. AGROP. A YPF",2026-09-23T11:36:00,,2026-09-23T13:27:00,,,0,NO_TRUCKFLOW_EXACT_PLATE_MATCH,,
,,0,2026-09-22T20:23:00,2026-09-23T13:30:00,1027,EXCEL_RESPALDO,EXCEL,EXCEL,CTG_10135239531,2026-09-23,AE899SB,MAIZ,MAIZ,CELDA_171_-_CENTRO,CELDA 171 - CENTRO,AVELLANEDA,INGRESO,I,95611,000200434022,0000100013762,10135239531,VAV752688230926,34260,MAIZ,CELDA_171_-_CENTRO,,,CELDA_171_-_CENTRO,AVELLANEDA,EXCEL_PLATFORM_PRODUCT,NO_TRUCKFLOW_EVIDENCE,ROUTE_UNKNOWN,,2026-09-22T20:23:00,2026-09-23T08:18:00,2026-09-23T13:30:00,,,0,NO_TRUCKFLOW_EXACT_PLATE_MATCH,,
,,0,2026-09-23T04:56:00,2026-09-23T13:38:00,522,EXCEL_RESPALDO,EXCEL,EXCEL,CTG_10135249726,2026-09-23,EKA877,MAIZ,MAIZ,SILO_TROVATTO_04,SILO TROVATTO 04,AVELLANEDA,INGRESO,I,95611,000200434023,0000000005647,10135249726,VAV999756220926,36920,MAIZ,SILO_TROVATTO_04,,,SILO_TROVATTO_04,AVELLANEDA,EXCEL_PLATFORM_PRODUCT,NO_TRUCKFLOW_EVIDENCE,ROUTE_UNKNOWN,,2026-09-23T04:56:00,2026-09-23T08:08:00,2026-09-23T13:38:00,,,0,NO_TRUCKFLOW_EXACT_PLATE_MATCH,,
,,0,2026-09-22T20:29:00,2026-09-23T13:41:00,1032,EXCEL_RESPALDO,EXCEL,EXCEL,CTG_10135239453,2026-09-23,OCK874,MAIZ,MAIZ,CELDA_171_-_CENTRO,CELDA 171 - CENTRO,AVELLANEDA,INGRESO,I,95611,000200434024,0000100013761,10135239453,VAV486871230926,30180,MAIZ,CELDA_171_-_CENTRO,,,CELDA_171_-_CENTRO,AVELLANEDA,EXCEL_PLATFORM_PRODUCT,NO_TRUCKFLOW_EVIDENCE,ROUTE_UNKNOWN,,2026-09-22T20:29:00,2026-09-23T08:20:00,2026-09-23T13:41:00,,,0,NO_TRUCKFLOW_EXACT_PLATE_MATCH,,
,,0,2026-09-23T08:17:00,2026-09-23T13:44:00,327,EXCEL_RESPALDO,EXCEL,EXCEL,CTG_10135243444,2026-09-23,DYQ798,MAIZ,MAIZ,SILO_TROVATTO_04,SILO TROVATTO 04,AVELLANEDA,INGRESO,I,95611,000200434025,0000000005644,10135243444,VAV827238220926,31380,MAIZ,SILO_TROVATTO_04,,,SILO_TROVATTO_04,AVELLANEDA,EXCEL_PLATFORM_PRODUCT,NO_TRUCKFLOW_EVIDENCE,ROUTE_UNKNOWN,,2026-09-23T08:17:00,2026-09-23T09:08:00,2026-09-23T13:44:00,,,0,NO_TRUCKFLOW_EXACT_PLATE_MATCH,,
,,0,2026-09-23T08:35:00,2026-09-23T13:48:00,313,EXCEL_RESPALDO,EXCEL,EXCEL,CTG_10135238365,2026-09-23,ENA818,MAIZ,MAIZ,SILO_TROVATTO_04,SILO TROVATTO 04,AVELLANEDA,INGRESO,I,95611,000200434026,0000000005641,10135238365,VAV541781220926,31960,MAIZ,SILO_TROVATTO_04,,,SILO_TROVATTO_04,AVELLANEDA,EXCEL_PLATFORM_PRODUCT,NO_TRUCKFLOW_EVIDENCE,ROUTE_UNKNOWN,,2026-09-23T08:35:00,2026-09-23T08:49:00,2026-09-23T13:48:00,,,0,NO_TRUCKFLOW_EXACT_PLATE_MATCH,,
,,0,2026-09-23T08:40:00,2026-09-23T13:53:00,313,EXCEL_RESPALDO,EXCEL,EXCEL,CTG_10235230897,2026-09-23,GKE007,MAIZ,MAIZ,SILO_TROVATTO_04,SILO TROVATTO 04,AVELLANEDA,INGRESO,I,95611,000200434027,0000000076127,10235230897,VAV476800220926,29680,MAIZ,SILO_TROVATTO_04,,,SILO_TROVATTO_04,AVELLANEDA,EXCEL_PLATFORM_PRODUCT,NO_TRUCKFLOW_EVIDENCE,ROUTE_UNKNOWN,,2026-09-23T08:40:00,2026-09-23T09:25:00,2026-09-23T13:53:00,,,0,NO_TRUCKFLOW_EXACT_PLATE_MATCH,,
,,0,2026-09-23T13:09:00,2026-09-23T13:56:00,47,EXCEL_RESPALDO,EXCEL,EXCEL,COMPROB_000200320721,2026-09-23,FZC965,BURLANDA HUMEDA,BURLANDA HUMEDA,DEPOSITO_BURLANDAS,DEPOSITO BURLANDAS,AVELLANEDA,EGRESO,E,95942,000200320721,,0,,29580,BURLANDA HUMEDA,DEPOSITO_BURLANDAS,,,DEPOSITO_BURLANDAS,AVELLANEDA,EXCEL_PLATFORM_PRODUCT,NO_TRUCKFLOW_EVIDENCE,ROUTE_UNKNOWN,,2026-09-23T13:09:00,,2026-09-23T13:56:00,,,0,NO_TRUCKFLOW_EXACT_PLATE_MATCH,,
,,0,2026-09-23T12:03:00,2026-09-23T13:59:00,116,EXCEL_RESPALDO,EXCEL,EXCEL,COMPROB_000200320722,2026-09-23,FLT523,BURLANDA HUMEDA,BURLANDA HUMEDA,DEPOSITO_BURLANDAS,DEPOSITO BURLANDAS,AVELLANEDA,EGRESO,E,96010,000200320722,,0,,28820,BURLANDA HUMEDA,DEPOSITO_BURLANDAS,,,DEPOSITO_BURLANDAS,AVELLANEDA,EXCEL_PLATFORM_PRODUCT,NO_TRUCKFLOW_EVIDENCE,ROUTE_UNKNOWN,,2026-09-23T12:03:00,,2026-09-23T13:59:00,,,0,NO_TRUCKFLOW_EXACT_PLATE_MATCH,,
,,0,2026-09-22T20:53:00,2026-09-23T14:03:00,1030,EXCEL_RESPALDO,EXCEL,EXCEL,CTG_10135239588,2026-09-23,EVU092,MAIZ,MAIZ,CELDA_171_-_CENTRO,CELDA 171 - CENTRO,AVELLANEDA,INGRESO,I,95611,000200434028,0000100013763,10135239588,VAV917612230926,29800,MAIZ,CELDA_171_-_CENTRO,,,CELDA_171_-_CENTRO,AVELLANEDA,EXCEL_PLATFORM_PRODUCT,NO_TRUCKFLOW_EVIDENCE,ROUTE_UNKNOWN,,2026-09-22T20:53:00,2026-09-23T08:21:00,2026-09-23T14:03:00,,,0,NO_TRUCKFLOW_EXACT_PLATE_MATCH,,
,,0,2026-09-23T06:07:00,2026-09-23T14:11:00,484,EXCEL_RESPALDO,EXCEL,EXCEL,COMPROB_009702024156,2026-09-23,SGXD17,ACEITE SOJA ENVASADO,ACEITE SOJA ENVASADO,,,RENOPACK,EGRESO,E,50027,009702024156,,0,,27030,ACEITE SOJA ENVASADO,,LIQUIDO,,,RENOPACK,EXCEL_PLATFORM_PRODUCT,NO_TRUCKFLOW_EVIDENCE,ROUTE_UNKNOWN,DESPACHOS RENOPACK/BUNGE EXPORTACION,2026-09-23T06:07:00,,2026-09-23T14:11:00,,,0,NO_TRUCKFLOW_EXACT_PLATE_MATCH,,
,,0,2026-09-23T02:39:00,2026-09-23T14:19:00,700,EXCEL_RESPALDO,EXCEL,EXCEL,CTG_10135224376,2026-09-23,FIM464,MAIZ,MAIZ,CELDA_171_-_CENTRO,CELDA 171 - CENTRO,AVELLANEDA,INGRESO,I,95611,000200434029,0000100014629,10135224376,,31120,MAIZ,CELDA_171_-_CENTRO,,,CELDA_171_-_CENTRO,AVELLANEDA,EXCEL_PLATFORM_PRODUCT,NO_TRUCKFLOW_EVIDENCE,ROUTE_UNKNOWN,,2026-09-23T02:39:00,2026-09-23T09:10:00,2026-09-23T14:19:00,,,0,NO_TRUCKFLOW_EXACT_PLATE_MATCH,,
,,0,2026-09-23T13:39:00,2026-09-23T14:22:00,43,EXCEL_RESPALDO,EXCEL,EXCEL,COMPROB_000200320723,2026-09-23,AH028RY,ALCOHOL ETILICO ANHIDRO P/ BIOCOMB ORIG CEREAL,ALCOHOL ETILICO ANHIDRO P/ BIOCOMB. ORIG. CEREAL,T1002,T1002,AVELLANEDA,EGRESO,E,95668,000200320723,,0,,35200,ALCOHOL ETILICO ANHIDRO P/ BIOCOMB ORIG CEREAL,T1002,,,T1002,AVELLANEDA,EXCEL_PLATFORM_PRODUCT,NO_TRUCKFLOW_EVIDENCE,ROUTE_UNKNOWN,"MERC. ENTREGADA POR C/O DE BIOENERG. AGROP. A P.A.E, CUPO:(SEPTIEMBRE 26), MERC. ENTREGADA POR C/O DE BIOENERG. AGROP. A P.A.E",2026-09-23T13:39:00,,2026-09-23T14:22:00,,,0,NO_TRUCKFLOW_EXACT_PLATE_MATCH,,
,,0,2026-09-23T08:45:00,2026-09-23T14:27:00,342,EXCEL_RESPALDO,EXCEL,EXCEL,CTG_10135225545,2026-09-23,TMS605,MAIZ,MAIZ,SILO_TROVATTO_04,SILO TROVATTO 04,AVELLANEDA,INGRESO,I,95611,000200434030,0000100014641,10135225545,VAV836200220926,30680,MAIZ,SILO_TROVATTO_04,,,SILO_TROVATTO_04,AVELLANEDA,EXCEL_PLATFORM_PRODUCT,NO_TRUCKFLOW_EVIDENCE,ROUTE_UNKNOWN,,2026-09-23T08:45:00,2026-09-23T09:48:00,2026-09-23T14:27:00,,,0,NO_TRUCKFLOW_EXACT_PLATE_MATCH,,
,,0,2026-09-23T12:09:00,2026-09-23T14:31:00,142,EXCEL_RESPALDO,EXCEL,EXCEL,CTG_10235252707,2026-09-23,LEQ188,MAIZ,MAIZ,PLATAFORMA1,PLATAFORMA1,LOS_CORRALES_DE_NICANOR,INGRESO,I,855909,005500000152,0000000003053,10235252707,,29940,MAIZ,PLATAFORMA1,,,PLATAFORMA1,LOS_CORRALES_DE_NICANOR,EXCEL_PLATFORM_PRODUCT,NO_TRUCKFLOW_EVIDENCE,ROUTE_UNKNOWN,"CONTRATO GLOBAL, CONTRATO GLOBAL",2026-09-23T12:09:00,2026-09-23T12:11:00,2026-09-23T14:31:00,,,0,NO_TRUCKFLOW_EXACT_PLATE_MATCH,,
,,0,2026-09-23T14:46:00,2026-09-23T14:46:00,,EXCEL_RESPALDO,EXCEL,EXCEL,COMPROB_000200320724,2026-09-23,VVVVV,RESIDUOS ASIMILABLES A DOMICILIARIOS,RESIDUOS ASIMILABLES A DOMICILIARIOS,,,AVELLANEDA,EGRESO,EA,88262,000200320724,,0,,200,RESIDUOS ASIMILABLES A DOMICILIARIOS,,,,,AVELLANEDA,EXCEL_PLATFORM_PRODUCT,NO_TRUCKFLOW_EVIDENCE,ROUTE_UNKNOWN,,2026-09-23T14:46:00,,2026-09-23T14:46:00,,,0,NO_TRUCKFLOW_EXACT_PLATE_MATCH,,
,,0,2026-09-23T08:44:00,2026-09-23T14:49:00,365,EXCEL_RESPALDO,EXCEL,EXCEL,CTG_10235230688,2026-09-23,VWF580,MAIZ,MAIZ,SILO_TROVATTO_04,SILO TROVATTO 04,AVELLANEDA,INGRESO,I,95611,000200434031,0000000076126,10235230688,VAV434967220926,30760,MAIZ,SILO_TROVATTO_04,,,SILO_TROVATTO_04,AVELLANEDA,EXCEL_PLATFORM_PRODUCT,NO_TRUCKFLOW_EVIDENCE,ROUTE_UNKNOWN,,2026-09-23T08:44:00,2026-09-23T09:41:00,2026-09-23T14:49:00,,,0,NO_TRUCKFLOW_EXACT_PLATE_MATCH,,
,,0,2026-09-23T05:48:00,2026-09-23T15:00:00,552,EXCEL_RESPALDO,EXCEL,EXCEL,CTG_10135247223,2026-09-23,AG264RS,MAIZ,MAIZ,CELDA_171_-_CENTRO,CELDA 171 - CENTRO,AVELLANEDA,INGRESO,I,95611,000200434032,0000100014663,10135247223,VAV240057230926,36700,MAIZ,CELDA_171_-_CENTRO,,,CELDA_171_-_CENTRO,AVELLANEDA,EXCEL_PLATFORM_PRODUCT,NO_TRUCKFLOW_EVIDENCE,ROUTE_UNKNOWN,,2026-09-23T05:48:00,2026-09-23T09:11:00,2026-09-23T15:00:00,,,0,NO_TRUCKFLOW_EXACT_PLATE_MATCH,,
,,0,2026-09-23T09:39:00,2026-09-23T15:14:00,335,EXCEL_RESPALDO,EXCEL,EXCEL,CTG_10135245079,2026-09-23,AH164DH,MAIZ,MAIZ,SILO_TROVATTO_04,SILO TROVATTO 04,AVELLANEDA,INGRESO,I,95611,000200434033,0000100023001,10135245079,VAV200793230926,34940,MAIZ,SILO_TROVATTO_04,,,SILO_TROVATTO_04,AVELLANEDA,EXCEL_PLATFORM_PRODUCT,NO_TRUCKFLOW_EVIDENCE,ROUTE_UNKNOWN,,2026-09-23T09:39:00,2026-09-23T10:32:00,2026-09-23T15:14:00,,,0,NO_TRUCKFLOW_EXACT_PLATE_MATCH,,
,,0,2026-09-23T13:21:00,2026-09-23T15:14:00,113,EXCEL_RESPALDO,EXCEL,EXCEL,CTG_10235263379#SLVOLC_IN,2026-09-23,VHM662,SOJA,SOJA,VOLCABLE_PTO_3,VOLCABLE PTO 3,TERMINAL_EMBARQUE,INGRESO,I,2000651,000404068248,0000300057216,10235263379,VIC759429230926,30880,SOJA,VOLCABLE_PTO_3,SAN_LORENZO_VOLCABLE,R7,VOLCABLE_PTO_3,TERMINAL_EMBARQUE,EXCEL_PLATFORM_PRODUCT,NO_TRUCKFLOW_EVIDENCE,ROUTE_UNKNOWN,"FAZON 2026, FAZON 2026",2026-09-23T13:21:00,,2026-09-23T15:14:00,,,0,NO_TRUCKFLOW_EXACT_PLATE_MATCH,,
,,0,2026-09-23T10:43:00,2026-09-23T15:28:00,285,EXCEL_RESPALDO,EXCEL,EXCEL,COMPROB_009702023046,2026-09-23,KFC224,ACEITE SOJA REFINADO,ACEITE SOJA REFINADO,,,RENOPACK,INGRESO,I,50026,009702023046,0000100017534,0,,29290,ACEITE SOJA REFINADO,,LIQUIDO,,,RENOPACK,EXCEL_PLATFORM_PRODUCT,NO_TRUCKFLOW_EVIDENCE,ROUTE_UNKNOWN,"RECIBOS ACEITE REFINADO SOJA BUNGE , RECIBOS ACEITE REFINADO SOJA BUNGE",2026-09-23T10:43:00,,2026-09-23T15:28:00,,,0,NO_TRUCKFLOW_EXACT_PLATE_MATCH,,
,,0,2026-09-23T11:21:00,2026-09-23T15:43:00,262,EXCEL_RESPALDO,EXCEL,EXCEL,COMPROB_009702023047,2026-09-23,AA421OL,ACEITE SOJA REFINADO,ACEITE SOJA REFINADO,,,RENOPACK,INGRESO,I,50026,009702023047,0000100017535,0,,34920,ACEITE SOJA REFINADO,,LIQUIDO,,,RENOPACK,EXCEL_PLATFORM_PRODUCT,NO_TRUCKFLOW_EVIDENCE,ROUTE_UNKNOWN,"RECIBOS ACEITE REFINADO SOJA BUNGE , RECIBOS ACEITE REFINADO SOJA BUNGE",2026-09-23T11:21:00,,2026-09-23T15:43:00,,,0,NO_TRUCKFLOW_EXACT_PLATE_MATCH,,
,,0,2026-09-23T09:45:00,2026-09-23T15:48:00,363,EXCEL_RESPALDO,EXCEL,EXCEL,CTG_10235257193,2026-09-23,RKE467,MAIZ,MAIZ,SILO_TROVATTO_04,SILO TROVATTO 04,AVELLANEDA,INGRESO,I,95611,000200434034,0000100016135,10235257193,VAV185818230926,31100,MAIZ,SILO_TROVATTO_04,,,SILO_TROVATTO_04,AVELLANEDA,EXCEL_PLATFORM_PRODUCT,NO_TRUCKFLOW_EVIDENCE,ROUTE_UNKNOWN,,2026-09-23T09:45:00,2026-09-23T10:26:00,2026-09-23T15:48:00,,,0,NO_TRUCKFLOW_EXACT_PLATE_MATCH,,
,,0,2026-09-23T14:31:00,2026-09-23T16:01:00,90,EXCEL_RESPALDO,EXCEL,EXCEL,COMPROB_009702024159,2026-09-23,PMB198,ACEITE GIRASOL ENVASADO,ACEITE GIRASOL ENVASADO,,,RENOPACK,EGRESO,E,50031,009702024159,,0,,23120,ACEITE GIRASOL ENVASADO,,LIQUIDO,,,RENOPACK,EXCEL_PLATFORM_PRODUCT,NO_TRUCKFLOW_EVIDENCE,ROUTE_UNKNOWN,DESPACHOS RENOPACK/BUNGE MERCADO INTERNO,2026-09-23T14:31:00,,2026-09-23T16:01:00,,,0,NO_TRUCKFLOW_EXACT_PLATE_MATCH,,
,,0,2026-09-23T12:06:00,2026-09-23T16:17:00,251,EXCEL_RESPALDO,EXCEL,EXCEL,COMPROB_009702024161,2026-09-23,AIU493,ACEITE GIRASOL ENVASADO,ACEITE GIRASOL ENVASADO,,,RENOPACK,EGRESO,E,50009,009702024161,,0,,18830,ACEITE GIRASOL ENVASADO,,LIQUIDO,,,RENOPACK,EXCEL_PLATFORM_PRODUCT,NO_TRUCKFLOW_EVIDENCE,ROUTE_UNKNOWN,DESPACHOS MERCADO INTERNO,2026-09-23T12:06:00,,2026-09-23T16:17:00,,,0,EXACT_PLATE_MATCH_OUTSIDE_TIME_WINDOW,,
,,0,2026-09-23T09:48:00,2026-09-23T16:19:00,391,EXCEL_RESPALDO,EXCEL,EXCEL,CTG_10135241693,2026-09-23,AQW727,MAIZ,MAIZ,SILO_TROVATTO_04,SILO TROVATTO 04,AVELLANEDA,INGRESO,I,95611,000200434035,0000000005643,10135241693,VAV750345220926,29460,MAIZ,SILO_TROVATTO_04,,,SILO_TROVATTO_04,AVELLANEDA,EXCEL_PLATFORM_PRODUCT,NO_TRUCKFLOW_EVIDENCE,ROUTE_UNKNOWN,,2026-09-23T09:48:00,2026-09-23T10:40:00,2026-09-23T16:19:00,,,0,NO_TRUCKFLOW_EXACT_PLATE_MATCH,,
,,0,2026-09-23T12:14:00,2026-09-23T16:22:00,248,EXCEL_RESPALDO,EXCEL,EXCEL,COMPROB_000200434036,2026-09-23,CJP948,LEÑA CORTA SELECC,LEÑA CORTA SELECC,PLAYA_LEÑA_Y_CHIP,PLAYA LEÑA Y CHIP,AVELLANEDA,INGRESO,I,999811,000200434036,0000400002091,0,,29600,LEÑA CORTA SELECC,PLAYA_LEÑA_Y_CHIP,,,PLAYA_LEÑA_Y_CHIP,AVELLANEDA,EXCEL_PLATFORM_PRODUCT,NO_TRUCKFLOW_EVIDENCE,ROUTE_UNKNOWN,,2026-09-23T12:14:00,,2026-09-23T16:22:00,,,0,NO_TRUCKFLOW_EXACT_PLATE_MATCH,,
,,0,2026-09-23T14:24:00,2026-09-23T16:30:00,126,EXCEL_RESPALDO,EXCEL,EXCEL,COMPROB_009702024162,2026-09-23,FJW142,ACEITE MEZCLA ENVASADO,ACEITE MEZCLA ENVASADO,,,RENOPACK,EGRESO,E,50032,009702024162,,0,,27020,ACEITE MEZCLA ENVASADO,,LIQUIDO,,,RENOPACK,EXCEL_PLATFORM_PRODUCT,NO_TRUCKFLOW_EVIDENCE,ROUTE_UNKNOWN,DESPACHOS RENOPACK/BUNGE MERCADO INTERNO,2026-09-23T14:24:00,,2026-09-23T16:30:00,,,0,NO_TRUCKFLOW_EXACT_PLATE_MATCH,,
,,0,2026-09-23T12:21:00,2026-09-23T16:37:00,256,EXCEL_RESPALDO,EXCEL,EXCEL,COMPROB_009702023048,2026-09-23,AD671EG,ACEITE SOJA REFINADO,ACEITE SOJA REFINADO,,,RENOPACK,INGRESO,I,50026,009702023048,0000100017536,0,,29690,ACEITE SOJA REFINADO,,LIQUIDO,,,RENOPACK,EXCEL_PLATFORM_PRODUCT,NO_TRUCKFLOW_EVIDENCE,ROUTE_UNKNOWN,"RECIBOS ACEITE REFINADO SOJA BUNGE , RECIBOS ACEITE REFINADO SOJA BUNGE",2026-09-23T12:21:00,,2026-09-23T16:37:00,,,0,NO_TRUCKFLOW_EXACT_PLATE_MATCH,,
,,0,2026-09-23T15:27:00,2026-09-23T16:40:00,73,EXCEL_RESPALDO,EXCEL,EXCEL,COMPROB_009702024163,2026-09-23,PFU805,TARIMAS MADERA,TARIMAS MADERA,,,RENOPACK,EGRESO,E,50005,009702024163,,0,,7030,TARIMAS MADERA,,,,,RENOPACK,EXCEL_PLATFORM_PRODUCT,NO_TRUCKFLOW_EVIDENCE,ROUTE_UNKNOWN,"RETIRA 400 PALLETS EN DESUSO., TARIMAS DE MADERA RENOPACK, RETIRA 400 PALLETS EN DESUSO.",2026-09-23T15:27:00,,2026-09-23T16:40:00,,,0,NO_TRUCKFLOW_EXACT_PLATE_MATCH,,
,,0,2026-09-23T14:13:00,2026-09-23T16:45:00,152,EXCEL_RESPALDO,EXCEL,EXCEL,COMPROB_009702024164,2026-09-23,MKW255,ACEITE GIRASOL ENVASADO,ACEITE GIRASOL ENVASADO,,,RENOPACK,EGRESO,E,50031,009702024164,,0,,27710,ACEITE GIRASOL ENVASADO,,LIQUIDO,,,RENOPACK,EXCEL_PLATFORM_PRODUCT,NO_TRUCKFLOW_EVIDENCE,ROUTE_UNKNOWN,DESPACHOS RENOPACK/BUNGE MERCADO INTERNO,2026-09-23T14:13:00,,2026-09-23T16:45:00,,,0,NO_TRUCKFLOW_EXACT_PLATE_MATCH,,
,,0,2026-09-23T13:58:00,2026-09-23T16:45:00,167,EXCEL_RESPALDO,EXCEL,EXCEL,CTG_10235258298,2026-09-23,FVR949,MAIZ,MAIZ,PLATAFORMA1,PLATAFORMA1,LOS_CORRALES_DE_NICANOR,INGRESO,I,855909,005500000153,0000000003056,10235258298,,35840,MAIZ,PLATAFORMA1,,,PLATAFORMA1,LOS_CORRALES_DE_NICANOR,EXCEL_PLATFORM_PRODUCT,NO_TRUCKFLOW_EVIDENCE,ROUTE_UNKNOWN,"CONTRATO GLOBAL, CONTRATO GLOBAL",2026-09-23T13:58:00,2026-09-23T14:00:00,2026-09-23T16:45:00,,,0,NO_TRUCKFLOW_EXACT_PLATE_MATCH,,
,,0,2026-09-22T21:20:00,2026-09-23T16:47:00,1167,EXCEL_RESPALDO,EXCEL,EXCEL,CTG_10235252278,2026-09-23,RDB282,GIRASOL,GIRASOL,VOLCABLE_1,VOLCABLE 1,RICARDONE,INGRESO,I,2000640,000301464601,1658100004513,10235252278,VIC797971220926,28880,GIRASOL,VOLCABLE_1,VOLCABLE,R5,VOLCABLE_1,RICARDONE,EXCEL_PLATFORM_PRODUCT,NO_TRUCKFLOW_EVIDENCE,ROUTE_UNKNOWN,"FAZON 2026, FAZON 2026",2026-09-22T21:20:00,2026-09-23T05:48:00,2026-09-23T16:47:00,,,0,UNKNOWN_NO_EVIDENCE,,
,,0,2026-09-22T20:12:00,2026-09-23T16:48:00,1236,EXCEL_RESPALDO,EXCEL,EXCEL,COMPROB_000200434037,2026-09-23,HHQ888,CHIP DE EUCALIPTUS,CHIP DE EUCALIPTUS,PLAYA_LEÑA_Y_CHIP,PLAYA LEÑA Y CHIP,AVELLANEDA,INGRESO,I,999821,000200434037,0000100004273,0,,28260,CHIP DE EUCALIPTUS,PLAYA_LEÑA_Y_CHIP,,,PLAYA_LEÑA_Y_CHIP,AVELLANEDA,EXCEL_PLATFORM_PRODUCT,NO_TRUCKFLOW_EVIDENCE,ROUTE_UNKNOWN,,2026-09-22T20:12:00,,2026-09-23T16:48:00,,,0,NO_TRUCKFLOW_EXACT_PLATE_MATCH,,
,,0,2026-09-23T14:02:00,2026-09-23T16:48:00,166,EXCEL_RESPALDO,EXCEL,EXCEL,CTG_10135259030,2026-09-23,LZV416,MAIZ,MAIZ,PLATAFORMA1,PLATAFORMA1,LOS_CORRALES_DE_NICANOR,INGRESO,I,855909,005500000154,0000000001193,10135259030,,34640,MAIZ,PLATAFORMA1,,,PLATAFORMA1,LOS_CORRALES_DE_NICANOR,EXCEL_PLATFORM_PRODUCT,NO_TRUCKFLOW_EVIDENCE,ROUTE_UNKNOWN,"CONTRATO GLOBAL, CONTRATO GLOBAL",2026-09-23T14:02:00,2026-09-23T14:03:00,2026-09-23T16:48:00,,,0,NO_TRUCKFLOW_EXACT_PLATE_MATCH,,
,,0,2026-09-23T15:28:00,2026-09-23T16:59:00,91,EXCEL_RESPALDO,EXCEL,EXCEL,COMPROB_009702024165,2026-09-23,GKB044,ACEITE MEZCLA ENVASADO,ACEITE MEZCLA ENVASADO,,,RENOPACK,EGRESO,E,50032,009702024165,,0,,26980,ACEITE MEZCLA ENVASADO,,LIQUIDO,,,RENOPACK,EXCEL_PLATFORM_PRODUCT,NO_TRUCKFLOW_EVIDENCE,ROUTE_UNKNOWN,DESPACHOS RENOPACK/BUNGE MERCADO INTERNO,2026-09-23T15:28:00,,2026-09-23T16:59:00,,,0,NO_TRUCKFLOW_EXACT_PLATE_MATCH,,
,,0,2026-09-23T14:39:00,2026-09-23T17:06:00,147,EXCEL_RESPALDO,EXCEL,EXCEL,COMPROB_000200434038,2026-09-23,AI198PC,CHIP DE EUCALIPTUS,CHIP DE EUCALIPTUS,PLAYA_LEÑA_Y_CHIP,PLAYA LEÑA Y CHIP,AVELLANEDA,INGRESO,I,999821,000200434038,0000100014664,0,,32740,CHIP DE EUCALIPTUS,PLAYA_LEÑA_Y_CHIP,,,PLAYA_LEÑA_Y_CHIP,AVELLANEDA,EXCEL_PLATFORM_PRODUCT,NO_TRUCKFLOW_EVIDENCE,ROUTE_UNKNOWN,,2026-09-23T14:39:00,,2026-09-23T17:06:00,,,0,NO_TRUCKFLOW_EXACT_PLATE_MATCH,,
,,0,2026-09-23T14:07:00,2026-09-23T17:17:00,190,EXCEL_RESPALDO,EXCEL,EXCEL,COMPROB_000200434039,2026-09-23,AE279AY,CHIP DE PINO,CHIP DE PINO,PLAYA_LEÑA_Y_CHIP,PLAYA LEÑA Y CHIP,AVELLANEDA,INGRESO,I,999823,000200434039,0000100000345,0,,32720,CHIP DE PINO,PLAYA_LEÑA_Y_CHIP,,,PLAYA_LEÑA_Y_CHIP,AVELLANEDA,EXCEL_PLATFORM_PRODUCT,NO_TRUCKFLOW_EVIDENCE,ROUTE_UNKNOWN,,2026-09-23T14:07:00,,2026-09-23T17:17:00,,,0,NO_TRUCKFLOW_EXACT_PLATE_MATCH,,
,,0,2026-09-23T10:14:00,2026-09-23T17:20:00,426,EXCEL_RESPALDO,EXCEL,EXCEL,CTG_10235258546,2026-09-23,GWQ265,MAIZ,MAIZ,SILO_TROVATTO_04,SILO TROVATTO 04,AVELLANEDA,INGRESO,I,95611,000200434040,0000100016136,10235258546,VAV569687230926,31540,MAIZ,SILO_TROVATTO_04,,,SILO_TROVATTO_04,AVELLANEDA,EXCEL_PLATFORM_PRODUCT,NO_TRUCKFLOW_EVIDENCE,ROUTE_UNKNOWN,,2026-09-23T10:14:00,2026-09-23T10:54:00,2026-09-23T17:20:00,,,0,NO_TRUCKFLOW_EXACT_PLATE_MATCH,,
,,0,2026-09-23T16:43:00,2026-09-23T17:31:00,48,EXCEL_RESPALDO,EXCEL,EXCEL,COMPROB_005500000155,2026-09-23,FZC965,BURLANDA HUMEDA,BURLANDA HUMEDA,,,LOS_CORRALES_DE_NICANOR,INGRESO,I,95942,005500000155,0000200320721,0,,29500,BURLANDA HUMEDA,,,,,LOS_CORRALES_DE_NICANOR,EXCEL_PLATFORM_PRODUCT,NO_TRUCKFLOW_EVIDENCE,ROUTE_UNKNOWN,,2026-09-23T16:43:00,,2026-09-23T17:31:00,,,0,NO_TRUCKFLOW_EXACT_PLATE_MATCH,,
,,0,2026-09-23T10:15:00,2026-09-23T17:49:00,454,EXCEL_RESPALDO,EXCEL,EXCEL,CTG_10135245114,2026-09-23,AG716BA,MAIZ,MAIZ,SILO_TROVATTO_04,SILO TROVATTO 04,AVELLANEDA,INGRESO,I,95611,000200434041,0000100023002,10135245114,VAV570233230926,34920,MAIZ,SILO_TROVATTO_04,,,SILO_TROVATTO_04,AVELLANEDA,EXCEL_PLATFORM_PRODUCT,NO_TRUCKFLOW_EVIDENCE,ROUTE_UNKNOWN,,2026-09-23T10:15:00,2026-09-23T12:16:00,2026-09-23T17:49:00,,,0,NO_TRUCKFLOW_EXACT_PLATE_MATCH,,
,,0,2026-09-23T10:39:00,2026-09-23T18:17:00,458,EXCEL_RESPALDO,EXCEL,EXCEL,CTG_10235259178,2026-09-23,RJP881,MAIZ,MAIZ,SILO_TROVATTO_04,SILO TROVATTO 04,AVELLANEDA,INGRESO,I,95611,000200434042,0000100016137,10235259178,VAV850058230926,29360,MAIZ,SILO_TROVATTO_04,,,SILO_TROVATTO_04,AVELLANEDA,EXCEL_PLATFORM_PRODUCT,NO_TRUCKFLOW_EVIDENCE,ROUTE_UNKNOWN,,2026-09-23T10:39:00,2026-09-23T13:23:00,2026-09-23T18:17:00,,,0,NO_TRUCKFLOW_EXACT_PLATE_MATCH,,
,,0,2026-09-23T17:33:00,2026-09-23T18:45:00,72,EXCEL_RESPALDO,EXCEL,EXCEL,COMPROB_000200434043,2026-09-23,GDS940,CHIP DE PINO,CHIP DE PINO,PLAYA_LEÑA_Y_CHIP,PLAYA LEÑA Y CHIP,AVELLANEDA,INGRESO,I,999823,000200434043,0000400000365,0,,33120,CHIP DE PINO,PLAYA_LEÑA_Y_CHIP,,,PLAYA_LEÑA_Y_CHIP,AVELLANEDA,EXCEL_PLATFORM_PRODUCT,NO_TRUCKFLOW_EVIDENCE,ROUTE_UNKNOWN,,2026-09-23T17:33:00,,2026-09-23T18:45:00,,,0,NO_TRUCKFLOW_EXACT_PLATE_MATCH,,
,,0,2026-09-23T10:43:00,2026-09-23T18:54:00,491,EXCEL_RESPALDO,EXCEL,EXCEL,CTG_10135245145,2026-09-23,AE437OB,MAIZ,MAIZ,SILO_TROVATTO_04,SILO TROVATTO 04,AVELLANEDA,INGRESO,I,95611,000200434044,0000100023003,10135245145,VAV951402230926,34720,MAIZ,SILO_TROVATTO_04,,,SILO_TROVATTO_04,AVELLANEDA,EXCEL_PLATFORM_PRODUCT,NO_TRUCKFLOW_EVIDENCE,ROUTE_UNKNOWN,,2026-09-23T10:43:00,2026-09-23T13:49:00,2026-09-23T18:54:00,,,0,NO_TRUCKFLOW_EXACT_PLATE_MATCH,,
,,0,2026-09-23T10:55:00,2026-09-23T19:12:00,497,EXCEL_RESPALDO,EXCEL,EXCEL,CTG_10235259938,2026-09-23,UQW840,MAIZ,MAIZ,SILO_TROVATTO_04,SILO TROVATTO 04,AVELLANEDA,INGRESO,I,95611,000200434045,0000100016138,10235259938,VAV058953230926,30760,MAIZ,SILO_TROVATTO_04,,,SILO_TROVATTO_04,AVELLANEDA,EXCEL_PLATFORM_PRODUCT,NO_TRUCKFLOW_EVIDENCE,ROUTE_UNKNOWN,,2026-09-23T10:55:00,2026-09-23T13:59:00,2026-09-23T19:12:00,,,0,NO_TRUCKFLOW_EXACT_PLATE_MATCH,,
,,0,2026-09-23T15:35:00,2026-09-23T19:16:00,221,EXCEL_RESPALDO,EXCEL,EXCEL,COMPROB_009702024166,2026-09-23,ENM485,ACEITE MEZCLA ENVASADO,ACEITE MEZCLA ENVASADO,,,RENOPACK,EGRESO,E,50032,009702024166,,0,,27810,ACEITE MEZCLA ENVASADO,,LIQUIDO,,,RENOPACK,EXCEL_PLATFORM_PRODUCT,NO_TRUCKFLOW_EVIDENCE,ROUTE_UNKNOWN,DESPACHOS RENOPACK/BUNGE MERCADO INTERNO,2026-09-23T15:35:00,,2026-09-23T19:16:00,,,0,NO_TRUCKFLOW_EXACT_PLATE_MATCH,,
,,0,2026-09-22T22:28:00,2026-09-23T19:27:00,1259,EXCEL_RESPALDO,EXCEL,EXCEL,CTG_10235231628,2026-09-23,GWZ914,GIRASOL,GIRASOL,VOLCABLE_1,VOLCABLE 1,RICARDONE,INGRESO,I,2000664,000301464611,0405200004021,10235231628,VIC026188230926,30500,GIRASOL,VOLCABLE_1,VOLCABLE,R5,VOLCABLE_1,RICARDONE,EXCEL_PLATFORM_PRODUCT,NO_TRUCKFLOW_EVIDENCE,ROUTE_UNKNOWN,"FASON GIRASOL, FASON GIRASOL",2026-09-22T22:28:00,2026-09-23T06:00:00,2026-09-23T19:27:00,,,0,NO_TRUCKFLOW_EXACT_PLATE_MATCH,,
,,0,2026-09-23T16:36:00,2026-09-23T19:37:00,181,EXCEL_RESPALDO,EXCEL,EXCEL,COMPROB_009702024167,2026-09-23,GCI048,ACEITE GIRASOL ENVASADO,ACEITE GIRASOL ENVASADO,,,RENOPACK,EGRESO,E,50031,009702024167,,0,,27780,ACEITE GIRASOL ENVASADO,,LIQUIDO,,,RENOPACK,EXCEL_PLATFORM_PRODUCT,NO_TRUCKFLOW_EVIDENCE,ROUTE_UNKNOWN,DESPACHOS RENOPACK/BUNGE MERCADO INTERNO,2026-09-23T16:36:00,,2026-09-23T19:37:00,,,0,NO_TRUCKFLOW_EXACT_PLATE_MATCH,,
,,0,2026-09-23T13:56:00,2026-09-23T19:42:00,346,EXCEL_RESPALDO,EXCEL,EXCEL,CTG_10135231333,2026-09-23,NOQ577,MAIZ,MAIZ,SILO_TROVATTO_04,SILO TROVATTO 04,AVELLANEDA,INGRESO,I,95611,000200434046,0000100058180,10135231333,VAV408502220926,30020,MAIZ,SILO_TROVATTO_04,,,SILO_TROVATTO_04,AVELLANEDA,EXCEL_PLATFORM_PRODUCT,NO_TRUCKFLOW_EVIDENCE,ROUTE_UNKNOWN,,2026-09-23T13:56:00,2026-09-23T14:23:00,2026-09-23T19:42:00,,,0,NO_TRUCKFLOW_EXACT_PLATE_MATCH,,
,,0,2026-09-23T09:23:00,2026-09-23T20:40:00,677,EXCEL_RESPALDO,EXCEL,EXCEL,CTG_10135231091,2026-09-23,IKN204,MAIZ,MAIZ,CELDA_171_-_CENTRO,CELDA 171 - CENTRO,AVELLANEDA,INGRESO,I,95611,000200434047,0000100058177,10135231091,VAV103185220926,28980,MAIZ,CELDA_171_-_CENTRO,,,CELDA_171_-_CENTRO,AVELLANEDA,EXCEL_PLATFORM_PRODUCT,NO_TRUCKFLOW_EVIDENCE,ROUTE_UNKNOWN,,2026-09-23T09:23:00,2026-09-23T11:08:00,2026-09-23T20:40:00,,,0,NO_TRUCKFLOW_EXACT_PLATE_MATCH,,
,,0,2026-09-23T16:16:00,2026-09-23T20:58:00,282,EXCEL_RESPALDO,EXCEL,EXCEL,COMPROB_009702024168,2026-09-23,AI157UR,ACEITE MEZCLA ENVASADO,ACEITE MEZCLA ENVASADO,,,RENOPACK,EGRESO,E,50032,009702024168,,0,,27840,ACEITE MEZCLA ENVASADO,,LIQUIDO,,,RENOPACK,EXCEL_PLATFORM_PRODUCT,NO_TRUCKFLOW_EVIDENCE,ROUTE_UNKNOWN,DESPACHOS RENOPACK/BUNGE MERCADO INTERNO,2026-09-23T16:16:00,,2026-09-23T20:58:00,,,0,NO_TRUCKFLOW_EXACT_PLATE_MATCH,,
,,0,2026-09-23T15:23:00,2026-09-23T21:02:00,339,EXCEL_RESPALDO,EXCEL,EXCEL,CTG_10235262704,2026-09-23,AF308AY,SOJA,SOJA,VOLCABLE_PTO_4,VOLCABLE PTO 4,TERMINAL_EMBARQUE,INGRESO,I,2000655,000404068346,0000200003796,10235262704,VIC311860230926,35780,SOJA,VOLCABLE_PTO_4,SAN_LORENZO_VOLCABLE,R7,VOLCABLE_PTO_4,TERMINAL_EMBARQUE,EXCEL_PLATFORM_PRODUCT,NO_TRUCKFLOW_EVIDENCE,ROUTE_UNKNOWN,"FAZON 2026, FAZON 2026",2026-09-23T15:23:00,2026-09-23T17:31:00,2026-09-23T21:02:00,,,0,NO_TRUCKFLOW_EXACT_PLATE_MATCH,,
,,0,2026-09-23T14:14:00,2026-09-23T21:13:00,419,EXCEL_RESPALDO,EXCEL,EXCEL,CTG_10135232129,2026-09-23,KKE404,MAIZ,MAIZ,CELDA_171_-_CENTRO,CELDA 171 - CENTRO,AVELLANEDA,INGRESO,I,95611,000200434048,0000100005842,10135232129,VAV970869230926,29480,MAIZ,CELDA_171_-_CENTRO,,,CELDA_171_-_CENTRO,AVELLANEDA,EXCEL_PLATFORM_PRODUCT,NO_TRUCKFLOW_EVIDENCE,ROUTE_UNKNOWN,,2026-09-23T14:14:00,2026-09-23T15:10:00,2026-09-23T21:13:00,,,0,NO_TRUCKFLOW_EXACT_PLATE_MATCH,,
,,0,2026-09-23T15:14:00,2026-09-23T21:38:00,384,EXCEL_RESPALDO,EXCEL,EXCEL,CTG_10135231167,2026-09-23,AA160TS,MAIZ,MAIZ,CELDA_171_-_CENTRO,CELDA 171 - CENTRO,AVELLANEDA,INGRESO,I,95611,000200434049,0000100058179,10135231167,VAV179310220926,29100,MAIZ,CELDA_171_-_CENTRO,,,CELDA_171_-_CENTRO,AVELLANEDA,EXCEL_PLATFORM_PRODUCT,NO_TRUCKFLOW_EVIDENCE,ROUTE_UNKNOWN,,2026-09-23T15:14:00,2026-09-23T15:37:00,2026-09-23T21:38:00,,,0,NO_TRUCKFLOW_EXACT_PLATE_MATCH,,
,,0,2026-09-23T01:23:00,2026-09-23T21:48:00,1225,EXCEL_RESPALDO,EXCEL,EXCEL,CTG_10235242296,2026-09-23,AC188IG,GIRASOL,GIRASOL,VOLCABLE_1,VOLCABLE 1,RICARDONE,INGRESO,I,2000664,000301464618,0405200004026,10235242296,VIC946018230926,35200,GIRASOL,VOLCABLE_1,VOLCABLE,R5,VOLCABLE_1,RICARDONE,EXCEL_PLATFORM_PRODUCT,NO_TRUCKFLOW_EVIDENCE,ROUTE_UNKNOWN,"FASON GIRASOL, FASON GIRASOL",2026-09-23T01:23:00,2026-09-23T15:06:00,2026-09-23T21:48:00,,,0,NO_TRUCKFLOW_EXACT_PLATE_MATCH,,
,,0,2026-09-23T18:46:00,2026-09-23T21:54:00,188,EXCEL_RESPALDO,EXCEL,EXCEL,CTG_10135252430,2026-09-23,VPZ426,SOJA,SOJA,VOLCABLE_PTO_5,VOLCABLE PTO 5,TERMINAL_EMBARQUE,INGRESO,I,2000655,000404068362,0000000002484,10135252430,VIC285619230926,29680,SOJA,VOLCABLE_PTO_5,SAN_LORENZO_VOLCABLE,R7,VOLCABLE_PTO_5,TERMINAL_EMBARQUE,EXCEL_PLATFORM_PRODUCT,NO_TRUCKFLOW_EVIDENCE,ROUTE_UNKNOWN,"FAZON 2026, FAZON 2026",2026-09-23T18:46:00,2026-09-23T20:45:00,2026-09-23T21:54:00,,,0,UNKNOWN_NO_EVIDENCE,,
,,0,2026-09-23T19:25:00,2026-09-23T22:10:00,165,EXCEL_RESPALDO,EXCEL,EXCEL,CTG_10235260961,2026-09-23,GZV338,SOJA,SOJA,VOLCABLE_PTO_5,VOLCABLE PTO 5,TERMINAL_EMBARQUE,INGRESO,I,2000652,000404068370,0001000036316,10235260961,VIC386651230926,30680,SOJA,VOLCABLE_PTO_5,SAN_LORENZO_VOLCABLE,R7,VOLCABLE_PTO_5,TERMINAL_EMBARQUE,EXCEL_PLATFORM_PRODUCT,NO_TRUCKFLOW_EVIDENCE,ROUTE_UNKNOWN,"FAZON 2026, FAZON 2026",2026-09-23T19:25:00,2026-09-23T20:56:00,2026-09-23T22:10:00,,,0,NO_TRUCKFLOW_EXACT_PLATE_MATCH,,
,,0,2026-09-22T22:01:00,2026-09-23T22:19:00,1458,EXCEL_RESPALDO,EXCEL,EXCEL,COMPROB_000200434050,2026-09-23,HLF936,CHIP DE EUCALIPTUS,CHIP DE EUCALIPTUS,PLAYA_LEÑA_Y_CHIP,PLAYA LEÑA Y CHIP,AVELLANEDA,INGRESO,I,999821,000200434050,0000100013808,0,,34220,CHIP DE EUCALIPTUS,PLAYA_LEÑA_Y_CHIP,,,PLAYA_LEÑA_Y_CHIP,AVELLANEDA,EXCEL_PLATFORM_PRODUCT,NO_TRUCKFLOW_EVIDENCE,ROUTE_UNKNOWN,,2026-09-22T22:01:00,,2026-09-23T22:19:00,,,0,NO_TRUCKFLOW_EXACT_PLATE_MATCH,,
,,0,2026-09-23T15:24:00,2026-09-23T22:22:00,418,EXCEL_RESPALDO,EXCEL,EXCEL,CTG_10135249573,2026-09-23,JUR459,MAIZ,MAIZ,CELDA_171_-_CENTRO,CELDA 171 - CENTRO,AVELLANEDA,INGRESO,I,95611,000200434051,0000000005646,10135249573,VAV929593220926,30840,MAIZ,CELDA_171_-_CENTRO,,,CELDA_171_-_CENTRO,AVELLANEDA,EXCEL_PLATFORM_PRODUCT,NO_TRUCKFLOW_EVIDENCE,ROUTE_UNKNOWN,,2026-09-23T15:24:00,2026-09-23T15:48:00,2026-09-23T22:22:00,,,0,NO_TRUCKFLOW_EXACT_PLATE_MATCH,,
,,0,2026-09-23T02:45:00,2026-09-23T22:24:00,1179,EXCEL_RESPALDO,EXCEL,EXCEL,CTG_10235236631,2026-09-23,VDB780,GIRASOL,GIRASOL,VOLCABLE_1,VOLCABLE 1,RICARDONE,INGRESO,I,2000664,000301464620,0405200004023,10235236631,VIC280337230926,29540,GIRASOL,VOLCABLE_1,VOLCABLE,R5,VOLCABLE_1,RICARDONE,EXCEL_PLATFORM_PRODUCT,NO_TRUCKFLOW_EVIDENCE,ROUTE_UNKNOWN,"FASON GIRASOL, FASON GIRASOL",2026-09-23T02:45:00,2026-09-23T15:27:00,2026-09-23T22:24:00,,,0,UNKNOWN_NO_EVIDENCE,,
,,0,2026-09-23T19:47:00,2026-09-23T22:29:00,162,EXCEL_RESPALDO,EXCEL,EXCEL,CTG_10235268656,2026-09-23,HXG557,SOJA,SOJA,VOLCABLE_PTO_5,VOLCABLE PTO 5,TERMINAL_EMBARQUE,INGRESO,I,2000652,000404068380,0000000006196,10235268656,VIC391452230926,29720,SOJA,VOLCABLE_PTO_5,SAN_LORENZO_VOLCABLE,R7,VOLCABLE_PTO_5,TERMINAL_EMBARQUE,EXCEL_PLATFORM_PRODUCT,NO_TRUCKFLOW_EVIDENCE,ROUTE_UNKNOWN,"FAZON 2026, FAZON 2026",2026-09-23T19:47:00,2026-09-23T21:12:00,2026-09-23T22:29:00,,,0,NO_TRUCKFLOW_EXACT_PLATE_MATCH,,
,,0,2026-09-23T15:34:00,2026-09-23T22:48:00,434,EXCEL_RESPALDO,EXCEL,EXCEL,CTG_10135256162,2026-09-23,AXG665,MAIZ,MAIZ,CELDA_171_-_CENTRO,CELDA 171 - CENTRO,AVELLANEDA,INGRESO,I,95611,000200434052,0000100023045,10135256162,VAV487766230926,30000,MAIZ,CELDA_171_-_CENTRO,,,CELDA_171_-_CENTRO,AVELLANEDA,EXCEL_PLATFORM_PRODUCT,NO_TRUCKFLOW_EVIDENCE,ROUTE_UNKNOWN,,2026-09-23T15:34:00,2026-09-23T16:29:00,2026-09-23T22:48:00,,,0,NO_TRUCKFLOW_EXACT_PLATE_MATCH,,
,,0,2026-09-23T21:30:00,2026-09-23T22:49:00,79,EXCEL_RESPALDO,EXCEL,EXCEL,COMPROB_000200434053,2026-09-23,RPM007,LEÑA CORTA SELECC,LEÑA CORTA SELECC,PLAYA_LEÑA_Y_CHIP,PLAYA LEÑA Y CHIP,AVELLANEDA,INGRESO,I,999811,000200434053,0000100001019,0,,30020,LEÑA CORTA SELECC,PLAYA_LEÑA_Y_CHIP,,,PLAYA_LEÑA_Y_CHIP,AVELLANEDA,EXCEL_PLATFORM_PRODUCT,NO_TRUCKFLOW_EVIDENCE,ROUTE_UNKNOWN,,2026-09-23T21:30:00,,2026-09-23T22:49:00,,,0,NO_TRUCKFLOW_EXACT_PLATE_MATCH,,
,,0,2026-09-23T22:52:00,2026-09-23T22:52:00,,EXCEL_RESPALDO,EXCEL,EXCEL,COMPROB_000200434054,2026-09-23,RPM007,LEÑA CORTA SELECC,LEÑA CORTA SELECC,,,AVELLANEDA,INGRESO,IA,999811,000200434054,0000100001013,0,,31580,LEÑA CORTA SELECC,,,,,AVELLANEDA,EXCEL_PLATFORM_PRODUCT,NO_TRUCKFLOW_EVIDENCE,ROUTE_UNKNOWN,,2026-09-23T22:52:00,,2026-09-23T22:52:00,,,0,NO_TRUCKFLOW_EXACT_PLATE_MATCH,,
,,0,2026-09-23T15:39:00,2026-09-23T23:10:00,451,EXCEL_RESPALDO,EXCEL,EXCEL,CTG_10135246221,2026-09-23,NHX947,MAIZ,MAIZ,CELDA_171_-_CENTRO,CELDA 171 - CENTRO,AVELLANEDA,INGRESO,I,95611,000200434055,0000100014660,10135246221,VAV042530230926,30860,MAIZ,CELDA_171_-_CENTRO,,,CELDA_171_-_CENTRO,AVELLANEDA,EXCEL_PLATFORM_PRODUCT,NO_TRUCKFLOW_EVIDENCE,ROUTE_UNKNOWN,,2026-09-23T15:39:00,2026-09-23T16:45:00,2026-09-23T23:10:00,,,0,NO_TRUCKFLOW_EXACT_PLATE_MATCH,,
,,0,2026-09-23T00:12:00,2026-09-23T23:16:00,1384,EXCEL_RESPALDO,EXCEL,EXCEL,COMPROB_000200434056,2026-09-23,AG588XJ,CHIP DE PINO,CHIP DE PINO,PLAYA_LEÑA_Y_CHIP,PLAYA LEÑA Y CHIP,AVELLANEDA,INGRESO,I,999823,000200434056,0000100014661,0,,33140,CHIP DE PINO,PLAYA_LEÑA_Y_CHIP,,,PLAYA_LEÑA_Y_CHIP,AVELLANEDA,EXCEL_PLATFORM_PRODUCT,NO_TRUCKFLOW_EVIDENCE,ROUTE_UNKNOWN,,2026-09-23T00:12:00,,2026-09-23T23:16:00,,,0,NO_TRUCKFLOW_EXACT_PLATE_MATCH,,
,,0,2026-09-23T21:33:00,2026-09-23T23:23:00,110,EXCEL_RESPALDO,EXCEL,EXCEL,COMPROB_000200434057,2026-09-23,SIK535,LEÑA CORTA,LEÑA CORTA,PLAYA_LEÑA_Y_CHIP,PLAYA LEÑA Y CHIP,AVELLANEDA,INGRESO,I,999820,000200434057,0000100003938,0,,10040,LEÑA CORTA,PLAYA_LEÑA_Y_CHIP,,,PLAYA_LEÑA_Y_CHIP,AVELLANEDA,EXCEL_PLATFORM_PRODUCT,NO_TRUCKFLOW_EVIDENCE,ROUTE_UNKNOWN,,2026-09-23T21:33:00,,2026-09-23T23:23:00,,,0,NO_TRUCKFLOW_EXACT_PLATE_MATCH,,
,,0,2026-09-23T15:42:00,2026-09-23T23:47:00,485,EXCEL_RESPALDO,EXCEL,EXCEL,CTG_10235268096,2026-09-23,RTQ623,MAIZ,MAIZ,CELDA_171_-_CENTRO,CELDA 171 - CENTRO,AVELLANEDA,INGRESO,I,95611,000200434058,0000100016139,10235268096,VAV353965230926,29560,MAIZ,CELDA_171_-_CENTRO,,,CELDA_171_-_CENTRO,AVELLANEDA,EXCEL_PLATFORM_PRODUCT,NO_TRUCKFLOW_EVIDENCE,ROUTE_UNKNOWN,,2026-09-23T15:42:00,2026-09-23T16:38:00,2026-09-23T23:47:00,,,0,NO_TRUCKFLOW_EXACT_PLATE_MATCH,,
,,0,2026-09-23T01:10:00,2026-09-24T00:23:00,1393,EXCEL_RESPALDO,EXCEL,EXCEL,CTG_10235240531,2026-09-24,DEA720,GIRASOL,GIRASOL,VOLCABLE_1,VOLCABLE 1,RICARDONE,INGRESO,I,2000664,000301464626,0482300002954,10235240531,VIC373003230926,31260,GIRASOL,VOLCABLE_1,VOLCABLE,R5,VOLCABLE_1,RICARDONE,EXCEL_PLATFORM_PRODUCT,NO_TRUCKFLOW_EVIDENCE,ROUTE_UNKNOWN,"FASON GIRASOL, FASON GIRASOL",2026-09-23T01:10:00,2026-09-23T14:49:00,2026-09-24T00:23:00,,,0,UNKNOWN_NO_EVIDENCE,,
,,0,2026-09-23T22:29:00,2026-09-24T00:25:00,116,EXCEL_RESPALDO,EXCEL,EXCEL,CTG_10135270739,2026-09-24,AD745GM,SOJA,SOJA,VOLCABLE_PTO_5,VOLCABLE PTO 5,TERMINAL_EMBARQUE,INGRESO,I,2000655,000404068413,0000100014124,10135270739,VIC994510240926,35600,SOJA,VOLCABLE_PTO_5,SAN_LORENZO_VOLCABLE,R7,VOLCABLE_PTO_5,TERMINAL_EMBARQUE,EXCEL_PLATFORM_PRODUCT,NO_TRUCKFLOW_EVIDENCE,ROUTE_UNKNOWN,"FAZON 2026, FAZON 2026",2026-09-23T22:29:00,2026-09-23T23:06:00,2026-09-24T00:25:00,,,0,UNKNOWN_NO_EVIDENCE,,
,,0,2026-09-23T18:24:00,2026-09-24T01:14:00,410,EXCEL_RESPALDO,EXCEL,EXCEL,COMPROB_000400422608,2026-09-24,IFK980,ACEITE GIRASOL REFINADO,ACEITE GIRASOL REFINADO,ACEITE_OSL,ACEITE OSL,TERMINAL_EMBARQUE,EGRESO,E,11526,000400422608,,0,,28500,ACEITE GIRASOL REFINADO,ACEITE_OSL,LIQUIDO,SL1,ACEITE_OSL,TERMINAL_EMBARQUE,EXCEL_PLATFORM_PRODUCT,NO_TRUCKFLOW_EVIDENCE,ROUTE_UNKNOWN,FAZON RENOVA/BUNGE,2026-09-23T18:24:00,,2026-09-24T01:14:00,,,0,UNKNOWN_NO_EVIDENCE,,
,,0,2026-09-23T15:45:00,2026-09-24T01:20:00,575,EXCEL_RESPALDO,EXCEL,EXCEL,CTG_10135256087,2026-09-24,PEB489,MAIZ,MAIZ,CELDA_171_-_CENTRO,CELDA 171 - CENTRO,AVELLANEDA,INGRESO,I,95611,000200434059,0000100023042,10135256087,VAV415293230926,36140,MAIZ,CELDA_171_-_CENTRO,,,CELDA_171_-_CENTRO,AVELLANEDA,EXCEL_PLATFORM_PRODUCT,NO_TRUCKFLOW_EVIDENCE,ROUTE_UNKNOWN,,2026-09-23T15:45:00,2026-09-23T16:48:00,2026-09-24T01:20:00,,,0,NO_TRUCKFLOW_EXACT_PLATE_MATCH,,
,,0,2026-09-23T23:41:00,2026-09-24T01:48:00,127,EXCEL_RESPALDO,EXCEL,EXCEL,CTG_10135275607,2026-09-24,GGP521,SOJA,SOJA,VOLCABLE_PTO_4,VOLCABLE PTO 4,TERMINAL_EMBARQUE,INGRESO,I,2000655,000404068425,0000000000099,10135275607,VIC225010240926,29260,SOJA,VOLCABLE_PTO_4,SAN_LORENZO_VOLCABLE,R7,VOLCABLE_PTO_4,TERMINAL_EMBARQUE,EXCEL_PLATFORM_PRODUCT,NO_TRUCKFLOW_EVIDENCE,ROUTE_UNKNOWN,"FAZON 2026, FAZON 2026",2026-09-23T23:41:00,2026-09-24T00:32:00,2026-09-24T01:48:00,,,0,UNKNOWN_NO_EVIDENCE,,
,,0,2026-09-23T22:08:00,2026-09-24T01:49:00,221,EXCEL_RESPALDO,EXCEL,EXCEL,COMPROB_000400422610,2026-09-24,OLL626,BORRA DE ACSOJA REFINADO,BORRA DE AC.SOJA REFINADO,,,TERMINAL_EMBARQUE,EGRESO,E,10926,000400422610,,0,,26720,BORRA DE ACSOJA REFINADO,,,SL3,,TERMINAL_EMBARQUE,EXCEL_PLATFORM_PRODUCT,NO_TRUCKFLOW_EVIDENCE,ROUTE_UNKNOWN,DESPACHOS RENOVA.,2026-09-23T22:08:00,,2026-09-24T01:49:00,,,0,EXACT_PLATE_MATCH_OUTSIDE_TIME_WINDOW,,
,,0,2026-09-23T16:11:00,2026-09-24T01:51:00,580,EXCEL_RESPALDO,EXCEL,EXCEL,CTG_10235236543,2026-09-24,AB529SZ,MAIZ,MAIZ,CELDA_171_-_CENTRO,CELDA 171 - CENTRO,AVELLANEDA,INGRESO,I,95611,000200434060,0010000568449,10235236543,,30700,MAIZ,CELDA_171_-_CENTRO,,,CELDA_171_-_CENTRO,AVELLANEDA,EXCEL_PLATFORM_PRODUCT,NO_TRUCKFLOW_EVIDENCE,ROUTE_UNKNOWN,,2026-09-23T16:11:00,2026-09-23T16:58:00,2026-09-24T01:51:00,,,0,NO_TRUCKFLOW_EXACT_PLATE_MATCH,,
,,0,2026-09-23T01:59:00,2026-09-24T01:57:00,1438,EXCEL_RESPALDO,EXCEL,EXCEL,CTG_10235234710,2026-09-24,SBJ203,GIRASOL,GIRASOL,VOLCABLE_1,VOLCABLE 1,RICARDONE,INGRESO,I,2000664,000301464630,0482300002951,10235234710,VIC127101220926,28700,GIRASOL,VOLCABLE_1,VOLCABLE,R5,VOLCABLE_1,RICARDONE,EXCEL_PLATFORM_PRODUCT,NO_TRUCKFLOW_EVIDENCE,ROUTE_UNKNOWN,"FASON GIRASOL, FASON GIRASOL",2026-09-23T01:59:00,2026-09-23T15:20:00,2026-09-24T01:57:00,,,0,UNKNOWN_NO_EVIDENCE,,
,,0,2026-09-24T00:14:00,2026-09-24T02:14:00,120,EXCEL_RESPALDO,EXCEL,EXCEL,CTG_10235259548,2026-09-24,AC038GS,SOJA,SOJA,VOLCABLE_PTO_4,VOLCABLE PTO 4,TERMINAL_EMBARQUE,INGRESO,I,2000655,000404068433,0000700000817,10235259548,VIC533717240926,30700,SOJA,VOLCABLE_PTO_4,SAN_LORENZO_VOLCABLE,R7,VOLCABLE_PTO_4,TERMINAL_EMBARQUE,EXCEL_PLATFORM_PRODUCT,NO_TRUCKFLOW_EVIDENCE,ROUTE_UNKNOWN,"FAZON 2026, FAZON 2026",2026-09-24T00:14:00,2026-09-24T00:49:00,2026-09-24T02:14:00,,,0,NO_TRUCKFLOW_EXACT_PLATE_MATCH,,
,,0,2026-09-23T05:54:00,2026-09-24T02:21:00,1227,EXCEL_RESPALDO,EXCEL,EXCEL,CTG_10235243613,2026-09-24,AD084AN,GIRASOL,GIRASOL,VOLCABLE_1,VOLCABLE 1,RICARDONE,INGRESO,I,2000664,000301464631,0482300002957,10235243613,VIC709151230926,31220,GIRASOL,VOLCABLE_1,VOLCABLE,R5,VOLCABLE_1,RICARDONE,EXCEL_PLATFORM_PRODUCT,NO_TRUCKFLOW_EVIDENCE,ROUTE_UNKNOWN,"FASON GIRASOL, FASON GIRASOL",2026-09-23T05:54:00,2026-09-23T15:56:00,2026-09-24T02:21:00,,,0,NO_TRUCKFLOW_EXACT_PLATE_MATCH,,
,,0,2026-09-23T16:58:00,2026-09-24T02:36:00,578,EXCEL_RESPALDO,EXCEL,EXCEL,CTG_10235271334,2026-09-24,FKL070,MAIZ,MAIZ,CELDA_171_-_CENTRO,CELDA 171 - CENTRO,AVELLANEDA,INGRESO,I,95611,000200434061,0010000569177,10235271334,VAV117939240926,31220,MAIZ,CELDA_171_-_CENTRO,,,CELDA_171_-_CENTRO,AVELLANEDA,EXCEL_PLATFORM_PRODUCT,NO_TRUCKFLOW_EVIDENCE,ROUTE_UNKNOWN,,2026-09-23T16:58:00,2026-09-23T17:16:00,2026-09-24T02:36:00,,,0,NO_TRUCKFLOW_EXACT_PLATE_MATCH,,
,,0,2026-09-24T01:25:00,2026-09-24T02:57:00,92,EXCEL_RESPALDO,EXCEL,EXCEL,COMPROB_000200434062,2026-09-24,UWD960,LEÑA CORTA SELECC,LEÑA CORTA SELECC,PLAYA_LEÑA_Y_CHIP,PLAYA LEÑA Y CHIP,AVELLANEDA,INGRESO,I,999811,000200434062,0000100000544,0,,28760,LEÑA CORTA SELECC,PLAYA_LEÑA_Y_CHIP,,,PLAYA_LEÑA_Y_CHIP,AVELLANEDA,EXCEL_PLATFORM_PRODUCT,NO_TRUCKFLOW_EVIDENCE,ROUTE_UNKNOWN,,2026-09-24T01:25:00,,2026-09-24T02:57:00,,,0,NO_TRUCKFLOW_EXACT_PLATE_MATCH,,
,,0,2026-09-24T00:49:00,2026-09-24T03:03:00,134,EXCEL_RESPALDO,EXCEL,EXCEL,CTG_10135271899,2026-09-24,VAB632,SOJA,SOJA,VOLCABLE_PTO_5,VOLCABLE PTO 5,TERMINAL_EMBARQUE,INGRESO,I,2000655,000404068451,0000000001491,10135271899,VIC713182240926,29800,SOJA,VOLCABLE_PTO_5,SAN_LORENZO_VOLCABLE,R7,VOLCABLE_PTO_5,TERMINAL_EMBARQUE,EXCEL_PLATFORM_PRODUCT,NO_TRUCKFLOW_EVIDENCE,ROUTE_UNKNOWN,"FAZON 2026, FAZON 2026",2026-09-24T00:49:00,2026-09-24T01:02:00,2026-09-24T03:03:00,,,0,NO_TRUCKFLOW_EXACT_PLATE_MATCH,,
,,0,2026-09-23T17:14:00,2026-09-24T03:10:00,596,EXCEL_RESPALDO,EXCEL,EXCEL,CTG_10135261136,2026-09-24,AH933OY,MAIZ,MAIZ,CELDA_171_-_CENTRO,CELDA 171 - CENTRO,AVELLANEDA,INGRESO,I,95611,000200434063,0000100023059,10135261136,VAV740335230926,36980,MAIZ,CELDA_171_-_CENTRO,,,CELDA_171_-_CENTRO,AVELLANEDA,EXCEL_PLATFORM_PRODUCT,NO_TRUCKFLOW_EVIDENCE,ROUTE_UNKNOWN,,2026-09-23T17:14:00,2026-09-23T17:26:00,2026-09-24T03:10:00,,,0,NO_TRUCKFLOW_EXACT_PLATE_MATCH,,
,,0,2026-09-23T22:51:00,2026-09-24T03:12:00,261,EXCEL_RESPALDO,EXCEL,EXCEL,CTG_10235275136,2026-09-24,CTD505,SOJA,SOJA,VOLCABLE_PTO_5,VOLCABLE PTO 5,TERMINAL_EMBARQUE,INGRESO,I,2000655,000404068455,0000100006046,10235275136,VIC266271240926,28840,SOJA,VOLCABLE_PTO_5,SAN_LORENZO_VOLCABLE,R7,VOLCABLE_PTO_5,TERMINAL_EMBARQUE,EXCEL_PLATFORM_PRODUCT,NO_TRUCKFLOW_EVIDENCE,ROUTE_UNKNOWN,"FAZON 2026, FAZON 2026",2026-09-23T22:51:00,2026-09-23T23:31:00,2026-09-24T03:12:00,,,0,NO_TRUCKFLOW_EXACT_PLATE_MATCH,,
,,0,2026-09-24T02:25:00,2026-09-24T03:45:00,80,EXCEL_RESPALDO,EXCEL,EXCEL,CTG_10135260260,2026-09-24,AB334NY,SOJA,SOJA,VOLCABLE_PTO_4,VOLCABLE PTO 4,TERMINAL_EMBARQUE,INGRESO,I,2000655,000404068464,0000100003318,10135260260,VIC980694230926,35840,SOJA,VOLCABLE_PTO_4,SAN_LORENZO_VOLCABLE,R7,VOLCABLE_PTO_4,TERMINAL_EMBARQUE,EXCEL_PLATFORM_PRODUCT,NO_TRUCKFLOW_EVIDENCE,ROUTE_UNKNOWN,"FAZON 2026, FAZON 2026",2026-09-24T02:25:00,2026-09-24T02:46:00,2026-09-24T03:45:00,,,0,UNKNOWN_NO_EVIDENCE,,
,,0,2026-09-23T17:10:00,2026-09-24T03:46:00,636,EXCEL_RESPALDO,EXCEL,EXCEL,CTG_10135256135,2026-09-24,UGQ862,MAIZ,MAIZ,CELDA_171_-_CENTRO,CELDA 171 - CENTRO,AVELLANEDA,INGRESO,I,95611,000200434064,0000100023044,10135256135,VAV486771230926,29660,MAIZ,CELDA_171_-_CENTRO,,,CELDA_171_-_CENTRO,AVELLANEDA,EXCEL_PLATFORM_PRODUCT,NO_TRUCKFLOW_EVIDENCE,ROUTE_UNKNOWN,,2026-09-23T17:10:00,2026-09-23T17:46:00,2026-09-24T03:46:00,,,0,NO_TRUCKFLOW_EXACT_PLATE_MATCH,,
,,0,2026-09-22T22:22:00,2026-09-24T04:35:00,1813,EXCEL_RESPALDO,EXCEL,EXCEL,COMPROB_000200434065,2026-09-24,KIS828,CHIP DE EUCALIPTUS,CHIP DE EUCALIPTUS,PLAYA_LEÑA_Y_CHIP,PLAYA LEÑA Y CHIP,AVELLANEDA,INGRESO,I,999821,000200434065,0000100004272,0,,29700,CHIP DE EUCALIPTUS,PLAYA_LEÑA_Y_CHIP,,,PLAYA_LEÑA_Y_CHIP,AVELLANEDA,EXCEL_PLATFORM_PRODUCT,NO_TRUCKFLOW_EVIDENCE,ROUTE_UNKNOWN,,2026-09-22T22:22:00,,2026-09-24T04:35:00,,,0,NO_TRUCKFLOW_EXACT_PLATE_MATCH,,
,,0,2026-09-23T19:46:00,2026-09-24T04:40:00,534,EXCEL_RESPALDO,EXCEL,EXCEL,COMPROB_000200434066,2026-09-24,DMX227,LEÑA CORTA SELECC,LEÑA CORTA SELECC,PLAYA_LEÑA_Y_CHIP,PLAYA LEÑA Y CHIP,AVELLANEDA,INGRESO,I,999811,000200434066,0001000000957,0,,29120,LEÑA CORTA SELECC,PLAYA_LEÑA_Y_CHIP,,,PLAYA_LEÑA_Y_CHIP,AVELLANEDA,EXCEL_PLATFORM_PRODUCT,NO_TRUCKFLOW_EVIDENCE,ROUTE_UNKNOWN,,2026-09-23T19:46:00,,2026-09-24T04:40:00,,,0,NO_TRUCKFLOW_EXACT_PLATE_MATCH,,
,,0,2026-09-23T17:26:00,2026-09-24T04:44:00,678,EXCEL_RESPALDO,EXCEL,EXCEL,CTG_10135256112,2026-09-24,AH933OX,MAIZ,MAIZ,CELDA_171_-_CENTRO,CELDA 171 - CENTRO,AVELLANEDA,INGRESO,I,95611,000200434067,0000100023043,10135256112,VAV421901230926,36940,MAIZ,CELDA_171_-_CENTRO,,,CELDA_171_-_CENTRO,AVELLANEDA,EXCEL_PLATFORM_PRODUCT,NO_TRUCKFLOW_EVIDENCE,ROUTE_UNKNOWN,,2026-09-23T17:26:00,2026-09-23T17:37:00,2026-09-24T04:44:00,,,0,NO_TRUCKFLOW_EXACT_PLATE_MATCH,,
,,0,2026-09-24T04:05:00,2026-09-24T04:47:00,42,EXCEL_RESPALDO,EXCEL,EXCEL,CTG_10135260355,2026-09-24,HDT474,SOJA,SOJA,VOLCABLE_PTO_3,VOLCABLE PTO 3,TERMINAL_EMBARQUE,INGRESO,I,2000655,000404068481,0000000000499,10135260355,VIC016754230926,30820,SOJA,VOLCABLE_PTO_3,SAN_LORENZO_VOLCABLE,R7,VOLCABLE_PTO_3,TERMINAL_EMBARQUE,EXCEL_PLATFORM_PRODUCT,NO_TRUCKFLOW_EVIDENCE,ROUTE_UNKNOWN,"FAZON 2026, FAZON 2026",2026-09-24T04:05:00,2026-09-24T04:14:00,2026-09-24T04:47:00,,,0,UNKNOWN_NO_EVIDENCE,,
,,0,2026-09-23T18:03:00,2026-09-24T05:09:00,666,EXCEL_RESPALDO,EXCEL,EXCEL,CTG_10235271193,2026-09-24,EFD630,MAIZ,MAIZ,CELDA_171_-_CENTRO,CELDA 171 - CENTRO,AVELLANEDA,INGRESO,I,95611,000200434068,0000100009316,10235271193,VAV315143230926,30960,MAIZ,CELDA_171_-_CENTRO,,,CELDA_171_-_CENTRO,AVELLANEDA,EXCEL_PLATFORM_PRODUCT,NO_TRUCKFLOW_EVIDENCE,ROUTE_UNKNOWN,,2026-09-23T18:03:00,2026-09-23T18:20:00,2026-09-24T05:09:00,,,0,NO_TRUCKFLOW_EXACT_PLATE_MATCH,,
,,0,2026-09-23T18:35:00,2026-09-24T05:42:00,667,EXCEL_RESPALDO,EXCEL,EXCEL,CTG_10235270523,2026-09-24,AAV079,MAIZ,MAIZ,CELDA_171_-_CENTRO,CELDA 171 - CENTRO,AVELLANEDA,INGRESO,I,95611,000200434069,0000100009315,10235270523,VAV777921230926,29560,MAIZ,CELDA_171_-_CENTRO,,,CELDA_171_-_CENTRO,AVELLANEDA,EXCEL_PLATFORM_PRODUCT,NO_TRUCKFLOW_EVIDENCE,ROUTE_UNKNOWN,,2026-09-23T18:35:00,2026-09-23T18:53:00,2026-09-24T05:42:00,,,0,NO_TRUCKFLOW_EXACT_PLATE_MATCH,,
,,0,2026-09-23T23:11:00,2026-09-24T06:18:00,427,EXCEL_RESPALDO,EXCEL,EXCEL,COMPROB_000200434070,2026-09-24,AH210AI,CHIP DE PINO,CHIP DE PINO,PLAYA_LEÑA_Y_CHIP,PLAYA LEÑA Y CHIP,AVELLANEDA,INGRESO,I,999823,000200434070,0000100000335,0,,32720,CHIP DE PINO,PLAYA_LEÑA_Y_CHIP,,,PLAYA_LEÑA_Y_CHIP,AVELLANEDA,EXCEL_PLATFORM_PRODUCT,NO_TRUCKFLOW_EVIDENCE,ROUTE_UNKNOWN,,2026-09-23T23:11:00,,2026-09-24T06:18:00,,,0,NO_TRUCKFLOW_EXACT_PLATE_MATCH,,
,,0,2026-09-23T20:13:00,2026-09-24T06:39:00,626,EXCEL_RESPALDO,EXCEL,EXCEL,CTG_10235263391,2026-09-24,AH016FE,MAIZ,MAIZ,CELDA_171_-_CENTRO,CELDA 171 - CENTRO,AVELLANEDA,INGRESO,I,95611,000200434071,0010000569015,10235263391,VAV233052230926,35380,MAIZ,CELDA_171_-_CENTRO,,,CELDA_171_-_CENTRO,AVELLANEDA,EXCEL_PLATFORM_PRODUCT,NO_TRUCKFLOW_EVIDENCE,ROUTE_UNKNOWN,,2026-09-23T20:13:00,2026-09-24T04:38:00,2026-09-24T06:39:00,,,0,NO_TRUCKFLOW_EXACT_PLATE_MATCH,,
,,0,2026-09-24T06:19:00,2026-09-24T06:46:00,27,EXCEL_RESPALDO,EXCEL,EXCEL,COMPROB_000200320725,2026-09-24,AH427GV,BURLANDA HUMEDA,BURLANDA HUMEDA,DEPOSITO_BURLANDAS,DEPOSITO BURLANDAS,AVELLANEDA,EGRESO,E,95951,000200320725,,0,,28400,BURLANDA HUMEDA,DEPOSITO_BURLANDAS,,,DEPOSITO_BURLANDAS,AVELLANEDA,EXCEL_PLATFORM_PRODUCT,NO_TRUCKFLOW_EVIDENCE,ROUTE_UNKNOWN,,2026-09-24T06:19:00,,2026-09-24T06:46:00,,,0,NO_TRUCKFLOW_EXACT_PLATE_MATCH,,
,,0,2026-09-24T06:54:00,2026-09-24T06:54:00,,EXCEL_RESPALDO,EXCEL,EXCEL,COMPROB_000404068497,2026-09-24,TTTTTT,ACEITE GIRASOL CRUDO,ACEITE GIRASOL CRUDO,,,TERMINAL_EMBARQUE,INGRESO,I,11601,000404068497,000301069199,0,,2335000,ACEITE GIRASOL CRUDO,,LIQUIDO,SL3,,TERMINAL_EMBARQUE,EXCEL_PLATFORM_PRODUCT,NO_TRUCKFLOW_EVIDENCE,ROUTE_UNKNOWN,"TRASV 230926, TRASV 230926",2026-09-24T06:54:00,2026-09-24T06:54:00,2026-09-24T06:54:00,,,0,NO_TRUCKFLOW_EXACT_PLATE_MATCH,,
,,0,2026-09-24T05:35:00,2026-09-24T07:02:00,87,EXCEL_RESPALDO,EXCEL,EXCEL,COMPROB_000200434072,2026-09-24,HST535,LEÑA CORTA SELECC,LEÑA CORTA SELECC,PLAYA_LEÑA_Y_CHIP,PLAYA LEÑA Y CHIP,AVELLANEDA,INGRESO,I,999811,000200434072,0000100003965,0,,30340,LEÑA CORTA SELECC,PLAYA_LEÑA_Y_CHIP,,,PLAYA_LEÑA_Y_CHIP,AVELLANEDA,EXCEL_PLATFORM_PRODUCT,NO_TRUCKFLOW_EVIDENCE,ROUTE_UNKNOWN,,2026-09-24T05:35:00,,2026-09-24T07:02:00,,,0,NO_TRUCKFLOW_EXACT_PLATE_MATCH,,
,,0,2026-09-23T20:11:00,2026-09-24T07:10:00,659,EXCEL_RESPALDO,EXCEL,EXCEL,CTG_10235236815,2026-09-24,IYS585,MAIZ,MAIZ,CELDA_171_-_CENTRO,CELDA 171 - CENTRO,AVELLANEDA,INGRESO,I,95611,000200434073,0010000568455,10235236815,,30700,MAIZ,CELDA_171_-_CENTRO,,,CELDA_171_-_CENTRO,AVELLANEDA,EXCEL_PLATFORM_PRODUCT,NO_TRUCKFLOW_EVIDENCE,ROUTE_UNKNOWN,,2026-09-23T20:11:00,2026-09-24T04:32:00,2026-09-24T07:10:00,,,0,NO_TRUCKFLOW_EXACT_PLATE_MATCH,,
,,0,2026-09-24T05:19:00,2026-09-24T07:22:00,123,EXCEL_RESPALDO,EXCEL,EXCEL,COMPROB_000200434074,2026-09-24,FYQ971,LEÑA CORTA SELECC,LEÑA CORTA SELECC,PLAYA_LEÑA_Y_CHIP,PLAYA LEÑA Y CHIP,AVELLANEDA,INGRESO,I,999811,000200434074,0001000000960,0,,32320,LEÑA CORTA SELECC,PLAYA_LEÑA_Y_CHIP,,,PLAYA_LEÑA_Y_CHIP,AVELLANEDA,EXCEL_PLATFORM_PRODUCT,NO_TRUCKFLOW_EVIDENCE,ROUTE_UNKNOWN,,2026-09-24T05:19:00,,2026-09-24T07:22:00,,,0,NO_TRUCKFLOW_EXACT_PLATE_MATCH,,
,,0,2026-09-24T07:08:00,2026-09-24T07:42:00,34,EXCEL_RESPALDO,EXCEL,EXCEL,COMPROB_009702024169,2026-09-24,AF829YZ,CARTON-PAPEL,CARTON-PAPEL,,,RENOPACK,EGRESO,E,50018,009702024169,,0,,640,CARTON-PAPEL,,,,,RENOPACK,EXCEL_PLATFORM_PRODUCT,NO_TRUCKFLOW_EVIDENCE,ROUTE_UNKNOWN,"CARGA RENOPACK C/O VICENTIN.. ENTRO CON VOLQUETE 192, SALIO CON VOLQUETE 107",2026-09-24T07:08:00,,2026-09-24T07:42:00,,,0,EXACT_PLATE_MATCH_OUTSIDE_TIME_WINDOW,,
,,0,2026-09-23T20:24:00,2026-09-24T07:44:00,680,EXCEL_RESPALDO,EXCEL,EXCEL,CTG_10235248833,2026-09-24,RFC655,MAIZ,MAIZ,CELDA_171_-_CENTRO,CELDA 171 - CENTRO,AVELLANEDA,INGRESO,I,95611,000200434075,0010000568762,10235248833,VAV067886230926,28860,MAIZ,CELDA_171_-_CENTRO,,,CELDA_171_-_CENTRO,AVELLANEDA,EXCEL_PLATFORM_PRODUCT,NO_TRUCKFLOW_EVIDENCE,ROUTE_UNKNOWN,,2026-09-23T20:24:00,2026-09-24T04:48:00,2026-09-24T07:44:00,,,0,NO_TRUCKFLOW_EXACT_PLATE_MATCH,,
,,0,2026-09-24T07:49:00,2026-09-24T08:03:00,14,EXCEL_RESPALDO,EXCEL,EXCEL,COMPROB_000301464647,2026-09-24,TOLVA,PRODUCTOS VARIOS,PRODUCTOS VARIOS,VARIOS,VARIOS,RICARDONE,INGRESO,I,11561,000301464647,0000000000000,0,,920,PRODUCTOS VARIOS,VARIOS,,,VARIOS,RICARDONE,EXCEL_PLATFORM_PRODUCT,NO_TRUCKFLOW_EVIDENCE,ROUTE_UNKNOWN,"MUESTRAS CALADO, MUESTRAS CALADO",2026-09-24T07:49:00,,2026-09-24T08:03:00,,,0,NO_TRUCKFLOW_EXACT_PLATE_MATCH,,
,,0,2026-09-23T20:29:00,2026-09-24T08:13:00,704,EXCEL_RESPALDO,EXCEL,EXCEL,CTG_10235263632,2026-09-24,TCG199,MAIZ,MAIZ,CELDA_171_-_CENTRO,CELDA 171 - CENTRO,AVELLANEDA,INGRESO,I,95611,000200434076,0010000569020,10235263632,VAV339998230926,29480,MAIZ,CELDA_171_-_CENTRO,,,CELDA_171_-_CENTRO,AVELLANEDA,EXCEL_PLATFORM_PRODUCT,NO_TRUCKFLOW_EVIDENCE,ROUTE_UNKNOWN,,2026-09-23T20:29:00,2026-09-24T04:55:00,2026-09-24T08:13:00,,,0,NO_TRUCKFLOW_EXACT_PLATE_MATCH,,
,,0,2026-09-24T06:13:00,2026-09-24T08:17:00,124,EXCEL_RESPALDO,EXCEL,EXCEL,COMPROB_000200434077,2026-09-24,FIV417,LEÑA CORTA SELECC,LEÑA CORTA SELECC,PLAYA_LEÑA_Y_CHIP,PLAYA LEÑA Y CHIP,AVELLANEDA,INGRESO,I,999811,000200434077,0000400001994,0,,27420,LEÑA CORTA SELECC,PLAYA_LEÑA_Y_CHIP,,,PLAYA_LEÑA_Y_CHIP,AVELLANEDA,EXCEL_PLATFORM_PRODUCT,NO_TRUCKFLOW_EVIDENCE,ROUTE_UNKNOWN,,2026-09-24T06:13:00,,2026-09-24T08:17:00,,,0,NO_TRUCKFLOW_EXACT_PLATE_MATCH,,
,,0,2026-09-23T15:04:00,2026-09-24T08:22:00,1038,EXCEL_RESPALDO,EXCEL,EXCEL,COMPROB_000200434078,2026-09-24,RQE231,LEÑA CORTA SELECC,LEÑA CORTA SELECC,PLAYA_LEÑA_Y_CHIP,PLAYA LEÑA Y CHIP,AVELLANEDA,INGRESO,I,999811,000200434078,0000100003963,0,,29560,LEÑA CORTA SELECC,PLAYA_LEÑA_Y_CHIP,,,PLAYA_LEÑA_Y_CHIP,AVELLANEDA,EXCEL_PLATFORM_PRODUCT,NO_TRUCKFLOW_EVIDENCE,ROUTE_UNKNOWN,,2026-09-23T15:04:00,,2026-09-24T08:22:00,,,0,NO_TRUCKFLOW_EXACT_PLATE_MATCH,,
,,0,2026-09-24T06:45:00,2026-09-24T08:28:00,103,EXCEL_RESPALDO,EXCEL,EXCEL,COMPROB_000200434079,2026-09-24,RER788,LEÑA CORTA SELECC,LEÑA CORTA SELECC,PLAYA_LEÑA_Y_CHIP,PLAYA LEÑA Y CHIP,AVELLANEDA,INGRESO,I,999811,000200434079,0000300000227,0,,25460,LEÑA CORTA SELECC,PLAYA_LEÑA_Y_CHIP,,,PLAYA_LEÑA_Y_CHIP,AVELLANEDA,EXCEL_PLATFORM_PRODUCT,NO_TRUCKFLOW_EVIDENCE,ROUTE_UNKNOWN,,2026-09-24T06:45:00,,2026-09-24T08:28:00,,,0,NO_TRUCKFLOW_EXACT_PLATE_MATCH,,
,,0,2026-09-22T23:58:00,2026-09-24T08:38:00,1960,EXCEL_RESPALDO,EXCEL,EXCEL,COMPROB_000200434080,2026-09-24,KOL672,CHIP DE EUCALIPTUS,CHIP DE EUCALIPTUS,PLAYA_LEÑA_Y_CHIP,PLAYA LEÑA Y CHIP,AVELLANEDA,INGRESO,I,999821,000200434080,0000100000232,0,,29800,CHIP DE EUCALIPTUS,PLAYA_LEÑA_Y_CHIP,,,PLAYA_LEÑA_Y_CHIP,AVELLANEDA,EXCEL_PLATFORM_PRODUCT,NO_TRUCKFLOW_EVIDENCE,ROUTE_UNKNOWN,,2026-09-22T23:58:00,,2026-09-24T08:38:00,,,0,NO_TRUCKFLOW_EXACT_PLATE_MATCH,,
,,0,2026-09-24T06:05:00,2026-09-24T08:41:00,156,EXCEL_RESPALDO,EXCEL,EXCEL,CTG_10235252051,2026-09-24,OQY184,SOJA,SOJA,VOLCABLE_PTO_5,VOLCABLE PTO 5,TERMINAL_EMBARQUE,INGRESO,I,2000655,000404068505,0000100004338,10235252051,VIC654084230926,30020,SOJA,VOLCABLE_PTO_5,SAN_LORENZO_VOLCABLE,R7,VOLCABLE_PTO_5,TERMINAL_EMBARQUE,EXCEL_PLATFORM_PRODUCT,NO_TRUCKFLOW_EVIDENCE,ROUTE_UNKNOWN,"FAZON 2026, FAZON 2026",2026-09-24T06:05:00,2026-09-24T06:21:00,2026-09-24T08:41:00,,,0,UNKNOWN_NO_EVIDENCE,,
,,0,2026-09-24T08:21:00,2026-09-24T08:42:00,21,EXCEL_RESPALDO,EXCEL,EXCEL,COMPROB_000400422617,2026-09-24,AAH005,PRODUCTOS VARIOS,PRODUCTOS VARIOS,,,TERMINAL_EMBARQUE,EGRESO,E,13000,000400422617,,0,,20,PRODUCTOS VARIOS,,,,,TERMINAL_EMBARQUE,EXCEL_PLATFORM_PRODUCT,NO_TRUCKFLOW_EVIDENCE,ROUTE_UNKNOWN,"SE RETIRA , CTO PARA INGRESAR LOS CAMIONES Q SE EQUIVOCAN DE PTA, SE RETIRA",2026-09-24T08:21:00,,2026-09-24T08:42:00,,,0,UNKNOWN_NO_EVIDENCE,,
,,0,2026-09-23T20:30:00,2026-09-24T08:49:00,739,EXCEL_RESPALDO,EXCEL,EXCEL,CTG_10235264003,2026-09-24,AD477LG,MAIZ,MAIZ,CELDA_171_-_CENTRO,CELDA 171 - CENTRO,AVELLANEDA,INGRESO,I,95611,000200434081,0010000569029,10235264003,VAV695134230926,37180,MAIZ,CELDA_171_-_CENTRO,,,CELDA_171_-_CENTRO,AVELLANEDA,EXCEL_PLATFORM_PRODUCT,NO_TRUCKFLOW_EVIDENCE,ROUTE_UNKNOWN,,2026-09-23T20:30:00,2026-09-24T05:01:00,2026-09-24T08:49:00,,,0,NO_TRUCKFLOW_EXACT_PLATE_MATCH,,
,,0,2026-09-24T08:49:00,2026-09-24T08:49:00,,EXCEL_RESPALDO,EXCEL,EXCEL,COMPROB_000200320726,2026-09-24,XXXXX,MAIZ,MAIZ,,,AVELLANEDA,EGRESO,EA,95611,000200320726,,0,,2845097,MAIZ,,,,,AVELLANEDA,EXCEL_PLATFORM_PRODUCT,NO_TRUCKFLOW_EVIDENCE,ROUTE_UNKNOWN,FASÓN Nº 39  CONTRATO 95.611 A 670,2026-09-24T08:49:00,,2026-09-24T08:49:00,,,0,NO_TRUCKFLOW_EXACT_PLATE_MATCH,,
,,0,2026-09-24T08:51:00,2026-09-24T08:51:00,,EXCEL_RESPALDO,EXCEL,EXCEL,CTG_10200078,2026-09-24,XXXXX,MAIZ,MAIZ,,,AVELLANEDA,INGRESO,IA,670,000200434082,0000010200078,10200078,,2845097,MAIZ,,,,,AVELLANEDA,EXCEL_PLATFORM_PRODUCT,NO_TRUCKFLOW_EVIDENCE,ROUTE_UNKNOWN,"FASÓN Nº 39  CONTRATO 95.611 A 670, FASÓN Nº 39  CONTRATO 95.611 A 670",2026-09-24T08:51:00,,2026-09-24T08:51:00,,,0,NO_TRUCKFLOW_EXACT_PLATE_MATCH,,
,,0,2026-09-23T10:54:00,2026-09-24T08:53:00,1319,EXCEL_RESPALDO,EXCEL,EXCEL,CTG_10235251963,2026-09-24,GBS864,GIRASOL,GIRASOL,VOLCABLE_1,VOLCABLE 1,RICARDONE,INGRESO,I,2000640,000301464651,0010000568809,10235251963,VIC106876230926,31440,GIRASOL,VOLCABLE_1,VOLCABLE,R5,VOLCABLE_1,RICARDONE,EXCEL_PLATFORM_PRODUCT,NO_TRUCKFLOW_EVIDENCE,ROUTE_UNKNOWN,"FAZON 2026, FAZON 2026",2026-09-23T10:54:00,2026-09-23T18:03:00,2026-09-24T08:53:00,,,0,UNKNOWN_NO_EVIDENCE,,
,,0,2026-09-24T07:15:00,2026-09-24T09:09:00,114,EXCEL_RESPALDO,EXCEL,EXCEL,COMPROB_000200320727,2026-09-24,AH418PG,ALCOHOL ETILICO ANHIDRO P/ BIOCOMB ORIG CEREAL,ALCOHOL ETILICO ANHIDRO P/ BIOCOMB. ORIG. CEREAL,T1002,T1002,AVELLANEDA,EGRESO,E,95668,000200320727,,0,,34060,ALCOHOL ETILICO ANHIDRO P/ BIOCOMB ORIG CEREAL,T1002,,,T1002,AVELLANEDA,EXCEL_PLATFORM_PRODUCT,NO_TRUCKFLOW_EVIDENCE,ROUTE_UNKNOWN,"MERCADERIA ENTREGADA A YPRF POR C/O DE BIOENERGIAS AGROPECUARIAS, CUPO:(SEPTIEMBRE 26), MERCADERIA ENTREGADA A YPRF POR C/O DE BIOENERGIAS AGROPECUARIAS",2026-09-24T07:15:00,,2026-09-24T09:09:00,,,0,NO_TRUCKFLOW_EXACT_PLATE_MATCH,,
,,0,2026-09-24T08:59:00,2026-09-24T09:12:00,13,EXCEL_RESPALDO,EXCEL,EXCEL,COMPROB_009702024170,2026-09-24,AC132NO,RESIDUOS ASIMILABLES A DOMICILIARIOS,RESIDUOS ASIMILABLES A DOMICILIARIOS,,,RENOPACK,EGRESO,E,50003,009702024170,,0,,270,RESIDUOS ASIMILABLES A DOMICILIARIOS,,,,,RENOPACK,EXCEL_PLATFORM_PRODUCT,NO_TRUCKFLOW_EVIDENCE,ROUTE_UNKNOWN,RESIDUOS DOMICILIARIOS RENOPACK. SALIO CON VOLQUETE 11RP,2026-09-24T08:59:00,,2026-09-24T09:12:00,,,0,EXACT_PLATE_MATCH_OUTSIDE_TIME_WINDOW,,
,,0,2026-09-23T23:00:00,2026-09-24T09:13:00,613,EXCEL_RESPALDO,EXCEL,EXCEL,COMPROB_000200434083,2026-09-24,UVX336,LEÑA CORTA SELECC,LEÑA CORTA SELECC,PLAYA_LEÑA_Y_CHIP,PLAYA LEÑA Y CHIP,AVELLANEDA,INGRESO,I,999811,000200434083,0000100001020,0,,30140,LEÑA CORTA SELECC,PLAYA_LEÑA_Y_CHIP,,,PLAYA_LEÑA_Y_CHIP,AVELLANEDA,EXCEL_PLATFORM_PRODUCT,NO_TRUCKFLOW_EVIDENCE,ROUTE_UNKNOWN,,2026-09-23T23:00:00,,2026-09-24T09:13:00,,,0,NO_TRUCKFLOW_EXACT_PLATE_MATCH,,
,,0,2026-09-24T09:16:00,2026-09-24T09:16:00,,EXCEL_RESPALDO,EXCEL,EXCEL,COMPROB_000200320728,2026-09-24,XXXX,THIN STILLAGE DE MAIZ,THIN STILLAGE DE MAIZ,,,AVELLANEDA,EGRESO,EA,91053,000200320728,,0,,381180,THIN STILLAGE DE MAIZ,,,,,AVELLANEDA,EXCEL_PLATFORM_PRODUCT,NO_TRUCKFLOW_EVIDENCE,ROUTE_UNKNOWN,TRANSFERENCIA CORRESPONDIENTE AL DIA 23/09/2026,2026-09-24T09:16:00,,2026-09-24T09:16:00,,,0,NO_TRUCKFLOW_EXACT_PLATE_MATCH,,
,,0,2026-09-23T20:32:00,2026-09-24T09:24:00,772,EXCEL_RESPALDO,EXCEL,EXCEL,CTG_10235263763,2026-09-24,FRW594,MAIZ,MAIZ,CELDA_171_-_CENTRO,CELDA 171 - CENTRO,AVELLANEDA,INGRESO,I,95611,000200434084,0010000569022,10235263763,VAV414663230926,34700,MAIZ,CELDA_171_-_CENTRO,,,CELDA_171_-_CENTRO,AVELLANEDA,EXCEL_PLATFORM_PRODUCT,NO_TRUCKFLOW_EVIDENCE,ROUTE_UNKNOWN,,2026-09-23T20:32:00,2026-09-24T05:07:00,2026-09-24T09:24:00,,,0,NO_TRUCKFLOW_EXACT_PLATE_MATCH,,
,,0,2026-09-24T08:24:00,2026-09-24T09:29:00,65,EXCEL_RESPALDO,EXCEL,EXCEL,COMPROB_009702023054,2026-09-24,MGD161,PRODUCTOS VARIOS,PRODUCTOS VARIOS,,,RENOPACK,INGRESO,I,50012,009702023054,0000100050582,0,,8140,PRODUCTOS VARIOS,,,,,RENOPACK,EXCEL_PLATFORM_PRODUCT,NO_TRUCKFLOW_EVIDENCE,ROUTE_UNKNOWN,"TAPAS PRIVA, MOVIMIENTOS PROD VARIOS., TAPAS PRIVA, MOVIMIENTOS PROD VARIOS.",2026-09-24T08:24:00,,2026-09-24T09:29:00,,,0,NO_TRUCKFLOW_EXACT_PLATE_MATCH,,
,,0,2026-09-24T08:46:00,2026-09-24T09:42:00,56,EXCEL_RESPALDO,EXCEL,EXCEL,COMPROB_000200320729,2026-09-24,AH427GV,BURLANDA HUMEDA,BURLANDA HUMEDA,DEPOSITO_BURLANDAS,DEPOSITO BURLANDAS,AVELLANEDA,EGRESO,E,95951,000200320729,,0,,28660,BURLANDA HUMEDA,DEPOSITO_BURLANDAS,,,DEPOSITO_BURLANDAS,AVELLANEDA,EXCEL_PLATFORM_PRODUCT,NO_TRUCKFLOW_EVIDENCE,ROUTE_UNKNOWN,,2026-09-24T08:46:00,,2026-09-24T09:42:00,,,0,NO_TRUCKFLOW_EXACT_PLATE_MATCH,,
,,0,2026-09-24T09:10:00,2026-09-24T09:43:00,33,EXCEL_RESPALDO,EXCEL,EXCEL,COMPROB_000301069216,2026-09-24,VCR776,PRODUCTOS VARIOS,PRODUCTOS VARIOS,VARIOS,VARIOS,RICARDONE,EGRESO,E,11077,000301069216,,0,,19760,PRODUCTOS VARIOS,VARIOS,,,VARIOS,RICARDONE,EXCEL_PLATFORM_PRODUCT,NO_TRUCKFLOW_EVIDENCE,ROUTE_UNKNOWN,"DE TK12 A PRODUCCION, DE TK12 A PRODUCCION",2026-09-24T09:10:00,,2026-09-24T09:43:00,,,0,NO_TRUCKFLOW_EXACT_PLATE_MATCH,,
,,0,2026-09-24T08:08:00,2026-09-24T09:47:00,99,EXCEL_RESPALDO,EXCEL,EXCEL,COMPROB_000200320730,2026-09-24,AH754XD,ALCOHOL ETILICO ANHIDRO P/ BIOCOMB ORIG CEREAL,ALCOHOL ETILICO ANHIDRO P/ BIOCOMB. ORIG. CEREAL,T1002,T1002,AVELLANEDA,EGRESO,E,95668,000200320730,,0,,28460,ALCOHOL ETILICO ANHIDRO P/ BIOCOMB ORIG CEREAL,T1002,,,T1002,AVELLANEDA,EXCEL_PLATFORM_PRODUCT,NO_TRUCKFLOW_EVIDENCE,ROUTE_UNKNOWN,"MERC. ENTREGADA POR C/O DE BIOENERG. AGROP. A YPF, CUPO:(SEPTIEMBRE 26), MERC. ENTREGADA POR C/O DE BIOENERG. AGROP. A YPF",2026-09-24T08:08:00,,2026-09-24T09:47:00,,,0,NO_TRUCKFLOW_EXACT_PLATE_MATCH,,
,,0,2026-09-23T20:33:00,2026-09-24T10:06:00,813,EXCEL_RESPALDO,EXCEL,EXCEL,CTG_10235263906,2026-09-24,UMT642,MAIZ,MAIZ,CELDA_171_-_CENTRO,CELDA 171 - CENTRO,AVELLANEDA,INGRESO,I,95611,000200434085,0010000569024,10235263906,VAV562313230926,30460,MAIZ,CELDA_171_-_CENTRO,,,CELDA_171_-_CENTRO,AVELLANEDA,EXCEL_PLATFORM_PRODUCT,NO_TRUCKFLOW_EVIDENCE,ROUTE_UNKNOWN,,2026-09-23T20:33:00,2026-09-24T05:14:00,2026-09-24T10:06:00,,,0,NO_TRUCKFLOW_EXACT_PLATE_MATCH,,
,,0,2026-09-24T09:01:00,2026-09-24T10:17:00,76,EXCEL_RESPALDO,EXCEL,EXCEL,COMPROB_000200320731,2026-09-24,AF118NL,DDG BURLANDA SECA DE MAIZ SIN SOLUBLES,DDG BURLANDA SECA DE MAIZ SIN SOLUBLES,DEPOSITO_BURLANDAS,DEPOSITO BURLANDAS,AVELLANEDA,EGRESO,E,95944,000200320731,,0,,36720,DDG BURLANDA SECA DE MAIZ SIN SOLUBLES,DEPOSITO_BURLANDAS,,,DEPOSITO_BURLANDAS,AVELLANEDA,EXCEL_PLATFORM_PRODUCT,NO_TRUCKFLOW_EVIDENCE,ROUTE_UNKNOWN,,2026-09-24T09:01:00,,2026-09-24T10:17:00,,,0,NO_TRUCKFLOW_EXACT_PLATE_MATCH,,
,,0,2026-09-24T08:12:00,2026-09-24T10:31:00,139,EXCEL_RESPALDO,EXCEL,EXCEL,COMPROB_000200320732,2026-09-24,AI231KA,ALCOHOL ETILICO ANHIDRO P/ BIOCOMB ORIG CEREAL,ALCOHOL ETILICO ANHIDRO P/ BIOCOMB. ORIG. CEREAL,T1002,T1002,AVELLANEDA,EGRESO,E,95668,000200320732,,0,,36920,ALCOHOL ETILICO ANHIDRO P/ BIOCOMB ORIG CEREAL,T1002,,,T1002,AVELLANEDA,EXCEL_PLATFORM_PRODUCT,NO_TRUCKFLOW_EVIDENCE,ROUTE_UNKNOWN,"MERC. ENTREGADA POR C/O DE BIOENERG. AGROP. A YPF, CUPO:(SEPTIEMBRE 26), MERC. ENTREGADA POR C/O DE BIOENERG. AGROP. A YPF",2026-09-24T08:12:00,,2026-09-24T10:31:00,,,0,NO_TRUCKFLOW_EXACT_PLATE_MATCH,,
,,0,2026-09-24T09:19:00,2026-09-24T10:35:00,76,EXCEL_RESPALDO,EXCEL,EXCEL,COMPROB_000200320733,2026-09-24,EVV008,DDG BURLANDA SECA DE MAIZ SIN SOLUBLES,DDG BURLANDA SECA DE MAIZ SIN SOLUBLES,DEPOSITO_BURLANDAS,DEPOSITO BURLANDAS,AVELLANEDA,EGRESO,E,95945,000200320733,,0,,28140,DDG BURLANDA SECA DE MAIZ SIN SOLUBLES,DEPOSITO_BURLANDAS,,,DEPOSITO_BURLANDAS,AVELLANEDA,EXCEL_PLATFORM_PRODUCT,NO_TRUCKFLOW_EVIDENCE,ROUTE_UNKNOWN,,2026-09-24T09:19:00,,2026-09-24T10:35:00,,,0,NO_TRUCKFLOW_EXACT_PLATE_MATCH,,
,,0,2026-09-24T09:04:00,2026-09-24T10:37:00,93,EXCEL_RESPALDO,EXCEL,EXCEL,COMPROB_000200434086,2026-09-24,DZH986,LEÑA CORTA SELECC,LEÑA CORTA SELECC,PLAYA_LEÑA_Y_CHIP,PLAYA LEÑA Y CHIP,AVELLANEDA,INGRESO,I,999811,000200434086,0000100003958,0,,29620,LEÑA CORTA SELECC,PLAYA_LEÑA_Y_CHIP,,,PLAYA_LEÑA_Y_CHIP,AVELLANEDA,EXCEL_PLATFORM_PRODUCT,NO_TRUCKFLOW_EVIDENCE,ROUTE_UNKNOWN,,2026-09-24T09:04:00,,2026-09-24T10:37:00,,,0,NO_TRUCKFLOW_EXACT_PLATE_MATCH,,
,,0,2026-09-23T22:57:00,2026-09-24T10:40:00,703,EXCEL_RESPALDO,EXCEL,EXCEL,CTG_10135256411,2026-09-24,HKA794,MAIZ,MAIZ,CELDA_171_-_CENTRO,CELDA 171 - CENTRO,AVELLANEDA,INGRESO,I,95611,000200434087,0000100023046,10135256411,VAV209375230926,35340,MAIZ,CELDA_171_-_CENTRO,,,CELDA_171_-_CENTRO,AVELLANEDA,EXCEL_PLATFORM_PRODUCT,NO_TRUCKFLOW_EVIDENCE,ROUTE_UNKNOWN,,2026-09-23T22:57:00,2026-09-24T05:21:00,2026-09-24T10:40:00,,,0,NO_TRUCKFLOW_EXACT_PLATE_MATCH,,
,,0,2026-09-24T09:21:00,2026-09-24T11:04:00,103,EXCEL_RESPALDO,EXCEL,EXCEL,COMPROB_005500000156,2026-09-24,HGC105,HENO DE PASTURA CALIDAD INFERIOR,HENO DE PASTURA CALIDAD INFERIOR,,,LOS_CORRALES_DE_NICANOR,INGRESO,I,999774,005500000156,0000400000670,0,,11200,HENO DE PASTURA CALIDAD INFERIOR,,,,,LOS_CORRALES_DE_NICANOR,EXCEL_PLATFORM_PRODUCT,NO_TRUCKFLOW_EVIDENCE,ROUTE_UNKNOWN,"30 ROLLOS  ALFALFA, 30 ROLLOS  ALFALFA",2026-09-24T09:21:00,,2026-09-24T11:04:00,,,0,NO_TRUCKFLOW_EXACT_PLATE_MATCH,,
,,0,2026-09-23T13:28:00,2026-09-24T11:05:00,1297,EXCEL_RESPALDO,EXCEL,EXCEL,CTG_10235260741,2026-09-24,RIA146,GIRASOL,GIRASOL,VOLCABLE_1,VOLCABLE 1,RICARDONE,INGRESO,I,2000640,000301464661,1658100004547,10235260741,VIC581665230926,27200,GIRASOL,VOLCABLE_1,VOLCABLE,R5,VOLCABLE_1,RICARDONE,EXCEL_PLATFORM_PRODUCT,NO_TRUCKFLOW_EVIDENCE,ROUTE_UNKNOWN,"FAZON 2026, FAZON 2026",2026-09-23T13:28:00,2026-09-23T19:48:00,2026-09-24T11:05:00,,,0,UNKNOWN_NO_EVIDENCE,,
,,0,2026-09-24T09:43:00,2026-09-24T11:11:00,88,EXCEL_RESPALDO,EXCEL,EXCEL,CTG_10235249287,2026-09-24,FOO953,MAIZ,MAIZ,PLATAFORMA1,PLATAFORMA1,LOS_CORRALES_DE_NICANOR,INGRESO,I,855909,005500000157,0000000076220,10235249287,,29420,MAIZ,PLATAFORMA1,,,PLATAFORMA1,LOS_CORRALES_DE_NICANOR,EXCEL_PLATFORM_PRODUCT,NO_TRUCKFLOW_EVIDENCE,ROUTE_UNKNOWN,"CONTRATO GLOBAL, CONTRATO GLOBAL",2026-09-24T09:43:00,2026-09-24T10:23:00,2026-09-24T11:11:00,,,0,NO_TRUCKFLOW_EXACT_PLATE_MATCH,,
,,0,2026-09-23T01:23:00,2026-09-24T11:14:00,2031,EXCEL_RESPALDO,EXCEL,EXCEL,COMPROB_000200434088,2026-09-24,DLH140,CHIP EN ORIGEN,CHIP EN ORIGEN,PLAYA_LEÑA_Y_CHIP,PLAYA LEÑA Y CHIP,AVELLANEDA,INGRESO,I,999822,000200434088,0001100082761,0,,31660,CHIP EN ORIGEN,PLAYA_LEÑA_Y_CHIP,,,PLAYA_LEÑA_Y_CHIP,AVELLANEDA,EXCEL_PLATFORM_PRODUCT,NO_TRUCKFLOW_EVIDENCE,ROUTE_UNKNOWN,,2026-09-23T01:23:00,,2026-09-24T11:14:00,,,0,NO_TRUCKFLOW_EXACT_PLATE_MATCH,,
,,0,2026-09-24T09:56:00,2026-09-24T11:17:00,81,EXCEL_RESPALDO,EXCEL,EXCEL,COMPROB_000200320734,2026-09-24,AD449TP,ALCOHOL ETILICO ANHIDRO P/ BIOCOMB ORIG CEREAL,ALCOHOL ETILICO ANHIDRO P/ BIOCOMB. ORIG. CEREAL,T1002,T1002,AVELLANEDA,EGRESO,E,95668,000200320734,,0,,33120,ALCOHOL ETILICO ANHIDRO P/ BIOCOMB ORIG CEREAL,T1002,,,T1002,AVELLANEDA,EXCEL_PLATFORM_PRODUCT,NO_TRUCKFLOW_EVIDENCE,ROUTE_UNKNOWN,"MERC. ENTREGADA POR C/O DE BIOENERG. AGROP. A YPF, CUPO:(SEPTIEMBRE 26), MERC. ENTREGADA POR C/O DE BIOENERG. AGROP. A YPF",2026-09-24T09:56:00,,2026-09-24T11:17:00,,,0,NO_TRUCKFLOW_EXACT_PLATE_MATCH,,
,,0,2026-09-24T11:19:00,2026-09-24T11:19:00,,EXCEL_RESPALDO,EXCEL,EXCEL,COMPROB_000200320735,2026-09-24,DLH140,CHIP EN ORIGEN,CHIP EN ORIGEN,,,AVELLANEDA,DESPACHO,DI,999822,000200320735,,0,,-31660,CHIP EN ORIGEN,,,,,AVELLANEDA,EXCEL_PLATFORM_PRODUCT,NO_TRUCKFLOW_EVIDENCE,ROUTE_UNKNOWN,DEVOLUCION RECIBO 000200434088,2026-09-24T11:19:00,,2026-09-24T11:19:00,,,0,NO_TRUCKFLOW_EXACT_PLATE_MATCH,,
,,0,2026-09-24T11:06:00,2026-09-24T11:21:00,15,EXCEL_RESPALDO,EXCEL,EXCEL,COMPROB_009702024171,2026-09-24,AC132NO,RESIDUOS ASIMILABLES A DOMICILIARIOS,RESIDUOS ASIMILABLES A DOMICILIARIOS,,,RENOPACK,EGRESO,E,50003,009702024171,,0,,0,RESIDUOS ASIMILABLES A DOMICILIARIOS,,,,,RENOPACK,EXCEL_PLATFORM_PRODUCT,NO_TRUCKFLOW_EVIDENCE,ROUTE_UNKNOWN,RESIDUOS DOMICILIARIOS RENOPACK. ENTRO CON VOLQUETE 11RP,2026-09-24T11:06:00,,2026-09-24T11:21:00,,,0,EXACT_PLATE_MATCH_OUTSIDE_TIME_WINDOW,,
,,0,2026-09-24T07:12:00,2026-09-24T11:21:00,249,EXCEL_RESPALDO,EXCEL,EXCEL,COMPROB_000400422629,2026-09-24,GJH043,ACEITE GIRASOL REFINADO,ACEITE GIRASOL REFINADO,ACEITE_OSL,ACEITE OSL,TERMINAL_EMBARQUE,EGRESO,E,11526,000400422629,,0,,28420,ACEITE GIRASOL REFINADO,ACEITE_OSL,LIQUIDO,SL1,ACEITE_OSL,TERMINAL_EMBARQUE,EXCEL_PLATFORM_PRODUCT,NO_TRUCKFLOW_EVIDENCE,ROUTE_UNKNOWN,FAZON RENOVA/BUNGE,2026-09-24T07:12:00,,2026-09-24T11:21:00,,,0,UNKNOWN_NO_EVIDENCE,,
,,0,2026-09-23T23:19:00,2026-09-24T11:26:00,727,EXCEL_RESPALDO,EXCEL,EXCEL,CTG_10135257402,2026-09-24,AC369WE,MAIZ,MAIZ,CELDA_171_-_CENTRO,CELDA 171 - CENTRO,AVELLANEDA,INGRESO,I,95611,000200434089,0000100001374,10135257402,VAV510360230926,35980,MAIZ,CELDA_171_-_CENTRO,,,CELDA_171_-_CENTRO,AVELLANEDA,EXCEL_PLATFORM_PRODUCT,NO_TRUCKFLOW_EVIDENCE,ROUTE_UNKNOWN,,2026-09-23T23:19:00,2026-09-24T05:28:00,2026-09-24T11:26:00,,,0,NO_TRUCKFLOW_EXACT_PLATE_MATCH,,
,,0,2026-09-24T09:45:00,2026-09-24T11:35:00,110,EXCEL_RESPALDO,EXCEL,EXCEL,CTG_10235249674,2026-09-24,BNB011,MAIZ,MAIZ,PLATAFORMA1,PLATAFORMA1,LOS_CORRALES_DE_NICANOR,INGRESO,I,855909,005500000158,0000000076222,10235249674,,28740,MAIZ,PLATAFORMA1,,,PLATAFORMA1,LOS_CORRALES_DE_NICANOR,EXCEL_PLATFORM_PRODUCT,NO_TRUCKFLOW_EVIDENCE,ROUTE_UNKNOWN,"CONTRATO GLOBAL, CONTRATO GLOBAL",2026-09-24T09:45:00,2026-09-24T10:24:00,2026-09-24T11:35:00,,,0,NO_TRUCKFLOW_EXACT_PLATE_MATCH,,
,,0,2026-09-23T15:00:00,2026-09-24T11:43:00,1243,EXCEL_RESPALDO,EXCEL,EXCEL,CTG_10235263222,2026-09-24,GEV868,GIRASOL,GIRASOL,VOLCABLE_1,VOLCABLE 1,RICARDONE,INGRESO,I,2000640,000301464666,1658100004551,10235263222,VIC599088230926,27900,GIRASOL,VOLCABLE_1,VOLCABLE,R5,VOLCABLE_1,RICARDONE,EXCEL_PLATFORM_PRODUCT,NO_TRUCKFLOW_EVIDENCE,ROUTE_UNKNOWN,"FAZON 2026, FAZON 2026",2026-09-23T15:00:00,2026-09-23T20:02:00,2026-09-24T11:43:00,,,0,UNKNOWN_NO_EVIDENCE,,
,,0,2026-09-24T10:17:00,2026-09-24T11:43:00,86,EXCEL_RESPALDO,EXCEL,EXCEL,COMPROB_005500000159,2026-09-24,HDZ039,HENO DE PASTURA CALIDAD INFERIOR,HENO DE PASTURA CALIDAD INFERIOR,,,LOS_CORRALES_DE_NICANOR,INGRESO,I,999774,005500000159,0000400000671,0,,11340,HENO DE PASTURA CALIDAD INFERIOR,,,,,LOS_CORRALES_DE_NICANOR,EXCEL_PLATFORM_PRODUCT,NO_TRUCKFLOW_EVIDENCE,ROUTE_UNKNOWN,"30 ROLLOS  ALFALFA, 30 ROLLOS  ALFALFA",2026-09-24T10:17:00,,2026-09-24T11:43:00,,,0,NO_TRUCKFLOW_EXACT_PLATE_MATCH,,
,,0,2026-09-24T09:26:00,2026-09-24T11:44:00,138,EXCEL_RESPALDO,EXCEL,EXCEL,COMPROB_009702023056,2026-09-24,AEM183,ACEITE SOJA REFINADO,ACEITE SOJA REFINADO,,,RENOPACK,INGRESO,I,50026,009702023056,0700100013479,0,,29460,ACEITE SOJA REFINADO,,LIQUIDO,,,RENOPACK,EXCEL_PLATFORM_PRODUCT,NO_TRUCKFLOW_EVIDENCE,ROUTE_UNKNOWN,"RECIBOS ACEITE REFINADO SOJA BUNGE , RECIBOS ACEITE REFINADO SOJA BUNGE",2026-09-24T09:26:00,,2026-09-24T11:44:00,,,0,NO_TRUCKFLOW_EXACT_PLATE_MATCH,,
,,0,2026-09-24T11:30:00,2026-09-24T11:45:00,15,EXCEL_RESPALDO,EXCEL,EXCEL,COMPROB_000200320736,2026-09-24,AH427GV,BURLANDA HUMEDA,BURLANDA HUMEDA,DEPOSITO_BURLANDAS,DEPOSITO BURLANDAS,AVELLANEDA,EGRESO,E,95951,000200320736,,0,,27100,BURLANDA HUMEDA,DEPOSITO_BURLANDAS,,,DEPOSITO_BURLANDAS,AVELLANEDA,EXCEL_PLATFORM_PRODUCT,NO_TRUCKFLOW_EVIDENCE,ROUTE_UNKNOWN,,2026-09-24T11:30:00,,2026-09-24T11:45:00,,,0,NO_TRUCKFLOW_EXACT_PLATE_MATCH,,
,,0,2026-09-24T10:53:00,2026-09-24T11:49:00,56,EXCEL_RESPALDO,EXCEL,EXCEL,COMPROB_009702023057,2026-09-24,GGM775,PRODUCTOS VARIOS,PRODUCTOS VARIOS,,,RENOPACK,INGRESO,I,50012,009702023057,0001300039156,0,,10720,PRODUCTOS VARIOS,,,,,RENOPACK,EXCEL_PLATFORM_PRODUCT,NO_TRUCKFLOW_EVIDENCE,ROUTE_UNKNOWN,"42 PALLET PREFORMA 87GRS (111.720), MOVIMIENTOS PROD VARIOS., 42 PALLET PREFORMA 87GRS (111.720), MOVIMIENTOS PROD VARIOS.",2026-09-24T10:53:00,,2026-09-24T11:49:00,,,0,NO_TRUCKFLOW_EXACT_PLATE_MATCH,,
,,0,2026-09-24T10:48:00,2026-09-24T12:15:00,87,EXCEL_RESPALDO,EXCEL,EXCEL,COMPROB_000200320737,2026-09-24,AE528HI,ALCOHOL ETILICO ANHIDRO P/ BIOCOMB ORIG CEREAL,ALCOHOL ETILICO ANHIDRO P/ BIOCOMB. ORIG. CEREAL,T1002,T1002,AVELLANEDA,EGRESO,E,95668,000200320737,,0,,29000,ALCOHOL ETILICO ANHIDRO P/ BIOCOMB ORIG CEREAL,T1002,,,T1002,AVELLANEDA,EXCEL_PLATFORM_PRODUCT,NO_TRUCKFLOW_EVIDENCE,ROUTE_UNKNOWN,"MERC. ENTREGADA POR C/O DE BIOENERG. AGROP. A YPF, CUPO:(SEPTIEMBRE 26), MERC. ENTREGADA POR C/O DE BIOENERG. AGROP. A YPF",2026-09-24T10:48:00,,2026-09-24T12:15:00,,,0,NO_TRUCKFLOW_EXACT_PLATE_MATCH,,
,,0,2026-09-24T10:29:00,2026-09-24T12:16:00,107,EXCEL_RESPALDO,EXCEL,EXCEL,COMPROB_005500000160,2026-09-24,DPH564,HENO DE PASTURA CALIDAD INFERIOR,HENO DE PASTURA CALIDAD INFERIOR,,,LOS_CORRALES_DE_NICANOR,INGRESO,I,999774,005500000160,0000400000672,0,,12080,HENO DE PASTURA CALIDAD INFERIOR,,,,,LOS_CORRALES_DE_NICANOR,EXCEL_PLATFORM_PRODUCT,NO_TRUCKFLOW_EVIDENCE,ROUTE_UNKNOWN,"ROLLOS  ALFALFA, ROLLOS  ALFALFA",2026-09-24T10:29:00,,2026-09-24T12:16:00,,,0,NO_TRUCKFLOW_EXACT_PLATE_MATCH,,
,,0,2026-09-24T12:25:00,2026-09-24T12:25:00,,EXCEL_RESPALDO,EXCEL,EXCEL,COMPROB_000200434090,2026-09-24,DLH140,CHIP EN ORIGEN,CHIP EN ORIGEN,,,AVELLANEDA,INGRESO,IA,999822,000200434090,0001100082761,0,,29880,CHIP EN ORIGEN,,,,,AVELLANEDA,EXCEL_PLATFORM_PRODUCT,NO_TRUCKFLOW_EVIDENCE,ROUTE_UNKNOWN,,2026-09-24T12:25:00,,2026-09-24T12:25:00,,,0,NO_TRUCKFLOW_EXACT_PLATE_MATCH,,
,,0,2026-09-23T23:31:00,2026-09-24T12:36:00,785,EXCEL_RESPALDO,EXCEL,EXCEL,CTG_10135257335,2026-09-24,AD644LA,MAIZ,MAIZ,CELDA_171_-_CENTRO,CELDA 171 - CENTRO,AVELLANEDA,INGRESO,I,95611,000200434091,0000100001373,10135257335,VAV074097230926,37200,MAIZ,CELDA_171_-_CENTRO,,,CELDA_171_-_CENTRO,AVELLANEDA,EXCEL_PLATFORM_PRODUCT,NO_TRUCKFLOW_EVIDENCE,ROUTE_UNKNOWN,,2026-09-23T23:31:00,2026-09-24T05:34:00,2026-09-24T12:36:00,,,0,NO_TRUCKFLOW_EXACT_PLATE_MATCH,,
,,0,2026-09-24T11:20:00,2026-09-24T12:39:00,79,EXCEL_RESPALDO,EXCEL,EXCEL,COMPROB_000200320738,2026-09-24,AG421OX,ALCOHOL ETILICO ANHIDRO P/ BIOCOMB ORIG CEREAL,ALCOHOL ETILICO ANHIDRO P/ BIOCOMB. ORIG. CEREAL,T1002,T1002,AVELLANEDA,EGRESO,E,95668,000200320738,,0,,35900,ALCOHOL ETILICO ANHIDRO P/ BIOCOMB ORIG CEREAL,T1002,,,T1002,AVELLANEDA,EXCEL_PLATFORM_PRODUCT,NO_TRUCKFLOW_EVIDENCE,ROUTE_UNKNOWN,"MERC. ENTREGADA POR C/O DE BIOENERG. AGROP. A YPF, CUPO:(SEPTIEMBRE 26), MERC. ENTREGADA POR C/O DE BIOENERG. AGROP. A YPF",2026-09-24T11:20:00,,2026-09-24T12:39:00,,,0,NO_TRUCKFLOW_EXACT_PLATE_MATCH,,
,,0,2026-09-24T09:47:00,2026-09-24T12:40:00,173,EXCEL_RESPALDO,EXCEL,EXCEL,COMPROB_009702023058,2026-09-24,AF595DW,ACEITE SOJA REFINADO,ACEITE SOJA REFINADO,,,RENOPACK,INGRESO,I,50026,009702023058,0700100013480,0,,31130,ACEITE SOJA REFINADO,,LIQUIDO,,,RENOPACK,EXCEL_PLATFORM_PRODUCT,NO_TRUCKFLOW_EVIDENCE,ROUTE_UNKNOWN,"RECIBOS ACEITE REFINADO SOJA BUNGE , RECIBOS ACEITE REFINADO SOJA BUNGE",2026-09-24T09:47:00,,2026-09-24T12:40:00,,,0,NO_TRUCKFLOW_EXACT_PLATE_MATCH,,
,,0,2026-09-24T10:36:00,2026-09-24T12:43:00,127,EXCEL_RESPALDO,EXCEL,EXCEL,COMPROB_009702023059,2026-09-24,GGX385,ACEITE SOJA REFINADO,ACEITE SOJA REFINADO,,,RENOPACK,INGRESO,I,50026,009702023059,0700100013483,0,,29350,ACEITE SOJA REFINADO,,LIQUIDO,,,RENOPACK,EXCEL_PLATFORM_PRODUCT,NO_TRUCKFLOW_EVIDENCE,ROUTE_UNKNOWN,"RECIBOS ACEITE REFINADO SOJA BUNGE , RECIBOS ACEITE REFINADO SOJA BUNGE",2026-09-24T10:36:00,,2026-09-24T12:43:00,,,0,NO_TRUCKFLOW_EXACT_PLATE_MATCH,,
,,0,2026-09-23T10:57:00,2026-09-24T12:43:00,1546,EXCEL_RESPALDO,EXCEL,EXCEL,CTG_10235224784,2026-09-24,CKH117,GIRASOL,GIRASOL,VOLCABLE_1,VOLCABLE 1,RICARDONE,INGRESO,I,2000640,000301464670,0240000004960,10235224784,VIC252527220926,29420,GIRASOL,VOLCABLE_1,VOLCABLE,R5,VOLCABLE_1,RICARDONE,EXCEL_PLATFORM_PRODUCT,NO_TRUCKFLOW_EVIDENCE,ROUTE_UNKNOWN,"FAZON 2026, FAZON 2026",2026-09-23T10:57:00,2026-09-23T20:09:00,2026-09-24T12:43:00,,,0,UNKNOWN_NO_EVIDENCE,,
,,0,2026-09-24T00:04:00,2026-09-24T13:06:00,782,EXCEL_RESPALDO,EXCEL,EXCEL,CTG_10135261325,2026-09-24,AA583WK,MAIZ,MAIZ,CELDA_171_-_CENTRO,CELDA 171 - CENTRO,AVELLANEDA,INGRESO,I,95611,000200434092,0000100023064,10135261325,VAV929794240926,37140,MAIZ,CELDA_171_-_CENTRO,,,CELDA_171_-_CENTRO,AVELLANEDA,EXCEL_PLATFORM_PRODUCT,NO_TRUCKFLOW_EVIDENCE,ROUTE_UNKNOWN,,2026-09-24T00:04:00,2026-09-24T06:01:00,2026-09-24T13:06:00,,,0,NO_TRUCKFLOW_EXACT_PLATE_MATCH,,
,,0,2026-09-24T12:15:00,2026-09-24T13:20:00,65,EXCEL_RESPALDO,EXCEL,EXCEL,COMPROB_000200320739,2026-09-24,HYH111,DDG BURLANDA SECA DE MAIZ SIN SOLUBLES,DDG BURLANDA SECA DE MAIZ SIN SOLUBLES,DEPOSITO_BURLANDAS,DEPOSITO BURLANDAS,AVELLANEDA,EGRESO,E,96028,000200320739,,0,,28520,DDG BURLANDA SECA DE MAIZ SIN SOLUBLES,DEPOSITO_BURLANDAS,,,DEPOSITO_BURLANDAS,AVELLANEDA,EXCEL_PLATFORM_PRODUCT,NO_TRUCKFLOW_EVIDENCE,ROUTE_UNKNOWN,,2026-09-24T12:15:00,,2026-09-24T13:20:00,,,0,NO_TRUCKFLOW_EXACT_PLATE_MATCH,,
,,0,2026-09-24T13:35:00,2026-09-24T13:35:00,,EXCEL_RESPALDO,EXCEL,EXCEL,COMPROB_000200320740,2026-09-24,VVVVV,RESIDUOS ASIMILABLES A DOMICILIARIOS,RESIDUOS ASIMILABLES A DOMICILIARIOS,,,AVELLANEDA,EGRESO,EA,88262,000200320740,,0,,140,RESIDUOS ASIMILABLES A DOMICILIARIOS,,,,,AVELLANEDA,EXCEL_PLATFORM_PRODUCT,NO_TRUCKFLOW_EVIDENCE,ROUTE_UNKNOWN,,2026-09-24T13:35:00,,2026-09-24T13:35:00,,,0,NO_TRUCKFLOW_EXACT_PLATE_MATCH,,
,,0,2026-09-24T12:35:00,2026-09-24T13:39:00,64,EXCEL_RESPALDO,EXCEL,EXCEL,COMPROB_000200320741,2026-09-24,AF757GV,ALCOHOL ETILICO ANHIDRO P/ BIOCOMB ORIG CEREAL,ALCOHOL ETILICO ANHIDRO P/ BIOCOMB. ORIG. CEREAL,T1002,T1002,AVELLANEDA,EGRESO,E,95668,000200320741,,0,,33600,ALCOHOL ETILICO ANHIDRO P/ BIOCOMB ORIG CEREAL,T1002,,,T1002,AVELLANEDA,EXCEL_PLATFORM_PRODUCT,NO_TRUCKFLOW_EVIDENCE,ROUTE_UNKNOWN,"MERC. ENTREGADA POR C/O DE BIO ENERG. AGROP. A YPF, CUPO:(SEPTIEMBRE 26), MERC. ENTREGADA POR C/O DE BIO ENERG. AGROP. A YPF",2026-09-24T12:35:00,,2026-09-24T13:39:00,,,0,NO_TRUCKFLOW_EXACT_PLATE_MATCH,,
,,0,2026-09-23T16:42:00,2026-09-24T13:42:00,1260,EXCEL_RESPALDO,EXCEL,EXCEL,CTG_10235248566,2026-09-24,HYO276,GIRASOL,GIRASOL,VOLCABLE_1,VOLCABLE 1,RICARDONE,INGRESO,I,2000640,000301464674,0010000568756,10235248566,VIC058079230926,35600,GIRASOL,VOLCABLE_1,VOLCABLE,R5,VOLCABLE_1,RICARDONE,EXCEL_PLATFORM_PRODUCT,NO_TRUCKFLOW_EVIDENCE,ROUTE_UNKNOWN,"FAZON 2026, FAZON 2026",2026-09-23T16:42:00,2026-09-24T08:59:00,2026-09-24T13:42:00,,,0,NO_TRUCKFLOW_EXACT_PLATE_MATCH,,
,,0,2026-09-23T20:14:00,2026-09-24T13:48:00,1054,EXCEL_RESPALDO,EXCEL,EXCEL,CTG_10235252719,2026-09-24,GBS438,MAIZ,MAIZ,CELDA_171_-_CENTRO,CELDA 171 - CENTRO,AVELLANEDA,INGRESO,I,95611,000200434093,0000000003054,10235252719,,35620,MAIZ,CELDA_171_-_CENTRO,,,CELDA_171_-_CENTRO,AVELLANEDA,EXCEL_PLATFORM_PRODUCT,NO_TRUCKFLOW_EVIDENCE,ROUTE_UNKNOWN,,2026-09-23T20:14:00,2026-09-24T07:47:00,2026-09-24T13:48:00,,,0,NO_TRUCKFLOW_EXACT_PLATE_MATCH,,
,,0,2026-09-24T13:16:00,2026-09-24T13:51:00,35,EXCEL_RESPALDO,EXCEL,EXCEL,COMPROB_000200320742,2026-09-24,AF413NR,BURLANDA HUMEDA,BURLANDA HUMEDA,DEPOSITO_BURLANDAS,DEPOSITO BURLANDAS,AVELLANEDA,EGRESO,E,95989,000200320742,,0,,27160,BURLANDA HUMEDA,DEPOSITO_BURLANDAS,,,DEPOSITO_BURLANDAS,AVELLANEDA,EXCEL_PLATFORM_PRODUCT,NO_TRUCKFLOW_EVIDENCE,ROUTE_UNKNOWN,,2026-09-24T13:16:00,,2026-09-24T13:51:00,,,0,NO_TRUCKFLOW_EXACT_PLATE_MATCH,,
,,0,2026-09-24T12:58:00,2026-09-24T13:54:00,56,EXCEL_RESPALDO,EXCEL,EXCEL,COMPROB_000200320743,2026-09-24,AE255RI,BURLANDA HUMEDA,BURLANDA HUMEDA,DEPOSITO_BURLANDAS,DEPOSITO BURLANDAS,AVELLANEDA,EGRESO,E,96010,000200320743,,0,,28380,BURLANDA HUMEDA,DEPOSITO_BURLANDAS,,,DEPOSITO_BURLANDAS,AVELLANEDA,EXCEL_PLATFORM_PRODUCT,NO_TRUCKFLOW_EVIDENCE,ROUTE_UNKNOWN,,2026-09-24T12:58:00,,2026-09-24T13:54:00,,,0,NO_TRUCKFLOW_EXACT_PLATE_MATCH,,
,,0,2026-09-24T00:09:00,2026-09-24T14:23:00,854,EXCEL_RESPALDO,EXCEL,EXCEL,CTG_10135273525,2026-09-24,OGN249,MAIZ,MAIZ,CELDA_171_-_CENTRO,CELDA 171 - CENTRO,AVELLANEDA,INGRESO,I,95611,000200434094,0000100023096,10135273525,VAV199448240926,31160,MAIZ,CELDA_171_-_CENTRO,,,CELDA_171_-_CENTRO,AVELLANEDA,EXCEL_PLATFORM_PRODUCT,NO_TRUCKFLOW_EVIDENCE,ROUTE_UNKNOWN,,2026-09-24T00:09:00,2026-09-24T06:16:00,2026-09-24T14:23:00,,,0,NO_TRUCKFLOW_EXACT_PLATE_MATCH,,
,,0,2026-09-24T13:39:00,2026-09-24T14:47:00,68,EXCEL_RESPALDO,EXCEL,EXCEL,COMPROB_000200320744,2026-09-24,AE924IE,ALCOHOL ETILICO ANHIDRO P/ BIOCOMB ORIG CEREAL,ALCOHOL ETILICO ANHIDRO P/ BIOCOMB. ORIG. CEREAL,T1002,T1002,AVELLANEDA,EGRESO,E,95668,000200320744,,0,,33400,ALCOHOL ETILICO ANHIDRO P/ BIOCOMB ORIG CEREAL,T1002,,,T1002,AVELLANEDA,EXCEL_PLATFORM_PRODUCT,NO_TRUCKFLOW_EVIDENCE,ROUTE_UNKNOWN,"MERC. ENTREGADA POR C/O DE BIOENERG. AGROP. A YPF, CUPO:(SEPTIEMBRE 26), MERC. ENTREGADA POR C/O DE BIOENERG. AGROP. A YPF",2026-09-24T13:39:00,,2026-09-24T14:47:00,,,0,NO_TRUCKFLOW_EXACT_PLATE_MATCH,,
,,0,2026-09-24T13:05:00,2026-09-24T14:53:00,108,EXCEL_RESPALDO,EXCEL,EXCEL,COMPROB_000200434095,2026-09-24,FOZ362,LEÑA CORTA SELECC,LEÑA CORTA SELECC,PLAYA_LEÑA_Y_CHIP,PLAYA LEÑA Y CHIP,AVELLANEDA,INGRESO,I,999811,000200434095,0000400002094,0,,28360,LEÑA CORTA SELECC,PLAYA_LEÑA_Y_CHIP,,,PLAYA_LEÑA_Y_CHIP,AVELLANEDA,EXCEL_PLATFORM_PRODUCT,NO_TRUCKFLOW_EVIDENCE,ROUTE_UNKNOWN,,2026-09-24T13:05:00,,2026-09-24T14:53:00,,,0,NO_TRUCKFLOW_EXACT_PLATE_MATCH,,
,,0,2026-09-24T00:07:00,2026-09-24T15:13:00,906,EXCEL_RESPALDO,EXCEL,EXCEL,CTG_10135265247,2026-09-24,AB086UQ,MAIZ,MAIZ,CELDA_171_-_CENTRO,CELDA 171 - CENTRO,AVELLANEDA,INGRESO,I,95611,000200434096,0000000072716,10135265247,VAV531211230926,35360,MAIZ,CELDA_171_-_CENTRO,,,CELDA_171_-_CENTRO,AVELLANEDA,EXCEL_PLATFORM_PRODUCT,NO_TRUCKFLOW_EVIDENCE,ROUTE_UNKNOWN,,2026-09-24T00:07:00,2026-09-24T10:17:00,2026-09-24T15:13:00,,,0,NO_TRUCKFLOW_EXACT_PLATE_MATCH,,
,,0,2026-09-24T08:44:00,2026-09-24T15:16:00,392,EXCEL_RESPALDO,EXCEL,EXCEL,COMPROB_009702024172,2026-09-24,JHBV55,ACEITE SOJA ENVASADO,ACEITE SOJA ENVASADO,,,RENOPACK,EGRESO,E,50027,009702024172,,0,,26990,ACEITE SOJA ENVASADO,,LIQUIDO,,,RENOPACK,EXCEL_PLATFORM_PRODUCT,NO_TRUCKFLOW_EVIDENCE,ROUTE_UNKNOWN,DESPACHOS RENOPACK/BUNGE EXPORTACION,2026-09-24T08:44:00,,2026-09-24T15:16:00,,,0,NO_TRUCKFLOW_EXACT_PLATE_MATCH,,
,,0,2026-09-24T08:24:00,2026-09-24T15:23:00,419,EXCEL_RESPALDO,EXCEL,EXCEL,COMPROB_009702024173,2026-09-24,AA765NX,ACEITE GIRASOL ENVASADO,ACEITE GIRASOL ENVASADO,,,RENOPACK,EGRESO,E,50043,009702024173,,0,,27600,ACEITE GIRASOL ENVASADO,,LIQUIDO,,,RENOPACK,EXCEL_PLATFORM_PRODUCT,NO_TRUCKFLOW_EVIDENCE,ROUTE_UNKNOWN,EXPORTACION COMMODITIES,2026-09-24T08:24:00,,2026-09-24T15:23:00,,,0,NO_TRUCKFLOW_EXACT_PLATE_MATCH,,
,,0,2026-09-24T10:46:00,2026-09-24T15:27:00,281,EXCEL_RESPALDO,EXCEL,EXCEL,COMPROB_009702023060,2026-09-24,KFC224,ACEITE SOJA REFINADO,ACEITE SOJA REFINADO,,,RENOPACK,INGRESO,I,50026,009702023060,0000100017543,0,,29270,ACEITE SOJA REFINADO,,LIQUIDO,,,RENOPACK,EXCEL_PLATFORM_PRODUCT,NO_TRUCKFLOW_EVIDENCE,ROUTE_UNKNOWN,"RECIBOS ACEITE REFINADO SOJA BUNGE , RECIBOS ACEITE REFINADO SOJA BUNGE",2026-09-24T10:46:00,,2026-09-24T15:27:00,,,0,NO_TRUCKFLOW_EXACT_PLATE_MATCH,,
,,0,2026-09-24T00:11:00,2026-09-24T15:28:00,917,EXCEL_RESPALDO,EXCEL,EXCEL,CTG_10135261298,2026-09-24,EFU743,MAIZ,MAIZ,CELDA_171_-_CENTRO,CELDA 171 - CENTRO,AVELLANEDA,INGRESO,I,95611,000200434097,0000100023063,10135261298,VAV619467240926,30660,MAIZ,CELDA_171_-_CENTRO,,,CELDA_171_-_CENTRO,AVELLANEDA,EXCEL_PLATFORM_PRODUCT,NO_TRUCKFLOW_EVIDENCE,ROUTE_UNKNOWN,,2026-09-24T00:11:00,2026-09-24T07:15:00,2026-09-24T15:28:00,,,0,NO_TRUCKFLOW_EXACT_PLATE_MATCH,,
,,0,2026-09-24T11:24:00,2026-09-24T15:36:00,252,EXCEL_RESPALDO,EXCEL,EXCEL,COMPROB_000400422650,2026-09-24,AD829RY,BORRA ACEITE GIRASOL,BORRA ACEITE GIRASOL,ACEITE_OSL,ACEITE OSL,TERMINAL_EMBARQUE,EGRESO,E,96060,000400422650,,0,,8740,BORRA ACEITE GIRASOL,ACEITE_OSL,LIQUIDO,SL1,ACEITE_OSL,TERMINAL_EMBARQUE,EXCEL_PLATFORM_PRODUCT,NO_TRUCKFLOW_EVIDENCE,ROUTE_UNKNOWN,"LIMPIEZA DE FONDO DE TQ 07, LIMPIEZA TK07.,  LIMPIEZA DE FONDO DE TQ 07",2026-09-24T11:24:00,,2026-09-24T15:36:00,,,0,EXACT_PLATE_MATCH_OUTSIDE_TIME_WINDOW,,
,,0,2026-09-24T11:54:00,2026-09-24T15:39:00,225,EXCEL_RESPALDO,EXCEL,EXCEL,COMPROB_009702023061,2026-09-24,AD671EG,ACEITE SOJA REFINADO,ACEITE SOJA REFINADO,,,RENOPACK,INGRESO,I,50026,009702023061,0000100017544,0,,29800,ACEITE SOJA REFINADO,,LIQUIDO,,,RENOPACK,EXCEL_PLATFORM_PRODUCT,NO_TRUCKFLOW_EVIDENCE,ROUTE_UNKNOWN,"RECIBOS ACEITE REFINADO SOJA BUNGE , RECIBOS ACEITE REFINADO SOJA BUNGE",2026-09-24T11:54:00,,2026-09-24T15:39:00,,,0,NO_TRUCKFLOW_EXACT_PLATE_MATCH,,
,,0,2026-09-23T01:29:00,2026-09-24T15:42:00,2293,EXCEL_RESPALDO,EXCEL,EXCEL,COMPROB_000200434098,2026-09-24,AB047NX,CHIP DE EUCALIPTUS,CHIP DE EUCALIPTUS,PLAYA_LEÑA_Y_CHIP,PLAYA LEÑA Y CHIP,AVELLANEDA,INGRESO,I,999821,000200434098,0000100003789,0,,28740,CHIP DE EUCALIPTUS,PLAYA_LEÑA_Y_CHIP,,,PLAYA_LEÑA_Y_CHIP,AVELLANEDA,EXCEL_PLATFORM_PRODUCT,NO_TRUCKFLOW_EVIDENCE,ROUTE_UNKNOWN,,2026-09-23T01:29:00,,2026-09-24T15:42:00,,,0,NO_TRUCKFLOW_EXACT_PLATE_MATCH,,
,,0,2026-09-24T08:25:00,2026-09-24T15:42:00,437,EXCEL_RESPALDO,EXCEL,EXCEL,COMPROB_009702024174,2026-09-24,AG725SV,ACEITE GIRASOL ENVASADO,ACEITE GIRASOL ENVASADO,,,RENOPACK,EGRESO,E,50043,009702024174,,0,,27590,ACEITE GIRASOL ENVASADO,,LIQUIDO,,,RENOPACK,EXCEL_PLATFORM_PRODUCT,NO_TRUCKFLOW_EVIDENCE,ROUTE_UNKNOWN,EXPORTACION COMMODITIES,2026-09-24T08:25:00,,2026-09-24T15:42:00,,,0,NO_TRUCKFLOW_EXACT_PLATE_MATCH,,
,,0,2026-09-24T15:31:00,2026-09-24T15:52:00,21,EXCEL_RESPALDO,EXCEL,EXCEL,COMPROB_009702023062,2026-09-24,AG557QY,PRODUCTOS VARIOS,PRODUCTOS VARIOS,,,RENOPACK,INGRESO,I,50012,009702023062,0002460012005,0,,610,PRODUCTOS VARIOS,,,,,RENOPACK,EXCEL_PLATFORM_PRODUCT,NO_TRUCKFLOW_EVIDENCE,ROUTE_UNKNOWN,"3 PALLETS PLANCH_01_1 PLANCHA DE CARTON 1100X10000, MOVIMIENTOS PROD VARIOS., 3 PALLETS PLANCH_01_1 PLANCHA DE CARTON 1100X10000, MOVIMIENTOS PROD VARIOS.",2026-09-24T15:31:00,,2026-09-24T15:52:00,,,0,NO_TRUCKFLOW_EXACT_PLATE_MATCH,,
,,0,2026-09-24T14:59:00,2026-09-24T16:02:00,63,EXCEL_RESPALDO,EXCEL,EXCEL,COMPROB_000200434099,2026-09-24,AI198PC,CHIP DE EUCALIPTUS,CHIP DE EUCALIPTUS,PLAYA_LEÑA_Y_CHIP,PLAYA LEÑA Y CHIP,AVELLANEDA,INGRESO,I,999821,000200434099,0000100014670,0,,32680,CHIP DE EUCALIPTUS,PLAYA_LEÑA_Y_CHIP,,,PLAYA_LEÑA_Y_CHIP,AVELLANEDA,EXCEL_PLATFORM_PRODUCT,NO_TRUCKFLOW_EVIDENCE,ROUTE_UNKNOWN,,2026-09-24T14:59:00,,2026-09-24T16:02:00,,,0,NO_TRUCKFLOW_EXACT_PLATE_MATCH,,
,,0,2026-09-24T14:57:00,2026-09-24T16:04:00,67,EXCEL_RESPALDO,EXCEL,EXCEL,COMPROB_000200434100,2026-09-24,AG015KW,CHIP DE PINO,CHIP DE PINO,PLAYA_LEÑA_Y_CHIP,PLAYA LEÑA Y CHIP,AVELLANEDA,INGRESO,I,999823,000200434100,0000100014669,0,,32580,CHIP DE PINO,PLAYA_LEÑA_Y_CHIP,,,PLAYA_LEÑA_Y_CHIP,AVELLANEDA,EXCEL_PLATFORM_PRODUCT,NO_TRUCKFLOW_EVIDENCE,ROUTE_UNKNOWN,,2026-09-24T14:57:00,,2026-09-24T16:04:00,,,0,NO_TRUCKFLOW_EXACT_PLATE_MATCH,,
,,0,2026-09-24T00:13:00,2026-09-24T16:07:00,954,EXCEL_RESPALDO,EXCEL,EXCEL,CTG_10135261191,2026-09-24,KBE850,MAIZ,MAIZ,CELDA_171_-_CENTRO,CELDA 171 - CENTRO,AVELLANEDA,INGRESO,I,95611,000200434101,0000100023060,10135261191,VAV177989240926,31440,MAIZ,CELDA_171_-_CENTRO,,,CELDA_171_-_CENTRO,AVELLANEDA,EXCEL_PLATFORM_PRODUCT,NO_TRUCKFLOW_EVIDENCE,ROUTE_UNKNOWN,,2026-09-24T00:13:00,2026-09-24T06:24:00,2026-09-24T16:07:00,,,0,NO_TRUCKFLOW_EXACT_PLATE_MATCH,,
,,0,2026-09-24T12:48:00,2026-09-24T16:29:00,221,EXCEL_RESPALDO,EXCEL,EXCEL,COMPROB_009702023063,2026-09-24,AA421OL,ACEITE SOJA REFINADO,ACEITE SOJA REFINADO,,,RENOPACK,INGRESO,I,50026,009702023063,0000100017545,0,,34930,ACEITE SOJA REFINADO,,LIQUIDO,,,RENOPACK,EXCEL_PLATFORM_PRODUCT,NO_TRUCKFLOW_EVIDENCE,ROUTE_UNKNOWN,"RECIBOS ACEITE REFINADO SOJA BUNGE , RECIBOS ACEITE REFINADO SOJA BUNGE",2026-09-24T12:48:00,,2026-09-24T16:29:00,,,0,NO_TRUCKFLOW_EXACT_PLATE_MATCH,,
,,0,2026-09-24T09:08:00,2026-09-24T16:54:00,466,EXCEL_RESPALDO,EXCEL,EXCEL,COMPROB_000200434102,2026-09-24,TUA250,LEÑA CORTA SELECC,LEÑA CORTA SELECC,PLAYA_LEÑA_Y_CHIP,PLAYA LEÑA Y CHIP,AVELLANEDA,INGRESO,I,999811,000200434102,0000200000062,0,,19480,LEÑA CORTA SELECC,PLAYA_LEÑA_Y_CHIP,,,PLAYA_LEÑA_Y_CHIP,AVELLANEDA,EXCEL_PLATFORM_PRODUCT,NO_TRUCKFLOW_EVIDENCE,ROUTE_UNKNOWN,,2026-09-24T09:08:00,,2026-09-24T16:54:00,,,0,NO_TRUCKFLOW_EXACT_PLATE_MATCH,,
,,0,2026-09-24T15:23:00,2026-09-24T17:04:00,101,EXCEL_RESPALDO,EXCEL,EXCEL,COMPROB_000200434103,2026-09-24,WEM025,LEÑA CORTA SELECC,LEÑA CORTA SELECC,PLAYA_LEÑA_Y_CHIP,PLAYA LEÑA Y CHIP,AVELLANEDA,INGRESO,I,999811,000200434103,0000100001022,0,,32440,LEÑA CORTA SELECC,PLAYA_LEÑA_Y_CHIP,,,PLAYA_LEÑA_Y_CHIP,AVELLANEDA,EXCEL_PLATFORM_PRODUCT,NO_TRUCKFLOW_EVIDENCE,ROUTE_UNKNOWN,,2026-09-24T15:23:00,,2026-09-24T17:04:00,,,0,NO_TRUCKFLOW_EXACT_PLATE_MATCH,,
,,0,2026-09-24T00:28:00,2026-09-24T17:37:00,1029,EXCEL_RESPALDO,EXCEL,EXCEL,CTG_10135261216,2026-09-24,GJY114,MAIZ,MAIZ,CELDA_171_-_CENTRO,CELDA 171 - CENTRO,AVELLANEDA,INGRESO,I,95611,000200434104,0000100023061,10135261216,VAV323335240926,37120,MAIZ,CELDA_171_-_CENTRO,,,CELDA_171_-_CENTRO,AVELLANEDA,EXCEL_PLATFORM_PRODUCT,NO_TRUCKFLOW_EVIDENCE,ROUTE_UNKNOWN,,2026-09-24T00:28:00,2026-09-24T08:43:00,2026-09-24T17:37:00,,,0,NO_TRUCKFLOW_EXACT_PLATE_MATCH,,
,,0,2026-09-24T14:43:00,2026-09-24T18:03:00,200,EXCEL_RESPALDO,EXCEL,EXCEL,COMPROB_000400422660,2026-09-24,IFK980,ACEITE GIRASOL REFINADO,ACEITE GIRASOL REFINADO,ACEITE_OSL,ACEITE OSL,TERMINAL_EMBARQUE,EGRESO,E,11526,000400422660,,0,,28040,ACEITE GIRASOL REFINADO,ACEITE_OSL,LIQUIDO,SL1,ACEITE_OSL,TERMINAL_EMBARQUE,EXCEL_PLATFORM_PRODUCT,NO_TRUCKFLOW_EVIDENCE,ROUTE_UNKNOWN,FAZON RENOVA/BUNGE,2026-09-24T14:43:00,,2026-09-24T18:03:00,,,0,EXACT_PLATE_MATCH_OUTSIDE_TIME_WINDOW,,
,,0,2026-09-24T00:16:00,2026-09-24T18:29:00,1093,EXCEL_RESPALDO,EXCEL,EXCEL,CTG_10135261249,2026-09-24,AI060FL,MAIZ,MAIZ,CELDA_171_-_CENTRO,CELDA 171 - CENTRO,AVELLANEDA,INGRESO,I,95611,000200434105,0000100023062,10135261249,VAV553825240926,36440,MAIZ,CELDA_171_-_CENTRO,,,CELDA_171_-_CENTRO,AVELLANEDA,EXCEL_PLATFORM_PRODUCT,NO_TRUCKFLOW_EVIDENCE,ROUTE_UNKNOWN,,2026-09-24T00:16:00,2026-09-24T10:44:00,2026-09-24T18:29:00,,,0,NO_TRUCKFLOW_EXACT_PLATE_MATCH,,
,,0,2026-09-23T10:29:00,2026-09-24T18:42:00,1933,EXCEL_RESPALDO,EXCEL,EXCEL,COMPROB_000200434106,2026-09-24,EKI017,CHIP DE EUCALIPTUS,CHIP DE EUCALIPTUS,PLAYA_LEÑA_Y_CHIP,PLAYA LEÑA Y CHIP,AVELLANEDA,INGRESO,I,999821,000200434106,0000100000778,0,,29380,CHIP DE EUCALIPTUS,PLAYA_LEÑA_Y_CHIP,,,PLAYA_LEÑA_Y_CHIP,AVELLANEDA,EXCEL_PLATFORM_PRODUCT,NO_TRUCKFLOW_EVIDENCE,ROUTE_UNKNOWN,,2026-09-23T10:29:00,,2026-09-24T18:42:00,,,0,NO_TRUCKFLOW_EXACT_PLATE_MATCH,,
,,0,2026-09-24T00:33:00,2026-09-24T18:50:00,1097,EXCEL_RESPALDO,EXCEL,EXCEL,CTG_10135260265,2026-09-24,KIH452,MAIZ,MAIZ,CELDA_171_-_CENTRO,CELDA 171 - CENTRO,AVELLANEDA,INGRESO,I,95611,000200434107,0000000072692,10135260265,VAV616427230926,30120,MAIZ,CELDA_171_-_CENTRO,,,CELDA_171_-_CENTRO,AVELLANEDA,EXCEL_PLATFORM_PRODUCT,NO_TRUCKFLOW_EVIDENCE,ROUTE_UNKNOWN,,2026-09-24T00:33:00,2026-09-24T10:18:00,2026-09-24T18:50:00,,,0,NO_TRUCKFLOW_EXACT_PLATE_MATCH,,
,,0,2026-09-24T00:35:00,2026-09-24T19:18:00,1123,EXCEL_RESPALDO,EXCEL,EXCEL,CTG_10135259112,2026-09-24,HLB499,MAIZ,MAIZ,CELDA_171_-_CENTRO,CELDA 171 - CENTRO,AVELLANEDA,INGRESO,I,95611,000200434108,0000000072686,10135259112,VAV522352230926,30540,MAIZ,CELDA_171_-_CENTRO,,,CELDA_171_-_CENTRO,AVELLANEDA,EXCEL_PLATFORM_PRODUCT,NO_TRUCKFLOW_EVIDENCE,ROUTE_UNKNOWN,,2026-09-24T00:35:00,2026-09-24T10:19:00,2026-09-24T19:18:00,,,0,NO_TRUCKFLOW_EXACT_PLATE_MATCH,,
,,0,2026-09-24T16:02:00,2026-09-24T19:19:00,197,EXCEL_RESPALDO,EXCEL,EXCEL,COMPROB_009702024175,2026-09-24,NLZ241,ACEITE GIRASOL ENVASADO,ACEITE GIRASOL ENVASADO,,,RENOPACK,EGRESO,E,50009,009702024175,,0,,27290,ACEITE GIRASOL ENVASADO,,LIQUIDO,,,RENOPACK,EXCEL_PLATFORM_PRODUCT,NO_TRUCKFLOW_EVIDENCE,ROUTE_UNKNOWN,"DESTINO: ESQUINA-GOYA. 1C, DESPACHOS MERCADO INTERNO, DESTINO: ESQUINA-GOYA. 1C",2026-09-24T16:02:00,,2026-09-24T19:19:00,,,0,NO_TRUCKFLOW_EXACT_PLATE_MATCH,,
,,0,2026-09-24T00:42:00,2026-09-24T19:45:00,1143,EXCEL_RESPALDO,EXCEL,EXCEL,CTG_10135249088,2026-09-24,SEB315,MAIZ,MAIZ,CELDA_171_-_CENTRO,CELDA 171 - CENTRO,AVELLANEDA,INGRESO,I,95611,000200434109,0000000005645,10135249088,VAV920178220926,30700,MAIZ,CELDA_171_-_CENTRO,,,CELDA_171_-_CENTRO,AVELLANEDA,EXCEL_PLATFORM_PRODUCT,NO_TRUCKFLOW_EVIDENCE,ROUTE_UNKNOWN,,2026-09-24T00:42:00,2026-09-24T06:46:00,2026-09-24T19:45:00,,,0,NO_TRUCKFLOW_EXACT_PLATE_MATCH,,
,,0,2026-09-24T00:45:00,2026-09-24T20:04:00,1159,EXCEL_RESPALDO,EXCEL,EXCEL,CTG_10135273513,2026-09-24,EOR702,MAIZ,MAIZ,CELDA_171_-_CENTRO,CELDA 171 - CENTRO,AVELLANEDA,INGRESO,I,95611,000200434110,0000100023095,10135273513,VAV026849240926,30100,MAIZ,CELDA_171_-_CENTRO,,,CELDA_171_-_CENTRO,AVELLANEDA,EXCEL_PLATFORM_PRODUCT,NO_TRUCKFLOW_EVIDENCE,ROUTE_UNKNOWN,,2026-09-24T00:45:00,2026-09-24T07:02:00,2026-09-24T20:04:00,,,0,NO_TRUCKFLOW_EXACT_PLATE_MATCH,,
,,0,2026-09-24T01:14:00,2026-09-24T20:49:00,1175,EXCEL_RESPALDO,EXCEL,EXCEL,CTG_10135247002,2026-09-24,SHH123,MAIZ,MAIZ,CELDA_171_-_CENTRO,CELDA 171 - CENTRO,AVELLANEDA,INGRESO,I,95611,000200434111,0000100014662,10135247002,VAV193627230926,29920,MAIZ,CELDA_171_-_CENTRO,,,CELDA_171_-_CENTRO,AVELLANEDA,EXCEL_PLATFORM_PRODUCT,NO_TRUCKFLOW_EVIDENCE,ROUTE_UNKNOWN,,2026-09-24T01:14:00,2026-09-24T11:22:00,2026-09-24T20:49:00,,,0,NO_TRUCKFLOW_EXACT_PLATE_MATCH,,
,,0,2026-09-24T18:06:00,2026-09-24T20:54:00,168,EXCEL_RESPALDO,EXCEL,EXCEL,COMPROB_009702024176,2026-09-24,KDV347,ACEITE GIRASOL ENVASADO,ACEITE GIRASOL ENVASADO,,,RENOPACK,EGRESO,E,50009,009702024176,,0,,26740,ACEITE GIRASOL ENVASADO,,LIQUIDO,,,RENOPACK,EXCEL_PLATFORM_PRODUCT,NO_TRUCKFLOW_EVIDENCE,ROUTE_UNKNOWN,DESPACHOS MERCADO INTERNO,2026-09-24T18:06:00,,2026-09-24T20:54:00,,,0,NO_TRUCKFLOW_EXACT_PLATE_MATCH,,
,,0,2026-09-24T01:11:00,2026-09-24T21:09:00,1198,EXCEL_RESPALDO,EXCEL,EXCEL,CTG_10135261101,2026-09-24,FCC629,MAIZ,MAIZ,CELDA_171_-_CENTRO,CELDA 171 - CENTRO,AVELLANEDA,INGRESO,I,95611,000200434112,0000100023058,10135261101,VAV484863230926,34920,MAIZ,CELDA_171_-_CENTRO,,,CELDA_171_-_CENTRO,AVELLANEDA,EXCEL_PLATFORM_PRODUCT,NO_TRUCKFLOW_EVIDENCE,ROUTE_UNKNOWN,,2026-09-24T01:11:00,2026-09-24T08:34:00,2026-09-24T21:09:00,,,0,NO_TRUCKFLOW_EXACT_PLATE_MATCH,,
,,0,2026-09-24T01:22:00,2026-09-24T21:59:00,1237,EXCEL_RESPALDO,EXCEL,EXCEL,CTG_10235271261,2026-09-24,OLK500,MAIZ,MAIZ,CELDA_171_-_CENTRO,CELDA 171 - CENTRO,AVELLANEDA,INGRESO,I,95611,000200434113,0010000569175,10235271261,VAV466100240926,35480,MAIZ,CELDA_171_-_CENTRO,,,CELDA_171_-_CENTRO,AVELLANEDA,EXCEL_PLATFORM_PRODUCT,NO_TRUCKFLOW_EVIDENCE,ROUTE_UNKNOWN,,2026-09-24T01:22:00,2026-09-24T07:49:00,2026-09-24T21:59:00,,,0,NO_TRUCKFLOW_EXACT_PLATE_MATCH,,
,,0,2026-09-24T21:08:00,2026-09-24T22:01:00,53,EXCEL_RESPALDO,EXCEL,EXCEL,COMPROB_000200434114,2026-09-24,RER636,LEÑA CORTA SELECC,LEÑA CORTA SELECC,PLAYA_LEÑA_Y_CHIP,PLAYA LEÑA Y CHIP,AVELLANEDA,INGRESO,I,999811,000200434114,0000100003939,0,,8680,LEÑA CORTA SELECC,PLAYA_LEÑA_Y_CHIP,,,PLAYA_LEÑA_Y_CHIP,AVELLANEDA,EXCEL_PLATFORM_PRODUCT,NO_TRUCKFLOW_EVIDENCE,ROUTE_UNKNOWN,,2026-09-24T21:08:00,,2026-09-24T22:01:00,,,0,NO_TRUCKFLOW_EXACT_PLATE_MATCH,,
,,0,2026-09-24T19:33:00,2026-09-24T22:15:00,162,EXCEL_RESPALDO,EXCEL,EXCEL,CTG_10135259927,2026-09-24,AB673GC,SOJA,SOJA,VOLCABLE_PTO_5,VOLCABLE PTO 5,TERMINAL_EMBARQUE,INGRESO,I,2000652,000404068644,0000000143413,10135259927,VIC319606240926,31880,SOJA,VOLCABLE_PTO_5,SAN_LORENZO_VOLCABLE,R7,VOLCABLE_PTO_5,TERMINAL_EMBARQUE,EXCEL_PLATFORM_PRODUCT,NO_TRUCKFLOW_EVIDENCE,ROUTE_UNKNOWN,"FAZON 2026, FAZON 2026",2026-09-24T19:33:00,2026-09-24T20:16:00,2026-09-24T22:15:00,,,0,NO_TRUCKFLOW_EXACT_PLATE_MATCH,,
,,0,2026-09-24T01:41:00,2026-09-24T22:20:00,1239,EXCEL_RESPALDO,EXCEL,EXCEL,CTG_10135273388,2026-09-24,AD647ZK,MAIZ,MAIZ,CELDA_171_-_CENTRO,CELDA 171 - CENTRO,AVELLANEDA,INGRESO,I,95611,000200434115,0000100023092,10135273388,VAV083392240926,35440,MAIZ,CELDA_171_-_CENTRO,,,CELDA_171_-_CENTRO,AVELLANEDA,EXCEL_PLATFORM_PRODUCT,NO_TRUCKFLOW_EVIDENCE,ROUTE_UNKNOWN,,2026-09-24T01:41:00,2026-09-24T12:50:00,2026-09-24T22:20:00,,,0,NO_TRUCKFLOW_EXACT_PLATE_MATCH,,
,,0,2026-09-23T14:33:00,2026-09-24T22:28:00,1915,EXCEL_RESPALDO,EXCEL,EXCEL,COMPROB_000200434116,2026-09-24,HCH559,CHIP DE PINO,CHIP DE PINO,PLAYA_LEÑA_Y_CHIP,PLAYA LEÑA Y CHIP,AVELLANEDA,INGRESO,I,999823,000200434116,0000100000304,0,,28360,CHIP DE PINO,PLAYA_LEÑA_Y_CHIP,,,PLAYA_LEÑA_Y_CHIP,AVELLANEDA,EXCEL_PLATFORM_PRODUCT,NO_TRUCKFLOW_EVIDENCE,ROUTE_UNKNOWN,,2026-09-23T14:33:00,,2026-09-24T22:28:00,,,0,NO_TRUCKFLOW_EXACT_PLATE_MATCH,,
,,0,2026-09-24T15:06:00,2026-09-24T22:47:00,461,EXCEL_RESPALDO,EXCEL,EXCEL,CTG_10135271559,2026-09-24,RYR442,SOJA,SOJA,VOLCABLE_PTO_5,VOLCABLE PTO 5,TERMINAL_EMBARQUE,INGRESO,I,2000655,000404068650,0000000000254,10135271559,VIC178944240926,30940,SOJA,VOLCABLE_PTO_5,SAN_LORENZO_VOLCABLE,R7,VOLCABLE_PTO_5,TERMINAL_EMBARQUE,EXCEL_PLATFORM_PRODUCT,NO_TRUCKFLOW_EVIDENCE,ROUTE_UNKNOWN,"FAZON 2026, FAZON 2026",2026-09-24T15:06:00,2026-09-24T17:33:00,2026-09-24T22:47:00,,,0,NO_TRUCKFLOW_EXACT_PLATE_MATCH,,
,,0,2026-09-24T13:44:00,2026-09-24T22:51:00,547,EXCEL_RESPALDO,EXCEL,EXCEL,COMPROB_000200434117,2026-09-24,CJP948,LEÑA CORTA SELECC,LEÑA CORTA SELECC,PLAYA_LEÑA_Y_CHIP,PLAYA LEÑA Y CHIP,AVELLANEDA,INGRESO,I,999811,000200434117,0000400002098,0,,26680,LEÑA CORTA SELECC,PLAYA_LEÑA_Y_CHIP,,,PLAYA_LEÑA_Y_CHIP,AVELLANEDA,EXCEL_PLATFORM_PRODUCT,NO_TRUCKFLOW_EVIDENCE,ROUTE_UNKNOWN,,2026-09-24T13:44:00,,2026-09-24T22:51:00,,,0,NO_TRUCKFLOW_EXACT_PLATE_MATCH,,
,,0,2026-09-24T01:36:00,2026-09-24T22:58:00,1282,EXCEL_RESPALDO,EXCEL,EXCEL,CTG_10135245280,2026-09-24,FVP673,MAIZ,MAIZ,CELDA_171_-_CENTRO,CELDA 171 - CENTRO,AVELLANEDA,INGRESO,I,95611,000200434118,0000100014659,10135245280,VAV028419230926,29720,MAIZ,CELDA_171_-_CENTRO,,,CELDA_171_-_CENTRO,AVELLANEDA,EXCEL_PLATFORM_PRODUCT,NO_TRUCKFLOW_EVIDENCE,ROUTE_UNKNOWN,,2026-09-24T01:36:00,2026-09-24T11:22:00,2026-09-24T22:58:00,,,0,NO_TRUCKFLOW_EXACT_PLATE_MATCH,,
,,0,2026-09-24T21:14:00,2026-09-24T23:00:00,106,EXCEL_RESPALDO,EXCEL,EXCEL,COMPROB_000200434119,2026-09-24,CXW284,LEÑA CORTA SELECC,LEÑA CORTA SELECC,PLAYA_LEÑA_Y_CHIP,PLAYA LEÑA Y CHIP,AVELLANEDA,INGRESO,I,999811,000200434119,0000100003966,0,,31280,LEÑA CORTA SELECC,PLAYA_LEÑA_Y_CHIP,,,PLAYA_LEÑA_Y_CHIP,AVELLANEDA,EXCEL_PLATFORM_PRODUCT,NO_TRUCKFLOW_EVIDENCE,ROUTE_UNKNOWN,,2026-09-24T21:14:00,,2026-09-24T23:00:00,,,0,NO_TRUCKFLOW_EXACT_PLATE_MATCH,,
,,0,2026-09-24T01:59:00,2026-09-24T23:19:00,1280,EXCEL_RESPALDO,EXCEL,EXCEL,CTG_10135275656,2026-09-24,OYW152,MAIZ,MAIZ,CELDA_171_-_CENTRO,CELDA 171 - CENTRO,AVELLANEDA,INGRESO,I,95611,000200434120,0000200004069,10135275656,VAV036421240926,33200,MAIZ,CELDA_171_-_CENTRO,,,CELDA_171_-_CENTRO,AVELLANEDA,EXCEL_PLATFORM_PRODUCT,NO_TRUCKFLOW_EVIDENCE,ROUTE_UNKNOWN,,2026-09-24T01:59:00,2026-09-24T09:06:00,2026-09-24T23:19:00,,,0,EXACT_PLATE_MATCH_OUTSIDE_TIME_WINDOW,,
,,0,2026-09-24T20:25:00,2026-09-24T23:32:00,187,EXCEL_RESPALDO,EXCEL,EXCEL,CTG_10135262792,2026-09-24,LPJ950,SOJA,SOJA,VOLCABLE_PTO_5,VOLCABLE PTO 5,TERMINAL_EMBARQUE,INGRESO,I,2000655,000404068660,0000100007478,10135262792,VIC180479240926,36360,SOJA,VOLCABLE_PTO_5,SAN_LORENZO_VOLCABLE,R7,VOLCABLE_PTO_5,TERMINAL_EMBARQUE,EXCEL_PLATFORM_PRODUCT,NO_TRUCKFLOW_EVIDENCE,ROUTE_UNKNOWN,"FAZON 2026, FAZON 2026",2026-09-24T20:25:00,2026-09-24T20:40:00,2026-09-24T23:32:00,,,0,UNKNOWN_NO_EVIDENCE,,
,,0,2026-09-24T03:22:00,2026-09-24T23:49:00,1227,EXCEL_RESPALDO,EXCEL,EXCEL,CTG_10135265197,2026-09-24,AE714XR,MAIZ,MAIZ,CELDA_171_-_CENTRO,CELDA 171 - CENTRO,AVELLANEDA,INGRESO,I,95611,000200434121,0000000072715,10135265197,VAV761478230926,36400,MAIZ,CELDA_171_-_CENTRO,,,CELDA_171_-_CENTRO,AVELLANEDA,EXCEL_PLATFORM_PRODUCT,NO_TRUCKFLOW_EVIDENCE,ROUTE_UNKNOWN,,2026-09-24T03:22:00,2026-09-24T10:21:00,2026-09-24T23:49:00,,,0,NO_TRUCKFLOW_EXACT_PLATE_MATCH,,
,,0,2026-09-24T23:59:00,2026-09-24T23:59:00,,EXCEL_RESPALDO,EXCEL,EXCEL,COMPROB_000404068762,2026-09-24,TTTTTT,BIODIESEL,BIODIESEL,,,TERMINAL_EMBARQUE,INGRESO,IA,11233,000404068762,0000000000001,0,,1101800,BIODIESEL,,,SL3,,TERMINAL_EMBARQUE,EXCEL_PLATFORM_PRODUCT,NO_TRUCKFLOW_EVIDENCE,ROUTE_UNKNOWN,"TRASVASE DE PTA RENOVA A DEPOSITO VICENTIN PTO., TRASVASE DE PTA RENOVA A DEPOSITO VICENTIN PTO.",2026-09-24T23:59:00,2026-09-25T07:47:00,2026-09-24T23:59:00,,,0,NO_TRUCKFLOW_EXACT_PLATE_MATCH,,
,,0,2026-09-24T23:59:00,2026-09-24T23:59:00,,EXCEL_RESPALDO,EXCEL,EXCEL,COMPROB_000301069366,2026-09-24,TTTTTT,ACEITE GIRASOL PARA REFINAR,ACEITE GIRASOL PARA REFINAR,,,RICARDONE,EGRESO,EA,95848,000301069366,,0,,125000,ACEITE GIRASOL PARA REFINAR,,LIQUIDO,R8,,RICARDONE,EXCEL_PLATFORM_PRODUCT,NO_TRUCKFLOW_EVIDENCE,ROUTE_UNKNOWN,TRASVASE A RENOVA SL 24/09/2026,2026-09-24T23:59:00,,2026-09-24T23:59:00,,,0,NO_TRUCKFLOW_EXACT_PLATE_MATCH,,
,,0,2026-09-24T23:59:00,2026-09-24T23:59:00,,EXCEL_RESPALDO,EXCEL,EXCEL,COMPROB_000301069369,2026-09-24,TTTTTT,ACEITE GIRASOL CRUDO,ACEITE GIRASOL CRUDO,,,RICARDONE,EGRESO,EA,95499,000301069369,,0,,1304200,ACEITE GIRASOL CRUDO,,LIQUIDO,R8,,RICARDONE,EXCEL_PLATFORM_PRODUCT,NO_TRUCKFLOW_EVIDENCE,ROUTE_UNKNOWN,TRASVASE A PTA RENOVA SL 24/09/2026.,2026-09-24T23:59:00,,2026-09-24T23:59:00,,,0,NO_TRUCKFLOW_EXACT_PLATE_MATCH,,
,,0,2026-09-24T23:59:00,2026-09-24T23:59:00,,EXCEL_RESPALDO,EXCEL,EXCEL,COMPROB_000301069367,2026-09-24,TTTTTT,ACEITE GIRASOL CRUDO,ACEITE GIRASOL CRUDO,,,RICARDONE,EGRESO,EA,95478,000301069367,,0,,65000,ACEITE GIRASOL CRUDO,,LIQUIDO,R8,,RICARDONE,EXCEL_PLATFORM_PRODUCT,NO_TRUCKFLOW_EVIDENCE,ROUTE_UNKNOWN,TRASVASE A RENOVA SL 24/09/2026,2026-09-24T23:59:00,,2026-09-24T23:59:00,,,0,NO_TRUCKFLOW_EXACT_PLATE_MATCH,,
,,0,2026-09-24T23:59:00,2026-09-24T23:59:00,,EXCEL_RESPALDO,EXCEL,EXCEL,COMPROB_000404068761,2026-09-24,TTTTTT,BIODIESEL,BIODIESEL,,,TERMINAL_EMBARQUE,INGRESO,IA,11665,000404068761,0000000000001,0,,540000,BIODIESEL,,,SL3,,TERMINAL_EMBARQUE,EXCEL_PLATFORM_PRODUCT,NO_TRUCKFLOW_EVIDENCE,ROUTE_UNKNOWN,"TRASVASE DE PTA RENOVA A DEPOSITO VICENTIN PTO., TRASVASE DE PTA RENOVA A DEPOSITO VICENTIN PTO.",2026-09-24T23:59:00,,2026-09-24T23:59:00,,,0,NO_TRUCKFLOW_EXACT_PLATE_MATCH,,
,,0,2026-09-24T21:56:00,2026-09-25T00:20:00,144,EXCEL_RESPALDO,EXCEL,EXCEL,CTG_10235292059,2026-09-25,UVK350,SOJA,SOJA,VOLCABLE_PTO_5,VOLCABLE PTO 5,TERMINAL_EMBARQUE,INGRESO,I,2000655,000404068673,0000100018400,10235292059,VIC986624250926,30560,SOJA,VOLCABLE_PTO_5,SAN_LORENZO_VOLCABLE,R7,VOLCABLE_PTO_5,TERMINAL_EMBARQUE,EXCEL_PLATFORM_PRODUCT,NO_TRUCKFLOW_EVIDENCE,ROUTE_UNKNOWN,"FAZON 2026, FAZON 2026",2026-09-24T21:56:00,2026-09-24T23:33:00,2026-09-25T00:20:00,,,0,UNKNOWN_NO_EVIDENCE,,
,,0,2026-09-24T03:36:00,2026-09-25T01:01:00,1285,EXCEL_RESPALDO,EXCEL,EXCEL,CTG_10235271138,2026-09-25,UUH234,MAIZ,MAIZ,CELDA_171_-_CENTRO,CELDA 171 - CENTRO,AVELLANEDA,INGRESO,I,95611,000200434122,0010000569174,10235271138,VAV294625240926,31080,MAIZ,CELDA_171_-_CENTRO,,,CELDA_171_-_CENTRO,AVELLANEDA,EXCEL_PLATFORM_PRODUCT,NO_TRUCKFLOW_EVIDENCE,ROUTE_UNKNOWN,,2026-09-24T03:36:00,2026-09-24T08:59:00,2026-09-25T01:01:00,,,0,NO_TRUCKFLOW_EXACT_PLATE_MATCH,,
,,0,2026-09-24T20:01:00,2026-09-25T01:08:00,307,EXCEL_RESPALDO,EXCEL,EXCEL,COMPROB_000400422670,2026-09-25,FFU874,ACEITE GIRASOL REFINADO,ACEITE GIRASOL REFINADO,ACEITE_OSL,ACEITE OSL,TERMINAL_EMBARQUE,EGRESO,E,11526,000400422670,,0,,28020,ACEITE GIRASOL REFINADO,ACEITE_OSL,LIQUIDO,SL1,ACEITE_OSL,TERMINAL_EMBARQUE,EXCEL_PLATFORM_PRODUCT,NO_TRUCKFLOW_EVIDENCE,ROUTE_UNKNOWN,FAZON RENOVA/BUNGE,2026-09-24T20:01:00,,2026-09-25T01:08:00,,,0,EXACT_PLATE_MATCH_OUTSIDE_TIME_WINDOW,,
,,0,2026-09-24T04:33:00,2026-09-25T01:34:00,1261,EXCEL_RESPALDO,EXCEL,EXCEL,CTG_10135269627,2026-09-25,AC306CE,MAIZ,MAIZ,CELDA_171_-_CENTRO,CELDA 171 - CENTRO,AVELLANEDA,INGRESO,I,95611,000200434123,0000000072722,10135269627,VAV770047240926,37120,MAIZ,CELDA_171_-_CENTRO,,,CELDA_171_-_CENTRO,AVELLANEDA,EXCEL_PLATFORM_PRODUCT,NO_TRUCKFLOW_EVIDENCE,ROUTE_UNKNOWN,,2026-09-24T04:33:00,2026-09-24T10:23:00,2026-09-25T01:34:00,,,0,NO_TRUCKFLOW_EXACT_PLATE_MATCH,,
,,0,2026-09-24T21:58:00,2026-09-25T01:40:00,222,EXCEL_RESPALDO,EXCEL,EXCEL,CTG_10135252706,2026-09-25,KTM039,SOJA,SOJA,VOLCABLE_PTO_5,VOLCABLE PTO 5,TERMINAL_EMBARQUE,INGRESO,I,2000652,000404068685,0000000001143,10135252706,VIC940392250926,31240,SOJA,VOLCABLE_PTO_5,SAN_LORENZO_VOLCABLE,R7,VOLCABLE_PTO_5,TERMINAL_EMBARQUE,EXCEL_PLATFORM_PRODUCT,NO_TRUCKFLOW_EVIDENCE,ROUTE_UNKNOWN,"FAZON 2026, FAZON 2026",2026-09-24T21:58:00,2026-09-24T23:35:00,2026-09-25T01:40:00,,,0,NO_TRUCKFLOW_EXACT_PLATE_MATCH,,
,,0,2026-09-24T04:40:00,2026-09-25T01:50:00,1270,EXCEL_RESPALDO,EXCEL,EXCEL,CTG_10135266373,2026-09-25,EHD183,MAIZ,MAIZ,CELDA_171_-_CENTRO,CELDA 171 - CENTRO,AVELLANEDA,INGRESO,I,95611,000200434124,0000000072718,10135266373,VAV864943230926,30640,MAIZ,CELDA_171_-_CENTRO,,,CELDA_171_-_CENTRO,AVELLANEDA,EXCEL_PLATFORM_PRODUCT,NO_TRUCKFLOW_EVIDENCE,ROUTE_UNKNOWN,,2026-09-24T04:40:00,2026-09-24T10:24:00,2026-09-25T01:50:00,,,0,NO_TRUCKFLOW_EXACT_PLATE_MATCH,,
,,0,2026-09-24T22:02:00,2026-09-25T02:04:00,242,EXCEL_RESPALDO,EXCEL,EXCEL,CTG_10235289439,2026-09-25,UVO902,SOJA,SOJA,VOLCABLE_PTO_5,VOLCABLE PTO 5,TERMINAL_EMBARQUE,INGRESO,I,2000655,000404068694,0000100006066,10235289439,VIC171504250926,31620,SOJA,VOLCABLE_PTO_5,SAN_LORENZO_VOLCABLE,R7,VOLCABLE_PTO_5,TERMINAL_EMBARQUE,EXCEL_PLATFORM_PRODUCT,NO_TRUCKFLOW_EVIDENCE,ROUTE_UNKNOWN,"FAZON 2026, FAZON 2026",2026-09-24T22:02:00,2026-09-24T23:41:00,2026-09-25T02:04:00,,,0,NO_TRUCKFLOW_EXACT_PLATE_MATCH,,
,,0,2026-09-25T00:57:00,2026-09-25T02:15:00,78,EXCEL_RESPALDO,EXCEL,EXCEL,COMPROB_000400422672,2026-09-25,NWZ336,BORRA DE ACSOJA REFINADO,BORRA DE AC.SOJA REFINADO,,,TERMINAL_EMBARQUE,EGRESO,E,10926,000400422672,,0,,24700,BORRA DE ACSOJA REFINADO,,,SL3,,TERMINAL_EMBARQUE,EXCEL_PLATFORM_PRODUCT,NO_TRUCKFLOW_EVIDENCE,ROUTE_UNKNOWN,DESPACHOS RENOVA.,2026-09-25T00:57:00,,2026-09-25T02:15:00,,,0,UNKNOWN_NO_EVIDENCE,,
,,0,2026-09-24T05:13:00,2026-09-25T02:26:00,1273,EXCEL_RESPALDO,EXCEL,EXCEL,CTG_10235270274,2026-09-25,WQA765,MAIZ,MAIZ,CELDA_171_-_CENTRO,CELDA 171 - CENTRO,AVELLANEDA,INGRESO,I,95611,000200434125,0010000569159,10235270274,VAV127468240926,33040,MAIZ,CELDA_171_-_CENTRO,,,CELDA_171_-_CENTRO,AVELLANEDA,EXCEL_PLATFORM_PRODUCT,NO_TRUCKFLOW_EVIDENCE,ROUTE_UNKNOWN,,2026-09-24T05:13:00,2026-09-24T08:06:00,2026-09-25T02:26:00,,,0,NO_TRUCKFLOW_EXACT_PLATE_MATCH,,
,,0,2026-09-24T22:16:00,2026-09-25T02:44:00,268,EXCEL_RESPALDO,EXCEL,EXCEL,CTG_10135268993,2026-09-25,CDN476,SOJA,SOJA,VOLCABLE_PTO_5,VOLCABLE PTO 5,TERMINAL_EMBARQUE,INGRESO,I,2000651,000404068702,0000100001665,10135268993,VIC378987250926,30440,SOJA,VOLCABLE_PTO_5,SAN_LORENZO_VOLCABLE,R7,VOLCABLE_PTO_5,TERMINAL_EMBARQUE,EXCEL_PLATFORM_PRODUCT,NO_TRUCKFLOW_EVIDENCE,ROUTE_UNKNOWN,"FAZON 2026, FAZON 2026",2026-09-24T22:16:00,2026-09-24T23:57:00,2026-09-25T02:44:00,,,0,UNKNOWN_NO_EVIDENCE,,
,,0,2026-09-24T22:15:00,2026-09-25T02:48:00,273,EXCEL_RESPALDO,EXCEL,EXCEL,CTG_10135268852,2026-09-25,FNQ151,SOJA,SOJA,VOLCABLE_PTO_5,VOLCABLE PTO 5,TERMINAL_EMBARQUE,INGRESO,I,2000651,000404068703,0000100001664,10135268852,VIC254667250926,31240,SOJA,VOLCABLE_PTO_5,SAN_LORENZO_VOLCABLE,R7,VOLCABLE_PTO_5,TERMINAL_EMBARQUE,EXCEL_PLATFORM_PRODUCT,NO_TRUCKFLOW_EVIDENCE,ROUTE_UNKNOWN,"FAZON 2026, FAZON 2026",2026-09-24T22:15:00,2026-09-24T23:56:00,2026-09-25T02:48:00,,,0,UNKNOWN_NO_EVIDENCE,,
,,0,2026-09-24T06:03:00,2026-09-25T02:49:00,1246,EXCEL_RESPALDO,EXCEL,EXCEL,CTG_10235275174,2026-09-25,BSP470,MAIZ,MAIZ,CELDA_171_-_CENTRO,CELDA 171 - CENTRO,AVELLANEDA,INGRESO,I,95611,000200434126,0010000569212,10235275174,VAV497925240926,30080,MAIZ,CELDA_171_-_CENTRO,,,CELDA_171_-_CENTRO,AVELLANEDA,EXCEL_PLATFORM_PRODUCT,NO_TRUCKFLOW_EVIDENCE,ROUTE_UNKNOWN,,2026-09-24T06:03:00,2026-09-24T08:14:00,2026-09-25T02:49:00,,,0,NO_TRUCKFLOW_EXACT_PLATE_MATCH,,
,,0,2026-09-25T00:31:00,2026-09-25T03:18:00,167,EXCEL_RESPALDO,EXCEL,EXCEL,CTG_10135268186,2026-09-25,EHK188,SOJA,SOJA,VOLCABLE_PTO_5,VOLCABLE PTO 5,TERMINAL_EMBARQUE,INGRESO,I,2000651,000404068712,0000100007483,10135268186,VIC013975250926,30360,SOJA,VOLCABLE_PTO_5,SAN_LORENZO_VOLCABLE,R7,VOLCABLE_PTO_5,TERMINAL_EMBARQUE,EXCEL_PLATFORM_PRODUCT,NO_TRUCKFLOW_EVIDENCE,ROUTE_UNKNOWN,"FAZON 2026, FAZON 2026",2026-09-25T00:31:00,2026-09-25T00:46:00,2026-09-25T03:18:00,,,0,UNKNOWN_NO_EVIDENCE,,
,,0,2026-09-24T05:27:00,2026-09-25T03:23:00,1316,EXCEL_RESPALDO,EXCEL,EXCEL,CTG_10135246820,2026-09-25,BON924,MAIZ,MAIZ,CELDA_171_-_CENTRO,CELDA 171 - CENTRO,AVELLANEDA,INGRESO,I,95611,000200434127,0000100014661,10135246820,VAV088221230926,31140,MAIZ,CELDA_171_-_CENTRO,,,CELDA_171_-_CENTRO,AVELLANEDA,EXCEL_PLATFORM_PRODUCT,NO_TRUCKFLOW_EVIDENCE,ROUTE_UNKNOWN,,2026-09-24T05:27:00,2026-09-24T12:25:00,2026-09-25T03:23:00,,,0,NO_TRUCKFLOW_EXACT_PLATE_MATCH,,
,,0,2026-09-24T22:21:00,2026-09-25T03:29:00,308,EXCEL_RESPALDO,EXCEL,EXCEL,CTG_10235285387,2026-09-25,AB222QI,SOJA,SOJA,VOLCABLE_PTO_5,VOLCABLE PTO 5,TERMINAL_EMBARQUE,INGRESO,I,2000655,000404068713,0000100013694,10235285387,VIC564941250926,25660,SOJA,VOLCABLE_PTO_5,SAN_LORENZO_VOLCABLE,R7,VOLCABLE_PTO_5,TERMINAL_EMBARQUE,EXCEL_PLATFORM_PRODUCT,NO_TRUCKFLOW_EVIDENCE,ROUTE_UNKNOWN,"FAZON 2026, FAZON 2026",2026-09-24T22:21:00,2026-09-24T23:59:00,2026-09-25T03:29:00,,,0,NO_TRUCKFLOW_EXACT_PLATE_MATCH,,
,,0,2026-09-24T06:49:00,2026-09-25T03:32:00,1243,EXCEL_RESPALDO,EXCEL,EXCEL,CTG_10135267110,2026-09-25,MZW218,MAIZ,MAIZ,CELDA_171_-_CENTRO,CELDA 171 - CENTRO,AVELLANEDA,INGRESO,I,95611,000200434128,0000000005651,10135267110,VAV287529230926,30180,MAIZ,CELDA_171_-_CENTRO,,,CELDA_171_-_CENTRO,AVELLANEDA,EXCEL_PLATFORM_PRODUCT,NO_TRUCKFLOW_EVIDENCE,ROUTE_UNKNOWN,,2026-09-24T06:49:00,2026-09-24T14:51:00,2026-09-25T03:32:00,,,0,NO_TRUCKFLOW_EXACT_PLATE_MATCH,,
,,0,2026-09-24T22:55:00,2026-09-25T03:50:00,295,EXCEL_RESPALDO,EXCEL,EXCEL,CTG_10235294656,2026-09-25,AA559SY,SOJA,SOJA,VOLCABLE_PTO_5,VOLCABLE PTO 5,TERMINAL_EMBARQUE,INGRESO,I,2000655,000404068720,0000100018405,10235294656,VIC601048250926,30260,SOJA,VOLCABLE_PTO_5,SAN_LORENZO_VOLCABLE,R7,VOLCABLE_PTO_5,TERMINAL_EMBARQUE,EXCEL_PLATFORM_PRODUCT,NO_TRUCKFLOW_EVIDENCE,ROUTE_UNKNOWN,"FAZON 2026, FAZON 2026",2026-09-24T22:55:00,2026-09-25T00:10:00,2026-09-25T03:50:00,,,0,NO_TRUCKFLOW_EXACT_PLATE_MATCH,,
,,0,2026-09-24T11:23:00,2026-09-25T04:10:00,1007,EXCEL_RESPALDO,EXCEL,EXCEL,CTG_10235265157,2026-09-25,CXY738,GIRASOL,GIRASOL,VOLCABLE_2,VOLCABLE 2,RICARDONE,INGRESO,I,2000664,000301464727,0482300002969,10235265157,VIC383965240926,24500,GIRASOL,VOLCABLE_2,VOLCABLE,R6,VOLCABLE_2,RICARDONE,EXCEL_PLATFORM_PRODUCT,NO_TRUCKFLOW_EVIDENCE,ROUTE_UNKNOWN,"FASON GIRASOL, FASON GIRASOL",2026-09-24T11:23:00,2026-09-24T22:59:00,2026-09-25T04:10:00,,,0,UNKNOWN_NO_EVIDENCE,,
,,0,2026-09-24T07:45:00,2026-09-25T04:24:00,1239,EXCEL_RESPALDO,EXCEL,EXCEL,CTG_10235269498,2026-09-25,MNJ704,MAIZ,MAIZ,CELDA_171_-_CENTRO,CELDA 171 - CENTRO,AVELLANEDA,INGRESO,I,95611,000200434129,0010000569148,10235269498,VAV121164240926,35040,MAIZ,CELDA_171_-_CENTRO,,,CELDA_171_-_CENTRO,AVELLANEDA,EXCEL_PLATFORM_PRODUCT,NO_TRUCKFLOW_EVIDENCE,ROUTE_UNKNOWN,,2026-09-24T07:45:00,2026-09-24T09:38:00,2026-09-25T04:24:00,,,0,NO_TRUCKFLOW_EXACT_PLATE_MATCH,,
,,0,2026-09-24T07:54:00,2026-09-25T04:44:00,1250,EXCEL_RESPALDO,EXCEL,EXCEL,CTG_10135268266,2026-09-25,EPO353,MAIZ,MAIZ,CELDA_171_-_CENTRO,CELDA 171 - CENTRO,AVELLANEDA,INGRESO,I,95611,000200434130,0000000005655,10135268266,VAV775411230926,30520,MAIZ,CELDA_171_-_CENTRO,,,CELDA_171_-_CENTRO,AVELLANEDA,EXCEL_PLATFORM_PRODUCT,NO_TRUCKFLOW_EVIDENCE,ROUTE_UNKNOWN,,2026-09-24T07:54:00,2026-09-24T15:20:00,2026-09-25T04:44:00,,,0,NO_TRUCKFLOW_EXACT_PLATE_MATCH,,
,,0,2026-09-24T12:36:00,2026-09-25T04:58:00,982,EXCEL_RESPALDO,EXCEL,EXCEL,CTG_10235261236,2026-09-25,HNQ379,GIRASOL,GIRASOL,VOLCABLE_1,VOLCABLE 1,RICARDONE,INGRESO,I,2000640,000301464730,0240000004984,10235261236,VIC267673240926,29960,GIRASOL,VOLCABLE_1,VOLCABLE,R5,VOLCABLE_1,RICARDONE,EXCEL_PLATFORM_PRODUCT,NO_TRUCKFLOW_EVIDENCE,ROUTE_UNKNOWN,"FAZON 2026, FAZON 2026",2026-09-24T12:36:00,2026-09-24T23:02:00,2026-09-25T04:58:00,,,0,UNKNOWN_NO_EVIDENCE,,
,,0,2026-09-24T23:37:00,2026-09-25T05:02:00,325,EXCEL_RESPALDO,EXCEL,EXCEL,CTG_10235286554,2026-09-25,OYZ151,SOJA,SOJA,VOLCABLE_PTO_5,VOLCABLE PTO 5,TERMINAL_EMBARQUE,INGRESO,I,2000655,000404068739,0100100007109,10235286554,VIC033119250926,30800,SOJA,VOLCABLE_PTO_5,SAN_LORENZO_VOLCABLE,R7,VOLCABLE_PTO_5,TERMINAL_EMBARQUE,EXCEL_PLATFORM_PRODUCT,NO_TRUCKFLOW_EVIDENCE,ROUTE_UNKNOWN,"FAZON 2026, FAZON 2026",2026-09-24T23:37:00,2026-09-25T00:22:00,2026-09-25T05:02:00,,,0,NO_TRUCKFLOW_EXACT_PLATE_MATCH,,
,,0,2026-09-25T03:59:00,2026-09-25T05:08:00,69,EXCEL_RESPALDO,EXCEL,EXCEL,COMPROB_000200434131,2026-09-25,WZC010,LEÑA CORTA SELECC,LEÑA CORTA SELECC,PLAYA_LEÑA_Y_CHIP,PLAYA LEÑA Y CHIP,AVELLANEDA,INGRESO,I,999811,000200434131,0000100001023,0,,30460,LEÑA CORTA SELECC,PLAYA_LEÑA_Y_CHIP,,,PLAYA_LEÑA_Y_CHIP,AVELLANEDA,EXCEL_PLATFORM_PRODUCT,NO_TRUCKFLOW_EVIDENCE,ROUTE_UNKNOWN,,2026-09-25T03:59:00,,2026-09-25T05:08:00,,,0,NO_TRUCKFLOW_EXACT_PLATE_MATCH,,
,,0,2026-09-24T07:53:00,2026-09-25T05:15:00,1282,EXCEL_RESPALDO,EXCEL,EXCEL,CTG_10135231567,2026-09-25,JHB403,MAIZ,MAIZ,CELDA_171_-_CENTRO,CELDA 171 - CENTRO,AVELLANEDA,INGRESO,I,95611,000200434132,0000100058181,10135231567,VAV460129230926,35160,MAIZ,CELDA_171_-_CENTRO,,,CELDA_171_-_CENTRO,AVELLANEDA,EXCEL_PLATFORM_PRODUCT,NO_TRUCKFLOW_EVIDENCE,ROUTE_UNKNOWN,,2026-09-24T07:53:00,2026-09-24T10:32:00,2026-09-25T05:15:00,,,0,NO_TRUCKFLOW_EXACT_PLATE_MATCH,,
,,0,2026-09-24T12:46:00,2026-09-25T05:28:00,1002,EXCEL_RESPALDO,EXCEL,EXCEL,CTG_10235284568,2026-09-25,KPG626,GIRASOL,GIRASOL,VOLCABLE_1,VOLCABLE 1,RICARDONE,INGRESO,I,2000640,000301464733,1658100004606,10235284568,VIC501693240926,24680,GIRASOL,VOLCABLE_1,VOLCABLE,R5,VOLCABLE_1,RICARDONE,EXCEL_PLATFORM_PRODUCT,NO_TRUCKFLOW_EVIDENCE,ROUTE_UNKNOWN,"FAZON 2026, FAZON 2026",2026-09-24T12:46:00,2026-09-24T23:11:00,2026-09-25T05:28:00,,,0,UNKNOWN_NO_EVIDENCE,,
,,0,2026-09-24T13:36:00,2026-09-25T05:55:00,979,EXCEL_RESPALDO,EXCEL,EXCEL,CTG_10235271820,2026-09-25,GPS283,GIRASOL,GIRASOL,VOLCABLE_1,VOLCABLE 1,RICARDONE,INGRESO,I,2000640,000301464736,0010000569185,10235271820,VIC161143240926,30280,GIRASOL,VOLCABLE_1,VOLCABLE,R5,VOLCABLE_1,RICARDONE,EXCEL_PLATFORM_PRODUCT,NO_TRUCKFLOW_EVIDENCE,ROUTE_UNKNOWN,"FAZON 2026, FAZON 2026",2026-09-24T13:36:00,2026-09-24T23:16:00,2026-09-25T05:55:00,,,0,UNKNOWN_NO_EVIDENCE,,
,,0,2026-09-24T07:40:00,2026-09-25T06:02:00,1342,EXCEL_RESPALDO,EXCEL,EXCEL,CTG_10135266895,2026-09-25,MXG483,MAIZ,MAIZ,CELDA_171_-_CENTRO,CELDA 171 - CENTRO,AVELLANEDA,INGRESO,I,95611,000200434133,0000100014682,10135266895,VAV341451240926,30280,MAIZ,CELDA_171_-_CENTRO,,,CELDA_171_-_CENTRO,AVELLANEDA,EXCEL_PLATFORM_PRODUCT,NO_TRUCKFLOW_EVIDENCE,ROUTE_UNKNOWN,,2026-09-24T07:40:00,2026-09-24T15:16:00,2026-09-25T06:02:00,,,0,PLATE_EXISTS_ONLY_OUTSIDE_EXCEL_PERIOD,,
,,0,2026-09-24T13:55:00,2026-09-25T06:07:00,972,EXCEL_RESPALDO,EXCEL,EXCEL,CTG_10235274296,2026-09-25,EZN584,GIRASOL,GIRASOL,VOLCABLE_1,VOLCABLE 1,RICARDONE,INGRESO,I,2000640,000301464737,0240000004995,10235274296,VIC341716240926,29160,GIRASOL,VOLCABLE_1,VOLCABLE,R5,VOLCABLE_1,RICARDONE,EXCEL_PLATFORM_PRODUCT,NO_TRUCKFLOW_EVIDENCE,ROUTE_UNKNOWN,"FAZON 2026, FAZON 2026",2026-09-24T13:55:00,2026-09-24T23:20:00,2026-09-25T06:07:00,,,0,UNKNOWN_NO_EVIDENCE,,
,,0,2026-09-24T13:57:00,2026-09-25T06:25:00,988,EXCEL_RESPALDO,EXCEL,EXCEL,CTG_10235274819,2026-09-25,AC356UD,GIRASOL,GIRASOL,VOLCABLE_1,VOLCABLE 1,RICARDONE,INGRESO,I,2000640,000301464739,0240000004997,10235274819,VIC381373240926,31860,GIRASOL,VOLCABLE_1,VOLCABLE,R5,VOLCABLE_1,RICARDONE,EXCEL_PLATFORM_PRODUCT,NO_TRUCKFLOW_EVIDENCE,ROUTE_UNKNOWN,"FAZON 2026, FAZON 2026",2026-09-24T13:57:00,2026-09-24T23:22:00,2026-09-25T06:25:00,,,0,NO_TRUCKFLOW_EXACT_PLATE_MATCH,,
,,0,2026-09-25T05:43:00,2026-09-25T06:28:00,45,EXCEL_RESPALDO,EXCEL,EXCEL,COMPROB_000200434134,2026-09-25,SIK535,LEÑA CORTA,LEÑA CORTA,PLAYA_LEÑA_Y_CHIP,PLAYA LEÑA Y CHIP,AVELLANEDA,INGRESO,I,999820,000200434134,0000100003940,0,,10260,LEÑA CORTA,PLAYA_LEÑA_Y_CHIP,,,PLAYA_LEÑA_Y_CHIP,AVELLANEDA,EXCEL_PLATFORM_PRODUCT,NO_TRUCKFLOW_EVIDENCE,ROUTE_UNKNOWN,,2026-09-25T05:43:00,,2026-09-25T06:28:00,,,0,NO_TRUCKFLOW_EXACT_PLATE_MATCH,,
,,0,2026-09-24T21:19:00,2026-09-25T06:32:00,553,EXCEL_RESPALDO,EXCEL,EXCEL,COMPROB_000200434135,2026-09-25,FYQ971,LEÑA CORTA SELECC,LEÑA CORTA SELECC,PLAYA_LEÑA_Y_CHIP,PLAYA LEÑA Y CHIP,AVELLANEDA,INGRESO,I,999811,000200434135,0001000000961,0,,30260,LEÑA CORTA SELECC,PLAYA_LEÑA_Y_CHIP,,,PLAYA_LEÑA_Y_CHIP,AVELLANEDA,EXCEL_PLATFORM_PRODUCT,NO_TRUCKFLOW_EVIDENCE,ROUTE_UNKNOWN,,2026-09-24T21:19:00,,2026-09-25T06:32:00,,,0,NO_TRUCKFLOW_EXACT_PLATE_MATCH,,
,,0,2026-09-25T06:05:00,2026-09-25T06:49:00,44,EXCEL_RESPALDO,EXCEL,EXCEL,COMPROB_000200320745,2026-09-25,FZC965,BURLANDA HUMEDA,BURLANDA HUMEDA,DEPOSITO_BURLANDAS,DEPOSITO BURLANDAS,AVELLANEDA,EGRESO,E,95942,000200320745,,0,,29760,BURLANDA HUMEDA,DEPOSITO_BURLANDAS,,,DEPOSITO_BURLANDAS,AVELLANEDA,EXCEL_PLATFORM_PRODUCT,NO_TRUCKFLOW_EVIDENCE,ROUTE_UNKNOWN,,2026-09-25T06:05:00,,2026-09-25T06:49:00,,,0,NO_TRUCKFLOW_EXACT_PLATE_MATCH,,
,,0,2026-09-25T06:09:00,2026-09-25T06:52:00,43,EXCEL_RESPALDO,EXCEL,EXCEL,COMPROB_000200320746,2026-09-25,AE255RI,BURLANDA HUMEDA,BURLANDA HUMEDA,DEPOSITO_BURLANDAS,DEPOSITO BURLANDAS,AVELLANEDA,EGRESO,E,96010,000200320746,,0,,29420,BURLANDA HUMEDA,DEPOSITO_BURLANDAS,,,DEPOSITO_BURLANDAS,AVELLANEDA,EXCEL_PLATFORM_PRODUCT,NO_TRUCKFLOW_EVIDENCE,ROUTE_UNKNOWN,,2026-09-25T06:09:00,,2026-09-25T06:52:00,,,0,NO_TRUCKFLOW_EXACT_PLATE_MATCH,,
,,0,2026-09-25T06:35:00,2026-09-25T07:10:00,35,EXCEL_RESPALDO,EXCEL,EXCEL,COMPROB_000200320747,2026-09-25,FLT523,BURLANDA HUMEDA,BURLANDA HUMEDA,DEPOSITO_BURLANDAS,DEPOSITO BURLANDAS,AVELLANEDA,EGRESO,E,96010,000200320747,,0,,28600,BURLANDA HUMEDA,DEPOSITO_BURLANDAS,,,DEPOSITO_BURLANDAS,AVELLANEDA,EXCEL_PLATFORM_PRODUCT,NO_TRUCKFLOW_EVIDENCE,ROUTE_UNKNOWN,,2026-09-25T06:35:00,,2026-09-25T07:10:00,,,0,NO_TRUCKFLOW_EXACT_PLATE_MATCH,,
,,0,2026-09-25T05:26:00,2026-09-25T07:24:00,118,EXCEL_RESPALDO,EXCEL,EXCEL,COMPROB_000200434136,2026-09-25,FLA155,LEÑA CORTA SELECC,LEÑA CORTA SELECC,PLAYA_LEÑA_Y_CHIP,PLAYA LEÑA Y CHIP,AVELLANEDA,INGRESO,I,999811,000200434136,0000400002422,0,,24400,LEÑA CORTA SELECC,PLAYA_LEÑA_Y_CHIP,,,PLAYA_LEÑA_Y_CHIP,AVELLANEDA,EXCEL_PLATFORM_PRODUCT,NO_TRUCKFLOW_EVIDENCE,ROUTE_UNKNOWN,,2026-09-25T05:26:00,,2026-09-25T07:24:00,,,0,NO_TRUCKFLOW_EXACT_PLATE_MATCH,,
,,0,2026-09-24T14:59:00,2026-09-25T07:27:00,988,EXCEL_RESPALDO,EXCEL,EXCEL,CTG_10235266226,2026-09-25,HDK895,GIRASOL,GIRASOL,VOLCABLE_2,VOLCABLE 2,RICARDONE,INGRESO,I,2000664,000301464741,0405200004036,10235266226,VIC448139240926,35520,GIRASOL,VOLCABLE_2,VOLCABLE,R6,VOLCABLE_2,RICARDONE,EXCEL_PLATFORM_PRODUCT,NO_TRUCKFLOW_EVIDENCE,ROUTE_UNKNOWN,"FASON GIRASOL, FASON GIRASOL",2026-09-24T14:59:00,2026-09-24T23:25:00,2026-09-25T07:27:00,,,0,UNKNOWN_NO_EVIDENCE,,
,,0,2026-09-25T07:09:00,2026-09-25T07:34:00,25,EXCEL_RESPALDO,EXCEL,EXCEL,COMPROB_000200320748,2026-09-25,AF413NR,BURLANDA HUMEDA,BURLANDA HUMEDA,DEPOSITO_BURLANDAS,DEPOSITO BURLANDAS,AVELLANEDA,EGRESO,E,95989,000200320748,,0,,25940,BURLANDA HUMEDA,DEPOSITO_BURLANDAS,,,DEPOSITO_BURLANDAS,AVELLANEDA,EXCEL_PLATFORM_PRODUCT,NO_TRUCKFLOW_EVIDENCE,ROUTE_UNKNOWN,,2026-09-25T07:09:00,,2026-09-25T07:34:00,,,0,NO_TRUCKFLOW_EXACT_PLATE_MATCH,,
,,0,2026-09-23T15:30:00,2026-09-25T07:38:00,2408,EXCEL_RESPALDO,EXCEL,EXCEL,COMPROB_000200434137,2026-09-25,AH539QA,CHIP DE PINO,CHIP DE PINO,PLAYA_LEÑA_Y_CHIP,PLAYA LEÑA Y CHIP,AVELLANEDA,INGRESO,I,999823,000200434137,0000100025278,0,,30180,CHIP DE PINO,PLAYA_LEÑA_Y_CHIP,,,PLAYA_LEÑA_Y_CHIP,AVELLANEDA,EXCEL_PLATFORM_PRODUCT,NO_TRUCKFLOW_EVIDENCE,ROUTE_UNKNOWN,,2026-09-23T15:30:00,,2026-09-25T07:38:00,,,0,NO_TRUCKFLOW_EXACT_PLATE_MATCH,,
,,0,2026-09-25T07:14:00,2026-09-25T07:47:00,33,EXCEL_RESPALDO,EXCEL,EXCEL,COMPROB_000200320749,2026-09-25,OSP630,DDG BURLANDA SECA DE MAIZ SIN SOLUBLES,DDG BURLANDA SECA DE MAIZ SIN SOLUBLES,DEPOSITO_BURLANDAS,DEPOSITO BURLANDAS,AVELLANEDA,EGRESO,E,96055,000200320749,,0,,30060,DDG BURLANDA SECA DE MAIZ SIN SOLUBLES,DEPOSITO_BURLANDAS,,,DEPOSITO_BURLANDAS,AVELLANEDA,EXCEL_PLATFORM_PRODUCT,NO_TRUCKFLOW_EVIDENCE,ROUTE_UNKNOWN,,2026-09-25T07:14:00,,2026-09-25T07:47:00,,,0,NO_TRUCKFLOW_EXACT_PLATE_MATCH,,
,,0,2026-09-24T07:48:00,2026-09-25T07:49:00,1441,EXCEL_RESPALDO,EXCEL,EXCEL,CTG_10135266838,2026-09-25,AD903DI,MAIZ,MAIZ,CELDA_171_-_CENTRO,CELDA 171 - CENTRO,AVELLANEDA,INGRESO,I,95611,000200434138,0000000005649,10135266838,VAV144654230926,35600,MAIZ,CELDA_171_-_CENTRO,,,CELDA_171_-_CENTRO,AVELLANEDA,EXCEL_PLATFORM_PRODUCT,NO_TRUCKFLOW_EVIDENCE,ROUTE_UNKNOWN,,2026-09-24T07:48:00,2026-09-24T15:02:00,2026-09-25T07:49:00,,,0,NO_TRUCKFLOW_EXACT_PLATE_MATCH,,
,,0,2026-09-25T07:21:00,2026-09-25T07:52:00,31,EXCEL_RESPALDO,EXCEL,EXCEL,COMPROB_000200434139,2026-09-25,AG215WL,GAS OIL,GAS OIL,SIN_ESPECIFICAR,SIN ESPECIFICAR,AVELLANEDA,INGRESO,I,999704,000200434139,0000900141884,0,,1400,GAS OIL,SIN_ESPECIFICAR,,,SIN_ESPECIFICAR,AVELLANEDA,EXCEL_PLATFORM_PRODUCT,NO_TRUCKFLOW_EVIDENCE,ROUTE_UNKNOWN,"CONTRATO GLOBAL ANUAL.-, CONTRATO GLOBAL ANUAL.-",2026-09-25T07:21:00,,2026-09-25T07:52:00,,,0,NO_TRUCKFLOW_EXACT_PLATE_MATCH,,
,,0,2026-09-25T07:39:00,2026-09-25T07:58:00,19,EXCEL_RESPALDO,EXCEL,EXCEL,COMPROB_000200320750,2026-09-25,AH427GV,BURLANDA HUMEDA,BURLANDA HUMEDA,DEPOSITO_BURLANDAS,DEPOSITO BURLANDAS,AVELLANEDA,EGRESO,E,95951,000200320750,,0,,27600,BURLANDA HUMEDA,DEPOSITO_BURLANDAS,,,DEPOSITO_BURLANDAS,AVELLANEDA,EXCEL_PLATFORM_PRODUCT,NO_TRUCKFLOW_EVIDENCE,ROUTE_UNKNOWN,,2026-09-25T07:39:00,,2026-09-25T07:58:00,,,0,NO_TRUCKFLOW_EXACT_PLATE_MATCH,,
,,0,2026-09-25T06:14:00,2026-09-25T08:16:00,122,EXCEL_RESPALDO,EXCEL,EXCEL,COMPROB_000200434140,2026-09-25,TVT426,LEÑA CORTA SELECC,LEÑA CORTA SELECC,PLAYA_LEÑA_Y_CHIP,PLAYA LEÑA Y CHIP,AVELLANEDA,INGRESO,I,999811,000200434140,0000400002081,0,,27500,LEÑA CORTA SELECC,PLAYA_LEÑA_Y_CHIP,,,PLAYA_LEÑA_Y_CHIP,AVELLANEDA,EXCEL_PLATFORM_PRODUCT,NO_TRUCKFLOW_EVIDENCE,ROUTE_UNKNOWN,,2026-09-25T06:14:00,,2026-09-25T08:16:00,,,0,NO_TRUCKFLOW_EXACT_PLATE_MATCH,,
,,0,2026-09-25T02:39:00,2026-09-25T08:17:00,338,EXCEL_RESPALDO,EXCEL,EXCEL,CTG_10135295324,2026-09-25,AB785NY,SOJA,SOJA,VOLCABLE_PTO_5,VOLCABLE PTO 5,TERMINAL_EMBARQUE,INGRESO,I,2000655,000404068766,0000100000065,10135295324,VIC691547250926,34300,SOJA,VOLCABLE_PTO_5,SAN_LORENZO_VOLCABLE,R7,VOLCABLE_PTO_5,TERMINAL_EMBARQUE,EXCEL_PLATFORM_PRODUCT,NO_TRUCKFLOW_EVIDENCE,ROUTE_UNKNOWN,"FAZON 2026, FAZON 2026",2026-09-25T02:39:00,2026-09-25T03:56:00,2026-09-25T08:17:00,,,0,UNKNOWN_NO_EVIDENCE,,
,,0,2026-09-24T07:49:00,2026-09-25T08:18:00,1469,EXCEL_RESPALDO,EXCEL,EXCEL,CTG_10135266961,2026-09-25,MWH177,MAIZ,MAIZ,CELDA_171_-_CENTRO,CELDA 171 - CENTRO,AVELLANEDA,INGRESO,I,95611,000200434141,0000000005650,10135266961,VAV147188230926,36420,MAIZ,CELDA_171_-_CENTRO,,,CELDA_171_-_CENTRO,AVELLANEDA,EXCEL_PLATFORM_PRODUCT,NO_TRUCKFLOW_EVIDENCE,ROUTE_UNKNOWN,,2026-09-24T07:49:00,2026-09-24T15:13:00,2026-09-25T08:18:00,,,0,NO_TRUCKFLOW_EXACT_PLATE_MATCH,,
,,0,2026-09-25T08:03:00,2026-09-25T08:25:00,22,EXCEL_RESPALDO,EXCEL,EXCEL,COMPROB_005500000161,2026-09-25,FZC965,BURLANDA HUMEDA,BURLANDA HUMEDA,,,LOS_CORRALES_DE_NICANOR,INGRESO,I,95942,005500000161,0000200320745,0,,29640,BURLANDA HUMEDA,,,,,LOS_CORRALES_DE_NICANOR,EXCEL_PLATFORM_PRODUCT,NO_TRUCKFLOW_EVIDENCE,ROUTE_UNKNOWN,,2026-09-25T08:03:00,,2026-09-25T08:25:00,,,0,NO_TRUCKFLOW_EXACT_PLATE_MATCH,,
,,0,2026-09-24T07:56:00,2026-09-25T08:31:00,1475,EXCEL_RESPALDO,EXCEL,EXCEL,CTG_10135269943,2026-09-25,UGC768,MAIZ,MAIZ,CELDA_171_-_CENTRO,CELDA 171 - CENTRO,AVELLANEDA,INGRESO,I,95611,000200434142,0000000005656,10135269943,VAV778663230926,30140,MAIZ,CELDA_171_-_CENTRO,,,CELDA_171_-_CENTRO,AVELLANEDA,EXCEL_PLATFORM_PRODUCT,NO_TRUCKFLOW_EVIDENCE,ROUTE_UNKNOWN,,2026-09-24T07:56:00,2026-09-24T15:27:00,2026-09-25T08:31:00,,,0,NO_TRUCKFLOW_EXACT_PLATE_MATCH,,
,,0,2026-09-25T08:13:00,2026-09-25T08:32:00,19,EXCEL_RESPALDO,EXCEL,EXCEL,COMPROB_000301464745,2026-09-25,TOLVA,PRODUCTOS VARIOS,PRODUCTOS VARIOS,VARIOS,VARIOS,RICARDONE,INGRESO,I,11561,000301464745,0000000000001,0,,700,PRODUCTOS VARIOS,VARIOS,,,VARIOS,RICARDONE,EXCEL_PLATFORM_PRODUCT,NO_TRUCKFLOW_EVIDENCE,ROUTE_UNKNOWN,"TOLVA CALADO, MUESTRAS CALADO, TOLVA CALADO, MUESTRAS CALADO",2026-09-25T08:13:00,,2026-09-25T08:32:00,,,0,NO_TRUCKFLOW_EXACT_PLATE_MATCH,,
,,0,2026-09-25T08:00:00,2026-09-25T08:35:00,35,EXCEL_RESPALDO,EXCEL,EXCEL,COMPROB_000301069383,2026-09-25,VCR776,PRODUCTOS VARIOS,PRODUCTOS VARIOS,ACEITE,ACEITE,RICARDONE,EGRESO,E,11077,000301069383,,0,,18640,PRODUCTOS VARIOS,ACEITE,LIQUIDO,R8,ACEITE,RICARDONE,EXCEL_PLATFORM_PRODUCT,NO_TRUCKFLOW_EVIDENCE,ROUTE_UNKNOWN,"MOV.INT EN ACEITE, MOV.INT EN ACEITE",2026-09-25T08:00:00,,2026-09-25T08:35:00,,,0,NO_TRUCKFLOW_EXACT_PLATE_MATCH,,
,,0,2026-09-25T06:51:00,2026-09-25T08:36:00,105,EXCEL_RESPALDO,EXCEL,EXCEL,COMPROB_000200434143,2026-09-25,FIV417,LEÑA CORTA SELECC,LEÑA CORTA SELECC,PLAYA_LEÑA_Y_CHIP,PLAYA LEÑA Y CHIP,AVELLANEDA,INGRESO,I,999811,000200434143,0000400002303,0,,26180,LEÑA CORTA SELECC,PLAYA_LEÑA_Y_CHIP,,,PLAYA_LEÑA_Y_CHIP,AVELLANEDA,EXCEL_PLATFORM_PRODUCT,NO_TRUCKFLOW_EVIDENCE,ROUTE_UNKNOWN,,2026-09-25T06:51:00,,2026-09-25T08:36:00,,,0,NO_TRUCKFLOW_EXACT_PLATE_MATCH,,
,,0,2026-09-25T08:32:00,2026-09-25T08:54:00,22,EXCEL_RESPALDO,EXCEL,EXCEL,COMPROB_009702023068,2026-09-25,AF348IH,PRODUCTOS VARIOS,PRODUCTOS VARIOS,,,RENOPACK,INGRESO,I,50012,009702023068,0002460012121,0,,3800,PRODUCTOS VARIOS,,,,,RENOPACK,EXCEL_PLATFORM_PRODUCT,NO_TRUCKFLOW_EVIDENCE,ROUTE_UNKNOWN,"W.A BAND. GENERICA GIR. 15X900, MOVIMIENTOS PROD VARIOS., W.A BAND. GENERICA GIR. 15X900, MOVIMIENTOS PROD VARIOS.",2026-09-25T08:32:00,,2026-09-25T08:54:00,,,0,NO_TRUCKFLOW_EXACT_PLATE_MATCH,,
,,0,2026-09-25T09:08:00,2026-09-25T09:08:00,,EXCEL_RESPALDO,EXCEL,EXCEL,COMPROB_000404068775,2026-09-25,PPPPPP,LECITINA DE SOJA,LECITINA DE SOJA,,,TERMINAL_EMBARQUE,INGRESO,IA,11676,000404068775,0000000250926,0,,215000,LECITINA DE SOJA,,,,,TERMINAL_EMBARQUE,EXCEL_PLATFORM_PRODUCT,NO_TRUCKFLOW_EVIDENCE,ROUTE_UNKNOWN,"P/D 250926, P/D 250926",2026-09-25T09:08:00,,2026-09-25T09:08:00,,,0,NO_TRUCKFLOW_EXACT_PLATE_MATCH,,
,,0,2026-09-25T09:08:00,2026-09-25T09:08:00,,EXCEL_RESPALDO,EXCEL,EXCEL,COMPROB_000400422678,2026-09-25,PPPPPP,LECITINA DE SOJA,LECITINA DE SOJA,,,TERMINAL_EMBARQUE,EGRESO,EA,95610,000400422678,,0,,215000,LECITINA DE SOJA,,,,,TERMINAL_EMBARQUE,EXCEL_PLATFORM_PRODUCT,NO_TRUCKFLOW_EVIDENCE,ROUTE_UNKNOWN,P/D 250926 - CORRESPONDE A RECIBO 000404068775,2026-09-25T09:08:00,,2026-09-25T09:08:00,,,0,NO_TRUCKFLOW_EXACT_PLATE_MATCH,,
,,0,2026-09-25T07:30:00,2026-09-25T09:21:00,111,EXCEL_RESPALDO,EXCEL,EXCEL,COMPROB_000200320751,2026-09-25,AE683FK,ALCOHOL ETILICO BUEN GUSTO/POTABLE DE CEREAL,ALCOHOL ETILICO BUEN GUSTO/POTABLE DE CEREAL,T1005,T1005,AVELLANEDA,EGRESO,E,96051,000200320751,,0,,28960,ALCOHOL ETILICO BUEN GUSTO/POTABLE DE CEREAL,T1005,,,T1005,AVELLANEDA,EXCEL_PLATFORM_PRODUCT,NO_TRUCKFLOW_EVIDENCE,ROUTE_UNKNOWN,INV:XAD110,2026-09-25T07:30:00,,2026-09-25T09:21:00,,,0,NO_TRUCKFLOW_EXACT_PLATE_MATCH,,
,,0,2026-09-24T08:21:00,2026-09-25T09:24:00,1503,EXCEL_RESPALDO,EXCEL,EXCEL,CTG_10135271345,2026-09-25,AC831ZM,MAIZ,MAIZ,CELDA_171_-_CENTRO,CELDA 171 - CENTRO,AVELLANEDA,INGRESO,I,95611,000200434144,0000100023087,10135271345,VAV024407240926,35700,MAIZ,CELDA_171_-_CENTRO,,,CELDA_171_-_CENTRO,AVELLANEDA,EXCEL_PLATFORM_PRODUCT,NO_TRUCKFLOW_EVIDENCE,ROUTE_UNKNOWN,,2026-09-24T08:21:00,2026-09-24T14:35:00,2026-09-25T09:24:00,,,0,NO_TRUCKFLOW_EXACT_PLATE_MATCH,,
,,0,2026-09-25T09:24:00,2026-09-25T09:24:00,,EXCEL_RESPALDO,EXCEL,EXCEL,COMPROB_000404068778,2026-09-25,PPPPPP,CASCARA DE SOJA PELLETEADA,CASCARA DE SOJA PELLETEADA,,,TERMINAL_EMBARQUE,INGRESO,IA,11677,000404068778,0000025092026,0,,3400000,CASCARA DE SOJA PELLETEADA,,,R13,,TERMINAL_EMBARQUE,EXCEL_PLATFORM_PRODUCT,NO_TRUCKFLOW_EVIDENCE,ROUTE_UNKNOWN,"P/D 250926, P/D 250926",2026-09-25T09:24:00,,2026-09-25T09:24:00,,,0,NO_TRUCKFLOW_EXACT_PLATE_MATCH,,
,,0,2026-09-25T09:24:00,2026-09-25T09:24:00,,EXCEL_RESPALDO,EXCEL,EXCEL,COMPROB_000400422681,2026-09-25,PPPPPP,CASCARA DE SOJA PELLETEADA,CASCARA DE SOJA PELLETEADA,,,TERMINAL_EMBARQUE,EGRESO,EA,95589,000400422681,,0,,3400000,CASCARA DE SOJA PELLETEADA,,,R13,,TERMINAL_EMBARQUE,EXCEL_PLATFORM_PRODUCT,NO_TRUCKFLOW_EVIDENCE,ROUTE_UNKNOWN,P/D 250926 - CORRESPONDE A RECIBO 000404068778,2026-09-25T09:24:00,,2026-09-25T09:24:00,,,0,NO_TRUCKFLOW_EXACT_PLATE_MATCH,,
,,0,2026-09-25T03:11:00,2026-09-25T09:27:00,376,EXCEL_RESPALDO,EXCEL,EXCEL,COMPROB_000200434145,2026-09-25,AE817TT,CHIP DE EUCALIPTUS,CHIP DE EUCALIPTUS,PLAYA_LEÑA_Y_CHIP,PLAYA LEÑA Y CHIP,AVELLANEDA,INGRESO,I,999821,000200434145,0000100014672,0,,32140,CHIP DE EUCALIPTUS,PLAYA_LEÑA_Y_CHIP,,,PLAYA_LEÑA_Y_CHIP,AVELLANEDA,EXCEL_PLATFORM_PRODUCT,NO_TRUCKFLOW_EVIDENCE,ROUTE_UNKNOWN,,2026-09-25T03:11:00,,2026-09-25T09:27:00,,,0,NO_TRUCKFLOW_EXACT_PLATE_MATCH,,
,,0,2026-09-25T07:27:00,2026-09-25T09:47:00,140,EXCEL_RESPALDO,EXCEL,EXCEL,COMPROB_009702024177,2026-09-25,TDQ017,ACEITE SOJA REFINADO,ACEITE SOJA REFINADO,,,RENOPACK,EGRESO,E,50015,009702024177,,0,,28510,ACEITE SOJA REFINADO,,LIQUIDO,,,RENOPACK,EXCEL_PLATFORM_PRODUCT,NO_TRUCKFLOW_EVIDENCE,ROUTE_UNKNOWN,ACEITE REPROCESO.,2026-09-25T07:27:00,,2026-09-25T09:47:00,,,0,EXACT_PLATE_MATCH_OUTSIDE_TIME_WINDOW,,
,,0,2026-09-24T08:32:00,2026-09-25T09:53:00,1521,EXCEL_RESPALDO,EXCEL,EXCEL,CTG_10135271369,2026-09-25,AH727QC,MAIZ,MAIZ,CELDA_171_-_CENTRO,CELDA 171 - CENTRO,AVELLANEDA,INGRESO,I,95611,000200434146,0000100023088,10135271369,VAV467527240926,34840,MAIZ,CELDA_171_-_CENTRO,,,CELDA_171_-_CENTRO,AVELLANEDA,EXCEL_PLATFORM_PRODUCT,NO_TRUCKFLOW_EVIDENCE,ROUTE_UNKNOWN,,2026-09-24T08:32:00,2026-09-24T09:56:00,2026-09-25T09:53:00,,,0,NO_TRUCKFLOW_EXACT_PLATE_MATCH,,
,,0,2026-09-25T09:01:00,2026-09-25T09:55:00,54,EXCEL_RESPALDO,EXCEL,EXCEL,COMPROB_000200320752,2026-09-25,FVB088,BURLANDA HUMEDA,BURLANDA HUMEDA,DEPOSITO_BURLANDAS,DEPOSITO BURLANDAS,AVELLANEDA,EGRESO,E,96039,000200320752,,0,,24720,BURLANDA HUMEDA,DEPOSITO_BURLANDAS,,,DEPOSITO_BURLANDAS,AVELLANEDA,EXCEL_PLATFORM_PRODUCT,NO_TRUCKFLOW_EVIDENCE,ROUTE_UNKNOWN,,2026-09-25T09:01:00,,2026-09-25T09:55:00,,,0,NO_TRUCKFLOW_EXACT_PLATE_MATCH,,
,,0,2026-09-25T09:08:00,2026-09-25T10:05:00,57,EXCEL_RESPALDO,EXCEL,EXCEL,COMPROB_000200320753,2026-09-25,FZC965,BURLANDA HUMEDA,BURLANDA HUMEDA,DEPOSITO_BURLANDAS,DEPOSITO BURLANDAS,AVELLANEDA,EGRESO,E,95942,000200320753,,0,,27000,BURLANDA HUMEDA,DEPOSITO_BURLANDAS,,,DEPOSITO_BURLANDAS,AVELLANEDA,EXCEL_PLATFORM_PRODUCT,NO_TRUCKFLOW_EVIDENCE,ROUTE_UNKNOWN,,2026-09-25T09:08:00,,2026-09-25T10:05:00,,,0,NO_TRUCKFLOW_EXACT_PLATE_MATCH,,
,,0,2026-09-25T07:58:00,2026-09-25T10:07:00,129,EXCEL_RESPALDO,EXCEL,EXCEL,COMPROB_000200320754,2026-09-25,AD608AW,ALCOHOL ETILICO ANHIDRO P/ BIOCOMB ORIG CEREAL,ALCOHOL ETILICO ANHIDRO P/ BIOCOMB. ORIG. CEREAL,T1002,T1002,AVELLANEDA,EGRESO,E,95668,000200320754,,0,,35700,ALCOHOL ETILICO ANHIDRO P/ BIOCOMB ORIG CEREAL,T1002,,,T1002,AVELLANEDA,EXCEL_PLATFORM_PRODUCT,NO_TRUCKFLOW_EVIDENCE,ROUTE_UNKNOWN,"MERC. ENTREGADA POR C/O DE BIOENERG. AGROP. A P.A.E, CUPO:(SEPTIEMBRE 26), MERC. ENTREGADA POR C/O DE BIOENERG. AGROP. A P.A.E",2026-09-25T07:58:00,,2026-09-25T10:07:00,,,0,NO_TRUCKFLOW_EXACT_PLATE_MATCH,,
,,0,2026-09-25T09:36:00,2026-09-25T10:28:00,52,EXCEL_RESPALDO,EXCEL,EXCEL,COMPROB_000200434147,2026-09-25,RPM007,LEÑA CORTA SELECC,LEÑA CORTA SELECC,PLAYA_LEÑA_Y_CHIP,PLAYA LEÑA Y CHIP,AVELLANEDA,INGRESO,I,999811,000200434147,0000100001024,0,,30940,LEÑA CORTA SELECC,PLAYA_LEÑA_Y_CHIP,,,PLAYA_LEÑA_Y_CHIP,AVELLANEDA,EXCEL_PLATFORM_PRODUCT,NO_TRUCKFLOW_EVIDENCE,ROUTE_UNKNOWN,,2026-09-25T09:36:00,,2026-09-25T10:28:00,,,0,NO_TRUCKFLOW_EXACT_PLATE_MATCH,,
,,0,2026-09-24T08:32:00,2026-09-25T10:50:00,1578,EXCEL_RESPALDO,EXCEL,EXCEL,CTG_10135273461,2026-09-25,AB835GI,MAIZ,MAIZ,CELDA_171_-_CENTRO,CELDA 171 - CENTRO,AVELLANEDA,INGRESO,I,95611,000200434148,0000100023094,10135273461,VAV708439240926,35180,MAIZ,CELDA_171_-_CENTRO,,,CELDA_171_-_CENTRO,AVELLANEDA,EXCEL_PLATFORM_PRODUCT,NO_TRUCKFLOW_EVIDENCE,ROUTE_UNKNOWN,,2026-09-24T08:32:00,2026-09-24T10:08:00,2026-09-25T10:50:00,,,0,NO_TRUCKFLOW_EXACT_PLATE_MATCH,,
,,0,2026-09-25T09:40:00,2026-09-25T10:56:00,76,EXCEL_RESPALDO,EXCEL,EXCEL,COMPROB_000200320755,2026-09-25,AH418PG,ALCOHOL ETILICO ANHIDRO P/ BIOCOMB ORIG CEREAL,ALCOHOL ETILICO ANHIDRO P/ BIOCOMB. ORIG. CEREAL,T1002,T1002,AVELLANEDA,EGRESO,E,95668,000200320755,,0,,34160,ALCOHOL ETILICO ANHIDRO P/ BIOCOMB ORIG CEREAL,T1002,,,T1002,AVELLANEDA,EXCEL_PLATFORM_PRODUCT,NO_TRUCKFLOW_EVIDENCE,ROUTE_UNKNOWN,"MERC. ENTREGADA POR C/O DE BIOENERG. AGROP. A YPF, CUPO:(SEPTIEMBRE 26), MERC. ENTREGADA POR C/O DE BIOENERG. AGROP. A YPF",2026-09-25T09:40:00,,2026-09-25T10:56:00,,,0,NO_TRUCKFLOW_EXACT_PLATE_MATCH,,
,,0,2026-09-25T10:41:00,2026-09-25T11:06:00,25,EXCEL_RESPALDO,EXCEL,EXCEL,COMPROB_009702023071,2026-09-25,AF285AH,PRODUCTOS VARIOS,PRODUCTOS VARIOS,,,RENOPACK,INGRESO,I,50012,009702023071,0024600012109,0,,10570,PRODUCTOS VARIOS,,,,,RENOPACK,EXCEL_PLATFORM_PRODUCT,NO_TRUCKFLOW_EVIDENCE,ROUTE_UNKNOWN,"W.A GENERICA GIR. 12X1500 (28600), MOVIMIENTOS PROD VARIOS., W.A GENERICA GIR. 12X1500 (28600), MOVIMIENTOS PROD VARIOS.",2026-09-25T10:41:00,,2026-09-25T11:06:00,,,0,NO_TRUCKFLOW_EXACT_PLATE_MATCH,,
,,0,2026-09-25T11:13:00,2026-09-25T11:13:00,,EXCEL_RESPALDO,EXCEL,EXCEL,COMPROB_000404068806,2026-09-25,PPPPPP,ACEITE SOJA CRUDO DESGOMADO,ACEITE SOJA CRUDO DESGOMADO,,,TERMINAL_EMBARQUE,INGRESO,IA,95333,000404068806,0000025092026,0,,6,ACEITE SOJA CRUDO DESGOMADO,,LIQUIDO,SL3,,TERMINAL_EMBARQUE,EXCEL_PLATFORM_PRODUCT,NO_TRUCKFLOW_EVIDENCE,ROUTE_UNKNOWN,"AJUSTE POR MEDICION 250926, AJUSTE POR MEDICION 250926",2026-09-25T11:13:00,2026-09-25T11:13:00,2026-09-25T11:13:00,,,0,NO_TRUCKFLOW_EXACT_PLATE_MATCH,,
,,0,2026-09-25T11:13:00,2026-09-25T11:13:00,,EXCEL_RESPALDO,EXCEL,EXCEL,COMPROB_000400422692,2026-09-25,PPPPPP,ACEITE SOJA CRUDO DESGOMADO,ACEITE SOJA CRUDO DESGOMADO,,,TERMINAL_EMBARQUE,EGRESO,EA,11675,000400422692,,0,,6,ACEITE SOJA CRUDO DESGOMADO,,LIQUIDO,SL3,,TERMINAL_EMBARQUE,EXCEL_PLATFORM_PRODUCT,NO_TRUCKFLOW_EVIDENCE,ROUTE_UNKNOWN,AJUSTE POR MEDICION 250926 - CORRESPONDE A RECIBO 000404068806,2026-09-25T11:13:00,,2026-09-25T11:13:00,,,0,NO_TRUCKFLOW_EXACT_PLATE_MATCH,,
,,0,2026-09-25T10:13:00,2026-09-25T11:13:00,60,EXCEL_RESPALDO,EXCEL,EXCEL,COMPROB_005500000162,2026-09-25,FBM459,HENO DE PASTURA CALIDAD INFERIOR,HENO DE PASTURA CALIDAD INFERIOR,,,LOS_CORRALES_DE_NICANOR,INGRESO,I,999774,005500000162,0000000000046,0,,20180,HENO DE PASTURA CALIDAD INFERIOR,,,,,LOS_CORRALES_DE_NICANOR,EXCEL_PLATFORM_PRODUCT,NO_TRUCKFLOW_EVIDENCE,ROUTE_UNKNOWN,"26 ROLLOS - INGRESO SEGUN FACT 46, 26 ROLLOS - INGRESO SEGUN FACT 46",2026-09-25T10:13:00,,2026-09-25T11:13:00,,,0,NO_TRUCKFLOW_EXACT_PLATE_MATCH,,
,,0,2026-09-24T22:00:00,2026-09-25T11:17:00,797,EXCEL_RESPALDO,EXCEL,EXCEL,CTG_10235261549,2026-09-25,FPF313,GIRASOL,GIRASOL,VOLCABLE_1,VOLCABLE 1,RICARDONE,INGRESO,I,2000664,000301464753,0405200004031,10235261549,VIC448026250926,28420,GIRASOL,VOLCABLE_1,VOLCABLE,R5,VOLCABLE_1,RICARDONE,EXCEL_PLATFORM_PRODUCT,NO_TRUCKFLOW_EVIDENCE,ROUTE_UNKNOWN,"FASON GIRASOL, FASON GIRASOL",2026-09-24T22:00:00,2026-09-25T05:26:00,2026-09-25T11:17:00,,,0,UNKNOWN_NO_EVIDENCE,,
,,0,2026-09-25T11:01:00,2026-09-25T11:22:00,21,EXCEL_RESPALDO,EXCEL,EXCEL,COMPROB_005500000163,2026-09-25,FZC965,BURLANDA HUMEDA,BURLANDA HUMEDA,,,LOS_CORRALES_DE_NICANOR,INGRESO,I,95942,005500000163,0000200320753,0,,27060,BURLANDA HUMEDA,,,,,LOS_CORRALES_DE_NICANOR,EXCEL_PLATFORM_PRODUCT,NO_TRUCKFLOW_EVIDENCE,ROUTE_UNKNOWN,,2026-09-25T11:01:00,,2026-09-25T11:22:00,,,0,NO_TRUCKFLOW_EXACT_PLATE_MATCH,,
,,0,2026-09-24T08:32:00,2026-09-25T11:25:00,1613,EXCEL_RESPALDO,EXCEL,EXCEL,CTG_10135254111,2026-09-25,AG632TO,MAIZ,MAIZ,CELDA_171_-_CENTRO,CELDA 171 - CENTRO,AVELLANEDA,INGRESO,I,95611,000200434149,0000100023041,10135254111,VAV329958230926,34920,MAIZ,CELDA_171_-_CENTRO,,,CELDA_171_-_CENTRO,AVELLANEDA,EXCEL_PLATFORM_PRODUCT,NO_TRUCKFLOW_EVIDENCE,ROUTE_UNKNOWN,,2026-09-24T08:32:00,2026-09-24T09:49:00,2026-09-25T11:25:00,,,0,NO_TRUCKFLOW_EXACT_PLATE_MATCH,,
,,0,2026-09-25T10:35:00,2026-09-25T11:38:00,63,EXCEL_RESPALDO,EXCEL,EXCEL,COMPROB_000200320756,2026-09-25,AH754XD,ALCOHOL ETILICO ANHIDRO P/ BIOCOMB ORIG CEREAL,ALCOHOL ETILICO ANHIDRO P/ BIOCOMB. ORIG. CEREAL,T1002,T1002,AVELLANEDA,EGRESO,E,95668,000200320756,,0,,28340,ALCOHOL ETILICO ANHIDRO P/ BIOCOMB ORIG CEREAL,T1002,,,T1002,AVELLANEDA,EXCEL_PLATFORM_PRODUCT,NO_TRUCKFLOW_EVIDENCE,ROUTE_UNKNOWN,"MERC. ENTREGADA A YPF POR C/O DE BIOENERGIAS AGROPECUARIAS S.A., CUPO:(SEPTIEMBRE 26), MERC. ENTREGADA A YPF POR C/O DE BIOENERGIAS AGROPECUARIAS S.A.",2026-09-25T10:35:00,,2026-09-25T11:38:00,,,0,NO_TRUCKFLOW_EXACT_PLATE_MATCH,,
,,0,2026-09-25T09:45:00,2026-09-25T11:43:00,118,EXCEL_RESPALDO,EXCEL,EXCEL,COMPROB_000400422697,2026-09-25,GFP699,GLICERINA REFINADA,GLICERINA REFINADA,,,TERMINAL_EMBARQUE,EGRESO,E,10968,000400422697,,0,,23500,GLICERINA REFINADA,,LIQUIDO,R8,,TERMINAL_EMBARQUE,EXCEL_PLATFORM_PRODUCT,NO_TRUCKFLOW_EVIDENCE,ROUTE_UNKNOWN,DIRECTO DE RENOVA,2026-09-25T09:45:00,,2026-09-25T11:43:00,,,0,UNKNOWN_NO_EVIDENCE,,
,,0,2026-09-25T09:33:00,2026-09-25T11:46:00,133,EXCEL_RESPALDO,EXCEL,EXCEL,COMPROB_009702023072,2026-09-25,AEM183,ACEITE SOJA REFINADO,ACEITE SOJA REFINADO,,,RENOPACK,INGRESO,I,50026,009702023072,0700100013490,0,,29580,ACEITE SOJA REFINADO,,LIQUIDO,,,RENOPACK,EXCEL_PLATFORM_PRODUCT,NO_TRUCKFLOW_EVIDENCE,ROUTE_UNKNOWN,"RECIBOS ACEITE REFINADO SOJA BUNGE , RECIBOS ACEITE REFINADO SOJA BUNGE",2026-09-25T09:33:00,,2026-09-25T11:46:00,,,0,NO_TRUCKFLOW_EXACT_PLATE_MATCH,,
,,0,2026-09-25T10:24:00,2026-09-25T11:59:00,95,EXCEL_RESPALDO,EXCEL,EXCEL,COMPROB_009702023073,2026-09-25,GGX385,ACEITE SOJA REFINADO,ACEITE SOJA REFINADO,,,RENOPACK,INGRESO,I,50026,009702023073,0700100013493,0,,29450,ACEITE SOJA REFINADO,,LIQUIDO,,,RENOPACK,EXCEL_PLATFORM_PRODUCT,NO_TRUCKFLOW_EVIDENCE,ROUTE_UNKNOWN,"RECIBOS ACEITE REFINADO SOJA BUNGE , RECIBOS ACEITE REFINADO SOJA BUNGE",2026-09-25T10:24:00,,2026-09-25T11:59:00,,,0,NO_TRUCKFLOW_EXACT_PLATE_MATCH,,
,,0,2026-09-24T11:53:00,2026-09-25T12:11:00,1458,EXCEL_RESPALDO,EXCEL,EXCEL,CTG_10235272855,2026-09-25,GUI162,MAIZ,MAIZ,SILO_TROVATTO_04,SILO TROVATTO 04,AVELLANEDA,INGRESO,I,95611,000200434150,0003900015325,10235272855,VAV345298240926,30100,MAIZ,SILO_TROVATTO_04,,,SILO_TROVATTO_04,AVELLANEDA,EXCEL_PLATFORM_PRODUCT,NO_TRUCKFLOW_EVIDENCE,ROUTE_UNKNOWN,,2026-09-24T11:53:00,2026-09-24T16:40:00,2026-09-25T12:11:00,,,0,NO_TRUCKFLOW_EXACT_PLATE_MATCH,,
,,0,2026-09-24T09:22:00,2026-09-25T12:17:00,1615,EXCEL_RESPALDO,EXCEL,EXCEL,CTG_10135271385,2026-09-25,AE437OA,MAIZ,MAIZ,CELDA_171_-_CENTRO,CELDA 171 - CENTRO,AVELLANEDA,INGRESO,I,95611,000200434151,0000100023089,10135271385,VAV900365240926,34820,MAIZ,CELDA_171_-_CENTRO,,,CELDA_171_-_CENTRO,AVELLANEDA,EXCEL_PLATFORM_PRODUCT,NO_TRUCKFLOW_EVIDENCE,ROUTE_UNKNOWN,,2026-09-24T09:22:00,2026-09-24T10:02:00,2026-09-25T12:17:00,,,0,NO_TRUCKFLOW_EXACT_PLATE_MATCH,,
,,0,2026-09-25T12:30:00,2026-09-25T12:30:00,,EXCEL_RESPALDO,EXCEL,EXCEL,COMPROB_000200434152,2026-09-25,HGR250,CHIP DE EUCALIPTUS,CHIP DE EUCALIPTUS,,,AVELLANEDA,INGRESO,IA,999821,000200434152,0000100000254,0,,29940,CHIP DE EUCALIPTUS,,,,,AVELLANEDA,EXCEL_PLATFORM_PRODUCT,NO_TRUCKFLOW_EVIDENCE,ROUTE_UNKNOWN,,2026-09-25T12:30:00,,2026-09-25T12:30:00,,,0,NO_TRUCKFLOW_EXACT_PLATE_MATCH,,
,,0,2026-09-25T11:49:00,2026-09-25T12:31:00,42,EXCEL_RESPALDO,EXCEL,EXCEL,COMPROB_009702023074,2026-09-25,MKW255,PRODUCTOS VARIOS,PRODUCTOS VARIOS,,,RENOPACK,INGRESO,I,50012,009702023074,0000100035917,0,,7710,PRODUCTOS VARIOS,,,,,RENOPACK,EXCEL_PLATFORM_PRODUCT,NO_TRUCKFLOW_EVIDENCE,ROUTE_UNKNOWN,"26 PALLET CON PREFORMA, MOVIMIENTOS PROD VARIOS., 26 PALLET CON PREFORMA, MOVIMIENTOS PROD VARIOS.",2026-09-25T11:49:00,,2026-09-25T12:31:00,,,0,NO_TRUCKFLOW_EXACT_PLATE_MATCH,,
,,0,2026-09-25T11:00:00,2026-09-25T12:37:00,97,EXCEL_RESPALDO,EXCEL,EXCEL,COMPROB_000200320757,2026-09-25,AG421OX,ALCOHOL ETILICO ANHIDRO P/ BIOCOMB ORIG CEREAL,ALCOHOL ETILICO ANHIDRO P/ BIOCOMB. ORIG. CEREAL,T1002,T1002,AVELLANEDA,EGRESO,E,95668,000200320757,,0,,35620,ALCOHOL ETILICO ANHIDRO P/ BIOCOMB ORIG CEREAL,T1002,,,T1002,AVELLANEDA,EXCEL_PLATFORM_PRODUCT,NO_TRUCKFLOW_EVIDENCE,ROUTE_UNKNOWN,"MERC. ENTREGADA A YPF POR C/O DE BIOENERGIAS AGROPECUARIAS S.A., CUPO:(SEPTIEMBRE 26), MERC. ENTREGADA A YPF POR C/O DE BIOENERGIAS AGROPECUARIAS S.A.",2026-09-25T11:00:00,,2026-09-25T12:37:00,,,0,NO_TRUCKFLOW_EXACT_PLATE_MATCH,,
,,0,2026-09-25T12:16:00,2026-09-25T12:40:00,24,EXCEL_RESPALDO,EXCEL,EXCEL,COMPROB_000200320758,2026-09-25,FZC965,BURLANDA HUMEDA,BURLANDA HUMEDA,DEPOSITO_BURLANDAS,DEPOSITO BURLANDAS,AVELLANEDA,EGRESO,E,95942,000200320758,,0,,27420,BURLANDA HUMEDA,DEPOSITO_BURLANDAS,,,DEPOSITO_BURLANDAS,AVELLANEDA,EXCEL_PLATFORM_PRODUCT,NO_TRUCKFLOW_EVIDENCE,ROUTE_UNKNOWN,,2026-09-25T12:16:00,,2026-09-25T12:40:00,,,0,NO_TRUCKFLOW_EXACT_PLATE_MATCH,,
,,0,2026-09-25T12:02:00,2026-09-25T12:46:00,44,EXCEL_RESPALDO,EXCEL,EXCEL,COMPROB_000404068829,2026-09-25,AA042AI,ESCORIA,ESCORIA,,,TERMINAL_EMBARQUE,INGRESO,I,10807,000404068829,000100158615,0,,34860,ESCORIA,,,,,TERMINAL_EMBARQUE,EXCEL_PLATFORM_PRODUCT,NO_TRUCKFLOW_EVIDENCE,ROUTE_UNKNOWN,,2026-09-25T12:02:00,,2026-09-25T12:46:00,,,0,UNKNOWN_NO_EVIDENCE,,
,,0,2026-09-24T09:28:00,2026-09-25T12:48:00,1640,EXCEL_RESPALDO,EXCEL,EXCEL,CTG_10135268142,2026-09-25,EGD621,MAIZ,MAIZ,CELDA_171_-_CENTRO,CELDA 171 - CENTRO,AVELLANEDA,INGRESO,I,95611,000200434153,0000100014685,10135268142,VAV425869240926,30740,MAIZ,CELDA_171_-_CENTRO,,,CELDA_171_-_CENTRO,AVELLANEDA,EXCEL_PLATFORM_PRODUCT,NO_TRUCKFLOW_EVIDENCE,ROUTE_UNKNOWN,,2026-09-24T09:28:00,2026-09-24T15:43:00,2026-09-25T12:48:00,,,0,NO_TRUCKFLOW_EXACT_PLATE_MATCH,,
,,0,2026-09-25T09:02:00,2026-09-25T13:02:00,240,EXCEL_RESPALDO,EXCEL,EXCEL,COMPROB_000404068835,2026-09-25,AF569EF,METANOL,METANOL,,,TERMINAL_EMBARQUE,INGRESO,I,10914,000404068835,110400135840,0,,36060,METANOL,,,,,TERMINAL_EMBARQUE,EXCEL_PLATFORM_PRODUCT,NO_TRUCKFLOW_EVIDENCE,ROUTE_UNKNOWN,,2026-09-25T09:02:00,,2026-09-25T13:02:00,,,0,NO_TRUCKFLOW_EXACT_PLATE_MATCH,,
,,0,2026-09-25T11:38:00,2026-09-25T13:03:00,85,EXCEL_RESPALDO,EXCEL,EXCEL,COMPROB_000200320759,2026-09-25,AH028RY,ALCOHOL ETILICO ANHIDRO P/ BIOCOMB ORIG CEREAL,ALCOHOL ETILICO ANHIDRO P/ BIOCOMB. ORIG. CEREAL,T1002,T1002,AVELLANEDA,EGRESO,E,95668,000200320759,,0,,35380,ALCOHOL ETILICO ANHIDRO P/ BIOCOMB ORIG CEREAL,T1002,,,T1002,AVELLANEDA,EXCEL_PLATFORM_PRODUCT,NO_TRUCKFLOW_EVIDENCE,ROUTE_UNKNOWN,"MERC. ENTREGADA POR C/O DE BIOENERG. AGROP. A P.A.E, CUPO:(SEPTIEMBRE 26), MERC. ENTREGADA POR C/O DE BIOENERG. AGROP. A P.A.E",2026-09-25T11:38:00,,2026-09-25T13:03:00,,,0,NO_TRUCKFLOW_EXACT_PLATE_MATCH,,
,,0,2026-09-24T09:52:00,2026-09-25T13:10:00,1638,EXCEL_RESPALDO,EXCEL,EXCEL,CTG_10135250596,2026-09-25,RIW338,MAIZ,MAIZ,CELDA_171_-_CENTRO,CELDA 171 - CENTRO,AVELLANEDA,INGRESO,I,95611,000200434154,0000000005648,10135250596,VAV123078230926,30880,MAIZ,CELDA_171_-_CENTRO,,,CELDA_171_-_CENTRO,AVELLANEDA,EXCEL_PLATFORM_PRODUCT,NO_TRUCKFLOW_EVIDENCE,ROUTE_UNKNOWN,,2026-09-24T09:52:00,2026-09-24T15:46:00,2026-09-25T13:10:00,,,0,NO_TRUCKFLOW_EXACT_PLATE_MATCH,,
,,0,2026-09-24T12:04:00,2026-09-25T13:14:00,1510,EXCEL_RESPALDO,EXCEL,EXCEL,CTG_10235277282,2026-09-25,AG288IU,MAIZ,MAIZ,SILO_TROVATTO_04,SILO TROVATTO 04,AVELLANEDA,INGRESO,I,95611,000200434155,0000000003058,10235277282,,36660,MAIZ,SILO_TROVATTO_04,,,SILO_TROVATTO_04,AVELLANEDA,EXCEL_PLATFORM_PRODUCT,NO_TRUCKFLOW_EVIDENCE,ROUTE_UNKNOWN,,2026-09-24T12:04:00,2026-09-24T16:55:00,2026-09-25T13:14:00,,,0,NO_TRUCKFLOW_EXACT_PLATE_MATCH,,
,,0,2026-09-24T13:56:00,2026-09-25T13:38:00,1422,EXCEL_RESPALDO,EXCEL,EXCEL,CTG_10135257521,2026-09-25,TMN081,MAIZ,MAIZ,SILO_TROVATTO_04,SILO TROVATTO 04,AVELLANEDA,INGRESO,I,95611,000200434156,0000100001375,10135257521,VAV510579230926,30640,MAIZ,SILO_TROVATTO_04,,,SILO_TROVATTO_04,AVELLANEDA,EXCEL_PLATFORM_PRODUCT,NO_TRUCKFLOW_EVIDENCE,ROUTE_UNKNOWN,,2026-09-24T13:56:00,2026-09-24T17:39:00,2026-09-25T13:38:00,,,0,NO_TRUCKFLOW_EXACT_PLATE_MATCH,,
,,0,2026-09-25T12:31:00,2026-09-25T13:43:00,72,EXCEL_RESPALDO,EXCEL,EXCEL,COMPROB_000200320760,2026-09-25,AE767PY,ALCOHOL ETILICO ANHIDRO P/ BIOCOMB ORIG CEREAL,ALCOHOL ETILICO ANHIDRO P/ BIOCOMB. ORIG. CEREAL,T1002,T1002,AVELLANEDA,EGRESO,E,95668,000200320760,,0,,34580,ALCOHOL ETILICO ANHIDRO P/ BIOCOMB ORIG CEREAL,T1002,,,T1002,AVELLANEDA,EXCEL_PLATFORM_PRODUCT,NO_TRUCKFLOW_EVIDENCE,ROUTE_UNKNOWN,"MERC. ENTREGADA A YPF POR C/O DE BIOENERGIAS AGROPECUARIAS S.A., CUPO:(SEPTIEMBRE 26), MERC. ENTREGADA A YPF POR C/O DE BIOENERGIAS AGROPECUARIAS S.A.",2026-09-25T12:31:00,,2026-09-25T13:43:00,,,0,NO_TRUCKFLOW_EXACT_PLATE_MATCH,,
,,0,2026-09-25T13:43:00,2026-09-25T13:43:00,,EXCEL_RESPALDO,EXCEL,EXCEL,COMPROB_000200434157,2026-09-25,FZC965,BURLANDA HUMEDA,BURLANDA HUMEDA,,,AVELLANEDA,DESPACHO,DE,95942,000200434157,0999200320758,0,,-27420,BURLANDA HUMEDA,,,,,AVELLANEDA,EXCEL_PLATFORM_PRODUCT,NO_TRUCKFLOW_EVIDENCE,ROUTE_UNKNOWN,DEVOLUCION DESPACHO 000200320758,2026-09-25T13:43:00,,2026-09-25T13:43:00,,,0,NO_TRUCKFLOW_EXACT_PLATE_MATCH,,
,,0,2026-09-25T13:46:00,2026-09-25T13:46:00,,EXCEL_RESPALDO,EXCEL,EXCEL,COMPROB_000200320761,2026-09-25,FZC965,BURLANDA HUMEDA,BURLANDA HUMEDA,,,AVELLANEDA,EGRESO,EA,96012,000200320761,,0,,27420,BURLANDA HUMEDA,,,,,AVELLANEDA,EXCEL_PLATFORM_PRODUCT,NO_TRUCKFLOW_EVIDENCE,ROUTE_UNKNOWN,,2026-09-25T13:46:00,,2026-09-25T13:46:00,,,0,NO_TRUCKFLOW_EXACT_PLATE_MATCH,,
,,0,2026-09-24T11:51:00,2026-09-25T13:51:00,1560,EXCEL_RESPALDO,EXCEL,EXCEL,CTG_10235273617,2026-09-25,OLD564,MAIZ,MAIZ,CELDA_171_-_CENTRO,CELDA 171 - CENTRO,AVELLANEDA,INGRESO,I,95611,000200434158,0003900015326,10235273617,VAV487747240926,30080,MAIZ,CELDA_171_-_CENTRO,,,CELDA_171_-_CENTRO,AVELLANEDA,EXCEL_PLATFORM_PRODUCT,NO_TRUCKFLOW_EVIDENCE,ROUTE_UNKNOWN,,2026-09-24T11:51:00,2026-09-24T16:29:00,2026-09-25T13:51:00,,,0,NO_TRUCKFLOW_EXACT_PLATE_MATCH,,
,,0,2026-09-24T13:59:00,2026-09-25T14:02:00,1443,EXCEL_RESPALDO,EXCEL,EXCEL,CTG_10235248877,2026-09-25,TNG168,MAIZ,MAIZ,SILO_TROVATTO_04,SILO TROVATTO 04,AVELLANEDA,INGRESO,I,95611,000200434159,0010000568764,10235248877,VAV109923230926,30100,MAIZ,SILO_TROVATTO_04,,,SILO_TROVATTO_04,AVELLANEDA,EXCEL_PLATFORM_PRODUCT,NO_TRUCKFLOW_EVIDENCE,ROUTE_UNKNOWN,,2026-09-24T13:59:00,2026-09-24T17:31:00,2026-09-25T14:02:00,,,0,NO_TRUCKFLOW_EXACT_PLATE_MATCH,,
,,0,2026-09-25T14:08:00,2026-09-25T14:08:00,,EXCEL_RESPALDO,EXCEL,EXCEL,COMPROB_000200320762,2026-09-25,XXXXX,THIN STILLAGE DE MAIZ,THIN STILLAGE DE MAIZ,,,AVELLANEDA,EGRESO,EA,91053,000200320762,,0,,476336,THIN STILLAGE DE MAIZ,,,,,AVELLANEDA,EXCEL_PLATFORM_PRODUCT,NO_TRUCKFLOW_EVIDENCE,ROUTE_UNKNOWN,CORRESONDE 24/09/2026,2026-09-25T14:08:00,,2026-09-25T14:08:00,,,0,NO_TRUCKFLOW_EXACT_PLATE_MATCH,,
,,0,2026-09-25T13:05:00,2026-09-25T14:12:00,67,EXCEL_RESPALDO,EXCEL,EXCEL,COMPROB_000200320763,2026-09-25,AA831FI,ALCOHOL ETILICO ANHIDRO P/ BIOCOMB ORIG CEREAL,ALCOHOL ETILICO ANHIDRO P/ BIOCOMB. ORIG. CEREAL,T1002,T1002,AVELLANEDA,EGRESO,E,95668,000200320763,,0,,29180,ALCOHOL ETILICO ANHIDRO P/ BIOCOMB ORIG CEREAL,T1002,,,T1002,AVELLANEDA,EXCEL_PLATFORM_PRODUCT,NO_TRUCKFLOW_EVIDENCE,ROUTE_UNKNOWN,"MERC. ENTREGADA A YPF POR C/O DE BIOENERGIAS AGROPECUARIAS S.A., CUPO:(SEPTIEMBRE 26), MERC. ENTREGADA A YPF POR C/O DE BIOENERGIAS AGROPECUARIAS S.A.",2026-09-25T13:05:00,,2026-09-25T14:12:00,,,0,NO_TRUCKFLOW_EXACT_PLATE_MATCH,,
,,0,2026-09-25T14:16:00,2026-09-25T14:16:00,,EXCEL_RESPALDO,EXCEL,EXCEL,COMPROB_000200320764,2026-09-25,VVVVV,RESIDUOS ASIMILABLES A DOMICILIARIOS,RESIDUOS ASIMILABLES A DOMICILIARIOS,,,AVELLANEDA,EGRESO,EA,88262,000200320764,,0,,180,RESIDUOS ASIMILABLES A DOMICILIARIOS,,,,,AVELLANEDA,EXCEL_PLATFORM_PRODUCT,NO_TRUCKFLOW_EVIDENCE,ROUTE_UNKNOWN,,2026-09-25T14:16:00,,2026-09-25T14:16:00,,,0,NO_TRUCKFLOW_EXACT_PLATE_MATCH,,
,,0,2026-09-24T11:25:00,2026-09-25T14:23:00,1618,EXCEL_RESPALDO,EXCEL,EXCEL,CTG_10135266452,2026-09-25,AB595OS,MAIZ,MAIZ,CELDA_171_-_CENTRO,CELDA 171 - CENTRO,AVELLANEDA,INGRESO,I,95611,000200434160,0000000072719,10135266452,VAV005759240926,35800,MAIZ,CELDA_171_-_CENTRO,,,CELDA_171_-_CENTRO,AVELLANEDA,EXCEL_PLATFORM_PRODUCT,NO_TRUCKFLOW_EVIDENCE,ROUTE_UNKNOWN,,2026-09-24T11:25:00,2026-09-25T11:12:00,2026-09-25T14:23:00,,,0,NO_TRUCKFLOW_EXACT_PLATE_MATCH,,
,,0,2026-09-24T14:15:00,2026-09-25T14:25:00,1450,EXCEL_RESPALDO,EXCEL,EXCEL,CTG_10135267569,2026-09-25,SPT501,MAIZ,MAIZ,SILO_TROVATTO_04,SILO TROVATTO 04,AVELLANEDA,INGRESO,I,95611,000200434161,0000000005652,10135267569,VAV459294230926,31880,MAIZ,SILO_TROVATTO_04,,,SILO_TROVATTO_04,AVELLANEDA,EXCEL_PLATFORM_PRODUCT,NO_TRUCKFLOW_EVIDENCE,ROUTE_UNKNOWN,,2026-09-24T14:15:00,2026-09-24T17:51:00,2026-09-25T14:25:00,,,0,NO_TRUCKFLOW_EXACT_PLATE_MATCH,,
,,0,2026-09-24T23:06:00,2026-09-25T14:31:00,925,EXCEL_RESPALDO,EXCEL,EXCEL,CTG_10235286655,2026-09-25,GYA580,GIRASOL,GIRASOL,VOLCABLE_1,VOLCABLE 1,RICARDONE,INGRESO,I,2000664,000301464765,0482500003499,10235286655,VIC192485240926,30040,GIRASOL,VOLCABLE_1,VOLCABLE,R5,VOLCABLE_1,RICARDONE,EXCEL_PLATFORM_PRODUCT,NO_TRUCKFLOW_EVIDENCE,ROUTE_UNKNOWN,"FASON GIRASOL, FASON GIRASOL",2026-09-24T23:06:00,2026-09-25T05:47:00,2026-09-25T14:31:00,,,0,UNKNOWN_NO_EVIDENCE,,
,,0,2026-09-24T12:19:00,2026-09-25T14:48:00,1589,EXCEL_RESPALDO,EXCEL,EXCEL,CTG_10135269347,2026-09-25,ETM374,MAIZ,MAIZ,CELDA_171_-_CENTRO,CELDA 171 - CENTRO,AVELLANEDA,INGRESO,I,95611,000200434162,0000100014687,10135269347,VAV795769240926,30420,MAIZ,CELDA_171_-_CENTRO,,,CELDA_171_-_CENTRO,AVELLANEDA,EXCEL_PLATFORM_PRODUCT,NO_TRUCKFLOW_EVIDENCE,ROUTE_UNKNOWN,,2026-09-24T12:19:00,2026-09-24T18:03:00,2026-09-25T14:48:00,,,0,NO_TRUCKFLOW_EXACT_PLATE_MATCH,,
,,0,2026-09-24T14:17:00,2026-09-25T14:53:00,1476,EXCEL_RESPALDO,EXCEL,EXCEL,CTG_10135268147,2026-09-25,KUM403,MAIZ,MAIZ,SILO_TROVATTO_04,SILO TROVATTO 04,AVELLANEDA,INGRESO,I,95611,000200434163,0000000005654,10135268147,VAV724264230926,31280,MAIZ,SILO_TROVATTO_04,,,SILO_TROVATTO_04,AVELLANEDA,EXCEL_PLATFORM_PRODUCT,NO_TRUCKFLOW_EVIDENCE,ROUTE_UNKNOWN,,2026-09-24T14:17:00,2026-09-24T17:41:00,2026-09-25T14:53:00,,,0,NO_TRUCKFLOW_EXACT_PLATE_MATCH,,
,,0,2026-09-25T08:20:00,2026-09-25T14:56:00,396,EXCEL_RESPALDO,EXCEL,EXCEL,COMPROB_009702024179,2026-09-25,AF330YY,ACEITE GIRASOL ENVASADO,ACEITE GIRASOL ENVASADO,,,RENOPACK,EGRESO,E,50043,009702024179,,0,,26920,ACEITE GIRASOL ENVASADO,,LIQUIDO,,,RENOPACK,EXCEL_PLATFORM_PRODUCT,NO_TRUCKFLOW_EVIDENCE,ROUTE_UNKNOWN,EXPORTACION COMMODITIES,2026-09-25T08:20:00,,2026-09-25T14:56:00,,,0,NO_TRUCKFLOW_EXACT_PLATE_MATCH,,
,,0,2026-09-25T06:48:00,2026-09-25T15:04:00,496,EXCEL_RESPALDO,EXCEL,EXCEL,COMPROB_009702024180,2026-09-25,KBVV73,ACEITE SOJA ENVASADO,ACEITE SOJA ENVASADO,,,RENOPACK,EGRESO,E,50027,009702024180,,0,,27020,ACEITE SOJA ENVASADO,,LIQUIDO,,,RENOPACK,EXCEL_PLATFORM_PRODUCT,NO_TRUCKFLOW_EVIDENCE,ROUTE_UNKNOWN,DESPACHOS RENOPACK/BUNGE EXPORTACION,2026-09-25T06:48:00,,2026-09-25T15:04:00,,,0,NO_TRUCKFLOW_EXACT_PLATE_MATCH,,
,,0,2026-09-25T08:21:00,2026-09-25T15:10:00,409,EXCEL_RESPALDO,EXCEL,EXCEL,COMPROB_009702024181,2026-09-25,NXD003,ACEITE GIRASOL ENVASADO,ACEITE GIRASOL ENVASADO,,,RENOPACK,EGRESO,E,50043,009702024181,,0,,26930,ACEITE GIRASOL ENVASADO,,LIQUIDO,,,RENOPACK,EXCEL_PLATFORM_PRODUCT,NO_TRUCKFLOW_EVIDENCE,ROUTE_UNKNOWN,EXPORTACION COMMODITIES,2026-09-25T08:21:00,,2026-09-25T15:10:00,,,0,NO_TRUCKFLOW_EXACT_PLATE_MATCH,,
,,0,2026-09-24T14:22:00,2026-09-25T15:14:00,1492,EXCEL_RESPALDO,EXCEL,EXCEL,CTG_10135267709,2026-09-25,WRE058,MAIZ,MAIZ,SILO_TROVATTO_04,SILO TROVATTO 04,AVELLANEDA,INGRESO,I,95611,000200434164,0000000005653,10135267709,VAV588931230926,32240,MAIZ,SILO_TROVATTO_04,,,SILO_TROVATTO_04,AVELLANEDA,EXCEL_PLATFORM_PRODUCT,NO_TRUCKFLOW_EVIDENCE,ROUTE_UNKNOWN,,2026-09-24T14:22:00,2026-09-24T18:07:00,2026-09-25T15:14:00,,,0,NO_TRUCKFLOW_EXACT_PLATE_MATCH,,
,,0,2026-09-23T19:15:00,2026-09-25T15:22:00,2647,EXCEL_RESPALDO,EXCEL,EXCEL,COMPROB_000200434165,2026-09-25,ABB335,CHIP DE EUCALIPTUS,CHIP DE EUCALIPTUS,PLAYA_LEÑA_Y_CHIP,PLAYA LEÑA Y CHIP,AVELLANEDA,INGRESO,I,999821,000200434165,0000100025371,0,,27560,CHIP DE EUCALIPTUS,PLAYA_LEÑA_Y_CHIP,,,PLAYA_LEÑA_Y_CHIP,AVELLANEDA,EXCEL_PLATFORM_PRODUCT,NO_TRUCKFLOW_EVIDENCE,ROUTE_UNKNOWN,,2026-09-23T19:15:00,,2026-09-25T15:22:00,,,0,NO_TRUCKFLOW_EXACT_PLATE_MATCH,,
,,0,2026-09-24T14:38:00,2026-09-25T15:30:00,1492,EXCEL_RESPALDO,EXCEL,EXCEL,CTG_10235274301,2026-09-25,FFT626,MAIZ,MAIZ,SILO_TROVATTO_04,SILO TROVATTO 04,AVELLANEDA,INGRESO,I,95611,000200434166,0003900015330,10235274301,VAV670475240926,29980,MAIZ,SILO_TROVATTO_04,,,SILO_TROVATTO_04,AVELLANEDA,EXCEL_PLATFORM_PRODUCT,NO_TRUCKFLOW_EVIDENCE,ROUTE_UNKNOWN,,2026-09-24T14:38:00,2026-09-24T18:19:00,2026-09-25T15:30:00,,,0,NO_TRUCKFLOW_EXACT_PLATE_MATCH,,
,,0,2026-09-24T16:27:00,2026-09-25T15:35:00,1388,EXCEL_RESPALDO,EXCEL,EXCEL,CTG_10135262803,2026-09-25,AE171XN,MAIZ,MAIZ,CELDA_171_-_CENTRO,CELDA 171 - CENTRO,AVELLANEDA,INGRESO,I,95611,000200434167,0000100058280,10135262803,VAV169688230926,30660,MAIZ,CELDA_171_-_CENTRO,,,CELDA_171_-_CENTRO,AVELLANEDA,EXCEL_PLATFORM_PRODUCT,NO_TRUCKFLOW_EVIDENCE,ROUTE_UNKNOWN,,2026-09-24T16:27:00,2026-09-24T19:00:00,2026-09-25T15:35:00,,,0,NO_TRUCKFLOW_EXACT_PLATE_MATCH,,
,,0,2026-09-25T00:07:00,2026-09-25T15:42:00,935,EXCEL_RESPALDO,EXCEL,EXCEL,CTG_10235271384,2026-09-25,TWC153,GIRASOL,GIRASOL,VOLCABLE_1,VOLCABLE 1,RICARDONE,INGRESO,I,2000640,000301464767,0010000569178,10235271384,VIC076451250926,29560,GIRASOL,VOLCABLE_1,VOLCABLE,R5,VOLCABLE_1,RICARDONE,EXCEL_PLATFORM_PRODUCT,NO_TRUCKFLOW_EVIDENCE,ROUTE_UNKNOWN,"FAZON 2026, FAZON 2026",2026-09-25T00:07:00,2026-09-25T05:50:00,2026-09-25T15:42:00,,,0,UNKNOWN_NO_EVIDENCE,,
,,0,2026-09-25T15:11:00,2026-09-25T15:59:00,48,EXCEL_RESPALDO,EXCEL,EXCEL,COMPROB_000200434168,2026-09-25,AG015KW,CHIP DE EUCALIPTUS,CHIP DE EUCALIPTUS,PLAYA_LEÑA_Y_CHIP,PLAYA LEÑA Y CHIP,AVELLANEDA,INGRESO,I,999821,000200434168,0000100014677,0,,31900,CHIP DE EUCALIPTUS,PLAYA_LEÑA_Y_CHIP,,,PLAYA_LEÑA_Y_CHIP,AVELLANEDA,EXCEL_PLATFORM_PRODUCT,NO_TRUCKFLOW_EVIDENCE,ROUTE_UNKNOWN,,2026-09-25T15:11:00,,2026-09-25T15:59:00,,,0,NO_TRUCKFLOW_EXACT_PLATE_MATCH,,
,,0,2026-09-25T12:38:00,2026-09-25T16:05:00,207,EXCEL_RESPALDO,EXCEL,EXCEL,COMPROB_009702024182,2026-09-25,MKW255,ACEITE GIRASOL ENVASADO,ACEITE GIRASOL ENVASADO,,,RENOPACK,EGRESO,E,50031,009702024182,,0,,27780,ACEITE GIRASOL ENVASADO,,LIQUIDO,,,RENOPACK,EXCEL_PLATFORM_PRODUCT,NO_TRUCKFLOW_EVIDENCE,ROUTE_UNKNOWN,DESPACHOS RENOPACK/BUNGE MERCADO INTERNO,2026-09-25T12:38:00,,2026-09-25T16:05:00,,,0,NO_TRUCKFLOW_EXACT_PLATE_MATCH,,
,,0,2026-09-24T14:51:00,2026-09-25T16:07:00,1516,EXCEL_RESPALDO,EXCEL,EXCEL,CTG_10135273445,2026-09-25,AA050GQ,MAIZ,MAIZ,SILO_TROVATTO_04,SILO TROVATTO 04,AVELLANEDA,INGRESO,I,95611,000200434169,0000100023093,10135273445,VAV612437240926,36420,MAIZ,SILO_TROVATTO_04,,,SILO_TROVATTO_04,AVELLANEDA,EXCEL_PLATFORM_PRODUCT,NO_TRUCKFLOW_EVIDENCE,ROUTE_UNKNOWN,,2026-09-24T14:51:00,2026-09-24T18:28:00,2026-09-25T16:07:00,,,0,NO_TRUCKFLOW_EXACT_PLATE_MATCH,,
,,0,2026-09-24T16:22:00,2026-09-25T16:12:00,1430,EXCEL_RESPALDO,EXCEL,EXCEL,CTG_10135268308,2026-09-25,UXG869,MAIZ,MAIZ,CELDA_171_-_CENTRO,CELDA 171 - CENTRO,AVELLANEDA,INGRESO,I,95611,000200434170,0000100014686,10135268308,VAV559506240926,30600,MAIZ,CELDA_171_-_CENTRO,,,CELDA_171_-_CENTRO,AVELLANEDA,EXCEL_PLATFORM_PRODUCT,NO_TRUCKFLOW_EVIDENCE,ROUTE_UNKNOWN,,2026-09-24T16:22:00,2026-09-25T03:54:00,2026-09-25T16:12:00,,,0,NO_TRUCKFLOW_EXACT_PLATE_MATCH,,
,,0,2026-09-25T00:48:00,2026-09-25T16:14:00,926,EXCEL_RESPALDO,EXCEL,EXCEL,CTG_10235266402,2026-09-25,WMN338,GIRASOL,GIRASOL,VOLCABLE_1,VOLCABLE 1,RICARDONE,INGRESO,I,2000664,000301464769,0405200004037,10235266402,VIC951498250926,27800,GIRASOL,VOLCABLE_1,VOLCABLE,R5,VOLCABLE_1,RICARDONE,EXCEL_PLATFORM_PRODUCT,NO_TRUCKFLOW_EVIDENCE,ROUTE_UNKNOWN,"FASON GIRASOL, FASON GIRASOL",2026-09-25T00:48:00,2026-09-25T05:56:00,2026-09-25T16:14:00,,,0,UNKNOWN_NO_EVIDENCE,,
,,0,2026-09-25T15:13:00,2026-09-25T16:15:00,62,EXCEL_RESPALDO,EXCEL,EXCEL,COMPROB_000200434171,2026-09-25,AI198PC,CHIP DE EUCALIPTUS,CHIP DE EUCALIPTUS,PLAYA_LEÑA_Y_CHIP,PLAYA LEÑA Y CHIP,AVELLANEDA,INGRESO,I,999821,000200434171,0000100014676,0,,32780,CHIP DE EUCALIPTUS,PLAYA_LEÑA_Y_CHIP,,,PLAYA_LEÑA_Y_CHIP,AVELLANEDA,EXCEL_PLATFORM_PRODUCT,NO_TRUCKFLOW_EVIDENCE,ROUTE_UNKNOWN,,2026-09-25T15:13:00,,2026-09-25T16:15:00,,,0,NO_TRUCKFLOW_EXACT_PLATE_MATCH,,
,,0,2026-09-25T07:37:00,2026-09-25T16:17:00,520,EXCEL_RESPALDO,EXCEL,EXCEL,COMPROB_009702024183,2026-09-25,ABBN901,ACEITE GIRASOL ENVASADO,ACEITE GIRASOL ENVASADO,,,RENOPACK,EGRESO,E,50030,009702024183,,0,,27580,ACEITE GIRASOL ENVASADO,,LIQUIDO,,,RENOPACK,EXCEL_PLATFORM_PRODUCT,NO_TRUCKFLOW_EVIDENCE,ROUTE_UNKNOWN,DESPACHOS RENOPACK/BUNGE EXPO,2026-09-25T07:37:00,,2026-09-25T16:17:00,,,0,NO_TRUCKFLOW_EXACT_PLATE_MATCH,,
,,0,2026-09-25T00:45:00,2026-09-25T16:31:00,946,EXCEL_RESPALDO,EXCEL,EXCEL,CTG_10235267272,2026-09-25,SJV022,GIRASOL,GIRASOL,VOLCABLE_1,VOLCABLE 1,RICARDONE,INGRESO,I,2000664,000301464770,0000000078054,10235267272,VIC973955250926,29260,GIRASOL,VOLCABLE_1,VOLCABLE,R5,VOLCABLE_1,RICARDONE,EXCEL_PLATFORM_PRODUCT,NO_TRUCKFLOW_EVIDENCE,ROUTE_UNKNOWN,"FASON GIRASOL, FASON GIRASOL",2026-09-25T00:45:00,2026-09-25T05:54:00,2026-09-25T16:31:00,,,0,NO_TRUCKFLOW_EXACT_PLATE_MATCH,,
,,0,2026-09-25T17:00:00,2026-09-25T17:00:00,,EXCEL_RESPALDO,EXCEL,EXCEL,COMPROB_000200434172,2026-09-25,UWD960,LEÑA CORTA SELECC,LEÑA CORTA SELECC,,,AVELLANEDA,INGRESO,IA,999811,000200434172,0000100000545,0,,26460,LEÑA CORTA SELECC,,,,,AVELLANEDA,EXCEL_PLATFORM_PRODUCT,NO_TRUCKFLOW_EVIDENCE,ROUTE_UNKNOWN,,2026-09-25T17:00:00,,2026-09-25T17:00:00,,,0,NO_TRUCKFLOW_EXACT_PLATE_MATCH,,
,,0,2026-09-25T12:24:00,2026-09-25T17:02:00,278,EXCEL_RESPALDO,EXCEL,EXCEL,COMPROB_000404068890,2026-09-25,AF790NW,METANOL,METANOL,,,TERMINAL_EMBARQUE,INGRESO,I,10914,000404068890,110400135859,0,,35760,METANOL,,,,,TERMINAL_EMBARQUE,EXCEL_PLATFORM_PRODUCT,NO_TRUCKFLOW_EVIDENCE,ROUTE_UNKNOWN,,2026-09-25T12:24:00,,2026-09-25T17:02:00,,,0,NO_TRUCKFLOW_EXACT_PLATE_MATCH,,
,,0,2026-09-24T15:36:00,2026-09-25T17:07:00,1531,EXCEL_RESPALDO,EXCEL,EXCEL,CTG_10135285339,2026-09-25,AG988ZC,MAIZ,MAIZ,SILO_TROVATTO_04,SILO TROVATTO 04,AVELLANEDA,INGRESO,I,95611,000200434173,0000200004073,10135285339,VAV535073240926,32020,MAIZ,SILO_TROVATTO_04,,,SILO_TROVATTO_04,AVELLANEDA,EXCEL_PLATFORM_PRODUCT,NO_TRUCKFLOW_EVIDENCE,ROUTE_UNKNOWN,,2026-09-24T15:36:00,2026-09-24T18:40:00,2026-09-25T17:07:00,,,0,NO_TRUCKFLOW_EXACT_PLATE_MATCH,,
,,0,2026-09-24T16:42:00,2026-09-25T17:28:00,1486,EXCEL_RESPALDO,EXCEL,EXCEL,CTG_10235278240,2026-09-25,LHZ433,MAIZ,MAIZ,CELDA_171_-_CENTRO,CELDA 171 - CENTRO,AVELLANEDA,INGRESO,I,95611,000200434174,0010000569227,10235278240,VAV098517240926,35240,MAIZ,CELDA_171_-_CENTRO,,,CELDA_171_-_CENTRO,AVELLANEDA,EXCEL_PLATFORM_PRODUCT,NO_TRUCKFLOW_EVIDENCE,ROUTE_UNKNOWN,,2026-09-24T16:42:00,2026-09-24T19:11:00,2026-09-25T17:28:00,,,0,NO_TRUCKFLOW_EXACT_PLATE_MATCH,,
,,0,2026-09-25T16:28:00,2026-09-25T17:42:00,74,EXCEL_RESPALDO,EXCEL,EXCEL,COMPROB_000200434175,2026-09-25,RQE231,LEÑA CORTA SELECC,LEÑA CORTA SELECC,PLAYA_LEÑA_Y_CHIP,PLAYA LEÑA Y CHIP,AVELLANEDA,INGRESO,I,999811,000200434175,0000100003969,0,,26580,LEÑA CORTA SELECC,PLAYA_LEÑA_Y_CHIP,,,PLAYA_LEÑA_Y_CHIP,AVELLANEDA,EXCEL_PLATFORM_PRODUCT,NO_TRUCKFLOW_EVIDENCE,ROUTE_UNKNOWN,,2026-09-25T16:28:00,,2026-09-25T17:42:00,,,0,NO_TRUCKFLOW_EXACT_PLATE_MATCH,,
,,0,2026-09-24T18:21:00,2026-09-25T17:46:00,1405,EXCEL_RESPALDO,EXCEL,EXCEL,CTG_10235274955,2026-09-25,TCA405,MAIZ,MAIZ,SILO_TROVATTO_04,SILO TROVATTO 04,AVELLANEDA,INGRESO,I,95611,000200434176,0006500005501,10235274955,VAV984618250926,30000,MAIZ,SILO_TROVATTO_04,,,SILO_TROVATTO_04,AVELLANEDA,EXCEL_PLATFORM_PRODUCT,NO_TRUCKFLOW_EVIDENCE,ROUTE_UNKNOWN,,2026-09-24T18:21:00,2026-09-25T04:51:00,2026-09-25T17:46:00,,,0,NO_TRUCKFLOW_EXACT_PLATE_MATCH,,
,,0,2026-09-25T16:56:00,2026-09-25T17:49:00,53,EXCEL_RESPALDO,EXCEL,EXCEL,CTG_10235249536,2026-09-25,FNP224,MAIZ,MAIZ,PLATAFORMA1,PLATAFORMA1,LOS_CORRALES_DE_NICANOR,INGRESO,I,855909,005500000164,0000000076221,10235249536,,30480,MAIZ,PLATAFORMA1,,,PLATAFORMA1,LOS_CORRALES_DE_NICANOR,EXCEL_PLATFORM_PRODUCT,NO_TRUCKFLOW_EVIDENCE,ROUTE_UNKNOWN,"SILO 5, CONTRATO GLOBAL, SILO 5, CONTRATO GLOBAL",2026-09-25T16:56:00,2026-09-25T16:57:00,2026-09-25T17:49:00,,,0,NO_TRUCKFLOW_EXACT_PLATE_MATCH,,
,,0,2026-09-24T19:07:00,2026-09-25T18:05:00,1378,EXCEL_RESPALDO,EXCEL,EXCEL,CTG_10235280888,2026-09-25,SCP112,MAIZ,MAIZ,SILO_TROVATTO_04,SILO TROVATTO 04,AVELLANEDA,INGRESO,I,95611,000200434177,0003900015334,10235280888,VAV934636240926,30360,MAIZ,SILO_TROVATTO_04,,,SILO_TROVATTO_04,AVELLANEDA,EXCEL_PLATFORM_PRODUCT,NO_TRUCKFLOW_EVIDENCE,ROUTE_UNKNOWN,,2026-09-24T19:07:00,2026-09-25T11:36:00,2026-09-25T18:05:00,,,0,NO_TRUCKFLOW_EXACT_PLATE_MATCH,,
,,0,2026-09-25T17:15:00,2026-09-25T18:20:00,65,EXCEL_RESPALDO,EXCEL,EXCEL,CTG_10235300880,2026-09-25,AB946CX,GRANO DE ALGODON,GRANO DE ALGODON,,,LOS_CORRALES_DE_NICANOR,INGRESO,I,95937,005500000165,0000000002784,10235300880,,25000,GRANO DE ALGODON,,,,,LOS_CORRALES_DE_NICANOR,EXCEL_PLATFORM_PRODUCT,NO_TRUCKFLOW_EVIDENCE,ROUTE_UNKNOWN,,2026-09-25T17:15:00,,2026-09-25T18:20:00,,,0,NO_TRUCKFLOW_EXACT_PLATE_MATCH,,
,,0,2026-09-24T18:37:00,2026-09-25T18:21:00,1424,EXCEL_RESPALDO,EXCEL,EXCEL,CTG_10135266518,2026-09-25,EGZ927,MAIZ,MAIZ,CELDA_171_-_CENTRO,CELDA 171 - CENTRO,AVELLANEDA,INGRESO,I,95611,000200434178,0000000072720,10135266518,VAV290587240926,31080,MAIZ,CELDA_171_-_CENTRO,,,CELDA_171_-_CENTRO,AVELLANEDA,EXCEL_PLATFORM_PRODUCT,NO_TRUCKFLOW_EVIDENCE,ROUTE_UNKNOWN,,2026-09-24T18:37:00,2026-09-25T11:14:00,2026-09-25T18:21:00,,,0,NO_TRUCKFLOW_EXACT_PLATE_MATCH,,
,,0,2026-09-24T20:09:00,2026-09-25T18:30:00,1341,EXCEL_RESPALDO,EXCEL,EXCEL,CTG_10235278531,2026-09-25,AE742WA,MAIZ,MAIZ,SILO_TROVATTO_04,SILO TROVATTO 04,AVELLANEDA,INGRESO,I,95611,000200434179,0010000569232,10235278531,VAV006848240926,35760,MAIZ,SILO_TROVATTO_04,,,SILO_TROVATTO_04,AVELLANEDA,EXCEL_PLATFORM_PRODUCT,NO_TRUCKFLOW_EVIDENCE,ROUTE_UNKNOWN,,2026-09-24T20:09:00,2026-09-25T05:14:00,2026-09-25T18:30:00,,,0,NO_TRUCKFLOW_EXACT_PLATE_MATCH,,
,,0,2026-09-24T18:40:00,2026-09-25T18:33:00,1433,EXCEL_RESPALDO,EXCEL,EXCEL,CTG_10135269845,2026-09-25,IUZ080,MAIZ,MAIZ,CELDA_171_-_CENTRO,CELDA 171 - CENTRO,AVELLANEDA,INGRESO,I,95611,000200434180,0000000072723,10135269845,VAV983556240926,30980,MAIZ,CELDA_171_-_CENTRO,,,CELDA_171_-_CENTRO,AVELLANEDA,EXCEL_PLATFORM_PRODUCT,NO_TRUCKFLOW_EVIDENCE,ROUTE_UNKNOWN,,2026-09-24T18:40:00,2026-09-25T11:16:00,2026-09-25T18:33:00,,,0,NO_TRUCKFLOW_EXACT_PLATE_MATCH,,
,,0,2026-09-25T14:12:00,2026-09-25T18:38:00,266,EXCEL_RESPALDO,EXCEL,EXCEL,COMPROB_000200434181,2026-09-25,AB985TZ,CHIP EN ORIGEN,CHIP EN ORIGEN,PLAYA_LEÑA_Y_CHIP,PLAYA LEÑA Y CHIP,AVELLANEDA,INGRESO,I,999822,000200434181,0000100000003,0,,30200,CHIP EN ORIGEN,PLAYA_LEÑA_Y_CHIP,,,PLAYA_LEÑA_Y_CHIP,AVELLANEDA,EXCEL_PLATFORM_PRODUCT,NO_TRUCKFLOW_EVIDENCE,ROUTE_UNKNOWN,,2026-09-25T14:12:00,,2026-09-25T18:38:00,,,0,NO_TRUCKFLOW_EXACT_PLATE_MATCH,,
,,0,2026-09-25T04:52:00,2026-09-25T18:41:00,829,EXCEL_RESPALDO,EXCEL,EXCEL,CTG_10235285963,2026-09-25,DDD727,GIRASOL,GIRASOL,VOLCABLE_1,VOLCABLE 1,RICARDONE,INGRESO,I,2000640,000301464775,0240000005001,10235285963,VIC244359250926,29420,GIRASOL,VOLCABLE_1,VOLCABLE,R5,VOLCABLE_1,RICARDONE,EXCEL_PLATFORM_PRODUCT,NO_TRUCKFLOW_EVIDENCE,ROUTE_UNKNOWN,"FAZON 2026, FAZON 2026",2026-09-25T04:52:00,2026-09-25T08:39:00,2026-09-25T18:41:00,,,0,NO_TRUCKFLOW_EXACT_PLATE_MATCH,,
,,0,2026-09-25T11:35:00,2026-09-25T18:45:00,430,EXCEL_RESPALDO,EXCEL,EXCEL,COMPROB_000200434182,2026-09-25,AH461KM,CHIP DE EUCALIPTUS,CHIP DE EUCALIPTUS,PLAYA_LEÑA_Y_CHIP,PLAYA LEÑA Y CHIP,AVELLANEDA,INGRESO,I,999821,000200434182,0000100003739,0,,30800,CHIP DE EUCALIPTUS,PLAYA_LEÑA_Y_CHIP,,,PLAYA_LEÑA_Y_CHIP,AVELLANEDA,EXCEL_PLATFORM_PRODUCT,NO_TRUCKFLOW_EVIDENCE,ROUTE_UNKNOWN,,2026-09-25T11:35:00,,2026-09-25T18:45:00,,,0,NO_TRUCKFLOW_EXACT_PLATE_MATCH,,
,,0,2026-09-24T21:12:00,2026-09-25T18:55:00,1303,EXCEL_RESPALDO,EXCEL,EXCEL,CTG_10135266582,2026-09-25,UMR175,MAIZ,MAIZ,CELDA_171_-_CENTRO,CELDA 171 - CENTRO,AVELLANEDA,INGRESO,I,95611,000200434183,0000100014681,10135266582,VAV274766240926,29540,MAIZ,CELDA_171_-_CENTRO,,,CELDA_171_-_CENTRO,AVELLANEDA,EXCEL_PLATFORM_PRODUCT,NO_TRUCKFLOW_EVIDENCE,ROUTE_UNKNOWN,,2026-09-24T21:12:00,2026-09-25T05:21:00,2026-09-25T18:55:00,,,0,NO_TRUCKFLOW_EXACT_PLATE_MATCH,,
,,0,2026-09-24T21:16:00,2026-09-25T19:08:00,1312,EXCEL_RESPALDO,EXCEL,EXCEL,CTG_10135266445,2026-09-25,UIQ853,MAIZ,MAIZ,SILO_TROVATTO_04,SILO TROVATTO 04,AVELLANEDA,INGRESO,I,95611,000200434184,0000100014680,10135266445,VAV143301240926,30040,MAIZ,SILO_TROVATTO_04,,,SILO_TROVATTO_04,AVELLANEDA,EXCEL_PLATFORM_PRODUCT,NO_TRUCKFLOW_EVIDENCE,ROUTE_UNKNOWN,,2026-09-24T21:16:00,2026-09-25T05:35:00,2026-09-25T19:08:00,,,0,NO_TRUCKFLOW_EXACT_PLATE_MATCH,,
,,0,2026-09-24T21:27:00,2026-09-25T19:31:00,1324,EXCEL_RESPALDO,EXCEL,EXCEL,CTG_10235279912,2026-09-25,TCF434,MAIZ,MAIZ,SILO_TROVATTO_04,SILO TROVATTO 04,AVELLANEDA,INGRESO,I,95611,000200434185,0010000569260,10235279912,VAV087078240926,29880,MAIZ,SILO_TROVATTO_04,,,SILO_TROVATTO_04,AVELLANEDA,EXCEL_PLATFORM_PRODUCT,NO_TRUCKFLOW_EVIDENCE,ROUTE_UNKNOWN,,2026-09-24T21:27:00,2026-09-25T05:43:00,2026-09-25T19:31:00,,,0,NO_TRUCKFLOW_EXACT_PLATE_MATCH,,
,,0,2026-09-24T21:23:00,2026-09-25T19:37:00,1334,EXCEL_RESPALDO,EXCEL,EXCEL,CTG_10135292186,2026-09-25,ERH677,MAIZ,MAIZ,CELDA_171_-_CENTRO,CELDA 171 - CENTRO,AVELLANEDA,INGRESO,I,95611,000200434186,0000100023126,10135292186,,29180,MAIZ,CELDA_171_-_CENTRO,,,CELDA_171_-_CENTRO,AVELLANEDA,EXCEL_PLATFORM_PRODUCT,NO_TRUCKFLOW_EVIDENCE,ROUTE_UNKNOWN,,2026-09-24T21:23:00,2026-09-25T07:31:00,2026-09-25T19:37:00,,,0,NO_TRUCKFLOW_EXACT_PLATE_MATCH,,
,,0,2026-09-24T21:55:00,2026-09-25T19:57:00,1322,EXCEL_RESPALDO,EXCEL,EXCEL,CTG_10135295548,2026-09-25,AXG665,MAIZ,MAIZ,SILO_TROVATTO_04,SILO TROVATTO 04,AVELLANEDA,INGRESO,I,95611,000200434187,0000100023150,10135295548,VAV764759250926,30000,MAIZ,SILO_TROVATTO_04,,,SILO_TROVATTO_04,AVELLANEDA,EXCEL_PLATFORM_PRODUCT,NO_TRUCKFLOW_EVIDENCE,ROUTE_UNKNOWN,,2026-09-24T21:55:00,2026-09-25T07:37:00,2026-09-25T19:57:00,,,0,NO_TRUCKFLOW_EXACT_PLATE_MATCH,,
,,0,2026-09-24T22:42:00,2026-09-25T20:23:00,1301,EXCEL_RESPALDO,EXCEL,EXCEL,CTG_10135283441,2026-09-25,LQC679,MAIZ,MAIZ,SILO_TROVATTO_04,SILO TROVATTO 04,AVELLANEDA,INGRESO,I,95611,000200434188,0000100023119,10135283441,VAV340993250926,30220,MAIZ,SILO_TROVATTO_04,,,SILO_TROVATTO_04,AVELLANEDA,EXCEL_PLATFORM_PRODUCT,NO_TRUCKFLOW_EVIDENCE,ROUTE_UNKNOWN,,2026-09-24T22:42:00,2026-09-25T07:53:00,2026-09-25T20:23:00,,,0,NO_TRUCKFLOW_EXACT_PLATE_MATCH,,
,,0,2026-09-25T20:28:00,2026-09-25T20:28:00,,EXCEL_RESPALDO,EXCEL,EXCEL,COMPROB_000200434189,2026-09-25,AG992YJ,CHIP DE PINO,CHIP DE PINO,,,AVELLANEDA,INGRESO,IA,999823,000200434189,0000200000121,0,,31220,CHIP DE PINO,,,,,AVELLANEDA,EXCEL_PLATFORM_PRODUCT,NO_TRUCKFLOW_EVIDENCE,ROUTE_UNKNOWN,,2026-09-25T20:28:00,,2026-09-25T20:28:00,,,0,NO_TRUCKFLOW_EXACT_PLATE_MATCH,,
,,0,2026-09-25T17:29:00,2026-09-25T20:28:00,179,EXCEL_RESPALDO,EXCEL,EXCEL,COMPROB_009702024184,2026-09-25,IAV184,ACEITE GIRASOL ENVASADO,ACEITE GIRASOL ENVASADO,,,RENOPACK,EGRESO,E,50031,009702024184,,0,,24750,ACEITE GIRASOL ENVASADO,,LIQUIDO,,,RENOPACK,EXCEL_PLATFORM_PRODUCT,NO_TRUCKFLOW_EVIDENCE,ROUTE_UNKNOWN,DESPACHOS RENOPACK/BUNGE MERCADO INTERNO,2026-09-25T17:29:00,,2026-09-25T20:28:00,,,0,NO_TRUCKFLOW_EXACT_PLATE_MATCH,,
,,0,2026-09-24T22:25:00,2026-09-25T20:33:00,1328,EXCEL_RESPALDO,EXCEL,EXCEL,CTG_10135283415,2026-09-25,BNU517,MAIZ,MAIZ,CELDA_171_-_CENTRO,CELDA 171 - CENTRO,AVELLANEDA,INGRESO,I,95611,000200434190,0000100023118,10135283415,VAV082076250926,29400,MAIZ,CELDA_171_-_CENTRO,,,CELDA_171_-_CENTRO,AVELLANEDA,EXCEL_PLATFORM_PRODUCT,NO_TRUCKFLOW_EVIDENCE,ROUTE_UNKNOWN,,2026-09-24T22:25:00,2026-09-25T07:44:00,2026-09-25T20:33:00,,,0,NO_TRUCKFLOW_EXACT_PLATE_MATCH,,
,,0,2026-09-25T19:27:00,2026-09-25T20:36:00,69,EXCEL_RESPALDO,EXCEL,EXCEL,COMPROB_009702024185,2026-09-25,AB599NN,ACEITE GIRASOL ENVASADO,ACEITE GIRASOL ENVASADO,,,RENOPACK,EGRESO,E,50031,009702024185,,0,,27760,ACEITE GIRASOL ENVASADO,,LIQUIDO,,,RENOPACK,EXCEL_PLATFORM_PRODUCT,NO_TRUCKFLOW_EVIDENCE,ROUTE_UNKNOWN,DESPACHOS RENOPACK/BUNGE MERCADO INTERNO,2026-09-25T19:27:00,,2026-09-25T20:36:00,,,0,NO_TRUCKFLOW_EXACT_PLATE_MATCH,,
,,0,2026-09-24T22:46:00,2026-09-25T20:49:00,1323,EXCEL_RESPALDO,EXCEL,EXCEL,CTG_10135293030,2026-09-25,PEB489,MAIZ,MAIZ,SILO_TROVATTO_04,SILO TROVATTO 04,AVELLANEDA,INGRESO,I,95611,000200434191,0000100023133,10135293030,VAV862771250926,36360,MAIZ,SILO_TROVATTO_04,,,SILO_TROVATTO_04,AVELLANEDA,EXCEL_PLATFORM_PRODUCT,NO_TRUCKFLOW_EVIDENCE,ROUTE_UNKNOWN,,2026-09-24T22:46:00,2026-09-25T07:07:00,2026-09-25T20:49:00,,,0,NO_TRUCKFLOW_EXACT_PLATE_MATCH,,
,,0,2026-09-24T22:53:00,2026-09-25T20:59:00,1326,EXCEL_RESPALDO,EXCEL,EXCEL,CTG_10135297341,2026-09-25,OQN492,MAIZ,MAIZ,CELDA_171_-_CENTRO,CELDA 171 - CENTRO,AVELLANEDA,INGRESO,I,95611,000200434192,0000000001371,10135297341,VAV087570250926,35940,MAIZ,CELDA_171_-_CENTRO,,,CELDA_171_-_CENTRO,AVELLANEDA,EXCEL_PLATFORM_PRODUCT,NO_TRUCKFLOW_EVIDENCE,ROUTE_UNKNOWN,,2026-09-24T22:53:00,2026-09-25T08:51:00,2026-09-25T20:59:00,,,0,NO_TRUCKFLOW_EXACT_PLATE_MATCH,,
,,0,2026-09-24T23:41:00,2026-09-25T21:17:00,1296,EXCEL_RESPALDO,EXCEL,EXCEL,CTG_10235281270,2026-09-25,ELC010,MAIZ,MAIZ,SILO_TROVATTO_04,SILO TROVATTO 04,AVELLANEDA,INGRESO,I,95611,000200434193,0010000569276,10235281270,VAV501250240926,31200,MAIZ,SILO_TROVATTO_04,,,SILO_TROVATTO_04,AVELLANEDA,EXCEL_PLATFORM_PRODUCT,NO_TRUCKFLOW_EVIDENCE,ROUTE_UNKNOWN,,2026-09-24T23:41:00,2026-09-25T08:12:00,2026-09-25T21:17:00,,,0,NO_TRUCKFLOW_EXACT_PLATE_MATCH,,
,,0,2026-09-25T00:20:00,2026-09-25T21:56:00,1296,EXCEL_RESPALDO,EXCEL,EXCEL,CTG_10135295104,2026-09-25,KLU922,MAIZ,MAIZ,SILO_TROVATTO_04,SILO TROVATTO 04,AVELLANEDA,INGRESO,I,95611,000200434194,0000100023144,10135295104,VAV022647250926,35340,MAIZ,SILO_TROVATTO_04,,,SILO_TROVATTO_04,AVELLANEDA,EXCEL_PLATFORM_PRODUCT,NO_TRUCKFLOW_EVIDENCE,ROUTE_UNKNOWN,,2026-09-25T00:20:00,2026-09-25T08:35:00,2026-09-25T21:56:00,,,0,NO_TRUCKFLOW_EXACT_PLATE_MATCH,,
,,0,2026-09-25T00:00:00,2026-09-25T21:58:00,1318,EXCEL_RESPALDO,EXCEL,EXCEL,CTG_10235270804,2026-09-25,AF782UT,MAIZ,MAIZ,CELDA_171_-_CENTRO,CELDA 171 - CENTRO,AVELLANEDA,INGRESO,I,95611,000200434195,0010000569168,10235270804,VAV271694240926,34780,MAIZ,CELDA_171_-_CENTRO,,,CELDA_171_-_CENTRO,AVELLANEDA,EXCEL_PLATFORM_PRODUCT,NO_TRUCKFLOW_EVIDENCE,ROUTE_UNKNOWN,,2026-09-25T00:00:00,2026-09-25T08:39:00,2026-09-25T21:58:00,,,0,NO_TRUCKFLOW_EXACT_PLATE_MATCH,,
,,0,2026-09-25T20:46:00,2026-09-25T22:06:00,80,EXCEL_RESPALDO,EXCEL,EXCEL,COMPROB_000200434196,2026-09-25,GFY447,LEÑA CORTA,LEÑA CORTA,PLAYA_LEÑA_Y_CHIP,PLAYA LEÑA Y CHIP,AVELLANEDA,INGRESO,I,999820,000200434196,0000100000148,0,,29280,LEÑA CORTA,PLAYA_LEÑA_Y_CHIP,,,PLAYA_LEÑA_Y_CHIP,AVELLANEDA,EXCEL_PLATFORM_PRODUCT,NO_TRUCKFLOW_EVIDENCE,ROUTE_UNKNOWN,,2026-09-25T20:46:00,,2026-09-25T22:06:00,,,0,NO_TRUCKFLOW_EXACT_PLATE_MATCH,,
,,0,2026-09-24T16:45:00,2026-09-25T22:13:00,1768,EXCEL_RESPALDO,EXCEL,EXCEL,CTG_10235266405,2026-09-25,FZV750,GIRASOL,GIRASOL,VOLCABLE_1,VOLCABLE 1,RICARDONE,INGRESO,I,2000664,000301464784,0405200004038,10235266405,VIC657000240926,30080,GIRASOL,VOLCABLE_1,VOLCABLE,R5,VOLCABLE_1,RICARDONE,EXCEL_PLATFORM_PRODUCT,NO_TRUCKFLOW_EVIDENCE,ROUTE_UNKNOWN,"FASON GIRASOL, FASON GIRASOL",2026-09-24T16:45:00,2026-09-25T05:12:00,2026-09-25T22:13:00,,,0,UNKNOWN_NO_EVIDENCE,,
,,0,2026-09-23T19:17:00,2026-09-25T22:13:00,3056,EXCEL_RESPALDO,EXCEL,EXCEL,COMPROB_000200434197,2026-09-25,AI231JD,CHIP DE EUCALIPTUS,CHIP DE EUCALIPTUS,PLAYA_LEÑA_Y_CHIP,PLAYA LEÑA Y CHIP,AVELLANEDA,INGRESO,I,999821,000200434197,0000100003815,0,,31140,CHIP DE EUCALIPTUS,PLAYA_LEÑA_Y_CHIP,,,PLAYA_LEÑA_Y_CHIP,AVELLANEDA,EXCEL_PLATFORM_PRODUCT,NO_TRUCKFLOW_EVIDENCE,ROUTE_UNKNOWN,,2026-09-23T19:17:00,,2026-09-25T22:13:00,,,0,NO_TRUCKFLOW_EXACT_PLATE_MATCH,,
,,0,2026-09-25T01:42:00,2026-09-25T22:21:00,1239,EXCEL_RESPALDO,EXCEL,EXCEL,CTG_10135283578,2026-09-25,AH164DH,MAIZ,MAIZ,SILO_TROVATTO_04,SILO TROVATTO 04,AVELLANEDA,INGRESO,I,95611,000200434198,0000100023120,10135283578,VAV389938250926,34980,MAIZ,SILO_TROVATTO_04,,,SILO_TROVATTO_04,AVELLANEDA,EXCEL_PLATFORM_PRODUCT,NO_TRUCKFLOW_EVIDENCE,ROUTE_UNKNOWN,,2026-09-25T01:42:00,2026-09-25T08:54:00,2026-09-25T22:21:00,,,0,NO_TRUCKFLOW_EXACT_PLATE_MATCH,,
,,0,2026-09-25T01:32:00,2026-09-25T22:31:00,1259,EXCEL_RESPALDO,EXCEL,EXCEL,CTG_10235277609,2026-09-25,REI027,MAIZ,MAIZ,CELDA_171_-_CENTRO,CELDA 171 - CENTRO,AVELLANEDA,INGRESO,I,95611,000200434199,0010000569222,10235277609,VAV027278240926,29540,MAIZ,CELDA_171_-_CENTRO,,,CELDA_171_-_CENTRO,AVELLANEDA,EXCEL_PLATFORM_PRODUCT,NO_TRUCKFLOW_EVIDENCE,ROUTE_UNKNOWN,,2026-09-25T01:32:00,2026-09-25T05:52:00,2026-09-25T22:31:00,,,0,NO_TRUCKFLOW_EXACT_PLATE_MATCH,,
,,0,2026-09-25T08:51:00,2026-09-25T22:39:00,828,EXCEL_RESPALDO,EXCEL,EXCEL,CTG_10235297055,2026-09-25,DUU325,GIRASOL,GIRASOL,VOLCABLE_1,VOLCABLE 1,RICARDONE,INGRESO,I,2000640,000301464786,0010000569541,10235297055,VIC131594250926,29020,GIRASOL,VOLCABLE_1,VOLCABLE,R5,VOLCABLE_1,RICARDONE,EXCEL_PLATFORM_PRODUCT,NO_TRUCKFLOW_EVIDENCE,ROUTE_UNKNOWN,"FAZON 2026, FAZON 2026",2026-09-25T08:51:00,2026-09-25T16:50:00,2026-09-25T22:39:00,,,0,UNKNOWN_NO_EVIDENCE,,
,,0,2026-09-25T03:52:00,2026-09-25T22:51:00,1139,EXCEL_RESPALDO,EXCEL,EXCEL,CTG_10235297474,2026-09-25,AH471MS,MAIZ,MAIZ,SILO_TROVATTO_04,SILO TROVATTO 04,AVELLANEDA,INGRESO,I,95611,000200434200,0010000569547,10235297474,VAV279936250926,37700,MAIZ,SILO_TROVATTO_04,,,SILO_TROVATTO_04,AVELLANEDA,EXCEL_PLATFORM_PRODUCT,NO_TRUCKFLOW_EVIDENCE,ROUTE_UNKNOWN,,2026-09-25T03:52:00,2026-09-25T08:41:00,2026-09-25T22:51:00,,,0,NO_TRUCKFLOW_EXACT_PLATE_MATCH,,
,,0,2026-09-25T02:47:00,2026-09-25T22:58:00,1211,EXCEL_RESPALDO,EXCEL,EXCEL,CTG_10235295599,2026-09-25,KHP263,MAIZ,MAIZ,CELDA_171_-_CENTRO,CELDA 171 - CENTRO,AVELLANEDA,INGRESO,I,95611,000200434201,0010000569519,10235295599,VAV304921250926,29780,MAIZ,CELDA_171_-_CENTRO,,,CELDA_171_-_CENTRO,AVELLANEDA,EXCEL_PLATFORM_PRODUCT,NO_TRUCKFLOW_EVIDENCE,ROUTE_UNKNOWN,,2026-09-25T02:47:00,2026-09-25T09:31:00,2026-09-25T22:58:00,,,0,NO_TRUCKFLOW_EXACT_PLATE_MATCH,,
,,0,2026-09-25T20:24:00,2026-09-25T23:06:00,162,EXCEL_RESPALDO,EXCEL,EXCEL,COMPROB_000200434202,2026-09-25,CXW284,LEÑA CORTA SELECC,LEÑA CORTA SELECC,PLAYA_LEÑA_Y_CHIP,PLAYA LEÑA Y CHIP,AVELLANEDA,INGRESO,I,999811,000200434202,0000100003967,0,,25280,LEÑA CORTA SELECC,PLAYA_LEÑA_Y_CHIP,,,PLAYA_LEÑA_Y_CHIP,AVELLANEDA,EXCEL_PLATFORM_PRODUCT,NO_TRUCKFLOW_EVIDENCE,ROUTE_UNKNOWN,,2026-09-25T20:24:00,,2026-09-25T23:06:00,,,0,NO_TRUCKFLOW_EXACT_PLATE_MATCH,,
,,0,2026-09-25T07:12:00,2026-09-25T23:14:00,962,EXCEL_RESPALDO,EXCEL,EXCEL,CTG_10235280006,2026-09-25,RLI659,MAIZ,MAIZ,SILO_TROVATTO_04,SILO TROVATTO 04,AVELLANEDA,INGRESO,I,95611,000200434203,0010000569261,10235280006,VAV088986240926,29840,MAIZ,SILO_TROVATTO_04,,,SILO_TROVATTO_04,AVELLANEDA,EXCEL_PLATFORM_PRODUCT,NO_TRUCKFLOW_EVIDENCE,ROUTE_UNKNOWN,,2026-09-25T07:12:00,2026-09-25T09:01:00,2026-09-25T23:14:00,,,0,NO_TRUCKFLOW_EXACT_PLATE_MATCH,,
,,0,2026-09-25T04:46:00,2026-09-25T23:16:00,1110,EXCEL_RESPALDO,EXCEL,EXCEL,CTG_10135287115,2026-09-25,UYZ606,MAIZ,MAIZ,CELDA_171_-_CENTRO,CELDA 171 - CENTRO,AVELLANEDA,INGRESO,I,95611,000200434204,0000100014702,10135287115,VAV239027250926,28960,MAIZ,CELDA_171_-_CENTRO,,,CELDA_171_-_CENTRO,AVELLANEDA,EXCEL_PLATFORM_PRODUCT,NO_TRUCKFLOW_EVIDENCE,ROUTE_UNKNOWN,,2026-09-25T04:46:00,2026-09-25T10:14:00,2026-09-25T23:16:00,,,0,NO_TRUCKFLOW_EXACT_PLATE_MATCH,,
,,0,2026-09-25T15:18:00,2026-09-25T23:19:00,481,EXCEL_RESPALDO,EXCEL,EXCEL,COMPROB_000200434205,2026-09-25,DMX227,LEÑA CORTA SELECC,LEÑA CORTA SELECC,PLAYA_LEÑA_Y_CHIP,PLAYA LEÑA Y CHIP,AVELLANEDA,INGRESO,I,999811,000200434205,0001000000958,0,,25320,LEÑA CORTA SELECC,PLAYA_LEÑA_Y_CHIP,,,PLAYA_LEÑA_Y_CHIP,AVELLANEDA,EXCEL_PLATFORM_PRODUCT,NO_TRUCKFLOW_EVIDENCE,ROUTE_UNKNOWN,,2026-09-25T15:18:00,,2026-09-25T23:19:00,,,0,NO_TRUCKFLOW_EXACT_PLATE_MATCH,,
,,0,2026-09-25T20:33:00,2026-09-25T23:20:00,167,EXCEL_RESPALDO,EXCEL,EXCEL,COMPROB_000200434206,2026-09-25,NVF766,LEÑA EUCALIPTU SECA,LEÑA EUCALIPTU SECA,PLAYA_LEÑA_Y_CHIP,PLAYA LEÑA Y CHIP,AVELLANEDA,INGRESO,I,999825,000200434206,0000100001025,0,,30620,LEÑA EUCALIPTU SECA,PLAYA_LEÑA_Y_CHIP,,,PLAYA_LEÑA_Y_CHIP,AVELLANEDA,EXCEL_PLATFORM_PRODUCT,NO_TRUCKFLOW_EVIDENCE,ROUTE_UNKNOWN,,2026-09-25T20:33:00,,2026-09-25T23:20:00,,,0,NO_TRUCKFLOW_EXACT_PLATE_MATCH,,
,,0,2026-09-25T21:29:00,2026-09-25T23:23:00,114,EXCEL_RESPALDO,EXCEL,EXCEL,CTG_10135286208,2026-09-25,DML309,SOJA,SOJA,VOLCABLE_PTO_5,VOLCABLE PTO 5,TERMINAL_EMBARQUE,INGRESO,I,2000652,000404068958,0000000143573,10135286208,VIC174875250926,31200,SOJA,VOLCABLE_PTO_5,SAN_LORENZO_VOLCABLE,R7,VOLCABLE_PTO_5,TERMINAL_EMBARQUE,EXCEL_PLATFORM_PRODUCT,NO_TRUCKFLOW_EVIDENCE,ROUTE_UNKNOWN,"FAZON 2026, FAZON 2026",2026-09-25T21:29:00,2026-09-25T22:15:00,2026-09-25T23:23:00,,,0,UNKNOWN_NO_EVIDENCE,,
,,0,2026-09-25T04:53:00,2026-09-25T23:41:00,1128,EXCEL_RESPALDO,EXCEL,EXCEL,CTG_10235296551,2026-09-25,DYI576,MAIZ,MAIZ,CELDA_171_-_CENTRO,CELDA 171 - CENTRO,AVELLANEDA,INGRESO,I,95611,000200434207,0010000569529,10235296551,VAV292769250926,27140,MAIZ,CELDA_171_-_CENTRO,,,CELDA_171_-_CENTRO,AVELLANEDA,EXCEL_PLATFORM_PRODUCT,NO_TRUCKFLOW_EVIDENCE,ROUTE_UNKNOWN,,2026-09-25T04:53:00,2026-09-25T07:14:00,2026-09-25T23:41:00,,,0,NO_TRUCKFLOW_EXACT_PLATE_MATCH,,
,,0,2026-09-25T22:00:00,2026-09-25T23:44:00,104,EXCEL_RESPALDO,EXCEL,EXCEL,CTG_10135315262,2026-09-25,AE399FF,SOJA,SOJA,VOLCABLE_PTO_5,VOLCABLE PTO 5,TERMINAL_EMBARQUE,INGRESO,I,2000655,000404068964,0000000003492,10135315262,VIC267241260926,36180,SOJA,VOLCABLE_PTO_5,SAN_LORENZO_VOLCABLE,R7,VOLCABLE_PTO_5,TERMINAL_EMBARQUE,EXCEL_PLATFORM_PRODUCT,NO_TRUCKFLOW_EVIDENCE,ROUTE_UNKNOWN,"FAZON 2026, FAZON 2026",2026-09-25T22:00:00,2026-09-25T22:28:00,2026-09-25T23:44:00,,,0,UNKNOWN_NO_EVIDENCE,,
,,0,2026-09-25T23:59:00,2026-09-25T23:59:00,,EXCEL_RESPALDO,EXCEL,EXCEL,COMPROB_000404069489,2026-09-25,TTTTTT,BIODIESEL,BIODIESEL,,,TERMINAL_EMBARQUE,INGRESO,IA,11233,000404069489,0000000000001,0,,1130900,BIODIESEL,,,SL3,,TERMINAL_EMBARQUE,EXCEL_PLATFORM_PRODUCT,NO_TRUCKFLOW_EVIDENCE,ROUTE_UNKNOWN,"TRASVASE DE PTA RENOVA A DEPOSITO VICENTIN PTO., TRASVASE DE PTA RENOVA A DEPOSITO VICENTIN PTO.",2026-09-25T23:59:00,2026-09-28T08:14:00,2026-09-25T23:59:00,,,0,NO_TRUCKFLOW_EXACT_PLATE_MATCH,,
,,0,2026-09-25T22:04:00,2026-09-25T23:59:00,115,EXCEL_RESPALDO,EXCEL,EXCEL,CTG_10135316130,2026-09-25,AB352AU,SOJA,SOJA,VOLCABLE_PTO_5,VOLCABLE PTO 5,TERMINAL_EMBARQUE,INGRESO,I,2000655,000404068968,0000100006559,10135316130,VIC332974260926,31020,SOJA,VOLCABLE_PTO_5,SAN_LORENZO_VOLCABLE,R7,VOLCABLE_PTO_5,TERMINAL_EMBARQUE,EXCEL_PLATFORM_PRODUCT,NO_TRUCKFLOW_EVIDENCE,ROUTE_UNKNOWN,"FAZON 2026, FAZON 2026",2026-09-25T22:04:00,2026-09-25T22:42:00,2026-09-25T23:59:00,,,0,NO_TRUCKFLOW_EXACT_PLATE_MATCH,,
,,0,2026-09-25T22:04:00,2026-09-26T00:06:00,122,EXCEL_RESPALDO,EXCEL,EXCEL,CTG_10135315903,2026-09-26,AE953HB,SOJA,SOJA,VOLCABLE_PTO_5,VOLCABLE PTO 5,TERMINAL_EMBARQUE,INGRESO,I,2000655,000404068969,0000000003493,10135315903,VIC318808260926,36100,SOJA,VOLCABLE_PTO_5,SAN_LORENZO_VOLCABLE,R7,VOLCABLE_PTO_5,TERMINAL_EMBARQUE,EXCEL_PLATFORM_PRODUCT,NO_TRUCKFLOW_EVIDENCE,ROUTE_UNKNOWN,"FAZON 2026, FAZON 2026",2026-09-25T22:04:00,2026-09-25T22:43:00,2026-09-26T00:06:00,,,0,UNKNOWN_NO_EVIDENCE,,
,,0,2026-09-25T05:03:00,2026-09-26T00:18:00,1155,EXCEL_RESPALDO,EXCEL,EXCEL,CTG_10135295129,2026-09-26,AG264RS,MAIZ,MAIZ,CELDA_171_-_CENTRO,CELDA 171 - CENTRO,AVELLANEDA,INGRESO,I,95611,000200434208,0000000002035,10135295129,VAV157738250926,36860,MAIZ,CELDA_171_-_CENTRO,,,CELDA_171_-_CENTRO,AVELLANEDA,EXCEL_PLATFORM_PRODUCT,NO_TRUCKFLOW_EVIDENCE,ROUTE_UNKNOWN,,2026-09-25T05:03:00,2026-09-25T06:54:00,2026-09-26T00:18:00,,,0,NO_TRUCKFLOW_EXACT_PLATE_MATCH,,
,,0,2026-09-25T22:34:00,2026-09-26T00:39:00,125,EXCEL_RESPALDO,EXCEL,EXCEL,CTG_10135312183,2026-09-26,FER341,SOJA,SOJA,VOLCABLE_PTO_5,VOLCABLE PTO 5,TERMINAL_EMBARQUE,INGRESO,I,2000652,000404068978,0000000000953,10135312183,VIC373490260926,30200,SOJA,VOLCABLE_PTO_5,SAN_LORENZO_VOLCABLE,R7,VOLCABLE_PTO_5,TERMINAL_EMBARQUE,EXCEL_PLATFORM_PRODUCT,NO_TRUCKFLOW_EVIDENCE,ROUTE_UNKNOWN,"FAZON 2026, FAZON 2026",2026-09-25T22:34:00,2026-09-25T22:54:00,2026-09-26T00:39:00,,,0,NO_TRUCKFLOW_EXACT_PLATE_MATCH,,
,,0,2026-09-25T05:05:00,2026-09-26T01:38:00,1233,EXCEL_RESPALDO,EXCEL,EXCEL,CTG_10135295304,2026-09-26,GIX823,MAIZ,MAIZ,CELDA_171_-_CENTRO,CELDA 171 - CENTRO,AVELLANEDA,INGRESO,I,95611,000200434209,0000000002037,10135295304,VAV051149250926,30580,MAIZ,CELDA_171_-_CENTRO,,,CELDA_171_-_CENTRO,AVELLANEDA,EXCEL_PLATFORM_PRODUCT,NO_TRUCKFLOW_EVIDENCE,ROUTE_UNKNOWN,,2026-09-25T05:05:00,2026-09-25T06:52:00,2026-09-26T01:38:00,,,0,NO_TRUCKFLOW_EXACT_PLATE_MATCH,,
,,0,2026-09-26T00:01:00,2026-09-26T01:41:00,100,EXCEL_RESPALDO,EXCEL,EXCEL,CTG_10235315891,2026-09-26,OII935,SOJA,SOJA,VOLCABLE_PTO_5,VOLCABLE PTO 5,TERMINAL_EMBARQUE,INGRESO,I,2000655,000404068993,0000100002992,10235315891,VIC106046260926,31720,SOJA,VOLCABLE_PTO_5,SAN_LORENZO_VOLCABLE,R7,VOLCABLE_PTO_5,TERMINAL_EMBARQUE,EXCEL_PLATFORM_PRODUCT,NO_TRUCKFLOW_EVIDENCE,ROUTE_UNKNOWN,"FAZON 2026, FAZON 2026",2026-09-26T00:01:00,2026-09-26T00:32:00,2026-09-26T01:41:00,,,0,NO_TRUCKFLOW_EXACT_PLATE_MATCH,,
,,0,2026-09-25T22:02:00,2026-09-26T01:59:00,237,EXCEL_RESPALDO,EXCEL,EXCEL,CTG_10135305551,2026-09-26,DBN909,SOJA,SOJA,VOLCABLE_PTO_5,VOLCABLE PTO 5,TERMINAL_EMBARQUE,INGRESO,I,2000655,000404068997,0000000000376,10135305551,VIC526268260926,28780,SOJA,VOLCABLE_PTO_5,SAN_LORENZO_VOLCABLE,R7,VOLCABLE_PTO_5,TERMINAL_EMBARQUE,EXCEL_PLATFORM_PRODUCT,NO_TRUCKFLOW_EVIDENCE,ROUTE_UNKNOWN,"FAZON 2026, FAZON 2026",2026-09-25T22:02:00,2026-09-25T22:40:00,2026-09-26T01:59:00,,,0,NO_TRUCKFLOW_EXACT_PLATE_MATCH,,
,,0,2026-09-25T05:51:00,2026-09-26T02:02:00,1211,EXCEL_RESPALDO,EXCEL,EXCEL,CTG_10135294916,2026-09-26,AC006KS,MAIZ,MAIZ,CELDA_171_-_CENTRO,CELDA 171 - CENTRO,AVELLANEDA,INGRESO,I,95611,000200434210,0000000002034,10135294916,VAV173172250926,30660,MAIZ,CELDA_171_-_CENTRO,,,CELDA_171_-_CENTRO,AVELLANEDA,EXCEL_PLATFORM_PRODUCT,NO_TRUCKFLOW_EVIDENCE,ROUTE_UNKNOWN,,2026-09-25T05:51:00,2026-09-25T06:50:00,2026-09-26T02:02:00,,,0,NO_TRUCKFLOW_EXACT_PLATE_MATCH,,
,,0,2026-09-25T05:53:00,2026-09-26T02:49:00,1256,EXCEL_RESPALDO,EXCEL,EXCEL,CTG_10135294638,2026-09-26,EEW705,MAIZ,MAIZ,CELDA_171_-_CENTRO,CELDA 171 - CENTRO,AVELLANEDA,INGRESO,I,95611,000200434211,0000000002032,10135294638,VAV048203250926,30860,MAIZ,CELDA_171_-_CENTRO,,,CELDA_171_-_CENTRO,AVELLANEDA,EXCEL_PLATFORM_PRODUCT,NO_TRUCKFLOW_EVIDENCE,ROUTE_UNKNOWN,,2026-09-25T05:53:00,2026-09-25T06:49:00,2026-09-26T02:49:00,,,0,NO_TRUCKFLOW_EXACT_PLATE_MATCH,,
,,0,2026-09-25T06:01:00,2026-09-26T02:56:00,1255,EXCEL_RESPALDO,EXCEL,EXCEL,CTG_10135294790,2026-09-26,SHT307,MAIZ,MAIZ,CELDA_171_-_CENTRO,CELDA 171 - CENTRO,AVELLANEDA,INGRESO,I,95611,000200434212,0000000002033,10135294790,VAV163234250926,28980,MAIZ,CELDA_171_-_CENTRO,,,CELDA_171_-_CENTRO,AVELLANEDA,EXCEL_PLATFORM_PRODUCT,NO_TRUCKFLOW_EVIDENCE,ROUTE_UNKNOWN,,2026-09-25T06:01:00,2026-09-25T07:46:00,2026-09-26T02:56:00,,,0,NO_TRUCKFLOW_EXACT_PLATE_MATCH,,
,,0,2026-09-24T14:37:00,2026-09-26T03:22:00,2205,EXCEL_RESPALDO,EXCEL,EXCEL,COMPROB_000200434213,2026-09-26,HHQ888,CHIP DE EUCALIPTUS,CHIP DE EUCALIPTUS,PLAYA_LEÑA_Y_CHIP,PLAYA LEÑA Y CHIP,AVELLANEDA,INGRESO,I,999821,000200434213,0000100004274,0,,28540,CHIP DE EUCALIPTUS,PLAYA_LEÑA_Y_CHIP,,,PLAYA_LEÑA_Y_CHIP,AVELLANEDA,EXCEL_PLATFORM_PRODUCT,NO_TRUCKFLOW_EVIDENCE,ROUTE_UNKNOWN,,2026-09-24T14:37:00,,2026-09-26T03:22:00,,,0,NO_TRUCKFLOW_EXACT_PLATE_MATCH,,
,,0,2026-09-25T23:39:00,2026-09-26T03:32:00,233,EXCEL_RESPALDO,EXCEL,EXCEL,CTG_10135308305,2026-09-26,LOJ549,SOJA,SOJA,VOLCABLE_PTO_5,VOLCABLE PTO 5,TERMINAL_EMBARQUE,INGRESO,I,2000655,000404069020,0000000000647,10135308305,VIC257636260926,37420,SOJA,VOLCABLE_PTO_5,SAN_LORENZO_VOLCABLE,R7,VOLCABLE_PTO_5,TERMINAL_EMBARQUE,EXCEL_PLATFORM_PRODUCT,NO_TRUCKFLOW_EVIDENCE,ROUTE_UNKNOWN,"FAZON 2026, FAZON 2026",2026-09-25T23:39:00,2026-09-26T00:14:00,2026-09-26T03:32:00,,,0,NO_TRUCKFLOW_EXACT_PLATE_MATCH,,
,,0,2026-09-25T09:31:00,2026-09-26T03:32:00,1081,EXCEL_RESPALDO,EXCEL,EXCEL,CTG_10235298765,2026-09-26,JXJ157,MAIZ,MAIZ,CELDA_171_-_CENTRO,CELDA 171 - CENTRO,AVELLANEDA,INGRESO,I,95611,000200434214,0003900015344,10235298765,VAV502791240926,31260,MAIZ,CELDA_171_-_CENTRO,,,CELDA_171_-_CENTRO,AVELLANEDA,EXCEL_PLATFORM_PRODUCT,NO_TRUCKFLOW_EVIDENCE,ROUTE_UNKNOWN,,2026-09-25T09:31:00,2026-09-25T10:52:00,2026-09-26T03:32:00,,,0,NO_TRUCKFLOW_EXACT_PLATE_MATCH,,
,,0,2026-09-25T08:20:00,2026-09-26T04:29:00,1209,EXCEL_RESPALDO,EXCEL,EXCEL,CTG_10135283593,2026-09-26,AE437OB,MAIZ,MAIZ,CELDA_171_-_CENTRO,CELDA 171 - CENTRO,AVELLANEDA,INGRESO,I,95611,000200434215,0000100023121,10135283593,VAV671419250926,34660,MAIZ,CELDA_171_-_CENTRO,,,CELDA_171_-_CENTRO,AVELLANEDA,EXCEL_PLATFORM_PRODUCT,NO_TRUCKFLOW_EVIDENCE,ROUTE_UNKNOWN,,2026-09-25T08:20:00,2026-09-25T09:59:00,2026-09-26T04:29:00,,,0,NO_TRUCKFLOW_EXACT_PLATE_MATCH,,
,,0,2026-09-25T12:55:00,2026-09-26T04:57:00,962,EXCEL_RESPALDO,EXCEL,EXCEL,CTG_10135290434,2026-09-26,HEQ572,MAIZ,MAIZ,SILO_TROVATTO_04,SILO TROVATTO 04,AVELLANEDA,INGRESO,I,95611,000200434216,0000000005660,10135290434,VAV517371240926,29760,MAIZ,SILO_TROVATTO_04,,,SILO_TROVATTO_04,AVELLANEDA,EXCEL_PLATFORM_PRODUCT,NO_TRUCKFLOW_EVIDENCE,ROUTE_UNKNOWN,,2026-09-25T12:55:00,2026-09-25T16:25:00,2026-09-26T04:57:00,,,0,NO_TRUCKFLOW_EXACT_PLATE_MATCH,,
,,0,2026-09-25T00:28:00,2026-09-26T05:05:00,1717,EXCEL_RESPALDO,EXCEL,EXCEL,CTG_10235271061,2026-09-26,GHP716,GIRASOL,GIRASOL,VOLCABLE_1,VOLCABLE 1,RICARDONE,INGRESO,I,2000640,000301464803,0010000569172,10235271061,VIC073222250926,30120,GIRASOL,VOLCABLE_1,VOLCABLE,R5,VOLCABLE_1,RICARDONE,EXCEL_PLATFORM_PRODUCT,NO_TRUCKFLOW_EVIDENCE,ROUTE_UNKNOWN,"FAZON 2026, FAZON 2026",2026-09-25T00:28:00,2026-09-25T16:43:00,2026-09-26T05:05:00,,,0,UNKNOWN_NO_EVIDENCE,,
,,0,2026-09-26T04:12:00,2026-09-26T05:12:00,60,EXCEL_RESPALDO,EXCEL,EXCEL,COMPROB_000200320765,2026-09-26,AG812TK,ALCOHOL ETILICO ANHIDRO P/ BIOCOMB ORIG CEREAL,ALCOHOL ETILICO ANHIDRO P/ BIOCOMB. ORIG. CEREAL,T1002,T1002,AVELLANEDA,EGRESO,E,95668,000200320765,,0,,35840,ALCOHOL ETILICO ANHIDRO P/ BIOCOMB ORIG CEREAL,T1002,,,T1002,AVELLANEDA,EXCEL_PLATFORM_PRODUCT,NO_TRUCKFLOW_EVIDENCE,ROUTE_UNKNOWN,"MERCADERIA ENTREGADA A YPF POR C/O DE BIOENERGIAS AGROPECUARIAS S.A.-, CUPO:(SEPTIEMBRE 26), MERCADERIA ENTREGADA A YPF POR C/O DE BIOENERGIAS AGROPECUARIAS S.A.-",2026-09-26T04:12:00,,2026-09-26T05:12:00,,,0,NO_TRUCKFLOW_EXACT_PLATE_MATCH,,
,,0,2026-09-25T13:17:00,2026-09-26T05:34:00,977,EXCEL_RESPALDO,EXCEL,EXCEL,CTG_10135295232,2026-09-26,AC268HA,MAIZ,MAIZ,SILO_TROVATTO_04,SILO TROVATTO 04,AVELLANEDA,INGRESO,I,95611,000200434217,0000100023147,10135295232,VAV134564250926,35080,MAIZ,SILO_TROVATTO_04,,,SILO_TROVATTO_04,AVELLANEDA,EXCEL_PLATFORM_PRODUCT,NO_TRUCKFLOW_EVIDENCE,ROUTE_UNKNOWN,,2026-09-25T13:17:00,2026-09-25T16:35:00,2026-09-26T05:34:00,,,0,NO_TRUCKFLOW_EXACT_PLATE_MATCH,,
,,0,2026-09-25T11:31:00,2026-09-26T05:36:00,1085,EXCEL_RESPALDO,EXCEL,EXCEL,CTG_10135295120,2026-09-26,AH933OY,MAIZ,MAIZ,CELDA_171_-_CENTRO,CELDA 171 - CENTRO,AVELLANEDA,INGRESO,I,95611,000200434218,0000100023145,10135295120,VAV670290250926,36960,MAIZ,CELDA_171_-_CENTRO,,,CELDA_171_-_CENTRO,AVELLANEDA,EXCEL_PLATFORM_PRODUCT,NO_TRUCKFLOW_EVIDENCE,ROUTE_UNKNOWN,,2026-09-25T11:31:00,2026-09-25T15:40:00,2026-09-26T05:36:00,,,0,NO_TRUCKFLOW_EXACT_PLATE_MATCH,,
,,0,2026-09-26T01:09:00,2026-09-26T05:59:00,290,EXCEL_RESPALDO,EXCEL,EXCEL,CTG_10235306643,2026-09-26,AC926ZT,SOJA,SOJA,VOLCABLE_PTO_3,VOLCABLE PTO 3,TERMINAL_EMBARQUE,INGRESO,I,2000655,000404069054,0000000001925,10235306643,VIC013225260926,31400,SOJA,VOLCABLE_PTO_3,SAN_LORENZO_VOLCABLE,R7,VOLCABLE_PTO_3,TERMINAL_EMBARQUE,EXCEL_PLATFORM_PRODUCT,NO_TRUCKFLOW_EVIDENCE,ROUTE_UNKNOWN,"FAZON 2026, FAZON 2026",2026-09-26T01:09:00,2026-09-26T05:17:00,2026-09-26T05:59:00,,,0,NO_TRUCKFLOW_EXACT_PLATE_MATCH,,
,,0,2026-09-25T15:57:00,2026-09-26T06:00:00,843,EXCEL_RESPALDO,EXCEL,EXCEL,CTG_10135298785,2026-09-26,DSD760,MAIZ,MAIZ,SILO_TROVATTO_04,SILO TROVATTO 04,AVELLANEDA,INGRESO,I,95611,000200434219,0000100014708,10135298785,VAV455703250926,30960,MAIZ,SILO_TROVATTO_04,,,SILO_TROVATTO_04,AVELLANEDA,EXCEL_PLATFORM_PRODUCT,NO_TRUCKFLOW_EVIDENCE,ROUTE_UNKNOWN,,2026-09-25T15:57:00,2026-09-25T16:48:00,2026-09-26T06:00:00,,,0,NO_TRUCKFLOW_EXACT_PLATE_MATCH,,
,,0,2026-09-26T00:46:00,2026-09-26T06:11:00,325,EXCEL_RESPALDO,EXCEL,EXCEL,CTG_10235314205,2026-09-26,TEM304,SOJA,SOJA,VOLCABLE_PTO_5,VOLCABLE PTO 5,TERMINAL_EMBARQUE,INGRESO,I,2000655,000404069057,0000000008582,10235314205,VIC403435260926,29760,SOJA,VOLCABLE_PTO_5,SAN_LORENZO_VOLCABLE,R7,VOLCABLE_PTO_5,TERMINAL_EMBARQUE,EXCEL_PLATFORM_PRODUCT,NO_TRUCKFLOW_EVIDENCE,ROUTE_UNKNOWN,"FAZON 2026, FAZON 2026",2026-09-26T00:46:00,2026-09-26T05:08:00,2026-09-26T06:11:00,,,0,UNKNOWN_NO_EVIDENCE,,
,,0,2026-09-25T10:11:00,2026-09-26T06:18:00,1207,EXCEL_RESPALDO,EXCEL,EXCEL,CTG_10235296738,2026-09-26,CQI058,MAIZ,MAIZ,CELDA_171_-_CENTRO,CELDA 171 - CENTRO,AVELLANEDA,INGRESO,I,95611,000200434220,0010000569534,10235296738,VAV276749250926,28460,MAIZ,CELDA_171_-_CENTRO,,,CELDA_171_-_CENTRO,AVELLANEDA,EXCEL_PLATFORM_PRODUCT,NO_TRUCKFLOW_EVIDENCE,ROUTE_UNKNOWN,,2026-09-25T10:11:00,2026-09-25T12:41:00,2026-09-26T06:18:00,,,0,NO_TRUCKFLOW_EXACT_PLATE_MATCH,,
,,0,2026-09-25T16:04:00,2026-09-26T06:22:00,858,EXCEL_RESPALDO,EXCEL,EXCEL,CTG_10135298889,2026-09-26,CYF494,MAIZ,MAIZ,SILO_TROVATTO_04,SILO TROVATTO 04,AVELLANEDA,INGRESO,I,95611,000200434221,0000100014709,10135298889,VAV843347250926,30480,MAIZ,SILO_TROVATTO_04,,,SILO_TROVATTO_04,AVELLANEDA,EXCEL_PLATFORM_PRODUCT,NO_TRUCKFLOW_EVIDENCE,ROUTE_UNKNOWN,,2026-09-25T16:04:00,2026-09-25T16:57:00,2026-09-26T06:22:00,,,0,NO_TRUCKFLOW_EXACT_PLATE_MATCH,,
,,0,2026-09-26T03:56:00,2026-09-26T06:26:00,150,EXCEL_RESPALDO,EXCEL,EXCEL,CTG_10135292697,2026-09-26,TUX079,SOJA,SOJA,VOLCABLE_PTO_3,VOLCABLE PTO 3,TERMINAL_EMBARQUE,INGRESO,I,2000655,000404069059,0000100000363,10135292697,VIC499004250926,30980,SOJA,VOLCABLE_PTO_3,SAN_LORENZO_VOLCABLE,R7,VOLCABLE_PTO_3,TERMINAL_EMBARQUE,EXCEL_PLATFORM_PRODUCT,NO_TRUCKFLOW_EVIDENCE,ROUTE_UNKNOWN,"FAZON 2026, FAZON 2026",2026-09-26T03:56:00,2026-09-26T05:23:00,2026-09-26T06:26:00,,,0,UNKNOWN_NO_EVIDENCE,,
,,0,2026-09-26T05:51:00,2026-09-26T06:29:00,38,EXCEL_RESPALDO,EXCEL,EXCEL,COMPROB_000200434222,2026-09-26,RER636,LEÑA CORTA,LEÑA CORTA,PLAYA_LEÑA_Y_CHIP,PLAYA LEÑA Y CHIP,AVELLANEDA,INGRESO,I,999820,000200434222,0000100003941,0,,8560,LEÑA CORTA,PLAYA_LEÑA_Y_CHIP,,,PLAYA_LEÑA_Y_CHIP,AVELLANEDA,EXCEL_PLATFORM_PRODUCT,NO_TRUCKFLOW_EVIDENCE,ROUTE_UNKNOWN,,2026-09-26T05:51:00,,2026-09-26T06:29:00,,,0,NO_TRUCKFLOW_EXACT_PLATE_MATCH,,
,,0,2026-09-25T11:27:00,2026-09-26T06:58:00,1171,EXCEL_RESPALDO,EXCEL,EXCEL,CTG_10135299483,2026-09-26,RFR589,MAIZ,MAIZ,CELDA_171_-_CENTRO,CELDA 171 - CENTRO,AVELLANEDA,INGRESO,I,95611,000200434223,0000100014712,10135299483,VAV919475250926,30460,MAIZ,CELDA_171_-_CENTRO,,,CELDA_171_-_CENTRO,AVELLANEDA,EXCEL_PLATFORM_PRODUCT,NO_TRUCKFLOW_EVIDENCE,ROUTE_UNKNOWN,,2026-09-25T11:27:00,2026-09-25T13:43:00,2026-09-26T06:58:00,,,0,NO_TRUCKFLOW_EXACT_PLATE_MATCH,,
,,0,2026-09-25T17:15:00,2026-09-26T07:01:00,826,EXCEL_RESPALDO,EXCEL,EXCEL,CTG_10135295250,2026-09-26,FUB923,MAIZ,MAIZ,SILO_TROVATTO_04,SILO TROVATTO 04,AVELLANEDA,INGRESO,I,95611,000200434224,0000100023148,10135295250,VAV292386250926,36520,MAIZ,SILO_TROVATTO_04,,,SILO_TROVATTO_04,AVELLANEDA,EXCEL_PLATFORM_PRODUCT,NO_TRUCKFLOW_EVIDENCE,ROUTE_UNKNOWN,,2026-09-25T17:15:00,2026-09-26T04:53:00,2026-09-26T07:01:00,,,0,NO_TRUCKFLOW_EXACT_PLATE_MATCH,,
,,0,2026-09-25T17:25:00,2026-09-26T07:03:00,818,EXCEL_RESPALDO,EXCEL,EXCEL,COMPROB_000200434225,2026-09-26,GDS940,CHIP DE PINO,CHIP DE PINO,PLAYA_LEÑA_Y_CHIP,PLAYA LEÑA Y CHIP,AVELLANEDA,INGRESO,I,999823,000200434225,0000400000367,0,,31840,CHIP DE PINO,PLAYA_LEÑA_Y_CHIP,,,PLAYA_LEÑA_Y_CHIP,AVELLANEDA,EXCEL_PLATFORM_PRODUCT,NO_TRUCKFLOW_EVIDENCE,ROUTE_UNKNOWN,,2026-09-25T17:25:00,,2026-09-26T07:03:00,,,0,NO_TRUCKFLOW_EXACT_PLATE_MATCH,,
,,0,2026-09-25T12:45:00,2026-09-26T07:14:00,1109,EXCEL_RESPALDO,EXCEL,EXCEL,CTG_10135297642,2026-09-26,KPO764,MAIZ,MAIZ,CELDA_171_-_CENTRO,CELDA 171 - CENTRO,AVELLANEDA,INGRESO,I,95611,000200434226,0000100014707,10135297642,VAV461572250926,29800,MAIZ,CELDA_171_-_CENTRO,,,CELDA_171_-_CENTRO,AVELLANEDA,EXCEL_PLATFORM_PRODUCT,NO_TRUCKFLOW_EVIDENCE,ROUTE_UNKNOWN,,2026-09-25T12:45:00,2026-09-25T13:34:00,2026-09-26T07:14:00,,,0,NO_TRUCKFLOW_EXACT_PLATE_MATCH,,
,,0,2026-09-26T06:04:00,2026-09-26T07:22:00,78,EXCEL_RESPALDO,EXCEL,EXCEL,COMPROB_000200434227,2026-09-26,EJY825,LEÑA CORTA SELECC,LEÑA CORTA SELECC,PLAYA_LEÑA_Y_CHIP,PLAYA LEÑA Y CHIP,AVELLANEDA,INGRESO,I,999811,000200434227,0000300000229,0,,29300,LEÑA CORTA SELECC,PLAYA_LEÑA_Y_CHIP,,,PLAYA_LEÑA_Y_CHIP,AVELLANEDA,EXCEL_PLATFORM_PRODUCT,NO_TRUCKFLOW_EVIDENCE,ROUTE_UNKNOWN,,2026-09-26T06:04:00,,2026-09-26T07:22:00,,,0,NO_TRUCKFLOW_EXACT_PLATE_MATCH,,
,,0,2026-09-25T17:17:00,2026-09-26T07:37:00,860,EXCEL_RESPALDO,EXCEL,EXCEL,CTG_10135295301,2026-09-26,EEQ453,MAIZ,MAIZ,SILO_TROVATTO_04,SILO TROVATTO 04,AVELLANEDA,INGRESO,I,95611,000200434228,0000100023149,10135295301,VAV444135250926,36140,MAIZ,SILO_TROVATTO_04,,,SILO_TROVATTO_04,AVELLANEDA,EXCEL_PLATFORM_PRODUCT,NO_TRUCKFLOW_EVIDENCE,ROUTE_UNKNOWN,,2026-09-25T17:17:00,2026-09-26T05:01:00,2026-09-26T07:37:00,,,0,NO_TRUCKFLOW_EXACT_PLATE_MATCH,,
,,0,2026-09-26T03:32:00,2026-09-26T07:44:00,252,EXCEL_RESPALDO,EXCEL,EXCEL,CTG_10235320260,2026-09-26,FFB854,SOJA,SOJA,VOLCABLE_PTO_5,VOLCABLE PTO 5,TERMINAL_EMBARQUE,INGRESO,I,2000655,000404069062,0000100006086,10235320260,VIC803255260926,28360,SOJA,VOLCABLE_PTO_5,SAN_LORENZO_VOLCABLE,R7,VOLCABLE_PTO_5,TERMINAL_EMBARQUE,EXCEL_PLATFORM_PRODUCT,NO_TRUCKFLOW_EVIDENCE,ROUTE_UNKNOWN,"FAZON 2026, FAZON 2026",2026-09-26T03:32:00,2026-09-26T05:48:00,2026-09-26T07:44:00,,,0,NO_TRUCKFLOW_EXACT_PLATE_MATCH,,
,,0,2026-09-26T04:51:00,2026-09-26T07:46:00,175,EXCEL_RESPALDO,EXCEL,EXCEL,COMPROB_000200320766,2026-09-26,AF134JU,ALCOHOL ETILICO ANHIDRO P/ BIOCOMB ORIG CEREAL,ALCOHOL ETILICO ANHIDRO P/ BIOCOMB. ORIG. CEREAL,T1002,T1002,AVELLANEDA,EGRESO,E,95668,000200320766,,0,,34940,ALCOHOL ETILICO ANHIDRO P/ BIOCOMB ORIG CEREAL,T1002,,,T1002,AVELLANEDA,EXCEL_PLATFORM_PRODUCT,NO_TRUCKFLOW_EVIDENCE,ROUTE_UNKNOWN,"MERCADERIA ENTREGADA A YPF POR C/O DE BIOENERGIAS AGROPECUARIAS S.A., CUPO:(SEPTIEMBRE 26), MERCADERIA ENTREGADA A YPF POR C/O DE BIOENERGIAS AGROPECUARIAS S.A.",2026-09-26T04:51:00,,2026-09-26T07:46:00,,,0,NO_TRUCKFLOW_EXACT_PLATE_MATCH,,
,,0,2026-09-25T17:22:00,2026-09-26T07:54:00,872,EXCEL_RESPALDO,EXCEL,EXCEL,CTG_10135264249,2026-09-26,SAI139,MAIZ,MAIZ,SILO_TROVATTO_04,SILO TROVATTO 04,AVELLANEDA,INGRESO,I,95611,000200434229,0000100058295,10135264249,VAV076771240926,28980,MAIZ,SILO_TROVATTO_04,,,SILO_TROVATTO_04,AVELLANEDA,EXCEL_PLATFORM_PRODUCT,NO_TRUCKFLOW_EVIDENCE,ROUTE_UNKNOWN,,2026-09-25T17:22:00,2026-09-25T18:30:00,2026-09-26T07:54:00,,,0,NO_TRUCKFLOW_EXACT_PLATE_MATCH,,
,,0,2026-09-25T11:33:00,2026-09-26T08:09:00,1236,EXCEL_RESPALDO,EXCEL,EXCEL,CTG_10135295140,2026-09-26,AH933OX,MAIZ,MAIZ,CELDA_171_-_CENTRO,CELDA 171 - CENTRO,AVELLANEDA,INGRESO,I,95611,000200434230,0000100023146,10135295140,VAV762394250926,36940,MAIZ,CELDA_171_-_CENTRO,,,CELDA_171_-_CENTRO,AVELLANEDA,EXCEL_PLATFORM_PRODUCT,NO_TRUCKFLOW_EVIDENCE,ROUTE_UNKNOWN,,2026-09-25T11:33:00,2026-09-25T15:42:00,2026-09-26T08:09:00,,,0,NO_TRUCKFLOW_EXACT_PLATE_MATCH,,
,,0,2026-09-26T07:59:00,2026-09-26T08:30:00,31,EXCEL_RESPALDO,EXCEL,EXCEL,COMPROB_000200320767,2026-09-26,AH427GV,BURLANDA HUMEDA,BURLANDA HUMEDA,DEPOSITO_BURLANDAS,DEPOSITO BURLANDAS,AVELLANEDA,EGRESO,E,95951,000200320767,,0,,27160,BURLANDA HUMEDA,DEPOSITO_BURLANDAS,,,DEPOSITO_BURLANDAS,AVELLANEDA,EXCEL_PLATFORM_PRODUCT,NO_TRUCKFLOW_EVIDENCE,ROUTE_UNKNOWN,,2026-09-26T07:59:00,,2026-09-26T08:30:00,,,0,NO_TRUCKFLOW_EXACT_PLATE_MATCH,,
,,0,2026-09-26T07:41:00,2026-09-26T08:32:00,51,EXCEL_RESPALDO,EXCEL,EXCEL,COMPROB_000200320768,2026-09-26,FLT523,BURLANDA HUMEDA,BURLANDA HUMEDA,DEPOSITO_BURLANDAS,DEPOSITO BURLANDAS,AVELLANEDA,EGRESO,E,96010,000200320768,,0,,27940,BURLANDA HUMEDA,DEPOSITO_BURLANDAS,,,DEPOSITO_BURLANDAS,AVELLANEDA,EXCEL_PLATFORM_PRODUCT,NO_TRUCKFLOW_EVIDENCE,ROUTE_UNKNOWN,,2026-09-26T07:41:00,,2026-09-26T08:32:00,,,0,NO_TRUCKFLOW_EXACT_PLATE_MATCH,,
,,0,2026-09-25T19:15:00,2026-09-26T08:47:00,812,EXCEL_RESPALDO,EXCEL,EXCEL,CTG_10235317983,2026-09-26,TMC870,GIRASOL,GIRASOL,VOLCABLE_1,VOLCABLE 1,RICARDONE,INGRESO,I,2000640,000301464811,1658100004674,10235317983,VIC599433250926,29020,GIRASOL,VOLCABLE_1,VOLCABLE,R5,VOLCABLE_1,RICARDONE,EXCEL_PLATFORM_PRODUCT,NO_TRUCKFLOW_EVIDENCE,ROUTE_UNKNOWN,"FAZON 2026, FAZON 2026",2026-09-25T19:15:00,2026-09-26T02:26:00,2026-09-26T08:47:00,,,0,UNKNOWN_NO_EVIDENCE,,
,,0,2026-09-26T08:35:00,2026-09-26T08:53:00,18,EXCEL_RESPALDO,EXCEL,EXCEL,COMPROB_000200320769,2026-09-26,RQU622,BURLANDA HUMEDA,BURLANDA HUMEDA,DEPOSITO_BURLANDAS,DEPOSITO BURLANDAS,AVELLANEDA,EGRESO,E,95985,000200320769,,0,,29020,BURLANDA HUMEDA,DEPOSITO_BURLANDAS,,,DEPOSITO_BURLANDAS,AVELLANEDA,EXCEL_PLATFORM_PRODUCT,NO_TRUCKFLOW_EVIDENCE,ROUTE_UNKNOWN,,2026-09-26T08:35:00,,2026-09-26T08:53:00,,,0,NO_TRUCKFLOW_EXACT_PLATE_MATCH,,
,,0,2026-09-26T08:41:00,2026-09-26T09:05:00,24,EXCEL_RESPALDO,EXCEL,EXCEL,COMPROB_000200320770,2026-09-26,AF413NR,BURLANDA HUMEDA,BURLANDA HUMEDA,DEPOSITO_BURLANDAS,DEPOSITO BURLANDAS,AVELLANEDA,EGRESO,E,95989,000200320770,,0,,27820,BURLANDA HUMEDA,DEPOSITO_BURLANDAS,,,DEPOSITO_BURLANDAS,AVELLANEDA,EXCEL_PLATFORM_PRODUCT,NO_TRUCKFLOW_EVIDENCE,ROUTE_UNKNOWN,,2026-09-26T08:41:00,,2026-09-26T09:05:00,,,0,NO_TRUCKFLOW_EXACT_PLATE_MATCH,,
,,0,2026-09-25T17:34:00,2026-09-26T09:09:00,935,EXCEL_RESPALDO,EXCEL,EXCEL,CTG_10135300522,2026-09-26,IZY541,MAIZ,MAIZ,SILO_TROVATTO_04,SILO TROVATTO 04,AVELLANEDA,INGRESO,I,95611,000200434231,0000100023160,10135300522,VAV936601250926,30300,MAIZ,SILO_TROVATTO_04,,,SILO_TROVATTO_04,AVELLANEDA,EXCEL_PLATFORM_PRODUCT,NO_TRUCKFLOW_EVIDENCE,ROUTE_UNKNOWN,,2026-09-25T17:34:00,2026-09-25T18:08:00,2026-09-26T09:09:00,,,0,NO_TRUCKFLOW_EXACT_PLATE_MATCH,,
,,0,2026-09-25T21:34:00,2026-09-26T09:30:00,716,EXCEL_RESPALDO,EXCEL,EXCEL,COMPROB_000200434232,2026-09-26,DZH986,LEÑA CORTA SELECC,LEÑA CORTA SELECC,PLAYA_LEÑA_Y_CHIP,PLAYA LEÑA Y CHIP,AVELLANEDA,INGRESO,I,999811,000200434232,0000100003970,0,,24280,LEÑA CORTA SELECC,PLAYA_LEÑA_Y_CHIP,,,PLAYA_LEÑA_Y_CHIP,AVELLANEDA,EXCEL_PLATFORM_PRODUCT,NO_TRUCKFLOW_EVIDENCE,ROUTE_UNKNOWN,,2026-09-25T21:34:00,,2026-09-26T09:30:00,,,0,NO_TRUCKFLOW_EXACT_PLATE_MATCH,,
,,0,2026-09-25T17:54:00,2026-09-26T09:32:00,938,EXCEL_RESPALDO,EXCEL,EXCEL,CTG_10135307178,2026-09-26,AD344PV,MAIZ,MAIZ,CELDA_171_-_CENTRO,CELDA 171 - CENTRO,AVELLANEDA,INGRESO,I,95611,000200434233,0000000003988,10135307178,VAV584683250926,29400,MAIZ,CELDA_171_-_CENTRO,,,CELDA_171_-_CENTRO,AVELLANEDA,EXCEL_PLATFORM_PRODUCT,NO_TRUCKFLOW_EVIDENCE,ROUTE_UNKNOWN,,2026-09-25T17:54:00,2026-09-25T19:00:00,2026-09-26T09:32:00,,,0,NO_TRUCKFLOW_EXACT_PLATE_MATCH,,
,,0,2026-09-26T08:12:00,2026-09-26T09:37:00,85,EXCEL_RESPALDO,EXCEL,EXCEL,COMPROB_000200320771,2026-09-26,AF258PV,ALCOHOL ETILICO ANHIDRO P/ BIOCOMB ORIG CEREAL,ALCOHOL ETILICO ANHIDRO P/ BIOCOMB. ORIG. CEREAL,T1002,T1002,AVELLANEDA,EGRESO,E,95668,000200320771,,0,,27780,ALCOHOL ETILICO ANHIDRO P/ BIOCOMB ORIG CEREAL,T1002,,,T1002,AVELLANEDA,EXCEL_PLATFORM_PRODUCT,NO_TRUCKFLOW_EVIDENCE,ROUTE_UNKNOWN,"MERCADERIA ENTREGADA A YPF POR C/O DE BIOENERGIAS AGROPECUARIAS S.A., CUPO:(SEPTIEMBRE 26), MERCADERIA ENTREGADA A YPF POR C/O DE BIOENERGIAS AGROPECUARIAS S.A.",2026-09-26T08:12:00,,2026-09-26T09:37:00,,,0,NO_TRUCKFLOW_EXACT_PLATE_MATCH,,
,,0,2026-09-25T17:40:00,2026-09-26T09:40:00,960,EXCEL_RESPALDO,EXCEL,EXCEL,CTG_10135308664,2026-09-26,OGN249,MAIZ,MAIZ,SILO_TROVATTO_04,SILO TROVATTO 04,AVELLANEDA,INGRESO,I,95611,000200434234,0000100023165,10135308664,VAV377494250926,30920,MAIZ,SILO_TROVATTO_04,,,SILO_TROVATTO_04,AVELLANEDA,EXCEL_PLATFORM_PRODUCT,NO_TRUCKFLOW_EVIDENCE,ROUTE_UNKNOWN,,2026-09-25T17:40:00,2026-09-25T18:20:00,2026-09-26T09:40:00,,,0,NO_TRUCKFLOW_EXACT_PLATE_MATCH,,
,,0,2026-09-24T16:45:00,2026-09-26T09:45:00,2460,EXCEL_RESPALDO,EXCEL,EXCEL,COMPROB_000200434235,2026-09-26,AWS930,CHIP DE EUCALIPTUS,CHIP DE EUCALIPTUS,PLAYA_LEÑA_Y_CHIP,PLAYA LEÑA Y CHIP,AVELLANEDA,INGRESO,I,999821,000200434235,0000200000054,0,,28780,CHIP DE EUCALIPTUS,PLAYA_LEÑA_Y_CHIP,,,PLAYA_LEÑA_Y_CHIP,AVELLANEDA,EXCEL_PLATFORM_PRODUCT,NO_TRUCKFLOW_EVIDENCE,ROUTE_UNKNOWN,,2026-09-24T16:45:00,,2026-09-26T09:45:00,,,0,NO_TRUCKFLOW_EXACT_PLATE_MATCH,,
,,0,2026-09-26T05:30:00,2026-09-26T11:06:00,336,EXCEL_RESPALDO,EXCEL,EXCEL,COMPROB_000200434236,2026-09-26,TVT426,LEÑA CORTA SELECC,LEÑA CORTA SELECC,PLAYA_LEÑA_Y_CHIP,PLAYA LEÑA Y CHIP,AVELLANEDA,INGRESO,I,999811,000200434236,0000400002082,0,,26620,LEÑA CORTA SELECC,PLAYA_LEÑA_Y_CHIP,,,PLAYA_LEÑA_Y_CHIP,AVELLANEDA,EXCEL_PLATFORM_PRODUCT,NO_TRUCKFLOW_EVIDENCE,ROUTE_UNKNOWN,,2026-09-26T05:30:00,,2026-09-26T11:06:00,,,0,NO_TRUCKFLOW_EXACT_PLATE_MATCH,,
,,0,2026-09-26T02:41:00,2026-09-26T11:49:00,548,EXCEL_RESPALDO,EXCEL,EXCEL,COMPROB_000200434237,2026-09-26,RND344,LEÑA CORTA SELECC,LEÑA CORTA SELECC,PLAYA_LEÑA_Y_CHIP,PLAYA LEÑA Y CHIP,AVELLANEDA,INGRESO,I,999811,000200434237,0000100001021,0,,29820,LEÑA CORTA SELECC,PLAYA_LEÑA_Y_CHIP,,,PLAYA_LEÑA_Y_CHIP,AVELLANEDA,EXCEL_PLATFORM_PRODUCT,NO_TRUCKFLOW_EVIDENCE,ROUTE_UNKNOWN,,2026-09-26T02:41:00,,2026-09-26T11:49:00,,,0,NO_TRUCKFLOW_EXACT_PLATE_MATCH,,
,,0,2026-09-25T22:01:00,2026-09-26T12:14:00,853,EXCEL_RESPALDO,EXCEL,EXCEL,CTG_10235313492,2026-09-26,EFV834,GIRASOL,GIRASOL,VOLCABLE_1,VOLCABLE 1,RICARDONE,INGRESO,I,2000664,000301464820,0482300002984,10235313492,VIC229672260926,26160,GIRASOL,VOLCABLE_1,VOLCABLE,R5,VOLCABLE_1,RICARDONE,EXCEL_PLATFORM_PRODUCT,NO_TRUCKFLOW_EVIDENCE,ROUTE_UNKNOWN,"FASON GIRASOL, FASON GIRASOL",2026-09-25T22:01:00,2026-09-26T02:48:00,2026-09-26T12:14:00,,,0,UNKNOWN_NO_EVIDENCE,,
,,0,2026-09-26T11:46:00,2026-09-26T12:30:00,44,EXCEL_RESPALDO,EXCEL,EXCEL,COMPROB_000301069562,2026-09-26,VCR776,PRODUCTOS VARIOS,PRODUCTOS VARIOS,ACEITE,ACEITE,RICARDONE,EGRESO,E,11077,000301069562,,0,,20520,PRODUCTOS VARIOS,ACEITE,LIQUIDO,R8,ACEITE,RICARDONE,EXCEL_PLATFORM_PRODUCT,NO_TRUCKFLOW_EVIDENCE,ROUTE_UNKNOWN,"MOV INT ACEITE, MOV INT ACEITE",2026-09-26T11:46:00,,2026-09-26T12:30:00,,,0,NO_TRUCKFLOW_EXACT_PLATE_MATCH,,
,,0,2026-09-26T04:58:00,2026-09-26T15:56:00,658,EXCEL_RESPALDO,EXCEL,EXCEL,CTG_10235312060,2026-09-26,SBJ203,GIRASOL,GIRASOL,VOLCABLE_1,VOLCABLE 1,RICARDONE,INGRESO,I,2000664,000301464832,0482300002981,10235312060,VIC239563260926,29840,GIRASOL,VOLCABLE_1,VOLCABLE,R5,VOLCABLE_1,RICARDONE,EXCEL_PLATFORM_PRODUCT,NO_TRUCKFLOW_EVIDENCE,ROUTE_UNKNOWN,"FASON GIRASOL, FASON GIRASOL",2026-09-26T04:58:00,2026-09-26T08:24:00,2026-09-26T15:56:00,,,0,UNKNOWN_NO_EVIDENCE,,
,,0,2026-09-26T16:22:00,2026-09-26T18:05:00,103,EXCEL_RESPALDO,EXCEL,EXCEL,CTG_10235326038,2026-09-26,AA793QQ,SOJA,SOJA,VOLCABLE_PTO_2,VOLCABLE PTO 2,TERMINAL_EMBARQUE,INGRESO,I,2000655,000404069175,0000700003026,10235326038,VIC522826260926,29280,SOJA,VOLCABLE_PTO_2,SAN_LORENZO_VOLCABLE,R7,VOLCABLE_PTO_2,TERMINAL_EMBARQUE,EXCEL_PLATFORM_PRODUCT,NO_TRUCKFLOW_EVIDENCE,ROUTE_UNKNOWN,"FAZON 2026, FAZON 2026",2026-09-26T16:22:00,2026-09-26T17:05:00,2026-09-26T18:05:00,,,0,NO_TRUCKFLOW_EXACT_PLATE_MATCH,,
,,0,2026-09-26T17:26:00,2026-09-26T20:57:00,211,EXCEL_RESPALDO,EXCEL,EXCEL,CTG_10135308331,2026-09-26,EQI920,SOJA,SOJA,VOLCABLE_PTO_2,VOLCABLE PTO 2,TERMINAL_EMBARQUE,INGRESO,I,2000652,000404069194,0000000143664,10135308331,VIC554835260926,31060,SOJA,VOLCABLE_PTO_2,SAN_LORENZO_VOLCABLE,R7,VOLCABLE_PTO_2,TERMINAL_EMBARQUE,EXCEL_PLATFORM_PRODUCT,NO_TRUCKFLOW_EVIDENCE,ROUTE_UNKNOWN,"FAZON 2026, FAZON 2026",2026-09-26T17:26:00,2026-09-26T20:00:00,2026-09-26T20:57:00,,,0,UNKNOWN_NO_EVIDENCE,,
,,0,2026-09-26T17:27:00,2026-09-26T21:08:00,221,EXCEL_RESPALDO,EXCEL,EXCEL,CTG_10135321622,2026-09-26,CTI538,SOJA,SOJA,VOLCABLE_PTO_2,VOLCABLE PTO 2,TERMINAL_EMBARQUE,INGRESO,I,2000655,000404069197,0000100002986,10135321622,VIC299293260926,29620,SOJA,VOLCABLE_PTO_2,SAN_LORENZO_VOLCABLE,R7,VOLCABLE_PTO_2,TERMINAL_EMBARQUE,EXCEL_PLATFORM_PRODUCT,NO_TRUCKFLOW_EVIDENCE,ROUTE_UNKNOWN,"FAZON 2026, FAZON 2026",2026-09-26T17:27:00,2026-09-26T20:02:00,2026-09-26T21:08:00,,,0,UNKNOWN_NO_EVIDENCE,,
,,0,2026-09-26T22:17:00,2026-09-27T00:48:00,151,EXCEL_RESPALDO,EXCEL,EXCEL,CTG_10135313188,2026-09-27,OQE485,SOJA,SOJA,VOLCABLE_PTO_2,VOLCABLE PTO 2,TERMINAL_EMBARQUE,INGRESO,I,2000651,000404069224,0000000003376,10135313188,VIC248155260926,31420,SOJA,VOLCABLE_PTO_2,SAN_LORENZO_VOLCABLE,R7,VOLCABLE_PTO_2,TERMINAL_EMBARQUE,EXCEL_PLATFORM_PRODUCT,NO_TRUCKFLOW_EVIDENCE,ROUTE_UNKNOWN,"FAZON 2026, FAZON 2026",2026-09-26T22:17:00,2026-09-26T23:36:00,2026-09-27T00:48:00,,,0,NO_TRUCKFLOW_EXACT_PLATE_MATCH,,
,,0,2026-09-26T22:05:00,2026-09-27T00:53:00,168,EXCEL_RESPALDO,EXCEL,EXCEL,CTG_10135327413,2026-09-27,ADS392,SOJA,SOJA,VOLCABLE_PTO_2,VOLCABLE PTO 2,TERMINAL_EMBARQUE,INGRESO,I,2000655,000404069225,0000000000411,10135327413,VIC033541270926,29960,SOJA,VOLCABLE_PTO_2,SAN_LORENZO_VOLCABLE,R7,VOLCABLE_PTO_2,TERMINAL_EMBARQUE,EXCEL_PLATFORM_PRODUCT,NO_TRUCKFLOW_EVIDENCE,ROUTE_UNKNOWN,"FAZON 2026, FAZON 2026",2026-09-26T22:05:00,2026-09-26T22:50:00,2026-09-27T00:53:00,,,0,NO_TRUCKFLOW_EXACT_PLATE_MATCH,,
,,0,2026-09-26T22:17:00,2026-09-27T01:05:00,168,EXCEL_RESPALDO,EXCEL,EXCEL,CTG_10135313344,2026-09-27,AF543AC,SOJA,SOJA,VOLCABLE_PTO_5,VOLCABLE PTO 5,TERMINAL_EMBARQUE,INGRESO,I,2000651,000404069228,0000000003377,10135313344,VIC455755260926,35340,SOJA,VOLCABLE_PTO_5,SAN_LORENZO_VOLCABLE,R7,VOLCABLE_PTO_5,TERMINAL_EMBARQUE,EXCEL_PLATFORM_PRODUCT,NO_TRUCKFLOW_EVIDENCE,ROUTE_UNKNOWN,"FAZON 2026, FAZON 2026",2026-09-26T22:17:00,2026-09-26T23:38:00,2026-09-27T01:05:00,,,0,UNKNOWN_NO_EVIDENCE,,
,,0,2026-09-26T23:24:00,2026-09-27T01:40:00,136,EXCEL_RESPALDO,EXCEL,EXCEL,CTG_10135323538,2026-09-27,AB700YF,SOJA,SOJA,VOLCABLE_PTO_5,VOLCABLE PTO 5,TERMINAL_EMBARQUE,INGRESO,I,2000655,000404069237,0000000001574,10135323538,VIC070413260926,30600,SOJA,VOLCABLE_PTO_5,SAN_LORENZO_VOLCABLE,R7,VOLCABLE_PTO_5,TERMINAL_EMBARQUE,EXCEL_PLATFORM_PRODUCT,NO_TRUCKFLOW_EVIDENCE,ROUTE_UNKNOWN,"FAZON 2026, FAZON 2026",2026-09-26T23:24:00,2026-09-27T00:05:00,2026-09-27T01:40:00,,,0,NO_TRUCKFLOW_EXACT_PLATE_MATCH,,
,,0,2026-09-27T03:02:00,2026-09-27T03:10:00,8,EXCEL_RESPALDO,EXCEL,EXCEL,COMPROB_000400422736,2026-09-27,HQW900,PRODUCTOS VARIOS,PRODUCTOS VARIOS,,,TERMINAL_EMBARQUE,EGRESO,E,13000,000400422736,,0,,40,PRODUCTOS VARIOS,,,,,TERMINAL_EMBARQUE,EXCEL_PLATFORM_PRODUCT,NO_TRUCKFLOW_EVIDENCE,ROUTE_UNKNOWN,"DESCARGA EN MOA, CTO PARA INGRESAR LOS CAMIONES Q SE EQUIVOCAN DE PTA, DESCARGA EN MOA",2026-09-27T03:02:00,,2026-09-27T03:10:00,,,0,UNKNOWN_NO_EVIDENCE,,
,,0,2026-09-27T08:22:00,2026-09-27T08:22:00,,EXCEL_RESPALDO,EXCEL,EXCEL,COMPROB_000404069493,2026-09-27,PPPPPP,CASCARA DE SOJA PELLETEADA,CASCARA DE SOJA PELLETEADA,,,TERMINAL_EMBARQUE,INGRESO,IA,95592,000404069493,0000000270926,0,,200000,CASCARA DE SOJA PELLETEADA,,,R13,,TERMINAL_EMBARQUE,EXCEL_PLATFORM_PRODUCT,NO_TRUCKFLOW_EVIDENCE,ROUTE_UNKNOWN,"P/D270926, P/D270926",2026-09-27T08:22:00,2026-09-28T08:22:00,2026-09-27T08:22:00,,,0,NO_TRUCKFLOW_EXACT_PLATE_MATCH,,
,,0,2026-09-27T08:22:00,2026-09-27T08:22:00,,EXCEL_RESPALDO,EXCEL,EXCEL,COMPROB_000400422745,2026-09-27,PPPPPP,CASCARA DE SOJA PELLETEADA,CASCARA DE SOJA PELLETEADA,,,TERMINAL_EMBARQUE,EGRESO,EA,95589,000400422745,,0,,200000,CASCARA DE SOJA PELLETEADA,,,R13,,TERMINAL_EMBARQUE,EXCEL_PLATFORM_PRODUCT,NO_TRUCKFLOW_EVIDENCE,ROUTE_UNKNOWN,P/D270926 - CORRESPONDE A RECIBO 000404069493,2026-09-27T08:22:00,,2026-09-27T08:22:00,,,0,NO_TRUCKFLOW_EXACT_PLATE_MATCH,,
,,0,2026-09-27T09:54:00,2026-09-27T13:31:00,217,EXCEL_RESPALDO,EXCEL,EXCEL,COMPROB_000301069667,2026-09-27,VCR776,PRODUCTOS VARIOS,PRODUCTOS VARIOS,ACEITE,ACEITE,RICARDONE,EGRESO,E,11077,000301069667,,0,,17220,PRODUCTOS VARIOS,ACEITE,LIQUIDO,R8,ACEITE,RICARDONE,EXCEL_PLATFORM_PRODUCT,NO_TRUCKFLOW_EVIDENCE,ROUTE_UNKNOWN,"MOV INT ACEITE, MOV INT ACEITE",2026-09-27T09:54:00,,2026-09-27T13:31:00,,,0,NO_TRUCKFLOW_EXACT_PLATE_MATCH,,
,,0,2026-09-27T04:31:00,2026-09-27T16:55:00,744,EXCEL_RESPALDO,EXCEL,EXCEL,CTG_10235327585,2026-09-27,AC619FQ,SOJA,SOJA,VOLCABLE_PTO_5,VOLCABLE PTO 5,TERMINAL_EMBARQUE,INGRESO,I,2000651,000404069348,0010800009731,10235327585,VIC255130260926,37120,SOJA,VOLCABLE_PTO_5,SAN_LORENZO_VOLCABLE,R7,VOLCABLE_PTO_5,TERMINAL_EMBARQUE,EXCEL_PLATFORM_PRODUCT,NO_TRUCKFLOW_EVIDENCE,ROUTE_UNKNOWN,"FAZON 2026, FAZON 2026",2026-09-27T04:31:00,2026-09-27T07:59:00,2026-09-27T16:55:00,,,0,NO_TRUCKFLOW_EXACT_PLATE_MATCH,,
,,0,2026-09-27T17:30:00,2026-09-27T23:12:00,342,EXCEL_RESPALDO,EXCEL,EXCEL,CTG_10135319419,2026-09-27,AH439OV,SOJA,SOJA,VOLCABLE_PTO_5,VOLCABLE PTO 5,TERMINAL_EMBARQUE,INGRESO,I,2000655,000404069395,0000000001128,10135319419,VIC774300270926,31200,SOJA,VOLCABLE_PTO_5,SAN_LORENZO_VOLCABLE,R7,VOLCABLE_PTO_5,TERMINAL_EMBARQUE,EXCEL_PLATFORM_PRODUCT,NO_TRUCKFLOW_EVIDENCE,ROUTE_UNKNOWN,"FAZON 2026, FAZON 2026",2026-09-27T17:30:00,2026-09-27T20:15:00,2026-09-27T23:12:00,,,0,NO_TRUCKFLOW_EXACT_PLATE_MATCH,,
,,0,2026-09-27T18:47:00,2026-09-27T23:27:00,280,EXCEL_RESPALDO,EXCEL,EXCEL,CTG_10235312815,2026-09-27,AYJ768,SOJA,SOJA,VOLCABLE_PTO_5,VOLCABLE PTO 5,TERMINAL_EMBARQUE,INGRESO,I,2000655,000404069397,0000100002274,10235312815,VIC064989270926,31040,SOJA,VOLCABLE_PTO_5,SAN_LORENZO_VOLCABLE,R7,VOLCABLE_PTO_5,TERMINAL_EMBARQUE,EXCEL_PLATFORM_PRODUCT,NO_TRUCKFLOW_EVIDENCE,ROUTE_UNKNOWN,"FAZON 2026, FAZON 2026",2026-09-27T18:47:00,2026-09-27T20:21:00,2026-09-27T23:27:00,,,0,UNKNOWN_NO_EVIDENCE,,
,,0,2026-09-27T23:59:00,2026-09-27T23:59:00,,EXCEL_RESPALDO,EXCEL,EXCEL,COMPROB_000404069491,2026-09-27,TTTTTT,BIODIESEL,BIODIESEL,,,TERMINAL_EMBARQUE,INGRESO,IA,11665,000404069491,0000000000001,0,,480000,BIODIESEL,,,SL3,,TERMINAL_EMBARQUE,EXCEL_PLATFORM_PRODUCT,NO_TRUCKFLOW_EVIDENCE,ROUTE_UNKNOWN,"TRASVASE DE PTA RENOVA A DEPOSITO VICENTIN PTO., TRASVASE DE PTA RENOVA A DEPOSITO VICENTIN PTO.",2026-09-27T23:59:00,,2026-09-27T23:59:00,,,0,NO_TRUCKFLOW_EXACT_PLATE_MATCH,,
,,0,2026-09-27T23:59:00,2026-09-27T23:59:00,,EXCEL_RESPALDO,EXCEL,EXCEL,COMPROB_000404069492,2026-09-27,TTTTTT,BIODIESEL,BIODIESEL,,,TERMINAL_EMBARQUE,INGRESO,IA,11233,000404069492,0000000000001,0,,629400,BIODIESEL,,,SL3,,TERMINAL_EMBARQUE,EXCEL_PLATFORM_PRODUCT,NO_TRUCKFLOW_EVIDENCE,ROUTE_UNKNOWN,"TRASVASE DE PTA RENOVA A DEPOSITO VICENTIN PTO., TRASVASE DE PTA RENOVA A DEPOSITO VICENTIN PTO.",2026-09-27T23:59:00,2026-09-28T08:18:00,2026-09-27T23:59:00,,,0,NO_TRUCKFLOW_EXACT_PLATE_MATCH,,
,,0,2026-09-27T23:59:00,2026-09-27T23:59:00,,EXCEL_RESPALDO,EXCEL,EXCEL,COMPROB_000404069487,2026-09-27,TTTTTT,BIODIESEL,BIODIESEL,,,TERMINAL_EMBARQUE,INGRESO,IA,11665,000404069487,0000000000001,0,,3711100,BIODIESEL,,,,,TERMINAL_EMBARQUE,EXCEL_PLATFORM_PRODUCT,NO_TRUCKFLOW_EVIDENCE,ROUTE_UNKNOWN,"TRASVASE DE PLANTA PATAGONIA 27/09/2026, TRASVASE DE PLANTA PATAGONIA 27/09/2026",2026-09-27T23:59:00,,2026-09-27T23:59:00,,,0,NO_TRUCKFLOW_EXACT_PLATE_MATCH,,