patente,motivo,nodos,desde,hasta,categoria,marca,en_excel_semana,en_excel_ese_dia,planta,producto,cliente,mov
AA087XZ,circuito_ambiguo,Playa 3 > Calada > Balanza Ingreso > Egreso,2026-09-24 07:51:56,2026-09-24 11:53:38,Medium Truck,Mercedes-Benz,True,True,RICARDONE,PELLETS GIRASOL;SOJA,CARGILL S.A.C.I.-30506792165-220165,EGRESO
AA087XZ,circuito_ambiguo,Playa 3 > Calada,2026-09-24 13:09:30,2026-09-24 18:12:17,Medium Truck,Mercedes-Benz,True,True,RICARDONE,PELLETS GIRASOL;SOJA,CARGILL S.A.C.I.-30506792165-220165,EGRESO
AA087XZ,circuito_ambiguo,Balanza Ingreso > Ingreso > Balanza Ingreso > Plataformas Volcables,2026-09-24 18:17:31,2026-09-24 20:45:55,Medium Truck,Mercedes-Benz,True,True,RICARDONE,PELLETS GIRASOL;SOJA,CARGILL S.A.C.I.-30506792165-220165,EGRESO
AA087XZ,circuito_ambiguo,Balanza Ingreso > Playa 3 > Calada > Salida 2 > Plataformas Volcables > Balanza Egreso,2026-09-25 17:53:52,2026-09-25 23:04:28,Medium Truck,Mercedes-Benz,True,True,RICARDONE,SOJA,CARGILL S.A.C.I.-30506792165-220165,EGRESO
AA087XZ,circuito_ambiguo,Playa 3 > Salida 2 > Ingreso > Balanza Ingreso > Plataformas Volcables,2026-09-28 12:08:46,2026-09-28 17:08:16,Medium Truck,Mercedes-Benz,True,True,RICARDONE,SOJA,CARGILL S.A.C.I.-30506792165-220165,EGRESO
AA488IX,circuito_ambiguo,Calada > Balanza Ingreso,2026-09-30 16:16:45,2026-09-30 16:38:12,Large Truck,Ford,True,True,TERMINAL_EMBARQUE,BARRIDO DE MERCADERIA,V A R I O S-00200210383-200383,EGRESO
AA703FC,circuito_ambiguo,Balanza Ingreso > Carga/Descarga Renova > Egreso,2026-09-24 07:44:26,2026-09-24 08:11:05,Medium Truck,Volkswagen,True,True,TERMINAL_EMBARQUE,SAL GLICERINOSA;TIERRA DESC FILTROS,RENOVA SA.-30709590894-209319,EGRESO
AA703FC,circuito_ambiguo,Ingreso > Balanza Ingreso > Carga/Descarga Renova > Balanza Egreso > Egreso,2026-09-24 15:37:11,2026-09-24 17:31:15,Large Truck,Volkswagen,True,True,TERMINAL_EMBARQUE,SAL GLICERINOSA;TIERRA DESC FILTROS,RENOVA SA.-30709590894-209319,EGRESO
AA703FC,circuito_ambiguo,Ingreso > Balanza Ingreso > Carga/Descarga Renova,2026-09-25 07:36:36,2026-09-25 07:50:07,Medium Truck,Volkswagen,True,True,TERMINAL_EMBARQUE,SAL GLICERINOSA;TIERRA DESC FILTROS,RENOVA SA.-30709590894-209319,EGRESO
AA703FC,circuito_ambiguo,Ingreso > Carga/Descarga Renova > Balanza Egreso,2026-09-25 15:34:22,2026-09-25 15:58:09,Medium Truck,Volkswagen,True,True,TERMINAL_EMBARQUE,SAL GLICERINOSA;TIERRA DESC FILTROS,RENOVA SA.-30709590894-209319,EGRESO
AA703FC,circuito_ambiguo,Ingreso > Carga/Descarga Renova,2026-09-25 16:39:20,2026-09-25 16:45:43,Medium Truck,Volkswagen,True,True,TERMINAL_EMBARQUE,SAL GLICERINOSA;TIERRA DESC FILTROS,RENOVA SA.-30709590894-209319,EGRESO
AA703FC,circuito_ambiguo,Ingreso > Balanza Ingreso > Carga/Descarga Renova,2026-09-25 18:08:42,2026-09-25 18:12:59,Medium Truck,Volkswagen,True,True,TERMINAL_EMBARQUE,SAL GLICERINOSA;TIERRA DESC FILTROS,RENOVA SA.-30709590894-209319,EGRESO
AA703FC,circuito_ambiguo,Ingreso > Balanza Ingreso > Carga/Descarga Renova > Egreso,2026-09-26 07:16:44,2026-09-26 09:10:02,Medium Truck,Volkswagen,True,True,TERMINAL_EMBARQUE,SAL GLICERINOSA;TIERRA DESC FILTROS,RENOVA SA.-30709590894-209319,EGRESO
AA703FC,circuito_ambiguo,Ingreso > Balanza Ingreso > Carga/Descarga Renova,2026-09-26 10:58:43,2026-09-26 11:03:00,Medium Truck,Volkswagen,True,True,TERMINAL_EMBARQUE,SAL GLICERINOSA;TIERRA DESC FILTROS,RENOVA SA.-30709590894-209319,EGRESO
AA703FC,circuito_ambiguo,Ingreso > Balanza Ingreso > Carga/Descarga Renova > Egreso,2026-09-28 07:21:49,2026-09-28 07:42:37,Bus,Volkswagen,True,True,TERMINAL_EMBARQUE,SAL GLICERINOSA;TIERRA DESC FILTROS,RENOVA SA.-30709590894-209319,EGRESO
AA703FC,circuito_ambiguo,Ingreso > Balanza Ingreso > Carga/Descarga Renova > Egreso,2026-09-28 08:32:14,2026-09-28 08:56:34,Medium Truck,Volkswagen,True,True,TERMINAL_EMBARQUE,SAL GLICERINOSA;TIERRA DESC FILTROS,RENOVA SA.-30709590894-209319,EGRESO
AA703FC,circuito_ambiguo,Ingreso > Balanza Ingreso > Carga/Descarga Renova,2026-09-28 13:07:01,2026-09-28 13:12:06,Medium Truck,Volkswagen,True,True,TERMINAL_EMBARQUE,SAL GLICERINOSA;TIERRA DESC FILTROS,RENOVA SA.-30709590894-209319,EGRESO
AA703FC,circuito_ambiguo,Ingreso > Balanza Ingreso > Carga/Descarga Renova,2026-09-30 10:03:27,2026-09-30 10:15:14,Medium Truck,Volkswagen,True,True,TERMINAL_EMBARQUE,TIERRA DESC FILTROS,RENOVA SA.-30709590894-209319,EGRESO
AA874CX,circuito_ambiguo,Calada > Playa 3,2026-09-24 15:17:46,2026-09-24 15:35:19,Large Truck,Scania,True,False,,,,
AA875OG,circuito_ambiguo,Ingreso > Calada > Balanza Ingreso > Egreso,2026-09-24 13:28:19,2026-09-24 15:35:35,Medium Truck,Mercedes-Benz,True,True,TERMINAL_EMBARQUE,ACEITE GIRASOL REFINADO,RENOVA S.A.-30709590894-242524,EGRESO
AA875OG,circuito_ambiguo,Ingreso > Balanza Ingreso > Carga / Descarga OSL > Egreso,2026-09-25 09:25:12,2026-09-25 15:16:46,Medium Truck,Mercedes-Benz,True,True,TERMINAL_EMBARQUE,ACEITE GIRASOL REFINADO,RENOVA S.A.-30709590894-242524,EGRESO
AA875OG,circuito_ambiguo,Calada > Carga / Descarga OSL > Egreso,2026-09-28 07:56:05,2026-09-28 09:08:52,Medium Truck,Mercedes-Benz,True,True,TERMINAL_EMBARQUE,ACEITE GIRASOL REFINADO,RENOVA S.A.-30709590894-242524,EGRESO
AA875OG,circuito_ambiguo,Ingreso > Balanza Ingreso > Carga / Descarga OSL,2026-09-29 09:19:09,2026-09-29 12:40:58,Medium Truck,Mercedes-Benz,True,True,TERMINAL_EMBARQUE,ACEITE GIRASOL REFINADO,RENOVA S.A.-30709590894-242524,EGRESO
AA875OG,circuito_ambiguo,Ingreso > Calada > Balanza Ingreso > Carga / Descarga OSL,2026-09-30 06:59:08,2026-09-30 09:47:15,Medium Truck,Mercedes-Benz,True,True,TERMINAL_EMBARQUE,ACEITE GIRASOL REFINADO,RENOVA S.A.-30709590894-242524,EGRESO
AA875OG,circuito_ambiguo,Ingreso > Calada > Balanza Ingreso > Carga / Descarga OSL > Egreso,2026-09-30 18:25:20,2026-09-30 21:48:20,Medium Truck,Mercedes-Benz,True,True,TERMINAL_EMBARQUE,ACEITE GIRASOL REFINADO,RENOVA S.A.-30709590894-242524,EGRESO
AA957UO,circuito_ambiguo,Pre ingreso > Calada,2026-09-29 02:03:40,2026-09-29 04:41:28,Medium Truck,Yaris,True,True,TERMINAL_EMBARQUE,SOJA,COMMODITIES S.A.-30640872566-222089,INGRESO
AAE877,circuito_ambiguo,Playa 3 > Calada,2026-09-25 17:48:42,2026-09-25 18:02:08,Medium Truck,Iveco,True,True,RICARDONE,SOJA,CARGILL S.A.C.I.-30506792165-220165,EGRESO
AAE877,circuito_ambiguo,Balanza Ingreso > Plataformas Volcables > Playa 3,2026-09-26 09:49:31,2026-09-26 12:03:09,Medium Truck,Iveco,True,True,RICARDONE,PELLETS GIRASOL;SOJA,BUNGE ARGENTINA S.A.-30700869918-231767;CARGILL S.A.C.I.-30506792165-220165,EGRESO
AAE877,circuito_ambiguo,Playa 3 > Salida 2 > Ingreso > Balanza Ingreso,2026-09-28 11:00:37,2026-09-28 12:53:07,Medium Truck,Iveco,True,True,RICARDONE,SOJA,CARGILL S.A.C.I.-30506792165-220165,EGRESO
AAE877,circuito_ambiguo,Playa 3 > Calada,2026-09-28 14:28:51,2026-09-28 18:21:25,Medium Truck,Iveco,True,True,RICARDONE,SOJA,CARGILL S.A.C.I.-30506792165-220165,EGRESO
AB114CN,circuito_ambiguo,Calada > Balanza Ingreso > Playa 3,2026-09-24 09:34:26,2026-09-24 10:04:32,Large Truck,Volkswagen,True,True,RICARDONE,GIRASOL,CARGILL S.A.C.I.-30506792165-220165,INGRESO
AB148YV,circuito_ambiguo,Ingreso > Balanza Ingreso > Carga/Descarga Renova,2026-09-25 12:35:30,2026-09-25 12:42:50,Medium Truck,Volkswagen,True,True,TERMINAL_EMBARQUE,PRODUCTOS VARIOS,,INGRESO
AB153FK,circuito_ambiguo,Calada > Playa 3,2026-09-25 17:06:22,2026-09-25 17:36:01,Large Truck,Iveco,True,True,RICARDONE,GIRASOL,BUNGE ARGENTINA S.A.-30700869918-231767,INGRESO
AB328HJ,circuito_ambiguo,Calada > Playa 3,2026-09-26 09:53:05,2026-09-26 10:07:36,Large Truck,Volkswagen,True,True,RICARDONE,GIRASOL,CARGILL S.A.C.I.-30506792165-220165,INGRESO
AB601UX,circuito_ambiguo,Calada > Balanza Ingreso,2026-09-25 08:34:43,2026-09-25 08:46:01,Large Truck,Volkswagen,True,True,RICARDONE,GIRASOL,BUNGE ARGENTINA S.A.-30700869918-231767,INGRESO
AB608FB,circuito_ambiguo,Balanza Ingreso > Calada,2026-09-25 15:12:23,2026-09-25 16:47:51,Medium Truck,Mercedes-Benz,True,True,TERMINAL_EMBARQUE,RESIDUOS ORG,,EGRESO
AB608FC,circuito_ambiguo,Ingreso > Balanza Ingreso > Carga/Descarga Renova,2026-09-27 06:54:18,2026-09-27 07:12:31,Medium Truck,Mercedes-Benz,True,True,TERMINAL_EMBARQUE,RESIDUOS ORG,,EGRESO
AB608FC,circuito_ambiguo,Calada > Balanza Ingreso > Calada,2026-09-29 08:13:04,2026-09-29 12:23:00,Medium Truck,Mercedes-Benz,True,True,RICARDONE,RESIDUOS ORG,,EGRESO
AB621US,circuito_ambiguo,Pre ingreso > Calada,2026-09-25 17:04:07,2026-09-25 17:51:30,Medium Truck,Ford,True,True,TERMINAL_EMBARQUE,SOJA,COMMODITIES S.A.-30640872566-222089,INGRESO
AB675DP,circuito_ambiguo,Balanza Ingreso > Calada,2026-09-28 16:00:51,2026-09-28 17:33:33,Medium Truck,Mercedes-Benz,True,False,,,,
AB675DP,circuito_ambiguo,Ingreso > Balanza Ingreso > Carga/Descarga Renova,2026-09-29 08:06:06,2026-09-29 13:18:35,Medium Truck,Mercedes-Benz,True,True,TERMINAL_EMBARQUE,RESIDUOS ORG,,EGRESO
AB675DP,circuito_ambiguo,Ingreso > Carga/Descarga Renova,2026-09-29 17:06:08,2026-09-29 17:33:56,Medium Truck,Mercedes-Benz,True,True,TERMINAL_EMBARQUE,RESIDUOS ORG,,EGRESO
AB675DP,circuito_ambiguo,Ingreso > Balanza Ingreso > Calada,2026-09-30 07:07:25,2026-09-30 15:30:44,Large Truck,Mercedes-Benz,True,True,TERMINAL_EMBARQUE,RESIDUOS ORG,,EGRESO
AC215FK,circuito_ambiguo,Pre ingreso > Calada > Playa 3,2026-09-25 13:06:58,2026-09-25 17:35:00,Large Truck,Scania,True,True,RICARDONE,GIRASOL,BUNGE ARGENTINA S.A.-30700869918-231767,INGRESO
AC301DO,circuito_ambiguo,Calada > Playa 3,2026-09-25 17:11:02,2026-09-25 17:37:51,Large Truck,Iveco,True,True,RICARDONE,GIRASOL,BUNGE ARGENTINA S.A.-30700869918-231767,INGRESO
AC658DF,circuito_ambiguo,Calada > Playa 3,2026-09-30 13:57:04,2026-09-30 14:13:25,Large Truck,Scania,True,True,RICARDONE,GIRASOL,CARGILL S.A.C.I.-30506792165-220165,INGRESO
AC988RL,circuito_ambiguo,Balanza Ingreso > Calada > Egreso,2026-09-28 14:11:43,2026-09-28 20:52:16,Large Truck,Volvo,True,True,TERMINAL_EMBARQUE,CASCARA DE SOJA PELLETEADA,UNION AGRICOLA DE AVELLANEDA COOP.LTDA.-30501912405-220345,EGRESO
AD147KV,circuito_ambiguo,Calada > Salida 2 > Ingreso > Calada > Balanza Ingreso,2026-09-28 11:58:58,2026-09-28 17:53:38,Large Truck,Scania,True,True,TERMINAL_EMBARQUE,SOJA,LDC ARGENTINA S.A.-30526712729-221642,INGRESO
AD195CG,circuito_ambiguo,Ingreso > Calada > Egreso,2026-09-24 18:27:44,2026-09-24 22:42:32,Large Truck,Ford,True,True,TERMINAL_EMBARQUE,ACEITE GIRASOL REFINADO,RENOVA S.A.-30709590894-242524,EGRESO
AD195CG,circuito_ambiguo,Ingreso > Calada > Balanza Ingreso > Carga / Descarga OSL > Egreso,2026-09-25 12:05:19,2026-09-25 17:17:38,Large Truck,Ford,True,True,TERMINAL_EMBARQUE,ACEITE GIRASOL REFINADO,RENOVA S.A.-30709590894-242524,EGRESO
AD195CG,circuito_ambiguo,Ingreso > Calada > Balanza Ingreso > Carga/Descarga Renova,2026-09-28 06:11:41,2026-09-28 08:23:41,Large Truck,Ford,True,True,TERMINAL_EMBARQUE,ACEITE GIRASOL REFINADO,RENOVA S.A.-30709590894-242524,EGRESO
AD788SB,circuito_ambiguo,Calada > Balanza Ingreso,2026-09-25 05:22:16,2026-09-25 05:30:26,Large Truck,Ford,True,True,RICARDONE,GIRASOL,CARGILL S.A.C.I.-30506792165-220165,INGRESO
AD829RY,circuito_ambiguo,Calada > Egreso,2026-09-25 08:32:36,2026-09-25 14:31:18,Large Truck,Mercedes-Benz,True,True,TERMINAL_EMBARQUE,BORRA ACEITE GIRASOL,SANTA FE ACEITES S.R.L.-30711020914-202852,EGRESO
AD836GM,circuito_ambiguo,Balanza Ingreso > Egreso,2026-09-30 10:44:22,2026-09-30 11:44:25,Small Truck,,False,False,,,,
AD887XZ,circuito_ambiguo,Calada > Balanza Ingreso > Carga / Descarga OSL > Egreso,2026-09-24 17:28:19,2026-09-24 22:07:43,Medium Truck,Iveco,True,True,TERMINAL_EMBARQUE,ACEITE GIRASOL REFINADO,RENOVA S.A.-30709590894-242524,EGRESO
AD887XZ,circuito_ambiguo,Calada > Balanza Ingreso,2026-09-25 13:17:51,2026-09-25 13:22:19,Large Truck,Iveco,True,True,TERMINAL_EMBARQUE,ACEITE GIRASOL REFINADO,RENOVA S.A.-30709590894-242524,EGRESO
AD887XZ,circuito_ambiguo,Ingreso > Calada > Balanza Ingreso,2026-09-28 13:44:30,2026-09-28 18:11:35,Medium Truck,Iveco,True,True,TERMINAL_EMBARQUE,ACEITE GIRASOL REFINADO,RENOVA S.A.-30709590894-242524,EGRESO
AD887XZ,circuito_ambiguo,Calada > Carga / Descarga OSL,2026-09-29 16:18:07,2026-09-29 21:48:33,Large Truck,Iveco,True,True,TERMINAL_EMBARQUE,ACEITE GIRASOL REFINADO,RENOVA S.A.-30709590894-242524,EGRESO
AD887XZ,circuito_ambiguo,Calada > Balanza Ingreso > Carga/Descarga Renova,2026-09-30 12:21:52,2026-09-30 15:53:45,Medium Truck,Iveco,True,True,TERMINAL_EMBARQUE,ACEITE GIRASOL REFINADO,RENOVA S.A.-30709590894-242524,EGRESO
AE052QO,circuito_ambiguo,Balanza Ingreso > Carga/Descarga Renova > Balanza Egreso,2026-09-29 08:01:55,2026-09-29 13:16:56,Large Truck,Ford,True,True,TERMINAL_EMBARQUE,PRODUCTOS VARIOS,,INGRESO
AE139LO,circuito_ambiguo,Balanza Ingreso > Carga/descarga > Egreso,2026-09-29 16:36:18,2026-09-29 20:34:12,Large Truck,Iveco,True,False,,,,
AE247CD,circuito_ambiguo,Salida 2 > Ingreso > Calada,2026-09-28 17:02:00,2026-09-28 17:45:41,Medium Truck,Iveco,True,True,TERMINAL_EMBARQUE,SOJA,COMMODITIES S.A.-30640872566-222089,INGRESO
AE260HD,circuito_ambiguo,Balanza Egreso > Salida 2,2026-09-24 07:41:32,2026-09-24 12:55:36,Large Truck,Iveco,False,False,,,,
AE260HD,circuito_ambiguo,Balanza Egreso > Salida 2,2026-09-24 14:06:29,2026-09-24 14:37:10,Large Truck,Iveco,False,False,,,,
AE260HD,circuito_ambiguo,Balanza Egreso > Salida 2,2026-09-24 14:55:45,2026-09-24 15:09:52,Large Truck,Iveco,False,False,,,,
AE260HD,circuito_ambiguo,Balanza Egreso > Salida 2,2026-09-28 14:48:41,2026-09-28 15:04:04,Large Truck,Iveco,False,False,,,,
AE260HD,circuito_ambiguo,Balanza Egreso > Salida 2,2026-09-30 08:03:40,2026-09-30 08:22:04,Medium Truck,Iveco,False,False,,,,
AE458VH,circuito_ambiguo,Calada > Playa 3,2026-09-24 17:05:36,2026-09-24 18:12:38,Large Truck,Iveco,True,False,,,,
AE494ID,circuito_ambiguo,Ingreso > Carga/Descarga Renova,2026-09-26 13:30:49,2026-09-26 15:32:14,Large Truck,Volvo,True,True,TERMINAL_EMBARQUE,METANOL,RENOVA SA.-30709590894-209319,INGRESO
AE717CM,circuito_ambiguo,Calada > Playa 3 > Salida 2,2026-09-24 15:40:31,2026-09-24 20:58:39,Large Truck,Scania,False,False,,,,
AE777HL,circuito_ambiguo,Calada > Playa 3,2026-09-26 02:36:45,2026-09-26 02:50:59,Large Truck,Iveco,True,True,RICARDONE,GIRASOL,CARGILL S.A.C.I.-30506792165-220165,INGRESO
AE808WG,circuito_ambiguo,Balanza Ingreso > Calada,2026-09-28 16:21:41,2026-09-28 17:34:00,Medium Truck,Mercedes-Benz,True,False,,,,
AF411UI,circuito_ambiguo,Calada > Balanza Ingreso > Balanza Egreso > Egreso,2026-09-30 16:10:41,2026-09-30 16:41:39,Large Truck,Mercedes-Benz,True,True,TERMINAL_EMBARQUE,BORRA ACEITE GIRASOL,SANTA FE ACEITES S.R.L.-30711020914-202852,EGRESO
AF778ZI,circuito_ambiguo,Egreso > Balanza Egreso,2026-09-28 07:01:09,2026-09-28 08:30:04,Small Truck,Iveco,False,False,,,,
AF785ZF,circuito_ambiguo,Balanza Ingreso > Egreso,2026-09-30 13:42:51,2026-09-30 14:49:16,Medium Truck,Foton,False,False,,,,
AF804QL,circuito_ambiguo,Ingreso > Balanza Ingreso > Calada,2026-09-28 09:36:37,2026-09-28 15:00:13,Medium Truck,Mercedes-Benz,True,True,TERMINAL_EMBARQUE,BORRA ACEITE GIRASOL,SANTA FE ACEITES S.R.L.-30711020914-202852,EGRESO
AG070CD,circuito_ambiguo,Calada > Playa 3,2026-09-24 16:51:00,2026-09-24 17:01:32,Large Truck,Scania,True,False,,,,
AG408SM,circuito_ambiguo,Balanza Egreso > Balanza Egreso,2026-09-24 09:32:53,2026-09-24 14:43:53,Medium Truck,Ford,False,False,,,,
AG742LY,circuito_ambiguo,Carga/Descarga Renova > Egreso,2026-09-30 09:20:45,2026-09-30 16:23:36,Sedan,Volkswagen,True,True,TERMINAL_EMBARQUE,GLICERINA REFINADA,RENOVA SA.-30709590894-209319,EGRESO
AG828CR,circuito_ambiguo,Calada > Balanza Ingreso,2026-09-24 16:53:50,2026-09-24 18:08:11,Large Truck,Volkswagen,True,False,,,,
AG832HH,circuito_ambiguo,Calada > Balanza Ingreso,2026-09-24 09:29:48,2026-09-24 09:52:33,Large Truck,Volkswagen,True,False,,,,
AG847TB,circuito_ambiguo,Balanza Ingreso > Calada,2026-09-26 10:29:33,2026-09-26 13:19:37,Medium Truck,Mercedes-Benz,True,True,TERMINAL_EMBARQUE,SOJA,COMMODITIES S.A.-30640872566-222089,INGRESO
AG978PR,circuito_ambiguo,Carga/Descarga Renova > Egreso,2026-09-25 08:58:12,2026-09-25 12:23:03,Small Truck,Dongfeng,False,False,,,,
AGR963,circuito_ambiguo,Calada > Carga / Descarga OSL,2026-09-25 07:55:42,2026-09-25 10:18:25,MPV,,True,True,TERMINAL_EMBARQUE,ACEITE GIRASOL REFINADO,RENOVA S.A.-30709590894-242524,EGRESO
AGR963,circuito_ambiguo,Carga / Descarga OSL > Egreso,2026-09-30 08:24:06,2026-09-30 09:04:38,Medium Truck,Suzuki,True,True,TERMINAL_EMBARQUE,ACEITE GIRASOL REFINADO,RENOVA S.A.-30709590894-242524,EGRESO
AH020KP,circuito_ambiguo,Calada > Playa 3,2026-09-24 15:41:20,2026-09-24 16:33:57,Large Truck,Iveco,True,False,,,,
AH254AX,circuito_ambiguo,Calada > Salida 2 > Ingreso > Calada > Balanza Ingreso > Egreso,2026-09-27 15:59:02,2026-09-27 17:40:40,Medium Truck,Iveco,True,True,TERMINAL_EMBARQUE,SOJA,COMMODITIES S.A.-30640872566-222089,INGRESO
AH532DB,circuito_ambiguo,Balanza Ingreso > Carga/Descarga Renova,2026-09-30 09:51:37,2026-09-30 13:20:06,Bus,DAF,True,False,,,,
AH604YO,circuito_ambiguo,Calada > Playa 3,2026-09-24 15:44:50,2026-09-24 16:34:39,Large Truck,Iveco,True,False,,,,
AH697JG,circuito_ambiguo,Pre ingreso > Calada,2026-09-29 04:55:25,2026-09-29 08:17:07,SUV,Volkswagen,True,True,TERMINAL_EMBARQUE,SOJA,LDC ARGENTINA S.A.-30526712729-221642,INGRESO
AH933CW,circuito_ambiguo,Calada > Balanza Ingreso > Playa 3,2026-09-25 08:39:13,2026-09-25 08:55:58,Large Truck,Volkswagen,True,True,RICARDONE,GIRASOL,BUNGE ARGENTINA S.A.-30700869918-231767,INGRESO
AH948AE,circuito_ambiguo,Pre ingreso > Calada,2026-09-26 22:28:59,2026-09-26 23:39:20,Bus,Scania,True,True,TERMINAL_EMBARQUE,SOJA,COMMODITIES S.A.-30640872566-222089,INGRESO
AI251EG,circuito_ambiguo,Calada > Playa 3,2026-09-24 15:52:51,2026-09-24 16:52:23,Large Truck,Volvo,True,False,,,,
AI362IP,circuito_ambiguo,Pre ingreso > Calada,2026-09-30 23:25:04,2026-09-30 23:52:07,Sedan,Iveco,True,True,TERMINAL_EMBARQUE,SOJA,LDC ARGENTINA S.A.-30526712729-221642,INGRESO
AI404IU,circuito_ambiguo,Balanza Ingreso > Playa 3,2026-09-24 06:14:13,2026-09-24 06:19:21,Medium Truck,Mercedes-Benz,True,True,RICARDONE,GIRASOL,BUNGE ARGENTINA S.A.-30700869918-231767,INGRESO
AYB759,circuito_ambiguo,Pre ingreso > Playa 3,2026-09-26 16:05:43,2026-09-26 16:42:00,Medium Truck,Mercedes-Benz,True,True,RICARDONE,PELLETS GIRASOL,CARGILL S.A.C.I.-30506792165-220165,EGRESO
AYB759,circuito_ambiguo,Balanza Ingreso > Calada > Playa 3,2026-09-27 17:05:40,2026-09-27 18:17:55,Pickup,Mercedes-Benz,True,True,RICARDONE,SOJA,CARGILL S.A.C.I.-30506792165-220165,EGRESO
AYB759,circuito_ambiguo,Pre ingreso > Balanza Ingreso > Ingreso > Balanza Ingreso > Plataformas Volcables,2026-09-30 08:21:28,2026-09-30 13:22:24,Medium Truck,Chevrolet,True,True,RICARDONE,PELLETS GIRASOL,BUNGE ARGENTINA S.A.-30700869918-231767,EGRESO
AYM824,circuito_ambiguo,Balanza Ingreso > Ingreso,2026-09-25 02:00:57,2026-09-25 02:47:10,Medium Truck,,True,True,RICARDONE,PELLETS GIRASOL;PRODUCTOS VARIOS,;CARGILL S.A.C.I.-30506792165-220165,EGRESO
AZG422,circuito_ambiguo,Balanza Ingreso > Salida 2 > Ingreso,2026-09-25 14:22:37,2026-09-25 17:14:18,Medium Truck,Mercedes-Benz,True,True,RICARDONE,PELLETS GIRASOL;SOJA,CARGILL S.A.C.I.-30506792165-220165,EGRESO
AZG422,circuito_ambiguo,Playa 3 > Salida 2 > Ingreso > Plataformas Volcables,2026-09-29 09:13:39,2026-09-29 12:23:52,Medium Truck,Mercedes-Benz,True,True,RICARDONE,SOJA,CARGILL S.A.C.I.-30506792165-220165,EGRESO
BHL749,circuito_ambiguo,Calada > Playa 3 > Balanza Ingreso > Egreso,2026-09-24 09:26:34,2026-09-24 15:25:02,Medium Truck,Mercedes-Benz,True,True,RICARDONE;TERMINAL_EMBARQUE,PELLETS GIRASOL;SOJA,CARGILL S.A.C.I.-30506792165-220165;UNION AGRICOLA DE AVELLANEDA COOP.LTDA.-3050,EGRESO;INGRESO
BHL749,circuito_ambiguo,Ingreso > Balanza Ingreso > Balanza Ingreso,2026-09-25 08:28:52,2026-09-25 16:44:41,Pickup,,True,True,RICARDONE,SOJA,CARGILL S.A.C.I.-30506792165-220165,EGRESO
BHL749,circuito_ambiguo,Ingreso > Calada > Balanza Ingreso > Egreso,2026-09-28 07:18:25,2026-09-28 10:34:27,Medium Truck,Mercedes-Benz,True,True,RICARDONE;TERMINAL_EMBARQUE,SOJA,CARGILL S.A.C.I.-30506792165-220165,EGRESO;INGRESO
BHL749,circuito_ambiguo,Balanza Ingreso > Ingreso > Egreso,2026-09-30 08:48:45,2026-09-30 13:54:30,Medium Truck,Mercedes-Benz,True,True,RICARDONE,PELLETS GIRASOL,BUNGE ARGENTINA S.A.-30700869918-231767,EGRESO
BIL295,circuito_ambiguo,Pre ingreso > Calada,2026-09-29 16:06:55,2026-09-29 19:36:48,Large Truck,Mercedes-Benz,True,True,RICARDONE,GIRASOL,BUNGE ARGENTINA S.A.-30700869918-231767,INGRESO
BTS626,circuito_ambiguo,Balanza Ingreso > Egreso > Balanza Ingreso > Playa 3,2026-09-24 06:38:58,2026-09-24 15:06:18,Medium Truck,Scania,True,True,RICARDONE,AGUA POTABLE,VICENTIN S.A.I.C.-30500959629-223347,EGRESO
BTS626,circuito_ambiguo,Ingreso > Balanza Ingreso > Pre ingreso,2026-09-30 06:32:16,2026-09-30 08:58:42,Medium Truck,Scania,True,True,RICARDONE;TERMINAL_EMBARQUE,AGUA POTABLE,VICENTIN S.A.I.C.-30500959629-223347,EGRESO
BVS300,circuito_ambiguo,Balanza Ingreso > Plataformas Volcables > Calada,2026-09-24 01:44:08,2026-09-24 04:51:21,Large Truck,Mercedes-Benz,True,True,RICARDONE;TERMINAL_EMBARQUE,SOJA,CARGILL S.A.C.I.-30506792165-220165;UNION AGRICOLA DE AVELLANEDA COOP.LTDA.-3050,EGRESO;INGRESO
BVS300,circuito_ambiguo,Egreso > Pre ingreso > Balanza Ingreso,2026-09-24 05:31:56,2026-09-24 06:08:12,Medium Truck,Mercedes-Benz,True,True,RICARDONE;TERMINAL_EMBARQUE,SOJA,CARGILL S.A.C.I.-30506792165-220165;UNION AGRICOLA DE AVELLANEDA COOP.LTDA.-3050,EGRESO;INGRESO
BVS300,circuito_ambiguo,Pre ingreso > Balanza Ingreso > Balanza Ingreso,2026-09-24 18:15:24,2026-09-24 21:43:30,Large Truck,,True,True,RICARDONE,PELLETS GIRASOL;SOJA,CARGILL S.A.C.I.-30506792165-220165,EGRESO
BVS300,circuito_ambiguo,Calada > Balanza Ingreso > Calada,2026-09-25 13:20:57,2026-09-25 15:27:37,Medium Truck,Mercedes-Benz,True,True,RICARDONE;TERMINAL_EMBARQUE,PELLETS GIRASOL;SOJA,CARGILL S.A.C.I.-30506792165-220165,EGRESO;INGRESO
BVS300,circuito_ambiguo,Balanza Ingreso > Egreso,2026-09-26 09:06:01,2026-09-26 12:48:58,Medium Truck,Mercedes-Benz,True,True,RICARDONE,PELLETS GIRASOL;SOJA,BUNGE ARGENTINA S.A.-30700869918-231767;CARGILL S.A.C.I.-30506792165-220165,EGRESO
BVS300,circuito_ambiguo,Ingreso > Plataformas Volcables > Pre ingreso > Calada > Balanza Ingreso,2026-09-26 14:28:27,2026-09-26 16:49:04,Large Truck,Mercedes-Benz,True,True,RICARDONE,PELLETS GIRASOL;SOJA,BUNGE ARGENTINA S.A.-30700869918-231767;CARGILL S.A.C.I.-30506792165-220165,EGRESO
BVS300,circuito_ambiguo,Balanza Ingreso > Balanza Ingreso,2026-09-27 01:46:18,2026-09-27 03:12:43,Small Truck,,True,True,RICARDONE,PELLETS GIRASOL;SOJA,CARGILL S.A.C.I.-30506792165-220165,EGRESO
BVS300,circuito_ambiguo,Pre ingreso > Balanza Ingreso > Calada > Salida 2 > Ingreso > Egreso,2026-09-27 13:10:54,2026-09-27 15:19:52,Medium Truck,Mercedes-Benz,True,True,RICARDONE;TERMINAL_EMBARQUE,SOJA,CARGILL S.A.C.I.-30506792165-220165,EGRESO;INGRESO
BVS300,circuito_ambiguo,Balanza Ingreso > Playa 3 > Salida 2 > Plataformas Volcables,2026-09-28 10:44:44,2026-09-28 13:09:47,Medium Truck,Mercedes-Benz,True,True,RICARDONE;TERMINAL_EMBARQUE,SOJA,CARGILL S.A.C.I.-30506792165-220165,EGRESO;INGRESO
BVS300,circuito_ambiguo,Pre ingreso > Playa 3 > Ingreso > Balanza Ingreso > Plataformas Volcables > Egreso,2026-09-30 07:30:28,2026-09-30 11:01:19,Medium Truck,Mercedes-Benz,True,True,RICARDONE,PELLETS GIRASOL,BUNGE ARGENTINA S.A.-30700869918-231767,EGRESO
BVS300,circuito_ambiguo,Playa 3 > Balanza Ingreso > Plataformas Volcables > Egreso,2026-09-30 11:41:38,2026-09-30 16:06:59,Medium Truck,Chevrolet,True,True,RICARDONE,PELLETS GIRASOL,BUNGE ARGENTINA S.A.-30700869918-231767,EGRESO
BWV144,circuito_ambiguo,Playa 3 > Ingreso > Balanza Ingreso,2026-09-30 16:32:13,2026-09-30 18:13:51,Medium Truck,,True,True,RICARDONE,PELLETS GIRASOL,BUNGE ARGENTINA S.A.-30700869918-231767,EGRESO
BXN336,circuito_ambiguo,Pre ingreso > Calada > Balanza Ingreso > Playa 3,2026-09-28 23:01:31,2026-09-29 01:00:28,Sedan,Scania,True,True,RICARDONE,GIRASOL,CARGILL S.A.C.I.-30506792165-220165,INGRESO
BZT609,circuito_ambiguo,Pre ingreso > Calada,2026-09-28 21:07:21,2026-09-28 22:09:52,Medium Truck,Mercedes-Benz,True,True,RICARDONE,GIRASOL,BUNGE ARGENTINA S.A.-30700869918-231767,INGRESO
CAQ498,circuito_ambiguo,Egreso > Balanza Egreso,2026-09-24 08:50:24,2026-09-24 09:08:17,Small Truck,Renault,False,False,,,,
CDF727,circuito_ambiguo,Calada > Carga / Descarga OSL,2026-09-24 14:06:45,2026-09-24 16:01:23,SUV,Chevrolet,True,True,TERMINAL_EMBARQUE,ACEITE GIRASOL REFINADO,RENOVA S.A.-30709590894-242524,EGRESO
CDF727,circuito_ambiguo,Balanza Ingreso > Carga/Descarga Renova,2026-09-29 14:24:22,2026-09-29 14:27:58,Small Truck,,True,True,TERMINAL_EMBARQUE,ACEITE GIRASOL REFINADO,RENOVA S.A.-30709590894-242524,EGRESO
CFQ560,circuito_ambiguo,Calada > Playa 3 > Balanza Ingreso,2026-09-30 09:43:13,2026-09-30 14:04:22,Medium Truck,Mercedes-Benz,True,True,RICARDONE,PELLETS GIRASOL,BUNGE ARGENTINA S.A.-30700869918-231767,EGRESO
CFQ560,circuito_ambiguo,Calada > Playa 3 > Balanza Ingreso > Plataformas Volcables,2026-09-30 15:28:28,2026-09-30 20:12:54,Medium Truck,Mercedes-Benz,True,True,RICARDONE,PELLETS GIRASOL,BUNGE ARGENTINA S.A.-30700869918-231767,EGRESO
CFX295,circuito_ambiguo,Pre ingreso > Calada,2026-09-30 19:21:11,2026-09-30 20:13:19,Bus,Scania,True,True,TERMINAL_EMBARQUE,SOJA,UNION AGRICOLA DE AVELLANEDA COOP.LTDA.-30501912405-220345,INGRESO
CGS172,circuito_ambiguo,Balanza Ingreso > Playa 3 > Balanza Ingreso,2026-09-24 06:06:11,2026-09-24 10:04:05,Pickup,,True,True,RICARDONE,SOJA,CARGILL S.A.C.I.-30506792165-220165;UNION AGRICOLA DE AVELLANEDA COOP.LTDA.-3050,EGRESO
CGS172,circuito_ambiguo,Playa 3 > Ingreso > Plataformas Volcables > Egreso,2026-09-25 06:21:45,2026-09-25 12:22:36,Pickup,Chevrolet,True,True,RICARDONE,PELLETS GIRASOL;SOJA,CARGILL S.A.C.I.-30506792165-220165,EGRESO
CGS172,circuito_ambiguo,Pre ingreso > Calada > Playa 3 > Salida 2 > Ingreso > Balanza Ingreso > Plataformas Volcables,2026-09-25 12:46:11,2026-09-25 16:56:59,Medium Truck,Chevrolet,True,True,RICARDONE,PELLETS GIRASOL;SOJA,CARGILL S.A.C.I.-30506792165-220165,EGRESO
CGS172,circuito_ambiguo,Playa 3 > Plataformas Volcables > Egreso,2026-09-26 07:57:40,2026-09-26 10:33:14,Medium Truck,Chevrolet,True,True,RICARDONE,PELLETS GIRASOL,BUNGE ARGENTINA S.A.-30700869918-231767;CARGILL S.A.C.I.-30506792165-220165,EGRESO
CGS172,circuito_ambiguo,Pre ingreso > Calada > Balanza Ingreso > Calada > Salida 2 > Ingreso > Balanza Ingreso,2026-09-27 05:44:46,2026-09-27 12:05:29,Pickup,Chevrolet,True,True,RICARDONE,SOJA,CARGILL S.A.C.I.-30506792165-220165,EGRESO
CGS172,circuito_ambiguo,Playa 3 > Calada > Salida 2 > Ingreso > Balanza Ingreso > Egreso,2026-09-27 13:11:27,2026-09-27 14:53:54,SUV,Chevrolet,True,True,RICARDONE,SOJA,CARGILL S.A.C.I.-30506792165-220165,EGRESO
CGS172,circuito_ambiguo,Calada > Playa 3 > Salida 2 > Ingreso > Balanza Ingreso > Plataformas Volcables,2026-09-28 05:37:03,2026-09-28 10:32:54,Medium Truck,Chevrolet,True,True,RICARDONE,SOJA,CARGILL S.A.C.I.-30506792165-220165,EGRESO
CGS172,circuito_ambiguo,Balanza Ingreso > Ingreso > Plataformas Volcables > Egreso,2026-09-30 08:15:26,2026-09-30 12:42:19,Medium Truck,Mercedes-Benz,True,True,RICARDONE,PELLETS GIRASOL,BUNGE ARGENTINA S.A.-30700869918-231767,EGRESO
CGV979,circuito_ambiguo,Balanza Ingreso > Balanza Ingreso,2026-09-24 09:45:47,2026-09-24 10:35:03,Medium Truck,Iveco,True,True,RICARDONE,PELLETS GIRASOL;SOJA,CARGILL S.A.C.I.-30506792165-220165;UNION AGRICOLA DE AVELLANEDA COOP.LTDA.-3050,EGRESO
CGV979,circuito_ambiguo,Balanza Ingreso > Balanza Ingreso,2026-09-24 11:41:13,2026-09-24 17:08:59,Medium Truck,Iveco,True,True,RICARDONE,PELLETS GIRASOL;SOJA,CARGILL S.A.C.I.-30506792165-220165;UNION AGRICOLA DE AVELLANEDA COOP.LTDA.-3050,EGRESO
CGV979,circuito_ambiguo,Egreso > Pre ingreso > Balanza Ingreso,2026-09-25 11:43:19,2026-09-25 13:59:54,Medium Truck,Iveco,True,True,RICARDONE,PELLETS GIRASOL;SOJA,CARGILL S.A.C.I.-30506792165-220165,EGRESO
CGV979,circuito_ambiguo,Pre ingreso > Calada > Balanza Ingreso > Playa 3,2026-09-25 17:39:21,2026-09-25 17:52:13,Medium Truck,Iveco,True,True,RICARDONE,SOJA,CARGILL S.A.C.I.-30506792165-220165,EGRESO
CGV979,circuito_ambiguo,Calada > Balanza Ingreso > Playa 3 > Ingreso > Egreso,2026-09-26 08:54:54,2026-09-26 12:33:33,Medium Truck,Iveco,True,True,RICARDONE,PELLETS GIRASOL;SOJA,BUNGE ARGENTINA S.A.-30700869918-231767;CARGILL S.A.C.I.-30506792165-220165,EGRESO
CGV979,circuito_ambiguo,Pre ingreso > Calada > Balanza Ingreso > Ingreso,2026-09-26 16:26:20,2026-09-26 18:07:12,Medium Truck,Iveco,True,True,RICARDONE,PELLETS GIRASOL;SOJA,BUNGE ARGENTINA S.A.-30700869918-231767;CARGILL S.A.C.I.-30506792165-220165,EGRESO
CGV979,circuito_ambiguo,Pre ingreso > Balanza Ingreso > Salida 2 > Plataformas Volcables,2026-09-27 13:51:52,2026-09-27 18:17:39,Medium Truck,Iveco,True,True,RICARDONE;TERMINAL_EMBARQUE,SOJA,CARGILL S.A.C.I.-30506792165-220165,EGRESO;INGRESO
CGV979,circuito_ambiguo,Playa 3 > Ingreso > Balanza Ingreso,2026-09-28 11:36:30,2026-09-28 14:47:29,Medium Truck,Iveco,True,True,RICARDONE,SOJA,CARGILL S.A.C.I.-30506792165-220165,EGRESO
CKQ212,circuito_ambiguo,Pre ingreso > Calada > Balanza Ingreso,2026-09-25 16:32:37,2026-09-25 16:47:42,Pickup,,True,True,RICARDONE,SOJA,CARGILL S.A.C.I.-30506792165-220165,EGRESO
CKQ212,circuito_ambiguo,Pre ingreso > Balanza Ingreso > Playa 3 > Ingreso > Plataformas Volcables,2026-09-26 07:35:31,2026-09-26 10:45:02,Medium Truck,Chevrolet,True,True,RICARDONE,PELLETS GIRASOL;SOJA,BUNGE ARGENTINA S.A.-30700869918-231767;CARGILL S.A.C.I.-30506792165-220165,EGRESO
CKQ212,circuito_ambiguo,Pre ingreso > Balanza Ingreso > Salida 2 > Ingreso > Balanza Ingreso,2026-09-28 09:33:39,2026-09-28 17:02:12,Bus,Chevrolet,True,True,RICARDONE,SOJA,CARGILL S.A.C.I.-30506792165-220165,EGRESO
CKQ212,circuito_ambiguo,Balanza Ingreso > Ingreso > Egreso,2026-09-30 08:05:24,2026-09-30 12:20:26,SUV,,True,True,RICARDONE,PELLETS GIRASOL,BUNGE ARGENTINA S.A.-30700869918-231767,EGRESO
CKQ212,circuito_ambiguo,Pre ingreso > Balanza Ingreso,2026-09-30 17:50:04,2026-09-30 17:59:39,Medium Truck,Chevrolet,True,True,RICARDONE,PELLETS GIRASOL,BUNGE ARGENTINA S.A.-30700869918-231767,EGRESO
CMU578,circuito_ambiguo,Pre ingreso > Calada,2026-09-28 19:39:21,2026-09-28 20:22:36,Medium Truck,Mercedes-Benz,True,True,RICARDONE,GIRASOL,BUNGE ARGENTINA S.A.-30700869918-231767,INGRESO
CNG506,circuito_ambiguo,Pre ingreso > Calada > Carga/descarga,2026-09-29 16:01:09,2026-09-29 22:08:31,Medium Truck,Mercedes-Benz,True,True,TERMINAL_EMBARQUE,ACEITE GIRASOL PARA REFINAR,BUNGE ARGENTINA S.A.-30700869918-231767,INGRESO
CNG506,circuito_ambiguo,Calada > Ingreso > Balanza Ingreso > Carga/descarga,2026-09-30 09:02:33,2026-09-30 13:52:18,Medium Truck,Mercedes-Benz,True,True,TERMINAL_EMBARQUE,ACEITE GIRASOL PARA REFINAR,BUNGE ARGENTINA S.A.-30700869918-231767,INGRESO
COD587,circuito_ambiguo,Pre ingreso > Calada,2026-09-28 23:43:10,2026-09-29 01:27:05,Medium Truck,Scania,False,False,,,,
CQF701,circuito_ambiguo,Calada > Playa 3,2026-09-29 13:30:08,2026-09-29 13:56:15,Medium Truck,Chevrolet,True,True,RICARDONE,GIRASOL,BUNGE ARGENTINA S.A.-30700869918-231767,INGRESO
CRJ139,circuito_ambiguo,Playa 3 > Calada > Salida 2 > Ingreso > Balanza Ingreso,2026-09-24 11:29:58,2026-09-24 16:48:41,Medium Truck,Scania,True,True,RICARDONE,SOJA,CARGILL S.A.C.I.-30506792165-220165,EGRESO
CRJ139,circuito_ambiguo,Playa 3 > Calada > Salida 2 > Ingreso > Balanza Ingreso > Egreso,2026-09-25 14:46:37,2026-09-25 18:09:30,Large Truck,Scania,True,True,RICARDONE,SOJA,CARGILL S.A.C.I.-30506792165-220165,EGRESO
CRJ139,circuito_ambiguo,Calada > Balanza Ingreso > Playa 3 > Calada > Ingreso > Balanza Ingreso > Egreso,2026-09-25 23:58:29,2026-09-26 03:54:25,Medium Truck,Scania,True,True,RICARDONE,PELLETS GIRASOL;SOJA,BUNGE ARGENTINA S.A.-30700869918-231767;CARGILL S.A.C.I.-30506792165-220165,EGRESO
CRJ139,circuito_ambiguo,Pre ingreso > Calada > Balanza Ingreso > Playa 3 > Ingreso > Egreso,2026-09-26 04:03:29,2026-09-26 08:23:51,Medium Truck,Scania,True,True,RICARDONE,PELLETS GIRASOL;SOJA,BUNGE ARGENTINA S.A.-30700869918-231767;CARGILL S.A.C.I.-30506792165-220165,EGRESO
CRJ139,circuito_ambiguo,Pre ingreso > Playa 3 > Ingreso > Balanza Ingreso > Egreso,2026-09-26 08:35:19,2026-09-26 11:56:59,Medium Truck,Scania,True,True,RICARDONE,PELLETS GIRASOL;SOJA,BUNGE ARGENTINA S.A.-30700869918-231767;CARGILL S.A.C.I.-30506792165-220165,EGRESO
CRJ139,circuito_ambiguo,Pre ingreso > Calada > Playa 3 > Ingreso > Balanza Ingreso,2026-09-26 12:07:50,2026-09-26 14:13:20,Medium Truck,Scania,True,True,RICARDONE,PELLETS GIRASOL,BUNGE ARGENTINA S.A.-30700869918-231767;CARGILL S.A.C.I.-30506792165-220165,EGRESO
CRJ139,circuito_ambiguo,Pre ingreso > Balanza Ingreso > Ingreso,2026-09-26 15:58:34,2026-09-26 17:15:55,Medium Truck,Scania,True,True,RICARDONE,PELLETS GIRASOL,BUNGE ARGENTINA S.A.-30700869918-231767;CARGILL S.A.C.I.-30506792165-220165,EGRESO
CRJ139,circuito_ambiguo,Playa 3 > Ingreso > Balanza Ingreso,2026-09-30 12:49:33,2026-09-30 16:39:45,Medium Truck,Scania,True,True,RICARDONE,PELLETS GIRASOL,BUNGE ARGENTINA S.A.-30700869918-231767,EGRESO
CRJ139,circuito_ambiguo,Pre ingreso > Calada > Playa 3 > Egreso,2026-09-30 17:43:09,2026-09-30 23:40:27,Medium Truck,Scania,True,True,RICARDONE,PELLETS GIRASOL,BUNGE ARGENTINA S.A.-30700869918-231767,EGRESO
CSB958,circuito_ambiguo,Pre ingreso > Calada > Salida 2 > Ingreso > Balanza Ingreso > Carga/descarga,2026-09-28 15:56:20,2026-09-29 01:46:23,Medium Truck,Jeep,True,True,TERMINAL_EMBARQUE,ACEITE GIRASOL PARA REFINAR,BUNGE ARGENTINA S.A.-30700869918-231767,INGRESO
CTA045,circuito_ambiguo,Balanza Ingreso > Calada > Ingreso > Balanza Ingreso > Egreso,2026-09-26 10:57:40,2026-09-26 14:38:43,Medium Truck,Mercedes-Benz,True,True,RICARDONE,PELLETS GIRASOL;PRODUCTOS VARIOS,;BUNGE ARGENTINA S.A.-30700869918-231767;CARGILL S.A.C.I.-30506792165-220165,EGRESO
DFP716,circuito_ambiguo,Pre ingreso > Playa 3 > Salida 2 > Egreso,2026-09-24 03:23:30,2026-09-24 08:43:50,Medium Truck,Ford,True,True,RICARDONE;TERMINAL_EMBARQUE,PELLETS GIRASOL;SOJA,CARGILL S.A.C.I.-30506792165-220165;UNION AGRICOLA DE AVELLANEDA COOP.LTDA.-3050,EGRESO;INGRESO
DFP716,circuito_ambiguo,Pre ingreso > Balanza Ingreso,2026-09-25 05:20:57,2026-09-25 05:28:59,Large Truck,Ford,True,True,RICARDONE,PELLETS GIRASOL;SOJA,CARGILL S.A.C.I.-30506792165-220165,EGRESO
DFP716,circuito_ambiguo,Pre ingreso > Calada > Playa 3 > Ingreso > Plataformas Volcables,2026-09-28 02:18:19,2026-09-28 11:02:27,Medium Truck,Mercedes-Benz,True,True,RICARDONE;TERMINAL_EMBARQUE,SOJA,CARGILL S.A.C.I.-30506792165-220165,EGRESO;INGRESO
DFP716,circuito_ambiguo,Playa 3 > Salida 2 > Ingreso,2026-09-28 11:44:02,2026-09-28 15:08:04,Medium Truck,Ford,True,True,RICARDONE,SOJA,CARGILL S.A.C.I.-30506792165-220165,EGRESO
DFP716,circuito_ambiguo,Balanza Ingreso > Calada > Salida 2,2026-09-29 08:47:22,2026-09-29 11:15:27,Medium Truck,Ford,True,True,RICARDONE,SOJA,CARGILL S.A.C.I.-30506792165-220165,EGRESO
DFP716,circuito_ambiguo,Calada > Playa 3 > Ingreso > Balanza Ingreso > Egreso,2026-09-30 16:29:01,2026-09-30 21:45:43,Medium Truck,Ford,True,True,RICARDONE,PELLETS GIRASOL,BUNGE ARGENTINA S.A.-30700869918-231767,EGRESO
DGR440,circuito_ambiguo,Egreso > Calada,2026-09-24 11:21:16,2026-09-24 15:37:19,Large Truck,Mercedes-Benz,True,True,RICARDONE,SOJA,CARGILL S.A.C.I.-30506792165-220165;UNION AGRICOLA DE AVELLANEDA COOP.LTDA.-3050,EGRESO
DGR440,circuito_ambiguo,Playa 3 > Ingreso > Egreso,2026-09-25 07:46:18,2026-09-25 13:56:28,Large Truck,Mercedes-Benz,True,True,RICARDONE,PELLETS GIRASOL;SOJA,CARGILL S.A.C.I.-30506792165-220165,EGRESO
DGR440,circuito_ambiguo,Calada > Playa 3 > Calada > Salida 2 > Ingreso > Balanza Ingreso,2026-09-27 15:37:05,2026-09-27 18:27:03,Medium Truck,Mercedes-Benz,True,True,RICARDONE;TERMINAL_EMBARQUE,SOJA,CARGILL S.A.C.I.-30506792165-220165,EGRESO;INGRESO
DIH255,circuito_ambiguo,Balanza Ingreso > Ingreso > Plataformas Volcables > Egreso,2026-09-25 07:20:15,2026-09-25 12:52:40,Medium Truck,Ford,True,True,RICARDONE,PELLETS GIRASOL;SOJA,CARGILL S.A.C.I.-30506792165-220165,EGRESO
DIH255,circuito_ambiguo,Tolva de carga silo Chief > Calada,2026-09-25 15:04:29,2026-09-25 15:30:54,Medium Truck,Chevrolet,True,True,RICARDONE,PELLETS GIRASOL;SOJA,CARGILL S.A.C.I.-30506792165-220165,EGRESO
DPI309,circuito_ambiguo,Pre ingreso > Calada > Playa 3,2026-09-26 00:24:36,2026-09-26 03:13:15,Large Truck,Dongfeng,True,True,RICARDONE,GIRASOL,CARGILL S.A.C.I.-30506792165-220165,INGRESO
DTG181,circuito_ambiguo,Calada > Playa 3,2026-09-30 18:25:53,2026-09-30 18:37:09,Pickup,Peugeot,True,True,RICARDONE,PELLETS GIRASOL,BUNGE ARGENTINA S.A.-30700869918-231767,EGRESO
EAA743,circuito_ambiguo,Calada > Balanza Ingreso,2026-09-30 13:57:13,2026-09-30 14:09:05,Medium Truck,Mercedes-Benz,True,True,RICARDONE,GIRASOL,BUNGE ARGENTINA S.A.-30700869918-231767,INGRESO
EAO104,circuito_ambiguo,Calada > Balanza Ingreso,2026-09-24 17:33:41,2026-09-24 17:53:16,Medium Truck,Mercedes-Benz,True,True,RENOPACK;TERMINAL_EMBARQUE,ACEITE GIRASOL REFINADO,COMMODITIES S.A.-30640872566-222089;RENOVA S.A.-30709590894-242524,EGRESO;INGRESO
EAO104,circuito_ambiguo,Ingreso > Carga / Descarga OSL > Calada,2026-09-25 09:57:51,2026-09-25 15:13:36,Large Truck,Mercedes-Benz,True,True,RENOPACK;TERMINAL_EMBARQUE,ACEITE GIRASOL REFINADO,COMMODITIES S.A.-30640872566-222089;RENOVA S.A.-30709590894-242524,EGRESO;INGRESO
EAO104,circuito_ambiguo,Ingreso > Calada,2026-09-28 07:26:36,2026-09-28 07:34:29,Medium Truck,Mercedes-Benz,True,True,RENOPACK;TERMINAL_EMBARQUE,ACEITE GIRASOL REFINADO,COMMODITIES S.A.-30640872566-222089;RENOVA S.A.-30709590894-242524,EGRESO;INGRESO
EAO104,circuito_ambiguo,Ingreso > Calada > Balanza Ingreso > Carga / Descarga OSL,2026-09-29 12:05:45,2026-09-29 13:40:28,Medium Truck,Mercedes-Benz,True,True,RENOPACK;TERMINAL_EMBARQUE,ACEITE GIRASOL REFINADO,COMMODITIES S.A.-30640872566-222089;RENOVA S.A.-30709590894-242524,EGRESO;INGRESO
EBE978,circuito_ambiguo,Calada > Balanza Ingreso > Plataformas Volcables,2026-09-28 10:04:47,2026-09-28 14:56:42,Medium Truck,Ford,True,True,TERMINAL_EMBARQUE,SOJA,LDC ARGENTINA S.A.-30526712729-221642,INGRESO
EBO971,circuito_ambiguo,Pre ingreso > Calada,2026-09-28 20:08:10,2026-09-28 23:41:38,Medium Truck,Renault,True,True,RICARDONE,SOJA,CARGILL S.A.C.I.-30506792165-220165,EGRESO
EBO971,circuito_ambiguo,Calada > Playa 3 > Ingreso,2026-09-30 09:14:35,2026-09-30 10:49:58,Medium Truck,Iveco,True,True,RICARDONE,PELLETS GIRASOL,BUNGE ARGENTINA S.A.-30700869918-231767,EGRESO
EBO971,circuito_ambiguo,Pre ingreso > Balanza Ingreso > Playa 3 > Ingreso > Plataformas Volcables > Egreso,2026-09-30 14:59:42,2026-09-30 20:54:20,Medium Truck,Iveco,True,True,RICARDONE,PELLETS GIRASOL,BUNGE ARGENTINA S.A.-30700869918-231767,EGRESO
ECN609,circuito_ambiguo,Pre ingreso > Calada > Balanza Ingreso,2026-09-29 08:57:29,2026-09-29 10:19:52,Medium Truck,Iveco,True,True,RICARDONE,GIRASOL,CARGILL S.A.C.I.-30506792165-220165,INGRESO
ECX249,circuito_ambiguo,Pre ingreso > Balanza Ingreso > Plataformas Volcables > Egreso,2026-09-25 04:31:36,2026-09-25 10:22:24,Large Truck,Volkswagen,True,True,RICARDONE,PELLETS GIRASOL,CARGILL S.A.C.I.-30506792165-220165,EGRESO
ECX249,circuito_ambiguo,Pre ingreso > Calada,2026-09-26 02:32:41,2026-09-26 02:38:08,Medium Truck,Volkswagen,True,True,RICARDONE,SOJA,CARGILL S.A.C.I.-30506792165-220165,EGRESO
EDO876,circuito_ambiguo,Playa 3 > Ingreso,2026-09-24 20:18:18,2026-09-25 00:35:03,Large Truck,Iveco,False,False,,,,
EDQ876,circuito_ambiguo,Balanza Ingreso > Egreso > Pre ingreso > Balanza Ingreso,2026-09-24 04:24:42,2026-09-24 04:58:40,Large Truck,Iveco,True,True,RICARDONE;TERMINAL_EMBARQUE,SOJA,CARGILL S.A.C.I.-30506792165-220165;UNION AGRICOLA DE AVELLANEDA COOP.LTDA.-3050,EGRESO;INGRESO
EDQ876,circuito_ambiguo,Balanza Ingreso > Calada > Balanza Ingreso > Playa 3,2026-09-25 13:11:47,2026-09-25 15:47:04,Medium Truck,Iveco,True,True,RICARDONE,PELLETS GIRASOL;SOJA,CARGILL S.A.C.I.-30506792165-220165,EGRESO
EDQ876,circuito_ambiguo,Balanza Ingreso > Egreso > Pre ingreso,2026-09-25 19:58:28,2026-09-25 20:51:55,Medium Truck,Iveco,True,True,RICARDONE,PELLETS GIRASOL;SOJA,CARGILL S.A.C.I.-30506792165-220165,EGRESO
EEW075,circuito_ambiguo,Pre ingreso > Calada,2026-09-24 05:48:16,2026-09-24 10:18:29,Medium Truck,Toyota,True,True,RICARDONE;TERMINAL_EMBARQUE,PELLETS GIRASOL;SOJA,CARGILL S.A.C.I.-30506792165-220165;UNION AGRICOLA DE AVELLANEDA COOP.LTDA.-3050,EGRESO;INGRESO
EEW075,circuito_ambiguo,Playa 3 > Balanza Ingreso,2026-09-25 04:34:46,2026-09-25 09:22:49,Medium Truck,Tata Motors,True,True,RICARDONE;TERMINAL_EMBARQUE,PELLETS GIRASOL;SOJA,CARGILL S.A.C.I.-30506792165-220165,EGRESO;INGRESO
EEW075,circuito_ambiguo,Playa 3 > Balanza Ingreso,2026-09-26 07:30:51,2026-09-26 08:17:34,Large Truck,Mercedes-Benz,True,True,RICARDONE,PELLETS GIRASOL;SOJA,BUNGE ARGENTINA S.A.-30700869918-231767;CARGILL S.A.C.I.-30506792165-220165,EGRESO
EEW075,circuito_ambiguo,Balanza Ingreso > Calada > Balanza Ingreso,2026-09-28 10:54:22,2026-09-28 13:08:05,Medium Truck,Mercedes-Benz,True,True,RICARDONE;TERMINAL_EMBARQUE,SOJA,CARGILL S.A.C.I.-30506792165-220165,EGRESO;INGRESO
EEW075,circuito_ambiguo,Ingreso > Balanza Ingreso > Plataformas Volcables > Pre ingreso > Calada,2026-09-28 19:41:43,2026-09-28 23:26:32,Medium Truck,Mercedes-Benz,True,True,RICARDONE,SOJA,CARGILL S.A.C.I.-30506792165-220165,EGRESO
EEW075,circuito_ambiguo,Ingreso > Balanza Ingreso > Pre ingreso > Calada,2026-09-28 23:43:38,2026-09-29 02:56:43,Medium Truck,Mercedes-Benz,True,True,RICARDONE,SOJA,CARGILL S.A.C.I.-30506792165-220165,EGRESO
EEW075,circuito_ambiguo,Plataformas Volcables > Pre ingreso > Playa 3,2026-09-29 05:13:57,2026-09-29 05:38:37,Small Truck,Mercedes-Benz,True,True,RICARDONE,SOJA,CARGILL S.A.C.I.-30506792165-220165,EGRESO
EEW075,circuito_ambiguo,Playa 3 > Balanza Ingreso,2026-09-30 07:57:16,2026-09-30 10:29:49,Large Truck,Mercedes-Benz,True,True,RICARDONE,PELLETS GIRASOL,BUNGE ARGENTINA S.A.-30700869918-231767,EGRESO
EEW075,circuito_ambiguo,Playa 3 > Balanza Ingreso > Plataformas Volcables,2026-09-30 17:10:39,2026-09-30 22:28:05,Large Truck,Mercedes-Benz,True,True,RICARDONE,PELLETS GIRASOL,BUNGE ARGENTINA S.A.-30700869918-231767,EGRESO
EEW075,circuito_ambiguo,Pre ingreso > Calada,2026-09-30 22:50:48,2026-09-30 22:55:20,Medium Truck,Mercedes-Benz,True,True,RICARDONE,PELLETS GIRASOL,BUNGE ARGENTINA S.A.-30700869918-231767,EGRESO
EGV380,circuito_ambiguo,Calada > Balanza Ingreso > Carga / Descarga OSL > Egreso,2026-09-24 08:25:04,2026-09-24 12:02:21,Medium Truck,Ford,True,True,TERMINAL_EMBARQUE,ACEITE GIRASOL REFINADO,RENOVA S.A.-30709590894-242524,EGRESO
EGV380,circuito_ambiguo,Ingreso > Calada > Balanza Ingreso,2026-09-28 16:44:04,2026-09-28 17:46:12,Medium Truck,Ford,True,True,TERMINAL_EMBARQUE,ACEITE GIRASOL REFINADO,RENOVA S.A.-30709590894-242524,EGRESO
EGV380,circuito_ambiguo,Balanza Ingreso > Carga / Descarga OSL > Egreso,2026-09-29 12:12:00,2026-09-29 16:16:11,Van,Ford,True,True,TERMINAL_EMBARQUE,ACEITE GIRASOL REFINADO,RENOVA S.A.-30709590894-242524,EGRESO
EGV380,circuito_ambiguo,Calada > Balanza Ingreso > Carga / Descarga OSL > Egreso,2026-09-30 08:15:42,2026-09-30 13:02:49,Medium Truck,Ford,True,True,TERMINAL_EMBARQUE,ACEITE GIRASOL REFINADO,RENOVA S.A.-30709590894-242524,EGRESO
EMM462,circuito_ambiguo,Pre ingreso > Calada,2026-09-28 21:18:28,2026-09-28 21:48:49,Bus,,True,True,TERMINAL_EMBARQUE,ACEITE GIRASOL PARA REFINAR,BUNGE ARGENTINA S.A.-30700869918-231767,INGRESO
EMM462,circuito_ambiguo,Ingreso > Carga/descarga > Egreso,2026-09-29 16:13:07,2026-09-29 21:30:03,Medium Truck,Renault,True,False,,,,
ENW015,circuito_ambiguo,Calada > Playa 3 > Calada > Salida 2,2026-09-30 12:31:45,2026-09-30 14:27:23,Medium Truck,Dongfeng,True,True,RICARDONE,PRODUCTOS VARIOS,,EGRESO
EPC180,circuito_ambiguo,Pre ingreso > Calada,2026-09-30 14:39:41,2026-09-30 16:49:47,Medium Truck,Mercedes-Benz,True,False,,,,
EPH797,circuito_ambiguo,Ingreso > Balanza Ingreso > Carga/Descarga Renova > Egreso,2026-09-28 08:14:27,2026-09-28 08:55:37,Large Truck,Dongfeng,True,True,TERMINAL_EMBARQUE,SAL GLICERINOSA;TIERRA DESC FILTROS,RENOVA SA.-30709590894-209319,DESPACHO;EGRESO
EPH797,circuito_ambiguo,Carga/Descarga Renova > Egreso,2026-09-28 10:12:21,2026-09-28 10:35:54,Large Truck,Dongfeng,True,True,TERMINAL_EMBARQUE,SAL GLICERINOSA;TIERRA DESC FILTROS,RENOVA SA.-30709590894-209319,DESPACHO;EGRESO
EPH797,circuito_ambiguo,Ingreso > Balanza Ingreso > Carga/Descarga Renova > Egreso,2026-09-28 11:38:06,2026-09-28 12:13:45,Medium Truck,Hino,True,True,TERMINAL_EMBARQUE,SAL GLICERINOSA;TIERRA DESC FILTROS,RENOVA SA.-30709590894-209319,DESPACHO;EGRESO
EPH797,circuito_ambiguo,Balanza Ingreso > Carga/Descarga Renova > Egreso,2026-09-28 13:12:42,2026-09-28 13:43:36,Large Truck,Opel,True,True,TERMINAL_EMBARQUE,SAL GLICERINOSA;TIERRA DESC FILTROS,RENOVA SA.-30709590894-209319,DESPACHO;EGRESO
EPH797,circuito_ambiguo,Ingreso > Carga/Descarga Renova > Egreso,2026-09-29 07:35:31,2026-09-29 08:59:25,Large Truck,Volkswagen,True,True,TERMINAL_EMBARQUE,SAL GLICERINOSA,RENOVA SA.-30709590894-209319,EGRESO
EVD342,circuito_ambiguo,Calada > Plataformas Volcables,2026-09-30 06:26:07,2026-09-30 09:53:09,Large Truck,Volkswagen,True,True,TERMINAL_EMBARQUE,ACEITE GIRASOL REFINADO,RENOVA S.A.-30709590894-242524,EGRESO
EVL273,circuito_ambiguo,Plataformas Volcables > Egreso > Calada,2026-09-25 16:11:42,2026-09-25 20:53:03,Large Truck,Mercedes-Benz,True,True,RICARDONE,PELLETS GIRASOL;SOJA,CARGILL S.A.C.I.-30506792165-220165,EGRESO
EVL273,circuito_ambiguo,Ingreso > Balanza Ingreso > Plataformas Volcables > Calada,2026-09-25 21:10:44,2026-09-25 22:33:53,Small Truck,Mercedes-Benz,True,True,RICARDONE,SOJA,CARGILL S.A.C.I.-30506792165-220165,EGRESO
EVL273,circuito_ambiguo,Playa 3 > Calada > Salida 2 > Egreso,2026-09-27 08:44:27,2026-09-27 13:38:28,Medium Truck,Mercedes-Benz,True,True,RICARDONE,SOJA,CARGILL S.A.C.I.-30506792165-220165,EGRESO
EVL273,circuito_ambiguo,Balanza Ingreso > Balanza Egreso > Egreso > Playa 3,2026-09-28 10:23:04,2026-09-28 11:35:33,Medium Truck,Mercedes-Benz,True,True,RICARDONE,SOJA,CARGILL S.A.C.I.-30506792165-220165,EGRESO
EVL273,circuito_ambiguo,Ingreso > Egreso > Balanza Ingreso > Playa 3,2026-09-29 04:51:33,2026-09-29 07:26:13,Medium Truck,Mercedes-Benz,True,True,RICARDONE,SOJA,CARGILL S.A.C.I.-30506792165-220165,EGRESO
EVL273,circuito_ambiguo,Balanza Ingreso > Calada > Salida 2,2026-09-29 08:32:26,2026-09-29 12:26:25,Medium Truck,Mercedes-Benz,True,True,RICARDONE,SOJA,CARGILL S.A.C.I.-30506792165-220165,EGRESO
EVL273,circuito_ambiguo,Playa 3 > Ingreso > Balanza Ingreso > Egreso,2026-09-29 12:54:16,2026-09-29 14:44:20,Medium Truck,Mercedes-Benz,True,True,RICARDONE,SOJA,CARGILL S.A.C.I.-30506792165-220165,EGRESO
EWX794,circuito_ambiguo,Calada > Balanza Ingreso,2026-09-25 09:07:24,2026-09-25 11:00:05,Medium Truck,Ford,True,True,RICARDONE,CHATARRA,RECICLEMAX SA-30710434561-203386,EGRESO
EYH843,circuito_ambiguo,Plataformas Volcables > Pre ingreso,2026-09-24 17:16:19,2026-09-24 18:19:25,Large Truck,Volkswagen,True,True,RICARDONE,PELLETS GIRASOL;SOJA,CARGILL S.A.C.I.-30506792165-220165,EGRESO
EYH843,circuito_ambiguo,Plataformas Volcables > Egreso > Calada,2026-09-25 10:17:01,2026-09-25 10:53:54,Medium Truck,Volkswagen,True,True,RICARDONE,PELLETS GIRASOL;SOJA,CARGILL S.A.C.I.-30506792165-220165,EGRESO
EYH843,circuito_ambiguo,Calada > Balanza Ingreso > Plataformas Volcables > Egreso > Calada,2026-09-25 14:03:22,2026-09-25 19:55:32,Large Truck,Volkswagen,True,True,RICARDONE,PELLETS GIRASOL;SOJA,BUNGE ARGENTINA S.A.-30700869918-231767;CARGILL S.A.C.I.-30506792165-220165,EGRESO
EYH843,circuito_ambiguo,Ingreso > Balanza Ingreso > Calada,2026-09-26 15:48:22,2026-09-26 23:51:12,Medium Truck,Volkswagen,True,True,RICARDONE,PELLETS GIRASOL;SOJA,BUNGE ARGENTINA S.A.-30700869918-231767;CARGILL S.A.C.I.-30506792165-220165,EGRESO
EYH843,circuito_ambiguo,Tolva de carga silo Chief > Calada > Salida 2,2026-09-27 02:12:31,2026-09-27 02:38:29,Medium Truck,Volkswagen,True,True,RICARDONE,PELLETS GIRASOL;SOJA,CARGILL S.A.C.I.-30506792165-220165,EGRESO
EYH843,circuito_ambiguo,Calada > Balanza Ingreso > Calada > Egreso,2026-09-27 20:40:23,2026-09-28 02:17:12,Large Truck,Volkswagen,True,True,RICARDONE;TERMINAL_EMBARQUE,SOJA,CARGILL S.A.C.I.-30506792165-220165,EGRESO;INGRESO
EYH843,circuito_ambiguo,Balanza Ingreso > Playa 3 > Salida 2 > Ingreso > Balanza Ingreso > Plataformas Volcables,2026-09-28 12:04:04,2026-09-28 16:57:25,Medium Truck,Volkswagen,True,True,RICARDONE,SOJA,CARGILL S.A.C.I.-30506792165-220165,EGRESO
EYH843,circuito_ambiguo,Balanza Ingreso > Calada > Ingreso > Balanza Ingreso,2026-09-28 23:06:28,2026-09-29 02:39:03,Medium Truck,Volkswagen,True,True,RICARDONE,SOJA,CARGILL S.A.C.I.-30506792165-220165,EGRESO
EYH843,circuito_ambiguo,Balanza Ingreso > Calada > Ingreso,2026-09-29 04:12:46,2026-09-29 04:59:37,Large Truck,Volkswagen,True,True,RICARDONE,SOJA,CARGILL S.A.C.I.-30506792165-220165,EGRESO
EYH843,circuito_ambiguo,Balanza Ingreso > Plataformas Volcables > Egreso > Calada,2026-09-30 17:05:18,2026-09-30 19:37:01,Medium Truck,Volkswagen,True,True,RICARDONE,PELLETS GIRASOL,BUNGE ARGENTINA S.A.-30700869918-231767,EGRESO
FAZ387,circuito_ambiguo,Pre ingreso > Calada > Ingreso > Calada > Balanza Ingreso,2026-09-25 22:40:00,2026-09-26 00:38:33,Medium Truck,Volkswagen,True,True,TERMINAL_EMBARQUE,SOJA,COMMODITIES S.A.-30640872566-222089,INGRESO
FDH917,circuito_ambiguo,Egreso > Balanza Ingreso,2026-09-25 09:39:38,2026-09-25 15:31:13,Medium Truck,Ford,True,True,RICARDONE,PELLETS GIRASOL;SOJA,CARGILL S.A.C.I.-30506792165-220165,EGRESO
FDH917,circuito_ambiguo,Egreso > Calada,2026-09-25 20:00:59,2026-09-25 20:29:15,Van,Ford,True,True,RICARDONE,PELLETS GIRASOL;SOJA,CARGILL S.A.C.I.-30506792165-220165,EGRESO
FDH917,circuito_ambiguo,Calada > Balanza Ingreso > Playa 3 > Egreso,2026-09-26 09:25:08,2026-09-26 13:27:58,Van,Ford,True,True,RICARDONE,PELLETS GIRASOL;SOJA,BUNGE ARGENTINA S.A.-30700869918-231767;CARGILL S.A.C.I.-30506792165-220165,EGRESO
FDH917,circuito_ambiguo,Balanza Ingreso > Plataformas Volcables,2026-09-26 13:55:23,2026-09-26 16:59:42,Medium Truck,Ford,True,True,RICARDONE,PELLETS GIRASOL;SOJA,BUNGE ARGENTINA S.A.-30700869918-231767;CARGILL S.A.C.I.-30506792165-220165,EGRESO
FDH917,circuito_ambiguo,Playa 3 > Calada > Salida 2 > Balanza Ingreso > Egreso,2026-09-28 10:42:37,2026-09-28 13:05:07,Medium Truck,Ford,True,True,RICARDONE;TERMINAL_EMBARQUE,SOJA,CARGILL S.A.C.I.-30506792165-220165,EGRESO;INGRESO
FDH917,circuito_ambiguo,Ingreso > Calada,2026-09-30 10:12:58,2026-09-30 13:31:51,Medium Truck,Ford,True,True,RICARDONE,PELLETS GIRASOL,BUNGE ARGENTINA S.A.-30700869918-231767,EGRESO
FEA642,circuito_ambiguo,Ingreso > Calada > Balanza Ingreso,2026-09-24 19:58:14,2026-09-24 20:36:21,Sedan,Mercedes-Benz,True,True,TERMINAL_EMBARQUE,ACEITE GIRASOL REFINADO,RENOVA S.A.-30709590894-242524,EGRESO
FEA642,circuito_ambiguo,Ingreso > Calada > Balanza Ingreso > Carga / Descarga OSL,2026-09-28 04:50:49,2026-09-28 11:27:07,Medium Truck,Mercedes-Benz,True,True,TERMINAL_EMBARQUE,ACEITE GIRASOL REFINADO,RENOVA S.A.-30709590894-242524,EGRESO
FEA642,circuito_ambiguo,Ingreso > Calada > Balanza Ingreso,2026-09-29 19:45:11,2026-09-29 19:56:49,Sedan,Mercedes-Benz,True,True,TERMINAL_EMBARQUE,ACEITE GIRASOL REFINADO,RENOVA S.A.-30709590894-242524,EGRESO
FEA642,circuito_ambiguo,Ingreso > Carga / Descarga OSL > Egreso,2026-09-30 11:11:15,2026-09-30 16:08:18,Medium Truck,Mercedes-Benz,True,True,TERMINAL_EMBARQUE,ACEITE GIRASOL REFINADO,RENOVA S.A.-30709590894-242524,EGRESO
FEA810,circuito_ambiguo,Carga/descarga > Calada,2026-09-24 13:05:39,2026-09-24 14:15:46,Large Truck,Ford,True,True,RICARDONE;TERMINAL_EMBARQUE,RESIDUOS ORG,,EGRESO;INGRESO
FEA810,circuito_ambiguo,Carga/descarga > Calada,2026-09-29 13:19:23,2026-09-29 13:48:28,Large Truck,Ford,True,True,RICARDONE;TERMINAL_EMBARQUE,RESIDUOS ORG,,EGRESO;INGRESO
FEA810,circuito_ambiguo,Balanza Ingreso > Calada,2026-09-30 09:26:54,2026-09-30 14:44:43,Medium Truck,Forland,True,True,RICARDONE,RESIDUOS ORG,,EGRESO
FFR574,circuito_ambiguo,Calada > Playa 3,2026-09-29 08:27:16,2026-09-29 08:44:12,Medium Truck,Volkswagen,True,True,RICARDONE,GIRASOL,CARGILL S.A.C.I.-30506792165-220165,INGRESO
FFU870,circuito_ambiguo,Ingreso > Calada,2026-09-28 20:25:52,2026-09-28 20:27:44,Medium Truck,Volkswagen,False,False,,,,
FFU870,circuito_ambiguo,Ingreso > Calada,2026-09-29 19:10:14,2026-09-29 19:12:33,Medium Truck,Volkswagen,False,False,,,,
FFU874,circuito_ambiguo,Calada > Egreso,2026-09-24 07:48:31,2026-09-24 08:52:41,Large Truck,Volkswagen,True,True,TERMINAL_EMBARQUE,ACEITE GIRASOL REFINADO,RENOVA S.A.-30709590894-242524,EGRESO
FFU874,circuito_ambiguo,Calada > Balanza Ingreso > Carga / Descarga OSL > Egreso,2026-09-28 08:03:34,2026-09-28 11:33:40,Large Truck,Volkswagen,True,True,TERMINAL_EMBARQUE,ACEITE GIRASOL REFINADO,RENOVA S.A.-30709590894-242524,EGRESO
FFU874,circuito_ambiguo,Ingreso > Calada > Balanza Ingreso > Carga/Descarga Renova,2026-09-30 10:25:27,2026-09-30 10:37:51,Medium Truck,Volkswagen,True,True,TERMINAL_EMBARQUE,ACEITE GIRASOL REFINADO,RENOVA S.A.-30709590894-242524,EGRESO
FIK572,circuito_ambiguo,Ingreso > Calada > Egreso,2026-09-25 08:49:55,2026-09-25 09:05:31,Medium Truck,Scania,True,True,TERMINAL_EMBARQUE,PRODUCTOS VARIOS,,EGRESO
FLF775,circuito_ambiguo,Pre ingreso > Calada,2026-09-25 22:50:23,2026-09-25 23:20:10,Bus,Chevrolet,True,True,TERMINAL_EMBARQUE,SOJA,COMMODITIES S.A.-30640872566-222089,INGRESO
FMK877,circuito_ambiguo,Carga/Descarga Renova > Egreso,2026-09-29 09:16:17,2026-09-29 13:34:06,Small Truck,Mercedes-Benz,True,True,TERMINAL_EMBARQUE,GLICERINA REFINADA,RENOVA SA.-30709590894-209319,EGRESO
FRG064,circuito_ambiguo,Pre ingreso > Calada,2026-09-30 18:54:18,2026-09-30 20:07:15,Medium Truck,Volkswagen,True,True,TERMINAL_EMBARQUE,SOJA,COMMODITIES S.A.-30640872566-222089,INGRESO
GDE552,circuito_ambiguo,Calada > Balanza Ingreso,2026-09-28 14:44:15,2026-09-28 18:14:33,Medium Truck,Mercedes-Benz,True,True,TERMINAL_EMBARQUE,ACEITE GIRASOL REFINADO,RENOVA S.A.-30709590894-242524,EGRESO
GDE552,circuito_ambiguo,Calada > Balanza Ingreso > Plataformas Volcables,2026-09-30 07:42:35,2026-09-30 12:25:48,Medium Truck,Mercedes-Benz,True,True,TERMINAL_EMBARQUE,ACEITE GIRASOL REFINADO,RENOVA S.A.-30709590894-242524,EGRESO
GDE552,circuito_ambiguo,Carga / Descarga OSL > Egreso,2026-09-30 20:10:35,2026-09-30 20:38:52,Medium Truck,Mercedes-Benz,True,True,TERMINAL_EMBARQUE,ACEITE GIRASOL REFINADO,RENOVA S.A.-30709590894-242524,EGRESO
GES056,circuito_ambiguo,Tolva de carga silo Chief > Calada > Salida 2,2026-09-25 12:06:48,2026-09-25 13:09:03,Large Truck,Scania,True,True,RICARDONE;TERMINAL_EMBARQUE,SOJA,CARGILL S.A.C.I.-30506792165-220165,EGRESO;INGRESO
GES056,circuito_ambiguo,Calada > Egreso > Calada,2026-09-25 13:23:03,2026-09-25 20:02:49,Large Truck,Scania,True,True,RICARDONE;TERMINAL_EMBARQUE,PELLETS GIRASOL;SOJA,BUNGE ARGENTINA S.A.-30700869918-231767;CARGILL S.A.C.I.-30506792165-220165,EGRESO;INGRESO
GES056,circuito_ambiguo,Ingreso > Balanza Ingreso > Egreso > Calada,2026-09-26 11:27:28,2026-09-26 13:57:32,Medium Truck,Scania,True,True,RICARDONE,PELLETS GIRASOL;SOJA,BUNGE ARGENTINA S.A.-30700869918-231767;CARGILL S.A.C.I.-30506792165-220165,EGRESO
GES056,circuito_ambiguo,Ingreso > Balanza Ingreso > Pre ingreso,2026-09-26 15:57:29,2026-09-26 18:56:24,Medium Truck,Scania,True,True,RICARDONE,PELLETS GIRASOL;SOJA,BUNGE ARGENTINA S.A.-30700869918-231767;CARGILL S.A.C.I.-30506792165-220165,EGRESO
GES056,circuito_ambiguo,Pre ingreso > Balanza Ingreso > Salida 2 > Ingreso > Egreso,2026-09-28 11:05:39,2026-09-28 15:32:38,Medium Truck,Scania,True,True,RICARDONE,SOJA,CARGILL S.A.C.I.-30506792165-220165,EGRESO
GES056,circuito_ambiguo,Pre ingreso > Playa 3 > Balanza Ingreso,2026-09-28 15:43:28,2026-09-28 20:08:14,Medium Truck,Volvo,True,True,RICARDONE,SOJA,CARGILL S.A.C.I.-30506792165-220165,EGRESO
GES056,circuito_ambiguo,Balanza Ingreso > Balanza Ingreso > Egreso,2026-09-28 21:48:18,2026-09-29 02:07:27,Medium Truck,Scania,True,True,RICARDONE,SOJA,CARGILL S.A.C.I.-30506792165-220165,EGRESO
GFG620,circuito_ambiguo,Calada > Playa 3,2026-09-29 19:47:33,2026-09-29 20:00:20,Large Truck,Mercedes-Benz,True,True,RICARDONE,GIRASOL,BUNGE ARGENTINA S.A.-30700869918-231767,INGRESO
GFL789,circuito_ambiguo,Plataformas Volcables > Calada,2026-09-24 04:53:52,2026-09-24 09:06:01,Large Truck,Golden Dragon,True,True,RICARDONE;TERMINAL_EMBARQUE,PELLETS GIRASOL;SOJA,CARGILL S.A.C.I.-30506792165-220165;UNION AGRICOLA DE AVELLANEDA COOP.LTDA.-3050,EGRESO;INGRESO
GFL789,circuito_ambiguo,Egreso > Playa 3,2026-09-24 10:04:12,2026-09-24 10:54:07,MPV,Mercedes-Benz,True,True,RICARDONE,PELLETS GIRASOL;SOJA,CARGILL S.A.C.I.-30506792165-220165;UNION AGRICOLA DE AVELLANEDA COOP.LTDA.-3050,EGRESO
GFL789,circuito_ambiguo,Plataformas Volcables > Egreso > Calada,2026-09-24 15:30:19,2026-09-24 20:10:07,Medium Truck,Mercedes-Benz,True,True,RICARDONE,PELLETS GIRASOL;SOJA,CARGILL S.A.C.I.-30506792165-220165;UNION AGRICOLA DE AVELLANEDA COOP.LTDA.-3050,EGRESO
GFL789,circuito_ambiguo,Egreso > Calada,2026-09-25 09:51:47,2026-09-25 16:34:24,Large Truck,Mercedes-Benz,True,True,RICARDONE,PELLETS GIRASOL;SOJA,CARGILL S.A.C.I.-30506792165-220165,EGRESO
GGH085,circuito_ambiguo,Pre ingreso > Calada > Playa 3,2026-09-29 08:55:53,2026-09-29 10:21:52,Van,Ford,True,True,RICARDONE,GIRASOL,CARGILL S.A.C.I.-30506792165-220165,INGRESO
GGY416,circuito_ambiguo,Calada > Playa 3,2026-09-24 09:03:57,2026-09-24 09:28:46,Medium Truck,Mercedes-Benz,True,False,,,,
GLD361,circuito_ambiguo,Pre ingreso > Calada,2026-09-26 05:02:18,2026-09-26 08:22:53,Medium Truck,Volkswagen,True,True,RICARDONE,GIRASOL,CARGILL S.A.C.I.-30506792165-220165,INGRESO
GLD361,circuito_ambiguo,Pre ingreso > Calada,2026-09-29 05:12:20,2026-09-29 08:28:00,Medium Truck,Volkswagen,True,True,RICARDONE,GIRASOL,CARGILL S.A.C.I.-30506792165-220165,INGRESO
GLK802,circuito_ambiguo,Balanza Ingreso > Plataformas Volcables > Pre ingreso > Balanza Ingreso > Playa 3,2026-09-24 13:50:32,2026-09-24 18:26:47,Medium Truck,Volkswagen,True,True,RICARDONE,PELLETS GIRASOL;SOJA,CARGILL S.A.C.I.-30506792165-220165;UNION AGRICOLA DE AVELLANEDA COOP.LTDA.-3050,EGRESO
GLK802,circuito_ambiguo,Ingreso > Balanza Ingreso > Plataformas Volcables > Egreso > Pre ingreso > Balanza Ingreso,2026-09-25 03:40:28,2026-09-25 07:17:04,Medium Truck,Volkswagen,True,True,RICARDONE,PELLETS GIRASOL;SOJA,CARGILL S.A.C.I.-30506792165-220165,EGRESO
GMW451,circuito_ambiguo,Calada > Playa 3,2026-09-25 17:09:28,2026-09-25 17:37:03,Large Truck,Mercedes-Benz,True,True,RICARDONE,GIRASOL,BUNGE ARGENTINA S.A.-30700869918-231767,INGRESO
GMW577,circuito_ambiguo,Pre ingreso > Calada > Playa 3,2026-09-29 06:12:50,2026-09-29 08:49:27,Sedan,Mercedes-Benz,True,True,RICARDONE,GIRASOL,CARGILL S.A.C.I.-30506792165-220165,INGRESO
GTZ627,circuito_ambiguo,Ingreso > Carga / Descarga OSL,2026-09-24 14:17:04,2026-09-24 16:22:39,Medium Truck,Iveco,True,True,TERMINAL_EMBARQUE,ACEITE GIRASOL REFINADO,RENOVA S.A.-30709590894-242524,EGRESO
GTZ627,circuito_ambiguo,Balanza Ingreso > Carga / Descarga OSL,2026-09-28 13:20:22,2026-09-28 15:12:41,Large Truck,Iveco,True,True,TERMINAL_EMBARQUE,ACEITE GIRASOL REFINADO,RENOVA S.A.-30709590894-242524,EGRESO
GTZ627,circuito_ambiguo,Carga / Descarga OSL > Egreso,2026-09-30 03:16:59,2026-09-30 03:54:20,Large Truck,Iveco,True,True,TERMINAL_EMBARQUE,ACEITE GIRASOL REFINADO,RENOVA S.A.-30709590894-242524,EGRESO
GXN538,circuito_ambiguo,Ingreso > Salida 2 > Calada > Egreso,2026-09-24 08:09:24,2026-09-24 10:33:04,Medium Truck,Volkswagen,True,True,TERMINAL_EMBARQUE,ACEITE SOJA CRUDO DESGOMADO,MOLINOS RIO DE LA PLATA S.A.-30500858628-201274,EGRESO
GXT382,circuito_ambiguo,Carga/Descarga Renova > Egreso,2026-09-29 11:56:14,2026-09-29 16:15:38,Large Truck,Mercedes-Benz,True,True,TERMINAL_EMBARQUE,GLICERINA REFINADA,RENOVA SA.-30709590894-209319,EGRESO
HAQ820,circuito_ambiguo,Calada > Balanza Ingreso,2026-09-24 07:54:04,2026-09-24 07:57:23,Medium Truck,Ford,True,True,TERMINAL_EMBARQUE,ACEITE GIRASOL REFINADO,RENOVA S.A.-30709590894-242524,EGRESO
HAQ820,circuito_ambiguo,Calada > Carga / Descarga OSL > Egreso,2026-09-25 07:47:50,2026-09-25 12:38:19,Medium Truck,Ford,True,True,TERMINAL_EMBARQUE,ACEITE GIRASOL REFINADO,RENOVA S.A.-30709590894-242524,EGRESO
HAQ820,circuito_ambiguo,Calada > Balanza Ingreso,2026-09-28 08:13:27,2026-09-28 08:22:22,Medium Truck,Ford,True,True,TERMINAL_EMBARQUE,ACEITE GIRASOL REFINADO,RENOVA S.A.-30709590894-242524,EGRESO
HSI945,circuito_ambiguo,Pre ingreso > Calada,2026-09-26 00:57:07,2026-09-26 02:59:12,Medium Truck,Scania,True,False,,,,
HWU967,circuito_ambiguo,Balanza Ingreso > Ingreso > Balanza Ingreso > Egreso,2026-09-28 09:23:18,2026-09-28 11:32:13,Medium Truck,Iveco,True,True,RENOPACK;RICARDONE;TERMINAL_EMBARQUE,RESIDUOS ASIMILABLES A DOMICILIARIOS,;RENOPACK S.A.-30716033674-203137,EGRESO
HWU967,circuito_ambiguo,Balanza Ingreso > Carga/Descarga Renova > Egreso,2026-09-28 11:41:08,2026-09-28 12:19:20,Medium Truck,Iveco,True,True,RENOPACK;RICARDONE;TERMINAL_EMBARQUE,RESIDUOS ASIMILABLES A DOMICILIARIOS,;RENOPACK S.A.-30716033674-203137,EGRESO
IMH787,circuito_ambiguo,Balanza Ingreso > Balanza Egreso,2026-09-30 15:31:03,2026-09-30 15:35:07,Medium Truck,Renault,False,False,,,,
IRK465,circuito_ambiguo,Ingreso > Carga/Descarga Renova,2026-09-25 07:39:39,2026-09-25 08:02:22,Medium Truck,Ford,True,True,TERMINAL_EMBARQUE,GLICERINA REFINADA,RENOVA SA.-30709590894-209319,EGRESO
IZX624,circuito_ambiguo,Pre ingreso > Calada,2026-09-29 09:07:16,2026-09-29 10:03:04,Medium Truck,Toyota,True,True,RICARDONE,GIRASOL,CARGILL S.A.C.I.-30506792165-220165,INGRESO
JPZ027,circuito_ambiguo,Calada > Balanza Ingreso > Plataformas Volcables > Egreso,2026-09-30 17:50:21,2026-09-30 23:22:35,Medium Truck,Ford,True,True,RICARDONE,PELLETS GIRASOL,BUNGE ARGENTINA S.A.-30700869918-231767,EGRESO
JPZ027,circuito_ambiguo,Pre ingreso > Playa 3,2026-09-30 23:34:51,2026-09-30 23:58:47,Medium Truck,Ford,True,True,RICARDONE,PELLETS GIRASOL,BUNGE ARGENTINA S.A.-30700869918-231767,EGRESO
JQT741,circuito_ambiguo,Ingreso > Balanza Ingreso > Pre ingreso > Calada,2026-09-28 05:21:12,2026-09-28 09:28:37,Medium Truck,Mercedes-Benz,False,False,,,,
JUP399,circuito_ambiguo,Calada > Balanza Ingreso > Carga/descarga > Egreso,2026-09-29 11:47:28,2026-09-29 15:40:37,Medium Truck,Ford,True,True,TERMINAL_EMBARQUE,ACEITE GIRASOL PARA REFINAR,BUNGE ARGENTINA S.A.-30700869918-231767,INGRESO
JUP399,circuito_ambiguo,Carga/descarga > Egreso,2026-09-30 11:41:48,2026-09-30 12:29:39,Medium Truck,ISUZU,True,True,TERMINAL_EMBARQUE,ACEITE GIRASOL PARA REFINAR,BUNGE ARGENTINA S.A.-30700869918-231767,INGRESO
KAD727,circuito_ambiguo,Carga/Descarga Renova > Egreso,2026-09-28 08:48:22,2026-09-28 13:15:58,SUV,Mercedes-Benz,True,True,TERMINAL_EMBARQUE,GLICERINA REFINADA,RENOVA SA.-30709590894-209319,EGRESO
KDE342,circuito_ambiguo,Balanza Ingreso > Calada > Playa 3,2026-09-26 14:07:13,2026-09-26 15:48:45,Medium Truck,Mercedes-Benz,True,True,RICARDONE,PELLETS GIRASOL;SOJA,BUNGE ARGENTINA S.A.-30700869918-231767;CARGILL S.A.C.I.-30506792165-220165,EGRESO
KDE342,circuito_ambiguo,Calada > Playa 3 > Balanza Ingreso > Egreso,2026-09-28 10:12:11,2026-09-28 13:23:14,Medium Truck,Mercedes-Benz,True,True,RICARDONE;TERMINAL_EMBARQUE,SOJA,CARGILL S.A.C.I.-30506792165-220165,EGRESO;INGRESO
KDE342,circuito_ambiguo,Playa 3 > Tolva de carga silo Chief > Salida 2,2026-09-28 13:48:56,2026-09-28 16:20:13,Medium Truck,Mercedes-Benz,True,True,RICARDONE,SOJA,CARGILL S.A.C.I.-30506792165-220165,EGRESO
KEB002,circuito_ambiguo,Calada > Balanza Ingreso,2026-09-30 13:25:52,2026-09-30 13:30:02,Medium Truck,Volkswagen,True,False,,,,
KGX035,circuito_ambiguo,Ingreso > Balanza Ingreso > Carga/Descarga Renova,2026-09-26 09:58:07,2026-09-26 10:30:03,Medium Truck,Mercedes-Benz,True,True,TERMINAL_EMBARQUE,BORRA DE ACSOJA REFINADO,RENOVA SA.-30709590894-209319,EGRESO
KNP563,circuito_ambiguo,Calada > Ingreso > Calada > Balanza Egreso,2026-09-27 15:48:48,2026-09-27 17:09:11,Large Truck,Ford,True,True,TERMINAL_EMBARQUE,SOJA,LDC ARGENTINA S.A.-30526712729-221642,INGRESO
KOE138,circuito_ambiguo,Ingreso > Calada,2026-09-24 20:37:13,2026-09-24 22:16:33,Bus,ISUZU,True,True,TERMINAL_EMBARQUE,ACEITE GIRASOL REFINADO,RENOVA S.A.-30709590894-242524,EGRESO
KOE138,circuito_ambiguo,Balanza Ingreso > Carga / Descarga OSL,2026-09-25 08:13:40,2026-09-25 08:42:54,Medium Truck,Mercedes-Benz,True,True,TERMINAL_EMBARQUE,ACEITE GIRASOL REFINADO,RENOVA S.A.-30709590894-242524,EGRESO
KOE138,circuito_ambiguo,Ingreso > Calada,2026-09-28 10:55:19,2026-09-28 10:57:11,Medium Truck,Mercedes-Benz,True,True,TERMINAL_EMBARQUE,ACEITE GIRASOL REFINADO,RENOVA S.A.-30709590894-242524,EGRESO
KOE138,circuito_ambiguo,Calada > Egreso,2026-09-30 11:57:20,2026-09-30 17:17:40,Medium Truck,Mercedes-Benz,True,True,TERMINAL_EMBARQUE,ACEITE GIRASOL REFINADO,RENOVA S.A.-30709590894-242524,EGRESO
KOQ228,circuito_ambiguo,Carga / Descarga OSL > Egreso,2026-09-24 12:12:47,2026-09-24 12:23:31,Large Truck,Iveco,True,True,TERMINAL_EMBARQUE,ACEITE GIRASOL REFINADO,RENOVA S.A.-30709590894-242524,EGRESO
KOQ228,circuito_ambiguo,Ingreso > Carga / Descarga OSL,2026-09-25 09:10:02,2026-09-25 13:08:06,Medium Truck,Iveco,True,True,TERMINAL_EMBARQUE,ACEITE GIRASOL REFINADO,RENOVA S.A.-30709590894-242524,EGRESO
KOQ228,circuito_ambiguo,Ingreso > Calada > Balanza Ingreso,2026-09-29 06:59:03,2026-09-29 07:16:19,Medium Truck,Iveco,True,True,TERMINAL_EMBARQUE,ACEITE GIRASOL REFINADO,RENOVA S.A.-30709590894-242524,EGRESO
KPH251,circuito_ambiguo,Calada > Playa 3,2026-09-25 08:37:44,2026-09-25 08:55:17,Large Truck,Iveco,True,True,RICARDONE,GIRASOL,CARGILL S.A.C.I.-30506792165-220165,INGRESO
KUH403,circuito_ambiguo,Calada > Balanza Ingreso > Egreso,2026-09-24 16:05:55,2026-09-24 18:29:13,Medium Truck,Volkswagen,True,True,TERMINAL_EMBARQUE,RESIDUOS ORG,,EGRESO
KUH403,circuito_ambiguo,Ingreso > Balanza Ingreso > Calada,2026-09-30 08:14:02,2026-09-30 11:05:12,Medium Truck,Volkswagen,True,True,TERMINAL_EMBARQUE,RESIDUOS ORG,,EGRESO
KUH403,circuito_ambiguo,Ingreso > Carga/Descarga Renova,2026-09-30 13:45:41,2026-09-30 13:51:45,Medium Truck,Volkswagen,True,True,TERMINAL_EMBARQUE,RESIDUOS ORG,,EGRESO
KWN857,circuito_ambiguo,Ingreso > Balanza Ingreso > Calada,2026-09-29 12:19:07,2026-09-29 16:24:29,Large Truck,Scania,True,True,TERMINAL_EMBARQUE,RESIDUOS ORG,,EGRESO
KWN857,circuito_ambiguo,Ingreso > Balanza Ingreso > Calada,2026-09-30 14:33:59,2026-09-30 16:36:14,Medium Truck,Scania,True,True,TERMINAL_EMBARQUE,RESIDUOS ORG,,EGRESO
KWO040,circuito_ambiguo,Calada > Balanza Ingreso,2026-09-24 07:59:08,2026-09-24 08:20:35,Medium Truck,Iveco,True,True,TERMINAL_EMBARQUE,ACEITE GIRASOL REFINADO,RENOVA S.A.-30709590894-242524,EGRESO
KWO040,circuito_ambiguo,Calada > Balanza Ingreso,2026-09-28 09:28:49,2026-09-28 13:24:26,Medium Truck,Iveco,True,True,TERMINAL_EMBARQUE,ACEITE GIRASOL REFINADO,RENOVA S.A.-30709590894-242524,EGRESO
KXT209,circuito_ambiguo,Pre ingreso > Calada,2026-09-25 11:42:54,2026-09-25 16:58:55,Medium Truck,Scania,True,True,RICARDONE,GIRASOL,BUNGE ARGENTINA S.A.-30700869918-231767,INGRESO
KYE394,circuito_ambiguo,Calada > Balanza Ingreso > Egreso,2026-09-25 14:40:15,2026-09-25 16:17:52,Large Truck,Iveco,True,True,TERMINAL_EMBARQUE,BARRIDO DE MERCADERIA,V A R I O S-00200210383-200383,EGRESO
KZA683,circuito_ambiguo,Pre ingreso > Calada,2026-09-24 08:04:20,2026-09-24 08:10:07,Medium Truck,Iveco,True,True,RICARDONE,PRODUCTOS VARIOS,,EGRESO
LAE877,circuito_ambiguo,Balanza Ingreso > Playa 3,2026-09-24 08:03:04,2026-09-24 08:22:19,Medium Truck,Iveco,False,False,,,,
LCE509,circuito_ambiguo,Calada > Playa 3,2026-09-29 15:34:32,2026-09-29 16:47:38,Medium Truck,Mercedes-Benz,True,True,RICARDONE,GIRASOL,CARGILL S.A.C.I.-30506792165-220165,INGRESO
LGZ704,circuito_ambiguo,Calada > Balanza Ingreso,2026-09-24 16:50:37,2026-09-24 17:01:26,Large Truck,Daewoo,True,True,RENOPACK;TERMINAL_EMBARQUE,ACEITE GIRASOL REFINADO,COMMODITIES S.A.-30640872566-222089;RENOVA S.A.-30709590894-242524,EGRESO;INGRESO
LHE266,circuito_ambiguo,Pre ingreso > Calada,2026-09-30 22:26:24,2026-09-30 23:00:29,Medium Truck,Scania,True,True,TERMINAL_EMBARQUE,SOJA,COMMODITIES S.A.-30640872566-222089,INGRESO
LIQ674,circuito_ambiguo,Pre ingreso > Calada,2026-09-30 17:38:38,2026-09-30 19:55:07,Medium Truck,Ford,True,True,TERMINAL_EMBARQUE,SOJA,COMMODITIES S.A.-30640872566-222089,INGRESO
LOV732,circuito_ambiguo,Pre ingreso > Calada,2026-09-25 23:49:20,2026-09-26 02:50:43,Medium Truck,Mercedes-Benz,True,True,RICARDONE,GIRASOL,CARGILL S.A.C.I.-30506792165-220165,INGRESO
LTC421,circuito_ambiguo,Pre ingreso > Calada,2026-09-28 13:06:19,2026-09-28 13:24:51,Medium Truck,Ford,True,True,RICARDONE,PRODUCTOS VARIOS,,EGRESO
LYQ549,circuito_ambiguo,Salida 2 > Ingreso > Calada > Balanza Ingreso,2026-09-28 10:01:23,2026-09-28 14:14:24,Medium Truck,Volvo,True,True,TERMINAL_EMBARQUE,CASCARA DE SOJA PELLETEADA,UNION AGRICOLA DE AVELLANEDA COOP.LTDA.-30501912405-220345,EGRESO
LZP122,circuito_ambiguo,Ingreso > Balanza Ingreso > Calada,2026-09-29 08:20:15,2026-09-29 08:35:56,Medium Truck,Mercedes-Benz,True,True,TERMINAL_EMBARQUE,RESIDUOS ORG,,EGRESO
LZP122,circuito_ambiguo,Balanza Ingreso > Calada,2026-09-30 16:16:54,2026-09-30 16:56:10,Medium Truck,Renault,True,False,,,,
LZR795,circuito_ambiguo,Pre ingreso > Calada,2026-09-25 22:31:45,2026-09-25 22:48:21,Medium Truck,Scania,True,False,,,,
LZV303,circuito_ambiguo,Calada > Balanza Ingreso,2026-09-29 13:50:38,2026-09-29 14:05:23,Medium Truck,Mercedes-Benz,True,True,RICARDONE,BORRA ACEITE GIRASOL,SANTA FE ACEITES S.R.L.-30711020914-202852,EGRESO
MAB570,circuito_ambiguo,Pre ingreso > Calada,2026-09-28 21:19:58,2026-09-28 21:53:14,Medium Truck,Mercedes-Benz,True,True,TERMINAL_EMBARQUE,ACEITE GIRASOL PARA REFINAR,BUNGE ARGENTINA S.A.-30700869918-231767,INGRESO
MAB570,circuito_ambiguo,Salida 2 > Ingreso > Balanza Ingreso > Carga/descarga,2026-09-29 15:56:10,2026-09-29 21:15:39,Medium Truck,Mercedes-Benz,True,False,,,,
MEE006,circuito_ambiguo,Egreso > Balanza Ingreso > Balanza Egreso,2026-09-24 11:30:03,2026-09-24 12:04:12,Small Truck,Kia,False,False,,,,
MGD161,circuito_ambiguo,Ingreso > Balanza Ingreso > Carga/Descarga Renova,2026-09-30 14:03:12,2026-09-30 14:21:11,Large Truck,Scania,True,True,RENOPACK;TERMINAL_EMBARQUE,ACEITE GIRASOL ENVASADO;PRODUCTOS VARIOS,BUNGE ARGENTINA S.A.-30700869918-231767;RENOVA SA.-30709590894-209319,EGRESO;INGRESO
MNB810,circuito_ambiguo,Ingreso > Calada > Balanza Ingreso > Carga / Descarga OSL > Egreso,2026-09-24 17:28:50,2026-09-24 22:24:42,Large Truck,Iveco,True,True,TERMINAL_EMBARQUE,ACEITE GIRASOL REFINADO,RENOVA S.A.-30709590894-242524,EGRESO
MNB810,circuito_ambiguo,Ingreso > Calada > Balanza Ingreso,2026-09-28 13:43:49,2026-09-28 18:13:14,Large Truck,Iveco,True,True,TERMINAL_EMBARQUE,ACEITE GIRASOL REFINADO,RENOVA S.A.-30709590894-242524,EGRESO
MNB810,circuito_ambiguo,Carga / Descarga OSL > Egreso,2026-09-29 01:25:42,2026-09-29 02:02:43,Medium Truck,Iveco,True,True,TERMINAL_EMBARQUE,ACEITE GIRASOL REFINADO,RENOVA S.A.-30709590894-242524,EGRESO
MNB810,circuito_ambiguo,Ingreso > Calada > Balanza Ingreso > Carga / Descarga OSL > Egreso,2026-09-29 18:57:32,2026-09-30 01:41:35,Large Truck,Iveco,True,True,TERMINAL_EMBARQUE,ACEITE GIRASOL REFINADO,RENOVA S.A.-30709590894-242524,EGRESO
MNB810,circuito_ambiguo,Ingreso > Calada > Carga/Descarga Renova,2026-09-30 17:16:28,2026-09-30 17:45:44,Large Truck,Iveco,True,True,TERMINAL_EMBARQUE,ACEITE GIRASOL REFINADO,RENOVA S.A.-30709590894-242524,EGRESO
MNB810,circuito_ambiguo,Carga / Descarga OSL > Egreso,2026-09-30 20:29:46,2026-09-30 21:36:43,Large Truck,Iveco,True,True,TERMINAL_EMBARQUE,ACEITE GIRASOL REFINADO,RENOVA S.A.-30709590894-242524,EGRESO
MQV609,circuito_ambiguo,Calada > Balanza Ingreso,2026-09-28 22:07:25,2026-09-28 22:15:03,Large Truck,Iveco,True,True,RICARDONE,GIRASOL,BUNGE ARGENTINA S.A.-30700869918-231767,INGRESO
MRM512,circuito_ambiguo,Salida 2 > Ingreso > Calada,2026-09-30 15:16:18,2026-09-30 15:36:23,Bus,Iveco,True,True,TERMINAL_EMBARQUE,ACEITE GIRASOL REFINADO,OLIGRA SUDAMERICANA S.A.-30708214066-202544,EGRESO
MTM450,circuito_ambiguo,Balanza Ingreso > Egreso,2026-09-25 09:35:10,2026-09-25 12:05:02,Medium Truck,Mercedes-Benz,True,False,,,,
MWH059,circuito_ambiguo,Carga / Descarga OSL > Egreso,2026-09-24 12:34:00,2026-09-24 13:04:39,Small Truck,,True,True,RENOPACK;TERMINAL_EMBARQUE,ACEITE GIRASOL REFINADO,COMMODITIES S.A.-30640872566-222089;RENOVA S.A.-30709590894-242524,EGRESO;INGRESO
MWH059,circuito_ambiguo,Balanza Ingreso > Calada,2026-09-25 09:26:18,2026-09-25 13:04:28,Bus,Ford,True,True,RENOPACK;TERMINAL_EMBARQUE,ACEITE GIRASOL REFINADO,COMMODITIES S.A.-30640872566-222089;RENOVA S.A.-30709590894-242524,EGRESO;INGRESO
MWH059,circuito_ambiguo,Ingreso > Balanza Ingreso > Carga / Descarga OSL,2026-09-28 08:16:31,2026-09-28 10:03:25,Medium Truck,Ford,True,True,RENOPACK;TERMINAL_EMBARQUE,ACEITE GIRASOL REFINADO,COMMODITIES S.A.-30640872566-222089;RENOVA S.A.-30709590894-242524,EGRESO;INGRESO
MWH059,circuito_ambiguo,Balanza Ingreso > Carga / Descarga OSL,2026-09-28 15:55:25,2026-09-28 21:02:35,Medium Truck,Ford,True,True,RENOPACK;TERMINAL_EMBARQUE,ACEITE GIRASOL REFINADO,COMMODITIES S.A.-30640872566-222089;RENOVA S.A.-30709590894-242524,EGRESO;INGRESO
MWH059,circuito_ambiguo,Ingreso > Calada,2026-09-29 09:05:27,2026-09-29 09:07:14,Medium Truck,Ford,True,True,RENOPACK;TERMINAL_EMBARQUE,ACEITE GIRASOL REFINADO,COMMODITIES S.A.-30640872566-222089;RENOVA S.A.-30709590894-242524,EGRESO;INGRESO
MWH059,circuito_ambiguo,Balanza Ingreso > Carga / Descarga OSL,2026-09-29 15:32:27,2026-09-29 16:27:02,Bus,Ford,True,True,RENOPACK;TERMINAL_EMBARQUE,ACEITE GIRASOL REFINADO,COMMODITIES S.A.-30640872566-222089;RENOVA S.A.-30709590894-242524,EGRESO;INGRESO
MWH059,circuito_ambiguo,Calada > Carga / Descarga OSL > Egreso,2026-09-30 12:24:57,2026-09-30 16:47:41,Large Truck,Ford,True,True,RENOPACK;TERMINAL_EMBARQUE,ACEITE GIRASOL REFINADO,COMMODITIES S.A.-30640872566-222089;RENOVA S.A.-30709590894-242524,EGRESO;INGRESO
MYW261,circuito_ambiguo,Balanza Ingreso > Egreso,2026-09-30 08:07:43,2026-09-30 09:03:28,Medium Truck,Renault,False,False,,,,
NLR442,circuito_ambiguo,Playa 3 > Volcable Silo Keppler,2026-09-24 06:40:20,2026-09-24 07:47:30,Large Truck,Iveco,True,False,,,,
NOB250,circuito_ambiguo,Calada > Balanza Ingreso,2026-09-25 17:01:05,2026-09-25 17:08:42,Large Truck,Ford,True,True,RICARDONE,GIRASOL,CARGILL S.A.C.I.-30506792165-220165,INGRESO
NRN192,circuito_ambiguo,Ingreso > Balanza Ingreso > Carga/Descarga Renova > Egreso,2026-09-25 07:02:30,2026-09-25 10:02:26,Large Truck,Iveco,True,True,TERMINAL_EMBARQUE,CHATARRA,JIT S.A.-30621881422-722002,EGRESO
OFG785,circuito_ambiguo,Ingreso > Calada,2026-09-24 19:47:04,2026-09-24 19:52:13,Medium Truck,Dongfeng,True,True,TERMINAL_EMBARQUE,ACEITE GIRASOL REFINADO,RENOVA S.A.-30709590894-242524,EGRESO
OFG785,circuito_ambiguo,Ingreso > Calada > Balanza Egreso > Egreso,2026-09-25 14:42:56,2026-09-25 17:38:20,Medium Truck,Volkswagen,True,False,,,,
OFG785,circuito_ambiguo,Ingreso > Calada,2026-09-28 04:39:32,2026-09-28 08:00:45,Medium Truck,Dongfeng,True,True,TERMINAL_EMBARQUE,ACEITE GIRASOL REFINADO,RENOVA S.A.-30709590894-242524,EGRESO
OFG785,circuito_ambiguo,Ingreso > Calada > Balanza Ingreso,2026-09-29 05:04:08,2026-09-29 05:31:05,Medium Truck,Volkswagen,True,True,TERMINAL_EMBARQUE,ACEITE GIRASOL REFINADO,RENOVA S.A.-30709590894-242524,EGRESO
OFG785,circuito_ambiguo,Calada > Balanza Ingreso,2026-09-29 18:05:48,2026-09-29 18:15:08,Large Truck,Volkswagen,True,True,TERMINAL_EMBARQUE,ACEITE GIRASOL REFINADO,RENOVA S.A.-30709590894-242524,EGRESO
OFG785,circuito_ambiguo,Carga / Descarga OSL > Egreso,2026-09-30 00:36:47,2026-09-30 01:11:25,Medium Truck,Volkswagen,True,True,TERMINAL_EMBARQUE,ACEITE GIRASOL REFINADO,RENOVA S.A.-30709590894-242524,EGRESO
OFG785,circuito_ambiguo,Ingreso > Calada > Balanza Ingreso,2026-09-30 14:09:10,2026-09-30 14:34:28,Medium Truck,Volkswagen,True,False,,,,
OHI283,circuito_ambiguo,Calada > Playa 3 > Ingreso,2026-09-24 18:10:58,2026-09-24 23:04:05,Medium Truck,Mercedes-Benz,True,True,RICARDONE,PELLETS GIRASOL,CARGILL S.A.C.I.-30506792165-220165,EGRESO
OKH237,circuito_ambiguo,Calada > Salida 2 > Ingreso > Calada > Egreso,2026-09-29 13:51:05,2026-09-29 15:17:47,Medium Truck,Mercedes-Benz,True,True,TERMINAL_EMBARQUE,SOJA,COMMODITIES S.A.-30640872566-222089,INGRESO
OLC967,circuito_ambiguo,Pre ingreso > Calada,2026-09-28 01:50:41,2026-09-28 04:47:11,Bus,Iveco,True,True,TERMINAL_EMBARQUE,SOJA,LDC ARGENTINA S.A.-30526712729-221642,INGRESO
ONH330,circuito_ambiguo,Calada > Salida 2 > Ingreso > Calada,2026-09-29 08:38:10,2026-09-29 13:58:57,Medium Truck,Iveco,True,True,TERMINAL_EMBARQUE,SOJA,COMMODITIES S.A.-30640872566-222089,INGRESO
OUR677,circuito_ambiguo,Pre ingreso > Calada,2026-09-30 20:10:19,2026-09-30 22:40:23,Large Truck,Volkswagen,True,True,TERMINAL_EMBARQUE,SOJA,COMMODITIES S.A.-30640872566-222089,INGRESO
OUZ876,circuito_ambiguo,Pre ingreso > Calada,2026-09-29 23:58:54,2026-09-30 00:12:37,Medium Truck,Mercedes-Benz,True,True,TERMINAL_EMBARQUE,SOJA,LDC ARGENTINA S.A.-30526712729-221642,INGRESO
OVK247,circuito_ambiguo,Pre ingreso > Calada,2026-09-28 20:19:58,2026-09-29 00:59:47,Medium Truck,Mercedes-Benz,False,False,,,,
OYX549,circuito_ambiguo,Calada > Playa 3 > Ingreso,2026-09-26 18:29:06,2026-09-26 20:46:28,Medium Truck,Volkswagen,True,True,RICARDONE,PELLETS GIRASOL;SOJA,CARGILL S.A.C.I.-30506792165-220165,EGRESO
PIC457,circuito_ambiguo,Calada > Playa 3,2026-09-24 15:46:50,2026-09-24 16:35:28,Large Truck,Iveco,True,False,,,,
PJJ799,circuito_ambiguo,Pre ingreso > Calada,2026-09-30 22:41:39,2026-09-30 23:16:46,Sedan,Scania,True,True,TERMINAL_EMBARQUE,SOJA,LDC ARGENTINA S.A.-30526712729-221642,INGRESO
PML805,circuito_ambiguo,Balanza Ingreso > Salida 2,2026-09-25 08:21:59,2026-09-25 09:47:12,Medium Truck,Iveco,True,True,RICARDONE,RESIDUOS ORG,,EGRESO
PNO784,circuito_ambiguo,Pre ingreso > Calada,2026-09-30 10:21:09,2026-09-30 11:22:41,Medium Truck,Renault,True,False,,,,
RAM481,circuito_ambiguo,Plataformas Volcables > Balanza Ingreso > Playa 3,2026-09-25 14:25:36,2026-09-25 15:37:53,Medium Truck,,False,False,,,,
RAW481,circuito_ambiguo,Plataformas Volcables > Balanza Ingreso,2026-09-26 08:47:25,2026-09-26 09:23:28,Medium Truck,,True,True,RICARDONE,PELLETS GIRASOL;SOJA,BUNGE ARGENTINA S.A.-30700869918-231767;CARGILL S.A.C.I.-30506792165-220165,EGRESO
RAW481,circuito_ambiguo,Calada > Balanza Ingreso > Balanza Ingreso,2026-09-26 13:45:30,2026-09-26 15:26:11,Medium Truck,,True,True,RICARDONE,PELLETS GIRASOL;SOJA,BUNGE ARGENTINA S.A.-30700869918-231767;CARGILL S.A.C.I.-30506792165-220165,EGRESO
RAW481,circuito_ambiguo,Calada > Balanza Ingreso > Egreso,2026-09-27 06:02:35,2026-09-27 13:51:17,Medium Truck,Volvo,True,True,RICARDONE;TERMINAL_EMBARQUE,SOJA,CARGILL S.A.C.I.-30506792165-220165,EGRESO;INGRESO
RAW481,circuito_ambiguo,Balanza Ingreso > Calada > Plataformas Volcables > Egreso,2026-09-29 01:16:37,2026-09-29 07:28:04,Large Truck,,True,True,RICARDONE,SOJA,CARGILL S.A.C.I.-30506792165-220165,EGRESO
RAW481,circuito_ambiguo,Balanza Ingreso > Playa 3,2026-09-30 10:36:44,2026-09-30 13:39:38,Medium Truck,,True,True,RICARDONE,PELLETS GIRASOL,BUNGE ARGENTINA S.A.-30700869918-231767,EGRESO
RAW481,circuito_ambiguo,Plataformas Volcables > Egreso > Calada,2026-09-30 18:18:25,2026-09-30 19:38:07,Large Truck,Volvo,True,True,RICARDONE,PELLETS GIRASOL,BUNGE ARGENTINA S.A.-30700869918-231767,EGRESO
RDL445,circuito_ambiguo,Tolva de carga silo Chief > Salida 2,2026-09-24 13:19:28,2026-09-24 13:53:54,Medium Truck,Mercedes-Benz,True,True,RICARDONE,SOJA,CARGILL S.A.C.I.-30506792165-220165;UNION AGRICOLA DE AVELLANEDA COOP.LTDA.-3050,EGRESO
RDL445,circuito_ambiguo,Ingreso > Calada,2026-09-25 09:03:50,2026-09-25 14:26:16,Medium Truck,Mercedes-Benz,True,True,RICARDONE,PELLETS GIRASOL;SOJA,CARGILL S.A.C.I.-30506792165-220165,EGRESO
RDL445,circuito_ambiguo,Ingreso > Pre ingreso,2026-09-27 08:45:02,2026-09-27 12:45:58,Medium Truck,Mercedes-Benz,True,True,RICARDONE,SOJA,CARGILL S.A.C.I.-30506792165-220165,EGRESO
RGV982,circuito_ambiguo,Balanza Ingreso > Plataformas Volcables > Balanza Ingreso,2026-09-24 10:33:55,2026-09-24 11:31:43,Medium Truck,Mercedes-Benz,True,True,RICARDONE,PELLETS GIRASOL;SOJA,CARGILL S.A.C.I.-30506792165-220165;UNION AGRICOLA DE AVELLANEDA COOP.LTDA.-3050,EGRESO
RGV982,circuito_ambiguo,Balanza Ingreso > Ingreso,2026-09-25 13:05:15,2026-09-25 14:52:05,Medium Truck,Mercedes-Benz,True,True,RICARDONE,PELLETS GIRASOL;SOJA,CARGILL S.A.C.I.-30506792165-220165,EGRESO
RGV982,circuito_ambiguo,Pre ingreso > Balanza Ingreso > Playa 3,2026-09-25 17:02:07,2026-09-25 17:36:37,Medium Truck,Mercedes-Benz,True,True,RICARDONE,PELLETS GIRASOL;SOJA,CARGILL S.A.C.I.-30506792165-220165,EGRESO
RGV982,circuito_ambiguo,Pre ingreso > Balanza Ingreso > Ingreso,2026-09-26 03:07:37,2026-09-26 10:09:44,Medium Truck,Hyundai,True,True,RICARDONE,PELLETS GIRASOL;SOJA,BUNGE ARGENTINA S.A.-30700869918-231767;CARGILL S.A.C.I.-30506792165-220165,EGRESO
RGV982,circuito_ambiguo,Balanza Ingreso > Playa 3 > Ingreso,2026-09-26 12:50:16,2026-09-26 13:54:03,Medium Truck,Mercedes-Benz,True,True,RICARDONE,PELLETS GIRASOL;SOJA,BUNGE ARGENTINA S.A.-30700869918-231767;CARGILL S.A.C.I.-30506792165-220165,EGRESO
RGV982,circuito_ambiguo,Pre ingreso > Balanza Ingreso > Playa 3 > Ingreso,2026-09-26 16:17:40,2026-09-26 18:00:05,Medium Truck,Mercedes-Benz,True,True,RICARDONE,PELLETS GIRASOL;SOJA,BUNGE ARGENTINA S.A.-30700869918-231767;CARGILL S.A.C.I.-30506792165-220165,EGRESO
RGV982,circuito_ambiguo,Balanza Ingreso > Calada > Salida 2 > Ingreso,2026-09-27 07:57:27,2026-09-27 10:04:03,Medium Truck,Mercedes-Benz,True,True,RICARDONE,SOJA,CARGILL S.A.C.I.-30506792165-220165,EGRESO
RGV982,circuito_ambiguo,Balanza Ingreso > Calada > Salida 2 > Ingreso,2026-09-28 12:20:16,2026-09-28 17:17:12,Medium Truck,Mercedes-Benz,True,True,RICARDONE,SOJA,CARGILL S.A.C.I.-30506792165-220165,EGRESO
RGV982,circuito_ambiguo,Balanza Ingreso > Calada > Ingreso > Balanza Ingreso,2026-09-29 09:30:27,2026-09-29 12:10:47,Medium Truck,Mercedes-Benz,True,True,RICARDONE,SOJA,CARGILL S.A.C.I.-30506792165-220165,EGRESO
RLP943,circuito_ambiguo,Pre ingreso > Calada,2026-09-24 03:13:33,2026-09-24 04:30:09,Large Truck,,True,True,RICARDONE;TERMINAL_EMBARQUE,SOJA,CARGILL S.A.C.I.-30506792165-220165;UNION AGRICOLA DE AVELLANEDA COOP.LTDA.-3050,EGRESO;INGRESO
RLP943,circuito_ambiguo,Pre ingreso > Balanza Ingreso > Playa 3,2026-09-24 10:44:16,2026-09-24 10:54:36,Medium Truck,Volvo,True,True,RICARDONE,PELLETS GIRASOL;SOJA,CARGILL S.A.C.I.-30506792165-220165;UNION AGRICOLA DE AVELLANEDA COOP.LTDA.-3050,EGRESO
RLP943,circuito_ambiguo,Balanza Ingreso > Playa 3 > Calada > Salida 2 > Ingreso > Plataformas Volcables,2026-09-24 14:49:47,2026-09-24 15:49:47,Medium Truck,Mitsubishi,True,True,RICARDONE,PELLETS GIRASOL;SOJA,CARGILL S.A.C.I.-30506792165-220165;UNION AGRICOLA DE AVELLANEDA COOP.LTDA.-3050,EGRESO
RLP943,circuito_ambiguo,Plataformas Volcables > Calada,2026-09-24 23:32:26,2026-09-25 00:12:17,Medium Truck,,True,True,RICARDONE,PELLETS GIRASOL,CARGILL S.A.C.I.-30506792165-220165,EGRESO
RLP943,circuito_ambiguo,Ingreso > Pre ingreso,2026-09-25 01:02:57,2026-09-25 04:19:13,Bus,Chevrolet,True,True,RICARDONE;TERMINAL_EMBARQUE,PELLETS GIRASOL;SOJA,CARGILL S.A.C.I.-30506792165-220165,EGRESO;INGRESO
RLP943,circuito_ambiguo,Pre ingreso > Calada > Salida 2 > Ingreso > Calada > Balanza Ingreso,2026-09-25 11:08:52,2026-09-25 14:01:39,Medium Truck,,True,True,RICARDONE;TERMINAL_EMBARQUE,PELLETS GIRASOL;SOJA,CARGILL S.A.C.I.-30506792165-220165,EGRESO;INGRESO
RLP943,circuito_ambiguo,Plataformas Volcables > Egreso > Pre ingreso > Calada > Balanza Ingreso > Playa 3,2026-09-25 15:05:25,2026-09-25 16:46:32,Medium Truck,ISUZU,True,True,RICARDONE;TERMINAL_EMBARQUE,PELLETS GIRASOL;SOJA,CARGILL S.A.C.I.-30506792165-220165,EGRESO;INGRESO
RLP943,circuito_ambiguo,Balanza Ingreso > Calada,2026-09-28 12:43:57,2026-09-28 17:28:11,Large Truck,,True,True,RICARDONE,SOJA,CARGILL S.A.C.I.-30506792165-220165,EGRESO
RNM392,circuito_ambiguo,Balanza Ingreso > Egreso > Playa 3,2026-09-26 09:21:39,2026-09-26 10:58:30,Medium Truck,Mercedes-Benz,True,True,RICARDONE,PELLETS GIRASOL,BUNGE ARGENTINA S.A.-30700869918-231767;CARGILL S.A.C.I.-30506792165-220165,EGRESO
RNM392,circuito_ambiguo,Pre ingreso > Calada > Playa 3 > Calada > Egreso,2026-09-28 05:57:15,2026-09-28 11:10:03,Large Truck,Mercedes-Benz,True,True,RICARDONE,SOJA,CARGILL S.A.C.I.-30506792165-220165,EGRESO
RNM392,circuito_ambiguo,Calada > Playa 3 > Ingreso,2026-09-28 11:33:19,2026-09-28 15:00:16,Bus,Mercedes-Benz,True,True,RICARDONE,SOJA,CARGILL S.A.C.I.-30506792165-220165,EGRESO
RNM392,circuito_ambiguo,Plataformas Volcables > Egreso > Playa 3,2026-09-30 12:56:41,2026-09-30 13:53:16,Medium Truck,Mercedes-Benz,True,True,RICARDONE,PELLETS GIRASOL,BUNGE ARGENTINA S.A.-30700869918-231767,EGRESO
ROS380,circuito_ambiguo,Pre ingreso > Balanza Ingreso > Calada,2026-09-24 05:42:47,2026-09-24 09:51:36,Sedan,,True,True,RICARDONE;TERMINAL_EMBARQUE,PELLETS GIRASOL;SOJA,CARGILL S.A.C.I.-30506792165-220165;UNION AGRICOLA DE AVELLANEDA COOP.LTDA.-3050,EGRESO;INGRESO
ROS380,circuito_ambiguo,Playa 3 > Salida 2 > Ingreso,2026-09-24 11:14:39,2026-09-24 15:24:19,Medium Truck,Volvo,True,True,RICARDONE,PELLETS GIRASOL;SOJA,CARGILL S.A.C.I.-30506792165-220165;UNION AGRICOLA DE AVELLANEDA COOP.LTDA.-3050,EGRESO
ROS380,circuito_ambiguo,Pre ingreso > Balanza Ingreso > Egreso,2026-09-25 04:17:10,2026-09-25 10:06:10,Medium Truck,,True,True,RICARDONE,PELLETS GIRASOL;SOJA,CARGILL S.A.C.I.-30506792165-220165,EGRESO
ROS380,circuito_ambiguo,Balanza Ingreso > Playa 3 > Balanza Egreso > Ingreso,2026-09-25 10:26:47,2026-09-25 11:44:06,Medium Truck,,True,True,RICARDONE,PELLETS GIRASOL;SOJA,CARGILL S.A.C.I.-30506792165-220165,EGRESO
ROS380,circuito_ambiguo,Pre ingreso > Balanza Ingreso,2026-09-25 15:44:13,2026-09-25 15:56:34,Sedan,,True,True,RICARDONE,PELLETS GIRASOL;SOJA,CARGILL S.A.C.I.-30506792165-220165,EGRESO
ROS380,circuito_ambiguo,Pre ingreso > Calada,2026-09-26 02:26:16,2026-09-26 04:17:47,Sedan,,True,True,RICARDONE,PELLETS GIRASOL;SOJA,BUNGE ARGENTINA S.A.-30700869918-231767;CARGILL S.A.C.I.-30506792165-220165,EGRESO
ROS380,circuito_ambiguo,Pre ingreso > Playa 3 > Ingreso > Egreso,2026-09-26 05:32:35,2026-09-26 10:11:51,Medium Truck,Haval,True,True,RICARDONE,PELLETS GIRASOL;SOJA,BUNGE ARGENTINA S.A.-30700869918-231767;CARGILL S.A.C.I.-30506792165-220165,EGRESO
ROS380,circuito_ambiguo,Pre ingreso > Balanza Ingreso,2026-09-26 10:24:20,2026-09-26 10:48:04,,,True,True,RICARDONE,PELLETS GIRASOL;SOJA,BUNGE ARGENTINA S.A.-30700869918-231767;CARGILL S.A.C.I.-30506792165-220165,EGRESO
RQC013,circuito_ambiguo,Plataformas Volcables > Egreso > Calada,2026-09-24 11:27:27,2026-09-24 16:56:39,Large Truck,,True,True,RICARDONE,PELLETS GIRASOL;SOJA,CARGILL S.A.C.I.-30506792165-220165;UNION AGRICOLA DE AVELLANEDA COOP.LTDA.-3050,EGRESO
RQC013,circuito_ambiguo,Egreso > Calada,2026-09-28 10:51:00,2026-09-28 13:19:29,Bus,,True,True,RICARDONE,SOJA,CARGILL S.A.C.I.-30506792165-220165,EGRESO
RQO464,circuito_ambiguo,Ingreso > Pre ingreso,2026-09-24 02:14:25,2026-09-24 02:18:55,Sedan,,True,True,TERMINAL_EMBARQUE,SOJA,LDC ARGENTINA S.A.-30526712729-221642,INGRESO
RRE349,circuito_ambiguo,Balanza Ingreso > Playa 3 > Balanza Ingreso,2026-09-30 16:37:21,2026-09-30 20:42:10,Medium Truck,Rolls-Royce,True,True,RICARDONE,PELLETS GIRASOL,BUNGE ARGENTINA S.A.-30700869918-231767,EGRESO
RUK692,circuito_ambiguo,Balanza Ingreso > Egreso > Calada,2026-09-25 07:23:25,2026-09-25 09:39:23,SUV,Mercedes-Benz,True,True,RICARDONE;TERMINAL_EMBARQUE,GLICERINA,RENOVA SA.-30709590894-209319,EGRESO;INGRESO
RUK692,circuito_ambiguo,Ingreso > Carga/Descarga Renova,2026-09-28 15:02:34,2026-09-28 15:29:26,Medium Truck,Mercedes-Benz,True,True,TERMINAL_EMBARQUE,GLICERINA,RENOVA S.A.-30709590894-242524,INGRESO
RUK692,circuito_ambiguo,Balanza Ingreso > Carga/Descarga Renova,2026-09-28 18:22:24,2026-09-28 20:40:35,Medium Truck,Mercedes-Benz,True,True,TERMINAL_EMBARQUE,GLICERINA,RENOVA S.A.-30709590894-242524,INGRESO
RUK692,circuito_ambiguo,Balanza Ingreso > Carga/Descarga Renova,2026-09-29 16:00:52,2026-09-29 16:34:51,Bus,Mercedes-Benz,True,True,TERMINAL_EMBARQUE,GLICERINA,RENOVA S.A.-30709590894-242524,INGRESO
RXV065,circuito_ambiguo,Ingreso > Plataformas Volcables > Egreso > Pre ingreso > Calada,2026-09-26 16:19:14,2026-09-26 23:22:50,Medium Truck,Scania,True,True,RICARDONE,PELLETS GIRASOL;SOJA,BUNGE ARGENTINA S.A.-30700869918-231767;CARGILL S.A.C.I.-30506792165-220165,EGRESO
RXV065,circuito_ambiguo,Pre ingreso > Balanza Ingreso > Calada > Salida 2 > Ingreso > Egreso,2026-09-27 02:17:09,2026-09-27 04:00:13,Medium Truck,Scania,True,True,RICARDONE,PELLETS GIRASOL;SOJA,CARGILL S.A.C.I.-30506792165-220165,EGRESO
RXV065,circuito_ambiguo,Pre ingreso > Balanza Ingreso > Calada > Ingreso > Plataformas Volcables > Egreso,2026-09-28 22:39:12,2026-09-29 02:16:42,Medium Truck,Scania,True,True,RICARDONE,SOJA,CARGILL S.A.C.I.-30506792165-220165,EGRESO
RYJ562,circuito_ambiguo,Balanza Ingreso > Balanza Ingreso,2026-09-25 01:07:31,2026-09-25 03:14:57,Medium Truck,Mercedes-Benz,True,True,RICARDONE,PELLETS GIRASOL,CARGILL S.A.C.I.-30506792165-220165,EGRESO
RYL693,circuito_ambiguo,Calada > Playa 3,2026-09-24 09:24:48,2026-09-24 09:52:29,Medium Truck,Mercedes-Benz,True,False,,,,
SAT582,circuito_ambiguo,Playa 3 > Balanza Ingreso > Plataformas Volcables,2026-09-30 11:42:18,2026-09-30 16:03:39,Medium Truck,Mercedes-Benz,True,True,RICARDONE,PELLETS GIRASOL,BUNGE ARGENTINA S.A.-30700869918-231767,EGRESO
SBV011,circuito_ambiguo,Pre ingreso > Calada,2026-09-30 23:30:29,2026-09-30 23:59:27,Large Truck,Scania,True,True,TERMINAL_EMBARQUE,SOJA,COMMODITIES S.A.-30640872566-222089,INGRESO
SFN197,circuito_ambiguo,Pre ingreso > Calada,2026-09-28 17:02:47,2026-09-28 18:13:35,Sedan,Mercedes-Benz,True,True,RICARDONE,GIRASOL,BUNGE ARGENTINA S.A.-30700869918-231767,INGRESO
SMN846,circuito_ambiguo,Balanza Ingreso > Carga/Descarga Renova,2026-09-24 08:44:52,2026-09-24 08:50:11,Medium Truck,Hino,True,True,TERMINAL_EMBARQUE,GLICERINA REFINADA,RENOVA SA.-30709590894-209319,EGRESO
TAC436,circuito_ambiguo,Balanza Egreso > Egreso,2026-09-24 05:35:37,2026-09-24 06:14:08,Sedan,,True,True,RICARDONE;TERMINAL_EMBARQUE,SOJA,CARGILL S.A.C.I.-30506792165-220165;UNION AGRICOLA DE AVELLANEDA COOP.LTDA.-3050,EGRESO;INGRESO
TAC436,circuito_ambiguo,Pre ingreso > Balanza Ingreso > Egreso,2026-09-24 06:23:09,2026-09-24 11:44:52,Medium Truck,,True,True,RICARDONE;TERMINAL_EMBARQUE,PELLETS GIRASOL;SOJA,CARGILL S.A.C.I.-30506792165-220165;UNION AGRICOLA DE AVELLANEDA COOP.LTDA.-3050,EGRESO;INGRESO
TAC436,circuito_ambiguo,Pre ingreso > Balanza Ingreso,2026-09-25 18:28:55,2026-09-25 18:36:53,Medium Truck,,True,True,RICARDONE,PELLETS GIRASOL;SOJA,BUNGE ARGENTINA S.A.-30700869918-231767;CARGILL S.A.C.I.-30506792165-220165,EGRESO
TAC436,circuito_ambiguo,Pre ingreso > Calada > Balanza Ingreso > Calada,2026-09-26 00:31:02,2026-09-26 06:18:16,Pickup,Scania,True,True,RICARDONE,PELLETS GIRASOL;SOJA,BUNGE ARGENTINA S.A.-30700869918-231767;CARGILL S.A.C.I.-30506792165-220165,EGRESO
TAC436,circuito_ambiguo,Balanza Ingreso > Ingreso > Plataformas Volcables,2026-09-26 07:57:01,2026-09-26 10:38:10,Medium Truck,,True,True,RICARDONE,PELLETS GIRASOL;SOJA,BUNGE ARGENTINA S.A.-30700869918-231767;CARGILL S.A.C.I.-30506792165-220165,EGRESO
TAC436,circuito_ambiguo,Calada > Balanza Ingreso > Egreso,2026-09-26 11:13:41,2026-09-26 15:02:12,Bus,,True,True,RICARDONE,PELLETS GIRASOL;SOJA,BUNGE ARGENTINA S.A.-30700869918-231767;CARGILL S.A.C.I.-30506792165-220165,EGRESO
TAC436,circuito_ambiguo,Pre ingreso > Calada > Balanza Egreso,2026-09-26 23:21:41,2026-09-27 00:20:31,Bus,Renault,True,True,RICARDONE,PELLETS GIRASOL;SOJA,CARGILL S.A.C.I.-30506792165-220165,EGRESO
TAC436,circuito_ambiguo,Pre ingreso > Balanza Ingreso > Calada > Salida 2 > Ingreso > Egreso,2026-09-27 02:31:41,2026-09-27 12:48:39,Pickup,,True,True,RICARDONE;TERMINAL_EMBARQUE,PELLETS GIRASOL;SOJA,CARGILL S.A.C.I.-30506792165-220165,EGRESO;INGRESO
TAC436,circuito_ambiguo,Pre ingreso > Balanza Ingreso > Playa 3 > Egreso,2026-09-27 13:00:40,2026-09-27 15:18:04,Medium Truck,,True,True,RICARDONE;TERMINAL_EMBARQUE,SOJA,CARGILL S.A.C.I.-30506792165-220165,EGRESO;INGRESO
TAC436,circuito_ambiguo,Balanza Ingreso > Playa 3 > Balanza Egreso > Salida 2 > Ingreso,2026-09-27 15:34:40,2026-09-27 17:56:50,SUV,,True,True,RICARDONE;TERMINAL_EMBARQUE,SOJA,CARGILL S.A.C.I.-30506792165-220165,EGRESO;INGRESO
TAC436,circuito_ambiguo,Calada > Balanza Ingreso > Calada > Egreso,2026-09-27 22:05:00,2026-09-28 03:11:02,Pickup,Chevrolet,True,True,RICARDONE;TERMINAL_EMBARQUE,SOJA,CARGILL S.A.C.I.-30506792165-220165,EGRESO;INGRESO
TAC436,circuito_ambiguo,Calada > Balanza Ingreso,2026-09-28 03:26:18,2026-09-28 03:37:41,Pickup,,True,True,RICARDONE;TERMINAL_EMBARQUE,SOJA,CARGILL S.A.C.I.-30506792165-220165,EGRESO;INGRESO
TAC436,circuito_ambiguo,Balanza Ingreso > Salida 2,2026-09-28 10:39:56,2026-09-28 11:37:59,,,True,True,RICARDONE,SOJA,CARGILL S.A.C.I.-30506792165-220165,EGRESO
TAC436,circuito_ambiguo,Balanza Ingreso > Playa 3 > Salida 2 > Ingreso > Balanza Ingreso,2026-09-28 13:43:31,2026-09-28 18:23:33,Pickup,Jeep,True,True,RICARDONE,SOJA,CARGILL S.A.C.I.-30506792165-220165,EGRESO
TAC436,circuito_ambiguo,Balanza Ingreso > Playa 3 > Ingreso > Balanza Ingreso,2026-09-30 16:41:11,2026-09-30 20:44:12,SUV,Dodge Caliber,True,True,RICARDONE,PELLETS GIRASOL,BUNGE ARGENTINA S.A.-30700869918-231767,EGRESO
TVC472,circuito_ambiguo,Pre ingreso > Calada > Balanza Ingreso,2026-09-24 10:53:41,2026-09-24 11:23:59,Medium Truck,FAW,True,True,TERMINAL_EMBARQUE,ACEITE SOJA CRUDO DESGOMADO,MOLINOS RIO DE LA PLATA S.A.-30500858628-201274,EGRESO
TVC472,circuito_ambiguo,Carga / Descarga OSL > Calada,2026-09-24 11:59:26,2026-09-24 13:02:22,Large Truck,Scania,True,True,TERMINAL_EMBARQUE,ACEITE SOJA CRUDO DESGOMADO,MOLINOS RIO DE LA PLATA S.A.-30500858628-201274,EGRESO
TVH101,circuito_ambiguo,Pre ingreso > Balanza Ingreso > Playa 3 > Calada > Ingreso > Balanza Ingreso > Egreso,2026-09-24 03:16:01,2026-09-24 12:28:40,Medium Truck,,True,True,RICARDONE;TERMINAL_EMBARQUE,PELLETS GIRASOL;SOJA,CARGILL S.A.C.I.-30506792165-220165;UNION AGRICOLA DE AVELLANEDA COOP.LTDA.-3050,EGRESO;INGRESO
TVH101,circuito_ambiguo,Balanza Ingreso > Playa 3,2026-09-24 12:48:11,2026-09-24 12:53:01,Large Truck,,True,True,RICARDONE,PELLETS GIRASOL;SOJA,CARGILL S.A.C.I.-30506792165-220165,EGRESO
TVH101,circuito_ambiguo,Balanza Ingreso > Plataformas Volcables > Egreso,2026-09-24 18:18:20,2026-09-24 22:10:48,Large Truck,,True,True,RICARDONE,PELLETS GIRASOL,CARGILL S.A.C.I.-30506792165-220165,EGRESO
TVH101,circuito_ambiguo,Pre ingreso > Balanza Ingreso > Calada > Salida 2 > Ingreso > Plataformas Volcables,2026-09-28 11:03:04,2026-09-28 15:00:12,Sedan,Dodge Caliber,True,True,RICARDONE,SOJA,CARGILL S.A.C.I.-30506792165-220165,EGRESO
TVH101,circuito_ambiguo,Balanza Ingreso > Balanza Ingreso,2026-09-28 15:27:27,2026-09-28 19:58:12,Medium Truck,,True,True,RICARDONE,SOJA,CARGILL S.A.C.I.-30506792165-220165,EGRESO
TVH101,circuito_ambiguo,Balanza Ingreso > Tolva de carga silo Chief,2026-09-29 07:19:50,2026-09-29 08:05:14,Medium Truck,,True,True,RICARDONE,SOJA,CARGILL S.A.C.I.-30506792165-220165,EGRESO
TVH101,circuito_ambiguo,Playa 3 > Ingreso > Balanza Ingreso > Egreso,2026-09-30 10:38:30,2026-09-30 15:24:14,Large Truck,,True,True,RICARDONE,PELLETS GIRASOL,BUNGE ARGENTINA S.A.-30700869918-231767,EGRESO
TVH101,circuito_ambiguo,Pre ingreso > Calada > Balanza Ingreso > Playa 3 > Balanza Ingreso > Plataformas Volcables,2026-09-30 15:37:40,2026-09-30 20:51:46,Bus,Dodge Caliber,True,True,RICARDONE,PELLETS GIRASOL,BUNGE ARGENTINA S.A.-30700869918-231767,EGRESO
TZQ583,circuito_ambiguo,Calada > Tolva de carga silo Chief,2026-09-24 05:44:32,2026-09-24 10:33:20,Medium Truck,Scania,True,True,RICARDONE;TERMINAL_EMBARQUE,SOJA,CARGILL S.A.C.I.-30506792165-220165;UNION AGRICOLA DE AVELLANEDA COOP.LTDA.-3050,EGRESO;INGRESO
UKL882,circuito_ambiguo,Balanza Ingreso > Plataformas Volcables,2026-09-24 20:07:21,2026-09-24 22:39:40,Medium Truck,Renault,True,True,RICARDONE,PELLETS GIRASOL;SOJA,CARGILL S.A.C.I.-30506792165-220165,EGRESO
UKL882,circuito_ambiguo,Plataformas Volcables > Egreso > Calada,2026-09-25 08:49:50,2026-09-25 11:46:38,Large Truck,Iveco,True,True,RICARDONE,PELLETS GIRASOL;SOJA,CARGILL S.A.C.I.-30506792165-220165,EGRESO
UKL882,circuito_ambiguo,Tolva de carga silo Chief > Calada,2026-09-25 20:50:01,2026-09-25 21:05:16,Medium Truck,Jeep,True,True,RICARDONE,PELLETS GIRASOL;SOJA,BUNGE ARGENTINA S.A.-30700869918-231767;CARGILL S.A.C.I.-30506792165-220165,EGRESO
UKL882,circuito_ambiguo,Pre ingreso > Playa 3,2026-09-26 02:39:37,2026-09-26 07:56:09,Medium Truck,,True,True,RICARDONE,PELLETS GIRASOL;SOJA,BUNGE ARGENTINA S.A.-30700869918-231767;CARGILL S.A.C.I.-30506792165-220165,EGRESO
UKL882,circuito_ambiguo,Balanza Ingreso > Balanza Ingreso > Plataformas Volcables,2026-09-26 14:37:43,2026-09-26 19:16:05,Medium Truck,Iveco,True,True,RICARDONE,PELLETS GIRASOL;SOJA,BUNGE ARGENTINA S.A.-30700869918-231767;CARGILL S.A.C.I.-30506792165-220165,EGRESO
UKL882,circuito_ambiguo,Egreso > Pre ingreso,2026-09-27 12:54:14,2026-09-27 13:04:43,Medium Truck,Mitsubishi,True,True,RICARDONE;TERMINAL_EMBARQUE,SOJA,CARGILL S.A.C.I.-30506792165-220165,EGRESO;INGRESO
UKL882,circuito_ambiguo,Balanza Ingreso > Egreso > Playa 3,2026-09-27 14:54:23,2026-09-27 15:41:49,Pickup,Scania,True,True,RICARDONE;TERMINAL_EMBARQUE,SOJA,CARGILL S.A.C.I.-30506792165-220165,EGRESO;INGRESO
UKL882,circuito_ambiguo,Playa 3 > Tolva de carga silo Chief,2026-09-27 21:01:42,2026-09-28 02:06:53,Medium Truck,Jeep,True,True,RICARDONE;TERMINAL_EMBARQUE,SOJA,CARGILL S.A.C.I.-30506792165-220165,EGRESO;INGRESO
UKL882,circuito_ambiguo,Balanza Ingreso > Plataformas Volcables > Egreso > Calada,2026-09-30 17:10:04,2026-09-30 18:05:43,Medium Truck,Audi,True,True,RICARDONE,PELLETS GIRASOL,BUNGE ARGENTINA S.A.-30700869918-231767,EGRESO
UPM705,circuito_ambiguo,Balanza Egreso > Ingreso,2026-09-30 11:12:02,2026-09-30 11:33:11,Medium Truck,Volvo,False,False,,,,
UPW705,circuito_ambiguo,Calada > Playa 3 > Plataformas Volcables,2026-09-28 00:46:00,2026-09-28 02:27:43,Pickup,Porsche,True,True,RICARDONE;TERMINAL_EMBARQUE,SOJA,CARGILL S.A.C.I.-30506792165-220165,EGRESO;INGRESO
UPW705,circuito_ambiguo,Playa 3 > Plataformas Volcables > Egreso,2026-09-30 10:05:54,2026-09-30 15:05:41,Medium Truck,Mercedes-Benz,True,True,RICARDONE,PELLETS GIRASOL,BUNGE ARGENTINA S.A.-30700869918-231767,EGRESO
UPW705,circuito_ambiguo,Balanza Ingreso > Playa 3 > Ingreso,2026-09-30 15:36:16,2026-09-30 16:54:16,Medium Truck,Mercedes-Benz,True,True,RICARDONE,PELLETS GIRASOL,BUNGE ARGENTINA S.A.-30700869918-231767,EGRESO
UUL425,circuito_ambiguo,Balanza Ingreso > Plataformas Volcables > Egreso > Playa 3,2026-09-24 04:23:46,2026-09-24 11:51:07,Medium Truck,Mercedes-Benz,True,True,RICARDONE;TERMINAL_EMBARQUE,SOJA,CARGILL S.A.C.I.-30506792165-220165;UNION AGRICOLA DE AVELLANEDA COOP.LTDA.-3050,EGRESO;INGRESO
UUL425,circuito_ambiguo,Egreso > Calada,2026-09-26 09:18:29,2026-09-26 09:34:04,MPV,Mercedes-Benz,True,True,RICARDONE,PELLETS GIRASOL;SOJA,BUNGE ARGENTINA S.A.-30700869918-231767;CARGILL S.A.C.I.-30506792165-220165,EGRESO
UUL425,circuito_ambiguo,Ingreso > Balanza Ingreso > Pre ingreso,2026-09-26 14:59:18,2026-09-26 18:13:28,SUV,Mercedes-Benz,True,True,RICARDONE,PELLETS GIRASOL;SOJA,BUNGE ARGENTINA S.A.-30700869918-231767;CARGILL S.A.C.I.-30506792165-220165,EGRESO
UUL425,circuito_ambiguo,Playa 3 > Calada > Salida 2 > Ingreso,2026-09-27 09:08:25,2026-09-27 11:04:18,Medium Truck,Mercedes-Benz,True,True,RICARDONE;TERMINAL_EMBARQUE,SOJA,CARGILL S.A.C.I.-30506792165-220165,EGRESO;INGRESO
UUL425,circuito_ambiguo,Pre ingreso > Calada > Playa 3 > Salida 2 > Ingreso,2026-09-27 13:44:55,2026-09-27 17:09:38,Medium Truck,Mercedes-Benz,True,True,RICARDONE;TERMINAL_EMBARQUE,SOJA,CARGILL S.A.C.I.-30506792165-220165,EGRESO;INGRESO
UUO981,circuito_ambiguo,Pre ingreso > Balanza Ingreso > Playa 3 > Ingreso > Balanza Ingreso > Plataformas Volcables,2026-09-25 05:03:10,2026-09-25 17:10:21,Medium Truck,Mercedes-Benz,True,True,RICARDONE,PELLETS GIRASOL;SOJA,CARGILL S.A.C.I.-30506792165-220165,EGRESO
UUO981,circuito_ambiguo,Balanza Ingreso > Ingreso > Balanza Ingreso,2026-09-26 07:40:58,2026-09-26 08:34:01,Medium Truck,Mercedes-Benz,True,True,RICARDONE,PELLETS GIRASOL,BUNGE ARGENTINA S.A.-30700869918-231767;CARGILL S.A.C.I.-30506792165-220165,EGRESO
UUO981,circuito_ambiguo,Pre ingreso > Balanza Ingreso > Ingreso,2026-09-26 13:42:59,2026-09-26 15:15:03,Medium Truck,Mercedes-Benz,True,True,RICARDONE,PELLETS GIRASOL,BUNGE ARGENTINA S.A.-30700869918-231767;CARGILL S.A.C.I.-30506792165-220165,EGRESO
UUO981,circuito_ambiguo,Balanza Ingreso > Volcable Silo Keppler,2026-09-28 06:21:20,2026-09-28 11:55:32,Medium Truck,Mercedes-Benz,True,True,RICARDONE,PRODUCTOS VARIOS,,EGRESO
UWX998,circuito_ambiguo,Plataformas Volcables > Calada,2026-09-26 12:26:33,2026-09-26 17:24:12,Medium Truck,,True,True,RICARDONE,PELLETS GIRASOL;SOJA,BUNGE ARGENTINA S.A.-30700869918-231767;CARGILL S.A.C.I.-30506792165-220165,EGRESO
UWX998,circuito_ambiguo,Plataformas Volcables > Pre ingreso,2026-09-28 10:17:34,2026-09-28 10:40:44,Medium Truck,,True,True,RICARDONE;TERMINAL_EMBARQUE,SOJA,CARGILL S.A.C.I.-30506792165-220165,EGRESO;INGRESO
UWX998,circuito_ambiguo,Balanza Ingreso > Calada,2026-09-30 10:24:55,2026-09-30 11:32:39,Medium Truck,,True,True,RICARDONE,PELLETS GIRASOL,BUNGE ARGENTINA S.A.-30700869918-231767,EGRESO
UXG866,circuito_ambiguo,Pre ingreso > Playa 3,2026-09-30 07:07:56,2026-09-30 07:53:54,Medium Truck,Mercedes-Benz,True,True,RICARDONE,GIRASOL,BUNGE ARGENTINA S.A.-30700869918-231767,INGRESO
UXY850,circuito_ambiguo,Balanza Ingreso > Calada,2026-09-24 00:16:56,2026-09-24 04:46:18,Medium Truck,Mercedes-Benz,True,True,RICARDONE,SOJA,CARGILL S.A.C.I.-30506792165-220165;UNION AGRICOLA DE AVELLANEDA COOP.LTDA.-3050,EGRESO
UYM942,circuito_ambiguo,Playa 3 > Tolva de carga silo Chief > Calada,2026-09-24 08:22:38,2026-09-24 11:35:00,Medium Truck,Mercedes-Benz,True,True,RICARDONE,SOJA,CARGILL S.A.C.I.-30506792165-220165,EGRESO
UYM942,circuito_ambiguo,Playa 3 > Balanza Ingreso > Plataformas Volcables,2026-09-25 08:34:00,2026-09-25 14:00:20,Medium Truck,Mercedes-Benz,True,True,RICARDONE,PELLETS GIRASOL;SOJA,CARGILL S.A.C.I.-30506792165-220165,EGRESO
UYM942,circuito_ambiguo,Balanza Ingreso > Egreso,2026-09-26 13:03:27,2026-09-26 16:23:25,Medium Truck,,True,True,RICARDONE,PELLETS GIRASOL,CARGILL S.A.C.I.-30506792165-220165,EGRESO
UYM942,circuito_ambiguo,Playa 3 > Tolva de carga silo Chief > Calada,2026-09-27 14:16:19,2026-09-27 16:47:49,Medium Truck,Mercedes-Benz,True,True,RICARDONE,SOJA,CARGILL S.A.C.I.-30506792165-220165,EGRESO
UYM942,circuito_ambiguo,Playa 3 > Balanza Ingreso,2026-09-30 10:46:34,2026-09-30 14:09:56,Large Truck,Mercedes-Benz,True,True,RICARDONE,PELLETS GIRASOL,BUNGE ARGENTINA S.A.-30700869918-231767,EGRESO
UZN699,circuito_ambiguo,Pre ingreso > Calada,2026-09-27 22:50:19,2026-09-27 23:15:59,Medium Truck,Mercedes-Benz,True,True,RICARDONE,GIRASOL,CARGILL S.A.C.I.-30506792165-220165,INGRESO
VAJ028,circuito_ambiguo,Plataformas Volcables > Egreso > Playa 3,2026-09-25 01:59:57,2026-09-25 07:37:51,Medium Truck,Mercedes-Benz,True,True,RICARDONE,PELLETS GIRASOL;SOJA,CARGILL S.A.C.I.-30506792165-220165,EGRESO
VAJ028,circuito_ambiguo,Ingreso > Egreso > Pre ingreso > Balanza Ingreso,2026-09-26 08:50:31,2026-09-26 10:09:09,Medium Truck,Mercedes-Benz,True,True,RICARDONE,PELLETS GIRASOL,BUNGE ARGENTINA S.A.-30700869918-231767;CARGILL S.A.C.I.-30506792165-220165,EGRESO
VAJ028,circuito_ambiguo,Plataformas Volcables > Egreso > Calada,2026-09-26 22:04:30,2026-09-27 08:07:01,Medium Truck,Mercedes-Benz,True,True,RICARDONE;TERMINAL_EMBARQUE,PELLETS GIRASOL;SOJA,CARGILL S.A.C.I.-30506792165-220165,EGRESO;INGRESO
VAJ028,circuito_ambiguo,Playa 3 > Balanza Ingreso > Plataformas Volcables,2026-09-28 09:53:59,2026-09-28 11:47:59,Medium Truck,Mercedes-Benz,True,True,RICARDONE,SOJA,CARGILL S.A.C.I.-30506792165-220165,EGRESO
VAJ028,circuito_ambiguo,Playa 3 > Ingreso > Egreso,2026-09-28 12:21:24,2026-09-28 18:09:38,Medium Truck,Mercedes-Benz,True,True,RICARDONE,SOJA,CARGILL S.A.C.I.-30506792165-220165,EGRESO
VAJ028,circuito_ambiguo,Pre ingreso > Balanza Ingreso > Egreso,2026-09-28 18:22:28,2026-09-28 23:31:41,Bus,Mercedes-Benz,True,True,RICARDONE,SOJA,CARGILL S.A.C.I.-30506792165-220165,EGRESO
VAJ028,circuito_ambiguo,Plataformas Volcables > Pre ingreso,2026-09-30 21:45:17,2026-09-30 22:15:54,Medium Truck,Mercedes-Benz,True,True,RICARDONE,PELLETS GIRASOL,BUNGE ARGENTINA S.A.-30700869918-231767,EGRESO
VBL713,circuito_ambiguo,Salida 2 > Ingreso > Calada,2026-09-27 15:51:39,2026-09-27 16:26:09,Medium Truck,Iveco,True,True,TERMINAL_EMBARQUE,SOJA,COMMODITIES S.A.-30640872566-222089,INGRESO
VCK738,circuito_ambiguo,Ingreso > Pre ingreso > Calada,2026-09-26 08:21:14,2026-09-26 16:37:51,Pickup,,True,True,RICARDONE,GLICERINA,RENOVA S.A.-30709590894-242524,INGRESO
VCK738,circuito_ambiguo,Calada > Balanza Ingreso,2026-09-28 15:21:27,2026-09-28 15:41:29,Pickup,Mercedes-Benz,True,True,RICARDONE,GLICERINA,RENOVA S.A.-30709590894-242524,INGRESO
VJG112,circuito_ambiguo,Plataformas Volcables > Calada,2026-09-24 07:26:06,2026-09-24 11:24:04,Medium Truck,Ford,True,True,RICARDONE;TERMINAL_EMBARQUE,PELLETS GIRASOL;SOJA,CARGILL S.A.C.I.-30506792165-220165;UNION AGRICOLA DE AVELLANEDA COOP.LTDA.-3050,EGRESO;INGRESO
VJG112,circuito_ambiguo,Calada > Playa 3,2026-09-26 06:16:30,2026-09-26 08:02:05,Small Truck,,True,True,RICARDONE,PELLETS GIRASOL;SOJA,BUNGE ARGENTINA S.A.-30700869918-231767;CARGILL S.A.C.I.-30506792165-220165,EGRESO
VJG112,circuito_ambiguo,Pre ingreso > Playa 3,2026-09-28 08:30:47,2026-09-28 11:50:03,Medium Truck,Kia,True,True,RICARDONE,SOJA,CARGILL S.A.C.I.-30506792165-220165,EGRESO
VNA879,circuito_ambiguo,Playa 3 > Balanza Egreso,2026-09-28 15:06:29,2026-09-28 15:11:58,Pickup,,True,False,,,,
VRA989,circuito_ambiguo,Playa 3 > Plataformas Volcables > Egreso,2026-09-24 10:17:40,2026-09-24 14:51:42,Small Truck,,True,True,RICARDONE;TERMINAL_EMBARQUE,PELLETS GIRASOL;SOJA,CARGILL S.A.C.I.-30506792165-220165;UNION AGRICOLA DE AVELLANEDA COOP.LTDA.-3050,EGRESO;INGRESO
WBY590,circuito_ambiguo,Pre ingreso > Calada,2026-09-29 17:06:54,2026-09-29 19:40:32,Medium Truck,Mercedes-Benz,True,True,RICARDONE,GIRASOL,BUNGE ARGENTINA S.A.-30700869918-231767,INGRESO
WGG348,circuito_ambiguo,Ingreso > Calada > Carga / Descarga OSL,2026-09-24 13:36:36,2026-09-24 15:24:14,Medium Truck,,True,True,TERMINAL_EMBARQUE,ACEITE GIRASOL REFINADO,RENOVA S.A.-30709590894-242524,EGRESO
WGG348,circuito_ambiguo,Calada > Carga / Descarga OSL,2026-09-28 08:00:22,2026-09-28 09:27:33,Medium Truck,Mercedes-Benz,True,True,TERMINAL_EMBARQUE,ACEITE GIRASOL REFINADO,RENOVA S.A.-30709590894-242524,EGRESO
WGG348,circuito_ambiguo,Calada > Balanza Ingreso,2026-09-28 17:54:27,2026-09-28 18:15:53,Medium Truck,Mercedes-Benz,True,True,TERMINAL_EMBARQUE,ACEITE GIRASOL REFINADO,RENOVA S.A.-30709590894-242524,EGRESO
WGG348,circuito_ambiguo,Calada > Carga / Descarga OSL,2026-09-29 13:15:11,2026-09-29 17:02:32,Medium Truck,Mercedes-Benz,True,True,TERMINAL_EMBARQUE,ACEITE GIRASOL REFINADO,RENOVA S.A.-30709590894-242524,EGRESO
WGG348,circuito_ambiguo,Ingreso > Calada > Carga / Descarga OSL,2026-09-30 11:24:48,2026-09-30 15:00:07,Medium Truck,Dodge Caliber,True,True,TERMINAL_EMBARQUE,ACEITE GIRASOL REFINADO,RENOVA S.A.-30709590894-242524,EGRESO
WIU141,circuito_ambiguo,Egreso > Pre ingreso > Balanza Ingreso,2026-09-24 15:00:47,2026-09-24 23:09:28,Medium Truck,Mercedes-Benz,True,True,RICARDONE,PELLETS GIRASOL;SOJA,CARGILL S.A.C.I.-30506792165-220165;UNION AGRICOLA DE AVELLANEDA COOP.LTDA.-3050,EGRESO
