journey_uid,truck_plate,normalized_plate,committee_group,committee_reason,operational_variation_type,analysis_scope,show_in_committee,show_as_exact_circuit,candidate_circuits,missing_key_cameras,strong_point_source,final_status,final_status_label,matrix_final_status,executive_status,executive_reason,valid_detail,executive_bucket,executive_bucket_label,confidence_level,reliability_score,reliability_explanation,expected_points_count,matched_points_count,missing_points_count,has_operational_entry,entry_source,has_operational_exit,exit_source,has_ingreso_frontal,has_logical_egreso,preliminary_code,event_count_front,logical_sequence_front,matched_circuit_code,executive_circuit_code,executive_circuit_label,technical_matched_circuit_code,sequence_respected,coverage_percent,has_strong_point,enabled_for_classification,sequence_configured,anomaly_origin_plant,anomaly_leg,matched_sequence_name,matched_variation_name,operationalAlertCount,hasInvalidRoute,hasInvalidJourneyStart,operationalAlertCodes,firstOperationalAlertAt,operationalAlertSectors,possibleSystemCutReason,anomaly_kind,anomaly_kind_reason,data_quality_flag,device_sequence_front,executive_anomaly_reason,final_status_legacy,has_strong_defining_point,ingreso_frontal_event_hits_on_journey,ingreso_frontal_reference,load_generated_at,load_group_type,load_period_end,load_period_start,matrix_confidence,matrix_missing_points,matrix_reason,rear_events_removed,rear_only_excluded,refinement_note,sector_sequence_front,source_day,source_file
merged_b345bf87-39b__77b7f9ff-a7f,AE260HD,AE260HD,ANOMALIAS,NO_DIFERENCIABLE_SIN_PUNTO_FUERTE,,UNKNOWN,true,false,SIN_PUNTO,,,incompleto_revision,Incompleto en revisión,INCOMPLETO,NO_DIFERENCIABLE,NO_DIFERENCIABLE_SIN_PUNTO_FUERTE,,INCOMPLETO,Incompleto,media,50,"Coinciden 3 de 6 puntos esperados. Faltan ingreso, preingreso, calada.",6,3,3,false,sin_ingreso,true,egreso_y_balanza,false,true,DESPACHO_SIN_PUNTO_INSTRUMENTADO,3,BALANZA_EGRESO>EGRESO>BALANZA_INGRESO,SIN_PUNTO,SIN_PUNTO,Sin punto instrumentado (sólidos),DESPACHO_SIN_PUNTO_INSTRUMENTADO,false,0,false,false,false,UNKNOWN,UNKNOWN,,,0,false,false,,,,NONE,DATA_COVERAGE,SECUENCIA_INCOMPLETA,merged_fragment+missing_ingreso_frontal+suspicious_duplicate,RicB3Egreso>RicEgrCamFrente>RicB3Ingreso,,incompleto_revision,false,0,RicIngCamFrente|RICARDONE_INGRESO_CAMIONES,2026-10-07T20:10:57.124Z,day,2026-10-04,2026-09-27,50,INGRESO|PREINGRESO|CALADA,SECUENCIA_NO_CONCLUYENTE,false,false,circuito_probable_sin_ingreso,2-S4>2-S3>2-S4,2026-09-27_2026-10-04,final_circuits.csv
merged_e3514d34-0a3__5719623b-c9d,CRJ139,CRJ139,ANOMALIAS,NO_DIFERENCIABLE_SIN_PUNTO_FUERTE,,UNKNOWN,true,false,SIN_PUNTO,,,incompleto_revision,Incompleto en revisión,INCOMPLETO,NO_DIFERENCIABLE,NO_DIFERENCIABLE_SIN_PUNTO_FUERTE,,INCOMPLETO,Incompleto,baja,50,"Coinciden 3 de 6 puntos esperados. Faltan ingreso, calada, balanza ingreso.",6,3,3,true,preingreso,true,egreso_y_balanza,false,true,DESPACHO_SIN_PUNTO_INSTRUMENTADO,5,PREINGRESO>EGRESO>PLAYA>CARGA_S8>BALANZA_EGRESO,SIN_PUNTO,SIN_PUNTO,Sin punto instrumentado (sólidos),DESPACHO_SIN_PUNTO_INSTRUMENTADO,false,0,false,false,false,UNKNOWN,UNKNOWN,,,0,false,false,,,,NONE,BEHAVIORAL,RIC_SL_MAS30M_SIN_CALADA_SL,merged_fragment+missing_ingreso_frontal+suspicious_duplicate,RicPreIngInFr>RicEgrCamFrente>RicS6Playa3>RicS8CargaLinea1>RicB2Egreso,,incompleto_revision,false,0,RicIngCamFrente|RICARDONE_INGRESO_CAMIONES,2026-10-07T20:10:57.124Z,day,2026-10-04,2026-09-27,50,INGRESO|CALADA|BALANZA_INGRESO,SECUENCIA_NO_CONCLUYENTE,false,false,incompleto_revision,2-S1>2-S3>2-S6>2-S8>2-S4,2026-09-27_2026-10-04,final_circuits.csv
merged_b453ba07-b1d__5ebdf575-658,AE686GW,AE686GW,ANOMALIAS,NO_DIFERENCIABLE_SIN_PUNTO_FUERTE,,UNKNOWN,true,false,SIN_PUNTO,,SAN_LORENZO,incompleto_revision,Incompleto en revisión,INCOMPLETO,NO_DIFERENCIABLE,NO_DIFERENCIABLE_SIN_PUNTO_FUERTE,,INCOMPLETO,Incompleto,baja,33.3,"Coinciden 2 de 6 puntos esperados. Faltan ingreso, preingreso, balanza ingreso, balanza egreso.",6,2,4,false,sin_ingreso,true,egreso,false,true,DESPACHO_SIN_PUNTO_INSTRUMENTADO,6,CALADA>EGRESO>SL_INGRESO>SL_BALANZA_INGRESO>SL_VOLCABLE>SL_EGRESO,SIN_PUNTO,SIN_PUNTO,Sin punto instrumentado (sólidos),DESPACHO_SIN_PUNTO_INSTRUMENTADO,false,0,true,false,false,UNKNOWN,UNKNOWN,,,0,false,false,,,,NONE,DATA_COVERAGE,SECUENCIA_INCOMPLETA,merged_fragment+missing_ingreso_frontal+suspicious_duplicate,RicCal03>RicEgrCamFrente>SLZIngCamFrente>SLZBalIngFte>SLZVolcableC5>SLZSalidaC1Fte,,incompleto_revision,true,0,RicIngCamFrente|RICARDONE_INGRESO_CAMIONES,2026-10-07T20:10:57.124Z,day,2026-10-04,2026-09-27,33.3,INGRESO|PREINGRESO|BALANZA_INGRESO|BALANZA_EGRESO,SECUENCIA_NO_CONCLUYENTE,false,false,circuito_probable_sin_ingreso+punto_fuerte,2-S2>2-S3>1-S0>1-S1>1-S4>1-S7,2026-09-27_2026-10-04,final_circuits.csv
merged_d2af2034-f25__82b664e1-fb1,HRK060,HRK060,ANOMALIAS,NO_DIFERENCIABLE_SIN_PUNTO_FUERTE,,UNKNOWN,true,false,SIN_PUNTO,,SAN_LORENZO,incompleto_revision,Incompleto en revisión,INCOMPLETO,NO_DIFERENCIABLE,NO_DIFERENCIABLE_SIN_PUNTO_FUERTE,,INCOMPLETO,Incompleto,baja,33.3,"Coinciden 2 de 6 puntos esperados. Faltan ingreso, preingreso, balanza ingreso, balanza egreso.",6,2,4,false,sin_ingreso,true,egreso,false,true,DESPACHO_SIN_PUNTO_INSTRUMENTADO,6,CALADA>EGRESO>SL_INGRESO>SL_BALANZA_INGRESO>SL_EGRESO,SIN_PUNTO,SIN_PUNTO,Sin punto instrumentado (sólidos),DESPACHO_SIN_PUNTO_INSTRUMENTADO,false,0,true,false,false,UNKNOWN,UNKNOWN,,,0,false,false,,,,NONE,DATA_COVERAGE,SECUENCIA_INCOMPLETA,merged_fragment+missing_ingreso_frontal+suspicious_duplicate,RicCal03>RicCal04>RicEgrCamFrente>SLZIngCamFrente>SLZBalIngFte>SLZSalidaC1Fte,,incompleto_revision,true,0,RicIngCamFrente|RICARDONE_INGRESO_CAMIONES,2026-10-07T20:10:57.124Z,day,2026-10-04,2026-09-27,33.3,INGRESO|PREINGRESO|BALANZA_INGRESO|BALANZA_EGRESO,SECUENCIA_NO_CONCLUYENTE,false,false,circuito_probable_sin_ingreso+punto_fuerte,2-S2>2-S2>2-S3>1-S0>1-S1>1-S7,2026-09-27_2026-10-04,final_circuits.csv
merged_b21fc08d-9c9__8af704ec-aee,TCF390,TCF390,ANOMALIAS,NO_DIFERENCIABLE_SIN_PUNTO_FUERTE,,UNKNOWN,true,false,SIN_PUNTO,,,circuito_probable,Probable,DEDUCIDO,NO_DIFERENCIABLE,NO_DIFERENCIABLE_SIN_PUNTO_FUERTE,,DEDUCIDO,Deducido,baja,66.7,"Coinciden 4 de 6 puntos esperados. Faltan ingreso, balanza ingreso.",6,4,2,true,preingreso,true,egreso_y_balanza,false,true,DESPACHO_SIN_PUNTO_INSTRUMENTADO,5,PREINGRESO>CALADA>EGRESO>PLAYA>BALANZA_EGRESO,SIN_PUNTO,SIN_PUNTO,Sin punto instrumentado (sólidos),DESPACHO_SIN_PUNTO_INSTRUMENTADO,false,0,false,false,false,UNKNOWN,UNKNOWN,,,0,false,false,,,,NONE,NONE,,merged_fragment+missing_ingreso_frontal+suspicious_duplicate,RicPreIngInFr>RicCal04>RicEgrCamFrente>RicS6Playa3>RicB2Egreso,,incompleto_revision,false,0,RicIngCamFrente|RICARDONE_INGRESO_CAMIONES,2026-10-07T20:10:57.124Z,day,2026-10-04,2026-09-27,66.7,INGRESO|BALANZA_INGRESO,SECUENCIA_PARCIAL_CON_HUECOS,false,false,circuito_probable,2-S1>2-S2>2-S3>2-S6>2-S4,2026-09-27_2026-10-04,final_circuits.csv
merged_6a670930-78b__8298a7f8-a65,MML740,MML740,ANOMALIAS,NO_DIFERENCIABLE_SIN_PUNTO_FUERTE,,UNKNOWN,true,false,SIN_PUNTO,,SAN_LORENZO,incompleto_revision,Incompleto en revisión,INCOMPLETO,NO_DIFERENCIABLE,NO_DIFERENCIABLE_SIN_PUNTO_FUERTE,,INCOMPLETO,Incompleto,baja,33.3,"Coinciden 2 de 6 puntos esperados. Faltan ingreso, preingreso, balanza ingreso, balanza egreso.",6,2,4,false,sin_ingreso,true,egreso,false,true,DESPACHO_SIN_PUNTO_INSTRUMENTADO,5,CALADA>EGRESO>SL_INGRESO>SL_BALANZA_INGRESO>SL_VOLCABLE,SIN_PUNTO,SIN_PUNTO,Sin punto instrumentado (sólidos),DESPACHO_SIN_PUNTO_INSTRUMENTADO,false,0,true,false,false,UNKNOWN,UNKNOWN,,,0,false,false,,,,NONE,DATA_COVERAGE,SECUENCIA_INCOMPLETA,merged_fragment+missing_ingreso_frontal+suspicious_duplicate,RicCal03>RicEgrCamFrente>SLZIngCamFrente>SLZBalIngFte>SLZVolcableC2,,incompleto_revision,true,0,RicIngCamFrente|RICARDONE_INGRESO_CAMIONES,2026-10-07T20:10:57.124Z,day,2026-10-04,2026-09-27,33.3,INGRESO|PREINGRESO|BALANZA_INGRESO|BALANZA_EGRESO,SECUENCIA_NO_CONCLUYENTE,false,false,circuito_probable_sin_ingreso+punto_fuerte,2-S2>2-S3>1-S0>1-S1>1-S4,2026-09-27_2026-10-04,final_circuits.csv
merged_22d75dba-5b7__76e3ac02-1bc,TSX149,TSX149,ANOMALIAS,NO_DIFERENCIABLE_SIN_PUNTO_FUERTE,,UNKNOWN,true,false,SIN_PUNTO,,,circuito_probable,Probable,DEDUCIDO,NO_DIFERENCIABLE,NO_DIFERENCIABLE_SIN_PUNTO_FUERTE,,DEDUCIDO,Deducido,baja,66.7,"Coinciden 4 de 6 puntos esperados. Faltan ingreso, balanza ingreso.",6,4,2,true,preingreso,true,egreso_y_balanza,false,true,DESPACHO_SIN_PUNTO_INSTRUMENTADO,5,PREINGRESO>CALADA>EGRESO>PLAYA>BALANZA_EGRESO,SIN_PUNTO,SIN_PUNTO,Sin punto instrumentado (sólidos),DESPACHO_SIN_PUNTO_INSTRUMENTADO,false,0,false,false,false,UNKNOWN,UNKNOWN,,,0,false,false,,,,NONE,NONE,,merged_fragment+missing_ingreso_frontal+suspicious_duplicate,RicPreIngInFr>RicCal02>RicEgrCamFrente>RicS6Playa3>RicB2Egreso,,incompleto_revision,false,0,RicIngCamFrente|RICARDONE_INGRESO_CAMIONES,2026-10-07T20:10:57.124Z,day,2026-10-04,2026-09-27,66.7,INGRESO|BALANZA_INGRESO,SECUENCIA_PARCIAL_CON_HUECOS,false,false,circuito_probable,2-S1>2-S2>2-S3>2-S6>2-S4,2026-09-27_2026-10-04,final_circuits.csv
merged_f9c21337-367__c8a7d8bd-787,RQC013,RQC013,ANOMALIAS,SLZ_SECUENCIA_INVALIDA:NO_RESPETA_SECUENCIA,,RICARDONE,true,false,R8,,LIQUIDO,incompleto_revision,Incompleto en revisión,ANOMALO,ANOMALO,NO_RESPETA_SECUENCIA,,ANOMALO,Anómalo,media,66.7,"Coinciden 4 de 6 puntos esperados. Faltan ingreso, balanza ingreso.",6,4,2,true,preingreso,true,egreso_y_balanza,false,true,CIRCUITO_LIQUIDO,11,PREINGRESO>LIQUIDO>PLAYA>BALANZA_EGRESO>CALADA>SL_EGRESO>PREINGRESO>LIQUIDO>BALANZA_EGRESO>CALADA>SL_INGRESO,R8,R8,Recepción Mercadería Líquida,CIRCUITO_LIQUIDO,false,63,true,true,true,SAN_LORENZO,SL,,,0,false,false,,,,NONE,BEHAVIORAL,SL_RIC_2H_SIN_CIRCUITO_NO_PELLET,merged_fragment+missing_ingreso_frontal+suspicious_duplicate,RicPreIngInFr>RicCalLiq>RicS6Playa3>RicB2Egreso>RicCal04>SLZSalidaC1Fte>RicPreIngInFr>RicCalLiq>RicB2Egreso>RicCal04>SLZIngCamFrente,NO_RESPETA_SECUENCIA,incompleto_revision,true,0,RicIngCamFrente|RICARDONE_INGRESO_CAMIONES,2026-10-07T20:10:57.124Z,day,2026-10-04,2026-09-27,50,INGRESO|BALANZA_INGRESO|EGRESO,NO_RESPETA_SECUENCIA,false,false,circuito_probable_sin_egreso+punto_fuerte,2-S1>2-S2>2-S6>2-S4>2-S2>1-S7>2-S1>2-S2>2-S4>2-S2>1-S0,2026-09-27_2026-10-04,final_circuits.csv
merged_f67aff7d-2ff__726bc4f7-e50,BUU614,BUU614,ANOMALIAS,NO_DIFERENCIABLE_SIN_PUNTO_FUERTE,,UNKNOWN,true,false,SIN_PUNTO,,SAN_LORENZO,incompleto_revision,Incompleto en revisión,INCOMPLETO,NO_DIFERENCIABLE,NO_DIFERENCIABLE_SIN_PUNTO_FUERTE,,INCOMPLETO,Incompleto,baja,33.3,"Coinciden 2 de 6 puntos esperados. Faltan ingreso, preingreso, balanza ingreso, balanza egreso.",6,2,4,false,sin_ingreso,true,egreso,false,true,DESPACHO_SIN_PUNTO_INSTRUMENTADO,5,CALADA>EGRESO>SL_INGRESO>SL_BALANZA_INGRESO>SL_EGRESO,SIN_PUNTO,SIN_PUNTO,Sin punto instrumentado (sólidos),DESPACHO_SIN_PUNTO_INSTRUMENTADO,false,0,true,false,false,UNKNOWN,UNKNOWN,,,0,false,false,,,,NONE,DATA_COVERAGE,SECUENCIA_INCOMPLETA,merged_fragment+missing_ingreso_frontal+suspicious_duplicate,RicCal04>RicEgrCamFrente>SLZIngCamFrente>SLZBalIngFte>SLZSalidaC1Fte,,incompleto_revision,true,0,RicIngCamFrente|RICARDONE_INGRESO_CAMIONES,2026-10-07T20:10:57.124Z,day,2026-10-04,2026-09-27,33.3,INGRESO|PREINGRESO|BALANZA_INGRESO|BALANZA_EGRESO,SECUENCIA_NO_CONCLUYENTE,false,false,circuito_probable_sin_ingreso+punto_fuerte,2-S2>2-S3>1-S0>1-S1>1-S7,2026-09-27_2026-10-04,final_circuits.csv
merged_622300db-fc0__95cada1a-1ba,EEW075,EEW075,ANOMALIAS,SLZ_SECUENCIA_INVALIDA:NO_RESPETA_SECUENCIA_SL,,MIXTO,true,false,R7,,SAN_LORENZO,incompleto_revision,Incompleto en revisión,ANOMALO,ANOMALO,NO_RESPETA_SECUENCIA_SL,,ANOMALO,Anómalo,media,66.7,"Coinciden 4 de 6 puntos esperados. Faltan ingreso, balanza ingreso.",6,4,2,true,preingreso,true,egreso_y_balanza,false,true,CIRCUITO_LIQUIDO,10,SL_INGRESO>SL_BALANZA_INGRESO>SL_EGRESO>PREINGRESO>LIQUIDO>PLAYA>CARGA_S8>BALANZA_EGRESO>CALADA>EGRESO,R7,R7,Ricardone → San Lorenzo,CIRCUITO_R7_MIXTO,false,80,true,true,true,SAN_LORENZO,SL,,,0,false,false,,,,NONE,BEHAVIORAL,SL_RIC_2H_SIN_CIRCUITO_NO_PELLET,merged_fragment+missing_ingreso_frontal+suspicious_duplicate,SLZIngCamFrente>SLZBalIngFte>SLZSalidaC1Fte>RicPreIngInFr>RicCalLiq>RicS6Playa3>RicS8CargaLinea2>RicB2Egreso>RicCal04>RicEgrCamFrente,NO_RESPETA_SECUENCIA,incompleto_revision,true,0,RicIngCamFrente|RICARDONE_INGRESO_CAMIONES,2026-10-07T20:10:57.124Z,day,2026-10-04,2026-09-27,54.5,INGRESO|SL_CALADA|SL_ENLACE|SL_DESCARGA|SL_BALANZA_SALIDA,NO_RESPETA_SECUENCIA,false,false,circuito_probable+punto_fuerte,1-S0>1-S1>1-S7>2-S1>2-S2>2-S6>2-S8>2-S4>2-S2>2-S3,2026-09-27_2026-10-04,final_circuits.csv
merged_bbe7eafd-936__4810c672-cd7,BCD343,BCD343,ANOMALIAS,NO_DIFERENCIABLE_SIN_PUNTO_FUERTE,,UNKNOWN,true,false,SIN_PUNTO,,SAN_LORENZO,incompleto_revision,Incompleto en revisión,INCOMPLETO,NO_DIFERENCIABLE,NO_DIFERENCIABLE_SIN_PUNTO_FUERTE,,INCOMPLETO,Incompleto,baja,33.3,"Coinciden 2 de 6 puntos esperados. Faltan ingreso, preingreso, balanza ingreso, balanza egreso.",6,2,4,false,sin_ingreso,true,egreso,false,true,DESPACHO_SIN_PUNTO_INSTRUMENTADO,5,CALADA>EGRESO>SL_INGRESO>SL_VOLCABLE>SL_EGRESO,SIN_PUNTO,SIN_PUNTO,Sin punto instrumentado (sólidos),DESPACHO_SIN_PUNTO_INSTRUMENTADO,false,0,true,false,false,UNKNOWN,UNKNOWN,,,0,false,false,,,,NONE,DATA_COVERAGE,SECUENCIA_INCOMPLETA,merged_fragment+missing_ingreso_frontal+suspicious_duplicate,RicCal04>RicEgrCamFrente>SLZIngCamFrente>SLZVolcableC3>SLZSalidaC1Fte,,incompleto_revision,true,0,RicIngCamFrente|RICARDONE_INGRESO_CAMIONES,2026-10-07T20:10:57.124Z,day,2026-10-04,2026-09-27,33.3,INGRESO|PREINGRESO|BALANZA_INGRESO|BALANZA_EGRESO,SECUENCIA_NO_CONCLUYENTE,false,false,circuito_probable_sin_ingreso+punto_fuerte,2-S2>2-S3>1-S0>1-S4>1-S7,2026-09-27_2026-10-04,final_circuits.csv
merged_48813b3c-12a__e8a68577-7a0,AH185MZ,AH185MZ,ANOMALIAS,NO_DIFERENCIABLE_SIN_PUNTO_FUERTE,,UNKNOWN,true,false,SIN_PUNTO,,SAN_LORENZO,incompleto_revision,Incompleto en revisión,INCOMPLETO,NO_DIFERENCIABLE,NO_DIFERENCIABLE_SIN_PUNTO_FUERTE,,INCOMPLETO,Incompleto,baja,33.3,"Coinciden 2 de 6 puntos esperados. Faltan ingreso, preingreso, calada, egreso.",6,2,4,false,sin_ingreso,true,balanza_egreso,false,false,DESPACHO_SIN_PUNTO_INSTRUMENTADO,4,BALANZA_INGRESO>BALANZA_EGRESO>SL_EGRESO,SIN_PUNTO,SIN_PUNTO,Sin punto instrumentado (sólidos),DESPACHO_SIN_PUNTO_INSTRUMENTADO,false,0,true,false,false,UNKNOWN,UNKNOWN,,,0,false,false,,,,NONE,DATA_COVERAGE,SECUENCIA_INCOMPLETA,merged_fragment+missing_ingreso_frontal+suspicious_duplicate,RicB3Ingreso>RicB3Egreso>SLZSalidaC2Fte>SLZSalidaC1Fte,,incompleto_revision,true,0,RicIngCamFrente|RICARDONE_INGRESO_CAMIONES,2026-10-07T20:10:57.124Z,day,2026-10-04,2026-09-27,33.3,INGRESO|PREINGRESO|CALADA|EGRESO,SECUENCIA_NO_CONCLUYENTE,false,false,circuito_probable_sin_ingreso+punto_fuerte,2-S4>2-S4>1-S7>1-S7,2026-09-27_2026-10-04,final_circuits.csv
merged_d14c4910-c98__cd314a3c-ebd,RKU685,RKU685,ANOMALIAS,NO_DIFERENCIABLE_SIN_PUNTO_FUERTE,,UNKNOWN,true,false,SIN_PUNTO,,,circuito_probable,Probable,DEDUCIDO,NO_DIFERENCIABLE,NO_DIFERENCIABLE_SIN_PUNTO_FUERTE,,DEDUCIDO,Deducido,baja,66.7,"Coinciden 4 de 6 puntos esperados. Faltan ingreso, balanza ingreso.",6,4,2,true,preingreso,true,egreso_y_balanza,false,true,DESPACHO_SIN_PUNTO_INSTRUMENTADO,5,PREINGRESO>CALADA>EGRESO>PLAYA>BALANZA_EGRESO,SIN_PUNTO,SIN_PUNTO,Sin punto instrumentado (sólidos),DESPACHO_SIN_PUNTO_INSTRUMENTADO,false,0,false,false,false,UNKNOWN,UNKNOWN,,,0,false,false,,,,NONE,NONE,,merged_fragment+missing_ingreso_frontal+suspicious_duplicate,RicPreIngInFr>RicCal02>RicEgrCamFrente>RicS6Playa3>RicB2Egreso,,incompleto_revision,false,0,RicIngCamFrente|RICARDONE_INGRESO_CAMIONES,2026-10-07T20:10:57.124Z,day,2026-10-04,2026-09-27,66.7,INGRESO|BALANZA_INGRESO,SECUENCIA_PARCIAL_CON_HUECOS,false,false,circuito_probable,2-S1>2-S2>2-S3>2-S6>2-S4,2026-09-27_2026-10-04,final_circuits.csv
merged_1cc14e43-ee8__193e28b0-453,LYQ463,LYQ463,ANOMALIAS,NO_DIFERENCIABLE_SIN_PUNTO_FUERTE,,UNKNOWN,true,false,SIN_PUNTO,,SAN_LORENZO,incompleto_revision,Incompleto en revisión,INCOMPLETO,NO_DIFERENCIABLE,NO_DIFERENCIABLE_SIN_PUNTO_FUERTE,,INCOMPLETO,Incompleto,baja,33.3,"Coinciden 2 de 6 puntos esperados. Faltan ingreso, preingreso, balanza ingreso, balanza egreso.",6,2,4,false,sin_ingreso,true,egreso,false,true,DESPACHO_SIN_PUNTO_INSTRUMENTADO,5,CALADA>EGRESO>SL_INGRESO>SL_BALANZA_INGRESO>SL_VOLCABLE,SIN_PUNTO,SIN_PUNTO,Sin punto instrumentado (sólidos),DESPACHO_SIN_PUNTO_INSTRUMENTADO,false,0,true,false,false,UNKNOWN,UNKNOWN,,,0,false,false,,,,NONE,DATA_COVERAGE,SECUENCIA_INCOMPLETA,merged_fragment+missing_ingreso_frontal+suspicious_duplicate,RicCal04>RicEgrCamFrente>SLZIngCamFrente>SLZBalIngFte>SLZVolcableC3,,incompleto_revision,true,0,RicIngCamFrente|RICARDONE_INGRESO_CAMIONES,2026-10-07T20:10:57.124Z,day,2026-10-04,2026-09-27,33.3,INGRESO|PREINGRESO|BALANZA_INGRESO|BALANZA_EGRESO,SECUENCIA_NO_CONCLUYENTE,false,false,circuito_probable_sin_ingreso+punto_fuerte,2-S2>2-S3>1-S0>1-S1>1-S4,2026-09-27_2026-10-04,final_circuits.csv
merged_e84d6d1f-c34__7a6df9d8-cf6,LHL423,LHL423,ANOMALIAS,JOURNEY_INCOMPLETO,,RICARDONE,true,false,R8,,LIQUIDO,incompleto_revision,Incompleto en revisión,INCOMPLETO,INCOMPLETO,SECUENCIA_NO_CONCLUYENTE,,INCOMPLETO,Incompleto,baja,33.3,"Coinciden 2 de 6 puntos esperados. Faltan ingreso, preingreso, balanza ingreso, balanza egreso.",6,2,4,false,sin_ingreso,true,egreso,false,true,CIRCUITO_LIQUIDO,4,CALADA>EGRESO>SL_INGRESO>LIQUIDO,R8,R8,Recepción Mercadería Líquida,CIRCUITO_LIQUIDO,false,63,true,true,true,UNKNOWN,UNKNOWN,,,0,false,false,,,,NONE,BEHAVIORAL,SL_RIC_2H_SIN_CIRCUITO_NO_PELLET,merged_fragment+missing_ingreso_frontal+suspicious_duplicate,RicCal03>RicEgrCamFrente>SLZIngCamFrente>RicCalLiq,,incompleto_revision,true,0,RicIngCamFrente|RICARDONE_INGRESO_CAMIONES,2026-10-07T20:10:57.124Z,day,2026-10-04,2026-09-27,33.3,INGRESO|PREINGRESO|BALANZA_INGRESO|BALANZA_EGRESO,SECUENCIA_NO_CONCLUYENTE,false,false,circuito_probable_sin_ingreso+punto_fuerte,2-S2>2-S3>1-S0>2-S2,2026-09-27_2026-10-04,final_circuits.csv
merged_707b849d-b15__81e0b109-0b5,IOB330,IOB330,ANOMALIAS,NO_DIFERENCIABLE_SIN_PUNTO_FUERTE,,UNKNOWN,true,false,SIN_PUNTO,,SAN_LORENZO,incompleto_revision,Incompleto en revisión,INCOMPLETO,NO_DIFERENCIABLE,NO_DIFERENCIABLE_SIN_PUNTO_FUERTE,,INCOMPLETO,Incompleto,baja,33.3,"Coinciden 2 de 6 puntos esperados. Faltan ingreso, preingreso, calada, egreso.",6,2,4,false,sin_ingreso,true,balanza_egreso,false,false,DESPACHO_SIN_PUNTO_INSTRUMENTADO,4,BALANZA_INGRESO>BALANZA_EGRESO>SL_EGRESO,SIN_PUNTO,SIN_PUNTO,Sin punto instrumentado (sólidos),DESPACHO_SIN_PUNTO_INSTRUMENTADO,false,0,true,false,false,UNKNOWN,UNKNOWN,,,0,false,false,,,,NONE,DATA_COVERAGE,SECUENCIA_INCOMPLETA,merged_fragment+missing_ingreso_frontal+suspicious_duplicate,RicB3Ingreso>RicB3Egreso>SLZSalidaC2Fte>SLZSalidaC1Fte,,incompleto_revision,true,0,RicIngCamFrente|RICARDONE_INGRESO_CAMIONES,2026-10-07T20:10:57.124Z,day,2026-10-04,2026-09-27,33.3,INGRESO|PREINGRESO|CALADA|EGRESO,SECUENCIA_NO_CONCLUYENTE,false,false,circuito_probable_sin_ingreso+punto_fuerte,2-S4>2-S4>1-S7>1-S7,2026-09-27_2026-10-04,final_circuits.csv
e57be581-17e6-4c80-8758-4179d520b6db__cycle_1,OUO981,OUO981,ANOMALIAS,JOURNEY_INCOMPLETO,,RICARDONE,true,false,R5,,RICARDONE,incompleto_revision,Incompleto en revisión,INCOMPLETO,INCOMPLETO,SECUENCIA_NO_CONCLUYENTE,,INCOMPLETO,Incompleto,baja,14.3,"Coinciden 1 de 7 puntos esperados. Faltan ingreso, preingreso, calada, balanza ingreso, balanza egreso, egreso.",7,1,6,false,sin_ingreso,false,sin_egreso,false,false,CIRCUITO_VOLCABLE_1_2,9,CARGA_S7>VOLCABLE>CARGA_S7,R5,R5,Recepción Volcable 1,CIRCUITO_VOLCABLE_1_2,false,67,true,true,true,UNKNOWN,UNKNOWN,,,0,false,false,,,,NONE,BEHAVIORAL,CARGA_LUEGO_DESCARGA,missing_ingreso_frontal,RicS7Carga>RicS7Carga>RicS7Carga>RicVolcable1>RicS7Carga>RicS7Carga>RicS7Carga>RicS7Carga>RicS7Carga,,incompleto_revision,true,0,RicIngCamFrente|RICARDONE_INGRESO_CAMIONES,2026-10-07T20:10:57.124Z,day,2026-10-04,2026-09-27,14.3,INGRESO|PREINGRESO|CALADA|BALANZA_INGRESO|BALANZA_EGRESO|EGRESO,SECUENCIA_NO_CONCLUYENTE,false,false,circuito_probable_sin_ingreso+punto_fuerte,2-S7>2-S7>2-S7>2-S9>2-S7>2-S7>2-S7>2-S7>2-S7,2026-09-27_2026-10-04,final_circuits.csv
20e0210b-4f0b-4382-919c-7567de9f4e25__cycle_1,RQM480,RQM480,ANOMALIAS,FRAGMENTO_SIN_CIERRE_OPERATIVO,,UNKNOWN,true,false,SIN_PUNTO,,,incompleto_revision,Incompleto en revisión,INCOMPLETO,INCOMPLETO,FRAGMENTO_SIN_CIERRE_OPERATIVO,,INCOMPLETO,Incompleto,muy_baja,33.3,"Coinciden 2 de 6 puntos esperados. Faltan ingreso, balanza ingreso, balanza egreso, egreso.",6,2,4,true,preingreso,false,sin_egreso,false,false,DESPACHO_SIN_PUNTO_INSTRUMENTADO,2,PREINGRESO>CALADA,SIN_PUNTO,SIN_PUNTO,Sin punto instrumentado (sólidos),DESPACHO_SIN_PUNTO_INSTRUMENTADO,false,0,false,false,false,UNKNOWN,UNKNOWN,,,0,false,false,,,,NONE,DATA_COVERAGE,EVENTOS_INSUFICIENTES,missing_ingreso_frontal+suspicious_duplicate,RicPreIngInFr>RicCal03,,incompleto_revision,false,0,RicIngCamFrente|RICARDONE_INGRESO_CAMIONES,2026-10-07T20:10:57.124Z,day,2026-10-04,2026-09-27,33.3,INGRESO|BALANZA_INGRESO|BALANZA_EGRESO|EGRESO,EVENTOS_INSUFICIENTES,false,false,circuito_probable_sin_egreso,2-S1>2-S2,2026-09-27_2026-10-04,final_circuits.csv
25dabd91-8c11-4c0d-9e21-b135dcbb88a8__cycle_1,AB473FA,AB473FA,ANOMALIAS,FRAGMENTO_SIN_CIERRE_OPERATIVO,,UNKNOWN,true,false,SIN_PUNTO,,,incompleto_revision,Incompleto en revisión,INCOMPLETO,INCOMPLETO,FRAGMENTO_SIN_CIERRE_OPERATIVO,,INCOMPLETO,Incompleto,muy_baja,33.3,"Coinciden 2 de 6 puntos esperados. Faltan ingreso, balanza ingreso, balanza egreso, egreso.",6,2,4,true,preingreso,false,sin_egreso,false,false,DESPACHO_SIN_PUNTO_INSTRUMENTADO,2,PREINGRESO>CALADA,SIN_PUNTO,SIN_PUNTO,Sin punto instrumentado (sólidos),DESPACHO_SIN_PUNTO_INSTRUMENTADO,false,0,false,false,false,UNKNOWN,UNKNOWN,,,0,false,false,,,,NONE,DATA_COVERAGE,EVENTOS_INSUFICIENTES,missing_ingreso_frontal+suspicious_duplicate,RicPreIngInFr>RicCal03,,incompleto_revision,false,0,RicIngCamFrente|RICARDONE_INGRESO_CAMIONES,2026-10-07T20:10:57.124Z,day,2026-10-04,2026-09-27,33.3,INGRESO|BALANZA_INGRESO|BALANZA_EGRESO|EGRESO,EVENTOS_INSUFICIENTES,false,false,circuito_probable_sin_egreso,2-S1>2-S2,2026-09-27_2026-10-04,final_circuits.csv
17f91885-ef8d-4f0c-8758-56473e17a359__cycle_1,AMY077,AMY077,ANOMALIAS,FRAGMENTO_SIN_CIERRE_OPERATIVO,,UNKNOWN,true,false,SIN_PUNTO,,,incompleto_revision,Incompleto en revisión,INCOMPLETO,INCOMPLETO,FRAGMENTO_SIN_CIERRE_OPERATIVO,,INCOMPLETO,Incompleto,muy_baja,33.3,"Coinciden 2 de 6 puntos esperados. Faltan ingreso, balanza ingreso, balanza egreso, egreso.",6,2,4,true,preingreso,false,sin_egreso,false,false,DESPACHO_SIN_PUNTO_INSTRUMENTADO,2,PREINGRESO>CALADA,SIN_PUNTO,SIN_PUNTO,Sin punto instrumentado (sólidos),DESPACHO_SIN_PUNTO_INSTRUMENTADO,false,0,false,false,false,UNKNOWN,UNKNOWN,,,0,false,false,,,,NONE,DATA_COVERAGE,EVENTOS_INSUFICIENTES,missing_ingreso_frontal,RicPreIngInFr>RicCal03,,incompleto_revision,false,0,RicIngCamFrente|RICARDONE_INGRESO_CAMIONES,2026-10-07T20:10:57.124Z,day,2026-10-04,2026-09-27,33.3,INGRESO|BALANZA_INGRESO|BALANZA_EGRESO|EGRESO,EVENTOS_INSUFICIENTES,false,false,circuito_probable_sin_egreso,2-S1>2-S2,2026-09-27_2026-10-04,final_circuits.csv
0ff9d929-71b0-450a-b7f5-86d582a58553,AB218HK,AB218HK,ANOMALIAS,NO_DIFERENCIABLE_SIN_PUNTO_FUERTE,,UNKNOWN,true,false,SIN_PUNTO,,SAN_LORENZO,incompleto_revision,Incompleto en revisión,INCOMPLETO,NO_DIFERENCIABLE,NO_DIFERENCIABLE_SIN_PUNTO_FUERTE,,INCOMPLETO,Incompleto,baja,33.3,"Coinciden 2 de 6 puntos esperados. Faltan ingreso, balanza ingreso, balanza egreso, egreso.",6,2,4,true,preingreso,false,sin_egreso,false,false,DESPACHO_SIN_PUNTO_INSTRUMENTADO,4,PREINGRESO>CALADA>SL_BALANZA_INGRESO>SL_EGRESO,SIN_PUNTO,SIN_PUNTO,Sin punto instrumentado (sólidos),DESPACHO_SIN_PUNTO_INSTRUMENTADO,false,0,true,false,false,UNKNOWN,UNKNOWN,,,0,false,false,,,,NONE,DATA_COVERAGE,SECUENCIA_INCOMPLETA,missing_ingreso_frontal,RicPreIngInFr>RicCal03>SLZBalIngFte>SLZSalidaC1Fte,,incompleto_revision,true,0,RicIngCamFrente|RICARDONE_INGRESO_CAMIONES,2026-10-07T20:10:57.124Z,day,2026-10-04,2026-09-27,33.3,INGRESO|BALANZA_INGRESO|BALANZA_EGRESO|EGRESO,SECUENCIA_NO_CONCLUYENTE,false,false,circuito_probable_sin_egreso+punto_fuerte,2-S1>2-S2>1-S1>1-S7,2026-09-27_2026-10-04,final_circuits.csv
1026a21d-baf4-42a3-880b-f02531cae10f__cycle_2,AYK824,AYK824,ANOMALIAS,FRAGMENTO_SIN_CIERRE_OPERATIVO,,RICARDONE,true,false,R5,,RICARDONE,incompleto_revision,Incompleto en revisión,INCOMPLETO,INCOMPLETO,FRAGMENTO_SIN_CIERRE_OPERATIVO,,INCOMPLETO,Incompleto,baja,14.3,"Coinciden 1 de 7 puntos esperados. Faltan ingreso, preingreso, calada, balanza ingreso, balanza egreso, egreso.",7,1,6,false,sin_ingreso,false,sin_egreso,false,false,CIRCUITO_VOLCABLE_1_2,2,VOLCABLE,R5,R5,Recepción Volcable 1,CIRCUITO_VOLCABLE_1_2,false,67,true,true,true,UNKNOWN,UNKNOWN,,,0,false,false,,,,NONE,DATA_COVERAGE,EVENTOS_INSUFICIENTES,missing_ingreso_frontal+suspicious_duplicate,RicVolcable1>RicVolcable1,,incompleto_revision,true,0,RicIngCamFrente|RICARDONE_INGRESO_CAMIONES,2026-10-07T20:10:57.124Z,day,2026-10-04,2026-09-27,14.3,INGRESO|PREINGRESO|CALADA|BALANZA_INGRESO|BALANZA_EGRESO|EGRESO,EVENTOS_INSUFICIENTES,false,false,incompleto_revision+punto_fuerte,2-S9>2-S9,2026-09-27_2026-10-04,final_circuits.csv
3d9e89d0-2c72-4a0e-8ef1-95ff4f93ff8e__cycle_1,AC005HT,AC005HT,ANOMALIAS,NO_DIFERENCIABLE_SIN_PUNTO_FUERTE,,UNKNOWN,true,false,SIN_PUNTO,,,incompleto_revision,Incompleto en revisión,INCOMPLETO,NO_DIFERENCIABLE,NO_DIFERENCIABLE_SIN_PUNTO_FUERTE,,INCOMPLETO,Incompleto,muy_baja,33.3,"Coinciden 2 de 6 puntos esperados. Faltan ingreso, balanza ingreso, balanza egreso, egreso.",6,2,4,true,preingreso,false,sin_egreso,false,false,DESPACHO_SIN_PUNTO_INSTRUMENTADO,3,PREINGRESO>CALADA,SIN_PUNTO,SIN_PUNTO,Sin punto instrumentado (sólidos),DESPACHO_SIN_PUNTO_INSTRUMENTADO,false,0,false,false,false,UNKNOWN,UNKNOWN,,,0,false,false,,,,NONE,DATA_COVERAGE,SECUENCIA_INCOMPLETA,missing_ingreso_frontal,RicPreIngInFr>RicCal04>RicCal04,,incompleto_revision,false,0,RicIngCamFrente|RICARDONE_INGRESO_CAMIONES,2026-10-07T20:10:57.124Z,day,2026-10-04,2026-09-27,33.3,INGRESO|BALANZA_INGRESO|BALANZA_EGRESO|EGRESO,SECUENCIA_NO_CONCLUYENTE,false,false,circuito_probable_sin_egreso,2-S1>2-S2>2-S2,2026-09-27_2026-10-04,final_circuits.csv
dbc712da-45c4-4427-a5c8-9e0b1ba88770,STK680,STK680,ANOMALIAS,NO_DIFERENCIABLE_SIN_PUNTO_FUERTE,,UNKNOWN,true,false,SIN_PUNTO,,,incompleto_revision,Incompleto en revisión,INCOMPLETO,NO_DIFERENCIABLE,NO_DIFERENCIABLE_SIN_PUNTO_FUERTE,,INCOMPLETO,Incompleto,muy_baja,33.3,"Coinciden 2 de 6 puntos esperados. Faltan ingreso, preingreso, balanza ingreso, balanza egreso.",6,2,4,false,sin_ingreso,true,egreso,false,true,DESPACHO_SIN_PUNTO_INSTRUMENTADO,2,CALADA>EGRESO,SIN_PUNTO,SIN_PUNTO,Sin punto instrumentado (sólidos),DESPACHO_SIN_PUNTO_INSTRUMENTADO,false,0,false,false,false,UNKNOWN,UNKNOWN,,,0,false,false,,,,NONE,DATA_COVERAGE,EVENTOS_INSUFICIENTES,missing_ingreso_frontal,RicCal04>RicEgrCamFrente,,incompleto_revision,false,0,RicIngCamFrente|RICARDONE_INGRESO_CAMIONES,2026-10-07T20:10:57.124Z,day,2026-10-04,2026-09-27,33.3,INGRESO|PREINGRESO|BALANZA_INGRESO|BALANZA_EGRESO,EVENTOS_INSUFICIENTES,false,false,circuito_probable_sin_ingreso,2-S2>2-S3,2026-09-27_2026-10-04,final_circuits.csv
32624fe1-abf4-4ff8-9a77-42c7851dd399,FFZ696,FFZ696,ANOMALIAS,NO_DIFERENCIABLE_SIN_PUNTO_FUERTE,,UNKNOWN,true,false,SIN_PUNTO,,SAN_LORENZO,incompleto_revision,Incompleto en revisión,INCOMPLETO,NO_DIFERENCIABLE,NO_DIFERENCIABLE_SIN_PUNTO_FUERTE,,INCOMPLETO,Incompleto,baja,33.3,"Coinciden 2 de 6 puntos esperados. Faltan ingreso, balanza ingreso, balanza egreso, egreso.",6,2,4,true,preingreso,false,sin_egreso,false,false,DESPACHO_SIN_PUNTO_INSTRUMENTADO,4,PREINGRESO>CALADA>SL_BALANZA_INGRESO>SL_EGRESO,SIN_PUNTO,SIN_PUNTO,Sin punto instrumentado (sólidos),DESPACHO_SIN_PUNTO_INSTRUMENTADO,false,0,true,false,false,UNKNOWN,UNKNOWN,,,0,false,false,,,,NONE,DATA_COVERAGE,SECUENCIA_INCOMPLETA,missing_ingreso_frontal,RicPreIngInFr>RicCal03>SLZBalIngFte>SLZSalidaC1Fte,,incompleto_revision,true,0,RicIngCamFrente|RICARDONE_INGRESO_CAMIONES,2026-10-07T20:10:57.124Z,day,2026-10-04,2026-09-27,33.3,INGRESO|BALANZA_INGRESO|BALANZA_EGRESO|EGRESO,SECUENCIA_NO_CONCLUYENTE,false,false,circuito_probable_sin_egreso+punto_fuerte,2-S1>2-S2>1-S1>1-S7,2026-09-27_2026-10-04,final_circuits.csv
2132ce0a-e2d9-424c-9766-3371007c827f__cycle_1,AB821NP,AB821NP,ANOMALIAS,FRAGMENTO_SIN_CIERRE_OPERATIVO,,UNKNOWN,true,false,SIN_PUNTO,,,incompleto_revision,Incompleto en revisión,INCOMPLETO,INCOMPLETO,FRAGMENTO_SIN_CIERRE_OPERATIVO,,INCOMPLETO,Incompleto,muy_baja,33.3,"Coinciden 2 de 6 puntos esperados. Faltan ingreso, balanza ingreso, balanza egreso, egreso.",6,2,4,true,preingreso,false,sin_egreso,false,false,DESPACHO_SIN_PUNTO_INSTRUMENTADO,2,PREINGRESO>CALADA,SIN_PUNTO,SIN_PUNTO,Sin punto instrumentado (sólidos),DESPACHO_SIN_PUNTO_INSTRUMENTADO,false,0,false,false,false,UNKNOWN,UNKNOWN,,,0,false,false,,,,NONE,DATA_COVERAGE,EVENTOS_INSUFICIENTES,missing_ingreso_frontal,RicPreIngInFr>RicCal03,,incompleto_revision,false,0,RicIngCamFrente|RICARDONE_INGRESO_CAMIONES,2026-10-07T20:10:57.124Z,day,2026-10-04,2026-09-27,33.3,INGRESO|BALANZA_INGRESO|BALANZA_EGRESO|EGRESO,EVENTOS_INSUFICIENTES,false,false,circuito_probable_sin_egreso,2-S1>2-S2,2026-09-27_2026-10-04,final_circuits.csv
274f5b75-6360-4961-a708-6498eab6be6c,CNR614,CNR614,ANOMALIAS,FRAGMENTO_SIN_CIERRE_OPERATIVO,,RICARDONE,true,false,R5,,RICARDONE,incompleto_revision,Incompleto en revisión,INCOMPLETO,INCOMPLETO,FRAGMENTO_SIN_CIERRE_OPERATIVO,,INCOMPLETO,Incompleto,baja,28.6,"Coinciden 2 de 7 puntos esperados. Faltan ingreso, calada, balanza ingreso, balanza egreso, egreso.",7,2,5,true,preingreso,false,sin_egreso,false,false,CIRCUITO_VOLCABLE_1_2,2,PREINGRESO>VOLCABLE,R5,R5,Recepción Volcable 1,CIRCUITO_VOLCABLE_1_2,false,67,true,true,true,UNKNOWN,UNKNOWN,,,0,false,false,,,,NONE,DATA_COVERAGE,EVENTOS_INSUFICIENTES,missing_ingreso_frontal,RicPreIngInFr>RicVolcable1,,incompleto_revision,true,0,RicIngCamFrente|RICARDONE_INGRESO_CAMIONES,2026-10-07T20:10:57.124Z,day,2026-10-04,2026-09-27,28.6,INGRESO|CALADA|BALANZA_INGRESO|BALANZA_EGRESO|EGRESO,EVENTOS_INSUFICIENTES,false,false,circuito_probable_sin_egreso+punto_fuerte,2-S1>2-S9,2026-09-27_2026-10-04,final_circuits.csv
67f8aa8f-ef94-42d0-a0da-644022ce617b,EFE548,EFE548,ANOMALIAS,NO_DIFERENCIABLE_SIN_PUNTO_FUERTE,,UNKNOWN,true,false,SIN_PUNTO,,SAN_LORENZO,incompleto_revision,Incompleto en revisión,INCOMPLETO,NO_DIFERENCIABLE,NO_DIFERENCIABLE_SIN_PUNTO_FUERTE,,INCOMPLETO,Incompleto,baja,33.3,"Coinciden 2 de 6 puntos esperados. Faltan ingreso, balanza ingreso, balanza egreso, egreso.",6,2,4,true,preingreso,false,sin_egreso,false,false,DESPACHO_SIN_PUNTO_INSTRUMENTADO,4,PREINGRESO>PREINGRESO_EGRESO>CALADA>SL_BALANZA_INGRESO,SIN_PUNTO,SIN_PUNTO,Sin punto instrumentado (sólidos),DESPACHO_SIN_PUNTO_INSTRUMENTADO,false,0,true,false,false,UNKNOWN,UNKNOWN,,,0,false,false,,,,NONE,DATA_COVERAGE,SECUENCIA_INCOMPLETA,missing_ingreso_frontal,RicPreIngInFr>RicPreIngEgFr>RicCal03>SLZBalIngFte,,incompleto_revision,true,0,RicIngCamFrente|RICARDONE_INGRESO_CAMIONES,2026-10-07T20:10:57.124Z,day,2026-10-04,2026-09-27,33.3,INGRESO|BALANZA_INGRESO|BALANZA_EGRESO|EGRESO,SECUENCIA_NO_CONCLUYENTE,false,false,circuito_probable_sin_egreso+punto_fuerte,2-S1>2-S1>2-S2>1-S1,2026-09-27_2026-10-04,final_circuits.csv
0d518bef-dcb0-4cc2-8ed8-af763c1a3526__cycle_1,EPC180,EPC180,ANOMALIAS,FRAGMENTO_SIN_CIERRE_OPERATIVO,,UNKNOWN,true,false,SIN_PUNTO,,,incompleto_revision,Incompleto en revisión,INCOMPLETO,INCOMPLETO,FRAGMENTO_SIN_CIERRE_OPERATIVO,,INCOMPLETO,Incompleto,muy_baja,33.3,"Coinciden 2 de 6 puntos esperados. Faltan ingreso, balanza ingreso, balanza egreso, egreso.",6,2,4,true,preingreso,false,sin_egreso,false,false,DESPACHO_SIN_PUNTO_INSTRUMENTADO,2,PREINGRESO>CALADA,SIN_PUNTO,SIN_PUNTO,Sin punto instrumentado (sólidos),DESPACHO_SIN_PUNTO_INSTRUMENTADO,false,0,false,false,false,UNKNOWN,UNKNOWN,,,0,false,false,,,,NONE,DATA_COVERAGE,EVENTOS_INSUFICIENTES,missing_ingreso_frontal,RicPreIngInFr>RicCal04,,incompleto_revision,false,0,RicIngCamFrente|RICARDONE_INGRESO_CAMIONES,2026-10-07T20:10:57.124Z,day,2026-10-04,2026-09-27,33.3,INGRESO|BALANZA_INGRESO|BALANZA_EGRESO|EGRESO,EVENTOS_INSUFICIENTES,false,false,circuito_probable_sin_egreso,2-S1>2-S2,2026-09-27_2026-10-04,final_circuits.csv
a6d4f9e8-0bc5-4f60-a12f-72760ff1819d,AA634SH,AA634SH,ANOMALIAS,NO_DIFERENCIABLE_SIN_PUNTO_FUERTE,,UNKNOWN,true,false,SIN_PUNTO,,SAN_LORENZO,incompleto_revision,Incompleto en revisión,INCOMPLETO,NO_DIFERENCIABLE,NO_DIFERENCIABLE_SIN_PUNTO_FUERTE,,INCOMPLETO,Incompleto,baja,33.3,"Coinciden 2 de 6 puntos esperados. Faltan ingreso, balanza ingreso, balanza egreso, egreso.",6,2,4,true,preingreso,false,sin_egreso,false,false,DESPACHO_SIN_PUNTO_INSTRUMENTADO,5,PREINGRESO>CALADA>SL_BALANZA_INGRESO>SL_VOLCABLE>SL_EGRESO,SIN_PUNTO,SIN_PUNTO,Sin punto instrumentado (sólidos),DESPACHO_SIN_PUNTO_INSTRUMENTADO,false,0,true,false,false,UNKNOWN,UNKNOWN,,,0,false,false,,,,NONE,DATA_COVERAGE,SECUENCIA_INCOMPLETA,missing_ingreso_frontal,RicPreIngInFr>RicCal04>SLZBalIngFte>SLZVolcableC3>SLZSalidaC1Fte,,incompleto_revision,true,0,RicIngCamFrente|RICARDONE_INGRESO_CAMIONES,2026-10-07T20:10:57.124Z,day,2026-10-04,2026-09-27,33.3,INGRESO|BALANZA_INGRESO|BALANZA_EGRESO|EGRESO,SECUENCIA_NO_CONCLUYENTE,false,false,circuito_probable_sin_egreso+punto_fuerte,2-S1>2-S2>1-S1>1-S4>1-S7,2026-09-27_2026-10-04,final_circuits.csv
8395b16f-0af6-4221-9e9f-43e415314ae8,AE377ZO,AE377ZO,ANOMALIAS,JOURNEY_INCOMPLETO,,RICARDONE,true,false,R5,,RICARDONE,incompleto_revision,Incompleto en revisión,INCOMPLETO,INCOMPLETO,EVENTOS_INSUFICIENTES,,INCOMPLETO,Incompleto,baja,28.6,"Coinciden 2 de 7 puntos esperados. Faltan ingreso, preingreso, calada, balanza ingreso, egreso.",7,2,5,false,sin_ingreso,true,egreso_y_balanza,false,true,CIRCUITO_VOLCABLE_1_2,2,VOLCABLE>BALANZA_EGRESO,R5,R5,Recepción Volcable 1,CIRCUITO_VOLCABLE_1_2,false,67,true,true,true,UNKNOWN,UNKNOWN,,,0,false,false,,,,NONE,DATA_COVERAGE,EVENTOS_INSUFICIENTES,missing_ingreso_frontal,RicVolcable1>RicB2Egreso,,incompleto_revision,true,0,RicIngCamFrente|RICARDONE_INGRESO_CAMIONES,2026-10-07T20:10:57.124Z,day,2026-10-04,2026-09-27,28.6,INGRESO|PREINGRESO|CALADA|BALANZA_INGRESO|EGRESO,EVENTOS_INSUFICIENTES,false,false,circuito_probable_sin_ingreso+punto_fuerte,2-S9>2-S4,2026-09-27_2026-10-04,final_circuits.csv
ac3935bb-6da7-404d-bf7c-76e87b0cd999,TMH703,TMH703,ANOMALIAS,NO_DIFERENCIABLE_SIN_PUNTO_FUERTE,,UNKNOWN,true,false,SIN_PUNTO,,SAN_LORENZO,incompleto_revision,Incompleto en revisión,INCOMPLETO,NO_DIFERENCIABLE,NO_DIFERENCIABLE_SIN_PUNTO_FUERTE,,INCOMPLETO,Incompleto,baja,33.3,"Coinciden 2 de 6 puntos esperados. Faltan ingreso, balanza ingreso, balanza egreso, egreso.",6,2,4,true,preingreso,false,sin_egreso,false,false,DESPACHO_SIN_PUNTO_INSTRUMENTADO,5,PREINGRESO>CALADA>SL_BALANZA_INGRESO>SL_VOLCABLE>SL_EGRESO,SIN_PUNTO,SIN_PUNTO,Sin punto instrumentado (sólidos),DESPACHO_SIN_PUNTO_INSTRUMENTADO,false,0,true,false,false,UNKNOWN,UNKNOWN,,,0,false,false,,,,NONE,DATA_COVERAGE,SECUENCIA_INCOMPLETA,missing_ingreso_frontal,RicPreIngInFr>RicCal04>SLZBalIngFte>SLZVolcableC3>SLZSalidaC1Fte,,incompleto_revision,true,0,RicIngCamFrente|RICARDONE_INGRESO_CAMIONES,2026-10-07T20:10:57.124Z,day,2026-10-04,2026-09-27,33.3,INGRESO|BALANZA_INGRESO|BALANZA_EGRESO|EGRESO,SECUENCIA_NO_CONCLUYENTE,false,false,circuito_probable_sin_egreso+punto_fuerte,2-S1>2-S2>1-S1>1-S4>1-S7,2026-09-27_2026-10-04,final_circuits.csv
44f9eb21-6833-412e-8e17-8e57c2b9abaf,ALQ011,ALQ011,ANOMALIAS,JOURNEY_INCOMPLETO,,RICARDONE,true,false,R5,,RICARDONE,incompleto_revision,Incompleto en revisión,INCOMPLETO,INCOMPLETO,EVENTOS_INSUFICIENTES,,INCOMPLETO,Incompleto,baja,28.6,"Coinciden 2 de 7 puntos esperados. Faltan ingreso, preingreso, calada, balanza ingreso, egreso.",7,2,5,false,sin_ingreso,true,egreso_y_balanza,false,true,CIRCUITO_VOLCABLE_1_2,2,VOLCABLE>BALANZA_EGRESO,R5,R5,Recepción Volcable 1,CIRCUITO_VOLCABLE_1_2,false,67,true,true,true,UNKNOWN,UNKNOWN,,,0,false,false,,,,NONE,DATA_COVERAGE,EVENTOS_INSUFICIENTES,missing_ingreso_frontal,RicVolcable1>RicB2Egreso,,incompleto_revision,true,0,RicIngCamFrente|RICARDONE_INGRESO_CAMIONES,2026-10-07T20:10:57.124Z,day,2026-10-04,2026-09-27,28.6,INGRESO|PREINGRESO|CALADA|BALANZA_INGRESO|EGRESO,EVENTOS_INSUFICIENTES,false,false,circuito_probable_sin_ingreso+punto_fuerte,2-S9>2-S4,2026-09-27_2026-10-04,final_circuits.csv
d46b7f6d-423e-4264-9524-0cfdb9424ff4,VHL423,VHL423,ANOMALIAS,NO_DIFERENCIABLE_SIN_PUNTO_FUERTE,,UNKNOWN,true,false,SIN_PUNTO,,,incompleto_revision,Incompleto en revisión,INCOMPLETO,NO_DIFERENCIABLE,NO_DIFERENCIABLE_SIN_PUNTO_FUERTE,,INCOMPLETO,Incompleto,muy_baja,33.3,"Coinciden 2 de 6 puntos esperados. Faltan ingreso, preingreso, calada, balanza ingreso.",6,2,4,false,sin_ingreso,true,egreso_y_balanza,false,true,DESPACHO_SIN_PUNTO_INSTRUMENTADO,3,BALANZA_EGRESO>EGRESO,SIN_PUNTO,SIN_PUNTO,Sin punto instrumentado (sólidos),DESPACHO_SIN_PUNTO_INSTRUMENTADO,false,0,false,false,false,UNKNOWN,UNKNOWN,,,0,false,false,,,,NONE,DATA_COVERAGE,SECUENCIA_INCOMPLETA,missing_ingreso_frontal+suspicious_duplicate,RicB2Egreso>RicB2Egreso>RicEgrCamFrente,,incompleto_revision,false,0,RicIngCamFrente|RICARDONE_INGRESO_CAMIONES,2026-10-07T20:10:57.124Z,day,2026-10-04,2026-09-27,33.3,INGRESO|PREINGRESO|CALADA|BALANZA_INGRESO,SECUENCIA_NO_CONCLUYENTE,false,false,circuito_probable_sin_ingreso,2-S4>2-S4>2-S3,2026-09-27_2026-10-04,final_circuits.csv
30e94d45-fd84-4df6-852a-af879eae5fad__cycle_1,DDN01,DDN01,ANOMALIAS,NO_DIFERENCIABLE_SIN_PUNTO_FUERTE,,UNKNOWN,true,false,SIN_PUNTO,,,incompleto_revision,Incompleto en revisión,INCOMPLETO,NO_DIFERENCIABLE,NO_DIFERENCIABLE_SIN_PUNTO_FUERTE,,INCOMPLETO,Incompleto,baja,33.3,"Coinciden 2 de 6 puntos esperados. Faltan ingreso, preingreso, calada, egreso.",6,2,4,false,sin_ingreso,true,egreso_y_balanza,false,true,DESPACHO_SIN_PUNTO_INSTRUMENTADO,5,BALANZA_EGRESO>BALANZA_INGRESO>BALANZA_EGRESO,SIN_PUNTO,SIN_PUNTO,Sin punto instrumentado (sólidos),DESPACHO_SIN_PUNTO_INSTRUMENTADO,false,0,false,false,false,UNKNOWN,UNKNOWN,,,0,false,false,,,,NONE,DATA_COVERAGE,SECUENCIA_INCOMPLETA,missing_ingreso_frontal,RicB3Egreso>RicB2Egreso>RicB3Ingreso>RicB3Ingreso>RicB3Egreso,,incompleto_revision,false,0,RicIngCamFrente|RICARDONE_INGRESO_CAMIONES,2026-10-07T20:10:57.124Z,day,2026-10-04,2026-09-27,33.3,INGRESO|PREINGRESO|CALADA|EGRESO,SECUENCIA_NO_CONCLUYENTE,false,false,circuito_probable_sin_ingreso,2-S4>2-S4>2-S4>2-S4>2-S4,2026-09-27_2026-10-04,final_circuits.csv
8c05f83d-5be4-4769-adc4-a3244ab54137__cycle_1,KGY149,KGY149,ANOMALIAS,NO_DIFERENCIABLE_SIN_PUNTO_FUERTE,,UNKNOWN,true,false,SIN_PUNTO,,,incompleto_revision,Incompleto en revisión,INCOMPLETO,NO_DIFERENCIABLE,NO_DIFERENCIABLE_SIN_PUNTO_FUERTE,,INCOMPLETO,Incompleto,baja,33.3,"Coinciden 2 de 6 puntos esperados. Faltan ingreso, preingreso, calada, egreso.",6,2,4,false,sin_ingreso,true,balanza_egreso,false,false,DESPACHO_SIN_PUNTO_INSTRUMENTADO,4,BALANZA_INGRESO>BALANZA_EGRESO>BALANZA_INGRESO>BALANZA_EGRESO,SIN_PUNTO,SIN_PUNTO,Sin punto instrumentado (sólidos),DESPACHO_SIN_PUNTO_INSTRUMENTADO,false,0,false,false,false,UNKNOWN,UNKNOWN,,,0,false,false,,,,NONE,DATA_COVERAGE,SECUENCIA_INCOMPLETA,missing_ingreso_frontal,RicB3Ingreso>RicB3Egreso>RicB3Ingreso>RicB3Egreso,,incompleto_revision,false,0,RicIngCamFrente|RICARDONE_INGRESO_CAMIONES,2026-10-07T20:10:57.124Z,day,2026-10-04,2026-09-27,33.3,INGRESO|PREINGRESO|CALADA|EGRESO,SECUENCIA_NO_CONCLUYENTE,false,false,circuito_probable_sin_ingreso,2-S4>2-S4>2-S4>2-S4,2026-09-27_2026-10-04,final_circuits.csv
3cd56c47-53f3-4902-9f26-7551656be5f3__cycle_1,AA612YW,AA612YW,ANOMALIAS,NO_DIFERENCIABLE_SIN_PUNTO_FUERTE,,UNKNOWN,true,false,SIN_PUNTO,,,incompleto_revision,Incompleto en revisión,INCOMPLETO,NO_DIFERENCIABLE,NO_DIFERENCIABLE_SIN_PUNTO_FUERTE,,INCOMPLETO,Incompleto,baja,33.3,"Coinciden 2 de 6 puntos esperados. Faltan ingreso, preingreso, calada, egreso.",6,2,4,false,sin_ingreso,true,balanza_egreso,false,false,DESPACHO_SIN_PUNTO_INSTRUMENTADO,2,BALANZA_INGRESO>BALANZA_EGRESO,SIN_PUNTO,SIN_PUNTO,Sin punto instrumentado (sólidos),DESPACHO_SIN_PUNTO_INSTRUMENTADO,false,0,false,false,false,UNKNOWN,UNKNOWN,,,0,false,false,,,,NONE,DATA_COVERAGE,EVENTOS_INSUFICIENTES,missing_ingreso_frontal,RicB3Ingreso>RicB3Egreso,,incompleto_revision,false,0,RicIngCamFrente|RICARDONE_INGRESO_CAMIONES,2026-10-07T20:10:57.124Z,day,2026-10-04,2026-09-27,33.3,INGRESO|PREINGRESO|CALADA|EGRESO,EVENTOS_INSUFICIENTES,false,false,circuito_probable_sin_ingreso,2-S4>2-S4,2026-09-27_2026-10-04,final_circuits.csv
d3dbacc4-4fc6-4f81-adc3-c2b092b055c6__cycle_1,FQX760,FQX760,ANOMALIAS,NO_DIFERENCIABLE_SIN_PUNTO_FUERTE,,UNKNOWN,true,false,SIN_PUNTO,,,incompleto_revision,Incompleto en revisión,INCOMPLETO,NO_DIFERENCIABLE,NO_DIFERENCIABLE_SIN_PUNTO_FUERTE,,INCOMPLETO,Incompleto,baja,33.3,"Coinciden 2 de 6 puntos esperados. Faltan ingreso, preingreso, calada, egreso.",6,2,4,false,sin_ingreso,true,balanza_egreso,false,false,DESPACHO_SIN_PUNTO_INSTRUMENTADO,2,BALANZA_INGRESO>BALANZA_EGRESO,SIN_PUNTO,SIN_PUNTO,Sin punto instrumentado (sólidos),DESPACHO_SIN_PUNTO_INSTRUMENTADO,false,0,false,false,false,UNKNOWN,UNKNOWN,,,0,false,false,,,,NONE,DATA_COVERAGE,EVENTOS_INSUFICIENTES,missing_ingreso_frontal,RicB3Ingreso>RicB3Egreso,,incompleto_revision,false,0,RicIngCamFrente|RICARDONE_INGRESO_CAMIONES,2026-10-07T20:10:57.124Z,day,2026-10-04,2026-09-27,33.3,INGRESO|PREINGRESO|CALADA|EGRESO,EVENTOS_INSUFICIENTES,false,false,circuito_probable_sin_ingreso,2-S4>2-S4,2026-09-27_2026-10-04,final_circuits.csv
7a924fbc-e91a-49fd-892e-f6118363bb96,OWB603,OWB603,ANOMALIAS,NO_DIFERENCIABLE_SIN_PUNTO_FUERTE,,UNKNOWN,true,false,SIN_PUNTO,,,incompleto_revision,Incompleto en revisión,INCOMPLETO,NO_DIFERENCIABLE,NO_DIFERENCIABLE_SIN_PUNTO_FUERTE,,INCOMPLETO,Incompleto,baja,33.3,"Coinciden 2 de 6 puntos esperados. Faltan ingreso, preingreso, calada, egreso.",6,2,4,false,sin_ingreso,true,balanza_egreso,false,false,DESPACHO_SIN_PUNTO_INSTRUMENTADO,2,BALANZA_INGRESO>BALANZA_EGRESO,SIN_PUNTO,SIN_PUNTO,Sin punto instrumentado (sólidos),DESPACHO_SIN_PUNTO_INSTRUMENTADO,false,0,false,false,false,UNKNOWN,UNKNOWN,,,0,false,false,,,,NONE,DATA_COVERAGE,EVENTOS_INSUFICIENTES,missing_ingreso_frontal,RicB3Ingreso>RicB3Egreso,,incompleto_revision,false,0,RicIngCamFrente|RICARDONE_INGRESO_CAMIONES,2026-10-07T20:10:57.124Z,day,2026-10-04,2026-09-27,33.3,INGRESO|PREINGRESO|CALADA|EGRESO,EVENTOS_INSUFICIENTES,false,false,circuito_probable_sin_ingreso,2-S4>2-S4,2026-09-27_2026-10-04,final_circuits.csv
3ebebf94-97cc-46c2-b573-d02b96b59230,ONS723,ONS723,ANOMALIAS,NO_DIFERENCIABLE_SIN_PUNTO_FUERTE,,UNKNOWN,true,false,SIN_PUNTO,,SAN_LORENZO,incompleto_revision,Incompleto en revisión,INCOMPLETO,NO_DIFERENCIABLE,NO_DIFERENCIABLE_SIN_PUNTO_FUERTE,,INCOMPLETO,Incompleto,baja,33.3,"Coinciden 2 de 6 puntos esperados. Faltan ingreso, preingreso, calada, egreso.",6,2,4,false,sin_ingreso,true,balanza_egreso,false,false,DESPACHO_SIN_PUNTO_INSTRUMENTADO,3,BALANZA_INGRESO>BALANZA_EGRESO>SL_EGRESO,SIN_PUNTO,SIN_PUNTO,Sin punto instrumentado (sólidos),DESPACHO_SIN_PUNTO_INSTRUMENTADO,false,0,true,false,false,UNKNOWN,UNKNOWN,,,0,false,false,,,,NONE,DATA_COVERAGE,SECUENCIA_INCOMPLETA,missing_ingreso_frontal+suspicious_duplicate,RicB3Ingreso>RicB3Egreso>SLZSalidaC2Fte,,incompleto_revision,true,0,RicIngCamFrente|RICARDONE_INGRESO_CAMIONES,2026-10-07T20:10:57.124Z,day,2026-10-04,2026-09-27,33.3,INGRESO|PREINGRESO|CALADA|EGRESO,SECUENCIA_NO_CONCLUYENTE,false,false,circuito_probable_sin_ingreso+punto_fuerte,2-S4>2-S4>1-S7,2026-09-27_2026-10-04,final_circuits.csv
4d98ee58-1bc5-4bfa-97e1-688f247139a5__cycle_1,AH785SE,AH785SE,ANOMALIAS,NO_DIFERENCIABLE_SIN_PUNTO_FUERTE,,UNKNOWN,true,false,SIN_PUNTO,,,incompleto_revision,Incompleto en revisión,INCOMPLETO,NO_DIFERENCIABLE,NO_DIFERENCIABLE_SIN_PUNTO_FUERTE,,INCOMPLETO,Incompleto,baja,33.3,"Coinciden 2 de 6 puntos esperados. Faltan ingreso, preingreso, calada, egreso.",6,2,4,false,sin_ingreso,true,balanza_egreso,false,false,DESPACHO_SIN_PUNTO_INSTRUMENTADO,5,BALANZA_INGRESO>PLAYA>BALANZA_EGRESO,SIN_PUNTO,SIN_PUNTO,Sin punto instrumentado (sólidos),DESPACHO_SIN_PUNTO_INSTRUMENTADO,false,0,false,false,false,UNKNOWN,UNKNOWN,,,0,false,false,,,,NONE,DATA_COVERAGE,SECUENCIA_INCOMPLETA,missing_ingreso_frontal,RicB3Ingreso>RicS6Playa3>RicS6Playa3>RicS6Playa3>RicB3Egreso,,incompleto_revision,false,0,RicIngCamFrente|RICARDONE_INGRESO_CAMIONES,2026-10-07T20:10:57.124Z,day,2026-10-04,2026-09-27,33.3,INGRESO|PREINGRESO|CALADA|EGRESO,SECUENCIA_NO_CONCLUYENTE,false,false,circuito_probable_sin_ingreso,2-S4>2-S6>2-S6>2-S6>2-S4,2026-09-27_2026-10-04,final_circuits.csv
49dbc876-d50a-4cdd-a727-ba8b7a3f1a62,AF670GC,AF670GC,ANOMALIAS,JOURNEY_INCOMPLETO,,RICARDONE,true,false,R8,,LIQUIDO,incompleto_revision,Incompleto en revisión,INCOMPLETO,INCOMPLETO,SECUENCIA_NO_CONCLUYENTE,,INCOMPLETO,Incompleto,media,50,"Coinciden 3 de 6 puntos esperados. Faltan ingreso, balanza ingreso, balanza egreso.",6,3,3,true,preingreso,true,egreso,false,true,CIRCUITO_LIQUIDO,3,PREINGRESO>LIQUIDO>EGRESO,R8,R8,Recepción Mercadería Líquida,CIRCUITO_LIQUIDO,false,63,true,true,true,UNKNOWN,UNKNOWN,,,0,false,false,,,,NONE,DATA_COVERAGE,SECUENCIA_INCOMPLETA,missing_ingreso_frontal,RicPreIngInFr>RicCalLiq>RicEgrCamFrente,,incompleto_revision,true,0,RicIngCamFrente|RICARDONE_INGRESO_CAMIONES,2026-10-07T20:10:57.124Z,day,2026-10-04,2026-09-27,50,INGRESO|BALANZA_INGRESO|BALANZA_EGRESO,SECUENCIA_NO_CONCLUYENTE,false,false,incompleto_revision+punto_fuerte,2-S1>2-S2>2-S3,2026-09-27_2026-10-04,final_circuits.csv
5e26756a-17dd-4798-9422-2f93d6b98d67,LRN071,LRN071,ANOMALIAS,NO_DIFERENCIABLE_SIN_PUNTO_FUERTE,,UNKNOWN,true,false,SIN_PUNTO,,,incompleto_revision,Incompleto en revisión,INCOMPLETO,NO_DIFERENCIABLE,NO_DIFERENCIABLE_SIN_PUNTO_FUERTE,,INCOMPLETO,Incompleto,muy_baja,33.3,"Coinciden 2 de 6 puntos esperados. Faltan ingreso, calada, balanza ingreso, egreso.",6,2,4,true,preingreso,true,egreso_y_balanza,false,true,DESPACHO_SIN_PUNTO_INSTRUMENTADO,2,PREINGRESO>BALANZA_EGRESO,SIN_PUNTO,SIN_PUNTO,Sin punto instrumentado (sólidos),DESPACHO_SIN_PUNTO_INSTRUMENTADO,false,0,false,false,false,UNKNOWN,UNKNOWN,,,0,false,false,,,,NONE,DATA_COVERAGE,EVENTOS_INSUFICIENTES,missing_ingreso_frontal,RicPreIngInFr>RicB2Egreso,,incompleto_revision,false,0,RicIngCamFrente|RICARDONE_INGRESO_CAMIONES,2026-10-07T20:10:57.124Z,day,2026-10-04,2026-09-27,33.3,INGRESO|CALADA|BALANZA_INGRESO|EGRESO,EVENTOS_INSUFICIENTES,false,false,circuito_probable_sin_egreso,2-S1>2-S4,2026-09-27_2026-10-04,final_circuits.csv
e1c4cee5-b823-487e-9a36-3a87b0d1f7bf,AB343MR,AB343MR,ANOMALIAS,NO_DIFERENCIABLE_SIN_PUNTO_FUERTE,,UNKNOWN,true,false,SIN_PUNTO,,,incompleto_revision,Incompleto en revisión,INCOMPLETO,NO_DIFERENCIABLE,NO_DIFERENCIABLE_SIN_PUNTO_FUERTE,,INCOMPLETO,Incompleto,baja,33.3,"Coinciden 2 de 6 puntos esperados. Faltan ingreso, preingreso, calada, egreso.",6,2,4,false,sin_ingreso,true,balanza_egreso,false,false,DESPACHO_SIN_PUNTO_INSTRUMENTADO,4,BALANZA_INGRESO>BALANZA_EGRESO>BALANZA_INGRESO>BALANZA_EGRESO,SIN_PUNTO,SIN_PUNTO,Sin punto instrumentado (sólidos),DESPACHO_SIN_PUNTO_INSTRUMENTADO,false,0,false,false,false,UNKNOWN,UNKNOWN,,,0,false,false,,,,NONE,DATA_COVERAGE,SECUENCIA_INCOMPLETA,missing_ingreso_frontal,RicB3Ingreso>RicB3Egreso>RicB3Ingreso>RicB3Egreso,,incompleto_revision,false,0,RicIngCamFrente|RICARDONE_INGRESO_CAMIONES,2026-10-07T20:10:57.124Z,day,2026-10-04,2026-09-27,33.3,INGRESO|PREINGRESO|CALADA|EGRESO,SECUENCIA_NO_CONCLUYENTE,false,false,circuito_probable_sin_ingreso,2-S4>2-S4>2-S4>2-S4,2026-09-27_2026-10-04,final_circuits.csv
2132ce0a-e2d9-424c-9766-3371007c827f__cycle_2,AB821NP,AB821NP,ANOMALIAS,NO_DIFERENCIABLE_SIN_PUNTO_FUERTE,,UNKNOWN,true,false,SIN_PUNTO,,,incompleto_revision,Incompleto en revisión,INCOMPLETO,NO_DIFERENCIABLE,NO_DIFERENCIABLE_SIN_PUNTO_FUERTE,,INCOMPLETO,Incompleto,muy_baja,33.3,"Coinciden 2 de 6 puntos esperados. Faltan ingreso, preingreso, balanza ingreso, balanza egreso.",6,2,4,false,sin_ingreso,true,egreso,false,true,DESPACHO_SIN_PUNTO_INSTRUMENTADO,2,CALADA>EGRESO,SIN_PUNTO,SIN_PUNTO,Sin punto instrumentado (sólidos),DESPACHO_SIN_PUNTO_INSTRUMENTADO,false,0,false,false,false,UNKNOWN,UNKNOWN,,,0,false,false,,,,NONE,DATA_COVERAGE,EVENTOS_INSUFICIENTES,missing_ingreso_frontal+suspicious_duplicate,RicCal03>RicEgrCamFrente,,incompleto_revision,false,0,RicIngCamFrente|RICARDONE_INGRESO_CAMIONES,2026-10-07T20:10:57.124Z,day,2026-10-04,2026-09-27,33.3,INGRESO|PREINGRESO|BALANZA_INGRESO|BALANZA_EGRESO,EVENTOS_INSUFICIENTES,false,false,circuito_probable_sin_ingreso,2-S2>2-S3,2026-09-27_2026-10-04,final_circuits.csv
7bc993e9-1e51-4619-b61e-6fc1d8e978f2__cycle_1,AI217QP,AI217QP,ANOMALIAS,NO_DIFERENCIABLE_SIN_PUNTO_FUERTE,,UNKNOWN,true,false,SIN_PUNTO,,,incompleto_revision,Incompleto en revisión,INCOMPLETO,NO_DIFERENCIABLE,NO_DIFERENCIABLE_SIN_PUNTO_FUERTE,,INCOMPLETO,Incompleto,baja,33.3,"Coinciden 2 de 6 puntos esperados. Faltan ingreso, preingreso, calada, egreso.",6,2,4,false,sin_ingreso,true,balanza_egreso,false,false,DESPACHO_SIN_PUNTO_INSTRUMENTADO,2,BALANZA_INGRESO>BALANZA_EGRESO,SIN_PUNTO,SIN_PUNTO,Sin punto instrumentado (sólidos),DESPACHO_SIN_PUNTO_INSTRUMENTADO,false,0,false,false,false,UNKNOWN,UNKNOWN,,,0,false,false,,,,NONE,DATA_COVERAGE,EVENTOS_INSUFICIENTES,missing_ingreso_frontal,RicB3Ingreso>RicB3Egreso,,incompleto_revision,false,0,RicIngCamFrente|RICARDONE_INGRESO_CAMIONES,2026-10-07T20:10:57.124Z,day,2026-10-04,2026-09-27,33.3,INGRESO|PREINGRESO|CALADA|EGRESO,EVENTOS_INSUFICIENTES,false,false,circuito_probable_sin_ingreso,2-S4>2-S4,2026-09-27_2026-10-04,final_circuits.csv
cb99eb0a-e93c-4bd9-a321-1c59eb1fd7a2,AC081UU,AC081UU,ANOMALIAS,NO_DIFERENCIABLE_SIN_PUNTO_FUERTE,,UNKNOWN,true,false,SIN_PUNTO,,,incompleto_revision,Incompleto en revisión,INCOMPLETO,NO_DIFERENCIABLE,NO_DIFERENCIABLE_SIN_PUNTO_FUERTE,,INCOMPLETO,Incompleto,baja,33.3,"Coinciden 2 de 6 puntos esperados. Faltan ingreso, preingreso, calada, egreso.",6,2,4,false,sin_ingreso,true,balanza_egreso,false,false,DESPACHO_SIN_PUNTO_INSTRUMENTADO,2,BALANZA_INGRESO>BALANZA_EGRESO,SIN_PUNTO,SIN_PUNTO,Sin punto instrumentado (sólidos),DESPACHO_SIN_PUNTO_INSTRUMENTADO,false,0,false,false,false,UNKNOWN,UNKNOWN,,,0,false,false,,,,NONE,DATA_COVERAGE,EVENTOS_INSUFICIENTES,missing_ingreso_frontal,RicB3Ingreso>RicB3Egreso,,incompleto_revision,false,0,RicIngCamFrente|RICARDONE_INGRESO_CAMIONES,2026-10-07T20:10:57.124Z,day,2026-10-04,2026-09-27,33.3,INGRESO|PREINGRESO|CALADA|EGRESO,EVENTOS_INSUFICIENTES,false,false,circuito_probable_sin_ingreso,2-S4>2-S4,2026-09-27_2026-10-04,final_circuits.csv
cd3215c8-c3db-47cf-a73a-45841acd09d0__cycle_1,AG862BR,AG862BR,ANOMALIAS,NO_DIFERENCIABLE_SIN_PUNTO_FUERTE,,UNKNOWN,true,false,SIN_PUNTO,,,incompleto_revision,Incompleto en revisión,INCOMPLETO,NO_DIFERENCIABLE,NO_DIFERENCIABLE_SIN_PUNTO_FUERTE,,INCOMPLETO,Incompleto,baja,33.3,"Coinciden 2 de 6 puntos esperados. Faltan ingreso, preingreso, calada, egreso.",6,2,4,false,sin_ingreso,true,balanza_egreso,false,false,DESPACHO_SIN_PUNTO_INSTRUMENTADO,2,BALANZA_INGRESO>BALANZA_EGRESO,SIN_PUNTO,SIN_PUNTO,Sin punto instrumentado (sólidos),DESPACHO_SIN_PUNTO_INSTRUMENTADO,false,0,false,false,false,UNKNOWN,UNKNOWN,,,0,false,false,,,,NONE,DATA_COVERAGE,EVENTOS_INSUFICIENTES,missing_ingreso_frontal,RicB3Ingreso>RicB3Egreso,,incompleto_revision,false,0,RicIngCamFrente|RICARDONE_INGRESO_CAMIONES,2026-10-07T20:10:57.124Z,day,2026-10-04,2026-09-27,33.3,INGRESO|PREINGRESO|CALADA|EGRESO,EVENTOS_INSUFICIENTES,false,false,circuito_probable_sin_ingreso,2-S4>2-S4,2026-09-27_2026-10-04,final_circuits.csv
6bedec49-ec95-4cbc-baf1-3e3d9c62317b,AB165BG,AB165BG,ANOMALIAS,NO_DIFERENCIABLE_SIN_PUNTO_FUERTE,,UNKNOWN,true,false,SIN_PUNTO,,,incompleto_revision,Incompleto en revisión,INCOMPLETO,NO_DIFERENCIABLE,NO_DIFERENCIABLE_SIN_PUNTO_FUERTE,,INCOMPLETO,Incompleto,baja,33.3,"Coinciden 2 de 6 puntos esperados. Faltan ingreso, preingreso, calada, egreso.",6,2,4,false,sin_ingreso,true,balanza_egreso,false,false,DESPACHO_SIN_PUNTO_INSTRUMENTADO,2,BALANZA_INGRESO>BALANZA_EGRESO,SIN_PUNTO,SIN_PUNTO,Sin punto instrumentado (sólidos),DESPACHO_SIN_PUNTO_INSTRUMENTADO,false,0,false,false,false,UNKNOWN,UNKNOWN,,,0,false,false,,,,NONE,DATA_COVERAGE,EVENTOS_INSUFICIENTES,missing_ingreso_frontal,RicB3Ingreso>RicB3Egreso,,incompleto_revision,false,0,RicIngCamFrente|RICARDONE_INGRESO_CAMIONES,2026-10-07T20:10:57.124Z,day,2026-10-04,2026-09-27,33.3,INGRESO|PREINGRESO|CALADA|EGRESO,EVENTOS_INSUFICIENTES,false,false,circuito_probable_sin_ingreso,2-S4>2-S4,2026-09-27_2026-10-04,final_circuits.csv
c43625cc-bb2a-4a1d-b1a8-6bba5f9a6844,JDH880,JDH880,ANOMALIAS,JOURNEY_INCOMPLETO,,RICARDONE,true,false,R8,,LIQUIDO,incompleto_revision,Incompleto en revisión,INCOMPLETO,INCOMPLETO,SECUENCIA_NO_CONCLUYENTE,,INCOMPLETO,Incompleto,media,50,"Coinciden 3 de 6 puntos esperados. Faltan ingreso, balanza ingreso, balanza egreso.",6,3,3,true,preingreso,true,egreso,false,true,CIRCUITO_LIQUIDO,3,PREINGRESO>LIQUIDO>EGRESO,R8,R8,Recepción Mercadería Líquida,CIRCUITO_LIQUIDO,false,63,true,true,true,UNKNOWN,UNKNOWN,,,0,false,false,,,,NONE,DATA_COVERAGE,SECUENCIA_INCOMPLETA,missing_ingreso_frontal+suspicious_duplicate,RicPreIngInFr>RicCalLiq>RicEgrCamFrente,,incompleto_revision,true,0,RicIngCamFrente|RICARDONE_INGRESO_CAMIONES,2026-10-07T20:10:57.124Z,day,2026-10-04,2026-09-27,50,INGRESO|BALANZA_INGRESO|BALANZA_EGRESO,SECUENCIA_NO_CONCLUYENTE,false,false,incompleto_revision+punto_fuerte,2-S1>2-S2>2-S3,2026-09-27_2026-10-04,final_circuits.csv
15232f73-a327-4430-9ca8-858f9417cdd4,AF638KW,AF638KW,ANOMALIAS,NO_DIFERENCIABLE_SIN_PUNTO_FUERTE,,UNKNOWN,true,false,SIN_PUNTO,,,incompleto_revision,Incompleto en revisión,INCOMPLETO,NO_DIFERENCIABLE,NO_DIFERENCIABLE_SIN_PUNTO_FUERTE,,INCOMPLETO,Incompleto,baja,33.3,"Coinciden 2 de 6 puntos esperados. Faltan ingreso, preingreso, calada, egreso.",6,2,4,false,sin_ingreso,true,balanza_egreso,false,false,DESPACHO_SIN_PUNTO_INSTRUMENTADO,2,BALANZA_INGRESO>BALANZA_EGRESO,SIN_PUNTO,SIN_PUNTO,Sin punto instrumentado (sólidos),DESPACHO_SIN_PUNTO_INSTRUMENTADO,false,0,false,false,false,UNKNOWN,UNKNOWN,,,0,false,false,,,,NONE,DATA_COVERAGE,EVENTOS_INSUFICIENTES,missing_ingreso_frontal+suspicious_duplicate,RicB3Ingreso>RicB3Egreso,,incompleto_revision,false,0,RicIngCamFrente|RICARDONE_INGRESO_CAMIONES,2026-10-07T20:10:57.124Z,day,2026-10-04,2026-09-27,33.3,INGRESO|PREINGRESO|CALADA|EGRESO,EVENTOS_INSUFICIENTES,false,false,circuito_probable_sin_ingreso,2-S4>2-S4,2026-09-27_2026-10-04,final_circuits.csv
c25ef600-137c-4441-b9d2-bce8b2f99b6b,LTC421,LTC421,ANOMALIAS,JOURNEY_INCOMPLETO,,RICARDONE,true,false,R8,,LIQUIDO,incompleto_revision,Incompleto en revisión,INCOMPLETO,INCOMPLETO,SECUENCIA_NO_CONCLUYENTE,,INCOMPLETO,Incompleto,media,50,"Coinciden 3 de 6 puntos esperados. Faltan ingreso, balanza ingreso, balanza egreso.",6,3,3,true,preingreso,true,egreso,false,true,CIRCUITO_LIQUIDO,3,PREINGRESO>LIQUIDO>EGRESO,R8,R8,Recepción Mercadería Líquida,CIRCUITO_LIQUIDO,false,63,true,true,true,UNKNOWN,UNKNOWN,,,0,false,false,,,,NONE,DATA_COVERAGE,SECUENCIA_INCOMPLETA,missing_ingreso_frontal+suspicious_duplicate,RicPreIngInFr>RicCalLiq>RicEgrCamFrente,,incompleto_revision,true,0,RicIngCamFrente|RICARDONE_INGRESO_CAMIONES,2026-10-07T20:10:57.124Z,day,2026-10-04,2026-09-27,50,INGRESO|BALANZA_INGRESO|BALANZA_EGRESO,SECUENCIA_NO_CONCLUYENTE,false,false,incompleto_revision+punto_fuerte,2-S1>2-S2>2-S3,2026-09-27_2026-10-04,final_circuits.csv
a66bb5c7-9610-484c-bbd2-b42469455e20,LTC421,LTC421,ANOMALIAS,JOURNEY_INCOMPLETO,,RICARDONE,true,false,R8,,LIQUIDO,incompleto_revision,Incompleto en revisión,INCOMPLETO,INCOMPLETO,SECUENCIA_NO_CONCLUYENTE,,INCOMPLETO,Incompleto,media,50,"Coinciden 3 de 6 puntos esperados. Faltan ingreso, preingreso, balanza ingreso.",6,3,3,false,sin_ingreso,true,egreso_y_balanza,false,true,CIRCUITO_LIQUIDO,4,BALANZA_EGRESO>LIQUIDO>EGRESO,R8,R8,Recepción Mercadería Líquida,CIRCUITO_LIQUIDO,false,63,true,true,true,UNKNOWN,UNKNOWN,,,0,false,false,,,,NONE,DATA_COVERAGE,SECUENCIA_INCOMPLETA,missing_ingreso_frontal+suspicious_duplicate,RicB2Egreso>RicB2Egreso>RicCalLiq>RicEgrCamFrente,,incompleto_revision,true,0,RicIngCamFrente|RICARDONE_INGRESO_CAMIONES,2026-10-07T20:10:57.124Z,day,2026-10-04,2026-09-27,50,INGRESO|PREINGRESO|BALANZA_INGRESO,SECUENCIA_NO_CONCLUYENTE,false,false,circuito_probable_sin_ingreso+punto_fuerte,2-S4>2-S4>2-S2>2-S3,2026-09-27_2026-10-04,final_circuits.csv
1c0c9cb7-0fb9-4949-9ffe-99625119421b,AB501TX,AB501TX,ANOMALIAS,NO_DIFERENCIABLE_SIN_PUNTO_FUERTE,,UNKNOWN,true,false,SIN_PUNTO,,,incompleto_revision,Incompleto en revisión,INCOMPLETO,NO_DIFERENCIABLE,NO_DIFERENCIABLE_SIN_PUNTO_FUERTE,,INCOMPLETO,Incompleto,baja,33.3,"Coinciden 2 de 6 puntos esperados. Faltan ingreso, preingreso, calada, egreso.",6,2,4,false,sin_ingreso,true,balanza_egreso,false,false,DESPACHO_SIN_PUNTO_INSTRUMENTADO,2,BALANZA_INGRESO>BALANZA_EGRESO,SIN_PUNTO,SIN_PUNTO,Sin punto instrumentado (sólidos),DESPACHO_SIN_PUNTO_INSTRUMENTADO,false,0,false,false,false,UNKNOWN,UNKNOWN,,,0,false,false,,,,NONE,DATA_COVERAGE,EVENTOS_INSUFICIENTES,missing_ingreso_frontal,RicB3Ingreso>RicB3Egreso,,incompleto_revision,false,0,RicIngCamFrente|RICARDONE_INGRESO_CAMIONES,2026-10-07T20:10:57.124Z,day,2026-10-04,2026-09-27,33.3,INGRESO|PREINGRESO|CALADA|EGRESO,EVENTOS_INSUFICIENTES,false,false,circuito_probable_sin_ingreso,2-S4>2-S4,2026-09-27_2026-10-04,final_circuits.csv
a868086a-9c63-4ba3-84ed-e69a7aadcfc8__cycle_1,BBU070,BBU070,ANOMALIAS,NO_DIFERENCIABLE_SIN_PUNTO_FUERTE,,UNKNOWN,true,false,SIN_PUNTO,,,incompleto_revision,Incompleto en revisión,INCOMPLETO,NO_DIFERENCIABLE,NO_DIFERENCIABLE_SIN_PUNTO_FUERTE,,INCOMPLETO,Incompleto,muy_baja,33.3,"Coinciden 2 de 6 puntos esperados. Faltan ingreso, preingreso, balanza ingreso, egreso.",6,2,4,false,sin_ingreso,true,egreso_y_balanza,false,true,DESPACHO_SIN_PUNTO_INSTRUMENTADO,3,CALADA>PLAYA>BALANZA_EGRESO,SIN_PUNTO,SIN_PUNTO,Sin punto instrumentado (sólidos),DESPACHO_SIN_PUNTO_INSTRUMENTADO,false,0,false,false,false,UNKNOWN,UNKNOWN,,,0,false,false,,,,NONE,DATA_COVERAGE,SECUENCIA_INCOMPLETA,missing_ingreso_frontal,RicCal01>RicS6Playa3>RicB2Egreso,,incompleto_revision,false,0,RicIngCamFrente|RICARDONE_INGRESO_CAMIONES,2026-10-07T20:10:57.124Z,day,2026-10-04,2026-09-27,33.3,INGRESO|PREINGRESO|BALANZA_INGRESO|EGRESO,SECUENCIA_NO_CONCLUYENTE,false,false,circuito_probable_sin_ingreso,2-S2>2-S6>2-S4,2026-09-27_2026-10-04,final_circuits.csv
8317c31e-fed9-422f-a563-4e9909af96c6__cycle_2,AYW824,AYW824,ANOMALIAS,FRAGMENTO_SIN_CIERRE_OPERATIVO,,RICARDONE,true,false,R6,,RICARDONE,incompleto_revision,Incompleto en revisión,INCOMPLETO,INCOMPLETO,FRAGMENTO_SIN_CIERRE_OPERATIVO,,INCOMPLETO,Incompleto,baja,14.3,"Coinciden 1 de 7 puntos esperados. Faltan ingreso, preingreso, calada, balanza ingreso, balanza egreso, egreso.",7,1,6,false,sin_ingreso,false,sin_egreso,false,false,CIRCUITO_VOLCABLE_1_2,2,VOLCABLE,R6,R6,Recepción Volcable 2,CIRCUITO_VOLCABLE_1_2,false,67,true,true,true,UNKNOWN,UNKNOWN,,,0,false,false,,,,NONE,DATA_COVERAGE,EVENTOS_INSUFICIENTES,missing_ingreso_frontal+suspicious_duplicate,RicVolcable2>RicVolcable2,,incompleto_revision,true,0,RicIngCamFrente|RICARDONE_INGRESO_CAMIONES,2026-10-07T20:10:57.124Z,day,2026-10-04,2026-09-27,14.3,INGRESO|PREINGRESO|CALADA|BALANZA_INGRESO|BALANZA_EGRESO|EGRESO,EVENTOS_INSUFICIENTES,false,false,incompleto_revision+punto_fuerte,2-S9>2-S9,2026-09-27_2026-10-04,final_circuits.csv
822a0627-3272-4e18-87f5-e06564fdfb72,FLF111,FLF111,ANOMALIAS,JOURNEY_INCOMPLETO,,RICARDONE,true,false,R8,,LIQUIDO,incompleto_revision,Incompleto en revisión,INCOMPLETO,INCOMPLETO,SECUENCIA_NO_CONCLUYENTE,,INCOMPLETO,Incompleto,media,50,"Coinciden 3 de 6 puntos esperados. Faltan ingreso, balanza ingreso, balanza egreso.",6,3,3,true,preingreso,true,egreso,false,true,CIRCUITO_LIQUIDO,3,PREINGRESO>LIQUIDO>EGRESO,R8,R8,Recepción Mercadería Líquida,CIRCUITO_LIQUIDO,false,63,true,true,true,UNKNOWN,UNKNOWN,,,0,false,false,,,,NONE,DATA_COVERAGE,SECUENCIA_INCOMPLETA,missing_ingreso_frontal+suspicious_duplicate,RicPreIngInFr>RicCalLiq>RicEgrCamFrente,,incompleto_revision,true,0,RicIngCamFrente|RICARDONE_INGRESO_CAMIONES,2026-10-07T20:10:57.124Z,day,2026-10-04,2026-09-27,50,INGRESO|BALANZA_INGRESO|BALANZA_EGRESO,SECUENCIA_NO_CONCLUYENTE,false,false,incompleto_revision+punto_fuerte,2-S1>2-S2>2-S3,2026-09-27_2026-10-04,final_circuits.csv
45b516e3-95bc-473c-b1f3-fb096d6d1f06,CSB958,CSB958,ANOMALIAS,JOURNEY_INCOMPLETO,,RICARDONE,true,false,R8,,LIQUIDO,incompleto_revision,Incompleto en revisión,INCOMPLETO,INCOMPLETO,SECUENCIA_NO_CONCLUYENTE,,INCOMPLETO,Incompleto,media,50,"Coinciden 3 de 6 puntos esperados. Faltan ingreso, balanza ingreso, balanza egreso.",6,3,3,true,preingreso,true,egreso,false,true,CIRCUITO_LIQUIDO,3,PREINGRESO>LIQUIDO>EGRESO,R8,R8,Recepción Mercadería Líquida,CIRCUITO_LIQUIDO,false,63,true,true,true,UNKNOWN,UNKNOWN,,,0,false,false,,,,NONE,DATA_COVERAGE,SECUENCIA_INCOMPLETA,missing_ingreso_frontal+suspicious_duplicate,RicPreIngInFr>RicCalLiq>RicEgrCamFrente,,incompleto_revision,true,0,RicIngCamFrente|RICARDONE_INGRESO_CAMIONES,2026-10-07T20:10:57.124Z,day,2026-10-04,2026-09-27,50,INGRESO|BALANZA_INGRESO|BALANZA_EGRESO,SECUENCIA_NO_CONCLUYENTE,false,false,incompleto_revision+punto_fuerte,2-S1>2-S2>2-S3,2026-09-27_2026-10-04,final_circuits.csv
989d8858-8f8b-445e-a494-39f11027f148__cycle_1,SFN197,SFN197,ANOMALIAS,NO_DIFERENCIABLE_SIN_PUNTO_FUERTE,,UNKNOWN,true,false,SIN_PUNTO,,,incompleto_revision,Incompleto en revisión,INCOMPLETO,NO_DIFERENCIABLE,NO_DIFERENCIABLE_SIN_PUNTO_FUERTE,,INCOMPLETO,Incompleto,baja,50,"Coinciden 3 de 6 puntos esperados. Faltan ingreso, balanza ingreso, egreso.",6,3,3,true,preingreso,true,egreso_y_balanza,false,true,DESPACHO_SIN_PUNTO_INSTRUMENTADO,3,PREINGRESO>CALADA>BALANZA_EGRESO,SIN_PUNTO,SIN_PUNTO,Sin punto instrumentado (sólidos),DESPACHO_SIN_PUNTO_INSTRUMENTADO,false,0,false,false,false,UNKNOWN,UNKNOWN,,,0,false,false,,,,NONE,DATA_COVERAGE,SECUENCIA_INCOMPLETA,missing_ingreso_frontal,RicPreIngInFr>RicCal02>RicB2Egreso,,incompleto_revision,false,0,RicIngCamFrente|RICARDONE_INGRESO_CAMIONES,2026-10-07T20:10:57.124Z,day,2026-10-04,2026-09-27,50,INGRESO|BALANZA_INGRESO|EGRESO,SECUENCIA_NO_CONCLUYENTE,false,false,circuito_probable_sin_egreso,2-S1>2-S2>2-S4,2026-09-27_2026-10-04,final_circuits.csv
6dc93630-dfa7-4e19-81b3-6a18fe0676a0,AA976RS,AA976RS,ANOMALIAS,FRAGMENTO_SIN_CIERRE_OPERATIVO,,UNKNOWN,true,false,SIN_PUNTO,,,incompleto_revision,Incompleto en revisión,INCOMPLETO,INCOMPLETO,FRAGMENTO_SIN_CIERRE_OPERATIVO,,INCOMPLETO,Incompleto,muy_baja,33.3,"Coinciden 2 de 6 puntos esperados. Faltan ingreso, balanza ingreso, balanza egreso, egreso.",6,2,4,true,preingreso,false,sin_egreso,false,false,DESPACHO_SIN_PUNTO_INSTRUMENTADO,2,PREINGRESO>CALADA,SIN_PUNTO,SIN_PUNTO,Sin punto instrumentado (sólidos),DESPACHO_SIN_PUNTO_INSTRUMENTADO,false,0,false,false,false,UNKNOWN,UNKNOWN,,,0,false,false,,,,NONE,DATA_COVERAGE,EVENTOS_INSUFICIENTES,missing_ingreso_frontal,RicPreIngInFr>RicCal01,,incompleto_revision,false,0,RicIngCamFrente|RICARDONE_INGRESO_CAMIONES,2026-10-07T20:10:57.124Z,day,2026-10-04,2026-09-27,33.3,INGRESO|BALANZA_INGRESO|BALANZA_EGRESO|EGRESO,EVENTOS_INSUFICIENTES,false,false,circuito_probable_sin_egreso,2-S1>2-S2,2026-09-27_2026-10-04,final_circuits.csv
04ec348a-f42e-41d2-9b8d-6a9d0b113458__cycle_1,AC993CK,AC993CK,ANOMALIAS,FRAGMENTO_SIN_CIERRE_OPERATIVO,,UNKNOWN,true,false,SIN_PUNTO,,,incompleto_revision,Incompleto en revisión,INCOMPLETO,INCOMPLETO,FRAGMENTO_SIN_CIERRE_OPERATIVO,,INCOMPLETO,Incompleto,muy_baja,33.3,"Coinciden 2 de 6 puntos esperados. Faltan ingreso, balanza ingreso, balanza egreso, egreso.",6,2,4,true,preingreso,false,sin_egreso,false,false,DESPACHO_SIN_PUNTO_INSTRUMENTADO,2,PREINGRESO>CALADA,SIN_PUNTO,SIN_PUNTO,Sin punto instrumentado (sólidos),DESPACHO_SIN_PUNTO_INSTRUMENTADO,false,0,false,false,false,UNKNOWN,UNKNOWN,,,0,false,false,,,,NONE,DATA_COVERAGE,EVENTOS_INSUFICIENTES,missing_ingreso_frontal,RicPreIngInFr>RicCal01,,incompleto_revision,false,0,RicIngCamFrente|RICARDONE_INGRESO_CAMIONES,2026-10-07T20:10:57.124Z,day,2026-10-04,2026-09-27,33.3,INGRESO|BALANZA_INGRESO|BALANZA_EGRESO|EGRESO,EVENTOS_INSUFICIENTES,false,false,circuito_probable_sin_egreso,2-S1>2-S2,2026-09-27_2026-10-04,final_circuits.csv
e4554206-8484-4ed2-b6d8-5b2d81479d0c,DCK099,DCK099,ANOMALIAS,NO_DIFERENCIABLE_SIN_PUNTO_FUERTE,,UNKNOWN,true,false,SIN_PUNTO,,,incompleto_revision,Incompleto en revisión,INCOMPLETO,NO_DIFERENCIABLE,NO_DIFERENCIABLE_SIN_PUNTO_FUERTE,,INCOMPLETO,Incompleto,baja,50,"Coinciden 3 de 6 puntos esperados. Faltan ingreso, balanza ingreso, egreso.",6,3,3,true,preingreso,true,egreso_y_balanza,false,true,DESPACHO_SIN_PUNTO_INSTRUMENTADO,4,PREINGRESO>CALADA>PLAYA>BALANZA_EGRESO,SIN_PUNTO,SIN_PUNTO,Sin punto instrumentado (sólidos),DESPACHO_SIN_PUNTO_INSTRUMENTADO,false,0,false,false,false,UNKNOWN,UNKNOWN,,,0,false,false,,,,NONE,DATA_COVERAGE,SECUENCIA_INCOMPLETA,missing_ingreso_frontal,RicPreIngInFr>RicCal02>RicS6Playa3>RicB2Egreso,,incompleto_revision,false,0,RicIngCamFrente|RICARDONE_INGRESO_CAMIONES,2026-10-07T20:10:57.124Z,day,2026-10-04,2026-09-27,50,INGRESO|BALANZA_INGRESO|EGRESO,SECUENCIA_NO_CONCLUYENTE,false,false,circuito_probable_sin_egreso,2-S1>2-S2>2-S6>2-S4,2026-09-27_2026-10-04,final_circuits.csv
2ea1cdf7-d7b3-41e4-aa5e-ee15572a83a7,AUP927,AUP927,ANOMALIAS,NO_DIFERENCIABLE_SIN_PUNTO_FUERTE,,UNKNOWN,true,false,SIN_PUNTO,,,incompleto_revision,Incompleto en revisión,INCOMPLETO,NO_DIFERENCIABLE,NO_DIFERENCIABLE_SIN_PUNTO_FUERTE,,INCOMPLETO,Incompleto,baja,50,"Coinciden 3 de 6 puntos esperados. Faltan ingreso, balanza ingreso, egreso.",6,3,3,true,preingreso,true,egreso_y_balanza,false,true,DESPACHO_SIN_PUNTO_INSTRUMENTADO,5,PREINGRESO>PREINGRESO_EGRESO>CALADA>PLAYA>BALANZA_EGRESO,SIN_PUNTO,SIN_PUNTO,Sin punto instrumentado (sólidos),DESPACHO_SIN_PUNTO_INSTRUMENTADO,false,0,false,false,false,UNKNOWN,UNKNOWN,,,0,false,false,,,,NONE,DATA_COVERAGE,SECUENCIA_INCOMPLETA,missing_ingreso_frontal,RicPreIngInFr>RicPreIngEgFr>RicCal01>RicS6Playa3>RicB2Egreso,,incompleto_revision,false,0,RicIngCamFrente|RICARDONE_INGRESO_CAMIONES,2026-10-07T20:10:57.124Z,day,2026-10-04,2026-09-27,50,INGRESO|BALANZA_INGRESO|EGRESO,SECUENCIA_NO_CONCLUYENTE,false,false,circuito_probable_sin_egreso,2-S1>2-S1>2-S2>2-S6>2-S4,2026-09-27_2026-10-04,final_circuits.csv
81ae2f09-7990-49c0-bd2b-afc0e2357877,WNL428,WNL428,ANOMALIAS,JOURNEY_INCOMPLETO,,RICARDONE,true,false,R8,,LIQUIDO,incompleto_revision,Incompleto en revisión,INCOMPLETO,INCOMPLETO,SECUENCIA_NO_CONCLUYENTE,,INCOMPLETO,Incompleto,media,50,"Coinciden 3 de 6 puntos esperados. Faltan ingreso, balanza ingreso, balanza egreso.",6,3,3,true,preingreso,true,egreso,false,true,CIRCUITO_LIQUIDO,3,PREINGRESO>LIQUIDO>EGRESO,R8,R8,Recepción Mercadería Líquida,CIRCUITO_LIQUIDO,false,63,true,true,true,UNKNOWN,UNKNOWN,,,0,false,false,,,,NONE,DATA_COVERAGE,SECUENCIA_INCOMPLETA,missing_ingreso_frontal+suspicious_duplicate,RicPreIngInFr>RicCalLiq>RicEgrCamFrente,,incompleto_revision,true,0,RicIngCamFrente|RICARDONE_INGRESO_CAMIONES,2026-10-07T20:10:57.124Z,day,2026-10-04,2026-09-27,50,INGRESO|BALANZA_INGRESO|BALANZA_EGRESO,SECUENCIA_NO_CONCLUYENTE,false,false,incompleto_revision+punto_fuerte,2-S1>2-S2>2-S3,2026-09-27_2026-10-04,final_circuits.csv
6d02a9b5-e0f7-481d-8dd5-6f6af50c15f3__cycle_1,AZG422,AZG422,ANOMALIAS,NO_DIFERENCIABLE_SIN_PUNTO_FUERTE,,UNKNOWN,true,false,SIN_PUNTO,,,incompleto_revision,Incompleto en revisión,INCOMPLETO,NO_DIFERENCIABLE,NO_DIFERENCIABLE_SIN_PUNTO_FUERTE,,INCOMPLETO,Incompleto,muy_baja,33.3,"Coinciden 2 de 6 puntos esperados. Faltan ingreso, calada, balanza ingreso, egreso.",6,2,4,true,preingreso,true,egreso_y_balanza,false,true,DESPACHO_SIN_PUNTO_INSTRUMENTADO,4,PREINGRESO>PLAYA>BALANZA_EGRESO,SIN_PUNTO,SIN_PUNTO,Sin punto instrumentado (sólidos),DESPACHO_SIN_PUNTO_INSTRUMENTADO,false,0,false,false,false,UNKNOWN,UNKNOWN,,,0,false,false,,,,NONE,BEHAVIORAL,RIC_SL_MAS30M_SIN_CALADA_SL,missing_ingreso_frontal,RicPreIngInFr>RicS6Playa3>RicB2Egreso>RicB2Egreso,,incompleto_revision,false,0,RicIngCamFrente|RICARDONE_INGRESO_CAMIONES,2026-10-07T20:10:57.124Z,day,2026-10-04,2026-09-27,33.3,INGRESO|CALADA|BALANZA_INGRESO|EGRESO,SECUENCIA_NO_CONCLUYENTE,false,false,circuito_probable_sin_egreso,2-S1>2-S6>2-S4>2-S4,2026-09-27_2026-10-04,final_circuits.csv
a41e4fb3-ec60-4ddf-a71c-21294f125458,EDW495,EDW495,ANOMALIAS,NO_DIFERENCIABLE_SIN_PUNTO_FUERTE,,UNKNOWN,true,false,SIN_PUNTO,,,incompleto_revision,Incompleto en revisión,INCOMPLETO,NO_DIFERENCIABLE,NO_DIFERENCIABLE_SIN_PUNTO_FUERTE,,INCOMPLETO,Incompleto,baja,50,"Coinciden 3 de 6 puntos esperados. Faltan ingreso, balanza ingreso, egreso.",6,3,3,true,preingreso,true,egreso_y_balanza,false,true,DESPACHO_SIN_PUNTO_INSTRUMENTADO,4,PREINGRESO>CALADA>PLAYA>BALANZA_EGRESO,SIN_PUNTO,SIN_PUNTO,Sin punto instrumentado (sólidos),DESPACHO_SIN_PUNTO_INSTRUMENTADO,false,0,false,false,false,UNKNOWN,UNKNOWN,,,0,false,false,,,,NONE,DATA_COVERAGE,SECUENCIA_INCOMPLETA,missing_ingreso_frontal,RicPreIngInFr>RicCal02>RicS6Playa3>RicB2Egreso,,incompleto_revision,false,0,RicIngCamFrente|RICARDONE_INGRESO_CAMIONES,2026-10-07T20:10:57.124Z,day,2026-10-04,2026-09-27,50,INGRESO|BALANZA_INGRESO|EGRESO,SECUENCIA_NO_CONCLUYENTE,false,false,circuito_probable_sin_egreso,2-S1>2-S2>2-S6>2-S4,2026-09-27_2026-10-04,final_circuits.csv
e77c1d1c-7aa7-4927-95f0-bc1436c5ba9b,NLI758,NLI758,ANOMALIAS,NO_DIFERENCIABLE_SIN_PUNTO_FUERTE,,UNKNOWN,true,false,SIN_PUNTO,,SAN_LORENZO,incompleto_revision,Incompleto en revisión,INCOMPLETO,NO_DIFERENCIABLE,NO_DIFERENCIABLE_SIN_PUNTO_FUERTE,,INCOMPLETO,Incompleto,baja,33.3,"Coinciden 2 de 6 puntos esperados. Faltan ingreso, balanza ingreso, balanza egreso, egreso.",6,2,4,true,preingreso,false,sin_egreso,false,false,DESPACHO_SIN_PUNTO_INSTRUMENTADO,5,PREINGRESO>CALADA>PREINGRESO>SL_VOLCABLE>SL_EGRESO,SIN_PUNTO,SIN_PUNTO,Sin punto instrumentado (sólidos),DESPACHO_SIN_PUNTO_INSTRUMENTADO,false,0,true,false,false,UNKNOWN,UNKNOWN,,,0,false,false,,,,NONE,DATA_COVERAGE,SECUENCIA_INCOMPLETA,missing_ingreso_frontal,RicPreIngInFr>RicCal02>RicPreIngInFr>SLZVolcableC3>SLZSalidaC1Fte,,incompleto_revision,true,0,RicIngCamFrente|RICARDONE_INGRESO_CAMIONES,2026-10-07T20:10:57.124Z,day,2026-10-04,2026-09-27,33.3,INGRESO|BALANZA_INGRESO|BALANZA_EGRESO|EGRESO,SECUENCIA_NO_CONCLUYENTE,false,false,circuito_probable_sin_egreso+punto_fuerte,2-S1>2-S2>2-S1>1-S4>1-S7,2026-09-27_2026-10-04,final_circuits.csv
3f5b80e8-2107-40e1-be08-92b273ce5f0d__cycle_1,CMU578,CMU578,ANOMALIAS,NO_DIFERENCIABLE_SIN_PUNTO_FUERTE,,UNKNOWN,true,false,SIN_PUNTO,,,incompleto_revision,Incompleto en revisión,INCOMPLETO,NO_DIFERENCIABLE,NO_DIFERENCIABLE_SIN_PUNTO_FUERTE,,INCOMPLETO,Incompleto,muy_baja,33.3,"Coinciden 2 de 6 puntos esperados. Faltan ingreso, balanza ingreso, balanza egreso, egreso.",6,2,4,true,preingreso,false,sin_egreso,false,false,DESPACHO_SIN_PUNTO_INSTRUMENTADO,3,PREINGRESO>CALADA>PLAYA,SIN_PUNTO,SIN_PUNTO,Sin punto instrumentado (sólidos),DESPACHO_SIN_PUNTO_INSTRUMENTADO,false,0,false,false,false,UNKNOWN,UNKNOWN,,,0,false,false,,,,NONE,DATA_COVERAGE,SECUENCIA_INCOMPLETA,missing_ingreso_frontal,RicPreIngInFr>RicCal02>RicS6Playa3,,incompleto_revision,false,0,RicIngCamFrente|RICARDONE_INGRESO_CAMIONES,2026-10-07T20:10:57.124Z,day,2026-10-04,2026-09-27,33.3,INGRESO|BALANZA_INGRESO|BALANZA_EGRESO|EGRESO,SECUENCIA_NO_CONCLUYENTE,false,false,circuito_probable_sin_egreso,2-S1>2-S2>2-S6,2026-09-27_2026-10-04,final_circuits.csv
5c11d7bf-68cf-41a7-a269-931fe05994d7__cycle_1,GGY416,GGY416,ANOMALIAS,NO_DIFERENCIABLE_SIN_PUNTO_FUERTE,,UNKNOWN,true,false,SIN_PUNTO,,,incompleto_revision,Incompleto en revisión,INCOMPLETO,NO_DIFERENCIABLE,NO_DIFERENCIABLE_SIN_PUNTO_FUERTE,,INCOMPLETO,Incompleto,muy_baja,33.3,"Coinciden 2 de 6 puntos esperados. Faltan ingreso, balanza ingreso, balanza egreso, egreso.",6,2,4,true,preingreso,false,sin_egreso,false,false,DESPACHO_SIN_PUNTO_INSTRUMENTADO,3,PREINGRESO>CALADA>PLAYA,SIN_PUNTO,SIN_PUNTO,Sin punto instrumentado (sólidos),DESPACHO_SIN_PUNTO_INSTRUMENTADO,false,0,false,false,false,UNKNOWN,UNKNOWN,,,0,false,false,,,,NONE,DATA_COVERAGE,SECUENCIA_INCOMPLETA,missing_ingreso_frontal,RicPreIngInFr>RicCal02>RicS6Playa3,,incompleto_revision,false,0,RicIngCamFrente|RICARDONE_INGRESO_CAMIONES,2026-10-07T20:10:57.124Z,day,2026-10-04,2026-09-27,33.3,INGRESO|BALANZA_INGRESO|BALANZA_EGRESO|EGRESO,SECUENCIA_NO_CONCLUYENTE,false,false,circuito_probable_sin_egreso,2-S1>2-S2>2-S6,2026-09-27_2026-10-04,final_circuits.csv
278ae6c8-1419-4d45-8670-deaf8c43cf38__cycle_1,REL854,REL854,ANOMALIAS,NO_DIFERENCIABLE_SIN_PUNTO_FUERTE,,UNKNOWN,true,false,SIN_PUNTO,,,incompleto_revision,Incompleto en revisión,INCOMPLETO,NO_DIFERENCIABLE,NO_DIFERENCIABLE_SIN_PUNTO_FUERTE,,INCOMPLETO,Incompleto,muy_baja,33.3,"Coinciden 2 de 6 puntos esperados. Faltan ingreso, balanza ingreso, balanza egreso, egreso.",6,2,4,true,preingreso,false,sin_egreso,false,false,DESPACHO_SIN_PUNTO_INSTRUMENTADO,3,PREINGRESO>CALADA>PLAYA,SIN_PUNTO,SIN_PUNTO,Sin punto instrumentado (sólidos),DESPACHO_SIN_PUNTO_INSTRUMENTADO,false,0,false,false,false,UNKNOWN,UNKNOWN,,,0,false,false,,,,NONE,DATA_COVERAGE,SECUENCIA_INCOMPLETA,missing_ingreso_frontal,RicPreIngInFr>RicCal01>RicS6Playa3,,incompleto_revision,false,0,RicIngCamFrente|RICARDONE_INGRESO_CAMIONES,2026-10-07T20:10:57.124Z,day,2026-10-04,2026-09-27,33.3,INGRESO|BALANZA_INGRESO|BALANZA_EGRESO|EGRESO,SECUENCIA_NO_CONCLUYENTE,false,false,circuito_probable_sin_egreso,2-S1>2-S2>2-S6,2026-09-27_2026-10-04,final_circuits.csv
bcca7d20-4878-491a-8b57-2f7cfae2208d,EBO971,EBO971,ANOMALIAS,JOURNEY_INCOMPLETO,,RICARDONE,true,false,R8,,LIQUIDO,incompleto_revision,Incompleto en revisión,INCOMPLETO,INCOMPLETO,SECUENCIA_NO_CONCLUYENTE,,INCOMPLETO,Incompleto,media,66.7,"Coinciden 4 de 6 puntos esperados. Faltan ingreso, balanza ingreso.",6,4,2,true,preingreso,true,egreso_y_balanza,false,true,CIRCUITO_LIQUIDO,7,PREINGRESO>LIQUIDO>CARGA_S8>BALANZA_EGRESO>CALADA>SL_EGRESO,R8,R8,Recepción Mercadería Líquida,CIRCUITO_LIQUIDO,false,63,true,true,true,UNKNOWN,UNKNOWN,,,0,false,false,,,,NONE,BEHAVIORAL,RIC_SL_MAS30M_SIN_CALADA_SL,missing_ingreso_frontal,RicPreIngInFr>RicCalLiq>RicCalLiq>RicS8CargaLinea2>RicB2Egreso>RicCal02>SLZSalidaC1Fte,,incompleto_revision,true,0,RicIngCamFrente|RICARDONE_INGRESO_CAMIONES,2026-10-07T20:10:57.124Z,day,2026-10-04,2026-09-27,50,INGRESO|BALANZA_INGRESO|EGRESO,SECUENCIA_NO_CONCLUYENTE,false,false,circuito_probable_sin_egreso+punto_fuerte,2-S1>2-S2>2-S2>2-S8>2-S4>2-S2>1-S7,2026-09-27_2026-10-04,final_circuits.csv
f37bda15-5e20-4165-b62a-d3728a33f982,GVJ645,GVJ645,ANOMALIAS,JOURNEY_INCOMPLETO,,RICARDONE,true,false,R8,,LIQUIDO,incompleto_revision,Incompleto en revisión,INCOMPLETO,INCOMPLETO,SECUENCIA_NO_CONCLUYENTE,,INCOMPLETO,Incompleto,media,50,"Coinciden 3 de 6 puntos esperados. Faltan ingreso, balanza ingreso, balanza egreso.",6,3,3,true,preingreso,false,sin_egreso,false,false,CIRCUITO_LIQUIDO,5,PREINGRESO>LIQUIDO>SL_BALANZA_INGRESO>UNKNOWN>SL_EGRESO,R8,R8,Recepción Mercadería Líquida,CIRCUITO_LIQUIDO,false,63,true,true,true,UNKNOWN,UNKNOWN,,,0,false,false,,,,NONE,DATA_COVERAGE,SECUENCIA_INCOMPLETA,missing_ingreso_frontal,RicPreIngInFr>RicCalLiq>SLZBalIngFte>SLZBalLiq2a>SLZSalidaC1Fte,,incompleto_revision,true,0,RicIngCamFrente|RICARDONE_INGRESO_CAMIONES,2026-10-07T20:10:57.124Z,day,2026-10-04,2026-09-27,33.3,INGRESO|BALANZA_INGRESO|BALANZA_EGRESO|EGRESO,SECUENCIA_NO_CONCLUYENTE,false,false,circuito_probable_sin_egreso+punto_fuerte,2-S1>2-S2>1-S1>1-S6>1-S7,2026-09-27_2026-10-04,final_circuits.csv
a5a3aa5a-d6a8-4e70-a5f0-a4d68b10a760__cycle_1,BJL896,BJL896,ANOMALIAS,NO_DIFERENCIABLE_SIN_PUNTO_FUERTE,,UNKNOWN,true,false,SIN_PUNTO,,,incompleto_revision,Incompleto en revisión,INCOMPLETO,NO_DIFERENCIABLE,NO_DIFERENCIABLE_SIN_PUNTO_FUERTE,,INCOMPLETO,Incompleto,muy_baja,33.3,"Coinciden 2 de 6 puntos esperados. Faltan ingreso, balanza ingreso, balanza egreso, egreso.",6,2,4,true,preingreso,false,sin_egreso,false,false,DESPACHO_SIN_PUNTO_INSTRUMENTADO,3,PREINGRESO>CALADA>PLAYA,SIN_PUNTO,SIN_PUNTO,Sin punto instrumentado (sólidos),DESPACHO_SIN_PUNTO_INSTRUMENTADO,false,0,false,false,false,UNKNOWN,UNKNOWN,,,0,false,false,,,,NONE,DATA_COVERAGE,SECUENCIA_INCOMPLETA,missing_ingreso_frontal,RicPreIngInFr>RicCal02>RicS6Playa3,,incompleto_revision,false,0,RicIngCamFrente|RICARDONE_INGRESO_CAMIONES,2026-10-07T20:10:57.124Z,day,2026-10-04,2026-09-27,33.3,INGRESO|BALANZA_INGRESO|BALANZA_EGRESO|EGRESO,SECUENCIA_NO_CONCLUYENTE,false,false,circuito_probable_sin_egreso,2-S1>2-S2>2-S6,2026-09-27_2026-10-04,final_circuits.csv
5c7143b8-21f4-4c44-a154-12736b29a292__cycle_1,ELU844,ELU844,ANOMALIAS,NO_DIFERENCIABLE_SIN_PUNTO_FUERTE,,UNKNOWN,true,false,SIN_PUNTO,,,incompleto_revision,Incompleto en revisión,INCOMPLETO,NO_DIFERENCIABLE,NO_DIFERENCIABLE_SIN_PUNTO_FUERTE,,INCOMPLETO,Incompleto,muy_baja,33.3,"Coinciden 2 de 6 puntos esperados. Faltan ingreso, balanza ingreso, balanza egreso, egreso.",6,2,4,true,preingreso,false,sin_egreso,false,false,DESPACHO_SIN_PUNTO_INSTRUMENTADO,3,PREINGRESO>CALADA>PLAYA,SIN_PUNTO,SIN_PUNTO,Sin punto instrumentado (sólidos),DESPACHO_SIN_PUNTO_INSTRUMENTADO,false,0,false,false,false,UNKNOWN,UNKNOWN,,,0,false,false,,,,NONE,DATA_COVERAGE,SECUENCIA_INCOMPLETA,missing_ingreso_frontal,RicPreIngInFr>RicCal01>RicS6Playa3,,incompleto_revision,false,0,RicIngCamFrente|RICARDONE_INGRESO_CAMIONES,2026-10-07T20:10:57.124Z,day,2026-10-04,2026-09-27,33.3,INGRESO|BALANZA_INGRESO|BALANZA_EGRESO|EGRESO,SECUENCIA_NO_CONCLUYENTE,false,false,circuito_probable_sin_egreso,2-S1>2-S2>2-S6,2026-09-27_2026-10-04,final_circuits.csv
eb7ef42d-5831-4c8d-8aec-45ed6c0b5214__cycle_1,MQV609,MQV609,ANOMALIAS,FRAGMENTO_SIN_CIERRE_OPERATIVO,,UNKNOWN,true,false,SIN_PUNTO,,,incompleto_revision,Incompleto en revisión,INCOMPLETO,INCOMPLETO,FRAGMENTO_SIN_CIERRE_OPERATIVO,,INCOMPLETO,Incompleto,muy_baja,33.3,"Coinciden 2 de 6 puntos esperados. Faltan ingreso, balanza ingreso, balanza egreso, egreso.",6,2,4,true,preingreso,false,sin_egreso,false,false,DESPACHO_SIN_PUNTO_INSTRUMENTADO,2,PREINGRESO>CALADA,SIN_PUNTO,SIN_PUNTO,Sin punto instrumentado (sólidos),DESPACHO_SIN_PUNTO_INSTRUMENTADO,false,0,false,false,false,UNKNOWN,UNKNOWN,,,0,false,false,,,,NONE,DATA_COVERAGE,EVENTOS_INSUFICIENTES,missing_ingreso_frontal,RicPreIngInFr>RicCal02,,incompleto_revision,false,0,RicIngCamFrente|RICARDONE_INGRESO_CAMIONES,2026-10-07T20:10:57.124Z,day,2026-10-04,2026-09-27,33.3,INGRESO|BALANZA_INGRESO|BALANZA_EGRESO|EGRESO,EVENTOS_INSUFICIENTES,false,false,circuito_probable_sin_egreso,2-S1>2-S2,2026-09-27_2026-10-04,final_circuits.csv
ad90e5b6-fc14-4fe4-9872-c202cde3cf15__cycle_1,AH135DG,AH135DG,ANOMALIAS,FRAGMENTO_SIN_CIERRE_OPERATIVO,,RICARDONE,true,false,R8,,LIQUIDO,incompleto_revision,Incompleto en revisión,INCOMPLETO,INCOMPLETO,FRAGMENTO_SIN_CIERRE_OPERATIVO,,INCOMPLETO,Incompleto,media,50,"Coinciden 3 de 6 puntos esperados. Faltan ingreso, balanza ingreso, balanza egreso.",6,3,3,true,preingreso,false,sin_egreso,false,false,CIRCUITO_LIQUIDO,2,PREINGRESO>LIQUIDO,R8,R8,Recepción Mercadería Líquida,CIRCUITO_LIQUIDO,false,63,true,true,true,UNKNOWN,UNKNOWN,,,0,false,false,,,,NONE,DATA_COVERAGE,EVENTOS_INSUFICIENTES,missing_ingreso_frontal,RicPreIngInFr>RicCalLiq,,incompleto_revision,true,0,RicIngCamFrente|RICARDONE_INGRESO_CAMIONES,2026-10-07T20:10:57.124Z,day,2026-10-04,2026-09-27,33.3,INGRESO|BALANZA_INGRESO|BALANZA_EGRESO|EGRESO,EVENTOS_INSUFICIENTES,false,false,circuito_probable_sin_egreso+punto_fuerte,2-S1>2-S2,2026-09-27_2026-10-04,final_circuits.csv
45c86646-d0c5-4e42-b73c-53fd3bbd51b2__cycle_1,BZT609,BZT609,ANOMALIAS,NO_DIFERENCIABLE_SIN_PUNTO_FUERTE,,UNKNOWN,true,false,SIN_PUNTO,,,incompleto_revision,Incompleto en revisión,INCOMPLETO,NO_DIFERENCIABLE,NO_DIFERENCIABLE_SIN_PUNTO_FUERTE,,INCOMPLETO,Incompleto,muy_baja,33.3,"Coinciden 2 de 6 puntos esperados. Faltan ingreso, balanza ingreso, balanza egreso, egreso.",6,2,4,true,preingreso,false,sin_egreso,false,false,DESPACHO_SIN_PUNTO_INSTRUMENTADO,3,PREINGRESO>CALADA>PLAYA,SIN_PUNTO,SIN_PUNTO,Sin punto instrumentado (sólidos),DESPACHO_SIN_PUNTO_INSTRUMENTADO,false,0,false,false,false,UNKNOWN,UNKNOWN,,,0,false,false,,,,NONE,DATA_COVERAGE,SECUENCIA_INCOMPLETA,missing_ingreso_frontal,RicPreIngInFr>RicCal01>RicS6Playa3,,incompleto_revision,false,0,RicIngCamFrente|RICARDONE_INGRESO_CAMIONES,2026-10-07T20:10:57.124Z,day,2026-10-04,2026-09-27,33.3,INGRESO|BALANZA_INGRESO|BALANZA_EGRESO|EGRESO,SECUENCIA_NO_CONCLUYENTE,false,false,circuito_probable_sin_egreso,2-S1>2-S2>2-S6,2026-09-27_2026-10-04,final_circuits.csv
74015215-de74-4205-92d5-f008987cce97__cycle_1,EMM462,EMM462,ANOMALIAS,FRAGMENTO_SIN_CIERRE_OPERATIVO,,RICARDONE,true,false,R8,,LIQUIDO,incompleto_revision,Incompleto en revisión,INCOMPLETO,INCOMPLETO,FRAGMENTO_SIN_CIERRE_OPERATIVO,,INCOMPLETO,Incompleto,media,50,"Coinciden 3 de 6 puntos esperados. Faltan ingreso, balanza ingreso, balanza egreso.",6,3,3,true,preingreso,false,sin_egreso,false,false,CIRCUITO_LIQUIDO,2,PREINGRESO>LIQUIDO,R8,R8,Recepción Mercadería Líquida,CIRCUITO_LIQUIDO,false,63,true,true,true,UNKNOWN,UNKNOWN,,,0,false,false,,,,NONE,DATA_COVERAGE,EVENTOS_INSUFICIENTES,missing_ingreso_frontal,RicPreIngInFr>RicCalLiq,,incompleto_revision,true,0,RicIngCamFrente|RICARDONE_INGRESO_CAMIONES,2026-10-07T20:10:57.124Z,day,2026-10-04,2026-09-27,33.3,INGRESO|BALANZA_INGRESO|BALANZA_EGRESO|EGRESO,EVENTOS_INSUFICIENTES,false,false,circuito_probable_sin_egreso+punto_fuerte,2-S1>2-S2,2026-09-27_2026-10-04,final_circuits.csv
a6212f96-447a-4e32-a036-a428bed56fb5__cycle_1,MAB570,MAB570,ANOMALIAS,FRAGMENTO_SIN_CIERRE_OPERATIVO,,RICARDONE,true,false,R8,,LIQUIDO,incompleto_revision,Incompleto en revisión,INCOMPLETO,INCOMPLETO,FRAGMENTO_SIN_CIERRE_OPERATIVO,,INCOMPLETO,Incompleto,media,50,"Coinciden 3 de 6 puntos esperados. Faltan ingreso, balanza ingreso, balanza egreso.",6,3,3,true,preingreso,false,sin_egreso,false,false,CIRCUITO_LIQUIDO,2,PREINGRESO>LIQUIDO,R8,R8,Recepción Mercadería Líquida,CIRCUITO_LIQUIDO,false,63,true,true,true,UNKNOWN,UNKNOWN,,,0,false,false,,,,NONE,DATA_COVERAGE,EVENTOS_INSUFICIENTES,missing_ingreso_frontal,RicPreIngInFr>RicCalLiq,,incompleto_revision,true,0,RicIngCamFrente|RICARDONE_INGRESO_CAMIONES,2026-10-07T20:10:57.124Z,day,2026-10-04,2026-09-27,33.3,INGRESO|BALANZA_INGRESO|BALANZA_EGRESO|EGRESO,EVENTOS_INSUFICIENTES,false,false,circuito_probable_sin_egreso+punto_fuerte,2-S1>2-S2,2026-09-27_2026-10-04,final_circuits.csv
4f07032a-b214-416f-8755-92d022ae7a6f__cycle_1,SBJ203,SBJ203,ANOMALIAS,FRAGMENTO_SIN_CIERRE_OPERATIVO,,UNKNOWN,true,false,SIN_PUNTO,,,incompleto_revision,Incompleto en revisión,INCOMPLETO,INCOMPLETO,FRAGMENTO_SIN_CIERRE_OPERATIVO,,INCOMPLETO,Incompleto,muy_baja,33.3,"Coinciden 2 de 6 puntos esperados. Faltan ingreso, balanza ingreso, balanza egreso, egreso.",6,2,4,true,preingreso,false,sin_egreso,false,false,DESPACHO_SIN_PUNTO_INSTRUMENTADO,2,PREINGRESO>CALADA,SIN_PUNTO,SIN_PUNTO,Sin punto instrumentado (sólidos),DESPACHO_SIN_PUNTO_INSTRUMENTADO,false,0,false,false,false,UNKNOWN,UNKNOWN,,,0,false,false,,,,NONE,DATA_COVERAGE,EVENTOS_INSUFICIENTES,missing_ingreso_frontal,RicPreIngInFr>RicCal01,,incompleto_revision,false,0,RicIngCamFrente|RICARDONE_INGRESO_CAMIONES,2026-10-07T20:10:57.124Z,day,2026-10-04,2026-09-27,33.3,INGRESO|BALANZA_INGRESO|BALANZA_EGRESO|EGRESO,EVENTOS_INSUFICIENTES,false,false,circuito_probable_sin_egreso,2-S1>2-S2,2026-09-27_2026-10-04,final_circuits.csv
ac7f61b2-0ebb-4124-af73-e57bd91e4268__cycle_1,UGP079,UGP079,ANOMALIAS,NO_DIFERENCIABLE_SIN_PUNTO_FUERTE,,UNKNOWN,true,false,SIN_PUNTO,,,incompleto_revision,Incompleto en revisión,INCOMPLETO,NO_DIFERENCIABLE,NO_DIFERENCIABLE_SIN_PUNTO_FUERTE,,INCOMPLETO,Incompleto,muy_baja,33.3,"Coinciden 2 de 6 puntos esperados. Faltan ingreso, balanza ingreso, balanza egreso, egreso.",6,2,4,true,preingreso,false,sin_egreso,false,false,DESPACHO_SIN_PUNTO_INSTRUMENTADO,3,PREINGRESO>CALADA>PLAYA,SIN_PUNTO,SIN_PUNTO,Sin punto instrumentado (sólidos),DESPACHO_SIN_PUNTO_INSTRUMENTADO,false,0,false,false,false,UNKNOWN,UNKNOWN,,,0,false,false,,,,NONE,DATA_COVERAGE,SECUENCIA_INCOMPLETA,missing_ingreso_frontal,RicPreIngInFr>RicCal02>RicS6Playa3,,incompleto_revision,false,0,RicIngCamFrente|RICARDONE_INGRESO_CAMIONES,2026-10-07T20:10:57.124Z,day,2026-10-04,2026-09-27,33.3,INGRESO|BALANZA_INGRESO|BALANZA_EGRESO|EGRESO,SECUENCIA_NO_CONCLUYENTE,false,false,circuito_probable_sin_egreso,2-S1>2-S2>2-S6,2026-09-27_2026-10-04,final_circuits.csv
f6bdbe62-f125-46b9-ac00-0c7ce3cdafd9__cycle_1,HBM434,HBM434,ANOMALIAS,NO_DIFERENCIABLE_SIN_PUNTO_FUERTE,,UNKNOWN,true,false,SIN_PUNTO,,,incompleto_revision,Incompleto en revisión,INCOMPLETO,NO_DIFERENCIABLE,NO_DIFERENCIABLE_SIN_PUNTO_FUERTE,,INCOMPLETO,Incompleto,muy_baja,33.3,"Coinciden 2 de 6 puntos esperados. Faltan ingreso, balanza ingreso, balanza egreso, egreso.",6,2,4,true,preingreso,false,sin_egreso,false,false,DESPACHO_SIN_PUNTO_INSTRUMENTADO,3,PREINGRESO>CALADA>PLAYA,SIN_PUNTO,SIN_PUNTO,Sin punto instrumentado (sólidos),DESPACHO_SIN_PUNTO_INSTRUMENTADO,false,0,false,false,false,UNKNOWN,UNKNOWN,,,0,false,false,,,,NONE,DATA_COVERAGE,SECUENCIA_INCOMPLETA,missing_ingreso_frontal,RicPreIngInFr>RicCal02>RicS6Playa3,,incompleto_revision,false,0,RicIngCamFrente|RICARDONE_INGRESO_CAMIONES,2026-10-07T20:10:57.124Z,day,2026-10-04,2026-09-27,33.3,INGRESO|BALANZA_INGRESO|BALANZA_EGRESO|EGRESO,SECUENCIA_NO_CONCLUYENTE,false,false,circuito_probable_sin_egreso,2-S1>2-S2>2-S6,2026-09-27_2026-10-04,final_circuits.csv
81304c19-1b18-4820-a124-922bf355ee3a__cycle_1,BXN336,BXN336,ANOMALIAS,NO_DIFERENCIABLE_SIN_PUNTO_FUERTE,,UNKNOWN,true,false,SIN_PUNTO,,,incompleto_revision,Incompleto en revisión,INCOMPLETO,NO_DIFERENCIABLE,NO_DIFERENCIABLE_SIN_PUNTO_FUERTE,,INCOMPLETO,Incompleto,muy_baja,33.3,"Coinciden 2 de 6 puntos esperados. Faltan ingreso, balanza ingreso, balanza egreso, egreso.",6,2,4,true,preingreso,false,sin_egreso,false,false,DESPACHO_SIN_PUNTO_INSTRUMENTADO,3,PREINGRESO>CALADA>PLAYA,SIN_PUNTO,SIN_PUNTO,Sin punto instrumentado (sólidos),DESPACHO_SIN_PUNTO_INSTRUMENTADO,false,0,false,false,false,UNKNOWN,UNKNOWN,,,0,false,false,,,,NONE,DATA_COVERAGE,SECUENCIA_INCOMPLETA,missing_ingreso_frontal,RicPreIngInFr>RicCal01>RicS6Playa3,,incompleto_revision,false,0,RicIngCamFrente|RICARDONE_INGRESO_CAMIONES,2026-10-07T20:10:57.124Z,day,2026-10-04,2026-09-27,33.3,INGRESO|BALANZA_INGRESO|BALANZA_EGRESO|EGRESO,SECUENCIA_NO_CONCLUYENTE,false,false,circuito_probable_sin_egreso,2-S1>2-S2>2-S6,2026-09-27_2026-10-04,final_circuits.csv
52082c54-b55c-48e1-990a-ab871ca8b07b__cycle_1,OVK247,OVK247,ANOMALIAS,FRAGMENTO_SIN_CIERRE_OPERATIVO,,UNKNOWN,true,false,SIN_PUNTO,,,incompleto_revision,Incompleto en revisión,INCOMPLETO,INCOMPLETO,FRAGMENTO_SIN_CIERRE_OPERATIVO,,INCOMPLETO,Incompleto,muy_baja,33.3,"Coinciden 2 de 6 puntos esperados. Faltan ingreso, balanza ingreso, balanza egreso, egreso.",6,2,4,true,preingreso,false,sin_egreso,false,false,DESPACHO_SIN_PUNTO_INSTRUMENTADO,2,PREINGRESO>CALADA,SIN_PUNTO,SIN_PUNTO,Sin punto instrumentado (sólidos),DESPACHO_SIN_PUNTO_INSTRUMENTADO,false,0,false,false,false,UNKNOWN,UNKNOWN,,,0,false,false,,,,NONE,DATA_COVERAGE,EVENTOS_INSUFICIENTES,missing_ingreso_frontal+suspicious_duplicate,RicPreIngInFr>RicCal02,,incompleto_revision,false,0,RicIngCamFrente|RICARDONE_INGRESO_CAMIONES,2026-10-07T20:10:57.124Z,day,2026-10-04,2026-09-27,33.3,INGRESO|BALANZA_INGRESO|BALANZA_EGRESO|EGRESO,EVENTOS_INSUFICIENTES,false,false,circuito_probable_sin_egreso,2-S1>2-S2,2026-09-27_2026-10-04,final_circuits.csv
b1e8961f-76bb-4eb3-9dcb-8b2b0ef92fe4,SAT582,SAT582,ANOMALIAS,NO_DIFERENCIABLE_SIN_PUNTO_FUERTE,,UNKNOWN,true,false,SIN_PUNTO,,SAN_LORENZO,incompleto_revision,Incompleto en revisión,INCOMPLETO,NO_DIFERENCIABLE,NO_DIFERENCIABLE_SIN_PUNTO_FUERTE,,INCOMPLETO,Incompleto,media,50,"Coinciden 3 de 6 puntos esperados. Faltan ingreso, balanza ingreso, egreso.",6,3,3,true,preingreso,true,egreso_y_balanza,false,true,DESPACHO_SIN_PUNTO_INSTRUMENTADO,8,PREINGRESO>BALANZA_EGRESO>PREINGRESO>CALADA>SL_INGRESO>SL_BALANZA_INGRESO>SL_VOLCABLE>SL_EGRESO,SIN_PUNTO,SIN_PUNTO,Sin punto instrumentado (sólidos),DESPACHO_SIN_PUNTO_INSTRUMENTADO,false,0,true,false,false,UNKNOWN,UNKNOWN,,,0,false,false,,,,NONE,BEHAVIORAL,RIC_SL_MAS30M_SIN_CALADA_SL,missing_ingreso_frontal,RicPreIngInFr>RicB2Egreso>RicPreIngInFr>RicCal02>SLZIngCamFrente>SLZBalIngFte>SLZVolcableC3>SLZSalidaC1Fte,,incompleto_revision,true,0,RicIngCamFrente|RICARDONE_INGRESO_CAMIONES,2026-10-07T20:10:57.124Z,day,2026-10-04,2026-09-27,50,INGRESO|BALANZA_INGRESO|EGRESO,SECUENCIA_NO_CONCLUYENTE,false,false,circuito_probable_sin_egreso+punto_fuerte,2-S1>2-S4>2-S1>2-S2>1-S0>1-S1>1-S4>1-S7,2026-09-27_2026-10-04,final_circuits.csv
e34c47ac-fd4f-4b45-ae1c-65c4d7123fec,COD587,COD587,ANOMALIAS,FRAGMENTO_SIN_CIERRE_OPERATIVO,,UNKNOWN,true,false,SIN_PUNTO,,,incompleto_revision,Incompleto en revisión,INCOMPLETO,INCOMPLETO,FRAGMENTO_SIN_CIERRE_OPERATIVO,,INCOMPLETO,Incompleto,muy_baja,33.3,"Coinciden 2 de 6 puntos esperados. Faltan ingreso, balanza ingreso, balanza egreso, egreso.",6,2,4,true,preingreso,false,sin_egreso,false,false,DESPACHO_SIN_PUNTO_INSTRUMENTADO,2,PREINGRESO>CALADA,SIN_PUNTO,SIN_PUNTO,Sin punto instrumentado (sólidos),DESPACHO_SIN_PUNTO_INSTRUMENTADO,false,0,false,false,false,UNKNOWN,UNKNOWN,,,0,false,false,,,,NONE,DATA_COVERAGE,EVENTOS_INSUFICIENTES,missing_ingreso_frontal,RicPreIngInFr>RicCal02,,incompleto_revision,false,0,RicIngCamFrente|RICARDONE_INGRESO_CAMIONES,2026-10-07T20:10:57.124Z,day,2026-10-04,2026-09-27,33.3,INGRESO|BALANZA_INGRESO|BALANZA_EGRESO|EGRESO,EVENTOS_INSUFICIENTES,false,false,circuito_probable_sin_egreso,2-S1>2-S2,2026-09-27_2026-10-04,final_circuits.csv
c3790d0c-971a-470e-8e03-1ee86c205abc,JUP399,JUP399,ANOMALIAS,JOURNEY_INCOMPLETO,,RICARDONE,true,false,R8,,LIQUIDO,incompleto_revision,Incompleto en revisión,INCOMPLETO,INCOMPLETO,SECUENCIA_NO_CONCLUYENTE,,INCOMPLETO,Incompleto,media,50,"Coinciden 3 de 6 puntos esperados. Faltan ingreso, balanza ingreso, balanza egreso.",6,3,3,true,preingreso,true,egreso,false,true,CIRCUITO_LIQUIDO,3,PREINGRESO>LIQUIDO>EGRESO,R8,R8,Recepción Mercadería Líquida,CIRCUITO_LIQUIDO,false,63,true,true,true,UNKNOWN,UNKNOWN,,,0,false,false,,,,NONE,DATA_COVERAGE,SECUENCIA_INCOMPLETA,missing_ingreso_frontal,RicPreIngInFr>RicCalLiq>RicEgrCamFrente,,incompleto_revision,true,0,RicIngCamFrente|RICARDONE_INGRESO_CAMIONES,2026-10-07T20:10:57.124Z,day,2026-10-04,2026-09-27,50,INGRESO|BALANZA_INGRESO|BALANZA_EGRESO,SECUENCIA_NO_CONCLUYENTE,false,false,incompleto_revision+punto_fuerte,2-S1>2-S2>2-S3,2026-09-27_2026-10-04,final_circuits.csv
c2d9a8ac-db2a-44b5-92f8-a1b4ade8d71f__cycle_1,GSC386,GSC386,ANOMALIAS,NO_DIFERENCIABLE_SIN_PUNTO_FUERTE,,UNKNOWN,true,false,SIN_PUNTO,,,incompleto_revision,Incompleto en revisión,INCOMPLETO,NO_DIFERENCIABLE,NO_DIFERENCIABLE_SIN_PUNTO_FUERTE,,INCOMPLETO,Incompleto,muy_baja,33.3,"Coinciden 2 de 6 puntos esperados. Faltan ingreso, balanza ingreso, balanza egreso, egreso.",6,2,4,true,preingreso,false,sin_egreso,false,false,DESPACHO_SIN_PUNTO_INSTRUMENTADO,3,PREINGRESO>CALADA>PLAYA,SIN_PUNTO,SIN_PUNTO,Sin punto instrumentado (sólidos),DESPACHO_SIN_PUNTO_INSTRUMENTADO,false,0,false,false,false,UNKNOWN,UNKNOWN,,,0,false,false,,,,NONE,DATA_COVERAGE,SECUENCIA_INCOMPLETA,missing_ingreso_frontal+suspicious_duplicate,RicPreIngInFr>RicCal02>RicS6Playa3,,incompleto_revision,false,0,RicIngCamFrente|RICARDONE_INGRESO_CAMIONES,2026-10-07T20:10:57.124Z,day,2026-10-04,2026-09-27,33.3,INGRESO|BALANZA_INGRESO|BALANZA_EGRESO|EGRESO,SECUENCIA_NO_CONCLUYENTE,false,false,circuito_probable_sin_egreso,2-S1>2-S2>2-S6,2026-09-27_2026-10-04,final_circuits.csv
aba0a469-6c7e-4e40-85b5-ffa01bc6daeb,UKL882,UKL882,ANOMALIAS,NO_DIFERENCIABLE_SIN_PUNTO_FUERTE,,UNKNOWN,true,false,SIN_PUNTO,,,circuito_probable,Probable,DEDUCIDO,NO_DIFERENCIABLE,NO_DIFERENCIABLE_SIN_PUNTO_FUERTE,,DEDUCIDO,Deducido,baja,66.7,"Coinciden 4 de 6 puntos esperados. Faltan ingreso, balanza ingreso.",6,4,2,true,preingreso,true,egreso_y_balanza,false,true,DESPACHO_SIN_PUNTO_INSTRUMENTADO,6,PREINGRESO>PLAYA>CARGA_S8>BALANZA_EGRESO>CALADA>EGRESO,SIN_PUNTO,SIN_PUNTO,Sin punto instrumentado (sólidos),DESPACHO_SIN_PUNTO_INSTRUMENTADO,false,0,false,false,false,UNKNOWN,UNKNOWN,,,0,false,false,,,,NONE,BEHAVIORAL,SL_RIC_2H_SIN_CIRCUITO_NO_PELLET,missing_ingreso_frontal+suspicious_duplicate,RicPreIngInFr>RicS6Playa3>RicS8CargaLinea2>RicB2Egreso>RicCal02>RicEgrCamFrente,,incompleto_revision,false,0,RicIngCamFrente|RICARDONE_INGRESO_CAMIONES,2026-10-07T20:10:57.124Z,day,2026-10-04,2026-09-27,66.7,INGRESO|BALANZA_INGRESO,SECUENCIA_PARCIAL_CON_HUECOS,false,false,circuito_probable,2-S1>2-S6>2-S8>2-S4>2-S2>2-S3,2026-09-27_2026-10-04,final_circuits.csv
d0de5f6c-117e-4397-b6b6-f812905ea834,AA957UO,AA957UO,ANOMALIAS,NO_DIFERENCIABLE_SIN_PUNTO_FUERTE,,UNKNOWN,true,false,SIN_PUNTO,,SAN_LORENZO,incompleto_revision,Incompleto en revisión,INCOMPLETO,NO_DIFERENCIABLE,NO_DIFERENCIABLE_SIN_PUNTO_FUERTE,,INCOMPLETO,Incompleto,baja,33.3,"Coinciden 2 de 6 puntos esperados. Faltan ingreso, balanza ingreso, balanza egreso, egreso.",6,2,4,true,preingreso,false,sin_egreso,false,false,DESPACHO_SIN_PUNTO_INSTRUMENTADO,4,PREINGRESO>CALADA>SL_BALANZA_INGRESO>SL_EGRESO,SIN_PUNTO,SIN_PUNTO,Sin punto instrumentado (sólidos),DESPACHO_SIN_PUNTO_INSTRUMENTADO,false,0,true,false,false,UNKNOWN,UNKNOWN,,,0,false,false,,,,NONE,BEHAVIORAL,RIC_REINGRESO_RAPIDO_NO_PELLET,missing_ingreso_frontal,RicPreIngInFr>RicCal01>SLZBalIngFte>SLZSalidaC1Fte,,incompleto_revision,true,0,RicIngCamFrente|RICARDONE_INGRESO_CAMIONES,2026-10-07T20:10:57.124Z,day,2026-10-04,2026-09-27,33.3,INGRESO|BALANZA_INGRESO|BALANZA_EGRESO|EGRESO,SECUENCIA_NO_CONCLUYENTE,false,false,circuito_probable_sin_egreso+punto_fuerte,2-S1>2-S2>1-S1>1-S7,2026-09-27_2026-10-04,final_circuits.csv
3f5b80e8-2107-40e1-be08-92b273ce5f0d__cycle_2,CMU578,CMU578,ANOMALIAS,JOURNEY_INCOMPLETO,,RICARDONE,true,false,R6,,RICARDONE,incompleto_revision,Incompleto en revisión,INCOMPLETO,INCOMPLETO,EVENTOS_INSUFICIENTES,,INCOMPLETO,Incompleto,baja,28.6,"Coinciden 2 de 7 puntos esperados. Faltan ingreso, preingreso, calada, balanza ingreso, egreso.",7,2,5,false,sin_ingreso,true,egreso_y_balanza,false,true,CIRCUITO_VOLCABLE_1_2,2,VOLCABLE>BALANZA_EGRESO,R6,R6,Recepción Volcable 2,CIRCUITO_VOLCABLE_1_2,false,67,true,true,true,UNKNOWN,UNKNOWN,,,0,false,false,,,,NONE,DATA_COVERAGE,EVENTOS_INSUFICIENTES,missing_ingreso_frontal+suspicious_duplicate,RicVolcable2>RicB2Egreso,,incompleto_revision,true,0,RicIngCamFrente|RICARDONE_INGRESO_CAMIONES,2026-10-07T20:10:57.124Z,day,2026-10-04,2026-09-27,28.6,INGRESO|PREINGRESO|CALADA|BALANZA_INGRESO|EGRESO,EVENTOS_INSUFICIENTES,false,false,circuito_probable_sin_ingreso+punto_fuerte,2-S9>2-S4,2026-09-27_2026-10-04,final_circuits.csv
5c11d7bf-68cf-41a7-a269-931fe05994d7__cycle_2,GGY416,GGY416,ANOMALIAS,JOURNEY_INCOMPLETO,,RICARDONE,true,false,R6,,RICARDONE,incompleto_revision,Incompleto en revisión,INCOMPLETO,INCOMPLETO,EVENTOS_INSUFICIENTES,,INCOMPLETO,Incompleto,baja,28.6,"Coinciden 2 de 7 puntos esperados. Faltan ingreso, preingreso, calada, balanza ingreso, egreso.",7,2,5,false,sin_ingreso,true,egreso_y_balanza,false,true,CIRCUITO_VOLCABLE_1_2,2,VOLCABLE>BALANZA_EGRESO,R6,R6,Recepción Volcable 2,CIRCUITO_VOLCABLE_1_2,false,67,true,true,true,UNKNOWN,UNKNOWN,,,0,false,false,,,,NONE,DATA_COVERAGE,EVENTOS_INSUFICIENTES,missing_ingreso_frontal+suspicious_duplicate,RicVolcable2>RicB2Egreso,,incompleto_revision,true,0,RicIngCamFrente|RICARDONE_INGRESO_CAMIONES,2026-10-07T20:10:57.124Z,day,2026-10-04,2026-09-27,28.6,INGRESO|PREINGRESO|CALADA|BALANZA_INGRESO|EGRESO,EVENTOS_INSUFICIENTES,false,false,circuito_probable_sin_ingreso+punto_fuerte,2-S9>2-S4,2026-09-27_2026-10-04,final_circuits.csv
75e9ac3a-4497-40c5-b3da-4f9aed7f0095__cycle_1,FFR574,FFR574,ANOMALIAS,NO_DIFERENCIABLE_SIN_PUNTO_FUERTE,,UNKNOWN,true,false,SIN_PUNTO,,,incompleto_revision,Incompleto en revisión,INCOMPLETO,NO_DIFERENCIABLE,NO_DIFERENCIABLE_SIN_PUNTO_FUERTE,,INCOMPLETO,Incompleto,muy_baja,33.3,"Coinciden 2 de 6 puntos esperados. Faltan ingreso, balanza ingreso, balanza egreso, egreso.",6,2,4,true,preingreso,false,sin_egreso,false,false,DESPACHO_SIN_PUNTO_INSTRUMENTADO,3,PREINGRESO>CALADA>PLAYA,SIN_PUNTO,SIN_PUNTO,Sin punto instrumentado (sólidos),DESPACHO_SIN_PUNTO_INSTRUMENTADO,false,0,false,false,false,UNKNOWN,UNKNOWN,,,0,false,false,,,,NONE,DATA_COVERAGE,SECUENCIA_INCOMPLETA,missing_ingreso_frontal+suspicious_duplicate,RicPreIngInFr>RicCal02>RicS6Playa3,,incompleto_revision,false,0,RicIngCamFrente|RICARDONE_INGRESO_CAMIONES,2026-10-07T20:10:57.124Z,day,2026-10-04,2026-09-27,33.3,INGRESO|BALANZA_INGRESO|BALANZA_EGRESO|EGRESO,SECUENCIA_NO_CONCLUYENTE,false,false,circuito_probable_sin_egreso,2-S1>2-S2>2-S6,2026-09-27_2026-10-04,final_circuits.csv
57c10c4c-3f14-4f4d-8f79-da74324783c5__cycle_1,GLD361,GLD361,ANOMALIAS,NO_DIFERENCIABLE_SIN_PUNTO_FUERTE,,UNKNOWN,true,false,SIN_PUNTO,,,incompleto_revision,Incompleto en revisión,INCOMPLETO,NO_DIFERENCIABLE,NO_DIFERENCIABLE_SIN_PUNTO_FUERTE,,INCOMPLETO,Incompleto,muy_baja,33.3,"Coinciden 2 de 6 puntos esperados. Faltan ingreso, balanza ingreso, balanza egreso, egreso.",6,2,4,true,preingreso,false,sin_egreso,false,false,DESPACHO_SIN_PUNTO_INSTRUMENTADO,3,PREINGRESO>CALADA>PLAYA,SIN_PUNTO,SIN_PUNTO,Sin punto instrumentado (sólidos),DESPACHO_SIN_PUNTO_INSTRUMENTADO,false,0,false,false,false,UNKNOWN,UNKNOWN,,,0,false,false,,,,NONE,DATA_COVERAGE,SECUENCIA_INCOMPLETA,missing_ingreso_frontal+suspicious_duplicate,RicPreIngInFr>RicCal01>RicS6Playa3,,incompleto_revision,false,0,RicIngCamFrente|RICARDONE_INGRESO_CAMIONES,2026-10-07T20:10:57.124Z,day,2026-10-04,2026-09-27,33.3,INGRESO|BALANZA_INGRESO|BALANZA_EGRESO|EGRESO,SECUENCIA_NO_CONCLUYENTE,false,false,circuito_probable_sin_egreso,2-S1>2-S2>2-S6,2026-09-27_2026-10-04,final_circuits.csv
9e0f48bf-ac4b-458e-af12-5f275ae0bb07__cycle_1,GMW577,GMW577,ANOMALIAS,NO_DIFERENCIABLE_SIN_PUNTO_FUERTE,,UNKNOWN,true,false,SIN_PUNTO,,,incompleto_revision,Incompleto en revisión,INCOMPLETO,NO_DIFERENCIABLE,NO_DIFERENCIABLE_SIN_PUNTO_FUERTE,,INCOMPLETO,Incompleto,muy_baja,33.3,"Coinciden 2 de 6 puntos esperados. Faltan ingreso, balanza ingreso, balanza egreso, egreso.",6,2,4,true,preingreso,false,sin_egreso,false,false,DESPACHO_SIN_PUNTO_INSTRUMENTADO,3,PREINGRESO>CALADA>PLAYA,SIN_PUNTO,SIN_PUNTO,Sin punto instrumentado (sólidos),DESPACHO_SIN_PUNTO_INSTRUMENTADO,false,0,false,false,false,UNKNOWN,UNKNOWN,,,0,false,false,,,,NONE,DATA_COVERAGE,SECUENCIA_INCOMPLETA,missing_ingreso_frontal+suspicious_duplicate,RicPreIngInFr>RicCal02>RicS6Playa3,,incompleto_revision,false,0,RicIngCamFrente|RICARDONE_INGRESO_CAMIONES,2026-10-07T20:10:57.124Z,day,2026-10-04,2026-09-27,33.3,INGRESO|BALANZA_INGRESO|BALANZA_EGRESO|EGRESO,SECUENCIA_NO_CONCLUYENTE,false,false,circuito_probable_sin_egreso,2-S1>2-S2>2-S6,2026-09-27_2026-10-04,final_circuits.csv
ebdc7111-fdb5-4ce9-9d86-d88426db6ed5__cycle_2,UWX998,UWX998,ANOMALIAS,NO_DIFERENCIABLE_SIN_PUNTO_FUERTE,,UNKNOWN,true,false,SIN_PUNTO,,,incompleto_revision,Incompleto en revisión,INCOMPLETO,NO_DIFERENCIABLE,NO_DIFERENCIABLE_SIN_PUNTO_FUERTE,,INCOMPLETO,Incompleto,muy_baja,33.3,"Coinciden 2 de 6 puntos esperados. Faltan ingreso, preingreso, calada, balanza ingreso.",6,2,4,false,sin_ingreso,true,egreso_y_balanza,false,true,DESPACHO_SIN_PUNTO_INSTRUMENTADO,2,BALANZA_EGRESO>EGRESO,SIN_PUNTO,SIN_PUNTO,Sin punto instrumentado (sólidos),DESPACHO_SIN_PUNTO_INSTRUMENTADO,false,0,false,false,false,UNKNOWN,UNKNOWN,,,0,false,false,,,,NONE,DATA_COVERAGE,EVENTOS_INSUFICIENTES,missing_ingreso_frontal+suspicious_duplicate,RicB2Egreso>RicEgrCamFrente,,incompleto_revision,false,0,RicIngCamFrente|RICARDONE_INGRESO_CAMIONES,2026-10-07T20:10:57.124Z,day,2026-10-04,2026-09-27,33.3,INGRESO|PREINGRESO|CALADA|BALANZA_INGRESO,EVENTOS_INSUFICIENTES,false,false,circuito_probable_sin_ingreso,2-S4>2-S3,2026-09-27_2026-10-04,final_circuits.csv
a9d2aaf1-a8ff-4caa-8b01-bdc4cf097f32__cycle_1,NXH113,NXH113,ANOMALIAS,NO_DIFERENCIABLE_SIN_PUNTO_FUERTE,,UNKNOWN,true,false,SIN_PUNTO,,,incompleto_revision,Incompleto en revisión,INCOMPLETO,NO_DIFERENCIABLE,NO_DIFERENCIABLE_SIN_PUNTO_FUERTE,,INCOMPLETO,Incompleto,baja,33.3,"Coinciden 2 de 6 puntos esperados. Faltan ingreso, preingreso, calada, egreso.",6,2,4,false,sin_ingreso,true,balanza_egreso,false,false,DESPACHO_SIN_PUNTO_INSTRUMENTADO,4,BALANZA_INGRESO>BALANZA_EGRESO>BALANZA_INGRESO>BALANZA_EGRESO,SIN_PUNTO,SIN_PUNTO,Sin punto instrumentado (sólidos),DESPACHO_SIN_PUNTO_INSTRUMENTADO,false,0,false,false,false,UNKNOWN,UNKNOWN,,,0,false,false,,,,NONE,DATA_COVERAGE,SECUENCIA_INCOMPLETA,missing_ingreso_frontal,RicB3Ingreso>RicB3Egreso>RicB3Ingreso>RicB3Egreso,,incompleto_revision,false,0,RicIngCamFrente|RICARDONE_INGRESO_CAMIONES,2026-10-07T20:10:57.124Z,day,2026-10-04,2026-09-27,33.3,INGRESO|PREINGRESO|CALADA|EGRESO,SECUENCIA_NO_CONCLUYENTE,false,false,circuito_probable_sin_ingreso,2-S4>2-S4>2-S4>2-S4,2026-09-27_2026-10-04,final_circuits.csv
3cd56c47-53f3-4902-9f26-7551656be5f3__cycle_2,AA612YW,AA612YW,ANOMALIAS,NO_DIFERENCIABLE_SIN_PUNTO_FUERTE,,UNKNOWN,true,false,SIN_PUNTO,,,incompleto_revision,Incompleto en revisión,INCOMPLETO,NO_DIFERENCIABLE,NO_DIFERENCIABLE_SIN_PUNTO_FUERTE,,INCOMPLETO,Incompleto,baja,33.3,"Coinciden 2 de 6 puntos esperados. Faltan ingreso, preingreso, calada, egreso.",6,2,4,false,sin_ingreso,true,balanza_egreso,false,false,DESPACHO_SIN_PUNTO_INSTRUMENTADO,4,BALANZA_INGRESO>BALANZA_EGRESO>BALANZA_INGRESO>BALANZA_EGRESO,SIN_PUNTO,SIN_PUNTO,Sin punto instrumentado (sólidos),DESPACHO_SIN_PUNTO_INSTRUMENTADO,false,0,false,false,false,UNKNOWN,UNKNOWN,,,0,false,false,,,,NONE,DATA_COVERAGE,SECUENCIA_INCOMPLETA,missing_ingreso_frontal,RicB3Ingreso>RicB3Egreso>RicB3Ingreso>RicB3Egreso,,incompleto_revision,false,0,RicIngCamFrente|RICARDONE_INGRESO_CAMIONES,2026-10-07T20:10:57.124Z,day,2026-10-04,2026-09-27,33.3,INGRESO|PREINGRESO|CALADA|EGRESO,SECUENCIA_NO_CONCLUYENTE,false,false,circuito_probable_sin_ingreso,2-S4>2-S4>2-S4>2-S4,2026-09-27_2026-10-04,final_circuits.csv
77b7f9ff-a7f1-4aff-8b21-353fd71bac0a__cycle_2,AE260HD,AE260HD,ANOMALIAS,NO_DIFERENCIABLE_SIN_PUNTO_FUERTE,,UNKNOWN,true,false,SIN_PUNTO,,,incompleto_revision,Incompleto en revisión,INCOMPLETO,NO_DIFERENCIABLE,NO_DIFERENCIABLE_SIN_PUNTO_FUERTE,,INCOMPLETO,Incompleto,media,50,"Coinciden 3 de 6 puntos esperados. Faltan ingreso, calada, egreso.",6,3,3,true,preingreso,true,balanza_egreso,false,false,DESPACHO_SIN_PUNTO_INSTRUMENTADO,3,BALANZA_EGRESO>PREINGRESO>BALANZA_INGRESO,SIN_PUNTO,SIN_PUNTO,Sin punto instrumentado (sólidos),DESPACHO_SIN_PUNTO_INSTRUMENTADO,false,0,false,false,false,UNKNOWN,UNKNOWN,,,0,false,false,,,,NONE,DATA_COVERAGE,SECUENCIA_INCOMPLETA,missing_ingreso_frontal,RicB3Egreso>RicPreIngInFr>RicB3Ingreso,,incompleto_revision,false,0,RicIngCamFrente|RICARDONE_INGRESO_CAMIONES,2026-10-07T20:10:57.124Z,day,2026-10-04,2026-09-27,50,INGRESO|CALADA|EGRESO,SECUENCIA_NO_CONCLUYENTE,false,false,circuito_probable_sin_egreso,2-S4>2-S1>2-S4,2026-09-27_2026-10-04,final_circuits.csv
b46e98d8-3214-4500-bd56-05171d90d3f2__cycle_2,JZW724,JZW724,ANOMALIAS,NO_DIFERENCIABLE_SIN_PUNTO_FUERTE,,UNKNOWN,true,false,SIN_PUNTO,,,incompleto_revision,Incompleto en revisión,INCOMPLETO,NO_DIFERENCIABLE,NO_DIFERENCIABLE_SIN_PUNTO_FUERTE,,INCOMPLETO,Incompleto,baja,33.3,"Coinciden 2 de 6 puntos esperados. Faltan ingreso, preingreso, calada, egreso.",6,2,4,false,sin_ingreso,true,balanza_egreso,false,false,DESPACHO_SIN_PUNTO_INSTRUMENTADO,4,BALANZA_INGRESO>BALANZA_EGRESO>BALANZA_INGRESO,SIN_PUNTO,SIN_PUNTO,Sin punto instrumentado (sólidos),DESPACHO_SIN_PUNTO_INSTRUMENTADO,false,0,false,false,false,UNKNOWN,UNKNOWN,,,0,false,false,,,,NONE,DATA_COVERAGE,SECUENCIA_INCOMPLETA,missing_ingreso_frontal,RicB3Ingreso>RicB3Ingreso>RicB3Egreso>RicB3Ingreso,,incompleto_revision,false,0,RicIngCamFrente|RICARDONE_INGRESO_CAMIONES,2026-10-07T20:10:57.124Z,day,2026-10-04,2026-09-27,33.3,INGRESO|PREINGRESO|CALADA|EGRESO,SECUENCIA_NO_CONCLUYENTE,false,false,circuito_probable_sin_ingreso,2-S4>2-S4>2-S4>2-S4,2026-09-27_2026-10-04,final_circuits.csv
a5a3aa5a-d6a8-4e70-a5f0-a4d68b10a760__cycle_2,BJL896,BJL896,ANOMALIAS,JOURNEY_INCOMPLETO,,RICARDONE,true,false,R6,,RICARDONE,incompleto_revision,Incompleto en revisión,INCOMPLETO,INCOMPLETO,EVENTOS_INSUFICIENTES,,INCOMPLETO,Incompleto,baja,28.6,"Coinciden 2 de 7 puntos esperados. Faltan ingreso, preingreso, calada, balanza ingreso, egreso.",7,2,5,false,sin_ingreso,true,egreso_y_balanza,false,true,CIRCUITO_VOLCABLE_1_2,2,VOLCABLE>BALANZA_EGRESO,R6,R6,Recepción Volcable 2,CIRCUITO_VOLCABLE_1_2,false,67,true,true,true,UNKNOWN,UNKNOWN,,,0,false,false,,,,NONE,DATA_COVERAGE,EVENTOS_INSUFICIENTES,missing_ingreso_frontal,RicVolcable2>RicB2Egreso,,incompleto_revision,true,0,RicIngCamFrente|RICARDONE_INGRESO_CAMIONES,2026-10-07T20:10:57.124Z,day,2026-10-04,2026-09-27,28.6,INGRESO|PREINGRESO|CALADA|BALANZA_INGRESO|EGRESO,EVENTOS_INSUFICIENTES,false,false,circuito_probable_sin_ingreso+punto_fuerte,2-S9>2-S4,2026-09-27_2026-10-04,final_circuits.csv
0632d816-d401-4e98-9b08-f5b581ebc01f,AD013ZP,AD013ZP,ANOMALIAS,NO_DIFERENCIABLE_SIN_PUNTO_FUERTE,,UNKNOWN,true,false,SIN_PUNTO,,,incompleto_revision,Incompleto en revisión,INCOMPLETO,NO_DIFERENCIABLE,NO_DIFERENCIABLE_SIN_PUNTO_FUERTE,,INCOMPLETO,Incompleto,baja,33.3,"Coinciden 2 de 6 puntos esperados. Faltan ingreso, preingreso, calada, egreso.",6,2,4,false,sin_ingreso,true,balanza_egreso,false,false,DESPACHO_SIN_PUNTO_INSTRUMENTADO,2,BALANZA_INGRESO>BALANZA_EGRESO,SIN_PUNTO,SIN_PUNTO,Sin punto instrumentado (sólidos),DESPACHO_SIN_PUNTO_INSTRUMENTADO,false,0,false,false,false,UNKNOWN,UNKNOWN,,,0,false,false,,,,NONE,DATA_COVERAGE,EVENTOS_INSUFICIENTES,missing_ingreso_frontal,RicB3Ingreso>RicB3Egreso,,incompleto_revision,false,0,RicIngCamFrente|RICARDONE_INGRESO_CAMIONES,2026-10-07T20:10:57.124Z,day,2026-10-04,2026-09-27,33.3,INGRESO|PREINGRESO|CALADA|EGRESO,EVENTOS_INSUFICIENTES,false,false,circuito_probable_sin_ingreso,2-S4>2-S4,2026-09-27_2026-10-04,final_circuits.csv
586469c3-eabe-41ef-8b23-15127db1edc6__cycle_1,JCT961,JCT961,ANOMALIAS,NO_DIFERENCIABLE_SIN_PUNTO_FUERTE,,UNKNOWN,true,false,SIN_PUNTO,,,incompleto_revision,Incompleto en revisión,INCOMPLETO,NO_DIFERENCIABLE,NO_DIFERENCIABLE_SIN_PUNTO_FUERTE,,INCOMPLETO,Incompleto,baja,33.3,"Coinciden 2 de 6 puntos esperados. Faltan ingreso, preingreso, calada, egreso.",6,2,4,false,sin_ingreso,true,balanza_egreso,false,false,DESPACHO_SIN_PUNTO_INSTRUMENTADO,2,BALANZA_INGRESO>BALANZA_EGRESO,SIN_PUNTO,SIN_PUNTO,Sin punto instrumentado (sólidos),DESPACHO_SIN_PUNTO_INSTRUMENTADO,false,0,false,false,false,UNKNOWN,UNKNOWN,,,0,false,false,,,,NONE,DATA_COVERAGE,EVENTOS_INSUFICIENTES,missing_ingreso_frontal+suspicious_duplicate,RicB3Ingreso>RicB3Egreso,,incompleto_revision,false,0,RicIngCamFrente|RICARDONE_INGRESO_CAMIONES,2026-10-07T20:10:57.124Z,day,2026-10-04,2026-09-27,33.3,INGRESO|PREINGRESO|CALADA|EGRESO,EVENTOS_INSUFICIENTES,false,false,circuito_probable_sin_ingreso,2-S4>2-S4,2026-09-27_2026-10-04,final_circuits.csv
0609d5de-dc79-425b-a7d8-694161a68cdf__cycle_1,MVG273,MVG273,ANOMALIAS,NO_DIFERENCIABLE_SIN_PUNTO_FUERTE,,UNKNOWN,true,false,SIN_PUNTO,,,incompleto_revision,Incompleto en revisión,INCOMPLETO,NO_DIFERENCIABLE,NO_DIFERENCIABLE_SIN_PUNTO_FUERTE,,INCOMPLETO,Incompleto,baja,33.3,"Coinciden 2 de 6 puntos esperados. Faltan ingreso, preingreso, calada, egreso.",6,2,4,false,sin_ingreso,true,balanza_egreso,false,false,DESPACHO_SIN_PUNTO_INSTRUMENTADO,2,BALANZA_INGRESO>BALANZA_EGRESO,SIN_PUNTO,SIN_PUNTO,Sin punto instrumentado (sólidos),DESPACHO_SIN_PUNTO_INSTRUMENTADO,false,0,false,false,false,UNKNOWN,UNKNOWN,,,0,false,false,,,,NONE,DATA_COVERAGE,EVENTOS_INSUFICIENTES,missing_ingreso_frontal,RicB3Ingreso>RicB3Egreso,,incompleto_revision,false,0,RicIngCamFrente|RICARDONE_INGRESO_CAMIONES,2026-10-07T20:10:57.124Z,day,2026-10-04,2026-09-27,33.3,INGRESO|PREINGRESO|CALADA|EGRESO,EVENTOS_INSUFICIENTES,false,false,circuito_probable_sin_ingreso,2-S4>2-S4,2026-09-27_2026-10-04,final_circuits.csv
b0343d91-d464-44f1-8b83-5619018308cb,DFP716,DFP716,ANOMALIAS,NO_DIFERENCIABLE_SIN_PUNTO_FUERTE,,UNKNOWN,true,false,SIN_PUNTO,,,circuito_probable,Probable,DEDUCIDO,NO_DIFERENCIABLE,NO_DIFERENCIABLE_SIN_PUNTO_FUERTE,,DEDUCIDO,Deducido,baja,66.7,"Coinciden 4 de 6 puntos esperados. Faltan ingreso, balanza ingreso.",6,4,2,true,preingreso,true,egreso_y_balanza,false,true,DESPACHO_SIN_PUNTO_INSTRUMENTADO,4,PREINGRESO>BALANZA_EGRESO>CALADA>EGRESO,SIN_PUNTO,SIN_PUNTO,Sin punto instrumentado (sólidos),DESPACHO_SIN_PUNTO_INSTRUMENTADO,false,0,false,false,false,UNKNOWN,UNKNOWN,,,0,false,false,,,,NONE,BEHAVIORAL,RIC_REINGRESO_RAPIDO_NO_PELLET,missing_ingreso_frontal+suspicious_duplicate,RicPreIngInFr>RicB2Egreso>RicCal03>RicEgrCamFrente,,incompleto_revision,false,0,RicIngCamFrente|RICARDONE_INGRESO_CAMIONES,2026-10-07T20:10:57.124Z,day,2026-10-04,2026-09-27,66.7,INGRESO|BALANZA_INGRESO,SECUENCIA_PARCIAL_CON_HUECOS,false,false,circuito_probable,2-S1>2-S4>2-S2>2-S3,2026-09-27_2026-10-04,final_circuits.csv
5c7143b8-21f4-4c44-a154-12736b29a292__cycle_2,ELU844,ELU844,ANOMALIAS,JOURNEY_INCOMPLETO,,RICARDONE,true,false,R6,,RICARDONE,incompleto_revision,Incompleto en revisión,INCOMPLETO,INCOMPLETO,EVENTOS_INSUFICIENTES,,INCOMPLETO,Incompleto,baja,28.6,"Coinciden 2 de 7 puntos esperados. Faltan ingreso, preingreso, calada, balanza ingreso, egreso.",7,2,5,false,sin_ingreso,true,egreso_y_balanza,false,true,CIRCUITO_VOLCABLE_1_2,2,VOLCABLE>BALANZA_EGRESO,R6,R6,Recepción Volcable 2,CIRCUITO_VOLCABLE_1_2,false,67,true,true,true,UNKNOWN,UNKNOWN,,,0,false,false,,,,NONE,DATA_COVERAGE,EVENTOS_INSUFICIENTES,missing_ingreso_frontal,RicVolcable2>RicB2Egreso,,incompleto_revision,true,0,RicIngCamFrente|RICARDONE_INGRESO_CAMIONES,2026-10-07T20:10:57.124Z,day,2026-10-04,2026-09-27,28.6,INGRESO|PREINGRESO|CALADA|BALANZA_INGRESO|EGRESO,EVENTOS_INSUFICIENTES,false,false,circuito_probable_sin_ingreso+punto_fuerte,2-S9>2-S4,2026-09-27_2026-10-04,final_circuits.csv
62108665-1013-4850-981c-73662241db0a,AE817FH,AE817FH,ANOMALIAS,NO_DIFERENCIABLE_SIN_PUNTO_FUERTE,,UNKNOWN,true,false,SIN_PUNTO,,SAN_LORENZO,incompleto_revision,Incompleto en revisión,INCOMPLETO,NO_DIFERENCIABLE,NO_DIFERENCIABLE_SIN_PUNTO_FUERTE,,INCOMPLETO,Incompleto,baja,33.3,"Coinciden 2 de 6 puntos esperados. Faltan ingreso, preingreso, calada, egreso.",6,2,4,false,sin_ingreso,true,balanza_egreso,false,false,DESPACHO_SIN_PUNTO_INSTRUMENTADO,3,BALANZA_INGRESO>BALANZA_EGRESO>SL_EGRESO,SIN_PUNTO,SIN_PUNTO,Sin punto instrumentado (sólidos),DESPACHO_SIN_PUNTO_INSTRUMENTADO,false,0,true,false,false,UNKNOWN,UNKNOWN,,,0,false,false,,,,NONE,DATA_COVERAGE,SECUENCIA_INCOMPLETA,missing_ingreso_frontal+suspicious_duplicate,RicB3Ingreso>RicB3Egreso>SLZSalidaC2Fte,,incompleto_revision,true,0,RicIngCamFrente|RICARDONE_INGRESO_CAMIONES,2026-10-07T20:10:57.124Z,day,2026-10-04,2026-09-27,33.3,INGRESO|PREINGRESO|CALADA|EGRESO,SECUENCIA_NO_CONCLUYENTE,false,false,circuito_probable_sin_ingreso+punto_fuerte,2-S4>2-S4>1-S7,2026-09-27_2026-10-04,final_circuits.csv
f5cb5beb-b4ab-492e-bc42-db9c7ab04a6d,GVJ645,GVJ645,ANOMALIAS,JOURNEY_INCOMPLETO,,RICARDONE,true,false,R8,,LIQUIDO,incompleto_revision,Incompleto en revisión,INCOMPLETO,INCOMPLETO,EVENTOS_INSUFICIENTES,,INCOMPLETO,Incompleto,baja,33.3,"Coinciden 2 de 6 puntos esperados. Faltan ingreso, preingreso, balanza ingreso, balanza egreso.",6,2,4,false,sin_ingreso,true,egreso,false,true,CIRCUITO_LIQUIDO,2,LIQUIDO>EGRESO,R8,R8,Recepción Mercadería Líquida,CIRCUITO_LIQUIDO,false,63,true,true,true,UNKNOWN,UNKNOWN,,,0,false,false,,,,NONE,DATA_COVERAGE,EVENTOS_INSUFICIENTES,missing_ingreso_frontal+suspicious_duplicate,RicCalLiq>RicEgrCamFrente,,incompleto_revision,true,0,RicIngCamFrente|RICARDONE_INGRESO_CAMIONES,2026-10-07T20:10:57.124Z,day,2026-10-04,2026-09-27,33.3,INGRESO|PREINGRESO|BALANZA_INGRESO|BALANZA_EGRESO,EVENTOS_INSUFICIENTES,false,false,circuito_probable_sin_ingreso+punto_fuerte,2-S2>2-S3,2026-09-27_2026-10-04,final_circuits.csv
d426fa01-bd05-4f90-9838-f78e68be8a06__cycle_1,JUE083,JUE083,ANOMALIAS,NO_DIFERENCIABLE_SIN_PUNTO_FUERTE,,UNKNOWN,true,false,SIN_PUNTO,,,incompleto_revision,Incompleto en revisión,INCOMPLETO,NO_DIFERENCIABLE,NO_DIFERENCIABLE_SIN_PUNTO_FUERTE,,INCOMPLETO,Incompleto,baja,33.3,"Coinciden 2 de 6 puntos esperados. Faltan ingreso, preingreso, calada, egreso.",6,2,4,false,sin_ingreso,true,balanza_egreso,false,false,DESPACHO_SIN_PUNTO_INSTRUMENTADO,2,BALANZA_INGRESO>BALANZA_EGRESO,SIN_PUNTO,SIN_PUNTO,Sin punto instrumentado (sólidos),DESPACHO_SIN_PUNTO_INSTRUMENTADO,false,0,false,false,false,UNKNOWN,UNKNOWN,,,0,false,false,,,,NONE,DATA_COVERAGE,EVENTOS_INSUFICIENTES,missing_ingreso_frontal+suspicious_duplicate,RicB3Ingreso>RicB3Egreso,,incompleto_revision,false,0,RicIngCamFrente|RICARDONE_INGRESO_CAMIONES,2026-10-07T20:10:57.124Z,day,2026-10-04,2026-09-27,33.3,INGRESO|PREINGRESO|CALADA|EGRESO,EVENTOS_INSUFICIENTES,false,false,circuito_probable_sin_ingreso,2-S4>2-S4,2026-09-27_2026-10-04,final_circuits.csv
f236e309-d287-4292-a7b8-fee37dea40ff__cycle_1,HLT270,HLT270,ANOMALIAS,NO_DIFERENCIABLE_SIN_PUNTO_FUERTE,,UNKNOWN,true,false,SIN_PUNTO,,,incompleto_revision,Incompleto en revisión,INCOMPLETO,NO_DIFERENCIABLE,NO_DIFERENCIABLE_SIN_PUNTO_FUERTE,,INCOMPLETO,Incompleto,baja,33.3,"Coinciden 2 de 6 puntos esperados. Faltan ingreso, preingreso, calada, egreso.",6,2,4,false,sin_ingreso,true,balanza_egreso,false,false,DESPACHO_SIN_PUNTO_INSTRUMENTADO,2,BALANZA_INGRESO>BALANZA_EGRESO,SIN_PUNTO,SIN_PUNTO,Sin punto instrumentado (sólidos),DESPACHO_SIN_PUNTO_INSTRUMENTADO,false,0,false,false,false,UNKNOWN,UNKNOWN,,,0,false,false,,,,NONE,DATA_COVERAGE,EVENTOS_INSUFICIENTES,missing_ingreso_frontal,RicB3Ingreso>RicB3Egreso,,incompleto_revision,false,0,RicIngCamFrente|RICARDONE_INGRESO_CAMIONES,2026-10-07T20:10:57.124Z,day,2026-10-04,2026-09-27,33.3,INGRESO|PREINGRESO|CALADA|EGRESO,EVENTOS_INSUFICIENTES,false,false,circuito_probable_sin_ingreso,2-S4>2-S4,2026-09-27_2026-10-04,final_circuits.csv
94a6b3e6-a35e-448a-b600-283a3a8b8367__cycle_1,OZK568,OZK568,ANOMALIAS,NO_DIFERENCIABLE_SIN_PUNTO_FUERTE,,UNKNOWN,true,false,SIN_PUNTO,,,incompleto_revision,Incompleto en revisión,INCOMPLETO,NO_DIFERENCIABLE,NO_DIFERENCIABLE_SIN_PUNTO_FUERTE,,INCOMPLETO,Incompleto,baja,33.3,"Coinciden 2 de 6 puntos esperados. Faltan ingreso, preingreso, calada, egreso.",6,2,4,false,sin_ingreso,true,balanza_egreso,false,false,DESPACHO_SIN_PUNTO_INSTRUMENTADO,2,BALANZA_INGRESO>BALANZA_EGRESO,SIN_PUNTO,SIN_PUNTO,Sin punto instrumentado (sólidos),DESPACHO_SIN_PUNTO_INSTRUMENTADO,false,0,false,false,false,UNKNOWN,UNKNOWN,,,0,false,false,,,,NONE,DATA_COVERAGE,EVENTOS_INSUFICIENTES,missing_ingreso_frontal,RicB3Ingreso>RicB3Egreso,,incompleto_revision,false,0,RicIngCamFrente|RICARDONE_INGRESO_CAMIONES,2026-10-07T20:10:57.124Z,day,2026-10-04,2026-09-27,33.3,INGRESO|PREINGRESO|CALADA|EGRESO,EVENTOS_INSUFICIENTES,false,false,circuito_probable_sin_ingreso,2-S4>2-S4,2026-09-27_2026-10-04,final_circuits.csv
eb7ef42d-5831-4c8d-8aec-45ed6c0b5214__cycle_2,MQV609,MQV609,ANOMALIAS,JOURNEY_INCOMPLETO,,RICARDONE,true,false,R6,,RICARDONE,incompleto_revision,Incompleto en revisión,INCOMPLETO,INCOMPLETO,EVENTOS_INSUFICIENTES,,INCOMPLETO,Incompleto,baja,28.6,"Coinciden 2 de 7 puntos esperados. Faltan ingreso, preingreso, calada, balanza ingreso, egreso.",7,2,5,false,sin_ingreso,true,egreso_y_balanza,false,true,CIRCUITO_VOLCABLE_1_2,2,VOLCABLE>BALANZA_EGRESO,R6,R6,Recepción Volcable 2,CIRCUITO_VOLCABLE_1_2,false,67,true,true,true,UNKNOWN,UNKNOWN,,,0,false,false,,,,NONE,DATA_COVERAGE,EVENTOS_INSUFICIENTES,missing_ingreso_frontal,RicVolcable2>RicB2Egreso,,incompleto_revision,true,0,RicIngCamFrente|RICARDONE_INGRESO_CAMIONES,2026-10-07T20:10:57.124Z,day,2026-10-04,2026-09-27,28.6,INGRESO|PREINGRESO|CALADA|BALANZA_INGRESO|EGRESO,EVENTOS_INSUFICIENTES,false,false,circuito_probable_sin_ingreso+punto_fuerte,2-S9>2-S4,2026-09-27_2026-10-04,final_circuits.csv
fdf3e8d5-2c9a-42aa-8ef5-d2e939d4eacd__cycle_2,AF697MM,AF697MM,ANOMALIAS,JOURNEY_INCOMPLETO,,RICARDONE,true,false,R8,,LIQUIDO,incompleto_revision,Incompleto en revisión,INCOMPLETO,INCOMPLETO,EVENTOS_INSUFICIENTES,,INCOMPLETO,Incompleto,baja,33.3,"Coinciden 2 de 6 puntos esperados. Faltan ingreso, preingreso, balanza ingreso, balanza egreso.",6,2,4,false,sin_ingreso,true,egreso,false,true,CIRCUITO_LIQUIDO,2,LIQUIDO>EGRESO,R8,R8,Recepción Mercadería Líquida,CIRCUITO_LIQUIDO,false,63,true,true,true,UNKNOWN,UNKNOWN,,,0,false,false,,,,NONE,DATA_COVERAGE,EVENTOS_INSUFICIENTES,missing_ingreso_frontal+suspicious_duplicate,RicCalLiq>RicEgrCamFrente,,incompleto_revision,true,0,RicIngCamFrente|RICARDONE_INGRESO_CAMIONES,2026-10-07T20:10:57.124Z,day,2026-10-04,2026-09-27,33.3,INGRESO|PREINGRESO|BALANZA_INGRESO|BALANZA_EGRESO,EVENTOS_INSUFICIENTES,false,false,circuito_probable_sin_ingreso+punto_fuerte,2-S2>2-S3,2026-09-27_2026-10-04,final_circuits.csv
c79f0e43-152e-42ea-8cec-3d1a97d5c6a5,CSB958,CSB958,ANOMALIAS,JOURNEY_INCOMPLETO,,RICARDONE,true,false,R8,,LIQUIDO,incompleto_revision,Incompleto en revisión,INCOMPLETO,INCOMPLETO,SECUENCIA_NO_CONCLUYENTE,,INCOMPLETO,Incompleto,media,50,"Coinciden 3 de 6 puntos esperados. Faltan ingreso, balanza ingreso, balanza egreso.",6,3,3,true,preingreso,true,egreso,false,true,CIRCUITO_LIQUIDO,3,PREINGRESO>LIQUIDO>EGRESO,R8,R8,Recepción Mercadería Líquida,CIRCUITO_LIQUIDO,false,63,true,true,true,UNKNOWN,UNKNOWN,,,0,false,false,,,,NONE,DATA_COVERAGE,SECUENCIA_INCOMPLETA,missing_ingreso_frontal+suspicious_duplicate,RicPreIngInFr>RicCalLiq>RicEgrCamFrente,,incompleto_revision,true,0,RicIngCamFrente|RICARDONE_INGRESO_CAMIONES,2026-10-07T20:10:57.124Z,day,2026-10-04,2026-09-27,50,INGRESO|BALANZA_INGRESO|BALANZA_EGRESO,SECUENCIA_NO_CONCLUYENTE,false,false,incompleto_revision+punto_fuerte,2-S1>2-S2>2-S3,2026-09-27_2026-10-04,final_circuits.csv
dfdd234c-c635-41c9-8594-f2960666459d__cycle_3,AH461XD,AH461XD,ANOMALIAS,NO_DIFERENCIABLE_SIN_PUNTO_FUERTE,,UNKNOWN,true,false,SIN_PUNTO,,,incompleto_revision,Incompleto en revisión,INCOMPLETO,NO_DIFERENCIABLE,NO_DIFERENCIABLE_SIN_PUNTO_FUERTE,,INCOMPLETO,Incompleto,baja,33.3,"Coinciden 2 de 6 puntos esperados. Faltan ingreso, preingreso, calada, egreso.",6,2,4,false,sin_ingreso,true,egreso_y_balanza,false,true,DESPACHO_SIN_PUNTO_INSTRUMENTADO,4,BALANZA_INGRESO>BALANZA_EGRESO>BALANZA_INGRESO>BALANZA_EGRESO,SIN_PUNTO,SIN_PUNTO,Sin punto instrumentado (sólidos),DESPACHO_SIN_PUNTO_INSTRUMENTADO,false,0,false,false,false,UNKNOWN,UNKNOWN,,,0,false,false,,,,NONE,DATA_COVERAGE,SECUENCIA_INCOMPLETA,missing_ingreso_frontal,RicB3Ingreso>RicB3Egreso>RicB3Ingreso>RicB2Egreso,,incompleto_revision,false,0,RicIngCamFrente|RICARDONE_INGRESO_CAMIONES,2026-10-07T20:10:57.124Z,day,2026-10-04,2026-09-27,33.3,INGRESO|PREINGRESO|CALADA|EGRESO,SECUENCIA_NO_CONCLUYENTE,false,false,circuito_probable_sin_ingreso,2-S4>2-S4>2-S4>2-S4,2026-09-27_2026-10-04,final_circuits.csv
d15e641a-f533-43db-85bb-02f95422266f__cycle_1,AF378MD,AF378MD,ANOMALIAS,NO_DIFERENCIABLE_SIN_PUNTO_FUERTE,,UNKNOWN,true,false,SIN_PUNTO,,,incompleto_revision,Incompleto en revisión,INCOMPLETO,NO_DIFERENCIABLE,NO_DIFERENCIABLE_SIN_PUNTO_FUERTE,,INCOMPLETO,Incompleto,baja,33.3,"Coinciden 2 de 6 puntos esperados. Faltan ingreso, preingreso, calada, egreso.",6,2,4,false,sin_ingreso,true,balanza_egreso,false,false,DESPACHO_SIN_PUNTO_INSTRUMENTADO,2,BALANZA_INGRESO>BALANZA_EGRESO,SIN_PUNTO,SIN_PUNTO,Sin punto instrumentado (sólidos),DESPACHO_SIN_PUNTO_INSTRUMENTADO,false,0,false,false,false,UNKNOWN,UNKNOWN,,,0,false,false,,,,NONE,DATA_COVERAGE,EVENTOS_INSUFICIENTES,missing_ingreso_frontal,RicB3Ingreso>RicB3Egreso,,incompleto_revision,false,0,RicIngCamFrente|RICARDONE_INGRESO_CAMIONES,2026-10-07T20:10:57.124Z,day,2026-10-04,2026-09-27,33.3,INGRESO|PREINGRESO|CALADA|EGRESO,EVENTOS_INSUFICIENTES,false,false,circuito_probable_sin_ingreso,2-S4>2-S4,2026-09-27_2026-10-04,final_circuits.csv
c8ab1e7a-7794-4bb5-9392-559368bc365d,AH807KV,AH807KV,ANOMALIAS,NO_DIFERENCIABLE_SIN_PUNTO_FUERTE,,UNKNOWN,true,false,SIN_PUNTO,,,incompleto_revision,Incompleto en revisión,INCOMPLETO,NO_DIFERENCIABLE,NO_DIFERENCIABLE_SIN_PUNTO_FUERTE,,INCOMPLETO,Incompleto,baja,33.3,"Coinciden 2 de 6 puntos esperados. Faltan ingreso, preingreso, calada, egreso.",6,2,4,false,sin_ingreso,true,balanza_egreso,false,false,DESPACHO_SIN_PUNTO_INSTRUMENTADO,2,BALANZA_INGRESO>BALANZA_EGRESO,SIN_PUNTO,SIN_PUNTO,Sin punto instrumentado (sólidos),DESPACHO_SIN_PUNTO_INSTRUMENTADO,false,0,false,false,false,UNKNOWN,UNKNOWN,,,0,false,false,,,,NONE,DATA_COVERAGE,EVENTOS_INSUFICIENTES,missing_ingreso_frontal,RicB3Ingreso>RicB3Egreso,,incompleto_revision,false,0,RicIngCamFrente|RICARDONE_INGRESO_CAMIONES,2026-10-07T20:10:57.124Z,day,2026-10-04,2026-09-27,33.3,INGRESO|PREINGRESO|CALADA|EGRESO,EVENTOS_INSUFICIENTES,false,false,circuito_probable_sin_ingreso,2-S4>2-S4,2026-09-27_2026-10-04,final_circuits.csv
12508df8-a5df-46e0-b909-8eec13d15c57__cycle_1,AH296BC,AH296BC,ANOMALIAS,NO_DIFERENCIABLE_SIN_PUNTO_FUERTE,,UNKNOWN,true,false,SIN_PUNTO,,,incompleto_revision,Incompleto en revisión,INCOMPLETO,NO_DIFERENCIABLE,NO_DIFERENCIABLE_SIN_PUNTO_FUERTE,,INCOMPLETO,Incompleto,baja,33.3,"Coinciden 2 de 6 puntos esperados. Faltan ingreso, preingreso, calada, egreso.",6,2,4,false,sin_ingreso,true,balanza_egreso,false,false,DESPACHO_SIN_PUNTO_INSTRUMENTADO,2,BALANZA_INGRESO>BALANZA_EGRESO,SIN_PUNTO,SIN_PUNTO,Sin punto instrumentado (sólidos),DESPACHO_SIN_PUNTO_INSTRUMENTADO,false,0,false,false,false,UNKNOWN,UNKNOWN,,,0,false,false,,,,NONE,DATA_COVERAGE,EVENTOS_INSUFICIENTES,missing_ingreso_frontal,RicB3Ingreso>RicB3Egreso,,incompleto_revision,false,0,RicIngCamFrente|RICARDONE_INGRESO_CAMIONES,2026-10-07T20:10:57.124Z,day,2026-10-04,2026-09-27,33.3,INGRESO|PREINGRESO|CALADA|EGRESO,EVENTOS_INSUFICIENTES,false,false,circuito_probable_sin_ingreso,2-S4>2-S4,2026-09-27_2026-10-04,final_circuits.csv
3a291d78-cf1a-4f08-952f-335b83d34e31,AG700CR,AG700CR,ANOMALIAS,NO_DIFERENCIABLE_SIN_PUNTO_FUERTE,,UNKNOWN,true,false,SIN_PUNTO,,SAN_LORENZO,incompleto_revision,Incompleto en revisión,INCOMPLETO,NO_DIFERENCIABLE,NO_DIFERENCIABLE_SIN_PUNTO_FUERTE,,INCOMPLETO,Incompleto,baja,33.3,"Coinciden 2 de 6 puntos esperados. Faltan ingreso, preingreso, calada, egreso.",6,2,4,false,sin_ingreso,true,balanza_egreso,false,false,DESPACHO_SIN_PUNTO_INSTRUMENTADO,3,BALANZA_INGRESO>BALANZA_EGRESO>SL_EGRESO,SIN_PUNTO,SIN_PUNTO,Sin punto instrumentado (sólidos),DESPACHO_SIN_PUNTO_INSTRUMENTADO,false,0,true,false,false,UNKNOWN,UNKNOWN,,,0,false,false,,,,NONE,DATA_COVERAGE,SECUENCIA_INCOMPLETA,missing_ingreso_frontal+suspicious_duplicate,RicB3Ingreso>RicB3Egreso>SLZSalidaC2Fte,,incompleto_revision,true,0,RicIngCamFrente|RICARDONE_INGRESO_CAMIONES,2026-10-07T20:10:57.124Z,day,2026-10-04,2026-09-27,33.3,INGRESO|PREINGRESO|CALADA|EGRESO,SECUENCIA_NO_CONCLUYENTE,false,false,circuito_probable_sin_ingreso+punto_fuerte,2-S4>2-S4>1-S7,2026-09-27_2026-10-04,final_circuits.csv
f6935cbc-d100-4d74-905e-2c0e530db36e,AH996RE,AH996RE,ANOMALIAS,NO_DIFERENCIABLE_SIN_PUNTO_FUERTE,,UNKNOWN,true,false,SIN_PUNTO,,,incompleto_revision,Incompleto en revisión,INCOMPLETO,NO_DIFERENCIABLE,NO_DIFERENCIABLE_SIN_PUNTO_FUERTE,,INCOMPLETO,Incompleto,baja,33.3,"Coinciden 2 de 6 puntos esperados. Faltan ingreso, preingreso, calada, egreso.",6,2,4,false,sin_ingreso,true,balanza_egreso,false,false,DESPACHO_SIN_PUNTO_INSTRUMENTADO,2,BALANZA_INGRESO>BALANZA_EGRESO,SIN_PUNTO,SIN_PUNTO,Sin punto instrumentado (sólidos),DESPACHO_SIN_PUNTO_INSTRUMENTADO,false,0,false,false,false,UNKNOWN,UNKNOWN,,,0,false,false,,,,NONE,DATA_COVERAGE,EVENTOS_INSUFICIENTES,missing_ingreso_frontal,RicB3Ingreso>RicB3Egreso,,incompleto_revision,false,0,RicIngCamFrente|RICARDONE_INGRESO_CAMIONES,2026-10-07T20:10:57.124Z,day,2026-10-04,2026-09-27,33.3,INGRESO|PREINGRESO|CALADA|EGRESO,EVENTOS_INSUFICIENTES,false,false,circuito_probable_sin_ingreso,2-S4>2-S4,2026-09-27_2026-10-04,final_circuits.csv
12d74e22-104d-4dbc-add4-77f51be156cc,PDI020,PDI020,ANOMALIAS,NO_DIFERENCIABLE_SIN_PUNTO_FUERTE,,UNKNOWN,true,false,SIN_PUNTO,,,incompleto_revision,Incompleto en revisión,INCOMPLETO,NO_DIFERENCIABLE,NO_DIFERENCIABLE_SIN_PUNTO_FUERTE,,INCOMPLETO,Incompleto,baja,33.3,"Coinciden 2 de 6 puntos esperados. Faltan ingreso, preingreso, calada, egreso.",6,2,4,false,sin_ingreso,true,balanza_egreso,false,false,DESPACHO_SIN_PUNTO_INSTRUMENTADO,2,BALANZA_INGRESO>BALANZA_EGRESO,SIN_PUNTO,SIN_PUNTO,Sin punto instrumentado (sólidos),DESPACHO_SIN_PUNTO_INSTRUMENTADO,false,0,false,false,false,UNKNOWN,UNKNOWN,,,0,false,false,,,,NONE,DATA_COVERAGE,EVENTOS_INSUFICIENTES,missing_ingreso_frontal,RicB3Ingreso>RicB3Egreso,,incompleto_revision,false,0,RicIngCamFrente|RICARDONE_INGRESO_CAMIONES,2026-10-07T20:10:57.124Z,day,2026-10-04,2026-09-27,33.3,INGRESO|PREINGRESO|CALADA|EGRESO,EVENTOS_INSUFICIENTES,false,false,circuito_probable_sin_ingreso,2-S4>2-S4,2026-09-27_2026-10-04,final_circuits.csv
c19e07c4-0022-4199-a7e7-2ade69ea3820__cycle_2,AA727AN,AA727AN,ANOMALIAS,NO_DIFERENCIABLE_SIN_PUNTO_FUERTE,,UNKNOWN,true,false,SIN_PUNTO,,,incompleto_revision,Incompleto en revisión,INCOMPLETO,NO_DIFERENCIABLE,NO_DIFERENCIABLE_SIN_PUNTO_FUERTE,,INCOMPLETO,Incompleto,baja,33.3,"Coinciden 2 de 6 puntos esperados. Faltan ingreso, preingreso, calada, egreso.",6,2,4,false,sin_ingreso,true,balanza_egreso,false,false,DESPACHO_SIN_PUNTO_INSTRUMENTADO,2,BALANZA_INGRESO>BALANZA_EGRESO,SIN_PUNTO,SIN_PUNTO,Sin punto instrumentado (sólidos),DESPACHO_SIN_PUNTO_INSTRUMENTADO,false,0,false,false,false,UNKNOWN,UNKNOWN,,,0,false,false,,,,NONE,DATA_COVERAGE,EVENTOS_INSUFICIENTES,missing_ingreso_frontal,RicB3Ingreso>RicB3Egreso,,incompleto_revision,false,0,RicIngCamFrente|RICARDONE_INGRESO_CAMIONES,2026-10-07T20:10:57.124Z,day,2026-10-04,2026-09-27,33.3,INGRESO|PREINGRESO|CALADA|EGRESO,EVENTOS_INSUFICIENTES,false,false,circuito_probable_sin_ingreso,2-S4>2-S4,2026-09-27_2026-10-04,final_circuits.csv
7b9f86ad-c0db-49b2-be13-c6a3c29fe52a,GSY562,GSY562,ANOMALIAS,NO_DIFERENCIABLE_SIN_PUNTO_FUERTE,,UNKNOWN,true,false,SIN_PUNTO,,,incompleto_revision,Incompleto en revisión,INCOMPLETO,NO_DIFERENCIABLE,NO_DIFERENCIABLE_SIN_PUNTO_FUERTE,,INCOMPLETO,Incompleto,baja,33.3,"Coinciden 2 de 6 puntos esperados. Faltan ingreso, preingreso, calada, egreso.",6,2,4,false,sin_ingreso,true,balanza_egreso,false,false,DESPACHO_SIN_PUNTO_INSTRUMENTADO,2,BALANZA_INGRESO>BALANZA_EGRESO,SIN_PUNTO,SIN_PUNTO,Sin punto instrumentado (sólidos),DESPACHO_SIN_PUNTO_INSTRUMENTADO,false,0,false,false,false,UNKNOWN,UNKNOWN,,,0,false,false,,,,NONE,DATA_COVERAGE,EVENTOS_INSUFICIENTES,missing_ingreso_frontal,RicB3Ingreso>RicB3Egreso,,incompleto_revision,false,0,RicIngCamFrente|RICARDONE_INGRESO_CAMIONES,2026-10-07T20:10:57.124Z,day,2026-10-04,2026-09-27,33.3,INGRESO|PREINGRESO|CALADA|EGRESO,EVENTOS_INSUFICIENTES,false,false,circuito_probable_sin_ingreso,2-S4>2-S4,2026-09-27_2026-10-04,final_circuits.csv
a1c90283-a8f4-4444-a7f0-9b38a9b67496__cycle_1,AG275GX,AG275GX,ANOMALIAS,NO_DIFERENCIABLE_SIN_PUNTO_FUERTE,,UNKNOWN,true,false,SIN_PUNTO,,,incompleto_revision,Incompleto en revisión,INCOMPLETO,NO_DIFERENCIABLE,NO_DIFERENCIABLE_SIN_PUNTO_FUERTE,,INCOMPLETO,Incompleto,baja,33.3,"Coinciden 2 de 6 puntos esperados. Faltan ingreso, preingreso, calada, egreso.",6,2,4,false,sin_ingreso,true,balanza_egreso,false,false,DESPACHO_SIN_PUNTO_INSTRUMENTADO,2,BALANZA_INGRESO>BALANZA_EGRESO,SIN_PUNTO,SIN_PUNTO,Sin punto instrumentado (sólidos),DESPACHO_SIN_PUNTO_INSTRUMENTADO,false,0,false,false,false,UNKNOWN,UNKNOWN,,,0,false,false,,,,NONE,DATA_COVERAGE,EVENTOS_INSUFICIENTES,missing_ingreso_frontal,RicB3Ingreso>RicB3Egreso,,incompleto_revision,false,0,RicIngCamFrente|RICARDONE_INGRESO_CAMIONES,2026-10-07T20:10:57.124Z,day,2026-10-04,2026-09-27,33.3,INGRESO|PREINGRESO|CALADA|EGRESO,EVENTOS_INSUFICIENTES,false,false,circuito_probable_sin_ingreso,2-S4>2-S4,2026-09-27_2026-10-04,final_circuits.csv
1eee524d-6516-4f4a-8dca-1255aadf6967,AF697MM,AF697MM,ANOMALIAS,JOURNEY_INCOMPLETO,,RICARDONE,true,false,R8,,LIQUIDO,incompleto_revision,Incompleto en revisión,INCOMPLETO,INCOMPLETO,SECUENCIA_NO_CONCLUYENTE,,INCOMPLETO,Incompleto,media,50,"Coinciden 3 de 6 puntos esperados. Faltan ingreso, preingreso, balanza ingreso.",6,3,3,false,sin_ingreso,true,egreso_y_balanza,false,true,CIRCUITO_LIQUIDO,5,PLAYA>BALANZA_EGRESO>LIQUIDO>EGRESO,R8,R8,Recepción Mercadería Líquida,CIRCUITO_LIQUIDO,false,63,true,true,true,UNKNOWN,UNKNOWN,,,0,false,false,,,,NONE,DATA_COVERAGE,SECUENCIA_INCOMPLETA,missing_ingreso_frontal+suspicious_duplicate,RicS6Playa3>RicB2Egreso>RicB2Egreso>RicCalLiq>RicEgrCamFrente,,incompleto_revision,true,0,RicIngCamFrente|RICARDONE_INGRESO_CAMIONES,2026-10-07T20:10:57.124Z,day,2026-10-04,2026-09-27,50,INGRESO|PREINGRESO|BALANZA_INGRESO,SECUENCIA_NO_CONCLUYENTE,false,false,circuito_probable_sin_ingreso+punto_fuerte,2-S6>2-S4>2-S4>2-S2>2-S3,2026-09-27_2026-10-04,final_circuits.csv
0437082c-38e2-487a-99fc-566a86f985d5,AF058SX,AF058SX,ANOMALIAS,NO_DIFERENCIABLE_SIN_PUNTO_FUERTE,,UNKNOWN,true,false,SIN_PUNTO,,,incompleto_revision,Incompleto en revisión,INCOMPLETO,NO_DIFERENCIABLE,NO_DIFERENCIABLE_SIN_PUNTO_FUERTE,,INCOMPLETO,Incompleto,baja,33.3,"Coinciden 2 de 6 puntos esperados. Faltan ingreso, preingreso, calada, egreso.",6,2,4,false,sin_ingreso,true,balanza_egreso,false,false,DESPACHO_SIN_PUNTO_INSTRUMENTADO,2,BALANZA_INGRESO>BALANZA_EGRESO,SIN_PUNTO,SIN_PUNTO,Sin punto instrumentado (sólidos),DESPACHO_SIN_PUNTO_INSTRUMENTADO,false,0,false,false,false,UNKNOWN,UNKNOWN,,,0,false,false,,,,NONE,DATA_COVERAGE,EVENTOS_INSUFICIENTES,missing_ingreso_frontal,RicB3Ingreso>RicB3Egreso,,incompleto_revision,false,0,RicIngCamFrente|RICARDONE_INGRESO_CAMIONES,2026-10-07T20:10:57.124Z,day,2026-10-04,2026-09-27,33.3,INGRESO|PREINGRESO|CALADA|EGRESO,EVENTOS_INSUFICIENTES,false,false,circuito_probable_sin_ingreso,2-S4>2-S4,2026-09-27_2026-10-04,final_circuits.csv
ceae82b0-577d-41ff-9327-db32ad3b37d9__cycle_1,BDH961,BDH961,ANOMALIAS,NO_DIFERENCIABLE_SIN_PUNTO_FUERTE,,UNKNOWN,true,false,SIN_PUNTO,,,incompleto_revision,Incompleto en revisión,INCOMPLETO,NO_DIFERENCIABLE,NO_DIFERENCIABLE_SIN_PUNTO_FUERTE,,INCOMPLETO,Incompleto,muy_baja,33.3,"Coinciden 2 de 6 puntos esperados. Faltan ingreso, balanza ingreso, balanza egreso, egreso.",6,2,4,true,preingreso,false,sin_egreso,false,false,DESPACHO_SIN_PUNTO_INSTRUMENTADO,3,PREINGRESO>CALADA>PLAYA,SIN_PUNTO,SIN_PUNTO,Sin punto instrumentado (sólidos),DESPACHO_SIN_PUNTO_INSTRUMENTADO,false,0,false,false,false,UNKNOWN,UNKNOWN,,,0,false,false,,,,NONE,DATA_COVERAGE,SECUENCIA_INCOMPLETA,missing_ingreso_frontal,RicPreIngInFr>RicCal04>RicS6Playa3,,incompleto_revision,false,0,RicIngCamFrente|RICARDONE_INGRESO_CAMIONES,2026-10-07T20:10:57.124Z,day,2026-10-04,2026-09-27,33.3,INGRESO|BALANZA_INGRESO|BALANZA_EGRESO|EGRESO,SECUENCIA_NO_CONCLUYENTE,false,false,circuito_probable_sin_egreso,2-S1>2-S2>2-S6,2026-09-27_2026-10-04,final_circuits.csv
639a16d3-a486-4ac2-aa66-8b70670528e9,PJR664,PJR664,ANOMALIAS,NO_DIFERENCIABLE_SIN_PUNTO_FUERTE,,UNKNOWN,true,false,SIN_PUNTO,,,incompleto_revision,Incompleto en revisión,INCOMPLETO,NO_DIFERENCIABLE,NO_DIFERENCIABLE_SIN_PUNTO_FUERTE,,INCOMPLETO,Incompleto,baja,33.3,"Coinciden 2 de 6 puntos esperados. Faltan ingreso, preingreso, calada, egreso.",6,2,4,false,sin_ingreso,true,balanza_egreso,false,false,DESPACHO_SIN_PUNTO_INSTRUMENTADO,2,BALANZA_INGRESO>BALANZA_EGRESO,SIN_PUNTO,SIN_PUNTO,Sin punto instrumentado (sólidos),DESPACHO_SIN_PUNTO_INSTRUMENTADO,false,0,false,false,false,UNKNOWN,UNKNOWN,,,0,false,false,,,,NONE,DATA_COVERAGE,EVENTOS_INSUFICIENTES,missing_ingreso_frontal,RicB3Ingreso>RicB3Egreso,,incompleto_revision,false,0,RicIngCamFrente|RICARDONE_INGRESO_CAMIONES,2026-10-07T20:10:57.124Z,day,2026-10-04,2026-09-27,33.3,INGRESO|PREINGRESO|CALADA|EGRESO,EVENTOS_INSUFICIENTES,false,false,circuito_probable_sin_ingreso,2-S4>2-S4,2026-09-27_2026-10-04,final_circuits.csv
dcc1d585-6085-4643-9243-9b43b4c0e98a__cycle_1,AG408SM,AG408SM,ANOMALIAS,NO_DIFERENCIABLE_SIN_PUNTO_FUERTE,,UNKNOWN,true,false,SIN_PUNTO,,,incompleto_revision,Incompleto en revisión,INCOMPLETO,NO_DIFERENCIABLE,NO_DIFERENCIABLE_SIN_PUNTO_FUERTE,,INCOMPLETO,Incompleto,baja,33.3,"Coinciden 2 de 6 puntos esperados. Faltan ingreso, preingreso, calada, egreso.",6,2,4,false,sin_ingreso,true,balanza_egreso,false,false,DESPACHO_SIN_PUNTO_INSTRUMENTADO,2,BALANZA_INGRESO>BALANZA_EGRESO,SIN_PUNTO,SIN_PUNTO,Sin punto instrumentado (sólidos),DESPACHO_SIN_PUNTO_INSTRUMENTADO,false,0,false,false,false,UNKNOWN,UNKNOWN,,,0,false,false,,,,NONE,DATA_COVERAGE,EVENTOS_INSUFICIENTES,missing_ingreso_frontal,RicB3Ingreso>RicB3Egreso,,incompleto_revision,false,0,RicIngCamFrente|RICARDONE_INGRESO_CAMIONES,2026-10-07T20:10:57.124Z,day,2026-10-04,2026-09-27,33.3,INGRESO|PREINGRESO|CALADA|EGRESO,EVENTOS_INSUFICIENTES,false,false,circuito_probable_sin_ingreso,2-S4>2-S4,2026-09-27_2026-10-04,final_circuits.csv
3d84051e-7af0-417f-8e64-ac4e7df8988f__cycle_1,AD049SR,AD049SR,ANOMALIAS,NO_DIFERENCIABLE_SIN_PUNTO_FUERTE,,UNKNOWN,true,false,SIN_PUNTO,,,incompleto_revision,Incompleto en revisión,INCOMPLETO,NO_DIFERENCIABLE,NO_DIFERENCIABLE_SIN_PUNTO_FUERTE,,INCOMPLETO,Incompleto,baja,33.3,"Coinciden 2 de 6 puntos esperados. Faltan ingreso, preingreso, calada, egreso.",6,2,4,false,sin_ingreso,true,balanza_egreso,false,false,DESPACHO_SIN_PUNTO_INSTRUMENTADO,2,BALANZA_INGRESO>BALANZA_EGRESO,SIN_PUNTO,SIN_PUNTO,Sin punto instrumentado (sólidos),DESPACHO_SIN_PUNTO_INSTRUMENTADO,false,0,false,false,false,UNKNOWN,UNKNOWN,,,0,false,false,,,,NONE,DATA_COVERAGE,EVENTOS_INSUFICIENTES,missing_ingreso_frontal,RicB3Ingreso>RicB3Egreso,,incompleto_revision,false,0,RicIngCamFrente|RICARDONE_INGRESO_CAMIONES,2026-10-07T20:10:57.124Z,day,2026-10-04,2026-09-27,33.3,INGRESO|PREINGRESO|CALADA|EGRESO,EVENTOS_INSUFICIENTES,false,false,circuito_probable_sin_ingreso,2-S4>2-S4,2026-09-27_2026-10-04,final_circuits.csv
032c91d7-eb8a-4a3c-beaa-7ad6927058d0,LZV303,LZV303,ANOMALIAS,JOURNEY_INCOMPLETO,,RICARDONE,true,false,R8,,LIQUIDO,incompleto_revision,Incompleto en revisión,INCOMPLETO,INCOMPLETO,SECUENCIA_NO_CONCLUYENTE,,INCOMPLETO,Incompleto,media,50,"Coinciden 3 de 6 puntos esperados. Faltan ingreso, balanza ingreso, balanza egreso.",6,3,3,true,preingreso,true,egreso,false,true,CIRCUITO_LIQUIDO,3,PREINGRESO>LIQUIDO>EGRESO,R8,R8,Recepción Mercadería Líquida,CIRCUITO_LIQUIDO,false,63,true,true,true,UNKNOWN,UNKNOWN,,,0,false,false,,,,NONE,DATA_COVERAGE,SECUENCIA_INCOMPLETA,missing_ingreso_frontal,RicPreIngInFr>RicCalLiq>RicEgrCamFrente,,incompleto_revision,true,0,RicIngCamFrente|RICARDONE_INGRESO_CAMIONES,2026-10-07T20:10:57.124Z,day,2026-10-04,2026-09-27,50,INGRESO|BALANZA_INGRESO|BALANZA_EGRESO,SECUENCIA_NO_CONCLUYENTE,false,false,incompleto_revision+punto_fuerte,2-S1>2-S2>2-S3,2026-09-27_2026-10-04,final_circuits.csv
ac7f61b2-0ebb-4124-af73-e57bd91e4268__cycle_2,UGP079,UGP079,ANOMALIAS,JOURNEY_INCOMPLETO,,RICARDONE,true,false,R6,,RICARDONE,incompleto_revision,Incompleto en revisión,INCOMPLETO,INCOMPLETO,EVENTOS_INSUFICIENTES,,INCOMPLETO,Incompleto,baja,28.6,"Coinciden 2 de 7 puntos esperados. Faltan ingreso, preingreso, calada, balanza ingreso, egreso.",7,2,5,false,sin_ingreso,true,egreso_y_balanza,false,true,CIRCUITO_VOLCABLE_1_2,2,VOLCABLE>BALANZA_EGRESO,R6,R6,Recepción Volcable 2,CIRCUITO_VOLCABLE_1_2,false,67,true,true,true,UNKNOWN,UNKNOWN,,,0,false,false,,,,NONE,DATA_COVERAGE,EVENTOS_INSUFICIENTES,missing_ingreso_frontal,RicVolcable2>RicB2Egreso,,incompleto_revision,true,0,RicIngCamFrente|RICARDONE_INGRESO_CAMIONES,2026-10-07T20:10:57.124Z,day,2026-10-04,2026-09-27,28.6,INGRESO|PREINGRESO|CALADA|BALANZA_INGRESO|EGRESO,EVENTOS_INSUFICIENTES,false,false,circuito_probable_sin_ingreso+punto_fuerte,2-S9>2-S4,2026-09-27_2026-10-04,final_circuits.csv
f67a7e3e-5841-4cf6-966e-ac1b8bcae0c0,FVJ248,FVJ248,ANOMALIAS,NO_DIFERENCIABLE_SIN_PUNTO_FUERTE,,UNKNOWN,true,false,SIN_PUNTO,,,incompleto_revision,Incompleto en revisión,INCOMPLETO,NO_DIFERENCIABLE,NO_DIFERENCIABLE_SIN_PUNTO_FUERTE,,INCOMPLETO,Incompleto,muy_baja,33.3,"Coinciden 2 de 6 puntos esperados. Faltan ingreso, preingreso, balanza ingreso, balanza egreso.",6,2,4,false,sin_ingreso,true,egreso,false,true,DESPACHO_SIN_PUNTO_INSTRUMENTADO,2,CALADA>EGRESO,SIN_PUNTO,SIN_PUNTO,Sin punto instrumentado (sólidos),DESPACHO_SIN_PUNTO_INSTRUMENTADO,false,0,false,false,false,UNKNOWN,UNKNOWN,,,0,false,false,,,,NONE,DATA_COVERAGE,EVENTOS_INSUFICIENTES,missing_ingreso_frontal+suspicious_duplicate,RicCal04>RicEgrCamFrente,,incompleto_revision,false,0,RicIngCamFrente|RICARDONE_INGRESO_CAMIONES,2026-10-07T20:10:57.124Z,day,2026-10-04,2026-09-27,33.3,INGRESO|PREINGRESO|BALANZA_INGRESO|BALANZA_EGRESO,EVENTOS_INSUFICIENTES,false,false,circuito_probable_sin_ingreso,2-S2>2-S3,2026-09-27_2026-10-04,final_circuits.csv
f90e72b0-5f73-492b-bf03-529acbf4353f__cycle_1,LCE509,LCE509,ANOMALIAS,NO_DIFERENCIABLE_SIN_PUNTO_FUERTE,,UNKNOWN,true,false,SIN_PUNTO,,,incompleto_revision,Incompleto en revisión,INCOMPLETO,NO_DIFERENCIABLE,NO_DIFERENCIABLE_SIN_PUNTO_FUERTE,,INCOMPLETO,Incompleto,muy_baja,33.3,"Coinciden 2 de 6 puntos esperados. Faltan ingreso, balanza ingreso, balanza egreso, egreso.",6,2,4,true,preingreso,false,sin_egreso,false,false,DESPACHO_SIN_PUNTO_INSTRUMENTADO,3,PREINGRESO>CALADA>PLAYA,SIN_PUNTO,SIN_PUNTO,Sin punto instrumentado (sólidos),DESPACHO_SIN_PUNTO_INSTRUMENTADO,false,0,false,false,false,UNKNOWN,UNKNOWN,,,0,false,false,,,,NONE,DATA_COVERAGE,SECUENCIA_INCOMPLETA,missing_ingreso_frontal,RicPreIngInFr>RicCal04>RicS6Playa3,,incompleto_revision,false,0,RicIngCamFrente|RICARDONE_INGRESO_CAMIONES,2026-10-07T20:10:57.124Z,day,2026-10-04,2026-09-27,33.3,INGRESO|BALANZA_INGRESO|BALANZA_EGRESO|EGRESO,SECUENCIA_NO_CONCLUYENTE,false,false,circuito_probable_sin_egreso,2-S1>2-S2>2-S6,2026-09-27_2026-10-04,final_circuits.csv
853fbe86-b3bd-4514-ad28-c51f19b2902f,CXY738,CXY738,ANOMALIAS,NO_DIFERENCIABLE_SIN_PUNTO_FUERTE,,UNKNOWN,true,false,SIN_PUNTO,,,incompleto_revision,Incompleto en revisión,INCOMPLETO,NO_DIFERENCIABLE,NO_DIFERENCIABLE_SIN_PUNTO_FUERTE,,INCOMPLETO,Incompleto,muy_baja,33.3,"Coinciden 2 de 6 puntos esperados. Faltan ingreso, balanza ingreso, balanza egreso, egreso.",6,2,4,true,preingreso,false,sin_egreso,false,false,DESPACHO_SIN_PUNTO_INSTRUMENTADO,3,PREINGRESO>CALADA>PLAYA,SIN_PUNTO,SIN_PUNTO,Sin punto instrumentado (sólidos),DESPACHO_SIN_PUNTO_INSTRUMENTADO,false,0,false,false,false,UNKNOWN,UNKNOWN,,,0,false,false,,,,NONE,DATA_COVERAGE,SECUENCIA_INCOMPLETA,missing_ingreso_frontal,RicPreIngInFr>RicCal03>RicS6Playa3,,incompleto_revision,false,0,RicIngCamFrente|RICARDONE_INGRESO_CAMIONES,2026-10-07T20:10:57.124Z,day,2026-10-04,2026-09-27,33.3,INGRESO|BALANZA_INGRESO|BALANZA_EGRESO|EGRESO,SECUENCIA_NO_CONCLUYENTE,false,false,circuito_probable_sin_egreso,2-S1>2-S2>2-S6,2026-09-27_2026-10-04,final_circuits.csv
3996835f-a22d-4fe5-89dd-eaa87ee95128,BFE057,BFE057,ANOMALIAS,JOURNEY_INCOMPLETO,,RICARDONE,true,false,R6,,RICARDONE,incompleto_revision,Incompleto en revisión,INCOMPLETO,INCOMPLETO,EVENTOS_INSUFICIENTES,,INCOMPLETO,Incompleto,baja,28.6,"Coinciden 2 de 7 puntos esperados. Faltan ingreso, preingreso, calada, balanza ingreso, egreso.",7,2,5,false,sin_ingreso,true,egreso_y_balanza,false,true,CIRCUITO_VOLCABLE_1_2,2,VOLCABLE>BALANZA_EGRESO,R6,R6,Recepción Volcable 2,CIRCUITO_VOLCABLE_1_2,false,67,true,true,true,UNKNOWN,UNKNOWN,,,0,false,false,,,,NONE,DATA_COVERAGE,EVENTOS_INSUFICIENTES,missing_ingreso_frontal,RicVolcable2>RicB2Egreso,,incompleto_revision,true,0,RicIngCamFrente|RICARDONE_INGRESO_CAMIONES,2026-10-07T20:10:57.124Z,day,2026-10-04,2026-09-27,28.6,INGRESO|PREINGRESO|CALADA|BALANZA_INGRESO|EGRESO,EVENTOS_INSUFICIENTES,false,false,circuito_probable_sin_ingreso+punto_fuerte,2-S9>2-S4,2026-09-27_2026-10-04,final_circuits.csv
8e4847ee-346e-4134-abd0-8e4b3e902388,AF670GC,AF670GC,ANOMALIAS,JOURNEY_INCOMPLETO,,RICARDONE,true,false,R8,,LIQUIDO,incompleto_revision,Incompleto en revisión,INCOMPLETO,INCOMPLETO,SECUENCIA_NO_CONCLUYENTE,,INCOMPLETO,Incompleto,media,50,"Coinciden 3 de 6 puntos esperados. Faltan ingreso, preingreso, balanza ingreso.",6,3,3,false,sin_ingreso,true,egreso_y_balanza,false,true,CIRCUITO_LIQUIDO,3,BALANZA_EGRESO>LIQUIDO>EGRESO,R8,R8,Recepción Mercadería Líquida,CIRCUITO_LIQUIDO,false,63,true,true,true,UNKNOWN,UNKNOWN,,,0,false,false,,,,NONE,DATA_COVERAGE,SECUENCIA_INCOMPLETA,missing_ingreso_frontal,RicB2Egreso>RicCalLiq>RicEgrCamFrente,,incompleto_revision,true,0,RicIngCamFrente|RICARDONE_INGRESO_CAMIONES,2026-10-07T20:10:57.124Z,day,2026-10-04,2026-09-27,50,INGRESO|PREINGRESO|BALANZA_INGRESO,SECUENCIA_NO_CONCLUYENTE,false,false,circuito_probable_sin_ingreso+punto_fuerte,2-S4>2-S2>2-S3,2026-09-27_2026-10-04,final_circuits.csv
f5961090-0b2c-4ec8-9c63-3761dedb85e5,AB912RO,AB912RO,ANOMALIAS,NO_DIFERENCIABLE_SIN_PUNTO_FUERTE,,UNKNOWN,true,false,SIN_PUNTO,,,incompleto_revision,Incompleto en revisión,INCOMPLETO,NO_DIFERENCIABLE,NO_DIFERENCIABLE_SIN_PUNTO_FUERTE,,INCOMPLETO,Incompleto,baja,33.3,"Coinciden 2 de 6 puntos esperados. Faltan ingreso, preingreso, calada, egreso.",6,2,4,false,sin_ingreso,true,balanza_egreso,false,false,DESPACHO_SIN_PUNTO_INSTRUMENTADO,2,BALANZA_INGRESO>BALANZA_EGRESO,SIN_PUNTO,SIN_PUNTO,Sin punto instrumentado (sólidos),DESPACHO_SIN_PUNTO_INSTRUMENTADO,false,0,false,false,false,UNKNOWN,UNKNOWN,,,0,false,false,,,,NONE,DATA_COVERAGE,EVENTOS_INSUFICIENTES,missing_ingreso_frontal,RicB3Ingreso>RicB3Egreso,,incompleto_revision,false,0,RicIngCamFrente|RICARDONE_INGRESO_CAMIONES,2026-10-07T20:10:57.124Z,day,2026-10-04,2026-09-27,33.3,INGRESO|PREINGRESO|CALADA|EGRESO,EVENTOS_INSUFICIENTES,false,false,circuito_probable_sin_ingreso,2-S4>2-S4,2026-09-27_2026-10-04,final_circuits.csv
3f5b80e8-2107-40e1-be08-92b273ce5f0d__cycle_3,CMU578,CMU578,ANOMALIAS,NO_DIFERENCIABLE_SIN_PUNTO_FUERTE,,UNKNOWN,true,false,SIN_PUNTO,,,incompleto_revision,Incompleto en revisión,INCOMPLETO,NO_DIFERENCIABLE,NO_DIFERENCIABLE_SIN_PUNTO_FUERTE,,INCOMPLETO,Incompleto,muy_baja,33.3,"Coinciden 2 de 6 puntos esperados. Faltan ingreso, balanza ingreso, balanza egreso, egreso.",6,2,4,true,preingreso,false,sin_egreso,false,false,DESPACHO_SIN_PUNTO_INSTRUMENTADO,3,PREINGRESO>CALADA>PLAYA,SIN_PUNTO,SIN_PUNTO,Sin punto instrumentado (sólidos),DESPACHO_SIN_PUNTO_INSTRUMENTADO,false,0,false,false,false,UNKNOWN,UNKNOWN,,,0,false,false,,,,NONE,DATA_COVERAGE,SECUENCIA_INCOMPLETA,missing_ingreso_frontal+suspicious_duplicate,RicPreIngInFr>RicCal04>RicS6Playa3,,incompleto_revision,false,0,RicIngCamFrente|RICARDONE_INGRESO_CAMIONES,2026-10-07T20:10:57.124Z,day,2026-10-04,2026-09-27,33.3,INGRESO|BALANZA_INGRESO|BALANZA_EGRESO|EGRESO,SECUENCIA_NO_CONCLUYENTE,false,false,circuito_probable_sin_egreso,2-S1>2-S2>2-S6,2026-09-27_2026-10-04,final_circuits.csv
5c11d7bf-68cf-41a7-a269-931fe05994d7__cycle_3,GGY416,GGY416,ANOMALIAS,FRAGMENTO_SIN_CIERRE_OPERATIVO,,UNKNOWN,true,false,SIN_PUNTO,,,incompleto_revision,Incompleto en revisión,INCOMPLETO,INCOMPLETO,FRAGMENTO_SIN_CIERRE_OPERATIVO,,INCOMPLETO,Incompleto,muy_baja,33.3,"Coinciden 2 de 6 puntos esperados. Faltan ingreso, balanza ingreso, balanza egreso, egreso.",6,2,4,true,preingreso,false,sin_egreso,false,false,DESPACHO_SIN_PUNTO_INSTRUMENTADO,2,PREINGRESO>CALADA,SIN_PUNTO,SIN_PUNTO,Sin punto instrumentado (sólidos),DESPACHO_SIN_PUNTO_INSTRUMENTADO,false,0,false,false,false,UNKNOWN,UNKNOWN,,,0,false,false,,,,NONE,DATA_COVERAGE,EVENTOS_INSUFICIENTES,missing_ingreso_frontal+suspicious_duplicate,RicPreIngInFr>RicCal04,,incompleto_revision,false,0,RicIngCamFrente|RICARDONE_INGRESO_CAMIONES,2026-10-07T20:10:57.124Z,day,2026-10-04,2026-09-27,33.3,INGRESO|BALANZA_INGRESO|BALANZA_EGRESO|EGRESO,EVENTOS_INSUFICIENTES,false,false,circuito_probable_sin_egreso,2-S1>2-S2,2026-09-27_2026-10-04,final_circuits.csv
9add578b-d5c1-4739-b850-b92f8dfde0c1__cycle_3,BLL295,BLL295,ANOMALIAS,NO_DIFERENCIABLE_SIN_PUNTO_FUERTE,,UNKNOWN,true,false,SIN_PUNTO,,,incompleto_revision,Incompleto en revisión,INCOMPLETO,NO_DIFERENCIABLE,NO_DIFERENCIABLE_SIN_PUNTO_FUERTE,,INCOMPLETO,Incompleto,muy_baja,33.3,"Coinciden 2 de 6 puntos esperados. Faltan ingreso, balanza ingreso, balanza egreso, egreso.",6,2,4,true,preingreso,false,sin_egreso,false,false,DESPACHO_SIN_PUNTO_INSTRUMENTADO,3,PREINGRESO>CALADA>PLAYA,SIN_PUNTO,SIN_PUNTO,Sin punto instrumentado (sólidos),DESPACHO_SIN_PUNTO_INSTRUMENTADO,false,0,false,false,false,UNKNOWN,UNKNOWN,,,0,false,false,,,,NONE,DATA_COVERAGE,SECUENCIA_INCOMPLETA,missing_ingreso_frontal+suspicious_duplicate,RicPreIngInFr>RicCal03>RicS6Playa3,,incompleto_revision,false,0,RicIngCamFrente|RICARDONE_INGRESO_CAMIONES,2026-10-07T20:10:57.124Z,day,2026-10-04,2026-09-27,33.3,INGRESO|BALANZA_INGRESO|BALANZA_EGRESO|EGRESO,SECUENCIA_NO_CONCLUYENTE,false,false,circuito_probable_sin_egreso,2-S1>2-S2>2-S6,2026-09-27_2026-10-04,final_circuits.csv
65e3113e-1bc5-4e62-b47e-ac1f669f79cf,HCU338,HCU338,ANOMALIAS,FRAGMENTO_SIN_CIERRE_OPERATIVO,,UNKNOWN,true,false,SIN_PUNTO,,,incompleto_revision,Incompleto en revisión,INCOMPLETO,INCOMPLETO,FRAGMENTO_SIN_CIERRE_OPERATIVO,,INCOMPLETO,Incompleto,muy_baja,33.3,"Coinciden 2 de 6 puntos esperados. Faltan ingreso, balanza ingreso, balanza egreso, egreso.",6,2,4,true,preingreso,false,sin_egreso,false,false,DESPACHO_SIN_PUNTO_INSTRUMENTADO,2,PREINGRESO>CALADA,SIN_PUNTO,SIN_PUNTO,Sin punto instrumentado (sólidos),DESPACHO_SIN_PUNTO_INSTRUMENTADO,false,0,false,false,false,UNKNOWN,UNKNOWN,,,0,false,false,,,,NONE,DATA_COVERAGE,EVENTOS_INSUFICIENTES,missing_ingreso_frontal,RicPreIngInFr>RicCal04,,incompleto_revision,false,0,RicIngCamFrente|RICARDONE_INGRESO_CAMIONES,2026-10-07T20:10:57.124Z,day,2026-10-04,2026-09-27,33.3,INGRESO|BALANZA_INGRESO|BALANZA_EGRESO|EGRESO,EVENTOS_INSUFICIENTES,false,false,circuito_probable_sin_egreso,2-S1>2-S2,2026-09-27_2026-10-04,final_circuits.csv
408090f7-c991-4417-88bd-9e789a16f7de,AD516NZ,AD516NZ,ANOMALIAS,FRAGMENTO_SIN_CIERRE_OPERATIVO,,UNKNOWN,true,false,SIN_PUNTO,,,incompleto_revision,Incompleto en revisión,INCOMPLETO,INCOMPLETO,FRAGMENTO_SIN_CIERRE_OPERATIVO,,INCOMPLETO,Incompleto,muy_baja,33.3,"Coinciden 2 de 6 puntos esperados. Faltan ingreso, balanza ingreso, balanza egreso, egreso.",6,2,4,true,preingreso,false,sin_egreso,false,false,DESPACHO_SIN_PUNTO_INSTRUMENTADO,2,PREINGRESO>CALADA,SIN_PUNTO,SIN_PUNTO,Sin punto instrumentado (sólidos),DESPACHO_SIN_PUNTO_INSTRUMENTADO,false,0,false,false,false,UNKNOWN,UNKNOWN,,,0,false,false,,,,NONE,DATA_COVERAGE,EVENTOS_INSUFICIENTES,missing_ingreso_frontal,RicPreIngInFr>RicCal03,,incompleto_revision,false,0,RicIngCamFrente|RICARDONE_INGRESO_CAMIONES,2026-10-07T20:10:57.124Z,day,2026-10-04,2026-09-27,33.3,INGRESO|BALANZA_INGRESO|BALANZA_EGRESO|EGRESO,EVENTOS_INSUFICIENTES,false,false,circuito_probable_sin_egreso,2-S1>2-S2,2026-09-27_2026-10-04,final_circuits.csv
c2d9a8ac-db2a-44b5-92f8-a1b4ade8d71f__cycle_2,GSC386,GSC386,ANOMALIAS,JOURNEY_INCOMPLETO,,RICARDONE,true,false,R6,,RICARDONE,incompleto_revision,Incompleto en revisión,INCOMPLETO,INCOMPLETO,EVENTOS_INSUFICIENTES,,INCOMPLETO,Incompleto,baja,28.6,"Coinciden 2 de 7 puntos esperados. Faltan ingreso, preingreso, calada, balanza ingreso, egreso.",7,2,5,false,sin_ingreso,true,egreso_y_balanza,false,true,CIRCUITO_VOLCABLE_1_2,2,VOLCABLE>BALANZA_EGRESO,R6,R6,Recepción Volcable 2,CIRCUITO_VOLCABLE_1_2,false,67,true,true,true,UNKNOWN,UNKNOWN,,,0,false,false,,,,NONE,DATA_COVERAGE,EVENTOS_INSUFICIENTES,missing_ingreso_frontal+suspicious_duplicate,RicVolcable2>RicB2Egreso,,incompleto_revision,true,0,RicIngCamFrente|RICARDONE_INGRESO_CAMIONES,2026-10-07T20:10:57.124Z,day,2026-10-04,2026-09-27,28.6,INGRESO|PREINGRESO|CALADA|BALANZA_INGRESO|EGRESO,EVENTOS_INSUFICIENTES,false,false,circuito_probable_sin_ingreso+punto_fuerte,2-S9>2-S4,2026-09-27_2026-10-04,final_circuits.csv
af8611d3-195f-4663-b546-38380d8cbb7c,GYM881,GYM881,ANOMALIAS,NO_DIFERENCIABLE_SIN_PUNTO_FUERTE,,UNKNOWN,true,false,SIN_PUNTO,,,incompleto_revision,Incompleto en revisión,INCOMPLETO,NO_DIFERENCIABLE,NO_DIFERENCIABLE_SIN_PUNTO_FUERTE,,INCOMPLETO,Incompleto,muy_baja,33.3,"Coinciden 2 de 6 puntos esperados. Faltan ingreso, preingreso, balanza ingreso, balanza egreso.",6,2,4,false,sin_ingreso,true,egreso,false,true,DESPACHO_SIN_PUNTO_INSTRUMENTADO,2,CALADA>EGRESO,SIN_PUNTO,SIN_PUNTO,Sin punto instrumentado (sólidos),DESPACHO_SIN_PUNTO_INSTRUMENTADO,false,0,false,false,false,UNKNOWN,UNKNOWN,,,0,false,false,,,,NONE,DATA_COVERAGE,EVENTOS_INSUFICIENTES,missing_ingreso_frontal+suspicious_duplicate,RicCal04>RicEgrCamFrente,,incompleto_revision,false,0,RicIngCamFrente|RICARDONE_INGRESO_CAMIONES,2026-10-07T20:10:57.124Z,day,2026-10-04,2026-09-27,33.3,INGRESO|PREINGRESO|BALANZA_INGRESO|BALANZA_EGRESO,EVENTOS_INSUFICIENTES,false,false,circuito_probable_sin_ingreso,2-S2>2-S3,2026-09-27_2026-10-04,final_circuits.csv
70bb5742-b3e2-4fbc-8a28-22cf9a9c2fc3__cycle_1,WBY590,WBY590,ANOMALIAS,FRAGMENTO_SIN_CIERRE_OPERATIVO,,UNKNOWN,true,false,SIN_PUNTO,,,incompleto_revision,Incompleto en revisión,INCOMPLETO,INCOMPLETO,FRAGMENTO_SIN_CIERRE_OPERATIVO,,INCOMPLETO,Incompleto,muy_baja,33.3,"Coinciden 2 de 6 puntos esperados. Faltan ingreso, balanza ingreso, balanza egreso, egreso.",6,2,4,true,preingreso,false,sin_egreso,false,false,DESPACHO_SIN_PUNTO_INSTRUMENTADO,2,PREINGRESO>CALADA,SIN_PUNTO,SIN_PUNTO,Sin punto instrumentado (sólidos),DESPACHO_SIN_PUNTO_INSTRUMENTADO,false,0,false,false,false,UNKNOWN,UNKNOWN,,,0,false,false,,,,NONE,DATA_COVERAGE,EVENTOS_INSUFICIENTES,missing_ingreso_frontal,RicPreIngInFr>RicCal04,,incompleto_revision,false,0,RicIngCamFrente|RICARDONE_INGRESO_CAMIONES,2026-10-07T20:10:57.124Z,day,2026-10-04,2026-09-27,33.3,INGRESO|BALANZA_INGRESO|BALANZA_EGRESO|EGRESO,EVENTOS_INSUFICIENTES,false,false,circuito_probable_sin_egreso,2-S1>2-S2,2026-09-27_2026-10-04,final_circuits.csv
d7bf109e-4d84-4d4b-b194-094a0f596cff__cycle_2,DPT309,DPT309,ANOMALIAS,JOURNEY_INCOMPLETO,,RICARDONE,true,false,R6,,RICARDONE,incompleto_revision,Incompleto en revisión,INCOMPLETO,INCOMPLETO,EVENTOS_INSUFICIENTES,,INCOMPLETO,Incompleto,baja,28.6,"Coinciden 2 de 7 puntos esperados. Faltan ingreso, preingreso, calada, balanza ingreso, egreso.",7,2,5,false,sin_ingreso,true,egreso_y_balanza,false,true,CIRCUITO_VOLCABLE_1_2,2,VOLCABLE>BALANZA_EGRESO,R6,R6,Recepción Volcable 2,CIRCUITO_VOLCABLE_1_2,false,67,true,true,true,UNKNOWN,UNKNOWN,,,0,false,false,,,,NONE,DATA_COVERAGE,EVENTOS_INSUFICIENTES,missing_ingreso_frontal+suspicious_duplicate,RicVolcable2>RicB2Egreso,,incompleto_revision,true,0,RicIngCamFrente|RICARDONE_INGRESO_CAMIONES,2026-10-07T20:10:57.124Z,day,2026-10-04,2026-09-27,28.6,INGRESO|PREINGRESO|CALADA|BALANZA_INGRESO|EGRESO,EVENTOS_INSUFICIENTES,false,false,circuito_probable_sin_ingreso+punto_fuerte,2-S9>2-S4,2026-09-27_2026-10-04,final_circuits.csv
a213a11f-8ce5-4029-b85f-3562be5bffcb__cycle_1,RYL693,RYL693,ANOMALIAS,NO_DIFERENCIABLE_SIN_PUNTO_FUERTE,,UNKNOWN,true,false,SIN_PUNTO,,,incompleto_revision,Incompleto en revisión,INCOMPLETO,NO_DIFERENCIABLE,NO_DIFERENCIABLE_SIN_PUNTO_FUERTE,,INCOMPLETO,Incompleto,muy_baja,33.3,"Coinciden 2 de 6 puntos esperados. Faltan ingreso, balanza ingreso, balanza egreso, egreso.",6,2,4,true,preingreso,false,sin_egreso,false,false,DESPACHO_SIN_PUNTO_INSTRUMENTADO,3,PREINGRESO>CALADA>PLAYA,SIN_PUNTO,SIN_PUNTO,Sin punto instrumentado (sólidos),DESPACHO_SIN_PUNTO_INSTRUMENTADO,false,0,false,false,false,UNKNOWN,UNKNOWN,,,0,false,false,,,,NONE,DATA_COVERAGE,SECUENCIA_INCOMPLETA,missing_ingreso_frontal,RicPreIngInFr>RicCal03>RicS6Playa3,,incompleto_revision,false,0,RicIngCamFrente|RICARDONE_INGRESO_CAMIONES,2026-10-07T20:10:57.124Z,day,2026-10-04,2026-09-27,33.3,INGRESO|BALANZA_INGRESO|BALANZA_EGRESO|EGRESO,SECUENCIA_NO_CONCLUYENTE,false,false,circuito_probable_sin_egreso,2-S1>2-S2>2-S6,2026-09-27_2026-10-04,final_circuits.csv
cca21e84-70b8-49cd-9891-6cbf6106a381__cycle_1,RDB282,RDB282,ANOMALIAS,NO_DIFERENCIABLE_SIN_PUNTO_FUERTE,,UNKNOWN,true,false,SIN_PUNTO,,,incompleto_revision,Incompleto en revisión,INCOMPLETO,NO_DIFERENCIABLE,NO_DIFERENCIABLE_SIN_PUNTO_FUERTE,,INCOMPLETO,Incompleto,muy_baja,33.3,"Coinciden 2 de 6 puntos esperados. Faltan ingreso, balanza ingreso, balanza egreso, egreso.",6,2,4,true,preingreso,false,sin_egreso,false,false,DESPACHO_SIN_PUNTO_INSTRUMENTADO,3,PREINGRESO>CALADA>PLAYA,SIN_PUNTO,SIN_PUNTO,Sin punto instrumentado (sólidos),DESPACHO_SIN_PUNTO_INSTRUMENTADO,false,0,false,false,false,UNKNOWN,UNKNOWN,,,0,false,false,,,,NONE,DATA_COVERAGE,SECUENCIA_INCOMPLETA,missing_ingreso_frontal,RicPreIngInFr>RicCal04>RicS6Playa3,,incompleto_revision,false,0,RicIngCamFrente|RICARDONE_INGRESO_CAMIONES,2026-10-07T20:10:57.124Z,day,2026-10-04,2026-09-27,33.3,INGRESO|BALANZA_INGRESO|BALANZA_EGRESO|EGRESO,SECUENCIA_NO_CONCLUYENTE,false,false,circuito_probable_sin_egreso,2-S1>2-S2>2-S6,2026-09-27_2026-10-04,final_circuits.csv
a628ef69-d3a2-48eb-8740-4876d1160a38,AB097CK,AB097CK,ANOMALIAS,NO_DIFERENCIABLE_SIN_PUNTO_FUERTE,,UNKNOWN,true,false,SIN_PUNTO,,SAN_LORENZO,incompleto_revision,Incompleto en revisión,INCOMPLETO,NO_DIFERENCIABLE,NO_DIFERENCIABLE_SIN_PUNTO_FUERTE,,INCOMPLETO,Incompleto,baja,33.3,"Coinciden 2 de 6 puntos esperados. Faltan ingreso, balanza ingreso, balanza egreso, egreso.",6,2,4,true,preingreso,false,sin_egreso,false,false,DESPACHO_SIN_PUNTO_INSTRUMENTADO,4,PREINGRESO>CALADA>SL_BALANZA_INGRESO>SL_EGRESO,SIN_PUNTO,SIN_PUNTO,Sin punto instrumentado (sólidos),DESPACHO_SIN_PUNTO_INSTRUMENTADO,false,0,true,false,false,UNKNOWN,UNKNOWN,,,0,false,false,,,,NONE,DATA_COVERAGE,SECUENCIA_INCOMPLETA,missing_ingreso_frontal,RicPreIngInFr>RicCal03>SLZBalIngFte>SLZSalidaC1Fte,,incompleto_revision,true,0,RicIngCamFrente|RICARDONE_INGRESO_CAMIONES,2026-10-07T20:10:57.124Z,day,2026-10-04,2026-09-27,33.3,INGRESO|BALANZA_INGRESO|BALANZA_EGRESO|EGRESO,SECUENCIA_NO_CONCLUYENTE,false,false,circuito_probable_sin_egreso+punto_fuerte,2-S1>2-S2>1-S1>1-S7,2026-09-27_2026-10-04,final_circuits.csv
9e0f48bf-ac4b-458e-af12-5f275ae0bb07__cycle_2,GMW577,GMW577,ANOMALIAS,JOURNEY_INCOMPLETO,,RICARDONE,true,false,R6,,RICARDONE,incompleto_revision,Incompleto en revisión,INCOMPLETO,INCOMPLETO,EVENTOS_INSUFICIENTES,,INCOMPLETO,Incompleto,baja,28.6,"Coinciden 2 de 7 puntos esperados. Faltan ingreso, preingreso, calada, balanza ingreso, egreso.",7,2,5,false,sin_ingreso,true,egreso_y_balanza,false,true,CIRCUITO_VOLCABLE_1_2,2,VOLCABLE>BALANZA_EGRESO,R6,R6,Recepción Volcable 2,CIRCUITO_VOLCABLE_1_2,false,67,true,true,true,UNKNOWN,UNKNOWN,,,0,false,false,,,,NONE,DATA_COVERAGE,EVENTOS_INSUFICIENTES,missing_ingreso_frontal+suspicious_duplicate,RicVolcable2>RicB2Egreso,,incompleto_revision,true,0,RicIngCamFrente|RICARDONE_INGRESO_CAMIONES,2026-10-07T20:10:57.124Z,day,2026-10-04,2026-09-27,28.6,INGRESO|PREINGRESO|CALADA|BALANZA_INGRESO|EGRESO,EVENTOS_INSUFICIENTES,false,false,circuito_probable_sin_ingreso+punto_fuerte,2-S9>2-S4,2026-09-27_2026-10-04,final_circuits.csv
6e81dc0e-23e1-4442-8c9e-8fe62e17f728,AC071AA,AC071AA,ANOMALIAS,NO_DIFERENCIABLE_SIN_PUNTO_FUERTE,,UNKNOWN,true,false,SIN_PUNTO,,SAN_LORENZO,incompleto_revision,Incompleto en revisión,INCOMPLETO,NO_DIFERENCIABLE,NO_DIFERENCIABLE_SIN_PUNTO_FUERTE,,INCOMPLETO,Incompleto,baja,33.3,"Coinciden 2 de 6 puntos esperados. Faltan ingreso, balanza ingreso, balanza egreso, egreso.",6,2,4,true,preingreso,false,sin_egreso,false,false,DESPACHO_SIN_PUNTO_INSTRUMENTADO,5,PREINGRESO>CALADA>SL_BALANZA_INGRESO>SL_VOLCABLE>SL_EGRESO,SIN_PUNTO,SIN_PUNTO,Sin punto instrumentado (sólidos),DESPACHO_SIN_PUNTO_INSTRUMENTADO,false,0,true,false,false,UNKNOWN,UNKNOWN,,,0,false,false,,,,NONE,DATA_COVERAGE,SECUENCIA_INCOMPLETA,missing_ingreso_frontal,RicPreIngInFr>RicCal03>SLZBalIngFte>SLZVolcableC5>SLZSalidaC1Fte,,incompleto_revision,true,0,RicIngCamFrente|RICARDONE_INGRESO_CAMIONES,2026-10-07T20:10:57.124Z,day,2026-10-04,2026-09-27,33.3,INGRESO|BALANZA_INGRESO|BALANZA_EGRESO|EGRESO,SECUENCIA_NO_CONCLUYENTE,false,false,circuito_probable_sin_egreso+punto_fuerte,2-S1>2-S2>1-S1>1-S4>1-S7,2026-09-27_2026-10-04,final_circuits.csv
0b118e21-a81b-4475-9329-5d51e1a5e370,IZW257,IZW257,ANOMALIAS,NO_DIFERENCIABLE_SIN_PUNTO_FUERTE,,UNKNOWN,true,false,SIN_PUNTO,,SAN_LORENZO,incompleto_revision,Incompleto en revisión,INCOMPLETO,NO_DIFERENCIABLE,NO_DIFERENCIABLE_SIN_PUNTO_FUERTE,,INCOMPLETO,Incompleto,baja,33.3,"Coinciden 2 de 6 puntos esperados. Faltan ingreso, balanza ingreso, balanza egreso, egreso.",6,2,4,true,preingreso,false,sin_egreso,false,false,DESPACHO_SIN_PUNTO_INSTRUMENTADO,3,PREINGRESO>CALADA>SL_EGRESO,SIN_PUNTO,SIN_PUNTO,Sin punto instrumentado (sólidos),DESPACHO_SIN_PUNTO_INSTRUMENTADO,false,0,true,false,false,UNKNOWN,UNKNOWN,,,0,false,false,,,,NONE,DATA_COVERAGE,SECUENCIA_INCOMPLETA,missing_ingreso_frontal,RicPreIngInFr>RicCal03>SLZSalidaC1Fte,,incompleto_revision,true,0,RicIngCamFrente|RICARDONE_INGRESO_CAMIONES,2026-10-07T20:10:57.124Z,day,2026-10-04,2026-09-27,33.3,INGRESO|BALANZA_INGRESO|BALANZA_EGRESO|EGRESO,SECUENCIA_NO_CONCLUYENTE,false,false,circuito_probable_sin_egreso+punto_fuerte,2-S1>2-S2>1-S7,2026-09-27_2026-10-04,final_circuits.csv
bccd42fb-66e5-4ac0-b0c6-3e6ecf223043,NMV429,NMV429,ANOMALIAS,NO_DIFERENCIABLE_SIN_PUNTO_FUERTE,,UNKNOWN,true,false,SIN_PUNTO,,,incompleto_revision,Incompleto en revisión,INCOMPLETO,NO_DIFERENCIABLE,NO_DIFERENCIABLE_SIN_PUNTO_FUERTE,,INCOMPLETO,Incompleto,muy_baja,33.3,"Coinciden 2 de 6 puntos esperados. Faltan ingreso, preingreso, balanza ingreso, balanza egreso.",6,2,4,false,sin_ingreso,true,egreso,false,true,DESPACHO_SIN_PUNTO_INSTRUMENTADO,2,CALADA>EGRESO,SIN_PUNTO,SIN_PUNTO,Sin punto instrumentado (sólidos),DESPACHO_SIN_PUNTO_INSTRUMENTADO,false,0,false,false,false,UNKNOWN,UNKNOWN,,,0,false,false,,,,NONE,DATA_COVERAGE,EVENTOS_INSUFICIENTES,missing_ingreso_frontal+suspicious_duplicate,RicCal04>RicEgrCamFrente,,incompleto_revision,false,0,RicIngCamFrente|RICARDONE_INGRESO_CAMIONES,2026-10-07T20:10:57.124Z,day,2026-10-04,2026-09-27,33.3,INGRESO|PREINGRESO|BALANZA_INGRESO|BALANZA_EGRESO,EVENTOS_INSUFICIENTES,false,false,circuito_probable_sin_ingreso,2-S2>2-S3,2026-09-27_2026-10-04,final_circuits.csv
08fddae8-7187-4c9e-98f7-1873cfc90366,FIK405,FIK405,ANOMALIAS,NO_DIFERENCIABLE_SIN_PUNTO_FUERTE,,UNKNOWN,true,false,SIN_PUNTO,,,incompleto_revision,Incompleto en revisión,INCOMPLETO,NO_DIFERENCIABLE,NO_DIFERENCIABLE_SIN_PUNTO_FUERTE,,INCOMPLETO,Incompleto,muy_baja,33.3,"Coinciden 2 de 6 puntos esperados. Faltan ingreso, preingreso, balanza ingreso, balanza egreso.",6,2,4,false,sin_ingreso,true,egreso,false,true,DESPACHO_SIN_PUNTO_INSTRUMENTADO,2,CALADA>EGRESO,SIN_PUNTO,SIN_PUNTO,Sin punto instrumentado (sólidos),DESPACHO_SIN_PUNTO_INSTRUMENTADO,false,0,false,false,false,UNKNOWN,UNKNOWN,,,0,false,false,,,,NONE,DATA_COVERAGE,EVENTOS_INSUFICIENTES,missing_ingreso_frontal+suspicious_duplicate,RicCal03>RicEgrCamFrente,,incompleto_revision,false,0,RicIngCamFrente|RICARDONE_INGRESO_CAMIONES,2026-10-07T20:10:57.124Z,day,2026-10-04,2026-09-27,33.3,INGRESO|PREINGRESO|BALANZA_INGRESO|BALANZA_EGRESO,EVENTOS_INSUFICIENTES,false,false,circuito_probable_sin_ingreso,2-S2>2-S3,2026-09-27_2026-10-04,final_circuits.csv
9ebe7819-0768-45e8-98c8-4c6b2d8591c7,AF16910,AF16910,ANOMALIAS,NO_DIFERENCIABLE_SIN_PUNTO_FUERTE,,UNKNOWN,true,false,SIN_PUNTO,,,incompleto_revision,Incompleto en revisión,INCOMPLETO,NO_DIFERENCIABLE,NO_DIFERENCIABLE_SIN_PUNTO_FUERTE,,INCOMPLETO,Incompleto,muy_baja,33.3,"Coinciden 2 de 6 puntos esperados. Faltan ingreso, preingreso, balanza ingreso, balanza egreso.",6,2,4,false,sin_ingreso,true,egreso,false,true,DESPACHO_SIN_PUNTO_INSTRUMENTADO,2,CALADA>EGRESO,SIN_PUNTO,SIN_PUNTO,Sin punto instrumentado (sólidos),DESPACHO_SIN_PUNTO_INSTRUMENTADO,false,0,false,false,false,UNKNOWN,UNKNOWN,,,0,false,false,,,,NONE,DATA_COVERAGE,EVENTOS_INSUFICIENTES,missing_ingreso_frontal+suspicious_duplicate,RicCal04>RicEgrCamFrente,,incompleto_revision,false,0,RicIngCamFrente|RICARDONE_INGRESO_CAMIONES,2026-10-07T20:10:57.124Z,day,2026-10-04,2026-09-27,33.3,INGRESO|PREINGRESO|BALANZA_INGRESO|BALANZA_EGRESO,EVENTOS_INSUFICIENTES,false,false,circuito_probable_sin_ingreso,2-S2>2-S3,2026-09-27_2026-10-04,final_circuits.csv
1bd5e40a-b0c7-4d43-bffc-1472f7b66a66,KVM850,KVM850,ANOMALIAS,NO_DIFERENCIABLE_SIN_PUNTO_FUERTE,,UNKNOWN,true,false,SIN_PUNTO,,,incompleto_revision,Incompleto en revisión,INCOMPLETO,NO_DIFERENCIABLE,NO_DIFERENCIABLE_SIN_PUNTO_FUERTE,,INCOMPLETO,Incompleto,muy_baja,33.3,"Coinciden 2 de 6 puntos esperados. Faltan ingreso, preingreso, balanza ingreso, balanza egreso.",6,2,4,false,sin_ingreso,true,egreso,false,true,DESPACHO_SIN_PUNTO_INSTRUMENTADO,2,CALADA>EGRESO,SIN_PUNTO,SIN_PUNTO,Sin punto instrumentado (sólidos),DESPACHO_SIN_PUNTO_INSTRUMENTADO,false,0,false,false,false,UNKNOWN,UNKNOWN,,,0,false,false,,,,NONE,DATA_COVERAGE,EVENTOS_INSUFICIENTES,missing_ingreso_frontal+suspicious_duplicate,RicCal04>RicEgrCamFrente,,incompleto_revision,false,0,RicIngCamFrente|RICARDONE_INGRESO_CAMIONES,2026-10-07T20:10:57.124Z,day,2026-10-04,2026-09-27,33.3,INGRESO|PREINGRESO|BALANZA_INGRESO|BALANZA_EGRESO,EVENTOS_INSUFICIENTES,false,false,circuito_probable_sin_ingreso,2-S2>2-S3,2026-09-27_2026-10-04,final_circuits.csv
74c8460d-88a7-4481-821b-d726f1824510,CUC202,CUC202,ANOMALIAS,JOURNEY_INCOMPLETO,,RICARDONE,true,false,R4,,RICARDONE,incompleto_revision,Incompleto en revisión,INCOMPLETO,INCOMPLETO,SECUENCIA_NO_CONCLUYENTE,,INCOMPLETO,Incompleto,baja,50,"Coinciden 3 de 6 puntos esperados. Faltan ingreso, balanza ingreso, egreso.",6,3,3,true,preingreso,true,egreso_y_balanza,false,true,DESPACHO_SIN_PUNTO_INSTRUMENTADO,5,PREINGRESO>CALADA>PLAYA>DESCARGA_S7>BALANZA_EGRESO,R4,R4,Recepción Silos Kepler 2,DESPACHO_SIN_PUNTO_INSTRUMENTADO,false,67,true,true,true,UNKNOWN,UNKNOWN,,,0,false,false,,,,NONE,DATA_COVERAGE,SECUENCIA_INCOMPLETA,missing_ingreso_frontal+suspicious_duplicate,RicPreIngInFr>RicCal04>RicS6Playa3>RicS7DescLinea2>RicB2Egreso,,incompleto_revision,false,0,RicIngCamFrente|RICARDONE_INGRESO_CAMIONES,2026-10-07T20:10:57.124Z,day,2026-10-04,2026-09-27,50,INGRESO|BALANZA_INGRESO|EGRESO,SECUENCIA_NO_CONCLUYENTE,false,false,circuito_probable_sin_egreso,2-S1>2-S2>2-S6>2-S7>2-S4,2026-09-27_2026-10-04,final_circuits.csv
37f0aa06-b4d4-4b5a-a7ae-705164dedff9,ICC174,ICC174,ANOMALIAS,FRAGMENTO_SIN_CIERRE_OPERATIVO,,UNKNOWN,true,false,SIN_PUNTO,,,incompleto_revision,Incompleto en revisión,INCOMPLETO,INCOMPLETO,FRAGMENTO_SIN_CIERRE_OPERATIVO,,INCOMPLETO,Incompleto,muy_baja,33.3,"Coinciden 2 de 6 puntos esperados. Faltan ingreso, balanza ingreso, balanza egreso, egreso.",6,2,4,true,preingreso,false,sin_egreso,false,false,DESPACHO_SIN_PUNTO_INSTRUMENTADO,2,PREINGRESO>CALADA,SIN_PUNTO,SIN_PUNTO,Sin punto instrumentado (sólidos),DESPACHO_SIN_PUNTO_INSTRUMENTADO,false,0,false,false,false,UNKNOWN,UNKNOWN,,,0,false,false,,,,NONE,DATA_COVERAGE,EVENTOS_INSUFICIENTES,missing_ingreso_frontal,RicPreIngInFr>RicCal03,,incompleto_revision,false,0,RicIngCamFrente|RICARDONE_INGRESO_CAMIONES,2026-10-07T20:10:57.124Z,day,2026-10-04,2026-09-27,33.3,INGRESO|BALANZA_INGRESO|BALANZA_EGRESO|EGRESO,EVENTOS_INSUFICIENTES,false,false,circuito_probable_sin_egreso,2-S1>2-S2,2026-09-27_2026-10-04,final_circuits.csv
bba5031a-5e8b-40e2-8b82-c7b3cf086978,CVO733,CVO733,ANOMALIAS,FRAGMENTO_SIN_CIERRE_OPERATIVO,,UNKNOWN,true,false,SIN_PUNTO,,,incompleto_revision,Incompleto en revisión,INCOMPLETO,INCOMPLETO,FRAGMENTO_SIN_CIERRE_OPERATIVO,,INCOMPLETO,Incompleto,muy_baja,33.3,"Coinciden 2 de 6 puntos esperados. Faltan ingreso, balanza ingreso, balanza egreso, egreso.",6,2,4,true,preingreso,false,sin_egreso,false,false,DESPACHO_SIN_PUNTO_INSTRUMENTADO,2,PREINGRESO>CALADA,SIN_PUNTO,SIN_PUNTO,Sin punto instrumentado (sólidos),DESPACHO_SIN_PUNTO_INSTRUMENTADO,false,0,false,false,false,UNKNOWN,UNKNOWN,,,0,false,false,,,,NONE,DATA_COVERAGE,EVENTOS_INSUFICIENTES,missing_ingreso_frontal,RicPreIngInFr>RicCal04,,incompleto_revision,false,0,RicIngCamFrente|RICARDONE_INGRESO_CAMIONES,2026-10-07T20:10:57.124Z,day,2026-10-04,2026-09-27,33.3,INGRESO|BALANZA_INGRESO|BALANZA_EGRESO|EGRESO,EVENTOS_INSUFICIENTES,false,false,circuito_probable_sin_egreso,2-S1>2-S2,2026-09-27_2026-10-04,final_circuits.csv
93db01a1-afb3-445c-abb2-086da2fc47f4__cycle_1,AF868VQ,AF868VQ,ANOMALIAS,NO_DIFERENCIABLE_SIN_PUNTO_FUERTE,,UNKNOWN,true,false,SIN_PUNTO,,,incompleto_revision,Incompleto en revisión,INCOMPLETO,NO_DIFERENCIABLE,NO_DIFERENCIABLE_SIN_PUNTO_FUERTE,,INCOMPLETO,Incompleto,muy_baja,33.3,"Coinciden 2 de 6 puntos esperados. Faltan ingreso, balanza ingreso, balanza egreso, egreso.",6,2,4,true,preingreso,false,sin_egreso,false,false,DESPACHO_SIN_PUNTO_INSTRUMENTADO,3,PREINGRESO>CALADA>PLAYA,SIN_PUNTO,SIN_PUNTO,Sin punto instrumentado (sólidos),DESPACHO_SIN_PUNTO_INSTRUMENTADO,false,0,false,false,false,UNKNOWN,UNKNOWN,,,0,false,false,,,,NONE,DATA_COVERAGE,SECUENCIA_INCOMPLETA,missing_ingreso_frontal,RicPreIngInFr>RicCal04>RicS6Playa3,,incompleto_revision,false,0,RicIngCamFrente|RICARDONE_INGRESO_CAMIONES,2026-10-07T20:10:57.124Z,day,2026-10-04,2026-09-27,33.3,INGRESO|BALANZA_INGRESO|BALANZA_EGRESO|EGRESO,SECUENCIA_NO_CONCLUYENTE,false,false,circuito_probable_sin_egreso,2-S1>2-S2>2-S6,2026-09-27_2026-10-04,final_circuits.csv
1dec0603-1cc1-4130-a86c-d9b954e9d124,OUZ876,OUZ876,ANOMALIAS,NO_DIFERENCIABLE_SIN_PUNTO_FUERTE,,UNKNOWN,true,false,SIN_PUNTO,,SAN_LORENZO,incompleto_revision,Incompleto en revisión,INCOMPLETO,NO_DIFERENCIABLE,NO_DIFERENCIABLE_SIN_PUNTO_FUERTE,,INCOMPLETO,Incompleto,baja,33.3,"Coinciden 2 de 6 puntos esperados. Faltan ingreso, balanza ingreso, balanza egreso, egreso.",6,2,4,true,preingreso,false,sin_egreso,false,false,DESPACHO_SIN_PUNTO_INSTRUMENTADO,3,PREINGRESO>CALADA>SL_EGRESO,SIN_PUNTO,SIN_PUNTO,Sin punto instrumentado (sólidos),DESPACHO_SIN_PUNTO_INSTRUMENTADO,false,0,true,false,false,UNKNOWN,UNKNOWN,,,0,false,false,,,,NONE,DATA_COVERAGE,SECUENCIA_INCOMPLETA,missing_ingreso_frontal,RicPreIngInFr>RicCal03>SLZSalidaC1Fte,,incompleto_revision,true,0,RicIngCamFrente|RICARDONE_INGRESO_CAMIONES,2026-10-07T20:10:57.124Z,day,2026-10-04,2026-09-27,33.3,INGRESO|BALANZA_INGRESO|BALANZA_EGRESO|EGRESO,SECUENCIA_NO_CONCLUYENTE,false,false,circuito_probable_sin_egreso+punto_fuerte,2-S1>2-S2>1-S7,2026-09-27_2026-10-04,final_circuits.csv
0821ad78-3683-4de1-95ad-d5b4bc7f734d__cycle_1,GVJ645,GVJ645,ANOMALIAS,JOURNEY_INCOMPLETO,,RICARDONE,true,false,R8,,LIQUIDO,incompleto_revision,Incompleto en revisión,INCOMPLETO,INCOMPLETO,SECUENCIA_NO_CONCLUYENTE,,INCOMPLETO,Incompleto,media,50,"Coinciden 3 de 6 puntos esperados. Faltan ingreso, balanza ingreso, balanza egreso.",6,3,3,true,preingreso,false,sin_egreso,false,false,CIRCUITO_LIQUIDO,3,PREINGRESO>LIQUIDO>SL_INGRESO,R8,R8,Recepción Mercadería Líquida,CIRCUITO_LIQUIDO,false,63,true,true,true,UNKNOWN,UNKNOWN,,,0,false,false,,,,NONE,DATA_COVERAGE,SECUENCIA_INCOMPLETA,missing_ingreso_frontal+suspicious_duplicate,RicPreIngInFr>RicCalLiq>SLZIngCamFrente,,incompleto_revision,true,0,RicIngCamFrente|RICARDONE_INGRESO_CAMIONES,2026-10-07T20:10:57.124Z,day,2026-10-04,2026-09-27,33.3,INGRESO|BALANZA_INGRESO|BALANZA_EGRESO|EGRESO,SECUENCIA_NO_CONCLUYENTE,false,false,circuito_probable_sin_egreso+punto_fuerte,2-S1>2-S2>1-S0,2026-09-27_2026-10-04,final_circuits.csv
79770d71-6612-49c6-ab96-fb47c37f2dba__cycle_1,FAZ585,FAZ585,ANOMALIAS,FRAGMENTO_SIN_CIERRE_OPERATIVO,,RICARDONE,true,false,R8,,LIQUIDO,incompleto_revision,Incompleto en revisión,INCOMPLETO,INCOMPLETO,FRAGMENTO_SIN_CIERRE_OPERATIVO,,INCOMPLETO,Incompleto,media,50,"Coinciden 3 de 6 puntos esperados. Faltan ingreso, balanza ingreso, balanza egreso.",6,3,3,true,preingreso,false,sin_egreso,false,false,CIRCUITO_LIQUIDO,2,PREINGRESO>LIQUIDO,R8,R8,Recepción Mercadería Líquida,CIRCUITO_LIQUIDO,false,63,true,true,true,UNKNOWN,UNKNOWN,,,0,false,false,,,,NONE,DATA_COVERAGE,EVENTOS_INSUFICIENTES,missing_ingreso_frontal+suspicious_duplicate,RicPreIngInFr>RicCalLiq,,incompleto_revision,true,0,RicIngCamFrente|RICARDONE_INGRESO_CAMIONES,2026-10-07T20:10:57.124Z,day,2026-10-04,2026-09-27,33.3,INGRESO|BALANZA_INGRESO|BALANZA_EGRESO|EGRESO,EVENTOS_INSUFICIENTES,false,false,circuito_probable_sin_egreso+punto_fuerte,2-S1>2-S2,2026-09-27_2026-10-04,final_circuits.csv
d9dd2688-de33-401a-a16b-a3bfcd250253__cycle_2,UVX713,UVX713,ANOMALIAS,JOURNEY_INCOMPLETO,,RICARDONE,true,false,R6,,RICARDONE,incompleto_revision,Incompleto en revisión,INCOMPLETO,INCOMPLETO,EVENTOS_INSUFICIENTES,,INCOMPLETO,Incompleto,baja,28.6,"Coinciden 2 de 7 puntos esperados. Faltan ingreso, preingreso, calada, balanza ingreso, egreso.",7,2,5,false,sin_ingreso,true,egreso_y_balanza,false,true,CIRCUITO_VOLCABLE_1_2,2,VOLCABLE>BALANZA_EGRESO,R6,R6,Recepción Volcable 2,CIRCUITO_VOLCABLE_1_2,false,67,true,true,true,UNKNOWN,UNKNOWN,,,0,false,false,,,,NONE,DATA_COVERAGE,EVENTOS_INSUFICIENTES,missing_ingreso_frontal,RicVolcable2>RicB2Egreso,,incompleto_revision,true,0,RicIngCamFrente|RICARDONE_INGRESO_CAMIONES,2026-10-07T20:10:57.124Z,day,2026-10-04,2026-09-27,28.6,INGRESO|PREINGRESO|CALADA|BALANZA_INGRESO|EGRESO,EVENTOS_INSUFICIENTES,false,false,circuito_probable_sin_ingreso+punto_fuerte,2-S9>2-S4,2026-09-27_2026-10-04,final_circuits.csv
0b5ff1f5-52bd-4081-9075-0cddbf00c74b,AB028DO,AB028DO,ANOMALIAS,NO_DIFERENCIABLE_SIN_PUNTO_FUERTE,,UNKNOWN,true,false,SIN_PUNTO,,,incompleto_revision,Incompleto en revisión,INCOMPLETO,NO_DIFERENCIABLE,NO_DIFERENCIABLE_SIN_PUNTO_FUERTE,,INCOMPLETO,Incompleto,muy_baja,33.3,"Coinciden 2 de 6 puntos esperados. Faltan ingreso, preingreso, balanza ingreso, balanza egreso.",6,2,4,false,sin_ingreso,true,egreso,false,true,DESPACHO_SIN_PUNTO_INSTRUMENTADO,2,CALADA>EGRESO,SIN_PUNTO,SIN_PUNTO,Sin punto instrumentado (sólidos),DESPACHO_SIN_PUNTO_INSTRUMENTADO,false,0,false,false,false,UNKNOWN,UNKNOWN,,,0,false,false,,,,NONE,DATA_COVERAGE,EVENTOS_INSUFICIENTES,missing_ingreso_frontal+suspicious_duplicate,RicCal04>RicEgrCamFrente,,incompleto_revision,false,0,RicIngCamFrente|RICARDONE_INGRESO_CAMIONES,2026-10-07T20:10:57.124Z,day,2026-10-04,2026-09-27,33.3,INGRESO|PREINGRESO|BALANZA_INGRESO|BALANZA_EGRESO,EVENTOS_INSUFICIENTES,false,false,circuito_probable_sin_ingreso,2-S2>2-S3,2026-09-27_2026-10-04,final_circuits.csv
3f5b80e8-2107-40e1-be08-92b273ce5f0d__cycle_4,CMU578,CMU578,ANOMALIAS,JOURNEY_INCOMPLETO,,RICARDONE,true,false,R6,,RICARDONE,incompleto_revision,Incompleto en revisión,INCOMPLETO,INCOMPLETO,EVENTOS_INSUFICIENTES,,INCOMPLETO,Incompleto,baja,28.6,"Coinciden 2 de 7 puntos esperados. Faltan ingreso, preingreso, calada, balanza ingreso, egreso.",7,2,5,false,sin_ingreso,true,egreso_y_balanza,false,true,CIRCUITO_VOLCABLE_1_2,2,VOLCABLE>BALANZA_EGRESO,R6,R6,Recepción Volcable 2,CIRCUITO_VOLCABLE_1_2,false,67,true,true,true,UNKNOWN,UNKNOWN,,,0,false,false,,,,NONE,DATA_COVERAGE,EVENTOS_INSUFICIENTES,missing_ingreso_frontal,RicVolcable2>RicB2Egreso,,incompleto_revision,true,0,RicIngCamFrente|RICARDONE_INGRESO_CAMIONES,2026-10-07T20:10:57.124Z,day,2026-10-04,2026-09-27,28.6,INGRESO|PREINGRESO|CALADA|BALANZA_INGRESO|EGRESO,EVENTOS_INSUFICIENTES,false,false,circuito_probable_sin_ingreso+punto_fuerte,2-S9>2-S4,2026-09-27_2026-10-04,final_circuits.csv
5c11d7bf-68cf-41a7-a269-931fe05994d7__cycle_4,GGY416,GGY416,ANOMALIAS,JOURNEY_INCOMPLETO,,RICARDONE,true,false,R6,,RICARDONE,incompleto_revision,Incompleto en revisión,INCOMPLETO,INCOMPLETO,EVENTOS_INSUFICIENTES,,INCOMPLETO,Incompleto,baja,28.6,"Coinciden 2 de 7 puntos esperados. Faltan ingreso, preingreso, calada, balanza ingreso, egreso.",7,2,5,false,sin_ingreso,true,egreso_y_balanza,false,true,CIRCUITO_VOLCABLE_1_2,2,VOLCABLE>BALANZA_EGRESO,R6,R6,Recepción Volcable 2,CIRCUITO_VOLCABLE_1_2,false,67,true,true,true,UNKNOWN,UNKNOWN,,,0,false,false,,,,NONE,DATA_COVERAGE,EVENTOS_INSUFICIENTES,missing_ingreso_frontal,RicVolcable2>RicB2Egreso,,incompleto_revision,true,0,RicIngCamFrente|RICARDONE_INGRESO_CAMIONES,2026-10-07T20:10:57.124Z,day,2026-10-04,2026-09-27,28.6,INGRESO|PREINGRESO|CALADA|BALANZA_INGRESO|EGRESO,EVENTOS_INSUFICIENTES,false,false,circuito_probable_sin_ingreso+punto_fuerte,2-S9>2-S4,2026-09-27_2026-10-04,final_circuits.csv
84924fbf-eabd-4ed3-b1f2-d5ceec2505be,HPX728,HPX728,ANOMALIAS,NO_DIFERENCIABLE_SIN_PUNTO_FUERTE,,UNKNOWN,true,false,SIN_PUNTO,,SAN_LORENZO,incompleto_revision,Incompleto en revisión,INCOMPLETO,NO_DIFERENCIABLE,NO_DIFERENCIABLE_SIN_PUNTO_FUERTE,,INCOMPLETO,Incompleto,baja,33.3,"Coinciden 2 de 6 puntos esperados. Faltan ingreso, balanza ingreso, balanza egreso, egreso.",6,2,4,true,preingreso,false,sin_egreso,false,false,DESPACHO_SIN_PUNTO_INSTRUMENTADO,5,PREINGRESO>CALADA>SL_BALANZA_INGRESO>SL_VOLCABLE>SL_EGRESO,SIN_PUNTO,SIN_PUNTO,Sin punto instrumentado (sólidos),DESPACHO_SIN_PUNTO_INSTRUMENTADO,false,0,true,false,false,UNKNOWN,UNKNOWN,,,0,false,false,,,,NONE,DATA_COVERAGE,SECUENCIA_INCOMPLETA,missing_ingreso_frontal,RicPreIngInFr>RicCal03>SLZBalIngFte>SLZVolcableC5>SLZSalidaC1Fte,,incompleto_revision,true,0,RicIngCamFrente|RICARDONE_INGRESO_CAMIONES,2026-10-07T20:10:57.124Z,day,2026-10-04,2026-09-27,33.3,INGRESO|BALANZA_INGRESO|BALANZA_EGRESO|EGRESO,SECUENCIA_NO_CONCLUYENTE,false,false,circuito_probable_sin_egreso+punto_fuerte,2-S1>2-S2>1-S1>1-S4>1-S7,2026-09-27_2026-10-04,final_circuits.csv
9add578b-d5c1-4739-b850-b92f8dfde0c1__cycle_4,BLL295,BLL295,ANOMALIAS,JOURNEY_INCOMPLETO,,RICARDONE,true,false,R6,,RICARDONE,incompleto_revision,Incompleto en revisión,INCOMPLETO,INCOMPLETO,EVENTOS_INSUFICIENTES,,INCOMPLETO,Incompleto,baja,28.6,"Coinciden 2 de 7 puntos esperados. Faltan ingreso, preingreso, calada, balanza ingreso, egreso.",7,2,5,false,sin_ingreso,true,egreso_y_balanza,false,true,CIRCUITO_VOLCABLE_1_2,2,VOLCABLE>BALANZA_EGRESO,R6,R6,Recepción Volcable 2,CIRCUITO_VOLCABLE_1_2,false,67,true,true,true,UNKNOWN,UNKNOWN,,,0,false,false,,,,NONE,DATA_COVERAGE,EVENTOS_INSUFICIENTES,missing_ingreso_frontal,RicVolcable2>RicB2Egreso,,incompleto_revision,true,0,RicIngCamFrente|RICARDONE_INGRESO_CAMIONES,2026-10-07T20:10:57.124Z,day,2026-10-04,2026-09-27,28.6,INGRESO|PREINGRESO|CALADA|BALANZA_INGRESO|EGRESO,EVENTOS_INSUFICIENTES,false,false,circuito_probable_sin_ingreso+punto_fuerte,2-S9>2-S4,2026-09-27_2026-10-04,final_circuits.csv
a213a11f-8ce5-4029-b85f-3562be5bffcb__cycle_2,RYL693,RYL693,ANOMALIAS,JOURNEY_INCOMPLETO,,RICARDONE,true,false,R6,,RICARDONE,incompleto_revision,Incompleto en revisión,INCOMPLETO,INCOMPLETO,EVENTOS_INSUFICIENTES,,INCOMPLETO,Incompleto,baja,28.6,"Coinciden 2 de 7 puntos esperados. Faltan ingreso, preingreso, calada, balanza ingreso, egreso.",7,2,5,false,sin_ingreso,true,egreso_y_balanza,false,true,CIRCUITO_VOLCABLE_1_2,2,VOLCABLE>BALANZA_EGRESO,R6,R6,Recepción Volcable 2,CIRCUITO_VOLCABLE_1_2,false,67,true,true,true,UNKNOWN,UNKNOWN,,,0,false,false,,,,NONE,DATA_COVERAGE,EVENTOS_INSUFICIENTES,missing_ingreso_frontal,RicVolcable2>RicB2Egreso,,incompleto_revision,true,0,RicIngCamFrente|RICARDONE_INGRESO_CAMIONES,2026-10-07T20:10:57.124Z,day,2026-10-04,2026-09-27,28.6,INGRESO|PREINGRESO|CALADA|BALANZA_INGRESO|EGRESO,EVENTOS_INSUFICIENTES,false,false,circuito_probable_sin_ingreso+punto_fuerte,2-S9>2-S4,2026-09-27_2026-10-04,final_circuits.csv
26ac0950-3127-4803-bc6c-61f00e3483ae,OQD722,OQD722,ANOMALIAS,NO_DIFERENCIABLE_SIN_PUNTO_FUERTE,,UNKNOWN,true,false,SIN_PUNTO,,SAN_LORENZO,incompleto_revision,Incompleto en revisión,INCOMPLETO,NO_DIFERENCIABLE,NO_DIFERENCIABLE_SIN_PUNTO_FUERTE,,INCOMPLETO,Incompleto,baja,33.3,"Coinciden 2 de 6 puntos esperados. Faltan ingreso, balanza ingreso, balanza egreso, egreso.",6,2,4,true,preingreso,false,sin_egreso,false,false,DESPACHO_SIN_PUNTO_INSTRUMENTADO,5,PREINGRESO>CALADA>SL_BALANZA_INGRESO>SL_VOLCABLE>SL_EGRESO,SIN_PUNTO,SIN_PUNTO,Sin punto instrumentado (sólidos),DESPACHO_SIN_PUNTO_INSTRUMENTADO,false,0,true,false,false,UNKNOWN,UNKNOWN,,,0,false,false,,,,NONE,DATA_COVERAGE,SECUENCIA_INCOMPLETA,missing_ingreso_frontal,RicPreIngInFr>RicCal04>SLZBalIngFte>SLZVolcableC5>SLZSalidaC1Fte,,incompleto_revision,true,0,RicIngCamFrente|RICARDONE_INGRESO_CAMIONES,2026-10-07T20:10:57.124Z,day,2026-10-04,2026-09-27,33.3,INGRESO|BALANZA_INGRESO|BALANZA_EGRESO|EGRESO,SECUENCIA_NO_CONCLUYENTE,false,false,circuito_probable_sin_egreso+punto_fuerte,2-S1>2-S2>1-S1>1-S4>1-S7,2026-09-27_2026-10-04,final_circuits.csv
428e60be-7182-4653-8540-ec8a11166535__cycle_1,UXG866,UXG866,ANOMALIAS,JOURNEY_INCOMPLETO,,RICARDONE,true,false,R4,,RICARDONE,incompleto_revision,Incompleto en revisión,INCOMPLETO,INCOMPLETO,SECUENCIA_NO_CONCLUYENTE,,INCOMPLETO,Incompleto,baja,50,"Coinciden 3 de 6 puntos esperados. Faltan ingreso, balanza ingreso, egreso.",6,3,3,true,preingreso,true,egreso_y_balanza,false,true,DESPACHO_SIN_PUNTO_INSTRUMENTADO,5,PREINGRESO>CALADA>PLAYA>DESCARGA_S7>BALANZA_EGRESO,R4,R4,Recepción Silos Kepler 2,DESPACHO_SIN_PUNTO_INSTRUMENTADO,false,67,true,true,true,UNKNOWN,UNKNOWN,,,0,false,false,,,,NONE,DATA_COVERAGE,SECUENCIA_INCOMPLETA,missing_ingreso_frontal+suspicious_duplicate,RicPreIngInFr>RicCal03>RicS6Playa3>RicS7DescLinea2>RicB2Egreso,,incompleto_revision,false,0,RicIngCamFrente|RICARDONE_INGRESO_CAMIONES,2026-10-07T20:10:57.124Z,day,2026-10-04,2026-09-27,50,INGRESO|BALANZA_INGRESO|EGRESO,SECUENCIA_NO_CONCLUYENTE,false,false,circuito_probable_sin_egreso,2-S1>2-S2>2-S6>2-S7>2-S4,2026-09-27_2026-10-04,final_circuits.csv
6be69dcd-8f36-43eb-87b6-8b1c9376de48,AC956KY,AC956KY,ANOMALIAS,NO_DIFERENCIABLE_SIN_PUNTO_FUERTE,,UNKNOWN,true,false,SIN_PUNTO,,,incompleto_revision,Incompleto en revisión,INCOMPLETO,NO_DIFERENCIABLE,NO_DIFERENCIABLE_SIN_PUNTO_FUERTE,,INCOMPLETO,Incompleto,baja,33.3,"Coinciden 2 de 6 puntos esperados. Faltan ingreso, preingreso, calada, egreso.",6,2,4,false,sin_ingreso,true,balanza_egreso,false,false,DESPACHO_SIN_PUNTO_INSTRUMENTADO,4,BALANZA_INGRESO>PLAYA>BALANZA_EGRESO,SIN_PUNTO,SIN_PUNTO,Sin punto instrumentado (sólidos),DESPACHO_SIN_PUNTO_INSTRUMENTADO,false,0,false,false,false,UNKNOWN,UNKNOWN,,,0,false,false,,,,NONE,DATA_COVERAGE,SECUENCIA_INCOMPLETA,missing_ingreso_frontal,RicB3Ingreso>RicS6Playa3>RicS6Playa3>RicB3Egreso,,incompleto_revision,false,0,RicIngCamFrente|RICARDONE_INGRESO_CAMIONES,2026-10-07T20:10:57.124Z,day,2026-10-04,2026-09-27,33.3,INGRESO|PREINGRESO|CALADA|EGRESO,SECUENCIA_NO_CONCLUYENTE,false,false,circuito_probable_sin_ingreso,2-S4>2-S6>2-S6>2-S4,2026-09-27_2026-10-04,final_circuits.csv
d572cc59-7836-4d48-9b3d-00a0332c6dd5,AD001TD,AD001TD,ANOMALIAS,NO_DIFERENCIABLE_SIN_PUNTO_FUERTE,,UNKNOWN,true,false,SIN_PUNTO,,SAN_LORENZO,incompleto_revision,Incompleto en revisión,INCOMPLETO,NO_DIFERENCIABLE,NO_DIFERENCIABLE_SIN_PUNTO_FUERTE,,INCOMPLETO,Incompleto,baja,33.3,"Coinciden 2 de 6 puntos esperados. Faltan ingreso, preingreso, calada, egreso.",6,2,4,false,sin_ingreso,true,balanza_egreso,false,false,DESPACHO_SIN_PUNTO_INSTRUMENTADO,4,BALANZA_INGRESO>BALANZA_EGRESO>SL_BALANZA_SALIDA>SL_EGRESO,SIN_PUNTO,SIN_PUNTO,Sin punto instrumentado (sólidos),DESPACHO_SIN_PUNTO_INSTRUMENTADO,false,0,true,false,false,UNKNOWN,UNKNOWN,,,0,false,false,,,,NONE,DATA_COVERAGE,SECUENCIA_INCOMPLETA,missing_ingreso_frontal+suspicious_duplicate,RicB3Ingreso>RicB3Egreso>SLZBalSC1Fte>SLZSalidaC1Fte,,incompleto_revision,true,0,RicIngCamFrente|RICARDONE_INGRESO_CAMIONES,2026-10-07T20:10:57.124Z,day,2026-10-04,2026-09-27,33.3,INGRESO|PREINGRESO|CALADA|EGRESO,SECUENCIA_NO_CONCLUYENTE,false,false,circuito_probable_sin_ingreso+punto_fuerte,2-S4>2-S4>1-S5>1-S7,2026-09-27_2026-10-04,final_circuits.csv
cd3215c8-c3db-47cf-a73a-45841acd09d0__cycle_2,AG862BR,AG862BR,ANOMALIAS,NO_DIFERENCIABLE_SIN_PUNTO_FUERTE,,UNKNOWN,true,false,SIN_PUNTO,,SAN_LORENZO,incompleto_revision,Incompleto en revisión,INCOMPLETO,NO_DIFERENCIABLE,NO_DIFERENCIABLE_SIN_PUNTO_FUERTE,,INCOMPLETO,Incompleto,baja,33.3,"Coinciden 2 de 6 puntos esperados. Faltan ingreso, preingreso, calada, egreso.",6,2,4,false,sin_ingreso,true,balanza_egreso,false,false,DESPACHO_SIN_PUNTO_INSTRUMENTADO,3,BALANZA_INGRESO>BALANZA_EGRESO>SL_EGRESO,SIN_PUNTO,SIN_PUNTO,Sin punto instrumentado (sólidos),DESPACHO_SIN_PUNTO_INSTRUMENTADO,false,0,true,false,false,UNKNOWN,UNKNOWN,,,0,false,false,,,,NONE,DATA_COVERAGE,SECUENCIA_INCOMPLETA,missing_ingreso_frontal+suspicious_duplicate,RicB3Ingreso>RicB3Egreso>SLZSalidaC2Fte,,incompleto_revision,true,0,RicIngCamFrente|RICARDONE_INGRESO_CAMIONES,2026-10-07T20:10:57.124Z,day,2026-10-04,2026-09-27,33.3,INGRESO|PREINGRESO|CALADA|EGRESO,SECUENCIA_NO_CONCLUYENTE,false,false,circuito_probable_sin_ingreso+punto_fuerte,2-S4>2-S4>1-S7,2026-09-27_2026-10-04,final_circuits.csv
30e94d45-fd84-4df6-852a-af879eae5fad__cycle_4,DDN01,DDN01,ANOMALIAS,NO_DIFERENCIABLE_SIN_PUNTO_FUERTE,,UNKNOWN,true,false,SIN_PUNTO,,,incompleto_revision,Incompleto en revisión,INCOMPLETO,NO_DIFERENCIABLE,NO_DIFERENCIABLE_SIN_PUNTO_FUERTE,,INCOMPLETO,Incompleto,baja,33.3,"Coinciden 2 de 6 puntos esperados. Faltan ingreso, preingreso, calada, egreso.",6,2,4,false,sin_ingreso,true,egreso_y_balanza,false,true,DESPACHO_SIN_PUNTO_INSTRUMENTADO,4,BALANZA_EGRESO>BALANZA_INGRESO,SIN_PUNTO,SIN_PUNTO,Sin punto instrumentado (sólidos),DESPACHO_SIN_PUNTO_INSTRUMENTADO,false,0,false,false,false,UNKNOWN,UNKNOWN,,,0,false,false,,,,NONE,DATA_COVERAGE,SECUENCIA_INCOMPLETA,missing_ingreso_frontal,RicB2Egreso>RicB3Ingreso>RicB3Ingreso>RicB3Ingreso,,incompleto_revision,false,0,RicIngCamFrente|RICARDONE_INGRESO_CAMIONES,2026-10-07T20:10:57.124Z,day,2026-10-04,2026-09-27,33.3,INGRESO|PREINGRESO|CALADA|EGRESO,SECUENCIA_NO_CONCLUYENTE,false,false,circuito_probable_sin_ingreso,2-S4>2-S4>2-S4>2-S4,2026-09-27_2026-10-04,final_circuits.csv
eacaca98-2243-4376-a4c7-cee66af40a14,LZP121,LZP121,ANOMALIAS,JOURNEY_INCOMPLETO,,RICARDONE,true,false,R8,,LIQUIDO,incompleto_revision,Incompleto en revisión,INCOMPLETO,INCOMPLETO,SECUENCIA_NO_CONCLUYENTE,,INCOMPLETO,Incompleto,media,50,"Coinciden 3 de 6 puntos esperados. Faltan ingreso, balanza ingreso, balanza egreso.",6,3,3,true,preingreso,true,egreso,false,true,CIRCUITO_LIQUIDO,3,PREINGRESO>LIQUIDO>EGRESO,R8,R8,Recepción Mercadería Líquida,CIRCUITO_LIQUIDO,false,63,true,true,true,UNKNOWN,UNKNOWN,,,0,false,false,,,,NONE,DATA_COVERAGE,SECUENCIA_INCOMPLETA,missing_ingreso_frontal+suspicious_duplicate,RicPreIngInFr>RicCalLiq>RicEgrCamFrente,,incompleto_revision,true,0,RicIngCamFrente|RICARDONE_INGRESO_CAMIONES,2026-10-07T20:10:57.124Z,day,2026-10-04,2026-09-27,50,INGRESO|BALANZA_INGRESO|BALANZA_EGRESO,SECUENCIA_NO_CONCLUYENTE,false,false,incompleto_revision+punto_fuerte,2-S1>2-S2>2-S3,2026-09-27_2026-10-04,final_circuits.csv
6d910067-cfcb-46fa-834c-d1eb7947dcb3,AYB759,AYB759,ANOMALIAS,JOURNEY_INCOMPLETO,,RICARDONE,true,false,R8,,LIQUIDO,incompleto_revision,Incompleto en revisión,INCOMPLETO,INCOMPLETO,SECUENCIA_NO_CONCLUYENTE,,INCOMPLETO,Incompleto,media,50,"Coinciden 3 de 6 puntos esperados. Faltan ingreso, balanza ingreso, balanza egreso.",6,3,3,true,preingreso,true,egreso,false,true,CIRCUITO_LIQUIDO,3,PREINGRESO>LIQUIDO>EGRESO,R8,R8,Recepción Mercadería Líquida,CIRCUITO_LIQUIDO,false,63,true,true,true,UNKNOWN,UNKNOWN,,,0,false,false,,,,NONE,BEHAVIORAL,RIC_SL_MAS30M_SIN_CALADA_SL,missing_ingreso_frontal+suspicious_duplicate,RicPreIngInFr>RicCalLiq>RicEgrCamFrente,,incompleto_revision,true,0,RicIngCamFrente|RICARDONE_INGRESO_CAMIONES,2026-10-07T20:10:57.124Z,day,2026-10-04,2026-09-27,50,INGRESO|BALANZA_INGRESO|BALANZA_EGRESO,SECUENCIA_NO_CONCLUYENTE,false,false,incompleto_revision+punto_fuerte,2-S1>2-S2>2-S3,2026-09-27_2026-10-04,final_circuits.csv
77b7f9ff-a7f1-4aff-8b21-353fd71bac0a__cycle_3,AE260HD,AE260HD,ANOMALIAS,NO_DIFERENCIABLE_SIN_PUNTO_FUERTE,,UNKNOWN,true,false,SIN_PUNTO,,,incompleto_revision,Incompleto en revisión,INCOMPLETO,NO_DIFERENCIABLE,NO_DIFERENCIABLE_SIN_PUNTO_FUERTE,,INCOMPLETO,Incompleto,muy_baja,33.3,"Coinciden 2 de 6 puntos esperados. Faltan ingreso, preingreso, calada, balanza ingreso.",6,2,4,false,sin_ingreso,true,egreso_y_balanza,false,true,DESPACHO_SIN_PUNTO_INSTRUMENTADO,2,BALANZA_EGRESO>EGRESO,SIN_PUNTO,SIN_PUNTO,Sin punto instrumentado (sólidos),DESPACHO_SIN_PUNTO_INSTRUMENTADO,false,0,false,false,false,UNKNOWN,UNKNOWN,,,0,false,false,,,,NONE,DATA_COVERAGE,EVENTOS_INSUFICIENTES,missing_ingreso_frontal+suspicious_duplicate,RicB3Egreso>RicEgrCamFrente,,incompleto_revision,false,0,RicIngCamFrente|RICARDONE_INGRESO_CAMIONES,2026-10-07T20:10:57.124Z,day,2026-10-04,2026-09-27,33.3,INGRESO|PREINGRESO|CALADA|BALANZA_INGRESO,EVENTOS_INSUFICIENTES,false,false,circuito_probable_sin_ingreso,2-S4>2-S3,2026-09-27_2026-10-04,final_circuits.csv
c8b86a87-72d2-47c0-9963-feb5fc4996a6__cycle_1,AH185MZ,AH185MZ,ANOMALIAS,NO_DIFERENCIABLE_SIN_PUNTO_FUERTE,,UNKNOWN,true,false,SIN_PUNTO,,,incompleto_revision,Incompleto en revisión,INCOMPLETO,NO_DIFERENCIABLE,NO_DIFERENCIABLE_SIN_PUNTO_FUERTE,,INCOMPLETO,Incompleto,baja,33.3,"Coinciden 2 de 6 puntos esperados. Faltan ingreso, preingreso, calada, egreso.",6,2,4,false,sin_ingreso,true,balanza_egreso,false,false,DESPACHO_SIN_PUNTO_INSTRUMENTADO,2,BALANZA_INGRESO>BALANZA_EGRESO,SIN_PUNTO,SIN_PUNTO,Sin punto instrumentado (sólidos),DESPACHO_SIN_PUNTO_INSTRUMENTADO,false,0,false,false,false,UNKNOWN,UNKNOWN,,,0,false,false,,,,NONE,DATA_COVERAGE,EVENTOS_INSUFICIENTES,missing_ingreso_frontal,RicB3Ingreso>RicB3Egreso,,incompleto_revision,false,0,RicIngCamFrente|RICARDONE_INGRESO_CAMIONES,2026-10-07T20:10:57.124Z,day,2026-10-04,2026-09-27,33.3,INGRESO|PREINGRESO|CALADA|EGRESO,EVENTOS_INSUFICIENTES,false,false,circuito_probable_sin_ingreso,2-S4>2-S4,2026-09-27_2026-10-04,final_circuits.csv
dfdd234c-c635-41c9-8594-f2960666459d__cycle_4,AH461XD,AH461XD,ANOMALIAS,NO_DIFERENCIABLE_SIN_PUNTO_FUERTE,,UNKNOWN,true,false,SIN_PUNTO,,,incompleto_revision,Incompleto en revisión,INCOMPLETO,NO_DIFERENCIABLE,NO_DIFERENCIABLE_SIN_PUNTO_FUERTE,,INCOMPLETO,Incompleto,baja,33.3,"Coinciden 2 de 6 puntos esperados. Faltan ingreso, preingreso, calada, egreso.",6,2,4,false,sin_ingreso,true,egreso_y_balanza,false,true,DESPACHO_SIN_PUNTO_INSTRUMENTADO,4,BALANZA_INGRESO>BALANZA_EGRESO>BALANZA_INGRESO>BALANZA_EGRESO,SIN_PUNTO,SIN_PUNTO,Sin punto instrumentado (sólidos),DESPACHO_SIN_PUNTO_INSTRUMENTADO,false,0,false,false,false,UNKNOWN,UNKNOWN,,,0,false,false,,,,NONE,DATA_COVERAGE,SECUENCIA_INCOMPLETA,missing_ingreso_frontal,RicB3Ingreso>RicB3Egreso>RicB3Ingreso>RicB2Egreso,,incompleto_revision,false,0,RicIngCamFrente|RICARDONE_INGRESO_CAMIONES,2026-10-07T20:10:57.124Z,day,2026-10-04,2026-09-27,33.3,INGRESO|PREINGRESO|CALADA|EGRESO,SECUENCIA_NO_CONCLUYENTE,false,false,circuito_probable_sin_ingreso,2-S4>2-S4>2-S4>2-S4,2026-09-27_2026-10-04,final_circuits.csv
8c05f83d-5be4-4769-adc4-a3244ab54137__cycle_4,KGY149,KGY149,ANOMALIAS,NO_DIFERENCIABLE_SIN_PUNTO_FUERTE,,UNKNOWN,true,false,SIN_PUNTO,,,incompleto_revision,Incompleto en revisión,INCOMPLETO,NO_DIFERENCIABLE,NO_DIFERENCIABLE_SIN_PUNTO_FUERTE,,INCOMPLETO,Incompleto,baja,33.3,"Coinciden 2 de 6 puntos esperados. Faltan ingreso, preingreso, calada, egreso.",6,2,4,false,sin_ingreso,true,balanza_egreso,false,false,DESPACHO_SIN_PUNTO_INSTRUMENTADO,4,BALANZA_INGRESO>BALANZA_EGRESO>BALANZA_INGRESO,SIN_PUNTO,SIN_PUNTO,Sin punto instrumentado (sólidos),DESPACHO_SIN_PUNTO_INSTRUMENTADO,false,0,false,false,false,UNKNOWN,UNKNOWN,,,0,false,false,,,,NONE,DATA_COVERAGE,SECUENCIA_INCOMPLETA,missing_ingreso_frontal+suspicious_duplicate,RicB3Ingreso>RicB3Egreso>RicB3Egreso>RicB3Ingreso,,incompleto_revision,false,0,RicIngCamFrente|RICARDONE_INGRESO_CAMIONES,2026-10-07T20:10:57.124Z,day,2026-10-04,2026-09-27,33.3,INGRESO|PREINGRESO|CALADA|EGRESO,SECUENCIA_NO_CONCLUYENTE,false,false,circuito_probable_sin_ingreso,2-S4>2-S4>2-S4>2-S4,2026-09-27_2026-10-04,final_circuits.csv
7260bf6d-7d52-4152-8f57-c559f8164166__cycle_1,AG644XU,AG644XU,ANOMALIAS,NO_DIFERENCIABLE_SIN_PUNTO_FUERTE,,UNKNOWN,true,false,SIN_PUNTO,,,incompleto_revision,Incompleto en revisión,ANOMALO,NO_DIFERENCIABLE,NO_DIFERENCIABLE_SIN_PUNTO_FUERTE,,ANOMALO,Anómalo,baja,33.3,"Coinciden 2 de 6 puntos esperados. Faltan ingreso, preingreso, calada, egreso.",6,2,4,false,sin_ingreso,true,egreso_y_balanza,false,true,DESPACHO_SIN_PUNTO_INSTRUMENTADO,7,BALANZA_INGRESO>BALANZA_EGRESO>BALANZA_INGRESO>BALANZA_EGRESO>BALANZA_INGRESO>CARGA_S7>BALANZA_EGRESO,SIN_PUNTO,SIN_PUNTO,Sin punto instrumentado (sólidos),DESPACHO_SIN_PUNTO_INSTRUMENTADO,false,0,false,false,false,UNKNOWN,UNKNOWN,,,0,false,false,,,,NONE,NONE,,missing_ingreso_frontal,RicB3Ingreso>RicB3Egreso>RicB3Ingreso>RicB3Egreso>RicB3Ingreso>RicS7Carga>RicB2Egreso,NO_RESPETA_SECUENCIA,incompleto_revision,false,0,RicIngCamFrente|RICARDONE_INGRESO_CAMIONES,2026-10-07T20:10:57.124Z,day,2026-10-04,2026-09-27,33.3,INGRESO|PREINGRESO|CALADA|EGRESO,NO_RESPETA_SECUENCIA,false,false,circuito_probable_sin_ingreso,2-S4>2-S4>2-S4>2-S4>2-S4>2-S7>2-S4,2026-09-27_2026-10-04,final_circuits.csv
c8941d50-8f28-47c9-9330-82009ed0c598,CNG506,CNG506,ANOMALIAS,JOURNEY_INCOMPLETO,,RICARDONE,true,false,R8,,LIQUIDO,incompleto_revision,Incompleto en revisión,INCOMPLETO,INCOMPLETO,SECUENCIA_NO_CONCLUYENTE,,INCOMPLETO,Incompleto,media,50,"Coinciden 3 de 6 puntos esperados. Faltan ingreso, balanza ingreso, balanza egreso.",6,3,3,true,preingreso,true,egreso,false,true,CIRCUITO_LIQUIDO,3,PREINGRESO>LIQUIDO>EGRESO,R8,R8,Recepción Mercadería Líquida,CIRCUITO_LIQUIDO,false,63,true,true,true,UNKNOWN,UNKNOWN,,,0,false,false,,,,NONE,DATA_COVERAGE,SECUENCIA_INCOMPLETA,missing_ingreso_frontal+suspicious_duplicate,RicPreIngInFr>RicCalLiq>RicEgrCamFrente,,incompleto_revision,true,0,RicIngCamFrente|RICARDONE_INGRESO_CAMIONES,2026-10-07T20:10:57.124Z,day,2026-10-04,2026-09-27,50,INGRESO|BALANZA_INGRESO|BALANZA_EGRESO,SECUENCIA_NO_CONCLUYENTE,false,false,incompleto_revision+punto_fuerte,2-S1>2-S2>2-S3,2026-09-27_2026-10-04,final_circuits.csv
c1a9bc29-bc58-44bc-9c93-2ea5f3cbb8b5,AF301JV,AF301JV,ANOMALIAS,NO_DIFERENCIABLE_SIN_PUNTO_FUERTE,,UNKNOWN,true,false,SIN_PUNTO,,SAN_LORENZO,incompleto_revision,Incompleto en revisión,INCOMPLETO,NO_DIFERENCIABLE,NO_DIFERENCIABLE_SIN_PUNTO_FUERTE,,INCOMPLETO,Incompleto,baja,33.3,"Coinciden 2 de 6 puntos esperados. Faltan ingreso, preingreso, calada, egreso.",6,2,4,false,sin_ingreso,true,balanza_egreso,false,false,DESPACHO_SIN_PUNTO_INSTRUMENTADO,3,BALANZA_INGRESO>BALANZA_EGRESO>SL_EGRESO,SIN_PUNTO,SIN_PUNTO,Sin punto instrumentado (sólidos),DESPACHO_SIN_PUNTO_INSTRUMENTADO,false,0,true,false,false,UNKNOWN,UNKNOWN,,,0,false,false,,,,NONE,DATA_COVERAGE,SECUENCIA_INCOMPLETA,missing_ingreso_frontal+suspicious_duplicate,RicB3Ingreso>RicB3Egreso>SLZSalidaC2Fte,,incompleto_revision,true,0,RicIngCamFrente|RICARDONE_INGRESO_CAMIONES,2026-10-07T20:10:57.124Z,day,2026-10-04,2026-09-27,33.3,INGRESO|PREINGRESO|CALADA|EGRESO,SECUENCIA_NO_CONCLUYENTE,false,false,circuito_probable_sin_ingreso+punto_fuerte,2-S4>2-S4>1-S7,2026-09-27_2026-10-04,final_circuits.csv
7bc993e9-1e51-4619-b61e-6fc1d8e978f2__cycle_4,AI217QP,AI217QP,ANOMALIAS,NO_DIFERENCIABLE_SIN_PUNTO_FUERTE,,UNKNOWN,true,false,SIN_PUNTO,,SAN_LORENZO,incompleto_revision,Incompleto en revisión,INCOMPLETO,NO_DIFERENCIABLE,NO_DIFERENCIABLE_SIN_PUNTO_FUERTE,,INCOMPLETO,Incompleto,baja,33.3,"Coinciden 2 de 6 puntos esperados. Faltan ingreso, preingreso, calada, egreso.",6,2,4,false,sin_ingreso,true,balanza_egreso,false,false,DESPACHO_SIN_PUNTO_INSTRUMENTADO,3,BALANZA_INGRESO>BALANZA_EGRESO>SL_EGRESO,SIN_PUNTO,SIN_PUNTO,Sin punto instrumentado (sólidos),DESPACHO_SIN_PUNTO_INSTRUMENTADO,false,0,true,false,false,UNKNOWN,UNKNOWN,,,0,false,false,,,,NONE,DATA_COVERAGE,SECUENCIA_INCOMPLETA,missing_ingreso_frontal+suspicious_duplicate,RicB3Ingreso>RicB3Egreso>SLZSalidaC2Fte,,incompleto_revision,true,0,RicIngCamFrente|RICARDONE_INGRESO_CAMIONES,2026-10-07T20:10:57.124Z,day,2026-10-04,2026-09-27,33.3,INGRESO|PREINGRESO|CALADA|EGRESO,SECUENCIA_NO_CONCLUYENTE,false,false,circuito_probable_sin_ingreso+punto_fuerte,2-S4>2-S4>1-S7,2026-09-27_2026-10-04,final_circuits.csv
2fa15866-279d-43b2-9951-00a1230fd97a__cycle_1,AE228GK,AE228GK,ANOMALIAS,NO_DIFERENCIABLE_SIN_PUNTO_FUERTE,,UNKNOWN,true,false,SIN_PUNTO,,,incompleto_revision,Incompleto en revisión,INCOMPLETO,NO_DIFERENCIABLE,NO_DIFERENCIABLE_SIN_PUNTO_FUERTE,,INCOMPLETO,Incompleto,baja,33.3,"Coinciden 2 de 6 puntos esperados. Faltan ingreso, preingreso, calada, egreso.",6,2,4,false,sin_ingreso,true,balanza_egreso,false,false,DESPACHO_SIN_PUNTO_INSTRUMENTADO,2,BALANZA_INGRESO>BALANZA_EGRESO,SIN_PUNTO,SIN_PUNTO,Sin punto instrumentado (sólidos),DESPACHO_SIN_PUNTO_INSTRUMENTADO,false,0,false,false,false,UNKNOWN,UNKNOWN,,,0,false,false,,,,NONE,DATA_COVERAGE,EVENTOS_INSUFICIENTES,missing_ingreso_frontal,RicB3Ingreso>RicB3Egreso,,incompleto_revision,false,0,RicIngCamFrente|RICARDONE_INGRESO_CAMIONES,2026-10-07T20:10:57.124Z,day,2026-10-04,2026-09-27,33.3,INGRESO|PREINGRESO|CALADA|EGRESO,EVENTOS_INSUFICIENTES,false,false,circuito_probable_sin_ingreso,2-S4>2-S4,2026-09-27_2026-10-04,final_circuits.csv
ef5eeb16-a649-4834-bbfb-6a542cb49ae5,FLF111,FLF111,ANOMALIAS,JOURNEY_INCOMPLETO,,RICARDONE,true,false,R8,,LIQUIDO,incompleto_revision,Incompleto en revisión,INCOMPLETO,INCOMPLETO,SECUENCIA_NO_CONCLUYENTE,,INCOMPLETO,Incompleto,media,50,"Coinciden 3 de 6 puntos esperados. Faltan ingreso, balanza ingreso, balanza egreso.",6,3,3,true,preingreso,true,egreso,false,true,CIRCUITO_LIQUIDO,3,PREINGRESO>LIQUIDO>EGRESO,R8,R8,Recepción Mercadería Líquida,CIRCUITO_LIQUIDO,false,63,true,true,true,UNKNOWN,UNKNOWN,,,0,false,false,,,,NONE,DATA_COVERAGE,SECUENCIA_INCOMPLETA,missing_ingreso_frontal+suspicious_duplicate,RicPreIngInFr>RicCalLiq>RicEgrCamFrente,,incompleto_revision,true,0,RicIngCamFrente|RICARDONE_INGRESO_CAMIONES,2026-10-07T20:10:57.124Z,day,2026-10-04,2026-09-27,50,INGRESO|BALANZA_INGRESO|BALANZA_EGRESO,SECUENCIA_NO_CONCLUYENTE,false,false,incompleto_revision+punto_fuerte,2-S1>2-S2>2-S3,2026-09-27_2026-10-04,final_circuits.csv
175e843e-75af-4a18-aea3-c19d7176f4af,JEW583,JEW583,ANOMALIAS,NO_DIFERENCIABLE_SIN_PUNTO_FUERTE,,UNKNOWN,true,false,SIN_PUNTO,,,incompleto_revision,Incompleto en revisión,INCOMPLETO,NO_DIFERENCIABLE,NO_DIFERENCIABLE_SIN_PUNTO_FUERTE,,INCOMPLETO,Incompleto,baja,33.3,"Coinciden 2 de 6 puntos esperados. Faltan ingreso, preingreso, calada, egreso.",6,2,4,false,sin_ingreso,true,balanza_egreso,false,false,DESPACHO_SIN_PUNTO_INSTRUMENTADO,2,BALANZA_INGRESO>BALANZA_EGRESO,SIN_PUNTO,SIN_PUNTO,Sin punto instrumentado (sólidos),DESPACHO_SIN_PUNTO_INSTRUMENTADO,false,0,false,false,false,UNKNOWN,UNKNOWN,,,0,false,false,,,,NONE,DATA_COVERAGE,EVENTOS_INSUFICIENTES,missing_ingreso_frontal,RicB3Ingreso>RicB3Egreso,,incompleto_revision,false,0,RicIngCamFrente|RICARDONE_INGRESO_CAMIONES,2026-10-07T20:10:57.124Z,day,2026-10-04,2026-09-27,33.3,INGRESO|PREINGRESO|CALADA|EGRESO,EVENTOS_INSUFICIENTES,false,false,circuito_probable_sin_ingreso,2-S4>2-S4,2026-09-27_2026-10-04,final_circuits.csv
e4f0daf9-6667-4071-ba61-234b3cff08aa,ENW015,ENW015,ANOMALIAS,JOURNEY_INCOMPLETO,,RICARDONE,true,false,R8,,LIQUIDO,incompleto_revision,Incompleto en revisión,INCOMPLETO,INCOMPLETO,SECUENCIA_NO_CONCLUYENTE,,INCOMPLETO,Incompleto,media,50,"Coinciden 3 de 6 puntos esperados. Faltan ingreso, balanza ingreso, balanza egreso.",6,3,3,true,preingreso,true,egreso,false,true,CIRCUITO_LIQUIDO,3,PREINGRESO>LIQUIDO>EGRESO,R8,R8,Recepción Mercadería Líquida,CIRCUITO_LIQUIDO,false,63,true,true,true,UNKNOWN,UNKNOWN,,,0,false,false,,,,NONE,DATA_COVERAGE,SECUENCIA_INCOMPLETA,missing_ingreso_frontal+suspicious_duplicate,RicPreIngInFr>RicCalLiq>RicEgrCamFrente,,incompleto_revision,true,0,RicIngCamFrente|RICARDONE_INGRESO_CAMIONES,2026-10-07T20:10:57.124Z,day,2026-10-04,2026-09-27,50,INGRESO|BALANZA_INGRESO|BALANZA_EGRESO,SECUENCIA_NO_CONCLUYENTE,false,false,incompleto_revision+punto_fuerte,2-S1>2-S2>2-S3,2026-09-27_2026-10-04,final_circuits.csv
a3e190ed-e1f4-4030-92fe-23840019de0f,WNL428,WNL428,ANOMALIAS,JOURNEY_INCOMPLETO,,RICARDONE,true,false,R8,,LIQUIDO,incompleto_revision,Incompleto en revisión,INCOMPLETO,INCOMPLETO,SECUENCIA_NO_CONCLUYENTE,,INCOMPLETO,Incompleto,media,50,"Coinciden 3 de 6 puntos esperados. Faltan ingreso, balanza ingreso, balanza egreso.",6,3,3,true,preingreso,true,egreso,false,true,CIRCUITO_LIQUIDO,3,PREINGRESO>LIQUIDO>EGRESO,R8,R8,Recepción Mercadería Líquida,CIRCUITO_LIQUIDO,false,63,true,true,true,UNKNOWN,UNKNOWN,,,0,false,false,,,,NONE,DATA_COVERAGE,SECUENCIA_INCOMPLETA,missing_ingreso_frontal+suspicious_duplicate,RicPreIngInFr>RicCalLiq>RicEgrCamFrente,,incompleto_revision,true,0,RicIngCamFrente|RICARDONE_INGRESO_CAMIONES,2026-10-07T20:10:57.124Z,day,2026-10-04,2026-09-27,50,INGRESO|BALANZA_INGRESO|BALANZA_EGRESO,SECUENCIA_NO_CONCLUYENTE,false,false,incompleto_revision+punto_fuerte,2-S1>2-S2>2-S3,2026-09-27_2026-10-04,final_circuits.csv
88c67684-5840-421d-9b26-cd1d5fe856a9,EFC338,EFC338,ANOMALIAS,JOURNEY_INCOMPLETO,,RICARDONE,true,false,R8,,LIQUIDO,incompleto_revision,Incompleto en revisión,INCOMPLETO,INCOMPLETO,SECUENCIA_NO_CONCLUYENTE,,INCOMPLETO,Incompleto,media,50,"Coinciden 3 de 6 puntos esperados. Faltan ingreso, balanza ingreso, balanza egreso.",6,3,3,true,preingreso,true,egreso,false,true,CIRCUITO_LIQUIDO,3,PREINGRESO>LIQUIDO>EGRESO,R8,R8,Recepción Mercadería Líquida,CIRCUITO_LIQUIDO,false,63,true,true,true,UNKNOWN,UNKNOWN,,,0,false,false,,,,NONE,DATA_COVERAGE,SECUENCIA_INCOMPLETA,missing_ingreso_frontal,RicPreIngInFr>RicCalLiq>RicEgrCamFrente,,incompleto_revision,true,0,RicIngCamFrente|RICARDONE_INGRESO_CAMIONES,2026-10-07T20:10:57.124Z,day,2026-10-04,2026-09-27,50,INGRESO|BALANZA_INGRESO|BALANZA_EGRESO,SECUENCIA_NO_CONCLUYENTE,false,false,incompleto_revision+punto_fuerte,2-S1>2-S2>2-S3,2026-09-27_2026-10-04,final_circuits.csv
f763311a-4c5d-4e47-b15b-87f8f93fc7f8,JPH442,JPH442,ANOMALIAS,NO_DIFERENCIABLE_SIN_PUNTO_FUERTE,,UNKNOWN,true,false,SIN_PUNTO,,,incompleto_revision,Incompleto en revisión,INCOMPLETO,NO_DIFERENCIABLE,NO_DIFERENCIABLE_SIN_PUNTO_FUERTE,,INCOMPLETO,Incompleto,baja,33.3,"Coinciden 2 de 6 puntos esperados. Faltan ingreso, preingreso, calada, egreso.",6,2,4,false,sin_ingreso,true,balanza_egreso,false,false,DESPACHO_SIN_PUNTO_INSTRUMENTADO,2,BALANZA_INGRESO>BALANZA_EGRESO,SIN_PUNTO,SIN_PUNTO,Sin punto instrumentado (sólidos),DESPACHO_SIN_PUNTO_INSTRUMENTADO,false,0,false,false,false,UNKNOWN,UNKNOWN,,,0,false,false,,,,NONE,DATA_COVERAGE,EVENTOS_INSUFICIENTES,missing_ingreso_frontal,RicB3Ingreso>RicB3Egreso,,incompleto_revision,false,0,RicIngCamFrente|RICARDONE_INGRESO_CAMIONES,2026-10-07T20:10:57.124Z,day,2026-10-04,2026-09-27,33.3,INGRESO|PREINGRESO|CALADA|EGRESO,EVENTOS_INSUFICIENTES,false,false,circuito_probable_sin_ingreso,2-S4>2-S4,2026-09-27_2026-10-04,final_circuits.csv
c5739b34-b507-4e6e-a6ea-627deda91eb8,FKW297,FKW297,ANOMALIAS,NO_DIFERENCIABLE_SIN_PUNTO_FUERTE,,UNKNOWN,true,false,SIN_PUNTO,,,incompleto_revision,Incompleto en revisión,INCOMPLETO,NO_DIFERENCIABLE,NO_DIFERENCIABLE_SIN_PUNTO_FUERTE,,INCOMPLETO,Incompleto,muy_baja,33.3,"Coinciden 2 de 6 puntos esperados. Faltan ingreso, preingreso, balanza ingreso, balanza egreso.",6,2,4,false,sin_ingreso,true,egreso,false,true,DESPACHO_SIN_PUNTO_INSTRUMENTADO,2,CALADA>EGRESO,SIN_PUNTO,SIN_PUNTO,Sin punto instrumentado (sólidos),DESPACHO_SIN_PUNTO_INSTRUMENTADO,false,0,false,false,false,UNKNOWN,UNKNOWN,,,0,false,false,,,,NONE,DATA_COVERAGE,EVENTOS_INSUFICIENTES,missing_ingreso_frontal+suspicious_duplicate,RicCal03>RicEgrCamFrente,,incompleto_revision,false,0,RicIngCamFrente|RICARDONE_INGRESO_CAMIONES,2026-10-07T20:10:57.124Z,day,2026-10-04,2026-09-27,33.3,INGRESO|PREINGRESO|BALANZA_INGRESO|BALANZA_EGRESO,EVENTOS_INSUFICIENTES,false,false,circuito_probable_sin_ingreso,2-S2>2-S3,2026-09-27_2026-10-04,final_circuits.csv
6f288747-2dc4-4c59-b5f4-f384de639cf3,AB899MI,AB899MI,ANOMALIAS,NO_DIFERENCIABLE_SIN_PUNTO_FUERTE,,UNKNOWN,true,false,SIN_PUNTO,,,incompleto_revision,Incompleto en revisión,INCOMPLETO,NO_DIFERENCIABLE,NO_DIFERENCIABLE_SIN_PUNTO_FUERTE,,INCOMPLETO,Incompleto,baja,33.3,"Coinciden 2 de 6 puntos esperados. Faltan ingreso, preingreso, calada, egreso.",6,2,4,false,sin_ingreso,true,balanza_egreso,false,false,DESPACHO_SIN_PUNTO_INSTRUMENTADO,2,BALANZA_INGRESO>BALANZA_EGRESO,SIN_PUNTO,SIN_PUNTO,Sin punto instrumentado (sólidos),DESPACHO_SIN_PUNTO_INSTRUMENTADO,false,0,false,false,false,UNKNOWN,UNKNOWN,,,0,false,false,,,,NONE,DATA_COVERAGE,EVENTOS_INSUFICIENTES,missing_ingreso_frontal,RicB3Ingreso>RicB3Egreso,,incompleto_revision,false,0,RicIngCamFrente|RICARDONE_INGRESO_CAMIONES,2026-10-07T20:10:57.124Z,day,2026-10-04,2026-09-27,33.3,INGRESO|PREINGRESO|CALADA|EGRESO,EVENTOS_INSUFICIENTES,false,false,circuito_probable_sin_ingreso,2-S4>2-S4,2026-09-27_2026-10-04,final_circuits.csv
9852017f-18f3-41aa-8e9b-2a0f2b755e7a__cycle_1,AD001TD,AD001TD,ANOMALIAS,NO_DIFERENCIABLE_SIN_PUNTO_FUERTE,,UNKNOWN,true,false,SIN_PUNTO,,,incompleto_revision,Incompleto en revisión,INCOMPLETO,NO_DIFERENCIABLE,NO_DIFERENCIABLE_SIN_PUNTO_FUERTE,,INCOMPLETO,Incompleto,baja,33.3,"Coinciden 2 de 6 puntos esperados. Faltan ingreso, preingreso, calada, egreso.",6,2,4,false,sin_ingreso,true,balanza_egreso,false,false,DESPACHO_SIN_PUNTO_INSTRUMENTADO,2,BALANZA_INGRESO>BALANZA_EGRESO,SIN_PUNTO,SIN_PUNTO,Sin punto instrumentado (sólidos),DESPACHO_SIN_PUNTO_INSTRUMENTADO,false,0,false,false,false,UNKNOWN,UNKNOWN,,,0,false,false,,,,NONE,DATA_COVERAGE,EVENTOS_INSUFICIENTES,missing_ingreso_frontal+suspicious_duplicate,RicB3Ingreso>RicB3Egreso,,incompleto_revision,false,0,RicIngCamFrente|RICARDONE_INGRESO_CAMIONES,2026-10-07T20:10:57.124Z,day,2026-10-04,2026-09-27,33.3,INGRESO|PREINGRESO|CALADA|EGRESO,EVENTOS_INSUFICIENTES,false,false,circuito_probable_sin_ingreso,2-S4>2-S4,2026-09-27_2026-10-04,final_circuits.csv
7b938b05-b72a-4f09-8d1e-0f967d93b1c4,ENW015,ENW015,ANOMALIAS,JOURNEY_INCOMPLETO,,RICARDONE,true,false,R8,,LIQUIDO,incompleto_revision,Incompleto en revisión,INCOMPLETO,INCOMPLETO,SECUENCIA_NO_CONCLUYENTE,,INCOMPLETO,Incompleto,media,50,"Coinciden 3 de 6 puntos esperados. Faltan ingreso, preingreso, balanza ingreso.",6,3,3,false,sin_ingreso,true,egreso_y_balanza,false,true,CIRCUITO_LIQUIDO,6,PLAYA>BALANZA_EGRESO>CALADA>LIQUIDO>EGRESO,R8,R8,Recepción Mercadería Líquida,CIRCUITO_LIQUIDO,false,63,true,true,true,UNKNOWN,UNKNOWN,,,0,false,false,,,,NONE,DATA_COVERAGE,SECUENCIA_INCOMPLETA,missing_ingreso_frontal+suspicious_duplicate,RicS6Playa3>RicS6Playa3>RicB2Egreso>RicCal03>RicCalLiq>RicEgrCamFrente,,incompleto_revision,true,0,RicIngCamFrente|RICARDONE_INGRESO_CAMIONES,2026-10-07T20:10:57.124Z,day,2026-10-04,2026-09-27,50,INGRESO|PREINGRESO|BALANZA_INGRESO,SECUENCIA_NO_CONCLUYENTE,false,false,circuito_probable_sin_ingreso+punto_fuerte,2-S6>2-S6>2-S4>2-S2>2-S2>2-S3,2026-09-27_2026-10-04,final_circuits.csv
7f3acc68-3d70-4648-82b6-a9ae077a9f19__cycle_3,EAA743,EAA743,ANOMALIAS,JOURNEY_INCOMPLETO,,RICARDONE,true,false,R4,,RICARDONE,incompleto_revision,Incompleto en revisión,INCOMPLETO,INCOMPLETO,SECUENCIA_NO_CONCLUYENTE,,INCOMPLETO,Incompleto,baja,50,"Coinciden 3 de 6 puntos esperados. Faltan ingreso, balanza ingreso, egreso.",6,3,3,true,preingreso,true,egreso_y_balanza,false,true,DESPACHO_SIN_PUNTO_INSTRUMENTADO,5,PREINGRESO>CALADA>PLAYA>DESCARGA_S7>BALANZA_EGRESO,R4,R4,Recepción Silos Kepler 2,DESPACHO_SIN_PUNTO_INSTRUMENTADO,false,67,true,true,true,UNKNOWN,UNKNOWN,,,0,false,false,,,,NONE,DATA_COVERAGE,SECUENCIA_INCOMPLETA,missing_ingreso_frontal,RicPreIngInFr>RicCal03>RicS6Playa3>RicS7DescLinea2>RicB2Egreso,,incompleto_revision,false,0,RicIngCamFrente|RICARDONE_INGRESO_CAMIONES,2026-10-07T20:10:57.124Z,day,2026-10-04,2026-09-27,50,INGRESO|BALANZA_INGRESO|EGRESO,SECUENCIA_NO_CONCLUYENTE,false,false,circuito_probable_sin_egreso,2-S1>2-S2>2-S6>2-S7>2-S4,2026-09-27_2026-10-04,final_circuits.csv
4fe01111-9e9a-42d3-9900-1265eefb2ce1,AF785ZF,AF785ZF,ANOMALIAS,NO_DIFERENCIABLE_SIN_PUNTO_FUERTE,,UNKNOWN,true,false,SIN_PUNTO,,SAN_LORENZO,incompleto_revision,Incompleto en revisión,INCOMPLETO,NO_DIFERENCIABLE,NO_DIFERENCIABLE_SIN_PUNTO_FUERTE,,INCOMPLETO,Incompleto,baja,33.3,"Coinciden 2 de 6 puntos esperados. Faltan ingreso, preingreso, calada, egreso.",6,2,4,false,sin_ingreso,true,balanza_egreso,false,false,DESPACHO_SIN_PUNTO_INSTRUMENTADO,3,BALANZA_INGRESO>BALANZA_EGRESO>SL_EGRESO,SIN_PUNTO,SIN_PUNTO,Sin punto instrumentado (sólidos),DESPACHO_SIN_PUNTO_INSTRUMENTADO,false,0,true,false,false,UNKNOWN,UNKNOWN,,,0,false,false,,,,NONE,DATA_COVERAGE,SECUENCIA_INCOMPLETA,missing_ingreso_frontal+suspicious_duplicate,RicB3Ingreso>RicB3Egreso>SLZSalidaC2Fte,,incompleto_revision,true,0,RicIngCamFrente|RICARDONE_INGRESO_CAMIONES,2026-10-07T20:10:57.124Z,day,2026-10-04,2026-09-27,33.3,INGRESO|PREINGRESO|CALADA|EGRESO,SECUENCIA_NO_CONCLUYENTE,false,false,circuito_probable_sin_ingreso+punto_fuerte,2-S4>2-S4>1-S7,2026-09-27_2026-10-04,final_circuits.csv
428e60be-7182-4653-8540-ec8a11166535__cycle_2,UXG866,UXG866,ANOMALIAS,JOURNEY_INCOMPLETO,,RICARDONE,true,false,R4,,RICARDONE,incompleto_revision,Incompleto en revisión,INCOMPLETO,INCOMPLETO,SECUENCIA_NO_CONCLUYENTE,,INCOMPLETO,Incompleto,baja,50,"Coinciden 3 de 6 puntos esperados. Faltan ingreso, balanza ingreso, egreso.",6,3,3,true,preingreso,true,egreso_y_balanza,false,true,DESPACHO_SIN_PUNTO_INSTRUMENTADO,5,PREINGRESO>CALADA>PLAYA>DESCARGA_S7>BALANZA_EGRESO,R4,R4,Recepción Silos Kepler 2,DESPACHO_SIN_PUNTO_INSTRUMENTADO,false,67,true,true,true,UNKNOWN,UNKNOWN,,,0,false,false,,,,NONE,DATA_COVERAGE,SECUENCIA_INCOMPLETA,missing_ingreso_frontal+suspicious_duplicate,RicPreIngInFr>RicCal04>RicS6Playa3>RicS7DescLinea2>RicB2Egreso,,incompleto_revision,false,0,RicIngCamFrente|RICARDONE_INGRESO_CAMIONES,2026-10-07T20:10:57.124Z,day,2026-10-04,2026-09-27,50,INGRESO|BALANZA_INGRESO|EGRESO,SECUENCIA_NO_CONCLUYENTE,false,false,circuito_probable_sin_egreso,2-S1>2-S2>2-S6>2-S7>2-S4,2026-09-27_2026-10-04,final_circuits.csv
a86d563f-e498-43b8-8b3a-46f7b23f70af,AH049ID,AH049ID,ANOMALIAS,NO_DIFERENCIABLE_SIN_PUNTO_FUERTE,,UNKNOWN,true,false,SIN_PUNTO,,SAN_LORENZO,incompleto_revision,Incompleto en revisión,INCOMPLETO,NO_DIFERENCIABLE,NO_DIFERENCIABLE_SIN_PUNTO_FUERTE,,INCOMPLETO,Incompleto,baja,33.3,"Coinciden 2 de 6 puntos esperados. Faltan ingreso, preingreso, calada, egreso.",6,2,4,false,sin_ingreso,true,balanza_egreso,false,false,DESPACHO_SIN_PUNTO_INSTRUMENTADO,3,BALANZA_INGRESO>BALANZA_EGRESO>SL_EGRESO,SIN_PUNTO,SIN_PUNTO,Sin punto instrumentado (sólidos),DESPACHO_SIN_PUNTO_INSTRUMENTADO,false,0,true,false,false,UNKNOWN,UNKNOWN,,,0,false,false,,,,NONE,DATA_COVERAGE,SECUENCIA_INCOMPLETA,missing_ingreso_frontal+suspicious_duplicate,RicB3Ingreso>RicB3Egreso>SLZSalidaC2Fte,,incompleto_revision,true,0,RicIngCamFrente|RICARDONE_INGRESO_CAMIONES,2026-10-07T20:10:57.124Z,day,2026-10-04,2026-09-27,33.3,INGRESO|PREINGRESO|CALADA|EGRESO,SECUENCIA_NO_CONCLUYENTE,false,false,circuito_probable_sin_ingreso+punto_fuerte,2-S4>2-S4>1-S7,2026-09-27_2026-10-04,final_circuits.csv
1e64b8a2-e4a2-40a0-99f4-46f8a956ce44,EHS233,EHS233,ANOMALIAS,JOURNEY_INCOMPLETO,,RICARDONE,true,false,R8,,LIQUIDO,incompleto_revision,Incompleto en revisión,INCOMPLETO,INCOMPLETO,SECUENCIA_NO_CONCLUYENTE,,INCOMPLETO,Incompleto,media,50,"Coinciden 3 de 6 puntos esperados. Faltan ingreso, balanza ingreso, balanza egreso.",6,3,3,true,preingreso,true,egreso,false,true,CIRCUITO_LIQUIDO,3,PREINGRESO>LIQUIDO>EGRESO,R8,R8,Recepción Mercadería Líquida,CIRCUITO_LIQUIDO,false,63,true,true,true,UNKNOWN,UNKNOWN,,,0,false,false,,,,NONE,BEHAVIORAL,RIC_SL_MAS30M_SIN_CALADA_SL,missing_ingreso_frontal+suspicious_duplicate,RicPreIngInFr>RicCalLiq>RicEgrCamFrente,,incompleto_revision,true,0,RicIngCamFrente|RICARDONE_INGRESO_CAMIONES,2026-10-07T20:10:57.124Z,day,2026-10-04,2026-09-27,50,INGRESO|BALANZA_INGRESO|BALANZA_EGRESO,SECUENCIA_NO_CONCLUYENTE,false,false,incompleto_revision+punto_fuerte,2-S1>2-S2>2-S3,2026-09-27_2026-10-04,final_circuits.csv
b16afac1-7ea9-491b-b102-81f4aa24dc8b__cycle_1,PDQ847,PDQ847,ANOMALIAS,NO_DIFERENCIABLE_SIN_PUNTO_FUERTE,,UNKNOWN,true,false,SIN_PUNTO,,,incompleto_revision,Incompleto en revisión,INCOMPLETO,NO_DIFERENCIABLE,NO_DIFERENCIABLE_SIN_PUNTO_FUERTE,,INCOMPLETO,Incompleto,baja,33.3,"Coinciden 2 de 6 puntos esperados. Faltan ingreso, preingreso, calada, egreso.",6,2,4,false,sin_ingreso,true,balanza_egreso,false,false,DESPACHO_SIN_PUNTO_INSTRUMENTADO,2,BALANZA_INGRESO>BALANZA_EGRESO,SIN_PUNTO,SIN_PUNTO,Sin punto instrumentado (sólidos),DESPACHO_SIN_PUNTO_INSTRUMENTADO,false,0,false,false,false,UNKNOWN,UNKNOWN,,,0,false,false,,,,NONE,DATA_COVERAGE,EVENTOS_INSUFICIENTES,missing_ingreso_frontal,RicB3Ingreso>RicB3Egreso,,incompleto_revision,false,0,RicIngCamFrente|RICARDONE_INGRESO_CAMIONES,2026-10-07T20:10:57.124Z,day,2026-10-04,2026-09-27,33.3,INGRESO|PREINGRESO|CALADA|EGRESO,EVENTOS_INSUFICIENTES,false,false,circuito_probable_sin_ingreso,2-S4>2-S4,2026-09-27_2026-10-04,final_circuits.csv
d1db1bf4-2a0d-49d6-825c-66a040259061,CSC234,CSC234,ANOMALIAS,FRAGMENTO_SIN_CIERRE_OPERATIVO,,UNKNOWN,true,false,SIN_PUNTO,,,incompleto_revision,Incompleto en revisión,INCOMPLETO,INCOMPLETO,FRAGMENTO_SIN_CIERRE_OPERATIVO,,INCOMPLETO,Incompleto,muy_baja,33.3,"Coinciden 2 de 6 puntos esperados. Faltan ingreso, balanza ingreso, balanza egreso, egreso.",6,2,4,true,preingreso,false,sin_egreso,false,false,DESPACHO_SIN_PUNTO_INSTRUMENTADO,2,PREINGRESO>CALADA,SIN_PUNTO,SIN_PUNTO,Sin punto instrumentado (sólidos),DESPACHO_SIN_PUNTO_INSTRUMENTADO,false,0,false,false,false,UNKNOWN,UNKNOWN,,,0,false,false,,,,NONE,DATA_COVERAGE,EVENTOS_INSUFICIENTES,missing_ingreso_frontal,RicPreIngInFr>RicCal04,,incompleto_revision,false,0,RicIngCamFrente|RICARDONE_INGRESO_CAMIONES,2026-10-07T20:10:57.124Z,day,2026-10-04,2026-09-27,33.3,INGRESO|BALANZA_INGRESO|BALANZA_EGRESO|EGRESO,EVENTOS_INSUFICIENTES,false,false,circuito_probable_sin_egreso,2-S1>2-S2,2026-09-27_2026-10-04,final_circuits.csv
95cf8504-07a7-4be5-8ffc-e8039b2dac24__cycle_1,EAW743,EAW743,ANOMALIAS,NO_DIFERENCIABLE_SIN_PUNTO_FUERTE,,UNKNOWN,true,false,SIN_PUNTO,,,incompleto_revision,Incompleto en revisión,INCOMPLETO,NO_DIFERENCIABLE,NO_DIFERENCIABLE_SIN_PUNTO_FUERTE,,INCOMPLETO,Incompleto,baja,50,"Coinciden 3 de 6 puntos esperados. Faltan ingreso, balanza ingreso, egreso.",6,3,3,true,preingreso,true,egreso_y_balanza,false,true,DESPACHO_SIN_PUNTO_INSTRUMENTADO,4,PREINGRESO>CALADA>PLAYA>BALANZA_EGRESO,SIN_PUNTO,SIN_PUNTO,Sin punto instrumentado (sólidos),DESPACHO_SIN_PUNTO_INSTRUMENTADO,false,0,false,false,false,UNKNOWN,UNKNOWN,,,0,false,false,,,,NONE,DATA_COVERAGE,SECUENCIA_INCOMPLETA,missing_ingreso_frontal,RicPreIngInFr>RicCal04>RicS6Playa3>RicB2Egreso,,incompleto_revision,false,0,RicIngCamFrente|RICARDONE_INGRESO_CAMIONES,2026-10-07T20:10:57.124Z,day,2026-10-04,2026-09-27,50,INGRESO|BALANZA_INGRESO|EGRESO,SECUENCIA_NO_CONCLUYENTE,false,false,circuito_probable_sin_egreso,2-S1>2-S2>2-S6>2-S4,2026-09-27_2026-10-04,final_circuits.csv
ce33ca20-df33-435a-b21e-231f9a68587e,BWV144,BWV144,ANOMALIAS,JOURNEY_INCOMPLETO,,RICARDONE,true,false,R8,,LIQUIDO,incompleto_revision,Incompleto en revisión,INCOMPLETO,INCOMPLETO,SECUENCIA_NO_CONCLUYENTE,,INCOMPLETO,Incompleto,media,66.7,"Coinciden 4 de 6 puntos esperados. Faltan ingreso, balanza ingreso.",6,4,2,true,preingreso,true,egreso_y_balanza,false,true,CIRCUITO_LIQUIDO,7,PREINGRESO>LIQUIDO>PLAYA>BALANZA_EGRESO>SL_INGRESO>SL_BALANZA_INGRESO>SL_EGRESO,R8,R8,Recepción Mercadería Líquida,CIRCUITO_LIQUIDO,false,63,true,true,true,UNKNOWN,UNKNOWN,,,0,false,false,,,,NONE,BEHAVIORAL,RIC_SL_MAS30M_SIN_CALADA_SL,missing_ingreso_frontal+suspicious_duplicate,RicPreIngInFr>RicCalLiq>RicS6Playa3>RicB2Egreso>SLZIngCamFrente>SLZBalIngFte>SLZSalidaC1Fte,,incompleto_revision,true,0,RicIngCamFrente|RICARDONE_INGRESO_CAMIONES,2026-10-07T20:10:57.124Z,day,2026-10-04,2026-09-27,50,INGRESO|BALANZA_INGRESO|EGRESO,SECUENCIA_NO_CONCLUYENTE,false,false,circuito_probable_sin_egreso+punto_fuerte,2-S1>2-S2>2-S6>2-S4>1-S0>1-S1>1-S7,2026-09-27_2026-10-04,final_circuits.csv
0257a2b9-6c0f-4b38-84a9-c7bdb4118dcb__cycle_3,RTA146,RTA146,ANOMALIAS,NO_DIFERENCIABLE_SIN_PUNTO_FUERTE,,UNKNOWN,true,false,SIN_PUNTO,,,incompleto_revision,Incompleto en revisión,INCOMPLETO,NO_DIFERENCIABLE,NO_DIFERENCIABLE_SIN_PUNTO_FUERTE,,INCOMPLETO,Incompleto,muy_baja,33.3,"Coinciden 2 de 6 puntos esperados. Faltan ingreso, calada, balanza ingreso, egreso.",6,2,4,true,preingreso,true,egreso_y_balanza,false,true,DESPACHO_SIN_PUNTO_INSTRUMENTADO,3,PREINGRESO>PLAYA>BALANZA_EGRESO,SIN_PUNTO,SIN_PUNTO,Sin punto instrumentado (sólidos),DESPACHO_SIN_PUNTO_INSTRUMENTADO,false,0,false,false,false,UNKNOWN,UNKNOWN,,,0,false,false,,,,NONE,DATA_COVERAGE,SECUENCIA_INCOMPLETA,missing_ingreso_frontal,RicPreIngInFr>RicS6Playa3>RicB2Egreso,,incompleto_revision,false,0,RicIngCamFrente|RICARDONE_INGRESO_CAMIONES,2026-10-07T20:10:57.124Z,day,2026-10-04,2026-09-27,33.3,INGRESO|CALADA|BALANZA_INGRESO|EGRESO,SECUENCIA_NO_CONCLUYENTE,false,false,circuito_probable_sin_egreso,2-S1>2-S6>2-S4,2026-09-27_2026-10-04,final_circuits.csv
46ff4c9f-745e-46a3-b670-fcee9a20e27a,BOH961,BOH961,ANOMALIAS,NO_DIFERENCIABLE_SIN_PUNTO_FUERTE,,UNKNOWN,true,false,SIN_PUNTO,,,incompleto_revision,Incompleto en revisión,INCOMPLETO,NO_DIFERENCIABLE,NO_DIFERENCIABLE_SIN_PUNTO_FUERTE,,INCOMPLETO,Incompleto,muy_baja,33.3,"Coinciden 2 de 6 puntos esperados. Faltan ingreso, calada, balanza ingreso, egreso.",6,2,4,true,preingreso,true,egreso_y_balanza,false,true,DESPACHO_SIN_PUNTO_INSTRUMENTADO,2,PREINGRESO>BALANZA_EGRESO,SIN_PUNTO,SIN_PUNTO,Sin punto instrumentado (sólidos),DESPACHO_SIN_PUNTO_INSTRUMENTADO,false,0,false,false,false,UNKNOWN,UNKNOWN,,,0,false,false,,,,NONE,DATA_COVERAGE,EVENTOS_INSUFICIENTES,missing_ingreso_frontal,RicPreIngInFr>RicB2Egreso,,incompleto_revision,false,0,RicIngCamFrente|RICARDONE_INGRESO_CAMIONES,2026-10-07T20:10:57.124Z,day,2026-10-04,2026-09-27,33.3,INGRESO|CALADA|BALANZA_INGRESO|EGRESO,EVENTOS_INSUFICIENTES,false,false,circuito_probable_sin_egreso,2-S1>2-S4,2026-09-27_2026-10-04,final_circuits.csv
f9d536a9-f847-4af1-9fd5-211de180fd9e,CWW164,CWW164,ANOMALIAS,NO_DIFERENCIABLE_SIN_PUNTO_FUERTE,,UNKNOWN,true,false,SIN_PUNTO,,,incompleto_revision,Incompleto en revisión,INCOMPLETO,NO_DIFERENCIABLE,NO_DIFERENCIABLE_SIN_PUNTO_FUERTE,,INCOMPLETO,Incompleto,muy_baja,33.3,"Coinciden 2 de 6 puntos esperados. Faltan ingreso, preingreso, balanza ingreso, balanza egreso.",6,2,4,false,sin_ingreso,true,egreso,false,true,DESPACHO_SIN_PUNTO_INSTRUMENTADO,2,CALADA>EGRESO,SIN_PUNTO,SIN_PUNTO,Sin punto instrumentado (sólidos),DESPACHO_SIN_PUNTO_INSTRUMENTADO,false,0,false,false,false,UNKNOWN,UNKNOWN,,,0,false,false,,,,NONE,DATA_COVERAGE,EVENTOS_INSUFICIENTES,missing_ingreso_frontal+suspicious_duplicate,RicCal04>RicEgrCamFrente,,incompleto_revision,false,0,RicIngCamFrente|RICARDONE_INGRESO_CAMIONES,2026-10-07T20:10:57.124Z,day,2026-10-04,2026-09-27,33.3,INGRESO|PREINGRESO|BALANZA_INGRESO|BALANZA_EGRESO,EVENTOS_INSUFICIENTES,false,false,circuito_probable_sin_ingreso,2-S2>2-S3,2026-09-27_2026-10-04,final_circuits.csv
7d2613f3-1d60-469d-8fb4-adc3eff1f695__cycle_1,AE260HD,AE260HD,ANOMALIAS,NO_DIFERENCIABLE_SIN_PUNTO_FUERTE,,UNKNOWN,true,false,SIN_PUNTO,,,incompleto_revision,Incompleto en revisión,INCOMPLETO,NO_DIFERENCIABLE,NO_DIFERENCIABLE_SIN_PUNTO_FUERTE,,INCOMPLETO,Incompleto,baja,33.3,"Coinciden 2 de 6 puntos esperados. Faltan ingreso, preingreso, calada, egreso.",6,2,4,false,sin_ingreso,true,balanza_egreso,false,false,DESPACHO_SIN_PUNTO_INSTRUMENTADO,2,BALANZA_INGRESO>BALANZA_EGRESO,SIN_PUNTO,SIN_PUNTO,Sin punto instrumentado (sólidos),DESPACHO_SIN_PUNTO_INSTRUMENTADO,false,0,false,false,false,UNKNOWN,UNKNOWN,,,0,false,false,,,,NONE,DATA_COVERAGE,EVENTOS_INSUFICIENTES,missing_ingreso_frontal+suspicious_duplicate,RicB3Ingreso>RicB3Egreso,,incompleto_revision,false,0,RicIngCamFrente|RICARDONE_INGRESO_CAMIONES,2026-10-07T20:10:57.124Z,day,2026-10-04,2026-09-27,33.3,INGRESO|PREINGRESO|CALADA|EGRESO,EVENTOS_INSUFICIENTES,false,false,circuito_probable_sin_ingreso,2-S4>2-S4,2026-09-27_2026-10-04,final_circuits.csv
ea912b4d-7fde-42c4-846d-a4e15ca811da,RKS646,RKS646,ANOMALIAS,JOURNEY_INCOMPLETO,,RICARDONE,true,false,R8,,LIQUIDO,incompleto_revision,Incompleto en revisión,INCOMPLETO,INCOMPLETO,SECUENCIA_NO_CONCLUYENTE,,INCOMPLETO,Incompleto,media,66.7,"Coinciden 4 de 6 puntos esperados. Faltan ingreso, balanza ingreso.",6,4,2,true,preingreso,true,egreso_y_balanza,false,true,CIRCUITO_LIQUIDO,6,PREINGRESO>LIQUIDO>PLAYA>BALANZA_EGRESO>SL_INGRESO>SL_EGRESO,R8,R8,Recepción Mercadería Líquida,CIRCUITO_LIQUIDO,false,63,true,true,true,UNKNOWN,UNKNOWN,,,0,false,false,,,,NONE,BEHAVIORAL,RIC_SL_MAS30M_SIN_CALADA_SL,missing_ingreso_frontal+suspicious_duplicate,RicPreIngInFr>RicCalLiq>RicS6Playa3>RicB2Egreso>SLZIngCamFrente>SLZSalidaC1Fte,,incompleto_revision,true,0,RicIngCamFrente|RICARDONE_INGRESO_CAMIONES,2026-10-07T20:10:57.124Z,day,2026-10-04,2026-09-27,50,INGRESO|BALANZA_INGRESO|EGRESO,SECUENCIA_NO_CONCLUYENTE,false,false,circuito_probable_sin_egreso+punto_fuerte,2-S1>2-S2>2-S6>2-S4>1-S0>1-S7,2026-09-27_2026-10-04,final_circuits.csv
18761171-7c3e-48f6-93fd-22c27a87707d,CSZ358,CSZ358,ANOMALIAS,NO_DIFERENCIABLE_SIN_PUNTO_FUERTE,,UNKNOWN,true,false,SIN_PUNTO,,SAN_LORENZO,incompleto_revision,Incompleto en revisión,INCOMPLETO,NO_DIFERENCIABLE,NO_DIFERENCIABLE_SIN_PUNTO_FUERTE,,INCOMPLETO,Incompleto,baja,33.3,"Coinciden 2 de 6 puntos esperados. Faltan ingreso, balanza ingreso, balanza egreso, egreso.",6,2,4,true,preingreso,false,sin_egreso,false,false,DESPACHO_SIN_PUNTO_INSTRUMENTADO,6,PREINGRESO>CALADA>SL_BALANZA_INGRESO>SL_VOLCABLE>SL_EGRESO,SIN_PUNTO,SIN_PUNTO,Sin punto instrumentado (sólidos),DESPACHO_SIN_PUNTO_INSTRUMENTADO,false,0,true,false,false,UNKNOWN,UNKNOWN,,,0,false,false,,,,NONE,DATA_COVERAGE,SECUENCIA_INCOMPLETA,missing_ingreso_frontal,RicPreIngInFr>RicCal03>SLZBalIngFte>SLZVolcableC1>SLZVolcableC2>SLZSalidaC1Fte,,incompleto_revision,true,0,RicIngCamFrente|RICARDONE_INGRESO_CAMIONES,2026-10-07T20:10:57.124Z,day,2026-10-04,2026-09-27,33.3,INGRESO|BALANZA_INGRESO|BALANZA_EGRESO|EGRESO,SECUENCIA_NO_CONCLUYENTE,false,false,circuito_probable_sin_egreso+punto_fuerte,2-S1>2-S2>1-S1>1-S4>1-S4>1-S7,2026-09-27_2026-10-04,final_circuits.csv
223ce306-ea2d-40a0-9583-fa8a3a1923f7,GHX203,GHX203,ANOMALIAS,FRAGMENTO_SIN_CIERRE_OPERATIVO,,UNKNOWN,true,false,SIN_PUNTO,,,incompleto_revision,Incompleto en revisión,INCOMPLETO,INCOMPLETO,FRAGMENTO_SIN_CIERRE_OPERATIVO,,INCOMPLETO,Incompleto,muy_baja,33.3,"Coinciden 2 de 6 puntos esperados. Faltan ingreso, balanza ingreso, balanza egreso, egreso.",6,2,4,true,preingreso,false,sin_egreso,false,false,DESPACHO_SIN_PUNTO_INSTRUMENTADO,2,PREINGRESO>CALADA,SIN_PUNTO,SIN_PUNTO,Sin punto instrumentado (sólidos),DESPACHO_SIN_PUNTO_INSTRUMENTADO,false,0,false,false,false,UNKNOWN,UNKNOWN,,,0,false,false,,,,NONE,DATA_COVERAGE,EVENTOS_INSUFICIENTES,missing_ingreso_frontal,RicPreIngInFr>RicCal04,,incompleto_revision,false,0,RicIngCamFrente|RICARDONE_INGRESO_CAMIONES,2026-10-07T20:10:57.124Z,day,2026-10-04,2026-09-27,33.3,INGRESO|BALANZA_INGRESO|BALANZA_EGRESO|EGRESO,EVENTOS_INSUFICIENTES,false,false,circuito_probable_sin_egreso,2-S1>2-S2,2026-09-27_2026-10-04,final_circuits.csv
707cbeb2-4404-44b1-a87c-ff83d13690bb__cycle_3,CQF701,CQF701,ANOMALIAS,NO_DIFERENCIABLE_SIN_PUNTO_FUERTE,,UNKNOWN,true,false,SIN_PUNTO,,,incompleto_revision,Incompleto en revisión,INCOMPLETO,NO_DIFERENCIABLE,NO_DIFERENCIABLE_SIN_PUNTO_FUERTE,,INCOMPLETO,Incompleto,muy_baja,33.3,"Coinciden 2 de 6 puntos esperados. Faltan ingreso, preingreso, balanza ingreso, egreso.",6,2,4,false,sin_ingreso,true,egreso_y_balanza,false,true,DESPACHO_SIN_PUNTO_INSTRUMENTADO,3,CALADA>PLAYA>BALANZA_EGRESO,SIN_PUNTO,SIN_PUNTO,Sin punto instrumentado (sólidos),DESPACHO_SIN_PUNTO_INSTRUMENTADO,false,0,false,false,false,UNKNOWN,UNKNOWN,,,0,false,false,,,,NONE,DATA_COVERAGE,SECUENCIA_INCOMPLETA,missing_ingreso_frontal+suspicious_duplicate,RicCal03>RicS6Playa3>RicB2Egreso,,incompleto_revision,false,0,RicIngCamFrente|RICARDONE_INGRESO_CAMIONES,2026-10-07T20:10:57.124Z,day,2026-10-04,2026-09-27,33.3,INGRESO|PREINGRESO|BALANZA_INGRESO|EGRESO,SECUENCIA_NO_CONCLUYENTE,false,false,circuito_probable_sin_ingreso,2-S2>2-S6>2-S4,2026-09-27_2026-10-04,final_circuits.csv
1026a21d-baf4-42a3-880b-f02531cae10f__cycle_4,AYK824,AYK824,ANOMALIAS,JOURNEY_INCOMPLETO,,RICARDONE,true,false,R6,,RICARDONE,incompleto_revision,Incompleto en revisión,INCOMPLETO,INCOMPLETO,SECUENCIA_NO_CONCLUYENTE,,INCOMPLETO,Incompleto,baja,14.3,"Coinciden 1 de 7 puntos esperados. Faltan ingreso, preingreso, calada, balanza ingreso, balanza egreso, egreso.",7,1,6,false,sin_ingreso,false,sin_egreso,false,false,CIRCUITO_VOLCABLE_1_2,4,VOLCABLE>CARGA_S7,R6,R6,Recepción Volcable 2,CIRCUITO_VOLCABLE_1_2,false,67,true,true,true,UNKNOWN,UNKNOWN,,,0,false,false,,,,NONE,DATA_COVERAGE,SECUENCIA_INCOMPLETA,missing_ingreso_frontal,RicVolcable2>RicVolcable2>RicVolcable2>RicS7Carga,,incompleto_revision,true,0,RicIngCamFrente|RICARDONE_INGRESO_CAMIONES,2026-10-07T20:10:57.124Z,day,2026-10-04,2026-09-27,14.3,INGRESO|PREINGRESO|CALADA|BALANZA_INGRESO|BALANZA_EGRESO|EGRESO,SECUENCIA_NO_CONCLUYENTE,false,false,circuito_probable_sin_ingreso+punto_fuerte,2-S9>2-S9>2-S9>2-S7,2026-09-27_2026-10-04,final_circuits.csv
d0103c1d-ce78-493b-89af-dd0839c802cf,JPZ027,JPZ027,ANOMALIAS,JOURNEY_INCOMPLETO,,RICARDONE,true,false,R8,,LIQUIDO,incompleto_revision,Incompleto en revisión,INCOMPLETO,INCOMPLETO,SECUENCIA_NO_CONCLUYENTE,,INCOMPLETO,Incompleto,media,66.7,"Coinciden 4 de 6 puntos esperados. Faltan ingreso, balanza ingreso.",6,4,2,true,preingreso,true,egreso_y_balanza,false,true,CIRCUITO_LIQUIDO,8,PREINGRESO>LIQUIDO>PLAYA>BALANZA_EGRESO>SL_INGRESO>SL_BALANZA_INGRESO>SL_VOLCABLE>SL_EGRESO,R8,R8,Recepción Mercadería Líquida,CIRCUITO_LIQUIDO,false,63,true,true,true,UNKNOWN,UNKNOWN,,,0,false,false,,,,NONE,BEHAVIORAL,RIC_SL_MAS30M_SIN_CALADA_SL,missing_ingreso_frontal+suspicious_duplicate,RicPreIngInFr>RicCalLiq>RicS6Playa3>RicB2Egreso>SLZIngCamFrente>SLZBalIngFte>SLZVolcableC4>SLZSalidaC1Fte,,incompleto_revision,true,0,RicIngCamFrente|RICARDONE_INGRESO_CAMIONES,2026-10-07T20:10:57.124Z,day,2026-10-04,2026-09-27,50,INGRESO|BALANZA_INGRESO|EGRESO,SECUENCIA_NO_CONCLUYENTE,false,false,circuito_probable_sin_egreso+punto_fuerte,2-S1>2-S2>2-S6>2-S4>1-S0>1-S1>1-S4>1-S7,2026-09-27_2026-10-04,final_circuits.csv
42676836-9ec1-45a4-a3be-31b5227b760b,LIQ674,LIQ674,ANOMALIAS,NO_DIFERENCIABLE_SIN_PUNTO_FUERTE,,UNKNOWN,true,false,SIN_PUNTO,,SAN_LORENZO,incompleto_revision,Incompleto en revisión,INCOMPLETO,NO_DIFERENCIABLE,NO_DIFERENCIABLE_SIN_PUNTO_FUERTE,,INCOMPLETO,Incompleto,baja,33.3,"Coinciden 2 de 6 puntos esperados. Faltan ingreso, balanza ingreso, balanza egreso, egreso.",6,2,4,true,preingreso,false,sin_egreso,false,false,DESPACHO_SIN_PUNTO_INSTRUMENTADO,3,PREINGRESO>CALADA>SL_BALANZA_INGRESO,SIN_PUNTO,SIN_PUNTO,Sin punto instrumentado (sólidos),DESPACHO_SIN_PUNTO_INSTRUMENTADO,false,0,true,false,false,UNKNOWN,UNKNOWN,,,0,false,false,,,,NONE,DATA_COVERAGE,SECUENCIA_INCOMPLETA,missing_ingreso_frontal,RicPreIngInFr>RicCal04>SLZBalIngFte,,incompleto_revision,true,0,RicIngCamFrente|RICARDONE_INGRESO_CAMIONES,2026-10-07T20:10:57.124Z,day,2026-10-04,2026-09-27,33.3,INGRESO|BALANZA_INGRESO|BALANZA_EGRESO|EGRESO,SECUENCIA_NO_CONCLUYENTE,false,false,circuito_probable_sin_egreso+punto_fuerte,2-S1>2-S2>1-S1,2026-09-27_2026-10-04,final_circuits.csv
f5f25b9e-f0d1-420a-9615-5df1de351a0f,OHA811,OHA811,ANOMALIAS,NO_DIFERENCIABLE_SIN_PUNTO_FUERTE,,UNKNOWN,true,false,SIN_PUNTO,,SAN_LORENZO,incompleto_revision,Incompleto en revisión,INCOMPLETO,NO_DIFERENCIABLE,NO_DIFERENCIABLE_SIN_PUNTO_FUERTE,,INCOMPLETO,Incompleto,baja,33.3,"Coinciden 2 de 6 puntos esperados. Faltan ingreso, balanza ingreso, balanza egreso, egreso.",6,2,4,true,preingreso,false,sin_egreso,false,false,DESPACHO_SIN_PUNTO_INSTRUMENTADO,4,PREINGRESO>CALADA>SL_BALANZA_INGRESO>SL_EGRESO,SIN_PUNTO,SIN_PUNTO,Sin punto instrumentado (sólidos),DESPACHO_SIN_PUNTO_INSTRUMENTADO,false,0,true,false,false,UNKNOWN,UNKNOWN,,,0,false,false,,,,NONE,DATA_COVERAGE,SECUENCIA_INCOMPLETA,missing_ingreso_frontal,RicPreIngInFr>RicCal03>SLZBalIngFte>SLZSalidaC1Fte,,incompleto_revision,true,0,RicIngCamFrente|RICARDONE_INGRESO_CAMIONES,2026-10-07T20:10:57.124Z,day,2026-10-04,2026-09-27,33.3,INGRESO|BALANZA_INGRESO|BALANZA_EGRESO|EGRESO,SECUENCIA_NO_CONCLUYENTE,false,false,circuito_probable_sin_egreso+punto_fuerte,2-S1>2-S2>1-S1>1-S7,2026-09-27_2026-10-04,final_circuits.csv
a772aaef-a6ca-4355-ac79-1947b7a3731a,BER232,BER232,ANOMALIAS,NO_DIFERENCIABLE_SIN_PUNTO_FUERTE,,UNKNOWN,true,false,SIN_PUNTO,,SAN_LORENZO,incompleto_revision,Incompleto en revisión,INCOMPLETO,NO_DIFERENCIABLE,NO_DIFERENCIABLE_SIN_PUNTO_FUERTE,,INCOMPLETO,Incompleto,baja,33.3,"Coinciden 2 de 6 puntos esperados. Faltan ingreso, balanza ingreso, balanza egreso, egreso.",6,2,4,true,preingreso,false,sin_egreso,false,false,DESPACHO_SIN_PUNTO_INSTRUMENTADO,3,PREINGRESO>CALADA>SL_EGRESO,SIN_PUNTO,SIN_PUNTO,Sin punto instrumentado (sólidos),DESPACHO_SIN_PUNTO_INSTRUMENTADO,false,0,true,false,false,UNKNOWN,UNKNOWN,,,0,false,false,,,,NONE,DATA_COVERAGE,SECUENCIA_INCOMPLETA,missing_ingreso_frontal,RicPreIngInFr>RicCal03>SLZSalidaC1Fte,,incompleto_revision,true,0,RicIngCamFrente|RICARDONE_INGRESO_CAMIONES,2026-10-07T20:10:57.124Z,day,2026-10-04,2026-09-27,33.3,INGRESO|BALANZA_INGRESO|BALANZA_EGRESO|EGRESO,SECUENCIA_NO_CONCLUYENTE,false,false,circuito_probable_sin_egreso+punto_fuerte,2-S1>2-S2>1-S7,2026-09-27_2026-10-04,final_circuits.csv
2d814fde-dd12-42b0-8667-6b04a043fde8,AA52800,AA52800,ANOMALIAS,NO_DIFERENCIABLE_SIN_PUNTO_FUERTE,,UNKNOWN,true,false,SIN_PUNTO,,SAN_LORENZO,incompleto_revision,Incompleto en revisión,INCOMPLETO,NO_DIFERENCIABLE,NO_DIFERENCIABLE_SIN_PUNTO_FUERTE,,INCOMPLETO,Incompleto,baja,33.3,"Coinciden 2 de 6 puntos esperados. Faltan ingreso, balanza ingreso, balanza egreso, egreso.",6,2,4,true,preingreso,false,sin_egreso,false,false,DESPACHO_SIN_PUNTO_INSTRUMENTADO,3,PREINGRESO>CALADA>SL_EGRESO,SIN_PUNTO,SIN_PUNTO,Sin punto instrumentado (sólidos),DESPACHO_SIN_PUNTO_INSTRUMENTADO,false,0,true,false,false,UNKNOWN,UNKNOWN,,,0,false,false,,,,NONE,DATA_COVERAGE,SECUENCIA_INCOMPLETA,missing_ingreso_frontal,RicPreIngInFr>RicCal03>SLZSalidaC1Fte,,incompleto_revision,true,0,RicIngCamFrente|RICARDONE_INGRESO_CAMIONES,2026-10-07T20:10:57.124Z,day,2026-10-04,2026-09-27,33.3,INGRESO|BALANZA_INGRESO|BALANZA_EGRESO|EGRESO,SECUENCIA_NO_CONCLUYENTE,false,false,circuito_probable_sin_egreso+punto_fuerte,2-S1>2-S2>1-S7,2026-09-27_2026-10-04,final_circuits.csv
bc8b9991-e57e-4d1c-9ebd-21d1bd70a54e,CFX295,CFX295,ANOMALIAS,NO_DIFERENCIABLE_SIN_PUNTO_FUERTE,,UNKNOWN,true,false,SIN_PUNTO,,SAN_LORENZO,incompleto_revision,Incompleto en revisión,INCOMPLETO,NO_DIFERENCIABLE,NO_DIFERENCIABLE_SIN_PUNTO_FUERTE,,INCOMPLETO,Incompleto,baja,33.3,"Coinciden 2 de 6 puntos esperados. Faltan ingreso, balanza ingreso, balanza egreso, egreso.",6,2,4,true,preingreso,false,sin_egreso,false,false,DESPACHO_SIN_PUNTO_INSTRUMENTADO,4,PREINGRESO>CALADA>SL_BALANZA_INGRESO>SL_EGRESO,SIN_PUNTO,SIN_PUNTO,Sin punto instrumentado (sólidos),DESPACHO_SIN_PUNTO_INSTRUMENTADO,false,0,true,false,false,UNKNOWN,UNKNOWN,,,0,false,false,,,,NONE,DATA_COVERAGE,SECUENCIA_INCOMPLETA,missing_ingreso_frontal,RicPreIngInFr>RicCal03>SLZBalIngFte>SLZSalidaC1Fte,,incompleto_revision,true,0,RicIngCamFrente|RICARDONE_INGRESO_CAMIONES,2026-10-07T20:10:57.124Z,day,2026-10-04,2026-09-27,33.3,INGRESO|BALANZA_INGRESO|BALANZA_EGRESO|EGRESO,SECUENCIA_NO_CONCLUYENTE,false,false,circuito_probable_sin_egreso+punto_fuerte,2-S1>2-S2>1-S1>1-S7,2026-09-27_2026-10-04,final_circuits.csv
bd3a5956-e414-4d96-ad2e-8144ea6c8cca,RYJ562,RYJ562,ANOMALIAS,JOURNEY_INCOMPLETO,,RICARDONE,true,false,R8,,LIQUIDO,incompleto_revision,Incompleto en revisión,INCOMPLETO,INCOMPLETO,SECUENCIA_NO_CONCLUYENTE,,INCOMPLETO,Incompleto,media,66.7,"Coinciden 4 de 6 puntos esperados. Faltan ingreso, balanza ingreso.",6,4,2,true,preingreso,true,egreso_y_balanza,false,true,CIRCUITO_LIQUIDO,7,PREINGRESO>LIQUIDO>BALANZA_EGRESO>SL_INGRESO>SL_BALANZA_INGRESO>SL_EGRESO,R8,R8,Recepción Mercadería Líquida,CIRCUITO_LIQUIDO,false,63,true,true,true,UNKNOWN,UNKNOWN,,,0,false,false,,,,NONE,DATA_COVERAGE,SECUENCIA_INCOMPLETA,missing_ingreso_frontal,RicPreIngInFr>RicPreIngInFr>RicCalLiq>RicB2Egreso>SLZIngCamFrente>SLZBalIngFte>SLZSalidaC1Fte,,incompleto_revision,true,0,RicIngCamFrente|RICARDONE_INGRESO_CAMIONES,2026-10-07T20:10:57.124Z,day,2026-10-04,2026-09-27,50,INGRESO|BALANZA_INGRESO|EGRESO,SECUENCIA_NO_CONCLUYENTE,false,false,circuito_probable_sin_egreso+punto_fuerte,2-S1>2-S1>2-S2>2-S4>1-S0>1-S1>1-S7,2026-09-27_2026-10-04,final_circuits.csv
9ade3dab-0e63-4d07-97d1-759f0f69c363,BWV144,BWV144,ANOMALIAS,JOURNEY_INCOMPLETO,,RICARDONE,true,false,R8,,LIQUIDO,incompleto_revision,Incompleto en revisión,INCOMPLETO,INCOMPLETO,SECUENCIA_NO_CONCLUYENTE,,INCOMPLETO,Incompleto,media,66.7,"Coinciden 4 de 6 puntos esperados. Faltan ingreso, balanza ingreso.",6,4,2,true,preingreso,true,egreso_y_balanza,false,true,CIRCUITO_LIQUIDO,8,PREINGRESO>LIQUIDO>PLAYA>BALANZA_EGRESO>SL_INGRESO>SL_BALANZA_INGRESO>SL_VOLCABLE>SL_EGRESO,R8,R8,Recepción Mercadería Líquida,CIRCUITO_LIQUIDO,false,63,true,true,true,UNKNOWN,UNKNOWN,,,0,false,false,,,,NONE,BEHAVIORAL,SL_RIC_2H_SIN_CIRCUITO_NO_PELLET,missing_ingreso_frontal+suspicious_duplicate,RicPreIngInFr>RicCalLiq>RicS6Playa3>RicB2Egreso>SLZIngCamFrente>SLZBalIngFte>SLZVolcableC4>SLZSalidaC1Fte,,incompleto_revision,true,0,RicIngCamFrente|RICARDONE_INGRESO_CAMIONES,2026-10-07T20:10:57.124Z,day,2026-10-04,2026-09-27,50,INGRESO|BALANZA_INGRESO|EGRESO,SECUENCIA_NO_CONCLUYENTE,false,false,circuito_probable_sin_egreso+punto_fuerte,2-S1>2-S2>2-S6>2-S4>1-S0>1-S1>1-S4>1-S7,2026-09-27_2026-10-04,final_circuits.csv
21ec23b7-fa3f-4a70-a631-82cbcde1d37d__cycle_3,AB114CN,AB114CN,ANOMALIAS,JOURNEY_INCOMPLETO,,RICARDONE,true,false,R4,,RICARDONE,incompleto_revision,Incompleto en revisión,INCOMPLETO,INCOMPLETO,SECUENCIA_NO_CONCLUYENTE,,INCOMPLETO,Incompleto,baja,50,"Coinciden 3 de 6 puntos esperados. Faltan ingreso, balanza ingreso, egreso.",6,3,3,true,preingreso,true,egreso_y_balanza,false,true,DESPACHO_SIN_PUNTO_INSTRUMENTADO,4,PREINGRESO>CALADA>DESCARGA_S7>BALANZA_EGRESO,R4,R4,Recepción Silos Kepler 2,DESPACHO_SIN_PUNTO_INSTRUMENTADO,false,67,true,true,true,UNKNOWN,UNKNOWN,,,0,false,false,,,,NONE,DATA_COVERAGE,SECUENCIA_INCOMPLETA,missing_ingreso_frontal,RicPreIngInFr>RicCal04>RicS7DescLinea2>RicB2Egreso,,incompleto_revision,false,0,RicIngCamFrente|RICARDONE_INGRESO_CAMIONES,2026-10-07T20:10:57.124Z,day,2026-10-04,2026-09-27,50,INGRESO|BALANZA_INGRESO|EGRESO,SECUENCIA_NO_CONCLUYENTE,false,false,circuito_probable_sin_egreso,2-S1>2-S2>2-S7>2-S4,2026-09-27_2026-10-04,final_circuits.csv
4ad39d7c-5194-48a7-b780-82dd79059b09,DFP716,DFP716,ANOMALIAS,NO_DIFERENCIABLE_SIN_PUNTO_FUERTE,,UNKNOWN,true,false,SIN_PUNTO,,SAN_LORENZO,incompleto_revision,Incompleto en revisión,INCOMPLETO,NO_DIFERENCIABLE,NO_DIFERENCIABLE_SIN_PUNTO_FUERTE,,INCOMPLETO,Incompleto,baja,33.3,"Coinciden 2 de 6 puntos esperados. Faltan ingreso, calada, balanza ingreso, egreso.",6,2,4,true,preingreso,true,egreso_y_balanza,false,true,DESPACHO_SIN_PUNTO_INSTRUMENTADO,5,PREINGRESO>BALANZA_EGRESO>SL_INGRESO>SL_BALANZA_INGRESO>SL_EGRESO,SIN_PUNTO,SIN_PUNTO,Sin punto instrumentado (sólidos),DESPACHO_SIN_PUNTO_INSTRUMENTADO,false,0,true,false,false,UNKNOWN,UNKNOWN,,,0,false,false,,,,NONE,BEHAVIORAL,SL_RIC_2H_SIN_CIRCUITO_NO_PELLET,missing_ingreso_frontal+suspicious_duplicate,RicPreIngInFr>RicB2Egreso>SLZIngCamFrente>SLZBalIngFte>SLZSalidaC1Fte,,incompleto_revision,true,0,RicIngCamFrente|RICARDONE_INGRESO_CAMIONES,2026-10-07T20:10:57.124Z,day,2026-10-04,2026-09-27,33.3,INGRESO|CALADA|BALANZA_INGRESO|EGRESO,SECUENCIA_NO_CONCLUYENTE,false,false,circuito_probable_sin_egreso+punto_fuerte,2-S1>2-S4>1-S0>1-S1>1-S7,2026-09-27_2026-10-04,final_circuits.csv
0bbb9582-24b0-4b03-b5a3-ed76cc9e3755,CGV979,CGV979,ANOMALIAS,NO_DIFERENCIABLE_SIN_PUNTO_FUERTE,,UNKNOWN,true,false,SIN_PUNTO,,SAN_LORENZO,incompleto_revision,Incompleto en revisión,INCOMPLETO,NO_DIFERENCIABLE,NO_DIFERENCIABLE_SIN_PUNTO_FUERTE,,INCOMPLETO,Incompleto,baja,33.3,"Coinciden 2 de 6 puntos esperados. Faltan ingreso, calada, balanza ingreso, egreso.",6,2,4,true,preingreso,true,egreso_y_balanza,false,true,DESPACHO_SIN_PUNTO_INSTRUMENTADO,7,PREINGRESO>BALANZA_EGRESO>SL_BALANZA_INGRESO>BALANZA_EGRESO>SL_BALANZA_INGRESO>SL_VOLCABLE>SL_EGRESO,SIN_PUNTO,SIN_PUNTO,Sin punto instrumentado (sólidos),DESPACHO_SIN_PUNTO_INSTRUMENTADO,false,0,true,false,false,UNKNOWN,UNKNOWN,,,0,false,false,,,,NONE,BEHAVIORAL,RIC_SL_MAS30M_SIN_CALADA_SL,missing_ingreso_frontal,RicPreIngInFr>RicB2Egreso>SLZBalIngFte>RicB2Egreso>SLZBalIngFte>SLZVolcableC4>SLZSalidaC1Fte,,incompleto_revision,true,0,RicIngCamFrente|RICARDONE_INGRESO_CAMIONES,2026-10-07T20:10:57.124Z,day,2026-10-04,2026-09-27,33.3,INGRESO|CALADA|BALANZA_INGRESO|EGRESO,SECUENCIA_NO_CONCLUYENTE,false,false,circuito_probable_sin_egreso+punto_fuerte,2-S1>2-S4>1-S1>2-S4>1-S1>1-S4>1-S7,2026-09-27_2026-10-04,final_circuits.csv
24324542-5ce6-40cb-8205-a63fb5756259,FCI638,FCI638,ANOMALIAS,FRAGMENTO_SIN_CIERRE_OPERATIVO,,UNKNOWN,true,false,SIN_PUNTO,,,incompleto_revision,Incompleto en revisión,INCOMPLETO,INCOMPLETO,FRAGMENTO_SIN_CIERRE_OPERATIVO,,INCOMPLETO,Incompleto,muy_baja,33.3,"Coinciden 2 de 6 puntos esperados. Faltan ingreso, balanza ingreso, balanza egreso, egreso.",6,2,4,true,preingreso,false,sin_egreso,false,false,DESPACHO_SIN_PUNTO_INSTRUMENTADO,2,PREINGRESO>CALADA,SIN_PUNTO,SIN_PUNTO,Sin punto instrumentado (sólidos),DESPACHO_SIN_PUNTO_INSTRUMENTADO,false,0,false,false,false,UNKNOWN,UNKNOWN,,,0,false,false,,,,NONE,DATA_COVERAGE,EVENTOS_INSUFICIENTES,missing_ingreso_frontal,RicPreIngInFr>RicCal04,,incompleto_revision,false,0,RicIngCamFrente|RICARDONE_INGRESO_CAMIONES,2026-10-07T20:10:57.124Z,day,2026-10-04,2026-09-27,33.3,INGRESO|BALANZA_INGRESO|BALANZA_EGRESO|EGRESO,EVENTOS_INSUFICIENTES,false,false,circuito_probable_sin_egreso,2-S1>2-S2,2026-09-27_2026-10-04,final_circuits.csv
da422ea5-32a9-4dbb-89b3-7e3969ebf6cc,RKS646,RKS646,ANOMALIAS,JOURNEY_INCOMPLETO,,RICARDONE,true,false,R8,,LIQUIDO,incompleto_revision,Incompleto en revisión,INCOMPLETO,INCOMPLETO,SECUENCIA_NO_CONCLUYENTE,,INCOMPLETO,Incompleto,media,66.7,"Coinciden 4 de 6 puntos esperados. Faltan ingreso, balanza ingreso.",6,4,2,true,preingreso,true,egreso_y_balanza,false,true,CIRCUITO_LIQUIDO,7,PREINGRESO>LIQUIDO>BALANZA_EGRESO>SL_INGRESO>SL_BALANZA_INGRESO>SL_VOLCABLE>SL_EGRESO,R8,R8,Recepción Mercadería Líquida,CIRCUITO_LIQUIDO,false,63,true,true,true,UNKNOWN,UNKNOWN,,,0,false,false,,,,NONE,BEHAVIORAL,SL_RIC_2H_SIN_CIRCUITO_NO_PELLET,missing_ingreso_frontal+suspicious_duplicate,RicPreIngInFr>RicCalLiq>RicB2Egreso>SLZIngCamFrente>SLZBalIngFte>SLZVolcableC4>SLZSalidaC1Fte,,incompleto_revision,true,0,RicIngCamFrente|RICARDONE_INGRESO_CAMIONES,2026-10-07T20:10:57.124Z,day,2026-10-04,2026-09-27,50,INGRESO|BALANZA_INGRESO|EGRESO,SECUENCIA_NO_CONCLUYENTE,false,false,circuito_probable_sin_egreso+punto_fuerte,2-S1>2-S2>2-S4>1-S0>1-S1>1-S4>1-S7,2026-09-27_2026-10-04,final_circuits.csv
fa8751df-ab4f-410c-933f-ce1f03c80dde,AA346YI,AA346YI,ANOMALIAS,JOURNEY_INCOMPLETO,,RICARDONE,true,false,R4,,RICARDONE,incompleto_revision,Incompleto en revisión,INCOMPLETO,INCOMPLETO,SECUENCIA_NO_CONCLUYENTE,,INCOMPLETO,Incompleto,baja,50,"Coinciden 3 de 6 puntos esperados. Faltan ingreso, balanza ingreso, egreso.",6,3,3,true,preingreso,true,egreso_y_balanza,false,true,DESPACHO_SIN_PUNTO_INSTRUMENTADO,5,PREINGRESO>CALADA>PLAYA>DESCARGA_S7>BALANZA_EGRESO,R4,R4,Recepción Silos Kepler 2,DESPACHO_SIN_PUNTO_INSTRUMENTADO,false,67,true,true,true,UNKNOWN,UNKNOWN,,,0,false,false,,,,NONE,DATA_COVERAGE,SECUENCIA_INCOMPLETA,missing_ingreso_frontal,RicPreIngInFr>RicCal04>RicS6Playa3>RicS7DescLinea2>RicB2Egreso,,incompleto_revision,false,0,RicIngCamFrente|RICARDONE_INGRESO_CAMIONES,2026-10-07T20:10:57.124Z,day,2026-10-04,2026-09-27,50,INGRESO|BALANZA_INGRESO|EGRESO,SECUENCIA_NO_CONCLUYENTE,false,false,circuito_probable_sin_egreso,2-S1>2-S2>2-S6>2-S7>2-S4,2026-09-27_2026-10-04,final_circuits.csv
0d6e12b8-e3ae-401b-befd-1f54a0a35f49,JPZ027,JPZ027,ANOMALIAS,JOURNEY_INCOMPLETO,,RICARDONE,true,false,R8,,LIQUIDO,incompleto_revision,Incompleto en revisión,INCOMPLETO,INCOMPLETO,SECUENCIA_NO_CONCLUYENTE,,INCOMPLETO,Incompleto,media,66.7,"Coinciden 4 de 6 puntos esperados. Faltan ingreso, balanza ingreso.",6,4,2,true,preingreso,true,egreso_y_balanza,false,true,CIRCUITO_LIQUIDO,8,PREINGRESO>LIQUIDO>PLAYA>BALANZA_EGRESO>SL_INGRESO>SL_BALANZA_INGRESO>SL_VOLCABLE>SL_EGRESO,R8,R8,Recepción Mercadería Líquida,CIRCUITO_LIQUIDO,false,63,true,true,true,UNKNOWN,UNKNOWN,,,0,false,false,,,,NONE,BEHAVIORAL,SL_RIC_2H_SIN_CIRCUITO_NO_PELLET,missing_ingreso_frontal+suspicious_duplicate,RicPreIngInFr>RicCalLiq>RicS6Playa3>RicB2Egreso>SLZIngCamFrente>SLZBalIngFte>SLZVolcableC4>SLZSalidaC1Fte,,incompleto_revision,true,0,RicIngCamFrente|RICARDONE_INGRESO_CAMIONES,2026-10-07T20:10:57.124Z,day,2026-10-04,2026-09-27,50,INGRESO|BALANZA_INGRESO|EGRESO,SECUENCIA_NO_CONCLUYENTE,false,false,circuito_probable_sin_egreso+punto_fuerte,2-S1>2-S2>2-S6>2-S4>1-S0>1-S1>1-S4>1-S7,2026-09-27_2026-10-04,final_circuits.csv
88b49f1d-1675-4508-9221-284e5da3a1fb,PGO317,PGO317,ANOMALIAS,NO_DIFERENCIABLE_SIN_PUNTO_FUERTE,,UNKNOWN,true,false,SIN_PUNTO,,,incompleto_revision,Incompleto en revisión,INCOMPLETO,NO_DIFERENCIABLE,NO_DIFERENCIABLE_SIN_PUNTO_FUERTE,,INCOMPLETO,Incompleto,muy_baja,33.3,"Coinciden 2 de 6 puntos esperados. Faltan ingreso, preingreso, balanza ingreso, balanza egreso.",6,2,4,false,sin_ingreso,true,egreso,false,true,DESPACHO_SIN_PUNTO_INSTRUMENTADO,2,CALADA>EGRESO,SIN_PUNTO,SIN_PUNTO,Sin punto instrumentado (sólidos),DESPACHO_SIN_PUNTO_INSTRUMENTADO,false,0,false,false,false,UNKNOWN,UNKNOWN,,,0,false,false,,,,NONE,DATA_COVERAGE,EVENTOS_INSUFICIENTES,missing_ingreso_frontal,RicCal04>RicEgrCamFrente,,incompleto_revision,false,0,RicIngCamFrente|RICARDONE_INGRESO_CAMIONES,2026-10-07T20:10:57.124Z,day,2026-10-04,2026-09-27,33.3,INGRESO|PREINGRESO|BALANZA_INGRESO|BALANZA_EGRESO,EVENTOS_INSUFICIENTES,false,false,circuito_probable_sin_ingreso,2-S2>2-S3,2026-09-27_2026-10-04,final_circuits.csv
815d4bb5-2e70-4158-8f46-595bfe3c6c23,KAM352,KAM352,ANOMALIAS,NO_DIFERENCIABLE_SIN_PUNTO_FUERTE,,UNKNOWN,true,false,SIN_PUNTO,,,incompleto_revision,Incompleto en revisión,INCOMPLETO,NO_DIFERENCIABLE,NO_DIFERENCIABLE_SIN_PUNTO_FUERTE,,INCOMPLETO,Incompleto,muy_baja,33.3,"Coinciden 2 de 6 puntos esperados. Faltan ingreso, preingreso, balanza ingreso, balanza egreso.",6,2,4,false,sin_ingreso,true,egreso,false,true,DESPACHO_SIN_PUNTO_INSTRUMENTADO,2,CALADA>EGRESO,SIN_PUNTO,SIN_PUNTO,Sin punto instrumentado (sólidos),DESPACHO_SIN_PUNTO_INSTRUMENTADO,false,0,false,false,false,UNKNOWN,UNKNOWN,,,0,false,false,,,,NONE,DATA_COVERAGE,EVENTOS_INSUFICIENTES,missing_ingreso_frontal+suspicious_duplicate,RicCal03>RicEgrCamFrente,,incompleto_revision,false,0,RicIngCamFrente|RICARDONE_INGRESO_CAMIONES,2026-10-07T20:10:57.124Z,day,2026-10-04,2026-09-27,33.3,INGRESO|PREINGRESO|BALANZA_INGRESO|BALANZA_EGRESO,EVENTOS_INSUFICIENTES,false,false,circuito_probable_sin_ingreso,2-S2>2-S3,2026-09-27_2026-10-04,final_circuits.csv
7260bf6d-7d52-4152-8f57-c559f8164166__cycle_2,AG644XU,AG644XU,ANOMALIAS,NO_DIFERENCIABLE_SIN_PUNTO_FUERTE,,UNKNOWN,true,false,SIN_PUNTO,,,incompleto_revision,Incompleto en revisión,INCOMPLETO,NO_DIFERENCIABLE,NO_DIFERENCIABLE_SIN_PUNTO_FUERTE,,INCOMPLETO,Incompleto,baja,33.3,"Coinciden 2 de 6 puntos esperados. Faltan ingreso, preingreso, calada, egreso.",6,2,4,false,sin_ingreso,true,balanza_egreso,false,false,DESPACHO_SIN_PUNTO_INSTRUMENTADO,3,BALANZA_INGRESO>BALANZA_EGRESO>BALANZA_INGRESO,SIN_PUNTO,SIN_PUNTO,Sin punto instrumentado (sólidos),DESPACHO_SIN_PUNTO_INSTRUMENTADO,false,0,false,false,false,UNKNOWN,UNKNOWN,,,0,false,false,,,,NONE,DATA_COVERAGE,SECUENCIA_INCOMPLETA,missing_ingreso_frontal+suspicious_duplicate,RicB3Ingreso>RicB3Egreso>RicB3Ingreso,,incompleto_revision,false,0,RicIngCamFrente|RICARDONE_INGRESO_CAMIONES,2026-10-07T20:10:57.124Z,day,2026-10-04,2026-09-27,33.3,INGRESO|PREINGRESO|CALADA|EGRESO,SECUENCIA_NO_CONCLUYENTE,false,false,circuito_probable_sin_ingreso,2-S4>2-S4>2-S4,2026-09-27_2026-10-04,final_circuits.csv
4257a3f9-3287-41ed-bdc3-d4bbaeb3ea39__cycle_1,AA689GI,AA689GI,ANOMALIAS,NO_DIFERENCIABLE_SIN_PUNTO_FUERTE,,UNKNOWN,true,false,SIN_PUNTO,,,incompleto_revision,Incompleto en revisión,INCOMPLETO,NO_DIFERENCIABLE,NO_DIFERENCIABLE_SIN_PUNTO_FUERTE,,INCOMPLETO,Incompleto,baja,33.3,"Coinciden 2 de 6 puntos esperados. Faltan ingreso, preingreso, calada, egreso.",6,2,4,false,sin_ingreso,true,balanza_egreso,false,false,DESPACHO_SIN_PUNTO_INSTRUMENTADO,2,BALANZA_INGRESO>BALANZA_EGRESO,SIN_PUNTO,SIN_PUNTO,Sin punto instrumentado (sólidos),DESPACHO_SIN_PUNTO_INSTRUMENTADO,false,0,false,false,false,UNKNOWN,UNKNOWN,,,0,false,false,,,,NONE,DATA_COVERAGE,EVENTOS_INSUFICIENTES,missing_ingreso_frontal,RicB3Ingreso>RicB3Egreso,,incompleto_revision,false,0,RicIngCamFrente|RICARDONE_INGRESO_CAMIONES,2026-10-07T20:10:57.124Z,day,2026-10-04,2026-09-27,33.3,INGRESO|PREINGRESO|CALADA|EGRESO,EVENTOS_INSUFICIENTES,false,false,circuito_probable_sin_ingreso,2-S4>2-S4,2026-09-27_2026-10-04,final_circuits.csv
9852017f-18f3-41aa-8e9b-2a0f2b755e7a__cycle_2,AD001TD,AD001TD,ANOMALIAS,NO_DIFERENCIABLE_SIN_PUNTO_FUERTE,,UNKNOWN,true,false,SIN_PUNTO,,SAN_LORENZO,incompleto_revision,Incompleto en revisión,INCOMPLETO,NO_DIFERENCIABLE,NO_DIFERENCIABLE_SIN_PUNTO_FUERTE,,INCOMPLETO,Incompleto,baja,33.3,"Coinciden 2 de 6 puntos esperados. Faltan ingreso, preingreso, calada, egreso.",6,2,4,false,sin_ingreso,true,balanza_egreso,false,false,DESPACHO_SIN_PUNTO_INSTRUMENTADO,3,BALANZA_INGRESO>BALANZA_EGRESO>SL_EGRESO,SIN_PUNTO,SIN_PUNTO,Sin punto instrumentado (sólidos),DESPACHO_SIN_PUNTO_INSTRUMENTADO,false,0,true,false,false,UNKNOWN,UNKNOWN,,,0,false,false,,,,NONE,DATA_COVERAGE,SECUENCIA_INCOMPLETA,missing_ingreso_frontal+suspicious_duplicate,RicB3Ingreso>RicB3Egreso>SLZSalidaC2Fte,,incompleto_revision,true,0,RicIngCamFrente|RICARDONE_INGRESO_CAMIONES,2026-10-07T20:10:57.124Z,day,2026-10-04,2026-09-27,33.3,INGRESO|PREINGRESO|CALADA|EGRESO,SECUENCIA_NO_CONCLUYENTE,false,false,circuito_probable_sin_ingreso+punto_fuerte,2-S4>2-S4>1-S7,2026-09-27_2026-10-04,final_circuits.csv
d1f5c16c-d309-414f-b3fe-23fb0448da89,MYW261,MYW261,ANOMALIAS,NO_DIFERENCIABLE_SIN_PUNTO_FUERTE,,UNKNOWN,true,false,SIN_PUNTO,,SAN_LORENZO,incompleto_revision,Incompleto en revisión,INCOMPLETO,NO_DIFERENCIABLE,NO_DIFERENCIABLE_SIN_PUNTO_FUERTE,,INCOMPLETO,Incompleto,baja,33.3,"Coinciden 2 de 6 puntos esperados. Faltan ingreso, preingreso, calada, egreso.",6,2,4,false,sin_ingreso,true,balanza_egreso,false,false,DESPACHO_SIN_PUNTO_INSTRUMENTADO,3,BALANZA_INGRESO>BALANZA_EGRESO>SL_EGRESO,SIN_PUNTO,SIN_PUNTO,Sin punto instrumentado (sólidos),DESPACHO_SIN_PUNTO_INSTRUMENTADO,false,0,true,false,false,UNKNOWN,UNKNOWN,,,0,false,false,,,,NONE,DATA_COVERAGE,SECUENCIA_INCOMPLETA,missing_ingreso_frontal+suspicious_duplicate,RicB3Ingreso>RicB3Egreso>SLZSalidaC2Fte,,incompleto_revision,true,0,RicIngCamFrente|RICARDONE_INGRESO_CAMIONES,2026-10-07T20:10:57.124Z,day,2026-10-04,2026-09-27,33.3,INGRESO|PREINGRESO|CALADA|EGRESO,SECUENCIA_NO_CONCLUYENTE,false,false,circuito_probable_sin_ingreso+punto_fuerte,2-S4>2-S4>1-S7,2026-09-27_2026-10-04,final_circuits.csv
c8b86a87-72d2-47c0-9963-feb5fc4996a6__cycle_2,AH185MZ,AH185MZ,ANOMALIAS,NO_DIFERENCIABLE_SIN_PUNTO_FUERTE,,UNKNOWN,true,false,SIN_PUNTO,,SAN_LORENZO,incompleto_revision,Incompleto en revisión,INCOMPLETO,NO_DIFERENCIABLE,NO_DIFERENCIABLE_SIN_PUNTO_FUERTE,,INCOMPLETO,Incompleto,baja,33.3,"Coinciden 2 de 6 puntos esperados. Faltan ingreso, preingreso, calada, egreso.",6,2,4,false,sin_ingreso,true,balanza_egreso,false,false,DESPACHO_SIN_PUNTO_INSTRUMENTADO,3,BALANZA_INGRESO>BALANZA_EGRESO>SL_EGRESO,SIN_PUNTO,SIN_PUNTO,Sin punto instrumentado (sólidos),DESPACHO_SIN_PUNTO_INSTRUMENTADO,false,0,true,false,false,UNKNOWN,UNKNOWN,,,0,false,false,,,,NONE,DATA_COVERAGE,SECUENCIA_INCOMPLETA,missing_ingreso_frontal+suspicious_duplicate,RicB3Ingreso>RicB3Egreso>SLZSalidaC2Fte,,incompleto_revision,true,0,RicIngCamFrente|RICARDONE_INGRESO_CAMIONES,2026-10-07T20:10:57.124Z,day,2026-10-04,2026-09-27,33.3,INGRESO|PREINGRESO|CALADA|EGRESO,SECUENCIA_NO_CONCLUYENTE,false,false,circuito_probable_sin_ingreso+punto_fuerte,2-S4>2-S4>1-S7,2026-09-27_2026-10-04,final_circuits.csv
561cc4c7-8a33-4618-b4f0-78fa79bb8e56,AD177KS,AD177KS,ANOMALIAS,NO_DIFERENCIABLE_SIN_PUNTO_FUERTE,,UNKNOWN,true,false,SIN_PUNTO,,,incompleto_revision,Incompleto en revisión,INCOMPLETO,NO_DIFERENCIABLE,NO_DIFERENCIABLE_SIN_PUNTO_FUERTE,,INCOMPLETO,Incompleto,baja,33.3,"Coinciden 2 de 6 puntos esperados. Faltan ingreso, preingreso, calada, egreso.",6,2,4,false,sin_ingreso,true,balanza_egreso,false,false,DESPACHO_SIN_PUNTO_INSTRUMENTADO,2,BALANZA_INGRESO>BALANZA_EGRESO,SIN_PUNTO,SIN_PUNTO,Sin punto instrumentado (sólidos),DESPACHO_SIN_PUNTO_INSTRUMENTADO,false,0,false,false,false,UNKNOWN,UNKNOWN,,,0,false,false,,,,NONE,DATA_COVERAGE,EVENTOS_INSUFICIENTES,missing_ingreso_frontal,RicB3Ingreso>RicB3Egreso,,incompleto_revision,false,0,RicIngCamFrente|RICARDONE_INGRESO_CAMIONES,2026-10-07T20:10:57.124Z,day,2026-10-04,2026-09-27,33.3,INGRESO|PREINGRESO|CALADA|EGRESO,EVENTOS_INSUFICIENTES,false,false,circuito_probable_sin_ingreso,2-S4>2-S4,2026-09-27_2026-10-04,final_circuits.csv
e7661520-b6fa-469d-8541-136f915a2fab,AD468VC,AD468VC,ANOMALIAS,NO_DIFERENCIABLE_SIN_PUNTO_FUERTE,,UNKNOWN,true,false,SIN_PUNTO,,SAN_LORENZO,incompleto_revision,Incompleto en revisión,INCOMPLETO,NO_DIFERENCIABLE,NO_DIFERENCIABLE_SIN_PUNTO_FUERTE,,INCOMPLETO,Incompleto,baja,33.3,"Coinciden 2 de 6 puntos esperados. Faltan ingreso, preingreso, calada, egreso.",6,2,4,false,sin_ingreso,true,balanza_egreso,false,false,DESPACHO_SIN_PUNTO_INSTRUMENTADO,3,BALANZA_INGRESO>BALANZA_EGRESO>SL_EGRESO,SIN_PUNTO,SIN_PUNTO,Sin punto instrumentado (sólidos),DESPACHO_SIN_PUNTO_INSTRUMENTADO,false,0,true,false,false,UNKNOWN,UNKNOWN,,,0,false,false,,,,NONE,DATA_COVERAGE,SECUENCIA_INCOMPLETA,missing_ingreso_frontal+suspicious_duplicate,RicB3Ingreso>RicB3Egreso>SLZSalidaC2Fte,,incompleto_revision,true,0,RicIngCamFrente|RICARDONE_INGRESO_CAMIONES,2026-10-07T20:10:57.124Z,day,2026-10-04,2026-09-27,33.3,INGRESO|PREINGRESO|CALADA|EGRESO,SECUENCIA_NO_CONCLUYENTE,false,false,circuito_probable_sin_ingreso+punto_fuerte,2-S4>2-S4>1-S7,2026-09-27_2026-10-04,final_circuits.csv
4dbca74d-6bec-4376-b5bd-fba9c3e06260__cycle_1,JUE083,JUE083,ANOMALIAS,NO_DIFERENCIABLE_SIN_PUNTO_FUERTE,,UNKNOWN,true,false,SIN_PUNTO,,,incompleto_revision,Incompleto en revisión,INCOMPLETO,NO_DIFERENCIABLE,NO_DIFERENCIABLE_SIN_PUNTO_FUERTE,,INCOMPLETO,Incompleto,baja,33.3,"Coinciden 2 de 6 puntos esperados. Faltan ingreso, preingreso, calada, egreso.",6,2,4,false,sin_ingreso,true,balanza_egreso,false,false,DESPACHO_SIN_PUNTO_INSTRUMENTADO,2,BALANZA_INGRESO>BALANZA_EGRESO,SIN_PUNTO,SIN_PUNTO,Sin punto instrumentado (sólidos),DESPACHO_SIN_PUNTO_INSTRUMENTADO,false,0,false,false,false,UNKNOWN,UNKNOWN,,,0,false,false,,,,NONE,DATA_COVERAGE,EVENTOS_INSUFICIENTES,missing_ingreso_frontal+suspicious_duplicate,RicB3Ingreso>RicB3Egreso,,incompleto_revision,false,0,RicIngCamFrente|RICARDONE_INGRESO_CAMIONES,2026-10-07T20:10:57.124Z,day,2026-10-04,2026-09-27,33.3,INGRESO|PREINGRESO|CALADA|EGRESO,EVENTOS_INSUFICIENTES,false,false,circuito_probable_sin_ingreso,2-S4>2-S4,2026-09-27_2026-10-04,final_circuits.csv
252323b6-9177-4730-ba14-5f49f22e870e,AYB759,AYB759,ANOMALIAS,JOURNEY_INCOMPLETO,,RICARDONE,true,false,R8,,LIQUIDO,incompleto_revision,Incompleto en revisión,INCOMPLETO,INCOMPLETO,SECUENCIA_NO_CONCLUYENTE,,INCOMPLETO,Incompleto,media,50,"Coinciden 3 de 6 puntos esperados. Faltan ingreso, balanza ingreso, balanza egreso.",6,3,3,true,preingreso,true,egreso,false,true,CIRCUITO_LIQUIDO,3,PREINGRESO>LIQUIDO>EGRESO,R8,R8,Recepción Mercadería Líquida,CIRCUITO_LIQUIDO,false,63,true,true,true,UNKNOWN,UNKNOWN,,,0,false,false,,,,NONE,BEHAVIORAL,RIC_SL_MAS30M_SIN_CALADA_SL,missing_ingreso_frontal+suspicious_duplicate,RicPreIngInFr>RicCalLiq>RicEgrCamFrente,,incompleto_revision,true,0,RicIngCamFrente|RICARDONE_INGRESO_CAMIONES,2026-10-07T20:10:57.124Z,day,2026-10-04,2026-09-27,50,INGRESO|BALANZA_INGRESO|BALANZA_EGRESO,SECUENCIA_NO_CONCLUYENTE,false,false,incompleto_revision+punto_fuerte,2-S1>2-S2>2-S3,2026-09-27_2026-10-04,final_circuits.csv
3c13d0cc-21f1-45e4-976d-3c4f29b2403f,AF411UI,AF411UI,ANOMALIAS,JOURNEY_INCOMPLETO,,RICARDONE,true,false,R8,,LIQUIDO,incompleto_revision,Incompleto en revisión,INCOMPLETO,INCOMPLETO,SECUENCIA_NO_CONCLUYENTE,,INCOMPLETO,Incompleto,media,50,"Coinciden 3 de 6 puntos esperados. Faltan ingreso, balanza ingreso, balanza egreso.",6,3,3,true,preingreso,true,egreso,false,true,CIRCUITO_LIQUIDO,3,PREINGRESO>LIQUIDO>EGRESO,R8,R8,Recepción Mercadería Líquida,CIRCUITO_LIQUIDO,false,63,true,true,true,UNKNOWN,UNKNOWN,,,0,false,false,,,,NONE,DATA_COVERAGE,SECUENCIA_INCOMPLETA,missing_ingreso_frontal+suspicious_duplicate,RicPreIngInFr>RicCalLiq>RicEgrCamFrente,,incompleto_revision,true,0,RicIngCamFrente|RICARDONE_INGRESO_CAMIONES,2026-10-07T20:10:57.124Z,day,2026-10-04,2026-09-27,50,INGRESO|BALANZA_INGRESO|BALANZA_EGRESO,SECUENCIA_NO_CONCLUYENTE,false,false,incompleto_revision+punto_fuerte,2-S1>2-S2>2-S3,2026-09-27_2026-10-04,final_circuits.csv
94a6b3e6-a35e-448a-b600-283a3a8b8367__cycle_2,OZK568,OZK568,ANOMALIAS,NO_DIFERENCIABLE_SIN_PUNTO_FUERTE,,UNKNOWN,true,false,SIN_PUNTO,,,incompleto_revision,Incompleto en revisión,INCOMPLETO,NO_DIFERENCIABLE,NO_DIFERENCIABLE_SIN_PUNTO_FUERTE,,INCOMPLETO,Incompleto,baja,33.3,"Coinciden 2 de 6 puntos esperados. Faltan ingreso, preingreso, calada, egreso.",6,2,4,false,sin_ingreso,true,balanza_egreso,false,false,DESPACHO_SIN_PUNTO_INSTRUMENTADO,2,BALANZA_INGRESO>BALANZA_EGRESO,SIN_PUNTO,SIN_PUNTO,Sin punto instrumentado (sólidos),DESPACHO_SIN_PUNTO_INSTRUMENTADO,false,0,false,false,false,UNKNOWN,UNKNOWN,,,0,false,false,,,,NONE,DATA_COVERAGE,EVENTOS_INSUFICIENTES,missing_ingreso_frontal,RicB3Ingreso>RicB3Egreso,,incompleto_revision,false,0,RicIngCamFrente|RICARDONE_INGRESO_CAMIONES,2026-10-07T20:10:57.124Z,day,2026-10-04,2026-09-27,33.3,INGRESO|PREINGRESO|CALADA|EGRESO,EVENTOS_INSUFICIENTES,false,false,circuito_probable_sin_ingreso,2-S4>2-S4,2026-09-27_2026-10-04,final_circuits.csv
b5d083ce-f3db-4aa6-bdbf-648b1d20bf10,LZV303,LZV303,ANOMALIAS,JOURNEY_INCOMPLETO,,RICARDONE,true,false,R8,,LIQUIDO,incompleto_revision,Incompleto en revisión,INCOMPLETO,INCOMPLETO,SECUENCIA_NO_CONCLUYENTE,,INCOMPLETO,Incompleto,media,50,"Coinciden 3 de 6 puntos esperados. Faltan ingreso, preingreso, balanza ingreso.",6,3,3,false,sin_ingreso,true,egreso_y_balanza,false,true,CIRCUITO_LIQUIDO,4,BALANZA_EGRESO>LIQUIDO>EGRESO,R8,R8,Recepción Mercadería Líquida,CIRCUITO_LIQUIDO,false,63,true,true,true,UNKNOWN,UNKNOWN,,,0,false,false,,,,NONE,DATA_COVERAGE,SECUENCIA_INCOMPLETA,missing_ingreso_frontal,RicB2Egreso>RicB2Egreso>RicCalLiq>RicEgrCamFrente,,incompleto_revision,true,0,RicIngCamFrente|RICARDONE_INGRESO_CAMIONES,2026-10-07T20:10:57.124Z,day,2026-10-04,2026-09-27,50,INGRESO|PREINGRESO|BALANZA_INGRESO,SECUENCIA_NO_CONCLUYENTE,false,false,circuito_probable_sin_ingreso+punto_fuerte,2-S4>2-S4>2-S2>2-S3,2026-09-27_2026-10-04,final_circuits.csv
dfdd234c-c635-41c9-8594-f2960666459d__cycle_5,AH461XD,AH461XD,ANOMALIAS,NO_DIFERENCIABLE_SIN_PUNTO_FUERTE,,UNKNOWN,true,false,SIN_PUNTO,,,incompleto_revision,Incompleto en revisión,INCOMPLETO,NO_DIFERENCIABLE,NO_DIFERENCIABLE_SIN_PUNTO_FUERTE,,INCOMPLETO,Incompleto,baja,33.3,"Coinciden 2 de 6 puntos esperados. Faltan ingreso, preingreso, calada, egreso.",6,2,4,false,sin_ingreso,true,egreso_y_balanza,false,true,DESPACHO_SIN_PUNTO_INSTRUMENTADO,4,BALANZA_INGRESO>BALANZA_EGRESO>BALANZA_INGRESO>BALANZA_EGRESO,SIN_PUNTO,SIN_PUNTO,Sin punto instrumentado (sólidos),DESPACHO_SIN_PUNTO_INSTRUMENTADO,false,0,false,false,false,UNKNOWN,UNKNOWN,,,0,false,false,,,,NONE,DATA_COVERAGE,SECUENCIA_INCOMPLETA,missing_ingreso_frontal,RicB3Ingreso>RicB3Egreso>RicB3Ingreso>RicB2Egreso,,incompleto_revision,false,0,RicIngCamFrente|RICARDONE_INGRESO_CAMIONES,2026-10-07T20:10:57.124Z,day,2026-10-04,2026-09-27,33.3,INGRESO|PREINGRESO|CALADA|EGRESO,SECUENCIA_NO_CONCLUYENTE,false,false,circuito_probable_sin_ingreso,2-S4>2-S4>2-S4>2-S4,2026-09-27_2026-10-04,final_circuits.csv
44f8e842-2a05-434f-910a-bcd43d49d8eb,AF443TR,AF443TR,ANOMALIAS,NO_DIFERENCIABLE_SIN_PUNTO_FUERTE,,UNKNOWN,true,false,SIN_PUNTO,,SAN_LORENZO,incompleto_revision,Incompleto en revisión,INCOMPLETO,NO_DIFERENCIABLE,NO_DIFERENCIABLE_SIN_PUNTO_FUERTE,,INCOMPLETO,Incompleto,baja,33.3,"Coinciden 2 de 6 puntos esperados. Faltan ingreso, preingreso, calada, egreso.",6,2,4,false,sin_ingreso,true,balanza_egreso,false,false,DESPACHO_SIN_PUNTO_INSTRUMENTADO,6,BALANZA_INGRESO>BALANZA_EGRESO>SL_INGRESO>SL_BALANZA_INGRESO>UNKNOWN>SL_EGRESO,SIN_PUNTO,SIN_PUNTO,Sin punto instrumentado (sólidos),DESPACHO_SIN_PUNTO_INSTRUMENTADO,false,0,true,false,false,UNKNOWN,UNKNOWN,,,0,false,false,,,,NONE,DATA_COVERAGE,SECUENCIA_INCOMPLETA,missing_ingreso_frontal+suspicious_duplicate,RicB3Ingreso>RicB3Egreso>SLZIngCamFrente>SLZBalIngFte>SLZTK400>SLZSalidaC1Fte,,incompleto_revision,true,0,RicIngCamFrente|RICARDONE_INGRESO_CAMIONES,2026-10-07T20:10:57.124Z,day,2026-10-04,2026-09-27,33.3,INGRESO|PREINGRESO|CALADA|EGRESO,SECUENCIA_NO_CONCLUYENTE,false,false,circuito_probable_sin_ingreso+punto_fuerte,2-S4>2-S4>1-S0>1-S1>1-S8>1-S7,2026-09-27_2026-10-04,final_circuits.csv
8b3318b3-ca7c-450f-90e9-20c20d25088f,NAD656,NAD656,ANOMALIAS,NO_DIFERENCIABLE_SIN_PUNTO_FUERTE,,UNKNOWN,true,false,SIN_PUNTO,,,incompleto_revision,Incompleto en revisión,INCOMPLETO,NO_DIFERENCIABLE,NO_DIFERENCIABLE_SIN_PUNTO_FUERTE,,INCOMPLETO,Incompleto,baja,33.3,"Coinciden 2 de 6 puntos esperados. Faltan ingreso, preingreso, calada, egreso.",6,2,4,false,sin_ingreso,true,balanza_egreso,false,false,DESPACHO_SIN_PUNTO_INSTRUMENTADO,2,BALANZA_INGRESO>BALANZA_EGRESO,SIN_PUNTO,SIN_PUNTO,Sin punto instrumentado (sólidos),DESPACHO_SIN_PUNTO_INSTRUMENTADO,false,0,false,false,false,UNKNOWN,UNKNOWN,,,0,false,false,,,,NONE,DATA_COVERAGE,EVENTOS_INSUFICIENTES,missing_ingreso_frontal,RicB3Ingreso>RicB3Egreso,,incompleto_revision,false,0,RicIngCamFrente|RICARDONE_INGRESO_CAMIONES,2026-10-07T20:10:57.124Z,day,2026-10-04,2026-09-27,33.3,INGRESO|PREINGRESO|CALADA|EGRESO,EVENTOS_INSUFICIENTES,false,false,circuito_probable_sin_ingreso,2-S4>2-S4,2026-09-27_2026-10-04,final_circuits.csv
9450416e-4003-4f42-8508-842e12942d2d,XBL711,XBL711,ANOMALIAS,JOURNEY_INCOMPLETO,,RICARDONE,true,false,R8,,LIQUIDO,incompleto_revision,Incompleto en revisión,INCOMPLETO,INCOMPLETO,SECUENCIA_NO_CONCLUYENTE,,INCOMPLETO,Incompleto,media,50,"Coinciden 3 de 6 puntos esperados. Faltan ingreso, balanza ingreso, balanza egreso.",6,3,3,true,preingreso,false,sin_egreso,false,false,CIRCUITO_LIQUIDO,6,PREINGRESO>LIQUIDO>PLAYA>SL_BALANZA_INGRESO>SL_VOLCABLE>SL_EGRESO,R8,R8,Recepción Mercadería Líquida,CIRCUITO_LIQUIDO,false,63,true,true,true,UNKNOWN,UNKNOWN,,,0,false,false,,,,NONE,DATA_COVERAGE,SECUENCIA_INCOMPLETA,missing_ingreso_frontal+suspicious_duplicate,RicPreIngInFr>RicCalLiq>RicS6Playa3>SLZBalIngFte>SLZVolcableC4>SLZSalidaC1Fte,,incompleto_revision,true,0,RicIngCamFrente|RICARDONE_INGRESO_CAMIONES,2026-10-07T20:10:57.124Z,day,2026-10-04,2026-09-27,33.3,INGRESO|BALANZA_INGRESO|BALANZA_EGRESO|EGRESO,SECUENCIA_NO_CONCLUYENTE,false,false,circuito_probable_sin_egreso+punto_fuerte,2-S1>2-S2>2-S6>1-S1>1-S4>1-S7,2026-09-27_2026-10-04,final_circuits.csv
5fcd0080-8f07-42a8-9d45-2c65803288e6,AE882UD,AE882UD,ANOMALIAS,NO_DIFERENCIABLE_SIN_PUNTO_FUERTE,,UNKNOWN,true,false,SIN_PUNTO,,SAN_LORENZO,incompleto_revision,Incompleto en revisión,INCOMPLETO,NO_DIFERENCIABLE,NO_DIFERENCIABLE_SIN_PUNTO_FUERTE,,INCOMPLETO,Incompleto,baja,33.3,"Coinciden 2 de 6 puntos esperados. Faltan ingreso, preingreso, calada, egreso.",6,2,4,false,sin_ingreso,true,balanza_egreso,false,false,DESPACHO_SIN_PUNTO_INSTRUMENTADO,3,BALANZA_INGRESO>BALANZA_EGRESO>SL_EGRESO,SIN_PUNTO,SIN_PUNTO,Sin punto instrumentado (sólidos),DESPACHO_SIN_PUNTO_INSTRUMENTADO,false,0,true,false,false,UNKNOWN,UNKNOWN,,,0,false,false,,,,NONE,DATA_COVERAGE,SECUENCIA_INCOMPLETA,missing_ingreso_frontal+suspicious_duplicate,RicB3Ingreso>RicB3Egreso>SLZSalidaC2Fte,,incompleto_revision,true,0,RicIngCamFrente|RICARDONE_INGRESO_CAMIONES,2026-10-07T20:10:57.124Z,day,2026-10-04,2026-09-27,33.3,INGRESO|PREINGRESO|CALADA|EGRESO,SECUENCIA_NO_CONCLUYENTE,false,false,circuito_probable_sin_ingreso+punto_fuerte,2-S4>2-S4>1-S7,2026-09-27_2026-10-04,final_circuits.csv
f0536700-4a31-4993-8b24-e95981784b77,AF019BA,AF019BA,ANOMALIAS,NO_DIFERENCIABLE_SIN_PUNTO_FUERTE,,UNKNOWN,true,false,SIN_PUNTO,,,incompleto_revision,Incompleto en revisión,INCOMPLETO,NO_DIFERENCIABLE,NO_DIFERENCIABLE_SIN_PUNTO_FUERTE,,INCOMPLETO,Incompleto,baja,33.3,"Coinciden 2 de 6 puntos esperados. Faltan ingreso, preingreso, calada, egreso.",6,2,4,false,sin_ingreso,true,balanza_egreso,false,false,DESPACHO_SIN_PUNTO_INSTRUMENTADO,2,BALANZA_INGRESO>BALANZA_EGRESO,SIN_PUNTO,SIN_PUNTO,Sin punto instrumentado (sólidos),DESPACHO_SIN_PUNTO_INSTRUMENTADO,false,0,false,false,false,UNKNOWN,UNKNOWN,,,0,false,false,,,,NONE,DATA_COVERAGE,EVENTOS_INSUFICIENTES,missing_ingreso_frontal,RicB3Ingreso>RicB3Egreso,,incompleto_revision,false,0,RicIngCamFrente|RICARDONE_INGRESO_CAMIONES,2026-10-07T20:10:57.124Z,day,2026-10-04,2026-09-27,33.3,INGRESO|PREINGRESO|CALADA|EGRESO,EVENTOS_INSUFICIENTES,false,false,circuito_probable_sin_ingreso,2-S4>2-S4,2026-09-27_2026-10-04,final_circuits.csv
2810af86-2937-455b-9bd5-dab9145b7353,AF860RX,AF860RX,ANOMALIAS,NO_DIFERENCIABLE_SIN_PUNTO_FUERTE,,UNKNOWN,true,false,SIN_PUNTO,,SAN_LORENZO,incompleto_revision,Incompleto en revisión,INCOMPLETO,NO_DIFERENCIABLE,NO_DIFERENCIABLE_SIN_PUNTO_FUERTE,,INCOMPLETO,Incompleto,baja,33.3,"Coinciden 2 de 6 puntos esperados. Faltan ingreso, preingreso, calada, egreso.",6,2,4,false,sin_ingreso,true,balanza_egreso,false,false,DESPACHO_SIN_PUNTO_INSTRUMENTADO,3,BALANZA_INGRESO>BALANZA_EGRESO>SL_EGRESO,SIN_PUNTO,SIN_PUNTO,Sin punto instrumentado (sólidos),DESPACHO_SIN_PUNTO_INSTRUMENTADO,false,0,true,false,false,UNKNOWN,UNKNOWN,,,0,false,false,,,,NONE,DATA_COVERAGE,SECUENCIA_INCOMPLETA,missing_ingreso_frontal,RicB3Ingreso>RicB3Egreso>SLZSalidaC1Fte,,incompleto_revision,true,0,RicIngCamFrente|RICARDONE_INGRESO_CAMIONES,2026-10-07T20:10:57.124Z,day,2026-10-04,2026-09-27,33.3,INGRESO|PREINGRESO|CALADA|EGRESO,SECUENCIA_NO_CONCLUYENTE,false,false,circuito_probable_sin_ingreso+punto_fuerte,2-S4>2-S4>1-S7,2026-09-27_2026-10-04,final_circuits.csv
367726f6-c6e0-4f7b-9bb3-2b48a424ed19,AE532LW,AE532LW,ANOMALIAS,NO_DIFERENCIABLE_SIN_PUNTO_FUERTE,,UNKNOWN,true,false,SIN_PUNTO,,,incompleto_revision,Incompleto en revisión,INCOMPLETO,NO_DIFERENCIABLE,NO_DIFERENCIABLE_SIN_PUNTO_FUERTE,,INCOMPLETO,Incompleto,baja,33.3,"Coinciden 2 de 6 puntos esperados. Faltan ingreso, preingreso, calada, egreso.",6,2,4,false,sin_ingreso,true,balanza_egreso,false,false,DESPACHO_SIN_PUNTO_INSTRUMENTADO,2,BALANZA_INGRESO>BALANZA_EGRESO,SIN_PUNTO,SIN_PUNTO,Sin punto instrumentado (sólidos),DESPACHO_SIN_PUNTO_INSTRUMENTADO,false,0,false,false,false,UNKNOWN,UNKNOWN,,,0,false,false,,,,NONE,DATA_COVERAGE,EVENTOS_INSUFICIENTES,missing_ingreso_frontal,RicB3Ingreso>RicB3Egreso,,incompleto_revision,false,0,RicIngCamFrente|RICARDONE_INGRESO_CAMIONES,2026-10-07T20:10:57.124Z,day,2026-10-04,2026-09-27,33.3,INGRESO|PREINGRESO|CALADA|EGRESO,EVENTOS_INSUFICIENTES,false,false,circuito_probable_sin_ingreso,2-S4>2-S4,2026-09-27_2026-10-04,final_circuits.csv
12508df8-a5df-46e0-b909-8eec13d15c57__cycle_2,AH296BC,AH296BC,ANOMALIAS,NO_DIFERENCIABLE_SIN_PUNTO_FUERTE,,UNKNOWN,true,false,SIN_PUNTO,,,incompleto_revision,Incompleto en revisión,INCOMPLETO,NO_DIFERENCIABLE,NO_DIFERENCIABLE_SIN_PUNTO_FUERTE,,INCOMPLETO,Incompleto,baja,33.3,"Coinciden 2 de 6 puntos esperados. Faltan ingreso, preingreso, calada, egreso.",6,2,4,false,sin_ingreso,true,balanza_egreso,false,false,DESPACHO_SIN_PUNTO_INSTRUMENTADO,2,BALANZA_INGRESO>BALANZA_EGRESO,SIN_PUNTO,SIN_PUNTO,Sin punto instrumentado (sólidos),DESPACHO_SIN_PUNTO_INSTRUMENTADO,false,0,false,false,false,UNKNOWN,UNKNOWN,,,0,false,false,,,,NONE,DATA_COVERAGE,EVENTOS_INSUFICIENTES,missing_ingreso_frontal,RicB3Ingreso>RicB3Egreso,,incompleto_revision,false,0,RicIngCamFrente|RICARDONE_INGRESO_CAMIONES,2026-10-07T20:10:57.124Z,day,2026-10-04,2026-09-27,33.3,INGRESO|PREINGRESO|CALADA|EGRESO,EVENTOS_INSUFICIENTES,false,false,circuito_probable_sin_ingreso,2-S4>2-S4,2026-09-27_2026-10-04,final_circuits.csv
d15e641a-f533-43db-85bb-02f95422266f__cycle_2,AF378MD,AF378MD,ANOMALIAS,NO_DIFERENCIABLE_SIN_PUNTO_FUERTE,,UNKNOWN,true,false,SIN_PUNTO,,,incompleto_revision,Incompleto en revisión,INCOMPLETO,NO_DIFERENCIABLE,NO_DIFERENCIABLE_SIN_PUNTO_FUERTE,,INCOMPLETO,Incompleto,baja,33.3,"Coinciden 2 de 6 puntos esperados. Faltan ingreso, preingreso, calada, egreso.",6,2,4,false,sin_ingreso,true,balanza_egreso,false,false,DESPACHO_SIN_PUNTO_INSTRUMENTADO,2,BALANZA_INGRESO>BALANZA_EGRESO,SIN_PUNTO,SIN_PUNTO,Sin punto instrumentado (sólidos),DESPACHO_SIN_PUNTO_INSTRUMENTADO,false,0,false,false,false,UNKNOWN,UNKNOWN,,,0,false,false,,,,NONE,DATA_COVERAGE,EVENTOS_INSUFICIENTES,missing_ingreso_frontal,RicB3Ingreso>RicB3Egreso,,incompleto_revision,false,0,RicIngCamFrente|RICARDONE_INGRESO_CAMIONES,2026-10-07T20:10:57.124Z,day,2026-10-04,2026-09-27,33.3,INGRESO|PREINGRESO|CALADA|EGRESO,EVENTOS_INSUFICIENTES,false,false,circuito_probable_sin_ingreso,2-S4>2-S4,2026-09-27_2026-10-04,final_circuits.csv
4e5f04c2-43fb-4cf7-b1c7-c2e9da34abaf,NKM663,NKM663,ANOMALIAS,NO_DIFERENCIABLE_SIN_PUNTO_FUERTE,,UNKNOWN,true,false,SIN_PUNTO,,,incompleto_revision,Incompleto en revisión,INCOMPLETO,NO_DIFERENCIABLE,NO_DIFERENCIABLE_SIN_PUNTO_FUERTE,,INCOMPLETO,Incompleto,baja,33.3,"Coinciden 2 de 6 puntos esperados. Faltan ingreso, preingreso, calada, egreso.",6,2,4,false,sin_ingreso,true,balanza_egreso,false,false,DESPACHO_SIN_PUNTO_INSTRUMENTADO,3,BALANZA_INGRESO>BALANZA_EGRESO>BALANZA_INGRESO,SIN_PUNTO,SIN_PUNTO,Sin punto instrumentado (sólidos),DESPACHO_SIN_PUNTO_INSTRUMENTADO,false,0,false,false,false,UNKNOWN,UNKNOWN,,,0,false,false,,,,NONE,DATA_COVERAGE,SECUENCIA_INCOMPLETA,missing_ingreso_frontal,RicB3Ingreso>RicB3Egreso>RicB3Ingreso,,incompleto_revision,false,0,RicIngCamFrente|RICARDONE_INGRESO_CAMIONES,2026-10-07T20:10:57.124Z,day,2026-10-04,2026-09-27,33.3,INGRESO|PREINGRESO|CALADA|EGRESO,SECUENCIA_NO_CONCLUYENTE,false,false,circuito_probable_sin_ingreso,2-S4>2-S4>2-S4,2026-09-27_2026-10-04,final_circuits.csv
dbb44226-4ffa-49ab-bebc-63cbffe345dc,UER485,UER485,ANOMALIAS,JOURNEY_INCOMPLETO,,RICARDONE,true,false,R8,,LIQUIDO,incompleto_revision,Incompleto en revisión,INCOMPLETO,INCOMPLETO,SECUENCIA_NO_CONCLUYENTE,,INCOMPLETO,Incompleto,media,50,"Coinciden 3 de 6 puntos esperados. Faltan ingreso, balanza ingreso, balanza egreso.",6,3,3,true,preingreso,true,egreso,false,true,CIRCUITO_LIQUIDO,3,PREINGRESO>LIQUIDO>EGRESO,R8,R8,Recepción Mercadería Líquida,CIRCUITO_LIQUIDO,false,63,true,true,true,UNKNOWN,UNKNOWN,,,0,false,false,,,,NONE,BEHAVIORAL,SL_RIC_2H_SIN_CIRCUITO_NO_PELLET,missing_ingreso_frontal+suspicious_duplicate,RicPreIngInFr>RicCalLiq>RicEgrCamFrente,,incompleto_revision,true,0,RicIngCamFrente|RICARDONE_INGRESO_CAMIONES,2026-10-07T20:10:57.124Z,day,2026-10-04,2026-09-27,50,INGRESO|BALANZA_INGRESO|BALANZA_EGRESO,SECUENCIA_NO_CONCLUYENTE,false,false,incompleto_revision+punto_fuerte,2-S1>2-S2>2-S3,2026-09-27_2026-10-04,final_circuits.csv
f5e0f495-272a-4ac3-9880-c6efebf3ae82,DVT968,DVT968,ANOMALIAS,NO_DIFERENCIABLE_SIN_PUNTO_FUERTE,,UNKNOWN,true,false,SIN_PUNTO,,SAN_LORENZO,incompleto_revision,Incompleto en revisión,INCOMPLETO,NO_DIFERENCIABLE,NO_DIFERENCIABLE_SIN_PUNTO_FUERTE,,INCOMPLETO,Incompleto,baja,33.3,"Coinciden 2 de 6 puntos esperados. Faltan ingreso, preingreso, calada, egreso.",6,2,4,false,sin_ingreso,true,balanza_egreso,false,false,DESPACHO_SIN_PUNTO_INSTRUMENTADO,3,BALANZA_INGRESO>BALANZA_EGRESO>SL_EGRESO,SIN_PUNTO,SIN_PUNTO,Sin punto instrumentado (sólidos),DESPACHO_SIN_PUNTO_INSTRUMENTADO,false,0,true,false,false,UNKNOWN,UNKNOWN,,,0,false,false,,,,NONE,DATA_COVERAGE,SECUENCIA_INCOMPLETA,missing_ingreso_frontal+suspicious_duplicate,RicB3Ingreso>RicB3Egreso>SLZSalidaC1Fte,,incompleto_revision,true,0,RicIngCamFrente|RICARDONE_INGRESO_CAMIONES,2026-10-07T20:10:57.124Z,day,2026-10-04,2026-09-27,33.3,INGRESO|PREINGRESO|CALADA|EGRESO,SECUENCIA_NO_CONCLUYENTE,false,false,circuito_probable_sin_ingreso+punto_fuerte,2-S4>2-S4>1-S7,2026-09-27_2026-10-04,final_circuits.csv
7273b540-dafc-4d3a-850c-d15043bcbac3,CUL425,CUL425,ANOMALIAS,NO_DIFERENCIABLE_SIN_PUNTO_FUERTE,,UNKNOWN,true,false,SIN_PUNTO,,,incompleto_revision,Incompleto en revisión,INCOMPLETO,NO_DIFERENCIABLE,NO_DIFERENCIABLE_SIN_PUNTO_FUERTE,,INCOMPLETO,Incompleto,muy_baja,33.3,"Coinciden 2 de 6 puntos esperados. Faltan ingreso, preingreso, balanza ingreso, balanza egreso.",6,2,4,false,sin_ingreso,true,egreso,false,true,DESPACHO_SIN_PUNTO_INSTRUMENTADO,2,CALADA>EGRESO,SIN_PUNTO,SIN_PUNTO,Sin punto instrumentado (sólidos),DESPACHO_SIN_PUNTO_INSTRUMENTADO,false,0,false,false,false,UNKNOWN,UNKNOWN,,,0,false,false,,,,NONE,DATA_COVERAGE,EVENTOS_INSUFICIENTES,missing_ingreso_frontal+suspicious_duplicate,RicCal04>RicEgrCamFrente,,incompleto_revision,false,0,RicIngCamFrente|RICARDONE_INGRESO_CAMIONES,2026-10-07T20:10:57.124Z,day,2026-10-04,2026-09-27,33.3,INGRESO|PREINGRESO|BALANZA_INGRESO|BALANZA_EGRESO,EVENTOS_INSUFICIENTES,false,false,circuito_probable_sin_ingreso,2-S2>2-S3,2026-09-27_2026-10-04,final_circuits.csv
9fea8b15-dd09-450d-8c3b-9200aafce0b5,SYL758,SYL758,ANOMALIAS,NO_DIFERENCIABLE_SIN_PUNTO_FUERTE,,UNKNOWN,true,false,SIN_PUNTO,,,incompleto_revision,Incompleto en revisión,INCOMPLETO,NO_DIFERENCIABLE,NO_DIFERENCIABLE_SIN_PUNTO_FUERTE,,INCOMPLETO,Incompleto,baja,33.3,"Coinciden 2 de 6 puntos esperados. Faltan ingreso, preingreso, calada, egreso.",6,2,4,false,sin_ingreso,true,balanza_egreso,false,false,DESPACHO_SIN_PUNTO_INSTRUMENTADO,3,BALANZA_INGRESO>BALANZA_EGRESO,SIN_PUNTO,SIN_PUNTO,Sin punto instrumentado (sólidos),DESPACHO_SIN_PUNTO_INSTRUMENTADO,false,0,false,false,false,UNKNOWN,UNKNOWN,,,0,false,false,,,,NONE,DATA_COVERAGE,SECUENCIA_INCOMPLETA,missing_ingreso_frontal,RicB3Ingreso>RicB3Egreso>RicB3Egreso,,incompleto_revision,false,0,RicIngCamFrente|RICARDONE_INGRESO_CAMIONES,2026-10-07T20:10:57.124Z,day,2026-10-04,2026-09-27,33.3,INGRESO|PREINGRESO|CALADA|EGRESO,SECUENCIA_NO_CONCLUYENTE,false,false,circuito_probable_sin_ingreso,2-S4>2-S4>2-S4,2026-09-27_2026-10-04,final_circuits.csv
b9de442c-58c3-484a-9cd2-8eb4b46db0bc,AA936RA,AA936RA,ANOMALIAS,JOURNEY_INCOMPLETO,,RICARDONE,true,false,R8,,LIQUIDO,incompleto_revision,Incompleto en revisión,INCOMPLETO,INCOMPLETO,SECUENCIA_NO_CONCLUYENTE,,INCOMPLETO,Incompleto,media,50,"Coinciden 3 de 6 puntos esperados. Faltan ingreso, balanza ingreso, balanza egreso.",6,3,3,true,preingreso,false,sin_egreso,false,false,CIRCUITO_LIQUIDO,3,PREINGRESO>LIQUIDO>PREINGRESO,R8,R8,Recepción Mercadería Líquida,CIRCUITO_LIQUIDO,false,63,true,true,true,UNKNOWN,UNKNOWN,,,0,false,false,,,,NONE,DATA_COVERAGE,SECUENCIA_INCOMPLETA,missing_ingreso_frontal,RicPreIngInFr>RicCalLiq>RicPreIngInFr,,incompleto_revision,true,0,RicIngCamFrente|RICARDONE_INGRESO_CAMIONES,2026-10-07T20:10:57.124Z,day,2026-10-04,2026-09-27,33.3,INGRESO|BALANZA_INGRESO|BALANZA_EGRESO|EGRESO,SECUENCIA_NO_CONCLUYENTE,false,false,circuito_probable_sin_egreso+punto_fuerte,2-S1>2-S2>2-S1,2026-09-27_2026-10-04,final_circuits.csv
1fc574ed-281d-42c2-8d45-c9fad68f6123,ENW015,ENW015,ANOMALIAS,JOURNEY_INCOMPLETO,,RICARDONE,true,false,R8,,LIQUIDO,incompleto_revision,Incompleto en revisión,INCOMPLETO,INCOMPLETO,SECUENCIA_NO_CONCLUYENTE,,INCOMPLETO,Incompleto,media,50,"Coinciden 3 de 6 puntos esperados. Faltan ingreso, balanza ingreso, balanza egreso.",6,3,3,true,preingreso,true,egreso,false,true,CIRCUITO_LIQUIDO,3,PREINGRESO>LIQUIDO>EGRESO,R8,R8,Recepción Mercadería Líquida,CIRCUITO_LIQUIDO,false,63,true,true,true,UNKNOWN,UNKNOWN,,,0,false,false,,,,NONE,DATA_COVERAGE,SECUENCIA_INCOMPLETA,missing_ingreso_frontal+suspicious_duplicate,RicPreIngInFr>RicCalLiq>RicEgrCamFrente,,incompleto_revision,true,0,RicIngCamFrente|RICARDONE_INGRESO_CAMIONES,2026-10-07T20:10:57.124Z,day,2026-10-04,2026-09-27,50,INGRESO|BALANZA_INGRESO|BALANZA_EGRESO,SECUENCIA_NO_CONCLUYENTE,false,false,incompleto_revision+punto_fuerte,2-S1>2-S2>2-S3,2026-09-27_2026-10-04,final_circuits.csv
2e47b9d5-70ed-4880-acb4-c4f70547fef2__cycle_1,AH931DD,AH931DD,ANOMALIAS,NO_DIFERENCIABLE_SIN_PUNTO_FUERTE,,UNKNOWN,true,false,SIN_PUNTO,,,incompleto_revision,Incompleto en revisión,INCOMPLETO,NO_DIFERENCIABLE,NO_DIFERENCIABLE_SIN_PUNTO_FUERTE,,INCOMPLETO,Incompleto,baja,33.3,"Coinciden 2 de 6 puntos esperados. Faltan ingreso, preingreso, calada, egreso.",6,2,4,false,sin_ingreso,true,balanza_egreso,false,false,DESPACHO_SIN_PUNTO_INSTRUMENTADO,2,BALANZA_INGRESO>BALANZA_EGRESO,SIN_PUNTO,SIN_PUNTO,Sin punto instrumentado (sólidos),DESPACHO_SIN_PUNTO_INSTRUMENTADO,false,0,false,false,false,UNKNOWN,UNKNOWN,,,0,false,false,,,,NONE,DATA_COVERAGE,EVENTOS_INSUFICIENTES,missing_ingreso_frontal,RicB3Ingreso>RicB3Egreso,,incompleto_revision,false,0,RicIngCamFrente|RICARDONE_INGRESO_CAMIONES,2026-10-07T20:10:57.124Z,day,2026-10-04,2026-09-27,33.3,INGRESO|PREINGRESO|CALADA|EGRESO,EVENTOS_INSUFICIENTES,false,false,circuito_probable_sin_ingreso,2-S4>2-S4,2026-09-27_2026-10-04,final_circuits.csv
fc767696-b292-42d2-ab2e-896467b51601,MEE006,MEE006,ANOMALIAS,NO_DIFERENCIABLE_SIN_PUNTO_FUERTE,,UNKNOWN,true,false,SIN_PUNTO,,SAN_LORENZO,incompleto_revision,Incompleto en revisión,INCOMPLETO,NO_DIFERENCIABLE,NO_DIFERENCIABLE_SIN_PUNTO_FUERTE,,INCOMPLETO,Incompleto,baja,33.3,"Coinciden 2 de 6 puntos esperados. Faltan ingreso, preingreso, calada, egreso.",6,2,4,false,sin_ingreso,true,balanza_egreso,false,false,DESPACHO_SIN_PUNTO_INSTRUMENTADO,3,BALANZA_INGRESO>BALANZA_EGRESO>SL_EGRESO,SIN_PUNTO,SIN_PUNTO,Sin punto instrumentado (sólidos),DESPACHO_SIN_PUNTO_INSTRUMENTADO,false,0,true,false,false,UNKNOWN,UNKNOWN,,,0,false,false,,,,NONE,DATA_COVERAGE,SECUENCIA_INCOMPLETA,missing_ingreso_frontal+suspicious_duplicate,RicB3Ingreso>RicB3Egreso>SLZSalidaC2Fte,,incompleto_revision,true,0,RicIngCamFrente|RICARDONE_INGRESO_CAMIONES,2026-10-07T20:10:57.124Z,day,2026-10-04,2026-09-27,33.3,INGRESO|PREINGRESO|CALADA|EGRESO,SECUENCIA_NO_CONCLUYENTE,false,false,circuito_probable_sin_ingreso+punto_fuerte,2-S4>2-S4>1-S7,2026-09-27_2026-10-04,final_circuits.csv
b136c7d4-38ea-4a6a-ba69-e03654344a0b,ENW015,ENW015,ANOMALIAS,JOURNEY_INCOMPLETO,,RICARDONE,true,false,R8,,LIQUIDO,incompleto_revision,Incompleto en revisión,INCOMPLETO,INCOMPLETO,SECUENCIA_NO_CONCLUYENTE,,INCOMPLETO,Incompleto,media,50,"Coinciden 3 de 6 puntos esperados. Faltan ingreso, preingreso, balanza ingreso.",6,3,3,false,sin_ingreso,true,egreso_y_balanza,false,true,CIRCUITO_LIQUIDO,5,PLAYA>BALANZA_EGRESO>LIQUIDO>EGRESO,R8,R8,Recepción Mercadería Líquida,CIRCUITO_LIQUIDO,false,63,true,true,true,UNKNOWN,UNKNOWN,,,0,false,false,,,,NONE,DATA_COVERAGE,SECUENCIA_INCOMPLETA,missing_ingreso_frontal+suspicious_duplicate,RicS6Playa3>RicS6Playa3>RicB2Egreso>RicCalLiq>RicEgrCamFrente,,incompleto_revision,true,0,RicIngCamFrente|RICARDONE_INGRESO_CAMIONES,2026-10-07T20:10:57.124Z,day,2026-10-04,2026-09-27,50,INGRESO|PREINGRESO|BALANZA_INGRESO,SECUENCIA_NO_CONCLUYENTE,false,false,circuito_probable_sin_ingreso+punto_fuerte,2-S6>2-S6>2-S4>2-S2>2-S3,2026-09-27_2026-10-04,final_circuits.csv
2c875aef-7b38-47a6-a9b4-8c40ca67993f__cycle_1,AI217QP,AI217QP,ANOMALIAS,NO_DIFERENCIABLE_SIN_PUNTO_FUERTE,,UNKNOWN,true,false,SIN_PUNTO,,,incompleto_revision,Incompleto en revisión,INCOMPLETO,NO_DIFERENCIABLE,NO_DIFERENCIABLE_SIN_PUNTO_FUERTE,,INCOMPLETO,Incompleto,baja,33.3,"Coinciden 2 de 6 puntos esperados. Faltan ingreso, preingreso, calada, egreso.",6,2,4,false,sin_ingreso,true,egreso_y_balanza,false,true,DESPACHO_SIN_PUNTO_INSTRUMENTADO,2,BALANZA_INGRESO>BALANZA_EGRESO,SIN_PUNTO,SIN_PUNTO,Sin punto instrumentado (sólidos),DESPACHO_SIN_PUNTO_INSTRUMENTADO,false,0,false,false,false,UNKNOWN,UNKNOWN,,,0,false,false,,,,NONE,DATA_COVERAGE,EVENTOS_INSUFICIENTES,missing_ingreso_frontal,RicB3Ingreso>RicB2Egreso,,incompleto_revision,false,0,RicIngCamFrente|RICARDONE_INGRESO_CAMIONES,2026-10-07T20:10:57.124Z,day,2026-10-04,2026-09-27,33.3,INGRESO|PREINGRESO|CALADA|EGRESO,EVENTOS_INSUFICIENTES,false,false,circuito_probable_sin_ingreso,2-S4>2-S4,2026-09-27_2026-10-04,final_circuits.csv
8c05f83d-5be4-4769-adc4-a3244ab54137__cycle_6,KGY149,KGY149,ANOMALIAS,NO_DIFERENCIABLE_SIN_PUNTO_FUERTE,,UNKNOWN,true,false,SIN_PUNTO,,,incompleto_revision,Incompleto en revisión,INCOMPLETO,NO_DIFERENCIABLE,NO_DIFERENCIABLE_SIN_PUNTO_FUERTE,,INCOMPLETO,Incompleto,baja,33.3,"Coinciden 2 de 6 puntos esperados. Faltan ingreso, preingreso, calada, egreso.",6,2,4,false,sin_ingreso,true,egreso_y_balanza,false,true,DESPACHO_SIN_PUNTO_INSTRUMENTADO,2,BALANZA_INGRESO>BALANZA_EGRESO,SIN_PUNTO,SIN_PUNTO,Sin punto instrumentado (sólidos),DESPACHO_SIN_PUNTO_INSTRUMENTADO,false,0,false,false,false,UNKNOWN,UNKNOWN,,,0,false,false,,,,NONE,DATA_COVERAGE,EVENTOS_INSUFICIENTES,missing_ingreso_frontal,RicB3Ingreso>RicB2Egreso,,incompleto_revision,false,0,RicIngCamFrente|RICARDONE_INGRESO_CAMIONES,2026-10-07T20:10:57.124Z,day,2026-10-04,2026-09-27,33.3,INGRESO|PREINGRESO|CALADA|EGRESO,EVENTOS_INSUFICIENTES,false,false,circuito_probable_sin_ingreso,2-S4>2-S4,2026-09-27_2026-10-04,final_circuits.csv
83a933b7-4420-46b5-a3dc-5038381e7f7f,MSE380,MSE380,ANOMALIAS,NO_DIFERENCIABLE_SIN_PUNTO_FUERTE,,UNKNOWN,true,false,SIN_PUNTO,,SAN_LORENZO,incompleto_revision,Incompleto en revisión,INCOMPLETO,NO_DIFERENCIABLE,NO_DIFERENCIABLE_SIN_PUNTO_FUERTE,,INCOMPLETO,Incompleto,baja,33.3,"Coinciden 2 de 6 puntos esperados. Faltan ingreso, preingreso, calada, egreso.",6,2,4,false,sin_ingreso,true,egreso_y_balanza,false,true,DESPACHO_SIN_PUNTO_INSTRUMENTADO,3,BALANZA_INGRESO>BALANZA_EGRESO>SL_EGRESO,SIN_PUNTO,SIN_PUNTO,Sin punto instrumentado (sólidos),DESPACHO_SIN_PUNTO_INSTRUMENTADO,false,0,true,false,false,UNKNOWN,UNKNOWN,,,0,false,false,,,,NONE,DATA_COVERAGE,SECUENCIA_INCOMPLETA,missing_ingreso_frontal+suspicious_duplicate,RicB3Ingreso>RicB2Egreso>SLZSalidaC2Fte,,incompleto_revision,true,0,RicIngCamFrente|RICARDONE_INGRESO_CAMIONES,2026-10-07T20:10:57.124Z,day,2026-10-04,2026-09-27,33.3,INGRESO|PREINGRESO|CALADA|EGRESO,SECUENCIA_NO_CONCLUYENTE,false,false,circuito_probable_sin_ingreso+punto_fuerte,2-S4>2-S4>1-S7,2026-09-27_2026-10-04,final_circuits.csv
6cda4365-6472-4875-8db1-7bcab3e3725d__cycle_1,EKC971,EKC971,ANOMALIAS,NO_DIFERENCIABLE_SIN_PUNTO_FUERTE,,UNKNOWN,true,false,SIN_PUNTO,,,incompleto_revision,Incompleto en revisión,INCOMPLETO,NO_DIFERENCIABLE,NO_DIFERENCIABLE_SIN_PUNTO_FUERTE,,INCOMPLETO,Incompleto,muy_baja,33.3,"Coinciden 2 de 6 puntos esperados. Faltan ingreso, balanza ingreso, balanza egreso, egreso.",6,2,4,true,preingreso,false,sin_egreso,false,false,DESPACHO_SIN_PUNTO_INSTRUMENTADO,3,PREINGRESO>CALADA>PREINGRESO,SIN_PUNTO,SIN_PUNTO,Sin punto instrumentado (sólidos),DESPACHO_SIN_PUNTO_INSTRUMENTADO,false,0,false,false,false,UNKNOWN,UNKNOWN,,,0,false,false,,,,NONE,DATA_COVERAGE,SECUENCIA_INCOMPLETA,missing_ingreso_frontal+suspicious_duplicate,RicPreIngInFr>RicCal04>RicPreIngInFr,,incompleto_revision,false,0,RicIngCamFrente|RICARDONE_INGRESO_CAMIONES,2026-10-07T20:10:57.124Z,day,2026-10-04,2026-09-27,33.3,INGRESO|BALANZA_INGRESO|BALANZA_EGRESO|EGRESO,SECUENCIA_NO_CONCLUYENTE,false,false,circuito_probable_sin_egreso,2-S1>2-S2>2-S1,2026-09-27_2026-10-04,final_circuits.csv
93ffd11a-1b96-46e1-9c24-b631b8706e0d,NXG995,NXG995,ANOMALIAS,NO_DIFERENCIABLE_SIN_PUNTO_FUERTE,,UNKNOWN,true,false,SIN_PUNTO,,,incompleto_revision,Incompleto en revisión,INCOMPLETO,NO_DIFERENCIABLE,NO_DIFERENCIABLE_SIN_PUNTO_FUERTE,,INCOMPLETO,Incompleto,baja,33.3,"Coinciden 2 de 6 puntos esperados. Faltan ingreso, preingreso, calada, egreso.",6,2,4,false,sin_ingreso,true,balanza_egreso,false,false,DESPACHO_SIN_PUNTO_INSTRUMENTADO,2,BALANZA_INGRESO>BALANZA_EGRESO,SIN_PUNTO,SIN_PUNTO,Sin punto instrumentado (sólidos),DESPACHO_SIN_PUNTO_INSTRUMENTADO,false,0,false,false,false,UNKNOWN,UNKNOWN,,,0,false,false,,,,NONE,DATA_COVERAGE,EVENTOS_INSUFICIENTES,missing_ingreso_frontal,RicB3Ingreso>RicB3Egreso,,incompleto_revision,false,0,RicIngCamFrente|RICARDONE_INGRESO_CAMIONES,2026-10-07T20:10:57.124Z,day,2026-10-04,2026-09-27,33.3,INGRESO|PREINGRESO|CALADA|EGRESO,EVENTOS_INSUFICIENTES,false,false,circuito_probable_sin_ingreso,2-S4>2-S4,2026-09-27_2026-10-04,final_circuits.csv
8d9ca996-d921-4be7-8511-0ce46973c106__cycle_1,AD049SR,AD049SR,ANOMALIAS,NO_DIFERENCIABLE_SIN_PUNTO_FUERTE,,UNKNOWN,true,false,SIN_PUNTO,,,incompleto_revision,Incompleto en revisión,INCOMPLETO,NO_DIFERENCIABLE,NO_DIFERENCIABLE_SIN_PUNTO_FUERTE,,INCOMPLETO,Incompleto,baja,33.3,"Coinciden 2 de 6 puntos esperados. Faltan ingreso, preingreso, calada, egreso.",6,2,4,false,sin_ingreso,true,egreso_y_balanza,false,true,DESPACHO_SIN_PUNTO_INSTRUMENTADO,2,BALANZA_INGRESO>BALANZA_EGRESO,SIN_PUNTO,SIN_PUNTO,Sin punto instrumentado (sólidos),DESPACHO_SIN_PUNTO_INSTRUMENTADO,false,0,false,false,false,UNKNOWN,UNKNOWN,,,0,false,false,,,,NONE,DATA_COVERAGE,EVENTOS_INSUFICIENTES,missing_ingreso_frontal,RicB3Ingreso>RicB2Egreso,,incompleto_revision,false,0,RicIngCamFrente|RICARDONE_INGRESO_CAMIONES,2026-10-07T20:10:57.124Z,day,2026-10-04,2026-09-27,33.3,INGRESO|PREINGRESO|CALADA|EGRESO,EVENTOS_INSUFICIENTES,false,false,circuito_probable_sin_ingreso,2-S4>2-S4,2026-09-27_2026-10-04,final_circuits.csv
c5d6fb71-23c6-44b8-a6c7-6decffb743b2,XBL711,XBL711,ANOMALIAS,JOURNEY_INCOMPLETO,,RICARDONE,true,false,R8,,LIQUIDO,incompleto_revision,Incompleto en revisión,INCOMPLETO,INCOMPLETO,SECUENCIA_NO_CONCLUYENTE,,INCOMPLETO,Incompleto,media,50,"Coinciden 3 de 6 puntos esperados. Faltan ingreso, preingreso, balanza ingreso.",6,3,3,false,sin_ingreso,true,egreso_y_balanza,false,true,CIRCUITO_LIQUIDO,6,LIQUIDO>PLAYA>BALANZA_EGRESO>SL_BALANZA_INGRESO>SL_VOLCABLE>SL_EGRESO,R8,R8,Recepción Mercadería Líquida,CIRCUITO_LIQUIDO,false,63,true,true,true,UNKNOWN,UNKNOWN,,,0,false,false,,,,NONE,BEHAVIORAL,SL_RIC_2H_SIN_CIRCUITO_NO_PELLET,missing_ingreso_frontal+suspicious_duplicate,RicCalLiq>RicS6Playa3>RicB2Egreso>SLZBalIngFte>SLZVolcableC4>SLZSalidaC1Fte,,incompleto_revision,true,0,RicIngCamFrente|RICARDONE_INGRESO_CAMIONES,2026-10-07T20:10:57.124Z,day,2026-10-04,2026-09-27,33.3,INGRESO|PREINGRESO|BALANZA_INGRESO|EGRESO,SECUENCIA_NO_CONCLUYENTE,false,false,circuito_probable_sin_ingreso+punto_fuerte,2-S2>2-S6>2-S4>1-S1>1-S4>1-S7,2026-09-27_2026-10-04,final_circuits.csv
f956ad89-e9b2-4e0e-99b8-98fe40181e6b__cycle_1,GVJ645,GVJ645,ANOMALIAS,FRAGMENTO_SIN_CIERRE_OPERATIVO,,RICARDONE,true,false,R8,,LIQUIDO,incompleto_revision,Incompleto en revisión,INCOMPLETO,INCOMPLETO,FRAGMENTO_SIN_CIERRE_OPERATIVO,,INCOMPLETO,Incompleto,media,50,"Coinciden 3 de 6 puntos esperados. Faltan ingreso, balanza ingreso, balanza egreso.",6,3,3,true,preingreso,false,sin_egreso,false,false,CIRCUITO_LIQUIDO,2,PREINGRESO>LIQUIDO,R8,R8,Recepción Mercadería Líquida,CIRCUITO_LIQUIDO,false,63,true,true,true,UNKNOWN,UNKNOWN,,,0,false,false,,,,NONE,DATA_COVERAGE,EVENTOS_INSUFICIENTES,missing_ingreso_frontal,RicPreIngInFr>RicCalLiq,,incompleto_revision,true,0,RicIngCamFrente|RICARDONE_INGRESO_CAMIONES,2026-10-07T20:10:57.124Z,day,2026-10-04,2026-09-27,33.3,INGRESO|BALANZA_INGRESO|BALANZA_EGRESO|EGRESO,EVENTOS_INSUFICIENTES,false,false,circuito_probable_sin_egreso+punto_fuerte,2-S1>2-S2,2026-09-27_2026-10-04,final_circuits.csv
5f459193-b0f0-4e61-a00b-21c276a59271__cycle_1,JDH880,JDH880,ANOMALIAS,FRAGMENTO_SIN_CIERRE_OPERATIVO,,RICARDONE,true,false,R8,,LIQUIDO,incompleto_revision,Incompleto en revisión,INCOMPLETO,INCOMPLETO,FRAGMENTO_SIN_CIERRE_OPERATIVO,,INCOMPLETO,Incompleto,media,50,"Coinciden 3 de 6 puntos esperados. Faltan ingreso, balanza ingreso, balanza egreso.",6,3,3,true,preingreso,false,sin_egreso,false,false,CIRCUITO_LIQUIDO,2,PREINGRESO>LIQUIDO,R8,R8,Recepción Mercadería Líquida,CIRCUITO_LIQUIDO,false,63,true,true,true,UNKNOWN,UNKNOWN,,,0,false,false,,,,NONE,DATA_COVERAGE,EVENTOS_INSUFICIENTES,missing_ingreso_frontal,RicPreIngInFr>RicCalLiq,,incompleto_revision,true,0,RicIngCamFrente|RICARDONE_INGRESO_CAMIONES,2026-10-07T20:10:57.124Z,day,2026-10-04,2026-09-27,33.3,INGRESO|BALANZA_INGRESO|BALANZA_EGRESO|EGRESO,EVENTOS_INSUFICIENTES,false,false,circuito_probable_sin_egreso+punto_fuerte,2-S1>2-S2,2026-09-27_2026-10-04,final_circuits.csv
f467e7d6-c5e1-4345-819e-52592cee5063__cycle_1,CNG506,CNG506,ANOMALIAS,FRAGMENTO_SIN_CIERRE_OPERATIVO,,RICARDONE,true,false,R8,,LIQUIDO,incompleto_revision,Incompleto en revisión,INCOMPLETO,INCOMPLETO,FRAGMENTO_SIN_CIERRE_OPERATIVO,,INCOMPLETO,Incompleto,media,50,"Coinciden 3 de 6 puntos esperados. Faltan ingreso, balanza ingreso, balanza egreso.",6,3,3,true,preingreso,false,sin_egreso,false,false,CIRCUITO_LIQUIDO,2,PREINGRESO>LIQUIDO,R8,R8,Recepción Mercadería Líquida,CIRCUITO_LIQUIDO,false,63,true,true,true,UNKNOWN,UNKNOWN,,,0,false,false,,,,NONE,DATA_COVERAGE,EVENTOS_INSUFICIENTES,missing_ingreso_frontal,RicPreIngInFr>RicCalLiq,,incompleto_revision,true,0,RicIngCamFrente|RICARDONE_INGRESO_CAMIONES,2026-10-07T20:10:57.124Z,day,2026-10-04,2026-09-27,33.3,INGRESO|BALANZA_INGRESO|BALANZA_EGRESO|EGRESO,EVENTOS_INSUFICIENTES,false,false,circuito_probable_sin_egreso+punto_fuerte,2-S1>2-S2,2026-09-27_2026-10-04,final_circuits.csv
e4390a56-3c01-4be6-ad15-a93b4878c326,PNJ544,PNJ544,ANOMALIAS,NO_DIFERENCIABLE_SIN_PUNTO_FUERTE,,UNKNOWN,true,false,SIN_PUNTO,,SAN_LORENZO,incompleto_revision,Incompleto en revisión,INCOMPLETO,NO_DIFERENCIABLE,NO_DIFERENCIABLE_SIN_PUNTO_FUERTE,,INCOMPLETO,Incompleto,baja,33.3,"Coinciden 2 de 6 puntos esperados. Faltan ingreso, balanza ingreso, balanza egreso, egreso.",6,2,4,true,preingreso,false,sin_egreso,false,false,DESPACHO_SIN_PUNTO_INSTRUMENTADO,3,PREINGRESO>CALADA>SL_BALANZA_INGRESO,SIN_PUNTO,SIN_PUNTO,Sin punto instrumentado (sólidos),DESPACHO_SIN_PUNTO_INSTRUMENTADO,false,0,true,false,false,UNKNOWN,UNKNOWN,,,0,false,false,,,,NONE,DATA_COVERAGE,SECUENCIA_INCOMPLETA,missing_ingreso_frontal,RicPreIngInFr>RicCal03>SLZBalIngFte,,incompleto_revision,true,0,RicIngCamFrente|RICARDONE_INGRESO_CAMIONES,2026-10-07T20:10:57.124Z,day,2026-10-04,2026-09-27,33.3,INGRESO|BALANZA_INGRESO|BALANZA_EGRESO|EGRESO,SECUENCIA_NO_CONCLUYENTE,false,false,circuito_probable_sin_egreso+punto_fuerte,2-S1>2-S2>1-S1,2026-09-27_2026-10-04,final_circuits.csv
cfea7654-f295-4749-9f27-26b7e63e08e8,CFQ560,CFQ560,ANOMALIAS,JOURNEY_INCOMPLETO,,RICARDONE,true,false,R8,,LIQUIDO,incompleto_revision,Incompleto en revisión,INCOMPLETO,INCOMPLETO,SECUENCIA_NO_CONCLUYENTE,,INCOMPLETO,Incompleto,media,66.7,"Coinciden 4 de 6 puntos esperados. Faltan ingreso, balanza ingreso.",6,4,2,true,preingreso,true,egreso_y_balanza,false,true,CIRCUITO_LIQUIDO,8,PREINGRESO>LIQUIDO>PLAYA>BALANZA_EGRESO>SL_INGRESO>SL_BALANZA_INGRESO>SL_VOLCABLE>SL_EGRESO,R8,R8,Recepción Mercadería Líquida,CIRCUITO_LIQUIDO,false,63,true,true,true,UNKNOWN,UNKNOWN,,,0,false,false,,,,NONE,BEHAVIORAL,RIC_SL_MAS30M_SIN_CALADA_SL,missing_ingreso_frontal,RicPreIngInFr>RicCalLiq>RicS6Playa3>RicB2Egreso>SLZIngCamFrente>SLZBalIngFte>SLZVolcableC4>SLZSalidaC1Fte,,incompleto_revision,true,0,RicIngCamFrente|RICARDONE_INGRESO_CAMIONES,2026-10-07T20:10:57.124Z,day,2026-10-04,2026-09-27,50,INGRESO|BALANZA_INGRESO|EGRESO,SECUENCIA_NO_CONCLUYENTE,false,false,circuito_probable_sin_egreso+punto_fuerte,2-S1>2-S2>2-S6>2-S4>1-S0>1-S1>1-S4>1-S7,2026-09-27_2026-10-04,final_circuits.csv
9434c99c-4850-442f-8bcb-0c4bdb3920b5__cycle_1,FAZ585,FAZ585,ANOMALIAS,FRAGMENTO_SIN_CIERRE_OPERATIVO,,RICARDONE,true,false,R8,,LIQUIDO,incompleto_revision,Incompleto en revisión,INCOMPLETO,INCOMPLETO,FRAGMENTO_SIN_CIERRE_OPERATIVO,,INCOMPLETO,Incompleto,media,50,"Coinciden 3 de 6 puntos esperados. Faltan ingreso, balanza ingreso, balanza egreso.",6,3,3,true,preingreso,false,sin_egreso,false,false,CIRCUITO_LIQUIDO,2,PREINGRESO>LIQUIDO,R8,R8,Recepción Mercadería Líquida,CIRCUITO_LIQUIDO,false,63,true,true,true,UNKNOWN,UNKNOWN,,,0,false,false,,,,NONE,DATA_COVERAGE,EVENTOS_INSUFICIENTES,missing_ingreso_frontal,RicPreIngInFr>RicCalLiq,,incompleto_revision,true,0,RicIngCamFrente|RICARDONE_INGRESO_CAMIONES,2026-10-07T20:10:57.124Z,day,2026-10-04,2026-09-27,33.3,INGRESO|BALANZA_INGRESO|BALANZA_EGRESO|EGRESO,EVENTOS_INSUFICIENTES,false,false,circuito_probable_sin_egreso+punto_fuerte,2-S1>2-S2,2026-09-27_2026-10-04,final_circuits.csv
aaef653e-5f77-4d9c-82e3-3c5e71ea3764__cycle_1,CSB958,CSB958,ANOMALIAS,FRAGMENTO_SIN_CIERRE_OPERATIVO,,RICARDONE,true,false,R8,,LIQUIDO,incompleto_revision,Incompleto en revisión,INCOMPLETO,INCOMPLETO,FRAGMENTO_SIN_CIERRE_OPERATIVO,,INCOMPLETO,Incompleto,media,50,"Coinciden 3 de 6 puntos esperados. Faltan ingreso, balanza ingreso, balanza egreso.",6,3,3,true,preingreso,false,sin_egreso,false,false,CIRCUITO_LIQUIDO,2,PREINGRESO>LIQUIDO,R8,R8,Recepción Mercadería Líquida,CIRCUITO_LIQUIDO,false,63,true,true,true,UNKNOWN,UNKNOWN,,,0,false,false,,,,NONE,DATA_COVERAGE,EVENTOS_INSUFICIENTES,missing_ingreso_frontal,RicPreIngInFr>RicCalLiq,,incompleto_revision,true,0,RicIngCamFrente|RICARDONE_INGRESO_CAMIONES,2026-10-07T20:10:57.124Z,day,2026-10-04,2026-09-27,33.3,INGRESO|BALANZA_INGRESO|BALANZA_EGRESO|EGRESO,EVENTOS_INSUFICIENTES,false,false,circuito_probable_sin_egreso+punto_fuerte,2-S1>2-S2,2026-09-27_2026-10-04,final_circuits.csv
8845c275-b029-40f9-b37a-c94b7d2b4379__cycle_1,JUP399,JUP399,ANOMALIAS,FRAGMENTO_SIN_CIERRE_OPERATIVO,,RICARDONE,true,false,R8,,LIQUIDO,incompleto_revision,Incompleto en revisión,INCOMPLETO,INCOMPLETO,FRAGMENTO_SIN_CIERRE_OPERATIVO,,INCOMPLETO,Incompleto,media,50,"Coinciden 3 de 6 puntos esperados. Faltan ingreso, balanza ingreso, balanza egreso.",6,3,3,true,preingreso,false,sin_egreso,false,false,CIRCUITO_LIQUIDO,2,PREINGRESO>LIQUIDO,R8,R8,Recepción Mercadería Líquida,CIRCUITO_LIQUIDO,false,63,true,true,true,UNKNOWN,UNKNOWN,,,0,false,false,,,,NONE,DATA_COVERAGE,EVENTOS_INSUFICIENTES,missing_ingreso_frontal,RicPreIngInFr>RicCalLiq,,incompleto_revision,true,0,RicIngCamFrente|RICARDONE_INGRESO_CAMIONES,2026-10-07T20:10:57.124Z,day,2026-10-04,2026-09-27,33.3,INGRESO|BALANZA_INGRESO|BALANZA_EGRESO|EGRESO,EVENTOS_INSUFICIENTES,false,false,circuito_probable_sin_egreso+punto_fuerte,2-S1>2-S2,2026-09-27_2026-10-04,final_circuits.csv
a86ac7be-d986-4864-802a-5a18201eac2a__cycle_1,FLF111,FLF111,ANOMALIAS,FRAGMENTO_SIN_CIERRE_OPERATIVO,,RICARDONE,true,false,R8,,LIQUIDO,incompleto_revision,Incompleto en revisión,INCOMPLETO,INCOMPLETO,FRAGMENTO_SIN_CIERRE_OPERATIVO,,INCOMPLETO,Incompleto,media,50,"Coinciden 3 de 6 puntos esperados. Faltan ingreso, balanza ingreso, balanza egreso.",6,3,3,true,preingreso,false,sin_egreso,false,false,CIRCUITO_LIQUIDO,2,PREINGRESO>LIQUIDO,R8,R8,Recepción Mercadería Líquida,CIRCUITO_LIQUIDO,false,63,true,true,true,UNKNOWN,UNKNOWN,,,0,false,false,,,,NONE,DATA_COVERAGE,EVENTOS_INSUFICIENTES,missing_ingreso_frontal,RicPreIngInFr>RicCalLiq,,incompleto_revision,true,0,RicIngCamFrente|RICARDONE_INGRESO_CAMIONES,2026-10-07T20:10:57.124Z,day,2026-10-04,2026-09-27,33.3,INGRESO|BALANZA_INGRESO|BALANZA_EGRESO|EGRESO,EVENTOS_INSUFICIENTES,false,false,circuito_probable_sin_egreso+punto_fuerte,2-S1>2-S2,2026-09-27_2026-10-04,final_circuits.csv
5eeba7f3-de89-4773-bb40-bc288057b162__cycle_1,WNL428,WNL428,ANOMALIAS,FRAGMENTO_SIN_CIERRE_OPERATIVO,,RICARDONE,true,false,R8,,LIQUIDO,incompleto_revision,Incompleto en revisión,INCOMPLETO,INCOMPLETO,FRAGMENTO_SIN_CIERRE_OPERATIVO,,INCOMPLETO,Incompleto,media,50,"Coinciden 3 de 6 puntos esperados. Faltan ingreso, balanza ingreso, balanza egreso.",6,3,3,true,preingreso,false,sin_egreso,false,false,CIRCUITO_LIQUIDO,2,PREINGRESO>LIQUIDO,R8,R8,Recepción Mercadería Líquida,CIRCUITO_LIQUIDO,false,63,true,true,true,UNKNOWN,UNKNOWN,,,0,false,false,,,,NONE,DATA_COVERAGE,EVENTOS_INSUFICIENTES,missing_ingreso_frontal,RicPreIngInFr>RicCalLiq,,incompleto_revision,true,0,RicIngCamFrente|RICARDONE_INGRESO_CAMIONES,2026-10-07T20:10:57.124Z,day,2026-10-04,2026-09-27,33.3,INGRESO|BALANZA_INGRESO|BALANZA_EGRESO|EGRESO,EVENTOS_INSUFICIENTES,false,false,circuito_probable_sin_egreso+punto_fuerte,2-S1>2-S2,2026-09-27_2026-10-04,final_circuits.csv
6a11c7ce-2dac-4f51-bca4-2df8eef753e9,RYX227,RYX227,ANOMALIAS,FRAGMENTO_SIN_CIERRE_OPERATIVO,,UNKNOWN,true,false,SIN_PUNTO,,,incompleto_revision,Incompleto en revisión,INCOMPLETO,INCOMPLETO,FRAGMENTO_SIN_CIERRE_OPERATIVO,,INCOMPLETO,Incompleto,muy_baja,33.3,"Coinciden 2 de 6 puntos esperados. Faltan ingreso, balanza ingreso, balanza egreso, egreso.",6,2,4,true,preingreso,false,sin_egreso,false,false,DESPACHO_SIN_PUNTO_INSTRUMENTADO,2,PREINGRESO>CALADA,SIN_PUNTO,SIN_PUNTO,Sin punto instrumentado (sólidos),DESPACHO_SIN_PUNTO_INSTRUMENTADO,false,0,false,false,false,UNKNOWN,UNKNOWN,,,0,false,false,,,,NONE,DATA_COVERAGE,EVENTOS_INSUFICIENTES,missing_ingreso_frontal,RicPreIngInFr>RicCal04,,incompleto_revision,false,0,RicIngCamFrente|RICARDONE_INGRESO_CAMIONES,2026-10-07T20:10:57.124Z,day,2026-10-04,2026-09-27,33.3,INGRESO|BALANZA_INGRESO|BALANZA_EGRESO|EGRESO,EVENTOS_INSUFICIENTES,false,false,circuito_probable_sin_egreso,2-S1>2-S2,2026-09-27_2026-10-04,final_circuits.csv
a2db3bfb-8dc5-443e-b66f-8a712e9cebd6,FWZ505,FWZ505,ANOMALIAS,FRAGMENTO_SIN_CIERRE_OPERATIVO,,UNKNOWN,true,false,SIN_PUNTO,,,incompleto_revision,Incompleto en revisión,INCOMPLETO,INCOMPLETO,FRAGMENTO_SIN_CIERRE_OPERATIVO,,INCOMPLETO,Incompleto,muy_baja,33.3,"Coinciden 2 de 6 puntos esperados. Faltan ingreso, balanza ingreso, balanza egreso, egreso.",6,2,4,true,preingreso,false,sin_egreso,false,false,DESPACHO_SIN_PUNTO_INSTRUMENTADO,2,PREINGRESO>CALADA,SIN_PUNTO,SIN_PUNTO,Sin punto instrumentado (sólidos),DESPACHO_SIN_PUNTO_INSTRUMENTADO,false,0,false,false,false,UNKNOWN,UNKNOWN,,,0,false,false,,,,NONE,DATA_COVERAGE,EVENTOS_INSUFICIENTES,missing_ingreso_frontal,RicPreIngInFr>RicCal03,,incompleto_revision,false,0,RicIngCamFrente|RICARDONE_INGRESO_CAMIONES,2026-10-07T20:10:57.124Z,day,2026-10-04,2026-09-27,33.3,INGRESO|BALANZA_INGRESO|BALANZA_EGRESO|EGRESO,EVENTOS_INSUFICIENTES,false,false,circuito_probable_sin_egreso,2-S1>2-S2,2026-09-27_2026-10-04,final_circuits.csv
4a87e339-8eff-43d0-9f93-1fefb3961ade,KDG811,KDG811,ANOMALIAS,NO_DIFERENCIABLE_SIN_PUNTO_FUERTE,,UNKNOWN,true,false,SIN_PUNTO,,SAN_LORENZO,incompleto_revision,Incompleto en revisión,INCOMPLETO,NO_DIFERENCIABLE,NO_DIFERENCIABLE_SIN_PUNTO_FUERTE,,INCOMPLETO,Incompleto,baja,33.3,"Coinciden 2 de 6 puntos esperados. Faltan ingreso, balanza ingreso, balanza egreso, egreso.",6,2,4,true,preingreso,false,sin_egreso,false,false,DESPACHO_SIN_PUNTO_INSTRUMENTADO,4,PREINGRESO>CALADA>SL_BALANZA_INGRESO>SL_EGRESO,SIN_PUNTO,SIN_PUNTO,Sin punto instrumentado (sólidos),DESPACHO_SIN_PUNTO_INSTRUMENTADO,false,0,true,false,false,UNKNOWN,UNKNOWN,,,0,false,false,,,,NONE,DATA_COVERAGE,SECUENCIA_INCOMPLETA,missing_ingreso_frontal,RicPreIngInFr>RicCal04>SLZBalIngFte>SLZSalidaC1Fte,,incompleto_revision,true,0,RicIngCamFrente|RICARDONE_INGRESO_CAMIONES,2026-10-07T20:10:57.124Z,day,2026-10-04,2026-09-27,33.3,INGRESO|BALANZA_INGRESO|BALANZA_EGRESO|EGRESO,SECUENCIA_NO_CONCLUYENTE,false,false,circuito_probable_sin_egreso+punto_fuerte,2-S1>2-S2>1-S1>1-S7,2026-09-27_2026-10-04,final_circuits.csv
e9b76797-2489-4178-85ad-48ec7c34d61d__cycle_1,AI467SL,AI467SL,ANOMALIAS,NO_DIFERENCIABLE_SIN_PUNTO_FUERTE,,UNKNOWN,true,false,SIN_PUNTO,,,incompleto_revision,Incompleto en revisión,INCOMPLETO,NO_DIFERENCIABLE,NO_DIFERENCIABLE_SIN_PUNTO_FUERTE,,INCOMPLETO,Incompleto,baja,50,"Coinciden 3 de 6 puntos esperados. Faltan balanza ingreso, balanza egreso, egreso.",6,3,3,true,ingreso_y_preingreso,false,sin_egreso,false,false,DESPACHO_SIN_PUNTO_INSTRUMENTADO,3,INGRESO>PREINGRESO>CALADA,SIN_PUNTO,SIN_PUNTO,Sin punto instrumentado (sólidos),DESPACHO_SIN_PUNTO_INSTRUMENTADO,false,0,false,false,false,UNKNOWN,UNKNOWN,,,0,false,false,,,,NONE,DATA_COVERAGE,SECUENCIA_INCOMPLETA,missing_ingreso_frontal,RicIngCamFrente>RicPreIngInFr>RicCal04,,incompleto_revision,false,0,RicIngCamFrente|RICARDONE_INGRESO_CAMIONES,2026-10-07T20:10:57.124Z,day,2026-10-04,2026-09-27,50,BALANZA_INGRESO|BALANZA_EGRESO|EGRESO,SECUENCIA_NO_CONCLUYENTE,false,false,circuito_probable_sin_egreso,2-S0>2-S1>2-S2,2026-09-27_2026-10-04,final_circuits.csv
ba041ae3-1203-4d1a-8707-acd147affa75,AA168AF,AA168AF,ANOMALIAS,NO_DIFERENCIABLE_SIN_PUNTO_FUERTE,,UNKNOWN,true,false,SIN_PUNTO,,SAN_LORENZO,incompleto_revision,Incompleto en revisión,INCOMPLETO,NO_DIFERENCIABLE,NO_DIFERENCIABLE_SIN_PUNTO_FUERTE,,INCOMPLETO,Incompleto,baja,33.3,"Coinciden 2 de 6 puntos esperados. Faltan ingreso, balanza ingreso, balanza egreso, egreso.",6,2,4,true,preingreso,false,sin_egreso,false,false,DESPACHO_SIN_PUNTO_INSTRUMENTADO,4,PREINGRESO>CALADA>SL_VOLCABLE>SL_EGRESO,SIN_PUNTO,SIN_PUNTO,Sin punto instrumentado (sólidos),DESPACHO_SIN_PUNTO_INSTRUMENTADO,false,0,true,false,false,UNKNOWN,UNKNOWN,,,0,false,false,,,,NONE,DATA_COVERAGE,SECUENCIA_INCOMPLETA,missing_ingreso_frontal,RicPreIngInFr>RicCal03>SLZVolcableC5>SLZSalidaC1Fte,,incompleto_revision,true,0,RicIngCamFrente|RICARDONE_INGRESO_CAMIONES,2026-10-07T20:10:57.124Z,day,2026-10-04,2026-09-27,33.3,INGRESO|BALANZA_INGRESO|BALANZA_EGRESO|EGRESO,SECUENCIA_NO_CONCLUYENTE,false,false,circuito_probable_sin_egreso+punto_fuerte,2-S1>2-S2>1-S4>1-S7,2026-09-27_2026-10-04,final_circuits.csv
22f07505-9bf6-4cad-b311-6080754fc404,AB766FQ,AB766FQ,ANOMALIAS,NO_DIFERENCIABLE_SIN_PUNTO_FUERTE,,UNKNOWN,true,false,SIN_PUNTO,,SAN_LORENZO,incompleto_revision,Incompleto en revisión,INCOMPLETO,NO_DIFERENCIABLE,NO_DIFERENCIABLE_SIN_PUNTO_FUERTE,,INCOMPLETO,Incompleto,baja,33.3,"Coinciden 2 de 6 puntos esperados. Faltan ingreso, balanza ingreso, balanza egreso, egreso.",6,2,4,true,preingreso,false,sin_egreso,false,false,DESPACHO_SIN_PUNTO_INSTRUMENTADO,4,PREINGRESO>CALADA>SL_VOLCABLE>SL_EGRESO,SIN_PUNTO,SIN_PUNTO,Sin punto instrumentado (sólidos),DESPACHO_SIN_PUNTO_INSTRUMENTADO,false,0,true,false,false,UNKNOWN,UNKNOWN,,,0,false,false,,,,NONE,DATA_COVERAGE,SECUENCIA_INCOMPLETA,missing_ingreso_frontal,RicPreIngInFr>RicCal03>SLZVolcableC5>SLZSalidaC1Fte,,incompleto_revision,true,0,RicIngCamFrente|RICARDONE_INGRESO_CAMIONES,2026-10-07T20:10:57.124Z,day,2026-10-04,2026-09-27,33.3,INGRESO|BALANZA_INGRESO|BALANZA_EGRESO|EGRESO,SECUENCIA_NO_CONCLUYENTE,false,false,circuito_probable_sin_egreso+punto_fuerte,2-S1>2-S2>1-S4>1-S7,2026-09-27_2026-10-04,final_circuits.csv
e6eca959-9c9d-40e4-bf60-6e0c3af0df34__cycle_3,ECN609,ECN609,ANOMALIAS,NO_DIFERENCIABLE_SIN_PUNTO_FUERTE,,UNKNOWN,true,false,SIN_PUNTO,,,incompleto_revision,Incompleto en revisión,INCOMPLETO,NO_DIFERENCIABLE,NO_DIFERENCIABLE_SIN_PUNTO_FUERTE,,INCOMPLETO,Incompleto,baja,50,"Coinciden 3 de 6 puntos esperados. Faltan ingreso, balanza ingreso, egreso.",6,3,3,true,preingreso,true,egreso_y_balanza,false,true,DESPACHO_SIN_PUNTO_INSTRUMENTADO,4,PREINGRESO>CALADA>PLAYA>BALANZA_EGRESO,SIN_PUNTO,SIN_PUNTO,Sin punto instrumentado (sólidos),DESPACHO_SIN_PUNTO_INSTRUMENTADO,false,0,false,false,false,UNKNOWN,UNKNOWN,,,0,false,false,,,,NONE,DATA_COVERAGE,SECUENCIA_INCOMPLETA,missing_ingreso_frontal,RicPreIngInFr>RicCal03>RicS6Playa3>RicB2Egreso,,incompleto_revision,false,0,RicIngCamFrente|RICARDONE_INGRESO_CAMIONES,2026-10-07T20:10:57.124Z,day,2026-10-04,2026-09-27,50,INGRESO|BALANZA_INGRESO|EGRESO,SECUENCIA_NO_CONCLUYENTE,false,false,circuito_probable_sin_egreso,2-S1>2-S2>2-S6>2-S4,2026-09-27_2026-10-04,final_circuits.csv
18969121-64f7-46a3-9200-f632e9b0e9f9__cycle_2,AE808WG,AE808WG,ANOMALIAS,JOURNEY_INCOMPLETO,,RICARDONE,true,false,R8,,LIQUIDO,incompleto_revision,Incompleto en revisión,INCOMPLETO,INCOMPLETO,SECUENCIA_NO_CONCLUYENTE,,INCOMPLETO,Incompleto,media,50,"Coinciden 3 de 6 puntos esperados. Faltan ingreso, balanza ingreso, balanza egreso.",6,3,3,true,preingreso,true,egreso,false,true,CIRCUITO_LIQUIDO,3,PREINGRESO>LIQUIDO>EGRESO,R8,R8,Recepción Mercadería Líquida,CIRCUITO_LIQUIDO,false,63,true,true,true,UNKNOWN,UNKNOWN,,,0,false,false,,,,NONE,DATA_COVERAGE,SECUENCIA_INCOMPLETA,missing_ingreso_frontal,RicPreIngInFr>RicCalLiq>RicEgrCamFrente,,incompleto_revision,true,0,RicIngCamFrente|RICARDONE_INGRESO_CAMIONES,2026-10-07T20:10:57.124Z,day,2026-10-04,2026-09-27,50,INGRESO|BALANZA_INGRESO|BALANZA_EGRESO,SECUENCIA_NO_CONCLUYENTE,false,false,incompleto_revision+punto_fuerte,2-S1>2-S2>2-S3,2026-09-27_2026-10-04,final_circuits.csv
9a854803-4999-4fc8-a757-0f4cc40433ff,ONS723,ONS723,ANOMALIAS,NO_DIFERENCIABLE_SIN_PUNTO_FUERTE,,UNKNOWN,true,false,SIN_PUNTO,,,incompleto_revision,Incompleto en revisión,INCOMPLETO,NO_DIFERENCIABLE,NO_DIFERENCIABLE_SIN_PUNTO_FUERTE,,INCOMPLETO,Incompleto,baja,33.3,"Coinciden 2 de 6 puntos esperados. Faltan ingreso, preingreso, calada, egreso.",6,2,4,false,sin_ingreso,true,balanza_egreso,false,false,DESPACHO_SIN_PUNTO_INSTRUMENTADO,2,BALANZA_INGRESO>BALANZA_EGRESO,SIN_PUNTO,SIN_PUNTO,Sin punto instrumentado (sólidos),DESPACHO_SIN_PUNTO_INSTRUMENTADO,false,0,false,false,false,UNKNOWN,UNKNOWN,,,0,false,false,,,,NONE,DATA_COVERAGE,EVENTOS_INSUFICIENTES,missing_ingreso_frontal,RicB3Ingreso>RicB3Egreso,,incompleto_revision,false,0,RicIngCamFrente|RICARDONE_INGRESO_CAMIONES,2026-10-07T20:10:57.124Z,day,2026-10-04,2026-09-27,33.3,INGRESO|PREINGRESO|CALADA|EGRESO,EVENTOS_INSUFICIENTES,false,false,circuito_probable_sin_ingreso,2-S4>2-S4,2026-09-27_2026-10-04,final_circuits.csv
e7027083-3e33-4f55-a309-2d83100f3408,AFH021,AFH021,ANOMALIAS,JOURNEY_INCOMPLETO,,RICARDONE,true,false,R6,,RICARDONE,incompleto_revision,Incompleto en revisión,INCOMPLETO,INCOMPLETO,EVENTOS_INSUFICIENTES,,INCOMPLETO,Incompleto,baja,28.6,"Coinciden 2 de 7 puntos esperados. Faltan ingreso, preingreso, calada, balanza ingreso, egreso.",7,2,5,false,sin_ingreso,true,egreso_y_balanza,false,true,CIRCUITO_VOLCABLE_1_2,2,VOLCABLE>BALANZA_EGRESO,R6,R6,Recepción Volcable 2,CIRCUITO_VOLCABLE_1_2,false,67,true,true,true,UNKNOWN,UNKNOWN,,,0,false,false,,,,NONE,DATA_COVERAGE,EVENTOS_INSUFICIENTES,missing_ingreso_frontal,RicVolcable2>RicB2Egreso,,incompleto_revision,true,0,RicIngCamFrente|RICARDONE_INGRESO_CAMIONES,2026-10-07T20:10:57.124Z,day,2026-10-04,2026-09-27,28.6,INGRESO|PREINGRESO|CALADA|BALANZA_INGRESO|EGRESO,EVENTOS_INSUFICIENTES,false,false,circuito_probable_sin_ingreso+punto_fuerte,2-S9>2-S4,2026-09-27_2026-10-04,final_circuits.csv
86ce21d4-0899-4c76-a017-add6f2c963d7,KUH403,KUH403,ANOMALIAS,JOURNEY_INCOMPLETO,,RICARDONE,true,false,R8,,LIQUIDO,incompleto_revision,Incompleto en revisión,INCOMPLETO,INCOMPLETO,SECUENCIA_NO_CONCLUYENTE,,INCOMPLETO,Incompleto,media,50,"Coinciden 3 de 6 puntos esperados. Faltan ingreso, balanza ingreso, balanza egreso.",6,3,3,true,preingreso,true,egreso,false,true,CIRCUITO_LIQUIDO,3,PREINGRESO>LIQUIDO>EGRESO,R8,R8,Recepción Mercadería Líquida,CIRCUITO_LIQUIDO,false,63,true,true,true,UNKNOWN,UNKNOWN,,,0,false,false,,,,NONE,BEHAVIORAL,RIC_REINGRESO_RAPIDO_NO_PELLET,missing_ingreso_frontal+suspicious_duplicate,RicPreIngInFr>RicCalLiq>RicEgrCamFrente,,incompleto_revision,true,0,RicIngCamFrente|RICARDONE_INGRESO_CAMIONES,2026-10-07T20:10:57.124Z,day,2026-10-04,2026-09-27,50,INGRESO|BALANZA_INGRESO|BALANZA_EGRESO,SECUENCIA_NO_CONCLUYENTE,false,false,incompleto_revision+punto_fuerte,2-S1>2-S2>2-S3,2026-09-27_2026-10-04,final_circuits.csv
5e5c9fce-33f7-4621-8261-38b8891eeaf5,SPD790,SPD790,ANOMALIAS,NO_DIFERENCIABLE_SIN_PUNTO_FUERTE,,UNKNOWN,true,false,SIN_PUNTO,,,incompleto_revision,Incompleto en revisión,INCOMPLETO,NO_DIFERENCIABLE,NO_DIFERENCIABLE_SIN_PUNTO_FUERTE,,INCOMPLETO,Incompleto,muy_baja,33.3,"Coinciden 2 de 6 puntos esperados. Faltan ingreso, preingreso, balanza ingreso, balanza egreso.",6,2,4,false,sin_ingreso,true,egreso,false,true,DESPACHO_SIN_PUNTO_INSTRUMENTADO,2,CALADA>EGRESO,SIN_PUNTO,SIN_PUNTO,Sin punto instrumentado (sólidos),DESPACHO_SIN_PUNTO_INSTRUMENTADO,false,0,false,false,false,UNKNOWN,UNKNOWN,,,0,false,false,,,,NONE,DATA_COVERAGE,EVENTOS_INSUFICIENTES,missing_ingreso_frontal+suspicious_duplicate,RicCal03>RicEgrCamFrente,,incompleto_revision,false,0,RicIngCamFrente|RICARDONE_INGRESO_CAMIONES,2026-10-07T20:10:57.124Z,day,2026-10-04,2026-09-27,33.3,INGRESO|PREINGRESO|BALANZA_INGRESO|BALANZA_EGRESO,EVENTOS_INSUFICIENTES,false,false,circuito_probable_sin_ingreso,2-S2>2-S3,2026-09-27_2026-10-04,final_circuits.csv
bdeb023e-b311-4b8d-a02a-79535b915203,HBS709,HBS709,ANOMALIAS,NO_DIFERENCIABLE_SIN_PUNTO_FUERTE,,UNKNOWN,true,false,SIN_PUNTO,,,incompleto_revision,Incompleto en revisión,INCOMPLETO,NO_DIFERENCIABLE,NO_DIFERENCIABLE_SIN_PUNTO_FUERTE,,INCOMPLETO,Incompleto,muy_baja,33.3,"Coinciden 2 de 6 puntos esperados. Faltan ingreso, preingreso, balanza ingreso, balanza egreso.",6,2,4,false,sin_ingreso,true,egreso,false,true,DESPACHO_SIN_PUNTO_INSTRUMENTADO,2,CALADA>EGRESO,SIN_PUNTO,SIN_PUNTO,Sin punto instrumentado (sólidos),DESPACHO_SIN_PUNTO_INSTRUMENTADO,false,0,false,false,false,UNKNOWN,UNKNOWN,,,0,false,false,,,,NONE,DATA_COVERAGE,EVENTOS_INSUFICIENTES,missing_ingreso_frontal+suspicious_duplicate,RicCal03>RicEgrCamFrente,,incompleto_revision,false,0,RicIngCamFrente|RICARDONE_INGRESO_CAMIONES,2026-10-07T20:10:57.124Z,day,2026-10-04,2026-09-27,33.3,INGRESO|PREINGRESO|BALANZA_INGRESO|BALANZA_EGRESO,EVENTOS_INSUFICIENTES,false,false,circuito_probable_sin_ingreso,2-S2>2-S3,2026-09-27_2026-10-04,final_circuits.csv
62d6458d-9196-4acf-9b10-27aa9d18fcaf,AH185MZ,AH185MZ,ANOMALIAS,NO_DIFERENCIABLE_SIN_PUNTO_FUERTE,,UNKNOWN,true,false,SIN_PUNTO,,,incompleto_revision,Incompleto en revisión,INCOMPLETO,NO_DIFERENCIABLE,NO_DIFERENCIABLE_SIN_PUNTO_FUERTE,,INCOMPLETO,Incompleto,baja,33.3,"Coinciden 2 de 6 puntos esperados. Faltan ingreso, preingreso, calada, egreso.",6,2,4,false,sin_ingreso,true,balanza_egreso,false,false,DESPACHO_SIN_PUNTO_INSTRUMENTADO,2,BALANZA_INGRESO>BALANZA_EGRESO,SIN_PUNTO,SIN_PUNTO,Sin punto instrumentado (sólidos),DESPACHO_SIN_PUNTO_INSTRUMENTADO,false,0,false,false,false,UNKNOWN,UNKNOWN,,,0,false,false,,,,NONE,DATA_COVERAGE,EVENTOS_INSUFICIENTES,missing_ingreso_frontal,RicB3Ingreso>RicB3Egreso,,incompleto_revision,false,0,RicIngCamFrente|RICARDONE_INGRESO_CAMIONES,2026-10-07T20:10:57.124Z,day,2026-10-04,2026-09-27,33.3,INGRESO|PREINGRESO|CALADA|EGRESO,EVENTOS_INSUFICIENTES,false,false,circuito_probable_sin_ingreso,2-S4>2-S4,2026-09-27_2026-10-04,final_circuits.csv
60b7afc3-40b2-4218-a6ea-1e81e3a77ed3,AD468VC,AD468VC,ANOMALIAS,NO_DIFERENCIABLE_SIN_PUNTO_FUERTE,,UNKNOWN,true,false,SIN_PUNTO,,,incompleto_revision,Incompleto en revisión,ANOMALO,NO_DIFERENCIABLE,NO_DIFERENCIABLE_SIN_PUNTO_FUERTE,,ANOMALO,Anómalo,baja,33.3,"Coinciden 2 de 6 puntos esperados. Faltan ingreso, preingreso, calada, egreso.",6,2,4,false,sin_ingreso,true,balanza_egreso,false,false,DESPACHO_SIN_PUNTO_INSTRUMENTADO,6,BALANZA_INGRESO>BALANZA_EGRESO>BALANZA_INGRESO>BALANZA_EGRESO>BALANZA_INGRESO>BALANZA_EGRESO,SIN_PUNTO,SIN_PUNTO,Sin punto instrumentado (sólidos),DESPACHO_SIN_PUNTO_INSTRUMENTADO,false,0,false,false,false,UNKNOWN,UNKNOWN,,,0,false,false,,,,NONE,NONE,,missing_ingreso_frontal,RicB3Ingreso>RicB3Egreso>RicB3Ingreso>RicB3Egreso>RicB3Ingreso>RicB3Egreso,NO_RESPETA_SECUENCIA,incompleto_revision,false,0,RicIngCamFrente|RICARDONE_INGRESO_CAMIONES,2026-10-07T20:10:57.124Z,day,2026-10-04,2026-09-27,33.3,INGRESO|PREINGRESO|CALADA|EGRESO,NO_RESPETA_SECUENCIA,false,false,circuito_probable_sin_ingreso,2-S4>2-S4>2-S4>2-S4>2-S4>2-S4,2026-09-27_2026-10-04,final_circuits.csv
d391612b-6ff7-4039-aa40-f581a30bc657,GAS844,GAS844,ANOMALIAS,FRAGMENTO_SIN_CIERRE_OPERATIVO,,UNKNOWN,true,false,SIN_PUNTO,,,incompleto_revision,Incompleto en revisión,INCOMPLETO,INCOMPLETO,FRAGMENTO_SIN_CIERRE_OPERATIVO,,INCOMPLETO,Incompleto,muy_baja,33.3,"Coinciden 2 de 6 puntos esperados. Faltan ingreso, balanza ingreso, balanza egreso, egreso.",6,2,4,true,preingreso,false,sin_egreso,false,false,DESPACHO_SIN_PUNTO_INSTRUMENTADO,2,PREINGRESO>CALADA,SIN_PUNTO,SIN_PUNTO,Sin punto instrumentado (sólidos),DESPACHO_SIN_PUNTO_INSTRUMENTADO,false,0,false,false,false,UNKNOWN,UNKNOWN,,,0,false,false,,,,NONE,DATA_COVERAGE,EVENTOS_INSUFICIENTES,missing_ingreso_frontal,RicPreIngInFr>RicCal03,,incompleto_revision,false,0,RicIngCamFrente|RICARDONE_INGRESO_CAMIONES,2026-10-07T20:10:57.124Z,day,2026-10-04,2026-09-27,33.3,INGRESO|BALANZA_INGRESO|BALANZA_EGRESO|EGRESO,EVENTOS_INSUFICIENTES,false,false,circuito_probable_sin_egreso,2-S1>2-S2,2026-09-27_2026-10-04,final_circuits.csv
7e6c0f86-47ba-49c5-90cf-eb8dd2b56ba5,RHL029,RHL029,ANOMALIAS,JOURNEY_INCOMPLETO,,RICARDONE,true,false,R8,,LIQUIDO,incompleto_revision,Incompleto en revisión,INCOMPLETO,INCOMPLETO,SECUENCIA_NO_CONCLUYENTE,,INCOMPLETO,Incompleto,media,50,"Coinciden 3 de 6 puntos esperados. Faltan ingreso, balanza ingreso, balanza egreso.",6,3,3,true,preingreso,true,egreso,false,true,CIRCUITO_LIQUIDO,3,PREINGRESO>LIQUIDO>EGRESO,R8,R8,Recepción Mercadería Líquida,CIRCUITO_LIQUIDO,false,63,true,true,true,UNKNOWN,UNKNOWN,,,0,false,false,,,,NONE,DATA_COVERAGE,SECUENCIA_INCOMPLETA,missing_ingreso_frontal+suspicious_duplicate,RicPreIngInFr>RicCalLiq>RicEgrCamFrente,,incompleto_revision,true,0,RicIngCamFrente|RICARDONE_INGRESO_CAMIONES,2026-10-07T20:10:57.124Z,day,2026-10-04,2026-09-27,50,INGRESO|BALANZA_INGRESO|BALANZA_EGRESO,SECUENCIA_NO_CONCLUYENTE,false,false,incompleto_revision+punto_fuerte,2-S1>2-S2>2-S3,2026-09-27_2026-10-04,final_circuits.csv
3df3f39a-0faa-4fff-8f5d-729d669cb335,MVO862,MVO862,ANOMALIAS,NO_DIFERENCIABLE_SIN_PUNTO_FUERTE,,UNKNOWN,true,false,SIN_PUNTO,,SAN_LORENZO,incompleto_revision,Incompleto en revisión,INCOMPLETO,NO_DIFERENCIABLE,NO_DIFERENCIABLE_SIN_PUNTO_FUERTE,,INCOMPLETO,Incompleto,baja,33.3,"Coinciden 2 de 6 puntos esperados. Faltan ingreso, preingreso, calada, egreso.",6,2,4,false,sin_ingreso,true,balanza_egreso,false,false,DESPACHO_SIN_PUNTO_INSTRUMENTADO,3,BALANZA_INGRESO>BALANZA_EGRESO>SL_EGRESO,SIN_PUNTO,SIN_PUNTO,Sin punto instrumentado (sólidos),DESPACHO_SIN_PUNTO_INSTRUMENTADO,false,0,true,false,false,UNKNOWN,UNKNOWN,,,0,false,false,,,,NONE,DATA_COVERAGE,SECUENCIA_INCOMPLETA,missing_ingreso_frontal+suspicious_duplicate,RicB3Ingreso>RicB3Egreso>SLZSalidaC2Fte,,incompleto_revision,true,0,RicIngCamFrente|RICARDONE_INGRESO_CAMIONES,2026-10-07T20:10:57.124Z,day,2026-10-04,2026-09-27,33.3,INGRESO|PREINGRESO|CALADA|EGRESO,SECUENCIA_NO_CONCLUYENTE,false,false,circuito_probable_sin_ingreso+punto_fuerte,2-S4>2-S4>1-S7,2026-09-27_2026-10-04,final_circuits.csv
37a2199d-9b8a-4e16-b6cf-a0b03534d0dc__cycle_2,GHD821,GHD821,ANOMALIAS,NO_DIFERENCIABLE_SIN_PUNTO_FUERTE,,UNKNOWN,true,false,SIN_PUNTO,,,incompleto_revision,Incompleto en revisión,INCOMPLETO,NO_DIFERENCIABLE,NO_DIFERENCIABLE_SIN_PUNTO_FUERTE,,INCOMPLETO,Incompleto,baja,50,"Coinciden 3 de 6 puntos esperados. Faltan ingreso, balanza ingreso, egreso.",6,3,3,true,preingreso,true,egreso_y_balanza,false,true,DESPACHO_SIN_PUNTO_INSTRUMENTADO,4,PREINGRESO>CALADA>PLAYA>BALANZA_EGRESO,SIN_PUNTO,SIN_PUNTO,Sin punto instrumentado (sólidos),DESPACHO_SIN_PUNTO_INSTRUMENTADO,false,0,false,false,false,UNKNOWN,UNKNOWN,,,0,false,false,,,,NONE,DATA_COVERAGE,SECUENCIA_INCOMPLETA,missing_ingreso_frontal,RicPreIngInFr>RicCal04>RicS6Playa3>RicB2Egreso,,incompleto_revision,false,0,RicIngCamFrente|RICARDONE_INGRESO_CAMIONES,2026-10-07T20:10:57.124Z,day,2026-10-04,2026-09-27,50,INGRESO|BALANZA_INGRESO|EGRESO,SECUENCIA_NO_CONCLUYENTE,false,false,circuito_probable_sin_egreso,2-S1>2-S2>2-S6>2-S4,2026-09-27_2026-10-04,final_circuits.csv
1bf5a71d-4344-405e-b573-ccaa8a71551e,HLT270,HLT270,ANOMALIAS,NO_DIFERENCIABLE_SIN_PUNTO_FUERTE,,UNKNOWN,true,false,SIN_PUNTO,,,incompleto_revision,Incompleto en revisión,INCOMPLETO,NO_DIFERENCIABLE,NO_DIFERENCIABLE_SIN_PUNTO_FUERTE,,INCOMPLETO,Incompleto,baja,33.3,"Coinciden 2 de 6 puntos esperados. Faltan ingreso, preingreso, calada, egreso.",6,2,4,false,sin_ingreso,true,balanza_egreso,false,false,DESPACHO_SIN_PUNTO_INSTRUMENTADO,2,BALANZA_INGRESO>BALANZA_EGRESO,SIN_PUNTO,SIN_PUNTO,Sin punto instrumentado (sólidos),DESPACHO_SIN_PUNTO_INSTRUMENTADO,false,0,false,false,false,UNKNOWN,UNKNOWN,,,0,false,false,,,,NONE,DATA_COVERAGE,EVENTOS_INSUFICIENTES,missing_ingreso_frontal,RicB3Ingreso>RicB3Egreso,,incompleto_revision,false,0,RicIngCamFrente|RICARDONE_INGRESO_CAMIONES,2026-10-07T20:10:57.124Z,day,2026-10-04,2026-09-27,33.3,INGRESO|PREINGRESO|CALADA|EGRESO,EVENTOS_INSUFICIENTES,false,false,circuito_probable_sin_ingreso,2-S4>2-S4,2026-09-27_2026-10-04,final_circuits.csv
2c875aef-7b38-47a6-a9b4-8c40ca67993f__cycle_2,AI217QP,AI217QP,ANOMALIAS,NO_DIFERENCIABLE_SIN_PUNTO_FUERTE,,UNKNOWN,true,false,SIN_PUNTO,,,incompleto_revision,Incompleto en revisión,INCOMPLETO,NO_DIFERENCIABLE,NO_DIFERENCIABLE_SIN_PUNTO_FUERTE,,INCOMPLETO,Incompleto,baja,33.3,"Coinciden 2 de 6 puntos esperados. Faltan ingreso, preingreso, calada, egreso.",6,2,4,false,sin_ingreso,true,balanza_egreso,false,false,DESPACHO_SIN_PUNTO_INSTRUMENTADO,2,BALANZA_INGRESO>BALANZA_EGRESO,SIN_PUNTO,SIN_PUNTO,Sin punto instrumentado (sólidos),DESPACHO_SIN_PUNTO_INSTRUMENTADO,false,0,false,false,false,UNKNOWN,UNKNOWN,,,0,false,false,,,,NONE,DATA_COVERAGE,EVENTOS_INSUFICIENTES,missing_ingreso_frontal,RicB3Ingreso>RicB3Egreso,,incompleto_revision,false,0,RicIngCamFrente|RICARDONE_INGRESO_CAMIONES,2026-10-07T20:10:57.124Z,day,2026-10-04,2026-09-27,33.3,INGRESO|PREINGRESO|CALADA|EGRESO,EVENTOS_INSUFICIENTES,false,false,circuito_probable_sin_ingreso,2-S4>2-S4,2026-09-27_2026-10-04,final_circuits.csv
8c05f83d-5be4-4769-adc4-a3244ab54137__cycle_7,KGY149,KGY149,ANOMALIAS,NO_DIFERENCIABLE_SIN_PUNTO_FUERTE,,UNKNOWN,true,false,SIN_PUNTO,,,incompleto_revision,Incompleto en revisión,INCOMPLETO,NO_DIFERENCIABLE,NO_DIFERENCIABLE_SIN_PUNTO_FUERTE,,INCOMPLETO,Incompleto,baja,33.3,"Coinciden 2 de 6 puntos esperados. Faltan ingreso, preingreso, calada, egreso.",6,2,4,false,sin_ingreso,true,egreso_y_balanza,false,true,DESPACHO_SIN_PUNTO_INSTRUMENTADO,5,BALANZA_INGRESO>BALANZA_EGRESO>BALANZA_INGRESO>BALANZA_EGRESO,SIN_PUNTO,SIN_PUNTO,Sin punto instrumentado (sólidos),DESPACHO_SIN_PUNTO_INSTRUMENTADO,false,0,false,false,false,UNKNOWN,UNKNOWN,,,0,false,false,,,,NONE,DATA_COVERAGE,SECUENCIA_INCOMPLETA,missing_ingreso_frontal,RicB3Ingreso>RicB3Egreso>RicB3Ingreso>RicB2Egreso>RicB2Egreso,,incompleto_revision,false,0,RicIngCamFrente|RICARDONE_INGRESO_CAMIONES,2026-10-07T20:10:57.124Z,day,2026-10-04,2026-09-27,33.3,INGRESO|PREINGRESO|CALADA|EGRESO,SECUENCIA_NO_CONCLUYENTE,false,false,circuito_probable_sin_ingreso,2-S4>2-S4>2-S4>2-S4>2-S4,2026-09-27_2026-10-04,final_circuits.csv
5a0df76f-da79-4686-829c-3829748dfb34,NJB898,NJB898,ANOMALIAS,NO_DIFERENCIABLE_SIN_PUNTO_FUERTE,,UNKNOWN,true,false,SIN_PUNTO,,,incompleto_revision,Incompleto en revisión,INCOMPLETO,NO_DIFERENCIABLE,NO_DIFERENCIABLE_SIN_PUNTO_FUERTE,,INCOMPLETO,Incompleto,baja,33.3,"Coinciden 2 de 6 puntos esperados. Faltan ingreso, preingreso, calada, egreso.",6,2,4,false,sin_ingreso,true,balanza_egreso,false,false,DESPACHO_SIN_PUNTO_INSTRUMENTADO,2,BALANZA_INGRESO>BALANZA_EGRESO,SIN_PUNTO,SIN_PUNTO,Sin punto instrumentado (sólidos),DESPACHO_SIN_PUNTO_INSTRUMENTADO,false,0,false,false,false,UNKNOWN,UNKNOWN,,,0,false,false,,,,NONE,DATA_COVERAGE,EVENTOS_INSUFICIENTES,missing_ingreso_frontal,RicB3Ingreso>RicB3Egreso,,incompleto_revision,false,0,RicIngCamFrente|RICARDONE_INGRESO_CAMIONES,2026-10-07T20:10:57.124Z,day,2026-10-04,2026-09-27,33.3,INGRESO|PREINGRESO|CALADA|EGRESO,EVENTOS_INSUFICIENTES,false,false,circuito_probable_sin_ingreso,2-S4>2-S4,2026-09-27_2026-10-04,final_circuits.csv
4d98ee58-1bc5-4bfa-97e1-688f247139a5__cycle_2,AH785SE,AH785SE,ANOMALIAS,NO_DIFERENCIABLE_SIN_PUNTO_FUERTE,,UNKNOWN,true,false,SIN_PUNTO,,,incompleto_revision,Incompleto en revisión,INCOMPLETO,NO_DIFERENCIABLE,NO_DIFERENCIABLE_SIN_PUNTO_FUERTE,,INCOMPLETO,Incompleto,baja,33.3,"Coinciden 2 de 6 puntos esperados. Faltan ingreso, preingreso, calada, egreso.",6,2,4,false,sin_ingreso,true,balanza_egreso,false,false,DESPACHO_SIN_PUNTO_INSTRUMENTADO,4,BALANZA_INGRESO>BALANZA_EGRESO>BALANZA_INGRESO>BALANZA_EGRESO,SIN_PUNTO,SIN_PUNTO,Sin punto instrumentado (sólidos),DESPACHO_SIN_PUNTO_INSTRUMENTADO,false,0,false,false,false,UNKNOWN,UNKNOWN,,,0,false,false,,,,NONE,DATA_COVERAGE,SECUENCIA_INCOMPLETA,missing_ingreso_frontal,RicB3Ingreso>RicB3Egreso>RicB3Ingreso>RicB3Egreso,,incompleto_revision,false,0,RicIngCamFrente|RICARDONE_INGRESO_CAMIONES,2026-10-07T20:10:57.124Z,day,2026-10-04,2026-09-27,33.3,INGRESO|PREINGRESO|CALADA|EGRESO,SECUENCIA_NO_CONCLUYENTE,false,false,circuito_probable_sin_ingreso,2-S4>2-S4>2-S4>2-S4,2026-09-27_2026-10-04,final_circuits.csv
dfdd234c-c635-41c9-8594-f2960666459d__cycle_6,AH461XD,AH461XD,ANOMALIAS,NO_DIFERENCIABLE_SIN_PUNTO_FUERTE,,UNKNOWN,true,false,SIN_PUNTO,,,incompleto_revision,Incompleto en revisión,INCOMPLETO,NO_DIFERENCIABLE,NO_DIFERENCIABLE_SIN_PUNTO_FUERTE,,INCOMPLETO,Incompleto,baja,33.3,"Coinciden 2 de 6 puntos esperados. Faltan ingreso, preingreso, calada, egreso.",6,2,4,false,sin_ingreso,true,egreso_y_balanza,false,true,DESPACHO_SIN_PUNTO_INSTRUMENTADO,4,BALANZA_INGRESO>BALANZA_EGRESO>BALANZA_INGRESO>BALANZA_EGRESO,SIN_PUNTO,SIN_PUNTO,Sin punto instrumentado (sólidos),DESPACHO_SIN_PUNTO_INSTRUMENTADO,false,0,false,false,false,UNKNOWN,UNKNOWN,,,0,false,false,,,,NONE,DATA_COVERAGE,SECUENCIA_INCOMPLETA,missing_ingreso_frontal,RicB3Ingreso>RicB3Egreso>RicB3Ingreso>RicB2Egreso,,incompleto_revision,false,0,RicIngCamFrente|RICARDONE_INGRESO_CAMIONES,2026-10-07T20:10:57.124Z,day,2026-10-04,2026-09-27,33.3,INGRESO|PREINGRESO|CALADA|EGRESO,SECUENCIA_NO_CONCLUYENTE,false,false,circuito_probable_sin_ingreso,2-S4>2-S4>2-S4>2-S4,2026-09-27_2026-10-04,final_circuits.csv
d3dbacc4-4fc6-4f81-adc3-c2b092b055c6__cycle_2,FQX760,FQX760,ANOMALIAS,NO_DIFERENCIABLE_SIN_PUNTO_FUERTE,,UNKNOWN,true,false,SIN_PUNTO,,,incompleto_revision,Incompleto en revisión,INCOMPLETO,NO_DIFERENCIABLE,NO_DIFERENCIABLE_SIN_PUNTO_FUERTE,,INCOMPLETO,Incompleto,baja,33.3,"Coinciden 2 de 6 puntos esperados. Faltan ingreso, preingreso, calada, egreso.",6,2,4,false,sin_ingreso,true,balanza_egreso,false,false,DESPACHO_SIN_PUNTO_INSTRUMENTADO,2,BALANZA_INGRESO>BALANZA_EGRESO,SIN_PUNTO,SIN_PUNTO,Sin punto instrumentado (sólidos),DESPACHO_SIN_PUNTO_INSTRUMENTADO,false,0,false,false,false,UNKNOWN,UNKNOWN,,,0,false,false,,,,NONE,DATA_COVERAGE,EVENTOS_INSUFICIENTES,missing_ingreso_frontal,RicB3Ingreso>RicB3Egreso,,incompleto_revision,false,0,RicIngCamFrente|RICARDONE_INGRESO_CAMIONES,2026-10-07T20:10:57.124Z,day,2026-10-04,2026-09-27,33.3,INGRESO|PREINGRESO|CALADA|EGRESO,EVENTOS_INSUFICIENTES,false,false,circuito_probable_sin_ingreso,2-S4>2-S4,2026-09-27_2026-10-04,final_circuits.csv
3604beae-3ec1-4bf2-bbe0-2dad1b34441f,AC495FZ,AC495FZ,ANOMALIAS,NO_DIFERENCIABLE_SIN_PUNTO_FUERTE,,UNKNOWN,true,false,SIN_PUNTO,,,incompleto_revision,Incompleto en revisión,INCOMPLETO,NO_DIFERENCIABLE,NO_DIFERENCIABLE_SIN_PUNTO_FUERTE,,INCOMPLETO,Incompleto,baja,33.3,"Coinciden 2 de 6 puntos esperados. Faltan ingreso, preingreso, calada, egreso.",6,2,4,false,sin_ingreso,true,balanza_egreso,false,false,DESPACHO_SIN_PUNTO_INSTRUMENTADO,2,BALANZA_INGRESO>BALANZA_EGRESO,SIN_PUNTO,SIN_PUNTO,Sin punto instrumentado (sólidos),DESPACHO_SIN_PUNTO_INSTRUMENTADO,false,0,false,false,false,UNKNOWN,UNKNOWN,,,0,false,false,,,,NONE,DATA_COVERAGE,EVENTOS_INSUFICIENTES,missing_ingreso_frontal,RicB3Ingreso>RicB3Egreso,,incompleto_revision,false,0,RicIngCamFrente|RICARDONE_INGRESO_CAMIONES,2026-10-07T20:10:57.124Z,day,2026-10-04,2026-09-27,33.3,INGRESO|PREINGRESO|CALADA|EGRESO,EVENTOS_INSUFICIENTES,false,false,circuito_probable_sin_ingreso,2-S4>2-S4,2026-09-27_2026-10-04,final_circuits.csv
2f8012bb-221f-49da-afdf-ca625a84f8ff,AH763WD,AH763WD,ANOMALIAS,NO_DIFERENCIABLE_SIN_PUNTO_FUERTE,,UNKNOWN,true,false,SIN_PUNTO,,,incompleto_revision,Incompleto en revisión,INCOMPLETO,NO_DIFERENCIABLE,NO_DIFERENCIABLE_SIN_PUNTO_FUERTE,,INCOMPLETO,Incompleto,baja,33.3,"Coinciden 2 de 6 puntos esperados. Faltan ingreso, preingreso, calada, egreso.",6,2,4,false,sin_ingreso,true,balanza_egreso,false,false,DESPACHO_SIN_PUNTO_INSTRUMENTADO,2,BALANZA_INGRESO>BALANZA_EGRESO,SIN_PUNTO,SIN_PUNTO,Sin punto instrumentado (sólidos),DESPACHO_SIN_PUNTO_INSTRUMENTADO,false,0,false,false,false,UNKNOWN,UNKNOWN,,,0,false,false,,,,NONE,DATA_COVERAGE,EVENTOS_INSUFICIENTES,missing_ingreso_frontal+suspicious_duplicate,RicB3Ingreso>RicB3Egreso,,incompleto_revision,false,0,RicIngCamFrente|RICARDONE_INGRESO_CAMIONES,2026-10-07T20:10:57.124Z,day,2026-10-04,2026-09-27,33.3,INGRESO|PREINGRESO|CALADA|EGRESO,EVENTOS_INSUFICIENTES,false,false,circuito_probable_sin_ingreso,2-S4>2-S4,2026-09-27_2026-10-04,final_circuits.csv
52d0b789-e3ec-4439-994d-d385d2119922,AE251OL,AE251OL,ANOMALIAS,NO_DIFERENCIABLE_SIN_PUNTO_FUERTE,,UNKNOWN,true,false,SIN_PUNTO,,,incompleto_revision,Incompleto en revisión,INCOMPLETO,NO_DIFERENCIABLE,NO_DIFERENCIABLE_SIN_PUNTO_FUERTE,,INCOMPLETO,Incompleto,baja,33.3,"Coinciden 2 de 6 puntos esperados. Faltan ingreso, preingreso, calada, egreso.",6,2,4,false,sin_ingreso,true,balanza_egreso,false,false,DESPACHO_SIN_PUNTO_INSTRUMENTADO,2,BALANZA_INGRESO>BALANZA_EGRESO,SIN_PUNTO,SIN_PUNTO,Sin punto instrumentado (sólidos),DESPACHO_SIN_PUNTO_INSTRUMENTADO,false,0,false,false,false,UNKNOWN,UNKNOWN,,,0,false,false,,,,NONE,DATA_COVERAGE,EVENTOS_INSUFICIENTES,missing_ingreso_frontal,RicB3Ingreso>RicB3Egreso,,incompleto_revision,false,0,RicIngCamFrente|RICARDONE_INGRESO_CAMIONES,2026-10-07T20:10:57.124Z,day,2026-10-04,2026-09-27,33.3,INGRESO|PREINGRESO|CALADA|EGRESO,EVENTOS_INSUFICIENTES,false,false,circuito_probable_sin_ingreso,2-S4>2-S4,2026-09-27_2026-10-04,final_circuits.csv
b16afac1-7ea9-491b-b102-81f4aa24dc8b__cycle_2,PDQ847,PDQ847,ANOMALIAS,NO_DIFERENCIABLE_SIN_PUNTO_FUERTE,,UNKNOWN,true,false,SIN_PUNTO,,,incompleto_revision,Incompleto en revisión,INCOMPLETO,NO_DIFERENCIABLE,NO_DIFERENCIABLE_SIN_PUNTO_FUERTE,,INCOMPLETO,Incompleto,baja,33.3,"Coinciden 2 de 6 puntos esperados. Faltan ingreso, preingreso, calada, egreso.",6,2,4,false,sin_ingreso,true,balanza_egreso,false,false,DESPACHO_SIN_PUNTO_INSTRUMENTADO,3,BALANZA_INGRESO>BALANZA_EGRESO,SIN_PUNTO,SIN_PUNTO,Sin punto instrumentado (sólidos),DESPACHO_SIN_PUNTO_INSTRUMENTADO,false,0,false,false,false,UNKNOWN,UNKNOWN,,,0,false,false,,,,NONE,DATA_COVERAGE,SECUENCIA_INCOMPLETA,missing_ingreso_frontal,RicB3Ingreso>RicB3Egreso>RicB3Egreso,,incompleto_revision,false,0,RicIngCamFrente|RICARDONE_INGRESO_CAMIONES,2026-10-07T20:10:57.124Z,day,2026-10-04,2026-09-27,33.3,INGRESO|PREINGRESO|CALADA|EGRESO,SECUENCIA_NO_CONCLUYENTE,false,false,circuito_probable_sin_ingreso,2-S4>2-S4>2-S4,2026-09-27_2026-10-04,final_circuits.csv
2be7d205-2ac8-4b76-a222-01f52b052edd,AD173IF,AD173IF,ANOMALIAS,NO_DIFERENCIABLE_SIN_PUNTO_FUERTE,,UNKNOWN,true,false,SIN_PUNTO,,,incompleto_revision,Incompleto en revisión,INCOMPLETO,NO_DIFERENCIABLE,NO_DIFERENCIABLE_SIN_PUNTO_FUERTE,,INCOMPLETO,Incompleto,baja,33.3,"Coinciden 2 de 6 puntos esperados. Faltan ingreso, preingreso, calada, egreso.",6,2,4,false,sin_ingreso,true,balanza_egreso,false,false,DESPACHO_SIN_PUNTO_INSTRUMENTADO,2,BALANZA_INGRESO>BALANZA_EGRESO,SIN_PUNTO,SIN_PUNTO,Sin punto instrumentado (sólidos),DESPACHO_SIN_PUNTO_INSTRUMENTADO,false,0,false,false,false,UNKNOWN,UNKNOWN,,,0,false,false,,,,NONE,DATA_COVERAGE,EVENTOS_INSUFICIENTES,missing_ingreso_frontal,RicB3Ingreso>RicB3Egreso,,incompleto_revision,false,0,RicIngCamFrente|RICARDONE_INGRESO_CAMIONES,2026-10-07T20:10:57.124Z,day,2026-10-04,2026-09-27,33.3,INGRESO|PREINGRESO|CALADA|EGRESO,EVENTOS_INSUFICIENTES,false,false,circuito_probable_sin_ingreso,2-S4>2-S4,2026-09-27_2026-10-04,final_circuits.csv
87eb6515-9ea6-4fa0-a51e-fae4efde4840,FQI716,FQI716,ANOMALIAS,NO_DIFERENCIABLE_SIN_PUNTO_FUERTE,,UNKNOWN,true,false,SIN_PUNTO,,,incompleto_revision,Incompleto en revisión,INCOMPLETO,NO_DIFERENCIABLE,NO_DIFERENCIABLE_SIN_PUNTO_FUERTE,,INCOMPLETO,Incompleto,baja,33.3,"Coinciden 2 de 6 puntos esperados. Faltan ingreso, preingreso, calada, egreso.",6,2,4,false,sin_ingreso,true,egreso_y_balanza,false,true,DESPACHO_SIN_PUNTO_INSTRUMENTADO,2,BALANZA_INGRESO>BALANZA_EGRESO,SIN_PUNTO,SIN_PUNTO,Sin punto instrumentado (sólidos),DESPACHO_SIN_PUNTO_INSTRUMENTADO,false,0,false,false,false,UNKNOWN,UNKNOWN,,,0,false,false,,,,NONE,DATA_COVERAGE,EVENTOS_INSUFICIENTES,missing_ingreso_frontal,RicB3Ingreso>RicB2Egreso,,incompleto_revision,false,0,RicIngCamFrente|RICARDONE_INGRESO_CAMIONES,2026-10-07T20:10:57.124Z,day,2026-10-04,2026-09-27,33.3,INGRESO|PREINGRESO|CALADA|EGRESO,EVENTOS_INSUFICIENTES,false,false,circuito_probable_sin_ingreso,2-S4>2-S4,2026-09-27_2026-10-04,final_circuits.csv
c127d59f-1f9f-48a3-9847-4ee365e8f0f4,AC169VY,AC169VY,ANOMALIAS,NO_DIFERENCIABLE_SIN_PUNTO_FUERTE,,UNKNOWN,true,false,SIN_PUNTO,,,incompleto_revision,Incompleto en revisión,INCOMPLETO,NO_DIFERENCIABLE,NO_DIFERENCIABLE_SIN_PUNTO_FUERTE,,INCOMPLETO,Incompleto,baja,33.3,"Coinciden 2 de 6 puntos esperados. Faltan ingreso, preingreso, calada, egreso.",6,2,4,false,sin_ingreso,true,balanza_egreso,false,false,DESPACHO_SIN_PUNTO_INSTRUMENTADO,2,BALANZA_INGRESO>BALANZA_EGRESO,SIN_PUNTO,SIN_PUNTO,Sin punto instrumentado (sólidos),DESPACHO_SIN_PUNTO_INSTRUMENTADO,false,0,false,false,false,UNKNOWN,UNKNOWN,,,0,false,false,,,,NONE,DATA_COVERAGE,EVENTOS_INSUFICIENTES,missing_ingreso_frontal,RicB3Ingreso>RicB3Egreso,,incompleto_revision,false,0,RicIngCamFrente|RICARDONE_INGRESO_CAMIONES,2026-10-07T20:10:57.124Z,day,2026-10-04,2026-09-27,33.3,INGRESO|PREINGRESO|CALADA|EGRESO,EVENTOS_INSUFICIENTES,false,false,circuito_probable_sin_ingreso,2-S4>2-S4,2026-09-27_2026-10-04,final_circuits.csv
2ba828b4-7784-44c3-b592-a27714fceb35,KUH403,KUH403,ANOMALIAS,JOURNEY_INCOMPLETO,,RICARDONE,true,false,R8,,LIQUIDO,incompleto_revision,Incompleto en revisión,INCOMPLETO,INCOMPLETO,SECUENCIA_NO_CONCLUYENTE,,INCOMPLETO,Incompleto,media,66.7,"Coinciden 4 de 6 puntos esperados. Faltan ingreso, balanza ingreso.",6,4,2,true,preingreso,true,egreso_y_balanza,false,true,CIRCUITO_LIQUIDO,4,PREINGRESO>LIQUIDO>BALANZA_EGRESO>LIQUIDO,R8,R8,Recepción Mercadería Líquida,CIRCUITO_LIQUIDO,false,63,true,true,true,UNKNOWN,UNKNOWN,,,0,false,false,,,,NONE,BEHAVIORAL,RIC_REINGRESO_RAPIDO_NO_PELLET,missing_ingreso_frontal+suspicious_duplicate,RicPreIngInFr>RicCalLiq>RicB2Egreso>RicCalLiq,,incompleto_revision,true,0,RicIngCamFrente|RICARDONE_INGRESO_CAMIONES,2026-10-07T20:10:57.124Z,day,2026-10-04,2026-09-27,50,INGRESO|BALANZA_INGRESO|EGRESO,SECUENCIA_NO_CONCLUYENTE,false,false,circuito_probable_sin_egreso+punto_fuerte,2-S1>2-S2>2-S4>2-S2,2026-09-27_2026-10-04,final_circuits.csv
b2ae74eb-69b5-4c0d-a765-a150e1a26da1,AD052ZD,AD052ZD,ANOMALIAS,NO_DIFERENCIABLE_SIN_PUNTO_FUERTE,,UNKNOWN,true,false,SIN_PUNTO,,,incompleto_revision,Incompleto en revisión,INCOMPLETO,NO_DIFERENCIABLE,NO_DIFERENCIABLE_SIN_PUNTO_FUERTE,,INCOMPLETO,Incompleto,baja,33.3,"Coinciden 2 de 6 puntos esperados. Faltan ingreso, preingreso, calada, egreso.",6,2,4,false,sin_ingreso,true,balanza_egreso,false,false,DESPACHO_SIN_PUNTO_INSTRUMENTADO,2,BALANZA_INGRESO>BALANZA_EGRESO,SIN_PUNTO,SIN_PUNTO,Sin punto instrumentado (sólidos),DESPACHO_SIN_PUNTO_INSTRUMENTADO,false,0,false,false,false,UNKNOWN,UNKNOWN,,,0,false,false,,,,NONE,DATA_COVERAGE,EVENTOS_INSUFICIENTES,missing_ingreso_frontal,RicB3Ingreso>RicB3Egreso,,incompleto_revision,false,0,RicIngCamFrente|RICARDONE_INGRESO_CAMIONES,2026-10-07T20:10:57.124Z,day,2026-10-04,2026-09-27,33.3,INGRESO|PREINGRESO|CALADA|EGRESO,EVENTOS_INSUFICIENTES,false,false,circuito_probable_sin_ingreso,2-S4>2-S4,2026-09-27_2026-10-04,final_circuits.csv
c1b538e7-0e40-4605-b583-c861bdcf80ff,MXA666,MXA666,ANOMALIAS,NO_DIFERENCIABLE_SIN_PUNTO_FUERTE,,UNKNOWN,true,false,SIN_PUNTO,,,incompleto_revision,Incompleto en revisión,INCOMPLETO,NO_DIFERENCIABLE,NO_DIFERENCIABLE_SIN_PUNTO_FUERTE,,INCOMPLETO,Incompleto,baja,33.3,"Coinciden 2 de 6 puntos esperados. Faltan ingreso, preingreso, calada, egreso.",6,2,4,false,sin_ingreso,true,balanza_egreso,false,false,DESPACHO_SIN_PUNTO_INSTRUMENTADO,2,BALANZA_INGRESO>BALANZA_EGRESO,SIN_PUNTO,SIN_PUNTO,Sin punto instrumentado (sólidos),DESPACHO_SIN_PUNTO_INSTRUMENTADO,false,0,false,false,false,UNKNOWN,UNKNOWN,,,0,false,false,,,,NONE,DATA_COVERAGE,EVENTOS_INSUFICIENTES,missing_ingreso_frontal+suspicious_duplicate,RicB3Ingreso>RicB3Egreso,,incompleto_revision,false,0,RicIngCamFrente|RICARDONE_INGRESO_CAMIONES,2026-10-07T20:10:57.124Z,day,2026-10-04,2026-09-27,33.3,INGRESO|PREINGRESO|CALADA|EGRESO,EVENTOS_INSUFICIENTES,false,false,circuito_probable_sin_ingreso,2-S4>2-S4,2026-09-27_2026-10-04,final_circuits.csv
e72f52de-15f2-4864-b7e4-d8f0096bd99b,AI202TC,AI202TC,ANOMALIAS,NO_DIFERENCIABLE_SIN_PUNTO_FUERTE,,UNKNOWN,true,false,SIN_PUNTO,,,incompleto_revision,Incompleto en revisión,INCOMPLETO,NO_DIFERENCIABLE,NO_DIFERENCIABLE_SIN_PUNTO_FUERTE,,INCOMPLETO,Incompleto,baja,33.3,"Coinciden 2 de 6 puntos esperados. Faltan ingreso, preingreso, calada, egreso.",6,2,4,false,sin_ingreso,true,balanza_egreso,false,false,DESPACHO_SIN_PUNTO_INSTRUMENTADO,2,BALANZA_INGRESO>BALANZA_EGRESO,SIN_PUNTO,SIN_PUNTO,Sin punto instrumentado (sólidos),DESPACHO_SIN_PUNTO_INSTRUMENTADO,false,0,false,false,false,UNKNOWN,UNKNOWN,,,0,false,false,,,,NONE,DATA_COVERAGE,EVENTOS_INSUFICIENTES,missing_ingreso_frontal,RicB3Ingreso>RicB3Egreso,,incompleto_revision,false,0,RicIngCamFrente|RICARDONE_INGRESO_CAMIONES,2026-10-07T20:10:57.124Z,day,2026-10-04,2026-09-27,33.3,INGRESO|PREINGRESO|CALADA|EGRESO,EVENTOS_INSUFICIENTES,false,false,circuito_probable_sin_ingreso,2-S4>2-S4,2026-09-27_2026-10-04,final_circuits.csv
fd192751-b7bc-45a4-b354-3dddcbcf7364,AG710NZ,AG710NZ,ANOMALIAS,NO_DIFERENCIABLE_SIN_PUNTO_FUERTE,,UNKNOWN,true,false,SIN_PUNTO,,,incompleto_revision,Incompleto en revisión,INCOMPLETO,NO_DIFERENCIABLE,NO_DIFERENCIABLE_SIN_PUNTO_FUERTE,,INCOMPLETO,Incompleto,baja,33.3,"Coinciden 2 de 6 puntos esperados. Faltan ingreso, preingreso, calada, egreso.",6,2,4,false,sin_ingreso,true,balanza_egreso,false,false,DESPACHO_SIN_PUNTO_INSTRUMENTADO,2,BALANZA_INGRESO>BALANZA_EGRESO,SIN_PUNTO,SIN_PUNTO,Sin punto instrumentado (sólidos),DESPACHO_SIN_PUNTO_INSTRUMENTADO,false,0,false,false,false,UNKNOWN,UNKNOWN,,,0,false,false,,,,NONE,DATA_COVERAGE,EVENTOS_INSUFICIENTES,missing_ingreso_frontal,RicB3Ingreso>RicB3Egreso,,incompleto_revision,false,0,RicIngCamFrente|RICARDONE_INGRESO_CAMIONES,2026-10-07T20:10:57.124Z,day,2026-10-04,2026-09-27,33.3,INGRESO|PREINGRESO|CALADA|EGRESO,EVENTOS_INSUFICIENTES,false,false,circuito_probable_sin_ingreso,2-S4>2-S4,2026-09-27_2026-10-04,final_circuits.csv
c96ecb27-fa11-4fdb-adfd-485a089cf994__cycle_2,OSY724,OSY724,ANOMALIAS,NO_DIFERENCIABLE_SIN_PUNTO_FUERTE,,UNKNOWN,true,false,SIN_PUNTO,,SAN_LORENZO,incompleto_revision,Incompleto en revisión,INCOMPLETO,NO_DIFERENCIABLE,NO_DIFERENCIABLE_SIN_PUNTO_FUERTE,,INCOMPLETO,Incompleto,baja,33.3,"Coinciden 2 de 6 puntos esperados. Faltan ingreso, preingreso, calada, egreso.",6,2,4,false,sin_ingreso,true,balanza_egreso,false,false,DESPACHO_SIN_PUNTO_INSTRUMENTADO,3,BALANZA_INGRESO>BALANZA_EGRESO>SL_EGRESO,SIN_PUNTO,SIN_PUNTO,Sin punto instrumentado (sólidos),DESPACHO_SIN_PUNTO_INSTRUMENTADO,false,0,true,false,false,UNKNOWN,UNKNOWN,,,0,false,false,,,,NONE,DATA_COVERAGE,SECUENCIA_INCOMPLETA,missing_ingreso_frontal+suspicious_duplicate,RicB3Ingreso>RicB3Egreso>SLZSalidaC2Fte,,incompleto_revision,true,0,RicIngCamFrente|RICARDONE_INGRESO_CAMIONES,2026-10-07T20:10:57.124Z,day,2026-10-04,2026-09-27,33.3,INGRESO|PREINGRESO|CALADA|EGRESO,SECUENCIA_NO_CONCLUYENTE,false,false,circuito_probable_sin_ingreso+punto_fuerte,2-S4>2-S4>1-S7,2026-09-27_2026-10-04,final_circuits.csv
f1e3fff4-3dab-424b-8063-3e5a8a128e92,AD336OO,AD336OO,ANOMALIAS,NO_DIFERENCIABLE_SIN_PUNTO_FUERTE,,UNKNOWN,true,false,SIN_PUNTO,,SAN_LORENZO,incompleto_revision,Incompleto en revisión,INCOMPLETO,NO_DIFERENCIABLE,NO_DIFERENCIABLE_SIN_PUNTO_FUERTE,,INCOMPLETO,Incompleto,baja,33.3,"Coinciden 2 de 6 puntos esperados. Faltan ingreso, balanza ingreso, balanza egreso, egreso.",6,2,4,true,preingreso,false,sin_egreso,false,false,DESPACHO_SIN_PUNTO_INSTRUMENTADO,6,PREINGRESO>CALADA>PREINGRESO>CALADA>SL_EGRESO,SIN_PUNTO,SIN_PUNTO,Sin punto instrumentado (sólidos),DESPACHO_SIN_PUNTO_INSTRUMENTADO,false,0,true,false,false,UNKNOWN,UNKNOWN,,,0,false,false,,,,NONE,DATA_COVERAGE,SECUENCIA_INCOMPLETA,missing_ingreso_frontal,RicPreIngInFr>RicCal04>RicCal04>RicPreIngInFr>RicCal03>SLZSalidaC1Fte,,incompleto_revision,true,0,RicIngCamFrente|RICARDONE_INGRESO_CAMIONES,2026-10-07T20:10:57.124Z,day,2026-10-04,2026-09-27,33.3,INGRESO|BALANZA_INGRESO|BALANZA_EGRESO|EGRESO,SECUENCIA_NO_CONCLUYENTE,false,false,circuito_probable_sin_egreso+punto_fuerte,2-S1>2-S2>2-S2>2-S1>2-S2>1-S7,2026-09-27_2026-10-04,final_circuits.csv
d7571cf8-3a80-4009-b0dc-baaf0139cf28,KCB681,KCB681,ANOMALIAS,JOURNEY_INCOMPLETO,,RICARDONE,true,false,R8,,LIQUIDO,incompleto_revision,Incompleto en revisión,INCOMPLETO,INCOMPLETO,SECUENCIA_NO_CONCLUYENTE,,INCOMPLETO,Incompleto,media,50,"Coinciden 3 de 6 puntos esperados. Faltan ingreso, balanza ingreso, balanza egreso.",6,3,3,true,preingreso,true,egreso,false,true,CIRCUITO_LIQUIDO,3,PREINGRESO>LIQUIDO>EGRESO,R8,R8,Recepción Mercadería Líquida,CIRCUITO_LIQUIDO,false,63,true,true,true,UNKNOWN,UNKNOWN,,,0,false,false,,,,NONE,DATA_COVERAGE,SECUENCIA_INCOMPLETA,missing_ingreso_frontal+suspicious_duplicate,RicPreIngInFr>RicCalLiq>RicEgrCamFrente,,incompleto_revision,true,0,RicIngCamFrente|RICARDONE_INGRESO_CAMIONES,2026-10-07T20:10:57.124Z,day,2026-10-04,2026-09-27,50,INGRESO|BALANZA_INGRESO|BALANZA_EGRESO,SECUENCIA_NO_CONCLUYENTE,false,false,incompleto_revision+punto_fuerte,2-S1>2-S2>2-S3,2026-09-27_2026-10-04,final_circuits.csv
3e383481-3c69-48d2-b8c0-1776208949f3,CJV457,CJV457,ANOMALIAS,NO_DIFERENCIABLE_SIN_PUNTO_FUERTE,,UNKNOWN,true,false,SIN_PUNTO,,,incompleto_revision,Incompleto en revisión,INCOMPLETO,NO_DIFERENCIABLE,NO_DIFERENCIABLE_SIN_PUNTO_FUERTE,,INCOMPLETO,Incompleto,muy_baja,33.3,"Coinciden 2 de 6 puntos esperados. Faltan ingreso, preingreso, balanza ingreso, balanza egreso.",6,2,4,false,sin_ingreso,true,egreso,false,true,DESPACHO_SIN_PUNTO_INSTRUMENTADO,2,CALADA>EGRESO,SIN_PUNTO,SIN_PUNTO,Sin punto instrumentado (sólidos),DESPACHO_SIN_PUNTO_INSTRUMENTADO,false,0,false,false,false,UNKNOWN,UNKNOWN,,,0,false,false,,,,NONE,DATA_COVERAGE,EVENTOS_INSUFICIENTES,missing_ingreso_frontal+suspicious_duplicate,RicCal03>RicEgrCamFrente,,incompleto_revision,false,0,RicIngCamFrente|RICARDONE_INGRESO_CAMIONES,2026-10-07T20:10:57.124Z,day,2026-10-04,2026-09-27,33.3,INGRESO|PREINGRESO|BALANZA_INGRESO|BALANZA_EGRESO,EVENTOS_INSUFICIENTES,false,false,circuito_probable_sin_ingreso,2-S2>2-S3,2026-09-27_2026-10-04,final_circuits.csv
2e47b9d5-70ed-4880-acb4-c4f70547fef2__cycle_2,AH931DD,AH931DD,ANOMALIAS,NO_DIFERENCIABLE_SIN_PUNTO_FUERTE,,UNKNOWN,true,false,SIN_PUNTO,,,incompleto_revision,Incompleto en revisión,INCOMPLETO,NO_DIFERENCIABLE,NO_DIFERENCIABLE_SIN_PUNTO_FUERTE,,INCOMPLETO,Incompleto,baja,33.3,"Coinciden 2 de 6 puntos esperados. Faltan ingreso, preingreso, calada, egreso.",6,2,4,false,sin_ingreso,true,balanza_egreso,false,false,DESPACHO_SIN_PUNTO_INSTRUMENTADO,2,BALANZA_INGRESO>BALANZA_EGRESO,SIN_PUNTO,SIN_PUNTO,Sin punto instrumentado (sólidos),DESPACHO_SIN_PUNTO_INSTRUMENTADO,false,0,false,false,false,UNKNOWN,UNKNOWN,,,0,false,false,,,,NONE,DATA_COVERAGE,EVENTOS_INSUFICIENTES,missing_ingreso_frontal,RicB3Ingreso>RicB3Egreso,,incompleto_revision,false,0,RicIngCamFrente|RICARDONE_INGRESO_CAMIONES,2026-10-07T20:10:57.124Z,day,2026-10-04,2026-09-27,33.3,INGRESO|PREINGRESO|CALADA|EGRESO,EVENTOS_INSUFICIENTES,false,false,circuito_probable_sin_ingreso,2-S4>2-S4,2026-09-27_2026-10-04,final_circuits.csv
c6416c7d-f48f-48e7-a0d0-e206982b48b0__cycle_1,MSE380,MSE380,ANOMALIAS,NO_DIFERENCIABLE_SIN_PUNTO_FUERTE,,UNKNOWN,true,false,SIN_PUNTO,,,incompleto_revision,Incompleto en revisión,INCOMPLETO,NO_DIFERENCIABLE,NO_DIFERENCIABLE_SIN_PUNTO_FUERTE,,INCOMPLETO,Incompleto,baja,33.3,"Coinciden 2 de 6 puntos esperados. Faltan ingreso, preingreso, calada, egreso.",6,2,4,false,sin_ingreso,true,egreso_y_balanza,false,true,DESPACHO_SIN_PUNTO_INSTRUMENTADO,2,BALANZA_INGRESO>BALANZA_EGRESO,SIN_PUNTO,SIN_PUNTO,Sin punto instrumentado (sólidos),DESPACHO_SIN_PUNTO_INSTRUMENTADO,false,0,false,false,false,UNKNOWN,UNKNOWN,,,0,false,false,,,,NONE,DATA_COVERAGE,EVENTOS_INSUFICIENTES,missing_ingreso_frontal,RicB3Ingreso>RicB2Egreso,,incompleto_revision,false,0,RicIngCamFrente|RICARDONE_INGRESO_CAMIONES,2026-10-07T20:10:57.124Z,day,2026-10-04,2026-09-27,33.3,INGRESO|PREINGRESO|CALADA|EGRESO,EVENTOS_INSUFICIENTES,false,false,circuito_probable_sin_ingreso,2-S4>2-S4,2026-09-27_2026-10-04,final_circuits.csv
6639795b-67f2-44b0-a37a-c7f44f12d585,REL854,REL854,ANOMALIAS,FRAGMENTO_SIN_CIERRE_OPERATIVO,,RICARDONE,true,false,R6,,RICARDONE,incompleto_revision,Incompleto en revisión,INCOMPLETO,INCOMPLETO,FRAGMENTO_SIN_CIERRE_OPERATIVO,,INCOMPLETO,Incompleto,baja,14.3,"Coinciden 1 de 7 puntos esperados. Faltan ingreso, preingreso, calada, balanza ingreso, balanza egreso, egreso.",7,1,6,false,sin_ingreso,false,sin_egreso,false,false,CIRCUITO_VOLCABLE_1_2,2,PLAYA>VOLCABLE,R6,R6,Recepción Volcable 2,CIRCUITO_VOLCABLE_1_2,false,67,true,true,true,UNKNOWN,UNKNOWN,,,0,false,false,,,,NONE,DATA_COVERAGE,EVENTOS_INSUFICIENTES,missing_ingreso_frontal+suspicious_duplicate,RicS6Playa3>RicVolcable2,,incompleto_revision,true,0,RicIngCamFrente|RICARDONE_INGRESO_CAMIONES,2026-10-07T20:10:57.124Z,day,2026-10-04,2026-09-27,14.3,INGRESO|PREINGRESO|CALADA|BALANZA_INGRESO|BALANZA_EGRESO|EGRESO,EVENTOS_INSUFICIENTES,false,false,circuito_probable_sin_ingreso+punto_fuerte,2-S6>2-S9,2026-09-27_2026-10-04,final_circuits.csv
17c2dafd-5018-48f2-8e0d-8d786d6786e0,EAA743,EAA743,ANOMALIAS,FRAGMENTO_SIN_CIERRE_OPERATIVO,,RICARDONE,true,false,R6,,RICARDONE,incompleto_revision,Incompleto en revisión,INCOMPLETO,INCOMPLETO,FRAGMENTO_SIN_CIERRE_OPERATIVO,,INCOMPLETO,Incompleto,baja,14.3,"Coinciden 1 de 7 puntos esperados. Faltan ingreso, preingreso, calada, balanza ingreso, balanza egreso, egreso.",7,1,6,false,sin_ingreso,false,sin_egreso,false,false,CIRCUITO_VOLCABLE_1_2,2,PLAYA>VOLCABLE,R6,R6,Recepción Volcable 2,CIRCUITO_VOLCABLE_1_2,false,67,true,true,true,UNKNOWN,UNKNOWN,,,0,false,false,,,,NONE,DATA_COVERAGE,EVENTOS_INSUFICIENTES,missing_ingreso_frontal+suspicious_duplicate,RicS6Playa3>RicVolcable2,,incompleto_revision,true,0,RicIngCamFrente|RICARDONE_INGRESO_CAMIONES,2026-10-07T20:10:57.124Z,day,2026-10-04,2026-09-27,14.3,INGRESO|PREINGRESO|CALADA|BALANZA_INGRESO|BALANZA_EGRESO|EGRESO,EVENTOS_INSUFICIENTES,false,false,circuito_probable_sin_ingreso+punto_fuerte,2-S6>2-S9,2026-09-27_2026-10-04,final_circuits.csv
13174fde-ba90-4675-a3ba-f81a1f628d88,AG482JZ,AG482JZ,ANOMALIAS,NO_DIFERENCIABLE_SIN_PUNTO_FUERTE,,UNKNOWN,true,false,SIN_PUNTO,,,incompleto_revision,Incompleto en revisión,INCOMPLETO,NO_DIFERENCIABLE,NO_DIFERENCIABLE_SIN_PUNTO_FUERTE,,INCOMPLETO,Incompleto,baja,33.3,"Coinciden 2 de 6 puntos esperados. Faltan ingreso, preingreso, calada, egreso.",6,2,4,false,sin_ingreso,true,egreso_y_balanza,false,true,DESPACHO_SIN_PUNTO_INSTRUMENTADO,2,BALANZA_INGRESO>BALANZA_EGRESO,SIN_PUNTO,SIN_PUNTO,Sin punto instrumentado (sólidos),DESPACHO_SIN_PUNTO_INSTRUMENTADO,false,0,false,false,false,UNKNOWN,UNKNOWN,,,0,false,false,,,,NONE,DATA_COVERAGE,EVENTOS_INSUFICIENTES,missing_ingreso_frontal,RicB3Ingreso>RicB2Egreso,,incompleto_revision,false,0,RicIngCamFrente|RICARDONE_INGRESO_CAMIONES,2026-10-07T20:10:57.124Z,day,2026-10-04,2026-09-27,33.3,INGRESO|PREINGRESO|CALADA|EGRESO,EVENTOS_INSUFICIENTES,false,false,circuito_probable_sin_ingreso,2-S4>2-S4,2026-09-27_2026-10-04,final_circuits.csv
1e7c1ff8-06b6-4c75-a06b-17745cbf94de,AA932VT,AA932VT,ANOMALIAS,NO_DIFERENCIABLE_SIN_PUNTO_FUERTE,,UNKNOWN,true,false,SIN_PUNTO,,,incompleto_revision,Incompleto en revisión,INCOMPLETO,NO_DIFERENCIABLE,NO_DIFERENCIABLE_SIN_PUNTO_FUERTE,,INCOMPLETO,Incompleto,baja,33.3,"Coinciden 2 de 6 puntos esperados. Faltan ingreso, preingreso, calada, egreso.",6,2,4,false,sin_ingreso,true,balanza_egreso,false,false,DESPACHO_SIN_PUNTO_INSTRUMENTADO,2,BALANZA_INGRESO>BALANZA_EGRESO,SIN_PUNTO,SIN_PUNTO,Sin punto instrumentado (sólidos),DESPACHO_SIN_PUNTO_INSTRUMENTADO,false,0,false,false,false,UNKNOWN,UNKNOWN,,,0,false,false,,,,NONE,DATA_COVERAGE,EVENTOS_INSUFICIENTES,missing_ingreso_frontal,RicB3Ingreso>RicB3Egreso,,incompleto_revision,false,0,RicIngCamFrente|RICARDONE_INGRESO_CAMIONES,2026-10-07T20:10:57.124Z,day,2026-10-04,2026-09-27,33.3,INGRESO|PREINGRESO|CALADA|EGRESO,EVENTOS_INSUFICIENTES,false,false,circuito_probable_sin_ingreso,2-S4>2-S4,2026-09-27_2026-10-04,final_circuits.csv
88d76731-f909-409e-967e-2ac01e59e421,AG245ND,AG245ND,ANOMALIAS,NO_DIFERENCIABLE_SIN_PUNTO_FUERTE,,UNKNOWN,true,false,SIN_PUNTO,,,incompleto_revision,Incompleto en revisión,INCOMPLETO,NO_DIFERENCIABLE,NO_DIFERENCIABLE_SIN_PUNTO_FUERTE,,INCOMPLETO,Incompleto,baja,33.3,"Coinciden 2 de 6 puntos esperados. Faltan ingreso, preingreso, calada, egreso.",6,2,4,false,sin_ingreso,true,egreso_y_balanza,false,true,DESPACHO_SIN_PUNTO_INSTRUMENTADO,2,BALANZA_INGRESO>BALANZA_EGRESO,SIN_PUNTO,SIN_PUNTO,Sin punto instrumentado (sólidos),DESPACHO_SIN_PUNTO_INSTRUMENTADO,false,0,false,false,false,UNKNOWN,UNKNOWN,,,0,false,false,,,,NONE,DATA_COVERAGE,EVENTOS_INSUFICIENTES,missing_ingreso_frontal,RicB3Ingreso>RicB2Egreso,,incompleto_revision,false,0,RicIngCamFrente|RICARDONE_INGRESO_CAMIONES,2026-10-07T20:10:57.124Z,day,2026-10-04,2026-09-27,33.3,INGRESO|PREINGRESO|CALADA|EGRESO,EVENTOS_INSUFICIENTES,false,false,circuito_probable_sin_ingreso,2-S4>2-S4,2026-09-27_2026-10-04,final_circuits.csv
9434c99c-4850-442f-8bcb-0c4bdb3920b5__cycle_3,FAZ585,FAZ585,ANOMALIAS,JOURNEY_INCOMPLETO,,RICARDONE,true,false,R8,,LIQUIDO,incompleto_revision,Incompleto en revisión,INCOMPLETO,INCOMPLETO,SECUENCIA_NO_CONCLUYENTE,,INCOMPLETO,Incompleto,media,66.7,"Coinciden 4 de 6 puntos esperados. Faltan ingreso, balanza ingreso.",6,4,2,true,preingreso,true,egreso_y_balanza,false,true,CIRCUITO_LIQUIDO,3,PREINGRESO>LIQUIDO>BALANZA_EGRESO,R8,R8,Recepción Mercadería Líquida,CIRCUITO_LIQUIDO,false,63,true,true,true,UNKNOWN,UNKNOWN,,,0,false,false,,,,NONE,DATA_COVERAGE,SECUENCIA_INCOMPLETA,missing_ingreso_frontal+suspicious_duplicate,RicPreIngInFr>RicCalLiq>RicB2Egreso,,incompleto_revision,true,0,RicIngCamFrente|RICARDONE_INGRESO_CAMIONES,2026-10-07T20:10:57.124Z,day,2026-10-04,2026-09-27,50,INGRESO|BALANZA_INGRESO|EGRESO,SECUENCIA_NO_CONCLUYENTE,false,false,circuito_probable_sin_egreso+punto_fuerte,2-S1>2-S2>2-S4,2026-09-27_2026-10-04,final_circuits.csv
13731d49-d28b-4a44-b067-b122267e622a,KCB681,KCB681,ANOMALIAS,NO_DIFERENCIABLE_SIN_PUNTO_FUERTE,,UNKNOWN,true,false,SIN_PUNTO,,,incompleto_revision,Incompleto en revisión,INCOMPLETO,NO_DIFERENCIABLE,NO_DIFERENCIABLE_SIN_PUNTO_FUERTE,,INCOMPLETO,Incompleto,muy_baja,33.3,"Coinciden 2 de 6 puntos esperados. Faltan ingreso, preingreso, calada, balanza ingreso.",6,2,4,false,sin_ingreso,true,egreso_y_balanza,false,true,DESPACHO_SIN_PUNTO_INSTRUMENTADO,5,PLAYA>BALANZA_EGRESO>PLAYA>BALANZA_EGRESO>EGRESO,SIN_PUNTO,SIN_PUNTO,Sin punto instrumentado (sólidos),DESPACHO_SIN_PUNTO_INSTRUMENTADO,false,0,false,false,false,UNKNOWN,UNKNOWN,,,0,false,false,,,,NONE,DATA_COVERAGE,SECUENCIA_INCOMPLETA,missing_ingreso_frontal+suspicious_duplicate,RicS6Playa3>RicB2Egreso>RicS6Playa3>RicB2Egreso>RicEgrCamFrente,,incompleto_revision,false,0,RicIngCamFrente|RICARDONE_INGRESO_CAMIONES,2026-10-07T20:10:57.124Z,day,2026-10-04,2026-09-27,33.3,INGRESO|PREINGRESO|CALADA|BALANZA_INGRESO,SECUENCIA_NO_CONCLUYENTE,false,false,circuito_probable_sin_ingreso,2-S6>2-S4>2-S6>2-S4>2-S3,2026-09-27_2026-10-04,final_circuits.csv
f467e7d6-c5e1-4345-819e-52592cee5063__cycle_3,CNG506,CNG506,ANOMALIAS,JOURNEY_INCOMPLETO,,RICARDONE,true,false,R8,,LIQUIDO,incompleto_revision,Incompleto en revisión,INCOMPLETO,INCOMPLETO,EVENTOS_INSUFICIENTES,,INCOMPLETO,Incompleto,media,50,"Coinciden 3 de 6 puntos esperados. Faltan ingreso, preingreso, balanza ingreso.",6,3,3,false,sin_ingreso,true,egreso_y_balanza,false,true,CIRCUITO_LIQUIDO,2,LIQUIDO>BALANZA_EGRESO,R8,R8,Recepción Mercadería Líquida,CIRCUITO_LIQUIDO,false,63,true,true,true,UNKNOWN,UNKNOWN,,,0,false,false,,,,NONE,DATA_COVERAGE,EVENTOS_INSUFICIENTES,missing_ingreso_frontal+suspicious_duplicate,RicCalLiq>RicB2Egreso,,incompleto_revision,true,0,RicIngCamFrente|RICARDONE_INGRESO_CAMIONES,2026-10-07T20:10:57.124Z,day,2026-10-04,2026-09-27,33.3,INGRESO|PREINGRESO|BALANZA_INGRESO|EGRESO,EVENTOS_INSUFICIENTES,false,false,circuito_probable_sin_ingreso+punto_fuerte,2-S2>2-S4,2026-09-27_2026-10-04,final_circuits.csv
46bf2f9e-f73c-4e7d-ae01-2a90e8f1fbdd,EFD127,EFD127,ANOMALIAS,NO_DIFERENCIABLE_SIN_PUNTO_FUERTE,,UNKNOWN,true,false,SIN_PUNTO,,,incompleto_revision,Incompleto en revisión,INCOMPLETO,NO_DIFERENCIABLE,NO_DIFERENCIABLE_SIN_PUNTO_FUERTE,,INCOMPLETO,Incompleto,muy_baja,33.3,"Coinciden 2 de 6 puntos esperados. Faltan ingreso, preingreso, balanza ingreso, balanza egreso.",6,2,4,false,sin_ingreso,true,egreso,false,true,DESPACHO_SIN_PUNTO_INSTRUMENTADO,2,CALADA>EGRESO,SIN_PUNTO,SIN_PUNTO,Sin punto instrumentado (sólidos),DESPACHO_SIN_PUNTO_INSTRUMENTADO,false,0,false,false,false,UNKNOWN,UNKNOWN,,,0,false,false,,,,NONE,DATA_COVERAGE,EVENTOS_INSUFICIENTES,missing_ingreso_frontal+suspicious_duplicate,RicCal04>RicEgrCamFrente,,incompleto_revision,false,0,RicIngCamFrente|RICARDONE_INGRESO_CAMIONES,2026-10-07T20:10:57.124Z,day,2026-10-04,2026-09-27,33.3,INGRESO|PREINGRESO|BALANZA_INGRESO|BALANZA_EGRESO,EVENTOS_INSUFICIENTES,false,false,circuito_probable_sin_ingreso,2-S2>2-S3,2026-09-27_2026-10-04,final_circuits.csv
6f51ec52-e6e2-4edd-9faf-e0512fe7ddf1,CRA383,CRA383,ANOMALIAS,FRAGMENTO_SIN_CIERRE_OPERATIVO,,UNKNOWN,true,false,SIN_PUNTO,,,incompleto_revision,Incompleto en revisión,INCOMPLETO,INCOMPLETO,FRAGMENTO_SIN_CIERRE_OPERATIVO,,INCOMPLETO,Incompleto,muy_baja,33.3,"Coinciden 2 de 6 puntos esperados. Faltan ingreso, balanza ingreso, balanza egreso, egreso.",6,2,4,true,preingreso,false,sin_egreso,false,false,DESPACHO_SIN_PUNTO_INSTRUMENTADO,2,PREINGRESO>CALADA,SIN_PUNTO,SIN_PUNTO,Sin punto instrumentado (sólidos),DESPACHO_SIN_PUNTO_INSTRUMENTADO,false,0,false,false,false,UNKNOWN,UNKNOWN,,,0,false,false,,,,NONE,DATA_COVERAGE,EVENTOS_INSUFICIENTES,missing_ingreso_frontal,RicPreIngInFr>RicCal04,,incompleto_revision,false,0,RicIngCamFrente|RICARDONE_INGRESO_CAMIONES,2026-10-07T20:10:57.124Z,day,2026-10-04,2026-09-27,33.3,INGRESO|BALANZA_INGRESO|BALANZA_EGRESO|EGRESO,EVENTOS_INSUFICIENTES,false,false,circuito_probable_sin_egreso,2-S1>2-S2,2026-09-27_2026-10-04,final_circuits.csv
765b6f1b-7d18-4f9e-a5b0-c1cd9ab6941d,AA239YA,AA239YA,ANOMALIAS,NO_DIFERENCIABLE_SIN_PUNTO_FUERTE,,UNKNOWN,true,false,SIN_PUNTO,,SAN_LORENZO,incompleto_revision,Incompleto en revisión,INCOMPLETO,NO_DIFERENCIABLE,NO_DIFERENCIABLE_SIN_PUNTO_FUERTE,,INCOMPLETO,Incompleto,baja,33.3,"Coinciden 2 de 6 puntos esperados. Faltan ingreso, balanza ingreso, balanza egreso, egreso.",6,2,4,true,preingreso,false,sin_egreso,false,false,DESPACHO_SIN_PUNTO_INSTRUMENTADO,4,PREINGRESO>CALADA>SL_BALANZA_INGRESO>SL_EGRESO,SIN_PUNTO,SIN_PUNTO,Sin punto instrumentado (sólidos),DESPACHO_SIN_PUNTO_INSTRUMENTADO,false,0,true,false,false,UNKNOWN,UNKNOWN,,,0,false,false,,,,NONE,DATA_COVERAGE,SECUENCIA_INCOMPLETA,missing_ingreso_frontal,RicPreIngInFr>RicCal03>SLZBalIngFte>SLZSalidaC1Fte,,incompleto_revision,true,0,RicIngCamFrente|RICARDONE_INGRESO_CAMIONES,2026-10-07T20:10:57.124Z,day,2026-10-04,2026-09-27,33.3,INGRESO|BALANZA_INGRESO|BALANZA_EGRESO|EGRESO,SECUENCIA_NO_CONCLUYENTE,false,false,circuito_probable_sin_egreso+punto_fuerte,2-S1>2-S2>1-S1>1-S7,2026-09-27_2026-10-04,final_circuits.csv
f40ac37c-f47e-4743-9720-03bd2400b287__cycle_1,AI201UM,AI201UM,ANOMALIAS,FRAGMENTO_SIN_CIERRE_OPERATIVO,,UNKNOWN,true,false,SIN_PUNTO,,,incompleto_revision,Incompleto en revisión,INCOMPLETO,INCOMPLETO,FRAGMENTO_SIN_CIERRE_OPERATIVO,,INCOMPLETO,Incompleto,muy_baja,33.3,"Coinciden 2 de 6 puntos esperados. Faltan ingreso, balanza ingreso, balanza egreso, egreso.",6,2,4,true,preingreso,false,sin_egreso,false,false,DESPACHO_SIN_PUNTO_INSTRUMENTADO,2,PREINGRESO>CALADA,SIN_PUNTO,SIN_PUNTO,Sin punto instrumentado (sólidos),DESPACHO_SIN_PUNTO_INSTRUMENTADO,false,0,false,false,false,UNKNOWN,UNKNOWN,,,0,false,false,,,,NONE,DATA_COVERAGE,EVENTOS_INSUFICIENTES,missing_ingreso_frontal,RicPreIngInFr>RicCal04,,incompleto_revision,false,0,RicIngCamFrente|RICARDONE_INGRESO_CAMIONES,2026-10-07T20:10:57.124Z,day,2026-10-04,2026-09-27,33.3,INGRESO|BALANZA_INGRESO|BALANZA_EGRESO|EGRESO,EVENTOS_INSUFICIENTES,false,false,circuito_probable_sin_egreso,2-S1>2-S2,2026-09-27_2026-10-04,final_circuits.csv
5e6f5798-8bc5-492c-8af5-0cb84cc48339__cycle_1,AI467SL,AI467SL,ANOMALIAS,FRAGMENTO_SIN_CIERRE_OPERATIVO,,UNKNOWN,true,false,SIN_PUNTO,,,incompleto_revision,Incompleto en revisión,INCOMPLETO,INCOMPLETO,FRAGMENTO_SIN_CIERRE_OPERATIVO,,INCOMPLETO,Incompleto,muy_baja,33.3,"Coinciden 2 de 6 puntos esperados. Faltan ingreso, balanza ingreso, balanza egreso, egreso.",6,2,4,true,preingreso,false,sin_egreso,false,false,DESPACHO_SIN_PUNTO_INSTRUMENTADO,2,PREINGRESO>CALADA,SIN_PUNTO,SIN_PUNTO,Sin punto instrumentado (sólidos),DESPACHO_SIN_PUNTO_INSTRUMENTADO,false,0,false,false,false,UNKNOWN,UNKNOWN,,,0,false,false,,,,NONE,DATA_COVERAGE,EVENTOS_INSUFICIENTES,missing_ingreso_frontal+suspicious_duplicate,RicPreIngInFr>RicCal04,,incompleto_revision,false,0,RicIngCamFrente|RICARDONE_INGRESO_CAMIONES,2026-10-07T20:10:57.124Z,day,2026-10-04,2026-09-27,33.3,INGRESO|BALANZA_INGRESO|BALANZA_EGRESO|EGRESO,EVENTOS_INSUFICIENTES,false,false,circuito_probable_sin_egreso,2-S1>2-S2,2026-09-27_2026-10-04,final_circuits.csv
2412398c-e1bc-443b-a489-b9bcd2a9b14b,LUJ549,LUJ549,ANOMALIAS,FRAGMENTO_SIN_CIERRE_OPERATIVO,,UNKNOWN,true,false,SIN_PUNTO,,,incompleto_revision,Incompleto en revisión,INCOMPLETO,INCOMPLETO,FRAGMENTO_SIN_CIERRE_OPERATIVO,,INCOMPLETO,Incompleto,muy_baja,33.3,"Coinciden 2 de 6 puntos esperados. Faltan ingreso, balanza ingreso, balanza egreso, egreso.",6,2,4,true,preingreso,false,sin_egreso,false,false,DESPACHO_SIN_PUNTO_INSTRUMENTADO,2,PREINGRESO>CALADA,SIN_PUNTO,SIN_PUNTO,Sin punto instrumentado (sólidos),DESPACHO_SIN_PUNTO_INSTRUMENTADO,false,0,false,false,false,UNKNOWN,UNKNOWN,,,0,false,false,,,,NONE,DATA_COVERAGE,EVENTOS_INSUFICIENTES,missing_ingreso_frontal,RicPreIngInFr>RicCal03,,incompleto_revision,false,0,RicIngCamFrente|RICARDONE_INGRESO_CAMIONES,2026-10-07T20:10:57.124Z,day,2026-10-04,2026-09-27,33.3,INGRESO|BALANZA_INGRESO|BALANZA_EGRESO|EGRESO,EVENTOS_INSUFICIENTES,false,false,circuito_probable_sin_egreso,2-S1>2-S2,2026-09-27_2026-10-04,final_circuits.csv
fa5699cb-5d00-46b2-8093-26c9ffb796db,AB930VZ,AB930VZ,ANOMALIAS,NO_DIFERENCIABLE_SIN_PUNTO_FUERTE,,UNKNOWN,true,false,SIN_PUNTO,,SAN_LORENZO,incompleto_revision,Incompleto en revisión,INCOMPLETO,NO_DIFERENCIABLE,NO_DIFERENCIABLE_SIN_PUNTO_FUERTE,,INCOMPLETO,Incompleto,baja,33.3,"Coinciden 2 de 6 puntos esperados. Faltan ingreso, balanza ingreso, balanza egreso, egreso.",6,2,4,true,preingreso,false,sin_egreso,false,false,DESPACHO_SIN_PUNTO_INSTRUMENTADO,3,PREINGRESO>CALADA>SL_EGRESO,SIN_PUNTO,SIN_PUNTO,Sin punto instrumentado (sólidos),DESPACHO_SIN_PUNTO_INSTRUMENTADO,false,0,true,false,false,UNKNOWN,UNKNOWN,,,0,false,false,,,,NONE,DATA_COVERAGE,SECUENCIA_INCOMPLETA,missing_ingreso_frontal,RicPreIngInFr>RicCal04>SLZSalidaC1Fte,,incompleto_revision,true,0,RicIngCamFrente|RICARDONE_INGRESO_CAMIONES,2026-10-07T20:10:57.124Z,day,2026-10-04,2026-09-27,33.3,INGRESO|BALANZA_INGRESO|BALANZA_EGRESO|EGRESO,SECUENCIA_NO_CONCLUYENTE,false,false,circuito_probable_sin_egreso+punto_fuerte,2-S1>2-S2>1-S7,2026-09-27_2026-10-04,final_circuits.csv
55eea7b7-773e-46ef-a7e9-12361f01be58__cycle_1,AA820OD,AA820OD,ANOMALIAS,FRAGMENTO_SIN_CIERRE_OPERATIVO,,UNKNOWN,true,false,SIN_PUNTO,,,incompleto_revision,Incompleto en revisión,INCOMPLETO,INCOMPLETO,FRAGMENTO_SIN_CIERRE_OPERATIVO,,INCOMPLETO,Incompleto,muy_baja,33.3,"Coinciden 2 de 6 puntos esperados. Faltan ingreso, balanza ingreso, balanza egreso, egreso.",6,2,4,true,preingreso,false,sin_egreso,false,false,DESPACHO_SIN_PUNTO_INSTRUMENTADO,2,PREINGRESO>CALADA,SIN_PUNTO,SIN_PUNTO,Sin punto instrumentado (sólidos),DESPACHO_SIN_PUNTO_INSTRUMENTADO,false,0,false,false,false,UNKNOWN,UNKNOWN,,,0,false,false,,,,NONE,DATA_COVERAGE,EVENTOS_INSUFICIENTES,missing_ingreso_frontal,RicPreIngInFr>RicCal04,,incompleto_revision,false,0,RicIngCamFrente|RICARDONE_INGRESO_CAMIONES,2026-10-07T20:10:57.124Z,day,2026-10-04,2026-09-27,33.3,INGRESO|BALANZA_INGRESO|BALANZA_EGRESO|EGRESO,EVENTOS_INSUFICIENTES,false,false,circuito_probable_sin_egreso,2-S1>2-S2,2026-09-27_2026-10-04,final_circuits.csv
e205b61b-cb59-49fa-afab-a31468f32f48,FPF313,FPF313,ANOMALIAS,NO_DIFERENCIABLE_SIN_PUNTO_FUERTE,,UNKNOWN,true,false,SIN_PUNTO,,,incompleto_revision,Incompleto en revisión,INCOMPLETO,NO_DIFERENCIABLE,NO_DIFERENCIABLE_SIN_PUNTO_FUERTE,,INCOMPLETO,Incompleto,baja,50,"Coinciden 3 de 6 puntos esperados. Faltan ingreso, balanza ingreso, egreso.",6,3,3,true,preingreso,true,egreso_y_balanza,false,true,DESPACHO_SIN_PUNTO_INSTRUMENTADO,4,PREINGRESO>CALADA>PLAYA>BALANZA_EGRESO,SIN_PUNTO,SIN_PUNTO,Sin punto instrumentado (sólidos),DESPACHO_SIN_PUNTO_INSTRUMENTADO,false,0,false,false,false,UNKNOWN,UNKNOWN,,,0,false,false,,,,NONE,DATA_COVERAGE,SECUENCIA_INCOMPLETA,missing_ingreso_frontal,RicPreIngInFr>RicCal03>RicS6Playa3>RicB2Egreso,,incompleto_revision,false,0,RicIngCamFrente|RICARDONE_INGRESO_CAMIONES,2026-10-07T20:10:57.124Z,day,2026-10-04,2026-09-27,50,INGRESO|BALANZA_INGRESO|EGRESO,SECUENCIA_NO_CONCLUYENTE,false,false,circuito_probable_sin_egreso,2-S1>2-S2>2-S6>2-S4,2026-09-27_2026-10-04,final_circuits.csv
f55ecb74-244e-4398-b222-b006d579b69c,KBC169,KBC169,ANOMALIAS,NO_DIFERENCIABLE_SIN_PUNTO_FUERTE,,UNKNOWN,true,false,SIN_PUNTO,,SAN_LORENZO,incompleto_revision,Incompleto en revisión,INCOMPLETO,NO_DIFERENCIABLE,NO_DIFERENCIABLE_SIN_PUNTO_FUERTE,,INCOMPLETO,Incompleto,baja,33.3,"Coinciden 2 de 6 puntos esperados. Faltan ingreso, balanza ingreso, balanza egreso, egreso.",6,2,4,true,preingreso,false,sin_egreso,false,false,DESPACHO_SIN_PUNTO_INSTRUMENTADO,4,PREINGRESO>CALADA>SL_BALANZA_INGRESO>SL_EGRESO,SIN_PUNTO,SIN_PUNTO,Sin punto instrumentado (sólidos),DESPACHO_SIN_PUNTO_INSTRUMENTADO,false,0,true,false,false,UNKNOWN,UNKNOWN,,,0,false,false,,,,NONE,DATA_COVERAGE,SECUENCIA_INCOMPLETA,missing_ingreso_frontal,RicPreIngInFr>RicCal04>SLZBalIngFte>SLZSalidaC1Fte,,incompleto_revision,true,0,RicIngCamFrente|RICARDONE_INGRESO_CAMIONES,2026-10-07T20:10:57.124Z,day,2026-10-04,2026-09-27,33.3,INGRESO|BALANZA_INGRESO|BALANZA_EGRESO|EGRESO,SECUENCIA_NO_CONCLUYENTE,false,false,circuito_probable_sin_egreso+punto_fuerte,2-S1>2-S2>1-S1>1-S7,2026-09-27_2026-10-04,final_circuits.csv
93553f8b-b837-40a9-ad07-356cc9d6dd75,KGF179,KGF179,ANOMALIAS,NO_DIFERENCIABLE_SIN_PUNTO_FUERTE,,UNKNOWN,true,false,SIN_PUNTO,,,incompleto_revision,Incompleto en revisión,INCOMPLETO,NO_DIFERENCIABLE,NO_DIFERENCIABLE_SIN_PUNTO_FUERTE,,INCOMPLETO,Incompleto,muy_baja,33.3,"Coinciden 2 de 6 puntos esperados. Faltan ingreso, balanza ingreso, balanza egreso, egreso.",6,2,4,true,preingreso,false,sin_egreso,false,false,DESPACHO_SIN_PUNTO_INSTRUMENTADO,3,PREINGRESO>CALADA>PLAYA,SIN_PUNTO,SIN_PUNTO,Sin punto instrumentado (sólidos),DESPACHO_SIN_PUNTO_INSTRUMENTADO,false,0,false,false,false,UNKNOWN,UNKNOWN,,,0,false,false,,,,NONE,DATA_COVERAGE,SECUENCIA_INCOMPLETA,missing_ingreso_frontal,RicPreIngInFr>RicCal04>RicS6Playa3,,incompleto_revision,false,0,RicIngCamFrente|RICARDONE_INGRESO_CAMIONES,2026-10-07T20:10:57.124Z,day,2026-10-04,2026-09-27,33.3,INGRESO|BALANZA_INGRESO|BALANZA_EGRESO|EGRESO,SECUENCIA_NO_CONCLUYENTE,false,false,circuito_probable_sin_egreso,2-S1>2-S2>2-S6,2026-09-27_2026-10-04,final_circuits.csv
d6b70eaa-b5e5-4a64-88ce-f3aa8b2b1f80,HNG637,HNG637,ANOMALIAS,NO_DIFERENCIABLE_SIN_PUNTO_FUERTE,,UNKNOWN,true,false,SIN_PUNTO,,,incompleto_revision,Incompleto en revisión,INCOMPLETO,NO_DIFERENCIABLE,NO_DIFERENCIABLE_SIN_PUNTO_FUERTE,,INCOMPLETO,Incompleto,baja,50,"Coinciden 3 de 6 puntos esperados. Faltan ingreso, balanza ingreso, egreso.",6,3,3,true,preingreso,true,egreso_y_balanza,false,true,DESPACHO_SIN_PUNTO_INSTRUMENTADO,3,PREINGRESO>CALADA>BALANZA_EGRESO,SIN_PUNTO,SIN_PUNTO,Sin punto instrumentado (sólidos),DESPACHO_SIN_PUNTO_INSTRUMENTADO,false,0,false,false,false,UNKNOWN,UNKNOWN,,,0,false,false,,,,NONE,DATA_COVERAGE,SECUENCIA_INCOMPLETA,missing_ingreso_frontal,RicPreIngInFr>RicCal03>RicB2Egreso,,incompleto_revision,false,0,RicIngCamFrente|RICARDONE_INGRESO_CAMIONES,2026-10-07T20:10:57.124Z,day,2026-10-04,2026-09-27,50,INGRESO|BALANZA_INGRESO|EGRESO,SECUENCIA_NO_CONCLUYENTE,false,false,circuito_probable_sin_egreso,2-S1>2-S2>2-S4,2026-09-27_2026-10-04,final_circuits.csv
d33ccf87-9994-4612-a004-54bcd3b30681,NJT004,NJT004,ANOMALIAS,NO_DIFERENCIABLE_SIN_PUNTO_FUERTE,,UNKNOWN,true,false,SIN_PUNTO,,,incompleto_revision,Incompleto en revisión,INCOMPLETO,NO_DIFERENCIABLE,NO_DIFERENCIABLE_SIN_PUNTO_FUERTE,,INCOMPLETO,Incompleto,muy_baja,33.3,"Coinciden 2 de 6 puntos esperados. Faltan ingreso, preingreso, balanza ingreso, balanza egreso.",6,2,4,false,sin_ingreso,true,egreso,false,true,DESPACHO_SIN_PUNTO_INSTRUMENTADO,2,CALADA>EGRESO,SIN_PUNTO,SIN_PUNTO,Sin punto instrumentado (sólidos),DESPACHO_SIN_PUNTO_INSTRUMENTADO,false,0,false,false,false,UNKNOWN,UNKNOWN,,,0,false,false,,,,NONE,DATA_COVERAGE,EVENTOS_INSUFICIENTES,missing_ingreso_frontal+suspicious_duplicate,RicCal04>RicEgrCamFrente,,incompleto_revision,false,0,RicIngCamFrente|RICARDONE_INGRESO_CAMIONES,2026-10-07T20:10:57.124Z,day,2026-10-04,2026-09-27,33.3,INGRESO|PREINGRESO|BALANZA_INGRESO|BALANZA_EGRESO,EVENTOS_INSUFICIENTES,false,false,circuito_probable_sin_ingreso,2-S2>2-S3,2026-09-27_2026-10-04,final_circuits.csv
a7898ed1-0557-4375-b173-9eb2ce7717c0,JRK452,JRK452,ANOMALIAS,NO_DIFERENCIABLE_SIN_PUNTO_FUERTE,,UNKNOWN,true,false,SIN_PUNTO,,SAN_LORENZO,incompleto_revision,Incompleto en revisión,INCOMPLETO,NO_DIFERENCIABLE,NO_DIFERENCIABLE_SIN_PUNTO_FUERTE,,INCOMPLETO,Incompleto,baja,33.3,"Coinciden 2 de 6 puntos esperados. Faltan ingreso, balanza ingreso, balanza egreso, egreso.",6,2,4,true,preingreso,false,sin_egreso,false,false,DESPACHO_SIN_PUNTO_INSTRUMENTADO,5,PREINGRESO>CALADA>SL_BALANZA_INGRESO>SL_VOLCABLE>SL_EGRESO,SIN_PUNTO,SIN_PUNTO,Sin punto instrumentado (sólidos),DESPACHO_SIN_PUNTO_INSTRUMENTADO,false,0,true,false,false,UNKNOWN,UNKNOWN,,,0,false,false,,,,NONE,DATA_COVERAGE,SECUENCIA_INCOMPLETA,missing_ingreso_frontal,RicPreIngInFr>RicCal04>SLZBalIngFte>SLZVolcableC5>SLZSalidaC1Fte,,incompleto_revision,true,0,RicIngCamFrente|RICARDONE_INGRESO_CAMIONES,2026-10-07T20:10:57.124Z,day,2026-10-04,2026-09-27,33.3,INGRESO|BALANZA_INGRESO|BALANZA_EGRESO|EGRESO,SECUENCIA_NO_CONCLUYENTE,false,false,circuito_probable_sin_egreso+punto_fuerte,2-S1>2-S2>1-S1>1-S4>1-S7,2026-09-27_2026-10-04,final_circuits.csv
f1202803-76c1-44f2-98eb-a16bdb6fd484,TLX106,TLX106,ANOMALIAS,NO_DIFERENCIABLE_SIN_PUNTO_FUERTE,,UNKNOWN,true,false,SIN_PUNTO,,,incompleto_revision,Incompleto en revisión,INCOMPLETO,NO_DIFERENCIABLE,NO_DIFERENCIABLE_SIN_PUNTO_FUERTE,,INCOMPLETO,Incompleto,baja,50,"Coinciden 3 de 6 puntos esperados. Faltan ingreso, balanza ingreso, egreso.",6,3,3,true,preingreso,true,egreso_y_balanza,false,true,DESPACHO_SIN_PUNTO_INSTRUMENTADO,3,PREINGRESO>CALADA>BALANZA_EGRESO,SIN_PUNTO,SIN_PUNTO,Sin punto instrumentado (sólidos),DESPACHO_SIN_PUNTO_INSTRUMENTADO,false,0,false,false,false,UNKNOWN,UNKNOWN,,,0,false,false,,,,NONE,DATA_COVERAGE,SECUENCIA_INCOMPLETA,missing_ingreso_frontal,RicPreIngInFr>RicCal04>RicB2Egreso,,incompleto_revision,false,0,RicIngCamFrente|RICARDONE_INGRESO_CAMIONES,2026-10-07T20:10:57.124Z,day,2026-10-04,2026-09-27,50,INGRESO|BALANZA_INGRESO|EGRESO,SECUENCIA_NO_CONCLUYENTE,false,false,circuito_probable_sin_egreso,2-S1>2-S2>2-S4,2026-09-27_2026-10-04,final_circuits.csv
8652a1cb-9f6d-4b7b-b58e-d9227bf2fe98__cycle_3,KRB128,KRB128,ANOMALIAS,NO_DIFERENCIABLE_SIN_PUNTO_FUERTE,,UNKNOWN,true,false,SIN_PUNTO,,,incompleto_revision,Incompleto en revisión,INCOMPLETO,NO_DIFERENCIABLE,NO_DIFERENCIABLE_SIN_PUNTO_FUERTE,,INCOMPLETO,Incompleto,baja,50,"Coinciden 3 de 6 puntos esperados. Faltan ingreso, balanza ingreso, egreso.",6,3,3,true,preingreso,true,egreso_y_balanza,false,true,DESPACHO_SIN_PUNTO_INSTRUMENTADO,3,PREINGRESO>CALADA>BALANZA_EGRESO,SIN_PUNTO,SIN_PUNTO,Sin punto instrumentado (sólidos),DESPACHO_SIN_PUNTO_INSTRUMENTADO,false,0,false,false,false,UNKNOWN,UNKNOWN,,,0,false,false,,,,NONE,DATA_COVERAGE,SECUENCIA_INCOMPLETA,missing_ingreso_frontal,RicPreIngInFr>RicCal03>RicB2Egreso,,incompleto_revision,false,0,RicIngCamFrente|RICARDONE_INGRESO_CAMIONES,2026-10-07T20:10:57.124Z,day,2026-10-04,2026-09-27,50,INGRESO|BALANZA_INGRESO|EGRESO,SECUENCIA_NO_CONCLUYENTE,false,false,circuito_probable_sin_egreso,2-S1>2-S2>2-S4,2026-09-27_2026-10-04,final_circuits.csv
4ec98c2f-f441-423a-bc81-df65ea1795ff,NEX116,NEX116,ANOMALIAS,NO_DIFERENCIABLE_SIN_PUNTO_FUERTE,,UNKNOWN,true,false,SIN_PUNTO,,,incompleto_revision,Incompleto en revisión,INCOMPLETO,NO_DIFERENCIABLE,NO_DIFERENCIABLE_SIN_PUNTO_FUERTE,,INCOMPLETO,Incompleto,baja,50,"Coinciden 3 de 6 puntos esperados. Faltan ingreso, balanza ingreso, egreso.",6,3,3,true,preingreso,true,egreso_y_balanza,false,true,DESPACHO_SIN_PUNTO_INSTRUMENTADO,3,PREINGRESO>CALADA>BALANZA_EGRESO,SIN_PUNTO,SIN_PUNTO,Sin punto instrumentado (sólidos),DESPACHO_SIN_PUNTO_INSTRUMENTADO,false,0,false,false,false,UNKNOWN,UNKNOWN,,,0,false,false,,,,NONE,DATA_COVERAGE,SECUENCIA_INCOMPLETA,missing_ingreso_frontal,RicPreIngInFr>RicCal04>RicB2Egreso,,incompleto_revision,false,0,RicIngCamFrente|RICARDONE_INGRESO_CAMIONES,2026-10-07T20:10:57.124Z,day,2026-10-04,2026-09-27,50,INGRESO|BALANZA_INGRESO|EGRESO,SECUENCIA_NO_CONCLUYENTE,false,false,circuito_probable_sin_egreso,2-S1>2-S2>2-S4,2026-09-27_2026-10-04,final_circuits.csv
1822cb9d-5a1c-4575-9e09-6db9d4adbc9f__cycle_2,JJT929,JJT929,ANOMALIAS,JOURNEY_INCOMPLETO,,RICARDONE,true,false,R8,,LIQUIDO,incompleto_revision,Incompleto en revisión,INCOMPLETO,INCOMPLETO,SECUENCIA_NO_CONCLUYENTE,,INCOMPLETO,Incompleto,media,50,"Coinciden 3 de 6 puntos esperados. Faltan ingreso, preingreso, balanza ingreso.",6,3,3,false,sin_ingreso,true,egreso_y_balanza,false,true,CIRCUITO_LIQUIDO,4,LIQUIDO>PLAYA>BALANZA_EGRESO>LIQUIDO,R8,R8,Recepción Mercadería Líquida,CIRCUITO_LIQUIDO,false,63,true,true,true,UNKNOWN,UNKNOWN,,,0,false,false,,,,NONE,DATA_COVERAGE,SECUENCIA_INCOMPLETA,missing_ingreso_frontal,RicCalLiq>RicS6Playa3>RicB2Egreso>RicCalLiq,,incompleto_revision,true,0,RicIngCamFrente|RICARDONE_INGRESO_CAMIONES,2026-10-07T20:10:57.124Z,day,2026-10-04,2026-09-27,33.3,INGRESO|PREINGRESO|BALANZA_INGRESO|EGRESO,SECUENCIA_NO_CONCLUYENTE,false,false,circuito_probable_sin_ingreso+punto_fuerte,2-S2>2-S6>2-S4>2-S2,2026-09-27_2026-10-04,final_circuits.csv
5e6f5798-8bc5-492c-8af5-0cb84cc48339__cycle_2,AI467SL,AI467SL,ANOMALIAS,NO_DIFERENCIABLE_SIN_PUNTO_FUERTE,,UNKNOWN,true,false,SIN_PUNTO,,,incompleto_revision,Incompleto en revisión,INCOMPLETO,NO_DIFERENCIABLE,NO_DIFERENCIABLE_SIN_PUNTO_FUERTE,,INCOMPLETO,Incompleto,muy_baja,33.3,"Coinciden 2 de 6 puntos esperados. Faltan ingreso, preingreso, balanza ingreso, balanza egreso.",6,2,4,false,sin_ingreso,true,egreso,false,true,DESPACHO_SIN_PUNTO_INSTRUMENTADO,2,CALADA>EGRESO,SIN_PUNTO,SIN_PUNTO,Sin punto instrumentado (sólidos),DESPACHO_SIN_PUNTO_INSTRUMENTADO,false,0,false,false,false,UNKNOWN,UNKNOWN,,,0,false,false,,,,NONE,DATA_COVERAGE,EVENTOS_INSUFICIENTES,missing_ingreso_frontal+suspicious_duplicate,RicCal04>RicEgrCamFrente,,incompleto_revision,false,0,RicIngCamFrente|RICARDONE_INGRESO_CAMIONES,2026-10-07T20:10:57.124Z,day,2026-10-04,2026-09-27,33.3,INGRESO|PREINGRESO|BALANZA_INGRESO|BALANZA_EGRESO,EVENTOS_INSUFICIENTES,false,false,circuito_probable_sin_ingreso,2-S2>2-S3,2026-09-27_2026-10-04,final_circuits.csv
b1d5fdeb-9545-48b0-9444-b68b87ce4d64,AC177GH,AC177GH,ANOMALIAS,NO_DIFERENCIABLE_SIN_PUNTO_FUERTE,,UNKNOWN,true,false,SIN_PUNTO,,,incompleto_revision,Incompleto en revisión,INCOMPLETO,NO_DIFERENCIABLE,NO_DIFERENCIABLE_SIN_PUNTO_FUERTE,,INCOMPLETO,Incompleto,muy_baja,33.3,"Coinciden 2 de 6 puntos esperados. Faltan ingreso, preingreso, balanza ingreso, balanza egreso.",6,2,4,false,sin_ingreso,true,egreso,false,true,DESPACHO_SIN_PUNTO_INSTRUMENTADO,2,CALADA>EGRESO,SIN_PUNTO,SIN_PUNTO,Sin punto instrumentado (sólidos),DESPACHO_SIN_PUNTO_INSTRUMENTADO,false,0,false,false,false,UNKNOWN,UNKNOWN,,,0,false,false,,,,NONE,DATA_COVERAGE,EVENTOS_INSUFICIENTES,missing_ingreso_frontal+suspicious_duplicate,RicCal04>RicEgrCamFrente,,incompleto_revision,false,0,RicIngCamFrente|RICARDONE_INGRESO_CAMIONES,2026-10-07T20:10:57.124Z,day,2026-10-04,2026-09-27,33.3,INGRESO|PREINGRESO|BALANZA_INGRESO|BALANZA_EGRESO,EVENTOS_INSUFICIENTES,false,false,circuito_probable_sin_ingreso,2-S2>2-S3,2026-09-27_2026-10-04,final_circuits.csv
5faf628b-aa38-473a-b058-4527d669c3c0,HBV999,HBV999,ANOMALIAS,NO_DIFERENCIABLE_SIN_PUNTO_FUERTE,,UNKNOWN,true,false,SIN_PUNTO,,,incompleto_revision,Incompleto en revisión,INCOMPLETO,NO_DIFERENCIABLE,NO_DIFERENCIABLE_SIN_PUNTO_FUERTE,,INCOMPLETO,Incompleto,baja,50,"Coinciden 3 de 6 puntos esperados. Faltan ingreso, balanza ingreso, egreso.",6,3,3,true,preingreso,true,egreso_y_balanza,false,true,DESPACHO_SIN_PUNTO_INSTRUMENTADO,4,PREINGRESO>CALADA>PLAYA>BALANZA_EGRESO,SIN_PUNTO,SIN_PUNTO,Sin punto instrumentado (sólidos),DESPACHO_SIN_PUNTO_INSTRUMENTADO,false,0,false,false,false,UNKNOWN,UNKNOWN,,,0,false,false,,,,NONE,DATA_COVERAGE,SECUENCIA_INCOMPLETA,missing_ingreso_frontal,RicPreIngInFr>RicCal03>RicS6Playa3>RicB2Egreso,,incompleto_revision,false,0,RicIngCamFrente|RICARDONE_INGRESO_CAMIONES,2026-10-07T20:10:57.124Z,day,2026-10-04,2026-09-27,50,INGRESO|BALANZA_INGRESO|EGRESO,SECUENCIA_NO_CONCLUYENTE,false,false,circuito_probable_sin_egreso,2-S1>2-S2>2-S6>2-S4,2026-09-27_2026-10-04,final_circuits.csv
47e8cb2e-73ba-492f-a780-8d6404039674,AA699TL,AA699TL,ANOMALIAS,NO_DIFERENCIABLE_SIN_PUNTO_FUERTE,,UNKNOWN,true,false,SIN_PUNTO,,,incompleto_revision,Incompleto en revisión,INCOMPLETO,NO_DIFERENCIABLE,NO_DIFERENCIABLE_SIN_PUNTO_FUERTE,,INCOMPLETO,Incompleto,muy_baja,33.3,"Coinciden 2 de 6 puntos esperados. Faltan ingreso, balanza ingreso, balanza egreso, egreso.",6,2,4,true,preingreso,false,sin_egreso,false,false,DESPACHO_SIN_PUNTO_INSTRUMENTADO,3,PREINGRESO>CALADA>PLAYA,SIN_PUNTO,SIN_PUNTO,Sin punto instrumentado (sólidos),DESPACHO_SIN_PUNTO_INSTRUMENTADO,false,0,false,false,false,UNKNOWN,UNKNOWN,,,0,false,false,,,,NONE,DATA_COVERAGE,SECUENCIA_INCOMPLETA,missing_ingreso_frontal,RicPreIngInFr>RicCal04>RicS6Playa3,,incompleto_revision,false,0,RicIngCamFrente|RICARDONE_INGRESO_CAMIONES,2026-10-07T20:10:57.124Z,day,2026-10-04,2026-09-27,33.3,INGRESO|BALANZA_INGRESO|BALANZA_EGRESO|EGRESO,SECUENCIA_NO_CONCLUYENTE,false,false,circuito_probable_sin_egreso,2-S1>2-S2>2-S6,2026-09-27_2026-10-04,final_circuits.csv
5b3a904b-93cd-4267-96b3-8f1165cae82f__cycle_3,VUB780,VUB780,ANOMALIAS,NO_DIFERENCIABLE_SIN_PUNTO_FUERTE,,UNKNOWN,true,false,SIN_PUNTO,,,incompleto_revision,Incompleto en revisión,INCOMPLETO,NO_DIFERENCIABLE,NO_DIFERENCIABLE_SIN_PUNTO_FUERTE,,INCOMPLETO,Incompleto,muy_baja,33.3,"Coinciden 2 de 6 puntos esperados. Faltan ingreso, preingreso, balanza ingreso, egreso.",6,2,4,false,sin_ingreso,true,egreso_y_balanza,false,true,DESPACHO_SIN_PUNTO_INSTRUMENTADO,2,CALADA>BALANZA_EGRESO,SIN_PUNTO,SIN_PUNTO,Sin punto instrumentado (sólidos),DESPACHO_SIN_PUNTO_INSTRUMENTADO,false,0,false,false,false,UNKNOWN,UNKNOWN,,,0,false,false,,,,NONE,DATA_COVERAGE,EVENTOS_INSUFICIENTES,missing_ingreso_frontal,RicCal03>RicB2Egreso,,incompleto_revision,false,0,RicIngCamFrente|RICARDONE_INGRESO_CAMIONES,2026-10-07T20:10:57.124Z,day,2026-10-04,2026-09-27,33.3,INGRESO|PREINGRESO|BALANZA_INGRESO|EGRESO,EVENTOS_INSUFICIENTES,false,false,circuito_probable_sin_ingreso,2-S2>2-S4,2026-09-27_2026-10-04,final_circuits.csv
f40ac37c-f47e-4743-9720-03bd2400b287__cycle_2,AI201UM,AI201UM,ANOMALIAS,NO_DIFERENCIABLE_SIN_PUNTO_FUERTE,,UNKNOWN,true,false,SIN_PUNTO,,,incompleto_revision,Incompleto en revisión,INCOMPLETO,NO_DIFERENCIABLE,NO_DIFERENCIABLE_SIN_PUNTO_FUERTE,,INCOMPLETO,Incompleto,muy_baja,33.3,"Coinciden 2 de 6 puntos esperados. Faltan ingreso, preingreso, balanza ingreso, balanza egreso.",6,2,4,false,sin_ingreso,true,egreso,false,true,DESPACHO_SIN_PUNTO_INSTRUMENTADO,2,CALADA>EGRESO,SIN_PUNTO,SIN_PUNTO,Sin punto instrumentado (sólidos),DESPACHO_SIN_PUNTO_INSTRUMENTADO,false,0,false,false,false,UNKNOWN,UNKNOWN,,,0,false,false,,,,NONE,DATA_COVERAGE,EVENTOS_INSUFICIENTES,missing_ingreso_frontal,RicCal04>RicEgrCamFrente,,incompleto_revision,false,0,RicIngCamFrente|RICARDONE_INGRESO_CAMIONES,2026-10-07T20:10:57.124Z,day,2026-10-04,2026-09-27,33.3,INGRESO|PREINGRESO|BALANZA_INGRESO|BALANZA_EGRESO,EVENTOS_INSUFICIENTES,false,false,circuito_probable_sin_ingreso,2-S2>2-S3,2026-09-27_2026-10-04,final_circuits.csv
44263904-eb8d-4d46-a14f-3dd8c60ee48e,SZG865,SZG865,ANOMALIAS,NO_DIFERENCIABLE_SIN_PUNTO_FUERTE,,UNKNOWN,true,false,SIN_PUNTO,,,incompleto_revision,Incompleto en revisión,INCOMPLETO,NO_DIFERENCIABLE,NO_DIFERENCIABLE_SIN_PUNTO_FUERTE,,INCOMPLETO,Incompleto,baja,50,"Coinciden 3 de 6 puntos esperados. Faltan ingreso, balanza ingreso, egreso.",6,3,3,true,preingreso,true,egreso_y_balanza,false,true,DESPACHO_SIN_PUNTO_INSTRUMENTADO,4,PREINGRESO>CALADA>PLAYA>BALANZA_EGRESO,SIN_PUNTO,SIN_PUNTO,Sin punto instrumentado (sólidos),DESPACHO_SIN_PUNTO_INSTRUMENTADO,false,0,false,false,false,UNKNOWN,UNKNOWN,,,0,false,false,,,,NONE,DATA_COVERAGE,SECUENCIA_INCOMPLETA,missing_ingreso_frontal,RicPreIngInFr>RicCal03>RicS6Playa3>RicB2Egreso,,incompleto_revision,false,0,RicIngCamFrente|RICARDONE_INGRESO_CAMIONES,2026-10-07T20:10:57.124Z,day,2026-10-04,2026-09-27,50,INGRESO|BALANZA_INGRESO|EGRESO,SECUENCIA_NO_CONCLUYENTE,false,false,circuito_probable_sin_egreso,2-S1>2-S2>2-S6>2-S4,2026-09-27_2026-10-04,final_circuits.csv
18c12ddb-1dc9-4c1d-a752-aac30778eb24__cycle_1,RVG299,RVG299,ANOMALIAS,JOURNEY_INCOMPLETO,,RICARDONE,true,false,R8,,LIQUIDO,incompleto_revision,Incompleto en revisión,INCOMPLETO,INCOMPLETO,SECUENCIA_NO_CONCLUYENTE,,INCOMPLETO,Incompleto,media,66.7,"Coinciden 4 de 6 puntos esperados. Faltan ingreso, balanza ingreso.",6,4,2,true,preingreso,true,egreso_y_balanza,false,true,CIRCUITO_LIQUIDO,3,PREINGRESO>LIQUIDO>BALANZA_EGRESO,R8,R8,Recepción Mercadería Líquida,CIRCUITO_LIQUIDO,false,63,true,true,true,UNKNOWN,UNKNOWN,,,0,false,false,,,,NONE,DATA_COVERAGE,SECUENCIA_INCOMPLETA,missing_ingreso_frontal+suspicious_duplicate,RicPreIngInFr>RicCalLiq>RicB2Egreso,,incompleto_revision,true,0,RicIngCamFrente|RICARDONE_INGRESO_CAMIONES,2026-10-07T20:10:57.124Z,day,2026-10-04,2026-09-27,50,INGRESO|BALANZA_INGRESO|EGRESO,SECUENCIA_NO_CONCLUYENTE,false,false,circuito_probable_sin_egreso+punto_fuerte,2-S1>2-S2>2-S4,2026-09-27_2026-10-04,final_circuits.csv
d7bf55aa-ed18-4560-9dab-b0b2f0b7a05c,GUS768,GUS768,ANOMALIAS,FRAGMENTO_SIN_CIERRE_OPERATIVO,,UNKNOWN,true,false,SIN_PUNTO,,,incompleto_revision,Incompleto en revisión,INCOMPLETO,INCOMPLETO,FRAGMENTO_SIN_CIERRE_OPERATIVO,,INCOMPLETO,Incompleto,muy_baja,33.3,"Coinciden 2 de 6 puntos esperados. Faltan ingreso, balanza ingreso, balanza egreso, egreso.",6,2,4,true,preingreso,false,sin_egreso,false,false,DESPACHO_SIN_PUNTO_INSTRUMENTADO,2,PREINGRESO>CALADA,SIN_PUNTO,SIN_PUNTO,Sin punto instrumentado (sólidos),DESPACHO_SIN_PUNTO_INSTRUMENTADO,false,0,false,false,false,UNKNOWN,UNKNOWN,,,0,false,false,,,,NONE,DATA_COVERAGE,EVENTOS_INSUFICIENTES,missing_ingreso_frontal,RicPreIngInFr>RicCal03,,incompleto_revision,false,0,RicIngCamFrente|RICARDONE_INGRESO_CAMIONES,2026-10-07T20:10:57.124Z,day,2026-10-04,2026-09-27,33.3,INGRESO|BALANZA_INGRESO|BALANZA_EGRESO|EGRESO,EVENTOS_INSUFICIENTES,false,false,circuito_probable_sin_egreso,2-S1>2-S2,2026-09-27_2026-10-04,final_circuits.csv
154b6e82-e1cb-4e90-a4b9-d66a5affef0f,AB078ID,AB078ID,ANOMALIAS,NO_DIFERENCIABLE_SIN_PUNTO_FUERTE,,UNKNOWN,true,false,SIN_PUNTO,,,incompleto_revision,Incompleto en revisión,INCOMPLETO,NO_DIFERENCIABLE,NO_DIFERENCIABLE_SIN_PUNTO_FUERTE,,INCOMPLETO,Incompleto,muy_baja,33.3,"Coinciden 2 de 6 puntos esperados. Faltan ingreso, calada, balanza ingreso, egreso.",6,2,4,true,preingreso,true,egreso_y_balanza,false,true,DESPACHO_SIN_PUNTO_INSTRUMENTADO,3,PREINGRESO>PLAYA>BALANZA_EGRESO,SIN_PUNTO,SIN_PUNTO,Sin punto instrumentado (sólidos),DESPACHO_SIN_PUNTO_INSTRUMENTADO,false,0,false,false,false,UNKNOWN,UNKNOWN,,,0,false,false,,,,NONE,DATA_COVERAGE,SECUENCIA_INCOMPLETA,missing_ingreso_frontal,RicPreIngInFr>RicS6Playa3>RicB2Egreso,,incompleto_revision,false,0,RicIngCamFrente|RICARDONE_INGRESO_CAMIONES,2026-10-07T20:10:57.124Z,day,2026-10-04,2026-09-27,33.3,INGRESO|CALADA|BALANZA_INGRESO|EGRESO,SECUENCIA_NO_CONCLUYENTE,false,false,circuito_probable_sin_egreso,2-S1>2-S6>2-S4,2026-09-27_2026-10-04,final_circuits.csv
31d2d3c8-59da-4334-9e93-45c5459c1a2f,FKX849,FKX849,ANOMALIAS,NO_DIFERENCIABLE_SIN_PUNTO_FUERTE,,UNKNOWN,true,false,SIN_PUNTO,,,incompleto_revision,Incompleto en revisión,INCOMPLETO,NO_DIFERENCIABLE,NO_DIFERENCIABLE_SIN_PUNTO_FUERTE,,INCOMPLETO,Incompleto,baja,50,"Coinciden 3 de 6 puntos esperados. Faltan ingreso, balanza ingreso, egreso.",6,3,3,true,preingreso,true,egreso_y_balanza,false,true,DESPACHO_SIN_PUNTO_INSTRUMENTADO,4,PREINGRESO>CALADA>PLAYA>BALANZA_EGRESO,SIN_PUNTO,SIN_PUNTO,Sin punto instrumentado (sólidos),DESPACHO_SIN_PUNTO_INSTRUMENTADO,false,0,false,false,false,UNKNOWN,UNKNOWN,,,0,false,false,,,,NONE,DATA_COVERAGE,SECUENCIA_INCOMPLETA,missing_ingreso_frontal,RicPreIngInFr>RicCal03>RicS6Playa3>RicB2Egreso,,incompleto_revision,false,0,RicIngCamFrente|RICARDONE_INGRESO_CAMIONES,2026-10-07T20:10:57.124Z,day,2026-10-04,2026-09-27,50,INGRESO|BALANZA_INGRESO|EGRESO,SECUENCIA_NO_CONCLUYENTE,false,false,circuito_probable_sin_egreso,2-S1>2-S2>2-S6>2-S4,2026-09-27_2026-10-04,final_circuits.csv
ee10e8e4-63e3-4439-900a-2e4b5c6ff700,AB328HJ,AB328HJ,ANOMALIAS,NO_DIFERENCIABLE_SIN_PUNTO_FUERTE,,UNKNOWN,true,false,SIN_PUNTO,,,incompleto_revision,Incompleto en revisión,INCOMPLETO,NO_DIFERENCIABLE,NO_DIFERENCIABLE_SIN_PUNTO_FUERTE,,INCOMPLETO,Incompleto,baja,50,"Coinciden 3 de 6 puntos esperados. Faltan ingreso, balanza ingreso, egreso.",6,3,3,true,preingreso,true,egreso_y_balanza,false,true,DESPACHO_SIN_PUNTO_INSTRUMENTADO,4,PREINGRESO>CALADA>PLAYA>BALANZA_EGRESO,SIN_PUNTO,SIN_PUNTO,Sin punto instrumentado (sólidos),DESPACHO_SIN_PUNTO_INSTRUMENTADO,false,0,false,false,false,UNKNOWN,UNKNOWN,,,0,false,false,,,,NONE,DATA_COVERAGE,SECUENCIA_INCOMPLETA,missing_ingreso_frontal,RicPreIngInFr>RicCal04>RicS6Playa3>RicB2Egreso,,incompleto_revision,false,0,RicIngCamFrente|RICARDONE_INGRESO_CAMIONES,2026-10-07T20:10:57.124Z,day,2026-10-04,2026-09-27,50,INGRESO|BALANZA_INGRESO|EGRESO,SECUENCIA_NO_CONCLUYENTE,false,false,circuito_probable_sin_egreso,2-S1>2-S2>2-S6>2-S4,2026-09-27_2026-10-04,final_circuits.csv
5a2517cd-b6ea-489c-b2e7-8009fdec0139__cycle_3,HDK895,HDK895,ANOMALIAS,NO_DIFERENCIABLE_SIN_PUNTO_FUERTE,,UNKNOWN,true,false,SIN_PUNTO,,,incompleto_revision,Incompleto en revisión,INCOMPLETO,NO_DIFERENCIABLE,NO_DIFERENCIABLE_SIN_PUNTO_FUERTE,,INCOMPLETO,Incompleto,muy_baja,33.3,"Coinciden 2 de 6 puntos esperados. Faltan ingreso, calada, balanza ingreso, egreso.",6,2,4,true,preingreso,true,egreso_y_balanza,false,true,DESPACHO_SIN_PUNTO_INSTRUMENTADO,2,PREINGRESO>BALANZA_EGRESO,SIN_PUNTO,SIN_PUNTO,Sin punto instrumentado (sólidos),DESPACHO_SIN_PUNTO_INSTRUMENTADO,false,0,false,false,false,UNKNOWN,UNKNOWN,,,0,false,false,,,,NONE,DATA_COVERAGE,EVENTOS_INSUFICIENTES,missing_ingreso_frontal,RicPreIngInFr>RicB2Egreso,,incompleto_revision,false,0,RicIngCamFrente|RICARDONE_INGRESO_CAMIONES,2026-10-07T20:10:57.124Z,day,2026-10-04,2026-09-27,33.3,INGRESO|CALADA|BALANZA_INGRESO|EGRESO,EVENTOS_INSUFICIENTES,false,false,circuito_probable_sin_egreso,2-S1>2-S4,2026-09-27_2026-10-04,final_circuits.csv
dc2fc26a-9a86-4e03-afcc-5296c52c6def,LTM404,LTM404,ANOMALIAS,FRAGMENTO_SIN_CIERRE_OPERATIVO,,UNKNOWN,true,false,SIN_PUNTO,,,incompleto_revision,Incompleto en revisión,INCOMPLETO,INCOMPLETO,FRAGMENTO_SIN_CIERRE_OPERATIVO,,INCOMPLETO,Incompleto,muy_baja,33.3,"Coinciden 2 de 6 puntos esperados. Faltan ingreso, balanza ingreso, balanza egreso, egreso.",6,2,4,true,preingreso,false,sin_egreso,false,false,DESPACHO_SIN_PUNTO_INSTRUMENTADO,2,PREINGRESO>CALADA,SIN_PUNTO,SIN_PUNTO,Sin punto instrumentado (sólidos),DESPACHO_SIN_PUNTO_INSTRUMENTADO,false,0,false,false,false,UNKNOWN,UNKNOWN,,,0,false,false,,,,NONE,DATA_COVERAGE,EVENTOS_INSUFICIENTES,missing_ingreso_frontal,RicPreIngInFr>RicCal04,,incompleto_revision,false,0,RicIngCamFrente|RICARDONE_INGRESO_CAMIONES,2026-10-07T20:10:57.124Z,day,2026-10-04,2026-09-27,33.3,INGRESO|BALANZA_INGRESO|BALANZA_EGRESO|EGRESO,EVENTOS_INSUFICIENTES,false,false,circuito_probable_sin_egreso,2-S1>2-S2,2026-09-27_2026-10-04,final_circuits.csv
8b9555dc-267f-45bf-b10a-a762aa047d96,FDA420,FDA420,ANOMALIAS,NO_DIFERENCIABLE_SIN_PUNTO_FUERTE,,UNKNOWN,true,false,SIN_PUNTO,,SAN_LORENZO,incompleto_revision,Incompleto en revisión,INCOMPLETO,NO_DIFERENCIABLE,NO_DIFERENCIABLE_SIN_PUNTO_FUERTE,,INCOMPLETO,Incompleto,baja,33.3,"Coinciden 2 de 6 puntos esperados. Faltan ingreso, balanza ingreso, balanza egreso, egreso.",6,2,4,true,preingreso,false,sin_egreso,false,false,DESPACHO_SIN_PUNTO_INSTRUMENTADO,6,PREINGRESO>CALADA>SL_BALANZA_INGRESO>SL_VOLCABLE>SL_EGRESO,SIN_PUNTO,SIN_PUNTO,Sin punto instrumentado (sólidos),DESPACHO_SIN_PUNTO_INSTRUMENTADO,false,0,true,false,false,UNKNOWN,UNKNOWN,,,0,false,false,,,,NONE,DATA_COVERAGE,SECUENCIA_INCOMPLETA,missing_ingreso_frontal,RicPreIngInFr>RicCal03>SLZBalIngFte>SLZBalIngFte>SLZVolcableC5>SLZSalidaC1Fte,,incompleto_revision,true,0,RicIngCamFrente|RICARDONE_INGRESO_CAMIONES,2026-10-07T20:10:57.124Z,day,2026-10-04,2026-09-27,33.3,INGRESO|BALANZA_INGRESO|BALANZA_EGRESO|EGRESO,SECUENCIA_NO_CONCLUYENTE,false,false,circuito_probable_sin_egreso+punto_fuerte,2-S1>2-S2>1-S1>1-S1>1-S4>1-S7,2026-09-27_2026-10-04,final_circuits.csv
6e1d5fcd-9fec-4ba7-bc0c-e06df2c98db1,BXT318,BXT318,ANOMALIAS,NO_DIFERENCIABLE_SIN_PUNTO_FUERTE,,UNKNOWN,true,false,SIN_PUNTO,,,incompleto_revision,Incompleto en revisión,INCOMPLETO,NO_DIFERENCIABLE,NO_DIFERENCIABLE_SIN_PUNTO_FUERTE,,INCOMPLETO,Incompleto,muy_baja,33.3,"Coinciden 2 de 6 puntos esperados. Faltan ingreso, preingreso, balanza ingreso, balanza egreso.",6,2,4,false,sin_ingreso,true,egreso,false,true,DESPACHO_SIN_PUNTO_INSTRUMENTADO,2,CALADA>EGRESO,SIN_PUNTO,SIN_PUNTO,Sin punto instrumentado (sólidos),DESPACHO_SIN_PUNTO_INSTRUMENTADO,false,0,false,false,false,UNKNOWN,UNKNOWN,,,0,false,false,,,,NONE,DATA_COVERAGE,EVENTOS_INSUFICIENTES,missing_ingreso_frontal+suspicious_duplicate,RicCal04>RicEgrCamFrente,,incompleto_revision,false,0,RicIngCamFrente|RICARDONE_INGRESO_CAMIONES,2026-10-07T20:10:57.124Z,day,2026-10-04,2026-09-27,33.3,INGRESO|PREINGRESO|BALANZA_INGRESO|BALANZA_EGRESO,EVENTOS_INSUFICIENTES,false,false,circuito_probable_sin_ingreso,2-S2>2-S3,2026-09-27_2026-10-04,final_circuits.csv
18c12ddb-1dc9-4c1d-a752-aac30778eb24__cycle_2,RVG299,RVG299,ANOMALIAS,JOURNEY_INCOMPLETO,,RICARDONE,true,false,R8,,LIQUIDO,incompleto_revision,Incompleto en revisión,INCOMPLETO,INCOMPLETO,SECUENCIA_NO_CONCLUYENTE,,INCOMPLETO,Incompleto,media,66.7,"Coinciden 4 de 6 puntos esperados. Faltan ingreso, balanza ingreso.",6,4,2,true,preingreso,true,egreso_y_balanza,false,true,CIRCUITO_LIQUIDO,7,PREINGRESO>LIQUIDO>BALANZA_EGRESO>SL_INGRESO>SL_BALANZA_INGRESO>UNKNOWN>SL_EGRESO,R8,R8,Recepción Mercadería Líquida,CIRCUITO_LIQUIDO,false,63,true,true,true,UNKNOWN,UNKNOWN,,,0,false,false,,,,NONE,DATA_COVERAGE,SECUENCIA_INCOMPLETA,missing_ingreso_frontal+suspicious_duplicate,RicPreIngInFr>RicCalLiq>RicB2Egreso>SLZIngCamFrente>SLZBalIngFte>SLZTK400>SLZSalidaC1Fte,,incompleto_revision,true,0,RicIngCamFrente|RICARDONE_INGRESO_CAMIONES,2026-10-07T20:10:57.124Z,day,2026-10-04,2026-09-27,50,INGRESO|BALANZA_INGRESO|EGRESO,SECUENCIA_NO_CONCLUYENTE,false,false,circuito_probable_sin_egreso+punto_fuerte,2-S1>2-S2>2-S4>1-S0>1-S1>1-S8>1-S7,2026-09-27_2026-10-04,final_circuits.csv
3a97b839-9f76-4081-9600-e27a23188c72,SUY833,SUY833,ANOMALIAS,FRAGMENTO_SIN_CIERRE_OPERATIVO,,UNKNOWN,true,false,SIN_PUNTO,,,incompleto_revision,Incompleto en revisión,INCOMPLETO,INCOMPLETO,FRAGMENTO_SIN_CIERRE_OPERATIVO,,INCOMPLETO,Incompleto,muy_baja,33.3,"Coinciden 2 de 6 puntos esperados. Faltan ingreso, balanza ingreso, balanza egreso, egreso.",6,2,4,true,preingreso,false,sin_egreso,false,false,DESPACHO_SIN_PUNTO_INSTRUMENTADO,2,PREINGRESO>CALADA,SIN_PUNTO,SIN_PUNTO,Sin punto instrumentado (sólidos),DESPACHO_SIN_PUNTO_INSTRUMENTADO,false,0,false,false,false,UNKNOWN,UNKNOWN,,,0,false,false,,,,NONE,DATA_COVERAGE,EVENTOS_INSUFICIENTES,missing_ingreso_frontal,RicPreIngInFr>RicCal03,,incompleto_revision,false,0,RicIngCamFrente|RICARDONE_INGRESO_CAMIONES,2026-10-07T20:10:57.124Z,day,2026-10-04,2026-09-27,33.3,INGRESO|BALANZA_INGRESO|BALANZA_EGRESO|EGRESO,EVENTOS_INSUFICIENTES,false,false,circuito_probable_sin_egreso,2-S1>2-S2,2026-09-27_2026-10-04,final_circuits.csv
a82398ad-b5a5-4c2e-b64d-fcb24d796937,RVG299,RVG299,ANOMALIAS,SLZ_SECUENCIA_INVALIDA:NO_RESPETA_SECUENCIA,,RICARDONE,true,false,R8,,LIQUIDO,incompleto_revision,Incompleto en revisión,ANOMALO,ANOMALO,NO_RESPETA_SECUENCIA,,ANOMALO,Anómalo,media,66.7,"Coinciden 4 de 6 puntos esperados. Faltan ingreso, balanza ingreso.",6,4,2,true,preingreso,true,egreso_y_balanza,false,true,CIRCUITO_LIQUIDO,7,PREINGRESO>LIQUIDO>BALANZA_EGRESO>SL_INGRESO>SL_BALANZA_INGRESO>PREINGRESO>LIQUIDO,R8,R8,Recepción Mercadería Líquida,CIRCUITO_LIQUIDO,false,63,true,true,true,SAN_LORENZO,SL,,,0,false,false,,,,NONE,BEHAVIORAL,SL_RIC_2H_SIN_CIRCUITO_NO_PELLET,missing_ingreso_frontal+suspicious_duplicate,RicPreIngInFr>RicCalLiq>RicB2Egreso>SLZIngCamFrente>SLZBalIngFte>RicPreIngInFr>RicCalLiq,NO_RESPETA_SECUENCIA,incompleto_revision,true,0,RicIngCamFrente|RICARDONE_INGRESO_CAMIONES,2026-10-07T20:10:57.124Z,day,2026-10-04,2026-09-27,50,INGRESO|BALANZA_INGRESO|EGRESO,NO_RESPETA_SECUENCIA,false,false,circuito_probable_sin_egreso+punto_fuerte,2-S1>2-S2>2-S4>1-S0>1-S1>2-S1>2-S2,2026-09-27_2026-10-04,final_circuits.csv
b940f3e2-91ca-4c8c-999c-121a0d59bdeb,JJM070,JJM070,ANOMALIAS,FRAGMENTO_SIN_CIERRE_OPERATIVO,,UNKNOWN,true,false,SIN_PUNTO,,,incompleto_revision,Incompleto en revisión,INCOMPLETO,INCOMPLETO,FRAGMENTO_SIN_CIERRE_OPERATIVO,,INCOMPLETO,Incompleto,muy_baja,33.3,"Coinciden 2 de 6 puntos esperados. Faltan ingreso, balanza ingreso, balanza egreso, egreso.",6,2,4,true,preingreso,false,sin_egreso,false,false,DESPACHO_SIN_PUNTO_INSTRUMENTADO,2,PREINGRESO>CALADA,SIN_PUNTO,SIN_PUNTO,Sin punto instrumentado (sólidos),DESPACHO_SIN_PUNTO_INSTRUMENTADO,false,0,false,false,false,UNKNOWN,UNKNOWN,,,0,false,false,,,,NONE,DATA_COVERAGE,EVENTOS_INSUFICIENTES,missing_ingreso_frontal,RicPreIngInFr>RicCal03,,incompleto_revision,false,0,RicIngCamFrente|RICARDONE_INGRESO_CAMIONES,2026-10-07T20:10:57.124Z,day,2026-10-04,2026-09-27,33.3,INGRESO|BALANZA_INGRESO|BALANZA_EGRESO|EGRESO,EVENTOS_INSUFICIENTES,false,false,circuito_probable_sin_egreso,2-S1>2-S2,2026-09-27_2026-10-04,final_circuits.csv
b4e18575-bf51-49c3-9f75-26b561a71085,AB135IK,AB135IK,ANOMALIAS,FRAGMENTO_SIN_CIERRE_OPERATIVO,,UNKNOWN,true,false,SIN_PUNTO,,,incompleto_revision,Incompleto en revisión,INCOMPLETO,INCOMPLETO,FRAGMENTO_SIN_CIERRE_OPERATIVO,,INCOMPLETO,Incompleto,muy_baja,33.3,"Coinciden 2 de 6 puntos esperados. Faltan ingreso, balanza ingreso, balanza egreso, egreso.",6,2,4,true,preingreso,false,sin_egreso,false,false,DESPACHO_SIN_PUNTO_INSTRUMENTADO,2,PREINGRESO>CALADA,SIN_PUNTO,SIN_PUNTO,Sin punto instrumentado (sólidos),DESPACHO_SIN_PUNTO_INSTRUMENTADO,false,0,false,false,false,UNKNOWN,UNKNOWN,,,0,false,false,,,,NONE,DATA_COVERAGE,EVENTOS_INSUFICIENTES,missing_ingreso_frontal,RicPreIngInFr>RicCal04,,incompleto_revision,false,0,RicIngCamFrente|RICARDONE_INGRESO_CAMIONES,2026-10-07T20:10:57.124Z,day,2026-10-04,2026-09-27,33.3,INGRESO|BALANZA_INGRESO|BALANZA_EGRESO|EGRESO,EVENTOS_INSUFICIENTES,false,false,circuito_probable_sin_egreso,2-S1>2-S2,2026-09-27_2026-10-04,final_circuits.csv
c2ab925c-2bbd-4a72-913c-3a96d0af5ea2,EIQ973,EIQ973,ANOMALIAS,NO_DIFERENCIABLE_SIN_PUNTO_FUERTE,,UNKNOWN,true,false,SIN_PUNTO,,,incompleto_revision,Incompleto en revisión,INCOMPLETO,NO_DIFERENCIABLE,NO_DIFERENCIABLE_SIN_PUNTO_FUERTE,,INCOMPLETO,Incompleto,muy_baja,33.3,"Coinciden 2 de 6 puntos esperados. Faltan ingreso, calada, balanza ingreso, egreso.",6,2,4,true,preingreso,true,egreso_y_balanza,false,true,DESPACHO_SIN_PUNTO_INSTRUMENTADO,2,PREINGRESO>BALANZA_EGRESO,SIN_PUNTO,SIN_PUNTO,Sin punto instrumentado (sólidos),DESPACHO_SIN_PUNTO_INSTRUMENTADO,false,0,false,false,false,UNKNOWN,UNKNOWN,,,0,false,false,,,,NONE,DATA_COVERAGE,EVENTOS_INSUFICIENTES,missing_ingreso_frontal,RicPreIngInFr>RicB2Egreso,,incompleto_revision,false,0,RicIngCamFrente|RICARDONE_INGRESO_CAMIONES,2026-10-07T20:10:57.124Z,day,2026-10-04,2026-09-27,33.3,INGRESO|CALADA|BALANZA_INGRESO|EGRESO,EVENTOS_INSUFICIENTES,false,false,circuito_probable_sin_egreso,2-S1>2-S4,2026-09-27_2026-10-04,final_circuits.csv
7d855026-d07b-4186-8727-5d21b64b5afc,JWI856,JWI856,ANOMALIAS,NO_DIFERENCIABLE_SIN_PUNTO_FUERTE,,UNKNOWN,true,false,SIN_PUNTO,,,incompleto_revision,Incompleto en revisión,INCOMPLETO,NO_DIFERENCIABLE,NO_DIFERENCIABLE_SIN_PUNTO_FUERTE,,INCOMPLETO,Incompleto,muy_baja,33.3,"Coinciden 2 de 6 puntos esperados. Faltan ingreso, preingreso, balanza ingreso, balanza egreso.",6,2,4,false,sin_ingreso,true,egreso,false,true,DESPACHO_SIN_PUNTO_INSTRUMENTADO,2,CALADA>EGRESO,SIN_PUNTO,SIN_PUNTO,Sin punto instrumentado (sólidos),DESPACHO_SIN_PUNTO_INSTRUMENTADO,false,0,false,false,false,UNKNOWN,UNKNOWN,,,0,false,false,,,,NONE,DATA_COVERAGE,EVENTOS_INSUFICIENTES,missing_ingreso_frontal,RicCal04>RicEgrCamFrente,,incompleto_revision,false,0,RicIngCamFrente|RICARDONE_INGRESO_CAMIONES,2026-10-07T20:10:57.124Z,day,2026-10-04,2026-09-27,33.3,INGRESO|PREINGRESO|BALANZA_INGRESO|BALANZA_EGRESO,EVENTOS_INSUFICIENTES,false,false,circuito_probable_sin_ingreso,2-S2>2-S3,2026-09-27_2026-10-04,final_circuits.csv
83f54b71-1ba7-4da6-a41b-ed9ddfa516ce,AC266DG,AC266DG,ANOMALIAS,FRAGMENTO_SIN_CIERRE_OPERATIVO,,UNKNOWN,true,false,SIN_PUNTO,,,incompleto_revision,Incompleto en revisión,INCOMPLETO,INCOMPLETO,FRAGMENTO_SIN_CIERRE_OPERATIVO,,INCOMPLETO,Incompleto,muy_baja,33.3,"Coinciden 2 de 6 puntos esperados. Faltan ingreso, balanza ingreso, balanza egreso, egreso.",6,2,4,true,preingreso,false,sin_egreso,false,false,DESPACHO_SIN_PUNTO_INSTRUMENTADO,2,PREINGRESO>CALADA,SIN_PUNTO,SIN_PUNTO,Sin punto instrumentado (sólidos),DESPACHO_SIN_PUNTO_INSTRUMENTADO,false,0,false,false,false,UNKNOWN,UNKNOWN,,,0,false,false,,,,NONE,DATA_COVERAGE,EVENTOS_INSUFICIENTES,missing_ingreso_frontal,RicPreIngInFr>RicCal03,,incompleto_revision,false,0,RicIngCamFrente|RICARDONE_INGRESO_CAMIONES,2026-10-07T20:10:57.124Z,day,2026-10-04,2026-09-27,33.3,INGRESO|BALANZA_INGRESO|BALANZA_EGRESO|EGRESO,EVENTOS_INSUFICIENTES,false,false,circuito_probable_sin_egreso,2-S1>2-S2,2026-09-27_2026-10-04,final_circuits.csv
60570124-dfb9-43f6-90e3-3c36ed82b101,TSG179,TSG179,ANOMALIAS,FRAGMENTO_SIN_CIERRE_OPERATIVO,,UNKNOWN,true,false,SIN_PUNTO,,,incompleto_revision,Incompleto en revisión,INCOMPLETO,INCOMPLETO,FRAGMENTO_SIN_CIERRE_OPERATIVO,,INCOMPLETO,Incompleto,muy_baja,33.3,"Coinciden 2 de 6 puntos esperados. Faltan ingreso, balanza ingreso, balanza egreso, egreso.",6,2,4,true,preingreso,false,sin_egreso,false,false,DESPACHO_SIN_PUNTO_INSTRUMENTADO,2,PREINGRESO>CALADA,SIN_PUNTO,SIN_PUNTO,Sin punto instrumentado (sólidos),DESPACHO_SIN_PUNTO_INSTRUMENTADO,false,0,false,false,false,UNKNOWN,UNKNOWN,,,0,false,false,,,,NONE,DATA_COVERAGE,EVENTOS_INSUFICIENTES,missing_ingreso_frontal,RicPreIngInFr>RicCal03,,incompleto_revision,false,0,RicIngCamFrente|RICARDONE_INGRESO_CAMIONES,2026-10-07T20:10:57.124Z,day,2026-10-04,2026-09-27,33.3,INGRESO|BALANZA_INGRESO|BALANZA_EGRESO|EGRESO,EVENTOS_INSUFICIENTES,false,false,circuito_probable_sin_egreso,2-S1>2-S2,2026-09-27_2026-10-04,final_circuits.csv