journey_uid,truck_plate,normalized_plate,committee_group,committee_reason,operational_variation_type,analysis_scope,show_in_committee,show_as_exact_circuit,candidate_circuits,missing_key_cameras,strong_point_source,final_status,final_status_label,matrix_final_status,executive_status,executive_reason,valid_detail,executive_bucket,executive_bucket_label,confidence_level,reliability_score,reliability_explanation,expected_points_count,matched_points_count,missing_points_count,has_operational_entry,entry_source,has_operational_exit,exit_source,has_ingreso_frontal,has_logical_egreso,preliminary_code,event_count_front,logical_sequence_front,matched_circuit_code,executive_circuit_code,executive_circuit_label,technical_matched_circuit_code,sequence_respected,coverage_percent,has_strong_point,enabled_for_classification,sequence_configured,anomaly_origin_plant,anomaly_leg,matched_sequence_name,matched_variation_name,operationalAlertCount,hasInvalidRoute,hasInvalidJourneyStart,operationalAlertCodes,firstOperationalAlertAt,operationalAlertSectors,possibleSystemCutReason,anomaly_kind,anomaly_kind_reason,data_quality_flag,device_sequence_front,executive_anomaly_reason,final_status_legacy,has_strong_defining_point,ingreso_frontal_event_hits_on_journey,ingreso_frontal_reference,load_generated_at,load_group_type,load_period_end,load_period_start,matrix_confidence,matrix_missing_points,matrix_reason,rear_events_removed,rear_only_excluded,refinement_note,sector_sequence_front,source_day,source_file
merged_a86d563f-e49__c93c0967-4ca,AH049ID,AH049ID,ANOMALIAS,NO_DIFERENCIABLE_SIN_PUNTO_FUERTE,,UNKNOWN,true,false,SIN_PUNTO,,SAN_LORENZO,incompleto_revision,Incompleto en revisión,INCOMPLETO,NO_DIFERENCIABLE,NO_DIFERENCIABLE_SIN_PUNTO_FUERTE,,INCOMPLETO,Incompleto,baja,33.3,"Coinciden 2 de 6 puntos esperados. Faltan ingreso, preingreso, calada, egreso.",6,2,4,false,sin_ingreso,true,balanza_egreso,false,false,DESPACHO_SIN_PUNTO_INSTRUMENTADO,5,BALANZA_INGRESO>BALANZA_EGRESO>SL_EGRESO>SL_BALANZA_SALIDA>SL_EGRESO,SIN_PUNTO,SIN_PUNTO,Sin punto instrumentado (sólidos),DESPACHO_SIN_PUNTO_INSTRUMENTADO,false,0,true,false,false,UNKNOWN,UNKNOWN,,,0,false,false,,,,NONE,DATA_COVERAGE,SECUENCIA_INCOMPLETA,merged_fragment+missing_ingreso_frontal+suspicious_duplicate,RicB3Ingreso>RicB3Egreso>SLZSalidaC2Fte>SLZBalSC1Fte>SLZSalidaC1Fte,,incompleto_revision,true,0,RicIngCamFrente|RICARDONE_INGRESO_CAMIONES,2026-10-05T11:14:03.732Z,day,2026-10-04,2026-09-30,33.3,INGRESO|PREINGRESO|CALADA|EGRESO,SECUENCIA_NO_CONCLUYENTE,false,false,circuito_probable_sin_ingreso+punto_fuerte,2-S4>2-S4>1-S7>1-S5>1-S7,2026-09-30_2026-10-04,final_circuits.csv
merged_cd3215c8-c3d__2634ecce-26e,AG862BR,AG862BR,ANOMALIAS,NO_DIFERENCIABLE_SIN_PUNTO_FUERTE,,UNKNOWN,true,false,SIN_PUNTO,,SAN_LORENZO,incompleto_revision,Incompleto en revisión,INCOMPLETO,NO_DIFERENCIABLE,NO_DIFERENCIABLE_SIN_PUNTO_FUERTE,,INCOMPLETO,Incompleto,baja,33.3,"Coinciden 2 de 6 puntos esperados. Faltan ingreso, preingreso, calada, egreso.",6,2,4,false,sin_ingreso,true,balanza_egreso,false,false,DESPACHO_SIN_PUNTO_INSTRUMENTADO,4,BALANZA_INGRESO>BALANZA_EGRESO>SL_EGRESO,SIN_PUNTO,SIN_PUNTO,Sin punto instrumentado (sólidos),DESPACHO_SIN_PUNTO_INSTRUMENTADO,false,0,true,false,false,UNKNOWN,UNKNOWN,,,0,false,false,,,,NONE,DATA_COVERAGE,SECUENCIA_INCOMPLETA,merged_fragment+missing_ingreso_frontal+suspicious_duplicate,RicB3Ingreso>RicB3Egreso>SLZSalidaC2Fte>SLZSalidaC1Fte,,incompleto_revision,true,0,RicIngCamFrente|RICARDONE_INGRESO_CAMIONES,2026-10-05T11:14:03.732Z,day,2026-10-04,2026-09-30,33.3,INGRESO|PREINGRESO|CALADA|EGRESO,SECUENCIA_NO_CONCLUYENTE,false,false,circuito_probable_sin_ingreso+punto_fuerte,2-S4>2-S4>1-S7>1-S7,2026-09-30_2026-10-04,final_circuits.csv
merged_c8b86a87-72d__5c9b5f72-098,AH185MZ,AH185MZ,ANOMALIAS,NO_DIFERENCIABLE_SIN_PUNTO_FUERTE,,UNKNOWN,true,false,SIN_PUNTO,,SAN_LORENZO,incompleto_revision,Incompleto en revisión,INCOMPLETO,NO_DIFERENCIABLE,NO_DIFERENCIABLE_SIN_PUNTO_FUERTE,,INCOMPLETO,Incompleto,baja,33.3,"Coinciden 2 de 6 puntos esperados. Faltan ingreso, preingreso, calada, egreso.",6,2,4,false,sin_ingreso,true,balanza_egreso,false,false,DESPACHO_SIN_PUNTO_INSTRUMENTADO,4,BALANZA_INGRESO>BALANZA_EGRESO>SL_EGRESO,SIN_PUNTO,SIN_PUNTO,Sin punto instrumentado (sólidos),DESPACHO_SIN_PUNTO_INSTRUMENTADO,false,0,true,false,false,UNKNOWN,UNKNOWN,,,0,false,false,,,,NONE,DATA_COVERAGE,SECUENCIA_INCOMPLETA,merged_fragment+missing_ingreso_frontal+suspicious_duplicate,RicB3Ingreso>RicB3Egreso>SLZSalidaC2Fte>SLZSalidaC1Fte,,incompleto_revision,true,0,RicIngCamFrente|RICARDONE_INGRESO_CAMIONES,2026-10-05T11:14:03.732Z,day,2026-10-04,2026-09-30,33.3,INGRESO|PREINGRESO|CALADA|EGRESO,SECUENCIA_NO_CONCLUYENTE,false,false,circuito_probable_sin_ingreso+punto_fuerte,2-S4>2-S4>1-S7>1-S7,2026-09-30_2026-10-04,final_circuits.csv
merged_e770503a-727__610a62d4-fcf,OCK388,OCK388,ANOMALIAS,NO_DIFERENCIABLE_SIN_PUNTO_FUERTE,,UNKNOWN,true,false,SIN_PUNTO,,SAN_LORENZO,incompleto_revision,Incompleto en revisión,INCOMPLETO,NO_DIFERENCIABLE,NO_DIFERENCIABLE_SIN_PUNTO_FUERTE,,INCOMPLETO,Incompleto,baja,33.3,"Coinciden 2 de 6 puntos esperados. Faltan ingreso, preingreso, balanza ingreso, balanza egreso.",6,2,4,false,sin_ingreso,true,egreso,false,true,DESPACHO_SIN_PUNTO_INSTRUMENTADO,6,CALADA>EGRESO>SL_INGRESO>SL_BALANZA_INGRESO>SL_VOLCABLE>SL_EGRESO,SIN_PUNTO,SIN_PUNTO,Sin punto instrumentado (sólidos),DESPACHO_SIN_PUNTO_INSTRUMENTADO,false,0,true,false,false,UNKNOWN,UNKNOWN,,,0,false,false,,,,NONE,DATA_COVERAGE,SECUENCIA_INCOMPLETA,merged_fragment+missing_ingreso_frontal+suspicious_duplicate,RicCal04>RicEgrCamFrente>SLZIngCamFrente>SLZBalIngFte>SLZVolcableC5>SLZSalidaC1Fte,,incompleto_revision,true,0,RicIngCamFrente|RICARDONE_INGRESO_CAMIONES,2026-10-05T11:14:03.732Z,day,2026-10-04,2026-09-30,33.3,INGRESO|PREINGRESO|BALANZA_INGRESO|BALANZA_EGRESO,SECUENCIA_NO_CONCLUYENTE,false,false,circuito_probable_sin_ingreso+punto_fuerte,2-S2>2-S3>1-S0>1-S1>1-S4>1-S7,2026-09-30_2026-10-04,final_circuits.csv
merged_693af161-d8c__c7646f2a-434,DEN461,DEN461,ANOMALIAS,NO_DIFERENCIABLE_SIN_PUNTO_FUERTE,,UNKNOWN,true,false,SIN_PUNTO,,SAN_LORENZO,incompleto_revision,Incompleto en revisión,INCOMPLETO,NO_DIFERENCIABLE,NO_DIFERENCIABLE_SIN_PUNTO_FUERTE,,INCOMPLETO,Incompleto,baja,33.3,"Coinciden 2 de 6 puntos esperados. Faltan ingreso, preingreso, balanza ingreso, balanza egreso.",6,2,4,false,sin_ingreso,true,egreso,false,true,DESPACHO_SIN_PUNTO_INSTRUMENTADO,6,CALADA>EGRESO>SL_INGRESO>SL_BALANZA_INGRESO>SL_VOLCABLE>SL_EGRESO,SIN_PUNTO,SIN_PUNTO,Sin punto instrumentado (sólidos),DESPACHO_SIN_PUNTO_INSTRUMENTADO,false,0,true,false,false,UNKNOWN,UNKNOWN,,,0,false,false,,,,NONE,DATA_COVERAGE,SECUENCIA_INCOMPLETA,merged_fragment+missing_ingreso_frontal+suspicious_duplicate,RicCal03>RicEgrCamFrente>SLZIngCamFrente>SLZBalIngFte>SLZVolcableC5>SLZSalidaC1Fte,,incompleto_revision,true,0,RicIngCamFrente|RICARDONE_INGRESO_CAMIONES,2026-10-05T11:14:03.732Z,day,2026-10-04,2026-09-30,33.3,INGRESO|PREINGRESO|BALANZA_INGRESO|BALANZA_EGRESO,SECUENCIA_NO_CONCLUYENTE,false,false,circuito_probable_sin_ingreso+punto_fuerte,2-S2>2-S3>1-S0>1-S1>1-S4>1-S7,2026-09-30_2026-10-04,final_circuits.csv
merged_f9d536a9-f84__e091e0a0-d3c,CWW164,CWW164,ANOMALIAS,NO_DIFERENCIABLE_SIN_PUNTO_FUERTE,,UNKNOWN,true,false,SIN_PUNTO,,SAN_LORENZO,incompleto_revision,Incompleto en revisión,INCOMPLETO,NO_DIFERENCIABLE,NO_DIFERENCIABLE_SIN_PUNTO_FUERTE,,INCOMPLETO,Incompleto,baja,33.3,"Coinciden 2 de 6 puntos esperados. Faltan ingreso, preingreso, balanza ingreso, balanza egreso.",6,2,4,false,sin_ingreso,true,egreso,false,true,DESPACHO_SIN_PUNTO_INSTRUMENTADO,6,CALADA>EGRESO>SL_INGRESO>SL_BALANZA_INGRESO>SL_VOLCABLE>SL_EGRESO,SIN_PUNTO,SIN_PUNTO,Sin punto instrumentado (sólidos),DESPACHO_SIN_PUNTO_INSTRUMENTADO,false,0,true,false,false,UNKNOWN,UNKNOWN,,,0,false,false,,,,NONE,DATA_COVERAGE,SECUENCIA_INCOMPLETA,merged_fragment+missing_ingreso_frontal+suspicious_duplicate,RicCal04>RicEgrCamFrente>SLZIngCamFrente>SLZBalIngFte>SLZVolcableC5>SLZSalidaC1Fte,,incompleto_revision,true,0,RicIngCamFrente|RICARDONE_INGRESO_CAMIONES,2026-10-05T11:14:03.732Z,day,2026-10-04,2026-09-30,33.3,INGRESO|PREINGRESO|BALANZA_INGRESO|BALANZA_EGRESO,SECUENCIA_NO_CONCLUYENTE,false,false,circuito_probable_sin_ingreso+punto_fuerte,2-S2>2-S3>1-S0>1-S1>1-S4>1-S7,2026-09-30_2026-10-04,final_circuits.csv
merged_83e37888-430__ab650677-e42,HAU223,HAU223,ANOMALIAS,NO_DIFERENCIABLE_SIN_PUNTO_FUERTE,,UNKNOWN,true,false,SIN_PUNTO,,SAN_LORENZO,incompleto_revision,Incompleto en revisión,INCOMPLETO,NO_DIFERENCIABLE,NO_DIFERENCIABLE_SIN_PUNTO_FUERTE,,INCOMPLETO,Incompleto,baja,33.3,"Coinciden 2 de 6 puntos esperados. Faltan ingreso, preingreso, balanza ingreso, balanza egreso.",6,2,4,false,sin_ingreso,true,egreso,false,true,DESPACHO_SIN_PUNTO_INSTRUMENTADO,6,CALADA>EGRESO>SL_INGRESO>SL_BALANZA_INGRESO>SL_VOLCABLE>SL_EGRESO,SIN_PUNTO,SIN_PUNTO,Sin punto instrumentado (sólidos),DESPACHO_SIN_PUNTO_INSTRUMENTADO,false,0,true,false,false,UNKNOWN,UNKNOWN,,,0,false,false,,,,NONE,DATA_COVERAGE,SECUENCIA_INCOMPLETA,merged_fragment+missing_ingreso_frontal+suspicious_duplicate,RicCal04>RicEgrCamFrente>SLZIngCamFrente>SLZBalIngFte>SLZVolcableC5>SLZSalidaC1Fte,,incompleto_revision,true,0,RicIngCamFrente|RICARDONE_INGRESO_CAMIONES,2026-10-05T11:14:03.732Z,day,2026-10-04,2026-09-30,33.3,INGRESO|PREINGRESO|BALANZA_INGRESO|BALANZA_EGRESO,SECUENCIA_NO_CONCLUYENTE,false,false,circuito_probable_sin_ingreso+punto_fuerte,2-S2>2-S3>1-S0>1-S1>1-S4>1-S7,2026-09-30_2026-10-04,final_circuits.csv
merged_70cb24ad-87d__03146e53-6dc,AD872AP,AD872AP,ANOMALIAS,NO_DIFERENCIABLE_SIN_PUNTO_FUERTE,,UNKNOWN,true,false,SIN_PUNTO,,SAN_LORENZO,incompleto_revision,Incompleto en revisión,INCOMPLETO,NO_DIFERENCIABLE,NO_DIFERENCIABLE_SIN_PUNTO_FUERTE,,INCOMPLETO,Incompleto,baja,33.3,"Coinciden 2 de 6 puntos esperados. Faltan ingreso, preingreso, balanza ingreso, balanza egreso.",6,2,4,false,sin_ingreso,true,egreso,false,true,DESPACHO_SIN_PUNTO_INSTRUMENTADO,5,CALADA>EGRESO>SL_INGRESO>SL_BALANZA_INGRESO>SL_EGRESO,SIN_PUNTO,SIN_PUNTO,Sin punto instrumentado (sólidos),DESPACHO_SIN_PUNTO_INSTRUMENTADO,false,0,true,false,false,UNKNOWN,UNKNOWN,,,0,false,false,,,,NONE,DATA_COVERAGE,SECUENCIA_INCOMPLETA,merged_fragment+missing_ingreso_frontal+suspicious_duplicate,RicCal03>RicEgrCamFrente>SLZIngCamFrente>SLZBalIngFte>SLZSalidaC1Fte,,incompleto_revision,true,0,RicIngCamFrente|RICARDONE_INGRESO_CAMIONES,2026-10-05T11:14:03.732Z,day,2026-10-04,2026-09-30,33.3,INGRESO|PREINGRESO|BALANZA_INGRESO|BALANZA_EGRESO,SECUENCIA_NO_CONCLUYENTE,false,false,circuito_probable_sin_ingreso+punto_fuerte,2-S2>2-S3>1-S0>1-S1>1-S7,2026-09-30_2026-10-04,final_circuits.csv
merged_ef5eeb16-a64__21c06352-e54,FLF111,FLF111,ANOMALIAS,JOURNEY_INCOMPLETO,,RICARDONE,true,false,R8,,LIQUIDO,incompleto_revision,Incompleto en revisión,INCOMPLETO,INCOMPLETO,SECUENCIA_NO_CONCLUYENTE,,INCOMPLETO,Incompleto,media,50,"Coinciden 3 de 6 puntos esperados. Faltan ingreso, balanza ingreso, balanza egreso.",6,3,3,true,preingreso,true,egreso,false,true,CIRCUITO_LIQUIDO,7,PREINGRESO>LIQUIDO>EGRESO>SL_INGRESO>SL_BALANZA_INGRESO>UNKNOWN>SL_EGRESO,R8,R8,Recepción Mercadería Líquida,CIRCUITO_LIQUIDO,false,63,true,true,true,UNKNOWN,UNKNOWN,,,0,false,false,,,,NONE,DATA_COVERAGE,SECUENCIA_INCOMPLETA,merged_fragment+missing_ingreso_frontal+suspicious_duplicate,RicPreIngInFr>RicCalLiq>RicEgrCamFrente>SLZIngCamFrente>SLZBalIngFte>SLZBalLiq1a>SLZSalidaC1Fte,,incompleto_revision,true,0,RicIngCamFrente|RICARDONE_INGRESO_CAMIONES,2026-10-05T11:14:03.732Z,day,2026-10-04,2026-09-30,50,INGRESO|BALANZA_INGRESO|BALANZA_EGRESO,SECUENCIA_NO_CONCLUYENTE,false,false,incompleto_revision+punto_fuerte,2-S1>2-S2>2-S3>1-S0>1-S1>1-S6>1-S7,2026-09-30_2026-10-04,final_circuits.csv
merged_989d8858-8f8__6590ebe9-eb2,SFN197,SFN197,ANOMALIAS,NO_DIFERENCIABLE_SIN_PUNTO_FUERTE,,UNKNOWN,true,false,SIN_PUNTO,,,circuito_probable,Probable,DEDUCIDO,NO_DIFERENCIABLE,NO_DIFERENCIABLE_SIN_PUNTO_FUERTE,,DEDUCIDO,Deducido,baja,66.7,"Coinciden 4 de 6 puntos esperados. Faltan ingreso, balanza ingreso.",6,4,2,true,preingreso,true,egreso_y_balanza,false,true,DESPACHO_SIN_PUNTO_INSTRUMENTADO,5,PREINGRESO>CALADA>EGRESO>PLAYA>BALANZA_EGRESO,SIN_PUNTO,SIN_PUNTO,Sin punto instrumentado (sólidos),DESPACHO_SIN_PUNTO_INSTRUMENTADO,false,0,false,false,false,UNKNOWN,UNKNOWN,,,0,false,false,,,,NONE,NONE,,merged_fragment+missing_ingreso_frontal+suspicious_duplicate,RicPreIngInFr>RicCal04>RicEgrCamFrente>RicS6Playa3>RicB2Egreso,,incompleto_revision,false,0,RicIngCamFrente|RICARDONE_INGRESO_CAMIONES,2026-10-05T11:14:03.732Z,day,2026-10-04,2026-09-30,66.7,INGRESO|BALANZA_INGRESO,SECUENCIA_PARCIAL_CON_HUECOS,false,false,circuito_probable,2-S1>2-S2>2-S3>2-S6>2-S4,2026-09-30_2026-10-04,final_circuits.csv
merged_a868086a-9c6__9d3b5727-323,BBU070,BBU070,ANOMALIAS,NO_DIFERENCIABLE_SIN_PUNTO_FUERTE,,UNKNOWN,true,false,SIN_PUNTO,,,circuito_probable,Probable,DEDUCIDO,NO_DIFERENCIABLE,NO_DIFERENCIABLE_SIN_PUNTO_FUERTE,,DEDUCIDO,Deducido,baja,66.7,"Coinciden 4 de 6 puntos esperados. Faltan ingreso, balanza ingreso.",6,4,2,true,preingreso,true,egreso_y_balanza,false,true,DESPACHO_SIN_PUNTO_INSTRUMENTADO,5,PREINGRESO>CALADA>EGRESO>PLAYA>BALANZA_EGRESO,SIN_PUNTO,SIN_PUNTO,Sin punto instrumentado (sólidos),DESPACHO_SIN_PUNTO_INSTRUMENTADO,false,0,false,false,false,UNKNOWN,UNKNOWN,,,0,false,false,,,,NONE,NONE,,merged_fragment+missing_ingreso_frontal+suspicious_duplicate,RicPreIngInFr>RicCal03>RicEgrCamFrente>RicS6Playa3>RicB2Egreso,,incompleto_revision,false,0,RicIngCamFrente|RICARDONE_INGRESO_CAMIONES,2026-10-05T11:14:03.732Z,day,2026-10-04,2026-09-30,66.7,INGRESO|BALANZA_INGRESO,SECUENCIA_PARCIAL_CON_HUECOS,false,false,circuito_probable,2-S1>2-S2>2-S3>2-S6>2-S4,2026-09-30_2026-10-04,final_circuits.csv
merged_ba599a47-16c__834f153d-8a7,FDR949,FDR949,ANOMALIAS,NO_DIFERENCIABLE_SIN_PUNTO_FUERTE,,UNKNOWN,true,false,SIN_PUNTO,,SAN_LORENZO,incompleto_revision,Incompleto en revisión,INCOMPLETO,NO_DIFERENCIABLE,NO_DIFERENCIABLE_SIN_PUNTO_FUERTE,,INCOMPLETO,Incompleto,baja,33.3,"Coinciden 2 de 6 puntos esperados. Faltan ingreso, preingreso, balanza ingreso, balanza egreso.",6,2,4,false,sin_ingreso,true,egreso,false,true,DESPACHO_SIN_PUNTO_INSTRUMENTADO,4,CALADA>EGRESO>SL_INGRESO>SL_EGRESO,SIN_PUNTO,SIN_PUNTO,Sin punto instrumentado (sólidos),DESPACHO_SIN_PUNTO_INSTRUMENTADO,false,0,true,false,false,UNKNOWN,UNKNOWN,,,0,false,false,,,,NONE,DATA_COVERAGE,SECUENCIA_INCOMPLETA,merged_fragment+missing_ingreso_frontal+suspicious_duplicate,RicCal03>RicEgrCamFrente>SLZIngCamFrente>SLZSalidaC1Fte,,incompleto_revision,true,0,RicIngCamFrente|RICARDONE_INGRESO_CAMIONES,2026-10-05T11:14:03.732Z,day,2026-10-04,2026-09-30,33.3,INGRESO|PREINGRESO|BALANZA_INGRESO|BALANZA_EGRESO,SECUENCIA_NO_CONCLUYENTE,false,false,circuito_probable_sin_ingreso+punto_fuerte,2-S2>2-S3>1-S0>1-S7,2026-09-30_2026-10-04,final_circuits.csv
merged_10bf3ebc-e14__8985a653-605,AA583XJ,AA583XJ,ANOMALIAS,NO_DIFERENCIABLE_SIN_PUNTO_FUERTE,,UNKNOWN,true,false,SIN_PUNTO,,SAN_LORENZO,incompleto_revision,Incompleto en revisión,INCOMPLETO,NO_DIFERENCIABLE,NO_DIFERENCIABLE_SIN_PUNTO_FUERTE,,INCOMPLETO,Incompleto,baja,33.3,"Coinciden 2 de 6 puntos esperados. Faltan ingreso, preingreso, balanza ingreso, balanza egreso.",6,2,4,false,sin_ingreso,true,egreso,false,true,DESPACHO_SIN_PUNTO_INSTRUMENTADO,6,CALADA>EGRESO>SL_INGRESO>SL_BALANZA_INGRESO>SL_VOLCABLE>SL_EGRESO,SIN_PUNTO,SIN_PUNTO,Sin punto instrumentado (sólidos),DESPACHO_SIN_PUNTO_INSTRUMENTADO,false,0,true,false,false,UNKNOWN,UNKNOWN,,,0,false,false,,,,NONE,DATA_COVERAGE,SECUENCIA_INCOMPLETA,merged_fragment+missing_ingreso_frontal+suspicious_duplicate,RicCal04>RicEgrCamFrente>SLZIngCamFrente>SLZBalIngFte>SLZVolcableC5>SLZSalidaC1Fte,,incompleto_revision,true,0,RicIngCamFrente|RICARDONE_INGRESO_CAMIONES,2026-10-05T11:14:03.732Z,day,2026-10-04,2026-09-30,33.3,INGRESO|PREINGRESO|BALANZA_INGRESO|BALANZA_EGRESO,SECUENCIA_NO_CONCLUYENTE,false,false,circuito_probable_sin_ingreso+punto_fuerte,2-S2>2-S3>1-S0>1-S1>1-S4>1-S7,2026-09-30_2026-10-04,final_circuits.csv
merged_7c71edbe-c25__519cdf77-ffb,FOZ297,FOZ297,ANOMALIAS,JOURNEY_INCOMPLETO,,RICARDONE,true,false,R8,,LIQUIDO,incompleto_revision,Incompleto en revisión,INCOMPLETO,INCOMPLETO,SECUENCIA_NO_CONCLUYENTE,,INCOMPLETO,Incompleto,media,50,"Coinciden 3 de 6 puntos esperados. Faltan ingreso, balanza ingreso, balanza egreso.",6,3,3,true,preingreso,true,egreso,false,true,CIRCUITO_LIQUIDO,7,PREINGRESO>LIQUIDO>EGRESO>SL_INGRESO>SL_BALANZA_INGRESO>UNKNOWN>SL_EGRESO,R8,R8,Recepción Mercadería Líquida,CIRCUITO_LIQUIDO,false,63,true,true,true,UNKNOWN,UNKNOWN,,,0,false,false,,,,NONE,DATA_COVERAGE,SECUENCIA_INCOMPLETA,merged_fragment+missing_ingreso_frontal+suspicious_duplicate,RicPreIngInFr>RicCalLiq>RicEgrCamFrente>SLZIngCamFrente>SLZBalIngFte>SLZBalLiq2a>SLZSalidaC1Fte,,incompleto_revision,true,0,RicIngCamFrente|RICARDONE_INGRESO_CAMIONES,2026-10-05T11:14:03.732Z,day,2026-10-04,2026-09-30,50,INGRESO|BALANZA_INGRESO|BALANZA_EGRESO,SECUENCIA_NO_CONCLUYENTE,false,false,incompleto_revision+punto_fuerte,2-S1>2-S2>2-S3>1-S0>1-S1>1-S6>1-S7,2026-09-30_2026-10-04,final_circuits.csv
merged_c8941d50-8f2__4a242648-84b,CNG506,CNG506,ANOMALIAS,JOURNEY_INCOMPLETO,,RICARDONE,true,false,R8,,LIQUIDO,incompleto_revision,Incompleto en revisión,INCOMPLETO,INCOMPLETO,SECUENCIA_NO_CONCLUYENTE,,INCOMPLETO,Incompleto,media,50,"Coinciden 3 de 6 puntos esperados. Faltan ingreso, balanza ingreso, balanza egreso.",6,3,3,true,preingreso,true,egreso,false,true,CIRCUITO_LIQUIDO,7,PREINGRESO>LIQUIDO>EGRESO>SL_INGRESO>SL_BALANZA_INGRESO>UNKNOWN>SL_EGRESO,R8,R8,Recepción Mercadería Líquida,CIRCUITO_LIQUIDO,false,63,true,true,true,UNKNOWN,UNKNOWN,,,0,false,false,,,,NONE,DATA_COVERAGE,SECUENCIA_INCOMPLETA,merged_fragment+missing_ingreso_frontal+suspicious_duplicate,RicPreIngInFr>RicCalLiq>RicEgrCamFrente>SLZIngCamFrente>SLZBalIngFte>SLZBalLiq2a>SLZSalidaC1Fte,,incompleto_revision,true,0,RicIngCamFrente|RICARDONE_INGRESO_CAMIONES,2026-10-05T11:14:03.732Z,day,2026-10-04,2026-09-30,50,INGRESO|BALANZA_INGRESO|BALANZA_EGRESO,SECUENCIA_NO_CONCLUYENTE,false,false,incompleto_revision+punto_fuerte,2-S1>2-S2>2-S3>1-S0>1-S1>1-S6>1-S7,2026-09-30_2026-10-04,final_circuits.csv
merged_c5739b34-b50__e96d1b03-41b,FKW297,FKW297,ANOMALIAS,NO_DIFERENCIABLE_SIN_PUNTO_FUERTE,,UNKNOWN,true,false,SIN_PUNTO,,SAN_LORENZO,incompleto_revision,Incompleto en revisión,INCOMPLETO,NO_DIFERENCIABLE,NO_DIFERENCIABLE_SIN_PUNTO_FUERTE,,INCOMPLETO,Incompleto,baja,33.3,"Coinciden 2 de 6 puntos esperados. Faltan ingreso, preingreso, balanza ingreso, balanza egreso.",6,2,4,false,sin_ingreso,true,egreso,false,true,DESPACHO_SIN_PUNTO_INSTRUMENTADO,5,CALADA>EGRESO>SL_INGRESO>SL_BALANZA_INGRESO>SL_EGRESO,SIN_PUNTO,SIN_PUNTO,Sin punto instrumentado (sólidos),DESPACHO_SIN_PUNTO_INSTRUMENTADO,false,0,true,false,false,UNKNOWN,UNKNOWN,,,0,false,false,,,,NONE,DATA_COVERAGE,SECUENCIA_INCOMPLETA,merged_fragment+missing_ingreso_frontal+suspicious_duplicate,RicCal03>RicEgrCamFrente>SLZIngCamFrente>SLZBalIngFte>SLZSalidaC1Fte,,incompleto_revision,true,0,RicIngCamFrente|RICARDONE_INGRESO_CAMIONES,2026-10-05T11:14:03.732Z,day,2026-10-04,2026-09-30,33.3,INGRESO|PREINGRESO|BALANZA_INGRESO|BALANZA_EGRESO,SECUENCIA_NO_CONCLUYENTE,false,false,circuito_probable_sin_ingreso+punto_fuerte,2-S2>2-S3>1-S0>1-S1>1-S7,2026-09-30_2026-10-04,final_circuits.csv
merged_815d4bb5-2e7__4ecc1869-465,KAM352,KAM352,ANOMALIAS,NO_DIFERENCIABLE_SIN_PUNTO_FUERTE,,UNKNOWN,true,false,SIN_PUNTO,,SAN_LORENZO,incompleto_revision,Incompleto en revisión,INCOMPLETO,NO_DIFERENCIABLE,NO_DIFERENCIABLE_SIN_PUNTO_FUERTE,,INCOMPLETO,Incompleto,baja,33.3,"Coinciden 2 de 6 puntos esperados. Faltan ingreso, preingreso, balanza ingreso, balanza egreso.",6,2,4,false,sin_ingreso,true,egreso,false,true,DESPACHO_SIN_PUNTO_INSTRUMENTADO,5,CALADA>EGRESO>SL_INGRESO>SL_BALANZA_INGRESO>SL_EGRESO,SIN_PUNTO,SIN_PUNTO,Sin punto instrumentado (sólidos),DESPACHO_SIN_PUNTO_INSTRUMENTADO,false,0,true,false,false,UNKNOWN,UNKNOWN,,,0,false,false,,,,NONE,DATA_COVERAGE,SECUENCIA_INCOMPLETA,merged_fragment+missing_ingreso_frontal+suspicious_duplicate,RicCal03>RicEgrCamFrente>SLZIngCamFrente>SLZBalIngFte>SLZSalidaC1Fte,,incompleto_revision,true,0,RicIngCamFrente|RICARDONE_INGRESO_CAMIONES,2026-10-05T11:14:03.732Z,day,2026-10-04,2026-09-30,33.3,INGRESO|PREINGRESO|BALANZA_INGRESO|BALANZA_EGRESO,SECUENCIA_NO_CONCLUYENTE,false,false,circuito_probable_sin_ingreso+punto_fuerte,2-S2>2-S3>1-S0>1-S1>1-S7,2026-09-30_2026-10-04,final_circuits.csv
merged_d572cc59-783__9852017f-18f,AD001TD,AD001TD,ANOMALIAS,NO_DIFERENCIABLE_SIN_PUNTO_FUERTE,,UNKNOWN,true,false,SIN_PUNTO,,SAN_LORENZO,incompleto_revision,Incompleto en revisión,INCOMPLETO,NO_DIFERENCIABLE,NO_DIFERENCIABLE_SIN_PUNTO_FUERTE,,INCOMPLETO,Incompleto,baja,33.3,"Coinciden 2 de 6 puntos esperados. Faltan ingreso, preingreso, calada, egreso.",6,2,4,false,sin_ingreso,true,balanza_egreso,false,false,DESPACHO_SIN_PUNTO_INSTRUMENTADO,6,BALANZA_INGRESO>BALANZA_EGRESO>SL_BALANZA_SALIDA>SL_EGRESO>BALANZA_INGRESO>BALANZA_EGRESO,SIN_PUNTO,SIN_PUNTO,Sin punto instrumentado (sólidos),DESPACHO_SIN_PUNTO_INSTRUMENTADO,false,0,true,false,false,UNKNOWN,UNKNOWN,,,0,false,false,,,,NONE,BEHAVIORAL,SL_RIC_2H_SIN_CIRCUITO_NO_PELLET,merged_fragment+missing_ingreso_frontal+suspicious_duplicate,RicB3Ingreso>RicB3Egreso>SLZBalSC1Fte>SLZSalidaC1Fte>RicB3Ingreso>RicB3Egreso,,incompleto_revision,true,0,RicIngCamFrente|RICARDONE_INGRESO_CAMIONES,2026-10-05T11:14:03.732Z,day,2026-10-04,2026-09-30,33.3,INGRESO|PREINGRESO|CALADA|EGRESO,SECUENCIA_NO_CONCLUYENTE,false,false,circuito_probable_sin_ingreso+punto_fuerte,2-S4>2-S4>1-S5>1-S7>2-S4>2-S4,2026-09-30_2026-10-04,final_circuits.csv
merged_a3e190ed-e1f__5b612bf5-434,WNL428,WNL428,ANOMALIAS,JOURNEY_INCOMPLETO,,RICARDONE,true,false,R8,,LIQUIDO,incompleto_revision,Incompleto en revisión,INCOMPLETO,INCOMPLETO,SECUENCIA_NO_CONCLUYENTE,,INCOMPLETO,Incompleto,media,50,"Coinciden 3 de 6 puntos esperados. Faltan ingreso, balanza ingreso, balanza egreso.",6,3,3,true,preingreso,true,egreso,false,true,CIRCUITO_LIQUIDO,7,PREINGRESO>LIQUIDO>EGRESO>SL_INGRESO>SL_BALANZA_INGRESO>UNKNOWN>SL_EGRESO,R8,R8,Recepción Mercadería Líquida,CIRCUITO_LIQUIDO,false,63,true,true,true,UNKNOWN,UNKNOWN,,,0,false,false,,,,NONE,DATA_COVERAGE,SECUENCIA_INCOMPLETA,merged_fragment+missing_ingreso_frontal+suspicious_duplicate,RicPreIngInFr>RicCalLiq>RicEgrCamFrente>SLZIngCamFrente>SLZBalIngFte>SLZBalLiq2a>SLZSalidaC1Fte,,incompleto_revision,true,0,RicIngCamFrente|RICARDONE_INGRESO_CAMIONES,2026-10-05T11:14:03.732Z,day,2026-10-04,2026-09-30,50,INGRESO|BALANZA_INGRESO|BALANZA_EGRESO,SECUENCIA_NO_CONCLUYENTE,false,false,incompleto_revision+punto_fuerte,2-S1>2-S2>2-S3>1-S0>1-S1>1-S6>1-S7,2026-09-30_2026-10-04,final_circuits.csv
84924fbf-eabd-4ed3-b1f2-d5ceec2505be,HPX728,HPX728,ANOMALIAS,NO_DIFERENCIABLE_SIN_PUNTO_FUERTE,,UNKNOWN,true,false,SIN_PUNTO,,SAN_LORENZO,incompleto_revision,Incompleto en revisión,INCOMPLETO,NO_DIFERENCIABLE,NO_DIFERENCIABLE_SIN_PUNTO_FUERTE,,INCOMPLETO,Incompleto,baja,33.3,"Coinciden 2 de 6 puntos esperados. Faltan ingreso, balanza ingreso, balanza egreso, egreso.",6,2,4,true,preingreso,false,sin_egreso,false,false,DESPACHO_SIN_PUNTO_INSTRUMENTADO,5,PREINGRESO>CALADA>SL_BALANZA_INGRESO>SL_VOLCABLE>SL_EGRESO,SIN_PUNTO,SIN_PUNTO,Sin punto instrumentado (sólidos),DESPACHO_SIN_PUNTO_INSTRUMENTADO,false,0,true,false,false,UNKNOWN,UNKNOWN,,,0,false,false,,,,NONE,DATA_COVERAGE,SECUENCIA_INCOMPLETA,missing_ingreso_frontal,RicPreIngInFr>RicCal03>SLZBalIngFte>SLZVolcableC5>SLZSalidaC1Fte,,incompleto_revision,true,0,RicIngCamFrente|RICARDONE_INGRESO_CAMIONES,2026-10-05T11:14:03.732Z,day,2026-10-04,2026-09-30,33.3,INGRESO|BALANZA_INGRESO|BALANZA_EGRESO|EGRESO,SECUENCIA_NO_CONCLUYENTE,false,false,circuito_probable_sin_egreso+punto_fuerte,2-S1>2-S2>1-S1>1-S4>1-S7,2026-09-30_2026-10-04,final_circuits.csv
c43e9b1f-9575-4541-a895-e3f8881aabca,BIL295,BIL295,ANOMALIAS,JOURNEY_INCOMPLETO,,RICARDONE,true,false,R6,,RICARDONE,incompleto_revision,Incompleto en revisión,INCOMPLETO,INCOMPLETO,EVENTOS_INSUFICIENTES,,INCOMPLETO,Incompleto,baja,28.6,"Coinciden 2 de 7 puntos esperados. Faltan ingreso, preingreso, calada, balanza ingreso, egreso.",7,2,5,false,sin_ingreso,true,egreso_y_balanza,false,true,CIRCUITO_VOLCABLE_1_2,2,VOLCABLE>BALANZA_EGRESO,R6,R6,Recepción Volcable 2,CIRCUITO_VOLCABLE_1_2,false,67,true,true,true,UNKNOWN,UNKNOWN,,,0,false,false,,,,NONE,DATA_COVERAGE,EVENTOS_INSUFICIENTES,missing_ingreso_frontal,RicVolcable2>RicB2Egreso,,incompleto_revision,true,0,RicIngCamFrente|RICARDONE_INGRESO_CAMIONES,2026-10-05T11:14:03.732Z,day,2026-10-04,2026-09-30,28.6,INGRESO|PREINGRESO|CALADA|BALANZA_INGRESO|EGRESO,EVENTOS_INSUFICIENTES,false,false,circuito_probable_sin_ingreso+punto_fuerte,2-S9>2-S4,2026-09-30_2026-10-04,final_circuits.csv
b7fbfb5a-155c-46df-8d7b-1a666da21db2__cycle_1,LFT141,LFT141,ANOMALIAS,JOURNEY_INCOMPLETO,,RICARDONE,true,false,R6,,RICARDONE,incompleto_revision,Incompleto en revisión,INCOMPLETO,INCOMPLETO,SECUENCIA_NO_CONCLUYENTE,,INCOMPLETO,Incompleto,baja,14.3,"Coinciden 1 de 7 puntos esperados. Faltan ingreso, preingreso, calada, balanza ingreso, balanza egreso, egreso.",7,1,6,false,sin_ingreso,false,sin_egreso,false,false,CIRCUITO_VOLCABLE_1_2,40,DESCARGA_S7>CARGA_S7>VOLCABLE>CARGA_S7>VOLCABLE>CARGA_S7>VOLCABLE>PLAYA>CARGA_S7>VOLCABLE>CARGA_S7>VOLCABLE>CARGA_S7>PLAYA>CARGA_S7>VOLCABLE>CARGA_S7>VOLCABLE>CARGA_S7>VOLCABLE>CARGA_S7>VOLCABLE>CARGA_S7>PLAYA,R6,R6,Recepción Volcable 2,CIRCUITO_VOLCABLE_1_2,false,67,true,true,true,UNKNOWN,UNKNOWN,,,0,false,false,,,,NONE,BEHAVIORAL,CARGA_LUEGO_DESCARGA,missing_ingreso_frontal,RicS7DescLinea2>RicS7Carga>RicVolcable2>RicS7Carga>RicVolcable2>RicS7Carga>RicVolcable2>RicS6Playa3>RicS7Carga>RicVolcable2>RicS7Carga>RicS7Carga>RicVolcable2>RicS7Carga>RicS7Carga>RicS7Carga>RicS7Carga>RicS7Carga>RicS7Carga>RicS7Carga>RicS7Carga>RicS7Carga>RicS7Carga>RicS7Carga>RicS6Playa3>RicS7Carga>RicVolcable2>RicS7Carga>RicVolcable2>RicS7Carga>RicVolcable2>RicS7Carga>RicVolcable2>RicS7Carga>RicS7Carga>RicS7Carga>RicS7Carga>RicS7Carga>RicS7Carga>RicS6Playa3,,incompleto_revision,true,0,RicIngCamFrente|RICARDONE_INGRESO_CAMIONES,2026-10-05T11:14:03.732Z,day,2026-10-04,2026-09-30,14.3,INGRESO|PREINGRESO|CALADA|BALANZA_INGRESO|BALANZA_EGRESO|EGRESO,SECUENCIA_NO_CONCLUYENTE,false,false,circuito_probable_sin_ingreso+punto_fuerte,2-S7>2-S7>2-S9>2-S7>2-S9>2-S7>2-S9>2-S6>2-S7>2-S9>2-S7>2-S7>2-S9>2-S7>2-S7>2-S7>2-S7>2-S7>2-S7>2-S7>2-S7>2-S7>2-S7>2-S7>2-S6>2-S7>2-S9>2-S7>2-S9>2-S7>2-S9>2-S7>2-S9>2-S7>2-S7>2-S7>2-S7>2-S7>2-S7>2-S6,2026-09-30_2026-10-04,final_circuits.csv
a213a11f-8ce5-4029-b85f-3562be5bffcb,RYL693,RYL693,ANOMALIAS,JOURNEY_INCOMPLETO,,RICARDONE,true,false,R6,,RICARDONE,incompleto_revision,Incompleto en revisión,INCOMPLETO,INCOMPLETO,EVENTOS_INSUFICIENTES,,INCOMPLETO,Incompleto,baja,28.6,"Coinciden 2 de 7 puntos esperados. Faltan ingreso, preingreso, calada, balanza ingreso, egreso.",7,2,5,false,sin_ingreso,true,egreso_y_balanza,false,true,CIRCUITO_VOLCABLE_1_2,2,VOLCABLE>BALANZA_EGRESO,R6,R6,Recepción Volcable 2,CIRCUITO_VOLCABLE_1_2,false,67,true,true,true,UNKNOWN,UNKNOWN,,,0,false,false,,,,NONE,DATA_COVERAGE,EVENTOS_INSUFICIENTES,missing_ingreso_frontal,RicVolcable2>RicB2Egreso,,incompleto_revision,true,0,RicIngCamFrente|RICARDONE_INGRESO_CAMIONES,2026-10-05T11:14:03.732Z,day,2026-10-04,2026-09-30,28.6,INGRESO|PREINGRESO|CALADA|BALANZA_INGRESO|EGRESO,EVENTOS_INSUFICIENTES,false,false,circuito_probable_sin_ingreso+punto_fuerte,2-S9>2-S4,2026-09-30_2026-10-04,final_circuits.csv
26ac0950-3127-4803-bc6c-61f00e3483ae,OQD722,OQD722,ANOMALIAS,NO_DIFERENCIABLE_SIN_PUNTO_FUERTE,,UNKNOWN,true,false,SIN_PUNTO,,SAN_LORENZO,incompleto_revision,Incompleto en revisión,INCOMPLETO,NO_DIFERENCIABLE,NO_DIFERENCIABLE_SIN_PUNTO_FUERTE,,INCOMPLETO,Incompleto,baja,33.3,"Coinciden 2 de 6 puntos esperados. Faltan ingreso, balanza ingreso, balanza egreso, egreso.",6,2,4,true,preingreso,false,sin_egreso,false,false,DESPACHO_SIN_PUNTO_INSTRUMENTADO,5,PREINGRESO>CALADA>SL_BALANZA_INGRESO>SL_VOLCABLE>SL_EGRESO,SIN_PUNTO,SIN_PUNTO,Sin punto instrumentado (sólidos),DESPACHO_SIN_PUNTO_INSTRUMENTADO,false,0,true,false,false,UNKNOWN,UNKNOWN,,,0,false,false,,,,NONE,DATA_COVERAGE,SECUENCIA_INCOMPLETA,missing_ingreso_frontal,RicPreIngInFr>RicCal04>SLZBalIngFte>SLZVolcableC5>SLZSalidaC1Fte,,incompleto_revision,true,0,RicIngCamFrente|RICARDONE_INGRESO_CAMIONES,2026-10-05T11:14:03.732Z,day,2026-10-04,2026-09-30,33.3,INGRESO|BALANZA_INGRESO|BALANZA_EGRESO|EGRESO,SECUENCIA_NO_CONCLUYENTE,false,false,circuito_probable_sin_egreso+punto_fuerte,2-S1>2-S2>1-S1>1-S4>1-S7,2026-09-30_2026-10-04,final_circuits.csv
428e60be-7182-4653-8540-ec8a11166535__cycle_1,UXG866,UXG866,ANOMALIAS,JOURNEY_INCOMPLETO,,RICARDONE,true,false,R4,,RICARDONE,incompleto_revision,Incompleto en revisión,INCOMPLETO,INCOMPLETO,SECUENCIA_NO_CONCLUYENTE,,INCOMPLETO,Incompleto,baja,50,"Coinciden 3 de 6 puntos esperados. Faltan ingreso, balanza ingreso, egreso.",6,3,3,true,preingreso,true,egreso_y_balanza,false,true,DESPACHO_SIN_PUNTO_INSTRUMENTADO,5,PREINGRESO>CALADA>PLAYA>DESCARGA_S7>BALANZA_EGRESO,R4,R4,Recepción Silos Kepler 2,DESPACHO_SIN_PUNTO_INSTRUMENTADO,false,67,true,true,true,UNKNOWN,UNKNOWN,,,0,false,false,,,,NONE,DATA_COVERAGE,SECUENCIA_INCOMPLETA,missing_ingreso_frontal+suspicious_duplicate,RicPreIngInFr>RicCal03>RicS6Playa3>RicS7DescLinea2>RicB2Egreso,,incompleto_revision,false,0,RicIngCamFrente|RICARDONE_INGRESO_CAMIONES,2026-10-05T11:14:03.732Z,day,2026-10-04,2026-09-30,50,INGRESO|BALANZA_INGRESO|EGRESO,SECUENCIA_NO_CONCLUYENTE,false,false,circuito_probable_sin_egreso,2-S1>2-S2>2-S6>2-S7>2-S4,2026-09-30_2026-10-04,final_circuits.csv
6be69dcd-8f36-43eb-87b6-8b1c9376de48,AC956KY,AC956KY,ANOMALIAS,NO_DIFERENCIABLE_SIN_PUNTO_FUERTE,,UNKNOWN,true,false,SIN_PUNTO,,,incompleto_revision,Incompleto en revisión,INCOMPLETO,NO_DIFERENCIABLE,NO_DIFERENCIABLE_SIN_PUNTO_FUERTE,,INCOMPLETO,Incompleto,baja,33.3,"Coinciden 2 de 6 puntos esperados. Faltan ingreso, preingreso, calada, egreso.",6,2,4,false,sin_ingreso,true,balanza_egreso,false,false,DESPACHO_SIN_PUNTO_INSTRUMENTADO,4,BALANZA_INGRESO>PLAYA>BALANZA_EGRESO,SIN_PUNTO,SIN_PUNTO,Sin punto instrumentado (sólidos),DESPACHO_SIN_PUNTO_INSTRUMENTADO,false,0,false,false,false,UNKNOWN,UNKNOWN,,,0,false,false,,,,NONE,DATA_COVERAGE,SECUENCIA_INCOMPLETA,missing_ingreso_frontal,RicB3Ingreso>RicS6Playa3>RicS6Playa3>RicB3Egreso,,incompleto_revision,false,0,RicIngCamFrente|RICARDONE_INGRESO_CAMIONES,2026-10-05T11:14:03.732Z,day,2026-10-04,2026-09-30,33.3,INGRESO|PREINGRESO|CALADA|EGRESO,SECUENCIA_NO_CONCLUYENTE,false,false,circuito_probable_sin_ingreso,2-S4>2-S6>2-S6>2-S4,2026-09-30_2026-10-04,final_circuits.csv
30e94d45-fd84-4df6-852a-af879eae5fad__cycle_1,DDN01,DDN01,ANOMALIAS,NO_DIFERENCIABLE_SIN_PUNTO_FUERTE,,UNKNOWN,true,false,SIN_PUNTO,,,incompleto_revision,Incompleto en revisión,INCOMPLETO,NO_DIFERENCIABLE,NO_DIFERENCIABLE_SIN_PUNTO_FUERTE,,INCOMPLETO,Incompleto,baja,33.3,"Coinciden 2 de 6 puntos esperados. Faltan ingreso, preingreso, calada, egreso.",6,2,4,false,sin_ingreso,true,egreso_y_balanza,false,true,DESPACHO_SIN_PUNTO_INSTRUMENTADO,4,BALANZA_EGRESO>BALANZA_INGRESO,SIN_PUNTO,SIN_PUNTO,Sin punto instrumentado (sólidos),DESPACHO_SIN_PUNTO_INSTRUMENTADO,false,0,false,false,false,UNKNOWN,UNKNOWN,,,0,false,false,,,,NONE,DATA_COVERAGE,SECUENCIA_INCOMPLETA,missing_ingreso_frontal,RicB2Egreso>RicB3Ingreso>RicB3Ingreso>RicB3Ingreso,,incompleto_revision,false,0,RicIngCamFrente|RICARDONE_INGRESO_CAMIONES,2026-10-05T11:14:03.732Z,day,2026-10-04,2026-09-30,33.3,INGRESO|PREINGRESO|CALADA|EGRESO,SECUENCIA_NO_CONCLUYENTE,false,false,circuito_probable_sin_ingreso,2-S4>2-S4>2-S4>2-S4,2026-09-30_2026-10-04,final_circuits.csv
eacaca98-2243-4376-a4c7-cee66af40a14,LZP121,LZP121,ANOMALIAS,JOURNEY_INCOMPLETO,,RICARDONE,true,false,R8,,LIQUIDO,incompleto_revision,Incompleto en revisión,INCOMPLETO,INCOMPLETO,SECUENCIA_NO_CONCLUYENTE,,INCOMPLETO,Incompleto,media,50,"Coinciden 3 de 6 puntos esperados. Faltan ingreso, balanza ingreso, balanza egreso.",6,3,3,true,preingreso,true,egreso,false,true,CIRCUITO_LIQUIDO,3,PREINGRESO>LIQUIDO>EGRESO,R8,R8,Recepción Mercadería Líquida,CIRCUITO_LIQUIDO,false,63,true,true,true,UNKNOWN,UNKNOWN,,,0,false,false,,,,NONE,DATA_COVERAGE,SECUENCIA_INCOMPLETA,missing_ingreso_frontal+suspicious_duplicate,RicPreIngInFr>RicCalLiq>RicEgrCamFrente,,incompleto_revision,true,0,RicIngCamFrente|RICARDONE_INGRESO_CAMIONES,2026-10-05T11:14:03.732Z,day,2026-10-04,2026-09-30,50,INGRESO|BALANZA_INGRESO|BALANZA_EGRESO,SECUENCIA_NO_CONCLUYENTE,false,false,incompleto_revision+punto_fuerte,2-S1>2-S2>2-S3,2026-09-30_2026-10-04,final_circuits.csv
77b7f9ff-a7f1-4aff-8b21-353fd71bac0a,AE260HD,AE260HD,ANOMALIAS,NO_DIFERENCIABLE_SIN_PUNTO_FUERTE,,UNKNOWN,true,false,SIN_PUNTO,,,incompleto_revision,Incompleto en revisión,INCOMPLETO,NO_DIFERENCIABLE,NO_DIFERENCIABLE_SIN_PUNTO_FUERTE,,INCOMPLETO,Incompleto,muy_baja,33.3,"Coinciden 2 de 6 puntos esperados. Faltan ingreso, preingreso, calada, balanza ingreso.",6,2,4,false,sin_ingreso,true,egreso_y_balanza,false,true,DESPACHO_SIN_PUNTO_INSTRUMENTADO,2,BALANZA_EGRESO>EGRESO,SIN_PUNTO,SIN_PUNTO,Sin punto instrumentado (sólidos),DESPACHO_SIN_PUNTO_INSTRUMENTADO,false,0,false,false,false,UNKNOWN,UNKNOWN,,,0,false,false,,,,NONE,DATA_COVERAGE,EVENTOS_INSUFICIENTES,missing_ingreso_frontal+suspicious_duplicate,RicB3Egreso>RicEgrCamFrente,,incompleto_revision,false,0,RicIngCamFrente|RICARDONE_INGRESO_CAMIONES,2026-10-05T11:14:03.732Z,day,2026-10-04,2026-09-30,33.3,INGRESO|PREINGRESO|CALADA|BALANZA_INGRESO,EVENTOS_INSUFICIENTES,false,false,circuito_probable_sin_ingreso,2-S4>2-S3,2026-09-30_2026-10-04,final_circuits.csv
c8b86a87-72d2-47c0-9963-feb5fc4996a6__cycle_1,AH185MZ,AH185MZ,ANOMALIAS,NO_DIFERENCIABLE_SIN_PUNTO_FUERTE,,UNKNOWN,true,false,SIN_PUNTO,,,incompleto_revision,Incompleto en revisión,INCOMPLETO,NO_DIFERENCIABLE,NO_DIFERENCIABLE_SIN_PUNTO_FUERTE,,INCOMPLETO,Incompleto,baja,33.3,"Coinciden 2 de 6 puntos esperados. Faltan ingreso, preingreso, calada, egreso.",6,2,4,false,sin_ingreso,true,balanza_egreso,false,false,DESPACHO_SIN_PUNTO_INSTRUMENTADO,2,BALANZA_INGRESO>BALANZA_EGRESO,SIN_PUNTO,SIN_PUNTO,Sin punto instrumentado (sólidos),DESPACHO_SIN_PUNTO_INSTRUMENTADO,false,0,false,false,false,UNKNOWN,UNKNOWN,,,0,false,false,,,,NONE,DATA_COVERAGE,EVENTOS_INSUFICIENTES,missing_ingreso_frontal,RicB3Ingreso>RicB3Egreso,,incompleto_revision,false,0,RicIngCamFrente|RICARDONE_INGRESO_CAMIONES,2026-10-05T11:14:03.732Z,day,2026-10-04,2026-09-30,33.3,INGRESO|PREINGRESO|CALADA|EGRESO,EVENTOS_INSUFICIENTES,false,false,circuito_probable_sin_ingreso,2-S4>2-S4,2026-09-30_2026-10-04,final_circuits.csv
dfdd234c-c635-41c9-8594-f2960666459d__cycle_1,AH461XD,AH461XD,ANOMALIAS,NO_DIFERENCIABLE_SIN_PUNTO_FUERTE,,UNKNOWN,true,false,SIN_PUNTO,,,incompleto_revision,Incompleto en revisión,INCOMPLETO,NO_DIFERENCIABLE,NO_DIFERENCIABLE_SIN_PUNTO_FUERTE,,INCOMPLETO,Incompleto,baja,33.3,"Coinciden 2 de 6 puntos esperados. Faltan ingreso, preingreso, calada, egreso.",6,2,4,false,sin_ingreso,true,egreso_y_balanza,false,true,DESPACHO_SIN_PUNTO_INSTRUMENTADO,4,BALANZA_INGRESO>BALANZA_EGRESO>BALANZA_INGRESO>BALANZA_EGRESO,SIN_PUNTO,SIN_PUNTO,Sin punto instrumentado (sólidos),DESPACHO_SIN_PUNTO_INSTRUMENTADO,false,0,false,false,false,UNKNOWN,UNKNOWN,,,0,false,false,,,,NONE,DATA_COVERAGE,SECUENCIA_INCOMPLETA,missing_ingreso_frontal,RicB3Ingreso>RicB3Egreso>RicB3Ingreso>RicB2Egreso,,incompleto_revision,false,0,RicIngCamFrente|RICARDONE_INGRESO_CAMIONES,2026-10-05T11:14:03.732Z,day,2026-10-04,2026-09-30,33.3,INGRESO|PREINGRESO|CALADA|EGRESO,SECUENCIA_NO_CONCLUYENTE,false,false,circuito_probable_sin_ingreso,2-S4>2-S4>2-S4>2-S4,2026-09-30_2026-10-04,final_circuits.csv
8c05f83d-5be4-4769-adc4-a3244ab54137__cycle_1,KGY149,KGY149,ANOMALIAS,NO_DIFERENCIABLE_SIN_PUNTO_FUERTE,,UNKNOWN,true,false,SIN_PUNTO,,,incompleto_revision,Incompleto en revisión,INCOMPLETO,NO_DIFERENCIABLE,NO_DIFERENCIABLE_SIN_PUNTO_FUERTE,,INCOMPLETO,Incompleto,baja,33.3,"Coinciden 2 de 6 puntos esperados. Faltan ingreso, preingreso, calada, egreso.",6,2,4,false,sin_ingreso,true,balanza_egreso,false,false,DESPACHO_SIN_PUNTO_INSTRUMENTADO,4,BALANZA_INGRESO>BALANZA_EGRESO>BALANZA_INGRESO,SIN_PUNTO,SIN_PUNTO,Sin punto instrumentado (sólidos),DESPACHO_SIN_PUNTO_INSTRUMENTADO,false,0,false,false,false,UNKNOWN,UNKNOWN,,,0,false,false,,,,NONE,DATA_COVERAGE,SECUENCIA_INCOMPLETA,missing_ingreso_frontal+suspicious_duplicate,RicB3Ingreso>RicB3Egreso>RicB3Egreso>RicB3Ingreso,,incompleto_revision,false,0,RicIngCamFrente|RICARDONE_INGRESO_CAMIONES,2026-10-05T11:14:03.732Z,day,2026-10-04,2026-09-30,33.3,INGRESO|PREINGRESO|CALADA|EGRESO,SECUENCIA_NO_CONCLUYENTE,false,false,circuito_probable_sin_ingreso,2-S4>2-S4>2-S4>2-S4,2026-09-30_2026-10-04,final_circuits.csv
7260bf6d-7d52-4152-8f57-c559f8164166__cycle_1,AG644XU,AG644XU,ANOMALIAS,NO_DIFERENCIABLE_SIN_PUNTO_FUERTE,,UNKNOWN,true,false,SIN_PUNTO,,,incompleto_revision,Incompleto en revisión,ANOMALO,NO_DIFERENCIABLE,NO_DIFERENCIABLE_SIN_PUNTO_FUERTE,,ANOMALO,Anómalo,baja,33.3,"Coinciden 2 de 6 puntos esperados. Faltan ingreso, preingreso, calada, egreso.",6,2,4,false,sin_ingreso,true,egreso_y_balanza,false,true,DESPACHO_SIN_PUNTO_INSTRUMENTADO,7,BALANZA_INGRESO>BALANZA_EGRESO>BALANZA_INGRESO>BALANZA_EGRESO>BALANZA_INGRESO>CARGA_S7>BALANZA_EGRESO,SIN_PUNTO,SIN_PUNTO,Sin punto instrumentado (sólidos),DESPACHO_SIN_PUNTO_INSTRUMENTADO,false,0,false,false,false,UNKNOWN,UNKNOWN,,,0,false,false,,,,NONE,NONE,,missing_ingreso_frontal,RicB3Ingreso>RicB3Egreso>RicB3Ingreso>RicB3Egreso>RicB3Ingreso>RicS7Carga>RicB2Egreso,NO_RESPETA_SECUENCIA,incompleto_revision,false,0,RicIngCamFrente|RICARDONE_INGRESO_CAMIONES,2026-10-05T11:14:03.732Z,day,2026-10-04,2026-09-30,33.3,INGRESO|PREINGRESO|CALADA|EGRESO,NO_RESPETA_SECUENCIA,false,false,circuito_probable_sin_ingreso,2-S4>2-S4>2-S4>2-S4>2-S4>2-S7>2-S4,2026-09-30_2026-10-04,final_circuits.csv
c1a9bc29-bc58-44bc-9c93-2ea5f3cbb8b5,AF301JV,AF301JV,ANOMALIAS,NO_DIFERENCIABLE_SIN_PUNTO_FUERTE,,UNKNOWN,true,false,SIN_PUNTO,,SAN_LORENZO,incompleto_revision,Incompleto en revisión,INCOMPLETO,NO_DIFERENCIABLE,NO_DIFERENCIABLE_SIN_PUNTO_FUERTE,,INCOMPLETO,Incompleto,baja,33.3,"Coinciden 2 de 6 puntos esperados. Faltan ingreso, preingreso, calada, egreso.",6,2,4,false,sin_ingreso,true,balanza_egreso,false,false,DESPACHO_SIN_PUNTO_INSTRUMENTADO,3,BALANZA_INGRESO>BALANZA_EGRESO>SL_EGRESO,SIN_PUNTO,SIN_PUNTO,Sin punto instrumentado (sólidos),DESPACHO_SIN_PUNTO_INSTRUMENTADO,false,0,true,false,false,UNKNOWN,UNKNOWN,,,0,false,false,,,,NONE,DATA_COVERAGE,SECUENCIA_INCOMPLETA,missing_ingreso_frontal+suspicious_duplicate,RicB3Ingreso>RicB3Egreso>SLZSalidaC2Fte,,incompleto_revision,true,0,RicIngCamFrente|RICARDONE_INGRESO_CAMIONES,2026-10-05T11:14:03.732Z,day,2026-10-04,2026-09-30,33.3,INGRESO|PREINGRESO|CALADA|EGRESO,SECUENCIA_NO_CONCLUYENTE,false,false,circuito_probable_sin_ingreso+punto_fuerte,2-S4>2-S4>1-S7,2026-09-30_2026-10-04,final_circuits.csv
7bc993e9-1e51-4619-b61e-6fc1d8e978f2,AI217QP,AI217QP,ANOMALIAS,NO_DIFERENCIABLE_SIN_PUNTO_FUERTE,,UNKNOWN,true,false,SIN_PUNTO,,SAN_LORENZO,incompleto_revision,Incompleto en revisión,INCOMPLETO,NO_DIFERENCIABLE,NO_DIFERENCIABLE_SIN_PUNTO_FUERTE,,INCOMPLETO,Incompleto,baja,33.3,"Coinciden 2 de 6 puntos esperados. Faltan ingreso, preingreso, calada, egreso.",6,2,4,false,sin_ingreso,true,balanza_egreso,false,false,DESPACHO_SIN_PUNTO_INSTRUMENTADO,3,BALANZA_INGRESO>BALANZA_EGRESO>SL_EGRESO,SIN_PUNTO,SIN_PUNTO,Sin punto instrumentado (sólidos),DESPACHO_SIN_PUNTO_INSTRUMENTADO,false,0,true,false,false,UNKNOWN,UNKNOWN,,,0,false,false,,,,NONE,DATA_COVERAGE,SECUENCIA_INCOMPLETA,missing_ingreso_frontal+suspicious_duplicate,RicB3Ingreso>RicB3Egreso>SLZSalidaC2Fte,,incompleto_revision,true,0,RicIngCamFrente|RICARDONE_INGRESO_CAMIONES,2026-10-05T11:14:03.732Z,day,2026-10-04,2026-09-30,33.3,INGRESO|PREINGRESO|CALADA|EGRESO,SECUENCIA_NO_CONCLUYENTE,false,false,circuito_probable_sin_ingreso+punto_fuerte,2-S4>2-S4>1-S7,2026-09-30_2026-10-04,final_circuits.csv
2fa15866-279d-43b2-9951-00a1230fd97a__cycle_1,AE228GK,AE228GK,ANOMALIAS,NO_DIFERENCIABLE_SIN_PUNTO_FUERTE,,UNKNOWN,true,false,SIN_PUNTO,,,incompleto_revision,Incompleto en revisión,INCOMPLETO,NO_DIFERENCIABLE,NO_DIFERENCIABLE_SIN_PUNTO_FUERTE,,INCOMPLETO,Incompleto,baja,33.3,"Coinciden 2 de 6 puntos esperados. Faltan ingreso, preingreso, calada, egreso.",6,2,4,false,sin_ingreso,true,balanza_egreso,false,false,DESPACHO_SIN_PUNTO_INSTRUMENTADO,2,BALANZA_INGRESO>BALANZA_EGRESO,SIN_PUNTO,SIN_PUNTO,Sin punto instrumentado (sólidos),DESPACHO_SIN_PUNTO_INSTRUMENTADO,false,0,false,false,false,UNKNOWN,UNKNOWN,,,0,false,false,,,,NONE,DATA_COVERAGE,EVENTOS_INSUFICIENTES,missing_ingreso_frontal,RicB3Ingreso>RicB3Egreso,,incompleto_revision,false,0,RicIngCamFrente|RICARDONE_INGRESO_CAMIONES,2026-10-05T11:14:03.732Z,day,2026-10-04,2026-09-30,33.3,INGRESO|PREINGRESO|CALADA|EGRESO,EVENTOS_INSUFICIENTES,false,false,circuito_probable_sin_ingreso,2-S4>2-S4,2026-09-30_2026-10-04,final_circuits.csv
175e843e-75af-4a18-aea3-c19d7176f4af,JEW583,JEW583,ANOMALIAS,NO_DIFERENCIABLE_SIN_PUNTO_FUERTE,,UNKNOWN,true,false,SIN_PUNTO,,,incompleto_revision,Incompleto en revisión,INCOMPLETO,NO_DIFERENCIABLE,NO_DIFERENCIABLE_SIN_PUNTO_FUERTE,,INCOMPLETO,Incompleto,baja,33.3,"Coinciden 2 de 6 puntos esperados. Faltan ingreso, preingreso, calada, egreso.",6,2,4,false,sin_ingreso,true,balanza_egreso,false,false,DESPACHO_SIN_PUNTO_INSTRUMENTADO,2,BALANZA_INGRESO>BALANZA_EGRESO,SIN_PUNTO,SIN_PUNTO,Sin punto instrumentado (sólidos),DESPACHO_SIN_PUNTO_INSTRUMENTADO,false,0,false,false,false,UNKNOWN,UNKNOWN,,,0,false,false,,,,NONE,DATA_COVERAGE,EVENTOS_INSUFICIENTES,missing_ingreso_frontal,RicB3Ingreso>RicB3Egreso,,incompleto_revision,false,0,RicIngCamFrente|RICARDONE_INGRESO_CAMIONES,2026-10-05T11:14:03.732Z,day,2026-10-04,2026-09-30,33.3,INGRESO|PREINGRESO|CALADA|EGRESO,EVENTOS_INSUFICIENTES,false,false,circuito_probable_sin_ingreso,2-S4>2-S4,2026-09-30_2026-10-04,final_circuits.csv
88c67684-5840-421d-9b26-cd1d5fe856a9,EFC338,EFC338,ANOMALIAS,JOURNEY_INCOMPLETO,,RICARDONE,true,false,R8,,LIQUIDO,incompleto_revision,Incompleto en revisión,INCOMPLETO,INCOMPLETO,SECUENCIA_NO_CONCLUYENTE,,INCOMPLETO,Incompleto,media,50,"Coinciden 3 de 6 puntos esperados. Faltan ingreso, balanza ingreso, balanza egreso.",6,3,3,true,preingreso,true,egreso,false,true,CIRCUITO_LIQUIDO,3,PREINGRESO>LIQUIDO>EGRESO,R8,R8,Recepción Mercadería Líquida,CIRCUITO_LIQUIDO,false,63,true,true,true,UNKNOWN,UNKNOWN,,,0,false,false,,,,NONE,DATA_COVERAGE,SECUENCIA_INCOMPLETA,missing_ingreso_frontal,RicPreIngInFr>RicCalLiq>RicEgrCamFrente,,incompleto_revision,true,0,RicIngCamFrente|RICARDONE_INGRESO_CAMIONES,2026-10-05T11:14:03.732Z,day,2026-10-04,2026-09-30,50,INGRESO|BALANZA_INGRESO|BALANZA_EGRESO,SECUENCIA_NO_CONCLUYENTE,false,false,incompleto_revision+punto_fuerte,2-S1>2-S2>2-S3,2026-09-30_2026-10-04,final_circuits.csv
f763311a-4c5d-4e47-b15b-87f8f93fc7f8,JPH442,JPH442,ANOMALIAS,NO_DIFERENCIABLE_SIN_PUNTO_FUERTE,,UNKNOWN,true,false,SIN_PUNTO,,,incompleto_revision,Incompleto en revisión,INCOMPLETO,NO_DIFERENCIABLE,NO_DIFERENCIABLE_SIN_PUNTO_FUERTE,,INCOMPLETO,Incompleto,baja,33.3,"Coinciden 2 de 6 puntos esperados. Faltan ingreso, preingreso, calada, egreso.",6,2,4,false,sin_ingreso,true,balanza_egreso,false,false,DESPACHO_SIN_PUNTO_INSTRUMENTADO,2,BALANZA_INGRESO>BALANZA_EGRESO,SIN_PUNTO,SIN_PUNTO,Sin punto instrumentado (sólidos),DESPACHO_SIN_PUNTO_INSTRUMENTADO,false,0,false,false,false,UNKNOWN,UNKNOWN,,,0,false,false,,,,NONE,DATA_COVERAGE,EVENTOS_INSUFICIENTES,missing_ingreso_frontal,RicB3Ingreso>RicB3Egreso,,incompleto_revision,false,0,RicIngCamFrente|RICARDONE_INGRESO_CAMIONES,2026-10-05T11:14:03.732Z,day,2026-10-04,2026-09-30,33.3,INGRESO|PREINGRESO|CALADA|EGRESO,EVENTOS_INSUFICIENTES,false,false,circuito_probable_sin_ingreso,2-S4>2-S4,2026-09-30_2026-10-04,final_circuits.csv
6f288747-2dc4-4c59-b5f4-f384de639cf3,AB899MI,AB899MI,ANOMALIAS,NO_DIFERENCIABLE_SIN_PUNTO_FUERTE,,UNKNOWN,true,false,SIN_PUNTO,,,incompleto_revision,Incompleto en revisión,INCOMPLETO,NO_DIFERENCIABLE,NO_DIFERENCIABLE_SIN_PUNTO_FUERTE,,INCOMPLETO,Incompleto,baja,33.3,"Coinciden 2 de 6 puntos esperados. Faltan ingreso, preingreso, calada, egreso.",6,2,4,false,sin_ingreso,true,balanza_egreso,false,false,DESPACHO_SIN_PUNTO_INSTRUMENTADO,2,BALANZA_INGRESO>BALANZA_EGRESO,SIN_PUNTO,SIN_PUNTO,Sin punto instrumentado (sólidos),DESPACHO_SIN_PUNTO_INSTRUMENTADO,false,0,false,false,false,UNKNOWN,UNKNOWN,,,0,false,false,,,,NONE,DATA_COVERAGE,EVENTOS_INSUFICIENTES,missing_ingreso_frontal,RicB3Ingreso>RicB3Egreso,,incompleto_revision,false,0,RicIngCamFrente|RICARDONE_INGRESO_CAMIONES,2026-10-05T11:14:03.732Z,day,2026-10-04,2026-09-30,33.3,INGRESO|PREINGRESO|CALADA|EGRESO,EVENTOS_INSUFICIENTES,false,false,circuito_probable_sin_ingreso,2-S4>2-S4,2026-09-30_2026-10-04,final_circuits.csv
7f3acc68-3d70-4648-82b6-a9ae077a9f19__cycle_1,EAA743,EAA743,ANOMALIAS,JOURNEY_INCOMPLETO,,RICARDONE,true,false,R4,,RICARDONE,incompleto_revision,Incompleto en revisión,INCOMPLETO,INCOMPLETO,SECUENCIA_NO_CONCLUYENTE,,INCOMPLETO,Incompleto,baja,50,"Coinciden 3 de 6 puntos esperados. Faltan ingreso, balanza ingreso, egreso.",6,3,3,true,preingreso,true,egreso_y_balanza,false,true,DESPACHO_SIN_PUNTO_INSTRUMENTADO,5,PREINGRESO>CALADA>PLAYA>DESCARGA_S7>BALANZA_EGRESO,R4,R4,Recepción Silos Kepler 2,DESPACHO_SIN_PUNTO_INSTRUMENTADO,false,67,true,true,true,UNKNOWN,UNKNOWN,,,0,false,false,,,,NONE,DATA_COVERAGE,SECUENCIA_INCOMPLETA,missing_ingreso_frontal,RicPreIngInFr>RicCal03>RicS6Playa3>RicS7DescLinea2>RicB2Egreso,,incompleto_revision,false,0,RicIngCamFrente|RICARDONE_INGRESO_CAMIONES,2026-10-05T11:14:03.732Z,day,2026-10-04,2026-09-30,50,INGRESO|BALANZA_INGRESO|EGRESO,SECUENCIA_NO_CONCLUYENTE,false,false,circuito_probable_sin_egreso,2-S1>2-S2>2-S6>2-S7>2-S4,2026-09-30_2026-10-04,final_circuits.csv
4fe01111-9e9a-42d3-9900-1265eefb2ce1,AF785ZF,AF785ZF,ANOMALIAS,NO_DIFERENCIABLE_SIN_PUNTO_FUERTE,,UNKNOWN,true,false,SIN_PUNTO,,SAN_LORENZO,incompleto_revision,Incompleto en revisión,INCOMPLETO,NO_DIFERENCIABLE,NO_DIFERENCIABLE_SIN_PUNTO_FUERTE,,INCOMPLETO,Incompleto,baja,33.3,"Coinciden 2 de 6 puntos esperados. Faltan ingreso, preingreso, calada, egreso.",6,2,4,false,sin_ingreso,true,balanza_egreso,false,false,DESPACHO_SIN_PUNTO_INSTRUMENTADO,3,BALANZA_INGRESO>BALANZA_EGRESO>SL_EGRESO,SIN_PUNTO,SIN_PUNTO,Sin punto instrumentado (sólidos),DESPACHO_SIN_PUNTO_INSTRUMENTADO,false,0,true,false,false,UNKNOWN,UNKNOWN,,,0,false,false,,,,NONE,DATA_COVERAGE,SECUENCIA_INCOMPLETA,missing_ingreso_frontal+suspicious_duplicate,RicB3Ingreso>RicB3Egreso>SLZSalidaC2Fte,,incompleto_revision,true,0,RicIngCamFrente|RICARDONE_INGRESO_CAMIONES,2026-10-05T11:14:03.732Z,day,2026-10-04,2026-09-30,33.3,INGRESO|PREINGRESO|CALADA|EGRESO,SECUENCIA_NO_CONCLUYENTE,false,false,circuito_probable_sin_ingreso+punto_fuerte,2-S4>2-S4>1-S7,2026-09-30_2026-10-04,final_circuits.csv
428e60be-7182-4653-8540-ec8a11166535__cycle_2,UXG866,UXG866,ANOMALIAS,JOURNEY_INCOMPLETO,,RICARDONE,true,false,R4,,RICARDONE,incompleto_revision,Incompleto en revisión,INCOMPLETO,INCOMPLETO,SECUENCIA_NO_CONCLUYENTE,,INCOMPLETO,Incompleto,baja,50,"Coinciden 3 de 6 puntos esperados. Faltan ingreso, balanza ingreso, egreso.",6,3,3,true,preingreso,true,egreso_y_balanza,false,true,DESPACHO_SIN_PUNTO_INSTRUMENTADO,5,PREINGRESO>CALADA>PLAYA>DESCARGA_S7>BALANZA_EGRESO,R4,R4,Recepción Silos Kepler 2,DESPACHO_SIN_PUNTO_INSTRUMENTADO,false,67,true,true,true,UNKNOWN,UNKNOWN,,,0,false,false,,,,NONE,DATA_COVERAGE,SECUENCIA_INCOMPLETA,missing_ingreso_frontal+suspicious_duplicate,RicPreIngInFr>RicCal04>RicS6Playa3>RicS7DescLinea2>RicB2Egreso,,incompleto_revision,false,0,RicIngCamFrente|RICARDONE_INGRESO_CAMIONES,2026-10-05T11:14:03.732Z,day,2026-10-04,2026-09-30,50,INGRESO|BALANZA_INGRESO|EGRESO,SECUENCIA_NO_CONCLUYENTE,false,false,circuito_probable_sin_egreso,2-S1>2-S2>2-S6>2-S7>2-S4,2026-09-30_2026-10-04,final_circuits.csv
b16afac1-7ea9-491b-b102-81f4aa24dc8b__cycle_1,PDQ847,PDQ847,ANOMALIAS,NO_DIFERENCIABLE_SIN_PUNTO_FUERTE,,UNKNOWN,true,false,SIN_PUNTO,,,incompleto_revision,Incompleto en revisión,INCOMPLETO,NO_DIFERENCIABLE,NO_DIFERENCIABLE_SIN_PUNTO_FUERTE,,INCOMPLETO,Incompleto,baja,33.3,"Coinciden 2 de 6 puntos esperados. Faltan ingreso, preingreso, calada, egreso.",6,2,4,false,sin_ingreso,true,balanza_egreso,false,false,DESPACHO_SIN_PUNTO_INSTRUMENTADO,2,BALANZA_INGRESO>BALANZA_EGRESO,SIN_PUNTO,SIN_PUNTO,Sin punto instrumentado (sólidos),DESPACHO_SIN_PUNTO_INSTRUMENTADO,false,0,false,false,false,UNKNOWN,UNKNOWN,,,0,false,false,,,,NONE,DATA_COVERAGE,EVENTOS_INSUFICIENTES,missing_ingreso_frontal,RicB3Ingreso>RicB3Egreso,,incompleto_revision,false,0,RicIngCamFrente|RICARDONE_INGRESO_CAMIONES,2026-10-05T11:14:03.732Z,day,2026-10-04,2026-09-30,33.3,INGRESO|PREINGRESO|CALADA|EGRESO,EVENTOS_INSUFICIENTES,false,false,circuito_probable_sin_ingreso,2-S4>2-S4,2026-09-30_2026-10-04,final_circuits.csv
d1db1bf4-2a0d-49d6-825c-66a040259061,CSC234,CSC234,ANOMALIAS,FRAGMENTO_SIN_CIERRE_OPERATIVO,,UNKNOWN,true,false,SIN_PUNTO,,,incompleto_revision,Incompleto en revisión,INCOMPLETO,INCOMPLETO,FRAGMENTO_SIN_CIERRE_OPERATIVO,,INCOMPLETO,Incompleto,muy_baja,33.3,"Coinciden 2 de 6 puntos esperados. Faltan ingreso, balanza ingreso, balanza egreso, egreso.",6,2,4,true,preingreso,false,sin_egreso,false,false,DESPACHO_SIN_PUNTO_INSTRUMENTADO,2,PREINGRESO>CALADA,SIN_PUNTO,SIN_PUNTO,Sin punto instrumentado (sólidos),DESPACHO_SIN_PUNTO_INSTRUMENTADO,false,0,false,false,false,UNKNOWN,UNKNOWN,,,0,false,false,,,,NONE,DATA_COVERAGE,EVENTOS_INSUFICIENTES,missing_ingreso_frontal,RicPreIngInFr>RicCal04,,incompleto_revision,false,0,RicIngCamFrente|RICARDONE_INGRESO_CAMIONES,2026-10-05T11:14:03.732Z,day,2026-10-04,2026-09-30,33.3,INGRESO|BALANZA_INGRESO|BALANZA_EGRESO|EGRESO,EVENTOS_INSUFICIENTES,false,false,circuito_probable_sin_egreso,2-S1>2-S2,2026-09-30_2026-10-04,final_circuits.csv
95cf8504-07a7-4be5-8ffc-e8039b2dac24__cycle_1,EAW743,EAW743,ANOMALIAS,NO_DIFERENCIABLE_SIN_PUNTO_FUERTE,,UNKNOWN,true,false,SIN_PUNTO,,,incompleto_revision,Incompleto en revisión,INCOMPLETO,NO_DIFERENCIABLE,NO_DIFERENCIABLE_SIN_PUNTO_FUERTE,,INCOMPLETO,Incompleto,baja,50,"Coinciden 3 de 6 puntos esperados. Faltan ingreso, balanza ingreso, egreso.",6,3,3,true,preingreso,true,egreso_y_balanza,false,true,DESPACHO_SIN_PUNTO_INSTRUMENTADO,4,PREINGRESO>CALADA>PLAYA>BALANZA_EGRESO,SIN_PUNTO,SIN_PUNTO,Sin punto instrumentado (sólidos),DESPACHO_SIN_PUNTO_INSTRUMENTADO,false,0,false,false,false,UNKNOWN,UNKNOWN,,,0,false,false,,,,NONE,DATA_COVERAGE,SECUENCIA_INCOMPLETA,missing_ingreso_frontal,RicPreIngInFr>RicCal04>RicS6Playa3>RicB2Egreso,,incompleto_revision,false,0,RicIngCamFrente|RICARDONE_INGRESO_CAMIONES,2026-10-05T11:14:03.732Z,day,2026-10-04,2026-09-30,50,INGRESO|BALANZA_INGRESO|EGRESO,SECUENCIA_NO_CONCLUYENTE,false,false,circuito_probable_sin_egreso,2-S1>2-S2>2-S6>2-S4,2026-09-30_2026-10-04,final_circuits.csv
ce33ca20-df33-435a-b21e-231f9a68587e,BWV144,BWV144,ANOMALIAS,JOURNEY_INCOMPLETO,,RICARDONE,true,false,R8,,LIQUIDO,incompleto_revision,Incompleto en revisión,INCOMPLETO,INCOMPLETO,SECUENCIA_NO_CONCLUYENTE,,INCOMPLETO,Incompleto,media,66.7,"Coinciden 4 de 6 puntos esperados. Faltan ingreso, balanza ingreso.",6,4,2,true,preingreso,true,egreso_y_balanza,false,true,CIRCUITO_LIQUIDO,7,PREINGRESO>LIQUIDO>PLAYA>BALANZA_EGRESO>SL_INGRESO>SL_BALANZA_INGRESO>SL_EGRESO,R8,R8,Recepción Mercadería Líquida,CIRCUITO_LIQUIDO,false,63,true,true,true,UNKNOWN,UNKNOWN,,,0,false,false,,,,NONE,BEHAVIORAL,RIC_SL_MAS30M_SIN_CALADA_SL,missing_ingreso_frontal+suspicious_duplicate,RicPreIngInFr>RicCalLiq>RicS6Playa3>RicB2Egreso>SLZIngCamFrente>SLZBalIngFte>SLZSalidaC1Fte,,incompleto_revision,true,0,RicIngCamFrente|RICARDONE_INGRESO_CAMIONES,2026-10-05T11:14:03.732Z,day,2026-10-04,2026-09-30,50,INGRESO|BALANZA_INGRESO|EGRESO,SECUENCIA_NO_CONCLUYENTE,false,false,circuito_probable_sin_egreso+punto_fuerte,2-S1>2-S2>2-S6>2-S4>1-S0>1-S1>1-S7,2026-09-30_2026-10-04,final_circuits.csv
0257a2b9-6c0f-4b38-84a9-c7bdb4118dcb,RTA146,RTA146,ANOMALIAS,NO_DIFERENCIABLE_SIN_PUNTO_FUERTE,,UNKNOWN,true,false,SIN_PUNTO,,,incompleto_revision,Incompleto en revisión,INCOMPLETO,NO_DIFERENCIABLE,NO_DIFERENCIABLE_SIN_PUNTO_FUERTE,,INCOMPLETO,Incompleto,muy_baja,33.3,"Coinciden 2 de 6 puntos esperados. Faltan ingreso, calada, balanza ingreso, egreso.",6,2,4,true,preingreso,true,egreso_y_balanza,false,true,DESPACHO_SIN_PUNTO_INSTRUMENTADO,3,PREINGRESO>PLAYA>BALANZA_EGRESO,SIN_PUNTO,SIN_PUNTO,Sin punto instrumentado (sólidos),DESPACHO_SIN_PUNTO_INSTRUMENTADO,false,0,false,false,false,UNKNOWN,UNKNOWN,,,0,false,false,,,,NONE,DATA_COVERAGE,SECUENCIA_INCOMPLETA,missing_ingreso_frontal,RicPreIngInFr>RicS6Playa3>RicB2Egreso,,incompleto_revision,false,0,RicIngCamFrente|RICARDONE_INGRESO_CAMIONES,2026-10-05T11:14:03.732Z,day,2026-10-04,2026-09-30,33.3,INGRESO|CALADA|BALANZA_INGRESO|EGRESO,SECUENCIA_NO_CONCLUYENTE,false,false,circuito_probable_sin_egreso,2-S1>2-S6>2-S4,2026-09-30_2026-10-04,final_circuits.csv
46ff4c9f-745e-46a3-b670-fcee9a20e27a,BOH961,BOH961,ANOMALIAS,NO_DIFERENCIABLE_SIN_PUNTO_FUERTE,,UNKNOWN,true,false,SIN_PUNTO,,,incompleto_revision,Incompleto en revisión,INCOMPLETO,NO_DIFERENCIABLE,NO_DIFERENCIABLE_SIN_PUNTO_FUERTE,,INCOMPLETO,Incompleto,muy_baja,33.3,"Coinciden 2 de 6 puntos esperados. Faltan ingreso, calada, balanza ingreso, egreso.",6,2,4,true,preingreso,true,egreso_y_balanza,false,true,DESPACHO_SIN_PUNTO_INSTRUMENTADO,2,PREINGRESO>BALANZA_EGRESO,SIN_PUNTO,SIN_PUNTO,Sin punto instrumentado (sólidos),DESPACHO_SIN_PUNTO_INSTRUMENTADO,false,0,false,false,false,UNKNOWN,UNKNOWN,,,0,false,false,,,,NONE,DATA_COVERAGE,EVENTOS_INSUFICIENTES,missing_ingreso_frontal,RicPreIngInFr>RicB2Egreso,,incompleto_revision,false,0,RicIngCamFrente|RICARDONE_INGRESO_CAMIONES,2026-10-05T11:14:03.732Z,day,2026-10-04,2026-09-30,33.3,INGRESO|CALADA|BALANZA_INGRESO|EGRESO,EVENTOS_INSUFICIENTES,false,false,circuito_probable_sin_egreso,2-S1>2-S4,2026-09-30_2026-10-04,final_circuits.csv
7d2613f3-1d60-469d-8fb4-adc3eff1f695__cycle_1,AE260HD,AE260HD,ANOMALIAS,NO_DIFERENCIABLE_SIN_PUNTO_FUERTE,,UNKNOWN,true,false,SIN_PUNTO,,,incompleto_revision,Incompleto en revisión,INCOMPLETO,NO_DIFERENCIABLE,NO_DIFERENCIABLE_SIN_PUNTO_FUERTE,,INCOMPLETO,Incompleto,baja,33.3,"Coinciden 2 de 6 puntos esperados. Faltan ingreso, preingreso, calada, egreso.",6,2,4,false,sin_ingreso,true,balanza_egreso,false,false,DESPACHO_SIN_PUNTO_INSTRUMENTADO,2,BALANZA_INGRESO>BALANZA_EGRESO,SIN_PUNTO,SIN_PUNTO,Sin punto instrumentado (sólidos),DESPACHO_SIN_PUNTO_INSTRUMENTADO,false,0,false,false,false,UNKNOWN,UNKNOWN,,,0,false,false,,,,NONE,DATA_COVERAGE,EVENTOS_INSUFICIENTES,missing_ingreso_frontal+suspicious_duplicate,RicB3Ingreso>RicB3Egreso,,incompleto_revision,false,0,RicIngCamFrente|RICARDONE_INGRESO_CAMIONES,2026-10-05T11:14:03.732Z,day,2026-10-04,2026-09-30,33.3,INGRESO|PREINGRESO|CALADA|EGRESO,EVENTOS_INSUFICIENTES,false,false,circuito_probable_sin_ingreso,2-S4>2-S4,2026-09-30_2026-10-04,final_circuits.csv
18761171-7c3e-48f6-93fd-22c27a87707d,CSZ358,CSZ358,ANOMALIAS,NO_DIFERENCIABLE_SIN_PUNTO_FUERTE,,UNKNOWN,true,false,SIN_PUNTO,,SAN_LORENZO,incompleto_revision,Incompleto en revisión,INCOMPLETO,NO_DIFERENCIABLE,NO_DIFERENCIABLE_SIN_PUNTO_FUERTE,,INCOMPLETO,Incompleto,baja,33.3,"Coinciden 2 de 6 puntos esperados. Faltan ingreso, balanza ingreso, balanza egreso, egreso.",6,2,4,true,preingreso,false,sin_egreso,false,false,DESPACHO_SIN_PUNTO_INSTRUMENTADO,6,PREINGRESO>CALADA>SL_BALANZA_INGRESO>SL_VOLCABLE>SL_EGRESO,SIN_PUNTO,SIN_PUNTO,Sin punto instrumentado (sólidos),DESPACHO_SIN_PUNTO_INSTRUMENTADO,false,0,true,false,false,UNKNOWN,UNKNOWN,,,0,false,false,,,,NONE,DATA_COVERAGE,SECUENCIA_INCOMPLETA,missing_ingreso_frontal,RicPreIngInFr>RicCal03>SLZBalIngFte>SLZVolcableC1>SLZVolcableC2>SLZSalidaC1Fte,,incompleto_revision,true,0,RicIngCamFrente|RICARDONE_INGRESO_CAMIONES,2026-10-05T11:14:03.732Z,day,2026-10-04,2026-09-30,33.3,INGRESO|BALANZA_INGRESO|BALANZA_EGRESO|EGRESO,SECUENCIA_NO_CONCLUYENTE,false,false,circuito_probable_sin_egreso+punto_fuerte,2-S1>2-S2>1-S1>1-S4>1-S4>1-S7,2026-09-30_2026-10-04,final_circuits.csv
223ce306-ea2d-40a0-9583-fa8a3a1923f7,GHX203,GHX203,ANOMALIAS,FRAGMENTO_SIN_CIERRE_OPERATIVO,,UNKNOWN,true,false,SIN_PUNTO,,,incompleto_revision,Incompleto en revisión,INCOMPLETO,INCOMPLETO,FRAGMENTO_SIN_CIERRE_OPERATIVO,,INCOMPLETO,Incompleto,muy_baja,33.3,"Coinciden 2 de 6 puntos esperados. Faltan ingreso, balanza ingreso, balanza egreso, egreso.",6,2,4,true,preingreso,false,sin_egreso,false,false,DESPACHO_SIN_PUNTO_INSTRUMENTADO,2,PREINGRESO>CALADA,SIN_PUNTO,SIN_PUNTO,Sin punto instrumentado (sólidos),DESPACHO_SIN_PUNTO_INSTRUMENTADO,false,0,false,false,false,UNKNOWN,UNKNOWN,,,0,false,false,,,,NONE,DATA_COVERAGE,EVENTOS_INSUFICIENTES,missing_ingreso_frontal,RicPreIngInFr>RicCal04,,incompleto_revision,false,0,RicIngCamFrente|RICARDONE_INGRESO_CAMIONES,2026-10-05T11:14:03.732Z,day,2026-10-04,2026-09-30,33.3,INGRESO|BALANZA_INGRESO|BALANZA_EGRESO|EGRESO,EVENTOS_INSUFICIENTES,false,false,circuito_probable_sin_egreso,2-S1>2-S2,2026-09-30_2026-10-04,final_circuits.csv
707cbeb2-4404-44b1-a87c-ff83d13690bb,CQF701,CQF701,ANOMALIAS,NO_DIFERENCIABLE_SIN_PUNTO_FUERTE,,UNKNOWN,true,false,SIN_PUNTO,,,incompleto_revision,Incompleto en revisión,INCOMPLETO,NO_DIFERENCIABLE,NO_DIFERENCIABLE_SIN_PUNTO_FUERTE,,INCOMPLETO,Incompleto,muy_baja,33.3,"Coinciden 2 de 6 puntos esperados. Faltan ingreso, preingreso, balanza ingreso, egreso.",6,2,4,false,sin_ingreso,true,egreso_y_balanza,false,true,DESPACHO_SIN_PUNTO_INSTRUMENTADO,3,CALADA>PLAYA>BALANZA_EGRESO,SIN_PUNTO,SIN_PUNTO,Sin punto instrumentado (sólidos),DESPACHO_SIN_PUNTO_INSTRUMENTADO,false,0,false,false,false,UNKNOWN,UNKNOWN,,,0,false,false,,,,NONE,DATA_COVERAGE,SECUENCIA_INCOMPLETA,missing_ingreso_frontal,RicCal03>RicS6Playa3>RicB2Egreso,,incompleto_revision,false,0,RicIngCamFrente|RICARDONE_INGRESO_CAMIONES,2026-10-05T11:14:03.732Z,day,2026-10-04,2026-09-30,33.3,INGRESO|PREINGRESO|BALANZA_INGRESO|EGRESO,SECUENCIA_NO_CONCLUYENTE,false,false,circuito_probable_sin_ingreso,2-S2>2-S6>2-S4,2026-09-30_2026-10-04,final_circuits.csv
1026a21d-baf4-42a3-880b-f02531cae10f,AYK824,AYK824,ANOMALIAS,JOURNEY_INCOMPLETO,,RICARDONE,true,false,R6,,RICARDONE,incompleto_revision,Incompleto en revisión,INCOMPLETO,INCOMPLETO,SECUENCIA_NO_CONCLUYENTE,,INCOMPLETO,Incompleto,baja,14.3,"Coinciden 1 de 7 puntos esperados. Faltan ingreso, preingreso, calada, balanza ingreso, balanza egreso, egreso.",7,1,6,false,sin_ingreso,false,sin_egreso,false,false,CIRCUITO_VOLCABLE_1_2,4,VOLCABLE>CARGA_S7,R6,R6,Recepción Volcable 2,CIRCUITO_VOLCABLE_1_2,false,67,true,true,true,UNKNOWN,UNKNOWN,,,0,false,false,,,,NONE,DATA_COVERAGE,SECUENCIA_INCOMPLETA,missing_ingreso_frontal,RicVolcable2>RicVolcable2>RicVolcable2>RicS7Carga,,incompleto_revision,true,0,RicIngCamFrente|RICARDONE_INGRESO_CAMIONES,2026-10-05T11:14:03.732Z,day,2026-10-04,2026-09-30,14.3,INGRESO|PREINGRESO|CALADA|BALANZA_INGRESO|BALANZA_EGRESO|EGRESO,SECUENCIA_NO_CONCLUYENTE,false,false,circuito_probable_sin_ingreso+punto_fuerte,2-S9>2-S9>2-S9>2-S7,2026-09-30_2026-10-04,final_circuits.csv
42676836-9ec1-45a4-a3be-31b5227b760b,LIQ674,LIQ674,ANOMALIAS,NO_DIFERENCIABLE_SIN_PUNTO_FUERTE,,UNKNOWN,true,false,SIN_PUNTO,,SAN_LORENZO,incompleto_revision,Incompleto en revisión,INCOMPLETO,NO_DIFERENCIABLE,NO_DIFERENCIABLE_SIN_PUNTO_FUERTE,,INCOMPLETO,Incompleto,baja,33.3,"Coinciden 2 de 6 puntos esperados. Faltan ingreso, balanza ingreso, balanza egreso, egreso.",6,2,4,true,preingreso,false,sin_egreso,false,false,DESPACHO_SIN_PUNTO_INSTRUMENTADO,3,PREINGRESO>CALADA>SL_BALANZA_INGRESO,SIN_PUNTO,SIN_PUNTO,Sin punto instrumentado (sólidos),DESPACHO_SIN_PUNTO_INSTRUMENTADO,false,0,true,false,false,UNKNOWN,UNKNOWN,,,0,false,false,,,,NONE,DATA_COVERAGE,SECUENCIA_INCOMPLETA,missing_ingreso_frontal,RicPreIngInFr>RicCal04>SLZBalIngFte,,incompleto_revision,true,0,RicIngCamFrente|RICARDONE_INGRESO_CAMIONES,2026-10-05T11:14:03.732Z,day,2026-10-04,2026-09-30,33.3,INGRESO|BALANZA_INGRESO|BALANZA_EGRESO|EGRESO,SECUENCIA_NO_CONCLUYENTE,false,false,circuito_probable_sin_egreso+punto_fuerte,2-S1>2-S2>1-S1,2026-09-30_2026-10-04,final_circuits.csv
f5f25b9e-f0d1-420a-9615-5df1de351a0f,OHA811,OHA811,ANOMALIAS,NO_DIFERENCIABLE_SIN_PUNTO_FUERTE,,UNKNOWN,true,false,SIN_PUNTO,,SAN_LORENZO,incompleto_revision,Incompleto en revisión,INCOMPLETO,NO_DIFERENCIABLE,NO_DIFERENCIABLE_SIN_PUNTO_FUERTE,,INCOMPLETO,Incompleto,baja,33.3,"Coinciden 2 de 6 puntos esperados. Faltan ingreso, balanza ingreso, balanza egreso, egreso.",6,2,4,true,preingreso,false,sin_egreso,false,false,DESPACHO_SIN_PUNTO_INSTRUMENTADO,4,PREINGRESO>CALADA>SL_BALANZA_INGRESO>SL_EGRESO,SIN_PUNTO,SIN_PUNTO,Sin punto instrumentado (sólidos),DESPACHO_SIN_PUNTO_INSTRUMENTADO,false,0,true,false,false,UNKNOWN,UNKNOWN,,,0,false,false,,,,NONE,DATA_COVERAGE,SECUENCIA_INCOMPLETA,missing_ingreso_frontal,RicPreIngInFr>RicCal03>SLZBalIngFte>SLZSalidaC1Fte,,incompleto_revision,true,0,RicIngCamFrente|RICARDONE_INGRESO_CAMIONES,2026-10-05T11:14:03.732Z,day,2026-10-04,2026-09-30,33.3,INGRESO|BALANZA_INGRESO|BALANZA_EGRESO|EGRESO,SECUENCIA_NO_CONCLUYENTE,false,false,circuito_probable_sin_egreso+punto_fuerte,2-S1>2-S2>1-S1>1-S7,2026-09-30_2026-10-04,final_circuits.csv
a772aaef-a6ca-4355-ac79-1947b7a3731a,BER232,BER232,ANOMALIAS,NO_DIFERENCIABLE_SIN_PUNTO_FUERTE,,UNKNOWN,true,false,SIN_PUNTO,,SAN_LORENZO,incompleto_revision,Incompleto en revisión,INCOMPLETO,NO_DIFERENCIABLE,NO_DIFERENCIABLE_SIN_PUNTO_FUERTE,,INCOMPLETO,Incompleto,baja,33.3,"Coinciden 2 de 6 puntos esperados. Faltan ingreso, balanza ingreso, balanza egreso, egreso.",6,2,4,true,preingreso,false,sin_egreso,false,false,DESPACHO_SIN_PUNTO_INSTRUMENTADO,3,PREINGRESO>CALADA>SL_EGRESO,SIN_PUNTO,SIN_PUNTO,Sin punto instrumentado (sólidos),DESPACHO_SIN_PUNTO_INSTRUMENTADO,false,0,true,false,false,UNKNOWN,UNKNOWN,,,0,false,false,,,,NONE,DATA_COVERAGE,SECUENCIA_INCOMPLETA,missing_ingreso_frontal,RicPreIngInFr>RicCal03>SLZSalidaC1Fte,,incompleto_revision,true,0,RicIngCamFrente|RICARDONE_INGRESO_CAMIONES,2026-10-05T11:14:03.732Z,day,2026-10-04,2026-09-30,33.3,INGRESO|BALANZA_INGRESO|BALANZA_EGRESO|EGRESO,SECUENCIA_NO_CONCLUYENTE,false,false,circuito_probable_sin_egreso+punto_fuerte,2-S1>2-S2>1-S7,2026-09-30_2026-10-04,final_circuits.csv
2d814fde-dd12-42b0-8667-6b04a043fde8,AA52800,AA52800,ANOMALIAS,NO_DIFERENCIABLE_SIN_PUNTO_FUERTE,,UNKNOWN,true,false,SIN_PUNTO,,SAN_LORENZO,incompleto_revision,Incompleto en revisión,INCOMPLETO,NO_DIFERENCIABLE,NO_DIFERENCIABLE_SIN_PUNTO_FUERTE,,INCOMPLETO,Incompleto,baja,33.3,"Coinciden 2 de 6 puntos esperados. Faltan ingreso, balanza ingreso, balanza egreso, egreso.",6,2,4,true,preingreso,false,sin_egreso,false,false,DESPACHO_SIN_PUNTO_INSTRUMENTADO,3,PREINGRESO>CALADA>SL_EGRESO,SIN_PUNTO,SIN_PUNTO,Sin punto instrumentado (sólidos),DESPACHO_SIN_PUNTO_INSTRUMENTADO,false,0,true,false,false,UNKNOWN,UNKNOWN,,,0,false,false,,,,NONE,DATA_COVERAGE,SECUENCIA_INCOMPLETA,missing_ingreso_frontal,RicPreIngInFr>RicCal03>SLZSalidaC1Fte,,incompleto_revision,true,0,RicIngCamFrente|RICARDONE_INGRESO_CAMIONES,2026-10-05T11:14:03.732Z,day,2026-10-04,2026-09-30,33.3,INGRESO|BALANZA_INGRESO|BALANZA_EGRESO|EGRESO,SECUENCIA_NO_CONCLUYENTE,false,false,circuito_probable_sin_egreso+punto_fuerte,2-S1>2-S2>1-S7,2026-09-30_2026-10-04,final_circuits.csv
bc8b9991-e57e-4d1c-9ebd-21d1bd70a54e,CFX295,CFX295,ANOMALIAS,NO_DIFERENCIABLE_SIN_PUNTO_FUERTE,,UNKNOWN,true,false,SIN_PUNTO,,SAN_LORENZO,incompleto_revision,Incompleto en revisión,INCOMPLETO,NO_DIFERENCIABLE,NO_DIFERENCIABLE_SIN_PUNTO_FUERTE,,INCOMPLETO,Incompleto,baja,33.3,"Coinciden 2 de 6 puntos esperados. Faltan ingreso, balanza ingreso, balanza egreso, egreso.",6,2,4,true,preingreso,false,sin_egreso,false,false,DESPACHO_SIN_PUNTO_INSTRUMENTADO,4,PREINGRESO>CALADA>SL_BALANZA_INGRESO>SL_EGRESO,SIN_PUNTO,SIN_PUNTO,Sin punto instrumentado (sólidos),DESPACHO_SIN_PUNTO_INSTRUMENTADO,false,0,true,false,false,UNKNOWN,UNKNOWN,,,0,false,false,,,,NONE,DATA_COVERAGE,SECUENCIA_INCOMPLETA,missing_ingreso_frontal,RicPreIngInFr>RicCal03>SLZBalIngFte>SLZSalidaC1Fte,,incompleto_revision,true,0,RicIngCamFrente|RICARDONE_INGRESO_CAMIONES,2026-10-05T11:14:03.732Z,day,2026-10-04,2026-09-30,33.3,INGRESO|BALANZA_INGRESO|BALANZA_EGRESO|EGRESO,SECUENCIA_NO_CONCLUYENTE,false,false,circuito_probable_sin_egreso+punto_fuerte,2-S1>2-S2>1-S1>1-S7,2026-09-30_2026-10-04,final_circuits.csv
bd3a5956-e414-4d96-ad2e-8144ea6c8cca,RYJ562,RYJ562,ANOMALIAS,JOURNEY_INCOMPLETO,,RICARDONE,true,false,R8,,LIQUIDO,incompleto_revision,Incompleto en revisión,INCOMPLETO,INCOMPLETO,SECUENCIA_NO_CONCLUYENTE,,INCOMPLETO,Incompleto,media,66.7,"Coinciden 4 de 6 puntos esperados. Faltan ingreso, balanza ingreso.",6,4,2,true,preingreso,true,egreso_y_balanza,false,true,CIRCUITO_LIQUIDO,7,PREINGRESO>LIQUIDO>BALANZA_EGRESO>SL_INGRESO>SL_BALANZA_INGRESO>SL_EGRESO,R8,R8,Recepción Mercadería Líquida,CIRCUITO_LIQUIDO,false,63,true,true,true,UNKNOWN,UNKNOWN,,,0,false,false,,,,NONE,DATA_COVERAGE,SECUENCIA_INCOMPLETA,missing_ingreso_frontal,RicPreIngInFr>RicPreIngInFr>RicCalLiq>RicB2Egreso>SLZIngCamFrente>SLZBalIngFte>SLZSalidaC1Fte,,incompleto_revision,true,0,RicIngCamFrente|RICARDONE_INGRESO_CAMIONES,2026-10-05T11:14:03.732Z,day,2026-10-04,2026-09-30,50,INGRESO|BALANZA_INGRESO|EGRESO,SECUENCIA_NO_CONCLUYENTE,false,false,circuito_probable_sin_egreso+punto_fuerte,2-S1>2-S1>2-S2>2-S4>1-S0>1-S1>1-S7,2026-09-30_2026-10-04,final_circuits.csv
21ec23b7-fa3f-4a70-a631-82cbcde1d37d,AB114CN,AB114CN,ANOMALIAS,JOURNEY_INCOMPLETO,,RICARDONE,true,false,R4,,RICARDONE,incompleto_revision,Incompleto en revisión,INCOMPLETO,INCOMPLETO,SECUENCIA_NO_CONCLUYENTE,,INCOMPLETO,Incompleto,baja,50,"Coinciden 3 de 6 puntos esperados. Faltan ingreso, balanza ingreso, egreso.",6,3,3,true,preingreso,true,egreso_y_balanza,false,true,DESPACHO_SIN_PUNTO_INSTRUMENTADO,4,PREINGRESO>CALADA>DESCARGA_S7>BALANZA_EGRESO,R4,R4,Recepción Silos Kepler 2,DESPACHO_SIN_PUNTO_INSTRUMENTADO,false,67,true,true,true,UNKNOWN,UNKNOWN,,,0,false,false,,,,NONE,DATA_COVERAGE,SECUENCIA_INCOMPLETA,missing_ingreso_frontal,RicPreIngInFr>RicCal04>RicS7DescLinea2>RicB2Egreso,,incompleto_revision,false,0,RicIngCamFrente|RICARDONE_INGRESO_CAMIONES,2026-10-05T11:14:03.732Z,day,2026-10-04,2026-09-30,50,INGRESO|BALANZA_INGRESO|EGRESO,SECUENCIA_NO_CONCLUYENTE,false,false,circuito_probable_sin_egreso,2-S1>2-S2>2-S7>2-S4,2026-09-30_2026-10-04,final_circuits.csv
0bbb9582-24b0-4b03-b5a3-ed76cc9e3755,CGV979,CGV979,ANOMALIAS,NO_DIFERENCIABLE_SIN_PUNTO_FUERTE,,UNKNOWN,true,false,SIN_PUNTO,,SAN_LORENZO,incompleto_revision,Incompleto en revisión,INCOMPLETO,NO_DIFERENCIABLE,NO_DIFERENCIABLE_SIN_PUNTO_FUERTE,,INCOMPLETO,Incompleto,baja,33.3,"Coinciden 2 de 6 puntos esperados. Faltan ingreso, calada, balanza ingreso, egreso.",6,2,4,true,preingreso,true,egreso_y_balanza,false,true,DESPACHO_SIN_PUNTO_INSTRUMENTADO,7,PREINGRESO>BALANZA_EGRESO>SL_BALANZA_INGRESO>BALANZA_EGRESO>SL_BALANZA_INGRESO>SL_VOLCABLE>SL_EGRESO,SIN_PUNTO,SIN_PUNTO,Sin punto instrumentado (sólidos),DESPACHO_SIN_PUNTO_INSTRUMENTADO,false,0,true,false,false,UNKNOWN,UNKNOWN,,,0,false,false,,,,NONE,BEHAVIORAL,RIC_SL_MAS30M_SIN_CALADA_SL,missing_ingreso_frontal,RicPreIngInFr>RicB2Egreso>SLZBalIngFte>RicB2Egreso>SLZBalIngFte>SLZVolcableC4>SLZSalidaC1Fte,,incompleto_revision,true,0,RicIngCamFrente|RICARDONE_INGRESO_CAMIONES,2026-10-05T11:14:03.732Z,day,2026-10-04,2026-09-30,33.3,INGRESO|CALADA|BALANZA_INGRESO|EGRESO,SECUENCIA_NO_CONCLUYENTE,false,false,circuito_probable_sin_egreso+punto_fuerte,2-S1>2-S4>1-S1>2-S4>1-S1>1-S4>1-S7,2026-09-30_2026-10-04,final_circuits.csv
24324542-5ce6-40cb-8205-a63fb5756259,FCI638,FCI638,ANOMALIAS,FRAGMENTO_SIN_CIERRE_OPERATIVO,,UNKNOWN,true,false,SIN_PUNTO,,,incompleto_revision,Incompleto en revisión,INCOMPLETO,INCOMPLETO,FRAGMENTO_SIN_CIERRE_OPERATIVO,,INCOMPLETO,Incompleto,muy_baja,33.3,"Coinciden 2 de 6 puntos esperados. Faltan ingreso, balanza ingreso, balanza egreso, egreso.",6,2,4,true,preingreso,false,sin_egreso,false,false,DESPACHO_SIN_PUNTO_INSTRUMENTADO,2,PREINGRESO>CALADA,SIN_PUNTO,SIN_PUNTO,Sin punto instrumentado (sólidos),DESPACHO_SIN_PUNTO_INSTRUMENTADO,false,0,false,false,false,UNKNOWN,UNKNOWN,,,0,false,false,,,,NONE,DATA_COVERAGE,EVENTOS_INSUFICIENTES,missing_ingreso_frontal,RicPreIngInFr>RicCal04,,incompleto_revision,false,0,RicIngCamFrente|RICARDONE_INGRESO_CAMIONES,2026-10-05T11:14:03.732Z,day,2026-10-04,2026-09-30,33.3,INGRESO|BALANZA_INGRESO|BALANZA_EGRESO|EGRESO,EVENTOS_INSUFICIENTES,false,false,circuito_probable_sin_egreso,2-S1>2-S2,2026-09-30_2026-10-04,final_circuits.csv
fa8751df-ab4f-410c-933f-ce1f03c80dde,AA346YI,AA346YI,ANOMALIAS,JOURNEY_INCOMPLETO,,RICARDONE,true,false,R4,,RICARDONE,incompleto_revision,Incompleto en revisión,INCOMPLETO,INCOMPLETO,SECUENCIA_NO_CONCLUYENTE,,INCOMPLETO,Incompleto,baja,50,"Coinciden 3 de 6 puntos esperados. Faltan ingreso, balanza ingreso, egreso.",6,3,3,true,preingreso,true,egreso_y_balanza,false,true,DESPACHO_SIN_PUNTO_INSTRUMENTADO,5,PREINGRESO>CALADA>PLAYA>DESCARGA_S7>BALANZA_EGRESO,R4,R4,Recepción Silos Kepler 2,DESPACHO_SIN_PUNTO_INSTRUMENTADO,false,67,true,true,true,UNKNOWN,UNKNOWN,,,0,false,false,,,,NONE,DATA_COVERAGE,SECUENCIA_INCOMPLETA,missing_ingreso_frontal,RicPreIngInFr>RicCal04>RicS6Playa3>RicS7DescLinea2>RicB2Egreso,,incompleto_revision,false,0,RicIngCamFrente|RICARDONE_INGRESO_CAMIONES,2026-10-05T11:14:03.732Z,day,2026-10-04,2026-09-30,50,INGRESO|BALANZA_INGRESO|EGRESO,SECUENCIA_NO_CONCLUYENTE,false,false,circuito_probable_sin_egreso,2-S1>2-S2>2-S6>2-S7>2-S4,2026-09-30_2026-10-04,final_circuits.csv
88b49f1d-1675-4508-9221-284e5da3a1fb,PGO317,PGO317,ANOMALIAS,NO_DIFERENCIABLE_SIN_PUNTO_FUERTE,,UNKNOWN,true,false,SIN_PUNTO,,,incompleto_revision,Incompleto en revisión,INCOMPLETO,NO_DIFERENCIABLE,NO_DIFERENCIABLE_SIN_PUNTO_FUERTE,,INCOMPLETO,Incompleto,muy_baja,33.3,"Coinciden 2 de 6 puntos esperados. Faltan ingreso, preingreso, balanza ingreso, balanza egreso.",6,2,4,false,sin_ingreso,true,egreso,false,true,DESPACHO_SIN_PUNTO_INSTRUMENTADO,2,CALADA>EGRESO,SIN_PUNTO,SIN_PUNTO,Sin punto instrumentado (sólidos),DESPACHO_SIN_PUNTO_INSTRUMENTADO,false,0,false,false,false,UNKNOWN,UNKNOWN,,,0,false,false,,,,NONE,DATA_COVERAGE,EVENTOS_INSUFICIENTES,missing_ingreso_frontal,RicCal04>RicEgrCamFrente,,incompleto_revision,false,0,RicIngCamFrente|RICARDONE_INGRESO_CAMIONES,2026-10-05T11:14:03.732Z,day,2026-10-04,2026-09-30,33.3,INGRESO|PREINGRESO|BALANZA_INGRESO|BALANZA_EGRESO,EVENTOS_INSUFICIENTES,false,false,circuito_probable_sin_ingreso,2-S2>2-S3,2026-09-30_2026-10-04,final_circuits.csv
7260bf6d-7d52-4152-8f57-c559f8164166__cycle_2,AG644XU,AG644XU,ANOMALIAS,NO_DIFERENCIABLE_SIN_PUNTO_FUERTE,,UNKNOWN,true,false,SIN_PUNTO,,,incompleto_revision,Incompleto en revisión,INCOMPLETO,NO_DIFERENCIABLE,NO_DIFERENCIABLE_SIN_PUNTO_FUERTE,,INCOMPLETO,Incompleto,baja,33.3,"Coinciden 2 de 6 puntos esperados. Faltan ingreso, preingreso, calada, egreso.",6,2,4,false,sin_ingreso,true,balanza_egreso,false,false,DESPACHO_SIN_PUNTO_INSTRUMENTADO,3,BALANZA_INGRESO>BALANZA_EGRESO>BALANZA_INGRESO,SIN_PUNTO,SIN_PUNTO,Sin punto instrumentado (sólidos),DESPACHO_SIN_PUNTO_INSTRUMENTADO,false,0,false,false,false,UNKNOWN,UNKNOWN,,,0,false,false,,,,NONE,DATA_COVERAGE,SECUENCIA_INCOMPLETA,missing_ingreso_frontal+suspicious_duplicate,RicB3Ingreso>RicB3Egreso>RicB3Ingreso,,incompleto_revision,false,0,RicIngCamFrente|RICARDONE_INGRESO_CAMIONES,2026-10-05T11:14:03.732Z,day,2026-10-04,2026-09-30,33.3,INGRESO|PREINGRESO|CALADA|EGRESO,SECUENCIA_NO_CONCLUYENTE,false,false,circuito_probable_sin_ingreso,2-S4>2-S4>2-S4,2026-09-30_2026-10-04,final_circuits.csv
4257a3f9-3287-41ed-bdc3-d4bbaeb3ea39__cycle_1,AA689GI,AA689GI,ANOMALIAS,NO_DIFERENCIABLE_SIN_PUNTO_FUERTE,,UNKNOWN,true,false,SIN_PUNTO,,,incompleto_revision,Incompleto en revisión,INCOMPLETO,NO_DIFERENCIABLE,NO_DIFERENCIABLE_SIN_PUNTO_FUERTE,,INCOMPLETO,Incompleto,baja,33.3,"Coinciden 2 de 6 puntos esperados. Faltan ingreso, preingreso, calada, egreso.",6,2,4,false,sin_ingreso,true,balanza_egreso,false,false,DESPACHO_SIN_PUNTO_INSTRUMENTADO,2,BALANZA_INGRESO>BALANZA_EGRESO,SIN_PUNTO,SIN_PUNTO,Sin punto instrumentado (sólidos),DESPACHO_SIN_PUNTO_INSTRUMENTADO,false,0,false,false,false,UNKNOWN,UNKNOWN,,,0,false,false,,,,NONE,DATA_COVERAGE,EVENTOS_INSUFICIENTES,missing_ingreso_frontal,RicB3Ingreso>RicB3Egreso,,incompleto_revision,false,0,RicIngCamFrente|RICARDONE_INGRESO_CAMIONES,2026-10-05T11:14:03.732Z,day,2026-10-04,2026-09-30,33.3,INGRESO|PREINGRESO|CALADA|EGRESO,EVENTOS_INSUFICIENTES,false,false,circuito_probable_sin_ingreso,2-S4>2-S4,2026-09-30_2026-10-04,final_circuits.csv
9852017f-18f3-41aa-8e9b-2a0f2b755e7a__cycle_2,AD001TD,AD001TD,ANOMALIAS,NO_DIFERENCIABLE_SIN_PUNTO_FUERTE,,UNKNOWN,true,false,SIN_PUNTO,,SAN_LORENZO,incompleto_revision,Incompleto en revisión,INCOMPLETO,NO_DIFERENCIABLE,NO_DIFERENCIABLE_SIN_PUNTO_FUERTE,,INCOMPLETO,Incompleto,baja,33.3,"Coinciden 2 de 6 puntos esperados. Faltan ingreso, preingreso, calada, egreso.",6,2,4,false,sin_ingreso,true,balanza_egreso,false,false,DESPACHO_SIN_PUNTO_INSTRUMENTADO,3,BALANZA_INGRESO>BALANZA_EGRESO>SL_EGRESO,SIN_PUNTO,SIN_PUNTO,Sin punto instrumentado (sólidos),DESPACHO_SIN_PUNTO_INSTRUMENTADO,false,0,true,false,false,UNKNOWN,UNKNOWN,,,0,false,false,,,,NONE,DATA_COVERAGE,SECUENCIA_INCOMPLETA,missing_ingreso_frontal+suspicious_duplicate,RicB3Ingreso>RicB3Egreso>SLZSalidaC2Fte,,incompleto_revision,true,0,RicIngCamFrente|RICARDONE_INGRESO_CAMIONES,2026-10-05T11:14:03.732Z,day,2026-10-04,2026-09-30,33.3,INGRESO|PREINGRESO|CALADA|EGRESO,SECUENCIA_NO_CONCLUYENTE,false,false,circuito_probable_sin_ingreso+punto_fuerte,2-S4>2-S4>1-S7,2026-09-30_2026-10-04,final_circuits.csv
d1f5c16c-d309-414f-b3fe-23fb0448da89,MYW261,MYW261,ANOMALIAS,NO_DIFERENCIABLE_SIN_PUNTO_FUERTE,,UNKNOWN,true,false,SIN_PUNTO,,SAN_LORENZO,incompleto_revision,Incompleto en revisión,INCOMPLETO,NO_DIFERENCIABLE,NO_DIFERENCIABLE_SIN_PUNTO_FUERTE,,INCOMPLETO,Incompleto,baja,33.3,"Coinciden 2 de 6 puntos esperados. Faltan ingreso, preingreso, calada, egreso.",6,2,4,false,sin_ingreso,true,balanza_egreso,false,false,DESPACHO_SIN_PUNTO_INSTRUMENTADO,3,BALANZA_INGRESO>BALANZA_EGRESO>SL_EGRESO,SIN_PUNTO,SIN_PUNTO,Sin punto instrumentado (sólidos),DESPACHO_SIN_PUNTO_INSTRUMENTADO,false,0,true,false,false,UNKNOWN,UNKNOWN,,,0,false,false,,,,NONE,DATA_COVERAGE,SECUENCIA_INCOMPLETA,missing_ingreso_frontal+suspicious_duplicate,RicB3Ingreso>RicB3Egreso>SLZSalidaC2Fte,,incompleto_revision,true,0,RicIngCamFrente|RICARDONE_INGRESO_CAMIONES,2026-10-05T11:14:03.732Z,day,2026-10-04,2026-09-30,33.3,INGRESO|PREINGRESO|CALADA|EGRESO,SECUENCIA_NO_CONCLUYENTE,false,false,circuito_probable_sin_ingreso+punto_fuerte,2-S4>2-S4>1-S7,2026-09-30_2026-10-04,final_circuits.csv
561cc4c7-8a33-4618-b4f0-78fa79bb8e56,AD177KS,AD177KS,ANOMALIAS,NO_DIFERENCIABLE_SIN_PUNTO_FUERTE,,UNKNOWN,true,false,SIN_PUNTO,,,incompleto_revision,Incompleto en revisión,INCOMPLETO,NO_DIFERENCIABLE,NO_DIFERENCIABLE_SIN_PUNTO_FUERTE,,INCOMPLETO,Incompleto,baja,33.3,"Coinciden 2 de 6 puntos esperados. Faltan ingreso, preingreso, calada, egreso.",6,2,4,false,sin_ingreso,true,balanza_egreso,false,false,DESPACHO_SIN_PUNTO_INSTRUMENTADO,2,BALANZA_INGRESO>BALANZA_EGRESO,SIN_PUNTO,SIN_PUNTO,Sin punto instrumentado (sólidos),DESPACHO_SIN_PUNTO_INSTRUMENTADO,false,0,false,false,false,UNKNOWN,UNKNOWN,,,0,false,false,,,,NONE,DATA_COVERAGE,EVENTOS_INSUFICIENTES,missing_ingreso_frontal,RicB3Ingreso>RicB3Egreso,,incompleto_revision,false,0,RicIngCamFrente|RICARDONE_INGRESO_CAMIONES,2026-10-05T11:14:03.732Z,day,2026-10-04,2026-09-30,33.3,INGRESO|PREINGRESO|CALADA|EGRESO,EVENTOS_INSUFICIENTES,false,false,circuito_probable_sin_ingreso,2-S4>2-S4,2026-09-30_2026-10-04,final_circuits.csv
e7661520-b6fa-469d-8541-136f915a2fab,AD468VC,AD468VC,ANOMALIAS,NO_DIFERENCIABLE_SIN_PUNTO_FUERTE,,UNKNOWN,true,false,SIN_PUNTO,,SAN_LORENZO,incompleto_revision,Incompleto en revisión,INCOMPLETO,NO_DIFERENCIABLE,NO_DIFERENCIABLE_SIN_PUNTO_FUERTE,,INCOMPLETO,Incompleto,baja,33.3,"Coinciden 2 de 6 puntos esperados. Faltan ingreso, preingreso, calada, egreso.",6,2,4,false,sin_ingreso,true,balanza_egreso,false,false,DESPACHO_SIN_PUNTO_INSTRUMENTADO,3,BALANZA_INGRESO>BALANZA_EGRESO>SL_EGRESO,SIN_PUNTO,SIN_PUNTO,Sin punto instrumentado (sólidos),DESPACHO_SIN_PUNTO_INSTRUMENTADO,false,0,true,false,false,UNKNOWN,UNKNOWN,,,0,false,false,,,,NONE,DATA_COVERAGE,SECUENCIA_INCOMPLETA,missing_ingreso_frontal+suspicious_duplicate,RicB3Ingreso>RicB3Egreso>SLZSalidaC2Fte,,incompleto_revision,true,0,RicIngCamFrente|RICARDONE_INGRESO_CAMIONES,2026-10-05T11:14:03.732Z,day,2026-10-04,2026-09-30,33.3,INGRESO|PREINGRESO|CALADA|EGRESO,SECUENCIA_NO_CONCLUYENTE,false,false,circuito_probable_sin_ingreso+punto_fuerte,2-S4>2-S4>1-S7,2026-09-30_2026-10-04,final_circuits.csv
4dbca74d-6bec-4376-b5bd-fba9c3e06260__cycle_1,JUE083,JUE083,ANOMALIAS,NO_DIFERENCIABLE_SIN_PUNTO_FUERTE,,UNKNOWN,true,false,SIN_PUNTO,,,incompleto_revision,Incompleto en revisión,INCOMPLETO,NO_DIFERENCIABLE,NO_DIFERENCIABLE_SIN_PUNTO_FUERTE,,INCOMPLETO,Incompleto,baja,33.3,"Coinciden 2 de 6 puntos esperados. Faltan ingreso, preingreso, calada, egreso.",6,2,4,false,sin_ingreso,true,balanza_egreso,false,false,DESPACHO_SIN_PUNTO_INSTRUMENTADO,2,BALANZA_INGRESO>BALANZA_EGRESO,SIN_PUNTO,SIN_PUNTO,Sin punto instrumentado (sólidos),DESPACHO_SIN_PUNTO_INSTRUMENTADO,false,0,false,false,false,UNKNOWN,UNKNOWN,,,0,false,false,,,,NONE,DATA_COVERAGE,EVENTOS_INSUFICIENTES,missing_ingreso_frontal+suspicious_duplicate,RicB3Ingreso>RicB3Egreso,,incompleto_revision,false,0,RicIngCamFrente|RICARDONE_INGRESO_CAMIONES,2026-10-05T11:14:03.732Z,day,2026-10-04,2026-09-30,33.3,INGRESO|PREINGRESO|CALADA|EGRESO,EVENTOS_INSUFICIENTES,false,false,circuito_probable_sin_ingreso,2-S4>2-S4,2026-09-30_2026-10-04,final_circuits.csv
3c13d0cc-21f1-45e4-976d-3c4f29b2403f,AF411UI,AF411UI,ANOMALIAS,JOURNEY_INCOMPLETO,,RICARDONE,true,false,R8,,LIQUIDO,incompleto_revision,Incompleto en revisión,INCOMPLETO,INCOMPLETO,SECUENCIA_NO_CONCLUYENTE,,INCOMPLETO,Incompleto,media,50,"Coinciden 3 de 6 puntos esperados. Faltan ingreso, balanza ingreso, balanza egreso.",6,3,3,true,preingreso,true,egreso,false,true,CIRCUITO_LIQUIDO,3,PREINGRESO>LIQUIDO>EGRESO,R8,R8,Recepción Mercadería Líquida,CIRCUITO_LIQUIDO,false,63,true,true,true,UNKNOWN,UNKNOWN,,,0,false,false,,,,NONE,DATA_COVERAGE,SECUENCIA_INCOMPLETA,missing_ingreso_frontal+suspicious_duplicate,RicPreIngInFr>RicCalLiq>RicEgrCamFrente,,incompleto_revision,true,0,RicIngCamFrente|RICARDONE_INGRESO_CAMIONES,2026-10-05T11:14:03.732Z,day,2026-10-04,2026-09-30,50,INGRESO|BALANZA_INGRESO|BALANZA_EGRESO,SECUENCIA_NO_CONCLUYENTE,false,false,incompleto_revision+punto_fuerte,2-S1>2-S2>2-S3,2026-09-30_2026-10-04,final_circuits.csv
94a6b3e6-a35e-448a-b600-283a3a8b8367,OZK568,OZK568,ANOMALIAS,NO_DIFERENCIABLE_SIN_PUNTO_FUERTE,,UNKNOWN,true,false,SIN_PUNTO,,,incompleto_revision,Incompleto en revisión,INCOMPLETO,NO_DIFERENCIABLE,NO_DIFERENCIABLE_SIN_PUNTO_FUERTE,,INCOMPLETO,Incompleto,baja,33.3,"Coinciden 2 de 6 puntos esperados. Faltan ingreso, preingreso, calada, egreso.",6,2,4,false,sin_ingreso,true,balanza_egreso,false,false,DESPACHO_SIN_PUNTO_INSTRUMENTADO,2,BALANZA_INGRESO>BALANZA_EGRESO,SIN_PUNTO,SIN_PUNTO,Sin punto instrumentado (sólidos),DESPACHO_SIN_PUNTO_INSTRUMENTADO,false,0,false,false,false,UNKNOWN,UNKNOWN,,,0,false,false,,,,NONE,DATA_COVERAGE,EVENTOS_INSUFICIENTES,missing_ingreso_frontal,RicB3Ingreso>RicB3Egreso,,incompleto_revision,false,0,RicIngCamFrente|RICARDONE_INGRESO_CAMIONES,2026-10-05T11:14:03.732Z,day,2026-10-04,2026-09-30,33.3,INGRESO|PREINGRESO|CALADA|EGRESO,EVENTOS_INSUFICIENTES,false,false,circuito_probable_sin_ingreso,2-S4>2-S4,2026-09-30_2026-10-04,final_circuits.csv
b5d083ce-f3db-4aa6-bdbf-648b1d20bf10,LZV303,LZV303,ANOMALIAS,JOURNEY_INCOMPLETO,,RICARDONE,true,false,R8,,LIQUIDO,incompleto_revision,Incompleto en revisión,INCOMPLETO,INCOMPLETO,SECUENCIA_NO_CONCLUYENTE,,INCOMPLETO,Incompleto,media,50,"Coinciden 3 de 6 puntos esperados. Faltan ingreso, preingreso, balanza ingreso.",6,3,3,false,sin_ingreso,true,egreso_y_balanza,false,true,CIRCUITO_LIQUIDO,4,BALANZA_EGRESO>LIQUIDO>EGRESO,R8,R8,Recepción Mercadería Líquida,CIRCUITO_LIQUIDO,false,63,true,true,true,UNKNOWN,UNKNOWN,,,0,false,false,,,,NONE,DATA_COVERAGE,SECUENCIA_INCOMPLETA,missing_ingreso_frontal,RicB2Egreso>RicB2Egreso>RicCalLiq>RicEgrCamFrente,,incompleto_revision,true,0,RicIngCamFrente|RICARDONE_INGRESO_CAMIONES,2026-10-05T11:14:03.732Z,day,2026-10-04,2026-09-30,50,INGRESO|PREINGRESO|BALANZA_INGRESO,SECUENCIA_NO_CONCLUYENTE,false,false,circuito_probable_sin_ingreso+punto_fuerte,2-S4>2-S4>2-S2>2-S3,2026-09-30_2026-10-04,final_circuits.csv
dfdd234c-c635-41c9-8594-f2960666459d__cycle_2,AH461XD,AH461XD,ANOMALIAS,NO_DIFERENCIABLE_SIN_PUNTO_FUERTE,,UNKNOWN,true,false,SIN_PUNTO,,,incompleto_revision,Incompleto en revisión,INCOMPLETO,NO_DIFERENCIABLE,NO_DIFERENCIABLE_SIN_PUNTO_FUERTE,,INCOMPLETO,Incompleto,baja,33.3,"Coinciden 2 de 6 puntos esperados. Faltan ingreso, preingreso, calada, egreso.",6,2,4,false,sin_ingreso,true,egreso_y_balanza,false,true,DESPACHO_SIN_PUNTO_INSTRUMENTADO,4,BALANZA_INGRESO>BALANZA_EGRESO>BALANZA_INGRESO>BALANZA_EGRESO,SIN_PUNTO,SIN_PUNTO,Sin punto instrumentado (sólidos),DESPACHO_SIN_PUNTO_INSTRUMENTADO,false,0,false,false,false,UNKNOWN,UNKNOWN,,,0,false,false,,,,NONE,DATA_COVERAGE,SECUENCIA_INCOMPLETA,missing_ingreso_frontal,RicB3Ingreso>RicB3Egreso>RicB3Ingreso>RicB2Egreso,,incompleto_revision,false,0,RicIngCamFrente|RICARDONE_INGRESO_CAMIONES,2026-10-05T11:14:03.732Z,day,2026-10-04,2026-09-30,33.3,INGRESO|PREINGRESO|CALADA|EGRESO,SECUENCIA_NO_CONCLUYENTE,false,false,circuito_probable_sin_ingreso,2-S4>2-S4>2-S4>2-S4,2026-09-30_2026-10-04,final_circuits.csv
44f8e842-2a05-434f-910a-bcd43d49d8eb,AF443TR,AF443TR,ANOMALIAS,NO_DIFERENCIABLE_SIN_PUNTO_FUERTE,,UNKNOWN,true,false,SIN_PUNTO,,SAN_LORENZO,incompleto_revision,Incompleto en revisión,INCOMPLETO,NO_DIFERENCIABLE,NO_DIFERENCIABLE_SIN_PUNTO_FUERTE,,INCOMPLETO,Incompleto,baja,33.3,"Coinciden 2 de 6 puntos esperados. Faltan ingreso, preingreso, calada, egreso.",6,2,4,false,sin_ingreso,true,balanza_egreso,false,false,DESPACHO_SIN_PUNTO_INSTRUMENTADO,6,BALANZA_INGRESO>BALANZA_EGRESO>SL_INGRESO>SL_BALANZA_INGRESO>UNKNOWN>SL_EGRESO,SIN_PUNTO,SIN_PUNTO,Sin punto instrumentado (sólidos),DESPACHO_SIN_PUNTO_INSTRUMENTADO,false,0,true,false,false,UNKNOWN,UNKNOWN,,,0,false,false,,,,NONE,DATA_COVERAGE,SECUENCIA_INCOMPLETA,missing_ingreso_frontal+suspicious_duplicate,RicB3Ingreso>RicB3Egreso>SLZIngCamFrente>SLZBalIngFte>SLZTK400>SLZSalidaC1Fte,,incompleto_revision,true,0,RicIngCamFrente|RICARDONE_INGRESO_CAMIONES,2026-10-05T11:14:03.732Z,day,2026-10-04,2026-09-30,33.3,INGRESO|PREINGRESO|CALADA|EGRESO,SECUENCIA_NO_CONCLUYENTE,false,false,circuito_probable_sin_ingreso+punto_fuerte,2-S4>2-S4>1-S0>1-S1>1-S8>1-S7,2026-09-30_2026-10-04,final_circuits.csv
8b3318b3-ca7c-450f-90e9-20c20d25088f,NAD656,NAD656,ANOMALIAS,NO_DIFERENCIABLE_SIN_PUNTO_FUERTE,,UNKNOWN,true,false,SIN_PUNTO,,,incompleto_revision,Incompleto en revisión,INCOMPLETO,NO_DIFERENCIABLE,NO_DIFERENCIABLE_SIN_PUNTO_FUERTE,,INCOMPLETO,Incompleto,baja,33.3,"Coinciden 2 de 6 puntos esperados. Faltan ingreso, preingreso, calada, egreso.",6,2,4,false,sin_ingreso,true,balanza_egreso,false,false,DESPACHO_SIN_PUNTO_INSTRUMENTADO,2,BALANZA_INGRESO>BALANZA_EGRESO,SIN_PUNTO,SIN_PUNTO,Sin punto instrumentado (sólidos),DESPACHO_SIN_PUNTO_INSTRUMENTADO,false,0,false,false,false,UNKNOWN,UNKNOWN,,,0,false,false,,,,NONE,DATA_COVERAGE,EVENTOS_INSUFICIENTES,missing_ingreso_frontal,RicB3Ingreso>RicB3Egreso,,incompleto_revision,false,0,RicIngCamFrente|RICARDONE_INGRESO_CAMIONES,2026-10-05T11:14:03.732Z,day,2026-10-04,2026-09-30,33.3,INGRESO|PREINGRESO|CALADA|EGRESO,EVENTOS_INSUFICIENTES,false,false,circuito_probable_sin_ingreso,2-S4>2-S4,2026-09-30_2026-10-04,final_circuits.csv
9450416e-4003-4f42-8508-842e12942d2d,XBL711,XBL711,ANOMALIAS,JOURNEY_INCOMPLETO,,RICARDONE,true,false,R8,,LIQUIDO,incompleto_revision,Incompleto en revisión,INCOMPLETO,INCOMPLETO,SECUENCIA_NO_CONCLUYENTE,,INCOMPLETO,Incompleto,media,50,"Coinciden 3 de 6 puntos esperados. Faltan ingreso, balanza ingreso, balanza egreso.",6,3,3,true,preingreso,false,sin_egreso,false,false,CIRCUITO_LIQUIDO,6,PREINGRESO>LIQUIDO>PLAYA>SL_BALANZA_INGRESO>SL_VOLCABLE>SL_EGRESO,R8,R8,Recepción Mercadería Líquida,CIRCUITO_LIQUIDO,false,63,true,true,true,UNKNOWN,UNKNOWN,,,0,false,false,,,,NONE,DATA_COVERAGE,SECUENCIA_INCOMPLETA,missing_ingreso_frontal+suspicious_duplicate,RicPreIngInFr>RicCalLiq>RicS6Playa3>SLZBalIngFte>SLZVolcableC4>SLZSalidaC1Fte,,incompleto_revision,true,0,RicIngCamFrente|RICARDONE_INGRESO_CAMIONES,2026-10-05T11:14:03.732Z,day,2026-10-04,2026-09-30,33.3,INGRESO|BALANZA_INGRESO|BALANZA_EGRESO|EGRESO,SECUENCIA_NO_CONCLUYENTE,false,false,circuito_probable_sin_egreso+punto_fuerte,2-S1>2-S2>2-S6>1-S1>1-S4>1-S7,2026-09-30_2026-10-04,final_circuits.csv
5fcd0080-8f07-42a8-9d45-2c65803288e6,AE882UD,AE882UD,ANOMALIAS,NO_DIFERENCIABLE_SIN_PUNTO_FUERTE,,UNKNOWN,true,false,SIN_PUNTO,,SAN_LORENZO,incompleto_revision,Incompleto en revisión,INCOMPLETO,NO_DIFERENCIABLE,NO_DIFERENCIABLE_SIN_PUNTO_FUERTE,,INCOMPLETO,Incompleto,baja,33.3,"Coinciden 2 de 6 puntos esperados. Faltan ingreso, preingreso, calada, egreso.",6,2,4,false,sin_ingreso,true,balanza_egreso,false,false,DESPACHO_SIN_PUNTO_INSTRUMENTADO,3,BALANZA_INGRESO>BALANZA_EGRESO>SL_EGRESO,SIN_PUNTO,SIN_PUNTO,Sin punto instrumentado (sólidos),DESPACHO_SIN_PUNTO_INSTRUMENTADO,false,0,true,false,false,UNKNOWN,UNKNOWN,,,0,false,false,,,,NONE,DATA_COVERAGE,SECUENCIA_INCOMPLETA,missing_ingreso_frontal+suspicious_duplicate,RicB3Ingreso>RicB3Egreso>SLZSalidaC2Fte,,incompleto_revision,true,0,RicIngCamFrente|RICARDONE_INGRESO_CAMIONES,2026-10-05T11:14:03.732Z,day,2026-10-04,2026-09-30,33.3,INGRESO|PREINGRESO|CALADA|EGRESO,SECUENCIA_NO_CONCLUYENTE,false,false,circuito_probable_sin_ingreso+punto_fuerte,2-S4>2-S4>1-S7,2026-09-30_2026-10-04,final_circuits.csv
f0536700-4a31-4993-8b24-e95981784b77,AF019BA,AF019BA,ANOMALIAS,NO_DIFERENCIABLE_SIN_PUNTO_FUERTE,,UNKNOWN,true,false,SIN_PUNTO,,,incompleto_revision,Incompleto en revisión,INCOMPLETO,NO_DIFERENCIABLE,NO_DIFERENCIABLE_SIN_PUNTO_FUERTE,,INCOMPLETO,Incompleto,baja,33.3,"Coinciden 2 de 6 puntos esperados. Faltan ingreso, preingreso, calada, egreso.",6,2,4,false,sin_ingreso,true,balanza_egreso,false,false,DESPACHO_SIN_PUNTO_INSTRUMENTADO,2,BALANZA_INGRESO>BALANZA_EGRESO,SIN_PUNTO,SIN_PUNTO,Sin punto instrumentado (sólidos),DESPACHO_SIN_PUNTO_INSTRUMENTADO,false,0,false,false,false,UNKNOWN,UNKNOWN,,,0,false,false,,,,NONE,DATA_COVERAGE,EVENTOS_INSUFICIENTES,missing_ingreso_frontal,RicB3Ingreso>RicB3Egreso,,incompleto_revision,false,0,RicIngCamFrente|RICARDONE_INGRESO_CAMIONES,2026-10-05T11:14:03.732Z,day,2026-10-04,2026-09-30,33.3,INGRESO|PREINGRESO|CALADA|EGRESO,EVENTOS_INSUFICIENTES,false,false,circuito_probable_sin_ingreso,2-S4>2-S4,2026-09-30_2026-10-04,final_circuits.csv
2810af86-2937-455b-9bd5-dab9145b7353,AF860RX,AF860RX,ANOMALIAS,NO_DIFERENCIABLE_SIN_PUNTO_FUERTE,,UNKNOWN,true,false,SIN_PUNTO,,SAN_LORENZO,incompleto_revision,Incompleto en revisión,INCOMPLETO,NO_DIFERENCIABLE,NO_DIFERENCIABLE_SIN_PUNTO_FUERTE,,INCOMPLETO,Incompleto,baja,33.3,"Coinciden 2 de 6 puntos esperados. Faltan ingreso, preingreso, calada, egreso.",6,2,4,false,sin_ingreso,true,balanza_egreso,false,false,DESPACHO_SIN_PUNTO_INSTRUMENTADO,3,BALANZA_INGRESO>BALANZA_EGRESO>SL_EGRESO,SIN_PUNTO,SIN_PUNTO,Sin punto instrumentado (sólidos),DESPACHO_SIN_PUNTO_INSTRUMENTADO,false,0,true,false,false,UNKNOWN,UNKNOWN,,,0,false,false,,,,NONE,DATA_COVERAGE,SECUENCIA_INCOMPLETA,missing_ingreso_frontal,RicB3Ingreso>RicB3Egreso>SLZSalidaC1Fte,,incompleto_revision,true,0,RicIngCamFrente|RICARDONE_INGRESO_CAMIONES,2026-10-05T11:14:03.732Z,day,2026-10-04,2026-09-30,33.3,INGRESO|PREINGRESO|CALADA|EGRESO,SECUENCIA_NO_CONCLUYENTE,false,false,circuito_probable_sin_ingreso+punto_fuerte,2-S4>2-S4>1-S7,2026-09-30_2026-10-04,final_circuits.csv
367726f6-c6e0-4f7b-9bb3-2b48a424ed19,AE532LW,AE532LW,ANOMALIAS,NO_DIFERENCIABLE_SIN_PUNTO_FUERTE,,UNKNOWN,true,false,SIN_PUNTO,,,incompleto_revision,Incompleto en revisión,INCOMPLETO,NO_DIFERENCIABLE,NO_DIFERENCIABLE_SIN_PUNTO_FUERTE,,INCOMPLETO,Incompleto,baja,33.3,"Coinciden 2 de 6 puntos esperados. Faltan ingreso, preingreso, calada, egreso.",6,2,4,false,sin_ingreso,true,balanza_egreso,false,false,DESPACHO_SIN_PUNTO_INSTRUMENTADO,2,BALANZA_INGRESO>BALANZA_EGRESO,SIN_PUNTO,SIN_PUNTO,Sin punto instrumentado (sólidos),DESPACHO_SIN_PUNTO_INSTRUMENTADO,false,0,false,false,false,UNKNOWN,UNKNOWN,,,0,false,false,,,,NONE,DATA_COVERAGE,EVENTOS_INSUFICIENTES,missing_ingreso_frontal,RicB3Ingreso>RicB3Egreso,,incompleto_revision,false,0,RicIngCamFrente|RICARDONE_INGRESO_CAMIONES,2026-10-05T11:14:03.732Z,day,2026-10-04,2026-09-30,33.3,INGRESO|PREINGRESO|CALADA|EGRESO,EVENTOS_INSUFICIENTES,false,false,circuito_probable_sin_ingreso,2-S4>2-S4,2026-09-30_2026-10-04,final_circuits.csv
12508df8-a5df-46e0-b909-8eec13d15c57,AH296BC,AH296BC,ANOMALIAS,NO_DIFERENCIABLE_SIN_PUNTO_FUERTE,,UNKNOWN,true,false,SIN_PUNTO,,,incompleto_revision,Incompleto en revisión,INCOMPLETO,NO_DIFERENCIABLE,NO_DIFERENCIABLE_SIN_PUNTO_FUERTE,,INCOMPLETO,Incompleto,baja,33.3,"Coinciden 2 de 6 puntos esperados. Faltan ingreso, preingreso, calada, egreso.",6,2,4,false,sin_ingreso,true,balanza_egreso,false,false,DESPACHO_SIN_PUNTO_INSTRUMENTADO,2,BALANZA_INGRESO>BALANZA_EGRESO,SIN_PUNTO,SIN_PUNTO,Sin punto instrumentado (sólidos),DESPACHO_SIN_PUNTO_INSTRUMENTADO,false,0,false,false,false,UNKNOWN,UNKNOWN,,,0,false,false,,,,NONE,DATA_COVERAGE,EVENTOS_INSUFICIENTES,missing_ingreso_frontal,RicB3Ingreso>RicB3Egreso,,incompleto_revision,false,0,RicIngCamFrente|RICARDONE_INGRESO_CAMIONES,2026-10-05T11:14:03.732Z,day,2026-10-04,2026-09-30,33.3,INGRESO|PREINGRESO|CALADA|EGRESO,EVENTOS_INSUFICIENTES,false,false,circuito_probable_sin_ingreso,2-S4>2-S4,2026-09-30_2026-10-04,final_circuits.csv
d15e641a-f533-43db-85bb-02f95422266f,AF378MD,AF378MD,ANOMALIAS,NO_DIFERENCIABLE_SIN_PUNTO_FUERTE,,UNKNOWN,true,false,SIN_PUNTO,,,incompleto_revision,Incompleto en revisión,INCOMPLETO,NO_DIFERENCIABLE,NO_DIFERENCIABLE_SIN_PUNTO_FUERTE,,INCOMPLETO,Incompleto,baja,33.3,"Coinciden 2 de 6 puntos esperados. Faltan ingreso, preingreso, calada, egreso.",6,2,4,false,sin_ingreso,true,balanza_egreso,false,false,DESPACHO_SIN_PUNTO_INSTRUMENTADO,2,BALANZA_INGRESO>BALANZA_EGRESO,SIN_PUNTO,SIN_PUNTO,Sin punto instrumentado (sólidos),DESPACHO_SIN_PUNTO_INSTRUMENTADO,false,0,false,false,false,UNKNOWN,UNKNOWN,,,0,false,false,,,,NONE,DATA_COVERAGE,EVENTOS_INSUFICIENTES,missing_ingreso_frontal,RicB3Ingreso>RicB3Egreso,,incompleto_revision,false,0,RicIngCamFrente|RICARDONE_INGRESO_CAMIONES,2026-10-05T11:14:03.732Z,day,2026-10-04,2026-09-30,33.3,INGRESO|PREINGRESO|CALADA|EGRESO,EVENTOS_INSUFICIENTES,false,false,circuito_probable_sin_ingreso,2-S4>2-S4,2026-09-30_2026-10-04,final_circuits.csv
4e5f04c2-43fb-4cf7-b1c7-c2e9da34abaf,NKM663,NKM663,ANOMALIAS,NO_DIFERENCIABLE_SIN_PUNTO_FUERTE,,UNKNOWN,true,false,SIN_PUNTO,,,incompleto_revision,Incompleto en revisión,INCOMPLETO,NO_DIFERENCIABLE,NO_DIFERENCIABLE_SIN_PUNTO_FUERTE,,INCOMPLETO,Incompleto,baja,33.3,"Coinciden 2 de 6 puntos esperados. Faltan ingreso, preingreso, calada, egreso.",6,2,4,false,sin_ingreso,true,balanza_egreso,false,false,DESPACHO_SIN_PUNTO_INSTRUMENTADO,3,BALANZA_INGRESO>BALANZA_EGRESO>BALANZA_INGRESO,SIN_PUNTO,SIN_PUNTO,Sin punto instrumentado (sólidos),DESPACHO_SIN_PUNTO_INSTRUMENTADO,false,0,false,false,false,UNKNOWN,UNKNOWN,,,0,false,false,,,,NONE,DATA_COVERAGE,SECUENCIA_INCOMPLETA,missing_ingreso_frontal,RicB3Ingreso>RicB3Egreso>RicB3Ingreso,,incompleto_revision,false,0,RicIngCamFrente|RICARDONE_INGRESO_CAMIONES,2026-10-05T11:14:03.732Z,day,2026-10-04,2026-09-30,33.3,INGRESO|PREINGRESO|CALADA|EGRESO,SECUENCIA_NO_CONCLUYENTE,false,false,circuito_probable_sin_ingreso,2-S4>2-S4>2-S4,2026-09-30_2026-10-04,final_circuits.csv
dbb44226-4ffa-49ab-bebc-63cbffe345dc,UER485,UER485,ANOMALIAS,JOURNEY_INCOMPLETO,,RICARDONE,true,false,R8,,LIQUIDO,incompleto_revision,Incompleto en revisión,INCOMPLETO,INCOMPLETO,SECUENCIA_NO_CONCLUYENTE,,INCOMPLETO,Incompleto,media,50,"Coinciden 3 de 6 puntos esperados. Faltan ingreso, balanza ingreso, balanza egreso.",6,3,3,true,preingreso,true,egreso,false,true,CIRCUITO_LIQUIDO,3,PREINGRESO>LIQUIDO>EGRESO,R8,R8,Recepción Mercadería Líquida,CIRCUITO_LIQUIDO,false,63,true,true,true,UNKNOWN,UNKNOWN,,,0,false,false,,,,NONE,BEHAVIORAL,SL_RIC_2H_SIN_CIRCUITO_NO_PELLET,missing_ingreso_frontal+suspicious_duplicate,RicPreIngInFr>RicCalLiq>RicEgrCamFrente,,incompleto_revision,true,0,RicIngCamFrente|RICARDONE_INGRESO_CAMIONES,2026-10-05T11:14:03.732Z,day,2026-10-04,2026-09-30,50,INGRESO|BALANZA_INGRESO|BALANZA_EGRESO,SECUENCIA_NO_CONCLUYENTE,false,false,incompleto_revision+punto_fuerte,2-S1>2-S2>2-S3,2026-09-30_2026-10-04,final_circuits.csv
f5e0f495-272a-4ac3-9880-c6efebf3ae82,DVT968,DVT968,ANOMALIAS,NO_DIFERENCIABLE_SIN_PUNTO_FUERTE,,UNKNOWN,true,false,SIN_PUNTO,,SAN_LORENZO,incompleto_revision,Incompleto en revisión,INCOMPLETO,NO_DIFERENCIABLE,NO_DIFERENCIABLE_SIN_PUNTO_FUERTE,,INCOMPLETO,Incompleto,baja,33.3,"Coinciden 2 de 6 puntos esperados. Faltan ingreso, preingreso, calada, egreso.",6,2,4,false,sin_ingreso,true,balanza_egreso,false,false,DESPACHO_SIN_PUNTO_INSTRUMENTADO,3,BALANZA_INGRESO>BALANZA_EGRESO>SL_EGRESO,SIN_PUNTO,SIN_PUNTO,Sin punto instrumentado (sólidos),DESPACHO_SIN_PUNTO_INSTRUMENTADO,false,0,true,false,false,UNKNOWN,UNKNOWN,,,0,false,false,,,,NONE,DATA_COVERAGE,SECUENCIA_INCOMPLETA,missing_ingreso_frontal+suspicious_duplicate,RicB3Ingreso>RicB3Egreso>SLZSalidaC1Fte,,incompleto_revision,true,0,RicIngCamFrente|RICARDONE_INGRESO_CAMIONES,2026-10-05T11:14:03.732Z,day,2026-10-04,2026-09-30,33.3,INGRESO|PREINGRESO|CALADA|EGRESO,SECUENCIA_NO_CONCLUYENTE,false,false,circuito_probable_sin_ingreso+punto_fuerte,2-S4>2-S4>1-S7,2026-09-30_2026-10-04,final_circuits.csv
7273b540-dafc-4d3a-850c-d15043bcbac3,CUL425,CUL425,ANOMALIAS,NO_DIFERENCIABLE_SIN_PUNTO_FUERTE,,UNKNOWN,true,false,SIN_PUNTO,,,incompleto_revision,Incompleto en revisión,INCOMPLETO,NO_DIFERENCIABLE,NO_DIFERENCIABLE_SIN_PUNTO_FUERTE,,INCOMPLETO,Incompleto,muy_baja,33.3,"Coinciden 2 de 6 puntos esperados. Faltan ingreso, preingreso, balanza ingreso, balanza egreso.",6,2,4,false,sin_ingreso,true,egreso,false,true,DESPACHO_SIN_PUNTO_INSTRUMENTADO,2,CALADA>EGRESO,SIN_PUNTO,SIN_PUNTO,Sin punto instrumentado (sólidos),DESPACHO_SIN_PUNTO_INSTRUMENTADO,false,0,false,false,false,UNKNOWN,UNKNOWN,,,0,false,false,,,,NONE,DATA_COVERAGE,EVENTOS_INSUFICIENTES,missing_ingreso_frontal+suspicious_duplicate,RicCal04>RicEgrCamFrente,,incompleto_revision,false,0,RicIngCamFrente|RICARDONE_INGRESO_CAMIONES,2026-10-05T11:14:03.732Z,day,2026-10-04,2026-09-30,33.3,INGRESO|PREINGRESO|BALANZA_INGRESO|BALANZA_EGRESO,EVENTOS_INSUFICIENTES,false,false,circuito_probable_sin_ingreso,2-S2>2-S3,2026-09-30_2026-10-04,final_circuits.csv
9fea8b15-dd09-450d-8c3b-9200aafce0b5,SYL758,SYL758,ANOMALIAS,NO_DIFERENCIABLE_SIN_PUNTO_FUERTE,,UNKNOWN,true,false,SIN_PUNTO,,,incompleto_revision,Incompleto en revisión,INCOMPLETO,NO_DIFERENCIABLE,NO_DIFERENCIABLE_SIN_PUNTO_FUERTE,,INCOMPLETO,Incompleto,baja,33.3,"Coinciden 2 de 6 puntos esperados. Faltan ingreso, preingreso, calada, egreso.",6,2,4,false,sin_ingreso,true,balanza_egreso,false,false,DESPACHO_SIN_PUNTO_INSTRUMENTADO,3,BALANZA_INGRESO>BALANZA_EGRESO,SIN_PUNTO,SIN_PUNTO,Sin punto instrumentado (sólidos),DESPACHO_SIN_PUNTO_INSTRUMENTADO,false,0,false,false,false,UNKNOWN,UNKNOWN,,,0,false,false,,,,NONE,DATA_COVERAGE,SECUENCIA_INCOMPLETA,missing_ingreso_frontal,RicB3Ingreso>RicB3Egreso>RicB3Egreso,,incompleto_revision,false,0,RicIngCamFrente|RICARDONE_INGRESO_CAMIONES,2026-10-05T11:14:03.732Z,day,2026-10-04,2026-09-30,33.3,INGRESO|PREINGRESO|CALADA|EGRESO,SECUENCIA_NO_CONCLUYENTE,false,false,circuito_probable_sin_ingreso,2-S4>2-S4>2-S4,2026-09-30_2026-10-04,final_circuits.csv
b9de442c-58c3-484a-9cd2-8eb4b46db0bc,AA936RA,AA936RA,ANOMALIAS,JOURNEY_INCOMPLETO,,RICARDONE,true,false,R8,,LIQUIDO,incompleto_revision,Incompleto en revisión,INCOMPLETO,INCOMPLETO,SECUENCIA_NO_CONCLUYENTE,,INCOMPLETO,Incompleto,media,50,"Coinciden 3 de 6 puntos esperados. Faltan ingreso, balanza ingreso, balanza egreso.",6,3,3,true,preingreso,false,sin_egreso,false,false,CIRCUITO_LIQUIDO,3,PREINGRESO>LIQUIDO>PREINGRESO,R8,R8,Recepción Mercadería Líquida,CIRCUITO_LIQUIDO,false,63,true,true,true,UNKNOWN,UNKNOWN,,,0,false,false,,,,NONE,DATA_COVERAGE,SECUENCIA_INCOMPLETA,missing_ingreso_frontal,RicPreIngInFr>RicCalLiq>RicPreIngInFr,,incompleto_revision,true,0,RicIngCamFrente|RICARDONE_INGRESO_CAMIONES,2026-10-05T11:14:03.732Z,day,2026-10-04,2026-09-30,33.3,INGRESO|BALANZA_INGRESO|BALANZA_EGRESO|EGRESO,SECUENCIA_NO_CONCLUYENTE,false,false,circuito_probable_sin_egreso+punto_fuerte,2-S1>2-S2>2-S1,2026-09-30_2026-10-04,final_circuits.csv
1fc574ed-281d-42c2-8d45-c9fad68f6123,ENW015,ENW015,ANOMALIAS,JOURNEY_INCOMPLETO,,RICARDONE,true,false,R8,,LIQUIDO,incompleto_revision,Incompleto en revisión,INCOMPLETO,INCOMPLETO,SECUENCIA_NO_CONCLUYENTE,,INCOMPLETO,Incompleto,media,50,"Coinciden 3 de 6 puntos esperados. Faltan ingreso, balanza ingreso, balanza egreso.",6,3,3,true,preingreso,true,egreso,false,true,CIRCUITO_LIQUIDO,3,PREINGRESO>LIQUIDO>EGRESO,R8,R8,Recepción Mercadería Líquida,CIRCUITO_LIQUIDO,false,63,true,true,true,UNKNOWN,UNKNOWN,,,0,false,false,,,,NONE,DATA_COVERAGE,SECUENCIA_INCOMPLETA,missing_ingreso_frontal+suspicious_duplicate,RicPreIngInFr>RicCalLiq>RicEgrCamFrente,,incompleto_revision,true,0,RicIngCamFrente|RICARDONE_INGRESO_CAMIONES,2026-10-05T11:14:03.732Z,day,2026-10-04,2026-09-30,50,INGRESO|BALANZA_INGRESO|BALANZA_EGRESO,SECUENCIA_NO_CONCLUYENTE,false,false,incompleto_revision+punto_fuerte,2-S1>2-S2>2-S3,2026-09-30_2026-10-04,final_circuits.csv
2e47b9d5-70ed-4880-acb4-c4f70547fef2__cycle_1,AH931DD,AH931DD,ANOMALIAS,NO_DIFERENCIABLE_SIN_PUNTO_FUERTE,,UNKNOWN,true,false,SIN_PUNTO,,,incompleto_revision,Incompleto en revisión,INCOMPLETO,NO_DIFERENCIABLE,NO_DIFERENCIABLE_SIN_PUNTO_FUERTE,,INCOMPLETO,Incompleto,baja,33.3,"Coinciden 2 de 6 puntos esperados. Faltan ingreso, preingreso, calada, egreso.",6,2,4,false,sin_ingreso,true,balanza_egreso,false,false,DESPACHO_SIN_PUNTO_INSTRUMENTADO,2,BALANZA_INGRESO>BALANZA_EGRESO,SIN_PUNTO,SIN_PUNTO,Sin punto instrumentado (sólidos),DESPACHO_SIN_PUNTO_INSTRUMENTADO,false,0,false,false,false,UNKNOWN,UNKNOWN,,,0,false,false,,,,NONE,DATA_COVERAGE,EVENTOS_INSUFICIENTES,missing_ingreso_frontal,RicB3Ingreso>RicB3Egreso,,incompleto_revision,false,0,RicIngCamFrente|RICARDONE_INGRESO_CAMIONES,2026-10-05T11:14:03.732Z,day,2026-10-04,2026-09-30,33.3,INGRESO|PREINGRESO|CALADA|EGRESO,EVENTOS_INSUFICIENTES,false,false,circuito_probable_sin_ingreso,2-S4>2-S4,2026-09-30_2026-10-04,final_circuits.csv
fc767696-b292-42d2-ab2e-896467b51601,MEE006,MEE006,ANOMALIAS,NO_DIFERENCIABLE_SIN_PUNTO_FUERTE,,UNKNOWN,true,false,SIN_PUNTO,,SAN_LORENZO,incompleto_revision,Incompleto en revisión,INCOMPLETO,NO_DIFERENCIABLE,NO_DIFERENCIABLE_SIN_PUNTO_FUERTE,,INCOMPLETO,Incompleto,baja,33.3,"Coinciden 2 de 6 puntos esperados. Faltan ingreso, preingreso, calada, egreso.",6,2,4,false,sin_ingreso,true,balanza_egreso,false,false,DESPACHO_SIN_PUNTO_INSTRUMENTADO,3,BALANZA_INGRESO>BALANZA_EGRESO>SL_EGRESO,SIN_PUNTO,SIN_PUNTO,Sin punto instrumentado (sólidos),DESPACHO_SIN_PUNTO_INSTRUMENTADO,false,0,true,false,false,UNKNOWN,UNKNOWN,,,0,false,false,,,,NONE,DATA_COVERAGE,SECUENCIA_INCOMPLETA,missing_ingreso_frontal+suspicious_duplicate,RicB3Ingreso>RicB3Egreso>SLZSalidaC2Fte,,incompleto_revision,true,0,RicIngCamFrente|RICARDONE_INGRESO_CAMIONES,2026-10-05T11:14:03.732Z,day,2026-10-04,2026-09-30,33.3,INGRESO|PREINGRESO|CALADA|EGRESO,SECUENCIA_NO_CONCLUYENTE,false,false,circuito_probable_sin_ingreso+punto_fuerte,2-S4>2-S4>1-S7,2026-09-30_2026-10-04,final_circuits.csv
b136c7d4-38ea-4a6a-ba69-e03654344a0b,ENW015,ENW015,ANOMALIAS,JOURNEY_INCOMPLETO,,RICARDONE,true,false,R8,,LIQUIDO,incompleto_revision,Incompleto en revisión,INCOMPLETO,INCOMPLETO,SECUENCIA_NO_CONCLUYENTE,,INCOMPLETO,Incompleto,media,50,"Coinciden 3 de 6 puntos esperados. Faltan ingreso, preingreso, balanza ingreso.",6,3,3,false,sin_ingreso,true,egreso_y_balanza,false,true,CIRCUITO_LIQUIDO,5,PLAYA>BALANZA_EGRESO>LIQUIDO>EGRESO,R8,R8,Recepción Mercadería Líquida,CIRCUITO_LIQUIDO,false,63,true,true,true,UNKNOWN,UNKNOWN,,,0,false,false,,,,NONE,DATA_COVERAGE,SECUENCIA_INCOMPLETA,missing_ingreso_frontal+suspicious_duplicate,RicS6Playa3>RicS6Playa3>RicB2Egreso>RicCalLiq>RicEgrCamFrente,,incompleto_revision,true,0,RicIngCamFrente|RICARDONE_INGRESO_CAMIONES,2026-10-05T11:14:03.732Z,day,2026-10-04,2026-09-30,50,INGRESO|PREINGRESO|BALANZA_INGRESO,SECUENCIA_NO_CONCLUYENTE,false,false,circuito_probable_sin_ingreso+punto_fuerte,2-S6>2-S6>2-S4>2-S2>2-S3,2026-09-30_2026-10-04,final_circuits.csv
bcf3c99a-219a-4c9a-86e4-1e09eaac122d__cycle_1,AI217QP,AI217QP,ANOMALIAS,NO_DIFERENCIABLE_SIN_PUNTO_FUERTE,,UNKNOWN,true,false,SIN_PUNTO,,,incompleto_revision,Incompleto en revisión,INCOMPLETO,NO_DIFERENCIABLE,NO_DIFERENCIABLE_SIN_PUNTO_FUERTE,,INCOMPLETO,Incompleto,baja,33.3,"Coinciden 2 de 6 puntos esperados. Faltan ingreso, preingreso, calada, egreso.",6,2,4,false,sin_ingreso,true,egreso_y_balanza,false,true,DESPACHO_SIN_PUNTO_INSTRUMENTADO,2,BALANZA_INGRESO>BALANZA_EGRESO,SIN_PUNTO,SIN_PUNTO,Sin punto instrumentado (sólidos),DESPACHO_SIN_PUNTO_INSTRUMENTADO,false,0,false,false,false,UNKNOWN,UNKNOWN,,,0,false,false,,,,NONE,DATA_COVERAGE,EVENTOS_INSUFICIENTES,missing_ingreso_frontal,RicB3Ingreso>RicB2Egreso,,incompleto_revision,false,0,RicIngCamFrente|RICARDONE_INGRESO_CAMIONES,2026-10-05T11:14:03.732Z,day,2026-10-04,2026-09-30,33.3,INGRESO|PREINGRESO|CALADA|EGRESO,EVENTOS_INSUFICIENTES,false,false,circuito_probable_sin_ingreso,2-S4>2-S4,2026-09-30_2026-10-04,final_circuits.csv
8c05f83d-5be4-4769-adc4-a3244ab54137__cycle_3,KGY149,KGY149,ANOMALIAS,NO_DIFERENCIABLE_SIN_PUNTO_FUERTE,,UNKNOWN,true,false,SIN_PUNTO,,,incompleto_revision,Incompleto en revisión,INCOMPLETO,NO_DIFERENCIABLE,NO_DIFERENCIABLE_SIN_PUNTO_FUERTE,,INCOMPLETO,Incompleto,baja,33.3,"Coinciden 2 de 6 puntos esperados. Faltan ingreso, preingreso, calada, egreso.",6,2,4,false,sin_ingreso,true,egreso_y_balanza,false,true,DESPACHO_SIN_PUNTO_INSTRUMENTADO,2,BALANZA_INGRESO>BALANZA_EGRESO,SIN_PUNTO,SIN_PUNTO,Sin punto instrumentado (sólidos),DESPACHO_SIN_PUNTO_INSTRUMENTADO,false,0,false,false,false,UNKNOWN,UNKNOWN,,,0,false,false,,,,NONE,DATA_COVERAGE,EVENTOS_INSUFICIENTES,missing_ingreso_frontal,RicB3Ingreso>RicB2Egreso,,incompleto_revision,false,0,RicIngCamFrente|RICARDONE_INGRESO_CAMIONES,2026-10-05T11:14:03.732Z,day,2026-10-04,2026-09-30,33.3,INGRESO|PREINGRESO|CALADA|EGRESO,EVENTOS_INSUFICIENTES,false,false,circuito_probable_sin_ingreso,2-S4>2-S4,2026-09-30_2026-10-04,final_circuits.csv
83a933b7-4420-46b5-a3dc-5038381e7f7f,MSE380,MSE380,ANOMALIAS,NO_DIFERENCIABLE_SIN_PUNTO_FUERTE,,UNKNOWN,true,false,SIN_PUNTO,,SAN_LORENZO,incompleto_revision,Incompleto en revisión,INCOMPLETO,NO_DIFERENCIABLE,NO_DIFERENCIABLE_SIN_PUNTO_FUERTE,,INCOMPLETO,Incompleto,baja,33.3,"Coinciden 2 de 6 puntos esperados. Faltan ingreso, preingreso, calada, egreso.",6,2,4,false,sin_ingreso,true,egreso_y_balanza,false,true,DESPACHO_SIN_PUNTO_INSTRUMENTADO,3,BALANZA_INGRESO>BALANZA_EGRESO>SL_EGRESO,SIN_PUNTO,SIN_PUNTO,Sin punto instrumentado (sólidos),DESPACHO_SIN_PUNTO_INSTRUMENTADO,false,0,true,false,false,UNKNOWN,UNKNOWN,,,0,false,false,,,,NONE,DATA_COVERAGE,SECUENCIA_INCOMPLETA,missing_ingreso_frontal+suspicious_duplicate,RicB3Ingreso>RicB2Egreso>SLZSalidaC2Fte,,incompleto_revision,true,0,RicIngCamFrente|RICARDONE_INGRESO_CAMIONES,2026-10-05T11:14:03.732Z,day,2026-10-04,2026-09-30,33.3,INGRESO|PREINGRESO|CALADA|EGRESO,SECUENCIA_NO_CONCLUYENTE,false,false,circuito_probable_sin_ingreso+punto_fuerte,2-S4>2-S4>1-S7,2026-09-30_2026-10-04,final_circuits.csv
6cda4365-6472-4875-8db1-7bcab3e3725d__cycle_1,EKC971,EKC971,ANOMALIAS,NO_DIFERENCIABLE_SIN_PUNTO_FUERTE,,UNKNOWN,true,false,SIN_PUNTO,,,incompleto_revision,Incompleto en revisión,INCOMPLETO,NO_DIFERENCIABLE,NO_DIFERENCIABLE_SIN_PUNTO_FUERTE,,INCOMPLETO,Incompleto,muy_baja,33.3,"Coinciden 2 de 6 puntos esperados. Faltan ingreso, balanza ingreso, balanza egreso, egreso.",6,2,4,true,preingreso,false,sin_egreso,false,false,DESPACHO_SIN_PUNTO_INSTRUMENTADO,3,PREINGRESO>CALADA>PREINGRESO,SIN_PUNTO,SIN_PUNTO,Sin punto instrumentado (sólidos),DESPACHO_SIN_PUNTO_INSTRUMENTADO,false,0,false,false,false,UNKNOWN,UNKNOWN,,,0,false,false,,,,NONE,DATA_COVERAGE,SECUENCIA_INCOMPLETA,missing_ingreso_frontal+suspicious_duplicate,RicPreIngInFr>RicCal04>RicPreIngInFr,,incompleto_revision,false,0,RicIngCamFrente|RICARDONE_INGRESO_CAMIONES,2026-10-05T11:14:03.732Z,day,2026-10-04,2026-09-30,33.3,INGRESO|BALANZA_INGRESO|BALANZA_EGRESO|EGRESO,SECUENCIA_NO_CONCLUYENTE,false,false,circuito_probable_sin_egreso,2-S1>2-S2>2-S1,2026-09-30_2026-10-04,final_circuits.csv
93ffd11a-1b96-46e1-9c24-b631b8706e0d,NXG995,NXG995,ANOMALIAS,NO_DIFERENCIABLE_SIN_PUNTO_FUERTE,,UNKNOWN,true,false,SIN_PUNTO,,,incompleto_revision,Incompleto en revisión,INCOMPLETO,NO_DIFERENCIABLE,NO_DIFERENCIABLE_SIN_PUNTO_FUERTE,,INCOMPLETO,Incompleto,baja,33.3,"Coinciden 2 de 6 puntos esperados. Faltan ingreso, preingreso, calada, egreso.",6,2,4,false,sin_ingreso,true,balanza_egreso,false,false,DESPACHO_SIN_PUNTO_INSTRUMENTADO,2,BALANZA_INGRESO>BALANZA_EGRESO,SIN_PUNTO,SIN_PUNTO,Sin punto instrumentado (sólidos),DESPACHO_SIN_PUNTO_INSTRUMENTADO,false,0,false,false,false,UNKNOWN,UNKNOWN,,,0,false,false,,,,NONE,DATA_COVERAGE,EVENTOS_INSUFICIENTES,missing_ingreso_frontal,RicB3Ingreso>RicB3Egreso,,incompleto_revision,false,0,RicIngCamFrente|RICARDONE_INGRESO_CAMIONES,2026-10-05T11:14:03.732Z,day,2026-10-04,2026-09-30,33.3,INGRESO|PREINGRESO|CALADA|EGRESO,EVENTOS_INSUFICIENTES,false,false,circuito_probable_sin_ingreso,2-S4>2-S4,2026-09-30_2026-10-04,final_circuits.csv
8d9ca996-d921-4be7-8511-0ce46973c106__cycle_1,AD049SR,AD049SR,ANOMALIAS,NO_DIFERENCIABLE_SIN_PUNTO_FUERTE,,UNKNOWN,true,false,SIN_PUNTO,,,incompleto_revision,Incompleto en revisión,INCOMPLETO,NO_DIFERENCIABLE,NO_DIFERENCIABLE_SIN_PUNTO_FUERTE,,INCOMPLETO,Incompleto,baja,33.3,"Coinciden 2 de 6 puntos esperados. Faltan ingreso, preingreso, calada, egreso.",6,2,4,false,sin_ingreso,true,egreso_y_balanza,false,true,DESPACHO_SIN_PUNTO_INSTRUMENTADO,2,BALANZA_INGRESO>BALANZA_EGRESO,SIN_PUNTO,SIN_PUNTO,Sin punto instrumentado (sólidos),DESPACHO_SIN_PUNTO_INSTRUMENTADO,false,0,false,false,false,UNKNOWN,UNKNOWN,,,0,false,false,,,,NONE,DATA_COVERAGE,EVENTOS_INSUFICIENTES,missing_ingreso_frontal,RicB3Ingreso>RicB2Egreso,,incompleto_revision,false,0,RicIngCamFrente|RICARDONE_INGRESO_CAMIONES,2026-10-05T11:14:03.732Z,day,2026-10-04,2026-09-30,33.3,INGRESO|PREINGRESO|CALADA|EGRESO,EVENTOS_INSUFICIENTES,false,false,circuito_probable_sin_ingreso,2-S4>2-S4,2026-09-30_2026-10-04,final_circuits.csv
c5d6fb71-23c6-44b8-a6c7-6decffb743b2,XBL711,XBL711,ANOMALIAS,JOURNEY_INCOMPLETO,,RICARDONE,true,false,R8,,LIQUIDO,incompleto_revision,Incompleto en revisión,INCOMPLETO,INCOMPLETO,SECUENCIA_NO_CONCLUYENTE,,INCOMPLETO,Incompleto,media,50,"Coinciden 3 de 6 puntos esperados. Faltan ingreso, preingreso, balanza ingreso.",6,3,3,false,sin_ingreso,true,egreso_y_balanza,false,true,CIRCUITO_LIQUIDO,6,LIQUIDO>PLAYA>BALANZA_EGRESO>SL_BALANZA_INGRESO>SL_VOLCABLE>SL_EGRESO,R8,R8,Recepción Mercadería Líquida,CIRCUITO_LIQUIDO,false,63,true,true,true,UNKNOWN,UNKNOWN,,,0,false,false,,,,NONE,BEHAVIORAL,SL_RIC_2H_SIN_CIRCUITO_NO_PELLET,missing_ingreso_frontal+suspicious_duplicate,RicCalLiq>RicS6Playa3>RicB2Egreso>SLZBalIngFte>SLZVolcableC4>SLZSalidaC1Fte,,incompleto_revision,true,0,RicIngCamFrente|RICARDONE_INGRESO_CAMIONES,2026-10-05T11:14:03.732Z,day,2026-10-04,2026-09-30,33.3,INGRESO|PREINGRESO|BALANZA_INGRESO|EGRESO,SECUENCIA_NO_CONCLUYENTE,false,false,circuito_probable_sin_ingreso+punto_fuerte,2-S2>2-S6>2-S4>1-S1>1-S4>1-S7,2026-09-30_2026-10-04,final_circuits.csv
f956ad89-e9b2-4e0e-99b8-98fe40181e6b__cycle_1,GVJ645,GVJ645,ANOMALIAS,FRAGMENTO_SIN_CIERRE_OPERATIVO,,RICARDONE,true,false,R8,,LIQUIDO,incompleto_revision,Incompleto en revisión,INCOMPLETO,INCOMPLETO,FRAGMENTO_SIN_CIERRE_OPERATIVO,,INCOMPLETO,Incompleto,media,50,"Coinciden 3 de 6 puntos esperados. Faltan ingreso, balanza ingreso, balanza egreso.",6,3,3,true,preingreso,false,sin_egreso,false,false,CIRCUITO_LIQUIDO,2,PREINGRESO>LIQUIDO,R8,R8,Recepción Mercadería Líquida,CIRCUITO_LIQUIDO,false,63,true,true,true,UNKNOWN,UNKNOWN,,,0,false,false,,,,NONE,DATA_COVERAGE,EVENTOS_INSUFICIENTES,missing_ingreso_frontal,RicPreIngInFr>RicCalLiq,,incompleto_revision,true,0,RicIngCamFrente|RICARDONE_INGRESO_CAMIONES,2026-10-05T11:14:03.732Z,day,2026-10-04,2026-09-30,33.3,INGRESO|BALANZA_INGRESO|BALANZA_EGRESO|EGRESO,EVENTOS_INSUFICIENTES,false,false,circuito_probable_sin_egreso+punto_fuerte,2-S1>2-S2,2026-09-30_2026-10-04,final_circuits.csv
5f459193-b0f0-4e61-a00b-21c276a59271__cycle_1,JDH880,JDH880,ANOMALIAS,FRAGMENTO_SIN_CIERRE_OPERATIVO,,RICARDONE,true,false,R8,,LIQUIDO,incompleto_revision,Incompleto en revisión,INCOMPLETO,INCOMPLETO,FRAGMENTO_SIN_CIERRE_OPERATIVO,,INCOMPLETO,Incompleto,media,50,"Coinciden 3 de 6 puntos esperados. Faltan ingreso, balanza ingreso, balanza egreso.",6,3,3,true,preingreso,false,sin_egreso,false,false,CIRCUITO_LIQUIDO,2,PREINGRESO>LIQUIDO,R8,R8,Recepción Mercadería Líquida,CIRCUITO_LIQUIDO,false,63,true,true,true,UNKNOWN,UNKNOWN,,,0,false,false,,,,NONE,DATA_COVERAGE,EVENTOS_INSUFICIENTES,missing_ingreso_frontal,RicPreIngInFr>RicCalLiq,,incompleto_revision,true,0,RicIngCamFrente|RICARDONE_INGRESO_CAMIONES,2026-10-05T11:14:03.732Z,day,2026-10-04,2026-09-30,33.3,INGRESO|BALANZA_INGRESO|BALANZA_EGRESO|EGRESO,EVENTOS_INSUFICIENTES,false,false,circuito_probable_sin_egreso+punto_fuerte,2-S1>2-S2,2026-09-30_2026-10-04,final_circuits.csv
f467e7d6-c5e1-4345-819e-52592cee5063__cycle_1,CNG506,CNG506,ANOMALIAS,FRAGMENTO_SIN_CIERRE_OPERATIVO,,RICARDONE,true,false,R8,,LIQUIDO,incompleto_revision,Incompleto en revisión,INCOMPLETO,INCOMPLETO,FRAGMENTO_SIN_CIERRE_OPERATIVO,,INCOMPLETO,Incompleto,media,50,"Coinciden 3 de 6 puntos esperados. Faltan ingreso, balanza ingreso, balanza egreso.",6,3,3,true,preingreso,false,sin_egreso,false,false,CIRCUITO_LIQUIDO,2,PREINGRESO>LIQUIDO,R8,R8,Recepción Mercadería Líquida,CIRCUITO_LIQUIDO,false,63,true,true,true,UNKNOWN,UNKNOWN,,,0,false,false,,,,NONE,DATA_COVERAGE,EVENTOS_INSUFICIENTES,missing_ingreso_frontal,RicPreIngInFr>RicCalLiq,,incompleto_revision,true,0,RicIngCamFrente|RICARDONE_INGRESO_CAMIONES,2026-10-05T11:14:03.732Z,day,2026-10-04,2026-09-30,33.3,INGRESO|BALANZA_INGRESO|BALANZA_EGRESO|EGRESO,EVENTOS_INSUFICIENTES,false,false,circuito_probable_sin_egreso+punto_fuerte,2-S1>2-S2,2026-09-30_2026-10-04,final_circuits.csv
e4390a56-3c01-4be6-ad15-a93b4878c326,PNJ544,PNJ544,ANOMALIAS,NO_DIFERENCIABLE_SIN_PUNTO_FUERTE,,UNKNOWN,true,false,SIN_PUNTO,,SAN_LORENZO,incompleto_revision,Incompleto en revisión,INCOMPLETO,NO_DIFERENCIABLE,NO_DIFERENCIABLE_SIN_PUNTO_FUERTE,,INCOMPLETO,Incompleto,baja,33.3,"Coinciden 2 de 6 puntos esperados. Faltan ingreso, balanza ingreso, balanza egreso, egreso.",6,2,4,true,preingreso,false,sin_egreso,false,false,DESPACHO_SIN_PUNTO_INSTRUMENTADO,3,PREINGRESO>CALADA>SL_BALANZA_INGRESO,SIN_PUNTO,SIN_PUNTO,Sin punto instrumentado (sólidos),DESPACHO_SIN_PUNTO_INSTRUMENTADO,false,0,true,false,false,UNKNOWN,UNKNOWN,,,0,false,false,,,,NONE,DATA_COVERAGE,SECUENCIA_INCOMPLETA,missing_ingreso_frontal,RicPreIngInFr>RicCal03>SLZBalIngFte,,incompleto_revision,true,0,RicIngCamFrente|RICARDONE_INGRESO_CAMIONES,2026-10-05T11:14:03.732Z,day,2026-10-04,2026-09-30,33.3,INGRESO|BALANZA_INGRESO|BALANZA_EGRESO|EGRESO,SECUENCIA_NO_CONCLUYENTE,false,false,circuito_probable_sin_egreso+punto_fuerte,2-S1>2-S2>1-S1,2026-09-30_2026-10-04,final_circuits.csv
cfea7654-f295-4749-9f27-26b7e63e08e8,CFQ560,CFQ560,ANOMALIAS,JOURNEY_INCOMPLETO,,RICARDONE,true,false,R8,,LIQUIDO,incompleto_revision,Incompleto en revisión,INCOMPLETO,INCOMPLETO,SECUENCIA_NO_CONCLUYENTE,,INCOMPLETO,Incompleto,media,66.7,"Coinciden 4 de 6 puntos esperados. Faltan ingreso, balanza ingreso.",6,4,2,true,preingreso,true,egreso_y_balanza,false,true,CIRCUITO_LIQUIDO,8,PREINGRESO>LIQUIDO>PLAYA>BALANZA_EGRESO>SL_INGRESO>SL_BALANZA_INGRESO>SL_VOLCABLE>SL_EGRESO,R8,R8,Recepción Mercadería Líquida,CIRCUITO_LIQUIDO,false,63,true,true,true,UNKNOWN,UNKNOWN,,,0,false,false,,,,NONE,BEHAVIORAL,RIC_SL_MAS30M_SIN_CALADA_SL,missing_ingreso_frontal,RicPreIngInFr>RicCalLiq>RicS6Playa3>RicB2Egreso>SLZIngCamFrente>SLZBalIngFte>SLZVolcableC4>SLZSalidaC1Fte,,incompleto_revision,true,0,RicIngCamFrente|RICARDONE_INGRESO_CAMIONES,2026-10-05T11:14:03.732Z,day,2026-10-04,2026-09-30,50,INGRESO|BALANZA_INGRESO|EGRESO,SECUENCIA_NO_CONCLUYENTE,false,false,circuito_probable_sin_egreso+punto_fuerte,2-S1>2-S2>2-S6>2-S4>1-S0>1-S1>1-S4>1-S7,2026-09-30_2026-10-04,final_circuits.csv
9434c99c-4850-442f-8bcb-0c4bdb3920b5__cycle_1,FAZ585,FAZ585,ANOMALIAS,FRAGMENTO_SIN_CIERRE_OPERATIVO,,RICARDONE,true,false,R8,,LIQUIDO,incompleto_revision,Incompleto en revisión,INCOMPLETO,INCOMPLETO,FRAGMENTO_SIN_CIERRE_OPERATIVO,,INCOMPLETO,Incompleto,media,50,"Coinciden 3 de 6 puntos esperados. Faltan ingreso, balanza ingreso, balanza egreso.",6,3,3,true,preingreso,false,sin_egreso,false,false,CIRCUITO_LIQUIDO,2,PREINGRESO>LIQUIDO,R8,R8,Recepción Mercadería Líquida,CIRCUITO_LIQUIDO,false,63,true,true,true,UNKNOWN,UNKNOWN,,,0,false,false,,,,NONE,DATA_COVERAGE,EVENTOS_INSUFICIENTES,missing_ingreso_frontal,RicPreIngInFr>RicCalLiq,,incompleto_revision,true,0,RicIngCamFrente|RICARDONE_INGRESO_CAMIONES,2026-10-05T11:14:03.732Z,day,2026-10-04,2026-09-30,33.3,INGRESO|BALANZA_INGRESO|BALANZA_EGRESO|EGRESO,EVENTOS_INSUFICIENTES,false,false,circuito_probable_sin_egreso+punto_fuerte,2-S1>2-S2,2026-09-30_2026-10-04,final_circuits.csv
aaef653e-5f77-4d9c-82e3-3c5e71ea3764__cycle_1,CSB958,CSB958,ANOMALIAS,FRAGMENTO_SIN_CIERRE_OPERATIVO,,RICARDONE,true,false,R8,,LIQUIDO,incompleto_revision,Incompleto en revisión,INCOMPLETO,INCOMPLETO,FRAGMENTO_SIN_CIERRE_OPERATIVO,,INCOMPLETO,Incompleto,media,50,"Coinciden 3 de 6 puntos esperados. Faltan ingreso, balanza ingreso, balanza egreso.",6,3,3,true,preingreso,false,sin_egreso,false,false,CIRCUITO_LIQUIDO,2,PREINGRESO>LIQUIDO,R8,R8,Recepción Mercadería Líquida,CIRCUITO_LIQUIDO,false,63,true,true,true,UNKNOWN,UNKNOWN,,,0,false,false,,,,NONE,DATA_COVERAGE,EVENTOS_INSUFICIENTES,missing_ingreso_frontal,RicPreIngInFr>RicCalLiq,,incompleto_revision,true,0,RicIngCamFrente|RICARDONE_INGRESO_CAMIONES,2026-10-05T11:14:03.732Z,day,2026-10-04,2026-09-30,33.3,INGRESO|BALANZA_INGRESO|BALANZA_EGRESO|EGRESO,EVENTOS_INSUFICIENTES,false,false,circuito_probable_sin_egreso+punto_fuerte,2-S1>2-S2,2026-09-30_2026-10-04,final_circuits.csv
8845c275-b029-40f9-b37a-c94b7d2b4379__cycle_1,JUP399,JUP399,ANOMALIAS,FRAGMENTO_SIN_CIERRE_OPERATIVO,,RICARDONE,true,false,R8,,LIQUIDO,incompleto_revision,Incompleto en revisión,INCOMPLETO,INCOMPLETO,FRAGMENTO_SIN_CIERRE_OPERATIVO,,INCOMPLETO,Incompleto,media,50,"Coinciden 3 de 6 puntos esperados. Faltan ingreso, balanza ingreso, balanza egreso.",6,3,3,true,preingreso,false,sin_egreso,false,false,CIRCUITO_LIQUIDO,2,PREINGRESO>LIQUIDO,R8,R8,Recepción Mercadería Líquida,CIRCUITO_LIQUIDO,false,63,true,true,true,UNKNOWN,UNKNOWN,,,0,false,false,,,,NONE,DATA_COVERAGE,EVENTOS_INSUFICIENTES,missing_ingreso_frontal,RicPreIngInFr>RicCalLiq,,incompleto_revision,true,0,RicIngCamFrente|RICARDONE_INGRESO_CAMIONES,2026-10-05T11:14:03.732Z,day,2026-10-04,2026-09-30,33.3,INGRESO|BALANZA_INGRESO|BALANZA_EGRESO|EGRESO,EVENTOS_INSUFICIENTES,false,false,circuito_probable_sin_egreso+punto_fuerte,2-S1>2-S2,2026-09-30_2026-10-04,final_circuits.csv
a86ac7be-d986-4864-802a-5a18201eac2a__cycle_1,FLF111,FLF111,ANOMALIAS,FRAGMENTO_SIN_CIERRE_OPERATIVO,,RICARDONE,true,false,R8,,LIQUIDO,incompleto_revision,Incompleto en revisión,INCOMPLETO,INCOMPLETO,FRAGMENTO_SIN_CIERRE_OPERATIVO,,INCOMPLETO,Incompleto,media,50,"Coinciden 3 de 6 puntos esperados. Faltan ingreso, balanza ingreso, balanza egreso.",6,3,3,true,preingreso,false,sin_egreso,false,false,CIRCUITO_LIQUIDO,2,PREINGRESO>LIQUIDO,R8,R8,Recepción Mercadería Líquida,CIRCUITO_LIQUIDO,false,63,true,true,true,UNKNOWN,UNKNOWN,,,0,false,false,,,,NONE,DATA_COVERAGE,EVENTOS_INSUFICIENTES,missing_ingreso_frontal,RicPreIngInFr>RicCalLiq,,incompleto_revision,true,0,RicIngCamFrente|RICARDONE_INGRESO_CAMIONES,2026-10-05T11:14:03.732Z,day,2026-10-04,2026-09-30,33.3,INGRESO|BALANZA_INGRESO|BALANZA_EGRESO|EGRESO,EVENTOS_INSUFICIENTES,false,false,circuito_probable_sin_egreso+punto_fuerte,2-S1>2-S2,2026-09-30_2026-10-04,final_circuits.csv
5eeba7f3-de89-4773-bb40-bc288057b162__cycle_1,WNL428,WNL428,ANOMALIAS,FRAGMENTO_SIN_CIERRE_OPERATIVO,,RICARDONE,true,false,R8,,LIQUIDO,incompleto_revision,Incompleto en revisión,INCOMPLETO,INCOMPLETO,FRAGMENTO_SIN_CIERRE_OPERATIVO,,INCOMPLETO,Incompleto,media,50,"Coinciden 3 de 6 puntos esperados. Faltan ingreso, balanza ingreso, balanza egreso.",6,3,3,true,preingreso,false,sin_egreso,false,false,CIRCUITO_LIQUIDO,2,PREINGRESO>LIQUIDO,R8,R8,Recepción Mercadería Líquida,CIRCUITO_LIQUIDO,false,63,true,true,true,UNKNOWN,UNKNOWN,,,0,false,false,,,,NONE,DATA_COVERAGE,EVENTOS_INSUFICIENTES,missing_ingreso_frontal,RicPreIngInFr>RicCalLiq,,incompleto_revision,true,0,RicIngCamFrente|RICARDONE_INGRESO_CAMIONES,2026-10-05T11:14:03.732Z,day,2026-10-04,2026-09-30,33.3,INGRESO|BALANZA_INGRESO|BALANZA_EGRESO|EGRESO,EVENTOS_INSUFICIENTES,false,false,circuito_probable_sin_egreso+punto_fuerte,2-S1>2-S2,2026-09-30_2026-10-04,final_circuits.csv
6a11c7ce-2dac-4f51-bca4-2df8eef753e9,RYX227,RYX227,ANOMALIAS,FRAGMENTO_SIN_CIERRE_OPERATIVO,,UNKNOWN,true,false,SIN_PUNTO,,,incompleto_revision,Incompleto en revisión,INCOMPLETO,INCOMPLETO,FRAGMENTO_SIN_CIERRE_OPERATIVO,,INCOMPLETO,Incompleto,muy_baja,33.3,"Coinciden 2 de 6 puntos esperados. Faltan ingreso, balanza ingreso, balanza egreso, egreso.",6,2,4,true,preingreso,false,sin_egreso,false,false,DESPACHO_SIN_PUNTO_INSTRUMENTADO,2,PREINGRESO>CALADA,SIN_PUNTO,SIN_PUNTO,Sin punto instrumentado (sólidos),DESPACHO_SIN_PUNTO_INSTRUMENTADO,false,0,false,false,false,UNKNOWN,UNKNOWN,,,0,false,false,,,,NONE,DATA_COVERAGE,EVENTOS_INSUFICIENTES,missing_ingreso_frontal,RicPreIngInFr>RicCal04,,incompleto_revision,false,0,RicIngCamFrente|RICARDONE_INGRESO_CAMIONES,2026-10-05T11:14:03.732Z,day,2026-10-04,2026-09-30,33.3,INGRESO|BALANZA_INGRESO|BALANZA_EGRESO|EGRESO,EVENTOS_INSUFICIENTES,false,false,circuito_probable_sin_egreso,2-S1>2-S2,2026-09-30_2026-10-04,final_circuits.csv
a2db3bfb-8dc5-443e-b66f-8a712e9cebd6,FWZ505,FWZ505,ANOMALIAS,FRAGMENTO_SIN_CIERRE_OPERATIVO,,UNKNOWN,true,false,SIN_PUNTO,,,incompleto_revision,Incompleto en revisión,INCOMPLETO,INCOMPLETO,FRAGMENTO_SIN_CIERRE_OPERATIVO,,INCOMPLETO,Incompleto,muy_baja,33.3,"Coinciden 2 de 6 puntos esperados. Faltan ingreso, balanza ingreso, balanza egreso, egreso.",6,2,4,true,preingreso,false,sin_egreso,false,false,DESPACHO_SIN_PUNTO_INSTRUMENTADO,2,PREINGRESO>CALADA,SIN_PUNTO,SIN_PUNTO,Sin punto instrumentado (sólidos),DESPACHO_SIN_PUNTO_INSTRUMENTADO,false,0,false,false,false,UNKNOWN,UNKNOWN,,,0,false,false,,,,NONE,DATA_COVERAGE,EVENTOS_INSUFICIENTES,missing_ingreso_frontal,RicPreIngInFr>RicCal03,,incompleto_revision,false,0,RicIngCamFrente|RICARDONE_INGRESO_CAMIONES,2026-10-05T11:14:03.732Z,day,2026-10-04,2026-09-30,33.3,INGRESO|BALANZA_INGRESO|BALANZA_EGRESO|EGRESO,EVENTOS_INSUFICIENTES,false,false,circuito_probable_sin_egreso,2-S1>2-S2,2026-09-30_2026-10-04,final_circuits.csv
4a87e339-8eff-43d0-9f93-1fefb3961ade,KDG811,KDG811,ANOMALIAS,NO_DIFERENCIABLE_SIN_PUNTO_FUERTE,,UNKNOWN,true,false,SIN_PUNTO,,SAN_LORENZO,incompleto_revision,Incompleto en revisión,INCOMPLETO,NO_DIFERENCIABLE,NO_DIFERENCIABLE_SIN_PUNTO_FUERTE,,INCOMPLETO,Incompleto,baja,33.3,"Coinciden 2 de 6 puntos esperados. Faltan ingreso, balanza ingreso, balanza egreso, egreso.",6,2,4,true,preingreso,false,sin_egreso,false,false,DESPACHO_SIN_PUNTO_INSTRUMENTADO,4,PREINGRESO>CALADA>SL_BALANZA_INGRESO>SL_EGRESO,SIN_PUNTO,SIN_PUNTO,Sin punto instrumentado (sólidos),DESPACHO_SIN_PUNTO_INSTRUMENTADO,false,0,true,false,false,UNKNOWN,UNKNOWN,,,0,false,false,,,,NONE,DATA_COVERAGE,SECUENCIA_INCOMPLETA,missing_ingreso_frontal,RicPreIngInFr>RicCal04>SLZBalIngFte>SLZSalidaC1Fte,,incompleto_revision,true,0,RicIngCamFrente|RICARDONE_INGRESO_CAMIONES,2026-10-05T11:14:03.732Z,day,2026-10-04,2026-09-30,33.3,INGRESO|BALANZA_INGRESO|BALANZA_EGRESO|EGRESO,SECUENCIA_NO_CONCLUYENTE,false,false,circuito_probable_sin_egreso+punto_fuerte,2-S1>2-S2>1-S1>1-S7,2026-09-30_2026-10-04,final_circuits.csv
e9b76797-2489-4178-85ad-48ec7c34d61d__cycle_1,AI467SL,AI467SL,ANOMALIAS,NO_DIFERENCIABLE_SIN_PUNTO_FUERTE,,UNKNOWN,true,false,SIN_PUNTO,,,incompleto_revision,Incompleto en revisión,INCOMPLETO,NO_DIFERENCIABLE,NO_DIFERENCIABLE_SIN_PUNTO_FUERTE,,INCOMPLETO,Incompleto,baja,50,"Coinciden 3 de 6 puntos esperados. Faltan balanza ingreso, balanza egreso, egreso.",6,3,3,true,ingreso_y_preingreso,false,sin_egreso,false,false,DESPACHO_SIN_PUNTO_INSTRUMENTADO,3,INGRESO>PREINGRESO>CALADA,SIN_PUNTO,SIN_PUNTO,Sin punto instrumentado (sólidos),DESPACHO_SIN_PUNTO_INSTRUMENTADO,false,0,false,false,false,UNKNOWN,UNKNOWN,,,0,false,false,,,,NONE,DATA_COVERAGE,SECUENCIA_INCOMPLETA,missing_ingreso_frontal,RicIngCamFrente>RicPreIngInFr>RicCal04,,incompleto_revision,false,0,RicIngCamFrente|RICARDONE_INGRESO_CAMIONES,2026-10-05T11:14:03.732Z,day,2026-10-04,2026-09-30,50,BALANZA_INGRESO|BALANZA_EGRESO|EGRESO,SECUENCIA_NO_CONCLUYENTE,false,false,circuito_probable_sin_egreso,2-S0>2-S1>2-S2,2026-09-30_2026-10-04,final_circuits.csv
ba041ae3-1203-4d1a-8707-acd147affa75,AA168AF,AA168AF,ANOMALIAS,NO_DIFERENCIABLE_SIN_PUNTO_FUERTE,,UNKNOWN,true,false,SIN_PUNTO,,SAN_LORENZO,incompleto_revision,Incompleto en revisión,INCOMPLETO,NO_DIFERENCIABLE,NO_DIFERENCIABLE_SIN_PUNTO_FUERTE,,INCOMPLETO,Incompleto,baja,33.3,"Coinciden 2 de 6 puntos esperados. Faltan ingreso, balanza ingreso, balanza egreso, egreso.",6,2,4,true,preingreso,false,sin_egreso,false,false,DESPACHO_SIN_PUNTO_INSTRUMENTADO,4,PREINGRESO>CALADA>SL_VOLCABLE>SL_EGRESO,SIN_PUNTO,SIN_PUNTO,Sin punto instrumentado (sólidos),DESPACHO_SIN_PUNTO_INSTRUMENTADO,false,0,true,false,false,UNKNOWN,UNKNOWN,,,0,false,false,,,,NONE,DATA_COVERAGE,SECUENCIA_INCOMPLETA,missing_ingreso_frontal,RicPreIngInFr>RicCal03>SLZVolcableC5>SLZSalidaC1Fte,,incompleto_revision,true,0,RicIngCamFrente|RICARDONE_INGRESO_CAMIONES,2026-10-05T11:14:03.732Z,day,2026-10-04,2026-09-30,33.3,INGRESO|BALANZA_INGRESO|BALANZA_EGRESO|EGRESO,SECUENCIA_NO_CONCLUYENTE,false,false,circuito_probable_sin_egreso+punto_fuerte,2-S1>2-S2>1-S4>1-S7,2026-09-30_2026-10-04,final_circuits.csv
22f07505-9bf6-4cad-b311-6080754fc404,AB766FQ,AB766FQ,ANOMALIAS,NO_DIFERENCIABLE_SIN_PUNTO_FUERTE,,UNKNOWN,true,false,SIN_PUNTO,,SAN_LORENZO,incompleto_revision,Incompleto en revisión,INCOMPLETO,NO_DIFERENCIABLE,NO_DIFERENCIABLE_SIN_PUNTO_FUERTE,,INCOMPLETO,Incompleto,baja,33.3,"Coinciden 2 de 6 puntos esperados. Faltan ingreso, balanza ingreso, balanza egreso, egreso.",6,2,4,true,preingreso,false,sin_egreso,false,false,DESPACHO_SIN_PUNTO_INSTRUMENTADO,4,PREINGRESO>CALADA>SL_VOLCABLE>SL_EGRESO,SIN_PUNTO,SIN_PUNTO,Sin punto instrumentado (sólidos),DESPACHO_SIN_PUNTO_INSTRUMENTADO,false,0,true,false,false,UNKNOWN,UNKNOWN,,,0,false,false,,,,NONE,DATA_COVERAGE,SECUENCIA_INCOMPLETA,missing_ingreso_frontal,RicPreIngInFr>RicCal03>SLZVolcableC5>SLZSalidaC1Fte,,incompleto_revision,true,0,RicIngCamFrente|RICARDONE_INGRESO_CAMIONES,2026-10-05T11:14:03.732Z,day,2026-10-04,2026-09-30,33.3,INGRESO|BALANZA_INGRESO|BALANZA_EGRESO|EGRESO,SECUENCIA_NO_CONCLUYENTE,false,false,circuito_probable_sin_egreso+punto_fuerte,2-S1>2-S2>1-S4>1-S7,2026-09-30_2026-10-04,final_circuits.csv
e6eca959-9c9d-40e4-bf60-6e0c3af0df34,ECN609,ECN609,ANOMALIAS,NO_DIFERENCIABLE_SIN_PUNTO_FUERTE,,UNKNOWN,true,false,SIN_PUNTO,,,incompleto_revision,Incompleto en revisión,INCOMPLETO,NO_DIFERENCIABLE,NO_DIFERENCIABLE_SIN_PUNTO_FUERTE,,INCOMPLETO,Incompleto,baja,50,"Coinciden 3 de 6 puntos esperados. Faltan ingreso, balanza ingreso, egreso.",6,3,3,true,preingreso,true,egreso_y_balanza,false,true,DESPACHO_SIN_PUNTO_INSTRUMENTADO,4,PREINGRESO>CALADA>PLAYA>BALANZA_EGRESO,SIN_PUNTO,SIN_PUNTO,Sin punto instrumentado (sólidos),DESPACHO_SIN_PUNTO_INSTRUMENTADO,false,0,false,false,false,UNKNOWN,UNKNOWN,,,0,false,false,,,,NONE,DATA_COVERAGE,SECUENCIA_INCOMPLETA,missing_ingreso_frontal,RicPreIngInFr>RicCal03>RicS6Playa3>RicB2Egreso,,incompleto_revision,false,0,RicIngCamFrente|RICARDONE_INGRESO_CAMIONES,2026-10-05T11:14:03.732Z,day,2026-10-04,2026-09-30,50,INGRESO|BALANZA_INGRESO|EGRESO,SECUENCIA_NO_CONCLUYENTE,false,false,circuito_probable_sin_egreso,2-S1>2-S2>2-S6>2-S4,2026-09-30_2026-10-04,final_circuits.csv
18969121-64f7-46a3-9200-f632e9b0e9f9__cycle_2,AE808WG,AE808WG,ANOMALIAS,JOURNEY_INCOMPLETO,,RICARDONE,true,false,R8,,LIQUIDO,incompleto_revision,Incompleto en revisión,INCOMPLETO,INCOMPLETO,SECUENCIA_NO_CONCLUYENTE,,INCOMPLETO,Incompleto,media,50,"Coinciden 3 de 6 puntos esperados. Faltan ingreso, balanza ingreso, balanza egreso.",6,3,3,true,preingreso,true,egreso,false,true,CIRCUITO_LIQUIDO,3,PREINGRESO>LIQUIDO>EGRESO,R8,R8,Recepción Mercadería Líquida,CIRCUITO_LIQUIDO,false,63,true,true,true,UNKNOWN,UNKNOWN,,,0,false,false,,,,NONE,DATA_COVERAGE,SECUENCIA_INCOMPLETA,missing_ingreso_frontal,RicPreIngInFr>RicCalLiq>RicEgrCamFrente,,incompleto_revision,true,0,RicIngCamFrente|RICARDONE_INGRESO_CAMIONES,2026-10-05T11:14:03.732Z,day,2026-10-04,2026-09-30,50,INGRESO|BALANZA_INGRESO|BALANZA_EGRESO,SECUENCIA_NO_CONCLUYENTE,false,false,incompleto_revision+punto_fuerte,2-S1>2-S2>2-S3,2026-09-30_2026-10-04,final_circuits.csv
9a854803-4999-4fc8-a757-0f4cc40433ff,ONS723,ONS723,ANOMALIAS,NO_DIFERENCIABLE_SIN_PUNTO_FUERTE,,UNKNOWN,true,false,SIN_PUNTO,,,incompleto_revision,Incompleto en revisión,INCOMPLETO,NO_DIFERENCIABLE,NO_DIFERENCIABLE_SIN_PUNTO_FUERTE,,INCOMPLETO,Incompleto,baja,33.3,"Coinciden 2 de 6 puntos esperados. Faltan ingreso, preingreso, calada, egreso.",6,2,4,false,sin_ingreso,true,balanza_egreso,false,false,DESPACHO_SIN_PUNTO_INSTRUMENTADO,2,BALANZA_INGRESO>BALANZA_EGRESO,SIN_PUNTO,SIN_PUNTO,Sin punto instrumentado (sólidos),DESPACHO_SIN_PUNTO_INSTRUMENTADO,false,0,false,false,false,UNKNOWN,UNKNOWN,,,0,false,false,,,,NONE,DATA_COVERAGE,EVENTOS_INSUFICIENTES,missing_ingreso_frontal,RicB3Ingreso>RicB3Egreso,,incompleto_revision,false,0,RicIngCamFrente|RICARDONE_INGRESO_CAMIONES,2026-10-05T11:14:03.732Z,day,2026-10-04,2026-09-30,33.3,INGRESO|PREINGRESO|CALADA|EGRESO,EVENTOS_INSUFICIENTES,false,false,circuito_probable_sin_ingreso,2-S4>2-S4,2026-09-30_2026-10-04,final_circuits.csv
e7027083-3e33-4f55-a309-2d83100f3408,AFH021,AFH021,ANOMALIAS,JOURNEY_INCOMPLETO,,RICARDONE,true,false,R6,,RICARDONE,incompleto_revision,Incompleto en revisión,INCOMPLETO,INCOMPLETO,EVENTOS_INSUFICIENTES,,INCOMPLETO,Incompleto,baja,28.6,"Coinciden 2 de 7 puntos esperados. Faltan ingreso, preingreso, calada, balanza ingreso, egreso.",7,2,5,false,sin_ingreso,true,egreso_y_balanza,false,true,CIRCUITO_VOLCABLE_1_2,2,VOLCABLE>BALANZA_EGRESO,R6,R6,Recepción Volcable 2,CIRCUITO_VOLCABLE_1_2,false,67,true,true,true,UNKNOWN,UNKNOWN,,,0,false,false,,,,NONE,DATA_COVERAGE,EVENTOS_INSUFICIENTES,missing_ingreso_frontal,RicVolcable2>RicB2Egreso,,incompleto_revision,true,0,RicIngCamFrente|RICARDONE_INGRESO_CAMIONES,2026-10-05T11:14:03.732Z,day,2026-10-04,2026-09-30,28.6,INGRESO|PREINGRESO|CALADA|BALANZA_INGRESO|EGRESO,EVENTOS_INSUFICIENTES,false,false,circuito_probable_sin_ingreso+punto_fuerte,2-S9>2-S4,2026-09-30_2026-10-04,final_circuits.csv
86ce21d4-0899-4c76-a017-add6f2c963d7,KUH403,KUH403,ANOMALIAS,JOURNEY_INCOMPLETO,,RICARDONE,true,false,R8,,LIQUIDO,incompleto_revision,Incompleto en revisión,INCOMPLETO,INCOMPLETO,SECUENCIA_NO_CONCLUYENTE,,INCOMPLETO,Incompleto,media,50,"Coinciden 3 de 6 puntos esperados. Faltan ingreso, balanza ingreso, balanza egreso.",6,3,3,true,preingreso,true,egreso,false,true,CIRCUITO_LIQUIDO,3,PREINGRESO>LIQUIDO>EGRESO,R8,R8,Recepción Mercadería Líquida,CIRCUITO_LIQUIDO,false,63,true,true,true,UNKNOWN,UNKNOWN,,,0,false,false,,,,NONE,BEHAVIORAL,RIC_REINGRESO_RAPIDO_NO_PELLET,missing_ingreso_frontal+suspicious_duplicate,RicPreIngInFr>RicCalLiq>RicEgrCamFrente,,incompleto_revision,true,0,RicIngCamFrente|RICARDONE_INGRESO_CAMIONES,2026-10-05T11:14:03.732Z,day,2026-10-04,2026-09-30,50,INGRESO|BALANZA_INGRESO|BALANZA_EGRESO,SECUENCIA_NO_CONCLUYENTE,false,false,incompleto_revision+punto_fuerte,2-S1>2-S2>2-S3,2026-09-30_2026-10-04,final_circuits.csv
5e5c9fce-33f7-4621-8261-38b8891eeaf5,SPD790,SPD790,ANOMALIAS,NO_DIFERENCIABLE_SIN_PUNTO_FUERTE,,UNKNOWN,true,false,SIN_PUNTO,,,incompleto_revision,Incompleto en revisión,INCOMPLETO,NO_DIFERENCIABLE,NO_DIFERENCIABLE_SIN_PUNTO_FUERTE,,INCOMPLETO,Incompleto,muy_baja,33.3,"Coinciden 2 de 6 puntos esperados. Faltan ingreso, preingreso, balanza ingreso, balanza egreso.",6,2,4,false,sin_ingreso,true,egreso,false,true,DESPACHO_SIN_PUNTO_INSTRUMENTADO,2,CALADA>EGRESO,SIN_PUNTO,SIN_PUNTO,Sin punto instrumentado (sólidos),DESPACHO_SIN_PUNTO_INSTRUMENTADO,false,0,false,false,false,UNKNOWN,UNKNOWN,,,0,false,false,,,,NONE,DATA_COVERAGE,EVENTOS_INSUFICIENTES,missing_ingreso_frontal+suspicious_duplicate,RicCal03>RicEgrCamFrente,,incompleto_revision,false,0,RicIngCamFrente|RICARDONE_INGRESO_CAMIONES,2026-10-05T11:14:03.732Z,day,2026-10-04,2026-09-30,33.3,INGRESO|PREINGRESO|BALANZA_INGRESO|BALANZA_EGRESO,EVENTOS_INSUFICIENTES,false,false,circuito_probable_sin_ingreso,2-S2>2-S3,2026-09-30_2026-10-04,final_circuits.csv
bdeb023e-b311-4b8d-a02a-79535b915203,HBS709,HBS709,ANOMALIAS,NO_DIFERENCIABLE_SIN_PUNTO_FUERTE,,UNKNOWN,true,false,SIN_PUNTO,,,incompleto_revision,Incompleto en revisión,INCOMPLETO,NO_DIFERENCIABLE,NO_DIFERENCIABLE_SIN_PUNTO_FUERTE,,INCOMPLETO,Incompleto,muy_baja,33.3,"Coinciden 2 de 6 puntos esperados. Faltan ingreso, preingreso, balanza ingreso, balanza egreso.",6,2,4,false,sin_ingreso,true,egreso,false,true,DESPACHO_SIN_PUNTO_INSTRUMENTADO,2,CALADA>EGRESO,SIN_PUNTO,SIN_PUNTO,Sin punto instrumentado (sólidos),DESPACHO_SIN_PUNTO_INSTRUMENTADO,false,0,false,false,false,UNKNOWN,UNKNOWN,,,0,false,false,,,,NONE,DATA_COVERAGE,EVENTOS_INSUFICIENTES,missing_ingreso_frontal+suspicious_duplicate,RicCal03>RicEgrCamFrente,,incompleto_revision,false,0,RicIngCamFrente|RICARDONE_INGRESO_CAMIONES,2026-10-05T11:14:03.732Z,day,2026-10-04,2026-09-30,33.3,INGRESO|PREINGRESO|BALANZA_INGRESO|BALANZA_EGRESO,EVENTOS_INSUFICIENTES,false,false,circuito_probable_sin_ingreso,2-S2>2-S3,2026-09-30_2026-10-04,final_circuits.csv
62d6458d-9196-4acf-9b10-27aa9d18fcaf,AH185MZ,AH185MZ,ANOMALIAS,NO_DIFERENCIABLE_SIN_PUNTO_FUERTE,,UNKNOWN,true,false,SIN_PUNTO,,,incompleto_revision,Incompleto en revisión,INCOMPLETO,NO_DIFERENCIABLE,NO_DIFERENCIABLE_SIN_PUNTO_FUERTE,,INCOMPLETO,Incompleto,baja,33.3,"Coinciden 2 de 6 puntos esperados. Faltan ingreso, preingreso, calada, egreso.",6,2,4,false,sin_ingreso,true,balanza_egreso,false,false,DESPACHO_SIN_PUNTO_INSTRUMENTADO,2,BALANZA_INGRESO>BALANZA_EGRESO,SIN_PUNTO,SIN_PUNTO,Sin punto instrumentado (sólidos),DESPACHO_SIN_PUNTO_INSTRUMENTADO,false,0,false,false,false,UNKNOWN,UNKNOWN,,,0,false,false,,,,NONE,DATA_COVERAGE,EVENTOS_INSUFICIENTES,missing_ingreso_frontal,RicB3Ingreso>RicB3Egreso,,incompleto_revision,false,0,RicIngCamFrente|RICARDONE_INGRESO_CAMIONES,2026-10-05T11:14:03.732Z,day,2026-10-04,2026-09-30,33.3,INGRESO|PREINGRESO|CALADA|EGRESO,EVENTOS_INSUFICIENTES,false,false,circuito_probable_sin_ingreso,2-S4>2-S4,2026-09-30_2026-10-04,final_circuits.csv
60b7afc3-40b2-4218-a6ea-1e81e3a77ed3,AD468VC,AD468VC,ANOMALIAS,NO_DIFERENCIABLE_SIN_PUNTO_FUERTE,,UNKNOWN,true,false,SIN_PUNTO,,,incompleto_revision,Incompleto en revisión,ANOMALO,NO_DIFERENCIABLE,NO_DIFERENCIABLE_SIN_PUNTO_FUERTE,,ANOMALO,Anómalo,baja,33.3,"Coinciden 2 de 6 puntos esperados. Faltan ingreso, preingreso, calada, egreso.",6,2,4,false,sin_ingreso,true,balanza_egreso,false,false,DESPACHO_SIN_PUNTO_INSTRUMENTADO,6,BALANZA_INGRESO>BALANZA_EGRESO>BALANZA_INGRESO>BALANZA_EGRESO>BALANZA_INGRESO>BALANZA_EGRESO,SIN_PUNTO,SIN_PUNTO,Sin punto instrumentado (sólidos),DESPACHO_SIN_PUNTO_INSTRUMENTADO,false,0,false,false,false,UNKNOWN,UNKNOWN,,,0,false,false,,,,NONE,NONE,,missing_ingreso_frontal,RicB3Ingreso>RicB3Egreso>RicB3Ingreso>RicB3Egreso>RicB3Ingreso>RicB3Egreso,NO_RESPETA_SECUENCIA,incompleto_revision,false,0,RicIngCamFrente|RICARDONE_INGRESO_CAMIONES,2026-10-05T11:14:03.732Z,day,2026-10-04,2026-09-30,33.3,INGRESO|PREINGRESO|CALADA|EGRESO,NO_RESPETA_SECUENCIA,false,false,circuito_probable_sin_ingreso,2-S4>2-S4>2-S4>2-S4>2-S4>2-S4,2026-09-30_2026-10-04,final_circuits.csv
d391612b-6ff7-4039-aa40-f581a30bc657,GAS844,GAS844,ANOMALIAS,FRAGMENTO_SIN_CIERRE_OPERATIVO,,UNKNOWN,true,false,SIN_PUNTO,,,incompleto_revision,Incompleto en revisión,INCOMPLETO,INCOMPLETO,FRAGMENTO_SIN_CIERRE_OPERATIVO,,INCOMPLETO,Incompleto,muy_baja,33.3,"Coinciden 2 de 6 puntos esperados. Faltan ingreso, balanza ingreso, balanza egreso, egreso.",6,2,4,true,preingreso,false,sin_egreso,false,false,DESPACHO_SIN_PUNTO_INSTRUMENTADO,2,PREINGRESO>CALADA,SIN_PUNTO,SIN_PUNTO,Sin punto instrumentado (sólidos),DESPACHO_SIN_PUNTO_INSTRUMENTADO,false,0,false,false,false,UNKNOWN,UNKNOWN,,,0,false,false,,,,NONE,DATA_COVERAGE,EVENTOS_INSUFICIENTES,missing_ingreso_frontal,RicPreIngInFr>RicCal03,,incompleto_revision,false,0,RicIngCamFrente|RICARDONE_INGRESO_CAMIONES,2026-10-05T11:14:03.732Z,day,2026-10-04,2026-09-30,33.3,INGRESO|BALANZA_INGRESO|BALANZA_EGRESO|EGRESO,EVENTOS_INSUFICIENTES,false,false,circuito_probable_sin_egreso,2-S1>2-S2,2026-09-30_2026-10-04,final_circuits.csv
7e6c0f86-47ba-49c5-90cf-eb8dd2b56ba5,RHL029,RHL029,ANOMALIAS,JOURNEY_INCOMPLETO,,RICARDONE,true,false,R8,,LIQUIDO,incompleto_revision,Incompleto en revisión,INCOMPLETO,INCOMPLETO,SECUENCIA_NO_CONCLUYENTE,,INCOMPLETO,Incompleto,media,50,"Coinciden 3 de 6 puntos esperados. Faltan ingreso, balanza ingreso, balanza egreso.",6,3,3,true,preingreso,true,egreso,false,true,CIRCUITO_LIQUIDO,3,PREINGRESO>LIQUIDO>EGRESO,R8,R8,Recepción Mercadería Líquida,CIRCUITO_LIQUIDO,false,63,true,true,true,UNKNOWN,UNKNOWN,,,0,false,false,,,,NONE,DATA_COVERAGE,SECUENCIA_INCOMPLETA,missing_ingreso_frontal+suspicious_duplicate,RicPreIngInFr>RicCalLiq>RicEgrCamFrente,,incompleto_revision,true,0,RicIngCamFrente|RICARDONE_INGRESO_CAMIONES,2026-10-05T11:14:03.732Z,day,2026-10-04,2026-09-30,50,INGRESO|BALANZA_INGRESO|BALANZA_EGRESO,SECUENCIA_NO_CONCLUYENTE,false,false,incompleto_revision+punto_fuerte,2-S1>2-S2>2-S3,2026-09-30_2026-10-04,final_circuits.csv
3df3f39a-0faa-4fff-8f5d-729d669cb335,MVO862,MVO862,ANOMALIAS,NO_DIFERENCIABLE_SIN_PUNTO_FUERTE,,UNKNOWN,true,false,SIN_PUNTO,,SAN_LORENZO,incompleto_revision,Incompleto en revisión,INCOMPLETO,NO_DIFERENCIABLE,NO_DIFERENCIABLE_SIN_PUNTO_FUERTE,,INCOMPLETO,Incompleto,baja,33.3,"Coinciden 2 de 6 puntos esperados. Faltan ingreso, preingreso, calada, egreso.",6,2,4,false,sin_ingreso,true,balanza_egreso,false,false,DESPACHO_SIN_PUNTO_INSTRUMENTADO,3,BALANZA_INGRESO>BALANZA_EGRESO>SL_EGRESO,SIN_PUNTO,SIN_PUNTO,Sin punto instrumentado (sólidos),DESPACHO_SIN_PUNTO_INSTRUMENTADO,false,0,true,false,false,UNKNOWN,UNKNOWN,,,0,false,false,,,,NONE,DATA_COVERAGE,SECUENCIA_INCOMPLETA,missing_ingreso_frontal+suspicious_duplicate,RicB3Ingreso>RicB3Egreso>SLZSalidaC2Fte,,incompleto_revision,true,0,RicIngCamFrente|RICARDONE_INGRESO_CAMIONES,2026-10-05T11:14:03.732Z,day,2026-10-04,2026-09-30,33.3,INGRESO|PREINGRESO|CALADA|EGRESO,SECUENCIA_NO_CONCLUYENTE,false,false,circuito_probable_sin_ingreso+punto_fuerte,2-S4>2-S4>1-S7,2026-09-30_2026-10-04,final_circuits.csv
37a2199d-9b8a-4e16-b6cf-a0b03534d0dc,GHD821,GHD821,ANOMALIAS,NO_DIFERENCIABLE_SIN_PUNTO_FUERTE,,UNKNOWN,true,false,SIN_PUNTO,,,incompleto_revision,Incompleto en revisión,INCOMPLETO,NO_DIFERENCIABLE,NO_DIFERENCIABLE_SIN_PUNTO_FUERTE,,INCOMPLETO,Incompleto,baja,50,"Coinciden 3 de 6 puntos esperados. Faltan ingreso, balanza ingreso, egreso.",6,3,3,true,preingreso,true,egreso_y_balanza,false,true,DESPACHO_SIN_PUNTO_INSTRUMENTADO,4,PREINGRESO>CALADA>PLAYA>BALANZA_EGRESO,SIN_PUNTO,SIN_PUNTO,Sin punto instrumentado (sólidos),DESPACHO_SIN_PUNTO_INSTRUMENTADO,false,0,false,false,false,UNKNOWN,UNKNOWN,,,0,false,false,,,,NONE,DATA_COVERAGE,SECUENCIA_INCOMPLETA,missing_ingreso_frontal,RicPreIngInFr>RicCal04>RicS6Playa3>RicB2Egreso,,incompleto_revision,false,0,RicIngCamFrente|RICARDONE_INGRESO_CAMIONES,2026-10-05T11:14:03.732Z,day,2026-10-04,2026-09-30,50,INGRESO|BALANZA_INGRESO|EGRESO,SECUENCIA_NO_CONCLUYENTE,false,false,circuito_probable_sin_egreso,2-S1>2-S2>2-S6>2-S4,2026-09-30_2026-10-04,final_circuits.csv
1bf5a71d-4344-405e-b573-ccaa8a71551e,HLT270,HLT270,ANOMALIAS,NO_DIFERENCIABLE_SIN_PUNTO_FUERTE,,UNKNOWN,true,false,SIN_PUNTO,,,incompleto_revision,Incompleto en revisión,INCOMPLETO,NO_DIFERENCIABLE,NO_DIFERENCIABLE_SIN_PUNTO_FUERTE,,INCOMPLETO,Incompleto,baja,33.3,"Coinciden 2 de 6 puntos esperados. Faltan ingreso, preingreso, calada, egreso.",6,2,4,false,sin_ingreso,true,balanza_egreso,false,false,DESPACHO_SIN_PUNTO_INSTRUMENTADO,2,BALANZA_INGRESO>BALANZA_EGRESO,SIN_PUNTO,SIN_PUNTO,Sin punto instrumentado (sólidos),DESPACHO_SIN_PUNTO_INSTRUMENTADO,false,0,false,false,false,UNKNOWN,UNKNOWN,,,0,false,false,,,,NONE,DATA_COVERAGE,EVENTOS_INSUFICIENTES,missing_ingreso_frontal,RicB3Ingreso>RicB3Egreso,,incompleto_revision,false,0,RicIngCamFrente|RICARDONE_INGRESO_CAMIONES,2026-10-05T11:14:03.732Z,day,2026-10-04,2026-09-30,33.3,INGRESO|PREINGRESO|CALADA|EGRESO,EVENTOS_INSUFICIENTES,false,false,circuito_probable_sin_ingreso,2-S4>2-S4,2026-09-30_2026-10-04,final_circuits.csv
bcf3c99a-219a-4c9a-86e4-1e09eaac122d__cycle_2,AI217QP,AI217QP,ANOMALIAS,NO_DIFERENCIABLE_SIN_PUNTO_FUERTE,,UNKNOWN,true,false,SIN_PUNTO,,,incompleto_revision,Incompleto en revisión,INCOMPLETO,NO_DIFERENCIABLE,NO_DIFERENCIABLE_SIN_PUNTO_FUERTE,,INCOMPLETO,Incompleto,baja,33.3,"Coinciden 2 de 6 puntos esperados. Faltan ingreso, preingreso, calada, egreso.",6,2,4,false,sin_ingreso,true,balanza_egreso,false,false,DESPACHO_SIN_PUNTO_INSTRUMENTADO,2,BALANZA_INGRESO>BALANZA_EGRESO,SIN_PUNTO,SIN_PUNTO,Sin punto instrumentado (sólidos),DESPACHO_SIN_PUNTO_INSTRUMENTADO,false,0,false,false,false,UNKNOWN,UNKNOWN,,,0,false,false,,,,NONE,DATA_COVERAGE,EVENTOS_INSUFICIENTES,missing_ingreso_frontal,RicB3Ingreso>RicB3Egreso,,incompleto_revision,false,0,RicIngCamFrente|RICARDONE_INGRESO_CAMIONES,2026-10-05T11:14:03.732Z,day,2026-10-04,2026-09-30,33.3,INGRESO|PREINGRESO|CALADA|EGRESO,EVENTOS_INSUFICIENTES,false,false,circuito_probable_sin_ingreso,2-S4>2-S4,2026-09-30_2026-10-04,final_circuits.csv
8c05f83d-5be4-4769-adc4-a3244ab54137__cycle_4,KGY149,KGY149,ANOMALIAS,NO_DIFERENCIABLE_SIN_PUNTO_FUERTE,,UNKNOWN,true,false,SIN_PUNTO,,,incompleto_revision,Incompleto en revisión,INCOMPLETO,NO_DIFERENCIABLE,NO_DIFERENCIABLE_SIN_PUNTO_FUERTE,,INCOMPLETO,Incompleto,baja,33.3,"Coinciden 2 de 6 puntos esperados. Faltan ingreso, preingreso, calada, egreso.",6,2,4,false,sin_ingreso,true,egreso_y_balanza,false,true,DESPACHO_SIN_PUNTO_INSTRUMENTADO,5,BALANZA_INGRESO>BALANZA_EGRESO>BALANZA_INGRESO>BALANZA_EGRESO,SIN_PUNTO,SIN_PUNTO,Sin punto instrumentado (sólidos),DESPACHO_SIN_PUNTO_INSTRUMENTADO,false,0,false,false,false,UNKNOWN,UNKNOWN,,,0,false,false,,,,NONE,DATA_COVERAGE,SECUENCIA_INCOMPLETA,missing_ingreso_frontal,RicB3Ingreso>RicB3Egreso>RicB3Ingreso>RicB2Egreso>RicB2Egreso,,incompleto_revision,false,0,RicIngCamFrente|RICARDONE_INGRESO_CAMIONES,2026-10-05T11:14:03.732Z,day,2026-10-04,2026-09-30,33.3,INGRESO|PREINGRESO|CALADA|EGRESO,SECUENCIA_NO_CONCLUYENTE,false,false,circuito_probable_sin_ingreso,2-S4>2-S4>2-S4>2-S4>2-S4,2026-09-30_2026-10-04,final_circuits.csv
5a0df76f-da79-4686-829c-3829748dfb34,NJB898,NJB898,ANOMALIAS,NO_DIFERENCIABLE_SIN_PUNTO_FUERTE,,UNKNOWN,true,false,SIN_PUNTO,,,incompleto_revision,Incompleto en revisión,INCOMPLETO,NO_DIFERENCIABLE,NO_DIFERENCIABLE_SIN_PUNTO_FUERTE,,INCOMPLETO,Incompleto,baja,33.3,"Coinciden 2 de 6 puntos esperados. Faltan ingreso, preingreso, calada, egreso.",6,2,4,false,sin_ingreso,true,balanza_egreso,false,false,DESPACHO_SIN_PUNTO_INSTRUMENTADO,2,BALANZA_INGRESO>BALANZA_EGRESO,SIN_PUNTO,SIN_PUNTO,Sin punto instrumentado (sólidos),DESPACHO_SIN_PUNTO_INSTRUMENTADO,false,0,false,false,false,UNKNOWN,UNKNOWN,,,0,false,false,,,,NONE,DATA_COVERAGE,EVENTOS_INSUFICIENTES,missing_ingreso_frontal,RicB3Ingreso>RicB3Egreso,,incompleto_revision,false,0,RicIngCamFrente|RICARDONE_INGRESO_CAMIONES,2026-10-05T11:14:03.732Z,day,2026-10-04,2026-09-30,33.3,INGRESO|PREINGRESO|CALADA|EGRESO,EVENTOS_INSUFICIENTES,false,false,circuito_probable_sin_ingreso,2-S4>2-S4,2026-09-30_2026-10-04,final_circuits.csv
4d98ee58-1bc5-4bfa-97e1-688f247139a5,AH785SE,AH785SE,ANOMALIAS,NO_DIFERENCIABLE_SIN_PUNTO_FUERTE,,UNKNOWN,true,false,SIN_PUNTO,,,incompleto_revision,Incompleto en revisión,INCOMPLETO,NO_DIFERENCIABLE,NO_DIFERENCIABLE_SIN_PUNTO_FUERTE,,INCOMPLETO,Incompleto,baja,33.3,"Coinciden 2 de 6 puntos esperados. Faltan ingreso, preingreso, calada, egreso.",6,2,4,false,sin_ingreso,true,balanza_egreso,false,false,DESPACHO_SIN_PUNTO_INSTRUMENTADO,4,BALANZA_INGRESO>BALANZA_EGRESO>BALANZA_INGRESO>BALANZA_EGRESO,SIN_PUNTO,SIN_PUNTO,Sin punto instrumentado (sólidos),DESPACHO_SIN_PUNTO_INSTRUMENTADO,false,0,false,false,false,UNKNOWN,UNKNOWN,,,0,false,false,,,,NONE,DATA_COVERAGE,SECUENCIA_INCOMPLETA,missing_ingreso_frontal,RicB3Ingreso>RicB3Egreso>RicB3Ingreso>RicB3Egreso,,incompleto_revision,false,0,RicIngCamFrente|RICARDONE_INGRESO_CAMIONES,2026-10-05T11:14:03.732Z,day,2026-10-04,2026-09-30,33.3,INGRESO|PREINGRESO|CALADA|EGRESO,SECUENCIA_NO_CONCLUYENTE,false,false,circuito_probable_sin_ingreso,2-S4>2-S4>2-S4>2-S4,2026-09-30_2026-10-04,final_circuits.csv
dfdd234c-c635-41c9-8594-f2960666459d__cycle_3,AH461XD,AH461XD,ANOMALIAS,NO_DIFERENCIABLE_SIN_PUNTO_FUERTE,,UNKNOWN,true,false,SIN_PUNTO,,,incompleto_revision,Incompleto en revisión,INCOMPLETO,NO_DIFERENCIABLE,NO_DIFERENCIABLE_SIN_PUNTO_FUERTE,,INCOMPLETO,Incompleto,baja,33.3,"Coinciden 2 de 6 puntos esperados. Faltan ingreso, preingreso, calada, egreso.",6,2,4,false,sin_ingreso,true,egreso_y_balanza,false,true,DESPACHO_SIN_PUNTO_INSTRUMENTADO,4,BALANZA_INGRESO>BALANZA_EGRESO>BALANZA_INGRESO>BALANZA_EGRESO,SIN_PUNTO,SIN_PUNTO,Sin punto instrumentado (sólidos),DESPACHO_SIN_PUNTO_INSTRUMENTADO,false,0,false,false,false,UNKNOWN,UNKNOWN,,,0,false,false,,,,NONE,DATA_COVERAGE,SECUENCIA_INCOMPLETA,missing_ingreso_frontal,RicB3Ingreso>RicB3Egreso>RicB3Ingreso>RicB2Egreso,,incompleto_revision,false,0,RicIngCamFrente|RICARDONE_INGRESO_CAMIONES,2026-10-05T11:14:03.732Z,day,2026-10-04,2026-09-30,33.3,INGRESO|PREINGRESO|CALADA|EGRESO,SECUENCIA_NO_CONCLUYENTE,false,false,circuito_probable_sin_ingreso,2-S4>2-S4>2-S4>2-S4,2026-09-30_2026-10-04,final_circuits.csv
d3dbacc4-4fc6-4f81-adc3-c2b092b055c6,FQX760,FQX760,ANOMALIAS,NO_DIFERENCIABLE_SIN_PUNTO_FUERTE,,UNKNOWN,true,false,SIN_PUNTO,,,incompleto_revision,Incompleto en revisión,INCOMPLETO,NO_DIFERENCIABLE,NO_DIFERENCIABLE_SIN_PUNTO_FUERTE,,INCOMPLETO,Incompleto,baja,33.3,"Coinciden 2 de 6 puntos esperados. Faltan ingreso, preingreso, calada, egreso.",6,2,4,false,sin_ingreso,true,balanza_egreso,false,false,DESPACHO_SIN_PUNTO_INSTRUMENTADO,2,BALANZA_INGRESO>BALANZA_EGRESO,SIN_PUNTO,SIN_PUNTO,Sin punto instrumentado (sólidos),DESPACHO_SIN_PUNTO_INSTRUMENTADO,false,0,false,false,false,UNKNOWN,UNKNOWN,,,0,false,false,,,,NONE,DATA_COVERAGE,EVENTOS_INSUFICIENTES,missing_ingreso_frontal,RicB3Ingreso>RicB3Egreso,,incompleto_revision,false,0,RicIngCamFrente|RICARDONE_INGRESO_CAMIONES,2026-10-05T11:14:03.732Z,day,2026-10-04,2026-09-30,33.3,INGRESO|PREINGRESO|CALADA|EGRESO,EVENTOS_INSUFICIENTES,false,false,circuito_probable_sin_ingreso,2-S4>2-S4,2026-09-30_2026-10-04,final_circuits.csv
3604beae-3ec1-4bf2-bbe0-2dad1b34441f,AC495FZ,AC495FZ,ANOMALIAS,NO_DIFERENCIABLE_SIN_PUNTO_FUERTE,,UNKNOWN,true,false,SIN_PUNTO,,,incompleto_revision,Incompleto en revisión,INCOMPLETO,NO_DIFERENCIABLE,NO_DIFERENCIABLE_SIN_PUNTO_FUERTE,,INCOMPLETO,Incompleto,baja,33.3,"Coinciden 2 de 6 puntos esperados. Faltan ingreso, preingreso, calada, egreso.",6,2,4,false,sin_ingreso,true,balanza_egreso,false,false,DESPACHO_SIN_PUNTO_INSTRUMENTADO,2,BALANZA_INGRESO>BALANZA_EGRESO,SIN_PUNTO,SIN_PUNTO,Sin punto instrumentado (sólidos),DESPACHO_SIN_PUNTO_INSTRUMENTADO,false,0,false,false,false,UNKNOWN,UNKNOWN,,,0,false,false,,,,NONE,DATA_COVERAGE,EVENTOS_INSUFICIENTES,missing_ingreso_frontal,RicB3Ingreso>RicB3Egreso,,incompleto_revision,false,0,RicIngCamFrente|RICARDONE_INGRESO_CAMIONES,2026-10-05T11:14:03.732Z,day,2026-10-04,2026-09-30,33.3,INGRESO|PREINGRESO|CALADA|EGRESO,EVENTOS_INSUFICIENTES,false,false,circuito_probable_sin_ingreso,2-S4>2-S4,2026-09-30_2026-10-04,final_circuits.csv
2f8012bb-221f-49da-afdf-ca625a84f8ff,AH763WD,AH763WD,ANOMALIAS,NO_DIFERENCIABLE_SIN_PUNTO_FUERTE,,UNKNOWN,true,false,SIN_PUNTO,,,incompleto_revision,Incompleto en revisión,INCOMPLETO,NO_DIFERENCIABLE,NO_DIFERENCIABLE_SIN_PUNTO_FUERTE,,INCOMPLETO,Incompleto,baja,33.3,"Coinciden 2 de 6 puntos esperados. Faltan ingreso, preingreso, calada, egreso.",6,2,4,false,sin_ingreso,true,balanza_egreso,false,false,DESPACHO_SIN_PUNTO_INSTRUMENTADO,2,BALANZA_INGRESO>BALANZA_EGRESO,SIN_PUNTO,SIN_PUNTO,Sin punto instrumentado (sólidos),DESPACHO_SIN_PUNTO_INSTRUMENTADO,false,0,false,false,false,UNKNOWN,UNKNOWN,,,0,false,false,,,,NONE,DATA_COVERAGE,EVENTOS_INSUFICIENTES,missing_ingreso_frontal+suspicious_duplicate,RicB3Ingreso>RicB3Egreso,,incompleto_revision,false,0,RicIngCamFrente|RICARDONE_INGRESO_CAMIONES,2026-10-05T11:14:03.732Z,day,2026-10-04,2026-09-30,33.3,INGRESO|PREINGRESO|CALADA|EGRESO,EVENTOS_INSUFICIENTES,false,false,circuito_probable_sin_ingreso,2-S4>2-S4,2026-09-30_2026-10-04,final_circuits.csv
52d0b789-e3ec-4439-994d-d385d2119922,AE251OL,AE251OL,ANOMALIAS,NO_DIFERENCIABLE_SIN_PUNTO_FUERTE,,UNKNOWN,true,false,SIN_PUNTO,,,incompleto_revision,Incompleto en revisión,INCOMPLETO,NO_DIFERENCIABLE,NO_DIFERENCIABLE_SIN_PUNTO_FUERTE,,INCOMPLETO,Incompleto,baja,33.3,"Coinciden 2 de 6 puntos esperados. Faltan ingreso, preingreso, calada, egreso.",6,2,4,false,sin_ingreso,true,balanza_egreso,false,false,DESPACHO_SIN_PUNTO_INSTRUMENTADO,2,BALANZA_INGRESO>BALANZA_EGRESO,SIN_PUNTO,SIN_PUNTO,Sin punto instrumentado (sólidos),DESPACHO_SIN_PUNTO_INSTRUMENTADO,false,0,false,false,false,UNKNOWN,UNKNOWN,,,0,false,false,,,,NONE,DATA_COVERAGE,EVENTOS_INSUFICIENTES,missing_ingreso_frontal,RicB3Ingreso>RicB3Egreso,,incompleto_revision,false,0,RicIngCamFrente|RICARDONE_INGRESO_CAMIONES,2026-10-05T11:14:03.732Z,day,2026-10-04,2026-09-30,33.3,INGRESO|PREINGRESO|CALADA|EGRESO,EVENTOS_INSUFICIENTES,false,false,circuito_probable_sin_ingreso,2-S4>2-S4,2026-09-30_2026-10-04,final_circuits.csv
b16afac1-7ea9-491b-b102-81f4aa24dc8b__cycle_2,PDQ847,PDQ847,ANOMALIAS,NO_DIFERENCIABLE_SIN_PUNTO_FUERTE,,UNKNOWN,true,false,SIN_PUNTO,,,incompleto_revision,Incompleto en revisión,INCOMPLETO,NO_DIFERENCIABLE,NO_DIFERENCIABLE_SIN_PUNTO_FUERTE,,INCOMPLETO,Incompleto,baja,33.3,"Coinciden 2 de 6 puntos esperados. Faltan ingreso, preingreso, calada, egreso.",6,2,4,false,sin_ingreso,true,balanza_egreso,false,false,DESPACHO_SIN_PUNTO_INSTRUMENTADO,3,BALANZA_INGRESO>BALANZA_EGRESO,SIN_PUNTO,SIN_PUNTO,Sin punto instrumentado (sólidos),DESPACHO_SIN_PUNTO_INSTRUMENTADO,false,0,false,false,false,UNKNOWN,UNKNOWN,,,0,false,false,,,,NONE,DATA_COVERAGE,SECUENCIA_INCOMPLETA,missing_ingreso_frontal,RicB3Ingreso>RicB3Egreso>RicB3Egreso,,incompleto_revision,false,0,RicIngCamFrente|RICARDONE_INGRESO_CAMIONES,2026-10-05T11:14:03.732Z,day,2026-10-04,2026-09-30,33.3,INGRESO|PREINGRESO|CALADA|EGRESO,SECUENCIA_NO_CONCLUYENTE,false,false,circuito_probable_sin_ingreso,2-S4>2-S4>2-S4,2026-09-30_2026-10-04,final_circuits.csv
2be7d205-2ac8-4b76-a222-01f52b052edd,AD173IF,AD173IF,ANOMALIAS,NO_DIFERENCIABLE_SIN_PUNTO_FUERTE,,UNKNOWN,true,false,SIN_PUNTO,,,incompleto_revision,Incompleto en revisión,INCOMPLETO,NO_DIFERENCIABLE,NO_DIFERENCIABLE_SIN_PUNTO_FUERTE,,INCOMPLETO,Incompleto,baja,33.3,"Coinciden 2 de 6 puntos esperados. Faltan ingreso, preingreso, calada, egreso.",6,2,4,false,sin_ingreso,true,balanza_egreso,false,false,DESPACHO_SIN_PUNTO_INSTRUMENTADO,2,BALANZA_INGRESO>BALANZA_EGRESO,SIN_PUNTO,SIN_PUNTO,Sin punto instrumentado (sólidos),DESPACHO_SIN_PUNTO_INSTRUMENTADO,false,0,false,false,false,UNKNOWN,UNKNOWN,,,0,false,false,,,,NONE,DATA_COVERAGE,EVENTOS_INSUFICIENTES,missing_ingreso_frontal,RicB3Ingreso>RicB3Egreso,,incompleto_revision,false,0,RicIngCamFrente|RICARDONE_INGRESO_CAMIONES,2026-10-05T11:14:03.732Z,day,2026-10-04,2026-09-30,33.3,INGRESO|PREINGRESO|CALADA|EGRESO,EVENTOS_INSUFICIENTES,false,false,circuito_probable_sin_ingreso,2-S4>2-S4,2026-09-30_2026-10-04,final_circuits.csv
87eb6515-9ea6-4fa0-a51e-fae4efde4840,FQI716,FQI716,ANOMALIAS,NO_DIFERENCIABLE_SIN_PUNTO_FUERTE,,UNKNOWN,true,false,SIN_PUNTO,,,incompleto_revision,Incompleto en revisión,INCOMPLETO,NO_DIFERENCIABLE,NO_DIFERENCIABLE_SIN_PUNTO_FUERTE,,INCOMPLETO,Incompleto,baja,33.3,"Coinciden 2 de 6 puntos esperados. Faltan ingreso, preingreso, calada, egreso.",6,2,4,false,sin_ingreso,true,egreso_y_balanza,false,true,DESPACHO_SIN_PUNTO_INSTRUMENTADO,2,BALANZA_INGRESO>BALANZA_EGRESO,SIN_PUNTO,SIN_PUNTO,Sin punto instrumentado (sólidos),DESPACHO_SIN_PUNTO_INSTRUMENTADO,false,0,false,false,false,UNKNOWN,UNKNOWN,,,0,false,false,,,,NONE,DATA_COVERAGE,EVENTOS_INSUFICIENTES,missing_ingreso_frontal,RicB3Ingreso>RicB2Egreso,,incompleto_revision,false,0,RicIngCamFrente|RICARDONE_INGRESO_CAMIONES,2026-10-05T11:14:03.732Z,day,2026-10-04,2026-09-30,33.3,INGRESO|PREINGRESO|CALADA|EGRESO,EVENTOS_INSUFICIENTES,false,false,circuito_probable_sin_ingreso,2-S4>2-S4,2026-09-30_2026-10-04,final_circuits.csv
c127d59f-1f9f-48a3-9847-4ee365e8f0f4,AC169VY,AC169VY,ANOMALIAS,NO_DIFERENCIABLE_SIN_PUNTO_FUERTE,,UNKNOWN,true,false,SIN_PUNTO,,,incompleto_revision,Incompleto en revisión,INCOMPLETO,NO_DIFERENCIABLE,NO_DIFERENCIABLE_SIN_PUNTO_FUERTE,,INCOMPLETO,Incompleto,baja,33.3,"Coinciden 2 de 6 puntos esperados. Faltan ingreso, preingreso, calada, egreso.",6,2,4,false,sin_ingreso,true,balanza_egreso,false,false,DESPACHO_SIN_PUNTO_INSTRUMENTADO,2,BALANZA_INGRESO>BALANZA_EGRESO,SIN_PUNTO,SIN_PUNTO,Sin punto instrumentado (sólidos),DESPACHO_SIN_PUNTO_INSTRUMENTADO,false,0,false,false,false,UNKNOWN,UNKNOWN,,,0,false,false,,,,NONE,DATA_COVERAGE,EVENTOS_INSUFICIENTES,missing_ingreso_frontal,RicB3Ingreso>RicB3Egreso,,incompleto_revision,false,0,RicIngCamFrente|RICARDONE_INGRESO_CAMIONES,2026-10-05T11:14:03.732Z,day,2026-10-04,2026-09-30,33.3,INGRESO|PREINGRESO|CALADA|EGRESO,EVENTOS_INSUFICIENTES,false,false,circuito_probable_sin_ingreso,2-S4>2-S4,2026-09-30_2026-10-04,final_circuits.csv
2ba828b4-7784-44c3-b592-a27714fceb35,KUH403,KUH403,ANOMALIAS,JOURNEY_INCOMPLETO,,RICARDONE,true,false,R8,,LIQUIDO,incompleto_revision,Incompleto en revisión,INCOMPLETO,INCOMPLETO,SECUENCIA_NO_CONCLUYENTE,,INCOMPLETO,Incompleto,media,66.7,"Coinciden 4 de 6 puntos esperados. Faltan ingreso, balanza ingreso.",6,4,2,true,preingreso,true,egreso_y_balanza,false,true,CIRCUITO_LIQUIDO,4,PREINGRESO>LIQUIDO>BALANZA_EGRESO>LIQUIDO,R8,R8,Recepción Mercadería Líquida,CIRCUITO_LIQUIDO,false,63,true,true,true,UNKNOWN,UNKNOWN,,,0,false,false,,,,NONE,BEHAVIORAL,RIC_REINGRESO_RAPIDO_NO_PELLET,missing_ingreso_frontal+suspicious_duplicate,RicPreIngInFr>RicCalLiq>RicB2Egreso>RicCalLiq,,incompleto_revision,true,0,RicIngCamFrente|RICARDONE_INGRESO_CAMIONES,2026-10-05T11:14:03.732Z,day,2026-10-04,2026-09-30,50,INGRESO|BALANZA_INGRESO|EGRESO,SECUENCIA_NO_CONCLUYENTE,false,false,circuito_probable_sin_egreso+punto_fuerte,2-S1>2-S2>2-S4>2-S2,2026-09-30_2026-10-04,final_circuits.csv
b2ae74eb-69b5-4c0d-a765-a150e1a26da1,AD052ZD,AD052ZD,ANOMALIAS,NO_DIFERENCIABLE_SIN_PUNTO_FUERTE,,UNKNOWN,true,false,SIN_PUNTO,,,incompleto_revision,Incompleto en revisión,INCOMPLETO,NO_DIFERENCIABLE,NO_DIFERENCIABLE_SIN_PUNTO_FUERTE,,INCOMPLETO,Incompleto,baja,33.3,"Coinciden 2 de 6 puntos esperados. Faltan ingreso, preingreso, calada, egreso.",6,2,4,false,sin_ingreso,true,balanza_egreso,false,false,DESPACHO_SIN_PUNTO_INSTRUMENTADO,2,BALANZA_INGRESO>BALANZA_EGRESO,SIN_PUNTO,SIN_PUNTO,Sin punto instrumentado (sólidos),DESPACHO_SIN_PUNTO_INSTRUMENTADO,false,0,false,false,false,UNKNOWN,UNKNOWN,,,0,false,false,,,,NONE,DATA_COVERAGE,EVENTOS_INSUFICIENTES,missing_ingreso_frontal,RicB3Ingreso>RicB3Egreso,,incompleto_revision,false,0,RicIngCamFrente|RICARDONE_INGRESO_CAMIONES,2026-10-05T11:14:03.732Z,day,2026-10-04,2026-09-30,33.3,INGRESO|PREINGRESO|CALADA|EGRESO,EVENTOS_INSUFICIENTES,false,false,circuito_probable_sin_ingreso,2-S4>2-S4,2026-09-30_2026-10-04,final_circuits.csv
c1b538e7-0e40-4605-b583-c861bdcf80ff,MXA666,MXA666,ANOMALIAS,NO_DIFERENCIABLE_SIN_PUNTO_FUERTE,,UNKNOWN,true,false,SIN_PUNTO,,,incompleto_revision,Incompleto en revisión,INCOMPLETO,NO_DIFERENCIABLE,NO_DIFERENCIABLE_SIN_PUNTO_FUERTE,,INCOMPLETO,Incompleto,baja,33.3,"Coinciden 2 de 6 puntos esperados. Faltan ingreso, preingreso, calada, egreso.",6,2,4,false,sin_ingreso,true,balanza_egreso,false,false,DESPACHO_SIN_PUNTO_INSTRUMENTADO,2,BALANZA_INGRESO>BALANZA_EGRESO,SIN_PUNTO,SIN_PUNTO,Sin punto instrumentado (sólidos),DESPACHO_SIN_PUNTO_INSTRUMENTADO,false,0,false,false,false,UNKNOWN,UNKNOWN,,,0,false,false,,,,NONE,DATA_COVERAGE,EVENTOS_INSUFICIENTES,missing_ingreso_frontal+suspicious_duplicate,RicB3Ingreso>RicB3Egreso,,incompleto_revision,false,0,RicIngCamFrente|RICARDONE_INGRESO_CAMIONES,2026-10-05T11:14:03.732Z,day,2026-10-04,2026-09-30,33.3,INGRESO|PREINGRESO|CALADA|EGRESO,EVENTOS_INSUFICIENTES,false,false,circuito_probable_sin_ingreso,2-S4>2-S4,2026-09-30_2026-10-04,final_circuits.csv
e72f52de-15f2-4864-b7e4-d8f0096bd99b,AI202TC,AI202TC,ANOMALIAS,NO_DIFERENCIABLE_SIN_PUNTO_FUERTE,,UNKNOWN,true,false,SIN_PUNTO,,,incompleto_revision,Incompleto en revisión,INCOMPLETO,NO_DIFERENCIABLE,NO_DIFERENCIABLE_SIN_PUNTO_FUERTE,,INCOMPLETO,Incompleto,baja,33.3,"Coinciden 2 de 6 puntos esperados. Faltan ingreso, preingreso, calada, egreso.",6,2,4,false,sin_ingreso,true,balanza_egreso,false,false,DESPACHO_SIN_PUNTO_INSTRUMENTADO,2,BALANZA_INGRESO>BALANZA_EGRESO,SIN_PUNTO,SIN_PUNTO,Sin punto instrumentado (sólidos),DESPACHO_SIN_PUNTO_INSTRUMENTADO,false,0,false,false,false,UNKNOWN,UNKNOWN,,,0,false,false,,,,NONE,DATA_COVERAGE,EVENTOS_INSUFICIENTES,missing_ingreso_frontal,RicB3Ingreso>RicB3Egreso,,incompleto_revision,false,0,RicIngCamFrente|RICARDONE_INGRESO_CAMIONES,2026-10-05T11:14:03.732Z,day,2026-10-04,2026-09-30,33.3,INGRESO|PREINGRESO|CALADA|EGRESO,EVENTOS_INSUFICIENTES,false,false,circuito_probable_sin_ingreso,2-S4>2-S4,2026-09-30_2026-10-04,final_circuits.csv
fd192751-b7bc-45a4-b354-3dddcbcf7364,AG710NZ,AG710NZ,ANOMALIAS,NO_DIFERENCIABLE_SIN_PUNTO_FUERTE,,UNKNOWN,true,false,SIN_PUNTO,,,incompleto_revision,Incompleto en revisión,INCOMPLETO,NO_DIFERENCIABLE,NO_DIFERENCIABLE_SIN_PUNTO_FUERTE,,INCOMPLETO,Incompleto,baja,33.3,"Coinciden 2 de 6 puntos esperados. Faltan ingreso, preingreso, calada, egreso.",6,2,4,false,sin_ingreso,true,balanza_egreso,false,false,DESPACHO_SIN_PUNTO_INSTRUMENTADO,2,BALANZA_INGRESO>BALANZA_EGRESO,SIN_PUNTO,SIN_PUNTO,Sin punto instrumentado (sólidos),DESPACHO_SIN_PUNTO_INSTRUMENTADO,false,0,false,false,false,UNKNOWN,UNKNOWN,,,0,false,false,,,,NONE,DATA_COVERAGE,EVENTOS_INSUFICIENTES,missing_ingreso_frontal,RicB3Ingreso>RicB3Egreso,,incompleto_revision,false,0,RicIngCamFrente|RICARDONE_INGRESO_CAMIONES,2026-10-05T11:14:03.732Z,day,2026-10-04,2026-09-30,33.3,INGRESO|PREINGRESO|CALADA|EGRESO,EVENTOS_INSUFICIENTES,false,false,circuito_probable_sin_ingreso,2-S4>2-S4,2026-09-30_2026-10-04,final_circuits.csv
c96ecb27-fa11-4fdb-adfd-485a089cf994__cycle_2,OSY724,OSY724,ANOMALIAS,NO_DIFERENCIABLE_SIN_PUNTO_FUERTE,,UNKNOWN,true,false,SIN_PUNTO,,SAN_LORENZO,incompleto_revision,Incompleto en revisión,INCOMPLETO,NO_DIFERENCIABLE,NO_DIFERENCIABLE_SIN_PUNTO_FUERTE,,INCOMPLETO,Incompleto,baja,33.3,"Coinciden 2 de 6 puntos esperados. Faltan ingreso, preingreso, calada, egreso.",6,2,4,false,sin_ingreso,true,balanza_egreso,false,false,DESPACHO_SIN_PUNTO_INSTRUMENTADO,3,BALANZA_INGRESO>BALANZA_EGRESO>SL_EGRESO,SIN_PUNTO,SIN_PUNTO,Sin punto instrumentado (sólidos),DESPACHO_SIN_PUNTO_INSTRUMENTADO,false,0,true,false,false,UNKNOWN,UNKNOWN,,,0,false,false,,,,NONE,DATA_COVERAGE,SECUENCIA_INCOMPLETA,missing_ingreso_frontal+suspicious_duplicate,RicB3Ingreso>RicB3Egreso>SLZSalidaC2Fte,,incompleto_revision,true,0,RicIngCamFrente|RICARDONE_INGRESO_CAMIONES,2026-10-05T11:14:03.732Z,day,2026-10-04,2026-09-30,33.3,INGRESO|PREINGRESO|CALADA|EGRESO,SECUENCIA_NO_CONCLUYENTE,false,false,circuito_probable_sin_ingreso+punto_fuerte,2-S4>2-S4>1-S7,2026-09-30_2026-10-04,final_circuits.csv
f1e3fff4-3dab-424b-8063-3e5a8a128e92,AD336OO,AD336OO,ANOMALIAS,NO_DIFERENCIABLE_SIN_PUNTO_FUERTE,,UNKNOWN,true,false,SIN_PUNTO,,SAN_LORENZO,incompleto_revision,Incompleto en revisión,INCOMPLETO,NO_DIFERENCIABLE,NO_DIFERENCIABLE_SIN_PUNTO_FUERTE,,INCOMPLETO,Incompleto,baja,33.3,"Coinciden 2 de 6 puntos esperados. Faltan ingreso, balanza ingreso, balanza egreso, egreso.",6,2,4,true,preingreso,false,sin_egreso,false,false,DESPACHO_SIN_PUNTO_INSTRUMENTADO,6,PREINGRESO>CALADA>PREINGRESO>CALADA>SL_EGRESO,SIN_PUNTO,SIN_PUNTO,Sin punto instrumentado (sólidos),DESPACHO_SIN_PUNTO_INSTRUMENTADO,false,0,true,false,false,UNKNOWN,UNKNOWN,,,0,false,false,,,,NONE,DATA_COVERAGE,SECUENCIA_INCOMPLETA,missing_ingreso_frontal,RicPreIngInFr>RicCal04>RicCal04>RicPreIngInFr>RicCal03>SLZSalidaC1Fte,,incompleto_revision,true,0,RicIngCamFrente|RICARDONE_INGRESO_CAMIONES,2026-10-05T11:14:03.732Z,day,2026-10-04,2026-09-30,33.3,INGRESO|BALANZA_INGRESO|BALANZA_EGRESO|EGRESO,SECUENCIA_NO_CONCLUYENTE,false,false,circuito_probable_sin_egreso+punto_fuerte,2-S1>2-S2>2-S2>2-S1>2-S2>1-S7,2026-09-30_2026-10-04,final_circuits.csv
d7571cf8-3a80-4009-b0dc-baaf0139cf28,KCB681,KCB681,ANOMALIAS,JOURNEY_INCOMPLETO,,RICARDONE,true,false,R8,,LIQUIDO,incompleto_revision,Incompleto en revisión,INCOMPLETO,INCOMPLETO,SECUENCIA_NO_CONCLUYENTE,,INCOMPLETO,Incompleto,media,50,"Coinciden 3 de 6 puntos esperados. Faltan ingreso, balanza ingreso, balanza egreso.",6,3,3,true,preingreso,true,egreso,false,true,CIRCUITO_LIQUIDO,3,PREINGRESO>LIQUIDO>EGRESO,R8,R8,Recepción Mercadería Líquida,CIRCUITO_LIQUIDO,false,63,true,true,true,UNKNOWN,UNKNOWN,,,0,false,false,,,,NONE,DATA_COVERAGE,SECUENCIA_INCOMPLETA,missing_ingreso_frontal+suspicious_duplicate,RicPreIngInFr>RicCalLiq>RicEgrCamFrente,,incompleto_revision,true,0,RicIngCamFrente|RICARDONE_INGRESO_CAMIONES,2026-10-05T11:14:03.732Z,day,2026-10-04,2026-09-30,50,INGRESO|BALANZA_INGRESO|BALANZA_EGRESO,SECUENCIA_NO_CONCLUYENTE,false,false,incompleto_revision+punto_fuerte,2-S1>2-S2>2-S3,2026-09-30_2026-10-04,final_circuits.csv
3e383481-3c69-48d2-b8c0-1776208949f3,CJV457,CJV457,ANOMALIAS,NO_DIFERENCIABLE_SIN_PUNTO_FUERTE,,UNKNOWN,true,false,SIN_PUNTO,,,incompleto_revision,Incompleto en revisión,INCOMPLETO,NO_DIFERENCIABLE,NO_DIFERENCIABLE_SIN_PUNTO_FUERTE,,INCOMPLETO,Incompleto,muy_baja,33.3,"Coinciden 2 de 6 puntos esperados. Faltan ingreso, preingreso, balanza ingreso, balanza egreso.",6,2,4,false,sin_ingreso,true,egreso,false,true,DESPACHO_SIN_PUNTO_INSTRUMENTADO,2,CALADA>EGRESO,SIN_PUNTO,SIN_PUNTO,Sin punto instrumentado (sólidos),DESPACHO_SIN_PUNTO_INSTRUMENTADO,false,0,false,false,false,UNKNOWN,UNKNOWN,,,0,false,false,,,,NONE,DATA_COVERAGE,EVENTOS_INSUFICIENTES,missing_ingreso_frontal+suspicious_duplicate,RicCal03>RicEgrCamFrente,,incompleto_revision,false,0,RicIngCamFrente|RICARDONE_INGRESO_CAMIONES,2026-10-05T11:14:03.732Z,day,2026-10-04,2026-09-30,33.3,INGRESO|PREINGRESO|BALANZA_INGRESO|BALANZA_EGRESO,EVENTOS_INSUFICIENTES,false,false,circuito_probable_sin_ingreso,2-S2>2-S3,2026-09-30_2026-10-04,final_circuits.csv
2e47b9d5-70ed-4880-acb4-c4f70547fef2__cycle_2,AH931DD,AH931DD,ANOMALIAS,NO_DIFERENCIABLE_SIN_PUNTO_FUERTE,,UNKNOWN,true,false,SIN_PUNTO,,,incompleto_revision,Incompleto en revisión,INCOMPLETO,NO_DIFERENCIABLE,NO_DIFERENCIABLE_SIN_PUNTO_FUERTE,,INCOMPLETO,Incompleto,baja,33.3,"Coinciden 2 de 6 puntos esperados. Faltan ingreso, preingreso, calada, egreso.",6,2,4,false,sin_ingreso,true,balanza_egreso,false,false,DESPACHO_SIN_PUNTO_INSTRUMENTADO,2,BALANZA_INGRESO>BALANZA_EGRESO,SIN_PUNTO,SIN_PUNTO,Sin punto instrumentado (sólidos),DESPACHO_SIN_PUNTO_INSTRUMENTADO,false,0,false,false,false,UNKNOWN,UNKNOWN,,,0,false,false,,,,NONE,DATA_COVERAGE,EVENTOS_INSUFICIENTES,missing_ingreso_frontal,RicB3Ingreso>RicB3Egreso,,incompleto_revision,false,0,RicIngCamFrente|RICARDONE_INGRESO_CAMIONES,2026-10-05T11:14:03.732Z,day,2026-10-04,2026-09-30,33.3,INGRESO|PREINGRESO|CALADA|EGRESO,EVENTOS_INSUFICIENTES,false,false,circuito_probable_sin_ingreso,2-S4>2-S4,2026-09-30_2026-10-04,final_circuits.csv
c6416c7d-f48f-48e7-a0d0-e206982b48b0__cycle_1,MSE380,MSE380,ANOMALIAS,NO_DIFERENCIABLE_SIN_PUNTO_FUERTE,,UNKNOWN,true,false,SIN_PUNTO,,,incompleto_revision,Incompleto en revisión,INCOMPLETO,NO_DIFERENCIABLE,NO_DIFERENCIABLE_SIN_PUNTO_FUERTE,,INCOMPLETO,Incompleto,baja,33.3,"Coinciden 2 de 6 puntos esperados. Faltan ingreso, preingreso, calada, egreso.",6,2,4,false,sin_ingreso,true,egreso_y_balanza,false,true,DESPACHO_SIN_PUNTO_INSTRUMENTADO,2,BALANZA_INGRESO>BALANZA_EGRESO,SIN_PUNTO,SIN_PUNTO,Sin punto instrumentado (sólidos),DESPACHO_SIN_PUNTO_INSTRUMENTADO,false,0,false,false,false,UNKNOWN,UNKNOWN,,,0,false,false,,,,NONE,DATA_COVERAGE,EVENTOS_INSUFICIENTES,missing_ingreso_frontal,RicB3Ingreso>RicB2Egreso,,incompleto_revision,false,0,RicIngCamFrente|RICARDONE_INGRESO_CAMIONES,2026-10-05T11:14:03.732Z,day,2026-10-04,2026-09-30,33.3,INGRESO|PREINGRESO|CALADA|EGRESO,EVENTOS_INSUFICIENTES,false,false,circuito_probable_sin_ingreso,2-S4>2-S4,2026-09-30_2026-10-04,final_circuits.csv
6639795b-67f2-44b0-a37a-c7f44f12d585,REL854,REL854,ANOMALIAS,FRAGMENTO_SIN_CIERRE_OPERATIVO,,RICARDONE,true,false,R6,,RICARDONE,incompleto_revision,Incompleto en revisión,INCOMPLETO,INCOMPLETO,FRAGMENTO_SIN_CIERRE_OPERATIVO,,INCOMPLETO,Incompleto,baja,14.3,"Coinciden 1 de 7 puntos esperados. Faltan ingreso, preingreso, calada, balanza ingreso, balanza egreso, egreso.",7,1,6,false,sin_ingreso,false,sin_egreso,false,false,CIRCUITO_VOLCABLE_1_2,2,PLAYA>VOLCABLE,R6,R6,Recepción Volcable 2,CIRCUITO_VOLCABLE_1_2,false,67,true,true,true,UNKNOWN,UNKNOWN,,,0,false,false,,,,NONE,DATA_COVERAGE,EVENTOS_INSUFICIENTES,missing_ingreso_frontal+suspicious_duplicate,RicS6Playa3>RicVolcable2,,incompleto_revision,true,0,RicIngCamFrente|RICARDONE_INGRESO_CAMIONES,2026-10-05T11:14:03.732Z,day,2026-10-04,2026-09-30,14.3,INGRESO|PREINGRESO|CALADA|BALANZA_INGRESO|BALANZA_EGRESO|EGRESO,EVENTOS_INSUFICIENTES,false,false,circuito_probable_sin_ingreso+punto_fuerte,2-S6>2-S9,2026-09-30_2026-10-04,final_circuits.csv
17c2dafd-5018-48f2-8e0d-8d786d6786e0,EAA743,EAA743,ANOMALIAS,FRAGMENTO_SIN_CIERRE_OPERATIVO,,RICARDONE,true,false,R6,,RICARDONE,incompleto_revision,Incompleto en revisión,INCOMPLETO,INCOMPLETO,FRAGMENTO_SIN_CIERRE_OPERATIVO,,INCOMPLETO,Incompleto,baja,14.3,"Coinciden 1 de 7 puntos esperados. Faltan ingreso, preingreso, calada, balanza ingreso, balanza egreso, egreso.",7,1,6,false,sin_ingreso,false,sin_egreso,false,false,CIRCUITO_VOLCABLE_1_2,2,PLAYA>VOLCABLE,R6,R6,Recepción Volcable 2,CIRCUITO_VOLCABLE_1_2,false,67,true,true,true,UNKNOWN,UNKNOWN,,,0,false,false,,,,NONE,DATA_COVERAGE,EVENTOS_INSUFICIENTES,missing_ingreso_frontal+suspicious_duplicate,RicS6Playa3>RicVolcable2,,incompleto_revision,true,0,RicIngCamFrente|RICARDONE_INGRESO_CAMIONES,2026-10-05T11:14:03.732Z,day,2026-10-04,2026-09-30,14.3,INGRESO|PREINGRESO|CALADA|BALANZA_INGRESO|BALANZA_EGRESO|EGRESO,EVENTOS_INSUFICIENTES,false,false,circuito_probable_sin_ingreso+punto_fuerte,2-S6>2-S9,2026-09-30_2026-10-04,final_circuits.csv
13174fde-ba90-4675-a3ba-f81a1f628d88,AG482JZ,AG482JZ,ANOMALIAS,NO_DIFERENCIABLE_SIN_PUNTO_FUERTE,,UNKNOWN,true,false,SIN_PUNTO,,,incompleto_revision,Incompleto en revisión,INCOMPLETO,NO_DIFERENCIABLE,NO_DIFERENCIABLE_SIN_PUNTO_FUERTE,,INCOMPLETO,Incompleto,baja,33.3,"Coinciden 2 de 6 puntos esperados. Faltan ingreso, preingreso, calada, egreso.",6,2,4,false,sin_ingreso,true,egreso_y_balanza,false,true,DESPACHO_SIN_PUNTO_INSTRUMENTADO,2,BALANZA_INGRESO>BALANZA_EGRESO,SIN_PUNTO,SIN_PUNTO,Sin punto instrumentado (sólidos),DESPACHO_SIN_PUNTO_INSTRUMENTADO,false,0,false,false,false,UNKNOWN,UNKNOWN,,,0,false,false,,,,NONE,DATA_COVERAGE,EVENTOS_INSUFICIENTES,missing_ingreso_frontal,RicB3Ingreso>RicB2Egreso,,incompleto_revision,false,0,RicIngCamFrente|RICARDONE_INGRESO_CAMIONES,2026-10-05T11:14:03.732Z,day,2026-10-04,2026-09-30,33.3,INGRESO|PREINGRESO|CALADA|EGRESO,EVENTOS_INSUFICIENTES,false,false,circuito_probable_sin_ingreso,2-S4>2-S4,2026-09-30_2026-10-04,final_circuits.csv
1e7c1ff8-06b6-4c75-a06b-17745cbf94de,AA932VT,AA932VT,ANOMALIAS,NO_DIFERENCIABLE_SIN_PUNTO_FUERTE,,UNKNOWN,true,false,SIN_PUNTO,,,incompleto_revision,Incompleto en revisión,INCOMPLETO,NO_DIFERENCIABLE,NO_DIFERENCIABLE_SIN_PUNTO_FUERTE,,INCOMPLETO,Incompleto,baja,33.3,"Coinciden 2 de 6 puntos esperados. Faltan ingreso, preingreso, calada, egreso.",6,2,4,false,sin_ingreso,true,balanza_egreso,false,false,DESPACHO_SIN_PUNTO_INSTRUMENTADO,2,BALANZA_INGRESO>BALANZA_EGRESO,SIN_PUNTO,SIN_PUNTO,Sin punto instrumentado (sólidos),DESPACHO_SIN_PUNTO_INSTRUMENTADO,false,0,false,false,false,UNKNOWN,UNKNOWN,,,0,false,false,,,,NONE,DATA_COVERAGE,EVENTOS_INSUFICIENTES,missing_ingreso_frontal,RicB3Ingreso>RicB3Egreso,,incompleto_revision,false,0,RicIngCamFrente|RICARDONE_INGRESO_CAMIONES,2026-10-05T11:14:03.732Z,day,2026-10-04,2026-09-30,33.3,INGRESO|PREINGRESO|CALADA|EGRESO,EVENTOS_INSUFICIENTES,false,false,circuito_probable_sin_ingreso,2-S4>2-S4,2026-09-30_2026-10-04,final_circuits.csv
88d76731-f909-409e-967e-2ac01e59e421,AG245ND,AG245ND,ANOMALIAS,NO_DIFERENCIABLE_SIN_PUNTO_FUERTE,,UNKNOWN,true,false,SIN_PUNTO,,,incompleto_revision,Incompleto en revisión,INCOMPLETO,NO_DIFERENCIABLE,NO_DIFERENCIABLE_SIN_PUNTO_FUERTE,,INCOMPLETO,Incompleto,baja,33.3,"Coinciden 2 de 6 puntos esperados. Faltan ingreso, preingreso, calada, egreso.",6,2,4,false,sin_ingreso,true,egreso_y_balanza,false,true,DESPACHO_SIN_PUNTO_INSTRUMENTADO,2,BALANZA_INGRESO>BALANZA_EGRESO,SIN_PUNTO,SIN_PUNTO,Sin punto instrumentado (sólidos),DESPACHO_SIN_PUNTO_INSTRUMENTADO,false,0,false,false,false,UNKNOWN,UNKNOWN,,,0,false,false,,,,NONE,DATA_COVERAGE,EVENTOS_INSUFICIENTES,missing_ingreso_frontal,RicB3Ingreso>RicB2Egreso,,incompleto_revision,false,0,RicIngCamFrente|RICARDONE_INGRESO_CAMIONES,2026-10-05T11:14:03.732Z,day,2026-10-04,2026-09-30,33.3,INGRESO|PREINGRESO|CALADA|EGRESO,EVENTOS_INSUFICIENTES,false,false,circuito_probable_sin_ingreso,2-S4>2-S4,2026-09-30_2026-10-04,final_circuits.csv
9434c99c-4850-442f-8bcb-0c4bdb3920b5__cycle_3,FAZ585,FAZ585,ANOMALIAS,JOURNEY_INCOMPLETO,,RICARDONE,true,false,R8,,LIQUIDO,incompleto_revision,Incompleto en revisión,INCOMPLETO,INCOMPLETO,SECUENCIA_NO_CONCLUYENTE,,INCOMPLETO,Incompleto,media,66.7,"Coinciden 4 de 6 puntos esperados. Faltan ingreso, balanza ingreso.",6,4,2,true,preingreso,true,egreso_y_balanza,false,true,CIRCUITO_LIQUIDO,3,PREINGRESO>LIQUIDO>BALANZA_EGRESO,R8,R8,Recepción Mercadería Líquida,CIRCUITO_LIQUIDO,false,63,true,true,true,UNKNOWN,UNKNOWN,,,0,false,false,,,,NONE,DATA_COVERAGE,SECUENCIA_INCOMPLETA,missing_ingreso_frontal+suspicious_duplicate,RicPreIngInFr>RicCalLiq>RicB2Egreso,,incompleto_revision,true,0,RicIngCamFrente|RICARDONE_INGRESO_CAMIONES,2026-10-05T11:14:03.732Z,day,2026-10-04,2026-09-30,50,INGRESO|BALANZA_INGRESO|EGRESO,SECUENCIA_NO_CONCLUYENTE,false,false,circuito_probable_sin_egreso+punto_fuerte,2-S1>2-S2>2-S4,2026-09-30_2026-10-04,final_circuits.csv
13731d49-d28b-4a44-b067-b122267e622a,KCB681,KCB681,ANOMALIAS,NO_DIFERENCIABLE_SIN_PUNTO_FUERTE,,UNKNOWN,true,false,SIN_PUNTO,,,incompleto_revision,Incompleto en revisión,INCOMPLETO,NO_DIFERENCIABLE,NO_DIFERENCIABLE_SIN_PUNTO_FUERTE,,INCOMPLETO,Incompleto,muy_baja,33.3,"Coinciden 2 de 6 puntos esperados. Faltan ingreso, preingreso, calada, balanza ingreso.",6,2,4,false,sin_ingreso,true,egreso_y_balanza,false,true,DESPACHO_SIN_PUNTO_INSTRUMENTADO,5,PLAYA>BALANZA_EGRESO>PLAYA>BALANZA_EGRESO>EGRESO,SIN_PUNTO,SIN_PUNTO,Sin punto instrumentado (sólidos),DESPACHO_SIN_PUNTO_INSTRUMENTADO,false,0,false,false,false,UNKNOWN,UNKNOWN,,,0,false,false,,,,NONE,DATA_COVERAGE,SECUENCIA_INCOMPLETA,missing_ingreso_frontal+suspicious_duplicate,RicS6Playa3>RicB2Egreso>RicS6Playa3>RicB2Egreso>RicEgrCamFrente,,incompleto_revision,false,0,RicIngCamFrente|RICARDONE_INGRESO_CAMIONES,2026-10-05T11:14:03.732Z,day,2026-10-04,2026-09-30,33.3,INGRESO|PREINGRESO|CALADA|BALANZA_INGRESO,SECUENCIA_NO_CONCLUYENTE,false,false,circuito_probable_sin_ingreso,2-S6>2-S4>2-S6>2-S4>2-S3,2026-09-30_2026-10-04,final_circuits.csv
f467e7d6-c5e1-4345-819e-52592cee5063__cycle_3,CNG506,CNG506,ANOMALIAS,JOURNEY_INCOMPLETO,,RICARDONE,true,false,R8,,LIQUIDO,incompleto_revision,Incompleto en revisión,INCOMPLETO,INCOMPLETO,EVENTOS_INSUFICIENTES,,INCOMPLETO,Incompleto,media,50,"Coinciden 3 de 6 puntos esperados. Faltan ingreso, preingreso, balanza ingreso.",6,3,3,false,sin_ingreso,true,egreso_y_balanza,false,true,CIRCUITO_LIQUIDO,2,LIQUIDO>BALANZA_EGRESO,R8,R8,Recepción Mercadería Líquida,CIRCUITO_LIQUIDO,false,63,true,true,true,UNKNOWN,UNKNOWN,,,0,false,false,,,,NONE,DATA_COVERAGE,EVENTOS_INSUFICIENTES,missing_ingreso_frontal+suspicious_duplicate,RicCalLiq>RicB2Egreso,,incompleto_revision,true,0,RicIngCamFrente|RICARDONE_INGRESO_CAMIONES,2026-10-05T11:14:03.732Z,day,2026-10-04,2026-09-30,33.3,INGRESO|PREINGRESO|BALANZA_INGRESO|EGRESO,EVENTOS_INSUFICIENTES,false,false,circuito_probable_sin_ingreso+punto_fuerte,2-S2>2-S4,2026-09-30_2026-10-04,final_circuits.csv
46bf2f9e-f73c-4e7d-ae01-2a90e8f1fbdd,EFD127,EFD127,ANOMALIAS,NO_DIFERENCIABLE_SIN_PUNTO_FUERTE,,UNKNOWN,true,false,SIN_PUNTO,,,incompleto_revision,Incompleto en revisión,INCOMPLETO,NO_DIFERENCIABLE,NO_DIFERENCIABLE_SIN_PUNTO_FUERTE,,INCOMPLETO,Incompleto,muy_baja,33.3,"Coinciden 2 de 6 puntos esperados. Faltan ingreso, preingreso, balanza ingreso, balanza egreso.",6,2,4,false,sin_ingreso,true,egreso,false,true,DESPACHO_SIN_PUNTO_INSTRUMENTADO,2,CALADA>EGRESO,SIN_PUNTO,SIN_PUNTO,Sin punto instrumentado (sólidos),DESPACHO_SIN_PUNTO_INSTRUMENTADO,false,0,false,false,false,UNKNOWN,UNKNOWN,,,0,false,false,,,,NONE,DATA_COVERAGE,EVENTOS_INSUFICIENTES,missing_ingreso_frontal+suspicious_duplicate,RicCal04>RicEgrCamFrente,,incompleto_revision,false,0,RicIngCamFrente|RICARDONE_INGRESO_CAMIONES,2026-10-05T11:14:03.732Z,day,2026-10-04,2026-09-30,33.3,INGRESO|PREINGRESO|BALANZA_INGRESO|BALANZA_EGRESO,EVENTOS_INSUFICIENTES,false,false,circuito_probable_sin_ingreso,2-S2>2-S3,2026-09-30_2026-10-04,final_circuits.csv
6f51ec52-e6e2-4edd-9faf-e0512fe7ddf1,CRA383,CRA383,ANOMALIAS,FRAGMENTO_SIN_CIERRE_OPERATIVO,,UNKNOWN,true,false,SIN_PUNTO,,,incompleto_revision,Incompleto en revisión,INCOMPLETO,INCOMPLETO,FRAGMENTO_SIN_CIERRE_OPERATIVO,,INCOMPLETO,Incompleto,muy_baja,33.3,"Coinciden 2 de 6 puntos esperados. Faltan ingreso, balanza ingreso, balanza egreso, egreso.",6,2,4,true,preingreso,false,sin_egreso,false,false,DESPACHO_SIN_PUNTO_INSTRUMENTADO,2,PREINGRESO>CALADA,SIN_PUNTO,SIN_PUNTO,Sin punto instrumentado (sólidos),DESPACHO_SIN_PUNTO_INSTRUMENTADO,false,0,false,false,false,UNKNOWN,UNKNOWN,,,0,false,false,,,,NONE,DATA_COVERAGE,EVENTOS_INSUFICIENTES,missing_ingreso_frontal,RicPreIngInFr>RicCal04,,incompleto_revision,false,0,RicIngCamFrente|RICARDONE_INGRESO_CAMIONES,2026-10-05T11:14:03.732Z,day,2026-10-04,2026-09-30,33.3,INGRESO|BALANZA_INGRESO|BALANZA_EGRESO|EGRESO,EVENTOS_INSUFICIENTES,false,false,circuito_probable_sin_egreso,2-S1>2-S2,2026-09-30_2026-10-04,final_circuits.csv
765b6f1b-7d18-4f9e-a5b0-c1cd9ab6941d,AA239YA,AA239YA,ANOMALIAS,NO_DIFERENCIABLE_SIN_PUNTO_FUERTE,,UNKNOWN,true,false,SIN_PUNTO,,SAN_LORENZO,incompleto_revision,Incompleto en revisión,INCOMPLETO,NO_DIFERENCIABLE,NO_DIFERENCIABLE_SIN_PUNTO_FUERTE,,INCOMPLETO,Incompleto,baja,33.3,"Coinciden 2 de 6 puntos esperados. Faltan ingreso, balanza ingreso, balanza egreso, egreso.",6,2,4,true,preingreso,false,sin_egreso,false,false,DESPACHO_SIN_PUNTO_INSTRUMENTADO,4,PREINGRESO>CALADA>SL_BALANZA_INGRESO>SL_EGRESO,SIN_PUNTO,SIN_PUNTO,Sin punto instrumentado (sólidos),DESPACHO_SIN_PUNTO_INSTRUMENTADO,false,0,true,false,false,UNKNOWN,UNKNOWN,,,0,false,false,,,,NONE,DATA_COVERAGE,SECUENCIA_INCOMPLETA,missing_ingreso_frontal,RicPreIngInFr>RicCal03>SLZBalIngFte>SLZSalidaC1Fte,,incompleto_revision,true,0,RicIngCamFrente|RICARDONE_INGRESO_CAMIONES,2026-10-05T11:14:03.732Z,day,2026-10-04,2026-09-30,33.3,INGRESO|BALANZA_INGRESO|BALANZA_EGRESO|EGRESO,SECUENCIA_NO_CONCLUYENTE,false,false,circuito_probable_sin_egreso+punto_fuerte,2-S1>2-S2>1-S1>1-S7,2026-09-30_2026-10-04,final_circuits.csv
f40ac37c-f47e-4743-9720-03bd2400b287__cycle_1,AI201UM,AI201UM,ANOMALIAS,FRAGMENTO_SIN_CIERRE_OPERATIVO,,UNKNOWN,true,false,SIN_PUNTO,,,incompleto_revision,Incompleto en revisión,INCOMPLETO,INCOMPLETO,FRAGMENTO_SIN_CIERRE_OPERATIVO,,INCOMPLETO,Incompleto,muy_baja,33.3,"Coinciden 2 de 6 puntos esperados. Faltan ingreso, balanza ingreso, balanza egreso, egreso.",6,2,4,true,preingreso,false,sin_egreso,false,false,DESPACHO_SIN_PUNTO_INSTRUMENTADO,2,PREINGRESO>CALADA,SIN_PUNTO,SIN_PUNTO,Sin punto instrumentado (sólidos),DESPACHO_SIN_PUNTO_INSTRUMENTADO,false,0,false,false,false,UNKNOWN,UNKNOWN,,,0,false,false,,,,NONE,DATA_COVERAGE,EVENTOS_INSUFICIENTES,missing_ingreso_frontal,RicPreIngInFr>RicCal04,,incompleto_revision,false,0,RicIngCamFrente|RICARDONE_INGRESO_CAMIONES,2026-10-05T11:14:03.732Z,day,2026-10-04,2026-09-30,33.3,INGRESO|BALANZA_INGRESO|BALANZA_EGRESO|EGRESO,EVENTOS_INSUFICIENTES,false,false,circuito_probable_sin_egreso,2-S1>2-S2,2026-09-30_2026-10-04,final_circuits.csv
5e6f5798-8bc5-492c-8af5-0cb84cc48339__cycle_1,AI467SL,AI467SL,ANOMALIAS,FRAGMENTO_SIN_CIERRE_OPERATIVO,,UNKNOWN,true,false,SIN_PUNTO,,,incompleto_revision,Incompleto en revisión,INCOMPLETO,INCOMPLETO,FRAGMENTO_SIN_CIERRE_OPERATIVO,,INCOMPLETO,Incompleto,muy_baja,33.3,"Coinciden 2 de 6 puntos esperados. Faltan ingreso, balanza ingreso, balanza egreso, egreso.",6,2,4,true,preingreso,false,sin_egreso,false,false,DESPACHO_SIN_PUNTO_INSTRUMENTADO,2,PREINGRESO>CALADA,SIN_PUNTO,SIN_PUNTO,Sin punto instrumentado (sólidos),DESPACHO_SIN_PUNTO_INSTRUMENTADO,false,0,false,false,false,UNKNOWN,UNKNOWN,,,0,false,false,,,,NONE,DATA_COVERAGE,EVENTOS_INSUFICIENTES,missing_ingreso_frontal+suspicious_duplicate,RicPreIngInFr>RicCal04,,incompleto_revision,false,0,RicIngCamFrente|RICARDONE_INGRESO_CAMIONES,2026-10-05T11:14:03.732Z,day,2026-10-04,2026-09-30,33.3,INGRESO|BALANZA_INGRESO|BALANZA_EGRESO|EGRESO,EVENTOS_INSUFICIENTES,false,false,circuito_probable_sin_egreso,2-S1>2-S2,2026-09-30_2026-10-04,final_circuits.csv
2412398c-e1bc-443b-a489-b9bcd2a9b14b,LUJ549,LUJ549,ANOMALIAS,FRAGMENTO_SIN_CIERRE_OPERATIVO,,UNKNOWN,true,false,SIN_PUNTO,,,incompleto_revision,Incompleto en revisión,INCOMPLETO,INCOMPLETO,FRAGMENTO_SIN_CIERRE_OPERATIVO,,INCOMPLETO,Incompleto,muy_baja,33.3,"Coinciden 2 de 6 puntos esperados. Faltan ingreso, balanza ingreso, balanza egreso, egreso.",6,2,4,true,preingreso,false,sin_egreso,false,false,DESPACHO_SIN_PUNTO_INSTRUMENTADO,2,PREINGRESO>CALADA,SIN_PUNTO,SIN_PUNTO,Sin punto instrumentado (sólidos),DESPACHO_SIN_PUNTO_INSTRUMENTADO,false,0,false,false,false,UNKNOWN,UNKNOWN,,,0,false,false,,,,NONE,DATA_COVERAGE,EVENTOS_INSUFICIENTES,missing_ingreso_frontal,RicPreIngInFr>RicCal03,,incompleto_revision,false,0,RicIngCamFrente|RICARDONE_INGRESO_CAMIONES,2026-10-05T11:14:03.732Z,day,2026-10-04,2026-09-30,33.3,INGRESO|BALANZA_INGRESO|BALANZA_EGRESO|EGRESO,EVENTOS_INSUFICIENTES,false,false,circuito_probable_sin_egreso,2-S1>2-S2,2026-09-30_2026-10-04,final_circuits.csv
fa5699cb-5d00-46b2-8093-26c9ffb796db,AB930VZ,AB930VZ,ANOMALIAS,NO_DIFERENCIABLE_SIN_PUNTO_FUERTE,,UNKNOWN,true,false,SIN_PUNTO,,SAN_LORENZO,incompleto_revision,Incompleto en revisión,INCOMPLETO,NO_DIFERENCIABLE,NO_DIFERENCIABLE_SIN_PUNTO_FUERTE,,INCOMPLETO,Incompleto,baja,33.3,"Coinciden 2 de 6 puntos esperados. Faltan ingreso, balanza ingreso, balanza egreso, egreso.",6,2,4,true,preingreso,false,sin_egreso,false,false,DESPACHO_SIN_PUNTO_INSTRUMENTADO,3,PREINGRESO>CALADA>SL_EGRESO,SIN_PUNTO,SIN_PUNTO,Sin punto instrumentado (sólidos),DESPACHO_SIN_PUNTO_INSTRUMENTADO,false,0,true,false,false,UNKNOWN,UNKNOWN,,,0,false,false,,,,NONE,DATA_COVERAGE,SECUENCIA_INCOMPLETA,missing_ingreso_frontal,RicPreIngInFr>RicCal04>SLZSalidaC1Fte,,incompleto_revision,true,0,RicIngCamFrente|RICARDONE_INGRESO_CAMIONES,2026-10-05T11:14:03.732Z,day,2026-10-04,2026-09-30,33.3,INGRESO|BALANZA_INGRESO|BALANZA_EGRESO|EGRESO,SECUENCIA_NO_CONCLUYENTE,false,false,circuito_probable_sin_egreso+punto_fuerte,2-S1>2-S2>1-S7,2026-09-30_2026-10-04,final_circuits.csv
55eea7b7-773e-46ef-a7e9-12361f01be58__cycle_1,AA820OD,AA820OD,ANOMALIAS,FRAGMENTO_SIN_CIERRE_OPERATIVO,,UNKNOWN,true,false,SIN_PUNTO,,,incompleto_revision,Incompleto en revisión,INCOMPLETO,INCOMPLETO,FRAGMENTO_SIN_CIERRE_OPERATIVO,,INCOMPLETO,Incompleto,muy_baja,33.3,"Coinciden 2 de 6 puntos esperados. Faltan ingreso, balanza ingreso, balanza egreso, egreso.",6,2,4,true,preingreso,false,sin_egreso,false,false,DESPACHO_SIN_PUNTO_INSTRUMENTADO,2,PREINGRESO>CALADA,SIN_PUNTO,SIN_PUNTO,Sin punto instrumentado (sólidos),DESPACHO_SIN_PUNTO_INSTRUMENTADO,false,0,false,false,false,UNKNOWN,UNKNOWN,,,0,false,false,,,,NONE,DATA_COVERAGE,EVENTOS_INSUFICIENTES,missing_ingreso_frontal,RicPreIngInFr>RicCal04,,incompleto_revision,false,0,RicIngCamFrente|RICARDONE_INGRESO_CAMIONES,2026-10-05T11:14:03.732Z,day,2026-10-04,2026-09-30,33.3,INGRESO|BALANZA_INGRESO|BALANZA_EGRESO|EGRESO,EVENTOS_INSUFICIENTES,false,false,circuito_probable_sin_egreso,2-S1>2-S2,2026-09-30_2026-10-04,final_circuits.csv
e205b61b-cb59-49fa-afab-a31468f32f48,FPF313,FPF313,ANOMALIAS,NO_DIFERENCIABLE_SIN_PUNTO_FUERTE,,UNKNOWN,true,false,SIN_PUNTO,,,incompleto_revision,Incompleto en revisión,INCOMPLETO,NO_DIFERENCIABLE,NO_DIFERENCIABLE_SIN_PUNTO_FUERTE,,INCOMPLETO,Incompleto,baja,50,"Coinciden 3 de 6 puntos esperados. Faltan ingreso, balanza ingreso, egreso.",6,3,3,true,preingreso,true,egreso_y_balanza,false,true,DESPACHO_SIN_PUNTO_INSTRUMENTADO,4,PREINGRESO>CALADA>PLAYA>BALANZA_EGRESO,SIN_PUNTO,SIN_PUNTO,Sin punto instrumentado (sólidos),DESPACHO_SIN_PUNTO_INSTRUMENTADO,false,0,false,false,false,UNKNOWN,UNKNOWN,,,0,false,false,,,,NONE,DATA_COVERAGE,SECUENCIA_INCOMPLETA,missing_ingreso_frontal,RicPreIngInFr>RicCal03>RicS6Playa3>RicB2Egreso,,incompleto_revision,false,0,RicIngCamFrente|RICARDONE_INGRESO_CAMIONES,2026-10-05T11:14:03.732Z,day,2026-10-04,2026-09-30,50,INGRESO|BALANZA_INGRESO|EGRESO,SECUENCIA_NO_CONCLUYENTE,false,false,circuito_probable_sin_egreso,2-S1>2-S2>2-S6>2-S4,2026-09-30_2026-10-04,final_circuits.csv
f55ecb74-244e-4398-b222-b006d579b69c,KBC169,KBC169,ANOMALIAS,NO_DIFERENCIABLE_SIN_PUNTO_FUERTE,,UNKNOWN,true,false,SIN_PUNTO,,SAN_LORENZO,incompleto_revision,Incompleto en revisión,INCOMPLETO,NO_DIFERENCIABLE,NO_DIFERENCIABLE_SIN_PUNTO_FUERTE,,INCOMPLETO,Incompleto,baja,33.3,"Coinciden 2 de 6 puntos esperados. Faltan ingreso, balanza ingreso, balanza egreso, egreso.",6,2,4,true,preingreso,false,sin_egreso,false,false,DESPACHO_SIN_PUNTO_INSTRUMENTADO,4,PREINGRESO>CALADA>SL_BALANZA_INGRESO>SL_EGRESO,SIN_PUNTO,SIN_PUNTO,Sin punto instrumentado (sólidos),DESPACHO_SIN_PUNTO_INSTRUMENTADO,false,0,true,false,false,UNKNOWN,UNKNOWN,,,0,false,false,,,,NONE,DATA_COVERAGE,SECUENCIA_INCOMPLETA,missing_ingreso_frontal,RicPreIngInFr>RicCal04>SLZBalIngFte>SLZSalidaC1Fte,,incompleto_revision,true,0,RicIngCamFrente|RICARDONE_INGRESO_CAMIONES,2026-10-05T11:14:03.732Z,day,2026-10-04,2026-09-30,33.3,INGRESO|BALANZA_INGRESO|BALANZA_EGRESO|EGRESO,SECUENCIA_NO_CONCLUYENTE,false,false,circuito_probable_sin_egreso+punto_fuerte,2-S1>2-S2>1-S1>1-S7,2026-09-30_2026-10-04,final_circuits.csv
93553f8b-b837-40a9-ad07-356cc9d6dd75,KGF179,KGF179,ANOMALIAS,NO_DIFERENCIABLE_SIN_PUNTO_FUERTE,,UNKNOWN,true,false,SIN_PUNTO,,,incompleto_revision,Incompleto en revisión,INCOMPLETO,NO_DIFERENCIABLE,NO_DIFERENCIABLE_SIN_PUNTO_FUERTE,,INCOMPLETO,Incompleto,muy_baja,33.3,"Coinciden 2 de 6 puntos esperados. Faltan ingreso, balanza ingreso, balanza egreso, egreso.",6,2,4,true,preingreso,false,sin_egreso,false,false,DESPACHO_SIN_PUNTO_INSTRUMENTADO,3,PREINGRESO>CALADA>PLAYA,SIN_PUNTO,SIN_PUNTO,Sin punto instrumentado (sólidos),DESPACHO_SIN_PUNTO_INSTRUMENTADO,false,0,false,false,false,UNKNOWN,UNKNOWN,,,0,false,false,,,,NONE,DATA_COVERAGE,SECUENCIA_INCOMPLETA,missing_ingreso_frontal,RicPreIngInFr>RicCal04>RicS6Playa3,,incompleto_revision,false,0,RicIngCamFrente|RICARDONE_INGRESO_CAMIONES,2026-10-05T11:14:03.732Z,day,2026-10-04,2026-09-30,33.3,INGRESO|BALANZA_INGRESO|BALANZA_EGRESO|EGRESO,SECUENCIA_NO_CONCLUYENTE,false,false,circuito_probable_sin_egreso,2-S1>2-S2>2-S6,2026-09-30_2026-10-04,final_circuits.csv
d6b70eaa-b5e5-4a64-88ce-f3aa8b2b1f80,HNG637,HNG637,ANOMALIAS,NO_DIFERENCIABLE_SIN_PUNTO_FUERTE,,UNKNOWN,true,false,SIN_PUNTO,,,incompleto_revision,Incompleto en revisión,INCOMPLETO,NO_DIFERENCIABLE,NO_DIFERENCIABLE_SIN_PUNTO_FUERTE,,INCOMPLETO,Incompleto,baja,50,"Coinciden 3 de 6 puntos esperados. Faltan ingreso, balanza ingreso, egreso.",6,3,3,true,preingreso,true,egreso_y_balanza,false,true,DESPACHO_SIN_PUNTO_INSTRUMENTADO,3,PREINGRESO>CALADA>BALANZA_EGRESO,SIN_PUNTO,SIN_PUNTO,Sin punto instrumentado (sólidos),DESPACHO_SIN_PUNTO_INSTRUMENTADO,false,0,false,false,false,UNKNOWN,UNKNOWN,,,0,false,false,,,,NONE,DATA_COVERAGE,SECUENCIA_INCOMPLETA,missing_ingreso_frontal,RicPreIngInFr>RicCal03>RicB2Egreso,,incompleto_revision,false,0,RicIngCamFrente|RICARDONE_INGRESO_CAMIONES,2026-10-05T11:14:03.732Z,day,2026-10-04,2026-09-30,50,INGRESO|BALANZA_INGRESO|EGRESO,SECUENCIA_NO_CONCLUYENTE,false,false,circuito_probable_sin_egreso,2-S1>2-S2>2-S4,2026-09-30_2026-10-04,final_circuits.csv
d33ccf87-9994-4612-a004-54bcd3b30681,NJT004,NJT004,ANOMALIAS,NO_DIFERENCIABLE_SIN_PUNTO_FUERTE,,UNKNOWN,true,false,SIN_PUNTO,,,incompleto_revision,Incompleto en revisión,INCOMPLETO,NO_DIFERENCIABLE,NO_DIFERENCIABLE_SIN_PUNTO_FUERTE,,INCOMPLETO,Incompleto,muy_baja,33.3,"Coinciden 2 de 6 puntos esperados. Faltan ingreso, preingreso, balanza ingreso, balanza egreso.",6,2,4,false,sin_ingreso,true,egreso,false,true,DESPACHO_SIN_PUNTO_INSTRUMENTADO,2,CALADA>EGRESO,SIN_PUNTO,SIN_PUNTO,Sin punto instrumentado (sólidos),DESPACHO_SIN_PUNTO_INSTRUMENTADO,false,0,false,false,false,UNKNOWN,UNKNOWN,,,0,false,false,,,,NONE,DATA_COVERAGE,EVENTOS_INSUFICIENTES,missing_ingreso_frontal+suspicious_duplicate,RicCal04>RicEgrCamFrente,,incompleto_revision,false,0,RicIngCamFrente|RICARDONE_INGRESO_CAMIONES,2026-10-05T11:14:03.732Z,day,2026-10-04,2026-09-30,33.3,INGRESO|PREINGRESO|BALANZA_INGRESO|BALANZA_EGRESO,EVENTOS_INSUFICIENTES,false,false,circuito_probable_sin_ingreso,2-S2>2-S3,2026-09-30_2026-10-04,final_circuits.csv
a7898ed1-0557-4375-b173-9eb2ce7717c0,JRK452,JRK452,ANOMALIAS,NO_DIFERENCIABLE_SIN_PUNTO_FUERTE,,UNKNOWN,true,false,SIN_PUNTO,,SAN_LORENZO,incompleto_revision,Incompleto en revisión,INCOMPLETO,NO_DIFERENCIABLE,NO_DIFERENCIABLE_SIN_PUNTO_FUERTE,,INCOMPLETO,Incompleto,baja,33.3,"Coinciden 2 de 6 puntos esperados. Faltan ingreso, balanza ingreso, balanza egreso, egreso.",6,2,4,true,preingreso,false,sin_egreso,false,false,DESPACHO_SIN_PUNTO_INSTRUMENTADO,5,PREINGRESO>CALADA>SL_BALANZA_INGRESO>SL_VOLCABLE>SL_EGRESO,SIN_PUNTO,SIN_PUNTO,Sin punto instrumentado (sólidos),DESPACHO_SIN_PUNTO_INSTRUMENTADO,false,0,true,false,false,UNKNOWN,UNKNOWN,,,0,false,false,,,,NONE,DATA_COVERAGE,SECUENCIA_INCOMPLETA,missing_ingreso_frontal,RicPreIngInFr>RicCal04>SLZBalIngFte>SLZVolcableC5>SLZSalidaC1Fte,,incompleto_revision,true,0,RicIngCamFrente|RICARDONE_INGRESO_CAMIONES,2026-10-05T11:14:03.732Z,day,2026-10-04,2026-09-30,33.3,INGRESO|BALANZA_INGRESO|BALANZA_EGRESO|EGRESO,SECUENCIA_NO_CONCLUYENTE,false,false,circuito_probable_sin_egreso+punto_fuerte,2-S1>2-S2>1-S1>1-S4>1-S7,2026-09-30_2026-10-04,final_circuits.csv
f1202803-76c1-44f2-98eb-a16bdb6fd484,TLX106,TLX106,ANOMALIAS,NO_DIFERENCIABLE_SIN_PUNTO_FUERTE,,UNKNOWN,true,false,SIN_PUNTO,,,incompleto_revision,Incompleto en revisión,INCOMPLETO,NO_DIFERENCIABLE,NO_DIFERENCIABLE_SIN_PUNTO_FUERTE,,INCOMPLETO,Incompleto,baja,50,"Coinciden 3 de 6 puntos esperados. Faltan ingreso, balanza ingreso, egreso.",6,3,3,true,preingreso,true,egreso_y_balanza,false,true,DESPACHO_SIN_PUNTO_INSTRUMENTADO,3,PREINGRESO>CALADA>BALANZA_EGRESO,SIN_PUNTO,SIN_PUNTO,Sin punto instrumentado (sólidos),DESPACHO_SIN_PUNTO_INSTRUMENTADO,false,0,false,false,false,UNKNOWN,UNKNOWN,,,0,false,false,,,,NONE,DATA_COVERAGE,SECUENCIA_INCOMPLETA,missing_ingreso_frontal,RicPreIngInFr>RicCal04>RicB2Egreso,,incompleto_revision,false,0,RicIngCamFrente|RICARDONE_INGRESO_CAMIONES,2026-10-05T11:14:03.732Z,day,2026-10-04,2026-09-30,50,INGRESO|BALANZA_INGRESO|EGRESO,SECUENCIA_NO_CONCLUYENTE,false,false,circuito_probable_sin_egreso,2-S1>2-S2>2-S4,2026-09-30_2026-10-04,final_circuits.csv
d04fcc56-4e57-4e12-8597-d8566e8e62ad__cycle_2,KRB128,KRB128,ANOMALIAS,NO_DIFERENCIABLE_SIN_PUNTO_FUERTE,,UNKNOWN,true,false,SIN_PUNTO,,,incompleto_revision,Incompleto en revisión,INCOMPLETO,NO_DIFERENCIABLE,NO_DIFERENCIABLE_SIN_PUNTO_FUERTE,,INCOMPLETO,Incompleto,baja,50,"Coinciden 3 de 6 puntos esperados. Faltan ingreso, balanza ingreso, egreso.",6,3,3,true,preingreso,true,egreso_y_balanza,false,true,DESPACHO_SIN_PUNTO_INSTRUMENTADO,3,PREINGRESO>CALADA>BALANZA_EGRESO,SIN_PUNTO,SIN_PUNTO,Sin punto instrumentado (sólidos),DESPACHO_SIN_PUNTO_INSTRUMENTADO,false,0,false,false,false,UNKNOWN,UNKNOWN,,,0,false,false,,,,NONE,DATA_COVERAGE,SECUENCIA_INCOMPLETA,missing_ingreso_frontal,RicPreIngInFr>RicCal03>RicB2Egreso,,incompleto_revision,false,0,RicIngCamFrente|RICARDONE_INGRESO_CAMIONES,2026-10-05T11:14:03.732Z,day,2026-10-04,2026-09-30,50,INGRESO|BALANZA_INGRESO|EGRESO,SECUENCIA_NO_CONCLUYENTE,false,false,circuito_probable_sin_egreso,2-S1>2-S2>2-S4,2026-09-30_2026-10-04,final_circuits.csv
4ec98c2f-f441-423a-bc81-df65ea1795ff,NEX116,NEX116,ANOMALIAS,NO_DIFERENCIABLE_SIN_PUNTO_FUERTE,,UNKNOWN,true,false,SIN_PUNTO,,,incompleto_revision,Incompleto en revisión,INCOMPLETO,NO_DIFERENCIABLE,NO_DIFERENCIABLE_SIN_PUNTO_FUERTE,,INCOMPLETO,Incompleto,baja,50,"Coinciden 3 de 6 puntos esperados. Faltan ingreso, balanza ingreso, egreso.",6,3,3,true,preingreso,true,egreso_y_balanza,false,true,DESPACHO_SIN_PUNTO_INSTRUMENTADO,3,PREINGRESO>CALADA>BALANZA_EGRESO,SIN_PUNTO,SIN_PUNTO,Sin punto instrumentado (sólidos),DESPACHO_SIN_PUNTO_INSTRUMENTADO,false,0,false,false,false,UNKNOWN,UNKNOWN,,,0,false,false,,,,NONE,DATA_COVERAGE,SECUENCIA_INCOMPLETA,missing_ingreso_frontal,RicPreIngInFr>RicCal04>RicB2Egreso,,incompleto_revision,false,0,RicIngCamFrente|RICARDONE_INGRESO_CAMIONES,2026-10-05T11:14:03.732Z,day,2026-10-04,2026-09-30,50,INGRESO|BALANZA_INGRESO|EGRESO,SECUENCIA_NO_CONCLUYENTE,false,false,circuito_probable_sin_egreso,2-S1>2-S2>2-S4,2026-09-30_2026-10-04,final_circuits.csv
1822cb9d-5a1c-4575-9e09-6db9d4adbc9f__cycle_2,JJT929,JJT929,ANOMALIAS,JOURNEY_INCOMPLETO,,RICARDONE,true,false,R8,,LIQUIDO,incompleto_revision,Incompleto en revisión,INCOMPLETO,INCOMPLETO,SECUENCIA_NO_CONCLUYENTE,,INCOMPLETO,Incompleto,media,50,"Coinciden 3 de 6 puntos esperados. Faltan ingreso, preingreso, balanza ingreso.",6,3,3,false,sin_ingreso,true,egreso_y_balanza,false,true,CIRCUITO_LIQUIDO,4,LIQUIDO>PLAYA>BALANZA_EGRESO>LIQUIDO,R8,R8,Recepción Mercadería Líquida,CIRCUITO_LIQUIDO,false,63,true,true,true,UNKNOWN,UNKNOWN,,,0,false,false,,,,NONE,DATA_COVERAGE,SECUENCIA_INCOMPLETA,missing_ingreso_frontal,RicCalLiq>RicS6Playa3>RicB2Egreso>RicCalLiq,,incompleto_revision,true,0,RicIngCamFrente|RICARDONE_INGRESO_CAMIONES,2026-10-05T11:14:03.732Z,day,2026-10-04,2026-09-30,33.3,INGRESO|PREINGRESO|BALANZA_INGRESO|EGRESO,SECUENCIA_NO_CONCLUYENTE,false,false,circuito_probable_sin_ingreso+punto_fuerte,2-S2>2-S6>2-S4>2-S2,2026-09-30_2026-10-04,final_circuits.csv
5e6f5798-8bc5-492c-8af5-0cb84cc48339__cycle_2,AI467SL,AI467SL,ANOMALIAS,NO_DIFERENCIABLE_SIN_PUNTO_FUERTE,,UNKNOWN,true,false,SIN_PUNTO,,,incompleto_revision,Incompleto en revisión,INCOMPLETO,NO_DIFERENCIABLE,NO_DIFERENCIABLE_SIN_PUNTO_FUERTE,,INCOMPLETO,Incompleto,muy_baja,33.3,"Coinciden 2 de 6 puntos esperados. Faltan ingreso, preingreso, balanza ingreso, balanza egreso.",6,2,4,false,sin_ingreso,true,egreso,false,true,DESPACHO_SIN_PUNTO_INSTRUMENTADO,2,CALADA>EGRESO,SIN_PUNTO,SIN_PUNTO,Sin punto instrumentado (sólidos),DESPACHO_SIN_PUNTO_INSTRUMENTADO,false,0,false,false,false,UNKNOWN,UNKNOWN,,,0,false,false,,,,NONE,DATA_COVERAGE,EVENTOS_INSUFICIENTES,missing_ingreso_frontal+suspicious_duplicate,RicCal04>RicEgrCamFrente,,incompleto_revision,false,0,RicIngCamFrente|RICARDONE_INGRESO_CAMIONES,2026-10-05T11:14:03.732Z,day,2026-10-04,2026-09-30,33.3,INGRESO|PREINGRESO|BALANZA_INGRESO|BALANZA_EGRESO,EVENTOS_INSUFICIENTES,false,false,circuito_probable_sin_ingreso,2-S2>2-S3,2026-09-30_2026-10-04,final_circuits.csv
b1d5fdeb-9545-48b0-9444-b68b87ce4d64,AC177GH,AC177GH,ANOMALIAS,NO_DIFERENCIABLE_SIN_PUNTO_FUERTE,,UNKNOWN,true,false,SIN_PUNTO,,,incompleto_revision,Incompleto en revisión,INCOMPLETO,NO_DIFERENCIABLE,NO_DIFERENCIABLE_SIN_PUNTO_FUERTE,,INCOMPLETO,Incompleto,muy_baja,33.3,"Coinciden 2 de 6 puntos esperados. Faltan ingreso, preingreso, balanza ingreso, balanza egreso.",6,2,4,false,sin_ingreso,true,egreso,false,true,DESPACHO_SIN_PUNTO_INSTRUMENTADO,2,CALADA>EGRESO,SIN_PUNTO,SIN_PUNTO,Sin punto instrumentado (sólidos),DESPACHO_SIN_PUNTO_INSTRUMENTADO,false,0,false,false,false,UNKNOWN,UNKNOWN,,,0,false,false,,,,NONE,DATA_COVERAGE,EVENTOS_INSUFICIENTES,missing_ingreso_frontal+suspicious_duplicate,RicCal04>RicEgrCamFrente,,incompleto_revision,false,0,RicIngCamFrente|RICARDONE_INGRESO_CAMIONES,2026-10-05T11:14:03.732Z,day,2026-10-04,2026-09-30,33.3,INGRESO|PREINGRESO|BALANZA_INGRESO|BALANZA_EGRESO,EVENTOS_INSUFICIENTES,false,false,circuito_probable_sin_ingreso,2-S2>2-S3,2026-09-30_2026-10-04,final_circuits.csv
5faf628b-aa38-473a-b058-4527d669c3c0,HBV999,HBV999,ANOMALIAS,NO_DIFERENCIABLE_SIN_PUNTO_FUERTE,,UNKNOWN,true,false,SIN_PUNTO,,,incompleto_revision,Incompleto en revisión,INCOMPLETO,NO_DIFERENCIABLE,NO_DIFERENCIABLE_SIN_PUNTO_FUERTE,,INCOMPLETO,Incompleto,baja,50,"Coinciden 3 de 6 puntos esperados. Faltan ingreso, balanza ingreso, egreso.",6,3,3,true,preingreso,true,egreso_y_balanza,false,true,DESPACHO_SIN_PUNTO_INSTRUMENTADO,4,PREINGRESO>CALADA>PLAYA>BALANZA_EGRESO,SIN_PUNTO,SIN_PUNTO,Sin punto instrumentado (sólidos),DESPACHO_SIN_PUNTO_INSTRUMENTADO,false,0,false,false,false,UNKNOWN,UNKNOWN,,,0,false,false,,,,NONE,DATA_COVERAGE,SECUENCIA_INCOMPLETA,missing_ingreso_frontal,RicPreIngInFr>RicCal03>RicS6Playa3>RicB2Egreso,,incompleto_revision,false,0,RicIngCamFrente|RICARDONE_INGRESO_CAMIONES,2026-10-05T11:14:03.732Z,day,2026-10-04,2026-09-30,50,INGRESO|BALANZA_INGRESO|EGRESO,SECUENCIA_NO_CONCLUYENTE,false,false,circuito_probable_sin_egreso,2-S1>2-S2>2-S6>2-S4,2026-09-30_2026-10-04,final_circuits.csv
47e8cb2e-73ba-492f-a780-8d6404039674,AA699TL,AA699TL,ANOMALIAS,NO_DIFERENCIABLE_SIN_PUNTO_FUERTE,,UNKNOWN,true,false,SIN_PUNTO,,,incompleto_revision,Incompleto en revisión,INCOMPLETO,NO_DIFERENCIABLE,NO_DIFERENCIABLE_SIN_PUNTO_FUERTE,,INCOMPLETO,Incompleto,muy_baja,33.3,"Coinciden 2 de 6 puntos esperados. Faltan ingreso, balanza ingreso, balanza egreso, egreso.",6,2,4,true,preingreso,false,sin_egreso,false,false,DESPACHO_SIN_PUNTO_INSTRUMENTADO,3,PREINGRESO>CALADA>PLAYA,SIN_PUNTO,SIN_PUNTO,Sin punto instrumentado (sólidos),DESPACHO_SIN_PUNTO_INSTRUMENTADO,false,0,false,false,false,UNKNOWN,UNKNOWN,,,0,false,false,,,,NONE,DATA_COVERAGE,SECUENCIA_INCOMPLETA,missing_ingreso_frontal,RicPreIngInFr>RicCal04>RicS6Playa3,,incompleto_revision,false,0,RicIngCamFrente|RICARDONE_INGRESO_CAMIONES,2026-10-05T11:14:03.732Z,day,2026-10-04,2026-09-30,33.3,INGRESO|BALANZA_INGRESO|BALANZA_EGRESO|EGRESO,SECUENCIA_NO_CONCLUYENTE,false,false,circuito_probable_sin_egreso,2-S1>2-S2>2-S6,2026-09-30_2026-10-04,final_circuits.csv
5b3a904b-93cd-4267-96b3-8f1165cae82f__cycle_2,VUB780,VUB780,ANOMALIAS,NO_DIFERENCIABLE_SIN_PUNTO_FUERTE,,UNKNOWN,true,false,SIN_PUNTO,,,incompleto_revision,Incompleto en revisión,INCOMPLETO,NO_DIFERENCIABLE,NO_DIFERENCIABLE_SIN_PUNTO_FUERTE,,INCOMPLETO,Incompleto,muy_baja,33.3,"Coinciden 2 de 6 puntos esperados. Faltan ingreso, preingreso, balanza ingreso, egreso.",6,2,4,false,sin_ingreso,true,egreso_y_balanza,false,true,DESPACHO_SIN_PUNTO_INSTRUMENTADO,2,CALADA>BALANZA_EGRESO,SIN_PUNTO,SIN_PUNTO,Sin punto instrumentado (sólidos),DESPACHO_SIN_PUNTO_INSTRUMENTADO,false,0,false,false,false,UNKNOWN,UNKNOWN,,,0,false,false,,,,NONE,DATA_COVERAGE,EVENTOS_INSUFICIENTES,missing_ingreso_frontal,RicCal03>RicB2Egreso,,incompleto_revision,false,0,RicIngCamFrente|RICARDONE_INGRESO_CAMIONES,2026-10-05T11:14:03.732Z,day,2026-10-04,2026-09-30,33.3,INGRESO|PREINGRESO|BALANZA_INGRESO|EGRESO,EVENTOS_INSUFICIENTES,false,false,circuito_probable_sin_ingreso,2-S2>2-S4,2026-09-30_2026-10-04,final_circuits.csv
f40ac37c-f47e-4743-9720-03bd2400b287__cycle_2,AI201UM,AI201UM,ANOMALIAS,NO_DIFERENCIABLE_SIN_PUNTO_FUERTE,,UNKNOWN,true,false,SIN_PUNTO,,,incompleto_revision,Incompleto en revisión,INCOMPLETO,NO_DIFERENCIABLE,NO_DIFERENCIABLE_SIN_PUNTO_FUERTE,,INCOMPLETO,Incompleto,muy_baja,33.3,"Coinciden 2 de 6 puntos esperados. Faltan ingreso, preingreso, balanza ingreso, balanza egreso.",6,2,4,false,sin_ingreso,true,egreso,false,true,DESPACHO_SIN_PUNTO_INSTRUMENTADO,2,CALADA>EGRESO,SIN_PUNTO,SIN_PUNTO,Sin punto instrumentado (sólidos),DESPACHO_SIN_PUNTO_INSTRUMENTADO,false,0,false,false,false,UNKNOWN,UNKNOWN,,,0,false,false,,,,NONE,DATA_COVERAGE,EVENTOS_INSUFICIENTES,missing_ingreso_frontal,RicCal04>RicEgrCamFrente,,incompleto_revision,false,0,RicIngCamFrente|RICARDONE_INGRESO_CAMIONES,2026-10-05T11:14:03.732Z,day,2026-10-04,2026-09-30,33.3,INGRESO|PREINGRESO|BALANZA_INGRESO|BALANZA_EGRESO,EVENTOS_INSUFICIENTES,false,false,circuito_probable_sin_ingreso,2-S2>2-S3,2026-09-30_2026-10-04,final_circuits.csv
44263904-eb8d-4d46-a14f-3dd8c60ee48e,SZG865,SZG865,ANOMALIAS,NO_DIFERENCIABLE_SIN_PUNTO_FUERTE,,UNKNOWN,true,false,SIN_PUNTO,,,incompleto_revision,Incompleto en revisión,INCOMPLETO,NO_DIFERENCIABLE,NO_DIFERENCIABLE_SIN_PUNTO_FUERTE,,INCOMPLETO,Incompleto,baja,50,"Coinciden 3 de 6 puntos esperados. Faltan ingreso, balanza ingreso, egreso.",6,3,3,true,preingreso,true,egreso_y_balanza,false,true,DESPACHO_SIN_PUNTO_INSTRUMENTADO,4,PREINGRESO>CALADA>PLAYA>BALANZA_EGRESO,SIN_PUNTO,SIN_PUNTO,Sin punto instrumentado (sólidos),DESPACHO_SIN_PUNTO_INSTRUMENTADO,false,0,false,false,false,UNKNOWN,UNKNOWN,,,0,false,false,,,,NONE,DATA_COVERAGE,SECUENCIA_INCOMPLETA,missing_ingreso_frontal,RicPreIngInFr>RicCal03>RicS6Playa3>RicB2Egreso,,incompleto_revision,false,0,RicIngCamFrente|RICARDONE_INGRESO_CAMIONES,2026-10-05T11:14:03.732Z,day,2026-10-04,2026-09-30,50,INGRESO|BALANZA_INGRESO|EGRESO,SECUENCIA_NO_CONCLUYENTE,false,false,circuito_probable_sin_egreso,2-S1>2-S2>2-S6>2-S4,2026-09-30_2026-10-04,final_circuits.csv
18c12ddb-1dc9-4c1d-a752-aac30778eb24__cycle_1,RVG299,RVG299,ANOMALIAS,JOURNEY_INCOMPLETO,,RICARDONE,true,false,R8,,LIQUIDO,incompleto_revision,Incompleto en revisión,INCOMPLETO,INCOMPLETO,SECUENCIA_NO_CONCLUYENTE,,INCOMPLETO,Incompleto,media,66.7,"Coinciden 4 de 6 puntos esperados. Faltan ingreso, balanza ingreso.",6,4,2,true,preingreso,true,egreso_y_balanza,false,true,CIRCUITO_LIQUIDO,3,PREINGRESO>LIQUIDO>BALANZA_EGRESO,R8,R8,Recepción Mercadería Líquida,CIRCUITO_LIQUIDO,false,63,true,true,true,UNKNOWN,UNKNOWN,,,0,false,false,,,,NONE,DATA_COVERAGE,SECUENCIA_INCOMPLETA,missing_ingreso_frontal+suspicious_duplicate,RicPreIngInFr>RicCalLiq>RicB2Egreso,,incompleto_revision,true,0,RicIngCamFrente|RICARDONE_INGRESO_CAMIONES,2026-10-05T11:14:03.732Z,day,2026-10-04,2026-09-30,50,INGRESO|BALANZA_INGRESO|EGRESO,SECUENCIA_NO_CONCLUYENTE,false,false,circuito_probable_sin_egreso+punto_fuerte,2-S1>2-S2>2-S4,2026-09-30_2026-10-04,final_circuits.csv
d7bf55aa-ed18-4560-9dab-b0b2f0b7a05c,GUS768,GUS768,ANOMALIAS,FRAGMENTO_SIN_CIERRE_OPERATIVO,,UNKNOWN,true,false,SIN_PUNTO,,,incompleto_revision,Incompleto en revisión,INCOMPLETO,INCOMPLETO,FRAGMENTO_SIN_CIERRE_OPERATIVO,,INCOMPLETO,Incompleto,muy_baja,33.3,"Coinciden 2 de 6 puntos esperados. Faltan ingreso, balanza ingreso, balanza egreso, egreso.",6,2,4,true,preingreso,false,sin_egreso,false,false,DESPACHO_SIN_PUNTO_INSTRUMENTADO,2,PREINGRESO>CALADA,SIN_PUNTO,SIN_PUNTO,Sin punto instrumentado (sólidos),DESPACHO_SIN_PUNTO_INSTRUMENTADO,false,0,false,false,false,UNKNOWN,UNKNOWN,,,0,false,false,,,,NONE,DATA_COVERAGE,EVENTOS_INSUFICIENTES,missing_ingreso_frontal,RicPreIngInFr>RicCal03,,incompleto_revision,false,0,RicIngCamFrente|RICARDONE_INGRESO_CAMIONES,2026-10-05T11:14:03.732Z,day,2026-10-04,2026-09-30,33.3,INGRESO|BALANZA_INGRESO|BALANZA_EGRESO|EGRESO,EVENTOS_INSUFICIENTES,false,false,circuito_probable_sin_egreso,2-S1>2-S2,2026-09-30_2026-10-04,final_circuits.csv
154b6e82-e1cb-4e90-a4b9-d66a5affef0f,AB078ID,AB078ID,ANOMALIAS,NO_DIFERENCIABLE_SIN_PUNTO_FUERTE,,UNKNOWN,true,false,SIN_PUNTO,,,incompleto_revision,Incompleto en revisión,INCOMPLETO,NO_DIFERENCIABLE,NO_DIFERENCIABLE_SIN_PUNTO_FUERTE,,INCOMPLETO,Incompleto,muy_baja,33.3,"Coinciden 2 de 6 puntos esperados. Faltan ingreso, calada, balanza ingreso, egreso.",6,2,4,true,preingreso,true,egreso_y_balanza,false,true,DESPACHO_SIN_PUNTO_INSTRUMENTADO,3,PREINGRESO>PLAYA>BALANZA_EGRESO,SIN_PUNTO,SIN_PUNTO,Sin punto instrumentado (sólidos),DESPACHO_SIN_PUNTO_INSTRUMENTADO,false,0,false,false,false,UNKNOWN,UNKNOWN,,,0,false,false,,,,NONE,DATA_COVERAGE,SECUENCIA_INCOMPLETA,missing_ingreso_frontal,RicPreIngInFr>RicS6Playa3>RicB2Egreso,,incompleto_revision,false,0,RicIngCamFrente|RICARDONE_INGRESO_CAMIONES,2026-10-05T11:14:03.732Z,day,2026-10-04,2026-09-30,33.3,INGRESO|CALADA|BALANZA_INGRESO|EGRESO,SECUENCIA_NO_CONCLUYENTE,false,false,circuito_probable_sin_egreso,2-S1>2-S6>2-S4,2026-09-30_2026-10-04,final_circuits.csv
31d2d3c8-59da-4334-9e93-45c5459c1a2f,FKX849,FKX849,ANOMALIAS,NO_DIFERENCIABLE_SIN_PUNTO_FUERTE,,UNKNOWN,true,false,SIN_PUNTO,,,incompleto_revision,Incompleto en revisión,INCOMPLETO,NO_DIFERENCIABLE,NO_DIFERENCIABLE_SIN_PUNTO_FUERTE,,INCOMPLETO,Incompleto,baja,50,"Coinciden 3 de 6 puntos esperados. Faltan ingreso, balanza ingreso, egreso.",6,3,3,true,preingreso,true,egreso_y_balanza,false,true,DESPACHO_SIN_PUNTO_INSTRUMENTADO,4,PREINGRESO>CALADA>PLAYA>BALANZA_EGRESO,SIN_PUNTO,SIN_PUNTO,Sin punto instrumentado (sólidos),DESPACHO_SIN_PUNTO_INSTRUMENTADO,false,0,false,false,false,UNKNOWN,UNKNOWN,,,0,false,false,,,,NONE,DATA_COVERAGE,SECUENCIA_INCOMPLETA,missing_ingreso_frontal,RicPreIngInFr>RicCal03>RicS6Playa3>RicB2Egreso,,incompleto_revision,false,0,RicIngCamFrente|RICARDONE_INGRESO_CAMIONES,2026-10-05T11:14:03.732Z,day,2026-10-04,2026-09-30,50,INGRESO|BALANZA_INGRESO|EGRESO,SECUENCIA_NO_CONCLUYENTE,false,false,circuito_probable_sin_egreso,2-S1>2-S2>2-S6>2-S4,2026-09-30_2026-10-04,final_circuits.csv
ee10e8e4-63e3-4439-900a-2e4b5c6ff700,AB328HJ,AB328HJ,ANOMALIAS,NO_DIFERENCIABLE_SIN_PUNTO_FUERTE,,UNKNOWN,true,false,SIN_PUNTO,,,incompleto_revision,Incompleto en revisión,INCOMPLETO,NO_DIFERENCIABLE,NO_DIFERENCIABLE_SIN_PUNTO_FUERTE,,INCOMPLETO,Incompleto,baja,50,"Coinciden 3 de 6 puntos esperados. Faltan ingreso, balanza ingreso, egreso.",6,3,3,true,preingreso,true,egreso_y_balanza,false,true,DESPACHO_SIN_PUNTO_INSTRUMENTADO,4,PREINGRESO>CALADA>PLAYA>BALANZA_EGRESO,SIN_PUNTO,SIN_PUNTO,Sin punto instrumentado (sólidos),DESPACHO_SIN_PUNTO_INSTRUMENTADO,false,0,false,false,false,UNKNOWN,UNKNOWN,,,0,false,false,,,,NONE,DATA_COVERAGE,SECUENCIA_INCOMPLETA,missing_ingreso_frontal,RicPreIngInFr>RicCal04>RicS6Playa3>RicB2Egreso,,incompleto_revision,false,0,RicIngCamFrente|RICARDONE_INGRESO_CAMIONES,2026-10-05T11:14:03.732Z,day,2026-10-04,2026-09-30,50,INGRESO|BALANZA_INGRESO|EGRESO,SECUENCIA_NO_CONCLUYENTE,false,false,circuito_probable_sin_egreso,2-S1>2-S2>2-S6>2-S4,2026-09-30_2026-10-04,final_circuits.csv
5a2517cd-b6ea-489c-b2e7-8009fdec0139,HDK895,HDK895,ANOMALIAS,NO_DIFERENCIABLE_SIN_PUNTO_FUERTE,,UNKNOWN,true,false,SIN_PUNTO,,,incompleto_revision,Incompleto en revisión,INCOMPLETO,NO_DIFERENCIABLE,NO_DIFERENCIABLE_SIN_PUNTO_FUERTE,,INCOMPLETO,Incompleto,muy_baja,33.3,"Coinciden 2 de 6 puntos esperados. Faltan ingreso, calada, balanza ingreso, egreso.",6,2,4,true,preingreso,true,egreso_y_balanza,false,true,DESPACHO_SIN_PUNTO_INSTRUMENTADO,2,PREINGRESO>BALANZA_EGRESO,SIN_PUNTO,SIN_PUNTO,Sin punto instrumentado (sólidos),DESPACHO_SIN_PUNTO_INSTRUMENTADO,false,0,false,false,false,UNKNOWN,UNKNOWN,,,0,false,false,,,,NONE,DATA_COVERAGE,EVENTOS_INSUFICIENTES,missing_ingreso_frontal,RicPreIngInFr>RicB2Egreso,,incompleto_revision,false,0,RicIngCamFrente|RICARDONE_INGRESO_CAMIONES,2026-10-05T11:14:03.732Z,day,2026-10-04,2026-09-30,33.3,INGRESO|CALADA|BALANZA_INGRESO|EGRESO,EVENTOS_INSUFICIENTES,false,false,circuito_probable_sin_egreso,2-S1>2-S4,2026-09-30_2026-10-04,final_circuits.csv
dc2fc26a-9a86-4e03-afcc-5296c52c6def,LTM404,LTM404,ANOMALIAS,FRAGMENTO_SIN_CIERRE_OPERATIVO,,UNKNOWN,true,false,SIN_PUNTO,,,incompleto_revision,Incompleto en revisión,INCOMPLETO,INCOMPLETO,FRAGMENTO_SIN_CIERRE_OPERATIVO,,INCOMPLETO,Incompleto,muy_baja,33.3,"Coinciden 2 de 6 puntos esperados. Faltan ingreso, balanza ingreso, balanza egreso, egreso.",6,2,4,true,preingreso,false,sin_egreso,false,false,DESPACHO_SIN_PUNTO_INSTRUMENTADO,2,PREINGRESO>CALADA,SIN_PUNTO,SIN_PUNTO,Sin punto instrumentado (sólidos),DESPACHO_SIN_PUNTO_INSTRUMENTADO,false,0,false,false,false,UNKNOWN,UNKNOWN,,,0,false,false,,,,NONE,DATA_COVERAGE,EVENTOS_INSUFICIENTES,missing_ingreso_frontal,RicPreIngInFr>RicCal04,,incompleto_revision,false,0,RicIngCamFrente|RICARDONE_INGRESO_CAMIONES,2026-10-05T11:14:03.732Z,day,2026-10-04,2026-09-30,33.3,INGRESO|BALANZA_INGRESO|BALANZA_EGRESO|EGRESO,EVENTOS_INSUFICIENTES,false,false,circuito_probable_sin_egreso,2-S1>2-S2,2026-09-30_2026-10-04,final_circuits.csv
8b9555dc-267f-45bf-b10a-a762aa047d96,FDA420,FDA420,ANOMALIAS,NO_DIFERENCIABLE_SIN_PUNTO_FUERTE,,UNKNOWN,true,false,SIN_PUNTO,,SAN_LORENZO,incompleto_revision,Incompleto en revisión,INCOMPLETO,NO_DIFERENCIABLE,NO_DIFERENCIABLE_SIN_PUNTO_FUERTE,,INCOMPLETO,Incompleto,baja,33.3,"Coinciden 2 de 6 puntos esperados. Faltan ingreso, balanza ingreso, balanza egreso, egreso.",6,2,4,true,preingreso,false,sin_egreso,false,false,DESPACHO_SIN_PUNTO_INSTRUMENTADO,6,PREINGRESO>CALADA>SL_BALANZA_INGRESO>SL_VOLCABLE>SL_EGRESO,SIN_PUNTO,SIN_PUNTO,Sin punto instrumentado (sólidos),DESPACHO_SIN_PUNTO_INSTRUMENTADO,false,0,true,false,false,UNKNOWN,UNKNOWN,,,0,false,false,,,,NONE,DATA_COVERAGE,SECUENCIA_INCOMPLETA,missing_ingreso_frontal,RicPreIngInFr>RicCal03>SLZBalIngFte>SLZBalIngFte>SLZVolcableC5>SLZSalidaC1Fte,,incompleto_revision,true,0,RicIngCamFrente|RICARDONE_INGRESO_CAMIONES,2026-10-05T11:14:03.732Z,day,2026-10-04,2026-09-30,33.3,INGRESO|BALANZA_INGRESO|BALANZA_EGRESO|EGRESO,SECUENCIA_NO_CONCLUYENTE,false,false,circuito_probable_sin_egreso+punto_fuerte,2-S1>2-S2>1-S1>1-S1>1-S4>1-S7,2026-09-30_2026-10-04,final_circuits.csv
6e1d5fcd-9fec-4ba7-bc0c-e06df2c98db1,BXT318,BXT318,ANOMALIAS,NO_DIFERENCIABLE_SIN_PUNTO_FUERTE,,UNKNOWN,true,false,SIN_PUNTO,,,incompleto_revision,Incompleto en revisión,INCOMPLETO,NO_DIFERENCIABLE,NO_DIFERENCIABLE_SIN_PUNTO_FUERTE,,INCOMPLETO,Incompleto,muy_baja,33.3,"Coinciden 2 de 6 puntos esperados. Faltan ingreso, preingreso, balanza ingreso, balanza egreso.",6,2,4,false,sin_ingreso,true,egreso,false,true,DESPACHO_SIN_PUNTO_INSTRUMENTADO,2,CALADA>EGRESO,SIN_PUNTO,SIN_PUNTO,Sin punto instrumentado (sólidos),DESPACHO_SIN_PUNTO_INSTRUMENTADO,false,0,false,false,false,UNKNOWN,UNKNOWN,,,0,false,false,,,,NONE,DATA_COVERAGE,EVENTOS_INSUFICIENTES,missing_ingreso_frontal+suspicious_duplicate,RicCal04>RicEgrCamFrente,,incompleto_revision,false,0,RicIngCamFrente|RICARDONE_INGRESO_CAMIONES,2026-10-05T11:14:03.732Z,day,2026-10-04,2026-09-30,33.3,INGRESO|PREINGRESO|BALANZA_INGRESO|BALANZA_EGRESO,EVENTOS_INSUFICIENTES,false,false,circuito_probable_sin_ingreso,2-S2>2-S3,2026-09-30_2026-10-04,final_circuits.csv
18c12ddb-1dc9-4c1d-a752-aac30778eb24__cycle_2,RVG299,RVG299,ANOMALIAS,JOURNEY_INCOMPLETO,,RICARDONE,true,false,R8,,LIQUIDO,incompleto_revision,Incompleto en revisión,INCOMPLETO,INCOMPLETO,SECUENCIA_NO_CONCLUYENTE,,INCOMPLETO,Incompleto,media,66.7,"Coinciden 4 de 6 puntos esperados. Faltan ingreso, balanza ingreso.",6,4,2,true,preingreso,true,egreso_y_balanza,false,true,CIRCUITO_LIQUIDO,7,PREINGRESO>LIQUIDO>BALANZA_EGRESO>SL_INGRESO>SL_BALANZA_INGRESO>UNKNOWN>SL_EGRESO,R8,R8,Recepción Mercadería Líquida,CIRCUITO_LIQUIDO,false,63,true,true,true,UNKNOWN,UNKNOWN,,,0,false,false,,,,NONE,DATA_COVERAGE,SECUENCIA_INCOMPLETA,missing_ingreso_frontal+suspicious_duplicate,RicPreIngInFr>RicCalLiq>RicB2Egreso>SLZIngCamFrente>SLZBalIngFte>SLZTK400>SLZSalidaC1Fte,,incompleto_revision,true,0,RicIngCamFrente|RICARDONE_INGRESO_CAMIONES,2026-10-05T11:14:03.732Z,day,2026-10-04,2026-09-30,50,INGRESO|BALANZA_INGRESO|EGRESO,SECUENCIA_NO_CONCLUYENTE,false,false,circuito_probable_sin_egreso+punto_fuerte,2-S1>2-S2>2-S4>1-S0>1-S1>1-S8>1-S7,2026-09-30_2026-10-04,final_circuits.csv
3a97b839-9f76-4081-9600-e27a23188c72,SUY833,SUY833,ANOMALIAS,FRAGMENTO_SIN_CIERRE_OPERATIVO,,UNKNOWN,true,false,SIN_PUNTO,,,incompleto_revision,Incompleto en revisión,INCOMPLETO,INCOMPLETO,FRAGMENTO_SIN_CIERRE_OPERATIVO,,INCOMPLETO,Incompleto,muy_baja,33.3,"Coinciden 2 de 6 puntos esperados. Faltan ingreso, balanza ingreso, balanza egreso, egreso.",6,2,4,true,preingreso,false,sin_egreso,false,false,DESPACHO_SIN_PUNTO_INSTRUMENTADO,2,PREINGRESO>CALADA,SIN_PUNTO,SIN_PUNTO,Sin punto instrumentado (sólidos),DESPACHO_SIN_PUNTO_INSTRUMENTADO,false,0,false,false,false,UNKNOWN,UNKNOWN,,,0,false,false,,,,NONE,DATA_COVERAGE,EVENTOS_INSUFICIENTES,missing_ingreso_frontal,RicPreIngInFr>RicCal03,,incompleto_revision,false,0,RicIngCamFrente|RICARDONE_INGRESO_CAMIONES,2026-10-05T11:14:03.732Z,day,2026-10-04,2026-09-30,33.3,INGRESO|BALANZA_INGRESO|BALANZA_EGRESO|EGRESO,EVENTOS_INSUFICIENTES,false,false,circuito_probable_sin_egreso,2-S1>2-S2,2026-09-30_2026-10-04,final_circuits.csv
a82398ad-b5a5-4c2e-b64d-fcb24d796937,RVG299,RVG299,ANOMALIAS,SLZ_SECUENCIA_INVALIDA:NO_RESPETA_SECUENCIA,,RICARDONE,true,false,R8,,LIQUIDO,incompleto_revision,Incompleto en revisión,ANOMALO,ANOMALO,NO_RESPETA_SECUENCIA,,ANOMALO,Anómalo,media,66.7,"Coinciden 4 de 6 puntos esperados. Faltan ingreso, balanza ingreso.",6,4,2,true,preingreso,true,egreso_y_balanza,false,true,CIRCUITO_LIQUIDO,7,PREINGRESO>LIQUIDO>BALANZA_EGRESO>SL_INGRESO>SL_BALANZA_INGRESO>PREINGRESO>LIQUIDO,R8,R8,Recepción Mercadería Líquida,CIRCUITO_LIQUIDO,false,63,true,true,true,SAN_LORENZO,SL,,,0,false,false,,,,NONE,BEHAVIORAL,SL_RIC_2H_SIN_CIRCUITO_NO_PELLET,missing_ingreso_frontal+suspicious_duplicate,RicPreIngInFr>RicCalLiq>RicB2Egreso>SLZIngCamFrente>SLZBalIngFte>RicPreIngInFr>RicCalLiq,NO_RESPETA_SECUENCIA,incompleto_revision,true,0,RicIngCamFrente|RICARDONE_INGRESO_CAMIONES,2026-10-05T11:14:03.732Z,day,2026-10-04,2026-09-30,50,INGRESO|BALANZA_INGRESO|EGRESO,NO_RESPETA_SECUENCIA,false,false,circuito_probable_sin_egreso+punto_fuerte,2-S1>2-S2>2-S4>1-S0>1-S1>2-S1>2-S2,2026-09-30_2026-10-04,final_circuits.csv
b940f3e2-91ca-4c8c-999c-121a0d59bdeb,JJM070,JJM070,ANOMALIAS,FRAGMENTO_SIN_CIERRE_OPERATIVO,,UNKNOWN,true,false,SIN_PUNTO,,,incompleto_revision,Incompleto en revisión,INCOMPLETO,INCOMPLETO,FRAGMENTO_SIN_CIERRE_OPERATIVO,,INCOMPLETO,Incompleto,muy_baja,33.3,"Coinciden 2 de 6 puntos esperados. Faltan ingreso, balanza ingreso, balanza egreso, egreso.",6,2,4,true,preingreso,false,sin_egreso,false,false,DESPACHO_SIN_PUNTO_INSTRUMENTADO,2,PREINGRESO>CALADA,SIN_PUNTO,SIN_PUNTO,Sin punto instrumentado (sólidos),DESPACHO_SIN_PUNTO_INSTRUMENTADO,false,0,false,false,false,UNKNOWN,UNKNOWN,,,0,false,false,,,,NONE,DATA_COVERAGE,EVENTOS_INSUFICIENTES,missing_ingreso_frontal,RicPreIngInFr>RicCal03,,incompleto_revision,false,0,RicIngCamFrente|RICARDONE_INGRESO_CAMIONES,2026-10-05T11:14:03.732Z,day,2026-10-04,2026-09-30,33.3,INGRESO|BALANZA_INGRESO|BALANZA_EGRESO|EGRESO,EVENTOS_INSUFICIENTES,false,false,circuito_probable_sin_egreso,2-S1>2-S2,2026-09-30_2026-10-04,final_circuits.csv
b4e18575-bf51-49c3-9f75-26b561a71085,AB135IK,AB135IK,ANOMALIAS,FRAGMENTO_SIN_CIERRE_OPERATIVO,,UNKNOWN,true,false,SIN_PUNTO,,,incompleto_revision,Incompleto en revisión,INCOMPLETO,INCOMPLETO,FRAGMENTO_SIN_CIERRE_OPERATIVO,,INCOMPLETO,Incompleto,muy_baja,33.3,"Coinciden 2 de 6 puntos esperados. Faltan ingreso, balanza ingreso, balanza egreso, egreso.",6,2,4,true,preingreso,false,sin_egreso,false,false,DESPACHO_SIN_PUNTO_INSTRUMENTADO,2,PREINGRESO>CALADA,SIN_PUNTO,SIN_PUNTO,Sin punto instrumentado (sólidos),DESPACHO_SIN_PUNTO_INSTRUMENTADO,false,0,false,false,false,UNKNOWN,UNKNOWN,,,0,false,false,,,,NONE,DATA_COVERAGE,EVENTOS_INSUFICIENTES,missing_ingreso_frontal,RicPreIngInFr>RicCal04,,incompleto_revision,false,0,RicIngCamFrente|RICARDONE_INGRESO_CAMIONES,2026-10-05T11:14:03.732Z,day,2026-10-04,2026-09-30,33.3,INGRESO|BALANZA_INGRESO|BALANZA_EGRESO|EGRESO,EVENTOS_INSUFICIENTES,false,false,circuito_probable_sin_egreso,2-S1>2-S2,2026-09-30_2026-10-04,final_circuits.csv
c2ab925c-2bbd-4a72-913c-3a96d0af5ea2,EIQ973,EIQ973,ANOMALIAS,NO_DIFERENCIABLE_SIN_PUNTO_FUERTE,,UNKNOWN,true,false,SIN_PUNTO,,,incompleto_revision,Incompleto en revisión,INCOMPLETO,NO_DIFERENCIABLE,NO_DIFERENCIABLE_SIN_PUNTO_FUERTE,,INCOMPLETO,Incompleto,muy_baja,33.3,"Coinciden 2 de 6 puntos esperados. Faltan ingreso, calada, balanza ingreso, egreso.",6,2,4,true,preingreso,true,egreso_y_balanza,false,true,DESPACHO_SIN_PUNTO_INSTRUMENTADO,2,PREINGRESO>BALANZA_EGRESO,SIN_PUNTO,SIN_PUNTO,Sin punto instrumentado (sólidos),DESPACHO_SIN_PUNTO_INSTRUMENTADO,false,0,false,false,false,UNKNOWN,UNKNOWN,,,0,false,false,,,,NONE,DATA_COVERAGE,EVENTOS_INSUFICIENTES,missing_ingreso_frontal,RicPreIngInFr>RicB2Egreso,,incompleto_revision,false,0,RicIngCamFrente|RICARDONE_INGRESO_CAMIONES,2026-10-05T11:14:03.732Z,day,2026-10-04,2026-09-30,33.3,INGRESO|CALADA|BALANZA_INGRESO|EGRESO,EVENTOS_INSUFICIENTES,false,false,circuito_probable_sin_egreso,2-S1>2-S4,2026-09-30_2026-10-04,final_circuits.csv
7d855026-d07b-4186-8727-5d21b64b5afc,JWI856,JWI856,ANOMALIAS,NO_DIFERENCIABLE_SIN_PUNTO_FUERTE,,UNKNOWN,true,false,SIN_PUNTO,,,incompleto_revision,Incompleto en revisión,INCOMPLETO,NO_DIFERENCIABLE,NO_DIFERENCIABLE_SIN_PUNTO_FUERTE,,INCOMPLETO,Incompleto,muy_baja,33.3,"Coinciden 2 de 6 puntos esperados. Faltan ingreso, preingreso, balanza ingreso, balanza egreso.",6,2,4,false,sin_ingreso,true,egreso,false,true,DESPACHO_SIN_PUNTO_INSTRUMENTADO,2,CALADA>EGRESO,SIN_PUNTO,SIN_PUNTO,Sin punto instrumentado (sólidos),DESPACHO_SIN_PUNTO_INSTRUMENTADO,false,0,false,false,false,UNKNOWN,UNKNOWN,,,0,false,false,,,,NONE,DATA_COVERAGE,EVENTOS_INSUFICIENTES,missing_ingreso_frontal,RicCal04>RicEgrCamFrente,,incompleto_revision,false,0,RicIngCamFrente|RICARDONE_INGRESO_CAMIONES,2026-10-05T11:14:03.732Z,day,2026-10-04,2026-09-30,33.3,INGRESO|PREINGRESO|BALANZA_INGRESO|BALANZA_EGRESO,EVENTOS_INSUFICIENTES,false,false,circuito_probable_sin_ingreso,2-S2>2-S3,2026-09-30_2026-10-04,final_circuits.csv
83f54b71-1ba7-4da6-a41b-ed9ddfa516ce,AC266DG,AC266DG,ANOMALIAS,FRAGMENTO_SIN_CIERRE_OPERATIVO,,UNKNOWN,true,false,SIN_PUNTO,,,incompleto_revision,Incompleto en revisión,INCOMPLETO,INCOMPLETO,FRAGMENTO_SIN_CIERRE_OPERATIVO,,INCOMPLETO,Incompleto,muy_baja,33.3,"Coinciden 2 de 6 puntos esperados. Faltan ingreso, balanza ingreso, balanza egreso, egreso.",6,2,4,true,preingreso,false,sin_egreso,false,false,DESPACHO_SIN_PUNTO_INSTRUMENTADO,2,PREINGRESO>CALADA,SIN_PUNTO,SIN_PUNTO,Sin punto instrumentado (sólidos),DESPACHO_SIN_PUNTO_INSTRUMENTADO,false,0,false,false,false,UNKNOWN,UNKNOWN,,,0,false,false,,,,NONE,DATA_COVERAGE,EVENTOS_INSUFICIENTES,missing_ingreso_frontal,RicPreIngInFr>RicCal03,,incompleto_revision,false,0,RicIngCamFrente|RICARDONE_INGRESO_CAMIONES,2026-10-05T11:14:03.732Z,day,2026-10-04,2026-09-30,33.3,INGRESO|BALANZA_INGRESO|BALANZA_EGRESO|EGRESO,EVENTOS_INSUFICIENTES,false,false,circuito_probable_sin_egreso,2-S1>2-S2,2026-09-30_2026-10-04,final_circuits.csv
60570124-dfb9-43f6-90e3-3c36ed82b101,TSG179,TSG179,ANOMALIAS,FRAGMENTO_SIN_CIERRE_OPERATIVO,,UNKNOWN,true,false,SIN_PUNTO,,,incompleto_revision,Incompleto en revisión,INCOMPLETO,INCOMPLETO,FRAGMENTO_SIN_CIERRE_OPERATIVO,,INCOMPLETO,Incompleto,muy_baja,33.3,"Coinciden 2 de 6 puntos esperados. Faltan ingreso, balanza ingreso, balanza egreso, egreso.",6,2,4,true,preingreso,false,sin_egreso,false,false,DESPACHO_SIN_PUNTO_INSTRUMENTADO,2,PREINGRESO>CALADA,SIN_PUNTO,SIN_PUNTO,Sin punto instrumentado (sólidos),DESPACHO_SIN_PUNTO_INSTRUMENTADO,false,0,false,false,false,UNKNOWN,UNKNOWN,,,0,false,false,,,,NONE,DATA_COVERAGE,EVENTOS_INSUFICIENTES,missing_ingreso_frontal,RicPreIngInFr>RicCal03,,incompleto_revision,false,0,RicIngCamFrente|RICARDONE_INGRESO_CAMIONES,2026-10-05T11:14:03.732Z,day,2026-10-04,2026-09-30,33.3,INGRESO|BALANZA_INGRESO|BALANZA_EGRESO|EGRESO,EVENTOS_INSUFICIENTES,false,false,circuito_probable_sin_egreso,2-S1>2-S2,2026-09-30_2026-10-04,final_circuits.csv