journey_id,plate,executive_circuit_code,circuit_name,executive_status,valid_detail,start_time,end_time,total_duration_min,ric_duration_min,bridge_duration_min,sl_duration_min,leg_plant,leg_type,event_count
be107fa1-783c-4624-aee1-7352ac36b03c,,R7,Ricardone → San Lorenzo,VALIDO,,2026-06-22T03:47:05.653034-03:00,2026-06-22T07:24:21.207346-03:00,217.26,112.19,7.40,97.67,MIXTO,R7_MIXTO,6
ae8a7756-bbff-45b6-ba44-62a05553969c,,R7,Ricardone → San Lorenzo,VALIDO,DEDUCIDO,2026-06-22T03:49:20.725729-03:00,2026-06-22T05:44:27.12293-03:00,115.11,115.11,0.00,0.00,MIXTO,R7_MIXTO,3
059e04cc-5e1d-40d8-bf2d-34535569a62e,,R7,Ricardone → San Lorenzo,VALIDO,,2026-06-22T04:30:50.691731-03:00,2026-06-22T08:24:56.285539-03:00,234.09,75.19,9.73,149.17,MIXTO,R7_MIXTO,6
4b18e6ec-269d-4e0f-af37-7bbe3c94a235__cycle_1,,R7,Ricardone → San Lorenzo,VALIDO,,2026-06-22T04:43:20.666555-03:00,2026-06-22T07:59:41.18464-03:00,196.34,66.61,10.07,119.67,MIXTO,R7_MIXTO,6
ece33f1b-a40b-440f-89c7-c1b2c9ec7c59,,R7,Ricardone → San Lorenzo,VALIDO,,2026-06-22T04:53:45.580563-03:00,2026-06-22T07:55:01.188278-03:00,181.26,0.00,0.00,118.17,MIXTO,R7_MIXTO,4
c16ab023-cd81-40e2-b454-411faefa4a5c__cycle_1,,R7,Ricardone → San Lorenzo,VALIDO,,2026-06-22T05:06:00.688505-03:00,2026-06-22T08:28:56.282142-03:00,202.93,43.47,9.86,149.59,MIXTO,R7_MIXTO,6
b91b2ded-f7d5-4259-afc9-03433c2e29e1__cycle_1,,R7,Ricardone → San Lorenzo,VALIDO,,2026-06-22T05:13:05.692208-03:00,2026-06-22T08:15:41.308756-03:00,182.59,47.44,8.82,126.34,MIXTO,R7_MIXTO,6
a82f134a-e0f9-4725-965b-d4981dd4cc78,,R7,Ricardone → San Lorenzo,VALIDO,,2026-06-22T05:33:00.728298-03:00,2026-06-22T09:24:31.410323-03:00,231.51,181.02,11.31,39.17,MIXTO,R7_MIXTO,6
2213ad29-5a46-434e-a8ee-8bee8bf2278f__cycle_1,,R8,Recepción Mercadería Líquida,VALIDO,DEDUCIDO,2026-06-22T05:39:25.722292-03:00,2026-06-22T09:25:41.259538-03:00,226.26,,,,,,5
e4453f50-f6cf-46f5-bd3d-0fa092228c97__cycle_1,,R7,Ricardone → San Lorenzo,VALIDO,,2026-06-22T05:49:33.128068-03:00,2026-06-22T12:22:16.633816-03:00,392.73,160.82,9.07,222.84,MIXTO,R7_MIXTO,7
75d55282-ba1a-4536-9138-7fceb62d4908,,R7,Ricardone → San Lorenzo,VALIDO,,2026-06-22T05:56:20.705671-03:00,2026-06-22T09:57:01.410448-03:00,240.68,161.52,10.23,68.92,MIXTO,R7_MIXTO,6
e4780406-6830-41c0-828b-35f599b5bf82,,R7,Ricardone → San Lorenzo,VALIDO,,2026-06-22T06:01:15.739988-03:00,2026-06-22T09:27:16.410214-03:00,206.01,157.11,10.40,38.51,MIXTO,R7_MIXTO,6
470de8e1-b36a-4d89-9b3a-b5dc7c859a0a,,R7,Ricardone → San Lorenzo,VALIDO,DEDUCIDO,2026-06-22T06:05:30.564432-03:00,2026-06-22T08:36:42.13155-03:00,151.19,151.19,0.00,0.00,MIXTO,R7_MIXTO,3
04e873fa-88f4-4d7a-ad16-3142c32d06fe,,R7,Ricardone → San Lorenzo,VALIDO,,2026-06-22T06:06:50.643808-03:00,2026-06-22T09:23:41.42402-03:00,196.85,150.44,9.98,36.42,MIXTO,R7_MIXTO,6
1a9f6915-5fdf-496d-a911-6086d63a1f93,,R7,Ricardone → San Lorenzo,VALIDO,COMPLETO,2026-06-22T06:33:25.61821-03:00,2026-06-22T08:41:27.147663-03:00,128.03,128.03,0.00,0.00,MIXTO,R7_MIXTO,5
53003af3-0b05-46be-92cb-732c1d741a90,,R7,Ricardone → San Lorenzo,VALIDO,COMPLETO,2026-06-22T06:34:00.634584-03:00,2026-06-22T09:55:52.169766-03:00,201.86,201.86,0.00,0.00,MIXTO,R7_MIXTO,5
024e034f-f454-451f-a941-4258801c8200,,R7,Ricardone → San Lorenzo,VALIDO,,2026-06-22T06:46:40.541045-03:00,2026-06-22T12:42:16.6758-03:00,355.60,125.28,11.40,218.93,MIXTO,R7_MIXTO,6
3247171a-3f26-4137-80f2-429be4904458__cycle_1,,R7,Ricardone → San Lorenzo,VALIDO,,2026-06-22T06:49:30.564259-03:00,2026-06-22T09:37:11.392003-03:00,167.68,114.28,8.48,44.92,MIXTO,R7_MIXTO,7
8b8564b0-1886-47e1-bf33-58108423f975,,R7,Ricardone → San Lorenzo,VALIDO,,2026-06-22T07:12:05.583308-03:00,2026-06-22T13:21:21.772269-03:00,369.27,97.36,11.06,260.85,MIXTO,R7_MIXTO,6
4c9f5d83-ef38-4236-b33a-5bb084827e59,,R7,Ricardone → San Lorenzo,VALIDO,,2026-06-22T07:14:50.61182-03:00,2026-06-22T09:45:46.405361-03:00,150.93,92.03,12.40,46.51,MIXTO,R7_MIXTO,6
dd0aa043-046d-4342-88c9-f381bfb7c784,,R7,Ricardone → San Lorenzo,VALIDO,DEDUCIDO,2026-06-22T07:18:50.574165-03:00,2026-06-22T08:57:37.135985-03:00,98.78,98.78,0.00,0.00,MIXTO,R7_MIXTO,4
034bf6b6-8fcb-4267-bacd-03660ff87c36__cycle_1,,R8,Recepción Mercadería Líquida,VALIDO,DEDUCIDO,2026-06-22T07:25:50.635517-03:00,2026-06-22T10:13:31.392443-03:00,167.68,,,,,,5
881ac255-f7bc-41a2-8b09-99af74c861ee,,R7,Ricardone → San Lorenzo,VALIDO,,2026-06-22T07:30:55.562763-03:00,2026-06-22T12:56:06.636867-03:00,325.18,93.78,8.08,223.33,MIXTO,R7_MIXTO,6
59460c2d-2ae1-49c2-af65-359c837214bd__cycle_1,,R8,Recepción Mercadería Líquida,VALIDO,DEDUCIDO,2026-06-22T07:34:25.527993-03:00,2026-06-22T14:41:41.743068-03:00,427.27,,,,,,4
58d9d392-1753-4151-bcc8-a0cc632f1ce0,,R7,Ricardone → San Lorenzo,VALIDO,,2026-06-22T07:39:10.579482-03:00,2026-06-22T09:48:46.429143-03:00,129.60,82.61,9.23,37.76,MIXTO,R7_MIXTO,6
5307c829-0211-431b-999b-96b0ea340d40__cycle_1,,R8,Recepción Mercadería Líquida,VALIDO,DEDUCIDO,2026-06-22T07:47:45.597949-03:00,2026-06-22T09:16:22.073009-03:00,88.61,,,,,,5
a585238d-2d1c-4080-bbb4-20ae4fde865e__cycle_1,,R8,Recepción Mercadería Líquida,VALIDO,DEDUCIDO,2026-06-22T07:59:40.58099-03:00,2026-06-22T08:38:31.060952-03:00,38.84,,,,,,5
011dc9af-5203-46ca-93ff-bc03270e61bb,,R7,Ricardone → San Lorenzo,VALIDO,,2026-06-22T08:00:40.555637-03:00,2026-06-22T12:14:56.647639-03:00,254.27,85.61,8.40,160.26,MIXTO,R7_MIXTO,6
e541705c-3d90-4222-84c9-ef3c3025cf2e,,R7,Ricardone → San Lorenzo,VALIDO,,2026-06-22T08:11:10.578332-03:00,2026-06-22T08:16:02.135476-03:00,4.86,4.86,0.00,0.00,MIXTO,R7_MIXTO,2
8e63c000-44a1-405b-95c8-4d00cbd6ec9b__cycle_1,,R8,Recepción Mercadería Líquida,VALIDO,DEDUCIDO,2026-06-22T08:11:25.578448-03:00,2026-06-22T11:19:51.388141-03:00,188.43,,,,,,6
df519b4f-89a4-4af7-b9b0-55911e11b3a9__cycle_1,,R7,Ricardone → San Lorenzo,VALIDO,,2026-06-22T08:16:15.610515-03:00,2026-06-22T10:36:51.401604-03:00,140.60,81.78,8.73,50.09,MIXTO,R7_MIXTO,6
399a9865-3b43-4b13-aca3-203b0f93dc2c,,R7,Ricardone → San Lorenzo,VALIDO,,2026-06-22T08:16:55.562285-03:00,2026-06-22T10:20:11.410697-03:00,123.26,70.11,8.56,44.59,MIXTO,R7_MIXTO,6
408ab066-6ee6-4acb-8c8b-9b31068ad5c3,,R7,Ricardone → San Lorenzo,VALIDO,,2026-06-22T08:19:10.639215-03:00,2026-06-22T12:09:46.639898-03:00,230.60,84.86,12.23,133.51,MIXTO,R7_MIXTO,6
186c2d2b-e58f-4818-a478-ac51fb93156b__cycle_1,,R8,Recepción Mercadería Líquida,VALIDO,DEDUCIDO,2026-06-22T08:22:20.603744-03:00,2026-06-22T09:35:46.729928-03:00,73.44,,,,,,4
6d1a85ea-fbba-4cb3-b11d-d3db627f0a1f,,R7,Ricardone → San Lorenzo,VALIDO,DEDUCIDO,2026-06-22T08:23:20.534678-03:00,2026-06-22T08:46:17.133288-03:00,22.94,22.94,0.00,0.00,MIXTO,R7_MIXTO,3
1822e6a3-98e5-4c5f-b91a-6ce98c372b5d__cycle_1,,R7,Ricardone → San Lorenzo,VALIDO,,2026-06-22T08:24:05.567944-03:00,2026-06-22T10:23:31.408028-03:00,119.43,67.19,7.48,44.76,MIXTO,R7_MIXTO,6
18a85762-c07f-4ebe-a85b-6582ed27ee32__cycle_1,,R7,Ricardone → San Lorenzo,VALIDO,,2026-06-22T08:27:55.579283-03:00,2026-06-22T13:01:06.628581-03:00,273.18,65.19,7.15,200.84,MIXTO,R7_MIXTO,7
d59c50b2-189d-4a97-9ac9-c80cd7885f3a,,R7,Ricardone → San Lorenzo,VALIDO,DEDUCIDO,2026-06-22T08:29:00.544566-03:00,2026-06-22T09:40:57.163667-03:00,71.94,71.94,0.00,0.00,MIXTO,R7_MIXTO,3
5a2c5e28-8057-47d7-8525-7c5299244801,,R7,Ricardone → San Lorenzo,VALIDO,DEDUCIDO,2026-06-22T08:55:35.581943-03:00,2026-06-22T09:02:07.708094-03:00,6.54,6.54,0.00,0.00,MIXTO,R7_MIXTO,3
e8319521-8b34-4582-ba53-28b533614bbc,,R7,Ricardone → San Lorenzo,VALIDO,,2026-06-22T08:59:45.779952-03:00,2026-06-22T11:04:16.512982-03:00,124.51,93.19,7.81,23.51,MIXTO,R7_MIXTO,6
4c9b6880-057d-4dc5-b14e-3f838b4e9562,,R7,Ricardone → San Lorenzo,VALIDO,DEDUCIDO,2026-06-22T09:01:20.541022-03:00,2026-06-22T10:40:42.169517-03:00,99.36,99.36,0.00,0.00,MIXTO,R7_MIXTO,3
7fc294f0-bb5e-49c1-b342-109c7be0dacc,,R7,Ricardone → San Lorenzo,VALIDO,,2026-06-22T09:02:55.595406-03:00,2026-06-22T10:46:51.746342-03:00,103.94,0.00,0.00,4.60,MIXTO,R7_MIXTO,4
a7174477-8a1b-4467-885a-4d8f200138d4__cycle_1,,R8,Recepción Mercadería Líquida,VALIDO,DEDUCIDO,2026-06-22T09:04:00.597845-03:00,2026-06-22T11:28:36.425008-03:00,144.60,,,,,,5
add78e8e-21c0-4dfa-bdf3-03a4c9a9573b,,R7,Ricardone → San Lorenzo,VALIDO,,2026-06-22T09:05:00.582557-03:00,2026-06-22T11:19:01.512077-03:00,134.02,90.94,8.40,34.67,MIXTO,R7_MIXTO,7
4963e387-15a4-4176-8133-080e93d9c155__cycle_1,,R7,Ricardone → San Lorenzo,VALIDO,,2026-06-22T09:11:20.581218-03:00,2026-06-22T11:33:56.603646-03:00,142.60,90.11,10.65,41.84,MIXTO,R7_MIXTO,6
347da103-f899-460c-b987-0eab025dd343,,R7,Ricardone → San Lorenzo,VALIDO,,2026-06-22T09:17:50.540258-03:00,2026-06-22T12:17:01.671-03:00,179.19,80.44,8.73,90.01,MIXTO,R7_MIXTO,9
0ccc4401-3da0-45ad-aa32-51cbff3c680d,,R7,Ricardone → San Lorenzo,VALIDO,COMPLETO,2026-06-22T09:20:30.575845-03:00,2026-06-22T10:45:57.170051-03:00,85.44,85.44,0.00,0.00,MIXTO,R7_MIXTO,5
21b0d1f0-282b-400a-a822-5e5de02fc70c__cycle_1,,R7,Ricardone → San Lorenzo,VALIDO,,2026-06-22T09:20:55.546692-03:00,2026-06-22T11:37:41.528025-03:00,136.77,0.00,0.00,44.51,MIXTO,R7_MIXTO,5
bf1ad6b9-7e66-4356-a098-d04467c5bde6__cycle_1,,R7,Ricardone → San Lorenzo,VALIDO,,2026-06-22T09:22:45.581475-03:00,2026-06-22T11:45:56.558451-03:00,143.18,86.19,10.31,46.68,MIXTO,R7_MIXTO,6
107e9392-e672-411f-acc4-6444f3071d6c,,R7,Ricardone → San Lorenzo,VALIDO,,2026-06-22T09:26:35.581471-03:00,2026-06-22T12:26:36.66538-03:00,180.02,88.11,7.81,84.09,MIXTO,R7_MIXTO,7
6e7609f6-acea-4314-85cf-984349a81346,,R7,Ricardone → San Lorenzo,VALIDO,,2026-06-22T09:27:05.589199-03:00,2026-06-22T12:29:46.638665-03:00,182.68,88.19,8.23,86.26,MIXTO,R7_MIXTO,8
372a03c1-faa8-4c25-accb-5416e8217dcb,,R7,Ricardone → San Lorenzo,VALIDO,,2026-06-22T09:44:20.739647-03:00,2026-06-22T12:19:01.676483-03:00,154.68,88.36,9.15,57.18,MIXTO,R7_MIXTO,7
473b4c77-57b3-44df-b96d-2e70fc5ffdec,,R7,Ricardone → San Lorenzo,VALIDO,,2026-06-22T09:52:15.588091-03:00,2026-06-22T13:42:46.737721-03:00,230.52,64.69,8.31,157.51,MIXTO,R7_MIXTO,7
9a7bc981-2b45-4034-b45b-d2aee4a246fd,,R7,Ricardone → San Lorenzo,VALIDO,,2026-06-22T09:57:15.543737-03:00,2026-06-22T13:34:26.732409-03:00,217.19,59.28,7.98,149.93,MIXTO,R7_MIXTO,8
53f754ff-7b89-422d-9602-e866d118f4ee__cycle_1,,R7,Ricardone → San Lorenzo,VALIDO,,2026-06-22T10:08:15.546944-03:00,2026-06-22T12:07:26.760224-03:00,119.19,61.03,7.40,50.76,MIXTO,R7_MIXTO,7
79c506e1-76e3-4b5f-9154-7d23d00a73b9,,R7,Ricardone → San Lorenzo,VALIDO,,2026-06-22T10:16:05.558276-03:00,2026-06-22T11:49:26.552934-03:00,93.35,43.02,8.90,41.43,MIXTO,R7_MIXTO,8
17d1bfba-ddb1-4628-84a7-80fe12729232,,R7,Ricardone → San Lorenzo,VALIDO,,2026-06-22T10:21:30.625675-03:00,2026-06-22T12:07:51.646556-03:00,106.35,50.69,8.90,46.76,MIXTO,R7_MIXTO,6
61718db8-68f8-4a23-a85f-875d9677383d,,R7,Ricardone → San Lorenzo,VALIDO,,2026-06-22T10:37:20.547128-03:00,2026-06-22T13:31:31.766218-03:00,174.19,76.86,12.90,84.43,MIXTO,R7_MIXTO,7
3d210a1d-d173-444c-8649-2d2d2caf1b5a,,R7,Ricardone → San Lorenzo,VALIDO,DEDUCIDO,2026-06-22T10:40:05.621632-03:00,2026-06-22T11:09:42.097659-03:00,29.61,29.61,0.00,0.00,MIXTO,R7_MIXTO,3
76654c8b-680c-455c-a5fd-d7d3a7729680__cycle_1,,R5,Recepción Volcable 1,VALIDO,DEDUCIDO,2026-06-22T10:41:00.532369-03:00,2026-06-22T12:08:19.978566-03:00,87.32,,,,,,4
83fa3504-0253-4794-a58e-f28a28d4fadb,,R7,Ricardone → San Lorenzo,VALIDO,DEDUCIDO,2026-06-22T10:46:06.72276-03:00,2026-06-22T11:22:52.135408-03:00,36.76,36.76,0.00,0.00,MIXTO,R7_MIXTO,3
f8e9aa5b-c47b-480d-89ab-43688a5b4ed9,,R7,Ricardone → San Lorenzo,VALIDO,DEDUCIDO,2026-06-22T10:50:40.596918-03:00,2026-06-22T11:54:42.086629-03:00,64.02,64.02,0.00,0.00,MIXTO,R7_MIXTO,3
d301bb07-f712-441e-9888-d83cef0f355e,,R7,Ricardone → San Lorenzo,VALIDO,,2026-06-22T10:52:25.615747-03:00,2026-06-22T12:00:42.102449-03:00,68.27,68.27,0.00,0.00,MIXTO,R7_MIXTO,2
9bdacd3c-6e25-48ed-8c50-5ac5c43343e3,,R7,Ricardone → San Lorenzo,VALIDO,DEDUCIDO,2026-06-22T10:55:25.538102-03:00,2026-06-22T11:48:12.095086-03:00,52.78,52.78,0.00,0.00,MIXTO,R7_MIXTO,3
296b3cde-dcbf-43c8-a627-cc57e519df02,,R5,Recepción Volcable 1,VALIDO,DEDUCIDO,2026-06-22T10:57:40.643347-03:00,2026-06-22T13:19:02.831033-03:00,141.37,,,,,,5
3acc4ab9-40f5-45ba-9954-3cce4b7c36c8,,R7,Ricardone → San Lorenzo,VALIDO,,2026-06-22T11:05:55.637684-03:00,2026-06-22T13:03:51.663368-03:00,117.93,49.86,13.48,54.59,MIXTO,R7_MIXTO,6
10a38102-7bdc-4d4c-b954-a2a8cea5fe9a,,R7,Ricardone → San Lorenzo,VALIDO,DEDUCIDO,2026-06-22T11:09:05.570494-03:00,2026-06-22T11:52:22.075757-03:00,43.28,43.28,0.00,0.00,MIXTO,R7_MIXTO,3
f3fc1afa-9c4c-4e42-a4f1-e48a4143c400,,R7,Ricardone → San Lorenzo,VALIDO,,2026-06-22T11:10:45.605731-03:00,2026-06-22T13:19:51.745771-03:00,129.10,45.94,13.98,69.18,MIXTO,R7_MIXTO,6
a2677557-7adf-4437-82c6-54819eb19946,,R7,Ricardone → San Lorenzo,VALIDO,,2026-06-22T11:12:05.591146-03:00,2026-06-22T13:44:41.781084-03:00,152.60,43.19,13.23,96.18,MIXTO,R7_MIXTO,8
cb648039-0865-4624-a69f-768e9a9e9925,,R8,Recepción Mercadería Líquida,VALIDO,DEDUCIDO,2026-06-22T11:12:40.602733-03:00,2026-06-22T13:22:27.125913-03:00,129.78,,,,,,6
0d9b0068-bf80-4c99-86a0-974291dc5130__cycle_1,,R7,Ricardone → San Lorenzo,VALIDO,,2026-06-22T11:24:10.619301-03:00,2026-06-22T13:10:51.652155-03:00,106.68,32.11,13.65,60.93,MIXTO,R7_MIXTO,6
4988bbbc-a4af-4360-b14b-26ffc421a849__cycle_1,,R7,Ricardone → San Lorenzo,VALIDO,,2026-06-22T11:31:05.560023-03:00,2026-06-22T13:20:31.752761-03:00,109.44,27.03,13.40,69.01,MIXTO,R7_MIXTO,6
7b9cda0f-2bf3-4554-beea-592a3e5256bc__cycle_1,,R7,Ricardone → San Lorenzo,VALIDO,,2026-06-22T11:35:00.543642-03:00,2026-06-22T13:12:01.693083-03:00,97.02,24.19,13.15,59.68,MIXTO,R7_MIXTO,7
3411b13f-1b64-4666-be05-b67a74c6d828,,R7,Ricardone → San Lorenzo,VALIDO,,2026-06-22T11:36:40.75224-03:00,2026-06-22T14:12:36.769604-03:00,155.93,0.00,0.00,115.43,MIXTO,R7_MIXTO,4
8235f0b1-3151-44c2-966a-b0605de2e5a1__cycle_1,,R7,Ricardone → San Lorenzo,VALIDO,,2026-06-22T11:38:40.544366-03:00,2026-06-22T13:12:56.70439-03:00,94.27,24.53,14.73,55.01,MIXTO,R7_MIXTO,9
f1ae9cc8-15b0-426c-862c-2beb541ca08f,,R7,Ricardone → San Lorenzo,VALIDO,DEDUCIDO,2026-06-22T11:38:40.666086-03:00,2026-06-22T12:02:12.071825-03:00,23.52,23.52,0.00,0.00,MIXTO,R7_MIXTO,3
f7cb9a63-3449-4aa2-bba2-cf750b99d04a,,R7,Ricardone → San Lorenzo,VALIDO,,2026-06-22T11:50:50.694705-03:00,2026-06-22T14:16:26.750351-03:00,145.60,14.77,14.65,116.18,MIXTO,R7_MIXTO,6
b2e8cb31-0ae5-4c89-a498-29f8f1eca7d5__cycle_1,,R7,Ricardone → San Lorenzo,VALIDO,DEDUCIDO,2026-06-22T11:54:05.581797-03:00,2026-06-22T13:33:26.930864-03:00,99.36,11.94,0.00,0.00,MIXTO,R7_MIXTO,6
bdd1fc99-ef3c-4bed-abb5-7ce00077cf57,,R7,Ricardone → San Lorenzo,VALIDO,,2026-06-22T12:02:05.651087-03:00,2026-06-22T16:18:02.056685-03:00,255.94,53.11,11.15,191.69,MIXTO,R7_MIXTO,6
866ad093-43b9-48ba-95f5-fc63c975ac25,,R7,Ricardone → San Lorenzo,VALIDO,DEDUCIDO,2026-06-22T12:04:15.575193-03:00,2026-06-22T12:55:37.201163-03:00,51.36,51.36,0.00,0.00,MIXTO,R7_MIXTO,3
9ce37dce-bebc-4a4a-b99b-f93619a13ade,,R7,Ricardone → San Lorenzo,VALIDO,,2026-06-22T12:05:00.645567-03:00,2026-06-22T16:30:21.986715-03:00,265.36,51.86,12.82,200.68,MIXTO,R7_MIXTO,8
4fc9584b-49f5-4af5-9c5c-f87d66c69685,,R7,Ricardone → San Lorenzo,VALIDO,,2026-06-22T12:07:45.620098-03:00,2026-06-22T13:35:41.75684-03:00,87.94,49.61,13.40,24.93,MIXTO,R7_MIXTO,9
64e22266-91f5-45eb-b3d5-d5588c47d70f,,R5,Recepción Volcable 1,VALIDO,DEDUCIDO,2026-06-22T12:09:45.543903-03:00,2026-06-22T16:05:59.870938-03:00,236.24,,,,,,5
9c0bf40b-86da-4e3a-9328-ffce907df388,,R7,Ricardone → San Lorenzo,VALIDO,,2026-06-22T12:10:10.654687-03:00,2026-06-22T16:22:12.163927-03:00,252.03,53.19,9.98,188.85,MIXTO,R7_MIXTO,7
ca4d608e-31bd-4f25-9537-dd42b2c90a09,,R7,Ricardone → San Lorenzo,VALIDO,,2026-06-22T12:12:10.610566-03:00,2026-06-22T16:30:51.99286-03:00,258.69,48.69,10.73,199.27,MIXTO,R7_MIXTO,7
cde278ff-fcaa-433b-b77b-6e2f4c049e02__cycle_1,,R5,Recepción Volcable 1,VALIDO,DEDUCIDO,2026-06-22T12:13:30.625813-03:00,2026-06-22T13:18:29.911358-03:00,64.99,,,,,,5
2376c29d-62d2-4c67-a0e8-f7f94f55f948__cycle_1,,R7,Ricardone → San Lorenzo,VALIDO,,2026-06-22T12:16:50.557711-03:00,2026-06-22T13:37:51.854095-03:00,81.02,44.61,10.90,25.51,MIXTO,R7_MIXTO,7
69612c2f-ca13-4bd7-b2cf-314254f16526,,R7,Ricardone → San Lorenzo,VALIDO,,2026-06-22T12:22:50.592855-03:00,2026-06-22T13:43:36.780475-03:00,80.77,49.44,10.06,21.26,MIXTO,R7_MIXTO,6
2e701169-c177-4d31-a2ac-5c3b60d97f9b__cycle_1,,R7,Ricardone → San Lorenzo,VALIDO,,2026-06-22T12:28:15.557419-03:00,2026-06-22T13:46:21.768476-03:00,78.10,44.61,10.15,23.35,MIXTO,R7_MIXTO,7
98e30b8d-60c0-47d5-a04a-5c3617c0c7b7__cycle_1,,R8,Recepción Mercadería Líquida,VALIDO,DEDUCIDO,2026-06-22T12:33:40.570645-03:00,2026-06-22T19:31:07.216558-03:00,417.44,,,,,,7
8ac9684a-ab5b-4f9a-88bf-1364f78b3a39__cycle_1,,R7,Ricardone → San Lorenzo,VALIDO,,2026-06-22T12:45:15.573541-03:00,2026-06-22T13:47:26.743126-03:00,62.19,28.03,11.23,22.93,MIXTO,R7_MIXTO,7
91c8415a-9adf-4e83-92bb-b16810da754e__cycle_1,,R7,Ricardone → San Lorenzo,VALIDO,,2026-06-22T12:49:45.669716-03:00,2026-06-22T13:49:46.76089-03:00,60.02,25.11,11.81,23.10,MIXTO,R7_MIXTO,9
1376a237-e9b2-438f-8166-1fff05bcfc0b,,R7,Ricardone → San Lorenzo,VALIDO,COMPLETO,2026-06-22T12:52:30.630475-03:00,2026-06-22T13:15:22.116159-03:00,22.86,22.86,0.00,0.00,MIXTO,R7_MIXTO,5
07fcdfdb-bc60-4c49-91a4-f87ff2df073f__cycle_1,,R7,Ricardone → San Lorenzo,VALIDO,,2026-06-22T12:52:50.589204-03:00,2026-06-22T13:56:51.756342-03:00,64.02,34.28,9.73,20.01,MIXTO,R7_MIXTO,7
1b9c3f83-f7df-42ee-ad81-e898b41c6f47__cycle_1,,R7,Ricardone → San Lorenzo,VALIDO,,2026-06-22T13:01:20.567021-03:00,2026-06-22T13:50:56.744402-03:00,49.60,16.11,11.40,22.10,MIXTO,R7_MIXTO,7
10ff0d8e-2dad-4451-9506-bea74189f04e,,R7,Ricardone → San Lorenzo,VALIDO,COMPLETO,2026-06-22T13:02:15.540833-03:00,2026-06-22T13:28:22.120815-03:00,26.11,26.11,0.00,0.00,MIXTO,R7_MIXTO,6
722a1699-b70b-4880-b3bf-d8f7f7317947,,R7,Ricardone → San Lorenzo,VALIDO,,2026-06-22T13:03:15.592758-03:00,2026-06-22T14:20:41.753797-03:00,77.44,35.78,7.90,33.76,MIXTO,R7_MIXTO,6
ead03809-68fe-4a16-9fdd-ccf9e3ade2e3,,R7,Ricardone → San Lorenzo,VALIDO,,2026-06-22T13:07:30.549557-03:00,2026-06-22T14:04:51.739585-03:00,57.35,24.11,8.15,25.09,MIXTO,R7_MIXTO,8
d7878d4b-129f-4a63-83f3-0b68f0f5ad3e,,R7,Ricardone → San Lorenzo,VALIDO,,2026-06-22T13:08:15.5914-03:00,2026-06-22T13:57:21.736467-03:00,49.10,15.28,11.06,22.76,MIXTO,R7_MIXTO,8
25a5c005-340c-4365-ba8c-120cffd0e8e6,,R7,Ricardone → San Lorenzo,VALIDO,,2026-06-22T13:12:20.588638-03:00,2026-06-22T16:32:02.007163-03:00,199.69,27.94,12.15,159.60,MIXTO,R7_MIXTO,6
042050c4-660e-47c4-844e-b3810d8de59b,,R7,Ricardone → San Lorenzo,VALIDO,DEDUCIDO,2026-06-22T13:14:00.560115-03:00,2026-06-22T13:43:57.124589-03:00,29.94,29.94,0.00,0.00,MIXTO,R7_MIXTO,3
1ad152ef-d0aa-4494-bc2c-60d43ff5aa05__cycle_1,,R7,Ricardone → San Lorenzo,VALIDO,,2026-06-22T13:30:25.556457-03:00,2026-06-22T16:46:11.972023-03:00,195.77,168.28,10.40,17.10,MIXTO,R7_MIXTO,6
b92db16b-63f7-405c-adc8-d3e70e4f8672,,R7,Ricardone → San Lorenzo,VALIDO,DEDUCIDO,2026-06-22T13:38:30.554292-03:00,2026-06-22T16:18:02.16363-03:00,159.53,159.53,0.00,0.00,MIXTO,R7_MIXTO,3
8fd28f7f-aeab-49b5-b7dc-9d36bb7aada7,,R7,Ricardone → San Lorenzo,VALIDO,,2026-06-22T13:38:40.771673-03:00,2026-06-22T20:12:37.359806-03:00,393.94,162.02,10.15,221.77,MIXTO,R7_MIXTO,8
9b61351d-6b91-4bb0-b227-e4d96982ac8c,,R7,Ricardone → San Lorenzo,VALIDO,DEDUCIDO,2026-06-22T13:39:30.592014-03:00,2026-06-22T16:26:42.072095-03:00,167.19,167.19,0.00,0.00,MIXTO,R7_MIXTO,3
c82e5ea5-c359-4344-9427-2e4b36e6140b,,R7,Ricardone → San Lorenzo,VALIDO,COMPLETO,2026-06-22T13:48:05.551533-03:00,2026-06-22T16:28:47.057366-03:00,160.69,160.69,0.00,0.00,MIXTO,R7_MIXTO,5
17dc4c26-17e6-42d6-a4d5-e6a4c49d4b35,,R7,Ricardone → San Lorenzo,VALIDO,,2026-06-22T13:48:15.577374-03:00,2026-06-22T17:19:27.091505-03:00,211.19,160.94,13.06,37.19,MIXTO,R7_MIXTO,12
31b242eb-2674-4f64-af39-1ed50bf960cb,,R7,Ricardone → San Lorenzo,VALIDO,,2026-06-22T13:48:50.559825-03:00,2026-06-22T17:10:47.408876-03:00,201.95,161.69,12.65,27.61,MIXTO,R7_MIXTO,7
f2bb64c9-6c12-4b50-a3ba-b700a3b7fd1f,,R7,Ricardone → San Lorenzo,VALIDO,,2026-06-22T13:49:40.570252-03:00,2026-06-22T17:17:57.095676-03:00,208.28,164.61,11.48,32.19,MIXTO,R7_MIXTO,6
59854ea9-8dbe-46c8-97d0-83a31f7fc654,,R7,Ricardone → San Lorenzo,VALIDO,DEDUCIDO,2026-06-22T13:50:55.562991-03:00,2026-06-22T16:31:27.063938-03:00,160.53,160.53,0.00,0.00,MIXTO,R7_MIXTO,3
bb2aaa46-8a24-413e-aeeb-17a0fcd0bbb0,,R7,Ricardone → San Lorenzo,VALIDO,,2026-06-22T14:01:55.626746-03:00,2026-06-22T20:29:52.363945-03:00,387.95,154.27,12.06,221.61,MIXTO,R7_MIXTO,6
25d544dc-d8e7-41da-b9cc-dc9caff14080__cycle_1,,R7,Ricardone → San Lorenzo,VALIDO,,2026-06-22T14:03:55.669955-03:00,2026-06-22T17:15:37.087699-03:00,191.69,151.19,12.15,28.35,MIXTO,R7_MIXTO,7
c235b391-bb1b-491a-8221-9328169d2915,,R7,Ricardone → San Lorenzo,VALIDO,DEDUCIDO,2026-06-22T14:19:25.601616-03:00,2026-06-22T16:47:22.269883-03:00,147.94,147.94,0.00,0.00,MIXTO,R7_MIXTO,8
a42bc1f7-7933-4c51-994c-53c696e5f015,,R5,Recepción Volcable 1,VALIDO,DEDUCIDO,2026-06-22T14:20:05.62275-03:00,2026-06-22T17:17:54.86605-03:00,177.82,,,,,,5
7dce0143-21af-4fa3-bb37-d12023fa290f,,R7,Ricardone → San Lorenzo,VALIDO,,2026-06-22T14:24:15.588635-03:00,2026-06-22T17:28:57.08878-03:00,184.69,146.94,11.81,25.94,MIXTO,R7_MIXTO,7
aab10ec2-4b27-45dc-aff1-a5970e74a0bd,,R7,Ricardone → San Lorenzo,VALIDO,,2026-06-22T14:25:10.608112-03:00,2026-06-22T20:36:47.321124-03:00,371.61,152.27,11.31,208.02,MIXTO,R7_MIXTO,6
a907ec87-6aad-4d8c-ac4d-6f42f18b4b92,,R7,Ricardone → San Lorenzo,VALIDO,,2026-06-22T14:29:30.547675-03:00,2026-06-22T17:46:47.192836-03:00,197.28,157.44,9.48,30.35,MIXTO,R7_MIXTO,9
9d450ee7-6c7e-4d0e-95df-af895396828f,,R7,Ricardone → San Lorenzo,VALIDO,,2026-06-22T14:29:45.575923-03:00,2026-06-22T20:41:07.320471-03:00,371.36,156.36,8.81,206.19,MIXTO,R7_MIXTO,7
6f8fc318-fbc5-4c24-bc57-e1b12752a480,,R7,Ricardone → San Lorenzo,VALIDO,,2026-06-22T14:33:50.550184-03:00,2026-06-22T17:58:47.083518-03:00,204.94,154.11,11.15,39.69,MIXTO,R7_MIXTO,7
2dc5d3c5-746b-44dc-9383-3b525e11de53,,R7,Ricardone → San Lorenzo,VALIDO,,2026-06-22T14:36:10.590992-03:00,2026-06-22T17:31:47.075741-03:00,175.61,136.19,11.65,27.77,MIXTO,R7_MIXTO,7
4797aa48-ae0b-4f81-b3d1-fa3f4eb8e496,,R7,Ricardone → San Lorenzo,VALIDO,,2026-06-22T14:36:25.560161-03:00,2026-06-22T17:31:17.125985-03:00,174.86,137.44,10.99,26.43,MIXTO,R7_MIXTO,6
51a61bd4-4145-4d95-b056-cc1a8b90005b,,R7,Ricardone → San Lorenzo,VALIDO,,2026-06-22T14:37:55.546275-03:00,2026-06-22T17:37:32.132841-03:00,179.61,140.03,11.48,28.10,MIXTO,R7_MIXTO,8
484c2e31-3e55-4f1c-aabb-87c0b52109e4,,R7,Ricardone → San Lorenzo,VALIDO,DEDUCIDO,2026-06-22T14:38:55.574192-03:00,2026-06-22T16:58:32.073518-03:00,139.61,139.61,0.00,0.00,MIXTO,R7_MIXTO,3
c2021ab8-bf86-4ecb-9aa2-41e6c390cc94__cycle_1,,R7,Ricardone → San Lorenzo,VALIDO,,2026-06-22T14:42:15.569179-03:00,2026-06-22T17:36:37.10857-03:00,174.36,137.61,11.15,25.60,MIXTO,R7_MIXTO,6
e64a6d02-1ad4-4b0b-b4c9-1750f5097e09__cycle_1,,R7,Ricardone → San Lorenzo,VALIDO,,2026-06-22T14:45:40.60904-03:00,2026-06-22T20:15:02.419623-03:00,329.36,134.69,11.48,183.19,MIXTO,R7_MIXTO,7
8c8ce978-1e16-4c7f-9ec8-95c83409ef0a,,R7,Ricardone → San Lorenzo,VALIDO,,2026-06-22T15:02:20.686438-03:00,2026-06-22T20:26:07.356797-03:00,323.78,127.77,12.81,183.19,MIXTO,R7_MIXTO,8
d4b6b3bb-f575-435d-b55c-9254d7cf601f__cycle_1,,R7,Ricardone → San Lorenzo,VALIDO,,2026-06-22T15:17:25.642194-03:00,2026-06-22T18:08:22.139875-03:00,170.94,112.27,12.56,46.10,MIXTO,R7_MIXTO,6
c849c866-d629-4ebf-905c-83691a4f08cb__cycle_1,,R7,Ricardone → San Lorenzo,VALIDO,,2026-06-22T15:20:05.592938-03:00,2026-06-22T17:40:47.088533-03:00,140.69,103.44,8.90,28.35,MIXTO,R7_MIXTO,6
171f04f5-b169-468c-a3e2-2fc64939a7f6__cycle_1,,R7,Ricardone → San Lorenzo,VALIDO,,2026-06-22T15:20:30.599015-03:00,2026-06-22T17:17:47.804349-03:00,117.29,106.03,9.06,2.20,MIXTO,R7_MIXTO,6
46c9a19d-75e2-4368-a7e8-5c476785c8b5,,R7,Ricardone → San Lorenzo,VALIDO,,2026-06-22T15:22:45.584476-03:00,2026-06-22T18:19:52.10227-03:00,177.11,106.36,10.90,59.85,MIXTO,R7_MIXTO,7
0c5c7400-584b-4d39-b5a7-22916cf4268c,,R7,Ricardone → San Lorenzo,VALIDO,DEDUCIDO,2026-06-22T15:23:45.580395-03:00,2026-06-22T17:11:57.081879-03:00,108.19,108.19,0.00,0.00,MIXTO,R7_MIXTO,3
2c616326-06c0-4cfb-88a2-434b267e258b,,R7,Ricardone → San Lorenzo,VALIDO,COMPLETO,2026-06-22T15:35:00.568888-03:00,2026-06-22T18:25:37.078725-03:00,170.61,170.61,0.00,0.00,MIXTO,R7_MIXTO,5
06ec4cc3-29fa-460e-93a7-d831bd9a6df7,,R7,Ricardone → San Lorenzo,VALIDO,DEDUCIDO,2026-06-22T15:35:40.627545-03:00,2026-06-22T17:16:22.074038-03:00,100.69,100.69,0.00,0.00,MIXTO,R7_MIXTO,3
3c7e0456-fcd8-4dee-ab0b-98f63f651db9__cycle_1,,R7,Ricardone → San Lorenzo,VALIDO,,2026-06-22T15:44:05.604899-03:00,2026-06-22T18:17:32.090562-03:00,153.44,94.11,10.73,48.60,MIXTO,R7_MIXTO,7
d6d8c45a-49dd-4e1a-8fbd-b3318815a87f__cycle_1,,R7,Ricardone → San Lorenzo,VALIDO,,2026-06-22T15:55:50.562945-03:00,2026-06-22T18:06:12.093907-03:00,130.36,82.94,10.98,36.44,MIXTO,R7_MIXTO,7
a05090a9-34de-4152-93d4-62a160063113,,R7,Ricardone → San Lorenzo,VALIDO,DEDUCIDO,2026-06-22T15:56:45.569775-03:00,2026-06-22T17:25:17.090062-03:00,88.53,88.53,0.00,0.00,MIXTO,R7_MIXTO,3
af3673ea-11cf-4361-8890-f73a94df4401,,R7,Ricardone → San Lorenzo,VALIDO,,2026-06-22T16:04:20.564599-03:00,2026-06-22T18:16:52.111787-03:00,132.53,79.44,9.73,43.35,MIXTO,R7_MIXTO,6
38824f49-2855-4ef7-9511-6e079898fc81,,R7,Ricardone → San Lorenzo,VALIDO,,2026-06-22T16:15:20.580697-03:00,2026-06-22T20:26:47.355943-03:00,251.45,71.77,10.06,169.61,MIXTO,R7_MIXTO,6
6aaa195a-7247-4e38-a06b-818b748095d8,,R7,Ricardone → San Lorenzo,VALIDO,,2026-06-22T16:16:05.630939-03:00,2026-06-22T18:22:17.125109-03:00,126.19,69.69,9.40,47.10,MIXTO,R7_MIXTO,8
399a25d2-5380-4a80-92a1-7418baa9929a__cycle_1,,R7,Ricardone → San Lorenzo,VALIDO,,2026-06-22T16:17:05.609705-03:00,2026-06-22T20:31:02.361043-03:00,253.95,70.44,10.31,173.19,MIXTO,R7_MIXTO,7
1a8ce442-024b-4df9-a8be-93e980bfc869__cycle_1,,R7,Ricardone → San Lorenzo,VALIDO,,2026-06-22T16:22:10.661477-03:00,2026-06-22T18:22:57.102133-03:00,120.77,67.52,9.98,43.27,MIXTO,R7_MIXTO,6
9d764b10-8437-4be8-bf9b-2abf55fbd51e,,R7,Ricardone → San Lorenzo,VALIDO,COMPLETO,2026-06-22T16:25:55.554373-03:00,2026-06-22T17:29:17.068142-03:00,63.36,63.36,0.00,0.00,MIXTO,R7_MIXTO,5
c581cc19-f5a4-4585-ab6d-e9ba0ffb7262,,R7,Ricardone → San Lorenzo,VALIDO,,2026-06-22T16:34:00.604833-03:00,2026-06-22T20:33:57.32903-03:00,239.95,56.61,9.81,173.52,MIXTO,R7_MIXTO,7
a1d5a31f-9198-4c76-a6b9-2c0fe0f2ce22,,R7,Ricardone → San Lorenzo,VALIDO,DEDUCIDO,2026-06-22T16:36:10.602524-03:00,2026-06-22T17:42:02.075552-03:00,65.86,65.86,0.00,0.00,MIXTO,R7_MIXTO,5
64876955-7c87-4188-bb8f-2fdb7b6ba059,,R7,Ricardone → San Lorenzo,VALIDO,DEDUCIDO,2026-06-22T16:40:00.585274-03:00,2026-06-22T17:46:07.080308-03:00,66.11,66.11,0.00,0.00,MIXTO,R7_MIXTO,3
7514a6c9-ad2e-4d8e-83c3-69efd12e0c4a,,R7,Ricardone → San Lorenzo,VALIDO,COMPLETO,2026-06-22T16:53:35.653682-03:00,2026-06-22T17:54:10.928959-03:00,60.59,48.94,11.65,0.00,MIXTO,R7_MIXTO,5
64376d9c-48ae-4a51-b4d8-63234288a332__cycle_1,,R7,Ricardone → San Lorenzo,VALIDO,,2026-06-22T16:56:20.578763-03:00,2026-06-22T20:36:07.328674-03:00,219.78,42.02,8.56,169.19,MIXTO,R7_MIXTO,7
bbbcec68-798a-427d-8ee8-11def748caad,,R7,Ricardone → San Lorenzo,VALIDO,DEDUCIDO,2026-06-22T16:56:40.647557-03:00,2026-06-22T17:47:52.079551-03:00,51.19,51.19,0.00,0.00,MIXTO,R7_MIXTO,3
3cdfe487-0515-46ce-8c90-4bf8eac4e404,,R7,Ricardone → San Lorenzo,VALIDO,,2026-06-22T16:58:05.638425-03:00,2026-06-22T21:08:37.444505-03:00,250.53,50.69,12.15,187.69,MIXTO,R7_MIXTO,8
94bce301-33e2-4f7f-8a13-2524b209d3e5,,R7,Ricardone → San Lorenzo,VALIDO,,2026-06-22T17:15:20.651186-03:00,2026-06-22T18:40:32.198386-03:00,85.19,31.86,11.65,41.69,MIXTO,R7_MIXTO,6
f09a92c9-d275-4b82-a478-4090c81b7db7,,R7,Ricardone → San Lorenzo,VALIDO,,2026-06-22T17:18:00.50823-03:00,2026-06-22T17:46:47.183788-03:00,28.78,28.78,0.00,0.00,MIXTO,R7_MIXTO,2
f4a548e8-f8bb-46df-82e9-63d5a8bf4297__cycle_1,,R7,Ricardone → San Lorenzo,VALIDO,,2026-06-22T17:36:05.644872-03:00,2026-06-22T20:49:02.334024-03:00,192.94,137.36,9.56,46.02,MIXTO,R7_MIXTO,9
f19fa21e-0f71-42f8-a671-bcccf88abc4e__cycle_1,,R7,Ricardone → San Lorenzo,VALIDO,,2026-06-22T17:36:35.571555-03:00,2026-06-22T20:52:12.34623-03:00,195.61,139.19,12.65,43.77,MIXTO,R7_MIXTO,6
7e1a7b51-8808-4dae-86d1-48ba93f4baea,,R7,Ricardone → San Lorenzo,VALIDO,,2026-06-22T17:36:50.65278-03:00,2026-06-22T20:56:52.340937-03:00,200.03,0.00,0.00,47.86,MIXTO,R7_MIXTO,5
b99c5c71-f5eb-46e3-a75a-e5dcf367af5b,,R7,Ricardone → San Lorenzo,VALIDO,,2026-06-22T17:45:00.638851-03:00,2026-06-22T21:04:12.349226-03:00,199.20,138.61,9.48,51.11,MIXTO,R7_MIXTO,7
c0a7827b-6633-4049-88f4-2d4c64d8258a,,R7,Ricardone → San Lorenzo,VALIDO,DEDUCIDO,2026-06-22T18:02:40.57317-03:00,2026-06-22T20:07:38.689971-03:00,124.97,124.97,0.00,0.00,MIXTO,R7_MIXTO,3
88528d94-cdac-4525-8018-42cfad827a7d,,R7,Ricardone → San Lorenzo,VALIDO,,2026-06-22T18:03:15.597201-03:00,2026-06-22T21:13:22.486818-03:00,190.11,125.11,11.56,53.44,MIXTO,R7_MIXTO,7
62586b64-f6d3-4c86-928a-9e943a010878,,R7,Ricardone → San Lorenzo,VALIDO,DEDUCIDO,2026-06-22T18:04:55.56362-03:00,2026-06-22T18:28:52.093013-03:00,23.94,23.94,0.00,0.00,MIXTO,R7_MIXTO,3
b12d3624-20ec-46f5-a5b9-b83cd15e3982,,R7,Ricardone → San Lorenzo,VALIDO,COMPLETO,2026-06-22T18:08:15.61882-03:00,2026-06-22T21:08:12.034056-03:00,179.94,179.94,0.00,0.00,MIXTO,R7_MIXTO,5
6c129f3d-0efb-4564-86ea-fcaa73f221e3,,R7,Ricardone → San Lorenzo,VALIDO,,2026-06-22T18:09:20.638948-03:00,2026-06-22T21:25:57.491362-03:00,196.61,129.61,10.56,56.44,MIXTO,R7_MIXTO,6
b4d55ead-0316-4404-9ac6-3dd9177b12c8,,R7,Ricardone → San Lorenzo,VALIDO,,2026-06-22T18:15:15.6586-03:00,2026-06-22T21:27:02.451445-03:00,191.78,129.86,24.23,37.69,MIXTO,R7_MIXTO,6
bee770a6-9d92-404b-b1f1-c2a64a799c0f,,R8,Recepción Mercadería Líquida,VALIDO,DEDUCIDO,2026-06-22T18:21:40.614764-03:00,2026-06-22T21:47:37.022205-03:00,205.94,,,,,,8
54ca47a2-e2cd-44aa-bdcf-7e3a5a2e5a04__cycle_1,,R7,Ricardone → San Lorenzo,VALIDO,,2026-06-22T18:26:00.570994-03:00,2026-06-22T23:25:32.569465-03:00,299.53,218.03,9.31,72.19,MIXTO,R7_MIXTO,6
4955a394-8d17-4489-a962-f95e9323a897,,R7,Ricardone → San Lorenzo,VALIDO,,2026-06-22T18:37:20.572827-03:00,2026-06-22T23:52:27.692055-03:00,315.12,208.36,10.23,96.53,MIXTO,R7_MIXTO,7
1071c41e-010e-4145-9462-ccd99b002832__cycle_1,,R7,Ricardone → San Lorenzo,VALIDO,DEDUCIDO,2026-06-22T18:37:30.623921-03:00,2026-06-22T21:28:02.507246-03:00,170.53,115.02,0.00,0.00,MIXTO,R7_MIXTO,6
b38f96f8-e17a-4123-9d0e-d2eb3c490975,,R7,Ricardone → San Lorenzo,VALIDO,DEDUCIDO,2026-06-22T18:42:55.588642-03:00,2026-06-22T20:29:22.105816-03:00,106.44,106.44,0.00,0.00,MIXTO,R7_MIXTO,3
99346d15-c8c7-49e1-9f9d-c09996c5c09e,,R7,Ricardone → San Lorenzo,VALIDO,,2026-06-22T18:44:10.630695-03:00,2026-06-22T22:06:07.856697-03:00,201.95,201.95,0.00,0.00,MIXTO,R7_MIXTO,2
2deb41c0-5b1a-47d0-b7b1-b7753309b057__cycle_1,,R7,Ricardone → San Lorenzo,VALIDO,,2026-06-22T18:48:45.583368-03:00,2026-06-22T21:32:57.456804-03:00,164.20,107.86,14.90,41.44,MIXTO,R7_MIXTO,6
055f6126-0908-4eb9-a983-d59cad1aba2f__cycle_1,,R7,Ricardone → San Lorenzo,VALIDO,,2026-06-22T18:49:10.623091-03:00,2026-06-23T01:06:17.791733-03:00,377.12,197.36,10.73,169.03,MIXTO,R7_MIXTO,7
16a33a85-61fd-42e9-846b-d567c5c50a50__cycle_2,,R6,Recepción Volcable 2,VALIDO,DEDUCIDO,2026-06-22T18:49:41.79905-03:00,2026-06-23T02:26:48.277858-03:00,457.11,,,,,,12
63e8e98a-bcc2-4024-ac10-3a12d73ef61b__cycle_1,,R7,Ricardone → San Lorenzo,VALIDO,,2026-06-22T18:49:50.608041-03:00,2026-06-22T21:34:07.439277-03:00,164.28,107.11,14.98,42.19,MIXTO,R7_MIXTO,8
bb723e52-fbaf-421b-b8c8-194713378cdf__cycle_2,,R6,Recepción Volcable 2,VALIDO,DEDUCIDO,2026-06-22T18:55:01.846207-03:00,2026-06-23T05:41:33.278581-03:00,646.52,,,,,,11
b7941621-ccef-4426-9c3e-09a19bd4a0db,,R7,Ricardone → San Lorenzo,VALIDO,,2026-06-22T18:56:20.626952-03:00,2026-06-22T22:03:27.480153-03:00,187.11,116.77,13.83,56.51,MIXTO,R7_MIXTO,7
ee5ae973-d227-4cdf-9fdf-f663e1059a68,,R7,Ricardone → San Lorenzo,VALIDO,COMPLETO,2026-06-22T18:57:30.588045-03:00,2026-06-22T22:10:50.530389-03:00,193.33,190.94,0.00,0.00,MIXTO,R7_MIXTO,5
a0ad5929-0134-4be7-83ab-6304aa700823__cycle_1,,R8,Recepción Mercadería Líquida,VALIDO,DEDUCIDO,2026-06-22T18:58:10.624092-03:00,2026-06-22T21:29:17.458351-03:00,151.11,,,,,,6
c434bad1-0a24-4f27-b80f-c88c5cfc8e4d__cycle_1,,R7,Ricardone → San Lorenzo,VALIDO,,2026-06-22T19:00:55.631507-03:00,2026-06-22T21:46:52.455555-03:00,165.95,126.69,10.31,28.94,MIXTO,R7_MIXTO,8
2057f193-b82d-401e-86ff-f142ab755cdb,,R7,Ricardone → San Lorenzo,VALIDO,,2026-06-22T19:04:25.60195-03:00,2026-06-22T22:06:22.468084-03:00,181.95,0.00,0.00,44.94,MIXTO,R7_MIXTO,5
44bbf375-3320-4b6e-a6e7-5c2e5d0f2d77,,R7,Ricardone → San Lorenzo,VALIDO,,2026-06-22T19:12:50.582963-03:00,2026-06-22T21:53:32.445613-03:00,160.70,115.86,10.56,34.28,MIXTO,R7_MIXTO,6
4a3b7d98-bc0e-461a-b576-c37b48aa9abb,,R7,Ricardone → San Lorenzo,VALIDO,,2026-06-22T19:14:25.575592-03:00,2026-06-23T01:22:07.794988-03:00,367.70,0.00,0.00,185.53,MIXTO,R7_MIXTO,4
7096bebe-0ee1-4ffa-9534-2df0ac7cf393,,R7,Ricardone → San Lorenzo,VALIDO,,2026-06-22T19:17:45.574491-03:00,2026-06-22T20:39:22.113104-03:00,81.61,81.61,0.00,0.00,MIXTO,R7_MIXTO,2
0b23f3e6-ebc1-4992-84e6-72e5de33a29e,,R7,Ricardone → San Lorenzo,VALIDO,,2026-06-22T19:19:00.557244-03:00,2026-06-22T22:06:52.033733-03:00,167.86,167.86,0.00,0.00,MIXTO,R7_MIXTO,2
3b4e44a7-06f0-40ea-9358-92fef5deb01a,,R7,Ricardone → San Lorenzo,VALIDO,DEDUCIDO,2026-06-22T19:23:05.592642-03:00,2026-06-22T21:07:12.069891-03:00,104.11,104.11,0.00,0.00,MIXTO,R7_MIXTO,3
5b699895-d381-465c-9bed-3893b96bbc21,,R7,Ricardone → San Lorenzo,VALIDO,DEDUCIDO,2026-06-22T19:24:35.616355-03:00,2026-06-22T22:11:52.027188-03:00,167.27,167.27,0.00,0.00,MIXTO,R7_MIXTO,3
0305eaa8-346b-4e0b-8f25-e1b7dc53631d,,R7,Ricardone → San Lorenzo,VALIDO,,2026-06-22T19:26:15.656874-03:00,2026-06-22T22:09:17.482134-03:00,163.03,105.77,10.90,46.36,MIXTO,R7_MIXTO,7
0d131413-64d8-481f-beec-deb6ab6e091a,,R7,Ricardone → San Lorenzo,VALIDO,DEDUCIDO,2026-06-22T19:32:40.696528-03:00,2026-06-22T22:12:17.037171-03:00,159.61,159.61,0.00,0.00,MIXTO,R7_MIXTO,3
ce7958e1-6342-4c4a-be76-c8e8b8046fe2__cycle_1,,R7,Ricardone → San Lorenzo,VALIDO,,2026-06-22T19:36:40.594769-03:00,2026-06-22T22:13:57.465835-03:00,157.28,98.94,9.48,48.86,MIXTO,R7_MIXTO,6
9fa5c16f-f1b7-43ae-85d8-e32a2d4c2ca8,,R7,Ricardone → San Lorenzo,VALIDO,,2026-06-22T19:37:10.626079-03:00,2026-06-22T23:50:47.708814-03:00,253.62,109.36,26.15,118.11,MIXTO,R7_MIXTO,7
79a3f6a3-3b5b-4845-928b-20fba6e97729__cycle_1,,R7,Ricardone → San Lorenzo,VALIDO,,2026-06-22T19:38:25.573035-03:00,2026-06-23T01:22:52.787386-03:00,344.45,154.27,12.15,178.03,MIXTO,R7_MIXTO,7
c05d829a-85b0-4754-a95a-2d58e3de43ac,,R7,Ricardone → San Lorenzo,VALIDO,,2026-06-22T19:44:15.653326-03:00,2026-06-22T22:29:22.542722-03:00,165.11,95.02,9.31,60.78,MIXTO,R7_MIXTO,8
41e53cad-ab64-46f9-ad28-736b08e4cefd,,R7,Ricardone → San Lorenzo,VALIDO,,2026-06-22T19:49:10.557331-03:00,2026-06-22T23:05:07.57232-03:00,195.95,105.94,12.65,77.36,MIXTO,R7_MIXTO,7
4af77290-9204-49d9-b62c-0d539b334c2a,,R7,Ricardone → San Lorenzo,VALIDO,,2026-06-22T19:50:41.173428-03:00,2026-06-23T01:31:27.798635-03:00,340.78,142.43,12.48,185.86,MIXTO,R7_MIXTO,7
ef3030cc-0c5c-4260-87e7-d341f686c1a9,,R7,Ricardone → San Lorenzo,VALIDO,,2026-06-22T20:00:40.644995-03:00,2026-06-22T22:45:02.623944-03:00,164.37,88.36,9.81,66.20,MIXTO,R7_MIXTO,7
912cd112-948a-4c53-87f0-c1a1f4ada552__cycle_1,,R8,Recepción Mercadería Líquida,VALIDO,DEDUCIDO,2026-06-22T20:01:50.481281-03:00,2026-06-22T20:50:30.908605-03:00,48.67,,,,,,4
35fa7bc5-bc47-4f0e-81e8-11f313175825__cycle_1,,R7,Ricardone → San Lorenzo,VALIDO,,2026-06-22T20:05:30.468599-03:00,2026-06-23T01:11:02.785203-03:00,305.54,128.19,12.40,164.95,MIXTO,R7_MIXTO,7
f29190ce-025e-4e16-8f23-6cc765d2b25b,,R7,Ricardone → San Lorenzo,VALIDO,,2026-06-22T20:08:05.542983-03:00,2026-06-22T23:41:17.659547-03:00,213.20,93.61,10.15,109.45,MIXTO,R7_MIXTO,8
a2e69883-d4ea-4aa3-b944-55b9497c5385__cycle_1,,R7,Ricardone → San Lorenzo,VALIDO,,2026-06-22T20:11:55.485621-03:00,2026-06-23T01:35:07.83888-03:00,323.21,122.28,12.65,188.28,MIXTO,R7_MIXTO,7
c1597de1-07cd-4e47-b2e7-cc44f7b669f0__cycle_1,,R7,Ricardone → San Lorenzo,VALIDO,,2026-06-22T20:19:10.550433-03:00,2026-06-22T21:43:56.951399-03:00,84.77,0.00,0.00,29.35,MIXTO,R7_MIXTO,5
02eb4513-a675-4d19-869a-2fb3d98da033,,R7,Ricardone → San Lorenzo,VALIDO,,2026-06-22T20:25:00.522645-03:00,2026-06-22T23:14:57.555473-03:00,169.95,73.61,11.73,84.61,MIXTO,R7_MIXTO,7
53697c9e-7cb6-4cd9-b42b-ad4c2af9fd40__cycle_1,,R8,Recepción Mercadería Líquida,VALIDO,DEDUCIDO,2026-06-22T20:29:51.248926-03:00,2026-06-22T21:19:40.892451-03:00,49.83,,,,,,5
3364793d-f19a-4fe1-9576-a86551345578,,R7,Ricardone → San Lorenzo,VALIDO,,2026-06-22T20:37:00.52468-03:00,2026-06-23T00:34:22.702144-03:00,237.37,68.94,10.31,158.11,MIXTO,R7_MIXTO,7
d3ed7ce9-d17c-44fa-83c2-ef64f53aa4d3,,R7,Ricardone → San Lorenzo,VALIDO,,2026-06-22T20:38:25.485248-03:00,2026-06-22T23:58:57.700665-03:00,200.54,64.11,11.73,124.70,MIXTO,R7_MIXTO,6
2814dad5-8098-4453-8e39-e3badba9817d__cycle_1,,R8,Recepción Mercadería Líquida,VALIDO,DEDUCIDO,2026-06-22T20:39:50.467912-03:00,2026-06-22T21:20:50.88979-03:00,41.01,,,,,,5
bfa49970-f8a8-406c-99b7-e77a2d57527a__cycle_1,,R7,Ricardone → San Lorenzo,VALIDO,,2026-06-22T20:48:40.479709-03:00,2026-06-23T00:52:27.830388-03:00,243.79,68.36,9.57,165.86,MIXTO,R7_MIXTO,8
e3d39d34-9bd9-47f4-8265-a3095aa91a8d,,R7,Ricardone → San Lorenzo,VALIDO,COMPLETO,2026-06-22T20:49:05.517849-03:00,2026-06-22T21:57:32.054113-03:00,68.44,68.44,0.00,0.00,MIXTO,R7_MIXTO,9
3bf2577e-c215-44f5-ab6a-2d69cbee63a0__cycle_1,,R7,Ricardone → San Lorenzo,VALIDO,,2026-06-22T20:58:30.48415-03:00,2026-06-23T00:45:32.823695-03:00,227.04,55.19,9.40,162.45,MIXTO,R7_MIXTO,8
ee80a12e-e658-4170-a1b4-f23084947d5e,,R7,Ricardone → San Lorenzo,VALIDO,DEDUCIDO,2026-06-22T21:04:51.444165-03:00,2026-06-22T22:00:22.06384-03:00,55.51,55.51,0.00,0.00,MIXTO,R7_MIXTO,3
ac00c0ad-bdef-481b-a586-0f45d712d8d7,,R7,Ricardone → San Lorenzo,VALIDO,,2026-06-22T21:07:30.519939-03:00,2026-06-23T00:39:27.665987-03:00,211.95,49.03,7.73,155.20,MIXTO,R7_MIXTO,6
fff83787-01be-4126-9b83-84e3cca28890,,R7,Ricardone → San Lorenzo,VALIDO,DEDUCIDO,2026-06-22T21:08:15.609403-03:00,2026-06-22T21:53:27.064882-03:00,45.19,45.19,0.00,0.00,MIXTO,R7_MIXTO,3
37a1408a-0a01-41d6-b1fd-ad6bf65761df__cycle_1,,R7,Ricardone → San Lorenzo,VALIDO,,2026-06-22T21:10:05.507133-03:00,2026-06-23T01:12:47.784707-03:00,242.70,47.94,9.90,184.86,MIXTO,R7_MIXTO,7
006ce4a5-fd45-400d-83ef-4ddfcec8a499,,R7,Ricardone → San Lorenzo,VALIDO,,2026-06-22T21:10:50.80679-03:00,2026-06-23T01:30:57.778287-03:00,260.12,56.85,11.48,191.78,MIXTO,R7_MIXTO,7
1a7179ce-cf6f-4e86-b86d-0a8ebf3310cd__cycle_1,,R7,Ricardone → San Lorenzo,VALIDO,,2026-06-22T21:28:30.484288-03:00,2026-06-23T01:17:47.784898-03:00,229.29,123.19,10.06,96.03,MIXTO,R7_MIXTO,7
5b1f945d-d82d-422b-81dc-d49de29a5267,,R7,Ricardone → San Lorenzo,VALIDO,,2026-06-22T21:34:25.589138-03:00,2026-06-22T23:44:52.060625-03:00,130.44,130.44,0.00,0.00,MIXTO,R7_MIXTO,2
834abdbd-1853-40e7-95a9-1f89f1d45d30,,R7,Ricardone → San Lorenzo,VALIDO,DEDUCIDO,2026-06-22T21:39:25.544696-03:00,2026-06-22T23:35:02.083229-03:00,115.61,115.61,0.00,0.00,MIXTO,R7_MIXTO,3
4bd0f541-03ad-4417-9ca4-b334a315e5e9,,R7,Ricardone → San Lorenzo,VALIDO,,2026-06-22T21:41:55.556593-03:00,2026-06-23T01:38:22.850616-03:00,236.45,121.78,10.23,104.45,MIXTO,R7_MIXTO,7
0266609f-ee64-4ca2-9295-a626616401c3,,R7,Ricardone → San Lorenzo,VALIDO,,2026-06-22T21:48:05.539268-03:00,2026-06-23T01:41:02.805821-03:00,232.95,116.11,10.56,106.28,MIXTO,R7_MIXTO,6
c475d856-27a1-424b-aee0-f9767d3b7c32,,R7,Ricardone → San Lorenzo,VALIDO,,2026-06-22T21:50:00.557228-03:00,2026-06-23T01:37:42.800025-03:00,227.70,112.69,8.73,106.28,MIXTO,R7_MIXTO,6
6f289e31-f538-45df-b24f-258348a15d4e,,R7,Ricardone → San Lorenzo,VALIDO,,2026-06-22T21:57:15.524924-03:00,2026-06-23T01:45:37.942075-03:00,228.37,109.36,9.56,109.45,MIXTO,R7_MIXTO,6
7a2f41e4-8ec4-46c9-ad4e-b6f20eaed6a7__cycle_1,,R7,Ricardone → San Lorenzo,VALIDO,,2026-06-22T21:59:35.526096-03:00,2026-06-23T01:47:42.806765-03:00,228.12,107.86,10.48,109.78,MIXTO,R7_MIXTO,10
286dc50b-1d1c-4c80-aacd-3bcfb2a69595__cycle_1,,R7,Ricardone → San Lorenzo,VALIDO,,2026-06-22T21:59:56.275493-03:00,2026-06-23T02:12:08.212019-03:00,252.20,109.85,12.31,130.04,MIXTO,R7_MIXTO,7
6929e116-3e79-441c-ae67-dc249003c4f2__cycle_1,,R7,Ricardone → San Lorenzo,VALIDO,,2026-06-22T22:00:45.518177-03:00,2026-06-23T02:21:27.747889-03:00,260.70,119.28,11.23,130.20,MIXTO,R7_MIXTO,7
7b9cda0f-2bf3-4554-beea-592a3e5256bc__cycle_2,,R7,Ricardone → San Lorenzo,VALIDO,COMPLETO,2026-06-22T22:02:05.472423-03:00,2026-06-22T23:56:47.164048-03:00,114.69,114.69,0.00,0.00,MIXTO,R7_MIXTO,14
3f28c590-7cd0-4a89-8247-87f9ffbbdebc,,R7,Ricardone → San Lorenzo,VALIDO,,2026-06-22T22:02:30.519776-03:00,2026-06-23T02:35:37.756008-03:00,273.12,127.78,23.40,121.95,MIXTO,R7_MIXTO,7
bb7a0182-b2f4-4040-a5bb-859979506b9b,,R7,Ricardone → San Lorenzo,VALIDO,,2026-06-22T22:03:30.519266-03:00,2026-06-23T02:38:47.7568-03:00,275.29,124.31,24.94,126.03,MIXTO,R7_MIXTO,8
4988bbbc-a4af-4360-b14b-26ffc421a849__cycle_2,,R7,Ricardone → San Lorenzo,VALIDO,,2026-06-22T22:05:20.46907-03:00,2026-06-23T02:12:37.965497-03:00,247.29,116.36,10.40,120.54,MIXTO,R7_MIXTO,6
e8825a2d-839d-47d8-a338-76372d25faf3,,R7,Ricardone → San Lorenzo,VALIDO,,2026-06-22T22:07:20.478231-03:00,2026-06-23T02:07:33.105317-03:00,240.21,114.69,10.73,114.79,MIXTO,R7_MIXTO,8
c067ad2e-1dc0-4a9b-96f0-6e0ad6abcb99,,R7,Ricardone → San Lorenzo,VALIDO,,2026-06-22T22:08:05.472009-03:00,2026-06-23T03:05:02.824935-03:00,296.96,125.86,23.31,147.78,MIXTO,R7_MIXTO,6
c1ac27bb-b94b-40f1-8b2d-eccfc3a830de__cycle_2,,R7,Ricardone → San Lorenzo,VALIDO,,2026-06-22T22:08:10.555494-03:00,2026-06-23T01:54:27.89373-03:00,226.29,0.00,0.00,110.70,MIXTO,R7_MIXTO,4
ca01888c-778d-4985-aed8-5d172677e9f5__cycle_1,,R7,Ricardone → San Lorenzo,VALIDO,DEDUCIDO,2026-06-22T22:11:25.656071-03:00,2026-06-23T02:36:12.810188-03:00,264.79,119.61,0.00,0.00,MIXTO,R7_MIXTO,6
7ceb3d51-f605-4031-b261-efcc0b97c4e2__cycle_1,,R7,Ricardone → San Lorenzo,VALIDO,,2026-06-22T22:14:10.478049-03:00,2026-06-23T02:40:12.770189-03:00,266.04,118.44,23.23,124.36,MIXTO,R7_MIXTO,6
fdfdfa14-baa6-46b8-9904-459b2e9b1ee4__cycle_1,,R7,Ricardone → San Lorenzo,VALIDO,,2026-06-22T22:15:35.482218-03:00,2026-06-23T02:39:12.747397-03:00,263.62,115.94,23.73,123.95,MIXTO,R7_MIXTO,7
1a888aed-3bd1-464e-9bea-10f04f25ca6d,,R7,Ricardone → San Lorenzo,VALIDO,COMPLETO,2026-06-22T22:18:50.485452-03:00,2026-06-23T00:14:37.048266-03:00,115.78,115.78,0.00,0.00,MIXTO,R7_MIXTO,6
793a941f-a720-48c3-ba9b-f251ef515360,,R7,Ricardone → San Lorenzo,VALIDO,,2026-06-22T22:20:30.564365-03:00,2026-06-23T03:12:17.774842-03:00,291.79,121.44,17.76,152.58,MIXTO,R7_MIXTO,6
217bac56-8de8-48b6-abe4-ee2d53595aa0,,R7,Ricardone → San Lorenzo,VALIDO,DEDUCIDO,2026-06-22T22:21:05.579705-03:00,2026-06-23T00:21:32.055428-03:00,120.44,120.44,0.00,0.00,MIXTO,R7_MIXTO,3
78d072d1-549e-42a0-9daf-6b93d0ad8205,,R7,Ricardone → San Lorenzo,VALIDO,,2026-06-22T22:22:15.591957-03:00,2026-06-23T00:31:07.0642-03:00,128.86,128.86,0.00,0.00,MIXTO,R7_MIXTO,2
cb2a65e8-4cd0-4599-bd49-b5dc00dc6cca,,R7,Ricardone → San Lorenzo,VALIDO,,2026-06-22T22:23:50.582352-03:00,2026-06-23T02:59:32.756855-03:00,275.70,115.86,18.81,141.03,MIXTO,R7_MIXTO,7
fa3b521f-1fa2-4f89-9414-1c117d9d4778__cycle_1,,R7,Ricardone → San Lorenzo,VALIDO,,2026-06-22T22:25:45.654263-03:00,2026-06-23T03:07:52.757542-03:00,282.12,0.00,0.00,144.65,MIXTO,R7_MIXTO,4
dfae5a94-76c2-4e32-866d-8f7f5de64fbf,,R7,Ricardone → San Lorenzo,VALIDO,DEDUCIDO,2026-06-22T22:28:40.523689-03:00,2026-06-23T00:26:37.07006-03:00,117.94,117.94,0.00,0.00,MIXTO,R7_MIXTO,3
41f24927-66d5-42c1-a611-48c058733c9d,,R7,Ricardone → San Lorenzo,VALIDO,DEDUCIDO,2026-06-22T22:29:00.469762-03:00,2026-06-23T00:27:17.075048-03:00,118.28,118.28,0.00,0.00,MIXTO,R7_MIXTO,3
997c4a96-577b-4188-b6fb-4363d62b5956,,R7,Ricardone → San Lorenzo,VALIDO,,2026-06-22T22:33:20.517164-03:00,2026-06-23T02:11:38.00363-03:00,218.29,116.94,11.90,89.45,MIXTO,R7_MIXTO,6
7a0c4bc2-cf6a-4b97-85a9-d8bd9f44b4d0__cycle_1,,R7,Ricardone → San Lorenzo,VALIDO,,2026-06-22T22:33:55.50591-03:00,2026-06-23T03:17:42.774905-03:00,283.79,124.11,11.98,147.70,MIXTO,R7_MIXTO,6
9e62b7c5-d14e-4ae6-a640-eba6cbcc4e10,,R7,Ricardone → San Lorenzo,VALIDO,,2026-06-22T22:34:10.54165-03:00,2026-06-23T00:38:32.046294-03:00,124.36,124.36,0.00,0.00,MIXTO,R7_MIXTO,2
34f83875-26b8-4ce0-bbf8-2da490738f27,,R7,Ricardone → San Lorenzo,VALIDO,,2026-06-22T22:34:40.521583-03:00,2026-06-23T00:40:57.659768-03:00,126.29,126.29,0.00,0.00,MIXTO,R7_MIXTO,2
76f1c05c-664c-4c6a-9623-9ebb9caf0efa,,R7,Ricardone → San Lorenzo,VALIDO,,2026-06-22T22:38:05.608543-03:00,2026-06-23T03:28:12.874507-03:00,290.12,0.00,0.00,157.28,MIXTO,R7_MIXTO,16
395c1367-d000-4cff-b18c-bd9e307e7f21,,R7,Ricardone → San Lorenzo,VALIDO,,2026-06-22T22:39:15.662872-03:00,2026-06-23T02:23:02.777744-03:00,223.79,0.00,0.00,89.61,MIXTO,R7_MIXTO,6
58c9612f-336c-40e9-9842-0dbb44095408,,R7,Ricardone → San Lorenzo,VALIDO,DEDUCIDO,2026-06-22T22:42:30.497496-03:00,2026-06-23T00:47:12.048742-03:00,124.69,124.69,0.00,0.00,MIXTO,R7_MIXTO,3
0af6f31f-9a56-4973-9485-b9889c5a879a__cycle_1,,R7,Ricardone → San Lorenzo,VALIDO,,2026-06-22T22:43:10.463897-03:00,2026-06-23T03:27:12.881049-03:00,284.04,118.37,13.06,152.62,MIXTO,R7_MIXTO,6
3de7696c-9c1d-4097-ac7b-48a3e5b09312,,R7,Ricardone → San Lorenzo,VALIDO,,2026-06-22T23:01:05.573071-03:00,2026-06-23T03:32:02.898261-03:00,270.96,108.36,12.73,149.87,MIXTO,R7_MIXTO,6
a6c06f9e-75ef-4020-8855-3bed7605c982,,R7,Ricardone → San Lorenzo,VALIDO,,2026-06-22T23:01:30.560405-03:00,2026-06-23T03:36:57.902182-03:00,275.46,112.02,11.32,152.12,MIXTO,R7_MIXTO,7
19310180-b4da-4ccc-98dd-171ff60cf586__cycle_1,,R7,Ricardone → San Lorenzo,VALIDO,,2026-06-22T23:02:25.476513-03:00,2026-06-23T03:30:47.896564-03:00,268.37,110.28,11.31,146.78,MIXTO,R7_MIXTO,6
8173713d-8712-4457-9b84-65a89a4c326b__cycle_1,,R7,Ricardone → San Lorenzo,VALIDO,,2026-06-22T23:02:40.465566-03:00,2026-06-23T03:45:12.872992-03:00,282.54,110.44,11.23,160.87,MIXTO,R7_MIXTO,8
871b86af-e3dd-4e21-8757-284982942495,,R7,Ricardone → San Lorenzo,VALIDO,,2026-06-22T23:03:35.542997-03:00,2026-06-23T03:47:22.878587-03:00,283.79,117.11,8.81,157.87,MIXTO,R7_MIXTO,6
a36be2b8-8cd7-4f78-9221-297aaff6d30f__cycle_1,,R7,Ricardone → San Lorenzo,VALIDO,,2026-06-22T23:09:55.4712-03:00,2026-06-23T03:48:33.425455-03:00,278.63,111.87,11.81,154.96,MIXTO,R7_MIXTO,6
ac71e9a6-0fee-4aa1-8222-c46d322c53b3,,R7,Ricardone → San Lorenzo,VALIDO,,2026-06-22T23:11:20.60996-03:00,2026-06-23T00:57:42.052056-03:00,106.36,106.36,0.00,0.00,MIXTO,R7_MIXTO,2
ec59a08c-ae45-4fe5-8857-f2580788b946__cycle_1,,R7,Ricardone → San Lorenzo,VALIDO,,2026-06-22T23:15:30.476069-03:00,2026-06-23T04:07:27.877574-03:00,291.96,111.94,9.98,170.03,MIXTO,R7_MIXTO,6
cee9b89d-410d-4611-8d58-09303779a431,,R7,Ricardone → San Lorenzo,VALIDO,COMPLETO,2026-06-22T23:18:10.494207-03:00,2026-06-23T01:32:57.043394-03:00,134.78,134.78,0.00,0.00,MIXTO,R7_MIXTO,5
ecd2a36c-e6d1-487f-bc24-2dc29cd407b3,,R7,Ricardone → San Lorenzo,VALIDO,,2026-06-22T23:20:30.541568-03:00,2026-06-23T04:03:12.885884-03:00,282.71,113.78,8.81,160.12,MIXTO,R7_MIXTO,7
6d2de9c0-482e-4bd3-979a-27be0f2c130e__cycle_1,,R7,Ricardone → San Lorenzo,VALIDO,,2026-06-22T23:27:05.507798-03:00,2026-06-23T04:07:57.886134-03:00,280.87,110.11,9.90,160.87,MIXTO,R7_MIXTO,7
76ba3892-f7ca-44dc-831c-954f4ad4a2e4__cycle_1,,R7,Ricardone → San Lorenzo,VALIDO,,2026-06-22T23:27:35.541668-03:00,2026-06-23T04:09:02.88903-03:00,281.46,110.27,9.98,161.20,MIXTO,R7_MIXTO,6
baef11e0-aa39-4eef-b31b-ef22b1ef66ee,,R7,Ricardone → San Lorenzo,VALIDO,,2026-06-22T23:28:35.462841-03:00,2026-06-23T04:19:37.876428-03:00,291.04,112.28,9.23,169.53,MIXTO,R7_MIXTO,7
5be21359-622d-468a-a416-180ce78a901e,,R7,Ricardone → San Lorenzo,VALIDO,,2026-06-22T23:31:50.475159-03:00,2026-06-23T04:12:12.911517-03:00,280.37,108.36,9.15,162.87,MIXTO,R7_MIXTO,6
fb8f9048-e595-4995-b276-102a62ca7aaa__cycle_1,,R7,Ricardone → San Lorenzo,VALIDO,,2026-06-22T23:33:10.475271-03:00,2026-06-23T03:14:12.787963-03:00,221.04,113.36,9.56,98.12,MIXTO,R7_MIXTO,7
3b83e04a-c276-4764-b1f5-cd9a2ad82b09,,R7,Ricardone → San Lorenzo,VALIDO,,2026-06-22T23:33:45.517043-03:00,2026-06-23T04:43:53.621624-03:00,310.14,127.61,10.81,171.71,MIXTO,R7_MIXTO,6
a1473f48-6f5f-4ccb-b3ed-64c9d1602050,,R7,Ricardone → San Lorenzo,VALIDO,DEDUCIDO,2026-06-22T23:34:45.603296-03:00,2026-06-23T01:19:32.033549-03:00,104.77,104.77,0.00,0.00,MIXTO,R7_MIXTO,3
99c62e00-a1f9-43e9-b026-e0ae5b9881f2,,R7,Ricardone → San Lorenzo,VALIDO,,2026-06-22T23:35:25.583219-03:00,2026-06-23T05:12:48.725574-03:00,337.39,127.11,10.90,199.38,MIXTO,R7_MIXTO,7
be246b2f-cacf-4e05-8313-27a0eedcb28a__cycle_1,,R7,Ricardone → San Lorenzo,VALIDO,,2026-06-22T23:35:50.46164-03:00,2026-06-23T03:36:43.461735-03:00,240.88,121.44,7.81,111.63,MIXTO,R7_MIXTO,6
5c3e94be-4313-4408-86cf-e5a58560a197,,R7,Ricardone → San Lorenzo,VALIDO,,2026-06-22T23:36:15.468099-03:00,2026-06-23T04:43:38.046696-03:00,307.38,121.44,8.90,177.04,MIXTO,R7_MIXTO,8
5b475ddd-4616-42ea-9a3f-0d4da5cac5a3,,R7,Ricardone → San Lorenzo,VALIDO,DEDUCIDO,2026-06-22T23:36:30.524998-03:00,2026-06-23T01:45:57.053512-03:00,129.44,129.44,0.00,0.00,MIXTO,R7_MIXTO,3
9077d8f2-b512-4544-bf47-74694d45af44,,R7,Ricardone → San Lorenzo,VALIDO,,2026-06-22T23:37:00.463092-03:00,2026-06-23T04:56:58.633099-03:00,319.97,130.94,10.15,178.88,MIXTO,R7_MIXTO,6
87ae2ba9-0d76-4313-b3ca-53843ffbbe56__cycle_1,,R7,Ricardone → San Lorenzo,VALIDO,DEDUCIDO,2026-06-22T23:43:40.460525-03:00,2026-06-23T05:08:42.997724-03:00,325.04,130.36,0.00,0.00,MIXTO,R7_MIXTO,5
110e44c7-2033-4f47-a652-8836eb026d49,,R7,Ricardone → San Lorenzo,VALIDO,DEDUCIDO,2026-06-22T23:45:16.270269-03:00,2026-06-23T01:55:17.042864-03:00,130.01,130.01,0.00,0.00,MIXTO,R7_MIXTO,3
3f301599-4dbd-4d0a-a1e9-167638bfd656,,R7,Ricardone → San Lorenzo,VALIDO,DEDUCIDO,2026-06-22T23:46:20.550198-03:00,2026-06-23T01:53:12.070816-03:00,126.86,126.86,0.00,0.00,MIXTO,R7_MIXTO,3
d9b5b4c8-e39c-40f0-a72d-e1c70ccc59fd,,R7,Ricardone → San Lorenzo,VALIDO,,2026-06-22T23:47:05.529769-03:00,2026-06-23T05:39:23.087291-03:00,352.29,0.00,0.00,206.89,MIXTO,R7_MIXTO,6
13de4c49-e1d5-4acc-906a-bc63dda90d6f,,R7,Ricardone → San Lorenzo,VALIDO,DEDUCIDO,2026-06-22T23:47:05.595215-03:00,2026-06-23T01:52:27.06952-03:00,125.36,125.36,0.00,0.00,MIXTO,R7_MIXTO,3
f52cc4a1-873e-4481-b9ca-2dd939cb0116__cycle_1,,R7,Ricardone → San Lorenzo,VALIDO,,2026-06-22T23:48:45.466632-03:00,2026-06-23T05:21:17.992228-03:00,332.54,132.19,8.13,192.22,MIXTO,R7_MIXTO,7
5509d352-b77f-454b-9908-b506b1929f0d,,R7,Ricardone → San Lorenzo,VALIDO,DEDUCIDO,2026-06-22T23:51:45.523238-03:00,2026-06-23T02:02:27.072193-03:00,130.69,130.69,0.00,0.00,MIXTO,R7_MIXTO,3
3f4751f4-33dc-434a-8470-fe6609c6c7e1__cycle_1,,R7,Ricardone → San Lorenzo,VALIDO,,2026-06-22T23:54:25.473292-03:00,2026-06-23T05:26:02.990537-03:00,331.63,0.00,0.00,194.05,MIXTO,R7_MIXTO,6
51a21cd6-ec90-437c-93fe-8233cc3f484a,,R7,Ricardone → San Lorenzo,VALIDO,,2026-06-22T23:57:40.478367-03:00,2026-06-23T02:09:51.123316-03:00,132.18,132.18,0.00,0.00,MIXTO,R7_MIXTO,2
bbc4b9bf-4572-468d-909e-79c7fa67321a,,R6,Recepción Volcable 2,VALIDO,DEDUCIDO,2026-06-22T23:59:35.542244-03:00,2026-06-23T03:16:02.140496-03:00,196.44,,,,,,5
8f2213bd-16c1-4143-bcca-06157cf75a77,,R7,Ricardone → San Lorenzo,VALIDO,DEDUCIDO,2026-06-23T00:04:00.503626-03:00,2026-06-23T02:22:54.882198-03:00,138.91,0.00,0.00,0.00,MIXTO,R7_MIXTO,3
2b5f785f-7dc3-4ef3-9cc5-93d2c6f4fd11,,R7,Ricardone → San Lorenzo,VALIDO,DEDUCIDO,2026-06-23T00:05:40.544344-03:00,2026-06-23T02:13:11.068065-03:00,127.51,127.51,0.00,0.00,MIXTO,R7_MIXTO,3
bfcb999c-8742-4430-a09f-b7677eff014d,,R7,Ricardone → San Lorenzo,VALIDO,DEDUCIDO,2026-06-23T00:07:21.020607-03:00,2026-06-23T02:15:16.060712-03:00,127.92,127.92,0.00,0.00,MIXTO,R7_MIXTO,3
84449e32-f0d5-4736-aecf-f4a6c39f0e5f,,R7,Ricardone → San Lorenzo,VALIDO,DEDUCIDO,2026-06-23T00:12:20.496913-03:00,2026-06-23T02:18:56.076805-03:00,126.59,126.59,0.00,0.00,MIXTO,R7_MIXTO,3
b533a3f6-7867-4e1c-8bc5-949f054a8aba__cycle_1,,R7,Ricardone → San Lorenzo,VALIDO,,2026-06-23T00:13:15.516055-03:00,2026-06-23T06:14:03.097233-03:00,360.79,126.09,9.56,225.14,MIXTO,R7_MIXTO,7
3812c869-dbf1-43cb-96f2-306602ecbc90,,R7,Ricardone → San Lorenzo,VALIDO,,2026-06-23T00:15:20.489474-03:00,2026-06-23T06:16:58.118771-03:00,361.63,128.51,8.90,224.22,MIXTO,R7_MIXTO,7
acd2f29a-8bf3-48ac-b7c6-2a4d28539af2__cycle_1,,R7,Ricardone → San Lorenzo,VALIDO,,2026-06-23T00:17:55.53486-03:00,2026-06-23T06:37:43.091992-03:00,379.79,0.00,0.00,248.30,MIXTO,R7_MIXTO,5
c9359348-e2de-48c1-b833-5cde39e5aeae,,R7,Ricardone → San Lorenzo,VALIDO,DEDUCIDO,2026-06-23T00:18:35.576053-03:00,2026-06-23T02:24:51.069843-03:00,126.26,126.26,0.00,0.00,MIXTO,R7_MIXTO,3
044d36a8-dc4d-40a7-96bf-fe7b929b9c32__cycle_1,,R7,Ricardone → San Lorenzo,VALIDO,,2026-06-23T00:22:00.49705-03:00,2026-06-23T09:16:53.462359-03:00,534.88,123.51,9.23,402.14,MIXTO,R7_MIXTO,7
504c3275-f13f-43de-a41c-068499eb3ba9__cycle_1,,R7,Ricardone → San Lorenzo,VALIDO,,2026-06-23T00:26:23.413833-03:00,2026-06-23T06:30:43.109476-03:00,364.33,123.79,8.65,231.89,MIXTO,R7_MIXTO,6
f8a3d83c-d8b0-4f9f-9f21-1fddcc56de56,,R7,Ricardone → San Lorenzo,VALIDO,,2026-06-23T00:26:30.476275-03:00,2026-06-23T02:30:26.084915-03:00,123.93,123.93,0.00,0.00,MIXTO,R7_MIXTO,2
8fc7cc71-c09a-4951-a1d7-f7909d8b6a2b__cycle_1,,R7,Ricardone → San Lorenzo,VALIDO,,2026-06-23T00:28:40.872586-03:00,2026-06-23T07:40:28.202991-03:00,431.79,126.75,9.90,295.14,MIXTO,R7_MIXTO,8
bd430da0-b891-49eb-abf1-5ffe7ae335e0__cycle_1,,R7,Ricardone → San Lorenzo,VALIDO,COMPLETO,2026-06-23T00:31:40.498868-03:00,2026-06-23T02:57:34.998853-03:00,145.91,134.59,11.32,0.00,MIXTO,R7_MIXTO,5
ff9bb265-6ad7-4c93-a57f-3f446065d4dd,,R7,Ricardone → San Lorenzo,VALIDO,DEDUCIDO,2026-06-23T00:32:10.529204-03:00,2026-06-23T00:46:07.10729-03:00,13.94,13.94,0.00,0.00,MIXTO,R7_MIXTO,3
3989e66b-2ce1-403e-b98f-a1636ad88fe0,,R7,Ricardone → San Lorenzo,VALIDO,DEDUCIDO,2026-06-23T00:34:00.500221-03:00,2026-06-23T02:42:16.058514-03:00,128.26,128.26,0.00,0.00,MIXTO,R7_MIXTO,3
a331d676-ff76-4e33-88f1-3c2695b86f33,,R7,Ricardone → San Lorenzo,VALIDO,,2026-06-23T00:40:05.500693-03:00,2026-06-23T09:13:08.435663-03:00,513.05,124.76,8.23,380.06,MIXTO,R7_MIXTO,8
7e484a7b-0be8-451e-8f8b-18cd8bb3c71e__cycle_1,,R7,Ricardone → San Lorenzo,VALIDO,,2026-06-23T00:48:20.468033-03:00,2026-06-23T08:49:23.453417-03:00,481.05,114.34,8.98,357.73,MIXTO,R7_MIXTO,8
fe0e617e-52fb-4f3f-a316-bfcee7082c66,,R7,Ricardone → San Lorenzo,VALIDO,,2026-06-23T00:48:55.494443-03:00,2026-06-23T09:35:08.723553-03:00,526.22,124.51,6.98,394.73,MIXTO,R7_MIXTO,7
ed66739d-eaf8-4dc7-afda-3d51df961cf5,,R7,Ricardone → San Lorenzo,VALIDO,DEDUCIDO,2026-06-23T00:50:50.562208-03:00,2026-06-23T02:55:36.26575-03:00,124.76,124.76,0.00,0.00,MIXTO,R7_MIXTO,3
c18e0b66-cc94-4b32-84a6-24314b69ff49,,R7,Ricardone → San Lorenzo,VALIDO,DEDUCIDO,2026-06-23T00:52:25.50955-03:00,2026-06-23T02:58:41.072805-03:00,126.26,126.26,0.00,0.00,MIXTO,R7_MIXTO,3
d6ed85a8-8e88-4ec0-8486-c565a3d6280d__cycle_1,,R7,Ricardone → San Lorenzo,VALIDO,DEDUCIDO,2026-06-23T00:54:10.650976-03:00,2026-06-23T03:07:04.881475-03:00,132.90,0.00,0.00,0.00,MIXTO,R7_MIXTO,3
39a78cae-a3db-47a2-bdac-8c00b7cebd33__cycle_1,,R7,Ricardone → San Lorenzo,VALIDO,COMPLETO,2026-06-23T00:58:50.450252-03:00,2026-06-23T02:55:01.068949-03:00,116.18,116.18,0.00,0.00,MIXTO,R7_MIXTO,4
b0f90817-c752-4a4b-a177-88af7c5c4156,,R7,Ricardone → San Lorenzo,VALIDO,,2026-06-23T00:59:21.388577-03:00,2026-06-23T02:59:11.577645-03:00,119.84,119.84,0.00,0.00,MIXTO,R7_MIXTO,2
92db9b9d-2723-4171-b8de-ae4da6923652__cycle_1,,R7,Ricardone → San Lorenzo,VALIDO,COMPLETO,2026-06-23T01:04:30.469481-03:00,2026-06-23T03:18:29.898267-03:00,133.99,122.09,11.90,0.00,MIXTO,R7_MIXTO,5
7055df34-af9d-49c7-b71d-9cce5133a81c,,R7,Ricardone → San Lorenzo,VALIDO,DEDUCIDO,2026-06-23T01:14:20.828611-03:00,2026-06-23T03:04:21.08165-03:00,110.00,110.00,0.00,0.00,MIXTO,R7_MIXTO,3
b1ebb753-0504-42ae-b30c-88c0b9669671__cycle_1,,R7,Ricardone → San Lorenzo,VALIDO,COMPLETO,2026-06-23T01:17:55.585752-03:00,2026-06-23T03:56:14.920965-03:00,158.32,147.42,10.90,0.00,MIXTO,R7_MIXTO,5
5c61036c-6f81-4e97-bde6-5946cf8c8b0f,,R7,Ricardone → San Lorenzo,VALIDO,,2026-06-23T01:24:40.491954-03:00,2026-06-23T09:50:23.558184-03:00,505.72,140.01,9.15,356.56,MIXTO,R7_MIXTO,6
9c1b5daa-c688-4c70-a081-ae87806ecdd9,,R7,Ricardone → San Lorenzo,VALIDO,DEDUCIDO,2026-06-23T01:24:55.465898-03:00,2026-06-23T03:40:56.090074-03:00,136.01,136.01,0.00,0.00,MIXTO,R7_MIXTO,3
8308a1ef-38cb-4322-9999-5d1dea1b5e23,,R7,Ricardone → San Lorenzo,VALIDO,DEDUCIDO,2026-06-23T01:26:55.50199-03:00,2026-06-23T04:01:21.379202-03:00,154.43,154.43,0.00,0.00,MIXTO,R7_MIXTO,3
d0efa704-421c-4df0-aba3-6c27763b232a__cycle_1,,R7,Ricardone → San Lorenzo,VALIDO,COMPLETO,2026-06-23T01:39:50.744723-03:00,2026-06-23T04:05:14.90638-03:00,145.40,136.34,9.06,0.00,MIXTO,R7_MIXTO,5
d1bdf337-9f74-490d-b131-c18b1cb8d3c6__cycle_1,,R7,Ricardone → San Lorenzo,VALIDO,,2026-06-23T01:46:05.538646-03:00,2026-06-23T09:58:43.579026-03:00,492.63,130.51,9.48,352.64,MIXTO,R7_MIXTO,7
597000e4-cc7b-4ae1-b27b-37d58aa11df0,,R7,Ricardone → San Lorenzo,VALIDO,,2026-06-23T01:49:05.535679-03:00,2026-06-23T03:50:46.081472-03:00,121.68,121.68,0.00,0.00,MIXTO,R7_MIXTO,2
b96a5d2f-0758-4a03-8b0e-2d3d078297f4,,R7,Ricardone → San Lorenzo,VALIDO,DEDUCIDO,2026-06-23T01:56:30.519227-03:00,2026-06-23T04:11:51.084476-03:00,135.34,135.34,0.00,0.00,MIXTO,R7_MIXTO,3
ea912b4d-7fde-42c4-846d-a4e15ca811da__cycle_1,,R7,Ricardone → San Lorenzo,VALIDO,,2026-06-23T02:10:24.666416-03:00,2026-06-23T10:24:33.546428-03:00,494.15,165.20,11.14,317.81,MIXTO,R7_MIXTO,6
4e80019b-d0b3-4154-a7a2-8f9bbb5fd0b7,,R7,Ricardone → San Lorenzo,VALIDO,DEDUCIDO,2026-06-23T02:10:29.526593-03:00,2026-06-23T04:53:11.062152-03:00,162.69,162.69,0.00,0.00,MIXTO,R7_MIXTO,3
de863749-f22b-4ba2-b1f5-00490312c20b,,R7,Ricardone → San Lorenzo,VALIDO,DEDUCIDO,2026-06-23T02:14:44.632574-03:00,2026-06-23T05:01:31.05963-03:00,166.77,166.77,0.00,0.00,MIXTO,R7_MIXTO,3
e2ba59e4-914f-48a3-a0f4-1d0c917855c3,,R7,Ricardone → San Lorenzo,VALIDO,DEDUCIDO,2026-06-23T02:39:24.642106-03:00,2026-06-23T05:06:21.057995-03:00,146.94,146.94,0.00,0.00,MIXTO,R7_MIXTO,3
b5186394-eaeb-4e76-b6e4-4cf81ead7894,,R5,Recepción Volcable 1,VALIDO,DEDUCIDO,2026-06-23T02:53:09.648996-03:00,2026-06-23T04:15:33.254809-03:00,82.39,,,,,,5
8eb9e75a-7db8-48d8-aaeb-aaed418096e0,,R7,Ricardone → San Lorenzo,VALIDO,,2026-06-23T02:55:39.645538-03:00,2026-06-23T10:43:43.594179-03:00,468.07,139.19,12.73,316.14,MIXTO,R7_MIXTO,7
5599b647-aa1c-4428-903e-d4d3ca5085c5,,R7,Ricardone → San Lorenzo,VALIDO,,2026-06-23T02:56:09.648357-03:00,2026-06-23T10:44:23.549137-03:00,468.23,141.19,12.65,314.39,MIXTO,R7_MIXTO,6
ecac1e95-5dc5-4508-8ea8-43c17c07950a__cycle_1,,R7,Ricardone → San Lorenzo,VALIDO,,2026-06-23T03:00:34.590947-03:00,2026-06-23T10:58:53.647209-03:00,478.32,137.78,12.73,327.81,MIXTO,R7_MIXTO,7
b35cf30b-d569-4e5a-9053-5af99ebf8a3e,,R7,Ricardone → San Lorenzo,VALIDO,COMPLETO,2026-06-23T03:07:54.612858-03:00,2026-06-23T05:26:01.088555-03:00,138.11,138.11,0.00,0.00,MIXTO,R7_MIXTO,5
53701645-faeb-4377-a87c-9e04ae8ce13f__cycle_1,,R7,Ricardone → San Lorenzo,VALIDO,,2026-06-23T03:11:24.590431-03:00,2026-06-23T10:48:18.663535-03:00,456.90,129.44,11.23,316.23,MIXTO,R7_MIXTO,7
b3f6bd37-771b-4318-bdee-1ad84d8db242,,R7,Ricardone → San Lorenzo,VALIDO,DEDUCIDO,2026-06-23T03:15:44.664182-03:00,2026-06-23T05:26:46.062539-03:00,131.02,131.02,0.00,0.00,MIXTO,R7_MIXTO,3
d943b7e9-e73b-4229-b080-1077c366c963,,R7,Ricardone → San Lorenzo,VALIDO,DEDUCIDO,2026-06-23T04:13:39.583383-03:00,2026-06-23T05:35:16.059913-03:00,81.61,81.61,0.00,0.00,MIXTO,R7_MIXTO,3
5a50bb1f-b61a-46f1-8d60-d170aa2c8547__cycle_1,,R7,Ricardone → San Lorenzo,VALIDO,,2026-06-23T04:26:49.566445-03:00,2026-06-23T11:24:18.661961-03:00,417.48,71.77,10.56,335.15,MIXTO,R7_MIXTO,8
2364f112-b78a-47c9-8c60-41c4d3780e28,,R7,Ricardone → San Lorenzo,VALIDO,DEDUCIDO,2026-06-23T05:02:54.551248-03:00,2026-06-23T05:36:56.060412-03:00,34.03,34.03,0.00,0.00,MIXTO,R7_MIXTO,3
1912aa65-43e4-4e82-bbcd-df8e285c9201__cycle_1,,R7,Ricardone → San Lorenzo,VALIDO,,2026-06-23T05:05:46.104624-03:00,2026-06-23T11:16:08.682064-03:00,370.38,30.83,11.08,328.46,MIXTO,R7_MIXTO,6
59eb7820-4a98-4416-a18b-56f324a63c88,,R7,Ricardone → San Lorenzo,VALIDO,,2026-06-23T05:07:29.559917-03:00,2026-06-23T11:37:33.673257-03:00,390.07,0.00,0.00,337.31,MIXTO,R7_MIXTO,5
d6947f31-f926-4a8d-bc4c-7ec3276629cb,,R7,Ricardone → San Lorenzo,VALIDO,,2026-06-23T05:07:54.582736-03:00,2026-06-23T11:31:28.687844-03:00,383.57,0.00,0.00,330.56,MIXTO,R7_MIXTO,6
2dc09ac8-0266-4571-8e6c-015da59006e0__cycle_1,,R7,Ricardone → San Lorenzo,VALIDO,,2026-06-23T05:09:14.563874-03:00,2026-06-23T11:32:58.644728-03:00,383.73,0.00,0.00,330.65,MIXTO,R7_MIXTO,5
6d8d1c2d-8b21-429a-bd24-3d5698fe7630__cycle_1,,R7,Ricardone → San Lorenzo,VALIDO,,2026-06-23T05:22:40.542674-03:00,2026-06-23T11:35:23.700085-03:00,372.72,0.00,0.00,326.56,MIXTO,R7_MIXTO,5
b2e8cb31-0ae5-4c89-a498-29f8f1eca7d5__cycle_2,,R7,Ricardone → San Lorenzo,VALIDO,,2026-06-23T05:40:24.555035-03:00,2026-06-23T11:31:48.674854-03:00,351.40,0.00,0.00,194.06,MIXTO,R7_MIXTO,6
07fcdfdb-bc60-4c49-91a4-f87ff2df073f__cycle_2,,R7,Ricardone → San Lorenzo,VALIDO,,2026-06-23T05:40:39.585735-03:00,2026-06-23T11:40:48.656645-03:00,360.15,0.00,0.00,201.31,MIXTO,R7_MIXTO,5
008d5a0d-9b63-4367-b162-a2040b2b3d1c,,R7,Ricardone → San Lorenzo,VALIDO,,2026-06-23T05:40:54.550097-03:00,2026-06-23T11:42:48.645319-03:00,361.90,0.00,0.00,202.73,MIXTO,R7_MIXTO,5
baa165af-2cea-4042-b454-6d80271971eb,,R5,Recepción Volcable 1,VALIDO,DEDUCIDO,2026-06-23T07:01:04.604501-03:00,2026-06-23T09:20:03.223166-03:00,138.98,,,,,,5
a585238d-2d1c-4080-bbb4-20ae4fde865e__cycle_3,,R8,Recepción Mercadería Líquida,VALIDO,DEDUCIDO,2026-06-23T07:13:14.547956-03:00,2026-06-23T07:49:51.118232-03:00,36.61,,,,,,4
320e5fd0-aa61-404e-a729-7f4b32ea3bba__cycle_1,,R7,Ricardone → San Lorenzo,VALIDO,,2026-06-23T07:28:04.542397-03:00,2026-06-23T12:16:53.775493-03:00,288.82,0.00,0.00,194.82,MIXTO,R7_MIXTO,6
67018a0a-fb94-4dfb-baa9-d6ab9c6924e3,,R7,Ricardone → San Lorenzo,VALIDO,,2026-06-23T07:29:44.642074-03:00,2026-06-23T12:20:33.810858-03:00,290.82,0.00,0.00,197.48,MIXTO,R7_MIXTO,5
13e8c0e2-0ddc-4b33-981d-89f03b10932b__cycle_1,,R7,Ricardone → San Lorenzo,VALIDO,,2026-06-23T07:31:44.551501-03:00,2026-06-23T12:22:33.755403-03:00,290.82,0.00,0.00,198.90,MIXTO,R7_MIXTO,5
04c6e4b4-b80d-4f90-b668-1ad0303df927__cycle_1,,R7,Ricardone → San Lorenzo,VALIDO,,2026-06-23T07:46:34.601576-03:00,2026-06-23T12:40:18.79441-03:00,293.74,0.00,0.00,211.15,MIXTO,R7_MIXTO,7
6f203fec-0f55-4cf1-a7a5-0429f7d8693b,,R7,Ricardone → San Lorenzo,VALIDO,,2026-06-23T07:48:19.589774-03:00,2026-06-23T12:51:38.787446-03:00,303.32,0.00,0.00,205.23,MIXTO,R7_MIXTO,7
7301ef2d-ca2b-4e0c-9193-e0903c964bc9__cycle_1,,R7,Ricardone → San Lorenzo,VALIDO,,2026-06-23T07:50:41.582513-03:00,2026-06-23T12:43:58.766456-03:00,293.29,0.00,0.00,198.48,MIXTO,R7_MIXTO,6
21bcca54-b297-4f31-918f-6261b8b11f7d,,R7,Ricardone → San Lorenzo,VALIDO,,2026-06-23T07:57:19.926931-03:00,2026-06-23T12:46:38.762783-03:00,289.31,0.00,0.00,196.81,MIXTO,R7_MIXTO,5
0ec3cf46-f1a9-44c8-b54d-8d7188e0ed87__cycle_2,,R7,Ricardone → San Lorenzo,VALIDO,,2026-06-23T08:06:24.533292-03:00,2026-06-23T12:54:18.759138-03:00,287.90,0.00,0.00,198.23,MIXTO,R7_MIXTO,7
53a4430b-a99d-42d5-b64b-55e5b281f190__cycle_1,,R7,Ricardone → San Lorenzo,VALIDO,,2026-06-23T08:06:39.539433-03:00,2026-06-23T13:06:48.760875-03:00,300.15,0.00,0.00,188.06,MIXTO,R7_MIXTO,5
efaed7c6-34f2-430b-93b7-3a839b242f27__cycle_2,,R8,Recepción Mercadería Líquida,VALIDO,DEDUCIDO,2026-06-23T08:08:44.526369-03:00,2026-06-23T11:17:18.627668-03:00,188.57,,,,,,4
076dd2b3-f7e1-4799-b6c4-9db3700ef0df,,R7,Ricardone → San Lorenzo,VALIDO,,2026-06-23T08:10:29.581057-03:00,2026-06-23T13:22:43.932021-03:00,312.24,0.00,0.00,216.57,MIXTO,R7_MIXTO,7
511af43d-a6d6-494b-b2fa-2b4d91b2ec71__cycle_2,,R8,Recepción Mercadería Líquida,VALIDO,DEDUCIDO,2026-06-23T08:12:09.519092-03:00,2026-06-23T14:04:05.193573-03:00,351.93,,,,,,5
1c27ad66-8386-4f0d-b1cd-52ed0518df85__cycle_1,,R7,Ricardone → San Lorenzo,VALIDO,,2026-06-23T08:13:34.526228-03:00,2026-06-23T13:07:29.549658-03:00,293.92,0.00,0.00,208.24,MIXTO,R7_MIXTO,6
5c755863-5721-4459-806e-175cf9146f0d__cycle_1,,R7,Ricardone → San Lorenzo,VALIDO,,2026-06-23T08:13:49.527362-03:00,2026-06-23T13:08:23.767908-03:00,294.57,0.00,0.00,206.82,MIXTO,R7_MIXTO,7
99a9e568-a681-426e-b9d5-c1fb7884da1a__cycle_1,,R8,Recepción Mercadería Líquida,VALIDO,DEDUCIDO,2026-06-23T08:18:59.536657-03:00,2026-06-23T08:49:20.854028-03:00,30.36,,,,,,4
e1db7bb5-1832-4473-863d-7b89e808bf64__cycle_1,,R7,Ricardone → San Lorenzo,VALIDO,,2026-06-23T08:25:04.536812-03:00,2026-06-23T13:23:08.885822-03:00,298.07,0.00,0.00,210.15,MIXTO,R7_MIXTO,5
34ddfa18-4572-435e-9295-608e769e1fac,,R7,Ricardone → San Lorenzo,VALIDO,,2026-06-23T08:30:39.598036-03:00,2026-06-23T13:27:18.870309-03:00,296.65,0.00,0.00,213.32,MIXTO,R7_MIXTO,7
98e30b8d-60c0-47d5-a04a-5c3617c0c7b7__cycle_2,,R8,Recepción Mercadería Líquida,VALIDO,DEDUCIDO,2026-06-23T08:33:50.212436-03:00,2026-06-23T09:01:19.854676-03:00,27.49,,,,,,4
2b350602-d6bf-45ab-98ca-d92689c2e8a6__cycle_2,,R8,Recepción Mercadería Líquida,VALIDO,DEDUCIDO,2026-06-23T08:34:13.303707-03:00,2026-06-23T10:40:08.535044-03:00,125.92,,,,,,4
c63424ad-669c-44c8-b1fa-de23b3a79d24,,R7,Ricardone → San Lorenzo,VALIDO,,2026-06-23T08:36:59.679981-03:00,2026-06-23T13:25:53.90002-03:00,288.90,0.00,0.00,209.15,MIXTO,R7_MIXTO,5
d54dd190-bc38-4116-8ba3-2a7e290a94bb,,R7,Ricardone → San Lorenzo,VALIDO,,2026-06-23T08:40:24.774047-03:00,2026-06-23T13:48:08.937265-03:00,307.74,0.00,0.00,225.15,MIXTO,R7_MIXTO,6
feb5cd7f-45a3-4220-babe-687f13af3800__cycle_1,,R7,Ricardone → San Lorenzo,VALIDO,,2026-06-23T08:54:34.532272-03:00,2026-06-23T13:40:23.85964-03:00,285.82,0.00,0.00,211.15,MIXTO,R7_MIXTO,5
21b0d1f0-282b-400a-a822-5e5de02fc70c__cycle_2,,R7,Ricardone → San Lorenzo,VALIDO,,2026-06-23T09:06:09.530611-03:00,2026-06-23T13:31:53.883055-03:00,265.74,0.00,0.00,206.82,MIXTO,R7_MIXTO,5
a72eaa2c-c166-41d5-9a50-cf5369b304f2__cycle_1,,R7,Ricardone → San Lorenzo,VALIDO,,2026-06-23T09:09:44.567305-03:00,2026-06-23T13:41:49.699533-03:00,272.09,0.00,0.00,187.08,MIXTO,R7_MIXTO,5
1efb3980-47d1-4008-83c6-fe44ce00f39a,,R7,Ricardone → San Lorenzo,VALIDO,,2026-06-23T09:11:09.6053-03:00,2026-06-23T13:46:44.001616-03:00,275.57,0.00,0.00,190.73,MIXTO,R7_MIXTO,5
bfe3f059-f0cb-407f-b428-791fc324ff1b,,R7,Ricardone → San Lorenzo,VALIDO,,2026-06-23T09:18:29.522782-03:00,2026-06-23T13:50:08.880657-03:00,271.66,0.00,0.00,193.15,MIXTO,R7_MIXTO,5
76580d55-a794-4436-9536-c99ac6005d37__cycle_1,,R8,Recepción Mercadería Líquida,VALIDO,DEDUCIDO,2026-06-23T09:21:09.587646-03:00,2026-06-23T10:42:20.798538-03:00,81.19,,,,,,4
01c5a7ba-a8d2-48e8-98c0-db8e08da2f0c,,R7,Ricardone → San Lorenzo,VALIDO,,2026-06-23T09:21:24.58657-03:00,2026-06-23T13:50:43.866694-03:00,269.32,0.00,0.00,193.32,MIXTO,R7_MIXTO,5
5e3b39c8-9390-4f33-b0f7-a2be8e41f5d4,,R7,Ricardone → San Lorenzo,VALIDO,,2026-06-23T09:23:44.540458-03:00,2026-06-23T13:55:08.927503-03:00,271.41,0.00,0.00,194.48,MIXTO,R7_MIXTO,5
83f5bd92-fb3a-4b7c-b6f5-2da7006bb413__cycle_1,,R7,Ricardone → San Lorenzo,VALIDO,,2026-06-23T09:26:59.553745-03:00,2026-06-23T14:07:08.897108-03:00,280.16,0.00,0.00,194.15,MIXTO,R7_MIXTO,6
a0ad5929-0134-4be7-83ab-6304aa700823__cycle_2,,R8,Recepción Mercadería Líquida,VALIDO,DEDUCIDO,2026-06-23T09:32:34.551682-03:00,2026-06-23T16:21:54.113686-03:00,409.33,,,,,,6
1b0b80dc-5ab9-4772-893c-49e0835ad70d,,R8,Recepción Mercadería Líquida,VALIDO,DEDUCIDO,2026-06-23T09:33:59.53951-03:00,2026-06-23T13:48:15.85747-03:00,254.27,,,,,,5
1cf849a7-fa31-45db-a4d9-8f21e37e26a5__cycle_1,,R7,Ricardone → San Lorenzo,VALIDO,,2026-06-23T09:35:34.532395-03:00,2026-06-23T14:04:26.941032-03:00,268.87,0.00,0.00,190.53,MIXTO,R7_MIXTO,5
5f45dbd2-ecf6-434e-8f52-097a8ddabfac__cycle_1,,R7,Ricardone → San Lorenzo,VALIDO,,2026-06-23T09:38:49.980149-03:00,2026-06-23T13:59:48.876721-03:00,260.98,0.00,0.00,187.98,MIXTO,R7_MIXTO,6
daaa8702-0557-41b9-9416-fabd8896f39c,,R7,Ricardone → San Lorenzo,VALIDO,,2026-06-23T09:41:39.606433-03:00,2026-06-23T14:05:48.882158-03:00,264.15,0.00,0.00,185.82,MIXTO,R7_MIXTO,5
23949fc5-fab6-4828-b50d-e682c744e386,,R7,Ricardone → San Lorenzo,VALIDO,,2026-06-23T09:43:19.619993-03:00,2026-06-23T14:11:13.885926-03:00,267.90,0.00,0.00,186.40,MIXTO,R7_MIXTO,5
1f5230cf-40af-4510-b143-98b3259ea1f9,,R7,Ricardone → San Lorenzo,VALIDO,,2026-06-23T09:43:49.591889-03:00,2026-06-23T13:08:11.209739-03:00,204.36,0.00,0.00,124.61,MIXTO,R7_MIXTO,5
f485f65b-10a8-4604-a7f1-e8977ac39440,,R7,Ricardone → San Lorenzo,VALIDO,,2026-06-23T10:14:19.527685-03:00,2026-06-23T14:30:18.980007-03:00,255.99,0.00,0.00,151.32,MIXTO,R7_MIXTO,7
44d09b18-9748-436f-b736-48b76dba676f,,R7,Ricardone → San Lorenzo,VALIDO,,2026-06-23T10:15:54.541726-03:00,2026-06-23T16:46:24.298505-03:00,390.50,0.00,0.00,318.24,MIXTO,R7_MIXTO,7
4799178c-2bf9-4649-a849-aa52366a68a7__cycle_1,,R7,Ricardone → San Lorenzo,VALIDO,,2026-06-23T11:01:54.528595-03:00,2026-06-23T17:39:19.220088-03:00,397.41,0.00,0.00,348.07,MIXTO,R7_MIXTO,6
2213ad29-5a46-434e-a8ee-8bee8bf2278f__cycle_2,,R8,Recepción Mercadería Líquida,VALIDO,DEDUCIDO,2026-06-23T11:03:14.520826-03:00,2026-06-23T13:30:58.759241-03:00,147.74,,,,,,4
8e63c000-44a1-405b-95c8-4d00cbd6ec9b__cycle_2,,R8,Recepción Mercadería Líquida,VALIDO,DEDUCIDO,2026-06-23T11:10:49.51841-03:00,2026-06-23T14:11:28.864164-03:00,180.66,,,,,,5
2da79ef8-bed2-4ae9-a1cf-9713bb44d529__cycle_2,,R7,Ricardone → San Lorenzo,VALIDO,,2026-06-23T11:11:54.51539-03:00,2026-06-23T14:47:03.976893-03:00,215.16,0.00,0.00,152.82,MIXTO,R7_MIXTO,5
2814dad5-8098-4453-8e39-e3badba9817d__cycle_2,,R8,Recepción Mercadería Líquida,VALIDO,DEDUCIDO,2026-06-23T11:57:47.771947-03:00,2026-06-24T03:20:10.188658-03:00,922.37,,,,,,8
1171ddb9-41ce-4dd7-a9e3-dc3cae16bfa8,,R7,Ricardone → San Lorenzo,VALIDO,,2026-06-23T13:09:18.873215-03:00,2026-06-23T14:42:06.498819-03:00,92.79,0.00,0.00,13.32,MIXTO,R7_MIXTO,9
67851a26-0f52-4063-9ccb-f29cec07fb2e,,R7,Ricardone → San Lorenzo,VALIDO,,2026-06-23T15:12:59.597833-03:00,2026-06-23T18:42:06.809451-03:00,209.12,0.00,0.00,99.53,MIXTO,R7_MIXTO,7
cd749604-eb40-48bb-92dd-de142a2a1aac,,R7,Ricardone → San Lorenzo,VALIDO,,2026-06-23T15:16:44.609821-03:00,2026-06-23T18:50:54.376329-03:00,214.16,0.00,0.00,101.83,MIXTO,R7_MIXTO,6
dc2b9e5b-8262-4984-a6ae-427d6b2fb3bc,,R7,Ricardone → San Lorenzo,VALIDO,DEDUCIDO,2026-06-23T15:18:19.578407-03:00,2026-06-23T17:11:29.809766-03:00,113.17,0.00,0.00,0.00,MIXTO,R7_MIXTO,4
326f7537-28ae-4217-86c1-f454cb617846__cycle_1,,R8,Recepción Mercadería Líquida,VALIDO,DEDUCIDO,2026-06-23T15:18:39.582948-03:00,2026-06-23T18:32:49.338242-03:00,194.16,,,,,,5
444413fa-b128-4ae1-b4e6-729eadd815ac__cycle_1,,R7,Ricardone → San Lorenzo,VALIDO,,2026-06-23T15:29:09.600352-03:00,2026-06-23T21:35:19.627767-03:00,366.17,0.00,0.00,262.16,MIXTO,R7_MIXTO,5
5414fba2-a3f0-4975-8aff-b9aaa826aea9,,R7,Ricardone → San Lorenzo,VALIDO,,2026-06-23T15:32:54.594416-03:00,2026-06-23T18:56:04.414569-03:00,203.16,0.00,0.00,98.91,MIXTO,R7_MIXTO,5
c32760c9-66c1-4f71-8004-1b77e2220de1__cycle_1,,R7,Ricardone → San Lorenzo,VALIDO,,2026-06-23T15:43:24.550266-03:00,2026-06-23T19:00:54.363345-03:00,197.50,0.00,0.00,98.66,MIXTO,R7_MIXTO,5
12fdf49d-c620-486c-a48e-1e628a58302e__cycle_1,,R7,Ricardone → San Lorenzo,VALIDO,DEDUCIDO,2026-06-23T15:46:34.535878-03:00,2026-06-23T20:18:39.79361-03:00,272.09,0.00,0.00,0.00,MIXTO,R7_MIXTO,4
0eb77b1b-9222-41a5-9eba-a1a81ab098b5__cycle_1,,R7,Ricardone → San Lorenzo,VALIDO,DEDUCIDO,2026-06-23T15:50:54.582772-03:00,2026-06-23T20:21:04.782664-03:00,270.17,0.00,0.00,0.00,MIXTO,R7_MIXTO,4
42607133-a020-44d4-a3c4-aae48399dac6__cycle_1,,R7,Ricardone → San Lorenzo,VALIDO,,2026-06-23T15:51:06.020922-03:00,2026-06-23T23:52:49.738199-03:00,481.73,0.00,0.00,481.73,MIXTO,R7_MIXTO,5
a5013a9b-0170-44f1-9af9-6ff495e4c201,,R7,Ricardone → San Lorenzo,VALIDO,,2026-06-23T15:53:04.581253-03:00,2026-06-23T19:48:49.456125-03:00,235.75,0.00,0.00,129.41,MIXTO,R7_MIXTO,8
c8468462-0a5a-4863-bc47-d6d57b0dd435,,R7,Ricardone → San Lorenzo,VALIDO,,2026-06-23T15:55:04.553082-03:00,2026-06-23T19:06:59.388529-03:00,191.91,0.00,0.00,90.08,MIXTO,R7_MIXTO,5
ef15ab9c-4dad-40cd-9542-331ad5d4748e,,R7,Ricardone → San Lorenzo,VALIDO,DEDUCIDO,2026-06-23T16:01:04.601215-03:00,2026-06-23T17:40:29.828238-03:00,99.42,0.00,0.00,0.00,MIXTO,R7_MIXTO,4
6d5d2483-ccfa-4041-a075-66f3f147ebf8,,R7,Ricardone → San Lorenzo,VALIDO,DEDUCIDO,2026-06-23T16:01:14.587878-03:00,2026-06-23T17:40:54.811996-03:00,99.67,0.00,0.00,0.00,MIXTO,R7_MIXTO,4
928f6844-383f-4427-8585-5568feb9a3ce,,R7,Ricardone → San Lorenzo,VALIDO,,2026-06-23T16:01:29.611417-03:00,2026-06-23T19:54:09.487267-03:00,232.66,0.00,0.00,132.58,MIXTO,R7_MIXTO,7
b2af27a9-7a0a-4d10-a85f-6286b54cc9da__cycle_1,,R7,Ricardone → San Lorenzo,VALIDO,,2026-06-23T16:12:54.599347-03:00,2026-06-23T21:42:49.574532-03:00,329.92,0.00,0.00,232.33,MIXTO,R7_MIXTO,6
8a87c463-49b3-4808-874d-5e796454206f,,R7,Ricardone → San Lorenzo,VALIDO,,2026-06-23T16:14:29.580583-03:00,2026-06-23T19:57:49.463239-03:00,223.33,0.00,0.00,128.49,MIXTO,R7_MIXTO,6
a9f73415-6ff4-485e-aca9-fed90197df65,,R7,Ricardone → San Lorenzo,VALIDO,,2026-06-23T16:16:44.609091-03:00,2026-06-23T20:12:04.52543-03:00,235.33,0.00,0.00,126.33,MIXTO,R7_MIXTO,5
7e2cd773-1d7a-4313-8735-1b24303d1a56,,R7,Ricardone → San Lorenzo,VALIDO,,2026-06-23T16:18:09.546067-03:00,2026-06-23T20:05:54.481543-03:00,227.75,0.00,0.00,125.91,MIXTO,R7_MIXTO,5
4a19c4b5-778d-4757-96ce-4147edc0bcac__cycle_1,,R7,Ricardone → San Lorenzo,VALIDO,,2026-06-23T16:18:39.541073-03:00,2026-06-23T22:11:59.602328-03:00,353.33,0.00,0.00,242.08,MIXTO,R7_MIXTO,5
e7f382cd-7c45-4931-b1dd-ad7ec33223ed,,R7,Ricardone → San Lorenzo,VALIDO,,2026-06-23T16:18:49.562262-03:00,2026-06-23T20:12:54.55351-03:00,234.08,0.00,0.00,121.41,MIXTO,R7_MIXTO,5
1ead9f6b-3b2b-4951-8f99-52a3c1ef32fc,,R7,Ricardone → San Lorenzo,VALIDO,,2026-06-23T16:23:29.563567-03:00,2026-06-23T21:55:29.633329-03:00,332.00,0.00,0.00,229.00,MIXTO,R7_MIXTO,7
ea56bb0c-ae4c-4d3d-b92b-508751aa5294__cycle_1,,R7,Ricardone → San Lorenzo,VALIDO,,2026-06-23T16:24:19.686739-03:00,2026-06-23T21:43:59.59101-03:00,319.67,0.00,0.00,219.83,MIXTO,R7_MIXTO,5
2dfa367d-f51a-46ed-8fe9-9fd598634846__cycle_1,,R5,Recepción Volcable 1,VALIDO,DEDUCIDO,2026-06-23T16:24:34.66563-03:00,2026-06-23T20:38:13.183974-03:00,253.64,,,,,,5
dc255bdc-0e6f-4962-b692-a1e21b336900__cycle_1,,R7,Ricardone → San Lorenzo,VALIDO,,2026-06-23T16:25:29.773084-03:00,2026-06-23T22:03:49.576183-03:00,338.33,0.00,0.00,234.83,MIXTO,R7_MIXTO,6
a66cde94-a0d6-45f2-850e-83495afe022f,,R7,Ricardone → San Lorenzo,VALIDO,,2026-06-23T16:26:34.622722-03:00,2026-06-23T20:08:04.481761-03:00,221.50,0.00,0.00,123.08,MIXTO,R7_MIXTO,5
38a60e2e-11fd-48f7-87cf-9dd7b2db2402,,R7,Ricardone → San Lorenzo,VALIDO,,2026-06-23T16:32:39.627239-03:00,2026-06-23T20:31:19.479289-03:00,238.66,0.00,0.00,133.08,MIXTO,R7_MIXTO,5
9630957a-ecc5-4e68-9959-05a79e9d7e1d__cycle_1,,R8,Recepción Mercadería Líquida,VALIDO,DEDUCIDO,2026-06-23T16:32:59.550293-03:00,2026-06-23T19:45:24.392784-03:00,192.41,,,,,,6
65c0a170-1a18-4653-8626-cae54483ec1b,,R7,Ricardone → San Lorenzo,VALIDO,,2026-06-23T16:37:34.631048-03:00,2026-06-23T20:18:39.459648-03:00,221.08,0.00,0.00,127.99,MIXTO,R7_MIXTO,5
2e05866c-5a79-4cf1-912c-57e863f4cd58,,R7,Ricardone → San Lorenzo,VALIDO,,2026-06-23T16:50:39.59805-03:00,2026-06-23T20:36:39.455367-03:00,226.00,0.00,0.00,136.99,MIXTO,R7_MIXTO,6
de606c0c-c3e9-473d-9851-b6669f2fda4d,,R7,Ricardone → San Lorenzo,VALIDO,,2026-06-23T16:56:19.629382-03:00,2026-06-23T20:34:14.511635-03:00,217.91,0.00,0.00,127.66,MIXTO,R7_MIXTO,5
670982a3-10fc-46a6-b902-3c6c40cdce6e,,R7,Ricardone → San Lorenzo,VALIDO,,2026-06-23T16:57:29.540878-03:00,2026-06-24T02:49:55.050892-03:00,592.43,0.00,0.00,286.09,MIXTO,R7_MIXTO,6
d28865a6-dabd-4224-9ce8-a79b8dbb6441__cycle_1,,R8,Recepción Mercadería Líquida,VALIDO,DEDUCIDO,2026-06-23T16:58:29.544767-03:00,2026-06-23T20:29:04.482126-03:00,210.58,,,,,,5
26b498d3-e524-4a97-9ed9-934f16206b40,,R7,Ricardone → San Lorenzo,VALIDO,,2026-06-23T16:59:04.574603-03:00,2026-06-23T21:00:19.536016-03:00,241.25,0.00,0.00,137.24,MIXTO,R7_MIXTO,6
3c7e0456-fcd8-4dee-ab0b-98f63f651db9__cycle_2,,R7,Ricardone → San Lorenzo,VALIDO,,2026-06-23T17:00:54.584431-03:00,2026-06-23T20:45:39.469844-03:00,224.75,0.00,0.00,126.41,MIXTO,R7_MIXTO,6
1f641c44-8bbb-4cd0-a49b-571307576fe1,,R7,Ricardone → San Lorenzo,VALIDO,,2026-06-23T17:08:44.583417-03:00,2026-06-23T20:50:54.598994-03:00,222.17,0.00,0.00,129.33,MIXTO,R7_MIXTO,5
ada11d58-0729-4036-86b2-0fa10eb71794,,R7,Ricardone → San Lorenzo,VALIDO,,2026-06-23T17:11:14.583824-03:00,2026-06-23T21:13:09.58028-03:00,241.92,0.00,0.00,133.91,MIXTO,R7_MIXTO,6
d8af9685-82f9-4006-92a1-ebede8fff718,,R7,Ricardone → San Lorenzo,VALIDO,DEDUCIDO,2026-06-23T17:13:39.568344-03:00,2026-06-23T19:54:54.749423-03:00,161.25,0.00,0.00,0.00,MIXTO,R7_MIXTO,3
5311aee7-8b0c-4161-9175-07f9ee841e3f,,R7,Ricardone → San Lorenzo,VALIDO,,2026-06-23T17:19:05.40072-03:00,2026-06-23T22:26:59.71247-03:00,307.91,0.00,0.00,147.83,MIXTO,R7_MIXTO,9
ac1e1d05-0b72-4cde-84c1-a3d678262065__cycle_1,,R7,Ricardone → San Lorenzo,VALIDO,DEDUCIDO,2026-06-23T17:21:54.600935-03:00,2026-06-23T19:59:44.772921-03:00,157.84,0.00,0.00,0.00,MIXTO,R7_MIXTO,4
eefe389e-4c81-4326-a95d-1fc8e3ccc96f,,R7,Ricardone → San Lorenzo,VALIDO,DEDUCIDO,2026-06-23T17:22:44.694626-03:00,2026-06-23T20:08:49.752141-03:00,166.08,0.00,0.00,0.00,MIXTO,R7_MIXTO,3
74db65f4-fbd3-4dc6-a18f-b5f45eb52d9c__cycle_2,,R7,Ricardone → San Lorenzo,VALIDO,,2026-06-23T17:23:59.551381-03:00,2026-06-24T01:03:44.926465-03:00,459.76,0.00,0.00,162.84,MIXTO,R7_MIXTO,6
1dfd522d-a58b-4c61-a28d-5d595938b60b,,R7,Ricardone → San Lorenzo,VALIDO,,2026-06-23T17:26:19.549249-03:00,2026-06-23T22:31:15.206884-03:00,304.93,0.00,0.00,147.51,MIXTO,R7_MIXTO,5
2fe49164-f017-4d1f-8ece-192d1e816703,,R7,Ricardone → San Lorenzo,VALIDO,,2026-06-23T17:32:04.597162-03:00,2026-06-23T22:44:34.736946-03:00,312.50,0.00,0.00,155.08,MIXTO,R7_MIXTO,6
583f3f6a-4294-4295-ad36-02a839e6f48a,,R7,Ricardone → San Lorenzo,VALIDO,,2026-06-23T17:42:49.622472-03:00,2026-06-23T22:47:44.697456-03:00,304.92,0.00,0.00,136.75,MIXTO,R7_MIXTO,5
b13be0e6-abf8-4ae6-b363-8a1ad3d7de38,,R7,Ricardone → San Lorenzo,VALIDO,,2026-06-23T17:43:19.615239-03:00,2026-06-23T22:52:44.745769-03:00,309.42,0.00,0.00,144.25,MIXTO,R7_MIXTO,6
3ca9dc95-c8f9-4bea-a0b6-772e0022b5ef__cycle_1,,R7,Ricardone → San Lorenzo,VALIDO,,2026-06-23T17:43:49.645794-03:00,2026-06-23T23:00:39.735824-03:00,316.83,0.00,0.00,147.42,MIXTO,R7_MIXTO,6
7f0076f3-590c-4c66-a433-83edaf4a9fef,,R7,Ricardone → San Lorenzo,VALIDO,,2026-06-23T17:52:14.626125-03:00,2026-06-23T23:07:49.710941-03:00,315.58,0.00,0.00,146.25,MIXTO,R7_MIXTO,6
e86fd02c-9ec9-43b3-8df4-815e23e2e398,,R7,Ricardone → San Lorenzo,VALIDO,,2026-06-23T17:53:24.567582-03:00,2026-06-23T23:06:49.727332-03:00,313.42,0.00,0.00,151.17,MIXTO,R7_MIXTO,5
c3624d57-f6b5-4ed5-9f25-a3af8c51fa99__cycle_1,,R7,Ricardone → San Lorenzo,VALIDO,,2026-06-23T17:59:09.609453-03:00,2026-06-23T23:14:24.723423-03:00,315.25,0.00,0.00,151.67,MIXTO,R7_MIXTO,5
324bd7a9-b6f1-4e17-9c4c-a819b5a3a646,,R7,Ricardone → San Lorenzo,VALIDO,,2026-06-23T18:02:34.591768-03:00,2026-06-23T23:18:49.713371-03:00,316.25,0.00,0.00,155.25,MIXTO,R7_MIXTO,5
61259e37-ab97-4f9f-8736-a1c7c836ee4c,,R7,Ricardone → San Lorenzo,VALIDO,DEDUCIDO,2026-06-23T18:11:14.625377-03:00,2026-06-23T20:54:04.853846-03:00,162.84,0.00,0.00,0.00,MIXTO,R7_MIXTO,4
68ac006d-fc85-42ab-8854-160d8c128227,,R7,Ricardone → San Lorenzo,VALIDO,,2026-06-23T18:12:09.587582-03:00,2026-06-24T03:18:00.187019-03:00,545.84,0.00,0.00,300.42,MIXTO,R7_MIXTO,6
54ca47a2-e2cd-44aa-bdcf-7e3a5a2e5a04__cycle_2,,R7,Ricardone → San Lorenzo,VALIDO,,2026-06-23T18:12:54.586727-03:00,2026-06-24T03:00:20.409455-03:00,527.43,0.00,0.00,288.18,MIXTO,R7_MIXTO,5
c6ad2684-38a1-4436-804d-dd2cc26d1119__cycle_1,,R7,Ricardone → San Lorenzo,VALIDO,,2026-06-23T18:14:14.552511-03:00,2026-06-23T23:39:29.80075-03:00,325.25,0.00,0.00,158.33,MIXTO,R7_MIXTO,7
bcc09140-1e3d-4300-b371-7ed023433c3e,,R7,Ricardone → San Lorenzo,VALIDO,,2026-06-23T18:29:14.559164-03:00,2026-06-24T02:59:10.110139-03:00,509.93,0.00,0.00,287.84,MIXTO,R7_MIXTO,6
2d6d1c88-7a75-495d-9930-26d1355fbf97__cycle_1,,R7,Ricardone → San Lorenzo,VALIDO,,2026-06-23T18:29:49.61656-03:00,2026-06-24T00:10:04.84669-03:00,340.25,0.00,0.00,169.00,MIXTO,R7_MIXTO,6
54737ba7-1318-486d-ba35-f103db74b560,,R5,Recepción Volcable 1,VALIDO,DEDUCIDO,2026-06-23T18:35:39.577403-03:00,2026-06-23T21:24:13.194774-03:00,168.56,,,,,,5
6b794549-2fb8-4804-9798-a0092162ef31,,R5,Recepción Volcable 1,VALIDO,DEDUCIDO,2026-06-23T18:35:59.589777-03:00,2026-06-23T21:44:28.190511-03:00,188.48,,,,,,5
2160415a-8334-44c0-bbc3-1446dcfa596b__cycle_1,,R7,Ricardone → San Lorenzo,VALIDO,,2026-06-23T18:43:09.546394-03:00,2026-06-24T03:56:40.236581-03:00,553.51,0.00,0.00,343.76,MIXTO,R7_MIXTO,6
5f129ebe-52b4-4bb9-8f88-6b0a10a2b939__cycle_1,,R7,Ricardone → San Lorenzo,VALIDO,,2026-06-23T18:44:24.565675-03:00,2026-06-24T00:58:59.922453-03:00,374.59,0.00,0.00,165.50,MIXTO,R7_MIXTO,5
fcd0bc92-c65b-4e95-9afe-c55a52d57409,,R7,Ricardone → San Lorenzo,VALIDO,,2026-06-23T18:49:14.619736-03:00,2026-06-24T00:16:34.820851-03:00,327.34,0.00,0.00,173.83,MIXTO,R7_MIXTO,6
01a14ed0-27f9-4e32-a376-5dd4b35f7d87,,R7,Ricardone → San Lorenzo,VALIDO,,2026-06-23T18:49:39.611851-03:00,2026-06-24T00:17:49.842623-03:00,328.17,0.00,0.00,174.25,MIXTO,R7_MIXTO,6
37ba9efc-b8fe-4b0b-891f-0e649c106fec__cycle_1,,R7,Ricardone → San Lorenzo,VALIDO,,2026-06-23T18:50:19.566202-03:00,2026-06-24T03:36:55.308823-03:00,526.60,0.00,0.00,317.76,MIXTO,R7_MIXTO,6
71942f70-b192-47bd-98b6-937d30622517,,R7,Ricardone → San Lorenzo,VALIDO,,2026-06-23T18:51:24.609204-03:00,2026-06-24T01:29:04.923924-03:00,397.67,0.00,0.00,194.09,MIXTO,R7_MIXTO,8
67525159-afa1-4c19-945e-be105b5b028d,,R7,Ricardone → San Lorenzo,VALIDO,,2026-06-23T18:53:19.642995-03:00,2026-06-24T00:35:39.832956-03:00,342.34,0.00,0.00,178.25,MIXTO,R7_MIXTO,5
055f6126-0908-4eb9-a983-d59cad1aba2f__cycle_2,,R7,Ricardone → San Lorenzo,VALIDO,,2026-06-23T19:00:39.54611-03:00,2026-06-24T00:01:24.896553-03:00,300.76,0.00,0.00,150.75,MIXTO,R7_MIXTO,7
3b4cbdc6-2f72-4304-aaae-1adb2d1032da__cycle_2,,R7,Ricardone → San Lorenzo,VALIDO,,2026-06-23T19:22:39.602905-03:00,2026-06-24T00:29:59.842892-03:00,307.34,0.00,0.00,171.42,MIXTO,R7_MIXTO,6
77ad9585-a7be-4fcd-8056-780a533d1dae,,R7,Ricardone → San Lorenzo,VALIDO,,2026-06-23T19:26:19.613784-03:00,2026-06-24T01:47:49.919664-03:00,381.51,0.00,0.00,211.00,MIXTO,R7_MIXTO,6
b64e6163-bae9-4eb9-8c15-c6eefc8fef51__cycle_1,,R7,Ricardone → San Lorenzo,VALIDO,,2026-06-23T19:28:34.595681-03:00,2026-06-24T03:18:46.159103-03:00,470.19,0.00,0.00,300.36,MIXTO,R7_MIXTO,5
9ff8180d-6374-4e3c-a9d1-043a577775bc__cycle_1,,R7,Ricardone → San Lorenzo,VALIDO,,2026-06-23T20:05:04.680512-03:00,2026-06-24T01:31:44.96944-03:00,326.67,0.00,0.00,139.84,MIXTO,R7_MIXTO,6
8173713d-8712-4457-9b84-65a89a4c326b__cycle_2,,R7,Ricardone → San Lorenzo,VALIDO,,2026-06-23T20:06:39.562882-03:00,2026-06-24T03:42:45.176303-03:00,456.09,0.00,0.00,276.26,MIXTO,R7_MIXTO,7
05135aec-3c3e-48fe-ac0d-10e371a64355,,R7,Ricardone → San Lorenzo,VALIDO,,2026-06-23T20:17:34.592027-03:00,2026-06-24T01:34:55.042293-03:00,317.34,0.00,0.00,133.84,MIXTO,R7_MIXTO,6
7c8f24c4-255a-40cb-8f1c-ff357fdaa98c,,R7,Ricardone → San Lorenzo,VALIDO,,2026-06-23T20:17:59.608935-03:00,2026-06-24T01:46:14.940497-03:00,328.26,0.00,0.00,144.34,MIXTO,R7_MIXTO,7
2c89d90a-c298-458d-b14e-621031fe5e96,,R7,Ricardone → San Lorenzo,VALIDO,,2026-06-23T20:25:59.604223-03:00,2026-06-24T02:19:10.06531-03:00,353.17,0.00,0.00,163.84,MIXTO,R7_MIXTO,5
d33ccf87-9994-4612-a004-54bcd3b30681,,R7,Ricardone → San Lorenzo,VALIDO,,2026-06-23T20:35:54.686931-03:00,2026-06-24T02:02:40.058688-03:00,326.76,0.00,0.00,144.34,MIXTO,R7_MIXTO,10
cf7eb324-185f-4ea7-ba7f-1b36e1de3636__cycle_1,,R7,Ricardone → San Lorenzo,VALIDO,,2026-06-23T20:45:14.753233-03:00,2026-06-24T02:05:30.076187-03:00,320.26,0.00,0.00,146.09,MIXTO,R7_MIXTO,6
b0b29464-2687-4689-adb2-5a3038558495,,R7,Ricardone → San Lorenzo,VALIDO,,2026-06-23T20:49:34.608776-03:00,2026-06-24T00:56:27.476239-03:00,246.88,0.00,0.00,73.96,MIXTO,R7_MIXTO,5
586ab62d-8cce-44df-bca9-a5af29622fbc,,R7,Ricardone → San Lorenzo,VALIDO,,2026-06-23T20:53:39.694715-03:00,2026-06-24T02:24:30.051475-03:00,330.84,0.00,0.00,157.51,MIXTO,R7_MIXTO,5
9cd9c262-990f-4a19-aaf7-afa3ede12cd9__cycle_1,,R7,Ricardone → San Lorenzo,VALIDO,,2026-06-23T20:57:24.604715-03:00,2026-06-24T02:38:00.066743-03:00,340.59,0.00,0.00,164.17,MIXTO,R7_MIXTO,6
43c35ae5-f422-4c28-b15a-622bd9143313,,R7,Ricardone → San Lorenzo,VALIDO,,2026-06-23T21:14:39.598633-03:00,2026-06-24T02:30:40.477191-03:00,316.01,0.00,0.00,159.60,MIXTO,R7_MIXTO,5
1aed3b03-16f8-47bd-a51f-bedd0f8935fe,,R7,Ricardone → San Lorenzo,VALIDO,,2026-06-23T21:21:00.673889-03:00,2026-06-24T04:35:45.260024-03:00,434.74,0.00,0.00,278.93,MIXTO,R7_MIXTO,5
195af43c-02a1-4374-b57f-2c6362f83093,,R7,Ricardone → San Lorenzo,VALIDO,,2026-06-23T21:35:39.635967-03:00,2026-06-24T04:15:05.265602-03:00,399.43,0.00,0.00,255.51,MIXTO,R7_MIXTO,6
bc1ff1af-f911-4100-ba19-037ed740339e,,R7,Ricardone → San Lorenzo,VALIDO,,2026-06-23T21:40:09.608699-03:00,2026-06-24T03:06:25.222652-03:00,326.26,0.00,0.00,182.67,MIXTO,R7_MIXTO,6
004036cd-eb52-40d0-8dd7-a0b39742b6b3__cycle_1,,R7,Ricardone → San Lorenzo,VALIDO,,2026-06-23T21:41:24.557026-03:00,2026-06-24T03:45:30.188941-03:00,364.09,0.00,0.00,201.01,MIXTO,R7_MIXTO,6
72fd9343-4f1a-45fc-97ae-62e67eb69fe1,,R7,Ricardone → San Lorenzo,VALIDO,,2026-06-23T21:43:44.652166-03:00,2026-06-24T03:10:10.192571-03:00,326.43,0.00,0.00,174.59,MIXTO,R7_MIXTO,5
9ad27480-79ed-4f68-a3f6-76154347edcf__cycle_1,,R7,Ricardone → San Lorenzo,VALIDO,,2026-06-23T21:44:29.591219-03:00,2026-06-24T03:22:00.174492-03:00,337.51,0.00,0.00,185.08,MIXTO,R7_MIXTO,7
bceee32e-1575-4d09-86af-64dcf855f1fa,,R7,Ricardone → San Lorenzo,VALIDO,,2026-06-23T21:44:54.605441-03:00,2026-06-24T03:43:25.182354-03:00,358.51,0.00,0.00,192.34,MIXTO,R7_MIXTO,5
39e7db81-1fc5-4485-a3e6-a30acc0200e6,,R7,Ricardone → San Lorenzo,VALIDO,,2026-06-23T21:45:29.668393-03:00,2026-06-24T04:32:00.357711-03:00,406.51,0.00,0.00,236.51,MIXTO,R7_MIXTO,6
7eea0120-097f-493e-a0a0-dd35e560abe3__cycle_1,,R7,Ricardone → San Lorenzo,VALIDO,,2026-06-23T21:46:09.571617-03:00,2026-06-24T03:27:50.166702-03:00,341.68,0.00,0.00,181.67,MIXTO,R7_MIXTO,6
e4bfd3ee-97f6-45d4-aae5-c43fff18fc0e__cycle_1,,R7,Ricardone → San Lorenzo,VALIDO,,2026-06-23T21:57:54.570854-03:00,2026-06-24T05:09:00.425219-03:00,431.10,0.00,0.00,270.01,MIXTO,R7_MIXTO,6
59a43ed6-6468-4a81-bb47-c1d6c4622265,,R7,Ricardone → San Lorenzo,VALIDO,,2026-06-23T21:58:34.736034-03:00,2026-06-24T04:33:50.659323-03:00,395.27,0.00,0.00,229.02,MIXTO,R7_MIXTO,5
35ec5bd4-9d09-48fb-97fc-6d1594482cc4__cycle_1,,R7,Ricardone → San Lorenzo,VALIDO,,2026-06-23T21:59:19.609498-03:00,2026-06-24T04:39:45.285056-03:00,400.43,0.00,0.00,200.43,MIXTO,R7_MIXTO,6
37a1408a-0a01-41d6-b1fd-ad6bf65761df__cycle_2,,R7,Ricardone → San Lorenzo,VALIDO,,2026-06-23T21:59:34.586546-03:00,2026-06-24T04:40:12.426718-03:00,400.63,0.00,0.00,205.63,MIXTO,R7_MIXTO,6
26aa204f-3f1b-4834-a76b-6b13dfa9a481__cycle_1,,R7,Ricardone → San Lorenzo,VALIDO,,2026-06-23T22:00:54.584565-03:00,2026-06-24T05:09:55.370731-03:00,429.01,0.00,0.00,217.34,MIXTO,R7_MIXTO,8
cc7b9f48-d676-463c-823a-c3de99c500b7,,R7,Ricardone → San Lorenzo,VALIDO,DEDUCIDO,2026-06-23T22:02:49.6108-03:00,2026-06-24T01:22:19.732551-03:00,199.50,0.00,0.00,0.00,MIXTO,R7_MIXTO,4
89368261-fc78-4ca7-912a-5f95a465d275,,R7,Ricardone → San Lorenzo,VALIDO,,2026-06-23T22:02:59.612654-03:00,2026-06-24T05:00:45.366476-03:00,417.76,0.00,0.00,215.68,MIXTO,R7_MIXTO,6
65937c31-51f9-4ae3-bce6-cc4d13219523,,R7,Ricardone → San Lorenzo,VALIDO,,2026-06-23T22:03:29.558071-03:00,2026-06-24T04:14:35.254988-03:00,371.09,0.00,0.00,217.58,MIXTO,R7_MIXTO,5
d77d0557-90ee-46d8-a67d-9216f834899f,,R7,Ricardone → San Lorenzo,VALIDO,,2026-06-23T22:09:54.559463-03:00,2026-06-24T05:10:25.373243-03:00,420.51,0.00,0.00,216.18,MIXTO,R7_MIXTO,5
a78331da-ad6d-4d96-bf2d-936e0b456aba,,R7,Ricardone → San Lorenzo,VALIDO,,2026-06-23T22:36:44.51813-03:00,2026-06-24T05:58:30.36101-03:00,441.76,0.00,0.00,215.51,MIXTO,R7_MIXTO,5
2fb5bbf0-def5-4125-9156-f40d18929c0a__cycle_1,,R5,Recepción Volcable 1,VALIDO,DEDUCIDO,2026-06-23T22:54:44.567409-03:00,2026-06-24T01:03:18.187151-03:00,128.56,,,,,,5
f3814c61-ce15-459b-94ae-5d3c3bcb5007__cycle_1,,R7,Ricardone → San Lorenzo,VALIDO,DEDUCIDO,2026-06-24T00:51:39.472886-03:00,2026-06-24T06:07:29.695263-03:00,315.84,0.00,0.00,0.00,MIXTO,R7_MIXTO,3
10354d84-ab54-49a9-bc07-f81cb5c20210__cycle_1,,R7,Ricardone → San Lorenzo,VALIDO,DEDUCIDO,2026-06-24T00:55:54.523221-03:00,2026-06-24T05:58:39.762796-03:00,302.75,0.00,0.00,0.00,MIXTO,R7_MIXTO,3
3568620e-11ed-4b66-a59e-56945cd79b70__cycle_1,,R7,Ricardone → San Lorenzo,VALIDO,DEDUCIDO,2026-06-24T01:14:49.542956-03:00,2026-06-24T06:19:09.703496-03:00,304.34,0.00,0.00,0.00,MIXTO,R7_MIXTO,3
1912aa65-43e4-4e82-bbcd-df8e285c9201__cycle_2,,R7,Ricardone → San Lorenzo,VALIDO,,2026-06-24T05:20:34.548911-03:00,2026-06-24T16:38:41.485561-03:00,678.12,0.00,0.00,350.03,MIXTO,R7_MIXTO,6
58d96355-c889-43c5-83ec-0fa493b25e2d,,R7,Ricardone → San Lorenzo,VALIDO,,2026-06-24T05:54:39.736957-03:00,2026-06-24T09:48:41.105006-03:00,234.02,0.00,0.00,192.18,MIXTO,R7_MIXTO,5
8669ffd2-a522-4164-841f-a6e8ca76d230,,R8,Recepción Mercadería Líquida,VALIDO,DEDUCIDO,2026-06-24T07:16:44.507353-03:00,2026-06-24T12:16:15.718749-03:00,299.52,,,,,,3
2213ad29-5a46-434e-a8ee-8bee8bf2278f__cycle_3,,R8,Recepción Mercadería Líquida,VALIDO,DEDUCIDO,2026-06-24T07:17:14.509879-03:00,2026-06-24T09:12:10.33912-03:00,114.93,,,,,,4
59460c2d-2ae1-49c2-af65-359c837214bd__cycle_3,,R8,Recepción Mercadería Líquida,VALIDO,DEDUCIDO,2026-06-24T07:32:04.526961-03:00,2026-06-24T14:26:15.801143-03:00,414.19,,,,,,5
72559c31-caa4-4806-8710-5d4f04e6d590__cycle_4,,R8,Recepción Mercadería Líquida,VALIDO,DEDUCIDO,2026-06-24T08:05:30.227885-03:00,2026-06-24T09:28:19.374051-03:00,82.82,,,,,,3
bdc9ddf9-c821-48e5-a8d7-d5c645e2ee62__cycle_2,,R6,Recepción Volcable 2,VALIDO,DEDUCIDO,2026-06-24T08:20:17.450647-03:00,2026-06-24T09:18:17.027465-03:00,57.99,,,,,,3
7e05a9c2-de10-4ca3-b98a-0f10913a2c7b__cycle_3,,R9,Despacho Celda 16,VALIDO,DEDUCIDO,2026-06-24T08:21:07.580919-03:00,2026-06-24T12:42:55.719394-03:00,261.80,,,,,,4
186c2d2b-e58f-4818-a478-ac51fb93156b__cycle_3,,R8,Recepción Mercadería Líquida,VALIDO,DEDUCIDO,2026-06-24T08:58:19.478444-03:00,2026-06-24T11:11:45.559005-03:00,133.43,,,,,,4
4b2d8d98-28da-4f8d-9ca3-ad55f14b33c1__cycle_3,,R7,Ricardone → San Lorenzo,VALIDO,,2026-06-24T09:22:34.48116-03:00,2026-06-24T11:02:25.926544-03:00,99.86,0.00,0.00,75.19,MIXTO,R7_MIXTO,4
98e30b8d-60c0-47d5-a04a-5c3617c0c7b7__cycle_4,,R8,Recepción Mercadería Líquida,VALIDO,DEDUCIDO,2026-06-24T09:48:24.513261-03:00,2026-06-24T11:45:41.029934-03:00,117.28,,,,,,5
3f074868-f3f1-4326-ba2d-c888b6dc24b6__cycle_1,,R7,Ricardone → San Lorenzo,VALIDO,,2026-06-24T09:59:24.661161-03:00,2026-06-24T22:01:44.315116-03:00,722.33,0.00,0.00,373.36,MIXTO,R7_MIXTO,5
4799178c-2bf9-4649-a849-aa52366a68a7__cycle_2,,R8,Recepción Mercadería Líquida,VALIDO,DEDUCIDO,2026-06-24T10:32:24.451841-03:00,2026-06-24T12:45:31.185694-03:00,133.11,,,,,,5
b23bc06b-c260-4039-8711-52432fa341c3,,R9,Despacho Celda 16,VALIDO,DEDUCIDO,2026-06-24T10:35:19.592958-03:00,2026-06-24T14:12:55.609516-03:00,217.60,,,,,,6
326f7537-28ae-4217-86c1-f454cb617846__cycle_2,,R8,Recepción Mercadería Líquida,VALIDO,DEDUCIDO,2026-06-24T10:45:59.466492-03:00,2026-06-24T13:22:16.31461-03:00,156.28,,,,,,7
49557e6c-7725-44ba-baa6-a72897eb7604,,R8,Recepción Mercadería Líquida,VALIDO,DEDUCIDO,2026-06-24T10:47:44.464318-03:00,2026-06-24T11:07:45.538778-03:00,20.02,,,,,,3
8e63c000-44a1-405b-95c8-4d00cbd6ec9b__cycle_3,,R8,Recepción Mercadería Líquida,VALIDO,DEDUCIDO,2026-06-24T11:12:49.514917-03:00,2026-06-24T12:38:45.707295-03:00,85.94,,,,,,5
45e24ae8-90cb-4e23-91a0-8eaf075ef9bb__cycle_2,,R8,Recepción Mercadería Líquida,VALIDO,DEDUCIDO,2026-06-24T11:28:44.466823-03:00,2026-06-24T14:23:26.252673-03:00,174.70,,,,,,5
d87f176e-0908-4e46-b5f0-05eac17aa5f3,,R8,Recepción Mercadería Líquida,VALIDO,DEDUCIDO,2026-06-24T11:36:19.487645-03:00,2026-06-24T13:48:15.824552-03:00,131.94,,,,,,5
9630957a-ecc5-4e68-9959-05a79e9d7e1d__cycle_2,,R8,Recepción Mercadería Líquida,VALIDO,DEDUCIDO,2026-06-24T11:45:39.455769-03:00,2026-06-24T12:08:50.674877-03:00,23.19,,,,,,3
565f3fbc-9baf-4aba-9109-5522fb1714c0,,R7,Ricardone → San Lorenzo,VALIDO,,2026-06-24T12:03:39.490688-03:00,2026-06-25T01:12:07.312192-03:00,788.46,0.00,0.00,311.88,MIXTO,R7_MIXTO,6
1f46fc14-391d-4de6-bd80-262172e09e2f,,R7,Ricardone → San Lorenzo,VALIDO,,2026-06-24T12:03:59.493415-03:00,2026-06-24T23:52:57.181113-03:00,708.96,0.00,0.00,231.46,MIXTO,R7_MIXTO,6
d28865a6-dabd-4224-9ce8-a79b8dbb6441__cycle_2,,R8,Recepción Mercadería Líquida,VALIDO,DEDUCIDO,2026-06-24T12:04:39.452746-03:00,2026-06-24T14:58:31.382472-03:00,173.87,,,,,,6
e31a2d6d-8073-485f-ac92-c8f717447e4b,,R7,Ricardone → San Lorenzo,VALIDO,,2026-06-24T12:08:41.530805-03:00,2026-06-24T21:57:26.983832-03:00,588.76,0.00,0.00,115.21,MIXTO,R7_MIXTO,5
76654c8b-680c-455c-a5fd-d7d3a7729680__cycle_2,,R5,Recepción Volcable 1,VALIDO,DEDUCIDO,2026-06-24T12:16:24.485038-03:00,2026-06-24T16:35:13.077286-03:00,258.81,,,,,,5
626d520d-3245-4ac7-8a25-3dcbf9fdef8e__cycle_1,,R7,Ricardone → San Lorenzo,VALIDO,DEDUCIDO,2026-06-24T13:27:14.452784-03:00,2026-06-24T18:42:54.621765-03:00,315.67,0.00,0.00,0.00,MIXTO,R7_MIXTO,3
212fd7b4-e782-4401-8190-dad68acf15c0__cycle_2,,R8,Recepción Mercadería Líquida,VALIDO,DEDUCIDO,2026-06-24T13:57:09.483212-03:00,2026-06-24T16:26:51.505984-03:00,149.70,,,,,,5
15de4ab6-1050-4535-a5d1-5f4f228b1125__cycle_3,,R8,Recepción Mercadería Líquida,VALIDO,DEDUCIDO,2026-06-24T14:09:49.468833-03:00,2026-06-24T16:08:46.49863-03:00,118.95,,,,,,5
ab443d3b-1323-44a6-adbf-cc9acf5ff4de__cycle_2,,R8,Recepción Mercadería Líquida,VALIDO,DEDUCIDO,2026-06-24T14:50:14.488418-03:00,2026-06-24T16:45:01.57371-03:00,114.78,,,,,,5
a7174477-8a1b-4467-885a-4d8f200138d4__cycle_5,,R8,Recepción Mercadería Líquida,VALIDO,DEDUCIDO,2026-06-24T15:18:35.627479-03:00,2026-06-24T15:58:01.84408-03:00,39.44,,,,,,3
c10d44cd-b4f1-4c6a-be4f-0cd2cadfef06__cycle_1,,R5,Recepción Volcable 1,VALIDO,DEDUCIDO,2026-06-24T17:39:34.476053-03:00,2026-06-24T20:58:38.073137-03:00,199.06,,,,,,5
3ff7fb00-11f9-42c4-8f43-33256f7dd506,,R5,Recepción Volcable 1,VALIDO,DEDUCIDO,2026-06-24T18:04:29.557568-03:00,2026-06-24T22:24:13.076725-03:00,259.73,,,,,,4
03308e0b-6746-4512-9003-339162e5da34__cycle_3,,R8,Recepción Mercadería Líquida,VALIDO,DEDUCIDO,2026-06-24T18:56:14.487078-03:00,2026-06-24T19:12:06.841966-03:00,15.87,,,,,,3
8ade24bb-bd59-4352-9866-68e351787ddd__cycle_1,,R5,Recepción Volcable 1,VALIDO,DEDUCIDO,2026-06-24T19:20:34.71216-03:00,2026-06-24T22:57:58.156843-03:00,217.39,,,,,,5
743950c5-d474-4f79-90ca-b394dffa1ac4__cycle_3,,R8,Recepción Mercadería Líquida,VALIDO,DEDUCIDO,2026-06-24T19:32:34.537299-03:00,2026-06-24T19:37:26.62847-03:00,4.87,,,,,,3
98e30b8d-60c0-47d5-a04a-5c3617c0c7b7__cycle_5,,R8,Recepción Mercadería Líquida,VALIDO,DEDUCIDO,2026-06-24T20:18:09.549026-03:00,2026-06-24T20:23:06.424146-03:00,4.95,,,,,,3
5a8a9843-1536-4335-b403-e4d19ed0afbd__cycle_2,,R8,Recepción Mercadería Líquida,VALIDO,DEDUCIDO,2026-06-24T20:26:59.512237-03:00,2026-06-24T20:32:06.325334-03:00,5.11,,,,,,3
0fd8b78a-2c73-4a94-a54a-237986b566ef,,R5,Recepción Volcable 1,VALIDO,DEDUCIDO,2026-06-24T21:13:44.510855-03:00,2026-06-25T00:06:23.082715-03:00,172.64,,,,,,3
a5226099-4dfe-4c55-9a43-df156faca8dc__cycle_1,,R5,Recepción Volcable 1,VALIDO,DEDUCIDO,2026-06-24T21:40:04.598473-03:00,2026-06-25T01:29:53.077821-03:00,229.81,,,,,,4
d10a6a78-6745-4eff-bb51-7425d367e931__cycle_1,,R7,Ricardone → San Lorenzo,VALIDO,,2026-06-25T00:38:24.618838-03:00,2026-06-25T01:16:04.347936-03:00,37.66,0.00,0.00,23.89,MIXTO,R7_MIXTO,4
e5d8013f-d150-470d-bb83-feda59a7fd04__cycle_1,,R7,Ricardone → San Lorenzo,VALIDO,,2026-06-25T00:42:14.550051-03:00,2026-06-25T01:21:49.373274-03:00,39.58,0.00,0.00,20.88,MIXTO,R7_MIXTO,5
e5ad7c7c-c882-485f-ba0a-b9c289535feb__cycle_1,,R7,Ricardone → San Lorenzo,VALIDO,,2026-06-25T02:41:24.658401-03:00,2026-06-25T03:19:59.4807-03:00,38.58,0.00,0.00,22.96,MIXTO,R7_MIXTO,3
4714437a-0fa1-426b-b99a-0c8540bfd94a__cycle_1,,R7,Ricardone → San Lorenzo,VALIDO,,2026-06-25T07:49:39.571512-03:00,2026-06-25T08:38:24.291767-03:00,48.75,0.00,0.00,31.31,MIXTO,R7_MIXTO,5
2814dad5-8098-4453-8e39-e3badba9817d__cycle_3,,R8,Recepción Mercadería Líquida,VALIDO,DEDUCIDO,2026-06-25T08:10:24.380205-03:00,2026-06-25T16:50:40.035059-03:00,520.26,,,,,,9
20fb3c2d-3517-4316-9fda-35be34d70d81,,R7,Ricardone → San Lorenzo,VALIDO,,2026-06-25T08:15:49.457601-03:00,2026-06-25T11:30:00.193551-03:00,194.18,194.18,0.00,0.00,MIXTO,R7_MIXTO,2
ac5c166d-20bd-4da5-9351-b8a8dd6a5dba__cycle_1,,R8,Recepción Mercadería Líquida,VALIDO,DEDUCIDO,2026-06-25T08:43:14.562472-03:00,2026-06-25T19:19:18.900001-03:00,636.07,,,,,,9
520fb283-fad9-40af-9fb2-227cf6982e3a,,R7,Ricardone → San Lorenzo,VALIDO,DEDUCIDO,2026-06-25T08:56:35.314736-03:00,2026-06-25T11:31:00.178106-03:00,154.41,154.41,0.00,0.00,MIXTO,R7_MIXTO,3
1d450df6-e63d-41e8-b219-f20ba46a9244__cycle_1,,R8,Recepción Mercadería Líquida,VALIDO,DEDUCIDO,2026-06-25T08:56:54.561282-03:00,2026-06-25T18:44:13.937606-03:00,587.32,,,,,,8
28d5bbc3-16c2-4fe6-b4fd-122897f8f89c__cycle_1,,R7,Ricardone → San Lorenzo,VALIDO,,2026-06-25T09:05:44.502757-03:00,2026-06-25T14:48:34.466505-03:00,342.83,0.00,0.00,145.56,MIXTO,R7_MIXTO,4
8ccc8824-4f6b-487a-a146-cd5d63901ced,,R7,Ricardone → San Lorenzo,VALIDO,DEDUCIDO,2026-06-25T09:28:14.238536-03:00,2026-06-25T11:42:00.154929-03:00,133.77,133.77,0.00,0.00,MIXTO,R7_MIXTO,4
326f7537-28ae-4217-86c1-f454cb617846__cycle_3,,R8,Recepción Mercadería Líquida,VALIDO,DEDUCIDO,2026-06-25T09:48:54.37084-03:00,2026-06-25T14:10:38.94514-03:00,261.74,,,,,,8
d1ca3599-514c-4b15-8cad-582c5f0404e2__cycle_2,,R7,Ricardone → San Lorenzo,VALIDO,DEDUCIDO,2026-06-25T10:18:03.040293-03:00,2026-06-25T11:36:15.098528-03:00,78.20,78.20,0.00,0.00,MIXTO,R7_MIXTO,3
c75f3aa1-22b4-4975-9582-d707c09c3617__cycle_2,,R7,Ricardone → San Lorenzo,VALIDO,,2026-06-25T10:20:49.401538-03:00,2026-06-25T10:32:55.086704-03:00,12.09,12.09,0.00,0.00,MIXTO,R7_MIXTO,2
4b2d8d98-28da-4f8d-9ca3-ad55f14b33c1__cycle_4,,R8,Recepción Mercadería Líquida,VALIDO,DEDUCIDO,2026-06-25T10:32:29.388588-03:00,2026-06-25T15:40:03.620403-03:00,307.57,,,,,,7
78bb7ce8-2d09-4519-b876-b20c52ece366__cycle_2,,R8,Recepción Mercadería Líquida,VALIDO,DEDUCIDO,2026-06-25T10:39:14.372118-03:00,2026-06-25T15:53:58.703945-03:00,314.74,,,,,,6
3f7a7b01-40ba-4e96-880b-8e822671794b,,R7,Ricardone → San Lorenzo,VALIDO,,2026-06-25T10:48:04.393538-03:00,2026-06-25T13:10:30.045344-03:00,142.43,142.43,0.00,0.00,MIXTO,R7_MIXTO,2
79d08ec1-307e-47f7-84dc-4f13ff0fc2ed__cycle_2,,R7,Ricardone → San Lorenzo,VALIDO,DEDUCIDO,2026-06-25T10:48:47.27316-03:00,2026-06-25T11:31:20.126353-03:00,42.55,42.55,0.00,0.00,MIXTO,R7_MIXTO,3
d28865a6-dabd-4224-9ce8-a79b8dbb6441__cycle_3,,R8,Recepción Mercadería Líquida,VALIDO,DEDUCIDO,2026-06-25T10:53:54.352834-03:00,2026-06-25T16:33:53.816626-03:00,339.99,,,,,,8
0b211836-f2ce-4608-a4c0-f850ba9d894b,,R7,Ricardone → San Lorenzo,VALIDO,,2026-06-25T11:16:24.403569-03:00,2026-06-25T14:33:03.534618-03:00,196.65,0.00,0.00,143.15,MIXTO,R7_MIXTO,6
e5fa050f-0b6e-4687-8bed-04f75bd22fad__cycle_3,,R7,Ricardone → San Lorenzo,VALIDO,DEDUCIDO,2026-06-25T11:29:21.360577-03:00,2026-06-25T13:41:50.259054-03:00,132.48,132.48,0.00,0.00,MIXTO,R7_MIXTO,3
2d6d1c88-7a75-495d-9930-26d1355fbf97__cycle_3,,R7,Ricardone → San Lorenzo,VALIDO,DEDUCIDO,2026-06-25T11:31:56.388507-03:00,2026-06-25T13:42:30.21953-03:00,130.56,130.56,0.00,0.00,MIXTO,R7_MIXTO,3
212fd7b4-e782-4401-8190-dad68acf15c0__cycle_3,,R8,Recepción Mercadería Líquida,VALIDO,DEDUCIDO,2026-06-25T11:34:34.374546-03:00,2026-06-25T17:18:53.781661-03:00,344.32,,,,,,8
99d6893c-e7a5-4fa0-bea2-5642074e8f5b__cycle_2,,R7,Ricardone → San Lorenzo,VALIDO,,2026-06-25T11:40:24.298312-03:00,2026-06-25T13:43:10.124334-03:00,122.76,122.76,0.00,0.00,MIXTO,R7_MIXTO,2
48ce0f63-b3c4-4c9d-aafc-aa10a31d2734__cycle_2,,R6,Recepción Volcable 2,VALIDO,DEDUCIDO,2026-06-25T12:03:50.90846-03:00,2026-06-25T13:56:06.945867-03:00,112.27,,,,,,3
7961ceaf-7ab5-4df6-9fba-c6c8d55b8f35__cycle_2,,R6,Recepción Volcable 2,VALIDO,DEDUCIDO,2026-06-25T12:06:51.358259-03:00,2026-06-25T14:45:03.040642-03:00,158.19,,,,,,4
c640e13f-63d3-4b61-ab57-992a888e1155__cycle_2,,R6,Recepción Volcable 2,VALIDO,DEDUCIDO,2026-06-25T12:10:25.895545-03:00,2026-06-25T13:50:43.08238-03:00,100.29,,,,,,3
ab443d3b-1323-44a6-adbf-cc9acf5ff4de__cycle_3,,R8,Recepción Mercadería Líquida,VALIDO,DEDUCIDO,2026-06-25T12:26:29.376394-03:00,2026-06-25T17:08:03.820963-03:00,281.57,,,,,,6
15de4ab6-1050-4535-a5d1-5f4f228b1125__cycle_4,,R8,Recepción Mercadería Líquida,VALIDO,DEDUCIDO,2026-06-25T12:51:54.346331-03:00,2026-06-25T17:51:03.833279-03:00,299.16,,,,,,6
e22d50b9-4015-42b8-854f-b6fa159d15f9__cycle_1,,R7,Ricardone → San Lorenzo,VALIDO,,2026-06-25T12:54:54.533501-03:00,2026-06-25T13:50:24.33672-03:00,55.50,0.00,0.00,45.82,MIXTO,R7_MIXTO,5
b6fd5651-9340-4450-938c-3ac453d7c591__cycle_2,,R6,Recepción Volcable 2,VALIDO,DEDUCIDO,2026-06-25T13:00:21.066951-03:00,2026-06-25T15:30:18.032591-03:00,149.95,,,,,,4
970a3d85-99c0-47db-8d60-956e388186d7__cycle_2,,R5,Recepción Volcable 1,VALIDO,DEDUCIDO,2026-06-25T13:05:00.993449-03:00,2026-06-25T15:22:08.061659-03:00,137.12,,,,,,3
2fb5bbf0-def5-4125-9156-f40d18929c0a__cycle_3,,R5,Recepción Volcable 1,VALIDO,DEDUCIDO,2026-06-25T13:06:39.828208-03:00,2026-06-25T16:06:38.118261-03:00,179.97,,,,,,3
5098ae2c-6a74-47ef-aaf5-f5bd5b9b8cef,,R5,Recepción Volcable 1,VALIDO,DEDUCIDO,2026-06-25T13:13:49.680137-03:00,2026-06-25T17:28:43.508601-03:00,254.90,,,,,,3
ae13acc5-4d48-497a-9944-7545d95155f3__cycle_2,,R5,Recepción Volcable 1,VALIDO,DEDUCIDO,2026-06-25T13:15:35.867214-03:00,2026-06-25T17:03:03.133406-03:00,227.45,,,,,,5
3e533829-9379-4c6e-9e5c-936fba619334__cycle_1,,R5,Recepción Volcable 1,VALIDO,DEDUCIDO,2026-06-25T13:17:44.582146-03:00,2026-06-25T17:41:43.045071-03:00,263.97,,,,,,3
ade75870-ea88-4720-9bf7-fa21c3b9dc14,,R7,Ricardone → San Lorenzo,VALIDO,COMPLETO,2026-06-25T13:21:09.597398-03:00,2026-06-25T18:08:25.096584-03:00,287.26,287.26,0.00,0.00,MIXTO,R7_MIXTO,4
868144c1-8eef-427d-9e98-2b22d4cab375,,R7,Ricardone → San Lorenzo,VALIDO,DEDUCIDO,2026-06-25T13:21:19.359667-03:00,2026-06-25T18:07:50.03279-03:00,286.51,286.51,0.00,0.00,MIXTO,R7_MIXTO,3
d6cab175-b255-41a0-8def-599a40d3f11a__cycle_1,,R5,Recepción Volcable 1,VALIDO,DEDUCIDO,2026-06-25T13:22:09.406793-03:00,2026-06-25T18:16:03.056127-03:00,293.89,,,,,,3
88f6d779-72b1-4002-aa9c-e5ad81be35db__cycle_2,,R7,Ricardone → San Lorenzo,VALIDO,DEDUCIDO,2026-06-25T13:52:04.351362-03:00,2026-06-25T13:56:35.064789-03:00,4.51,4.51,0.00,0.00,MIXTO,R7_MIXTO,3
8e38a172-0bc6-4293-b224-4debcffb346e,,R7,Ricardone → San Lorenzo,VALIDO,,2026-06-25T14:53:09.531386-03:00,2026-06-26T02:18:35.037799-03:00,685.43,685.43,0.00,64.57,MIXTO,R7_MIXTO,6
6c9bc878-21d6-41cc-9c83-df7171d67a67,,R7,Ricardone → San Lorenzo,VALIDO,DEDUCIDO,2026-06-25T15:09:47.330541-03:00,2026-06-25T17:04:55.020043-03:00,115.13,115.13,0.00,0.00,MIXTO,R7_MIXTO,3
45ce8d57-e40b-4b16-ab44-d3b257c1d355,,R7,Ricardone → San Lorenzo,VALIDO,,2026-06-25T15:21:49.444046-03:00,2026-06-25T19:29:20.087965-03:00,247.51,247.51,0.00,0.00,MIXTO,R7_MIXTO,2
c35e9983-9d1a-4b52-8a54-71e47605b0e1__cycle_2,,R7,Ricardone → San Lorenzo,VALIDO,,2026-06-25T15:58:19.401312-03:00,2026-06-25T16:06:30.010578-03:00,8.18,8.18,0.00,0.00,MIXTO,R7_MIXTO,2
575d7a57-d73d-4cd7-9d1a-6d73b0a79399__cycle_2,,R7,Ricardone → San Lorenzo,VALIDO,DEDUCIDO,2026-06-25T15:58:49.408378-03:00,2026-06-25T16:07:15.056575-03:00,8.43,8.43,0.00,0.00,MIXTO,R7_MIXTO,3
55aa8766-da08-4a02-98ea-f5114c25150c__cycle_2,,R7,Ricardone → San Lorenzo,VALIDO,,2026-06-25T15:59:34.418752-03:00,2026-06-25T16:08:00.02926-03:00,8.43,8.43,0.00,0.00,MIXTO,R7_MIXTO,2
353bbf9c-d83e-4c06-9bee-1b176bd99c58__cycle_2,,R7,Ricardone → San Lorenzo,VALIDO,,2026-06-25T16:00:09.40592-03:00,2026-06-25T16:09:00.081515-03:00,8.84,8.84,0.00,0.00,MIXTO,R7_MIXTO,2
7dda1152-624c-4091-ab97-41b8c0047b8f__cycle_2,,R7,Ricardone → San Lorenzo,VALIDO,DEDUCIDO,2026-06-25T17:59:28.374516-03:00,2026-06-25T19:49:45.072283-03:00,110.28,110.28,0.00,0.00,MIXTO,R7_MIXTO,3
02ecab47-068b-4dcf-a353-0dc60e129430__cycle_1,,R6,Recepción Volcable 2,VALIDO,DEDUCIDO,2026-06-25T18:42:14.453971-03:00,2026-06-26T06:35:06.986037-03:00,712.88,,,,,,17
e8bb449c-b021-480b-8301-1f10243cf775,,R7,Ricardone → San Lorenzo,VALIDO,,2026-06-25T19:50:19.523885-03:00,2026-06-26T06:18:49.927049-03:00,628.51,0.00,0.00,247.18,MIXTO,R7_MIXTO,6
749be675-517a-454d-9a4a-81fe377a7748,,R7,Ricardone → San Lorenzo,VALIDO,DEDUCIDO,2026-06-25T19:57:49.45571-03:00,2026-06-25T20:05:55.079874-03:00,8.09,8.09,0.00,0.00,MIXTO,R7_MIXTO,3
83c776fc-7509-4154-bc0b-c8a818fcec66,,R7,Ricardone → San Lorenzo,VALIDO,DEDUCIDO,2026-06-25T20:02:09.36954-03:00,2026-06-26T01:59:50.035912-03:00,357.68,357.68,0.00,0.00,MIXTO,R7_MIXTO,3
326f7537-28ae-4217-86c1-f454cb617846__cycle_4,,R8,Recepción Mercadería Líquida,VALIDO,DEDUCIDO,2026-06-25T20:24:24.40457-03:00,2026-06-25T20:57:04.377327-03:00,32.67,,,,,,5
73028398-1203-4ddd-addb-4ff2985367b5,,R7,Ricardone → San Lorenzo,VALIDO,COMPLETO,2026-06-25T21:09:14.485501-03:00,2026-06-26T02:29:15.044382-03:00,320.01,320.01,0.00,0.00,MIXTO,R7_MIXTO,4
8f3a4c29-d882-417a-9ec3-bf11ffa65f7e,,R7,Ricardone → San Lorenzo,VALIDO,DEDUCIDO,2026-06-25T21:16:24.453794-03:00,2026-06-26T02:37:05.052995-03:00,320.68,320.68,0.00,0.00,MIXTO,R7_MIXTO,3
75788bf2-4b54-4168-806f-90074964294e,,R7,Ricardone → San Lorenzo,VALIDO,DEDUCIDO,2026-06-25T21:17:19.455357-03:00,2026-06-25T21:26:19.97842-03:00,9.01,9.01,0.00,0.00,MIXTO,R7_MIXTO,3
e7fd94e7-797a-4fab-8b33-9e18e69cf46c,,R7,Ricardone → San Lorenzo,VALIDO,DEDUCIDO,2026-06-25T21:17:34.442297-03:00,2026-06-25T21:27:10.011066-03:00,9.59,9.59,0.00,0.00,MIXTO,R7_MIXTO,3
db5168a4-a1ba-4452-b2c1-706cab59e387__cycle_2,,R7,Ricardone → San Lorenzo,VALIDO,COMPLETO,2026-06-25T21:22:14.378242-03:00,2026-06-26T02:25:25.042776-03:00,303.18,303.18,0.00,0.00,MIXTO,R7_MIXTO,4
39451805-cf25-4760-8e40-d771e966c794__cycle_2,,R7,Ricardone → San Lorenzo,VALIDO,,2026-06-25T21:26:09.358823-03:00,2026-06-25T22:55:20.000317-03:00,89.18,89.18,0.00,0.00,MIXTO,R7_MIXTO,2
02113109-4181-411a-8c9d-27c2da6afa62,,R7,Ricardone → San Lorenzo,VALIDO,COMPLETO,2026-06-25T21:42:04.383307-03:00,2026-06-26T02:23:35.050576-03:00,281.51,281.51,0.00,0.00,MIXTO,R7_MIXTO,4
f99aa352-a688-4611-9930-3d709a534c27,,R7,Ricardone → San Lorenzo,VALIDO,DEDUCIDO,2026-06-25T21:56:54.321673-03:00,2026-06-26T02:27:40.063332-03:00,270.76,270.76,0.00,0.00,MIXTO,R7_MIXTO,3
92237308-dcf7-4f88-9124-47623a31d5be,,R7,Ricardone → San Lorenzo,VALIDO,DEDUCIDO,2026-06-25T21:57:34.341632-03:00,2026-06-26T02:50:05.075415-03:00,292.51,292.51,0.00,0.00,MIXTO,R7_MIXTO,3
ed2cfcf7-996d-4729-86b9-fd19047ea239,,R7,Ricardone → San Lorenzo,VALIDO,COMPLETO,2026-06-25T21:59:44.336579-03:00,2026-06-26T02:55:55.090874-03:00,296.18,296.18,0.00,0.00,MIXTO,R7_MIXTO,4
eebf8c5f-0ca4-4593-b35b-8c54904413ef,,R7,Ricardone → San Lorenzo,VALIDO,COMPLETO,2026-06-25T22:00:24.333348-03:00,2026-06-26T02:36:15.108416-03:00,275.85,275.85,0.00,0.00,MIXTO,R7_MIXTO,4
657d792e-0495-46e6-8524-10f88c19e44f,,R7,Ricardone → San Lorenzo,VALIDO,,2026-06-25T22:00:44.421192-03:00,2026-06-26T03:00:40.048705-03:00,299.93,299.93,0.00,0.00,MIXTO,R7_MIXTO,2
52e26958-6a85-4d0c-b4c2-44de2c983232,,R7,Ricardone → San Lorenzo,VALIDO,COMPLETO,2026-06-25T22:01:24.299732-03:00,2026-06-26T03:01:50.055181-03:00,300.43,300.43,0.00,0.00,MIXTO,R7_MIXTO,4
6d3e4b8b-56b3-4e35-a570-26ecfbcde4f3,,R7,Ricardone → San Lorenzo,VALIDO,DEDUCIDO,2026-06-25T22:01:44.345734-03:00,2026-06-26T03:01:20.130881-03:00,299.60,299.60,0.00,0.00,MIXTO,R7_MIXTO,3
286dc50b-1d1c-4c80-aacd-3bcfb2a69595__cycle_2,,R7,Ricardone → San Lorenzo,VALIDO,COMPLETO,2026-06-25T22:02:59.298464-03:00,2026-06-26T03:16:24.970181-03:00,313.43,313.43,0.00,0.00,MIXTO,R7_MIXTO,4
3184fbc1-a685-4aa3-961c-857e9a1b0adc,,R7,Ricardone → San Lorenzo,VALIDO,COMPLETO,2026-06-25T22:06:39.348986-03:00,2026-06-26T03:18:05.00614-03:00,311.43,311.43,0.00,0.00,MIXTO,R7_MIXTO,4
96f8b792-c09a-44eb-aa57-8cd3a2558d4c,,R7,Ricardone → San Lorenzo,VALIDO,COMPLETO,2026-06-25T22:06:54.373906-03:00,2026-06-26T03:21:14.965006-03:00,314.34,314.34,0.00,0.00,MIXTO,R7_MIXTO,5
2c30531c-f47d-4d9b-b07d-61ed684e96fd,,R7,Ricardone → San Lorenzo,VALIDO,COMPLETO,2026-06-25T22:15:09.337938-03:00,2026-06-26T03:23:40.338952-03:00,308.52,308.52,0.00,0.00,MIXTO,R7_MIXTO,4
9d5acdef-c932-4dfe-9bed-48bdf5e8c12c,,R7,Ricardone → San Lorenzo,VALIDO,COMPLETO,2026-06-25T22:17:59.333648-03:00,2026-06-26T03:25:19.998731-03:00,307.34,307.34,0.00,0.00,MIXTO,R7_MIXTO,4
f74b1b55-8f00-41a7-a581-2f4631f1443d,,R7,Ricardone → San Lorenzo,VALIDO,COMPLETO,2026-06-25T22:30:34.351931-03:00,2026-06-26T03:31:34.955953-03:00,301.01,301.01,0.00,0.00,MIXTO,R7_MIXTO,4
ce7958e1-6342-4c4a-be76-c8e8b8046fe2__cycle_2,,R7,Ricardone → San Lorenzo,VALIDO,COMPLETO,2026-06-25T22:32:24.31363-03:00,2026-06-26T03:33:49.990798-03:00,301.43,301.43,0.00,0.00,MIXTO,R7_MIXTO,4
d828b67f-a7f1-4ca5-99be-f154cec48b55__cycle_2,,R7,Ricardone → San Lorenzo,VALIDO,DEDUCIDO,2026-06-25T22:37:14.283062-03:00,2026-06-26T03:38:30.132354-03:00,301.26,301.26,0.00,0.00,MIXTO,R7_MIXTO,3
4dea683e-d29a-477f-a47d-581edc102bd3,,R7,Ricardone → San Lorenzo,VALIDO,COMPLETO,2026-06-25T22:41:49.385355-03:00,2026-06-26T03:51:04.978997-03:00,309.26,309.26,0.00,0.00,MIXTO,R7_MIXTO,4
0d9362fc-00ab-44b5-94c5-f9814a2791d4__cycle_2,,R7,Ricardone → San Lorenzo,VALIDO,COMPLETO,2026-06-25T23:02:09.330554-03:00,2026-06-26T03:50:05.416561-03:00,287.93,287.93,0.00,0.00,MIXTO,R7_MIXTO,4
e02b0443-0e3f-45d8-8e1b-e3153f6c37bc,,R7,Ricardone → San Lorenzo,VALIDO,COMPLETO,2026-06-25T23:06:34.31464-03:00,2026-06-26T03:48:25.575965-03:00,281.85,281.85,0.00,0.00,MIXTO,R7_MIXTO,4
1568aa5d-566a-4462-ac1d-c4cf5fb51ed1,,R7,Ricardone → San Lorenzo,VALIDO,COMPLETO,2026-06-25T23:07:24.301667-03:00,2026-06-26T03:58:30.282637-03:00,291.10,291.10,0.00,0.00,MIXTO,R7_MIXTO,4
ccb997bf-266a-49ff-b63c-cfcc0ebbbf26,,R7,Ricardone → San Lorenzo,VALIDO,COMPLETO,2026-06-25T23:09:14.405285-03:00,2026-06-26T03:57:04.970256-03:00,287.84,287.84,0.00,0.00,MIXTO,R7_MIXTO,5
fdcc9444-2e14-45fe-9bc0-3f9fcd20b0f6,,R7,Ricardone → San Lorenzo,VALIDO,COMPLETO,2026-06-25T23:09:34.339596-03:00,2026-06-26T03:53:04.962458-03:00,283.51,283.51,0.00,0.00,MIXTO,R7_MIXTO,4
a5b2a082-71a4-4af2-92f2-43946ff44672,,R7,Ricardone → San Lorenzo,VALIDO,COMPLETO,2026-06-25T23:14:34.342506-03:00,2026-06-26T03:59:15.887231-03:00,284.69,284.69,0.00,0.00,MIXTO,R7_MIXTO,4
d973d3e0-efb6-4b25-9331-4155e226ac97,,R7,Ricardone → San Lorenzo,VALIDO,COMPLETO,2026-06-25T23:27:39.366955-03:00,2026-06-26T04:06:44.966064-03:00,279.09,279.09,0.00,0.00,MIXTO,R7_MIXTO,4
466db4fe-4e28-4bc2-9bd5-873a61a1ac13,,R7,Ricardone → San Lorenzo,VALIDO,DEDUCIDO,2026-06-25T23:31:29.376545-03:00,2026-06-26T04:07:29.982539-03:00,276.01,276.01,0.00,0.00,MIXTO,R7_MIXTO,3
9f770a57-e571-43bf-9c79-a3b2626a658f,,R7,Ricardone → San Lorenzo,VALIDO,DEDUCIDO,2026-06-25T23:36:49.392821-03:00,2026-06-26T04:08:04.992193-03:00,271.26,271.26,0.00,0.00,MIXTO,R7_MIXTO,3
0d30d076-f8a8-4ca0-8838-62edf346584c,,R7,Ricardone → San Lorenzo,VALIDO,DEDUCIDO,2026-06-25T23:37:39.404327-03:00,2026-06-26T04:12:14.954248-03:00,274.59,274.59,0.00,0.00,MIXTO,R7_MIXTO,3
1f1ecd2c-7131-4c28-9d59-69b94bd69fca,,R7,Ricardone → San Lorenzo,VALIDO,COMPLETO,2026-06-25T23:38:19.374711-03:00,2026-06-26T04:15:15.3568-03:00,276.93,276.93,0.00,0.00,MIXTO,R7_MIXTO,4
f64e4f19-4616-4b97-9132-86893ebcf792,,R7,Ricardone → San Lorenzo,VALIDO,,2026-06-25T23:45:49.321667-03:00,2026-06-26T04:23:29.957922-03:00,277.68,277.68,0.00,0.00,MIXTO,R7_MIXTO,2
c9330a44-64de-4b43-bf9e-23be3ea350fb,,R7,Ricardone → San Lorenzo,VALIDO,DEDUCIDO,2026-06-26T00:01:34.398236-03:00,2026-06-26T04:19:24.961187-03:00,257.84,257.84,0.00,0.00,MIXTO,R7_MIXTO,3
30343209-1b91-4249-8bc5-9ce3d441100e,,R7,Ricardone → San Lorenzo,VALIDO,COMPLETO,2026-06-26T00:10:04.380552-03:00,2026-06-26T04:26:05.009103-03:00,256.01,256.01,0.00,0.00,MIXTO,R7_MIXTO,4
ce2f5409-c1fc-4ce7-a15b-e2f6a096a4de__cycle_3,,R7,Ricardone → San Lorenzo,VALIDO,COMPLETO,2026-06-26T00:13:19.35965-03:00,2026-06-26T04:20:24.963686-03:00,247.09,247.09,0.00,0.00,MIXTO,R7_MIXTO,4
45eaece2-0901-4ac3-ae5e-315bb727f966,,R7,Ricardone → San Lorenzo,VALIDO,COMPLETO,2026-06-26T00:21:14.342819-03:00,2026-06-26T04:32:19.958658-03:00,251.09,251.09,0.00,0.00,MIXTO,R7_MIXTO,4
de379c57-0f4d-402d-801a-4665fce5af40,,R7,Ricardone → San Lorenzo,VALIDO,COMPLETO,2026-06-26T00:33:54.34772-03:00,2026-06-26T04:35:09.964392-03:00,241.26,241.26,0.00,0.00,MIXTO,R7_MIXTO,4
ca01888c-778d-4985-aed8-5d172677e9f5__cycle_2,,R7,Ricardone → San Lorenzo,VALIDO,COMPLETO,2026-06-26T00:52:24.567623-03:00,2026-06-26T04:40:19.967171-03:00,227.92,227.92,0.00,0.00,MIXTO,R7_MIXTO,4
e1db7bb5-1832-4473-863d-7b89e808bf64__cycle_2,,R7,Ricardone → San Lorenzo,VALIDO,DEDUCIDO,2026-06-26T00:54:34.322238-03:00,2026-06-26T04:40:54.974577-03:00,226.34,226.34,0.00,0.00,MIXTO,R7_MIXTO,3
6cea3401-2520-4e53-aa13-40fdd5bf428c,,R7,Ricardone → San Lorenzo,VALIDO,COMPLETO,2026-06-26T01:00:59.358513-03:00,2026-06-26T04:59:24.998324-03:00,238.43,238.43,0.00,0.00,MIXTO,R7_MIXTO,4
a1822cb4-73f8-4620-8d9e-8c5eb60ca8d2__cycle_2,,R7,Ricardone → San Lorenzo,VALIDO,COMPLETO,2026-06-26T01:25:29.317948-03:00,2026-06-26T04:47:04.950877-03:00,201.59,201.59,0.00,0.00,MIXTO,R7_MIXTO,4
872ea256-2936-4602-89b3-9e8f4677e0a4__cycle_1,,R7,Ricardone → San Lorenzo,VALIDO,COMPLETO,2026-06-26T01:46:04.351793-03:00,2026-06-26T05:03:39.333837-03:00,197.58,188.68,8.91,0.00,MIXTO,R7_MIXTO,5
2722a2a2-24f2-4c9f-a166-14def31988af,,R7,Ricardone → San Lorenzo,VALIDO,COMPLETO,2026-06-26T01:56:14.342684-03:00,2026-06-26T05:01:04.977678-03:00,184.84,184.84,0.00,0.00,MIXTO,R7_MIXTO,5
92709149-4b73-430c-a038-c9e97009817f__cycle_1,,R7,Ricardone → San Lorenzo,VALIDO,,2026-06-26T01:59:39.303783-03:00,2026-06-26T11:03:55.365159-03:00,544.27,0.00,0.00,338.68,MIXTO,R7_MIXTO,5
ff253f24-25b2-4d7c-8799-c226970f4cc7,,R7,Ricardone → San Lorenzo,VALIDO,,2026-06-26T02:02:29.465382-03:00,2026-06-26T11:03:15.432417-03:00,540.77,0.00,0.00,334.02,MIXTO,R7_MIXTO,5
334fdbf3-8e02-4736-907d-d6d1016d9110,,R7,Ricardone → San Lorenzo,VALIDO,,2026-06-26T02:54:24.353759-03:00,2026-06-26T11:07:10.380002-03:00,492.77,140.93,12.82,339.02,MIXTO,R7_MIXTO,6
f117577e-8510-4539-b725-df7feeac6420__cycle_1,,R7,Ricardone → San Lorenzo,VALIDO,COMPLETO,2026-06-26T04:09:04.410733-03:00,2026-06-26T05:37:14.311308-03:00,88.17,78.09,10.07,0.00,MIXTO,R7_MIXTO,5
9c90f973-b87e-4d30-bd2b-5117f05e0e8a__cycle_2,,R7,Ricardone → San Lorenzo,VALIDO,COMPLETO,2026-06-26T04:16:49.310769-03:00,2026-06-26T05:35:19.30996-03:00,78.50,69.09,9.41,0.00,MIXTO,R7_MIXTO,5
81e3fa4a-c2d7-4a22-bb05-6a3299098e9d,,R7,Ricardone → San Lorenzo,VALIDO,COMPLETO,2026-06-26T04:26:14.443576-03:00,2026-06-26T05:33:34.999913-03:00,67.34,67.34,0.00,0.00,MIXTO,R7_MIXTO,5
23f052bb-02c8-44c5-9969-f9ecbcb92c6b,,R7,Ricardone → San Lorenzo,VALIDO,DEDUCIDO,2026-06-26T05:40:14.349054-03:00,2026-06-26T08:15:45.003529-03:00,155.51,155.51,0.00,0.00,MIXTO,R7_MIXTO,3
90ee9062-4b1c-4c91-a495-7057eed70ce8__cycle_1,,R7,Ricardone → San Lorenzo,VALIDO,,2026-06-26T05:57:44.373064-03:00,2026-06-26T12:30:45.497178-03:00,393.02,138.34,14.40,240.27,MIXTO,R7_MIXTO,7
5aacaacd-7807-4c1d-8563-9fb0c075a87a,,R7,Ricardone → San Lorenzo,VALIDO,,2026-06-26T06:07:09.494991-03:00,2026-06-26T13:52:35.629002-03:00,465.44,151.43,11.49,302.52,MIXTO,R7_MIXTO,6
3abcdc6c-127f-432d-a16d-b27f96ca81b4,,R7,Ricardone → San Lorenzo,VALIDO,,2026-06-26T07:15:05.446284-03:00,2026-06-26T13:30:50.630496-03:00,375.75,78.41,9.07,288.27,MIXTO,R7_MIXTO,7
870ca22b-6f4e-422a-ad9e-af89e4277985__cycle_2,,R7,Ricardone → San Lorenzo,VALIDO,,2026-06-26T07:19:14.308275-03:00,2026-06-26T12:41:05.51495-03:00,321.85,67.84,8.15,245.85,MIXTO,R7_MIXTO,6
71cca5fe-ff20-4231-9260-6e72e02f80e4,,R7,Ricardone → San Lorenzo,VALIDO,,2026-06-26T07:24:24.730368-03:00,2026-06-26T08:21:34.999828-03:00,57.17,57.17,0.00,0.00,MIXTO,R7_MIXTO,2
e50053f0-9b4b-4eb4-ba08-df81f2944a2e,,R7,Ricardone → San Lorenzo,VALIDO,,2026-06-26T07:28:34.477745-03:00,2026-06-26T12:59:00.674702-03:00,330.44,66.01,8.90,255.52,MIXTO,R7_MIXTO,6
59460c2d-2ae1-49c2-af65-359c837214bd__cycle_6,,R8,Recepción Mercadería Líquida,VALIDO,DEDUCIDO,2026-06-26T07:32:14.328643-03:00,2026-06-26T15:26:12.935499-03:00,473.98,,,,,,7
f5e39e21-2de1-418c-8c27-1e5bd48f3214__cycle_2,,R8,Recepción Mercadería Líquida,VALIDO,DEDUCIDO,2026-06-26T07:58:34.333911-03:00,2026-06-26T23:04:26.433555-03:00,905.87,,,,,,12
d362068d-67b0-456d-b1ca-ba1086826844__cycle_1,,R7,Ricardone → San Lorenzo,VALIDO,,2026-06-26T08:01:14.351512-03:00,2026-06-26T13:06:15.588781-03:00,305.02,35.01,8.82,261.19,MIXTO,R7_MIXTO,6
0e72f7fa-514b-446f-8dde-7f5447cc3fdb,,R7,Ricardone → San Lorenzo,VALIDO,,2026-06-26T08:04:54.296785-03:00,2026-06-26T14:12:50.735782-03:00,367.94,34.85,12.65,320.44,MIXTO,R7_MIXTO,6
df870388-0d59-4d0e-af64-734f7774b2d8__cycle_1,,R7,Ricardone → San Lorenzo,VALIDO,,2026-06-26T08:05:09.339357-03:00,2026-06-26T13:09:40.625223-03:00,304.52,33.93,12.57,258.02,MIXTO,R7_MIXTO,6
d28865a6-dabd-4224-9ce8-a79b8dbb6441__cycle_4,,R8,Recepción Mercadería Líquida,VALIDO,DEDUCIDO,2026-06-26T08:42:29.297829-03:00,2026-06-26T09:04:49.261707-03:00,22.33,,,,,,5
c003ca84-4eba-4941-8094-c05002cc5f9d,,R7,Ricardone → San Lorenzo,VALIDO,,2026-06-26T08:42:49.353278-03:00,2026-06-26T13:36:05.599309-03:00,293.27,101.76,8.99,182.52,MIXTO,R7_MIXTO,7
4dd401b6-6489-4a80-9758-806abb49053f__cycle_2,,R7,Ricardone → San Lorenzo,VALIDO,DEDUCIDO,2026-06-26T08:52:05.158574-03:00,2026-06-26T09:26:05.004376-03:00,34.00,34.00,0.00,0.00,MIXTO,R7_MIXTO,5
56198df5-c1d6-43b1-8302-1c165d9fb7cc__cycle_1,,R7,Ricardone → San Lorenzo,VALIDO,,2026-06-26T08:58:44.405443-03:00,2026-06-26T13:45:00.639098-03:00,286.27,91.34,11.40,183.52,MIXTO,R7_MIXTO,6
c7aa6cc1-1ff4-49b5-beb6-43c5c451bb92__cycle_3,,R7,Ricardone → San Lorenzo,VALIDO,,2026-06-26T09:05:34.335903-03:00,2026-06-26T13:40:00.614563-03:00,274.44,83.18,10.74,180.52,MIXTO,R7_MIXTO,6
e1c9ba16-f04b-4a37-b030-3c5df1c08b2c,,R7,Ricardone → San Lorenzo,VALIDO,,2026-06-26T09:11:09.335433-03:00,2026-06-26T13:22:05.662377-03:00,250.94,152.59,8.82,89.52,MIXTO,R7_MIXTO,6
a8c3c492-7b6a-4a83-bf83-af94e817db15__cycle_1,,R7,Ricardone → San Lorenzo,VALIDO,,2026-06-26T09:21:09.297284-03:00,2026-06-26T13:58:40.611665-03:00,277.52,69.35,11.65,196.52,MIXTO,R7_MIXTO,7
4b2d8d98-28da-4f8d-9ca3-ad55f14b33c1__cycle_5,,R8,Recepción Mercadería Líquida,VALIDO,DEDUCIDO,2026-06-26T09:25:49.302064-03:00,2026-06-26T09:54:24.283095-03:00,28.58,,,,,,4
a69c3bd1-e42a-4374-84b0-46fb1bdc6c70,,R7,Ricardone → San Lorenzo,VALIDO,,2026-06-26T09:28:29.391067-03:00,2026-06-26T13:57:50.601338-03:00,269.35,67.26,9.07,193.02,MIXTO,R7_MIXTO,7
019d2b84-44f3-4201-9784-802015d945ce,,R7,Ricardone → San Lorenzo,VALIDO,DEDUCIDO,2026-06-26T09:28:59.322369-03:00,2026-06-26T11:06:15.038246-03:00,97.26,97.26,0.00,0.00,MIXTO,R7_MIXTO,3
faa1a79f-c3c9-4cea-9d1e-798a8c9c2d60,,R7,Ricardone → San Lorenzo,VALIDO,,2026-06-26T09:31:54.323532-03:00,2026-06-26T14:31:25.751081-03:00,299.52,73.09,10.32,216.11,MIXTO,R7_MIXTO,7
590779ef-cfd6-4a64-9ca2-b432a8af02a5__cycle_1,,R7,Ricardone → San Lorenzo,VALIDO,,2026-06-26T09:34:39.326833-03:00,2026-06-26T14:32:40.707983-03:00,298.02,70.84,10.99,216.19,MIXTO,R7_MIXTO,6
29c6c33c-d575-4747-a704-5699386f5db9,,R7,Ricardone → San Lorenzo,VALIDO,,2026-06-26T09:35:14.329872-03:00,2026-06-26T14:30:50.750738-03:00,295.61,72.76,9.32,213.52,MIXTO,R7_MIXTO,6
026a9b9c-6d76-4e75-9d29-0f5ad303660a__cycle_1,,R7,Ricardone → San Lorenzo,VALIDO,,2026-06-26T09:49:35.295894-03:00,2026-06-26T17:42:01.008462-03:00,472.43,346.16,9.65,116.61,MIXTO,R7_MIXTO,7
49e6859d-06da-4515-9114-57e3e68f6ba2,,R7,Ricardone → San Lorenzo,VALIDO,,2026-06-26T10:00:59.328948-03:00,2026-06-26T13:35:15.620431-03:00,214.27,103.69,9.48,101.11,MIXTO,R7_MIXTO,6
8ce8ef4f-877c-4a45-9c4e-f91d1d6db2dc,,R7,Ricardone → San Lorenzo,VALIDO,DEDUCIDO,2026-06-26T10:04:24.410517-03:00,2026-06-26T15:05:30.016665-03:00,301.09,301.09,0.00,0.00,MIXTO,R7_MIXTO,4
1fc90927-3e1b-41d7-aaa4-48fa3d7c220b__cycle_2,,R8,Recepción Mercadería Líquida,VALIDO,DEDUCIDO,2026-06-26T10:04:44.292046-03:00,2026-06-26T17:36:26.936642-03:00,451.71,,,,,,8
8b7ed317-481c-4427-bf09-2b435aab635f,,R7,Ricardone → San Lorenzo,VALIDO,,2026-06-26T10:09:44.361278-03:00,2026-06-26T10:14:30.031706-03:00,4.76,4.76,0.00,0.00,MIXTO,R7_MIXTO,2
37d72d06-bb58-4329-ab10-ab5480b55200__cycle_2,,R7,Ricardone → San Lorenzo,VALIDO,,2026-06-26T10:18:39.287622-03:00,2026-06-26T14:14:00.732477-03:00,235.36,24.26,8.13,202.97,MIXTO,R7_MIXTO,6
e2b30900-b58b-4120-81eb-71192a3e74f5__cycle_2,,R8,Recepción Mercadería Líquida,VALIDO,DEDUCIDO,2026-06-26T10:37:59.298661-03:00,2026-06-26T18:19:51.084412-03:00,461.86,,,,,,8
15de4ab6-1050-4535-a5d1-5f4f228b1125__cycle_5,,R8,Recepción Mercadería Líquida,VALIDO,DEDUCIDO,2026-06-26T10:38:14.399165-03:00,2026-06-26T11:02:19.375795-03:00,24.08,,,,,,5
16fa3f06-80e0-4864-8f08-2a9453d123ee__cycle_3,,R7,Ricardone → San Lorenzo,VALIDO,COMPLETO,2026-06-26T10:38:39.318143-03:00,2026-06-26T15:08:19.92951-03:00,269.68,269.68,0.00,0.00,MIXTO,R7_MIXTO,4
e513bc13-24f3-4294-bf76-f8770f128d55,,R7,Ricardone → San Lorenzo,VALIDO,DEDUCIDO,2026-06-26T10:38:54.320736-03:00,2026-06-26T11:52:09.95763-03:00,73.26,73.26,0.00,0.00,MIXTO,R7_MIXTO,3
16e92f0c-12da-48a6-b4e8-6736a0a2265b,,R7,Ricardone → San Lorenzo,VALIDO,COMPLETO,2026-06-26T10:39:14.338536-03:00,2026-06-26T15:08:49.923124-03:00,269.59,269.59,0.00,0.00,MIXTO,R7_MIXTO,4
6d560d29-72f9-4802-8b49-44dab5f2b52c__cycle_2,,R7,Ricardone → San Lorenzo,VALIDO,,2026-06-26T10:42:34.286785-03:00,2026-06-26T14:43:15.717296-03:00,240.69,70.43,9.66,160.61,MIXTO,R7_MIXTO,6
212fd7b4-e782-4401-8190-dad68acf15c0__cycle_4,,R8,Recepción Mercadería Líquida,VALIDO,DEDUCIDO,2026-06-26T10:47:39.295454-03:00,2026-06-26T20:08:56.224612-03:00,561.28,,,,,,7
d8de24f9-d996-4734-a8a4-bf34ac73eed7__cycle_2,,R7,Ricardone → San Lorenzo,VALIDO,DEDUCIDO,2026-06-26T10:55:24.332344-03:00,2026-06-26T11:54:49.93275-03:00,59.43,59.43,0.00,0.00,MIXTO,R7_MIXTO,3
3eec3828-5ab1-4f41-a1ee-7f34d7163449__cycle_2,,R7,Ricardone → San Lorenzo,VALIDO,,2026-06-26T10:55:39.388344-03:00,2026-06-26T14:42:50.795805-03:00,227.19,60.76,8.66,157.77,MIXTO,R7_MIXTO,7
a2bd5d0c-81fb-476b-88d9-a282237130b9__cycle_2,,R7,Ricardone → San Lorenzo,VALIDO,,2026-06-26T10:56:14.323724-03:00,2026-06-26T14:51:00.776043-03:00,234.77,61.34,8.74,164.69,MIXTO,R7_MIXTO,7
8e4b99f4-144d-435d-a2ee-16a8f7de9dff,,R7,Ricardone → San Lorenzo,VALIDO,COMPLETO,2026-06-26T10:58:04.307463-03:00,2026-06-26T15:06:54.919502-03:00,248.84,66.43,0.00,0.00,MIXTO,R7_MIXTO,5
eb603e0d-b8ec-4178-b9c7-dcb92496c47a,,R7,Ricardone → San Lorenzo,VALIDO,,2026-06-26T11:04:09.40397-03:00,2026-06-26T15:02:25.793625-03:00,238.27,59.68,8.48,170.11,MIXTO,R7_MIXTO,7
884ffd14-5116-4106-a4b7-b15ee5baa45f,,R7,Ricardone → San Lorenzo,VALIDO,,2026-06-26T11:05:34.342694-03:00,2026-06-26T15:10:55.729032-03:00,245.36,60.93,7.99,176.44,MIXTO,R7_MIXTO,8
c470c9bf-25ed-4b2d-9435-8b76989a44c5__cycle_4,,R7,Ricardone → San Lorenzo,VALIDO,DEDUCIDO,2026-06-26T11:07:59.391428-03:00,2026-06-26T12:03:09.947102-03:00,55.18,55.18,0.00,0.00,MIXTO,R7_MIXTO,3
3ac2275d-f33d-4c1c-85ea-ab530bdd0253,,R7,Ricardone → San Lorenzo,VALIDO,,2026-06-26T11:15:04.455278-03:00,2026-06-26T15:16:30.755316-03:00,241.44,54.76,10.07,176.61,MIXTO,R7_MIXTO,6
51981355-2e79-4948-94b6-f4c5dcf1f8dd__cycle_1,,R7,Ricardone → San Lorenzo,VALIDO,,2026-06-26T11:15:24.325998-03:00,2026-06-26T15:17:25.774948-03:00,242.02,54.84,10.33,176.85,MIXTO,R7_MIXTO,6
38197f75-0c64-4d8c-83dd-775ed23e5045__cycle_2,,R7,Ricardone → San Lorenzo,VALIDO,,2026-06-26T11:24:49.284112-03:00,2026-06-26T15:01:50.708125-03:00,217.02,43.26,10.91,162.86,MIXTO,R7_MIXTO,7
d462b463-4048-40b8-8ea8-c8da23b1a1b9,,R7,Ricardone → San Lorenzo,VALIDO,,2026-06-26T11:30:54.357374-03:00,2026-06-26T15:18:35.753479-03:00,227.69,44.43,7.99,175.27,MIXTO,R7_MIXTO,7
64be0e09-37eb-4150-a1cc-1c2374b4c48d,,R7,Ricardone → San Lorenzo,VALIDO,,2026-06-26T11:31:44.32749-03:00,2026-06-26T15:27:50.756067-03:00,236.11,44.02,9.23,182.86,MIXTO,R7_MIXTO,7
df3c5c14-4dd7-4948-b61d-44ac04bae9c2,,R7,Ricardone → San Lorenzo,VALIDO,DEDUCIDO,2026-06-26T11:34:09.320574-03:00,2026-06-26T12:17:44.993672-03:00,43.59,43.59,0.00,0.00,MIXTO,R7_MIXTO,3
a1b9acc2-3694-4394-847e-360fbab356c6__cycle_1,,R7,Ricardone → San Lorenzo,VALIDO,,2026-06-26T11:34:34.316581-03:00,2026-06-26T14:41:35.724739-03:00,187.02,43.76,12.57,130.69,MIXTO,R7_MIXTO,7
366ef4c7-5d26-4983-bf5c-d3e92e4d082e,,R7,Ricardone → San Lorenzo,VALIDO,,2026-06-26T11:36:34.34209-03:00,2026-06-26T15:52:25.822668-03:00,255.86,51.60,9.90,194.36,MIXTO,R7_MIXTO,6
ae741064-c79c-4833-b79f-010a55ab2e46,,R7,Ricardone → San Lorenzo,VALIDO,DEDUCIDO,2026-06-26T11:37:49.289052-03:00,2026-06-26T12:18:45.00144-03:00,40.93,40.93,0.00,0.00,MIXTO,R7_MIXTO,3
9c375315-bb17-4ac6-8778-e560e0fed229,,R7,Ricardone → San Lorenzo,VALIDO,COMPLETO,2026-06-26T11:38:34.277548-03:00,2026-06-26T12:27:49.940629-03:00,49.26,49.26,0.00,0.00,MIXTO,R7_MIXTO,13
2b96e557-b085-4d13-8f27-ed6672f71b28,,R7,Ricardone → San Lorenzo,VALIDO,,2026-06-26T11:47:19.321878-03:00,2026-06-26T15:47:40.876561-03:00,240.36,41.76,10.41,188.19,MIXTO,R7_MIXTO,7
78061f85-4733-4572-bfec-e69ac311b4ae__cycle_2,,R7,Ricardone → San Lorenzo,VALIDO,DEDUCIDO,2026-06-26T11:49:49.300838-03:00,2026-06-26T12:28:44.940304-03:00,38.93,38.93,0.00,0.00,MIXTO,R7_MIXTO,3
03381aaf-e0f3-43bd-b7d6-93c559064fc2,,R7,Ricardone → San Lorenzo,VALIDO,,2026-06-26T11:52:29.374132-03:00,2026-06-26T15:57:10.828928-03:00,244.69,41.93,8.90,193.86,MIXTO,R7_MIXTO,8
c7408f98-3ddc-40bb-9e34-713584adbcac,,R7,Ricardone → San Lorenzo,VALIDO,,2026-06-26T11:52:49.322624-03:00,2026-06-26T15:51:50.81969-03:00,239.02,76.51,13.66,148.86,MIXTO,R7_MIXTO,6
2e0b2726-1a43-485e-803c-2c6d4e7d446b__cycle_2,,R7,Ricardone → San Lorenzo,VALIDO,,2026-06-26T11:53:09.294785-03:00,2026-06-26T11:59:39.932136-03:00,6.51,6.51,0.00,0.00,MIXTO,R7_MIXTO,2
db2910b0-de7e-4466-8eac-97e9d5abee69__cycle_1,,R7,Ricardone → San Lorenzo,VALIDO,,2026-06-26T12:10:49.372388-03:00,2026-06-26T15:58:50.830463-03:00,228.02,67.59,13.15,147.28,MIXTO,R7_MIXTO,6
0b28dbd0-203d-4832-bd5a-4c82a4963dcb__cycle_1,,R7,Ricardone → San Lorenzo,VALIDO,,2026-06-26T12:13:34.331326-03:00,2026-06-26T16:05:20.831573-03:00,231.78,67.60,12.98,151.19,MIXTO,R7_MIXTO,6
e346f265-a44c-49f9-8e99-b478c1d71ed6__cycle_2,,R7,Ricardone → San Lorenzo,VALIDO,,2026-06-26T12:14:49.329215-03:00,2026-06-26T16:04:30.828882-03:00,229.69,66.93,13.57,149.19,MIXTO,R7_MIXTO,6
ddf0474c-61b9-4f29-8587-d3da894069e1__cycle_2,,R8,Recepción Mercadería Líquida,VALIDO,DEDUCIDO,2026-06-26T12:17:09.317626-03:00,2026-06-26T13:16:34.237796-03:00,59.42,,,,,,5
c0dc410f-aeee-4649-8233-7d5eca068c41,,R7,Ricardone → San Lorenzo,VALIDO,,2026-06-26T12:23:24.278627-03:00,2026-06-26T15:59:55.834226-03:00,216.53,55.51,13.49,147.53,MIXTO,R7_MIXTO,7
1d450df6-e63d-41e8-b219-f20ba46a9244__cycle_2,,R8,Recepción Mercadería Líquida,VALIDO,DEDUCIDO,2026-06-26T12:25:59.729925-03:00,2026-06-26T20:57:56.363776-03:00,511.94,,,,,,7
4a8c7c80-9996-47cc-a396-cff3c7682755,,R7,Ricardone → San Lorenzo,VALIDO,COMPLETO,2026-06-26T12:26:29.402694-03:00,2026-06-26T13:50:54.987637-03:00,84.43,84.43,0.00,0.00,MIXTO,R7_MIXTO,5
739be278-8a1a-4eae-8b35-3b11625d83f4__cycle_2,,R8,Recepción Mercadería Líquida,VALIDO,DEDUCIDO,2026-06-26T12:43:49.284852-03:00,2026-06-26T13:32:54.287782-03:00,49.08,,,,,,5
ac5c166d-20bd-4da5-9351-b8a8dd6a5dba__cycle_2,,R8,Recepción Mercadería Líquida,VALIDO,DEDUCIDO,2026-06-26T12:43:59.288794-03:00,2026-06-26T21:15:51.35272-03:00,511.87,,,,,,7
67ac1cd5-de89-4a1c-85aa-cc15e9edd768,,R7,Ricardone → San Lorenzo,VALIDO,,2026-06-26T12:46:04.326873-03:00,2026-06-26T16:10:00.839614-03:00,203.94,47.68,11.15,145.11,MIXTO,R7_MIXTO,7
4799178c-2bf9-4649-a849-aa52366a68a7__cycle_4,,R8,Recepción Mercadería Líquida,VALIDO,DEDUCIDO,2026-06-26T12:51:09.29052-03:00,2026-06-26T13:40:49.24237-03:00,49.67,,,,,,5
72311abf-84e2-44b2-a389-d9c8b22733ce,,R7,Ricardone → San Lorenzo,VALIDO,DEDUCIDO,2026-06-26T12:51:29.339138-03:00,2026-06-26T15:07:20.218956-03:00,135.85,135.85,0.00,0.00,MIXTO,R7_MIXTO,3
72d4366e-9419-42cc-b4a6-8a705a481ffc,,R7,Ricardone → San Lorenzo,VALIDO,,2026-06-26T12:52:44.294437-03:00,2026-06-26T16:32:50.834243-03:00,220.11,48.26,10.33,161.52,MIXTO,R7_MIXTO,7
37cb9eab-3d96-4e14-94da-3bf39f5f6bd8__cycle_2,,R7,Ricardone → San Lorenzo,VALIDO,,2026-06-26T12:54:04.346196-03:00,2026-06-26T16:15:30.844884-03:00,201.44,46.01,8.07,147.36,MIXTO,R7_MIXTO,6
37b41b9f-5e6b-453a-a505-5c9739ccff86__cycle_2,,R7,Ricardone → San Lorenzo,VALIDO,,2026-06-26T12:54:29.398349-03:00,2026-06-26T16:54:20.955079-03:00,239.86,7.01,9.16,223.69,MIXTO,R7_MIXTO,118
58d5707e-4ef8-4fc8-86bf-9d9a20de0d2e__cycle_2,,R7,Ricardone → San Lorenzo,VALIDO,,2026-06-26T12:54:39.305668-03:00,2026-06-26T17:06:01.019747-03:00,251.36,8.09,8.57,234.70,MIXTO,R7_MIXTO,8
d6c8d3cc-622f-4a40-b54a-4c21b4e1f8e4__cycle_2,,R7,Ricardone → San Lorenzo,VALIDO,DEDUCIDO,2026-06-26T12:55:09.306215-03:00,2026-06-26T13:03:34.961528-03:00,8.43,8.43,0.00,0.00,MIXTO,R7_MIXTO,3
cdee69ba-c009-451a-9be3-ebcb516dc617__cycle_2,,R7,Ricardone → San Lorenzo,VALIDO,,2026-06-26T12:55:49.309229-03:00,2026-06-26T18:26:10.199863-03:00,330.35,8.59,8.91,312.85,MIXTO,R7_MIXTO,66
80522b74-318b-425c-83eb-14320bf6fb45__cycle_2,,R7,Ricardone → San Lorenzo,VALIDO,DEDUCIDO,2026-06-26T13:04:24.291524-03:00,2026-06-26T15:07:49.924858-03:00,123.43,123.43,0.00,0.00,MIXTO,R7_MIXTO,3
6ee58975-52c3-41de-8469-7132cd490fa4__cycle_2,,R7,Ricardone → San Lorenzo,VALIDO,,2026-06-26T13:15:49.315052-03:00,2026-06-26T16:15:00.825625-03:00,179.19,19.84,10.74,148.61,MIXTO,R7_MIXTO,6
cd4380dc-fd9c-4d5f-8c46-1288a0a38965,,R7,Ricardone → San Lorenzo,VALIDO,,2026-06-26T13:19:49.299324-03:00,2026-06-26T16:25:15.969105-03:00,185.44,25.34,9.15,150.95,MIXTO,R7_MIXTO,6
c271b445-46e1-4b1c-a3d0-5559d1ff2b03,,R7,Ricardone → San Lorenzo,VALIDO,,2026-06-26T13:21:09.933248-03:00,2026-06-26T16:28:05.852469-03:00,186.93,24.67,9.32,152.94,MIXTO,R7_MIXTO,6
43ccf3a6-7a80-4994-a06b-28849d5150db,,R7,Ricardone → San Lorenzo,VALIDO,,2026-06-26T13:21:29.348701-03:00,2026-06-26T16:34:10.827464-03:00,192.69,25.18,12.32,155.19,MIXTO,R7_MIXTO,7
c1597de1-07cd-4e47-b2e7-cc44f7b669f0__cycle_3,,R7,Ricardone → San Lorenzo,VALIDO,DEDUCIDO,2026-06-26T13:23:29.305809-03:00,2026-06-26T13:46:14.980848-03:00,22.76,22.76,0.00,0.00,MIXTO,R7_MIXTO,3
b933f506-f273-4742-b6b5-66e097a5db51__cycle_1,,R7,Ricardone → San Lorenzo,VALIDO,,2026-06-26T13:23:44.405545-03:00,2026-06-26T16:38:35.838671-03:00,194.86,27.84,8.65,158.36,MIXTO,R7_MIXTO,8
7e752598-a2c9-4d06-8ca4-cb752fd3ef31,,R7,Ricardone → San Lorenzo,VALIDO,,2026-06-26T13:23:59.328755-03:00,2026-06-26T16:39:40.854948-03:00,195.69,28.01,9.49,158.19,MIXTO,R7_MIXTO,7
6b941b7a-1bd2-4fe3-a702-57951ce671c3__cycle_1,,R7,Ricardone → San Lorenzo,VALIDO,,2026-06-26T13:24:09.323298-03:00,2026-06-26T16:46:10.94134-03:00,202.03,33.93,9.66,158.44,MIXTO,R7_MIXTO,6
eba6de05-a144-43d7-a627-887238bb3ea4,,R7,Ricardone → San Lorenzo,VALIDO,,2026-06-26T13:25:19.337606-03:00,2026-06-26T16:42:45.851085-03:00,197.44,28.26,10.24,158.94,MIXTO,R7_MIXTO,7
76d27b4b-06c6-4a8a-9e54-6b594638bf10,,R7,Ricardone → San Lorenzo,VALIDO,,2026-06-26T13:30:29.349523-03:00,2026-06-26T16:47:40.948226-03:00,197.19,29.76,8.82,158.61,MIXTO,R7_MIXTO,6
a44df25c-d5c5-469f-80e4-36fb79420d08,,R7,Ricardone → San Lorenzo,VALIDO,,2026-06-26T13:30:44.316349-03:00,2026-06-26T18:04:41.026113-03:00,273.95,129.26,9.40,135.28,MIXTO,R7_MIXTO,7
86c973c0-4f0d-475a-94eb-d307b95ee3d0,,R7,Ricardone → San Lorenzo,VALIDO,DEDUCIDO,2026-06-26T13:32:59.360515-03:00,2026-06-26T14:01:19.984364-03:00,28.34,28.34,0.00,0.00,MIXTO,R7_MIXTO,3
0427ea51-a043-43ca-984d-64996a89683a,,R7,Ricardone → San Lorenzo,VALIDO,DEDUCIDO,2026-06-26T13:35:49.407233-03:00,2026-06-26T14:02:04.981886-03:00,26.26,26.26,0.00,0.00,MIXTO,R7_MIXTO,3
326f7537-28ae-4217-86c1-f454cb617846__cycle_5,,R8,Recepción Mercadería Líquida,VALIDO,DEDUCIDO,2026-06-26T13:42:36.053783-03:00,2026-06-26T22:46:01.467284-03:00,543.42,,,,,,9
f7beee5e-bd21-41d5-9e0b-592e6821b301,,R7,Ricardone → San Lorenzo,VALIDO,,2026-06-26T13:43:14.300396-03:00,2026-06-26T16:56:36.599827-03:00,193.37,20.01,8.99,164.37,MIXTO,R7_MIXTO,7
ee1f7625-2e11-44bc-913c-dbd3b89b1829__cycle_2,,R7,Ricardone → San Lorenzo,VALIDO,,2026-06-26T13:52:44.319292-03:00,2026-06-26T16:57:05.960104-03:00,184.36,11.26,8.99,164.11,MIXTO,R7_MIXTO,8
1d9455ec-cd9e-4e68-91c1-321d25563044,,R7,Ricardone → San Lorenzo,VALIDO,,2026-06-26T13:53:09.360596-03:00,2026-06-26T17:07:06.582079-03:00,193.95,12.93,8.49,172.54,MIXTO,R7_MIXTO,8
5f6d9613-0767-496a-af03-c92fa328d3f1,,R7,Ricardone → San Lorenzo,VALIDO,,2026-06-26T13:59:19.307214-03:00,2026-06-26T17:40:25.968682-03:00,221.11,85.34,10.57,125.19,MIXTO,R7_MIXTO,8
3c8ba885-7a2b-406a-8c4b-714036cbd383,,R7,Ricardone → San Lorenzo,VALIDO,DEDUCIDO,2026-06-26T14:02:04.38136-03:00,2026-06-26T15:37:34.924188-03:00,95.51,95.51,0.00,0.00,MIXTO,R7_MIXTO,3
d88d4c7a-917c-4b24-8170-45fda0389ca5__cycle_1,,R7,Ricardone → San Lorenzo,VALIDO,,2026-06-26T14:03:39.318872-03:00,2026-06-26T17:34:46.182187-03:00,211.11,87.84,9.16,114.11,MIXTO,R7_MIXTO,6
31d8a4cc-9c82-4c60-8825-de461cc16339,,R7,Ricardone → San Lorenzo,VALIDO,,2026-06-26T14:04:19.362039-03:00,2026-06-26T17:46:15.96702-03:00,221.94,88.59,8.91,124.44,MIXTO,R7_MIXTO,6
3c7b88c9-e935-4e1b-bdff-07d1d55b8e67,,R7,Ricardone → San Lorenzo,VALIDO,DEDUCIDO,2026-06-26T14:04:59.312824-03:00,2026-06-26T16:07:59.948487-03:00,123.01,123.01,0.00,0.00,MIXTO,R7_MIXTO,3
d5a67dfb-6449-4556-ba8b-fbc18a667868,,R7,Ricardone → San Lorenzo,VALIDO,DEDUCIDO,2026-06-26T14:05:54.395556-03:00,2026-06-26T15:37:09.923508-03:00,91.26,91.26,0.00,0.00,MIXTO,R7_MIXTO,3
5c5f25cf-49ca-4b8e-823a-011e592a98e2__cycle_1,,R8,Recepción Mercadería Líquida,VALIDO,DEDUCIDO,2026-06-26T14:08:24.380961-03:00,2026-06-26T14:41:24.296767-03:00,33.00,,,,,,5
26453077-24b9-4c1b-a517-fddd0ba12e5a__cycle_2,,R7,Ricardone → San Lorenzo,VALIDO,,2026-06-26T14:16:39.349682-03:00,2026-06-26T17:44:30.94793-03:00,207.86,77.87,8.38,121.61,MIXTO,R7_MIXTO,7
76654c8b-680c-455c-a5fd-d7d3a7729680__cycle_3,,R5,Recepción Volcable 1,VALIDO,DEDUCIDO,2026-06-26T14:16:59.355036-03:00,2026-06-26T15:37:17.955878-03:00,80.31,,,,,,5
750078d8-1d41-405b-bbee-ad84ce3318f3,,R7,Ricardone → San Lorenzo,VALIDO,DEDUCIDO,2026-06-26T14:27:39.322134-03:00,2026-06-26T15:39:19.96439-03:00,71.68,71.68,0.00,0.00,MIXTO,R7_MIXTO,3
d63444de-652e-4cef-a0bd-25e688ae738b__cycle_2,,R7,Ricardone → San Lorenzo,VALIDO,,2026-06-26T14:28:39.320974-03:00,2026-06-26T18:10:01.168221-03:00,221.36,73.43,8.32,139.62,MIXTO,R7_MIXTO,8
7d2decdf-0c24-470f-9677-12acdd87d74d,,R7,Ricardone → San Lorenzo,VALIDO,,2026-06-26T14:31:04.330837-03:00,2026-06-26T20:19:26.208865-03:00,348.36,79.93,8.24,260.20,MIXTO,R7_MIXTO,6
a9bc6e81-facc-4e13-8eba-99e9e6c751c2__cycle_2,,R7,Ricardone → San Lorenzo,VALIDO,,2026-06-26T14:31:19.311382-03:00,2026-06-26T18:09:06.078866-03:00,217.78,73.93,7.82,136.03,MIXTO,R7_MIXTO,7
8eb34b28-25c9-4d88-959a-c0ff02a0cefe,,R7,Ricardone → San Lorenzo,VALIDO,,2026-06-26T14:34:39.319874-03:00,2026-06-26T20:39:26.185114-03:00,364.78,92.93,11.49,260.37,MIXTO,R7_MIXTO,6
69a934cb-9bb3-42d8-955f-7d1ff9094173,,R7,Ricardone → San Lorenzo,VALIDO,DEDUCIDO,2026-06-26T14:38:59.37558-03:00,2026-06-26T18:03:10.001213-03:00,204.18,204.18,0.00,0.00,MIXTO,R7_MIXTO,3
e1c7e5d5-7a90-4d10-9e34-961a02c72e0d,,R7,Ricardone → San Lorenzo,VALIDO,DEDUCIDO,2026-06-26T14:40:49.340474-03:00,2026-06-26T15:56:25.669596-03:00,75.61,75.61,0.00,0.00,MIXTO,R7_MIXTO,3
2d7f4270-e0cc-4622-898f-79813dca5f85__cycle_2,,R7,Ricardone → San Lorenzo,VALIDO,,2026-06-26T14:41:44.316404-03:00,2026-06-26T20:17:16.197342-03:00,335.53,71.43,7.24,256.87,MIXTO,R7_MIXTO,6
b8fd32ca-0b99-4d06-85b1-0c2417721ab3__cycle_1,,R7,Ricardone → San Lorenzo,VALIDO,,2026-06-26T14:44:29.355144-03:00,2026-06-26T20:26:31.222695-03:00,342.03,77.35,11.65,253.03,MIXTO,R7_MIXTO,7
bacd2b1b-b984-452d-a7b5-edcb50ef7d59,,R7,Ricardone → San Lorenzo,VALIDO,,2026-06-26T14:50:24.410709-03:00,2026-06-26T20:37:01.210751-03:00,346.61,69.59,8.57,268.45,MIXTO,R7_MIXTO,7
9c892db7-3da7-43eb-8b7d-83142ad9319b__cycle_1,,R7,Ricardone → San Lorenzo,VALIDO,,2026-06-26T15:02:29.526578-03:00,2026-06-26T20:38:36.211471-03:00,336.11,103.51,8.66,223.94,MIXTO,R7_MIXTO,6
28a41121-42dd-4154-b646-eaea2d732e05,,R7,Ricardone → San Lorenzo,VALIDO,COMPLETO,2026-06-26T15:05:04.846534-03:00,2026-06-26T18:05:50.008827-03:00,180.75,180.75,0.00,0.00,MIXTO,R7_MIXTO,7
61943fd7-ac37-4709-b885-813762e0a8ab,,R7,Ricardone → San Lorenzo,VALIDO,,2026-06-26T15:10:39.366196-03:00,2026-06-26T20:38:11.180604-03:00,327.53,97.34,10.99,219.20,MIXTO,R7_MIXTO,6
522cd1bc-8cb5-4911-92de-f7ddbfe17fd9,,R7,Ricardone → San Lorenzo,VALIDO,DEDUCIDO,2026-06-26T15:10:49.363562-03:00,2026-06-26T16:50:14.976433-03:00,99.43,99.43,0.00,0.00,MIXTO,R7_MIXTO,3
8045cd49-6cb9-4d6b-8178-a401f876a81d__cycle_2,,R7,Ricardone → San Lorenzo,VALIDO,COMPLETO,2026-06-26T15:21:04.252679-03:00,2026-06-26T20:00:54.95516-03:00,279.85,279.85,0.00,0.00,MIXTO,R7_MIXTO,4
5a6ad1f5-1d67-49cb-9ef2-b7afa180619b,,R7,Ricardone → San Lorenzo,VALIDO,,2026-06-26T15:22:24.447565-03:00,2026-06-26T16:50:54.974057-03:00,88.51,88.51,0.00,0.00,MIXTO,R7_MIXTO,2
723985d2-a70b-4357-961f-af84675f7969__cycle_1,,R7,Ricardone → San Lorenzo,VALIDO,,2026-06-26T15:29:49.387294-03:00,2026-06-26T20:49:11.282266-03:00,319.36,81.68,11.40,226.28,MIXTO,R7_MIXTO,7
d08cef23-37d6-4367-bd2c-ca1075d5e431,,R7,Ricardone → San Lorenzo,VALIDO,,2026-06-26T15:33:29.261281-03:00,2026-06-26T20:59:01.317973-03:00,325.53,83.68,11.57,230.28,MIXTO,R7_MIXTO,6
a3cf25dc-0c85-4335-96d3-0c7588e67c07,,R7,Ricardone → San Lorenzo,VALIDO,DEDUCIDO,2026-06-26T15:33:39.274576-03:00,2026-06-26T16:57:39.953587-03:00,84.01,84.01,0.00,0.00,MIXTO,R7_MIXTO,3
6d53725f-0d4c-48db-8403-7b16c4e5ca19__cycle_3,,R7,Ricardone → San Lorenzo,VALIDO,DEDUCIDO,2026-06-26T15:38:14.22308-03:00,2026-06-26T17:01:24.972925-03:00,83.18,83.18,0.00,0.00,MIXTO,R7_MIXTO,3
b0c25c39-ecc0-413d-9ded-5c8b47c2ba00__cycle_2,,R7,Ricardone → San Lorenzo,VALIDO,,2026-06-26T15:38:54.267207-03:00,2026-06-26T21:12:36.332199-03:00,333.70,84.35,11.66,237.70,MIXTO,R7_MIXTO,8
fdf1f9a5-5188-467d-98c6-379a70bbcbfa__cycle_3,,R7,Ricardone → San Lorenzo,VALIDO,DEDUCIDO,2026-06-26T15:40:04.320512-03:00,2026-06-26T16:58:54.969711-03:00,78.84,78.84,0.00,0.00,MIXTO,R7_MIXTO,3
955dcea0-41fb-4b3b-9353-2a53fce1ba5d,,R7,Ricardone → San Lorenzo,VALIDO,,2026-06-26T15:40:55.942151-03:00,2026-06-26T21:10:21.326467-03:00,329.42,80.15,10.07,239.20,MIXTO,R7_MIXTO,6
2689a74c-99f0-4ef4-b908-15907305eda1__cycle_4,,R7,Ricardone → San Lorenzo,VALIDO,,2026-06-26T15:41:29.259585-03:00,2026-06-26T21:07:11.307599-03:00,325.70,80.85,11.41,233.45,MIXTO,R7_MIXTO,7
8e817e70-33fa-4297-a939-cfa6ff8a401b,,R7,Ricardone → San Lorenzo,VALIDO,DEDUCIDO,2026-06-26T15:45:34.277611-03:00,2026-06-26T20:01:29.963447-03:00,255.93,255.93,0.00,0.00,MIXTO,R7_MIXTO,3
50c0f52a-9886-4553-a84e-70187edca7aa,,R7,Ricardone → San Lorenzo,VALIDO,DEDUCIDO,2026-06-26T15:56:19.268567-03:00,2026-06-26T17:10:40.091423-03:00,74.35,74.35,0.00,0.00,MIXTO,R7_MIXTO,3
19e908cc-2718-452c-abdb-d0c1169a6778,,R7,Ricardone → San Lorenzo,VALIDO,DEDUCIDO,2026-06-26T15:56:39.238192-03:00,2026-06-26T17:12:09.963936-03:00,75.51,75.51,0.00,0.00,MIXTO,R7_MIXTO,3
11e2bbb4-ec5d-46e4-b35d-7e5464275c58,,R7,Ricardone → San Lorenzo,VALIDO,,2026-06-26T15:57:04.225259-03:00,2026-06-26T21:37:51.315759-03:00,340.78,80.10,9.99,250.70,MIXTO,R7_MIXTO,6
5f078cee-8ca4-466a-a65a-95ba02e5613d__cycle_2,,R7,Ricardone → San Lorenzo,VALIDO,DEDUCIDO,2026-06-26T15:59:24.215875-03:00,2026-06-26T17:11:19.972707-03:00,71.93,71.93,0.00,0.00,MIXTO,R7_MIXTO,3
0b0983cf-5944-4b73-9edf-f48cef223822__cycle_2,,R7,Ricardone → San Lorenzo,VALIDO,DEDUCIDO,2026-06-26T16:10:24.262954-03:00,2026-06-26T17:12:29.963094-03:00,62.10,62.10,0.00,0.00,MIXTO,R7_MIXTO,3
cb2984d5-246b-4609-90ce-98c8972962ac__cycle_3,,R7,Ricardone → San Lorenzo,VALIDO,,2026-06-26T16:10:39.301798-03:00,2026-06-26T21:28:06.293317-03:00,317.45,62.51,10.07,244.87,MIXTO,R7_MIXTO,6
ef583387-cabc-453d-8164-e93d9c3d7b63__cycle_1,,R7,Ricardone → San Lorenzo,VALIDO,,2026-06-26T16:11:14.272723-03:00,2026-06-26T21:39:21.303411-03:00,328.12,63.68,8.82,255.62,MIXTO,R7_MIXTO,6
ad36cea8-4b94-4358-9f49-a51230fc09fe,,R7,Ricardone → San Lorenzo,VALIDO,,2026-06-26T16:12:49.264007-03:00,2026-06-26T23:26:36.544874-03:00,433.79,230.60,13.99,189.21,MIXTO,R7_MIXTO,6
50422557-573d-4222-a314-a5a0b44b25ed__cycle_2,,R7,Ricardone → San Lorenzo,VALIDO,,2026-06-26T16:19:19.218239-03:00,2026-06-26T21:38:46.309739-03:00,319.45,60.18,11.32,247.95,MIXTO,R7_MIXTO,7
ea6036c7-2a09-45a5-9816-d27b79c98821__cycle_2,,R7,Ricardone → San Lorenzo,VALIDO,,2026-06-26T16:26:39.278213-03:00,2026-06-26T21:43:46.297348-03:00,317.12,55.43,9.49,252.20,MIXTO,R7_MIXTO,9
87c9f866-7783-45a6-8321-0504b5dd95f2__cycle_2,,R7,Ricardone → San Lorenzo,VALIDO,,2026-06-26T16:27:04.23617-03:00,2026-06-26T21:48:21.350595-03:00,321.29,57.18,8.07,256.03,MIXTO,R7_MIXTO,6
72bf3997-d080-4761-a762-f555dd2da0fc__cycle_1,,R7,Ricardone → San Lorenzo,VALIDO,,2026-06-26T16:32:24.24244-03:00,2026-06-26T21:45:51.315564-03:00,313.45,56.10,8.32,249.03,MIXTO,R7_MIXTO,7
b73cfd37-ecdd-4c36-85cf-f04da3aabf63,,R7,Ricardone → San Lorenzo,VALIDO,,2026-06-26T16:35:29.233106-03:00,2026-06-26T21:58:11.348073-03:00,322.70,54.43,9.57,258.70,MIXTO,R7_MIXTO,7
5c5dfaef-f968-4b85-8342-367b50f876ab__cycle_1,,R7,Ricardone → San Lorenzo,VALIDO,,2026-06-26T16:37:24.368994-03:00,2026-06-26T21:58:51.323481-03:00,321.45,58.43,8.74,254.28,MIXTO,R7_MIXTO,7
cb1d2f58-22b6-4bce-bd50-52a7c2c3cb8c,,R7,Ricardone → San Lorenzo,VALIDO,DEDUCIDO,2026-06-26T16:39:59.265187-03:00,2026-06-26T20:01:59.948269-03:00,202.01,202.01,0.00,0.00,MIXTO,R7_MIXTO,3
48ff44c2-6dc2-405d-a9a3-fd061e563854__cycle_2,,R7,Ricardone → San Lorenzo,VALIDO,,2026-06-26T16:42:14.25231-03:00,2026-06-26T22:55:06.416428-03:00,372.87,98.85,10.49,263.53,MIXTO,R7_MIXTO,8
21583f7c-5d44-4144-9877-c6b9ec4f1415,,R7,Ricardone → San Lorenzo,VALIDO,COMPLETO,2026-06-26T16:49:39.287581-03:00,2026-06-26T17:46:59.248944-03:00,57.33,47.76,9.57,0.00,MIXTO,R7_MIXTO,5
0a6d6984-f5ef-48f8-8fb4-24fb5b5946f0,,R7,Ricardone → San Lorenzo,VALIDO,COMPLETO,2026-06-26T16:58:24.250418-03:00,2026-06-26T17:39:55.000439-03:00,41.51,41.51,0.00,0.00,MIXTO,R7_MIXTO,4
5f445005-dc0b-41cd-be5d-ade756857265__cycle_1,,R7,Ricardone → San Lorenzo,VALIDO,,2026-06-26T17:03:49.316198-03:00,2026-06-26T22:12:26.418786-03:00,308.62,42.76,9.24,256.62,MIXTO,R7_MIXTO,6
ec5f21b5-49f3-4243-9b82-0ed7d458d7ce__cycle_1,,R7,Ricardone → San Lorenzo,VALIDO,DEDUCIDO,2026-06-26T17:04:54.639977-03:00,2026-06-26T20:56:06.2148-03:00,231.19,45.26,0.00,0.00,MIXTO,R7_MIXTO,5
639b72b7-7eb9-4096-9d8e-643644605f14,,R7,Ricardone → San Lorenzo,VALIDO,COMPLETO,2026-06-26T17:06:04.301821-03:00,2026-06-26T17:57:19.261071-03:00,51.25,42.01,9.24,0.00,MIXTO,R7_MIXTO,5
9a2bedae-24c5-4c06-aebc-6ae92a064fbb,,R7,Ricardone → San Lorenzo,VALIDO,,2026-06-26T17:19:14.299654-03:00,2026-06-26T22:16:26.491687-03:00,297.20,31.51,9.82,255.87,MIXTO,R7_MIXTO,7
dacf550a-356e-4efe-87c6-8dda5456ba53__cycle_2,,R7,Ricardone → San Lorenzo,VALIDO,,2026-06-26T17:21:19.235652-03:00,2026-06-26T22:26:31.457324-03:00,305.20,30.51,9.65,265.04,MIXTO,R7_MIXTO,7
8aa0e0b3-fa26-43c2-a639-e239a0b5398d,,R7,Ricardone → San Lorenzo,VALIDO,,2026-06-26T17:25:04.306115-03:00,2026-06-26T23:32:47.912197-03:00,367.73,157.84,13.90,195.98,MIXTO,R7_MIXTO,7
84c21e63-36e6-436c-a4cf-4df3e42ec5a4,,R7,Ricardone → San Lorenzo,VALIDO,,2026-06-26T17:25:44.294935-03:00,2026-06-26T22:21:36.739932-03:00,295.87,36.26,8.99,250.62,MIXTO,R7_MIXTO,7
cd8d4e5b-0f38-4f89-88ed-e45222d1a1b9,,R7,Ricardone → San Lorenzo,VALIDO,DEDUCIDO,2026-06-26T17:29:24.256741-03:00,2026-06-26T18:04:59.987768-03:00,35.60,35.60,0.00,0.00,MIXTO,R7_MIXTO,3
04c86312-be2b-4de5-acc8-d408920ffc1d,,R7,Ricardone → San Lorenzo,VALIDO,,2026-06-26T17:33:54.242071-03:00,2026-06-26T22:34:06.417253-03:00,300.20,32.68,9.82,257.70,MIXTO,R7_MIXTO,6
42260a72-761c-47a4-91dd-81965374cbf2,,R7,Ricardone → San Lorenzo,VALIDO,,2026-06-26T17:39:04.392443-03:00,2026-06-26T22:31:36.457906-03:00,292.53,29.43,8.57,254.54,MIXTO,R7_MIXTO,9
265f73e8-1414-4834-9e68-fb1cb18606af,,R7,Ricardone → San Lorenzo,VALIDO,,2026-06-26T17:45:44.238014-03:00,2026-06-26T22:37:36.421449-03:00,291.87,23.93,9.23,258.70,MIXTO,R7_MIXTO,7
0149be4c-b4ca-47d3-922b-8597f858e6cb__cycle_2,,R7,Ricardone → San Lorenzo,VALIDO,COMPLETO,2026-06-26T17:49:54.244988-03:00,2026-06-26T18:15:00.000192-03:00,25.10,25.10,0.00,0.00,MIXTO,R7_MIXTO,4
c8e29469-e275-4b1e-a62f-9d3c5ad634ff__cycle_3,,R7,Ricardone → San Lorenzo,VALIDO,,2026-06-26T17:51:34.237743-03:00,2026-06-26T22:48:46.426442-03:00,297.20,25.85,10.07,261.29,MIXTO,R7_MIXTO,7
decc6417-83b8-4dcb-839f-d059e1c2a1ea,,R7,Ricardone → San Lorenzo,VALIDO,,2026-06-26T17:54:39.393034-03:00,2026-06-26T22:50:21.448939-03:00,295.70,23.10,10.74,261.87,MIXTO,R7_MIXTO,7
324a1e06-b386-4aba-8cdb-95b0d10fe842,,R7,Ricardone → San Lorenzo,VALIDO,,2026-06-26T17:56:11.076777-03:00,2026-06-26T22:42:46.421402-03:00,286.59,19.90,10.57,256.12,MIXTO,R7_MIXTO,8
28c002d5-b62f-41b8-81e0-00017c0a4b07,,R7,Ricardone → San Lorenzo,VALIDO,COMPLETO,2026-06-26T18:06:14.305107-03:00,2026-06-26T20:19:04.215242-03:00,132.83,117.68,15.15,0.00,MIXTO,R7_MIXTO,5
4bdefc71-2fb3-47ad-a96c-d825288bb6c5,,R7,Ricardone → San Lorenzo,VALIDO,DEDUCIDO,2026-06-26T18:11:44.332587-03:00,2026-06-26T20:06:54.992567-03:00,115.18,115.18,0.00,0.00,MIXTO,R7_MIXTO,3
5fc5f99d-7421-489c-96c8-d5d1dc9366d1__cycle_1,,R7,Ricardone → San Lorenzo,VALIDO,,2026-06-26T18:12:24.310137-03:00,2026-06-27T00:06:26.620867-03:00,354.04,130.59,13.57,209.87,MIXTO,R7_MIXTO,8
28739c08-a0a1-4e0f-84e0-a94ab774da9f,,R7,Ricardone → San Lorenzo,VALIDO,DEDUCIDO,2026-06-26T18:12:39.333258-03:00,2026-06-26T22:57:59.165019-03:00,285.33,0.00,0.00,0.00,MIXTO,R7_MIXTO,3
4ded7522-3a1e-45cf-8f14-6074004cb45a__cycle_2,,R7,Ricardone → San Lorenzo,VALIDO,,2026-06-26T18:13:14.244993-03:00,2026-06-26T23:57:41.523797-03:00,344.45,129.01,8.32,207.12,MIXTO,R7_MIXTO,6
db4bb44c-5ae0-42ad-9104-c21b5b251796__cycle_1,,R7,Ricardone → San Lorenzo,VALIDO,,2026-06-26T18:14:09.282708-03:00,2026-06-26T23:52:16.525538-03:00,338.12,123.01,11.65,203.46,MIXTO,R7_MIXTO,6
ce3c04e4-0eb1-446b-a370-26ce329531a5,,R7,Ricardone → San Lorenzo,VALIDO,,2026-06-26T18:18:39.412587-03:00,2026-06-26T22:41:35.009471-03:00,262.93,262.93,0.00,0.00,MIXTO,R7_MIXTO,2
69b96558-90a7-4db3-9997-adfff88d28da,,R7,Ricardone → San Lorenzo,VALIDO,DEDUCIDO,2026-06-26T18:19:54.311882-03:00,2026-06-26T22:43:55.011541-03:00,264.01,264.01,0.00,0.00,MIXTO,R7_MIXTO,3
d8f11285-381c-4683-90d5-7bf164de8b36,,R7,Ricardone → San Lorenzo,VALIDO,,2026-06-26T18:23:24.277876-03:00,2026-06-26T23:57:06.537337-03:00,333.70,117.26,8.99,207.45,MIXTO,R7_MIXTO,7
ee6424f5-f6bf-4abd-a4e2-db6e5a2d8786__cycle_2,,R7,Ricardone → San Lorenzo,VALIDO,,2026-06-26T18:29:59.24659-03:00,2026-06-26T23:58:46.545707-03:00,328.79,113.68,13.90,201.21,MIXTO,R7_MIXTO,6
f10890b0-5891-4b28-8874-5bb5e6e3af7c__cycle_1,,R7,Ricardone → San Lorenzo,VALIDO,,2026-06-26T18:31:04.280199-03:00,2026-06-27T00:14:36.568026-03:00,343.54,117.01,10.99,215.54,MIXTO,R7_MIXTO,6
c7c3abb7-c8d2-477f-b5f1-be6f91cf96d8,,R7,Ricardone → San Lorenzo,VALIDO,,2026-06-26T18:32:34.325701-03:00,2026-06-27T00:14:06.538452-03:00,341.54,116.09,11.32,214.12,MIXTO,R7_MIXTO,7
0c6fd6d2-9281-4bde-97be-1a31b2712716__cycle_1,,R7,Ricardone → San Lorenzo,VALIDO,,2026-06-26T18:38:29.257023-03:00,2026-06-27T00:32:21.595658-03:00,353.87,123.01,11.74,219.12,MIXTO,R7_MIXTO,7
9eea08f0-ab33-4f13-b640-df48bf6ec7dc__cycle_3,,R7,Ricardone → San Lorenzo,VALIDO,,2026-06-26T18:38:44.274362-03:00,2026-06-27T03:48:56.929946-03:00,550.21,248.43,12.32,289.46,MIXTO,R7_MIXTO,6
0df7182a-071e-44a1-aa23-81286714c519,,R7,Ricardone → San Lorenzo,VALIDO,COMPLETO,2026-06-26T18:39:24.36326-03:00,2026-06-26T20:50:44.982275-03:00,131.34,131.34,0.00,0.00,MIXTO,R7_MIXTO,6
2b8b4873-6932-487a-92fc-44a6321f657d,,R7,Ricardone → San Lorenzo,VALIDO,,2026-06-26T18:40:14.315481-03:00,2026-06-26T20:45:19.945267-03:00,125.09,125.09,0.00,0.00,MIXTO,R7_MIXTO,2
202deda3-2241-4f7a-940e-e678a0e2fde0,,R7,Ricardone → San Lorenzo,VALIDO,DEDUCIDO,2026-06-26T18:40:29.316524-03:00,2026-06-26T22:48:09.986017-03:00,247.68,247.68,0.00,0.00,MIXTO,R7_MIXTO,3
27591ce1-04ad-4f4c-8a7c-36386936244f,,R7,Ricardone → San Lorenzo,VALIDO,DEDUCIDO,2026-06-26T18:47:35.401614-03:00,2026-06-26T22:48:39.987195-03:00,241.08,241.08,0.00,0.00,MIXTO,R7_MIXTO,3
b630fb5c-882a-40ad-93ca-0a5612086374,,R7,Ricardone → San Lorenzo,VALIDO,,2026-06-26T18:50:09.286463-03:00,2026-06-27T00:30:07.591229-03:00,339.97,0.00,0.00,213.05,MIXTO,R7_MIXTO,5
6943f0cf-b172-4962-84ef-18891e0b75bf__cycle_1,,R7,Ricardone → San Lorenzo,VALIDO,,2026-06-26T18:52:19.287199-03:00,2026-06-27T00:41:06.542829-03:00,348.79,120.26,10.32,218.20,MIXTO,R7_MIXTO,7
6e146347-6ef4-4459-928d-39108daadaac__cycle_1,,R5,Recepción Volcable 1,VALIDO,DEDUCIDO,2026-06-26T18:59:54.276081-03:00,2026-06-26T21:43:57.987382-03:00,164.06,,,,,,5
99ad8985-3c72-4e1a-8e2a-404303587614,,R7,Ricardone → San Lorenzo,VALIDO,,2026-06-26T19:00:09.318383-03:00,2026-06-27T00:47:46.645454-03:00,347.62,114.93,9.15,223.54,MIXTO,R7_MIXTO,7
aa1385b9-0096-4580-a7e1-3443a0d42ac0__cycle_3,,R7,Ricardone → San Lorenzo,VALIDO,,2026-06-26T19:00:29.255838-03:00,2026-06-27T01:43:46.675038-03:00,403.29,228.68,14.15,160.46,MIXTO,R7_MIXTO,7
1dd7b4b8-87df-4d76-b516-f92a9cd2d039,,R7,Ricardone → San Lorenzo,VALIDO,,2026-06-26T19:02:04.279156-03:00,2026-06-27T04:00:41.897017-03:00,538.63,227.60,14.49,296.55,MIXTO,R7_MIXTO,6
0038f8d0-0236-4499-ae29-a36c2bf61c5c__cycle_1,,R7,Ricardone → San Lorenzo,VALIDO,,2026-06-26T19:08:29.328205-03:00,2026-06-27T04:02:46.882257-03:00,534.29,221.76,14.99,297.54,MIXTO,R7_MIXTO,8
cb09c96e-3fec-46fa-823c-c257199f0ceb,,R7,Ricardone → San Lorenzo,VALIDO,,2026-06-26T19:12:39.29957-03:00,2026-06-27T01:10:41.642957-03:00,358.04,210.28,12.55,135.21,MIXTO,R7_MIXTO,7
57934e0d-9be5-41a9-8bc1-7685a2b99767__cycle_1,,R7,Ricardone → San Lorenzo,VALIDO,,2026-06-26T19:17:29.373074-03:00,2026-06-27T04:04:56.881877-03:00,527.46,213.34,15.49,298.63,MIXTO,R7_MIXTO,7
bdb90e76-7e2b-470f-9883-2265d17c2486,,R7,Ricardone → San Lorenzo,VALIDO,,2026-06-26T19:17:49.27657-03:00,2026-06-27T04:14:56.892211-03:00,537.13,214.26,15.90,306.96,MIXTO,R7_MIXTO,7
5a50bb1f-b61a-46f1-8d60-d170aa2c8547__cycle_2,,R7,Ricardone → San Lorenzo,VALIDO,,2026-06-26T19:18:19.26098-03:00,2026-06-27T00:50:31.648572-03:00,332.21,108.60,15.74,207.87,MIXTO,R7_MIXTO,7
cf7eb324-185f-4ea7-ba7f-1b36e1de3636__cycle_2,,R7,Ricardone → San Lorenzo,VALIDO,,2026-06-26T19:20:39.304783-03:00,2026-06-27T04:09:06.896275-03:00,528.46,214.18,14.82,299.46,MIXTO,R7_MIXTO,7
a0562ea2-d9ff-4c73-a7b8-ab63977f8168__cycle_2,,R7,Ricardone → San Lorenzo,VALIDO,,2026-06-26T19:25:09.257582-03:00,2026-06-27T00:46:21.616943-03:00,321.21,103.93,14.49,202.79,MIXTO,R7_MIXTO,8
d6d8c45a-49dd-4e1a-8fbd-b3318815a87f__cycle_2,,R7,Ricardone → San Lorenzo,VALIDO,,2026-06-26T19:28:09.272784-03:00,2026-06-27T00:51:16.655381-03:00,323.12,102.60,13.49,207.04,MIXTO,R7_MIXTO,6
625dbaa8-6bf2-4952-85ae-80483952ab3f__cycle_2,,R7,Ricardone → San Lorenzo,VALIDO,,2026-06-26T19:30:04.320734-03:00,2026-06-27T00:52:26.653725-03:00,322.37,101.51,13.15,207.71,MIXTO,R7_MIXTO,6
bb86cb5d-c2d5-4d4b-b60a-bf5b0d1094c2__cycle_1,,R7,Ricardone → San Lorenzo,VALIDO,,2026-06-26T19:31:59.755998-03:00,2026-06-27T04:08:19.199814-03:00,516.32,203.34,15.15,288.13,MIXTO,R7_MIXTO,7
0fec65ef-60a7-4496-922a-16d103fc91e9__cycle_2,,R7,Ricardone → San Lorenzo,VALIDO,,2026-06-26T19:37:19.274626-03:00,2026-06-27T01:01:21.661513-03:00,324.04,108.10,9.74,206.21,MIXTO,R7_MIXTO,7
29c2afb1-f6be-4a21-823b-f13aefc4be2b__cycle_2,,R7,Ricardone → San Lorenzo,VALIDO,,2026-06-26T19:55:24.305456-03:00,2026-06-27T01:00:46.660301-03:00,305.37,92.01,9.99,203.37,MIXTO,R7_MIXTO,7
12c6118b-0827-4670-a3cf-ab2cd857c0c3,,R5,Recepción Volcable 1,VALIDO,DEDUCIDO,2026-06-26T20:00:54.367205-03:00,2026-06-26T22:59:48.682161-03:00,178.91,,,,,,4
fa3b521f-1fa2-4f89-9414-1c117d9d4778__cycle_2,,R7,Ricardone → San Lorenzo,VALIDO,,2026-06-26T20:08:24.276-03:00,2026-06-27T01:18:06.646582-03:00,309.71,0.00,0.00,209.29,MIXTO,R7_MIXTO,4
82e3597b-3057-4dc1-97fc-063cd27a448a,,R7,Ricardone → San Lorenzo,VALIDO,DEDUCIDO,2026-06-26T20:08:59.324915-03:00,2026-06-26T21:32:04.978885-03:00,83.09,83.09,0.00,0.00,MIXTO,R7_MIXTO,3
da829bf1-ced1-4978-b935-a6f9dd0442c9,,R7,Ricardone → San Lorenzo,VALIDO,,2026-06-26T20:09:54.383076-03:00,2026-06-27T01:07:51.65688-03:00,297.95,84.26,6.82,206.87,MIXTO,R7_MIXTO,7
3d339940-ea00-4931-bf54-a99382e9d722__cycle_2,,R7,Ricardone → San Lorenzo,VALIDO,,2026-06-26T20:12:09.295124-03:00,2026-06-27T01:14:01.667711-03:00,301.87,85.68,9.99,206.21,MIXTO,R7_MIXTO,6
48775969-bc28-40f6-9c5e-9cdd723d6a0a,,R7,Ricardone → San Lorenzo,VALIDO,,2026-06-26T20:19:39.304603-03:00,2026-06-26T21:47:34.970459-03:00,87.93,87.93,0.00,0.00,MIXTO,R7_MIXTO,2
110e1250-f210-45c0-9011-1dc55244f2c3__cycle_1,,R7,Ricardone → San Lorenzo,VALIDO,,2026-06-26T20:19:59.370912-03:00,2026-06-27T04:22:41.893649-03:00,482.71,160.01,15.49,307.21,MIXTO,R7_MIXTO,8
45dcd250-f896-4881-b41a-14c9faa90de4,,R7,Ricardone → San Lorenzo,VALIDO,,2026-06-26T20:20:19.321576-03:00,2026-06-27T02:36:56.775125-03:00,376.62,158.76,14.90,202.96,MIXTO,R7_MIXTO,6
28461aba-7614-40a3-87c1-99082553f0ed__cycle_1,,R7,Ricardone → San Lorenzo,VALIDO,,2026-06-26T20:22:19.277457-03:00,2026-06-27T04:30:31.998248-03:00,488.21,157.35,15.07,315.80,MIXTO,R7_MIXTO,7
79bdc20b-63aa-46ca-af0b-ab13dc523c6b,,R7,Ricardone → San Lorenzo,VALIDO,,2026-06-26T20:22:34.326509-03:00,2026-06-27T01:45:07.622389-03:00,322.55,95.93,9.32,217.31,MIXTO,R7_MIXTO,6
f9b609fc-cf5b-4be9-9a6b-ed2e2e66c1b3__cycle_1,,R7,Ricardone → San Lorenzo,VALIDO,,2026-06-26T20:23:39.350802-03:00,2026-06-27T02:42:11.787682-03:00,378.54,157.01,15.57,205.96,MIXTO,R7_MIXTO,8
87026f46-e1ab-49f2-a462-fabcd94cfb92,,R7,Ricardone → San Lorenzo,VALIDO,,2026-06-26T20:24:54.294387-03:00,2026-06-27T01:29:21.676402-03:00,304.46,0.00,0.00,212.63,MIXTO,R7_MIXTO,5
7eb1a274-1a7d-4cea-be93-1b9fe815d42f__cycle_1,,R7,Ricardone → San Lorenzo,VALIDO,COMPLETO,2026-06-26T20:28:14.313613-03:00,2026-06-26T23:02:09.209432-03:00,153.91,152.84,0.00,0.00,MIXTO,R7_MIXTO,5
f02b6866-7792-4a75-b789-3adfa4b2ec48,,R7,Ricardone → San Lorenzo,VALIDO,,2026-06-26T20:29:09.259928-03:00,2026-06-27T01:36:26.676297-03:00,307.29,88.85,8.74,209.71,MIXTO,R7_MIXTO,6
66cca7ed-f360-4bb8-92bd-27ea3ff112d2__cycle_2,,R7,Ricardone → San Lorenzo,VALIDO,,2026-06-26T20:36:59.261498-03:00,2026-06-27T01:50:21.679261-03:00,313.37,86.18,10.90,216.29,MIXTO,R7_MIXTO,6
7213ad71-a02c-49fa-810c-91e2539d098a__cycle_2,,R7,Ricardone → San Lorenzo,VALIDO,,2026-06-26T20:49:19.275091-03:00,2026-06-27T01:56:21.699135-03:00,307.04,80.01,11.65,215.38,MIXTO,R7_MIXTO,7
0608ae75-ba5a-4c47-b9c2-610d16ae6c2f,,R7,Ricardone → San Lorenzo,VALIDO,DEDUCIDO,2026-06-26T20:49:39.337838-03:00,2026-06-26T22:10:05.092529-03:00,80.43,80.43,0.00,0.00,MIXTO,R7_MIXTO,3
3c0f8006-5704-4949-8f61-80a31392cd10,,R7,Ricardone → San Lorenzo,VALIDO,,2026-06-26T20:49:59.316342-03:00,2026-06-26T22:17:15.003364-03:00,87.26,87.26,0.00,0.00,MIXTO,R7_MIXTO,2
c1baee63-6334-43a5-9b2c-756b8e56c3aa,,R7,Ricardone → San Lorenzo,VALIDO,,2026-06-26T20:53:19.326577-03:00,2026-06-27T02:03:06.684373-03:00,309.79,0.00,0.00,214.04,MIXTO,R7_MIXTO,4
407ccf8c-f205-4080-9ef3-6e64da7696e4__cycle_1,,R7,Ricardone → San Lorenzo,VALIDO,,2026-06-26T21:03:04.344288-03:00,2026-06-27T02:08:46.776019-03:00,305.71,76.26,11.40,218.04,MIXTO,R7_MIXTO,8
10689bf8-9c13-4602-9596-82dfb9191c6c,,R7,Ricardone → San Lorenzo,VALIDO,,2026-06-26T21:08:54.339197-03:00,2026-06-27T01:55:51.671508-03:00,286.96,0.00,0.00,210.13,MIXTO,R7_MIXTO,4
959c3aa5-56be-4b51-99de-87f84835bd91,,R7,Ricardone → San Lorenzo,VALIDO,,2026-06-26T21:11:34.357972-03:00,2026-06-27T01:00:11.665618-03:00,228.62,74.59,9.32,144.71,MIXTO,R7_MIXTO,7
6fbe4e74-dcd1-407b-a73a-2cf03a716ab4__cycle_1,,R7,Ricardone → San Lorenzo,VALIDO,,2026-06-26T21:20:34.305096-03:00,2026-06-27T02:15:51.76938-03:00,295.29,59.51,12.15,223.63,MIXTO,R7_MIXTO,7
80f6b0b1-b9a2-40cf-9c99-805532a4ded0__cycle_1,,R7,Ricardone → San Lorenzo,VALIDO,,2026-06-26T21:20:49.275133-03:00,2026-06-27T02:15:11.779066-03:00,294.38,61.60,10.74,222.04,MIXTO,R7_MIXTO,7
1248fc08-4555-4642-a505-c17d95bff837__cycle_2,,R7,Ricardone → San Lorenzo,VALIDO,DEDUCIDO,2026-06-26T21:23:54.27323-03:00,2026-06-26T22:38:25.007878-03:00,74.51,74.51,0.00,0.00,MIXTO,R7_MIXTO,3
dce712bb-f024-4503-a8e6-358830268b82__cycle_2,,R7,Ricardone → San Lorenzo,VALIDO,,2026-06-26T21:28:59.27281-03:00,2026-06-27T02:17:31.788291-03:00,288.54,54.01,10.82,223.71,MIXTO,R7_MIXTO,6
91ed9782-00d5-43cc-b60d-51bdc8b0745b__cycle_1,,R7,Ricardone → San Lorenzo,VALIDO,,2026-06-26T21:32:14.27113-03:00,2026-06-27T02:31:46.785264-03:00,299.54,55.93,10.15,233.46,MIXTO,R7_MIXTO,18
5c0fe449-0e2b-415f-9961-9abf75519aff__cycle_2,,R7,Ricardone → San Lorenzo,VALIDO,,2026-06-26T21:32:59.291241-03:00,2026-06-27T02:36:26.773906-03:00,303.46,60.18,11.07,232.21,MIXTO,R7_MIXTO,6
6734d893-fa75-44ce-930c-c7ad8e652bda,,R7,Ricardone → San Lorenzo,VALIDO,DEDUCIDO,2026-06-26T21:34:59.303597-03:00,2026-06-26T22:27:39.994762-03:00,52.68,52.68,0.00,0.00,MIXTO,R7_MIXTO,3
594eb9b7-790c-42c8-842b-570c77f3ad8d,,R7,Ricardone → San Lorenzo,VALIDO,,2026-06-26T21:45:14.363256-03:00,2026-06-26T22:32:39.9674-03:00,47.43,47.43,0.00,0.00,MIXTO,R7_MIXTO,2
9f75e836-881e-42ea-9c8e-ec0d146bc268,,R7,Ricardone → San Lorenzo,VALIDO,,2026-06-26T21:45:49.34836-03:00,2026-06-27T03:44:51.941812-03:00,359.04,53.09,9.99,295.96,MIXTO,R7_MIXTO,8
cb381e24-ef83-439e-b1c0-818b00abdce6,,R7,Ricardone → San Lorenzo,VALIDO,,2026-06-26T21:55:04.344366-03:00,2026-06-27T04:12:21.907661-03:00,377.29,56.09,15.82,305.38,MIXTO,R7_MIXTO,6
592ddf7f-7c43-4778-8e98-af0128f92f15,,R7,Ricardone → San Lorenzo,VALIDO,DEDUCIDO,2026-06-26T21:57:49.281299-03:00,2026-06-26T22:35:35.832637-03:00,37.78,37.78,0.00,0.00,MIXTO,R7_MIXTO,3
33982162-e18f-4357-8107-7abe244c5cad__cycle_2,,R7,Ricardone → San Lorenzo,VALIDO,DEDUCIDO,2026-06-26T21:58:49.285064-03:00,2026-06-26T22:43:29.981504-03:00,44.68,44.68,0.00,0.00,MIXTO,R7_MIXTO,3
0e8f4218-dce3-4e70-8ea8-4a0b7892b235,,R7,Ricardone → San Lorenzo,VALIDO,,2026-06-26T21:59:34.284326-03:00,2026-06-26T22:35:59.991863-03:00,36.43,36.43,0.00,0.00,MIXTO,R7_MIXTO,2
394d3255-6930-43e4-b65e-52d70f4b8bf1__cycle_1,,R5,Recepción Volcable 1,VALIDO,DEDUCIDO,2026-06-26T22:00:29.387924-03:00,2026-06-27T00:33:52.940078-03:00,153.39,,,,,,5
f388b490-17ba-4555-855a-d185a866fa0b,,R5,Recepción Volcable 1,VALIDO,DEDUCIDO,2026-06-26T22:00:49.359186-03:00,2026-06-27T01:25:37.90303-03:00,204.81,,,,,,5
12e55c3c-b871-4e08-b901-5397eada013d,,R7,Ricardone → San Lorenzo,VALIDO,,2026-06-26T22:01:29.398116-03:00,2026-06-27T04:37:51.903431-03:00,396.38,65.01,11.57,319.80,MIXTO,R7_MIXTO,8
8c87d241-e3d2-4d72-915a-678a5266e206__cycle_2,,R7,Ricardone → San Lorenzo,VALIDO,DEDUCIDO,2026-06-26T22:02:04.27968-03:00,2026-06-26T23:09:50.060446-03:00,67.76,67.76,0.00,0.00,MIXTO,R7_MIXTO,3
3129d999-fe8c-4f2f-a5a7-71c3e7febadf,,R7,Ricardone → San Lorenzo,VALIDO,,2026-06-26T22:02:59.394619-03:00,2026-06-27T04:38:41.88912-03:00,395.71,65.26,12.40,318.04,MIXTO,R7_MIXTO,6
6a4d5347-6509-4af6-be32-153327ad3ff7__cycle_1,,R7,Ricardone → San Lorenzo,VALIDO,,2026-06-26T22:03:49.298-03:00,2026-06-27T04:39:56.916154-03:00,396.13,67.76,10.49,317.88,MIXTO,R7_MIXTO,7
a591c717-7717-4f44-9bd2-19d9eb213e11,,R7,Ricardone → San Lorenzo,VALIDO,DEDUCIDO,2026-06-26T22:05:19.313247-03:00,2026-06-26T23:14:15.006122-03:00,68.93,68.93,0.00,0.00,MIXTO,R7_MIXTO,3
68c3ab25-3e1d-4605-bcf1-4447316cd1d3,,R7,Ricardone → San Lorenzo,VALIDO,,2026-06-26T22:06:04.68731-03:00,2026-06-27T05:05:02.082481-03:00,418.96,79.84,11.58,327.54,MIXTO,R7_MIXTO,7
b19bc5a5-de10-4d52-b0c3-47e0bb35da94,,R7,Ricardone → San Lorenzo,VALIDO,,2026-06-26T22:09:54.340612-03:00,2026-06-27T04:56:27.012577-03:00,406.54,74.84,10.57,321.13,MIXTO,R7_MIXTO,6
219d0df9-9842-4455-93b1-e2c3ffd751ad,,R5,Recepción Volcable 1,VALIDO,DEDUCIDO,2026-06-26T22:11:04.38284-03:00,2026-06-27T02:51:42.913802-03:00,280.64,,,,,,5
c085ff77-87bc-4d9a-8eb3-202da4188e7d,,R7,Ricardone → San Lorenzo,VALIDO,,2026-06-26T22:11:44.301772-03:00,2026-06-27T04:55:17.012138-03:00,403.55,71.51,9.49,322.55,MIXTO,R7_MIXTO,7
8b23a190-f61a-4e24-8798-ea0092953f47,,R7,Ricardone → San Lorenzo,VALIDO,,2026-06-26T22:12:04.438273-03:00,2026-06-27T02:46:07.066644-03:00,274.04,71.59,9.74,192.71,MIXTO,R7_MIXTO,8
ad477c71-7219-4845-af3f-b6e322732540,,R7,Ricardone → San Lorenzo,VALIDO,,2026-06-26T22:12:49.295204-03:00,2026-06-27T03:09:11.813674-03:00,296.38,0.00,0.00,214.87,MIXTO,R7_MIXTO,5
ac3b8a88-9da2-47b9-a205-c57f42cd20d7,,R7,Ricardone → San Lorenzo,VALIDO,,2026-06-26T22:12:54.321504-03:00,2026-06-27T03:33:36.891256-03:00,320.71,76.93,9.74,234.04,MIXTO,R7_MIXTO,7
03164d2a-18aa-4e3b-8fa7-daa077b95db3,,R7,Ricardone → San Lorenzo,VALIDO,DEDUCIDO,2026-06-26T22:13:29.285936-03:00,2026-06-26T23:29:24.911552-03:00,75.93,75.93,0.00,0.00,MIXTO,R7_MIXTO,3
71052050-de16-432a-8787-c962c69f676e,,R7,Ricardone → San Lorenzo,VALIDO,,2026-06-26T22:13:59.329449-03:00,2026-06-27T05:15:47.150272-03:00,421.80,84.01,9.66,328.13,MIXTO,R7_MIXTO,8
76df1576-c082-4411-8446-819d23168120,,R7,Ricardone → San Lorenzo,VALIDO,DEDUCIDO,2026-06-26T22:14:14.336004-03:00,2026-06-26T23:38:29.901571-03:00,84.26,84.26,0.00,0.00,MIXTO,R7_MIXTO,3
c8da0789-8c95-42e8-8509-6b69badd3284,,R7,Ricardone → San Lorenzo,VALIDO,,2026-06-26T22:14:34.344522-03:00,2026-06-27T04:05:21.91907-03:00,350.79,81.01,10.49,259.29,MIXTO,R7_MIXTO,7
f3a512b5-66d8-4695-b558-3ec91b514c58,,R7,Ricardone → San Lorenzo,VALIDO,,2026-06-26T22:16:14.32058-03:00,2026-06-26T23:25:19.893605-03:00,69.09,69.09,0.00,0.00,MIXTO,R7_MIXTO,2
c47feef5-69e1-4616-9736-0105341afd76,,R7,Ricardone → San Lorenzo,VALIDO,,2026-06-26T22:18:44.324773-03:00,2026-06-27T05:05:57.020207-03:00,407.21,74.09,8.57,324.55,MIXTO,R7_MIXTO,6
bb8808ad-f604-45bd-bae0-abae5d577642,,R7,Ricardone → San Lorenzo,VALIDO,DEDUCIDO,2026-06-26T22:23:59.393309-03:00,2026-06-26T23:42:04.893459-03:00,78.09,78.09,0.00,0.00,MIXTO,R7_MIXTO,3
33e38d75-26a8-4fde-ada0-946399daf1d5,,R7,Ricardone → San Lorenzo,VALIDO,DEDUCIDO,2026-06-26T22:27:04.290533-03:00,2026-06-26T23:35:54.911827-03:00,68.84,68.84,0.00,0.00,MIXTO,R7_MIXTO,3
6fa99b8a-cb52-463a-a96a-dbc9d50e9f51__cycle_1,,R7,Ricardone → San Lorenzo,VALIDO,DEDUCIDO,2026-06-26T22:30:49.319199-03:00,2026-06-26T23:52:54.192147-03:00,82.08,0.00,0.00,0.00,MIXTO,R7_MIXTO,3
b0e227d2-b44a-4911-a8a1-07c142814ff5,,R7,Ricardone → San Lorenzo,VALIDO,DEDUCIDO,2026-06-26T22:30:49.390049-03:00,2026-06-26T23:48:09.897765-03:00,77.34,77.34,0.00,0.00,MIXTO,R7_MIXTO,3
6fe5e17d-2d63-4f27-b187-402773653305__cycle_2,,R7,Ricardone → San Lorenzo,VALIDO,DEDUCIDO,2026-06-26T22:31:59.275471-03:00,2026-06-26T23:50:49.898559-03:00,78.84,78.84,0.00,0.00,MIXTO,R7_MIXTO,3
91b2d82c-04ad-48ea-b40f-aec3aa8c6c29,,R7,Ricardone → San Lorenzo,VALIDO,,2026-06-26T22:32:24.32692-03:00,2026-06-27T04:32:12.553883-03:00,359.80,84.68,9.08,266.05,MIXTO,R7_MIXTO,6
edc3a723-91d6-4283-9e4e-339544cbee7b__cycle_2,,R7,Ricardone → San Lorenzo,VALIDO,DEDUCIDO,2026-06-26T22:35:39.303418-03:00,2026-06-26T23:57:44.908356-03:00,82.09,82.09,0.00,0.00,MIXTO,R7_MIXTO,3
98d28b29-e9f9-4075-843f-da4214d2a809__cycle_1,,R7,Ricardone → San Lorenzo,VALIDO,,2026-06-26T22:39:49.254704-03:00,2026-06-27T05:22:57.017075-03:00,403.13,74.09,11.32,317.71,MIXTO,R7_MIXTO,6
c93c881d-2187-41e7-9489-c30759e49ae1,,R7,Ricardone → San Lorenzo,VALIDO,,2026-06-26T22:39:59.316482-03:00,2026-06-27T00:03:09.93037-03:00,83.18,83.18,0.00,0.00,MIXTO,R7_MIXTO,2
fb0370ed-3167-42ba-aa7e-d805ee806724,,R7,Ricardone → San Lorenzo,VALIDO,,2026-06-26T22:42:39.266382-03:00,2026-06-27T05:59:28.689521-03:00,436.82,78.18,7.99,350.66,MIXTO,R7_MIXTO,7
fef519b4-1414-41b4-babc-dc587a855135,,R7,Ricardone → San Lorenzo,VALIDO,DEDUCIDO,2026-06-26T22:43:09.358746-03:00,2026-06-27T00:04:39.904598-03:00,81.51,81.51,0.00,0.00,MIXTO,R7_MIXTO,3
01ff388f-034b-4800-9fc8-a91e6e4a1136,,R7,Ricardone → San Lorenzo,VALIDO,,2026-06-26T22:50:19.237391-03:00,2026-06-27T00:02:34.941999-03:00,72.26,72.26,0.00,0.00,MIXTO,R7_MIXTO,2
9cc3a9d0-4dfe-447a-8319-84f9cc8fdd0d,,R7,Ricardone → San Lorenzo,VALIDO,DEDUCIDO,2026-06-26T22:53:29.296824-03:00,2026-06-27T00:09:29.891273-03:00,76.01,76.01,0.00,0.00,MIXTO,R7_MIXTO,3
15ed70cb-1bb9-4e46-9b8e-e91815cd867a__cycle_1,,R7,Ricardone → San Lorenzo,VALIDO,COMPLETO,2026-06-26T22:54:24.220851-03:00,2026-06-27T00:17:44.205282-03:00,83.33,73.18,10.15,0.00,MIXTO,R7_MIXTO,5
32b39a44-23ad-46cc-9e3f-1b257c2a275b,,R7,Ricardone → San Lorenzo,VALIDO,DEDUCIDO,2026-06-26T23:00:19.365794-03:00,2026-06-27T01:00:59.906648-03:00,120.68,120.68,0.00,0.00,MIXTO,R7_MIXTO,3
8f3198e1-053b-42fd-81c1-d69dae5b29cd,,R7,Ricardone → San Lorenzo,VALIDO,DEDUCIDO,2026-06-26T23:00:24.23514-03:00,2026-06-27T00:27:49.933039-03:00,87.43,87.43,0.00,0.00,MIXTO,R7_MIXTO,3
2d3774c3-9b02-4a95-a234-d54611c508b9,,R7,Ricardone → San Lorenzo,VALIDO,,2026-06-26T23:02:29.22926-03:00,2026-06-27T04:54:02.045187-03:00,351.55,73.01,7.40,271.13,MIXTO,R7_MIXTO,6
e346f265-a44c-49f9-8e99-b478c1d71ed6__cycle_3,,R7,Ricardone → San Lorenzo,VALIDO,,2026-06-26T23:03:39.186728-03:00,2026-06-27T05:06:22.011563-03:00,362.71,77.10,10.42,275.20,MIXTO,R7_MIXTO,7
c8e22a00-469e-41e7-a359-f11c0675fae8__cycle_1,,R7,Ricardone → San Lorenzo,VALIDO,,2026-06-26T23:05:24.218698-03:00,2026-06-27T07:31:52.25194-03:00,506.47,73.93,11.16,421.38,MIXTO,R7_MIXTO,7
8195d8c1-bc53-43d7-8878-0741400e9e75__cycle_2,,R7,Ricardone → San Lorenzo,VALIDO,,2026-06-26T23:09:44.178884-03:00,2026-06-27T07:46:22.2606-03:00,516.63,75.76,10.32,430.55,MIXTO,R7_MIXTO,7
870ca22b-6f4e-422a-ad9e-af89e4277985__cycle_3,,R7,Ricardone → San Lorenzo,VALIDO,,2026-06-26T23:13:44.192582-03:00,2026-06-27T07:58:22.248248-03:00,524.63,76.76,8.92,438.95,MIXTO,R7_MIXTO,7
5887d916-6bd3-43a5-b0c3-7ed99c6698ec,,R7,Ricardone → San Lorenzo,VALIDO,,2026-06-26T23:14:44.256153-03:00,2026-06-27T08:55:02.40696-03:00,580.30,92.76,12.07,475.47,MIXTO,R7_MIXTO,7
bbe0b1a0-b38d-4f5e-b801-9fc2ec0eae8b,,R7,Ricardone → San Lorenzo,VALIDO,DEDUCIDO,2026-06-26T23:20:09.372238-03:00,2026-06-27T00:33:54.933227-03:00,73.76,73.76,0.00,0.00,MIXTO,R7_MIXTO,3
6b941da8-4139-4066-bdc9-a218f6837241,,R7,Ricardone → San Lorenzo,VALIDO,DEDUCIDO,2026-06-26T23:38:24.223364-03:00,2026-06-27T00:42:24.902468-03:00,64.01,64.01,0.00,0.00,MIXTO,R7_MIXTO,3
fbb4b1bd-a3ef-4f04-92f3-401a5f21bd6c,,R7,Ricardone → San Lorenzo,VALIDO,DEDUCIDO,2026-06-26T23:41:44.691349-03:00,2026-06-27T00:39:19.897365-03:00,57.59,57.59,0.00,0.00,MIXTO,R7_MIXTO,3
bda83289-a4dc-4e3d-85cb-2f2972318794__cycle_1,,R7,Ricardone → San Lorenzo,VALIDO,COMPLETO,2026-06-26T23:48:39.294179-03:00,2026-06-27T00:58:04.73562-03:00,69.42,55.01,14.41,0.00,MIXTO,R7_MIXTO,5
39f7f281-4933-4b95-9740-fbc3b97b96e1,,R7,Ricardone → San Lorenzo,VALIDO,DEDUCIDO,2026-06-26T23:50:59.215163-03:00,2026-06-27T00:59:34.909674-03:00,68.59,68.59,0.00,0.00,MIXTO,R7_MIXTO,3
80fb1b2a-534d-4eb1-ade1-d3326f169c17__cycle_1,,R7,Ricardone → San Lorenzo,VALIDO,COMPLETO,2026-06-26T23:57:05.264116-03:00,2026-06-27T01:11:39.257079-03:00,74.57,64.74,9.82,0.00,MIXTO,R7_MIXTO,5
fd3a00a0-ba91-4b6f-bda8-afb6dad3a588__cycle_1,,R7,Ricardone → San Lorenzo,VALIDO,COMPLETO,2026-06-27T00:00:49.268062-03:00,2026-06-27T00:57:44.912925-03:00,56.93,56.93,0.00,0.00,MIXTO,R7_MIXTO,4
90c2684f-421f-41bd-97d0-4ca5411e9731__cycle_1,,R7,Ricardone → San Lorenzo,VALIDO,COMPLETO,2026-06-27T00:01:04.324267-03:00,2026-06-27T01:07:39.241877-03:00,66.58,57.43,9.16,0.00,MIXTO,R7_MIXTO,5
d2fafebd-312c-430c-9ac1-74e9b1d9d585,,R5,Recepción Volcable 1,VALIDO,DEDUCIDO,2026-06-27T00:06:34.233424-03:00,2026-06-27T04:26:47.894485-03:00,260.23,,,,,,5
e43dc795-e547-42a8-a791-2cf4bd14fcb6__cycle_1,,R7,Ricardone → San Lorenzo,VALIDO,COMPLETO,2026-06-27T00:08:54.291082-03:00,2026-06-27T01:14:04.264871-03:00,65.17,54.93,10.24,0.00,MIXTO,R7_MIXTO,5
ec59a08c-ae45-4fe5-8857-f2580788b946__cycle_2,,R7,Ricardone → San Lorenzo,VALIDO,COMPLETO,2026-06-27T00:09:04.198007-03:00,2026-06-27T01:13:14.350494-03:00,64.17,54.18,9.99,0.00,MIXTO,R7_MIXTO,5
ad219ac1-05ec-4874-9956-8306da5c93bc__cycle_1,,R7,Ricardone → San Lorenzo,VALIDO,COMPLETO,2026-06-27T00:11:24.327127-03:00,2026-06-27T01:14:44.206933-03:00,63.33,52.93,10.40,0.00,MIXTO,R7_MIXTO,5
fe50f17a-bd93-4c96-b239-0dce2e3f9a6c__cycle_1,,R7,Ricardone → San Lorenzo,VALIDO,COMPLETO,2026-06-27T00:15:44.222704-03:00,2026-06-27T01:17:04.223823-03:00,61.33,50.68,10.65,0.00,MIXTO,R7_MIXTO,5
a9632300-2a52-46db-b789-92427524fdd4__cycle_1,,R7,Ricardone → San Lorenzo,VALIDO,COMPLETO,2026-06-27T00:20:44.233425-03:00,2026-06-27T01:18:44.272397-03:00,58.00,48.26,9.74,0.00,MIXTO,R7_MIXTO,5
9b1a335f-1ea3-40b3-a6a7-3becc7136bdc,,R7,Ricardone → San Lorenzo,VALIDO,COMPLETO,2026-06-27T00:21:24.225098-03:00,2026-06-27T01:08:14.929362-03:00,46.85,46.85,0.00,0.00,MIXTO,R7_MIXTO,5
db794c7d-6eda-4337-8fda-508ee0a85c58__cycle_1,,R7,Ricardone → San Lorenzo,VALIDO,COMPLETO,2026-06-27T00:28:19.215922-03:00,2026-06-27T01:24:39.190477-03:00,56.33,46.18,10.15,0.00,MIXTO,R7_MIXTO,5
5620cd22-a0fb-4864-95d6-265f061a1bea,,R7,Ricardone → San Lorenzo,VALIDO,DEDUCIDO,2026-06-27T00:30:19.548605-03:00,2026-06-27T01:12:54.966735-03:00,42.59,42.59,0.00,0.00,MIXTO,R7_MIXTO,3
51d46ff8-9b6a-4b2a-a062-a1aa331df52d__cycle_1,,R7,Ricardone → San Lorenzo,VALIDO,COMPLETO,2026-06-27T00:35:24.312968-03:00,2026-06-27T01:25:54.116596-03:00,50.50,40.09,10.40,0.00,MIXTO,R7_MIXTO,5
4f7380ec-78d0-4d8d-98ac-d425e9a7c1c4__cycle_2,,R7,Ricardone → San Lorenzo,VALIDO,DEDUCIDO,2026-06-27T00:37:24.232271-03:00,2026-06-27T01:20:14.912753-03:00,42.84,42.84,0.00,0.00,MIXTO,R7_MIXTO,3
c3c43200-2234-4441-aaf9-cfc481c84703__cycle_1,,R7,Ricardone → San Lorenzo,VALIDO,COMPLETO,2026-06-27T00:39:24.222058-03:00,2026-06-27T01:34:04.165075-03:00,54.67,44.09,10.57,0.00,MIXTO,R7_MIXTO,5
3f6f69f0-da4a-4874-b880-2f238f76a6fe__cycle_1,,R7,Ricardone → San Lorenzo,VALIDO,DEDUCIDO,2026-06-27T00:39:39.18824-03:00,2026-06-27T01:34:44.136714-03:00,55.08,0.00,0.00,0.00,MIXTO,R7_MIXTO,4
95729a56-7218-48e0-b719-f7ead7354526,,R7,Ricardone → San Lorenzo,VALIDO,,2026-06-27T00:40:54.217277-03:00,2026-06-27T01:33:49.951388-03:00,52.93,52.93,0.00,0.00,MIXTO,R7_MIXTO,2
035d3b03-99bc-44a0-a8dd-118725facb03,,R7,Ricardone → San Lorenzo,VALIDO,COMPLETO,2026-06-27T00:41:44.201631-03:00,2026-06-27T04:56:10.239977-03:00,254.43,254.43,0.00,0.00,MIXTO,R7_MIXTO,4
b11013a0-f864-4a46-9f2d-59c861a91bd3,,R7,Ricardone → San Lorenzo,VALIDO,,2026-06-27T00:44:39.224806-03:00,2026-06-27T11:13:17.549312-03:00,628.64,0.00,0.00,369.56,MIXTO,R7_MIXTO,6
c4d86cd4-4766-4017-a270-4a737fd03f11,,R7,Ricardone → San Lorenzo,VALIDO,COMPLETO,2026-06-27T00:57:44.181233-03:00,2026-06-27T05:12:34.884646-03:00,254.85,254.85,0.00,0.00,MIXTO,R7_MIXTO,4
6f99aa18-aa03-4b2a-8308-e8ab88431354,,R7,Ricardone → San Lorenzo,VALIDO,DEDUCIDO,2026-06-27T00:58:54.31523-03:00,2026-06-27T05:02:14.886121-03:00,243.34,243.34,0.00,0.00,MIXTO,R7_MIXTO,3
8e4b4579-5a0b-4a95-85af-40a65d2bd14c,,R7,Ricardone → San Lorenzo,VALIDO,COMPLETO,2026-06-27T01:02:29.23227-03:00,2026-06-27T05:09:24.862687-03:00,246.93,246.93,0.00,0.00,MIXTO,R7_MIXTO,4
ff875055-eae5-492a-8eb6-abf50fc76b1a__cycle_1,,R7,Ricardone → San Lorenzo,VALIDO,DEDUCIDO,2026-06-27T01:05:59.223293-03:00,2026-06-27T05:26:49.551701-03:00,260.84,0.00,0.00,0.00,MIXTO,R7_MIXTO,3
6724473d-b248-408a-855f-ba60d94d52ae,,R7,Ricardone → San Lorenzo,VALIDO,COMPLETO,2026-06-27T01:23:29.239088-03:00,2026-06-27T05:14:29.879392-03:00,231.01,231.01,0.00,0.00,MIXTO,R7_MIXTO,4
ceab86f2-0bca-49fe-ada0-c50b9aafef89__cycle_2,,R7,Ricardone → San Lorenzo,VALIDO,DEDUCIDO,2026-06-27T01:23:59.297907-03:00,2026-06-27T05:16:19.898608-03:00,232.34,232.34,0.00,0.00,MIXTO,R7_MIXTO,3
131d5ac0-5b22-4fc9-9810-3e1580cc4070,,R7,Ricardone → San Lorenzo,VALIDO,COMPLETO,2026-06-27T01:39:54.233324-03:00,2026-06-27T05:25:29.872326-03:00,225.59,225.59,0.00,0.00,MIXTO,R7_MIXTO,4
3afa560a-ee41-4a37-add8-e109cc7cca95,,R7,Ricardone → San Lorenzo,VALIDO,COMPLETO,2026-06-27T01:40:19.196545-03:00,2026-06-27T05:29:39.876106-03:00,229.34,229.34,0.00,0.00,MIXTO,R7_MIXTO,4
bc5db93e-bf84-4334-bf96-20e301a736c3,,R7,Ricardone → San Lorenzo,VALIDO,COMPLETO,2026-06-27T01:40:39.204281-03:00,2026-06-27T05:30:09.939777-03:00,229.51,229.51,0.00,0.00,MIXTO,R7_MIXTO,4
4f96d04d-7c59-4e5b-b658-aa07d79e8cf1,,R7,Ricardone → San Lorenzo,VALIDO,COMPLETO,2026-06-27T01:40:57.150791-03:00,2026-06-27T05:46:14.875091-03:00,245.30,245.30,0.00,0.00,MIXTO,R7_MIXTO,4
fe60f68d-84a0-4fa2-b13f-fe3212c0e083,,R7,Ricardone → San Lorenzo,VALIDO,DEDUCIDO,2026-06-27T01:45:19.276265-03:00,2026-06-27T05:48:04.875007-03:00,242.76,242.76,0.00,0.00,MIXTO,R7_MIXTO,3
83c95c44-edfb-4396-925f-8b910988d177,,R7,Ricardone → San Lorenzo,VALIDO,COMPLETO,2026-06-27T01:59:59.242219-03:00,2026-06-27T05:48:40.301265-03:00,228.68,228.68,0.00,0.00,MIXTO,R7_MIXTO,4
14f89d3e-d531-4b34-aaf3-b13e28a9c938__cycle_2,,R7,Ricardone → San Lorenzo,VALIDO,COMPLETO,2026-06-27T02:01:14.397676-03:00,2026-06-27T05:39:29.889102-03:00,218.26,218.26,0.00,0.00,MIXTO,R7_MIXTO,4
150dec03-4864-48e9-84a6-fcb39d0634e1,,R7,Ricardone → San Lorenzo,VALIDO,DEDUCIDO,2026-06-27T02:05:19.246833-03:00,2026-06-27T05:47:24.880096-03:00,222.09,222.09,0.00,0.00,MIXTO,R7_MIXTO,3
5bf36ce2-e4d8-4203-9b08-5616e0ad96f5,,R7,Ricardone → San Lorenzo,VALIDO,,2026-06-27T02:09:24.206123-03:00,2026-06-27T05:45:29.884482-03:00,216.09,216.09,0.00,0.00,MIXTO,R7_MIXTO,2
b2b1ceea-0633-4413-bba7-448e07841ca7,,R7,Ricardone → San Lorenzo,VALIDO,COMPLETO,2026-06-27T02:09:49.200135-03:00,2026-06-27T05:52:39.893305-03:00,222.84,222.84,0.00,0.00,MIXTO,R7_MIXTO,4
3ea7e667-5f19-4166-b3db-60ca05f095e9,,R7,Ricardone → San Lorenzo,VALIDO,DEDUCIDO,2026-06-27T02:13:04.254199-03:00,2026-06-27T05:49:29.884212-03:00,216.43,216.43,0.00,0.00,MIXTO,R7_MIXTO,3
cadfb991-6d25-4aa3-a07a-60c091956115,,R7,Ricardone → San Lorenzo,VALIDO,COMPLETO,2026-06-27T02:14:24.22931-03:00,2026-06-27T05:51:25.107921-03:00,217.01,217.01,0.00,0.00,MIXTO,R7_MIXTO,4
d52f4102-c051-481c-8e9c-58f322ad2175,,R7,Ricardone → San Lorenzo,VALIDO,COMPLETO,2026-06-27T02:20:09.297912-03:00,2026-06-27T05:59:49.892664-03:00,219.68,219.68,0.00,0.00,MIXTO,R7_MIXTO,4
f01e27ae-0b22-4de4-8d70-aca35baf5709,,R7,Ricardone → San Lorenzo,VALIDO,COMPLETO,2026-06-27T02:20:34.250402-03:00,2026-06-27T06:00:29.880129-03:00,219.93,219.93,0.00,0.00,MIXTO,R7_MIXTO,4
e4290dc6-57ef-4b2a-953f-c5e18862a1da,,R7,Ricardone → San Lorenzo,VALIDO,COMPLETO,2026-06-27T02:24:29.256697-03:00,2026-06-27T06:09:14.90422-03:00,224.76,224.76,0.00,0.00,MIXTO,R7_MIXTO,4
9c780b8d-1c89-49d4-9752-0c30dfc2f5bf,,R7,Ricardone → San Lorenzo,VALIDO,COMPLETO,2026-06-27T02:32:24.249668-03:00,2026-06-27T05:58:49.890933-03:00,206.43,206.43,0.00,0.00,MIXTO,R7_MIXTO,4
4057edce-aa1c-4b66-8c5e-9d5464853942,,R7,Ricardone → San Lorenzo,VALIDO,DEDUCIDO,2026-06-27T02:42:54.216468-03:00,2026-06-27T06:02:04.870814-03:00,199.18,199.18,0.00,0.00,MIXTO,R7_MIXTO,3
6f477544-c9a9-4b89-a9e9-85093b61f57e,,R7,Ricardone → San Lorenzo,VALIDO,COMPLETO,2026-06-27T02:48:29.280073-03:00,2026-06-27T06:04:39.933647-03:00,196.18,196.18,0.00,0.00,MIXTO,R7_MIXTO,4
feb5cd7f-45a3-4220-babe-687f13af3800__cycle_2,,R7,Ricardone → San Lorenzo,VALIDO,COMPLETO,2026-06-27T02:48:44.210904-03:00,2026-06-27T06:09:54.92588-03:00,201.18,201.18,0.00,0.00,MIXTO,R7_MIXTO,4
4a984af8-3e12-448d-8191-2fa7ec331a50,,R7,Ricardone → San Lorenzo,VALIDO,DEDUCIDO,2026-06-27T02:59:44.263633-03:00,2026-06-27T06:12:54.878102-03:00,193.18,193.18,0.00,0.00,MIXTO,R7_MIXTO,3
d33c7b0f-b447-4b7a-acc8-68c5c6c29cb4,,R7,Ricardone → San Lorenzo,VALIDO,,2026-06-27T03:07:54.204873-03:00,2026-06-27T12:53:42.792516-03:00,585.81,185.76,11.82,388.23,MIXTO,R7_MIXTO,9
83bd77fc-c248-433f-adf9-ab0b7514d0b5__cycle_1,,R7,Ricardone → San Lorenzo,VALIDO,COMPLETO,2026-06-27T03:23:54.402557-03:00,2026-06-27T06:29:19.225146-03:00,185.41,175.92,9.49,0.00,MIXTO,R7_MIXTO,5
cf02e8fa-3c19-43fa-b9d7-08f355eb2fa4,,R7,Ricardone → San Lorenzo,VALIDO,DEDUCIDO,2026-06-27T03:30:24.288024-03:00,2026-06-27T06:32:19.877212-03:00,181.93,181.93,0.00,0.00,MIXTO,R7_MIXTO,3
618e500d-7f79-4336-b982-0df88d69e3d4,,R7,Ricardone → San Lorenzo,VALIDO,,2026-06-27T03:31:19.300443-03:00,2026-06-27T13:46:27.763206-03:00,615.14,0.00,0.00,417.23,MIXTO,R7_MIXTO,6
9f06d273-ad9c-4ff8-9d53-7457078dae13,,R7,Ricardone → San Lorenzo,VALIDO,,2026-06-27T03:34:19.308735-03:00,2026-06-27T06:30:54.921432-03:00,176.59,176.59,0.00,0.00,MIXTO,R7_MIXTO,2
5fe44245-39a5-47e1-bcef-7c23ffad8bfb__cycle_1,,R7,Ricardone → San Lorenzo,VALIDO,COMPLETO,2026-06-27T03:34:36.443561-03:00,2026-06-27T06:51:24.151194-03:00,196.80,183.22,13.57,0.00,MIXTO,R7_MIXTO,5
b5040a54-7577-49b4-a4d9-2d2dacebafeb,,R7,Ricardone → San Lorenzo,VALIDO,DEDUCIDO,2026-06-27T03:35:29.202224-03:00,2026-06-27T07:49:29.906296-03:00,254.01,254.01,0.00,0.00,MIXTO,R7_MIXTO,8
707b11ab-a523-4148-bab5-85848929a61d,,R7,Ricardone → San Lorenzo,VALIDO,COMPLETO,2026-06-27T03:36:29.236635-03:00,2026-06-27T07:55:15.022726-03:00,258.76,258.76,0.00,0.00,MIXTO,R7_MIXTO,4
f052782b-8713-4315-864c-cf83613aaf7c__cycle_2,,R7,Ricardone → San Lorenzo,VALIDO,DEDUCIDO,2026-06-27T03:39:54.25262-03:00,2026-06-27T07:53:39.895924-03:00,253.76,253.76,0.00,0.00,MIXTO,R7_MIXTO,3
e6810064-d043-44ff-aac5-c4f0fa403f7a,,R7,Ricardone → San Lorenzo,VALIDO,,2026-06-27T03:48:29.275853-03:00,2026-06-27T13:31:52.740542-03:00,583.39,162.93,15.58,404.89,MIXTO,R7_MIXTO,7
a611b7c4-0c95-4f42-b2b6-09f7f03dac82__cycle_2,,R7,Ricardone → San Lorenzo,VALIDO,,2026-06-27T03:56:19.20432-03:00,2026-06-27T13:31:02.767191-03:00,574.73,153.29,16.05,405.39,MIXTO,R7_MIXTO,9
31b966f5-dc67-4422-bfb1-df2404b9da2b,,R7,Ricardone → San Lorenzo,VALIDO,DEDUCIDO,2026-06-27T04:03:14.269835-03:00,2026-06-27T09:45:24.956718-03:00,342.18,342.18,0.00,0.00,MIXTO,R7_MIXTO,3
8aeaecaf-73e7-4856-9b32-3b35403373a2,,R7,Ricardone → San Lorenzo,VALIDO,COMPLETO,2026-06-27T04:07:09.282888-03:00,2026-06-27T07:56:34.909789-03:00,229.43,229.43,0.00,0.00,MIXTO,R7_MIXTO,4
7b9e9348-f2d8-47d6-bae5-a81f1970ff4b,,R7,Ricardone → San Lorenzo,VALIDO,COMPLETO,2026-06-27T04:07:44.192083-03:00,2026-06-27T08:00:19.904328-03:00,232.60,232.60,0.00,0.00,MIXTO,R7_MIXTO,4
bbe84485-2df7-4ca1-aad7-1031bc08a5d6,,R7,Ricardone → San Lorenzo,VALIDO,COMPLETO,2026-06-27T04:20:44.210726-03:00,2026-06-27T08:01:14.88636-03:00,220.51,220.51,0.00,0.00,MIXTO,R7_MIXTO,4
3dc105a9-0659-45f8-afeb-58fad1036435,,R7,Ricardone → San Lorenzo,VALIDO,COMPLETO,2026-06-27T04:24:29.247515-03:00,2026-06-27T09:45:54.92183-03:00,321.43,321.43,0.00,0.00,MIXTO,R7_MIXTO,4
2e4722c0-98a4-4dfd-89df-4e5551fdb555,,R7,Ricardone → San Lorenzo,VALIDO,COMPLETO,2026-06-27T04:28:24.233747-03:00,2026-06-27T09:50:14.908856-03:00,321.84,321.84,0.00,0.00,MIXTO,R7_MIXTO,4
6ddbd2cf-1a66-4bfe-a032-120dcdd404a8,,R7,Ricardone → San Lorenzo,VALIDO,,2026-06-27T04:44:29.463867-03:00,2026-06-27T08:10:16.284128-03:00,205.78,205.78,0.00,0.00,MIXTO,R7_MIXTO,2
305221ef-9e25-4232-83cd-a45e543cb7bc,,R7,Ricardone → San Lorenzo,VALIDO,,2026-06-27T05:02:29.193305-03:00,2026-06-27T14:22:42.872331-03:00,560.23,190.26,9.99,359.98,MIXTO,R7_MIXTO,6
089647b9-94a7-4f46-b38d-07e664275bcb,,R7,Ricardone → San Lorenzo,VALIDO,DEDUCIDO,2026-06-27T05:03:29.210849-03:00,2026-06-27T10:58:14.897588-03:00,354.76,354.76,0.00,0.00,MIXTO,R7_MIXTO,3
15722267-cc77-4883-8f36-c1f83847ab65,,R7,Ricardone → San Lorenzo,VALIDO,,2026-06-27T05:10:39.266051-03:00,2026-06-27T14:29:23.875725-03:00,558.74,183.18,10.49,365.08,MIXTO,R7_MIXTO,7
2996e505-e954-4a01-9e18-b82187abf244__cycle_1,,R7,Ricardone → San Lorenzo,VALIDO,COMPLETO,2026-06-27T05:12:19.259931-03:00,2026-06-27T08:25:04.138246-03:00,192.75,182.18,10.57,0.00,MIXTO,R7_MIXTO,5
46bcc958-30a2-40fc-bc63-3b5e2b13b9a6,,R7,Ricardone → San Lorenzo,VALIDO,,2026-06-27T05:26:39.254092-03:00,2026-06-27T14:49:42.88758-03:00,563.06,175.84,10.57,376.65,MIXTO,R7_MIXTO,7
86618eb2-ba24-416d-8b46-12784ffb7c10,,R7,Ricardone → San Lorenzo,VALIDO,DEDUCIDO,2026-06-27T05:28:39.307865-03:00,2026-06-27T08:20:14.902525-03:00,171.59,171.59,0.00,0.00,MIXTO,R7_MIXTO,3
4bf5695c-34be-4fd5-8b49-b92cfee83700,,R7,Ricardone → San Lorenzo,VALIDO,,2026-06-27T05:35:24.250159-03:00,2026-06-27T14:58:52.918434-03:00,563.48,169.26,9.99,384.23,MIXTO,R7_MIXTO,8
89bcef7f-03ae-401d-bf4c-53a26570f9b8__cycle_1,,R7,Ricardone → San Lorenzo,VALIDO,COMPLETO,2026-06-27T05:56:59.234983-03:00,2026-06-27T08:44:59.673823-03:00,168.01,156.43,11.58,0.00,MIXTO,R7_MIXTO,5
0ae48048-0f7f-46b2-b43f-0f8e93f290bb__cycle_2,,R7,Ricardone → San Lorenzo,VALIDO,,2026-06-27T06:37:24.192135-03:00,2026-06-27T15:55:07.992213-03:00,557.73,116.43,11.90,429.40,MIXTO,R7_MIXTO,7
41877c9e-8684-45b1-afdd-48848f484cdf,,R7,Ricardone → San Lorenzo,VALIDO,DEDUCIDO,2026-06-27T06:47:29.316283-03:00,2026-06-27T08:37:24.926737-03:00,109.93,109.93,0.00,0.00,MIXTO,R7_MIXTO,3
4b4694c8-4212-4fda-a87f-7b32f3ed6940__cycle_1,,R7,Ricardone → San Lorenzo,VALIDO,COMPLETO,2026-06-27T06:48:24.276818-03:00,2026-06-27T08:50:04.207195-03:00,121.67,110.76,10.91,0.00,MIXTO,R7_MIXTO,5
59d04fa2-b688-4f90-a71a-649b9d5ef3aa,,R7,Ricardone → San Lorenzo,VALIDO,,2026-06-27T06:53:44.202897-03:00,2026-06-27T16:43:38.019857-03:00,589.90,112.51,9.49,467.90,MIXTO,R7_MIXTO,8
52bad554-fdbf-4338-9812-41fc967d87bb__cycle_1,,R7,Ricardone → San Lorenzo,VALIDO,COMPLETO,2026-06-27T07:04:59.252776-03:00,2026-06-27T11:13:29.17301-03:00,248.50,238.51,9.99,0.00,MIXTO,R7_MIXTO,5
05556080-0cf3-41bb-aec2-dd1f7b1e2c7b__cycle_1,,R7,Ricardone → San Lorenzo,VALIDO,COMPLETO,2026-06-27T07:13:32.695489-03:00,2026-06-27T09:10:44.186839-03:00,117.19,102.95,14.24,0.00,MIXTO,R7_MIXTO,5
f555dba5-07d3-432c-9d32-f9c064d667f5,,R7,Ricardone → San Lorenzo,VALIDO,DEDUCIDO,2026-06-27T07:16:09.955643-03:00,2026-06-27T08:46:39.903368-03:00,90.50,90.50,0.00,0.00,MIXTO,R7_MIXTO,3
1f599256-c860-4118-b4b2-0be02ee01ba5,,R7,Ricardone → San Lorenzo,VALIDO,DEDUCIDO,2026-06-27T07:17:29.234256-03:00,2026-06-27T08:44:14.913576-03:00,86.76,86.76,0.00,0.00,MIXTO,R7_MIXTO,3
257a2193-94e2-45e8-bffa-448956567a86__cycle_3,,R7,Ricardone → San Lorenzo,VALIDO,COMPLETO,2026-06-27T07:37:24.207592-03:00,2026-06-27T09:11:14.691071-03:00,93.84,80.76,13.08,0.00,MIXTO,R7_MIXTO,5
7fcff3ce-9339-46bd-8559-3ad5d050f19b,,R7,Ricardone → San Lorenzo,VALIDO,DEDUCIDO,2026-06-27T07:44:44.237369-03:00,2026-06-27T08:55:49.907238-03:00,71.09,71.09,0.00,0.00,MIXTO,R7_MIXTO,3
daa2eeb4-e770-4637-b109-7cbdadad42a6__cycle_2,,R7,Ricardone → San Lorenzo,VALIDO,DEDUCIDO,2026-06-27T07:52:54.168376-03:00,2026-06-27T09:50:34.906386-03:00,117.68,117.68,0.00,0.00,MIXTO,R7_MIXTO,3
97f9da59-7792-4f8c-add3-f77cf0b8b7cc,,R7,Ricardone → San Lorenzo,VALIDO,DEDUCIDO,2026-06-27T07:54:59.390614-03:00,2026-06-27T09:01:39.912924-03:00,66.68,66.68,0.00,0.00,MIXTO,R7_MIXTO,3
7d1f2214-b806-4b6e-9081-2a7c83b7ae59__cycle_2,,R7,Ricardone → San Lorenzo,VALIDO,DEDUCIDO,2026-06-27T07:58:19.180587-03:00,2026-06-27T09:05:34.913832-03:00,67.26,67.26,0.00,0.00,MIXTO,R7_MIXTO,3
eee1dc74-1645-42b9-b88e-7a50e309f0b6__cycle_1,,R7,Ricardone → San Lorenzo,VALIDO,COMPLETO,2026-06-27T08:05:39.235075-03:00,2026-06-27T09:17:39.053553-03:00,72.00,62.34,9.65,0.00,MIXTO,R7_MIXTO,5
b27bdba5-b06d-4839-bec7-7f4f6d8e04b5,,R7,Ricardone → San Lorenzo,VALIDO,DEDUCIDO,2026-06-27T08:05:49.193101-03:00,2026-06-27T09:23:09.992511-03:00,77.35,77.35,0.00,0.00,MIXTO,R7_MIXTO,3
f39cc9eb-3066-4cc6-b726-47596717d867__cycle_1,,R7,Ricardone → San Lorenzo,VALIDO,COMPLETO,2026-06-27T08:16:19.22977-03:00,2026-06-27T09:33:39.067181-03:00,77.33,67.59,9.74,0.00,MIXTO,R7_MIXTO,5
3834bd21-9bd9-49c1-a0ef-d5955bd8e4fd__cycle_1,,R7,Ricardone → San Lorenzo,VALIDO,COMPLETO,2026-06-27T08:17:54.251107-03:00,2026-06-27T09:25:09.082121-03:00,67.25,56.59,10.65,0.00,MIXTO,R7_MIXTO,5
866278ee-e204-419d-ae00-7e651794e0a1__cycle_1,,R7,Ricardone → San Lorenzo,VALIDO,COMPLETO,2026-06-27T08:18:14.232721-03:00,2026-06-27T09:27:04.127322-03:00,68.83,58.01,10.82,0.00,MIXTO,R7_MIXTO,5
99eb2dc1-f724-4fb6-80ac-d9548a42fb54__cycle_1,,R7,Ricardone → San Lorenzo,VALIDO,COMPLETO,2026-06-27T08:18:39.249071-03:00,2026-06-27T09:26:24.096187-03:00,67.75,56.68,11.07,0.00,MIXTO,R7_MIXTO,5
6cebd333-e314-45d3-b20b-52f523fccb90,,R7,Ricardone → San Lorenzo,VALIDO,COMPLETO,2026-06-27T08:19:04.249699-03:00,2026-06-27T09:18:44.947475-03:00,59.68,59.68,0.00,0.00,MIXTO,R7_MIXTO,5
30313e56-2ac9-4131-9ae4-1cb5c6a5e64a,,R7,Ricardone → San Lorenzo,VALIDO,DEDUCIDO,2026-06-27T08:19:29.272263-03:00,2026-06-27T09:19:19.926451-03:00,59.84,59.84,0.00,0.00,MIXTO,R7_MIXTO,3
b34eac91-0e28-4ffc-8864-8ff16047dde9__cycle_1,,R7,Ricardone → San Lorenzo,VALIDO,COMPLETO,2026-06-27T08:21:34.184634-03:00,2026-06-27T09:30:54.11141-03:00,69.33,61.01,8.32,0.00,MIXTO,R7_MIXTO,5
f044e1de-0926-4578-98d6-16709b7cf556__cycle_2,,R7,Ricardone → San Lorenzo,VALIDO,,2026-06-27T08:28:04.195998-03:00,2026-06-27T16:15:43.04735-03:00,467.65,264.35,11.74,191.57,MIXTO,R7_MIXTO,7
a1b9acc2-3694-4394-847e-360fbab356c6__cycle_2,,R7,Ricardone → San Lorenzo,VALIDO,COMPLETO,2026-06-27T08:28:34.195454-03:00,2026-06-27T12:52:54.938303-03:00,264.35,264.35,0.00,0.00,MIXTO,R7_MIXTO,4
f01d99b9-fea0-4c9a-84fa-8b70587c7d82__cycle_2,,R8,Recepción Mercadería Líquida,VALIDO,DEDUCIDO,2026-06-27T08:32:59.234459-03:00,2026-06-27T11:43:07.617622-03:00,190.14,,,,,,6
263c223b-f17f-486c-bf17-33350ca16dbb__cycle_1,,R7,Ricardone → San Lorenzo,VALIDO,COMPLETO,2026-06-27T08:35:34.191417-03:00,2026-06-27T09:50:04.113405-03:00,74.50,64.76,9.74,0.00,MIXTO,R7_MIXTO,5
7b185c5e-b8f3-4e6a-ab9f-67e349059286__cycle_1,,R7,Ricardone → San Lorenzo,VALIDO,COMPLETO,2026-06-27T08:40:14.265095-03:00,2026-06-27T11:09:29.228482-03:00,149.25,139.60,9.65,0.00,MIXTO,R7_MIXTO,5
d5298c6c-4384-41ad-82f1-d2f9849c2293,,R7,Ricardone → San Lorenzo,VALIDO,DEDUCIDO,2026-06-27T08:43:29.228714-03:00,2026-06-27T09:37:59.92028-03:00,54.51,54.51,0.00,0.00,MIXTO,R7_MIXTO,3
326f7537-28ae-4217-86c1-f454cb617846__cycle_6,,R8,Recepción Mercadería Líquida,VALIDO,DEDUCIDO,2026-06-27T08:48:14.193509-03:00,2026-06-27T11:41:27.630621-03:00,173.22,,,,,,7
f5f534a8-cd71-4284-ae5d-dc9c4afa8454__cycle_1,,R7,Ricardone → San Lorenzo,VALIDO,,2026-06-27T09:02:29.232442-03:00,2026-06-27T15:33:48.086742-03:00,391.31,230.68,12.65,147.98,MIXTO,R7_MIXTO,6
78bb7ce8-2d09-4519-b876-b20c52ece366__cycle_4,,R8,Recepción Mercadería Líquida,VALIDO,DEDUCIDO,2026-06-27T09:08:19.205727-03:00,2026-06-27T12:19:17.638762-03:00,190.97,,,,,,7
c86df694-4335-4501-8d78-50242a0a949d__cycle_1,,R7,Ricardone → San Lorenzo,VALIDO,COMPLETO,2026-06-27T09:19:24.184444-03:00,2026-06-27T11:07:24.963725-03:00,108.01,97.77,10.25,0.00,MIXTO,R7_MIXTO,5
f5e39e21-2de1-418c-8c27-1e5bd48f3214__cycle_3,,R8,Recepción Mercadería Líquida,VALIDO,DEDUCIDO,2026-06-27T09:25:59.212184-03:00,2026-06-27T12:37:57.753961-03:00,191.98,,,,,,7
c7aa6cc1-1ff4-49b5-beb6-43c5c451bb92__cycle_4,,R7,Ricardone → San Lorenzo,VALIDO,COMPLETO,2026-06-27T09:39:34.204321-03:00,2026-06-27T11:03:24.269451-03:00,83.83,73.94,9.90,0.00,MIXTO,R7_MIXTO,5
65644701-a323-4b14-bc16-96ea09917acc__cycle_1,,R7,Ricardone → San Lorenzo,VALIDO,COMPLETO,2026-06-27T09:41:34.241077-03:00,2026-06-27T13:07:29.064355-03:00,205.91,192.18,13.73,0.00,MIXTO,R7_MIXTO,5
0bf79580-e339-4eb7-a6f1-6c61daf7c962__cycle_1,,R7,Ricardone → San Lorenzo,VALIDO,COMPLETO,2026-06-27T09:43:39.278411-03:00,2026-06-27T11:08:29.1353-03:00,84.83,74.01,10.82,0.00,MIXTO,R7_MIXTO,5
d28865a6-dabd-4224-9ce8-a79b8dbb6441__cycle_6,,R8,Recepción Mercadería Líquida,VALIDO,DEDUCIDO,2026-06-27T09:43:49.190219-03:00,2026-06-27T13:18:12.750257-03:00,214.39,,,,,,6
cb141457-85ae-467a-9af7-63ee7710106a__cycle_1,,R7,Ricardone → San Lorenzo,VALIDO,COMPLETO,2026-06-27T09:43:59.206214-03:00,2026-06-27T12:59:14.069577-03:00,195.25,186.43,8.82,0.00,MIXTO,R7_MIXTO,5
ca4aae53-70b1-4e53-afa1-d08b90cf0137__cycle_1,,R7,Ricardone → San Lorenzo,VALIDO,COMPLETO,2026-06-27T09:53:04.243829-03:00,2026-06-27T11:15:59.133635-03:00,82.91,73.60,9.32,0.00,MIXTO,R7_MIXTO,5
030efc7f-a1d8-4e06-b53e-cdf0be104b01__cycle_1,,R7,Ricardone → San Lorenzo,VALIDO,COMPLETO,2026-06-27T10:05:39.191076-03:00,2026-06-27T11:16:34.1421-03:00,70.92,61.51,9.40,0.00,MIXTO,R7_MIXTO,5
78eb79d3-3d50-4726-ac3a-9729ca6bd0b0__cycle_1,,R7,Ricardone → San Lorenzo,VALIDO,COMPLETO,2026-06-27T10:10:39.214514-03:00,2026-06-27T11:17:19.150324-03:00,66.67,57.27,9.40,0.00,MIXTO,R7_MIXTO,5
b4e4c605-ce5e-4426-a8cb-fd2767c7f2b1,,R7,Ricardone → San Lorenzo,VALIDO,COMPLETO,2026-06-27T10:15:29.231279-03:00,2026-06-27T14:02:19.885999-03:00,226.84,226.84,0.00,0.00,MIXTO,R7_MIXTO,4
e6077da2-fe0f-4dde-abee-9e5ac3e6c4cb,,R7,Ricardone → San Lorenzo,VALIDO,COMPLETO,2026-06-27T10:15:49.25694-03:00,2026-06-27T14:02:39.882009-03:00,226.84,226.84,0.00,0.00,MIXTO,R7_MIXTO,4
ab443d3b-1323-44a6-adbf-cc9acf5ff4de__cycle_4,,R8,Recepción Mercadería Líquida,VALIDO,DEDUCIDO,2026-06-27T10:30:59.177893-03:00,2026-06-27T14:04:12.868016-03:00,213.23,,,,,,7
e94ae2f6-a791-45dd-af77-1cda37f9a351,,R7,Ricardone → San Lorenzo,VALIDO,COMPLETO,2026-06-27T10:35:24.26363-03:00,2026-06-27T14:08:49.903763-03:00,213.43,213.43,0.00,0.00,MIXTO,R7_MIXTO,4
212fd7b4-e782-4401-8190-dad68acf15c0__cycle_5,,R8,Recepción Mercadería Líquida,VALIDO,DEDUCIDO,2026-06-27T10:38:14.192397-03:00,2026-06-27T13:28:32.754234-03:00,170.31,,,,,,8
215c845c-33f6-4e7c-be3b-f530dc8d972c__cycle_1,,R7,Ricardone → San Lorenzo,VALIDO,COMPLETO,2026-06-27T10:42:49.427186-03:00,2026-06-27T11:28:54.149007-03:00,46.08,34.84,11.24,0.00,MIXTO,R7_MIXTO,5
33012a37-adc7-46f6-8c3e-beefae080b7a,,R7,Ricardone → San Lorenzo,VALIDO,COMPLETO,2026-06-27T10:48:40.330639-03:00,2026-06-27T14:09:24.908486-03:00,200.74,200.74,0.00,0.00,MIXTO,R7_MIXTO,4
826cc13e-5d82-419b-bcb3-ad903fdc63a1__cycle_1,,R6,Recepción Volcable 2,VALIDO,DEDUCIDO,2026-06-27T10:55:01.42664-03:00,2026-06-27T19:20:19.235133-03:00,505.30,,,,,,7
62a933d6-904d-45f5-a690-8c91a8d94bac,,R7,Ricardone → San Lorenzo,VALIDO,COMPLETO,2026-06-27T11:00:35.943855-03:00,2026-06-27T11:25:59.141164-03:00,25.39,15.73,9.65,0.00,MIXTO,R7_MIXTO,5
aede4a3f-9e1b-4332-804e-8b5861b66698__cycle_1,,R7,Ricardone → San Lorenzo,VALIDO,,2026-06-27T11:26:09.23972-03:00,2026-06-27T19:42:53.380326-03:00,496.74,124.01,8.57,364.15,MIXTO,R7_MIXTO,7
62a1693a-70cd-416b-9f9e-9cd901aea294,,R7,Ricardone → San Lorenzo,VALIDO,DEDUCIDO,2026-06-27T11:34:34.265582-03:00,2026-06-27T13:37:14.983032-03:00,122.68,122.68,0.00,0.00,MIXTO,R7_MIXTO,3
570929c4-93a9-4be4-bc29-550f021b87fc,,R7,Ricardone → San Lorenzo,VALIDO,DEDUCIDO,2026-06-27T11:37:19.346446-03:00,2026-06-27T13:38:05.025681-03:00,120.76,120.76,0.00,0.00,MIXTO,R7_MIXTO,3
0f48384e-24ed-461e-9fb7-8804114b5971__cycle_2,,R7,Ricardone → San Lorenzo,VALIDO,COMPLETO,2026-06-27T11:45:44.243235-03:00,2026-06-27T13:42:39.086591-03:00,116.91,109.18,7.73,0.00,MIXTO,R7_MIXTO,5
caf82581-2ed7-439b-af70-fc65179fed2b,,R7,Ricardone → San Lorenzo,VALIDO,,2026-06-27T11:58:34.252114-03:00,2026-06-27T20:21:38.409766-03:00,503.07,105.53,8.72,388.82,MIXTO,R7_MIXTO,7
1c073490-c154-43ab-9384-0f36d2047b41__cycle_1,,R7,Ricardone → San Lorenzo,VALIDO,COMPLETO,2026-06-27T12:00:29.3033-03:00,2026-06-27T13:57:59.088829-03:00,117.50,108.43,9.07,0.00,MIXTO,R7_MIXTO,5
24d5a646-3d0c-481d-a3a1-673c5321ac80,,R7,Ricardone → San Lorenzo,VALIDO,,2026-06-27T12:02:34.256854-03:00,2026-06-27T17:59:43.123446-03:00,357.15,260.18,11.82,85.15,MIXTO,R7_MIXTO,6
77726b70-f682-4338-af38-d72d6dd370b5__cycle_1,,R7,Ricardone → San Lorenzo,VALIDO,COMPLETO,2026-06-27T12:25:14.231287-03:00,2026-06-27T13:50:49.082292-03:00,85.58,76.43,9.15,0.00,MIXTO,R7_MIXTO,5
402d9d75-a886-422a-b9a1-0ecfcf02cc51__cycle_2,,R7,Ricardone → San Lorenzo,VALIDO,DEDUCIDO,2026-06-27T12:33:04.224476-03:00,2026-06-27T13:54:04.857423-03:00,81.01,81.01,0.00,0.00,MIXTO,R7_MIXTO,3
232de978-a14a-4eaf-a770-7e42a4808498,,R7,Ricardone → San Lorenzo,VALIDO,COMPLETO,2026-06-27T12:37:14.269036-03:00,2026-06-27T16:01:49.945181-03:00,204.59,204.59,0.00,0.00,MIXTO,R7_MIXTO,4
099f36d9-319c-45fa-a5e4-21f72f11b596,,R7,Ricardone → San Lorenzo,VALIDO,DEDUCIDO,2026-06-27T12:37:44.282563-03:00,2026-06-27T16:24:09.906132-03:00,226.43,226.43,0.00,0.00,MIXTO,R7_MIXTO,3
730c040c-061e-4d66-a476-ca3f4346906b,,R7,Ricardone → San Lorenzo,VALIDO,DEDUCIDO,2026-06-27T12:42:59.262119-03:00,2026-06-27T13:45:04.873302-03:00,62.09,62.09,0.00,0.00,MIXTO,R7_MIXTO,3
e71b932a-f8e6-49c3-ad0f-4a5562cc783f,,R7,Ricardone → San Lorenzo,VALIDO,DEDUCIDO,2026-06-27T12:44:04.232271-03:00,2026-06-27T16:23:44.907616-03:00,219.68,219.68,0.00,0.00,MIXTO,R7_MIXTO,3
cb47f09a-e981-454f-b66b-cd533d5117e6,,R7,Ricardone → San Lorenzo,VALIDO,,2026-06-27T12:45:54.260568-03:00,2026-06-27T21:31:08.489012-03:00,525.24,72.59,9.57,443.07,MIXTO,R7_MIXTO,7
eb762c57-fb2d-49cb-9c3c-41621eb0a564,,R7,Ricardone → San Lorenzo,VALIDO,COMPLETO,2026-06-27T12:50:39.239621-03:00,2026-06-27T13:51:49.868619-03:00,61.18,61.18,0.00,0.00,MIXTO,R7_MIXTO,5
6b55c1a4-4bd8-4809-8137-cbfd9c263a6c,,R7,Ricardone → San Lorenzo,VALIDO,,2026-06-27T13:03:44.297188-03:00,2026-06-27T20:02:28.368822-03:00,418.73,202.01,10.40,206.32,MIXTO,R7_MIXTO,6
246b67e3-8fcb-4ce1-8d40-cab2926df4ac,,R7,Ricardone → San Lorenzo,VALIDO,DEDUCIDO,2026-06-27T13:16:44.312587-03:00,2026-06-27T13:48:29.861354-03:00,31.76,31.76,0.00,0.00,MIXTO,R7_MIXTO,3
a5f93ed4-42d5-40bb-a4fb-47d2b3501ea6,,R7,Ricardone → San Lorenzo,VALIDO,DEDUCIDO,2026-06-27T13:21:44.241851-03:00,2026-06-27T13:49:19.870251-03:00,27.59,27.59,0.00,0.00,MIXTO,R7_MIXTO,3
6256c59a-52af-45f6-853f-705500885a96,,R7,Ricardone → San Lorenzo,VALIDO,DEDUCIDO,2026-06-27T13:32:54.269781-03:00,2026-06-27T13:55:24.868891-03:00,22.51,22.51,0.00,0.00,MIXTO,R7_MIXTO,3
494b10aa-adff-4da2-96eb-cfd48c7b6be4__cycle_1,,R7,Ricardone → San Lorenzo,VALIDO,COMPLETO,2026-06-27T13:33:49.308834-03:00,2026-06-27T13:59:44.112676-03:00,25.91,17.34,8.57,0.00,MIXTO,R7_MIXTO,5
371c1088-d546-422d-8035-90719d878c8a,,R7,Ricardone → San Lorenzo,VALIDO,COMPLETO,2026-06-27T13:37:34.532434-03:00,2026-06-27T14:41:04.097582-03:00,63.49,54.26,9.24,0.00,MIXTO,R7_MIXTO,5
13261012-0fd6-4ead-b8dd-03533d64f5a4__cycle_2,,R7,Ricardone → San Lorenzo,VALIDO,DEDUCIDO,2026-06-27T13:37:54.244946-03:00,2026-06-27T14:43:49.929238-03:00,65.93,65.93,0.00,0.00,MIXTO,R7_MIXTO,3
52fbcef5-fa55-4f1f-9cbf-3e995b640b5b__cycle_3,,R7,Ricardone → San Lorenzo,VALIDO,,2026-06-27T13:38:19.278526-03:00,2026-06-27T17:27:23.623419-03:00,229.07,168.09,10.32,50.66,MIXTO,R7_MIXTO,6
a0089e7a-91ed-4e35-9293-886e1d76a21c,,R7,Ricardone → San Lorenzo,VALIDO,COMPLETO,2026-06-27T13:49:24.25205-03:00,2026-06-27T16:00:19.992058-03:00,130.93,130.93,0.00,0.00,MIXTO,R7_MIXTO,4
6fdb5615-5f7c-4fd2-a93f-d65979084a86__cycle_1,,R7,Ricardone → San Lorenzo,VALIDO,COMPLETO,2026-06-27T13:54:34.268722-03:00,2026-06-27T15:03:04.105432-03:00,68.50,58.34,10.15,0.00,MIXTO,R7_MIXTO,5
38b8811a-347a-4bb0-9c9e-6925bd9ad09b,,R7,Ricardone → San Lorenzo,VALIDO,,2026-06-27T14:05:19.17215-03:00,2026-06-27T20:18:53.364193-03:00,373.57,142.10,12.15,219.32,MIXTO,R7_MIXTO,6
b29c3441-40fb-4e1d-8e19-ccd69da8db05,,R7,Ricardone → San Lorenzo,VALIDO,COMPLETO,2026-06-27T14:06:49.183692-03:00,2026-06-27T15:10:44.120475-03:00,63.92,54.26,9.65,0.00,MIXTO,R7_MIXTO,5
414b231e-e08b-4593-93af-b6ec9a4ea672__cycle_1,,R7,Ricardone → San Lorenzo,VALIDO,COMPLETO,2026-06-27T14:12:29.137127-03:00,2026-06-27T15:11:24.117755-03:00,58.92,49.43,9.49,0.00,MIXTO,R7_MIXTO,5
3fae8784-1ec5-423e-a9b4-cd4ff76b850b__cycle_1,,R7,Ricardone → San Lorenzo,VALIDO,COMPLETO,2026-06-27T14:12:44.145443-03:00,2026-06-27T15:13:59.12747-03:00,61.25,50.76,10.49,0.00,MIXTO,R7_MIXTO,5
46821362-9ee1-44d7-aaaf-c28c9515d8a0,,R7,Ricardone → San Lorenzo,VALIDO,,2026-06-27T14:43:24.213194-03:00,2026-06-27T21:48:43.503111-03:00,425.32,135.01,11.32,278.99,MIXTO,R7_MIXTO,8
02b14eb1-4be2-4797-b6eb-5077bdc7a589__cycle_2,,R7,Ricardone → San Lorenzo,VALIDO,,2026-06-27T14:45:19.197582-03:00,2026-06-27T21:58:43.508083-03:00,433.41,131.59,10.90,290.91,MIXTO,R7_MIXTO,7
9ef84f08-6bda-42bf-afaf-8cdf00dd2b4e,,R7,Ricardone → San Lorenzo,VALIDO,DEDUCIDO,2026-06-27T14:52:14.229403-03:00,2026-06-27T16:59:09.87851-03:00,126.93,126.93,0.00,0.00,MIXTO,R7_MIXTO,3
2fb046fc-95cc-40c2-af86-643840c4a81c,,R7,Ricardone → San Lorenzo,VALIDO,,2026-06-27T15:10:59.204223-03:00,2026-06-27T22:16:43.62253-03:00,425.74,124.01,10.98,290.74,MIXTO,R7_MIXTO,7
1897d3b8-7253-4002-b413-0a25ea0d1ab6,,R7,Ricardone → San Lorenzo,VALIDO,COMPLETO,2026-06-27T15:29:34.228913-03:00,2026-06-27T17:14:59.40891-03:00,105.42,93.76,11.66,0.00,MIXTO,R7_MIXTO,5
0275afc6-c89f-44f8-893c-95988de41391,,R7,Ricardone → San Lorenzo,VALIDO,,2026-06-27T15:37:59.170358-03:00,2026-06-27T22:28:38.620899-03:00,410.66,0.00,0.00,304.24,MIXTO,R7_MIXTO,4
b922617f-e648-49e6-ad92-0ecc45d9a277__cycle_2,,R7,Ricardone → San Lorenzo,VALIDO,DEDUCIDO,2026-06-27T15:38:54.252294-03:00,2026-06-27T17:09:44.882391-03:00,90.84,90.84,0.00,0.00,MIXTO,R7_MIXTO,3
a37b808a-ecbf-4130-9569-a258d929def8,,R7,Ricardone → San Lorenzo,VALIDO,COMPLETO,2026-06-27T15:52:19.196051-03:00,2026-06-27T20:10:39.949412-03:00,258.35,258.35,0.00,0.00,MIXTO,R7_MIXTO,4
bcb46579-ca62-4d12-9c23-35bd7cfec8ec,,R7,Ricardone → San Lorenzo,VALIDO,DEDUCIDO,2026-06-27T16:03:50.174721-03:00,2026-06-27T17:12:34.904605-03:00,68.75,68.75,0.00,0.00,MIXTO,R7_MIXTO,3
21f6ae20-22c2-4c42-97f2-7cb994564137,,R7,Ricardone → San Lorenzo,VALIDO,COMPLETO,2026-06-27T16:16:04.189809-03:00,2026-06-27T20:29:40.217805-03:00,253.60,62.35,0.00,0.00,MIXTO,R7_MIXTO,5
adec2123-a369-4f4e-87e0-e256183d952b,,R7,Ricardone → San Lorenzo,VALIDO,,2026-06-27T16:20:04.275487-03:00,2026-06-27T22:32:53.610583-03:00,372.82,77.18,7.74,287.91,MIXTO,R7_MIXTO,6
4b191a07-9d10-4bf3-868c-70c5b925899c,,R7,Ricardone → San Lorenzo,VALIDO,DEDUCIDO,2026-06-27T16:22:19.201776-03:00,2026-06-27T17:35:59.902418-03:00,73.68,73.68,0.00,0.00,MIXTO,R7_MIXTO,3
026a9b9c-6d76-4e75-9d29-0f5ad303660a__cycle_2,,R7,Ricardone → San Lorenzo,VALIDO,,2026-06-27T16:24:30.391836-03:00,2026-06-27T22:18:58.609071-03:00,354.47,56.57,7.65,290.24,MIXTO,R7_MIXTO,6
7aa9957e-fb66-490c-8c1c-a8bf0fe61e60,,R7,Ricardone → San Lorenzo,VALIDO,,2026-06-27T16:30:59.078898-03:00,2026-06-27T20:40:29.863724-03:00,249.51,249.51,0.00,63.07,MIXTO,R7_MIXTO,6
df984e3d-71e7-4d3e-a80d-5d6e5e9dce90__cycle_3,,R7,Ricardone → San Lorenzo,VALIDO,,2026-06-27T16:32:59.187639-03:00,2026-06-27T21:13:18.508635-03:00,280.32,214.43,9.24,56.66,MIXTO,R7_MIXTO,7
eb54cfe9-c787-40a9-954d-bbeb9a84852e,,R7,Ricardone → San Lorenzo,VALIDO,,2026-06-27T16:34:04.226292-03:00,2026-06-27T22:20:23.596921-03:00,346.32,54.51,8.48,283.32,MIXTO,R7_MIXTO,7
23194f06-f255-4a61-a4df-c4049a66f782,,R7,Ricardone → San Lorenzo,VALIDO,,2026-06-27T16:38:44.177856-03:00,2026-06-27T22:49:18.636562-03:00,370.57,68.76,17.99,283.83,MIXTO,R7_MIXTO,6
16a33a85-61fd-42e9-846b-d567c5c50a50__cycle_7,,R6,Recepción Volcable 2,VALIDO,DEDUCIDO,2026-06-27T16:41:37.886193-03:00,2026-06-28T09:06:56.746468-03:00,985.31,,,,,,11
9364b693-9bc0-4014-ba9c-f98d3ad10f6a,,R7,Ricardone → San Lorenzo,VALIDO,COMPLETO,2026-06-27T16:44:44.235474-03:00,2026-06-27T20:36:09.844811-03:00,231.43,231.43,0.00,0.00,MIXTO,R7_MIXTO,4
a50eb504-5431-403a-a6fe-ce1384fe9af2__cycle_2,,R7,Ricardone → San Lorenzo,VALIDO,COMPLETO,2026-06-27T16:45:09.192386-03:00,2026-06-27T21:45:09.891012-03:00,300.01,300.01,0.00,0.00,MIXTO,R7_MIXTO,4
3740bb5c-8ec7-41a1-9eb0-a3b327a9cae4,,R7,Ricardone → San Lorenzo,VALIDO,,2026-06-27T16:47:44.250888-03:00,2026-06-27T22:36:28.776308-03:00,348.74,53.84,10.32,284.58,MIXTO,R7_MIXTO,7
dfdf0a96-e0d3-427c-ad75-7e7586b698eb__cycle_2,,R7,Ricardone → San Lorenzo,VALIDO,DEDUCIDO,2026-06-27T17:05:54.190076-03:00,2026-06-27T17:35:39.894682-03:00,29.76,29.76,0.00,0.00,MIXTO,R7_MIXTO,3
10b72a38-754d-4732-94ed-18b8f8c2e53d,,RS_REC,Recepción sólida inferida (sin cámara destino),VALIDO,DEDUCIDO,2026-06-27T17:19:09.517148-03:00,2026-06-27T19:19:54.939525-03:00,120.76,,,,,,6
88a750ef-2c5c-4344-b917-daf2a0f6a0ea,,R7,Ricardone → San Lorenzo,VALIDO,,2026-06-27T18:08:29.230555-03:00,2026-06-27T22:50:23.634824-03:00,281.91,152.84,9.82,119.24,MIXTO,R7_MIXTO,7
c10d44cd-b4f1-4c6a-be4f-0cd2cadfef06__cycle_2,,R5,Recepción Volcable 1,VALIDO,DEDUCIDO,2026-06-27T18:27:44.233353-03:00,2026-06-27T20:50:27.902503-03:00,142.73,,,,,,5
cca1d07b-ea81-47c1-823a-9329e6e43546__cycle_1,,R6,Recepción Volcable 2,VALIDO,DEDUCIDO,2026-06-27T18:44:49.260958-03:00,2026-06-28T05:03:36.998825-03:00,618.80,,,,,,8
a4cd0b3f-7b8b-42d8-839c-a1193ba78e96,,R6,Recepción Volcable 2,VALIDO,DEDUCIDO,2026-06-27T18:47:24.207425-03:00,2026-06-27T22:08:02.887205-03:00,200.64,,,,,,5
5e2ada97-ede0-481c-9b48-963cbd498407__cycle_2,,R5,Recepción Volcable 1,VALIDO,DEDUCIDO,2026-06-27T19:44:09.238482-03:00,2026-06-28T01:10:17.805614-03:00,326.14,,,,,,5
8ade24bb-bd59-4352-9866-68e351787ddd__cycle_2,,R5,Recepción Volcable 1,VALIDO,DEDUCIDO,2026-06-27T19:58:24.198089-03:00,2026-06-28T01:34:12.837218-03:00,335.81,,,,,,5
8f10194e-9691-45e1-9d15-58199481eadf__cycle_2,,R7,Ricardone → San Lorenzo,VALIDO,DEDUCIDO,2026-06-27T20:58:44.187856-03:00,2026-06-27T22:02:14.878366-03:00,63.51,63.51,0.00,0.00,MIXTO,R7_MIXTO,3
13dd4bfc-85de-48fb-a7e8-7f63382145d5,,R7,Ricardone → San Lorenzo,VALIDO,,2026-06-27T21:02:44.11256-03:00,2026-06-27T23:02:03.628594-03:00,119.33,61.18,9.90,48.24,MIXTO,R7_MIXTO,6
5c5dfaef-f968-4b85-8342-367b50f876ab__cycle_2,,R7,Ricardone → San Lorenzo,VALIDO,DEDUCIDO,2026-06-27T21:26:04.138847-03:00,2026-06-27T21:32:04.894474-03:00,6.01,6.01,0.00,0.00,MIXTO,R7_MIXTO,3
76550772-ca53-4580-a00d-9e658715527c,,R7,Ricardone → San Lorenzo,VALIDO,,2026-06-27T21:49:14.185313-03:00,2026-06-27T23:34:33.604538-03:00,105.32,22.85,15.40,67.07,MIXTO,R7_MIXTO,7
90c67dcf-bfaa-4384-b9d6-8afca00e17b1,,R7,Ricardone → San Lorenzo,VALIDO,,2026-06-27T21:49:54.191265-03:00,2026-06-27T23:20:58.616912-03:00,91.07,28.26,8.65,54.16,MIXTO,R7_MIXTO,7
8597e850-ab79-4704-b31f-a2dda01b15b1,,R7,Ricardone → San Lorenzo,VALIDO,DEDUCIDO,2026-06-27T21:51:44.150739-03:00,2026-06-27T22:27:19.902222-03:00,35.60,35.60,0.00,0.00,MIXTO,R7_MIXTO,3
c7980001-a314-4fd7-bc87-b3c952c231a0,,R7,Ricardone → San Lorenzo,VALIDO,,2026-06-27T21:52:34.194209-03:00,2026-06-27T23:17:53.620662-03:00,85.32,38.68,9.57,37.08,MIXTO,R7_MIXTO,7
5b2da564-5eb0-4387-9374-a68299868c36,,R7,Ricardone → San Lorenzo,VALIDO,,2026-06-27T21:57:04.184092-03:00,2026-06-27T23:14:48.626539-03:00,77.74,0.00,0.00,37.74,MIXTO,R7_MIXTO,4
807d50c3-2d7d-4868-ac95-e707fe70b674,,R7,Ricardone → San Lorenzo,VALIDO,,2026-06-27T21:59:44.132275-03:00,2026-06-27T23:22:08.620633-03:00,82.41,33.43,10.32,38.66,MIXTO,R7_MIXTO,8
3affb587-0a8b-49cd-8015-23e47512987d__cycle_1,,R7,Ricardone → San Lorenzo,VALIDO,,2026-06-27T22:03:15.345282-03:00,2026-06-27T23:34:08.6271-03:00,90.89,31.91,10.07,48.91,MIXTO,R7_MIXTO,7
15df8f80-1330-4b17-b934-924c05468b65,,R7,Ricardone → San Lorenzo,VALIDO,,2026-06-27T22:24:19.20328-03:00,2026-06-28T02:10:45.648074-03:00,226.44,178.43,10.24,37.78,MIXTO,R7_MIXTO,7
e638ad30-e6b4-482b-9127-77ad5f077727,,R7,Ricardone → San Lorenzo,VALIDO,,2026-06-27T22:35:24.180979-03:00,2026-06-28T03:44:54.088033-03:00,309.50,166.85,9.90,132.75,MIXTO,R7_MIXTO,7
29bf3f87-9d38-42c7-bc58-ed567f65b7cb,,R7,Ricardone → San Lorenzo,VALIDO,,2026-06-27T22:35:59.142445-03:00,2026-06-28T03:33:19.093313-03:00,297.33,165.02,9.97,122.33,MIXTO,R7_MIXTO,7
15ba01b6-0978-48f1-9779-42476f2d27d6,,R7,Ricardone → San Lorenzo,VALIDO,,2026-06-27T22:39:04.304083-03:00,2026-06-28T03:54:39.078871-03:00,315.58,0.00,0.00,140.75,MIXTO,R7_MIXTO,6
98d28b29-e9f9-4075-843f-da4214d2a809__cycle_2,,R7,Ricardone → San Lorenzo,VALIDO,,2026-06-27T22:42:29.150623-03:00,2026-06-28T04:28:44.080663-03:00,346.25,161.27,11.14,173.83,MIXTO,R7_MIXTO,7
cb54ce6d-348b-41f6-950d-28ca760f3a44,,R7,Ricardone → San Lorenzo,VALIDO,,2026-06-27T22:46:59.227252-03:00,2026-06-28T04:21:04.117525-03:00,334.08,163.27,9.31,161.50,MIXTO,R7_MIXTO,9
aa0a574d-b40e-43cc-a85b-8fd1217d0cca__cycle_1,,R7,Ricardone → San Lorenzo,VALIDO,,2026-06-27T22:48:14.222915-03:00,2026-06-28T04:42:59.188123-03:00,354.75,164.09,12.15,178.50,MIXTO,R7_MIXTO,9
bc778cb1-eb3b-4908-adc3-8bb6737befe2__cycle_1,,R7,Ricardone → San Lorenzo,VALIDO,,2026-06-27T22:48:44.217575-03:00,2026-06-28T04:00:59.646336-03:00,312.26,159.51,9.15,143.59,MIXTO,R7_MIXTO,6
dd55d15a-fe8a-4e26-9bc3-f6b787724b45__cycle_3,,R7,Ricardone → San Lorenzo,VALIDO,DEDUCIDO,2026-06-27T22:52:14.175784-03:00,2026-06-28T01:35:24.822878-03:00,163.18,163.18,0.00,0.00,MIXTO,R7_MIXTO,3
d7968db4-3857-4857-9f12-bffeb97f9cd2,,R7,Ricardone → San Lorenzo,VALIDO,,2026-06-27T22:53:14.172848-03:00,2026-06-28T02:36:28.972303-03:00,223.25,0.00,0.00,49.58,MIXTO,R7_MIXTO,5
40d2568a-a59c-4aae-8532-3cc7b132fd44,,R7,Ricardone → San Lorenzo,VALIDO,,2026-06-27T22:53:29.177224-03:00,2026-06-28T02:40:43.96861-03:00,227.25,164.68,9.49,53.08,MIXTO,R7_MIXTO,7
deb007c1-fe9e-4058-84c5-82fa0bc89f24,,R7,Ricardone → San Lorenzo,VALIDO,,2026-06-27T23:02:19.193001-03:00,2026-06-28T04:33:34.435204-03:00,331.25,158.34,8.65,164.26,MIXTO,R7_MIXTO,7
c71bb178-63bb-479c-8444-e1d5d111f691__cycle_2,,R7,Ricardone → San Lorenzo,VALIDO,,2026-06-27T23:24:34.162927-03:00,2026-06-28T04:47:55.05511-03:00,323.35,135.18,8.74,179.43,MIXTO,R7_MIXTO,8
7a39dec8-e5fb-46de-bcf5-bb56dd2abfaa__cycle_2,,R7,Ricardone → San Lorenzo,VALIDO,,2026-06-27T23:31:04.129084-03:00,2026-06-28T04:57:04.179181-03:00,326.00,130.18,9.49,186.33,MIXTO,R7_MIXTO,6
3dd2176c-8cbc-46cc-99c3-39291a925cac,,R7,Ricardone → San Lorenzo,VALIDO,,2026-06-27T23:46:54.186482-03:00,2026-06-28T03:07:28.994589-03:00,200.58,122.01,10.07,68.50,MIXTO,R7_MIXTO,6
1a092d31-76c0-414c-a34d-072fcd3ce9c2,,R7,Ricardone → San Lorenzo,VALIDO,,2026-06-27T23:47:49.186505-03:00,2026-06-28T02:46:48.994075-03:00,179.00,117.09,10.74,51.17,MIXTO,R7_MIXTO,6
28726082-b20c-4258-bfdc-cecb26fcf99a,,R7,Ricardone → San Lorenzo,VALIDO,,2026-06-27T23:47:59.17769-03:00,2026-06-28T03:12:38.965644-03:00,204.66,122.26,10.41,72.00,MIXTO,R7_MIXTO,7
50afeece-7c77-4348-b89f-4b565c0f7a22,,R7,Ricardone → San Lorenzo,VALIDO,,2026-06-27T23:53:54.241281-03:00,2026-06-28T01:48:19.929295-03:00,114.43,114.43,0.00,0.00,MIXTO,R7_MIXTO,2
f4eec297-bdc2-4907-a2b0-09d14d2bb5b9,,R5,Recepción Volcable 1,VALIDO,DEDUCIDO,2026-06-27T23:54:19.193309-03:00,2026-06-28T05:05:57.78546-03:00,311.64,,,,,,4
9428bf70-a03c-434d-94ac-920edadab4a8,,R7,Ricardone → San Lorenzo,VALIDO,DEDUCIDO,2026-06-28T00:15:09.280554-03:00,2026-06-28T01:58:19.881471-03:00,103.18,103.18,0.00,0.00,MIXTO,R7_MIXTO,3
6d8d1c2d-8b21-429a-bd24-3d5698fe7630__cycle_2,,R7,Ricardone → San Lorenzo,VALIDO,,2026-06-28T00:16:09.146236-03:00,2026-06-28T02:52:35.400607-03:00,156.44,101.18,9.82,45.43,MIXTO,R7_MIXTO,7
e4498b4c-f5e2-442b-8ee7-4c1235447caf__cycle_3,,R7,Ricardone → San Lorenzo,VALIDO,,2026-06-28T00:18:34.128132-03:00,2026-06-28T03:24:03.972811-03:00,185.50,97.18,10.90,77.42,MIXTO,R7_MIXTO,7
a9c13288-d205-4440-9636-1c823bf63f51,,R7,Ricardone → San Lorenzo,VALIDO,DEDUCIDO,2026-06-28T00:22:39.175535-03:00,2026-06-28T01:57:49.856278-03:00,95.18,95.18,0.00,0.00,MIXTO,R7_MIXTO,3
2b9812f9-cb29-41e7-a31e-fce6f301c4d4,,R7,Ricardone → San Lorenzo,VALIDO,,2026-06-28T00:31:14.192595-03:00,2026-06-28T03:41:14.101339-03:00,190.00,90.34,9.57,90.09,MIXTO,R7_MIXTO,6
6525d9e0-7f68-4f49-82df-e6ec96275616__cycle_1,,R7,Ricardone → San Lorenzo,VALIDO,,2026-06-28T00:39:14.224558-03:00,2026-06-28T02:20:11.897929-03:00,100.96,0.00,0.00,3.21,MIXTO,R7_MIXTO,5
c16ab023-cd81-40e2-b454-411faefa4a5c__cycle_2,,R7,Ricardone → San Lorenzo,VALIDO,COMPLETO,2026-06-28T00:43:29.146217-03:00,2026-06-28T02:06:10.028193-03:00,82.68,82.68,0.00,0.00,MIXTO,R7_MIXTO,5
32e629b4-2138-4de8-b07f-f1fe30dd3814,,R7,Ricardone → San Lorenzo,VALIDO,,2026-06-28T00:58:44.158487-03:00,2026-06-28T03:55:29.098213-03:00,176.75,71.51,8.82,96.42,MIXTO,R7_MIXTO,7
3309d152-c71b-4aa0-a53b-91d8c79b8961,,R7,Ricardone → San Lorenzo,VALIDO,,2026-06-28T01:22:14.416018-03:00,2026-06-28T02:17:54.836786-03:00,55.67,55.67,0.00,0.00,MIXTO,R7_MIXTO,2
88352aa4-5406-41d0-86b7-17534d55ffb2,,R7,Ricardone → San Lorenzo,VALIDO,,2026-06-28T01:25:59.211207-03:00,2026-06-28T05:01:04.390127-03:00,215.09,56.85,9.06,149.17,MIXTO,R7_MIXTO,8
d3a479e9-3983-42b6-afdc-f3b367f0020e__cycle_2,,R7,Ricardone → San Lorenzo,VALIDO,,2026-06-28T01:39:44.144312-03:00,2026-06-28T04:02:49.126243-03:00,143.08,32.93,8.90,101.25,MIXTO,R7_MIXTO,7
2b7196af-8752-4597-9a15-1124bede619b__cycle_2,,R7,Ricardone → San Lorenzo,VALIDO,DEDUCIDO,2026-06-28T01:55:19.167987-03:00,2026-06-28T02:42:54.835258-03:00,47.59,47.59,0.00,0.00,MIXTO,R7_MIXTO,3
e9647fce-f8a6-4c27-a2ff-b3dae9f24922,,R7,Ricardone → San Lorenzo,VALIDO,,2026-06-28T02:13:49.422622-03:00,2026-06-28T05:47:24.207289-03:00,213.58,168.76,7.57,37.25,MIXTO,R7_MIXTO,7
1cab375b-0ec0-450e-b8c4-fd59d9816edc,,R7,Ricardone → San Lorenzo,VALIDO,,2026-06-28T02:15:24.370422-03:00,2026-06-28T05:53:09.952288-03:00,217.76,171.42,9.90,36.43,MIXTO,R7_MIXTO,8
198ea698-a931-481e-a4b7-fc0a0081aac2,,R7,Ricardone → San Lorenzo,VALIDO,,2026-06-28T02:16:19.211109-03:00,2026-06-28T05:59:14.31262-03:00,222.92,172.93,8.41,41.59,MIXTO,R7_MIXTO,7
b6fd5651-9340-4450-938c-3ac453d7c591__cycle_3,,R5,Recepción Volcable 1,VALIDO,DEDUCIDO,2026-06-28T02:25:59.161363-03:00,2026-06-28T09:15:57.796508-03:00,409.98,,,,,,4
2f4461ac-fd55-407f-ac17-a80fb14a94ee,,R7,Ricardone → San Lorenzo,VALIDO,,2026-06-28T02:33:59.445958-03:00,2026-06-28T06:05:34.328663-03:00,211.58,160.09,8.49,43.00,MIXTO,R7_MIXTO,7
52b79d48-915c-4846-a84e-3e28880e9ddb__cycle_1,,R7,Ricardone → San Lorenzo,VALIDO,,2026-06-28T03:29:54.150097-03:00,2026-06-28T07:57:59.430517-03:00,268.09,109.18,8.57,150.34,MIXTO,R7_MIXTO,7
4bd3ce11-1fbd-4404-8ebe-d2c3fdf6e7f4,,R7,Ricardone → San Lorenzo,VALIDO,,2026-06-28T03:36:40.687364-03:00,2026-06-28T06:38:39.28836-03:00,181.98,101.90,8.15,71.92,MIXTO,R7_MIXTO,7
b3b9b039-c9c6-4907-81da-046c29bcf99a__cycle_1,,R7,Ricardone → San Lorenzo,VALIDO,,2026-06-28T03:57:14.183293-03:00,2026-06-28T06:25:59.32812-03:00,148.75,0.00,0.00,61.76,MIXTO,R7_MIXTO,4
e44fc8a4-31fa-4d6a-a1f4-345b0440daa6,,R7,Ricardone → San Lorenzo,VALIDO,DEDUCIDO,2026-06-28T04:00:29.2124-03:00,2026-06-28T05:20:59.874567-03:00,80.51,80.51,0.00,0.00,MIXTO,R7_MIXTO,3
a343e49f-642b-4687-ac79-9370a5437cc4,,R5,Recepción Volcable 1,VALIDO,DEDUCIDO,2026-06-28T04:28:05.249111-03:00,2026-06-28T07:39:47.781164-03:00,191.71,,,,,,5
657b4bbf-815b-4408-b72a-191f2a376839__cycle_3,,R7,Ricardone → San Lorenzo,VALIDO,DEDUCIDO,2026-06-28T05:00:04.215375-03:00,2026-06-28T05:34:44.870781-03:00,34.68,34.68,0.00,0.00,MIXTO,R7_MIXTO,3
2dacfa6f-5bb2-42e2-83ce-71023346a5df,,R7,Ricardone → San Lorenzo,VALIDO,DEDUCIDO,2026-06-28T05:09:54.150951-03:00,2026-06-28T05:39:04.902027-03:00,29.18,29.18,0.00,0.00,MIXTO,R7_MIXTO,3
a16060c5-5843-40d2-8000-4d69c6b4c541,,R7,Ricardone → San Lorenzo,VALIDO,COMPLETO,2026-06-28T05:32:49.899712-03:00,2026-06-28T11:14:29.851584-03:00,341.67,341.67,0.00,0.00,MIXTO,R7_MIXTO,4
7b201690-e414-43c0-be47-b93c34b946a1,,R7,Ricardone → San Lorenzo,VALIDO,,2026-06-28T06:48:34.152539-03:00,2026-06-28T10:15:14.622122-03:00,206.67,147.68,8.49,50.51,MIXTO,R7_MIXTO,6
825bda3e-f87e-44b2-a127-6abeb1cf01ec,,R7,Ricardone → San Lorenzo,VALIDO,,2026-06-28T07:21:44.164769-03:00,2026-06-28T10:21:29.636651-03:00,179.76,115.43,8.90,55.43,MIXTO,R7_MIXTO,6
826cc13e-5d82-419b-bcb3-ad903fdc63a1__cycle_2,,R6,Recepción Volcable 2,VALIDO,DEDUCIDO,2026-06-28T07:23:16.389037-03:00,2026-06-28T19:13:59.100885-03:00,710.71,,,,,,9
f7e0a7c3-77f2-432c-9f50-56937d3bfb16,,R7,Ricardone → San Lorenzo,VALIDO,,2026-06-28T07:23:29.299537-03:00,2026-06-28T10:24:39.680493-03:00,181.17,113.26,8.90,59.01,MIXTO,R7_MIXTO,7
a5326f61-b647-4ae8-aa76-273bfe3c3fca,,R7,Ricardone → San Lorenzo,VALIDO,,2026-06-28T08:01:09.19016-03:00,2026-06-28T10:31:39.642253-03:00,150.51,76.68,8.65,65.18,MIXTO,R7_MIXTO,9
e6b19a29-bbaa-4cdb-9c8f-1c502aaa84dd,,R7,Ricardone → San Lorenzo,VALIDO,,2026-06-28T08:18:14.220333-03:00,2026-06-28T10:36:44.744665-03:00,138.51,60.01,9.07,69.43,MIXTO,R7_MIXTO,7
74e5e465-bde6-4d06-80bb-ca149c6c9cc9,,R7,Ricardone → San Lorenzo,VALIDO,,2026-06-28T08:21:19.162676-03:00,2026-06-28T10:49:54.758117-03:00,148.59,60.68,10.07,77.85,MIXTO,R7_MIXTO,7
004036cd-eb52-40d0-8dd7-a0b39742b6b3__cycle_2,,R7,Ricardone → San Lorenzo,VALIDO,,2026-06-28T08:23:39.116622-03:00,2026-06-28T12:01:54.875287-03:00,218.26,77.18,12.82,128.26,MIXTO,R7_MIXTO,6
632a2875-5344-476d-9dcb-56867ab265b7__cycle_2,,R7,Ricardone → San Lorenzo,VALIDO,,2026-06-28T08:28:44.116429-03:00,2026-06-28T11:21:04.749598-03:00,172.34,70.59,12.15,89.60,MIXTO,R7_MIXTO,7
6093a1f5-11cd-4329-894d-d5129825ba78__cycle_3,,R7,Ricardone → San Lorenzo,VALIDO,,2026-06-28T08:31:14.2917-03:00,2026-06-28T12:02:59.885024-03:00,211.76,70.68,12.15,128.93,MIXTO,R7_MIXTO,6
9e2356e6-897f-4ce8-bd23-1e4e5def0488,,R7,Ricardone → San Lorenzo,VALIDO,,2026-06-28T08:42:19.135566-03:00,2026-06-28T10:55:29.745907-03:00,133.18,46.18,7.74,79.26,MIXTO,R7_MIXTO,7
5c075f13-b811-4da5-9552-f1ce7b0e15b9,,R7,Ricardone → San Lorenzo,VALIDO,,2026-06-28T09:34:54.195058-03:00,2026-06-28T12:29:34.861565-03:00,174.68,113.84,10.23,50.60,MIXTO,R7_MIXTO,9
89bec654-3505-437b-98f3-4226c72ed5cb,,R7,Ricardone → San Lorenzo,VALIDO,,2026-06-28T09:35:19.198889-03:00,2026-06-28T12:19:54.912865-03:00,164.60,113.01,9.90,41.68,MIXTO,R7_MIXTO,8
067bdf55-ee55-4c1d-ae23-f111df0a67d7,,R7,Ricardone → San Lorenzo,VALIDO,,2026-06-28T09:51:24.166291-03:00,2026-06-28T12:39:34.870257-03:00,168.18,99.93,8.24,60.02,MIXTO,R7_MIXTO,7
1559ef7f-f1cc-479a-96a9-22734d352520__cycle_2,,R7,Ricardone → San Lorenzo,VALIDO,,2026-06-28T10:01:59.106871-03:00,2026-06-28T14:13:45.019376-03:00,251.77,156.26,9.48,86.02,MIXTO,R7_MIXTO,7
e7691b60-875a-4166-81e8-edfd6741bae2__cycle_2,,R7,Ricardone → San Lorenzo,VALIDO,,2026-06-28T10:10:29.12721-03:00,2026-06-28T12:47:19.880357-03:00,156.85,85.10,8.90,62.85,MIXTO,R7_MIXTO,6
40e96778-20b8-4e1b-9f3a-72cdc5cc91ce,,R7,Ricardone → San Lorenzo,VALIDO,,2026-06-28T10:12:54.113249-03:00,2026-06-28T12:48:29.860732-03:00,155.60,86.43,10.48,58.68,MIXTO,R7_MIXTO,7
86e8c16a-f223-4530-b7ee-69df4f15adbd,,R7,Ricardone → San Lorenzo,VALIDO,,2026-06-28T10:26:04.173286-03:00,2026-06-28T13:33:44.996182-03:00,187.68,79.18,9.23,99.27,MIXTO,R7_MIXTO,7
d362068d-67b0-456d-b1ca-ba1086826844__cycle_2,,R7,Ricardone → San Lorenzo,VALIDO,,2026-06-28T10:56:39.112683-03:00,2026-06-28T13:00:19.86697-03:00,123.68,47.76,9.15,66.77,MIXTO,R7_MIXTO,7
b8d9de68-a322-4403-a695-bfa68a02340b__cycle_1,,R7,Ricardone → San Lorenzo,VALIDO,,2026-06-28T11:05:39.11915-03:00,2026-06-28T13:33:19.995353-03:00,147.68,42.93,8.82,95.93,MIXTO,R7_MIXTO,6
c1672f4c-e692-4896-9879-8aca525151c1__cycle_2,,R7,Ricardone → San Lorenzo,VALIDO,DEDUCIDO,2026-06-28T11:27:04.148345-03:00,2026-06-28T11:49:59.853823-03:00,22.93,22.93,0.00,0.00,MIXTO,R7_MIXTO,3
a052f5ae-5578-4045-8e1a-e1eb87af6d07,,R7,Ricardone → San Lorenzo,VALIDO,DEDUCIDO,2026-06-28T11:54:49.116784-03:00,2026-06-28T16:56:39.887499-03:00,301.85,301.85,0.00,0.00,MIXTO,R7_MIXTO,3
f3b38301-64be-4510-8444-47c85d362fa5__cycle_2,,R7,Ricardone → San Lorenzo,VALIDO,DEDUCIDO,2026-06-28T12:09:14.133517-03:00,2026-06-28T14:15:24.811841-03:00,126.18,126.18,0.00,0.00,MIXTO,R7_MIXTO,3
0755afbb-e661-4968-87a4-9d18fb431000__cycle_1,,R7,Ricardone → San Lorenzo,VALIDO,,2026-06-28T12:35:19.15875-03:00,2026-06-28T15:08:20.116862-03:00,153.02,93.43,9.90,49.69,MIXTO,R7_MIXTO,7
40de18bd-acd6-4ad9-a3f0-d09b4dbb0039,,R7,Ricardone → San Lorenzo,VALIDO,,2026-06-28T13:22:24.257617-03:00,2026-06-28T15:11:55.099361-03:00,109.51,53.59,9.65,46.27,MIXTO,R7_MIXTO,6
cfb92020-77ca-4f67-8dd5-285491de125b,,R7,Ricardone → San Lorenzo,VALIDO,,2026-06-28T13:52:04.609077-03:00,2026-06-28T14:53:30.164637-03:00,61.43,18.25,9.15,34.02,MIXTO,R7_MIXTO,7
026a9b9c-6d76-4e75-9d29-0f5ad303660a__cycle_3,,R7,Ricardone → San Lorenzo,VALIDO,DEDUCIDO,2026-06-28T14:14:14.117559-03:00,2026-06-28T16:59:44.85753-03:00,165.51,165.51,0.00,0.00,MIXTO,R7_MIXTO,3
3c8a1fd1-d537-444c-9a56-cdc726ac38fd,,R7,Ricardone → San Lorenzo,VALIDO,,2026-06-28T14:30:04.225858-03:00,2026-06-28T17:41:55.337529-03:00,191.85,157.26,9.82,24.77,MIXTO,R7_MIXTO,8
6193a2fa-7d23-4cc4-a6af-f35d3b8aa7aa,,R7,Ricardone → San Lorenzo,VALIDO,DEDUCIDO,2026-06-28T14:34:09.156953-03:00,2026-06-28T15:53:14.886404-03:00,79.10,79.10,0.00,0.00,MIXTO,R7_MIXTO,3
86a70883-7956-47a9-861f-ea7f191f72a5__cycle_2,,R7,Ricardone → San Lorenzo,VALIDO,COMPLETO,2026-06-28T14:34:35.073301-03:00,2026-06-28T20:11:54.836666-03:00,337.33,337.33,0.00,0.00,MIXTO,R7_MIXTO,4
9a953f65-6ba5-40a1-bfba-c70fc2e6e105__cycle_2,,R7,Ricardone → San Lorenzo,VALIDO,COMPLETO,2026-06-28T14:34:54.137394-03:00,2026-06-28T20:12:24.808107-03:00,337.51,337.51,0.00,0.00,MIXTO,R7_MIXTO,4
a71ad346-40af-43c7-9c85-fa7ce1a6842e__cycle_1,,R7,Ricardone → San Lorenzo,VALIDO,,2026-06-28T14:50:49.058117-03:00,2026-06-28T17:20:41.502913-03:00,149.87,0.00,0.00,2.38,MIXTO,R7_MIXTO,4
b303885e-fb4c-4853-9411-2525dd9e8a23,,R7,Ricardone → San Lorenzo,VALIDO,,2026-06-28T14:52:19.228009-03:00,2026-06-28T17:10:39.98898-03:00,138.35,138.35,0.00,0.00,MIXTO,R7_MIXTO,2
a6844f6f-ae96-4290-8953-80667f62569f,,R7,Ricardone → San Lorenzo,VALIDO,,2026-06-28T15:06:14.054562-03:00,2026-06-28T17:53:45.325548-03:00,167.52,125.01,7.48,35.02,MIXTO,R7_MIXTO,6
16a33a85-61fd-42e9-846b-d567c5c50a50__cycle_8,,R6,Recepción Volcable 2,VALIDO,DEDUCIDO,2026-06-28T15:16:12.790216-03:00,2026-06-29T06:07:36.902656-03:00,891.40,,,,,,12
785134b2-e157-47cb-a81e-b0d3156624e2,,R7,Ricardone → San Lorenzo,VALIDO,COMPLETO,2026-06-28T15:19:14.033409-03:00,2026-06-28T20:09:39.811092-03:00,290.43,290.43,0.00,0.00,MIXTO,R7_MIXTO,4
6e422ba9-facc-4db6-8a83-ed0ecddd2315,,R7,Ricardone → San Lorenzo,VALIDO,,2026-06-28T15:29:54.088034-03:00,2026-06-28T17:57:10.364232-03:00,147.27,106.35,8.48,32.44,MIXTO,R7_MIXTO,7
c6e30634-c66c-4f91-ba16-26e2b30edf71,,R7,Ricardone → San Lorenzo,VALIDO,,2026-06-28T15:32:34.274822-03:00,2026-06-28T20:10:44.816733-03:00,278.18,278.18,0.00,0.00,MIXTO,R7_MIXTO,2
044d36a8-dc4d-40a7-96bf-fe7b929b9c32__cycle_2,,R7,Ricardone → San Lorenzo,VALIDO,DEDUCIDO,2026-06-28T15:38:24.044907-03:00,2026-06-28T20:11:20.411083-03:00,272.94,272.94,0.00,0.00,MIXTO,R7_MIXTO,3
1c462017-f9ef-4ef0-8f8f-81c53f737b03,,R7,Ricardone → San Lorenzo,VALIDO,,2026-06-28T15:56:44.102192-03:00,2026-06-28T18:23:30.391078-03:00,146.77,86.26,9.98,50.53,MIXTO,R7_MIXTO,6
b4aad2e9-24a4-4cf2-9817-c9645cf0fcac__cycle_3,,R7,Ricardone → San Lorenzo,VALIDO,DEDUCIDO,2026-06-28T16:06:44.081226-03:00,2026-06-28T17:43:14.898827-03:00,96.51,96.51,0.00,0.00,MIXTO,R7_MIXTO,3
80729e0e-058d-4455-9c44-8e088db0f22d,,R7,Ricardone → San Lorenzo,VALIDO,,2026-06-28T16:06:59.083234-03:00,2026-06-28T18:33:25.438626-03:00,146.44,78.43,8.32,59.69,MIXTO,R7_MIXTO,7
cc1d01ef-d0b3-468c-a822-1f50d7a088a1,,R7,Ricardone → San Lorenzo,VALIDO,DEDUCIDO,2026-06-28T16:14:59.76907-03:00,2026-06-28T17:21:59.881671-03:00,67.00,67.00,0.00,0.00,MIXTO,R7_MIXTO,3
0270e0dc-9155-4b4b-bbaa-f08b586f9fc7,,R7,Ricardone → San Lorenzo,VALIDO,,2026-06-28T16:33:29.156751-03:00,2026-06-28T18:43:00.457001-03:00,129.52,52.26,9.07,68.19,MIXTO,R7_MIXTO,6
92709149-4b73-430c-a038-c9e97009817f__cycle_2,,R7,Ricardone → San Lorenzo,VALIDO,,2026-06-28T16:43:54.066338-03:00,2026-06-28T20:53:15.609824-03:00,249.36,0.00,0.00,30.03,MIXTO,R7_MIXTO,5
454e9a67-5908-44ce-b454-0a27d075f71e,,R7,Ricardone → San Lorenzo,VALIDO,,2026-06-28T16:51:59.113061-03:00,2026-06-28T18:44:25.456563-03:00,112.44,36.76,9.90,65.78,MIXTO,R7_MIXTO,6
8b648133-a3c2-4cdc-b3d4-16c2bfe422aa__cycle_2,,R7,Ricardone → San Lorenzo,VALIDO,DEDUCIDO,2026-06-28T16:52:09.044605-03:00,2026-06-28T17:35:14.864207-03:00,43.10,43.10,0.00,0.00,MIXTO,R7_MIXTO,3
5f3f1920-2ad9-47ee-b9ad-4f2b98b8f454,,R7,Ricardone → San Lorenzo,VALIDO,,2026-06-28T17:29:19.050229-03:00,2026-06-28T23:49:50.933779-03:00,380.53,283.02,8.65,88.87,MIXTO,R7_MIXTO,7
c8e22a00-469e-41e7-a359-f11c0675fae8__cycle_2,,R7,Ricardone → San Lorenzo,VALIDO,,2026-06-28T18:01:14.070924-03:00,2026-06-28T20:59:36.334-03:00,178.37,144.10,7.23,27.04,MIXTO,R7_MIXTO,8
f1c0cf19-e28d-48d9-a79b-ef2bdc659dd9__cycle_2,,R7,Ricardone → San Lorenzo,VALIDO,,2026-06-28T18:12:54.109127-03:00,2026-06-28T21:06:05.705421-03:00,173.19,138.35,7.73,27.11,MIXTO,R7_MIXTO,7
1e348a79-a84d-4f9a-a463-39c5cbb7f607,,R7,Ricardone → San Lorenzo,VALIDO,,2026-06-28T18:16:24.131632-03:00,2026-06-28T23:59:55.941162-03:00,343.53,0.00,0.00,71.12,MIXTO,R7_MIXTO,5
16f73469-d581-4e86-9897-bbfe19f43a9d,,R7,Ricardone → San Lorenzo,VALIDO,,2026-06-28T18:25:44.051908-03:00,2026-06-28T21:23:10.701766-03:00,177.44,0.00,0.00,37.03,MIXTO,R7_MIXTO,6
37ba9efc-b8fe-4b0b-891f-0e649c106fec__cycle_2,,R7,Ricardone → San Lorenzo,VALIDO,,2026-06-28T18:35:19.155478-03:00,2026-06-28T21:33:10.704334-03:00,177.86,124.93,9.65,43.28,MIXTO,R7_MIXTO,6
cca1d07b-ea81-47c1-823a-9329e6e43546__cycle_2,,R6,Recepción Volcable 2,VALIDO,DEDUCIDO,2026-06-28T18:44:04.090348-03:00,2026-06-29T03:52:51.654819-03:00,548.79,,,,,,7
72b7ac64-31eb-4728-aef0-da72ea020a8d,,R7,Ricardone → San Lorenzo,VALIDO,,2026-06-28T18:50:09.087355-03:00,2026-06-28T21:12:10.711832-03:00,142.03,102.35,8.82,30.86,MIXTO,R7_MIXTO,6
8c5ff604-455e-4fd9-a375-cce5ee83f282,,R7,Ricardone → San Lorenzo,VALIDO,,2026-06-28T19:05:44.067808-03:00,2026-06-28T20:23:14.893696-03:00,77.51,77.51,0.00,0.00,MIXTO,R7_MIXTO,2
56198df5-c1d6-43b1-8302-1c165d9fb7cc__cycle_2,,R7,Ricardone → San Lorenzo,VALIDO,,2026-06-28T19:32:04.059962-03:00,2026-06-28T21:37:25.772082-03:00,125.36,71.51,11.07,42.78,MIXTO,R7_MIXTO,8
215fe5fc-ee8f-4377-8188-c2f9f3715953,,R7,Ricardone → San Lorenzo,VALIDO,,2026-06-28T19:52:49.141807-03:00,2026-06-29T00:25:15.960583-03:00,272.45,140.51,10.23,121.70,MIXTO,R7_MIXTO,7
acbdf3f4-ba9e-4362-bbb6-fdcfc4cff9af,,R7,Ricardone → San Lorenzo,VALIDO,,2026-06-28T20:02:49.060039-03:00,2026-06-28T23:10:55.789758-03:00,188.11,132.35,10.90,44.87,MIXTO,R7_MIXTO,6
0920b71e-7786-4d7c-813c-51b9112d6b78,,R7,Ricardone → San Lorenzo,VALIDO,DEDUCIDO,2026-06-28T20:22:39.081788-03:00,2026-06-28T20:48:44.885073-03:00,26.10,26.10,0.00,0.00,MIXTO,R7_MIXTO,3
e4bfd3ee-97f6-45d4-aae5-c43fff18fc0e__cycle_2,,R7,Ricardone → San Lorenzo,VALIDO,,2026-06-28T20:31:29.139061-03:00,2026-06-28T23:54:45.904854-03:00,203.28,104.35,11.07,87.86,MIXTO,R7_MIXTO,7
a8b62715-8dea-4dae-a452-0f927a0a9524__cycle_2,,R7,Ricardone → San Lorenzo,VALIDO,DEDUCIDO,2026-06-28T20:39:54.068496-03:00,2026-06-28T20:50:54.851657-03:00,11.01,11.01,0.00,0.00,MIXTO,R7_MIXTO,3
c5b7efab-c830-4a52-bda1-95d69982fdc3,,R7,Ricardone → San Lorenzo,VALIDO,,2026-06-28T20:46:44.126112-03:00,2026-06-28T23:35:30.890758-03:00,168.78,99.18,9.06,60.53,MIXTO,R7_MIXTO,7
ca49d47f-d0d6-4726-9d10-863f338a565a,,R7,Ricardone → San Lorenzo,VALIDO,DEDUCIDO,2026-06-28T21:30:34.139214-03:00,2026-06-28T22:29:44.836532-03:00,59.18,59.18,0.00,0.00,MIXTO,R7_MIXTO,3
031170a2-0b9b-4b09-ba3e-0fa767fca5be__cycle_2,,R7,Ricardone → San Lorenzo,VALIDO,,2026-06-28T21:44:24.077988-03:00,2026-06-29T00:20:40.904192-03:00,156.28,47.01,9.40,99.87,MIXTO,R7_MIXTO,7
067c0d45-3947-4a6f-adad-83ea117c5507,,R5,Recepción Volcable 1,VALIDO,DEDUCIDO,2026-06-28T21:46:34.150825-03:00,2026-06-28T23:20:02.804729-03:00,93.48,,,,,,9
9b96d8a0-4b31-4891-ad92-52a6e27c1c0d,,R7,Ricardone → San Lorenzo,VALIDO,DEDUCIDO,2026-06-28T21:47:59.042746-03:00,2026-06-28T22:36:14.89726-03:00,48.26,48.26,0.00,0.00,MIXTO,R7_MIXTO,3
f9b609fc-cf5b-4be9-9a6b-ed2e2e66c1b3__cycle_2,,R7,Ricardone → San Lorenzo,VALIDO,,2026-06-28T21:48:14.119305-03:00,2026-06-28T23:41:50.901779-03:00,113.61,44.18,9.23,60.20,MIXTO,R7_MIXTO,8
08fbd800-3992-4678-9989-3ec923ab53f3,,R7,Ricardone → San Lorenzo,VALIDO,,2026-06-28T21:51:14.098269-03:00,2026-06-28T22:45:24.850697-03:00,54.18,54.18,0.00,0.00,MIXTO,R7_MIXTO,2
072ba9e8-1fc3-43d0-978e-1963b0d39621,,R7,Ricardone → San Lorenzo,VALIDO,DEDUCIDO,2026-06-28T21:51:40.425527-03:00,2026-06-28T22:42:39.87824-03:00,50.99,50.99,0.00,0.00,MIXTO,R7_MIXTO,3
47037d54-b7f0-4a2e-91a3-48ffa347211c,,R7,Ricardone → San Lorenzo,VALIDO,,2026-06-28T21:51:59.124576-03:00,2026-06-29T00:16:25.939982-03:00,144.45,62.18,11.07,71.20,MIXTO,R7_MIXTO,7
92f0bb7e-2922-4314-a00d-9068d2e94d93__cycle_1,,R7,Ricardone → San Lorenzo,VALIDO,,2026-06-28T21:53:09.050832-03:00,2026-06-29T00:07:55.948214-03:00,134.78,57.26,8.48,69.03,MIXTO,R7_MIXTO,6
8f73cb73-f639-4ba4-8898-2578c8f3167c,,R7,Ricardone → San Lorenzo,VALIDO,,2026-06-28T21:58:19.081777-03:00,2026-06-28T22:35:34.829302-03:00,37.26,37.26,0.00,0.00,MIXTO,R7_MIXTO,2
f66f52bd-01d8-4979-89de-ca522a47a7eb__cycle_1,,R7,Ricardone → San Lorenzo,VALIDO,,2026-06-28T22:01:29.071343-03:00,2026-06-29T00:29:45.93787-03:00,148.28,49.35,9.07,89.87,MIXTO,R7_MIXTO,7
33451a8c-1d08-4b78-b3e8-cad63f377404__cycle_3,,R7,Ricardone → San Lorenzo,VALIDO,DEDUCIDO,2026-06-28T22:03:19.055953-03:00,2026-06-28T22:51:29.836759-03:00,48.18,48.18,0.00,0.00,MIXTO,R7_MIXTO,3
eab09637-8891-42ed-bdb7-eb04a9749524,,R5,Recepción Volcable 1,VALIDO,DEDUCIDO,2026-06-28T22:05:44.055586-03:00,2026-06-29T01:10:52.808613-03:00,185.15,,,,,,4
125a2d06-cdb7-42c4-af41-b2df12f58377,,R5,Recepción Volcable 1,VALIDO,DEDUCIDO,2026-06-28T22:09:59.137584-03:00,2026-06-29T01:55:27.795685-03:00,225.48,,,,,,3
57c8ed58-f42a-44ce-865b-d2c6fb67e082__cycle_2,,R7,Ricardone → San Lorenzo,VALIDO,,2026-06-28T22:16:24.049709-03:00,2026-06-29T00:16:55.912244-03:00,120.53,41.18,9.90,69.45,MIXTO,R7_MIXTO,6
caf963f2-9c38-4291-8865-373200420363,,R7,Ricardone → San Lorenzo,VALIDO,,2026-06-28T22:16:39.150598-03:00,2026-06-29T00:14:35.907322-03:00,117.95,38.43,11.48,68.03,MIXTO,R7_MIXTO,7
2f30b9f2-0c45-4467-aadb-500c16bc7ef8,,R7,Ricardone → San Lorenzo,VALIDO,,2026-06-28T22:16:54.066739-03:00,2026-06-29T01:17:46.081982-03:00,180.87,56.51,7.48,116.87,MIXTO,R7_MIXTO,6
b7ce81e6-137b-4598-8c10-6be6e9bdee57,,R7,Ricardone → San Lorenzo,VALIDO,DEDUCIDO,2026-06-28T22:21:19.816656-03:00,2026-06-28T23:36:39.84284-03:00,75.33,75.33,0.00,0.00,MIXTO,R7_MIXTO,4
e9db8d1c-b635-4ae0-b5cb-2540f7eb3f36__cycle_2,,R7,Ricardone → San Lorenzo,VALIDO,,2026-06-28T22:22:14.076722-03:00,2026-06-29T01:05:46.044565-03:00,163.53,79.26,9.57,74.70,MIXTO,R7_MIXTO,7
5bc9498c-e77b-4950-b63c-d5f81bf7a56d__cycle_2,,R7,Ricardone → San Lorenzo,VALIDO,,2026-06-28T22:22:49.062463-03:00,2026-06-28T23:42:04.838633-03:00,79.26,79.26,0.00,0.00,MIXTO,R7_MIXTO,2
5f45dbd2-ecf6-434e-8f52-097a8ddabfac__cycle_2,,R7,Ricardone → San Lorenzo,VALIDO,,2026-06-28T22:23:54.090476-03:00,2026-06-29T00:28:36.522857-03:00,124.71,61.85,11.48,51.38,MIXTO,R7_MIXTO,6
c4df1cc4-6928-4926-8b6d-2705da3f8ba6__cycle_3,,R7,Ricardone → San Lorenzo,VALIDO,,2026-06-28T22:31:39.104767-03:00,2026-06-29T00:24:45.900141-03:00,113.11,0.00,0.00,46.86,MIXTO,R7_MIXTO,4
5eac69d8-92ef-49d2-892c-52f7ed5c1954,,R6,Recepción Volcable 2,VALIDO,DEDUCIDO,2026-06-28T22:35:44.055181-03:00,2026-06-29T02:03:11.620855-03:00,207.46,,,,,,5
500d7142-60f6-402c-9de6-7819b51992e9__cycle_2,,R7,Ricardone → San Lorenzo,VALIDO,DEDUCIDO,2026-06-28T22:38:59.070436-03:00,2026-06-28T23:38:09.858859-03:00,59.18,59.18,0.00,0.00,MIXTO,R7_MIXTO,3
d1753788-e4e3-417f-bb9b-7f0dcae953c2,,R7,Ricardone → San Lorenzo,VALIDO,,2026-06-28T22:40:19.048386-03:00,2026-06-29T00:55:31.026334-03:00,135.20,0.00,0.00,73.45,MIXTO,R7_MIXTO,5
b1ab0bca-3950-40af-b863-c87c47e512d0,,R7,Ricardone → San Lorenzo,VALIDO,DEDUCIDO,2026-06-28T23:02:54.093937-03:00,2026-06-28T23:45:44.83062-03:00,42.85,42.85,0.00,0.00,MIXTO,R7_MIXTO,3
d1099526-ade7-40c9-98b5-95488ac57308__cycle_1,,R7,Ricardone → San Lorenzo,VALIDO,,2026-06-28T23:12:14.088057-03:00,2026-06-29T01:02:06.00512-03:00,109.87,38.85,9.65,61.37,MIXTO,R7_MIXTO,6
a771d203-b5ec-4129-894c-5992ccfead88__cycle_2,,R7,Ricardone → San Lorenzo,VALIDO,,2026-06-28T23:14:59.073734-03:00,2026-06-29T01:19:46.002333-03:00,124.78,45.93,8.15,70.70,MIXTO,R7_MIXTO,7
36ff066f-2d60-4cd2-a11c-7c50d035dccb,,R7,Ricardone → San Lorenzo,VALIDO,DEDUCIDO,2026-06-28T23:17:24.138323-03:00,2026-06-29T03:29:21.283084-03:00,251.95,70.85,0.00,0.00,MIXTO,R7_MIXTO,6
3c9cc524-d259-4eb6-8427-59865278bae8__cycle_3,,R7,Ricardone → San Lorenzo,VALIDO,,2026-06-28T23:30:59.255431-03:00,2026-06-29T00:24:44.870424-03:00,53.76,53.76,0.00,0.00,MIXTO,R7_MIXTO,2
ea5e1f01-17c4-40e6-a6cc-4f0080ac5259,,R7,Ricardone → San Lorenzo,VALIDO,,2026-06-28T23:31:59.14734-03:00,2026-06-29T01:26:46.047781-03:00,114.78,59.43,9.82,45.54,MIXTO,R7_MIXTO,6
07b8d7aa-1f53-49cb-a0be-a3a3df5cfe93,,R7,Ricardone → San Lorenzo,VALIDO,,2026-06-28T23:37:44.099632-03:00,2026-06-29T03:41:31.26907-03:00,243.79,55.68,10.57,177.54,MIXTO,R7_MIXTO,7
6d8b4864-ff6d-4d48-9ad3-81547c193652,,R7,Ricardone → San Lorenzo,VALIDO,,2026-06-28T23:40:49.092931-03:00,2026-06-29T00:43:34.874604-03:00,62.76,62.76,0.00,0.00,MIXTO,R7_MIXTO,2
bfa1eff6-b455-44fb-aa64-2db66236cb50,,R7,Ricardone → San Lorenzo,VALIDO,DEDUCIDO,2026-06-28T23:52:34.101919-03:00,2026-06-29T00:40:14.848638-03:00,47.68,47.68,0.00,0.00,MIXTO,R7_MIXTO,3
8829b59e-f161-4c7e-a3e9-acbea32a62de,,R7,Ricardone → San Lorenzo,VALIDO,DEDUCIDO,2026-06-28T23:57:24.070888-03:00,2026-06-29T00:50:39.850364-03:00,53.26,53.26,0.00,0.00,MIXTO,R7_MIXTO,3
1bd6705c-6e23-4d5a-84ce-bd5b188cb17f,,R7,Ricardone → San Lorenzo,VALIDO,,2026-06-29T00:07:09.072871-03:00,2026-06-29T01:56:56.135249-03:00,109.78,42.68,9.23,57.87,MIXTO,R7_MIXTO,7
7408e2b6-acec-4002-b9bc-83549051af5b,,R7,Ricardone → San Lorenzo,VALIDO,DEDUCIDO,2026-06-29T00:07:24.121936-03:00,2026-06-29T00:49:09.90525-03:00,41.76,41.76,0.00,0.00,MIXTO,R7_MIXTO,3
cb1d63ec-29c1-4bd2-9394-6c7d78bacc95,,R7,Ricardone → San Lorenzo,VALIDO,COMPLETO,2026-06-29T00:12:34.385693-03:00,2026-06-29T01:18:44.853393-03:00,66.17,66.17,0.00,0.00,MIXTO,R7_MIXTO,5
6a4d5347-6509-4af6-be32-153327ad3ff7__cycle_2,,R7,Ricardone → San Lorenzo,VALIDO,,2026-06-29T00:16:09.062822-03:00,2026-06-29T03:20:26.284888-03:00,184.29,35.10,10.07,139.12,MIXTO,R7_MIXTO,7
90f40214-5fe4-407e-8cbf-e16023bf7978__cycle_2,,R7,Ricardone → San Lorenzo,VALIDO,,2026-06-29T00:19:24.104696-03:00,2026-06-29T03:54:17.776475-03:00,214.89,37.19,10.56,167.15,MIXTO,R7_MIXTO,8
320e5fd0-aa61-404e-a729-7f4b32ea3bba__cycle_2,,R7,Ricardone → San Lorenzo,VALIDO,,2026-06-29T00:46:04.092997-03:00,2026-06-29T02:09:06.229252-03:00,83.04,55.93,8.98,18.12,MIXTO,R7_MIXTO,6
c3c8f5cb-b489-4222-bc5b-c7b76003fc03,,R7,Ricardone → San Lorenzo,VALIDO,,2026-06-29T00:48:14.149963-03:00,2026-06-29T03:28:41.241551-03:00,160.45,58.84,8.73,92.87,MIXTO,R7_MIXTO,8
51a61d19-80ba-40dc-8ba1-3dce748bfd02__cycle_3,,R7,Ricardone → San Lorenzo,VALIDO,,2026-06-29T00:49:34.067486-03:00,2026-06-29T03:31:11.284581-03:00,161.62,58.51,8.57,94.54,MIXTO,R7_MIXTO,9
49cd7720-8f31-47a6-8734-8770cd1981bd,,R7,Ricardone → San Lorenzo,VALIDO,,2026-06-29T00:51:29.057567-03:00,2026-06-29T03:36:26.262611-03:00,164.95,63.35,7.65,93.96,MIXTO,R7_MIXTO,6
6ffa1710-4197-48bc-90b6-e65df3132061__cycle_3,,R7,Ricardone → San Lorenzo,VALIDO,,2026-06-29T00:51:54.076625-03:00,2026-06-29T02:41:44.699017-03:00,109.84,68.76,9.65,31.43,MIXTO,R7_MIXTO,7
a5279642-0966-4ed2-8aaf-92b5090407b7__cycle_2,,R7,Ricardone → San Lorenzo,VALIDO,DEDUCIDO,2026-06-29T00:56:24.066523-03:00,2026-06-29T01:56:45.000398-03:00,60.35,60.35,0.00,0.00,MIXTO,R7_MIXTO,3
aadcbca1-1996-47a4-a462-03aabc201781,,R7,Ricardone → San Lorenzo,VALIDO,,2026-06-29T00:58:19.090106-03:00,2026-06-29T02:25:06.135296-03:00,86.78,57.01,7.82,21.95,MIXTO,R7_MIXTO,6
ddf91b9e-f61e-419b-b908-dcfc47d9e21a,,R7,Ricardone → San Lorenzo,VALIDO,,2026-06-29T00:58:54.08507-03:00,2026-06-29T02:35:16.129921-03:00,96.37,61.26,9.40,25.70,MIXTO,R7_MIXTO,6
19cd1854-ce4f-478b-89cb-9116a0de1b8c,,R7,Ricardone → San Lorenzo,VALIDO,,2026-06-29T01:00:04.144138-03:00,2026-06-29T02:32:21.151119-03:00,92.28,59.01,9.57,23.71,MIXTO,R7_MIXTO,7
3b37eabb-2a7c-407d-9817-46d756f89dcf,,R7,Ricardone → San Lorenzo,VALIDO,COMPLETO,2026-06-29T01:05:44.046-03:00,2026-06-29T01:58:09.752289-03:00,52.43,52.43,0.00,0.00,MIXTO,R7_MIXTO,5
132ab9fb-140f-4bed-b6f4-65e86a99ebda,,R7,Ricardone → San Lorenzo,VALIDO,COMPLETO,2026-06-29T01:16:26.628312-03:00,2026-06-29T02:04:24.753145-03:00,47.97,47.97,0.00,0.00,MIXTO,R7_MIXTO,5
c91d65b0-fe34-4b2e-b86f-b0c18123f78b__cycle_1,,R7,Ricardone → San Lorenzo,VALIDO,,2026-06-29T01:17:09.105983-03:00,2026-06-29T02:49:01.120494-03:00,91.87,49.51,8.25,34.11,MIXTO,R7_MIXTO,7
4e75cd24-d86c-475e-ba4c-b4828e7fc5ef,,R7,Ricardone → San Lorenzo,VALIDO,,2026-06-29T01:21:29.05355-03:00,2026-06-29T02:48:26.133684-03:00,86.95,44.76,7.90,34.29,MIXTO,R7_MIXTO,8
f8696492-d82f-477c-ad61-02f74933d17f,,R7,Ricardone → San Lorenzo,VALIDO,,2026-06-29T01:21:49.313977-03:00,2026-06-29T03:26:51.278142-03:00,125.03,44.01,7.57,73.46,MIXTO,R7_MIXTO,6
02387947-92f5-4bcf-a531-9e9e2ef24220,,R5,Recepción Volcable 1,VALIDO,DEDUCIDO,2026-06-29T01:37:34.051749-03:00,2026-06-29T06:14:57.777033-03:00,277.40,,,,,,5
1d6ceb3c-95f1-4062-990b-07ef6a8b44b1,,R5,Recepción Volcable 1,VALIDO,DEDUCIDO,2026-06-29T01:37:54.046617-03:00,2026-06-29T07:35:38.161336-03:00,357.74,,,,,,4
e1f8cb4e-b404-43dd-bdb0-86401933ab2c__cycle_1,,R7,Ricardone → San Lorenzo,VALIDO,,2026-06-29T02:24:09.05363-03:00,2026-06-29T06:02:01.468683-03:00,217.87,174.28,9.47,34.13,MIXTO,R7_MIXTO,7
5c755863-5721-4459-806e-175cf9146f0d__cycle_2,,R7,Ricardone → San Lorenzo,VALIDO,DEDUCIDO,2026-06-29T02:30:34.042597-03:00,2026-06-29T05:19:04.76959-03:00,168.51,168.51,0.00,0.00,MIXTO,R7_MIXTO,3
1c27ad66-8386-4f0d-b1cd-52ed0518df85__cycle_2,,R7,Ricardone → San Lorenzo,VALIDO,,2026-06-29T02:31:09.040266-03:00,2026-06-29T05:19:29.757659-03:00,168.35,168.35,0.00,0.00,MIXTO,R7_MIXTO,2
d63444de-652e-4cef-a0bd-25e688ae738b__cycle_3,,R7,Ricardone → San Lorenzo,VALIDO,,2026-06-29T03:19:29.046911-03:00,2026-06-29T06:08:41.485892-03:00,169.21,122.26,8.90,38.04,MIXTO,R7_MIXTO,6
00e9df0f-93c5-4557-be44-e2648e5c7028__cycle_2,,R7,Ricardone → San Lorenzo,VALIDO,DEDUCIDO,2026-06-29T04:03:59.092392-03:00,2026-06-29T05:28:14.762531-03:00,84.26,84.26,0.00,0.00,MIXTO,R7_MIXTO,3
02c926a8-594e-4e1a-bc13-2c57be05f159,,R7,Ricardone → San Lorenzo,VALIDO,,2026-06-29T04:40:44.042801-03:00,2026-06-29T06:13:06.464488-03:00,92.37,48.10,9.90,34.38,MIXTO,R7_MIXTO,6
9f7d8b86-4db7-4bda-8b56-abbc25b7965b,,R7,Ricardone → San Lorenzo,VALIDO,DEDUCIDO,2026-06-29T05:00:34.142947-03:00,2026-06-29T05:37:39.839709-03:00,37.09,37.09,0.00,0.00,MIXTO,R7_MIXTO,3
ff59657a-fa3a-4ba7-b859-8c7e292190e0__cycle_2,,R7,Ricardone → San Lorenzo,VALIDO,,2026-06-29T05:17:39.051633-03:00,2026-06-29T06:15:11.466371-03:00,57.54,14.85,7.90,34.80,MIXTO,R7_MIXTO,7
a09a7e1f-5b55-4a0c-8e57-ef53b72cfb4c,,R7,Ricardone → San Lorenzo,VALIDO,DEDUCIDO,2026-06-29T06:04:09.096821-03:00,2026-06-29T07:53:24.774082-03:00,109.26,109.26,0.00,0.00,MIXTO,R7_MIXTO,3
4dcd52a8-8b6b-4805-941d-bf828b37896b,,R7,Ricardone → San Lorenzo,VALIDO,DEDUCIDO,2026-06-29T06:04:29.05995-03:00,2026-06-29T07:57:04.767299-03:00,112.60,112.60,0.00,0.00,MIXTO,R7_MIXTO,3
56426515-de29-46a2-91c0-cbc75514d505,,R7,Ricardone → San Lorenzo,VALIDO,DEDUCIDO,2026-06-29T06:10:29.085445-03:00,2026-06-29T07:57:44.795962-03:00,107.26,107.26,0.00,0.00,MIXTO,R7_MIXTO,3
2ac41625-e271-4a86-98c9-abbc7bea7428__cycle_2,,R7,Ricardone → San Lorenzo,VALIDO,,2026-06-29T06:40:09.022825-03:00,2026-06-29T09:40:36.821273-03:00,180.46,78.86,9.64,91.97,MIXTO,R7_MIXTO,7
b600e9c5-1398-406f-9937-b0bc953079b3__cycle_3,,R7,Ricardone → San Lorenzo,VALIDO,DEDUCIDO,2026-06-29T06:42:09.040585-03:00,2026-06-29T06:59:25.447706-03:00,17.27,17.27,0.00,0.00,MIXTO,R7_MIXTO,3
09e57e3b-1275-472c-a3ea-27a864e8ab0e,,R7,Ricardone → San Lorenzo,VALIDO,,2026-06-29T06:54:29.084613-03:00,2026-06-29T11:25:26.954727-03:00,270.96,150.93,9.73,110.30,MIXTO,R7_MIXTO,6
fea88ed7-88fc-450e-b14a-b2b755127018__cycle_2,,R7,Ricardone → San Lorenzo,VALIDO,,2026-06-29T06:55:14.106252-03:00,2026-06-29T11:37:22.058183-03:00,282.13,151.68,11.23,119.22,MIXTO,R7_MIXTO,8
ab069f6a-4ae6-4cc1-8215-ecfd846a25e0,,R7,Ricardone → San Lorenzo,VALIDO,,2026-06-29T06:57:03.895132-03:00,2026-06-29T08:49:59.77475-03:00,112.93,112.93,0.00,28.13,MIXTO,R7_MIXTO,5
0f3a8193-245e-4c18-a43e-1ea7e062c2a7,,R7,Ricardone → San Lorenzo,VALIDO,,2026-06-29T06:59:04.063858-03:00,2026-06-29T12:58:39.75685-03:00,359.59,359.59,0.00,0.00,MIXTO,R7_MIXTO,2
ff5ec190-7279-4cdd-a143-504b3d512f82,,R7,Ricardone → San Lorenzo,VALIDO,,2026-06-29T07:01:49.090146-03:00,2026-06-29T10:04:01.850525-03:00,182.21,76.59,5.32,100.30,MIXTO,R7_MIXTO,7
5d329d0c-bdfd-4a40-bd29-b667b57002a8,,R7,Ricardone → San Lorenzo,VALIDO,,2026-06-29T07:06:03.844659-03:00,2026-06-29T08:54:29.812229-03:00,108.43,108.43,0.00,18.46,MIXTO,R7_MIXTO,6
213f61a1-1836-48ab-b2ca-762d9ea17bcc,,R7,Ricardone → San Lorenzo,VALIDO,,2026-06-29T07:06:04.017739-03:00,2026-06-29T10:01:46.81465-03:00,175.71,73.43,7.07,95.22,MIXTO,R7_MIXTO,7
57597e88-faf1-425d-b2b5-fb6cf5bc962d,,R7,Ricardone → San Lorenzo,VALIDO,DEDUCIDO,2026-06-29T07:06:19.111013-03:00,2026-06-29T13:00:19.774635-03:00,354.01,354.01,0.00,0.00,MIXTO,R7_MIXTO,3
779c64e1-2af9-4581-a300-8b23e5955f5a,,R7,Ricardone → San Lorenzo,VALIDO,COMPLETO,2026-06-29T07:06:39.056772-03:00,2026-06-29T13:00:44.762468-03:00,354.10,354.10,0.00,0.00,MIXTO,R7_MIXTO,4
b40c218d-630f-4384-ac13-ff49ae175919,,R7,Ricardone → San Lorenzo,VALIDO,,2026-06-29T07:10:43.840981-03:00,2026-06-29T08:50:44.777963-03:00,100.02,100.02,0.00,16.63,MIXTO,R7_MIXTO,6
11ff2a8d-fcb9-4569-8a85-1f01c5d66e34,,R7,Ricardone → San Lorenzo,VALIDO,DEDUCIDO,2026-06-29T07:12:51.967775-03:00,2026-06-29T08:21:44.789605-03:00,68.88,68.88,0.00,0.00,MIXTO,R7_MIXTO,3
666c75e2-6a6c-47eb-9a09-f3b86017e187,,R7,Ricardone → San Lorenzo,VALIDO,,2026-06-29T07:16:39.106797-03:00,2026-06-29T10:28:31.93799-03:00,191.88,71.01,6.65,114.22,MIXTO,R7_MIXTO,6
71b73424-9500-4e41-a925-aad39a92280a__cycle_1,,R6,Recepción Volcable 2,VALIDO,DEDUCIDO,2026-06-29T07:18:54.157675-03:00,2026-06-29T11:05:51.595767-03:00,226.96,,,,,,5
1b748934-c5d6-46af-8702-70f334263538,,R7,Ricardone → San Lorenzo,VALIDO,DEDUCIDO,2026-06-29T07:21:34.022266-03:00,2026-06-29T13:01:04.757988-03:00,339.51,339.51,0.00,0.00,MIXTO,R7_MIXTO,3
06ec90bb-5c30-4de0-9bf6-cebaaa43f3c8,,R7,Ricardone → San Lorenzo,VALIDO,,2026-06-29T07:22:59.138122-03:00,2026-06-29T10:42:11.919772-03:00,199.21,70.51,7.40,121.30,MIXTO,R7_MIXTO,6
826cc13e-5d82-419b-bcb3-ad903fdc63a1__cycle_3,,R6,Recepción Volcable 2,VALIDO,DEDUCIDO,2026-06-29T07:24:16.553071-03:00,2026-06-29T19:09:58.959785-03:00,705.71,,,,,,5
600716c6-7f62-44b7-a23a-c8a9d735384f__cycle_3,,R7,Ricardone → San Lorenzo,VALIDO,DEDUCIDO,2026-06-29T07:42:14.059818-03:00,2026-06-29T07:49:54.794519-03:00,7.68,7.68,0.00,0.00,MIXTO,R7_MIXTO,3
3d57e7d0-34e5-45c8-bcb7-e6fb1751994a__cycle_3,,R7,Ricardone → San Lorenzo,VALIDO,DEDUCIDO,2026-06-29T07:56:44.367735-03:00,2026-06-29T08:04:45.723738-03:00,8.02,8.02,0.00,0.00,MIXTO,R7_MIXTO,3
93a0a1b9-928b-4e8a-8136-b0445becac45__cycle_1,,R7,Ricardone → San Lorenzo,VALIDO,,2026-06-29T08:00:04.120015-03:00,2026-06-29T10:49:16.923957-03:00,169.21,35.34,13.98,119.89,MIXTO,R7_MIXTO,6
e2ed77f8-4d95-497e-94ae-a51d1146a64a,,R7,Ricardone → San Lorenzo,VALIDO,COMPLETO,2026-06-29T08:01:54.068379-03:00,2026-06-29T10:57:46.447347-03:00,175.87,175.87,0.00,0.00,MIXTO,R7_MIXTO,4
ddd9731d-13d5-410a-8761-15eb3e3b70f6__cycle_3,,R7,Ricardone → San Lorenzo,VALIDO,DEDUCIDO,2026-06-29T08:02:04.078204-03:00,2026-06-29T08:09:59.773781-03:00,7.93,7.93,0.00,0.00,MIXTO,R7_MIXTO,3
64fe6b0c-0fd0-4711-b379-d084ab93d3ce,,R7,Ricardone → San Lorenzo,VALIDO,COMPLETO,2026-06-29T08:04:59.058334-03:00,2026-06-29T12:59:34.779259-03:00,294.60,294.60,0.00,0.00,MIXTO,R7_MIXTO,4
4a0a58fe-f15e-4c7a-a2a2-f37cde53c7fe__cycle_1,,R7,Ricardone → San Lorenzo,VALIDO,,2026-06-29T08:13:14.324547-03:00,2026-06-29T11:04:06.931968-03:00,170.88,27.67,9.98,133.22,MIXTO,R7_MIXTO,7
469017d6-c700-4a04-8296-ee0088c8b0a3,,R7,Ricardone → San Lorenzo,VALIDO,DEDUCIDO,2026-06-29T08:15:29.027313-03:00,2026-06-29T08:21:14.826561-03:00,5.76,5.76,0.00,0.00,MIXTO,R7_MIXTO,3
4799178c-2bf9-4649-a849-aa52366a68a7__cycle_6,,R8,Recepción Mercadería Líquida,VALIDO,DEDUCIDO,2026-06-29T08:25:19.025503-03:00,2026-06-29T08:57:58.818611-03:00,32.66,,,,,,5
ba9f6372-54dd-49fa-8b8c-21cb5a6ee383,,R6,Recepción Volcable 2,VALIDO,DEDUCIDO,2026-06-29T08:33:04.371733-03:00,2026-06-29T13:22:52.737609-03:00,289.81,,,,,,6
bf1ad6b9-7e66-4356-a098-d04467c5bde6__cycle_2,,R7,Ricardone → San Lorenzo,VALIDO,,2026-06-29T08:34:53.999624-03:00,2026-06-29T12:05:52.051272-03:00,210.97,119.26,9.23,82.47,MIXTO,R7_MIXTO,8
97210a8c-3f05-4ae7-8f98-43e38da01d6d__cycle_2,,R7,Ricardone → San Lorenzo,VALIDO,DEDUCIDO,2026-06-29T08:36:08.991423-03:00,2026-06-29T10:36:09.799734-03:00,120.01,120.01,0.00,0.00,MIXTO,R7_MIXTO,3
55ddf055-b714-443e-b13c-ac582209f414,,R7,Ricardone → San Lorenzo,VALIDO,,2026-06-29T08:42:14.075784-03:00,2026-06-29T12:17:22.046422-03:00,215.13,112.93,12.57,89.64,MIXTO,R7_MIXTO,6
5dabf645-0d7b-4a12-8473-57fbd365ba0a,,R7,Ricardone → San Lorenzo,VALIDO,COMPLETO,2026-06-29T08:43:09.023417-03:00,2026-06-29T14:07:59.811197-03:00,324.85,324.85,0.00,0.00,MIXTO,R7_MIXTO,4
f79d684f-571d-4499-9ac0-580e6d444ea5__cycle_1,,R7,Ricardone → San Lorenzo,VALIDO,,2026-06-29T08:43:24.149528-03:00,2026-06-29T12:03:22.076814-03:00,199.97,111.43,12.40,76.14,MIXTO,R7_MIXTO,6
ac5c166d-20bd-4da5-9351-b8a8dd6a5dba__cycle_3,,R8,Recepción Mercadería Líquida,VALIDO,DEDUCIDO,2026-06-29T08:44:49.00648-03:00,2026-06-29T09:03:43.873112-03:00,18.91,,,,,,5
916ea855-cf6b-43b5-9af8-27f3efa20506__cycle_2,,R7,Ricardone → San Lorenzo,VALIDO,,2026-06-29T08:46:19.00536-03:00,2026-06-29T12:25:37.050966-03:00,219.30,109.18,12.90,97.22,MIXTO,R7_MIXTO,7
4f880734-ab75-4293-a37e-4d90b9b71985__cycle_1,,R7,Ricardone → San Lorenzo,VALIDO,,2026-06-29T08:49:54.037194-03:00,2026-06-29T12:53:07.153916-03:00,243.22,109.68,10.48,123.06,MIXTO,R7_MIXTO,6
b05b1163-5631-44ea-99f4-ee5b6e619938,,R5,Recepción Volcable 1,VALIDO,DEDUCIDO,2026-06-29T08:54:39.040303-03:00,2026-06-29T12:53:12.739655-03:00,238.56,,,,,,5
595acf0d-f47b-4ad4-a74f-4843cfe825c7,,R6,Recepción Volcable 2,VALIDO,DEDUCIDO,2026-06-29T08:54:49.042864-03:00,2026-06-29T13:23:36.638801-03:00,268.79,,,,,,5
3d012544-685a-4555-bf7e-c4fe8c7c216a,,R7,Ricardone → San Lorenzo,VALIDO,COMPLETO,2026-06-29T08:59:49.092907-03:00,2026-06-29T13:16:58.709766-03:00,257.16,244.18,12.98,0.00,MIXTO,R7_MIXTO,5
8e827b0a-657f-42b6-bcef-a874f9577de3__cycle_2,,R7,Ricardone → San Lorenzo,VALIDO,DEDUCIDO,2026-06-29T09:04:44.031648-03:00,2026-06-29T14:06:04.798761-03:00,301.35,301.35,0.00,0.00,MIXTO,R7_MIXTO,3
87c5d9e5-0317-4c30-9cd6-8adf0780c94a,,R7,Ricardone → San Lorenzo,VALIDO,DEDUCIDO,2026-06-29T09:16:04.01179-03:00,2026-06-29T10:46:54.881134-03:00,90.85,90.85,0.00,0.00,MIXTO,R7_MIXTO,3
71010bb6-7880-4246-8604-e5ad418a35ae__cycle_2,,R7,Ricardone → San Lorenzo,VALIDO,,2026-06-29T09:16:18.991889-03:00,2026-06-29T13:02:22.177193-03:00,226.05,90.93,13.98,121.14,MIXTO,R7_MIXTO,6
ae45e409-c136-43c5-a151-b787b60d461f,,R7,Ricardone → San Lorenzo,VALIDO,COMPLETO,2026-06-29T09:16:54.054682-03:00,2026-06-29T14:07:09.826228-03:00,290.26,290.26,0.00,0.00,MIXTO,R7_MIXTO,4
6e146347-6ef4-4459-928d-39108daadaac__cycle_2,,R7,Ricardone → San Lorenzo,VALIDO,COMPLETO,2026-06-29T09:29:54.005427-03:00,2026-06-29T12:01:39.756137-03:00,151.76,151.76,0.00,0.00,MIXTO,R7_MIXTO,4
25876919-de8a-4c7d-808d-f8b4c172be6c__cycle_2,,R7,Ricardone → San Lorenzo,VALIDO,DEDUCIDO,2026-06-29T09:33:49.004363-03:00,2026-06-29T10:51:04.813841-03:00,77.26,77.26,0.00,0.00,MIXTO,R7_MIXTO,3
23b173ca-a09e-43bc-aee2-ce84c83ef2ea__cycle_2,,R7,Ricardone → San Lorenzo,VALIDO,COMPLETO,2026-06-29T09:34:14.007775-03:00,2026-06-29T10:52:04.840151-03:00,77.85,77.85,0.00,0.00,MIXTO,R7_MIXTO,5
602827b5-663e-4fdc-9de3-59964b8ed91a__cycle_1,,R7,Ricardone → San Lorenzo,VALIDO,,2026-06-29T09:39:44.094011-03:00,2026-06-29T13:45:32.175321-03:00,245.80,0.00,0.00,158.89,MIXTO,R7_MIXTO,6
f053b630-7801-45cb-bf86-53405924c1d4,,R7,Ricardone → San Lorenzo,VALIDO,,2026-06-29T09:43:34.011194-03:00,2026-06-29T13:53:17.23538-03:00,249.72,75.68,8.40,165.64,MIXTO,R7_MIXTO,6
d0e29fc8-b6a9-4316-9704-1947bd951c6b,,R7,Ricardone → San Lorenzo,VALIDO,COMPLETO,2026-06-29T09:44:29.086375-03:00,2026-06-29T11:01:59.827313-03:00,77.51,77.51,0.00,0.00,MIXTO,R7_MIXTO,6
c08ef375-9057-48e3-8e2e-7c0a4ae4c933__cycle_1,,R7,Ricardone → San Lorenzo,VALIDO,,2026-06-29T09:47:59.006746-03:00,2026-06-29T13:58:52.177888-03:00,250.89,72.35,8.48,170.06,MIXTO,R7_MIXTO,6
684394c0-aa97-4a64-9b0f-8c06230afc0d__cycle_2,,R7,Ricardone → San Lorenzo,VALIDO,,2026-06-29T09:48:59.00973-03:00,2026-06-29T14:18:57.297011-03:00,269.97,73.93,9.06,186.98,MIXTO,R7_MIXTO,25
d7399933-8179-45d2-b58b-8faa348a14bf,,R7,Ricardone → San Lorenzo,VALIDO,,2026-06-29T09:54:19.056959-03:00,2026-06-29T15:44:47.379545-03:00,350.47,190.93,12.48,147.06,MIXTO,R7_MIXTO,7
f5f534a8-cd71-4284-ae5d-dc9c4afa8454__cycle_2,,R7,Ricardone → San Lorenzo,VALIDO,,2026-06-29T09:54:44.010438-03:00,2026-06-29T13:05:39.76371-03:00,190.93,190.93,0.00,0.00,MIXTO,R7_MIXTO,2
2dc09ac8-0266-4571-8e6c-015da59006e0__cycle_2,,R7,Ricardone → San Lorenzo,VALIDO,,2026-06-29T10:05:03.997216-03:00,2026-06-29T14:27:12.384047-03:00,262.14,68.35,9.57,184.23,MIXTO,R7_MIXTO,7
5ebc0ca3-04e4-4f5c-a0f9-3f9867ed7826__cycle_1,,R7,Ricardone → San Lorenzo,VALIDO,,2026-06-29T10:17:49.047454-03:00,2026-06-29T14:46:17.268572-03:00,268.47,58.59,9.15,200.73,MIXTO,R7_MIXTO,7
59460c2d-2ae1-49c2-af65-359c837214bd__cycle_7,,R8,Recepción Mercadería Líquida,VALIDO,DEDUCIDO,2026-06-29T10:19:33.993256-03:00,2026-06-29T14:45:03.71765-03:00,265.50,,,,,,9
77c8a62b-164b-43e5-a3f2-1c6c857e1534,,R7,Ricardone → San Lorenzo,VALIDO,,2026-06-29T10:22:04.02433-03:00,2026-06-29T14:35:07.284052-03:00,253.05,54.01,8.82,190.22,MIXTO,R7_MIXTO,7
2ae61602-596e-4f6f-bbeb-ea30edbd8c37__cycle_2,,R7,Ricardone → San Lorenzo,VALIDO,,2026-06-29T10:22:43.995441-03:00,2026-06-29T16:02:52.38948-03:00,340.14,159.10,8.82,172.23,MIXTO,R7_MIXTO,9
48b75ad7-5fab-4be0-8645-0099f23a7a6b,,R7,Ricardone → San Lorenzo,VALIDO,COMPLETO,2026-06-29T10:23:19.083307-03:00,2026-06-29T14:08:24.796061-03:00,225.10,225.10,0.00,0.00,MIXTO,R7_MIXTO,4
47a9a340-9ab0-47b8-af9e-95ac56874f0c,,R7,Ricardone → San Lorenzo,VALIDO,,2026-06-29T10:23:44.109454-03:00,2026-06-29T14:51:52.27747-03:00,268.14,56.18,8.98,202.97,MIXTO,R7_MIXTO,7
5b82dda9-616a-4bc3-a17a-3779f86117dc,,R7,Ricardone → San Lorenzo,VALIDO,,2026-06-29T10:44:15.722812-03:00,2026-06-29T15:12:57.281971-03:00,268.69,50.82,10.07,207.81,MIXTO,R7_MIXTO,7
fec107dc-fc3f-491f-89ef-57036f5cc735,,R7,Ricardone → San Lorenzo,VALIDO,,2026-06-29T10:44:53.840983-03:00,2026-06-29T11:16:39.712869-03:00,31.76,31.76,0.00,15.80,MIXTO,R7_MIXTO,7
e8767faa-1388-48a8-beaf-740edb15a062__cycle_4,,R7,Ricardone → San Lorenzo,VALIDO,,2026-06-29T10:58:13.994205-03:00,2026-06-29T14:56:27.295286-03:00,238.22,33.26,9.40,195.56,MIXTO,R7_MIXTO,7
e6174c06-e44a-4b37-81c8-f49d2dfbf355,,R7,Ricardone → San Lorenzo,VALIDO,,2026-06-29T11:15:18.998767-03:00,2026-06-29T15:53:47.383382-03:00,278.47,120.70,9.96,147.81,MIXTO,R7_MIXTO,6
9abb0063-f6b9-48a5-8fd8-b4624dab3e51,,R7,Ricardone → San Lorenzo,VALIDO,DEDUCIDO,2026-06-29T11:23:54.0524-03:00,2026-06-29T11:32:44.714869-03:00,8.84,8.84,0.00,0.00,MIXTO,R7_MIXTO,3
5d3d995a-a635-4803-91ea-eea736416585,,R7,Ricardone → San Lorenzo,VALIDO,COMPLETO,2026-06-29T11:27:54.053322-03:00,2026-06-29T16:41:34.816994-03:00,313.68,313.68,0.00,0.00,MIXTO,R7_MIXTO,4
2e701169-c177-4d31-a2ac-5c3b60d97f9b__cycle_4,,R7,Ricardone → San Lorenzo,VALIDO,,2026-06-29T11:29:59.050409-03:00,2026-06-29T16:25:17.390005-03:00,295.31,107.43,9.81,178.06,MIXTO,R7_MIXTO,7
acb51fd1-f383-4e88-9374-fdff83e502ef,,R7,Ricardone → San Lorenzo,VALIDO,,2026-06-29T11:32:38.991956-03:00,2026-06-29T15:57:12.379474-03:00,264.56,103.93,10.15,150.48,MIXTO,R7_MIXTO,6
e22acdaa-a23c-4f48-be3a-5ed431f3e192,,R7,Ricardone → San Lorenzo,VALIDO,,2026-06-29T11:33:33.988188-03:00,2026-06-29T16:06:12.392106-03:00,272.64,107.35,9.23,156.06,MIXTO,R7_MIXTO,7
54785ac3-cd73-4522-8e62-ed9b931ea414,,R7,Ricardone → San Lorenzo,VALIDO,COMPLETO,2026-06-29T11:33:44.057945-03:00,2026-06-29T13:31:18.742832-03:00,117.58,108.18,9.40,0.00,MIXTO,R7_MIXTO,5
3902e747-8abf-4975-9f66-a40d7685c388,,R7,Ricardone → San Lorenzo,VALIDO,,2026-06-29T11:33:58.993339-03:00,2026-06-29T16:29:17.742446-03:00,295.31,110.76,8.40,176.15,MIXTO,R7_MIXTO,7
a3b8e449-e123-4ac5-8233-53291555afb5__cycle_3,,R7,Ricardone → San Lorenzo,VALIDO,,2026-06-29T11:36:34.017876-03:00,2026-06-29T16:22:12.419156-03:00,285.64,105.93,9.82,169.90,MIXTO,R7_MIXTO,7
f199f9cb-7e03-4e66-823d-676bd0200323__cycle_2,,R7,Ricardone → San Lorenzo,VALIDO,,2026-06-29T11:40:04.032845-03:00,2026-06-29T16:27:37.462592-03:00,287.56,107.35,7.48,172.73,MIXTO,R7_MIXTO,6
ca8ba6e8-e06b-4fef-9433-e97278ed2d28__cycle_1,,R7,Ricardone → San Lorenzo,VALIDO,COMPLETO,2026-06-29T11:47:08.99192-03:00,2026-06-29T14:16:44.793884-03:00,149.60,149.60,0.00,0.00,MIXTO,R7_MIXTO,4
b380b711-3707-42e4-8736-f7762ae0f66a,,R7,Ricardone → San Lorenzo,VALIDO,,2026-06-29T11:47:19.039007-03:00,2026-06-29T16:49:37.548622-03:00,302.31,116.85,8.23,177.23,MIXTO,R7_MIXTO,6
ad02625a-7f15-4248-b50e-49af2aa8fbcf,,R7,Ricardone → San Lorenzo,VALIDO,,2026-06-29T11:47:54.033976-03:00,2026-06-29T16:39:42.445972-03:00,291.81,116.76,8.73,166.31,MIXTO,R7_MIXTO,6
326f7537-28ae-4217-86c1-f454cb617846__cycle_7,,R8,Recepción Mercadería Líquida,VALIDO,DEDUCIDO,2026-06-29T11:59:24.018488-03:00,2026-06-29T20:25:39.746956-03:00,506.26,,,,,,11
82b4bae9-a4ce-4314-bf52-cf1266ae68dd,,R7,Ricardone → San Lorenzo,VALIDO,COMPLETO,2026-06-29T12:12:09.098703-03:00,2026-06-29T16:44:39.821574-03:00,272.51,272.51,0.00,0.00,MIXTO,R7_MIXTO,4
d79a55e6-241d-425f-aa78-4d7ec9eab108,,R7,Ricardone → San Lorenzo,VALIDO,,2026-06-29T12:12:24.038936-03:00,2026-06-29T16:24:47.412905-03:00,252.39,100.35,7.98,144.06,MIXTO,R7_MIXTO,7
d959896c-652b-41d4-86a3-2b358f5530f8,,R7,Ricardone → San Lorenzo,VALIDO,COMPLETO,2026-06-29T12:12:49.036889-03:00,2026-06-29T16:46:54.76089-03:00,274.10,274.10,0.00,0.00,MIXTO,R7_MIXTO,4
ce55a3dd-80f3-498e-9267-0f3309474ab3,,R7,Ricardone → San Lorenzo,VALIDO,COMPLETO,2026-06-29T12:13:29.028422-03:00,2026-06-29T18:03:54.786108-03:00,350.43,350.43,0.00,0.00,MIXTO,R7_MIXTO,5
657b24c6-6d0e-4105-99dd-ac64d1ba98ae,,R7,Ricardone → San Lorenzo,VALIDO,COMPLETO,2026-06-29T12:14:44.042632-03:00,2026-06-29T16:46:14.772556-03:00,271.51,271.51,0.00,0.00,MIXTO,R7_MIXTO,5
d4be6812-e6fe-4f65-928a-a7ccc00a75d4__cycle_1,,R7,Ricardone → San Lorenzo,VALIDO,,2026-06-29T12:15:39.132238-03:00,2026-06-29T16:30:22.440935-03:00,254.72,100.01,6.40,148.31,MIXTO,R7_MIXTO,6
275bb45f-59df-40c6-9a62-fac7ce7a8cec,,R7,Ricardone → San Lorenzo,VALIDO,,2026-06-29T12:19:08.999751-03:00,2026-06-29T16:38:17.402555-03:00,259.14,98.76,8.98,151.39,MIXTO,R7_MIXTO,6
67b22558-38f3-4b15-bd99-79a890ed70dd__cycle_2,,R7,Ricardone → San Lorenzo,VALIDO,DEDUCIDO,2026-06-29T12:19:53.991542-03:00,2026-06-29T14:03:54.797135-03:00,104.01,104.01,0.00,0.00,MIXTO,R7_MIXTO,3
afa69e69-b8e2-4633-8b5d-62aa7e21c463,,R7,Ricardone → San Lorenzo,VALIDO,DEDUCIDO,2026-06-29T12:28:59.092897-03:00,2026-06-29T18:09:09.795816-03:00,340.18,340.18,0.00,0.00,MIXTO,R7_MIXTO,3
bc9e96d4-2e27-41d1-97a2-51c7e4e3cea4,,R7,Ricardone → San Lorenzo,VALIDO,,2026-06-29T12:32:54.056087-03:00,2026-06-29T16:38:02.52292-03:00,245.14,90.51,8.40,146.23,MIXTO,R7_MIXTO,8
e9eba9bd-20e8-4030-9c34-035e30dfd0c3,,R7,Ricardone → San Lorenzo,VALIDO,DEDUCIDO,2026-06-29T12:54:24.013453-03:00,2026-06-29T14:12:49.80213-03:00,78.43,78.43,0.00,0.00,MIXTO,R7_MIXTO,3
adff0de7-8e3a-4cd0-a3c2-7eb72ed48f3a__cycle_1,,R7,Ricardone → San Lorenzo,VALIDO,COMPLETO,2026-06-29T12:55:34.134558-03:00,2026-06-29T16:57:43.725861-03:00,242.16,229.68,12.48,0.00,MIXTO,R7_MIXTO,5
393f93c2-2eca-46e7-b892-f10e95912445,,R7,Ricardone → San Lorenzo,VALIDO,DEDUCIDO,2026-06-29T12:55:44.070998-03:00,2026-06-29T16:45:45.81895-03:00,230.03,230.03,0.00,0.00,MIXTO,R7_MIXTO,3
434270e3-e1fe-431e-adbe-e31867f449cd,,R7,Ricardone → San Lorenzo,VALIDO,,2026-06-29T12:57:24.03706-03:00,2026-06-29T17:40:37.511962-03:00,283.22,81.43,9.98,191.81,MIXTO,R7_MIXTO,6
1de78135-bd4d-4df8-8e34-30b6872cf39e,,R7,Ricardone → San Lorenzo,VALIDO,COMPLETO,2026-06-29T12:58:49.035202-03:00,2026-06-29T18:14:29.738726-03:00,315.68,315.68,0.00,0.00,MIXTO,R7_MIXTO,4
f2652268-9a7b-484e-87f5-cbdedf07bfcc__cycle_1,,R7,Ricardone → San Lorenzo,VALIDO,COMPLETO,2026-06-29T13:01:59.093575-03:00,2026-06-29T14:41:58.960485-03:00,100.00,82.68,17.32,0.00,MIXTO,R7_MIXTO,5
94dab8f6-d488-4f55-86a6-7a088623e119__cycle_2,,R7,Ricardone → San Lorenzo,VALIDO,,2026-06-29T13:03:39.012318-03:00,2026-06-29T17:50:12.515965-03:00,286.56,78.60,13.90,194.06,MIXTO,R7_MIXTO,7
212fd7b4-e782-4401-8190-dad68acf15c0__cycle_6,,R8,Recepción Mercadería Líquida,VALIDO,DEDUCIDO,2026-06-29T13:03:49.03809-03:00,2026-06-29T17:41:47.550316-03:00,277.98,,,,,,8
00273ee7-4545-4825-a596-a8986aad6201,,R7,Ricardone → San Lorenzo,VALIDO,,2026-06-29T13:10:04.172873-03:00,2026-06-29T19:49:37.743565-03:00,399.56,211.84,10.15,177.57,MIXTO,R7_MIXTO,7
56b49487-6970-4909-b572-c336e69b40a5,,R7,Ricardone → San Lorenzo,VALIDO,,2026-06-29T13:12:44.070487-03:00,2026-06-29T18:02:12.617329-03:00,289.48,75.51,15.31,198.65,MIXTO,R7_MIXTO,7
b0c25c39-ecc0-413d-9ded-5c8b47c2ba00__cycle_3,,R7,Ricardone → San Lorenzo,VALIDO,,2026-06-29T13:39:29.008587-03:00,2026-06-29T17:35:32.52459-03:00,236.06,41.68,8.98,185.40,MIXTO,R7_MIXTO,7
68e300fe-e552-4b2f-8982-f53d47b0b6cb__cycle_1,,R7,Ricardone → San Lorenzo,VALIDO,,2026-06-29T13:44:09.112505-03:00,2026-06-29T17:53:57.502468-03:00,249.81,40.18,16.73,192.90,MIXTO,R7_MIXTO,7
790cd3e9-bc48-4101-8a37-784df9041344__cycle_2,,R7,Ricardone → San Lorenzo,VALIDO,DEDUCIDO,2026-06-29T13:44:29.031008-03:00,2026-06-29T13:49:34.79561-03:00,5.10,5.10,0.00,0.00,MIXTO,R7_MIXTO,3
5eb187e0-3e19-4828-b477-0acc6f1daa61,,R7,Ricardone → San Lorenzo,VALIDO,,2026-06-29T13:53:34.016223-03:00,2026-06-29T18:03:37.624732-03:00,250.06,39.85,12.39,197.81,MIXTO,R7_MIXTO,6
60bedd90-71cc-484e-ac6b-2fe6765bfc97,,R7,Ricardone → San Lorenzo,VALIDO,,2026-06-29T13:54:39.082206-03:00,2026-06-29T18:04:12.61406-03:00,249.56,37.26,12.48,199.81,MIXTO,R7_MIXTO,6
29928cea-eb9f-416a-9704-3ac3e0e0b64f,,R7,Ricardone → San Lorenzo,VALIDO,,2026-06-29T13:56:34.149164-03:00,2026-06-29T18:10:47.628827-03:00,254.22,44.59,13.65,195.98,MIXTO,R7_MIXTO,7
04d93380-7b45-4803-983f-33df4cfebafc,,R7,Ricardone → San Lorenzo,VALIDO,,2026-06-29T13:56:49.078038-03:00,2026-06-29T18:09:37.616628-03:00,252.81,0.00,0.00,200.40,MIXTO,R7_MIXTO,6
b21a4dca-ffcc-43fe-b4b5-cdd452b19683,,R7,Ricardone → San Lorenzo,VALIDO,,2026-06-29T13:57:09.028492-03:00,2026-06-29T18:16:27.661026-03:00,259.31,45.10,13.73,200.48,MIXTO,R7_MIXTO,6
bb7e8d4b-ad7f-4acf-9630-f5bee806aea0,,R7,Ricardone → San Lorenzo,VALIDO,COMPLETO,2026-06-29T13:57:44.078844-03:00,2026-06-29T16:42:49.76222-03:00,165.09,165.09,0.00,0.00,MIXTO,R7_MIXTO,5
e93f06f1-60e6-42be-8c13-8557fb10422a__cycle_1,,R7,Ricardone → San Lorenzo,VALIDO,COMPLETO,2026-06-29T14:01:34.0151-03:00,2026-06-29T14:56:48.746322-03:00,55.25,41.26,13.98,0.00,MIXTO,R7_MIXTO,5
9eea08f0-ab33-4f13-b640-df48bf6ec7dc__cycle_4,,R7,Ricardone → San Lorenzo,VALIDO,,2026-06-29T14:02:44.039741-03:00,2026-06-29T18:25:47.61475-03:00,263.06,43.01,11.90,208.15,MIXTO,R7_MIXTO,6
3105625c-38ee-40fa-a39b-8c61ed55c4ae,,R7,Ricardone → San Lorenzo,VALIDO,,2026-06-29T14:06:24.022822-03:00,2026-06-29T18:26:12.652089-03:00,259.81,47.43,7.57,204.82,MIXTO,R7_MIXTO,7
ff2ea82c-68cd-48af-b651-8d7345dcc781__cycle_2,,R7,Ricardone → San Lorenzo,VALIDO,DEDUCIDO,2026-06-29T14:10:24.101384-03:00,2026-06-29T14:50:29.72155-03:00,40.09,40.09,0.00,0.00,MIXTO,R7_MIXTO,3
925084e7-677b-4bdf-a1c9-eee68ad4a69d,,R7,Ricardone → San Lorenzo,VALIDO,DEDUCIDO,2026-06-29T14:11:39.103776-03:00,2026-06-29T15:20:09.741201-03:00,68.51,68.51,0.00,0.00,MIXTO,R7_MIXTO,4
3ba1bed6-3b8a-4fe4-b52b-9af44ae1f4ae__cycle_1,,R7,Ricardone → San Lorenzo,VALIDO,,2026-06-29T14:13:54.074441-03:00,2026-06-29T18:14:02.632709-03:00,240.14,37.26,9.32,193.56,MIXTO,R7_MIXTO,7
4014695f-ed82-457f-8813-8813b0f828ec__cycle_1,,R7,Ricardone → San Lorenzo,VALIDO,,2026-06-29T14:14:14.104956-03:00,2026-06-29T18:24:17.661142-03:00,250.06,40.26,7.90,201.90,MIXTO,R7_MIXTO,7
509a10a6-b642-4d3e-88f2-99b56e244842,,R7,Ricardone → San Lorenzo,VALIDO,DEDUCIDO,2026-06-29T14:14:44.042915-03:00,2026-06-29T14:54:54.718636-03:00,40.18,40.18,0.00,0.00,MIXTO,R7_MIXTO,3
334ec862-10c9-49e3-8718-547d1bbd5e43__cycle_2,,R7,Ricardone → San Lorenzo,VALIDO,,2026-06-29T14:16:54.192166-03:00,2026-06-29T20:16:02.748101-03:00,359.14,146.86,10.96,201.32,MIXTO,R7_MIXTO,7
a66560f2-2343-4c72-b0a6-d0604c56bff5,,R7,Ricardone → San Lorenzo,VALIDO,,2026-06-29T14:24:39.062961-03:00,2026-06-29T18:33:02.637005-03:00,248.39,38.09,12.40,197.90,MIXTO,R7_MIXTO,7
22da5250-ead5-47a5-8df9-fbe64e863e34__cycle_1,,R7,Ricardone → San Lorenzo,VALIDO,,2026-06-29T14:25:09.112147-03:00,2026-06-29T18:38:42.653265-03:00,253.56,38.01,12.81,202.73,MIXTO,R7_MIXTO,6
ae3fe1c3-4035-4003-bc36-ee96cc83e90e,,R7,Ricardone → San Lorenzo,VALIDO,,2026-06-29T14:25:45.455472-03:00,2026-06-29T18:40:07.634961-03:00,254.37,38.24,12.65,203.48,MIXTO,R7_MIXTO,7
ce0bb306-231d-400e-9dc4-f67a1e99c6d0,,R7,Ricardone → San Lorenzo,VALIDO,DEDUCIDO,2026-06-29T14:26:29.060933-03:00,2026-06-29T15:08:04.814907-03:00,41.60,41.60,0.00,0.00,MIXTO,R7_MIXTO,3
ecb702bc-e836-4f7f-966c-a5bbebf03ad9__cycle_1,,R7,Ricardone → San Lorenzo,VALIDO,COMPLETO,2026-06-29T14:29:39.022238-03:00,2026-06-29T15:18:58.762742-03:00,49.33,39.43,9.90,0.00,MIXTO,R7_MIXTO,5
80495921-bb59-444a-a7af-57f0a736b86a,,R7,Ricardone → San Lorenzo,VALIDO,DEDUCIDO,2026-06-29T14:32:09.075772-03:00,2026-06-29T16:41:14.773521-03:00,129.09,129.09,0.00,0.00,MIXTO,R7_MIXTO,3
6e5608e6-89da-4f07-97c5-1587eb5bfbf6__cycle_2,,R7,Ricardone → San Lorenzo,VALIDO,DEDUCIDO,2026-06-29T14:33:14.01454-03:00,2026-06-29T16:42:19.766458-03:00,129.10,129.10,0.00,0.00,MIXTO,R7_MIXTO,3
3449bd62-2e47-4c0e-b348-8d0d5118e033,,R7,Ricardone → San Lorenzo,VALIDO,COMPLETO,2026-06-29T14:34:54.099761-03:00,2026-06-29T17:32:39.843688-03:00,177.76,177.76,0.00,0.00,MIXTO,R7_MIXTO,5
343d4656-3368-4e9e-8194-6f2e57e28336__cycle_2,,R7,Ricardone → San Lorenzo,VALIDO,,2026-06-29T14:43:19.150019-03:00,2026-06-29T19:23:42.78776-03:00,280.39,30.34,6.90,243.15,MIXTO,R7_MIXTO,7
0d7734fb-0b64-48e3-8d27-7290ac654764__cycle_2,,R7,Ricardone → San Lorenzo,VALIDO,,2026-06-29T14:45:13.946354-03:00,2026-06-29T18:47:22.662515-03:00,242.15,34.43,9.09,198.63,MIXTO,R7_MIXTO,7
a77ddf68-d130-4bdf-b9ec-02ff9ea488c7__cycle_1,,R7,Ricardone → San Lorenzo,VALIDO,COMPLETO,2026-06-29T14:54:08.971214-03:00,2026-06-29T15:33:08.748446-03:00,39.00,31.18,7.82,0.00,MIXTO,R7_MIXTO,5
5e03c68a-1a5d-4c9e-8a8a-0058e26120ac,,R7,Ricardone → San Lorenzo,VALIDO,,2026-06-29T14:58:28.790117-03:00,2026-06-29T20:17:57.726983-03:00,319.48,0.00,0.00,319.48,MIXTO,R7_MIXTO,7
1ad152ef-d0aa-4494-bc2c-60d43ff5aa05__cycle_2,,R7,Ricardone → San Lorenzo,VALIDO,DEDUCIDO,2026-06-29T15:05:03.961256-03:00,2026-06-29T15:25:54.850207-03:00,20.85,20.85,0.00,0.00,MIXTO,R7_MIXTO,3
87c8dd5c-f5fe-4c49-88e4-d81a12ef1038__cycle_2,,R7,Ricardone → San Lorenzo,VALIDO,,2026-06-29T15:05:23.944691-03:00,2026-06-29T21:13:57.859634-03:00,368.57,0.00,0.00,168.23,MIXTO,R7_MIXTO,3
004b547e-a62a-41a2-ae3b-18f28eeef26e,,R5,Recepción Volcable 1,VALIDO,DEDUCIDO,2026-06-29T15:13:24.080419-03:00,2026-06-29T17:08:32.708511-03:00,115.14,,,,,,5
68ac7764-5934-40a6-bd22-d351116f792c,,R7,Ricardone → San Lorenzo,VALIDO,,2026-06-29T15:17:28.993851-03:00,2026-06-29T20:41:32.770423-03:00,324.06,152.43,8.73,162.90,MIXTO,R7_MIXTO,6
ef79fee2-3a8c-42de-a178-3336eb3ca663,,R7,Ricardone → San Lorenzo,VALIDO,,2026-06-29T15:20:28.931185-03:00,2026-06-30T00:42:48.170097-03:00,562.32,273.85,9.23,279.24,MIXTO,R7_MIXTO,8
231c4f67-171c-4dba-bef9-6f40027e9391,,R7,Ricardone → San Lorenzo,VALIDO,COMPLETO,2026-06-29T15:20:53.992301-03:00,2026-06-29T17:50:53.749794-03:00,150.00,140.43,9.57,0.00,MIXTO,R7_MIXTO,5
6fce5a2a-168b-416e-b4e0-c055952a65fd,,R7,Ricardone → San Lorenzo,VALIDO,,2026-06-29T15:21:09.001027-03:00,2026-06-30T00:43:08.189825-03:00,561.99,273.68,9.48,278.82,MIXTO,R7_MIXTO,6
ac5c166d-20bd-4da5-9351-b8a8dd6a5dba__cycle_4,,R8,Recepción Mercadería Líquida,VALIDO,DEDUCIDO,2026-06-29T15:22:56.51112-03:00,2026-06-29T19:58:34.875659-03:00,275.64,,,,,,8
802fd09d-9f47-4b2e-86e3-6135b819aafb,,R7,Ricardone → San Lorenzo,VALIDO,,2026-06-29T15:27:38.98361-03:00,2026-06-29T20:28:47.744589-03:00,301.15,143.27,8.56,149.32,MIXTO,R7_MIXTO,6
7e34a178-e536-4d6b-861a-5cd01ba3719d,,R7,Ricardone → San Lorenzo,VALIDO,DEDUCIDO,2026-06-29T15:30:43.963038-03:00,2026-06-29T19:55:24.752832-03:00,264.68,264.68,0.00,0.00,MIXTO,R7_MIXTO,3
1a3cc111-9ad0-44ee-a42b-1aee9b510e01__cycle_1,,R7,Ricardone → San Lorenzo,VALIDO,DEDUCIDO,2026-06-29T15:31:53.943146-03:00,2026-06-29T20:05:28.684454-03:00,273.58,0.00,0.00,0.00,MIXTO,R7_MIXTO,4
b8fd32ca-0b99-4d06-85b1-0c2417721ab3__cycle_2,,R7,Ricardone → San Lorenzo,VALIDO,,2026-06-29T15:36:49.081256-03:00,2026-06-29T20:39:07.748479-03:00,302.31,140.60,9.65,152.07,MIXTO,R7_MIXTO,9
13eeffd5-4fc2-4c6c-ba70-3db34eba097a,,R7,Ricardone → San Lorenzo,VALIDO,,2026-06-29T15:37:39.070948-03:00,2026-06-29T20:54:02.89823-03:00,316.40,148.10,11.57,156.74,MIXTO,R7_MIXTO,7
da7c64cd-3699-4aa1-a2fa-a6512936b2e0,,R7,Ricardone → San Lorenzo,VALIDO,,2026-06-29T15:39:23.963708-03:00,2026-06-29T21:17:12.876305-03:00,337.82,257.35,9.48,70.99,MIXTO,R7_MIXTO,7
3eeccf02-8532-4a76-aede-b8e0d364f198,,R7,Ricardone → San Lorenzo,VALIDO,,2026-06-29T15:39:38.940243-03:00,2026-06-30T00:30:03.608742-03:00,530.41,0.00,0.00,71.16,MIXTO,R7_MIXTO,6
ee9eb976-596a-4df3-874f-39c244b10185,,R7,Ricardone → San Lorenzo,VALIDO,,2026-06-29T15:41:34.00681-03:00,2026-06-29T17:02:59.778031-03:00,81.43,81.43,0.00,0.00,MIXTO,R7_MIXTO,2
1366a175-5a37-48e5-9dcf-34c714a4e24c,,R7,Ricardone → San Lorenzo,VALIDO,COMPLETO,2026-06-29T15:48:04.082511-03:00,2026-06-29T20:13:09.755215-03:00,265.09,265.09,0.00,0.00,MIXTO,R7_MIXTO,4
37b41b9f-5e6b-453a-a505-5c9739ccff86__cycle_3,,R7,Ricardone → San Lorenzo,VALIDO,,2026-06-29T16:02:28.971282-03:00,2026-06-29T16:32:14.83166-03:00,29.76,29.76,0.00,0.00,MIXTO,R7_MIXTO,2
6e85b317-7544-4c9f-b040-b39c62392280__cycle_2,,R7,Ricardone → San Lorenzo,VALIDO,DEDUCIDO,2026-06-29T16:03:13.985688-03:00,2026-06-29T16:33:19.767801-03:00,30.10,30.10,0.00,0.00,MIXTO,R7_MIXTO,3
cdee69ba-c009-451a-9be3-ebcb516dc617__cycle_3,,R7,Ricardone → San Lorenzo,VALIDO,DEDUCIDO,2026-06-29T16:03:28.928466-03:00,2026-06-29T16:33:49.843382-03:00,30.35,30.35,0.00,0.00,MIXTO,R7_MIXTO,3
58d5707e-4ef8-4fc8-86bf-9d9a20de0d2e__cycle_3,,R7,Ricardone → San Lorenzo,VALIDO,DEDUCIDO,2026-06-29T16:04:08.944872-03:00,2026-06-29T16:34:29.773533-03:00,30.35,30.35,0.00,0.00,MIXTO,R7_MIXTO,3
58fac428-e88e-467b-9cee-917ee06e714e,,R7,Ricardone → San Lorenzo,VALIDO,DEDUCIDO,2026-06-29T16:09:14.020506-03:00,2026-06-29T20:24:59.735124-03:00,255.76,255.76,0.00,0.00,MIXTO,R7_MIXTO,3
fb9f9ef2-6e11-48ae-a28e-ca83e9147954,,R7,Ricardone → San Lorenzo,VALIDO,DEDUCIDO,2026-06-29T16:11:13.947015-03:00,2026-06-29T20:16:49.746244-03:00,245.60,245.60,0.00,0.00,MIXTO,R7_MIXTO,3
8d3a0d55-9d9d-4b6d-9bc1-a6ea1cb9ed33__cycle_4,,R7,Ricardone → San Lorenzo,VALIDO,,2026-06-29T16:15:38.941841-03:00,2026-06-29T21:37:07.920135-03:00,321.48,0.00,0.00,60.99,MIXTO,R7_MIXTO,4
368b9bfa-e940-4278-ab67-47d0933455f6,,R7,Ricardone → San Lorenzo,VALIDO,,2026-06-29T16:16:03.991949-03:00,2026-06-29T21:57:37.933993-03:00,341.57,0.00,0.00,78.57,MIXTO,R7_MIXTO,4
81ba691c-ca4f-466c-aef0-f69ac9cf3098__cycle_1,,R7,Ricardone → San Lorenzo,VALIDO,,2026-06-29T16:27:43.95657-03:00,2026-06-29T21:54:42.889152-03:00,326.98,0.00,0.00,74.57,MIXTO,R7_MIXTO,7
348a015a-ed11-4922-9b7d-af7a1e380389__cycle_2,,R7,Ricardone → San Lorenzo,VALIDO,DEDUCIDO,2026-06-29T16:32:54.001757-03:00,2026-06-29T20:36:09.759613-03:00,243.26,243.26,0.00,0.00,MIXTO,R7_MIXTO,3
22daef16-d38c-4bfa-a7eb-7644c32e7c76,,R7,Ricardone → San Lorenzo,VALIDO,,2026-06-29T16:34:19.077439-03:00,2026-06-29T22:21:13.052651-03:00,346.90,0.00,0.00,90.16,MIXTO,R7_MIXTO,6
514dc898-f64e-42b6-bdaa-b16b7051eba4__cycle_6,,R7,Ricardone → San Lorenzo,VALIDO,DEDUCIDO,2026-06-29T16:37:03.941855-03:00,2026-06-29T17:01:18.71857-03:00,24.25,0.00,0.00,0.00,MIXTO,R7_MIXTO,3
8c22c6af-097b-46e6-9fc5-661366b7ae20,,R7,Ricardone → San Lorenzo,VALIDO,,2026-06-29T16:37:19.012062-03:00,2026-06-29T22:14:18.073544-03:00,336.98,0.00,0.00,88.66,MIXTO,R7_MIXTO,5
78096477-9078-4fc8-b5a3-2a602b575f0a,,R7,Ricardone → San Lorenzo,VALIDO,,2026-06-29T16:46:23.993607-03:00,2026-06-29T17:17:34.781896-03:00,31.18,31.18,0.00,0.00,MIXTO,R7_MIXTO,2
4799178c-2bf9-4649-a849-aa52366a68a7__cycle_7,,R8,Recepción Mercadería Líquida,VALIDO,DEDUCIDO,2026-06-29T16:51:37.553999-03:00,2026-06-29T19:53:54.727474-03:00,182.29,,,,,,6
411936f2-bbd2-4324-bf71-d6bdbadd02ec__cycle_1,,R7,Ricardone → San Lorenzo,VALIDO,,2026-06-29T16:52:33.742965-03:00,2026-06-30T02:57:29.666622-03:00,604.93,0.00,0.00,180.16,MIXTO,R7_MIXTO,4
8959fd19-d84e-4fc6-a0d2-9b7cf3348a60,,R7,Ricardone → San Lorenzo,VALIDO,DEDUCIDO,2026-06-29T16:59:13.953008-03:00,2026-06-29T17:07:44.794462-03:00,8.51,8.51,0.00,0.00,MIXTO,R7_MIXTO,3
fc2b76ae-3d05-4860-a70d-8819b570e978,,R7,Ricardone → San Lorenzo,VALIDO,,2026-06-29T17:04:44.030331-03:00,2026-06-29T22:20:03.017981-03:00,315.32,0.00,0.00,87.57,MIXTO,R7_MIXTO,5
728d8ec3-1113-4823-bdfc-e03d421dca8e,,R7,Ricardone → San Lorenzo,VALIDO,COMPLETO,2026-06-29T17:05:09.12895-03:00,2026-06-29T20:46:09.838603-03:00,221.01,221.01,0.00,0.00,MIXTO,R7_MIXTO,4
ece37392-72ea-4a37-8597-0ce6fa8e3e49__cycle_2,,R7,Ricardone → San Lorenzo,VALIDO,,2026-06-29T17:18:23.944867-03:00,2026-06-29T22:24:32.997754-03:00,306.15,0.00,0.00,79.57,MIXTO,R7_MIXTO,9
30f58449-99d8-40b6-bcef-a8bd899e0a0f__cycle_2,,R7,Ricardone → San Lorenzo,VALIDO,COMPLETO,2026-06-29T17:20:10.672547-03:00,2026-06-29T23:14:44.759745-03:00,354.57,354.57,0.00,0.00,MIXTO,R7_MIXTO,4
68def1cd-1dc5-45ce-a5db-0fa7bca3ecba,,R7,Ricardone → San Lorenzo,VALIDO,COMPLETO,2026-06-29T17:21:33.966958-03:00,2026-06-29T23:15:04.797829-03:00,353.51,353.51,0.00,0.00,MIXTO,R7_MIXTO,4
8a3a41c7-f53f-4e50-99fd-5d65130c9674,,R7,Ricardone → San Lorenzo,VALIDO,COMPLETO,2026-06-29T17:21:59.002841-03:00,2026-06-29T23:15:29.757385-03:00,353.51,353.51,0.00,0.00,MIXTO,R7_MIXTO,4
879f179a-43a4-47cc-9a87-1d5fa6bbbb6a,,R7,Ricardone → San Lorenzo,VALIDO,COMPLETO,2026-06-29T17:24:44.023563-03:00,2026-06-29T21:02:24.75752-03:00,217.68,217.68,0.00,0.00,MIXTO,R7_MIXTO,4
cd4b982c-a6af-4d2f-ae2a-08d60928a806__cycle_2,,R7,Ricardone → San Lorenzo,VALIDO,COMPLETO,2026-06-29T17:34:53.954769-03:00,2026-06-29T23:16:29.79176-03:00,341.60,341.60,0.00,0.00,MIXTO,R7_MIXTO,4
77c420f3-e8cb-48b7-95e1-1fb5debe04c0__cycle_3,,R7,Ricardone → San Lorenzo,VALIDO,COMPLETO,2026-06-29T17:38:43.964798-03:00,2026-06-29T23:16:54.809247-03:00,338.18,338.18,0.00,0.00,MIXTO,R7_MIXTO,4
9b84ab8b-af13-4f13-beb1-e098fb9b5318,,R7,Ricardone → San Lorenzo,VALIDO,,2026-06-29T17:43:23.962441-03:00,2026-06-29T23:00:08.02343-03:00,316.73,0.00,0.00,91.66,MIXTO,R7_MIXTO,6
853e04b9-9122-44df-aa54-107e6c382f83,,R7,Ricardone → San Lorenzo,VALIDO,DEDUCIDO,2026-06-29T17:44:33.959255-03:00,2026-06-29T17:52:29.836027-03:00,7.93,7.93,0.00,0.00,MIXTO,R7_MIXTO,3
ec7db3f8-fc6e-4c17-a51b-397d4afd5b2c,,R7,Ricardone → San Lorenzo,VALIDO,DEDUCIDO,2026-06-29T17:44:48.946119-03:00,2026-06-29T17:54:04.782454-03:00,9.26,9.26,0.00,0.00,MIXTO,R7_MIXTO,3
cac54883-0619-42e9-95df-f16832f4ea4d__cycle_5,,R7,Ricardone → San Lorenzo,VALIDO,,2026-06-29T17:45:08.973031-03:00,2026-06-30T00:33:43.213485-03:00,408.57,0.00,0.00,64.08,MIXTO,R7_MIXTO,6
7fc0948f-2d13-4c06-b3e9-1d2d5be890ba,,R7,Ricardone → San Lorenzo,VALIDO,COMPLETO,2026-06-29T17:45:54.019719-03:00,2026-06-29T23:19:04.762452-03:00,333.18,333.18,0.00,0.00,MIXTO,R7_MIXTO,4
3e55e9ba-48c2-4fe7-8529-8c849455981b,,R7,Ricardone → San Lorenzo,VALIDO,DEDUCIDO,2026-06-29T17:46:08.976768-03:00,2026-06-29T21:17:05.245555-03:00,210.94,210.94,0.00,0.00,MIXTO,R7_MIXTO,3
5dd740cf-e873-4b15-bfa4-0a7d6e6e159a,,R7,Ricardone → San Lorenzo,VALIDO,,2026-06-29T17:46:18.948809-03:00,2026-06-29T22:59:38.014192-03:00,313.32,0.00,0.00,90.57,MIXTO,R7_MIXTO,5
3c74e4e5-9e10-4eba-9655-7ff3048107f1__cycle_2,,R7,Ricardone → San Lorenzo,VALIDO,COMPLETO,2026-06-29T17:46:43.972917-03:00,2026-06-29T21:19:04.822258-03:00,212.35,212.35,0.00,0.00,MIXTO,R7_MIXTO,4
82c96bdb-0478-4667-b50e-fcf1586154de,,R7,Ricardone → San Lorenzo,VALIDO,COMPLETO,2026-06-29T17:50:28.978818-03:00,2026-06-29T21:31:39.748725-03:00,221.18,221.18,0.00,0.00,MIXTO,R7_MIXTO,4
73875d4f-cacb-4660-88b7-ea0c70447a8c__cycle_2,,R7,Ricardone → San Lorenzo,VALIDO,COMPLETO,2026-06-29T17:58:03.949579-03:00,2026-06-29T21:24:04.757632-03:00,206.01,206.01,0.00,0.00,MIXTO,R7_MIXTO,4
ccdc67cc-f895-432f-a0b3-a35ecd75d53e,,R7,Ricardone → San Lorenzo,VALIDO,COMPLETO,2026-06-29T17:58:48.969732-03:00,2026-06-29T21:27:39.751818-03:00,208.85,208.85,0.00,0.00,MIXTO,R7_MIXTO,4
f4b15f89-e870-42f6-bf3e-79f20883f28f__cycle_2,,R7,Ricardone → San Lorenzo,VALIDO,COMPLETO,2026-06-29T18:03:09.131575-03:00,2026-06-29T23:19:29.760257-03:00,316.34,316.34,0.00,0.00,MIXTO,R7_MIXTO,4
ddf0474c-61b9-4f29-8587-d3da894069e1__cycle_4,,R8,Recepción Mercadería Líquida,VALIDO,DEDUCIDO,2026-06-29T18:10:13.955304-03:00,2026-06-30T02:45:33.781965-03:00,515.33,,,,,,10
ee6424f5-f6bf-4abd-a4e2-db6e5a2d8786__cycle_3,,R7,Ricardone → San Lorenzo,VALIDO,COMPLETO,2026-06-29T18:13:04.10038-03:00,2026-06-29T23:21:54.763178-03:00,308.84,308.84,0.00,0.00,MIXTO,R7_MIXTO,4
33269152-41cb-4ae9-a0ee-5fb71eb712b3,,R7,Ricardone → San Lorenzo,VALIDO,DEDUCIDO,2026-06-29T18:26:20.03967-03:00,2026-06-29T21:37:34.759516-03:00,191.25,191.25,0.00,0.00,MIXTO,R7_MIXTO,3
dda435e2-9e4e-4a32-bd0d-02e43554c1b1,,R7,Ricardone → San Lorenzo,VALIDO,COMPLETO,2026-06-29T18:32:43.951564-03:00,2026-06-29T23:20:39.777301-03:00,287.93,287.93,0.00,0.00,MIXTO,R7_MIXTO,5
518d9843-42c3-442e-ba47-acd3bd0e1ff6,,R7,Ricardone → San Lorenzo,VALIDO,,2026-06-29T18:36:19.002277-03:00,2026-06-29T23:27:13.019559-03:00,290.90,0.00,0.00,87.07,MIXTO,R7_MIXTO,3
79a3f6a3-3b5b-4845-928b-20fba6e97729__cycle_2,,R7,Ricardone → San Lorenzo,VALIDO,,2026-06-29T18:42:53.949239-03:00,2026-06-29T23:31:38.157292-03:00,288.74,192.01,8.65,88.07,MIXTO,R7_MIXTO,7
78c40e9c-737a-47e1-b5bf-a108a8a9cce2,,R7,Ricardone → San Lorenzo,VALIDO,DEDUCIDO,2026-06-29T19:00:49.054417-03:00,2026-06-29T21:55:39.792639-03:00,174.85,174.85,0.00,0.00,MIXTO,R7_MIXTO,3
3d45b3ee-4585-44d8-9191-72286cea2101__cycle_2,,R7,Ricardone → San Lorenzo,VALIDO,,2026-06-29T19:01:24.162588-03:00,2026-06-29T23:46:38.127544-03:00,285.23,180.43,10.73,94.07,MIXTO,R7_MIXTO,8
6c338939-d121-42db-a3c7-9cf321dd3ce9,,R7,Ricardone → San Lorenzo,VALIDO,,2026-06-29T19:08:54.134201-03:00,2026-06-29T23:52:03.124235-03:00,283.15,174.68,9.90,98.57,MIXTO,R7_MIXTO,6
ce7812fe-d79a-4c9d-b8ca-9f75783b9344,,R7,Ricardone → San Lorenzo,VALIDO,,2026-06-29T19:16:09.051979-03:00,2026-06-29T23:24:14.753881-03:00,248.10,248.10,0.00,0.00,MIXTO,R7_MIXTO,2
60353adf-ee25-4abb-ac3c-26e95d85bdba__cycle_2,,R7,Ricardone → San Lorenzo,VALIDO,,2026-06-29T19:22:23.980927-03:00,2026-06-30T00:00:28.232823-03:00,278.07,166.60,7.40,104.07,MIXTO,R7_MIXTO,7
89db98d8-c4dc-4640-afc4-1e0677c70081,,R7,Ricardone → San Lorenzo,VALIDO,DEDUCIDO,2026-06-29T19:23:59.016243-03:00,2026-06-29T22:16:29.777399-03:00,172.51,172.51,0.00,0.00,MIXTO,R7_MIXTO,3
df870388-0d59-4d0e-af64-734f7774b2d8__cycle_2,,R7,Ricardone → San Lorenzo,VALIDO,,2026-06-29T19:27:13.980497-03:00,2026-06-30T09:24:49.251878-03:00,837.59,237.60,11.65,588.34,MIXTO,R7_MIXTO,8
eb301f89-3c9e-4b33-8d6c-314ece2a3c1d,,R7,Ricardone → San Lorenzo,VALIDO,DEDUCIDO,2026-06-29T19:27:49.011782-03:00,2026-06-29T23:25:14.763944-03:00,237.43,237.43,0.00,0.00,MIXTO,R7_MIXTO,3
ee9675e0-2884-4c75-956d-7132e0a572c4,,R7,Ricardone → San Lorenzo,VALIDO,,2026-06-29T19:34:34.02246-03:00,2026-06-30T04:14:28.032764-03:00,519.90,231.18,11.73,276.99,MIXTO,R7_MIXTO,7
a3386877-217e-468a-990e-6aad80a6a9f9,,R7,Ricardone → San Lorenzo,VALIDO,DEDUCIDO,2026-06-29T19:36:28.976038-03:00,2026-06-29T23:26:19.799536-03:00,229.85,229.85,0.00,0.00,MIXTO,R7_MIXTO,3
ccc54d56-540a-4987-8c30-4e651be5889d__cycle_2,,R7,Ricardone → San Lorenzo,VALIDO,COMPLETO,2026-06-29T19:49:03.961053-03:00,2026-06-30T00:08:24.845127-03:00,259.35,259.35,0.00,0.00,MIXTO,R7_MIXTO,4
39b96215-f9e1-4180-9a76-5cf2d9cc1d46,,R7,Ricardone → San Lorenzo,VALIDO,COMPLETO,2026-06-29T19:51:44.010684-03:00,2026-06-30T00:15:34.829982-03:00,263.85,263.85,0.00,0.00,MIXTO,R7_MIXTO,4
11f0f01c-34f4-4df7-94c0-7650444a9d49,,R7,Ricardone → San Lorenzo,VALIDO,COMPLETO,2026-06-29T19:57:58.993159-03:00,2026-06-30T00:18:59.891805-03:00,261.01,261.01,0.00,0.00,MIXTO,R7_MIXTO,4
f458069e-9690-475a-b8b6-be7d071549c9,,R7,Ricardone → San Lorenzo,VALIDO,COMPLETO,2026-06-29T20:02:39.083023-03:00,2026-06-30T00:24:44.790366-03:00,262.10,262.10,0.00,0.00,MIXTO,R7_MIXTO,4
0fa52909-3ecd-4cfa-b114-c9ac5246ad37,,R7,Ricardone → San Lorenzo,VALIDO,DEDUCIDO,2026-06-29T20:06:19.047585-03:00,2026-06-30T00:30:14.688164-03:00,263.93,263.93,0.00,0.00,MIXTO,R7_MIXTO,4
6f18f894-ccfe-4463-a661-56e243acf959__cycle_2,,R7,Ricardone → San Lorenzo,VALIDO,,2026-06-29T20:22:08.97425-03:00,2026-06-29T20:27:49.74034-03:00,5.68,5.68,0.00,0.00,MIXTO,R7_MIXTO,2
44215ed3-ec5c-4226-a76d-67fcfcaee455,,R7,Ricardone → San Lorenzo,VALIDO,COMPLETO,2026-06-29T20:22:38.968591-03:00,2026-06-30T00:21:14.813208-03:00,238.60,238.60,0.00,0.00,MIXTO,R7_MIXTO,4
fc6c08ac-583c-4023-b7e5-4722c3bef7d3,,R7,Ricardone → San Lorenzo,VALIDO,COMPLETO,2026-06-29T20:44:58.94349-03:00,2026-06-30T00:27:34.732084-03:00,222.60,222.60,0.00,0.00,MIXTO,R7_MIXTO,4
16ef119a-9e11-4d42-80d1-da7340fc0301,,R7,Ricardone → San Lorenzo,VALIDO,COMPLETO,2026-06-29T20:47:53.972384-03:00,2026-06-30T00:36:54.694417-03:00,229.01,229.01,0.00,0.00,MIXTO,R7_MIXTO,4
715ae6da-c094-418b-933a-b04380118168__cycle_2,,R7,Ricardone → San Lorenzo,VALIDO,DEDUCIDO,2026-06-29T20:48:58.973834-03:00,2026-06-30T00:28:29.701617-03:00,219.51,219.51,0.00,0.00,MIXTO,R7_MIXTO,3
0aefab5b-ad03-4e30-8c26-d3c656de5861,,R7,Ricardone → San Lorenzo,VALIDO,COMPLETO,2026-06-29T20:59:59.006849-03:00,2026-06-30T00:33:34.68994-03:00,213.59,213.59,0.00,0.00,MIXTO,R7_MIXTO,4
99cc4025-2d51-40be-b355-0515e89059c4__cycle_1,,R7,Ricardone → San Lorenzo,VALIDO,,2026-06-29T21:01:29.106497-03:00,2026-06-30T04:22:28.02209-03:00,440.98,0.00,0.00,210.57,MIXTO,R7_MIXTO,5
4ea24636-84db-4437-9302-aa71e81bee4b,,R7,Ricardone → San Lorenzo,VALIDO,DEDUCIDO,2026-06-29T21:02:24.09879-03:00,2026-06-30T00:44:36.394674-03:00,222.20,222.20,0.00,0.00,MIXTO,R7_MIXTO,4
1c71d13f-8c29-45d7-a4fb-ecfab63514a5,,R7,Ricardone → San Lorenzo,VALIDO,COMPLETO,2026-06-29T21:03:29.035484-03:00,2026-06-30T00:37:34.686263-03:00,214.09,214.09,0.00,0.00,MIXTO,R7_MIXTO,4
2c185746-92c4-4d57-9bd9-c2e3c2685569,,R7,Ricardone → San Lorenzo,VALIDO,,2026-06-29T21:32:14.102702-03:00,2026-06-30T01:34:28.232243-03:00,242.24,190.93,10.73,40.58,MIXTO,R7_MIXTO,6
275b064e-aad4-4ce1-94b2-274bd6ad93ca__cycle_2,,R7,Ricardone → San Lorenzo,VALIDO,,2026-06-29T21:48:13.970804-03:00,2026-06-30T04:25:03.034749-03:00,396.82,176.93,11.65,208.24,MIXTO,R7_MIXTO,7
2c558f1f-9582-4a38-9f1c-ec310fa2230d__cycle_2,,R7,Ricardone → San Lorenzo,VALIDO,,2026-06-29T21:55:33.979645-03:00,2026-06-30T01:35:13.226806-03:00,219.65,175.93,10.65,33.07,MIXTO,R7_MIXTO,7
661158be-326e-42da-b9b5-68f573474ad8__cycle_2,,R7,Ricardone → San Lorenzo,VALIDO,DEDUCIDO,2026-06-29T21:56:38.970847-03:00,2026-06-30T01:10:43.666752-03:00,194.08,0.00,0.00,0.00,MIXTO,R7_MIXTO,3
50000acb-17ee-4878-8c0e-9eab104cd3bc__cycle_2,,R7,Ricardone → San Lorenzo,VALIDO,,2026-06-29T22:00:29.002658-03:00,2026-06-30T01:56:48.237335-03:00,236.32,186.26,11.25,38.81,MIXTO,R7_MIXTO,7
796afb1f-67b4-4f6f-997f-da9cf0509a43,,R7,Ricardone → San Lorenzo,VALIDO,,2026-06-29T22:00:49.022967-03:00,2026-06-30T01:48:28.265013-03:00,227.65,185.18,11.40,31.08,MIXTO,R7_MIXTO,7
e64a6d02-1ad4-4b0b-b4c9-1750f5097e09__cycle_2,,R7,Ricardone → San Lorenzo,VALIDO,,2026-06-29T22:01:58.985295-03:00,2026-06-30T01:45:03.263205-03:00,223.07,183.51,9.90,29.66,MIXTO,R7_MIXTO,7
8bdd77dd-46dd-4071-84dd-c5de7c21e7d6__cycle_1,,R7,Ricardone → San Lorenzo,VALIDO,,2026-06-29T22:04:34.803231-03:00,2026-06-30T02:01:38.36153-03:00,237.06,189.41,11.98,35.66,MIXTO,R7_MIXTO,6
4241cd16-e588-4a68-bf62-281556ab7087,,R7,Ricardone → San Lorenzo,VALIDO,DEDUCIDO,2026-06-29T22:04:49.088862-03:00,2026-06-30T00:52:59.706262-03:00,168.18,168.18,0.00,0.00,MIXTO,R7_MIXTO,3
a2253874-7505-49cd-a92a-1c6ded33b7e5,,R7,Ricardone → San Lorenzo,VALIDO,,2026-06-29T22:17:09.055988-03:00,2026-06-30T02:08:43.596562-03:00,231.58,0.00,0.00,40.00,MIXTO,R7_MIXTO,5
56bc08e1-ae49-4a1e-8bf6-1801e76707c7,,R7,Ricardone → San Lorenzo,VALIDO,DEDUCIDO,2026-06-29T22:24:24.065351-03:00,2026-06-30T01:20:29.695158-03:00,176.09,176.09,0.00,0.00,MIXTO,R7_MIXTO,3
0dd768e2-ed6c-45e1-af82-b175cc804edf__cycle_1,,R7,Ricardone → San Lorenzo,VALIDO,,2026-06-29T22:27:13.995772-03:00,2026-06-30T02:35:07.901404-03:00,247.90,173.93,14.23,59.74,MIXTO,R7_MIXTO,7
806f0626-1648-4d73-98de-da33dee1fb4c,,R7,Ricardone → San Lorenzo,VALIDO,DEDUCIDO,2026-06-29T22:28:58.976403-03:00,2026-06-30T01:21:59.680868-03:00,173.01,173.01,0.00,0.00,MIXTO,R7_MIXTO,3
c10d44cd-b4f1-4c6a-be4f-0cd2cadfef06__cycle_3,,R5,Recepción Volcable 1,VALIDO,DEDUCIDO,2026-06-29T22:29:28.963347-03:00,2026-06-30T01:54:32.681934-03:00,205.06,,,,,,5
30f6818c-2f48-411d-9d7b-75a0160464ff__cycle_3,,R5,Recepción Volcable 1,VALIDO,DEDUCIDO,2026-06-29T22:30:58.926406-03:00,2026-06-30T01:34:47.682446-03:00,183.81,,,,,,4
a207db86-ca65-482b-9de7-0f5ae454e56f,,R7,Ricardone → San Lorenzo,VALIDO,DEDUCIDO,2026-06-29T22:41:33.992248-03:00,2026-06-30T01:57:54.722137-03:00,196.35,196.35,0.00,0.00,MIXTO,R7_MIXTO,3
095667da-bc1c-4017-9ae9-044fac72d71a__cycle_1,,R7,Ricardone → San Lorenzo,VALIDO,,2026-06-29T22:43:48.948522-03:00,2026-06-30T05:33:58.14339-03:00,410.15,155.51,13.32,241.32,MIXTO,R7_MIXTO,7
411795ad-770f-4b43-ac1b-27ff77d2a9b9,,R7,Ricardone → San Lorenzo,VALIDO,,2026-06-29T22:44:08.975868-03:00,2026-06-30T05:35:08.19315-03:00,410.99,155.68,13.73,241.58,MIXTO,R7_MIXTO,6
bb408823-60ba-4409-8504-3783b5be6589__cycle_1,,R7,Ricardone → San Lorenzo,VALIDO,,2026-06-29T22:45:13.988141-03:00,2026-06-30T03:19:12.953134-03:00,273.98,163.93,9.73,100.32,MIXTO,R7_MIXTO,7
28461aba-7614-40a3-87c1-99082553f0ed__cycle_2,,R7,Ricardone → San Lorenzo,VALIDO,,2026-06-29T22:45:44.056826-03:00,2026-06-30T03:20:37.911378-03:00,274.90,158.68,12.48,103.74,MIXTO,R7_MIXTO,6
acb7b772-609c-4af3-8172-84b32b9db025__cycle_1,,R7,Ricardone → San Lorenzo,VALIDO,,2026-06-29T22:45:53.977035-03:00,2026-06-30T03:32:18.06244-03:00,286.40,165.01,10.18,111.20,MIXTO,R7_MIXTO,8
374d4c7a-ca48-48ad-80e8-aafb9df7fb9e,,R7,Ricardone → San Lorenzo,VALIDO,,2026-06-29T22:46:08.98643-03:00,2026-06-30T04:30:18.034586-03:00,344.15,165.93,9.41,168.82,MIXTO,R7_MIXTO,8
f1ac97d8-f54a-41c9-a768-9144eaa825ad,,R7,Ricardone → San Lorenzo,VALIDO,DEDUCIDO,2026-06-29T22:55:18.994857-03:00,2026-06-30T01:30:09.677079-03:00,154.84,154.84,0.00,0.00,MIXTO,R7_MIXTO,3
1a9d956e-6287-4af3-93e7-abad3e48ca7a,,R7,Ricardone → San Lorenzo,VALIDO,,2026-06-29T23:03:49.016156-03:00,2026-06-30T05:41:03.156258-03:00,397.24,148.88,9.62,238.74,MIXTO,R7_MIXTO,6
db2910b0-de7e-4466-8eac-97e9d5abee69__cycle_2,,R7,Ricardone → San Lorenzo,VALIDO,DEDUCIDO,2026-06-29T23:06:13.960976-03:00,2026-06-30T01:55:29.713216-03:00,169.26,169.26,0.00,0.00,MIXTO,R7_MIXTO,3
1cfb6bf3-3185-4317-952a-189076cc01c7,,R7,Ricardone → San Lorenzo,VALIDO,DEDUCIDO,2026-06-29T23:06:29.004196-03:00,2026-06-30T06:33:08.343389-03:00,446.66,167.68,0.00,0.00,MIXTO,R7_MIXTO,5
abe027a0-ee49-4304-86d3-bc202917217a,,R7,Ricardone → San Lorenzo,VALIDO,DEDUCIDO,2026-06-29T23:13:18.998626-03:00,2026-06-30T01:42:09.684654-03:00,148.84,148.84,0.00,0.00,MIXTO,R7_MIXTO,3
027e74d6-5b66-4d8b-8f14-a0f235919e7c,,R7,Ricardone → San Lorenzo,VALIDO,,2026-06-29T23:14:03.990857-03:00,2026-06-30T03:29:18.069189-03:00,255.23,146.09,9.73,99.41,MIXTO,R7_MIXTO,6
99e1edad-b1dd-42f3-aeaf-52279276d246__cycle_2,,R7,Ricardone → San Lorenzo,VALIDO,,2026-06-29T23:14:18.970287-03:00,2026-06-30T01:41:34.688314-03:00,147.26,147.26,0.00,0.00,MIXTO,R7_MIXTO,2
9917ded7-7235-40d1-a459-44c815a895de__cycle_2,,R7,Ricardone → San Lorenzo,VALIDO,,2026-06-29T23:17:03.91139-03:00,2026-06-30T01:38:04.726976-03:00,141.01,141.01,0.00,0.00,MIXTO,R7_MIXTO,2
898e8f67-3b92-4153-862b-3b32f2348193,,R7,Ricardone → San Lorenzo,VALIDO,,2026-06-29T23:18:09.036585-03:00,2026-06-30T03:47:33.068837-03:00,269.40,162.18,10.80,96.42,MIXTO,R7_MIXTO,8
a5145eed-b422-4331-b894-12af8293bf11__cycle_3,,R7,Ricardone → San Lorenzo,VALIDO,,2026-06-29T23:21:18.95579-03:00,2026-06-30T03:42:53.058392-03:00,261.57,161.43,11.96,88.17,MIXTO,R7_MIXTO,7
7d2419e5-20a0-4fc0-ac60-491b9896cec1,,R7,Ricardone → San Lorenzo,VALIDO,DEDUCIDO,2026-06-29T23:21:43.977755-03:00,2026-06-30T02:02:09.702797-03:00,160.43,160.43,0.00,0.00,MIXTO,R7_MIXTO,3
0d05cfbf-c2c4-4a02-8fbd-8445978ab8cb__cycle_2,,R7,Ricardone → San Lorenzo,VALIDO,DEDUCIDO,2026-06-29T23:23:33.984468-03:00,2026-06-30T01:58:34.702006-03:00,155.01,155.01,0.00,0.00,MIXTO,R7_MIXTO,3
ff63ff10-6e63-4b3a-8364-d79689604b11,,R7,Ricardone → San Lorenzo,VALIDO,,2026-06-29T23:26:24.021661-03:00,2026-06-30T04:03:58.037492-03:00,277.57,0.00,0.00,108.34,MIXTO,R7_MIXTO,5
ed23fe64-53cd-4a1b-b985-7568e95b7e6c,,R7,Ricardone → San Lorenzo,VALIDO,COMPLETO,2026-06-29T23:27:43.966768-03:00,2026-06-30T02:08:43.729693-03:00,161.00,161.00,0.00,0.00,MIXTO,R7_MIXTO,4
959910a6-5593-4535-84a6-43287bb102f1,,R7,Ricardone → San Lorenzo,VALIDO,DEDUCIDO,2026-06-29T23:27:53.983515-03:00,2026-06-30T02:13:53.714698-03:00,166.00,166.00,0.00,0.00,MIXTO,R7_MIXTO,3
4be9c5a1-2447-4a67-95a9-f60212afa2c5,,R7,Ricardone → San Lorenzo,VALIDO,DEDUCIDO,2026-06-29T23:28:13.988699-03:00,2026-06-30T02:14:28.727638-03:00,166.25,166.25,0.00,0.00,MIXTO,R7_MIXTO,3
a2fc486d-ba60-4c64-b7ad-ce852a45b439__cycle_2,,R7,Ricardone → San Lorenzo,VALIDO,DEDUCIDO,2026-06-29T23:31:03.972053-03:00,2026-06-30T02:11:43.713066-03:00,160.66,160.66,0.00,0.00,MIXTO,R7_MIXTO,3
ae8b94b8-5df4-489e-a937-662cc1dea519__cycle_1,,R7,Ricardone → San Lorenzo,VALIDO,DEDUCIDO,2026-06-29T23:31:19.004341-03:00,2026-06-30T02:21:07.706396-03:00,169.81,0.00,0.00,0.00,MIXTO,R7_MIXTO,3
35ec5bd4-9d09-48fb-97fc-6d1594482cc4__cycle_2,,R7,Ricardone → San Lorenzo,VALIDO,,2026-06-29T23:33:58.997766-03:00,2026-06-30T05:00:33.157894-03:00,326.57,163.50,9.57,153.50,MIXTO,R7_MIXTO,9
e8bf3232-131f-4cfb-811c-e8cef58eefb1__cycle_3,,R7,Ricardone → San Lorenzo,VALIDO,,2026-06-29T23:38:03.983078-03:00,2026-06-30T04:58:38.18394-03:00,320.57,158.58,8.83,153.16,MIXTO,R7_MIXTO,8
06a582fa-7594-4312-8117-e20d7890f362,,R7,Ricardone → San Lorenzo,VALIDO,DEDUCIDO,2026-06-29T23:39:38.974992-03:00,2026-06-30T05:06:28.185009-03:00,326.82,161.08,0.00,0.00,MIXTO,R7_MIXTO,6
839fe6e1-f93a-4514-af70-0907683b505d,,R7,Ricardone → San Lorenzo,VALIDO,DEDUCIDO,2026-06-29T23:43:02.193889-03:00,2026-06-30T02:26:48.732001-03:00,163.78,163.78,0.00,0.00,MIXTO,R7_MIXTO,3
6642080a-84ee-498d-a585-d51d3beb4051__cycle_1,,R7,Ricardone → San Lorenzo,VALIDO,,2026-06-29T23:54:49.033328-03:00,2026-06-30T05:20:18.13878-03:00,325.49,151.41,10.40,163.67,MIXTO,R7_MIXTO,6
aa242164-fd52-4d93-9efe-236b9f866f3e,,R7,Ricardone → San Lorenzo,VALIDO,DEDUCIDO,2026-06-29T23:58:28.993885-03:00,2026-06-30T02:25:43.732476-03:00,147.25,147.25,0.00,0.00,MIXTO,R7_MIXTO,3
738e8ff8-b1aa-4ed9-bcfa-8e420b98ccfe,,R7,Ricardone → San Lorenzo,VALIDO,,2026-06-30T00:02:54.048793-03:00,2026-06-30T05:27:43.156144-03:00,324.82,150.91,10.73,163.17,MIXTO,R7_MIXTO,7
ee3d9667-297d-4cd7-b748-d6fc17785191,,R7,Ricardone → San Lorenzo,VALIDO,,2026-06-30T00:07:10.334027-03:00,2026-06-30T02:32:28.727748-03:00,145.31,145.31,0.00,0.00,MIXTO,R7_MIXTO,2
8d255dad-45fa-40c5-aca3-c8ff9619dbf1,,R7,Ricardone → San Lorenzo,VALIDO,DEDUCIDO,2026-06-30T00:14:17.327445-03:00,2026-06-30T02:37:53.702939-03:00,143.61,143.61,0.00,0.00,MIXTO,R7_MIXTO,3
d267dc33-c12f-46c4-8924-98d4061ea061,,R7,Ricardone → San Lorenzo,VALIDO,DEDUCIDO,2026-06-30T00:17:49.023788-03:00,2026-06-30T02:46:08.777736-03:00,148.33,148.33,0.00,0.00,MIXTO,R7_MIXTO,3
684394c0-aa97-4a64-9b0f-8c06230afc0d__cycle_3,,R7,Ricardone → San Lorenzo,VALIDO,DEDUCIDO,2026-06-30T00:23:38.918435-03:00,2026-06-30T02:40:23.730264-03:00,136.75,136.75,0.00,0.00,MIXTO,R7_MIXTO,3
06f5a041-389e-4a7d-94ed-784f1a574030__cycle_2,,R7,Ricardone → San Lorenzo,VALIDO,,2026-06-30T00:26:35.005472-03:00,2026-06-30T05:39:03.180428-03:00,312.47,140.23,11.07,161.17,MIXTO,R7_MIXTO,7
892a5ef1-b46c-4881-b44c-dea0278c508f,,R7,Ricardone → San Lorenzo,VALIDO,,2026-06-30T00:27:04.732714-03:00,2026-06-30T08:04:13.377656-03:00,457.14,141.98,13.17,301.99,MIXTO,R7_MIXTO,7
c79b6e56-b967-4f4e-a897-44c7abe41b3b,,R7,Ricardone → San Lorenzo,VALIDO,DEDUCIDO,2026-06-30T00:28:34.016322-03:00,2026-06-30T02:47:18.816298-03:00,138.75,138.75,0.00,0.00,MIXTO,R7_MIXTO,3
190535bb-bf57-4350-b4e7-c60fd854e38e,,R7,Ricardone → San Lorenzo,VALIDO,,2026-06-30T00:36:43.995133-03:00,2026-06-30T02:54:03.730559-03:00,137.33,137.33,0.00,0.00,MIXTO,R7_MIXTO,2
df8583e1-40f8-4ab1-84cf-94f592df61f5,,R5,Recepción Volcable 1,VALIDO,DEDUCIDO,2026-06-30T00:37:13.987987-03:00,2026-06-30T05:59:11.670474-03:00,321.96,,,,,,4
d7aadf9a-76ca-47cd-8d48-4498864399e4,,R7,Ricardone → San Lorenzo,VALIDO,,2026-06-30T00:38:58.999005-03:00,2026-06-30T02:54:33.735995-03:00,135.58,135.58,0.00,0.00,MIXTO,R7_MIXTO,2
18407e85-f90c-4436-ad54-0290bca1dc24,,R7,Ricardone → San Lorenzo,VALIDO,,2026-06-30T00:41:08.972684-03:00,2026-06-30T06:06:48.269855-03:00,325.65,140.16,7.15,178.34,MIXTO,R7_MIXTO,7
26aa204f-3f1b-4834-a76b-6b13dfa9a481__cycle_2,,R7,Ricardone → San Lorenzo,VALIDO,,2026-06-30T00:43:04.038381-03:00,2026-06-30T06:33:58.260975-03:00,350.90,147.08,8.73,195.09,MIXTO,R7_MIXTO,7
0625f19b-f31c-47dd-8e3d-ad34718f2a27__cycle_1,,R7,Ricardone → San Lorenzo,VALIDO,,2026-06-30T00:43:18.987536-03:00,2026-06-30T06:34:33.311815-03:00,351.24,147.58,9.32,194.34,MIXTO,R7_MIXTO,6
e1699f39-03a1-47b8-bcfb-2bd62e74b90d,,R7,Ricardone → San Lorenzo,VALIDO,,2026-06-30T00:51:23.996186-03:00,2026-06-30T06:13:13.285702-03:00,321.82,132.00,10.73,179.09,MIXTO,R7_MIXTO,7
2ce986b7-f4a3-4eb7-9f45-4a5e90fd80ed,,R7,Ricardone → San Lorenzo,VALIDO,DEDUCIDO,2026-06-30T00:51:33.955272-03:00,2026-06-30T03:03:48.744199-03:00,132.25,132.25,0.00,0.00,MIXTO,R7_MIXTO,3
bda83289-a4dc-4e3d-85cb-2f2972318794__cycle_3,,R7,Ricardone → San Lorenzo,VALIDO,DEDUCIDO,2026-06-30T01:04:54.049116-03:00,2026-06-30T03:21:53.733813-03:00,136.99,136.99,0.00,0.00,MIXTO,R7_MIXTO,3
15d77286-4ae4-4902-9034-330bc9381d5e__cycle_2,,R7,Ricardone → San Lorenzo,VALIDO,,2026-06-30T01:05:28.96038-03:00,2026-06-30T06:43:38.236775-03:00,338.15,137.00,9.65,191.51,MIXTO,R7_MIXTO,7
d7f98dd8-ba03-4313-aa55-fffa6978861c,,R7,Ricardone → San Lorenzo,VALIDO,,2026-06-30T01:09:39.01815-03:00,2026-06-30T07:43:33.479125-03:00,393.91,0.00,0.00,222.93,MIXTO,R7_MIXTO,6
b0c46684-fc99-4a94-902c-6a39f5101835__cycle_1,,R7,Ricardone → San Lorenzo,VALIDO,,2026-06-30T01:15:44.063213-03:00,2026-06-30T08:12:03.468685-03:00,416.32,132.41,8.32,275.59,MIXTO,R7_MIXTO,7
51d68ca2-a222-4063-927e-a13e60be8cd7,,R7,Ricardone → San Lorenzo,VALIDO,DEDUCIDO,2026-06-30T01:15:59.031418-03:00,2026-06-30T03:29:48.72019-03:00,133.83,133.83,0.00,0.00,MIXTO,R7_MIXTO,3
dcbde898-a9c5-48ef-b8ca-f3667d8419d8,,R7,Ricardone → San Lorenzo,VALIDO,,2026-06-30T01:16:49.059084-03:00,2026-06-30T06:55:33.257601-03:00,338.74,144.41,10.48,183.84,MIXTO,R7_MIXTO,7
738cdaad-1c73-42bf-8904-e49fac22c98e,,R7,Ricardone → San Lorenzo,VALIDO,COMPLETO,2026-06-30T01:18:14.396376-03:00,2026-06-30T03:49:53.746238-03:00,151.66,151.66,0.00,0.00,MIXTO,R7_MIXTO,5
f3646e63-f640-4f5d-8530-4312065f2b43__cycle_1,,R7,Ricardone → San Lorenzo,VALIDO,,2026-06-30T01:18:29.042189-03:00,2026-06-30T07:47:48.379337-03:00,389.32,137.74,8.48,243.09,MIXTO,R7_MIXTO,6
7a8dfcca-8dd3-4783-b0a9-1d41b1a3980f,,R7,Ricardone → San Lorenzo,VALIDO,,2026-06-30T01:20:28.718182-03:00,2026-06-30T03:56:14.508087-03:00,155.76,155.76,0.00,21.00,MIXTO,R7_MIXTO,7
10f4cab3-42cc-42ef-be89-266b71fc55c7,,R7,Ricardone → San Lorenzo,VALIDO,,2026-06-30T01:30:43.993027-03:00,2026-06-30T08:23:43.598438-03:00,412.99,137.91,13.57,261.51,MIXTO,R7_MIXTO,7
c13a8acf-1da2-4551-ba93-eef2c3be3ed4__cycle_1,,R7,Ricardone → San Lorenzo,VALIDO,,2026-06-30T01:35:48.995791-03:00,2026-06-30T07:00:28.368563-03:00,324.66,127.91,15.32,181.43,MIXTO,R7_MIXTO,6
c97a84b8-78ad-4148-b8bb-38d28efda963__cycle_2,,R7,Ricardone → San Lorenzo,VALIDO,DEDUCIDO,2026-06-30T01:36:08.972957-03:00,2026-06-30T03:44:33.74737-03:00,128.41,128.41,0.00,0.00,MIXTO,R7_MIXTO,3
63e8e98a-bcc2-4024-ac10-3a12d73ef61b__cycle_2,,R7,Ricardone → San Lorenzo,VALIDO,,2026-06-30T01:37:18.975522-03:00,2026-06-30T07:40:08.386039-03:00,362.82,127.66,15.23,219.93,MIXTO,R7_MIXTO,6
6dfba71e-0d1a-42ee-9225-c634ee31f774,,R7,Ricardone → San Lorenzo,VALIDO,,2026-06-30T01:45:33.995331-03:00,2026-06-30T08:28:03.538442-03:00,402.49,128.58,9.40,264.51,MIXTO,R7_MIXTO,7
a7862845-d04b-489e-83be-de763dc14733__cycle_1,,R7,Ricardone → San Lorenzo,VALIDO,,2026-06-30T01:45:49.030506-03:00,2026-06-30T07:42:53.386295-03:00,357.07,121.66,13.90,221.51,MIXTO,R7_MIXTO,7
6929e116-3e79-441c-ae67-dc249003c4f2__cycle_2,,R7,Ricardone → San Lorenzo,VALIDO,DEDUCIDO,2026-06-30T01:46:03.962991-03:00,2026-06-30T03:54:35.291442-03:00,128.52,128.52,0.00,0.00,MIXTO,R7_MIXTO,3
94c9e10c-927b-4cef-969c-bf8f90730d50,,R7,Ricardone → San Lorenzo,VALIDO,DEDUCIDO,2026-06-30T02:23:27.995307-03:00,2026-06-30T04:49:39.121534-03:00,146.19,146.19,0.00,0.00,MIXTO,R7_MIXTO,3
368eefdb-b084-4f1e-9a68-cd102f2cc85b__cycle_1,,R7,Ricardone → San Lorenzo,VALIDO,,2026-06-30T02:27:53.035555-03:00,2026-06-30T08:10:08.411569-03:00,342.26,0.00,0.00,190.59,MIXTO,R7_MIXTO,7
81e33c10-66f9-4385-9bc1-76782323b38c,,R7,Ricardone → San Lorenzo,VALIDO,,2026-06-30T02:28:18.008077-03:00,2026-06-30T08:16:53.570099-03:00,348.59,142.76,9.57,196.26,MIXTO,R7_MIXTO,6
872ea256-2936-4602-89b3-9e8f4677e0a4__cycle_3,,R7,Ricardone → San Lorenzo,VALIDO,,2026-06-30T02:38:17.997368-03:00,2026-06-30T08:07:48.361717-03:00,329.51,135.60,8.90,185.01,MIXTO,R7_MIXTO,6
d728194f-1bec-404b-9216-86fe7a303067__cycle_1,,R8,Recepción Mercadería Líquida,VALIDO,DEDUCIDO,2026-06-30T02:56:32.760197-03:00,2026-06-30T10:12:33.629673-03:00,436.01,,,,,,12
c71bb178-63bb-479c-8444-e1d5d111f691__cycle_3,,R7,Ricardone → San Lorenzo,VALIDO,DEDUCIDO,2026-06-30T03:06:08.100986-03:00,2026-06-30T05:01:38.7074-03:00,115.51,115.51,0.00,0.00,MIXTO,R7_MIXTO,3
9c710913-ea79-4460-9d2d-53479f9e3017,,R7,Ricardone → San Lorenzo,VALIDO,,2026-06-30T03:12:53.104904-03:00,2026-06-30T08:50:48.51715-03:00,337.92,116.59,9.40,211.93,MIXTO,R7_MIXTO,8
c0bf3e9b-ab84-4ab6-8238-fb2e46d8fa1d,,R7,Ricardone → San Lorenzo,VALIDO,,2026-06-30T03:13:08.604793-03:00,2026-06-30T08:51:18.492494-03:00,338.16,113.68,9.98,214.51,MIXTO,R7_MIXTO,9
5f0a56c0-94fb-4fd9-9bce-8a934f05c889__cycle_2,,R7,Ricardone → San Lorenzo,VALIDO,,2026-06-30T04:13:52.949285-03:00,2026-06-30T08:17:03.74691-03:00,243.18,243.18,0.00,0.00,MIXTO,R7_MIXTO,2
d362068d-67b0-456d-b1ca-ba1086826844__cycle_3,,R7,Ricardone → San Lorenzo,VALIDO,DEDUCIDO,2026-06-30T04:59:24.48724-03:00,2026-06-30T06:07:28.727093-03:00,68.07,68.07,0.00,0.00,MIXTO,R7_MIXTO,3
63535b8c-3287-401f-9217-fe106b1581fc__cycle_2,,R7,Ricardone → San Lorenzo,VALIDO,,2026-06-30T05:10:32.978157-03:00,2026-06-30T08:33:33.796505-03:00,203.01,58.68,10.32,134.02,MIXTO,R7_MIXTO,7
3997de77-6b98-4fcb-8d90-bf7d2f7c2da7__cycle_2,,R7,Ricardone → San Lorenzo,VALIDO,DEDUCIDO,2026-06-30T05:10:52.999239-03:00,2026-06-30T06:09:43.726889-03:00,58.85,58.85,0.00,0.00,MIXTO,R7_MIXTO,3
48aafd16-ca23-44bf-b1c3-34ee9fe42370__cycle_1,,R8,Recepción Mercadería Líquida,VALIDO,DEDUCIDO,2026-06-30T05:13:52.783343-03:00,2026-06-30T13:34:58.94752-03:00,501.10,,,,,,11
bb4ad9cc-337f-434e-a081-5fbf0ec57460__cycle_1,,R7,Ricardone → San Lorenzo,VALIDO,,2026-06-30T05:16:53.728281-03:00,2026-06-30T10:22:58.639134-03:00,306.08,0.00,0.00,148.27,MIXTO,R7_MIXTO,6
755c96ab-0fe3-4615-9878-02b7031ea2cb__cycle_3,,R7,Ricardone → San Lorenzo,VALIDO,DEDUCIDO,2026-06-30T06:00:17.986917-03:00,2026-06-30T07:51:43.728281-03:00,111.43,111.43,0.00,0.00,MIXTO,R7_MIXTO,3
4dae134e-bf9b-4cc7-b893-25b77bc8f9b1,,R7,Ricardone → San Lorenzo,VALIDO,DEDUCIDO,2026-06-30T06:02:07.96702-03:00,2026-06-30T07:50:38.744193-03:00,108.51,108.51,0.00,0.00,MIXTO,R7_MIXTO,3
6f6cd98c-9b1f-4283-8497-eee3908b240d,,R7,Ricardone → San Lorenzo,VALIDO,,2026-06-30T06:13:43.039712-03:00,2026-06-30T09:05:28.509567-03:00,171.76,104.52,14.81,52.43,MIXTO,R7_MIXTO,7
f7ccc9a9-ea4e-4ef6-8664-6a9f9cc4e362,,R7,Ricardone → San Lorenzo,VALIDO,DEDUCIDO,2026-06-30T06:13:58.016844-03:00,2026-06-30T07:57:33.742795-03:00,103.60,103.60,0.00,0.00,MIXTO,R7_MIXTO,3
5064c548-72dc-4f25-828e-ce6522be2613,,R7,Ricardone → San Lorenzo,VALIDO,,2026-06-30T06:29:49.22776-03:00,2026-06-30T07:46:33.71588-03:00,76.74,76.74,0.00,0.00,MIXTO,R7_MIXTO,2
7b185c5e-b8f3-4e6a-ab9f-67e349059286__cycle_3,,R7,Ricardone → San Lorenzo,VALIDO,,2026-06-30T06:44:13.012228-03:00,2026-06-30T10:57:18.746754-03:00,253.10,181.18,10.32,61.60,MIXTO,R7_MIXTO,7
a8c3c492-7b6a-4a83-bf83-af94e817db15__cycle_2,,R7,Ricardone → San Lorenzo,VALIDO,,2026-06-30T06:46:57.964862-03:00,2026-06-30T14:35:24.051817-03:00,468.43,178.86,10.97,278.60,MIXTO,R7_MIXTO,8
15bac9e9-698c-40c2-9e28-2e9e3e8afffc__cycle_1,,R6,Recepción Volcable 2,VALIDO,DEDUCIDO,2026-06-30T06:47:43.434226-03:00,2026-06-30T17:09:21.693789-03:00,621.64,,,,,,11
c8884045-c5c7-4549-a019-80efe4a8cdcc,,R7,Ricardone → San Lorenzo,VALIDO,DEDUCIDO,2026-06-30T06:59:42.982539-03:00,2026-06-30T08:17:55.424703-03:00,78.21,78.21,0.00,0.00,MIXTO,R7_MIXTO,3
2e24942f-d5d2-41f5-82b4-c483f1096d05__cycle_3,,R1,Recepción Celda 16,VALIDO,DEDUCIDO,2026-06-30T07:00:57.948663-03:00,2026-06-30T09:01:26.383408-03:00,120.47,,,,,,5
9e8854f5-c343-437f-870f-c955d3cef856,,R7,Ricardone → San Lorenzo,VALIDO,,2026-06-30T07:01:23.003132-03:00,2026-06-30T14:58:24.763483-03:00,477.03,166.43,10.40,300.20,MIXTO,R7_MIXTO,7
8ef5319d-91ec-4b34-a78c-eb99bd3b137a,,R7,Ricardone → San Lorenzo,VALIDO,DEDUCIDO,2026-06-30T07:24:18.074525-03:00,2026-06-30T08:39:03.996499-03:00,74.77,74.77,0.00,0.00,MIXTO,R7_MIXTO,3
aa3b9599-0970-4220-8a10-46d0772c9a79,,R7,Ricardone → San Lorenzo,VALIDO,DEDUCIDO,2026-06-30T07:26:53.058983-03:00,2026-06-30T07:40:58.777432-03:00,14.10,14.10,0.00,0.00,MIXTO,R7_MIXTO,3
8da03308-e9fa-4c1c-ad78-dd1400807053,,R7,Ricardone → San Lorenzo,VALIDO,,2026-06-30T07:27:27.981967-03:00,2026-06-30T09:27:03.851664-03:00,119.60,70.93,11.15,37.52,MIXTO,R7_MIXTO,7
7f515477-85fc-402a-a586-6322d5761713__cycle_2,,R7,Ricardone → San Lorenzo,VALIDO,,2026-06-30T07:32:58.033961-03:00,2026-06-30T14:59:04.089063-03:00,446.10,135.34,10.65,300.11,MIXTO,R7_MIXTO,6
59460c2d-2ae1-49c2-af65-359c837214bd__cycle_8,,R8,Recepción Mercadería Líquida,VALIDO,DEDUCIDO,2026-06-30T07:38:32.994939-03:00,2026-06-30T15:27:31.220556-03:00,468.97,,,,,,16
9dbdb391-b676-4b32-b017-66bf8527bac8__cycle_1,,R7,Ricardone → San Lorenzo,VALIDO,,2026-06-30T07:39:22.982447-03:00,2026-06-30T09:39:13.621711-03:00,119.84,71.10,10.24,38.51,MIXTO,R7_MIXTO,7
3760a54d-9323-4aa0-9c6f-a48e7ada8efa,,R7,Ricardone → San Lorenzo,VALIDO,COMPLETO,2026-06-30T07:39:43.05266-03:00,2026-06-30T12:57:28.734084-03:00,317.76,317.76,0.00,0.00,MIXTO,R7_MIXTO,4
c0287a12-13a5-4dd8-911b-fba26374941c,,R7,Ricardone → San Lorenzo,VALIDO,,2026-06-30T07:40:07.969389-03:00,2026-06-30T09:56:13.648355-03:00,136.09,71.86,10.06,54.18,MIXTO,R7_MIXTO,6
fa97c7ec-e057-4f29-8f74-12c1e40f508f,,R1,Recepción Celda 16,VALIDO,DEDUCIDO,2026-06-30T07:46:53.040657-03:00,2026-06-30T09:19:21.445123-03:00,92.47,,,,,,6
71b73424-9500-4e41-a925-aad39a92280a__cycle_2,,R5,Recepción Volcable 1,VALIDO,DEDUCIDO,2026-06-30T07:54:12.987059-03:00,2026-06-30T10:02:11.635529-03:00,127.98,,,,,,5
207c5e0d-efa1-4fda-b588-5ede179f0475,,R7,Ricardone → San Lorenzo,VALIDO,DEDUCIDO,2026-06-30T08:03:57.995112-03:00,2026-06-30T09:05:03.828761-03:00,61.10,61.10,0.00,0.00,MIXTO,R7_MIXTO,3
9e86ee5f-38e8-4b51-919e-9918e3896e93,,R1,Recepción Celda 16,VALIDO,DEDUCIDO,2026-06-30T08:04:03.014786-03:00,2026-06-30T09:28:26.43287-03:00,84.39,,,,,,4
b066d41e-0e2e-491c-b546-fd68c84315c9__cycle_2,,R1,Recepción Celda 16,VALIDO,DEDUCIDO,2026-06-30T08:08:27.623435-03:00,2026-06-30T08:56:56.417434-03:00,48.48,,,,,,3
3c1c2963-ec7d-4355-9984-138e498db80a,,R1,Recepción Celda 16,VALIDO,DEDUCIDO,2026-06-30T08:16:38.64009-03:00,2026-06-30T09:06:56.397298-03:00,50.30,,,,,,5
ba7c7c0d-c14a-4884-bc92-cdd9ccc2d91a,,R7,Ricardone → San Lorenzo,VALIDO,,2026-06-30T08:23:58.018336-03:00,2026-06-30T11:57:08.858586-03:00,213.18,174.68,10.23,28.27,MIXTO,R7_MIXTO,7
35af59af-4c56-4d81-ab68-233dd164da62,,R5,Recepción Volcable 1,VALIDO,DEDUCIDO,2026-06-30T08:28:18.671864-03:00,2026-06-30T10:42:56.682381-03:00,134.63,,,,,,5
80f6b0b1-b9a2-40cf-9c99-805532a4ded0__cycle_2,,R7,Ricardone → San Lorenzo,VALIDO,,2026-06-30T08:31:47.96497-03:00,2026-06-30T15:05:34.096012-03:00,393.77,169.93,8.48,215.36,MIXTO,R7_MIXTO,7
2c44d6fb-1913-433b-80ed-ebd0dbcb69b1,,R7,Ricardone → San Lorenzo,VALIDO,,2026-06-30T08:34:52.968474-03:00,2026-06-30T10:13:13.632198-03:00,98.34,37.60,8.65,52.10,MIXTO,R7_MIXTO,7
ec62dfd1-8d58-4688-8896-af6b88293fa2,,R7,Ricardone → San Lorenzo,VALIDO,,2026-06-30T08:45:02.941296-03:00,2026-06-30T10:54:18.789877-03:00,129.26,46.60,10.82,71.85,MIXTO,R7_MIXTO,6
783240a7-f15a-4e20-824f-91ffc85fa3ff,,R7,Ricardone → San Lorenzo,VALIDO,,2026-06-30T08:55:32.974115-03:00,2026-06-30T15:14:39.104183-03:00,379.10,147.01,8.31,223.77,MIXTO,R7_MIXTO,8
466cb87a-82bb-4636-9224-37e3eb746bd3,,R7,Ricardone → San Lorenzo,VALIDO,,2026-06-30T08:59:02.963219-03:00,2026-06-30T10:26:58.707091-03:00,87.93,18.68,8.57,60.68,MIXTO,R7_MIXTO,7
5d732cca-1542-4d11-8cd6-5f010d64ab0e,,R7,Ricardone → San Lorenzo,VALIDO,,2026-06-30T08:59:12.963545-03:00,2026-06-30T10:27:23.662307-03:00,88.18,18.85,8.73,60.60,MIXTO,R7_MIXTO,7
4d591da9-6f46-4d6f-89ac-4039f600a24e__cycle_2,,R7,Ricardone → San Lorenzo,VALIDO,,2026-06-30T09:00:12.988352-03:00,2026-06-30T15:17:44.198524-03:00,377.52,142.77,9.48,225.27,MIXTO,R7_MIXTO,7
d6ff66da-27f7-4ba7-bf9d-178b6a6e0188,,R7,Ricardone → San Lorenzo,VALIDO,DEDUCIDO,2026-06-30T09:05:22.999441-03:00,2026-06-30T12:57:53.719125-03:00,232.51,232.51,0.00,0.00,MIXTO,R7_MIXTO,3
56198df5-c1d6-43b1-8302-1c165d9fb7cc__cycle_3,,R7,Ricardone → San Lorenzo,VALIDO,,2026-06-30T09:06:27.995981-03:00,2026-06-30T11:03:53.734766-03:00,117.43,82.26,8.81,26.35,MIXTO,R7_MIXTO,7
ab443d3b-1323-44a6-adbf-cc9acf5ff4de__cycle_5,,R8,Recepción Mercadería Líquida,VALIDO,DEDUCIDO,2026-06-30T09:06:58.005356-03:00,2026-06-30T10:53:53.79938-03:00,106.93,,,,,,7
be92464c-529e-412a-9f7e-981e662fb5ab,,R1,Recepción Celda 16,VALIDO,DEDUCIDO,2026-06-30T09:13:43.055262-03:00,2026-06-30T10:58:01.442016-03:00,104.31,,,,,,7
02a72d0d-5ef8-48e7-9e87-2b574944f823,,R7,Ricardone → San Lorenzo,VALIDO,,2026-06-30T09:19:17.948749-03:00,2026-06-30T11:05:03.800937-03:00,105.76,70.35,9.15,26.27,MIXTO,R7_MIXTO,7
2279735e-68f5-4a3b-ae78-ae56f83d91b2__cycle_3,,R7,Ricardone → San Lorenzo,VALIDO,DEDUCIDO,2026-06-30T09:27:07.935289-03:00,2026-06-30T10:34:33.786933-03:00,67.43,67.43,0.00,0.00,MIXTO,R7_MIXTO,3
47750d6b-70ee-4e8f-af69-b308a3fbe8f3,,R7,Ricardone → San Lorenzo,VALIDO,,2026-06-30T09:28:27.999254-03:00,2026-06-30T11:14:18.792725-03:00,105.85,70.10,8.32,27.43,MIXTO,R7_MIXTO,6
01116772-eea5-4592-876c-a804a2479155,,R7,Ricardone → San Lorenzo,VALIDO,,2026-06-30T09:30:18.07397-03:00,2026-06-30T13:29:49.005034-03:00,239.52,206.59,8.40,24.52,MIXTO,R7_MIXTO,7
c2d08745-15ef-4e39-8c23-e6c237d6ceaf,,R1,Recepción Celda 16,VALIDO,DEDUCIDO,2026-06-30T09:40:38.03644-03:00,2026-06-30T11:05:26.384942-03:00,84.81,,,,,,7
9d0ce64d-690f-4a7d-b5b1-9ca8c4ae8638,,R1,Recepción Celda 16,VALIDO,DEDUCIDO,2026-06-30T09:47:20.480703-03:00,2026-06-30T11:15:26.474058-03:00,88.10,,,,,,7
d21e51b8-488d-4cac-b677-2022e446d2a8__cycle_3,,R7,Ricardone → San Lorenzo,VALIDO,,2026-06-30T09:47:47.972789-03:00,2026-06-30T11:10:33.763013-03:00,82.76,52.76,7.65,22.35,MIXTO,R7_MIXTO,7
0ae48048-0f7f-46b2-b43f-0f8e93f290bb__cycle_3,,R1,Recepción Celda 16,VALIDO,DEDUCIDO,2026-06-30T09:48:02.934646-03:00,2026-06-30T11:10:36.420101-03:00,82.56,,,,,,4
db20b7ef-bb15-4d70-ab23-1d5f63741ee6,,R7,Ricardone → San Lorenzo,VALIDO,,2026-06-30T10:03:07.985708-03:00,2026-06-30T13:55:48.943574-03:00,232.68,177.16,9.26,46.27,MIXTO,R7_MIXTO,6
438f5dd0-fd97-4251-96ad-b1d95a6e8c93,,R7,Ricardone → San Lorenzo,VALIDO,,2026-06-30T10:05:08.019248-03:00,2026-06-30T11:31:48.761651-03:00,86.68,47.18,8.90,30.60,MIXTO,R7_MIXTO,7
c3d000db-296c-4866-a05a-0771f7d506f7,,R7,Ricardone → San Lorenzo,VALIDO,,2026-06-30T10:10:12.941992-03:00,2026-06-30T11:21:03.732149-03:00,70.85,41.60,8.48,20.77,MIXTO,R7_MIXTO,6
f8542f35-9ea9-447c-b65a-8eb288c4a888,,R7,Ricardone → San Lorenzo,VALIDO,DEDUCIDO,2026-06-30T10:11:23.018228-03:00,2026-06-30T11:01:28.767936-03:00,50.10,50.10,0.00,0.00,MIXTO,R7_MIXTO,3
353b4b89-e57f-40d2-a6e0-e70a779b48a4__cycle_4,,R8,Recepción Mercadería Líquida,VALIDO,DEDUCIDO,2026-06-30T10:16:47.729762-03:00,2026-06-30T22:55:15.888706-03:00,758.47,,,,,,9
14854b49-ce15-4e83-9f2b-69aeab7411cf,,R7,Ricardone → San Lorenzo,VALIDO,,2026-06-30T10:36:07.967102-03:00,2026-06-30T10:56:13.769291-03:00,20.10,20.10,0.00,0.00,MIXTO,R7_MIXTO,2
fe50f17a-bd93-4c96-b239-0dce2e3f9a6c__cycle_3,,R7,Ricardone → San Lorenzo,VALIDO,,2026-06-30T10:38:27.931787-03:00,2026-06-30T12:23:58.840292-03:00,105.52,71.76,8.65,25.10,MIXTO,R7_MIXTO,6
3f27c8f5-ecce-4ccd-bf1b-19b0ab526cdd,,R7,Ricardone → San Lorenzo,VALIDO,COMPLETO,2026-06-30T11:04:02.993628-03:00,2026-06-30T12:16:43.807461-03:00,72.68,72.68,0.00,0.00,MIXTO,R7_MIXTO,5
29b13fa9-79c0-4bdc-9b37-19fc327f7fea,,R7,Ricardone → San Lorenzo,VALIDO,DEDUCIDO,2026-06-30T11:04:38.033434-03:00,2026-06-30T12:14:48.815716-03:00,70.18,70.18,0.00,0.00,MIXTO,R7_MIXTO,3
fd6ba344-f980-4d01-b0e0-6eb92e11a24c,,R7,Ricardone → San Lorenzo,VALIDO,,2026-06-30T11:07:08.058586-03:00,2026-06-30T13:58:38.963446-03:00,171.52,113.59,9.32,48.60,MIXTO,R7_MIXTO,7
3aceac0c-21fa-4514-a5ef-5990abe2e456__cycle_1,,R8,Recepción Mercadería Líquida,VALIDO,DEDUCIDO,2026-06-30T11:08:03.023349-03:00,2026-06-30T13:26:58.960713-03:00,138.93,,,,,,8
d81e9583-63f0-4b6e-b9c3-17c3f40c5379__cycle_2,,R7,Ricardone → San Lorenzo,VALIDO,,2026-06-30T11:29:07.976569-03:00,2026-06-30T12:41:48.836026-03:00,72.68,33.51,12.23,26.94,MIXTO,R7_MIXTO,6
b9cc6980-1bd5-4956-ba98-56137d83b443,,R7,Ricardone → San Lorenzo,VALIDO,COMPLETO,2026-06-30T11:45:23.030833-03:00,2026-06-30T17:37:33.722472-03:00,352.18,352.18,0.00,0.00,MIXTO,R7_MIXTO,4
384d3029-3749-4868-8e9e-856de62681f8,,R7,Ricardone → San Lorenzo,VALIDO,,2026-06-30T11:45:37.975336-03:00,2026-06-30T14:03:19.095184-03:00,137.69,90.51,8.98,38.19,MIXTO,R7_MIXTO,7
3f7e22b2-6d33-4597-88de-8301ab80bf43__cycle_1,,R8,Recepción Mercadería Líquida,VALIDO,DEDUCIDO,2026-06-30T12:12:18.00791-03:00,2026-06-30T19:28:09.42508-03:00,435.86,,,,,,20
b6552867-8b9e-4a29-b380-4cf38284c197__cycle_1,,R8,Recepción Mercadería Líquida,VALIDO,DEDUCIDO,2026-06-30T12:14:48.01474-03:00,2026-07-01T05:52:50.387475-03:00,1058.04,,,,,,33
04c8488c-8866-4b9d-b1ab-3151c707a75c,,R1,Recepción Celda 16,VALIDO,DEDUCIDO,2026-06-30T12:16:02.958591-03:00,2026-06-30T13:39:01.438217-03:00,82.97,,,,,,7
c8e4634f-5d76-429e-8e43-29eb5f9268d7,,R7,Ricardone → San Lorenzo,VALIDO,DEDUCIDO,2026-06-30T12:27:47.930919-03:00,2026-06-30T17:34:58.694848-03:00,307.18,307.18,0.00,0.00,MIXTO,R7_MIXTO,3
760a3296-704f-42cf-ba43-b48bb0e3def0,,R7,Ricardone → San Lorenzo,VALIDO,COMPLETO,2026-06-30T12:28:07.976962-03:00,2026-06-30T17:37:58.763861-03:00,309.85,309.85,0.00,0.00,MIXTO,R7_MIXTO,4
c192c24c-9ef5-4a75-b2a8-bcfde41b377d__cycle_1,,R1,Recepción Celda 16,VALIDO,DEDUCIDO,2026-06-30T12:31:18.036517-03:00,2026-06-30T13:48:36.486203-03:00,77.31,,,,,,5
c3d0e749-acfb-4bb5-bee9-c198cd4c1791,,R7,Ricardone → San Lorenzo,VALIDO,COMPLETO,2026-06-30T12:37:08.013688-03:00,2026-06-30T17:38:24.538488-03:00,301.28,301.28,0.00,0.00,MIXTO,R7_MIXTO,4
7b7580a1-de55-4df2-b7d1-8360b5005e83,,R7,Ricardone → San Lorenzo,VALIDO,COMPLETO,2026-06-30T12:38:57.9815-03:00,2026-06-30T13:43:03.724547-03:00,64.10,64.10,0.00,0.00,MIXTO,R7_MIXTO,5
822f53f0-4f2f-4ce3-a305-86ca3e9ede60__cycle_1,,R8,Recepción Mercadería Líquida,VALIDO,DEDUCIDO,2026-06-30T12:41:47.987617-03:00,2026-06-30T15:48:30.664264-03:00,186.71,,,,,,15
7ddcd4a2-f710-4450-a515-a67bbf1ffc95__cycle_1,,R7,Ricardone → San Lorenzo,VALIDO,,2026-06-30T12:49:28.094842-03:00,2026-06-30T14:24:24.004915-03:00,94.93,50.93,8.23,35.77,MIXTO,R7_MIXTO,7
2f3fd03d-72f2-4f0b-8e7b-a72b44d7d0fa,,R7,Ricardone → San Lorenzo,VALIDO,,2026-06-30T12:50:08.057847-03:00,2026-06-30T14:06:23.954946-03:00,76.26,47.26,7.23,21.77,MIXTO,R7_MIXTO,7
76a021db-49d9-4e01-90e4-7041aa1671a2__cycle_1,,R8,Recepción Mercadería Líquida,VALIDO,DEDUCIDO,2026-06-30T12:53:43.034509-03:00,2026-06-30T16:41:50.661284-03:00,228.13,,,,,,19
68e300fe-e552-4b2f-8982-f53d47b0b6cb__cycle_2,,R7,Ricardone → San Lorenzo,VALIDO,,2026-06-30T12:55:33.004554-03:00,2026-06-30T14:20:38.962224-03:00,85.10,45.43,8.98,30.69,MIXTO,R7_MIXTO,7
85edc8d2-58ea-4870-ab8d-7aa88f3390ab,,R7,Ricardone → San Lorenzo,VALIDO,COMPLETO,2026-06-30T12:55:57.965193-03:00,2026-06-30T17:38:43.701924-03:00,282.76,282.76,0.00,0.00,MIXTO,R7_MIXTO,4
47093939-0370-4a3d-8a73-018b3f0811f5,,R1,Recepción Celda 16,VALIDO,DEDUCIDO,2026-06-30T12:56:52.954457-03:00,2026-06-30T13:58:51.514777-03:00,61.98,,,,,,7
1d9d2813-fb89-4f91-8b0c-b36969df72db__cycle_1,,R8,Recepción Mercadería Líquida,VALIDO,DEDUCIDO,2026-06-30T12:59:02.999633-03:00,2026-06-30T22:19:09.658311-03:00,560.11,,,,,,26
7a9e5547-f75d-46df-b9d8-d54a33bed6e3,,R1,Recepción Celda 16,VALIDO,DEDUCIDO,2026-06-30T13:06:53.028642-03:00,2026-06-30T14:05:44.152798-03:00,58.85,,,,,,4
20e6a1c7-f681-43da-b56d-3fd159aba6b6__cycle_2,,R7,Ricardone → San Lorenzo,VALIDO,,2026-06-30T13:10:47.988543-03:00,2026-06-30T14:41:49.071391-03:00,91.02,35.26,9.73,46.02,MIXTO,R7_MIXTO,8
bd8e8ccc-660b-4053-bc45-ec4d280873d0__cycle_1,,R8,Recepción Mercadería Líquida,VALIDO,DEDUCIDO,2026-06-30T13:14:58.033699-03:00,2026-06-30T17:07:59.436954-03:00,233.02,,,,,,16
5ae3f6b4-5e5a-4195-ade4-3fb18c398f4e,,R1,Recepción Celda 16,VALIDO,DEDUCIDO,2026-06-30T13:16:02.968837-03:00,2026-06-30T14:12:21.446447-03:00,56.31,,,,,,5
e03ae75c-6c45-4c4b-afb4-9ef3c730da63__cycle_2,,R7,Ricardone → San Lorenzo,VALIDO,,2026-06-30T13:22:22.975211-03:00,2026-06-30T13:27:23.809513-03:00,5.01,5.01,0.00,0.00,MIXTO,R7_MIXTO,2
9883b7e5-eb96-492a-8712-802916ff6fb4__cycle_2,,R7,Ricardone → San Lorenzo,VALIDO,,2026-06-30T13:22:47.994018-03:00,2026-06-30T13:28:23.765228-03:00,5.60,5.60,0.00,0.00,MIXTO,R7_MIXTO,2
84408d9d-00ef-4f22-89cd-1f3e49f823b0__cycle_2,,R7,Ricardone → San Lorenzo,VALIDO,DEDUCIDO,2026-06-30T13:22:57.933648-03:00,2026-06-30T13:29:03.734842-03:00,6.10,6.10,0.00,0.00,MIXTO,R7_MIXTO,3
6ae289b0-6d42-4491-9468-fa455e322364,,R7,Ricardone → San Lorenzo,VALIDO,COMPLETO,2026-06-30T13:23:48.513115-03:00,2026-06-30T17:39:18.713571-03:00,255.50,255.50,0.00,0.00,MIXTO,R7_MIXTO,4
87fb8beb-cc9a-40c0-937c-cf56efd77ce8,,R7,Ricardone → San Lorenzo,VALIDO,,2026-06-30T13:27:57.986918-03:00,2026-06-30T14:56:34.148212-03:00,88.60,23.35,9.40,55.86,MIXTO,R7_MIXTO,6
8ba72884-00b8-4c7d-ac1e-f9f268ab0c1b__cycle_2,,R7,Ricardone → San Lorenzo,VALIDO,DEDUCIDO,2026-06-30T13:28:47.939114-03:00,2026-06-30T13:32:48.759598-03:00,4.01,4.01,0.00,0.00,MIXTO,R7_MIXTO,3
e4636159-c15e-46e1-a9e8-d08422a015e0__cycle_2,,R1,Recepción Celda 16,VALIDO,DEDUCIDO,2026-06-30T13:30:48.038508-03:00,2026-06-30T14:17:21.506392-03:00,46.56,,,,,,5
ea35c3bc-6f36-4f97-ab0a-3d85a34d0d51__cycle_1,,R8,Recepción Mercadería Líquida,VALIDO,DEDUCIDO,2026-06-30T13:34:52.996948-03:00,2026-06-30T17:39:54.290192-03:00,245.02,,,,,,13
70f25588-7456-4458-a167-3c74bc353efa,,R1,Recepción Celda 16,VALIDO,DEDUCIDO,2026-06-30T13:35:08.047187-03:00,2026-06-30T14:22:21.470657-03:00,47.22,,,,,,7
af3828c6-8920-43e2-a044-8c7018f217e2__cycle_2,,R7,Ricardone → San Lorenzo,VALIDO,,2026-06-30T13:39:58.047565-03:00,2026-06-30T16:09:09.201745-03:00,149.19,111.60,8.98,28.61,MIXTO,R7_MIXTO,7
77db4efb-834d-436e-a904-2efd1eded1c0,,R7,Ricardone → San Lorenzo,VALIDO,DEDUCIDO,2026-06-30T13:52:03.044201-03:00,2026-06-30T16:59:48.770858-03:00,187.76,187.76,0.00,0.00,MIXTO,R7_MIXTO,3
02997acf-b57e-4cf7-a41e-ca196a919e17,,R1,Recepción Celda 16,VALIDO,DEDUCIDO,2026-06-30T13:57:03.020225-03:00,2026-06-30T17:17:06.501822-03:00,200.06,,,,,,6
d11a9445-f453-429d-ad08-86d36ee66071,,R7,Ricardone → San Lorenzo,VALIDO,,2026-06-30T13:57:23.029086-03:00,2026-06-30T17:24:50.219825-03:00,207.45,175.09,7.98,24.38,MIXTO,R7_MIXTO,7
675990d4-1ca6-48a2-90d5-6d1c98b1996a,,R7,Ricardone → San Lorenzo,VALIDO,,2026-06-30T13:57:48.051246-03:00,2026-06-30T17:15:34.286931-03:00,197.77,171.34,7.40,19.03,MIXTO,R7_MIXTO,7
7456ab59-8138-41ce-8835-c2b9d04f4190,,R1,Recepción Celda 16,VALIDO,DEDUCIDO,2026-06-30T14:00:08.035548-03:00,2026-06-30T17:09:31.535204-03:00,189.39,,,,,,5
ffa784c6-4651-4fa9-aa23-ff52f7a7ffe2,,R7,Ricardone → San Lorenzo,VALIDO,,2026-06-30T14:03:37.997471-03:00,2026-06-30T17:36:24.282205-03:00,212.77,177.68,11.57,23.53,MIXTO,R7_MIXTO,7
d1099526-ade7-40c9-98b5-95488ac57308__cycle_2,,R7,Ricardone → San Lorenzo,VALIDO,,2026-06-30T14:03:47.964203-03:00,2026-06-30T17:43:39.320848-03:00,219.86,179.26,10.40,30.19,MIXTO,R7_MIXTO,6
e752d75c-41e5-434a-9cde-ab822251b320,,R7,Ricardone → San Lorenzo,VALIDO,DEDUCIDO,2026-06-30T14:12:53.00483-03:00,2026-06-30T17:12:43.717821-03:00,179.85,179.85,0.00,0.00,MIXTO,R7_MIXTO,3
3a7c7174-e945-4fd5-831d-4e86d3d40ca4,,R7,Ricardone → San Lorenzo,VALIDO,,2026-06-30T14:17:22.787994-03:00,2026-06-30T18:11:33.791275-03:00,234.18,234.18,0.00,20.19,MIXTO,R7_MIXTO,7
fafae4b6-28cc-407b-9d5a-b44ffd4d5aaf,,R7,Ricardone → San Lorenzo,VALIDO,COMPLETO,2026-06-30T14:18:03.071762-03:00,2026-06-30T17:15:18.705401-03:00,177.26,177.26,0.00,0.00,MIXTO,R7_MIXTO,5
e2d27ac7-ff1b-4606-8ab3-0df396e81b59,,R7,Ricardone → San Lorenzo,VALIDO,,2026-06-30T14:19:53.005234-03:00,2026-06-30T18:15:09.334679-03:00,235.27,185.18,10.06,40.03,MIXTO,R7_MIXTO,8
d9ae8c5d-468d-4c20-beb8-e3068ebe33e4__cycle_3,,R7,Ricardone → San Lorenzo,VALIDO,,2026-06-30T14:20:17.994024-03:00,2026-06-30T18:16:04.323227-03:00,235.77,185.68,9.82,40.28,MIXTO,R7_MIXTO,6
2e459c4c-e13a-4915-95d9-433da782ce40,,R7,Ricardone → San Lorenzo,VALIDO,,2026-06-30T14:21:07.93838-03:00,2026-06-30T18:12:14.299709-03:00,231.11,186.85,9.07,35.19,MIXTO,R7_MIXTO,7
c54068e2-5766-4050-89ad-c5c405308d83,,R7,Ricardone → San Lorenzo,VALIDO,,2026-06-30T14:27:33.023783-03:00,2026-06-30T21:17:29.677695-03:00,409.94,189.51,12.48,207.95,MIXTO,R7_MIXTO,7
a55966cd-769e-4bad-a39c-bbc0565a8739,,R7,Ricardone → San Lorenzo,VALIDO,,2026-06-30T14:30:33.101682-03:00,2026-06-30T18:20:29.381523-03:00,229.94,182.09,11.07,36.78,MIXTO,R7_MIXTO,7
a84cc95a-7537-4de7-b405-563bb839b29f,,R7,Ricardone → San Lorenzo,VALIDO,,2026-06-30T14:30:48.048519-03:00,2026-06-30T17:47:16.052878-03:00,196.47,183.43,10.57,2.47,MIXTO,R7_MIXTO,6
aa114c09-cc11-4210-b829-cfa77f67893f__cycle_1,,R8,Recepción Mercadería Líquida,VALIDO,DEDUCIDO,2026-06-30T14:37:33.088649-03:00,2026-06-30T21:18:04.650518-03:00,400.53,,,,,,16
44cdf275-1c19-429b-b4cb-fa53e937fbc9,,R7,Ricardone → San Lorenzo,VALIDO,,2026-06-30T14:38:33.001682-03:00,2026-06-30T19:34:24.453891-03:00,295.86,192.26,9.48,94.11,MIXTO,R7_MIXTO,7
85f76cfa-0932-4401-8aa1-8d18b2c92863,,R7,Ricardone → San Lorenzo,VALIDO,DEDUCIDO,2026-06-30T14:39:08.001202-03:00,2026-06-30T19:57:43.814048-03:00,318.60,318.60,0.00,0.00,MIXTO,R7_MIXTO,3
e2a4fd5e-f013-4c6f-937e-89bfa011a51f,,R7,Ricardone → San Lorenzo,VALIDO,DEDUCIDO,2026-06-30T14:39:58.018572-03:00,2026-06-30T17:43:03.707775-03:00,183.09,183.09,0.00,0.00,MIXTO,R7_MIXTO,3
91de39ec-ab0f-4ebf-af78-dee5682fb46d,,R7,Ricardone → San Lorenzo,VALIDO,,2026-06-30T14:41:18.020333-03:00,2026-06-30T17:59:10.686196-03:00,197.88,185.43,10.23,2.22,MIXTO,R7_MIXTO,6
925f2e4d-5e72-4b1f-9537-6bad83bf0be3,,R7,Ricardone → San Lorenzo,VALIDO,,2026-06-30T14:41:57.998558-03:00,2026-06-30T19:30:49.438851-03:00,288.86,186.76,10.32,91.78,MIXTO,R7_MIXTO,7
59a35b06-aa3c-4d92-9803-a661b2d6846b__cycle_2,,R7,Ricardone → San Lorenzo,VALIDO,,2026-06-30T14:42:57.98265-03:00,2026-06-30T19:52:04.549451-03:00,309.11,196.60,9.65,102.87,MIXTO,R7_MIXTO,7
adff0de7-8e3a-4cd0-a3c2-7eb72ed48f3a__cycle_3,,R7,Ricardone → San Lorenzo,VALIDO,,2026-06-30T14:45:03.024118-03:00,2026-06-30T20:29:44.543166-03:00,344.69,312.18,7.31,25.20,MIXTO,R7_MIXTO,8
b5fbf0a9-6d4d-4547-a51e-c17527b24e07,,R7,Ricardone → San Lorenzo,VALIDO,DEDUCIDO,2026-06-30T14:45:43.123519-03:00,2026-06-30T17:56:18.729621-03:00,190.59,190.59,0.00,0.00,MIXTO,R7_MIXTO,3
2fc92d92-17e1-4129-b219-ce5b18550bd4,,R7,Ricardone → San Lorenzo,VALIDO,,2026-06-30T14:47:13.049669-03:00,2026-06-30T19:36:59.423566-03:00,289.77,187.26,7.73,94.78,MIXTO,R7_MIXTO,7
1d648564-5341-4ea1-81f8-7468721695a7__cycle_1,,R8,Recepción Mercadería Líquida,VALIDO,DEDUCIDO,2026-06-30T14:54:33.018776-03:00,2026-07-01T02:40:46.219029-03:00,706.22,,,,,,15
6880a14f-725d-4c4a-9ef7-1bb355ddfcf0,,R8,Recepción Mercadería Líquida,VALIDO,DEDUCIDO,2026-06-30T14:55:58.358071-03:00,2026-06-30T16:56:05.650744-03:00,120.12,,,,,,10
3e38e0e4-a47d-44a0-ad93-d7dac854c2e8,,R7,Ricardone → San Lorenzo,VALIDO,,2026-06-30T14:58:58.695206-03:00,2026-06-30T20:06:59.616596-03:00,308.02,183.67,10.15,114.20,MIXTO,R7_MIXTO,6
c385fe00-f24a-490d-a437-682525a161db__cycle_1,,R8,Recepción Mercadería Líquida,VALIDO,DEDUCIDO,2026-06-30T15:07:28.055818-03:00,2026-06-30T18:27:35.521881-03:00,200.12,,,,,,7
ca28da09-24a1-4e94-8bbb-94b991b81367,,R7,Ricardone → San Lorenzo,VALIDO,DEDUCIDO,2026-06-30T15:12:08.162443-03:00,2026-06-30T18:12:33.732807-03:00,180.43,180.43,0.00,0.00,MIXTO,R7_MIXTO,3
e77f14d7-3a80-4efa-a780-8b6820f1ca9b,,R7,Ricardone → San Lorenzo,VALIDO,DEDUCIDO,2026-06-30T15:12:58.025866-03:00,2026-06-30T20:07:54.540866-03:00,294.94,178.18,0.00,0.00,MIXTO,R7_MIXTO,5
57934e0d-9be5-41a9-8bc1-7685a2b99767__cycle_2,,R7,Ricardone → San Lorenzo,VALIDO,DEDUCIDO,2026-06-30T15:23:13.004276-03:00,2026-06-30T18:09:03.717639-03:00,165.85,165.85,0.00,0.00,MIXTO,R7_MIXTO,3
95c922ba-7f0b-4643-901b-5a8261ba6522__cycle_1,,R8,Recepción Mercadería Líquida,VALIDO,DEDUCIDO,2026-06-30T15:23:28.054293-03:00,2026-07-01T00:16:10.040018-03:00,532.70,,,,,,11
27ecd974-f000-497e-a8ba-01fd2ac38368,,R7,Ricardone → San Lorenzo,VALIDO,DEDUCIDO,2026-06-30T15:29:48.082855-03:00,2026-06-30T18:10:23.733426-03:00,160.59,160.59,0.00,0.00,MIXTO,R7_MIXTO,3
5976fe47-7201-4466-b262-0abcbb5a1c00,,R7,Ricardone → San Lorenzo,VALIDO,DEDUCIDO,2026-06-30T15:37:58.513039-03:00,2026-06-30T19:58:08.765637-03:00,260.17,260.17,0.00,0.00,MIXTO,R7_MIXTO,3
3a7e6b92-5b4b-47fc-b44c-4b8705ac6ef6,,R7,Ricardone → San Lorenzo,VALIDO,DEDUCIDO,2026-06-30T15:43:13.029855-03:00,2026-06-30T20:01:08.792266-03:00,257.93,257.93,0.00,0.00,MIXTO,R7_MIXTO,3
5bc99ef8-1132-4868-8bc9-3006ff2c5e5b,,R7,Ricardone → San Lorenzo,VALIDO,,2026-06-30T15:44:23.099507-03:00,2026-06-30T20:08:23.774277-03:00,264.01,264.01,0.00,0.00,MIXTO,R7_MIXTO,2
a39edab9-e118-4a28-8749-8400faa0664b,,R7,Ricardone → San Lorenzo,VALIDO,COMPLETO,2026-06-30T15:44:53.04314-03:00,2026-06-30T20:02:03.767851-03:00,257.18,257.18,0.00,0.00,MIXTO,R7_MIXTO,4
cacbbafc-f039-4128-ac19-473275eb1510__cycle_2,,R7,Ricardone → San Lorenzo,VALIDO,DEDUCIDO,2026-06-30T15:48:22.994503-03:00,2026-06-30T20:04:43.766552-03:00,256.35,256.35,0.00,0.00,MIXTO,R7_MIXTO,3
962b1bb7-0959-49ac-b833-f770d92a411a,,R7,Ricardone → San Lorenzo,VALIDO,DEDUCIDO,2026-06-30T15:59:32.981858-03:00,2026-06-30T20:08:58.77108-03:00,249.43,249.43,0.00,0.00,MIXTO,R7_MIXTO,3
45d4ac16-83ca-4cce-9b72-52a80a8ede99,,R7,Ricardone → San Lorenzo,VALIDO,COMPLETO,2026-06-30T16:03:38.078543-03:00,2026-06-30T20:22:13.764305-03:00,258.59,258.59,0.00,0.00,MIXTO,R7_MIXTO,4
313ae9f5-a5c0-4504-a990-670e45cf02ca,,R7,Ricardone → San Lorenzo,VALIDO,DEDUCIDO,2026-06-30T16:04:18.006856-03:00,2026-06-30T20:15:28.854191-03:00,251.18,251.18,0.00,0.00,MIXTO,R7_MIXTO,4
d59fbafc-ca34-4560-9ae8-428560146f23,,R7,Ricardone → San Lorenzo,VALIDO,COMPLETO,2026-06-30T16:06:52.983064-03:00,2026-06-30T20:23:13.753422-03:00,256.35,256.35,0.00,0.00,MIXTO,R7_MIXTO,4
3e89ed36-beac-483d-9fdd-82f6a8fc39ba,,R7,Ricardone → San Lorenzo,VALIDO,DEDUCIDO,2026-06-30T16:09:58.061817-03:00,2026-06-30T20:29:58.75828-03:00,260.01,260.01,0.00,0.00,MIXTO,R7_MIXTO,3
3890f6cd-fc3d-42f9-b35e-f1e172cdbc2e__cycle_1,,R8,Recepción Mercadería Líquida,VALIDO,DEDUCIDO,2026-06-30T16:12:58.114666-03:00,2026-06-30T17:07:05.69321-03:00,54.13,,,,,,5
13adf0b3-988f-40e5-affa-1eb87ec3ac50,,R7,Ricardone → San Lorenzo,VALIDO,COMPLETO,2026-06-30T16:13:53.147738-03:00,2026-06-30T20:38:18.775773-03:00,264.43,264.43,0.00,0.00,MIXTO,R7_MIXTO,4
a38c0e00-7fe8-4558-9443-563e48eea9c8__cycle_2,,R7,Ricardone → San Lorenzo,VALIDO,COMPLETO,2026-06-30T16:23:48.017713-03:00,2026-06-30T20:45:23.755745-03:00,261.60,261.60,0.00,0.00,MIXTO,R7_MIXTO,4
a9bc6e81-facc-4e13-8eba-99e9e6c751c2__cycle_3,,R7,Ricardone → San Lorenzo,VALIDO,DEDUCIDO,2026-06-30T16:28:37.986712-03:00,2026-06-30T20:40:28.753234-03:00,251.85,251.85,0.00,0.00,MIXTO,R7_MIXTO,3
1810c911-7d49-434c-96d6-9cd5b5e90990,,R7,Ricardone → San Lorenzo,VALIDO,,2026-06-30T16:29:02.985722-03:00,2026-06-30T20:39:03.820222-03:00,250.01,250.01,0.00,0.00,MIXTO,R7_MIXTO,2
adc35917-b36f-438a-9aa5-7b791978297e__cycle_1,,R8,Recepción Mercadería Líquida,VALIDO,DEDUCIDO,2026-06-30T16:30:08.103162-03:00,2026-06-30T22:31:49.782479-03:00,361.69,,,,,,8
26fd0f8e-8210-46f8-aecc-231cef0c8a04__cycle_1,,R8,Recepción Mercadería Líquida,VALIDO,DEDUCIDO,2026-06-30T16:30:43.056318-03:00,2026-06-30T17:26:05.687378-03:00,55.38,,,,,,7
6e9c8d2f-ad39-4538-b52e-690212c8e9d4__cycle_1,,R8,Recepción Mercadería Líquida,VALIDO,DEDUCIDO,2026-06-30T16:31:03.085741-03:00,2026-07-01T02:25:56.211689-03:00,594.89,,,,,,10
64a02908-443b-40b1-97da-b25b5ae414f2,,R7,Ricardone → San Lorenzo,VALIDO,,2026-06-30T16:37:23.151549-03:00,2026-06-30T21:39:49.687772-03:00,302.44,0.00,0.00,41.28,MIXTO,R7_MIXTO,6
ed87679a-dc55-49b5-a496-a180373849b7,,R7,Ricardone → San Lorenzo,VALIDO,COMPLETO,2026-06-30T16:41:07.96878-03:00,2026-06-30T22:31:48.892909-03:00,350.68,350.68,0.00,0.00,MIXTO,R7_MIXTO,4
0755afbb-e661-4968-87a4-9d18fb431000__cycle_2,,R7,Ricardone → San Lorenzo,VALIDO,COMPLETO,2026-06-30T16:41:23.053061-03:00,2026-06-30T21:00:38.793463-03:00,259.26,259.26,0.00,0.00,MIXTO,R7_MIXTO,4
32c7393e-04bc-44d6-9bb2-d21723434ab0,,R7,Ricardone → San Lorenzo,VALIDO,,2026-06-30T16:42:03.058955-03:00,2026-06-30T21:55:09.638979-03:00,313.11,0.00,0.00,41.95,MIXTO,R7_MIXTO,5
0aabd71b-f2c6-4a4d-a808-f5974a88c459,,R7,Ricardone → San Lorenzo,VALIDO,,2026-06-30T16:43:23.016854-03:00,2026-06-30T21:40:24.836248-03:00,297.03,0.00,0.00,31.54,MIXTO,R7_MIXTO,5
307f5e89-62b0-4361-b9fa-5525d60183c3__cycle_2,,R7,Ricardone → San Lorenzo,VALIDO,DEDUCIDO,2026-06-30T16:44:13.02675-03:00,2026-06-30T17:06:43.708102-03:00,22.51,22.51,0.00,0.00,MIXTO,R7_MIXTO,3
e8a775aa-1957-4b71-81c2-5d931006a9f1,,R7,Ricardone → San Lorenzo,VALIDO,,2026-06-30T16:47:28.023949-03:00,2026-06-30T21:51:44.671478-03:00,304.28,0.00,0.00,39.95,MIXTO,R7_MIXTO,6
086e10a7-5626-4ed0-919b-3cf5fad87b38,,R7,Ricardone → San Lorenzo,VALIDO,COMPLETO,2026-06-30T16:51:38.025626-03:00,2026-06-30T21:06:58.695626-03:00,255.34,255.34,0.00,0.00,MIXTO,R7_MIXTO,4
dcc63814-4d54-4bd3-b8b5-ba8f28a2ad8e,,R7,Ricardone → San Lorenzo,VALIDO,COMPLETO,2026-06-30T16:52:08.0238-03:00,2026-06-30T21:05:53.744756-03:00,253.76,253.76,0.00,0.00,MIXTO,R7_MIXTO,4
fa873fb6-61b9-4c77-b5d3-e46bf69e368f,,R7,Ricardone → San Lorenzo,VALIDO,COMPLETO,2026-06-30T16:58:27.992477-03:00,2026-06-30T21:06:23.656115-03:00,247.93,247.93,0.00,0.00,MIXTO,R7_MIXTO,4
818d8f5b-cd31-4a8a-aa97-54baab83f0dd__cycle_2,,R7,Ricardone → San Lorenzo,VALIDO,COMPLETO,2026-06-30T17:00:43.003578-03:00,2026-06-30T22:33:53.678754-03:00,333.18,333.18,0.00,0.00,MIXTO,R7_MIXTO,4
24e7a88b-95b5-4d84-a4da-ac447e2c1885,,R7,Ricardone → San Lorenzo,VALIDO,COMPLETO,2026-06-30T17:01:33.040551-03:00,2026-06-30T21:20:18.703523-03:00,258.76,258.76,0.00,0.00,MIXTO,R7_MIXTO,7
91c55bc7-6600-4f4f-a89e-83e3a9e2f681,,R7,Ricardone → San Lorenzo,VALIDO,COMPLETO,2026-06-30T17:09:48.09362-03:00,2026-06-30T22:34:28.675321-03:00,324.68,324.68,0.00,0.00,MIXTO,R7_MIXTO,5
7b6b57e7-4365-4f96-84ba-61c607ec3d04,,R7,Ricardone → San Lorenzo,VALIDO,COMPLETO,2026-06-30T17:16:47.994222-03:00,2026-06-30T21:23:53.680878-03:00,247.09,247.09,0.00,0.00,MIXTO,R7_MIXTO,4
b3fb98ea-d32e-46ce-8580-b9aa3bf32400__cycle_1,,R8,Recepción Mercadería Líquida,VALIDO,DEDUCIDO,2026-06-30T17:17:13.05439-03:00,2026-07-01T17:05:40.977887-03:00,1428.47,,,,,,29
7f220186-cbc5-47d1-88c8-794664a123fe,,R7,Ricardone → San Lorenzo,VALIDO,,2026-06-30T17:21:48.013686-03:00,2026-06-30T22:34:44.796074-03:00,312.95,0.00,0.00,59.79,MIXTO,R7_MIXTO,6
4900b7ca-f065-4b4d-8e55-954d7b16c1b1,,R7,Ricardone → San Lorenzo,VALIDO,COMPLETO,2026-06-30T17:30:48.046393-03:00,2026-06-30T21:24:18.69172-03:00,233.51,233.51,0.00,0.00,MIXTO,R7_MIXTO,4
e369612c-b0f9-4518-a0cb-909099c98b86,,R7,Ricardone → San Lorenzo,VALIDO,DEDUCIDO,2026-06-30T17:38:24.348977-03:00,2026-06-30T17:45:18.713882-03:00,6.91,6.91,0.00,0.00,MIXTO,R7_MIXTO,3
5a6fdfdd-af07-4931-8540-5ec3d7adc026,,R7,Ricardone → San Lorenzo,VALIDO,DEDUCIDO,2026-06-30T17:38:39.420238-03:00,2026-06-30T17:50:08.705675-03:00,11.49,11.49,0.00,0.00,MIXTO,R7_MIXTO,3
ffd5c886-8fa1-4f5c-9b16-e2dde602ec4a,,R7,Ricardone → San Lorenzo,VALIDO,,2026-06-30T17:45:38.070541-03:00,2026-07-01T02:49:50.134269-03:00,544.20,0.00,0.00,243.96,MIXTO,R7_MIXTO,5
e88aee5b-b0a2-4705-a645-bc71d5edc378,,R7,Ricardone → San Lorenzo,VALIDO,,2026-06-30T17:53:38.035281-03:00,2026-07-01T00:08:29.898777-03:00,374.86,0.00,0.00,83.04,MIXTO,R7_MIXTO,5
12887ac3-8746-463c-90f3-134ab91e0d5c__cycle_3,,R7,Ricardone → San Lorenzo,VALIDO,,2026-06-30T17:54:22.998623-03:00,2026-06-30T23:10:44.80158-03:00,316.36,0.00,0.00,86.70,MIXTO,R7_MIXTO,9
23fab389-73ff-4c87-86b0-814657e42ccf,,R7,Ricardone → San Lorenzo,VALIDO,COMPLETO,2026-06-30T17:58:18.103569-03:00,2026-06-30T21:41:13.688265-03:00,222.93,222.93,0.00,0.00,MIXTO,R7_MIXTO,4
83f584ff-30ae-4655-b1e9-861c2a3ab0a8,,R7,Ricardone → San Lorenzo,VALIDO,COMPLETO,2026-06-30T18:02:57.999072-03:00,2026-06-30T22:36:18.689776-03:00,273.34,273.34,0.00,0.00,MIXTO,R7_MIXTO,4
e8d046f5-630a-4419-bc05-bcb8b4f90df9,,R7,Ricardone → San Lorenzo,VALIDO,,2026-06-30T18:03:23.039149-03:00,2026-06-30T23:45:09.89779-03:00,341.78,0.00,0.00,108.46,MIXTO,R7_MIXTO,5
d59f9b88-3dc9-43ec-97c0-bec3b12d8389,,R7,Ricardone → San Lorenzo,VALIDO,COMPLETO,2026-06-30T18:08:28.033133-03:00,2026-06-30T21:42:38.83021-03:00,214.18,214.18,0.00,0.00,MIXTO,R7_MIXTO,4
670f082c-976e-49f8-9926-d701440d77c1,,R7,Ricardone → San Lorenzo,VALIDO,,2026-06-30T18:08:48.032131-03:00,2026-06-30T23:29:54.770683-03:00,321.11,0.00,0.00,93.79,MIXTO,R7_MIXTO,6
03f10ebb-329b-4894-a6ce-428ff8e68a67,,R7,Ricardone → San Lorenzo,VALIDO,COMPLETO,2026-06-30T18:13:43.053304-03:00,2026-06-30T21:46:33.705672-03:00,212.84,212.84,0.00,0.00,MIXTO,R7_MIXTO,4
40938921-e177-4709-a4f1-c6d7067da0b8,,R7,Ricardone → San Lorenzo,VALIDO,COMPLETO,2026-06-30T18:20:03.000416-03:00,2026-06-30T21:47:08.824985-03:00,207.10,207.10,0.00,0.00,MIXTO,R7_MIXTO,4
7da39473-8dd2-43a9-8bfe-a312b82eb678,,R7,Ricardone → San Lorenzo,VALIDO,COMPLETO,2026-06-30T18:22:57.980563-03:00,2026-06-30T22:37:08.69961-03:00,254.18,254.18,0.00,0.00,MIXTO,R7_MIXTO,4
81ba8197-b10e-4177-9bde-0115d8a8c440,,R7,Ricardone → San Lorenzo,VALIDO,COMPLETO,2026-06-30T18:23:13.106419-03:00,2026-06-30T22:37:33.679372-03:00,254.34,254.34,0.00,0.00,MIXTO,R7_MIXTO,4
2658ab4a-0ff6-4a36-8bd1-087f25a722f4,,R7,Ricardone → San Lorenzo,VALIDO,COMPLETO,2026-06-30T18:24:38.045947-03:00,2026-06-30T21:52:33.747201-03:00,207.93,207.93,0.00,0.00,MIXTO,R7_MIXTO,4
7b2bba6e-948b-4553-80bb-43000d32cc43,,R7,Ricardone → San Lorenzo,VALIDO,COMPLETO,2026-06-30T18:28:23.048566-03:00,2026-06-30T21:48:53.731418-03:00,200.51,200.51,0.00,0.00,MIXTO,R7_MIXTO,4
6aa5d029-bb7d-415d-a510-f9bec7a1f5ef,,R7,Ricardone → San Lorenzo,VALIDO,DEDUCIDO,2026-06-30T18:29:33.035611-03:00,2026-06-30T21:54:53.667357-03:00,205.34,205.34,0.00,0.00,MIXTO,R7_MIXTO,3
bcf53522-146c-4641-91e8-e2805994160f,,R7,Ricardone → San Lorenzo,VALIDO,COMPLETO,2026-06-30T18:29:48.06095-03:00,2026-06-30T21:55:23.681826-03:00,205.59,205.59,0.00,0.00,MIXTO,R7_MIXTO,4
db363647-e3de-4492-a788-e1f84ee140e1,,R7,Ricardone → San Lorenzo,VALIDO,COMPLETO,2026-06-30T18:34:33.070144-03:00,2026-06-30T22:56:23.703276-03:00,261.84,261.84,0.00,0.00,MIXTO,R7_MIXTO,4
e7691b60-875a-4166-81e8-edfd6741bae2__cycle_3,,R7,Ricardone → San Lorenzo,VALIDO,COMPLETO,2026-06-30T18:38:52.979567-03:00,2026-06-30T22:57:48.695614-03:00,258.93,258.93,0.00,0.00,MIXTO,R7_MIXTO,4
ff59657a-fa3a-4ba7-b859-8c7e292190e0__cycle_3,,R7,Ricardone → San Lorenzo,VALIDO,COMPLETO,2026-06-30T18:40:13.037148-03:00,2026-06-30T22:55:33.720369-03:00,255.34,255.34,0.00,0.00,MIXTO,R7_MIXTO,4
3f3c516d-d966-44bd-970f-589b568e6615,,R7,Ricardone → San Lorenzo,VALIDO,COMPLETO,2026-06-30T18:44:43.02457-03:00,2026-06-30T23:05:18.729757-03:00,260.60,260.60,0.00,0.00,MIXTO,R7_MIXTO,4
343d4656-3368-4e9e-8194-6f2e57e28336__cycle_3,,R7,Ricardone → San Lorenzo,VALIDO,COMPLETO,2026-06-30T18:45:13.020411-03:00,2026-06-30T23:01:38.753283-03:00,256.43,256.43,0.00,0.00,MIXTO,R7_MIXTO,4
42e5e708-f018-47c6-908d-9e95d8b8c213,,R7,Ricardone → San Lorenzo,VALIDO,DEDUCIDO,2026-06-30T18:46:28.012668-03:00,2026-06-30T23:05:49.238882-03:00,259.35,259.35,0.00,0.00,MIXTO,R7_MIXTO,3
06ebf6b1-154a-4b72-86e7-741693ac2e31__cycle_2,,R7,Ricardone → San Lorenzo,VALIDO,COMPLETO,2026-06-30T18:49:37.996592-03:00,2026-06-30T23:07:48.687427-03:00,258.18,258.18,0.00,0.00,MIXTO,R7_MIXTO,4
041a7ac6-021c-4f00-a744-9507074574a1,,R7,Ricardone → San Lorenzo,VALIDO,COMPLETO,2026-06-30T18:53:13.088316-03:00,2026-06-30T23:12:08.716469-03:00,258.93,258.93,0.00,0.00,MIXTO,R7_MIXTO,4
9d204e40-9d12-43f2-81c7-ca088a8cfcc9,,R7,Ricardone → San Lorenzo,VALIDO,DEDUCIDO,2026-06-30T18:55:48.082352-03:00,2026-06-30T23:12:43.712873-03:00,256.93,256.93,0.00,0.00,MIXTO,R7_MIXTO,3
6d2de9c0-482e-4bd3-979a-27be0f2c130e__cycle_2,,R7,Ricardone → San Lorenzo,VALIDO,COMPLETO,2026-06-30T19:00:48.003778-03:00,2026-06-30T23:15:28.727504-03:00,254.68,254.68,0.00,0.00,MIXTO,R7_MIXTO,4
76ba3892-f7ca-44dc-831c-954f4ad4a2e4__cycle_2,,R7,Ricardone → San Lorenzo,VALIDO,COMPLETO,2026-06-30T19:02:38.042861-03:00,2026-06-30T23:16:28.747344-03:00,253.85,253.85,0.00,0.00,MIXTO,R7_MIXTO,4
3abe351f-df78-415a-b855-9f8e14b60acd,,R7,Ricardone → San Lorenzo,VALIDO,COMPLETO,2026-06-30T19:05:33.034655-03:00,2026-06-30T23:18:23.697996-03:00,252.84,252.84,0.00,0.00,MIXTO,R7_MIXTO,4
7446ee4b-dd9d-4b1c-b47b-f1dc55993f25,,R7,Ricardone → San Lorenzo,VALIDO,COMPLETO,2026-06-30T19:09:18.014475-03:00,2026-06-30T23:26:33.72525-03:00,257.26,257.26,0.00,0.00,MIXTO,R7_MIXTO,4
16eec68d-9ddb-4180-bfed-7ddd916978e0,,R7,Ricardone → San Lorenzo,VALIDO,DEDUCIDO,2026-06-30T19:14:52.926615-03:00,2026-06-30T23:13:18.737146-03:00,238.43,238.43,0.00,0.00,MIXTO,R7_MIXTO,3
34adb144-115c-4a09-a4d7-105336d42fde,,R7,Ricardone → San Lorenzo,VALIDO,DEDUCIDO,2026-06-30T19:15:38.064522-03:00,2026-06-30T19:31:08.738283-03:00,15.51,15.51,0.00,0.00,MIXTO,R7_MIXTO,3
48aa373a-f07d-498d-9995-0186d2004a5b,,R7,Ricardone → San Lorenzo,VALIDO,DEDUCIDO,2026-06-30T19:17:15.948764-03:00,2026-06-30T20:11:58.805339-03:00,54.71,54.71,0.00,0.00,MIXTO,R7_MIXTO,3
de828ea4-9b35-4894-88c7-2f6a36057063,,R7,Ricardone → San Lorenzo,VALIDO,COMPLETO,2026-06-30T19:17:18.057758-03:00,2026-06-30T23:44:03.782763-03:00,266.76,266.76,0.00,0.00,MIXTO,R7_MIXTO,4
4a4913aa-06dd-4d0d-bd35-24c84afda884,,R7,Ricardone → San Lorenzo,VALIDO,DEDUCIDO,2026-06-30T19:19:23.314889-03:00,2026-06-30T23:47:28.684278-03:00,268.09,268.09,0.00,0.00,MIXTO,R7_MIXTO,3
4e81bbc8-b1e0-448b-b0b8-ad2b35b037cc,,R7,Ricardone → San Lorenzo,VALIDO,,2026-06-30T19:22:08.006234-03:00,2026-07-01T01:05:00.070998-03:00,342.87,0.00,0.00,72.46,MIXTO,R7_MIXTO,4
f02178b4-024a-46c6-8f9a-cfcccd62f422,,R7,Ricardone → San Lorenzo,VALIDO,COMPLETO,2026-06-30T19:25:08.005604-03:00,2026-06-30T23:46:53.697461-03:00,261.76,261.76,0.00,0.00,MIXTO,R7_MIXTO,4
47a72109-6bed-441c-9a66-259994a64ac1,,R7,Ricardone → San Lorenzo,VALIDO,DEDUCIDO,2026-06-30T19:25:48.08084-03:00,2026-06-30T23:55:48.703379-03:00,270.01,270.01,0.00,0.00,MIXTO,R7_MIXTO,3
ccd76807-8223-4622-915e-e8c05623eac3,,R7,Ricardone → San Lorenzo,VALIDO,,2026-06-30T19:29:28.081773-03:00,2026-07-01T01:10:11.244269-03:00,340.72,0.00,0.00,46.81,MIXTO,R7_MIXTO,3
61787363-86ac-4d9a-bfc5-95dfe2abafeb,,R7,Ricardone → San Lorenzo,VALIDO,DEDUCIDO,2026-06-30T19:31:43.039706-03:00,2026-06-30T23:27:03.772088-03:00,235.35,235.35,0.00,0.00,MIXTO,R7_MIXTO,3
b1e661df-41d7-4eca-8eb9-91aeec9ab5e7,,R7,Ricardone → San Lorenzo,VALIDO,COMPLETO,2026-06-30T19:33:58.019502-03:00,2026-06-30T23:31:33.692248-03:00,237.59,237.59,0.00,0.00,MIXTO,R7_MIXTO,4
b1b32395-6099-4c0e-b4e8-c7edd7993a78__cycle_2,,R7,Ricardone → San Lorenzo,VALIDO,COMPLETO,2026-06-30T19:34:38.010687-03:00,2026-06-30T23:32:13.748438-03:00,237.60,237.60,0.00,0.00,MIXTO,R7_MIXTO,4
f353ede6-40a3-4851-9965-a6f35604c01b__cycle_2,,R5,Recepción Volcable 1,VALIDO,DEDUCIDO,2026-06-30T19:43:08.874815-03:00,2026-06-30T20:52:21.779687-03:00,69.22,,,,,,4
15b6d895-1ee6-45fc-957d-e0a2b1ce2358,,R7,Ricardone → San Lorenzo,VALIDO,COMPLETO,2026-06-30T19:47:27.995043-03:00,2026-07-01T00:13:08.718047-03:00,265.68,265.68,0.00,0.00,MIXTO,R7_MIXTO,4
b253417a-638d-41a4-b818-2811404c2a10,,R7,Ricardone → San Lorenzo,VALIDO,DEDUCIDO,2026-06-30T19:47:53.032416-03:00,2026-07-01T00:07:13.711155-03:00,259.34,259.34,0.00,0.00,MIXTO,R7_MIXTO,3
52893a74-a4a8-4fa5-9fbd-89962fb244ed,,R7,Ricardone → San Lorenzo,VALIDO,COMPLETO,2026-06-30T19:48:33.01623-03:00,2026-07-01T00:01:58.740572-03:00,253.43,253.43,0.00,0.00,MIXTO,R7_MIXTO,4
3b712df3-9581-4c34-adca-2a8855badf96,,R7,Ricardone → San Lorenzo,VALIDO,DEDUCIDO,2026-06-30T19:50:18.224788-03:00,2026-07-01T00:01:13.709649-03:00,250.92,250.92,0.00,0.00,MIXTO,R7_MIXTO,3
5411cbf9-c11a-467a-a29a-ff106341bd7f__cycle_1,,R7,Ricardone → San Lorenzo,VALIDO,,2026-06-30T19:51:13.117973-03:00,2026-07-01T01:33:35.036927-03:00,342.37,0.00,0.00,78.37,MIXTO,R7_MIXTO,6
3be541ed-4a2c-4f4b-8072-319469b5ee8e__cycle_3,,R7,Ricardone → San Lorenzo,VALIDO,DEDUCIDO,2026-06-30T19:52:42.937113-03:00,2026-07-01T00:05:48.692979-03:00,253.10,253.10,0.00,0.00,MIXTO,R7_MIXTO,3
d927aef5-9c76-4e06-8830-c2c6d5af3f60,,R7,Ricardone → San Lorenzo,VALIDO,COMPLETO,2026-06-30T19:53:38.021017-03:00,2026-07-01T00:09:39.776221-03:00,256.03,256.03,0.00,0.00,MIXTO,R7_MIXTO,4
9dfe6cc7-fc55-4326-a28c-5050c54c18fe,,R7,Ricardone → San Lorenzo,VALIDO,,2026-06-30T19:55:02.993576-03:00,2026-07-01T00:07:53.694847-03:00,252.85,252.85,0.00,0.00,MIXTO,R7_MIXTO,2
aafa9d6b-778f-45e8-8389-2373b85a66f3,,R7,Ricardone → San Lorenzo,VALIDO,COMPLETO,2026-06-30T19:58:33.078871-03:00,2026-07-01T00:08:58.693911-03:00,250.43,250.43,0.00,0.00,MIXTO,R7_MIXTO,4
a23fa780-56c6-46ea-afec-02989d62eb90,,R7,Ricardone → San Lorenzo,VALIDO,COMPLETO,2026-06-30T20:00:13.100347-03:00,2026-07-01T00:15:23.770303-03:00,255.18,255.18,0.00,0.00,MIXTO,R7_MIXTO,4
d272ed19-82fc-4bc7-b03e-c14ce18744d1,,R7,Ricardone → San Lorenzo,VALIDO,COMPLETO,2026-06-30T20:00:33.18925-03:00,2026-07-01T00:15:48.707384-03:00,255.26,255.26,0.00,0.00,MIXTO,R7_MIXTO,4
8466d23e-ecff-4bb1-87bf-d3941a7517ee,,R7,Ricardone → San Lorenzo,VALIDO,COMPLETO,2026-06-30T20:08:02.989361-03:00,2026-07-01T00:36:03.734949-03:00,268.01,268.01,0.00,0.00,MIXTO,R7_MIXTO,5
b1b6ec18-25ca-47c1-be59-0fd1ec489dd8,,R7,Ricardone → San Lorenzo,VALIDO,COMPLETO,2026-06-30T20:08:38.069222-03:00,2026-07-01T00:17:23.887222-03:00,248.76,248.76,0.00,0.00,MIXTO,R7_MIXTO,4
8054ad5c-1dd3-47e1-b6a4-77ab043d723e,,R7,Ricardone → San Lorenzo,VALIDO,COMPLETO,2026-06-30T20:08:58.025354-03:00,2026-07-01T00:21:38.769303-03:00,252.68,252.68,0.00,0.00,MIXTO,R7_MIXTO,4
2599ba62-ef47-45ca-b09a-74e141bef429__cycle_2,,R7,Ricardone → San Lorenzo,VALIDO,COMPLETO,2026-06-30T20:10:28.02631-03:00,2026-07-01T00:22:43.717775-03:00,252.26,252.26,0.00,0.00,MIXTO,R7_MIXTO,4
a02a758b-ebc1-46ec-8cb4-416adb6a2903,,R7,Ricardone → San Lorenzo,VALIDO,DEDUCIDO,2026-06-30T20:19:28.06307-03:00,2026-07-01T00:21:58.90041-03:00,242.51,242.51,0.00,0.00,MIXTO,R7_MIXTO,3
56cfe60d-c258-4416-b0a0-985a0978f088__cycle_1,,R7,Ricardone → San Lorenzo,VALIDO,,2026-06-30T20:22:12.780786-03:00,2026-06-30T20:56:48.004399-03:00,34.59,0.00,0.00,26.53,MIXTO,R7_MIXTO,5
4d4d07dd-3088-44a4-bb68-f2ec3050871b,,R7,Ricardone → San Lorenzo,VALIDO,DEDUCIDO,2026-06-30T20:23:32.950088-03:00,2026-07-01T00:30:03.753558-03:00,246.51,246.51,0.00,0.00,MIXTO,R7_MIXTO,3
d1f723bb-db7b-439f-8040-7af83af0a440,,R7,Ricardone → San Lorenzo,VALIDO,DEDUCIDO,2026-06-30T20:24:08.096685-03:00,2026-07-01T00:28:43.794443-03:00,244.59,244.59,0.00,0.00,MIXTO,R7_MIXTO,3
d8e3a3a8-6e2e-40a0-86ea-767bf136fddc,,R7,Ricardone → San Lorenzo,VALIDO,DEDUCIDO,2026-06-30T20:33:13.00176-03:00,2026-07-01T00:33:37.458992-03:00,240.41,240.41,0.00,0.00,MIXTO,R7_MIXTO,3
05fc628e-0fe3-493e-b278-1c41ec7f1db7,,R7,Ricardone → San Lorenzo,VALIDO,DEDUCIDO,2026-06-30T20:36:03.044779-03:00,2026-07-01T00:31:43.742377-03:00,235.68,235.68,0.00,0.00,MIXTO,R7_MIXTO,3
5a293d2d-8903-4b64-bf05-ee8677b15936,,R7,Ricardone → San Lorenzo,VALIDO,COMPLETO,2026-06-30T20:40:33.07003-03:00,2026-07-01T00:40:58.841199-03:00,240.43,240.43,0.00,0.00,MIXTO,R7_MIXTO,4
4e188c8f-a27a-4765-8ddd-c52852be2fa1,,R7,Ricardone → San Lorenzo,VALIDO,COMPLETO,2026-06-30T20:46:33.143748-03:00,2026-07-01T00:40:29.638913-03:00,233.94,233.94,0.00,0.00,MIXTO,R7_MIXTO,4
62cf8f3b-b3ec-4da5-8f28-c8a3481a841a,,R7,Ricardone → San Lorenzo,VALIDO,COMPLETO,2026-06-30T20:54:38.046409-03:00,2026-07-01T00:39:53.762247-03:00,225.26,225.26,0.00,0.00,MIXTO,R7_MIXTO,4
e4554332-5bfc-4129-8f2d-58c67390ed77,,R7,Ricardone → San Lorenzo,VALIDO,COMPLETO,2026-06-30T20:58:28.041643-03:00,2026-07-01T00:43:48.753876-03:00,225.35,225.35,0.00,0.00,MIXTO,R7_MIXTO,4
c13a8acf-1da2-4551-ba93-eef2c3be3ed4__cycle_2,,R7,Ricardone → San Lorenzo,VALIDO,COMPLETO,2026-06-30T21:03:48.032803-03:00,2026-07-01T00:49:13.710449-03:00,225.43,225.43,0.00,0.00,MIXTO,R7_MIXTO,4
963524a9-d474-4a2f-b848-247e35d08dc2__cycle_2,,R7,Ricardone → San Lorenzo,VALIDO,COMPLETO,2026-06-30T21:04:08.085895-03:00,2026-07-01T00:49:44.08632-03:00,225.60,225.60,0.00,0.00,MIXTO,R7_MIXTO,4
ad530b00-6782-4aad-8647-6e71261319ee__cycle_2,,R7,Ricardone → San Lorenzo,VALIDO,,2026-06-30T21:04:23.040329-03:00,2026-07-01T00:53:18.731199-03:00,228.93,228.93,0.00,0.00,MIXTO,R7_MIXTO,2
e9fb58fe-e6a5-4b9d-a768-780f2b3393d5,,R7,Ricardone → San Lorenzo,VALIDO,,2026-06-30T21:04:38.073228-03:00,2026-06-30T21:16:43.695948-03:00,12.09,12.09,0.00,0.00,MIXTO,R7_MIXTO,2
c36decdf-9bbb-4ecc-8afb-8f3b90bffe2f,,R7,Ricardone → San Lorenzo,VALIDO,COMPLETO,2026-06-30T21:08:08.039726-03:00,2026-07-01T00:57:18.713522-03:00,229.18,229.18,0.00,0.00,MIXTO,R7_MIXTO,4
8860b5d8-5304-450f-9a60-8f4dbcadf10a,,R7,Ricardone → San Lorenzo,VALIDO,DEDUCIDO,2026-06-30T21:10:48.08521-03:00,2026-07-01T01:11:14.103247-03:00,240.43,240.43,0.00,0.00,MIXTO,R7_MIXTO,3
95f6809b-2296-4177-aac7-af0af5f84010__cycle_2,,R7,Ricardone → San Lorenzo,VALIDO,DEDUCIDO,2026-06-30T21:11:12.996393-03:00,2026-06-30T21:18:28.734539-03:00,7.26,7.26,0.00,0.00,MIXTO,R7_MIXTO,3
629ead56-30b8-4f18-929c-9c161a3642ac,,R7,Ricardone → San Lorenzo,VALIDO,COMPLETO,2026-06-30T21:11:28.078255-03:00,2026-07-01T00:59:33.733842-03:00,228.09,228.09,0.00,0.00,MIXTO,R7_MIXTO,4
3292c790-a70d-4faf-aed1-c03c3cd78f87,,R7,Ricardone → San Lorenzo,VALIDO,DEDUCIDO,2026-06-30T21:26:13.015823-03:00,2026-07-01T01:06:28.719047-03:00,220.26,220.26,0.00,0.00,MIXTO,R7_MIXTO,3
4a527578-212a-4dc0-b9ef-1b9c44c8ba60,,R7,Ricardone → San Lorenzo,VALIDO,,2026-06-30T21:30:48.013725-03:00,2026-07-01T03:37:05.576014-03:00,366.29,0.00,0.00,145.72,MIXTO,R7_MIXTO,4
3f997b8b-321b-485d-b9d3-50b016b9918a,,R7,Ricardone → San Lorenzo,VALIDO,DEDUCIDO,2026-06-30T21:34:13.064586-03:00,2026-06-30T21:47:28.677029-03:00,13.26,13.26,0.00,0.00,MIXTO,R7_MIXTO,3
dc92a58c-4347-4a29-bf2a-1a0814f3ea8c,,R7,Ricardone → San Lorenzo,VALIDO,COMPLETO,2026-06-30T21:35:48.052672-03:00,2026-07-01T01:36:48.757748-03:00,241.01,241.01,0.00,0.00,MIXTO,R7_MIXTO,4
8aa72f96-b7d1-4461-bf97-97f2e118918c,,R7,Ricardone → San Lorenzo,VALIDO,DEDUCIDO,2026-06-30T21:43:18.087073-03:00,2026-06-30T21:54:23.66799-03:00,11.09,11.09,0.00,0.00,MIXTO,R7_MIXTO,3
7ceb3d51-f605-4031-b261-efcc0b97c4e2__cycle_2,,R7,Ricardone → San Lorenzo,VALIDO,DEDUCIDO,2026-06-30T21:45:18.137384-03:00,2026-07-01T01:16:29.117468-03:00,211.18,211.18,0.00,0.00,MIXTO,R7_MIXTO,3
c37f0d7f-9f9e-4c9b-b272-f4fdded4b2af,,R7,Ricardone → San Lorenzo,VALIDO,COMPLETO,2026-06-30T21:45:38.06032-03:00,2026-07-01T01:17:23.713983-03:00,211.76,211.76,0.00,0.00,MIXTO,R7_MIXTO,4
9b011e66-0bce-4fe6-ab50-96a47831df33,,R7,Ricardone → San Lorenzo,VALIDO,COMPLETO,2026-06-30T21:46:43.10047-03:00,2026-07-01T01:12:03.77874-03:00,205.34,205.34,0.00,0.00,MIXTO,R7_MIXTO,4
c4e3eeab-585b-43c3-a718-7be6458926da,,R7,Ricardone → San Lorenzo,VALIDO,COMPLETO,2026-06-30T21:49:53.050357-03:00,2026-07-01T01:16:03.727009-03:00,206.18,206.18,0.00,0.00,MIXTO,R7_MIXTO,4
34e6c500-2dba-48de-8133-efa33bc5bc7f,,R7,Ricardone → San Lorenzo,VALIDO,DEDUCIDO,2026-06-30T21:56:28.100531-03:00,2026-07-01T01:22:48.711723-03:00,206.34,206.34,0.00,0.00,MIXTO,R7_MIXTO,3
09d0e587-9c98-4a7f-a88e-0dce99e62bee,,R7,Ricardone → San Lorenzo,VALIDO,COMPLETO,2026-06-30T21:57:03.034925-03:00,2026-07-01T01:21:13.723166-03:00,204.18,204.18,0.00,0.00,MIXTO,R7_MIXTO,4
ca8ba6e8-e06b-4fef-9433-e97278ed2d28__cycle_2,,R7,Ricardone → San Lorenzo,VALIDO,COMPLETO,2026-06-30T21:57:23.003741-03:00,2026-07-01T01:29:43.735582-03:00,212.35,212.35,0.00,0.00,MIXTO,R7_MIXTO,4
79e1fd81-29f7-4099-a433-bcc2f467bdae__cycle_2,,R7,Ricardone → San Lorenzo,VALIDO,COMPLETO,2026-06-30T21:58:08.039319-03:00,2026-07-01T01:35:23.961354-03:00,217.27,217.27,0.00,0.00,MIXTO,R7_MIXTO,4
962020c9-dd90-4420-baf9-135ddbe352d6__cycle_3,,R7,Ricardone → San Lorenzo,VALIDO,DEDUCIDO,2026-06-30T21:58:17.96479-03:00,2026-07-01T01:22:23.716526-03:00,204.10,204.10,0.00,0.00,MIXTO,R7_MIXTO,3
13dc5e1a-118a-49d1-ac48-05b7a85d5315,,R7,Ricardone → San Lorenzo,VALIDO,COMPLETO,2026-06-30T21:58:43.078391-03:00,2026-07-01T01:39:08.719838-03:00,220.43,220.43,0.00,0.00,MIXTO,R7_MIXTO,4
0038f8d0-0236-4499-ae29-a36c2bf61c5c__cycle_2,,R7,Ricardone → San Lorenzo,VALIDO,COMPLETO,2026-06-30T22:01:38.00586-03:00,2026-07-01T01:39:43.738494-03:00,218.10,218.10,0.00,0.00,MIXTO,R7_MIXTO,4
ae82f22e-6097-49a7-88fd-01bcea0e5592,,R7,Ricardone → San Lorenzo,VALIDO,COMPLETO,2026-06-30T22:01:48.037186-03:00,2026-07-01T01:42:33.709314-03:00,220.76,220.76,0.00,0.00,MIXTO,R7_MIXTO,4
31a4a6ba-8c26-4cd0-b20a-7da471f74b3e,,R7,Ricardone → San Lorenzo,VALIDO,COMPLETO,2026-06-30T22:02:03.063735-03:00,2026-07-01T01:42:58.730095-03:00,220.93,220.93,0.00,0.00,MIXTO,R7_MIXTO,4
f9cee9f1-6679-4f19-a759-c1b5c25c14d7,,R7,Ricardone → San Lorenzo,VALIDO,COMPLETO,2026-06-30T22:04:18.036943-03:00,2026-07-01T01:50:38.756968-03:00,226.35,226.35,0.00,0.00,MIXTO,R7_MIXTO,4
a3c2ff23-6de8-4b2d-b65c-2b730293e09f,,R7,Ricardone → San Lorenzo,VALIDO,COMPLETO,2026-06-30T22:06:38.03667-03:00,2026-07-01T02:04:28.722249-03:00,237.84,237.84,0.00,0.00,MIXTO,R7_MIXTO,4
d0c16349-892c-4676-9427-e07dc3d80e29,,R7,Ricardone → San Lorenzo,VALIDO,COMPLETO,2026-06-30T22:07:33.136381-03:00,2026-07-01T02:02:08.930154-03:00,234.60,234.60,0.00,0.00,MIXTO,R7_MIXTO,4
b43a597d-2993-4ca1-a20a-f9516f880647,,R7,Ricardone → San Lorenzo,VALIDO,DEDUCIDO,2026-06-30T22:08:43.083477-03:00,2026-07-01T01:45:33.738233-03:00,216.84,216.84,0.00,0.00,MIXTO,R7_MIXTO,3
5f2ac16d-4409-4a6c-bf7f-37e81cb26784__cycle_2,,R7,Ricardone → San Lorenzo,VALIDO,COMPLETO,2026-06-30T22:12:09.800761-03:00,2026-07-01T02:09:03.742684-03:00,236.90,236.90,0.00,0.00,MIXTO,R7_MIXTO,4
6220bd87-72a8-4304-8633-90b23fbfdfe7,,R7,Ricardone → San Lorenzo,VALIDO,COMPLETO,2026-06-30T22:12:38.002732-03:00,2026-07-01T02:14:08.787632-03:00,241.51,241.51,0.00,0.00,MIXTO,R7_MIXTO,4
71635e5c-7d55-47b3-a9b0-6106b773b574,,R7,Ricardone → San Lorenzo,VALIDO,COMPLETO,2026-06-30T22:13:18.036839-03:00,2026-07-01T02:13:28.783768-03:00,240.18,240.18,0.00,0.00,MIXTO,R7_MIXTO,4
0c33e005-a187-44cb-bb8e-e1efbde67d5f,,R7,Ricardone → San Lorenzo,VALIDO,COMPLETO,2026-06-30T22:14:38.105427-03:00,2026-07-01T02:22:33.915197-03:00,247.93,247.93,0.00,0.00,MIXTO,R7_MIXTO,4
ada78650-4aeb-442f-af59-e17b272099e0,,R7,Ricardone → San Lorenzo,VALIDO,COMPLETO,2026-06-30T22:15:07.99965-03:00,2026-07-01T02:23:03.713846-03:00,247.93,247.93,0.00,0.00,MIXTO,R7_MIXTO,4
c9799a8e-bc5d-4057-ade6-166ed2288b50,,R7,Ricardone → San Lorenzo,VALIDO,COMPLETO,2026-06-30T22:15:43.050684-03:00,2026-07-01T02:23:43.723068-03:00,248.01,248.01,0.00,0.00,MIXTO,R7_MIXTO,4
6339c1d7-7171-4373-ad14-8665711f4644,,R5,Recepción Volcable 1,VALIDO,DEDUCIDO,2026-06-30T22:17:48.164033-03:00,2026-07-01T00:45:21.705259-03:00,147.56,,,,,,6
b05557cb-58de-482b-8d85-dc298d6d8647,,R7,Ricardone → San Lorenzo,VALIDO,DEDUCIDO,2026-06-30T22:23:43.061477-03:00,2026-07-01T02:21:53.733311-03:00,238.18,238.18,0.00,0.00,MIXTO,R7_MIXTO,3
83934399-34ec-44da-935a-b73f05de844e,,R7,Ricardone → San Lorenzo,VALIDO,DEDUCIDO,2026-06-30T22:26:42.999138-03:00,2026-07-01T02:27:48.718048-03:00,241.10,241.10,0.00,0.00,MIXTO,R7_MIXTO,3
dd7bae43-5439-4266-812c-3633bacf93eb,,R7,Ricardone → San Lorenzo,VALIDO,COMPLETO,2026-06-30T22:27:03.053609-03:00,2026-07-01T02:32:38.757316-03:00,245.60,245.60,0.00,0.00,MIXTO,R7_MIXTO,4
2e701169-c177-4d31-a2ac-5c3b60d97f9b__cycle_5,,R7,Ricardone → San Lorenzo,VALIDO,,2026-06-30T22:28:32.979404-03:00,2026-07-01T05:26:16.778777-03:00,417.73,0.00,0.00,170.40,MIXTO,R7_MIXTO,5
53f754ff-7b89-422d-9602-e866d118f4ee__cycle_2,,R7,Ricardone → San Lorenzo,VALIDO,DEDUCIDO,2026-06-30T22:29:12.965244-03:00,2026-07-01T02:46:28.78899-03:00,257.26,257.26,0.00,0.00,MIXTO,R7_MIXTO,3
7a00c2cc-ab17-47a8-a49b-f49b7c9a0110__cycle_3,,R7,Ricardone → San Lorenzo,VALIDO,COMPLETO,2026-06-30T22:30:08.046855-03:00,2026-07-01T02:50:38.763664-03:00,260.51,260.51,0.00,0.00,MIXTO,R7_MIXTO,4
20d500a9-c7cc-4af8-90bd-a7ded213da83,,R7,Ricardone → San Lorenzo,VALIDO,COMPLETO,2026-06-30T22:33:48.058325-03:00,2026-07-01T02:51:09.55212-03:00,257.36,257.36,0.00,0.00,MIXTO,R7_MIXTO,4
fb8f9048-e595-4995-b276-102a62ca7aaa__cycle_2,,R7,Ricardone → San Lorenzo,VALIDO,COMPLETO,2026-06-30T22:34:03.02493-03:00,2026-07-01T02:43:58.757476-03:00,249.93,249.93,0.00,0.00,MIXTO,R7_MIXTO,4
3ebb5649-b55c-436a-b4b9-8074325a9a3a__cycle_2,,R7,Ricardone → San Lorenzo,VALIDO,DEDUCIDO,2026-06-30T22:41:22.971213-03:00,2026-07-01T02:50:08.767231-03:00,248.76,248.76,0.00,0.00,MIXTO,R7_MIXTO,3
57e98b1e-b3d1-4058-a90c-8986981a5e53,,R7,Ricardone → San Lorenzo,VALIDO,,2026-06-30T22:42:03.011805-03:00,2026-07-01T02:36:38.777677-03:00,234.60,234.60,0.00,0.00,MIXTO,R7_MIXTO,2
3bb0b259-546f-44b4-8d8d-7401cf33a4d1,,R7,Ricardone → San Lorenzo,VALIDO,,2026-06-30T22:42:58.079493-03:00,2026-07-01T02:56:04.147529-03:00,253.10,253.10,0.00,0.00,MIXTO,R7_MIXTO,2
c9725eb3-ace6-4d5f-a399-47de872c1fc5,,R7,Ricardone → San Lorenzo,VALIDO,DEDUCIDO,2026-06-30T22:43:23.061406-03:00,2026-07-01T03:06:33.754533-03:00,263.18,263.18,0.00,0.00,MIXTO,R7_MIXTO,3
5e59a01b-ba55-4c2b-884d-e783fe3458a5,,R7,Ricardone → San Lorenzo,VALIDO,COMPLETO,2026-06-30T22:47:33.018263-03:00,2026-07-01T02:55:18.824521-03:00,247.76,247.76,0.00,0.00,MIXTO,R7_MIXTO,4
ab911071-c046-4ea6-b732-5ca7cb952766,,R7,Ricardone → San Lorenzo,VALIDO,COMPLETO,2026-06-30T22:52:48.05862-03:00,2026-07-01T03:08:33.725511-03:00,255.76,255.76,0.00,0.00,MIXTO,R7_MIXTO,4
bbe2a121-28d1-4871-9efa-73238aff614a,,R7,Ricardone → San Lorenzo,VALIDO,DEDUCIDO,2026-06-30T22:57:28.121245-03:00,2026-07-01T03:17:38.798353-03:00,260.18,260.18,0.00,0.00,MIXTO,R7_MIXTO,3
82e7633b-7a3f-4c16-bf20-430e4b46ee57,,R7,Ricardone → San Lorenzo,VALIDO,COMPLETO,2026-06-30T23:02:18.109747-03:00,2026-07-01T03:08:03.916474-03:00,245.76,245.76,0.00,0.00,MIXTO,R7_MIXTO,4
9890418e-c6d8-44a7-9a40-7ad10e9e5862__cycle_2,,R7,Ricardone → San Lorenzo,VALIDO,DEDUCIDO,2026-06-30T23:17:18.037908-03:00,2026-07-01T02:59:33.736975-03:00,222.26,222.26,0.00,0.00,MIXTO,R7_MIXTO,3
b8fd32ca-0b99-4d06-85b1-0c2417721ab3__cycle_3,,R7,Ricardone → San Lorenzo,VALIDO,DEDUCIDO,2026-06-30T23:18:28.04946-03:00,2026-07-01T03:07:33.847935-03:00,229.10,229.10,0.00,0.00,MIXTO,R7_MIXTO,3
3eec3828-5ab1-4f41-a1ee-7f34d7163449__cycle_3,,R7,Ricardone → San Lorenzo,VALIDO,COMPLETO,2026-06-30T23:19:28.029769-03:00,2026-07-01T03:06:03.761115-03:00,226.60,226.60,0.00,0.00,MIXTO,R7_MIXTO,4
53ae59ea-6f2a-442d-bee9-62adf543710e__cycle_2,,R7,Ricardone → San Lorenzo,VALIDO,COMPLETO,2026-06-30T23:19:42.997064-03:00,2026-07-01T03:09:18.764262-03:00,229.60,229.60,0.00,0.00,MIXTO,R7_MIXTO,4
d18dc90a-9699-4635-b859-c9299f71e8e1,,R7,Ricardone → San Lorenzo,VALIDO,DEDUCIDO,2026-06-30T23:23:18.072968-03:00,2026-07-01T03:13:53.74812-03:00,230.59,230.59,0.00,0.00,MIXTO,R7_MIXTO,3
41f0fb9b-b2c4-4b54-8f8c-a32a82a47163,,R7,Ricardone → San Lorenzo,VALIDO,DEDUCIDO,2026-06-30T23:23:33.069245-03:00,2026-07-01T03:12:58.808238-03:00,229.43,229.43,0.00,0.00,MIXTO,R7_MIXTO,3
ea01e7d5-eb55-47ea-bd81-e13a236e4ca7__cycle_2,,R7,Ricardone → San Lorenzo,VALIDO,DEDUCIDO,2026-06-30T23:25:48.059296-03:00,2026-07-01T03:15:23.788223-03:00,229.60,229.60,0.00,0.00,MIXTO,R7_MIXTO,3
fc230d4a-f728-4771-9d52-f06e12f795ad__cycle_2,,R7,Ricardone → San Lorenzo,VALIDO,COMPLETO,2026-06-30T23:26:03.011351-03:00,2026-07-01T03:16:58.801451-03:00,230.93,230.93,0.00,0.00,MIXTO,R7_MIXTO,4
f605c18a-11ed-4581-9412-36870cf0caae__cycle_3,,R8,Recepción Mercadería Líquida,VALIDO,DEDUCIDO,2026-06-30T23:30:56.058891-03:00,2026-07-01T18:01:12.468549-03:00,1110.27,,,,,,17
c91d65b0-fe34-4b2e-b86f-b0c18123f78b__cycle_2,,R7,Ricardone → San Lorenzo,VALIDO,COMPLETO,2026-06-30T23:31:33.014504-03:00,2026-07-01T03:25:23.731923-03:00,233.85,233.85,0.00,0.00,MIXTO,R7_MIXTO,4
7a39dec8-e5fb-46de-bcf5-bb56dd2abfaa__cycle_3,,R7,Ricardone → San Lorenzo,VALIDO,COMPLETO,2026-06-30T23:39:12.988103-03:00,2026-07-01T03:25:55.132592-03:00,226.70,226.70,0.00,0.00,MIXTO,R7_MIXTO,4
f034a1ce-1c2b-4980-99ee-1e1c5f5d9b0c,,R7,Ricardone → San Lorenzo,VALIDO,COMPLETO,2026-06-30T23:44:42.96135-03:00,2026-07-01T03:35:03.683683-03:00,230.35,230.35,0.00,0.00,MIXTO,R7_MIXTO,4
75ddbc30-2f64-4777-8671-e1a40e7d9036,,R7,Ricardone → San Lorenzo,VALIDO,COMPLETO,2026-06-30T23:51:57.945553-03:00,2026-07-01T03:43:13.645315-03:00,231.26,231.26,0.00,0.00,MIXTO,R7_MIXTO,4
8b02df70-94d3-41cd-b801-fbea4b73d770,,R7,Ricardone → San Lorenzo,VALIDO,COMPLETO,2026-06-30T23:52:28.017529-03:00,2026-07-01T03:40:40.304626-03:00,228.20,228.20,0.00,0.00,MIXTO,R7_MIXTO,4
dbb4a246-af03-4020-a712-8a7f68a0b089,,R7,Ricardone → San Lorenzo,VALIDO,COMPLETO,2026-06-30T23:54:37.993184-03:00,2026-07-01T03:36:33.672241-03:00,221.93,221.93,0.00,0.00,MIXTO,R7_MIXTO,4
a142576f-f901-4f9d-8822-abc6d2ffda09,,R7,Ricardone → San Lorenzo,VALIDO,COMPLETO,2026-06-30T23:57:17.963861-03:00,2026-07-01T03:51:33.670014-03:00,234.26,234.26,0.00,0.00,MIXTO,R7_MIXTO,4
64d71451-65a2-4004-9000-b7a381d69452,,R7,Ricardone → San Lorenzo,VALIDO,DEDUCIDO,2026-06-30T23:58:32.910197-03:00,2026-07-01T03:54:38.766915-03:00,236.10,236.10,0.00,0.00,MIXTO,R7_MIXTO,3
34898d95-a41a-4d43-8d4b-483778eb7040,,R7,Ricardone → San Lorenzo,VALIDO,COMPLETO,2026-06-30T23:58:47.888064-03:00,2026-07-01T03:55:08.647079-03:00,236.35,236.35,0.00,0.00,MIXTO,R7_MIXTO,4
98deba1c-de40-4cdf-b030-ad01e4366979__cycle_2,,R7,Ricardone → San Lorenzo,VALIDO,DEDUCIDO,2026-07-01T00:03:52.881693-03:00,2026-07-01T03:50:23.691939-03:00,226.51,226.51,0.00,0.00,MIXTO,R7_MIXTO,3
46c2fda5-2025-412b-9b66-794a1ad83bb0,,R7,Ricardone → San Lorenzo,VALIDO,COMPLETO,2026-07-01T00:06:47.951131-03:00,2026-07-01T03:38:28.6321-03:00,211.68,211.68,0.00,0.00,MIXTO,R7_MIXTO,4
8edd488f-9981-4310-9442-2c1965344fb3__cycle_1,,R7,Ricardone → San Lorenzo,VALIDO,,2026-07-01T00:11:32.951661-03:00,2026-07-01T10:06:40.799333-03:00,595.13,0.00,0.00,358.80,MIXTO,R7_MIXTO,5
bf7d62f5-7ce6-4976-af2c-94e78db6c70b__cycle_2,,R7,Ricardone → San Lorenzo,VALIDO,COMPLETO,2026-07-01T00:17:38.072829-03:00,2026-07-01T04:59:23.682746-03:00,281.76,281.76,0.00,0.00,MIXTO,R7_MIXTO,4
a4297b49-196d-463c-b8cc-772795d8e887,,R7,Ricardone → San Lorenzo,VALIDO,COMPLETO,2026-07-01T00:30:18.03438-03:00,2026-07-01T04:59:53.652823-03:00,269.59,269.59,0.00,0.00,MIXTO,R7_MIXTO,4
0eaf1365-0702-4f49-9e2e-96a5a0e8b530,,R7,Ricardone → San Lorenzo,VALIDO,COMPLETO,2026-07-01T00:36:58.094763-03:00,2026-07-01T05:01:03.6833-03:00,264.09,264.09,0.00,0.00,MIXTO,R7_MIXTO,4
0a6c192e-6ff1-4287-8028-aeec2bf9d2a7__cycle_1,,R8,Recepción Mercadería Líquida,VALIDO,DEDUCIDO,2026-07-01T00:37:46.221328-03:00,2026-07-01T23:13:26.970467-03:00,1355.68,,,,,,19
3f1c373d-9ed6-4178-a13d-d4a1d8109bbc,,R7,Ricardone → San Lorenzo,VALIDO,DEDUCIDO,2026-07-01T00:39:28.012749-03:00,2026-07-01T05:24:34.033203-03:00,285.10,285.10,0.00,0.00,MIXTO,R7_MIXTO,3
600a6467-7bc4-407a-9234-52fb8b80ca95,,R7,Ricardone → San Lorenzo,VALIDO,,2026-07-01T00:49:47.989713-03:00,2026-07-01T10:54:25.919806-03:00,604.63,0.00,0.00,319.06,MIXTO,R7_MIXTO,6
1d8ac9a6-2b3a-493f-a656-0ba065aebfec,,R7,Ricardone → San Lorenzo,VALIDO,DEDUCIDO,2026-07-01T00:51:58.017933-03:00,2026-07-01T05:20:08.669518-03:00,268.18,268.18,0.00,0.00,MIXTO,R7_MIXTO,3
35bd3dac-488a-4bb7-b07f-2bffe70bb547__cycle_3,,R1,Recepción Celda 16,VALIDO,DEDUCIDO,2026-07-01T01:01:42.959911-03:00,2026-07-01T08:35:51.619466-03:00,454.14,,,,,,5
dcc1f779-7909-4627-bdfb-5607f4d55b6d,,R7,Ricardone → San Lorenzo,VALIDO,COMPLETO,2026-07-01T01:03:38.00216-03:00,2026-07-01T05:27:58.656421-03:00,264.34,264.34,0.00,0.00,MIXTO,R7_MIXTO,4
c3dadb08-876d-47e7-8b31-d8da4738c7f9__cycle_2,,R7,Ricardone → San Lorenzo,VALIDO,COMPLETO,2026-07-01T01:03:53.186017-03:00,2026-07-01T05:29:44.663206-03:00,265.86,265.86,0.00,0.00,MIXTO,R7_MIXTO,4
9e87a6f7-5c5c-4287-97ad-40ce65248c37__cycle_3,,R7,Ricardone → San Lorenzo,VALIDO,COMPLETO,2026-07-01T01:05:03.057533-03:00,2026-07-01T05:23:53.647283-03:00,258.84,258.84,0.00,0.00,MIXTO,R7_MIXTO,4
ce183923-785f-4cb9-a863-e74b85767a97,,R7,Ricardone → San Lorenzo,VALIDO,COMPLETO,2026-07-01T01:06:43.214415-03:00,2026-07-01T05:29:13.66608-03:00,262.51,262.51,0.00,0.00,MIXTO,R7_MIXTO,4
ebb24ea7-3434-439a-8f65-f872dcb18f00,,R7,Ricardone → San Lorenzo,VALIDO,COMPLETO,2026-07-01T01:22:22.94295-03:00,2026-07-01T05:35:08.648777-03:00,252.76,252.76,0.00,0.00,MIXTO,R7_MIXTO,4
8a6eab5a-894f-48b9-bb71-060b2360e36d,,R7,Ricardone → San Lorenzo,VALIDO,COMPLETO,2026-07-01T01:23:17.979163-03:00,2026-07-01T05:45:38.875708-03:00,262.35,262.35,0.00,0.00,MIXTO,R7_MIXTO,4
2bab803f-0c1d-4148-8931-015e830c5595__cycle_2,,R7,Ricardone → San Lorenzo,VALIDO,COMPLETO,2026-07-01T01:28:12.929934-03:00,2026-07-01T05:38:23.659607-03:00,250.18,250.18,0.00,0.00,MIXTO,R7_MIXTO,4
8189789a-3c57-474c-b4b3-9408bc1b36c6,,R7,Ricardone → San Lorenzo,VALIDO,COMPLETO,2026-07-01T01:45:38.02187-03:00,2026-07-01T05:46:13.667573-03:00,240.59,240.59,0.00,0.00,MIXTO,R7_MIXTO,4
4f880734-ab75-4293-a37e-4d90b9b71985__cycle_2,,R7,Ricardone → San Lorenzo,VALIDO,COMPLETO,2026-07-01T01:48:18.889433-03:00,2026-07-01T05:47:43.670431-03:00,239.41,239.41,0.00,0.00,MIXTO,R7_MIXTO,4
1b90e73f-c63c-4398-83e4-c0893b70f4b0,,R7,Ricardone → San Lorenzo,VALIDO,COMPLETO,2026-07-01T01:55:47.998467-03:00,2026-07-01T05:53:37.395403-03:00,237.82,237.82,0.00,0.00,MIXTO,R7_MIXTO,4
8a9cb996-b82e-4965-9225-ba78fa6457ab,,R7,Ricardone → San Lorenzo,VALIDO,DEDUCIDO,2026-07-01T01:57:32.967669-03:00,2026-07-01T05:57:03.654704-03:00,239.51,239.51,0.00,0.00,MIXTO,R7_MIXTO,3
a0e3054b-7f04-4446-a0e8-dd1f1299d6f4,,R7,Ricardone → San Lorenzo,VALIDO,COMPLETO,2026-07-01T01:59:28.022362-03:00,2026-07-01T05:54:13.682542-03:00,234.76,234.76,0.00,0.00,MIXTO,R7_MIXTO,4
d9638ea6-e290-4551-876b-6184136ebc52,,R7,Ricardone → San Lorenzo,VALIDO,COMPLETO,2026-07-01T02:05:57.952294-03:00,2026-07-01T05:56:33.675732-03:00,230.60,230.60,0.00,0.00,MIXTO,R7_MIXTO,4
d033569e-9c7f-4ece-9259-d3005fe29c9f,,R7,Ricardone → San Lorenzo,VALIDO,COMPLETO,2026-07-01T02:06:37.949476-03:00,2026-07-01T06:02:48.673386-03:00,236.18,236.18,0.00,0.00,MIXTO,R7_MIXTO,4
1404de88-7f0d-4fac-a26f-4c9708d26d13,,R7,Ricardone → San Lorenzo,VALIDO,DEDUCIDO,2026-07-01T02:09:18.03472-03:00,2026-07-01T08:03:48.688989-03:00,354.51,354.51,0.00,0.00,MIXTO,R7_MIXTO,5
69e2e8c1-cd71-495c-b79d-b3623d0f7e4b,,R7,Ricardone → San Lorenzo,VALIDO,COMPLETO,2026-07-01T02:17:47.905908-03:00,2026-07-01T06:08:18.724407-03:00,230.51,230.51,0.00,0.00,MIXTO,R7_MIXTO,4
68968ab0-0792-473d-82bf-069fbca6d09c,,R7,Ricardone → San Lorenzo,VALIDO,DEDUCIDO,2026-07-01T02:21:52.95381-03:00,2026-07-01T06:21:33.656913-03:00,239.68,239.68,0.00,0.00,MIXTO,R7_MIXTO,3
51d10bee-9cfe-4c65-80fb-971fb42b10ab,,R7,Ricardone → San Lorenzo,VALIDO,COMPLETO,2026-07-01T02:22:22.960598-03:00,2026-07-01T06:17:08.704798-03:00,234.76,234.76,0.00,0.00,MIXTO,R7_MIXTO,4
497372b2-a8ee-4e22-92c8-297247b152c7__cycle_2,,R7,Ricardone → San Lorenzo,VALIDO,DEDUCIDO,2026-07-01T02:26:56.750509-03:00,2026-07-01T06:19:18.669711-03:00,232.37,232.37,0.00,0.00,MIXTO,R7_MIXTO,3
912c6dc4-d660-4e74-abdb-2199ef443d89,,R7,Ricardone → San Lorenzo,VALIDO,,2026-07-01T02:26:56.827854-03:00,2026-07-01T12:04:55.952184-03:00,577.99,0.00,0.00,335.56,MIXTO,R7_MIXTO,5
11b41e40-15b7-4bbb-90d6-737d2e80845a,,R7,Ricardone → San Lorenzo,VALIDO,,2026-07-01T02:31:57.91862-03:00,2026-07-01T13:00:21.051564-03:00,628.39,0.00,0.00,369.06,MIXTO,R7_MIXTO,4
f4250ed9-b1fe-4142-9c32-7cf5f06b5c29,,R7,Ricardone → San Lorenzo,VALIDO,DEDUCIDO,2026-07-01T02:33:47.965012-03:00,2026-07-01T06:22:33.654515-03:00,228.76,228.76,0.00,0.00,MIXTO,R7_MIXTO,3
c3217d31-f9f2-4a5c-8954-4c4aba296bb4,,R7,Ricardone → San Lorenzo,VALIDO,COMPLETO,2026-07-01T02:55:52.955848-03:00,2026-07-01T08:01:08.692042-03:00,305.26,305.26,0.00,0.00,MIXTO,R7_MIXTO,6
2ad560c4-a472-4bf3-8c52-2aa54621e8db__cycle_2,,R7,Ricardone → San Lorenzo,VALIDO,DEDUCIDO,2026-07-01T02:56:12.934489-03:00,2026-07-01T08:07:58.666164-03:00,311.76,311.76,0.00,0.00,MIXTO,R7_MIXTO,3
f6864854-e142-485f-9820-af43b9958f83,,R7,Ricardone → San Lorenzo,VALIDO,COMPLETO,2026-07-01T02:57:12.923742-03:00,2026-07-01T08:05:48.742539-03:00,308.60,308.60,0.00,0.00,MIXTO,R7_MIXTO,4
26aa204f-3f1b-4834-a76b-6b13dfa9a481__cycle_3,,R7,Ricardone → San Lorenzo,VALIDO,COMPLETO,2026-07-01T03:16:27.929134-03:00,2026-07-01T08:24:13.681423-03:00,307.76,307.76,0.00,0.00,MIXTO,R7_MIXTO,4
ac77b9be-980a-467a-b173-1d6825628867,,R7,Ricardone → San Lorenzo,VALIDO,DEDUCIDO,2026-07-01T03:16:44.166949-03:00,2026-07-01T08:19:08.665195-03:00,302.41,302.41,0.00,0.00,MIXTO,R7_MIXTO,3
0625f19b-f31c-47dd-8e3d-ad34718f2a27__cycle_2,,R7,Ricardone → San Lorenzo,VALIDO,COMPLETO,2026-07-01T03:16:57.929843-03:00,2026-07-01T08:24:43.671293-03:00,307.76,307.76,0.00,0.00,MIXTO,R7_MIXTO,4
f07bb7ba-2680-4f4c-a743-886de1b0e068__cycle_2,,R1,Recepción Celda 16,VALIDO,DEDUCIDO,2026-07-01T03:22:08.018188-03:00,2026-07-01T08:51:31.627191-03:00,329.39,,,,,,6
8a6a05fe-6d7c-4d13-940d-a1236d03d0fb,,R7,Ricardone → San Lorenzo,VALIDO,COMPLETO,2026-07-01T03:33:47.99634-03:00,2026-07-01T08:19:38.756429-03:00,285.85,285.85,0.00,0.00,MIXTO,R7_MIXTO,4
26ff825d-881a-427e-81e8-77723b442d04__cycle_2,,R7,Ricardone → San Lorenzo,VALIDO,COMPLETO,2026-07-01T03:49:12.959678-03:00,2026-07-01T08:20:33.670269-03:00,271.35,271.35,0.00,0.00,MIXTO,R7_MIXTO,4
c4a26b1a-9532-414b-9fb5-d22102d1419e__cycle_1,,R8,Recepción Mercadería Líquida,VALIDO,DEDUCIDO,2026-07-01T03:51:27.961405-03:00,2026-07-01T04:49:25.716626-03:00,57.96,,,,,,4
ec3081fa-ecf0-4a75-a5f9-2d29a8bdebb3__cycle_3,,R7,Ricardone → San Lorenzo,VALIDO,COMPLETO,2026-07-01T04:08:57.959276-03:00,2026-07-01T08:22:03.690416-03:00,253.10,253.10,0.00,0.00,MIXTO,R7_MIXTO,4
3a9970a9-5178-4452-b494-8ae526b109e3,,R7,Ricardone → San Lorenzo,VALIDO,DEDUCIDO,2026-07-01T04:12:23.013468-03:00,2026-07-01T04:32:43.783616-03:00,20.35,20.35,0.00,0.00,MIXTO,R7_MIXTO,3
5a50bb1f-b61a-46f1-8d60-d170aa2c8547__cycle_3,,R7,Ricardone → San Lorenzo,VALIDO,COMPLETO,2026-07-01T04:16:03.574495-03:00,2026-07-01T08:37:53.666774-03:00,261.83,261.83,0.00,0.00,MIXTO,R7_MIXTO,4
e7912419-5137-4eb9-a486-6276c957ea34,,R7,Ricardone → San Lorenzo,VALIDO,DEDUCIDO,2026-07-01T04:19:14.311346-03:00,2026-07-01T08:39:28.672655-03:00,260.24,260.24,0.00,0.00,MIXTO,R7_MIXTO,3
2ac41625-e271-4a86-98c9-abbc7bea7428__cycle_3,,R7,Ricardone → San Lorenzo,VALIDO,COMPLETO,2026-07-01T05:02:57.923718-03:00,2026-07-01T09:02:53.712049-03:00,239.93,239.93,0.00,0.00,MIXTO,R7_MIXTO,4
3fcf551f-a203-40fb-8d0b-b5aa7c407abe,,R7,Ricardone → San Lorenzo,VALIDO,DEDUCIDO,2026-07-01T05:03:07.953288-03:00,2026-07-01T09:03:58.699393-03:00,240.85,240.85,0.00,0.00,MIXTO,R7_MIXTO,3
822f53f0-4f2f-4ce3-a305-86ca3e9ede60__cycle_2,,R8,Recepción Mercadería Líquida,VALIDO,DEDUCIDO,2026-07-01T05:18:51.508135-03:00,2026-07-01T16:08:40.764666-03:00,649.82,,,,,,7
1d9d2813-fb89-4f91-8b0c-b36969df72db__cycle_2,,R8,Recepción Mercadería Líquida,VALIDO,DEDUCIDO,2026-07-01T05:38:52.948766-03:00,2026-07-01T17:29:36.588654-03:00,710.73,,,,,,12
8d0af482-c472-4269-9c40-60a25759d230,,R5,Recepción Volcable 1,VALIDO,DEDUCIDO,2026-07-01T05:44:57.988651-03:00,2026-07-01T09:18:31.583012-03:00,213.56,,,,,,5
a782b295-f7f8-49bc-814a-7751f45870b5__cycle_2,,R8,Recepción Mercadería Líquida,VALIDO,DEDUCIDO,2026-07-01T05:46:10.377447-03:00,2026-07-01T18:31:32.500389-03:00,765.37,,,,,,12
bd8e8ccc-660b-4053-bc45-ec4d280873d0__cycle_2,,R8,Recepción Mercadería Líquida,VALIDO,DEDUCIDO,2026-07-01T05:46:32.903721-03:00,2026-07-01T17:59:46.500142-03:00,733.23,,,,,,13
6a12b90a-1147-4a1a-ba38-ae7912bc172f__cycle_2,,R8,Recepción Mercadería Líquida,VALIDO,DEDUCIDO,2026-07-01T05:48:02.943355-03:00,2026-07-01T10:01:27.484495-03:00,253.41,,,,,,4
cfa12750-0d18-46bb-af6a-5547d4cd4f4d,,R7,Ricardone → San Lorenzo,VALIDO,,2026-07-01T05:51:17.911105-03:00,2026-07-01T14:06:46.181047-03:00,495.47,200.76,10.73,283.98,MIXTO,R7_MIXTO,6
7b185c5e-b8f3-4e6a-ab9f-67e349059286__cycle_4,,R7,Ricardone → San Lorenzo,VALIDO,COMPLETO,2026-07-01T06:01:12.929719-03:00,2026-07-01T11:25:08.631043-03:00,323.93,323.93,0.00,0.00,MIXTO,R7_MIXTO,4
3890f6cd-fc3d-42f9-b35e-f1e172cdbc2e__cycle_2,,R8,Recepción Mercadería Líquida,VALIDO,DEDUCIDO,2026-07-01T06:04:28.46266-03:00,2026-07-01T17:43:13.461544-03:00,698.75,,,,,,17
6195ad6a-9366-41bd-ad73-b73daac59757,,R7,Ricardone → San Lorenzo,VALIDO,,2026-07-01T06:16:27.903196-03:00,2026-07-01T14:07:11.148591-03:00,470.72,180.68,10.98,279.06,MIXTO,R7_MIXTO,6
26af5124-da09-48f3-837c-c16a2da60f1b__cycle_2,,R7,Ricardone → San Lorenzo,VALIDO,DEDUCIDO,2026-07-01T06:17:07.941085-03:00,2026-07-01T09:18:33.703571-03:00,181.43,181.43,0.00,0.00,MIXTO,R7_MIXTO,3
153bc543-5b39-4f2b-9ce3-7a6cc5d7fc6e,,R7,Ricardone → San Lorenzo,VALIDO,DEDUCIDO,2026-07-01T06:36:38.108223-03:00,2026-07-01T09:25:48.69821-03:00,169.18,169.18,0.00,0.00,MIXTO,R7_MIXTO,3
ea35c3bc-6f36-4f97-ab0a-3d85a34d0d51__cycle_2,,R8,Recepción Mercadería Líquida,VALIDO,DEDUCIDO,2026-07-01T06:47:57.938638-03:00,2026-07-01T18:47:36.608474-03:00,719.64,,,,,,13
cc319db4-d8aa-4e03-8b4c-01707d50bda8__cycle_3,,R7,Ricardone → San Lorenzo,VALIDO,,2026-07-01T06:51:42.911831-03:00,2026-07-01T07:39:12.144817-03:00,47.49,21.18,10.40,15.91,MIXTO,R7_MIXTO,6
01b734ea-5b79-4d06-9411-aecc018dcdad,,R7,Ricardone → San Lorenzo,VALIDO,,2026-07-01T06:52:57.973643-03:00,2026-07-01T15:39:56.410143-03:00,526.97,0.00,0.00,240.73,MIXTO,R7_MIXTO,5
a5504065-1edf-48c6-8678-14dc94920695,,R7,Ricardone → San Lorenzo,VALIDO,,2026-07-01T06:54:53.007624-03:00,2026-07-01T14:19:56.165186-03:00,445.05,152.43,13.56,279.06,MIXTO,R7_MIXTO,6
d225f63f-a8d5-4662-a1fc-8bc8caa67629,,R7,Ricardone → San Lorenzo,VALIDO,,2026-07-01T06:59:18.180544-03:00,2026-07-01T14:34:26.158916-03:00,455.13,149.09,13.56,292.48,MIXTO,R7_MIXTO,6
6d5352b3-c523-40f9-beea-cd383ef9c03f__cycle_2,,R7,Ricardone → San Lorenzo,VALIDO,,2026-07-01T07:05:59.793103-03:00,2026-07-01T14:38:56.171498-03:00,452.94,144.98,12.90,295.06,MIXTO,R7_MIXTO,6
15e5fefa-c755-4182-b107-970c4067e3d2,,R7,Ricardone → San Lorenzo,VALIDO,,2026-07-01T07:06:48.026638-03:00,2026-07-01T07:18:13.662506-03:00,11.43,11.43,0.00,0.00,MIXTO,R7_MIXTO,2
28edf40c-2d7e-42b6-a02b-98133936104c__cycle_2,,R7,Ricardone → San Lorenzo,VALIDO,,2026-07-01T07:09:12.939504-03:00,2026-07-01T14:42:51.223643-03:00,453.64,142.35,13.73,297.56,MIXTO,R7_MIXTO,7
9e284c13-4b14-4530-b005-98e4ffaa5ae8__cycle_2,,R7,Ricardone → San Lorenzo,VALIDO,,2026-07-01T07:09:27.908916-03:00,2026-07-01T14:43:56.272506-03:00,454.47,142.43,14.23,297.81,MIXTO,R7_MIXTO,6
2441af95-2dd0-4f29-8c48-e59d062dbd3a,,R7,Ricardone → San Lorenzo,VALIDO,DEDUCIDO,2026-07-01T07:11:03.091506-03:00,2026-07-01T09:28:43.700158-03:00,137.68,137.68,0.00,0.00,MIXTO,R7_MIXTO,3
8089b389-1b6c-469c-9a10-5f4deeab87f9__cycle_8,,R8,Recepción Mercadería Líquida,VALIDO,DEDUCIDO,2026-07-01T07:19:07.974168-03:00,2026-07-01T08:19:45.737084-03:00,60.63,,,,,,4
f988a800-2893-445f-abcb-5a70c8a188c0__cycle_3,,R7,Ricardone → San Lorenzo,VALIDO,DEDUCIDO,2026-07-01T07:25:38.05662-03:00,2026-07-01T07:35:28.67935-03:00,9.84,9.84,0.00,0.00,MIXTO,R7_MIXTO,3
6b73d29f-6440-4ff2-97cf-7c24f7fd21f0,,R7,Ricardone → San Lorenzo,VALIDO,,2026-07-01T07:31:52.978433-03:00,2026-07-01T14:19:01.131292-03:00,407.14,237.51,12.73,156.89,MIXTO,R7_MIXTO,7
38ee44e0-554f-4ef3-9f8a-9ee7b4af9eaa__cycle_3,,R7,Ricardone → San Lorenzo,VALIDO,,2026-07-01T07:35:17.897747-03:00,2026-07-01T07:43:28.647953-03:00,8.18,8.18,0.00,0.00,MIXTO,R7_MIXTO,2
bdb8345c-975d-4186-8885-1801bbc6abb5,,R7,Ricardone → San Lorenzo,VALIDO,,2026-07-01T07:38:12.884764-03:00,2026-07-01T14:48:31.271439-03:00,430.31,122.85,14.65,292.81,MIXTO,R7_MIXTO,6
59460c2d-2ae1-49c2-af65-359c837214bd__cycle_9,,R8,Recepción Mercadería Líquida,VALIDO,DEDUCIDO,2026-07-01T07:39:12.919348-03:00,2026-07-01T14:41:47.236613-03:00,422.57,,,,,,6
f53d4eeb-6ba3-4a11-a86f-5eeee56ce98d,,R7,Ricardone → San Lorenzo,VALIDO,,2026-07-01T07:41:12.921965-03:00,2026-07-01T15:03:06.366618-03:00,441.89,128.76,13.23,299.90,MIXTO,R7_MIXTO,6
974fddef-a2d3-453a-beb2-f8e47beac8d0,,R7,Ricardone → San Lorenzo,VALIDO,,2026-07-01T07:44:42.957603-03:00,2026-07-01T14:57:41.296407-03:00,432.97,121.35,13.98,297.64,MIXTO,R7_MIXTO,7
c1712e97-d851-45dc-a4dd-af22b082594d__cycle_2,,R7,Ricardone → San Lorenzo,VALIDO,DEDUCIDO,2026-07-01T07:46:17.894197-03:00,2026-07-01T07:54:03.691715-03:00,7.76,7.76,0.00,0.00,MIXTO,R7_MIXTO,3
e99aa0db-88df-4480-9fff-77ad20b8a6ae,,R1,Recepción Celda 16,VALIDO,DEDUCIDO,2026-07-01T07:46:42.92263-03:00,2026-07-01T10:05:26.578888-03:00,138.73,,,,,,8
015c4846-b840-4c8d-be85-84aa93401409,,R7,Ricardone → San Lorenzo,VALIDO,,2026-07-01T07:51:27.935253-03:00,2026-07-01T15:11:41.300467-03:00,440.22,136.18,9.81,294.23,MIXTO,R7_MIXTO,6
6ed8a3de-c7a0-4440-85f9-0803f43d856c,,R7,Ricardone → San Lorenzo,VALIDO,DEDUCIDO,2026-07-01T07:51:57.97975-03:00,2026-07-01T10:01:58.712999-03:00,130.01,130.01,0.00,0.00,MIXTO,R7_MIXTO,3
9f33666b-8c20-41fb-9e5f-f22cbc3e09ae,,RS_REC,Recepción sólida inferida (sin cámara destino),VALIDO,DEDUCIDO,2026-07-01T07:53:02.888286-03:00,2026-07-01T10:00:38.734604-03:00,127.60,,,,,,5
aa254849-3bde-4c19-806b-eda659f996a1,,R7,Ricardone → San Lorenzo,VALIDO,,2026-07-01T08:01:12.944801-03:00,2026-07-01T14:59:36.382296-03:00,418.39,115.60,10.23,292.57,MIXTO,R7_MIXTO,6
275a85db-2ae7-4541-90e0-a9fc7c3a863a__cycle_1,,R8,Recepción Mercadería Líquida,VALIDO,DEDUCIDO,2026-07-01T08:05:26.705469-03:00,2026-07-01T19:41:16.690726-03:00,695.83,,,,,,11
56cfe60d-c258-4416-b0a0-985a0978f088__cycle_2,,R8,Recepción Mercadería Líquida,VALIDO,DEDUCIDO,2026-07-01T08:06:36.705881-03:00,2026-07-01T20:13:01.747314-03:00,726.42,,,,,,12
cbb43c9e-6dec-4679-bd12-5380be528662,,R7,Ricardone → San Lorenzo,VALIDO,,2026-07-01T08:09:09.32815-03:00,2026-07-01T15:07:26.266843-03:00,418.28,113.41,12.23,292.65,MIXTO,R7_MIXTO,7
75c7e7e2-f56a-4478-b44f-d9e383d74e97__cycle_1,,R7,Ricardone → San Lorenzo,VALIDO,,2026-07-01T08:10:32.913687-03:00,2026-07-01T14:32:17.880696-03:00,381.75,114.85,11.06,255.84,MIXTO,R7_MIXTO,6
b0596381-8b00-4cab-8f83-a6d2bb20498a,,R1,Recepción Celda 16,VALIDO,DEDUCIDO,2026-07-01T08:14:02.939819-03:00,2026-07-01T10:19:01.576147-03:00,124.98,,,,,,7
bf8e1007-83a8-4b07-b594-7eeadd345742__cycle_2,,R7,Ricardone → San Lorenzo,VALIDO,,2026-07-01T08:14:32.954338-03:00,2026-07-01T16:05:36.403491-03:00,471.06,191.84,11.98,267.23,MIXTO,R7_MIXTO,6
f822b9e3-0fcb-4d70-b7e6-679698de2460,,R7,Ricardone → San Lorenzo,VALIDO,,2026-07-01T08:19:43.061722-03:00,2026-07-01T14:17:16.153381-03:00,357.55,188.93,12.73,155.89,MIXTO,R7_MIXTO,7
76ae1316-cd9d-4b91-bffa-a9ef1b7b750c,,R7,Ricardone → San Lorenzo,VALIDO,,2026-07-01T08:21:28.116544-03:00,2026-07-01T15:16:41.283728-03:00,415.22,111.34,8.98,294.90,MIXTO,R7_MIXTO,7
299ca293-e892-4c6d-b482-2c01d50251a3,,R7,Ricardone → San Lorenzo,VALIDO,DEDUCIDO,2026-07-01T08:21:48.192097-03:00,2026-07-01T10:14:08.677863-03:00,112.34,112.34,0.00,0.00,MIXTO,R7_MIXTO,3
a2bd5d0c-81fb-476b-88d9-a282237130b9__cycle_4,,R7,Ricardone → San Lorenzo,VALIDO,COMPLETO,2026-07-01T08:32:27.899311-03:00,2026-07-01T13:15:28.655313-03:00,283.01,283.01,0.00,0.00,MIXTO,R7_MIXTO,4
a2265ed2-cc07-4d62-bfc9-c9c054046622__cycle_2,,R5,Recepción Volcable 1,VALIDO,DEDUCIDO,2026-07-01T08:33:12.896178-03:00,2026-07-01T13:12:16.557436-03:00,279.06,,,,,,4
1d294a06-79d4-4aa9-a650-ba933d777465,,R7,Ricardone → San Lorenzo,VALIDO,,2026-07-01T08:34:04.81266-03:00,2026-07-01T16:32:51.363013-03:00,478.78,241.40,11.06,226.31,MIXTO,R7_MIXTO,8
0a7fc1fc-b6c9-4218-b257-9979d8d0863f,,R7,Ricardone → San Lorenzo,VALIDO,DEDUCIDO,2026-07-01T08:37:37.90897-03:00,2026-07-01T08:47:58.673498-03:00,10.35,10.35,0.00,0.00,MIXTO,R7_MIXTO,3
c2e2b177-9864-417c-b5f8-23b1a89f06b5,,R5,Recepción Volcable 1,VALIDO,DEDUCIDO,2026-07-01T08:39:22.98585-03:00,2026-07-01T14:08:16.563667-03:00,328.89,,,,,,5
26fd0f8e-8210-46f8-aecc-231cef0c8a04__cycle_3,,R8,Recepción Mercadería Líquida,VALIDO,DEDUCIDO,2026-07-01T08:40:37.63669-03:00,2026-07-01T18:08:57.445651-03:00,568.33,,,,,,15
99407e2f-3abe-4cc8-82bd-aef41fc52db9,,R7,Ricardone → San Lorenzo,VALIDO,DEDUCIDO,2026-07-01T08:41:02.890667-03:00,2026-07-01T08:53:23.682633-03:00,12.35,12.35,0.00,0.00,MIXTO,R7_MIXTO,3
66b899fb-63b7-4700-99a1-90d94a2d8c6e,,R7,Ricardone → San Lorenzo,VALIDO,DEDUCIDO,2026-07-01T08:41:17.959328-03:00,2026-07-01T08:53:43.708872-03:00,12.43,12.43,0.00,0.00,MIXTO,R7_MIXTO,3
f4149eda-0b02-44da-afcc-6d859b6730bb__cycle_1,,R5,Recepción Volcable 1,VALIDO,DEDUCIDO,2026-07-01T08:41:45.467923-03:00,2026-07-01T10:56:11.701343-03:00,134.44,,,,,,3
160697ca-19ef-4bff-a65e-b337591a9624,,R7,Ricardone → San Lorenzo,VALIDO,,2026-07-01T08:42:47.942885-03:00,2026-07-01T14:39:51.148429-03:00,357.05,235.60,10.73,110.73,MIXTO,R7_MIXTO,7
2fb2b30a-d05d-48e1-a07c-8573e2a0b949,,R7,Ricardone → San Lorenzo,VALIDO,DEDUCIDO,2026-07-01T08:48:07.954806-03:00,2026-07-01T08:59:43.687699-03:00,11.60,11.60,0.00,0.00,MIXTO,R7_MIXTO,3
1d648564-5341-4ea1-81f8-7468721695a7__cycle_2,,R8,Recepción Mercadería Líquida,VALIDO,DEDUCIDO,2026-07-01T08:49:26.501199-03:00,2026-07-01T21:24:37.708608-03:00,755.19,,,,,,14
ba8389d3-ca36-430c-96e1-c9e12d14fe75__cycle_2,,R7,Ricardone → San Lorenzo,VALIDO,COMPLETO,2026-07-01T08:52:17.953726-03:00,2026-07-01T14:27:38.721971-03:00,335.35,335.35,0.00,0.00,MIXTO,R7_MIXTO,4
7823bf64-c06f-411f-a248-2d37eee4a6e9,,R7,Ricardone → San Lorenzo,VALIDO,,2026-07-01T08:52:57.879793-03:00,2026-07-01T16:37:51.416666-03:00,464.89,230.01,12.23,222.65,MIXTO,R7_MIXTO,7
50370830-3ffd-4a24-a372-6ced238a2ed9,,R7,Ricardone → San Lorenzo,VALIDO,DEDUCIDO,2026-07-01T08:59:34.997796-03:00,2026-07-01T13:17:13.752853-03:00,257.65,257.65,0.00,0.00,MIXTO,R7_MIXTO,3
d3b70f9d-581c-4426-ba8f-893916dd977c,,R7,Ricardone → San Lorenzo,VALIDO,COMPLETO,2026-07-01T08:59:47.935633-03:00,2026-07-01T10:27:53.69995-03:00,88.10,88.10,0.00,0.00,MIXTO,R7_MIXTO,5
57442a5e-43a5-4ca0-8bcf-030642829225__cycle_3,,R7,Ricardone → San Lorenzo,VALIDO,DEDUCIDO,2026-07-01T09:02:12.904689-03:00,2026-07-01T09:09:38.670406-03:00,7.43,7.43,0.00,0.00,MIXTO,R7_MIXTO,3
74185d39-f1ef-4997-9468-232ce85abd0e,,R7,Ricardone → San Lorenzo,VALIDO,,2026-07-01T09:05:08.230561-03:00,2026-07-01T15:34:46.27673-03:00,389.63,90.18,10.06,289.40,MIXTO,R7_MIXTO,6
c29bb8cf-9f7b-4141-83a1-0c0679417934__cycle_5,,R5,Recepción Volcable 1,VALIDO,DEDUCIDO,2026-07-01T09:11:06.627989-03:00,2026-07-01T14:03:30.805672-03:00,292.40,,,,,,3
fdcef5bb-32da-42be-911a-0e8497d235ce,,R7,Ricardone → San Lorenzo,VALIDO,,2026-07-01T09:15:43.003856-03:00,2026-07-01T15:42:01.286628-03:00,386.30,86.10,9.40,290.81,MIXTO,R7_MIXTO,6
00c38949-6621-4eeb-bb88-95c1c3caf5dd,,R7,Ricardone → San Lorenzo,VALIDO,COMPLETO,2026-07-01T09:16:32.979124-03:00,2026-07-01T11:04:23.597031-03:00,107.84,107.84,0.00,0.00,MIXTO,R7_MIXTO,5
8e0d9da0-502e-436a-adef-f09b889de513,,R7,Ricardone → San Lorenzo,VALIDO,,2026-07-01T09:19:02.936708-03:00,2026-07-01T15:42:56.255354-03:00,383.89,78.35,8.73,296.81,MIXTO,R7_MIXTO,7
aa114c09-cc11-4210-b829-cfa77f67893f__cycle_2,,R8,Recepción Mercadería Líquida,VALIDO,DEDUCIDO,2026-07-01T09:28:32.896721-03:00,2026-07-01T22:17:12.42101-03:00,768.66,,,,,,17
4a0a58fe-f15e-4c7a-a2a2-f37cde53c7fe__cycle_2,,R7,Ricardone → San Lorenzo,VALIDO,,2026-07-01T09:31:07.99396-03:00,2026-07-01T15:36:26.347983-03:00,365.31,74.01,10.23,281.06,MIXTO,R7_MIXTO,7
c385fe00-f24a-490d-a437-682525a161db__cycle_2,,R8,Recepción Mercadería Líquida,VALIDO,DEDUCIDO,2026-07-01T09:33:17.571229-03:00,2026-07-01T17:23:06.531471-03:00,469.82,,,,,,9
030efc7f-a1d8-4e06-b53e-cdf0be104b01__cycle_3,,R7,Ricardone → San Lorenzo,VALIDO,,2026-07-01T09:36:52.907677-03:00,2026-07-01T16:48:16.373661-03:00,431.39,222.85,8.98,199.56,MIXTO,R7_MIXTO,6
cfda8d8b-3fd0-48e9-8be3-3f6bebd67fd7,,R7,Ricardone → San Lorenzo,VALIDO,,2026-07-01T09:40:42.923061-03:00,2026-07-01T15:39:56.380315-03:00,359.22,73.85,10.65,274.73,MIXTO,R7_MIXTO,6
6e9c8d2f-ad39-4538-b52e-690212c8e9d4__cycle_2,,R8,Recepción Mercadería Líquida,VALIDO,DEDUCIDO,2026-07-01T09:42:20.874652-03:00,2026-07-01T20:53:27.692787-03:00,671.11,,,,,,15
95c922ba-7f0b-4643-901b-5a8261ba6522__cycle_2,,R8,Recepción Mercadería Líquida,VALIDO,DEDUCIDO,2026-07-01T09:46:22.898649-03:00,2026-07-01T20:25:06.79436-03:00,638.73,,,,,,14
f1cdae12-9680-43e4-8bb1-84160d31c497,,R7,Ricardone → San Lorenzo,VALIDO,DEDUCIDO,2026-07-01T09:47:42.982766-03:00,2026-07-01T10:55:03.739808-03:00,67.35,67.35,0.00,0.00,MIXTO,R7_MIXTO,3
8d5a2dd4-1a6d-4506-9deb-bb7f87033d4f,,R7,Ricardone → San Lorenzo,VALIDO,,2026-07-01T09:54:12.939437-03:00,2026-07-01T15:50:41.283113-03:00,356.47,75.18,9.40,271.90,MIXTO,R7_MIXTO,6
cc970807-e9fe-4359-a30a-87e75b4715ae,,R7,Ricardone → San Lorenzo,VALIDO,,2026-07-01T09:55:17.941353-03:00,2026-07-01T16:44:11.383897-03:00,408.89,168.68,13.07,227.15,MIXTO,R7_MIXTO,7
0f1bcd8a-bcea-43c3-9c89-c7b419549e01__cycle_1,,R7,Ricardone → San Lorenzo,VALIDO,,2026-07-01T10:04:58.072578-03:00,2026-07-01T15:48:16.269975-03:00,343.30,59.93,15.23,268.15,MIXTO,R7_MIXTO,6
adc35917-b36f-438a-9aa5-7b791978297e__cycle_2,,R8,Recepción Mercadería Líquida,VALIDO,DEDUCIDO,2026-07-01T10:11:57.880821-03:00,2026-07-01T21:00:46.727187-03:00,648.81,,,,,,14
34b473f0-193e-40b4-abdf-3a78772a2f38__cycle_1,,R8,Recepción Mercadería Líquida,VALIDO,DEDUCIDO,2026-07-01T10:12:07.538398-03:00,2026-07-01T17:14:34.21581-03:00,422.44,,,,,,14
2f438d1a-e1ea-4c85-a189-d1e5e3020cf4,,R7,Ricardone → San Lorenzo,VALIDO,COMPLETO,2026-07-01T10:14:32.944443-03:00,2026-07-01T14:28:33.743979-03:00,254.01,254.01,0.00,0.00,MIXTO,R7_MIXTO,4
4b74c5ad-7549-4820-818d-0b3dcf52d1cf,,R7,Ricardone → San Lorenzo,VALIDO,,2026-07-01T10:19:37.907449-03:00,2026-07-01T16:10:56.365401-03:00,351.31,67.76,12.56,270.98,MIXTO,R7_MIXTO,7
2f9e0eb0-caa6-48d2-8923-3f1510a5fa42,,R7,Ricardone → San Lorenzo,VALIDO,,2026-07-01T10:26:37.910295-03:00,2026-07-01T16:08:01.378374-03:00,341.39,61.35,12.73,267.31,MIXTO,R7_MIXTO,7
4570159f-02c2-49a3-9458-4474945b8655__cycle_2,,R1,Recepción Celda 16,VALIDO,DEDUCIDO,2026-07-01T10:29:13.019548-03:00,2026-07-01T10:59:26.619788-03:00,30.23,,,,,,3
4dbb1ae9-8834-4aa0-ab05-0aea857b8560,,R7,Ricardone → San Lorenzo,VALIDO,DEDUCIDO,2026-07-01T10:30:08.038063-03:00,2026-07-01T11:39:28.641504-03:00,69.34,69.34,0.00,0.00,MIXTO,R7_MIXTO,3
a074bd77-2020-4c38-9ccc-96c0c2357b2f__cycle_2,,R5,Recepción Volcable 1,VALIDO,DEDUCIDO,2026-07-01T10:32:02.877216-03:00,2026-07-01T14:20:56.634123-03:00,228.90,,,,,,5
9ec5095f-8eda-42ce-8471-1f6518ec6c65,,R7,Ricardone → San Lorenzo,VALIDO,,2026-07-01T10:34:09.305773-03:00,2026-07-01T16:19:21.390249-03:00,345.20,62.49,8.23,274.48,MIXTO,R7_MIXTO,7
e9137d8b-3d3b-4223-941d-1eabbc65563a,,R7,Ricardone → San Lorenzo,VALIDO,DEDUCIDO,2026-07-01T10:38:07.951716-03:00,2026-07-01T11:45:48.659688-03:00,67.68,67.68,0.00,0.00,MIXTO,R7_MIXTO,3
bb688aee-0d75-4433-8f52-790b3471d7c2,,R7,Ricardone → San Lorenzo,VALIDO,,2026-07-01T10:43:02.948408-03:00,2026-07-01T16:14:56.358562-03:00,331.89,77.10,9.40,245.40,MIXTO,R7_MIXTO,6
d0efa704-421c-4df0-aba3-6c27763b232a__cycle_3,,R7,Ricardone → San Lorenzo,VALIDO,,2026-07-01T10:43:27.899695-03:00,2026-07-01T16:22:41.392537-03:00,339.22,83.76,10.23,245.23,MIXTO,R7_MIXTO,7
8419da6e-23e0-476e-b66f-adeebf25648b,,R7,Ricardone → San Lorenzo,VALIDO,,2026-07-01T10:46:17.925511-03:00,2026-07-01T15:31:16.264669-03:00,284.97,223.93,12.65,48.40,MIXTO,R7_MIXTO,7
87f28455-64fe-4788-bbad-cc69eb71514b,,R7,Ricardone → San Lorenzo,VALIDO,COMPLETO,2026-07-01T10:52:32.925658-03:00,2026-07-01T12:19:22.574343-03:00,86.83,76.01,10.82,0.00,MIXTO,R7_MIXTO,5
3d94e185-35ba-4ce9-81da-16ee2b7a7c41,,R7,Ricardone → San Lorenzo,VALIDO,,2026-07-01T10:57:32.967199-03:00,2026-07-01T16:26:26.392252-03:00,328.89,81.34,9.48,238.06,MIXTO,R7_MIXTO,6
ee23d7e0-3abd-456f-a07b-dc7f21dceba5,,R7,Ricardone → San Lorenzo,VALIDO,,2026-07-01T11:02:27.994018-03:00,2026-07-01T16:40:11.404935-03:00,337.72,68.01,10.98,258.73,MIXTO,R7_MIXTO,7
51981355-2e79-4948-94b6-f4c5dcf1f8dd__cycle_2,,R7,Ricardone → San Lorenzo,VALIDO,,2026-07-01T11:12:29.62454-03:00,2026-07-01T16:40:46.782038-03:00,328.29,66.98,12.15,249.15,MIXTO,R7_MIXTO,6
04656d06-6aa5-4eb2-97da-6082c6aff76b__cycle_1,,R7,Ricardone → San Lorenzo,VALIDO,,2026-07-01T11:12:47.876357-03:00,2026-07-01T16:57:36.377275-03:00,344.81,132.26,9.65,202.90,MIXTO,R7_MIXTO,6
c683c531-6c88-4f25-83f1-c0d93585eaa2,,R7,Ricardone → San Lorenzo,VALIDO,DEDUCIDO,2026-07-01T11:16:38.100933-03:00,2026-07-01T17:08:43.660988-03:00,352.09,352.09,0.00,0.00,MIXTO,R7_MIXTO,3
681d383b-bb6f-4df8-8fee-8e44efdeae51__cycle_1,,R7,Ricardone → San Lorenzo,VALIDO,,2026-07-01T11:17:22.933557-03:00,2026-07-01T16:57:16.372553-03:00,339.89,133.43,8.56,197.90,MIXTO,R7_MIXTO,6
f3646e63-f640-4f5d-8530-4312065f2b43__cycle_2,,R7,Ricardone → San Lorenzo,VALIDO,,2026-07-01T11:20:13.063758-03:00,2026-07-01T17:18:46.504315-03:00,358.56,133.43,9.06,216.07,MIXTO,R7_MIXTO,7
5a608b63-c997-4b5a-9c65-4fb73810f893,,R7,Ricardone → San Lorenzo,VALIDO,COMPLETO,2026-07-01T11:20:22.864023-03:00,2026-07-01T14:56:58.737147-03:00,216.60,216.60,0.00,0.00,MIXTO,R7_MIXTO,5
ac1c9dda-6db3-49aa-b023-ee098d61761c,,R7,Ricardone → San Lorenzo,VALIDO,COMPLETO,2026-07-01T11:20:52.883455-03:00,2026-07-01T17:05:43.678782-03:00,344.85,344.85,0.00,0.00,MIXTO,R7_MIXTO,4
ecc6228d-cce0-44f5-a4b7-f76d1865865f,,R7,Ricardone → San Lorenzo,VALIDO,COMPLETO,2026-07-01T11:21:17.965081-03:00,2026-07-01T17:06:13.713063-03:00,344.93,344.93,0.00,0.00,MIXTO,R7_MIXTO,4
9b4f3945-5793-40e9-a8f1-68cea65bbd9c__cycle_2,,R7,Ricardone → San Lorenzo,VALIDO,DEDUCIDO,2026-07-01T11:21:32.866062-03:00,2026-07-01T11:31:53.944743-03:00,10.35,10.35,0.00,0.00,MIXTO,R7_MIXTO,3
32d757c4-8364-454a-94c1-146765952390,,R7,Ricardone → San Lorenzo,VALIDO,,2026-07-01T11:25:18.009072-03:00,2026-07-01T17:09:48.634989-03:00,344.51,344.51,0.00,0.00,MIXTO,R7_MIXTO,2
b5dac3b9-0985-4784-b7a9-fa439d330478__cycle_1,,R8,Recepción Mercadería Líquida,VALIDO,DEDUCIDO,2026-07-01T11:28:02.930513-03:00,2026-07-01T16:49:25.777247-03:00,321.38,,,,,,10
a2459242-0bea-4e77-94d0-54411b7245f2,,R7,Ricardone → San Lorenzo,VALIDO,,2026-07-01T11:32:38.840268-03:00,2026-07-01T17:00:06.445515-03:00,327.46,123.33,12.23,191.90,MIXTO,R7_MIXTO,7
8b8f3f83-d44e-451d-99b8-7ec24bfb5bdf,,R7,Ricardone → San Lorenzo,VALIDO,COMPLETO,2026-07-01T11:41:32.96174-03:00,2026-07-01T17:10:38.725975-03:00,329.10,329.10,0.00,0.00,MIXTO,R7_MIXTO,4
e5aee4c7-7665-463f-8c69-bf6d364a894d,,R7,Ricardone → San Lorenzo,VALIDO,COMPLETO,2026-07-01T11:44:22.968081-03:00,2026-07-01T17:25:58.659507-03:00,341.59,341.59,0.00,0.00,MIXTO,R7_MIXTO,4
dcfa4bb7-c918-4b27-80f8-996091b7718b__cycle_2,,R7,Ricardone → San Lorenzo,VALIDO,,2026-07-01T11:54:17.983996-03:00,2026-07-01T17:00:36.597689-03:00,306.31,118.43,7.73,180.15,MIXTO,R7_MIXTO,6
e6ee35fb-6baa-4283-9b85-b5eae29ebb8d,,R7,Ricardone → San Lorenzo,VALIDO,COMPLETO,2026-07-01T11:55:47.995354-03:00,2026-07-01T14:36:53.753581-03:00,161.10,161.10,0.00,0.00,MIXTO,R7_MIXTO,5
99cc4025-2d51-40be-b355-0515e89059c4__cycle_2,,R7,Ricardone → San Lorenzo,VALIDO,,2026-07-01T11:57:17.947015-03:00,2026-07-01T17:02:46.376966-03:00,305.47,125.60,10.98,168.90,MIXTO,R7_MIXTO,6
5295c860-78e4-4e05-b6b9-b07d1769329a__cycle_1,,R8,Recepción Mercadería Líquida,VALIDO,DEDUCIDO,2026-07-01T12:07:12.924974-03:00,2026-07-01T20:53:47.402723-03:00,526.57,,,,,,11
0c18fb19-f62a-4168-b62d-1033989d8ab2__cycle_2,,R7,Ricardone → San Lorenzo,VALIDO,COMPLETO,2026-07-01T12:08:47.874819-03:00,2026-07-01T14:37:18.717267-03:00,148.51,148.51,0.00,0.00,MIXTO,R7_MIXTO,5
0dd768e2-ed6c-45e1-af82-b175cc804edf__cycle_2,,R7,Ricardone → San Lorenzo,VALIDO,,2026-07-01T12:10:17.880704-03:00,2026-07-01T17:05:06.389557-03:00,294.81,109.68,11.31,173.82,MIXTO,R7_MIXTO,6
8d8f3a8f-ca2e-4e58-9cb2-42ce8eb43db2,,R7,Ricardone → San Lorenzo,VALIDO,,2026-07-01T12:13:02.957287-03:00,2026-07-01T17:13:01.419604-03:00,299.97,120.52,12.30,167.15,MIXTO,R7_MIXTO,6
86c9d7da-8b36-4d61-b5ff-9944a5771f4c,,R7,Ricardone → San Lorenzo,VALIDO,COMPLETO,2026-07-01T12:18:18.02529-03:00,2026-07-01T17:11:38.670808-03:00,293.34,293.34,0.00,0.00,MIXTO,R7_MIXTO,4
ca5369fa-69a7-4ddc-be2f-16b4d6464a06,,R7,Ricardone → San Lorenzo,VALIDO,COMPLETO,2026-07-01T12:19:57.971285-03:00,2026-07-01T17:18:39.499911-03:00,298.69,298.69,0.00,0.00,MIXTO,R7_MIXTO,5
3ca9dc95-c8f9-4bea-a0b6-772e0022b5ef__cycle_2,,R7,Ricardone → San Lorenzo,VALIDO,COMPLETO,2026-07-01T12:20:17.887449-03:00,2026-07-01T17:12:43.667211-03:00,292.43,292.43,0.00,0.00,MIXTO,R7_MIXTO,4
c0ecc253-f9e2-48a1-b1c5-d4c2b181e262,,R5,Recepción Volcable 1,VALIDO,DEDUCIDO,2026-07-01T12:20:27.99131-03:00,2026-07-01T15:16:06.938635-03:00,175.65,,,,,,5
6036976f-a442-4b18-a27f-71f3d8059776,,R7,Ricardone → San Lorenzo,VALIDO,,2026-07-01T12:21:02.893679-03:00,2026-07-01T17:10:26.438585-03:00,289.39,118.93,8.90,161.57,MIXTO,R7_MIXTO,8
46b5963c-479b-4653-8a3f-8916d593d10e,,R7,Ricardone → San Lorenzo,VALIDO,DEDUCIDO,2026-07-01T12:31:27.953685-03:00,2026-07-01T17:30:58.674751-03:00,299.51,299.51,0.00,0.00,MIXTO,R7_MIXTO,3
399a25d2-5380-4a80-92a1-7418baa9929a__cycle_2,,R7,Ricardone → San Lorenzo,VALIDO,,2026-07-01T12:33:02.879776-03:00,2026-07-01T17:20:21.487888-03:00,287.31,108.60,9.06,169.65,MIXTO,R7_MIXTO,7
d3a3ef8c-2d1c-45d3-a836-a0da413bd0ae__cycle_2,,R7,Ricardone → San Lorenzo,VALIDO,COMPLETO,2026-07-01T12:34:17.895691-03:00,2026-07-01T17:31:47.429225-03:00,297.49,282.77,14.72,0.00,MIXTO,R7_MIXTO,5
8fc42704-8a22-4c67-84cf-fb3f7c921f6e,,R7,Ricardone → San Lorenzo,VALIDO,COMPLETO,2026-07-01T12:35:57.938058-03:00,2026-07-01T17:30:17.43848-03:00,294.32,278.51,15.81,0.00,MIXTO,R7_MIXTO,5
c4a26b1a-9532-414b-9fb5-d22102d1419e__cycle_2,,R8,Recepción Mercadería Líquida,VALIDO,DEDUCIDO,2026-07-01T12:36:17.567496-03:00,2026-07-01T23:08:42.43453-03:00,632.41,,,,,,14
dacf550a-356e-4efe-87c6-8dda5456ba53__cycle_3,,R7,Ricardone → San Lorenzo,VALIDO,,2026-07-01T12:36:28.067574-03:00,2026-07-01T17:15:56.401128-03:00,279.47,110.59,12.90,155.98,MIXTO,R7_MIXTO,6
544d444b-e4c0-44ae-82aa-ba2b0ee8a852,,R7,Ricardone → San Lorenzo,VALIDO,COMPLETO,2026-07-01T12:46:27.945829-03:00,2026-07-01T17:17:33.649943-03:00,271.10,271.10,0.00,0.00,MIXTO,R7_MIXTO,5
26003b0f-f163-4558-8939-c03da95cd97e__cycle_1,,R7,Ricardone → San Lorenzo,VALIDO,,2026-07-01T12:47:27.878085-03:00,2026-07-01T17:27:57.185572-03:00,280.49,116.10,10.81,153.58,MIXTO,R7_MIXTO,7
b6552867-8b9e-4a29-b380-4cf38284c197__cycle_2,,R8,Recepción Mercadería Líquida,VALIDO,DEDUCIDO,2026-07-01T12:48:27.955995-03:00,2026-07-01T21:02:42.421399-03:00,494.24,,,,,,12
779fafa2-d474-4993-949c-53c73e1fb648,,R7,Ricardone → San Lorenzo,VALIDO,,2026-07-01T12:53:32.879843-03:00,2026-07-01T17:19:43.666157-03:00,266.18,266.18,0.00,0.00,MIXTO,R7_MIXTO,2
76dfa31a-5bf3-450a-8566-f9fc71e8c8e7,,R7,Ricardone → San Lorenzo,VALIDO,,2026-07-01T12:57:27.933273-03:00,2026-07-01T17:37:16.503698-03:00,279.81,109.10,10.40,160.32,MIXTO,R7_MIXTO,6
1c89f060-7ddf-451f-b07d-7ba8591e70a3,,R7,Ricardone → San Lorenzo,VALIDO,DEDUCIDO,2026-07-01T12:58:22.879767-03:00,2026-07-01T13:09:48.638472-03:00,11.43,11.43,0.00,0.00,MIXTO,R7_MIXTO,3
43273331-84dc-4b21-a973-59360d06d444,,R7,Ricardone → San Lorenzo,VALIDO,COMPLETO,2026-07-01T12:58:44.256938-03:00,2026-07-01T17:34:22.478384-03:00,275.64,259.41,16.23,0.00,MIXTO,R7_MIXTO,5
32195a36-1f4a-4806-ab05-d7e605e71c47,,R7,Ricardone → San Lorenzo,VALIDO,,2026-07-01T13:00:07.954525-03:00,2026-07-01T17:27:36.470709-03:00,267.48,117.51,10.24,139.72,MIXTO,R7_MIXTO,6
14a42eab-8eff-4fc4-9c06-a2baa0bbc11d,,R7,Ricardone → San Lorenzo,VALIDO,,2026-07-01T13:01:42.950125-03:00,2026-07-01T17:48:36.510087-03:00,286.89,124.26,8.65,153.98,MIXTO,R7_MIXTO,8
6a12b90a-1147-4a1a-ba38-ae7912bc172f__cycle_3,,R8,Recepción Mercadería Líquida,VALIDO,DEDUCIDO,2026-07-01T13:02:13.383024-03:00,2026-07-01T21:33:17.421346-03:00,511.07,,,,,,7
0fb0e303-8da5-4ec1-9739-cbab53fc26d3,,R7,Ricardone → San Lorenzo,VALIDO,,2026-07-01T13:02:42.890731-03:00,2026-07-01T17:29:16.475621-03:00,266.56,119.68,8.40,138.48,MIXTO,R7_MIXTO,6
15bac9e9-698c-40c2-9e28-2e9e3e8afffc__cycle_2,,R6,Recepción Volcable 2,VALIDO,DEDUCIDO,2026-07-01T13:06:57.876275-03:00,2026-07-01T22:07:58.138132-03:00,541.00,,,,,,10
f53eccef-5610-4497-ac14-0de3a099cd4f,,R7,Ricardone → San Lorenzo,VALIDO,,2026-07-01T13:09:27.891393-03:00,2026-07-01T20:42:31.755548-03:00,453.06,250.93,17.98,184.16,MIXTO,R7_MIXTO,6
5a0f563f-bcd2-43fc-b61d-45caa75d7591__cycle_2,,R7,Ricardone → San Lorenzo,VALIDO,,2026-07-01T13:11:07.882971-03:00,2026-07-01T20:45:36.742253-03:00,454.48,249.76,18.48,186.24,MIXTO,R7_MIXTO,6
41bf8d53-8c94-4cee-9ef8-86464fe70d9b,,R7,Ricardone → San Lorenzo,VALIDO,DEDUCIDO,2026-07-01T13:12:32.893942-03:00,2026-07-01T13:18:58.704479-03:00,6.43,6.43,0.00,0.00,MIXTO,R7_MIXTO,3
3bdca2ba-deba-467f-ab2f-e6097fadbe56,,R7,Ricardone → San Lorenzo,VALIDO,,2026-07-01T13:13:08.158402-03:00,2026-07-01T17:35:41.481239-03:00,262.56,117.51,7.73,137.32,MIXTO,R7_MIXTO,7
30a6155d-bc21-4a3e-9201-e64100ceaef0,,R7,Ricardone → San Lorenzo,VALIDO,,2026-07-01T13:13:27.95186-03:00,2026-07-01T17:39:21.55496-03:00,265.89,114.10,9.42,142.38,MIXTO,R7_MIXTO,6
c0b83b17-1286-499c-8b69-48ac73724b96__cycle_1,,R7,Ricardone → San Lorenzo,VALIDO,,2026-07-01T13:17:52.988209-03:00,2026-07-01T17:52:36.473567-03:00,274.72,124.68,11.98,138.07,MIXTO,R7_MIXTO,7
f26fe167-0fbc-4514-b851-3744deef0c76__cycle_1,,R7,Ricardone → San Lorenzo,VALIDO,,2026-07-01T13:20:47.892089-03:00,2026-07-01T17:51:36.478478-03:00,270.81,112.93,9.41,148.47,MIXTO,R7_MIXTO,8
baac43ed-1a68-4706-a9e6-f548215f1257,,R7,Ricardone → San Lorenzo,VALIDO,,2026-07-01T13:21:07.950254-03:00,2026-07-01T20:53:21.738148-03:00,452.23,242.50,19.83,189.91,MIXTO,R7_MIXTO,6
e302d717-70fd-4062-b506-ac701e45327a,,R7,Ricardone → San Lorenzo,VALIDO,,2026-07-01T13:23:02.93938-03:00,2026-07-01T17:47:11.470848-03:00,264.14,115.09,9.73,139.32,MIXTO,R7_MIXTO,6
a208c642-4b99-42dd-a3d5-d30081ec8d8b,,R7,Ricardone → San Lorenzo,VALIDO,,2026-07-01T13:24:02.948939-03:00,2026-07-01T17:54:31.475858-03:00,270.48,119.01,12.40,139.07,MIXTO,R7_MIXTO,6
ecb702bc-e836-4f7f-966c-a5bbebf03ad9__cycle_2,,R7,Ricardone → San Lorenzo,VALIDO,COMPLETO,2026-07-01T13:28:22.988472-03:00,2026-07-01T15:36:07.514928-03:00,127.74,115.24,12.50,0.00,MIXTO,R7_MIXTO,5
77d275e3-9eac-44d5-97c6-ddeb3f99d131__cycle_2,,R7,Ricardone → San Lorenzo,VALIDO,,2026-07-01T13:29:02.897257-03:00,2026-07-01T18:01:16.549615-03:00,272.23,115.01,13.40,143.82,MIXTO,R7_MIXTO,6
7ddcd4a2-f710-4450-a515-a67bbf1ffc95__cycle_2,,R7,Ricardone → San Lorenzo,VALIDO,,2026-07-01T13:35:02.940731-03:00,2026-07-01T20:28:11.755067-03:00,413.15,226.35,18.65,168.15,MIXTO,R7_MIXTO,7
5b202d2e-9d9d-47ac-8cb0-39953895aa14__cycle_3,,R7,Ricardone → San Lorenzo,VALIDO,COMPLETO,2026-07-01T13:45:37.980272-03:00,2026-07-01T17:41:32.470499-03:00,235.91,216.60,19.31,0.00,MIXTO,R7_MIXTO,5
83464b63-c510-4f2b-b564-7050d9929f7d__cycle_2,,R7,Ricardone → San Lorenzo,VALIDO,,2026-07-01T13:46:32.905073-03:00,2026-07-01T20:46:16.747447-03:00,419.73,215.35,18.98,185.40,MIXTO,R7_MIXTO,8
69470d16-e427-4678-a230-15eac10da2b3,,R7,Ricardone → San Lorenzo,VALIDO,,2026-07-01T13:48:12.959716-03:00,2026-07-01T20:50:16.758002-03:00,422.06,214.52,19.48,188.07,MIXTO,R7_MIXTO,7
e89502cc-4d67-4958-9f10-d6a51193143a,,R7,Ricardone → San Lorenzo,VALIDO,,2026-07-01T13:48:57.948799-03:00,2026-07-01T18:13:36.475351-03:00,264.64,110.87,10.46,143.32,MIXTO,R7_MIXTO,7
f9900bb1-824b-44c0-a9d2-e68b5497e14d,,R7,Ricardone → San Lorenzo,VALIDO,,2026-07-01T13:49:07.957496-03:00,2026-07-01T20:48:11.758749-03:00,419.06,213.93,19.56,185.57,MIXTO,R7_MIXTO,7
ac09201a-19a3-47ad-aa4d-c56756a5785e__cycle_2,,R7,Ricardone → San Lorenzo,VALIDO,,2026-07-01T13:50:07.914533-03:00,2026-07-01T21:04:01.749606-03:00,433.90,214.01,20.06,199.82,MIXTO,R7_MIXTO,7
02f81fbd-0a56-470b-a872-e72551e3a62d,,R7,Ricardone → San Lorenzo,VALIDO,,2026-07-01T13:52:42.99102-03:00,2026-07-01T18:06:31.503771-03:00,253.81,108.84,12.06,132.90,MIXTO,R7_MIXTO,7
99f45c72-5044-400f-8b40-8192f3aa01ca,,R7,Ricardone → San Lorenzo,VALIDO,,2026-07-01T13:54:07.970644-03:00,2026-07-01T18:08:36.504814-03:00,254.48,110.18,11.40,132.90,MIXTO,R7_MIXTO,6
739725f9-4aa6-48f1-bf69-1aa636bed6e8,,R7,Ricardone → San Lorenzo,VALIDO,,2026-07-01T13:55:13.016888-03:00,2026-07-01T18:20:21.545193-03:00,265.14,111.51,11.06,142.57,MIXTO,R7_MIXTO,6
7e947a97-65d9-4fbb-a22c-1600283ff420,,R7,Ricardone → San Lorenzo,VALIDO,,2026-07-01T13:56:52.947632-03:00,2026-07-01T18:45:41.598279-03:00,288.81,118.34,11.40,159.07,MIXTO,R7_MIXTO,6
ea226ffc-75d3-4bfe-8023-cb249ab0bbae,,R7,Ricardone → San Lorenzo,VALIDO,,2026-07-01T13:57:38.103801-03:00,2026-07-01T18:37:41.564002-03:00,280.06,116.51,10.06,153.48,MIXTO,R7_MIXTO,7
8703d0b2-6d47-4c4a-9457-d83900e09476__cycle_1,,R7,Ricardone → San Lorenzo,VALIDO,,2026-07-01T13:58:32.914444-03:00,2026-07-01T18:09:56.494358-03:00,251.39,110.35,11.65,129.40,MIXTO,R7_MIXTO,7
1c29e4f3-ff7f-47ad-8de5-51a2378017b3,,R7,Ricardone → San Lorenzo,VALIDO,,2026-07-01T14:02:57.976765-03:00,2026-07-01T18:43:36.610335-03:00,280.64,113.01,11.23,156.40,MIXTO,R7_MIXTO,10
c32760c9-66c1-4f71-8004-1b77e2220de1__cycle_2,,R7,Ricardone → San Lorenzo,VALIDO,,2026-07-01T14:03:42.899888-03:00,2026-07-01T18:44:41.647642-03:00,280.98,113.51,11.73,155.74,MIXTO,R7_MIXTO,9
dafc53fa-a474-4b87-9a3c-2055b6f42f43__cycle_2,,R7,Ricardone → San Lorenzo,VALIDO,,2026-07-01T14:04:07.937492-03:00,2026-07-01T18:45:11.603819-03:00,281.06,114.51,13.81,152.74,MIXTO,R7_MIXTO,7
f14a908f-e26c-475f-985f-71c0ee09b8f5__cycle_3,,R7,Ricardone → San Lorenzo,VALIDO,DEDUCIDO,2026-07-01T14:04:32.999337-03:00,2026-07-01T14:11:18.791329-03:00,6.76,6.76,0.00,0.00,MIXTO,R7_MIXTO,3
2687c294-d504-47f9-99af-a4547d39e5ab__cycle_2,,R7,Ricardone → San Lorenzo,VALIDO,DEDUCIDO,2026-07-01T14:05:32.96614-03:00,2026-07-01T14:12:58.961674-03:00,7.43,7.43,0.00,0.00,MIXTO,R7_MIXTO,3
3c769a5b-4c1d-4b3e-aa98-0156d4fb6e46__cycle_3,,R7,Ricardone → San Lorenzo,VALIDO,DEDUCIDO,2026-07-01T14:05:48.246488-03:00,2026-07-01T14:14:08.698665-03:00,8.34,8.34,0.00,0.00,MIXTO,R7_MIXTO,3
6665483e-5215-4e3a-bafc-9eb534f56350__cycle_2,,R7,Ricardone → San Lorenzo,VALIDO,,2026-07-01T14:07:12.912029-03:00,2026-07-01T19:37:16.647123-03:00,330.06,112.01,14.15,203.90,MIXTO,R7_MIXTO,10
16a618a6-a583-4b25-8400-ecb796521889__cycle_2,,R7,Ricardone → San Lorenzo,VALIDO,,2026-07-01T14:07:32.944082-03:00,2026-07-01T19:40:56.631724-03:00,333.39,114.01,12.81,206.57,MIXTO,R7_MIXTO,6
87dbb574-57db-4282-9a7a-05be803f45f6,,R8,Recepción Mercadería Líquida,VALIDO,DEDUCIDO,2026-07-01T14:10:42.953037-03:00,2026-07-01T17:00:57.372207-03:00,170.24,,,,,,7
7c05a8fc-d673-4f0b-a9e3-cd0e888b823e__cycle_2,,R7,Ricardone → San Lorenzo,VALIDO,DEDUCIDO,2026-07-01T14:14:22.921353-03:00,2026-07-01T14:29:53.698089-03:00,15.51,15.51,0.00,0.00,MIXTO,R7_MIXTO,3
bb4ad9cc-337f-434e-a081-5fbf0ec57460__cycle_2,,R7,Ricardone → San Lorenzo,VALIDO,DEDUCIDO,2026-07-01T14:14:47.911305-03:00,2026-07-01T14:35:13.703214-03:00,20.43,20.43,0.00,0.00,MIXTO,R7_MIXTO,3
85570d72-dad6-4bd7-9284-b8c046c035f5,,R7,Ricardone → San Lorenzo,VALIDO,COMPLETO,2026-07-01T14:15:32.974201-03:00,2026-07-01T20:01:33.631585-03:00,346.01,346.01,0.00,0.00,MIXTO,R7_MIXTO,4
8e589650-44ba-495b-900e-be3ecf3b38dd,,R7,Ricardone → San Lorenzo,VALIDO,,2026-07-01T14:16:27.954324-03:00,2026-07-01T19:44:41.661418-03:00,328.23,145.85,10.65,171.74,MIXTO,R7_MIXTO,7
d09aa219-72d6-4bbe-b687-5e1b9c48071a,,R7,Ricardone → San Lorenzo,VALIDO,COMPLETO,2026-07-01T14:17:17.979085-03:00,2026-07-01T20:02:48.612599-03:00,345.51,345.51,0.00,0.00,MIXTO,R7_MIXTO,4
201b9b37-033f-424d-b1ac-43a36f9b8d6a,,R7,Ricardone → San Lorenzo,VALIDO,,2026-07-01T14:21:52.97279-03:00,2026-07-01T19:49:01.616076-03:00,327.14,144.94,10.80,171.40,MIXTO,R7_MIXTO,7
60c0d5b5-2c3c-409f-bb5c-042db1e051d0,,R7,Ricardone → San Lorenzo,VALIDO,,2026-07-01T14:23:22.946265-03:00,2026-07-01T20:00:11.77382-03:00,336.81,144.76,11.48,180.57,MIXTO,R7_MIXTO,6
ead9bca9-78e3-4655-8f3c-483846c2c1f3__cycle_2,,R7,Ricardone → San Lorenzo,VALIDO,DEDUCIDO,2026-07-01T14:23:37.937282-03:00,2026-07-01T14:41:18.702334-03:00,17.68,17.68,0.00,0.00,MIXTO,R7_MIXTO,3
dc7644cf-d516-4964-bdcc-d63ade2c0faa__cycle_2,,R7,Ricardone → San Lorenzo,VALIDO,COMPLETO,2026-07-01T14:24:22.940879-03:00,2026-07-01T20:03:37.496405-03:00,339.24,339.24,0.00,0.00,MIXTO,R7_MIXTO,4
e5bb3528-c948-47b7-8745-f0fbc2ba2651,,R7,Ricardone → San Lorenzo,VALIDO,DEDUCIDO,2026-07-01T14:29:08.174408-03:00,2026-07-01T17:05:18.766705-03:00,156.18,156.18,0.00,0.00,MIXTO,R7_MIXTO,3
e6d112c8-fc67-4f87-b692-39fae98b2f93,,R7,Ricardone → San Lorenzo,VALIDO,DEDUCIDO,2026-07-01T14:30:28.016577-03:00,2026-07-01T17:10:13.678602-03:00,159.76,159.76,0.00,0.00,MIXTO,R7_MIXTO,3
275b064e-aad4-4ce1-94b2-274bd6ad93ca__cycle_3,,R7,Ricardone → San Lorenzo,VALIDO,,2026-07-01T14:32:42.933455-03:00,2026-07-01T20:01:16.751325-03:00,328.56,156.76,11.15,160.65,MIXTO,R7_MIXTO,7
1b5ba2bf-5958-422b-9226-5b7dc20c4fe3__cycle_2,,R7,Ricardone → San Lorenzo,VALIDO,,2026-07-01T14:33:42.899697-03:00,2026-07-01T20:32:01.763607-03:00,358.31,165.43,17.65,175.24,MIXTO,R7_MIXTO,6
7beee414-92e9-4494-82ef-2418fb7c5343__cycle_4,,R7,Ricardone → San Lorenzo,VALIDO,,2026-07-01T14:34:12.957557-03:00,2026-07-01T20:58:26.752313-03:00,384.23,170.34,20.73,193.16,MIXTO,R7_MIXTO,6
a889cd20-d3a2-4869-bb36-e3a877241dd8,,R7,Ricardone → San Lorenzo,VALIDO,DEDUCIDO,2026-07-01T14:35:52.934726-03:00,2026-07-01T17:27:23.725214-03:00,171.51,171.51,0.00,0.00,MIXTO,R7_MIXTO,3
a8e81ae8-61c8-4828-ba24-c36205a7ddbe,,R7,Ricardone → San Lorenzo,VALIDO,,2026-07-01T14:37:23.014145-03:00,2026-07-01T22:32:06.834995-03:00,474.73,0.00,0.00,127.91,MIXTO,R7_MIXTO,7
4148586d-de24-444c-aeff-2157d1bec101,,R7,Ricardone → San Lorenzo,VALIDO,,2026-07-01T14:46:52.946069-03:00,2026-07-01T22:49:11.936813-03:00,482.32,324.26,16.40,141.66,MIXTO,R7_MIXTO,8
5626eac1-6040-43ba-a3bc-f6150757d920,,R7,Ricardone → San Lorenzo,VALIDO,COMPLETO,2026-07-01T14:51:27.912952-03:00,2026-07-01T20:11:38.642075-03:00,320.18,320.18,0.00,0.00,MIXTO,R7_MIXTO,5
53d21336-1317-46e1-9bb4-c0b69c2a44da,,R7,Ricardone → San Lorenzo,VALIDO,,2026-07-01T14:52:57.981202-03:00,2026-07-01T22:44:41.925865-03:00,471.73,0.00,0.00,134.99,MIXTO,R7_MIXTO,5
aea41a42-a9e8-484f-9228-8d113b772cd3__cycle_2,,R5,Recepción Volcable 1,VALIDO,DEDUCIDO,2026-07-01T14:57:03.967996-03:00,2026-07-01T17:15:16.614631-03:00,138.21,,,,,,5
4b18e6ec-269d-4e0f-af37-7bbe3c94a235__cycle_2,,R7,Ricardone → San Lorenzo,VALIDO,,2026-07-01T15:00:32.927588-03:00,2026-07-01T22:57:27.313325-03:00,476.91,313.59,17.81,145.50,MIXTO,R7_MIXTO,8
552e2ebe-8174-4d51-8fa4-f1bee7cfd36e__cycle_2,,R8,Recepción Mercadería Líquida,VALIDO,DEDUCIDO,2026-07-01T15:05:33.205239-03:00,2026-07-01T23:15:56.969514-03:00,490.40,,,,,,12
59a35b06-aa3c-4d92-9803-a661b2d6846b__cycle_3,,R7,Ricardone → San Lorenzo,VALIDO,,2026-07-01T15:07:42.912966-03:00,2026-07-01T21:07:57.508628-03:00,360.24,162.60,11.73,185.92,MIXTO,R7_MIXTO,6
a77ddf68-d130-4bdf-b9ec-02ff9ea488c7__cycle_2,,R7,Ricardone → San Lorenzo,VALIDO,DEDUCIDO,2026-07-01T15:07:52.999552-03:00,2026-07-01T17:51:08.685305-03:00,163.26,163.26,0.00,0.00,MIXTO,R7_MIXTO,3
9c892db7-3da7-43eb-8b7d-83142ad9319b__cycle_2,,R7,Ricardone → San Lorenzo,VALIDO,,2026-07-01T15:12:42.953136-03:00,2026-07-01T22:50:21.94366-03:00,457.65,301.76,17.98,137.91,MIXTO,R7_MIXTO,8
d56bae2e-1fda-4cef-aab2-752bd2422cc6__cycle_1,,R7,Ricardone → San Lorenzo,VALIDO,,2026-07-01T15:14:07.895498-03:00,2026-07-01T23:05:07.000542-03:00,470.99,300.85,18.31,151.82,MIXTO,R7_MIXTO,7
9327ba8c-f086-4d14-af82-25f029004e2a__cycle_1,,R7,Ricardone → San Lorenzo,VALIDO,,2026-07-01T15:14:52.938145-03:00,2026-07-01T21:14:26.784592-03:00,359.56,163.60,8.56,187.40,MIXTO,R7_MIXTO,6
14b2702e-8c3b-4d6d-b7e5-ff11090dbe52__cycle_2,,R7,Ricardone → San Lorenzo,VALIDO,,2026-07-01T15:28:07.894372-03:00,2026-07-01T21:23:41.839735-03:00,355.57,145.76,11.98,197.82,MIXTO,R7_MIXTO,6
b163cf77-65fc-468e-9528-b134b95df41a,,R7,Ricardone → San Lorenzo,VALIDO,,2026-07-01T15:30:52.978-03:00,2026-07-01T21:05:51.72948-03:00,334.98,142.26,11.98,180.74,MIXTO,R7_MIXTO,6
89113989-13e5-46da-ac20-a0e9b4777d3a,,R7,Ricardone → San Lorenzo,VALIDO,,2026-07-01T15:33:52.945063-03:00,2026-07-01T21:34:26.832983-03:00,360.56,153.35,11.39,195.82,MIXTO,R7_MIXTO,7
a568189c-6558-48cc-ae21-46c38dda630c__cycle_2,,R7,Ricardone → San Lorenzo,VALIDO,,2026-07-01T15:34:17.899186-03:00,2026-07-01T21:24:06.825244-03:00,349.82,147.26,10.48,192.07,MIXTO,R7_MIXTO,7
c2760b27-e788-4401-8c91-f8f54245cd93,,R7,Ricardone → San Lorenzo,VALIDO,COMPLETO,2026-07-01T15:34:32.94635-03:00,2026-07-01T18:02:38.738135-03:00,148.10,148.10,0.00,0.00,MIXTO,R7_MIXTO,5
c558c01f-7933-4ab5-aa20-1bb6adadd2ec,,R7,Ricardone → San Lorenzo,VALIDO,,2026-07-01T15:36:27.982452-03:00,2026-07-01T21:27:06.887421-03:00,350.65,145.76,11.56,193.32,MIXTO,R7_MIXTO,7
ea1ab9fe-b6e5-41f4-92f1-ed40f2d6017c,,R7,Ricardone → San Lorenzo,VALIDO,,2026-07-01T15:37:37.998438-03:00,2026-07-01T21:33:31.903766-03:00,355.90,148.84,11.31,195.74,MIXTO,R7_MIXTO,7
a4344410-1eb1-416d-85df-d643d1563230,,R7,Ricardone → San Lorenzo,VALIDO,,2026-07-01T15:46:03.084136-03:00,2026-07-01T23:10:31.954551-03:00,444.48,0.00,0.00,155.81,MIXTO,R7_MIXTO,5
2e7f139d-50be-44a7-ad27-1a46bcb19938,,RS_REC,Recepción sólida inferida (sin cámara destino),VALIDO,DEDUCIDO,2026-07-01T15:48:32.905375-03:00,2026-07-01T18:14:28.682142-03:00,145.93,,,,,,5
08eeef05-8cd9-4d67-a08e-1bfeda7b0675__cycle_2,,R7,Ricardone → San Lorenzo,VALIDO,DEDUCIDO,2026-07-01T15:53:12.892999-03:00,2026-07-01T16:09:18.666095-03:00,16.10,16.10,0.00,0.00,MIXTO,R7_MIXTO,3
85b0cd48-d832-413d-80e9-4ef02b45d706__cycle_2,,R7,Ricardone → San Lorenzo,VALIDO,,2026-07-01T15:56:22.921491-03:00,2026-07-01T21:39:56.839603-03:00,343.57,137.68,8.48,197.41,MIXTO,R7_MIXTO,7
8ad59b0d-4e49-4972-9b0e-ba4270240d87,,R7,Ricardone → San Lorenzo,VALIDO,,2026-07-01T16:01:32.905386-03:00,2026-07-01T20:17:41.759092-03:00,256.15,0.00,0.00,110.99,MIXTO,R7_MIXTO,5
38355ced-b2cd-4641-bf23-b0ff38085b1e,,R7,Ricardone → San Lorenzo,VALIDO,,2026-07-01T16:04:37.961191-03:00,2026-07-01T21:45:51.832793-03:00,341.23,139.76,9.31,192.16,MIXTO,R7_MIXTO,6
90fc1be8-becf-43c7-8c37-0d3ec1b60f38,,R7,Ricardone → San Lorenzo,VALIDO,DEDUCIDO,2026-07-01T16:05:17.947559-03:00,2026-07-01T18:21:33.705318-03:00,136.26,136.26,0.00,0.00,MIXTO,R7_MIXTO,3
ad9b3573-8e84-4447-b024-df201e2ccc41,,R7,Ricardone → San Lorenzo,VALIDO,,2026-07-01T16:13:17.960073-03:00,2026-07-01T21:50:31.823002-03:00,337.23,133.51,7.81,195.91,MIXTO,R7_MIXTO,7
a1868d08-a2dc-4139-8681-4367c474073a,,R7,Ricardone → San Lorenzo,VALIDO,,2026-07-01T16:20:27.931654-03:00,2026-07-01T20:18:13.618584-03:00,237.76,237.76,0.00,0.00,MIXTO,R7_MIXTO,2
f112d782-0772-4714-9e76-e7de36633ad6__cycle_2,,R7,Ricardone → San Lorenzo,VALIDO,,2026-07-01T16:22:17.962032-03:00,2026-07-01T21:48:46.840291-03:00,326.48,132.60,7.40,186.49,MIXTO,R7_MIXTO,7
d6d24a34-4923-4e08-a369-66bf609deba3__cycle_1,,R7,Ricardone → San Lorenzo,VALIDO,,2026-07-01T16:23:02.977166-03:00,2026-07-01T22:09:46.867816-03:00,346.73,204.43,12.40,129.91,MIXTO,R7_MIXTO,7
a6ea30ef-4591-40da-a642-4c4339668966,,R5,Recepción Volcable 1,VALIDO,DEDUCIDO,2026-07-01T16:24:02.99322-03:00,2026-07-01T18:18:46.620267-03:00,114.73,,,,,,5
85780ded-aa0c-4701-9c58-77b6b1412e33,,R7,Ricardone → San Lorenzo,VALIDO,,2026-07-01T16:28:32.982788-03:00,2026-07-01T23:27:21.977084-03:00,418.82,231.84,20.56,166.41,MIXTO,R7_MIXTO,6
739be278-8a1a-4eae-8b35-3b11625d83f4__cycle_5,,R8,Recepción Mercadería Líquida,VALIDO,DEDUCIDO,2026-07-01T16:32:02.93757-03:00,2026-07-01T19:29:21.660959-03:00,177.31,,,,,,7
5c226151-e603-4182-b554-4900959a68ff,,R7,Ricardone → San Lorenzo,VALIDO,COMPLETO,2026-07-01T16:32:52.952934-03:00,2026-07-01T19:40:08.678143-03:00,187.26,187.26,0.00,0.00,MIXTO,R7_MIXTO,5
ae74b83a-1a49-466b-913e-23947607d11c__cycle_2,,R7,Ricardone → San Lorenzo,VALIDO,,2026-07-01T16:40:07.931494-03:00,2026-07-01T21:52:16.828349-03:00,312.15,183.01,9.40,119.74,MIXTO,R7_MIXTO,6
3e6b94c2-9857-42d7-b2fe-23263f6b0be5__cycle_3,,R7,Ricardone → San Lorenzo,VALIDO,DEDUCIDO,2026-07-01T16:43:37.94523-03:00,2026-07-01T16:48:33.673885-03:00,4.93,4.93,0.00,0.00,MIXTO,R7_MIXTO,3
5282de46-b468-4241-97e4-88e82dfb4647,,R7,Ricardone → San Lorenzo,VALIDO,,2026-07-01T16:45:02.918401-03:00,2026-07-02T01:00:02.283949-03:00,494.99,328.26,17.90,148.83,MIXTO,R7_MIXTO,6
ca538e7e-d872-4f02-b81c-2d60461745e6,,R7,Ricardone → San Lorenzo,VALIDO,,2026-07-01T16:45:12.919296-03:00,2026-07-02T01:06:37.078779-03:00,501.40,0.00,0.00,154.24,MIXTO,R7_MIXTO,5
e43c585b-e83a-40ce-838b-1ddd6bb57a9d__cycle_2,,R7,Ricardone → San Lorenzo,VALIDO,,2026-07-01T16:53:22.949122-03:00,2026-07-01T22:00:36.822849-03:00,307.23,178.84,16.65,111.74,MIXTO,R7_MIXTO,9
3a21adb2-4d32-4f5e-8cb9-44a205c188a4__cycle_2,,R7,Ricardone → San Lorenzo,VALIDO,,2026-07-01T16:54:52.914231-03:00,2026-07-01T22:05:01.842206-03:00,310.15,181.68,14.06,114.41,MIXTO,R7_MIXTO,7
3bc9e2d4-cbc6-40c1-afb9-974b1f6095dd,,R7,Ricardone → San Lorenzo,VALIDO,COMPLETO,2026-07-01T16:59:17.962685-03:00,2026-07-01T20:05:13.67254-03:00,185.93,185.93,0.00,0.00,MIXTO,R7_MIXTO,7
a79528f4-a5df-438b-b68e-2539296610dc__cycle_2,,R7,Ricardone → San Lorenzo,VALIDO,,2026-07-01T16:59:52.91206-03:00,2026-07-01T22:41:51.935827-03:00,341.98,186.18,16.48,139.32,MIXTO,R7_MIXTO,7
e2b30900-b58b-4120-81eb-71192a3e74f5__cycle_3,,R8,Recepción Mercadería Líquida,VALIDO,DEDUCIDO,2026-07-01T17:10:47.955533-03:00,2026-07-01T20:11:11.758931-03:00,180.40,,,,,,6
08f456f8-57af-4f55-9e2d-cf3181e0ed51,,R7,Ricardone → San Lorenzo,VALIDO,DEDUCIDO,2026-07-01T17:13:48.131099-03:00,2026-07-01T17:24:58.64256-03:00,11.18,11.18,0.00,0.00,MIXTO,R7_MIXTO,3
b5a61b48-4e1b-46d9-a8f4-72befb9c324d__cycle_1,,R7,Ricardone → San Lorenzo,VALIDO,,2026-07-01T17:15:28.065835-03:00,2026-07-01T22:03:12.369936-03:00,287.74,151.43,12.40,123.91,MIXTO,R7_MIXTO,7
a0c725c1-5458-416a-a1d6-bb295c3731e1,,R7,Ricardone → San Lorenzo,VALIDO,DEDUCIDO,2026-07-01T17:20:32.981162-03:00,2026-07-01T22:14:13.627236-03:00,293.68,293.68,0.00,0.00,MIXTO,R7_MIXTO,3
5a1ebf0c-107f-42cd-8d9e-695d9f2d5877__cycle_2,,R7,Ricardone → San Lorenzo,VALIDO,,2026-07-01T17:25:27.977412-03:00,2026-07-01T22:37:22.161051-03:00,311.90,164.01,15.23,132.66,MIXTO,R7_MIXTO,8
f66f52bd-01d8-4979-89de-ca522a47a7eb__cycle_2,,R7,Ricardone → San Lorenzo,VALIDO,,2026-07-01T17:29:08.024859-03:00,2026-07-01T22:25:51.902807-03:00,296.73,156.59,16.32,123.82,MIXTO,R7_MIXTO,7
2468e242-d0f1-4bc9-a2a7-bb09aa5bc53d,,R7,Ricardone → San Lorenzo,VALIDO,,2026-07-01T17:29:48.02884-03:00,2026-07-01T22:54:21.923671-03:00,324.56,163.18,17.81,143.57,MIXTO,R7_MIXTO,6
e9bb4153-6275-47bb-9183-a32aa32ea209,,R7,Ricardone → San Lorenzo,VALIDO,,2026-07-01T17:30:03.035361-03:00,2026-07-01T22:43:01.991927-03:00,312.98,162.34,17.81,132.83,MIXTO,R7_MIXTO,7
c4f2e60b-8813-4055-ad64-47f9dbf47e76__cycle_2,,R7,Ricardone → San Lorenzo,VALIDO,DEDUCIDO,2026-07-01T17:30:55.280603-03:00,2026-07-01T22:10:33.624447-03:00,279.64,279.64,0.00,0.00,MIXTO,R7_MIXTO,3
84e9f6a9-9d72-42af-a58b-0e9a3363ce04,,R7,Ricardone → San Lorenzo,VALIDO,,2026-07-01T17:45:27.990805-03:00,2026-07-02T01:05:02.11887-03:00,439.57,269.34,21.90,148.33,MIXTO,R7_MIXTO,7
c7a659b0-1030-4b13-b544-1f6d22842f5b,,R7,Ricardone → San Lorenzo,VALIDO,,2026-07-01T17:47:02.911375-03:00,2026-07-02T01:27:22.23564-03:00,460.32,264.10,16.31,179.91,MIXTO,R7_MIXTO,7
dcb2250f-e324-4f3f-8dc8-a320083da409,,R7,Ricardone → San Lorenzo,VALIDO,,2026-07-01T17:53:12.974825-03:00,2026-07-02T02:07:57.182597-03:00,494.74,0.00,0.00,187.41,MIXTO,R7_MIXTO,6
127c122c-692c-4db5-8a05-7bb0cd26a62a,,R7,Ricardone → San Lorenzo,VALIDO,,2026-07-01T17:55:32.987407-03:00,2026-07-01T23:20:32.013235-03:00,324.98,154.43,13.65,156.91,MIXTO,R7_MIXTO,7
ff864c66-c020-49b9-86d7-49004043ff0c,,R7,Ricardone → San Lorenzo,VALIDO,,2026-07-01T17:55:42.947528-03:00,2026-07-01T23:31:36.981166-03:00,335.90,161.09,12.82,161.99,MIXTO,R7_MIXTO,8
482a7a86-2da6-4cb1-8a6f-e31b62ebb8c9__cycle_1,,R7,Ricardone → San Lorenzo,VALIDO,,2026-07-01T18:02:03.058985-03:00,2026-07-02T01:05:37.121117-03:00,423.57,253.18,22.48,147.91,MIXTO,R7_MIXTO,7
36746fd1-ae2c-41fe-922b-1bb7c2876b84,,R7,Ricardone → San Lorenzo,VALIDO,,2026-07-01T18:09:18.019688-03:00,2026-07-01T23:23:07.014035-03:00,313.82,147.84,13.40,152.58,MIXTO,R7_MIXTO,7
83153eaf-fc92-4434-b48f-64fc2bf21e78__cycle_1,,R8,Recepción Mercadería Líquida,VALIDO,DEDUCIDO,2026-07-01T18:10:18.076513-03:00,2026-07-01T20:56:11.76622-03:00,165.89,,,,,,7
7ab5768a-5053-470b-b5a6-88e71890b892,,R7,Ricardone → San Lorenzo,VALIDO,,2026-07-01T18:12:57.982304-03:00,2026-07-01T23:41:11.975823-03:00,328.23,170.93,12.23,145.08,MIXTO,R7_MIXTO,8
c897539e-1ece-480d-8f38-d35fe35a85d0__cycle_2,,R7,Ricardone → San Lorenzo,VALIDO,,2026-07-01T18:18:52.944388-03:00,2026-07-01T23:33:06.97836-03:00,314.23,143.68,9.73,160.83,MIXTO,R7_MIXTO,7
7b841d53-d132-4c77-9540-960d638e5205,,R7,Ricardone → San Lorenzo,VALIDO,,2026-07-01T18:21:53.036938-03:00,2026-07-02T01:07:52.086441-03:00,405.98,233.93,22.48,149.58,MIXTO,R7_MIXTO,6
887d172d-eba0-4fd1-a635-e955a4dea33c__cycle_2,,R7,Ricardone → San Lorenzo,VALIDO,DEDUCIDO,2026-07-01T18:23:02.909638-03:00,2026-07-01T20:43:58.621603-03:00,140.93,140.93,0.00,0.00,MIXTO,R7_MIXTO,3
68b3961e-fe55-4e62-a3e4-0aabb1f2cb55__cycle_2,,R7,Ricardone → San Lorenzo,VALIDO,,2026-07-01T18:35:57.880221-03:00,2026-07-01T23:35:16.968244-03:00,299.32,0.00,0.00,157.41,MIXTO,R7_MIXTO,3
4c421f91-4c57-4a48-81c8-fde6ab8aa1d6__cycle_2,,R7,Ricardone → San Lorenzo,VALIDO,,2026-07-01T18:38:24.081581-03:00,2026-07-01T19:24:33.849539-03:00,46.16,46.16,0.00,0.00,MIXTO,R7_MIXTO,2
3c9a14fe-968c-48f1-8c82-662005c6dc00__cycle_2,,R7,Ricardone → San Lorenzo,VALIDO,DEDUCIDO,2026-07-01T18:38:32.877719-03:00,2026-07-01T19:29:48.630541-03:00,51.26,51.26,0.00,0.00,MIXTO,R7_MIXTO,3
715f94f4-110c-43c7-b177-8ab5e2414cf5__cycle_1,,R7,Ricardone → San Lorenzo,VALIDO,DEDUCIDO,2026-07-01T18:49:57.913247-03:00,2026-07-01T23:39:21.975533-03:00,289.40,126.45,0.00,0.00,MIXTO,R7_MIXTO,5
0e594adb-329f-4de3-a785-6dfa1ca49307__cycle_2,,R7,Ricardone → San Lorenzo,VALIDO,COMPLETO,2026-07-01T18:57:17.892029-03:00,2026-07-01T22:39:07.438092-03:00,221.83,201.93,19.90,0.00,MIXTO,R7_MIXTO,5
7acdb455-3923-4706-a6ba-dda6b9fd099a,,R7,Ricardone → San Lorenzo,VALIDO,,2026-07-01T18:57:37.891441-03:00,2026-07-02T01:13:52.195956-03:00,376.24,202.10,21.15,153.00,MIXTO,R7_MIXTO,6
cca1d07b-ea81-47c1-823a-9329e6e43546__cycle_5,,R5,Recepción Volcable 1,VALIDO,DEDUCIDO,2026-07-01T18:57:47.845376-03:00,2026-07-01T21:29:11.593881-03:00,151.40,,,,,,4
159f7193-3db7-4f2b-9f7e-813fb1af8860,,R7,Ricardone → San Lorenzo,VALIDO,,2026-07-01T19:00:12.910604-03:00,2026-07-01T23:46:36.972778-03:00,286.40,124.35,9.06,152.99,MIXTO,R7_MIXTO,7
f19b29b7-cfb8-4988-af0f-82039592eb03__cycle_1,,R7,Ricardone → San Lorenzo,VALIDO,,2026-07-01T19:02:52.962684-03:00,2026-07-01T23:51:56.975441-03:00,289.07,125.26,9.15,154.66,MIXTO,R7_MIXTO,7
c06c1e18-982c-4fef-b0ba-1cdc0cebd6e9,,R5,Recepción Volcable 1,VALIDO,DEDUCIDO,2026-07-01T19:21:17.862117-03:00,2026-07-01T22:12:21.554921-03:00,171.06,,,,,,5
5e739f01-9d05-4a40-af6f-7fc29cd9bed7__cycle_1,,R8,Recepción Mercadería Líquida,VALIDO,DEDUCIDO,2026-07-01T19:32:02.821209-03:00,2026-07-01T21:41:57.42272-03:00,129.91,,,,,,7
7b994362-c4ac-40f3-afc5-6aa39377ba1c__cycle_2,,R7,Ricardone → San Lorenzo,VALIDO,,2026-07-01T19:32:57.827718-03:00,2026-07-01T23:49:21.991313-03:00,256.40,97.01,11.48,147.91,MIXTO,R7_MIXTO,8
255f191c-07ad-49ef-aef5-ee3e959b55a9,,R7,Ricardone → San Lorenzo,VALIDO,,2026-07-01T19:33:27.87662-03:00,2026-07-02T00:05:27.418372-03:00,271.99,103.01,8.15,160.83,MIXTO,R7_MIXTO,6
505ec7ee-5ca2-4ca6-a868-59ac69263833__cycle_2,,R7,Ricardone → San Lorenzo,VALIDO,,2026-07-01T19:33:52.812929-03:00,2026-07-02T00:18:17.236483-03:00,284.41,123.68,11.06,149.66,MIXTO,R7_MIXTO,7
eda34a4f-ecf5-4b7f-8b92-24d892ac64d1,,R7,Ricardone → San Lorenzo,VALIDO,,2026-07-01T19:34:42.871351-03:00,2026-07-01T23:56:50.267597-03:00,262.12,0.00,0.00,73.38,MIXTO,R7_MIXTO,4
6774c5c3-a9c9-44b1-a65a-c5ddb5aa177d__cycle_2,,R7,Ricardone → San Lorenzo,VALIDO,,2026-07-01T19:39:57.864766-03:00,2026-07-02T00:11:17.14844-03:00,271.32,102.43,9.98,158.91,MIXTO,R7_MIXTO,6
e9fd48d8-4dd2-4c94-b399-13469babf6fa__cycle_2,,R7,Ricardone → San Lorenzo,VALIDO,,2026-07-01T19:40:17.869836-03:00,2026-07-02T00:10:22.073935-03:00,270.07,102.53,11.63,155.91,MIXTO,R7_MIXTO,7
6e2998ad-56e0-4142-aa56-55498e9fe019,,R7,Ricardone → San Lorenzo,VALIDO,DEDUCIDO,2026-07-01T19:41:57.90957-03:00,2026-07-01T22:23:48.639046-03:00,161.85,161.85,0.00,0.00,MIXTO,R7_MIXTO,3
8ebf8739-e72c-46c1-b60b-543fd8988b64__cycle_2,,R7,Ricardone → San Lorenzo,VALIDO,DEDUCIDO,2026-07-01T19:48:12.859131-03:00,2026-07-01T22:24:33.640413-03:00,156.35,156.35,0.00,0.00,MIXTO,R7_MIXTO,3
93a0a1b9-928b-4e8a-8136-b0445becac45__cycle_2,,R7,Ricardone → San Lorenzo,VALIDO,,2026-07-01T19:49:37.837941-03:00,2026-07-02T01:22:02.220129-03:00,332.41,155.51,22.40,154.50,MIXTO,R7_MIXTO,7
b6a7fc54-8638-49a7-b476-8e7cb7caf198__cycle_2,,R7,Ricardone → San Lorenzo,VALIDO,DEDUCIDO,2026-07-01T19:50:17.833349-03:00,2026-07-01T21:20:43.629683-03:00,90.43,90.43,0.00,0.00,MIXTO,R7_MIXTO,3
a4712971-d09f-4968-b01e-98ef02223219__cycle_1,,R7,Ricardone → San Lorenzo,VALIDO,,2026-07-01T19:53:52.879776-03:00,2026-07-02T00:28:27.688807-03:00,274.58,107.85,10.31,156.42,MIXTO,R7_MIXTO,7
f1fe2733-6539-49fe-904f-8d498855210c,,R7,Ricardone → San Lorenzo,VALIDO,DEDUCIDO,2026-07-01T19:54:37.883607-03:00,2026-07-01T20:06:53.624675-03:00,12.26,12.26,0.00,0.00,MIXTO,R7_MIXTO,3
a85d9285-b330-4d62-b3da-6b3d8341dba8,,R7,Ricardone → San Lorenzo,VALIDO,,2026-07-01T19:55:47.904248-03:00,2026-07-02T00:24:37.138243-03:00,268.82,107.43,11.40,150.00,MIXTO,R7_MIXTO,6
aad0e702-478e-43c6-ac54-69899a3bb84a,,R7,Ricardone → San Lorenzo,VALIDO,COMPLETO,2026-07-01T19:57:32.875712-03:00,2026-07-01T22:12:53.617092-03:00,135.35,113.44,0.00,0.00,MIXTO,R7_MIXTO,6
c7838f4a-ba66-43a8-86bd-7717f55eca76__cycle_1,,R5,Recepción Volcable 1,VALIDO,DEDUCIDO,2026-07-01T20:07:37.857814-03:00,2026-07-01T22:25:31.552606-03:00,137.89,,,,,,4
e29b8dcc-189c-41eb-965f-663840d48236,,R7,Ricardone → San Lorenzo,VALIDO,,2026-07-01T20:10:03.018982-03:00,2026-07-02T00:30:07.099585-03:00,260.07,95.59,9.65,154.83,MIXTO,R7_MIXTO,6
65152cc2-2dfb-4940-873e-704e4af7e6d7,,R7,Ricardone → San Lorenzo,VALIDO,DEDUCIDO,2026-07-01T20:17:37.932878-03:00,2026-07-01T21:49:53.653666-03:00,92.26,92.26,0.00,0.00,MIXTO,R7_MIXTO,3
f6cbf082-0178-448a-b6a6-5d398bcfd6ac,,R5,Recepción Volcable 1,VALIDO,DEDUCIDO,2026-07-01T20:21:17.869387-03:00,2026-07-01T23:03:21.60989-03:00,162.06,,,,,,5
cc50f531-1887-41a4-9d13-894e4624b420__cycle_1,,R8,Recepción Mercadería Líquida,VALIDO,DEDUCIDO,2026-07-01T20:23:07.425572-03:00,2026-07-02T03:56:02.438873-03:00,452.92,,,,,,8
be96f245-148b-4c23-adc1-0e967727a3e5__cycle_2,,R7,Ricardone → San Lorenzo,VALIDO,,2026-07-01T20:24:02.925834-03:00,2026-07-02T00:34:47.155727-03:00,250.74,95.85,11.90,142.99,MIXTO,R7_MIXTO,7
5784aab7-0c14-474c-ad32-b813d445ab67__cycle_3,,R7,Ricardone → San Lorenzo,VALIDO,,2026-07-01T20:28:32.868388-03:00,2026-07-02T00:46:27.072616-03:00,257.90,103.85,16.56,137.49,MIXTO,R7_MIXTO,8
6c311189-ce13-47f9-ab1e-07918a252c19__cycle_1,,R7,Ricardone → San Lorenzo,VALIDO,,2026-07-01T20:36:37.837862-03:00,2026-07-02T01:37:02.196109-03:00,300.41,181.76,8.98,109.66,MIXTO,R7_MIXTO,6
6e16b7b3-b63f-4bed-993b-49aa8d88c2e5,,R7,Ricardone → San Lorenzo,VALIDO,DEDUCIDO,2026-07-01T20:39:27.922701-03:00,2026-07-01T20:48:13.655301-03:00,8.76,8.76,0.00,0.00,MIXTO,R7_MIXTO,3
8698da22-0da4-4104-b34c-03e8a00daf85,,R7,Ricardone → San Lorenzo,VALIDO,DEDUCIDO,2026-07-01T20:44:37.880036-03:00,2026-07-01T23:41:43.651866-03:00,177.10,177.10,0.00,0.00,MIXTO,R7_MIXTO,3
ff232615-7e5f-4b87-9fae-f2007dd063da__cycle_2,,R7,Ricardone → San Lorenzo,VALIDO,,2026-07-01T20:45:17.898316-03:00,2026-07-02T01:45:12.229617-03:00,299.91,174.69,9.06,116.16,MIXTO,R7_MIXTO,9
4bed04de-6163-458b-af7a-a76cc6bd26df,,R7,Ricardone → San Lorenzo,VALIDO,DEDUCIDO,2026-07-01T20:49:02.893507-03:00,2026-07-01T23:50:23.679354-03:00,181.35,181.35,0.00,0.00,MIXTO,R7_MIXTO,3
49afbd06-b817-4681-9eb5-f0a43fc1bcc6,,R7,Ricardone → San Lorenzo,VALIDO,,2026-07-01T20:49:17.880568-03:00,2026-07-02T04:39:32.441724-03:00,470.24,180.10,12.31,277.83,MIXTO,R7_MIXTO,7
ed7db4a6-5687-4826-a817-a92db7ae6f89,,R7,Ricardone → San Lorenzo,VALIDO,,2026-07-01T20:57:57.83943-03:00,2026-07-02T01:55:07.244052-03:00,297.16,171.85,13.56,111.75,MIXTO,R7_MIXTO,7
08278c38-6795-4af5-b4ff-4a54dd2c4917,,R7,Ricardone → San Lorenzo,VALIDO,DEDUCIDO,2026-07-01T21:17:07.934151-03:00,2026-07-01T21:26:53.692551-03:00,9.76,9.76,0.00,0.00,MIXTO,R7_MIXTO,3
9ff8180d-6374-4e3c-a9d1-043a577775bc__cycle_2,,R7,Ricardone → San Lorenzo,VALIDO,,2026-07-01T21:20:22.827891-03:00,2026-07-02T01:56:32.17173-03:00,276.16,160.10,10.98,105.08,MIXTO,R7_MIXTO,6
f4ba0bee-9b77-4ff1-83c8-cc356e51527e,,R7,Ricardone → San Lorenzo,VALIDO,COMPLETO,2026-07-01T21:23:17.939139-03:00,2026-07-01T23:55:58.677705-03:00,152.68,152.68,0.00,0.00,MIXTO,R7_MIXTO,5
35ec5bd4-9d09-48fb-97fc-6d1594482cc4__cycle_3,,R7,Ricardone → San Lorenzo,VALIDO,,2026-07-01T21:38:47.817202-03:00,2026-07-02T01:51:52.243161-03:00,253.07,141.27,10.39,101.41,MIXTO,R7_MIXTO,10
ac1e1d05-0b72-4cde-84c1-a3d678262065__cycle_2,,R7,Ricardone → San Lorenzo,VALIDO,COMPLETO,2026-07-01T21:51:17.850704-03:00,2026-07-02T00:14:42.34154-03:00,143.41,131.26,12.14,0.00,MIXTO,R7_MIXTO,5
c53dee34-9766-4ab1-a255-5ce02ae4add2__cycle_1,,R7,Ricardone → San Lorenzo,VALIDO,,2026-07-01T21:51:47.980597-03:00,2026-07-02T02:16:27.234724-03:00,264.65,0.00,0.00,123.75,MIXTO,R7_MIXTO,5
f605c18a-11ed-4581-9412-36870cf0caae__cycle_4,,R8,Recepción Mercadería Líquida,VALIDO,DEDUCIDO,2026-07-01T21:53:42.795824-03:00,2026-07-01T22:16:35.79115-03:00,22.88,,,,,,3
3fd735bb-a7d7-42b7-b7fa-70abcd931959,,R7,Ricardone → San Lorenzo,VALIDO,DEDUCIDO,2026-07-01T21:56:27.846901-03:00,2026-07-02T00:04:43.726534-03:00,128.26,128.26,0.00,0.00,MIXTO,R7_MIXTO,3
e14ce32c-fab7-413d-8f62-67b363c84d4d__cycle_2,,R7,Ricardone → San Lorenzo,VALIDO,,2026-07-01T21:57:37.822998-03:00,2026-07-02T04:46:42.43475-03:00,409.08,128.93,10.14,270.00,MIXTO,R7_MIXTO,7
764db840-a2af-4d77-b0fb-54e8822ec143,,R7,Ricardone → San Lorenzo,VALIDO,DEDUCIDO,2026-07-01T21:58:02.883873-03:00,2026-07-01T22:08:43.637018-03:00,10.68,10.68,0.00,0.00,MIXTO,R7_MIXTO,3
a6f0ec4b-7ae0-4cd1-9ed9-6fd10885791a,,R7,Ricardone → San Lorenzo,VALIDO,,2026-07-01T22:00:52.908048-03:00,2026-07-02T02:17:22.214596-03:00,256.49,135.85,11.23,109.41,MIXTO,R7_MIXTO,8
f73c6d7f-4fe0-4c02-be8a-fea8a2baf535,,R7,Ricardone → San Lorenzo,VALIDO,,2026-07-01T22:01:17.921836-03:00,2026-07-02T02:18:53.328103-03:00,257.59,134.01,11.81,111.76,MIXTO,R7_MIXTO,7
cd11d42e-70ba-436f-adbc-ac5ae1eff7f9,,R7,Ricardone → San Lorenzo,VALIDO,DEDUCIDO,2026-07-01T22:01:37.964471-03:00,2026-07-02T00:27:53.687436-03:00,146.26,146.26,0.00,0.00,MIXTO,R7_MIXTO,3
84ed14b7-e4c7-4671-9e77-b3a9ef38fd77,,R7,Ricardone → San Lorenzo,VALIDO,,2026-07-01T22:03:32.867254-03:00,2026-07-02T02:33:57.342669-03:00,270.41,151.45,12.96,106.00,MIXTO,R7_MIXTO,8
58e6ee9d-e6f2-4215-ae94-c0a8d56a5064,,R7,Ricardone → San Lorenzo,VALIDO,,2026-07-01T22:05:43.007887-03:00,2026-07-02T02:36:57.335021-03:00,271.24,155.68,7.73,107.83,MIXTO,R7_MIXTO,9
bde3fbb2-874d-4549-ac43-47ecbf338a92,,R7,Ricardone → San Lorenzo,VALIDO,COMPLETO,2026-07-01T22:06:52.849082-03:00,2026-07-02T02:06:43.586573-03:00,239.85,239.85,0.00,0.00,MIXTO,R7_MIXTO,5
0db517cb-e0ee-478a-9eb9-a1b9d32f2c9c__cycle_2,,R7,Ricardone → San Lorenzo,VALIDO,DEDUCIDO,2026-07-01T22:09:32.881428-03:00,2026-07-02T00:45:38.733973-03:00,156.10,156.10,0.00,0.00,MIXTO,R7_MIXTO,3
e7719ec3-7561-45a0-97c3-1d7a3c95506f,,R7,Ricardone → San Lorenzo,VALIDO,,2026-07-01T22:11:12.869023-03:00,2026-07-02T04:54:22.427353-03:00,403.16,155.10,10.48,237.58,MIXTO,R7_MIXTO,6
43798a50-0151-4f00-9954-877e35e978a4,,R7,Ricardone → San Lorenzo,VALIDO,,2026-07-01T22:12:02.824528-03:00,2026-07-02T02:47:47.343421-03:00,275.74,169.01,10.23,96.50,MIXTO,R7_MIXTO,6
4ef1fba7-dd24-4b99-b978-6d12017a0483__cycle_2,,R7,Ricardone → San Lorenzo,VALIDO,,2026-07-01T22:14:22.844932-03:00,2026-07-02T02:43:57.320515-03:00,269.57,157.35,8.81,103.42,MIXTO,R7_MIXTO,7
8d4f52f8-52b3-45b7-be3b-fcc0209e6148,,R7,Ricardone → San Lorenzo,VALIDO,DEDUCIDO,2026-07-01T22:15:18.011808-03:00,2026-07-02T01:09:48.725219-03:00,174.51,174.51,0.00,0.00,MIXTO,R7_MIXTO,3
91947afb-130a-46cb-849c-6d06974f709c,,R7,Ricardone → San Lorenzo,VALIDO,DEDUCIDO,2026-07-01T22:18:37.850159-03:00,2026-07-02T00:42:18.671239-03:00,143.68,143.68,0.00,0.00,MIXTO,R7_MIXTO,3
dc3668a9-f914-401d-a9fb-b9b3388c08ab,,R7,Ricardone → San Lorenzo,VALIDO,DEDUCIDO,2026-07-01T22:18:47.859721-03:00,2026-07-02T01:14:13.681146-03:00,175.43,175.43,0.00,0.00,MIXTO,R7_MIXTO,3
f9f230bb-0a64-47b3-acd7-67adadc4bcd4,,R7,Ricardone → San Lorenzo,VALIDO,,2026-07-01T22:19:38.093641-03:00,2026-07-02T02:56:32.298388-03:00,276.90,182.68,12.99,81.24,MIXTO,R7_MIXTO,7
aede4a3f-9e1b-4332-804e-8b5861b66698__cycle_2,,R7,Ricardone → San Lorenzo,VALIDO,,2026-07-01T22:20:42.889851-03:00,2026-07-02T05:04:42.535607-03:00,403.99,181.10,12.77,210.13,MIXTO,R7_MIXTO,7
cb78b539-4d72-4799-8449-b7d17a2b7c10,,R7,Ricardone → San Lorenzo,VALIDO,DEDUCIDO,2026-07-01T22:24:17.887547-03:00,2026-07-02T01:31:43.586167-03:00,187.43,187.43,0.00,0.00,MIXTO,R7_MIXTO,3
eef4a3b0-e2d9-47f3-adfb-522fbfd9b016__cycle_2,,R7,Ricardone → San Lorenzo,VALIDO,,2026-07-01T22:24:47.911394-03:00,2026-07-02T02:53:07.353799-03:00,268.32,181.35,11.90,75.08,MIXTO,R7_MIXTO,9
4de56f9d-d475-44b3-bce3-c9c5cd9a2675__cycle_1,,R7,Ricardone → San Lorenzo,VALIDO,,2026-07-01T22:25:42.921809-03:00,2026-07-02T02:50:12.291498-03:00,264.49,179.27,12.22,73.00,MIXTO,R7_MIXTO,6
074f8282-849f-46dd-b830-f6765d4f6842__cycle_2,,R7,Ricardone → San Lorenzo,VALIDO,DEDUCIDO,2026-07-01T22:27:32.895928-03:00,2026-07-02T01:32:18.58344-03:00,184.76,184.76,0.00,0.00,MIXTO,R7_MIXTO,3
0ef3b9dc-a5c8-461b-a23f-d4c94f85e872__cycle_2,,R7,Ricardone → San Lorenzo,VALIDO,DEDUCIDO,2026-07-01T22:28:17.888827-03:00,2026-07-02T01:42:38.592965-03:00,194.35,194.35,0.00,0.00,MIXTO,R7_MIXTO,3
b49e3f37-31f5-4f3b-8d48-000d0a2ddcf8__cycle_2,,R7,Ricardone → San Lorenzo,VALIDO,,2026-07-01T22:33:12.839627-03:00,2026-07-02T02:59:57.423307-03:00,266.74,186.85,11.73,68.16,MIXTO,R7_MIXTO,6
3972d98a-bb10-49de-ac95-a1cdd5fb11e8__cycle_1,,R7,Ricardone → San Lorenzo,VALIDO,,2026-07-01T22:33:37.987808-03:00,2026-07-02T03:03:22.30492-03:00,269.74,188.18,11.06,70.50,MIXTO,R7_MIXTO,7
f241f801-f81f-4e80-851e-e8f41d3db171,,R7,Ricardone → San Lorenzo,VALIDO,,2026-07-01T22:34:42.901387-03:00,2026-07-02T03:06:57.397477-03:00,272.24,190.60,9.98,71.67,MIXTO,R7_MIXTO,6
3631f14c-c575-46c3-b073-2df42bc96d63,,R7,Ricardone → San Lorenzo,VALIDO,DEDUCIDO,2026-07-01T22:35:12.868744-03:00,2026-07-02T01:47:38.601396-03:00,192.43,192.43,0.00,0.00,MIXTO,R7_MIXTO,3
59e81f63-1ea0-4447-9a91-897f13314f3e,,R7,Ricardone → San Lorenzo,VALIDO,,2026-07-01T22:35:42.912738-03:00,2026-07-02T03:18:54.941625-03:00,283.20,194.43,8.56,80.21,MIXTO,R7_MIXTO,8
449a918b-3ea5-41fb-883c-b61fa72c847a__cycle_1,,R7,Ricardone → San Lorenzo,VALIDO,,2026-07-01T22:36:42.856635-03:00,2026-07-02T05:57:47.515586-03:00,441.08,195.10,9.48,236.50,MIXTO,R7_MIXTO,6
0714a046-1e0e-448a-8a22-bca0e1e6fa7d,,R7,Ricardone → San Lorenzo,VALIDO,,2026-07-01T22:37:13.462733-03:00,2026-07-02T05:09:32.528586-03:00,392.32,195.59,8.98,187.75,MIXTO,R7_MIXTO,7
6d28eebd-dd85-4b6f-8c78-dc52eef96759,,R7,Ricardone → San Lorenzo,VALIDO,COMPLETO,2026-07-01T22:41:42.876076-03:00,2026-07-02T02:11:28.585564-03:00,209.76,209.76,0.00,0.00,MIXTO,R7_MIXTO,4
7fafda04-77a8-4a72-bc5a-24040fc6b55b,,R7,Ricardone → San Lorenzo,VALIDO,COMPLETO,2026-07-01T22:42:52.910803-03:00,2026-07-02T02:12:38.601083-03:00,209.76,209.76,0.00,0.00,MIXTO,R7_MIXTO,4
fe930015-8f06-415d-bc93-e12e4b5ca13f,,R7,Ricardone → San Lorenzo,VALIDO,COMPLETO,2026-07-01T22:43:22.835038-03:00,2026-07-02T02:11:48.583817-03:00,208.43,208.43,0.00,0.00,MIXTO,R7_MIXTO,5
5b996430-e89e-43c5-a167-678327d23c5c,,R7,Ricardone → San Lorenzo,VALIDO,DEDUCIDO,2026-07-01T22:45:07.806409-03:00,2026-07-02T02:29:28.660833-03:00,224.35,224.35,0.00,0.00,MIXTO,R7_MIXTO,3
f4c176e4-3a21-45cc-9bfc-93f594175afa,,R7,Ricardone → San Lorenzo,VALIDO,COMPLETO,2026-07-01T22:46:17.868127-03:00,2026-07-02T02:38:38.618562-03:00,232.35,232.35,0.00,0.00,MIXTO,R7_MIXTO,4
90ee9062-4b1c-4c91-a495-7057eed70ce8__cycle_2,,R7,Ricardone → San Lorenzo,VALIDO,COMPLETO,2026-07-01T22:51:52.837739-03:00,2026-07-02T02:20:58.634219-03:00,209.10,209.10,0.00,0.00,MIXTO,R7_MIXTO,4
8f256463-4ade-4bc7-a718-6ecb08ffd525,,R7,Ricardone → San Lorenzo,VALIDO,DEDUCIDO,2026-07-01T22:54:02.850461-03:00,2026-07-02T02:38:13.845926-03:00,224.18,224.18,0.00,0.00,MIXTO,R7_MIXTO,3
2fa8c8c7-5198-4493-ae12-c74ca7786bd8__cycle_2,,R7,Ricardone → San Lorenzo,VALIDO,COMPLETO,2026-07-01T22:54:47.852738-03:00,2026-07-02T02:34:43.61546-03:00,219.93,219.93,0.00,0.00,MIXTO,R7_MIXTO,4
59505cd1-b4c3-4968-bd64-8f9a33e75684__cycle_2,,R7,Ricardone → San Lorenzo,VALIDO,DEDUCIDO,2026-07-01T22:55:42.859912-03:00,2026-07-02T02:41:43.595465-03:00,226.01,226.01,0.00,0.00,MIXTO,R7_MIXTO,3
d9e31dae-e215-45d3-83bf-c8ef3e69a8f8,,R7,Ricardone → San Lorenzo,VALIDO,COMPLETO,2026-07-01T23:00:07.900218-03:00,2026-07-02T02:48:03.613477-03:00,227.93,227.93,0.00,0.00,MIXTO,R7_MIXTO,4
c58268dc-f343-4a55-92d8-0e4b981ce137,,R7,Ricardone → San Lorenzo,VALIDO,,2026-07-01T23:00:37.854992-03:00,2026-07-02T03:45:42.399658-03:00,285.08,0.00,0.00,69.75,MIXTO,R7_MIXTO,4
18b9b4a2-5352-4532-8ed6-7e4fbf7ef077__cycle_2,,R7,Ricardone → San Lorenzo,VALIDO,COMPLETO,2026-07-01T23:01:17.820773-03:00,2026-07-02T02:50:48.610584-03:00,229.51,229.51,0.00,0.00,MIXTO,R7_MIXTO,4
97a073ca-c825-414c-9856-da522a0b7dac,,R7,Ricardone → San Lorenzo,VALIDO,COMPLETO,2026-07-01T23:01:48.165908-03:00,2026-07-02T02:47:03.673228-03:00,225.26,225.26,0.00,0.00,MIXTO,R7_MIXTO,4
16361c40-e210-4ffe-aef5-2d8706891357,,R7,Ricardone → San Lorenzo,VALIDO,DEDUCIDO,2026-07-01T23:02:27.882586-03:00,2026-07-02T02:32:58.588711-03:00,210.51,210.51,0.00,0.00,MIXTO,R7_MIXTO,3
f614da93-9f9d-4cad-a187-4ef8d8033114,,R7,Ricardone → San Lorenzo,VALIDO,COMPLETO,2026-07-01T23:02:57.908951-03:00,2026-07-02T02:54:18.582505-03:00,231.34,231.34,0.00,0.00,MIXTO,R7_MIXTO,4
14db4a19-d960-467e-95d4-a1d0240c577d__cycle_2,,R7,Ricardone → San Lorenzo,VALIDO,COMPLETO,2026-07-01T23:03:22.823921-03:00,2026-07-02T02:53:58.577576-03:00,230.60,230.60,0.00,0.00,MIXTO,R7_MIXTO,4
b72cb4b3-e2aa-48f7-b3db-60777b3dc6f2,,R7,Ricardone → San Lorenzo,VALIDO,DEDUCIDO,2026-07-01T23:03:42.86801-03:00,2026-07-02T02:55:23.611864-03:00,231.68,231.68,0.00,0.00,MIXTO,R7_MIXTO,3
8e4d345c-d15a-4ab1-ae7c-88fba17facf5,,R7,Ricardone → San Lorenzo,VALIDO,COMPLETO,2026-07-01T23:06:38.389572-03:00,2026-07-02T03:04:34.102154-03:00,237.93,237.93,0.00,0.00,MIXTO,R7_MIXTO,4
dd06413c-b099-4d9f-86c5-9224a9bef491,,R7,Ricardone → San Lorenzo,VALIDO,DEDUCIDO,2026-07-01T23:06:52.842266-03:00,2026-07-02T02:53:33.597012-03:00,226.68,226.68,0.00,0.00,MIXTO,R7_MIXTO,3
7179bde0-5976-4347-a41e-825069921931,,R7,Ricardone → San Lorenzo,VALIDO,DEDUCIDO,2026-07-01T23:10:02.927003-03:00,2026-07-02T03:02:49.154044-03:00,232.77,232.77,0.00,0.00,MIXTO,R7_MIXTO,3
8851c9e1-4d5f-49b1-9501-9def8cec00ca__cycle_2,,R7,Ricardone → San Lorenzo,VALIDO,COMPLETO,2026-07-01T23:15:27.854848-03:00,2026-07-02T03:12:08.592886-03:00,236.68,236.68,0.00,0.00,MIXTO,R7_MIXTO,4
2d1d8620-f1af-4e1c-98cc-baa6e6f64d14,,R7,Ricardone → San Lorenzo,VALIDO,COMPLETO,2026-07-01T23:15:42.900865-03:00,2026-07-02T03:18:13.605102-03:00,242.51,242.51,0.00,0.00,MIXTO,R7_MIXTO,4
7c32f56f-b846-462e-9add-7793a4abf699,,R7,Ricardone → San Lorenzo,VALIDO,COMPLETO,2026-07-01T23:16:02.841334-03:00,2026-07-02T03:19:28.61274-03:00,243.43,243.43,0.00,0.00,MIXTO,R7_MIXTO,4
cd1c6c40-1b4b-42c2-b4fe-603d5c787341__cycle_2,,R7,Ricardone → San Lorenzo,VALIDO,COMPLETO,2026-07-01T23:18:37.822931-03:00,2026-07-02T03:25:38.592707-03:00,247.01,247.01,0.00,0.00,MIXTO,R7_MIXTO,4
1f9a89ee-dabf-4124-8908-1f99169e2f55__cycle_2,,R7,Ricardone → San Lorenzo,VALIDO,DEDUCIDO,2026-07-01T23:20:27.856229-03:00,2026-07-02T03:26:03.607713-03:00,245.60,245.60,0.00,0.00,MIXTO,R7_MIXTO,3
3f37b504-c181-4126-bb74-e3f6a18ef447__cycle_2,,R7,Ricardone → San Lorenzo,VALIDO,COMPLETO,2026-07-01T23:25:57.879816-03:00,2026-07-02T03:28:58.612785-03:00,243.01,243.01,0.00,0.00,MIXTO,R7_MIXTO,4
9e36298c-acc8-410e-91d6-ce5d5bce9feb,,R1,Recepción Celda 16,VALIDO,DEDUCIDO,2026-07-01T23:26:37.95441-03:00,2026-07-02T08:59:36.711675-03:00,572.98,,,,,,5
72b98c0c-5280-45c6-a0a2-f7a0248d3416,,R7,Ricardone → San Lorenzo,VALIDO,COMPLETO,2026-07-01T23:28:02.894832-03:00,2026-07-02T03:47:29.412589-03:00,259.44,259.44,0.00,0.00,MIXTO,R7_MIXTO,4
7dc0b4f9-8e66-4477-88b8-e08e39e976c2__cycle_1,,R1,Recepción Celda 16,VALIDO,DEDUCIDO,2026-07-01T23:32:42.842965-03:00,2026-07-02T09:29:16.744595-03:00,596.57,,,,,,9
312d2beb-4595-4308-966d-e7bba9dae56c,,R7,Ricardone → San Lorenzo,VALIDO,COMPLETO,2026-07-01T23:35:32.872599-03:00,2026-07-02T03:53:43.599218-03:00,258.18,258.18,0.00,0.00,MIXTO,R7_MIXTO,4
ccda1cae-9cc5-4a0b-afbe-0bfe3072fd12,,R7,Ricardone → San Lorenzo,VALIDO,COMPLETO,2026-07-01T23:42:23.001636-03:00,2026-07-02T03:48:48.590066-03:00,246.43,246.43,0.00,0.00,MIXTO,R7_MIXTO,4
90a750cc-5132-4c7c-a61e-21d5c624d0e0,,R7,Ricardone → San Lorenzo,VALIDO,COMPLETO,2026-07-01T23:42:47.880167-03:00,2026-07-02T03:52:29.250339-03:00,249.69,249.69,0.00,0.00,MIXTO,R7_MIXTO,4
e4a0870d-0172-4103-b1f3-d0d8a5762089,,R5,Recepción Volcable 1,VALIDO,DEDUCIDO,2026-07-01T23:48:52.904781-03:00,2026-07-02T02:04:31.851245-03:00,135.65,,,,,,4
e85ea118-68d0-4c93-8938-18964e5ca94f,,R7,Ricardone → San Lorenzo,VALIDO,,2026-07-01T23:49:47.888129-03:00,2026-07-02T04:01:58.583995-03:00,252.18,252.18,0.00,0.00,MIXTO,R7_MIXTO,2
4250f303-ea67-41c5-81a5-a6a3cf82785a,,R7,Ricardone → San Lorenzo,VALIDO,DEDUCIDO,2026-07-01T23:57:47.912869-03:00,2026-07-02T04:03:53.609556-03:00,246.09,246.09,0.00,0.00,MIXTO,R7_MIXTO,3
8c5093da-9845-4d9e-bcc9-d0154594db0b__cycle_2,,R1,Recepción Celda 16,VALIDO,DEDUCIDO,2026-07-01T23:58:27.889024-03:00,2026-07-02T08:43:36.703501-03:00,525.15,,,,,,3
c7b0bfcf-e72a-4cb9-a73e-dd6cd9e32d41,,R1,Recepción Celda 16,VALIDO,DEDUCIDO,2026-07-02T00:02:47.892021-03:00,2026-07-02T08:48:31.740481-03:00,525.73,,,,,,6
3d92ace3-8543-406f-8489-fb52da8b2e61,,R7,Ricardone → San Lorenzo,VALIDO,COMPLETO,2026-07-02T00:04:22.890005-03:00,2026-07-02T04:50:08.61378-03:00,285.76,285.76,0.00,0.00,MIXTO,R7_MIXTO,4
1eec9573-e95a-440e-8564-14bcaed6384b,,R7,Ricardone → San Lorenzo,VALIDO,DEDUCIDO,2026-07-02T00:04:37.979193-03:00,2026-07-02T04:50:38.615251-03:00,286.01,286.01,0.00,0.00,MIXTO,R7_MIXTO,3
57c8ed58-f42a-44ce-865b-d2c6fb67e082__cycle_3,,R7,Ricardone → San Lorenzo,VALIDO,COMPLETO,2026-07-02T00:04:52.920297-03:00,2026-07-02T04:54:03.651392-03:00,289.18,289.18,0.00,0.00,MIXTO,R7_MIXTO,4
2d43f705-d10b-4523-9993-28197e4fd46d__cycle_2,,R7,Ricardone → San Lorenzo,VALIDO,COMPLETO,2026-07-02T00:09:37.831025-03:00,2026-07-02T04:54:34.078941-03:00,284.94,284.94,0.00,0.00,MIXTO,R7_MIXTO,4
f24acdea-d588-4e3a-91dd-daa191ca41af,,R1,Recepción Celda 16,VALIDO,DEDUCIDO,2026-07-02T00:10:47.952936-03:00,2026-07-02T08:51:31.698916-03:00,520.73,,,,,,5
16bf26ce-e1c3-40aa-8da7-cc8bf61c13b3__cycle_2,,R7,Ricardone → San Lorenzo,VALIDO,COMPLETO,2026-07-02T00:16:38.163015-03:00,2026-07-02T05:41:33.608908-03:00,324.92,324.92,0.00,0.00,MIXTO,R7_MIXTO,4
96d96972-6234-4a23-80b0-8b9865652e03__cycle_2,,R7,Ricardone → San Lorenzo,VALIDO,COMPLETO,2026-07-02T00:17:17.880507-03:00,2026-07-02T05:45:03.671803-03:00,327.76,327.76,0.00,0.00,MIXTO,R7_MIXTO,4
81d193f4-b3ea-4f64-a69f-b67551c32c3f,,R7,Ricardone → San Lorenzo,VALIDO,COMPLETO,2026-07-02T00:23:42.86146-03:00,2026-07-02T05:53:28.682822-03:00,329.76,329.76,0.00,0.00,MIXTO,R7_MIXTO,4
6117e4b5-9118-461d-a207-3e2d1851599b__cycle_2,,R7,Ricardone → San Lorenzo,VALIDO,,2026-07-02T00:23:53.176426-03:00,2026-07-02T00:35:48.687941-03:00,11.93,11.93,0.00,0.00,MIXTO,R7_MIXTO,2
91ed9782-00d5-43cc-b60d-51bdc8b0745b__cycle_2,,R7,Ricardone → San Lorenzo,VALIDO,DEDUCIDO,2026-07-02T00:24:22.828848-03:00,2026-07-02T05:55:08.602939-03:00,330.76,330.76,0.00,0.00,MIXTO,R7_MIXTO,3
a0328ffe-e5b5-4edf-8565-3eb89cab0434,,RS_REC,Recepción sólida inferida (sin cámara destino),VALIDO,DEDUCIDO,2026-07-02T00:27:23.133819-03:00,2026-07-02T03:20:53.661578-03:00,173.51,,,,,,4
f4a548e8-f8bb-46df-82e9-63d5a8bf4297__cycle_2,,R7,Ricardone → San Lorenzo,VALIDO,COMPLETO,2026-07-02T00:31:37.863735-03:00,2026-07-02T05:58:33.609463-03:00,326.93,326.93,0.00,0.00,MIXTO,R7_MIXTO,4
99eb8779-3b5f-4b0e-8009-da7a394165a9,,R7,Ricardone → San Lorenzo,VALIDO,COMPLETO,2026-07-02T00:32:10.223315-03:00,2026-07-02T05:58:03.60582-03:00,325.89,325.89,0.00,0.00,MIXTO,R7_MIXTO,4
04c8d2fc-4c10-472f-8aba-46d9c6612724,,R7,Ricardone → San Lorenzo,VALIDO,DEDUCIDO,2026-07-02T00:32:28.16298-03:00,2026-07-02T05:59:08.615453-03:00,326.67,326.67,0.00,0.00,MIXTO,R7_MIXTO,4
6e146347-6ef4-4459-928d-39108daadaac__cycle_4,,R5,Recepción Volcable 1,VALIDO,DEDUCIDO,2026-07-02T00:34:13.278089-03:00,2026-07-02T03:46:52.136284-03:00,192.65,,,,,,5
fe346a06-71f4-4aed-bcb0-ed865541ab66,,R7,Ricardone → San Lorenzo,VALIDO,COMPLETO,2026-07-02T00:37:24.499276-03:00,2026-07-02T06:03:35.277497-03:00,326.18,326.18,0.00,0.00,MIXTO,R7_MIXTO,4
a3fffe04-a263-48db-93a5-966721108fa7__cycle_2,,R7,Ricardone → San Lorenzo,VALIDO,COMPLETO,2026-07-02T00:37:52.890992-03:00,2026-07-02T06:07:33.634044-03:00,329.68,329.68,0.00,0.00,MIXTO,R7_MIXTO,4
c84e9a31-1f3f-469e-bc00-b35f5ff8926c__cycle_3,,R5,Recepción Volcable 1,VALIDO,DEDUCIDO,2026-07-02T00:44:22.835961-03:00,2026-07-02T05:41:26.53893-03:00,297.06,,,,,,5
1fcb06d8-8419-4f74-83ca-95fdf772386c__cycle_4,,R5,Recepción Volcable 1,VALIDO,DEDUCIDO,2026-07-02T00:46:25.142067-03:00,2026-07-02T01:06:16.560769-03:00,19.86,,,,,,3
cac54883-0619-42e9-95df-f16832f4ea4d__cycle_6,,R7,Ricardone → San Lorenzo,VALIDO,,2026-07-02T00:56:02.860682-03:00,2026-07-02T07:37:52.765576-03:00,401.83,0.00,0.00,77.01,MIXTO,R7_MIXTO,5
ba3b23a0-c888-46b1-8ae9-c3d0358b436a,,R7,Ricardone → San Lorenzo,VALIDO,,2026-07-02T00:57:23.049238-03:00,2026-07-02T07:54:17.743882-03:00,416.91,0.00,0.00,96.41,MIXTO,R7_MIXTO,5
9e6b70db-4f07-4db5-9498-e4ee44666010,,R6,Recepción Volcable 2,VALIDO,DEDUCIDO,2026-07-02T00:57:43.131464-03:00,2026-07-02T05:36:25.489732-03:00,278.71,,,,,,4
a8a4672c-c881-47e3-bbb3-7ea2e07dbf8d__cycle_2,,R7,Ricardone → San Lorenzo,VALIDO,COMPLETO,2026-07-02T01:07:17.860789-03:00,2026-07-02T06:14:58.894849-03:00,307.68,307.68,0.00,0.00,MIXTO,R7_MIXTO,4
175b8496-a230-4027-ba1b-c9ef56e99b15__cycle_2,,R7,Ricardone → San Lorenzo,VALIDO,,2026-07-02T01:08:32.849777-03:00,2026-07-02T09:04:18.015197-03:00,475.75,0.00,0.00,157.76,MIXTO,R7_MIXTO,4
005019b0-0b74-42ea-bc1b-2e8e3f7bc1e6,,R7,Ricardone → San Lorenzo,VALIDO,COMPLETO,2026-07-02T01:13:37.96249-03:00,2026-07-02T06:12:48.694425-03:00,299.18,299.18,0.00,0.00,MIXTO,R7_MIXTO,4
a76bee10-124a-4fa9-a93c-31e1016c81f6,,R7,Ricardone → San Lorenzo,VALIDO,COMPLETO,2026-07-02T01:19:28.071523-03:00,2026-07-02T06:15:58.666414-03:00,296.51,296.51,0.00,0.00,MIXTO,R7_MIXTO,4
d195e49a-ebed-44ae-878c-865c8d855ecf__cycle_2,,R7,Ricardone → San Lorenzo,VALIDO,COMPLETO,2026-07-02T01:23:32.846946-03:00,2026-07-02T06:24:08.772096-03:00,300.60,300.60,0.00,0.00,MIXTO,R7_MIXTO,4
762c0ea6-7d57-4595-86d9-15a97dd3dab2,,R7,Ricardone → San Lorenzo,VALIDO,COMPLETO,2026-07-02T01:24:37.866285-03:00,2026-07-02T06:28:18.61413-03:00,303.68,303.68,0.00,0.00,MIXTO,R7_MIXTO,4
b89630c0-e6bf-4ff7-b9a7-50c6f69dc2a9,,R7,Ricardone → San Lorenzo,VALIDO,COMPLETO,2026-07-02T01:31:57.872766-03:00,2026-07-02T06:33:33.609066-03:00,301.60,301.60,0.00,0.00,MIXTO,R7_MIXTO,4
c78e8639-127e-4a21-96f1-d20cab3bb6d1,,R7,Ricardone → San Lorenzo,VALIDO,DEDUCIDO,2026-07-02T01:32:17.938727-03:00,2026-07-02T06:40:48.627733-03:00,308.51,308.51,0.00,0.00,MIXTO,R7_MIXTO,3
5046a05e-8441-437a-bd12-1dcf69cf7be1,,R7,Ricardone → San Lorenzo,VALIDO,COMPLETO,2026-07-02T02:08:57.91202-03:00,2026-07-02T08:07:18.63443-03:00,358.35,358.35,0.00,0.00,MIXTO,R7_MIXTO,4
10a22661-0c08-44bd-8803-15bbbdb86c42,,R5,Recepción Volcable 1,VALIDO,DEDUCIDO,2026-07-02T02:26:02.878248-03:00,2026-07-02T08:13:16.532343-03:00,347.23,,,,,,5
9a578e3c-f715-4367-9986-a7de8cedfc8f,,R5,Recepción Volcable 1,VALIDO,DEDUCIDO,2026-07-02T02:28:27.871565-03:00,2026-07-02T07:37:56.527582-03:00,309.48,,,,,,5
d8ba0fe6-f2ab-44c1-93c0-14efd28308ec__cycle_3,,R7,Ricardone → San Lorenzo,VALIDO,,2026-07-02T03:00:08.681121-03:00,2026-07-02T08:46:33.628194-03:00,346.42,346.42,0.00,0.00,MIXTO,R7_MIXTO,2
47857014-6190-4ff8-8ade-de070c7d1eb5,,R7,Ricardone → San Lorenzo,VALIDO,DEDUCIDO,2026-07-02T03:18:12.875557-03:00,2026-07-02T05:55:33.608413-03:00,157.35,157.35,0.00,0.00,MIXTO,R7_MIXTO,3
05fd2181-16c9-453a-b097-cff08b2299f3,,R7,Ricardone → San Lorenzo,VALIDO,COMPLETO,2026-07-02T03:19:37.916866-03:00,2026-07-02T08:53:49.366757-03:00,334.19,334.19,0.00,0.00,MIXTO,R7_MIXTO,4
5411cbf9-c11a-467a-a29a-ff106341bd7f__cycle_2,,R7,Ricardone → San Lorenzo,VALIDO,DEDUCIDO,2026-07-02T03:35:42.88421-03:00,2026-07-02T08:54:23.61326-03:00,318.68,318.68,0.00,0.00,MIXTO,R7_MIXTO,3
f15a8bfe-15e4-4c7c-9298-76bac9eb761a,,R7,Ricardone → San Lorenzo,VALIDO,COMPLETO,2026-07-02T03:42:12.902773-03:00,2026-07-02T09:04:53.614799-03:00,322.68,322.68,0.00,0.00,MIXTO,R7_MIXTO,4
03572333-f256-4a37-b2c3-c39a769dce6a,,R7,Ricardone → San Lorenzo,VALIDO,COMPLETO,2026-07-02T03:58:07.914767-03:00,2026-07-02T08:57:54.758517-03:00,299.78,299.78,0.00,0.00,MIXTO,R7_MIXTO,4
c155471b-2aca-42aa-844a-95572721a9b4,,R5,Recepción Volcable 1,VALIDO,DEDUCIDO,2026-07-02T04:02:47.864103-03:00,2026-07-02T09:08:41.50506-03:00,305.89,,,,,,3
4e8ee119-ae8e-4d32-8f10-6cc40a0fa384,,R6,Recepción Volcable 2,VALIDO,DEDUCIDO,2026-07-02T04:06:02.887559-03:00,2026-07-02T09:10:25.513145-03:00,304.38,,,,,,5
39a78cae-a3db-47a2-bdac-8c00b7cebd33__cycle_3,,R7,Ricardone → San Lorenzo,VALIDO,COMPLETO,2026-07-02T04:23:57.82372-03:00,2026-07-02T09:09:03.647072-03:00,285.10,285.10,0.00,0.00,MIXTO,R7_MIXTO,4
e2f27eea-13d2-4e8d-a532-9cc9e016f859,,R7,Ricardone → San Lorenzo,VALIDO,COMPLETO,2026-07-02T04:24:47.848292-03:00,2026-07-02T09:14:53.615795-03:00,290.10,290.10,0.00,0.00,MIXTO,R7_MIXTO,4
b8495131-d0a9-41c0-8a08-de984549f222,,R1,Recepción Celda 16,VALIDO,DEDUCIDO,2026-07-02T05:16:52.879325-03:00,2026-07-02T11:10:41.699355-03:00,353.81,,,,,,16
5d24ef14-b01e-4f9e-97d1-3947519bd538,,R7,Ricardone → San Lorenzo,VALIDO,COMPLETO,2026-07-02T05:20:27.870975-03:00,2026-07-02T09:23:37.361741-03:00,243.16,243.16,0.00,0.00,MIXTO,R7_MIXTO,4
faffc3a8-cd08-4414-b7c4-3b923483ec0e__cycle_1,,R5,Recepción Volcable 1,VALIDO,DEDUCIDO,2026-07-02T05:22:19.035164-03:00,2026-07-02T13:04:56.549127-03:00,462.63,,,,,,3
10861a6f-515c-4e9c-98f7-127917a7ec04,,R7,Ricardone → San Lorenzo,VALIDO,DEDUCIDO,2026-07-02T05:30:47.866691-03:00,2026-07-02T09:25:43.640694-03:00,234.93,234.93,0.00,0.00,MIXTO,R7_MIXTO,3
bfac3691-3605-481e-8e97-75331d6eceba,,R7,Ricardone → San Lorenzo,VALIDO,COMPLETO,2026-07-02T05:35:22.988925-03:00,2026-07-02T09:28:03.640075-03:00,232.68,232.68,0.00,0.00,MIXTO,R7_MIXTO,4
4aaab230-713c-4171-8a29-08b849320f17__cycle_3,,R7,Ricardone → San Lorenzo,VALIDO,,2026-07-02T05:55:47.868272-03:00,2026-07-02T09:29:08.623378-03:00,213.35,213.35,0.00,0.00,MIXTO,R7_MIXTO,2
7f9876c6-96af-4dd6-9087-50362ba99f5b,,R6,Recepción Volcable 2,VALIDO,DEDUCIDO,2026-07-02T06:00:27.868239-03:00,2026-07-02T09:45:50.50008-03:00,225.38,,,,,,5
e4624a5b-1b59-4171-a136-e967e815a640,,R7,Ricardone → San Lorenzo,VALIDO,COMPLETO,2026-07-02T06:08:22.989938-03:00,2026-07-02T09:59:08.629817-03:00,230.76,230.76,0.00,0.00,MIXTO,R7_MIXTO,4
d45e7a9a-52c1-4d22-bbe4-a8e09013329a,,R7,Ricardone → San Lorenzo,VALIDO,COMPLETO,2026-07-02T06:09:09.266816-03:00,2026-07-02T10:06:28.538135-03:00,237.32,237.32,0.00,0.00,MIXTO,R7_MIXTO,4
a7862845-d04b-489e-83be-de763dc14733__cycle_2,,R7,Ricardone → San Lorenzo,VALIDO,DEDUCIDO,2026-07-02T06:15:42.788249-03:00,2026-07-02T09:33:13.647503-03:00,197.51,197.51,0.00,0.00,MIXTO,R7_MIXTO,3
a7899bce-2a20-42bd-abd7-c256cd938060,,R7,Ricardone → San Lorenzo,VALIDO,DEDUCIDO,2026-07-02T06:25:22.853703-03:00,2026-07-02T12:01:33.576837-03:00,336.18,336.18,0.00,0.00,MIXTO,R7_MIXTO,3
5fef4c29-00e8-4ef0-a304-c4490679f2a7,,R6,Recepción Volcable 2,VALIDO,DEDUCIDO,2026-07-02T06:39:07.894558-03:00,2026-07-02T10:16:15.488665-03:00,217.13,,,,,,4
5ad51dc9-ee62-44ae-ac71-02c87df3f1d3__cycle_2,,R7,Ricardone → San Lorenzo,VALIDO,COMPLETO,2026-07-02T06:39:27.816522-03:00,2026-07-02T10:40:03.567932-03:00,240.60,240.60,0.00,0.00,MIXTO,R7_MIXTO,4
6525d9e0-7f68-4f49-82df-e6ec96275616__cycle_2,,R7,Ricardone → San Lorenzo,VALIDO,DEDUCIDO,2026-07-02T06:42:07.810326-03:00,2026-07-02T10:47:38.54462-03:00,245.51,245.51,0.00,0.00,MIXTO,R7_MIXTO,3
453e711c-30c7-45da-b78d-a035b80e082b,,R7,Ricardone → San Lorenzo,VALIDO,COMPLETO,2026-07-02T06:44:38.127438-03:00,2026-07-02T10:42:23.540273-03:00,237.76,237.76,0.00,0.00,MIXTO,R7_MIXTO,4
e5beede9-b399-4454-b0f8-925d8c25e92c,,R7,Ricardone → San Lorenzo,VALIDO,DEDUCIDO,2026-07-02T07:02:37.887427-03:00,2026-07-02T07:08:38.612113-03:00,6.01,6.01,0.00,0.00,MIXTO,R7_MIXTO,3
a169cdbe-c30b-44fb-8552-dd91d6d15df5__cycle_2,,R7,Ricardone → San Lorenzo,VALIDO,DEDUCIDO,2026-07-02T07:04:42.648981-03:00,2026-07-02T07:18:43.615009-03:00,14.02,14.02,0.00,0.00,MIXTO,R7_MIXTO,4
d335f3dd-e960-49dc-b787-e9d3aff0da55,,R7,Ricardone → San Lorenzo,VALIDO,,2026-07-02T07:18:02.816295-03:00,2026-07-02T07:58:48.649321-03:00,40.76,40.76,0.00,0.00,MIXTO,R7_MIXTO,2
433c3771-e87e-4f11-bd32-16d5017eb4f2,,R7,Ricardone → San Lorenzo,VALIDO,,2026-07-02T07:32:47.80887-03:00,2026-07-02T16:33:23.548818-03:00,540.60,0.00,0.00,90.10,MIXTO,R7_MIXTO,5
739be278-8a1a-4eae-8b35-3b11625d83f4__cycle_6,,R8,Recepción Mercadería Líquida,VALIDO,DEDUCIDO,2026-07-02T07:34:42.833457-03:00,2026-07-02T14:30:08.441438-03:00,415.43,,,,,,7
341aa0e8-dd46-4354-8f60-2fa56ee86296,,R7,Ricardone → San Lorenzo,VALIDO,,2026-07-02T07:38:22.378738-03:00,2026-07-02T08:06:19.896371-03:00,27.96,27.96,0.00,8.67,MIXTO,R7_MIXTO,9
bb63ede0-cd1b-4b26-ad53-b532f479c1c8,,R1,Recepción Celda 16,VALIDO,DEDUCIDO,2026-07-02T07:38:47.852121-03:00,2026-07-02T12:17:26.708971-03:00,278.65,,,,,,7
c827d790-701c-4240-b534-3389c13b2550__cycle_1,,R1,Recepción Celda 16,VALIDO,DEDUCIDO,2026-07-02T07:45:36.995642-03:00,2026-07-02T10:37:16.704038-03:00,171.66,,,,,,3
acfce45e-2daf-4406-a0be-db9fb6e0942f,,R7,Ricardone → San Lorenzo,VALIDO,,2026-07-02T07:46:12.851123-03:00,2026-07-02T07:53:58.647856-03:00,7.76,7.76,0.00,0.00,MIXTO,R7_MIXTO,2
a0f1c8bc-aee3-439b-a660-fbebf8e093d7,,R1,Recepción Celda 16,VALIDO,DEDUCIDO,2026-07-02T07:47:15.882184-03:00,2026-07-02T08:40:31.707119-03:00,53.26,,,,,,3
83153eaf-fc92-4434-b48f-64fc2bf21e78__cycle_2,,R8,Recepción Mercadería Líquida,VALIDO,DEDUCIDO,2026-07-02T07:51:12.804474-03:00,2026-07-02T08:15:28.543473-03:00,24.26,,,,,,5
65fecd3c-0d39-4a22-a518-171c295e1a75,,R1,Recepción Celda 16,VALIDO,DEDUCIDO,2026-07-02T07:55:25.784356-03:00,2026-07-02T09:05:31.735108-03:00,70.10,,,,,,3
e49bd5f4-23cb-49df-a9a1-7e41a3601cb4__cycle_1,,R8,Recepción Mercadería Líquida,VALIDO,DEDUCIDO,2026-07-02T07:56:08.482823-03:00,2026-07-02T23:13:49.210147-03:00,917.68,,,,,,10
2d1716cf-a43c-42a9-b5af-a9d55835bb68__cycle_2,,R7,Ricardone → San Lorenzo,VALIDO,DEDUCIDO,2026-07-02T07:56:15.887342-03:00,2026-07-02T11:55:33.56578-03:00,239.29,239.29,0.00,0.00,MIXTO,R7_MIXTO,3
37ae0ee8-3247-45db-b170-14dae45ed08f__cycle_2,,R7,Ricardone → San Lorenzo,VALIDO,DEDUCIDO,2026-07-02T08:00:10.789001-03:00,2026-07-02T11:49:08.579155-03:00,228.96,228.96,0.00,0.00,MIXTO,R7_MIXTO,3
b69ae1b6-6057-46f5-ab02-8e39372fe9ae,,R7,Ricardone → San Lorenzo,VALIDO,COMPLETO,2026-07-02T08:02:52.823741-03:00,2026-07-02T11:33:58.624416-03:00,211.10,211.10,0.00,0.00,MIXTO,R7_MIXTO,4
f7b6cf6c-ec53-4e7c-825f-b65ad5314043,,R1,Recepción Celda 16,VALIDO,DEDUCIDO,2026-07-02T08:03:47.837698-03:00,2026-07-02T12:34:56.737316-03:00,271.15,,,,,,6
e2b30900-b58b-4120-81eb-71192a3e74f5__cycle_4,,R8,Recepción Mercadería Líquida,VALIDO,DEDUCIDO,2026-07-02T08:18:37.813541-03:00,2026-07-02T08:50:37.314872-03:00,31.99,,,,,,5
574778bb-4fba-41f7-a56c-ee88802fd718,,R7,Ricardone → San Lorenzo,VALIDO,COMPLETO,2026-07-02T08:18:47.802598-03:00,2026-07-02T11:35:28.709167-03:00,196.68,196.68,0.00,0.00,MIXTO,R7_MIXTO,4
99a9e568-a681-426e-b9d5-c1fb7884da1a__cycle_4,,R8,Recepción Mercadería Líquida,VALIDO,DEDUCIDO,2026-07-02T08:21:07.803374-03:00,2026-07-02T15:08:14.22012-03:00,407.11,,,,,,4
e2cd4ccf-2287-424f-be17-5672d05b7fff,,R7,Ricardone → San Lorenzo,VALIDO,COMPLETO,2026-07-02T08:24:22.843892-03:00,2026-07-02T11:41:38.560731-03:00,197.26,197.26,0.00,0.00,MIXTO,R7_MIXTO,4
e59fe003-b5e0-448a-ad29-cc0feb28c2f3,,R7,Ricardone → San Lorenzo,VALIDO,COMPLETO,2026-07-02T08:25:37.896416-03:00,2026-07-02T11:52:58.569569-03:00,207.34,207.34,0.00,0.00,MIXTO,R7_MIXTO,4
b97204fd-e508-4cb2-8fdc-6079e80dc415,,R1,Recepción Celda 16,VALIDO,DEDUCIDO,2026-07-02T08:26:41.723349-03:00,2026-07-02T12:38:41.711658-03:00,252.00,,,,,,5
4d9e4a1f-3cfa-4a79-a275-058b8bf62414__cycle_2,,R7,Ricardone → San Lorenzo,VALIDO,COMPLETO,2026-07-02T08:27:17.792307-03:00,2026-07-02T12:04:23.560222-03:00,217.10,217.10,0.00,0.00,MIXTO,R7_MIXTO,4
d766a4b1-5616-4074-abf2-52c988f8605f__cycle_2,,R7,Ricardone → San Lorenzo,VALIDO,COMPLETO,2026-07-02T08:28:37.802547-03:00,2026-07-02T11:59:43.561427-03:00,211.10,211.10,0.00,0.00,MIXTO,R7_MIXTO,4
95c922ba-7f0b-4643-901b-5a8261ba6522__cycle_3,,R8,Recepción Mercadería Líquida,VALIDO,DEDUCIDO,2026-07-02T08:42:47.787614-03:00,2026-07-02T08:57:55.817656-03:00,15.13,,,,,,4
adc35917-b36f-438a-9aa5-7b791978297e__cycle_3,,R8,Recepción Mercadería Líquida,VALIDO,DEDUCIDO,2026-07-02T08:43:02.783503-03:00,2026-07-02T09:05:45.787119-03:00,22.72,,,,,,4
93486c26-0a2e-48f4-b744-a0247e8d9fc1__cycle_6,,R7,Ricardone → San Lorenzo,VALIDO,COMPLETO,2026-07-02T08:47:02.796553-03:00,2026-07-02T12:09:03.5662-03:00,202.01,202.01,0.00,0.00,MIXTO,R7_MIXTO,4
d4c8806a-39b5-41e0-b9f1-08e481ea2613__cycle_2,,R8,Recepción Mercadería Líquida,VALIDO,DEDUCIDO,2026-07-02T08:50:22.796327-03:00,2026-07-02T09:30:22.290944-03:00,39.99,,,,,,4
c7aa6cc1-1ff4-49b5-beb6-43c5c451bb92__cycle_6,,R7,Ricardone → San Lorenzo,VALIDO,COMPLETO,2026-07-02T08:55:57.799142-03:00,2026-07-02T12:15:03.574864-03:00,199.10,199.10,0.00,0.00,MIXTO,R7_MIXTO,4
3e2375ac-7c8a-40f3-87c1-faa1cd035b9c,,R7,Ricardone → San Lorenzo,VALIDO,COMPLETO,2026-07-02T08:56:52.832127-03:00,2026-07-02T12:29:38.569733-03:00,212.76,212.76,0.00,0.00,MIXTO,R7_MIXTO,4
686ef066-f6cc-4eb4-904f-51f3ba1776ac,,R7,Ricardone → San Lorenzo,VALIDO,COMPLETO,2026-07-02T08:57:45.734686-03:00,2026-07-02T12:23:37.333289-03:00,205.86,205.86,0.00,0.00,MIXTO,R7_MIXTO,4
4cc19a84-4de7-45b6-8011-6011c1fe654d,,R7,Ricardone → San Lorenzo,VALIDO,DEDUCIDO,2026-07-02T08:57:53.325916-03:00,2026-07-02T12:22:33.65391-03:00,204.67,204.67,0.00,0.00,MIXTO,R7_MIXTO,3
87c9f866-7783-45a6-8321-0504b5dd95f2__cycle_3,,R7,Ricardone → San Lorenzo,VALIDO,DEDUCIDO,2026-07-02T08:59:22.799457-03:00,2026-07-02T14:51:03.522991-03:00,351.68,351.68,0.00,0.00,MIXTO,R7_MIXTO,3
418afff2-b1be-4ee7-a02a-a8d8f3a482c0,,R7,Ricardone → San Lorenzo,VALIDO,COMPLETO,2026-07-02T09:01:22.851492-03:00,2026-07-02T14:51:38.54255-03:00,350.26,350.26,0.00,0.00,MIXTO,R7_MIXTO,4
79812c4c-5f8e-4fe3-9b16-71687c2b6a3f__cycle_2,,R7,Ricardone → San Lorenzo,VALIDO,COMPLETO,2026-07-02T09:02:37.800889-03:00,2026-07-02T14:52:03.545224-03:00,349.43,349.43,0.00,0.00,MIXTO,R7_MIXTO,4
49b24ba8-7c4f-4c2a-aa3c-00e43a37b549,,R7,Ricardone → San Lorenzo,VALIDO,DEDUCIDO,2026-07-02T09:04:07.854669-03:00,2026-07-02T09:16:03.613528-03:00,11.93,11.93,0.00,0.00,MIXTO,R7_MIXTO,3
c28cc681-46b2-44b0-831e-98026a32be31,,R5,Recepción Volcable 1,VALIDO,DEDUCIDO,2026-07-02T09:06:13.34187-03:00,2026-07-02T13:50:46.506884-03:00,284.55,,,,,,4
0276c102-00b7-49b0-8062-a9407d396bfc,,R7,Ricardone → San Lorenzo,VALIDO,COMPLETO,2026-07-02T09:07:52.844726-03:00,2026-07-02T12:42:53.565561-03:00,215.01,215.01,0.00,0.00,MIXTO,R7_MIXTO,4
dd5c9132-4af5-4084-bf4a-5b2ec1aa3681__cycle_2,,R7,Ricardone → San Lorenzo,VALIDO,DEDUCIDO,2026-07-02T09:08:02.77254-03:00,2026-07-02T09:34:28.643468-03:00,26.43,26.43,0.00,0.00,MIXTO,R7_MIXTO,3
f5ad5bb4-fa60-4e9e-ba75-c84dfcd7216f__cycle_2,,R7,Ricardone → San Lorenzo,VALIDO,COMPLETO,2026-07-02T09:10:42.790739-03:00,2026-07-02T14:52:53.605103-03:00,342.18,342.18,0.00,0.00,MIXTO,R7_MIXTO,4
d693dc5f-532e-449b-bec8-c3dcb44f1a9e,,R7,Ricardone → San Lorenzo,VALIDO,,2026-07-02T09:15:47.785524-03:00,2026-07-02T09:35:53.62741-03:00,20.10,20.10,0.00,0.00,MIXTO,R7_MIXTO,2
552e2ebe-8174-4d51-8fa4-f1bee7cfd36e__cycle_3,,R8,Recepción Mercadería Líquida,VALIDO,DEDUCIDO,2026-07-02T09:16:02.793759-03:00,2026-07-02T09:56:32.298678-03:00,40.49,,,,,,5
9e92556a-09e1-48fb-aead-283937ec93a4,,R7,Ricardone → San Lorenzo,VALIDO,COMPLETO,2026-07-02T09:17:12.917185-03:00,2026-07-02T12:48:08.594058-03:00,210.93,210.93,0.00,0.00,MIXTO,R7_MIXTO,4
95ae673b-db3b-428a-bd6c-09af8390379a,,R7,Ricardone → San Lorenzo,VALIDO,COMPLETO,2026-07-02T09:22:38.018615-03:00,2026-07-02T12:52:23.620819-03:00,209.76,209.76,0.00,0.00,MIXTO,R7_MIXTO,4
e7a1e134-0a77-4248-9587-82e9b57ba539,,R7,Ricardone → San Lorenzo,VALIDO,DEDUCIDO,2026-07-02T09:23:52.774676-03:00,2026-07-02T09:41:53.701801-03:00,18.02,18.02,0.00,0.00,MIXTO,R7_MIXTO,3
dddc66c9-4aec-4487-8909-4d547de7ba9f__cycle_3,,R8,Recepción Mercadería Líquida,VALIDO,DEDUCIDO,2026-07-02T09:25:17.772641-03:00,2026-07-02T11:10:25.361677-03:00,105.13,,,,,,6
398f70e1-0ba2-4cd7-a891-971482871b0e,,R7,Ricardone → San Lorenzo,VALIDO,COMPLETO,2026-07-02T09:25:37.855747-03:00,2026-07-02T15:05:33.544686-03:00,339.93,339.93,0.00,0.00,MIXTO,R7_MIXTO,4
585d3165-2c58-4f33-ad95-c2c9bdddc90a,,R7,Ricardone → San Lorenzo,VALIDO,COMPLETO,2026-07-02T09:26:13.051239-03:00,2026-07-02T13:32:53.604032-03:00,246.68,246.68,0.00,0.00,MIXTO,R7_MIXTO,5
8f886e86-5b56-4061-89b2-289e78ef382f,,R7,Ricardone → San Lorenzo,VALIDO,,2026-07-02T09:32:47.80821-03:00,2026-07-02T12:01:53.585953-03:00,149.10,149.10,0.00,0.00,MIXTO,R7_MIXTO,2
053231c9-34e6-4057-a5f4-3c3ac9a0a372__cycle_2,,R7,Ricardone → San Lorenzo,VALIDO,COMPLETO,2026-07-02T09:36:27.780877-03:00,2026-07-02T13:02:58.62825-03:00,206.51,206.51,0.00,0.00,MIXTO,R7_MIXTO,4
96a8cd41-31d6-47d9-aac1-54f9f2d6f4c1__cycle_2,,R7,Ricardone → San Lorenzo,VALIDO,COMPLETO,2026-07-02T09:41:52.794875-03:00,2026-07-02T14:54:18.643538-03:00,312.43,312.43,0.00,0.00,MIXTO,R7_MIXTO,4
ec8c17da-80e9-4a53-8779-9d2de4d70980__cycle_2,,R5,Recepción Volcable 1,VALIDO,DEDUCIDO,2026-07-02T09:42:39.907213-03:00,2026-07-02T12:22:36.646693-03:00,159.95,,,,,,3
68bf810a-e4db-4ef5-91c7-e72426068488,,R7,Ricardone → San Lorenzo,VALIDO,,2026-07-02T09:55:22.851667-03:00,2026-07-02T14:00:38.30146-03:00,245.26,196.01,10.81,38.43,MIXTO,R7_MIXTO,7
cc50f531-1887-41a4-9d13-894e4624b420__cycle_2,,R8,Recepción Mercadería Líquida,VALIDO,DEDUCIDO,2026-07-02T09:56:52.779615-03:00,2026-07-02T10:21:27.29233-03:00,24.58,,,,,,5
becb292d-a754-41e8-b701-06af541f420f,,R7,Ricardone → San Lorenzo,VALIDO,,2026-07-02T09:57:07.777069-03:00,2026-07-02T16:25:58.560322-03:00,388.85,297.68,18.65,72.52,MIXTO,R7_MIXTO,7
01dbd0a2-24f6-4058-b0d3-918e7bd27302,,R7,Ricardone → San Lorenzo,VALIDO,DEDUCIDO,2026-07-02T10:06:32.763214-03:00,2026-07-02T12:10:13.566187-03:00,123.68,123.68,0.00,0.00,MIXTO,R7_MIXTO,3
55d91b51-391d-4736-8b9d-83ac89e48129__cycle_1,,R7,Ricardone → San Lorenzo,VALIDO,,2026-07-02T10:09:02.83208-03:00,2026-07-02T14:09:58.318589-03:00,240.92,191.26,9.64,40.02,MIXTO,R7_MIXTO,7
bbf3689c-0791-4dd4-be17-b9924e139e17__cycle_2,,R7,Ricardone → San Lorenzo,VALIDO,DEDUCIDO,2026-07-02T10:09:27.813482-03:00,2026-07-02T13:26:28.765273-03:00,197.02,197.02,0.00,0.00,MIXTO,R7_MIXTO,3
1915ea72-68f6-4d28-abed-560f5af908f3__cycle_2,,R1,Recepción Celda 16,VALIDO,DEDUCIDO,2026-07-02T10:17:10.796532-03:00,2026-07-02T11:31:31.758844-03:00,74.35,,,,,,4
5a0a3637-6eeb-4bfe-ade2-6d4d20093cf9,,R7,Ricardone → San Lorenzo,VALIDO,DEDUCIDO,2026-07-02T10:19:37.811696-03:00,2026-07-02T10:43:23.54032-03:00,23.76,23.76,0.00,0.00,MIXTO,R7_MIXTO,3
d9d3e25a-9c4a-42bb-ba2e-414c70a4d6f5,,R7,Ricardone → San Lorenzo,VALIDO,DEDUCIDO,2026-07-02T10:25:52.847685-03:00,2026-07-02T15:52:48.544871-03:00,326.93,326.93,0.00,0.00,MIXTO,R7_MIXTO,3
b984df14-9469-4b39-9514-b1d6bf9f3623,,R7,Ricardone → San Lorenzo,VALIDO,,2026-07-02T10:34:37.813421-03:00,2026-07-02T14:31:08.40293-03:00,236.51,0.00,0.00,39.77,MIXTO,R7_MIXTO,5
5295c860-78e4-4e05-b6b9-b07d1769329a__cycle_2,,R8,Recepción Mercadería Líquida,VALIDO,DEDUCIDO,2026-07-02T10:43:55.650919-03:00,2026-07-03T00:00:49.234819-03:00,796.89,,,,,,17
602827b5-663e-4fdc-9de3-59964b8ed91a__cycle_2,,R7,Ricardone → San Lorenzo,VALIDO,,2026-07-02T10:51:22.781095-03:00,2026-07-02T14:30:33.405315-03:00,219.18,169.86,9.38,39.93,MIXTO,R7_MIXTO,7
b99c4929-166e-407a-b29a-45ab320b6484__cycle_1,,R7,Ricardone → San Lorenzo,VALIDO,,2026-07-02T10:51:52.340672-03:00,2026-07-02T19:18:47.797047-03:00,506.92,0.00,0.00,187.21,MIXTO,R7_MIXTO,6
b2516974-730f-4eb6-a79c-f9d556fb683d,,R1,Recepción Celda 16,VALIDO,DEDUCIDO,2026-07-02T10:55:59.644574-03:00,2026-07-02T11:52:41.706628-03:00,56.70,,,,,,3
da050a1c-7b2c-4a1e-ab3a-e873c46f9be9,,R7,Ricardone → San Lorenzo,VALIDO,,2026-07-02T10:58:57.841733-03:00,2026-07-02T14:45:03.423806-03:00,226.09,164.66,12.67,48.77,MIXTO,R7_MIXTO,6
f4153f4f-ddee-4b60-9055-d1606e1d0dc5,,R7,Ricardone → San Lorenzo,VALIDO,,2026-07-02T10:59:12.805182-03:00,2026-07-02T14:36:33.409666-03:00,217.34,169.68,11.98,35.68,MIXTO,R7_MIXTO,8
eb8068df-d766-45f8-8c64-f5874769fe98,,R7,Ricardone → San Lorenzo,VALIDO,,2026-07-02T10:59:32.803114-03:00,2026-07-02T14:38:09.344527-03:00,218.61,169.85,13.22,35.53,MIXTO,R7_MIXTO,7
3615a67a-3c88-4ebc-a77a-2934ef3764ee__cycle_2,,R8,Recepción Mercadería Líquida,VALIDO,DEDUCIDO,2026-07-02T11:06:03.084743-03:00,2026-07-03T02:21:52.153945-03:00,915.82,,,,,,28
b6552867-8b9e-4a29-b380-4cf38284c197__cycle_3,,R8,Recepción Mercadería Líquida,VALIDO,DEDUCIDO,2026-07-02T11:06:48.118068-03:00,2026-07-03T01:35:09.834611-03:00,868.36,,,,,,21
eac6fa1c-ca3b-4545-94a3-6d19d05a3cc2,,R7,Ricardone → San Lorenzo,VALIDO,,2026-07-02T11:07:22.813123-03:00,2026-07-02T13:55:18.614163-03:00,167.93,167.93,0.00,0.00,MIXTO,R7_MIXTO,2
c27c1ebe-5a57-41d2-8842-d7ab55a66ff0,,R7,Ricardone → San Lorenzo,VALIDO,DEDUCIDO,2026-07-02T11:09:52.827308-03:00,2026-07-02T13:50:33.633471-03:00,160.68,160.68,0.00,0.00,MIXTO,R7_MIXTO,3
631ca196-10fb-4aae-a2e3-16b43a5f33ae,,R7,Ricardone → San Lorenzo,VALIDO,DEDUCIDO,2026-07-02T11:12:37.828509-03:00,2026-07-02T14:04:43.623579-03:00,172.10,172.10,0.00,0.00,MIXTO,R7_MIXTO,3
eaab486a-79be-4178-b94e-97b248d3533f,,R7,Ricardone → San Lorenzo,VALIDO,COMPLETO,2026-07-02T11:25:12.836495-03:00,2026-07-02T17:24:38.553467-03:00,359.43,359.43,0.00,0.00,MIXTO,R7_MIXTO,4
f030e02f-7f26-4bde-b6cd-51e32e44aa2b,,R7,Ricardone → San Lorenzo,VALIDO,,2026-07-02T11:27:52.805371-03:00,2026-07-02T11:37:23.575351-03:00,9.51,9.51,0.00,0.00,MIXTO,R7_MIXTO,2
3890f6cd-fc3d-42f9-b35e-f1e172cdbc2e__cycle_3,,R8,Recepción Mercadería Líquida,VALIDO,DEDUCIDO,2026-07-02T11:28:54.517379-03:00,2026-07-03T01:58:12.680982-03:00,869.30,,,,,,18
a90533ae-9418-4842-8d53-5128deeeb04e__cycle_2,,R8,Recepción Mercadería Líquida,VALIDO,DEDUCIDO,2026-07-02T11:29:39.618148-03:00,2026-07-03T02:21:20.984609-03:00,891.69,,,,,,33
c9668c3d-a860-4fc5-9802-b92977bd5d3c,,R7,Ricardone → San Lorenzo,VALIDO,,2026-07-02T11:36:32.952446-03:00,2026-07-02T15:35:43.436246-03:00,239.17,159.35,11.14,68.69,MIXTO,R7_MIXTO,7
b00ea9d7-1fea-41e1-b3c3-1efac21f1ed7,,R7,Ricardone → San Lorenzo,VALIDO,,2026-07-02T11:44:02.781511-03:00,2026-07-02T16:16:28.088049-03:00,272.42,0.00,0.00,252.75,MIXTO,R7_MIXTO,4
5ac5236d-2ba9-4464-b2c7-12fa89220798,,R7,Ricardone → San Lorenzo,VALIDO,,2026-07-02T11:45:22.820783-03:00,2026-07-02T14:49:23.437931-03:00,184.01,133.70,9.96,40.35,MIXTO,R7_MIXTO,6
514dc898-f64e-42b6-bdaa-b16b7051eba4__cycle_9,,R7,Ricardone → San Lorenzo,VALIDO,DEDUCIDO,2026-07-02T11:48:22.77258-03:00,2026-07-02T12:26:07.351245-03:00,37.74,0.00,0.00,0.00,MIXTO,R7_MIXTO,3
9fdac461-4454-4179-8f9b-3fed291ffb3e,,R7,Ricardone → San Lorenzo,VALIDO,,2026-07-02T11:54:03.203163-03:00,2026-07-02T14:57:08.441727-03:00,183.09,0.00,0.00,40.35,MIXTO,R7_MIXTO,6
76fb9c3d-0e8e-41bc-b05a-ba4de136dc96__cycle_1,,R7,Ricardone → San Lorenzo,VALIDO,,2026-07-02T11:55:47.796159-03:00,2026-07-02T14:52:03.41308-03:00,176.26,124.51,11.15,40.60,MIXTO,R7_MIXTO,6
9d12c55c-6729-4a74-9124-9b202c5ef239,,R7,Ricardone → San Lorenzo,VALIDO,COMPLETO,2026-07-02T11:56:12.762269-03:00,2026-07-02T14:11:33.598848-03:00,135.35,135.35,0.00,0.00,MIXTO,R7_MIXTO,5
0163bb4a-1951-4163-ae8b-cc0f4371f06e,,R7,Ricardone → San Lorenzo,VALIDO,,2026-07-02T11:57:37.815092-03:00,2026-07-02T14:24:28.379893-03:00,146.84,41.43,10.73,94.69,MIXTO,R7_MIXTO,7
3834bd21-9bd9-49c1-a0ef-d5955bd8e4fd__cycle_3,,R7,Ricardone → San Lorenzo,VALIDO,,2026-07-02T11:59:47.767543-03:00,2026-07-02T14:57:33.446293-03:00,177.76,126.76,10.89,40.10,MIXTO,R7_MIXTO,6
e2c1a868-bc75-4536-919a-4bf3f51cb1e7,,R7,Ricardone → San Lorenzo,VALIDO,COMPLETO,2026-07-02T12:05:42.83339-03:00,2026-07-02T17:32:28.561225-03:00,326.76,326.76,0.00,0.00,MIXTO,R7_MIXTO,4
206ab2d4-4c7d-4888-9839-c7044ce8466c,,R7,Ricardone → San Lorenzo,VALIDO,,2026-07-02T12:07:42.389422-03:00,2026-07-02T12:49:28.586807-03:00,41.77,41.77,0.00,17.76,MIXTO,R7_MIXTO,6
548c6b63-0b6a-43aa-b5db-7995add7d4ca,,R7,Ricardone → San Lorenzo,VALIDO,,2026-07-02T12:07:42.800968-03:00,2026-07-02T15:15:23.476869-03:00,187.68,122.01,12.23,53.44,MIXTO,R7_MIXTO,8
3aceac0c-21fa-4514-a5ef-5990abe2e456__cycle_2,,R8,Recepción Mercadería Líquida,VALIDO,DEDUCIDO,2026-07-02T12:09:02.855638-03:00,2026-07-02T13:25:07.326872-03:00,76.07,,,,,,5
13eb8722-e0a3-4b9a-9bb9-31bfa81a22b9,,R7,Ricardone → San Lorenzo,VALIDO,,2026-07-02T12:20:47.819336-03:00,2026-07-02T15:35:13.6823-03:00,194.43,115.68,11.23,67.52,MIXTO,R7_MIXTO,7
c8f23dbc-cb18-4e1f-b49b-3de7bb8e0386__cycle_2,,R7,Ricardone → San Lorenzo,VALIDO,,2026-07-02T12:24:12.782477-03:00,2026-07-02T15:28:03.415102-03:00,183.84,111.26,11.06,61.52,MIXTO,R7_MIXTO,6
3972d98a-bb10-49de-ac95-a1cdd5fb11e8__cycle_2,,R7,Ricardone → San Lorenzo,VALIDO,,2026-07-02T12:24:22.773526-03:00,2026-07-02T15:13:08.443693-03:00,168.76,110.77,10.72,47.27,MIXTO,R7_MIXTO,6
f06d30b8-6ef9-4836-b5d1-2168f16c1816,,R7,Ricardone → San Lorenzo,VALIDO,COMPLETO,2026-07-02T12:26:27.800469-03:00,2026-07-02T17:33:23.567883-03:00,306.93,306.93,0.00,0.00,MIXTO,R7_MIXTO,4
046b007d-399f-45e6-8ef8-d6667a49b374__cycle_1,,R7,Ricardone → San Lorenzo,VALIDO,,2026-07-02T12:29:17.802276-03:00,2026-07-02T15:42:36.713972-03:00,193.32,120.43,10.81,62.07,MIXTO,R7_MIXTO,8
7c51c721-567b-40d1-abfc-da7095f04e77,,R7,Ricardone → San Lorenzo,VALIDO,COMPLETO,2026-07-02T12:31:32.790726-03:00,2026-07-02T17:32:58.543903-03:00,301.43,301.43,0.00,0.00,MIXTO,R7_MIXTO,4
8d948fb1-4afc-4e6a-86a2-e7af80fa88c8__cycle_3,,R7,Ricardone → San Lorenzo,VALIDO,DEDUCIDO,2026-07-02T12:32:57.806749-03:00,2026-07-02T17:34:58.551147-03:00,302.01,302.01,0.00,0.00,MIXTO,R7_MIXTO,3
8c190147-d058-4f15-9d85-fd408318322d,,R7,Ricardone → San Lorenzo,VALIDO,,2026-07-02T12:35:07.845618-03:00,2026-07-02T15:53:13.53192-03:00,198.09,0.00,0.00,69.43,MIXTO,R7_MIXTO,7
34b4dc86-74cb-45fc-92dc-e98d131f4c36,,R7,Ricardone → San Lorenzo,VALIDO,COMPLETO,2026-07-02T12:36:17.864691-03:00,2026-07-02T17:28:28.594847-03:00,292.18,292.18,0.00,0.00,MIXTO,R7_MIXTO,4
2c48b6ac-e847-4720-8c17-d8fc564aea06__cycle_3,,R7,Ricardone → San Lorenzo,VALIDO,DEDUCIDO,2026-07-02T12:42:23.318177-03:00,2026-07-02T17:23:43.545334-03:00,281.34,281.34,0.00,0.00,MIXTO,R7_MIXTO,3
93565e51-5a77-41eb-8e7a-e3eec93251f0,,R7,Ricardone → San Lorenzo,VALIDO,,2026-07-02T12:59:32.96482-03:00,2026-07-02T17:35:43.544651-03:00,276.18,276.18,0.00,0.00,MIXTO,R7_MIXTO,2
2f0f3d29-867f-4cf1-83f4-a7aa1b8d0d23,,R7,Ricardone → San Lorenzo,VALIDO,DEDUCIDO,2026-07-02T13:01:32.780976-03:00,2026-07-02T13:09:18.585829-03:00,7.76,7.76,0.00,0.00,MIXTO,R7_MIXTO,3
3c571d1f-0bc9-453f-a684-4c3699b00e35,,R7,Ricardone → San Lorenzo,VALIDO,COMPLETO,2026-07-02T13:02:02.84178-03:00,2026-07-02T17:42:28.555391-03:00,280.43,280.43,0.00,0.00,MIXTO,R7_MIXTO,4
12b9d2ba-bb83-44b4-ad03-e55f11efed73,,R7,Ricardone → San Lorenzo,VALIDO,,2026-07-02T13:04:17.862216-03:00,2026-07-02T15:56:28.527363-03:00,172.18,98.51,12.90,60.77,MIXTO,R7_MIXTO,6
e59954de-09f9-41a6-a72f-e324c567facc,,R7,Ricardone → San Lorenzo,VALIDO,,2026-07-02T13:05:22.842707-03:00,2026-07-02T16:05:48.561021-03:00,180.43,98.34,13.23,68.85,MIXTO,R7_MIXTO,9
39fc807e-4ea1-4eec-a19e-d67f91202fe0,,R7,Ricardone → San Lorenzo,VALIDO,,2026-07-02T13:09:07.83214-03:00,2026-07-02T16:21:28.538013-03:00,192.35,96.18,15.06,81.10,MIXTO,R7_MIXTO,8
7902d604-65fa-4028-9cd3-dbbbfe6dd408,,R7,Ricardone → San Lorenzo,VALIDO,COMPLETO,2026-07-02T13:18:42.862759-03:00,2026-07-02T17:37:03.623893-03:00,258.35,258.35,0.00,0.00,MIXTO,R7_MIXTO,5
b10c6025-8259-4fb2-bc6a-b3a3d4ad41e1,,R7,Ricardone → San Lorenzo,VALIDO,DEDUCIDO,2026-07-02T13:26:42.868848-03:00,2026-07-02T17:37:43.572434-03:00,251.01,251.01,0.00,0.00,MIXTO,R7_MIXTO,3
e68f69fc-ced1-4ded-9615-f6ff009520c5,,R7,Ricardone → San Lorenzo,VALIDO,,2026-07-02T13:28:12.806361-03:00,2026-07-02T21:29:48.984897-03:00,481.60,246.01,35.48,200.11,MIXTO,R7_MIXTO,6
9d5cff27-896f-497c-a712-1c273af79c7d,,R7,Ricardone → San Lorenzo,VALIDO,COMPLETO,2026-07-02T13:32:37.860768-03:00,2026-07-02T18:15:52.253349-03:00,283.24,245.51,37.73,0.00,MIXTO,R7_MIXTO,5
88818654-56f1-44f3-a2d8-a629734d40cc__cycle_2,,R7,Ricardone → San Lorenzo,VALIDO,,2026-07-02T13:41:17.761505-03:00,2026-07-02T17:01:03.645068-03:00,199.76,86.43,13.07,100.27,MIXTO,R7_MIXTO,8
f8d1adbf-d0ca-48b6-ab8f-222134cd882c__cycle_3,,R7,Ricardone → San Lorenzo,VALIDO,,2026-07-02T13:41:32.758928-03:00,2026-07-02T21:05:08.978486-03:00,443.60,233.85,35.73,174.03,MIXTO,R7_MIXTO,6
669dff90-128e-4cb6-9d54-cdd504582596,,R7,Ricardone → San Lorenzo,VALIDO,,2026-07-02T13:41:47.856772-03:00,2026-07-02T17:12:38.690352-03:00,210.85,86.43,13.56,110.86,MIXTO,R7_MIXTO,7
6456efb5-b514-4f29-b488-c285aacce5e5,,R7,Ricardone → San Lorenzo,VALIDO,,2026-07-02T13:42:02.885756-03:00,2026-07-02T17:00:38.750373-03:00,198.60,83.09,10.65,104.86,MIXTO,R7_MIXTO,7
7ecd10eb-a0ef-4a38-86b5-1f8708a18466__cycle_2,,R7,Ricardone → San Lorenzo,VALIDO,,2026-07-02T13:42:27.762352-03:00,2026-07-02T17:37:03.702878-03:00,234.60,103.26,11.81,119.52,MIXTO,R7_MIXTO,7
bfa49970-f8a8-406c-99b7-e77a2d57527a__cycle_2,,R7,Ricardone → San Lorenzo,VALIDO,,2026-07-02T13:42:47.767882-03:00,2026-07-02T21:33:53.984058-03:00,471.10,236.43,38.31,196.36,MIXTO,R7_MIXTO,7
84594545-191e-488f-b64c-c212814f0e72,,R7,Ricardone → San Lorenzo,VALIDO,,2026-07-02T13:43:27.83976-03:00,2026-07-02T17:11:13.644242-03:00,207.76,96.09,8.98,102.69,MIXTO,R7_MIXTO,7
a1a813e3-8103-404e-96ed-f20dbf4fc26b__cycle_2,,R7,Ricardone → San Lorenzo,VALIDO,,2026-07-02T13:45:03.500558-03:00,2026-07-02T21:11:53.987337-03:00,446.84,231.67,36.06,179.11,MIXTO,R7_MIXTO,7
30cd004c-729f-43af-8e5d-cbdb593ca7b9,,R7,Ricardone → San Lorenzo,VALIDO,DEDUCIDO,2026-07-02T13:46:57.847472-03:00,2026-07-02T17:39:54.595138-03:00,232.95,232.95,0.00,0.00,MIXTO,R7_MIXTO,3
bea8a865-6c3f-45df-ac46-53c8e1f20683,,R7,Ricardone → San Lorenzo,VALIDO,,2026-07-02T13:51:17.804476-03:00,2026-07-02T17:35:08.649339-03:00,223.85,93.35,11.90,118.61,MIXTO,R7_MIXTO,6
822f53f0-4f2f-4ce3-a305-86ca3e9ede60__cycle_3,,R8,Recepción Mercadería Líquida,VALIDO,DEDUCIDO,2026-07-02T13:53:32.756761-03:00,2026-07-02T17:51:08.660478-03:00,237.60,,,,,,12
d5da0d40-2690-4aa2-8b2b-323169be23a6,,R7,Ricardone → San Lorenzo,VALIDO,DEDUCIDO,2026-07-02T13:54:42.85992-03:00,2026-07-02T17:40:28.604723-03:00,225.76,225.76,0.00,0.00,MIXTO,R7_MIXTO,3
708ebb55-6825-469a-bc5d-53e07b9629a4__cycle_2,,R7,Ricardone → San Lorenzo,VALIDO,,2026-07-02T13:55:17.797639-03:00,2026-07-02T17:52:13.641403-03:00,236.93,88.01,12.40,136.52,MIXTO,R7_MIXTO,6
0d69e517-06ba-46b8-a8c9-193e8ff6e68e__cycle_1,,R7,Ricardone → San Lorenzo,VALIDO,,2026-07-02T14:02:42.787452-03:00,2026-07-02T17:12:08.654275-03:00,189.43,79.68,11.89,97.86,MIXTO,R7_MIXTO,6
0e31bab7-01bf-4704-b961-825a4b96d1d0,,R7,Ricardone → San Lorenzo,VALIDO,,2026-07-02T14:02:52.768508-03:00,2026-07-02T17:22:03.650832-03:00,199.18,79.85,12.40,106.94,MIXTO,R7_MIXTO,6
e654ac8f-6721-4788-b2cd-a53c51682229__cycle_1,,R7,Ricardone → San Lorenzo,VALIDO,,2026-07-02T14:04:12.813567-03:00,2026-07-02T18:12:28.750533-03:00,248.27,92.10,15.40,140.77,MIXTO,R7_MIXTO,7
76a021db-49d9-4e01-90e4-7041aa1671a2__cycle_2,,R8,Recepción Mercadería Líquida,VALIDO,DEDUCIDO,2026-07-02T14:08:12.806546-03:00,2026-07-02T18:27:22.837831-03:00,259.17,,,,,,15
1d9d2813-fb89-4f91-8b0c-b36969df72db__cycle_3,,R8,Recepción Mercadería Líquida,VALIDO,DEDUCIDO,2026-07-02T14:11:02.80034-03:00,2026-07-02T18:29:58.758497-03:00,258.93,,,,,,14
bd8e8ccc-660b-4053-bc45-ec4d280873d0__cycle_4,,R8,Recepción Mercadería Líquida,VALIDO,DEDUCIDO,2026-07-02T14:11:23.01804-03:00,2026-07-02T16:25:03.559536-03:00,133.68,,,,,,7
7e81776a-3d4c-4035-ad2e-bdce68e04839,,R7,Ricardone → San Lorenzo,VALIDO,,2026-07-02T14:15:42.827273-03:00,2026-07-02T18:01:38.674033-03:00,225.93,75.26,9.40,141.27,MIXTO,R7_MIXTO,6
cb141457-85ae-467a-9af7-63ee7710106a__cycle_3,,R7,Ricardone → San Lorenzo,VALIDO,,2026-07-02T14:16:17.786928-03:00,2026-07-02T18:05:18.662757-03:00,229.01,75.01,9.65,144.36,MIXTO,R7_MIXTO,6
cb004a8c-98b9-44a2-b6d9-be1bb2c7d28b,,R7,Ricardone → San Lorenzo,VALIDO,,2026-07-02T14:17:02.76656-03:00,2026-07-02T17:42:23.686527-03:00,205.35,75.43,12.90,117.02,MIXTO,R7_MIXTO,6
d2af2034-f25f-4079-96de-ba0cce1c10f2,,R7,Ricardone → San Lorenzo,VALIDO,,2026-07-02T14:18:47.850432-03:00,2026-07-02T18:05:43.651474-03:00,226.93,85.85,10.90,130.19,MIXTO,R7_MIXTO,6
b5dac3b9-0985-4784-b7a9-fa439d330478__cycle_2,,R8,Recepción Mercadería Líquida,VALIDO,DEDUCIDO,2026-07-02T14:18:57.762542-03:00,2026-07-02T16:58:05.823238-03:00,159.13,,,,,,9
ef583387-cabc-453d-8164-e93d9c3d7b63__cycle_2,,R7,Ricardone → San Lorenzo,VALIDO,,2026-07-02T14:21:57.763651-03:00,2026-07-02T17:47:28.661126-03:00,205.51,69.85,12.31,123.36,MIXTO,R7_MIXTO,7
e4410403-7f6f-4907-ae9f-5d2ed40ad95f,,R7,Ricardone → San Lorenzo,VALIDO,,2026-07-02T14:22:22.821826-03:00,2026-07-02T17:48:03.757326-03:00,205.68,73.35,14.98,117.36,MIXTO,R7_MIXTO,7
477fc56a-3fcb-4629-b0a3-f76991b418dd,,R7,Ricardone → San Lorenzo,VALIDO,,2026-07-02T14:27:32.83353-03:00,2026-07-02T17:56:13.677136-03:00,208.68,77.59,11.15,119.94,MIXTO,R7_MIXTO,6
b3fb98ea-d32e-46ce-8580-b9aa3bf32400__cycle_3,,R8,Recepción Mercadería Líquida,VALIDO,DEDUCIDO,2026-07-02T14:31:23.244494-03:00,2026-07-03T02:27:42.155649-03:00,716.32,,,,,,28
8ca0ec16-818d-4a31-8a55-39723cf6cea0,,R7,Ricardone → San Lorenzo,VALIDO,COMPLETO,2026-07-02T14:34:52.839596-03:00,2026-07-02T20:27:58.591966-03:00,353.10,353.10,0.00,0.00,MIXTO,R7_MIXTO,4
b04d427d-aede-4c64-9228-52de1b422cc4,,R7,Ricardone → San Lorenzo,VALIDO,,2026-07-02T14:35:32.807191-03:00,2026-07-02T18:07:23.766748-03:00,211.85,0.00,0.00,126.61,MIXTO,R7_MIXTO,5
df519b4f-89a4-4af7-b9b0-55911e11b3a9__cycle_2,,R7,Ricardone → San Lorenzo,VALIDO,COMPLETO,2026-07-02T14:37:02.757144-03:00,2026-07-02T20:33:28.613861-03:00,356.43,356.43,0.00,0.00,MIXTO,R7_MIXTO,4
21df6b8a-5c5f-40e0-b9d1-38f171fc24cd,,R7,Ricardone → San Lorenzo,VALIDO,COMPLETO,2026-07-02T14:37:57.814524-03:00,2026-07-02T20:23:53.580051-03:00,345.93,345.93,0.00,0.00,MIXTO,R7_MIXTO,4
72db613a-2475-4fba-8ba4-36bcd428da7c__cycle_2,,R7,Ricardone → San Lorenzo,VALIDO,COMPLETO,2026-07-02T14:38:47.768766-03:00,2026-07-02T20:24:58.603498-03:00,346.18,346.18,0.00,0.00,MIXTO,R7_MIXTO,4
ce3e807e-11db-4a66-8993-f806bab6ac96,,R7,Ricardone → San Lorenzo,VALIDO,,2026-07-02T14:44:07.777613-03:00,2026-07-02T18:16:18.823753-03:00,212.18,84.26,14.23,113.69,MIXTO,R7_MIXTO,6
165af099-1419-44fa-9057-b0fa5629f68f,,R7,Ricardone → San Lorenzo,VALIDO,DEDUCIDO,2026-07-02T14:46:27.821678-03:00,2026-07-02T20:25:33.581724-03:00,339.10,339.10,0.00,0.00,MIXTO,R7_MIXTO,3
deb63850-f9b0-4b75-9811-4b4be5e731f2__cycle_2,,R7,Ricardone → San Lorenzo,VALIDO,,2026-07-02T14:47:37.839633-03:00,2026-07-02T18:19:18.811985-03:00,211.68,128.01,10.98,72.69,MIXTO,R7_MIXTO,7
0fcf1c75-4990-4447-b1f0-3eda6e9904c1,,R7,Ricardone → San Lorenzo,VALIDO,COMPLETO,2026-07-02T14:48:07.83943-03:00,2026-07-02T20:26:13.601491-03:00,338.10,338.10,0.00,0.00,MIXTO,R7_MIXTO,4
26fd0f8e-8210-46f8-aecc-231cef0c8a04__cycle_4,,R8,Recepción Mercadería Líquida,VALIDO,DEDUCIDO,2026-07-02T14:48:20.979751-03:00,2026-07-02T17:17:35.816271-03:00,149.25,,,,,,8
ca983612-2e50-4d3b-a4aa-cb236e6aa28f,,R7,Ricardone → San Lorenzo,VALIDO,,2026-07-02T14:49:47.829407-03:00,2026-07-02T20:38:04.314336-03:00,348.27,130.01,10.40,207.87,MIXTO,R7_MIXTO,8
de1daff8-1948-42c1-a151-3136db0a2e2e,,R7,Ricardone → San Lorenzo,VALIDO,,2026-07-02T14:50:17.867068-03:00,2026-07-02T18:11:33.720218-03:00,201.26,133.26,9.23,58.77,MIXTO,R7_MIXTO,7
246da2be-4f04-4e6d-96eb-9e7d7d0c2711,,R7,Ricardone → San Lorenzo,VALIDO,DEDUCIDO,2026-07-02T14:52:42.769514-03:00,2026-07-02T17:07:13.570624-03:00,134.51,134.51,0.00,0.00,MIXTO,R7_MIXTO,3
0ccbda59-387b-4d22-a897-18e6006bc2b9__cycle_2,,R8,Recepción Mercadería Líquida,VALIDO,DEDUCIDO,2026-07-02T14:56:02.777626-03:00,2026-07-03T01:57:34.987583-03:00,661.54,,,,,,16
f10890b0-5891-4b28-8874-5bb5e6e3af7c__cycle_2,,R7,Ricardone → San Lorenzo,VALIDO,,2026-07-02T14:56:12.793995-03:00,2026-07-02T18:25:03.779946-03:00,208.85,132.18,12.73,63.94,MIXTO,R7_MIXTO,6
12bc5503-2153-4924-a8e0-1f0656d2b9a7,,R7,Ricardone → San Lorenzo,VALIDO,COMPLETO,2026-07-02T14:58:37.786739-03:00,2026-07-02T20:28:23.569907-03:00,329.76,329.76,0.00,0.00,MIXTO,R7_MIXTO,4
a21a28ab-70d3-4d57-b08c-a274bbbc4c4b,,R7,Ricardone → San Lorenzo,VALIDO,,2026-07-02T15:02:02.818811-03:00,2026-07-02T17:22:53.549492-03:00,140.85,140.85,0.00,0.00,MIXTO,R7_MIXTO,2
3452858a-3fc1-43ee-b035-9c09ffffa49b,,R7,Ricardone → San Lorenzo,VALIDO,COMPLETO,2026-07-02T15:02:17.793957-03:00,2026-07-02T20:30:13.617423-03:00,327.93,327.93,0.00,0.00,MIXTO,R7_MIXTO,4
a4712971-d09f-4968-b01e-98ef02223219__cycle_2,,R7,Ricardone → San Lorenzo,VALIDO,,2026-07-02T15:04:12.773626-03:00,2026-07-02T18:42:23.799204-03:00,218.18,141.43,29.14,47.61,MIXTO,R7_MIXTO,7
c4a74f6d-1eb7-4d81-9455-2f5590c04437,,R7,Ricardone → San Lorenzo,VALIDO,DEDUCIDO,2026-07-02T15:08:22.808229-03:00,2026-07-02T20:36:08.646118-03:00,327.76,327.76,0.00,0.00,MIXTO,R7_MIXTO,3
119b4c87-fae1-49b4-be19-66220f5f217f,,R7,Ricardone → San Lorenzo,VALIDO,COMPLETO,2026-07-02T15:09:12.810953-03:00,2026-07-02T17:57:57.23231-03:00,168.74,137.76,30.98,0.00,MIXTO,R7_MIXTO,5
5f445005-dc0b-41cd-be5d-ade756857265__cycle_2,,R7,Ricardone → San Lorenzo,VALIDO,,2026-07-02T15:13:22.793091-03:00,2026-07-02T20:23:13.872824-03:00,309.85,136.18,32.23,141.44,MIXTO,R7_MIXTO,6
e10ea834-ff31-4c28-b621-223a956404a6,,R7,Ricardone → San Lorenzo,VALIDO,,2026-07-02T15:22:32.785271-03:00,2026-07-02T20:11:49.17952-03:00,289.27,126.60,31.98,130.70,MIXTO,R7_MIXTO,6
6a6c86f2-1b61-4ab1-84d6-e8a9d001231a,,R7,Ricardone → San Lorenzo,VALIDO,DEDUCIDO,2026-07-02T15:24:27.849137-03:00,2026-07-02T17:34:38.549033-03:00,130.18,130.18,0.00,0.00,MIXTO,R7_MIXTO,3
1f6603ca-e0cf-49cb-b41c-a664691d8596,,R7,Ricardone → San Lorenzo,VALIDO,DEDUCIDO,2026-07-02T15:32:07.777703-03:00,2026-07-02T17:30:13.60159-03:00,118.10,118.10,0.00,0.00,MIXTO,R7_MIXTO,3
1216bd9c-9d5c-40ee-9cf7-99345fb173d5,,R7,Ricardone → San Lorenzo,VALIDO,,2026-07-02T15:37:27.819307-03:00,2026-07-02T17:41:28.682529-03:00,124.01,124.01,0.00,0.00,MIXTO,R7_MIXTO,2
4ff43acb-37a6-4f70-9afd-f01cba973a45__cycle_2,,R7,Ricardone → San Lorenzo,VALIDO,COMPLETO,2026-07-02T15:37:37.885829-03:00,2026-07-02T20:39:28.653532-03:00,301.85,301.85,0.00,0.00,MIXTO,R7_MIXTO,4
53b489ba-e79f-4868-a8b1-69ddaa4e5680,,R7,Ricardone → San Lorenzo,VALIDO,,2026-07-02T15:41:12.810306-03:00,2026-07-02T21:37:19.056687-03:00,356.10,129.01,33.31,193.78,MIXTO,R7_MIXTO,6
71853c63-e4b8-455c-ba6c-17b6877c799a,,R7,Ricardone → San Lorenzo,VALIDO,COMPLETO,2026-07-02T15:41:32.812614-03:00,2026-07-02T20:43:18.753345-03:00,301.77,301.77,0.00,0.00,MIXTO,R7_MIXTO,4
7f061667-d43c-4db1-ab8a-fe71dfa426d6,,R7,Ricardone → San Lorenzo,VALIDO,COMPLETO,2026-07-02T15:41:47.843676-03:00,2026-07-02T20:44:03.594122-03:00,302.26,302.26,0.00,0.00,MIXTO,R7_MIXTO,4
efef2fdd-d8aa-47ca-a1c6-09f83a921337,,R7,Ricardone → San Lorenzo,VALIDO,,2026-07-02T15:42:02.766124-03:00,2026-07-02T16:55:03.580992-03:00,73.01,73.01,0.00,0.00,MIXTO,R7_MIXTO,2
f79d684f-571d-4499-9ac0-580e6d444ea5__cycle_2,,R7,Ricardone → San Lorenzo,VALIDO,,2026-07-02T15:45:37.758604-03:00,2026-07-02T20:19:33.897984-03:00,273.94,105.01,32.89,136.03,MIXTO,R7_MIXTO,6
1f6f23af-9cb0-4b52-97fa-c33b711f3c0d__cycle_3,,R7,Ricardone → San Lorenzo,VALIDO,DEDUCIDO,2026-07-02T15:48:17.788794-03:00,2026-07-02T16:05:33.532286-03:00,17.26,17.26,0.00,0.00,MIXTO,R7_MIXTO,3
207e76f0-3fa7-4b56-81d1-650996e7c33d__cycle_5,,R7,Ricardone → San Lorenzo,VALIDO,,2026-07-02T15:48:47.812893-03:00,2026-07-02T16:06:23.53563-03:00,17.60,17.60,0.00,0.00,MIXTO,R7_MIXTO,2
8fc2f257-c905-4563-8983-086774fd0044__cycle_3,,R7,Ricardone → San Lorenzo,VALIDO,DEDUCIDO,2026-07-02T15:49:12.783082-03:00,2026-07-02T16:06:58.552702-03:00,17.76,17.76,0.00,0.00,MIXTO,R7_MIXTO,3
51ad3d6f-7aaf-4644-a9f2-2459d02f5e24__cycle_3,,R7,Ricardone → San Lorenzo,VALIDO,,2026-07-02T15:49:22.868448-03:00,2026-07-02T16:07:43.588043-03:00,18.35,18.35,0.00,0.00,MIXTO,R7_MIXTO,2
b2d716f7-8932-4bb8-86fc-94fe6b3f5e87,,R7,Ricardone → San Lorenzo,VALIDO,DEDUCIDO,2026-07-02T15:53:32.779258-03:00,2026-07-02T17:50:43.574003-03:00,117.18,117.18,0.00,0.00,MIXTO,R7_MIXTO,3
c8fc7cb8-db4c-4e01-a8ce-ecabc0402a5c,,R7,Ricardone → San Lorenzo,VALIDO,DEDUCIDO,2026-07-02T15:54:08.470405-03:00,2026-07-02T17:52:28.575856-03:00,118.34,118.34,0.00,0.00,MIXTO,R7_MIXTO,3
e3f437ea-fd74-43e6-86fe-20b20b9cf993,,R7,Ricardone → San Lorenzo,VALIDO,,2026-07-02T15:54:27.774206-03:00,2026-07-02T21:36:53.980865-03:00,342.44,118.43,32.73,191.28,MIXTO,R7_MIXTO,7
5069d9e6-f0fb-4c76-afcd-01e05158fbcf,,R7,Ricardone → San Lorenzo,VALIDO,,2026-07-02T15:55:47.857047-03:00,2026-07-03T00:07:39.28333-03:00,491.86,0.00,0.00,195.62,MIXTO,R7_MIXTO,6
f43859b6-30c1-4739-90fb-ed9389f673c3,,R7,Ricardone → San Lorenzo,VALIDO,,2026-07-02T16:01:52.839712-03:00,2026-07-03T01:58:24.576789-03:00,596.53,282.68,13.56,300.29,MIXTO,R7_MIXTO,7
f954e9e5-c5d0-4605-af30-7b31bd1016ea__cycle_2,,R7,Ricardone → San Lorenzo,VALIDO,DEDUCIDO,2026-07-02T16:05:12.771559-03:00,2026-07-02T17:56:23.574153-03:00,111.18,111.18,0.00,0.00,MIXTO,R7_MIXTO,3
8b904e00-7d2c-4362-939c-8af456b8c998,,R7,Ricardone → San Lorenzo,VALIDO,DEDUCIDO,2026-07-02T16:11:02.780488-03:00,2026-07-02T18:01:08.554276-03:00,110.10,110.10,0.00,0.00,MIXTO,R7_MIXTO,3
81d632f0-c00f-4ced-b06c-0605d3a52d9c__cycle_2,,R7,Ricardone → San Lorenzo,VALIDO,DEDUCIDO,2026-07-02T16:12:02.767517-03:00,2026-07-02T16:29:48.55159-03:00,17.76,17.76,0.00,0.00,MIXTO,R7_MIXTO,3
25ce148b-ea64-4e2a-9510-975099c26d80,,R7,Ricardone → San Lorenzo,VALIDO,,2026-07-02T16:16:47.805884-03:00,2026-07-02T22:17:29.612589-03:00,360.70,108.68,24.48,227.54,MIXTO,R7_MIXTO,8
590779ef-cfd6-4a64-9ca2-b432a8af02a5__cycle_2,,R7,Ricardone → San Lorenzo,VALIDO,,2026-07-02T16:20:47.777813-03:00,2026-07-02T21:59:59.277889-03:00,339.19,106.93,22.64,209.62,MIXTO,R7_MIXTO,6
e48219fe-b258-4238-a1e2-ce4b40e2334d__cycle_2,,R7,Ricardone → San Lorenzo,VALIDO,DEDUCIDO,2026-07-02T16:29:42.758759-03:00,2026-07-02T18:11:08.702859-03:00,101.43,101.43,0.00,0.00,MIXTO,R7_MIXTO,3
20f76359-3294-453c-833a-5102928a8eb5,,R7,Ricardone → San Lorenzo,VALIDO,DEDUCIDO,2026-07-02T16:33:57.749432-03:00,2026-07-02T22:16:53.589471-03:00,342.93,342.93,0.00,0.00,MIXTO,R7_MIXTO,3
b8d9de68-a322-4403-a695-bfa68a02340b__cycle_2,,R7,Ricardone → San Lorenzo,VALIDO,,2026-07-02T16:34:42.807556-03:00,2026-07-02T22:21:44.151942-03:00,347.02,109.01,14.06,223.95,MIXTO,R7_MIXTO,6
68b3961e-fe55-4e62-a3e4-0aabb1f2cb55__cycle_3,,R7,Ricardone → San Lorenzo,VALIDO,,2026-07-02T16:35:22.803848-03:00,2026-07-03T03:27:59.676592-03:00,652.61,0.00,0.00,310.21,MIXTO,R7_MIXTO,4
d80333ac-ffa5-4c76-a525-365990571c00,,R7,Ricardone → San Lorenzo,VALIDO,,2026-07-02T16:38:22.818521-03:00,2026-07-02T22:01:49.161728-03:00,323.44,100.01,15.23,208.20,MIXTO,R7_MIXTO,6
72f12d6d-cb84-4363-a3b8-c159824b4cf9,,R7,Ricardone → San Lorenzo,VALIDO,COMPLETO,2026-07-02T16:39:02.762402-03:00,2026-07-02T22:08:38.580843-03:00,329.60,329.60,0.00,0.00,MIXTO,R7_MIXTO,4
492b6243-7654-4c90-8951-aadb7eea3870__cycle_3,,R7,Ricardone → San Lorenzo,VALIDO,,2026-07-02T16:39:53.20086-03:00,2026-07-02T22:02:39.126184-03:00,322.77,102.67,14.23,205.86,MIXTO,R7_MIXTO,7
4ab4c89a-f08e-4b61-a220-8f672bb2cc8f,,R7,Ricardone → San Lorenzo,VALIDO,COMPLETO,2026-07-02T16:43:42.812228-03:00,2026-07-02T22:10:08.593704-03:00,326.43,326.43,0.00,0.00,MIXTO,R7_MIXTO,4
c32760c9-66c1-4f71-8004-1b77e2220de1__cycle_3,,R7,Ricardone → San Lorenzo,VALIDO,COMPLETO,2026-07-02T17:05:07.763221-03:00,2026-07-02T22:12:28.625446-03:00,307.35,307.35,0.00,0.00,MIXTO,R7_MIXTO,4
dafc53fa-a474-4b87-9a3c-2055b6f42f43__cycle_3,,R7,Ricardone → San Lorenzo,VALIDO,,2026-07-02T17:05:52.767765-03:00,2026-07-02T22:12:09.098002-03:00,306.27,0.00,0.00,212.03,MIXTO,R7_MIXTO,6
73ef4b2c-d355-4a8f-b000-ede0419e4d09,,R7,Ricardone → San Lorenzo,VALIDO,COMPLETO,2026-07-02T17:07:38.24251-03:00,2026-07-02T22:12:58.597106-03:00,305.34,305.34,0.00,0.00,MIXTO,R7_MIXTO,4
f01d99b9-fea0-4c9a-84fa-8b70587c7d82__cycle_3,,R8,Recepción Mercadería Líquida,VALIDO,DEDUCIDO,2026-07-02T17:13:42.756633-03:00,2026-07-02T22:33:29.101482-03:00,319.77,,,,,,7
57f415af-ee8c-4498-89c8-2d355fca4662,,R7,Ricardone → San Lorenzo,VALIDO,DEDUCIDO,2026-07-02T17:13:57.860809-03:00,2026-07-02T22:14:29.159709-03:00,300.52,77.43,0.00,0.00,MIXTO,R7_MIXTO,6
27edd00c-0cc1-4ace-a737-05448e77eadf__cycle_2,,R7,Ricardone → San Lorenzo,VALIDO,DEDUCIDO,2026-07-02T17:14:32.762411-03:00,2026-07-02T19:34:28.609168-03:00,139.93,139.93,0.00,0.00,MIXTO,R7_MIXTO,3
56c23cc8-0d41-43cf-af47-1fd2b55baea5__cycle_2,,R7,Ricardone → San Lorenzo,VALIDO,,2026-07-02T17:15:47.771068-03:00,2026-07-02T22:26:59.089462-03:00,311.19,143.60,9.40,158.19,MIXTO,R7_MIXTO,6
afde1db3-cfc0-4a8e-899f-0df5fa32e769,,R7,Ricardone → San Lorenzo,VALIDO,,2026-07-02T17:16:02.885301-03:00,2026-07-02T22:23:59.091897-03:00,307.94,145.26,9.40,153.28,MIXTO,R7_MIXTO,7
d6d8c45a-49dd-4e1a-8fbd-b3318815a87f__cycle_3,,R7,Ricardone → San Lorenzo,VALIDO,,2026-07-02T17:19:02.777214-03:00,2026-07-02T22:30:04.53892-03:00,311.03,141.85,8.56,160.62,MIXTO,R7_MIXTO,7
cca1d07b-ea81-47c1-823a-9329e6e43546__cycle_7,,R8,Recepción Mercadería Líquida,VALIDO,DEDUCIDO,2026-07-02T17:21:17.766791-03:00,2026-07-03T01:25:32.152317-03:00,484.24,,,,,,17
16a618a6-a583-4b25-8400-ecb796521889__cycle_3,,R7,Ricardone → San Lorenzo,VALIDO,,2026-07-02T17:23:12.767387-03:00,2026-07-02T22:26:09.399687-03:00,302.94,139.85,9.89,153.20,MIXTO,R7_MIXTO,6
86d8d79b-7235-4461-9674-7a00705f4e50,,R7,Ricardone → San Lorenzo,VALIDO,COMPLETO,2026-07-02T17:35:57.840895-03:00,2026-07-02T22:11:58.589643-03:00,276.01,140.10,0.00,0.00,MIXTO,R7_MIXTO,5
9e284c13-4b14-4530-b005-98e4ffaa5ae8__cycle_3,,R7,Ricardone → San Lorenzo,VALIDO,,2026-07-02T17:36:07.758842-03:00,2026-07-02T22:36:19.164464-03:00,300.19,137.77,13.06,149.36,MIXTO,R7_MIXTO,7
2a5e420d-cd7c-44ec-b4c0-04bdb849dbe2__cycle_3,,R7,Ricardone → San Lorenzo,VALIDO,DEDUCIDO,2026-07-02T17:38:52.768981-03:00,2026-07-02T17:44:29.480201-03:00,5.61,5.61,0.00,0.00,MIXTO,R7_MIXTO,3
ec73c8b4-3ad2-49ba-8077-e786f9d1be7f__cycle_2,,R7,Ricardone → San Lorenzo,VALIDO,DEDUCIDO,2026-07-02T17:39:27.861927-03:00,2026-07-02T17:55:53.564949-03:00,16.43,16.43,0.00,0.00,MIXTO,R7_MIXTO,3
d6d24a34-4923-4e08-a369-66bf609deba3__cycle_2,,R7,Ricardone → San Lorenzo,VALIDO,COMPLETO,2026-07-02T17:58:22.78497-03:00,2026-07-02T22:13:33.6691-03:00,255.18,125.24,0.00,0.00,MIXTO,R7_MIXTO,6
18951027-ecea-4d85-8ae8-1644cf3c4ed0,,R7,Ricardone → San Lorenzo,VALIDO,,2026-07-02T18:00:02.865925-03:00,2026-07-02T22:51:04.11693-03:00,291.02,118.85,10.31,161.86,MIXTO,R7_MIXTO,7
d49b4b2b-83f7-44d3-beab-ef7886b98858__cycle_3,,R8,Recepción Mercadería Líquida,VALIDO,DEDUCIDO,2026-07-02T18:00:22.763059-03:00,2026-07-02T22:37:34.117887-03:00,277.19,,,,,,8
7abde012-8d64-4815-b4a5-f42ce890a956,,R7,Ricardone → San Lorenzo,VALIDO,,2026-07-02T18:02:27.74947-03:00,2026-07-02T23:39:49.24592-03:00,337.36,122.68,9.81,204.87,MIXTO,R7_MIXTO,8
ddd4561c-bf19-4bd8-9543-40f6f17e4ac4__cycle_3,,R8,Recepción Mercadería Líquida,VALIDO,DEDUCIDO,2026-07-02T18:12:32.787144-03:00,2026-07-02T23:12:59.224564-03:00,300.44,,,,,,7
5e739f01-9d05-4a40-af6f-7fc29cd9bed7__cycle_2,,R8,Recepción Mercadería Líquida,VALIDO,DEDUCIDO,2026-07-02T18:23:02.74932-03:00,2026-07-02T21:49:39.102917-03:00,206.61,,,,,,7
3951597c-f7ad-448b-8e18-7824ffc0cb61,,R7,Ricardone → San Lorenzo,VALIDO,,2026-07-02T18:27:47.80849-03:00,2026-07-03T00:21:19.363308-03:00,353.53,100.51,10.98,242.04,MIXTO,R7_MIXTO,7
52ae6b63-8306-48b9-a6ed-d2f86842d774,,R7,Ricardone → San Lorenzo,VALIDO,DEDUCIDO,2026-07-02T18:28:47.8109-03:00,2026-07-02T20:12:08.623354-03:00,103.35,103.35,0.00,0.00,MIXTO,R7_MIXTO,3
075e2eb2-4993-4179-b37f-0ebd6da7dd48,,R7,Ricardone → San Lorenzo,VALIDO,COMPLETO,2026-07-02T18:30:07.776688-03:00,2026-07-02T22:31:53.647534-03:00,241.76,110.01,0.00,0.00,MIXTO,R7_MIXTO,6
3fa882a6-4e33-4205-8e59-ec8cf08690a3__cycle_3,,R7,Ricardone → San Lorenzo,VALIDO,COMPLETO,2026-07-02T18:33:52.768581-03:00,2026-07-02T20:17:58.571427-03:00,104.10,104.10,0.00,0.00,MIXTO,R7_MIXTO,5
5dabdbc6-290a-4fd3-a7a8-05e736463184__cycle_2,,R7,Ricardone → San Lorenzo,VALIDO,,2026-07-02T18:40:32.747032-03:00,2026-07-03T01:37:14.432236-03:00,416.69,110.76,15.31,290.62,MIXTO,R7_MIXTO,7
1d9820be-79a4-4b7b-9ac9-729197a145af,,R7,Ricardone → San Lorenzo,VALIDO,DEDUCIDO,2026-07-02T18:48:07.890889-03:00,2026-07-02T20:30:33.653772-03:00,102.43,102.43,0.00,0.00,MIXTO,R7_MIXTO,3
8d9f8afb-ac14-4b84-bddc-c9c78e3f3213,,R7,Ricardone → San Lorenzo,VALIDO,,2026-07-02T18:50:37.782612-03:00,2026-07-03T01:35:29.446435-03:00,404.86,100.18,14.81,289.87,MIXTO,R7_MIXTO,6
f3aa6eee-b641-4a3a-b7dc-1142c7632fd7__cycle_2,,R7,Ricardone → San Lorenzo,VALIDO,DEDUCIDO,2026-07-02T18:52:37.773669-03:00,2026-07-02T19:37:33.567785-03:00,44.93,44.93,0.00,0.00,MIXTO,R7_MIXTO,3
b0c46684-fc99-4a94-902c-6a39f5101835__cycle_2,,R7,Ricardone → San Lorenzo,VALIDO,DEDUCIDO,2026-07-02T18:58:17.750503-03:00,2026-07-02T22:38:08.483614-03:00,219.85,219.85,0.00,0.00,MIXTO,R7_MIXTO,3
cdf07fd2-3192-47a2-a7b1-3c288f35704f__cycle_3,,R7,Ricardone → San Lorenzo,VALIDO,DEDUCIDO,2026-07-02T19:05:48.158911-03:00,2026-07-02T19:58:04.088787-03:00,52.27,52.27,0.00,0.00,MIXTO,R7_MIXTO,3
13f5b0f3-4bc0-4df8-b357-bf8cfb1fa3ab,,R7,Ricardone → San Lorenzo,VALIDO,,2026-07-02T19:18:02.755979-03:00,2026-07-03T04:07:39.709892-03:00,529.62,0.00,0.00,317.36,MIXTO,R7_MIXTO,5
d92c071b-263a-4241-82b1-8b86e7181eef__cycle_2,,R7,Ricardone → San Lorenzo,VALIDO,,2026-07-02T19:26:32.778792-03:00,2026-07-03T00:35:04.898636-03:00,308.54,184.76,9.73,114.04,MIXTO,R7_MIXTO,8
8df491de-0015-4465-aa1b-58101d730bed,,R7,Ricardone → San Lorenzo,VALIDO,DEDUCIDO,2026-07-02T19:26:52.796131-03:00,2026-07-02T20:52:33.598842-03:00,85.68,85.68,0.00,0.00,MIXTO,R7_MIXTO,3
e5daa79d-b8de-4155-b42a-d4e6c61b7d34,,R7,Ricardone → San Lorenzo,VALIDO,DEDUCIDO,2026-07-02T19:27:07.787612-03:00,2026-07-02T20:52:53.598267-03:00,85.76,85.76,0.00,0.00,MIXTO,R7_MIXTO,3
63f1a4be-4db3-42ea-986a-c35ab8c8d43e__cycle_1,,R7,Ricardone → San Lorenzo,VALIDO,,2026-07-02T19:27:37.807319-03:00,2026-07-03T02:22:54.549437-03:00,415.28,86.43,11.14,317.71,MIXTO,R7_MIXTO,6
8b1c6e7f-8a08-4eb7-acf0-2a13634e6f38__cycle_2,,R7,Ricardone → San Lorenzo,VALIDO,DEDUCIDO,2026-07-02T19:29:47.815213-03:00,2026-07-02T20:07:28.628846-03:00,37.68,37.68,0.00,0.00,MIXTO,R7_MIXTO,3
64520f58-0655-40b2-b1ad-917d8cec0173__cycle_2,,R7,Ricardone → San Lorenzo,VALIDO,DEDUCIDO,2026-07-02T19:29:57.762502-03:00,2026-07-02T20:07:48.5732-03:00,37.85,37.85,0.00,0.00,MIXTO,R7_MIXTO,3
975fabe3-7e6e-40fe-8f6d-5b37b7671b2e,,R7,Ricardone → San Lorenzo,VALIDO,COMPLETO,2026-07-02T19:40:02.767749-03:00,2026-07-02T21:24:18.892434-03:00,104.27,104.27,0.00,0.00,MIXTO,R7_MIXTO,5
479dbbda-c468-4c11-86fc-a44263ae653c,,R7,Ricardone → San Lorenzo,VALIDO,DEDUCIDO,2026-07-02T19:41:02.956964-03:00,2026-07-02T21:38:33.598057-03:00,117.51,117.51,0.00,0.00,MIXTO,R7_MIXTO,3
c434bad1-0a24-4f27-b80f-c88c5cfc8e4d__cycle_2,,R7,Ricardone → San Lorenzo,VALIDO,COMPLETO,2026-07-02T19:48:52.743629-03:00,2026-07-02T22:41:58.49673-03:00,173.10,97.60,0.00,0.00,MIXTO,R7_MIXTO,6
cb1ec2be-b848-4678-8380-3c1e14b1d786,,R7,Ricardone → San Lorenzo,VALIDO,,2026-07-02T19:57:07.760563-03:00,2026-07-03T02:21:59.547474-03:00,384.86,155.18,11.98,217.71,MIXTO,R7_MIXTO,7
b7b35f11-e562-4c76-b8a0-b263ec2c01f4__cycle_2,,R8,Recepción Mercadería Líquida,VALIDO,DEDUCIDO,2026-07-02T20:03:42.742607-03:00,2026-07-03T02:39:17.161938-03:00,395.57,,,,,,18
516a91f6-9fac-4d2d-b1c4-7deb1a6001df,,R7,Ricardone → San Lorenzo,VALIDO,,2026-07-02T20:08:07.816963-03:00,2026-07-03T02:54:39.552082-03:00,406.53,92.26,11.14,303.12,MIXTO,R7_MIXTO,7
cc50f531-1887-41a4-9d13-894e4624b420__cycle_3,,R8,Recepción Mercadería Líquida,VALIDO,DEDUCIDO,2026-07-02T20:12:03.879584-03:00,2026-07-03T04:08:39.779402-03:00,476.60,,,,,,8
e3060aa0-d450-4e8f-aa1c-441a7c2556f7,,R7,Ricardone → San Lorenzo,VALIDO,,2026-07-02T20:13:37.832842-03:00,2026-07-03T03:56:54.718534-03:00,463.28,139.35,13.06,310.87,MIXTO,R7_MIXTO,6
13e8c0e2-0ddc-4b33-981d-89f03b10932b__cycle_2,,R7,Ricardone → San Lorenzo,VALIDO,,2026-07-02T20:15:22.748668-03:00,2026-07-03T02:56:19.615583-03:00,400.95,84.68,11.06,305.21,MIXTO,R7_MIXTO,7
bfe73ff0-e41b-4fb1-835e-8fa2e192bfaa,,R6,Recepción Volcable 2,VALIDO,DEDUCIDO,2026-07-02T20:19:52.757636-03:00,2026-07-03T01:39:20.455461-03:00,319.46,,,,,,5
cf488d59-16fb-4d15-9dc4-2ff29f828be2,,R7,Ricardone → San Lorenzo,VALIDO,DEDUCIDO,2026-07-02T20:20:27.83653-03:00,2026-07-02T22:36:18.666587-03:00,135.85,135.85,0.00,0.00,MIXTO,R7_MIXTO,3
47dc1736-4f9b-45f1-9b94-865590acc3e0,,R7,Ricardone → San Lorenzo,VALIDO,,2026-07-02T20:31:08.013468-03:00,2026-07-03T04:16:44.665849-03:00,465.61,0.00,0.00,319.46,MIXTO,R7_MIXTO,4
d7cb8eb1-c86f-4db5-af45-ae6448673e74,,R7,Ricardone → San Lorenzo,VALIDO,,2026-07-02T20:34:47.864537-03:00,2026-07-02T20:46:23.570841-03:00,11.60,11.60,0.00,0.00,MIXTO,R7_MIXTO,2
3ae7e967-26c8-4ffe-bb12-3cfb9088d78c,,R7,Ricardone → San Lorenzo,VALIDO,DEDUCIDO,2026-07-02T20:35:47.878043-03:00,2026-07-02T20:47:33.678413-03:00,11.76,11.76,0.00,0.00,MIXTO,R7_MIXTO,3
f30cde44-d44c-4e4d-97d2-99701499c226,,R7,Ricardone → San Lorenzo,VALIDO,DEDUCIDO,2026-07-02T20:36:02.812413-03:00,2026-07-02T20:48:43.606066-03:00,12.68,12.68,0.00,0.00,MIXTO,R7_MIXTO,3
83e71074-f2af-4f66-8ee1-6fab7fc6f537__cycle_2,,R7,Ricardone → San Lorenzo,VALIDO,,2026-07-02T20:40:52.776582-03:00,2026-07-03T03:02:19.603071-03:00,381.45,73.43,9.64,298.37,MIXTO,R7_MIXTO,6
4294a039-efe9-4353-ad26-38ac18a861ab__cycle_2,,R7,Ricardone → San Lorenzo,VALIDO,,2026-07-02T20:42:53.313511-03:00,2026-07-03T03:20:34.594428-03:00,397.69,73.92,12.06,311.71,MIXTO,R7_MIXTO,7
27020435-d2d9-462e-8cdc-aad93c78f988,,R7,Ricardone → San Lorenzo,VALIDO,DEDUCIDO,2026-07-02T20:50:42.847154-03:00,2026-07-03T03:15:39.568057-03:00,384.95,65.10,0.00,0.00,MIXTO,R7_MIXTO,6
01bfe478-b48b-462d-9159-1293e10133c5,,R7,Ricardone → San Lorenzo,VALIDO,,2026-07-02T20:51:12.801536-03:00,2026-07-03T04:27:49.684464-03:00,456.61,137.93,14.48,304.21,MIXTO,R7_MIXTO,7
73b23b5c-d539-4c6b-a396-893885ee2274,,R7,Ricardone → San Lorenzo,VALIDO,,2026-07-02T20:54:07.814017-03:00,2026-07-03T04:22:04.671042-03:00,447.95,114.26,11.48,322.21,MIXTO,R7_MIXTO,6
548f988e-ea1c-489c-a11d-d0732e738d51,,R7,Ricardone → San Lorenzo,VALIDO,DEDUCIDO,2026-07-02T20:57:47.947427-03:00,2026-07-02T22:54:28.500247-03:00,116.68,116.68,0.00,0.00,MIXTO,R7_MIXTO,3
804e6b80-5736-416c-9008-8b4f452b2ecc,,R7,Ricardone → San Lorenzo,VALIDO,,2026-07-02T21:00:27.839216-03:00,2026-07-03T00:59:04.337562-03:00,238.61,137.93,13.31,87.37,MIXTO,R7_MIXTO,6
62e42baa-6506-46dc-b3f6-fca149eda910__cycle_3,,R7,Ricardone → San Lorenzo,VALIDO,,2026-07-02T21:00:37.76668-03:00,2026-07-03T04:18:04.706631-03:00,437.45,125.18,12.73,299.54,MIXTO,R7_MIXTO,6
70a78df0-af90-471b-a5e5-ba47d16fafde,,R7,Ricardone → San Lorenzo,VALIDO,,2026-07-02T21:01:27.78695-03:00,2026-07-03T04:28:29.735127-03:00,447.03,126.68,11.48,308.88,MIXTO,R7_MIXTO,7
d728194f-1bec-404b-9216-86fe7a303067__cycle_2,,R8,Recepción Mercadería Líquida,VALIDO,DEDUCIDO,2026-07-02T21:06:27.765324-03:00,2026-07-03T00:49:14.320046-03:00,222.78,,,,,,6
bc36f61c-aebb-47bd-b4fa-ad0dadf7dc2f,,R7,Ricardone → San Lorenzo,VALIDO,,2026-07-02T21:09:07.785446-03:00,2026-07-03T03:39:40.426748-03:00,390.54,125.60,11.40,253.55,MIXTO,R7_MIXTO,7
6205b154-0c80-4ed3-b1d6-325189b08755,,R7,Ricardone → San Lorenzo,VALIDO,DEDUCIDO,2026-07-02T21:09:22.802711-03:00,2026-07-02T23:15:03.480093-03:00,125.68,125.68,0.00,0.00,MIXTO,R7_MIXTO,3
449a918b-3ea5-41fb-883c-b61fa72c847a__cycle_2,,R7,Ricardone → San Lorenzo,VALIDO,,2026-07-02T21:18:57.843546-03:00,2026-07-03T04:34:19.786653-03:00,435.37,116.51,13.39,305.46,MIXTO,R7_MIXTO,7
ed98618b-7c25-4566-8c7b-deb7f6284882,,R7,Ricardone → San Lorenzo,VALIDO,DEDUCIDO,2026-07-02T21:50:17.771621-03:00,2026-07-02T23:31:08.494618-03:00,100.85,100.85,0.00,0.00,MIXTO,R7_MIXTO,3
c1ca662d-d658-4779-ad30-45ca4f8a0f28,,R7,Ricardone → San Lorenzo,VALIDO,,2026-07-02T21:50:32.792776-03:00,2026-07-03T03:33:49.73337-03:00,343.28,88.26,14.07,240.95,MIXTO,R7_MIXTO,6
8bf48800-002f-466e-a243-a9c44448f2fa,,R7,Ricardone → San Lorenzo,VALIDO,COMPLETO,2026-07-02T21:50:47.761054-03:00,2026-07-02T23:21:48.485897-03:00,91.01,91.01,0.00,0.00,MIXTO,R7_MIXTO,5
02e5e2d8-613b-4de7-9b95-496dcf7dbaf6__cycle_2,,R7,Ricardone → San Lorenzo,VALIDO,,2026-07-02T21:51:07.745938-03:00,2026-07-03T04:08:17.692449-03:00,377.17,94.18,13.15,269.84,MIXTO,R7_MIXTO,9
6aceaa32-d8eb-47f4-a682-e78d751f7301__cycle_1,,R7,Ricardone → San Lorenzo,VALIDO,COMPLETO,2026-07-02T21:52:12.779462-03:00,2026-07-02T23:28:28.596997-03:00,96.26,96.26,0.00,0.00,MIXTO,R7_MIXTO,4
ddae7fba-6c3e-4c59-b143-e08695387a8f,,R7,Ricardone → San Lorenzo,VALIDO,COMPLETO,2026-07-02T21:53:12.79754-03:00,2026-07-02T23:40:18.555513-03:00,107.10,107.10,0.00,0.00,MIXTO,R7_MIXTO,13
908be2e2-5ef6-42ff-906e-19589e6e2146,,R7,Ricardone → San Lorenzo,VALIDO,,2026-07-02T21:54:07.787967-03:00,2026-07-03T05:04:04.76984-03:00,429.95,106.76,11.23,311.96,MIXTO,R7_MIXTO,6
76cdec37-d168-4bcd-a488-0548b69aaee3,,R7,Ricardone → San Lorenzo,VALIDO,DEDUCIDO,2026-07-02T21:54:32.782733-03:00,2026-07-02T23:43:28.499737-03:00,108.93,108.93,0.00,0.00,MIXTO,R7_MIXTO,3
58c7f2a7-0242-429e-bf0a-3181917f8fe3__cycle_1,,R7,Ricardone → San Lorenzo,VALIDO,,2026-07-02T21:55:07.797051-03:00,2026-07-03T05:08:49.780072-03:00,433.70,106.76,11.73,315.21,MIXTO,R7_MIXTO,6
6642080a-84ee-498d-a585-d51d3beb4051__cycle_2,,R7,Ricardone → San Lorenzo,VALIDO,,2026-07-02T22:07:37.792225-03:00,2026-07-03T03:30:24.680836-03:00,322.78,102.43,11.90,208.46,MIXTO,R7_MIXTO,6
1a8ce442-024b-4df9-a8be-93e980bfc869__cycle_2,,R7,Ricardone → San Lorenzo,VALIDO,,2026-07-02T22:08:37.72914-03:00,2026-07-03T04:10:49.681534-03:00,362.20,254.18,9.31,98.71,MIXTO,R7_MIXTO,8
5bc67610-2024-4804-a206-1291d94fe953,,R7,Ricardone → San Lorenzo,VALIDO,,2026-07-02T22:08:57.687246-03:00,2026-07-02T23:41:28.521621-03:00,92.51,92.51,0.00,0.00,MIXTO,R7_MIXTO,2
bc4e46e5-0f56-4850-a2ec-b07aaac74668,,R7,Ricardone → San Lorenzo,VALIDO,,2026-07-02T22:09:12.777369-03:00,2026-07-03T05:27:04.773247-03:00,437.87,107.01,10.31,320.54,MIXTO,R7_MIXTO,7
8bdd77dd-46dd-4071-84dd-c5de7c21e7d6__cycle_2,,R7,Ricardone → San Lorenzo,VALIDO,,2026-07-02T22:10:22.747524-03:00,2026-07-03T05:21:44.775968-03:00,431.37,103.93,10.23,317.21,MIXTO,R7_MIXTO,7
8e32940d-7f66-4db0-b87a-0333839afa3b__cycle_2,,R7,Ricardone → San Lorenzo,VALIDO,,2026-07-02T22:10:52.735511-03:00,2026-07-02T22:43:13.498789-03:00,32.35,32.35,0.00,0.00,MIXTO,R7_MIXTO,2
9352b132-6da3-4114-aa2d-dfcb85950c25,,R7,Ricardone → San Lorenzo,VALIDO,,2026-07-02T22:12:22.739956-03:00,2026-07-03T05:27:29.768133-03:00,435.12,107.10,9.15,318.88,MIXTO,R7_MIXTO,6
05dac481-93c0-4a53-918f-820aee35d33e__cycle_1,,R7,Ricardone → San Lorenzo,VALIDO,COMPLETO,2026-07-02T22:13:32.893078-03:00,2026-07-03T00:14:33.481802-03:00,121.01,121.01,0.00,0.00,MIXTO,R7_MIXTO,4
3a3495b2-d8cf-4ecc-b1cd-71eb136b15d3,,R7,Ricardone → San Lorenzo,VALIDO,,2026-07-02T22:14:02.700651-03:00,2026-07-03T05:11:14.764873-03:00,417.20,0.00,0.00,313.96,MIXTO,R7_MIXTO,4
3b243ce2-5dac-47f3-bda2-8509ea80255a__cycle_2,,R7,Ricardone → San Lorenzo,VALIDO,COMPLETO,2026-07-02T22:14:12.747009-03:00,2026-07-03T00:01:43.526967-03:00,107.51,107.51,0.00,0.00,MIXTO,R7_MIXTO,4
ae8b94b8-5df4-489e-a937-662cc1dea519__cycle_2,,R7,Ricardone → San Lorenzo,VALIDO,DEDUCIDO,2026-07-02T22:15:22.787218-03:00,2026-07-03T00:16:48.555272-03:00,121.43,121.43,0.00,0.00,MIXTO,R7_MIXTO,3
98648a38-e32e-49db-85db-b45d5d58bbfa__cycle_2,,R7,Ricardone → San Lorenzo,VALIDO,COMPLETO,2026-07-02T22:15:52.759985-03:00,2026-07-03T00:09:38.512095-03:00,113.76,113.76,0.00,0.00,MIXTO,R7_MIXTO,4
f203fb70-08a3-4429-af9b-d80d218ddcee__cycle_2,,R7,Ricardone → San Lorenzo,VALIDO,,2026-07-02T22:32:22.800517-03:00,2026-07-03T03:43:19.680304-03:00,310.95,119.01,8.73,183.21,MIXTO,R7_MIXTO,6
26db8592-2ff9-42ff-a330-1e196f9e2bb7,,R7,Ricardone → San Lorenzo,VALIDO,,2026-07-02T22:32:52.779821-03:00,2026-07-03T05:47:29.904543-03:00,434.62,124.10,11.81,298.71,MIXTO,R7_MIXTO,7
68f60e72-0776-4ce3-ba76-353552054a77__cycle_2,,R7,Ricardone → San Lorenzo,VALIDO,,2026-07-02T22:36:37.725292-03:00,2026-07-03T06:15:14.887493-03:00,458.62,130.26,20.64,307.71,MIXTO,R7_MIXTO,7
394d3255-6930-43e4-b65e-52d70f4b8bf1__cycle_2,,R6,Recepción Volcable 2,VALIDO,DEDUCIDO,2026-07-02T22:37:07.736383-03:00,2026-07-03T02:49:15.416957-03:00,252.13,,,,,,5
2ff0ed11-5d65-45cf-b6bd-9cbc15926ef0,,R7,Ricardone → San Lorenzo,VALIDO,DEDUCIDO,2026-07-02T22:37:37.799612-03:00,2026-07-03T00:44:43.553566-03:00,127.10,127.10,0.00,0.00,MIXTO,R7_MIXTO,3
7df4e7e4-c1ea-4674-a323-5f55d0bc2ed2__cycle_1,,R7,Ricardone → San Lorenzo,VALIDO,,2026-07-02T22:39:12.705486-03:00,2026-07-03T02:46:34.32716-03:00,247.36,0.00,0.00,124.29,MIXTO,R7_MIXTO,4
ed148ae9-7c65-48ed-9dd8-28c2cee8fbed,,R7,Ricardone → San Lorenzo,VALIDO,,2026-07-02T22:42:27.738468-03:00,2026-07-03T06:24:49.90979-03:00,462.37,128.51,19.06,314.79,MIXTO,R7_MIXTO,7
76cad955-02ea-4f09-a251-289c2971010e__cycle_3,,R7,Ricardone → San Lorenzo,VALIDO,DEDUCIDO,2026-07-02T22:43:27.743625-03:00,2026-07-02T23:13:53.522836-03:00,30.43,30.43,0.00,0.00,MIXTO,R7_MIXTO,3
9cd5fda2-f1b1-4cc6-aaec-af9724f13572__cycle_2,,R7,Ricardone → San Lorenzo,VALIDO,,2026-07-02T22:43:52.740106-03:00,2026-07-03T06:24:09.959077-03:00,460.29,126.51,18.98,314.80,MIXTO,R7_MIXTO,7
95986c1b-ef18-412f-a84c-b182e71540b7,,R7,Ricardone → San Lorenzo,VALIDO,,2026-07-02T22:44:32.770128-03:00,2026-07-03T06:08:54.885755-03:00,444.37,134.68,12.23,297.46,MIXTO,R7_MIXTO,6
0c6fd6d2-9281-4bde-97be-1a31b2712716__cycle_2,,R7,Ricardone → San Lorenzo,VALIDO,,2026-07-02T22:45:42.760132-03:00,2026-07-03T06:16:56.774269-03:00,451.23,136.93,11.39,302.91,MIXTO,R7_MIXTO,6
53121609-59ff-46c4-a789-ffe5e96cfade__cycle_1,,R7,Ricardone → San Lorenzo,VALIDO,COMPLETO,2026-07-02T22:47:17.735761-03:00,2026-07-03T01:18:07.685123-03:00,150.83,146.01,0.00,0.00,MIXTO,R7_MIXTO,5
54f9509d-cad3-4a01-ab78-89f638103e0a,,R7,Ricardone → San Lorenzo,VALIDO,,2026-07-02T22:49:02.85141-03:00,2026-07-03T06:17:29.883805-03:00,448.45,143.18,8.48,296.79,MIXTO,R7_MIXTO,7
841e80fa-119b-4bc5-9072-aed24901d6bc,,R7,Ricardone → San Lorenzo,VALIDO,,2026-07-02T22:52:53.021361-03:00,2026-07-03T06:18:04.912372-03:00,445.20,171.51,8.39,265.30,MIXTO,R7_MIXTO,6
456deed5-6e52-4023-9c13-87000334f327__cycle_2,,R7,Ricardone → San Lorenzo,VALIDO,COMPLETO,2026-07-02T22:53:22.759019-03:00,2026-07-03T01:45:33.500334-03:00,172.18,172.18,0.00,0.00,MIXTO,R7_MIXTO,22
49ab98a7-daec-4031-ae24-2899cc9ca12d__cycle_2,,R7,Ricardone → San Lorenzo,VALIDO,COMPLETO,2026-07-02T22:56:32.750245-03:00,2026-07-03T01:56:02.167407-03:00,179.49,169.60,9.89,0.00,MIXTO,R7_MIXTO,5
2b0739ba-ae60-43c1-8224-222873104212,,R7,Ricardone → San Lorenzo,VALIDO,DEDUCIDO,2026-07-02T23:05:47.738029-03:00,2026-07-03T01:57:23.517618-03:00,171.60,171.60,0.00,0.00,MIXTO,R7_MIXTO,3
dbf396b0-a027-4923-b9ac-5e78a822eee5,,R7,Ricardone → San Lorenzo,VALIDO,,2026-07-02T23:07:32.782548-03:00,2026-07-03T04:59:44.84427-03:00,352.20,168.85,9.73,173.63,MIXTO,R7_MIXTO,7
4c594d53-1817-454f-b703-95560be042f4__cycle_2,,R7,Ricardone → San Lorenzo,VALIDO,,2026-07-02T23:09:07.717145-03:00,2026-07-03T08:31:50.123663-03:00,562.71,176.26,9.14,377.30,MIXTO,R7_MIXTO,7
0982a176-e869-4eaa-8e1a-bc60902e6c59,,R7,Ricardone → San Lorenzo,VALIDO,,2026-07-02T23:13:07.709589-03:00,2026-07-03T04:45:29.786299-03:00,332.37,0.00,0.00,196.79,MIXTO,R7_MIXTO,4
4a19c4b5-778d-4757-96ce-4147edc0bcac__cycle_2,,R7,Ricardone → San Lorenzo,VALIDO,COMPLETO,2026-07-02T23:13:52.731721-03:00,2026-07-03T02:16:47.18241-03:00,182.91,172.31,10.60,0.00,MIXTO,R7_MIXTO,5
80dd5a6b-4548-40fa-8076-bda661cedc2b__cycle_3,,R7,Ricardone → San Lorenzo,VALIDO,,2026-07-02T23:15:27.942015-03:00,2026-07-03T08:43:25.230161-03:00,567.95,172.43,9.56,385.97,MIXTO,R7_MIXTO,7
63ab3e41-d42b-45f6-ab92-704dd8a31707__cycle_2,,R7,Ricardone → San Lorenzo,VALIDO,DEDUCIDO,2026-07-02T23:18:52.663932-03:00,2026-07-03T01:47:03.533194-03:00,148.18,148.18,0.00,0.00,MIXTO,R7_MIXTO,3
7d0b51f3-4a7e-47c7-af50-765ca9c0b3d5__cycle_1,,R7,Ricardone → San Lorenzo,VALIDO,COMPLETO,2026-07-02T23:19:02.779029-03:00,2026-07-03T02:23:02.50552-03:00,184.00,173.85,10.15,0.00,MIXTO,R7_MIXTO,5
554308bf-7f22-4f65-a727-e3542880be3c,,R7,Ricardone → San Lorenzo,VALIDO,,2026-07-02T23:19:27.73502-03:00,2026-07-03T05:22:49.772461-03:00,363.37,179.93,10.31,173.13,MIXTO,R7_MIXTO,8
26453077-24b9-4c1b-a517-fddd0ba12e5a__cycle_3,,R7,Ricardone → San Lorenzo,VALIDO,,2026-07-02T23:20:57.780224-03:00,2026-07-03T08:51:15.330222-03:00,570.29,177.10,10.81,382.39,MIXTO,R7_MIXTO,7
6943f0cf-b172-4962-84ef-18891e0b75bf__cycle_2,,R7,Ricardone → San Lorenzo,VALIDO,,2026-07-02T23:21:52.759563-03:00,2026-07-03T05:35:39.921298-03:00,373.79,182.76,8.73,182.30,MIXTO,R7_MIXTO,10
70d6a17c-eb47-4fe3-928d-8a9ea2721958__cycle_2,,R1,Recepción Celda 16,VALIDO,DEDUCIDO,2026-07-02T23:22:32.760781-03:00,2026-07-03T09:42:26.669009-03:00,619.90,,,,,,5
99142658-56f3-412f-9485-7195610ae6ed__cycle_2,,R7,Ricardone → San Lorenzo,VALIDO,DEDUCIDO,2026-07-02T23:22:57.762496-03:00,2026-07-03T02:07:02.157-03:00,164.07,0.00,0.00,0.00,MIXTO,R7_MIXTO,3
ca76e65f-e056-4642-9bd1-a52a2694ef62,,R7,Ricardone → San Lorenzo,VALIDO,,2026-07-02T23:25:02.812647-03:00,2026-07-03T05:52:49.880937-03:00,387.78,183.68,8.81,195.30,MIXTO,R7_MIXTO,9
afb3d6c5-8310-4728-85c8-5a077aed5074,,R7,Ricardone → San Lorenzo,VALIDO,,2026-07-02T23:27:32.83003-03:00,2026-07-03T09:39:45.381798-03:00,612.21,198.85,10.64,402.72,MIXTO,R7_MIXTO,12
a36be2b8-8cd7-4f78-9221-297aaff6d30f__cycle_2,,R7,Ricardone → San Lorenzo,VALIDO,DEDUCIDO,2026-07-02T23:29:02.802993-03:00,2026-07-03T02:41:43.516371-03:00,192.68,192.68,0.00,0.00,MIXTO,R7_MIXTO,3
6a333c96-1f30-454d-89ad-5b8d8c7192f6,,R7,Ricardone → San Lorenzo,VALIDO,DEDUCIDO,2026-07-02T23:30:52.755166-03:00,2026-07-03T02:21:53.50022-03:00,171.01,171.01,0.00,0.00,MIXTO,R7_MIXTO,3
a9fc8654-8676-4464-9db6-1aeb6a8ead43__cycle_2,,R7,Ricardone → San Lorenzo,VALIDO,,2026-07-02T23:32:17.751507-03:00,2026-07-03T05:55:34.877541-03:00,383.29,193.35,8.73,181.21,MIXTO,R7_MIXTO,7
312bf26a-a739-4f9f-b4d9-780ae378502c__cycle_2,,R7,Ricardone → San Lorenzo,VALIDO,,2026-07-02T23:32:47.754231-03:00,2026-07-03T09:21:05.244723-03:00,588.29,193.26,9.39,385.63,MIXTO,R7_MIXTO,7
7a4a9ffd-f84c-4688-bfac-2f32063e7d85__cycle_2,,R7,Ricardone → San Lorenzo,VALIDO,DEDUCIDO,2026-07-02T23:33:17.777955-03:00,2026-07-03T02:33:58.528019-03:00,180.68,180.68,0.00,0.00,MIXTO,R7_MIXTO,3
8eca2767-c91b-4fa8-b289-291269d437f6,,R7,Ricardone → San Lorenzo,VALIDO,COMPLETO,2026-07-02T23:35:17.735643-03:00,2026-07-03T04:43:37.233343-03:00,308.32,308.32,0.00,0.00,MIXTO,R7_MIXTO,5
8703d0b2-6d47-4c4a-9457-d83900e09476__cycle_2,,R7,Ricardone → San Lorenzo,VALIDO,DEDUCIDO,2026-07-02T23:37:07.668265-03:00,2026-07-03T02:35:18.564629-03:00,178.18,178.18,0.00,0.00,MIXTO,R7_MIXTO,3
f7186f48-e674-4f44-ab03-5ef21eafb929,,R7,Ricardone → San Lorenzo,VALIDO,DEDUCIDO,2026-07-02T23:38:27.773134-03:00,2026-07-03T02:56:33.491729-03:00,198.10,198.10,0.00,0.00,MIXTO,R7_MIXTO,3
905c8d6d-81e2-4dc7-ac79-2ce42083ff04__cycle_2,,R7,Ricardone → San Lorenzo,VALIDO,,2026-07-02T23:39:22.777283-03:00,2026-07-03T07:37:05.141493-03:00,477.71,202.76,9.64,265.30,MIXTO,R7_MIXTO,7
e797adb7-cda6-4bfa-b801-e9c2e01ed074,,R7,Ricardone → San Lorenzo,VALIDO,DEDUCIDO,2026-07-02T23:39:57.727471-03:00,2026-07-03T02:58:03.575011-03:00,198.10,198.10,0.00,0.00,MIXTO,R7_MIXTO,3
08d1ac0e-374f-4c89-ab3d-ffa451b8898f,,R7,Ricardone → San Lorenzo,VALIDO,,2026-07-02T23:41:57.780342-03:00,2026-07-03T07:55:30.122525-03:00,493.54,200.85,10.65,282.05,MIXTO,R7_MIXTO,6
426348aa-e982-44be-9a6d-dec62d24585a__cycle_2,,R1,Recepción Celda 16,VALIDO,DEDUCIDO,2026-07-02T23:45:57.682088-03:00,2026-07-03T09:52:36.882686-03:00,606.65,,,,,,4
26792616-663b-4a9f-9947-c44296ea6583,,R7,Ricardone → San Lorenzo,VALIDO,COMPLETO,2026-07-02T23:46:52.821449-03:00,2026-07-03T03:06:43.555866-03:00,199.85,199.85,0.00,0.00,MIXTO,R7_MIXTO,4
ea6036c7-2a09-45a5-9816-d27b79c98821__cycle_3,,R1,Recepción Celda 16,VALIDO,DEDUCIDO,2026-07-02T23:47:32.72595-03:00,2026-07-03T10:06:06.676982-03:00,618.57,,,,,,6
1559ef7f-f1cc-479a-96a9-22734d352520__cycle_3,,R7,Ricardone → San Lorenzo,VALIDO,COMPLETO,2026-07-02T23:50:37.732682-03:00,2026-07-03T03:41:34.098899-03:00,230.94,230.94,0.00,0.00,MIXTO,R7_MIXTO,4
4aeac924-133a-4bb6-b36f-1b74420bb9b4,,R1,Recepción Celda 16,VALIDO,DEDUCIDO,2026-07-02T23:51:02.834712-03:00,2026-07-03T10:19:16.678761-03:00,628.23,,,,,,6
7c083f12-bd76-4093-90a8-eabfe9095a38,,R7,Ricardone → San Lorenzo,VALIDO,DEDUCIDO,2026-07-02T23:51:37.751688-03:00,2026-07-03T03:42:08.51299-03:00,230.51,230.51,0.00,0.00,MIXTO,R7_MIXTO,3
5d29aa61-4ab9-4086-b6f1-1cf2658dbfaa__cycle_3,,R7,Ricardone → San Lorenzo,VALIDO,DEDUCIDO,2026-07-02T23:55:02.750021-03:00,2026-07-03T03:51:43.50591-03:00,236.68,236.68,0.00,0.00,MIXTO,R7_MIXTO,3
e7b46c01-c179-4beb-8cfb-1c18456589ea__cycle_1,,R7,Ricardone → San Lorenzo,VALIDO,DEDUCIDO,2026-07-02T23:59:02.856856-03:00,2026-07-03T03:26:37.173507-03:00,207.57,0.00,0.00,0.00,MIXTO,R7_MIXTO,3
b76e1a9c-8ed5-4971-a606-6a2ce693e709,,R7,Ricardone → San Lorenzo,VALIDO,COMPLETO,2026-07-02T23:59:42.813144-03:00,2026-07-03T03:59:03.489874-03:00,239.34,239.34,0.00,0.00,MIXTO,R7_MIXTO,4
dacf550a-356e-4efe-87c6-8dda5456ba53__cycle_4,,R7,Ricardone → San Lorenzo,VALIDO,COMPLETO,2026-07-03T00:00:07.841866-03:00,2026-07-03T03:51:13.493283-03:00,231.09,231.09,0.00,0.00,MIXTO,R7_MIXTO,4
5a4af679-f6d7-4154-8f67-f37b4db613dd,,R5,Recepción Volcable 1,VALIDO,DEDUCIDO,2026-07-03T00:00:42.780917-03:00,2026-07-03T04:53:41.422201-03:00,292.98,,,,,,5
537f3d70-4076-40cc-ab42-ad5980638cb9,,R6,Recepción Volcable 2,VALIDO,DEDUCIDO,2026-07-03T00:01:12.778394-03:00,2026-07-03T05:25:20.400871-03:00,324.13,,,,,,4
5fc5f99d-7421-489c-96c8-d5d1dc9366d1__cycle_2,,R7,Ricardone → San Lorenzo,VALIDO,COMPLETO,2026-07-03T00:01:52.773628-03:00,2026-07-03T04:06:53.596687-03:00,245.01,245.01,0.00,0.00,MIXTO,R7_MIXTO,4
54fde35f-5f6d-490c-90c3-91b25bb6d677,,R1,Recepción Celda 16,VALIDO,DEDUCIDO,2026-07-03T00:02:27.737259-03:00,2026-07-03T10:36:51.683631-03:00,634.40,,,,,,6
a40095f9-1908-4abc-bbe7-68b483ec9059,,R7,Ricardone → San Lorenzo,VALIDO,,2026-07-03T00:03:37.784958-03:00,2026-07-03T05:07:48.469799-03:00,304.18,304.18,0.00,0.00,MIXTO,R7_MIXTO,2
ccfbf8ae-a72a-4fa4-b805-847dd3cf55d1,,R7,Ricardone → San Lorenzo,VALIDO,COMPLETO,2026-07-03T00:04:42.779871-03:00,2026-07-03T05:08:34.591724-03:00,303.86,303.86,0.00,0.00,MIXTO,R7_MIXTO,12
6d658f44-8d39-470d-b5d2-64f2703149c3,,R7,Ricardone → San Lorenzo,VALIDO,COMPLETO,2026-07-03T00:12:02.757191-03:00,2026-07-03T04:43:08.493595-03:00,271.10,271.10,0.00,0.00,MIXTO,R7_MIXTO,4
1c5cd850-2044-4c2b-9c12-ae6303ab1ea3,,R7,Ricardone → San Lorenzo,VALIDO,COMPLETO,2026-07-03T00:16:22.784457-03:00,2026-07-03T04:48:28.523919-03:00,272.10,272.10,0.00,0.00,MIXTO,R7_MIXTO,5
4c48a256-e23f-4b0f-873e-cc80f30ba76c__cycle_2,,R7,Ricardone → San Lorenzo,VALIDO,DEDUCIDO,2026-07-03T00:16:47.730437-03:00,2026-07-03T05:00:33.49414-03:00,283.76,283.76,0.00,0.00,MIXTO,R7_MIXTO,3
739be278-8a1a-4eae-8b35-3b11625d83f4__cycle_7,,R8,Recepción Mercadería Líquida,VALIDO,DEDUCIDO,2026-07-03T00:19:22.748408-03:00,2026-07-03T02:14:04.459317-03:00,114.70,,,,,,7
33776be9-d29f-4fb1-8ec2-6ec8666c9158,,R7,Ricardone → San Lorenzo,VALIDO,COMPLETO,2026-07-03T00:22:53.430142-03:00,2026-07-03T05:23:28.470601-03:00,300.58,300.58,0.00,0.00,MIXTO,R7_MIXTO,4
5ef18bd1-436f-4d2a-86d7-526e54e50bf2,,R7,Ricardone → San Lorenzo,VALIDO,COMPLETO,2026-07-03T00:25:27.73429-03:00,2026-07-03T05:24:43.475278-03:00,299.26,299.26,0.00,0.00,MIXTO,R7_MIXTO,4
83153eaf-fc92-4434-b48f-64fc2bf21e78__cycle_4,,R8,Recepción Mercadería Líquida,VALIDO,DEDUCIDO,2026-07-03T00:27:27.747595-03:00,2026-07-03T02:41:49.571394-03:00,134.36,,,,,,6
4546a657-6c40-4e90-aefb-53023ff4f9eb,,R7,Ricardone → San Lorenzo,VALIDO,COMPLETO,2026-07-03T00:29:13.065363-03:00,2026-07-03T05:15:53.487115-03:00,286.67,286.67,0.00,0.00,MIXTO,R7_MIXTO,4
24662b08-2904-49d1-b627-bdf121967d33__cycle_2,,R7,Ricardone → San Lorenzo,VALIDO,,2026-07-03T00:30:28.084506-03:00,2026-07-03T05:28:23.683445-03:00,297.93,297.93,0.00,0.00,MIXTO,R7_MIXTO,2
51a61d19-80ba-40dc-8ba1-3dce748bfd02__cycle_4,,R7,Ricardone → San Lorenzo,VALIDO,COMPLETO,2026-07-03T00:30:57.728066-03:00,2026-07-03T05:24:08.488019-03:00,293.18,293.18,0.00,0.00,MIXTO,R7_MIXTO,4
5ce9ca6d-96b6-47dc-a80e-8b59b3a1590c,,R7,Ricardone → San Lorenzo,VALIDO,COMPLETO,2026-07-03T00:32:22.220839-03:00,2026-07-03T05:30:08.842359-03:00,297.78,297.78,0.00,0.00,MIXTO,R7_MIXTO,4
28e8507c-4e3d-43e0-9858-a66afb15cffb,,R7,Ricardone → San Lorenzo,VALIDO,,2026-07-03T00:32:42.807273-03:00,2026-07-03T05:26:13.485065-03:00,293.51,293.51,0.00,0.00,MIXTO,R7_MIXTO,2
fc4caf48-9c45-4dc7-b097-8d7bc6deae24__cycle_2,,R7,Ricardone → San Lorenzo,VALIDO,COMPLETO,2026-07-03T00:33:58.034213-03:00,2026-07-03T05:30:33.480251-03:00,296.59,296.59,0.00,0.00,MIXTO,R7_MIXTO,4
ccef27e0-e6f9-44a2-b537-e738c18612b3,,R7,Ricardone → San Lorenzo,VALIDO,,2026-07-03T00:34:47.83281-03:00,2026-07-03T05:33:37.228935-03:00,298.82,298.82,0.00,0.00,MIXTO,R7_MIXTO,2
4795391e-811d-4570-811b-ffb302a4bb28,,R7,Ricardone → San Lorenzo,VALIDO,COMPLETO,2026-07-03T00:37:02.77854-03:00,2026-07-03T05:44:58.469557-03:00,307.93,307.93,0.00,0.00,MIXTO,R7_MIXTO,4
8fa4ac52-acd6-43a1-8f52-7771b754fadc,,R7,Ricardone → San Lorenzo,VALIDO,DEDUCIDO,2026-07-03T00:38:12.779226-03:00,2026-07-03T05:51:13.500427-03:00,313.01,313.01,0.00,0.00,MIXTO,R7_MIXTO,3
50422557-573d-4222-a314-a5a0b44b25ed__cycle_3,,R7,Ricardone → San Lorenzo,VALIDO,DEDUCIDO,2026-07-03T00:40:33.537517-03:00,2026-07-03T05:47:54.248593-03:00,307.35,307.35,0.00,0.00,MIXTO,R7_MIXTO,3
d548b0e5-146c-4849-a565-253d02a3cc06,,R7,Ricardone → San Lorenzo,VALIDO,,2026-07-03T00:44:52.689598-03:00,2026-07-03T11:33:45.440693-03:00,648.88,0.00,0.00,355.38,MIXTO,R7_MIXTO,6
c8e29469-e275-4b1e-a62f-9d3c5ad634ff__cycle_4,,R7,Ricardone → San Lorenzo,VALIDO,COMPLETO,2026-07-03T00:45:37.864231-03:00,2026-07-03T05:59:06.632029-03:00,313.48,313.48,0.00,0.00,MIXTO,R7_MIXTO,4
079acc67-520a-4b21-8bd1-34b1b6e2e826__cycle_2,,R7,Ricardone → San Lorenzo,VALIDO,DEDUCIDO,2026-07-03T00:46:22.763475-03:00,2026-07-03T05:56:43.49752-03:00,310.35,310.35,0.00,0.00,MIXTO,R7_MIXTO,4
1f8ab2c3-dd20-4a6f-9d24-7d4b3f47777b__cycle_2,,R7,Ricardone → San Lorenzo,VALIDO,DEDUCIDO,2026-07-03T00:49:02.880949-03:00,2026-07-03T06:13:03.47677-03:00,324.01,324.01,0.00,0.00,MIXTO,R7_MIXTO,3
eb50b0e9-c0ea-42e4-9406-7904f3ca3613__cycle_3,,R8,Recepción Mercadería Líquida,VALIDO,DEDUCIDO,2026-07-03T00:50:32.729972-03:00,2026-07-03T03:07:24.569912-03:00,136.86,,,,,,7
6b018781-8e8a-48f7-8941-d644e82037ed__cycle_2,,R1,Recepción Celda 16,VALIDO,DEDUCIDO,2026-07-03T00:51:02.714232-03:00,2026-07-03T10:53:56.669867-03:00,602.90,,,,,,5
bda1525f-f8a4-415d-81eb-e05c9e64e168,,R7,Ricardone → San Lorenzo,VALIDO,COMPLETO,2026-07-03T00:51:12.812881-03:00,2026-07-03T06:13:43.476062-03:00,322.51,322.51,0.00,0.00,MIXTO,R7_MIXTO,4
2bbf685a-fae6-452c-b0cd-8bbc988d1a39,,R7,Ricardone → San Lorenzo,VALIDO,COMPLETO,2026-07-03T00:51:27.757924-03:00,2026-07-03T06:14:36.774248-03:00,323.15,323.15,0.00,0.00,MIXTO,R7_MIXTO,4
69ae059b-5580-45a7-93e0-cb3713084a6a,,R7,Ricardone → San Lorenzo,VALIDO,DEDUCIDO,2026-07-03T00:52:28.562845-03:00,2026-07-03T05:59:38.495554-03:00,307.17,307.17,0.00,0.00,MIXTO,R7_MIXTO,3
3711c118-8fc0-46f2-adbf-4ad617d74864,,R7,Ricardone → San Lorenzo,VALIDO,COMPLETO,2026-07-03T00:55:37.779314-03:00,2026-07-03T06:14:58.709927-03:00,319.35,319.35,0.00,0.00,MIXTO,R7_MIXTO,4
7cc7fba4-2925-4ad4-af01-f793e0bf3bc0,,R7,Ricardone → San Lorenzo,VALIDO,COMPLETO,2026-07-03T01:03:47.738259-03:00,2026-07-03T06:24:58.483396-03:00,321.18,321.18,0.00,0.00,MIXTO,R7_MIXTO,4
69a73110-e5f0-4b74-bfbb-42c454253286,,R7,Ricardone → San Lorenzo,VALIDO,COMPLETO,2026-07-03T01:04:07.783081-03:00,2026-07-03T06:45:53.50067-03:00,341.76,341.76,0.00,0.00,MIXTO,R7_MIXTO,4
95dd7b66-7ff5-4a34-8b24-c71005186f6e,,R7,Ricardone → San Lorenzo,VALIDO,COMPLETO,2026-07-03T01:04:22.773674-03:00,2026-07-03T06:49:18.502525-03:00,344.93,344.93,0.00,0.00,MIXTO,R7_MIXTO,4
dddc66c9-4aec-4487-8909-4d547de7ba9f__cycle_5,,R8,Recepción Mercadería Líquida,VALIDO,DEDUCIDO,2026-07-03T01:21:27.753788-03:00,2026-07-03T03:59:29.686053-03:00,158.03,,,,,,6
e2b30900-b58b-4120-81eb-71192a3e74f5__cycle_6,,R8,Recepción Mercadería Líquida,VALIDO,DEDUCIDO,2026-07-03T02:22:22.70479-03:00,2026-07-03T04:50:09.773469-03:00,147.78,,,,,,8
8fd8d25e-6b41-4120-b4d8-bc867468e868,,R6,Recepción Volcable 2,VALIDO,DEDUCIDO,2026-07-03T03:00:57.957685-03:00,2026-07-03T05:22:36.401383-03:00,141.64,,,,,,6
ad6abf92-a83f-41d1-adbc-6754ff9f2c32__cycle_4,,R8,Recepción Mercadería Líquida,VALIDO,DEDUCIDO,2026-07-03T03:01:37.744657-03:00,2026-07-03T05:37:29.913539-03:00,155.87,,,,,,7
34efb16a-5501-4937-a23a-6b74fb6ee174,,R5,Recepción Volcable 1,VALIDO,DEDUCIDO,2026-07-03T04:10:27.727247-03:00,2026-07-03T09:35:36.363322-03:00,325.14,,,,,,4
0a6c192e-6ff1-4287-8028-aeec2bf9d2a7__cycle_3,,R8,Recepción Mercadería Líquida,VALIDO,DEDUCIDO,2026-07-03T04:57:42.650594-03:00,2026-07-03T10:47:33.494535-03:00,349.85,,,,,,4
ea35c3bc-6f36-4f97-ab0a-3d85a34d0d51__cycle_3,,R8,Recepción Mercadería Líquida,VALIDO,DEDUCIDO,2026-07-03T06:33:12.651484-03:00,2026-07-03T13:47:55.700164-03:00,434.72,,,,,,9
a1040f9f-4f82-4c03-9dcf-14737a5a9795__cycle_2,,R7,Ricardone → San Lorenzo,VALIDO,DEDUCIDO,2026-07-03T07:01:52.665033-03:00,2026-07-03T07:12:28.466529-03:00,10.60,10.60,0.00,0.00,MIXTO,R7_MIXTO,3
4b4694c8-4212-4fda-a87f-7b32f3ed6940__cycle_3,,R7,Ricardone → San Lorenzo,VALIDO,COMPLETO,2026-07-03T07:15:27.04123-03:00,2026-07-03T13:14:23.526954-03:00,358.94,358.94,0.00,0.00,MIXTO,R7_MIXTO,4
4e8efccf-1f91-4e78-a20e-eea3e18ff208,,R7,Ricardone → San Lorenzo,VALIDO,,2026-07-03T07:20:27.696455-03:00,2026-07-03T16:13:21.128148-03:00,532.89,0.00,0.00,165.65,MIXTO,R7_MIXTO,5
b1501de2-35d9-48ba-bceb-bc01c0c3930e,,R7,Ricardone → San Lorenzo,VALIDO,COMPLETO,2026-07-03T07:22:38.00368-03:00,2026-07-03T13:20:33.519484-03:00,357.93,357.93,0.00,0.00,MIXTO,R7_MIXTO,4
38708ab4-8c55-4f8f-bc37-2c6eb688209c__cycle_2,,R7,Ricardone → San Lorenzo,VALIDO,DEDUCIDO,2026-07-03T07:23:49.396133-03:00,2026-07-03T13:15:43.524272-03:00,351.90,351.90,0.00,0.00,MIXTO,R7_MIXTO,3
cc319db4-d8aa-4e03-8b4c-01707d50bda8__cycle_5,,R7,Ricardone → San Lorenzo,VALIDO,DEDUCIDO,2026-07-03T07:23:53.088582-03:00,2026-07-03T07:30:33.482706-03:00,6.67,6.67,0.00,0.00,MIXTO,R7_MIXTO,3
59460c2d-2ae1-49c2-af65-359c837214bd__cycle_12,,R8,Recepción Mercadería Líquida,VALIDO,DEDUCIDO,2026-07-03T07:27:12.644405-03:00,2026-07-03T14:24:56.14321-03:00,417.72,,,,,,6
9dbdb391-b676-4b32-b017-66bf8527bac8__cycle_2,,R7,Ricardone → San Lorenzo,VALIDO,COMPLETO,2026-07-03T07:34:02.649107-03:00,2026-07-03T13:26:08.568978-03:00,352.10,352.10,0.00,0.00,MIXTO,R7_MIXTO,4
bd04bd3b-20e0-4302-99d5-b8189dee02e6__cycle_2,,R7,Ricardone → San Lorenzo,VALIDO,,2026-07-03T07:36:12.644145-03:00,2026-07-03T07:43:33.477923-03:00,7.35,7.35,0.00,0.00,MIXTO,R7_MIXTO,2
358b6eb6-ed09-4f37-a95c-abb6c194eeec__cycle_2,,R7,Ricardone → San Lorenzo,VALIDO,COMPLETO,2026-07-03T07:39:52.647101-03:00,2026-07-03T13:31:48.612915-03:00,351.93,351.93,0.00,0.00,MIXTO,R7_MIXTO,4
2e5342a5-54dd-47f6-b744-62d32cdb3873,,R7,Ricardone → San Lorenzo,VALIDO,,2026-07-03T07:40:37.132187-03:00,2026-07-03T10:52:38.498519-03:00,192.02,192.02,0.00,64.13,MIXTO,R7_MIXTO,5
79c8b28a-b60c-4cb3-a924-b26810da477c__cycle_2,,R7,Ricardone → San Lorenzo,VALIDO,DEDUCIDO,2026-07-03T07:42:42.660332-03:00,2026-07-03T13:36:03.539751-03:00,353.35,353.35,0.00,0.00,MIXTO,R7_MIXTO,3
32bc5c34-dca3-470d-a48c-3ad7562654de__cycle_1,,R5,Recepción Volcable 1,VALIDO,DEDUCIDO,2026-07-03T07:43:02.695717-03:00,2026-07-03T12:28:46.318272-03:00,285.73,,,,,,5
6110a070-22ff-440f-a3f3-0e77c231ed33,,R7,Ricardone → San Lorenzo,VALIDO,COMPLETO,2026-07-03T07:44:07.682883-03:00,2026-07-03T13:34:18.509731-03:00,350.18,350.18,0.00,0.00,MIXTO,R7_MIXTO,4
dae269cf-792a-4bfa-9957-2d7831b1c7bd,,R7,Ricardone → San Lorenzo,VALIDO,DEDUCIDO,2026-07-03T07:51:27.681847-03:00,2026-07-03T13:39:38.55614-03:00,348.18,348.18,0.00,0.00,MIXTO,R7_MIXTO,3
c3364af4-b4ce-4335-a1d9-c263f7551b20,,R7,Ricardone → San Lorenzo,VALIDO,DEDUCIDO,2026-07-03T07:54:22.754877-03:00,2026-07-03T13:45:18.533865-03:00,350.93,350.93,0.00,0.00,MIXTO,R7_MIXTO,5
05dac481-93c0-4a53-918f-820aee35d33e__cycle_2,,R1,Recepción Celda 16,VALIDO,DEDUCIDO,2026-07-03T07:54:30.804579-03:00,2026-07-03T08:58:21.683486-03:00,63.85,,,,,,3
3f7e22b2-6d33-4597-88de-8301ab80bf43__cycle_3,,R7,Ricardone → San Lorenzo,VALIDO,,2026-07-03T07:56:02.667715-03:00,2026-07-03T08:04:18.476697-03:00,8.26,8.26,0.00,0.00,MIXTO,R7_MIXTO,2
fa19310a-f2a2-4e7a-b4a8-d4f8fbf1bd19__cycle_3,,R1,Recepción Celda 16,VALIDO,DEDUCIDO,2026-07-03T07:57:50.812715-03:00,2026-07-03T09:23:46.768119-03:00,85.93,,,,,,3
53121609-59ff-46c4-a789-ffe5e96cfade__cycle_2,,R1,Recepción Celda 16,VALIDO,DEDUCIDO,2026-07-03T08:00:15.771342-03:00,2026-07-03T09:36:21.70411-03:00,96.10,,,,,,4
639f68bf-dfa2-4494-9c11-75180cd4166d__cycle_1,,R5,Recepción Volcable 1,VALIDO,DEDUCIDO,2026-07-03T08:08:42.719598-03:00,2026-07-03T12:53:16.365809-03:00,284.56,,,,,,5
3c724eea-9c13-4014-b140-5af6260f5519,,R7,Ricardone → San Lorenzo,VALIDO,COMPLETO,2026-07-03T08:11:17.69274-03:00,2026-07-03T13:49:58.753787-03:00,338.68,338.68,0.00,0.00,MIXTO,R7_MIXTO,4
9cf20bd2-9d46-421d-ba84-b91683269c3e,,R7,Ricardone → San Lorenzo,VALIDO,COMPLETO,2026-07-03T08:13:02.651117-03:00,2026-07-03T14:00:28.540108-03:00,347.43,347.43,0.00,0.00,MIXTO,R7_MIXTO,4
90ce1427-a4d9-4910-98a3-9186c9e49125,,R7,Ricardone → San Lorenzo,VALIDO,DEDUCIDO,2026-07-03T08:14:47.713076-03:00,2026-07-03T14:13:37.297329-03:00,358.83,358.83,0.00,0.00,MIXTO,R7_MIXTO,3
a19e4380-a4ff-4f01-b58e-4624958c449e,,R7,Ricardone → San Lorenzo,VALIDO,COMPLETO,2026-07-03T08:20:07.69168-03:00,2026-07-03T14:13:58.526919-03:00,353.85,353.85,0.00,0.00,MIXTO,R7_MIXTO,4
625dbaa8-6bf2-4952-85ae-80483952ab3f__cycle_3,,R7,Ricardone → San Lorenzo,VALIDO,COMPLETO,2026-07-03T08:20:27.634501-03:00,2026-07-03T14:13:13.545545-03:00,352.77,352.77,0.00,0.00,MIXTO,R7_MIXTO,4
b1ffd468-16f5-4a63-90db-81ff36dd2387,,R7,Ricardone → San Lorenzo,VALIDO,,2026-07-03T08:20:37.72949-03:00,2026-07-03T18:09:01.118093-03:00,588.39,0.00,0.00,218.65,MIXTO,R7_MIXTO,6
ec256412-11f6-4adb-87ad-965334e7ddc2,,R7,Ricardone → San Lorenzo,VALIDO,COMPLETO,2026-07-03T08:20:52.639876-03:00,2026-07-03T14:15:28.550061-03:00,354.60,354.60,0.00,0.00,MIXTO,R7_MIXTO,4
46987553-e038-490b-b51e-3b5ef7e385be,,R7,Ricardone → San Lorenzo,VALIDO,DEDUCIDO,2026-07-03T08:21:17.676404-03:00,2026-07-03T14:17:43.636072-03:00,356.43,356.43,0.00,0.00,MIXTO,R7_MIXTO,3
a854adbb-7db6-4978-8a1c-9ef5f9758612,,R7,Ricardone → San Lorenzo,VALIDO,,2026-07-03T08:23:22.696398-03:00,2026-07-03T14:00:58.53821-03:00,337.60,337.60,0.00,0.00,MIXTO,R7_MIXTO,2
0bf7f835-eb3e-404f-a122-e28bf84530d4,,R7,Ricardone → San Lorenzo,VALIDO,COMPLETO,2026-07-03T08:27:47.688504-03:00,2026-07-03T14:19:28.562547-03:00,351.68,351.68,0.00,0.00,MIXTO,R7_MIXTO,4
8205ab3a-f9fe-4687-851f-bb0d8feb912b__cycle_2,,R7,Ricardone → San Lorenzo,VALIDO,DEDUCIDO,2026-07-03T08:28:02.663933-03:00,2026-07-03T08:39:48.463306-03:00,11.76,11.76,0.00,0.00,MIXTO,R7_MIXTO,3
87e3cb53-24f2-48f3-b593-3645f644a8bb__cycle_2,,R7,Ricardone → San Lorenzo,VALIDO,COMPLETO,2026-07-03T08:31:23.597088-03:00,2026-07-03T14:26:03.459431-03:00,354.66,354.66,0.00,0.00,MIXTO,R7_MIXTO,6
1ad46e64-6acd-4171-abfd-c235a3d01b5e,,R7,Ricardone → San Lorenzo,VALIDO,COMPLETO,2026-07-03T08:39:02.683088-03:00,2026-07-03T14:25:33.545564-03:00,346.51,346.51,0.00,0.00,MIXTO,R7_MIXTO,4
5131318a-f8ff-4aac-8568-ee3022072efd,,R7,Ricardone → San Lorenzo,VALIDO,COMPLETO,2026-07-03T08:39:17.63046-03:00,2026-07-03T14:35:18.475722-03:00,356.01,356.01,0.00,0.00,MIXTO,R7_MIXTO,8
e25f8014-3cd8-45aa-9b8c-ee7eacd5528a,,R7,Ricardone → San Lorenzo,VALIDO,COMPLETO,2026-07-03T08:39:52.677826-03:00,2026-07-03T14:35:53.457169-03:00,356.01,356.01,0.00,0.00,MIXTO,R7_MIXTO,4
34b473f0-193e-40b4-abdf-3a78772a2f38__cycle_3,,R8,Recepción Mercadería Líquida,VALIDO,DEDUCIDO,2026-07-03T08:40:37.833077-03:00,2026-07-03T15:56:40.905097-03:00,436.05,,,,,,16
c3a857c1-2455-41a4-8a64-bd6964e235f6__cycle_2,,R7,Ricardone → San Lorenzo,VALIDO,DEDUCIDO,2026-07-03T08:44:07.655372-03:00,2026-07-03T08:57:03.498549-03:00,12.93,12.93,0.00,0.00,MIXTO,R7_MIXTO,3
cca1d07b-ea81-47c1-823a-9329e6e43546__cycle_8,,R8,Recepción Mercadería Líquida,VALIDO,DEDUCIDO,2026-07-03T08:48:37.756889-03:00,2026-07-03T16:48:05.995244-03:00,479.47,,,,,,14
f01d99b9-fea0-4c9a-84fa-8b70587c7d82__cycle_4,,R8,Recepción Mercadería Líquida,VALIDO,DEDUCIDO,2026-07-03T08:48:42.663399-03:00,2026-07-03T15:01:45.794418-03:00,373.05,,,,,,7
bcdb9bef-833b-48d6-814b-2248ddf5624b,,R7,Ricardone → San Lorenzo,VALIDO,COMPLETO,2026-07-03T08:56:42.665348-03:00,2026-07-03T14:54:38.458527-03:00,357.93,357.93,0.00,0.00,MIXTO,R7_MIXTO,4
8790f660-ba33-4959-a61a-32393e87658b,,R1,Recepción Celda 16,VALIDO,DEDUCIDO,2026-07-03T09:06:48.637383-03:00,2026-07-03T12:07:01.701536-03:00,180.22,,,,,,7
116169db-ff75-4a7a-b8e8-74b25f1a5131__cycle_7,,R8,Recepción Mercadería Líquida,VALIDO,DEDUCIDO,2026-07-03T09:07:47.396146-03:00,2026-07-03T10:45:00.830759-03:00,97.22,,,,,,5
3b243ce2-5dac-47f3-bda2-8509ea80255a__cycle_3,,R7,Ricardone → San Lorenzo,VALIDO,DEDUCIDO,2026-07-03T09:09:22.63986-03:00,2026-07-03T11:37:03.496704-03:00,147.68,147.68,0.00,0.00,MIXTO,R7_MIXTO,3
492b42e9-bb53-4ce2-93c3-668594eaec4f,,R7,Ricardone → San Lorenzo,VALIDO,COMPLETO,2026-07-03T09:12:17.70629-03:00,2026-07-03T14:55:58.473453-03:00,343.68,343.68,0.00,0.00,MIXTO,R7_MIXTO,4
e49bd5f4-23cb-49df-a9a1-7e41a3601cb4__cycle_2,,R8,Recepción Mercadería Líquida,VALIDO,DEDUCIDO,2026-07-03T09:12:32.62186-03:00,2026-07-03T15:44:05.881652-03:00,391.55,,,,,,7
55778d2c-8ce9-4fec-a4fe-48b1bb6fe6ac__cycle_4,,R8,Recepción Mercadería Líquida,VALIDO,DEDUCIDO,2026-07-03T09:15:42.317578-03:00,2026-07-03T17:46:51.016458-03:00,511.14,,,,,,11
d0c29e5a-b57f-4a10-960b-f8ebae1670d8,,R7,Ricardone → San Lorenzo,VALIDO,COMPLETO,2026-07-03T09:16:42.62768-03:00,2026-07-03T15:00:08.452305-03:00,343.43,343.43,0.00,0.00,MIXTO,R7_MIXTO,4
6a12b90a-1147-4a1a-ba38-ae7912bc172f__cycle_6,,R8,Recepción Mercadería Líquida,VALIDO,DEDUCIDO,2026-07-03T09:16:50.238601-03:00,2026-07-04T04:56:30.677091-03:00,1179.67,,,,,,22
a36fb3df-4d5d-4abb-a687-76f5847484f7,,R7,Ricardone → San Lorenzo,VALIDO,COMPLETO,2026-07-03T09:18:22.704984-03:00,2026-07-03T15:04:33.449007-03:00,346.18,346.18,0.00,0.00,MIXTO,R7_MIXTO,4
a47007ca-9938-460e-9b35-e09b82f2e001,,R7,Ricardone → San Lorenzo,VALIDO,,2026-07-03T09:23:42.178786-03:00,2026-07-03T11:01:22.707122-03:00,97.68,0.00,0.00,81.22,MIXTO,R7_MIXTO,4
d130bfaa-5df9-4682-b384-5131c7afc48a,,R7,Ricardone → San Lorenzo,VALIDO,COMPLETO,2026-07-03T09:24:12.642234-03:00,2026-07-03T14:56:53.465552-03:00,332.68,332.68,0.00,0.00,MIXTO,R7_MIXTO,4
fdde5d34-25a3-47d5-b9dc-1e9a2ce3c05f,,R7,Ricardone → San Lorenzo,VALIDO,COMPLETO,2026-07-03T09:25:27.650158-03:00,2026-07-03T15:01:18.447194-03:00,335.85,335.85,0.00,0.00,MIXTO,R7_MIXTO,4
fe70db8b-a471-4832-8ada-6575915f075e,,R7,Ricardone → San Lorenzo,VALIDO,,2026-07-03T09:26:27.152578-03:00,2026-07-03T17:44:33.69996-03:00,498.11,498.11,0.00,224.89,MIXTO,R7_MIXTO,5
aa2310bb-f7bb-4cca-8819-9d9e318b8582__cycle_3,,R8,Recepción Mercadería Líquida,VALIDO,DEDUCIDO,2026-07-03T09:26:27.649601-03:00,2026-07-03T16:29:00.906951-03:00,422.55,,,,,,7
42cb8b91-fee5-4f0b-aa94-bd1fe770d5c3,,R7,Ricardone → San Lorenzo,VALIDO,COMPLETO,2026-07-03T09:26:42.74463-03:00,2026-07-03T15:03:08.459117-03:00,336.43,336.43,0.00,0.00,MIXTO,R7_MIXTO,4
92fb30b5-2acc-4b09-b9fb-bca1f2c2e9f7,,R1,Recepción Celda 16,VALIDO,DEDUCIDO,2026-07-03T09:27:07.188626-03:00,2026-07-03T12:28:11.707769-03:00,181.08,,,,,,5
76a021db-49d9-4e01-90e4-7041aa1671a2__cycle_3,,R8,Recepción Mercadería Líquida,VALIDO,DEDUCIDO,2026-07-03T09:29:47.618076-03:00,2026-07-03T15:45:35.905581-03:00,375.80,,,,,,13
4474f888-36a1-45a8-9eee-dfd1573a72cc__cycle_4,,R8,Recepción Mercadería Líquida,VALIDO,DEDUCIDO,2026-07-03T09:34:05.215964-03:00,2026-07-04T09:25:07.562189-03:00,1431.04,,,,,,32
6aceaa32-d8eb-47f4-a682-e78d751f7301__cycle_2,,R7,Ricardone → San Lorenzo,VALIDO,DEDUCIDO,2026-07-03T09:34:22.677004-03:00,2026-07-03T15:05:18.448496-03:00,330.93,330.93,0.00,0.00,MIXTO,R7_MIXTO,3
ae7668bb-9840-4d34-990a-97b352cc5e68,,R7,Ricardone → San Lorenzo,VALIDO,COMPLETO,2026-07-03T09:36:52.662641-03:00,2026-07-03T15:02:48.450407-03:00,325.93,325.93,0.00,0.00,MIXTO,R7_MIXTO,4
1395899f-7ad2-49e0-ba35-0f957db859d0,,R7,Ricardone → San Lorenzo,VALIDO,COMPLETO,2026-07-03T09:37:57.680124-03:00,2026-07-03T15:07:29.37295-03:00,329.53,329.53,0.00,0.00,MIXTO,R7_MIXTO,4
a90533ae-9418-4842-8d53-5128deeeb04e__cycle_3,,R8,Recepción Mercadería Líquida,VALIDO,DEDUCIDO,2026-07-03T09:42:37.613908-03:00,2026-07-04T04:05:37.094571-03:00,1102.99,,,,,,27
ed127fe2-9d5c-4ce9-ae03-c1a4b06b20ba,,R7,Ricardone → San Lorenzo,VALIDO,COMPLETO,2026-07-03T09:43:22.700433-03:00,2026-07-03T15:09:48.459698-03:00,326.43,326.43,0.00,0.00,MIXTO,R7_MIXTO,4
1fcad16f-e0c1-46e3-8eca-65d63b09139f,,R7,Ricardone → San Lorenzo,VALIDO,COMPLETO,2026-07-03T09:43:37.682396-03:00,2026-07-03T15:10:13.451909-03:00,326.60,326.60,0.00,0.00,MIXTO,R7_MIXTO,4
e4f3b86a-7df8-4eeb-abe9-b60753ef5586,,R7,Ricardone → San Lorenzo,VALIDO,COMPLETO,2026-07-03T09:48:17.662054-03:00,2026-07-03T15:14:44.478276-03:00,326.45,326.45,0.00,0.00,MIXTO,R7_MIXTO,4
c7b5ef87-266d-4d4d-97ec-7a8b38e0f9d5,,R7,Ricardone → San Lorenzo,VALIDO,COMPLETO,2026-07-03T09:49:02.660148-03:00,2026-07-03T15:15:13.45417-03:00,326.18,326.18,0.00,0.00,MIXTO,R7_MIXTO,4
5bb8b2a1-b30f-4a39-8ba9-9d6d8a021027,,R7,Ricardone → San Lorenzo,VALIDO,,2026-07-03T09:52:42.67003-03:00,2026-07-03T11:31:20.440806-03:00,98.63,0.00,0.00,76.89,MIXTO,R7_MIXTO,5
ea912b4d-7fde-42c4-846d-a4e15ca811da__cycle_2,,R8,Recepción Mercadería Líquida,VALIDO,DEDUCIDO,2026-07-03T09:53:07.605908-03:00,2026-07-04T08:27:27.604781-03:00,1354.33,,,,,,40
5295c860-78e4-4e05-b6b9-b07d1769329a__cycle_3,,R8,Recepción Mercadería Líquida,VALIDO,DEDUCIDO,2026-07-03T09:54:10.708639-03:00,2026-07-03T16:02:10.910065-03:00,368.00,,,,,,9
a782b295-f7f8-49bc-814a-7751f45870b5__cycle_5,,R8,Recepción Mercadería Líquida,VALIDO,DEDUCIDO,2026-07-03T09:54:30.328645-03:00,2026-07-03T16:05:47.079808-03:00,371.28,,,,,,10
d4c8806a-39b5-41e0-b9f1-08e481ea2613__cycle_4,,R8,Recepción Mercadería Líquida,VALIDO,DEDUCIDO,2026-07-03T09:55:07.64219-03:00,2026-07-03T16:02:35.904526-03:00,367.47,,,,,,5
1d9d2813-fb89-4f91-8b0c-b36969df72db__cycle_4,,R8,Recepción Mercadería Líquida,VALIDO,DEDUCIDO,2026-07-03T09:55:32.705443-03:00,2026-07-03T12:56:20.645514-03:00,180.80,,,,,,10
778de632-0d34-486b-a060-d0f702a65f14,,R7,Ricardone → San Lorenzo,VALIDO,COMPLETO,2026-07-03T09:57:27.657512-03:00,2026-07-03T15:20:03.491575-03:00,322.60,322.60,0.00,0.00,MIXTO,R7_MIXTO,4
ae00f43a-ade1-4bfc-b1e1-74b18bad43e3,,R7,Ricardone → San Lorenzo,VALIDO,COMPLETO,2026-07-03T09:57:42.647576-03:00,2026-07-03T15:14:13.474392-03:00,316.51,316.51,0.00,0.00,MIXTO,R7_MIXTO,4
0ccbda59-387b-4d22-a897-18e6006bc2b9__cycle_3,,R8,Recepción Mercadería Líquida,VALIDO,DEDUCIDO,2026-07-03T10:04:15.769214-03:00,2026-07-03T12:42:47.061343-03:00,158.52,,,,,,5
b797aa33-af0b-4f0a-9ee5-8a9bfb6f9ade,,R1,Recepción Celda 16,VALIDO,DEDUCIDO,2026-07-03T10:06:19.435275-03:00,2026-07-03T11:18:06.689426-03:00,71.79,,,,,,3
b5dac3b9-0985-4784-b7a9-fa439d330478__cycle_3,,R8,Recepción Mercadería Líquida,VALIDO,DEDUCIDO,2026-07-03T10:06:40.322573-03:00,2026-07-03T21:38:32.568001-03:00,691.87,,,,,,13
b7075176-b909-42ed-b007-7e0a83a5856a,,R7,Ricardone → San Lorenzo,VALIDO,,2026-07-03T10:11:57.737218-03:00,2026-07-03T15:18:38.49295-03:00,306.68,306.68,0.00,0.00,MIXTO,R7_MIXTO,2
9252ca5f-a6ca-4ae3-9d10-b72e8a566cab,,R7,Ricardone → San Lorenzo,VALIDO,DEDUCIDO,2026-07-03T10:14:28.57378-03:00,2026-07-03T13:52:38.551505-03:00,218.17,218.17,0.00,0.00,MIXTO,R7_MIXTO,3
cfb99b83-a754-4cf5-87d7-3348276f4664__cycle_2,,R1,Recepción Celda 16,VALIDO,DEDUCIDO,2026-07-03T10:15:33.388621-03:00,2026-07-03T11:23:51.708704-03:00,68.31,,,,,,7
a0d6fbe4-8767-4a68-b36b-ea8306f5b43a__cycle_2,,R7,Ricardone → San Lorenzo,VALIDO,COMPLETO,2026-07-03T10:19:27.597455-03:00,2026-07-03T15:20:28.869449-03:00,301.02,301.02,0.00,0.00,MIXTO,R7_MIXTO,4
75c7e7e2-f56a-4478-b44f-d9e383d74e97__cycle_2,,R7,Ricardone → San Lorenzo,VALIDO,DEDUCIDO,2026-07-03T10:19:57.614062-03:00,2026-07-03T15:21:18.451204-03:00,301.35,301.35,0.00,0.00,MIXTO,R7_MIXTO,3
2428d26f-7e05-48ae-a63b-5cf131cc9c91,,R7,Ricardone → San Lorenzo,VALIDO,COMPLETO,2026-07-03T10:20:47.687297-03:00,2026-07-03T15:20:53.460614-03:00,300.10,300.10,0.00,0.00,MIXTO,R7_MIXTO,4
6ca7a83d-ab2c-48e4-a7c8-29570480fd17__cycle_2,,R7,Ricardone → San Lorenzo,VALIDO,DEDUCIDO,2026-07-03T10:21:57.619789-03:00,2026-07-03T15:42:02.174888-03:00,320.08,0.00,0.00,0.00,MIXTO,R7_MIXTO,4
d1ecd311-635c-45c2-a03e-d4e47c605793,,R7,Ricardone → San Lorenzo,VALIDO,COMPLETO,2026-07-03T10:22:17.68361-03:00,2026-07-03T15:32:23.46762-03:00,310.10,310.10,0.00,0.00,MIXTO,R7_MIXTO,4
d717a620-a148-4cfb-aa59-519c4bfeb122__cycle_2,,R7,Ricardone → San Lorenzo,VALIDO,DEDUCIDO,2026-07-03T10:30:52.69664-03:00,2026-07-03T15:35:38.467655-03:00,304.76,304.76,0.00,0.00,MIXTO,R7_MIXTO,3
f3677df2-2f40-4ad3-9cf2-1b95f9016aef,,R1,Recepción Celda 16,VALIDO,DEDUCIDO,2026-07-03T10:34:25.800049-03:00,2026-07-03T11:42:36.703022-03:00,68.18,,,,,,3
899412a3-f12b-49d2-9123-7d39ab017eb9__cycle_2,,R7,Ricardone → San Lorenzo,VALIDO,COMPLETO,2026-07-03T10:37:17.638834-03:00,2026-07-03T15:30:23.450446-03:00,293.10,293.10,0.00,0.00,MIXTO,R7_MIXTO,4
bba1c263-457a-470f-bd7e-19a7f6c92807,,R7,Ricardone → San Lorenzo,VALIDO,COMPLETO,2026-07-03T10:37:57.696324-03:00,2026-07-03T15:37:33.487635-03:00,299.60,299.60,0.00,0.00,MIXTO,R7_MIXTO,5
157e87c5-578e-4553-9ab1-3dac75248999,,R7,Ricardone → San Lorenzo,VALIDO,COMPLETO,2026-07-03T10:40:48.523167-03:00,2026-07-03T15:38:18.478532-03:00,297.50,297.50,0.00,0.00,MIXTO,R7_MIXTO,4
d728194f-1bec-404b-9216-86fe7a303067__cycle_3,,R8,Recepción Mercadería Líquida,VALIDO,DEDUCIDO,2026-07-03T10:50:57.65472-03:00,2026-07-03T16:25:15.892378-03:00,334.30,,,,,,6
257a2193-94e2-45e8-bffa-448956567a86__cycle_5,,R7,Ricardone → San Lorenzo,VALIDO,COMPLETO,2026-07-03T10:55:47.680472-03:00,2026-07-03T15:44:53.462423-03:00,289.10,289.10,0.00,0.00,MIXTO,R7_MIXTO,5
3890f6cd-fc3d-42f9-b35e-f1e172cdbc2e__cycle_4,,R8,Recepción Mercadería Líquida,VALIDO,DEDUCIDO,2026-07-03T10:55:57.603923-03:00,2026-07-04T01:34:07.165869-03:00,878.16,,,,,,16
b3fb98ea-d32e-46ce-8580-b9aa3bf32400__cycle_4,,R8,Recepción Mercadería Líquida,VALIDO,DEDUCIDO,2026-07-03T10:58:00.573947-03:00,2026-07-04T06:12:50.536644-03:00,1154.83,,,,,,24
26fd0f8e-8210-46f8-aecc-231cef0c8a04__cycle_6,,R8,Recepción Mercadería Líquida,VALIDO,DEDUCIDO,2026-07-03T11:00:25.477358-03:00,2026-07-03T17:21:02.088161-03:00,380.61,,,,,,12
769f9166-51b4-439d-8b49-a8fbaf640c65__cycle_1,,R8,Recepción Mercadería Líquida,VALIDO,DEDUCIDO,2026-07-03T11:02:37.645385-03:00,2026-07-03T14:37:10.764501-03:00,214.55,,,,,,7
b7b35f11-e562-4c76-b8a0-b263ec2c01f4__cycle_3,,R8,Recepción Mercadería Líquida,VALIDO,DEDUCIDO,2026-07-03T11:03:15.476395-03:00,2026-07-04T06:11:17.876849-03:00,1148.04,,,,,,29
5128df58-003d-449b-8b80-2f958266603d__cycle_4,,R8,Recepción Mercadería Líquida,VALIDO,DEDUCIDO,2026-07-03T11:05:27.63408-03:00,2026-07-03T13:54:51.012205-03:00,169.39,,,,,,4
b6552867-8b9e-4a29-b380-4cf38284c197__cycle_4,,R8,Recepción Mercadería Líquida,VALIDO,DEDUCIDO,2026-07-03T11:08:57.722363-03:00,2026-07-04T01:57:11.824659-03:00,888.24,,,,,,18
ab443d3b-1323-44a6-adbf-cc9acf5ff4de__cycle_7,,R7,Ricardone → San Lorenzo,VALIDO,DEDUCIDO,2026-07-03T11:11:12.604519-03:00,2026-07-03T11:38:53.535399-03:00,27.68,27.68,0.00,0.00,MIXTO,R7_MIXTO,3
83153eaf-fc92-4434-b48f-64fc2bf21e78__cycle_5,,R8,Recepción Mercadería Líquida,VALIDO,DEDUCIDO,2026-07-03T11:19:32.604729-03:00,2026-07-03T17:14:31.050485-03:00,354.97,,,,,,6
1865ca40-9807-44e0-97c4-cdb9412251df,,R7,Ricardone → San Lorenzo,VALIDO,,2026-07-03T11:43:17.606823-03:00,2026-07-03T12:03:25.218694-03:00,20.13,20.13,0.00,0.00,MIXTO,R7_MIXTO,2
92561fd5-2dad-40bd-971f-cec10d4c092b,,R1,Recepción Celda 16,VALIDO,DEDUCIDO,2026-07-03T11:43:25.81179-03:00,2026-07-03T12:35:01.690348-03:00,51.60,,,,,,8
394573e7-30bc-4c72-af69-1fdfee95dfeb,,R7,Ricardone → San Lorenzo,VALIDO,,2026-07-03T11:47:42.581507-03:00,2026-07-03T12:03:48.505151-03:00,16.10,16.10,0.00,0.00,MIXTO,R7_MIXTO,2
5d5f1c6d-29a3-48b0-969b-0632fe68f458__cycle_2,,R1,Recepción Celda 16,VALIDO,DEDUCIDO,2026-07-03T11:54:26.106667-03:00,2026-07-03T13:06:56.663262-03:00,72.51,,,,,,3
515d244b-6d36-4066-a55a-47e848f98e8c__cycle_2,,R7,Ricardone → San Lorenzo,VALIDO,DEDUCIDO,2026-07-03T11:55:27.610586-03:00,2026-07-03T17:50:33.518213-03:00,355.10,355.10,0.00,0.00,MIXTO,R7_MIXTO,3
595ed11f-b6ca-439f-8194-257a48fe449c__cycle_4,,R1,Recepción Celda 16,VALIDO,DEDUCIDO,2026-07-03T11:56:01.910611-03:00,2026-07-03T12:58:16.678404-03:00,62.25,,,,,,3
fa81d18f-e021-47ab-8b28-6f96e899be85,,R7,Ricardone → San Lorenzo,VALIDO,DEDUCIDO,2026-07-03T12:03:02.92961-03:00,2026-07-03T12:30:38.511075-03:00,27.59,27.59,0.00,0.00,MIXTO,R7_MIXTO,3
3fea4174-d267-423a-8c29-005369ab38c5,,R7,Ricardone → San Lorenzo,VALIDO,COMPLETO,2026-07-03T12:07:12.736975-03:00,2026-07-03T17:53:18.478855-03:00,346.10,346.10,0.00,0.00,MIXTO,R7_MIXTO,4
f7ab8877-6026-45f4-926a-03c6f84f9e57__cycle_2,,R7,Ricardone → San Lorenzo,VALIDO,DEDUCIDO,2026-07-03T12:10:42.598257-03:00,2026-07-03T12:21:58.520271-03:00,11.27,11.27,0.00,0.00,MIXTO,R7_MIXTO,3
4a0147ba-9b38-462f-adb2-a70b3e763ad0,,R7,Ricardone → San Lorenzo,VALIDO,DEDUCIDO,2026-07-03T12:14:32.62461-03:00,2026-07-03T18:03:33.993195-03:00,349.02,349.02,0.00,0.00,MIXTO,R7_MIXTO,3
b3327fa8-f742-4514-8e2f-5553fe262de4,,R7,Ricardone → San Lorenzo,VALIDO,COMPLETO,2026-07-03T12:14:47.728034-03:00,2026-07-03T18:04:03.489215-03:00,349.26,349.26,0.00,0.00,MIXTO,R7_MIXTO,4
41e7997e-144e-47cf-a389-b5be45a9127a,,R7,Ricardone → San Lorenzo,VALIDO,COMPLETO,2026-07-03T12:15:02.683435-03:00,2026-07-03T18:04:23.537667-03:00,349.35,349.35,0.00,0.00,MIXTO,R7_MIXTO,4
f26fe167-0fbc-4514-b851-3744deef0c76__cycle_2,,R7,Ricardone → San Lorenzo,VALIDO,COMPLETO,2026-07-03T12:20:07.598858-03:00,2026-07-03T18:04:53.490105-03:00,344.76,344.76,0.00,0.00,MIXTO,R7_MIXTO,4
2834ba21-5c71-4b7e-b8bc-5ae0007ffdec,,R7,Ricardone → San Lorenzo,VALIDO,DEDUCIDO,2026-07-03T12:21:27.601319-03:00,2026-07-03T12:29:03.502185-03:00,7.60,7.60,0.00,0.00,MIXTO,R7_MIXTO,3
e864235f-e623-4c09-8f74-830812a6486e__cycle_2,,R7,Ricardone → San Lorenzo,VALIDO,,2026-07-03T12:26:52.606464-03:00,2026-07-03T18:06:33.494508-03:00,339.68,339.68,0.00,0.00,MIXTO,R7_MIXTO,2
c0000c7c-6bde-4c71-864d-c14cfdcbc3f9,,R7,Ricardone → San Lorenzo,VALIDO,COMPLETO,2026-07-03T12:28:22.646035-03:00,2026-07-03T18:10:48.482665-03:00,342.43,342.43,0.00,0.00,MIXTO,R7_MIXTO,5
7b1db349-8a9c-4352-923a-133c63ebb8ab,,R7,Ricardone → San Lorenzo,VALIDO,COMPLETO,2026-07-03T12:29:32.667783-03:00,2026-07-03T18:12:48.496555-03:00,343.26,343.26,0.00,0.00,MIXTO,R7_MIXTO,4
d18e3798-0e2c-4c85-ad9d-06d1ebb23ff8,,R7,Ricardone → San Lorenzo,VALIDO,COMPLETO,2026-07-03T12:33:22.661299-03:00,2026-07-03T18:15:43.506111-03:00,342.35,342.35,0.00,0.00,MIXTO,R7_MIXTO,4
83006854-05e5-4340-b330-38c792b848f8,,R7,Ricardone → San Lorenzo,VALIDO,COMPLETO,2026-07-03T12:33:37.651237-03:00,2026-07-03T18:16:43.489451-03:00,343.10,343.10,0.00,0.00,MIXTO,R7_MIXTO,4
ca368ef7-fb1f-49c9-9342-ba010ca09158,,R7,Ricardone → San Lorenzo,VALIDO,DEDUCIDO,2026-07-03T12:34:57.649351-03:00,2026-07-03T18:19:53.543095-03:00,344.93,344.93,0.00,0.00,MIXTO,R7_MIXTO,3
ab13b09a-2f59-4ebc-bc29-c25469c076fd,,R7,Ricardone → San Lorenzo,VALIDO,DEDUCIDO,2026-07-03T12:35:27.670695-03:00,2026-07-03T18:20:33.523811-03:00,345.10,345.10,0.00,0.00,MIXTO,R7_MIXTO,3
c9bbfa08-158e-4bbe-ac29-432eefc00329,,R7,Ricardone → San Lorenzo,VALIDO,COMPLETO,2026-07-03T12:36:27.612873-03:00,2026-07-03T18:24:58.489878-03:00,348.51,348.51,0.00,0.00,MIXTO,R7_MIXTO,4
2ea9e341-fa7f-4eab-ad0b-548944afc4b1,,R7,Ricardone → San Lorenzo,VALIDO,DEDUCIDO,2026-07-03T12:44:57.709263-03:00,2026-07-03T12:51:28.530662-03:00,6.51,6.51,0.00,0.00,MIXTO,R7_MIXTO,3
e4034f58-3ee2-4dae-9ec0-3766fb85138f,,R7,Ricardone → San Lorenzo,VALIDO,DEDUCIDO,2026-07-03T12:52:47.59386-03:00,2026-07-03T18:21:28.548034-03:00,328.68,328.68,0.00,0.00,MIXTO,R7_MIXTO,3
6e9c8d2f-ad39-4538-b52e-690212c8e9d4__cycle_4,,R8,Recepción Mercadería Líquida,VALIDO,DEDUCIDO,2026-07-03T13:07:17.656962-03:00,2026-07-03T18:10:55.81103-03:00,303.64,,,,,,13
fcd22091-269a-4f83-965e-4acad7ba6bfb,,R7,Ricardone → San Lorenzo,VALIDO,DEDUCIDO,2026-07-03T13:07:57.644411-03:00,2026-07-03T13:17:53.52811-03:00,9.93,9.93,0.00,0.00,MIXTO,R7_MIXTO,3
476327a1-1c68-4e33-a658-4a828ff067bb,,R8,Recepción Mercadería Líquida,VALIDO,DEDUCIDO,2026-07-03T13:17:12.625907-03:00,2026-07-03T15:52:41.301762-03:00,155.48,,,,,,5
f0af6b7a-2dac-4600-92d2-9cfa42efe17f,,R7,Ricardone → San Lorenzo,VALIDO,,2026-07-03T13:27:02.673659-03:00,2026-07-04T03:03:21.932638-03:00,816.32,0.00,0.00,292.58,MIXTO,R7_MIXTO,8
8eb6f221-ef5c-4120-b080-6a6de2b6f66f,,R7,Ricardone → San Lorenzo,VALIDO,COMPLETO,2026-07-03T13:27:52.65854-03:00,2026-07-03T19:03:03.528557-03:00,335.18,335.18,0.00,0.00,MIXTO,R7_MIXTO,4
0ccbda59-387b-4d22-a897-18e6006bc2b9__cycle_4,,R8,Recepción Mercadería Líquida,VALIDO,DEDUCIDO,2026-07-03T13:32:27.899999-03:00,2026-07-04T09:47:22.603929-03:00,1214.91,,,,,,18
bf7a1093-35b6-4ea6-a69f-1848aee88b02,,R7,Ricardone → San Lorenzo,VALIDO,DEDUCIDO,2026-07-03T13:41:22.642889-03:00,2026-07-03T13:48:03.590432-03:00,6.68,6.68,0.00,0.00,MIXTO,R7_MIXTO,3
f5826f89-8af7-499e-b1c7-4e198b23ae04,,R7,Ricardone → San Lorenzo,VALIDO,DEDUCIDO,2026-07-03T13:41:37.622263-03:00,2026-07-03T13:49:03.626014-03:00,7.43,7.43,0.00,0.00,MIXTO,R7_MIXTO,3
61e6e20e-80af-4f6b-af27-eae1cfa3fc50,,R7,Ricardone → San Lorenzo,VALIDO,DEDUCIDO,2026-07-03T13:50:32.768705-03:00,2026-07-03T14:03:43.526357-03:00,13.18,13.18,0.00,0.00,MIXTO,R7_MIXTO,3
7acfa5d2-4557-433a-83b2-ab7e86c11b2f__cycle_3,,R7,Ricardone → San Lorenzo,VALIDO,DEDUCIDO,2026-07-03T14:19:07.611288-03:00,2026-07-03T14:30:28.473789-03:00,11.35,11.35,0.00,0.00,MIXTO,R7_MIXTO,3
c05aff34-a461-4c09-8121-4bd9c1c9fd48__cycle_1,,R7,Ricardone → San Lorenzo,VALIDO,,2026-07-03T14:33:37.115771-03:00,2026-07-03T19:09:22.949401-03:00,275.76,0.00,0.00,143.98,MIXTO,R7_MIXTO,5
5e6b3995-3f54-4a0a-8353-94114979b515__cycle_4,,R7,Ricardone → San Lorenzo,VALIDO,DEDUCIDO,2026-07-03T15:47:12.656377-03:00,2026-07-03T17:45:38.555717-03:00,118.43,118.43,0.00,0.00,MIXTO,R7_MIXTO,3
f653b9a8-35d0-4e78-aa74-7889538b6967,,R7,Ricardone → San Lorenzo,VALIDO,DEDUCIDO,2026-07-03T15:55:52.737849-03:00,2026-07-03T16:11:43.480712-03:00,15.85,15.85,0.00,0.00,MIXTO,R7_MIXTO,3
ee08f82d-a6c7-42ad-a901-0073f4482c36__cycle_2,,R7,Ricardone → San Lorenzo,VALIDO,,2026-07-03T16:09:07.676372-03:00,2026-07-03T16:20:23.484996-03:00,11.26,11.26,0.00,0.00,MIXTO,R7_MIXTO,2
4490b710-b1ca-4e5b-b4e6-fa5efda1a6c6__cycle_3,,R8,Recepción Mercadería Líquida,VALIDO,DEDUCIDO,2026-07-03T16:13:42.625332-03:00,2026-07-04T07:49:37.349571-03:00,935.91,,,,,,18
b2fbcdd2-209c-4fba-8e40-1d5ab6d0eccb,,R8,Recepción Mercadería Líquida,VALIDO,DEDUCIDO,2026-07-03T17:18:02.653194-03:00,2026-07-04T08:36:12.623752-03:00,918.17,,,,,,20
33f489b9-820e-4a42-aabb-bf2afee28b88__cycle_2,,R7,Ricardone → San Lorenzo,VALIDO,DEDUCIDO,2026-07-03T17:39:08.334085-03:00,2026-07-03T22:12:48.404687-03:00,273.67,273.67,0.00,0.00,MIXTO,R7_MIXTO,3
51f593af-08ae-46f5-89e4-1513a262f089,,R7,Ricardone → San Lorenzo,VALIDO,,2026-07-03T17:42:20.136264-03:00,2026-07-03T17:57:53.485534-03:00,15.56,15.56,0.00,0.00,MIXTO,R7_MIXTO,2
c9dd3872-fc63-4564-9747-b1473a213397,,R7,Ricardone → San Lorenzo,VALIDO,DEDUCIDO,2026-07-03T18:20:32.658214-03:00,2026-07-03T18:26:48.481325-03:00,6.26,6.26,0.00,0.00,MIXTO,R7_MIXTO,3
1aa2e388-5662-488b-94da-7dad14a3de5d,,R7,Ricardone → San Lorenzo,VALIDO,,2026-07-03T18:28:17.684262-03:00,2026-07-03T19:01:48.490866-03:00,33.51,33.51,0.00,0.00,MIXTO,R7_MIXTO,2
f494826d-46fe-4757-81db-56d38fbf1dcc__cycle_3,,R7,Ricardone → San Lorenzo,VALIDO,DEDUCIDO,2026-07-03T19:22:27.605046-03:00,2026-07-03T19:56:23.524829-03:00,33.93,33.93,0.00,0.00,MIXTO,R7_MIXTO,3
e70a9748-0d3b-46af-9be4-c9a1ff20a9db__cycle_3,,R7,Ricardone → San Lorenzo,VALIDO,COMPLETO,2026-07-03T20:08:47.626209-03:00,2026-07-04T01:54:43.422199-03:00,345.93,345.93,0.00,0.00,MIXTO,R7_MIXTO,4
a4712971-d09f-4968-b01e-98ef02223219__cycle_3,,R7,Ricardone → San Lorenzo,VALIDO,COMPLETO,2026-07-03T20:19:57.624918-03:00,2026-07-04T02:06:03.451455-03:00,346.10,346.10,0.00,0.00,MIXTO,R7_MIXTO,4
a776e071-ce80-4c02-a091-fe1faa1ea1fd__cycle_1,,R7,Ricardone → San Lorenzo,VALIDO,DEDUCIDO,2026-07-03T20:21:17.608744-03:00,2026-07-04T02:13:12.018435-03:00,351.91,0.00,0.00,0.00,MIXTO,R7_MIXTO,4
ecb05aeb-98c5-4fd8-a282-a3d68c7d7183,,R7,Ricardone → San Lorenzo,VALIDO,COMPLETO,2026-07-03T20:21:27.603251-03:00,2026-07-04T01:58:53.441431-03:00,337.43,337.43,0.00,0.00,MIXTO,R7_MIXTO,4
b081d9b3-40d1-472b-ad0e-9e089cc22038__cycle_2,,R7,Ricardone → San Lorenzo,VALIDO,DEDUCIDO,2026-07-03T20:49:32.613451-03:00,2026-07-04T02:34:46.973931-03:00,345.24,0.00,0.00,0.00,MIXTO,R7_MIXTO,3
468828dd-5ec0-4323-8b06-3af0ddd7c77a__cycle_2,,R7,Ricardone → San Lorenzo,VALIDO,COMPLETO,2026-07-03T20:58:17.612815-03:00,2026-07-04T02:09:13.425495-03:00,310.93,310.93,0.00,0.00,MIXTO,R7_MIXTO,4
ec580e3e-e843-4893-aa2c-13f612539c60,,R7,Ricardone → San Lorenzo,VALIDO,,2026-07-03T21:02:32.628718-03:00,2026-07-03T21:53:38.411235-03:00,51.10,51.10,0.00,0.00,MIXTO,R7_MIXTO,2
5458d70a-7f2d-4120-a729-1c871a6649a4__cycle_3,,R7,Ricardone → San Lorenzo,VALIDO,COMPLETO,2026-07-03T21:04:27.603791-03:00,2026-07-04T02:05:33.444615-03:00,301.10,301.10,0.00,0.00,MIXTO,R7_MIXTO,4
937861d1-21aa-4d74-980a-10f458266269,,R7,Ricardone → San Lorenzo,VALIDO,COMPLETO,2026-07-03T21:12:07.618929-03:00,2026-07-04T02:16:13.460934-03:00,304.10,304.10,0.00,0.00,MIXTO,R7_MIXTO,4
1dcb814d-32e1-44a0-8590-bf526cb7ac6e__cycle_2,,R7,Ricardone → San Lorenzo,VALIDO,COMPLETO,2026-07-03T21:16:17.664138-03:00,2026-07-04T02:17:33.437095-03:00,301.26,301.26,0.00,0.00,MIXTO,R7_MIXTO,4
5079ee05-b2c8-4531-b8d8-961a7768717c,,R7,Ricardone → San Lorenzo,VALIDO,COMPLETO,2026-07-03T21:23:42.668573-03:00,2026-07-04T02:20:58.456079-03:00,297.26,297.26,0.00,0.00,MIXTO,R7_MIXTO,4
7dc0b4f9-8e66-4477-88b8-e08e39e976c2__cycle_3,,R7,Ricardone → San Lorenzo,VALIDO,DEDUCIDO,2026-07-03T22:38:34.172037-03:00,2026-07-03T23:08:03.425117-03:00,29.49,29.49,0.00,0.00,MIXTO,R7_MIXTO,4
245721ec-c042-47b1-844f-d69e1730b84a,,R7,Ricardone → San Lorenzo,VALIDO,,2026-07-03T22:39:27.576583-03:00,2026-07-03T22:46:23.43055-03:00,6.93,6.93,0.00,0.00,MIXTO,R7_MIXTO,2
d8532979-f8fa-4dba-b2aa-918016428ed3__cycle_2,,R7,Ricardone → San Lorenzo,VALIDO,DEDUCIDO,2026-07-03T22:48:03.884712-03:00,2026-07-03T23:23:13.417194-03:00,35.16,35.16,0.00,0.00,MIXTO,R7_MIXTO,4
f78a1415-de0c-42be-b5ed-93e19c42ad38__cycle_3,,R7,Ricardone → San Lorenzo,VALIDO,,2026-07-03T23:02:07.593277-03:00,2026-07-04T03:05:02.028873-03:00,242.91,0.00,0.00,0.00,MIXTO,R7_MIXTO,3
55778d2c-8ce9-4fec-a4fe-48b1bb6fe6ac__cycle_5,,R7,Ricardone → San Lorenzo,VALIDO,,2026-07-04T00:04:05.764661-03:00,2026-07-04T10:14:33.487445-03:00,610.46,610.46,0.00,218.62,MIXTO,R7_MIXTO,7
83153eaf-fc92-4434-b48f-64fc2bf21e78__cycle_6,,R8,Recepción Mercadería Líquida,VALIDO,DEDUCIDO,2026-07-04T01:36:12.576255-03:00,2026-07-04T02:37:51.988238-03:00,61.66,,,,,,4
a79528f4-a5df-438b-b68e-2539296610dc__cycle_4,,R1,Recepción Celda 16,VALIDO,DEDUCIDO,2026-07-04T04:50:04.82286-03:00,2026-07-04T10:06:46.681312-03:00,316.70,,,,,,6
6c311189-ce13-47f9-ab1e-07918a252c19__cycle_3,,R1,Recepción Celda 16,VALIDO,DEDUCIDO,2026-07-04T05:11:39.798591-03:00,2026-07-04T09:36:26.647947-03:00,264.78,,,,,,4
408ca881-0b88-4410-bf93-aeb8c5201cd8__cycle_1,,R7,Ricardone → San Lorenzo,VALIDO,,2026-07-04T05:12:02.046586-03:00,2026-07-04T15:50:57.568832-03:00,638.93,0.00,0.00,374.35,MIXTO,R7_MIXTO,5
84d4d20e-5e80-4f0d-b0dc-09a6a98bce26__cycle_2,,R6,Recepción Volcable 2,VALIDO,DEDUCIDO,2026-07-04T05:12:40.289193-03:00,2026-07-04T07:43:00.2877-03:00,150.33,,,,,,3
a7ac8c20-4abb-40c5-95f7-e9de12d301cb__cycle_2,,R5,Recepción Volcable 1,VALIDO,DEDUCIDO,2026-07-04T05:26:19.848526-03:00,2026-07-04T11:14:56.277109-03:00,348.61,,,,,,3
7d109da9-3964-423c-a3c1-3af508517553,,R7,Ricardone → San Lorenzo,VALIDO,,2026-07-04T05:27:52.005318-03:00,2026-07-04T16:59:28.442069-03:00,691.61,691.61,0.00,355.18,MIXTO,R7_MIXTO,7
15bac9e9-698c-40c2-9e28-2e9e3e8afffc__cycle_4,,R7,Ricardone → San Lorenzo,VALIDO,,2026-07-04T05:37:57.650826-03:00,2026-07-04T05:41:28.693818-03:00,3.52,3.52,0.00,0.00,MIXTO,R7_MIXTO,2
09302137-6a9f-44b7-b8a7-462b1ca9c2ef__cycle_2,,R7,Ricardone → San Lorenzo,VALIDO,DEDUCIDO,2026-07-04T07:27:53.175645-03:00,2026-07-04T07:35:49.589312-03:00,7.94,7.94,0.00,0.00,MIXTO,R7_MIXTO,3
a9cdf39f-c9cd-40dc-bf3e-8ca171bc7c4f,,R7,Ricardone → San Lorenzo,VALIDO,DEDUCIDO,2026-07-04T07:40:07.619897-03:00,2026-07-04T11:49:58.345482-03:00,249.85,249.85,0.00,0.00,MIXTO,R7_MIXTO,3
f622dd51-e27e-4ae4-a6a6-a7f5ac6aab76__cycle_2,,R5,Recepción Volcable 1,VALIDO,DEDUCIDO,2026-07-04T07:55:48.025493-03:00,2026-07-04T11:08:16.242502-03:00,192.47,,,,,,3
b1610516-949f-4fb5-8efc-ada735b883b4__cycle_3,,R6,Recepción Volcable 2,VALIDO,DEDUCIDO,2026-07-04T07:58:38.096038-03:00,2026-07-04T12:54:36.253705-03:00,295.97,,,,,,4
105bb73e-fbb1-4f18-9540-37a0a392a46b,,R5,Recepción Volcable 1,VALIDO,DEDUCIDO,2026-07-04T07:59:02.583083-03:00,2026-07-04T13:17:21.229372-03:00,318.31,,,,,,4
faffc3a8-cd08-4414-b7c4-3b923483ec0e__cycle_2,,R5,Recepción Volcable 1,VALIDO,DEDUCIDO,2026-07-04T08:10:22.685812-03:00,2026-07-04T12:28:16.225369-03:00,257.89,,,,,,3
1524b2cf-8fac-4828-936c-432df1ac9a3a,,R1,Recepción Celda 16,VALIDO,DEDUCIDO,2026-07-04T08:21:34.126395-03:00,2026-07-04T10:20:26.660722-03:00,118.88,,,,,,5
ba3aae06-de36-458d-b0a9-421f3e091ba8,,R7,Ricardone → San Lorenzo,VALIDO,DEDUCIDO,2026-07-04T08:30:52.656849-03:00,2026-07-04T08:41:18.513522-03:00,10.43,10.43,0.00,0.00,MIXTO,R7_MIXTO,3
46f94b34-a8b9-4c96-a9d0-f48f60fe5188__cycle_2,,R7,Ricardone → San Lorenzo,VALIDO,DEDUCIDO,2026-07-04T08:31:42.204241-03:00,2026-07-04T12:38:23.391271-03:00,246.69,246.69,0.00,0.00,MIXTO,R7_MIXTO,3
ecb702bc-e836-4f7f-966c-a5bbebf03ad9__cycle_3,,R7,Ricardone → San Lorenzo,VALIDO,,2026-07-04T08:47:32.60046-03:00,2026-07-04T10:47:58.554931-03:00,120.43,120.43,0.00,0.00,MIXTO,R7_MIXTO,2
9f629c79-a6e7-4a04-b7a1-3ec9d88a0c6c__cycle_2,,R7,Ricardone → San Lorenzo,VALIDO,DEDUCIDO,2026-07-04T08:54:43.042517-03:00,2026-07-04T10:46:49.136281-03:00,112.10,112.10,0.00,0.00,MIXTO,R7_MIXTO,3
d0335d40-1ed5-45e8-b96a-7c5b9edd6ac8__cycle_3,,R7,Ricardone → San Lorenzo,VALIDO,DEDUCIDO,2026-07-04T08:56:46.830127-03:00,2026-07-04T10:48:48.449336-03:00,112.03,112.03,0.00,0.00,MIXTO,R7_MIXTO,3
b9fb28c5-c74e-4241-8c51-4b721ec0b2b0,,R7,Ricardone → San Lorenzo,VALIDO,,2026-07-04T09:05:47.748543-03:00,2026-07-04T11:53:58.406933-03:00,168.18,168.18,0.00,0.00,MIXTO,R7_MIXTO,2
150e2149-8691-4d55-bc5f-14be36554618__cycle_2,,R7,Ricardone → San Lorenzo,VALIDO,DEDUCIDO,2026-07-04T09:31:26.047722-03:00,2026-07-04T14:03:53.447218-03:00,272.46,272.46,0.00,0.00,MIXTO,R7_MIXTO,3
dc9db07d-1177-43d8-b439-639ba44886e8,,R7,Ricardone → San Lorenzo,VALIDO,DEDUCIDO,2026-07-04T10:00:22.576015-03:00,2026-07-04T10:31:58.451142-03:00,31.60,31.60,0.00,0.00,MIXTO,R7_MIXTO,3
85aa2f4e-331c-4fae-a1cc-130989cad194,,R1,Recepción Celda 16,VALIDO,DEDUCIDO,2026-07-04T10:27:27.596265-03:00,2026-07-04T12:24:01.668526-03:00,116.57,,,,,,6
68db8025-7e94-4992-b158-9b272fde181b__cycle_2,,R7,Ricardone → San Lorenzo,VALIDO,DEDUCIDO,2026-07-04T10:36:29.395032-03:00,2026-07-04T11:52:13.36858-03:00,75.73,75.73,0.00,0.00,MIXTO,R7_MIXTO,3
5f071c23-d511-4523-b65a-5195cc067c22,,R7,Ricardone → San Lorenzo,VALIDO,DEDUCIDO,2026-07-04T10:38:22.991151-03:00,2026-07-04T14:03:33.395625-03:00,205.17,205.17,0.00,0.00,MIXTO,R7_MIXTO,3
1a0df439-0906-4cab-b385-ba34cc1ab8bf,,R7,Ricardone → San Lorenzo,VALIDO,,2026-07-04T14:15:46.975363-03:00,2026-07-04T15:29:22.589409-03:00,73.59,0.00,0.00,32.35,MIXTO,R7_MIXTO,8
cebf87ae-0753-47f5-8296-eafa605ae428,,R7,Ricardone → San Lorenzo,VALIDO,,2026-07-04T15:06:42.614136-03:00,2026-07-05T05:51:04.495444-03:00,884.36,0.00,0.00,385.30,MIXTO,R7_MIXTO,7
d815daf5-eb97-4904-8b64-041d92c34961__cycle_2,,R7,Ricardone → San Lorenzo,VALIDO,COMPLETO,2026-07-04T17:20:07.546745-03:00,2026-07-04T23:15:03.497701-03:00,354.93,354.93,0.00,0.00,MIXTO,R7_MIXTO,4
b66ad1be-d833-482b-a51b-dca9e2b1628d,,R7,Ricardone → San Lorenzo,VALIDO,COMPLETO,2026-07-04T17:39:52.581927-03:00,2026-07-04T23:18:43.407312-03:00,338.85,338.85,0.00,0.00,MIXTO,R7_MIXTO,4
22afa19b-787b-4094-b914-a8602edb2eec,,R7,Ricardone → San Lorenzo,VALIDO,COMPLETO,2026-07-04T17:44:52.54382-03:00,2026-07-04T23:29:58.410422-03:00,345.10,345.10,0.00,0.00,MIXTO,R7_MIXTO,4
3eab67ad-2a59-4313-8a49-f12afef2ced7,,R7,Ricardone → San Lorenzo,VALIDO,COMPLETO,2026-07-04T17:54:17.672125-03:00,2026-07-04T23:21:48.409627-03:00,327.51,327.51,0.00,0.00,MIXTO,R7_MIXTO,4
8078fc29-bb35-44ae-a45e-f6a022d444fa,,R7,Ricardone → San Lorenzo,VALIDO,COMPLETO,2026-07-04T18:07:17.549265-03:00,2026-07-04T23:35:28.457745-03:00,328.18,328.18,0.00,0.00,MIXTO,R7_MIXTO,4
eee98d44-4b7f-473c-b9d7-c47db8c5901b,,R7,Ricardone → San Lorenzo,VALIDO,COMPLETO,2026-07-04T18:13:07.577122-03:00,2026-07-04T23:32:53.431889-03:00,319.76,319.76,0.00,0.00,MIXTO,R7_MIXTO,4
1ed43d68-5e38-4b97-a5df-3c353c86cfc3,,R7,Ricardone → San Lorenzo,VALIDO,COMPLETO,2026-07-04T18:41:02.565118-03:00,2026-07-04T23:29:33.433695-03:00,288.51,288.51,0.00,0.00,MIXTO,R7_MIXTO,4
16a33a85-61fd-42e9-846b-d567c5c50a50__cycle_14,,R6,Recepción Volcable 2,VALIDO,DEDUCIDO,2026-07-04T18:42:55.831799-03:00,2026-07-05T11:14:01.187415-03:00,991.09,,,,,,20
66cca7ed-f360-4bb8-92bd-27ea3ff112d2__cycle_3,,R7,Ricardone → San Lorenzo,VALIDO,COMPLETO,2026-07-04T19:03:27.55481-03:00,2026-07-04T23:27:38.415711-03:00,264.18,264.18,0.00,0.00,MIXTO,R7_MIXTO,4
1f285ee6-1398-4a42-a040-bb1b52d09db2,,R7,Ricardone → San Lorenzo,VALIDO,COMPLETO,2026-07-04T19:08:18.096701-03:00,2026-07-04T23:36:18.444752-03:00,268.01,268.01,0.00,0.00,MIXTO,R7_MIXTO,4
b15aafac-7c42-4abd-a948-b5ed40bd61f3__cycle_2,,R7,Ricardone → San Lorenzo,VALIDO,DEDUCIDO,2026-07-04T19:25:37.548343-03:00,2026-07-04T23:31:58.441311-03:00,246.35,246.35,0.00,0.00,MIXTO,R7_MIXTO,3
053cdfa0-4987-422e-8696-57df1429313e,,R7,Ricardone → San Lorenzo,VALIDO,DEDUCIDO,2026-07-04T19:44:02.583812-03:00,2026-07-04T23:31:13.403987-03:00,227.18,227.18,0.00,0.00,MIXTO,R7_MIXTO,3
44725894-86c6-49aa-ac2a-da2097eb3e19__cycle_2,,R7,Ricardone → San Lorenzo,VALIDO,COMPLETO,2026-07-04T19:50:37.564659-03:00,2026-07-04T23:32:28.428742-03:00,221.85,221.85,0.00,0.00,MIXTO,R7_MIXTO,4
63b5e611-4038-4d54-855f-1b82822b5c56,,R7,Ricardone → San Lorenzo,VALIDO,COMPLETO,2026-07-04T19:51:42.613643-03:00,2026-07-04T23:36:53.475594-03:00,225.18,225.18,0.00,0.00,MIXTO,R7_MIXTO,4
d53842bb-9566-4417-bbc1-f169ea847fd3__cycle_3,,R7,Ricardone → San Lorenzo,VALIDO,DEDUCIDO,2026-07-04T20:04:00.352022-03:00,2026-07-04T22:26:33.405245-03:00,142.55,142.55,0.00,0.00,MIXTO,R7_MIXTO,9
7ea2fbb6-26f3-48d6-8f0c-43672605547a__cycle_2,,R7,Ricardone → San Lorenzo,VALIDO,DEDUCIDO,2026-07-04T20:15:20.153903-03:00,2026-07-04T22:25:18.400554-03:00,129.97,129.97,0.00,0.00,MIXTO,R7_MIXTO,5
aa9a0a95-3e3c-430f-88c6-1f9948dadb4f__cycle_2,,R7,Ricardone → San Lorenzo,VALIDO,,2026-07-04T20:17:07.529495-03:00,2026-07-04T22:25:43.397889-03:00,128.60,128.60,0.00,0.00,MIXTO,R7_MIXTO,2
5f892d5c-3e84-402b-a059-3019910f75d4__cycle_2,,R7,Ricardone → San Lorenzo,VALIDO,DEDUCIDO,2026-07-04T20:35:29.739836-03:00,2026-07-04T22:40:48.409546-03:00,125.31,125.31,0.00,0.00,MIXTO,R7_MIXTO,3
a568189c-6558-48cc-ae21-46c38dda630c__cycle_3,,R7,Ricardone → San Lorenzo,VALIDO,DEDUCIDO,2026-07-04T20:55:07.585904-03:00,2026-07-04T23:37:53.416123-03:00,162.76,162.76,0.00,0.00,MIXTO,R7_MIXTO,3
057c1d90-da43-4993-8342-2024b6ca8e75__cycle_2,,R7,Ricardone → San Lorenzo,VALIDO,,2026-07-04T21:16:17.540228-03:00,2026-07-05T02:48:44.092474-03:00,332.44,0.00,0.00,241.71,MIXTO,R7_MIXTO,3
b63c10d3-a90c-49dd-8784-019c0f1f1dea,,R7,Ricardone → San Lorenzo,VALIDO,DEDUCIDO,2026-07-04T21:31:47.667448-03:00,2026-07-04T23:58:18.431631-03:00,146.51,146.51,0.00,0.00,MIXTO,R7_MIXTO,3
ea5a3558-5012-4de9-92d8-72bd39feb9eb__cycle_1,,R7,Ricardone → San Lorenzo,VALIDO,COMPLETO,2026-07-04T21:43:12.600619-03:00,2026-07-05T00:02:11.769922-03:00,138.99,129.10,9.89,0.00,MIXTO,R7_MIXTO,5
b8a623ca-3889-473a-a11e-57e32ef2ed24,,R8,Recepción Mercadería Líquida,VALIDO,DEDUCIDO,2026-07-04T21:56:27.59621-03:00,2026-07-04T23:54:13.432128-03:00,117.76,,,,,,5
d0d2384d-dacc-415c-88c8-b79d5969d8eb__cycle_1,,R7,Ricardone → San Lorenzo,VALIDO,COMPLETO,2026-07-04T21:57:12.577803-03:00,2026-07-05T00:06:31.769886-03:00,129.32,117.35,11.97,0.00,MIXTO,R7_MIXTO,5
6119f6cb-3a2f-46ac-9784-3211f6a8ad98,,R7,Ricardone → San Lorenzo,VALIDO,COMPLETO,2026-07-04T22:01:37.578477-03:00,2026-07-05T02:22:23.370799-03:00,260.76,260.76,0.00,0.00,MIXTO,R7_MIXTO,4
2f5e6af1-d413-40d9-a3a2-a3a7571e853b__cycle_2,,R7,Ricardone → San Lorenzo,VALIDO,COMPLETO,2026-07-04T22:02:27.548684-03:00,2026-07-05T02:27:33.371939-03:00,265.10,265.10,0.00,0.00,MIXTO,R7_MIXTO,4
9a92085d-b927-45db-9338-51377f3ff07a__cycle_2,,R7,Ricardone → San Lorenzo,VALIDO,COMPLETO,2026-07-04T22:02:42.642032-03:00,2026-07-05T02:25:33.349618-03:00,262.85,262.85,0.00,0.00,MIXTO,R7_MIXTO,4
046b007d-399f-45e6-8ef8-d6667a49b374__cycle_2,,R7,Ricardone → San Lorenzo,VALIDO,COMPLETO,2026-07-04T22:03:42.623671-03:00,2026-07-05T02:28:38.36387-03:00,264.93,264.93,0.00,0.00,MIXTO,R7_MIXTO,4
ac940eed-85ff-4a4a-9ee9-6ccb6b95b0e6,,R7,Ricardone → San Lorenzo,VALIDO,COMPLETO,2026-07-04T22:04:02.643306-03:00,2026-07-05T02:19:28.349479-03:00,255.43,255.43,0.00,0.00,MIXTO,R7_MIXTO,4
3affb587-0a8b-49cd-8015-23e47512987d__cycle_2,,R7,Ricardone → San Lorenzo,VALIDO,COMPLETO,2026-07-04T22:05:02.562093-03:00,2026-07-05T02:26:28.591058-03:00,261.43,261.43,0.00,0.00,MIXTO,R7_MIXTO,4
39dcca45-62eb-46df-8ae9-41f6535d7f43,,R7,Ricardone → San Lorenzo,VALIDO,COMPLETO,2026-07-04T22:05:12.605452-03:00,2026-07-05T02:29:18.340531-03:00,264.10,264.10,0.00,0.00,MIXTO,R7_MIXTO,4
8225cee7-34a6-485f-86a3-340c71bdfa5a__cycle_1,,R7,Ricardone → San Lorenzo,VALIDO,DEDUCIDO,2026-07-04T22:05:37.616819-03:00,2026-07-05T02:49:51.828676-03:00,284.24,0.00,0.00,0.00,MIXTO,R7_MIXTO,4
885fd17d-f17b-4cd3-aee7-644d0efc1a1e,,R7,Ricardone → San Lorenzo,VALIDO,,2026-07-04T22:08:47.524504-03:00,2026-07-05T02:16:58.36941-03:00,248.18,248.18,0.00,0.00,MIXTO,R7_MIXTO,2
fc8bae40-89e7-4347-aaed-70cd599be7b0__cycle_2,,R7,Ricardone → San Lorenzo,VALIDO,,2026-07-04T22:09:27.570211-03:00,2026-07-05T02:31:23.351672-03:00,261.93,261.93,0.00,0.00,MIXTO,R7_MIXTO,2
b720fb2f-870b-4400-9758-fdd8129104b6,,R7,Ricardone → San Lorenzo,VALIDO,DEDUCIDO,2026-07-04T22:15:17.676626-03:00,2026-07-05T02:33:37.110458-03:00,258.32,258.32,0.00,0.00,MIXTO,R7_MIXTO,3
954dc4d9-827d-41cf-82de-d918cf0b01bb__cycle_3,,R7,Ricardone → San Lorenzo,VALIDO,,2026-07-04T22:16:57.429211-03:00,2026-07-05T08:27:09.657487-03:00,610.20,0.00,0.00,332.21,MIXTO,R7_MIXTO,3
862fd47d-0dd0-408a-97bd-403f448dd49f,,R7,Ricardone → San Lorenzo,VALIDO,COMPLETO,2026-07-04T22:19:32.602364-03:00,2026-07-05T02:40:48.386259-03:00,261.26,261.26,0.00,0.00,MIXTO,R7_MIXTO,4
a5be2458-0a3d-450a-8378-ba6e92033d33,,R7,Ricardone → San Lorenzo,VALIDO,COMPLETO,2026-07-04T22:27:07.549937-03:00,2026-07-05T02:35:03.416227-03:00,247.93,247.93,0.00,0.00,MIXTO,R7_MIXTO,4
c6581621-2da7-47ef-a29a-d08d827106a1,,R7,Ricardone → San Lorenzo,VALIDO,COMPLETO,2026-07-04T22:28:37.599614-03:00,2026-07-05T02:48:33.411383-03:00,259.93,259.93,0.00,0.00,MIXTO,R7_MIXTO,4
9c944ad3-647e-4caa-aa18-d55b317dceec,,R7,Ricardone → San Lorenzo,VALIDO,,2026-07-04T22:38:37.512539-03:00,2026-07-05T09:58:44.763217-03:00,680.12,0.00,0.00,416.22,MIXTO,R7_MIXTO,6
c7a823cc-22e2-4da1-aeb1-2e6b868afa3b,,R7,Ricardone → San Lorenzo,VALIDO,COMPLETO,2026-07-04T22:40:02.629844-03:00,2026-07-05T03:01:08.428619-03:00,261.10,261.10,0.00,0.00,MIXTO,R7_MIXTO,5
ccf6bf3b-e71b-40d3-b0b4-fa2ecedac8a2,,R7,Ricardone → San Lorenzo,VALIDO,COMPLETO,2026-07-04T22:46:57.559764-03:00,2026-07-05T02:44:23.371682-03:00,237.43,237.43,0.00,0.00,MIXTO,R7_MIXTO,4
ed779b03-dfcb-4735-b0f9-d0ef5076c3e8,,R7,Ricardone → San Lorenzo,VALIDO,COMPLETO,2026-07-04T22:49:07.557789-03:00,2026-07-05T03:00:03.407432-03:00,250.93,250.93,0.00,0.00,MIXTO,R7_MIXTO,4
8cde8ab0-8e8d-4330-9b69-b57e4bbc78fc,,R7,Ricardone → San Lorenzo,VALIDO,DEDUCIDO,2026-07-04T22:52:22.481474-03:00,2026-07-05T02:59:23.354883-03:00,247.01,247.01,0.00,0.00,MIXTO,R7_MIXTO,3
c3624d57-f6b5-4ed5-9f25-a3af8c51fa99__cycle_2,,R7,Ricardone → San Lorenzo,VALIDO,COMPLETO,2026-07-04T22:54:02.551313-03:00,2026-07-05T02:58:38.370617-03:00,244.60,244.60,0.00,0.00,MIXTO,R7_MIXTO,4
2dbd39a9-824a-48ad-9f3e-36de30cf0bad__cycle_2,,R7,Ricardone → San Lorenzo,VALIDO,COMPLETO,2026-07-04T22:54:47.567234-03:00,2026-07-05T03:13:23.351433-03:00,258.60,258.60,0.00,0.00,MIXTO,R7_MIXTO,4
25e05321-fa9f-457f-b3b4-6c31612237a6__cycle_2,,R7,Ricardone → San Lorenzo,VALIDO,COMPLETO,2026-07-04T23:03:17.610146-03:00,2026-07-05T03:02:33.357406-03:00,239.26,239.26,0.00,0.00,MIXTO,R7_MIXTO,4
7bdfb718-067b-4023-982c-926c162f8839,,R7,Ricardone → San Lorenzo,VALIDO,COMPLETO,2026-07-04T23:04:47.635148-03:00,2026-07-05T03:07:48.351408-03:00,243.01,243.01,0.00,0.00,MIXTO,R7_MIXTO,4
1b4486c4-820c-4a67-91ce-151b894e1ce9,,R7,Ricardone → San Lorenzo,VALIDO,DEDUCIDO,2026-07-04T23:06:22.498759-03:00,2026-07-05T03:07:08.385468-03:00,240.76,240.76,0.00,0.00,MIXTO,R7_MIXTO,3
842cc656-4d5b-4596-b05b-b99a52bf020b__cycle_2,,R7,Ricardone → San Lorenzo,VALIDO,DEDUCIDO,2026-07-04T23:09:37.566426-03:00,2026-07-05T03:04:28.352671-03:00,234.85,234.85,0.00,0.00,MIXTO,R7_MIXTO,3
2d3454bb-c6c3-449a-987b-a9840f56b038,,R7,Ricardone → San Lorenzo,VALIDO,COMPLETO,2026-07-04T23:13:22.611319-03:00,2026-07-05T03:08:28.500278-03:00,235.10,235.10,0.00,0.00,MIXTO,R7_MIXTO,4
263caa5c-fac1-45b0-9744-399a53065d6d,,R7,Ricardone → San Lorenzo,VALIDO,COMPLETO,2026-07-04T23:34:02.74632-03:00,2026-07-05T03:18:18.764082-03:00,224.27,224.27,0.00,0.00,MIXTO,R7_MIXTO,4
bb723e52-fbaf-421b-b8c8-194713378cdf__cycle_12,,R6,Recepción Volcable 2,VALIDO,DEDUCIDO,2026-07-04T23:40:40.220107-03:00,2026-07-05T11:34:55.873775-03:00,714.26,,,,,,15
db794c7d-6eda-4337-8fda-508ee0a85c58__cycle_3,,R7,Ricardone → San Lorenzo,VALIDO,COMPLETO,2026-07-04T23:57:07.5585-03:00,2026-07-05T03:29:26.736598-03:00,212.32,202.93,9.39,0.00,MIXTO,R7_MIXTO,5
5e871603-28a6-46d7-ab02-6b04efe37e28__cycle_2,,R7,Ricardone → San Lorenzo,VALIDO,,2026-07-05T00:06:07.450635-03:00,2026-07-05T03:16:23.377248-03:00,190.27,190.27,0.00,0.00,MIXTO,R7_MIXTO,2
8b432d82-7151-4b41-9c06-39dfb2d2bbd8,,R7,Ricardone → San Lorenzo,VALIDO,DEDUCIDO,2026-07-05T00:15:27.797088-03:00,2026-07-05T03:20:33.468951-03:00,185.09,185.09,0.00,0.00,MIXTO,R7_MIXTO,3
dd17cbfe-92ed-4105-a1b8-ec0339c84f27,,R7,Ricardone → San Lorenzo,VALIDO,DEDUCIDO,2026-07-05T00:25:52.609266-03:00,2026-07-05T03:17:08.358521-03:00,171.26,171.26,0.00,0.00,MIXTO,R7_MIXTO,3
394b7b9d-27c9-4396-bf7d-2d9b034d348b__cycle_1,,R7,Ricardone → San Lorenzo,VALIDO,COMPLETO,2026-07-05T00:26:12.617307-03:00,2026-07-05T03:27:26.724982-03:00,181.24,171.51,9.72,0.00,MIXTO,R7_MIXTO,5
01d0bc56-4102-44da-bea8-af285c193603,,R7,Ricardone → San Lorenzo,VALIDO,DEDUCIDO,2026-07-05T00:27:23.756075-03:00,2026-07-05T03:22:03.354029-03:00,174.66,174.66,0.00,0.00,MIXTO,R7_MIXTO,3
bc093050-37c5-4207-be6a-5dd4091202f3__cycle_2,,R7,Ricardone → San Lorenzo,VALIDO,COMPLETO,2026-07-05T00:27:42.575639-03:00,2026-07-05T03:28:51.756851-03:00,181.15,171.26,9.89,0.00,MIXTO,R7_MIXTO,5
3f59b932-92c3-498d-89af-c586c4288ff2,,R7,Ricardone → San Lorenzo,VALIDO,DEDUCIDO,2026-07-05T00:38:17.625788-03:00,2026-07-05T03:29:43.353783-03:00,171.43,171.43,0.00,0.00,MIXTO,R7_MIXTO,3
cb8287e1-820d-4ad9-9751-d50b4e04bfee__cycle_1,,R7,Ricardone → San Lorenzo,VALIDO,COMPLETO,2026-07-05T00:40:02.706913-03:00,2026-07-05T03:40:21.73386-03:00,180.32,166.10,14.22,0.00,MIXTO,R7_MIXTO,5
140d532d-0cd6-4c24-b304-e96ebc3cd18b__cycle_1,,R7,Ricardone → San Lorenzo,VALIDO,COMPLETO,2026-07-05T00:40:22.593135-03:00,2026-07-05T03:35:56.738977-03:00,175.57,164.68,10.89,0.00,MIXTO,R7_MIXTO,5
1228a6cb-155b-4309-b096-1c99f291de67,,R7,Ricardone → San Lorenzo,VALIDO,DEDUCIDO,2026-07-05T00:50:38.671142-03:00,2026-07-05T03:27:58.405424-03:00,157.33,157.33,0.00,0.00,MIXTO,R7_MIXTO,3
f89c76b4-80bb-4f0a-8095-5ef217f82c9e,,R7,Ricardone → San Lorenzo,VALIDO,DEDUCIDO,2026-07-05T00:51:23.09881-03:00,2026-07-05T03:25:18.384886-03:00,153.92,153.92,0.00,0.00,MIXTO,R7_MIXTO,3
9b3dd1fb-4ff5-49f9-a766-02a99447678c,,R7,Ricardone → San Lorenzo,VALIDO,DEDUCIDO,2026-07-05T01:04:02.63022-03:00,2026-07-05T03:34:08.373858-03:00,150.10,150.10,0.00,0.00,MIXTO,R7_MIXTO,3
dd0bcc61-24af-4715-87ef-edf492889d10,,R7,Ricardone → San Lorenzo,VALIDO,,2026-07-05T01:18:57.562992-03:00,2026-07-05T06:47:39.574733-03:00,328.70,141.51,41.31,145.88,MIXTO,R7_MIXTO,7
abec3000-cafb-4629-8424-eac579d44bf5__cycle_1,,R7,Ricardone → San Lorenzo,VALIDO,COMPLETO,2026-07-05T01:56:57.693532-03:00,2026-07-05T03:45:41.719968-03:00,108.73,94.36,14.38,0.00,MIXTO,R7_MIXTO,5
1d873c1d-82a7-4f1f-870d-706b21a14363__cycle_1,,R7,Ricardone → San Lorenzo,VALIDO,DEDUCIDO,2026-07-05T01:58:12.595793-03:00,2026-07-05T03:47:21.74402-03:00,109.15,0.00,0.00,0.00,MIXTO,R7_MIXTO,4
bbfb1d96-9281-49de-b798-5add8f4830a5,,R7,Ricardone → San Lorenzo,VALIDO,DEDUCIDO,2026-07-05T02:19:27.571591-03:00,2026-07-05T03:49:28.361665-03:00,90.01,90.01,0.00,0.00,MIXTO,R7_MIXTO,3
d35ac8fa-5ca1-48be-b711-0e86637341bf__cycle_1,,R7,Ricardone → San Lorenzo,VALIDO,COMPLETO,2026-07-05T02:19:57.659978-03:00,2026-07-05T04:08:32.244709-03:00,108.58,90.01,18.56,0.00,MIXTO,R7_MIXTO,5
90ba9f69-761a-43da-9c16-5f87cf6950ad,,R7,Ricardone → San Lorenzo,VALIDO,,2026-07-05T02:24:27.615803-03:00,2026-07-05T09:36:49.775421-03:00,432.37,82.35,17.89,332.13,MIXTO,R7_MIXTO,7
da44befd-bf9e-4b74-868a-12f6c6bf44a9__cycle_1,,R7,Ricardone → San Lorenzo,VALIDO,COMPLETO,2026-07-05T02:35:42.570724-03:00,2026-07-05T03:48:33.892447-03:00,72.86,59.18,13.68,0.00,MIXTO,R7_MIXTO,5
207a9c6d-b091-4073-8312-6c0dabd3d2e3__cycle_2,,R7,Ricardone → San Lorenzo,VALIDO,COMPLETO,2026-07-05T03:21:27.474414-03:00,2026-07-05T09:05:33.331573-03:00,344.10,344.10,0.00,0.00,MIXTO,R7_MIXTO,4
fa968d5c-9c4a-4609-a623-c3b41b2844ee,,R7,Ricardone → San Lorenzo,VALIDO,COMPLETO,2026-07-05T03:35:37.504192-03:00,2026-07-05T09:00:43.353261-03:00,325.10,325.10,0.00,0.00,MIXTO,R7_MIXTO,4
5f8ee48e-2913-4045-a8a0-8a6cc9b3f0ba__cycle_2,,R7,Ricardone → San Lorenzo,VALIDO,COMPLETO,2026-07-05T03:41:57.522431-03:00,2026-07-05T09:08:43.31092-03:00,326.76,326.76,0.00,0.00,MIXTO,R7_MIXTO,4
80247d66-b160-4534-9491-c6f79ce24b1e,,R7,Ricardone → San Lorenzo,VALIDO,COMPLETO,2026-07-05T04:13:02.559496-03:00,2026-07-05T09:07:43.306861-03:00,294.68,294.68,0.00,0.00,MIXTO,R7_MIXTO,4
412fd06a-e880-4bd5-80b8-84fc31e3ca69,,R7,Ricardone → San Lorenzo,VALIDO,DEDUCIDO,2026-07-05T04:42:32.845218-03:00,2026-07-05T09:12:48.303404-03:00,270.26,270.26,0.00,0.00,MIXTO,R7_MIXTO,3
f381fe01-0414-42cd-acc8-fcccef221853__cycle_2,,R7,Ricardone → San Lorenzo,VALIDO,COMPLETO,2026-07-05T05:28:47.49737-03:00,2026-07-05T09:11:58.306707-03:00,223.18,223.18,0.00,0.00,MIXTO,R7_MIXTO,4
6e777289-e475-497b-b43c-d0cf807e1a47,,R7,Ricardone → San Lorenzo,VALIDO,COMPLETO,2026-07-05T05:49:40.346211-03:00,2026-07-05T09:16:43.325135-03:00,207.05,207.05,0.00,0.00,MIXTO,R7_MIXTO,4
94fab0d5-85e3-4cbb-b167-91fb21fbb77a,,R7,Ricardone → San Lorenzo,VALIDO,DEDUCIDO,2026-07-05T06:03:22.453259-03:00,2026-07-05T09:17:38.318131-03:00,194.26,194.26,0.00,0.00,MIXTO,R7_MIXTO,3
4c498862-f1b5-4c70-a96e-ec3939d49003,,R7,Ricardone → San Lorenzo,VALIDO,DEDUCIDO,2026-07-05T06:44:47.424673-03:00,2026-07-05T09:20:03.360634-03:00,155.27,155.27,0.00,0.00,MIXTO,R7_MIXTO,3
0fbc8480-e96f-4c72-9302-ebc31e535ea7,,R7,Ricardone → San Lorenzo,VALIDO,,2026-07-05T06:52:37.699064-03:00,2026-07-05T12:00:50.005192-03:00,308.21,157.43,9.81,140.97,MIXTO,R7_MIXTO,8
daf832b6-94af-40a6-8900-79db1d1eaceb,,R7,Ricardone → San Lorenzo,VALIDO,,2026-07-05T06:55:32.458055-03:00,2026-07-05T13:23:00.126729-03:00,387.46,267.01,12.31,108.14,MIXTO,R7_MIXTO,6
86429d37-1370-4744-b6b9-77b1316e8532,,R7,Ricardone → San Lorenzo,VALIDO,,2026-07-05T07:04:32.4612-03:00,2026-07-05T11:52:55.005911-03:00,288.38,144.93,7.97,135.47,MIXTO,R7_MIXTO,6
606ca2a2-65f6-4daf-8ee0-f33170933eef__cycle_2,,R7,Ricardone → San Lorenzo,VALIDO,,2026-07-05T07:17:12.235596-03:00,2026-07-05T17:35:00.578769-03:00,617.81,579.68,9.64,28.48,MIXTO,R7_MIXTO,8
4e3173ff-d597-4aa4-bc7b-ed2d9620e757,,R7,Ricardone → San Lorenzo,VALIDO,DEDUCIDO,2026-07-05T07:32:37.550831-03:00,2026-07-05T09:31:38.334841-03:00,119.01,119.01,0.00,0.00,MIXTO,R7_MIXTO,3
6255d1ae-2a55-49af-905c-8a051628d765,,R7,Ricardone → San Lorenzo,VALIDO,DEDUCIDO,2026-07-05T07:32:38.314587-03:00,2026-07-05T09:38:58.319971-03:00,126.33,126.33,0.00,0.00,MIXTO,R7_MIXTO,3
4d1a2888-737f-4da7-995e-c5e48f54bb04,,R7,Ricardone → San Lorenzo,VALIDO,DEDUCIDO,2026-07-05T07:56:32.490097-03:00,2026-07-05T11:21:18.801968-03:00,204.77,204.77,0.00,0.00,MIXTO,R7_MIXTO,3
90879460-39c9-4cbe-ae29-50ab5618134f,,R7,Ricardone → San Lorenzo,VALIDO,,2026-07-05T08:09:07.442715-03:00,2026-07-05T12:24:05.122009-03:00,254.96,100.60,9.06,145.31,MIXTO,R7_MIXTO,7
8f76432d-421a-439d-8731-da3ecff4092f,,R7,Ricardone → San Lorenzo,VALIDO,,2026-07-05T08:17:32.499581-03:00,2026-07-05T12:13:00.006291-03:00,235.46,89.68,9.72,136.06,MIXTO,R7_MIXTO,6
6b941b7a-1bd2-4fe3-a702-57951ce671c3__cycle_2,,R7,Ricardone → San Lorenzo,VALIDO,,2026-07-05T08:20:12.504588-03:00,2026-07-05T12:30:40.000762-03:00,250.46,95.35,9.89,145.22,MIXTO,R7_MIXTO,6
b4204134-c72a-4754-bf6b-afc9dfdae46b,,R7,Ricardone → San Lorenzo,VALIDO,,2026-07-05T08:25:27.44758-03:00,2026-07-05T12:20:30.039384-03:00,235.04,86.26,9.22,139.56,MIXTO,R7_MIXTO,7
032b1fdc-6893-4b04-aedc-4d7087c58036__cycle_3,,R1,Recepción Celda 16,VALIDO,DEDUCIDO,2026-07-05T08:28:55.075553-03:00,2026-07-05T09:05:46.749401-03:00,36.86,,,,,,3
e8738dd9-bcd5-456a-82d7-d4a8e19a5b37,,R7,Ricardone → San Lorenzo,VALIDO,,2026-07-05T08:29:17.491526-03:00,2026-07-05T12:32:25.00448-03:00,243.13,86.85,9.97,146.30,MIXTO,R7_MIXTO,8
4e3496ab-5a8f-4b38-9af6-9983addaaf12__cycle_2,,R1,Recepción Celda 16,VALIDO,DEDUCIDO,2026-07-05T08:37:04.861888-03:00,2026-07-05T09:16:51.744504-03:00,39.78,,,,,,3
85128994-969c-4374-b226-a72113205902__cycle_2,,R7,Ricardone → San Lorenzo,VALIDO,,2026-07-05T08:40:02.483496-03:00,2026-07-05T12:55:20.12143-03:00,255.29,87.35,12.22,155.72,MIXTO,R7_MIXTO,7
593b6cae-1200-4499-8e66-43765ec72191,,R7,Ricardone → San Lorenzo,VALIDO,,2026-07-05T09:02:57.449811-03:00,2026-07-05T12:36:55.002468-03:00,213.96,57.76,10.47,145.72,MIXTO,R7_MIXTO,6
e38e7284-0b14-4887-8530-806e83d60537,,R7,Ricardone → San Lorenzo,VALIDO,,2026-07-05T09:13:57.526313-03:00,2026-07-05T12:47:35.098977-03:00,213.63,50.10,10.81,152.72,MIXTO,R7_MIXTO,7
06173e06-f4c2-4061-bc27-2647f7d3d7d9,,R7,Ricardone → San Lorenzo,VALIDO,,2026-07-05T09:14:22.526858-03:00,2026-07-05T12:47:55.111131-03:00,213.54,50.51,11.14,151.89,MIXTO,R7_MIXTO,6
404d8084-c87d-4501-b78b-a180521988c3,,R7,Ricardone → San Lorenzo,VALIDO,,2026-07-05T09:14:52.482311-03:00,2026-07-05T13:48:40.186134-03:00,273.80,126.93,11.72,135.14,MIXTO,R7_MIXTO,7
97b37251-4622-48c0-b7da-5e0d38e7a3ad__cycle_2,,R7,Ricardone → San Lorenzo,VALIDO,,2026-07-05T09:23:52.43981-03:00,2026-07-05T13:09:50.127884-03:00,225.96,41.68,11.72,172.56,MIXTO,R7_MIXTO,6
7ffd8429-c4f9-49bf-ae65-6c019f9afab5,,R7,Ricardone → San Lorenzo,VALIDO,COMPLETO,2026-07-05T09:31:37.458329-03:00,2026-07-05T10:11:38.334158-03:00,40.01,40.01,0.00,0.00,MIXTO,R7_MIXTO,5
b5a8cb6b-684f-4543-9077-a5aa87af62dc,,R7,Ricardone → San Lorenzo,VALIDO,,2026-07-05T09:34:02.528416-03:00,2026-07-05T13:00:30.126215-03:00,206.46,52.10,9.39,144.97,MIXTO,R7_MIXTO,6
88b76c7f-b8ab-4f89-85fd-1e5bae8a559a,,R7,Ricardone → San Lorenzo,VALIDO,,2026-07-05T09:34:57.522875-03:00,2026-07-05T12:51:45.108764-03:00,196.79,50.76,9.31,136.72,MIXTO,R7_MIXTO,6
5b265cfe-fd03-4c65-a265-295521d082f2__cycle_2,,R7,Ricardone → San Lorenzo,VALIDO,DEDUCIDO,2026-07-05T09:35:12.457242-03:00,2026-07-05T10:27:58.312304-03:00,52.76,52.76,0.00,0.00,MIXTO,R7_MIXTO,3
16203f9e-819f-4950-95ab-fe23acdf3797__cycle_2,,R7,Ricardone → San Lorenzo,VALIDO,,2026-07-05T10:00:27.476066-03:00,2026-07-05T13:40:50.161276-03:00,220.38,83.93,11.47,124.97,MIXTO,R7_MIXTO,7
b2fc34ce-5585-4cd8-b78c-0b65d479dec4,,R7,Ricardone → San Lorenzo,VALIDO,,2026-07-05T10:00:42.459968-03:00,2026-07-05T13:32:10.155965-03:00,211.46,83.93,11.80,115.72,MIXTO,R7_MIXTO,6
d9a400b2-a690-49f3-91df-fc32a5c52f2f__cycle_2,,R7,Ricardone → San Lorenzo,VALIDO,DEDUCIDO,2026-07-05T10:01:02.45735-03:00,2026-07-05T11:22:58.358115-03:00,81.93,81.93,0.00,0.00,MIXTO,R7_MIXTO,3
3aeebf13-7dc3-41cd-b15b-1b8d0f766b22,,R7,Ricardone → San Lorenzo,VALIDO,DEDUCIDO,2026-07-05T10:01:12.437695-03:00,2026-07-05T11:27:18.322263-03:00,86.10,86.10,0.00,0.00,MIXTO,R7_MIXTO,3
e6cb74ac-5316-4fdd-9bcc-8f465e2dd726,,R7,Ricardone → San Lorenzo,VALIDO,,2026-07-05T10:07:37.532304-03:00,2026-07-05T13:51:50.109656-03:00,224.21,87.51,13.80,122.89,MIXTO,R7_MIXTO,6
57b67f81-851a-4fc8-9d35-fa3b4468d2ae,,R7,Ricardone → San Lorenzo,VALIDO,,2026-07-05T10:12:27.46069-03:00,2026-07-05T13:49:05.117495-03:00,216.63,78.10,8.47,130.06,MIXTO,R7_MIXTO,6
526f9f47-acf2-4bbc-97ba-defa00bf7df0,,R7,Ricardone → San Lorenzo,VALIDO,,2026-07-05T10:14:02.540301-03:00,2026-07-05T13:59:25.153019-03:00,225.38,83.60,13.05,128.73,MIXTO,R7_MIXTO,6
084fd459-5c18-4572-99cd-1a7b52e51ee7,,R7,Ricardone → San Lorenzo,VALIDO,,2026-07-05T10:23:32.549135-03:00,2026-07-05T14:00:40.156203-03:00,217.13,74.51,13.31,129.31,MIXTO,R7_MIXTO,7
16beaacf-a3a5-45b3-9302-90b967e953ed,,R7,Ricardone → San Lorenzo,VALIDO,,2026-07-05T10:23:52.437471-03:00,2026-07-05T14:08:40.269197-03:00,224.80,80.43,11.30,133.06,MIXTO,R7_MIXTO,7
d04d859c-53b9-41b4-9550-528313bf70d8,,R7,Ricardone → San Lorenzo,VALIDO,DEDUCIDO,2026-07-05T10:24:02.504377-03:00,2026-07-05T11:48:23.326947-03:00,84.35,84.35,0.00,0.00,MIXTO,R7_MIXTO,3
9cba42e8-44c7-4fbb-81a4-227475950492__cycle_2,,R7,Ricardone → San Lorenzo,VALIDO,,2026-07-05T10:30:52.436422-03:00,2026-07-05T14:30:20.267907-03:00,239.46,78.10,9.14,152.23,MIXTO,R7_MIXTO,6
de929f14-2476-4749-a366-aba9a023ca9e,,R7,Ricardone → San Lorenzo,VALIDO,,2026-07-05T10:31:07.451251-03:00,2026-07-05T16:08:40.856858-03:00,337.56,102.76,19.06,215.74,MIXTO,R7_MIXTO,8
8636bfcc-2a14-45df-9f96-8782850f47b4,,R7,Ricardone → San Lorenzo,VALIDO,,2026-07-05T10:32:02.493603-03:00,2026-07-05T14:34:15.242927-03:00,242.21,78.68,26.72,136.81,MIXTO,R7_MIXTO,7
4349525d-584b-45b0-abc9-3d7b9b82d602,,R7,Ricardone → San Lorenzo,VALIDO,,2026-07-05T10:48:17.471631-03:00,2026-07-05T14:10:20.251783-03:00,202.05,59.60,9.31,133.14,MIXTO,R7_MIXTO,7
681d383b-bb6f-4df8-8fee-8e44efdeae51__cycle_2,,R7,Ricardone → San Lorenzo,VALIDO,,2026-07-05T10:48:42.459001-03:00,2026-07-05T14:29:50.266681-03:00,221.13,64.60,25.31,131.23,MIXTO,R7_MIXTO,7
93fc7e94-c765-4cce-b8a4-8cf70a24fce4,,R7,Ricardone → San Lorenzo,VALIDO,,2026-07-05T10:56:02.478987-03:00,2026-07-05T14:36:55.255052-03:00,220.88,59.43,24.89,136.56,MIXTO,R7_MIXTO,6
62d192cf-2c96-4359-aa6a-c40ad4217e5b,,R7,Ricardone → San Lorenzo,VALIDO,DEDUCIDO,2026-07-05T10:56:57.473184-03:00,2026-07-05T12:10:28.338639-03:00,73.51,73.51,0.00,0.00,MIXTO,R7_MIXTO,3
26003b0f-f163-4558-8939-c03da95cd97e__cycle_2,,R7,Ricardone → San Lorenzo,VALIDO,,2026-07-05T11:07:52.434415-03:00,2026-07-05T14:48:35.248071-03:00,220.71,61.18,19.64,139.89,MIXTO,R7_MIXTO,8
925ebf3e-e95a-4bbd-969d-7e3c98c68046,,R7,Ricardone → San Lorenzo,VALIDO,COMPLETO,2026-07-05T11:10:22.558266-03:00,2026-07-05T16:59:58.281217-03:00,349.60,349.60,0.00,0.00,MIXTO,R7_MIXTO,4
2a86b236-cc5f-4812-a361-7f24f10b191b__cycle_2,,R7,Ricardone → San Lorenzo,VALIDO,,2026-07-05T11:20:07.50538-03:00,2026-07-05T14:53:15.241191-03:00,213.13,50.85,20.39,141.89,MIXTO,R7_MIXTO,7
c7838f4a-ba66-43a8-86bd-7717f55eca76__cycle_2,,R7,Ricardone → San Lorenzo,VALIDO,,2026-07-05T11:48:57.460707-03:00,2026-07-05T15:21:25.377875-03:00,212.47,154.61,9.04,48.81,MIXTO,R7_MIXTO,6
22d8e2ea-751a-4704-8117-0362d066a200,,R7,Ricardone → San Lorenzo,VALIDO,,2026-07-05T11:54:32.466632-03:00,2026-07-05T20:34:45.806919-03:00,520.22,307.01,10.22,202.99,MIXTO,R7_MIXTO,7
01c1e88d-de36-4332-9669-ef8a88b450ba,,R7,Ricardone → San Lorenzo,VALIDO,,2026-07-05T11:57:32.483927-03:00,2026-07-05T15:22:45.342561-03:00,205.21,157.51,7.64,40.06,MIXTO,R7_MIXTO,8
fd45cb9d-a6d0-49d5-95c2-7040a0677efe__cycle_2,,R7,Ricardone → San Lorenzo,VALIDO,,2026-07-05T12:09:22.502517-03:00,2026-07-05T15:23:55.351487-03:00,194.55,147.76,7.72,39.06,MIXTO,R7_MIXTO,7
ac48509f-296f-4088-95a0-cdd0b524da13,,R7,Ricardone → San Lorenzo,VALIDO,,2026-07-05T12:23:42.493738-03:00,2026-07-05T15:33:15.386198-03:00,189.55,132.93,7.64,48.98,MIXTO,R7_MIXTO,7
d09362b9-092c-4785-a290-fadf47e09ad7__cycle_3,,R7,Ricardone → San Lorenzo,VALIDO,COMPLETO,2026-07-05T13:06:22.541889-03:00,2026-07-05T14:52:56.701888-03:00,106.57,97.10,9.47,0.00,MIXTO,R7_MIXTO,5
e273758a-3cc2-43b9-98ae-d52c1b3aadc8__cycle_2,,R7,Ricardone → San Lorenzo,VALIDO,,2026-07-05T13:06:47.457505-03:00,2026-07-05T17:51:10.577019-03:00,284.39,231.85,10.47,42.07,MIXTO,R7_MIXTO,9
5e25c54d-4f77-4184-818d-0ecd065333e3,,R7,Ricardone → San Lorenzo,VALIDO,,2026-07-05T13:44:12.438073-03:00,2026-07-05T15:31:15.342869-03:00,107.05,57.93,8.81,40.31,MIXTO,R7_MIXTO,7
78682a51-206d-4c44-b379-0188592ea406,,R7,Ricardone → San Lorenzo,VALIDO,,2026-07-05T13:44:37.488944-03:00,2026-07-05T15:38:25.363214-03:00,113.80,58.01,9.14,46.64,MIXTO,R7_MIXTO,6
7a55aae5-f4ff-4e23-bc1c-3d3703fdb79a__cycle_2,,R7,Ricardone → San Lorenzo,VALIDO,DEDUCIDO,2026-07-05T13:47:42.520857-03:00,2026-07-05T16:58:58.30947-03:00,191.26,191.26,0.00,0.00,MIXTO,R7_MIXTO,3
267e0762-5b5e-42aa-b96d-507002debc54,,R7,Ricardone → San Lorenzo,VALIDO,,2026-07-05T13:58:42.486935-03:00,2026-07-05T15:32:15.343756-03:00,93.55,44.43,9.06,40.06,MIXTO,R7_MIXTO,6
1a3cc111-9ad0-44ee-a42b-1aee9b510e01__cycle_2,,R7,Ricardone → San Lorenzo,VALIDO,,2026-07-05T14:01:57.424418-03:00,2026-07-05T17:58:10.620885-03:00,236.22,179.10,10.31,46.82,MIXTO,R7_MIXTO,6
e8e31b97-c9ea-4896-972e-0ad25ff8d246__cycle_2,,R7,Ricardone → San Lorenzo,VALIDO,,2026-07-05T14:03:37.455204-03:00,2026-07-05T16:43:10.459111-03:00,159.55,76.93,11.64,70.98,MIXTO,R7_MIXTO,6
b5a8c91d-2caf-4a65-93e7-f83dbc40ccca__cycle_2,,R7,Ricardone → San Lorenzo,VALIDO,,2026-07-05T14:08:47.458386-03:00,2026-07-05T15:35:35.365374-03:00,86.80,45.18,6.56,35.06,MIXTO,R7_MIXTO,7
1e7c88dc-bb09-4a69-be7d-feccd41d8793,,R7,Ricardone → San Lorenzo,VALIDO,DEDUCIDO,2026-07-05T14:12:57.483733-03:00,2026-07-05T15:03:43.252696-03:00,50.76,50.76,0.00,0.00,MIXTO,R7_MIXTO,3
ead58c2d-2865-4d8a-9f44-40c1d1102b96__cycle_2,,R7,Ricardone → San Lorenzo,VALIDO,,2026-07-05T14:23:12.446087-03:00,2026-07-05T16:19:50.355632-03:00,116.63,43.68,9.72,63.23,MIXTO,R7_MIXTO,7
b8f1aefd-a656-49ff-b753-adf2eb37f74a,,R7,Ricardone → San Lorenzo,VALIDO,,2026-07-05T14:23:27.481763-03:00,2026-07-05T16:20:30.344375-03:00,117.05,43.76,10.31,62.98,MIXTO,R7_MIXTO,6
44d300d6-4b28-40e0-afcf-467ad14a1380,,R7,Ricardone → San Lorenzo,VALIDO,DEDUCIDO,2026-07-05T14:28:57.479111-03:00,2026-07-05T15:00:13.28221-03:00,31.26,31.26,0.00,0.00,MIXTO,R7_MIXTO,3
8ee5a49a-6129-4348-b715-7b440730883d__cycle_2,,R7,Ricardone → San Lorenzo,VALIDO,,2026-07-05T14:29:32.437622-03:00,2026-07-05T16:22:40.401914-03:00,113.13,46.93,10.31,55.89,MIXTO,R7_MIXTO,7
c4b912d5-dd21-4901-89af-c2535cfc0714,,R7,Ricardone → San Lorenzo,VALIDO,,2026-07-05T14:38:37.99838-03:00,2026-07-05T16:51:00.499115-03:00,132.38,42.34,12.22,77.81,MIXTO,R7_MIXTO,9
7ce66dde-184d-43a1-8716-4fa9205a9652__cycle_2,,R7,Ricardone → San Lorenzo,VALIDO,,2026-07-05T14:40:47.44865-03:00,2026-07-05T16:30:50.47044-03:00,110.05,36.26,10.64,63.14,MIXTO,R7_MIXTO,7
fa83fa2f-2589-4c76-88c0-76c92cdb0fd5,,R7,Ricardone → San Lorenzo,VALIDO,,2026-07-05T14:47:27.512557-03:00,2026-07-05T18:14:40.599298-03:00,207.22,157.51,8.14,41.57,MIXTO,R7_MIXTO,7
76e49883-b6be-4aa0-b5fa-5cd5dd81845d__cycle_2,,R7,Ricardone → San Lorenzo,VALIDO,DEDUCIDO,2026-07-05T14:57:52.458855-03:00,2026-07-05T17:25:23.279934-03:00,147.51,147.51,0.00,0.00,MIXTO,R7_MIXTO,3
96939f9f-b893-46b6-a456-329d919967f8,,R7,Ricardone → San Lorenzo,VALIDO,COMPLETO,2026-07-05T14:58:07.467696-03:00,2026-07-05T17:35:46.630333-03:00,157.65,148.01,9.64,0.00,MIXTO,R7_MIXTO,5
629bf1fd-0b99-454a-b78a-15035b0b32c4,,R7,Ricardone → San Lorenzo,VALIDO,,2026-07-05T14:58:27.495429-03:00,2026-07-05T18:33:25.563455-03:00,214.97,147.35,9.56,58.07,MIXTO,R7_MIXTO,6
3f88bada-b230-455a-a898-37dfadc5bcbb,,R7,Ricardone → San Lorenzo,VALIDO,,2026-07-05T14:59:07.486276-03:00,2026-07-05T22:02:20.916959-03:00,423.22,284.85,9.05,129.32,MIXTO,R7_MIXTO,7
723985d2-a70b-4357-961f-af84675f7969__cycle_2,,R7,Ricardone → San Lorenzo,VALIDO,,2026-07-05T15:09:37.463041-03:00,2026-07-05T19:36:55.688095-03:00,267.30,145.52,8.63,113.15,MIXTO,R7_MIXTO,7
adea1ebf-b716-48b2-9591-8269191f1842,,R7,Ricardone → San Lorenzo,VALIDO,,2026-07-05T15:10:02.545923-03:00,2026-07-05T19:54:35.684053-03:00,284.55,151.76,10.22,122.57,MIXTO,R7_MIXTO,6
0742dc98-b215-44bb-9107-46ca427af439,,R7,Ricardone → San Lorenzo,VALIDO,,2026-07-05T15:13:37.441672-03:00,2026-07-05T18:49:25.674008-03:00,215.80,140.76,8.81,66.23,MIXTO,R7_MIXTO,6
852cc1dc-cfc8-477e-87ad-02816789595c,,R7,Ricardone → San Lorenzo,VALIDO,DEDUCIDO,2026-07-05T15:19:47.486466-03:00,2026-07-05T17:47:13.286723-03:00,147.43,147.43,0.00,0.00,MIXTO,R7_MIXTO,3
e4bfa4d2-b08f-4309-ab08-cbd10e74682e,,R7,Ricardone → San Lorenzo,VALIDO,,2026-07-05T15:33:58.212868-03:00,2026-07-05T20:57:00.790335-03:00,323.04,0.00,0.00,61.40,MIXTO,R7_MIXTO,6
1d8135f4-e42d-4ebe-adc6-2630522d54b9__cycle_2,,R7,Ricardone → San Lorenzo,VALIDO,,2026-07-05T16:02:27.445063-03:00,2026-07-05T17:46:03.30502-03:00,103.60,103.60,0.00,0.00,MIXTO,R7_MIXTO,2
86d18fa8-977e-4fcf-8289-5718b4e29381,,R7,Ricardone → San Lorenzo,VALIDO,,2026-07-05T16:04:32.488016-03:00,2026-07-05T19:52:21.318768-03:00,227.81,104.43,10.64,112.74,MIXTO,R7_MIXTO,7
a19fb096-4f19-49a7-9b39-1f99c3f380c2,,R7,Ricardone → San Lorenzo,VALIDO,DEDUCIDO,2026-07-05T16:06:22.436098-03:00,2026-07-05T17:49:33.328613-03:00,103.18,103.18,0.00,0.00,MIXTO,R7_MIXTO,3
62d7c945-94e1-413a-ba0a-35431e82c094,,R7,Ricardone → San Lorenzo,VALIDO,,2026-07-05T16:11:57.418264-03:00,2026-07-05T20:06:55.812917-03:00,234.97,105.52,9.72,119.74,MIXTO,R7_MIXTO,6
6b18ccc1-19a8-4f8f-ab30-4980f6ffcb91,,R7,Ricardone → San Lorenzo,VALIDO,DEDUCIDO,2026-07-05T16:39:12.516767-03:00,2026-07-05T17:58:33.356121-03:00,79.35,79.35,0.00,0.00,MIXTO,R7_MIXTO,3
b6c4c3bb-d0c7-4b8b-ae3e-9c2de146bfac,,R7,Ricardone → San Lorenzo,VALIDO,,2026-07-05T16:42:12.576812-03:00,2026-07-05T20:08:00.805759-03:00,205.80,74.51,7.89,123.40,MIXTO,R7_MIXTO,7
d6c1e519-629d-4fe0-9469-725edace689f,,R7,Ricardone → San Lorenzo,VALIDO,DEDUCIDO,2026-07-05T16:42:32.485945-03:00,2026-07-05T18:08:26.657334-03:00,85.90,0.00,0.00,0.00,MIXTO,R7_MIXTO,3
573a969c-6333-485d-8402-a068df8e49b7__cycle_2,,R7,Ricardone → San Lorenzo,VALIDO,,2026-07-05T16:43:12.461212-03:00,2026-07-05T20:42:30.796205-03:00,239.31,80.41,8.58,150.32,MIXTO,R7_MIXTO,7
629886e9-03a5-4f41-b9e1-42c693c0ea5b,,R7,Ricardone → San Lorenzo,VALIDO,,2026-07-05T16:46:02.495839-03:00,2026-07-05T22:05:40.910723-03:00,319.64,0.00,0.00,129.57,MIXTO,R7_MIXTO,5
398ec0a5-06d4-4f1a-a12d-1e0fd48542cc,,R7,Ricardone → San Lorenzo,VALIDO,,2026-07-05T16:51:37.473923-03:00,2026-07-05T20:56:15.821153-03:00,244.64,72.85,10.64,161.15,MIXTO,R7_MIXTO,7
d185be74-86ee-44c5-a5a9-3edea89b7ae1__cycle_2,,R7,Ricardone → San Lorenzo,VALIDO,,2026-07-05T16:51:57.426932-03:00,2026-07-05T20:57:20.847551-03:00,245.39,73.93,9.89,161.57,MIXTO,R7_MIXTO,6
1071c41e-010e-4145-9462-ccd99b002832__cycle_2,,R7,Ricardone → San Lorenzo,VALIDO,,2026-07-05T17:06:07.46479-03:00,2026-07-05T22:00:15.91853-03:00,294.14,65.43,6.97,221.74,MIXTO,R7_MIXTO,7
572d41a9-6652-4578-aa39-2f5750e81d87,,R7,Ricardone → San Lorenzo,VALIDO,,2026-07-05T17:07:07.497448-03:00,2026-07-05T22:01:15.916382-03:00,294.14,65.51,8.14,220.49,MIXTO,R7_MIXTO,8
2c910f6d-6f89-4400-9664-824834ed3403,,R7,Ricardone → San Lorenzo,VALIDO,DEDUCIDO,2026-07-05T17:07:37.476832-03:00,2026-07-05T17:16:03.367718-03:00,8.43,8.43,0.00,0.00,MIXTO,R7_MIXTO,3
02acedf4-18d4-461d-b2ad-aea0bea2bcf5__cycle_2,,R7,Ricardone → San Lorenzo,VALIDO,,2026-07-05T17:24:37.424194-03:00,2026-07-05T21:56:05.93594-03:00,271.48,47.43,8.22,215.82,MIXTO,R7_MIXTO,8
15682216-d5dc-4519-94e3-e84ca9c73e0d,,R7,Ricardone → San Lorenzo,VALIDO,,2026-07-05T17:25:12.465437-03:00,2026-07-05T22:00:51.233078-03:00,275.65,51.26,8.22,216.16,MIXTO,R7_MIXTO,8
0c6fd6d2-9281-4bde-97be-1a31b2712716__cycle_3,,R7,Ricardone → San Lorenzo,VALIDO,,2026-07-05T17:32:12.437575-03:00,2026-07-05T22:07:15.919301-03:00,275.06,148.18,10.55,116.32,MIXTO,R7_MIXTO,6
10822534-2f76-4f3a-b5a6-070956408b47__cycle_2,,R7,Ricardone → San Lorenzo,VALIDO,,2026-07-05T17:50:07.425074-03:00,2026-07-05T22:09:55.957459-03:00,259.81,128.85,9.72,121.24,MIXTO,R7_MIXTO,9
27f5a030-b836-413a-86a8-ff7e2f0c6853,,R7,Ricardone → San Lorenzo,VALIDO,,2026-07-05T17:50:22.514907-03:00,2026-07-05T22:06:00.955963-03:00,255.64,128.01,8.72,118.91,MIXTO,R7_MIXTO,7
3e39e9c7-d7ee-4c36-81d0-92cdd36fc6e2__cycle_2,,R7,Ricardone → San Lorenzo,VALIDO,,2026-07-05T18:00:27.809231-03:00,2026-07-05T23:55:11.20472-03:00,354.72,283.34,12.72,58.66,MIXTO,R7_MIXTO,6
f246793b-6cb0-4b80-97b1-a52271ec23c5,,R7,Ricardone → San Lorenzo,VALIDO,,2026-07-05T18:02:22.47071-03:00,2026-07-05T22:09:26.17797-03:00,247.06,126.68,7.30,113.08,MIXTO,R7_MIXTO,7
4fc3a0fb-f0b4-4d85-b346-f2ae7a15cbb8,,R7,Ricardone → San Lorenzo,VALIDO,,2026-07-05T18:09:12.467062-03:00,2026-07-06T00:03:21.16578-03:00,354.14,275.51,12.89,65.74,MIXTO,R7_MIXTO,9
06c85e6d-8b72-4223-b293-41b13b734ffd,,R7,Ricardone → San Lorenzo,VALIDO,DEDUCIDO,2026-07-05T18:09:32.513695-03:00,2026-07-05T20:17:33.361146-03:00,128.01,128.01,0.00,0.00,MIXTO,R7_MIXTO,3
02d8e344-42e3-4a8f-aa86-6c5e04359e04,,R7,Ricardone → San Lorenzo,VALIDO,DEDUCIDO,2026-07-05T18:09:37.426807-03:00,2026-07-05T22:19:15.925908-03:00,249.64,128.52,0.00,0.00,MIXTO,R7_MIXTO,6
e4640e4f-5e0e-4866-bb29-bbd824ffb5b0,,R7,Ricardone → San Lorenzo,VALIDO,,2026-07-05T18:10:32.473631-03:00,2026-07-05T22:36:16.042663-03:00,265.73,143.43,8.89,113.41,MIXTO,R7_MIXTO,7
36081d5a-bea2-4657-8d5d-d81522eaa50c,,R7,Ricardone → San Lorenzo,VALIDO,,2026-07-05T18:18:47.492148-03:00,2026-07-05T22:28:26.014676-03:00,249.64,131.35,9.39,108.91,MIXTO,R7_MIXTO,8
38931eb9-3641-45f4-92c5-41ec28a1aa75,,R7,Ricardone → San Lorenzo,VALIDO,DEDUCIDO,2026-07-05T18:23:07.465129-03:00,2026-07-05T18:32:08.302873-03:00,9.01,9.01,0.00,0.00,MIXTO,R7_MIXTO,3
b345fbde-67a8-42a3-8928-cdf57cb057a3__cycle_2,,R7,Ricardone → San Lorenzo,VALIDO,DEDUCIDO,2026-07-05T18:25:27.434007-03:00,2026-07-05T22:55:18.22777-03:00,269.85,269.85,0.00,0.00,MIXTO,R7_MIXTO,3
39fc5c1f-5ca6-464d-b30a-186775399122,,R7,Ricardone → San Lorenzo,VALIDO,,2026-07-05T18:27:27.53804-03:00,2026-07-05T22:26:26.039604-03:00,238.98,119.93,7.05,111.99,MIXTO,R7_MIXTO,7
7723e9bb-4d42-40ff-9f68-fa1d1ec6f0bf,,R7,Ricardone → San Lorenzo,VALIDO,,2026-07-05T18:35:37.492776-03:00,2026-07-05T22:16:05.93346-03:00,220.47,108.10,8.89,103.49,MIXTO,R7_MIXTO,7
9c1bdbe1-896e-45dc-9687-d46030ee1e7b__cycle_2,,R7,Ricardone → San Lorenzo,VALIDO,,2026-07-05T19:32:02.50886-03:00,2026-07-05T22:40:21.032097-03:00,188.31,71.93,7.22,109.16,MIXTO,R7_MIXTO,6
92a375cb-f32d-4c6d-8cd9-8633371b4452__cycle_2,,R7,Ricardone → San Lorenzo,VALIDO,,2026-07-05T19:32:12.432386-03:00,2026-07-05T22:40:01.039588-03:00,187.81,68.85,9.47,109.49,MIXTO,R7_MIXTO,7
7f515477-85fc-402a-a586-6322d5761713__cycle_3,,R7,Ricardone → San Lorenzo,VALIDO,,2026-07-05T19:34:12.423892-03:00,2026-07-05T22:54:56.043969-03:00,200.73,74.93,9.97,115.82,MIXTO,R7_MIXTO,7
2dac2c6b-097f-45da-b575-bea5fa8c4370,,R7,Ricardone → San Lorenzo,VALIDO,DEDUCIDO,2026-07-05T19:44:27.474366-03:00,2026-07-05T21:00:03.364741-03:00,75.60,75.60,0.00,0.00,MIXTO,R7_MIXTO,3
823519be-aff5-4bad-b10a-e165467c5241,,R7,Ricardone → San Lorenzo,VALIDO,,2026-07-05T19:44:37.449614-03:00,2026-07-05T23:23:06.039189-03:00,218.48,75.85,8.89,133.74,MIXTO,R7_MIXTO,9
03da2825-3dd1-462a-bcf0-eedd86f47cfa,,R7,Ricardone → San Lorenzo,VALIDO,,2026-07-05T20:20:12.463844-03:00,2026-07-05T23:15:11.041433-03:00,174.98,41.01,9.47,124.49,MIXTO,R7_MIXTO,6
607e80fa-0280-4ccd-addf-d19327ac13b0,,R7,Ricardone → San Lorenzo,VALIDO,,2026-07-05T20:31:42.502894-03:00,2026-07-05T23:24:11.035126-03:00,172.48,37.85,9.22,125.41,MIXTO,R7_MIXTO,6
399364f3-01e9-4a83-b706-a95ad308f83b,,R7,Ricardone → San Lorenzo,VALIDO,,2026-07-05T20:37:37.428519-03:00,2026-07-05T23:40:56.185362-03:00,183.31,34.10,7.80,141.41,MIXTO,R7_MIXTO,8
407ccf8c-f205-4080-9ef3-6e64da7696e4__cycle_2,,R7,Ricardone → San Lorenzo,VALIDO,DEDUCIDO,2026-07-05T20:38:57.414922-03:00,2026-07-05T20:45:28.332446-03:00,6.52,6.52,0.00,0.00,MIXTO,R7_MIXTO,3
b8c98939-610e-4ad5-9d6a-cdf1550fb571,,R7,Ricardone → San Lorenzo,VALIDO,,2026-07-05T20:52:42.485917-03:00,2026-07-05T23:34:01.089599-03:00,161.31,19.60,8.06,133.66,MIXTO,R7_MIXTO,6
5057a0ae-b249-49b3-b9f9-4980c8788748__cycle_2,,R7,Ricardone → San Lorenzo,VALIDO,DEDUCIDO,2026-07-05T21:21:37.4534-03:00,2026-07-05T23:15:33.220216-03:00,113.93,113.93,0.00,0.00,MIXTO,R7_MIXTO,3
e85f2303-3a40-4b9b-99b1-d68672737509,,R7,Ricardone → San Lorenzo,VALIDO,,2026-07-05T21:21:57.510696-03:00,2026-07-06T00:40:31.187716-03:00,198.56,114.51,11.32,72.73,MIXTO,R7_MIXTO,6
a5ceb27d-8ce6-470d-b435-09e014c243d3,,R7,Ricardone → San Lorenzo,VALIDO,,2026-07-05T21:22:12.424576-03:00,2026-07-06T00:43:11.147356-03:00,200.98,114.76,11.31,74.91,MIXTO,R7_MIXTO,7
49ab98a7-daec-4031-ae24-2899cc9ca12d__cycle_4,,R7,Ricardone → San Lorenzo,VALIDO,,2026-07-05T21:59:02.432605-03:00,2026-07-06T00:22:51.82583-03:00,143.82,78.60,11.22,54.00,MIXTO,R7_MIXTO,6
9cd5fda2-f1b1-4cc6-aaec-af9724f13572__cycle_3,,R7,Ricardone → San Lorenzo,VALIDO,DEDUCIDO,2026-07-05T21:59:22.435043-03:00,2026-07-05T23:18:14.068183-03:00,78.86,78.86,0.00,0.00,MIXTO,R7_MIXTO,3
aee8b493-1270-4f79-88d1-43f4e29607ff__cycle_2,,R7,Ricardone → San Lorenzo,VALIDO,,2026-07-05T21:59:37.416366-03:00,2026-07-06T00:45:06.486994-03:00,165.48,79.68,10.97,74.83,MIXTO,R7_MIXTO,7
bd7f7f64-1861-425f-b7fd-2df2efbef53c,,R7,Ricardone → San Lorenzo,VALIDO,,2026-07-05T21:59:52.511256-03:00,2026-07-06T00:44:36.198224-03:00,164.73,81.86,10.80,72.07,MIXTO,R7_MIXTO,6
dd3dba40-f3b1-4138-aa6e-4106063e2f25,,R7,Ricardone → San Lorenzo,VALIDO,DEDUCIDO,2026-07-05T22:02:52.494631-03:00,2026-07-05T23:23:53.277811-03:00,81.01,81.01,0.00,0.00,MIXTO,R7_MIXTO,3
7991b4e2-49c6-4cff-8765-db67d2665029,,R5,Recepción Volcable 1,VALIDO,DEDUCIDO,2026-07-05T22:03:12.572816-03:00,2026-07-05T23:08:11.145042-03:00,64.98,,,,,,4
e4eec4ac-30d8-4139-b530-629c3c3499e9,,R7,Ricardone → San Lorenzo,VALIDO,DEDUCIDO,2026-07-05T22:04:47.495998-03:00,2026-07-05T23:34:03.233579-03:00,89.26,89.26,0.00,0.00,MIXTO,R7_MIXTO,3
5a371cf6-7df4-4b19-bdbc-7c96430151e9,,R5,Recepción Volcable 1,VALIDO,DEDUCIDO,2026-07-05T22:05:22.613438-03:00,2026-07-05T23:45:46.204223-03:00,100.39,,,,,,5
466f324e-e366-41ea-a00d-e1aad84a9c4b,,R7,Ricardone → San Lorenzo,VALIDO,DEDUCIDO,2026-07-05T22:06:17.369461-03:00,2026-07-05T23:21:08.228963-03:00,74.85,74.85,0.00,0.00,MIXTO,R7_MIXTO,3
a2ca7df6-c9a8-4d2e-8197-3f10535a8398,,R7,Ricardone → San Lorenzo,VALIDO,DEDUCIDO,2026-07-05T22:06:37.450312-03:00,2026-07-05T23:27:13.227573-03:00,80.60,80.60,0.00,0.00,MIXTO,R7_MIXTO,3
c8af3096-db95-45b7-bf5d-1a9ced8d062e,,R7,Ricardone → San Lorenzo,VALIDO,DEDUCIDO,2026-07-05T22:06:57.348938-03:00,2026-07-05T23:20:33.225279-03:00,73.60,73.60,0.00,0.00,MIXTO,R7_MIXTO,3
c5ddc9f0-e631-437b-9284-f008ab2e8ae5__cycle_2,,R7,Ricardone → San Lorenzo,VALIDO,DEDUCIDO,2026-07-05T22:09:37.396922-03:00,2026-07-05T23:23:18.260784-03:00,73.68,73.68,0.00,0.00,MIXTO,R7_MIXTO,3
c23ed58e-98d0-4a44-89ef-5a6716f6b7ee,,R7,Ricardone → San Lorenzo,VALIDO,,2026-07-05T22:15:07.456423-03:00,2026-07-06T01:34:06.324069-03:00,198.98,81.43,9.47,108.08,MIXTO,R7_MIXTO,7
10772d95-c330-4e18-8426-0e9e4031c1d6,,R7,Ricardone → San Lorenzo,VALIDO,,2026-07-05T22:19:22.488463-03:00,2026-07-06T01:26:26.265258-03:00,187.06,76.60,9.55,100.91,MIXTO,R7_MIXTO,6
02958f06-fbed-4f16-b266-53a628f95630,,R7,Ricardone → San Lorenzo,VALIDO,,2026-07-05T22:19:57.468822-03:00,2026-07-06T01:14:56.383825-03:00,174.98,72.60,9.81,92.58,MIXTO,R7_MIXTO,8
bac367e2-68e5-4ac9-8155-2166bb9cd866,,R7,Ricardone → San Lorenzo,VALIDO,,2026-07-05T22:20:57.422544-03:00,2026-07-06T01:55:51.320761-03:00,214.90,69.35,10.72,134.83,MIXTO,R7_MIXTO,7
2ce80ae2-ad56-4c73-afe8-462d78bdf3c0,,R7,Ricardone → San Lorenzo,VALIDO,DEDUCIDO,2026-07-05T22:22:32.383593-03:00,2026-07-05T23:28:28.240031-03:00,65.93,65.93,0.00,0.00,MIXTO,R7_MIXTO,3
04656d06-6aa5-4eb2-97da-6082c6aff76b__cycle_2,,R7,Ricardone → San Lorenzo,VALIDO,,2026-07-05T22:23:32.439596-03:00,2026-07-06T01:29:26.397379-03:00,185.90,71.68,9.55,104.66,MIXTO,R7_MIXTO,6
cc7c4d18-d87e-4f8a-bd7d-ea9bc3b2ebe0,,R7,Ricardone → San Lorenzo,VALIDO,DEDUCIDO,2026-07-05T22:23:47.461069-03:00,2026-07-05T23:33:36.995494-03:00,69.83,69.83,0.00,0.00,MIXTO,R7_MIXTO,3
07ec7ee8-5f1e-43f6-805d-17451d651ab1,,R7,Ricardone → San Lorenzo,VALIDO,,2026-07-05T22:24:07.417569-03:00,2026-07-06T01:07:31.322496-03:00,163.40,67.85,9.72,85.83,MIXTO,R7_MIXTO,8
8519c02c-f966-4198-b275-1e95a6806a69,,R7,Ricardone → San Lorenzo,VALIDO,DEDUCIDO,2026-07-05T22:25:37.470956-03:00,2026-07-05T23:37:53.25711-03:00,72.26,72.26,0.00,0.00,MIXTO,R7_MIXTO,3
1f00254a-08ac-45f3-b383-768f65cb40c6,,R7,Ricardone → San Lorenzo,VALIDO,DEDUCIDO,2026-07-05T22:26:47.36744-03:00,2026-07-06T00:06:08.237348-03:00,99.35,99.35,0.00,0.00,MIXTO,R7_MIXTO,9
fde3d2db-f360-4d0b-a308-408952eff71d__cycle_2,,R7,Ricardone → San Lorenzo,VALIDO,,2026-07-05T22:28:12.424779-03:00,2026-07-06T01:08:56.255619-03:00,160.73,64.93,9.72,86.08,MIXTO,R7_MIXTO,7
7d9a146e-3fe8-4594-8d02-1fa7902104f3,,R7,Ricardone → San Lorenzo,VALIDO,DEDUCIDO,2026-07-05T22:32:12.456113-03:00,2026-07-05T23:41:13.232888-03:00,69.01,69.01,0.00,0.00,MIXTO,R7_MIXTO,3
a7b04a6a-ea50-43cc-8dbe-0709d989014c,,R7,Ricardone → San Lorenzo,VALIDO,DEDUCIDO,2026-07-05T22:32:37.454505-03:00,2026-07-05T23:42:33.21771-03:00,69.93,69.93,0.00,0.00,MIXTO,R7_MIXTO,3
2deb41c0-5b1a-47d0-b7b1-b7753309b057__cycle_2,,R7,Ricardone → San Lorenzo,VALIDO,,2026-07-05T22:36:12.421897-03:00,2026-07-06T02:38:21.377649-03:00,242.15,75.18,10.22,156.75,MIXTO,R7_MIXTO,8
7d9c931f-3cdd-4921-bfa4-636600d922ca,,R5,Recepción Volcable 1,VALIDO,DEDUCIDO,2026-07-05T22:36:47.450457-03:00,2026-07-06T01:09:51.575086-03:00,153.07,,,,,,5
7fced121-b43c-4634-b35c-6d382b6f4824,,R7,Ricardone → San Lorenzo,VALIDO,,2026-07-05T22:41:42.454306-03:00,2026-07-05T23:38:23.222262-03:00,56.68,56.68,0.00,0.00,MIXTO,R7_MIXTO,2
d7c53948-bc30-480b-bf86-cfaa1f9757c5,,R7,Ricardone → San Lorenzo,VALIDO,,2026-07-05T22:56:27.414703-03:00,2026-07-06T01:52:56.304642-03:00,176.48,49.18,9.72,117.58,MIXTO,R7_MIXTO,7
b29449a6-ccfa-48f6-8e6b-97f1503d25ea,,R7,Ricardone → San Lorenzo,VALIDO,,2026-07-05T22:56:37.442186-03:00,2026-07-06T01:31:11.2738-03:00,154.56,46.55,9.94,98.08,MIXTO,R7_MIXTO,6
969a5140-96f4-4d67-955d-beb2dbc5d148,,R7,Ricardone → San Lorenzo,VALIDO,,2026-07-05T22:56:47.462469-03:00,2026-07-06T01:47:41.26607-03:00,170.90,47.43,10.22,113.25,MIXTO,R7_MIXTO,6
338dcd93-7c41-4ff0-9e13-9bc1523b9e93,,R7,Ricardone → San Lorenzo,VALIDO,DEDUCIDO,2026-07-05T22:58:52.447543-03:00,2026-07-05T23:46:53.22573-03:00,48.01,48.01,0.00,0.00,MIXTO,R7_MIXTO,3
22e5dd32-d221-499b-bb55-be85c27dfe08,,R7,Ricardone → San Lorenzo,VALIDO,,2026-07-05T23:05:02.446614-03:00,2026-07-06T02:23:26.524265-03:00,198.40,42.43,9.22,146.75,MIXTO,R7_MIXTO,7
f7341445-2fb5-424b-9933-0a88ec5eb5ed,,R7,Ricardone → San Lorenzo,VALIDO,,2026-07-05T23:08:27.454349-03:00,2026-07-06T02:35:42.578871-03:00,207.25,41.93,10.56,154.77,MIXTO,R7_MIXTO,7
4338979d-cbf7-498d-ab6a-9f578a0800d0__cycle_3,,R7,Ricardone → San Lorenzo,VALIDO,DEDUCIDO,2026-07-05T23:18:22.408111-03:00,2026-07-05T23:49:08.244212-03:00,30.76,30.76,0.00,0.00,MIXTO,R7_MIXTO,3
99800408-c23f-4053-8abf-6dbe322226bc,,R7,Ricardone → San Lorenzo,VALIDO,,2026-07-05T23:23:37.427439-03:00,2026-07-06T02:04:46.737288-03:00,161.16,26.18,10.31,124.67,MIXTO,R7_MIXTO,6
81cc748b-019c-4c79-814d-69a27ec4fef2__cycle_2,,R7,Ricardone → San Lorenzo,VALIDO,DEDUCIDO,2026-07-05T23:29:27.356552-03:00,2026-07-05T23:55:33.248513-03:00,26.10,26.10,0.00,0.00,MIXTO,R7_MIXTO,3
9e284c13-4b14-4530-b005-98e4ffaa5ae8__cycle_4,,R7,Ricardone → San Lorenzo,VALIDO,,2026-07-05T23:36:02.419718-03:00,2026-07-06T02:39:51.394882-03:00,183.82,18.76,9.30,155.75,MIXTO,R7_MIXTO,7
095667da-bc1c-4017-9ae9-044fac72d71a__cycle_2,,R7,Ricardone → San Lorenzo,VALIDO,,2026-07-05T23:38:07.417867-03:00,2026-07-06T02:50:36.384561-03:00,192.48,20.18,8.56,163.75,MIXTO,R7_MIXTO,8
d08136aa-701d-4447-9b5b-57db2d7e186a__cycle_2,,R7,Ricardone → San Lorenzo,VALIDO,,2026-07-05T23:43:02.564626-03:00,2026-07-06T02:21:58.681401-03:00,158.94,16.93,8.22,133.79,MIXTO,R7_MIXTO,7
f9cae9f5-74d3-4106-a164-ace04ea3b212,,R7,Ricardone → San Lorenzo,VALIDO,DEDUCIDO,2026-07-05T23:49:22.482117-03:00,2026-07-06T02:26:03.502755-03:00,156.68,156.68,0.00,0.00,MIXTO,R7_MIXTO,3
58c48ffc-0bef-47d8-bfe8-9090df99ae90,,R7,Ricardone → San Lorenzo,VALIDO,,2026-07-05T23:51:22.505396-03:00,2026-07-06T03:03:56.491408-03:00,192.57,156.51,10.89,25.16,MIXTO,R7_MIXTO,6
b22433de-76e3-43f5-8053-5770f7e1d599,,R7,Ricardone → San Lorenzo,VALIDO,DEDUCIDO,2026-07-05T23:58:47.626896-03:00,2026-07-06T02:29:58.296072-03:00,151.18,151.18,0.00,0.00,MIXTO,R7_MIXTO,3
d8d77e36-61e9-4ea5-87ca-56cfde33b87f,,R7,Ricardone → San Lorenzo,VALIDO,DEDUCIDO,2026-07-06T00:03:37.464993-03:00,2026-07-06T02:32:23.222795-03:00,148.76,148.76,0.00,0.00,MIXTO,R7_MIXTO,3
2639585e-1063-4187-9d88-340a82f0eaa4,,R7,Ricardone → San Lorenzo,VALIDO,,2026-07-06T00:04:12.440074-03:00,2026-07-06T03:16:11.481035-03:00,191.98,146.68,10.06,35.25,MIXTO,R7_MIXTO,7
8f8ae03c-b5a5-430b-a8c1-fee438d02796,,R7,Ricardone → San Lorenzo,VALIDO,,2026-07-06T00:08:42.523106-03:00,2026-07-06T03:22:46.493938-03:00,194.07,144.35,10.81,38.91,MIXTO,R7_MIXTO,6
9a61a123-4aa4-478d-b9cf-1e7358971637,,R7,Ricardone → San Lorenzo,VALIDO,,2026-07-06T00:11:07.479703-03:00,2026-07-06T02:33:43.226488-03:00,142.60,142.60,0.00,0.00,MIXTO,R7_MIXTO,2
1637e180-36e1-4ccf-80e1-cc403dbbc868__cycle_2,,R7,Ricardone → San Lorenzo,VALIDO,,2026-07-06T00:11:52.648159-03:00,2026-07-06T02:51:45.885081-03:00,159.89,142.34,10.81,6.74,MIXTO,R7_MIXTO,8
463f39a8-62a8-433a-ae31-96ba53544a76__cycle_3,,R7,Ricardone → San Lorenzo,VALIDO,,2026-07-06T00:13:22.356167-03:00,2026-07-06T02:43:23.239055-03:00,150.01,150.01,0.00,0.00,MIXTO,R7_MIXTO,2
3b23d102-4f5d-4a24-8677-690491fa5927__cycle_2,,R7,Ricardone → San Lorenzo,VALIDO,,2026-07-06T00:20:17.418001-03:00,2026-07-06T03:08:07.218189-03:00,167.83,154.01,10.81,3.01,MIXTO,R7_MIXTO,6
da731432-9c82-4104-986f-6c62939b68a5,,R7,Ricardone → San Lorenzo,VALIDO,,2026-07-06T00:20:38.507186-03:00,2026-07-06T02:53:35.824287-03:00,152.96,138.00,8.14,6.82,MIXTO,R7_MIXTO,7
e4453f50-f6cf-46f5-bd3d-0fa092228c97__cycle_2,,R7,Ricardone → San Lorenzo,VALIDO,COMPLETO,2026-07-06T00:25:57.419024-03:00,2026-07-06T02:47:31.558548-03:00,141.57,133.10,8.47,0.00,MIXTO,R7_MIXTO,5
bbaddf3b-79b4-4d5c-b6cb-22adaee425cf,,R7,Ricardone → San Lorenzo,VALIDO,COMPLETO,2026-07-06T00:26:07.411984-03:00,2026-07-06T02:47:56.582819-03:00,141.82,133.35,8.47,0.00,MIXTO,R7_MIXTO,5
40b0aadd-c204-4056-93ad-9258b9026578,,R7,Ricardone → San Lorenzo,VALIDO,,2026-07-06T00:31:07.570542-03:00,2026-07-06T03:02:03.254663-03:00,150.93,137.35,10.72,2.86,MIXTO,R7_MIXTO,6
4a19c4b5-778d-4757-96ce-4147edc0bcac__cycle_4,,R7,Ricardone → San Lorenzo,VALIDO,COMPLETO,2026-07-06T00:55:32.422224-03:00,2026-07-06T03:05:51.571297-03:00,130.32,119.18,11.14,0.00,MIXTO,R7_MIXTO,5
80dd5a6b-4548-40fa-8076-bda661cedc2b__cycle_4,,R7,Ricardone → San Lorenzo,VALIDO,COMPLETO,2026-07-06T00:55:47.418676-03:00,2026-07-06T03:00:26.565178-03:00,124.65,113.60,11.06,0.00,MIXTO,R7_MIXTO,5
6bc3b023-8430-439c-b30f-05a55cb1c18a__cycle_2,,R7,Ricardone → San Lorenzo,VALIDO,COMPLETO,2026-07-06T00:56:42.421648-03:00,2026-07-06T02:59:57.119713-03:00,123.24,112.26,10.98,0.00,MIXTO,R7_MIXTO,5
99b440d9-070f-43bf-a8b6-5c99f7546416__cycle_2,,R7,Ricardone → San Lorenzo,VALIDO,,2026-07-06T01:04:22.412485-03:00,2026-07-06T03:05:25.468582-03:00,121.05,105.85,11.39,3.81,MIXTO,R7_MIXTO,7
28edf40c-2d7e-42b6-a02b-98133936104c__cycle_3,,R7,Ricardone → San Lorenzo,VALIDO,,2026-07-06T01:04:37.402333-03:00,2026-07-06T02:52:08.22867-03:00,107.51,107.51,0.00,0.00,MIXTO,R7_MIXTO,2
40d8d01d-6ace-4561-b911-a8e7ca860bd0,,R7,Ricardone → San Lorenzo,VALIDO,,2026-07-06T01:09:26.628535-03:00,2026-07-06T02:55:38.959994-03:00,106.21,106.21,0.00,0.00,MIXTO,R7_MIXTO,2
e3c14da8-e629-4ac8-bf62-8ab40ab0ec5e__cycle_2,,R7,Ricardone → San Lorenzo,VALIDO,COMPLETO,2026-07-06T01:14:57.473049-03:00,2026-07-06T03:03:06.567413-03:00,108.15,97.93,10.22,0.00,MIXTO,R7_MIXTO,5
11ceb294-73c4-4efd-8acc-a7868c6110d8__cycle_2,,R7,Ricardone → San Lorenzo,VALIDO,COMPLETO,2026-07-06T01:24:42.44882-03:00,2026-07-06T03:02:11.620454-03:00,97.49,87.01,10.47,0.00,MIXTO,R7_MIXTO,5
8c7c40f9-c5d9-43c0-9cb1-57513c2da335,,R7,Ricardone → San Lorenzo,VALIDO,DEDUCIDO,2026-07-06T01:27:07.439946-03:00,2026-07-06T02:55:08.22206-03:00,88.01,88.01,0.00,0.00,MIXTO,R7_MIXTO,3
fb48801c-dcf2-455f-a0f2-1fb136fc642b,,R7,Ricardone → San Lorenzo,VALIDO,DEDUCIDO,2026-07-06T01:28:54.337229-03:00,2026-07-06T02:56:38.229166-03:00,87.73,87.73,0.00,0.00,MIXTO,R7_MIXTO,3
4ff72e44-df3b-4ab2-8d80-545d182aacd4__cycle_2,,R7,Ricardone → San Lorenzo,VALIDO,,2026-07-06T01:56:37.40265-03:00,2026-07-06T03:21:20.021388-03:00,84.71,66.93,7.72,10.06,MIXTO,R7_MIXTO,6
60353adf-ee25-4abb-ac3c-26e95d85bdba__cycle_3,,R7,Ricardone → San Lorenzo,VALIDO,,2026-07-06T01:56:57.411729-03:00,2026-07-06T03:14:25.234707-03:00,77.46,60.85,10.72,5.89,MIXTO,R7_MIXTO,6
e1f8cb4e-b404-43dd-bdb0-86401933ab2c__cycle_2,,R7,Ricardone → San Lorenzo,VALIDO,COMPLETO,2026-07-06T02:00:33.527092-03:00,2026-07-06T03:13:46.586921-03:00,73.22,63.99,9.22,0.00,MIXTO,R7_MIXTO,5
93a0a1b9-928b-4e8a-8136-b0445becac45__cycle_3,,R7,Ricardone → San Lorenzo,VALIDO,COMPLETO,2026-07-06T02:02:07.427751-03:00,2026-07-06T03:13:01.591154-03:00,70.90,61.85,9.06,0.00,MIXTO,R7_MIXTO,5
980a3092-5238-4db1-96ee-533f4b4f1694,,R7,Ricardone → San Lorenzo,VALIDO,DEDUCIDO,2026-07-06T02:04:02.422191-03:00,2026-07-06T03:11:23.211705-03:00,67.35,67.35,0.00,0.00,MIXTO,R7_MIXTO,3
69e9eabc-6ff8-47e8-b72f-2eb92791d873,,R7,Ricardone → San Lorenzo,VALIDO,DEDUCIDO,2026-07-06T02:04:32.58743-03:00,2026-07-06T03:11:48.217607-03:00,67.26,67.26,0.00,0.00,MIXTO,R7_MIXTO,3
61965cf0-4fbd-4b15-8067-c0c23d8e67fa,,R7,Ricardone → San Lorenzo,VALIDO,,2026-07-06T02:17:42.450461-03:00,2026-07-06T03:18:15.96602-03:00,60.56,45.43,7.56,7.57,MIXTO,R7_MIXTO,6
d316be2f-9d28-4de3-9c6b-8a07cc65bd59__cycle_2,,R7,Ricardone → San Lorenzo,VALIDO,DEDUCIDO,2026-07-06T02:23:37.505587-03:00,2026-07-06T03:08:18.225429-03:00,44.68,44.68,0.00,0.00,MIXTO,R7_MIXTO,3
fe3fa519-9414-408c-8d03-8b9f4620a8f6__cycle_2,,R7,Ricardone → San Lorenzo,VALIDO,DEDUCIDO,2026-07-06T02:25:23.21154-03:00,2026-07-06T03:09:18.208544-03:00,43.92,43.92,0.00,0.00,MIXTO,R7_MIXTO,7
bcfd2cc8-61bb-4b8e-aa9b-403528ba9029,,R7,Ricardone → San Lorenzo,VALIDO,DEDUCIDO,2026-07-06T02:52:02.392771-03:00,2026-07-06T03:12:28.286962-03:00,20.43,20.43,0.00,0.00,MIXTO,R7_MIXTO,3