external_operation_id,plate_normalized,external_ingreso_at,external_salida_at,product_normalized,platform_normalized,planta_normalized,movement_type,source_file,reason
CTG_10233124672,FJZ785,2026-06-25T14:03:00,2026-06-26T00:01:00,SOJA,VOLCABLE_PTO_2,TERMINAL_EMBARQUE,INGRESO,MovimientosPorContrato_20260626.xlsx,NO_TRUCKFLOW_MATCH
CTG_10133101726,AH235VR,2026-06-25T14:07:00,2026-06-26T00:03:00,SOJA,VOLCABLE_PTO_2,TERMINAL_EMBARQUE,INGRESO,MovimientosPorContrato_20260626.xlsx,NO_TRUCKFLOW_MATCH
CTG_10133119806,HJP191,2026-06-25T14:17:00,2026-06-26T00:05:00,SOJA,VOLCABLE_PTO_1,TERMINAL_EMBARQUE,INGRESO,MovimientosPorContrato_20260626.xlsx,NO_TRUCKFLOW_MATCH
CTG_10133106232,JFQ498,2026-06-25T14:15:00,2026-06-26T00:06:00,SOJA,VOLCABLE_PTO_3,TERMINAL_EMBARQUE,INGRESO,MovimientosPorContrato_20260626.xlsx,NO_TRUCKFLOW_MATCH
CTG_10233105728,AA144GT,2026-06-25T14:16:00,2026-06-26T00:08:00,SOJA,VOLCABLE_PTO_3,TERMINAL_EMBARQUE,INGRESO,MovimientosPorContrato_20260626.xlsx,NO_TRUCKFLOW_MATCH
CTG_10233097921,AA744EA,2026-06-25T14:34:00,2026-06-26T00:14:00,SOJA,VOLCABLE_PTO_1,TERMINAL_EMBARQUE,INGRESO,MovimientosPorContrato_20260626.xlsx,NO_TRUCKFLOW_MATCH
CTG_10233123488,BAZ896,2026-06-25T14:23:00,2026-06-26T00:16:00,SOJA,VOLCABLE_PTO_3,TERMINAL_EMBARQUE,INGRESO,MovimientosPorContrato_20260626.xlsx,NO_TRUCKFLOW_MATCH
CTG_10133105546,HTN766,2026-06-25T13:52:00,2026-06-26T00:17:00,SOJA,VOLCABLE_PTO_5,TERMINAL_EMBARQUE,INGRESO,MovimientosPorContrato_20260626.xlsx,NO_TRUCKFLOW_MATCH
CTG_10133085862,GSQ770,2026-06-25T14:14:00,2026-06-26T00:18:00,SOJA,VOLCABLE_PTO_2,TERMINAL_EMBARQUE,INGRESO,MovimientosPorContrato_20260626.xlsx,NO_TRUCKFLOW_MATCH
CTG_10233115197,KCO878,2026-06-25T10:50:00,2026-06-26T00:22:00,SOJA,VOLCABLE_PTO_3,TERMINAL_EMBARQUE,INGRESO,MovimientosPorContrato_20260626.xlsx,NO_TRUCKFLOW_MATCH
CTG_10133103589,AD910XD,2026-06-25T14:05:00,2026-06-26T00:23:00,SOJA,VOLCABLE_PTO_1,TERMINAL_EMBARQUE,INGRESO,MovimientosPorContrato_20260626.xlsx,NO_TRUCKFLOW_MATCH
CTG_10133093435,AC369WE,2026-06-25T13:33:00,2026-06-26T00:27:00,SOJA,VOLCABLE_PTO_5,TERMINAL_EMBARQUE,INGRESO,MovimientosPorContrato_20260626.xlsx,NO_TRUCKFLOW_MATCH
CTG_10233115379,AF674YH,2026-06-25T11:08:00,2026-06-26T00:28:00,SOJA,VOLCABLE_PTO_2,TERMINAL_EMBARQUE,INGRESO,MovimientosPorContrato_20260626.xlsx,NO_TRUCKFLOW_MATCH
CTG_10233117318,GXN483,2026-06-25T11:35:00,2026-06-26T00:30:00,SOJA,VOLCABLE_PTO_3,TERMINAL_EMBARQUE,INGRESO,MovimientosPorContrato_20260626.xlsx,NO_TRUCKFLOW_MATCH
CTG_10233108365,FBQ587,2026-06-25T14:24:00,2026-06-26T00:31:00,SOJA,VOLCABLE_PTO_1,TERMINAL_EMBARQUE,INGRESO,MovimientosPorContrato_20260626.xlsx,NO_TRUCKFLOW_MATCH
CTG_10133097985,AF206BP,2026-06-25T13:50:00,2026-06-26T00:32:00,SOJA,VOLCABLE_PTO_2,TERMINAL_EMBARQUE,INGRESO,MovimientosPorContrato_20260626.xlsx,NO_TRUCKFLOW_MATCH
COMPROB_000200430699,AH539QA,2026-06-25T17:32:00,2026-06-26T00:32:00,CHIP DE PINO,PLAYA_LEÑA_Y_CHIP,AVELLANEDA,INGRESO,MovimientosPorContrato_20260626.xlsx,NO_TRUCKFLOW_MATCH
CTG_10133093607,NFS501,2026-06-25T14:26:00,2026-06-26T00:33:00,SOJA,VOLCABLE_PTO_3,TERMINAL_EMBARQUE,INGRESO,MovimientosPorContrato_20260626.xlsx,NO_TRUCKFLOW_MATCH
CTG_10233114610,MID428,2026-06-25T11:14:00,2026-06-26T00:35:00,SOJA,VOLCABLE_PTO_2,TERMINAL_EMBARQUE,INGRESO,MovimientosPorContrato_20260626.xlsx,NO_TRUCKFLOW_MATCH
CTG_10233111741,GVS199,2026-06-25T14:18:00,2026-06-26T00:37:00,SOJA,VOLCABLE_PTO_5,TERMINAL_EMBARQUE,INGRESO,MovimientosPorContrato_20260626.xlsx,NO_TRUCKFLOW_MATCH
CTG_10133105520,AF461KM,2026-06-25T10:29:00,2026-06-26T00:38:00,SOJA,VOLCABLE_PTO_1,TERMINAL_EMBARQUE,INGRESO,MovimientosPorContrato_20260626.xlsx,NO_TRUCKFLOW_MATCH
CTG_10133105576,TNJ810,2026-06-25T14:19:00,2026-06-26T00:40:00,SOJA,VOLCABLE_PTO_5,TERMINAL_EMBARQUE,INGRESO,MovimientosPorContrato_20260626.xlsx,NO_TRUCKFLOW_MATCH
CTG_10233097845,GGK832,2026-06-25T11:42:00,2026-06-26T00:41:00,SOJA,VOLCABLE_PTO_1,TERMINAL_EMBARQUE,INGRESO,MovimientosPorContrato_20260626.xlsx,NO_TRUCKFLOW_MATCH
CTG_10233097969,DYS129,2026-06-25T11:50:00,2026-06-26T00:43:00,SOJA,VOLCABLE_PTO_2,TERMINAL_EMBARQUE,INGRESO,MovimientosPorContrato_20260626.xlsx,NO_TRUCKFLOW_MATCH
CTG_10233114545,FFF699,2026-06-25T12:14:00,2026-06-26T00:44:00,SOJA,VOLCABLE_PTO_3,TERMINAL_EMBARQUE,INGRESO,MovimientosPorContrato_20260626.xlsx,NO_TRUCKFLOW_MATCH
CTG_10233110803,SQS547,2026-06-25T14:21:00,2026-06-26T00:46:00,SOJA,VOLCABLE_PTO_5,TERMINAL_EMBARQUE,INGRESO,MovimientosPorContrato_20260626.xlsx,NO_TRUCKFLOW_MATCH
CTG_10133093278,AD644LA,2026-06-25T12:16:00,2026-06-26T00:58:00,SOJA,VOLCABLE_PTO_5,TERMINAL_EMBARQUE,INGRESO,MovimientosPorContrato_20260626.xlsx,NO_TRUCKFLOW_MATCH
CTG_10233119348,FEM709,2026-06-25T14:56:00,2026-06-26T01:02:00,SOJA,VOLCABLE_PTO_5,TERMINAL_EMBARQUE,INGRESO,MovimientosPorContrato_20260626.xlsx,NO_TRUCKFLOW_MATCH
CTG_10133103388,CEP307,2026-06-25T14:48:00,2026-06-26T01:12:00,SOJA,VOLCABLE_PTO_3,TERMINAL_EMBARQUE,INGRESO,MovimientosPorContrato_20260626.xlsx,NO_TRUCKFLOW_MATCH
CTG_10233119207,AB900YE,2026-06-25T14:55:00,2026-06-26T01:14:00,SOJA,VOLCABLE_PTO_5,TERMINAL_EMBARQUE,INGRESO,MovimientosPorContrato_20260626.xlsx,NO_TRUCKFLOW_MATCH
CTG_10233113142,AF386OW,2026-06-25T14:41:00,2026-06-26T01:17:00,SOJA,VOLCABLE_PTO_2,TERMINAL_EMBARQUE,INGRESO,MovimientosPorContrato_20260626.xlsx,NO_TRUCKFLOW_MATCH
CTG_10133115005,AB041DT,2026-06-25T14:53:00,2026-06-26T01:18:00,SOJA,VOLCABLE_PTO_3,TERMINAL_EMBARQUE,INGRESO,MovimientosPorContrato_20260626.xlsx,NO_TRUCKFLOW_MATCH
CTG_10233111207,JAX039,2026-06-25T14:37:00,2026-06-26T01:20:00,SOJA,VOLCABLE_PTO_1,TERMINAL_EMBARQUE,INGRESO,MovimientosPorContrato_20260626.xlsx,NO_TRUCKFLOW_MATCH
CTG_10233123060,ROP870,2026-06-25T14:54:00,2026-06-26T01:21:00,SOJA,VOLCABLE_PTO_2,TERMINAL_EMBARQUE,INGRESO,MovimientosPorContrato_20260626.xlsx,NO_TRUCKFLOW_MATCH
CTG_10233126631,AF948GL,2026-06-25T14:44:00,2026-06-26T01:23:00,SOJA,VOLCABLE_PTO_1,TERMINAL_EMBARQUE,INGRESO,MovimientosPorContrato_20260626.xlsx,NO_TRUCKFLOW_MATCH
CTG_10133120193,OPJ402,2026-06-25T15:23:00,2026-06-26T01:25:00,SOJA,VOLCABLE_PTO_3,TERMINAL_EMBARQUE,INGRESO,MovimientosPorContrato_20260626.xlsx,NO_TRUCKFLOW_MATCH
CTG_10133106661,OTJ010,2026-06-25T13:42:00,2026-06-26T01:27:00,SOJA,VOLCABLE_PTO_1,TERMINAL_EMBARQUE,INGRESO,MovimientosPorContrato_20260626.xlsx,NO_TRUCKFLOW_MATCH
CTG_10233119254,DVC925,2026-06-25T15:07:00,2026-06-26T01:28:00,SOJA,VOLCABLE_PTO_2,TERMINAL_EMBARQUE,INGRESO,MovimientosPorContrato_20260626.xlsx,NO_TRUCKFLOW_MATCH
COMPROB_000200430700,AH210AI,2026-06-26T00:38:00,2026-06-26T01:29:00,CHIP DE PINO,PLAYA_LEÑA_Y_CHIP,AVELLANEDA,INGRESO,MovimientosPorContrato_20260626.xlsx,NO_TRUCKFLOW_MATCH
CTG_10233123625,FGI619,2026-06-25T14:57:00,2026-06-26T01:30:00,SOJA,VOLCABLE_PTO_5,TERMINAL_EMBARQUE,INGRESO,MovimientosPorContrato_20260626.xlsx,NO_TRUCKFLOW_MATCH
CTG_10233120202,AD874WH,2026-06-25T16:00:00,2026-06-26T01:31:00,SOJA,VOLCABLE_PTO_3,TERMINAL_EMBARQUE,INGRESO,MovimientosPorContrato_20260626.xlsx,NO_TRUCKFLOW_MATCH
CTG_10133115967,MUS277,2026-06-25T15:27:00,2026-06-26T01:33:00,SOJA,VOLCABLE_PTO_1,TERMINAL_EMBARQUE,INGRESO,MovimientosPorContrato_20260626.xlsx,NO_TRUCKFLOW_MATCH
CTG_10233113516,AH389NA,2026-06-25T15:28:00,2026-06-26T01:34:00,SOJA,VOLCABLE_PTO_2,TERMINAL_EMBARQUE,INGRESO,MovimientosPorContrato_20260626.xlsx,NO_TRUCKFLOW_MATCH
CTG_10133113760,EOL893,2026-06-25T15:22:00,2026-06-26T01:36:00,SOJA,VOLCABLE_PTO_5,TERMINAL_EMBARQUE,INGRESO,MovimientosPorContrato_20260626.xlsx,NO_TRUCKFLOW_MATCH
CTG_10233120972,AH298ZU,2026-06-25T15:59:00,2026-06-26T01:40:00,SOJA,VOLCABLE_PTO_1,TERMINAL_EMBARQUE,INGRESO,MovimientosPorContrato_20260626.xlsx,NO_TRUCKFLOW_MATCH
CTG_10133116557,EFU878,2026-06-25T16:01:00,2026-06-26T01:41:00,SOJA,VOLCABLE_PTO_5,TERMINAL_EMBARQUE,INGRESO,MovimientosPorContrato_20260626.xlsx,NO_TRUCKFLOW_MATCH
CTG_10233103746,AC116HH,2026-06-25T15:42:00,2026-06-26T01:44:00,SOJA,VOLCABLE_PTO_2,TERMINAL_EMBARQUE,INGRESO,MovimientosPorContrato_20260626.xlsx,NO_TRUCKFLOW_MATCH
CTG_10133101533,AC268HA,2026-06-25T15:29:00,2026-06-26T01:49:00,SOJA,VOLCABLE_PTO_3,TERMINAL_EMBARQUE,INGRESO,MovimientosPorContrato_20260626.xlsx,NO_TRUCKFLOW_MATCH
CTG_10133109477,OFJ805,2026-06-25T16:03:00,2026-06-26T01:50:00,SOJA,VOLCABLE_PTO_3,TERMINAL_EMBARQUE,INGRESO,MovimientosPorContrato_20260626.xlsx,NO_TRUCKFLOW_MATCH
CTG_10233116545,GWP673,2026-06-25T16:08:00,2026-06-26T01:53:00,SOJA,VOLCABLE_PTO_1,TERMINAL_EMBARQUE,INGRESO,MovimientosPorContrato_20260626.xlsx,NO_TRUCKFLOW_MATCH
CTG_10133105951,AH923RF,2026-06-25T16:09:00,2026-06-26T01:54:00,SOJA,VOLCABLE_PTO_2,TERMINAL_EMBARQUE,INGRESO,MovimientosPorContrato_20260626.xlsx,NO_TRUCKFLOW_MATCH
CTG_10133116064,AC618UY,2026-06-25T16:22:00,2026-06-26T01:55:00,SOJA,VOLCABLE_PTO_2,TERMINAL_EMBARQUE,INGRESO,MovimientosPorContrato_20260626.xlsx,NO_TRUCKFLOW_MATCH
CTG_10133109782,GGZ947,2026-06-25T16:05:00,2026-06-26T01:57:00,SOJA,VOLCABLE_PTO_5,TERMINAL_EMBARQUE,INGRESO,MovimientosPorContrato_20260626.xlsx,NO_TRUCKFLOW_MATCH
CTG_10133115878,AC707CO,2026-06-25T16:23:00,2026-06-26T01:58:00,SOJA,VOLCABLE_PTO_5,TERMINAL_EMBARQUE,INGRESO,MovimientosPorContrato_20260626.xlsx,NO_TRUCKFLOW_MATCH
CTG_10133111365,AB606BT,2026-06-25T16:22:00,2026-06-26T01:59:00,SOJA,VOLCABLE_PTO_1,TERMINAL_EMBARQUE,INGRESO,MovimientosPorContrato_20260626.xlsx,NO_TRUCKFLOW_MATCH
CTG_10133114555,FJF767,2026-06-25T16:28:00,2026-06-26T02:04:00,SOJA,VOLCABLE_PTO_2,TERMINAL_EMBARQUE,INGRESO,MovimientosPorContrato_20260626.xlsx,NO_TRUCKFLOW_MATCH
CTG_10233110507,AB483FX,2026-06-25T16:27:00,2026-06-26T02:05:00,SOJA,VOLCABLE_PTO_5,TERMINAL_EMBARQUE,INGRESO,MovimientosPorContrato_20260626.xlsx,NO_TRUCKFLOW_MATCH
CTG_10133103495,FIL347,2026-06-25T16:06:00,2026-06-26T02:06:00,SOJA,VOLCABLE_PTO_3,TERMINAL_EMBARQUE,INGRESO,MovimientosPorContrato_20260626.xlsx,NO_TRUCKFLOW_MATCH
CTG_10233110699,GKQ357,2026-06-25T16:26:00,2026-06-26T02:08:00,SOJA,VOLCABLE_PTO_1,TERMINAL_EMBARQUE,INGRESO,MovimientosPorContrato_20260626.xlsx,NO_TRUCKFLOW_MATCH
CTG_10133117652,HYC334,2026-06-25T16:56:00,2026-06-26T02:09:00,SOJA,VOLCABLE_PTO_2,TERMINAL_EMBARQUE,INGRESO,MovimientosPorContrato_20260626.xlsx,NO_TRUCKFLOW_MATCH
CTG_10133114308,GSJ964,2026-06-25T17:04:00,2026-06-26T02:11:00,SOJA,VOLCABLE_PTO_1,TERMINAL_EMBARQUE,INGRESO,MovimientosPorContrato_20260626.xlsx,NO_TRUCKFLOW_MATCH
CTG_10233121323,AD312ML,2026-06-25T16:54:00,2026-06-26T02:12:00,SOJA,VOLCABLE_PTO_5,TERMINAL_EMBARQUE,INGRESO,MovimientosPorContrato_20260626.xlsx,NO_TRUCKFLOW_MATCH
CTG_10133113252,AD428GD,2026-06-25T16:35:00,2026-06-26T02:14:00,SOJA,VOLCABLE_PTO_3,TERMINAL_EMBARQUE,INGRESO,MovimientosPorContrato_20260626.xlsx,NO_TRUCKFLOW_MATCH
CTG_10133082036,AC687NQ,2026-06-25T14:33:00,2026-06-26T02:15:00,SOJA,VOLCABLE_PTO_1,TERMINAL_EMBARQUE,INGRESO,MovimientosPorContrato_20260626.xlsx,NO_TRUCKFLOW_MATCH
CTG_10133102999,RTX183,2026-06-25T16:07:00,2026-06-26T02:23:00,SOJA,VOLCABLE_PTO_2,TERMINAL_EMBARQUE,INGRESO,MovimientosPorContrato_20260626.xlsx,NO_TRUCKFLOW_MATCH
CTG_10233111142,RPW636,2026-06-25T16:11:00,2026-06-26T02:28:00,SOJA,VOLCABLE_PTO_3,TERMINAL_EMBARQUE,INGRESO,MovimientosPorContrato_20260626.xlsx,NO_TRUCKFLOW_MATCH
CTG_10133097842,AD364MY,2026-06-25T16:16:00,2026-06-26T02:29:00,SOJA,VOLCABLE_PTO_1,TERMINAL_EMBARQUE,INGRESO,MovimientosPorContrato_20260626.xlsx,NO_TRUCKFLOW_MATCH
CTG_10233121165,HDT439,2026-06-25T16:25:00,2026-06-26T02:31:00,SOJA,VOLCABLE_PTO_2,TERMINAL_EMBARQUE,INGRESO,MovimientosPorContrato_20260626.xlsx,NO_TRUCKFLOW_MATCH
CTG_10233110324,AC886EH,2026-06-25T16:30:00,2026-06-26T02:32:00,SOJA,VOLCABLE_PTO_3,TERMINAL_EMBARQUE,INGRESO,MovimientosPorContrato_20260626.xlsx,NO_TRUCKFLOW_MATCH
CTG_10233108986,IVH948,2026-06-25T16:31:00,2026-06-26T02:35:00,SOJA,VOLCABLE_PTO_1,TERMINAL_EMBARQUE,INGRESO,MovimientosPorContrato_20260626.xlsx,NO_TRUCKFLOW_MATCH
CTG_10233106587,KPG455,2026-06-25T17:26:00,2026-06-26T02:37:00,SOJA,VOLCABLE_PTO_1,TERMINAL_EMBARQUE,INGRESO,MovimientosPorContrato_20260626.xlsx,NO_TRUCKFLOW_MATCH
CTG_10133118648,KLC865,2026-06-25T16:53:00,2026-06-26T02:39:00,SOJA,VOLCABLE_PTO_2,TERMINAL_EMBARQUE,INGRESO,MovimientosPorContrato_20260626.xlsx,NO_TRUCKFLOW_MATCH
CTG_10133119062,AB810JK,2026-06-25T17:21:00,2026-06-26T02:43:00,SOJA,VOLCABLE_PTO_3,TERMINAL_EMBARQUE,INGRESO,MovimientosPorContrato_20260626.xlsx,NO_TRUCKFLOW_MATCH
CTG_10233109557,EFJ994,2026-06-25T14:52:00,2026-06-26T02:44:00,SOJA,VOLCABLE_PTO_5,TERMINAL_EMBARQUE,INGRESO,MovimientosPorContrato_20260626.xlsx,NO_TRUCKFLOW_MATCH
CTG_10233129393,FZT345,2026-06-25T17:37:00,2026-06-26T02:46:00,SOJA,VOLCABLE_PTO_2,TERMINAL_EMBARQUE,INGRESO,MovimientosPorContrato_20260626.xlsx,NO_TRUCKFLOW_MATCH
CTG_10133092242,JHB403,2026-06-25T15:15:00,2026-06-26T02:48:00,SOJA,VOLCABLE_PTO_5,TERMINAL_EMBARQUE,INGRESO,MovimientosPorContrato_20260626.xlsx,NO_TRUCKFLOW_MATCH
CTG_10133111328,AH269XK,2026-06-25T15:41:00,2026-06-26T02:49:00,SOJA,VOLCABLE_PTO_5,TERMINAL_EMBARQUE,INGRESO,MovimientosPorContrato_20260626.xlsx,NO_TRUCKFLOW_MATCH
CTG_10233130292,NFJ540,2026-06-25T17:54:00,2026-06-26T02:50:00,SOJA,VOLCABLE_PTO_2,TERMINAL_EMBARQUE,INGRESO,MovimientosPorContrato_20260626.xlsx,NO_TRUCKFLOW_MATCH
CTG_10133113280,AB964JF,2026-06-25T17:50:00,2026-06-26T02:52:00,SOJA,VOLCABLE_PTO_1,TERMINAL_EMBARQUE,INGRESO,MovimientosPorContrato_20260626.xlsx,NO_TRUCKFLOW_MATCH
CTG_10133112287,SQS896,2026-06-25T17:59:00,2026-06-26T02:53:00,SOJA,VOLCABLE_PTO_1,TERMINAL_EMBARQUE,INGRESO,MovimientosPorContrato_20260626.xlsx,NO_TRUCKFLOW_MATCH
CTG_10133122642,AB913BM,2026-06-25T18:05:00,2026-06-26T02:54:00,SOJA,VOLCABLE_PTO_2,TERMINAL_EMBARQUE,INGRESO,MovimientosPorContrato_20260626.xlsx,NO_TRUCKFLOW_MATCH
CTG_10133102520,FGF573,2026-06-25T16:20:00,2026-06-26T02:56:00,SOJA,VOLCABLE_PTO_1,TERMINAL_EMBARQUE,INGRESO,MovimientosPorContrato_20260626.xlsx,NO_TRUCKFLOW_MATCH
CTG_10133109465,KWK183,2026-06-25T14:35:00,2026-06-26T03:04:00,SOJA,VOLCABLE_PTO_5,TERMINAL_EMBARQUE,INGRESO,MovimientosPorContrato_20260626.xlsx,NO_TRUCKFLOW_MATCH
CTG_10233115386,MSC110,2026-06-25T18:14:00,2026-06-26T03:07:00,SOJA,VOLCABLE_PTO_3,TERMINAL_EMBARQUE,INGRESO,MovimientosPorContrato_20260626.xlsx,NO_TRUCKFLOW_MATCH
CTG_10133135128,SBP634,2026-06-25T18:16:00,2026-06-26T03:12:00,SOJA,VOLCABLE_PTO_2,TERMINAL_EMBARQUE,INGRESO,MovimientosPorContrato_20260626.xlsx,NO_TRUCKFLOW_MATCH
CTG_10133117256,BYI690,2026-06-25T18:44:00,2026-06-26T03:13:00,SOJA,VOLCABLE_PTO_3,TERMINAL_EMBARQUE,INGRESO,MovimientosPorContrato_20260626.xlsx,NO_TRUCKFLOW_MATCH
CTG_10233132441,ORJ479,2026-06-25T18:51:00,2026-06-26T03:19:00,SOJA,VOLCABLE_PTO_3,TERMINAL_EMBARQUE,INGRESO,MovimientosPorContrato_20260626.xlsx,NO_TRUCKFLOW_MATCH
CTG_10133105243,LDU084,2026-06-25T15:27:00,2026-06-26T03:27:00,SOJA,VOLCABLE_PTO_5,TERMINAL_EMBARQUE,INGRESO,MovimientosPorContrato_20260626.xlsx,NO_TRUCKFLOW_MATCH
CTG_10133115027,PDK400,2026-06-25T16:00:00,2026-06-26T03:29:00,SOJA,VOLCABLE_PTO_5,TERMINAL_EMBARQUE,INGRESO,MovimientosPorContrato_20260626.xlsx,NO_TRUCKFLOW_MATCH
CTG_10133092704,ENG699,2026-06-25T17:43:00,2026-06-26T03:35:00,SOJA,VOLCABLE_PTO_3,TERMINAL_EMBARQUE,INGRESO,MovimientosPorContrato_20260626.xlsx,NO_TRUCKFLOW_MATCH
CTG_10133108875,MVJ247,2026-06-25T16:04:00,2026-06-26T03:41:00,SOJA,VOLCABLE_PTO_5,TERMINAL_EMBARQUE,INGRESO,MovimientosPorContrato_20260626.xlsx,NO_TRUCKFLOW_MATCH
CTG_10133131550,LTL241,2026-06-25T17:27:00,2026-06-26T03:43:00,SOJA,VOLCABLE_PTO_3,TERMINAL_EMBARQUE,INGRESO,MovimientosPorContrato_20260626.xlsx,NO_TRUCKFLOW_MATCH
CTG_10233124046,FEI083,2026-06-25T16:24:00,2026-06-26T03:44:00,GIRASOL,VOLCABLE_1,RICARDONE,INGRESO,MovimientosPorContrato_20260626.xlsx,NO_TRUCKFLOW_MATCH
CTG_10133103711,AD898KS,2026-06-25T16:15:00,2026-06-26T03:52:00,SOJA,VOLCABLE_PTO_5,TERMINAL_EMBARQUE,INGRESO,MovimientosPorContrato_20260626.xlsx,NO_TRUCKFLOW_MATCH
CTG_10133122278,AH415RB,2026-06-25T16:17:00,2026-06-26T04:01:00,SOJA,VOLCABLE_PTO_5,TERMINAL_EMBARQUE,INGRESO,MovimientosPorContrato_20260626.xlsx,NO_TRUCKFLOW_MATCH
CTG_10133109735,HXJ421,2026-06-25T19:11:00,2026-06-26T04:05:00,SOJA,VOLCABLE_PTO_3,TERMINAL_EMBARQUE,INGRESO,MovimientosPorContrato_20260626.xlsx,NO_TRUCKFLOW_MATCH
CTG_10233106529,AC552SN,2026-06-26T00:22:00,2026-06-26T04:10:00,GIRASOL,VOLCABLE_1,RICARDONE,INGRESO,MovimientosPorContrato_20260626.xlsx,NO_TRUCKFLOW_MATCH
CTG_10233114328,AF417JU,2026-06-25T19:28:00,2026-06-26T04:11:00,SOJA,VOLCABLE_PTO_3,TERMINAL_EMBARQUE,INGRESO,MovimientosPorContrato_20260626.xlsx,NO_TRUCKFLOW_MATCH
CTG_10133128183,MBJ195,2026-06-25T16:16:00,2026-06-26T04:15:00,SOJA,VOLCABLE_PTO_5,TERMINAL_EMBARQUE,INGRESO,MovimientosPorContrato_20260626.xlsx,NO_TRUCKFLOW_MATCH
CTG_10233131766,FCI638,2026-06-25T18:37:00,2026-06-26T04:25:00,SOJA,VOLCABLE_PTO_2,TERMINAL_EMBARQUE,INGRESO,MovimientosPorContrato_20260626.xlsx,NO_TRUCKFLOW_MATCH
CTG_10133115576,ISW855,2026-06-25T19:54:00,2026-06-26T04:27:00,SOJA,VOLCABLE_PTO_3,TERMINAL_EMBARQUE,INGRESO,MovimientosPorContrato_20260626.xlsx,NO_TRUCKFLOW_MATCH
CTG_10133108296,GFC613,2026-06-25T18:26:00,2026-06-26T04:28:00,SOJA,VOLCABLE_PTO_1,TERMINAL_EMBARQUE,INGRESO,MovimientosPorContrato_20260626.xlsx,NO_TRUCKFLOW_MATCH
CTG_10233130516,AD089BH,2026-06-25T18:58:00,2026-06-26T04:30:00,SOJA,VOLCABLE_PTO_2,TERMINAL_EMBARQUE,INGRESO,MovimientosPorContrato_20260626.xlsx,NO_TRUCKFLOW_MATCH
CTG_10133105506,AE200RZ,2026-06-25T17:14:00,2026-06-26T04:31:00,SOJA,VOLCABLE_PTO_5,TERMINAL_EMBARQUE,INGRESO,MovimientosPorContrato_20260626.xlsx,NO_TRUCKFLOW_MATCH
CTG_10133117121,BPC873,2026-06-25T18:43:00,2026-06-26T04:32:00,SOJA,VOLCABLE_PTO_1,TERMINAL_EMBARQUE,INGRESO,MovimientosPorContrato_20260626.xlsx,NO_TRUCKFLOW_MATCH
CTG_10233107886,UNX312,2026-06-25T19:10:00,2026-06-26T04:34:00,SOJA,VOLCABLE_PTO_2,TERMINAL_EMBARQUE,INGRESO,MovimientosPorContrato_20260626.xlsx,NO_TRUCKFLOW_MATCH
CTG_10133098853,AB399XT,2026-06-25T17:44:00,2026-06-26T04:40:00,SOJA,VOLCABLE_PTO_5,TERMINAL_EMBARQUE,INGRESO,MovimientosPorContrato_20260626.xlsx,NO_TRUCKFLOW_MATCH
CTG_10133110742,HGO933,2026-06-25T19:25:00,2026-06-26T04:43:00,SOJA,VOLCABLE_PTO_3,TERMINAL_EMBARQUE,INGRESO,MovimientosPorContrato_20260626.xlsx,NO_TRUCKFLOW_MATCH
CTG_10233107827,BKT313,2026-06-26T00:23:00,2026-06-26T04:43:00,GIRASOL,VOLCABLE_1,RICARDONE,INGRESO,MovimientosPorContrato_20260626.xlsx,NO_TRUCKFLOW_MATCH
CTG_10233138521,IAC407,2026-06-25T19:43:00,2026-06-26T04:49:00,MAIZ,CELDA_171_-_CENTRO,AVELLANEDA,INGRESO,MovimientosPorContrato_20260626.xlsx,NO_TRUCKFLOW_MATCH
CTG_10133125208,INN437,2026-06-25T19:09:00,2026-06-26T04:52:00,SOJA,VOLCABLE_PTO_3,TERMINAL_EMBARQUE,INGRESO,MovimientosPorContrato_20260626.xlsx,NO_TRUCKFLOW_MATCH
CTG_10133111855,AI157RN,2026-06-25T17:45:00,2026-06-26T04:59:00,SOJA,VOLCABLE_PTO_5,TERMINAL_EMBARQUE,INGRESO,MovimientosPorContrato_20260626.xlsx,NO_TRUCKFLOW_MATCH
CTG_10133130356,DCI436,2026-06-25T20:12:00,2026-06-26T05:01:00,SOJA,VOLCABLE_PTO_3,TERMINAL_EMBARQUE,INGRESO,MovimientosPorContrato_20260626.xlsx,NO_TRUCKFLOW_MATCH
CTG_10133121954,CCZ700,2026-06-25T20:02:00,2026-06-26T05:02:00,SOJA,VOLCABLE_PTO_2,TERMINAL_EMBARQUE,INGRESO,MovimientosPorContrato_20260626.xlsx,NO_TRUCKFLOW_MATCH
CTG_10133127095,CCV220,2026-06-25T18:11:00,2026-06-26T05:03:00,SOJA,VOLCABLE_PTO_5,TERMINAL_EMBARQUE,INGRESO,MovimientosPorContrato_20260626.xlsx,NO_TRUCKFLOW_MATCH
CTG_10233138946,EQV087,2026-06-25T20:37:00,2026-06-26T05:08:00,SOJA,VOLCABLE_PTO_3,TERMINAL_EMBARQUE,INGRESO,MovimientosPorContrato_20260626.xlsx,NO_TRUCKFLOW_MATCH
CTG_10133099357,NTC940,2026-06-25T18:42:00,2026-06-26T05:11:00,SOJA,VOLCABLE_PTO_5,TERMINAL_EMBARQUE,INGRESO,MovimientosPorContrato_20260626.xlsx,NO_TRUCKFLOW_MATCH
COMPROB_000200430702,ABB335,2026-06-25T18:04:00,2026-06-26T05:16:00,CHIP DE EUCALIPTUS,PLAYA_LEÑA_Y_CHIP,AVELLANEDA,INGRESO,MovimientosPorContrato_20260626.xlsx,NO_TRUCKFLOW_MATCH
CTG_10133119093,DAE377,2026-06-25T17:12:00,2026-06-26T05:17:00,SOJA,VOLCABLE_PTO_3,TERMINAL_EMBARQUE,INGRESO,MovimientosPorContrato_20260626.xlsx,NO_TRUCKFLOW_MATCH
CTG_10133110781,VXX627,2026-06-25T17:23:00,2026-06-26T05:21:00,SOJA,VOLCABLE_PTO_3,TERMINAL_EMBARQUE,INGRESO,MovimientosPorContrato_20260626.xlsx,NO_TRUCKFLOW_MATCH
CTG_10133119913,EJN161,2026-06-25T16:54:00,2026-06-26T05:22:00,SOJA,VOLCABLE_PTO_5,TERMINAL_EMBARQUE,INGRESO,MovimientosPorContrato_20260626.xlsx,NO_TRUCKFLOW_MATCH
CTG_10233134813,MUV737,2026-06-26T01:11:00,2026-06-26T05:23:00,GIRASOL,VOLCABLE_1,RICARDONE,INGRESO,MovimientosPorContrato_20260626.xlsx,NO_TRUCKFLOW_MATCH
CTG_10233106392,NKE834,2026-06-25T17:25:00,2026-06-26T05:24:00,SOJA,VOLCABLE_PTO_5,TERMINAL_EMBARQUE,INGRESO,MovimientosPorContrato_20260626.xlsx,NO_TRUCKFLOW_MATCH
CTG_10233122628,AC967PS,2026-06-25T18:04:00,2026-06-26T05:32:00,SOJA,VOLCABLE_PTO_3,TERMINAL_EMBARQUE,INGRESO,MovimientosPorContrato_20260626.xlsx,NO_TRUCKFLOW_MATCH
CTG_10133124569,AG700DH,2026-06-25T20:39:00,2026-06-26T05:32:00,MAIZ,CELDA_171_-_CENTRO,AVELLANEDA,INGRESO,MovimientosPorContrato_20260626.xlsx,NO_TRUCKFLOW_MATCH
CTG_10233113684,AE198ZP,2026-06-25T19:29:00,2026-06-26T05:37:00,SOJA,VOLCABLE_PTO_3,TERMINAL_EMBARQUE,INGRESO,MovimientosPorContrato_20260626.xlsx,NO_TRUCKFLOW_MATCH
CTG_10133104137,NNL428,2026-06-25T20:03:00,2026-06-26T05:43:00,SOJA,VOLCABLE_PTO_3,TERMINAL_EMBARQUE,INGRESO,MovimientosPorContrato_20260626.xlsx,NO_TRUCKFLOW_MATCH
CTG_10133130695,AH014FD,2026-06-25T21:33:00,2026-06-26T05:45:00,MAIZ,CELDA_171_-_CENTRO,AVELLANEDA,INGRESO,MovimientosPorContrato_20260626.xlsx,NO_TRUCKFLOW_MATCH
CTG_10233111040,THD877,2026-06-25T19:55:00,2026-06-26T05:54:00,SOJA,VOLCABLE_PTO_3,TERMINAL_EMBARQUE,INGRESO,MovimientosPorContrato_20260626.xlsx,NO_TRUCKFLOW_MATCH
CTG_10133111814,ENM485,2026-06-25T18:06:00,2026-06-26T05:55:00,SOJA,VOLCABLE_PTO_5,TERMINAL_EMBARQUE,INGRESO,MovimientosPorContrato_20260626.xlsx,NO_TRUCKFLOW_MATCH
CTG_10233118372,PBI487,2026-06-25T19:15:00,2026-06-26T05:57:00,SOJA,VOLCABLE_PTO_5,TERMINAL_EMBARQUE,INGRESO,MovimientosPorContrato_20260626.xlsx,NO_TRUCKFLOW_MATCH
CTG_10133119534,HCU338,2026-06-25T20:34:00,2026-06-26T06:01:00,SOJA,VOLCABLE_PTO_3,TERMINAL_EMBARQUE,INGRESO,MovimientosPorContrato_20260626.xlsx,NO_TRUCKFLOW_MATCH
CTG_10233111010,WUX660,2026-06-25T19:12:00,2026-06-26T06:10:00,SOJA,VOLCABLE_PTO_5,TERMINAL_EMBARQUE,INGRESO,MovimientosPorContrato_20260626.xlsx,NO_TRUCKFLOW_MATCH
CTG_10133120044,CNW837,2026-06-25T19:53:00,2026-06-26T06:12:00,SOJA,VOLCABLE_PTO_5,TERMINAL_EMBARQUE,INGRESO,MovimientosPorContrato_20260626.xlsx,NO_TRUCKFLOW_MATCH
CTG_10133097356,HNJ518,2026-06-25T21:44:00,2026-06-26T06:22:00,SOJA,VOLCABLE_PTO_5,TERMINAL_EMBARQUE,INGRESO,MovimientosPorContrato_20260626.xlsx,NO_TRUCKFLOW_MATCH
COMPROB_000200319636,FVB088,2026-06-26T05:54:00,2026-06-26T06:29:00,DDG BURLANDA SECA DE MAIZ SIN SOLUBLES,DEPOSITO_BURLANDAS,AVELLANEDA,EGRESO,MovimientosPorContrato_20260626.xlsx,NO_TRUCKFLOW_MATCH
CTG_10133131468,AH318IC,2026-06-25T21:35:00,2026-06-26T06:32:00,MAIZ,CELDA_171_-_CENTRO,AVELLANEDA,INGRESO,MovimientosPorContrato_20260626.xlsx,NO_TRUCKFLOW_MATCH
CTG_10233110822,PCG471,2026-06-25T20:56:00,2026-06-26T06:34:00,SOJA,VOLCABLE_PTO_5,TERMINAL_EMBARQUE,INGRESO,MovimientosPorContrato_20260626.xlsx,NO_TRUCKFLOW_MATCH
CTG_10133109714,GLK693,2026-06-25T20:58:00,2026-06-26T06:38:00,SOJA,VOLCABLE_PTO_5,TERMINAL_EMBARQUE,INGRESO,MovimientosPorContrato_20260626.xlsx,NO_TRUCKFLOW_MATCH
CTG_10133125989,AH983GH,2026-06-25T21:38:00,2026-06-26T06:52:00,MAIZ,CELDA_171_-_CENTRO,AVELLANEDA,INGRESO,MovimientosPorContrato_20260626.xlsx,NO_TRUCKFLOW_MATCH
CTG_10233124897,AC092FD,2026-06-25T21:18:00,2026-06-26T06:53:00,SOJA,VOLCABLE_PTO_5,TERMINAL_EMBARQUE,INGRESO,MovimientosPorContrato_20260626.xlsx,NO_TRUCKFLOW_MATCH
CTG_10133136589,AF006TR,2026-06-25T22:06:00,2026-06-26T07:06:00,SOJA,VOLCABLE_PTO_5,TERMINAL_EMBARQUE,INGRESO,MovimientosPorContrato_20260626.xlsx,NO_TRUCKFLOW_MATCH
CTG_10133136583,AE834ZF,2026-06-25T22:07:00,2026-06-26T07:07:00,SOJA,VOLCABLE_PTO_5,TERMINAL_EMBARQUE,INGRESO,MovimientosPorContrato_20260626.xlsx,NO_TRUCKFLOW_MATCH
COMPROB_000200430707,AE279AY,2026-06-26T06:25:00,2026-06-26T07:20:00,CHIP DE PINO,PLAYA_LEÑA_Y_CHIP,AVELLANEDA,INGRESO,MovimientosPorContrato_20260626.xlsx,NO_TRUCKFLOW_MATCH
CTG_10133122612,AH779NH,2026-06-25T22:17:00,2026-06-26T07:22:00,SOJA,VOLCABLE_PTO_5,TERMINAL_EMBARQUE,INGRESO,MovimientosPorContrato_20260626.xlsx,NO_TRUCKFLOW_MATCH
CTG_10133125899,AE015UG,2026-06-25T21:40:00,2026-06-26T07:23:00,MAIZ,CELDA_171_-_CENTRO,AVELLANEDA,INGRESO,MovimientosPorContrato_20260626.xlsx,NO_TRUCKFLOW_MATCH
COMPROB_000301064978,EVL273,2026-06-25T18:49:00,2026-06-26T07:26:00,PRODUCTOS VARIOS,VARIOS,RICARDONE,EGRESO,MovimientosPorContrato_20260626.xlsx,NO_TRUCKFLOW_MATCH
COMPROB_000404032591,TTTTTT,2026-06-26T07:39:00,2026-06-26T07:39:00,ACEITE SOJA NEUTRO,,TERMINAL_EMBARQUE,INGRESO,MovimientosPorContrato_20260626.xlsx,NO_TRUCKFLOW_MATCH
COMPROB_000400418854,JIA232,2026-06-25T13:42:00,2026-06-26T07:46:00,TIERRA DESC FILTROS,,TERMINAL_EMBARQUE,EGRESO,MovimientosPorContrato_20260626.xlsx,NO_TRUCKFLOW_MATCH
CTG_10133125464,AD549AY,2026-06-25T21:53:00,2026-06-26T08:03:00,MAIZ,CELDA_171_-_CENTRO,AVELLANEDA,INGRESO,MovimientosPorContrato_20260626.xlsx,NO_TRUCKFLOW_MATCH
CTG_10133115648,FBH394,2026-06-25T22:52:00,2026-06-26T08:08:00,SOJA,VOLCABLE_PTO_5,TERMINAL_EMBARQUE,INGRESO,MovimientosPorContrato_20260626.xlsx,NO_TRUCKFLOW_MATCH
CTG_10133115570,GSM853,2026-06-25T22:43:00,2026-06-26T08:21:00,SOJA,VOLCABLE_PTO_5,TERMINAL_EMBARQUE,INGRESO,MovimientosPorContrato_20260626.xlsx,NO_TRUCKFLOW_MATCH
COMPROB_000200430710,OWS400,2026-06-25T20:10:00,2026-06-26T08:22:00,CHIP EN ORIGEN,PLAYA_LEÑA_Y_CHIP,AVELLANEDA,INGRESO,MovimientosPorContrato_20260626.xlsx,NO_TRUCKFLOW_MATCH
CTG_10133091053,HZO305,2026-06-25T21:14:00,2026-06-26T08:27:00,SOJA,VOLCABLE_PTO_5,TERMINAL_EMBARQUE,INGRESO,MovimientosPorContrato_20260626.xlsx,NO_TRUCKFLOW_MATCH
COMPROB_000301457422,TOLVA,2026-06-26T08:06:00,2026-06-26T08:28:00,PRODUCTOS VARIOS,VARIOS,RICARDONE,INGRESO,MovimientosPorContrato_20260626.xlsx,NO_TRUCKFLOW_MATCH
CTG_10133130535,JOJ929,2026-06-25T22:20:00,2026-06-26T08:31:00,MAIZ,CELDA_171_-_CENTRO,AVELLANEDA,INGRESO,MovimientosPorContrato_20260626.xlsx,NO_TRUCKFLOW_MATCH
CTG_10133136598,LTY668,2026-06-26T00:12:00,2026-06-26T08:35:00,SOJA,VOLCABLE_PTO_5,TERMINAL_EMBARQUE,INGRESO,MovimientosPorContrato_20260626.xlsx,NO_TRUCKFLOW_MATCH
CTG_10233109732,AC177GG,2026-06-25T21:25:00,2026-06-26T08:39:00,SOJA,VOLCABLE_PTO_5,TERMINAL_EMBARQUE,INGRESO,MovimientosPorContrato_20260626.xlsx,NO_TRUCKFLOW_MATCH
CTG_10233135558,AMO974,2026-06-25T22:02:00,2026-06-26T08:51:00,SOJA,VOLCABLE_PTO_5,TERMINAL_EMBARQUE,INGRESO,MovimientosPorContrato_20260626.xlsx,NO_TRUCKFLOW_MATCH
CTG_10133116258,OCQ842,2026-06-25T22:25:00,2026-06-26T08:52:00,MAIZ,CELDA_171_-_CENTRO,AVELLANEDA,INGRESO,MovimientosPorContrato_20260626.xlsx,NO_TRUCKFLOW_MATCH
CTG_10133093316,AF570OQ,2026-06-25T22:02:00,2026-06-26T09:01:00,SOJA,VOLCABLE_PTO_5,TERMINAL_EMBARQUE,INGRESO,MovimientosPorContrato_20260626.xlsx,NO_TRUCKFLOW_MATCH
COMPROB_000400418855,BTS626,2026-06-26T06:47:00,2026-06-26T09:02:00,AGUA POTABLE,ACEITE_OSL,TERMINAL_EMBARQUE,EGRESO,MovimientosPorContrato_20260626.xlsx,NO_TRUCKFLOW_MATCH
COMPROB_000301457423,TOLVA,2026-06-26T08:46:00,2026-06-26T09:06:00,PRODUCTOS VARIOS,SECCION_4,RICARDONE,INGRESO,MovimientosPorContrato_20260626.xlsx,NO_TRUCKFLOW_MATCH
CTG_10133095672,OEB911,2026-06-25T22:05:00,2026-06-26T09:06:00,SOJA,VOLCABLE_PTO_5,TERMINAL_EMBARQUE,INGRESO,MovimientosPorContrato_20260626.xlsx,NO_TRUCKFLOW_MATCH
COMPROB_000400418856,JIA232,2026-06-26T08:40:00,2026-06-26T09:07:00,TIERRA DESC FILTROS,,TERMINAL_EMBARQUE,EGRESO,MovimientosPorContrato_20260626.xlsx,NO_TRUCKFLOW_MATCH
CTG_10133116646,JHH322,2026-06-25T22:39:00,2026-06-26T09:09:00,MAIZ,CELDA_171_-_CENTRO,AVELLANEDA,INGRESO,MovimientosPorContrato_20260626.xlsx,NO_TRUCKFLOW_MATCH
CTG_10133136592,AH164QY,2026-06-25T22:04:00,2026-06-26T09:15:00,SOJA,VOLCABLE_PTO_5,TERMINAL_EMBARQUE,INGRESO,MovimientosPorContrato_20260626.xlsx,NO_TRUCKFLOW_MATCH
COMPROB_000400418857,AE999OW,2026-06-25T22:51:00,2026-06-26T09:27:00,BORRA DE ACSOJA REFINADO,,TERMINAL_EMBARQUE,EGRESO,MovimientosPorContrato_20260626.xlsx,NO_TRUCKFLOW_MATCH
CTG_10133116759,FCO568,2026-06-25T22:45:00,2026-06-26T09:32:00,MAIZ,CELDA_171_-_CENTRO,AVELLANEDA,INGRESO,MovimientosPorContrato_20260626.xlsx,NO_TRUCKFLOW_MATCH
CTG_10133136602,HOC847,2026-06-25T22:03:00,2026-06-26T09:36:00,SOJA,VOLCABLE_PTO_5,TERMINAL_EMBARQUE,INGRESO,MovimientosPorContrato_20260626.xlsx,NO_TRUCKFLOW_MATCH
CTG_10133095763,AA945AW,2026-06-25T22:05:00,2026-06-26T09:38:00,SOJA,VOLCABLE_PTO_5,TERMINAL_EMBARQUE,INGRESO,MovimientosPorContrato_20260626.xlsx,NO_TRUCKFLOW_MATCH
CTG_10233126003,HME741,2026-06-25T20:04:00,2026-06-26T09:38:00,SOJA,VOLCABLE_PTO_2,TERMINAL_EMBARQUE,INGRESO,MovimientosPorContrato_20260626.xlsx,NO_TRUCKFLOW_MATCH
COMPROB_000301064979,UAJ766,2026-06-26T09:09:00,2026-06-26T09:42:00,PRODUCTOS VARIOS,VARIOS,RICARDONE,EGRESO,MovimientosPorContrato_20260626.xlsx,NO_TRUCKFLOW_MATCH
COMPROB_000404032604,AE374FK,2026-06-26T07:53:00,2026-06-26T09:44:00,PRODUCTOS VARIOS,,TERMINAL_EMBARQUE,INGRESO,MovimientosPorContrato_20260626.xlsx,NO_TRUCKFLOW_MATCH
CTG_10133126457,COI299,2026-06-25T20:45:00,2026-06-26T09:46:00,SOJA,VOLCABLE_PTO_5,TERMINAL_EMBARQUE,INGRESO,MovimientosPorContrato_20260626.xlsx,NO_TRUCKFLOW_MATCH
COMPROB_000200319637,00000,2026-06-26T09:46:00,2026-06-26T09:47:00,RESIDUOS ASIMILABLES A DOMICILIARIOS,SIN_ESPECIFICAR,AVELLANEDA,EGRESO,MovimientosPorContrato_20260626.xlsx,NO_TRUCKFLOW_MATCH
CTG_10133136585,AD858DH,2026-06-25T22:07:00,2026-06-26T09:52:00,SOJA,VOLCABLE_PTO_2,TERMINAL_EMBARQUE,INGRESO,MovimientosPorContrato_20260626.xlsx,NO_TRUCKFLOW_MATCH
CTG_10233131436,AE997FP,2026-06-25T22:08:00,2026-06-26T09:58:00,SOJA,VOLCABLE_PTO_2,TERMINAL_EMBARQUE,INGRESO,MovimientosPorContrato_20260626.xlsx,NO_TRUCKFLOW_MATCH
COMPROB_000200319638,HYH111,2026-06-26T09:37:00,2026-06-26T09:59:00,BURLANDA HUMEDA,DEPOSITO_BURLANDAS,AVELLANEDA,EGRESO,MovimientosPorContrato_20260626.xlsx,NO_TRUCKFLOW_MATCH
CTG_10133110593,EJR062,2026-06-25T21:11:00,2026-06-26T10:00:00,SOJA,VOLCABLE_PTO_5,TERMINAL_EMBARQUE,INGRESO,MovimientosPorContrato_20260626.xlsx,NO_TRUCKFLOW_MATCH
COMPROB_000200319639,XXXXX,2026-06-26T10:01:00,2026-06-26T10:01:00,THIN STILLAGE DE MAIZ,,AVELLANEDA,EGRESO,MovimientosPorContrato_20260626.xlsx,NO_TRUCKFLOW_MATCH
CTG_10133097086,MAY833,2026-06-25T22:09:00,2026-06-26T10:03:00,SOJA,VOLCABLE_PTO_3,TERMINAL_EMBARQUE,INGRESO,MovimientosPorContrato_20260626.xlsx,NO_TRUCKFLOW_MATCH
CTG_10133131432,OUN733,2026-06-25T22:19:00,2026-06-26T10:05:00,SOJA,VOLCABLE_PTO_5,TERMINAL_EMBARQUE,INGRESO,MovimientosPorContrato_20260626.xlsx,NO_TRUCKFLOW_MATCH
CTG_10133128427,OVO205,2026-06-25T23:00:00,2026-06-26T10:05:00,MAIZ,CELDA_171_-_CENTRO,AVELLANEDA,INGRESO,MovimientosPorContrato_20260626.xlsx,NO_TRUCKFLOW_MATCH
CTG_10133095815,AH510FA,2026-06-25T22:10:00,2026-06-26T10:09:00,SOJA,VOLCABLE_PTO_3,TERMINAL_EMBARQUE,INGRESO,MovimientosPorContrato_20260626.xlsx,NO_TRUCKFLOW_MATCH
CTG_10133136096,CRU482,2026-06-25T22:32:00,2026-06-26T10:13:00,SOJA,VOLCABLE_PTO_3,TERMINAL_EMBARQUE,INGRESO,MovimientosPorContrato_20260626.xlsx,NO_TRUCKFLOW_MATCH
CTG_10133130697,HGW953,2026-06-25T23:04:00,2026-06-26T10:15:00,SOJA,VOLCABLE_PTO_5,TERMINAL_EMBARQUE,INGRESO,MovimientosPorContrato_20260626.xlsx,NO_TRUCKFLOW_MATCH
CTG_10133117220,AB881KF,2026-06-25T22:18:00,2026-06-26T10:19:00,SOJA,VOLCABLE_PTO_2,TERMINAL_EMBARQUE,INGRESO,MovimientosPorContrato_20260626.xlsx,NO_TRUCKFLOW_MATCH
COMPROB_000200319640,AH311KF,2026-06-26T09:11:00,2026-06-26T10:19:00,ALCOHOL ETILICO ANHIDRO P/ BIOCOMB ORIG CEREAL,T1002,AVELLANEDA,EGRESO,MovimientosPorContrato_20260626.xlsx,NO_TRUCKFLOW_MATCH
CTG_10133112890,AE393VG,2026-06-25T22:39:00,2026-06-26T10:20:00,SOJA,VOLCABLE_PTO_3,TERMINAL_EMBARQUE,INGRESO,MovimientosPorContrato_20260626.xlsx,NO_TRUCKFLOW_MATCH
CTG_10133105386,LXR588,2026-06-25T23:12:00,2026-06-26T10:21:00,SOJA,VOLCABLE_PTO_5,TERMINAL_EMBARQUE,INGRESO,MovimientosPorContrato_20260626.xlsx,NO_TRUCKFLOW_MATCH
CTG_10233109587,OTS752,2026-06-26T00:26:00,2026-06-26T10:24:00,SOJA,VOLCABLE_PTO_5,TERMINAL_EMBARQUE,INGRESO,MovimientosPorContrato_20260626.xlsx,NO_TRUCKFLOW_MATCH
CTG_10133136596,AC193KM,2026-06-25T22:21:00,2026-06-26T10:25:00,SOJA,VOLCABLE_PTO_2,TERMINAL_EMBARQUE,INGRESO,MovimientosPorContrato_20260626.xlsx,NO_TRUCKFLOW_MATCH
CTG_10233133923,CRK690,2026-06-25T22:34:00,2026-06-26T10:27:00,SOJA,VOLCABLE_PTO_3,TERMINAL_EMBARQUE,INGRESO,MovimientosPorContrato_20260626.xlsx,NO_TRUCKFLOW_MATCH
COMPROB_000400418858,AF804QL,2026-06-26T07:48:00,2026-06-26T10:28:00,RESIDUOS ORG,,TERMINAL_EMBARQUE,EGRESO,MovimientosPorContrato_20260626.xlsx,NO_TRUCKFLOW_MATCH
CTG_10133116005,FWZ295,2026-06-25T23:12:00,2026-06-26T10:29:00,SOJA,VOLCABLE_PTO_3,TERMINAL_EMBARQUE,INGRESO,MovimientosPorContrato_20260626.xlsx,NO_TRUCKFLOW_MATCH
COMPROB_000404032621,UAJ766,2026-06-26T09:58:00,2026-06-26T10:32:00,PRODUCTOS VARIOS,,TERMINAL_EMBARQUE,INGRESO,MovimientosPorContrato_20260626.xlsx,NO_TRUCKFLOW_MATCH
CTG_10133112254,AE831XP,2026-06-25T23:08:00,2026-06-26T10:32:00,SOJA,VOLCABLE_PTO_2,TERMINAL_EMBARQUE,INGRESO,MovimientosPorContrato_20260626.xlsx,NO_TRUCKFLOW_MATCH
CTG_10133108048,HEH417,2026-06-26T02:01:00,2026-06-26T10:39:00,SOJA,VOLCABLE_PTO_5,TERMINAL_EMBARQUE,INGRESO,MovimientosPorContrato_20260626.xlsx,NO_TRUCKFLOW_MATCH
CTG_10133118764,KPK534,2026-06-25T23:50:00,2026-06-26T10:41:00,MAIZ,CELDA_171_-_CENTRO,AVELLANEDA,INGRESO,MovimientosPorContrato_20260626.xlsx,NO_TRUCKFLOW_MATCH
CTG_10133136001,RFG066,2026-06-25T23:10:00,2026-06-26T10:42:00,SOJA,VOLCABLE_PTO_3,TERMINAL_EMBARQUE,INGRESO,MovimientosPorContrato_20260626.xlsx,NO_TRUCKFLOW_MATCH
COMPROB_000301064980,HWU967,2026-06-26T10:27:00,2026-06-26T10:50:00,RESIDUOS ASIMILABLES A DOMICILIARIOS,,RICARDONE,EGRESO,MovimientosPorContrato_20260626.xlsx,NO_TRUCKFLOW_MATCH
CTG_10133111978,MIA754,2026-06-25T23:06:00,2026-06-26T10:51:00,SOJA,VOLCABLE_PTO_2,TERMINAL_EMBARQUE,INGRESO,MovimientosPorContrato_20260626.xlsx,NO_TRUCKFLOW_MATCH
CTG_10133108081,FAC188,2026-06-26T02:02:00,2026-06-26T10:52:00,SOJA,VOLCABLE_PTO_5,TERMINAL_EMBARQUE,INGRESO,MovimientosPorContrato_20260626.xlsx,NO_TRUCKFLOW_MATCH
CTG_10233131978,AC736ZA,2026-06-25T23:07:00,2026-06-26T10:53:00,SOJA,VOLCABLE_PTO_3,TERMINAL_EMBARQUE,INGRESO,MovimientosPorContrato_20260626.xlsx,NO_TRUCKFLOW_MATCH
COMPROB_000200430717,RER788,2026-06-26T10:38:00,2026-06-26T10:56:00,CHIP DE PINO,PLAYA_LEÑA_Y_CHIP,AVELLANEDA,INGRESO,MovimientosPorContrato_20260626.xlsx,NO_TRUCKFLOW_MATCH
CTG_10233118335,AC902LH,2026-06-25T23:17:00,2026-06-26T10:56:00,SOJA,VOLCABLE_PTO_2,TERMINAL_EMBARQUE,INGRESO,MovimientosPorContrato_20260626.xlsx,NO_TRUCKFLOW_MATCH
COMPROB_000400418859,MKA348,2026-06-25T22:25:00,2026-06-26T10:58:00,AC GIRASOL OLEICO REFINADO,ACEITE_OSL,TERMINAL_EMBARQUE,EGRESO,MovimientosPorContrato_20260626.xlsx,NO_TRUCKFLOW_MATCH
CTG_10233137241,VWB354,2026-06-25T23:29:00,2026-06-26T11:00:00,SOJA,VOLCABLE_PTO_3,TERMINAL_EMBARQUE,INGRESO,MovimientosPorContrato_20260626.xlsx,NO_TRUCKFLOW_MATCH
COMPROB_000200319641,AF491NA,2026-06-26T09:40:00,2026-06-26T11:00:00,ALCOHOL ETILICO ANHIDRO P/ BIOCOMB ORIG CEREAL,T1002,AVELLANEDA,EGRESO,MovimientosPorContrato_20260626.xlsx,NO_TRUCKFLOW_MATCH
CTG_10133112532,AH541GM,2026-06-26T02:57:00,2026-06-26T11:01:00,SOJA,VOLCABLE_PTO_5,TERMINAL_EMBARQUE,INGRESO,MovimientosPorContrato_20260626.xlsx,NO_TRUCKFLOW_MATCH
COMPROB_000400418860,KZA683,2026-06-26T09:47:00,2026-06-26T11:02:00,BARRIDO DE MERCADERIA,,TERMINAL_EMBARQUE,EGRESO,MovimientosPorContrato_20260626.xlsx,NO_TRUCKFLOW_MATCH
CTG_10133115602,ELI288,2026-06-25T23:34:00,2026-06-26T11:05:00,SOJA,VOLCABLE_PTO_3,TERMINAL_EMBARQUE,INGRESO,MovimientosPorContrato_20260626.xlsx,NO_TRUCKFLOW_MATCH
CTG_10233115881,GQJ028,2026-06-25T23:28:00,2026-06-26T11:07:00,SOJA,VOLCABLE_PTO_2,TERMINAL_EMBARQUE,INGRESO,MovimientosPorContrato_20260626.xlsx,NO_TRUCKFLOW_MATCH
CTG_10233135148,BVG073,2026-06-25T23:42:00,2026-06-26T11:10:00,SOJA,VOLCABLE_PTO_3,TERMINAL_EMBARQUE,INGRESO,MovimientosPorContrato_20260626.xlsx,NO_TRUCKFLOW_MATCH
CTG_10133100570,OJY527,2026-06-26T01:07:00,2026-06-26T11:10:00,MAIZ,CELDA_171_-_CENTRO,AVELLANEDA,INGRESO,MovimientosPorContrato_20260626.xlsx,NO_TRUCKFLOW_MATCH
CTG_10133105806,EDZ183,2026-06-26T02:58:00,2026-06-26T11:11:00,SOJA,VOLCABLE_PTO_5,TERMINAL_EMBARQUE,INGRESO,MovimientosPorContrato_20260626.xlsx,NO_TRUCKFLOW_MATCH
CTG_10133137636,JJQ977,2026-06-25T23:41:00,2026-06-26T11:15:00,SOJA,VOLCABLE_PTO_2,TERMINAL_EMBARQUE,INGRESO,MovimientosPorContrato_20260626.xlsx,NO_TRUCKFLOW_MATCH
CTG_10133137633,WIY777,2026-06-25T23:40:00,2026-06-26T11:17:00,SOJA,VOLCABLE_PTO_5,TERMINAL_EMBARQUE,INGRESO,MovimientosPorContrato_20260626.xlsx,NO_TRUCKFLOW_MATCH
CTG_10133097278,AE110XZ,2026-06-26T00:15:00,2026-06-26T11:19:00,SOJA,VOLCABLE_PTO_2,TERMINAL_EMBARQUE,INGRESO,MovimientosPorContrato_20260626.xlsx,NO_TRUCKFLOW_MATCH
COMPROB_000400418861,FDX990,2026-06-25T22:39:00,2026-06-26T11:20:00,AC GIRASOL OLEICO REFINADO,ACEITE_OSL,TERMINAL_EMBARQUE,EGRESO,MovimientosPorContrato_20260626.xlsx,NO_TRUCKFLOW_MATCH
CTG_10133137639,TTU716,2026-06-25T23:39:00,2026-06-26T11:22:00,SOJA,VOLCABLE_PTO_3,TERMINAL_EMBARQUE,INGRESO,MovimientosPorContrato_20260626.xlsx,NO_TRUCKFLOW_MATCH
CTG_10133136605,LNY586,2026-06-25T23:42:00,2026-06-26T11:24:00,SOJA,VOLCABLE_PTO_5,TERMINAL_EMBARQUE,INGRESO,MovimientosPorContrato_20260626.xlsx,NO_TRUCKFLOW_MATCH
COMPROB_000400418862,DON372,2026-06-26T11:16:00,2026-06-26T11:27:00,RESIDUOS ASIMILABLES A DOMICILIARIOS,,TERMINAL_EMBARQUE,EGRESO,MovimientosPorContrato_20260626.xlsx,NO_TRUCKFLOW_MATCH
CTG_10133128513,AD213YZ,2026-06-26T01:08:00,2026-06-26T11:27:00,MAIZ,CELDA_171_-_CENTRO,AVELLANEDA,INGRESO,MovimientosPorContrato_20260626.xlsx,NO_TRUCKFLOW_MATCH
CTG_10133123532,MJT674,2026-06-25T23:51:00,2026-06-26T11:29:00,SOJA,VOLCABLE_PTO_3,TERMINAL_EMBARQUE,INGRESO,MovimientosPorContrato_20260626.xlsx,NO_TRUCKFLOW_MATCH
CTG_10133093834,INL012,2026-06-26T00:03:00,2026-06-26T11:30:00,SOJA,VOLCABLE_PTO_5,TERMINAL_EMBARQUE,INGRESO,MovimientosPorContrato_20260626.xlsx,NO_TRUCKFLOW_MATCH
CTG_10133130426,AF650SA,2026-06-25T23:48:00,2026-06-26T11:34:00,SOJA,VOLCABLE_PTO_2,TERMINAL_EMBARQUE,INGRESO,MovimientosPorContrato_20260626.xlsx,NO_TRUCKFLOW_MATCH
CTG_10233134982,AH091TC,2026-06-26T00:36:00,2026-06-26T11:37:00,SOJA,VOLCABLE_PTO_2,TERMINAL_EMBARQUE,INGRESO,MovimientosPorContrato_20260626.xlsx,NO_TRUCKFLOW_MATCH
CTG_10233132605,DNN624,2026-06-26T00:26:00,2026-06-26T11:40:00,SOJA,VOLCABLE_PTO_5,TERMINAL_EMBARQUE,INGRESO,MovimientosPorContrato_20260626.xlsx,NO_TRUCKFLOW_MATCH
CTG_10233134807,FXO742,2026-06-26T00:37:00,2026-06-26T11:43:00,SOJA,VOLCABLE_PTO_2,TERMINAL_EMBARQUE,INGRESO,MovimientosPorContrato_20260626.xlsx,NO_TRUCKFLOW_MATCH
CTG_10233109658,AC022JJ,2026-06-26T00:24:00,2026-06-26T11:44:00,SOJA,VOLCABLE_PTO_3,TERMINAL_EMBARQUE,INGRESO,MovimientosPorContrato_20260626.xlsx,NO_TRUCKFLOW_MATCH
COMPROB_000400418863,UAJ766,2026-06-26T10:37:00,2026-06-26T11:44:00,PRODUCTOS VARIOS,,TERMINAL_EMBARQUE,EGRESO,MovimientosPorContrato_20260626.xlsx,NO_TRUCKFLOW_MATCH
CTG_10233133798,AA756JI,2026-06-26T00:56:00,2026-06-26T11:46:00,SOJA,VOLCABLE_PTO_5,TERMINAL_EMBARQUE,INGRESO,MovimientosPorContrato_20260626.xlsx,NO_TRUCKFLOW_MATCH
CTG_10133124855,AB362FR,2026-06-26T01:27:00,2026-06-26T11:47:00,SOJA,VOLCABLE_PTO_2,TERMINAL_EMBARQUE,INGRESO,MovimientosPorContrato_20260626.xlsx,NO_TRUCKFLOW_MATCH
CTG_10133121476,CQN945,2026-06-26T00:34:00,2026-06-26T11:50:00,SOJA,VOLCABLE_PTO_3,TERMINAL_EMBARQUE,INGRESO,MovimientosPorContrato_20260626.xlsx,NO_TRUCKFLOW_MATCH
COMPROB_000400418864,OFG785,2026-06-25T23:02:00,2026-06-26T11:51:00,AC GIRASOL OLEICO REFINADO,ACEITE_OSL,TERMINAL_EMBARQUE,EGRESO,MovimientosPorContrato_20260626.xlsx,NO_TRUCKFLOW_MATCH
CTG_10133136732,AC434NR,2026-06-26T01:27:00,2026-06-26T11:52:00,SOJA,VOLCABLE_PTO_3,TERMINAL_EMBARQUE,INGRESO,MovimientosPorContrato_20260626.xlsx,NO_TRUCKFLOW_MATCH
CTG_10233120739,LQL832,2026-06-26T01:07:00,2026-06-26T11:54:00,SOJA,VOLCABLE_PTO_5,TERMINAL_EMBARQUE,INGRESO,MovimientosPorContrato_20260626.xlsx,NO_TRUCKFLOW_MATCH
CTG_10133139295,AA613XP,2026-06-26T01:43:00,2026-06-26T11:55:00,SOJA,VOLCABLE_PTO_2,TERMINAL_EMBARQUE,INGRESO,MovimientosPorContrato_20260626.xlsx,NO_TRUCKFLOW_MATCH
CTG_10233110720,AH943WE,2026-06-26T01:51:00,2026-06-26T11:58:00,SOJA,VOLCABLE_PTO_3,TERMINAL_EMBARQUE,INGRESO,MovimientosPorContrato_20260626.xlsx,NO_TRUCKFLOW_MATCH
CTG_10133121568,MFK744,2026-06-26T01:03:00,2026-06-26T12:02:00,SOJA,VOLCABLE_PTO_5,TERMINAL_EMBARQUE,INGRESO,MovimientosPorContrato_20260626.xlsx,NO_TRUCKFLOW_MATCH
CTG_10133134164,AF143SP,2026-06-26T01:59:00,2026-06-26T12:03:00,SOJA,VOLCABLE_PTO_2,TERMINAL_EMBARQUE,INGRESO,MovimientosPorContrato_20260626.xlsx,NO_TRUCKFLOW_MATCH
CTG_10133134443,SSE613,2026-06-26T03:26:00,2026-06-26T12:07:00,SOJA,VOLCABLE_PTO_2,TERMINAL_EMBARQUE,INGRESO,MovimientosPorContrato_20260626.xlsx,NO_TRUCKFLOW_MATCH
CTG_10233137961,HJO351,2026-06-26T03:36:00,2026-06-26T12:08:00,SOJA,VOLCABLE_PTO_3,TERMINAL_EMBARQUE,INGRESO,MovimientosPorContrato_20260626.xlsx,NO_TRUCKFLOW_MATCH
COMPROB_000200430720,CJP948,2026-06-26T05:31:00,2026-06-26T12:09:00,LEÑA CORTA SELECC,PLAYA_LEÑA_Y_CHIP,AVELLANEDA,INGRESO,MovimientosPorContrato_20260626.xlsx,NO_TRUCKFLOW_MATCH
COMPROB_000200319642,AH323XW,2026-06-26T09:49:00,2026-06-26T12:12:00,ALCOHOL ETILICO ANHIDRO P/ BIOCOMB ORIG CEREAL,T1002,AVELLANEDA,EGRESO,MovimientosPorContrato_20260626.xlsx,NO_TRUCKFLOW_MATCH
CTG_10133134098,AA377VP,2026-06-26T03:27:00,2026-06-26T12:14:00,SOJA,VOLCABLE_PTO_3,TERMINAL_EMBARQUE,INGRESO,MovimientosPorContrato_20260626.xlsx,NO_TRUCKFLOW_MATCH
CTG_10133118414,AE239BC,2026-06-26T01:16:00,2026-06-26T12:15:00,MAIZ,CELDA_171_-_CENTRO,AVELLANEDA,INGRESO,MovimientosPorContrato_20260626.xlsx,NO_TRUCKFLOW_MATCH
CTG_10133115424,AC146AB,2026-06-26T04:19:00,2026-06-26T12:15:00,SOJA,VOLCABLE_PTO_5,TERMINAL_EMBARQUE,INGRESO,MovimientosPorContrato_20260626.xlsx,NO_TRUCKFLOW_MATCH
COMPROB_000400418865,AGR963,2026-06-26T00:10:00,2026-06-26T12:17:00,AC GIRASOL OLEICO REFINADO,ACEITE_OSL,TERMINAL_EMBARQUE,EGRESO,MovimientosPorContrato_20260626.xlsx,NO_TRUCKFLOW_MATCH
CTG_10233128994,AH477UQ,2026-06-26T02:09:00,2026-06-26T12:18:00,SOJA,VOLCABLE_PTO_3,TERMINAL_EMBARQUE,INGRESO,MovimientosPorContrato_20260626.xlsx,NO_TRUCKFLOW_MATCH
CTG_10133124626,AH448EA,2026-06-26T04:12:00,2026-06-26T12:21:00,SOJA,VOLCABLE_PTO_2,TERMINAL_EMBARQUE,INGRESO,MovimientosPorContrato_20260626.xlsx,NO_TRUCKFLOW_MATCH
CTG_10233131382,AE767SJ,2026-06-26T06:00:00,2026-06-26T12:24:00,SOJA,VOLCABLE_PTO_3,TERMINAL_EMBARQUE,INGRESO,MovimientosPorContrato_20260626.xlsx,NO_TRUCKFLOW_MATCH
CTG_10133103045,MPK229,2026-06-26T01:22:00,2026-06-26T12:25:00,SOJA,VOLCABLE_PTO_5,TERMINAL_EMBARQUE,INGRESO,MovimientosPorContrato_20260626.xlsx,NO_TRUCKFLOW_MATCH
CTG_10233109923,AC177GJ,2026-06-26T07:25:00,2026-06-26T12:30:00,SOJA,VOLCABLE_PTO_2,TERMINAL_EMBARQUE,INGRESO,MovimientosPorContrato_20260626.xlsx,NO_TRUCKFLOW_MATCH
CTG_10133115464,FZM340,2026-06-26T03:18:00,2026-06-26T12:31:00,SOJA,VOLCABLE_PTO_2,TERMINAL_EMBARQUE,INGRESO,MovimientosPorContrato_20260626.xlsx,NO_TRUCKFLOW_MATCH
CTG_10133124529,FFX271,2026-06-26T05:43:00,2026-06-26T12:32:00,SOJA,VOLCABLE_PTO_3,TERMINAL_EMBARQUE,INGRESO,MovimientosPorContrato_20260626.xlsx,NO_TRUCKFLOW_MATCH
CTG_10133130479,JPS537,2026-06-26T01:34:00,2026-06-26T12:34:00,MAIZ,CELDA_171_-_CENTRO,AVELLANEDA,INGRESO,MovimientosPorContrato_20260626.xlsx,NO_TRUCKFLOW_MATCH
CTG_10133134724,AI097YF,2026-06-26T07:27:00,2026-06-26T12:35:00,SOJA,VOLCABLE_PTO_3,TERMINAL_EMBARQUE,INGRESO,MovimientosPorContrato_20260626.xlsx,NO_TRUCKFLOW_MATCH
COMPROB_000400418866,AD887XZ,2026-06-26T00:56:00,2026-06-26T12:36:00,AC GIRASOL OLEICO REFINADO,ACEITE_OSL,TERMINAL_EMBARQUE,EGRESO,MovimientosPorContrato_20260626.xlsx,NO_TRUCKFLOW_MATCH
COMPROB_000400418867,HWU967,2026-06-26T12:11:00,2026-06-26T12:38:00,RESIDUOS ASIMILABLES A DOMICILIARIOS,,TERMINAL_EMBARQUE,EGRESO,MovimientosPorContrato_20260626.xlsx,NO_TRUCKFLOW_MATCH
CTG_10133135187,ASW792,2026-06-26T04:28:00,2026-06-26T12:48:00,SOJA,VOLCABLE_PTO_2,TERMINAL_EMBARQUE,INGRESO,MovimientosPorContrato_20260626.xlsx,NO_TRUCKFLOW_MATCH
CTG_10233111408,FZR365,2026-06-25T14:22:00,2026-06-26T12:50:00,SOJA,VOLCABLE_PTO_2,TERMINAL_EMBARQUE,INGRESO,MovimientosPorContrato_20260626.xlsx,NO_TRUCKFLOW_MATCH
CTG_10133138725,EQP265,2026-06-26T07:30:00,2026-06-26T12:51:00,SOJA,VOLCABLE_PTO_3,TERMINAL_EMBARQUE,INGRESO,MovimientosPorContrato_20260626.xlsx,NO_TRUCKFLOW_MATCH
COMPROB_000404032671,OIR977,2026-06-26T11:05:00,2026-06-26T12:52:00,PRODUCTOS VARIOS,,TERMINAL_EMBARQUE,INGRESO,MovimientosPorContrato_20260626.xlsx,NO_TRUCKFLOW_MATCH
CTG_10133115832,AA332EK,2026-06-26T07:31:00,2026-06-26T12:54:00,SOJA,VOLCABLE_PTO_3,TERMINAL_EMBARQUE,INGRESO,MovimientosPorContrato_20260626.xlsx,NO_TRUCKFLOW_MATCH
CTG_10133126569,LIA276,2026-06-26T01:36:00,2026-06-26T12:58:00,MAIZ,CELDA_171_-_CENTRO,AVELLANEDA,INGRESO,MovimientosPorContrato_20260626.xlsx,NO_TRUCKFLOW_MATCH
COMPROB_000301457424,UAJ766,2026-06-26T12:10:00,2026-06-26T12:59:00,PRODUCTOS VARIOS,VARIOS,RICARDONE,INGRESO,MovimientosPorContrato_20260626.xlsx,NO_TRUCKFLOW_MATCH
COMPROB_000400418868,UUH077,2026-06-26T02:14:00,2026-06-26T12:59:00,AC GIRASOL OLEICO REFINADO,ACEITE_OSL,TERMINAL_EMBARQUE,EGRESO,MovimientosPorContrato_20260626.xlsx,NO_TRUCKFLOW_MATCH
CTG_10133115079,AE133TT,2026-06-26T08:02:00,2026-06-26T13:02:00,SOJA,VOLCABLE_PTO_3,TERMINAL_EMBARQUE,INGRESO,MovimientosPorContrato_20260626.xlsx,NO_TRUCKFLOW_MATCH
CTG_10233109763,OIX640,2026-06-26T08:08:00,2026-06-26T13:05:00,SOJA,VOLCABLE_PTO_3,TERMINAL_EMBARQUE,INGRESO,MovimientosPorContrato_20260626.xlsx,NO_TRUCKFLOW_MATCH
COMPROB_000301064981,UAJ766,2026-06-26T13:00:00,2026-06-26T13:12:00,PRODUCTOS VARIOS,VARIOS,RICARDONE,EGRESO,MovimientosPorContrato_20260626.xlsx,NO_TRUCKFLOW_MATCH
COMPROB_000400418869,HWU967,2026-06-26T12:45:00,2026-06-26T13:15:00,RESIDUOS ASIMILABLES A DOMICILIARIOS,,TERMINAL_EMBARQUE,EGRESO,MovimientosPorContrato_20260626.xlsx,NO_TRUCKFLOW_MATCH
COMPROB_000400418870,AE374FK,2026-06-26T12:14:00,2026-06-26T13:16:00,PRODUCTOS VARIOS,,TERMINAL_EMBARQUE,EGRESO,MovimientosPorContrato_20260626.xlsx,NO_TRUCKFLOW_MATCH
CTG_10133111891,AF070VV,2026-06-26T09:13:00,2026-06-26T13:17:00,SOJA,VOLCABLE_PTO_5,TERMINAL_EMBARQUE,INGRESO,MovimientosPorContrato_20260626.xlsx,NO_TRUCKFLOW_MATCH
CTG_10133127530,DCE734,2026-06-26T01:46:00,2026-06-26T13:21:00,MAIZ,CELDA_171_-_CENTRO,AVELLANEDA,INGRESO,MovimientosPorContrato_20260626.xlsx,NO_TRUCKFLOW_MATCH
CTG_10133136066,AG807KT,2026-06-26T07:26:00,2026-06-26T13:22:00,SOJA,VOLCABLE_PTO_2,TERMINAL_EMBARQUE,INGRESO,MovimientosPorContrato_20260626.xlsx,NO_TRUCKFLOW_MATCH
CTG_10133135711,CWT181,2026-06-26T10:04:00,2026-06-26T13:25:00,SOJA,VOLCABLE_PTO_5,TERMINAL_EMBARQUE,INGRESO,MovimientosPorContrato_20260626.xlsx,NO_TRUCKFLOW_MATCH
CTG_10133134933,AD438ON,2026-06-26T08:45:00,2026-06-26T13:27:00,SOJA,VOLCABLE_PTO_3,TERMINAL_EMBARQUE,INGRESO,MovimientosPorContrato_20260626.xlsx,NO_TRUCKFLOW_MATCH
CTG_10133135056,AI048HE,2026-06-26T09:08:00,2026-06-26T13:34:00,SOJA,VOLCABLE_PTO_3,TERMINAL_EMBARQUE,INGRESO,MovimientosPorContrato_20260626.xlsx,NO_TRUCKFLOW_MATCH
CTG_10133134133,KKK300,2026-06-26T05:28:00,2026-06-26T13:35:00,SOJA,VOLCABLE_PTO_5,TERMINAL_EMBARQUE,INGRESO,MovimientosPorContrato_20260626.xlsx,NO_TRUCKFLOW_MATCH
CTG_10133114686,AE133TU,2026-06-26T09:00:00,2026-06-26T13:39:00,SOJA,VOLCABLE_PTO_3,TERMINAL_EMBARQUE,INGRESO,MovimientosPorContrato_20260626.xlsx,NO_TRUCKFLOW_MATCH
COMPROB_000400418871,KWO040,2026-06-26T08:05:00,2026-06-26T13:43:00,AC GIRASOL OLEICO REFINADO,ACEITE_OSL,TERMINAL_EMBARQUE,EGRESO,MovimientosPorContrato_20260626.xlsx,NO_TRUCKFLOW_MATCH
CTG_10133131301,AE793NM,2026-06-26T01:20:00,2026-06-26T13:46:00,MAIZ,CELDA_171_-_CENTRO,AVELLANEDA,INGRESO,MovimientosPorContrato_20260626.xlsx,NO_TRUCKFLOW_MATCH
CTG_10233137601,AC277DE,2026-06-26T06:11:00,2026-06-26T13:47:00,SOJA,VOLCABLE_PTO_2,TERMINAL_EMBARQUE,INGRESO,MovimientosPorContrato_20260626.xlsx,NO_TRUCKFLOW_MATCH
CTG_10233117641,EPY482,2026-06-26T09:30:00,2026-06-26T13:52:00,SOJA,VOLCABLE_PTO_3,TERMINAL_EMBARQUE,INGRESO,MovimientosPorContrato_20260626.xlsx,NO_TRUCKFLOW_MATCH
CTG_10133119200,AF337YL,2026-06-26T09:23:00,2026-06-26T13:53:00,SOJA,VOLCABLE_PTO_2,TERMINAL_EMBARQUE,INGRESO,MovimientosPorContrato_20260626.xlsx,NO_TRUCKFLOW_MATCH
CTG_10133136913,OTA980,2026-06-26T10:30:00,2026-06-26T13:58:00,SOJA,VOLCABLE_PTO_2,TERMINAL_EMBARQUE,INGRESO,MovimientosPorContrato_20260626.xlsx,NO_TRUCKFLOW_MATCH
COMPROB_000200319643,VVVVV,2026-06-26T13:59:00,2026-06-26T13:59:00,ALCOHOL ETILICO DESNATURALIZADO OTROS USOS,,AVELLANEDA,EGRESO,MovimientosPorContrato_20260626.xlsx,NO_TRUCKFLOW_MATCH
CTG_10133124357,EKW429,2026-06-26T08:07:00,2026-06-26T14:00:00,SOJA,VOLCABLE_PTO_3,TERMINAL_EMBARQUE,INGRESO,MovimientosPorContrato_20260626.xlsx,NO_TRUCKFLOW_MATCH
COMPROB_000404032687,UAJ766,2026-06-26T13:31:00,2026-06-26T14:01:00,PRODUCTOS VARIOS,,TERMINAL_EMBARQUE,INGRESO,MovimientosPorContrato_20260626.xlsx,NO_TRUCKFLOW_MATCH
CTG_10133138163,EKD012,2026-06-26T12:56:00,2026-06-26T14:03:00,GIRASOL,VOLCABLE_1,RICARDONE,INGRESO,MovimientosPorContrato_20260626.xlsx,NO_TRUCKFLOW_MATCH
COMPROB_000400418872,CDF727,2026-06-26T10:34:00,2026-06-26T14:10:00,AC GIRASOL OLEICO REFINADO,ACEITE_OSL,TERMINAL_EMBARQUE,EGRESO,MovimientosPorContrato_20260626.xlsx,NO_TRUCKFLOW_MATCH
CTG_10133124733,AVU577,2026-06-26T09:34:00,2026-06-26T14:12:00,SOJA,VOLCABLE_PTO_3,TERMINAL_EMBARQUE,INGRESO,MovimientosPorContrato_20260626.xlsx,NO_TRUCKFLOW_MATCH
CTG_10133136666,AH913IW,2026-06-26T09:37:00,2026-06-26T14:17:00,SOJA,VOLCABLE_PTO_3,TERMINAL_EMBARQUE,INGRESO,MovimientosPorContrato_20260626.xlsx,NO_TRUCKFLOW_MATCH
COMPROB_000400418873,JIA232,2026-06-26T10:23:00,2026-06-26T14:20:00,TIERRA DESC FILTROS,,TERMINAL_EMBARQUE,EGRESO,MovimientosPorContrato_20260626.xlsx,NO_TRUCKFLOW_MATCH
CTG_10233146839,AH678IJ,2026-06-26T11:39:00,2026-06-26T14:21:00,SOJA,VOLCABLE_PTO_3,TERMINAL_EMBARQUE,INGRESO,MovimientosPorContrato_20260626.xlsx,NO_TRUCKFLOW_MATCH
CTG_10133136728,AH913IX,2026-06-26T09:36:00,2026-06-26T14:23:00,SOJA,VOLCABLE_PTO_2,TERMINAL_EMBARQUE,INGRESO,MovimientosPorContrato_20260626.xlsx,NO_TRUCKFLOW_MATCH
CTG_10133130899,WTE287,2026-06-26T01:49:00,2026-06-26T14:24:00,MAIZ,CELDA_171_-_CENTRO,AVELLANEDA,INGRESO,MovimientosPorContrato_20260626.xlsx,NO_TRUCKFLOW_MATCH
COMPROB_000404032692,AG406UJ,2026-06-26T10:23:00,2026-06-26T14:27:00,SOLVENTE HEXANO,,TERMINAL_EMBARQUE,INGRESO,MovimientosPorContrato_20260626.xlsx,NO_TRUCKFLOW_MATCH
CTG_10133136525,GJH085,2026-06-26T10:42:00,2026-06-26T14:28:00,SOJA,VOLCABLE_PTO_3,TERMINAL_EMBARQUE,INGRESO,MovimientosPorContrato_20260626.xlsx,NO_TRUCKFLOW_MATCH
COMPROB_000301064982,UAJ766,2026-06-26T14:12:00,2026-06-26T14:28:00,PRODUCTOS VARIOS,VARIOS,RICARDONE,EGRESO,MovimientosPorContrato_20260626.xlsx,NO_TRUCKFLOW_MATCH
CTG_10233116568,AE996CE,2026-06-26T10:57:00,2026-06-26T14:30:00,SOJA,VOLCABLE_PTO_3,TERMINAL_EMBARQUE,INGRESO,MovimientosPorContrato_20260626.xlsx,NO_TRUCKFLOW_MATCH
COMPROB_000400418874,LKJ248,2026-06-26T11:06:00,2026-06-26T14:31:00,AC GIRASOL OLEICO REFINADO,ACEITE_OSL,TERMINAL_EMBARQUE,EGRESO,MovimientosPorContrato_20260626.xlsx,NO_TRUCKFLOW_MATCH
CTG_10133128231,AA991YQ,2026-06-26T06:27:00,2026-06-26T14:32:00,SOJA,VOLCABLE_PTO_2,TERMINAL_EMBARQUE,INGRESO,MovimientosPorContrato_20260626.xlsx,NO_TRUCKFLOW_MATCH
CTG_10233147074,AH678II,2026-06-26T11:42:00,2026-06-26T14:34:00,SOJA,VOLCABLE_PTO_2,TERMINAL_EMBARQUE,INGRESO,MovimientosPorContrato_20260626.xlsx,NO_TRUCKFLOW_MATCH
CTG_10233116626,KQE459,2026-06-26T10:44:00,2026-06-26T14:35:00,SOJA,VOLCABLE_PTO_2,TERMINAL_EMBARQUE,INGRESO,MovimientosPorContrato_20260626.xlsx,NO_TRUCKFLOW_MATCH
CTG_10233133511,AG227NB,2026-06-26T10:57:00,2026-06-26T14:36:00,SOJA,VOLCABLE_PTO_3,TERMINAL_EMBARQUE,INGRESO,MovimientosPorContrato_20260626.xlsx,NO_TRUCKFLOW_MATCH
CTG_30033138713,EXR046,2026-06-25T20:26:00,2026-06-26T14:37:00,ACEITE GIRASOL PARA REFINAR,ACEITE_PTO,TERMINAL_EMBARQUE,INGRESO,MovimientosPorContrato_20260626.xlsx,NO_TRUCKFLOW_MATCH
COMPROB_000404032700,NKV269,2026-06-26T13:40:00,2026-06-26T14:41:00,PRODUCTOS VARIOS,,TERMINAL_EMBARQUE,INGRESO,MovimientosPorContrato_20260626.xlsx,NO_TRUCKFLOW_MATCH
CTG_30033140921,SPI351,2026-06-26T07:53:00,2026-06-26T14:42:00,ACEITE GIRASOL PARA REFINAR,ACEITE_PTO,TERMINAL_EMBARQUE,INGRESO,MovimientosPorContrato_20260626.xlsx,NO_TRUCKFLOW_MATCH
COMPROB_000200430727,AI231JD,2026-06-26T04:19:00,2026-06-26T14:43:00,CHIP DE EUCALIPTUS,PLAYA_LEÑA_Y_CHIP,AVELLANEDA,INGRESO,MovimientosPorContrato_20260626.xlsx,NO_TRUCKFLOW_MATCH
COMPROB_000301064983,LFT141,2026-06-25T18:51:00,2026-06-26T14:45:00,PRODUCTOS VARIOS,VARIOS,RICARDONE,EGRESO,MovimientosPorContrato_20260626.xlsx,NO_TRUCKFLOW_MATCH
CTG_10233118069,AD744JI,2026-06-26T10:58:00,2026-06-26T14:45:00,SOJA,VOLCABLE_PTO_2,TERMINAL_EMBARQUE,INGRESO,MovimientosPorContrato_20260626.xlsx,NO_TRUCKFLOW_MATCH
CTG_10233142577,FNK926,2026-06-26T11:10:00,2026-06-26T14:53:00,SOJA,VOLCABLE_PTO_2,TERMINAL_EMBARQUE,INGRESO,MovimientosPorContrato_20260626.xlsx,NO_TRUCKFLOW_MATCH
CTG_10133117337,KGT451,2026-06-26T11:09:00,2026-06-26T14:56:00,SOJA,VOLCABLE_PTO_3,TERMINAL_EMBARQUE,INGRESO,MovimientosPorContrato_20260626.xlsx,NO_TRUCKFLOW_MATCH
COMPROB_000404032705,UAJ766,2026-06-26T14:42:00,2026-06-26T14:57:00,PRODUCTOS VARIOS,,TERMINAL_EMBARQUE,INGRESO,MovimientosPorContrato_20260626.xlsx,NO_TRUCKFLOW_MATCH
CTG_10233143323,AF674YH,2026-06-26T11:27:00,2026-06-26T14:57:00,SOJA,VOLCABLE_PTO_2,TERMINAL_EMBARQUE,INGRESO,MovimientosPorContrato_20260626.xlsx,NO_TRUCKFLOW_MATCH
COMPROB_000400418875,CAA384,2026-06-26T12:18:00,2026-06-26T14:59:00,AC GIRASOL OLEICO REFINADO,ACEITE_OSL,TERMINAL_EMBARQUE,EGRESO,MovimientosPorContrato_20260626.xlsx,NO_TRUCKFLOW_MATCH
CTG_10133129110,MFL833,2026-06-26T03:57:00,2026-06-26T15:03:00,MAIZ,CELDA_171_-_CENTRO,AVELLANEDA,INGRESO,MovimientosPorContrato_20260626.xlsx,NO_TRUCKFLOW_MATCH
CTG_10133136581,FZQ928,2026-06-26T11:09:00,2026-06-26T15:05:00,SOJA,VOLCABLE_PTO_3,TERMINAL_EMBARQUE,INGRESO,MovimientosPorContrato_20260626.xlsx,NO_TRUCKFLOW_MATCH
CTG_10133136528,AH913IT,2026-06-26T11:18:00,2026-06-26T15:11:00,SOJA,VOLCABLE_PTO_2,TERMINAL_EMBARQUE,INGRESO,MovimientosPorContrato_20260626.xlsx,NO_TRUCKFLOW_MATCH
CTG_10133115421,SPI822,2026-06-26T11:33:00,2026-06-26T15:12:00,SOJA,VOLCABLE_PTO_2,TERMINAL_EMBARQUE,INGRESO,MovimientosPorContrato_20260626.xlsx,NO_TRUCKFLOW_MATCH
CTG_10133136614,AH913IS,2026-06-26T11:19:00,2026-06-26T15:13:00,SOJA,VOLCABLE_PTO_3,TERMINAL_EMBARQUE,INGRESO,MovimientosPorContrato_20260626.xlsx,NO_TRUCKFLOW_MATCH
CTG_10133135191,AF170XN,2026-06-26T11:44:00,2026-06-26T15:15:00,SOJA,VOLCABLE_PTO_2,TERMINAL_EMBARQUE,INGRESO,MovimientosPorContrato_20260626.xlsx,NO_TRUCKFLOW_MATCH
COMPROB_000301064984,FEA810,2026-06-26T07:34:00,2026-06-26T15:22:00,RESIDUOS ORG,,RICARDONE,EGRESO,MovimientosPorContrato_20260626.xlsx,NO_TRUCKFLOW_MATCH
CTG_10133134252,AE812QL,2026-06-26T11:34:00,2026-06-26T15:23:00,SOJA,VOLCABLE_PTO_3,TERMINAL_EMBARQUE,INGRESO,MovimientosPorContrato_20260626.xlsx,NO_TRUCKFLOW_MATCH
CTG_10133115628,LFB005,2026-06-26T12:29:00,2026-06-26T15:27:00,SOJA,VOLCABLE_PTO_3,TERMINAL_EMBARQUE,INGRESO,MovimientosPorContrato_20260626.xlsx,NO_TRUCKFLOW_MATCH
CTG_30033141090,ENA722,2026-06-26T08:20:00,2026-06-26T15:28:00,ACEITE GIRASOL PARA REFINAR,ACEITE_PTO,TERMINAL_EMBARQUE,INGRESO,MovimientosPorContrato_20260626.xlsx,NO_TRUCKFLOW_MATCH
CTG_10133139559,IUM283,2026-06-26T11:45:00,2026-06-26T15:29:00,SOJA,VOLCABLE_PTO_2,TERMINAL_EMBARQUE,INGRESO,MovimientosPorContrato_20260626.xlsx,NO_TRUCKFLOW_MATCH
CTG_10233118961,AF324EC,2026-06-26T11:52:00,2026-06-26T15:30:00,SOJA,VOLCABLE_PTO_3,TERMINAL_EMBARQUE,INGRESO,MovimientosPorContrato_20260626.xlsx,NO_TRUCKFLOW_MATCH
CTG_10133129721,MLP211,2026-06-26T03:59:00,2026-06-26T15:36:00,MAIZ,CELDA_171_-_CENTRO,AVELLANEDA,INGRESO,MovimientosPorContrato_20260626.xlsx,NO_TRUCKFLOW_MATCH
CTG_30033140983,AA463TD,2026-06-26T08:01:00,2026-06-26T15:40:00,ACEITE GIRASOL PARA REFINAR,ACEITE_PTO,TERMINAL_EMBARQUE,INGRESO,MovimientosPorContrato_20260626.xlsx,NO_TRUCKFLOW_MATCH
CTG_10133134411,HCZ547,2026-06-26T11:55:00,2026-06-26T15:41:00,SOJA,VOLCABLE_PTO_3,TERMINAL_EMBARQUE,INGRESO,MovimientosPorContrato_20260626.xlsx,NO_TRUCKFLOW_MATCH
CTG_10133147533,GNZ129,2026-06-26T11:43:00,2026-06-26T15:41:00,SOJA,VOLCABLE_PTO_2,TERMINAL_EMBARQUE,INGRESO,MovimientosPorContrato_20260626.xlsx,NO_TRUCKFLOW_MATCH
CTG_10133147691,HMV456,2026-06-26T11:48:00,2026-06-26T15:42:00,SOJA,VOLCABLE_PTO_2,TERMINAL_EMBARQUE,INGRESO,MovimientosPorContrato_20260626.xlsx,NO_TRUCKFLOW_MATCH
CTG_10133139735,AG639OD,2026-06-26T14:20:00,2026-06-26T15:47:00,GIRASOL,VOLCABLE_1,RICARDONE,INGRESO,MovimientosPorContrato_20260626.xlsx,NO_TRUCKFLOW_MATCH
CTG_10133139037,AD656EW,2026-06-26T12:15:00,2026-06-26T15:47:00,SOJA,VOLCABLE_PTO_3,TERMINAL_EMBARQUE,INGRESO,MovimientosPorContrato_20260626.xlsx,NO_TRUCKFLOW_MATCH
CTG_10133137641,AA544XJ,2026-06-26T11:54:00,2026-06-26T15:50:00,SOJA,VOLCABLE_PTO_2,TERMINAL_EMBARQUE,INGRESO,MovimientosPorContrato_20260626.xlsx,NO_TRUCKFLOW_MATCH
CTG_10133143257,EIS571,2026-06-26T09:26:00,2026-06-26T15:51:00,MAIZ,CELDA_171_-_CENTRO,AVELLANEDA,INGRESO,MovimientosPorContrato_20260626.xlsx,NO_TRUCKFLOW_MATCH
CTG_10133131979,AE930BL,2026-06-26T12:24:00,2026-06-26T15:55:00,SOJA,VOLCABLE_PTO_3,TERMINAL_EMBARQUE,INGRESO,MovimientosPorContrato_20260626.xlsx,NO_TRUCKFLOW_MATCH
CTG_10233144462,MID428,2026-06-26T12:16:00,2026-06-26T15:58:00,SOJA,VOLCABLE_PTO_2,TERMINAL_EMBARQUE,INGRESO,MovimientosPorContrato_20260626.xlsx,NO_TRUCKFLOW_MATCH
CTG_10233145784,ABA272,2026-06-26T12:18:00,2026-06-26T16:00:00,SOJA,VOLCABLE_PTO_2,TERMINAL_EMBARQUE,INGRESO,MovimientosPorContrato_20260626.xlsx,NO_TRUCKFLOW_MATCH
CTG_10133134215,AE437OA,2026-06-26T12:48:00,2026-06-26T16:01:00,SOJA,VOLCABLE_PTO_3,TERMINAL_EMBARQUE,INGRESO,MovimientosPorContrato_20260626.xlsx,NO_TRUCKFLOW_MATCH
COMPROB_000400418876,ROO085,2026-06-26T13:10:00,2026-06-26T16:04:00,ACEITE SOJA CRUDO DESGOMADO,,TERMINAL_EMBARQUE,EGRESO,MovimientosPorContrato_20260626.xlsx,NO_TRUCKFLOW_MATCH
CTG_10133146657,AC831XO,2026-06-26T13:18:00,2026-06-26T16:09:00,SOJA,VOLCABLE_PTO_2,TERMINAL_EMBARQUE,INGRESO,MovimientosPorContrato_20260626.xlsx,NO_TRUCKFLOW_MATCH
CTG_10233148607,JDT186,2026-06-26T12:57:00,2026-06-26T16:10:00,SOJA,VOLCABLE_PTO_3,TERMINAL_EMBARQUE,INGRESO,MovimientosPorContrato_20260626.xlsx,NO_TRUCKFLOW_MATCH
COMPROB_000400418877,GFL685,2026-06-26T12:09:00,2026-06-26T16:12:00,ACEITE SOJA CRUDO DESGOMADO,,TERMINAL_EMBARQUE,EGRESO,MovimientosPorContrato_20260626.xlsx,NO_TRUCKFLOW_MATCH
CTG_10133130145,JCW082,2026-06-26T04:09:00,2026-06-26T16:18:00,MAIZ,CELDA_171_-_CENTRO,AVELLANEDA,INGRESO,MovimientosPorContrato_20260626.xlsx,NO_TRUCKFLOW_MATCH
CTG_10133147551,AA920SG,2026-06-26T13:22:00,2026-06-26T16:18:00,SOJA,VOLCABLE_PTO_3,TERMINAL_EMBARQUE,INGRESO,MovimientosPorContrato_20260626.xlsx,NO_TRUCKFLOW_MATCH
COMPROB_000200319644,AA118XA,2026-06-26T15:50:00,2026-06-26T16:20:00,DDG BURLANDA SECA DE MAIZ SIN SOLUBLES,DEPOSITO_BURLANDAS,AVELLANEDA,EGRESO,MovimientosPorContrato_20260626.xlsx,NO_TRUCKFLOW_MATCH
CTG_10133147613,KDK364,2026-06-26T12:56:00,2026-06-26T16:20:00,SOJA,VOLCABLE_PTO_2,TERMINAL_EMBARQUE,INGRESO,MovimientosPorContrato_20260626.xlsx,NO_TRUCKFLOW_MATCH
CTG_10133146806,AE719XB,2026-06-26T13:22:00,2026-06-26T16:21:00,SOJA,VOLCABLE_PTO_2,TERMINAL_EMBARQUE,INGRESO,MovimientosPorContrato_20260626.xlsx,NO_TRUCKFLOW_MATCH
CTG_10133145252,CEI934,2026-06-26T13:23:00,2026-06-26T16:22:00,SOJA,VOLCABLE_PTO_3,TERMINAL_EMBARQUE,INGRESO,MovimientosPorContrato_20260626.xlsx,NO_TRUCKFLOW_MATCH
COMPROB_000400418878,AE808WD,2026-06-26T09:04:00,2026-06-26T16:27:00,RESIDUOS ORG,,TERMINAL_EMBARQUE,EGRESO,MovimientosPorContrato_20260626.xlsx,NO_TRUCKFLOW_MATCH
CTG_30033141239,JTT879,2026-06-26T08:45:00,2026-06-26T16:29:00,ACEITE GIRASOL PARA REFINAR,ACEITE_PTO,TERMINAL_EMBARQUE,INGRESO,MovimientosPorContrato_20260626.xlsx,NO_TRUCKFLOW_MATCH
CTG_10133145606,EJC153,2026-06-26T13:24:00,2026-06-26T16:29:00,SOJA,VOLCABLE_PTO_2,TERMINAL_EMBARQUE,INGRESO,MovimientosPorContrato_20260626.xlsx,NO_TRUCKFLOW_MATCH
CTG_10233145651,NPJ737,2026-06-26T13:27:00,2026-06-26T16:30:00,SOJA,VOLCABLE_PTO_3,TERMINAL_EMBARQUE,INGRESO,MovimientosPorContrato_20260626.xlsx,NO_TRUCKFLOW_MATCH
COMPROB_000400418879,VZO116,2026-06-26T13:11:00,2026-06-26T16:31:00,ACEITE SOJA CRUDO DESGOMADO,,TERMINAL_EMBARQUE,EGRESO,MovimientosPorContrato_20260626.xlsx,NO_TRUCKFLOW_MATCH
CTG_10233145836,NPJ735,2026-06-26T13:28:00,2026-06-26T16:32:00,SOJA,VOLCABLE_PTO_3,TERMINAL_EMBARQUE,INGRESO,MovimientosPorContrato_20260626.xlsx,NO_TRUCKFLOW_MATCH
CTG_10133139649,AF063WD,2026-06-26T13:30:00,2026-06-26T16:33:00,SOJA,VOLCABLE_PTO_2,TERMINAL_EMBARQUE,INGRESO,MovimientosPorContrato_20260626.xlsx,NO_TRUCKFLOW_MATCH
CTG_30033141613,RPL435,2026-06-26T09:27:00,2026-06-26T16:36:00,ACEITE GIRASOL PARA REFINAR,ACEITE_PTO,TERMINAL_EMBARQUE,INGRESO,MovimientosPorContrato_20260626.xlsx,NO_TRUCKFLOW_MATCH
CTG_10233145923,LNM990,2026-06-26T13:28:00,2026-06-26T16:39:00,SOJA,VOLCABLE_PTO_2,TERMINAL_EMBARQUE,INGRESO,MovimientosPorContrato_20260626.xlsx,NO_TRUCKFLOW_MATCH
CTG_10133138931,ULG844,2026-06-26T13:32:00,2026-06-26T16:42:00,SOJA,VOLCABLE_PTO_3,TERMINAL_EMBARQUE,INGRESO,MovimientosPorContrato_20260626.xlsx,NO_TRUCKFLOW_MATCH
CTG_10133146609,SSQ296,2026-06-26T13:34:00,2026-06-26T16:46:00,SOJA,VOLCABLE_PTO_2,TERMINAL_EMBARQUE,INGRESO,MovimientosPorContrato_20260626.xlsx,NO_TRUCKFLOW_MATCH
COMPROB_000200430732,AD386JC,2026-06-26T16:10:00,2026-06-26T16:47:00,CHIP DE PINO,PLAYA_LEÑA_Y_CHIP,AVELLANEDA,INGRESO,MovimientosPorContrato_20260626.xlsx,NO_TRUCKFLOW_MATCH
CTG_10233115646,EOJ684,2026-06-26T13:37:00,2026-06-26T16:48:00,SOJA,VOLCABLE_PTO_3,TERMINAL_EMBARQUE,INGRESO,MovimientosPorContrato_20260626.xlsx,NO_TRUCKFLOW_MATCH
CTG_10233145220,NZO690,2026-06-26T13:45:00,2026-06-26T16:51:00,SOJA,VOLCABLE_PTO_2,TERMINAL_EMBARQUE,INGRESO,MovimientosPorContrato_20260626.xlsx,NO_TRUCKFLOW_MATCH
CTG_10133144077,HFN075,2026-06-26T13:54:00,2026-06-26T16:52:00,SOJA,VOLCABLE_PTO_3,TERMINAL_EMBARQUE,INGRESO,MovimientosPorContrato_20260626.xlsx,NO_TRUCKFLOW_MATCH
CTG_10133126656,AD903DI,2026-06-26T04:12:00,2026-06-26T16:53:00,MAIZ,CELDA_171_-_CENTRO,AVELLANEDA,INGRESO,MovimientosPorContrato_20260626.xlsx,NO_TRUCKFLOW_MATCH
CTG_10233146179,HPK956,2026-06-26T13:55:00,2026-06-26T17:02:00,SOJA,VOLCABLE_PTO_2,TERMINAL_EMBARQUE,INGRESO,MovimientosPorContrato_20260626.xlsx,NO_TRUCKFLOW_MATCH
CTG_10233111609,FTF155,2026-06-25T14:22:00,2026-06-26T17:03:00,SOJA,VOLCABLE_PTO_3,TERMINAL_EMBARQUE,INGRESO,MovimientosPorContrato_20260626.xlsx,NO_TRUCKFLOW_MATCH
CTG_10133136678,IXK098,2026-06-26T10:07:00,2026-06-26T17:09:00,SOJA,VOLCABLE_PTO_2,TERMINAL_EMBARQUE,INGRESO,MovimientosPorContrato_20260626.xlsx,NO_TRUCKFLOW_MATCH
COMPROB_000200430734,AH731ZJ,2026-06-26T16:29:00,2026-06-26T17:10:00,CHIP DE PINO,PLAYA_LEÑA_Y_CHIP,AVELLANEDA,INGRESO,MovimientosPorContrato_20260626.xlsx,NO_TRUCKFLOW_MATCH
CTG_10133135475,IMP596,2026-06-26T05:51:00,2026-06-26T17:10:00,SOJA,VOLCABLE_PTO_5,TERMINAL_EMBARQUE,INGRESO,MovimientosPorContrato_20260626.xlsx,NO_TRUCKFLOW_MATCH
CTG_10133136222,EWJ380,2026-06-26T10:59:00,2026-06-26T17:11:00,SOJA,VOLCABLE_PTO_3,TERMINAL_EMBARQUE,INGRESO,MovimientosPorContrato_20260626.xlsx,NO_TRUCKFLOW_MATCH
CTG_10133119451,ORE170,2026-06-26T04:26:00,2026-06-26T17:12:00,MAIZ,CELDA_171_-_CENTRO,AVELLANEDA,INGRESO,MovimientosPorContrato_20260626.xlsx,NO_TRUCKFLOW_MATCH
CTG_10133134522,MOR901,2026-06-26T10:41:00,2026-06-26T17:14:00,SOJA,VOLCABLE_PTO_3,TERMINAL_EMBARQUE,INGRESO,MovimientosPorContrato_20260626.xlsx,NO_TRUCKFLOW_MATCH
CTG_10233148191,OII935,2026-06-26T13:07:00,2026-06-26T17:16:00,SOJA,VOLCABLE_PTO_2,TERMINAL_EMBARQUE,INGRESO,MovimientosPorContrato_20260626.xlsx,NO_TRUCKFLOW_MATCH
CTG_10133147369,EJC368,2026-06-26T12:54:00,2026-06-26T17:20:00,SOJA,VOLCABLE_PTO_5,TERMINAL_EMBARQUE,INGRESO,MovimientosPorContrato_20260626.xlsx,NO_TRUCKFLOW_MATCH
CTG_10133134233,HJP193,2026-06-26T10:43:00,2026-06-26T17:21:00,SOJA,VOLCABLE_PTO_2,TERMINAL_EMBARQUE,INGRESO,MovimientosPorContrato_20260626.xlsx,NO_TRUCKFLOW_MATCH
CTG_10133147396,AD936TO,2026-06-26T13:23:00,2026-06-26T17:22:00,SOJA,VOLCABLE_PTO_3,TERMINAL_EMBARQUE,INGRESO,MovimientosPorContrato_20260626.xlsx,NO_TRUCKFLOW_MATCH
CTG_10133134272,CEK943,2026-06-26T12:38:00,2026-06-26T17:25:00,SOJA,VOLCABLE_PTO_5,TERMINAL_EMBARQUE,INGRESO,MovimientosPorContrato_20260626.xlsx,NO_TRUCKFLOW_MATCH
CTG_10133118011,AB935GY,2026-06-26T14:07:00,2026-06-26T17:30:00,SOJA,VOLCABLE_PTO_3,TERMINAL_EMBARQUE,INGRESO,MovimientosPorContrato_20260626.xlsx,NO_TRUCKFLOW_MATCH
CTG_30033143383,GVJ645,2026-06-26T10:08:00,2026-06-26T17:32:00,ACEITE GIRASOL PARA REFINAR,ACEITE_PTO,TERMINAL_EMBARQUE,INGRESO,MovimientosPorContrato_20260626.xlsx,NO_TRUCKFLOW_MATCH
CTG_10133144731,FWQ000,2026-06-26T14:09:00,2026-06-26T17:33:00,SOJA,VOLCABLE_PTO_5,TERMINAL_EMBARQUE,INGRESO,MovimientosPorContrato_20260626.xlsx,NO_TRUCKFLOW_MATCH
CTG_10233152049,HCU338,2026-06-26T14:05:00,2026-06-26T17:34:00,SOJA,VOLCABLE_PTO_2,TERMINAL_EMBARQUE,INGRESO,MovimientosPorContrato_20260626.xlsx,NO_TRUCKFLOW_MATCH
CTG_30033138441,UUU110,2026-06-26T10:14:00,2026-06-26T17:34:00,ACEITE GIRASOL PARA REFINAR,ACEITE_PTO,TERMINAL_EMBARQUE,INGRESO,MovimientosPorContrato_20260626.xlsx,NO_TRUCKFLOW_MATCH
CTG_10233145091,MSN587,2026-06-26T14:19:00,2026-06-26T17:35:00,SOJA,VOLCABLE_PTO_3,TERMINAL_EMBARQUE,INGRESO,MovimientosPorContrato_20260626.xlsx,NO_TRUCKFLOW_MATCH
CTG_10233153114,HME741,2026-06-26T14:20:00,2026-06-26T17:36:00,SOJA,VOLCABLE_PTO_3,TERMINAL_EMBARQUE,INGRESO,MovimientosPorContrato_20260626.xlsx,NO_TRUCKFLOW_MATCH
COMPROB_000200430736,EUB525,2026-06-26T08:19:00,2026-06-26T17:38:00,LEÑA CORTA SELECC,PLAYA_LEÑA_Y_CHIP,AVELLANEDA,INGRESO,MovimientosPorContrato_20260626.xlsx,NO_TRUCKFLOW_MATCH
CTG_10133117915,JTX502,2026-06-26T14:08:00,2026-06-26T17:42:00,SOJA,VOLCABLE_PTO_2,TERMINAL_EMBARQUE,INGRESO,MovimientosPorContrato_20260626.xlsx,NO_TRUCKFLOW_MATCH
COMPROB_000200430737,TKM355,2026-06-25T13:51:00,2026-06-26T17:44:00,LEÑA CORTA SELECC,PLAYA_LEÑA_Y_CHIP,AVELLANEDA,INGRESO,MovimientosPorContrato_20260626.xlsx,NO_TRUCKFLOW_MATCH
CTG_10133138850,RGV486,2026-06-26T14:05:00,2026-06-26T17:46:00,SOJA,VOLCABLE_PTO_3,TERMINAL_EMBARQUE,INGRESO,MovimientosPorContrato_20260626.xlsx,NO_TRUCKFLOW_MATCH
COMPROB_000400418880,KAK194,2026-06-26T13:12:00,2026-06-26T17:48:00,ACEITE SOJA CRUDO DESGOMADO,,TERMINAL_EMBARQUE,EGRESO,MovimientosPorContrato_20260626.xlsx,NO_TRUCKFLOW_MATCH
CTG_10233151050,MPK223,2026-06-26T14:35:00,2026-06-26T17:49:00,SOJA,VOLCABLE_PTO_3,TERMINAL_EMBARQUE,INGRESO,MovimientosPorContrato_20260626.xlsx,NO_TRUCKFLOW_MATCH
CTG_10233152363,GMC656,2026-06-26T14:09:00,2026-06-26T17:50:00,SOJA,VOLCABLE_PTO_2,TERMINAL_EMBARQUE,INGRESO,MovimientosPorContrato_20260626.xlsx,NO_TRUCKFLOW_MATCH
COMPROB_000400418881,AE999OW,2026-06-26T15:56:00,2026-06-26T17:53:00,BORRA ACEITE GIRASOL REFINADO,ACEITE_OSL,TERMINAL_EMBARQUE,EGRESO,MovimientosPorContrato_20260626.xlsx,NO_TRUCKFLOW_MATCH
COMPROB_000400418882,AFR797,2026-06-26T13:13:00,2026-06-26T17:54:00,ACEITE SOJA CRUDO DESGOMADO,,TERMINAL_EMBARQUE,EGRESO,MovimientosPorContrato_20260626.xlsx,NO_TRUCKFLOW_MATCH
CTG_10133138882,VOO126,2026-06-26T14:06:00,2026-06-26T17:57:00,SOJA,VOLCABLE_PTO_2,TERMINAL_EMBARQUE,INGRESO,MovimientosPorContrato_20260626.xlsx,NO_TRUCKFLOW_MATCH
CTG_10233147811,JWU169,2026-06-26T13:33:00,2026-06-26T17:58:00,SOJA,VOLCABLE_PTO_3,TERMINAL_EMBARQUE,INGRESO,MovimientosPorContrato_20260626.xlsx,NO_TRUCKFLOW_MATCH
COMPROB_000200430738,WKL246,2026-06-26T15:30:00,2026-06-26T17:59:00,LEÑA CORTA,PLAYA_LEÑA_Y_CHIP,AVELLANEDA,INGRESO,MovimientosPorContrato_20260626.xlsx,NO_TRUCKFLOW_MATCH
CTG_30033167064,AF026UP,2026-06-26T13:26:00,2026-06-26T18:01:00,ACEITE SOJA CRUDO DESGOMADO,,TERMINAL_EMBARQUE,EGRESO,MovimientosPorContrato_20260626.xlsx,NO_TRUCKFLOW_MATCH
CTG_10133119090,AG256RT,2026-06-26T04:30:00,2026-06-26T18:01:00,MAIZ,CELDA_171_-_CENTRO,AVELLANEDA,INGRESO,MovimientosPorContrato_20260626.xlsx,NO_TRUCKFLOW_MATCH
CTG_10133142227,GUL571,2026-06-26T14:36:00,2026-06-26T18:02:00,SOJA,VOLCABLE_PTO_2,TERMINAL_EMBARQUE,INGRESO,MovimientosPorContrato_20260626.xlsx,NO_TRUCKFLOW_MATCH
CTG_10133144717,CEP307,2026-06-26T14:37:00,2026-06-26T18:03:00,SOJA,VOLCABLE_PTO_3,TERMINAL_EMBARQUE,INGRESO,MovimientosPorContrato_20260626.xlsx,NO_TRUCKFLOW_MATCH
CTG_30033144441,GAV905,2026-06-26T10:41:00,2026-06-26T18:13:00,ACEITE GIRASOL PARA REFINAR,ACEITE_PTO,TERMINAL_EMBARQUE,INGRESO,MovimientosPorContrato_20260626.xlsx,NO_TRUCKFLOW_MATCH
CTG_30033143797,TKS227,2026-06-26T10:40:00,2026-06-26T18:16:00,ACEITE GIRASOL PARA REFINAR,ACEITE_PTO,TERMINAL_EMBARQUE,INGRESO,MovimientosPorContrato_20260626.xlsx,NO_TRUCKFLOW_MATCH
CTG_10133118854,AB020IT,2026-06-26T04:33:00,2026-06-26T18:27:00,MAIZ,CELDA_171_-_CENTRO,AVELLANEDA,INGRESO,MovimientosPorContrato_20260626.xlsx,NO_TRUCKFLOW_MATCH
CTG_10133119607,AE561ZT,2026-06-26T04:37:00,2026-06-26T18:51:00,MAIZ,CELDA_171_-_CENTRO,AVELLANEDA,INGRESO,MovimientosPorContrato_20260626.xlsx,NO_TRUCKFLOW_MATCH
COMPROB_000200430742,AD781SF,2026-06-26T02:57:00,2026-06-26T18:55:00,CHIP EN ORIGEN,PLAYA_LEÑA_Y_CHIP,AVELLANEDA,INGRESO,MovimientosPorContrato_20260626.xlsx,NO_TRUCKFLOW_MATCH
COMPROB_000200430743,BDR393,2026-06-26T17:35:00,2026-06-26T19:18:00,LEÑA CORTA SELECC,PLAYA_LEÑA_Y_CHIP,AVELLANEDA,INGRESO,MovimientosPorContrato_20260626.xlsx,NO_TRUCKFLOW_MATCH
CTG_10133140703,MMZ197,2026-06-26T17:08:00,2026-06-26T19:20:00,GIRASOL,VOLCABLE_1,RICARDONE,INGRESO,MovimientosPorContrato_20260626.xlsx,NO_TRUCKFLOW_MATCH
CTG_10133137881,AF242XW,2026-06-26T05:42:00,2026-06-26T19:43:00,MAIZ,CELDA_171_-_CENTRO,AVELLANEDA,INGRESO,MovimientosPorContrato_20260626.xlsx,NO_TRUCKFLOW_MATCH
CTG_30033145400,NBK156,2026-06-26T10:50:00,2026-06-26T20:06:00,ACEITE GIRASOL PARA REFINAR,ACEITE_PTO,TERMINAL_EMBARQUE,INGRESO,MovimientosPorContrato_20260626.xlsx,NO_TRUCKFLOW_MATCH
CTG_10233135830,GGD337,2026-06-26T04:56:00,2026-06-26T20:08:00,MAIZ,CELDA_171_-_CENTRO,AVELLANEDA,INGRESO,MovimientosPorContrato_20260626.xlsx,NO_TRUCKFLOW_MATCH
CTG_10233163018,DUC670,2026-06-26T17:12:00,2026-06-26T20:09:00,GIRASOL,VOLCABLE_1,RICARDONE,INGRESO,MovimientosPorContrato_20260626.xlsx,NO_TRUCKFLOW_MATCH
CTG_10133146174,OQB439,2026-06-26T14:43:00,2026-06-26T20:12:00,SOJA,VOLCABLE_PTO_2,TERMINAL_EMBARQUE,INGRESO,MovimientosPorContrato_20260626.xlsx,NO_TRUCKFLOW_MATCH
CTG_10133152871,AH266JG,2026-06-26T14:38:00,2026-06-26T20:13:00,SOJA,VOLCABLE_PTO_3,TERMINAL_EMBARQUE,INGRESO,MovimientosPorContrato_20260626.xlsx,NO_TRUCKFLOW_MATCH
COMPROB_000400418884,MKA348,2026-06-26T17:58:00,2026-06-26T20:18:00,AC GIRASOL OLEICO REFINADO,ACEITE_OSL,TERMINAL_EMBARQUE,EGRESO,MovimientosPorContrato_20260626.xlsx,NO_TRUCKFLOW_MATCH
CTG_30033146403,FAF492,2026-06-26T12:18:00,2026-06-26T20:20:00,ACEITE GIRASOL PARA REFINAR,ACEITE_PTO,TERMINAL_EMBARQUE,INGRESO,MovimientosPorContrato_20260626.xlsx,NO_TRUCKFLOW_MATCH
CTG_10233148352,JRE457,2026-06-26T14:47:00,2026-06-26T20:23:00,SOJA,VOLCABLE_PTO_2,TERMINAL_EMBARQUE,INGRESO,MovimientosPorContrato_20260626.xlsx,NO_TRUCKFLOW_MATCH
CTG_10233152114,UMY730,2026-06-26T14:41:00,2026-06-26T20:24:00,SOJA,VOLCABLE_PTO_3,TERMINAL_EMBARQUE,INGRESO,MovimientosPorContrato_20260626.xlsx,NO_TRUCKFLOW_MATCH
CTG_10233148176,AC163QZ,2026-06-26T14:52:00,2026-06-26T20:26:00,SOJA,VOLCABLE_PTO_3,TERMINAL_EMBARQUE,INGRESO,MovimientosPorContrato_20260626.xlsx,NO_TRUCKFLOW_MATCH
CTG_10133147171,AD790NM,2026-06-26T14:42:00,2026-06-26T20:29:00,SOJA,VOLCABLE_PTO_2,TERMINAL_EMBARQUE,INGRESO,MovimientosPorContrato_20260626.xlsx,NO_TRUCKFLOW_MATCH
CTG_10233153474,LYQ659,2026-06-26T15:14:00,2026-06-26T20:32:00,SOJA,VOLCABLE_PTO_3,TERMINAL_EMBARQUE,INGRESO,MovimientosPorContrato_20260626.xlsx,NO_TRUCKFLOW_MATCH
CTG_10233153392,CQJ384,2026-06-26T15:05:00,2026-06-26T20:33:00,SOJA,VOLCABLE_PTO_2,TERMINAL_EMBARQUE,INGRESO,MovimientosPorContrato_20260626.xlsx,NO_TRUCKFLOW_MATCH
CTG_10133147100,AB204DL,2026-06-26T15:24:00,2026-06-26T20:38:00,SOJA,VOLCABLE_PTO_3,TERMINAL_EMBARQUE,INGRESO,MovimientosPorContrato_20260626.xlsx,NO_TRUCKFLOW_MATCH
CTG_10133150757,AG728AK,2026-06-26T15:15:00,2026-06-26T20:40:00,SOJA,VOLCABLE_PTO_2,TERMINAL_EMBARQUE,INGRESO,MovimientosPorContrato_20260626.xlsx,NO_TRUCKFLOW_MATCH
CTG_10133138190,KNI695,2026-06-26T05:47:00,2026-06-26T20:41:00,MAIZ,CELDA_171_-_CENTRO,AVELLANEDA,INGRESO,MovimientosPorContrato_20260626.xlsx,NO_TRUCKFLOW_MATCH
CTG_10233146377,LNM989,2026-06-26T15:32:00,2026-06-26T20:44:00,SOJA,VOLCABLE_PTO_2,TERMINAL_EMBARQUE,INGRESO,MovimientosPorContrato_20260626.xlsx,NO_TRUCKFLOW_MATCH
COMPROB_000400418885,FDX990,2026-06-26T18:29:00,2026-06-26T20:48:00,AC GIRASOL OLEICO REFINADO,ACEITE_OSL,TERMINAL_EMBARQUE,EGRESO,MovimientosPorContrato_20260626.xlsx,NO_TRUCKFLOW_MATCH
CTG_10233149371,AE393VN,2026-06-26T15:36:00,2026-06-26T20:49:00,SOJA,VOLCABLE_PTO_3,TERMINAL_EMBARQUE,INGRESO,MovimientosPorContrato_20260626.xlsx,NO_TRUCKFLOW_MATCH
CTG_30033148526,JUP399,2026-06-26T12:46:00,2026-06-26T20:51:00,ACEITE GIRASOL PARA REFINAR,ACEITE_PTO,TERMINAL_EMBARQUE,INGRESO,MovimientosPorContrato_20260626.xlsx,NO_TRUCKFLOW_MATCH
CTG_10233152648,KCI735,2026-06-26T15:42:00,2026-06-26T20:52:00,SOJA,VOLCABLE_PTO_3,TERMINAL_EMBARQUE,INGRESO,MovimientosPorContrato_20260626.xlsx,NO_TRUCKFLOW_MATCH
CTG_30033147518,JPS813,2026-06-26T12:27:00,2026-06-26T20:53:00,ACEITE GIRASOL PARA REFINAR,ACEITE_PTO,TERMINAL_EMBARQUE,INGRESO,MovimientosPorContrato_20260626.xlsx,NO_TRUCKFLOW_MATCH
CTG_10233149257,ILL415,2026-06-26T15:35:00,2026-06-26T20:54:00,SOJA,VOLCABLE_PTO_2,TERMINAL_EMBARQUE,INGRESO,MovimientosPorContrato_20260626.xlsx,NO_TRUCKFLOW_MATCH
CTG_10133150622,AC258BX,2026-06-26T15:42:00,2026-06-26T20:58:00,SOJA,VOLCABLE_PTO_2,TERMINAL_EMBARQUE,INGRESO,MovimientosPorContrato_20260626.xlsx,NO_TRUCKFLOW_MATCH
CTG_10133121562,RRR376,2026-06-26T19:08:00,2026-06-26T21:01:00,GIRASOL,VOLCABLE_1,RICARDONE,INGRESO,MovimientosPorContrato_20260626.xlsx,NO_TRUCKFLOW_MATCH
CTG_10233152211,AE860OJ,2026-06-26T15:43:00,2026-06-26T21:02:00,SOJA,VOLCABLE_PTO_2,TERMINAL_EMBARQUE,INGRESO,MovimientosPorContrato_20260626.xlsx,NO_TRUCKFLOW_MATCH
CTG_10233149384,LDV071,2026-06-26T15:40:00,2026-06-26T21:03:00,SOJA,VOLCABLE_PTO_3,TERMINAL_EMBARQUE,INGRESO,MovimientosPorContrato_20260626.xlsx,NO_TRUCKFLOW_MATCH
COMPROB_000200430747,AG588XJ,2026-06-26T20:33:00,2026-06-26T21:03:00,CHIP DE EUCALIPTUS,PLAYA_LEÑA_Y_CHIP,AVELLANEDA,INGRESO,MovimientosPorContrato_20260626.xlsx,NO_TRUCKFLOW_MATCH
CTG_10233149694,HDP752,2026-06-26T15:41:00,2026-06-26T21:08:00,SOJA,VOLCABLE_PTO_3,TERMINAL_EMBARQUE,INGRESO,MovimientosPorContrato_20260626.xlsx,NO_TRUCKFLOW_MATCH
CTG_30033149673,AJV928,2026-06-26T12:47:00,2026-06-26T21:09:00,ACEITE GIRASOL PARA REFINAR,ACEITE_PTO,TERMINAL_EMBARQUE,INGRESO,MovimientosPorContrato_20260626.xlsx,NO_TRUCKFLOW_MATCH
CTG_10133128828,AI166AB,2026-06-26T05:56:00,2026-06-26T21:11:00,MAIZ,CELDA_171_-_CENTRO,AVELLANEDA,INGRESO,MovimientosPorContrato_20260626.xlsx,NO_TRUCKFLOW_MATCH
COMPROB_000400418886,OFG785,2026-06-26T19:13:00,2026-06-26T21:14:00,AC GIRASOL OLEICO REFINADO,ACEITE_OSL,TERMINAL_EMBARQUE,EGRESO,MovimientosPorContrato_20260626.xlsx,NO_TRUCKFLOW_MATCH
CTG_10133149468,AG419KW,2026-06-26T15:59:00,2026-06-26T21:16:00,SOJA,VOLCABLE_PTO_2,TERMINAL_EMBARQUE,INGRESO,MovimientosPorContrato_20260626.xlsx,NO_TRUCKFLOW_MATCH
CTG_10133152302,AE681YW,2026-06-26T16:02:00,2026-06-26T21:18:00,SOJA,VOLCABLE_PTO_3,TERMINAL_EMBARQUE,INGRESO,MovimientosPorContrato_20260626.xlsx,NO_TRUCKFLOW_MATCH
CTG_10133147706,AH967IL,2026-06-26T15:59:00,2026-06-26T21:20:00,SOJA,VOLCABLE_PTO_2,TERMINAL_EMBARQUE,INGRESO,MovimientosPorContrato_20260626.xlsx,NO_TRUCKFLOW_MATCH
CTG_10233146321,AF350JA,2026-06-26T16:13:00,2026-06-26T21:21:00,SOJA,VOLCABLE_PTO_3,TERMINAL_EMBARQUE,INGRESO,MovimientosPorContrato_20260626.xlsx,NO_TRUCKFLOW_MATCH
CTG_10233146151,AE757VF,2026-06-26T16:14:00,2026-06-26T21:22:00,SOJA,VOLCABLE_PTO_2,TERMINAL_EMBARQUE,INGRESO,MovimientosPorContrato_20260626.xlsx,NO_TRUCKFLOW_MATCH
CTG_10133147988,AC044ZV,2026-06-26T16:00:00,2026-06-26T21:30:00,SOJA,VOLCABLE_PTO_2,TERMINAL_EMBARQUE,INGRESO,MovimientosPorContrato_20260626.xlsx,NO_TRUCKFLOW_MATCH
CTG_10233146698,AF299VY,2026-06-26T16:14:00,2026-06-26T21:31:00,SOJA,VOLCABLE_PTO_3,TERMINAL_EMBARQUE,INGRESO,MovimientosPorContrato_20260626.xlsx,NO_TRUCKFLOW_MATCH
CTG_10233151551,AE164CV,2026-06-26T16:23:00,2026-06-26T21:34:00,SOJA,VOLCABLE_PTO_3,TERMINAL_EMBARQUE,INGRESO,MovimientosPorContrato_20260626.xlsx,NO_TRUCKFLOW_MATCH
CTG_10133152057,GSJ964,2026-06-26T16:29:00,2026-06-26T21:36:00,SOJA,VOLCABLE_PTO_2,TERMINAL_EMBARQUE,INGRESO,MovimientosPorContrato_20260626.xlsx,NO_TRUCKFLOW_MATCH
CTG_30033153388,KZO646,2026-06-26T14:11:00,2026-06-26T21:37:00,ACEITE GIRASOL PARA REFINAR,ACEITE_PTO,TERMINAL_EMBARQUE,INGRESO,MovimientosPorContrato_20260626.xlsx,NO_TRUCKFLOW_MATCH
COMPROB_000400418887,EMU873,2026-06-26T19:34:00,2026-06-26T21:40:00,AC GIRASOL OLEICO REFINADO,ACEITE_OSL,TERMINAL_EMBARQUE,EGRESO,MovimientosPorContrato_20260626.xlsx,NO_TRUCKFLOW_MATCH
CTG_10233156743,EDP388,2026-06-26T16:34:00,2026-06-26T21:41:00,SOJA,VOLCABLE_PTO_3,TERMINAL_EMBARQUE,INGRESO,MovimientosPorContrato_20260626.xlsx,NO_TRUCKFLOW_MATCH
CTG_10133146751,MUS277,2026-06-26T16:30:00,2026-06-26T21:42:00,SOJA,VOLCABLE_PTO_2,TERMINAL_EMBARQUE,INGRESO,MovimientosPorContrato_20260626.xlsx,NO_TRUCKFLOW_MATCH
CTG_10233149303,AC153OO,2026-06-26T16:49:00,2026-06-26T21:45:00,SOJA,VOLCABLE_PTO_3,TERMINAL_EMBARQUE,INGRESO,MovimientosPorContrato_20260626.xlsx,NO_TRUCKFLOW_MATCH
CTG_10133139400,AH611NN,2026-06-26T16:37:00,2026-06-26T21:46:00,SOJA,VOLCABLE_PTO_2,TERMINAL_EMBARQUE,INGRESO,MovimientosPorContrato_20260626.xlsx,NO_TRUCKFLOW_MATCH
CTG_10133139318,AC188QV,2026-06-26T05:44:00,2026-06-26T21:52:00,MAIZ,CELDA_171_-_CENTRO,AVELLANEDA,INGRESO,MovimientosPorContrato_20260626.xlsx,NO_TRUCKFLOW_MATCH
CTG_10133136696,HBU801,2026-06-26T16:39:00,2026-06-26T21:53:00,SOJA,VOLCABLE_PTO_3,TERMINAL_EMBARQUE,INGRESO,MovimientosPorContrato_20260626.xlsx,NO_TRUCKFLOW_MATCH
CTG_10233158120,MAT260,2026-06-26T16:51:00,2026-06-26T21:55:00,SOJA,VOLCABLE_PTO_2,TERMINAL_EMBARQUE,INGRESO,MovimientosPorContrato_20260626.xlsx,NO_TRUCKFLOW_MATCH
CTG_30033157243,FOZ297,2026-06-26T15:48:00,2026-06-26T21:59:00,ACEITE GIRASOL PARA REFINAR,ACEITE_PTO,TERMINAL_EMBARQUE,INGRESO,MovimientosPorContrato_20260626.xlsx,NO_TRUCKFLOW_MATCH
COMPROB_000200430750,JVO222,2026-06-26T02:59:00,2026-06-26T22:00:00,CHIP EN ORIGEN,PLAYA_LEÑA_Y_CHIP,AVELLANEDA,INGRESO,MovimientosPorContrato_20260626.xlsx,NO_TRUCKFLOW_MATCH
CTG_30033150700,AKJ611,2026-06-26T12:53:00,2026-06-26T22:01:00,ACEITE GIRASOL PARA REFINAR,ACEITE_PTO,TERMINAL_EMBARQUE,INGRESO,MovimientosPorContrato_20260626.xlsx,NO_TRUCKFLOW_MATCH
CTG_10133136467,AA983XZ,2026-06-26T17:00:00,2026-06-26T22:04:00,SOJA,VOLCABLE_PTO_3,TERMINAL_EMBARQUE,INGRESO,MovimientosPorContrato_20260626.xlsx,NO_TRUCKFLOW_MATCH
CTG_10233156663,CDQ016,2026-06-26T17:09:00,2026-06-26T22:05:00,SOJA,VOLCABLE_PTO_2,TERMINAL_EMBARQUE,INGRESO,MovimientosPorContrato_20260626.xlsx,NO_TRUCKFLOW_MATCH
CTG_30033164895,SPI351,2026-06-26T18:11:00,2026-06-26T22:08:00,ACEITE GIRASOL PARA REFINAR,ACEITE_PTO,TERMINAL_EMBARQUE,INGRESO,MovimientosPorContrato_20260626.xlsx,NO_TRUCKFLOW_MATCH
COMPROB_000400418888,OGA047,2026-06-26T19:42:00,2026-06-26T22:09:00,AC GIRASOL OLEICO REFINADO,ACEITE_OSL,TERMINAL_EMBARQUE,EGRESO,MovimientosPorContrato_20260626.xlsx,NO_TRUCKFLOW_MATCH
CTG_10133127656,UGC768,2026-06-26T06:02:00,2026-06-26T22:10:00,MAIZ,CELDA_171_-_CENTRO,AVELLANEDA,INGRESO,MovimientosPorContrato_20260626.xlsx,NO_TRUCKFLOW_MATCH
CTG_10233152301,CZD826,2026-06-26T17:10:00,2026-06-26T22:11:00,SOJA,VOLCABLE_PTO_2,TERMINAL_EMBARQUE,INGRESO,MovimientosPorContrato_20260626.xlsx,NO_TRUCKFLOW_MATCH
COMPROB_000200430752,BAM710,2026-06-26T20:28:00,2026-06-26T22:12:00,LEÑA CORTA SELECC,PLAYA_LEÑA_Y_CHIP,AVELLANEDA,INGRESO,MovimientosPorContrato_20260626.xlsx,NO_TRUCKFLOW_MATCH
CTG_10133147588,AG741FY,2026-06-26T17:21:00,2026-06-26T22:12:00,SOJA,VOLCABLE_PTO_2,TERMINAL_EMBARQUE,INGRESO,MovimientosPorContrato_20260626.xlsx,NO_TRUCKFLOW_MATCH
CTG_10133155081,LSJ114,2026-06-26T17:11:00,2026-06-26T22:13:00,SOJA,VOLCABLE_PTO_3,TERMINAL_EMBARQUE,INGRESO,MovimientosPorContrato_20260626.xlsx,NO_TRUCKFLOW_MATCH
CTG_10233149612,JKE960,2026-06-26T17:28:00,2026-06-26T22:16:00,SOJA,VOLCABLE_PTO_2,TERMINAL_EMBARQUE,INGRESO,MovimientosPorContrato_20260626.xlsx,NO_TRUCKFLOW_MATCH
CTG_10233152111,AH298ZU,2026-06-26T17:24:00,2026-06-26T22:17:00,SOJA,VOLCABLE_PTO_3,TERMINAL_EMBARQUE,INGRESO,MovimientosPorContrato_20260626.xlsx,NO_TRUCKFLOW_MATCH
CTG_10133146463,NQF185,2026-06-26T17:31:00,2026-06-26T22:19:00,SOJA,VOLCABLE_PTO_2,TERMINAL_EMBARQUE,INGRESO,MovimientosPorContrato_20260626.xlsx,NO_TRUCKFLOW_MATCH
CTG_10133153066,NPI310,2026-06-26T14:40:00,2026-06-26T22:20:00,SOJA,VOLCABLE_PTO_3,TERMINAL_EMBARQUE,INGRESO,MovimientosPorContrato_20260626.xlsx,NO_TRUCKFLOW_MATCH
CTG_10133150300,AF083CU,2026-06-26T17:42:00,2026-06-26T22:27:00,SOJA,VOLCABLE_PTO_2,TERMINAL_EMBARQUE,INGRESO,MovimientosPorContrato_20260626.xlsx,NO_TRUCKFLOW_MATCH
COMPROB_000400418889,AD887XZ,2026-06-26T20:18:00,2026-06-26T22:28:00,AC GIRASOL OLEICO REFINADO,ACEITE_OSL,TERMINAL_EMBARQUE,EGRESO,MovimientosPorContrato_20260626.xlsx,NO_TRUCKFLOW_MATCH
CTG_10233160933,EDM520,2026-06-26T17:35:00,2026-06-26T22:30:00,SOJA,VOLCABLE_PTO_3,TERMINAL_EMBARQUE,INGRESO,MovimientosPorContrato_20260626.xlsx,NO_TRUCKFLOW_MATCH
CTG_10133151962,FMU968,2026-06-26T19:09:00,2026-06-26T22:30:00,GIRASOL,VOLCABLE_1,RICARDONE,INGRESO,MovimientosPorContrato_20260626.xlsx,NO_TRUCKFLOW_MATCH
CTG_10233155903,AD120DB,2026-06-26T17:48:00,2026-06-26T22:33:00,SOJA,VOLCABLE_PTO_3,TERMINAL_EMBARQUE,INGRESO,MovimientosPorContrato_20260626.xlsx,NO_TRUCKFLOW_MATCH
CTG_10233155182,BWH408,2026-06-26T17:52:00,2026-06-26T22:34:00,SOJA,VOLCABLE_PTO_2,TERMINAL_EMBARQUE,INGRESO,MovimientosPorContrato_20260626.xlsx,NO_TRUCKFLOW_MATCH
CTG_10133127805,NSW918,2026-06-26T06:09:00,2026-06-26T22:36:00,MAIZ,CELDA_171_-_CENTRO,AVELLANEDA,INGRESO,MovimientosPorContrato_20260626.xlsx,NO_TRUCKFLOW_MATCH
CTG_10233148404,AE034UF,2026-06-26T17:59:00,2026-06-26T22:39:00,SOJA,VOLCABLE_PTO_2,TERMINAL_EMBARQUE,INGRESO,MovimientosPorContrato_20260626.xlsx,NO_TRUCKFLOW_MATCH
CTG_30033164967,EXR046,2026-06-26T18:12:00,2026-06-26T22:40:00,ACEITE GIRASOL PARA REFINAR,ACEITE_PTO,TERMINAL_EMBARQUE,INGRESO,MovimientosPorContrato_20260626.xlsx,NO_TRUCKFLOW_MATCH
CTG_10133134355,OUS054,2026-06-26T17:53:00,2026-06-26T22:42:00,SOJA,VOLCABLE_PTO_3,TERMINAL_EMBARQUE,INGRESO,MovimientosPorContrato_20260626.xlsx,NO_TRUCKFLOW_MATCH
COMPROB_000200430754,AE279AY,2026-06-26T21:59:00,2026-06-26T22:42:00,CHIP DE PINO,PLAYA_LEÑA_Y_CHIP,AVELLANEDA,INGRESO,MovimientosPorContrato_20260626.xlsx,NO_TRUCKFLOW_MATCH
CTG_30033167511,ENA722,2026-06-26T19:11:00,2026-06-26T22:43:00,ACEITE GIRASOL PARA REFINAR,ACEITE_PTO,TERMINAL_EMBARQUE,INGRESO,MovimientosPorContrato_20260626.xlsx,NO_TRUCKFLOW_MATCH
CTG_10233150171,EVC245,2026-06-26T17:09:00,2026-06-26T22:45:00,SOJA,VOLCABLE_PTO_3,TERMINAL_EMBARQUE,INGRESO,MovimientosPorContrato_20260626.xlsx,NO_TRUCKFLOW_MATCH
CTG_10101981196,AH955QS,2026-06-26T17:59:00,2026-06-26T22:46:00,SOJA,VOLCABLE_PTO_2,TERMINAL_EMBARQUE,INGRESO,MovimientosPorContrato_20260626.xlsx,NO_TRUCKFLOW_MATCH
CTG_10233152193,KTY344,2026-06-26T16:45:00,2026-06-26T22:51:00,SOJA,VOLCABLE_PTO_2,TERMINAL_EMBARQUE,INGRESO,MovimientosPorContrato_20260626.xlsx,NO_TRUCKFLOW_MATCH
COMPROB_000400418890,KWO040,2026-06-26T21:10:00,2026-06-26T22:52:00,AC GIRASOL OLEICO REFINADO,ACEITE_OSL,TERMINAL_EMBARQUE,EGRESO,MovimientosPorContrato_20260626.xlsx,NO_TRUCKFLOW_MATCH
CTG_10233144175,DFB688,2026-06-26T17:19:00,2026-06-26T22:54:00,SOJA,VOLCABLE_PTO_3,TERMINAL_EMBARQUE,INGRESO,MovimientosPorContrato_20260626.xlsx,NO_TRUCKFLOW_MATCH
CTG_10233149071,AE785KB,2026-06-26T17:06:00,2026-06-26T22:57:00,SOJA,VOLCABLE_PTO_2,TERMINAL_EMBARQUE,INGRESO,MovimientosPorContrato_20260626.xlsx,NO_TRUCKFLOW_MATCH
CTG_30033166743,AA463TD,2026-06-26T18:49:00,2026-06-26T22:58:00,ACEITE GIRASOL PARA REFINAR,ACEITE_PTO,TERMINAL_EMBARQUE,INGRESO,MovimientosPorContrato_20260626.xlsx,NO_TRUCKFLOW_MATCH
CTG_10133146960,OQC547,2026-06-26T15:50:00,2026-06-26T23:03:00,SOJA,VOLCABLE_PTO_3,TERMINAL_EMBARQUE,INGRESO,MovimientosPorContrato_20260626.xlsx,NO_TRUCKFLOW_MATCH
CTG_10133137400,KSK382,2026-06-26T06:12:00,2026-06-26T23:06:00,MAIZ,CELDA_171_-_CENTRO,AVELLANEDA,INGRESO,MovimientosPorContrato_20260626.xlsx,NO_TRUCKFLOW_MATCH
CTG_10233146202,AH298ZV,2026-06-26T15:22:00,2026-06-26T23:07:00,SOJA,VOLCABLE_PTO_2,TERMINAL_EMBARQUE,INGRESO,MovimientosPorContrato_20260626.xlsx,NO_TRUCKFLOW_MATCH
CTG_10133141853,AH288FC,2026-06-26T16:41:00,2026-06-26T23:09:00,SOJA,VOLCABLE_PTO_3,TERMINAL_EMBARQUE,INGRESO,MovimientosPorContrato_20260626.xlsx,NO_TRUCKFLOW_MATCH
COMPROB_000200430756,GYB962,2026-06-26T21:19:00,2026-06-26T23:12:00,LEÑA CORTA SELECC,PLAYA_LEÑA_Y_CHIP,AVELLANEDA,INGRESO,MovimientosPorContrato_20260626.xlsx,NO_TRUCKFLOW_MATCH
CTG_10233162156,AF391WE,2026-06-26T18:08:00,2026-06-26T23:13:00,SOJA,VOLCABLE_PTO_2,TERMINAL_EMBARQUE,INGRESO,MovimientosPorContrato_20260626.xlsx,NO_TRUCKFLOW_MATCH
COMPROB_000200430757,AE909ES,2026-06-26T22:25:00,2026-06-26T23:17:00,CHIP DE EUCALIPTUS,PLAYA_LEÑA_Y_CHIP,AVELLANEDA,INGRESO,MovimientosPorContrato_20260626.xlsx,NO_TRUCKFLOW_MATCH
CTG_10233148052,UJT651,2026-06-26T16:15:00,2026-06-26T23:21:00,SOJA,VOLCABLE_PTO_3,TERMINAL_EMBARQUE,INGRESO,MovimientosPorContrato_20260626.xlsx,NO_TRUCKFLOW_MATCH
CTG_10233146192,AH374LC,2026-06-26T17:27:00,2026-06-26T23:26:00,SOJA,VOLCABLE_PTO_2,TERMINAL_EMBARQUE,INGRESO,MovimientosPorContrato_20260626.xlsx,NO_TRUCKFLOW_MATCH
CTG_10233149743,KOW685,2026-06-26T18:09:00,2026-06-26T23:27:00,SOJA,VOLCABLE_PTO_3,TERMINAL_EMBARQUE,INGRESO,MovimientosPorContrato_20260626.xlsx,NO_TRUCKFLOW_MATCH
CTG_30033168909,JTT879,2026-06-26T19:41:00,2026-06-26T23:28:00,ACEITE GIRASOL PARA REFINAR,ACEITE_PTO,TERMINAL_EMBARQUE,INGRESO,MovimientosPorContrato_20260626.xlsx,NO_TRUCKFLOW_MATCH
CTG_10233148878,NHO213,2026-06-26T18:13:00,2026-06-26T23:30:00,SOJA,VOLCABLE_PTO_2,TERMINAL_EMBARQUE,INGRESO,MovimientosPorContrato_20260626.xlsx,NO_TRUCKFLOW_MATCH
CTG_10133149830,LLZ838,2026-06-26T17:29:00,2026-06-26T23:38:00,SOJA,VOLCABLE_PTO_3,TERMINAL_EMBARQUE,INGRESO,MovimientosPorContrato_20260626.xlsx,NO_TRUCKFLOW_MATCH
CTG_10133149700,CNW721,2026-06-26T18:14:00,2026-06-26T23:43:00,SOJA,VOLCABLE_PTO_2,TERMINAL_EMBARQUE,INGRESO,MovimientosPorContrato_20260626.xlsx,NO_TRUCKFLOW_MATCH
CTG_10133143282,KHO573,2026-06-26T18:18:00,2026-06-26T23:44:00,SOJA,VOLCABLE_PTO_2,TERMINAL_EMBARQUE,INGRESO,MovimientosPorContrato_20260626.xlsx,NO_TRUCKFLOW_MATCH
CTG_30033156424,JDH880,2026-06-26T19:50:00,2026-06-26T23:46:00,ACEITE GIRASOL PARA REFINAR,ACEITE_PTO,TERMINAL_EMBARQUE,INGRESO,MovimientosPorContrato_20260626.xlsx,NO_TRUCKFLOW_MATCH
CTG_10133140359,AG842WB,2026-06-26T20:03:00,2026-06-26T23:46:00,GIRASOL,VOLCABLE_1,RICARDONE,INGRESO,MovimientosPorContrato_20260626.xlsx,NO_TRUCKFLOW_MATCH
CTG_10233156868,AC952DR,2026-06-26T18:19:00,2026-06-26T23:47:00,SOJA,VOLCABLE_PTO_3,TERMINAL_EMBARQUE,INGRESO,MovimientosPorContrato_20260626.xlsx,NO_TRUCKFLOW_MATCH
CTG_10133159103,AD972HM,2026-06-26T18:25:00,2026-06-26T23:50:00,SOJA,VOLCABLE_PTO_3,TERMINAL_EMBARQUE,INGRESO,MovimientosPorContrato_20260626.xlsx,NO_TRUCKFLOW_MATCH
CTG_10133136108,NEX098,2026-06-26T07:55:00,2026-06-26T23:51:00,MAIZ,CELDA_171_-_CENTRO,AVELLANEDA,INGRESO,MovimientosPorContrato_20260626.xlsx,NO_TRUCKFLOW_MATCH
CTG_10133152518,AF568DA,2026-06-26T18:16:00,2026-06-26T23:52:00,SOJA,VOLCABLE_PTO_2,TERMINAL_EMBARQUE,INGRESO,MovimientosPorContrato_20260626.xlsx,NO_TRUCKFLOW_MATCH
CTG_10133146556,AC707CO,2026-06-26T18:34:00,2026-06-26T23:54:00,SOJA,VOLCABLE_PTO_2,TERMINAL_EMBARQUE,INGRESO,MovimientosPorContrato_20260626.xlsx,NO_TRUCKFLOW_MATCH
CTG_10133146922,AC618UY,2026-06-26T18:35:00,2026-06-26T23:58:00,SOJA,VOLCABLE_PTO_2,TERMINAL_EMBARQUE,INGRESO,MovimientosPorContrato_20260626.xlsx,NO_TRUCKFLOW_MATCH
COMPROB_000200430759,HAK397,2026-06-26T23:09:00,2026-06-27T00:01:00,CHIP DE PINO,PLAYA_LEÑA_Y_CHIP,AVELLANEDA,INGRESO,MovimientosPorContrato_20260627.xlsx,NO_TRUCKFLOW_MATCH
CTG_10133147866,CJF916,2026-06-26T18:15:00,2026-06-27T00:03:00,SOJA,VOLCABLE_PTO_3,TERMINAL_EMBARQUE,INGRESO,MovimientosPorContrato_20260627.xlsx,NO_TRUCKFLOW_MATCH
CTG_10133153673,AG850MJ,2026-06-26T18:37:00,2026-06-27T00:07:00,SOJA,VOLCABLE_PTO_2,TERMINAL_EMBARQUE,INGRESO,MovimientosPorContrato_20260627.xlsx,NO_TRUCKFLOW_MATCH
CTG_10233163775,IWV405,2026-06-26T18:36:00,2026-06-27T00:08:00,SOJA,VOLCABLE_PTO_3,TERMINAL_EMBARQUE,INGRESO,MovimientosPorContrato_20260627.xlsx,NO_TRUCKFLOW_MATCH
CTG_10233164258,OKJ664,2026-06-26T18:39:00,2026-06-27T00:09:00,SOJA,VOLCABLE_PTO_2,TERMINAL_EMBARQUE,INGRESO,MovimientosPorContrato_20260627.xlsx,NO_TRUCKFLOW_MATCH
CTG_10133154111,BBF542,2026-06-26T18:38:00,2026-06-27T00:14:00,SOJA,VOLCABLE_PTO_3,TERMINAL_EMBARQUE,INGRESO,MovimientosPorContrato_20260627.xlsx,NO_TRUCKFLOW_MATCH
CTG_10133143458,THI335,2026-06-26T18:46:00,2026-06-27T00:15:00,SOJA,VOLCABLE_PTO_2,TERMINAL_EMBARQUE,INGRESO,MovimientosPorContrato_20260627.xlsx,NO_TRUCKFLOW_MATCH
CTG_10133150975,DGX096,2026-06-26T19:01:00,2026-06-27T00:25:00,SOJA,VOLCABLE_PTO_2,TERMINAL_EMBARQUE,INGRESO,MovimientosPorContrato_20260627.xlsx,NO_TRUCKFLOW_MATCH
CTG_10233154629,AH825WE,2026-06-26T18:42:00,2026-06-27T00:26:00,SOJA,VOLCABLE_PTO_3,TERMINAL_EMBARQUE,INGRESO,MovimientosPorContrato_20260627.xlsx,NO_TRUCKFLOW_MATCH
COMPROB_000400418891,PAR121,2026-06-26T22:52:00,2026-06-27T00:28:00,BORRA DE ACSOJA REFINADO,,TERMINAL_EMBARQUE,EGRESO,MovimientosPorContrato_20260627.xlsx,NO_TRUCKFLOW_MATCH
CTG_10133143099,PJM684,2026-06-26T19:04:00,2026-06-27T00:29:00,SOJA,VOLCABLE_PTO_3,TERMINAL_EMBARQUE,INGRESO,MovimientosPorContrato_20260627.xlsx,NO_TRUCKFLOW_MATCH
COMPROB_000200430760,NKT854,2026-06-26T23:10:00,2026-06-27T00:29:00,CHIP DE PINO,PLAYA_LEÑA_Y_CHIP,AVELLANEDA,INGRESO,MovimientosPorContrato_20260627.xlsx,NO_TRUCKFLOW_MATCH
CTG_10233166922,STI531,2026-06-26T19:02:00,2026-06-27T00:30:00,SOJA,VOLCABLE_PTO_2,TERMINAL_EMBARQUE,INGRESO,MovimientosPorContrato_20260627.xlsx,NO_TRUCKFLOW_MATCH
CTG_10133140706,AB096UN,2026-06-26T20:35:00,2026-06-27T00:33:00,GIRASOL,VOLCABLE_1,RICARDONE,INGRESO,MovimientosPorContrato_20260627.xlsx,NO_TRUCKFLOW_MATCH
CTG_10133145537,DZW818,2026-06-26T15:07:00,2026-06-27T00:34:00,SOJA,VOLCABLE_PTO_5,TERMINAL_EMBARQUE,INGRESO,MovimientosPorContrato_20260627.xlsx,NO_TRUCKFLOW_MATCH
CTG_10133153900,AF150VL,2026-06-26T19:05:00,2026-06-27T00:35:00,SOJA,VOLCABLE_PTO_3,TERMINAL_EMBARQUE,INGRESO,MovimientosPorContrato_20260627.xlsx,NO_TRUCKFLOW_MATCH
CTG_10133147524,KBM685,2026-06-26T14:44:00,2026-06-27T00:41:00,SOJA,VOLCABLE_PTO_5,TERMINAL_EMBARQUE,INGRESO,MovimientosPorContrato_20260627.xlsx,NO_TRUCKFLOW_MATCH
CTG_10233162463,AH786AX,2026-06-26T19:27:00,2026-06-27T00:42:00,SOJA,VOLCABLE_PTO_2,TERMINAL_EMBARQUE,INGRESO,MovimientosPorContrato_20260627.xlsx,NO_TRUCKFLOW_MATCH
CTG_10133153970,AB666EK,2026-06-26T19:09:00,2026-06-27T00:43:00,SOJA,VOLCABLE_PTO_2,TERMINAL_EMBARQUE,INGRESO,MovimientosPorContrato_20260627.xlsx,NO_TRUCKFLOW_MATCH
CTG_10133149993,AC065GW,2026-06-26T19:21:00,2026-06-27T00:44:00,SOJA,VOLCABLE_PTO_3,TERMINAL_EMBARQUE,INGRESO,MovimientosPorContrato_20260627.xlsx,NO_TRUCKFLOW_MATCH
CTG_10133153226,DUW213,2026-06-26T20:40:00,2026-06-27T00:45:00,SOJA,VOLCABLE_PTO_5,TERMINAL_EMBARQUE,INGRESO,MovimientosPorContrato_20260627.xlsx,NO_TRUCKFLOW_MATCH
CTG_10233147218,AE332ID,2026-06-26T19:30:00,2026-06-27T00:46:00,SOJA,VOLCABLE_PTO_2,TERMINAL_EMBARQUE,INGRESO,MovimientosPorContrato_20260627.xlsx,NO_TRUCKFLOW_MATCH
CTG_10233162502,AD874WH,2026-06-26T19:32:00,2026-06-27T00:47:00,SOJA,VOLCABLE_PTO_3,TERMINAL_EMBARQUE,INGRESO,MovimientosPorContrato_20260627.xlsx,NO_TRUCKFLOW_MATCH
CTG_10133165990,KAX397,2026-06-26T21:14:00,2026-06-27T00:54:00,SOJA,VOLCABLE_PTO_5,TERMINAL_EMBARQUE,INGRESO,MovimientosPorContrato_20260627.xlsx,NO_TRUCKFLOW_MATCH
CTG_10133153031,NKV146,2026-06-26T19:57:00,2026-06-27T00:55:00,SOJA,VOLCABLE_PTO_3,TERMINAL_EMBARQUE,INGRESO,MovimientosPorContrato_20260627.xlsx,NO_TRUCKFLOW_MATCH
CTG_10233158923,AB900YE,2026-06-26T19:39:00,2026-06-27T00:56:00,SOJA,VOLCABLE_PTO_2,TERMINAL_EMBARQUE,INGRESO,MovimientosPorContrato_20260627.xlsx,NO_TRUCKFLOW_MATCH
CTG_10133152605,AB394QZ,2026-06-26T20:09:00,2026-06-27T01:01:00,SOJA,VOLCABLE_PTO_2,TERMINAL_EMBARQUE,INGRESO,MovimientosPorContrato_20260627.xlsx,NO_TRUCKFLOW_MATCH
CTG_10133152797,KZV733,2026-06-26T20:12:00,2026-06-27T01:01:00,SOJA,VOLCABLE_PTO_3,TERMINAL_EMBARQUE,INGRESO,MovimientosPorContrato_20260627.xlsx,NO_TRUCKFLOW_MATCH
COMPROB_000200430761,HHQ888,2026-06-26T14:10:00,2026-06-27T01:04:00,CHIP DE EUCALIPTUS,PLAYA_LEÑA_Y_CHIP,AVELLANEDA,INGRESO,MovimientosPorContrato_20260627.xlsx,NO_TRUCKFLOW_MATCH
CTG_10133145407,HDH149,2026-06-26T19:42:00,2026-06-27T01:04:00,SOJA,VOLCABLE_PTO_5,TERMINAL_EMBARQUE,INGRESO,MovimientosPorContrato_20260627.xlsx,NO_TRUCKFLOW_MATCH
CTG_10133136022,GFY857,2026-06-26T07:58:00,2026-06-27T01:05:00,MAIZ,CELDA_171_-_CENTRO,AVELLANEDA,INGRESO,MovimientosPorContrato_20260627.xlsx,NO_TRUCKFLOW_MATCH
CTG_10233144417,AAV547,2026-06-26T20:14:00,2026-06-27T01:06:00,SOJA,VOLCABLE_PTO_2,TERMINAL_EMBARQUE,INGRESO,MovimientosPorContrato_20260627.xlsx,NO_TRUCKFLOW_MATCH
CTG_10233148855,AD089BH,2026-06-26T20:14:00,2026-06-27T01:09:00,SOJA,VOLCABLE_PTO_3,TERMINAL_EMBARQUE,INGRESO,MovimientosPorContrato_20260627.xlsx,NO_TRUCKFLOW_MATCH
CTG_10233148045,LSU040,2026-06-26T20:08:00,2026-06-27T01:13:00,SOJA,VOLCABLE_PTO_2,TERMINAL_EMBARQUE,INGRESO,MovimientosPorContrato_20260627.xlsx,NO_TRUCKFLOW_MATCH
CTG_10133157287,RFN988,2026-06-26T20:23:00,2026-06-27T01:16:00,SOJA,VOLCABLE_PTO_3,TERMINAL_EMBARQUE,INGRESO,MovimientosPorContrato_20260627.xlsx,NO_TRUCKFLOW_MATCH
CTG_10133133575,AI112IM,2026-06-26T08:50:00,2026-06-27T01:17:00,MAIZ,CELDA_171_-_CENTRO,AVELLANEDA,INGRESO,MovimientosPorContrato_20260627.xlsx,NO_TRUCKFLOW_MATCH
CTG_10133151975,EVU853,2026-06-26T20:22:00,2026-06-27T01:19:00,SOJA,VOLCABLE_PTO_2,TERMINAL_EMBARQUE,INGRESO,MovimientosPorContrato_20260627.xlsx,NO_TRUCKFLOW_MATCH
CTG_10133139727,IZX624,2026-06-26T22:03:00,2026-06-27T01:20:00,GIRASOL,VOLCABLE_1,RICARDONE,INGRESO,MovimientosPorContrato_20260627.xlsx,NO_TRUCKFLOW_MATCH
CTG_10133148291,GKK934,2026-06-26T18:15:00,2026-06-27T01:21:00,SOJA,VOLCABLE_PTO_5,TERMINAL_EMBARQUE,INGRESO,MovimientosPorContrato_20260627.xlsx,NO_TRUCKFLOW_MATCH
CTG_10133162491,IYE454,2026-06-26T20:24:00,2026-06-27T01:25:00,SOJA,VOLCABLE_PTO_2,TERMINAL_EMBARQUE,INGRESO,MovimientosPorContrato_20260627.xlsx,NO_TRUCKFLOW_MATCH
CTG_10133150481,ADL636,2026-06-26T18:41:00,2026-06-27T01:27:00,SOJA,VOLCABLE_PTO_3,TERMINAL_EMBARQUE,INGRESO,MovimientosPorContrato_20260627.xlsx,NO_TRUCKFLOW_MATCH
CTG_10133148647,NUW684,2026-06-26T20:31:00,2026-06-27T01:31:00,SOJA,VOLCABLE_PTO_2,TERMINAL_EMBARQUE,INGRESO,MovimientosPorContrato_20260627.xlsx,NO_TRUCKFLOW_MATCH
CTG_10133156725,VRV487,2026-06-26T20:24:00,2026-06-27T01:32:00,SOJA,VOLCABLE_PTO_3,TERMINAL_EMBARQUE,INGRESO,MovimientosPorContrato_20260627.xlsx,NO_TRUCKFLOW_MATCH
CTG_10133150258,AC448UC,2026-06-26T18:48:00,2026-06-27T01:33:00,SOJA,VOLCABLE_PTO_5,TERMINAL_EMBARQUE,INGRESO,MovimientosPorContrato_20260627.xlsx,NO_TRUCKFLOW_MATCH
CTG_10133150338,AZS144,2026-06-26T19:10:00,2026-06-27T01:37:00,SOJA,VOLCABLE_PTO_5,TERMINAL_EMBARQUE,INGRESO,MovimientosPorContrato_20260627.xlsx,NO_TRUCKFLOW_MATCH
CTG_10233162907,FZR283,2026-06-26T20:33:00,2026-06-27T01:39:00,SOJA,VOLCABLE_PTO_2,TERMINAL_EMBARQUE,INGRESO,MovimientosPorContrato_20260627.xlsx,NO_TRUCKFLOW_MATCH
CTG_10233166838,CRU969,2026-06-26T20:27:00,2026-06-27T01:41:00,SOJA,VOLCABLE_PTO_3,TERMINAL_EMBARQUE,INGRESO,MovimientosPorContrato_20260627.xlsx,NO_TRUCKFLOW_MATCH
CTG_10133142879,GZO504,2026-06-26T18:19:00,2026-06-27T01:45:00,SOJA,VOLCABLE_PTO_5,TERMINAL_EMBARQUE,INGRESO,MovimientosPorContrato_20260627.xlsx,NO_TRUCKFLOW_MATCH
CTG_10233161661,OKH237,2026-06-26T20:38:00,2026-06-27T01:46:00,SOJA,VOLCABLE_PTO_2,TERMINAL_EMBARQUE,INGRESO,MovimientosPorContrato_20260627.xlsx,NO_TRUCKFLOW_MATCH
CTG_10233146645,AI208DC,2026-06-26T19:22:00,2026-06-27T01:47:00,SOJA,VOLCABLE_PTO_5,TERMINAL_EMBARQUE,INGRESO,MovimientosPorContrato_20260627.xlsx,NO_TRUCKFLOW_MATCH
CTG_10233153556,SHA456,2026-06-26T20:52:00,2026-06-27T01:48:00,SOJA,VOLCABLE_PTO_3,TERMINAL_EMBARQUE,INGRESO,MovimientosPorContrato_20260627.xlsx,NO_TRUCKFLOW_MATCH
CTG_10133161506,KKS778,2026-06-26T21:09:00,2026-06-27T01:51:00,SOJA,VOLCABLE_PTO_3,TERMINAL_EMBARQUE,INGRESO,MovimientosPorContrato_20260627.xlsx,NO_TRUCKFLOW_MATCH
CTG_10233152441,ATT247,2026-06-26T20:51:00,2026-06-27T01:52:00,SOJA,VOLCABLE_PTO_2,TERMINAL_EMBARQUE,INGRESO,MovimientosPorContrato_20260627.xlsx,NO_TRUCKFLOW_MATCH
CTG_10133138036,AE398PP,2026-06-26T08:51:00,2026-06-27T01:54:00,MAIZ,CELDA_171_-_CENTRO,AVELLANEDA,INGRESO,MovimientosPorContrato_20260627.xlsx,NO_TRUCKFLOW_MATCH
CTG_10133139524,JMS743,2026-06-26T20:53:00,2026-06-27T01:58:00,SOJA,VOLCABLE_PTO_2,TERMINAL_EMBARQUE,INGRESO,MovimientosPorContrato_20260627.xlsx,NO_TRUCKFLOW_MATCH
CTG_10233167636,UNX312,2026-06-26T21:03:00,2026-06-27T01:59:00,SOJA,VOLCABLE_PTO_3,TERMINAL_EMBARQUE,INGRESO,MovimientosPorContrato_20260627.xlsx,NO_TRUCKFLOW_MATCH
CTG_10233157942,AE646GM,2026-06-26T21:05:00,2026-06-27T02:04:00,SOJA,VOLCABLE_PTO_2,TERMINAL_EMBARQUE,INGRESO,MovimientosPorContrato_20260627.xlsx,NO_TRUCKFLOW_MATCH
CTG_10133163470,HAL485,2026-06-26T19:55:00,2026-06-27T02:08:00,SOJA,VOLCABLE_PTO_5,TERMINAL_EMBARQUE,INGRESO,MovimientosPorContrato_20260627.xlsx,NO_TRUCKFLOW_MATCH
CTG_10133140700,HCO481,2026-06-26T22:04:00,2026-06-27T02:09:00,GIRASOL,VOLCABLE_1,RICARDONE,INGRESO,MovimientosPorContrato_20260627.xlsx,NO_TRUCKFLOW_MATCH
CTG_10133147564,AH786DH,2026-06-26T21:23:00,2026-06-27T02:10:00,SOJA,VOLCABLE_PTO_2,TERMINAL_EMBARQUE,INGRESO,MovimientosPorContrato_20260627.xlsx,NO_TRUCKFLOW_MATCH
CTG_10133147709,AB244PM,2026-06-26T21:23:00,2026-06-27T02:11:00,SOJA,VOLCABLE_PTO_3,TERMINAL_EMBARQUE,INGRESO,MovimientosPorContrato_20260627.xlsx,NO_TRUCKFLOW_MATCH
CTG_10133138381,AD678LW,2026-06-26T21:31:00,2026-06-27T02:13:00,SOJA,VOLCABLE_PTO_3,TERMINAL_EMBARQUE,INGRESO,MovimientosPorContrato_20260627.xlsx,NO_TRUCKFLOW_MATCH
CTG_10133118952,AE110WH,2026-06-26T21:35:00,2026-06-27T02:14:00,SOJA,VOLCABLE_PTO_2,TERMINAL_EMBARQUE,INGRESO,MovimientosPorContrato_20260627.xlsx,NO_TRUCKFLOW_MATCH
CTG_10133162661,HKI697,2026-06-26T21:47:00,2026-06-27T02:18:00,SOJA,VOLCABLE_PTO_2,TERMINAL_EMBARQUE,INGRESO,MovimientosPorContrato_20260627.xlsx,NO_TRUCKFLOW_MATCH
CTG_10133119044,AB170UF,2026-06-26T21:34:00,2026-06-27T02:21:00,SOJA,VOLCABLE_PTO_3,TERMINAL_EMBARQUE,INGRESO,MovimientosPorContrato_20260627.xlsx,NO_TRUCKFLOW_MATCH
CTG_10133127144,RQE570,2026-06-26T07:28:00,2026-06-27T02:28:00,MAIZ,CELDA_171_-_CENTRO,AVELLANEDA,INGRESO,MovimientosPorContrato_20260627.xlsx,NO_TRUCKFLOW_MATCH
CTG_10133118839,OLM973,2026-06-26T21:35:00,2026-06-27T02:31:00,SOJA,VOLCABLE_PTO_2,TERMINAL_EMBARQUE,INGRESO,MovimientosPorContrato_20260627.xlsx,NO_TRUCKFLOW_MATCH
CTG_10133156585,MJS924,2026-06-26T20:26:00,2026-06-27T02:33:00,SOJA,VOLCABLE_PTO_5,TERMINAL_EMBARQUE,INGRESO,MovimientosPorContrato_20260627.xlsx,NO_TRUCKFLOW_MATCH
CTG_10133151558,KYF307,2026-06-26T20:28:00,2026-06-27T02:36:00,SOJA,VOLCABLE_PTO_5,TERMINAL_EMBARQUE,INGRESO,MovimientosPorContrato_20260627.xlsx,NO_TRUCKFLOW_MATCH
CTG_10100493893,AH321TK,2026-06-26T22:18:00,2026-06-27T02:42:00,SOJA,VOLCABLE_PTO_5,TERMINAL_EMBARQUE,INGRESO,MovimientosPorContrato_20260627.xlsx,NO_TRUCKFLOW_MATCH
CTG_10133138663,LDX760,2026-06-26T22:14:00,2026-06-27T02:51:00,GIRASOL,VOLCABLE_1,RICARDONE,INGRESO,MovimientosPorContrato_20260627.xlsx,NO_TRUCKFLOW_MATCH
CTG_10133138848,AG700LA,2026-06-26T08:59:00,2026-06-27T02:58:00,MAIZ,CELDA_171_-_CENTRO,AVELLANEDA,INGRESO,MovimientosPorContrato_20260627.xlsx,NO_TRUCKFLOW_MATCH
CTG_10133149570,AA447PH,2026-06-26T22:13:00,2026-06-27T03:04:00,SOJA,VOLCABLE_PTO_5,TERMINAL_EMBARQUE,INGRESO,MovimientosPorContrato_20260627.xlsx,NO_TRUCKFLOW_MATCH
CTG_10133146769,NIX919,2026-06-26T21:58:00,2026-06-27T03:06:00,SOJA,VOLCABLE_PTO_5,TERMINAL_EMBARQUE,INGRESO,MovimientosPorContrato_20260627.xlsx,NO_TRUCKFLOW_MATCH
CTG_10133146491,NHB130,2026-06-26T21:59:00,2026-06-27T03:10:00,SOJA,VOLCABLE_PTO_5,TERMINAL_EMBARQUE,INGRESO,MovimientosPorContrato_20260627.xlsx,NO_TRUCKFLOW_MATCH
CTG_10233143404,UQW840,2026-06-26T09:29:00,2026-06-27T03:23:00,MAIZ,CELDA_171_-_CENTRO,AVELLANEDA,INGRESO,MovimientosPorContrato_20260627.xlsx,NO_TRUCKFLOW_MATCH
CTG_10133167307,TJP375,2026-06-26T22:19:00,2026-06-27T03:28:00,SOJA,VOLCABLE_PTO_5,TERMINAL_EMBARQUE,INGRESO,MovimientosPorContrato_20260627.xlsx,NO_TRUCKFLOW_MATCH
CTG_10233162051,VCI376,2026-06-26T22:24:00,2026-06-27T03:31:00,SOJA,VOLCABLE_PTO_5,TERMINAL_EMBARQUE,INGRESO,MovimientosPorContrato_20260627.xlsx,NO_TRUCKFLOW_MATCH
CTG_10133152160,OUP664,2026-06-26T21:48:00,2026-06-27T03:40:00,SOJA,VOLCABLE_PTO_2,TERMINAL_EMBARQUE,INGRESO,MovimientosPorContrato_20260627.xlsx,NO_TRUCKFLOW_MATCH
CTG_10133156114,AI007FJ,2026-06-26T18:43:00,2026-06-27T03:42:00,SOJA,VOLCABLE_PTO_3,TERMINAL_EMBARQUE,INGRESO,MovimientosPorContrato_20260627.xlsx,NO_TRUCKFLOW_MATCH
CTG_10133138272,AD671JM,2026-06-26T18:44:00,2026-06-27T03:43:00,SOJA,VOLCABLE_PTO_2,TERMINAL_EMBARQUE,INGRESO,MovimientosPorContrato_20260627.xlsx,NO_TRUCKFLOW_MATCH
CTG_10133149869,AA292TE,2026-06-26T22:01:00,2026-06-27T03:47:00,SOJA,VOLCABLE_PTO_3,TERMINAL_EMBARQUE,INGRESO,MovimientosPorContrato_20260627.xlsx,NO_TRUCKFLOW_MATCH
CTG_10233155752,KHL153,2026-06-26T22:15:00,2026-06-27T03:53:00,GIRASOL,VOLCABLE_1,RICARDONE,INGRESO,MovimientosPorContrato_20260627.xlsx,NO_TRUCKFLOW_MATCH
CTG_10133134946,AC071AA,2026-06-26T09:53:00,2026-06-27T03:53:00,MAIZ,CELDA_171_-_CENTRO,AVELLANEDA,INGRESO,MovimientosPorContrato_20260627.xlsx,NO_TRUCKFLOW_MATCH
CTG_10233157316,AD542VA,2026-06-26T21:26:00,2026-06-27T03:53:00,SOJA,VOLCABLE_PTO_5,TERMINAL_EMBARQUE,INGRESO,MovimientosPorContrato_20260627.xlsx,NO_TRUCKFLOW_MATCH
CTG_10233158642,OSO405,2026-06-26T19:11:00,2026-06-27T03:55:00,SOJA,VOLCABLE_PTO_3,TERMINAL_EMBARQUE,INGRESO,MovimientosPorContrato_20260627.xlsx,NO_TRUCKFLOW_MATCH
CTG_10133147802,AH972SC,2026-06-26T19:03:00,2026-06-27T03:57:00,SOJA,VOLCABLE_PTO_2,TERMINAL_EMBARQUE,INGRESO,MovimientosPorContrato_20260627.xlsx,NO_TRUCKFLOW_MATCH
CTG_10133151135,DHY514,2026-06-26T19:12:00,2026-06-27T03:58:00,SOJA,VOLCABLE_PTO_2,TERMINAL_EMBARQUE,INGRESO,MovimientosPorContrato_20260627.xlsx,NO_TRUCKFLOW_MATCH
CTG_10133159990,AD994XF,2026-06-26T19:19:00,2026-06-27T03:59:00,SOJA,VOLCABLE_PTO_3,TERMINAL_EMBARQUE,INGRESO,MovimientosPorContrato_20260627.xlsx,NO_TRUCKFLOW_MATCH
CTG_10233160663,AD934TQ,2026-06-26T22:23:00,2026-06-27T04:00:00,SOJA,VOLCABLE_PTO_5,TERMINAL_EMBARQUE,INGRESO,MovimientosPorContrato_20260627.xlsx,NO_TRUCKFLOW_MATCH
CTG_10133152762,AE508JJ,2026-06-26T19:23:00,2026-06-27T04:04:00,SOJA,VOLCABLE_PTO_3,TERMINAL_EMBARQUE,INGRESO,MovimientosPorContrato_20260627.xlsx,NO_TRUCKFLOW_MATCH
CTG_10233153050,PKC641,2026-06-26T21:57:00,2026-06-27T04:06:00,SOJA,VOLCABLE_PTO_2,TERMINAL_EMBARQUE,INGRESO,MovimientosPorContrato_20260627.xlsx,NO_TRUCKFLOW_MATCH
CTG_10133136086,IXH795,2026-06-26T19:20:00,2026-06-27T04:10:00,SOJA,VOLCABLE_PTO_2,TERMINAL_EMBARQUE,INGRESO,MovimientosPorContrato_20260627.xlsx,NO_TRUCKFLOW_MATCH
CTG_10133147952,AB152IP,2026-06-26T19:34:00,2026-06-27T04:12:00,SOJA,VOLCABLE_PTO_3,TERMINAL_EMBARQUE,INGRESO,MovimientosPorContrato_20260627.xlsx,NO_TRUCKFLOW_MATCH
CTG_10133151396,IYI890,2026-06-26T20:25:00,2026-06-27T04:17:00,SOJA,VOLCABLE_PTO_3,TERMINAL_EMBARQUE,INGRESO,MovimientosPorContrato_20260627.xlsx,NO_TRUCKFLOW_MATCH
CTG_10133158156,TYI129,2026-06-26T20:07:00,2026-06-27T04:20:00,SOJA,VOLCABLE_PTO_2,TERMINAL_EMBARQUE,INGRESO,MovimientosPorContrato_20260627.xlsx,NO_TRUCKFLOW_MATCH
CTG_10133157325,MWP747,2026-06-26T22:09:00,2026-06-27T04:23:00,SOJA,VOLCABLE_PTO_5,TERMINAL_EMBARQUE,INGRESO,MovimientosPorContrato_20260627.xlsx,NO_TRUCKFLOW_MATCH
CTG_10233167257,AI020BN,2026-06-26T20:26:00,2026-06-27T04:24:00,SOJA,VOLCABLE_PTO_2,TERMINAL_EMBARQUE,INGRESO,MovimientosPorContrato_20260627.xlsx,NO_TRUCKFLOW_MATCH
CTG_10233161067,PQP970,2026-06-26T20:32:00,2026-06-27T04:25:00,SOJA,VOLCABLE_PTO_3,TERMINAL_EMBARQUE,INGRESO,MovimientosPorContrato_20260627.xlsx,NO_TRUCKFLOW_MATCH
CTG_10133152601,EXR646,2026-06-26T22:25:00,2026-06-27T04:26:00,SOJA,VOLCABLE_PTO_5,TERMINAL_EMBARQUE,INGRESO,MovimientosPorContrato_20260627.xlsx,NO_TRUCKFLOW_MATCH
CTG_10133164467,JAQ027,2026-06-26T22:06:00,2026-06-27T04:27:00,SOJA,VOLCABLE_PTO_3,TERMINAL_EMBARQUE,INGRESO,MovimientosPorContrato_20260627.xlsx,NO_TRUCKFLOW_MATCH
CTG_10133138689,OOD372,2026-06-26T20:54:00,2026-06-27T04:27:00,GIRASOL,VOLCABLE_1,RICARDONE,INGRESO,MovimientosPorContrato_20260627.xlsx,NO_TRUCKFLOW_MATCH
CTG_10133149996,DQP460,2026-06-26T22:30:00,2026-06-27T04:29:00,SOJA,VOLCABLE_PTO_5,TERMINAL_EMBARQUE,INGRESO,MovimientosPorContrato_20260627.xlsx,NO_TRUCKFLOW_MATCH
CTG_10133124437,KKM797,2026-06-26T22:05:00,2026-06-27T04:30:00,SOJA,VOLCABLE_PTO_2,TERMINAL_EMBARQUE,INGRESO,MovimientosPorContrato_20260627.xlsx,NO_TRUCKFLOW_MATCH
CTG_10133160415,CCK787,2026-06-26T22:08:00,2026-06-27T04:31:00,SOJA,VOLCABLE_PTO_2,TERMINAL_EMBARQUE,INGRESO,MovimientosPorContrato_20260627.xlsx,NO_TRUCKFLOW_MATCH
CTG_10233145101,SGH537,2026-06-26T10:10:00,2026-06-27T04:32:00,MAIZ,CELDA_171_-_CENTRO,AVELLANEDA,INGRESO,MovimientosPorContrato_20260627.xlsx,NO_TRUCKFLOW_MATCH
CTG_10133160516,KDX648,2026-06-26T22:09:00,2026-06-27T04:33:00,SOJA,VOLCABLE_PTO_3,TERMINAL_EMBARQUE,INGRESO,MovimientosPorContrato_20260627.xlsx,NO_TRUCKFLOW_MATCH
CTG_10133150852,AB168HB,2026-06-26T22:10:00,2026-06-27T04:35:00,SOJA,VOLCABLE_PTO_2,TERMINAL_EMBARQUE,INGRESO,MovimientosPorContrato_20260627.xlsx,NO_TRUCKFLOW_MATCH
CTG_10133152958,AA958HI,2026-06-26T22:30:00,2026-06-27T04:39:00,SOJA,VOLCABLE_PTO_5,TERMINAL_EMBARQUE,INGRESO,MovimientosPorContrato_20260627.xlsx,NO_TRUCKFLOW_MATCH
CTG_10133142785,AC812PK,2026-06-26T22:11:00,2026-06-27T04:40:00,SOJA,VOLCABLE_PTO_2,TERMINAL_EMBARQUE,INGRESO,MovimientosPorContrato_20260627.xlsx,NO_TRUCKFLOW_MATCH
CTG_10133157065,AD685JX,2026-06-26T22:07:00,2026-06-27T04:41:00,SOJA,VOLCABLE_PTO_3,TERMINAL_EMBARQUE,INGRESO,MovimientosPorContrato_20260627.xlsx,NO_TRUCKFLOW_MATCH
CTG_10133150037,HHP122,2026-06-26T22:35:00,2026-06-27T04:43:00,SOJA,VOLCABLE_PTO_5,TERMINAL_EMBARQUE,INGRESO,MovimientosPorContrato_20260627.xlsx,NO_TRUCKFLOW_MATCH
CTG_10133160366,AH776NX,2026-06-26T23:04:00,2026-06-27T04:49:00,SOJA,VOLCABLE_PTO_5,TERMINAL_EMBARQUE,INGRESO,MovimientosPorContrato_20260627.xlsx,NO_TRUCKFLOW_MATCH
CTG_10233165690,EYI229,2026-06-26T22:16:00,2026-06-27T04:50:00,SOJA,VOLCABLE_PTO_3,TERMINAL_EMBARQUE,INGRESO,MovimientosPorContrato_20260627.xlsx,NO_TRUCKFLOW_MATCH
CTG_10233162316,TYB116,2026-06-26T22:13:00,2026-06-27T04:55:00,SOJA,VOLCABLE_PTO_2,TERMINAL_EMBARQUE,INGRESO,MovimientosPorContrato_20260627.xlsx,NO_TRUCKFLOW_MATCH
CTG_10133153074,MPA773,2026-06-26T22:16:00,2026-06-27T04:55:00,SOJA,VOLCABLE_PTO_3,TERMINAL_EMBARQUE,INGRESO,MovimientosPorContrato_20260627.xlsx,NO_TRUCKFLOW_MATCH
CTG_10133163999,RNC875,2026-06-27T00:09:00,2026-06-27T04:57:00,GIRASOL,VOLCABLE_1,RICARDONE,INGRESO,MovimientosPorContrato_20260627.xlsx,NO_TRUCKFLOW_MATCH
COMPROB_000200430770,JHB611,2026-06-26T18:18:00,2026-06-27T04:57:00,CHIP DE EUCALIPTUS,PLAYA_LEÑA_Y_CHIP,AVELLANEDA,INGRESO,MovimientosPorContrato_20260627.xlsx,NO_TRUCKFLOW_MATCH
CTG_10133148902,AB935EM,2026-06-26T22:12:00,2026-06-27T04:57:00,SOJA,VOLCABLE_PTO_2,TERMINAL_EMBARQUE,INGRESO,MovimientosPorContrato_20260627.xlsx,NO_TRUCKFLOW_MATCH
CTG_10233144266,OIW924,2026-06-26T22:20:00,2026-06-27T04:59:00,SOJA,VOLCABLE_PTO_3,TERMINAL_EMBARQUE,INGRESO,MovimientosPorContrato_20260627.xlsx,NO_TRUCKFLOW_MATCH
CTG_10133156438,JOS447,2026-06-26T22:24:00,2026-06-27T05:00:00,SOJA,VOLCABLE_PTO_2,TERMINAL_EMBARQUE,INGRESO,MovimientosPorContrato_20260627.xlsx,NO_TRUCKFLOW_MATCH
CTG_10233169098,ABA272,2026-06-26T23:06:00,2026-06-27T05:01:00,SOJA,VOLCABLE_PTO_5,TERMINAL_EMBARQUE,INGRESO,MovimientosPorContrato_20260627.xlsx,NO_TRUCKFLOW_MATCH
CTG_10133138563,AF296VF,2026-06-26T10:14:00,2026-06-27T05:02:00,MAIZ,CELDA_171_-_CENTRO,AVELLANEDA,INGRESO,MovimientosPorContrato_20260627.xlsx,NO_TRUCKFLOW_MATCH
CTG_10233162885,AH754YX,2026-06-26T22:28:00,2026-06-27T05:04:00,SOJA,VOLCABLE_PTO_3,TERMINAL_EMBARQUE,INGRESO,MovimientosPorContrato_20260627.xlsx,NO_TRUCKFLOW_MATCH
CTG_10233160550,AH273RH,2026-06-26T22:21:00,2026-06-27T05:10:00,SOJA,VOLCABLE_PTO_2,TERMINAL_EMBARQUE,INGRESO,MovimientosPorContrato_20260627.xlsx,NO_TRUCKFLOW_MATCH
CTG_10233159460,AF932QA,2026-06-26T22:33:00,2026-06-27T05:13:00,SOJA,VOLCABLE_PTO_3,TERMINAL_EMBARQUE,INGRESO,MovimientosPorContrato_20260627.xlsx,NO_TRUCKFLOW_MATCH
CTG_10233148950,MEG969,2026-06-26T22:20:00,2026-06-27T05:16:00,SOJA,VOLCABLE_PTO_5,TERMINAL_EMBARQUE,INGRESO,MovimientosPorContrato_20260627.xlsx,NO_TRUCKFLOW_MATCH
COMPROB_000200319645,AG263EZ,2026-06-27T04:18:00,2026-06-27T05:16:00,ALCOHOL ETILICO ANHIDRO P/ BIOCOMB ORIG CEREAL,T1002,AVELLANEDA,EGRESO,MovimientosPorContrato_20260627.xlsx,NO_TRUCKFLOW_MATCH
CTG_10233161210,AG843VW,2026-06-26T22:22:00,2026-06-27T05:17:00,SOJA,VOLCABLE_PTO_2,TERMINAL_EMBARQUE,INGRESO,MovimientosPorContrato_20260627.xlsx,NO_TRUCKFLOW_MATCH
CTG_10133156016,AE422TI,2026-06-26T22:41:00,2026-06-27T05:18:00,SOJA,VOLCABLE_PTO_3,TERMINAL_EMBARQUE,INGRESO,MovimientosPorContrato_20260627.xlsx,NO_TRUCKFLOW_MATCH
CTG_10133160333,OVL175,2026-06-26T23:45:00,2026-06-27T05:22:00,SOJA,VOLCABLE_PTO_5,TERMINAL_EMBARQUE,INGRESO,MovimientosPorContrato_20260627.xlsx,NO_TRUCKFLOW_MATCH
CTG_10133138736,BQT195,2026-06-27T01:00:00,2026-06-27T05:25:00,GIRASOL,VOLCABLE_1,RICARDONE,INGRESO,MovimientosPorContrato_20260627.xlsx,NO_TRUCKFLOW_MATCH
CTG_10133156800,AE738EV,2026-06-27T00:39:00,2026-06-27T05:27:00,SOJA,VOLCABLE_PTO_5,TERMINAL_EMBARQUE,INGRESO,MovimientosPorContrato_20260627.xlsx,NO_TRUCKFLOW_MATCH
CTG_10233145597,GWQ265,2026-06-26T10:17:00,2026-06-27T05:34:00,MAIZ,CELDA_171_-_CENTRO,AVELLANEDA,INGRESO,MovimientosPorContrato_20260627.xlsx,NO_TRUCKFLOW_MATCH
CTG_10133138531,AA247JG,2026-06-26T16:17:00,2026-06-27T05:35:00,SOJA,VOLCABLE_PTO_5,TERMINAL_EMBARQUE,INGRESO,MovimientosPorContrato_20260627.xlsx,NO_TRUCKFLOW_MATCH
CTG_10233158122,JQB719,2026-06-26T22:34:00,2026-06-27T05:37:00,SOJA,VOLCABLE_PTO_2,TERMINAL_EMBARQUE,INGRESO,MovimientosPorContrato_20260627.xlsx,NO_TRUCKFLOW_MATCH
CTG_10133139578,AC061OQ,2026-06-26T22:36:00,2026-06-27T05:48:00,SOJA,VOLCABLE_PTO_2,TERMINAL_EMBARQUE,INGRESO,MovimientosPorContrato_20260627.xlsx,NO_TRUCKFLOW_MATCH
CTG_10233143552,KRX540,2026-06-26T22:37:00,2026-06-27T05:50:00,SOJA,VOLCABLE_PTO_2,TERMINAL_EMBARQUE,INGRESO,MovimientosPorContrato_20260627.xlsx,NO_TRUCKFLOW_MATCH
CTG_10233153034,ESK872,2026-06-26T22:44:00,2026-06-27T05:55:00,SOJA,VOLCABLE_PTO_2,TERMINAL_EMBARQUE,INGRESO,MovimientosPorContrato_20260627.xlsx,NO_TRUCKFLOW_MATCH
CTG_10133151252,ROU507,2026-06-26T22:38:00,2026-06-27T06:00:00,SOJA,VOLCABLE_PTO_2,TERMINAL_EMBARQUE,INGRESO,MovimientosPorContrato_20260627.xlsx,NO_TRUCKFLOW_MATCH
COMPROB_000200430773,RND344,2026-06-25T17:04:00,2026-06-27T06:07:00,LEÑA CORTA SELECC,PLAYA_LEÑA_Y_CHIP,AVELLANEDA,INGRESO,MovimientosPorContrato_20260627.xlsx,NO_TRUCKFLOW_MATCH
CTG_10133147119,AB974FB,2026-06-26T22:52:00,2026-06-27T06:09:00,SOJA,VOLCABLE_PTO_2,TERMINAL_EMBARQUE,INGRESO,MovimientosPorContrato_20260627.xlsx,NO_TRUCKFLOW_MATCH
CTG_10133081174,FKN599,2026-06-26T13:09:00,2026-06-27T06:09:00,MAIZ,CELDA_171_-_CENTRO,AVELLANEDA,INGRESO,MovimientosPorContrato_20260627.xlsx,NO_TRUCKFLOW_MATCH
CTG_10133154555,GPG565,2026-06-27T01:25:00,2026-06-27T06:14:00,GIRASOL,VOLCABLE_1,RICARDONE,INGRESO,MovimientosPorContrato_20260627.xlsx,NO_TRUCKFLOW_MATCH
CTG_10133163826,KUT425,2026-06-26T22:42:00,2026-06-27T06:16:00,SOJA,VOLCABLE_PTO_2,TERMINAL_EMBARQUE,INGRESO,MovimientosPorContrato_20260627.xlsx,NO_TRUCKFLOW_MATCH
CTG_10133151332,RMF468,2026-06-26T22:43:00,2026-06-27T06:23:00,SOJA,VOLCABLE_PTO_2,TERMINAL_EMBARQUE,INGRESO,MovimientosPorContrato_20260627.xlsx,NO_TRUCKFLOW_MATCH
CTG_10133161249,MBM579,2026-06-26T22:57:00,2026-06-27T06:27:00,SOJA,VOLCABLE_PTO_2,TERMINAL_EMBARQUE,INGRESO,MovimientosPorContrato_20260627.xlsx,NO_TRUCKFLOW_MATCH
CTG_10233166428,RXA123,2026-06-26T22:53:00,2026-06-27T06:35:00,SOJA,VOLCABLE_PTO_2,TERMINAL_EMBARQUE,INGRESO,MovimientosPorContrato_20260627.xlsx,NO_TRUCKFLOW_MATCH
CTG_10233143851,EAF258,2026-06-26T14:08:00,2026-06-27T06:38:00,MAIZ,CELDA_171_-_CENTRO,AVELLANEDA,INGRESO,MovimientosPorContrato_20260627.xlsx,NO_TRUCKFLOW_MATCH
COMPROB_000400418892,JIA232,2026-06-26T15:36:00,2026-06-27T06:52:00,TIERRA DESC FILTROS,,TERMINAL_EMBARQUE,EGRESO,MovimientosPorContrato_20260627.xlsx,NO_TRUCKFLOW_MATCH
CTG_10233145825,HHH181,2026-06-26T14:41:00,2026-06-27T07:08:00,MAIZ,CELDA_171_-_CENTRO,AVELLANEDA,INGRESO,MovimientosPorContrato_20260627.xlsx,NO_TRUCKFLOW_MATCH
COMPROB_000200430777,RQE231,2026-06-26T13:08:00,2026-06-27T07:15:00,LEÑA CORTA,PLAYA_LEÑA_Y_CHIP,AVELLANEDA,INGRESO,MovimientosPorContrato_20260627.xlsx,NO_TRUCKFLOW_MATCH
CTG_10233168097,EPK535,2026-06-26T22:54:00,2026-06-27T07:21:00,SOJA,VOLCABLE_PTO_2,TERMINAL_EMBARQUE,INGRESO,MovimientosPorContrato_20260627.xlsx,NO_TRUCKFLOW_MATCH
COMPROB_000200430778,DZH986,2026-06-26T12:23:00,2026-06-27T07:23:00,LEÑA CORTA,PLAYA_LEÑA_Y_CHIP,AVELLANEDA,INGRESO,MovimientosPorContrato_20260627.xlsx,NO_TRUCKFLOW_MATCH
CTG_10133141990,VUM638,2026-06-26T23:01:00,2026-06-27T07:25:00,SOJA,VOLCABLE_PTO_3,TERMINAL_EMBARQUE,INGRESO,MovimientosPorContrato_20260627.xlsx,NO_TRUCKFLOW_MATCH
CTG_10133142135,STD324,2026-06-26T23:01:00,2026-06-27T07:26:00,SOJA,VOLCABLE_PTO_2,TERMINAL_EMBARQUE,INGRESO,MovimientosPorContrato_20260627.xlsx,NO_TRUCKFLOW_MATCH
CTG_10133156183,AE886SA,2026-06-26T23:07:00,2026-06-27T07:27:00,SOJA,VOLCABLE_PTO_3,TERMINAL_EMBARQUE,INGRESO,MovimientosPorContrato_20260627.xlsx,NO_TRUCKFLOW_MATCH
CTG_10133156655,AC648LL,2026-06-26T23:15:00,2026-06-27T07:33:00,SOJA,VOLCABLE_PTO_2,TERMINAL_EMBARQUE,INGRESO,MovimientosPorContrato_20260627.xlsx,NO_TRUCKFLOW_MATCH
CTG_10133126361,DQF373,2026-06-26T17:25:00,2026-06-27T07:35:00,MAIZ,CELDA_171_-_CENTRO,AVELLANEDA,INGRESO,MovimientosPorContrato_20260627.xlsx,NO_TRUCKFLOW_MATCH
CTG_10133162068,KCX278,2026-06-26T23:12:00,2026-06-27T07:40:00,SOJA,VOLCABLE_PTO_2,TERMINAL_EMBARQUE,INGRESO,MovimientosPorContrato_20260627.xlsx,NO_TRUCKFLOW_MATCH
CTG_10133157644,AH663MB,2026-06-27T01:44:00,2026-06-27T07:44:00,SOJA,VOLCABLE_PTO_5,TERMINAL_EMBARQUE,INGRESO,MovimientosPorContrato_20260627.xlsx,NO_TRUCKFLOW_MATCH
CTG_10133151172,GON259,2026-06-26T23:03:00,2026-06-27T07:47:00,SOJA,VOLCABLE_PTO_2,TERMINAL_EMBARQUE,INGRESO,MovimientosPorContrato_20260627.xlsx,NO_TRUCKFLOW_MATCH
COMPROB_000200319646,AC108UI,2026-06-27T07:07:00,2026-06-27T07:48:00,DDG BURLANDA SECA DE MAIZ SIN SOLUBLES,DEPOSITO_BURLANDAS,AVELLANEDA,EGRESO,MovimientosPorContrato_20260627.xlsx,NO_TRUCKFLOW_MATCH
CTG_10133159403,AI097YF,2026-06-26T23:16:00,2026-06-27T07:51:00,SOJA,VOLCABLE_PTO_2,TERMINAL_EMBARQUE,INGRESO,MovimientosPorContrato_20260627.xlsx,NO_TRUCKFLOW_MATCH
COMPROB_000400418893,OFG785,2026-06-27T05:55:00,2026-06-27T07:56:00,AC GIRASOL OLEICO REFINADO,ACEITE_OSL,TERMINAL_EMBARQUE,EGRESO,MovimientosPorContrato_20260627.xlsx,NO_TRUCKFLOW_MATCH
CTG_10233154422,AD709GM,2026-06-26T23:20:00,2026-06-27T08:00:00,SOJA,VOLCABLE_PTO_2,TERMINAL_EMBARQUE,INGRESO,MovimientosPorContrato_20260627.xlsx,NO_TRUCKFLOW_MATCH
CTG_10133124430,AC222EM,2026-06-26T17:27:00,2026-06-27T08:03:00,MAIZ,CELDA_171_-_CENTRO,AVELLANEDA,INGRESO,MovimientosPorContrato_20260627.xlsx,NO_TRUCKFLOW_MATCH
CTG_10133163825,OTB556,2026-06-26T23:50:00,2026-06-27T08:15:00,SOJA,VOLCABLE_PTO_2,TERMINAL_EMBARQUE,INGRESO,MovimientosPorContrato_20260627.xlsx,NO_TRUCKFLOW_MATCH
COMPROB_000200319647,AF019SV,2026-06-27T07:15:00,2026-06-27T08:17:00,ALCOHOL ETILICO ANHIDRO P/ BIOCOMB ORIG CEREAL,T1002,AVELLANEDA,EGRESO,MovimientosPorContrato_20260627.xlsx,NO_TRUCKFLOW_MATCH
CTG_10233162753,MEN669,2026-06-26T23:41:00,2026-06-27T08:19:00,SOJA,VOLCABLE_PTO_2,TERMINAL_EMBARQUE,INGRESO,MovimientosPorContrato_20260627.xlsx,NO_TRUCKFLOW_MATCH
COMPROB_000400418894,MKA348,2026-06-27T00:34:00,2026-06-27T08:23:00,AC GIRASOL OLEICO REFINADO,ACEITE_OSL,TERMINAL_EMBARQUE,EGRESO,MovimientosPorContrato_20260627.xlsx,NO_TRUCKFLOW_MATCH
CTG_10133156861,MYL833,2026-06-26T23:41:00,2026-06-27T08:30:00,SOJA,VOLCABLE_PTO_2,TERMINAL_EMBARQUE,INGRESO,MovimientosPorContrato_20260627.xlsx,NO_TRUCKFLOW_MATCH
CTG_10133143586,BSM064,2026-06-26T19:57:00,2026-06-27T08:36:00,MAIZ,CELDA_171_-_CENTRO,AVELLANEDA,INGRESO,MovimientosPorContrato_20260627.xlsx,NO_TRUCKFLOW_MATCH
CTG_10133160631,OTS106,2026-06-26T23:51:00,2026-06-27T08:40:00,SOJA,VOLCABLE_PTO_2,TERMINAL_EMBARQUE,INGRESO,MovimientosPorContrato_20260627.xlsx,NO_TRUCKFLOW_MATCH
COMPROB_000400418895,OGA047,2026-06-27T04:29:00,2026-06-27T08:43:00,AC GIRASOL OLEICO REFINADO,ACEITE_OSL,TERMINAL_EMBARQUE,EGRESO,MovimientosPorContrato_20260627.xlsx,NO_TRUCKFLOW_MATCH
CTG_10133146999,CHM583,2026-06-26T23:53:00,2026-06-27T08:44:00,SOJA,VOLCABLE_PTO_2,TERMINAL_EMBARQUE,INGRESO,MovimientosPorContrato_20260627.xlsx,NO_TRUCKFLOW_MATCH
CTG_10133147713,FGD698,2026-06-26T23:17:00,2026-06-27T08:50:00,SOJA,VOLCABLE_PTO_2,TERMINAL_EMBARQUE,INGRESO,MovimientosPorContrato_20260627.xlsx,NO_TRUCKFLOW_MATCH
COMPROB_000400418896,JIA232,2026-06-27T08:26:00,2026-06-27T08:55:00,TIERRA DESC FILTROS,,TERMINAL_EMBARQUE,EGRESO,MovimientosPorContrato_20260627.xlsx,NO_TRUCKFLOW_MATCH
CTG_10133143881,AWL247,2026-06-26T19:59:00,2026-06-27T08:56:00,MAIZ,CELDA_171_-_CENTRO,AVELLANEDA,INGRESO,MovimientosPorContrato_20260627.xlsx,NO_TRUCKFLOW_MATCH
CTG_10133143731,EVC258,2026-06-26T23:54:00,2026-06-27T09:05:00,SOJA,VOLCABLE_PTO_2,TERMINAL_EMBARQUE,INGRESO,MovimientosPorContrato_20260627.xlsx,NO_TRUCKFLOW_MATCH
CTG_10133169176,BPJ994,2026-06-27T01:36:00,2026-06-27T09:06:00,SOJA,VOLCABLE_PTO_2,TERMINAL_EMBARQUE,INGRESO,MovimientosPorContrato_20260627.xlsx,NO_TRUCKFLOW_MATCH
CTG_10133143605,HVG629,2026-06-26T23:55:00,2026-06-27T09:14:00,SOJA,VOLCABLE_PTO_2,TERMINAL_EMBARQUE,INGRESO,MovimientosPorContrato_20260627.xlsx,NO_TRUCKFLOW_MATCH
COMPROB_000400418897,AD887XZ,2026-06-27T05:03:00,2026-06-27T09:20:00,AC GIRASOL OLEICO REFINADO,ACEITE_OSL,TERMINAL_EMBARQUE,EGRESO,MovimientosPorContrato_20260627.xlsx,NO_TRUCKFLOW_MATCH
CTG_10133127318,DEG629,2026-06-26T23:57:00,2026-06-27T09:22:00,SOJA,VOLCABLE_PTO_2,TERMINAL_EMBARQUE,INGRESO,MovimientosPorContrato_20260627.xlsx,NO_TRUCKFLOW_MATCH
COMPROB_000400418898,FDX990,2026-06-27T06:52:00,2026-06-27T09:23:00,AC GIRASOL OLEICO REFINADO,ACEITE_OSL,TERMINAL_EMBARQUE,EGRESO,MovimientosPorContrato_20260627.xlsx,NO_TRUCKFLOW_MATCH
CTG_10133152081,PQP293,2026-06-27T00:04:00,2026-06-27T09:25:00,SOJA,VOLCABLE_PTO_2,TERMINAL_EMBARQUE,INGRESO,MovimientosPorContrato_20260627.xlsx,NO_TRUCKFLOW_MATCH
CTG_10133136211,VYA553,2026-06-26T18:09:00,2026-06-27T09:27:00,MAIZ,CELDA_171_-_CENTRO,AVELLANEDA,INGRESO,MovimientosPorContrato_20260627.xlsx,NO_TRUCKFLOW_MATCH
CTG_10133152397,AB263IF,2026-06-27T00:05:00,2026-06-27T09:32:00,SOJA,VOLCABLE_PTO_2,TERMINAL_EMBARQUE,INGRESO,MovimientosPorContrato_20260627.xlsx,NO_TRUCKFLOW_MATCH
CTG_10133150831,AA252VW,2026-06-27T00:08:00,2026-06-27T09:38:00,SOJA,VOLCABLE_PTO_2,TERMINAL_EMBARQUE,INGRESO,MovimientosPorContrato_20260627.xlsx,NO_TRUCKFLOW_MATCH
CTG_10233166724,MZP447,2026-06-26T23:56:00,2026-06-27T09:44:00,SOJA,VOLCABLE_PTO_2,TERMINAL_EMBARQUE,INGRESO,MovimientosPorContrato_20260627.xlsx,NO_TRUCKFLOW_MATCH
COMPROB_000400418899,KWO040,2026-06-27T06:00:00,2026-06-27T09:48:00,AC GIRASOL OLEICO REFINADO,ACEITE_OSL,TERMINAL_EMBARQUE,EGRESO,MovimientosPorContrato_20260627.xlsx,NO_TRUCKFLOW_MATCH
CTG_10133136253,EET265,2026-06-26T18:17:00,2026-06-27T09:50:00,MAIZ,CELDA_171_-_CENTRO,AVELLANEDA,INGRESO,MovimientosPorContrato_20260627.xlsx,NO_TRUCKFLOW_MATCH
CTG_10133155636,EJH856,2026-06-27T00:06:00,2026-06-27T09:54:00,SOJA,VOLCABLE_PTO_2,TERMINAL_EMBARQUE,INGRESO,MovimientosPorContrato_20260627.xlsx,NO_TRUCKFLOW_MATCH
COMPROB_000200430785,AH210AI,2026-06-27T06:56:00,2026-06-27T09:56:00,CHIP DE PINO,PLAYA_LEÑA_Y_CHIP,AVELLANEDA,INGRESO,MovimientosPorContrato_20260627.xlsx,NO_TRUCKFLOW_MATCH
COMPROB_000200319648,AF499NG,2026-06-27T08:11:00,2026-06-27T09:59:00,ALCOHOL ETILICO ANHIDRO P/ BIOCOMB ORIG CEREAL,T1002,AVELLANEDA,EGRESO,MovimientosPorContrato_20260627.xlsx,NO_TRUCKFLOW_MATCH
CTG_10233164620,AB930VZ,2026-06-26T23:00:00,2026-06-27T09:59:00,SOJA,VOLCABLE_PTO_2,TERMINAL_EMBARQUE,INGRESO,MovimientosPorContrato_20260627.xlsx,NO_TRUCKFLOW_MATCH
CTG_10133147318,AG607WK,2026-06-27T00:10:00,2026-06-27T10:04:00,SOJA,VOLCABLE_PTO_3,TERMINAL_EMBARQUE,INGRESO,MovimientosPorContrato_20260627.xlsx,NO_TRUCKFLOW_MATCH
CTG_10133147431,AF680SK,2026-06-27T00:11:00,2026-06-27T10:05:00,SOJA,VOLCABLE_PTO_5,TERMINAL_EMBARQUE,INGRESO,MovimientosPorContrato_20260627.xlsx,NO_TRUCKFLOW_MATCH
CTG_10133155173,AE255EF,2026-06-26T23:59:00,2026-06-27T10:08:00,SOJA,VOLCABLE_PTO_2,TERMINAL_EMBARQUE,INGRESO,MovimientosPorContrato_20260627.xlsx,NO_TRUCKFLOW_MATCH
COMPROB_000400418900,EMU873,2026-06-27T06:53:00,2026-06-27T10:10:00,AC GIRASOL OLEICO REFINADO,ACEITE_OSL,TERMINAL_EMBARQUE,EGRESO,MovimientosPorContrato_20260627.xlsx,NO_TRUCKFLOW_MATCH
CTG_10233167306,AH386HW,2026-06-27T00:19:00,2026-06-27T10:13:00,SOJA,VOLCABLE_PTO_2,TERMINAL_EMBARQUE,INGRESO,MovimientosPorContrato_20260627.xlsx,NO_TRUCKFLOW_MATCH
CTG_10133163785,AA122GZ,2026-06-27T00:18:00,2026-06-27T10:14:00,SOJA,VOLCABLE_PTO_5,TERMINAL_EMBARQUE,INGRESO,MovimientosPorContrato_20260627.xlsx,NO_TRUCKFLOW_MATCH
CTG_10133144590,OZF439,2026-06-26T20:03:00,2026-06-27T10:21:00,MAIZ,CELDA_171_-_CENTRO,AVELLANEDA,INGRESO,MovimientosPorContrato_20260627.xlsx,NO_TRUCKFLOW_MATCH
CTG_10133149954,KWA734,2026-06-27T00:34:00,2026-06-27T10:21:00,SOJA,VOLCABLE_PTO_5,TERMINAL_EMBARQUE,INGRESO,MovimientosPorContrato_20260627.xlsx,NO_TRUCKFLOW_MATCH
CTG_10233163947,FFK429,2026-06-27T00:23:00,2026-06-27T10:22:00,SOJA,VOLCABLE_PTO_2,TERMINAL_EMBARQUE,INGRESO,MovimientosPorContrato_20260627.xlsx,NO_TRUCKFLOW_MATCH
CTG_10133165207,AE969YY,2026-06-27T00:38:00,2026-06-27T10:24:00,SOJA,VOLCABLE_PTO_2,TERMINAL_EMBARQUE,INGRESO,MovimientosPorContrato_20260627.xlsx,NO_TRUCKFLOW_MATCH
COMPROB_000400418901,JIA232,2026-06-27T09:59:00,2026-06-27T10:25:00,TIERRA DESC FILTROS,,TERMINAL_EMBARQUE,EGRESO,MovimientosPorContrato_20260627.xlsx,NO_TRUCKFLOW_MATCH
CTG_10233164508,TJK625,2026-06-27T00:13:00,2026-06-27T10:28:00,SOJA,VOLCABLE_PTO_3,TERMINAL_EMBARQUE,INGRESO,MovimientosPorContrato_20260627.xlsx,NO_TRUCKFLOW_MATCH
CTG_10133161105,MTS221,2026-06-27T00:22:00,2026-06-27T10:32:00,SOJA,VOLCABLE_PTO_3,TERMINAL_EMBARQUE,INGRESO,MovimientosPorContrato_20260627.xlsx,NO_TRUCKFLOW_MATCH
CTG_10133155701,HFY540,2026-06-27T00:28:00,2026-06-27T10:33:00,SOJA,VOLCABLE_PTO_5,TERMINAL_EMBARQUE,INGRESO,MovimientosPorContrato_20260627.xlsx,NO_TRUCKFLOW_MATCH
COMPROB_000200319649,AC549UY,2026-06-27T09:30:00,2026-06-27T10:33:00,ALCOHOL ETILICO ANHIDRO P/ BIOCOMB ORIG CEREAL,T1002,AVELLANEDA,EGRESO,MovimientosPorContrato_20260627.xlsx,NO_TRUCKFLOW_MATCH
CTG_10133151721,KIQ442,2026-06-27T00:43:00,2026-06-27T10:34:00,SOJA,VOLCABLE_PTO_2,TERMINAL_EMBARQUE,INGRESO,MovimientosPorContrato_20260627.xlsx,NO_TRUCKFLOW_MATCH
COMPROB_000400418902,KOQ228,2026-06-27T07:08:00,2026-06-27T10:36:00,AC GIRASOL OLEICO REFINADO,ACEITE_OSL,TERMINAL_EMBARQUE,EGRESO,MovimientosPorContrato_20260627.xlsx,NO_TRUCKFLOW_MATCH
CTG_10133151581,EYL658,2026-06-27T00:42:00,2026-06-27T10:41:00,SOJA,VOLCABLE_PTO_5,TERMINAL_EMBARQUE,INGRESO,MovimientosPorContrato_20260627.xlsx,NO_TRUCKFLOW_MATCH
CTG_10133153984,AOQ247,2026-06-27T00:41:00,2026-06-27T10:46:00,SOJA,VOLCABLE_PTO_2,TERMINAL_EMBARQUE,INGRESO,MovimientosPorContrato_20260627.xlsx,NO_TRUCKFLOW_MATCH
CTG_10233162197,LDV368,2026-06-27T00:44:00,2026-06-27T10:49:00,SOJA,VOLCABLE_PTO_5,TERMINAL_EMBARQUE,INGRESO,MovimientosPorContrato_20260627.xlsx,NO_TRUCKFLOW_MATCH
CTG_10133169879,AB867MG,2026-06-27T00:30:00,2026-06-27T10:53:00,SOJA,VOLCABLE_PTO_3,TERMINAL_EMBARQUE,INGRESO,MovimientosPorContrato_20260627.xlsx,NO_TRUCKFLOW_MATCH
CTG_10233168263,VKN621,2026-06-27T01:38:00,2026-06-27T10:54:00,SOJA,VOLCABLE_PTO_2,TERMINAL_EMBARQUE,INGRESO,MovimientosPorContrato_20260627.xlsx,NO_TRUCKFLOW_MATCH
COMPROB_000200430787,HLF936,2026-06-26T21:59:00,2026-06-27T10:54:00,CHIP DE PINO,PLAYA_LEÑA_Y_CHIP,AVELLANEDA,INGRESO,MovimientosPorContrato_20260627.xlsx,NO_TRUCKFLOW_MATCH
COMPROB_000400418903,AGR963,2026-06-27T07:49:00,2026-06-27T11:01:00,AC GIRASOL OLEICO REFINADO,ACEITE_OSL,TERMINAL_EMBARQUE,EGRESO,MovimientosPorContrato_20260627.xlsx,NO_TRUCKFLOW_MATCH
CTG_10133148528,CQG727,2026-06-27T00:47:00,2026-06-27T11:02:00,SOJA,VOLCABLE_PTO_2,TERMINAL_EMBARQUE,INGRESO,MovimientosPorContrato_20260627.xlsx,NO_TRUCKFLOW_MATCH
CTG_10133147680,FRO520,2026-06-27T00:45:00,2026-06-27T11:03:00,SOJA,VOLCABLE_PTO_5,TERMINAL_EMBARQUE,INGRESO,MovimientosPorContrato_20260627.xlsx,NO_TRUCKFLOW_MATCH
CTG_10133165107,AH277ZE,2026-06-27T01:26:00,2026-06-27T11:05:00,SOJA,VOLCABLE_PTO_2,TERMINAL_EMBARQUE,INGRESO,MovimientosPorContrato_20260627.xlsx,NO_TRUCKFLOW_MATCH
CTG_10133163900,AE926YI,2026-06-27T01:02:00,2026-06-27T11:09:00,SOJA,VOLCABLE_PTO_5,TERMINAL_EMBARQUE,INGRESO,MovimientosPorContrato_20260627.xlsx,NO_TRUCKFLOW_MATCH
CTG_10133158478,AB200GM,2026-06-27T01:24:00,2026-06-27T11:15:00,SOJA,VOLCABLE_PTO_5,TERMINAL_EMBARQUE,INGRESO,MovimientosPorContrato_20260627.xlsx,NO_TRUCKFLOW_MATCH
CTG_10133163014,IGG515,2026-06-27T01:42:00,2026-06-27T11:16:00,SOJA,VOLCABLE_PTO_2,TERMINAL_EMBARQUE,INGRESO,MovimientosPorContrato_20260627.xlsx,NO_TRUCKFLOW_MATCH
CTG_10133135844,EAU066,2026-06-26T21:06:00,2026-06-27T11:19:00,MAIZ,CELDA_171_-_CENTRO,AVELLANEDA,INGRESO,MovimientosPorContrato_20260627.xlsx,NO_TRUCKFLOW_MATCH
CTG_10133164902,AC691UI,2026-06-27T01:12:00,2026-06-27T11:21:00,SOJA,VOLCABLE_PTO_5,TERMINAL_EMBARQUE,INGRESO,MovimientosPorContrato_20260627.xlsx,NO_TRUCKFLOW_MATCH
CTG_10133135935,HCY485,2026-06-26T21:05:00,2026-06-27T11:21:00,MAIZ,CELDA_171_-_CENTRO,AVELLANEDA,INGRESO,MovimientosPorContrato_20260627.xlsx,NO_TRUCKFLOW_MATCH
CTG_10133150438,AB835GI,2026-06-27T01:43:00,2026-06-27T11:22:00,SOJA,VOLCABLE_PTO_2,TERMINAL_EMBARQUE,INGRESO,MovimientosPorContrato_20260627.xlsx,NO_TRUCKFLOW_MATCH
CTG_10133158366,HWP686,2026-06-27T01:57:00,2026-06-27T11:28:00,SOJA,VOLCABLE_PTO_2,TERMINAL_EMBARQUE,INGRESO,MovimientosPorContrato_20260627.xlsx,NO_TRUCKFLOW_MATCH
CTG_10133158407,KQG120,2026-06-27T00:35:00,2026-06-27T11:31:00,SOJA,VOLCABLE_PTO_3,TERMINAL_EMBARQUE,INGRESO,MovimientosPorContrato_20260627.xlsx,NO_TRUCKFLOW_MATCH
CTG_10133150411,AC831ZM,2026-06-27T01:43:00,2026-06-27T11:31:00,SOJA,VOLCABLE_PTO_5,TERMINAL_EMBARQUE,INGRESO,MovimientosPorContrato_20260627.xlsx,NO_TRUCKFLOW_MATCH
COMPROB_000400418904,CAA384,2026-06-27T09:22:00,2026-06-27T11:33:00,AC GIRASOL OLEICO REFINADO,ACEITE_OSL,TERMINAL_EMBARQUE,EGRESO,MovimientosPorContrato_20260627.xlsx,NO_TRUCKFLOW_MATCH
COMPROB_000200430790,RER636,2026-06-27T10:41:00,2026-06-27T11:34:00,LEÑA CORTA,PLAYA_LEÑA_Y_CHIP,AVELLANEDA,INGRESO,MovimientosPorContrato_20260627.xlsx,NO_TRUCKFLOW_MATCH
CTG_30033172338,EXR046,2026-06-27T08:49:00,2026-06-27T11:38:00,ACEITE GIRASOL PARA REFINAR,ACEITE_PTO,TERMINAL_EMBARQUE,INGRESO,MovimientosPorContrato_20260627.xlsx,NO_TRUCKFLOW_MATCH
CTG_30033172190,FOZ297,2026-06-27T08:35:00,2026-06-27T11:39:00,ACEITE GIRASOL PARA REFINAR,ACEITE_PTO,TERMINAL_EMBARQUE,INGRESO,MovimientosPorContrato_20260627.xlsx,NO_TRUCKFLOW_MATCH
CTG_10233171747,CVT534,2026-06-27T02:13:00,2026-06-27T11:42:00,SOJA,VOLCABLE_PTO_5,TERMINAL_EMBARQUE,INGRESO,MovimientosPorContrato_20260627.xlsx,NO_TRUCKFLOW_MATCH
CTG_10133165550,AF970MY,2026-06-27T02:17:00,2026-06-27T11:42:00,SOJA,VOLCABLE_PTO_2,TERMINAL_EMBARQUE,INGRESO,MovimientosPorContrato_20260627.xlsx,NO_TRUCKFLOW_MATCH
CTG_10133145545,EUL359,2026-06-27T00:46:00,2026-06-27T11:43:00,SOJA,VOLCABLE_PTO_3,TERMINAL_EMBARQUE,INGRESO,MovimientosPorContrato_20260627.xlsx,NO_TRUCKFLOW_MATCH
CTG_10133146009,LAJ402,2026-06-26T20:45:00,2026-06-27T11:44:00,MAIZ,CELDA_171_-_CENTRO,AVELLANEDA,INGRESO,MovimientosPorContrato_20260627.xlsx,NO_TRUCKFLOW_MATCH
CTG_10133160919,FOY858,2026-06-27T02:02:00,2026-06-27T11:46:00,SOJA,VOLCABLE_PTO_2,TERMINAL_EMBARQUE,INGRESO,MovimientosPorContrato_20260627.xlsx,NO_TRUCKFLOW_MATCH
CTG_10133143909,AC099NZ,2026-06-27T02:15:00,2026-06-27T11:49:00,SOJA,VOLCABLE_PTO_5,TERMINAL_EMBARQUE,INGRESO,MovimientosPorContrato_20260627.xlsx,NO_TRUCKFLOW_MATCH
COMPROB_000404033038,AE496CS,2026-06-27T07:38:00,2026-06-27T11:50:00,SOLVENTE HEXANO,,TERMINAL_EMBARQUE,INGRESO,MovimientosPorContrato_20260627.xlsx,NO_TRUCKFLOW_MATCH
COMPROB_000400418905,EVD342,2026-06-27T10:41:00,2026-06-27T11:52:00,AC GIRASOL OLEICO REFINADO,ACEITE_OSL,TERMINAL_EMBARQUE,EGRESO,MovimientosPorContrato_20260627.xlsx,NO_TRUCKFLOW_MATCH
CTG_10233170421,JBZ981,2026-06-27T02:34:00,2026-06-27T11:53:00,SOJA,VOLCABLE_PTO_5,TERMINAL_EMBARQUE,INGRESO,MovimientosPorContrato_20260627.xlsx,NO_TRUCKFLOW_MATCH
CTG_10133162052,GFV851,2026-06-27T02:14:00,2026-06-27T11:54:00,SOJA,VOLCABLE_PTO_3,TERMINAL_EMBARQUE,INGRESO,MovimientosPorContrato_20260627.xlsx,NO_TRUCKFLOW_MATCH
CTG_10133162328,AF042RO,2026-06-27T02:44:00,2026-06-27T11:54:00,SOJA,VOLCABLE_PTO_2,TERMINAL_EMBARQUE,INGRESO,MovimientosPorContrato_20260627.xlsx,NO_TRUCKFLOW_MATCH
CTG_10233150406,UJF597,2026-06-27T02:24:00,2026-06-27T11:55:00,SOJA,VOLCABLE_PTO_2,TERMINAL_EMBARQUE,INGRESO,MovimientosPorContrato_20260627.xlsx,NO_TRUCKFLOW_MATCH
CTG_10133155747,JVJ366,2026-06-27T02:22:00,2026-06-27T12:06:00,SOJA,VOLCABLE_PTO_5,TERMINAL_EMBARQUE,INGRESO,MovimientosPorContrato_20260627.xlsx,NO_TRUCKFLOW_MATCH
CTG_10233156137,EUJ592,2026-06-27T02:38:00,2026-06-27T12:07:00,SOJA,VOLCABLE_PTO_2,TERMINAL_EMBARQUE,INGRESO,MovimientosPorContrato_20260627.xlsx,NO_TRUCKFLOW_MATCH
CTG_10133158451,FPB082,2026-06-27T02:29:00,2026-06-27T12:12:00,SOJA,VOLCABLE_PTO_2,TERMINAL_EMBARQUE,INGRESO,MovimientosPorContrato_20260627.xlsx,NO_TRUCKFLOW_MATCH
CTG_10133158151,AA854GE,2026-06-27T02:54:00,2026-06-27T12:12:00,SOJA,VOLCABLE_PTO_2,TERMINAL_EMBARQUE,INGRESO,MovimientosPorContrato_20260627.xlsx,NO_TRUCKFLOW_MATCH
CTG_10133161446,LEE296,2026-06-27T02:52:00,2026-06-27T12:13:00,SOJA,VOLCABLE_PTO_5,TERMINAL_EMBARQUE,INGRESO,MovimientosPorContrato_20260627.xlsx,NO_TRUCKFLOW_MATCH
COMPROB_000400418906,AE808WD,2026-06-27T09:13:00,2026-06-27T12:14:00,RESIDUOS ORG,,TERMINAL_EMBARQUE,EGRESO,MovimientosPorContrato_20260627.xlsx,NO_TRUCKFLOW_MATCH
CTG_30033172621,ENA722,2026-06-27T09:11:00,2026-06-27T12:15:00,ACEITE GIRASOL PARA REFINAR,ACEITE_PTO,TERMINAL_EMBARQUE,INGRESO,MovimientosPorContrato_20260627.xlsx,NO_TRUCKFLOW_MATCH
CTG_10133158295,EEW638,2026-06-27T02:39:00,2026-06-27T12:16:00,SOJA,VOLCABLE_PTO_3,TERMINAL_EMBARQUE,INGRESO,MovimientosPorContrato_20260627.xlsx,NO_TRUCKFLOW_MATCH
CTG_10133151015,NYS723,2026-06-27T00:49:00,2026-06-27T12:19:00,SOJA,VOLCABLE_PTO_2,TERMINAL_EMBARQUE,INGRESO,MovimientosPorContrato_20260627.xlsx,NO_TRUCKFLOW_MATCH
CTG_10133161282,HGN611,2026-06-27T02:53:00,2026-06-27T12:20:00,SOJA,VOLCABLE_PTO_5,TERMINAL_EMBARQUE,INGRESO,MovimientosPorContrato_20260627.xlsx,NO_TRUCKFLOW_MATCH
CTG_10233150520,WYJ554,2026-06-27T01:06:00,2026-06-27T12:26:00,SOJA,VOLCABLE_PTO_2,TERMINAL_EMBARQUE,INGRESO,MovimientosPorContrato_20260627.xlsx,NO_TRUCKFLOW_MATCH
CTG_10133164680,MVI874,2026-06-27T01:05:00,2026-06-27T12:27:00,SOJA,VOLCABLE_PTO_5,TERMINAL_EMBARQUE,INGRESO,MovimientosPorContrato_20260627.xlsx,NO_TRUCKFLOW_MATCH
COMPROB_000200430792,AD192AX,2026-06-27T09:04:00,2026-06-27T12:27:00,FUEL-OIL,SIN_ESPECIFICAR,AVELLANEDA,INGRESO,MovimientosPorContrato_20260627.xlsx,NO_TRUCKFLOW_MATCH
CTG_10133145087,HME284,2026-06-26T21:22:00,2026-06-27T12:30:00,MAIZ,CELDA_171_-_CENTRO,AVELLANEDA,INGRESO,MovimientosPorContrato_20260627.xlsx,NO_TRUCKFLOW_MATCH
CTG_10133157737,KLF350,2026-06-27T02:51:00,2026-06-27T12:32:00,SOJA,VOLCABLE_PTO_3,TERMINAL_EMBARQUE,INGRESO,MovimientosPorContrato_20260627.xlsx,NO_TRUCKFLOW_MATCH
CTG_30033173115,AA463TD,2026-06-27T09:28:00,2026-06-27T12:33:00,ACEITE GIRASOL PARA REFINAR,ACEITE_PTO,TERMINAL_EMBARQUE,INGRESO,MovimientosPorContrato_20260627.xlsx,NO_TRUCKFLOW_MATCH
CTG_10133167119,VYH634,2026-06-27T01:18:00,2026-06-27T12:38:00,SOJA,VOLCABLE_PTO_2,TERMINAL_EMBARQUE,INGRESO,MovimientosPorContrato_20260627.xlsx,NO_TRUCKFLOW_MATCH
CTG_10133158334,OFK223,2026-06-27T02:04:00,2026-06-27T12:39:00,SOJA,VOLCABLE_PTO_2,TERMINAL_EMBARQUE,INGRESO,MovimientosPorContrato_20260627.xlsx,NO_TRUCKFLOW_MATCH
CTG_10133164061,EBN723,2026-06-27T01:02:00,2026-06-27T12:40:00,SOJA,VOLCABLE_PTO_5,TERMINAL_EMBARQUE,INGRESO,MovimientosPorContrato_20260627.xlsx,NO_TRUCKFLOW_MATCH
CTG_10133145267,FDG516,2026-06-26T21:25:00,2026-06-27T12:42:00,MAIZ,CELDA_171_-_CENTRO,AVELLANEDA,INGRESO,MovimientosPorContrato_20260627.xlsx,NO_TRUCKFLOW_MATCH
CTG_10133136599,PMR005,2026-06-27T03:11:00,2026-06-27T12:49:00,SOJA,VOLCABLE_PTO_2,TERMINAL_EMBARQUE,INGRESO,MovimientosPorContrato_20260627.xlsx,NO_TRUCKFLOW_MATCH
CTG_10233167480,AE198ZP,2026-06-27T03:40:00,2026-06-27T12:52:00,SOJA,VOLCABLE_PTO_3,TERMINAL_EMBARQUE,INGRESO,MovimientosPorContrato_20260627.xlsx,NO_TRUCKFLOW_MATCH
CTG_10133159016,OJE948,2026-06-27T01:59:00,2026-06-27T12:54:00,SOJA,VOLCABLE_PTO_5,TERMINAL_EMBARQUE,INGRESO,MovimientosPorContrato_20260627.xlsx,NO_TRUCKFLOW_MATCH
CTG_10133166819,NAD578,2026-06-27T03:27:00,2026-06-27T12:57:00,SOJA,VOLCABLE_PTO_2,TERMINAL_EMBARQUE,INGRESO,MovimientosPorContrato_20260627.xlsx,NO_TRUCKFLOW_MATCH
CTG_10133146465,GGT429,2026-06-27T02:12:00,2026-06-27T13:01:00,SOJA,VOLCABLE_PTO_5,TERMINAL_EMBARQUE,INGRESO,MovimientosPorContrato_20260627.xlsx,NO_TRUCKFLOW_MATCH
CTG_10233155588,SXY009,2026-06-27T03:24:00,2026-06-27T13:04:00,SOJA,VOLCABLE_PTO_2,TERMINAL_EMBARQUE,INGRESO,MovimientosPorContrato_20260627.xlsx,NO_TRUCKFLOW_MATCH
CTG_10133164029,AB434NR,2026-06-27T03:33:00,2026-06-27T13:05:00,SOJA,VOLCABLE_PTO_5,TERMINAL_EMBARQUE,INGRESO,MovimientosPorContrato_20260627.xlsx,NO_TRUCKFLOW_MATCH
CTG_10133158109,AF402ZG,2026-06-27T03:36:00,2026-06-27T13:09:00,SOJA,VOLCABLE_PTO_2,TERMINAL_EMBARQUE,INGRESO,MovimientosPorContrato_20260627.xlsx,NO_TRUCKFLOW_MATCH
CTG_30033173743,JTT879,2026-06-27T09:58:00,2026-06-27T13:14:00,ACEITE GIRASOL PARA REFINAR,ACEITE_PTO,TERMINAL_EMBARQUE,INGRESO,MovimientosPorContrato_20260627.xlsx,NO_TRUCKFLOW_MATCH
CTG_10133144237,BNG716,2026-06-26T21:28:00,2026-06-27T13:16:00,MAIZ,CELDA_171_-_CENTRO,AVELLANEDA,INGRESO,MovimientosPorContrato_20260627.xlsx,NO_TRUCKFLOW_MATCH
CTG_30033175499,NBK156,2026-06-27T10:41:00,2026-06-27T13:22:00,ACEITE GIRASOL PARA REFINAR,ACEITE_PTO,TERMINAL_EMBARQUE,INGRESO,MovimientosPorContrato_20260627.xlsx,NO_TRUCKFLOW_MATCH
CTG_10133162009,AB436BP,2026-06-27T03:59:00,2026-06-27T13:25:00,SOJA,VOLCABLE_PTO_3,TERMINAL_EMBARQUE,INGRESO,MovimientosPorContrato_20260627.xlsx,NO_TRUCKFLOW_MATCH
CTG_10233168775,FIF168,2026-06-27T03:50:00,2026-06-27T13:27:00,SOJA,VOLCABLE_PTO_2,TERMINAL_EMBARQUE,INGRESO,MovimientosPorContrato_20260627.xlsx,NO_TRUCKFLOW_MATCH
CTG_10133152957,HNN731,2026-06-27T03:03:00,2026-06-27T13:28:00,SOJA,VOLCABLE_PTO_5,TERMINAL_EMBARQUE,INGRESO,MovimientosPorContrato_20260627.xlsx,NO_TRUCKFLOW_MATCH
CTG_10133152248,FWG989,2026-06-27T00:48:00,2026-06-27T13:36:00,SOJA,VOLCABLE_PTO_5,TERMINAL_EMBARQUE,INGRESO,MovimientosPorContrato_20260627.xlsx,NO_TRUCKFLOW_MATCH
CTG_10133144852,LWK838,2026-06-26T21:30:00,2026-06-27T13:37:00,MAIZ,CELDA_171_-_CENTRO,AVELLANEDA,INGRESO,MovimientosPorContrato_20260627.xlsx,NO_TRUCKFLOW_MATCH
CTG_10233166060,KRD874,2026-06-27T03:31:00,2026-06-27T13:37:00,SOJA,VOLCABLE_PTO_2,TERMINAL_EMBARQUE,INGRESO,MovimientosPorContrato_20260627.xlsx,NO_TRUCKFLOW_MATCH
CTG_10233165502,LXL506,2026-06-27T03:30:00,2026-06-27T13:38:00,SOJA,VOLCABLE_PTO_2,TERMINAL_EMBARQUE,INGRESO,MovimientosPorContrato_20260627.xlsx,NO_TRUCKFLOW_MATCH
CTG_10133152635,SHY234,2026-06-27T00:59:00,2026-06-27T13:41:00,SOJA,VOLCABLE_PTO_5,TERMINAL_EMBARQUE,INGRESO,MovimientosPorContrato_20260627.xlsx,NO_TRUCKFLOW_MATCH
CTG_10133157941,AE050PQ,2026-06-27T03:36:00,2026-06-27T13:46:00,SOJA,VOLCABLE_PTO_2,TERMINAL_EMBARQUE,INGRESO,MovimientosPorContrato_20260627.xlsx,NO_TRUCKFLOW_MATCH
CTG_10233164084,NHO011,2026-06-27T03:40:00,2026-06-27T13:49:00,SOJA,VOLCABLE_PTO_2,TERMINAL_EMBARQUE,INGRESO,MovimientosPorContrato_20260627.xlsx,NO_TRUCKFLOW_MATCH
CTG_10233158613,CDF684,2026-06-27T04:10:00,2026-06-27T13:55:00,SOJA,VOLCABLE_PTO_2,TERMINAL_EMBARQUE,INGRESO,MovimientosPorContrato_20260627.xlsx,NO_TRUCKFLOW_MATCH
CTG_10133158776,AC951WI,2026-06-27T00:50:00,2026-06-27T14:00:00,SOJA,VOLCABLE_PTO_5,TERMINAL_EMBARQUE,INGRESO,MovimientosPorContrato_20260627.xlsx,NO_TRUCKFLOW_MATCH
CTG_30033174677,JDH880,2026-06-27T10:33:00,2026-06-27T14:01:00,ACEITE GIRASOL PARA REFINAR,ACEITE_PTO,TERMINAL_EMBARQUE,INGRESO,MovimientosPorContrato_20260627.xlsx,NO_TRUCKFLOW_MATCH
CTG_10133159571,MKP170,2026-06-27T03:37:00,2026-06-27T14:01:00,SOJA,VOLCABLE_PTO_3,TERMINAL_EMBARQUE,INGRESO,MovimientosPorContrato_20260627.xlsx,NO_TRUCKFLOW_MATCH
CTG_10133162877,OSC565,2026-06-27T04:23:00,2026-06-27T14:02:00,SOJA,VOLCABLE_PTO_2,TERMINAL_EMBARQUE,INGRESO,MovimientosPorContrato_20260627.xlsx,NO_TRUCKFLOW_MATCH
CTG_10233162208,TBW826,2026-06-27T01:14:00,2026-06-27T14:07:00,SOJA,VOLCABLE_PTO_5,TERMINAL_EMBARQUE,INGRESO,MovimientosPorContrato_20260627.xlsx,NO_TRUCKFLOW_MATCH
CTG_30033184081,AE250YS,2026-06-27T05:06:00,2026-06-27T14:08:00,CASCARA DE SOJA PELLETEADA,,TERMINAL_EMBARQUE,EGRESO,MovimientosPorContrato_20260627.xlsx,NO_TRUCKFLOW_MATCH
CTG_10133159224,KNC394,2026-06-27T04:09:00,2026-06-27T14:10:00,SOJA,VOLCABLE_PTO_3,TERMINAL_EMBARQUE,INGRESO,MovimientosPorContrato_20260627.xlsx,NO_TRUCKFLOW_MATCH
CTG_10133163483,EIL269,2026-06-27T04:46:00,2026-06-27T14:11:00,SOJA,VOLCABLE_PTO_2,TERMINAL_EMBARQUE,INGRESO,MovimientosPorContrato_20260627.xlsx,NO_TRUCKFLOW_MATCH
CTG_10133159271,JMS882,2026-06-27T01:45:00,2026-06-27T14:11:00,SOJA,VOLCABLE_PTO_5,TERMINAL_EMBARQUE,INGRESO,MovimientosPorContrato_20260627.xlsx,NO_TRUCKFLOW_MATCH
CTG_10133163442,DFZ568,2026-06-27T03:32:00,2026-06-27T14:16:00,SOJA,VOLCABLE_PTO_5,TERMINAL_EMBARQUE,INGRESO,MovimientosPorContrato_20260627.xlsx,NO_TRUCKFLOW_MATCH
CTG_10133167611,AH732IF,2026-06-27T05:04:00,2026-06-27T14:17:00,SOJA,VOLCABLE_PTO_2,TERMINAL_EMBARQUE,INGRESO,MovimientosPorContrato_20260627.xlsx,NO_TRUCKFLOW_MATCH
CTG_10133152813,AA958QM,2026-06-26T21:36:00,2026-06-27T14:18:00,MAIZ,CELDA_171_-_CENTRO,AVELLANEDA,INGRESO,MovimientosPorContrato_20260627.xlsx,NO_TRUCKFLOW_MATCH
CTG_10133158939,GQE007,2026-06-27T04:28:00,2026-06-27T14:22:00,SOJA,VOLCABLE_PTO_3,TERMINAL_EMBARQUE,INGRESO,MovimientosPorContrato_20260627.xlsx,NO_TRUCKFLOW_MATCH
CTG_10133167970,AD989EW,2026-06-27T03:38:00,2026-06-27T14:24:00,SOJA,VOLCABLE_PTO_5,TERMINAL_EMBARQUE,INGRESO,MovimientosPorContrato_20260627.xlsx,NO_TRUCKFLOW_MATCH
CTG_10133163931,AA366XC,2026-06-27T05:13:00,2026-06-27T14:25:00,SOJA,VOLCABLE_PTO_2,TERMINAL_EMBARQUE,INGRESO,MovimientosPorContrato_20260627.xlsx,NO_TRUCKFLOW_MATCH
COMPROB_000200430798,DLH140,2026-06-26T23:53:00,2026-06-27T14:26:00,CHIP EN ORIGEN,PLAYA_LEÑA_Y_CHIP,AVELLANEDA,INGRESO,MovimientosPorContrato_20260627.xlsx,NO_TRUCKFLOW_MATCH
CTG_10133168707,GYR620,2026-06-27T03:39:00,2026-06-27T14:28:00,SOJA,VOLCABLE_PTO_5,TERMINAL_EMBARQUE,INGRESO,MovimientosPorContrato_20260627.xlsx,NO_TRUCKFLOW_MATCH
COMPROB_000200430799,AE817TT,2026-06-27T12:45:00,2026-06-27T14:28:00,CHIP DE EUCALIPTUS,PLAYA_LEÑA_Y_CHIP,AVELLANEDA,INGRESO,MovimientosPorContrato_20260627.xlsx,NO_TRUCKFLOW_MATCH
CTG_10133166656,SST238,2026-06-27T05:30:00,2026-06-27T14:31:00,SOJA,VOLCABLE_PTO_2,TERMINAL_EMBARQUE,INGRESO,MovimientosPorContrato_20260627.xlsx,NO_TRUCKFLOW_MATCH
CTG_10133160111,EDY634,2026-06-27T04:03:00,2026-06-27T14:35:00,SOJA,VOLCABLE_PTO_5,TERMINAL_EMBARQUE,INGRESO,MovimientosPorContrato_20260627.xlsx,NO_TRUCKFLOW_MATCH
CTG_10133155628,AB431DH,2026-06-27T05:14:00,2026-06-27T14:36:00,SOJA,VOLCABLE_PTO_3,TERMINAL_EMBARQUE,INGRESO,MovimientosPorContrato_20260627.xlsx,NO_TRUCKFLOW_MATCH
CTG_10133156207,KJM066,2026-06-27T05:29:00,2026-06-27T14:43:00,SOJA,VOLCABLE_PTO_2,TERMINAL_EMBARQUE,INGRESO,MovimientosPorContrato_20260627.xlsx,NO_TRUCKFLOW_MATCH
COMPROB_000200430800,VXD510,2026-06-27T12:48:00,2026-06-27T14:45:00,LEÑA CORTA SELECC,PLAYA_LEÑA_Y_CHIP,AVELLANEDA,INGRESO,MovimientosPorContrato_20260627.xlsx,NO_TRUCKFLOW_MATCH
CTG_10133160466,JBF511,2026-06-27T04:30:00,2026-06-27T14:47:00,SOJA,VOLCABLE_PTO_5,TERMINAL_EMBARQUE,INGRESO,MovimientosPorContrato_20260627.xlsx,NO_TRUCKFLOW_MATCH
CTG_10133150110,AG141SD,2026-06-27T06:00:00,2026-06-27T14:47:00,SOJA,VOLCABLE_PTO_3,TERMINAL_EMBARQUE,INGRESO,MovimientosPorContrato_20260627.xlsx,NO_TRUCKFLOW_MATCH
CTG_10133145929,BIY655,2026-06-26T21:39:00,2026-06-27T14:47:00,MAIZ,CELDA_171_-_CENTRO,AVELLANEDA,INGRESO,MovimientosPorContrato_20260627.xlsx,NO_TRUCKFLOW_MATCH
COMPROB_000400418908,CDF727,2026-06-27T13:09:00,2026-06-27T14:52:00,AC GIRASOL OLEICO REFINADO,ACEITE_OSL,TERMINAL_EMBARQUE,EGRESO,MovimientosPorContrato_20260627.xlsx,NO_TRUCKFLOW_MATCH
CTG_10133163863,AB612ZK,2026-06-27T05:37:00,2026-06-27T14:53:00,SOJA,VOLCABLE_PTO_2,TERMINAL_EMBARQUE,INGRESO,MovimientosPorContrato_20260627.xlsx,NO_TRUCKFLOW_MATCH
CTG_10133164987,GEY214,2026-06-27T07:32:00,2026-06-27T14:54:00,SOJA,VOLCABLE_PTO_5,TERMINAL_EMBARQUE,INGRESO,MovimientosPorContrato_20260627.xlsx,NO_TRUCKFLOW_MATCH
CTG_10133139755,HDK895,2026-06-27T11:47:00,2026-06-27T15:11:00,GIRASOL,VOLCABLE_1,RICARDONE,INGRESO,MovimientosPorContrato_20260627.xlsx,NO_TRUCKFLOW_MATCH
CTG_10133145577,HHB311,2026-06-26T21:43:00,2026-06-27T15:13:00,MAIZ,CELDA_171_-_CENTRO,AVELLANEDA,INGRESO,MovimientosPorContrato_20260627.xlsx,NO_TRUCKFLOW_MATCH
CTG_10233167002,HCB874,2026-06-27T06:20:00,2026-06-27T15:14:00,SOJA,VOLCABLE_PTO_5,TERMINAL_EMBARQUE,INGRESO,MovimientosPorContrato_20260627.xlsx,NO_TRUCKFLOW_MATCH
COMPROB_000400418909,FDX990,2026-06-27T14:04:00,2026-06-27T15:14:00,AC GIRASOL OLEICO REFINADO,ACEITE_OSL,TERMINAL_EMBARQUE,EGRESO,MovimientosPorContrato_20260627.xlsx,NO_TRUCKFLOW_MATCH
CTG_10133168688,BUK044,2026-06-27T06:02:00,2026-06-27T15:17:00,SOJA,VOLCABLE_PTO_5,TERMINAL_EMBARQUE,INGRESO,MovimientosPorContrato_20260627.xlsx,NO_TRUCKFLOW_MATCH
CTG_10133150487,AE437OB,2026-06-27T06:27:00,2026-06-27T15:21:00,SOJA,VOLCABLE_PTO_3,TERMINAL_EMBARQUE,INGRESO,MovimientosPorContrato_20260627.xlsx,NO_TRUCKFLOW_MATCH
CTG_10133170910,AC646PN,2026-06-27T09:08:00,2026-06-27T15:28:00,SOJA,VOLCABLE_PTO_5,TERMINAL_EMBARQUE,INGRESO,MovimientosPorContrato_20260627.xlsx,NO_TRUCKFLOW_MATCH
CTG_10233148854,WIP018,2026-06-26T19:13:00,2026-06-27T15:38:00,SOJA,VOLCABLE_PTO_5,TERMINAL_EMBARQUE,INGRESO,MovimientosPorContrato_20260627.xlsx,NO_TRUCKFLOW_MATCH
CTG_10133158893,LPX128,2026-06-27T06:07:00,2026-06-27T15:41:00,SOJA,VOLCABLE_PTO_3,TERMINAL_EMBARQUE,INGRESO,MovimientosPorContrato_20260627.xlsx,NO_TRUCKFLOW_MATCH
COMPROB_000400418910,AE999OW,2026-06-27T14:14:00,2026-06-27T15:42:00,BORRA ACEITE GIRASOL REFINADO,ACEITE_OSL,TERMINAL_EMBARQUE,EGRESO,MovimientosPorContrato_20260627.xlsx,NO_TRUCKFLOW_MATCH
CTG_10133160743,EIO809,2026-06-27T10:18:00,2026-06-27T15:47:00,SOJA,VOLCABLE_PTO_5,TERMINAL_EMBARQUE,INGRESO,MovimientosPorContrato_20260627.xlsx,NO_TRUCKFLOW_MATCH
CTG_10133148313,AE915UF,2026-06-27T06:40:00,2026-06-27T15:48:00,SOJA,VOLCABLE_PTO_3,TERMINAL_EMBARQUE,INGRESO,MovimientosPorContrato_20260627.xlsx,NO_TRUCKFLOW_MATCH
COMPROB_000400418911,OFG785,2026-06-27T14:54:00,2026-06-27T15:51:00,AC GIRASOL OLEICO REFINADO,ACEITE_OSL,TERMINAL_EMBARQUE,EGRESO,MovimientosPorContrato_20260627.xlsx,NO_TRUCKFLOW_MATCH
CTG_10133138727,RYU072,2026-06-26T22:14:00,2026-06-27T15:52:00,MAIZ,CELDA_171_-_CENTRO,AVELLANEDA,INGRESO,MovimientosPorContrato_20260627.xlsx,NO_TRUCKFLOW_MATCH
CTG_10133125597,MDE705,2026-06-27T05:59:00,2026-06-27T16:00:00,SOJA,VOLCABLE_PTO_5,TERMINAL_EMBARQUE,INGRESO,MovimientosPorContrato_20260627.xlsx,NO_TRUCKFLOW_MATCH
CTG_10133161013,CMQ954,2026-06-27T10:18:00,2026-06-27T16:08:00,SOJA,VOLCABLE_PTO_5,TERMINAL_EMBARQUE,INGRESO,MovimientosPorContrato_20260627.xlsx,NO_TRUCKFLOW_MATCH
CTG_10233170251,AH678IJ,2026-06-27T08:30:00,2026-06-27T16:09:00,SOJA,VOLCABLE_PTO_3,TERMINAL_EMBARQUE,INGRESO,MovimientosPorContrato_20260627.xlsx,NO_TRUCKFLOW_MATCH
CTG_10233171100,AH678II,2026-06-27T08:32:00,2026-06-27T16:10:00,SOJA,VOLCABLE_PTO_3,TERMINAL_EMBARQUE,INGRESO,MovimientosPorContrato_20260627.xlsx,NO_TRUCKFLOW_MATCH
CTG_10233161262,SPD066,2026-06-27T10:50:00,2026-06-27T16:17:00,SOJA,VOLCABLE_PTO_5,TERMINAL_EMBARQUE,INGRESO,MovimientosPorContrato_20260627.xlsx,NO_TRUCKFLOW_MATCH
CTG_10133152647,AB066OX,2026-06-26T22:46:00,2026-06-27T16:24:00,MAIZ,CELDA_171_-_CENTRO,AVELLANEDA,INGRESO,MovimientosPorContrato_20260627.xlsx,NO_TRUCKFLOW_MATCH
CTG_10233147200,VFP368,2026-06-27T07:13:00,2026-06-27T16:25:00,SOJA,VOLCABLE_PTO_5,TERMINAL_EMBARQUE,INGRESO,MovimientosPorContrato_20260627.xlsx,NO_TRUCKFLOW_MATCH
COMPROB_000400418912,KOE138,2026-06-27T15:30:00,2026-06-27T16:26:00,AC GIRASOL OLEICO REFINADO,ACEITE_OSL,TERMINAL_EMBARQUE,EGRESO,MovimientosPorContrato_20260627.xlsx,NO_TRUCKFLOW_MATCH
CTG_10133149749,EUO313,2026-06-27T07:15:00,2026-06-27T16:27:00,SOJA,VOLCABLE_PTO_2,TERMINAL_EMBARQUE,INGRESO,MovimientosPorContrato_20260627.xlsx,NO_TRUCKFLOW_MATCH
CTG_10133161660,LFG872,2026-06-27T07:14:00,2026-06-27T16:32:00,SOJA,VOLCABLE_PTO_3,TERMINAL_EMBARQUE,INGRESO,MovimientosPorContrato_20260627.xlsx,NO_TRUCKFLOW_MATCH
CTG_10133155465,MJJ485,2026-06-27T07:16:00,2026-06-27T16:33:00,SOJA,VOLCABLE_PTO_2,TERMINAL_EMBARQUE,INGRESO,MovimientosPorContrato_20260627.xlsx,NO_TRUCKFLOW_MATCH
CTG_10133158009,KQK965,2026-06-27T07:16:00,2026-06-27T16:35:00,SOJA,VOLCABLE_PTO_5,TERMINAL_EMBARQUE,INGRESO,MovimientosPorContrato_20260627.xlsx,NO_TRUCKFLOW_MATCH
CTG_10133156498,JQQ023,2026-06-27T07:45:00,2026-06-27T16:37:00,SOJA,VOLCABLE_PTO_3,TERMINAL_EMBARQUE,INGRESO,MovimientosPorContrato_20260627.xlsx,NO_TRUCKFLOW_MATCH
CTG_10133164394,NIU379,2026-06-27T07:47:00,2026-06-27T16:38:00,SOJA,VOLCABLE_PTO_2,TERMINAL_EMBARQUE,INGRESO,MovimientosPorContrato_20260627.xlsx,NO_TRUCKFLOW_MATCH
CTG_10133159467,AA637MK,2026-06-27T07:55:00,2026-06-27T16:43:00,SOJA,VOLCABLE_PTO_2,TERMINAL_EMBARQUE,INGRESO,MovimientosPorContrato_20260627.xlsx,NO_TRUCKFLOW_MATCH
CTG_10133167854,JYX193,2026-06-27T07:19:00,2026-06-27T16:46:00,SOJA,VOLCABLE_PTO_5,TERMINAL_EMBARQUE,INGRESO,MovimientosPorContrato_20260627.xlsx,NO_TRUCKFLOW_MATCH
CTG_10133158622,AB617JL,2026-06-27T07:55:00,2026-06-27T16:50:00,SOJA,VOLCABLE_PTO_2,TERMINAL_EMBARQUE,INGRESO,MovimientosPorContrato_20260627.xlsx,NO_TRUCKFLOW_MATCH
CTG_10133156500,JRM979,2026-06-27T07:44:00,2026-06-27T16:54:00,SOJA,VOLCABLE_PTO_5,TERMINAL_EMBARQUE,INGRESO,MovimientosPorContrato_20260627.xlsx,NO_TRUCKFLOW_MATCH
CTG_10233146846,GUC605,2026-06-27T08:07:00,2026-06-27T16:58:00,SOJA,VOLCABLE_PTO_2,TERMINAL_EMBARQUE,INGRESO,MovimientosPorContrato_20260627.xlsx,NO_TRUCKFLOW_MATCH
CTG_10133145720,AB383IB,2026-06-27T00:03:00,2026-06-27T17:01:00,MAIZ,CELDA_171_-_CENTRO,AVELLANEDA,INGRESO,MovimientosPorContrato_20260627.xlsx,NO_TRUCKFLOW_MATCH
CTG_10133165766,AG830TG,2026-06-27T08:22:00,2026-06-27T17:02:00,SOJA,VOLCABLE_PTO_2,TERMINAL_EMBARQUE,INGRESO,MovimientosPorContrato_20260627.xlsx,NO_TRUCKFLOW_MATCH
CTG_10133160608,LHP463,2026-06-27T07:58:00,2026-06-27T17:04:00,SOJA,VOLCABLE_PTO_5,TERMINAL_EMBARQUE,INGRESO,MovimientosPorContrato_20260627.xlsx,NO_TRUCKFLOW_MATCH
CTG_10133165771,BCT046,2026-06-27T08:20:00,2026-06-27T17:09:00,SOJA,VOLCABLE_PTO_2,TERMINAL_EMBARQUE,INGRESO,MovimientosPorContrato_20260627.xlsx,NO_TRUCKFLOW_MATCH
CTG_10133165224,SCX157,2026-06-27T08:21:00,2026-06-27T17:11:00,SOJA,VOLCABLE_PTO_5,TERMINAL_EMBARQUE,INGRESO,MovimientosPorContrato_20260627.xlsx,NO_TRUCKFLOW_MATCH
CTG_10133165753,AD932XG,2026-06-27T08:23:00,2026-06-27T17:15:00,SOJA,VOLCABLE_PTO_2,TERMINAL_EMBARQUE,INGRESO,MovimientosPorContrato_20260627.xlsx,NO_TRUCKFLOW_MATCH
CTG_10133147486,JHH322,2026-06-27T00:12:00,2026-06-27T17:16:00,MAIZ,CELDA_171_-_CENTRO,AVELLANEDA,INGRESO,MovimientosPorContrato_20260627.xlsx,NO_TRUCKFLOW_MATCH
CTG_10233143809,GAP140,2026-06-27T08:25:00,2026-06-27T17:18:00,SOJA,VOLCABLE_PTO_5,TERMINAL_EMBARQUE,INGRESO,MovimientosPorContrato_20260627.xlsx,NO_TRUCKFLOW_MATCH
CTG_10133165768,RHS547,2026-06-27T07:59:00,2026-06-27T17:19:00,SOJA,VOLCABLE_PTO_3,TERMINAL_EMBARQUE,INGRESO,MovimientosPorContrato_20260627.xlsx,NO_TRUCKFLOW_MATCH
CTG_10133158037,JRN226,2026-06-27T08:18:00,2026-06-27T17:24:00,SOJA,VOLCABLE_PTO_2,TERMINAL_EMBARQUE,INGRESO,MovimientosPorContrato_20260627.xlsx,NO_TRUCKFLOW_MATCH
CTG_10133157739,AB893PO,2026-06-27T08:08:00,2026-06-27T17:30:00,SOJA,VOLCABLE_PTO_5,TERMINAL_EMBARQUE,INGRESO,MovimientosPorContrato_20260627.xlsx,NO_TRUCKFLOW_MATCH
CTG_10133150365,AC547NI,2026-06-27T08:38:00,2026-06-27T17:33:00,SOJA,VOLCABLE_PTO_2,TERMINAL_EMBARQUE,INGRESO,MovimientosPorContrato_20260627.xlsx,NO_TRUCKFLOW_MATCH
CTG_10133165761,AF146SK,2026-06-27T08:24:00,2026-06-27T17:36:00,SOJA,VOLCABLE_PTO_3,TERMINAL_EMBARQUE,INGRESO,MovimientosPorContrato_20260627.xlsx,NO_TRUCKFLOW_MATCH
CTG_10233161154,AF497KU,2026-06-27T04:26:00,2026-06-27T17:40:00,SOJA,VOLCABLE_PTO_2,TERMINAL_EMBARQUE,INGRESO,MovimientosPorContrato_20260627.xlsx,NO_TRUCKFLOW_MATCH
CTG_10133151615,AVH266,2026-06-27T09:07:00,2026-06-27T17:41:00,SOJA,VOLCABLE_PTO_2,TERMINAL_EMBARQUE,INGRESO,MovimientosPorContrato_20260627.xlsx,NO_TRUCKFLOW_MATCH
CTG_10133161936,FDL292,2026-06-27T08:46:00,2026-06-27T17:42:00,SOJA,VOLCABLE_PTO_5,TERMINAL_EMBARQUE,INGRESO,MovimientosPorContrato_20260627.xlsx,NO_TRUCKFLOW_MATCH
CTG_10233163276,AF435QU,2026-06-27T07:53:00,2026-06-27T17:47:00,SOJA,VOLCABLE_PTO_5,TERMINAL_EMBARQUE,INGRESO,MovimientosPorContrato_20260627.xlsx,NO_TRUCKFLOW_MATCH
CTG_10133147335,OCQ842,2026-06-27T00:16:00,2026-06-27T17:48:00,MAIZ,CELDA_171_-_CENTRO,AVELLANEDA,INGRESO,MovimientosPorContrato_20260627.xlsx,NO_TRUCKFLOW_MATCH
CTG_10133165031,AI048HE,2026-06-27T09:55:00,2026-06-27T17:50:00,SOJA,VOLCABLE_PTO_2,TERMINAL_EMBARQUE,INGRESO,MovimientosPorContrato_20260627.xlsx,NO_TRUCKFLOW_MATCH
CTG_10233156309,GGV239,2026-06-27T12:13:00,2026-06-27T17:55:00,SOJA,VOLCABLE_PTO_5,TERMINAL_EMBARQUE,INGRESO,MovimientosPorContrato_20260627.xlsx,NO_TRUCKFLOW_MATCH
CTG_10233160916,AC277QK,2026-06-27T07:17:00,2026-06-27T17:58:00,SOJA,VOLCABLE_PTO_2,TERMINAL_EMBARQUE,INGRESO,MovimientosPorContrato_20260627.xlsx,NO_TRUCKFLOW_MATCH
CTG_10133167345,AE487VA,2026-06-27T12:46:00,2026-06-27T18:03:00,SOJA,VOLCABLE_PTO_5,TERMINAL_EMBARQUE,INGRESO,MovimientosPorContrato_20260627.xlsx,NO_TRUCKFLOW_MATCH
CTG_10133178533,UZY860,2026-06-27T16:27:00,2026-06-27T18:04:00,GIRASOL,VOLCABLE_1,RICARDONE,INGRESO,MovimientosPorContrato_20260627.xlsx,NO_TRUCKFLOW_MATCH
CTG_10133168553,AC844CE,2026-06-27T09:24:00,2026-06-27T18:08:00,SOJA,VOLCABLE_PTO_2,TERMINAL_EMBARQUE,INGRESO,MovimientosPorContrato_20260627.xlsx,NO_TRUCKFLOW_MATCH
CTG_10133143928,HRN520,2026-06-27T00:34:00,2026-06-27T18:09:00,MAIZ,CELDA_171_-_CENTRO,AVELLANEDA,INGRESO,MovimientosPorContrato_20260627.xlsx,NO_TRUCKFLOW_MATCH
CTG_10133151910,KAD339,2026-06-27T09:58:00,2026-06-27T18:09:00,SOJA,VOLCABLE_PTO_2,TERMINAL_EMBARQUE,INGRESO,MovimientosPorContrato_20260627.xlsx,NO_TRUCKFLOW_MATCH
CTG_10133150993,JVA061,2026-06-27T08:42:00,2026-06-27T18:13:00,SOJA,VOLCABLE_PTO_3,TERMINAL_EMBARQUE,INGRESO,MovimientosPorContrato_20260627.xlsx,NO_TRUCKFLOW_MATCH
COMPROB_000400418913,EMU873,2026-06-27T16:50:00,2026-06-27T18:18:00,AC GIRASOL OLEICO REFINADO,ACEITE_OSL,TERMINAL_EMBARQUE,EGRESO,MovimientosPorContrato_20260627.xlsx,NO_TRUCKFLOW_MATCH
CTG_10233161948,AD224VW,2026-06-27T07:18:00,2026-06-27T18:20:00,SOJA,VOLCABLE_PTO_2,TERMINAL_EMBARQUE,INGRESO,MovimientosPorContrato_20260627.xlsx,NO_TRUCKFLOW_MATCH
CTG_10233158357,EJY697,2026-06-27T10:00:00,2026-06-27T18:24:00,SOJA,VOLCABLE_PTO_2,TERMINAL_EMBARQUE,INGRESO,MovimientosPorContrato_20260627.xlsx,NO_TRUCKFLOW_MATCH
COMPROB_000400418914,KOQ228,2026-06-27T17:39:00,2026-06-27T18:37:00,AC GIRASOL OLEICO REFINADO,ACEITE_OSL,TERMINAL_EMBARQUE,EGRESO,MovimientosPorContrato_20260627.xlsx,NO_TRUCKFLOW_MATCH
CTG_10133156606,UCN502,2026-06-27T14:04:00,2026-06-27T18:38:00,GIRASOL,VOLCABLE_1,RICARDONE,INGRESO,MovimientosPorContrato_20260627.xlsx,NO_TRUCKFLOW_MATCH
CTG_10133152884,BYY200,2026-06-27T00:38:00,2026-06-27T18:39:00,MAIZ,CELDA_171_-_CENTRO,AVELLANEDA,INGRESO,MovimientosPorContrato_20260627.xlsx,NO_TRUCKFLOW_MATCH
CTG_10133163558,FMO672,2026-06-27T10:02:00,2026-06-27T18:39:00,SOJA,VOLCABLE_PTO_2,TERMINAL_EMBARQUE,INGRESO,MovimientosPorContrato_20260627.xlsx,NO_TRUCKFLOW_MATCH
CTG_10133170008,AG253BD,2026-06-27T10:08:00,2026-06-27T18:39:00,SOJA,VOLCABLE_PTO_3,TERMINAL_EMBARQUE,INGRESO,MovimientosPorContrato_20260627.xlsx,NO_TRUCKFLOW_MATCH
CTG_10133147283,AC203WE,2026-06-27T11:03:00,2026-06-27T18:45:00,SOJA,VOLCABLE_PTO_3,TERMINAL_EMBARQUE,INGRESO,MovimientosPorContrato_20260627.xlsx,NO_TRUCKFLOW_MATCH
CTG_10133156264,AG260PY,2026-06-27T10:16:00,2026-06-27T18:49:00,SOJA,VOLCABLE_PTO_2,TERMINAL_EMBARQUE,INGRESO,MovimientosPorContrato_20260627.xlsx,NO_TRUCKFLOW_MATCH
CTG_10133168219,AC257MR,2026-06-27T10:45:00,2026-06-27T18:51:00,SOJA,VOLCABLE_PTO_2,TERMINAL_EMBARQUE,INGRESO,MovimientosPorContrato_20260627.xlsx,NO_TRUCKFLOW_MATCH
CTG_10133147484,EQD567,2026-06-27T04:14:00,2026-06-27T19:11:00,MAIZ,CELDA_171_-_CENTRO,AVELLANEDA,INGRESO,MovimientosPorContrato_20260627.xlsx,NO_TRUCKFLOW_MATCH
COMPROB_000301064985,CTA045,2026-06-27T10:57:00,2026-06-27T19:12:00,PRODUCTOS VARIOS,VARIOS,RICARDONE,EGRESO,MovimientosPorContrato_20260627.xlsx,NO_TRUCKFLOW_MATCH
COMPROB_000301064986,UUL425,2026-06-25T18:52:00,2026-06-27T19:21:00,PRODUCTOS VARIOS,VARIOS,RICARDONE,EGRESO,MovimientosPorContrato_20260627.xlsx,NO_TRUCKFLOW_MATCH
CTG_10133160575,HPV267,2026-06-27T09:59:00,2026-06-27T19:28:00,SOJA,VOLCABLE_PTO_2,TERMINAL_EMBARQUE,INGRESO,MovimientosPorContrato_20260627.xlsx,NO_TRUCKFLOW_MATCH
CTG_10233161445,HRN918,2026-06-27T09:57:00,2026-06-27T19:36:00,SOJA,VOLCABLE_PTO_2,TERMINAL_EMBARQUE,INGRESO,MovimientosPorContrato_20260627.xlsx,NO_TRUCKFLOW_MATCH
CTG_10233163660,AG622IN,2026-06-27T12:40:00,2026-06-27T19:37:00,SOJA,VOLCABLE_PTO_5,TERMINAL_EMBARQUE,INGRESO,MovimientosPorContrato_20260627.xlsx,NO_TRUCKFLOW_MATCH
CTG_10233174375,JQU073,2026-06-27T11:28:00,2026-06-27T19:38:00,SOJA,VOLCABLE_PTO_2,TERMINAL_EMBARQUE,INGRESO,MovimientosPorContrato_20260627.xlsx,NO_TRUCKFLOW_MATCH
CTG_10233175111,EQK925,2026-06-27T11:49:00,2026-06-27T19:44:00,SOJA,VOLCABLE_PTO_2,TERMINAL_EMBARQUE,INGRESO,MovimientosPorContrato_20260627.xlsx,NO_TRUCKFLOW_MATCH
CTG_10233176113,GWQ265,2026-06-27T10:15:00,2026-06-27T19:44:00,MAIZ,CELDA_171_-_CENTRO,AVELLANEDA,INGRESO,MovimientosPorContrato_20260627.xlsx,NO_TRUCKFLOW_MATCH
CTG_10133169866,AB605VN,2026-06-27T12:01:00,2026-06-27T19:49:00,SOJA,VOLCABLE_PTO_2,TERMINAL_EMBARQUE,INGRESO,MovimientosPorContrato_20260627.xlsx,NO_TRUCKFLOW_MATCH
CTG_10133169582,AG815YZ,2026-06-27T13:22:00,2026-06-27T19:57:00,SOJA,VOLCABLE_PTO_5,TERMINAL_EMBARQUE,INGRESO,MovimientosPorContrato_20260627.xlsx,NO_TRUCKFLOW_MATCH
CTG_10133152090,AD860TA,2026-06-27T11:37:00,2026-06-27T20:00:00,SOJA,VOLCABLE_PTO_2,TERMINAL_EMBARQUE,INGRESO,MovimientosPorContrato_20260627.xlsx,NO_TRUCKFLOW_MATCH
CTG_10133151612,DHM850,2026-06-27T13:48:00,2026-06-27T20:03:00,SOJA,VOLCABLE_PTO_5,TERMINAL_EMBARQUE,INGRESO,MovimientosPorContrato_20260627.xlsx,NO_TRUCKFLOW_MATCH
CTG_10233173801,JFB072,2026-06-27T11:39:00,2026-06-27T20:06:00,SOJA,VOLCABLE_PTO_2,TERMINAL_EMBARQUE,INGRESO,MovimientosPorContrato_20260627.xlsx,NO_TRUCKFLOW_MATCH
CTG_10233176568,HNJ507,2026-06-27T12:27:00,2026-06-27T20:11:00,SOJA,VOLCABLE_PTO_2,TERMINAL_EMBARQUE,INGRESO,MovimientosPorContrato_20260627.xlsx,NO_TRUCKFLOW_MATCH
CTG_10233166110,MWX554,2026-06-27T14:07:00,2026-06-27T20:14:00,SOJA,VOLCABLE_PTO_5,TERMINAL_EMBARQUE,INGRESO,MovimientosPorContrato_20260627.xlsx,NO_TRUCKFLOW_MATCH
CTG_10233173149,BGV636,2026-06-27T12:09:00,2026-06-27T20:17:00,SOJA,VOLCABLE_PTO_2,TERMINAL_EMBARQUE,INGRESO,MovimientosPorContrato_20260627.xlsx,NO_TRUCKFLOW_MATCH
CTG_10233161847,MYO478,2026-06-27T12:45:00,2026-06-27T20:24:00,SOJA,VOLCABLE_PTO_2,TERMINAL_EMBARQUE,INGRESO,MovimientosPorContrato_20260627.xlsx,NO_TRUCKFLOW_MATCH
CTG_10133150626,OGF008,2026-06-27T11:53:00,2026-06-27T20:26:00,SOJA,VOLCABLE_PTO_5,TERMINAL_EMBARQUE,INGRESO,MovimientosPorContrato_20260627.xlsx,NO_TRUCKFLOW_MATCH
CTG_10233177452,IQQ426,2026-06-27T13:23:00,2026-06-27T20:27:00,SOJA,VOLCABLE_PTO_5,TERMINAL_EMBARQUE,INGRESO,MovimientosPorContrato_20260627.xlsx,NO_TRUCKFLOW_MATCH
CTG_10133169932,AA719GV,2026-06-27T13:24:00,2026-06-27T20:34:00,SOJA,VOLCABLE_PTO_2,TERMINAL_EMBARQUE,INGRESO,MovimientosPorContrato_20260627.xlsx,NO_TRUCKFLOW_MATCH
CTG_10133167622,AC043MA,2026-06-27T13:37:00,2026-06-27T20:35:00,SOJA,VOLCABLE_PTO_2,TERMINAL_EMBARQUE,INGRESO,MovimientosPorContrato_20260627.xlsx,NO_TRUCKFLOW_MATCH
CTG_10133150034,KNB391,2026-06-27T12:13:00,2026-06-27T20:36:00,SOJA,VOLCABLE_PTO_5,TERMINAL_EMBARQUE,INGRESO,MovimientosPorContrato_20260627.xlsx,NO_TRUCKFLOW_MATCH
CTG_10133151710,FPW268,2026-06-27T12:35:00,2026-06-27T20:50:00,SOJA,VOLCABLE_PTO_2,TERMINAL_EMBARQUE,INGRESO,MovimientosPorContrato_20260627.xlsx,NO_TRUCKFLOW_MATCH
CTG_10233179270,LSM425,2026-06-27T18:18:00,2026-06-27T20:51:00,GIRASOL,VOLCABLE_1,RICARDONE,INGRESO,MovimientosPorContrato_20260627.xlsx,NO_TRUCKFLOW_MATCH
CTG_10233162439,BHE049,2026-06-27T12:52:00,2026-06-27T20:52:00,SOJA,VOLCABLE_PTO_5,TERMINAL_EMBARQUE,INGRESO,MovimientosPorContrato_20260627.xlsx,NO_TRUCKFLOW_MATCH
CTG_10133160486,AKF558,2026-06-27T13:35:00,2026-06-27T20:56:00,SOJA,VOLCABLE_PTO_2,TERMINAL_EMBARQUE,INGRESO,MovimientosPorContrato_20260627.xlsx,NO_TRUCKFLOW_MATCH
CTG_10233167796,AB545LT,2026-06-27T10:40:00,2026-06-27T20:57:00,SOJA,VOLCABLE_PTO_2,TERMINAL_EMBARQUE,INGRESO,MovimientosPorContrato_20260627.xlsx,NO_TRUCKFLOW_MATCH
CTG_10133175627,OQB439,2026-06-27T14:04:00,2026-06-27T20:58:00,SOJA,VOLCABLE_PTO_5,TERMINAL_EMBARQUE,INGRESO,MovimientosPorContrato_20260627.xlsx,NO_TRUCKFLOW_MATCH
CTG_10233179423,TMG028,2026-06-27T13:45:00,2026-06-27T21:03:00,SOJA,VOLCABLE_PTO_2,TERMINAL_EMBARQUE,INGRESO,MovimientosPorContrato_20260627.xlsx,NO_TRUCKFLOW_MATCH
COMPROB_000200430812,AI198PC,2026-06-27T19:22:00,2026-06-27T21:07:00,CHIP DE EUCALIPTUS,PLAYA_LEÑA_Y_CHIP,AVELLANEDA,INGRESO,MovimientosPorContrato_20260627.xlsx,NO_TRUCKFLOW_MATCH
CTG_10133177079,FAG523,2026-06-27T16:37:00,2026-06-27T21:07:00,SOJA,VOLCABLE_PTO_5,TERMINAL_EMBARQUE,INGRESO,MovimientosPorContrato_20260627.xlsx,NO_TRUCKFLOW_MATCH
COMPROB_000400418915,FDX990,2026-06-27T19:53:00,2026-06-27T21:09:00,AC GIRASOL OLEICO REFINADO,ACEITE_OSL,TERMINAL_EMBARQUE,EGRESO,MovimientosPorContrato_20260627.xlsx,NO_TRUCKFLOW_MATCH
CTG_10133146855,TQA120,2026-06-27T13:54:00,2026-06-27T21:14:00,SOJA,VOLCABLE_PTO_2,TERMINAL_EMBARQUE,INGRESO,MovimientosPorContrato_20260627.xlsx,NO_TRUCKFLOW_MATCH
CTG_10133153916,AC358WX,2026-06-27T13:47:00,2026-06-27T21:18:00,SOJA,VOLCABLE_PTO_2,TERMINAL_EMBARQUE,INGRESO,MovimientosPorContrato_20260627.xlsx,NO_TRUCKFLOW_MATCH
COMPROB_000301064987,AYM824,2026-06-27T19:21:00,2026-06-27T21:19:00,PRODUCTOS VARIOS,VARIOS,RICARDONE,EGRESO,MovimientosPorContrato_20260627.xlsx,NO_TRUCKFLOW_MATCH
COMPROB_000301064988,NLR442,2026-06-25T18:43:00,2026-06-27T21:21:00,PRODUCTOS VARIOS,VARIOS,RICARDONE,EGRESO,MovimientosPorContrato_20260627.xlsx,NO_TRUCKFLOW_MATCH
CTG_10133140183,EYC107,2026-06-27T12:50:00,2026-06-27T21:23:00,SOJA,VOLCABLE_PTO_5,TERMINAL_EMBARQUE,INGRESO,MovimientosPorContrato_20260627.xlsx,NO_TRUCKFLOW_MATCH
CTG_10133178230,AC601YC,2026-06-27T16:13:00,2026-06-27T21:24:00,SOJA,VOLCABLE_PTO_5,TERMINAL_EMBARQUE,INGRESO,MovimientosPorContrato_20260627.xlsx,NO_TRUCKFLOW_MATCH
COMPROB_000301064989,LFT141,2026-06-26T17:18:00,2026-06-27T21:24:00,PRODUCTOS VARIOS,VARIOS,RICARDONE,EGRESO,MovimientosPorContrato_20260627.xlsx,NO_TRUCKFLOW_MATCH
CTG_10133176762,EUP340,2026-06-27T14:14:00,2026-06-27T21:25:00,SOJA,VOLCABLE_PTO_3,TERMINAL_EMBARQUE,INGRESO,MovimientosPorContrato_20260627.xlsx,NO_TRUCKFLOW_MATCH
CTG_10133169489,SUT771,2026-06-27T14:02:00,2026-06-27T21:25:00,SOJA,VOLCABLE_PTO_2,TERMINAL_EMBARQUE,INGRESO,MovimientosPorContrato_20260627.xlsx,NO_TRUCKFLOW_MATCH
CTG_10133171245,CJG071,2026-06-27T14:00:00,2026-06-27T21:29:00,SOJA,VOLCABLE_PTO_2,TERMINAL_EMBARQUE,INGRESO,MovimientosPorContrato_20260627.xlsx,NO_TRUCKFLOW_MATCH
CTG_10133163754,AB996ZU,2026-06-27T14:16:00,2026-06-27T21:32:00,SOJA,VOLCABLE_PTO_3,TERMINAL_EMBARQUE,INGRESO,MovimientosPorContrato_20260627.xlsx,NO_TRUCKFLOW_MATCH
COMPROB_000301064990,BWV144,2026-06-27T18:59:00,2026-06-27T21:38:00,PRODUCTOS VARIOS,VARIOS,RICARDONE,EGRESO,MovimientosPorContrato_20260627.xlsx,NO_TRUCKFLOW_MATCH
CTG_10233161780,UUN624,2026-06-27T14:08:00,2026-06-27T21:40:00,SOJA,VOLCABLE_PTO_2,TERMINAL_EMBARQUE,INGRESO,MovimientosPorContrato_20260627.xlsx,NO_TRUCKFLOW_MATCH
CTG_10133167418,AB925DV,2026-06-27T16:21:00,2026-06-27T21:42:00,SOJA,VOLCABLE_PTO_5,TERMINAL_EMBARQUE,INGRESO,MovimientosPorContrato_20260627.xlsx,NO_TRUCKFLOW_MATCH
CTG_10133168390,AA686KA,2026-06-27T14:45:00,2026-06-27T21:44:00,SOJA,VOLCABLE_PTO_2,TERMINAL_EMBARQUE,INGRESO,MovimientosPorContrato_20260627.xlsx,NO_TRUCKFLOW_MATCH
CTG_10233175835,TNC102,2026-06-27T15:38:00,2026-06-27T21:51:00,SOJA,VOLCABLE_PTO_2,TERMINAL_EMBARQUE,INGRESO,MovimientosPorContrato_20260627.xlsx,NO_TRUCKFLOW_MATCH
CTG_10233174463,AB956EZ,2026-06-27T14:47:00,2026-06-27T21:52:00,SOJA,VOLCABLE_PTO_5,TERMINAL_EMBARQUE,INGRESO,MovimientosPorContrato_20260627.xlsx,NO_TRUCKFLOW_MATCH
CTG_10233181413,ISX147,2026-06-27T18:30:00,2026-06-27T21:53:00,GIRASOL,VOLCABLE_1,RICARDONE,INGRESO,MovimientosPorContrato_20260627.xlsx,NO_TRUCKFLOW_MATCH
CTG_10233173351,BLY295,2026-06-27T16:05:00,2026-06-27T21:56:00,SOJA,VOLCABLE_PTO_2,TERMINAL_EMBARQUE,INGRESO,MovimientosPorContrato_20260627.xlsx,NO_TRUCKFLOW_MATCH
CTG_10133185636,KGU696,2026-06-27T15:40:00,2026-06-27T22:04:00,SOJA,VOLCABLE_PTO_2,TERMINAL_EMBARQUE,INGRESO,MovimientosPorContrato_20260627.xlsx,NO_TRUCKFLOW_MATCH
CTG_10133155029,HIS561,2026-06-27T15:37:00,2026-06-27T22:07:00,SOJA,VOLCABLE_PTO_5,TERMINAL_EMBARQUE,INGRESO,MovimientosPorContrato_20260627.xlsx,NO_TRUCKFLOW_MATCH
CTG_10133141309,FCI834,2026-06-27T16:49:00,2026-06-27T22:08:00,SOJA,VOLCABLE_PTO_5,TERMINAL_EMBARQUE,INGRESO,MovimientosPorContrato_20260627.xlsx,NO_TRUCKFLOW_MATCH
CTG_10233183444,AH345NE,2026-06-27T18:55:00,2026-06-27T22:09:00,GIRASOL,VOLCABLE_2,RICARDONE,INGRESO,MovimientosPorContrato_20260627.xlsx,NO_TRUCKFLOW_MATCH
CTG_10133178792,IBW372,2026-06-27T16:38:00,2026-06-27T22:13:00,SOJA,VOLCABLE_PTO_5,TERMINAL_EMBARQUE,INGRESO,MovimientosPorContrato_20260627.xlsx,NO_TRUCKFLOW_MATCH
CTG_10233170750,HME741,2026-06-27T16:28:00,2026-06-27T22:14:00,SOJA,VOLCABLE_PTO_3,TERMINAL_EMBARQUE,INGRESO,MovimientosPorContrato_20260627.xlsx,NO_TRUCKFLOW_MATCH
CTG_10133164087,JJR621,2026-06-27T15:33:00,2026-06-27T22:15:00,SOJA,VOLCABLE_PTO_2,TERMINAL_EMBARQUE,INGRESO,MovimientosPorContrato_20260627.xlsx,NO_TRUCKFLOW_MATCH
CTG_10133176654,AH269XK,2026-06-27T16:50:00,2026-06-27T22:17:00,SOJA,VOLCABLE_PTO_5,TERMINAL_EMBARQUE,INGRESO,MovimientosPorContrato_20260627.xlsx,NO_TRUCKFLOW_MATCH
CTG_10133155253,HTO526,2026-06-27T15:41:00,2026-06-27T22:24:00,SOJA,VOLCABLE_PTO_1,TERMINAL_EMBARQUE,INGRESO,MovimientosPorContrato_20260627.xlsx,NO_TRUCKFLOW_MATCH
CTG_10133169689,AE614QF,2026-06-27T16:24:00,2026-06-27T22:26:00,SOJA,VOLCABLE_PTO_3,TERMINAL_EMBARQUE,INGRESO,MovimientosPorContrato_20260627.xlsx,NO_TRUCKFLOW_MATCH
CTG_10133162828,AA019FK,2026-06-27T16:51:00,2026-06-27T22:32:00,SOJA,VOLCABLE_PTO_3,TERMINAL_EMBARQUE,INGRESO,MovimientosPorContrato_20260627.xlsx,NO_TRUCKFLOW_MATCH
CTG_10233181295,BKJ548,2026-06-27T18:33:00,2026-06-27T22:33:00,GIRASOL,VOLCABLE_1,RICARDONE,INGRESO,MovimientosPorContrato_20260627.xlsx,NO_TRUCKFLOW_MATCH
CTG_10233165185,JAQ955,2026-06-27T16:25:00,2026-06-27T22:34:00,SOJA,VOLCABLE_PTO_2,TERMINAL_EMBARQUE,INGRESO,MovimientosPorContrato_20260627.xlsx,NO_TRUCKFLOW_MATCH
CTG_10133175182,KLC865,2026-06-27T17:07:00,2026-06-27T22:39:00,SOJA,VOLCABLE_PTO_5,TERMINAL_EMBARQUE,INGRESO,MovimientosPorContrato_20260627.xlsx,NO_TRUCKFLOW_MATCH
CTG_10233175983,NAZ841,2026-06-27T17:22:00,2026-06-27T22:41:00,SOJA,VOLCABLE_PTO_2,TERMINAL_EMBARQUE,INGRESO,MovimientosPorContrato_20260627.xlsx,NO_TRUCKFLOW_MATCH
CTG_10133163890,OSL239,2026-06-27T16:41:00,2026-06-27T22:41:00,SOJA,VOLCABLE_PTO_3,TERMINAL_EMBARQUE,INGRESO,MovimientosPorContrato_20260627.xlsx,NO_TRUCKFLOW_MATCH
CTG_10133179978,CLE937,2026-06-27T18:10:00,2026-06-27T22:44:00,SOJA,VOLCABLE_PTO_5,TERMINAL_EMBARQUE,INGRESO,MovimientosPorContrato_20260627.xlsx,NO_TRUCKFLOW_MATCH
CTG_10233176287,ROK034,2026-06-27T19:21:00,2026-06-27T22:46:00,SOJA,VOLCABLE_PTO_2,TERMINAL_EMBARQUE,INGRESO,MovimientosPorContrato_20260627.xlsx,NO_TRUCKFLOW_MATCH
CTG_10133176545,AH677LL,2026-06-27T21:04:00,2026-06-27T22:56:00,SOJA,VOLCABLE_PTO_5,TERMINAL_EMBARQUE,INGRESO,MovimientosPorContrato_20260627.xlsx,NO_TRUCKFLOW_MATCH
CTG_10233177190,GTR389,2026-06-27T19:50:00,2026-06-27T22:57:00,SOJA,VOLCABLE_PTO_2,TERMINAL_EMBARQUE,INGRESO,MovimientosPorContrato_20260627.xlsx,NO_TRUCKFLOW_MATCH
CTG_10133160610,FNC358,2026-06-27T13:36:00,2026-06-27T22:58:00,SOJA,VOLCABLE_PTO_3,TERMINAL_EMBARQUE,INGRESO,MovimientosPorContrato_20260627.xlsx,NO_TRUCKFLOW_MATCH
CTG_10133177222,EVT841,2026-06-27T21:51:00,2026-06-27T23:02:00,SOJA,VOLCABLE_PTO_2,TERMINAL_EMBARQUE,INGRESO,MovimientosPorContrato_20260627.xlsx,NO_TRUCKFLOW_MATCH
CTG_10133176110,VJG804,2026-06-27T15:54:00,2026-06-27T23:03:00,SOJA,VOLCABLE_PTO_3,TERMINAL_EMBARQUE,INGRESO,MovimientosPorContrato_20260627.xlsx,NO_TRUCKFLOW_MATCH
CTG_10133191331,AI104LX,2026-06-27T20:59:00,2026-06-27T23:04:00,SOJA,VOLCABLE_PTO_3,TERMINAL_EMBARQUE,INGRESO,MovimientosPorContrato_20260627.xlsx,NO_TRUCKFLOW_MATCH
CTG_10133176452,UHG304,2026-06-27T21:58:00,2026-06-27T23:05:00,SOJA,VOLCABLE_PTO_5,TERMINAL_EMBARQUE,INGRESO,MovimientosPorContrato_20260627.xlsx,NO_TRUCKFLOW_MATCH
CTG_10233173589,FUV878,2026-06-27T21:57:00,2026-06-27T23:08:00,SOJA,VOLCABLE_PTO_2,TERMINAL_EMBARQUE,INGRESO,MovimientosPorContrato_20260627.xlsx,NO_TRUCKFLOW_MATCH
CTG_10133178772,HBU801,2026-06-27T21:58:00,2026-06-27T23:13:00,SOJA,VOLCABLE_PTO_5,TERMINAL_EMBARQUE,INGRESO,MovimientosPorContrato_20260627.xlsx,NO_TRUCKFLOW_MATCH
CTG_10233173330,NSW358,2026-06-27T21:56:00,2026-06-27T23:17:00,SOJA,VOLCABLE_PTO_3,TERMINAL_EMBARQUE,INGRESO,MovimientosPorContrato_20260627.xlsx,NO_TRUCKFLOW_MATCH
CTG_10133164006,AI060FL,2026-06-27T22:01:00,2026-06-27T23:18:00,SOJA,VOLCABLE_PTO_2,TERMINAL_EMBARQUE,INGRESO,MovimientosPorContrato_20260627.xlsx,NO_TRUCKFLOW_MATCH
CTG_10133163316,AE934AW,2026-06-27T21:59:00,2026-06-27T23:21:00,SOJA,VOLCABLE_PTO_5,TERMINAL_EMBARQUE,INGRESO,MovimientosPorContrato_20260627.xlsx,NO_TRUCKFLOW_MATCH
CTG_10133185220,AVP957,2026-06-27T22:00:00,2026-06-27T23:25:00,SOJA,VOLCABLE_PTO_2,TERMINAL_EMBARQUE,INGRESO,MovimientosPorContrato_20260627.xlsx,NO_TRUCKFLOW_MATCH
CTG_10133170829,DEW123,2026-06-27T21:53:00,2026-06-27T23:26:00,SOJA,VOLCABLE_PTO_3,TERMINAL_EMBARQUE,INGRESO,MovimientosPorContrato_20260627.xlsx,NO_TRUCKFLOW_MATCH
CTG_10133183393,PFE196,2026-06-27T21:52:00,2026-06-27T23:28:00,SOJA,VOLCABLE_PTO_2,TERMINAL_EMBARQUE,INGRESO,MovimientosPorContrato_20260627.xlsx,NO_TRUCKFLOW_MATCH
CTG_10233176299,LCI064,2026-06-27T22:04:00,2026-06-27T23:29:00,SOJA,VOLCABLE_PTO_3,TERMINAL_EMBARQUE,INGRESO,MovimientosPorContrato_20260627.xlsx,NO_TRUCKFLOW_MATCH
CTG_10233183824,GHN484,2026-06-27T19:07:00,2026-06-28T01:10:00,GIRASOL,VOLCABLE_1,RICARDONE,INGRESO,MovimientosPorContrato_20260628.xlsx,NO_TRUCKFLOW_MATCH
CTG_10233182118,GQC488,2026-06-27T19:19:00,2026-06-28T01:12:00,GIRASOL,VOLCABLE_2,RICARDONE,INGRESO,MovimientosPorContrato_20260628.xlsx,NO_TRUCKFLOW_MATCH
CTG_10233182263,SMC098,2026-06-27T19:19:00,2026-06-28T01:17:00,GIRASOL,VOLCABLE_2,RICARDONE,INGRESO,MovimientosPorContrato_20260628.xlsx,NO_TRUCKFLOW_MATCH
COMPROB_000400418916,AE999OW,2026-06-27T20:26:00,2026-06-28T01:26:00,BORRA DE ACSOJA REFINADO,,TERMINAL_EMBARQUE,EGRESO,MovimientosPorContrato_20260628.xlsx,NO_TRUCKFLOW_MATCH
CTG_10233184216,CLY413,2026-06-27T19:46:00,2026-06-28T01:34:00,GIRASOL,VOLCABLE_1,RICARDONE,INGRESO,MovimientosPorContrato_20260628.xlsx,NO_TRUCKFLOW_MATCH
CTG_10233184019,FON882,2026-06-27T20:01:00,2026-06-28T01:43:00,GIRASOL,VOLCABLE_2,RICARDONE,INGRESO,MovimientosPorContrato_20260628.xlsx,NO_TRUCKFLOW_MATCH
CTG_10133172781,CKG411,2026-06-27T22:41:00,2026-06-28T02:04:00,SOJA,VOLCABLE_PTO_3,TERMINAL_EMBARQUE,INGRESO,MovimientosPorContrato_20260628.xlsx,NO_TRUCKFLOW_MATCH
CTG_10133151929,AC190DM,2026-06-27T22:27:00,2026-06-28T02:05:00,SOJA,VOLCABLE_PTO_3,TERMINAL_EMBARQUE,INGRESO,MovimientosPorContrato_20260628.xlsx,NO_TRUCKFLOW_MATCH
CTG_10133170773,KQJ000,2026-06-27T22:55:00,2026-06-28T02:30:00,SOJA,VOLCABLE_PTO_3,TERMINAL_EMBARQUE,INGRESO,MovimientosPorContrato_20260628.xlsx,NO_TRUCKFLOW_MATCH
CTG_10233183509,EFY433,2026-06-27T20:00:00,2026-06-28T02:32:00,GIRASOL,VOLCABLE_1,RICARDONE,INGRESO,MovimientosPorContrato_20260628.xlsx,NO_TRUCKFLOW_MATCH
CTG_10133170803,EPU780,2026-06-27T22:56:00,2026-06-28T02:35:00,SOJA,VOLCABLE_PTO_3,TERMINAL_EMBARQUE,INGRESO,MovimientosPorContrato_20260628.xlsx,NO_TRUCKFLOW_MATCH
CTG_10133187208,PKQ394,2026-06-27T23:51:00,2026-06-28T02:40:00,SOJA,VOLCABLE_PTO_3,TERMINAL_EMBARQUE,INGRESO,MovimientosPorContrato_20260628.xlsx,NO_TRUCKFLOW_MATCH
CTG_10133165170,RQV184,2026-06-27T23:49:00,2026-06-28T02:44:00,SOJA,VOLCABLE_PTO_5,TERMINAL_EMBARQUE,INGRESO,MovimientosPorContrato_20260628.xlsx,NO_TRUCKFLOW_MATCH
CTG_10133181367,AE703TT,2026-06-28T00:18:00,2026-06-28T02:47:00,SOJA,VOLCABLE_PTO_5,TERMINAL_EMBARQUE,INGRESO,MovimientosPorContrato_20260628.xlsx,NO_TRUCKFLOW_MATCH
CTG_10233186691,MOF325,2026-06-27T23:54:00,2026-06-28T02:50:00,SOJA,VOLCABLE_PTO_3,TERMINAL_EMBARQUE,INGRESO,MovimientosPorContrato_20260628.xlsx,NO_TRUCKFLOW_MATCH
COMPROB_000200430813,LYD124,2026-06-27T23:37:00,2026-06-28T02:57:00,CHIP DE PINO,PLAYA_LEÑA_Y_CHIP,AVELLANEDA,INGRESO,MovimientosPorContrato_20260628.xlsx,NO_TRUCKFLOW_MATCH
CTG_10133164942,WJD285,2026-06-27T23:50:00,2026-06-28T03:00:00,SOJA,VOLCABLE_PTO_3,TERMINAL_EMBARQUE,INGRESO,MovimientosPorContrato_20260628.xlsx,NO_TRUCKFLOW_MATCH
CTG_10133187316,KFG238,2026-06-27T23:51:00,2026-06-28T03:02:00,SOJA,VOLCABLE_PTO_5,TERMINAL_EMBARQUE,INGRESO,MovimientosPorContrato_20260628.xlsx,NO_TRUCKFLOW_MATCH
CTG_10133189839,WZX946,2026-06-28T00:15:00,2026-06-28T03:04:00,SOJA,VOLCABLE_PTO_5,TERMINAL_EMBARQUE,INGRESO,MovimientosPorContrato_20260628.xlsx,NO_TRUCKFLOW_MATCH
CTG_10133187520,GMU156,2026-06-27T23:52:00,2026-06-28T03:08:00,SOJA,VOLCABLE_PTO_3,TERMINAL_EMBARQUE,INGRESO,MovimientosPorContrato_20260628.xlsx,NO_TRUCKFLOW_MATCH
CTG_10133168313,UKS587,2026-06-28T00:21:00,2026-06-28T03:11:00,SOJA,VOLCABLE_PTO_5,TERMINAL_EMBARQUE,INGRESO,MovimientosPorContrato_20260628.xlsx,NO_TRUCKFLOW_MATCH
CTG_10133172947,SKX971,2026-06-27T23:53:00,2026-06-28T03:16:00,SOJA,VOLCABLE_PTO_3,TERMINAL_EMBARQUE,INGRESO,MovimientosPorContrato_20260628.xlsx,NO_TRUCKFLOW_MATCH
CTG_10133191635,EPM219,2026-06-28T00:13:00,2026-06-28T03:17:00,SOJA,VOLCABLE_PTO_3,TERMINAL_EMBARQUE,INGRESO,MovimientosPorContrato_20260628.xlsx,NO_TRUCKFLOW_MATCH
CTG_10133174058,OIN683,2026-06-28T00:41:00,2026-06-28T03:18:00,SOJA,VOLCABLE_PTO_5,TERMINAL_EMBARQUE,INGRESO,MovimientosPorContrato_20260628.xlsx,NO_TRUCKFLOW_MATCH
CTG_10133162258,AB362FR,2026-06-28T00:20:00,2026-06-28T03:20:00,SOJA,VOLCABLE_PTO_3,TERMINAL_EMBARQUE,INGRESO,MovimientosPorContrato_20260628.xlsx,NO_TRUCKFLOW_MATCH
CTG_10133157421,BPO903,2026-06-28T01:13:00,2026-06-28T03:22:00,SOJA,VOLCABLE_PTO_5,TERMINAL_EMBARQUE,INGRESO,MovimientosPorContrato_20260628.xlsx,NO_TRUCKFLOW_MATCH
CTG_10233185756,AA004UC,2026-06-27T20:18:00,2026-06-28T03:24:00,GIRASOL,VOLCABLE_1,RICARDONE,INGRESO,MovimientosPorContrato_20260628.xlsx,NO_TRUCKFLOW_MATCH
CTG_10133154965,LVP675,2026-06-28T00:23:00,2026-06-28T03:25:00,SOJA,VOLCABLE_PTO_3,TERMINAL_EMBARQUE,INGRESO,MovimientosPorContrato_20260628.xlsx,NO_TRUCKFLOW_MATCH
CTG_10133165574,AH166LV,2026-06-27T22:39:00,2026-06-28T03:27:00,SOJA,VOLCABLE_PTO_5,TERMINAL_EMBARQUE,INGRESO,MovimientosPorContrato_20260628.xlsx,NO_TRUCKFLOW_MATCH
CTG_10133174966,AH965CM,2026-06-28T00:33:00,2026-06-28T03:35:00,SOJA,VOLCABLE_PTO_3,TERMINAL_EMBARQUE,INGRESO,MovimientosPorContrato_20260628.xlsx,NO_TRUCKFLOW_MATCH
CTG_10133165709,EPH553,2026-06-27T22:38:00,2026-06-28T03:42:00,SOJA,VOLCABLE_PTO_5,TERMINAL_EMBARQUE,INGRESO,MovimientosPorContrato_20260628.xlsx,NO_TRUCKFLOW_MATCH
CTG_10133179277,MZN471,2026-06-28T00:46:00,2026-06-28T03:44:00,SOJA,VOLCABLE_PTO_3,TERMINAL_EMBARQUE,INGRESO,MovimientosPorContrato_20260628.xlsx,NO_TRUCKFLOW_MATCH
CTG_10133165417,EOK014,2026-06-27T22:39:00,2026-06-28T03:50:00,SOJA,VOLCABLE_PTO_5,TERMINAL_EMBARQUE,INGRESO,MovimientosPorContrato_20260628.xlsx,NO_TRUCKFLOW_MATCH
CTG_10133177378,FXL895,2026-06-28T01:01:00,2026-06-28T03:51:00,SOJA,VOLCABLE_PTO_3,TERMINAL_EMBARQUE,INGRESO,MovimientosPorContrato_20260628.xlsx,NO_TRUCKFLOW_MATCH
CTG_10133189235,AH277ZE,2026-06-28T01:41:00,2026-06-28T03:55:00,SOJA,VOLCABLE_PTO_3,TERMINAL_EMBARQUE,INGRESO,MovimientosPorContrato_20260628.xlsx,NO_TRUCKFLOW_MATCH
CTG_10133170731,NQJ176,2026-06-27T22:52:00,2026-06-28T03:56:00,SOJA,VOLCABLE_PTO_5,TERMINAL_EMBARQUE,INGRESO,MovimientosPorContrato_20260628.xlsx,NO_TRUCKFLOW_MATCH
CTG_10133187098,FTY490,2026-06-28T00:37:00,2026-06-28T04:06:00,SOJA,VOLCABLE_PTO_3,TERMINAL_EMBARQUE,INGRESO,MovimientosPorContrato_20260628.xlsx,NO_TRUCKFLOW_MATCH
CTG_10233178018,INA260,2026-06-27T20:49:00,2026-06-28T04:14:00,GIRASOL,VOLCABLE_1,RICARDONE,INGRESO,MovimientosPorContrato_20260628.xlsx,NO_TRUCKFLOW_MATCH
CTG_10133187452,AE683NV,2026-06-27T22:49:00,2026-06-28T04:16:00,SOJA,VOLCABLE_PTO_5,TERMINAL_EMBARQUE,INGRESO,MovimientosPorContrato_20260628.xlsx,NO_TRUCKFLOW_MATCH
CTG_10133164031,AD936VD,2026-06-28T01:22:00,2026-06-28T04:20:00,SOJA,VOLCABLE_PTO_3,TERMINAL_EMBARQUE,INGRESO,MovimientosPorContrato_20260628.xlsx,NO_TRUCKFLOW_MATCH
CTG_10133174270,AE422TI,2026-06-27T22:44:00,2026-06-28T04:24:00,SOJA,VOLCABLE_PTO_3,TERMINAL_EMBARQUE,INGRESO,MovimientosPorContrato_20260628.xlsx,NO_TRUCKFLOW_MATCH
CTG_10133184355,LWT101,2026-06-27T23:04:00,2026-06-28T04:29:00,SOJA,VOLCABLE_PTO_5,TERMINAL_EMBARQUE,INGRESO,MovimientosPorContrato_20260628.xlsx,NO_TRUCKFLOW_MATCH
CTG_10133146998,FOO958,2026-06-27T22:50:00,2026-06-28T04:34:00,SOJA,VOLCABLE_PTO_3,TERMINAL_EMBARQUE,INGRESO,MovimientosPorContrato_20260628.xlsx,NO_TRUCKFLOW_MATCH
CTG_10133167092,AB058HQ,2026-06-27T22:51:00,2026-06-28T04:36:00,SOJA,VOLCABLE_PTO_5,TERMINAL_EMBARQUE,INGRESO,MovimientosPorContrato_20260628.xlsx,NO_TRUCKFLOW_MATCH
CTG_10133178199,RFG066,2026-06-27T22:54:00,2026-06-28T04:39:00,SOJA,VOLCABLE_PTO_3,TERMINAL_EMBARQUE,INGRESO,MovimientosPorContrato_20260628.xlsx,NO_TRUCKFLOW_MATCH
CTG_10133176005,PKT966,2026-06-27T23:27:00,2026-06-28T04:43:00,SOJA,VOLCABLE_PTO_5,TERMINAL_EMBARQUE,INGRESO,MovimientosPorContrato_20260628.xlsx,NO_TRUCKFLOW_MATCH
CTG_10133163047,ISW855,2026-06-27T23:32:00,2026-06-28T04:53:00,SOJA,VOLCABLE_PTO_3,TERMINAL_EMBARQUE,INGRESO,MovimientosPorContrato_20260628.xlsx,NO_TRUCKFLOW_MATCH
CTG_10233170504,TFP821,2026-06-28T01:28:00,2026-06-28T04:57:00,SOJA,VOLCABLE_PTO_3,TERMINAL_EMBARQUE,INGRESO,MovimientosPorContrato_20260628.xlsx,NO_TRUCKFLOW_MATCH
CTG_10233184364,ENA228,2026-06-27T20:55:00,2026-06-28T05:04:00,GIRASOL,VOLCABLE_1,RICARDONE,INGRESO,MovimientosPorContrato_20260628.xlsx,NO_TRUCKFLOW_MATCH
CTG_10133187235,PCG215,2026-06-28T01:55:00,2026-06-28T05:06:00,SOJA,VOLCABLE_PTO_5,TERMINAL_EMBARQUE,INGRESO,MovimientosPorContrato_20260628.xlsx,NO_TRUCKFLOW_MATCH
CTG_10133170163,AH319YD,2026-06-28T02:16:00,2026-06-28T05:42:00,SOJA,VOLCABLE_PTO_3,TERMINAL_EMBARQUE,INGRESO,MovimientosPorContrato_20260628.xlsx,NO_TRUCKFLOW_MATCH
CTG_10133187447,OXE040,2026-06-28T03:27:00,2026-06-28T05:43:00,SOJA,VOLCABLE_PTO_3,TERMINAL_EMBARQUE,INGRESO,MovimientosPorContrato_20260628.xlsx,NO_TRUCKFLOW_MATCH
CTG_10133180324,HFS096,2026-06-28T02:17:00,2026-06-28T05:45:00,SOJA,VOLCABLE_PTO_3,TERMINAL_EMBARQUE,INGRESO,MovimientosPorContrato_20260628.xlsx,NO_TRUCKFLOW_MATCH
CTG_10133153053,GLV537,2026-06-28T02:18:00,2026-06-28T05:55:00,SOJA,VOLCABLE_PTO_3,TERMINAL_EMBARQUE,INGRESO,MovimientosPorContrato_20260628.xlsx,NO_TRUCKFLOW_MATCH
CTG_10233188166,GWC160,2026-06-27T23:56:00,2026-06-28T05:56:00,GIRASOL,VOLCABLE_1,RICARDONE,INGRESO,MovimientosPorContrato_20260628.xlsx,NO_TRUCKFLOW_MATCH
CTG_10133153125,MUZ955,2026-06-28T02:36:00,2026-06-28T05:59:00,SOJA,VOLCABLE_PTO_3,TERMINAL_EMBARQUE,INGRESO,MovimientosPorContrato_20260628.xlsx,NO_TRUCKFLOW_MATCH
CTG_10133191174,HBW162,2026-06-28T03:21:00,2026-06-28T06:09:00,SOJA,VOLCABLE_PTO_3,TERMINAL_EMBARQUE,INGRESO,MovimientosPorContrato_20260628.xlsx,NO_TRUCKFLOW_MATCH
CTG_10133181891,AHO397,2026-06-28T03:57:00,2026-06-28T06:22:00,SOJA,VOLCABLE_PTO_3,TERMINAL_EMBARQUE,INGRESO,MovimientosPorContrato_20260628.xlsx,NO_TRUCKFLOW_MATCH
CTG_10133189253,AF963PZ,2026-06-28T03:39:00,2026-06-28T06:30:00,SOJA,VOLCABLE_PTO_3,TERMINAL_EMBARQUE,INGRESO,MovimientosPorContrato_20260628.xlsx,NO_TRUCKFLOW_MATCH
CTG_10233190211,AG690KK,2026-06-28T04:02:00,2026-06-28T06:36:00,SOJA,VOLCABLE_PTO_3,TERMINAL_EMBARQUE,INGRESO,MovimientosPorContrato_20260628.xlsx,NO_TRUCKFLOW_MATCH
CTG_10233187969,HDM034,2026-06-28T00:11:00,2026-06-28T06:43:00,GIRASOL,VOLCABLE_1,RICARDONE,INGRESO,MovimientosPorContrato_20260628.xlsx,NO_TRUCKFLOW_MATCH
COMPROB_000301064991,BWV144,2026-06-28T01:24:00,2026-06-28T06:56:00,PRODUCTOS VARIOS,VARIOS,RICARDONE,EGRESO,MovimientosPorContrato_20260628.xlsx,NO_TRUCKFLOW_MATCH
CTG_10233186849,HDB255,2026-06-28T04:05:00,2026-06-28T07:34:00,SOJA,VOLCABLE_PTO_3,TERMINAL_EMBARQUE,INGRESO,MovimientosPorContrato_20260628.xlsx,NO_TRUCKFLOW_MATCH
CTG_10233189695,TGF618,2026-06-28T01:25:00,2026-06-28T07:41:00,GIRASOL,VOLCABLE_1,RICARDONE,INGRESO,MovimientosPorContrato_20260628.xlsx,NO_TRUCKFLOW_MATCH
CTG_10133183650,SWP214,2026-06-28T05:03:00,2026-06-28T07:41:00,SOJA,VOLCABLE_PTO_3,TERMINAL_EMBARQUE,INGRESO,MovimientosPorContrato_20260628.xlsx,NO_TRUCKFLOW_MATCH
CTG_10133177256,KGL304,2026-06-28T03:32:00,2026-06-28T07:44:00,SOJA,VOLCABLE_PTO_5,TERMINAL_EMBARQUE,INGRESO,MovimientosPorContrato_20260628.xlsx,NO_TRUCKFLOW_MATCH
CTG_10133158578,JXL956,2026-06-28T05:12:00,2026-06-28T07:52:00,SOJA,VOLCABLE_PTO_3,TERMINAL_EMBARQUE,INGRESO,MovimientosPorContrato_20260628.xlsx,NO_TRUCKFLOW_MATCH
CTG_10233184873,ROX620,2026-06-28T04:27:00,2026-06-28T08:11:00,GIRASOL,VOLCABLE_2,RICARDONE,INGRESO,MovimientosPorContrato_20260628.xlsx,NO_TRUCKFLOW_MATCH
COMPROB_000400418917,AE808WD,2026-06-28T08:02:00,2026-06-28T08:17:00,PRODUCTOS VARIOS,,TERMINAL_EMBARQUE,EGRESO,MovimientosPorContrato_20260628.xlsx,NO_TRUCKFLOW_MATCH
CTG_10233186890,AH156WG,2026-06-28T04:30:00,2026-06-28T08:34:00,GIRASOL,VOLCABLE_1,RICARDONE,INGRESO,MovimientosPorContrato_20260628.xlsx,NO_TRUCKFLOW_MATCH
COMPROB_000400418918,KWO040,2026-06-28T05:06:00,2026-06-28T08:51:00,AC GIRASOL OLEICO REFINADO,ACEITE_OSL,TERMINAL_EMBARQUE,EGRESO,MovimientosPorContrato_20260628.xlsx,NO_TRUCKFLOW_MATCH
COMPROB_000400418919,UUH077,2026-06-28T05:41:00,2026-06-28T09:19:00,AC GIRASOL OLEICO REFINADO,ACEITE_OSL,TERMINAL_EMBARQUE,EGRESO,MovimientosPorContrato_20260628.xlsx,NO_TRUCKFLOW_MATCH
COMPROB_000400418920,EVD342,2026-06-28T06:00:00,2026-06-28T09:42:00,AC GIRASOL OLEICO REFINADO,ACEITE_OSL,TERMINAL_EMBARQUE,EGRESO,MovimientosPorContrato_20260628.xlsx,NO_TRUCKFLOW_MATCH
CTG_10133177658,MQI511,2026-06-28T05:57:00,2026-06-28T10:01:00,SOJA,VOLCABLE_PTO_3,TERMINAL_EMBARQUE,INGRESO,MovimientosPorContrato_20260628.xlsx,NO_TRUCKFLOW_MATCH
CTG_10233189764,AB042ZD,2026-06-28T02:28:00,2026-06-28T10:01:00,GIRASOL,VOLCABLE_1,RICARDONE,INGRESO,MovimientosPorContrato_20260628.xlsx,NO_TRUCKFLOW_MATCH
COMPROB_000400418921,OFG785,2026-06-28T06:59:00,2026-06-28T10:07:00,AC GIRASOL OLEICO REFINADO,ACEITE_OSL,TERMINAL_EMBARQUE,EGRESO,MovimientosPorContrato_20260628.xlsx,NO_TRUCKFLOW_MATCH
CTG_10133175868,JCC125,2026-06-28T07:16:00,2026-06-28T10:09:00,SOJA,VOLCABLE_PTO_3,TERMINAL_EMBARQUE,INGRESO,MovimientosPorContrato_20260628.xlsx,NO_TRUCKFLOW_MATCH
CTG_10133151933,AA837YG,2026-06-28T07:24:00,2026-06-28T10:16:00,SOJA,VOLCABLE_PTO_5,TERMINAL_EMBARQUE,INGRESO,MovimientosPorContrato_20260628.xlsx,NO_TRUCKFLOW_MATCH
CTG_10133173880,HIZ490,2026-06-28T07:25:00,2026-06-28T10:20:00,SOJA,VOLCABLE_PTO_5,TERMINAL_EMBARQUE,INGRESO,MovimientosPorContrato_20260628.xlsx,NO_TRUCKFLOW_MATCH
CTG_10133185570,AD489PM,2026-06-28T08:03:00,2026-06-28T10:25:00,SOJA,VOLCABLE_PTO_5,TERMINAL_EMBARQUE,INGRESO,MovimientosPorContrato_20260628.xlsx,NO_TRUCKFLOW_MATCH
CTG_10133180531,OVP654,2026-06-28T08:20:00,2026-06-28T10:32:00,SOJA,VOLCABLE_PTO_5,TERMINAL_EMBARQUE,INGRESO,MovimientosPorContrato_20260628.xlsx,NO_TRUCKFLOW_MATCH
CTG_10133186392,AC744HG,2026-06-28T08:23:00,2026-06-28T10:44:00,SOJA,VOLCABLE_PTO_5,TERMINAL_EMBARQUE,INGRESO,MovimientosPorContrato_20260628.xlsx,NO_TRUCKFLOW_MATCH
CTG_10133185390,AC071AA,2026-06-28T08:45:00,2026-06-28T10:47:00,SOJA,VOLCABLE_PTO_5,TERMINAL_EMBARQUE,INGRESO,MovimientosPorContrato_20260628.xlsx,NO_TRUCKFLOW_MATCH
COMPROB_000400418922,AGR963,2026-06-28T07:28:00,2026-06-28T10:52:00,AC GIRASOL OLEICO REFINADO,ACEITE_OSL,TERMINAL_EMBARQUE,EGRESO,MovimientosPorContrato_20260628.xlsx,NO_TRUCKFLOW_MATCH
CTG_10233186891,FAN313,2026-06-28T03:43:00,2026-06-28T11:00:00,GIRASOL,VOLCABLE_1,RICARDONE,INGRESO,MovimientosPorContrato_20260628.xlsx,NO_TRUCKFLOW_MATCH
COMPROB_000400418923,AE808WD,2026-06-28T08:54:00,2026-06-28T11:01:00,RESIDUOS ORG,,TERMINAL_EMBARQUE,EGRESO,MovimientosPorContrato_20260628.xlsx,NO_TRUCKFLOW_MATCH
CTG_10133164709,EFU743,2026-06-28T08:31:00,2026-06-28T11:15:00,SOJA,VOLCABLE_PTO_5,TERMINAL_EMBARQUE,INGRESO,MovimientosPorContrato_20260628.xlsx,NO_TRUCKFLOW_MATCH
COMPROB_000400418924,KOQ228,2026-06-28T09:22:00,2026-06-28T11:16:00,AC GIRASOL OLEICO REFINADO,ACEITE_OSL,TERMINAL_EMBARQUE,EGRESO,MovimientosPorContrato_20260628.xlsx,NO_TRUCKFLOW_MATCH
CTG_10233175744,GPK383,2026-06-28T08:57:00,2026-06-28T11:25:00,SOJA,VOLCABLE_PTO_5,TERMINAL_EMBARQUE,INGRESO,MovimientosPorContrato_20260628.xlsx,NO_TRUCKFLOW_MATCH
COMPROB_000400418925,AD887XZ,2026-06-28T09:26:00,2026-06-28T11:36:00,AC GIRASOL OLEICO REFINADO,ACEITE_OSL,TERMINAL_EMBARQUE,EGRESO,MovimientosPorContrato_20260628.xlsx,NO_TRUCKFLOW_MATCH
CTG_10133161442,AC407HH,2026-06-28T08:26:00,2026-06-28T11:37:00,SOJA,VOLCABLE_PTO_5,TERMINAL_EMBARQUE,INGRESO,MovimientosPorContrato_20260628.xlsx,NO_TRUCKFLOW_MATCH
CTG_10133167639,NNP650,2026-06-28T05:34:00,2026-06-28T11:54:00,SOJA,VOLCABLE_PTO_5,TERMINAL_EMBARQUE,INGRESO,MovimientosPorContrato_20260628.xlsx,NO_TRUCKFLOW_MATCH
CTG_10133161351,HIE900,2026-06-28T08:33:00,2026-06-28T11:55:00,SOJA,VOLCABLE_PTO_5,TERMINAL_EMBARQUE,INGRESO,MovimientosPorContrato_20260628.xlsx,NO_TRUCKFLOW_MATCH
COMPROB_000400418926,FDX990,2026-06-28T09:45:00,2026-06-28T11:56:00,AC GIRASOL OLEICO REFINADO,ACEITE_OSL,TERMINAL_EMBARQUE,EGRESO,MovimientosPorContrato_20260628.xlsx,NO_TRUCKFLOW_MATCH
CTG_10133188287,TAY424,2026-06-28T07:38:00,2026-06-28T12:09:00,SOJA,VOLCABLE_PTO_5,TERMINAL_EMBARQUE,INGRESO,MovimientosPorContrato_20260628.xlsx,NO_TRUCKFLOW_MATCH
CTG_10233188179,FTU569,2026-06-28T09:39:00,2026-06-28T12:12:00,SOJA,VOLCABLE_PTO_5,TERMINAL_EMBARQUE,INGRESO,MovimientosPorContrato_20260628.xlsx,NO_TRUCKFLOW_MATCH
COMPROB_000400418927,KOE138,2026-06-28T10:56:00,2026-06-28T12:22:00,AC GIRASOL OLEICO REFINADO,ACEITE_OSL,TERMINAL_EMBARQUE,EGRESO,MovimientosPorContrato_20260628.xlsx,NO_TRUCKFLOW_MATCH
CTG_10233188844,LCL392,2026-06-28T09:37:00,2026-06-28T12:23:00,SOJA,VOLCABLE_PTO_5,TERMINAL_EMBARQUE,INGRESO,MovimientosPorContrato_20260628.xlsx,NO_TRUCKFLOW_MATCH
CTG_10133159175,FEW278,2026-06-28T09:53:00,2026-06-28T12:32:00,SOJA,VOLCABLE_PTO_5,TERMINAL_EMBARQUE,INGRESO,MovimientosPorContrato_20260628.xlsx,NO_TRUCKFLOW_MATCH
CTG_10133178994,LGI128,2026-06-28T10:12:00,2026-06-28T12:39:00,SOJA,VOLCABLE_PTO_5,TERMINAL_EMBARQUE,INGRESO,MovimientosPorContrato_20260628.xlsx,NO_TRUCKFLOW_MATCH
CTG_10233186084,DHL111,2026-06-28T10:15:00,2026-06-28T12:41:00,GIRASOL,VOLCABLE_1,RICARDONE,INGRESO,MovimientosPorContrato_20260628.xlsx,NO_TRUCKFLOW_MATCH
CTG_10233174214,KIU152,2026-06-28T10:14:00,2026-06-28T12:45:00,SOJA,VOLCABLE_PTO_5,TERMINAL_EMBARQUE,INGRESO,MovimientosPorContrato_20260628.xlsx,NO_TRUCKFLOW_MATCH
CTG_10133170794,AE133TT,2026-06-28T10:58:00,2026-06-28T12:55:00,SOJA,VOLCABLE_PTO_5,TERMINAL_EMBARQUE,INGRESO,MovimientosPorContrato_20260628.xlsx,NO_TRUCKFLOW_MATCH
CTG_10133166114,AB983QS,2026-06-28T10:33:00,2026-06-28T13:22:00,SOJA,VOLCABLE_PTO_3,TERMINAL_EMBARQUE,INGRESO,MovimientosPorContrato_20260628.xlsx,NO_TRUCKFLOW_MATCH
CTG_10133166614,IAO209,2026-06-28T11:08:00,2026-06-28T13:26:00,SOJA,VOLCABLE_PTO_3,TERMINAL_EMBARQUE,INGRESO,MovimientosPorContrato_20260628.xlsx,NO_TRUCKFLOW_MATCH
COMPROB_000301064992,LFT141,2026-06-28T01:21:00,2026-06-28T13:37:00,PRODUCTOS VARIOS,VARIOS,RICARDONE,EGRESO,MovimientosPorContrato_20260628.xlsx,NO_TRUCKFLOW_MATCH
CTG_10133164722,GRM511,2026-06-28T11:28:00,2026-06-28T13:58:00,SOJA,VOLCABLE_PTO_3,TERMINAL_EMBARQUE,INGRESO,MovimientosPorContrato_20260628.xlsx,NO_TRUCKFLOW_MATCH
CTG_10133181316,AA958IF,2026-06-28T07:15:00,2026-06-28T14:08:00,SOJA,VOLCABLE_PTO_3,TERMINAL_EMBARQUE,INGRESO,MovimientosPorContrato_20260628.xlsx,NO_TRUCKFLOW_MATCH
CTG_10133188348,KWK183,2026-06-28T10:04:00,2026-06-28T14:10:00,SOJA,VOLCABLE_PTO_3,TERMINAL_EMBARQUE,INGRESO,MovimientosPorContrato_20260628.xlsx,NO_TRUCKFLOW_MATCH
CTG_10233168267,KLT797,2026-06-28T05:42:00,2026-06-28T14:16:00,SOJA,VOLCABLE_PTO_3,TERMINAL_EMBARQUE,INGRESO,MovimientosPorContrato_20260628.xlsx,NO_TRUCKFLOW_MATCH
CTG_10133175018,JNA863,2026-06-28T12:37:00,2026-06-28T14:47:00,SOJA,VOLCABLE_PTO_3,TERMINAL_EMBARQUE,INGRESO,MovimientosPorContrato_20260628.xlsx,NO_TRUCKFLOW_MATCH
CTG_10233177558,IZF941,2026-06-28T13:55:00,2026-06-28T14:50:00,SOJA,VOLCABLE_PTO_3,TERMINAL_EMBARQUE,INGRESO,MovimientosPorContrato_20260628.xlsx,NO_TRUCKFLOW_MATCH
CTG_10233189549,PLE163,2026-06-28T12:36:00,2026-06-28T14:54:00,GIRASOL,VOLCABLE_1,RICARDONE,INGRESO,MovimientosPorContrato_20260628.xlsx,NO_TRUCKFLOW_MATCH
CTG_10133180015,GBE466,2026-06-28T12:13:00,2026-06-28T15:00:00,SOJA,VOLCABLE_PTO_3,TERMINAL_EMBARQUE,INGRESO,MovimientosPorContrato_20260628.xlsx,NO_TRUCKFLOW_MATCH
CTG_10133166795,KIK389,2026-06-28T13:25:00,2026-06-28T15:06:00,SOJA,VOLCABLE_PTO_3,TERMINAL_EMBARQUE,INGRESO,MovimientosPorContrato_20260628.xlsx,NO_TRUCKFLOW_MATCH
COMPROB_000400418928,PAR121,2026-06-28T14:31:00,2026-06-28T16:49:00,BORRA DE ACSOJA REFINADO,,TERMINAL_EMBARQUE,EGRESO,MovimientosPorContrato_20260628.xlsx,NO_TRUCKFLOW_MATCH
COMPROB_000301064993,NLR442,2026-06-28T01:10:00,2026-06-28T17:13:00,PRODUCTOS VARIOS,VARIOS,RICARDONE,EGRESO,MovimientosPorContrato_20260628.xlsx,NO_TRUCKFLOW_MATCH
CTG_10233193702,HME741,2026-06-28T14:16:00,2026-06-28T17:33:00,SOJA,VOLCABLE_PTO_3,TERMINAL_EMBARQUE,INGRESO,MovimientosPorContrato_20260628.xlsx,NO_TRUCKFLOW_MATCH
CTG_10133189814,EVW055,2026-06-28T14:32:00,2026-06-28T17:37:00,SOJA,VOLCABLE_PTO_3,TERMINAL_EMBARQUE,INGRESO,MovimientosPorContrato_20260628.xlsx,NO_TRUCKFLOW_MATCH
CTG_10133179388,MDU914,2026-06-28T14:52:00,2026-06-28T17:42:00,SOJA,VOLCABLE_PTO_3,TERMINAL_EMBARQUE,INGRESO,MovimientosPorContrato_20260628.xlsx,NO_TRUCKFLOW_MATCH
CTG_10133185419,AE371WQ,2026-06-28T15:08:00,2026-06-28T17:50:00,SOJA,VOLCABLE_PTO_3,TERMINAL_EMBARQUE,INGRESO,MovimientosPorContrato_20260628.xlsx,NO_TRUCKFLOW_MATCH
CTG_10133182208,ELJ633,2026-06-28T15:32:00,2026-06-28T17:54:00,SOJA,VOLCABLE_PTO_3,TERMINAL_EMBARQUE,INGRESO,MovimientosPorContrato_20260628.xlsx,NO_TRUCKFLOW_MATCH
CTG_10233185488,DXY748,2026-06-28T10:16:00,2026-06-28T17:54:00,GIRASOL,VOLCABLE_1,RICARDONE,INGRESO,MovimientosPorContrato_20260628.xlsx,NO_TRUCKFLOW_MATCH
COMPROB_000400418929,KWO040,2026-06-28T12:52:00,2026-06-28T17:54:00,AC GIRASOL OLEICO REFINADO,ACEITE_OSL,TERMINAL_EMBARQUE,EGRESO,MovimientosPorContrato_20260628.xlsx,NO_TRUCKFLOW_MATCH
CTG_10233167538,AA850KM,2026-06-28T15:36:00,2026-06-28T18:01:00,SOJA,VOLCABLE_PTO_3,TERMINAL_EMBARQUE,INGRESO,MovimientosPorContrato_20260628.xlsx,NO_TRUCKFLOW_MATCH
CTG_10133163531,AE888GK,2026-06-28T16:16:00,2026-06-28T18:03:00,SOJA,VOLCABLE_PTO_3,TERMINAL_EMBARQUE,INGRESO,MovimientosPorContrato_20260628.xlsx,NO_TRUCKFLOW_MATCH
CTG_10233167011,IRC376,2026-06-28T16:01:00,2026-06-28T18:18:00,SOJA,VOLCABLE_PTO_3,TERMINAL_EMBARQUE,INGRESO,MovimientosPorContrato_20260628.xlsx,NO_TRUCKFLOW_MATCH
CTG_10133181658,GFY409,2026-06-28T16:09:00,2026-06-28T18:26:00,SOJA,VOLCABLE_PTO_3,TERMINAL_EMBARQUE,INGRESO,MovimientosPorContrato_20260628.xlsx,NO_TRUCKFLOW_MATCH
COMPROB_000400418930,UUH077,2026-06-28T13:36:00,2026-06-28T18:27:00,AC GIRASOL OLEICO REFINADO,ACEITE_OSL,TERMINAL_EMBARQUE,EGRESO,MovimientosPorContrato_20260628.xlsx,NO_TRUCKFLOW_MATCH
CTG_10133164916,AF107XK,2026-06-28T16:37:00,2026-06-28T18:36:00,SOJA,VOLCABLE_PTO_3,TERMINAL_EMBARQUE,INGRESO,MovimientosPorContrato_20260628.xlsx,NO_TRUCKFLOW_MATCH
CTG_10133177966,NTW576,2026-06-28T16:56:00,2026-06-28T18:38:00,SOJA,VOLCABLE_PTO_3,TERMINAL_EMBARQUE,INGRESO,MovimientosPorContrato_20260628.xlsx,NO_TRUCKFLOW_MATCH
COMPROB_000400418931,OFG785,2026-06-28T15:37:00,2026-06-28T18:48:00,AC GIRASOL OLEICO REFINADO,ACEITE_OSL,TERMINAL_EMBARQUE,EGRESO,MovimientosPorContrato_20260628.xlsx,NO_TRUCKFLOW_MATCH
COMPROB_000301064994,CTA045,2026-06-28T07:24:00,2026-06-28T19:01:00,PRODUCTOS VARIOS,VARIOS,RICARDONE,EGRESO,MovimientosPorContrato_20260628.xlsx,NO_TRUCKFLOW_MATCH
CTG_10133181592,KKK300,2026-06-28T16:57:00,2026-06-28T19:34:00,SOJA,VOLCABLE_PTO_3,TERMINAL_EMBARQUE,INGRESO,MovimientosPorContrato_20260628.xlsx,NO_TRUCKFLOW_MATCH
CTG_10133181430,MFK744,2026-06-28T16:08:00,2026-06-28T19:38:00,SOJA,VOLCABLE_PTO_3,TERMINAL_EMBARQUE,INGRESO,MovimientosPorContrato_20260628.xlsx,NO_TRUCKFLOW_MATCH
COMPROB_000400418932,AGR963,2026-06-28T16:04:00,2026-06-28T20:28:00,AC GIRASOL OLEICO REFINADO,ACEITE_OSL,TERMINAL_EMBARQUE,EGRESO,MovimientosPorContrato_20260628.xlsx,NO_TRUCKFLOW_MATCH
CTG_10133163540,AG777HN,2026-06-28T15:21:00,2026-06-28T20:36:00,SOJA,VOLCABLE_PTO_3,TERMINAL_EMBARQUE,INGRESO,MovimientosPorContrato_20260628.xlsx,NO_TRUCKFLOW_MATCH
COMPROB_000400418933,FDX990,2026-06-28T16:39:00,2026-06-28T20:46:00,AC GIRASOL OLEICO REFINADO,ACEITE_OSL,TERMINAL_EMBARQUE,EGRESO,MovimientosPorContrato_20260628.xlsx,NO_TRUCKFLOW_MATCH
CTG_10133177659,HEH417,2026-06-28T16:46:00,2026-06-28T20:48:00,SOJA,VOLCABLE_PTO_3,TERMINAL_EMBARQUE,INGRESO,MovimientosPorContrato_20260628.xlsx,NO_TRUCKFLOW_MATCH
CTG_10233179833,WDY651,2026-06-28T17:05:00,2026-06-28T20:51:00,SOJA,VOLCABLE_PTO_3,TERMINAL_EMBARQUE,INGRESO,MovimientosPorContrato_20260628.xlsx,NO_TRUCKFLOW_MATCH
CTG_10133179120,AE886SA,2026-06-28T18:15:00,2026-06-28T20:54:00,SOJA,VOLCABLE_PTO_3,TERMINAL_EMBARQUE,INGRESO,MovimientosPorContrato_20260628.xlsx,NO_TRUCKFLOW_MATCH
CTG_10133181543,CEK943,2026-06-28T18:21:00,2026-06-28T21:01:00,SOJA,VOLCABLE_PTO_3,TERMINAL_EMBARQUE,INGRESO,MovimientosPorContrato_20260628.xlsx,NO_TRUCKFLOW_MATCH
CTG_10133185746,AB909QW,2026-06-28T19:00:00,2026-06-28T21:08:00,SOJA,VOLCABLE_PTO_3,TERMINAL_EMBARQUE,INGRESO,MovimientosPorContrato_20260628.xlsx,NO_TRUCKFLOW_MATCH
CTG_10233188903,BMI589,2026-06-28T19:15:00,2026-06-28T21:10:00,GIRASOL,VOLCABLE_1,RICARDONE,INGRESO,MovimientosPorContrato_20260628.xlsx,NO_TRUCKFLOW_MATCH
CTG_10133152946,AB660KL,2026-06-28T18:27:00,2026-06-28T21:18:00,SOJA,VOLCABLE_PTO_3,TERMINAL_EMBARQUE,INGRESO,MovimientosPorContrato_20260628.xlsx,NO_TRUCKFLOW_MATCH
CTG_10133161186,AF762WX,2026-06-28T18:37:00,2026-06-28T21:27:00,SOJA,VOLCABLE_PTO_3,TERMINAL_EMBARQUE,INGRESO,MovimientosPorContrato_20260628.xlsx,NO_TRUCKFLOW_MATCH
CTG_10133170633,AE133TU,2026-06-28T19:33:00,2026-06-28T21:33:00,SOJA,VOLCABLE_PTO_3,TERMINAL_EMBARQUE,INGRESO,MovimientosPorContrato_20260628.xlsx,NO_TRUCKFLOW_MATCH
CTG_10133177662,AB269FG,2026-06-28T19:06:00,2026-06-28T21:42:00,SOJA,VOLCABLE_PTO_3,TERMINAL_EMBARQUE,INGRESO,MovimientosPorContrato_20260628.xlsx,NO_TRUCKFLOW_MATCH
CTG_10233179049,NUW688,2026-06-28T20:41:00,2026-06-28T21:48:00,SOJA,VOLCABLE_PTO_3,TERMINAL_EMBARQUE,INGRESO,MovimientosPorContrato_20260628.xlsx,NO_TRUCKFLOW_MATCH
CTG_10133192336,AC448UC,2026-06-28T20:25:00,2026-06-28T21:51:00,SOJA,VOLCABLE_PTO_3,TERMINAL_EMBARQUE,INGRESO,MovimientosPorContrato_20260628.xlsx,NO_TRUCKFLOW_MATCH
CTG_10133164742,KBG347,2026-06-28T11:55:00,2026-06-28T22:08:00,SOJA,VOLCABLE_PTO_5,TERMINAL_EMBARQUE,INGRESO,MovimientosPorContrato_20260628.xlsx,NO_TRUCKFLOW_MATCH
CTG_10133180180,AE675SA,2026-06-28T11:57:00,2026-06-28T22:14:00,SOJA,VOLCABLE_PTO_5,TERMINAL_EMBARQUE,INGRESO,MovimientosPorContrato_20260628.xlsx,NO_TRUCKFLOW_MATCH
CTG_10133173720,GPQ172,2026-06-28T09:00:00,2026-06-28T22:23:00,SOJA,VOLCABLE_PTO_5,TERMINAL_EMBARQUE,INGRESO,MovimientosPorContrato_20260628.xlsx,NO_TRUCKFLOW_MATCH
CTG_10133163980,ANG158,2026-06-28T12:43:00,2026-06-28T22:30:00,SOJA,VOLCABLE_PTO_5,TERMINAL_EMBARQUE,INGRESO,MovimientosPorContrato_20260628.xlsx,NO_TRUCKFLOW_MATCH
CTG_10133189780,AF001QM,2026-06-28T15:35:00,2026-06-28T22:40:00,SOJA,VOLCABLE_PTO_5,TERMINAL_EMBARQUE,INGRESO,MovimientosPorContrato_20260628.xlsx,NO_TRUCKFLOW_MATCH
CTG_10133178773,LIP520,2026-06-28T17:44:00,2026-06-28T22:44:00,SOJA,VOLCABLE_PTO_3,TERMINAL_EMBARQUE,INGRESO,MovimientosPorContrato_20260628.xlsx,NO_TRUCKFLOW_MATCH
CTG_10133183428,AE151CH,2026-06-28T15:40:00,2026-06-28T22:45:00,SOJA,VOLCABLE_PTO_5,TERMINAL_EMBARQUE,INGRESO,MovimientosPorContrato_20260628.xlsx,NO_TRUCKFLOW_MATCH
CTG_10133190491,HBB345,2026-06-28T13:03:00,2026-06-28T22:47:00,SOJA,VOLCABLE_PTO_3,TERMINAL_EMBARQUE,INGRESO,MovimientosPorContrato_20260628.xlsx,NO_TRUCKFLOW_MATCH
CTG_10133195138,GMU156,2026-06-28T19:36:00,2026-06-28T22:59:00,SOJA,VOLCABLE_PTO_3,TERMINAL_EMBARQUE,INGRESO,MovimientosPorContrato_20260628.xlsx,NO_TRUCKFLOW_MATCH
CTG_10133172539,AC268HA,2026-06-28T14:38:00,2026-06-28T23:00:00,SOJA,VOLCABLE_PTO_5,TERMINAL_EMBARQUE,INGRESO,MovimientosPorContrato_20260628.xlsx,NO_TRUCKFLOW_MATCH
CTG_10133172843,AC285DI,2026-06-28T20:06:00,2026-06-28T23:04:00,SOJA,VOLCABLE_PTO_3,TERMINAL_EMBARQUE,INGRESO,MovimientosPorContrato_20260628.xlsx,NO_TRUCKFLOW_MATCH
CTG_10133167614,GSQ770,2026-06-28T14:39:00,2026-06-28T23:07:00,SOJA,VOLCABLE_PTO_5,TERMINAL_EMBARQUE,INGRESO,MovimientosPorContrato_20260628.xlsx,NO_TRUCKFLOW_MATCH
CTG_10133184224,FRG610,2026-06-28T14:11:00,2026-06-28T23:15:00,SOJA,VOLCABLE_PTO_5,TERMINAL_EMBARQUE,INGRESO,MovimientosPorContrato_20260628.xlsx,NO_TRUCKFLOW_MATCH
CTG_10133175516,AF519IE,2026-06-28T21:14:00,2026-06-28T23:16:00,SOJA,VOLCABLE_PTO_3,TERMINAL_EMBARQUE,INGRESO,MovimientosPorContrato_20260628.xlsx,NO_TRUCKFLOW_MATCH
CTG_10233177352,PBA998,2026-06-28T21:33:00,2026-06-28T23:24:00,SOJA,VOLCABLE_PTO_3,TERMINAL_EMBARQUE,INGRESO,MovimientosPorContrato_20260628.xlsx,NO_TRUCKFLOW_MATCH
CTG_10133173586,AI169HB,2026-06-28T06:08:00,2026-06-28T23:27:00,SOJA,VOLCABLE_PTO_5,TERMINAL_EMBARQUE,INGRESO,MovimientosPorContrato_20260628.xlsx,NO_TRUCKFLOW_MATCH
CTG_10133162087,LPE648,2026-06-28T20:49:00,2026-06-28T23:29:00,SOJA,VOLCABLE_PTO_3,TERMINAL_EMBARQUE,INGRESO,MovimientosPorContrato_20260628.xlsx,NO_TRUCKFLOW_MATCH
CTG_10233175821,KYF307,2026-06-28T21:52:00,2026-06-28T23:30:00,SOJA,VOLCABLE_PTO_3,TERMINAL_EMBARQUE,INGRESO,MovimientosPorContrato_20260628.xlsx,NO_TRUCKFLOW_MATCH
COMPROB_000200430814,AI054HX,2026-06-28T23:29:00,2026-06-28T23:35:00,CHIP EN ORIGEN,PLAYA_LEÑA_Y_CHIP,AVELLANEDA,INGRESO,MovimientosPorContrato_20260628.xlsx,NO_TRUCKFLOW_MATCH
CTG_10133190868,OCQ842,2026-06-28T21:58:00,2026-06-28T23:37:00,SOJA,VOLCABLE_PTO_3,TERMINAL_EMBARQUE,INGRESO,MovimientosPorContrato_20260628.xlsx,NO_TRUCKFLOW_MATCH
COMPROB_000200430815,HZT093,2026-06-28T23:38:00,2026-06-28T23:38:00,CHIP DE EUCALIPTUS,PLAYA_LEÑA_Y_CHIP,AVELLANEDA,INGRESO,MovimientosPorContrato_20260628.xlsx,NO_TRUCKFLOW_MATCH
CTG_10133175796,AD758GU,2026-06-28T21:48:00,2026-06-28T23:40:00,SOJA,VOLCABLE_PTO_3,TERMINAL_EMBARQUE,INGRESO,MovimientosPorContrato_20260628.xlsx,NO_TRUCKFLOW_MATCH
CTG_10133166666,AH704KA,2026-06-28T17:31:00,2026-06-28T23:43:00,SOJA,VOLCABLE_PTO_5,TERMINAL_EMBARQUE,INGRESO,MovimientosPorContrato_20260628.xlsx,NO_TRUCKFLOW_MATCH
COMPROB_000200430816,DYT493,2026-06-28T23:44:00,2026-06-28T23:45:00,CHIP EN ORIGEN,PLAYA_LEÑA_Y_CHIP,AVELLANEDA,INGRESO,MovimientosPorContrato_20260628.xlsx,NO_TRUCKFLOW_MATCH
CTG_10133190900,JHH322,2026-06-28T21:59:00,2026-06-28T23:48:00,SOJA,VOLCABLE_PTO_3,TERMINAL_EMBARQUE,INGRESO,MovimientosPorContrato_20260628.xlsx,NO_TRUCKFLOW_MATCH
CTG_10133190685,MTW414,2026-06-28T20:34:00,2026-06-28T23:49:00,SOJA,VOLCABLE_PTO_5,TERMINAL_EMBARQUE,INGRESO,MovimientosPorContrato_20260628.xlsx,NO_TRUCKFLOW_MATCH
CTG_10233168960,JBX310,2026-06-28T22:02:00,2026-06-28T23:50:00,SOJA,VOLCABLE_PTO_2,TERMINAL_EMBARQUE,INGRESO,MovimientosPorContrato_20260628.xlsx,NO_TRUCKFLOW_MATCH
CTG_10233168859,MBJ185,2026-06-28T21:53:00,2026-06-28T23:54:00,SOJA,VOLCABLE_PTO_3,TERMINAL_EMBARQUE,INGRESO,MovimientosPorContrato_20260628.xlsx,NO_TRUCKFLOW_MATCH
COMPROB_000200430817,IAD431,2026-06-28T23:54:00,2026-06-28T23:55:00,LEÑA CORTA SELECC,PLAYA_LEÑA_Y_CHIP,AVELLANEDA,INGRESO,MovimientosPorContrato_20260628.xlsx,NO_TRUCKFLOW_MATCH
CTG_10133181537,FLI900,2026-06-28T22:06:00,2026-06-28T23:56:00,SOJA,VOLCABLE_PTO_2,TERMINAL_EMBARQUE,INGRESO,MovimientosPorContrato_20260628.xlsx,NO_TRUCKFLOW_MATCH
CTG_10233173305,AB633NB,2026-06-28T22:07:00,2026-06-29T00:01:00,SOJA,VOLCABLE_PTO_3,TERMINAL_EMBARQUE,INGRESO,MovimientosPorContrato_20260629.xlsx,NO_TRUCKFLOW_MATCH
CTG_10233169621,AE847RN,2026-06-28T21:51:00,2026-06-29T00:01:00,GIRASOL,VOLCABLE_1,RICARDONE,INGRESO,MovimientosPorContrato_20260629.xlsx,NO_TRUCKFLOW_MATCH
CTG_10133196346,HHA146,2026-06-28T22:05:00,2026-06-29T00:02:00,SOJA,VOLCABLE_PTO_2,TERMINAL_EMBARQUE,INGRESO,MovimientosPorContrato_20260629.xlsx,NO_TRUCKFLOW_MATCH
CTG_10133190012,FJO009,2026-06-28T20:44:00,2026-06-29T00:03:00,SOJA,VOLCABLE_PTO_5,TERMINAL_EMBARQUE,INGRESO,MovimientosPorContrato_20260629.xlsx,NO_TRUCKFLOW_MATCH
CTG_10233192695,AH933RL,2026-06-28T22:18:00,2026-06-29T00:05:00,SOJA,VOLCABLE_PTO_2,TERMINAL_EMBARQUE,INGRESO,MovimientosPorContrato_20260629.xlsx,NO_TRUCKFLOW_MATCH
CTG_10233177774,AH467DU,2026-06-28T22:04:00,2026-06-29T00:09:00,SOJA,VOLCABLE_PTO_3,TERMINAL_EMBARQUE,INGRESO,MovimientosPorContrato_20260629.xlsx,NO_TRUCKFLOW_MATCH
CTG_10133188055,NIP109,2026-06-28T22:18:00,2026-06-29T00:13:00,SOJA,VOLCABLE_PTO_3,TERMINAL_EMBARQUE,INGRESO,MovimientosPorContrato_20260629.xlsx,NO_TRUCKFLOW_MATCH
CTG_10133190503,LWQ192,2026-06-28T21:46:00,2026-06-29T00:14:00,SOJA,VOLCABLE_PTO_5,TERMINAL_EMBARQUE,INGRESO,MovimientosPorContrato_20260629.xlsx,NO_TRUCKFLOW_MATCH
CTG_10133193264,MPN858,2026-06-28T22:17:00,2026-06-29T00:15:00,SOJA,VOLCABLE_PTO_2,TERMINAL_EMBARQUE,INGRESO,MovimientosPorContrato_20260629.xlsx,NO_TRUCKFLOW_MATCH
CTG_10133187848,AB666BX,2026-06-28T22:30:00,2026-06-29T00:18:00,SOJA,VOLCABLE_PTO_3,TERMINAL_EMBARQUE,INGRESO,MovimientosPorContrato_20260629.xlsx,NO_TRUCKFLOW_MATCH
CTG_10133192266,AB434NR,2026-06-28T22:28:00,2026-06-29T00:19:00,SOJA,VOLCABLE_PTO_2,TERMINAL_EMBARQUE,INGRESO,MovimientosPorContrato_20260629.xlsx,NO_TRUCKFLOW_MATCH
CTG_10133189084,AH443OX,2026-06-28T19:55:00,2026-06-29T00:20:00,SOJA,VOLCABLE_PTO_5,TERMINAL_EMBARQUE,INGRESO,MovimientosPorContrato_20260629.xlsx,NO_TRUCKFLOW_MATCH
CTG_10133187930,AB182DT,2026-06-28T22:31:00,2026-06-29T00:23:00,SOJA,VOLCABLE_PTO_2,TERMINAL_EMBARQUE,INGRESO,MovimientosPorContrato_20260629.xlsx,NO_TRUCKFLOW_MATCH
CTG_10133197874,AH779EX,2026-06-28T22:06:00,2026-06-29T00:25:00,SOJA,VOLCABLE_PTO_5,TERMINAL_EMBARQUE,INGRESO,MovimientosPorContrato_20260629.xlsx,NO_TRUCKFLOW_MATCH
CTG_10133193069,BUK044,2026-06-28T22:38:00,2026-06-29T00:26:00,SOJA,VOLCABLE_PTO_3,TERMINAL_EMBARQUE,INGRESO,MovimientosPorContrato_20260629.xlsx,NO_TRUCKFLOW_MATCH
CTG_10133193145,AC434NR,2026-06-28T22:31:00,2026-06-29T00:27:00,SOJA,VOLCABLE_PTO_2,TERMINAL_EMBARQUE,INGRESO,MovimientosPorContrato_20260629.xlsx,NO_TRUCKFLOW_MATCH
CTG_10233164158,AA326VM,2026-06-28T22:56:00,2026-06-29T00:28:00,SOJA,VOLCABLE_PTO_3,TERMINAL_EMBARQUE,INGRESO,MovimientosPorContrato_20260629.xlsx,NO_TRUCKFLOW_MATCH
CTG_10233183403,AC413VC,2026-06-28T23:01:00,2026-06-29T00:35:00,SOJA,VOLCABLE_PTO_3,TERMINAL_EMBARQUE,INGRESO,MovimientosPorContrato_20260629.xlsx,NO_TRUCKFLOW_MATCH
CTG_10133170704,AD060PK,2026-06-28T22:26:00,2026-06-29T00:50:00,SOJA,VOLCABLE_PTO_3,TERMINAL_EMBARQUE,INGRESO,MovimientosPorContrato_20260629.xlsx,NO_TRUCKFLOW_MATCH
CTG_10233177303,EGP183,2026-06-28T22:40:00,2026-06-29T00:51:00,SOJA,VOLCABLE_PTO_2,TERMINAL_EMBARQUE,INGRESO,MovimientosPorContrato_20260629.xlsx,NO_TRUCKFLOW_MATCH
CTG_10133189804,AB993MF,2026-06-28T23:03:00,2026-06-29T00:52:00,SOJA,VOLCABLE_PTO_3,TERMINAL_EMBARQUE,INGRESO,MovimientosPorContrato_20260629.xlsx,NO_TRUCKFLOW_MATCH
CTG_10133190493,AB330HJ,2026-06-28T22:42:00,2026-06-29T00:54:00,SOJA,VOLCABLE_PTO_5,TERMINAL_EMBARQUE,INGRESO,MovimientosPorContrato_20260629.xlsx,NO_TRUCKFLOW_MATCH
CTG_10233172497,AH796WY,2026-06-28T22:41:00,2026-06-29T00:55:00,SOJA,VOLCABLE_PTO_2,TERMINAL_EMBARQUE,INGRESO,MovimientosPorContrato_20260629.xlsx,NO_TRUCKFLOW_MATCH
CTG_10133167318,AH437LL,2026-06-28T23:14:00,2026-06-29T00:56:00,SOJA,VOLCABLE_PTO_3,TERMINAL_EMBARQUE,INGRESO,MovimientosPorContrato_20260629.xlsx,NO_TRUCKFLOW_MATCH
CTG_10133200194,EST574,2026-06-28T22:25:00,2026-06-29T00:57:00,SOJA,VOLCABLE_PTO_5,TERMINAL_EMBARQUE,INGRESO,MovimientosPorContrato_20260629.xlsx,NO_TRUCKFLOW_MATCH
COMPROB_000200430818,UWD960,2026-06-26T20:25:00,2026-06-29T00:58:00,LEÑA CORTA SELECC,PLAYA_LEÑA_Y_CHIP,AVELLANEDA,INGRESO,MovimientosPorContrato_20260629.xlsx,NO_TRUCKFLOW_MATCH
CTG_10133195998,AB854SQ,2026-06-28T23:02:00,2026-06-29T01:01:00,SOJA,VOLCABLE_PTO_5,TERMINAL_EMBARQUE,INGRESO,MovimientosPorContrato_20260629.xlsx,NO_TRUCKFLOW_MATCH
CTG_10133198601,POQ468,2026-06-28T23:09:00,2026-06-29T01:07:00,SOJA,VOLCABLE_PTO_3,TERMINAL_EMBARQUE,INGRESO,MovimientosPorContrato_20260629.xlsx,NO_TRUCKFLOW_MATCH
CTG_10233183742,RDV273,2026-06-28T22:01:00,2026-06-29T01:09:00,GIRASOL,VOLCABLE_1,RICARDONE,INGRESO,MovimientosPorContrato_20260629.xlsx,NO_TRUCKFLOW_MATCH
CTG_10133193162,AD521CL,2026-06-28T22:19:00,2026-06-29T01:13:00,SOJA,VOLCABLE_PTO_5,TERMINAL_EMBARQUE,INGRESO,MovimientosPorContrato_20260629.xlsx,NO_TRUCKFLOW_MATCH
CTG_10233191681,AI024TO,2026-06-28T22:03:00,2026-06-29T01:14:00,SOJA,VOLCABLE_PTO_5,TERMINAL_EMBARQUE,INGRESO,MovimientosPorContrato_20260629.xlsx,NO_TRUCKFLOW_MATCH
CTG_10133187219,AI227FC,2026-06-28T23:16:00,2026-06-29T01:15:00,SOJA,VOLCABLE_PTO_3,TERMINAL_EMBARQUE,INGRESO,MovimientosPorContrato_20260629.xlsx,NO_TRUCKFLOW_MATCH
CTG_10133192318,AB075DJ,2026-06-28T23:00:00,2026-06-29T01:20:00,SOJA,VOLCABLE_PTO_2,TERMINAL_EMBARQUE,INGRESO,MovimientosPorContrato_20260629.xlsx,NO_TRUCKFLOW_MATCH
CTG_10133153211,AF410NV,2026-06-28T23:39:00,2026-06-29T01:21:00,SOJA,VOLCABLE_PTO_3,TERMINAL_EMBARQUE,INGRESO,MovimientosPorContrato_20260629.xlsx,NO_TRUCKFLOW_MATCH
CTG_10233169442,AF970RK,2026-06-28T23:34:00,2026-06-29T01:22:00,SOJA,VOLCABLE_PTO_2,TERMINAL_EMBARQUE,INGRESO,MovimientosPorContrato_20260629.xlsx,NO_TRUCKFLOW_MATCH
CTG_10233176140,TBI813,2026-06-28T23:42:00,2026-06-29T01:26:00,SOJA,VOLCABLE_PTO_3,TERMINAL_EMBARQUE,INGRESO,MovimientosPorContrato_20260629.xlsx,NO_TRUCKFLOW_MATCH
CTG_10133193967,NYS723,2026-06-28T23:41:00,2026-06-29T01:27:00,SOJA,VOLCABLE_PTO_2,TERMINAL_EMBARQUE,INGRESO,MovimientosPorContrato_20260629.xlsx,NO_TRUCKFLOW_MATCH
CTG_10233192912,AD289ZU,2026-06-28T22:03:00,2026-06-29T01:28:00,SOJA,VOLCABLE_PTO_5,TERMINAL_EMBARQUE,INGRESO,MovimientosPorContrato_20260629.xlsx,NO_TRUCKFLOW_MATCH
CTG_10133188006,AF347UA,2026-06-28T23:46:00,2026-06-29T01:34:00,SOJA,VOLCABLE_PTO_3,TERMINAL_EMBARQUE,INGRESO,MovimientosPorContrato_20260629.xlsx,NO_TRUCKFLOW_MATCH
CTG_10133164068,EPF786,2026-06-28T23:54:00,2026-06-29T01:36:00,SOJA,VOLCABLE_PTO_3,TERMINAL_EMBARQUE,INGRESO,MovimientosPorContrato_20260629.xlsx,NO_TRUCKFLOW_MATCH
CTG_10133184698,MTA487,2026-06-28T23:42:00,2026-06-29T01:39:00,SOJA,VOLCABLE_PTO_2,TERMINAL_EMBARQUE,INGRESO,MovimientosPorContrato_20260629.xlsx,NO_TRUCKFLOW_MATCH
CTG_10133170572,LPP926,2026-06-28T22:27:00,2026-06-29T01:44:00,SOJA,VOLCABLE_PTO_5,TERMINAL_EMBARQUE,INGRESO,MovimientosPorContrato_20260629.xlsx,NO_TRUCKFLOW_MATCH
CTG_10133193415,AMJ362,2026-06-28T23:41:00,2026-06-29T01:46:00,SOJA,VOLCABLE_PTO_2,TERMINAL_EMBARQUE,INGRESO,MovimientosPorContrato_20260629.xlsx,NO_TRUCKFLOW_MATCH
CTG_10233174125,EMF954,2026-06-28T23:59:00,2026-06-29T01:47:00,SOJA,VOLCABLE_PTO_3,TERMINAL_EMBARQUE,INGRESO,MovimientosPorContrato_20260629.xlsx,NO_TRUCKFLOW_MATCH
CTG_10133184105,AE833OT,2026-06-29T00:10:00,2026-06-29T01:48:00,SOJA,VOLCABLE_PTO_2,TERMINAL_EMBARQUE,INGRESO,MovimientosPorContrato_20260629.xlsx,NO_TRUCKFLOW_MATCH
CTG_10133174558,HDJ529,2026-06-29T00:09:00,2026-06-29T01:50:00,SOJA,VOLCABLE_PTO_5,TERMINAL_EMBARQUE,INGRESO,MovimientosPorContrato_20260629.xlsx,NO_TRUCKFLOW_MATCH
CTG_10233173627,EGB657,2026-06-29T00:01:00,2026-06-29T01:52:00,SOJA,VOLCABLE_PTO_3,TERMINAL_EMBARQUE,INGRESO,MovimientosPorContrato_20260629.xlsx,NO_TRUCKFLOW_MATCH
CTG_10233167091,ERI209,2026-06-28T22:08:00,2026-06-29T01:55:00,GIRASOL,VOLCABLE_1,RICARDONE,INGRESO,MovimientosPorContrato_20260629.xlsx,NO_TRUCKFLOW_MATCH
CTG_10233178900,EGX680,2026-06-29T00:11:00,2026-06-29T01:57:00,SOJA,VOLCABLE_PTO_3,TERMINAL_EMBARQUE,INGRESO,MovimientosPorContrato_20260629.xlsx,NO_TRUCKFLOW_MATCH
CTG_10133186014,AC544WQ,2026-06-29T00:36:00,2026-06-29T01:59:00,SOJA,VOLCABLE_PTO_2,TERMINAL_EMBARQUE,INGRESO,MovimientosPorContrato_20260629.xlsx,NO_TRUCKFLOW_MATCH
CTG_10233176778,FKJ492,2026-06-28T22:39:00,2026-06-29T02:04:00,GIRASOL,VOLCABLE_2,RICARDONE,INGRESO,MovimientosPorContrato_20260629.xlsx,NO_TRUCKFLOW_MATCH
CTG_10133196441,AB600BY,2026-06-29T00:34:00,2026-06-29T02:04:00,SOJA,VOLCABLE_PTO_5,TERMINAL_EMBARQUE,INGRESO,MovimientosPorContrato_20260629.xlsx,NO_TRUCKFLOW_MATCH
CTG_10233168582,PJQ577,2026-06-29T00:48:00,2026-06-29T02:05:00,SOJA,VOLCABLE_PTO_3,TERMINAL_EMBARQUE,INGRESO,MovimientosPorContrato_20260629.xlsx,NO_TRUCKFLOW_MATCH
CTG_10133197014,AF403OL,2026-06-29T01:00:00,2026-06-29T02:14:00,SOJA,VOLCABLE_PTO_3,TERMINAL_EMBARQUE,INGRESO,MovimientosPorContrato_20260629.xlsx,NO_TRUCKFLOW_MATCH
CTG_10233177990,AH730JV,2026-06-29T00:15:00,2026-06-29T02:16:00,SOJA,VOLCABLE_PTO_5,TERMINAL_EMBARQUE,INGRESO,MovimientosPorContrato_20260629.xlsx,NO_TRUCKFLOW_MATCH
CTG_10133196606,FCO568,2026-06-29T00:50:00,2026-06-29T02:17:00,SOJA,VOLCABLE_PTO_2,TERMINAL_EMBARQUE,INGRESO,MovimientosPorContrato_20260629.xlsx,NO_TRUCKFLOW_MATCH
CTG_10233185598,GYO420,2026-06-29T01:00:00,2026-06-29T02:23:00,SOJA,VOLCABLE_PTO_2,TERMINAL_EMBARQUE,INGRESO,MovimientosPorContrato_20260629.xlsx,NO_TRUCKFLOW_MATCH
CTG_10133194083,AC071XH,2026-06-29T01:08:00,2026-06-29T02:24:00,SOJA,VOLCABLE_PTO_3,TERMINAL_EMBARQUE,INGRESO,MovimientosPorContrato_20260629.xlsx,NO_TRUCKFLOW_MATCH
CTG_10133178801,AE640BN,2026-06-29T01:02:00,2026-06-29T02:26:00,SOJA,VOLCABLE_PTO_2,TERMINAL_EMBARQUE,INGRESO,MovimientosPorContrato_20260629.xlsx,NO_TRUCKFLOW_MATCH
COMPROB_000200430819,HLF936,2026-06-28T21:38:00,2026-06-29T02:26:00,CHIP DE EUCALIPTUS,PLAYA_LEÑA_Y_CHIP,AVELLANEDA,INGRESO,MovimientosPorContrato_20260629.xlsx,NO_TRUCKFLOW_MATCH
CTG_10233178017,KSB500,2026-06-28T22:39:00,2026-06-29T02:29:00,GIRASOL,VOLCABLE_2,RICARDONE,INGRESO,MovimientosPorContrato_20260629.xlsx,NO_TRUCKFLOW_MATCH
CTG_10133186445,AF607TF,2026-06-29T01:01:00,2026-06-29T02:33:00,SOJA,VOLCABLE_PTO_3,TERMINAL_EMBARQUE,INGRESO,MovimientosPorContrato_20260629.xlsx,NO_TRUCKFLOW_MATCH
CTG_10133196620,AH891MR,2026-06-29T01:18:00,2026-06-29T02:35:00,SOJA,VOLCABLE_PTO_3,TERMINAL_EMBARQUE,INGRESO,MovimientosPorContrato_20260629.xlsx,NO_TRUCKFLOW_MATCH
CTG_10133184104,EMY002,2026-06-29T00:54:00,2026-06-29T02:37:00,SOJA,VOLCABLE_PTO_2,TERMINAL_EMBARQUE,INGRESO,MovimientosPorContrato_20260629.xlsx,NO_TRUCKFLOW_MATCH
CTG_10133196599,AF858UK,2026-06-29T01:24:00,2026-06-29T02:43:00,SOJA,VOLCABLE_PTO_2,TERMINAL_EMBARQUE,INGRESO,MovimientosPorContrato_20260629.xlsx,NO_TRUCKFLOW_MATCH
CTG_10133193780,SRJ293,2026-06-29T01:19:00,2026-06-29T02:44:00,SOJA,VOLCABLE_PTO_3,TERMINAL_EMBARQUE,INGRESO,MovimientosPorContrato_20260629.xlsx,NO_TRUCKFLOW_MATCH
CTG_10233163108,NAM468,2026-06-28T22:12:00,2026-06-29T02:45:00,GIRASOL,VOLCABLE_1,RICARDONE,INGRESO,MovimientosPorContrato_20260629.xlsx,NO_TRUCKFLOW_MATCH
CTG_10133180519,BPP099,2026-06-29T01:26:00,2026-06-29T02:55:00,SOJA,VOLCABLE_PTO_2,TERMINAL_EMBARQUE,INGRESO,MovimientosPorContrato_20260629.xlsx,NO_TRUCKFLOW_MATCH
CTG_10233189371,OKR140,2026-06-28T23:43:00,2026-06-29T03:09:00,GIRASOL,VOLCABLE_2,RICARDONE,INGRESO,MovimientosPorContrato_20260629.xlsx,NO_TRUCKFLOW_MATCH
CTG_10133193863,AB168HB,2026-06-29T00:18:00,2026-06-29T03:16:00,SOJA,VOLCABLE_PTO_3,TERMINAL_EMBARQUE,INGRESO,MovimientosPorContrato_20260629.xlsx,NO_TRUCKFLOW_MATCH
CTG_10133177944,JNP184,2026-06-28T23:33:00,2026-06-29T03:17:00,SOJA,VOLCABLE_PTO_2,TERMINAL_EMBARQUE,INGRESO,MovimientosPorContrato_20260629.xlsx,NO_TRUCKFLOW_MATCH
CTG_10133196357,KET074,2026-06-29T01:25:00,2026-06-29T03:22:00,SOJA,VOLCABLE_PTO_5,TERMINAL_EMBARQUE,INGRESO,MovimientosPorContrato_20260629.xlsx,NO_TRUCKFLOW_MATCH
CTG_10233180190,AH265YD,2026-06-29T00:50:00,2026-06-29T03:23:00,SOJA,VOLCABLE_PTO_2,TERMINAL_EMBARQUE,INGRESO,MovimientosPorContrato_20260629.xlsx,NO_TRUCKFLOW_MATCH
CTG_10133151940,AC190DN,2026-06-28T23:20:00,2026-06-29T03:25:00,SOJA,VOLCABLE_PTO_3,TERMINAL_EMBARQUE,INGRESO,MovimientosPorContrato_20260629.xlsx,NO_TRUCKFLOW_MATCH
CTG_10233191705,AA756JI,2026-06-29T00:52:00,2026-06-29T03:26:00,SOJA,VOLCABLE_PTO_2,TERMINAL_EMBARQUE,INGRESO,MovimientosPorContrato_20260629.xlsx,NO_TRUCKFLOW_MATCH
CTG_10133195553,PDK400,2026-06-28T23:32:00,2026-06-29T03:30:00,SOJA,VOLCABLE_PTO_5,TERMINAL_EMBARQUE,INGRESO,MovimientosPorContrato_20260629.xlsx,NO_TRUCKFLOW_MATCH
CTG_10133183178,JSB489,2026-06-29T00:53:00,2026-06-29T03:31:00,SOJA,VOLCABLE_PTO_3,TERMINAL_EMBARQUE,INGRESO,MovimientosPorContrato_20260629.xlsx,NO_TRUCKFLOW_MATCH
CTG_10133193496,NNE240,2026-06-28T23:40:00,2026-06-29T03:33:00,SOJA,VOLCABLE_PTO_5,TERMINAL_EMBARQUE,INGRESO,MovimientosPorContrato_20260629.xlsx,NO_TRUCKFLOW_MATCH
CTG_10233183820,WOZ458,2026-06-29T00:58:00,2026-06-29T03:35:00,SOJA,VOLCABLE_PTO_3,TERMINAL_EMBARQUE,INGRESO,MovimientosPorContrato_20260629.xlsx,NO_TRUCKFLOW_MATCH
CTG_10233187188,CIF907,2026-06-28T23:44:00,2026-06-29T03:39:00,GIRASOL,VOLCABLE_1,RICARDONE,INGRESO,MovimientosPorContrato_20260629.xlsx,NO_TRUCKFLOW_MATCH
CTG_10133187999,TCB306,2026-06-29T00:22:00,2026-06-29T03:49:00,SOJA,VOLCABLE_PTO_5,TERMINAL_EMBARQUE,INGRESO,MovimientosPorContrato_20260629.xlsx,NO_TRUCKFLOW_MATCH
CTG_10233167730,EJE537,2026-06-28T23:47:00,2026-06-29T03:50:00,GIRASOL,VOLCABLE_2,RICARDONE,INGRESO,MovimientosPorContrato_20260629.xlsx,NO_TRUCKFLOW_MATCH
CTG_10133196319,GHF476,2026-06-29T00:35:00,2026-06-29T04:00:00,SOJA,VOLCABLE_PTO_5,TERMINAL_EMBARQUE,INGRESO,MovimientosPorContrato_20260629.xlsx,NO_TRUCKFLOW_MATCH
CTG_10233166849,HOE586,2026-06-29T00:14:00,2026-06-29T04:32:00,GIRASOL,VOLCABLE_1,RICARDONE,INGRESO,MovimientosPorContrato_20260629.xlsx,NO_TRUCKFLOW_MATCH
CTG_10233164699,AB215QP,2026-06-27T17:46:00,2026-06-29T05:03:00,MAIZ,CELDA_171_-_CENTRO,AVELLANEDA,INGRESO,MovimientosPorContrato_20260629.xlsx,NO_TRUCKFLOW_MATCH
CTG_10233171080,EWL252,2026-06-29T00:12:00,2026-06-29T05:11:00,GIRASOL,VOLCABLE_1,RICARDONE,INGRESO,MovimientosPorContrato_20260629.xlsx,NO_TRUCKFLOW_MATCH
COMPROB_000200319650,AG455GQ,2026-06-29T04:40:00,2026-06-29T05:40:00,ALCOHOL ETILICO ANHIDRO P/ BIOCOMB ORIG CEREAL,T1002,AVELLANEDA,EGRESO,MovimientosPorContrato_20260629.xlsx,NO_TRUCKFLOW_MATCH
CTG_10233184015,HAI198,2026-06-29T02:32:00,2026-06-29T05:50:00,SOJA,VOLCABLE_PTO_3,TERMINAL_EMBARQUE,INGRESO,MovimientosPorContrato_20260629.xlsx,NO_TRUCKFLOW_MATCH
CTG_10133193085,AC916WX,2026-06-29T02:11:00,2026-06-29T05:52:00,SOJA,VOLCABLE_PTO_2,TERMINAL_EMBARQUE,INGRESO,MovimientosPorContrato_20260629.xlsx,NO_TRUCKFLOW_MATCH
CTG_10233165943,HIA854,2026-06-29T02:33:00,2026-06-29T05:53:00,SOJA,VOLCABLE_PTO_3,TERMINAL_EMBARQUE,INGRESO,MovimientosPorContrato_20260629.xlsx,NO_TRUCKFLOW_MATCH
CTG_10133145598,EKU544,2026-06-29T03:48:00,2026-06-29T05:55:00,MAIZ,CELDA_171_-_CENTRO,AVELLANEDA,INGRESO,MovimientosPorContrato_20260629.xlsx,NO_TRUCKFLOW_MATCH
CTG_10133193299,PFI510,2026-06-29T02:28:00,2026-06-29T05:58:00,SOJA,VOLCABLE_PTO_2,TERMINAL_EMBARQUE,INGRESO,MovimientosPorContrato_20260629.xlsx,NO_TRUCKFLOW_MATCH
CTG_10133199799,AA702TE,2026-06-29T02:59:00,2026-06-29T06:02:00,SOJA,VOLCABLE_PTO_2,TERMINAL_EMBARQUE,INGRESO,MovimientosPorContrato_20260629.xlsx,NO_TRUCKFLOW_MATCH
CTG_10133201466,GUL571,2026-06-29T03:21:00,2026-06-29T06:03:00,SOJA,VOLCABLE_PTO_3,TERMINAL_EMBARQUE,INGRESO,MovimientosPorContrato_20260629.xlsx,NO_TRUCKFLOW_MATCH
CTG_10233180335,PJQ590,2026-06-29T04:04:00,2026-06-29T06:05:00,SOJA,VOLCABLE_PTO_3,TERMINAL_EMBARQUE,INGRESO,MovimientosPorContrato_20260629.xlsx,NO_TRUCKFLOW_MATCH
CTG_10133194132,AH763FD,2026-06-29T04:42:00,2026-06-29T06:08:00,SOJA,VOLCABLE_PTO_2,TERMINAL_EMBARQUE,INGRESO,MovimientosPorContrato_20260629.xlsx,NO_TRUCKFLOW_MATCH
COMPROB_000200430822,UVX336,2026-06-27T13:12:00,2026-06-29T06:10:00,LEÑA CORTA SELECC,PLAYA_LEÑA_Y_CHIP,AVELLANEDA,INGRESO,MovimientosPorContrato_20260629.xlsx,NO_TRUCKFLOW_MATCH
CTG_10133198034,AE345TZ,2026-06-29T05:19:00,2026-06-29T06:11:00,SOJA,VOLCABLE_PTO_2,TERMINAL_EMBARQUE,INGRESO,MovimientosPorContrato_20260629.xlsx,NO_TRUCKFLOW_MATCH
CTG_10133189921,GCG666,2026-06-29T01:39:00,2026-06-29T06:13:00,GIRASOL,VOLCABLE_1,RICARDONE,INGRESO,MovimientosPorContrato_20260629.xlsx,NO_TRUCKFLOW_MATCH
CTG_10133167379,AB794HY,2026-06-27T17:50:00,2026-06-29T06:14:00,MAIZ,CELDA_171_-_CENTRO,AVELLANEDA,INGRESO,MovimientosPorContrato_20260629.xlsx,NO_TRUCKFLOW_MATCH
CTG_10133194803,GDP570,2026-06-29T04:29:00,2026-06-29T06:16:00,SOJA,VOLCABLE_PTO_3,TERMINAL_EMBARQUE,INGRESO,MovimientosPorContrato_20260629.xlsx,NO_TRUCKFLOW_MATCH
COMPROB_000200319651,AH715GH,2026-06-29T04:58:00,2026-06-29T06:24:00,ALCOHOL ETILICO ANHIDRO P/ BIOCOMB ORIG CEREAL,T1002,AVELLANEDA,EGRESO,MovimientosPorContrato_20260629.xlsx,NO_TRUCKFLOW_MATCH
COMPROB_000200430824,WEM025,2026-06-27T04:06:00,2026-06-29T06:28:00,LEÑA CORTA SELECC,PLAYA_LEÑA_Y_CHIP,AVELLANEDA,INGRESO,MovimientosPorContrato_20260629.xlsx,NO_TRUCKFLOW_MATCH
CTG_10233165562,MUX392,2026-06-27T17:51:00,2026-06-29T06:51:00,MAIZ,CELDA_171_-_CENTRO,AVELLANEDA,INGRESO,MovimientosPorContrato_20260629.xlsx,NO_TRUCKFLOW_MATCH
COMPROB_000400418934,PAR121,2026-06-28T22:50:00,2026-06-29T07:10:00,BORRA ACEITE GIRASOL REFINADO,ACEITE_OSL,TERMINAL_EMBARQUE,EGRESO,MovimientosPorContrato_20260629.xlsx,NO_TRUCKFLOW_MATCH
COMPROB_000200430826,OCG587,2026-06-29T00:57:00,2026-06-29T07:12:00,CHIP DE EUCALIPTUS,PLAYA_LEÑA_Y_CHIP,AVELLANEDA,INGRESO,MovimientosPorContrato_20260629.xlsx,NO_TRUCKFLOW_MATCH
CTG_10133169476,UIZ144,2026-06-27T17:56:00,2026-06-29T07:18:00,MAIZ,CELDA_171_-_CENTRO,AVELLANEDA,INGRESO,MovimientosPorContrato_20260629.xlsx,NO_TRUCKFLOW_MATCH
COMPROB_000400418937,HSHS25,2026-06-29T07:09:00,2026-06-29T07:23:00,PRODUCTOS VARIOS,,TERMINAL_EMBARQUE,EGRESO,MovimientosPorContrato_20260629.xlsx,NO_TRUCKFLOW_MATCH
COMPROB_000400418938,SLHT54,2026-06-29T07:05:00,2026-06-29T07:23:00,PRODUCTOS VARIOS,,TERMINAL_EMBARQUE,EGRESO,MovimientosPorContrato_20260629.xlsx,NO_TRUCKFLOW_MATCH
COMPROB_000400418939,OLD388,2026-06-29T07:14:00,2026-06-29T07:25:00,PRODUCTOS VARIOS,,TERMINAL_EMBARQUE,EGRESO,MovimientosPorContrato_20260629.xlsx,NO_TRUCKFLOW_MATCH
COMPROB_000200319652,AG274ZF,2026-06-29T06:33:00,2026-06-29T07:26:00,ALCOHOL ETILICO ANHIDRO P/ BIOCOMB ORIG CEREAL,T1002,AVELLANEDA,EGRESO,MovimientosPorContrato_20260629.xlsx,NO_TRUCKFLOW_MATCH
COMPROB_000301064995,BWV144,2026-06-28T18:55:00,2026-06-29T07:26:00,PRODUCTOS VARIOS,VARIOS,RICARDONE,EGRESO,MovimientosPorContrato_20260629.xlsx,NO_TRUCKFLOW_MATCH
COMPROB_000200319653,PEP084,2026-06-29T06:54:00,2026-06-29T07:31:00,DDG BURLANDA SECA DE MAIZ SIN SOLUBLES,DEPOSITO_BURLANDAS,AVELLANEDA,EGRESO,MovimientosPorContrato_20260629.xlsx,NO_TRUCKFLOW_MATCH
CTG_10133189858,AE174UO,2026-06-29T01:40:00,2026-06-29T07:36:00,GIRASOL,VOLCABLE_1,RICARDONE,INGRESO,MovimientosPorContrato_20260629.xlsx,NO_TRUCKFLOW_MATCH
CTG_10133147500,FQC812,2026-06-29T04:31:00,2026-06-29T07:41:00,MAIZ,CELDA_171_-_CENTRO,AVELLANEDA,INGRESO,MovimientosPorContrato_20260629.xlsx,NO_TRUCKFLOW_MATCH
COMPROB_000400418941,JIA232,2026-06-27T11:34:00,2026-06-29T08:05:00,TIERRA DESC FILTROS,,TERMINAL_EMBARQUE,EGRESO,MovimientosPorContrato_20260629.xlsx,NO_TRUCKFLOW_MATCH
CTG_10133147786,AB619DL,2026-06-27T07:05:00,2026-06-29T08:09:00,MAIZ,CELDA_171_-_CENTRO,AVELLANEDA,INGRESO,MovimientosPorContrato_20260629.xlsx,NO_TRUCKFLOW_MATCH
CTG_10133189689,HMU554,2026-06-29T01:41:00,2026-06-29T08:36:00,GIRASOL,VOLCABLE_1,RICARDONE,INGRESO,MovimientosPorContrato_20260629.xlsx,NO_TRUCKFLOW_MATCH
COMPROB_000400418942,VNA879,2026-06-29T07:48:00,2026-06-29T08:40:00,PRODUCTOS VARIOS,,TERMINAL_EMBARQUE,EGRESO,MovimientosPorContrato_20260629.xlsx,NO_TRUCKFLOW_MATCH
CTG_10233164702,AB454FM,2026-06-29T03:58:00,2026-06-29T08:44:00,MAIZ,CELDA_171_-_CENTRO,AVELLANEDA,INGRESO,MovimientosPorContrato_20260629.xlsx,NO_TRUCKFLOW_MATCH
COMPROB_000301457482,TOLVA,2026-06-29T08:21:00,2026-06-29T08:47:00,PRODUCTOS VARIOS,VARIOS,RICARDONE,INGRESO,MovimientosPorContrato_20260629.xlsx,NO_TRUCKFLOW_MATCH
COMPROB_000200430831,CJP948,2026-06-29T02:31:00,2026-06-29T08:51:00,LEÑA CORTA SELECC,PLAYA_LEÑA_Y_CHIP,AVELLANEDA,INGRESO,MovimientosPorContrato_20260629.xlsx,NO_TRUCKFLOW_MATCH
CTG_10133188982,DNB085,2026-06-29T04:12:00,2026-06-29T09:08:00,SOJA,VOLCABLE_PTO_5,TERMINAL_EMBARQUE,INGRESO,MovimientosPorContrato_20260629.xlsx,NO_TRUCKFLOW_MATCH
CTG_10133189892,PER981,2026-06-29T06:06:00,2026-06-29T09:11:00,SOJA,VOLCABLE_PTO_5,TERMINAL_EMBARQUE,INGRESO,MovimientosPorContrato_20260629.xlsx,NO_TRUCKFLOW_MATCH
COMPROB_000200319654,RRN364,2026-06-29T08:17:00,2026-06-29T09:14:00,DDG BURLANDA SECA DE MAIZ SIN SOLUBLES,DEPOSITO_BURLANDAS,AVELLANEDA,EGRESO,MovimientosPorContrato_20260629.xlsx,NO_TRUCKFLOW_MATCH
CTG_10133169418,KSA045,2026-06-27T17:58:00,2026-06-29T09:19:00,MAIZ,CELDA_171_-_CENTRO,AVELLANEDA,INGRESO,MovimientosPorContrato_20260629.xlsx,NO_TRUCKFLOW_MATCH
CTG_10133189556,OXL620,2026-06-29T06:07:00,2026-06-29T09:19:00,SOJA,VOLCABLE_PTO_5,TERMINAL_EMBARQUE,INGRESO,MovimientosPorContrato_20260629.xlsx,NO_TRUCKFLOW_MATCH
CTG_10233188475,JJD948,2026-06-29T02:20:00,2026-06-29T09:23:00,GIRASOL,VOLCABLE_1,RICARDONE,INGRESO,MovimientosPorContrato_20260629.xlsx,NO_TRUCKFLOW_MATCH
COMPROB_000400418944,UUH077,2026-06-29T08:10:00,2026-06-29T09:25:00,AC GIRASOL OLEICO REFINADO,ACEITE_OSL,TERMINAL_EMBARQUE,EGRESO,MovimientosPorContrato_20260629.xlsx,NO_TRUCKFLOW_MATCH
COMPROB_000200319655,AE407MG,2026-06-29T08:36:00,2026-06-29T09:28:00,ALCOHOL ETILICO ANHIDRO P/ BIOCOMB ORIG CEREAL,T1002,AVELLANEDA,EGRESO,MovimientosPorContrato_20260629.xlsx,NO_TRUCKFLOW_MATCH
CTG_10233175471,HMW552,2026-06-29T06:10:00,2026-06-29T09:29:00,SOJA,VOLCABLE_PTO_5,TERMINAL_EMBARQUE,INGRESO,MovimientosPorContrato_20260629.xlsx,NO_TRUCKFLOW_MATCH
COMPROB_000400418945,KAD727,2026-06-29T06:45:00,2026-06-29T09:33:00,GLICERINA REFINADA,,TERMINAL_EMBARQUE,EGRESO,MovimientosPorContrato_20260629.xlsx,NO_TRUCKFLOW_MATCH
COMPROB_000400418946,BTS626,2026-06-29T06:50:00,2026-06-29T09:35:00,AGUA POTABLE,ACEITE_OSL,TERMINAL_EMBARQUE,EGRESO,MovimientosPorContrato_20260629.xlsx,NO_TRUCKFLOW_MATCH
CTG_10233175613,BVM943,2026-06-29T06:43:00,2026-06-29T09:35:00,SOJA,VOLCABLE_PTO_5,TERMINAL_EMBARQUE,INGRESO,MovimientosPorContrato_20260629.xlsx,NO_TRUCKFLOW_MATCH
CTG_10233184852,MKD111,2026-06-29T06:42:00,2026-06-29T09:42:00,SOJA,VOLCABLE_PTO_5,TERMINAL_EMBARQUE,INGRESO,MovimientosPorContrato_20260629.xlsx,NO_TRUCKFLOW_MATCH
CTG_10133144723,NBW326,2026-06-29T04:05:00,2026-06-29T09:45:00,MAIZ,CELDA_171_-_CENTRO,AVELLANEDA,INGRESO,MovimientosPorContrato_20260629.xlsx,NO_TRUCKFLOW_MATCH
COMPROB_000400418947,OFG785,2026-06-29T08:59:00,2026-06-29T09:51:00,AC GIRASOL OLEICO REFINADO,ACEITE_OSL,TERMINAL_EMBARQUE,EGRESO,MovimientosPorContrato_20260629.xlsx,NO_TRUCKFLOW_MATCH
CTG_10133166904,AD639WR,2026-06-29T07:09:00,2026-06-29T09:57:00,SOJA,VOLCABLE_PTO_5,TERMINAL_EMBARQUE,INGRESO,MovimientosPorContrato_20260629.xlsx,NO_TRUCKFLOW_MATCH
CTG_10233184311,MPK213,2026-06-29T07:03:00,2026-06-29T09:58:00,SOJA,VOLCABLE_PTO_5,TERMINAL_EMBARQUE,INGRESO,MovimientosPorContrato_20260629.xlsx,NO_TRUCKFLOW_MATCH
COMPROB_000301064998,UAJ766,2026-06-29T09:24:00,2026-06-29T10:06:00,PRODUCTOS VARIOS,VARIOS,RICARDONE,EGRESO,MovimientosPorContrato_20260629.xlsx,NO_TRUCKFLOW_MATCH
CTG_10233190276,PKP366,2026-06-29T02:27:00,2026-06-29T10:10:00,GIRASOL,VOLCABLE_1,RICARDONE,INGRESO,MovimientosPorContrato_20260629.xlsx,NO_TRUCKFLOW_MATCH
COMPROB_000200430834,HBH696,2026-06-27T07:10:00,2026-06-29T10:10:00,LEÑA CORTA SELECC,PLAYA_LEÑA_Y_CHIP,AVELLANEDA,INGRESO,MovimientosPorContrato_20260629.xlsx,NO_TRUCKFLOW_MATCH
COMPROB_000301064999,HWU967,2026-06-29T09:54:00,2026-06-29T10:11:00,RESIDUOS ASIMILABLES A DOMICILIARIOS,,RICARDONE,EGRESO,MovimientosPorContrato_20260629.xlsx,NO_TRUCKFLOW_MATCH
COMPROB_000200319656,AF466DZ,2026-06-29T09:12:00,2026-06-29T10:13:00,ALCOHOL ETILICO ANHIDRO P/ BIOCOMB ORIG CEREAL,T1002,AVELLANEDA,EGRESO,MovimientosPorContrato_20260629.xlsx,NO_TRUCKFLOW_MATCH
COMPROB_000400418948,OLD388,2026-06-29T07:51:00,2026-06-29T10:15:00,ACEITE SOJA CRUDO DESGOMADO,,TERMINAL_EMBARQUE,EGRESO,MovimientosPorContrato_20260629.xlsx,NO_TRUCKFLOW_MATCH
COMPROB_000200430835,AH539QA,2026-06-29T01:05:00,2026-06-29T10:17:00,CHIP DE EUCALIPTUS,PLAYA_LEÑA_Y_CHIP,AVELLANEDA,INGRESO,MovimientosPorContrato_20260629.xlsx,NO_TRUCKFLOW_MATCH
COMPROB_000400418949,GYW157,2026-06-29T07:45:00,2026-06-29T10:18:00,GLICERINA REFINADA,,TERMINAL_EMBARQUE,EGRESO,MovimientosPorContrato_20260629.xlsx,NO_TRUCKFLOW_MATCH
COMPROB_000200319657,XXXXX,2026-06-29T10:19:00,2026-06-29T10:19:00,THIN STILLAGE DE MAIZ,,AVELLANEDA,EGRESO,MovimientosPorContrato_20260629.xlsx,NO_TRUCKFLOW_MATCH
CTG_10233160216,EEL839,2026-06-29T07:08:00,2026-06-29T10:19:00,SOJA,VOLCABLE_PTO_5,TERMINAL_EMBARQUE,INGRESO,MovimientosPorContrato_20260629.xlsx,NO_TRUCKFLOW_MATCH
COMPROB_000200319658,XXXXX,2026-06-29T10:20:00,2026-06-29T10:20:00,THIN STILLAGE DE MAIZ,,AVELLANEDA,EGRESO,MovimientosPorContrato_20260629.xlsx,NO_TRUCKFLOW_MATCH
COMPROB_000400418950,AD887XZ,2026-06-29T08:52:00,2026-06-29T10:20:00,AC GIRASOL OLEICO REFINADO,ACEITE_OSL,TERMINAL_EMBARQUE,EGRESO,MovimientosPorContrato_20260629.xlsx,NO_TRUCKFLOW_MATCH
COMPROB_000200319659,XXXXX,2026-06-29T10:21:00,2026-06-29T10:21:00,THIN STILLAGE DE MAIZ,,AVELLANEDA,EGRESO,MovimientosPorContrato_20260629.xlsx,NO_TRUCKFLOW_MATCH
CTG_10133198423,AC459CL,2026-06-29T07:13:00,2026-06-29T10:22:00,SOJA,VOLCABLE_PTO_5,TERMINAL_EMBARQUE,INGRESO,MovimientosPorContrato_20260629.xlsx,NO_TRUCKFLOW_MATCH
CTG_10233192651,OXZ976,2026-06-29T07:19:00,2026-06-29T10:23:00,SOJA,VOLCABLE_PTO_5,TERMINAL_EMBARQUE,INGRESO,MovimientosPorContrato_20260629.xlsx,NO_TRUCKFLOW_MATCH
COMPROB_000400418951,AE808WD,2026-06-29T07:52:00,2026-06-29T10:24:00,RESIDUOS ORG,,TERMINAL_EMBARQUE,EGRESO,MovimientosPorContrato_20260629.xlsx,NO_TRUCKFLOW_MATCH
CTG_10233165433,IAC407,2026-06-27T18:07:00,2026-06-29T10:25:00,MAIZ,CELDA_171_-_CENTRO,AVELLANEDA,INGRESO,MovimientosPorContrato_20260629.xlsx,NO_TRUCKFLOW_MATCH
COMPROB_000400418952,JIA232,2026-06-29T09:02:00,2026-06-29T10:35:00,TIERRA DESC FILTROS,,TERMINAL_EMBARQUE,EGRESO,MovimientosPorContrato_20260629.xlsx,NO_TRUCKFLOW_MATCH
COMPROB_000200319660,EVV008,2026-06-29T10:01:00,2026-06-29T10:35:00,DDG BURLANDA SECA DE MAIZ SIN SOLUBLES,DEPOSITO_BURLANDAS,AVELLANEDA,EGRESO,MovimientosPorContrato_20260629.xlsx,NO_TRUCKFLOW_MATCH
CTG_10233177408,NCG513,2026-06-29T07:25:00,2026-06-29T10:38:00,SOJA,VOLCABLE_PTO_5,TERMINAL_EMBARQUE,INGRESO,MovimientosPorContrato_20260629.xlsx,NO_TRUCKFLOW_MATCH
CTG_10133193512,AF765FT,2026-06-29T08:02:00,2026-06-29T10:42:00,SOJA,VOLCABLE_PTO_5,TERMINAL_EMBARQUE,INGRESO,MovimientosPorContrato_20260629.xlsx,NO_TRUCKFLOW_MATCH
COMPROB_000400418953,JBN715,2026-06-29T08:00:00,2026-06-29T10:44:00,GLICERINA REFINADA,,TERMINAL_EMBARQUE,EGRESO,MovimientosPorContrato_20260629.xlsx,NO_TRUCKFLOW_MATCH
COMPROB_000400418956,WRM886,2026-06-29T09:52:00,2026-06-29T10:46:00,AC GIRASOL OLEICO REFINADO,ACEITE_OSL,TERMINAL_EMBARQUE,EGRESO,MovimientosPorContrato_20260629.xlsx,NO_TRUCKFLOW_MATCH
COMPROB_000400418957,HSHS25,2026-06-29T07:49:00,2026-06-29T10:51:00,ACEITE SOJA CRUDO DESGOMADO,,TERMINAL_EMBARQUE,EGRESO,MovimientosPorContrato_20260629.xlsx,NO_TRUCKFLOW_MATCH
CTG_10133169761,NAL767,2026-06-27T17:54:00,2026-06-29T10:55:00,MAIZ,CELDA_171_-_CENTRO,AVELLANEDA,INGRESO,MovimientosPorContrato_20260629.xlsx,NO_TRUCKFLOW_MATCH
COMPROB_000400418958,MFS439,2026-06-29T10:46:00,2026-06-29T10:56:00,PRODUCTOS VARIOS,,TERMINAL_EMBARQUE,EGRESO,MovimientosPorContrato_20260629.xlsx,NO_TRUCKFLOW_MATCH
COMPROB_000400418959,EDX193,2026-06-29T10:08:00,2026-06-29T10:57:00,PRODUCTOS VARIOS,,TERMINAL_EMBARQUE,EGRESO,MovimientosPorContrato_20260629.xlsx,NO_TRUCKFLOW_MATCH
CTG_10233158731,MNP386,2026-06-29T08:15:00,2026-06-29T10:58:00,SOJA,VOLCABLE_PTO_5,TERMINAL_EMBARQUE,INGRESO,MovimientosPorContrato_20260629.xlsx,NO_TRUCKFLOW_MATCH
COMPROB_000301457485,FEA810,2026-06-29T10:34:00,2026-06-29T11:09:00,RESIDUOS ORG,,RICARDONE,INGRESO,MovimientosPorContrato_20260629.xlsx,NO_TRUCKFLOW_MATCH
COMPROB_000400418960,MPF184,2026-06-29T08:08:00,2026-06-29T11:16:00,ACEITE SOJA CRUDO DESGOMADO,,TERMINAL_EMBARQUE,EGRESO,MovimientosPorContrato_20260629.xlsx,NO_TRUCKFLOW_MATCH
CTG_10133200275,AG725TB,2026-06-29T06:57:00,2026-06-29T11:18:00,SOJA,VOLCABLE_PTO_5,TERMINAL_EMBARQUE,INGRESO,MovimientosPorContrato_20260629.xlsx,NO_TRUCKFLOW_MATCH
COMPROB_000200430838,RQE231,2026-06-29T00:01:00,2026-06-29T11:20:00,LEÑA CORTA,PLAYA_LEÑA_Y_CHIP,AVELLANEDA,INGRESO,MovimientosPorContrato_20260629.xlsx,NO_TRUCKFLOW_MATCH
COMPROB_000400418961,GXT382,2026-06-29T08:17:00,2026-06-29T11:20:00,GLICERINA REFINADA,,TERMINAL_EMBARQUE,EGRESO,MovimientosPorContrato_20260629.xlsx,NO_TRUCKFLOW_MATCH
COMPROB_000404033460,UAJ766,2026-06-29T10:25:00,2026-06-29T11:21:00,PRODUCTOS VARIOS,,TERMINAL_EMBARQUE,INGRESO,MovimientosPorContrato_20260629.xlsx,NO_TRUCKFLOW_MATCH
CTG_10133200358,AA061OB,2026-06-29T06:58:00,2026-06-29T11:23:00,SOJA,VOLCABLE_PTO_5,TERMINAL_EMBARQUE,INGRESO,MovimientosPorContrato_20260629.xlsx,NO_TRUCKFLOW_MATCH
CTG_10133144837,AF244XY,2026-06-29T04:02:00,2026-06-29T11:30:00,MAIZ,CELDA_171_-_CENTRO,AVELLANEDA,INGRESO,MovimientosPorContrato_20260629.xlsx,NO_TRUCKFLOW_MATCH
CTG_10133200448,LRY080,2026-06-29T06:59:00,2026-06-29T11:32:00,SOJA,VOLCABLE_PTO_5,TERMINAL_EMBARQUE,INGRESO,MovimientosPorContrato_20260629.xlsx,NO_TRUCKFLOW_MATCH
CTG_10133177004,RWY622,2026-06-29T00:05:00,2026-06-29T11:33:00,GIRASOL,VOLCABLE_1,RICARDONE,INGRESO,MovimientosPorContrato_20260629.xlsx,NO_TRUCKFLOW_MATCH
COMPROB_000400418962,SLHT54,2026-06-29T07:48:00,2026-06-29T11:48:00,ACEITE SOJA CRUDO DESGOMADO,,TERMINAL_EMBARQUE,EGRESO,MovimientosPorContrato_20260629.xlsx,NO_TRUCKFLOW_MATCH
COMPROB_000400418963,EFA323,2026-06-29T08:05:00,2026-06-29T11:52:00,GLICERINA REFINADA,,TERMINAL_EMBARQUE,EGRESO,MovimientosPorContrato_20260629.xlsx,NO_TRUCKFLOW_MATCH
COMPROB_000301457487,VNA879,2026-06-29T09:05:00,2026-06-29T11:52:00,PRODUCTOS VARIOS,VARIOS,RICARDONE,INGRESO,MovimientosPorContrato_20260629.xlsx,NO_TRUCKFLOW_MATCH
CTG_10133187903,AG372PF,2026-06-29T08:47:00,2026-06-29T11:58:00,SOJA,VOLCABLE_PTO_5,TERMINAL_EMBARQUE,INGRESO,MovimientosPorContrato_20260629.xlsx,NO_TRUCKFLOW_MATCH
CTG_10233181631,LSQ539,2026-06-29T08:38:00,2026-06-29T12:00:00,SOJA,VOLCABLE_PTO_5,TERMINAL_EMBARQUE,INGRESO,MovimientosPorContrato_20260629.xlsx,NO_TRUCKFLOW_MATCH
COMPROB_000400418964,HWU967,2026-06-29T11:38:00,2026-06-29T12:01:00,RESIDUOS ASIMILABLES A DOMICILIARIOS,,TERMINAL_EMBARQUE,EGRESO,MovimientosPorContrato_20260629.xlsx,NO_TRUCKFLOW_MATCH
COMPROB_000400418965,AGR963,2026-06-29T11:23:00,2026-06-29T12:09:00,AC GIRASOL OLEICO REFINADO,ACEITE_OSL,TERMINAL_EMBARQUE,EGRESO,MovimientosPorContrato_20260629.xlsx,NO_TRUCKFLOW_MATCH
CTG_10133145157,AH640PF,2026-06-29T04:51:00,2026-06-29T12:10:00,MAIZ,CELDA_171_-_CENTRO,AVELLANEDA,INGRESO,MovimientosPorContrato_20260629.xlsx,NO_TRUCKFLOW_MATCH
COMPROB_000400418966,JIA232,2026-06-29T11:28:00,2026-06-29T12:10:00,TIERRA DESC FILTROS,,TERMINAL_EMBARQUE,EGRESO,MovimientosPorContrato_20260629.xlsx,NO_TRUCKFLOW_MATCH
CTG_10133179564,AI211ER,2026-06-29T07:21:00,2026-06-29T12:12:00,GIRASOL,VOLCABLE_2,RICARDONE,INGRESO,MovimientosPorContrato_20260629.xlsx,NO_TRUCKFLOW_MATCH
CTG_10133173047,LYR271,2026-06-29T08:43:00,2026-06-29T12:13:00,SOJA,VOLCABLE_PTO_5,TERMINAL_EMBARQUE,INGRESO,MovimientosPorContrato_20260629.xlsx,NO_TRUCKFLOW_MATCH
CTG_10133197969,AE345TW,2026-06-29T08:48:00,2026-06-29T12:20:00,SOJA,VOLCABLE_PTO_5,TERMINAL_EMBARQUE,INGRESO,MovimientosPorContrato_20260629.xlsx,NO_TRUCKFLOW_MATCH
COMPROB_000400418967,HWU967,2026-06-29T12:07:00,2026-06-29T12:32:00,RESIDUOS ASIMILABLES A DOMICILIARIOS,,TERMINAL_EMBARQUE,EGRESO,MovimientosPorContrato_20260629.xlsx,NO_TRUCKFLOW_MATCH
CTG_10133202562,AE003HC,2026-06-29T08:36:00,2026-06-29T12:33:00,SOJA,VOLCABLE_PTO_5,TERMINAL_EMBARQUE,INGRESO,MovimientosPorContrato_20260629.xlsx,NO_TRUCKFLOW_MATCH
COMPROB_000400418968,EVD342,2026-06-29T11:54:00,2026-06-29T12:35:00,AC GIRASOL OLEICO REFINADO,ACEITE_OSL,TERMINAL_EMBARQUE,EGRESO,MovimientosPorContrato_20260629.xlsx,NO_TRUCKFLOW_MATCH
CTG_10233185571,DOM294,2026-06-29T08:16:00,2026-06-29T12:39:00,GIRASOL,VOLCABLE_2,RICARDONE,INGRESO,MovimientosPorContrato_20260629.xlsx,NO_TRUCKFLOW_MATCH
CTG_10133145000,KWF228,2026-06-29T04:03:00,2026-06-29T12:40:00,MAIZ,CELDA_171_-_CENTRO,AVELLANEDA,INGRESO,MovimientosPorContrato_20260629.xlsx,NO_TRUCKFLOW_MATCH
CTG_10133192666,AA756VE,2026-06-29T08:51:00,2026-06-29T12:41:00,SOJA,VOLCABLE_PTO_5,TERMINAL_EMBARQUE,INGRESO,MovimientosPorContrato_20260629.xlsx,NO_TRUCKFLOW_MATCH
CTG_10133192751,AB580PW,2026-06-29T08:52:00,2026-06-29T12:47:00,SOJA,VOLCABLE_PTO_5,TERMINAL_EMBARQUE,INGRESO,MovimientosPorContrato_20260629.xlsx,NO_TRUCKFLOW_MATCH
CTG_10133200761,MIM182,2026-06-29T09:18:00,2026-06-29T12:50:00,SOJA,VOLCABLE_PTO_5,TERMINAL_EMBARQUE,INGRESO,MovimientosPorContrato_20260629.xlsx,NO_TRUCKFLOW_MATCH
CTG_10133191111,AE322PM,2026-06-29T06:11:00,2026-06-29T12:51:00,GIRASOL,VOLCABLE_1,RICARDONE,INGRESO,MovimientosPorContrato_20260629.xlsx,NO_TRUCKFLOW_MATCH
COMPROB_000301065000,UAJ766,2026-06-29T11:31:00,2026-06-29T12:52:00,PRODUCTOS VARIOS,VARIOS,RICARDONE,EGRESO,MovimientosPorContrato_20260629.xlsx,NO_TRUCKFLOW_MATCH
CTG_10133200819,HJP191,2026-06-29T09:19:00,2026-06-29T12:56:00,SOJA,VOLCABLE_PTO_5,TERMINAL_EMBARQUE,INGRESO,MovimientosPorContrato_20260629.xlsx,NO_TRUCKFLOW_MATCH
COMPROB_000200319661,00000,2026-06-29T12:57:00,2026-06-29T12:57:00,RESIDUOS ASIMILABLES A DOMICILIARIOS,SIN_ESPECIFICAR,AVELLANEDA,EGRESO,MovimientosPorContrato_20260629.xlsx,NO_TRUCKFLOW_MATCH
COMPROB_000400418969,MFS439,2026-06-29T11:12:00,2026-06-29T13:00:00,ACEITE SOJA CRUDO DESGOMADO,ACEITE_PTO,TERMINAL_EMBARQUE,EGRESO,MovimientosPorContrato_20260629.xlsx,NO_TRUCKFLOW_MATCH
CTG_10133144429,GSZ647,2026-06-29T03:50:00,2026-06-29T13:03:00,MAIZ,CELDA_171_-_CENTRO,AVELLANEDA,INGRESO,MovimientosPorContrato_20260629.xlsx,NO_TRUCKFLOW_MATCH
CTG_10233173112,FNK926,2026-06-29T09:35:00,2026-06-29T13:12:00,SOJA,VOLCABLE_PTO_5,TERMINAL_EMBARQUE,INGRESO,MovimientosPorContrato_20260629.xlsx,NO_TRUCKFLOW_MATCH
CTG_10233172713,PGR058,2026-06-29T09:36:00,2026-06-29T13:22:00,SOJA,VOLCABLE_PTO_5,TERMINAL_EMBARQUE,INGRESO,MovimientosPorContrato_20260629.xlsx,NO_TRUCKFLOW_MATCH
CTG_10233180926,AH355HT,2026-06-29T08:35:00,2026-06-29T13:24:00,GIRASOL,VOLCABLE_2,RICARDONE,INGRESO,MovimientosPorContrato_20260629.xlsx,NO_TRUCKFLOW_MATCH
COMPROB_000404033474,AC754JJ,2026-06-29T12:20:00,2026-06-29T13:26:00,PRODUCTOS VARIOS,,TERMINAL_EMBARQUE,INGRESO,MovimientosPorContrato_20260629.xlsx,NO_TRUCKFLOW_MATCH
CTG_10133175154,GWM759,2026-06-29T09:16:00,2026-06-29T13:28:00,SOJA,VOLCABLE_PTO_5,TERMINAL_EMBARQUE,INGRESO,MovimientosPorContrato_20260629.xlsx,NO_TRUCKFLOW_MATCH
COMPROB_000200430843,ABB335,2026-06-29T01:07:00,2026-06-29T13:31:00,CHIP DE EUCALIPTUS,PLAYA_LEÑA_Y_CHIP,AVELLANEDA,INGRESO,MovimientosPorContrato_20260629.xlsx,NO_TRUCKFLOW_MATCH
CTG_10133187485,AG472GV,2026-06-29T03:55:00,2026-06-29T13:38:00,MAIZ,CELDA_171_-_CENTRO,AVELLANEDA,INGRESO,MovimientosPorContrato_20260629.xlsx,NO_TRUCKFLOW_MATCH
CTG_10133189920,AG172CU,2026-06-29T08:56:00,2026-06-29T13:38:00,GIRASOL,VOLCABLE_1,RICARDONE,INGRESO,MovimientosPorContrato_20260629.xlsx,NO_TRUCKFLOW_MATCH
CTG_10133193971,AB423KS,2026-06-29T09:41:00,2026-06-29T13:39:00,SOJA,VOLCABLE_PTO_5,TERMINAL_EMBARQUE,INGRESO,MovimientosPorContrato_20260629.xlsx,NO_TRUCKFLOW_MATCH
COMPROB_000400418970,EGV380,2026-06-29T12:42:00,2026-06-29T13:44:00,AC GIRASOL OLEICO REFINADO,ACEITE_OSL,TERMINAL_EMBARQUE,EGRESO,MovimientosPorContrato_20260629.xlsx,NO_TRUCKFLOW_MATCH
COMPROB_000404033477,UAJ766,2026-06-29T13:11:00,2026-06-29T13:45:00,PRODUCTOS VARIOS,,TERMINAL_EMBARQUE,INGRESO,MovimientosPorContrato_20260629.xlsx,NO_TRUCKFLOW_MATCH
COMPROB_000400418971,KWO040,2026-06-29T13:36:00,2026-06-29T13:46:00,PRODUCTOS VARIOS,,TERMINAL_EMBARQUE,EGRESO,MovimientosPorContrato_20260629.xlsx,NO_TRUCKFLOW_MATCH
CTG_10233178569,TQE079,2026-06-29T09:45:00,2026-06-29T13:49:00,SOJA,VOLCABLE_PTO_5,TERMINAL_EMBARQUE,INGRESO,MovimientosPorContrato_20260629.xlsx,NO_TRUCKFLOW_MATCH
CTG_10233168790,AF355JL,2026-06-29T09:50:00,2026-06-29T13:54:00,SOJA,VOLCABLE_PTO_5,TERMINAL_EMBARQUE,INGRESO,MovimientosPorContrato_20260629.xlsx,NO_TRUCKFLOW_MATCH
CTG_10133189702,AH770XS,2026-06-29T08:57:00,2026-06-29T14:02:00,GIRASOL,VOLCABLE_2,RICARDONE,INGRESO,MovimientosPorContrato_20260629.xlsx,NO_TRUCKFLOW_MATCH
CTG_10233204567,GGA752,2026-06-29T09:23:00,2026-06-29T14:06:00,GIRASOL,VOLCABLE_1,RICARDONE,INGRESO,MovimientosPorContrato_20260629.xlsx,NO_TRUCKFLOW_MATCH
COMPROB_000404033480,AD791XN,2026-06-29T11:28:00,2026-06-29T14:06:00,NITROGENO LIQUIDO,,TERMINAL_EMBARQUE,INGRESO,MovimientosPorContrato_20260629.xlsx,NO_TRUCKFLOW_MATCH
COMPROB_000200319662,DOO262,2026-06-29T13:44:00,2026-06-29T14:10:00,DESPERDICIO DE BALANCEADO,DEPOSITO_BALANCEADO,AVELLANEDA,EGRESO,MovimientosPorContrato_20260629.xlsx,NO_TRUCKFLOW_MATCH
CTG_10233185059,AC454HD,2026-06-29T09:46:00,2026-06-29T14:10:00,SOJA,VOLCABLE_PTO_5,TERMINAL_EMBARQUE,INGRESO,MovimientosPorContrato_20260629.xlsx,NO_TRUCKFLOW_MATCH
CTG_10233173940,NFJ540,2026-06-29T09:51:00,2026-06-29T14:14:00,SOJA,VOLCABLE_PTO_5,TERMINAL_EMBARQUE,INGRESO,MovimientosPorContrato_20260629.xlsx,NO_TRUCKFLOW_MATCH
CTG_10133191086,AA777EQ,2026-06-29T09:58:00,2026-06-29T14:17:00,GIRASOL,VOLCABLE_1,RICARDONE,INGRESO,MovimientosPorContrato_20260629.xlsx,NO_TRUCKFLOW_MATCH
CTG_10133187034,AE554MI,2026-06-29T03:57:00,2026-06-29T14:18:00,MAIZ,CELDA_171_-_CENTRO,AVELLANEDA,INGRESO,MovimientosPorContrato_20260629.xlsx,NO_TRUCKFLOW_MATCH
COMPROB_000400418972,JIA232,2026-06-29T12:58:00,2026-06-29T14:20:00,TIERRA DESC FILTROS,,TERMINAL_EMBARQUE,EGRESO,MovimientosPorContrato_20260629.xlsx,NO_TRUCKFLOW_MATCH
CTG_10233177939,AI238FU,2026-06-29T10:07:00,2026-06-29T14:22:00,SOJA,VOLCABLE_PTO_5,TERMINAL_EMBARQUE,INGRESO,MovimientosPorContrato_20260629.xlsx,NO_TRUCKFLOW_MATCH
CTG_10133203221,AB036GH,2026-06-29T10:24:00,2026-06-29T14:29:00,SOJA,VOLCABLE_PTO_5,TERMINAL_EMBARQUE,INGRESO,MovimientosPorContrato_20260629.xlsx,NO_TRUCKFLOW_MATCH
CTG_10133191766,FQN464,2026-06-29T10:19:00,2026-06-29T14:39:00,SOJA,VOLCABLE_PTO_5,TERMINAL_EMBARQUE,INGRESO,MovimientosPorContrato_20260629.xlsx,NO_TRUCKFLOW_MATCH
COMPROB_000301065001,FEA810,2026-06-29T11:20:00,2026-06-29T14:40:00,RESIDUOS ORG,,RICARDONE,EGRESO,MovimientosPorContrato_20260629.xlsx,NO_TRUCKFLOW_MATCH
CTG_10133204081,AH055GN,2026-06-29T10:26:00,2026-06-29T14:44:00,SOJA,VOLCABLE_PTO_5,TERMINAL_EMBARQUE,INGRESO,MovimientosPorContrato_20260629.xlsx,NO_TRUCKFLOW_MATCH
COMPROB_000400418973,UAJ766,2026-06-29T13:51:00,2026-06-29T14:48:00,PRODUCTOS VARIOS,,TERMINAL_EMBARQUE,EGRESO,MovimientosPorContrato_20260629.xlsx,NO_TRUCKFLOW_MATCH
CTG_10133184960,AD671JM,2026-06-29T11:00:00,2026-06-29T14:52:00,SOJA,VOLCABLE_PTO_5,TERMINAL_EMBARQUE,INGRESO,MovimientosPorContrato_20260629.xlsx,NO_TRUCKFLOW_MATCH
CTG_10233167602,GXX044,2026-06-29T04:01:00,2026-06-29T14:56:00,MAIZ,CELDA_171_-_CENTRO,AVELLANEDA,INGRESO,MovimientosPorContrato_20260629.xlsx,NO_TRUCKFLOW_MATCH
CTG_10133202040,OIP839,2026-06-29T10:46:00,2026-06-29T15:06:00,SOJA,VOLCABLE_PTO_5,TERMINAL_EMBARQUE,INGRESO,MovimientosPorContrato_20260629.xlsx,NO_TRUCKFLOW_MATCH
CTG_10133195756,DEJ957,2026-06-29T07:02:00,2026-06-29T15:11:00,SOJA,VOLCABLE_PTO_5,TERMINAL_EMBARQUE,INGRESO,MovimientosPorContrato_20260629.xlsx,NO_TRUCKFLOW_MATCH
COMPROB_000200319663,AF499NG,2026-06-29T13:51:00,2026-06-29T15:14:00,ALCOHOL ETILICO ANHIDRO P/ BIOCOMB ORIG CEREAL,T1002,AVELLANEDA,EGRESO,MovimientosPorContrato_20260629.xlsx,NO_TRUCKFLOW_MATCH
CTG_10133180319,MCI477,2026-06-29T08:09:00,2026-06-29T15:17:00,SOJA,VOLCABLE_PTO_5,TERMINAL_EMBARQUE,INGRESO,MovimientosPorContrato_20260629.xlsx,NO_TRUCKFLOW_MATCH
CTG_10133188275,AG998EK,2026-06-29T07:11:00,2026-06-29T15:23:00,SOJA,VOLCABLE_PTO_5,TERMINAL_EMBARQUE,INGRESO,MovimientosPorContrato_20260629.xlsx,NO_TRUCKFLOW_MATCH
CTG_10133167604,AD214IX,2026-06-29T04:07:00,2026-06-29T15:25:00,MAIZ,CELDA_171_-_CENTRO,AVELLANEDA,INGRESO,MovimientosPorContrato_20260629.xlsx,NO_TRUCKFLOW_MATCH
COMPROB_000400418974,CDF727,2026-06-29T14:45:00,2026-06-29T15:33:00,AC GIRASOL OLEICO REFINADO,ACEITE_OSL,TERMINAL_EMBARQUE,EGRESO,MovimientosPorContrato_20260629.xlsx,NO_TRUCKFLOW_MATCH
CTG_10133180456,AD411QN,2026-06-29T09:56:00,2026-06-29T15:38:00,SOJA,VOLCABLE_PTO_3,TERMINAL_EMBARQUE,INGRESO,MovimientosPorContrato_20260629.xlsx,NO_TRUCKFLOW_MATCH
CTG_10233175269,AE933VI,2026-06-29T07:11:00,2026-06-29T15:43:00,SOJA,VOLCABLE_PTO_5,TERMINAL_EMBARQUE,INGRESO,MovimientosPorContrato_20260629.xlsx,NO_TRUCKFLOW_MATCH
CTG_10233205709,AA101GB,2026-06-29T11:18:00,2026-06-29T15:48:00,SOJA,VOLCABLE_PTO_3,TERMINAL_EMBARQUE,INGRESO,MovimientosPorContrato_20260629.xlsx,NO_TRUCKFLOW_MATCH
CTG_10133179069,AI235OJ,2026-06-29T11:34:00,2026-06-29T15:51:00,SOJA,VOLCABLE_PTO_3,TERMINAL_EMBARQUE,INGRESO,MovimientosPorContrato_20260629.xlsx,NO_TRUCKFLOW_MATCH
CTG_10133180048,AE622XO,2026-06-29T07:23:00,2026-06-29T15:52:00,SOJA,VOLCABLE_PTO_5,TERMINAL_EMBARQUE,INGRESO,MovimientosPorContrato_20260629.xlsx,NO_TRUCKFLOW_MATCH
COMPROB_000301457496,UAJ766,2026-06-29T15:08:00,2026-06-29T15:52:00,PRODUCTOS VARIOS,VARIOS,RICARDONE,INGRESO,MovimientosPorContrato_20260629.xlsx,NO_TRUCKFLOW_MATCH
CTG_10233176270,EGH879,2026-06-29T10:24:00,2026-06-29T15:57:00,SOJA,VOLCABLE_PTO_5,TERMINAL_EMBARQUE,INGRESO,MovimientosPorContrato_20260629.xlsx,NO_TRUCKFLOW_MATCH
CTG_10133179207,AG133ST,2026-06-29T11:35:00,2026-06-29T16:01:00,SOJA,VOLCABLE_PTO_5,TERMINAL_EMBARQUE,INGRESO,MovimientosPorContrato_20260629.xlsx,NO_TRUCKFLOW_MATCH
CTG_10133176935,AH318IC,2026-06-29T04:08:00,2026-06-29T16:01:00,MAIZ,CELDA_171_-_CENTRO,AVELLANEDA,INGRESO,MovimientosPorContrato_20260629.xlsx,NO_TRUCKFLOW_MATCH
COMPROB_000200430849,KOL672,2026-06-29T08:07:00,2026-06-29T16:09:00,CHIP EN ORIGEN,PLAYA_LEÑA_Y_CHIP,AVELLANEDA,INGRESO,MovimientosPorContrato_20260629.xlsx,NO_TRUCKFLOW_MATCH
CTG_10133203067,NOT193,2026-06-29T11:38:00,2026-06-29T16:17:00,SOJA,VOLCABLE_PTO_3,TERMINAL_EMBARQUE,INGRESO,MovimientosPorContrato_20260629.xlsx,NO_TRUCKFLOW_MATCH
CTG_10233205625,AB085UB,2026-06-29T11:31:00,2026-06-29T16:18:00,SOJA,VOLCABLE_PTO_3,TERMINAL_EMBARQUE,INGRESO,MovimientosPorContrato_20260629.xlsx,NO_TRUCKFLOW_MATCH
CTG_10133199295,KCB300,2026-06-29T12:16:00,2026-06-29T16:19:00,SOJA,VOLCABLE_PTO_2,TERMINAL_EMBARQUE,INGRESO,MovimientosPorContrato_20260629.xlsx,NO_TRUCKFLOW_MATCH
CTG_10133177221,AH014FD,2026-06-29T04:09:00,2026-06-29T16:20:00,MAIZ,CELDA_171_-_CENTRO,AVELLANEDA,INGRESO,MovimientosPorContrato_20260629.xlsx,NO_TRUCKFLOW_MATCH
COMPROB_000400418975,BXR841,2026-06-29T13:41:00,2026-06-29T16:20:00,AC GIRASOL OLEICO REFINADO,ACEITE_OSL,TERMINAL_EMBARQUE,EGRESO,MovimientosPorContrato_20260629.xlsx,NO_TRUCKFLOW_MATCH
CTG_10133201747,LRS471,2026-06-29T11:41:00,2026-06-29T16:22:00,SOJA,VOLCABLE_PTO_5,TERMINAL_EMBARQUE,INGRESO,MovimientosPorContrato_20260629.xlsx,NO_TRUCKFLOW_MATCH
CTG_10133179389,AI235OV,2026-06-29T11:37:00,2026-06-29T16:24:00,SOJA,VOLCABLE_PTO_3,TERMINAL_EMBARQUE,INGRESO,MovimientosPorContrato_20260629.xlsx,NO_TRUCKFLOW_MATCH
COMPROB_000200319664,VQS093,2026-06-29T15:42:00,2026-06-29T16:25:00,DDG BURLANDA SECA DE MAIZ SIN SOLUBLES,DEPOSITO_BURLANDAS,AVELLANEDA,EGRESO,MovimientosPorContrato_20260629.xlsx,NO_TRUCKFLOW_MATCH
CTG_10133200271,AE436PE,2026-06-29T12:19:00,2026-06-29T16:25:00,SOJA,VOLCABLE_PTO_2,TERMINAL_EMBARQUE,INGRESO,MovimientosPorContrato_20260629.xlsx,NO_TRUCKFLOW_MATCH
COMPROB_000200430851,RPM007,2026-06-27T12:55:00,2026-06-29T16:32:00,LEÑA CORTA SELECC,PLAYA_LEÑA_Y_CHIP,AVELLANEDA,INGRESO,MovimientosPorContrato_20260629.xlsx,NO_TRUCKFLOW_MATCH
CTG_10233205308,AA230MJ,2026-06-29T12:21:00,2026-06-29T16:32:00,SOJA,VOLCABLE_PTO_2,TERMINAL_EMBARQUE,INGRESO,MovimientosPorContrato_20260629.xlsx,NO_TRUCKFLOW_MATCH
CTG_10133208128,AA833MU,2026-06-29T12:35:00,2026-06-29T16:33:00,SOJA,VOLCABLE_PTO_3,TERMINAL_EMBARQUE,INGRESO,MovimientosPorContrato_20260629.xlsx,NO_TRUCKFLOW_MATCH
CTG_10133188063,RGP016,2026-06-29T11:51:00,2026-06-29T16:35:00,SOJA,VOLCABLE_PTO_5,TERMINAL_EMBARQUE,INGRESO,MovimientosPorContrato_20260629.xlsx,NO_TRUCKFLOW_MATCH
COMPROB_000400418976,OIG256,2026-06-29T14:39:00,2026-06-29T16:38:00,BORRA DE ACSOJA REFINADO,,TERMINAL_EMBARQUE,EGRESO,MovimientosPorContrato_20260629.xlsx,NO_TRUCKFLOW_MATCH
COMPROB_000200430852,AH731ZJ,2026-06-29T15:39:00,2026-06-29T16:42:00,CHIP DE PINO,PLAYA_LEÑA_Y_CHIP,AVELLANEDA,INGRESO,MovimientosPorContrato_20260629.xlsx,NO_TRUCKFLOW_MATCH
CTG_10133191389,NPR249,2026-06-29T11:50:00,2026-06-29T16:44:00,SOJA,VOLCABLE_PTO_5,TERMINAL_EMBARQUE,INGRESO,MovimientosPorContrato_20260629.xlsx,NO_TRUCKFLOW_MATCH
CTG_10133194292,KDD547,2026-06-29T12:22:00,2026-06-29T16:45:00,SOJA,VOLCABLE_PTO_3,TERMINAL_EMBARQUE,INGRESO,MovimientosPorContrato_20260629.xlsx,NO_TRUCKFLOW_MATCH
CTG_30033202947,AKJ611,2026-06-29T08:31:00,2026-06-29T16:46:00,ACEITE GIRASOL PARA REFINAR,ACEITE_PTO,TERMINAL_EMBARQUE,INGRESO,MovimientosPorContrato_20260629.xlsx,NO_TRUCKFLOW_MATCH
CTG_30033203249,AJV928,2026-06-29T08:47:00,2026-06-29T16:47:00,ACEITE GIRASOL PARA REFINAR,ACEITE_PTO,TERMINAL_EMBARQUE,INGRESO,MovimientosPorContrato_20260629.xlsx,NO_TRUCKFLOW_MATCH
CTG_10233158183,AF931QO,2026-06-29T09:17:00,2026-06-29T16:48:00,SOJA,VOLCABLE_PTO_5,TERMINAL_EMBARQUE,INGRESO,MovimientosPorContrato_20260629.xlsx,NO_TRUCKFLOW_MATCH
COMPROB_000400418977,HNO035,2026-06-29T13:42:00,2026-06-29T16:49:00,AC GIRASOL OLEICO REFINADO,ACEITE_OSL,TERMINAL_EMBARQUE,EGRESO,MovimientosPorContrato_20260629.xlsx,NO_TRUCKFLOW_MATCH
CTG_10133184379,AG410WX,2026-06-29T09:20:00,2026-06-29T16:53:00,SOJA,VOLCABLE_PTO_3,TERMINAL_EMBARQUE,INGRESO,MovimientosPorContrato_20260629.xlsx,NO_TRUCKFLOW_MATCH
COMPROB_000400418978,GFL685,2026-06-29T14:10:00,2026-06-29T17:00:00,ACEITE SOJA CRUDO DESGOMADO,,TERMINAL_EMBARQUE,EGRESO,MovimientosPorContrato_20260629.xlsx,NO_TRUCKFLOW_MATCH
CTG_10133187467,BEA279,2026-06-29T08:45:00,2026-06-29T17:05:00,SOJA,VOLCABLE_PTO_5,TERMINAL_EMBARQUE,INGRESO,MovimientosPorContrato_20260629.xlsx,NO_TRUCKFLOW_MATCH
CTG_10133203431,GJV806,2026-06-29T10:25:00,2026-06-29T17:06:00,SOJA,VOLCABLE_PTO_3,TERMINAL_EMBARQUE,INGRESO,MovimientosPorContrato_20260629.xlsx,NO_TRUCKFLOW_MATCH
CTG_10133188269,GOI440,2026-06-29T08:46:00,2026-06-29T17:07:00,SOJA,VOLCABLE_PTO_3,TERMINAL_EMBARQUE,INGRESO,MovimientosPorContrato_20260629.xlsx,NO_TRUCKFLOW_MATCH
CTG_10133191501,AH254AH,2026-06-29T04:17:00,2026-06-29T17:08:00,MAIZ,CELDA_171_-_CENTRO,AVELLANEDA,INGRESO,MovimientosPorContrato_20260629.xlsx,NO_TRUCKFLOW_MATCH
CTG_10233182253,JUH048,2026-06-29T12:57:00,2026-06-29T17:13:00,SOJA,VOLCABLE_PTO_5,TERMINAL_EMBARQUE,INGRESO,MovimientosPorContrato_20260629.xlsx,NO_TRUCKFLOW_MATCH
COMPROB_000200319665,AG455GG,2026-06-29T15:46:00,2026-06-29T17:28:00,ALCOHOL ETILICO ANHIDRO P/ BIOCOMB ORIG CEREAL,T1002,AVELLANEDA,EGRESO,MovimientosPorContrato_20260629.xlsx,NO_TRUCKFLOW_MATCH
CTG_10233206474,HDP752,2026-06-29T13:42:00,2026-06-29T17:30:00,SOJA,VOLCABLE_PTO_3,TERMINAL_EMBARQUE,INGRESO,MovimientosPorContrato_20260629.xlsx,NO_TRUCKFLOW_MATCH
COMPROB_000200430854,HST535,2026-06-29T10:47:00,2026-06-29T17:31:00,LEÑA CORTA,PLAYA_LEÑA_Y_CHIP,AVELLANEDA,INGRESO,MovimientosPorContrato_20260629.xlsx,NO_TRUCKFLOW_MATCH
CTG_30033210531,EXR046,2026-06-29T12:00:00,2026-06-29T17:32:00,ACEITE GIRASOL PARA REFINAR,ACEITE_PTO,TERMINAL_EMBARQUE,INGRESO,MovimientosPorContrato_20260629.xlsx,NO_TRUCKFLOW_MATCH
CTG_10233204049,HKB273,2026-06-29T13:00:00,2026-06-29T17:36:00,SOJA,VOLCABLE_PTO_5,TERMINAL_EMBARQUE,INGRESO,MovimientosPorContrato_20260629.xlsx,NO_TRUCKFLOW_MATCH
CTG_30033213488,NBK156,2026-06-29T13:06:00,2026-06-29T17:38:00,ACEITE GIRASOL PARA REFINAR,ACEITE_PTO,TERMINAL_EMBARQUE,INGRESO,MovimientosPorContrato_20260629.xlsx,NO_TRUCKFLOW_MATCH
CTG_10133146200,JPY803,2026-06-29T04:06:00,2026-06-29T17:38:00,MAIZ,CELDA_171_-_CENTRO,AVELLANEDA,INGRESO,MovimientosPorContrato_20260629.xlsx,NO_TRUCKFLOW_MATCH
CTG_10133186416,PQR160,2026-06-29T09:06:00,2026-06-29T17:39:00,SOJA,VOLCABLE_PTO_3,TERMINAL_EMBARQUE,INGRESO,MovimientosPorContrato_20260629.xlsx,NO_TRUCKFLOW_MATCH
CTG_10133204189,AH415RB,2026-06-29T13:05:00,2026-06-29T17:43:00,SOJA,VOLCABLE_PTO_5,TERMINAL_EMBARQUE,INGRESO,MovimientosPorContrato_20260629.xlsx,NO_TRUCKFLOW_MATCH
CTG_10233211062,AET339,2026-06-29T13:46:00,2026-06-29T17:49:00,SOJA,VOLCABLE_PTO_3,TERMINAL_EMBARQUE,INGRESO,MovimientosPorContrato_20260629.xlsx,NO_TRUCKFLOW_MATCH
CTG_10233204936,AC553SZ,2026-06-29T13:08:00,2026-06-29T17:50:00,SOJA,VOLCABLE_PTO_2,TERMINAL_EMBARQUE,INGRESO,MovimientosPorContrato_20260629.xlsx,NO_TRUCKFLOW_MATCH
CTG_10233176959,AA234NG,2026-06-29T15:15:00,2026-06-29T17:53:00,GIRASOL,VOLCABLE_1,RICARDONE,INGRESO,MovimientosPorContrato_20260629.xlsx,NO_TRUCKFLOW_MATCH
COMPROB_000400418979,ROO085,2026-06-29T16:41:00,2026-06-29T17:54:00,ACEITE SOJA CRUDO DESGOMADO,,TERMINAL_EMBARQUE,EGRESO,MovimientosPorContrato_20260629.xlsx,NO_TRUCKFLOW_MATCH
COMPROB_000400418980,MKA348,2026-06-29T16:55:00,2026-06-29T17:56:00,AC GIRASOL OLEICO REFINADO,ACEITE_OSL,TERMINAL_EMBARQUE,EGRESO,MovimientosPorContrato_20260629.xlsx,NO_TRUCKFLOW_MATCH
CTG_10133204927,WVF716,2026-06-29T13:14:00,2026-06-29T17:57:00,SOJA,VOLCABLE_PTO_3,TERMINAL_EMBARQUE,INGRESO,MovimientosPorContrato_20260629.xlsx,NO_TRUCKFLOW_MATCH
CTG_10233206123,AH730JI,2026-06-29T13:55:00,2026-06-29T17:58:00,SOJA,VOLCABLE_PTO_5,TERMINAL_EMBARQUE,INGRESO,MovimientosPorContrato_20260629.xlsx,NO_TRUCKFLOW_MATCH
CTG_10133208407,GEY681,2026-06-29T13:56:00,2026-06-29T17:59:00,SOJA,VOLCABLE_PTO_2,TERMINAL_EMBARQUE,INGRESO,MovimientosPorContrato_20260629.xlsx,NO_TRUCKFLOW_MATCH
CTG_10233207075,AE219QB,2026-06-29T14:00:00,2026-06-29T18:04:00,SOJA,VOLCABLE_PTO_5,TERMINAL_EMBARQUE,INGRESO,MovimientosPorContrato_20260629.xlsx,NO_TRUCKFLOW_MATCH
CTG_10233176630,CHF239,2026-06-29T04:18:00,2026-06-29T18:06:00,MAIZ,CELDA_171_-_CENTRO,AVELLANEDA,INGRESO,MovimientosPorContrato_20260629.xlsx,NO_TRUCKFLOW_MATCH
CTG_10233210116,LWL477,2026-06-29T13:59:00,2026-06-29T18:06:00,SOJA,VOLCABLE_PTO_3,TERMINAL_EMBARQUE,INGRESO,MovimientosPorContrato_20260629.xlsx,NO_TRUCKFLOW_MATCH
CTG_10133201545,AA668AB,2026-06-29T14:16:00,2026-06-29T18:08:00,SOJA,VOLCABLE_PTO_3,TERMINAL_EMBARQUE,INGRESO,MovimientosPorContrato_20260629.xlsx,NO_TRUCKFLOW_MATCH
CTG_10133208664,AI135JP,2026-06-29T14:01:00,2026-06-29T18:09:00,SOJA,VOLCABLE_PTO_2,TERMINAL_EMBARQUE,INGRESO,MovimientosPorContrato_20260629.xlsx,NO_TRUCKFLOW_MATCH
CTG_10133207442,UDS820,2026-06-29T14:17:00,2026-06-29T18:18:00,SOJA,VOLCABLE_PTO_3,TERMINAL_EMBARQUE,INGRESO,MovimientosPorContrato_20260629.xlsx,NO_TRUCKFLOW_MATCH
CTG_10133153166,AC877NL,2026-06-29T14:08:00,2026-06-29T18:19:00,SOJA,VOLCABLE_PTO_5,TERMINAL_EMBARQUE,INGRESO,MovimientosPorContrato_20260629.xlsx,NO_TRUCKFLOW_MATCH
CTG_10133185156,AI007FJ,2026-06-29T14:06:00,2026-06-29T18:20:00,SOJA,VOLCABLE_PTO_2,TERMINAL_EMBARQUE,INGRESO,MovimientosPorContrato_20260629.xlsx,NO_TRUCKFLOW_MATCH
COMPROB_000400418981,HAQ820,2026-06-29T13:54:00,2026-06-29T18:27:00,AC GIRASOL OLEICO REFINADO,ACEITE_OSL,TERMINAL_EMBARQUE,EGRESO,MovimientosPorContrato_20260629.xlsx,NO_TRUCKFLOW_MATCH
CTG_10133202087,EVQ156,2026-06-29T13:53:00,2026-06-29T18:28:00,GIRASOL,VOLCABLE_1,RICARDONE,INGRESO,MovimientosPorContrato_20260629.xlsx,NO_TRUCKFLOW_MATCH
CTG_10233206525,URB631,2026-06-29T14:27:00,2026-06-29T18:28:00,SOJA,VOLCABLE_PTO_3,TERMINAL_EMBARQUE,INGRESO,MovimientosPorContrato_20260629.xlsx,NO_TRUCKFLOW_MATCH
CTG_30033221147,SPI351,2026-06-29T16:39:00,2026-06-29T18:29:00,ACEITE GIRASOL PARA REFINAR,ACEITE_PTO,TERMINAL_EMBARQUE,INGRESO,MovimientosPorContrato_20260629.xlsx,NO_TRUCKFLOW_MATCH
CTG_10233212279,RFC915,2026-06-29T14:20:00,2026-06-29T18:31:00,SOJA,VOLCABLE_PTO_5,TERMINAL_EMBARQUE,INGRESO,MovimientosPorContrato_20260629.xlsx,NO_TRUCKFLOW_MATCH
COMPROB_000404033539,AF891YW,2026-06-29T16:36:00,2026-06-29T18:32:00,FUEL-OIL,,TERMINAL_EMBARQUE,INGRESO,MovimientosPorContrato_20260629.xlsx,NO_TRUCKFLOW_MATCH
CTG_10233214184,AB125FV,2026-06-29T14:28:00,2026-06-29T18:33:00,SOJA,VOLCABLE_PTO_5,TERMINAL_EMBARQUE,INGRESO,MovimientosPorContrato_20260629.xlsx,NO_TRUCKFLOW_MATCH
CTG_10233208043,DIU264,2026-06-29T14:17:00,2026-06-29T18:34:00,SOJA,VOLCABLE_PTO_2,TERMINAL_EMBARQUE,INGRESO,MovimientosPorContrato_20260629.xlsx,NO_TRUCKFLOW_MATCH
CTG_10233204872,AA461KW,2026-06-29T14:29:00,2026-06-29T18:35:00,SOJA,VOLCABLE_PTO_2,TERMINAL_EMBARQUE,INGRESO,MovimientosPorContrato_20260629.xlsx,NO_TRUCKFLOW_MATCH
COMPROB_000400418982,AB495QJ,2026-06-29T16:48:00,2026-06-29T18:36:00,HARINA DE SOJA ESPECIAL,ACEITE_OSL,TERMINAL_EMBARQUE,EGRESO,MovimientosPorContrato_20260629.xlsx,NO_TRUCKFLOW_MATCH
CTG_10133194701,AA483EY,2026-06-29T14:29:00,2026-06-29T18:39:00,SOJA,VOLCABLE_PTO_3,TERMINAL_EMBARQUE,INGRESO,MovimientosPorContrato_20260629.xlsx,NO_TRUCKFLOW_MATCH
CTG_10133198029,AG843VW,2026-06-29T14:47:00,2026-06-29T18:43:00,SOJA,VOLCABLE_PTO_5,TERMINAL_EMBARQUE,INGRESO,MovimientosPorContrato_20260629.xlsx,NO_TRUCKFLOW_MATCH
CTG_10133192306,AE075IA,2026-06-29T14:31:00,2026-06-29T18:44:00,SOJA,VOLCABLE_PTO_2,TERMINAL_EMBARQUE,INGRESO,MovimientosPorContrato_20260629.xlsx,NO_TRUCKFLOW_MATCH
CTG_10233207166,AH679IS,2026-06-29T14:14:00,2026-06-29T18:45:00,SOJA,VOLCABLE_PTO_2,TERMINAL_EMBARQUE,INGRESO,MovimientosPorContrato_20260629.xlsx,NO_TRUCKFLOW_MATCH
CTG_10233174391,AE742WA,2026-06-29T04:20:00,2026-06-29T18:46:00,MAIZ,CELDA_171_-_CENTRO,AVELLANEDA,INGRESO,MovimientosPorContrato_20260629.xlsx,NO_TRUCKFLOW_MATCH
COMPROB_000200319666,AE767RX,2026-06-29T18:05:00,2026-06-29T19:00:00,ALCOHOL ETILICO ANHIDRO P/ BIOCOMB ORIG CEREAL,T1002,AVELLANEDA,EGRESO,MovimientosPorContrato_20260629.xlsx,NO_TRUCKFLOW_MATCH
COMPROB_000301065002,CTA045,2026-06-29T07:25:00,2026-06-29T19:01:00,PRODUCTOS VARIOS,VARIOS,RICARDONE,EGRESO,MovimientosPorContrato_20260629.xlsx,NO_TRUCKFLOW_MATCH
CTG_10133167282,LOJ549,2026-06-29T04:27:00,2026-06-29T19:08:00,MAIZ,CELDA_171_-_CENTRO,AVELLANEDA,INGRESO,MovimientosPorContrato_20260629.xlsx,NO_TRUCKFLOW_MATCH
CTG_30033217087,AA463TD,2026-06-29T15:00:00,2026-06-29T19:16:00,ACEITE GIRASOL PARA REFINAR,ACEITE_PTO,TERMINAL_EMBARQUE,INGRESO,MovimientosPorContrato_20260629.xlsx,NO_TRUCKFLOW_MATCH
CTG_10133197890,AE345TV,2026-06-29T14:45:00,2026-06-29T19:19:00,SOJA,VOLCABLE_PTO_3,TERMINAL_EMBARQUE,INGRESO,MovimientosPorContrato_20260629.xlsx,NO_TRUCKFLOW_MATCH
CTG_10133203645,FAO880,2026-06-29T15:06:00,2026-06-29T19:21:00,SOJA,VOLCABLE_PTO_3,TERMINAL_EMBARQUE,INGRESO,MovimientosPorContrato_20260629.xlsx,NO_TRUCKFLOW_MATCH
COMPROB_000200430859,HGR250,2026-06-29T11:40:00,2026-06-29T19:22:00,CHIP EN ORIGEN,PLAYA_LEÑA_Y_CHIP,AVELLANEDA,INGRESO,MovimientosPorContrato_20260629.xlsx,NO_TRUCKFLOW_MATCH
COMPROB_000400418983,KAK194,2026-06-29T16:43:00,2026-06-29T19:25:00,ACEITE SOJA CRUDO DESGOMADO,,TERMINAL_EMBARQUE,EGRESO,MovimientosPorContrato_20260629.xlsx,NO_TRUCKFLOW_MATCH
CTG_10233214241,AH319KT,2026-06-29T14:28:00,2026-06-29T19:27:00,SOJA,VOLCABLE_PTO_5,TERMINAL_EMBARQUE,INGRESO,MovimientosPorContrato_20260629.xlsx,NO_TRUCKFLOW_MATCH
COMPROB_000400418984,AFR797,2026-06-29T16:45:00,2026-06-29T19:28:00,ACEITE SOJA CRUDO DESGOMADO,,TERMINAL_EMBARQUE,EGRESO,MovimientosPorContrato_20260629.xlsx,NO_TRUCKFLOW_MATCH
COMPROB_000200430860,GYB962,2026-06-29T15:23:00,2026-06-29T19:31:00,LEÑA CORTA SELECC,PLAYA_LEÑA_Y_CHIP,AVELLANEDA,INGRESO,MovimientosPorContrato_20260629.xlsx,NO_TRUCKFLOW_MATCH
COMPROB_000400418985,VZO116,2026-06-29T16:45:00,2026-06-29T19:33:00,ACEITE SOJA CRUDO DESGOMADO,,TERMINAL_EMBARQUE,EGRESO,MovimientosPorContrato_20260629.xlsx,NO_TRUCKFLOW_MATCH
CTG_10233209445,VZC984,2026-06-29T14:56:00,2026-06-29T19:35:00,SOJA,VOLCABLE_PTO_5,TERMINAL_EMBARQUE,INGRESO,MovimientosPorContrato_20260629.xlsx,NO_TRUCKFLOW_MATCH
CTG_10133167851,SII833,2026-06-29T04:28:00,2026-06-29T19:39:00,MAIZ,CELDA_171_-_CENTRO,AVELLANEDA,INGRESO,MovimientosPorContrato_20260629.xlsx,NO_TRUCKFLOW_MATCH
CTG_10133209569,RUF443,2026-06-29T14:22:00,2026-06-29T19:44:00,SOJA,VOLCABLE_PTO_2,TERMINAL_EMBARQUE,INGRESO,MovimientosPorContrato_20260629.xlsx,NO_TRUCKFLOW_MATCH
CTG_10133205323,AF667AW,2026-06-29T13:11:00,2026-06-29T19:45:00,SOJA,VOLCABLE_PTO_5,TERMINAL_EMBARQUE,INGRESO,MovimientosPorContrato_20260629.xlsx,NO_TRUCKFLOW_MATCH
CTG_10133208236,BBA914,2026-06-29T14:34:00,2026-06-29T19:47:00,SOJA,VOLCABLE_PTO_2,TERMINAL_EMBARQUE,INGRESO,MovimientosPorContrato_20260629.xlsx,NO_TRUCKFLOW_MATCH
CTG_10233193137,MOF325,2026-06-29T14:35:00,2026-06-29T19:48:00,SOJA,VOLCABLE_PTO_2,TERMINAL_EMBARQUE,INGRESO,MovimientosPorContrato_20260629.xlsx,NO_TRUCKFLOW_MATCH
COMPROB_000200430862,AE817TT,2026-06-29T18:40:00,2026-06-29T19:48:00,CHIP DE EUCALIPTUS,PLAYA_LEÑA_Y_CHIP,AVELLANEDA,INGRESO,MovimientosPorContrato_20260629.xlsx,NO_TRUCKFLOW_MATCH
COMPROB_000400418986,AE131BA,2026-06-29T15:43:00,2026-06-29T19:54:00,HARINA DE SOJA ESPECIAL,ACEITE_OSL,TERMINAL_EMBARQUE,EGRESO,MovimientosPorContrato_20260629.xlsx,NO_TRUCKFLOW_MATCH
CTG_30033222428,JPS813,2026-06-29T17:00:00,2026-06-29T19:55:00,ACEITE GIRASOL PARA REFINAR,ACEITE_PTO,TERMINAL_EMBARQUE,INGRESO,MovimientosPorContrato_20260629.xlsx,NO_TRUCKFLOW_MATCH
CTG_30033223416,ENA722,2026-06-29T17:28:00,2026-06-29T19:56:00,ACEITE GIRASOL PARA REFINAR,ACEITE_PTO,TERMINAL_EMBARQUE,INGRESO,MovimientosPorContrato_20260629.xlsx,NO_TRUCKFLOW_MATCH
CTG_10233210944,VOB279,2026-06-29T12:14:00,2026-06-29T19:57:00,SOJA,VOLCABLE_PTO_2,TERMINAL_EMBARQUE,INGRESO,MovimientosPorContrato_20260629.xlsx,NO_TRUCKFLOW_MATCH
CTG_10133167697,ADG986,2026-06-29T04:35:00,2026-06-29T19:59:00,MAIZ,CELDA_171_-_CENTRO,AVELLANEDA,INGRESO,MovimientosPorContrato_20260629.xlsx,NO_TRUCKFLOW_MATCH
CTG_10133210147,VBY787,2026-06-29T12:10:00,2026-06-29T20:03:00,SOJA,VOLCABLE_PTO_5,TERMINAL_EMBARQUE,INGRESO,MovimientosPorContrato_20260629.xlsx,NO_TRUCKFLOW_MATCH
CTG_10233207135,FPF463,2026-06-29T14:18:00,2026-06-29T20:04:00,SOJA,VOLCABLE_PTO_5,TERMINAL_EMBARQUE,INGRESO,MovimientosPorContrato_20260629.xlsx,NO_TRUCKFLOW_MATCH
CTG_10133190889,KRX501,2026-06-29T11:30:00,2026-06-29T20:06:00,SOJA,VOLCABLE_PTO_5,TERMINAL_EMBARQUE,INGRESO,MovimientosPorContrato_20260629.xlsx,NO_TRUCKFLOW_MATCH
CTG_10233208892,EQK630,2026-06-29T12:59:00,2026-06-29T20:09:00,SOJA,VOLCABLE_PTO_5,TERMINAL_EMBARQUE,INGRESO,MovimientosPorContrato_20260629.xlsx,NO_TRUCKFLOW_MATCH
CTG_10133206313,RHZ972,2026-06-29T14:12:00,2026-06-29T20:12:00,SOJA,VOLCABLE_PTO_2,TERMINAL_EMBARQUE,INGRESO,MovimientosPorContrato_20260629.xlsx,NO_TRUCKFLOW_MATCH
CTG_10233210884,RPZ139,2026-06-29T12:15:00,2026-06-29T20:15:00,SOJA,VOLCABLE_PTO_2,TERMINAL_EMBARQUE,INGRESO,MovimientosPorContrato_20260629.xlsx,NO_TRUCKFLOW_MATCH
CTG_10133190447,CAJ675,2026-06-29T12:17:00,2026-06-29T20:18:00,SOJA,VOLCABLE_PTO_5,TERMINAL_EMBARQUE,INGRESO,MovimientosPorContrato_20260629.xlsx,NO_TRUCKFLOW_MATCH
CTG_10133208311,LTI280,2026-06-29T15:23:00,2026-06-29T20:21:00,SOJA,VOLCABLE_PTO_2,TERMINAL_EMBARQUE,INGRESO,MovimientosPorContrato_20260629.xlsx,NO_TRUCKFLOW_MATCH
COMPROB_000400418987,EAO104,2026-06-29T07:21:00,2026-06-29T20:23:00,ACEITE GIRASOL REFINADO,ACEITE_OSL,TERMINAL_EMBARQUE,EGRESO,MovimientosPorContrato_20260629.xlsx,NO_TRUCKFLOW_MATCH
COMPROB_000404033567,EAO104,2026-06-29T20:23:00,2026-06-29T20:23:00,ACEITE GIRASOL REFINADO,,TERMINAL_EMBARQUE,INGRESO,MovimientosPorContrato_20260629.xlsx,NO_TRUCKFLOW_MATCH
CTG_10133208088,AE689DG,2026-06-29T15:29:00,2026-06-29T20:24:00,SOJA,VOLCABLE_PTO_2,TERMINAL_EMBARQUE,INGRESO,MovimientosPorContrato_20260629.xlsx,NO_TRUCKFLOW_MATCH
CTG_10133189297,AB312ST,2026-06-29T14:36:00,2026-06-29T20:26:00,SOJA,VOLCABLE_PTO_5,TERMINAL_EMBARQUE,INGRESO,MovimientosPorContrato_20260629.xlsx,NO_TRUCKFLOW_MATCH
COMPROB_000404033570,AH907TC,2026-06-29T17:04:00,2026-06-29T20:27:00,FUEL-OIL,,TERMINAL_EMBARQUE,INGRESO,MovimientosPorContrato_20260629.xlsx,NO_TRUCKFLOW_MATCH
CTG_30033226517,FAF492,2026-06-29T18:11:00,2026-06-29T20:33:00,ACEITE GIRASOL PARA REFINAR,ACEITE_PTO,TERMINAL_EMBARQUE,INGRESO,MovimientosPorContrato_20260629.xlsx,NO_TRUCKFLOW_MATCH
CTG_10233209393,JRE457,2026-06-29T15:39:00,2026-06-29T20:35:00,SOJA,VOLCABLE_PTO_2,TERMINAL_EMBARQUE,INGRESO,MovimientosPorContrato_20260629.xlsx,NO_TRUCKFLOW_MATCH
CTG_10133198061,AA745JF,2026-06-29T15:19:00,2026-06-29T20:36:00,SOJA,VOLCABLE_PTO_5,TERMINAL_EMBARQUE,INGRESO,MovimientosPorContrato_20260629.xlsx,NO_TRUCKFLOW_MATCH
CTG_30033226835,JUP399,2026-06-29T18:19:00,2026-06-29T20:39:00,ACEITE GIRASOL PARA REFINAR,ACEITE_PTO,TERMINAL_EMBARQUE,INGRESO,MovimientosPorContrato_20260629.xlsx,NO_TRUCKFLOW_MATCH
COMPROB_000400418988,MWH059,2026-06-29T07:30:00,2026-06-29T20:40:00,ACEITE GIRASOL REFINADO,ACEITE_OSL,TERMINAL_EMBARQUE,EGRESO,MovimientosPorContrato_20260629.xlsx,NO_TRUCKFLOW_MATCH
COMPROB_000404033575,MWH059,2026-06-29T20:40:00,2026-06-29T20:40:00,ACEITE GIRASOL REFINADO,,TERMINAL_EMBARQUE,INGRESO,MovimientosPorContrato_20260629.xlsx,NO_TRUCKFLOW_MATCH
CTG_10133177503,AE793NM,2026-06-29T04:39:00,2026-06-29T20:40:00,MAIZ,CELDA_171_-_CENTRO,AVELLANEDA,INGRESO,MovimientosPorContrato_20260629.xlsx,NO_TRUCKFLOW_MATCH
CTG_10233197454,AE027UB,2026-06-29T12:32:00,2026-06-29T20:45:00,SOJA,VOLCABLE_PTO_2,TERMINAL_EMBARQUE,INGRESO,MovimientosPorContrato_20260629.xlsx,NO_TRUCKFLOW_MATCH
CTG_10133187604,LVP919,2026-06-29T15:39:00,2026-06-29T20:46:00,SOJA,VOLCABLE_PTO_2,TERMINAL_EMBARQUE,INGRESO,MovimientosPorContrato_20260629.xlsx,NO_TRUCKFLOW_MATCH
CTG_10233210912,SIK433,2026-06-29T12:17:00,2026-06-29T20:48:00,SOJA,VOLCABLE_PTO_5,TERMINAL_EMBARQUE,INGRESO,MovimientosPorContrato_20260629.xlsx,NO_TRUCKFLOW_MATCH
CTG_10133189048,AH656RW,2026-06-29T15:33:00,2026-06-29T20:57:00,SOJA,VOLCABLE_PTO_2,TERMINAL_EMBARQUE,INGRESO,MovimientosPorContrato_20260629.xlsx,NO_TRUCKFLOW_MATCH
CTG_10233210126,AB369WR,2026-06-29T13:01:00,2026-06-29T20:58:00,SOJA,VOLCABLE_PTO_5,TERMINAL_EMBARQUE,INGRESO,MovimientosPorContrato_20260629.xlsx,NO_TRUCKFLOW_MATCH
COMPROB_000400418989,DQQ926,2026-06-29T10:54:00,2026-06-29T21:02:00,ACEITE GIRASOL REFINADO,ACEITE_OSL,TERMINAL_EMBARQUE,EGRESO,MovimientosPorContrato_20260629.xlsx,NO_TRUCKFLOW_MATCH
COMPROB_000404033581,DQQ926,2026-06-29T21:02:00,2026-06-29T21:02:00,ACEITE GIRASOL REFINADO,,TERMINAL_EMBARQUE,INGRESO,MovimientosPorContrato_20260629.xlsx,NO_TRUCKFLOW_MATCH
CTG_10233205324,OIH490,2026-06-29T15:34:00,2026-06-29T21:06:00,SOJA,VOLCABLE_PTO_2,TERMINAL_EMBARQUE,INGRESO,MovimientosPorContrato_20260629.xlsx,NO_TRUCKFLOW_MATCH
COMPROB_000404033583,AH907TE,2026-06-29T17:48:00,2026-06-29T21:07:00,FUEL-OIL,,TERMINAL_EMBARQUE,INGRESO,MovimientosPorContrato_20260629.xlsx,NO_TRUCKFLOW_MATCH
CTG_10233213312,HME741,2026-06-29T15:07:00,2026-06-29T21:08:00,SOJA,VOLCABLE_PTO_5,TERMINAL_EMBARQUE,INGRESO,MovimientosPorContrato_20260629.xlsx,NO_TRUCKFLOW_MATCH
CTG_10233212032,LGU321,2026-06-29T15:54:00,2026-06-29T21:09:00,SOJA,VOLCABLE_PTO_2,TERMINAL_EMBARQUE,INGRESO,MovimientosPorContrato_20260629.xlsx,NO_TRUCKFLOW_MATCH
CTG_10233210243,AI083JC,2026-06-29T15:41:00,2026-06-29T21:12:00,SOJA,VOLCABLE_PTO_5,TERMINAL_EMBARQUE,INGRESO,MovimientosPorContrato_20260629.xlsx,NO_TRUCKFLOW_MATCH
CTG_10233208248,EKH246,2026-06-29T16:01:00,2026-06-29T21:15:00,SOJA,VOLCABLE_PTO_2,TERMINAL_EMBARQUE,INGRESO,MovimientosPorContrato_20260629.xlsx,NO_TRUCKFLOW_MATCH
CTG_10133191520,AC871CO,2026-06-29T09:00:00,2026-06-29T21:18:00,MAIZ,CELDA_171_-_CENTRO,AVELLANEDA,INGRESO,MovimientosPorContrato_20260629.xlsx,NO_TRUCKFLOW_MATCH
CTG_10133185291,AB816AM,2026-06-29T14:48:00,2026-06-29T21:20:00,SOJA,VOLCABLE_PTO_2,TERMINAL_EMBARQUE,INGRESO,MovimientosPorContrato_20260629.xlsx,NO_TRUCKFLOW_MATCH
CTG_10233213976,AH314QJ,2026-06-29T16:13:00,2026-06-29T21:21:00,SOJA,VOLCABLE_PTO_5,TERMINAL_EMBARQUE,INGRESO,MovimientosPorContrato_20260629.xlsx,NO_TRUCKFLOW_MATCH
COMPROB_000400418990,LGZ704,2026-06-29T10:03:00,2026-06-29T21:23:00,ACEITE GIRASOL REFINADO,ACEITE_OSL,TERMINAL_EMBARQUE,EGRESO,MovimientosPorContrato_20260629.xlsx,NO_TRUCKFLOW_MATCH
COMPROB_000404033590,LGZ704,2026-06-29T21:23:00,2026-06-29T21:23:00,ACEITE GIRASOL REFINADO,,TERMINAL_EMBARQUE,INGRESO,MovimientosPorContrato_20260629.xlsx,NO_TRUCKFLOW_MATCH
CTG_30033230469,AKJ611,2026-06-29T19:34:00,2026-06-29T21:24:00,ACEITE GIRASOL PARA REFINAR,ACEITE_PTO,TERMINAL_EMBARQUE,INGRESO,MovimientosPorContrato_20260629.xlsx,NO_TRUCKFLOW_MATCH
CTG_30033229831,UUU110,2026-06-29T19:17:00,2026-06-29T21:30:00,ACEITE GIRASOL PARA REFINAR,ACEITE_PTO,TERMINAL_EMBARQUE,INGRESO,MovimientosPorContrato_20260629.xlsx,NO_TRUCKFLOW_MATCH
CTG_10233212411,AB178UY,2026-06-29T16:18:00,2026-06-29T21:32:00,SOJA,VOLCABLE_PTO_2,TERMINAL_EMBARQUE,INGRESO,MovimientosPorContrato_20260629.xlsx,NO_TRUCKFLOW_MATCH
CTG_10133180953,AB058QV,2026-06-29T16:23:00,2026-06-29T21:38:00,SOJA,VOLCABLE_PTO_2,TERMINAL_EMBARQUE,INGRESO,MovimientosPorContrato_20260629.xlsx,NO_TRUCKFLOW_MATCH
CTG_10233212207,KQF579,2026-06-29T16:11:00,2026-06-29T21:40:00,SOJA,VOLCABLE_PTO_5,TERMINAL_EMBARQUE,INGRESO,MovimientosPorContrato_20260629.xlsx,NO_TRUCKFLOW_MATCH
CTG_10133222020,NJK414,2026-06-29T16:29:00,2026-06-29T21:50:00,SOJA,VOLCABLE_PTO_2,TERMINAL_EMBARQUE,INGRESO,MovimientosPorContrato_20260629.xlsx,NO_TRUCKFLOW_MATCH
CTG_10133211190,AD685JX,2026-06-29T16:38:00,2026-06-29T21:52:00,SOJA,VOLCABLE_PTO_2,TERMINAL_EMBARQUE,INGRESO,MovimientosPorContrato_20260629.xlsx,NO_TRUCKFLOW_MATCH
CTG_10133207592,EIC607,2026-06-29T16:18:00,2026-06-29T21:53:00,SOJA,VOLCABLE_PTO_5,TERMINAL_EMBARQUE,INGRESO,MovimientosPorContrato_20260629.xlsx,NO_TRUCKFLOW_MATCH
COMPROB_000200430866,HHQ888,2026-06-29T14:25:00,2026-06-29T21:55:00,CHIP DE EUCALIPTUS,PLAYA_LEÑA_Y_CHIP,AVELLANEDA,INGRESO,MovimientosPorContrato_20260629.xlsx,NO_TRUCKFLOW_MATCH
CTG_10233165386,MIK238,2026-06-29T10:36:00,2026-06-29T21:58:00,MAIZ,CELDA_171_-_CENTRO,AVELLANEDA,INGRESO,MovimientosPorContrato_20260629.xlsx,NO_TRUCKFLOW_MATCH
CTG_10233211932,GIA643,2026-06-29T16:17:00,2026-06-29T22:04:00,SOJA,VOLCABLE_PTO_5,TERMINAL_EMBARQUE,INGRESO,MovimientosPorContrato_20260629.xlsx,NO_TRUCKFLOW_MATCH
CTG_10133196356,OVL175,2026-06-29T03:07:00,2026-06-29T22:05:00,SOJA,VOLCABLE_PTO_5,TERMINAL_EMBARQUE,INGRESO,MovimientosPorContrato_20260629.xlsx,NO_TRUCKFLOW_MATCH
COMPROB_000404033601,AG849JN,2026-06-29T17:50:00,2026-06-29T22:06:00,FUEL-OIL,,TERMINAL_EMBARQUE,INGRESO,MovimientosPorContrato_20260629.xlsx,NO_TRUCKFLOW_MATCH
COMPROB_000400418991,OVT999,2026-06-29T20:36:00,2026-06-29T22:07:00,ACEITE GIRASOL REFINADO,ACEITE_OSL,TERMINAL_EMBARQUE,EGRESO,MovimientosPorContrato_20260629.xlsx,NO_TRUCKFLOW_MATCH
CTG_10133187273,AG700LA,2026-06-29T05:02:00,2026-06-29T22:09:00,SOJA,VOLCABLE_PTO_5,TERMINAL_EMBARQUE,INGRESO,MovimientosPorContrato_20260629.xlsx,NO_TRUCKFLOW_MATCH
CTG_10133214851,EMW319,2026-06-29T16:40:00,2026-06-29T22:10:00,SOJA,VOLCABLE_PTO_2,TERMINAL_EMBARQUE,INGRESO,MovimientosPorContrato_20260629.xlsx,NO_TRUCKFLOW_MATCH
CTG_30033230974,AJV928,2026-06-29T19:45:00,2026-06-29T22:11:00,ACEITE GIRASOL PARA REFINAR,ACEITE_PTO,TERMINAL_EMBARQUE,INGRESO,MovimientosPorContrato_20260629.xlsx,NO_TRUCKFLOW_MATCH
CTG_30033231489,EXR046,2026-06-29T20:14:00,2026-06-29T22:11:00,ACEITE GIRASOL PARA REFINAR,ACEITE_PTO,TERMINAL_EMBARQUE,INGRESO,MovimientosPorContrato_20260629.xlsx,NO_TRUCKFLOW_MATCH
CTG_10233220209,ODO450,2026-06-29T16:38:00,2026-06-29T22:12:00,SOJA,VOLCABLE_PTO_2,TERMINAL_EMBARQUE,INGRESO,MovimientosPorContrato_20260629.xlsx,NO_TRUCKFLOW_MATCH
COMPROB_000400418992,EGV380,2026-06-29T21:57:00,2026-06-29T22:13:00,PRODUCTOS VARIOS,,TERMINAL_EMBARQUE,EGRESO,MovimientosPorContrato_20260629.xlsx,NO_TRUCKFLOW_MATCH
CTG_10233218874,AA579ZR,2026-06-29T17:06:00,2026-06-29T22:14:00,SOJA,VOLCABLE_PTO_3,TERMINAL_EMBARQUE,INGRESO,MovimientosPorContrato_20260629.xlsx,NO_TRUCKFLOW_MATCH
CTG_10233210166,AB103KM,2026-06-29T16:58:00,2026-06-29T22:15:00,SOJA,VOLCABLE_PTO_2,TERMINAL_EMBARQUE,INGRESO,MovimientosPorContrato_20260629.xlsx,NO_TRUCKFLOW_MATCH
COMPROB_000200430868,IAD431,2026-06-29T20:26:00,2026-06-29T22:16:00,LEÑA CORTA SELECC,PLAYA_LEÑA_Y_CHIP,AVELLANEDA,INGRESO,MovimientosPorContrato_20260629.xlsx,NO_TRUCKFLOW_MATCH
CTG_10133209287,KIC716,2026-06-29T17:07:00,2026-06-29T22:16:00,SOJA,VOLCABLE_PTO_2,TERMINAL_EMBARQUE,INGRESO,MovimientosPorContrato_20260629.xlsx,NO_TRUCKFLOW_MATCH
CTG_10133189439,FJC556,2026-06-29T17:20:00,2026-06-29T22:18:00,SOJA,VOLCABLE_PTO_3,TERMINAL_EMBARQUE,INGRESO,MovimientosPorContrato_20260629.xlsx,NO_TRUCKFLOW_MATCH
CTG_10233165276,JOR254,2026-06-29T10:35:00,2026-06-29T22:20:00,MAIZ,CELDA_171_-_CENTRO,AVELLANEDA,INGRESO,MovimientosPorContrato_20260629.xlsx,NO_TRUCKFLOW_MATCH
CTG_10133195717,AC477AN,2026-06-29T07:01:00,2026-06-29T22:25:00,SOJA,VOLCABLE_PTO_5,TERMINAL_EMBARQUE,INGRESO,MovimientosPorContrato_20260629.xlsx,NO_TRUCKFLOW_MATCH
COMPROB_000400418993,LPE712,2026-06-29T20:36:00,2026-06-29T22:27:00,ACEITE GIRASOL REFINADO,ACEITE_OSL,TERMINAL_EMBARQUE,EGRESO,MovimientosPorContrato_20260629.xlsx,NO_TRUCKFLOW_MATCH
COMPROB_000200430870,AG588XJ,2026-06-29T21:37:00,2026-06-29T22:28:00,CHIP DE EUCALIPTUS,PLAYA_LEÑA_Y_CHIP,AVELLANEDA,INGRESO,MovimientosPorContrato_20260629.xlsx,NO_TRUCKFLOW_MATCH
CTG_10233205933,DFB688,2026-06-29T17:23:00,2026-06-29T22:29:00,SOJA,VOLCABLE_PTO_3,TERMINAL_EMBARQUE,INGRESO,MovimientosPorContrato_20260629.xlsx,NO_TRUCKFLOW_MATCH
CTG_10233213042,AE656DF,2026-06-29T17:26:00,2026-06-29T22:31:00,SOJA,VOLCABLE_PTO_2,TERMINAL_EMBARQUE,INGRESO,MovimientosPorContrato_20260629.xlsx,NO_TRUCKFLOW_MATCH
CTG_10233212780,JRE002,2026-06-29T17:52:00,2026-06-29T22:33:00,SOJA,VOLCABLE_PTO_3,TERMINAL_EMBARQUE,INGRESO,MovimientosPorContrato_20260629.xlsx,NO_TRUCKFLOW_MATCH
CTG_10133225114,MZA657,2026-06-29T17:33:00,2026-06-29T22:45:00,SOJA,VOLCABLE_PTO_2,TERMINAL_EMBARQUE,INGRESO,MovimientosPorContrato_20260629.xlsx,NO_TRUCKFLOW_MATCH
CTG_10133195588,AI112IM,2026-06-29T11:25:00,2026-06-29T22:48:00,MAIZ,CELDA_171_-_CENTRO,AVELLANEDA,INGRESO,MovimientosPorContrato_20260629.xlsx,NO_TRUCKFLOW_MATCH
CTG_10133208111,AF851EJ,2026-06-29T17:53:00,2026-06-29T22:49:00,SOJA,VOLCABLE_PTO_3,TERMINAL_EMBARQUE,INGRESO,MovimientosPorContrato_20260629.xlsx,NO_TRUCKFLOW_MATCH
CTG_10233180817,KPG455,2026-06-29T18:00:00,2026-06-29T22:51:00,SOJA,VOLCABLE_PTO_2,TERMINAL_EMBARQUE,INGRESO,MovimientosPorContrato_20260629.xlsx,NO_TRUCKFLOW_MATCH
CTG_10133215221,FDT583,2026-06-29T17:45:00,2026-06-29T22:52:00,SOJA,VOLCABLE_PTO_2,TERMINAL_EMBARQUE,INGRESO,MovimientosPorContrato_20260629.xlsx,NO_TRUCKFLOW_MATCH
CTG_10233212927,NYY923,2026-06-29T17:52:00,2026-06-29T22:54:00,SOJA,VOLCABLE_PTO_3,TERMINAL_EMBARQUE,INGRESO,MovimientosPorContrato_20260629.xlsx,NO_TRUCKFLOW_MATCH
CTG_10233214091,AE020TJ,2026-06-29T18:01:00,2026-06-29T23:01:00,SOJA,VOLCABLE_PTO_2,TERMINAL_EMBARQUE,INGRESO,MovimientosPorContrato_20260629.xlsx,NO_TRUCKFLOW_MATCH
CTG_10133197208,BIY823,2026-06-29T09:01:00,2026-06-29T23:03:00,SOJA,VOLCABLE_PTO_5,TERMINAL_EMBARQUE,INGRESO,MovimientosPorContrato_20260629.xlsx,NO_TRUCKFLOW_MATCH
CTG_10133207261,HUG433,2026-06-29T18:28:00,2026-06-29T23:07:00,SOJA,VOLCABLE_PTO_2,TERMINAL_EMBARQUE,INGRESO,MovimientosPorContrato_20260629.xlsx,NO_TRUCKFLOW_MATCH
CTG_10133201185,AC646PN,2026-06-29T09:57:00,2026-06-29T23:09:00,SOJA,VOLCABLE_PTO_5,TERMINAL_EMBARQUE,INGRESO,MovimientosPorContrato_20260629.xlsx,NO_TRUCKFLOW_MATCH
CTG_10233211366,AG457GV,2026-06-29T17:54:00,2026-06-29T23:18:00,SOJA,VOLCABLE_PTO_3,TERMINAL_EMBARQUE,INGRESO,MovimientosPorContrato_20260629.xlsx,NO_TRUCKFLOW_MATCH
CTG_10233209030,SUQ158,2026-06-29T18:36:00,2026-06-29T23:19:00,SOJA,VOLCABLE_PTO_2,TERMINAL_EMBARQUE,INGRESO,MovimientosPorContrato_20260629.xlsx,NO_TRUCKFLOW_MATCH
CTG_10133195552,AE398PP,2026-06-29T11:27:00,2026-06-29T23:20:00,MAIZ,CELDA_171_-_CENTRO,AVELLANEDA,INGRESO,MovimientosPorContrato_20260629.xlsx,NO_TRUCKFLOW_MATCH
CTG_10233198898,NFB073,2026-06-29T11:36:00,2026-06-29T23:20:00,SOJA,VOLCABLE_PTO_5,TERMINAL_EMBARQUE,INGRESO,MovimientosPorContrato_20260629.xlsx,NO_TRUCKFLOW_MATCH
CTG_10233218699,AF278YW,2026-06-29T18:46:00,2026-06-29T23:27:00,SOJA,VOLCABLE_PTO_2,TERMINAL_EMBARQUE,INGRESO,MovimientosPorContrato_20260629.xlsx,NO_TRUCKFLOW_MATCH
CTG_10233213609,AB890QY,2026-06-29T13:16:00,2026-06-29T23:30:00,SOJA,VOLCABLE_PTO_3,TERMINAL_EMBARQUE,INGRESO,MovimientosPorContrato_20260629.xlsx,NO_TRUCKFLOW_MATCH
CTG_10133201174,PEO920,2026-06-29T13:04:00,2026-06-29T23:32:00,SOJA,VOLCABLE_PTO_5,TERMINAL_EMBARQUE,INGRESO,MovimientosPorContrato_20260629.xlsx,NO_TRUCKFLOW_MATCH
CTG_10233208481,AAZ836,2026-06-29T19:10:00,2026-06-29T23:35:00,SOJA,VOLCABLE_PTO_2,TERMINAL_EMBARQUE,INGRESO,MovimientosPorContrato_20260629.xlsx,NO_TRUCKFLOW_MATCH
CTG_10233207568,KCT810,2026-06-29T14:04:00,2026-06-29T23:38:00,SOJA,VOLCABLE_PTO_5,TERMINAL_EMBARQUE,INGRESO,MovimientosPorContrato_20260629.xlsx,NO_TRUCKFLOW_MATCH
CTG_10233218840,RUO597,2026-06-29T19:09:00,2026-06-29T23:42:00,SOJA,VOLCABLE_PTO_2,TERMINAL_EMBARQUE,INGRESO,MovimientosPorContrato_20260629.xlsx,NO_TRUCKFLOW_MATCH
CTG_10233219523,OXU682,2026-06-29T18:45:00,2026-06-29T23:42:00,SOJA,VOLCABLE_PTO_3,TERMINAL_EMBARQUE,INGRESO,MovimientosPorContrato_20260629.xlsx,NO_TRUCKFLOW_MATCH
CTG_10233210578,KHK572,2026-06-29T19:11:00,2026-06-29T23:46:00,SOJA,VOLCABLE_PTO_3,TERMINAL_EMBARQUE,INGRESO,MovimientosPorContrato_20260629.xlsx,NO_TRUCKFLOW_MATCH
CTG_10233208468,LOT850,2026-06-29T19:15:00,2026-06-29T23:48:00,SOJA,VOLCABLE_PTO_2,TERMINAL_EMBARQUE,INGRESO,MovimientosPorContrato_20260629.xlsx,NO_TRUCKFLOW_MATCH
CTG_10133203866,JNF941,2026-06-29T14:01:00,2026-06-29T23:50:00,SOJA,VOLCABLE_PTO_5,TERMINAL_EMBARQUE,INGRESO,MovimientosPorContrato_20260629.xlsx,NO_TRUCKFLOW_MATCH
CTG_10233212059,GZG304,2026-06-29T12:04:00,2026-06-29T23:53:00,MAIZ,CELDA_171_-_CENTRO,AVELLANEDA,INGRESO,MovimientosPorContrato_20260629.xlsx,NO_TRUCKFLOW_MATCH
CTG_10233206728,AD863EM,2026-06-29T19:24:00,2026-06-29T23:55:00,SOJA,VOLCABLE_PTO_2,TERMINAL_EMBARQUE,INGRESO,MovimientosPorContrato_20260629.xlsx,NO_TRUCKFLOW_MATCH
CTG_10233224516,DZS442,2026-06-29T19:26:00,2026-06-30T00:06:00,SOJA,VOLCABLE_PTO_3,TERMINAL_EMBARQUE,INGRESO,MovimientosPorContrato_20260630.xlsx,NO_TRUCKFLOW_MATCH
CTG_10133200795,AF334KE,2026-06-29T19:31:00,2026-06-30T00:07:00,SOJA,VOLCABLE_PTO_2,TERMINAL_EMBARQUE,INGRESO,MovimientosPorContrato_20260630.xlsx,NO_TRUCKFLOW_MATCH
CTG_10233210805,RTB165,2026-06-29T17:27:00,2026-06-30T00:10:00,SOJA,VOLCABLE_PTO_3,TERMINAL_EMBARQUE,INGRESO,MovimientosPorContrato_20260630.xlsx,NO_TRUCKFLOW_MATCH
CTG_10133209333,JVP489,2026-06-29T12:58:00,2026-06-30T00:16:00,SOJA,VOLCABLE_PTO_5,TERMINAL_EMBARQUE,INGRESO,MovimientosPorContrato_20260630.xlsx,NO_TRUCKFLOW_MATCH
CTG_10133206837,HQJ944,2026-06-29T17:14:00,2026-06-30T00:18:00,SOJA,VOLCABLE_PTO_3,TERMINAL_EMBARQUE,INGRESO,MovimientosPorContrato_20260630.xlsx,NO_TRUCKFLOW_MATCH
CTG_10133207070,LOW017,2026-06-29T17:25:00,2026-06-30T00:19:00,SOJA,VOLCABLE_PTO_2,TERMINAL_EMBARQUE,INGRESO,MovimientosPorContrato_20260630.xlsx,NO_TRUCKFLOW_MATCH
COMPROB_000400418994,OIG256,2026-06-29T22:00:00,2026-06-30T00:20:00,BORRA ACEITE GIRASOL REFINADO,ACEITE_OSL,TERMINAL_EMBARQUE,EGRESO,MovimientosPorContrato_20260630.xlsx,NO_TRUCKFLOW_MATCH
CTG_10233208599,AC268JB,2026-06-29T15:42:00,2026-06-30T00:22:00,SOJA,VOLCABLE_PTO_2,TERMINAL_EMBARQUE,INGRESO,MovimientosPorContrato_20260630.xlsx,NO_TRUCKFLOW_MATCH
CTG_10233215770,AE405FP,2026-06-29T17:36:00,2026-06-30T00:24:00,SOJA,VOLCABLE_PTO_3,TERMINAL_EMBARQUE,INGRESO,MovimientosPorContrato_20260630.xlsx,NO_TRUCKFLOW_MATCH
CTG_10133219956,AE393VG,2026-06-29T17:40:00,2026-06-30T00:25:00,SOJA,VOLCABLE_PTO_2,TERMINAL_EMBARQUE,INGRESO,MovimientosPorContrato_20260630.xlsx,NO_TRUCKFLOW_MATCH
CTG_10233195331,RKO441,2026-06-29T12:18:00,2026-06-30T00:26:00,SOJA,VOLCABLE_PTO_5,TERMINAL_EMBARQUE,INGRESO,MovimientosPorContrato_20260630.xlsx,NO_TRUCKFLOW_MATCH
CTG_10133209066,FJF767,2026-06-29T17:50:00,2026-06-30T00:29:00,SOJA,VOLCABLE_PTO_2,TERMINAL_EMBARQUE,INGRESO,MovimientosPorContrato_20260630.xlsx,NO_TRUCKFLOW_MATCH
CTG_10133208916,FAY883,2026-06-29T15:23:00,2026-06-30T00:31:00,SOJA,VOLCABLE_PTO_5,TERMINAL_EMBARQUE,INGRESO,MovimientosPorContrato_20260630.xlsx,NO_TRUCKFLOW_MATCH
CTG_10133194605,AF367ZH,2026-06-29T18:44:00,2026-06-30T00:32:00,SOJA,VOLCABLE_PTO_2,TERMINAL_EMBARQUE,INGRESO,MovimientosPorContrato_20260630.xlsx,NO_TRUCKFLOW_MATCH
CTG_10233211336,RZQ774,2026-06-29T18:35:00,2026-06-30T00:35:00,SOJA,VOLCABLE_PTO_3,TERMINAL_EMBARQUE,INGRESO,MovimientosPorContrato_20260630.xlsx,NO_TRUCKFLOW_MATCH
CTG_10233228798,GAS911,2026-06-29T19:07:00,2026-06-30T00:36:00,GIRASOL,VOLCABLE_1,RICARDONE,INGRESO,MovimientosPorContrato_20260630.xlsx,NO_TRUCKFLOW_MATCH
CTG_10133210033,AI002ZK,2026-06-29T15:24:00,2026-06-30T00:37:00,SOJA,VOLCABLE_PTO_5,TERMINAL_EMBARQUE,INGRESO,MovimientosPorContrato_20260630.xlsx,NO_TRUCKFLOW_MATCH
CTG_10233211991,CAC625,2026-06-29T19:50:00,2026-06-30T00:44:00,SOJA,VOLCABLE_PTO_2,TERMINAL_EMBARQUE,INGRESO,MovimientosPorContrato_20260630.xlsx,NO_TRUCKFLOW_MATCH
CTG_10133212562,GKA328,2026-06-29T19:06:00,2026-06-30T00:45:00,SOJA,VOLCABLE_PTO_3,TERMINAL_EMBARQUE,INGRESO,MovimientosPorContrato_20260630.xlsx,NO_TRUCKFLOW_MATCH
CTG_10133204471,AA991YQ,2026-06-29T18:04:00,2026-06-30T00:47:00,SOJA,VOLCABLE_PTO_3,TERMINAL_EMBARQUE,INGRESO,MovimientosPorContrato_20260630.xlsx,NO_TRUCKFLOW_MATCH
CTG_10133216879,AA511CC,2026-06-29T19:53:00,2026-06-30T00:48:00,SOJA,VOLCABLE_PTO_5,TERMINAL_EMBARQUE,INGRESO,MovimientosPorContrato_20260630.xlsx,NO_TRUCKFLOW_MATCH
CTG_10133201777,KJZ739,2026-06-29T20:25:00,2026-06-30T00:49:00,SOJA,VOLCABLE_PTO_3,TERMINAL_EMBARQUE,INGRESO,MovimientosPorContrato_20260630.xlsx,NO_TRUCKFLOW_MATCH
CTG_10233198002,AB483FX,2026-06-29T20:21:00,2026-06-30T00:55:00,SOJA,VOLCABLE_PTO_3,TERMINAL_EMBARQUE,INGRESO,MovimientosPorContrato_20260630.xlsx,NO_TRUCKFLOW_MATCH
CTG_10233211546,BAZ896,2026-06-29T20:13:00,2026-06-30T00:56:00,SOJA,VOLCABLE_PTO_5,TERMINAL_EMBARQUE,INGRESO,MovimientosPorContrato_20260630.xlsx,NO_TRUCKFLOW_MATCH
CTG_10133205313,RGR915,2026-06-29T20:05:00,2026-06-30T00:58:00,SOJA,VOLCABLE_PTO_2,TERMINAL_EMBARQUE,INGRESO,MovimientosPorContrato_20260630.xlsx,NO_TRUCKFLOW_MATCH
CTG_10233229018,RJS888,2026-06-29T22:19:00,2026-06-30T01:09:00,GIRASOL,VOLCABLE_1,RICARDONE,INGRESO,MovimientosPorContrato_20260630.xlsx,NO_TRUCKFLOW_MATCH
COMPROB_000200430874,KIS828,2026-06-29T21:03:00,2026-06-30T01:23:00,CHIP DE EUCALIPTUS,PLAYA_LEÑA_Y_CHIP,AVELLANEDA,INGRESO,MovimientosPorContrato_20260630.xlsx,NO_TRUCKFLOW_MATCH
CTG_10233230586,AG047CK,2026-06-29T20:08:00,2026-06-30T01:27:00,SOJA,VOLCABLE_PTO_5,TERMINAL_EMBARQUE,INGRESO,MovimientosPorContrato_20260630.xlsx,NO_TRUCKFLOW_MATCH
CTG_10233204173,AF238RH,2026-06-29T17:22:00,2026-06-30T01:28:00,SOJA,VOLCABLE_PTO_5,TERMINAL_EMBARQUE,INGRESO,MovimientosPorContrato_20260630.xlsx,NO_TRUCKFLOW_MATCH
CTG_10233200207,AC177GM,2026-06-29T20:50:00,2026-06-30T01:28:00,SOJA,VOLCABLE_PTO_2,TERMINAL_EMBARQUE,INGRESO,MovimientosPorContrato_20260630.xlsx,NO_TRUCKFLOW_MATCH
CTG_10133219044,KJR910,2026-06-29T21:41:00,2026-06-30T01:29:00,SOJA,VOLCABLE_PTO_2,TERMINAL_EMBARQUE,INGRESO,MovimientosPorContrato_20260630.xlsx,NO_TRUCKFLOW_MATCH
CTG_10133201736,KLF350,2026-06-29T22:06:00,2026-06-30T01:30:00,SOJA,VOLCABLE_PTO_3,TERMINAL_EMBARQUE,INGRESO,MovimientosPorContrato_20260630.xlsx,NO_TRUCKFLOW_MATCH
CTG_10233214090,HBY054,2026-06-29T17:35:00,2026-06-30T01:31:00,SOJA,VOLCABLE_PTO_5,TERMINAL_EMBARQUE,INGRESO,MovimientosPorContrato_20260630.xlsx,NO_TRUCKFLOW_MATCH
CTG_10133203125,IJR380,2026-06-29T21:16:00,2026-06-30T01:32:00,SOJA,VOLCABLE_PTO_3,TERMINAL_EMBARQUE,INGRESO,MovimientosPorContrato_20260630.xlsx,NO_TRUCKFLOW_MATCH
CTG_10133215175,HVJ385,2026-06-29T22:02:00,2026-06-30T01:33:00,SOJA,VOLCABLE_PTO_2,TERMINAL_EMBARQUE,INGRESO,MovimientosPorContrato_20260630.xlsx,NO_TRUCKFLOW_MATCH
CTG_10233226543,GLT275,2026-06-29T22:01:00,2026-06-30T01:34:00,SOJA,VOLCABLE_PTO_2,TERMINAL_EMBARQUE,INGRESO,MovimientosPorContrato_20260630.xlsx,NO_TRUCKFLOW_MATCH
CTG_10233217168,UCO090,2026-06-29T22:05:00,2026-06-30T01:35:00,SOJA,VOLCABLE_PTO_2,TERMINAL_EMBARQUE,INGRESO,MovimientosPorContrato_20260630.xlsx,NO_TRUCKFLOW_MATCH
CTG_10133223175,UZY860,2026-06-29T22:28:00,2026-06-30T01:35:00,GIRASOL,VOLCABLE_1,RICARDONE,INGRESO,MovimientosPorContrato_20260630.xlsx,NO_TRUCKFLOW_MATCH
CTG_10133138280,GQE601,2026-06-29T13:20:00,2026-06-30T01:35:00,MAIZ,CELDA_171_-_CENTRO,AVELLANEDA,INGRESO,MovimientosPorContrato_20260630.xlsx,NO_TRUCKFLOW_MATCH
CTG_30033233620,KZO646,2026-06-29T23:44:00,2026-06-30T01:36:00,ACEITE GIRASOL PARA REFINAR,ACEITE_PTO,TERMINAL_EMBARQUE,INGRESO,MovimientosPorContrato_20260630.xlsx,NO_TRUCKFLOW_MATCH
CTG_30033233681,NBK156,2026-06-29T23:45:00,2026-06-30T01:37:00,ACEITE GIRASOL PARA REFINAR,ACEITE_PTO,TERMINAL_EMBARQUE,INGRESO,MovimientosPorContrato_20260630.xlsx,NO_TRUCKFLOW_MATCH
CTG_10233223469,OII935,2026-06-29T22:08:00,2026-06-30T01:37:00,SOJA,VOLCABLE_PTO_3,TERMINAL_EMBARQUE,INGRESO,MovimientosPorContrato_20260630.xlsx,NO_TRUCKFLOW_MATCH
CTG_10133212106,AA244QM,2026-06-29T22:11:00,2026-06-30T01:40:00,SOJA,VOLCABLE_PTO_3,TERMINAL_EMBARQUE,INGRESO,MovimientosPorContrato_20260630.xlsx,NO_TRUCKFLOW_MATCH
CTG_10233224350,JPK171,2026-06-29T22:05:00,2026-06-30T01:41:00,SOJA,VOLCABLE_PTO_5,TERMINAL_EMBARQUE,INGRESO,MovimientosPorContrato_20260630.xlsx,NO_TRUCKFLOW_MATCH
CTG_10233227242,HJO351,2026-06-29T22:08:00,2026-06-30T01:44:00,SOJA,VOLCABLE_PTO_2,TERMINAL_EMBARQUE,INGRESO,MovimientosPorContrato_20260630.xlsx,NO_TRUCKFLOW_MATCH
CTG_10233216532,AH363CG,2026-06-29T22:10:00,2026-06-30T01:44:00,SOJA,VOLCABLE_PTO_3,TERMINAL_EMBARQUE,INGRESO,MovimientosPorContrato_20260630.xlsx,NO_TRUCKFLOW_MATCH
CTG_10233220372,PLN892,2026-06-29T21:04:00,2026-06-30T01:47:00,SOJA,VOLCABLE_PTO_2,TERMINAL_EMBARQUE,INGRESO,MovimientosPorContrato_20260630.xlsx,NO_TRUCKFLOW_MATCH
CTG_10133216325,TME614,2026-06-29T15:53:00,2026-06-30T01:49:00,SOJA,VOLCABLE_PTO_5,TERMINAL_EMBARQUE,INGRESO,MovimientosPorContrato_20260630.xlsx,NO_TRUCKFLOW_MATCH
CTG_10133187862,KLR224,2026-06-29T22:12:00,2026-06-30T01:51:00,SOJA,VOLCABLE_PTO_3,TERMINAL_EMBARQUE,INGRESO,MovimientosPorContrato_20260630.xlsx,NO_TRUCKFLOW_MATCH
CTG_10233221019,SXJ843,2026-06-29T22:09:00,2026-06-30T01:52:00,SOJA,VOLCABLE_PTO_2,TERMINAL_EMBARQUE,INGRESO,MovimientosPorContrato_20260630.xlsx,NO_TRUCKFLOW_MATCH
CTG_10233214164,HUS297,2026-06-29T16:05:00,2026-06-30T01:54:00,SOJA,VOLCABLE_PTO_5,TERMINAL_EMBARQUE,INGRESO,MovimientosPorContrato_20260630.xlsx,NO_TRUCKFLOW_MATCH
CTG_10233215147,AA004UC,2026-06-29T22:31:00,2026-06-30T01:55:00,GIRASOL,VOLCABLE_1,RICARDONE,INGRESO,MovimientosPorContrato_20260630.xlsx,NO_TRUCKFLOW_MATCH
CTG_10233218032,AD586TH,2026-06-29T22:13:00,2026-06-30T01:57:00,SOJA,VOLCABLE_PTO_2,TERMINAL_EMBARQUE,INGRESO,MovimientosPorContrato_20260630.xlsx,NO_TRUCKFLOW_MATCH
CTG_10233226840,FGR717,2026-06-29T22:25:00,2026-06-30T02:01:00,SOJA,VOLCABLE_PTO_3,TERMINAL_EMBARQUE,INGRESO,MovimientosPorContrato_20260630.xlsx,NO_TRUCKFLOW_MATCH
CTG_10233218928,KQF587,2026-06-29T22:17:00,2026-06-30T02:04:00,SOJA,VOLCABLE_PTO_2,TERMINAL_EMBARQUE,INGRESO,MovimientosPorContrato_20260630.xlsx,NO_TRUCKFLOW_MATCH
CTG_10133129279,PMV504,2026-06-29T13:23:00,2026-06-30T02:05:00,MAIZ,CELDA_171_-_CENTRO,AVELLANEDA,INGRESO,MovimientosPorContrato_20260630.xlsx,NO_TRUCKFLOW_MATCH
CTG_10133215271,EEH704,2026-06-29T16:40:00,2026-06-30T02:05:00,SOJA,VOLCABLE_PTO_5,TERMINAL_EMBARQUE,INGRESO,MovimientosPorContrato_20260630.xlsx,NO_TRUCKFLOW_MATCH
CTG_10133207976,AA894VF,2026-06-29T22:10:00,2026-06-30T02:07:00,SOJA,VOLCABLE_PTO_3,TERMINAL_EMBARQUE,INGRESO,MovimientosPorContrato_20260630.xlsx,NO_TRUCKFLOW_MATCH
CTG_30033233786,SPI351,2026-06-30T00:22:00,2026-06-30T02:16:00,ACEITE GIRASOL PARA REFINAR,ACEITE_PTO,TERMINAL_EMBARQUE,INGRESO,MovimientosPorContrato_20260630.xlsx,NO_TRUCKFLOW_MATCH
CTG_10133209239,HPL756,2026-06-29T16:53:00,2026-06-30T02:20:00,SOJA,VOLCABLE_PTO_5,TERMINAL_EMBARQUE,INGRESO,MovimientosPorContrato_20260630.xlsx,NO_TRUCKFLOW_MATCH
CTG_10233214992,ISX147,2026-06-29T22:32:00,2026-06-30T02:24:00,GIRASOL,VOLCABLE_1,RICARDONE,INGRESO,MovimientosPorContrato_20260630.xlsx,NO_TRUCKFLOW_MATCH
CTG_10133217060,HOU346,2026-06-29T22:24:00,2026-06-30T02:24:00,SOJA,VOLCABLE_PTO_3,TERMINAL_EMBARQUE,INGRESO,MovimientosPorContrato_20260630.xlsx,NO_TRUCKFLOW_MATCH
CTG_10133218123,AG858IA,2026-06-29T16:47:00,2026-06-30T02:28:00,SOJA,VOLCABLE_PTO_5,TERMINAL_EMBARQUE,INGRESO,MovimientosPorContrato_20260630.xlsx,NO_TRUCKFLOW_MATCH
CTG_10233165161,AA958HK,2026-06-29T13:41:00,2026-06-30T02:29:00,MAIZ,CELDA_171_-_CENTRO,AVELLANEDA,INGRESO,MovimientosPorContrato_20260630.xlsx,NO_TRUCKFLOW_MATCH
CTG_10233217615,AFO788,2026-06-29T22:29:00,2026-06-30T02:30:00,SOJA,VOLCABLE_PTO_3,TERMINAL_EMBARQUE,INGRESO,MovimientosPorContrato_20260630.xlsx,NO_TRUCKFLOW_MATCH
CTG_30033233812,AA463TD,2026-06-30T00:30:00,2026-06-30T02:32:00,ACEITE GIRASOL PARA REFINAR,ACEITE_PTO,TERMINAL_EMBARQUE,INGRESO,MovimientosPorContrato_20260630.xlsx,NO_TRUCKFLOW_MATCH
CTG_10133211408,CGZ627,2026-06-29T17:51:00,2026-06-30T02:37:00,SOJA,VOLCABLE_PTO_5,TERMINAL_EMBARQUE,INGRESO,MovimientosPorContrato_20260630.xlsx,NO_TRUCKFLOW_MATCH
CTG_10133206610,HSM071,2026-06-29T17:24:00,2026-06-30T02:44:00,SOJA,VOLCABLE_PTO_5,TERMINAL_EMBARQUE,INGRESO,MovimientosPorContrato_20260630.xlsx,NO_TRUCKFLOW_MATCH
CTG_10233217888,NGE658,2026-06-29T23:08:00,2026-06-30T02:57:00,GIRASOL,VOLCABLE_1,RICARDONE,INGRESO,MovimientosPorContrato_20260630.xlsx,NO_TRUCKFLOW_MATCH
CTG_10133129014,AB627CR,2026-06-29T13:48:00,2026-06-30T03:03:00,MAIZ,CELDA_171_-_CENTRO,AVELLANEDA,INGRESO,MovimientosPorContrato_20260630.xlsx,NO_TRUCKFLOW_MATCH
CTG_30033233844,JPS813,2026-06-30T01:06:00,2026-06-30T03:07:00,ACEITE GIRASOL PARA REFINAR,ACEITE_PTO,TERMINAL_EMBARQUE,INGRESO,MovimientosPorContrato_20260630.xlsx,NO_TRUCKFLOW_MATCH
CTG_10133208649,RXK554,2026-06-29T18:07:00,2026-06-30T03:09:00,SOJA,VOLCABLE_PTO_5,TERMINAL_EMBARQUE,INGRESO,MovimientosPorContrato_20260630.xlsx,NO_TRUCKFLOW_MATCH
CTG_10233227319,ISW681,2026-06-29T23:04:00,2026-06-30T03:10:00,SOJA,VOLCABLE_PTO_5,TERMINAL_EMBARQUE,INGRESO,MovimientosPorContrato_20260630.xlsx,NO_TRUCKFLOW_MATCH
CTG_10233227098,JWO597,2026-06-29T22:28:00,2026-06-30T03:11:00,SOJA,VOLCABLE_PTO_3,TERMINAL_EMBARQUE,INGRESO,MovimientosPorContrato_20260630.xlsx,NO_TRUCKFLOW_MATCH
CTG_10233227970,FXT286,2026-06-29T23:05:00,2026-06-30T03:13:00,SOJA,VOLCABLE_PTO_5,TERMINAL_EMBARQUE,INGRESO,MovimientosPorContrato_20260630.xlsx,NO_TRUCKFLOW_MATCH
CTG_10233221304,AI020BN,2026-06-29T23:05:00,2026-06-30T03:14:00,SOJA,VOLCABLE_PTO_3,TERMINAL_EMBARQUE,INGRESO,MovimientosPorContrato_20260630.xlsx,NO_TRUCKFLOW_MATCH
CTG_30033233867,ENA722,2026-06-30T01:09:00,2026-06-30T03:16:00,ACEITE GIRASOL PARA REFINAR,ACEITE_PTO,TERMINAL_EMBARQUE,INGRESO,MovimientosPorContrato_20260630.xlsx,NO_TRUCKFLOW_MATCH
CTG_10233200263,OQY185,2026-06-29T23:07:00,2026-06-30T03:17:00,SOJA,VOLCABLE_PTO_5,TERMINAL_EMBARQUE,INGRESO,MovimientosPorContrato_20260630.xlsx,NO_TRUCKFLOW_MATCH
CTG_10133230308,MTO357,2026-06-29T23:17:00,2026-06-30T03:25:00,SOJA,VOLCABLE_PTO_2,TERMINAL_EMBARQUE,INGRESO,MovimientosPorContrato_20260630.xlsx,NO_TRUCKFLOW_MATCH
CTG_10133138356,JMI143,2026-06-29T13:50:00,2026-06-30T03:25:00,MAIZ,CELDA_171_-_CENTRO,AVELLANEDA,INGRESO,MovimientosPorContrato_20260630.xlsx,NO_TRUCKFLOW_MATCH
CTG_10233174226,JMI114,2026-06-29T22:31:00,2026-06-30T03:26:00,SOJA,VOLCABLE_PTO_3,TERMINAL_EMBARQUE,INGRESO,MovimientosPorContrato_20260630.xlsx,NO_TRUCKFLOW_MATCH
CTG_10233224451,VGX809,2026-06-29T23:11:00,2026-06-30T03:27:00,SOJA,VOLCABLE_PTO_2,TERMINAL_EMBARQUE,INGRESO,MovimientosPorContrato_20260630.xlsx,NO_TRUCKFLOW_MATCH
CTG_10233227706,AE915XB,2026-06-29T23:06:00,2026-06-30T03:28:00,SOJA,VOLCABLE_PTO_3,TERMINAL_EMBARQUE,INGRESO,MovimientosPorContrato_20260630.xlsx,NO_TRUCKFLOW_MATCH
CTG_10133209146,HTJ125,2026-06-29T23:21:00,2026-06-30T03:33:00,SOJA,VOLCABLE_PTO_5,TERMINAL_EMBARQUE,INGRESO,MovimientosPorContrato_20260630.xlsx,NO_TRUCKFLOW_MATCH
CTG_30033233892,JDH880,2026-06-30T01:34:00,2026-06-30T03:34:00,ACEITE GIRASOL PARA REFINAR,ACEITE_PTO,TERMINAL_EMBARQUE,INGRESO,MovimientosPorContrato_20260630.xlsx,NO_TRUCKFLOW_MATCH
CTG_10133186875,AE193KA,2026-06-29T22:43:00,2026-06-30T03:35:00,SOJA,VOLCABLE_PTO_2,TERMINAL_EMBARQUE,INGRESO,MovimientosPorContrato_20260630.xlsx,NO_TRUCKFLOW_MATCH
CTG_10233200283,LTL241,2026-06-29T23:23:00,2026-06-30T03:37:00,SOJA,VOLCABLE_PTO_2,TERMINAL_EMBARQUE,INGRESO,MovimientosPorContrato_20260630.xlsx,NO_TRUCKFLOW_MATCH
CTG_10133222230,JSZ529,2026-06-29T23:21:00,2026-06-30T03:39:00,SOJA,VOLCABLE_PTO_3,TERMINAL_EMBARQUE,INGRESO,MovimientosPorContrato_20260630.xlsx,NO_TRUCKFLOW_MATCH
CTG_10233228376,REB270,2026-06-29T23:24:00,2026-06-30T03:40:00,SOJA,VOLCABLE_PTO_3,TERMINAL_EMBARQUE,INGRESO,MovimientosPorContrato_20260630.xlsx,NO_TRUCKFLOW_MATCH
CTG_10133148120,MJZ053,2026-06-29T14:07:00,2026-06-30T03:46:00,MAIZ,CELDA_171_-_CENTRO,AVELLANEDA,INGRESO,MovimientosPorContrato_20260630.xlsx,NO_TRUCKFLOW_MATCH
CTG_10233230834,EHQ828,2026-06-29T23:29:00,2026-06-30T03:48:00,SOJA,VOLCABLE_PTO_3,TERMINAL_EMBARQUE,INGRESO,MovimientosPorContrato_20260630.xlsx,NO_TRUCKFLOW_MATCH
CTG_10133218458,AC707CO,2026-06-29T18:15:00,2026-06-30T03:51:00,SOJA,VOLCABLE_PTO_5,TERMINAL_EMBARQUE,INGRESO,MovimientosPorContrato_20260630.xlsx,NO_TRUCKFLOW_MATCH
CTG_10133130234,AB814PL,2026-06-29T23:29:00,2026-06-30T03:52:00,SOJA,VOLCABLE_PTO_2,TERMINAL_EMBARQUE,INGRESO,MovimientosPorContrato_20260630.xlsx,NO_TRUCKFLOW_MATCH
CTG_10133221523,FOT299,2026-06-29T23:15:00,2026-06-30T03:54:00,SOJA,VOLCABLE_PTO_5,TERMINAL_EMBARQUE,INGRESO,MovimientosPorContrato_20260630.xlsx,NO_TRUCKFLOW_MATCH
CTG_10233205764,AE996CE,2026-06-29T23:32:00,2026-06-30T03:56:00,SOJA,VOLCABLE_PTO_2,TERMINAL_EMBARQUE,INGRESO,MovimientosPorContrato_20260630.xlsx,NO_TRUCKFLOW_MATCH
CTG_30033233920,FAF492,2026-06-30T02:14:00,2026-06-30T03:58:00,ACEITE GIRASOL PARA REFINAR,ACEITE_PTO,TERMINAL_EMBARQUE,INGRESO,MovimientosPorContrato_20260630.xlsx,NO_TRUCKFLOW_MATCH
CTG_10133205555,MIX109,2026-06-29T19:54:00,2026-06-30T04:00:00,SOJA,VOLCABLE_PTO_3,TERMINAL_EMBARQUE,INGRESO,MovimientosPorContrato_20260630.xlsx,NO_TRUCKFLOW_MATCH
CTG_10133228754,EFD630,2026-06-29T23:39:00,2026-06-30T04:02:00,SOJA,VOLCABLE_PTO_3,TERMINAL_EMBARQUE,INGRESO,MovimientosPorContrato_20260630.xlsx,NO_TRUCKFLOW_MATCH
CTG_10133214017,AH928GG,2026-06-29T20:47:00,2026-06-30T04:03:00,SOJA,VOLCABLE_PTO_2,TERMINAL_EMBARQUE,INGRESO,MovimientosPorContrato_20260630.xlsx,NO_TRUCKFLOW_MATCH
CTG_10233215224,GYF057,2026-06-29T19:59:00,2026-06-30T04:05:00,SOJA,VOLCABLE_PTO_3,TERMINAL_EMBARQUE,INGRESO,MovimientosPorContrato_20260630.xlsx,NO_TRUCKFLOW_MATCH
CTG_10133171733,AZL453,2026-06-29T18:43:00,2026-06-30T04:06:00,SOJA,VOLCABLE_PTO_5,TERMINAL_EMBARQUE,INGRESO,MovimientosPorContrato_20260630.xlsx,NO_TRUCKFLOW_MATCH
CTG_10133215056,AG136CA,2026-06-29T19:36:00,2026-06-30T04:07:00,SOJA,VOLCABLE_PTO_5,TERMINAL_EMBARQUE,INGRESO,MovimientosPorContrato_20260630.xlsx,NO_TRUCKFLOW_MATCH
CTG_10133221159,LVF515,2026-06-29T21:05:00,2026-06-30T04:09:00,SOJA,VOLCABLE_PTO_2,TERMINAL_EMBARQUE,INGRESO,MovimientosPorContrato_20260630.xlsx,NO_TRUCKFLOW_MATCH
CTG_10233223020,JJE600,2026-06-29T20:51:00,2026-06-30T04:16:00,SOJA,VOLCABLE_PTO_3,TERMINAL_EMBARQUE,INGRESO,MovimientosPorContrato_20260630.xlsx,NO_TRUCKFLOW_MATCH
CTG_10133205873,AB935ES,2026-06-29T21:01:00,2026-06-30T04:18:00,SOJA,VOLCABLE_PTO_2,TERMINAL_EMBARQUE,INGRESO,MovimientosPorContrato_20260630.xlsx,NO_TRUCKFLOW_MATCH
CTG_10233233450,CCT712,2026-06-29T23:37:00,2026-06-30T04:20:00,GIRASOL,VOLCABLE_1,RICARDONE,INGRESO,MovimientosPorContrato_20260630.xlsx,NO_TRUCKFLOW_MATCH
CTG_10233221996,PGR058,2026-06-29T22:02:00,2026-06-30T04:21:00,SOJA,VOLCABLE_PTO_3,TERMINAL_EMBARQUE,INGRESO,MovimientosPorContrato_20260630.xlsx,NO_TRUCKFLOW_MATCH
COMPROB_000400418995,UUH077,2026-06-30T03:21:00,2026-06-30T04:24:00,ACEITE GIRASOL REFINADO,ACEITE_OSL,TERMINAL_EMBARQUE,EGRESO,MovimientosPorContrato_20260630.xlsx,NO_TRUCKFLOW_MATCH
CTG_10233228389,PCK149,2026-06-29T23:06:00,2026-06-30T04:25:00,SOJA,VOLCABLE_PTO_2,TERMINAL_EMBARQUE,INGRESO,MovimientosPorContrato_20260630.xlsx,NO_TRUCKFLOW_MATCH
CTG_10233230291,GXN483,2026-06-29T23:18:00,2026-06-30T04:27:00,SOJA,VOLCABLE_PTO_3,TERMINAL_EMBARQUE,INGRESO,MovimientosPorContrato_20260630.xlsx,NO_TRUCKFLOW_MATCH
CTG_10233194285,AC178FW,2026-06-29T19:08:00,2026-06-30T04:29:00,SOJA,VOLCABLE_PTO_5,TERMINAL_EMBARQUE,INGRESO,MovimientosPorContrato_20260630.xlsx,NO_TRUCKFLOW_MATCH
CTG_10233209699,AF351GJ,2026-06-29T23:25:00,2026-06-30T04:30:00,SOJA,VOLCABLE_PTO_2,TERMINAL_EMBARQUE,INGRESO,MovimientosPorContrato_20260630.xlsx,NO_TRUCKFLOW_MATCH
CTG_10233208462,KQE459,2026-06-29T23:33:00,2026-06-30T04:31:00,SOJA,VOLCABLE_PTO_3,TERMINAL_EMBARQUE,INGRESO,MovimientosPorContrato_20260630.xlsx,NO_TRUCKFLOW_MATCH
CTG_10133191432,SNH113,2026-06-29T19:16:00,2026-06-30T04:33:00,SOJA,VOLCABLE_PTO_5,TERMINAL_EMBARQUE,INGRESO,MovimientosPorContrato_20260630.xlsx,NO_TRUCKFLOW_MATCH
CTG_30033234004,JUP399,2026-06-30T02:34:00,2026-06-30T04:34:00,ACEITE GIRASOL PARA REFINAR,ACEITE_PTO,TERMINAL_EMBARQUE,INGRESO,MovimientosPorContrato_20260630.xlsx,NO_TRUCKFLOW_MATCH
CTG_30033234014,UUU110,2026-06-30T02:55:00,2026-06-30T04:35:00,ACEITE GIRASOL PARA REFINAR,ACEITE_PTO,TERMINAL_EMBARQUE,INGRESO,MovimientosPorContrato_20260630.xlsx,NO_TRUCKFLOW_MATCH
CTG_10233208611,AF324EC,2026-06-29T23:33:00,2026-06-30T04:36:00,SOJA,VOLCABLE_PTO_2,TERMINAL_EMBARQUE,INGRESO,MovimientosPorContrato_20260630.xlsx,NO_TRUCKFLOW_MATCH
CTG_10233230265,SGB924,2026-06-29T23:30:00,2026-06-30T04:41:00,SOJA,VOLCABLE_PTO_3,TERMINAL_EMBARQUE,INGRESO,MovimientosPorContrato_20260630.xlsx,NO_TRUCKFLOW_MATCH
CTG_10133200278,EBD972,2026-06-29T15:51:00,2026-06-30T04:43:00,SOJA,VOLCABLE_PTO_5,TERMINAL_EMBARQUE,INGRESO,MovimientosPorContrato_20260630.xlsx,NO_TRUCKFLOW_MATCH
CTG_10133147983,AB952FF,2026-06-29T14:14:00,2026-06-30T04:44:00,MAIZ,CELDA_171_-_CENTRO,AVELLANEDA,INGRESO,MovimientosPorContrato_20260630.xlsx,NO_TRUCKFLOW_MATCH
CTG_10233209213,AD744JI,2026-06-29T23:34:00,2026-06-30T04:45:00,SOJA,VOLCABLE_PTO_2,TERMINAL_EMBARQUE,INGRESO,MovimientosPorContrato_20260630.xlsx,NO_TRUCKFLOW_MATCH
CTG_10233215079,KSM935,2026-06-29T21:02:00,2026-06-30T04:46:00,SOJA,VOLCABLE_PTO_5,TERMINAL_EMBARQUE,INGRESO,MovimientosPorContrato_20260630.xlsx,NO_TRUCKFLOW_MATCH
CTG_10233230962,ITR004,2026-06-29T23:31:00,2026-06-30T04:47:00,SOJA,VOLCABLE_PTO_3,TERMINAL_EMBARQUE,INGRESO,MovimientosPorContrato_20260630.xlsx,NO_TRUCKFLOW_MATCH
CTG_10233211706,KMG676,2026-06-29T23:40:00,2026-06-30T04:54:00,SOJA,VOLCABLE_PTO_2,TERMINAL_EMBARQUE,INGRESO,MovimientosPorContrato_20260630.xlsx,NO_TRUCKFLOW_MATCH
CTG_10133223520,AH745BH,2026-06-29T23:36:00,2026-06-30T04:55:00,SOJA,VOLCABLE_PTO_3,TERMINAL_EMBARQUE,INGRESO,MovimientosPorContrato_20260630.xlsx,NO_TRUCKFLOW_MATCH
CTG_10133228914,AA528DX,2026-06-29T23:42:00,2026-06-30T04:59:00,SOJA,VOLCABLE_PTO_3,TERMINAL_EMBARQUE,INGRESO,MovimientosPorContrato_20260630.xlsx,NO_TRUCKFLOW_MATCH
CTG_10233229142,AD197DL,2026-06-29T23:41:00,2026-06-30T05:11:00,SOJA,VOLCABLE_PTO_2,TERMINAL_EMBARQUE,INGRESO,MovimientosPorContrato_20260630.xlsx,NO_TRUCKFLOW_MATCH
CTG_10233229373,EGN404,2026-06-29T23:57:00,2026-06-30T05:12:00,SOJA,VOLCABLE_PTO_3,TERMINAL_EMBARQUE,INGRESO,MovimientosPorContrato_20260630.xlsx,NO_TRUCKFLOW_MATCH
CTG_10133228619,AB969CK,2026-06-29T22:00:00,2026-06-30T05:14:00,SOJA,VOLCABLE_PTO_5,TERMINAL_EMBARQUE,INGRESO,MovimientosPorContrato_20260630.xlsx,NO_TRUCKFLOW_MATCH
CTG_10233167382,KKW396,2026-06-27T18:02:00,2026-06-30T05:15:00,MAIZ,CELDA_171_-_CENTRO,AVELLANEDA,INGRESO,MovimientosPorContrato_20260630.xlsx,NO_TRUCKFLOW_MATCH
CTG_10233228690,DFY308,2026-06-30T00:00:00,2026-06-30T05:15:00,SOJA,VOLCABLE_PTO_2,TERMINAL_EMBARQUE,INGRESO,MovimientosPorContrato_20260630.xlsx,NO_TRUCKFLOW_MATCH
CTG_10233228801,GXQ725,2026-06-30T00:01:00,2026-06-30T05:16:00,SOJA,VOLCABLE_PTO_3,TERMINAL_EMBARQUE,INGRESO,MovimientosPorContrato_20260630.xlsx,NO_TRUCKFLOW_MATCH
CTG_10133219698,JVH604,2026-06-29T23:43:00,2026-06-30T05:17:00,SOJA,VOLCABLE_PTO_2,TERMINAL_EMBARQUE,INGRESO,MovimientosPorContrato_20260630.xlsx,NO_TRUCKFLOW_MATCH
CTG_10133207799,RNZ613,2026-06-29T22:04:00,2026-06-30T05:18:00,SOJA,VOLCABLE_PTO_5,TERMINAL_EMBARQUE,INGRESO,MovimientosPorContrato_20260630.xlsx,NO_TRUCKFLOW_MATCH
CTG_30033234021,AKJ611,2026-06-30T03:22:00,2026-06-30T05:20:00,ACEITE GIRASOL PARA REFINAR,ACEITE_PTO,TERMINAL_EMBARQUE,INGRESO,MovimientosPorContrato_20260630.xlsx,NO_TRUCKFLOW_MATCH
CTG_30033234030,AJV928,2026-06-30T03:30:00,2026-06-30T05:21:00,ACEITE GIRASOL PARA REFINAR,ACEITE_PTO,TERMINAL_EMBARQUE,INGRESO,MovimientosPorContrato_20260630.xlsx,NO_TRUCKFLOW_MATCH
CTG_10133223484,AF330YY,2026-06-30T00:05:00,2026-06-30T05:22:00,SOJA,VOLCABLE_PTO_3,TERMINAL_EMBARQUE,INGRESO,MovimientosPorContrato_20260630.xlsx,NO_TRUCKFLOW_MATCH
CTG_10133228388,HCU878,2026-06-30T00:02:00,2026-06-30T05:23:00,SOJA,VOLCABLE_PTO_2,TERMINAL_EMBARQUE,INGRESO,MovimientosPorContrato_20260630.xlsx,NO_TRUCKFLOW_MATCH
CTG_10233226319,AG532SW,2026-06-29T22:45:00,2026-06-30T05:25:00,SOJA,VOLCABLE_PTO_5,TERMINAL_EMBARQUE,INGRESO,MovimientosPorContrato_20260630.xlsx,NO_TRUCKFLOW_MATCH
CTG_10233225834,NFJ540,2026-06-30T00:23:00,2026-06-30T05:26:00,SOJA,VOLCABLE_PTO_3,TERMINAL_EMBARQUE,INGRESO,MovimientosPorContrato_20260630.xlsx,NO_TRUCKFLOW_MATCH
CTG_10233226538,AD581CR,2026-06-29T22:46:00,2026-06-30T05:28:00,SOJA,VOLCABLE_PTO_5,TERMINAL_EMBARQUE,INGRESO,MovimientosPorContrato_20260630.xlsx,NO_TRUCKFLOW_MATCH
CTG_10233228163,IZW257,2026-06-30T00:23:00,2026-06-30T05:30:00,SOJA,VOLCABLE_PTO_2,TERMINAL_EMBARQUE,INGRESO,MovimientosPorContrato_20260630.xlsx,NO_TRUCKFLOW_MATCH
CTG_10233216025,ORJ479,2026-06-30T00:29:00,2026-06-30T05:33:00,SOJA,VOLCABLE_PTO_3,TERMINAL_EMBARQUE,INGRESO,MovimientosPorContrato_20260630.xlsx,NO_TRUCKFLOW_MATCH
CTG_10133230557,AWX919,2026-06-29T23:08:00,2026-06-30T05:35:00,SOJA,VOLCABLE_PTO_5,TERMINAL_EMBARQUE,INGRESO,MovimientosPorContrato_20260630.xlsx,NO_TRUCKFLOW_MATCH
CTG_10133227013,AB871EB,2026-06-30T00:37:00,2026-06-30T05:37:00,SOJA,VOLCABLE_PTO_3,TERMINAL_EMBARQUE,INGRESO,MovimientosPorContrato_20260630.xlsx,NO_TRUCKFLOW_MATCH
COMPROB_000200319667,AG421OX,2026-06-30T04:49:00,2026-06-30T05:42:00,ALCOHOL ETILICO ANHIDRO P/ BIOCOMB ORIG CEREAL,T1002,AVELLANEDA,EGRESO,MovimientosPorContrato_20260630.xlsx,NO_TRUCKFLOW_MATCH
CTG_10133230097,MMO494,2026-06-30T00:31:00,2026-06-30T05:44:00,SOJA,VOLCABLE_PTO_2,TERMINAL_EMBARQUE,INGRESO,MovimientosPorContrato_20260630.xlsx,NO_TRUCKFLOW_MATCH
CTG_10133226607,ERQ607,2026-06-30T00:38:00,2026-06-30T05:45:00,SOJA,VOLCABLE_PTO_3,TERMINAL_EMBARQUE,INGRESO,MovimientosPorContrato_20260630.xlsx,NO_TRUCKFLOW_MATCH
COMPROB_000400418996,AGR963,2026-06-30T04:34:00,2026-06-30T05:46:00,ACEITE GIRASOL REFINADO,ACEITE_OSL,TERMINAL_EMBARQUE,EGRESO,MovimientosPorContrato_20260630.xlsx,NO_TRUCKFLOW_MATCH
COMPROB_000200430883,WEM025,2026-06-29T15:44:00,2026-06-30T05:47:00,LEÑA CORTA SELECC,PLAYA_LEÑA_Y_CHIP,AVELLANEDA,INGRESO,MovimientosPorContrato_20260630.xlsx,NO_TRUCKFLOW_MATCH
CTG_10233172067,ATI769,2026-06-29T20:29:00,2026-06-30T05:52:00,MAIZ,CELDA_171_-_CENTRO,AVELLANEDA,INGRESO,MovimientosPorContrato_20260630.xlsx,NO_TRUCKFLOW_MATCH
CTG_10133222499,HUT265,2026-06-29T23:09:00,2026-06-30T05:57:00,SOJA,VOLCABLE_PTO_5,TERMINAL_EMBARQUE,INGRESO,MovimientosPorContrato_20260630.xlsx,NO_TRUCKFLOW_MATCH
CTG_10233213717,FEK559,2026-06-30T00:28:00,2026-06-30T05:58:00,SOJA,VOLCABLE_PTO_2,TERMINAL_EMBARQUE,INGRESO,MovimientosPorContrato_20260630.xlsx,NO_TRUCKFLOW_MATCH
CTG_10133232822,AH269XK,2026-06-29T23:17:00,2026-06-30T05:59:00,SOJA,VOLCABLE_PTO_5,TERMINAL_EMBARQUE,INGRESO,MovimientosPorContrato_20260630.xlsx,NO_TRUCKFLOW_MATCH
CTG_10233224534,KKQ727,2026-06-30T00:17:00,2026-06-30T06:00:00,SOJA,VOLCABLE_PTO_3,TERMINAL_EMBARQUE,INGRESO,MovimientosPorContrato_20260630.xlsx,NO_TRUCKFLOW_MATCH
CTG_10133230467,AG225GP,2026-06-30T00:43:00,2026-06-30T06:01:00,SOJA,VOLCABLE_PTO_3,TERMINAL_EMBARQUE,INGRESO,MovimientosPorContrato_20260630.xlsx,NO_TRUCKFLOW_MATCH
CTG_10133226192,MPA773,2026-06-30T00:39:00,2026-06-30T06:02:00,SOJA,VOLCABLE_PTO_2,TERMINAL_EMBARQUE,INGRESO,MovimientosPorContrato_20260630.xlsx,NO_TRUCKFLOW_MATCH
CTG_10233231866,AH381TI,2026-06-30T00:53:00,2026-06-30T06:07:00,SOJA,VOLCABLE_PTO_2,TERMINAL_EMBARQUE,INGRESO,MovimientosPorContrato_20260630.xlsx,NO_TRUCKFLOW_MATCH
CTG_10233232163,LDY096,2026-06-30T00:54:00,2026-06-30T06:08:00,SOJA,VOLCABLE_PTO_3,TERMINAL_EMBARQUE,INGRESO,MovimientosPorContrato_20260630.xlsx,NO_TRUCKFLOW_MATCH
CTG_30033234035,EXR046,2026-06-30T03:54:00,2026-06-30T06:15:00,ACEITE GIRASOL PARA REFINAR,ACEITE_PTO,TERMINAL_EMBARQUE,INGRESO,MovimientosPorContrato_20260630.xlsx,NO_TRUCKFLOW_MATCH
CTG_10133135979,AC815XH,2026-06-29T20:31:00,2026-06-30T06:16:00,MAIZ,CELDA_171_-_CENTRO,AVELLANEDA,INGRESO,MovimientosPorContrato_20260630.xlsx,NO_TRUCKFLOW_MATCH
CTG_10133226445,NGC715,2026-06-30T00:46:00,2026-06-30T06:16:00,SOJA,VOLCABLE_PTO_3,TERMINAL_EMBARQUE,INGRESO,MovimientosPorContrato_20260630.xlsx,NO_TRUCKFLOW_MATCH
CTG_10133222923,AG988HL,2026-06-29T23:16:00,2026-06-30T06:17:00,SOJA,VOLCABLE_PTO_5,TERMINAL_EMBARQUE,INGRESO,MovimientosPorContrato_20260630.xlsx,NO_TRUCKFLOW_MATCH
COMPROB_000200430886,JHB611,2026-06-30T03:02:00,2026-06-30T06:18:00,CHIP DE EUCALIPTUS,PLAYA_LEÑA_Y_CHIP,AVELLANEDA,INGRESO,MovimientosPorContrato_20260630.xlsx,NO_TRUCKFLOW_MATCH
CTG_10133226912,NYF932,2026-06-30T00:45:00,2026-06-30T06:25:00,SOJA,VOLCABLE_PTO_2,TERMINAL_EMBARQUE,INGRESO,MovimientosPorContrato_20260630.xlsx,NO_TRUCKFLOW_MATCH
CTG_30033234045,KZO646,2026-06-30T04:23:00,2026-06-30T06:26:00,ACEITE GIRASOL PARA REFINAR,ACEITE_PTO,TERMINAL_EMBARQUE,INGRESO,MovimientosPorContrato_20260630.xlsx,NO_TRUCKFLOW_MATCH
CTG_10133220687,AH186AP,2026-06-29T23:10:00,2026-06-30T06:27:00,SOJA,VOLCABLE_PTO_5,TERMINAL_EMBARQUE,INGRESO,MovimientosPorContrato_20260630.xlsx,NO_TRUCKFLOW_MATCH
CTG_10233226490,BYS827,2026-06-30T01:04:00,2026-06-30T06:31:00,SOJA,VOLCABLE_PTO_2,TERMINAL_EMBARQUE,INGRESO,MovimientosPorContrato_20260630.xlsx,NO_TRUCKFLOW_MATCH
CTG_10233219627,PPC620,2026-06-30T00:39:00,2026-06-30T06:32:00,GIRASOL,VOLCABLE_1,RICARDONE,INGRESO,MovimientosPorContrato_20260630.xlsx,NO_TRUCKFLOW_MATCH
CTG_10133201242,AB018YU,2026-06-30T01:09:00,2026-06-30T06:37:00,SOJA,VOLCABLE_PTO_3,TERMINAL_EMBARQUE,INGRESO,MovimientosPorContrato_20260630.xlsx,NO_TRUCKFLOW_MATCH
CTG_10133201374,GUI808,2026-06-30T01:08:00,2026-06-30T06:40:00,SOJA,VOLCABLE_PTO_3,TERMINAL_EMBARQUE,INGRESO,MovimientosPorContrato_20260630.xlsx,NO_TRUCKFLOW_MATCH
CTG_10133220399,AD656EW,2026-06-29T23:10:00,2026-06-30T06:41:00,SOJA,VOLCABLE_PTO_5,TERMINAL_EMBARQUE,INGRESO,MovimientosPorContrato_20260630.xlsx,NO_TRUCKFLOW_MATCH
CTG_10233215962,DEO511,2026-06-29T20:33:00,2026-06-30T06:42:00,MAIZ,CELDA_171_-_CENTRO,AVELLANEDA,INGRESO,MovimientosPorContrato_20260630.xlsx,NO_TRUCKFLOW_MATCH
CTG_10133224902,AH113IF,2026-06-30T01:21:00,2026-06-30T06:42:00,SOJA,VOLCABLE_PTO_3,TERMINAL_EMBARQUE,INGRESO,MovimientosPorContrato_20260630.xlsx,NO_TRUCKFLOW_MATCH
CTG_10133201317,OTS106,2026-06-30T01:07:00,2026-06-30T06:43:00,SOJA,VOLCABLE_PTO_2,TERMINAL_EMBARQUE,INGRESO,MovimientosPorContrato_20260630.xlsx,NO_TRUCKFLOW_MATCH
CTG_10133230000,AG205RZ,2026-06-30T01:18:00,2026-06-30T06:45:00,SOJA,VOLCABLE_PTO_2,TERMINAL_EMBARQUE,INGRESO,MovimientosPorContrato_20260630.xlsx,NO_TRUCKFLOW_MATCH
CTG_10133217564,SHF834,2026-06-30T01:19:00,2026-06-30T06:47:00,SOJA,VOLCABLE_PTO_3,TERMINAL_EMBARQUE,INGRESO,MovimientosPorContrato_20260630.xlsx,NO_TRUCKFLOW_MATCH
CTG_10133226564,JRK452,2026-06-30T00:09:00,2026-06-30T06:48:00,SOJA,VOLCABLE_PTO_5,TERMINAL_EMBARQUE,INGRESO,MovimientosPorContrato_20260630.xlsx,NO_TRUCKFLOW_MATCH
CTG_10133227401,AC116LD,2026-06-30T01:38:00,2026-06-30T06:53:00,SOJA,VOLCABLE_PTO_2,TERMINAL_EMBARQUE,INGRESO,MovimientosPorContrato_20260630.xlsx,NO_TRUCKFLOW_MATCH
CTG_10133228480,AF071ON,2026-06-30T01:39:00,2026-06-30T06:54:00,SOJA,VOLCABLE_PTO_3,TERMINAL_EMBARQUE,INGRESO,MovimientosPorContrato_20260630.xlsx,NO_TRUCKFLOW_MATCH
CTG_30033234071,NBK156,2026-06-30T04:46:00,2026-06-30T07:04:00,ACEITE GIRASOL PARA REFINAR,ACEITE_PTO,TERMINAL_EMBARQUE,INGRESO,MovimientosPorContrato_20260630.xlsx,NO_TRUCKFLOW_MATCH
COMPROB_000400418998,JIA232,2026-06-29T15:17:00,2026-06-30T07:10:00,TIERRA DESC FILTROS,,TERMINAL_EMBARQUE,EGRESO,MovimientosPorContrato_20260630.xlsx,NO_TRUCKFLOW_MATCH
CTG_10233215763,UQW840,2026-06-29T20:35:00,2026-06-30T07:16:00,MAIZ,CELDA_171_-_CENTRO,AVELLANEDA,INGRESO,MovimientosPorContrato_20260630.xlsx,NO_TRUCKFLOW_MATCH
CTG_10233232096,FMU968,2026-06-30T01:12:00,2026-06-30T07:24:00,GIRASOL,VOLCABLE_1,RICARDONE,INGRESO,MovimientosPorContrato_20260630.xlsx,NO_TRUCKFLOW_MATCH
COMPROB_000200319668,AD615TJ,2026-06-30T06:51:00,2026-06-30T07:31:00,DDG BURLANDA SECA DE MAIZ SIN SOLUBLES,DEPOSITO_BURLANDAS,AVELLANEDA,EGRESO,MovimientosPorContrato_20260630.xlsx,NO_TRUCKFLOW_MATCH
CTG_10233229876,AG477SM,2026-06-30T01:40:00,2026-06-30T07:36:00,SOJA,VOLCABLE_PTO_2,TERMINAL_EMBARQUE,INGRESO,MovimientosPorContrato_20260630.xlsx,NO_TRUCKFLOW_MATCH
CTG_10133224696,ODX917,2026-06-30T01:12:00,2026-06-30T07:37:00,SOJA,VOLCABLE_PTO_3,TERMINAL_EMBARQUE,INGRESO,MovimientosPorContrato_20260630.xlsx,NO_TRUCKFLOW_MATCH
CTG_10133230058,PGI949,2026-06-30T01:48:00,2026-06-30T07:38:00,SOJA,VOLCABLE_PTO_2,TERMINAL_EMBARQUE,INGRESO,MovimientosPorContrato_20260630.xlsx,NO_TRUCKFLOW_MATCH
CTG_10133224639,AI033KK,2026-06-30T01:20:00,2026-06-30T07:41:00,SOJA,VOLCABLE_PTO_3,TERMINAL_EMBARQUE,INGRESO,MovimientosPorContrato_20260630.xlsx,NO_TRUCKFLOW_MATCH
CTG_10133228979,NGP131,2026-06-30T00:17:00,2026-06-30T07:42:00,SOJA,VOLCABLE_PTO_5,TERMINAL_EMBARQUE,INGRESO,MovimientosPorContrato_20260630.xlsx,NO_TRUCKFLOW_MATCH
CTG_10133228922,AB909QU,2026-06-30T01:48:00,2026-06-30T07:45:00,SOJA,VOLCABLE_PTO_2,TERMINAL_EMBARQUE,INGRESO,MovimientosPorContrato_20260630.xlsx,NO_TRUCKFLOW_MATCH
COMPROB_000301065003,BWV144,2026-06-29T18:59:00,2026-06-30T07:47:00,PRODUCTOS VARIOS,VARIOS,RICARDONE,EGRESO,MovimientosPorContrato_20260630.xlsx,NO_TRUCKFLOW_MATCH
CTG_10133221585,AH266OG,2026-06-30T02:13:00,2026-06-30T07:48:00,SOJA,VOLCABLE_PTO_2,TERMINAL_EMBARQUE,INGRESO,MovimientosPorContrato_20260630.xlsx,NO_TRUCKFLOW_MATCH
CTG_10133226966,GSM689,2026-06-30T02:23:00,2026-06-30T07:52:00,SOJA,VOLCABLE_PTO_3,TERMINAL_EMBARQUE,INGRESO,MovimientosPorContrato_20260630.xlsx,NO_TRUCKFLOW_MATCH
CTG_10233215906,GWQ265,2026-06-29T20:36:00,2026-06-30T07:53:00,MAIZ,CELDA_171_-_CENTRO,AVELLANEDA,INGRESO,MovimientosPorContrato_20260630.xlsx,NO_TRUCKFLOW_MATCH
CTG_10133215658,PKT966,2026-06-30T03:08:00,2026-06-30T07:56:00,SOJA,VOLCABLE_PTO_2,TERMINAL_EMBARQUE,INGRESO,MovimientosPorContrato_20260630.xlsx,NO_TRUCKFLOW_MATCH
CTG_10233233875,EQM498,2026-06-30T02:12:00,2026-06-30T07:56:00,GIRASOL,VOLCABLE_1,RICARDONE,INGRESO,MovimientosPorContrato_20260630.xlsx,NO_TRUCKFLOW_MATCH
CTG_10233209641,AG830AS,2026-06-30T00:30:00,2026-06-30T07:59:00,SOJA,VOLCABLE_PTO_5,TERMINAL_EMBARQUE,INGRESO,MovimientosPorContrato_20260630.xlsx,NO_TRUCKFLOW_MATCH
CTG_10233229398,AH943WE,2026-06-30T02:40:00,2026-06-30T08:01:00,SOJA,VOLCABLE_PTO_2,TERMINAL_EMBARQUE,INGRESO,MovimientosPorContrato_20260630.xlsx,NO_TRUCKFLOW_MATCH
CTG_10133229749,GHO115,2026-06-30T02:27:00,2026-06-30T08:02:00,SOJA,VOLCABLE_PTO_3,TERMINAL_EMBARQUE,INGRESO,MovimientosPorContrato_20260630.xlsx,NO_TRUCKFLOW_MATCH
CTG_10133230079,AE003LA,2026-06-30T01:17:00,2026-06-30T08:06:00,SOJA,VOLCABLE_PTO_5,TERMINAL_EMBARQUE,INGRESO,MovimientosPorContrato_20260630.xlsx,NO_TRUCKFLOW_MATCH
CTG_10133229285,ISV546,2026-06-30T02:30:00,2026-06-30T08:09:00,SOJA,VOLCABLE_PTO_3,TERMINAL_EMBARQUE,INGRESO,MovimientosPorContrato_20260630.xlsx,NO_TRUCKFLOW_MATCH
CTG_10233233140,HME741,2026-06-30T02:21:00,2026-06-30T08:12:00,SOJA,VOLCABLE_PTO_2,TERMINAL_EMBARQUE,INGRESO,MovimientosPorContrato_20260630.xlsx,NO_TRUCKFLOW_MATCH
CTG_10133227435,GSG800,2026-06-30T04:17:00,2026-06-30T08:16:00,SOJA,VOLCABLE_PTO_3,TERMINAL_EMBARQUE,INGRESO,MovimientosPorContrato_20260630.xlsx,NO_TRUCKFLOW_MATCH
CTG_10133230746,EBB802,2026-06-30T01:33:00,2026-06-30T08:17:00,SOJA,VOLCABLE_PTO_5,TERMINAL_EMBARQUE,INGRESO,MovimientosPorContrato_20260630.xlsx,NO_TRUCKFLOW_MATCH
CTG_10133214269,AE133TT,2026-06-30T05:02:00,2026-06-30T08:20:00,SOJA,VOLCABLE_PTO_2,TERMINAL_EMBARQUE,INGRESO,MovimientosPorContrato_20260630.xlsx,NO_TRUCKFLOW_MATCH
CTG_10133229152,AB650TC,2026-06-30T01:47:00,2026-06-30T08:23:00,SOJA,VOLCABLE_PTO_5,TERMINAL_EMBARQUE,INGRESO,MovimientosPorContrato_20260630.xlsx,NO_TRUCKFLOW_MATCH
CTG_10233211086,AE193PD,2026-06-30T03:00:00,2026-06-30T08:26:00,SOJA,CELDA_16,RICARDONE,INGRESO,MovimientosPorContrato_20260630.xlsx,NO_TRUCKFLOW_MATCH
CTG_10133229725,AG996YJ,2026-06-30T05:13:00,2026-06-30T08:27:00,SOJA,VOLCABLE_PTO_3,TERMINAL_EMBARQUE,INGRESO,MovimientosPorContrato_20260630.xlsx,NO_TRUCKFLOW_MATCH
CTG_10133229364,AI255YZ,2026-06-30T05:14:00,2026-06-30T08:29:00,SOJA,VOLCABLE_PTO_2,TERMINAL_EMBARQUE,INGRESO,MovimientosPorContrato_20260630.xlsx,NO_TRUCKFLOW_MATCH
COMPROB_000301065004,VNA879,2026-06-30T07:16:00,2026-06-30T08:29:00,CARTON-PAPEL,,RICARDONE,EGRESO,MovimientosPorContrato_20260630.xlsx,NO_TRUCKFLOW_MATCH
CTG_10133232760,FXC867,2026-06-30T02:04:00,2026-06-30T08:30:00,SOJA,VOLCABLE_PTO_3,TERMINAL_EMBARQUE,INGRESO,MovimientosPorContrato_20260630.xlsx,NO_TRUCKFLOW_MATCH
CTG_10233222538,UQA472,2026-06-30T01:05:00,2026-06-30T08:32:00,GIRASOL,VOLCABLE_1,RICARDONE,INGRESO,MovimientosPorContrato_20260630.xlsx,NO_TRUCKFLOW_MATCH
CTG_10233231500,RMO596,2026-06-30T03:48:00,2026-06-30T08:34:00,SOJA,CELDA_16,RICARDONE,INGRESO,MovimientosPorContrato_20260630.xlsx,NO_TRUCKFLOW_MATCH
CTG_10233220118,SGH537,2026-06-29T20:40:00,2026-06-30T08:35:00,MAIZ,CELDA_171_-_CENTRO,AVELLANEDA,INGRESO,MovimientosPorContrato_20260630.xlsx,NO_TRUCKFLOW_MATCH
CTG_10233232484,AE332IG,2026-06-30T04:02:00,2026-06-30T08:40:00,SOJA,CELDA_16,RICARDONE,INGRESO,MovimientosPorContrato_20260630.xlsx,NO_TRUCKFLOW_MATCH
CTG_10133207271,AG287CI,2026-06-30T01:55:00,2026-06-30T08:41:00,SOJA,VOLCABLE_PTO_5,TERMINAL_EMBARQUE,INGRESO,MovimientosPorContrato_20260630.xlsx,NO_TRUCKFLOW_MATCH
CTG_10133233153,HAM364,2026-06-30T03:18:00,2026-06-30T08:43:00,SOJA,VOLCABLE_PTO_2,TERMINAL_EMBARQUE,INGRESO,MovimientosPorContrato_20260630.xlsx,NO_TRUCKFLOW_MATCH
CTG_10133233121,JIT402,2026-06-30T03:17:00,2026-06-30T08:44:00,SOJA,VOLCABLE_PTO_3,TERMINAL_EMBARQUE,INGRESO,MovimientosPorContrato_20260630.xlsx,NO_TRUCKFLOW_MATCH
CTG_10133227663,AG141SD,2026-06-30T06:00:00,2026-06-30T08:46:00,SOJA,VOLCABLE_PTO_3,TERMINAL_EMBARQUE,INGRESO,MovimientosPorContrato_20260630.xlsx,NO_TRUCKFLOW_MATCH
CTG_10233231650,EWW699,2026-06-30T05:17:00,2026-06-30T08:46:00,SOJA,CELDA_16,RICARDONE,INGRESO,MovimientosPorContrato_20260630.xlsx,NO_TRUCKFLOW_MATCH
CTG_10133230086,AH732KW,2026-06-30T06:04:00,2026-06-30T08:47:00,SOJA,VOLCABLE_PTO_2,TERMINAL_EMBARQUE,INGRESO,MovimientosPorContrato_20260630.xlsx,NO_TRUCKFLOW_MATCH
CTG_10133233005,LUW705,2026-06-30T06:35:00,2026-06-30T08:49:00,SOJA,CELDA_16,RICARDONE,INGRESO,MovimientosPorContrato_20260630.xlsx,NO_TRUCKFLOW_MATCH
CTG_10233229291,AF639SI,2026-06-30T06:17:00,2026-06-30T08:50:00,SOJA,VOLCABLE_PTO_3,TERMINAL_EMBARQUE,INGRESO,MovimientosPorContrato_20260630.xlsx,NO_TRUCKFLOW_MATCH
CTG_10233229203,JTB589,2026-06-30T06:24:00,2026-06-30T08:51:00,SOJA,CELDA_16,RICARDONE,INGRESO,MovimientosPorContrato_20260630.xlsx,NO_TRUCKFLOW_MATCH
COMPROB_000400419000,OFG785,2026-06-30T05:12:00,2026-06-30T08:53:00,ACEITE GIRASOL REFINADO,ACEITE_OSL,TERMINAL_EMBARQUE,EGRESO,MovimientosPorContrato_20260630.xlsx,NO_TRUCKFLOW_MATCH
CTG_10233176057,TUP596,2026-06-29T20:47:00,2026-06-30T08:54:00,MAIZ,CELDA_171_-_CENTRO,AVELLANEDA,INGRESO,MovimientosPorContrato_20260630.xlsx,NO_TRUCKFLOW_MATCH
CTG_10133228297,AE267MS,2026-06-30T07:01:00,2026-06-30T08:55:00,SOJA,VOLCABLE_PTO_3,TERMINAL_EMBARQUE,INGRESO,MovimientosPorContrato_20260630.xlsx,NO_TRUCKFLOW_MATCH
CTG_10133233061,AH237ML,2026-06-30T06:36:00,2026-06-30T08:57:00,SOJA,CELDA_16,RICARDONE,INGRESO,MovimientosPorContrato_20260630.xlsx,NO_TRUCKFLOW_MATCH
CTG_10233228834,AH319LD,2026-06-30T06:16:00,2026-06-30T08:58:00,SOJA,VOLCABLE_PTO_2,TERMINAL_EMBARQUE,INGRESO,MovimientosPorContrato_20260630.xlsx,NO_TRUCKFLOW_MATCH
CTG_10133219226,AC190DO,2026-06-30T06:47:00,2026-06-30T09:05:00,SOJA,CELDA_16,RICARDONE,INGRESO,MovimientosPorContrato_20260630.xlsx,NO_TRUCKFLOW_MATCH
CTG_10133231562,CRJ110,2026-06-30T01:56:00,2026-06-30T09:05:00,SOJA,VOLCABLE_PTO_5,TERMINAL_EMBARQUE,INGRESO,MovimientosPorContrato_20260630.xlsx,NO_TRUCKFLOW_MATCH
CTG_10133225191,HYC334,2026-06-30T06:59:00,2026-06-30T09:06:00,SOJA,CELDA_16,RICARDONE,INGRESO,MovimientosPorContrato_20260630.xlsx,NO_TRUCKFLOW_MATCH
COMPROB_000400419001,BTS626,2026-06-30T07:54:00,2026-06-30T09:10:00,AGUA POTABLE,ACEITE_OSL,TERMINAL_EMBARQUE,EGRESO,MovimientosPorContrato_20260630.xlsx,NO_TRUCKFLOW_MATCH
CTG_10133227560,CRK690,2026-06-30T07:03:00,2026-06-30T09:10:00,SOJA,CELDA_16,RICARDONE,INGRESO,MovimientosPorContrato_20260630.xlsx,NO_TRUCKFLOW_MATCH
COMPROB_000400419002,LKJ248,2026-06-30T05:48:00,2026-06-30T09:11:00,ACEITE GIRASOL REFINADO,ACEITE_OSL,TERMINAL_EMBARQUE,EGRESO,MovimientosPorContrato_20260630.xlsx,NO_TRUCKFLOW_MATCH
CTG_10133229556,AC217WZ,2026-06-30T02:05:00,2026-06-30T09:13:00,SOJA,VOLCABLE_PTO_5,TERMINAL_EMBARQUE,INGRESO,MovimientosPorContrato_20260630.xlsx,NO_TRUCKFLOW_MATCH
CTG_10133225143,AA786GG,2026-06-30T07:27:00,2026-06-30T09:15:00,SOJA,VOLCABLE_PTO_2,TERMINAL_EMBARQUE,INGRESO,MovimientosPorContrato_20260630.xlsx,NO_TRUCKFLOW_MATCH
CTG_10233200222,OIX640,2026-06-29T19:29:00,2026-06-30T09:16:00,SOJA,VOLCABLE_PTO_5,TERMINAL_EMBARQUE,INGRESO,MovimientosPorContrato_20260630.xlsx,NO_TRUCKFLOW_MATCH
COMPROB_000400419003,JIA232,2026-06-30T08:43:00,2026-06-30T09:18:00,TIERRA DESC FILTROS,,TERMINAL_EMBARQUE,EGRESO,MovimientosPorContrato_20260630.xlsx,NO_TRUCKFLOW_MATCH
CTG_10233228002,AE218JG,2026-06-30T07:16:00,2026-06-30T09:18:00,SOJA,CELDA_16,RICARDONE,INGRESO,MovimientosPorContrato_20260630.xlsx,NO_TRUCKFLOW_MATCH
COMPROB_000400419004,OVP323,2026-06-30T08:11:00,2026-06-30T09:20:00,FUEL-OIL,ACEITE_OSL,TERMINAL_EMBARQUE,EGRESO,MovimientosPorContrato_20260630.xlsx,NO_TRUCKFLOW_MATCH
CTG_10133227723,AE350PS,2026-06-30T07:30:00,2026-06-30T09:21:00,SOJA,VOLCABLE_PTO_2,TERMINAL_EMBARQUE,INGRESO,MovimientosPorContrato_20260630.xlsx,NO_TRUCKFLOW_MATCH
CTG_10233219498,GUC605,2026-06-30T07:45:00,2026-06-30T09:22:00,SOJA,VOLCABLE_PTO_2,TERMINAL_EMBARQUE,INGRESO,MovimientosPorContrato_20260630.xlsx,NO_TRUCKFLOW_MATCH
CTG_10233185431,TKJ891,2026-06-29T20:49:00,2026-06-30T09:28:00,MAIZ,CELDA_171_-_CENTRO,AVELLANEDA,INGRESO,MovimientosPorContrato_20260630.xlsx,NO_TRUCKFLOW_MATCH
CTG_10233222651,SVC434,2026-06-30T07:41:00,2026-06-30T09:29:00,SOJA,VOLCABLE_PTO_2,TERMINAL_EMBARQUE,INGRESO,MovimientosPorContrato_20260630.xlsx,NO_TRUCKFLOW_MATCH
CTG_10233229574,VMN161,2026-06-30T07:47:00,2026-06-30T09:31:00,SOJA,CELDA_16,RICARDONE,INGRESO,MovimientosPorContrato_20260630.xlsx,NO_TRUCKFLOW_MATCH
COMPROB_000200319669,FZC965,2026-06-30T08:50:00,2026-06-30T09:32:00,BURLANDA HUMEDA,DEPOSITO_BURLANDAS,AVELLANEDA,EGRESO,MovimientosPorContrato_20260630.xlsx,NO_TRUCKFLOW_MATCH
CTG_10133225437,LTE173,2026-06-30T07:48:00,2026-06-30T09:32:00,SOJA,CELDA_16,RICARDONE,INGRESO,MovimientosPorContrato_20260630.xlsx,NO_TRUCKFLOW_MATCH
CTG_10233229219,GTZ767,2026-06-30T07:41:00,2026-06-30T09:34:00,SOJA,VOLCABLE_PTO_2,TERMINAL_EMBARQUE,INGRESO,MovimientosPorContrato_20260630.xlsx,NO_TRUCKFLOW_MATCH
COMPROB_000400419005,WRM886,2026-06-30T06:20:00,2026-06-30T09:35:00,ACEITE GIRASOL REFINADO,ACEITE_OSL,TERMINAL_EMBARQUE,EGRESO,MovimientosPorContrato_20260630.xlsx,NO_TRUCKFLOW_MATCH
CTG_10233227637,WEB675,2026-06-30T08:22:00,2026-06-30T09:35:00,SOJA,CELDA_16,RICARDONE,INGRESO,MovimientosPorContrato_20260630.xlsx,NO_TRUCKFLOW_MATCH
CTG_10133233062,AA037EW,2026-06-30T09:00:00,2026-06-30T09:45:00,SOJA,CELDA_16,RICARDONE,INGRESO,MovimientosPorContrato_20260630.xlsx,NO_TRUCKFLOW_MATCH
CTG_30033238578,NYT605,2026-06-30T07:29:00,2026-06-30T09:46:00,ACEITE SOJA CRUDO DESGOMADO,,TERMINAL_EMBARQUE,EGRESO,MovimientosPorContrato_20260630.xlsx,NO_TRUCKFLOW_MATCH
CTG_10133232299,GPL698,2026-06-30T07:34:00,2026-06-30T09:48:00,SOJA,VOLCABLE_PTO_2,TERMINAL_EMBARQUE,INGRESO,MovimientosPorContrato_20260630.xlsx,NO_TRUCKFLOW_MATCH
CTG_10233230801,OFT697,2026-06-30T08:04:00,2026-06-30T09:48:00,SOJA,CELDA_16,RICARDONE,INGRESO,MovimientosPorContrato_20260630.xlsx,NO_TRUCKFLOW_MATCH
CTG_10133222897,AD159MS,2026-06-29T19:29:00,2026-06-30T09:49:00,SOJA,VOLCABLE_PTO_5,TERMINAL_EMBARQUE,INGRESO,MovimientosPorContrato_20260630.xlsx,NO_TRUCKFLOW_MATCH
COMPROB_000301065005,FEA810,2026-06-30T07:44:00,2026-06-30T09:50:00,RESIDUOS ORG,,RICARDONE,EGRESO,MovimientosPorContrato_20260630.xlsx,NO_TRUCKFLOW_MATCH
CTG_10133227665,AD788LW,2026-06-30T07:44:00,2026-06-30T09:50:00,SOJA,VOLCABLE_PTO_2,TERMINAL_EMBARQUE,INGRESO,MovimientosPorContrato_20260630.xlsx,NO_TRUCKFLOW_MATCH
CTG_10133233064,AB736BJ,2026-06-30T09:01:00,2026-06-30T09:51:00,SOJA,CELDA_16,RICARDONE,INGRESO,MovimientosPorContrato_20260630.xlsx,NO_TRUCKFLOW_MATCH
CTG_10233208559,KHH505,2026-06-29T19:39:00,2026-06-30T09:51:00,SOJA,VOLCABLE_PTO_5,TERMINAL_EMBARQUE,INGRESO,MovimientosPorContrato_20260630.xlsx,NO_TRUCKFLOW_MATCH
COMPROB_000400419007,OGA047,2026-06-30T06:32:00,2026-06-30T09:53:00,ACEITE GIRASOL REFINADO,ACEITE_OSL,TERMINAL_EMBARQUE,EGRESO,MovimientosPorContrato_20260630.xlsx,NO_TRUCKFLOW_MATCH
CTG_10233218423,GRN627,2026-06-30T08:06:00,2026-06-30T10:02:00,SOJA,VOLCABLE_PTO_2,TERMINAL_EMBARQUE,INGRESO,MovimientosPorContrato_20260630.xlsx,NO_TRUCKFLOW_MATCH
CTG_10233226404,FHC341,2026-06-30T07:22:00,2026-06-30T10:02:00,GIRASOL,VOLCABLE_1,RICARDONE,INGRESO,MovimientosPorContrato_20260630.xlsx,NO_TRUCKFLOW_MATCH
CTG_30033234369,JPS813,2026-06-30T08:27:00,2026-06-30T10:05:00,ACEITE GIRASOL PARA REFINAR,ACEITE_PTO,TERMINAL_EMBARQUE,INGRESO,MovimientosPorContrato_20260630.xlsx,NO_TRUCKFLOW_MATCH
CTG_30033234560,FAF492,2026-06-30T08:40:00,2026-06-30T10:07:00,ACEITE GIRASOL PARA REFINAR,ACEITE_PTO,TERMINAL_EMBARQUE,INGRESO,MovimientosPorContrato_20260630.xlsx,NO_TRUCKFLOW_MATCH
CTG_10233219907,BXJ499,2026-06-30T08:37:00,2026-06-30T10:08:00,SOJA,VOLCABLE_PTO_2,TERMINAL_EMBARQUE,INGRESO,MovimientosPorContrato_20260630.xlsx,NO_TRUCKFLOW_MATCH
CTG_30033239863,FUX575,2026-06-30T05:19:00,2026-06-30T10:10:00,ACEITE SOJA CRUDO DESGOMADO,,TERMINAL_EMBARQUE,EGRESO,MovimientosPorContrato_20260630.xlsx,NO_TRUCKFLOW_MATCH
CTG_30033240050,DIV250,2026-06-30T06:31:00,2026-06-30T10:14:00,ACEITE SOJA CRUDO DESGOMADO,,TERMINAL_EMBARQUE,EGRESO,MovimientosPorContrato_20260630.xlsx,NO_TRUCKFLOW_MATCH
COMPROB_000301065006,UAJ766,2026-06-30T09:16:00,2026-06-30T10:15:00,PRODUCTOS VARIOS,VARIOS,RICARDONE,EGRESO,MovimientosPorContrato_20260630.xlsx,NO_TRUCKFLOW_MATCH
COMPROB_000400419010,KWO040,2026-06-30T07:05:00,2026-06-30T10:16:00,ACEITE GIRASOL REFINADO,ACEITE_OSL,TERMINAL_EMBARQUE,EGRESO,MovimientosPorContrato_20260630.xlsx,NO_TRUCKFLOW_MATCH
CTG_10133226690,AI129JE,2026-06-30T09:02:00,2026-06-30T10:17:00,SOJA,VOLCABLE_PTO_2,TERMINAL_EMBARQUE,INGRESO,MovimientosPorContrato_20260630.xlsx,NO_TRUCKFLOW_MATCH
COMPROB_000200319670,AC549UY,2026-06-30T09:02:00,2026-06-30T10:20:00,ALCOHOL ETILICO ANHIDRO P/ BIOCOMB ORIG CEREAL,T1002,AVELLANEDA,EGRESO,MovimientosPorContrato_20260630.xlsx,NO_TRUCKFLOW_MATCH
CTG_10133226438,AD456BY,2026-06-30T09:02:00,2026-06-30T10:22:00,SOJA,VOLCABLE_PTO_2,TERMINAL_EMBARQUE,INGRESO,MovimientosPorContrato_20260630.xlsx,NO_TRUCKFLOW_MATCH
CTG_10133228047,AD878IL,2026-06-30T08:46:00,2026-06-30T10:32:00,SOJA,VOLCABLE_PTO_2,TERMINAL_EMBARQUE,INGRESO,MovimientosPorContrato_20260630.xlsx,NO_TRUCKFLOW_MATCH
CTG_10233228510,DOA548,2026-06-30T06:34:00,2026-06-30T10:34:00,SOJA,VOLCABLE_PTO_3,TERMINAL_EMBARQUE,INGRESO,MovimientosPorContrato_20260630.xlsx,NO_TRUCKFLOW_MATCH
COMPROB_000200319671,XXXXX,2026-06-30T10:34:00,2026-06-30T10:34:00,MAIZ,,AVELLANEDA,EGRESO,MovimientosPorContrato_20260630.xlsx,NO_TRUCKFLOW_MATCH
CTG_10133232605,JVA061,2026-06-30T06:45:00,2026-06-30T10:37:00,SOJA,VOLCABLE_PTO_2,TERMINAL_EMBARQUE,INGRESO,MovimientosPorContrato_20260630.xlsx,NO_TRUCKFLOW_MATCH
COMPROB_000200319672,FZC965,2026-06-30T10:09:00,2026-06-30T10:40:00,BURLANDA HUMEDA,DEPOSITO_BURLANDAS,AVELLANEDA,EGRESO,MovimientosPorContrato_20260630.xlsx,NO_TRUCKFLOW_MATCH
CTG_30033234871,JDH880,2026-06-30T09:10:00,2026-06-30T10:40:00,ACEITE GIRASOL PARA REFINAR,ACEITE_PTO,TERMINAL_EMBARQUE,INGRESO,MovimientosPorContrato_20260630.xlsx,NO_TRUCKFLOW_MATCH
CTG_10200061,XXXXX,2026-06-30T10:41:00,2026-06-30T10:41:00,MAIZ,,AVELLANEDA,INGRESO,MovimientosPorContrato_20260630.xlsx,NO_TRUCKFLOW_MATCH
CTG_10133228846,AI211ER,2026-06-30T07:55:00,2026-06-30T10:42:00,GIRASOL,VOLCABLE_1,RICARDONE,INGRESO,MovimientosPorContrato_20260630.xlsx,NO_TRUCKFLOW_MATCH
CTG_30033235361,JUP399,2026-06-30T09:26:00,2026-06-30T10:48:00,ACEITE GIRASOL PARA REFINAR,ACEITE_PTO,TERMINAL_EMBARQUE,INGRESO,MovimientosPorContrato_20260630.xlsx,NO_TRUCKFLOW_MATCH
COMPROB_000400419011,EAO104,2026-06-30T09:08:00,2026-06-30T10:58:00,ACEITE GIRASOL REFINADO,ACEITE_OSL,TERMINAL_EMBARQUE,EGRESO,MovimientosPorContrato_20260630.xlsx,NO_TRUCKFLOW_MATCH
COMPROB_000404033847,EAO104,2026-06-30T10:58:00,2026-06-30T10:58:00,ACEITE GIRASOL REFINADO,,TERMINAL_EMBARQUE,INGRESO,MovimientosPorContrato_20260630.xlsx,NO_TRUCKFLOW_MATCH
CTG_10133212800,AE133TU,2026-06-30T09:09:00,2026-06-30T10:59:00,SOJA,VOLCABLE_PTO_2,TERMINAL_EMBARQUE,INGRESO,MovimientosPorContrato_20260630.xlsx,NO_TRUCKFLOW_MATCH
COMPROB_000200319673,AE372QC,2026-06-30T09:28:00,2026-06-30T10:59:00,DDG BURLANDA SECA DE MAIZ SIN SOLUBLES,DEPOSITO_BURLANDAS,AVELLANEDA,EGRESO,MovimientosPorContrato_20260630.xlsx,NO_TRUCKFLOW_MATCH
CTG_10133223183,KWO260,2026-06-30T09:21:00,2026-06-30T11:00:00,SOJA,VOLCABLE_PTO_3,TERMINAL_EMBARQUE,INGRESO,MovimientosPorContrato_20260630.xlsx,NO_TRUCKFLOW_MATCH
CTG_30033242927,AF026UP,2026-06-30T04:14:00,2026-06-30T11:04:00,ACEITE SOJA CRUDO DESGOMADO,,TERMINAL_EMBARQUE,EGRESO,MovimientosPorContrato_20260630.xlsx,NO_TRUCKFLOW_MATCH
CTG_10133232488,AC477AN,2026-06-30T09:51:00,2026-06-30T11:06:00,SOJA,VOLCABLE_PTO_3,TERMINAL_EMBARQUE,INGRESO,MovimientosPorContrato_20260630.xlsx,NO_TRUCKFLOW_MATCH
CTG_10133233049,AH512TU,2026-06-30T09:30:00,2026-06-30T11:07:00,SOJA,VOLCABLE_PTO_2,TERMINAL_EMBARQUE,INGRESO,MovimientosPorContrato_20260630.xlsx,NO_TRUCKFLOW_MATCH
CTG_10133223743,AF519IE,2026-06-30T09:28:00,2026-06-30T11:07:00,SOJA,CELDA_16,RICARDONE,INGRESO,MovimientosPorContrato_20260630.xlsx,NO_TRUCKFLOW_MATCH
CTG_10133227816,JFF865,2026-06-30T09:16:00,2026-06-30T11:09:00,SOJA,CELDA_16,RICARDONE,INGRESO,MovimientosPorContrato_20260630.xlsx,NO_TRUCKFLOW_MATCH
COMPROB_000400419013,KOQ228,2026-06-30T07:28:00,2026-06-30T11:09:00,ACEITE GIRASOL REFINADO,ACEITE_OSL,TERMINAL_EMBARQUE,EGRESO,MovimientosPorContrato_20260630.xlsx,NO_TRUCKFLOW_MATCH
CTG_10233224838,AE356VT,2026-06-30T08:30:00,2026-06-30T11:13:00,GIRASOL,VOLCABLE_1,RICARDONE,INGRESO,MovimientosPorContrato_20260630.xlsx,NO_TRUCKFLOW_MATCH
CTG_10133233574,AF552VN,2026-06-30T10:13:00,2026-06-30T11:17:00,SOJA,VOLCABLE_PTO_2,TERMINAL_EMBARQUE,INGRESO,MovimientosPorContrato_20260630.xlsx,NO_TRUCKFLOW_MATCH
COMPROB_000301065007,VNA879,2026-06-30T09:22:00,2026-06-30T11:19:00,CARTON-PAPEL,,RICARDONE,EGRESO,MovimientosPorContrato_20260630.xlsx,NO_TRUCKFLOW_MATCH
CTG_10233228524,RTU858,2026-06-30T09:42:00,2026-06-30T11:23:00,SOJA,CELDA_16,RICARDONE,INGRESO,MovimientosPorContrato_20260630.xlsx,NO_TRUCKFLOW_MATCH
CTG_10133221693,AE915UF,2026-06-30T09:52:00,2026-06-30T11:24:00,SOJA,CELDA_16,RICARDONE,INGRESO,MovimientosPorContrato_20260630.xlsx,NO_TRUCKFLOW_MATCH
CTG_10233230561,LXM094,2026-06-30T09:49:00,2026-06-30T11:25:00,SOJA,CELDA_16,RICARDONE,INGRESO,MovimientosPorContrato_20260630.xlsx,NO_TRUCKFLOW_MATCH
CTG_10233228127,JWO011,2026-06-30T10:07:00,2026-06-30T11:26:00,SOJA,VOLCABLE_PTO_3,TERMINAL_EMBARQUE,INGRESO,MovimientosPorContrato_20260630.xlsx,NO_TRUCKFLOW_MATCH
CTG_30033237138,AKJ611,2026-06-30T10:02:00,2026-06-30T11:27:00,ACEITE GIRASOL PARA REFINAR,ACEITE_PTO,TERMINAL_EMBARQUE,INGRESO,MovimientosPorContrato_20260630.xlsx,NO_TRUCKFLOW_MATCH
COMPROB_000400419014,MWH059,2026-06-30T09:09:00,2026-06-30T11:33:00,ACEITE GIRASOL REFINADO,ACEITE_OSL,TERMINAL_EMBARQUE,EGRESO,MovimientosPorContrato_20260630.xlsx,NO_TRUCKFLOW_MATCH
COMPROB_000404033855,UAJ766,2026-06-30T10:41:00,2026-06-30T11:35:00,PRODUCTOS VARIOS,,TERMINAL_EMBARQUE,INGRESO,MovimientosPorContrato_20260630.xlsx,NO_TRUCKFLOW_MATCH
CTG_10233237588,BUT271,2026-06-30T10:38:00,2026-06-30T11:36:00,SOJA,VOLCABLE_PTO_2,TERMINAL_EMBARQUE,INGRESO,MovimientosPorContrato_20260630.xlsx,NO_TRUCKFLOW_MATCH
COMPROB_000200319674,FZC965,2026-06-30T11:09:00,2026-06-30T11:36:00,DDG BURLANDA SECA DE MAIZ SIN SOLUBLES,DEPOSITO_BURLANDAS,AVELLANEDA,EGRESO,MovimientosPorContrato_20260630.xlsx,NO_TRUCKFLOW_MATCH
CTG_30033236131,UUU110,2026-06-30T09:41:00,2026-06-30T11:38:00,ACEITE GIRASOL PARA REFINAR,ACEITE_PTO,TERMINAL_EMBARQUE,INGRESO,MovimientosPorContrato_20260630.xlsx,NO_TRUCKFLOW_MATCH
CTG_10133236080,AD910IP,2026-06-30T10:12:00,2026-06-30T11:40:00,SOJA,VOLCABLE_PTO_3,TERMINAL_EMBARQUE,INGRESO,MovimientosPorContrato_20260630.xlsx,NO_TRUCKFLOW_MATCH
CTG_10133225082,AE255DM,2026-06-30T08:26:00,2026-06-30T11:47:00,SOJA,VOLCABLE_PTO_2,TERMINAL_EMBARQUE,INGRESO,MovimientosPorContrato_20260630.xlsx,NO_TRUCKFLOW_MATCH
COMPROB_000400419015,AD887XZ,2026-06-30T08:21:00,2026-06-30T11:48:00,ACEITE GIRASOL REFINADO,ACEITE_OSL,TERMINAL_EMBARQUE,EGRESO,MovimientosPorContrato_20260630.xlsx,NO_TRUCKFLOW_MATCH
CTG_10133232695,GSY397,2026-06-30T08:29:00,2026-06-30T11:57:00,SOJA,VOLCABLE_PTO_2,TERMINAL_EMBARQUE,INGRESO,MovimientosPorContrato_20260630.xlsx,NO_TRUCKFLOW_MATCH
COMPROB_000400419016,AE808WD,2026-06-30T08:48:00,2026-06-30T12:06:00,RESIDUOS ORG,,TERMINAL_EMBARQUE,EGRESO,MovimientosPorContrato_20260630.xlsx,NO_TRUCKFLOW_MATCH
COMPROB_000200319675,AF582DO,2026-06-30T11:05:00,2026-06-30T12:07:00,ALCOHOL ETILICO ANHIDRO P/ BIOCOMB ORIG CEREAL,T1002,AVELLANEDA,EGRESO,MovimientosPorContrato_20260630.xlsx,NO_TRUCKFLOW_MATCH
COMPROB_000400419017,DQQ926,2026-06-30T10:27:00,2026-06-30T12:09:00,ACEITE GIRASOL REFINADO,ACEITE_OSL,TERMINAL_EMBARQUE,EGRESO,MovimientosPorContrato_20260630.xlsx,NO_TRUCKFLOW_MATCH
CTG_10233229447,AH386HW,2026-06-30T10:41:00,2026-06-30T12:20:00,SOJA,VOLCABLE_PTO_2,TERMINAL_EMBARQUE,INGRESO,MovimientosPorContrato_20260630.xlsx,NO_TRUCKFLOW_MATCH
COMPROB_000200319676,00000,2026-06-30T12:21:00,2026-06-30T12:22:00,RESIDUOS ASIMILABLES A DOMICILIARIOS,SIN_ESPECIFICAR,AVELLANEDA,EGRESO,MovimientosPorContrato_20260630.xlsx,NO_TRUCKFLOW_MATCH
COMPROB_000400419018,LGZ704,2026-06-30T10:07:00,2026-06-30T12:25:00,ACEITE GIRASOL REFINADO,ACEITE_OSL,TERMINAL_EMBARQUE,EGRESO,MovimientosPorContrato_20260630.xlsx,NO_TRUCKFLOW_MATCH
CTG_10233224945,FNK926,2026-06-30T11:30:00,2026-06-30T12:29:00,SOJA,VOLCABLE_PTO_2,TERMINAL_EMBARQUE,INGRESO,MovimientosPorContrato_20260630.xlsx,NO_TRUCKFLOW_MATCH
COMPROB_000200319677,NVZ027,2026-06-30T12:32:00,2026-06-30T12:33:00,DDG BURLANDA SECA DE MAIZ SIN SOLUBLES,DEPOSITO_BURLANDAS,AVELLANEDA,EGRESO,MovimientosPorContrato_20260630.xlsx,NO_TRUCKFLOW_MATCH
CTG_10133148213,NVX871,2026-06-29T20:38:00,2026-06-30T12:38:00,MAIZ,CELDA_171_-_CENTRO,AVELLANEDA,INGRESO,MovimientosPorContrato_20260630.xlsx,NO_TRUCKFLOW_MATCH
CTG_10133216234,JPS993,2026-06-30T11:06:00,2026-06-30T12:43:00,SOJA,VOLCABLE_PTO_2,TERMINAL_EMBARQUE,INGRESO,MovimientosPorContrato_20260630.xlsx,NO_TRUCKFLOW_MATCH
COMPROB_000200319678,HYH111,2026-06-30T12:10:00,2026-06-30T12:44:00,BURLANDA HUMEDA,DEPOSITO_BURLANDAS,AVELLANEDA,EGRESO,MovimientosPorContrato_20260630.xlsx,NO_TRUCKFLOW_MATCH
COMPROB_000400419019,EGV380,2026-06-30T08:53:00,2026-06-30T12:47:00,ACEITE GIRASOL REFINADO,ACEITE_OSL,TERMINAL_EMBARQUE,EGRESO,MovimientosPorContrato_20260630.xlsx,NO_TRUCKFLOW_MATCH
CTG_30033239225,EXR046,2026-06-30T10:45:00,2026-06-30T12:48:00,ACEITE GIRASOL PARA REFINAR,ACEITE_PTO,TERMINAL_EMBARQUE,INGRESO,MovimientosPorContrato_20260630.xlsx,NO_TRUCKFLOW_MATCH
CTG_10133215418,WCM681,2026-06-30T11:07:00,2026-06-30T12:49:00,SOJA,VOLCABLE_PTO_2,TERMINAL_EMBARQUE,INGRESO,MovimientosPorContrato_20260630.xlsx,NO_TRUCKFLOW_MATCH
CTG_30033238167,AJV928,2026-06-30T10:21:00,2026-06-30T12:50:00,ACEITE GIRASOL PARA REFINAR,ACEITE_PTO,TERMINAL_EMBARQUE,INGRESO,MovimientosPorContrato_20260630.xlsx,NO_TRUCKFLOW_MATCH
COMPROB_000200319679,XXXXX,2026-06-30T13:03:00,2026-06-30T13:03:00,THIN STILLAGE DE MAIZ,,AVELLANEDA,EGRESO,MovimientosPorContrato_20260630.xlsx,NO_TRUCKFLOW_MATCH
COMPROB_000400419020,CDF727,2026-06-30T08:54:00,2026-06-30T13:08:00,ACEITE GIRASOL REFINADO,ACEITE_OSL,TERMINAL_EMBARQUE,EGRESO,MovimientosPorContrato_20260630.xlsx,NO_TRUCKFLOW_MATCH
CTG_10233193030,GQC836,2026-06-29T21:09:00,2026-06-30T13:10:00,MAIZ,CELDA_171_-_CENTRO,AVELLANEDA,INGRESO,MovimientosPorContrato_20260630.xlsx,NO_TRUCKFLOW_MATCH
COMPROB_000301065008,UAJ766,2026-06-30T11:47:00,2026-06-30T13:14:00,PRODUCTOS VARIOS,VARIOS,RICARDONE,EGRESO,MovimientosPorContrato_20260630.xlsx,NO_TRUCKFLOW_MATCH
CTG_30033249039,ECX249,2026-06-30T12:14:00,2026-06-30T13:15:00,PELLETS GIRASOL,,RICARDONE,EGRESO,MovimientosPorContrato_20260630.xlsx,NO_TRUCKFLOW_MATCH
CTG_30033249269,RDL445,2026-06-30T12:43:00,2026-06-30T13:22:00,PELLETS GIRASOL,,RICARDONE,EGRESO,MovimientosPorContrato_20260630.xlsx,NO_TRUCKFLOW_MATCH
CTG_30033240463,KZO646,2026-06-30T11:10:00,2026-06-30T13:23:00,ACEITE GIRASOL PARA REFINAR,ACEITE_PTO,TERMINAL_EMBARQUE,INGRESO,MovimientosPorContrato_20260630.xlsx,NO_TRUCKFLOW_MATCH
CTG_10233228705,AE714XG,2026-06-30T09:32:00,2026-06-30T13:24:00,SOJA,VOLCABLE_PTO_2,TERMINAL_EMBARQUE,INGRESO,MovimientosPorContrato_20260630.xlsx,NO_TRUCKFLOW_MATCH
COMPROB_000400419021,EVD342,2026-06-30T08:55:00,2026-06-30T13:27:00,ACEITE GIRASOL REFINADO,ACEITE_OSL,TERMINAL_EMBARQUE,EGRESO,MovimientosPorContrato_20260630.xlsx,NO_TRUCKFLOW_MATCH
CTG_30033249476,RXD557,2026-06-30T12:31:00,2026-06-30T13:28:00,PELLETS GIRASOL,,RICARDONE,EGRESO,MovimientosPorContrato_20260630.xlsx,NO_TRUCKFLOW_MATCH
CTG_30033241779,NBK156,2026-06-30T11:33:00,2026-06-30T13:31:00,ACEITE GIRASOL PARA REFINAR,ACEITE_PTO,TERMINAL_EMBARQUE,INGRESO,MovimientosPorContrato_20260630.xlsx,NO_TRUCKFLOW_MATCH
CTG_30033249723,CKQ212,2026-06-30T12:55:00,2026-06-30T13:36:00,PELLETS GIRASOL,,RICARDONE,EGRESO,MovimientosPorContrato_20260630.xlsx,NO_TRUCKFLOW_MATCH
CTG_30033249922,UUO981,2026-06-30T13:00:00,2026-06-30T13:40:00,PELLETS GIRASOL,,RICARDONE,EGRESO,MovimientosPorContrato_20260630.xlsx,NO_TRUCKFLOW_MATCH
COMPROB_000200319680,AB345TT,2026-06-30T12:33:00,2026-06-30T13:41:00,ALCOHOL ETILICO ANHIDRO P/ BIOCOMB ORIG CEREAL,T1002,AVELLANEDA,EGRESO,MovimientosPorContrato_20260630.xlsx,NO_TRUCKFLOW_MATCH
COMPROB_000404033870,AG496CN,2026-06-30T12:13:00,2026-06-30T13:41:00,PRODUCTOS VARIOS,,TERMINAL_EMBARQUE,INGRESO,MovimientosPorContrato_20260630.xlsx,NO_TRUCKFLOW_MATCH
CTG_10233235420,LZL487,2026-06-30T12:17:00,2026-06-30T13:48:00,SOJA,CELDA_16,RICARDONE,INGRESO,MovimientosPorContrato_20260630.xlsx,NO_TRUCKFLOW_MATCH
CTG_10133227722,GMX749,2026-06-30T10:05:00,2026-06-30T13:48:00,SOJA,VOLCABLE_PTO_2,TERMINAL_EMBARQUE,INGRESO,MovimientosPorContrato_20260630.xlsx,NO_TRUCKFLOW_MATCH
CTG_30033250235,CGS172,2026-06-30T13:17:00,2026-06-30T13:49:00,PELLETS GIRASOL,,RICARDONE,EGRESO,MovimientosPorContrato_20260630.xlsx,NO_TRUCKFLOW_MATCH
CTG_10133227883,HMA834,2026-06-30T10:06:00,2026-06-30T13:49:00,SOJA,VOLCABLE_PTO_2,TERMINAL_EMBARQUE,INGRESO,MovimientosPorContrato_20260630.xlsx,NO_TRUCKFLOW_MATCH
CTG_10133135629,KVQ349,2026-06-29T22:01:00,2026-06-30T13:50:00,MAIZ,CELDA_171_-_CENTRO,AVELLANEDA,INGRESO,MovimientosPorContrato_20260630.xlsx,NO_TRUCKFLOW_MATCH
COMPROB_000400419022,BXR841,2026-06-30T08:56:00,2026-06-30T13:51:00,ACEITE GIRASOL REFINADO,ACEITE_OSL,TERMINAL_EMBARQUE,EGRESO,MovimientosPorContrato_20260630.xlsx,NO_TRUCKFLOW_MATCH
CTG_10133221866,AB673FQ,2026-06-30T12:19:00,2026-06-30T13:51:00,SOJA,CELDA_16,RICARDONE,INGRESO,MovimientosPorContrato_20260630.xlsx,NO_TRUCKFLOW_MATCH
CTG_10133232837,AE314EA,2026-06-30T11:09:00,2026-06-30T13:53:00,SOJA,VOLCABLE_PTO_2,TERMINAL_EMBARQUE,INGRESO,MovimientosPorContrato_20260630.xlsx,NO_TRUCKFLOW_MATCH
CTG_30033243157,SPI351,2026-06-30T11:59:00,2026-06-30T13:55:00,ACEITE GIRASOL PARA REFINAR,ACEITE_PTO,TERMINAL_EMBARQUE,INGRESO,MovimientosPorContrato_20260630.xlsx,NO_TRUCKFLOW_MATCH
CTG_10233238286,HHX097,2026-06-30T12:32:00,2026-06-30T13:58:00,SOJA,CELDA_16,RICARDONE,INGRESO,MovimientosPorContrato_20260630.xlsx,NO_TRUCKFLOW_MATCH
CTG_10133233152,AF506GT,2026-06-30T11:48:00,2026-06-30T13:58:00,SOJA,VOLCABLE_PTO_2,TERMINAL_EMBARQUE,INGRESO,MovimientosPorContrato_20260630.xlsx,NO_TRUCKFLOW_MATCH
CTG_10133233209,LNT874,2026-06-30T12:53:00,2026-06-30T14:02:00,SOJA,VOLCABLE_PTO_2,TERMINAL_EMBARQUE,INGRESO,MovimientosPorContrato_20260630.xlsx,NO_TRUCKFLOW_MATCH
CTG_10133234269,HOD653,2026-06-30T12:45:00,2026-06-30T14:02:00,SOJA,CELDA_16,RICARDONE,INGRESO,MovimientosPorContrato_20260630.xlsx,NO_TRUCKFLOW_MATCH
CTG_30033249039,ECX249,2026-06-30T13:33:00,2026-06-30T14:03:00,PELLETS GIRASOL,VOLCABLE_PTO_4,TERMINAL_EMBARQUE,INGRESO,MovimientosPorContrato_20260630.xlsx,NO_TRUCKFLOW_MATCH
COMPROB_000200430897,UWD960,2026-06-30T13:05:00,2026-06-30T14:04:00,LEÑA CORTA SELECC,PLAYA_LEÑA_Y_CHIP,AVELLANEDA,INGRESO,MovimientosPorContrato_20260630.xlsx,NO_TRUCKFLOW_MATCH
COMPROB_000200430898,UGK420,2026-06-28T21:54:00,2026-06-30T14:06:00,LEÑA CORTA SELECC,PLAYA_LEÑA_Y_CHIP,AVELLANEDA,INGRESO,MovimientosPorContrato_20260630.xlsx,NO_TRUCKFLOW_MATCH
COMPROB_000404033878,UAJ766,2026-06-30T13:28:00,2026-06-30T14:08:00,PRODUCTOS VARIOS,,TERMINAL_EMBARQUE,INGRESO,MovimientosPorContrato_20260630.xlsx,NO_TRUCKFLOW_MATCH
COMPROB_000200430899,RER788,2026-06-30T13:40:00,2026-06-30T14:09:00,CHIP DE PINO,PLAYA_LEÑA_Y_CHIP,AVELLANEDA,INGRESO,MovimientosPorContrato_20260630.xlsx,NO_TRUCKFLOW_MATCH
CTG_10133235184,AE863IX,2026-06-30T12:59:00,2026-06-30T14:11:00,SOJA,CELDA_16,RICARDONE,INGRESO,MovimientosPorContrato_20260630.xlsx,NO_TRUCKFLOW_MATCH
CTG_30033249269,RDL445,2026-06-30T13:34:00,2026-06-30T14:11:00,PELLETS GIRASOL,VOLCABLE_PTO_4,TERMINAL_EMBARQUE,INGRESO,MovimientosPorContrato_20260630.xlsx,NO_TRUCKFLOW_MATCH
COMPROB_000400419023,OIG256,2026-06-30T10:16:00,2026-06-30T14:13:00,BORRA DE ACSOJA REFINADO,ACEITE_OSL,TERMINAL_EMBARQUE,EGRESO,MovimientosPorContrato_20260630.xlsx,NO_TRUCKFLOW_MATCH
CTG_10233236230,AET339,2026-06-30T12:57:00,2026-06-30T14:15:00,SOJA,VOLCABLE_PTO_2,TERMINAL_EMBARQUE,INGRESO,MovimientosPorContrato_20260630.xlsx,NO_TRUCKFLOW_MATCH
CTG_10133243042,NNW627,2026-06-30T13:08:00,2026-06-30T14:17:00,SOJA,CELDA_16,RICARDONE,INGRESO,MovimientosPorContrato_20260630.xlsx,NO_TRUCKFLOW_MATCH
COMPROB_000400419024,HNO035,2026-06-30T09:22:00,2026-06-30T14:17:00,ACEITE GIRASOL REFINADO,ACEITE_OSL,TERMINAL_EMBARQUE,EGRESO,MovimientosPorContrato_20260630.xlsx,NO_TRUCKFLOW_MATCH
CTG_10133245300,MFP905,2026-06-30T12:52:00,2026-06-30T14:19:00,SOJA,VOLCABLE_PTO_2,TERMINAL_EMBARQUE,INGRESO,MovimientosPorContrato_20260630.xlsx,NO_TRUCKFLOW_MATCH
CTG_30033251498,RNM392,2026-06-30T13:36:00,2026-06-30T14:19:00,PELLETS GIRASOL,,RICARDONE,EGRESO,MovimientosPorContrato_20260630.xlsx,NO_TRUCKFLOW_MATCH
CTG_30033249476,RXD557,2026-06-30T13:41:00,2026-06-30T14:19:00,PELLETS GIRASOL,VOLCABLE_PTO_4,TERMINAL_EMBARQUE,INGRESO,MovimientosPorContrato_20260630.xlsx,NO_TRUCKFLOW_MATCH
CTG_10233240023,KIG627,2026-06-30T13:17:00,2026-06-30T14:22:00,SOJA,CELDA_16,RICARDONE,INGRESO,MovimientosPorContrato_20260630.xlsx,NO_TRUCKFLOW_MATCH
CTG_30033251801,UKL882,2026-06-30T13:40:00,2026-06-30T14:24:00,PELLETS GIRASOL,,RICARDONE,EGRESO,MovimientosPorContrato_20260630.xlsx,NO_TRUCKFLOW_MATCH
CTG_10133224020,AC188QV,2026-06-29T23:02:00,2026-06-30T14:27:00,MAIZ,CELDA_171_-_CENTRO,AVELLANEDA,INGRESO,MovimientosPorContrato_20260630.xlsx,NO_TRUCKFLOW_MATCH
CTG_10233237831,AC216OA,2026-06-30T12:41:00,2026-06-30T14:27:00,SOJA,VOLCABLE_PTO_2,TERMINAL_EMBARQUE,INGRESO,MovimientosPorContrato_20260630.xlsx,NO_TRUCKFLOW_MATCH
COMPROB_000301065017,LFT141,2026-06-28T14:02:00,2026-06-30T14:28:00,PRODUCTOS VARIOS,VARIOS,RICARDONE,EGRESO,MovimientosPorContrato_20260630.xlsx,NO_TRUCKFLOW_MATCH
CTG_30033249723,CKQ212,2026-06-30T13:55:00,2026-06-30T14:28:00,PELLETS GIRASOL,VOLCABLE_PTO_4,TERMINAL_EMBARQUE,INGRESO,MovimientosPorContrato_20260630.xlsx,NO_TRUCKFLOW_MATCH
CTG_10133213902,AF337YL,2026-06-30T06:49:00,2026-06-30T14:30:00,SOJA,VOLCABLE_PTO_5,TERMINAL_EMBARQUE,INGRESO,MovimientosPorContrato_20260630.xlsx,NO_TRUCKFLOW_MATCH
CTG_10233232959,KCR124,2026-06-30T13:00:00,2026-06-30T14:30:00,SOJA,CELDA_16,RICARDONE,INGRESO,MovimientosPorContrato_20260630.xlsx,NO_TRUCKFLOW_MATCH
CTG_10233240180,NIU379,2026-06-30T13:32:00,2026-06-30T14:31:00,SOJA,CELDA_16,RICARDONE,INGRESO,MovimientosPorContrato_20260630.xlsx,NO_TRUCKFLOW_MATCH
COMPROB_000200430901,AD386JC,2026-06-30T13:56:00,2026-06-30T14:33:00,CHIP DE PINO,PLAYA_LEÑA_Y_CHIP,AVELLANEDA,INGRESO,MovimientosPorContrato_20260630.xlsx,NO_TRUCKFLOW_MATCH
CTG_10133235007,AI019VI,2026-06-30T13:37:00,2026-06-30T14:34:00,SOJA,CELDA_16,RICARDONE,INGRESO,MovimientosPorContrato_20260630.xlsx,NO_TRUCKFLOW_MATCH
CTG_30033252355,EYH843,2026-06-30T13:40:00,2026-06-30T14:35:00,PELLETS GIRASOL,,RICARDONE,EGRESO,MovimientosPorContrato_20260630.xlsx,NO_TRUCKFLOW_MATCH
CTG_10133237173,KLC865,2026-06-30T13:13:00,2026-06-30T14:35:00,SOJA,VOLCABLE_PTO_2,TERMINAL_EMBARQUE,INGRESO,MovimientosPorContrato_20260630.xlsx,NO_TRUCKFLOW_MATCH
COMPROB_000200319681,AB387EI,2026-06-30T13:33:00,2026-06-30T14:37:00,DDG BURLANDA SECA DE MAIZ SIN SOLUBLES,DEPOSITO_BURLANDAS,AVELLANEDA,EGRESO,MovimientosPorContrato_20260630.xlsx,NO_TRUCKFLOW_MATCH
COMPROB_000400419025,FEA810,2026-06-30T10:37:00,2026-06-30T14:39:00,RESIDUOS ORG,,TERMINAL_EMBARQUE,EGRESO,MovimientosPorContrato_20260630.xlsx,NO_TRUCKFLOW_MATCH
CTG_10133228026,FZN962,2026-06-30T06:46:00,2026-06-30T14:41:00,SOJA,VOLCABLE_PTO_5,TERMINAL_EMBARQUE,INGRESO,MovimientosPorContrato_20260630.xlsx,NO_TRUCKFLOW_MATCH
COMPROB_000200430902,RER636,2026-06-30T13:15:00,2026-06-30T14:43:00,LEÑA CORTA,PLAYA_LEÑA_Y_CHIP,AVELLANEDA,INGRESO,MovimientosPorContrato_20260630.xlsx,NO_TRUCKFLOW_MATCH
COMPROB_000200319682,MUS544,2026-06-30T13:50:00,2026-06-30T14:46:00,DDG BURLANDA SECA DE MAIZ SIN SOLUBLES,DEPOSITO_BURLANDAS,AVELLANEDA,EGRESO,MovimientosPorContrato_20260630.xlsx,NO_TRUCKFLOW_MATCH
CTG_30033253096,ECX249,2026-06-30T14:18:00,2026-06-30T14:47:00,PELLETS GIRASOL,,RICARDONE,EGRESO,MovimientosPorContrato_20260630.xlsx,NO_TRUCKFLOW_MATCH
COMPROB_000301065020,UAJ766,2026-06-30T14:25:00,2026-06-30T14:48:00,PRODUCTOS VARIOS,VARIOS,RICARDONE,EGRESO,MovimientosPorContrato_20260630.xlsx,NO_TRUCKFLOW_MATCH
CTG_30033249922,UUO981,2026-06-30T13:56:00,2026-06-30T14:48:00,PELLETS GIRASOL,VOLCABLE_PTO_4,TERMINAL_EMBARQUE,INGRESO,MovimientosPorContrato_20260630.xlsx,NO_TRUCKFLOW_MATCH
CTG_10233235878,TYI031,2026-06-30T13:29:00,2026-06-30T14:50:00,SOJA,VOLCABLE_PTO_2,TERMINAL_EMBARQUE,INGRESO,MovimientosPorContrato_20260630.xlsx,NO_TRUCKFLOW_MATCH
COMPROB_000200319683,FVB088,2026-06-30T14:00:00,2026-06-30T14:50:00,DDG BURLANDA SECA DE MAIZ SIN SOLUBLES,DEPOSITO_BURLANDAS,AVELLANEDA,EGRESO,MovimientosPorContrato_20260630.xlsx,NO_TRUCKFLOW_MATCH
CTG_30033250235,CGS172,2026-06-30T14:03:00,2026-06-30T14:51:00,PELLETS GIRASOL,VOLCABLE_PTO_4,TERMINAL_EMBARQUE,INGRESO,MovimientosPorContrato_20260630.xlsx,NO_TRUCKFLOW_MATCH
CTG_10233209376,AAV079,2026-06-30T07:04:00,2026-06-30T14:52:00,SOJA,VOLCABLE_PTO_5,TERMINAL_EMBARQUE,INGRESO,MovimientosPorContrato_20260630.xlsx,NO_TRUCKFLOW_MATCH
CTG_10133229893,AH754CC,2026-06-30T07:35:00,2026-06-30T14:53:00,SOJA,VOLCABLE_PTO_5,TERMINAL_EMBARQUE,INGRESO,MovimientosPorContrato_20260630.xlsx,NO_TRUCKFLOW_MATCH
CTG_30033253785,RDL445,2026-06-30T14:24:00,2026-06-30T14:58:00,PELLETS GIRASOL,,RICARDONE,EGRESO,MovimientosPorContrato_20260630.xlsx,NO_TRUCKFLOW_MATCH
COMPROB_000200430903,RER788,2026-06-30T14:39:00,2026-06-30T14:59:00,CHIP DE PINO,PLAYA_LEÑA_Y_CHIP,AVELLANEDA,INGRESO,MovimientosPorContrato_20260630.xlsx,NO_TRUCKFLOW_MATCH
CTG_30033251498,RNM392,2026-06-30T14:36:00,2026-06-30T14:59:00,PELLETS GIRASOL,VOLCABLE_PTO_4,TERMINAL_EMBARQUE,INGRESO,MovimientosPorContrato_20260630.xlsx,NO_TRUCKFLOW_MATCH
CTG_10133226015,AH786DH,2026-06-30T08:33:00,2026-06-30T15:01:00,SOJA,VOLCABLE_PTO_5,TERMINAL_EMBARQUE,INGRESO,MovimientosPorContrato_20260630.xlsx,NO_TRUCKFLOW_MATCH
COMPROB_000200319684,AG414NE,2026-06-30T13:42:00,2026-06-30T15:04:00,ALCOHOL ETILICO ANHIDRO P/ BIOCOMB ORIG CEREAL,T1002,AVELLANEDA,EGRESO,MovimientosPorContrato_20260630.xlsx,NO_TRUCKFLOW_MATCH
CTG_30033254251,RXD557,2026-06-30T14:31:00,2026-06-30T15:06:00,PELLETS GIRASOL,,RICARDONE,EGRESO,MovimientosPorContrato_20260630.xlsx,NO_TRUCKFLOW_MATCH
CTG_30033251801,UKL882,2026-06-30T14:39:00,2026-06-30T15:06:00,PELLETS GIRASOL,VOLCABLE_PTO_4,TERMINAL_EMBARQUE,INGRESO,MovimientosPorContrato_20260630.xlsx,NO_TRUCKFLOW_MATCH
CTG_10133221528,AH697RJ,2026-06-30T08:57:00,2026-06-30T15:09:00,SOJA,VOLCABLE_PTO_5,TERMINAL_EMBARQUE,INGRESO,MovimientosPorContrato_20260630.xlsx,NO_TRUCKFLOW_MATCH
COMPROB_000400419026,OFG785,2026-06-30T14:16:00,2026-06-30T15:12:00,ACEITE GIRASOL REFINADO,ACEITE_OSL,TERMINAL_EMBARQUE,EGRESO,MovimientosPorContrato_20260630.xlsx,NO_TRUCKFLOW_MATCH
CTG_10133227182,AE738EV,2026-06-30T09:03:00,2026-06-30T15:14:00,SOJA,VOLCABLE_PTO_5,TERMINAL_EMBARQUE,INGRESO,MovimientosPorContrato_20260630.xlsx,NO_TRUCKFLOW_MATCH
CTG_30033255148,CRJ139,2026-06-30T14:39:00,2026-06-30T15:19:00,PELLETS GIRASOL,,RICARDONE,EGRESO,MovimientosPorContrato_20260630.xlsx,NO_TRUCKFLOW_MATCH
CTG_30033252355,EYH843,2026-06-30T14:49:00,2026-06-30T15:21:00,PELLETS GIRASOL,VOLCABLE_PTO_4,TERMINAL_EMBARQUE,INGRESO,MovimientosPorContrato_20260630.xlsx,NO_TRUCKFLOW_MATCH
CTG_30033255489,CKQ212,2026-06-30T14:42:00,2026-06-30T15:24:00,PELLETS GIRASOL,,RICARDONE,EGRESO,MovimientosPorContrato_20260630.xlsx,NO_TRUCKFLOW_MATCH
CTG_30033253096,ECX249,2026-06-30T15:00:00,2026-06-30T15:25:00,PELLETS GIRASOL,VOLCABLE_PTO_4,TERMINAL_EMBARQUE,INGRESO,MovimientosPorContrato_20260630.xlsx,NO_TRUCKFLOW_MATCH
CTG_10133227877,HBX019,2026-06-30T07:42:00,2026-06-30T15:26:00,SOJA,VOLCABLE_PTO_5,TERMINAL_EMBARQUE,INGRESO,MovimientosPorContrato_20260630.xlsx,NO_TRUCKFLOW_MATCH
COMPROB_000400419027,FDX990,2026-06-30T14:49:00,2026-06-30T15:30:00,ACEITE GIRASOL REFINADO,ACEITE_OSL,TERMINAL_EMBARQUE,EGRESO,MovimientosPorContrato_20260630.xlsx,NO_TRUCKFLOW_MATCH
COMPROB_000404033901,PPPPPP,2026-06-30T15:32:00,2026-06-30T15:32:00,HARINA DE SOJA ESPECIAL,,TERMINAL_EMBARQUE,INGRESO,MovimientosPorContrato_20260630.xlsx,NO_TRUCKFLOW_MATCH
COMPROB_000400419028,PPPPPP,2026-06-30T15:32:00,2026-06-30T15:32:00,HARINA DE SOJA ESPECIAL,,TERMINAL_EMBARQUE,EGRESO,MovimientosPorContrato_20260630.xlsx,NO_TRUCKFLOW_MATCH
CTG_10133228232,LWC159,2026-06-30T09:05:00,2026-06-30T15:32:00,SOJA,VOLCABLE_PTO_5,TERMINAL_EMBARQUE,INGRESO,MovimientosPorContrato_20260630.xlsx,NO_TRUCKFLOW_MATCH
CTG_30033253785,RDL445,2026-06-30T15:13:00,2026-06-30T15:33:00,PELLETS GIRASOL,VOLCABLE_PTO_4,TERMINAL_EMBARQUE,INGRESO,MovimientosPorContrato_20260630.xlsx,NO_TRUCKFLOW_MATCH
COMPROB_000404033904,UAJ766,2026-06-30T15:02:00,2026-06-30T15:34:00,PRODUCTOS VARIOS,,TERMINAL_EMBARQUE,INGRESO,MovimientosPorContrato_20260630.xlsx,NO_TRUCKFLOW_MATCH
COMPROB_000200319685,AG061QF,2026-06-30T14:30:00,2026-06-30T15:37:00,ALCOHOL ETILICO ANHIDRO P/ BIOCOMB ORIG CEREAL,T1002,AVELLANEDA,EGRESO,MovimientosPorContrato_20260630.xlsx,NO_TRUCKFLOW_MATCH
CTG_30033254251,RXD557,2026-06-30T15:19:00,2026-06-30T15:40:00,PELLETS GIRASOL,VOLCABLE_PTO_4,TERMINAL_EMBARQUE,INGRESO,MovimientosPorContrato_20260630.xlsx,NO_TRUCKFLOW_MATCH
CTG_30033256832,AAE877,2026-06-30T14:56:00,2026-06-30T15:45:00,PELLETS GIRASOL,,RICARDONE,EGRESO,MovimientosPorContrato_20260630.xlsx,NO_TRUCKFLOW_MATCH
CTG_30033256898,WYX408,2026-06-30T14:57:00,2026-06-30T15:46:00,PELLETS GIRASOL,,RICARDONE,EGRESO,MovimientosPorContrato_20260630.xlsx,NO_TRUCKFLOW_MATCH
COMPROB_000301457545,FEA810,2026-06-30T15:18:00,2026-06-30T15:48:00,RESIDUOS ORG,,RICARDONE,INGRESO,MovimientosPorContrato_20260630.xlsx,NO_TRUCKFLOW_MATCH
CTG_30033257058,UUO981,2026-06-30T15:02:00,2026-06-30T15:49:00,PELLETS GIRASOL,,RICARDONE,EGRESO,MovimientosPorContrato_20260630.xlsx,NO_TRUCKFLOW_MATCH
CTG_30033255148,CRJ139,2026-06-30T15:35:00,2026-06-30T15:54:00,PELLETS GIRASOL,VOLCABLE_PTO_4,TERMINAL_EMBARQUE,INGRESO,MovimientosPorContrato_20260630.xlsx,NO_TRUCKFLOW_MATCH
COMPROB_000400419029,KOE138,2026-06-30T15:02:00,2026-06-30T15:57:00,ACEITE GIRASOL REFINADO,ACEITE_OSL,TERMINAL_EMBARQUE,EGRESO,MovimientosPorContrato_20260630.xlsx,NO_TRUCKFLOW_MATCH
CTG_30033255489,CKQ212,2026-06-30T15:41:00,2026-06-30T16:02:00,PELLETS GIRASOL,VOLCABLE_PTO_4,TERMINAL_EMBARQUE,INGRESO,MovimientosPorContrato_20260630.xlsx,NO_TRUCKFLOW_MATCH
CTG_10133231788,JJM618,2026-06-30T13:42:00,2026-06-30T16:03:00,SOJA,VOLCABLE_PTO_2,TERMINAL_EMBARQUE,INGRESO,MovimientosPorContrato_20260630.xlsx,NO_TRUCKFLOW_MATCH
CTG_10233241213,AF674YH,2026-06-30T13:53:00,2026-06-30T16:04:00,SOJA,VOLCABLE_PTO_2,TERMINAL_EMBARQUE,INGRESO,MovimientosPorContrato_20260630.xlsx,NO_TRUCKFLOW_MATCH
COMPROB_000400419030,WRM886,2026-06-30T15:20:00,2026-06-30T16:19:00,ACEITE GIRASOL REFINADO,ACEITE_OSL,TERMINAL_EMBARQUE,EGRESO,MovimientosPorContrato_20260630.xlsx,NO_TRUCKFLOW_MATCH
CTG_30033259708,CGS172,2026-06-30T15:04:00,2026-06-30T16:27:00,PELLETS GIRASOL,CARGA_SILO_11,RICARDONE,EGRESO,MovimientosPorContrato_20260630.xlsx,NO_TRUCKFLOW_MATCH
COMPROB_000200319686,XXXXX,2026-06-30T16:30:00,2026-06-30T16:30:00,MAIZ,,AVELLANEDA,EGRESO,MovimientosPorContrato_20260630.xlsx,NO_TRUCKFLOW_MATCH
CTG_30033256832,AAE877,2026-06-30T16:00:00,2026-06-30T16:32:00,PELLETS GIRASOL,VOLCABLE_PTO_4,TERMINAL_EMBARQUE,INGRESO,MovimientosPorContrato_20260630.xlsx,NO_TRUCKFLOW_MATCH
CTG_30033256898,WYX408,2026-06-30T16:01:00,2026-06-30T16:33:00,PELLETS GIRASOL,VOLCABLE_PTO_4,TERMINAL_EMBARQUE,INGRESO,MovimientosPorContrato_20260630.xlsx,NO_TRUCKFLOW_MATCH
CTG_10200062,XXXXX,2026-06-30T16:37:00,2026-06-30T16:37:00,MAIZ,,AVELLANEDA,INGRESO,MovimientosPorContrato_20260630.xlsx,NO_TRUCKFLOW_MATCH
CTG_30033257058,UUO981,2026-06-30T16:02:00,2026-06-30T16:38:00,PELLETS GIRASOL,VOLCABLE_PTO_4,TERMINAL_EMBARQUE,INGRESO,MovimientosPorContrato_20260630.xlsx,NO_TRUCKFLOW_MATCH
COMPROB_000400419031,MKA348,2026-06-30T15:48:00,2026-06-30T16:39:00,ACEITE GIRASOL REFINADO,ACEITE_OSL,TERMINAL_EMBARQUE,EGRESO,MovimientosPorContrato_20260630.xlsx,NO_TRUCKFLOW_MATCH
COMPROB_000200430905,EKI017,2026-06-30T04:33:00,2026-06-30T16:41:00,CHIP DE EUCALIPTUS,PLAYA_LEÑA_Y_CHIP,AVELLANEDA,INGRESO,MovimientosPorContrato_20260630.xlsx,NO_TRUCKFLOW_MATCH
COMPROB_000200319687,XXXXX,2026-06-30T16:42:00,2026-06-30T16:42:00,MAIZ,,AVELLANEDA,EGRESO,MovimientosPorContrato_20260630.xlsx,NO_TRUCKFLOW_MATCH
CTG_30033261004,RNM392,2026-06-30T15:20:00,2026-06-30T16:48:00,PELLETS GIRASOL,CARGA_SILO_11,RICARDONE,EGRESO,MovimientosPorContrato_20260630.xlsx,NO_TRUCKFLOW_MATCH
CTG_10200063,XXXXX,2026-06-30T16:48:00,2026-06-30T16:48:00,MAIZ,,AVELLANEDA,INGRESO,MovimientosPorContrato_20260630.xlsx,NO_TRUCKFLOW_MATCH
COMPROB_000200430907,AH731ZJ,2026-06-30T16:10:00,2026-06-30T16:49:00,CHIP DE PINO,PLAYA_LEÑA_Y_CHIP,AVELLANEDA,INGRESO,MovimientosPorContrato_20260630.xlsx,NO_TRUCKFLOW_MATCH
CTG_30033261489,UKL882,2026-06-30T15:21:00,2026-06-30T16:57:00,PELLETS GIRASOL,CARGA_SILO_11,RICARDONE,EGRESO,MovimientosPorContrato_20260630.xlsx,NO_TRUCKFLOW_MATCH
CTG_30033259708,CGS172,2026-06-30T16:44:00,2026-06-30T17:04:00,PELLETS GIRASOL,VOLCABLE_PTO_4,TERMINAL_EMBARQUE,INGRESO,MovimientosPorContrato_20260630.xlsx,NO_TRUCKFLOW_MATCH
CTG_30033262258,VHL423,2026-06-30T15:23:00,2026-06-30T17:11:00,PELLETS GIRASOL,CARGA_SILO_11,RICARDONE,EGRESO,MovimientosPorContrato_20260630.xlsx,NO_TRUCKFLOW_MATCH
CTG_10233243737,GDW647,2026-06-30T14:00:00,2026-06-30T17:12:00,SOJA,VOLCABLE_PTO_2,TERMINAL_EMBARQUE,INGRESO,MovimientosPorContrato_20260630.xlsx,NO_TRUCKFLOW_MATCH
COMPROB_000200430908,DZH986,2026-06-29T18:30:00,2026-06-30T17:16:00,LEÑA CORTA,PLAYA_LEÑA_Y_CHIP,AVELLANEDA,INGRESO,MovimientosPorContrato_20260630.xlsx,NO_TRUCKFLOW_MATCH
CTG_10233239737,GYC352,2026-06-30T13:59:00,2026-06-30T17:18:00,SOJA,VOLCABLE_PTO_2,TERMINAL_EMBARQUE,INGRESO,MovimientosPorContrato_20260630.xlsx,NO_TRUCKFLOW_MATCH
CTG_10133243411,EUT763,2026-06-30T14:01:00,2026-06-30T17:21:00,SOJA,CELDA_16,RICARDONE,INGRESO,MovimientosPorContrato_20260630.xlsx,NO_TRUCKFLOW_MATCH
CTG_30033263017,BHL749,2026-06-30T15:26:00,2026-06-30T17:23:00,PELLETS GIRASOL,CARGA_SILO_11,RICARDONE,EGRESO,MovimientosPorContrato_20260630.xlsx,NO_TRUCKFLOW_MATCH
CTG_10133237072,AB970ZE,2026-06-30T13:53:00,2026-06-30T17:23:00,SOJA,VOLCABLE_PTO_2,TERMINAL_EMBARQUE,INGRESO,MovimientosPorContrato_20260630.xlsx,NO_TRUCKFLOW_MATCH
CTG_30033263263,EYH843,2026-06-30T15:34:00,2026-06-30T17:26:00,PELLETS GIRASOL,,RICARDONE,EGRESO,MovimientosPorContrato_20260630.xlsx,NO_TRUCKFLOW_MATCH
CTG_10133235745,HHS526,2026-06-30T13:59:00,2026-06-30T17:27:00,SOJA,CELDA_16,RICARDONE,INGRESO,MovimientosPorContrato_20260630.xlsx,NO_TRUCKFLOW_MATCH
CTG_10133224218,AF242XW,2026-06-29T23:36:00,2026-06-30T17:31:00,MAIZ,CELDA_171_-_CENTRO,AVELLANEDA,INGRESO,MovimientosPorContrato_20260630.xlsx,NO_TRUCKFLOW_MATCH
CTG_10133227326,GXQ286,2026-06-30T14:05:00,2026-06-30T17:32:00,SOJA,VOLCABLE_PTO_2,TERMINAL_EMBARQUE,INGRESO,MovimientosPorContrato_20260630.xlsx,NO_TRUCKFLOW_MATCH
CTG_30033261004,RNM392,2026-06-30T17:04:00,2026-06-30T17:36:00,PELLETS GIRASOL,VOLCABLE_PTO_4,TERMINAL_EMBARQUE,INGRESO,MovimientosPorContrato_20260630.xlsx,NO_TRUCKFLOW_MATCH
CTG_10133242631,AH437LL,2026-06-30T14:06:00,2026-06-30T17:37:00,SOJA,VOLCABLE_PTO_2,TERMINAL_EMBARQUE,INGRESO,MovimientosPorContrato_20260630.xlsx,NO_TRUCKFLOW_MATCH
CTG_10233241010,AE788CX,2026-06-30T14:15:00,2026-06-30T17:45:00,SOJA,VOLCABLE_PTO_2,TERMINAL_EMBARQUE,INGRESO,MovimientosPorContrato_20260630.xlsx,NO_TRUCKFLOW_MATCH
CTG_30033261489,UKL882,2026-06-30T17:11:00,2026-06-30T17:52:00,PELLETS GIRASOL,VOLCABLE_PTO_4,TERMINAL_EMBARQUE,INGRESO,MovimientosPorContrato_20260630.xlsx,NO_TRUCKFLOW_MATCH
CTG_10233246038,HFK096,2026-06-30T14:14:00,2026-06-30T17:54:00,SOJA,VOLCABLE_PTO_2,TERMINAL_EMBARQUE,INGRESO,MovimientosPorContrato_20260630.xlsx,NO_TRUCKFLOW_MATCH
CTG_10233236371,AB930VZ,2026-06-30T14:03:00,2026-06-30T17:57:00,SOJA,CELDA_16,RICARDONE,INGRESO,MovimientosPorContrato_20260630.xlsx,NO_TRUCKFLOW_MATCH
CTG_10133209892,IFD132,2026-06-30T00:16:00,2026-06-30T17:57:00,MAIZ,CELDA_171_-_CENTRO,AVELLANEDA,INGRESO,MovimientosPorContrato_20260630.xlsx,NO_TRUCKFLOW_MATCH
CTG_10233247285,CNC180,2026-06-30T14:19:00,2026-06-30T18:06:00,SOJA,VOLCABLE_PTO_2,TERMINAL_EMBARQUE,INGRESO,MovimientosPorContrato_20260630.xlsx,NO_TRUCKFLOW_MATCH
CTG_30033262258,VHL423,2026-06-30T17:27:00,2026-06-30T18:07:00,PELLETS GIRASOL,VOLCABLE_PTO_4,TERMINAL_EMBARQUE,INGRESO,MovimientosPorContrato_20260630.xlsx,NO_TRUCKFLOW_MATCH
CTG_30033265365,ECX249,2026-06-30T15:37:00,2026-06-30T18:07:00,PELLETS GIRASOL,CARGA_SILO_11,RICARDONE,EGRESO,MovimientosPorContrato_20260630.xlsx,NO_TRUCKFLOW_MATCH
CTG_10133235284,LCT764,2026-06-30T14:23:00,2026-06-30T18:08:00,SOJA,VOLCABLE_PTO_3,TERMINAL_EMBARQUE,INGRESO,MovimientosPorContrato_20260630.xlsx,NO_TRUCKFLOW_MATCH
CTG_10233241966,ECO755,2026-06-30T14:22:00,2026-06-30T18:09:00,SOJA,VOLCABLE_PTO_2,TERMINAL_EMBARQUE,INGRESO,MovimientosPorContrato_20260630.xlsx,NO_TRUCKFLOW_MATCH
CTG_10233237671,AE486VK,2026-06-30T14:23:00,2026-06-30T18:11:00,SOJA,VOLCABLE_PTO_2,TERMINAL_EMBARQUE,INGRESO,MovimientosPorContrato_20260630.xlsx,NO_TRUCKFLOW_MATCH
CTG_10133230694,KRE138,2026-06-30T14:32:00,2026-06-30T18:13:00,SOJA,VOLCABLE_PTO_3,TERMINAL_EMBARQUE,INGRESO,MovimientosPorContrato_20260630.xlsx,NO_TRUCKFLOW_MATCH
CTG_30033263017,BHL749,2026-06-30T17:39:00,2026-06-30T18:16:00,PELLETS GIRASOL,VOLCABLE_PTO_4,TERMINAL_EMBARQUE,INGRESO,MovimientosPorContrato_20260630.xlsx,NO_TRUCKFLOW_MATCH
COMPROB_000200430911,BAM710,2026-06-30T15:08:00,2026-06-30T18:16:00,LEÑA CORTA SELECC,PLAYA_LEÑA_Y_CHIP,AVELLANEDA,INGRESO,MovimientosPorContrato_20260630.xlsx,NO_TRUCKFLOW_MATCH
CTG_10133218091,AE522EL,2026-06-30T12:29:00,2026-06-30T18:21:00,SOJA,VOLCABLE_PTO_2,TERMINAL_EMBARQUE,INGRESO,MovimientosPorContrato_20260630.xlsx,NO_TRUCKFLOW_MATCH
CTG_10133230441,OQX493,2026-06-30T14:33:00,2026-06-30T18:21:00,SOJA,VOLCABLE_PTO_3,TERMINAL_EMBARQUE,INGRESO,MovimientosPorContrato_20260630.xlsx,NO_TRUCKFLOW_MATCH
CTG_30033263263,EYH843,2026-06-30T17:42:00,2026-06-30T18:23:00,PELLETS GIRASOL,VOLCABLE_PTO_4,TERMINAL_EMBARQUE,INGRESO,MovimientosPorContrato_20260630.xlsx,NO_TRUCKFLOW_MATCH
CTG_10133231813,AF403OL,2026-06-30T11:16:00,2026-06-30T18:24:00,SOJA,VOLCABLE_PTO_2,TERMINAL_EMBARQUE,INGRESO,MovimientosPorContrato_20260630.xlsx,NO_TRUCKFLOW_MATCH
CTG_30033266089,RDL445,2026-06-30T15:43:00,2026-06-30T18:26:00,PELLETS GIRASOL,CARGA_SILO_11,RICARDONE,EGRESO,MovimientosPorContrato_20260630.xlsx,NO_TRUCKFLOW_MATCH
CTG_10133233109,AH385OS,2026-06-30T11:47:00,2026-06-30T18:31:00,SOJA,VOLCABLE_PTO_2,TERMINAL_EMBARQUE,INGRESO,MovimientosPorContrato_20260630.xlsx,NO_TRUCKFLOW_MATCH
CTG_10133239279,LLT651,2026-06-30T10:19:00,2026-06-30T18:32:00,SOJA,VOLCABLE_PTO_3,TERMINAL_EMBARQUE,INGRESO,MovimientosPorContrato_20260630.xlsx,NO_TRUCKFLOW_MATCH
CTG_10133228565,JUV816,2026-06-30T10:49:00,2026-06-30T18:33:00,SOJA,VOLCABLE_PTO_3,TERMINAL_EMBARQUE,INGRESO,MovimientosPorContrato_20260630.xlsx,NO_TRUCKFLOW_MATCH
CTG_10133223523,ENP634,2026-06-30T04:23:00,2026-06-30T18:35:00,MAIZ,CELDA_171_-_CENTRO,AVELLANEDA,INGRESO,MovimientosPorContrato_20260630.xlsx,NO_TRUCKFLOW_MATCH
CTG_30033266534,RXD557,2026-06-30T15:52:00,2026-06-30T18:38:00,PELLETS GIRASOL,CARGA_SILO_11,RICARDONE,EGRESO,MovimientosPorContrato_20260630.xlsx,NO_TRUCKFLOW_MATCH
CTG_10233243908,OCJ249,2026-06-30T12:38:00,2026-06-30T18:39:00,SOJA,VOLCABLE_PTO_3,TERMINAL_EMBARQUE,INGRESO,MovimientosPorContrato_20260630.xlsx,NO_TRUCKFLOW_MATCH
CTG_10233238114,KBA416,2026-06-30T12:58:00,2026-06-30T18:47:00,SOJA,VOLCABLE_PTO_2,TERMINAL_EMBARQUE,INGRESO,MovimientosPorContrato_20260630.xlsx,NO_TRUCKFLOW_MATCH
CTG_10133221667,AG823QR,2026-06-30T12:30:00,2026-06-30T18:51:00,SOJA,VOLCABLE_PTO_2,TERMINAL_EMBARQUE,INGRESO,MovimientosPorContrato_20260630.xlsx,NO_TRUCKFLOW_MATCH
CTG_10133242663,AB489ZO,2026-06-30T13:27:00,2026-06-30T18:53:00,SOJA,VOLCABLE_PTO_3,TERMINAL_EMBARQUE,INGRESO,MovimientosPorContrato_20260630.xlsx,NO_TRUCKFLOW_MATCH
COMPROB_000301065037,CTA045,2026-06-30T07:23:00,2026-06-30T19:01:00,PRODUCTOS VARIOS,VARIOS,RICARDONE,EGRESO,MovimientosPorContrato_20260630.xlsx,NO_TRUCKFLOW_MATCH
CTG_10233245380,GJP591,2026-06-30T14:43:00,2026-06-30T19:23:00,SOJA,VOLCABLE_PTO_3,TERMINAL_EMBARQUE,INGRESO,MovimientosPorContrato_20260630.xlsx,NO_TRUCKFLOW_MATCH
CTG_10233245853,CUL797,2026-06-30T14:41:00,2026-06-30T19:24:00,SOJA,VOLCABLE_PTO_2,TERMINAL_EMBARQUE,INGRESO,MovimientosPorContrato_20260630.xlsx,NO_TRUCKFLOW_MATCH
CTG_30033265365,ECX249,2026-06-30T18:23:00,2026-06-30T19:25:00,PELLETS GIRASOL,VOLCABLE_PTO_4,TERMINAL_EMBARQUE,INGRESO,MovimientosPorContrato_20260630.xlsx,NO_TRUCKFLOW_MATCH
CTG_10100055866,KJV888,2026-06-30T14:44:00,2026-06-30T19:27:00,SOJA,VOLCABLE_PTO_2,TERMINAL_EMBARQUE,INGRESO,MovimientosPorContrato_20260630.xlsx,NO_TRUCKFLOW_MATCH
CTG_10233221299,AF482ER,2026-06-30T14:40:00,2026-06-30T19:28:00,SOJA,VOLCABLE_PTO_3,TERMINAL_EMBARQUE,INGRESO,MovimientosPorContrato_20260630.xlsx,NO_TRUCKFLOW_MATCH
COMPROB_000200430913,AH633HZ,2026-06-30T05:19:00,2026-06-30T19:31:00,CHIP DE PINO,DEPOSITO_BURLANDAS,AVELLANEDA,INGRESO,MovimientosPorContrato_20260630.xlsx,NO_TRUCKFLOW_MATCH
CTG_30033266089,RDL445,2026-06-30T18:39:00,2026-06-30T19:31:00,PELLETS GIRASOL,VOLCABLE_PTO_4,TERMINAL_EMBARQUE,INGRESO,MovimientosPorContrato_20260630.xlsx,NO_TRUCKFLOW_MATCH
CTG_10233244252,GDC558,2026-06-30T14:50:00,2026-06-30T19:33:00,SOJA,VOLCABLE_PTO_2,TERMINAL_EMBARQUE,INGRESO,MovimientosPorContrato_20260630.xlsx,NO_TRUCKFLOW_MATCH
CTG_10133232407,KUT425,2026-06-30T08:28:00,2026-06-30T19:37:00,SOJA,VOLCABLE_PTO_3,TERMINAL_EMBARQUE,INGRESO,MovimientosPorContrato_20260630.xlsx,NO_TRUCKFLOW_MATCH
CTG_30033266534,RXD557,2026-06-30T18:54:00,2026-06-30T19:41:00,PELLETS GIRASOL,VOLCABLE_PTO_4,TERMINAL_EMBARQUE,INGRESO,MovimientosPorContrato_20260630.xlsx,NO_TRUCKFLOW_MATCH
CTG_10233228074,SWP851,2026-06-30T14:49:00,2026-06-30T19:44:00,SOJA,VOLCABLE_PTO_2,TERMINAL_EMBARQUE,INGRESO,MovimientosPorContrato_20260630.xlsx,NO_TRUCKFLOW_MATCH
CTG_10133235276,AD994XF,2026-06-30T15:25:00,2026-06-30T19:46:00,SOJA,VOLCABLE_PTO_2,TERMINAL_EMBARQUE,INGRESO,MovimientosPorContrato_20260630.xlsx,NO_TRUCKFLOW_MATCH
CTG_10233235641,AB953LU,2026-06-30T14:45:00,2026-06-30T19:47:00,SOJA,VOLCABLE_PTO_3,TERMINAL_EMBARQUE,INGRESO,MovimientosPorContrato_20260630.xlsx,NO_TRUCKFLOW_MATCH
CTG_10233245452,FPE520,2026-06-30T15:32:00,2026-06-30T19:48:00,SOJA,VOLCABLE_PTO_3,TERMINAL_EMBARQUE,INGRESO,MovimientosPorContrato_20260630.xlsx,NO_TRUCKFLOW_MATCH
CTG_10233238643,HPQ223,2026-06-30T14:51:00,2026-06-30T19:55:00,SOJA,VOLCABLE_PTO_3,TERMINAL_EMBARQUE,INGRESO,MovimientosPorContrato_20260630.xlsx,NO_TRUCKFLOW_MATCH
CTG_10233245314,AF549QG,2026-06-30T15:01:00,2026-06-30T20:01:00,SOJA,VOLCABLE_PTO_3,TERMINAL_EMBARQUE,INGRESO,MovimientosPorContrato_20260630.xlsx,NO_TRUCKFLOW_MATCH
CTG_10133223678,GQE037,2026-06-30T04:25:00,2026-06-30T20:02:00,MAIZ,CELDA_171_-_CENTRO,AVELLANEDA,INGRESO,MovimientosPorContrato_20260630.xlsx,NO_TRUCKFLOW_MATCH
CTG_10233220652,IWS956,2026-06-30T15:19:00,2026-06-30T20:03:00,SOJA,VOLCABLE_PTO_2,TERMINAL_EMBARQUE,INGRESO,MovimientosPorContrato_20260630.xlsx,NO_TRUCKFLOW_MATCH
CTG_10233241588,VIA159,2026-06-30T15:19:00,2026-06-30T20:03:00,SOJA,VOLCABLE_PTO_2,TERMINAL_EMBARQUE,INGRESO,MovimientosPorContrato_20260630.xlsx,NO_TRUCKFLOW_MATCH
COMPROB_000400419032,EAO104,2026-06-30T18:49:00,2026-06-30T20:17:00,ACEITE GIRASOL REFINADO,ACEITE_OSL,TERMINAL_EMBARQUE,EGRESO,MovimientosPorContrato_20260630.xlsx,NO_TRUCKFLOW_MATCH
CTG_30033268841,TAC436,2026-06-30T16:13:00,2026-06-30T20:17:00,PELLETS GIRASOL,CARGA_SILO_11,RICARDONE,EGRESO,MovimientosPorContrato_20260630.xlsx,NO_TRUCKFLOW_MATCH
COMPROB_000404033958,AH960ZR,2026-06-30T17:16:00,2026-06-30T20:20:00,FUEL-OIL,,TERMINAL_EMBARQUE,INGRESO,MovimientosPorContrato_20260630.xlsx,NO_TRUCKFLOW_MATCH
CTG_30033268919,CRJ139,2026-06-30T16:08:00,2026-06-30T20:22:00,PELLETS GIRASOL,CARGA_SILO_11,RICARDONE,EGRESO,MovimientosPorContrato_20260630.xlsx,NO_TRUCKFLOW_MATCH
CTG_10233221437,PFL067,2026-06-30T14:41:00,2026-06-30T20:23:00,SOJA,VOLCABLE_PTO_3,TERMINAL_EMBARQUE,INGRESO,MovimientosPorContrato_20260630.xlsx,NO_TRUCKFLOW_MATCH
CTG_10133240228,JVP489,2026-06-30T14:48:00,2026-06-30T20:25:00,SOJA,VOLCABLE_PTO_5,TERMINAL_EMBARQUE,INGRESO,MovimientosPorContrato_20260630.xlsx,NO_TRUCKFLOW_MATCH
CTG_10133246015,EWY171,2026-06-30T15:44:00,2026-06-30T20:27:00,SOJA,VOLCABLE_PTO_2,TERMINAL_EMBARQUE,INGRESO,MovimientosPorContrato_20260630.xlsx,NO_TRUCKFLOW_MATCH
CTG_30033269015,CKQ212,2026-06-30T16:20:00,2026-06-30T20:29:00,PELLETS GIRASOL,CARGA_SILO_11,RICARDONE,EGRESO,MovimientosPorContrato_20260630.xlsx,NO_TRUCKFLOW_MATCH
CTG_10133235855,AHO397,2026-06-30T15:42:00,2026-06-30T20:30:00,SOJA,VOLCABLE_PTO_2,TERMINAL_EMBARQUE,INGRESO,MovimientosPorContrato_20260630.xlsx,NO_TRUCKFLOW_MATCH
CTG_10133224888,AB935GY,2026-06-30T07:50:00,2026-06-30T20:32:00,SOJA,VOLCABLE_PTO_5,TERMINAL_EMBARQUE,INGRESO,MovimientosPorContrato_20260630.xlsx,NO_TRUCKFLOW_MATCH
CTG_30033269071,BVS300,2026-06-30T16:14:00,2026-06-30T20:34:00,PELLETS GIRASOL,CARGA_SILO_11,RICARDONE,EGRESO,MovimientosPorContrato_20260630.xlsx,NO_TRUCKFLOW_MATCH
CTG_10233239540,AE467DB,2026-06-30T15:47:00,2026-06-30T20:34:00,SOJA,VOLCABLE_PTO_3,TERMINAL_EMBARQUE,INGRESO,MovimientosPorContrato_20260630.xlsx,NO_TRUCKFLOW_MATCH
CTG_10233245433,GPF097,2026-06-30T15:40:00,2026-06-30T20:35:00,SOJA,VOLCABLE_PTO_3,TERMINAL_EMBARQUE,INGRESO,MovimientosPorContrato_20260630.xlsx,NO_TRUCKFLOW_MATCH
CTG_10133243715,RRX437,2026-06-30T15:46:00,2026-06-30T20:36:00,SOJA,VOLCABLE_PTO_2,TERMINAL_EMBARQUE,INGRESO,MovimientosPorContrato_20260630.xlsx,NO_TRUCKFLOW_MATCH
COMPROB_000400419033,OGA047,2026-06-30T18:54:00,2026-06-30T20:37:00,ACEITE GIRASOL REFINADO,ACEITE_OSL,TERMINAL_EMBARQUE,EGRESO,MovimientosPorContrato_20260630.xlsx,NO_TRUCKFLOW_MATCH
CTG_10133225329,JEO090,2026-06-30T07:51:00,2026-06-30T20:39:00,SOJA,VOLCABLE_PTO_5,TERMINAL_EMBARQUE,INGRESO,MovimientosPorContrato_20260630.xlsx,NO_TRUCKFLOW_MATCH
CTG_10233247222,AE823AE,2026-06-30T16:03:00,2026-06-30T20:42:00,SOJA,VOLCABLE_PTO_3,TERMINAL_EMBARQUE,INGRESO,MovimientosPorContrato_20260630.xlsx,NO_TRUCKFLOW_MATCH
CTG_10233236514,KXJ953,2026-06-30T19:17:00,2026-06-30T20:44:00,SOJA,VOLCABLE_PTO_2,TERMINAL_EMBARQUE,INGRESO,MovimientosPorContrato_20260630.xlsx,NO_TRUCKFLOW_MATCH
CTG_30033269219,FFM492,2026-06-30T16:27:00,2026-06-30T20:39:00,PELLETS GIRASOL,,RICARDONE,EGRESO,MovimientosPorContrato_20260630.xlsx,NO_TRUCKFLOW_MATCH
CTG_10133230648,GAJ285,2026-06-30T15:51:00,2026-06-30T20:48:00,SOJA,VOLCABLE_PTO_3,TERMINAL_EMBARQUE,INGRESO,MovimientosPorContrato_20260630.xlsx,NO_TRUCKFLOW_MATCH
CTG_30033269262,AYB759,2026-06-30T16:34:00,2026-06-30T20:51:00,PELLETS GIRASOL,CARGA_SILO_11,RICARDONE,EGRESO,MovimientosPorContrato_20260630.xlsx,NO_TRUCKFLOW_MATCH
CTG_10133235381,EVQ156,2026-06-30T14:46:00,2026-06-30T20:52:00,GIRASOL,VOLCABLE_1,RICARDONE,INGRESO,MovimientosPorContrato_20260630.xlsx,NO_TRUCKFLOW_MATCH
CTG_10233230990,LWK467,2026-06-30T07:42:00,2026-06-30T20:52:00,MAIZ,CELDA_171_-_CENTRO,AVELLANEDA,INGRESO,MovimientosPorContrato_20260630.xlsx,NO_TRUCKFLOW_MATCH
CTG_10133235819,JHB313,2026-06-30T16:07:00,2026-06-30T20:52:00,SOJA,VOLCABLE_PTO_3,TERMINAL_EMBARQUE,INGRESO,MovimientosPorContrato_20260630.xlsx,NO_TRUCKFLOW_MATCH
COMPROB_000404033972,MHV310,2026-06-30T17:13:00,2026-06-30T20:54:00,FUEL-OIL,,TERMINAL_EMBARQUE,INGRESO,MovimientosPorContrato_20260630.xlsx,NO_TRUCKFLOW_MATCH
CTG_10133228996,ANI419,2026-06-30T13:26:00,2026-06-30T20:55:00,SOJA,VOLCABLE_PTO_5,TERMINAL_EMBARQUE,INGRESO,MovimientosPorContrato_20260630.xlsx,NO_TRUCKFLOW_MATCH
COMPROB_000400419034,MWH059,2026-06-30T19:18:00,2026-06-30T20:57:00,ACEITE GIRASOL REFINADO,ACEITE_OSL,TERMINAL_EMBARQUE,EGRESO,MovimientosPorContrato_20260630.xlsx,NO_TRUCKFLOW_MATCH
CTG_10233239175,RMG931,2026-06-30T16:06:00,2026-06-30T20:58:00,SOJA,VOLCABLE_PTO_2,TERMINAL_EMBARQUE,INGRESO,MovimientosPorContrato_20260630.xlsx,NO_TRUCKFLOW_MATCH
CTG_10233241198,EVH431,2026-06-30T16:09:00,2026-06-30T21:02:00,SOJA,VOLCABLE_PTO_3,TERMINAL_EMBARQUE,INGRESO,MovimientosPorContrato_20260630.xlsx,NO_TRUCKFLOW_MATCH
CTG_30033268841,TAC436,2026-06-30T20:36:00,2026-06-30T21:04:00,PELLETS GIRASOL,VOLCABLE_PTO_4,TERMINAL_EMBARQUE,INGRESO,MovimientosPorContrato_20260630.xlsx,NO_TRUCKFLOW_MATCH
CTG_10133229644,AE305MN,2026-06-30T16:11:00,2026-06-30T21:05:00,SOJA,VOLCABLE_PTO_2,TERMINAL_EMBARQUE,INGRESO,MovimientosPorContrato_20260630.xlsx,NO_TRUCKFLOW_MATCH
CTG_10133220153,LAL560,2026-06-30T14:29:00,2026-06-30T21:09:00,SOJA,VOLCABLE_PTO_5,TERMINAL_EMBARQUE,INGRESO,MovimientosPorContrato_20260630.xlsx,NO_TRUCKFLOW_MATCH
CTG_10133242133,DTH724,2026-06-30T16:12:00,2026-06-30T21:10:00,SOJA,VOLCABLE_PTO_3,TERMINAL_EMBARQUE,INGRESO,MovimientosPorContrato_20260630.xlsx,NO_TRUCKFLOW_MATCH
CTG_30033268919,CRJ139,2026-06-30T20:39:00,2026-06-30T21:13:00,PELLETS GIRASOL,VOLCABLE_PTO_4,TERMINAL_EMBARQUE,INGRESO,MovimientosPorContrato_20260630.xlsx,NO_TRUCKFLOW_MATCH
CTG_30033269015,CKQ212,2026-06-30T20:45:00,2026-06-30T21:14:00,PELLETS GIRASOL,VOLCABLE_PTO_4,TERMINAL_EMBARQUE,INGRESO,MovimientosPorContrato_20260630.xlsx,NO_TRUCKFLOW_MATCH
CTG_10233234835,RKE467,2026-06-30T08:13:00,2026-06-30T21:14:00,MAIZ,CELDA_171_-_CENTRO,AVELLANEDA,INGRESO,MovimientosPorContrato_20260630.xlsx,NO_TRUCKFLOW_MATCH
CTG_30033269505,AAE877,2026-06-30T16:47:00,2026-06-30T21:17:00,PELLETS GIRASOL,,RICARDONE,EGRESO,MovimientosPorContrato_20260630.xlsx,NO_TRUCKFLOW_MATCH
CTG_10133240877,HBB345,2026-06-30T16:26:00,2026-06-30T21:18:00,SOJA,VOLCABLE_PTO_3,TERMINAL_EMBARQUE,INGRESO,MovimientosPorContrato_20260630.xlsx,NO_TRUCKFLOW_MATCH
CTG_30033269524,WYX408,2026-06-30T16:47:00,2026-06-30T21:18:00,PELLETS GIRASOL,CARGA_SILO_11,RICARDONE,EGRESO,MovimientosPorContrato_20260630.xlsx,NO_TRUCKFLOW_MATCH
CTG_10233243663,CGV979,2026-06-30T16:21:00,2026-06-30T21:19:00,SOJA,VOLCABLE_PTO_2,TERMINAL_EMBARQUE,INGRESO,MovimientosPorContrato_20260630.xlsx,NO_TRUCKFLOW_MATCH
CTG_30033269530,UUO981,2026-06-30T16:51:00,2026-06-30T21:19:00,PELLETS GIRASOL,CARGA_SILO_11,RICARDONE,EGRESO,MovimientosPorContrato_20260630.xlsx,NO_TRUCKFLOW_MATCH
CTG_10233227546,AA757WN,2026-06-30T09:43:00,2026-06-30T21:20:00,GIRASOL,VOLCABLE_1,RICARDONE,INGRESO,MovimientosPorContrato_20260630.xlsx,NO_TRUCKFLOW_MATCH
COMPROB_000400419035,UUH077,2026-06-30T19:54:00,2026-06-30T21:20:00,ACEITE GIRASOL REFINADO,ACEITE_OSL,TERMINAL_EMBARQUE,EGRESO,MovimientosPorContrato_20260630.xlsx,NO_TRUCKFLOW_MATCH
CTG_10133254837,MPK238,2026-06-30T16:31:00,2026-06-30T21:22:00,SOJA,VOLCABLE_PTO_3,TERMINAL_EMBARQUE,INGRESO,MovimientosPorContrato_20260630.xlsx,NO_TRUCKFLOW_MATCH
CTG_30033269583,LZB017,2026-06-30T16:26:00,2026-06-30T21:25:00,PELLETS GIRASOL,,RICARDONE,EGRESO,MovimientosPorContrato_20260630.xlsx,NO_TRUCKFLOW_MATCH
CTG_10133244492,CEP307,2026-06-30T16:30:00,2026-06-30T21:25:00,SOJA,VOLCABLE_PTO_2,TERMINAL_EMBARQUE,INGRESO,MovimientosPorContrato_20260630.xlsx,NO_TRUCKFLOW_MATCH
COMPROB_000404033986,AC101WN,2026-06-30T17:42:00,2026-06-30T21:28:00,FUEL-OIL,,TERMINAL_EMBARQUE,INGRESO,MovimientosPorContrato_20260630.xlsx,NO_TRUCKFLOW_MATCH
CTG_30033269071,BVS300,2026-06-30T20:49:00,2026-06-30T21:29:00,PELLETS GIRASOL,VOLCABLE_PTO_4,TERMINAL_EMBARQUE,INGRESO,MovimientosPorContrato_20260630.xlsx,NO_TRUCKFLOW_MATCH
CTG_10133222243,MDU914,2026-06-30T16:34:00,2026-06-30T21:30:00,SOJA,VOLCABLE_PTO_3,TERMINAL_EMBARQUE,INGRESO,MovimientosPorContrato_20260630.xlsx,NO_TRUCKFLOW_MATCH
CTG_10133231124,AH427GD,2026-06-30T16:18:00,2026-06-30T21:31:00,SOJA,VOLCABLE_PTO_2,TERMINAL_EMBARQUE,INGRESO,MovimientosPorContrato_20260630.xlsx,NO_TRUCKFLOW_MATCH
CTG_10133239570,JEE178,2026-06-30T16:39:00,2026-06-30T21:34:00,SOJA,VOLCABLE_PTO_2,TERMINAL_EMBARQUE,INGRESO,MovimientosPorContrato_20260630.xlsx,NO_TRUCKFLOW_MATCH
CTG_10233259860,SIK604,2026-06-30T16:46:00,2026-06-30T21:35:00,SOJA,VOLCABLE_PTO_3,TERMINAL_EMBARQUE,INGRESO,MovimientosPorContrato_20260630.xlsx,NO_TRUCKFLOW_MATCH
CTG_30033269701,ALV404,2026-06-30T16:33:00,2026-06-30T21:38:00,PELLETS GIRASOL,CARGA_SILO_11,RICARDONE,EGRESO,MovimientosPorContrato_20260630.xlsx,NO_TRUCKFLOW_MATCH
COMPROB_000200430917,AE817TT,2026-06-30T19:24:00,2026-06-30T21:42:00,CHIP DE EUCALIPTUS,PLAYA_LEÑA_Y_CHIP,AVELLANEDA,INGRESO,MovimientosPorContrato_20260630.xlsx,NO_TRUCKFLOW_MATCH
CTG_30033269262,AYB759,2026-06-30T21:06:00,2026-06-30T21:42:00,PELLETS GIRASOL,VOLCABLE_PTO_4,TERMINAL_EMBARQUE,INGRESO,MovimientosPorContrato_20260630.xlsx,NO_TRUCKFLOW_MATCH
CTG_10133219942,JNA863,2026-06-30T16:44:00,2026-06-30T21:44:00,SOJA,VOLCABLE_PTO_2,TERMINAL_EMBARQUE,INGRESO,MovimientosPorContrato_20260630.xlsx,NO_TRUCKFLOW_MATCH
CTG_10133228695,NSV889,2026-06-30T08:18:00,2026-06-30T21:46:00,MAIZ,CELDA_171_-_CENTRO,AVELLANEDA,INGRESO,MovimientosPorContrato_20260630.xlsx,NO_TRUCKFLOW_MATCH
CTG_10233243968,AC067HR,2026-06-30T16:50:00,2026-06-30T21:47:00,SOJA,VOLCABLE_PTO_3,TERMINAL_EMBARQUE,INGRESO,MovimientosPorContrato_20260630.xlsx,NO_TRUCKFLOW_MATCH
CTG_30033269219,FFM492,2026-06-30T21:05:00,2026-06-30T21:48:00,PELLETS GIRASOL,VOLCABLE_PTO_4,TERMINAL_EMBARQUE,INGRESO,MovimientosPorContrato_20260630.xlsx,NO_TRUCKFLOW_MATCH
CTG_10133235905,FAZ874,2026-06-30T16:45:00,2026-06-30T21:49:00,SOJA,VOLCABLE_PTO_2,TERMINAL_EMBARQUE,INGRESO,MovimientosPorContrato_20260630.xlsx,NO_TRUCKFLOW_MATCH
COMPROB_000200430919,GYB962,2026-06-30T20:33:00,2026-06-30T21:50:00,LEÑA CORTA SELECC,PLAYA_LEÑA_Y_CHIP,AVELLANEDA,INGRESO,MovimientosPorContrato_20260630.xlsx,NO_TRUCKFLOW_MATCH
CTG_10233240982,AH602JE,2026-06-30T17:00:00,2026-06-30T21:50:00,SOJA,VOLCABLE_PTO_2,TERMINAL_EMBARQUE,INGRESO,MovimientosPorContrato_20260630.xlsx,NO_TRUCKFLOW_MATCH
CTG_10133242400,LSL682,2026-06-30T16:57:00,2026-06-30T21:52:00,SOJA,VOLCABLE_PTO_3,TERMINAL_EMBARQUE,INGRESO,MovimientosPorContrato_20260630.xlsx,NO_TRUCKFLOW_MATCH
COMPROB_000404033999,NCH918,2026-06-30T17:44:00,2026-06-30T21:57:00,FUEL-OIL,,TERMINAL_EMBARQUE,INGRESO,MovimientosPorContrato_20260630.xlsx,NO_TRUCKFLOW_MATCH
CTG_30033269849,RQC013,2026-06-30T17:02:00,2026-06-30T21:59:00,PELLETS GIRASOL,CARGA_SILO_11,RICARDONE,EGRESO,MovimientosPorContrato_20260630.xlsx,NO_TRUCKFLOW_MATCH
CTG_30033269505,AAE877,2026-06-30T21:35:00,2026-06-30T22:00:00,PELLETS GIRASOL,VOLCABLE_PTO_4,TERMINAL_EMBARQUE,INGRESO,MovimientosPorContrato_20260630.xlsx,NO_TRUCKFLOW_MATCH
CTG_30033269855,XMZ495,2026-06-30T17:02:00,2026-06-30T22:00:00,PELLETS GIRASOL,CARGA_SILO_11,RICARDONE,EGRESO,MovimientosPorContrato_20260630.xlsx,NO_TRUCKFLOW_MATCH
CTG_30033269865,WGV770,2026-06-30T17:03:00,2026-06-30T22:02:00,PELLETS GIRASOL,CARGA_SILO_11,RICARDONE,EGRESO,MovimientosPorContrato_20260630.xlsx,NO_TRUCKFLOW_MATCH
COMPROB_000400419036,DQQ926,2026-06-30T19:37:00,2026-06-30T22:04:00,ACEITE GIRASOL REFINADO,ACEITE_OSL,TERMINAL_EMBARQUE,EGRESO,MovimientosPorContrato_20260630.xlsx,NO_TRUCKFLOW_MATCH
CTG_10133223154,FPW268,2026-06-30T16:43:00,2026-06-30T22:08:00,SOJA,VOLCABLE_PTO_3,TERMINAL_EMBARQUE,INGRESO,MovimientosPorContrato_20260630.xlsx,NO_TRUCKFLOW_MATCH
COMPROB_000400419037,DTH724,2026-06-30T21:34:00,2026-06-30T22:09:00,PRODUCTOS VARIOS,CALADITO,TERMINAL_EMBARQUE,EGRESO,MovimientosPorContrato_20260630.xlsx,NO_TRUCKFLOW_MATCH
CTG_10133242267,CUC868,2026-06-30T16:12:00,2026-06-30T22:10:00,SOJA,VOLCABLE_PTO_2,TERMINAL_EMBARQUE,INGRESO,MovimientosPorContrato_20260630.xlsx,NO_TRUCKFLOW_MATCH
CTG_30033269524,WYX408,2026-06-30T21:37:00,2026-06-30T22:11:00,PELLETS GIRASOL,VOLCABLE_PTO_4,TERMINAL_EMBARQUE,INGRESO,MovimientosPorContrato_20260630.xlsx,NO_TRUCKFLOW_MATCH
CTG_10233259630,VMR520,2026-06-30T17:06:00,2026-06-30T22:12:00,SOJA,VOLCABLE_PTO_5,TERMINAL_EMBARQUE,INGRESO,MovimientosPorContrato_20260630.xlsx,NO_TRUCKFLOW_MATCH
CTG_10233259318,SEG870,2026-06-30T17:05:00,2026-06-30T22:13:00,SOJA,VOLCABLE_PTO_2,TERMINAL_EMBARQUE,INGRESO,MovimientosPorContrato_20260630.xlsx,NO_TRUCKFLOW_MATCH
CTG_10233261611,UGE099,2026-06-30T17:21:00,2026-06-30T22:16:00,SOJA,VOLCABLE_PTO_5,TERMINAL_EMBARQUE,INGRESO,MovimientosPorContrato_20260630.xlsx,NO_TRUCKFLOW_MATCH
CTG_30033269530,UUO981,2026-06-30T21:38:00,2026-06-30T22:16:00,PELLETS GIRASOL,VOLCABLE_PTO_4,TERMINAL_EMBARQUE,INGRESO,MovimientosPorContrato_20260630.xlsx,NO_TRUCKFLOW_MATCH
COMPROB_000200430920,EUB525,2026-06-30T20:35:00,2026-06-30T22:17:00,LEÑA CORTA SELECC,PLAYA_LEÑA_Y_CHIP,AVELLANEDA,INGRESO,MovimientosPorContrato_20260630.xlsx,NO_TRUCKFLOW_MATCH
CTG_30033269959,HNE318,2026-06-30T16:33:00,2026-06-30T22:20:00,PELLETS GIRASOL,CARGA_SILO_11,RICARDONE,EGRESO,MovimientosPorContrato_20260630.xlsx,NO_TRUCKFLOW_MATCH
CTG_10233235291,GZG304,2026-06-30T08:31:00,2026-06-30T22:23:00,MAIZ,CELDA_171_-_CENTRO,AVELLANEDA,INGRESO,MovimientosPorContrato_20260630.xlsx,NO_TRUCKFLOW_MATCH
CTG_30033269583,LZB017,2026-06-30T21:38:00,2026-06-30T22:24:00,PELLETS GIRASOL,VOLCABLE_PTO_4,TERMINAL_EMBARQUE,INGRESO,MovimientosPorContrato_20260630.xlsx,NO_TRUCKFLOW_MATCH
CTG_10133236754,AA601UM,2026-06-30T16:55:00,2026-06-30T22:26:00,SOJA,VOLCABLE_PTO_5,TERMINAL_EMBARQUE,INGRESO,MovimientosPorContrato_20260630.xlsx,NO_TRUCKFLOW_MATCH
CTG_30033269701,ALV404,2026-06-30T21:50:00,2026-06-30T22:29:00,PELLETS GIRASOL,VOLCABLE_PTO_4,TERMINAL_EMBARQUE,INGRESO,MovimientosPorContrato_20260630.xlsx,NO_TRUCKFLOW_MATCH
CTG_30033270001,URM438,2026-06-30T16:57:00,2026-06-30T22:29:00,PELLETS GIRASOL,CARGA_SILO_11,RICARDONE,EGRESO,MovimientosPorContrato_20260630.xlsx,NO_TRUCKFLOW_MATCH
COMPROB_000200430922,LYD124,2026-06-30T05:20:00,2026-06-30T22:29:00,CHIP DE PINO,PLAYA_LEÑA_Y_CHIP,AVELLANEDA,INGRESO,MovimientosPorContrato_20260630.xlsx,NO_TRUCKFLOW_MATCH
CTG_10233250513,ESF485,2026-06-30T17:24:00,2026-06-30T22:30:00,SOJA,VOLCABLE_PTO_5,TERMINAL_EMBARQUE,INGRESO,MovimientosPorContrato_20260630.xlsx,NO_TRUCKFLOW_MATCH
COMPROB_000404034012,AA516BM,2026-06-30T19:12:00,2026-06-30T22:34:00,FUEL-OIL,,TERMINAL_EMBARQUE,INGRESO,MovimientosPorContrato_20260630.xlsx,NO_TRUCKFLOW_MATCH
CTG_10133246177,MPK223,2026-06-30T15:50:00,2026-06-30T22:38:00,SOJA,VOLCABLE_PTO_5,TERMINAL_EMBARQUE,INGRESO,MovimientosPorContrato_20260630.xlsx,NO_TRUCKFLOW_MATCH
CTG_30033270049,EHS233,2026-06-30T17:56:00,2026-06-30T22:41:00,PELLETS GIRASOL,CARGA_SILO_11,RICARDONE,EGRESO,MovimientosPorContrato_20260630.xlsx,NO_TRUCKFLOW_MATCH
CTG_10233240217,PKR721,2026-06-30T17:19:00,2026-06-30T22:45:00,SOJA,VOLCABLE_PTO_5,TERMINAL_EMBARQUE,INGRESO,MovimientosPorContrato_20260630.xlsx,NO_TRUCKFLOW_MATCH
CTG_30033270081,ROS380,2026-06-30T17:20:00,2026-06-30T22:48:00,PELLETS GIRASOL,CARGA_SILO_11,RICARDONE,EGRESO,MovimientosPorContrato_20260630.xlsx,NO_TRUCKFLOW_MATCH
CTG_30033269855,XMZ495,2026-06-30T22:17:00,2026-06-30T22:49:00,PELLETS GIRASOL,VOLCABLE_PTO_4,TERMINAL_EMBARQUE,INGRESO,MovimientosPorContrato_20260630.xlsx,NO_TRUCKFLOW_MATCH
COMPROB_000301065056,LZP121,2026-06-30T20:08:00,2026-06-30T22:51:00,PRODUCTOS VARIOS,VARIOS,RICARDONE,EGRESO,MovimientosPorContrato_20260630.xlsx,NO_TRUCKFLOW_MATCH
CTG_30033270095,UKL882,2026-06-30T18:06:00,2026-06-30T22:54:00,PELLETS GIRASOL,CARGA_SILO_11,RICARDONE,EGRESO,MovimientosPorContrato_20260630.xlsx,NO_TRUCKFLOW_MATCH
CTG_10233238642,EMV332,2026-06-30T17:32:00,2026-06-30T22:57:00,SOJA,VOLCABLE_PTO_5,TERMINAL_EMBARQUE,INGRESO,MovimientosPorContrato_20260630.xlsx,NO_TRUCKFLOW_MATCH
CTG_30033269865,WGV770,2026-06-30T22:19:00,2026-06-30T23:00:00,PELLETS GIRASOL,VOLCABLE_PTO_4,TERMINAL_EMBARQUE,INGRESO,MovimientosPorContrato_20260630.xlsx,NO_TRUCKFLOW_MATCH
CTG_30033270132,VHL423,2026-06-30T18:21:00,2026-06-30T23:04:00,PELLETS GIRASOL,CARGA_SILO_11,RICARDONE,EGRESO,MovimientosPorContrato_20260630.xlsx,NO_TRUCKFLOW_MATCH
CTG_30033269849,RQC013,2026-06-30T22:20:00,2026-06-30T23:05:00,PELLETS GIRASOL,VOLCABLE_PTO_4,TERMINAL_EMBARQUE,INGRESO,MovimientosPorContrato_20260630.xlsx,NO_TRUCKFLOW_MATCH
CTG_10233262159,RKQ225,2026-06-30T17:57:00,2026-06-30T23:06:00,SOJA,VOLCABLE_PTO_5,TERMINAL_EMBARQUE,INGRESO,MovimientosPorContrato_20260630.xlsx,NO_TRUCKFLOW_MATCH
COMPROB_000400419038,OIG256,2026-06-30T19:35:00,2026-06-30T23:13:00,BORRA ACEITE GIRASOL REFINADO,ACEITE_OSL,TERMINAL_EMBARQUE,EGRESO,MovimientosPorContrato_20260630.xlsx,NO_TRUCKFLOW_MATCH
CTG_30033270174,BHL749,2026-06-30T18:30:00,2026-06-30T23:13:00,PELLETS GIRASOL,CARGA_SILO_11,RICARDONE,EGRESO,MovimientosPorContrato_20260630.xlsx,NO_TRUCKFLOW_MATCH
CTG_30033269959,HNE318,2026-06-30T22:34:00,2026-06-30T23:18:00,PELLETS GIRASOL,VOLCABLE_PTO_4,TERMINAL_EMBARQUE,INGRESO,MovimientosPorContrato_20260630.xlsx,NO_TRUCKFLOW_MATCH
COMPROB_000200430923,OHJ869,2026-06-30T20:42:00,2026-06-30T23:19:00,FUEL-OIL,SIN_ESPECIFICAR,AVELLANEDA,INGRESO,MovimientosPorContrato_20260630.xlsx,NO_TRUCKFLOW_MATCH
CTG_10133226098,FKV974,2026-06-30T18:10:00,2026-06-30T23:20:00,SOJA,VOLCABLE_PTO_5,TERMINAL_EMBARQUE,INGRESO,MovimientosPorContrato_20260630.xlsx,NO_TRUCKFLOW_MATCH
CTG_30033270188,EYH843,2026-06-30T18:36:00,2026-06-30T23:21:00,PELLETS GIRASOL,,RICARDONE,EGRESO,MovimientosPorContrato_20260630.xlsx,NO_TRUCKFLOW_MATCH
CTG_10133224808,ECT725,2026-06-30T18:11:00,2026-06-30T23:22:00,SOJA,VOLCABLE_PTO_5,TERMINAL_EMBARQUE,INGRESO,MovimientosPorContrato_20260630.xlsx,NO_TRUCKFLOW_MATCH
CTG_30033270001,URM438,2026-06-30T22:48:00,2026-06-30T23:23:00,PELLETS GIRASOL,VOLCABLE_PTO_4,TERMINAL_EMBARQUE,INGRESO,MovimientosPorContrato_20260630.xlsx,NO_TRUCKFLOW_MATCH
CTG_10233235916,DEO511,2026-06-30T08:53:00,2026-06-30T23:30:00,MAIZ,CELDA_171_-_CENTRO,AVELLANEDA,INGRESO,MovimientosPorContrato_20260630.xlsx,NO_TRUCKFLOW_MATCH
CTG_30033270220,VJG112,2026-06-30T19:08:00,2026-06-30T23:32:00,PELLETS GIRASOL,,RICARDONE,EGRESO,MovimientosPorContrato_20260630.xlsx,NO_TRUCKFLOW_MATCH
CTG_30033270049,EHS233,2026-06-30T22:54:00,2026-06-30T23:33:00,PELLETS GIRASOL,VOLCABLE_PTO_4,TERMINAL_EMBARQUE,INGRESO,MovimientosPorContrato_20260630.xlsx,NO_TRUCKFLOW_MATCH
COMPROB_000400419039,LOV641,2026-06-30T23:20:00,2026-06-30T23:35:00,PRODUCTOS VARIOS,,TERMINAL_EMBARQUE,EGRESO,MovimientosPorContrato_20260630.xlsx,NO_TRUCKFLOW_MATCH
CTG_10233260447,INQ041,2026-06-30T18:29:00,2026-06-30T23:38:00,SOJA,VOLCABLE_PTO_2,TERMINAL_EMBARQUE,INGRESO,MovimientosPorContrato_20260630.xlsx,NO_TRUCKFLOW_MATCH
CTG_10233237897,EUJ346,2026-06-30T18:06:00,2026-06-30T23:40:00,SOJA,VOLCABLE_PTO_5,TERMINAL_EMBARQUE,INGRESO,MovimientosPorContrato_20260630.xlsx,NO_TRUCKFLOW_MATCH
CTG_30033270231,TAO150,2026-06-30T19:09:00,2026-06-30T23:43:00,PELLETS GIRASOL,CARGA_SILO_11,RICARDONE,EGRESO,MovimientosPorContrato_20260630.xlsx,NO_TRUCKFLOW_MATCH
CTG_10233246385,AH293KK,2026-06-30T18:15:00,2026-06-30T23:44:00,SOJA,VOLCABLE_PTO_5,TERMINAL_EMBARQUE,INGRESO,MovimientosPorContrato_20260630.xlsx,NO_TRUCKFLOW_MATCH
CTG_10133246548,JJU013,2026-06-30T18:26:00,2026-06-30T23:45:00,SOJA,VOLCABLE_PTO_3,TERMINAL_EMBARQUE,INGRESO,MovimientosPorContrato_20260630.xlsx,NO_TRUCKFLOW_MATCH
CTG_30033270239,UWX998,2026-06-30T19:26:00,2026-06-30T23:46:00,PELLETS GIRASOL,CARGA_SILO_11,RICARDONE,EGRESO,MovimientosPorContrato_20260630.xlsx,NO_TRUCKFLOW_MATCH
CTG_10133248496,AH452MG,2026-06-30T18:21:00,2026-06-30T23:47:00,SOJA,VOLCABLE_PTO_5,TERMINAL_EMBARQUE,INGRESO,MovimientosPorContrato_20260630.xlsx,NO_TRUCKFLOW_MATCH
CTG_30033270081,ROS380,2026-06-30T23:03:00,2026-06-30T23:49:00,PELLETS GIRASOL,VOLCABLE_PTO_4,TERMINAL_EMBARQUE,INGRESO,MovimientosPorContrato_20260630.xlsx,NO_TRUCKFLOW_MATCH
CTG_10233238364,AC195QD,2026-06-30T18:31:00,2026-06-30T23:51:00,SOJA,VOLCABLE_PTO_2,TERMINAL_EMBARQUE,INGRESO,MovimientosPorContrato_20260630.xlsx,NO_TRUCKFLOW_MATCH
CTG_10233244912,AA914VF,2026-06-30T18:32:00,2026-06-30T23:52:00,SOJA,VOLCABLE_PTO_3,TERMINAL_EMBARQUE,INGRESO,MovimientosPorContrato_20260630.xlsx,NO_TRUCKFLOW_MATCH
CTG_30033270095,UKL882,2026-06-30T23:13:00,2026-06-30T23:54:00,PELLETS GIRASOL,VOLCABLE_PTO_4,TERMINAL_EMBARQUE,INGRESO,MovimientosPorContrato_20260630.xlsx,NO_TRUCKFLOW_MATCH
CTG_30033270258,RXD557,2026-06-30T19:55:00,2026-06-30T23:55:00,PELLETS GIRASOL,CARGA_SILO_11,RICARDONE,EGRESO,MovimientosPorContrato_20260630.xlsx,NO_TRUCKFLOW_MATCH
CTG_10133212174,KWP234,2026-06-30T18:01:00,2026-06-30T23:57:00,SOJA,VOLCABLE_PTO_2,TERMINAL_EMBARQUE,INGRESO,MovimientosPorContrato_20260630.xlsx,NO_TRUCKFLOW_MATCH
COMPROB_000200430925,AE279AY,2026-06-30T23:04:00,2026-06-30T23:59:00,CHIP DE PINO,PLAYA_LEÑA_Y_CHIP,AVELLANEDA,INGRESO,MovimientosPorContrato_20260630.xlsx,NO_TRUCKFLOW_MATCH
CTG_10133241433,HFW404,2026-06-30T16:43:00,2026-06-30T23:59:00,SOJA,VOLCABLE_PTO_3,TERMINAL_EMBARQUE,INGRESO,MovimientosPorContrato_20260630.xlsx,NO_TRUCKFLOW_MATCH
CTG_10233244393,AB114CN,2026-06-30T22:10:00,2026-07-01T00:03:00,GIRASOL,VOLCABLE_1,RICARDONE,INGRESO,MovimientosPorContrato_20260701.xlsx,NO_TRUCKFLOW_MATCH
CTG_10133237586,BRP373,2026-06-30T17:55:00,2026-07-01T00:04:00,SOJA,VOLCABLE_PTO_3,TERMINAL_EMBARQUE,INGRESO,MovimientosPorContrato_20260701.xlsx,NO_TRUCKFLOW_MATCH
CTG_30033270271,AZG422,2026-06-30T20:09:00,2026-07-01T00:04:00,PELLETS GIRASOL,CARGA_SILO_11,RICARDONE,EGRESO,MovimientosPorContrato_20260701.xlsx,NO_TRUCKFLOW_MATCH
CTG_10133240104,OJQ684,2026-06-30T17:25:00,2026-07-01T00:05:00,SOJA,VOLCABLE_PTO_2,TERMINAL_EMBARQUE,INGRESO,MovimientosPorContrato_20260701.xlsx,NO_TRUCKFLOW_MATCH
CTG_30033270132,VHL423,2026-06-30T23:27:00,2026-07-01T00:06:00,PELLETS GIRASOL,VOLCABLE_PTO_4,TERMINAL_EMBARQUE,INGRESO,MovimientosPorContrato_20260701.xlsx,NO_TRUCKFLOW_MATCH
CTG_10133241119,AD223ZR,2026-06-30T18:24:00,2026-07-01T00:07:00,SOJA,VOLCABLE_PTO_2,TERMINAL_EMBARQUE,INGRESO,MovimientosPorContrato_20260701.xlsx,NO_TRUCKFLOW_MATCH
CTG_10133231954,EWW971,2026-06-30T14:35:00,2026-07-01T00:10:00,SOJA,VOLCABLE_PTO_2,TERMINAL_EMBARQUE,INGRESO,MovimientosPorContrato_20260701.xlsx,NO_TRUCKFLOW_MATCH
CTG_10133227541,LGI128,2026-06-30T18:41:00,2026-07-01T00:13:00,SOJA,VOLCABLE_PTO_3,TERMINAL_EMBARQUE,INGRESO,MovimientosPorContrato_20260701.xlsx,NO_TRUCKFLOW_MATCH
CTG_30033270174,BHL749,2026-06-30T23:32:00,2026-07-01T00:13:00,PELLETS GIRASOL,VOLCABLE_PTO_4,TERMINAL_EMBARQUE,INGRESO,MovimientosPorContrato_20260701.xlsx,NO_TRUCKFLOW_MATCH
CTG_10233259818,DIH255,2026-06-30T16:58:00,2026-07-01T00:14:00,SOJA,VOLCABLE_PTO_5,TERMINAL_EMBARQUE,INGRESO,MovimientosPorContrato_20260701.xlsx,NO_TRUCKFLOW_MATCH
CTG_10133239582,AE345TV,2026-06-30T19:07:00,2026-07-01T00:15:00,SOJA,VOLCABLE_PTO_3,TERMINAL_EMBARQUE,INGRESO,MovimientosPorContrato_20260701.xlsx,NO_TRUCKFLOW_MATCH
CTG_30033270288,TAC436,2026-06-30T21:19:00,2026-07-01T00:15:00,PELLETS GIRASOL,CARGA_SILO_11,RICARDONE,EGRESO,MovimientosPorContrato_20260701.xlsx,NO_TRUCKFLOW_MATCH
CTG_10233240182,ABL565,2026-06-30T18:05:00,2026-07-01T00:17:00,SOJA,VOLCABLE_PTO_5,TERMINAL_EMBARQUE,INGRESO,MovimientosPorContrato_20260701.xlsx,NO_TRUCKFLOW_MATCH
CTG_30033270298,RHL029,2026-06-30T21:01:00,2026-07-01T00:19:00,PELLETS GIRASOL,CARGA_SILO_11,RICARDONE,EGRESO,MovimientosPorContrato_20260701.xlsx,NO_TRUCKFLOW_MATCH
CTG_10233240621,MVV701,2026-06-30T19:05:00,2026-07-01T00:20:00,SOJA,VOLCABLE_PTO_2,TERMINAL_EMBARQUE,INGRESO,MovimientosPorContrato_20260701.xlsx,NO_TRUCKFLOW_MATCH
CTG_10233240293,JHU507,2026-06-30T19:02:00,2026-07-01T00:21:00,SOJA,VOLCABLE_PTO_3,TERMINAL_EMBARQUE,INGRESO,MovimientosPorContrato_20260701.xlsx,NO_TRUCKFLOW_MATCH
CTG_30033270188,EYH843,2026-06-30T23:37:00,2026-07-01T00:22:00,PELLETS GIRASOL,VOLCABLE_PTO_4,TERMINAL_EMBARQUE,INGRESO,MovimientosPorContrato_20260701.xlsx,NO_TRUCKFLOW_MATCH
CTG_30033270308,BVS300,2026-06-30T21:43:00,2026-07-01T00:26:00,PELLETS GIRASOL,CARGA_SILO_11,RICARDONE,EGRESO,MovimientosPorContrato_20260701.xlsx,NO_TRUCKFLOW_MATCH
CTG_10133226724,AC358WX,2026-06-30T19:09:00,2026-07-01T00:28:00,SOJA,VOLCABLE_PTO_2,TERMINAL_EMBARQUE,INGRESO,MovimientosPorContrato_20260701.xlsx,NO_TRUCKFLOW_MATCH
CTG_10233246296,EOR346,2026-06-30T19:10:00,2026-07-01T00:28:00,SOJA,VOLCABLE_PTO_3,TERMINAL_EMBARQUE,INGRESO,MovimientosPorContrato_20260701.xlsx,NO_TRUCKFLOW_MATCH
CTG_10133229055,AI227FC,2026-06-30T16:32:00,2026-07-01T00:31:00,SOJA,VOLCABLE_PTO_5,TERMINAL_EMBARQUE,INGRESO,MovimientosPorContrato_20260701.xlsx,NO_TRUCKFLOW_MATCH
CTG_30033270220,VJG112,2026-06-30T23:51:00,2026-07-01T00:33:00,PELLETS GIRASOL,VOLCABLE_PTO_4,TERMINAL_EMBARQUE,INGRESO,MovimientosPorContrato_20260701.xlsx,NO_TRUCKFLOW_MATCH
CTG_10233243238,AB912XV,2026-06-30T19:11:00,2026-07-01T00:34:00,SOJA,VOLCABLE_PTO_2,TERMINAL_EMBARQUE,INGRESO,MovimientosPorContrato_20260701.xlsx,NO_TRUCKFLOW_MATCH
CTG_10233243417,KFG350,2026-06-30T19:14:00,2026-07-01T00:35:00,SOJA,VOLCABLE_PTO_3,TERMINAL_EMBARQUE,INGRESO,MovimientosPorContrato_20260701.xlsx,NO_TRUCKFLOW_MATCH
CTG_10133228437,JNP184,2026-06-30T17:04:00,2026-07-01T00:36:00,SOJA,VOLCABLE_PTO_5,TERMINAL_EMBARQUE,INGRESO,MovimientosPorContrato_20260701.xlsx,NO_TRUCKFLOW_MATCH
CTG_10133228194,AC731XT,2026-06-30T19:18:00,2026-07-01T00:41:00,SOJA,VOLCABLE_PTO_2,TERMINAL_EMBARQUE,INGRESO,MovimientosPorContrato_20260701.xlsx,NO_TRUCKFLOW_MATCH
CTG_10133241331,AH653SF,2026-06-30T19:16:00,2026-07-01T00:42:00,SOJA,VOLCABLE_PTO_3,TERMINAL_EMBARQUE,INGRESO,MovimientosPorContrato_20260701.xlsx,NO_TRUCKFLOW_MATCH
CTG_30033270231,TAO150,2026-07-01T00:00:00,2026-07-01T00:43:00,PELLETS GIRASOL,VOLCABLE_PTO_4,TERMINAL_EMBARQUE,INGRESO,MovimientosPorContrato_20260701.xlsx,NO_TRUCKFLOW_MATCH
CTG_10133235508,AE102VV,2026-06-30T19:33:00,2026-07-01T00:45:00,SOJA,VOLCABLE_PTO_3,TERMINAL_EMBARQUE,INGRESO,MovimientosPorContrato_20260701.xlsx,NO_TRUCKFLOW_MATCH
CTG_30033270330,FFM492,2026-06-30T22:09:00,2026-07-01T00:46:00,PELLETS GIRASOL,,RICARDONE,EGRESO,MovimientosPorContrato_20260701.xlsx,NO_TRUCKFLOW_MATCH
CTG_10233239514,HCT170,2026-06-30T22:11:00,2026-07-01T00:47:00,GIRASOL,VOLCABLE_1,RICARDONE,INGRESO,MovimientosPorContrato_20260701.xlsx,NO_TRUCKFLOW_MATCH
CTG_10233264865,GJV806,2026-06-30T19:37:00,2026-07-01T00:49:00,SOJA,VOLCABLE_PTO_3,TERMINAL_EMBARQUE,INGRESO,MovimientosPorContrato_20260701.xlsx,NO_TRUCKFLOW_MATCH
CTG_30033270239,UWX998,2026-07-01T00:03:00,2026-07-01T00:51:00,PELLETS GIRASOL,VOLCABLE_PTO_4,TERMINAL_EMBARQUE,INGRESO,MovimientosPorContrato_20260701.xlsx,NO_TRUCKFLOW_MATCH
CTG_10233241155,BZN165,2026-06-30T17:15:00,2026-07-01T00:52:00,SOJA,VOLCABLE_PTO_5,TERMINAL_EMBARQUE,INGRESO,MovimientosPorContrato_20260701.xlsx,NO_TRUCKFLOW_MATCH
CTG_10133233602,MSG828,2026-06-30T19:36:00,2026-07-01T00:54:00,SOJA,VOLCABLE_PTO_2,TERMINAL_EMBARQUE,INGRESO,MovimientosPorContrato_20260701.xlsx,NO_TRUCKFLOW_MATCH
CTG_10133247841,GEP451,2026-06-30T18:12:00,2026-07-01T00:55:00,SOJA,VOLCABLE_PTO_5,TERMINAL_EMBARQUE,INGRESO,MovimientosPorContrato_20260701.xlsx,NO_TRUCKFLOW_MATCH
CTG_30033270258,RXD557,2026-07-01T00:09:00,2026-07-01T00:57:00,PELLETS GIRASOL,VOLCABLE_PTO_4,TERMINAL_EMBARQUE,INGRESO,MovimientosPorContrato_20260701.xlsx,NO_TRUCKFLOW_MATCH
CTG_10133240916,AD576ZQ,2026-06-30T18:25:00,2026-07-01T00:58:00,SOJA,VOLCABLE_PTO_5,TERMINAL_EMBARQUE,INGRESO,MovimientosPorContrato_20260701.xlsx,NO_TRUCKFLOW_MATCH
CTG_10133234554,NLY092,2026-06-30T19:19:00,2026-07-01T00:59:00,SOJA,VOLCABLE_PTO_2,TERMINAL_EMBARQUE,INGRESO,MovimientosPorContrato_20260701.xlsx,NO_TRUCKFLOW_MATCH
CTG_10133246525,VMH583,2026-06-30T19:22:00,2026-07-01T01:00:00,SOJA,VOLCABLE_PTO_3,TERMINAL_EMBARQUE,INGRESO,MovimientosPorContrato_20260701.xlsx,NO_TRUCKFLOW_MATCH
COMPROB_000404034069,AF292WL,2026-06-30T21:12:00,2026-07-01T01:03:00,FUEL-OIL,,TERMINAL_EMBARQUE,INGRESO,MovimientosPorContrato_20260701.xlsx,NO_TRUCKFLOW_MATCH
CTG_30033270353,AAE877,2026-06-30T22:27:00,2026-07-01T01:06:00,PELLETS GIRASOL,,RICARDONE,EGRESO,MovimientosPorContrato_20260701.xlsx,NO_TRUCKFLOW_MATCH
COMPROB_000400419040,HCI604,2026-07-01T00:42:00,2026-07-01T01:06:00,PRODUCTOS VARIOS,,TERMINAL_EMBARQUE,EGRESO,MovimientosPorContrato_20260701.xlsx,NO_TRUCKFLOW_MATCH
CTG_30033270356,WYX408,2026-06-30T22:39:00,2026-07-01T01:07:00,PELLETS GIRASOL,CARGA_SILO_11,RICARDONE,EGRESO,MovimientosPorContrato_20260701.xlsx,NO_TRUCKFLOW_MATCH
CTG_30033270357,AYB759,2026-06-30T21:57:00,2026-07-01T01:09:00,PELLETS GIRASOL,CARGA_SILO_11,RICARDONE,EGRESO,MovimientosPorContrato_20260701.xlsx,NO_TRUCKFLOW_MATCH
CTG_10233240500,EIG661,2026-06-30T19:27:00,2026-07-01T01:10:00,SOJA,VOLCABLE_PTO_3,TERMINAL_EMBARQUE,INGRESO,MovimientosPorContrato_20260701.xlsx,NO_TRUCKFLOW_MATCH
CTG_10233246457,DAG823,2026-06-30T19:23:00,2026-07-01T01:13:00,SOJA,VOLCABLE_PTO_2,TERMINAL_EMBARQUE,INGRESO,MovimientosPorContrato_20260701.xlsx,NO_TRUCKFLOW_MATCH
CTG_30033270271,AZG422,2026-07-01T00:30:00,2026-07-01T01:14:00,PELLETS GIRASOL,VOLCABLE_PTO_4,TERMINAL_EMBARQUE,INGRESO,MovimientosPorContrato_20260701.xlsx,NO_TRUCKFLOW_MATCH
CTG_10233239873,AD732OH,2026-06-30T19:24:00,2026-07-01T01:15:00,SOJA,VOLCABLE_PTO_3,TERMINAL_EMBARQUE,INGRESO,MovimientosPorContrato_20260701.xlsx,NO_TRUCKFLOW_MATCH
CTG_10133240243,DZX878,2026-06-30T19:28:00,2026-07-01T01:18:00,SOJA,VOLCABLE_PTO_2,TERMINAL_EMBARQUE,INGRESO,MovimientosPorContrato_20260701.xlsx,NO_TRUCKFLOW_MATCH
CTG_10133246298,GCH082,2026-06-30T19:20:00,2026-07-01T01:20:00,SOJA,VOLCABLE_PTO_2,TERMINAL_EMBARQUE,INGRESO,MovimientosPorContrato_20260701.xlsx,NO_TRUCKFLOW_MATCH
CTG_10133241458,CYC035,2026-06-30T19:20:00,2026-07-01T01:21:00,SOJA,VOLCABLE_PTO_5,TERMINAL_EMBARQUE,INGRESO,MovimientosPorContrato_20260701.xlsx,NO_TRUCKFLOW_MATCH
CTG_10233240766,FSS628,2026-06-30T22:27:00,2026-07-01T01:22:00,GIRASOL,VOLCABLE_1,RICARDONE,INGRESO,MovimientosPorContrato_20260701.xlsx,NO_TRUCKFLOW_MATCH
CTG_10233238446,KTD793,2026-06-30T19:29:00,2026-07-01T01:22:00,SOJA,VOLCABLE_PTO_3,TERMINAL_EMBARQUE,INGRESO,MovimientosPorContrato_20260701.xlsx,NO_TRUCKFLOW_MATCH
CTG_30033270373,LZB017,2026-06-30T22:44:00,2026-07-01T01:23:00,PELLETS GIRASOL,,RICARDONE,EGRESO,MovimientosPorContrato_20260701.xlsx,NO_TRUCKFLOW_MATCH
CTG_10133236356,AC521ED,2026-06-30T19:52:00,2026-07-01T01:25:00,SOJA,VOLCABLE_PTO_2,TERMINAL_EMBARQUE,INGRESO,MovimientosPorContrato_20260701.xlsx,NO_TRUCKFLOW_MATCH
CTG_10133242660,MPR764,2026-06-30T19:54:00,2026-07-01T01:29:00,SOJA,VOLCABLE_PTO_3,TERMINAL_EMBARQUE,INGRESO,MovimientosPorContrato_20260701.xlsx,NO_TRUCKFLOW_MATCH
CTG_10133249743,HEB097,2026-06-30T19:53:00,2026-07-01T01:30:00,SOJA,VOLCABLE_PTO_5,TERMINAL_EMBARQUE,INGRESO,MovimientosPorContrato_20260701.xlsx,NO_TRUCKFLOW_MATCH
CTG_30033270288,TAC436,2026-07-01T00:50:00,2026-07-01T01:31:00,PELLETS GIRASOL,VOLCABLE_PTO_4,TERMINAL_EMBARQUE,INGRESO,MovimientosPorContrato_20260701.xlsx,NO_TRUCKFLOW_MATCH
CTG_10133230774,AG052MN,2026-06-30T19:49:00,2026-07-01T01:32:00,SOJA,VOLCABLE_PTO_2,TERMINAL_EMBARQUE,INGRESO,MovimientosPorContrato_20260701.xlsx,NO_TRUCKFLOW_MATCH
CTG_30033270308,BVS300,2026-07-01T00:53:00,2026-07-01T01:34:00,PELLETS GIRASOL,VOLCABLE_PTO_4,TERMINAL_EMBARQUE,INGRESO,MovimientosPorContrato_20260701.xlsx,NO_TRUCKFLOW_MATCH
CTG_10133231822,JQQ023,2026-06-30T19:53:00,2026-07-01T01:35:00,SOJA,VOLCABLE_PTO_3,TERMINAL_EMBARQUE,INGRESO,MovimientosPorContrato_20260701.xlsx,NO_TRUCKFLOW_MATCH
CTG_30033270385,RYJ562,2026-06-30T23:03:00,2026-07-01T01:37:00,PELLETS GIRASOL,CARGA_SILO_11,RICARDONE,EGRESO,MovimientosPorContrato_20260701.xlsx,NO_TRUCKFLOW_MATCH
CTG_10133230630,AB520CY,2026-06-30T19:35:00,2026-07-01T01:38:00,SOJA,VOLCABLE_PTO_5,TERMINAL_EMBARQUE,INGRESO,MovimientosPorContrato_20260701.xlsx,NO_TRUCKFLOW_MATCH
CTG_30033270298,RHL029,2026-07-01T01:01:00,2026-07-01T01:39:00,PELLETS GIRASOL,VOLCABLE_PTO_4,TERMINAL_EMBARQUE,INGRESO,MovimientosPorContrato_20260701.xlsx,NO_TRUCKFLOW_MATCH
COMPROB_000404034087,AE088MS,2026-06-30T21:49:00,2026-07-01T01:40:00,FUEL-OIL,,TERMINAL_EMBARQUE,INGRESO,MovimientosPorContrato_20260701.xlsx,NO_TRUCKFLOW_MATCH
CTG_10233236844,GWQ265,2026-06-30T09:16:00,2026-07-01T01:42:00,MAIZ,CELDA_171_-_CENTRO,AVELLANEDA,INGRESO,MovimientosPorContrato_20260701.xlsx,NO_TRUCKFLOW_MATCH
CTG_10133248115,RER334,2026-06-30T19:51:00,2026-07-01T01:43:00,SOJA,VOLCABLE_PTO_3,TERMINAL_EMBARQUE,INGRESO,MovimientosPorContrato_20260701.xlsx,NO_TRUCKFLOW_MATCH
CTG_10133240116,AA222DZ,2026-06-30T19:56:00,2026-07-01T01:45:00,SOJA,VOLCABLE_PTO_2,TERMINAL_EMBARQUE,INGRESO,MovimientosPorContrato_20260701.xlsx,NO_TRUCKFLOW_MATCH
CTG_30033270330,FFM492,2026-07-01T01:06:00,2026-07-01T01:46:00,PELLETS GIRASOL,VOLCABLE_PTO_4,TERMINAL_EMBARQUE,INGRESO,MovimientosPorContrato_20260701.xlsx,NO_TRUCKFLOW_MATCH
COMPROB_000400419041,ROO085,2026-06-30T13:40:00,2026-07-01T01:49:00,ACEITE SOJA CRUDO DESGOMADO,,TERMINAL_EMBARQUE,EGRESO,MovimientosPorContrato_20260701.xlsx,NO_TRUCKFLOW_MATCH
CTG_10133236655,IDP899,2026-06-30T20:19:00,2026-07-01T01:51:00,SOJA,VOLCABLE_PTO_2,TERMINAL_EMBARQUE,INGRESO,MovimientosPorContrato_20260701.xlsx,NO_TRUCKFLOW_MATCH
CTG_10233254032,OQA463,2026-06-30T21:31:00,2026-07-01T01:53:00,SOJA,VOLCABLE_PTO_2,TERMINAL_EMBARQUE,INGRESO,MovimientosPorContrato_20260701.xlsx,NO_TRUCKFLOW_MATCH
CTG_10133231314,LVQ024,2026-06-30T19:47:00,2026-07-01T01:57:00,SOJA,VOLCABLE_PTO_5,TERMINAL_EMBARQUE,INGRESO,MovimientosPorContrato_20260701.xlsx,NO_TRUCKFLOW_MATCH
CTG_10133236864,INN437,2026-06-30T20:14:00,2026-07-01T01:58:00,SOJA,VOLCABLE_PTO_3,TERMINAL_EMBARQUE,INGRESO,MovimientosPorContrato_20260701.xlsx,NO_TRUCKFLOW_MATCH
CTG_10133233178,KUL396,2026-06-30T19:30:00,2026-07-01T01:59:00,SOJA,VOLCABLE_PTO_2,TERMINAL_EMBARQUE,INGRESO,MovimientosPorContrato_20260701.xlsx,NO_TRUCKFLOW_MATCH
CTG_10133231060,FUQ638,2026-06-30T19:50:00,2026-07-01T02:00:00,SOJA,VOLCABLE_PTO_3,TERMINAL_EMBARQUE,INGRESO,MovimientosPorContrato_20260701.xlsx,NO_TRUCKFLOW_MATCH
CTG_30033270357,AYB759,2026-07-01T01:28:00,2026-07-01T02:01:00,PELLETS GIRASOL,VOLCABLE_PTO_4,TERMINAL_EMBARQUE,INGRESO,MovimientosPorContrato_20260701.xlsx,NO_TRUCKFLOW_MATCH
COMPROB_000400419042,KAK194,2026-06-30T13:40:00,2026-07-01T02:02:00,ACEITE SOJA CRUDO DESGOMADO,,TERMINAL_EMBARQUE,EGRESO,MovimientosPorContrato_20260701.xlsx,NO_TRUCKFLOW_MATCH
CTG_10233225185,CVE383,2026-06-30T20:26:00,2026-07-01T02:03:00,SOJA,VOLCABLE_PTO_2,TERMINAL_EMBARQUE,INGRESO,MovimientosPorContrato_20260701.xlsx,NO_TRUCKFLOW_MATCH
CTG_30033270412,XMZ495,2026-06-30T23:03:00,2026-07-01T02:03:00,PELLETS GIRASOL,CARGA_SILO_11,RICARDONE,EGRESO,MovimientosPorContrato_20260701.xlsx,NO_TRUCKFLOW_MATCH
CTG_10233257930,RVP808,2026-06-30T20:24:00,2026-07-01T02:04:00,SOJA,VOLCABLE_PTO_5,TERMINAL_EMBARQUE,INGRESO,MovimientosPorContrato_20260701.xlsx,NO_TRUCKFLOW_MATCH
CTG_30033270413,WGV770,2026-06-30T23:14:00,2026-07-01T02:04:00,PELLETS GIRASOL,CARGA_SILO_11,RICARDONE,EGRESO,MovimientosPorContrato_20260701.xlsx,NO_TRUCKFLOW_MATCH
CTG_30033270414,RQC013,2026-06-30T23:22:00,2026-07-01T02:05:00,PELLETS GIRASOL,CARGA_SILO_11,RICARDONE,EGRESO,MovimientosPorContrato_20260701.xlsx,NO_TRUCKFLOW_MATCH
COMPROB_000400419043,EGV380,2026-07-01T01:02:00,2026-07-01T02:05:00,ACEITE GIRASOL REFINADO,ACEITE_OSL,TERMINAL_EMBARQUE,EGRESO,MovimientosPorContrato_20260701.xlsx,NO_TRUCKFLOW_MATCH
CTG_10233236460,AB092TC,2026-06-30T20:27:00,2026-07-01T02:07:00,SOJA,VOLCABLE_PTO_2,TERMINAL_EMBARQUE,INGRESO,MovimientosPorContrato_20260701.xlsx,NO_TRUCKFLOW_MATCH
CTG_10233224744,GCW659,2026-06-30T20:25:00,2026-07-01T02:08:00,SOJA,VOLCABLE_PTO_3,TERMINAL_EMBARQUE,INGRESO,MovimientosPorContrato_20260701.xlsx,NO_TRUCKFLOW_MATCH
CTG_10233254219,NSL631,2026-06-30T21:28:00,2026-07-01T02:15:00,SOJA,VOLCABLE_PTO_2,TERMINAL_EMBARQUE,INGRESO,MovimientosPorContrato_20260701.xlsx,NO_TRUCKFLOW_MATCH
CTG_30033270353,AAE877,2026-07-01T01:26:00,2026-07-01T02:17:00,PELLETS GIRASOL,VOLCABLE_PTO_4,TERMINAL_EMBARQUE,INGRESO,MovimientosPorContrato_20260701.xlsx,NO_TRUCKFLOW_MATCH
CTG_10233237933,SGH537,2026-06-30T09:41:00,2026-07-01T02:18:00,MAIZ,CELDA_171_-_CENTRO,AVELLANEDA,INGRESO,MovimientosPorContrato_20260701.xlsx,NO_TRUCKFLOW_MATCH
CTG_10133242744,AD173BY,2026-06-30T21:03:00,2026-07-01T02:18:00,SOJA,VOLCABLE_PTO_2,TERMINAL_EMBARQUE,INGRESO,MovimientosPorContrato_20260701.xlsx,NO_TRUCKFLOW_MATCH
CTG_10133241163,MML377,2026-06-30T20:33:00,2026-07-01T02:19:00,SOJA,VOLCABLE_PTO_5,TERMINAL_EMBARQUE,INGRESO,MovimientosPorContrato_20260701.xlsx,NO_TRUCKFLOW_MATCH
CTG_30033270422,HNE318,2026-06-30T23:32:00,2026-07-01T02:19:00,PELLETS GIRASOL,CARGA_SILO_11,RICARDONE,EGRESO,MovimientosPorContrato_20260701.xlsx,NO_TRUCKFLOW_MATCH
CTG_30033270356,WYX408,2026-07-01T01:28:00,2026-07-01T02:20:00,PELLETS GIRASOL,VOLCABLE_PTO_4,TERMINAL_EMBARQUE,INGRESO,MovimientosPorContrato_20260701.xlsx,NO_TRUCKFLOW_MATCH
COMPROB_000400419044,GFL685,2026-06-30T13:41:00,2026-07-01T02:21:00,ACEITE SOJA CRUDO DESGOMADO,,TERMINAL_EMBARQUE,EGRESO,MovimientosPorContrato_20260701.xlsx,NO_TRUCKFLOW_MATCH
CTG_10133229777,DMY351,2026-06-30T21:00:00,2026-07-01T02:22:00,SOJA,VOLCABLE_PTO_3,TERMINAL_EMBARQUE,INGRESO,MovimientosPorContrato_20260701.xlsx,NO_TRUCKFLOW_MATCH
CTG_30033270373,LZB017,2026-07-01T01:39:00,2026-07-01T02:23:00,PELLETS GIRASOL,VOLCABLE_PTO_4,TERMINAL_EMBARQUE,INGRESO,MovimientosPorContrato_20260701.xlsx,NO_TRUCKFLOW_MATCH
CTG_10233237042,MID428,2026-06-30T22:04:00,2026-07-01T02:24:00,SOJA,VOLCABLE_PTO_5,TERMINAL_EMBARQUE,INGRESO,MovimientosPorContrato_20260701.xlsx,NO_TRUCKFLOW_MATCH
CTG_10233256387,HUR090,2026-06-30T22:05:00,2026-07-01T02:25:00,SOJA,VOLCABLE_PTO_3,TERMINAL_EMBARQUE,INGRESO,MovimientosPorContrato_20260701.xlsx,NO_TRUCKFLOW_MATCH
COMPROB_000400419045,MKA348,2026-07-01T01:18:00,2026-07-01T02:27:00,ACEITE GIRASOL REFINADO,ACEITE_OSL,TERMINAL_EMBARQUE,EGRESO,MovimientosPorContrato_20260701.xlsx,NO_TRUCKFLOW_MATCH
CTG_30033270385,RYJ562,2026-07-01T01:58:00,2026-07-01T02:31:00,PELLETS GIRASOL,VOLCABLE_PTO_4,TERMINAL_EMBARQUE,INGRESO,MovimientosPorContrato_20260701.xlsx,NO_TRUCKFLOW_MATCH
CTG_10133227795,OBX979,2026-06-30T15:51:00,2026-07-01T02:36:00,SOJA,VOLCABLE_PTO_2,TERMINAL_EMBARQUE,INGRESO,MovimientosPorContrato_20260701.xlsx,NO_TRUCKFLOW_MATCH
CTG_30033270432,URM438,2026-06-30T23:39:00,2026-07-01T02:36:00,PELLETS GIRASOL,CARGA_SILO_11,RICARDONE,EGRESO,MovimientosPorContrato_20260701.xlsx,NO_TRUCKFLOW_MATCH
CTG_10133241380,AG085YQ,2026-06-30T16:19:00,2026-07-01T02:37:00,SOJA,VOLCABLE_PTO_2,TERMINAL_EMBARQUE,INGRESO,MovimientosPorContrato_20260701.xlsx,NO_TRUCKFLOW_MATCH
CTG_10233246631,GKA248,2026-06-30T17:49:00,2026-07-01T02:38:00,SOJA,VOLCABLE_PTO_3,TERMINAL_EMBARQUE,INGRESO,MovimientosPorContrato_20260701.xlsx,NO_TRUCKFLOW_MATCH
CTG_10133241753,LYC065,2026-06-30T18:36:00,2026-07-01T02:41:00,SOJA,VOLCABLE_PTO_5,TERMINAL_EMBARQUE,INGRESO,MovimientosPorContrato_20260701.xlsx,NO_TRUCKFLOW_MATCH
CTG_10133239380,AE345TZ,2026-06-30T18:42:00,2026-07-01T02:43:00,SOJA,VOLCABLE_PTO_3,TERMINAL_EMBARQUE,INGRESO,MovimientosPorContrato_20260701.xlsx,NO_TRUCKFLOW_MATCH
CTG_10233251776,KDQ875,2026-06-30T22:14:00,2026-07-01T02:44:00,SOJA,VOLCABLE_PTO_2,TERMINAL_EMBARQUE,INGRESO,MovimientosPorContrato_20260701.xlsx,NO_TRUCKFLOW_MATCH
CTG_10133226916,KTO310,2026-06-30T19:15:00,2026-07-01T02:45:00,SOJA,VOLCABLE_PTO_2,TERMINAL_EMBARQUE,INGRESO,MovimientosPorContrato_20260701.xlsx,NO_TRUCKFLOW_MATCH
COMPROB_000400419046,VZO116,2026-06-30T13:43:00,2026-07-01T02:48:00,ACEITE SOJA CRUDO DESGOMADO,,TERMINAL_EMBARQUE,EGRESO,MovimientosPorContrato_20260701.xlsx,NO_TRUCKFLOW_MATCH
CTG_10133242915,DJC986,2026-06-30T19:04:00,2026-07-01T02:49:00,SOJA,VOLCABLE_PTO_5,TERMINAL_EMBARQUE,INGRESO,MovimientosPorContrato_20260701.xlsx,NO_TRUCKFLOW_MATCH
CTG_10133240606,AB213UY,2026-06-30T19:16:00,2026-07-01T02:50:00,SOJA,VOLCABLE_PTO_3,TERMINAL_EMBARQUE,INGRESO,MovimientosPorContrato_20260701.xlsx,NO_TRUCKFLOW_MATCH
CTG_30033270412,XMZ495,2026-07-01T02:21:00,2026-07-01T02:51:00,PELLETS GIRASOL,VOLCABLE_PTO_4,TERMINAL_EMBARQUE,INGRESO,MovimientosPorContrato_20260701.xlsx,NO_TRUCKFLOW_MATCH
CTG_10233240936,GWP673,2026-06-30T19:55:00,2026-07-01T02:52:00,SOJA,VOLCABLE_PTO_2,TERMINAL_EMBARQUE,INGRESO,MovimientosPorContrato_20260701.xlsx,NO_TRUCKFLOW_MATCH
CTG_10133242233,HPI970,2026-06-30T20:01:00,2026-07-01T02:53:00,SOJA,VOLCABLE_PTO_5,TERMINAL_EMBARQUE,INGRESO,MovimientosPorContrato_20260701.xlsx,NO_TRUCKFLOW_MATCH
CTG_30033270439,EHS233,2026-06-30T23:48:00,2026-07-01T02:55:00,PELLETS GIRASOL,,RICARDONE,EGRESO,MovimientosPorContrato_20260701.xlsx,NO_TRUCKFLOW_MATCH
CTG_10233242879,SRC752,2026-06-30T21:02:00,2026-07-01T02:57:00,SOJA,VOLCABLE_PTO_2,TERMINAL_EMBARQUE,INGRESO,MovimientosPorContrato_20260701.xlsx,NO_TRUCKFLOW_MATCH
CTG_10233238376,AF500KD,2026-06-30T20:13:00,2026-07-01T02:59:00,SOJA,VOLCABLE_PTO_5,TERMINAL_EMBARQUE,INGRESO,MovimientosPorContrato_20260701.xlsx,NO_TRUCKFLOW_MATCH
CTG_30033270414,RQC013,2026-07-01T02:23:00,2026-07-01T03:01:00,PELLETS GIRASOL,VOLCABLE_PTO_4,TERMINAL_EMBARQUE,INGRESO,MovimientosPorContrato_20260701.xlsx,NO_TRUCKFLOW_MATCH
CTG_10133241699,LKB557,2026-06-30T21:04:00,2026-07-01T03:02:00,SOJA,VOLCABLE_PTO_5,TERMINAL_EMBARQUE,INGRESO,MovimientosPorContrato_20260701.xlsx,NO_TRUCKFLOW_MATCH
CTG_10133231548,AH778SZ,2026-06-30T20:02:00,2026-07-01T03:03:00,SOJA,VOLCABLE_PTO_3,TERMINAL_EMBARQUE,INGRESO,MovimientosPorContrato_20260701.xlsx,NO_TRUCKFLOW_MATCH
COMPROB_000400419047,AFR797,2026-06-30T21:44:00,2026-07-01T03:04:00,ACEITE SOJA CRUDO DESGOMADO,,TERMINAL_EMBARQUE,EGRESO,MovimientosPorContrato_20260701.xlsx,NO_TRUCKFLOW_MATCH
CTG_10133153204,NKZ937,2026-06-30T09:47:00,2026-07-01T03:04:00,MAIZ,CELDA_171_-_CENTRO,AVELLANEDA,INGRESO,MovimientosPorContrato_20260701.xlsx,NO_TRUCKFLOW_MATCH
CTG_30033270413,WGV770,2026-07-01T02:25:00,2026-07-01T03:06:00,PELLETS GIRASOL,VOLCABLE_PTO_4,TERMINAL_EMBARQUE,INGRESO,MovimientosPorContrato_20260701.xlsx,NO_TRUCKFLOW_MATCH
CTG_10133152976,PCQ548,2026-06-30T09:48:00,2026-07-01T03:06:00,MAIZ,CELDA_171_-_CENTRO,AVELLANEDA,INGRESO,MovimientosPorContrato_20260701.xlsx,NO_TRUCKFLOW_MATCH
CTG_10133245393,AF071ON,2026-06-30T21:07:00,2026-07-01T03:07:00,SOJA,VOLCABLE_PTO_2,TERMINAL_EMBARQUE,INGRESO,MovimientosPorContrato_20260701.xlsx,NO_TRUCKFLOW_MATCH
CTG_30033270445,UKL882,2026-07-01T00:10:00,2026-07-01T03:08:00,PELLETS GIRASOL,CARGA_SILO_11,RICARDONE,EGRESO,MovimientosPorContrato_20260701.xlsx,NO_TRUCKFLOW_MATCH
CTG_10133245062,AC116LD,2026-06-30T21:06:00,2026-07-01T03:09:00,SOJA,VOLCABLE_PTO_3,TERMINAL_EMBARQUE,INGRESO,MovimientosPorContrato_20260701.xlsx,NO_TRUCKFLOW_MATCH
CTG_10133241459,DNF095,2026-06-30T21:05:00,2026-07-01T03:12:00,SOJA,VOLCABLE_PTO_2,TERMINAL_EMBARQUE,INGRESO,MovimientosPorContrato_20260701.xlsx,NO_TRUCKFLOW_MATCH
CTG_10133246302,HJV079,2026-06-30T21:08:00,2026-07-01T03:16:00,SOJA,VOLCABLE_PTO_3,TERMINAL_EMBARQUE,INGRESO,MovimientosPorContrato_20260701.xlsx,NO_TRUCKFLOW_MATCH
CTG_10233266715,EDP388,2026-06-30T21:16:00,2026-07-01T03:17:00,SOJA,VOLCABLE_PTO_2,TERMINAL_EMBARQUE,INGRESO,MovimientosPorContrato_20260701.xlsx,NO_TRUCKFLOW_MATCH
CTG_30033270422,HNE318,2026-07-01T02:35:00,2026-07-01T03:19:00,PELLETS GIRASOL,VOLCABLE_PTO_4,TERMINAL_EMBARQUE,INGRESO,MovimientosPorContrato_20260701.xlsx,NO_TRUCKFLOW_MATCH
CTG_30033270451,ROS380,2026-07-01T00:07:00,2026-07-01T03:19:00,PELLETS GIRASOL,CARGA_SILO_11,RICARDONE,EGRESO,MovimientosPorContrato_20260701.xlsx,NO_TRUCKFLOW_MATCH
CTG_10233262480,ESZ694,2026-06-30T21:14:00,2026-07-01T03:22:00,SOJA,VOLCABLE_PTO_5,TERMINAL_EMBARQUE,INGRESO,MovimientosPorContrato_20260701.xlsx,NO_TRUCKFLOW_MATCH
CTG_30033270432,URM438,2026-07-01T02:51:00,2026-07-01T03:23:00,PELLETS GIRASOL,VOLCABLE_PTO_4,TERMINAL_EMBARQUE,INGRESO,MovimientosPorContrato_20260701.xlsx,NO_TRUCKFLOW_MATCH
CTG_10133239441,GNS137,2026-06-30T21:29:00,2026-07-01T03:24:00,SOJA,VOLCABLE_PTO_3,TERMINAL_EMBARQUE,INGRESO,MovimientosPorContrato_20260701.xlsx,NO_TRUCKFLOW_MATCH
CTG_10133239693,GJS739,2026-06-30T21:43:00,2026-07-01T03:25:00,SOJA,VOLCABLE_PTO_2,TERMINAL_EMBARQUE,INGRESO,MovimientosPorContrato_20260701.xlsx,NO_TRUCKFLOW_MATCH
CTG_10233244241,OHD614,2026-06-30T21:51:00,2026-07-01T03:26:00,SOJA,VOLCABLE_PTO_2,TERMINAL_EMBARQUE,INGRESO,MovimientosPorContrato_20260701.xlsx,NO_TRUCKFLOW_MATCH
CTG_10133236572,FTR545,2026-06-30T21:30:00,2026-07-01T03:31:00,SOJA,VOLCABLE_PTO_5,TERMINAL_EMBARQUE,INGRESO,MovimientosPorContrato_20260701.xlsx,NO_TRUCKFLOW_MATCH
CTG_10233260684,HPD400,2026-06-30T21:45:00,2026-07-01T03:34:00,SOJA,VOLCABLE_PTO_3,TERMINAL_EMBARQUE,INGRESO,MovimientosPorContrato_20260701.xlsx,NO_TRUCKFLOW_MATCH
CTG_10133241069,AH109KN,2026-06-30T22:01:00,2026-07-01T03:35:00,SOJA,VOLCABLE_PTO_2,TERMINAL_EMBARQUE,INGRESO,MovimientosPorContrato_20260701.xlsx,NO_TRUCKFLOW_MATCH
CTG_10133242207,FZB837,2026-06-30T21:15:00,2026-07-01T03:37:00,SOJA,VOLCABLE_PTO_5,TERMINAL_EMBARQUE,INGRESO,MovimientosPorContrato_20260701.xlsx,NO_TRUCKFLOW_MATCH
CTG_30033270455,VHL423,2026-07-01T00:24:00,2026-07-01T03:38:00,PELLETS GIRASOL,CARGA_SILO_11,RICARDONE,EGRESO,MovimientosPorContrato_20260701.xlsx,NO_TRUCKFLOW_MATCH
CTG_30033270439,EHS233,2026-07-01T03:09:00,2026-07-01T03:39:00,PELLETS GIRASOL,VOLCABLE_PTO_4,TERMINAL_EMBARQUE,INGRESO,MovimientosPorContrato_20260701.xlsx,NO_TRUCKFLOW_MATCH
CTG_10133155327,RJP975,2026-06-30T09:50:00,2026-07-01T03:39:00,MAIZ,CELDA_171_-_CENTRO,AVELLANEDA,INGRESO,MovimientosPorContrato_20260701.xlsx,NO_TRUCKFLOW_MATCH
CTG_10233263110,AH730JV,2026-06-30T22:02:00,2026-07-01T03:40:00,SOJA,VOLCABLE_PTO_3,TERMINAL_EMBARQUE,INGRESO,MovimientosPorContrato_20260701.xlsx,NO_TRUCKFLOW_MATCH
COMPROB_000200430931,HLF936,2026-06-30T12:25:00,2026-07-01T03:44:00,CHIP DE EUCALIPTUS,PLAYA_LEÑA_Y_CHIP,AVELLANEDA,INGRESO,MovimientosPorContrato_20260701.xlsx,NO_TRUCKFLOW_MATCH
CTG_10133232093,FDM645,2026-06-30T22:00:00,2026-07-01T03:44:00,SOJA,VOLCABLE_PTO_2,TERMINAL_EMBARQUE,INGRESO,MovimientosPorContrato_20260701.xlsx,NO_TRUCKFLOW_MATCH
CTG_30033270445,UKL882,2026-07-01T03:26:00,2026-07-01T03:50:00,PELLETS GIRASOL,VOLCABLE_PTO_4,TERMINAL_EMBARQUE,INGRESO,MovimientosPorContrato_20260701.xlsx,NO_TRUCKFLOW_MATCH
CTG_10133239422,FFV632,2026-06-30T21:58:00,2026-07-01T03:51:00,SOJA,VOLCABLE_PTO_5,TERMINAL_EMBARQUE,INGRESO,MovimientosPorContrato_20260701.xlsx,NO_TRUCKFLOW_MATCH
CTG_30033270460,DIH255,2026-07-01T00:26:00,2026-07-01T03:52:00,PELLETS GIRASOL,,RICARDONE,EGRESO,MovimientosPorContrato_20260701.xlsx,NO_TRUCKFLOW_MATCH
CTG_30033270463,EYH843,2026-07-01T00:37:00,2026-07-01T03:56:00,PELLETS GIRASOL,,RICARDONE,EGRESO,MovimientosPorContrato_20260701.xlsx,NO_TRUCKFLOW_MATCH
CTG_30033270465,SWQ863,2026-07-01T00:28:00,2026-07-01T03:57:00,PELLETS GIRASOL,CARGA_SILO_11,RICARDONE,EGRESO,MovimientosPorContrato_20260701.xlsx,NO_TRUCKFLOW_MATCH
CTG_10133248791,DHY514,2026-06-30T22:05:00,2026-07-01T03:58:00,SOJA,VOLCABLE_PTO_3,TERMINAL_EMBARQUE,INGRESO,MovimientosPorContrato_20260701.xlsx,NO_TRUCKFLOW_MATCH
CTG_10133232281,AH778SY,2026-06-30T22:03:00,2026-07-01T03:59:00,SOJA,VOLCABLE_PTO_2,TERMINAL_EMBARQUE,INGRESO,MovimientosPorContrato_20260701.xlsx,NO_TRUCKFLOW_MATCH
CTG_10133231664,AH778SX,2026-06-30T20:03:00,2026-07-01T04:02:00,SOJA,VOLCABLE_PTO_5,TERMINAL_EMBARQUE,INGRESO,MovimientosPorContrato_20260701.xlsx,NO_TRUCKFLOW_MATCH
CTG_10233256895,FNK926,2026-06-30T22:07:00,2026-07-01T04:04:00,SOJA,VOLCABLE_PTO_2,TERMINAL_EMBARQUE,INGRESO,MovimientosPorContrato_20260701.xlsx,NO_TRUCKFLOW_MATCH
CTG_10133248247,FJC555,2026-06-30T22:06:00,2026-07-01T04:05:00,SOJA,VOLCABLE_PTO_3,TERMINAL_EMBARQUE,INGRESO,MovimientosPorContrato_20260701.xlsx,NO_TRUCKFLOW_MATCH
CTG_10233266489,AF674YH,2026-06-30T22:10:00,2026-07-01T04:09:00,SOJA,VOLCABLE_PTO_3,TERMINAL_EMBARQUE,INGRESO,MovimientosPorContrato_20260701.xlsx,NO_TRUCKFLOW_MATCH
CTG_30033270470,VJG112,2026-07-01T00:50:00,2026-07-01T04:09:00,PELLETS GIRASOL,,RICARDONE,EGRESO,MovimientosPorContrato_20260701.xlsx,NO_TRUCKFLOW_MATCH
CTG_30033270451,ROS380,2026-07-01T03:37:00,2026-07-01T04:10:00,PELLETS GIRASOL,VOLCABLE_PTO_4,TERMINAL_EMBARQUE,INGRESO,MovimientosPorContrato_20260701.xlsx,NO_TRUCKFLOW_MATCH
CTG_10133248462,TMX418,2026-06-30T22:07:00,2026-07-01T04:12:00,SOJA,VOLCABLE_PTO_2,TERMINAL_EMBARQUE,INGRESO,MovimientosPorContrato_20260701.xlsx,NO_TRUCKFLOW_MATCH
CTG_10233264802,GQZ694,2026-06-30T22:08:00,2026-07-01T04:17:00,SOJA,VOLCABLE_PTO_2,TERMINAL_EMBARQUE,INGRESO,MovimientosPorContrato_20260701.xlsx,NO_TRUCKFLOW_MATCH
CTG_10133241902,OFK464,2026-06-30T20:12:00,2026-07-01T04:18:00,SOJA,VOLCABLE_PTO_5,TERMINAL_EMBARQUE,INGRESO,MovimientosPorContrato_20260701.xlsx,NO_TRUCKFLOW_MATCH
CTG_30033270475,TAO150,2026-07-01T00:58:00,2026-07-01T04:19:00,PELLETS GIRASOL,CARGA_SILO_11,RICARDONE,EGRESO,MovimientosPorContrato_20260701.xlsx,NO_TRUCKFLOW_MATCH
CTG_30033270477,UWX998,2026-07-01T01:05:00,2026-07-01T04:22:00,PELLETS GIRASOL,CARGA_SILO_11,RICARDONE,EGRESO,MovimientosPorContrato_20260701.xlsx,NO_TRUCKFLOW_MATCH
CTG_10133242741,AE536IF,2026-06-30T22:13:00,2026-07-01T04:24:00,SOJA,VOLCABLE_PTO_3,TERMINAL_EMBARQUE,INGRESO,MovimientosPorContrato_20260701.xlsx,NO_TRUCKFLOW_MATCH
CTG_10133259826,HPN846,2026-06-30T22:17:00,2026-07-01T04:27:00,SOJA,VOLCABLE_PTO_2,TERMINAL_EMBARQUE,INGRESO,MovimientosPorContrato_20260701.xlsx,NO_TRUCKFLOW_MATCH
CTG_10133224593,AF052BR,2026-06-30T20:10:00,2026-07-01T04:29:00,SOJA,VOLCABLE_PTO_5,TERMINAL_EMBARQUE,INGRESO,MovimientosPorContrato_20260701.xlsx,NO_TRUCKFLOW_MATCH
CTG_10233252022,AA614JI,2026-06-30T22:15:00,2026-07-01T04:31:00,SOJA,VOLCABLE_PTO_3,TERMINAL_EMBARQUE,INGRESO,MovimientosPorContrato_20260701.xlsx,NO_TRUCKFLOW_MATCH
CTG_10233243161,VNP426,2026-06-30T11:15:00,2026-07-01T04:31:00,MAIZ,CELDA_171_-_CENTRO,AVELLANEDA,INGRESO,MovimientosPorContrato_20260701.xlsx,NO_TRUCKFLOW_MATCH
CTG_10133259198,GIU997,2026-06-30T22:18:00,2026-07-01T04:33:00,SOJA,VOLCABLE_PTO_3,TERMINAL_EMBARQUE,INGRESO,MovimientosPorContrato_20260701.xlsx,NO_TRUCKFLOW_MATCH
CTG_10133259411,GTF056,2026-06-30T22:18:00,2026-07-01T04:34:00,SOJA,VOLCABLE_PTO_2,TERMINAL_EMBARQUE,INGRESO,MovimientosPorContrato_20260701.xlsx,NO_TRUCKFLOW_MATCH
CTG_10133229194,AH011OC,2026-06-30T21:01:00,2026-07-01T04:35:00,SOJA,VOLCABLE_PTO_5,TERMINAL_EMBARQUE,INGRESO,MovimientosPorContrato_20260701.xlsx,NO_TRUCKFLOW_MATCH
CTG_30033270481,RXD557,2026-07-01T01:14:00,2026-07-01T04:35:00,PELLETS GIRASOL,CARGA_SILO_11,RICARDONE,EGRESO,MovimientosPorContrato_20260701.xlsx,NO_TRUCKFLOW_MATCH
CTG_30033270455,VHL423,2026-07-01T03:58:00,2026-07-01T04:37:00,PELLETS GIRASOL,VOLCABLE_PTO_4,TERMINAL_EMBARQUE,INGRESO,MovimientosPorContrato_20260701.xlsx,NO_TRUCKFLOW_MATCH
CTG_30033270460,DIH255,2026-07-01T04:09:00,2026-07-01T04:38:00,PELLETS GIRASOL,VOLCABLE_PTO_4,TERMINAL_EMBARQUE,INGRESO,MovimientosPorContrato_20260701.xlsx,NO_TRUCKFLOW_MATCH
CTG_10133239254,AH377YD,2026-06-30T22:16:00,2026-07-01T04:39:00,SOJA,VOLCABLE_PTO_3,TERMINAL_EMBARQUE,INGRESO,MovimientosPorContrato_20260701.xlsx,NO_TRUCKFLOW_MATCH
CTG_10133238073,MMU940,2026-06-30T21:52:00,2026-07-01T04:40:00,SOJA,VOLCABLE_PTO_5,TERMINAL_EMBARQUE,INGRESO,MovimientosPorContrato_20260701.xlsx,NO_TRUCKFLOW_MATCH
CTG_30033270484,AZG422,2026-07-01T01:31:00,2026-07-01T04:40:00,PELLETS GIRASOL,CARGA_SILO_11,RICARDONE,EGRESO,MovimientosPorContrato_20260701.xlsx,NO_TRUCKFLOW_MATCH
CTG_10133247780,LOW017,2026-06-30T22:21:00,2026-07-01T04:45:00,SOJA,VOLCABLE_PTO_2,TERMINAL_EMBARQUE,INGRESO,MovimientosPorContrato_20260701.xlsx,NO_TRUCKFLOW_MATCH
CTG_10133239467,AA687SA,2026-06-30T22:20:00,2026-07-01T04:46:00,SOJA,VOLCABLE_PTO_3,TERMINAL_EMBARQUE,INGRESO,MovimientosPorContrato_20260701.xlsx,NO_TRUCKFLOW_MATCH
CTG_10233258999,GLL240,2026-06-30T22:16:00,2026-07-01T04:47:00,SOJA,VOLCABLE_PTO_2,TERMINAL_EMBARQUE,INGRESO,MovimientosPorContrato_20260701.xlsx,NO_TRUCKFLOW_MATCH
CTG_10133259930,HFB532,2026-06-30T22:21:00,2026-07-01T04:53:00,SOJA,VOLCABLE_PTO_2,TERMINAL_EMBARQUE,INGRESO,MovimientosPorContrato_20260701.xlsx,NO_TRUCKFLOW_MATCH
CTG_30033270488,TAC436,2026-07-01T01:44:00,2026-07-01T04:53:00,PELLETS GIRASOL,CARGA_SILO_11,RICARDONE,EGRESO,MovimientosPorContrato_20260701.xlsx,NO_TRUCKFLOW_MATCH
CTG_10133240539,RPH228,2026-06-30T22:19:00,2026-07-01T04:54:00,SOJA,VOLCABLE_PTO_3,TERMINAL_EMBARQUE,INGRESO,MovimientosPorContrato_20260701.xlsx,NO_TRUCKFLOW_MATCH
CTG_30033270490,BVS300,2026-07-01T01:45:00,2026-07-01T04:54:00,PELLETS GIRASOL,CARGA_SILO_11,RICARDONE,EGRESO,MovimientosPorContrato_20260701.xlsx,NO_TRUCKFLOW_MATCH
CTG_30033270463,EYH843,2026-07-01T04:13:00,2026-07-01T04:55:00,PELLETS GIRASOL,VOLCABLE_PTO_4,TERMINAL_EMBARQUE,INGRESO,MovimientosPorContrato_20260701.xlsx,NO_TRUCKFLOW_MATCH
CTG_10233247123,UQW840,2026-06-30T12:35:00,2026-07-01T04:58:00,MAIZ,CELDA_171_-_CENTRO,AVELLANEDA,INGRESO,MovimientosPorContrato_20260701.xlsx,NO_TRUCKFLOW_MATCH
CTG_30033270493,FFM492,2026-07-01T02:04:00,2026-07-01T04:59:00,PELLETS GIRASOL,,RICARDONE,EGRESO,MovimientosPorContrato_20260701.xlsx,NO_TRUCKFLOW_MATCH
CTG_10133248693,GJH052,2026-06-30T22:22:00,2026-07-01T04:59:00,SOJA,VOLCABLE_PTO_3,TERMINAL_EMBARQUE,INGRESO,MovimientosPorContrato_20260701.xlsx,NO_TRUCKFLOW_MATCH
CTG_10133241152,AG119YZ,2026-06-30T22:24:00,2026-07-01T05:00:00,SOJA,VOLCABLE_PTO_2,TERMINAL_EMBARQUE,INGRESO,MovimientosPorContrato_20260701.xlsx,NO_TRUCKFLOW_MATCH
CTG_10133232915,NPM286,2026-06-30T21:50:00,2026-07-01T05:02:00,SOJA,VOLCABLE_PTO_5,TERMINAL_EMBARQUE,INGRESO,MovimientosPorContrato_20260701.xlsx,NO_TRUCKFLOW_MATCH
CTG_10133249277,AB552CU,2026-06-30T22:26:00,2026-07-01T05:05:00,SOJA,VOLCABLE_PTO_2,TERMINAL_EMBARQUE,INGRESO,MovimientosPorContrato_20260701.xlsx,NO_TRUCKFLOW_MATCH
CTG_30033270465,SWQ863,2026-07-01T04:21:00,2026-07-01T05:06:00,PELLETS GIRASOL,VOLCABLE_PTO_4,TERMINAL_EMBARQUE,INGRESO,MovimientosPorContrato_20260701.xlsx,NO_TRUCKFLOW_MATCH
CTG_10133240610,AE989HC,2026-06-30T22:25:00,2026-07-01T05:07:00,SOJA,VOLCABLE_PTO_3,TERMINAL_EMBARQUE,INGRESO,MovimientosPorContrato_20260701.xlsx,NO_TRUCKFLOW_MATCH
CTG_30033270499,AYB759,2026-07-01T02:18:00,2026-07-01T05:07:00,PELLETS GIRASOL,CARGA_SILO_11,RICARDONE,EGRESO,MovimientosPorContrato_20260701.xlsx,NO_TRUCKFLOW_MATCH
CTG_10233258661,NFJ540,2026-06-30T22:30:00,2026-07-01T05:08:00,SOJA,VOLCABLE_PTO_2,TERMINAL_EMBARQUE,INGRESO,MovimientosPorContrato_20260701.xlsx,NO_TRUCKFLOW_MATCH
CTG_10233253357,KQI437,2026-06-30T22:39:00,2026-07-01T05:13:00,SOJA,VOLCABLE_PTO_3,TERMINAL_EMBARQUE,INGRESO,MovimientosPorContrato_20260701.xlsx,NO_TRUCKFLOW_MATCH
CTG_30033270503,RHL029,2026-07-01T02:23:00,2026-07-01T05:13:00,PELLETS GIRASOL,CARGA_SILO_11,RICARDONE,EGRESO,MovimientosPorContrato_20260701.xlsx,NO_TRUCKFLOW_MATCH
CTG_10233259742,KJW067,2026-06-30T22:26:00,2026-07-01T05:14:00,SOJA,VOLCABLE_PTO_5,TERMINAL_EMBARQUE,INGRESO,MovimientosPorContrato_20260701.xlsx,NO_TRUCKFLOW_MATCH
COMPROB_000200430934,WEM025,2026-06-30T17:06:00,2026-07-01T05:15:00,LEÑA CORTA SELECC,PLAYA_LEÑA_Y_CHIP,AVELLANEDA,INGRESO,MovimientosPorContrato_20260701.xlsx,NO_TRUCKFLOW_MATCH
CTG_30033270470,VJG112,2026-07-01T04:30:00,2026-07-01T05:16:00,PELLETS GIRASOL,VOLCABLE_PTO_4,TERMINAL_EMBARQUE,INGRESO,MovimientosPorContrato_20260701.xlsx,NO_TRUCKFLOW_MATCH
CTG_10133232869,AE601HP,2026-06-30T21:51:00,2026-07-01T05:17:00,SOJA,VOLCABLE_PTO_5,TERMINAL_EMBARQUE,INGRESO,MovimientosPorContrato_20260701.xlsx,NO_TRUCKFLOW_MATCH
CTG_10233265793,BER232,2026-06-30T22:30:00,2026-07-01T05:19:00,SOJA,VOLCABLE_PTO_2,TERMINAL_EMBARQUE,INGRESO,MovimientosPorContrato_20260701.xlsx,NO_TRUCKFLOW_MATCH
CTG_10233260391,AB085UB,2026-06-30T22:28:00,2026-07-01T05:20:00,SOJA,VOLCABLE_PTO_5,TERMINAL_EMBARQUE,INGRESO,MovimientosPorContrato_20260701.xlsx,NO_TRUCKFLOW_MATCH
CTG_10133252315,MKW109,2026-06-30T22:42:00,2026-07-01T05:22:00,SOJA,VOLCABLE_PTO_2,TERMINAL_EMBARQUE,INGRESO,MovimientosPorContrato_20260701.xlsx,NO_TRUCKFLOW_MATCH
CTG_10133243005,AB304NY,2026-06-30T22:42:00,2026-07-01T05:26:00,SOJA,VOLCABLE_PTO_3,TERMINAL_EMBARQUE,INGRESO,MovimientosPorContrato_20260701.xlsx,NO_TRUCKFLOW_MATCH
CTG_30033270475,TAO150,2026-07-01T04:34:00,2026-07-01T05:31:00,PELLETS GIRASOL,VOLCABLE_PTO_4,TERMINAL_EMBARQUE,INGRESO,MovimientosPorContrato_20260701.xlsx,NO_TRUCKFLOW_MATCH
CTG_30033270517,AAE877,2026-07-01T02:34:00,2026-07-01T05:32:00,PELLETS GIRASOL,,RICARDONE,EGRESO,MovimientosPorContrato_20260701.xlsx,NO_TRUCKFLOW_MATCH
CTG_10133242547,AC310RN,2026-06-30T22:44:00,2026-07-01T05:38:00,SOJA,VOLCABLE_PTO_2,TERMINAL_EMBARQUE,INGRESO,MovimientosPorContrato_20260701.xlsx,NO_TRUCKFLOW_MATCH
CTG_10133257340,AH488IG,2026-06-30T22:29:00,2026-07-01T05:39:00,SOJA,VOLCABLE_PTO_5,TERMINAL_EMBARQUE,INGRESO,MovimientosPorContrato_20260701.xlsx,NO_TRUCKFLOW_MATCH
CTG_30033270477,UWX998,2026-07-01T04:39:00,2026-07-01T05:42:00,PELLETS GIRASOL,VOLCABLE_PTO_4,TERMINAL_EMBARQUE,INGRESO,MovimientosPorContrato_20260701.xlsx,NO_TRUCKFLOW_MATCH
CTG_10133247121,JTB755,2026-06-30T22:40:00,2026-07-01T05:45:00,SOJA,VOLCABLE_PTO_2,TERMINAL_EMBARQUE,INGRESO,MovimientosPorContrato_20260701.xlsx,NO_TRUCKFLOW_MATCH
COMPROB_000200319688,AB747VW,2026-07-01T04:40:00,2026-07-01T05:47:00,ALCOHOL ETILICO ANHIDRO P/ BIOCOMB ORIG CEREAL,T1002,AVELLANEDA,EGRESO,MovimientosPorContrato_20260701.xlsx,NO_TRUCKFLOW_MATCH
CTG_30033270481,RXD557,2026-07-01T04:50:00,2026-07-01T05:50:00,PELLETS GIRASOL,VOLCABLE_PTO_4,TERMINAL_EMBARQUE,INGRESO,MovimientosPorContrato_20260701.xlsx,NO_TRUCKFLOW_MATCH
CTG_10233247881,LXL506,2026-06-30T22:41:00,2026-07-01T05:51:00,SOJA,VOLCABLE_PTO_5,TERMINAL_EMBARQUE,INGRESO,MovimientosPorContrato_20260701.xlsx,NO_TRUCKFLOW_MATCH
CTG_30033270535,LZB017,2026-07-01T02:35:00,2026-07-01T05:52:00,PELLETS GIRASOL,,RICARDONE,EGRESO,MovimientosPorContrato_20260701.xlsx,NO_TRUCKFLOW_MATCH
CTG_10133228153,JIJ145,2026-06-30T22:43:00,2026-07-01T05:52:00,SOJA,VOLCABLE_PTO_2,TERMINAL_EMBARQUE,INGRESO,MovimientosPorContrato_20260701.xlsx,NO_TRUCKFLOW_MATCH
CTG_10133224119,HBH765,2026-06-30T12:54:00,2026-07-01T05:54:00,MAIZ,CELDA_171_-_CENTRO,AVELLANEDA,INGRESO,MovimientosPorContrato_20260701.xlsx,NO_TRUCKFLOW_MATCH
CTG_10133227502,JEM831,2026-06-30T13:00:00,2026-07-01T05:57:00,MAIZ,CELDA_171_-_CENTRO,AVELLANEDA,INGRESO,MovimientosPorContrato_20260701.xlsx,NO_TRUCKFLOW_MATCH
CTG_10133257921,JWZ244,2026-06-30T22:47:00,2026-07-01T05:57:00,SOJA,VOLCABLE_PTO_2,TERMINAL_EMBARQUE,INGRESO,MovimientosPorContrato_20260701.xlsx,NO_TRUCKFLOW_MATCH
CTG_10233252377,COZ189,2026-06-30T22:45:00,2026-07-01T06:02:00,SOJA,VOLCABLE_PTO_5,TERMINAL_EMBARQUE,INGRESO,MovimientosPorContrato_20260701.xlsx,NO_TRUCKFLOW_MATCH
CTG_30033270484,AZG422,2026-07-01T04:55:00,2026-07-01T06:04:00,PELLETS GIRASOL,VOLCABLE_PTO_4,TERMINAL_EMBARQUE,INGRESO,MovimientosPorContrato_20260701.xlsx,NO_TRUCKFLOW_MATCH
CTG_10233229486,KLT797,2026-06-30T22:46:00,2026-07-01T06:05:00,SOJA,VOLCABLE_PTO_2,TERMINAL_EMBARQUE,INGRESO,MovimientosPorContrato_20260701.xlsx,NO_TRUCKFLOW_MATCH
CTG_10133265972,HER804,2026-06-30T22:51:00,2026-07-01T06:08:00,SOJA,VOLCABLE_PTO_5,TERMINAL_EMBARQUE,INGRESO,MovimientosPorContrato_20260701.xlsx,NO_TRUCKFLOW_MATCH
CTG_10233262720,AG227NB,2026-06-30T23:21:00,2026-07-01T06:13:00,SOJA,VOLCABLE_PTO_5,TERMINAL_EMBARQUE,INGRESO,MovimientosPorContrato_20260701.xlsx,NO_TRUCKFLOW_MATCH
CTG_30033270488,TAC436,2026-07-01T05:12:00,2026-07-01T06:15:00,PELLETS GIRASOL,VOLCABLE_PTO_4,TERMINAL_EMBARQUE,INGRESO,MovimientosPorContrato_20260701.xlsx,NO_TRUCKFLOW_MATCH
CTG_30033270586,RYJ562,2026-07-01T02:43:00,2026-07-01T06:16:00,PELLETS GIRASOL,CARGA_SILO_11,RICARDONE,EGRESO,MovimientosPorContrato_20260701.xlsx,NO_TRUCKFLOW_MATCH
CTG_30033270587,WCC802,2026-07-01T02:56:00,2026-07-01T06:17:00,PELLETS GIRASOL,CARGA_SILO_11,RICARDONE,EGRESO,MovimientosPorContrato_20260701.xlsx,NO_TRUCKFLOW_MATCH
COMPROB_000200430937,UVF351,2026-06-30T17:03:00,2026-07-01T06:23:00,LEÑA CORTA,CELDA_171_-_CENTRO,AVELLANEDA,INGRESO,MovimientosPorContrato_20260701.xlsx,NO_TRUCKFLOW_MATCH
CTG_30033270490,BVS300,2026-07-01T05:12:00,2026-07-01T06:23:00,PELLETS GIRASOL,VOLCABLE_PTO_4,TERMINAL_EMBARQUE,INGRESO,MovimientosPorContrato_20260701.xlsx,NO_TRUCKFLOW_MATCH
CTG_10133233555,AH254AH,2026-06-30T13:45:00,2026-07-01T06:25:00,MAIZ,CELDA_171_-_CENTRO,AVELLANEDA,INGRESO,MovimientosPorContrato_20260701.xlsx,NO_TRUCKFLOW_MATCH
CTG_10133246442,GFE112,2026-07-01T01:14:00,2026-07-01T06:27:00,GIRASOL,VOLCABLE_1,RICARDONE,INGRESO,MovimientosPorContrato_20260701.xlsx,NO_TRUCKFLOW_MATCH
CTG_30033270493,FFM492,2026-07-01T05:15:00,2026-07-01T06:28:00,PELLETS GIRASOL,VOLCABLE_PTO_4,TERMINAL_EMBARQUE,INGRESO,MovimientosPorContrato_20260701.xlsx,NO_TRUCKFLOW_MATCH
CTG_10133247888,AHK838,2026-06-30T22:47:00,2026-07-01T06:29:00,SOJA,VOLCABLE_PTO_5,TERMINAL_EMBARQUE,INGRESO,MovimientosPorContrato_20260701.xlsx,NO_TRUCKFLOW_MATCH
CTG_10133250279,KAD345,2026-06-30T22:48:00,2026-07-01T06:34:00,SOJA,VOLCABLE_PTO_5,TERMINAL_EMBARQUE,INGRESO,MovimientosPorContrato_20260701.xlsx,NO_TRUCKFLOW_MATCH
CTG_10233248485,JRE457,2026-06-30T23:20:00,2026-07-01T06:43:00,SOJA,VOLCABLE_PTO_5,TERMINAL_EMBARQUE,INGRESO,MovimientosPorContrato_20260701.xlsx,NO_TRUCKFLOW_MATCH
CTG_10233176767,AC726NL,2026-06-30T13:48:00,2026-07-01T06:52:00,MAIZ,CELDA_171_-_CENTRO,AVELLANEDA,INGRESO,MovimientosPorContrato_20260701.xlsx,NO_TRUCKFLOW_MATCH
CTG_10233258683,PDD400,2026-06-30T22:55:00,2026-07-01T06:52:00,SOJA,VOLCABLE_PTO_5,TERMINAL_EMBARQUE,INGRESO,MovimientosPorContrato_20260701.xlsx,NO_TRUCKFLOW_MATCH
CTG_10233254391,KPG455,2026-06-30T23:22:00,2026-07-01T06:53:00,SOJA,VOLCABLE_PTO_5,TERMINAL_EMBARQUE,INGRESO,MovimientosPorContrato_20260701.xlsx,NO_TRUCKFLOW_MATCH
CTG_10133245693,KDF793,2026-06-30T23:18:00,2026-07-01T07:00:00,SOJA,VOLCABLE_PTO_5,TERMINAL_EMBARQUE,INGRESO,MovimientosPorContrato_20260701.xlsx,NO_TRUCKFLOW_MATCH
CTG_10133253482,OGU444,2026-06-30T23:26:00,2026-07-01T07:15:00,SOJA,VOLCABLE_PTO_5,TERMINAL_EMBARQUE,INGRESO,MovimientosPorContrato_20260701.xlsx,NO_TRUCKFLOW_MATCH
CTG_10133227432,POF783,2026-06-30T13:08:00,2026-07-01T07:20:00,MAIZ,CELDA_171_-_CENTRO,AVELLANEDA,INGRESO,MovimientosPorContrato_20260701.xlsx,NO_TRUCKFLOW_MATCH
CTG_10133248096,OMJ593,2026-07-01T01:11:00,2026-07-01T07:22:00,GIRASOL,VOLCABLE_1,RICARDONE,INGRESO,MovimientosPorContrato_20260701.xlsx,NO_TRUCKFLOW_MATCH
CTG_30033270794,XMZ495,2026-07-01T03:04:00,2026-07-01T07:23:00,PELLETS GIRASOL,CARGA_SILO_11,RICARDONE,EGRESO,MovimientosPorContrato_20260701.xlsx,NO_TRUCKFLOW_MATCH
CTG_30033270805,RQC013,2026-07-01T03:19:00,2026-07-01T07:25:00,PELLETS GIRASOL,CARGA_SILO_11,RICARDONE,EGRESO,MovimientosPorContrato_20260701.xlsx,NO_TRUCKFLOW_MATCH
CTG_30033270811,WGV770,2026-07-01T03:24:00,2026-07-01T07:26:00,PELLETS GIRASOL,CARGA_SILO_11,RICARDONE,EGRESO,MovimientosPorContrato_20260701.xlsx,NO_TRUCKFLOW_MATCH
COMPROB_000301065104,LFT141,2026-06-30T15:23:00,2026-07-01T07:28:00,PRODUCTOS VARIOS,VARIOS,RICARDONE,EGRESO,MovimientosPorContrato_20260701.xlsx,NO_TRUCKFLOW_MATCH
CTG_10133258872,MXF737,2026-06-30T23:25:00,2026-07-01T07:30:00,SOJA,VOLCABLE_PTO_5,TERMINAL_EMBARQUE,INGRESO,MovimientosPorContrato_20260701.xlsx,NO_TRUCKFLOW_MATCH
COMPROB_000200430941,HHQ888,2026-06-30T15:11:00,2026-07-01T07:32:00,CHIP DE EUCALIPTUS,PLAYA_LEÑA_Y_CHIP,AVELLANEDA,INGRESO,MovimientosPorContrato_20260701.xlsx,NO_TRUCKFLOW_MATCH
COMPROB_000301065105,NLR442,2026-06-28T17:39:00,2026-07-01T07:40:00,PRODUCTOS VARIOS,VARIOS,RICARDONE,EGRESO,MovimientosPorContrato_20260701.xlsx,NO_TRUCKFLOW_MATCH
CTG_10133261526,AE950IJ,2026-07-01T01:51:00,2026-07-01T07:47:00,GIRASOL,VOLCABLE_1,RICARDONE,INGRESO,MovimientosPorContrato_20260701.xlsx,NO_TRUCKFLOW_MATCH
CTG_10133232338,AB358IF,2026-06-30T21:54:00,2026-07-01T07:47:00,SOJA,VOLCABLE_PTO_5,TERMINAL_EMBARQUE,INGRESO,MovimientosPorContrato_20260701.xlsx,NO_TRUCKFLOW_MATCH
CTG_10233263941,LRP307,2026-06-30T17:47:00,2026-07-01T07:56:00,MAIZ,CELDA_171_-_CENTRO,AVELLANEDA,INGRESO,MovimientosPorContrato_20260701.xlsx,NO_TRUCKFLOW_MATCH
CTG_10233252496,AC266KR,2026-06-30T22:01:00,2026-07-01T07:59:00,SOJA,VOLCABLE_PTO_5,TERMINAL_EMBARQUE,INGRESO,MovimientosPorContrato_20260701.xlsx,NO_TRUCKFLOW_MATCH
CTG_10233256027,AB974GF,2026-06-30T22:02:00,2026-07-01T08:14:00,SOJA,VOLCABLE_PTO_5,TERMINAL_EMBARQUE,INGRESO,MovimientosPorContrato_20260701.xlsx,NO_TRUCKFLOW_MATCH
CTG_10133226196,HAI198,2026-06-30T23:28:00,2026-07-01T08:15:00,SOJA,VOLCABLE_PTO_5,TERMINAL_EMBARQUE,INGRESO,MovimientosPorContrato_20260701.xlsx,NO_TRUCKFLOW_MATCH
CTG_10133226544,HIA854,2026-06-30T23:28:00,2026-07-01T08:18:00,SOJA,VOLCABLE_PTO_5,TERMINAL_EMBARQUE,INGRESO,MovimientosPorContrato_20260701.xlsx,NO_TRUCKFLOW_MATCH
CTG_10133240215,AE398PP,2026-06-30T17:50:00,2026-07-01T08:20:00,MAIZ,CELDA_171_-_CENTRO,AVELLANEDA,INGRESO,MovimientosPorContrato_20260701.xlsx,NO_TRUCKFLOW_MATCH
CTG_10233245889,AE522MV,2026-07-01T00:08:00,2026-07-01T08:20:00,SOJA,CELDA_16,RICARDONE,INGRESO,MovimientosPorContrato_20260701.xlsx,NO_TRUCKFLOW_MATCH
CTG_30033271595,HNE318,2026-07-01T03:36:00,2026-07-01T08:22:00,PELLETS GIRASOL,CARGA_SILO_11,RICARDONE,EGRESO,MovimientosPorContrato_20260701.xlsx,NO_TRUCKFLOW_MATCH
CTG_10233252618,VDB780,2026-07-01T03:02:00,2026-07-01T08:23:00,GIRASOL,VOLCABLE_1,RICARDONE,INGRESO,MovimientosPorContrato_20260701.xlsx,NO_TRUCKFLOW_MATCH
COMPROB_000400419054,JIA232,2026-06-30T15:19:00,2026-07-01T08:23:00,TIERRA DESC FILTROS,,TERMINAL_EMBARQUE,EGRESO,MovimientosPorContrato_20260701.xlsx,NO_TRUCKFLOW_MATCH
CTG_10133261552,AE804MX,2026-07-01T02:13:00,2026-07-01T08:25:00,SOJA,CELDA_16,RICARDONE,INGRESO,MovimientosPorContrato_20260701.xlsx,NO_TRUCKFLOW_MATCH
CTG_10133261313,LKG132,2026-07-01T02:25:00,2026-07-01T08:30:00,SOJA,CELDA_16,RICARDONE,INGRESO,MovimientosPorContrato_20260701.xlsx,NO_TRUCKFLOW_MATCH
CTG_10133265069,NJD066,2026-07-01T02:30:00,2026-07-01T08:31:00,SOJA,CELDA_16,RICARDONE,INGRESO,MovimientosPorContrato_20260701.xlsx,NO_TRUCKFLOW_MATCH
CTG_10133266583,ILL240,2026-06-30T22:59:00,2026-07-01T08:36:00,SOJA,VOLCABLE_PTO_5,TERMINAL_EMBARQUE,INGRESO,MovimientosPorContrato_20260701.xlsx,NO_TRUCKFLOW_MATCH
COMPROB_000301457562,JOZ498,2026-06-30T16:49:00,2026-07-01T08:45:00,GLICERINA,ACEITE,RICARDONE,INGRESO,MovimientosPorContrato_20260701.xlsx,NO_TRUCKFLOW_MATCH
CTG_30033272330,UKL882,2026-07-01T04:03:00,2026-07-01T08:46:00,PELLETS GIRASOL,CARGA_SILO_11,RICARDONE,EGRESO,MovimientosPorContrato_20260701.xlsx,NO_TRUCKFLOW_MATCH
CTG_10133240345,AI112IM,2026-06-30T18:00:00,2026-07-01T08:46:00,MAIZ,CELDA_171_-_CENTRO,AVELLANEDA,INGRESO,MovimientosPorContrato_20260701.xlsx,NO_TRUCKFLOW_MATCH
COMPROB_000400419055,LKJ248,2026-07-01T06:57:00,2026-07-01T08:49:00,ACEITE GIRASOL REFINADO,ACEITE_OSL,TERMINAL_EMBARQUE,EGRESO,MovimientosPorContrato_20260701.xlsx,NO_TRUCKFLOW_MATCH
CTG_10133258397,LYH418,2026-07-01T01:29:00,2026-07-01T08:50:00,SOJA,CELDA_16,RICARDONE,INGRESO,MovimientosPorContrato_20260701.xlsx,NO_TRUCKFLOW_MATCH
CTG_30033272535,ECX249,2026-07-01T04:22:00,2026-07-01T08:51:00,PELLETS GIRASOL,CARGA_SILO_11,RICARDONE,EGRESO,MovimientosPorContrato_20260701.xlsx,NO_TRUCKFLOW_MATCH
CTG_10133257796,SRJ293,2026-06-30T23:33:00,2026-07-01T08:53:00,SOJA,VOLCABLE_PTO_5,TERMINAL_EMBARQUE,INGRESO,MovimientosPorContrato_20260701.xlsx,NO_TRUCKFLOW_MATCH
CTG_10133251163,AF549QX,2026-07-01T01:05:00,2026-07-01T08:54:00,SOJA,CELDA_16,RICARDONE,INGRESO,MovimientosPorContrato_20260701.xlsx,NO_TRUCKFLOW_MATCH
CTG_30033272694,URM438,2026-07-01T03:40:00,2026-07-01T08:56:00,PELLETS GIRASOL,CARGA_SILO_11,RICARDONE,EGRESO,MovimientosPorContrato_20260701.xlsx,NO_TRUCKFLOW_MATCH
CTG_30033272744,ROS380,2026-07-01T04:25:00,2026-07-01T08:57:00,PELLETS GIRASOL,CARGA_SILO_11,RICARDONE,EGRESO,MovimientosPorContrato_20260701.xlsx,NO_TRUCKFLOW_MATCH
CTG_10133254597,AF970MY,2026-07-01T02:52:00,2026-07-01T08:59:00,SOJA,CELDA_16,RICARDONE,INGRESO,MovimientosPorContrato_20260701.xlsx,NO_TRUCKFLOW_MATCH
CTG_10133240129,HLO010,2026-07-01T03:11:00,2026-07-01T09:00:00,SOJA,CELDA_16,RICARDONE,INGRESO,MovimientosPorContrato_20260701.xlsx,NO_TRUCKFLOW_MATCH
CTG_30033272919,EHS233,2026-07-01T03:52:00,2026-07-01T09:02:00,PELLETS GIRASOL,CARGA_SILO_11,RICARDONE,EGRESO,MovimientosPorContrato_20260701.xlsx,NO_TRUCKFLOW_MATCH
CTG_30033272954,DIH255,2026-07-01T04:52:00,2026-07-01T09:03:00,PELLETS GIRASOL,,RICARDONE,EGRESO,MovimientosPorContrato_20260701.xlsx,NO_TRUCKFLOW_MATCH
CTG_10133257438,AA288YX,2026-06-30T23:42:00,2026-07-01T09:04:00,SOJA,VOLCABLE_PTO_5,TERMINAL_EMBARQUE,INGRESO,MovimientosPorContrato_20260701.xlsx,NO_TRUCKFLOW_MATCH
CTG_10133246841,AA292TE,2026-07-01T03:25:00,2026-07-01T09:05:00,SOJA,CELDA_16,RICARDONE,INGRESO,MovimientosPorContrato_20260701.xlsx,NO_TRUCKFLOW_MATCH
CTG_10133257792,ISW855,2026-06-30T23:41:00,2026-07-01T09:06:00,SOJA,VOLCABLE_PTO_5,TERMINAL_EMBARQUE,INGRESO,MovimientosPorContrato_20260701.xlsx,NO_TRUCKFLOW_MATCH
CTG_30033273078,VHL423,2026-07-01T04:51:00,2026-07-01T09:06:00,PELLETS GIRASOL,CARGA_SILO_11,RICARDONE,EGRESO,MovimientosPorContrato_20260701.xlsx,NO_TRUCKFLOW_MATCH
COMPROB_000200319689,JPN892,2026-07-01T07:40:00,2026-07-01T09:08:00,DDG BURLANDA SECA DE MAIZ SIN SOLUBLES,DEPOSITO_BURLANDAS,AVELLANEDA,EGRESO,MovimientosPorContrato_20260701.xlsx,NO_TRUCKFLOW_MATCH
COMPROB_000301065114,BWV144,2026-06-30T19:02:00,2026-07-01T09:11:00,PRODUCTOS VARIOS,VARIOS,RICARDONE,EGRESO,MovimientosPorContrato_20260701.xlsx,NO_TRUCKFLOW_MATCH
COMPROB_000400419056,MSE565,2026-07-01T08:20:00,2026-07-01T09:12:00,PRODUCTOS VARIOS,,TERMINAL_EMBARQUE,EGRESO,MovimientosPorContrato_20260701.xlsx,NO_TRUCKFLOW_MATCH
CTG_30033273311,EYH843,2026-07-01T05:11:00,2026-07-01T09:12:00,PELLETS GIRASOL,,RICARDONE,EGRESO,MovimientosPorContrato_20260701.xlsx,NO_TRUCKFLOW_MATCH
CTG_10133257234,AB058QV,2026-07-01T00:01:00,2026-07-01T09:18:00,SOJA,VOLCABLE_PTO_5,TERMINAL_EMBARQUE,INGRESO,MovimientosPorContrato_20260701.xlsx,NO_TRUCKFLOW_MATCH
COMPROB_000301065116,AYM824,2026-06-28T01:40:00,2026-07-01T09:20:00,PRODUCTOS VARIOS,VARIOS,RICARDONE,EGRESO,MovimientosPorContrato_20260701.xlsx,NO_TRUCKFLOW_MATCH
COMPROB_000400419057,GYW157,2026-07-01T07:08:00,2026-07-01T09:20:00,GLICERINA REFINADA,,TERMINAL_EMBARQUE,EGRESO,MovimientosPorContrato_20260701.xlsx,NO_TRUCKFLOW_MATCH
CTG_10133223314,LKB646,2026-06-30T14:13:00,2026-07-01T09:20:00,MAIZ,CELDA_171_-_CENTRO,AVELLANEDA,INGRESO,MovimientosPorContrato_20260701.xlsx,NO_TRUCKFLOW_MATCH
CTG_30033273655,RDL445,2026-07-01T05:14:00,2026-07-01T09:21:00,PELLETS GIRASOL,CARGA_SILO_11,RICARDONE,EGRESO,MovimientosPorContrato_20260701.xlsx,NO_TRUCKFLOW_MATCH
COMPROB_000400419058,BTS626,2026-07-01T06:43:00,2026-07-01T09:22:00,AGUA POTABLE,ACEITE_OSL,TERMINAL_EMBARQUE,EGRESO,MovimientosPorContrato_20260701.xlsx,NO_TRUCKFLOW_MATCH
COMPROB_000400419059,LGZ704,2026-07-01T07:14:00,2026-07-01T09:24:00,ACEITE GIRASOL REFINADO,ACEITE_OSL,TERMINAL_EMBARQUE,EGRESO,MovimientosPorContrato_20260701.xlsx,NO_TRUCKFLOW_MATCH
CTG_10233241561,ERV318,2026-07-01T00:01:00,2026-07-01T09:26:00,SOJA,VOLCABLE_PTO_3,TERMINAL_EMBARQUE,INGRESO,MovimientosPorContrato_20260701.xlsx,NO_TRUCKFLOW_MATCH
CTG_10233258512,RUB672,2026-06-30T23:46:00,2026-07-01T09:27:00,SOJA,VOLCABLE_PTO_2,TERMINAL_EMBARQUE,INGRESO,MovimientosPorContrato_20260701.xlsx,NO_TRUCKFLOW_MATCH
CTG_30033273919,VJG112,2026-07-01T05:32:00,2026-07-01T09:27:00,PELLETS GIRASOL,CARGA_SILO_11,RICARDONE,EGRESO,MovimientosPorContrato_20260701.xlsx,NO_TRUCKFLOW_MATCH
CTG_10133239826,AF470HP,2026-06-30T23:43:00,2026-07-01T09:28:00,SOJA,VOLCABLE_PTO_5,TERMINAL_EMBARQUE,INGRESO,MovimientosPorContrato_20260701.xlsx,NO_TRUCKFLOW_MATCH
CTG_30033273961,UUO981,2026-07-01T05:40:00,2026-07-01T09:28:00,PELLETS GIRASOL,CARGA_SILO_11,RICARDONE,EGRESO,MovimientosPorContrato_20260701.xlsx,NO_TRUCKFLOW_MATCH
CTG_10233257153,SUC396,2026-06-30T23:52:00,2026-07-01T09:29:00,SOJA,VOLCABLE_PTO_3,TERMINAL_EMBARQUE,INGRESO,MovimientosPorContrato_20260701.xlsx,NO_TRUCKFLOW_MATCH
CTG_10233241873,UDE209,2026-07-01T00:02:00,2026-07-01T09:30:00,SOJA,VOLCABLE_PTO_2,TERMINAL_EMBARQUE,INGRESO,MovimientosPorContrato_20260701.xlsx,NO_TRUCKFLOW_MATCH
CTG_10133254882,AH464JB,2026-07-01T05:48:00,2026-07-01T09:31:00,GIRASOL,VOLCABLE_1,RICARDONE,INGRESO,MovimientosPorContrato_20260701.xlsx,NO_TRUCKFLOW_MATCH
CTG_10233246616,AE296BT,2026-07-01T00:09:00,2026-07-01T09:32:00,SOJA,VOLCABLE_PTO_3,TERMINAL_EMBARQUE,INGRESO,MovimientosPorContrato_20260701.xlsx,NO_TRUCKFLOW_MATCH
CTG_10133266012,AH964CB,2026-07-01T01:59:00,2026-07-01T09:34:00,SOJA,VOLCABLE_PTO_5,TERMINAL_EMBARQUE,INGRESO,MovimientosPorContrato_20260701.xlsx,NO_TRUCKFLOW_MATCH
CTG_10233261673,NJT022,2026-06-30T23:57:00,2026-07-01T09:35:00,SOJA,VOLCABLE_PTO_2,TERMINAL_EMBARQUE,INGRESO,MovimientosPorContrato_20260701.xlsx,NO_TRUCKFLOW_MATCH
CTG_30033270499,AYB759,2026-07-01T05:23:00,2026-07-01T09:38:00,PELLETS GIRASOL,VOLCABLE_PTO_4,TERMINAL_EMBARQUE,INGRESO,MovimientosPorContrato_20260701.xlsx,NO_TRUCKFLOW_MATCH
CTG_30033270503,RHL029,2026-07-01T05:28:00,2026-07-01T09:39:00,PELLETS GIRASOL,VOLCABLE_PTO_4,TERMINAL_EMBARQUE,INGRESO,MovimientosPorContrato_20260701.xlsx,NO_TRUCKFLOW_MATCH
COMPROB_000200319690,AH743TI,2026-07-01T08:02:00,2026-07-01T09:39:00,ALCOHOL ETILICO ANHIDRO P/ BIOCOMB ORIG CEREAL,T1002,AVELLANEDA,EGRESO,MovimientosPorContrato_20260701.xlsx,NO_TRUCKFLOW_MATCH
COMPROB_000400419060,GFP699,2026-07-01T07:14:00,2026-07-01T09:41:00,GLICERINA REFINADA,,TERMINAL_EMBARQUE,EGRESO,MovimientosPorContrato_20260701.xlsx,NO_TRUCKFLOW_MATCH
CTG_30033274517,TAO150,2026-07-01T05:48:00,2026-07-01T09:42:00,PELLETS GIRASOL,CARGA_SILO_11,RICARDONE,EGRESO,MovimientosPorContrato_20260701.xlsx,NO_TRUCKFLOW_MATCH
CTG_30033274555,CGS172,2026-07-01T05:49:00,2026-07-01T09:42:00,PELLETS GIRASOL,CARGA_SILO_11,RICARDONE,EGRESO,MovimientosPorContrato_20260701.xlsx,NO_TRUCKFLOW_MATCH
CTG_30033274626,UWX998,2026-07-01T05:57:00,2026-07-01T09:45:00,PELLETS GIRASOL,CARGA_SILO_11,RICARDONE,EGRESO,MovimientosPorContrato_20260701.xlsx,NO_TRUCKFLOW_MATCH
COMPROB_000400419061,AGR963,2026-07-01T06:58:00,2026-07-01T09:45:00,ACEITE GIRASOL REFINADO,ACEITE_OSL,TERMINAL_EMBARQUE,EGRESO,MovimientosPorContrato_20260701.xlsx,NO_TRUCKFLOW_MATCH
COMPROB_000200319691,XXXXX,2026-07-01T09:47:00,2026-07-01T09:47:00,THIN STILLAGE DE MAIZ,,AVELLANEDA,EGRESO,MovimientosPorContrato_20260701.xlsx,NO_TRUCKFLOW_MATCH
CTG_10233240231,CJI701,2026-06-30T23:59:00,2026-07-01T09:47:00,SOJA,VOLCABLE_PTO_3,TERMINAL_EMBARQUE,INGRESO,MovimientosPorContrato_20260701.xlsx,NO_TRUCKFLOW_MATCH
CTG_10233239900,UZS227,2026-06-30T23:58:00,2026-07-01T09:48:00,SOJA,VOLCABLE_PTO_2,TERMINAL_EMBARQUE,INGRESO,MovimientosPorContrato_20260701.xlsx,NO_TRUCKFLOW_MATCH
CTG_10133223202,KLX494,2026-06-30T14:17:00,2026-07-01T09:49:00,MAIZ,CELDA_171_-_CENTRO,AVELLANEDA,INGRESO,MovimientosPorContrato_20260701.xlsx,NO_TRUCKFLOW_MATCH
CTG_10233264593,GBZ324,2026-06-30T23:56:00,2026-07-01T09:49:00,SOJA,VOLCABLE_PTO_5,TERMINAL_EMBARQUE,INGRESO,MovimientosPorContrato_20260701.xlsx,NO_TRUCKFLOW_MATCH
CTG_10233257977,AF238RH,2026-07-01T00:03:00,2026-07-01T09:50:00,SOJA,VOLCABLE_PTO_5,TERMINAL_EMBARQUE,INGRESO,MovimientosPorContrato_20260701.xlsx,NO_TRUCKFLOW_MATCH
CTG_10130506235,KFK344,2026-07-01T00:06:00,2026-07-01T09:51:00,SOJA,VOLCABLE_PTO_2,TERMINAL_EMBARQUE,INGRESO,MovimientosPorContrato_20260701.xlsx,NO_TRUCKFLOW_MATCH
CTG_30033274953,AZG422,2026-07-01T06:20:00,2026-07-01T09:52:00,PELLETS GIRASOL,CARGA_SILO_11,RICARDONE,EGRESO,MovimientosPorContrato_20260701.xlsx,NO_TRUCKFLOW_MATCH
CTG_10133248049,GJI054,2026-07-01T00:05:00,2026-07-01T09:52:00,SOJA,VOLCABLE_PTO_3,TERMINAL_EMBARQUE,INGRESO,MovimientosPorContrato_20260701.xlsx,NO_TRUCKFLOW_MATCH
CTG_30033270517,AAE877,2026-07-01T05:47:00,2026-07-01T09:53:00,PELLETS GIRASOL,VOLCABLE_PTO_4,TERMINAL_EMBARQUE,INGRESO,MovimientosPorContrato_20260701.xlsx,NO_TRUCKFLOW_MATCH
CTG_10133250307,JUL642,2026-07-01T00:05:00,2026-07-01T09:55:00,SOJA,VOLCABLE_PTO_3,TERMINAL_EMBARQUE,INGRESO,MovimientosPorContrato_20260701.xlsx,NO_TRUCKFLOW_MATCH
CTG_30033270535,LZB017,2026-07-01T06:05:00,2026-07-01T09:56:00,PELLETS GIRASOL,VOLCABLE_PTO_4,TERMINAL_EMBARQUE,INGRESO,MovimientosPorContrato_20260701.xlsx,NO_TRUCKFLOW_MATCH
CTG_10233263967,DUW213,2026-07-01T00:11:00,2026-07-01T09:57:00,SOJA,VOLCABLE_PTO_2,TERMINAL_EMBARQUE,INGRESO,MovimientosPorContrato_20260701.xlsx,NO_TRUCKFLOW_MATCH
CTG_10233264339,AC776BS,2026-07-01T00:11:00,2026-07-01T09:58:00,SOJA,VOLCABLE_PTO_3,TERMINAL_EMBARQUE,INGRESO,MovimientosPorContrato_20260701.xlsx,NO_TRUCKFLOW_MATCH
CTG_10133256297,AH014FD,2026-06-30T21:07:00,2026-07-01T09:59:00,MAIZ,CELDA_171_-_CENTRO,AVELLANEDA,INGRESO,MovimientosPorContrato_20260701.xlsx,NO_TRUCKFLOW_MATCH
CTG_10133229587,LIP520,2026-06-30T22:13:00,2026-07-01T10:01:00,SOJA,VOLCABLE_PTO_5,TERMINAL_EMBARQUE,INGRESO,MovimientosPorContrato_20260701.xlsx,NO_TRUCKFLOW_MATCH
CTG_10133256620,CDB701,2026-07-01T00:07:00,2026-07-01T10:03:00,SOJA,VOLCABLE_PTO_2,TERMINAL_EMBARQUE,INGRESO,MovimientosPorContrato_20260701.xlsx,NO_TRUCKFLOW_MATCH
CTG_10233255165,HQM403,2026-07-01T06:12:00,2026-07-01T10:03:00,GIRASOL,VOLCABLE_1,RICARDONE,INGRESO,MovimientosPorContrato_20260701.xlsx,NO_TRUCKFLOW_MATCH
CTG_30033275512,TAC436,2026-07-01T06:44:00,2026-07-01T10:04:00,PELLETS GIRASOL,CARGA_SILO_11,RICARDONE,EGRESO,MovimientosPorContrato_20260701.xlsx,NO_TRUCKFLOW_MATCH
CTG_10133229904,RJE381,2026-07-01T00:16:00,2026-07-01T10:04:00,SOJA,VOLCABLE_PTO_3,TERMINAL_EMBARQUE,INGRESO,MovimientosPorContrato_20260701.xlsx,NO_TRUCKFLOW_MATCH
CTG_30033270586,RYJ562,2026-07-01T06:32:00,2026-07-01T10:05:00,PELLETS GIRASOL,VOLCABLE_PTO_4,TERMINAL_EMBARQUE,INGRESO,MovimientosPorContrato_20260701.xlsx,NO_TRUCKFLOW_MATCH
COMPROB_000301065125,UAJ766,2026-07-01T09:14:00,2026-07-01T10:06:00,PRODUCTOS VARIOS,VARIOS,RICARDONE,EGRESO,MovimientosPorContrato_20260701.xlsx,NO_TRUCKFLOW_MATCH
CTG_10233258713,OAQ859,2026-07-01T00:29:00,2026-07-01T10:07:00,SOJA,VOLCABLE_PTO_2,TERMINAL_EMBARQUE,INGRESO,MovimientosPorContrato_20260701.xlsx,NO_TRUCKFLOW_MATCH
CTG_30033270587,WCC802,2026-07-01T06:34:00,2026-07-01T10:10:00,PELLETS GIRASOL,VOLCABLE_PTO_4,TERMINAL_EMBARQUE,INGRESO,MovimientosPorContrato_20260701.xlsx,NO_TRUCKFLOW_MATCH
CTG_10133244080,AE917VE,2026-07-01T00:20:00,2026-07-01T10:11:00,SOJA,VOLCABLE_PTO_2,TERMINAL_EMBARQUE,INGRESO,MovimientosPorContrato_20260701.xlsx,NO_TRUCKFLOW_MATCH
CTG_30033275815,RNM392,2026-07-01T06:59:00,2026-07-01T10:11:00,PELLETS GIRASOL,CARGA_SILO_11,RICARDONE,EGRESO,MovimientosPorContrato_20260701.xlsx,NO_TRUCKFLOW_MATCH
CTG_10133245081,AD047YQ,2026-06-30T22:23:00,2026-07-01T10:12:00,SOJA,VOLCABLE_PTO_5,TERMINAL_EMBARQUE,INGRESO,MovimientosPorContrato_20260701.xlsx,NO_TRUCKFLOW_MATCH
CTG_30033276012,UYM942,2026-07-01T07:45:00,2026-07-01T10:15:00,PELLETS GIRASOL,CARGA_SILO_11,RICARDONE,EGRESO,MovimientosPorContrato_20260701.xlsx,NO_TRUCKFLOW_MATCH
CTG_30033276083,KXJ953,2026-07-01T07:43:00,2026-07-01T10:16:00,PELLETS GIRASOL,CARGA_SILO_11,RICARDONE,EGRESO,MovimientosPorContrato_20260701.xlsx,NO_TRUCKFLOW_MATCH
CTG_30033276276,BVS300,2026-07-01T06:47:00,2026-07-01T10:19:00,PELLETS GIRASOL,CARGA_SILO_11,RICARDONE,EGRESO,MovimientosPorContrato_20260701.xlsx,NO_TRUCKFLOW_MATCH
COMPROB_000400419062,HAQ820,2026-07-01T06:59:00,2026-07-01T10:24:00,ACEITE GIRASOL REFINADO,ACEITE_OSL,TERMINAL_EMBARQUE,EGRESO,MovimientosPorContrato_20260701.xlsx,NO_TRUCKFLOW_MATCH
CTG_10133249117,IYU014,2026-07-01T00:04:00,2026-07-01T10:25:00,SOJA,VOLCABLE_PTO_5,TERMINAL_EMBARQUE,INGRESO,MovimientosPorContrato_20260701.xlsx,NO_TRUCKFLOW_MATCH
CTG_10133261513,BML161,2026-07-01T00:31:00,2026-07-01T10:27:00,SOJA,VOLCABLE_PTO_2,TERMINAL_EMBARQUE,INGRESO,MovimientosPorContrato_20260701.xlsx,NO_TRUCKFLOW_MATCH
CTG_10133262293,AE793NM,2026-06-30T22:59:00,2026-07-01T10:27:00,MAIZ,CELDA_171_-_CENTRO,AVELLANEDA,INGRESO,MovimientosPorContrato_20260701.xlsx,NO_TRUCKFLOW_MATCH
CTG_10133261256,AA110BK,2026-07-01T00:32:00,2026-07-01T10:28:00,SOJA,VOLCABLE_PTO_3,TERMINAL_EMBARQUE,INGRESO,MovimientosPorContrato_20260701.xlsx,NO_TRUCKFLOW_MATCH
CTG_30033270805,RQC013,2026-07-01T07:42:00,2026-07-01T10:29:00,PELLETS GIRASOL,VOLCABLE_PTO_4,TERMINAL_EMBARQUE,INGRESO,MovimientosPorContrato_20260701.xlsx,NO_TRUCKFLOW_MATCH
CTG_10133248154,AB362FO,2026-07-01T00:38:00,2026-07-01T10:30:00,SOJA,VOLCABLE_PTO_2,TERMINAL_EMBARQUE,INGRESO,MovimientosPorContrato_20260701.xlsx,NO_TRUCKFLOW_MATCH
CTG_10133249328,CCU646,2026-06-30T22:23:00,2026-07-01T10:31:00,SOJA,VOLCABLE_PTO_5,TERMINAL_EMBARQUE,INGRESO,MovimientosPorContrato_20260701.xlsx,NO_TRUCKFLOW_MATCH
CTG_30033270794,XMZ495,2026-07-01T07:43:00,2026-07-01T10:32:00,PELLETS GIRASOL,VOLCABLE_PTO_4,TERMINAL_EMBARQUE,INGRESO,MovimientosPorContrato_20260701.xlsx,NO_TRUCKFLOW_MATCH
CTG_10133259729,FED895,2026-07-01T06:17:00,2026-07-01T10:32:00,GIRASOL,VOLCABLE_1,RICARDONE,INGRESO,MovimientosPorContrato_20260701.xlsx,NO_TRUCKFLOW_MATCH
CTG_10233259258,AE187WQ,2026-07-01T00:39:00,2026-07-01T10:33:00,SOJA,VOLCABLE_PTO_3,TERMINAL_EMBARQUE,INGRESO,MovimientosPorContrato_20260701.xlsx,NO_TRUCKFLOW_MATCH
CTG_10233264429,INF699,2026-07-01T08:20:00,2026-07-01T10:34:00,SOJA,CELDA_16,RICARDONE,INGRESO,MovimientosPorContrato_20260701.xlsx,NO_TRUCKFLOW_MATCH
CTG_10133260633,GKJ829,2026-07-01T02:01:00,2026-07-01T10:34:00,SOJA,VOLCABLE_PTO_2,TERMINAL_EMBARQUE,INGRESO,MovimientosPorContrato_20260701.xlsx,NO_TRUCKFLOW_MATCH
CTG_30033277017,CRJ139,2026-07-01T09:31:00,2026-07-01T10:35:00,PELLETS GIRASOL,CARGA_SILO_11,RICARDONE,EGRESO,MovimientosPorContrato_20260701.xlsx,NO_TRUCKFLOW_MATCH
CTG_10133255021,LPC709,2026-07-01T07:20:00,2026-07-01T10:37:00,SOJA,CELDA_16,RICARDONE,INGRESO,MovimientosPorContrato_20260701.xlsx,NO_TRUCKFLOW_MATCH
COMPROB_000400419063,JBN715,2026-07-01T07:29:00,2026-07-01T10:38:00,GLICERINA REFINADA,,TERMINAL_EMBARQUE,EGRESO,MovimientosPorContrato_20260701.xlsx,NO_TRUCKFLOW_MATCH
COMPROB_000200319692,LPM079,2026-07-01T09:35:00,2026-07-01T10:39:00,DDG BURLANDA SECA DE MAIZ SIN SOLUBLES,DEPOSITO_BURLANDAS,AVELLANEDA,EGRESO,MovimientosPorContrato_20260701.xlsx,NO_TRUCKFLOW_MATCH
CTG_10133247733,AH282BY,2026-07-01T07:50:00,2026-07-01T10:39:00,SOJA,CELDA_16,RICARDONE,INGRESO,MovimientosPorContrato_20260701.xlsx,NO_TRUCKFLOW_MATCH
CTG_10133241029,AA850KM,2026-07-01T00:43:00,2026-07-01T10:40:00,SOJA,VOLCABLE_PTO_3,TERMINAL_EMBARQUE,INGRESO,MovimientosPorContrato_20260701.xlsx,NO_TRUCKFLOW_MATCH
CTG_10133267430,AC651DT,2026-07-01T08:05:00,2026-07-01T10:41:00,SOJA,CELDA_16,RICARDONE,INGRESO,MovimientosPorContrato_20260701.xlsx,NO_TRUCKFLOW_MATCH
CTG_30033270811,WGV770,2026-07-01T07:43:00,2026-07-01T10:41:00,PELLETS GIRASOL,VOLCABLE_PTO_4,TERMINAL_EMBARQUE,INGRESO,MovimientosPorContrato_20260701.xlsx,NO_TRUCKFLOW_MATCH
COMPROB_000301065131,HWU967,2026-07-01T10:22:00,2026-07-01T10:42:00,RESIDUOS ASIMILABLES A DOMICILIARIOS,,RICARDONE,EGRESO,MovimientosPorContrato_20260701.xlsx,NO_TRUCKFLOW_MATCH
CTG_10133258506,AA276YS,2026-06-30T22:49:00,2026-07-01T10:42:00,SOJA,VOLCABLE_PTO_5,TERMINAL_EMBARQUE,INGRESO,MovimientosPorContrato_20260701.xlsx,NO_TRUCKFLOW_MATCH
CTG_10133247325,AA946DL,2026-07-01T00:46:00,2026-07-01T10:43:00,SOJA,VOLCABLE_PTO_2,TERMINAL_EMBARQUE,INGRESO,MovimientosPorContrato_20260701.xlsx,NO_TRUCKFLOW_MATCH
CTG_10133248354,IBI806,2026-07-01T08:17:00,2026-07-01T10:45:00,SOJA,CELDA_16,RICARDONE,INGRESO,MovimientosPorContrato_20260701.xlsx,NO_TRUCKFLOW_MATCH
CTG_10133265332,AC443JZ,2026-07-01T00:53:00,2026-07-01T10:45:00,SOJA,VOLCABLE_PTO_3,TERMINAL_EMBARQUE,INGRESO,MovimientosPorContrato_20260701.xlsx,NO_TRUCKFLOW_MATCH
CTG_30033277628,BHL749,2026-07-01T09:48:00,2026-07-01T10:47:00,PELLETS GIRASOL,CARGA_SILO_11,RICARDONE,EGRESO,MovimientosPorContrato_20260701.xlsx,NO_TRUCKFLOW_MATCH
CTG_10133223833,FHO942,2026-07-01T00:15:00,2026-07-01T10:52:00,MAIZ,CELDA_171_-_CENTRO,AVELLANEDA,INGRESO,MovimientosPorContrato_20260701.xlsx,NO_TRUCKFLOW_MATCH
CTG_10233257562,CZR592,2026-07-01T08:42:00,2026-07-01T10:53:00,SOJA,CELDA_16,RICARDONE,INGRESO,MovimientosPorContrato_20260701.xlsx,NO_TRUCKFLOW_MATCH
CTG_10233256593,AH772MA,2026-07-01T01:08:00,2026-07-01T10:53:00,SOJA,VOLCABLE_PTO_2,TERMINAL_EMBARQUE,INGRESO,MovimientosPorContrato_20260701.xlsx,NO_TRUCKFLOW_MATCH
CTG_10133248665,LVP675,2026-06-30T23:19:00,2026-07-01T10:54:00,SOJA,VOLCABLE_PTO_5,TERMINAL_EMBARQUE,INGRESO,MovimientosPorContrato_20260701.xlsx,NO_TRUCKFLOW_MATCH
CTG_30033271595,HNE318,2026-07-01T08:40:00,2026-07-01T10:55:00,PELLETS GIRASOL,VOLCABLE_PTO_4,TERMINAL_EMBARQUE,INGRESO,MovimientosPorContrato_20260701.xlsx,NO_TRUCKFLOW_MATCH
CTG_10133260096,OJM438,2026-07-01T06:17:00,2026-07-01T10:56:00,GIRASOL,VOLCABLE_1,RICARDONE,INGRESO,MovimientosPorContrato_20260701.xlsx,NO_TRUCKFLOW_MATCH
COMPROB_000400419064,JIA232,2026-07-01T10:15:00,2026-07-01T10:57:00,TIERRA DESC FILTROS,,TERMINAL_EMBARQUE,EGRESO,MovimientosPorContrato_20260701.xlsx,NO_TRUCKFLOW_MATCH
CTG_10133247582,KSX377,2026-07-01T00:52:00,2026-07-01T10:58:00,SOJA,VOLCABLE_PTO_3,TERMINAL_EMBARQUE,INGRESO,MovimientosPorContrato_20260701.xlsx,NO_TRUCKFLOW_MATCH
COMPROB_000200319693,FRB683,2026-07-01T10:26:00,2026-07-01T10:59:00,BURLANDA HUMEDA,DEPOSITO_BURLANDAS,AVELLANEDA,EGRESO,MovimientosPorContrato_20260701.xlsx,NO_TRUCKFLOW_MATCH
CTG_30033272330,UKL882,2026-07-01T09:04:00,2026-07-01T10:59:00,PELLETS GIRASOL,VOLCABLE_PTO_4,TERMINAL_EMBARQUE,INGRESO,MovimientosPorContrato_20260701.xlsx,NO_TRUCKFLOW_MATCH
COMPROB_000400419065,AD887XZ,2026-07-01T06:59:00,2026-07-01T11:00:00,ACEITE GIRASOL REFINADO,ACEITE_OSL,TERMINAL_EMBARQUE,EGRESO,MovimientosPorContrato_20260701.xlsx,NO_TRUCKFLOW_MATCH
CTG_10133248816,NFC344,2026-06-30T23:04:00,2026-07-01T11:02:00,SOJA,VOLCABLE_PTO_5,TERMINAL_EMBARQUE,INGRESO,MovimientosPorContrato_20260701.xlsx,NO_TRUCKFLOW_MATCH
CTG_10131889039,AH268GL,2026-07-01T01:08:00,2026-07-01T11:03:00,SOJA,VOLCABLE_PTO_3,TERMINAL_EMBARQUE,INGRESO,MovimientosPorContrato_20260701.xlsx,NO_TRUCKFLOW_MATCH
COMPROB_000400419066,OFG785,2026-07-01T07:21:00,2026-07-01T11:04:00,ACEITE GIRASOL REFINADO,ACEITE_OSL,TERMINAL_EMBARQUE,EGRESO,MovimientosPorContrato_20260701.xlsx,NO_TRUCKFLOW_MATCH
CTG_10133248582,AG932UB,2026-07-01T01:06:00,2026-07-01T11:05:00,SOJA,VOLCABLE_PTO_2,TERMINAL_EMBARQUE,INGRESO,MovimientosPorContrato_20260701.xlsx,NO_TRUCKFLOW_MATCH
COMPROB_000400419067,KAD727,2026-07-01T07:38:00,2026-07-01T11:06:00,GLICERINA REFINADA,,TERMINAL_EMBARQUE,EGRESO,MovimientosPorContrato_20260701.xlsx,NO_TRUCKFLOW_MATCH
CTG_10233258968,FPW623,2026-07-01T08:40:00,2026-07-01T11:07:00,SOJA,CELDA_16,RICARDONE,INGRESO,MovimientosPorContrato_20260701.xlsx,NO_TRUCKFLOW_MATCH
CTG_30033272535,ECX249,2026-07-01T09:05:00,2026-07-01T11:08:00,PELLETS GIRASOL,VOLCABLE_PTO_4,TERMINAL_EMBARQUE,INGRESO,MovimientosPorContrato_20260701.xlsx,NO_TRUCKFLOW_MATCH
CTG_10133258484,BEV462,2026-07-01T01:24:00,2026-07-01T11:08:00,SOJA,VOLCABLE_PTO_2,TERMINAL_EMBARQUE,INGRESO,MovimientosPorContrato_20260701.xlsx,NO_TRUCKFLOW_MATCH
CTG_10233262290,FJD312,2026-07-01T09:11:00,2026-07-01T11:09:00,SOJA,CELDA_16,RICARDONE,INGRESO,MovimientosPorContrato_20260701.xlsx,NO_TRUCKFLOW_MATCH
CTG_10133257949,AF473LJ,2026-07-01T01:07:00,2026-07-01T11:09:00,SOJA,VOLCABLE_PTO_5,TERMINAL_EMBARQUE,INGRESO,MovimientosPorContrato_20260701.xlsx,NO_TRUCKFLOW_MATCH
CTG_10233221161,KOA807,2026-06-30T16:04:00,2026-07-01T11:10:00,SOJA,CELDA_16,RICARDONE,INGRESO,MovimientosPorContrato_20260701.xlsx,NO_TRUCKFLOW_MATCH
CTG_10133259078,HNA492,2026-07-01T08:29:00,2026-07-01T11:11:00,SOJA,CELDA_16,RICARDONE,INGRESO,MovimientosPorContrato_20260701.xlsx,NO_TRUCKFLOW_MATCH
CTG_30033272694,URM438,2026-07-01T09:15:00,2026-07-01T11:12:00,PELLETS GIRASOL,VOLCABLE_PTO_4,TERMINAL_EMBARQUE,INGRESO,MovimientosPorContrato_20260701.xlsx,NO_TRUCKFLOW_MATCH
CTG_10233259441,AF350JA,2026-07-01T01:30:00,2026-07-01T11:13:00,SOJA,VOLCABLE_PTO_2,TERMINAL_EMBARQUE,INGRESO,MovimientosPorContrato_20260701.xlsx,NO_TRUCKFLOW_MATCH
CTG_10133260069,AE982SP,2026-07-01T09:36:00,2026-07-01T11:17:00,SOJA,CELDA_16,RICARDONE,INGRESO,MovimientosPorContrato_20260701.xlsx,NO_TRUCKFLOW_MATCH
CTG_10233250887,TZW023,2026-07-01T00:42:00,2026-07-01T11:17:00,SOJA,VOLCABLE_PTO_3,TERMINAL_EMBARQUE,INGRESO,MovimientosPorContrato_20260701.xlsx,NO_TRUCKFLOW_MATCH
CTG_10133260476,IZO625,2026-07-01T09:37:00,2026-07-01T11:18:00,SOJA,CELDA_16,RICARDONE,INGRESO,MovimientosPorContrato_20260701.xlsx,NO_TRUCKFLOW_MATCH
CTG_10133251864,JVY855,2026-07-01T01:26:00,2026-07-01T11:20:00,SOJA,VOLCABLE_PTO_3,TERMINAL_EMBARQUE,INGRESO,MovimientosPorContrato_20260701.xlsx,NO_TRUCKFLOW_MATCH
CTG_10233252126,AA168HR,2026-07-01T07:31:00,2026-07-01T11:21:00,GIRASOL,VOLCABLE_1,RICARDONE,INGRESO,MovimientosPorContrato_20260701.xlsx,NO_TRUCKFLOW_MATCH
CTG_10133251746,CDV947,2026-07-01T01:26:00,2026-07-01T11:21:00,SOJA,VOLCABLE_PTO_2,TERMINAL_EMBARQUE,INGRESO,MovimientosPorContrato_20260701.xlsx,NO_TRUCKFLOW_MATCH
COMPROB_000404034290,UAJ766,2026-07-01T10:25:00,2026-07-01T11:22:00,PRODUCTOS VARIOS,,TERMINAL_EMBARQUE,INGRESO,MovimientosPorContrato_20260701.xlsx,NO_TRUCKFLOW_MATCH
CTG_10133261458,OYZ867,2026-07-01T09:39:00,2026-07-01T11:23:00,SOJA,CELDA_16,RICARDONE,INGRESO,MovimientosPorContrato_20260701.xlsx,NO_TRUCKFLOW_MATCH
CTG_10133258808,AE436PE,2026-07-01T09:50:00,2026-07-01T11:26:00,SOJA,CELDA_16,RICARDONE,INGRESO,MovimientosPorContrato_20260701.xlsx,NO_TRUCKFLOW_MATCH
COMPROB_000200319694,JFQ294,2026-07-01T10:31:00,2026-07-01T11:27:00,DDG BURLANDA SECA DE MAIZ SIN SOLUBLES,DEPOSITO_BURLANDAS,AVELLANEDA,EGRESO,MovimientosPorContrato_20260701.xlsx,NO_TRUCKFLOW_MATCH
CTG_10133251518,HGB653,2026-07-01T01:27:00,2026-07-01T11:27:00,SOJA,VOLCABLE_PTO_2,TERMINAL_EMBARQUE,INGRESO,MovimientosPorContrato_20260701.xlsx,NO_TRUCKFLOW_MATCH
CTG_10133246738,AC627LA,2026-07-01T01:47:00,2026-07-01T11:28:00,SOJA,VOLCABLE_PTO_3,TERMINAL_EMBARQUE,INGRESO,MovimientosPorContrato_20260701.xlsx,NO_TRUCKFLOW_MATCH
COMPROB_000200430950,HCH559,2026-06-30T16:00:00,2026-07-01T11:29:00,CHIP EN ORIGEN,PLAYA_LEÑA_Y_CHIP,AVELLANEDA,INGRESO,MovimientosPorContrato_20260701.xlsx,NO_TRUCKFLOW_MATCH
CTG_10133243418,AA756VE,2026-07-01T01:49:00,2026-07-01T11:29:00,SOJA,VOLCABLE_PTO_5,TERMINAL_EMBARQUE,INGRESO,MovimientosPorContrato_20260701.xlsx,NO_TRUCKFLOW_MATCH
COMPROB_000200319695,AG773GU,2026-07-01T10:43:00,2026-07-01T11:31:00,DDG BURLANDA SECA DE MAIZ SIN SOLUBLES,DEPOSITO_BURLANDAS,AVELLANEDA,EGRESO,MovimientosPorContrato_20260701.xlsx,NO_TRUCKFLOW_MATCH
COMPROB_000400419068,EFA323,2026-07-01T07:49:00,2026-07-01T11:34:00,GLICERINA REFINADA,,TERMINAL_EMBARQUE,EGRESO,MovimientosPorContrato_20260701.xlsx,NO_TRUCKFLOW_MATCH
CTG_10133244406,AB580PW,2026-07-01T01:50:00,2026-07-01T11:36:00,SOJA,VOLCABLE_PTO_5,TERMINAL_EMBARQUE,INGRESO,MovimientosPorContrato_20260701.xlsx,NO_TRUCKFLOW_MATCH
CTG_10133241900,AC487EG,2026-07-01T01:54:00,2026-07-01T11:37:00,SOJA,VOLCABLE_PTO_2,TERMINAL_EMBARQUE,INGRESO,MovimientosPorContrato_20260701.xlsx,NO_TRUCKFLOW_MATCH
CTG_10133252475,AC871CO,2026-07-01T00:10:00,2026-07-01T11:37:00,MAIZ,CELDA_171_-_CENTRO,AVELLANEDA,INGRESO,MovimientosPorContrato_20260701.xlsx,NO_TRUCKFLOW_MATCH
CTG_30033272919,EHS233,2026-07-01T09:16:00,2026-07-01T11:38:00,PELLETS GIRASOL,VOLCABLE_PTO_4,TERMINAL_EMBARQUE,INGRESO,MovimientosPorContrato_20260701.xlsx,NO_TRUCKFLOW_MATCH
CTG_10133240499,GEW831,2026-07-01T01:48:00,2026-07-01T11:39:00,SOJA,VOLCABLE_PTO_3,TERMINAL_EMBARQUE,INGRESO,MovimientosPorContrato_20260701.xlsx,NO_TRUCKFLOW_MATCH
CTG_30033272744,ROS380,2026-07-01T09:17:00,2026-07-01T11:40:00,PELLETS GIRASOL,VOLCABLE_PTO_4,TERMINAL_EMBARQUE,INGRESO,MovimientosPorContrato_20260701.xlsx,NO_TRUCKFLOW_MATCH
CTG_10133261182,BJW186,2026-07-01T07:35:00,2026-07-01T11:43:00,GIRASOL,VOLCABLE_1,RICARDONE,INGRESO,MovimientosPorContrato_20260701.xlsx,NO_TRUCKFLOW_MATCH
COMPROB_000400419069,BXR841,2026-07-01T07:44:00,2026-07-01T11:43:00,ACEITE GIRASOL REFINADO,ACEITE_OSL,TERMINAL_EMBARQUE,EGRESO,MovimientosPorContrato_20260701.xlsx,NO_TRUCKFLOW_MATCH
COMPROB_000404034299,AE197JR,2026-07-01T04:16:00,2026-07-01T11:45:00,FUEL-OIL,,TERMINAL_EMBARQUE,INGRESO,MovimientosPorContrato_20260701.xlsx,NO_TRUCKFLOW_MATCH
CTG_10133244979,AC916WX,2026-07-01T01:57:00,2026-07-01T11:46:00,SOJA,VOLCABLE_PTO_3,TERMINAL_EMBARQUE,INGRESO,MovimientosPorContrato_20260701.xlsx,NO_TRUCKFLOW_MATCH
CTG_10133240625,AB434NR,2026-07-01T02:02:00,2026-07-01T11:48:00,SOJA,VOLCABLE_PTO_2,TERMINAL_EMBARQUE,INGRESO,MovimientosPorContrato_20260701.xlsx,NO_TRUCKFLOW_MATCH
CTG_10133269472,GKV092,2026-07-01T01:58:00,2026-07-01T11:49:00,SOJA,VOLCABLE_PTO_5,TERMINAL_EMBARQUE,INGRESO,MovimientosPorContrato_20260701.xlsx,NO_TRUCKFLOW_MATCH
CTG_30033272954,DIH255,2026-07-01T09:21:00,2026-07-01T11:51:00,PELLETS GIRASOL,VOLCABLE_PTO_4,TERMINAL_EMBARQUE,INGRESO,MovimientosPorContrato_20260701.xlsx,NO_TRUCKFLOW_MATCH
CTG_10133269478,UPI391,2026-07-01T02:08:00,2026-07-01T11:53:00,SOJA,VOLCABLE_PTO_3,TERMINAL_EMBARQUE,INGRESO,MovimientosPorContrato_20260701.xlsx,NO_TRUCKFLOW_MATCH
CTG_10133257072,LXV662,2026-07-01T02:08:00,2026-07-01T11:54:00,SOJA,VOLCABLE_PTO_2,TERMINAL_EMBARQUE,INGRESO,MovimientosPorContrato_20260701.xlsx,NO_TRUCKFLOW_MATCH
COMPROB_000400419070,UAJ766,2026-07-01T11:26:00,2026-07-01T11:56:00,PRODUCTOS VARIOS,,TERMINAL_EMBARQUE,EGRESO,MovimientosPorContrato_20260701.xlsx,NO_TRUCKFLOW_MATCH
CTG_10233258343,GEL020,2026-07-01T02:26:00,2026-07-01T11:58:00,SOJA,VOLCABLE_PTO_5,TERMINAL_EMBARQUE,INGRESO,MovimientosPorContrato_20260701.xlsx,NO_TRUCKFLOW_MATCH
CTG_10233262389,BVZ653,2026-07-01T02:09:00,2026-07-01T11:58:00,SOJA,VOLCABLE_PTO_3,TERMINAL_EMBARQUE,INGRESO,MovimientosPorContrato_20260701.xlsx,NO_TRUCKFLOW_MATCH
CTG_10233263572,WKO058,2026-07-01T02:10:00,2026-07-01T11:59:00,SOJA,VOLCABLE_PTO_2,TERMINAL_EMBARQUE,INGRESO,MovimientosPorContrato_20260701.xlsx,NO_TRUCKFLOW_MATCH
CTG_30033273078,VHL423,2026-07-01T09:33:00,2026-07-01T12:00:00,PELLETS GIRASOL,VOLCABLE_PTO_4,TERMINAL_EMBARQUE,INGRESO,MovimientosPorContrato_20260701.xlsx,NO_TRUCKFLOW_MATCH
CTG_10233248694,AA276YV,2026-07-01T02:19:00,2026-07-01T12:05:00,SOJA,VOLCABLE_PTO_3,TERMINAL_EMBARQUE,INGRESO,MovimientosPorContrato_20260701.xlsx,NO_TRUCKFLOW_MATCH
COMPROB_000200319696,AB124KQ,2026-07-01T09:56:00,2026-07-01T12:06:00,ALCOHOL ETILICO BUEN GUSTO/POTABLE DE CEREAL,T1005,AVELLANEDA,EGRESO,MovimientosPorContrato_20260701.xlsx,NO_TRUCKFLOW_MATCH
CTG_10133260054,AB839ZF,2026-07-01T02:11:00,2026-07-01T12:07:00,SOJA,VOLCABLE_PTO_5,TERMINAL_EMBARQUE,INGRESO,MovimientosPorContrato_20260701.xlsx,NO_TRUCKFLOW_MATCH
CTG_30033273311,EYH843,2026-07-01T09:34:00,2026-07-01T12:09:00,PELLETS GIRASOL,VOLCABLE_PTO_4,TERMINAL_EMBARQUE,INGRESO,MovimientosPorContrato_20260701.xlsx,NO_TRUCKFLOW_MATCH
COMPROB_000400419071,HNO035,2026-07-01T08:27:00,2026-07-01T12:10:00,ACEITE GIRASOL REFINADO,ACEITE_OSL,TERMINAL_EMBARQUE,EGRESO,MovimientosPorContrato_20260701.xlsx,NO_TRUCKFLOW_MATCH
COMPROB_000400419072,GXT382,2026-07-01T09:05:00,2026-07-01T12:12:00,GLICERINA REFINADA,,TERMINAL_EMBARQUE,EGRESO,MovimientosPorContrato_20260701.xlsx,NO_TRUCKFLOW_MATCH
CTG_10133260442,SKA342,2026-07-01T02:12:00,2026-07-01T12:13:00,SOJA,VOLCABLE_PTO_2,TERMINAL_EMBARQUE,INGRESO,MovimientosPorContrato_20260701.xlsx,NO_TRUCKFLOW_MATCH
CTG_10133240281,FII650,2026-07-01T02:14:00,2026-07-01T12:14:00,SOJA,VOLCABLE_PTO_3,TERMINAL_EMBARQUE,INGRESO,MovimientosPorContrato_20260701.xlsx,NO_TRUCKFLOW_MATCH
CTG_30033273655,RDL445,2026-07-01T09:37:00,2026-07-01T12:15:00,PELLETS GIRASOL,VOLCABLE_PTO_4,TERMINAL_EMBARQUE,INGRESO,MovimientosPorContrato_20260701.xlsx,NO_TRUCKFLOW_MATCH
CTG_10133263775,GVQ964,2026-07-01T00:17:00,2026-07-01T12:16:00,SOJA,VOLCABLE_PTO_5,TERMINAL_EMBARQUE,INGRESO,MovimientosPorContrato_20260701.xlsx,NO_TRUCKFLOW_MATCH
CTG_30033282163,AYB759,2026-07-01T09:53:00,2026-07-01T12:16:00,PELLETS GIRASOL,CARGA_SILO_11,RICARDONE,EGRESO,MovimientosPorContrato_20260701.xlsx,NO_TRUCKFLOW_MATCH
CTG_10233264899,AD710OH,2026-07-01T02:26:00,2026-07-01T12:17:00,SOJA,VOLCABLE_PTO_3,TERMINAL_EMBARQUE,INGRESO,MovimientosPorContrato_20260701.xlsx,NO_TRUCKFLOW_MATCH
CTG_10133222840,FTM427,2026-07-01T10:30:00,2026-07-01T12:17:00,SOJA,CELDA_16,RICARDONE,INGRESO,MovimientosPorContrato_20260701.xlsx,NO_TRUCKFLOW_MATCH
CTG_10133260320,SWN148,2026-07-01T02:14:00,2026-07-01T12:18:00,SOJA,VOLCABLE_PTO_2,TERMINAL_EMBARQUE,INGRESO,MovimientosPorContrato_20260701.xlsx,NO_TRUCKFLOW_MATCH
CTG_10133253324,GEX266,2026-07-01T01:37:00,2026-07-01T12:18:00,MAIZ,CELDA_171_-_CENTRO,AVELLANEDA,INGRESO,MovimientosPorContrato_20260701.xlsx,NO_TRUCKFLOW_MATCH
CTG_30033282272,ENW015,2026-07-01T03:53:00,2026-07-01T12:19:00,PELLETS GIRASOL,CARGA_SILO_11,RICARDONE,EGRESO,MovimientosPorContrato_20260701.xlsx,NO_TRUCKFLOW_MATCH
CTG_10233254175,NKE834,2026-07-01T02:29:00,2026-07-01T12:19:00,SOJA,VOLCABLE_PTO_2,TERMINAL_EMBARQUE,INGRESO,MovimientosPorContrato_20260701.xlsx,NO_TRUCKFLOW_MATCH
CTG_10233258515,MWI799,2026-07-01T10:40:00,2026-07-01T12:20:00,SOJA,CELDA_16,RICARDONE,INGRESO,MovimientosPorContrato_20260701.xlsx,NO_TRUCKFLOW_MATCH
COMPROB_000400419073,KOQ228,2026-07-01T08:51:00,2026-07-01T12:21:00,ACEITE GIRASOL REFINADO,ACEITE_OSL,TERMINAL_EMBARQUE,EGRESO,MovimientosPorContrato_20260701.xlsx,NO_TRUCKFLOW_MATCH
CTG_10133255744,AFJ835,2026-07-01T03:21:00,2026-07-01T12:24:00,SOJA,VOLCABLE_PTO_5,TERMINAL_EMBARQUE,INGRESO,MovimientosPorContrato_20260701.xlsx,NO_TRUCKFLOW_MATCH
CTG_30033282525,FFM492,2026-07-01T10:09:00,2026-07-01T12:25:00,PELLETS GIRASOL,,RICARDONE,EGRESO,MovimientosPorContrato_20260701.xlsx,NO_TRUCKFLOW_MATCH
CTG_30033273919,VJG112,2026-07-01T09:53:00,2026-07-01T12:26:00,PELLETS GIRASOL,VOLCABLE_PTO_4,TERMINAL_EMBARQUE,INGRESO,MovimientosPorContrato_20260701.xlsx,NO_TRUCKFLOW_MATCH
CTG_10133262762,CNY650,2026-06-30T22:12:00,2026-07-01T12:27:00,GIRASOL,VOLCABLE_1,RICARDONE,INGRESO,MovimientosPorContrato_20260701.xlsx,NO_TRUCKFLOW_MATCH
CTG_10233264794,JSZ743,2026-07-01T02:38:00,2026-07-01T12:28:00,SOJA,VOLCABLE_PTO_2,TERMINAL_EMBARQUE,INGRESO,MovimientosPorContrato_20260701.xlsx,NO_TRUCKFLOW_MATCH
CTG_30033282635,LZB017,2026-07-01T10:11:00,2026-07-01T12:28:00,PELLETS GIRASOL,,RICARDONE,EGRESO,MovimientosPorContrato_20260701.xlsx,NO_TRUCKFLOW_MATCH
CTG_30033282678,AAE877,2026-07-01T10:10:00,2026-07-01T12:30:00,PELLETS GIRASOL,,RICARDONE,EGRESO,MovimientosPorContrato_20260701.xlsx,NO_TRUCKFLOW_MATCH
CTG_10233262457,LGC100,2026-07-01T02:36:00,2026-07-01T12:31:00,SOJA,VOLCABLE_PTO_3,TERMINAL_EMBARQUE,INGRESO,MovimientosPorContrato_20260701.xlsx,NO_TRUCKFLOW_MATCH
CTG_10233263635,FGU100,2026-07-01T02:42:00,2026-07-01T12:32:00,SOJA,VOLCABLE_PTO_2,TERMINAL_EMBARQUE,INGRESO,MovimientosPorContrato_20260701.xlsx,NO_TRUCKFLOW_MATCH
CTG_30033273961,UUO981,2026-07-01T09:54:00,2026-07-01T12:35:00,PELLETS GIRASOL,VOLCABLE_PTO_4,TERMINAL_EMBARQUE,INGRESO,MovimientosPorContrato_20260701.xlsx,NO_TRUCKFLOW_MATCH
COMPROB_000400419074,HWU967,2026-07-01T12:07:00,2026-07-01T12:37:00,RESIDUOS ASIMILABLES A DOMICILIARIOS,,TERMINAL_EMBARQUE,EGRESO,MovimientosPorContrato_20260701.xlsx,NO_TRUCKFLOW_MATCH
CTG_10133255575,NYF932,2026-07-01T03:20:00,2026-07-01T12:38:00,SOJA,VOLCABLE_PTO_5,TERMINAL_EMBARQUE,INGRESO,MovimientosPorContrato_20260701.xlsx,NO_TRUCKFLOW_MATCH
CTG_10133260726,GQL261,2026-07-01T02:49:00,2026-07-01T12:40:00,SOJA,VOLCABLE_PTO_2,TERMINAL_EMBARQUE,INGRESO,MovimientosPorContrato_20260701.xlsx,NO_TRUCKFLOW_MATCH
CTG_10133254695,CEK942,2026-07-01T04:19:00,2026-07-01T12:41:00,SOJA,VOLCABLE_PTO_5,TERMINAL_EMBARQUE,INGRESO,MovimientosPorContrato_20260701.xlsx,NO_TRUCKFLOW_MATCH
CTG_10133266131,GAH947,2026-07-01T02:48:00,2026-07-01T12:42:00,SOJA,VOLCABLE_PTO_3,TERMINAL_EMBARQUE,INGRESO,MovimientosPorContrato_20260701.xlsx,NO_TRUCKFLOW_MATCH
CTG_10133242290,LNV817,2026-07-01T02:24:00,2026-07-01T12:43:00,SOJA,VOLCABLE_PTO_3,TERMINAL_EMBARQUE,INGRESO,MovimientosPorContrato_20260701.xlsx,NO_TRUCKFLOW_MATCH
COMPROB_000200319697,00000,2026-07-01T12:43:00,2026-07-01T12:44:00,RESIDUOS ASIMILABLES A DOMICILIARIOS,SIN_ESPECIFICAR,AVELLANEDA,EGRESO,MovimientosPorContrato_20260701.xlsx,NO_TRUCKFLOW_MATCH
COMPROB_000400419075,HAL844,2026-07-01T08:54:00,2026-07-01T12:45:00,ACEITE GIRASOL REFINADO,ACEITE_OSL,TERMINAL_EMBARQUE,EGRESO,MovimientosPorContrato_20260701.xlsx,NO_TRUCKFLOW_MATCH
CTG_30033274517,TAO150,2026-07-01T10:01:00,2026-07-01T12:47:00,PELLETS GIRASOL,VOLCABLE_PTO_4,TERMINAL_EMBARQUE,INGRESO,MovimientosPorContrato_20260701.xlsx,NO_TRUCKFLOW_MATCH
CTG_30033283269,SWQ863,2026-07-01T10:16:00,2026-07-01T12:48:00,PELLETS GIRASOL,CARGA_SILO_11,RICARDONE,EGRESO,MovimientosPorContrato_20260701.xlsx,NO_TRUCKFLOW_MATCH
CTG_10233258539,NOQ577,2026-07-01T01:58:00,2026-07-01T12:48:00,MAIZ,CELDA_171_-_BUENO,AVELLANEDA,INGRESO,MovimientosPorContrato_20260701.xlsx,NO_TRUCKFLOW_MATCH
CTG_10133251139,OCL325,2026-07-01T02:31:00,2026-07-01T12:48:00,SOJA,VOLCABLE_PTO_2,TERMINAL_EMBARQUE,INGRESO,MovimientosPorContrato_20260701.xlsx,NO_TRUCKFLOW_MATCH
CTG_30033283303,ALV404,2026-07-01T10:15:00,2026-07-01T12:49:00,PELLETS GIRASOL,CARGA_SILO_11,RICARDONE,EGRESO,MovimientosPorContrato_20260701.xlsx,NO_TRUCKFLOW_MATCH
CTG_10133269189,AE821PH,2026-07-01T07:55:00,2026-07-01T12:49:00,SOJA,VOLCABLE_PTO_5,TERMINAL_EMBARQUE,INGRESO,MovimientosPorContrato_20260701.xlsx,NO_TRUCKFLOW_MATCH
CTG_30033274555,CGS172,2026-07-01T10:04:00,2026-07-01T12:50:00,PELLETS GIRASOL,VOLCABLE_PTO_4,TERMINAL_EMBARQUE,INGRESO,MovimientosPorContrato_20260701.xlsx,NO_TRUCKFLOW_MATCH
CTG_10133241209,AB794HY,2026-07-01T02:48:00,2026-07-01T12:51:00,SOJA,VOLCABLE_PTO_3,TERMINAL_EMBARQUE,INGRESO,MovimientosPorContrato_20260701.xlsx,NO_TRUCKFLOW_MATCH
CTG_10133263665,AI154XQ,2026-07-01T02:58:00,2026-07-01T12:52:00,SOJA,VOLCABLE_PTO_3,TERMINAL_EMBARQUE,INGRESO,MovimientosPorContrato_20260701.xlsx,NO_TRUCKFLOW_MATCH
CTG_10233258365,AG941UU,2026-07-01T11:05:00,2026-07-01T12:52:00,SOJA,CELDA_16,RICARDONE,INGRESO,MovimientosPorContrato_20260701.xlsx,NO_TRUCKFLOW_MATCH
CTG_10133268608,LZH945,2026-07-01T04:43:00,2026-07-01T12:54:00,SOJA,VOLCABLE_PTO_5,TERMINAL_EMBARQUE,INGRESO,MovimientosPorContrato_20260701.xlsx,NO_TRUCKFLOW_MATCH
CTG_10233264012,GOZ542,2026-07-01T02:32:00,2026-07-01T12:56:00,SOJA,VOLCABLE_PTO_2,TERMINAL_EMBARQUE,INGRESO,MovimientosPorContrato_20260701.xlsx,NO_TRUCKFLOW_MATCH
CTG_30033283627,RYJ562,2026-07-01T10:38:00,2026-07-01T12:59:00,PELLETS GIRASOL,CARGA_SILO_11,RICARDONE,EGRESO,MovimientosPorContrato_20260701.xlsx,NO_TRUCKFLOW_MATCH
CTG_10133267104,LOV991,2026-07-01T03:00:00,2026-07-01T13:02:00,SOJA,VOLCABLE_PTO_2,TERMINAL_EMBARQUE,INGRESO,MovimientosPorContrato_20260701.xlsx,NO_TRUCKFLOW_MATCH
CTG_30033274626,UWX998,2026-07-01T10:05:00,2026-07-01T13:03:00,PELLETS GIRASOL,VOLCABLE_PTO_4,TERMINAL_EMBARQUE,INGRESO,MovimientosPorContrato_20260701.xlsx,NO_TRUCKFLOW_MATCH
CTG_10133251127,SBN743,2026-07-01T06:46:00,2026-07-01T13:04:00,SOJA,VOLCABLE_PTO_5,TERMINAL_EMBARQUE,INGRESO,MovimientosPorContrato_20260701.xlsx,NO_TRUCKFLOW_MATCH
COMPROB_000400419076,OIG256,2026-07-01T03:55:00,2026-07-01T13:07:00,BORRA DE ACSOJA REFINADO,,TERMINAL_EMBARQUE,EGRESO,MovimientosPorContrato_20260701.xlsx,NO_TRUCKFLOW_MATCH
CTG_10133246969,AI116CH,2026-07-01T02:59:00,2026-07-01T13:09:00,SOJA,VOLCABLE_PTO_2,TERMINAL_EMBARQUE,INGRESO,MovimientosPorContrato_20260701.xlsx,NO_TRUCKFLOW_MATCH
COMPROB_000400419077,HWU967,2026-07-01T12:43:00,2026-07-01T13:10:00,RESIDUOS ASIMILABLES A DOMICILIARIOS,,TERMINAL_EMBARQUE,EGRESO,MovimientosPorContrato_20260701.xlsx,NO_TRUCKFLOW_MATCH
CTG_30033274953,AZG422,2026-07-01T10:12:00,2026-07-01T13:11:00,PELLETS GIRASOL,VOLCABLE_PTO_4,TERMINAL_EMBARQUE,INGRESO,MovimientosPorContrato_20260701.xlsx,NO_TRUCKFLOW_MATCH
CTG_10233260465,FBX588,2026-07-01T03:31:00,2026-07-01T13:12:00,SOJA,VOLCABLE_PTO_3,TERMINAL_EMBARQUE,INGRESO,MovimientosPorContrato_20260701.xlsx,NO_TRUCKFLOW_MATCH
CTG_10233261639,GOS210,2026-07-01T03:50:00,2026-07-01T13:13:00,SOJA,VOLCABLE_PTO_3,TERMINAL_EMBARQUE,INGRESO,MovimientosPorContrato_20260701.xlsx,NO_TRUCKFLOW_MATCH
CTG_10233264985,AE828DN,2026-07-01T03:35:00,2026-07-01T13:13:00,SOJA,VOLCABLE_PTO_2,TERMINAL_EMBARQUE,INGRESO,MovimientosPorContrato_20260701.xlsx,NO_TRUCKFLOW_MATCH
CTG_10233251895,GWZ914,2026-07-01T08:35:00,2026-07-01T13:14:00,GIRASOL,VOLCABLE_1,RICARDONE,INGRESO,MovimientosPorContrato_20260701.xlsx,NO_TRUCKFLOW_MATCH
CTG_30033284165,RQC013,2026-07-01T10:53:00,2026-07-01T13:17:00,PELLETS GIRASOL,CARGA_SILO_11,RICARDONE,EGRESO,MovimientosPorContrato_20260701.xlsx,NO_TRUCKFLOW_MATCH
CTG_10233258935,EIW622,2026-07-01T02:11:00,2026-07-01T13:18:00,MAIZ,CELDA_171_-_CENTRO,AVELLANEDA,INGRESO,MovimientosPorContrato_20260701.xlsx,NO_TRUCKFLOW_MATCH
CTG_10233264438,AE193PD,2026-07-01T04:10:00,2026-07-01T13:18:00,SOJA,VOLCABLE_PTO_2,TERMINAL_EMBARQUE,INGRESO,MovimientosPorContrato_20260701.xlsx,NO_TRUCKFLOW_MATCH
CTG_30033275512,TAC436,2026-07-01T10:25:00,2026-07-01T13:19:00,PELLETS GIRASOL,VOLCABLE_PTO_4,TERMINAL_EMBARQUE,INGRESO,MovimientosPorContrato_20260701.xlsx,NO_TRUCKFLOW_MATCH
CTG_30033284265,XMZ495,2026-07-01T11:04:00,2026-07-01T13:20:00,PELLETS GIRASOL,CARGA_SILO_11,RICARDONE,EGRESO,MovimientosPorContrato_20260701.xlsx,NO_TRUCKFLOW_MATCH
CTG_30033284286,WGV770,2026-07-01T11:06:00,2026-07-01T13:21:00,PELLETS GIRASOL,CARGA_SILO_11,RICARDONE,EGRESO,MovimientosPorContrato_20260701.xlsx,NO_TRUCKFLOW_MATCH
COMPROB_000400419078,FDX990,2026-07-01T09:01:00,2026-07-01T13:21:00,ACEITE GIRASOL REFINADO,ACEITE_OSL,TERMINAL_EMBARQUE,EGRESO,MovimientosPorContrato_20260701.xlsx,NO_TRUCKFLOW_MATCH
CTG_10133256026,NGC715,2026-07-01T03:22:00,2026-07-01T13:22:00,SOJA,VOLCABLE_PTO_3,TERMINAL_EMBARQUE,INGRESO,MovimientosPorContrato_20260701.xlsx,NO_TRUCKFLOW_MATCH
CTG_10133259551,AF509MO,2026-07-01T04:12:00,2026-07-01T13:24:00,SOJA,VOLCABLE_PTO_2,TERMINAL_EMBARQUE,INGRESO,MovimientosPorContrato_20260701.xlsx,NO_TRUCKFLOW_MATCH
COMPROB_000301065144,IZV470,2026-07-01T12:59:00,2026-07-01T13:27:00,RESIDUOS ORG,,RICARDONE,EGRESO,MovimientosPorContrato_20260701.xlsx,NO_TRUCKFLOW_MATCH
CTG_30033275815,RNM392,2026-07-01T10:28:00,2026-07-01T13:28:00,PELLETS GIRASOL,VOLCABLE_PTO_4,TERMINAL_EMBARQUE,INGRESO,MovimientosPorContrato_20260701.xlsx,NO_TRUCKFLOW_MATCH
CTG_30033284554,HNE318,2026-07-01T11:14:00,2026-07-01T13:29:00,PELLETS GIRASOL,CARGA_SILO_11,RICARDONE,EGRESO,MovimientosPorContrato_20260701.xlsx,NO_TRUCKFLOW_MATCH
CTG_10133264341,BPP099,2026-07-01T04:13:00,2026-07-01T13:29:00,SOJA,VOLCABLE_PTO_3,TERMINAL_EMBARQUE,INGRESO,MovimientosPorContrato_20260701.xlsx,NO_TRUCKFLOW_MATCH
CTG_10133270207,NLI758,2026-07-01T04:26:00,2026-07-01T13:32:00,SOJA,VOLCABLE_PTO_2,TERMINAL_EMBARQUE,INGRESO,MovimientosPorContrato_20260701.xlsx,NO_TRUCKFLOW_MATCH
CTG_30033276012,UYM942,2026-07-01T10:33:00,2026-07-01T13:35:00,PELLETS GIRASOL,VOLCABLE_PTO_4,TERMINAL_EMBARQUE,INGRESO,MovimientosPorContrato_20260701.xlsx,NO_TRUCKFLOW_MATCH
CTG_30033284858,UKL882,2026-07-01T11:20:00,2026-07-01T13:37:00,PELLETS GIRASOL,CARGA_SILO_11,RICARDONE,EGRESO,MovimientosPorContrato_20260701.xlsx,NO_TRUCKFLOW_MATCH
CTG_10133261737,JWO779,2026-07-01T04:02:00,2026-07-01T13:38:00,SOJA,VOLCABLE_PTO_3,TERMINAL_EMBARQUE,INGRESO,MovimientosPorContrato_20260701.xlsx,NO_TRUCKFLOW_MATCH
CTG_30033285049,URM438,2026-07-01T11:29:00,2026-07-01T13:42:00,PELLETS GIRASOL,CARGA_SILO_11,RICARDONE,EGRESO,MovimientosPorContrato_20260701.xlsx,NO_TRUCKFLOW_MATCH
CTG_10133246888,AC065GW,2026-07-01T04:18:00,2026-07-01T13:43:00,SOJA,VOLCABLE_PTO_2,TERMINAL_EMBARQUE,INGRESO,MovimientosPorContrato_20260701.xlsx,NO_TRUCKFLOW_MATCH
CTG_10133241396,MTA487,2026-07-01T04:44:00,2026-07-01T13:44:00,SOJA,VOLCABLE_PTO_3,TERMINAL_EMBARQUE,INGRESO,MovimientosPorContrato_20260701.xlsx,NO_TRUCKFLOW_MATCH
CTG_10133251412,RUK779,2026-07-01T08:36:00,2026-07-01T13:45:00,GIRASOL,VOLCABLE_1,RICARDONE,INGRESO,MovimientosPorContrato_20260701.xlsx,NO_TRUCKFLOW_MATCH
CTG_10133256688,NDX674,2026-07-01T05:05:00,2026-07-01T13:45:00,SOJA,VOLCABLE_PTO_3,TERMINAL_EMBARQUE,INGRESO,MovimientosPorContrato_20260701.xlsx,NO_TRUCKFLOW_MATCH
CTG_10233219072,BVM943,2026-07-01T05:04:00,2026-07-01T13:46:00,SOJA,VOLCABLE_PTO_2,TERMINAL_EMBARQUE,INGRESO,MovimientosPorContrato_20260701.xlsx,NO_TRUCKFLOW_MATCH
CTG_30033276083,KXJ953,2026-07-01T10:34:00,2026-07-01T13:47:00,PELLETS GIRASOL,VOLCABLE_PTO_4,TERMINAL_EMBARQUE,INGRESO,MovimientosPorContrato_20260701.xlsx,NO_TRUCKFLOW_MATCH
CTG_10133238410,AG367YR,2026-07-01T02:16:00,2026-07-01T13:50:00,MAIZ,CELDA_171_-_CENTRO,AVELLANEDA,INGRESO,MovimientosPorContrato_20260701.xlsx,NO_TRUCKFLOW_MATCH
CTG_30033285351,UER485,2026-07-01T11:30:00,2026-07-01T13:52:00,PELLETS GIRASOL,CARGA_SILO_11,RICARDONE,EGRESO,MovimientosPorContrato_20260701.xlsx,NO_TRUCKFLOW_MATCH
COMPROB_000400419079,GDE552,2026-07-01T09:56:00,2026-07-01T13:52:00,ACEITE GIRASOL REFINADO,ACEITE_OSL,TERMINAL_EMBARQUE,EGRESO,MovimientosPorContrato_20260701.xlsx,NO_TRUCKFLOW_MATCH
COMPROB_000400419080,JIA232,2026-07-01T11:54:00,2026-07-01T13:54:00,TIERRA DESC FILTROS,,TERMINAL_EMBARQUE,EGRESO,MovimientosPorContrato_20260701.xlsx,NO_TRUCKFLOW_MATCH
CTG_10233255962,JDT186,2026-07-01T05:56:00,2026-07-01T13:55:00,SOJA,VOLCABLE_PTO_2,TERMINAL_EMBARQUE,INGRESO,MovimientosPorContrato_20260701.xlsx,NO_TRUCKFLOW_MATCH
CTG_10133256495,TJT629,2026-07-01T03:23:00,2026-07-01T13:56:00,SOJA,VOLCABLE_PTO_5,TERMINAL_EMBARQUE,INGRESO,MovimientosPorContrato_20260701.xlsx,NO_TRUCKFLOW_MATCH
CTG_10133261634,IVO570,2026-07-01T06:14:00,2026-07-01T13:57:00,SOJA,VOLCABLE_PTO_3,TERMINAL_EMBARQUE,INGRESO,MovimientosPorContrato_20260701.xlsx,NO_TRUCKFLOW_MATCH
CTG_30033276276,BVS300,2026-07-01T10:36:00,2026-07-01T13:58:00,PELLETS GIRASOL,VOLCABLE_PTO_4,TERMINAL_EMBARQUE,INGRESO,MovimientosPorContrato_20260701.xlsx,NO_TRUCKFLOW_MATCH
CTG_10233255287,AE725ZP,2026-07-01T06:18:00,2026-07-01T14:00:00,SOJA,VOLCABLE_PTO_2,TERMINAL_EMBARQUE,INGRESO,MovimientosPorContrato_20260701.xlsx,NO_TRUCKFLOW_MATCH
CTG_10233256427,PLN892,2026-07-01T06:19:00,2026-07-01T14:01:00,SOJA,VOLCABLE_PTO_2,TERMINAL_EMBARQUE,INGRESO,MovimientosPorContrato_20260701.xlsx,NO_TRUCKFLOW_MATCH
CTG_30033285669,EHS233,2026-07-01T11:53:00,2026-07-01T14:02:00,PELLETS GIRASOL,CARGA_SILO_11,RICARDONE,EGRESO,MovimientosPorContrato_20260701.xlsx,NO_TRUCKFLOW_MATCH
CTG_30033277017,CRJ139,2026-07-01T10:52:00,2026-07-01T14:06:00,PELLETS GIRASOL,VOLCABLE_PTO_4,TERMINAL_EMBARQUE,INGRESO,MovimientosPorContrato_20260701.xlsx,NO_TRUCKFLOW_MATCH
COMPROB_000400419081,LZP122,2026-07-01T11:51:00,2026-07-01T14:06:00,RESIDUOS ORG,,TERMINAL_EMBARQUE,EGRESO,MovimientosPorContrato_20260701.xlsx,NO_TRUCKFLOW_MATCH
COMPROB_000200430956,CJP948,2026-07-01T12:47:00,2026-07-01T14:07:00,LEÑA CORTA SELECC,PLAYA_LEÑA_Y_CHIP,AVELLANEDA,INGRESO,MovimientosPorContrato_20260701.xlsx,NO_TRUCKFLOW_MATCH
CTG_10233240088,EMJ465,2026-07-01T08:40:00,2026-07-01T14:07:00,GIRASOL,VOLCABLE_1,RICARDONE,INGRESO,MovimientosPorContrato_20260701.xlsx,NO_TRUCKFLOW_MATCH
COMPROB_000400419082,KOE138,2026-07-01T10:06:00,2026-07-01T14:08:00,ACEITE GIRASOL REFINADO,ACEITE_OSL,TERMINAL_EMBARQUE,EGRESO,MovimientosPorContrato_20260701.xlsx,NO_TRUCKFLOW_MATCH
CTG_10133256721,WJE543,2026-07-01T08:22:00,2026-07-01T14:10:00,SOJA,VOLCABLE_PTO_5,TERMINAL_EMBARQUE,INGRESO,MovimientosPorContrato_20260701.xlsx,NO_TRUCKFLOW_MATCH
CTG_30033285931,ROS380,2026-07-01T11:54:00,2026-07-01T14:10:00,PELLETS GIRASOL,CARGA_SILO_11,RICARDONE,EGRESO,MovimientosPorContrato_20260701.xlsx,NO_TRUCKFLOW_MATCH
CTG_10133244834,HYN828,2026-07-01T07:34:00,2026-07-01T14:11:00,SOJA,VOLCABLE_PTO_5,TERMINAL_EMBARQUE,INGRESO,MovimientosPorContrato_20260701.xlsx,NO_TRUCKFLOW_MATCH
CTG_30033286034,DIH255,2026-07-01T12:04:00,2026-07-01T14:12:00,PELLETS GIRASOL,,RICARDONE,EGRESO,MovimientosPorContrato_20260701.xlsx,NO_TRUCKFLOW_MATCH
CTG_30033277628,BHL749,2026-07-01T11:09:00,2026-07-01T14:14:00,PELLETS GIRASOL,VOLCABLE_PTO_4,TERMINAL_EMBARQUE,INGRESO,MovimientosPorContrato_20260701.xlsx,NO_TRUCKFLOW_MATCH
CTG_10133261505,AB431GR,2026-07-01T01:39:00,2026-07-01T14:15:00,MAIZ,CELDA_171_-_CENTRO,AVELLANEDA,INGRESO,MovimientosPorContrato_20260701.xlsx,NO_TRUCKFLOW_MATCH
CTG_10133260922,NIX952,2026-07-01T07:09:00,2026-07-01T14:17:00,SOJA,VOLCABLE_PTO_2,TERMINAL_EMBARQUE,INGRESO,MovimientosPorContrato_20260701.xlsx,NO_TRUCKFLOW_MATCH
CTG_10133232300,AB553UA,2026-07-01T07:16:00,2026-07-01T14:19:00,SOJA,VOLCABLE_PTO_5,TERMINAL_EMBARQUE,INGRESO,MovimientosPorContrato_20260701.xlsx,NO_TRUCKFLOW_MATCH
CTG_10133260008,ILW482,2026-07-01T08:43:00,2026-07-01T14:20:00,GIRASOL,VOLCABLE_1,RICARDONE,INGRESO,MovimientosPorContrato_20260701.xlsx,NO_TRUCKFLOW_MATCH
COMPROB_000301065152,UAJ766,2026-07-01T12:37:00,2026-07-01T14:22:00,PRODUCTOS VARIOS,VARIOS,RICARDONE,EGRESO,MovimientosPorContrato_20260701.xlsx,NO_TRUCKFLOW_MATCH
COMPROB_000400419083,EAO104,2026-07-01T12:14:00,2026-07-01T14:23:00,ACEITE GIRASOL REFINADO,ACEITE_OSL,TERMINAL_EMBARQUE,EGRESO,MovimientosPorContrato_20260701.xlsx,NO_TRUCKFLOW_MATCH
COMPROB_000400419084,AE131JP,2026-07-01T14:07:00,2026-07-01T14:25:00,PRODUCTOS VARIOS,,TERMINAL_EMBARQUE,EGRESO,MovimientosPorContrato_20260701.xlsx,NO_TRUCKFLOW_MATCH
CTG_30033282163,AYB759,2026-07-01T12:33:00,2026-07-01T14:26:00,PELLETS GIRASOL,VOLCABLE_PTO_4,TERMINAL_EMBARQUE,INGRESO,MovimientosPorContrato_20260701.xlsx,NO_TRUCKFLOW_MATCH
CTG_10233262420,AB184LM,2026-07-01T07:11:00,2026-07-01T14:27:00,SOJA,VOLCABLE_PTO_2,TERMINAL_EMBARQUE,INGRESO,MovimientosPorContrato_20260701.xlsx,NO_TRUCKFLOW_MATCH
CTG_10233263686,AE190BP,2026-07-01T07:10:00,2026-07-01T14:28:00,SOJA,VOLCABLE_PTO_3,TERMINAL_EMBARQUE,INGRESO,MovimientosPorContrato_20260701.xlsx,NO_TRUCKFLOW_MATCH
CTG_30033282272,ENW015,2026-07-01T12:36:00,2026-07-01T14:29:00,PELLETS GIRASOL,VOLCABLE_PTO_4,TERMINAL_EMBARQUE,INGRESO,MovimientosPorContrato_20260701.xlsx,NO_TRUCKFLOW_MATCH
COMPROB_000301065153,FEA810,2026-07-01T07:41:00,2026-07-01T14:31:00,RESIDUOS ORG,,RICARDONE,EGRESO,MovimientosPorContrato_20260701.xlsx,NO_TRUCKFLOW_MATCH
CTG_10233258544,AH796WY,2026-07-01T07:12:00,2026-07-01T14:32:00,SOJA,VOLCABLE_PTO_2,TERMINAL_EMBARQUE,INGRESO,MovimientosPorContrato_20260701.xlsx,NO_TRUCKFLOW_MATCH
CTG_10233258244,MBM532,2026-07-01T08:46:00,2026-07-01T14:33:00,SOJA,VOLCABLE_PTO_5,TERMINAL_EMBARQUE,INGRESO,MovimientosPorContrato_20260701.xlsx,NO_TRUCKFLOW_MATCH
CTG_30033286978,SAT582,2026-07-01T12:09:00,2026-07-01T14:33:00,PELLETS GIRASOL,CARGA_SILO_11,RICARDONE,EGRESO,MovimientosPorContrato_20260701.xlsx,NO_TRUCKFLOW_MATCH
CTG_30033287130,EYH843,2026-07-01T12:25:00,2026-07-01T14:36:00,PELLETS GIRASOL,,RICARDONE,EGRESO,MovimientosPorContrato_20260701.xlsx,NO_TRUCKFLOW_MATCH
CTG_10233246021,AE996CE,2026-07-01T07:14:00,2026-07-01T14:38:00,SOJA,VOLCABLE_PTO_3,TERMINAL_EMBARQUE,INGRESO,MovimientosPorContrato_20260701.xlsx,NO_TRUCKFLOW_MATCH
CTG_10233268241,AE785CS,2026-07-01T07:15:00,2026-07-01T14:39:00,SOJA,VOLCABLE_PTO_2,TERMINAL_EMBARQUE,INGRESO,MovimientosPorContrato_20260701.xlsx,NO_TRUCKFLOW_MATCH
CTG_30033287307,RDL445,2026-07-01T12:28:00,2026-07-01T14:40:00,PELLETS GIRASOL,CARGA_SILO_11,RICARDONE,EGRESO,MovimientosPorContrato_20260701.xlsx,NO_TRUCKFLOW_MATCH
COMPROB_000400419085,AB750QE,2026-07-01T11:25:00,2026-07-01T14:40:00,GLICERINA REFINADA,,TERMINAL_EMBARQUE,EGRESO,MovimientosPorContrato_20260701.xlsx,NO_TRUCKFLOW_MATCH
CTG_30033282678,AAE877,2026-07-01T12:47:00,2026-07-01T14:42:00,PELLETS GIRASOL,VOLCABLE_PTO_4,TERMINAL_EMBARQUE,INGRESO,MovimientosPorContrato_20260701.xlsx,NO_TRUCKFLOW_MATCH
CTG_10133250353,AE857EN,2026-07-01T07:40:00,2026-07-01T14:43:00,SOJA,VOLCABLE_PTO_2,TERMINAL_EMBARQUE,INGRESO,MovimientosPorContrato_20260701.xlsx,NO_TRUCKFLOW_MATCH
CTG_10133263700,AA262QM,2026-07-01T10:13:00,2026-07-01T14:44:00,SOJA,VOLCABLE_PTO_5,TERMINAL_EMBARQUE,INGRESO,MovimientosPorContrato_20260701.xlsx,NO_TRUCKFLOW_MATCH
CTG_10133276458,PCQ548,2026-07-01T10:47:00,2026-07-01T14:44:00,MAIZ,CELDA_171_-_CENTRO,AVELLANEDA,INGRESO,MovimientosPorContrato_20260701.xlsx,NO_TRUCKFLOW_MATCH
COMPROB_000400419086,EVD342,2026-07-01T10:37:00,2026-07-01T14:45:00,ACEITE GIRASOL REFINADO,ACEITE_OSL,TERMINAL_EMBARQUE,EGRESO,MovimientosPorContrato_20260701.xlsx,NO_TRUCKFLOW_MATCH
CTG_30033287611,VHL423,2026-07-01T12:31:00,2026-07-01T14:47:00,PELLETS GIRASOL,CARGA_SILO_11,RICARDONE,EGRESO,MovimientosPorContrato_20260701.xlsx,NO_TRUCKFLOW_MATCH
CTG_30033282635,LZB017,2026-07-01T12:51:00,2026-07-01T14:47:00,PELLETS GIRASOL,VOLCABLE_PTO_4,TERMINAL_EMBARQUE,INGRESO,MovimientosPorContrato_20260701.xlsx,NO_TRUCKFLOW_MATCH
CTG_10133246974,OOU846,2026-07-01T07:31:00,2026-07-01T14:48:00,SOJA,VOLCABLE_PTO_3,TERMINAL_EMBARQUE,INGRESO,MovimientosPorContrato_20260701.xlsx,NO_TRUCKFLOW_MATCH
CTG_10133259986,AD743ST,2026-07-01T07:47:00,2026-07-01T14:49:00,SOJA,VOLCABLE_PTO_2,TERMINAL_EMBARQUE,INGRESO,MovimientosPorContrato_20260701.xlsx,NO_TRUCKFLOW_MATCH
CTG_10233244687,MLB071,2026-07-01T06:48:00,2026-07-01T14:51:00,SOJA,VOLCABLE_PTO_5,TERMINAL_EMBARQUE,INGRESO,MovimientosPorContrato_20260701.xlsx,NO_TRUCKFLOW_MATCH
CTG_10233251891,AB306AB,2026-07-01T10:34:00,2026-07-01T14:51:00,GIRASOL,VOLCABLE_1,RICARDONE,INGRESO,MovimientosPorContrato_20260701.xlsx,NO_TRUCKFLOW_MATCH
CTG_10133248668,KWN881,2026-07-01T07:42:00,2026-07-01T14:51:00,SOJA,VOLCABLE_PTO_3,TERMINAL_EMBARQUE,INGRESO,MovimientosPorContrato_20260701.xlsx,NO_TRUCKFLOW_MATCH
CTG_30033287855,UUO981,2026-07-01T12:47:00,2026-07-01T14:52:00,PELLETS GIRASOL,CARGA_SILO_11,RICARDONE,EGRESO,MovimientosPorContrato_20260701.xlsx,NO_TRUCKFLOW_MATCH
CTG_30033282525,FFM492,2026-07-01T12:51:00,2026-07-01T14:52:00,PELLETS GIRASOL,VOLCABLE_PTO_4,TERMINAL_EMBARQUE,INGRESO,MovimientosPorContrato_20260701.xlsx,NO_TRUCKFLOW_MATCH
CTG_30033283303,ALV404,2026-07-01T13:04:00,2026-07-01T14:53:00,PELLETS GIRASOL,VOLCABLE_PTO_4,TERMINAL_EMBARQUE,INGRESO,MovimientosPorContrato_20260701.xlsx,NO_TRUCKFLOW_MATCH
CTG_10233255012,KUS055,2026-07-01T08:03:00,2026-07-01T14:54:00,SOJA,VOLCABLE_PTO_3,TERMINAL_EMBARQUE,INGRESO,MovimientosPorContrato_20260701.xlsx,NO_TRUCKFLOW_MATCH
CTG_10233254083,AF137GB,2026-07-01T07:44:00,2026-07-01T14:55:00,SOJA,VOLCABLE_PTO_2,TERMINAL_EMBARQUE,INGRESO,MovimientosPorContrato_20260701.xlsx,NO_TRUCKFLOW_MATCH
CTG_10133238656,GOQ066,2026-07-01T09:30:00,2026-07-01T14:56:00,SOJA,VOLCABLE_PTO_5,TERMINAL_EMBARQUE,INGRESO,MovimientosPorContrato_20260701.xlsx,NO_TRUCKFLOW_MATCH
CTG_30033288236,RXD557,2026-07-01T12:50:00,2026-07-01T14:58:00,PELLETS GIRASOL,CARGA_SILO_11,RICARDONE,EGRESO,MovimientosPorContrato_20260701.xlsx,NO_TRUCKFLOW_MATCH
CTG_10233265772,AE775CO,2026-07-01T08:10:00,2026-07-01T14:59:00,SOJA,VOLCABLE_PTO_3,TERMINAL_EMBARQUE,INGRESO,MovimientosPorContrato_20260701.xlsx,NO_TRUCKFLOW_MATCH
COMPROB_000200319698,AE950QD,2026-07-01T13:59:00,2026-07-01T15:00:00,ALCOHOL ETILICO ANHIDRO P/ BIOCOMB ORIG CEREAL,T1002,AVELLANEDA,EGRESO,MovimientosPorContrato_20260701.xlsx,NO_TRUCKFLOW_MATCH
CTG_10133247700,EGW559,2026-07-01T07:52:00,2026-07-01T15:00:00,SOJA,VOLCABLE_PTO_2,TERMINAL_EMBARQUE,INGRESO,MovimientosPorContrato_20260701.xlsx,NO_TRUCKFLOW_MATCH
CTG_30033283269,SWQ863,2026-07-01T13:07:00,2026-07-01T15:04:00,PELLETS GIRASOL,VOLCABLE_PTO_4,TERMINAL_EMBARQUE,INGRESO,MovimientosPorContrato_20260701.xlsx,NO_TRUCKFLOW_MATCH
CTG_10133269313,HHA146,2026-07-01T09:24:00,2026-07-01T15:05:00,SOJA,VOLCABLE_PTO_5,TERMINAL_EMBARQUE,INGRESO,MovimientosPorContrato_20260701.xlsx,NO_TRUCKFLOW_MATCH
CTG_10233262149,OGN250,2026-07-01T07:53:00,2026-07-01T15:06:00,SOJA,VOLCABLE_PTO_3,TERMINAL_EMBARQUE,INGRESO,MovimientosPorContrato_20260701.xlsx,NO_TRUCKFLOW_MATCH
CTG_10133240538,IVI953,2026-07-01T08:12:00,2026-07-01T15:08:00,SOJA,VOLCABLE_PTO_2,TERMINAL_EMBARQUE,INGRESO,MovimientosPorContrato_20260701.xlsx,NO_TRUCKFLOW_MATCH
CTG_30033288758,VJG112,2026-07-01T12:42:00,2026-07-01T15:08:00,PELLETS GIRASOL,,RICARDONE,EGRESO,MovimientosPorContrato_20260701.xlsx,NO_TRUCKFLOW_MATCH
CTG_10132981355,LZI569,2026-07-01T08:28:00,2026-07-01T15:09:00,SOJA,VOLCABLE_PTO_3,TERMINAL_EMBARQUE,INGRESO,MovimientosPorContrato_20260701.xlsx,NO_TRUCKFLOW_MATCH
CTG_30033288880,CGS172,2026-07-01T13:08:00,2026-07-01T15:10:00,PELLETS GIRASOL,CARGA_SILO_11,RICARDONE,EGRESO,MovimientosPorContrato_20260701.xlsx,NO_TRUCKFLOW_MATCH
COMPROB_000200430959,HXJ461,2026-06-30T15:13:00,2026-07-01T15:11:00,CHIP EN ORIGEN,PLAYA_LEÑA_Y_CHIP,AVELLANEDA,INGRESO,MovimientosPorContrato_20260701.xlsx,NO_TRUCKFLOW_MATCH
CTG_30033283627,RYJ562,2026-07-01T13:16:00,2026-07-01T15:11:00,PELLETS GIRASOL,VOLCABLE_PTO_4,TERMINAL_EMBARQUE,INGRESO,MovimientosPorContrato_20260701.xlsx,NO_TRUCKFLOW_MATCH
CTG_10233261356,LOF032,2026-07-01T08:23:00,2026-07-01T15:12:00,SOJA,VOLCABLE_PTO_2,TERMINAL_EMBARQUE,INGRESO,MovimientosPorContrato_20260701.xlsx,NO_TRUCKFLOW_MATCH
CTG_10133254050,AC608RN,2026-07-01T10:17:00,2026-07-01T15:15:00,SOJA,VOLCABLE_PTO_5,TERMINAL_EMBARQUE,INGRESO,MovimientosPorContrato_20260701.xlsx,NO_TRUCKFLOW_MATCH
CTG_10233267528,TRJ428,2026-07-01T11:21:00,2026-07-01T15:16:00,GIRASOL,VOLCABLE_1,RICARDONE,INGRESO,MovimientosPorContrato_20260701.xlsx,NO_TRUCKFLOW_MATCH
CTG_10233263844,OPT348,2026-07-01T08:23:00,2026-07-01T15:19:00,SOJA,VOLCABLE_PTO_1,TERMINAL_EMBARQUE,INGRESO,MovimientosPorContrato_20260701.xlsx,NO_TRUCKFLOW_MATCH
CTG_10233264943,AI192JU,2026-07-01T09:01:00,2026-07-01T15:20:00,SOJA,VOLCABLE_PTO_3,TERMINAL_EMBARQUE,INGRESO,MovimientosPorContrato_20260701.xlsx,NO_TRUCKFLOW_MATCH
CTG_30033289591,TAO150,2026-07-01T13:06:00,2026-07-01T15:21:00,PELLETS GIRASOL,CARGA_SILO_11,RICARDONE,EGRESO,MovimientosPorContrato_20260701.xlsx,NO_TRUCKFLOW_MATCH
COMPROB_000400419087,LNO705,2026-07-01T10:42:00,2026-07-01T15:22:00,ACEITE GIRASOL REFINADO,ACEITE_OSL,TERMINAL_EMBARQUE,EGRESO,MovimientosPorContrato_20260701.xlsx,NO_TRUCKFLOW_MATCH
CTG_10133249916,AG472GV,2026-07-01T02:20:00,2026-07-01T15:22:00,MAIZ,CELDA_171_-_CENTRO,AVELLANEDA,INGRESO,MovimientosPorContrato_20260701.xlsx,NO_TRUCKFLOW_MATCH
CTG_30033289660,UWX998,2026-07-01T13:29:00,2026-07-01T15:23:00,PELLETS GIRASOL,CARGA_SILO_11,RICARDONE,EGRESO,MovimientosPorContrato_20260701.xlsx,NO_TRUCKFLOW_MATCH
COMPROB_000404034406,UAJ766,2026-07-01T14:40:00,2026-07-01T15:23:00,PRODUCTOS VARIOS,,TERMINAL_EMBARQUE,INGRESO,MovimientosPorContrato_20260701.xlsx,NO_TRUCKFLOW_MATCH
COMPROB_000400419088,JIA232,2026-07-01T14:56:00,2026-07-01T15:24:00,TIERRA DESC FILTROS,,TERMINAL_EMBARQUE,EGRESO,MovimientosPorContrato_20260701.xlsx,NO_TRUCKFLOW_MATCH
CTG_10133263399,LWQ986,2026-07-01T10:48:00,2026-07-01T15:25:00,SOJA,VOLCABLE_PTO_5,TERMINAL_EMBARQUE,INGRESO,MovimientosPorContrato_20260701.xlsx,NO_TRUCKFLOW_MATCH
CTG_30033284165,RQC013,2026-07-01T13:37:00,2026-07-01T15:27:00,PELLETS GIRASOL,VOLCABLE_PTO_4,TERMINAL_EMBARQUE,INGRESO,MovimientosPorContrato_20260701.xlsx,NO_TRUCKFLOW_MATCH
CTG_10233264374,MQT609,2026-07-01T09:07:00,2026-07-01T15:28:00,SOJA,VOLCABLE_PTO_3,TERMINAL_EMBARQUE,INGRESO,MovimientosPorContrato_20260701.xlsx,NO_TRUCKFLOW_MATCH
CTG_10133247615,AI033KK,2026-07-01T09:21:00,2026-07-01T15:29:00,SOJA,VOLCABLE_PTO_2,TERMINAL_EMBARQUE,INGRESO,MovimientosPorContrato_20260701.xlsx,NO_TRUCKFLOW_MATCH
CTG_30033284265,XMZ495,2026-07-01T13:38:00,2026-07-01T15:30:00,PELLETS GIRASOL,VOLCABLE_PTO_4,TERMINAL_EMBARQUE,INGRESO,MovimientosPorContrato_20260701.xlsx,NO_TRUCKFLOW_MATCH
CTG_10233256841,MNP386,2026-07-01T09:33:00,2026-07-01T15:31:00,SOJA,VOLCABLE_PTO_5,TERMINAL_EMBARQUE,INGRESO,MovimientosPorContrato_20260701.xlsx,NO_TRUCKFLOW_MATCH
CTG_10133258765,TBZ403,2026-07-01T09:18:00,2026-07-01T15:33:00,SOJA,VOLCABLE_PTO_3,TERMINAL_EMBARQUE,INGRESO,MovimientosPorContrato_20260701.xlsx,NO_TRUCKFLOW_MATCH
CTG_10233254129,EUS439,2026-07-01T09:42:00,2026-07-01T15:33:00,SOJA,VOLCABLE_PTO_2,TERMINAL_EMBARQUE,INGRESO,MovimientosPorContrato_20260701.xlsx,NO_TRUCKFLOW_MATCH
COMPROB_000200319699,AG263EU,2026-07-01T14:14:00,2026-07-01T15:34:00,ALCOHOL ETILICO ANHIDRO P/ BIOCOMB ORIG CEREAL,T1002,AVELLANEDA,EGRESO,MovimientosPorContrato_20260701.xlsx,NO_TRUCKFLOW_MATCH
CTG_10133256752,AC185MF,2026-07-01T10:08:00,2026-07-01T15:34:00,SOJA,VOLCABLE_PTO_3,TERMINAL_EMBARQUE,INGRESO,MovimientosPorContrato_20260701.xlsx,NO_TRUCKFLOW_MATCH
CTG_10233260706,IJD477,2026-07-01T09:49:00,2026-07-01T15:36:00,SOJA,VOLCABLE_PTO_2,TERMINAL_EMBARQUE,INGRESO,MovimientosPorContrato_20260701.xlsx,NO_TRUCKFLOW_MATCH
CTG_30033284286,WGV770,2026-07-01T13:38:00,2026-07-01T15:38:00,PELLETS GIRASOL,VOLCABLE_PTO_4,TERMINAL_EMBARQUE,INGRESO,MovimientosPorContrato_20260701.xlsx,NO_TRUCKFLOW_MATCH
CTG_10133262517,AA186UJ,2026-07-01T09:19:00,2026-07-01T15:39:00,SOJA,VOLCABLE_PTO_3,TERMINAL_EMBARQUE,INGRESO,MovimientosPorContrato_20260701.xlsx,NO_TRUCKFLOW_MATCH
CTG_10133258500,AA996NH,2026-07-01T12:24:00,2026-07-01T15:39:00,GIRASOL,VOLCABLE_1,RICARDONE,INGRESO,MovimientosPorContrato_20260701.xlsx,NO_TRUCKFLOW_MATCH
CTG_30033290798,AZG422,2026-07-01T13:33:00,2026-07-01T15:40:00,PELLETS GIRASOL,CARGA_SILO_11,RICARDONE,EGRESO,MovimientosPorContrato_20260701.xlsx,NO_TRUCKFLOW_MATCH
CTG_10133261017,FHE643,2026-07-01T09:56:00,2026-07-01T15:40:00,SOJA,VOLCABLE_PTO_5,TERMINAL_EMBARQUE,INGRESO,MovimientosPorContrato_20260701.xlsx,NO_TRUCKFLOW_MATCH
CTG_10133238529,AF371MG,2026-07-01T02:28:00,2026-07-01T15:42:00,MAIZ,CELDA_171_-_CENTRO,AVELLANEDA,INGRESO,MovimientosPorContrato_20260701.xlsx,NO_TRUCKFLOW_MATCH
CTG_10133240973,NBV159,2026-07-01T10:10:00,2026-07-01T15:44:00,SOJA,VOLCABLE_PTO_2,TERMINAL_EMBARQUE,INGRESO,MovimientosPorContrato_20260701.xlsx,NO_TRUCKFLOW_MATCH
CTG_10233266337,AF324EC,2026-07-01T04:57:00,2026-07-01T15:45:00,SOJA,VOLCABLE_PTO_3,TERMINAL_EMBARQUE,INGRESO,MovimientosPorContrato_20260701.xlsx,NO_TRUCKFLOW_MATCH
COMPROB_000400419089,MWH059,2026-07-01T12:52:00,2026-07-01T15:47:00,ACEITE GIRASOL REFINADO,ACEITE_OSL,TERMINAL_EMBARQUE,EGRESO,MovimientosPorContrato_20260701.xlsx,NO_TRUCKFLOW_MATCH
CTG_10133256179,GUL571,2026-07-01T04:58:00,2026-07-01T15:50:00,SOJA,VOLCABLE_PTO_2,TERMINAL_EMBARQUE,INGRESO,MovimientosPorContrato_20260701.xlsx,NO_TRUCKFLOW_MATCH
CTG_30033284554,HNE318,2026-07-01T13:45:00,2026-07-01T15:52:00,PELLETS GIRASOL,VOLCABLE_PTO_4,TERMINAL_EMBARQUE,INGRESO,MovimientosPorContrato_20260701.xlsx,NO_TRUCKFLOW_MATCH
CTG_30033291606,TAC436,2026-07-01T13:36:00,2026-07-01T15:53:00,PELLETS GIRASOL,CARGA_SILO_11,RICARDONE,EGRESO,MovimientosPorContrato_20260701.xlsx,NO_TRUCKFLOW_MATCH
CTG_10133264558,JVA061,2026-07-01T06:02:00,2026-07-01T15:53:00,SOJA,VOLCABLE_PTO_3,TERMINAL_EMBARQUE,INGRESO,MovimientosPorContrato_20260701.xlsx,NO_TRUCKFLOW_MATCH
CTG_30033284858,UKL882,2026-07-01T13:51:00,2026-07-01T15:54:00,PELLETS GIRASOL,VOLCABLE_PTO_4,TERMINAL_EMBARQUE,INGRESO,MovimientosPorContrato_20260701.xlsx,NO_TRUCKFLOW_MATCH
COMPROB_000400419090,PAR121,2026-07-01T12:39:00,2026-07-01T15:57:00,BORRA ACEITE GIRASOL REFINADO,ACEITE_OSL,TERMINAL_EMBARQUE,EGRESO,MovimientosPorContrato_20260701.xlsx,NO_TRUCKFLOW_MATCH
CTG_10133260540,AE685QF,2026-07-01T10:21:00,2026-07-01T15:59:00,SOJA,VOLCABLE_PTO_5,TERMINAL_EMBARQUE,INGRESO,MovimientosPorContrato_20260701.xlsx,NO_TRUCKFLOW_MATCH
CTG_10233254568,AB633NB,2026-07-01T08:17:00,2026-07-01T16:00:00,SOJA,VOLCABLE_PTO_3,TERMINAL_EMBARQUE,INGRESO,MovimientosPorContrato_20260701.xlsx,NO_TRUCKFLOW_MATCH
CTG_10133244661,IDN173,2026-07-01T07:08:00,2026-07-01T16:01:00,SOJA,VOLCABLE_PTO_5,TERMINAL_EMBARQUE,INGRESO,MovimientosPorContrato_20260701.xlsx,NO_TRUCKFLOW_MATCH
CTG_10133265028,GDK235,2026-07-01T10:17:00,2026-07-01T16:02:00,SOJA,VOLCABLE_PTO_2,TERMINAL_EMBARQUE,INGRESO,MovimientosPorContrato_20260701.xlsx,NO_TRUCKFLOW_MATCH
CTG_10233252257,EPX966,2026-07-01T10:29:00,2026-07-01T16:03:00,SOJA,VOLCABLE_PTO_3,TERMINAL_EMBARQUE,INGRESO,MovimientosPorContrato_20260701.xlsx,NO_TRUCKFLOW_MATCH
CTG_10133260582,XCI885,2026-07-01T10:22:00,2026-07-01T16:04:00,SOJA,VOLCABLE_PTO_2,TERMINAL_EMBARQUE,INGRESO,MovimientosPorContrato_20260701.xlsx,NO_TRUCKFLOW_MATCH
CTG_10233263028,AH694QX,2026-07-01T10:37:00,2026-07-01T16:05:00,SOJA,VOLCABLE_PTO_2,TERMINAL_EMBARQUE,INGRESO,MovimientosPorContrato_20260701.xlsx,NO_TRUCKFLOW_MATCH
CTG_30033285049,URM438,2026-07-01T14:03:00,2026-07-01T16:08:00,PELLETS GIRASOL,VOLCABLE_PTO_4,TERMINAL_EMBARQUE,INGRESO,MovimientosPorContrato_20260701.xlsx,NO_TRUCKFLOW_MATCH
CTG_10133251374,GGK681,2026-07-01T10:45:00,2026-07-01T16:09:00,SOJA,VOLCABLE_PTO_5,TERMINAL_EMBARQUE,INGRESO,MovimientosPorContrato_20260701.xlsx,NO_TRUCKFLOW_MATCH
CTG_30033285351,UER485,2026-07-01T14:08:00,2026-07-01T16:10:00,PELLETS GIRASOL,VOLCABLE_PTO_4,TERMINAL_EMBARQUE,INGRESO,MovimientosPorContrato_20260701.xlsx,NO_TRUCKFLOW_MATCH
COMPROB_000404034436,AB631OA,2026-07-01T13:19:00,2026-07-01T16:11:00,GAS OIL,,TERMINAL_EMBARQUE,INGRESO,MovimientosPorContrato_20260701.xlsx,NO_TRUCKFLOW_MATCH
COMPROB_000400419091,KWO040,2026-07-01T11:18:00,2026-07-01T16:13:00,ACEITE GIRASOL REFINADO,ACEITE_OSL,TERMINAL_EMBARQUE,EGRESO,MovimientosPorContrato_20260701.xlsx,NO_TRUCKFLOW_MATCH
CTG_10133246606,OHO964,2026-07-01T10:32:00,2026-07-01T16:14:00,SOJA,VOLCABLE_PTO_3,TERMINAL_EMBARQUE,INGRESO,MovimientosPorContrato_20260701.xlsx,NO_TRUCKFLOW_MATCH
CTG_10133258336,JXI321,2026-07-01T10:47:00,2026-07-01T16:16:00,SOJA,VOLCABLE_PTO_2,TERMINAL_EMBARQUE,INGRESO,MovimientosPorContrato_20260701.xlsx,NO_TRUCKFLOW_MATCH
CTG_10133247482,DHW320,2026-07-01T11:05:00,2026-07-01T16:18:00,SOJA,VOLCABLE_PTO_5,TERMINAL_EMBARQUE,INGRESO,MovimientosPorContrato_20260701.xlsx,NO_TRUCKFLOW_MATCH
CTG_30033285669,EHS233,2026-07-01T14:15:00,2026-07-01T16:19:00,PELLETS GIRASOL,VOLCABLE_PTO_4,TERMINAL_EMBARQUE,INGRESO,MovimientosPorContrato_20260701.xlsx,NO_TRUCKFLOW_MATCH
CTG_10133246162,MMK905,2026-07-01T11:00:00,2026-07-01T16:21:00,SOJA,VOLCABLE_PTO_2,TERMINAL_EMBARQUE,INGRESO,MovimientosPorContrato_20260701.xlsx,NO_TRUCKFLOW_MATCH
CTG_10233259965,AI055XK,2026-07-01T08:56:00,2026-07-01T16:23:00,SOJA,VOLCABLE_PTO_2,TERMINAL_EMBARQUE,INGRESO,MovimientosPorContrato_20260701.xlsx,NO_TRUCKFLOW_MATCH
CTG_10233267652,AC552SN,2026-07-01T12:37:00,2026-07-01T16:24:00,GIRASOL,VOLCABLE_1,RICARDONE,INGRESO,MovimientosPorContrato_20260701.xlsx,NO_TRUCKFLOW_MATCH
CTG_30033293588,RNM392,2026-07-01T13:44:00,2026-07-01T16:25:00,PELLETS GIRASOL,CARGA_SILO_11,RICARDONE,EGRESO,MovimientosPorContrato_20260701.xlsx,NO_TRUCKFLOW_MATCH
CTG_10133264889,AG832XX,2026-07-01T08:36:00,2026-07-01T16:25:00,SOJA,VOLCABLE_PTO_5,TERMINAL_EMBARQUE,INGRESO,MovimientosPorContrato_20260701.xlsx,NO_TRUCKFLOW_MATCH
CTG_30033293651,UYM942,2026-07-01T13:49:00,2026-07-01T16:26:00,PELLETS GIRASOL,CARGA_SILO_11,RICARDONE,EGRESO,MovimientosPorContrato_20260701.xlsx,NO_TRUCKFLOW_MATCH
CTG_10133258009,AH066YH,2026-07-01T11:07:00,2026-07-01T16:26:00,SOJA,VOLCABLE_PTO_3,TERMINAL_EMBARQUE,INGRESO,MovimientosPorContrato_20260701.xlsx,NO_TRUCKFLOW_MATCH
CTG_30033293737,BVS300,2026-07-01T14:12:00,2026-07-01T16:27:00,PELLETS GIRASOL,CARGA_SILO_11,RICARDONE,EGRESO,MovimientosPorContrato_20260701.xlsx,NO_TRUCKFLOW_MATCH
CTG_10133243764,AE554MI,2026-07-01T02:39:00,2026-07-01T16:28:00,MAIZ,CELDA_171_-_CENTRO,AVELLANEDA,INGRESO,MovimientosPorContrato_20260701.xlsx,NO_TRUCKFLOW_MATCH
COMPROB_000301065169,AE808WD,2026-07-01T07:23:00,2026-07-01T16:28:00,SEMILLA CON AGUA/BARRO,VARIOS,RICARDONE,EGRESO,MovimientosPorContrato_20260701.xlsx,NO_TRUCKFLOW_MATCH
CTG_10133244431,AH913IS,2026-07-01T11:15:00,2026-07-01T16:32:00,SOJA,VOLCABLE_PTO_3,TERMINAL_EMBARQUE,INGRESO,MovimientosPorContrato_20260701.xlsx,NO_TRUCKFLOW_MATCH
CTG_30033285931,ROS380,2026-07-01T14:23:00,2026-07-01T16:33:00,PELLETS GIRASOL,VOLCABLE_PTO_4,TERMINAL_EMBARQUE,INGRESO,MovimientosPorContrato_20260701.xlsx,NO_TRUCKFLOW_MATCH
CTG_10233267542,AD744JI,2026-07-01T08:34:00,2026-07-01T16:34:00,SOJA,VOLCABLE_PTO_5,TERMINAL_EMBARQUE,INGRESO,MovimientosPorContrato_20260701.xlsx,NO_TRUCKFLOW_MATCH
CTG_10133264096,EKO863,2026-07-01T10:06:00,2026-07-01T16:35:00,SOJA,VOLCABLE_PTO_2,TERMINAL_EMBARQUE,INGRESO,MovimientosPorContrato_20260701.xlsx,NO_TRUCKFLOW_MATCH
CTG_30033286034,DIH255,2026-07-01T14:25:00,2026-07-01T16:41:00,PELLETS GIRASOL,VOLCABLE_PTO_4,TERMINAL_EMBARQUE,INGRESO,MovimientosPorContrato_20260701.xlsx,NO_TRUCKFLOW_MATCH
CTG_10133251466,GGV296,2026-07-01T05:51:00,2026-07-01T16:41:00,SOJA,VOLCABLE_PTO_2,TERMINAL_EMBARQUE,INGRESO,MovimientosPorContrato_20260701.xlsx,NO_TRUCKFLOW_MATCH
CTG_30033294531,CRJ139,2026-07-01T14:32:00,2026-07-01T16:42:00,PELLETS GIRASOL,CARGA_SILO_11,RICARDONE,EGRESO,MovimientosPorContrato_20260701.xlsx,NO_TRUCKFLOW_MATCH
CTG_10133248730,AG253BD,2026-07-01T09:38:00,2026-07-01T16:43:00,SOJA,VOLCABLE_PTO_5,TERMINAL_EMBARQUE,INGRESO,MovimientosPorContrato_20260701.xlsx,NO_TRUCKFLOW_MATCH
CTG_10233258634,AF202ND,2026-07-01T11:20:00,2026-07-01T16:46:00,SOJA,VOLCABLE_PTO_5,TERMINAL_EMBARQUE,INGRESO,MovimientosPorContrato_20260701.xlsx,NO_TRUCKFLOW_MATCH
COMPROB_000400419092,OVT999,2026-07-01T11:53:00,2026-07-01T16:48:00,ACEITE GIRASOL REFINADO,ACEITE_OSL,TERMINAL_EMBARQUE,EGRESO,MovimientosPorContrato_20260701.xlsx,NO_TRUCKFLOW_MATCH
CTG_30033294872,KXJ953,2026-07-01T14:04:00,2026-07-01T16:49:00,PELLETS GIRASOL,CARGA_SILO_11,RICARDONE,EGRESO,MovimientosPorContrato_20260701.xlsx,NO_TRUCKFLOW_MATCH
CTG_30033286978,SAT582,2026-07-01T14:50:00,2026-07-01T16:50:00,PELLETS GIRASOL,VOLCABLE_PTO_4,TERMINAL_EMBARQUE,INGRESO,MovimientosPorContrato_20260701.xlsx,NO_TRUCKFLOW_MATCH
CTG_10233238111,FCK246,2026-07-01T10:14:00,2026-07-01T16:51:00,SOJA,VOLCABLE_PTO_3,TERMINAL_EMBARQUE,INGRESO,MovimientosPorContrato_20260701.xlsx,NO_TRUCKFLOW_MATCH
CTG_10133245902,NNC752,2026-07-01T11:15:00,2026-07-01T16:52:00,SOJA,VOLCABLE_PTO_2,TERMINAL_EMBARQUE,INGRESO,MovimientosPorContrato_20260701.xlsx,NO_TRUCKFLOW_MATCH
CTG_10133262232,AF040AX,2026-07-01T11:35:00,2026-07-01T16:53:00,SOJA,VOLCABLE_PTO_2,TERMINAL_EMBARQUE,INGRESO,MovimientosPorContrato_20260701.xlsx,NO_TRUCKFLOW_MATCH
CTG_10133247698,AH113IF,2026-07-01T11:22:00,2026-07-01T16:55:00,SOJA,VOLCABLE_PTO_3,TERMINAL_EMBARQUE,INGRESO,MovimientosPorContrato_20260701.xlsx,NO_TRUCKFLOW_MATCH
CTG_10233276144,AB539ZZ,2026-07-01T11:56:00,2026-07-01T16:56:00,SOJA,VOLCABLE_PTO_5,TERMINAL_EMBARQUE,INGRESO,MovimientosPorContrato_20260701.xlsx,NO_TRUCKFLOW_MATCH
CTG_30033295285,BHL749,2026-07-01T14:36:00,2026-07-01T16:56:00,PELLETS GIRASOL,CARGA_SILO_11,RICARDONE,EGRESO,MovimientosPorContrato_20260701.xlsx,NO_TRUCKFLOW_MATCH
CTG_10133264758,AB935ES,2026-07-01T11:59:00,2026-07-01T16:58:00,SOJA,VOLCABLE_PTO_2,TERMINAL_EMBARQUE,INGRESO,MovimientosPorContrato_20260701.xlsx,NO_TRUCKFLOW_MATCH
CTG_30033295390,AYB759,2026-07-01T14:45:00,2026-07-01T16:58:00,PELLETS GIRASOL,CARGA_SILO_11,RICARDONE,EGRESO,MovimientosPorContrato_20260701.xlsx,NO_TRUCKFLOW_MATCH
CTG_30033287190,ENA722,2026-07-01T15:24:00,2026-07-01T16:59:00,ACEITE GIRASOL PARA REFINAR,ACEITE_PTO,TERMINAL_EMBARQUE,INGRESO,MovimientosPorContrato_20260701.xlsx,NO_TRUCKFLOW_MATCH
CTG_10233276766,AFO788,2026-07-01T12:12:00,2026-07-01T17:00:00,SOJA,VOLCABLE_PTO_3,TERMINAL_EMBARQUE,INGRESO,MovimientosPorContrato_20260701.xlsx,NO_TRUCKFLOW_MATCH
COMPROB_000404034462,AH960ZR,2026-07-01T14:20:00,2026-07-01T17:01:00,FUEL-OIL,,TERMINAL_EMBARQUE,INGRESO,MovimientosPorContrato_20260701.xlsx,NO_TRUCKFLOW_MATCH
CTG_30033287130,EYH843,2026-07-01T14:53:00,2026-07-01T17:02:00,PELLETS GIRASOL,VOLCABLE_PTO_4,TERMINAL_EMBARQUE,INGRESO,MovimientosPorContrato_20260701.xlsx,NO_TRUCKFLOW_MATCH
CTG_10233272547,KUB085,2026-07-01T11:23:00,2026-07-01T17:03:00,SOJA,VOLCABLE_PTO_2,TERMINAL_EMBARQUE,INGRESO,MovimientosPorContrato_20260701.xlsx,NO_TRUCKFLOW_MATCH
CTG_10133264810,AF111XE,2026-07-01T12:15:00,2026-07-01T17:04:00,SOJA,VOLCABLE_PTO_5,TERMINAL_EMBARQUE,INGRESO,MovimientosPorContrato_20260701.xlsx,NO_TRUCKFLOW_MATCH
CTG_30033295768,ENW015,2026-07-01T14:56:00,2026-07-01T17:05:00,PELLETS GIRASOL,CARGA_SILO_11,RICARDONE,EGRESO,MovimientosPorContrato_20260701.xlsx,NO_TRUCKFLOW_MATCH
CTG_10133243424,AE296ID,2026-07-01T03:32:00,2026-07-01T17:06:00,MAIZ,CELDA_171_-_CENTRO,AVELLANEDA,INGRESO,MovimientosPorContrato_20260701.xlsx,NO_TRUCKFLOW_MATCH
CTG_10233266936,AH596GZ,2026-07-01T12:25:00,2026-07-01T17:06:00,SOJA,VOLCABLE_PTO_3,TERMINAL_EMBARQUE,INGRESO,MovimientosPorContrato_20260701.xlsx,NO_TRUCKFLOW_MATCH
CTG_30033287307,RDL445,2026-07-01T14:55:00,2026-07-01T17:07:00,PELLETS GIRASOL,VOLCABLE_PTO_4,TERMINAL_EMBARQUE,INGRESO,MovimientosPorContrato_20260701.xlsx,NO_TRUCKFLOW_MATCH
CTG_10233263146,GHZ839,2026-07-01T08:54:00,2026-07-01T17:09:00,SOJA,VOLCABLE_PTO_3,TERMINAL_EMBARQUE,INGRESO,MovimientosPorContrato_20260701.xlsx,NO_TRUCKFLOW_MATCH
CTG_10133267130,AE326RU,2026-07-01T12:35:00,2026-07-01T17:09:00,SOJA,VOLCABLE_PTO_5,TERMINAL_EMBARQUE,INGRESO,MovimientosPorContrato_20260701.xlsx,NO_TRUCKFLOW_MATCH
CTG_30033295978,AF288FS,2026-07-01T14:48:00,2026-07-01T16:46:00,PELLETS GIRASOL,CARGA_SILO_11,RICARDONE,EGRESO,MovimientosPorContrato_20260701.xlsx,NO_TRUCKFLOW_MATCH
CTG_10233272087,AH298ZU,2026-07-01T12:39:00,2026-07-01T17:10:00,SOJA,VOLCABLE_PTO_2,TERMINAL_EMBARQUE,INGRESO,MovimientosPorContrato_20260701.xlsx,NO_TRUCKFLOW_MATCH
CTG_30033296090,LZB017,2026-07-01T15:00:00,2026-07-01T17:12:00,PELLETS GIRASOL,,RICARDONE,EGRESO,MovimientosPorContrato_20260701.xlsx,NO_TRUCKFLOW_MATCH
CTG_30033296138,AAE877,2026-07-01T14:57:00,2026-07-01T17:13:00,PELLETS GIRASOL,,RICARDONE,EGRESO,MovimientosPorContrato_20260701.xlsx,NO_TRUCKFLOW_MATCH
COMPROB_000400419093,DQQ926,2026-07-01T13:32:00,2026-07-01T17:14:00,ACEITE GIRASOL REFINADO,ACEITE_OSL,TERMINAL_EMBARQUE,EGRESO,MovimientosPorContrato_20260701.xlsx,NO_TRUCKFLOW_MATCH
CTG_30033286310,AA463TD,2026-07-01T15:07:00,2026-07-01T17:17:00,ACEITE GIRASOL PARA REFINAR,ACEITE_PTO,TERMINAL_EMBARQUE,INGRESO,MovimientosPorContrato_20260701.xlsx,NO_TRUCKFLOW_MATCH
CTG_10133246781,OAA981,2026-07-01T12:10:00,2026-07-01T17:18:00,SOJA,VOLCABLE_PTO_2,TERMINAL_EMBARQUE,INGRESO,MovimientosPorContrato_20260701.xlsx,NO_TRUCKFLOW_MATCH
CTG_30033287611,VHL423,2026-07-01T15:05:00,2026-07-01T17:19:00,PELLETS GIRASOL,VOLCABLE_PTO_4,TERMINAL_EMBARQUE,INGRESO,MovimientosPorContrato_20260701.xlsx,NO_TRUCKFLOW_MATCH
CTG_10133272882,DEQ953,2026-07-01T13:04:00,2026-07-01T17:20:00,SOJA,VOLCABLE_PTO_2,TERMINAL_EMBARQUE,INGRESO,MovimientosPorContrato_20260701.xlsx,NO_TRUCKFLOW_MATCH
CTG_30033296479,FFM492,2026-07-01T15:07:00,2026-07-01T17:20:00,PELLETS GIRASOL,,RICARDONE,EGRESO,MovimientosPorContrato_20260701.xlsx,NO_TRUCKFLOW_MATCH
CTG_10133253548,AB075CA,2026-07-01T12:50:00,2026-07-01T17:22:00,SOJA,VOLCABLE_PTO_5,TERMINAL_EMBARQUE,INGRESO,MovimientosPorContrato_20260701.xlsx,NO_TRUCKFLOW_MATCH
CTG_30033296590,ALV404,2026-07-01T15:18:00,2026-07-01T17:22:00,PELLETS GIRASOL,CARGA_SILO_11,RICARDONE,EGRESO,MovimientosPorContrato_20260701.xlsx,NO_TRUCKFLOW_MATCH
CTG_10233258779,KDO572,2026-07-01T11:58:00,2026-07-01T17:23:00,SOJA,VOLCABLE_PTO_3,TERMINAL_EMBARQUE,INGRESO,MovimientosPorContrato_20260701.xlsx,NO_TRUCKFLOW_MATCH
CTG_10233266287,AA056FM,2026-07-01T13:07:00,2026-07-01T17:24:00,SOJA,VOLCABLE_PTO_2,TERMINAL_EMBARQUE,INGRESO,MovimientosPorContrato_20260701.xlsx,NO_TRUCKFLOW_MATCH
CTG_30033287855,UUO981,2026-07-01T15:09:00,2026-07-01T17:25:00,PELLETS GIRASOL,VOLCABLE_PTO_4,TERMINAL_EMBARQUE,INGRESO,MovimientosPorContrato_20260701.xlsx,NO_TRUCKFLOW_MATCH
CTG_30033296870,RYJ562,2026-07-01T15:26:00,2026-07-01T17:28:00,PELLETS GIRASOL,CARGA_SILO_11,RICARDONE,EGRESO,MovimientosPorContrato_20260701.xlsx,NO_TRUCKFLOW_MATCH
COMPROB_000200319700,AE617OI,2026-07-01T16:00:00,2026-07-01T17:30:00,ALCOHOL ETILICO ANHIDRO P/ BIOCOMB ORIG CEREAL,T1002,AVELLANEDA,EGRESO,MovimientosPorContrato_20260701.xlsx,NO_TRUCKFLOW_MATCH
CTG_10233273313,GSZ450,2026-07-01T13:00:00,2026-07-01T17:30:00,SOJA,VOLCABLE_PTO_3,TERMINAL_EMBARQUE,INGRESO,MovimientosPorContrato_20260701.xlsx,NO_TRUCKFLOW_MATCH
CTG_10233271677,AB445WB,2026-07-01T13:15:00,2026-07-01T17:31:00,SOJA,VOLCABLE_PTO_2,TERMINAL_EMBARQUE,INGRESO,MovimientosPorContrato_20260701.xlsx,NO_TRUCKFLOW_MATCH
CTG_10233278087,RQN541,2026-07-01T13:16:00,2026-07-01T17:32:00,SOJA,VOLCABLE_PTO_3,TERMINAL_EMBARQUE,INGRESO,MovimientosPorContrato_20260701.xlsx,NO_TRUCKFLOW_MATCH
CTG_10133265611,FYH612,2026-07-01T14:58:00,2026-07-01T17:34:00,GIRASOL,VOLCABLE_1,RICARDONE,INGRESO,MovimientosPorContrato_20260701.xlsx,NO_TRUCKFLOW_MATCH
CTG_30033288236,RXD557,2026-07-01T15:13:00,2026-07-01T17:34:00,PELLETS GIRASOL,VOLCABLE_PTO_4,TERMINAL_EMBARQUE,INGRESO,MovimientosPorContrato_20260701.xlsx,NO_TRUCKFLOW_MATCH
CTG_10233262241,AC237OG,2026-07-01T13:32:00,2026-07-01T17:36:00,SOJA,VOLCABLE_PTO_2,TERMINAL_EMBARQUE,INGRESO,MovimientosPorContrato_20260701.xlsx,NO_TRUCKFLOW_MATCH
CTG_10133262023,BSX513,2026-07-01T13:04:00,2026-07-01T17:37:00,SOJA,VOLCABLE_PTO_5,TERMINAL_EMBARQUE,INGRESO,MovimientosPorContrato_20260701.xlsx,NO_TRUCKFLOW_MATCH
CTG_10233263624,AD434TD,2026-07-01T13:31:00,2026-07-01T17:38:00,SOJA,VOLCABLE_PTO_3,TERMINAL_EMBARQUE,INGRESO,MovimientosPorContrato_20260701.xlsx,NO_TRUCKFLOW_MATCH
CTG_30033297326,RQC013,2026-07-01T15:45:00,2026-07-01T17:38:00,PELLETS GIRASOL,CARGA_SILO_11,RICARDONE,EGRESO,MovimientosPorContrato_20260701.xlsx,NO_TRUCKFLOW_MATCH
COMPROB_000400419094,WRM886,2026-07-01T12:15:00,2026-07-01T17:41:00,ACEITE GIRASOL REFINADO,ACEITE_OSL,TERMINAL_EMBARQUE,EGRESO,MovimientosPorContrato_20260701.xlsx,NO_TRUCKFLOW_MATCH
CTG_10233266845,WMM956,2026-07-01T13:27:00,2026-07-01T17:44:00,SOJA,VOLCABLE_PTO_2,TERMINAL_EMBARQUE,INGRESO,MovimientosPorContrato_20260701.xlsx,NO_TRUCKFLOW_MATCH
CTG_30033297580,XMZ495,2026-07-01T15:46:00,2026-07-01T17:44:00,PELLETS GIRASOL,CARGA_SILO_11,RICARDONE,EGRESO,MovimientosPorContrato_20260701.xlsx,NO_TRUCKFLOW_MATCH
CTG_30033288758,VJG112,2026-07-01T15:25:00,2026-07-01T17:45:00,PELLETS GIRASOL,VOLCABLE_PTO_4,TERMINAL_EMBARQUE,INGRESO,MovimientosPorContrato_20260701.xlsx,NO_TRUCKFLOW_MATCH
CTG_30033297640,WGV770,2026-07-01T15:54:00,2026-07-01T17:45:00,PELLETS GIRASOL,CARGA_SILO_11,RICARDONE,EGRESO,MovimientosPorContrato_20260701.xlsx,NO_TRUCKFLOW_MATCH
CTG_10233260794,RLU454,2026-07-01T13:28:00,2026-07-01T17:46:00,SOJA,VOLCABLE_PTO_3,TERMINAL_EMBARQUE,INGRESO,MovimientosPorContrato_20260701.xlsx,NO_TRUCKFLOW_MATCH
CTG_10233272212,AI318EE,2026-07-01T13:30:00,2026-07-01T17:47:00,SOJA,VOLCABLE_PTO_5,TERMINAL_EMBARQUE,INGRESO,MovimientosPorContrato_20260701.xlsx,NO_TRUCKFLOW_MATCH
CTG_10233272752,AD013KD,2026-07-01T13:32:00,2026-07-01T17:48:00,SOJA,VOLCABLE_PTO_2,TERMINAL_EMBARQUE,INGRESO,MovimientosPorContrato_20260701.xlsx,NO_TRUCKFLOW_MATCH
COMPROB_000400419095,AB608FC,2026-07-01T11:08:00,2026-07-01T17:52:00,SEMILLA CON AGUA/BARRO,,TERMINAL_EMBARQUE,EGRESO,MovimientosPorContrato_20260701.xlsx,NO_TRUCKFLOW_MATCH
CTG_10133274756,AA834RL,2026-07-01T13:35:00,2026-07-01T17:54:00,SOJA,VOLCABLE_PTO_2,TERMINAL_EMBARQUE,INGRESO,MovimientosPorContrato_20260701.xlsx,NO_TRUCKFLOW_MATCH
CTG_30033298004,HNE318,2026-07-01T16:13:00,2026-07-01T17:54:00,PELLETS GIRASOL,CARGA_SILO_11,RICARDONE,EGRESO,MovimientosPorContrato_20260701.xlsx,NO_TRUCKFLOW_MATCH
COMPROB_000200430964,RER636,2026-07-01T16:41:00,2026-07-01T17:55:00,LEÑA CORTA,PLAYA_LEÑA_Y_CHIP,AVELLANEDA,INGRESO,MovimientosPorContrato_20260701.xlsx,NO_TRUCKFLOW_MATCH
CTG_10133267335,AE078EP,2026-07-01T11:18:00,2026-07-01T17:55:00,SOJA,VOLCABLE_PTO_5,TERMINAL_EMBARQUE,INGRESO,MovimientosPorContrato_20260701.xlsx,NO_TRUCKFLOW_MATCH
CTG_30033288880,CGS172,2026-07-01T15:27:00,2026-07-01T17:56:00,PELLETS GIRASOL,VOLCABLE_PTO_4,TERMINAL_EMBARQUE,INGRESO,MovimientosPorContrato_20260701.xlsx,NO_TRUCKFLOW_MATCH
CTG_10133268908,KEA465,2026-07-01T13:55:00,2026-07-01T17:56:00,GIRASOL,VOLCABLE_1,RICARDONE,INGRESO,MovimientosPorContrato_20260701.xlsx,NO_TRUCKFLOW_MATCH
CTG_10133258571,AE075IA,2026-07-01T13:34:00,2026-07-01T17:57:00,SOJA,VOLCABLE_PTO_3,TERMINAL_EMBARQUE,INGRESO,MovimientosPorContrato_20260701.xlsx,NO_TRUCKFLOW_MATCH
COMPROB_000404034495,AE088MS,2026-07-01T15:58:00,2026-07-01T17:58:00,FUEL-OIL,,TERMINAL_EMBARQUE,INGRESO,MovimientosPorContrato_20260701.xlsx,NO_TRUCKFLOW_MATCH
CTG_30033288445,NBK156,2026-07-01T15:45:00,2026-07-01T17:59:00,ACEITE GIRASOL PARA REFINAR,ACEITE_PTO,TERMINAL_EMBARQUE,INGRESO,MovimientosPorContrato_20260701.xlsx,NO_TRUCKFLOW_MATCH
COMPROB_000200319701,AF209FZ,2026-07-01T15:31:00,2026-07-01T18:00:00,ALCOHOL ETILICO ANHIDRO P/ BIOCOMB ORIG CEREAL,T1002,AVELLANEDA,EGRESO,MovimientosPorContrato_20260701.xlsx,NO_TRUCKFLOW_MATCH
CTG_10133267426,OTK265,2026-07-01T11:19:00,2026-07-01T18:00:00,SOJA,VOLCABLE_PTO_5,TERMINAL_EMBARQUE,INGRESO,MovimientosPorContrato_20260701.xlsx,NO_TRUCKFLOW_MATCH
CTG_10133260029,GMJ378,2026-07-01T13:57:00,2026-07-01T18:00:00,SOJA,VOLCABLE_PTO_2,TERMINAL_EMBARQUE,INGRESO,MovimientosPorContrato_20260701.xlsx,NO_TRUCKFLOW_MATCH
CTG_10133232159,JRO852,2026-07-01T13:51:00,2026-07-01T18:01:00,SOJA,VOLCABLE_PTO_3,TERMINAL_EMBARQUE,INGRESO,MovimientosPorContrato_20260701.xlsx,NO_TRUCKFLOW_MATCH
CTG_10133260219,GCF402,2026-07-01T13:57:00,2026-07-01T18:02:00,SOJA,VOLCABLE_PTO_3,TERMINAL_EMBARQUE,INGRESO,MovimientosPorContrato_20260701.xlsx,NO_TRUCKFLOW_MATCH
CTG_10233279746,AE823AD,2026-07-01T14:00:00,2026-07-01T18:05:00,SOJA,VOLCABLE_PTO_2,TERMINAL_EMBARQUE,INGRESO,MovimientosPorContrato_20260701.xlsx,NO_TRUCKFLOW_MATCH
CTG_10233261566,LUG468,2026-07-01T03:42:00,2026-07-01T18:06:00,MAIZ,CELDA_171_-_CENTRO,AVELLANEDA,INGRESO,MovimientosPorContrato_20260701.xlsx,NO_TRUCKFLOW_MATCH
CTG_30033289591,TAO150,2026-07-01T15:38:00,2026-07-01T18:06:00,PELLETS GIRASOL,VOLCABLE_PTO_4,TERMINAL_EMBARQUE,INGRESO,MovimientosPorContrato_20260701.xlsx,NO_TRUCKFLOW_MATCH
CTG_10133277391,AH667VF,2026-07-01T13:59:00,2026-07-01T18:11:00,SOJA,VOLCABLE_PTO_3,TERMINAL_EMBARQUE,INGRESO,MovimientosPorContrato_20260701.xlsx,NO_TRUCKFLOW_MATCH
CTG_30033289660,UWX998,2026-07-01T15:39:00,2026-07-01T18:12:00,PELLETS GIRASOL,VOLCABLE_PTO_4,TERMINAL_EMBARQUE,INGRESO,MovimientosPorContrato_20260701.xlsx,NO_TRUCKFLOW_MATCH
COMPROB_000400419096,OGA047,2026-07-01T12:40:00,2026-07-01T18:16:00,ACEITE GIRASOL REFINADO,ACEITE_OSL,TERMINAL_EMBARQUE,EGRESO,MovimientosPorContrato_20260701.xlsx,NO_TRUCKFLOW_MATCH
CTG_10233258393,JGQ187,2026-07-01T11:27:00,2026-07-01T18:17:00,SOJA,VOLCABLE_PTO_5,TERMINAL_EMBARQUE,INGRESO,MovimientosPorContrato_20260701.xlsx,NO_TRUCKFLOW_MATCH
CTG_30033290798,AZG422,2026-07-01T15:59:00,2026-07-01T18:18:00,PELLETS GIRASOL,VOLCABLE_PTO_4,TERMINAL_EMBARQUE,INGRESO,MovimientosPorContrato_20260701.xlsx,NO_TRUCKFLOW_MATCH
CTG_10233252132,SNA328,2026-07-01T15:12:00,2026-07-01T18:19:00,GIRASOL,VOLCABLE_1,RICARDONE,INGRESO,MovimientosPorContrato_20260701.xlsx,NO_TRUCKFLOW_MATCH
CTG_30033299019,UKL882,2026-07-01T16:14:00,2026-07-01T18:24:00,PELLETS GIRASOL,CARGA_SILO_11,RICARDONE,EGRESO,MovimientosPorContrato_20260701.xlsx,NO_TRUCKFLOW_MATCH
CTG_10233260536,OGN252,2026-07-01T14:00:00,2026-07-01T18:33:00,SOJA,VOLCABLE_PTO_3,TERMINAL_EMBARQUE,INGRESO,MovimientosPorContrato_20260701.xlsx,NO_TRUCKFLOW_MATCH
CTG_10133271517,AE053NE,2026-07-01T14:03:00,2026-07-01T18:34:00,SOJA,VOLCABLE_PTO_2,TERMINAL_EMBARQUE,INGRESO,MovimientosPorContrato_20260701.xlsx,NO_TRUCKFLOW_MATCH
CTG_10133262896,VSR624,2026-07-01T14:05:00,2026-07-01T18:35:00,SOJA,VOLCABLE_PTO_2,TERMINAL_EMBARQUE,INGRESO,MovimientosPorContrato_20260701.xlsx,NO_TRUCKFLOW_MATCH
CTG_10133272724,AE785KC,2026-07-01T14:07:00,2026-07-01T18:37:00,SOJA,VOLCABLE_PTO_3,TERMINAL_EMBARQUE,INGRESO,MovimientosPorContrato_20260701.xlsx,NO_TRUCKFLOW_MATCH
CTG_10132159898,FYS794,2026-07-01T06:19:00,2026-07-01T18:37:00,MAIZ,CELDA_171_-_CENTRO,AVELLANEDA,INGRESO,MovimientosPorContrato_20260701.xlsx,NO_TRUCKFLOW_MATCH
CTG_30033291606,TAC436,2026-07-01T16:11:00,2026-07-01T18:38:00,PELLETS GIRASOL,VOLCABLE_PTO_4,TERMINAL_EMBARQUE,INGRESO,MovimientosPorContrato_20260701.xlsx,NO_TRUCKFLOW_MATCH
CTG_10133110431,KWO254,2026-07-01T14:07:00,2026-07-01T18:38:00,SOJA,VOLCABLE_PTO_2,TERMINAL_EMBARQUE,INGRESO,MovimientosPorContrato_20260701.xlsx,NO_TRUCKFLOW_MATCH
CTG_30033293588,RNM392,2026-07-01T16:41:00,2026-07-01T18:43:00,PELLETS GIRASOL,VOLCABLE_PTO_4,TERMINAL_EMBARQUE,INGRESO,MovimientosPorContrato_20260701.xlsx,NO_TRUCKFLOW_MATCH
COMPROB_000301457603,AB608FC,2026-07-01T18:10:00,2026-07-01T18:43:00,SEMILLA CON AGUA/BARRO,VARIOS,RICARDONE,INGRESO,MovimientosPorContrato_20260701.xlsx,NO_TRUCKFLOW_MATCH
COMPROB_000200430967,AC726PB,2026-06-30T20:16:00,2026-07-01T19:03:00,CHIP DE EUCALIPTUS,PLAYA_LEÑA_Y_CHIP,AVELLANEDA,INGRESO,MovimientosPorContrato_20260701.xlsx,NO_TRUCKFLOW_MATCH
CTG_10133247345,EVN452,2026-07-01T16:27:00,2026-07-01T19:04:00,GIRASOL,VOLCABLE_1,RICARDONE,INGRESO,MovimientosPorContrato_20260701.xlsx,NO_TRUCKFLOW_MATCH
COMPROB_000200430968,AD386JC,2026-07-01T18:17:00,2026-07-01T19:06:00,CHIP DE PINO,PLAYA_LEÑA_Y_CHIP,AVELLANEDA,INGRESO,MovimientosPorContrato_20260701.xlsx,NO_TRUCKFLOW_MATCH
COMPROB_000200430969,HST535,2026-07-01T08:52:00,2026-07-01T19:12:00,LEÑA CORTA SELECC,PLAYA_LEÑA_Y_CHIP,AVELLANEDA,INGRESO,MovimientosPorContrato_20260701.xlsx,NO_TRUCKFLOW_MATCH
COMPROB_000301065186,CTA045,2026-07-01T13:50:00,2026-07-01T19:20:00,PRODUCTOS VARIOS,VARIOS,RICARDONE,EGRESO,MovimientosPorContrato_20260701.xlsx,NO_TRUCKFLOW_MATCH
CTG_30033290671,JUP399,2026-07-01T16:34:00,2026-07-01T19:24:00,ACEITE GIRASOL PARA REFINAR,ACEITE_PTO,TERMINAL_EMBARQUE,INGRESO,MovimientosPorContrato_20260701.xlsx,NO_TRUCKFLOW_MATCH
CTG_30033289284,UUU110,2026-07-01T16:11:00,2026-07-01T19:24:00,ACEITE GIRASOL PARA REFINAR,ACEITE_PTO,TERMINAL_EMBARQUE,INGRESO,MovimientosPorContrato_20260701.xlsx,NO_TRUCKFLOW_MATCH
CTG_10133274402,AE151CH,2026-07-01T14:11:00,2026-07-01T19:31:00,SOJA,VOLCABLE_PTO_2,TERMINAL_EMBARQUE,INGRESO,MovimientosPorContrato_20260701.xlsx,NO_TRUCKFLOW_MATCH
CTG_10133238951,AB006UD,2026-07-01T08:59:00,2026-07-01T19:31:00,MAIZ,CELDA_171_-_CENTRO,AVELLANEDA,INGRESO,MovimientosPorContrato_20260701.xlsx,NO_TRUCKFLOW_MATCH
CTG_10133271559,AD994XF,2026-07-01T14:12:00,2026-07-01T19:34:00,SOJA,VOLCABLE_PTO_3,TERMINAL_EMBARQUE,INGRESO,MovimientosPorContrato_20260701.xlsx,NO_TRUCKFLOW_MATCH
CTG_30033293651,UYM942,2026-07-01T16:42:00,2026-07-01T19:37:00,PELLETS GIRASOL,VOLCABLE_PTO_4,TERMINAL_EMBARQUE,INGRESO,MovimientosPorContrato_20260701.xlsx,NO_TRUCKFLOW_MATCH
CTG_10133269816,KTK137,2026-07-01T14:30:00,2026-07-01T19:38:00,SOJA,VOLCABLE_PTO_3,TERMINAL_EMBARQUE,INGRESO,MovimientosPorContrato_20260701.xlsx,NO_TRUCKFLOW_MATCH
CTG_10133247991,AD282AS,2026-07-01T09:23:00,2026-07-01T19:39:00,SOJA,VOLCABLE_PTO_2,TERMINAL_EMBARQUE,INGRESO,MovimientosPorContrato_20260701.xlsx,NO_TRUCKFLOW_MATCH
CTG_30033300828,URM438,2026-07-01T16:26:00,2026-07-01T19:40:00,PELLETS GIRASOL,CARGA_SILO_11,RICARDONE,EGRESO,MovimientosPorContrato_20260701.xlsx,NO_TRUCKFLOW_MATCH
CTG_10133261625,AG952CR,2026-07-01T11:23:00,2026-07-01T19:43:00,SOJA,VOLCABLE_PTO_5,TERMINAL_EMBARQUE,INGRESO,MovimientosPorContrato_20260701.xlsx,NO_TRUCKFLOW_MATCH
COMPROB_000400419097,UUH077,2026-07-01T14:28:00,2026-07-01T19:44:00,ACEITE GIRASOL REFINADO,ACEITE_OSL,TERMINAL_EMBARQUE,EGRESO,MovimientosPorContrato_20260701.xlsx,NO_TRUCKFLOW_MATCH
CTG_10233271521,AG460IJ,2026-07-01T14:32:00,2026-07-01T19:45:00,SOJA,VOLCABLE_PTO_2,TERMINAL_EMBARQUE,INGRESO,MovimientosPorContrato_20260701.xlsx,NO_TRUCKFLOW_MATCH
CTG_10133269399,GAI626,2026-07-01T11:24:00,2026-07-01T19:49:00,SOJA,VOLCABLE_PTO_5,TERMINAL_EMBARQUE,INGRESO,MovimientosPorContrato_20260701.xlsx,NO_TRUCKFLOW_MATCH
CTG_10133239352,AE239BC,2026-07-01T09:00:00,2026-07-01T19:49:00,MAIZ,CELDA_171_-_CENTRO,AVELLANEDA,INGRESO,MovimientosPorContrato_20260701.xlsx,NO_TRUCKFLOW_MATCH
CTG_30033293737,BVS300,2026-07-01T16:45:00,2026-07-01T19:50:00,PELLETS GIRASOL,VOLCABLE_PTO_4,TERMINAL_EMBARQUE,INGRESO,MovimientosPorContrato_20260701.xlsx,NO_TRUCKFLOW_MATCH
CTG_10233278285,GKQ378,2026-07-01T14:38:00,2026-07-01T19:50:00,SOJA,VOLCABLE_PTO_2,TERMINAL_EMBARQUE,INGRESO,MovimientosPorContrato_20260701.xlsx,NO_TRUCKFLOW_MATCH
CTG_10233273958,APF666,2026-07-01T14:34:00,2026-07-01T19:51:00,SOJA,VOLCABLE_PTO_3,TERMINAL_EMBARQUE,INGRESO,MovimientosPorContrato_20260701.xlsx,NO_TRUCKFLOW_MATCH
CTG_10133265680,MIG708,2026-07-01T10:44:00,2026-07-01T19:53:00,SOJA,VOLCABLE_PTO_5,TERMINAL_EMBARQUE,INGRESO,MovimientosPorContrato_20260701.xlsx,NO_TRUCKFLOW_MATCH
CTG_30033301014,EHS233,2026-07-01T16:31:00,2026-07-01T19:54:00,PELLETS GIRASOL,CARGA_SILO_11,RICARDONE,EGRESO,MovimientosPorContrato_20260701.xlsx,NO_TRUCKFLOW_MATCH
COMPROB_000400419098,LGZ704,2026-07-01T17:44:00,2026-07-01T19:55:00,ACEITE GIRASOL REFINADO,ACEITE_OSL,TERMINAL_EMBARQUE,EGRESO,MovimientosPorContrato_20260701.xlsx,NO_TRUCKFLOW_MATCH
CTG_10233282004,PGR058,2026-07-01T14:40:00,2026-07-01T19:56:00,SOJA,VOLCABLE_PTO_3,TERMINAL_EMBARQUE,INGRESO,MovimientosPorContrato_20260701.xlsx,NO_TRUCKFLOW_MATCH
CTG_10133248402,AH000OO,2026-07-01T14:39:00,2026-07-01T19:57:00,SOJA,VOLCABLE_PTO_2,TERMINAL_EMBARQUE,INGRESO,MovimientosPorContrato_20260701.xlsx,NO_TRUCKFLOW_MATCH
CTG_30033294531,CRJ139,2026-07-01T16:57:00,2026-07-01T19:58:00,PELLETS GIRASOL,VOLCABLE_PTO_4,TERMINAL_EMBARQUE,INGRESO,MovimientosPorContrato_20260701.xlsx,NO_TRUCKFLOW_MATCH
CTG_10233273387,MID428,2026-07-01T11:44:00,2026-07-01T20:01:00,SOJA,VOLCABLE_PTO_2,TERMINAL_EMBARQUE,INGRESO,MovimientosPorContrato_20260701.xlsx,NO_TRUCKFLOW_MATCH
CTG_10133265435,KZV637,2026-07-01T12:24:00,2026-07-01T20:02:00,SOJA,VOLCABLE_PTO_5,TERMINAL_EMBARQUE,INGRESO,MovimientosPorContrato_20260701.xlsx,NO_TRUCKFLOW_MATCH
CTG_10233271619,AE281UZ,2026-07-01T12:19:00,2026-07-01T20:04:00,SOJA,VOLCABLE_PTO_2,TERMINAL_EMBARQUE,INGRESO,MovimientosPorContrato_20260701.xlsx,NO_TRUCKFLOW_MATCH
CTG_10233265799,GEW294,2026-07-01T11:01:00,2026-07-01T20:05:00,SOJA,VOLCABLE_PTO_3,TERMINAL_EMBARQUE,INGRESO,MovimientosPorContrato_20260701.xlsx,NO_TRUCKFLOW_MATCH
CTG_30033293179,TKS227,2026-07-01T17:13:00,2026-07-01T20:07:00,ACEITE GIRASOL PARA REFINAR,ACEITE_PTO,TERMINAL_EMBARQUE,INGRESO,MovimientosPorContrato_20260701.xlsx,NO_TRUCKFLOW_MATCH
CTG_30033291655,EXR046,2026-07-01T16:40:00,2026-07-01T20:08:00,ACEITE GIRASOL PARA REFINAR,ACEITE_PTO,TERMINAL_EMBARQUE,INGRESO,MovimientosPorContrato_20260701.xlsx,NO_TRUCKFLOW_MATCH
CTG_30033294872,KXJ953,2026-07-01T17:01:00,2026-07-01T20:09:00,PELLETS GIRASOL,VOLCABLE_PTO_4,TERMINAL_EMBARQUE,INGRESO,MovimientosPorContrato_20260701.xlsx,NO_TRUCKFLOW_MATCH
CTG_10133245354,FOR422,2026-07-01T12:23:00,2026-07-01T20:10:00,SOJA,VOLCABLE_PTO_5,TERMINAL_EMBARQUE,INGRESO,MovimientosPorContrato_20260701.xlsx,NO_TRUCKFLOW_MATCH
CTG_10233281509,CBY548,2026-07-01T16:08:00,2026-07-01T20:11:00,SOJA,VOLCABLE_PTO_3,TERMINAL_EMBARQUE,INGRESO,MovimientosPorContrato_20260701.xlsx,NO_TRUCKFLOW_MATCH
CTG_30033301263,ROS380,2026-07-01T16:48:00,2026-07-01T20:13:00,PELLETS GIRASOL,CARGA_SILO_11,RICARDONE,EGRESO,MovimientosPorContrato_20260701.xlsx,NO_TRUCKFLOW_MATCH
CTG_10233265585,EUO313,2026-07-01T10:43:00,2026-07-01T20:13:00,SOJA,VOLCABLE_PTO_2,TERMINAL_EMBARQUE,INGRESO,MovimientosPorContrato_20260701.xlsx,NO_TRUCKFLOW_MATCH
CTG_10133271961,CCK787,2026-07-01T12:36:00,2026-07-01T20:16:00,SOJA,VOLCABLE_PTO_2,TERMINAL_EMBARQUE,INGRESO,MovimientosPorContrato_20260701.xlsx,NO_TRUCKFLOW_MATCH
CTG_10133260847,EDM067,2026-07-01T13:03:00,2026-07-01T20:17:00,SOJA,VOLCABLE_PTO_5,TERMINAL_EMBARQUE,INGRESO,MovimientosPorContrato_20260701.xlsx,NO_TRUCKFLOW_MATCH
CTG_30033301340,SWQ863,2026-07-01T15:21:00,2026-07-01T20:20:00,PELLETS GIRASOL,CARGA_SILO_11,RICARDONE,EGRESO,MovimientosPorContrato_20260701.xlsx,NO_TRUCKFLOW_MATCH
CTG_10233273447,RKE467,2026-07-01T09:22:00,2026-07-01T20:21:00,MAIZ,CELDA_171_-_CENTRO,AVELLANEDA,INGRESO,MovimientosPorContrato_20260701.xlsx,NO_TRUCKFLOW_MATCH
CTG_30033295285,BHL749,2026-07-01T17:14:00,2026-07-01T20:21:00,PELLETS GIRASOL,VOLCABLE_PTO_4,TERMINAL_EMBARQUE,INGRESO,MovimientosPorContrato_20260701.xlsx,NO_TRUCKFLOW_MATCH
CTG_30033301383,DIH255,2026-07-01T16:56:00,2026-07-01T20:23:00,PELLETS GIRASOL,,RICARDONE,EGRESO,MovimientosPorContrato_20260701.xlsx,NO_TRUCKFLOW_MATCH
CTG_10133262416,CMA366,2026-07-01T12:38:00,2026-07-01T20:23:00,SOJA,VOLCABLE_PTO_3,TERMINAL_EMBARQUE,INGRESO,MovimientosPorContrato_20260701.xlsx,NO_TRUCKFLOW_MATCH
CTG_10133283317,MFP905,2026-07-01T13:38:00,2026-07-01T20:24:00,SOJA,VOLCABLE_PTO_5,TERMINAL_EMBARQUE,INGRESO,MovimientosPorContrato_20260701.xlsx,NO_TRUCKFLOW_MATCH
CTG_10133257755,KET334,2026-07-01T14:41:00,2026-07-01T20:27:00,SOJA,VOLCABLE_PTO_3,TERMINAL_EMBARQUE,INGRESO,MovimientosPorContrato_20260701.xlsx,NO_TRUCKFLOW_MATCH
CTG_30033295390,AYB759,2026-07-01T17:15:00,2026-07-01T20:30:00,PELLETS GIRASOL,VOLCABLE_PTO_4,TERMINAL_EMBARQUE,INGRESO,MovimientosPorContrato_20260701.xlsx,NO_TRUCKFLOW_MATCH
CTG_10133262829,AD051GY,2026-07-01T12:49:00,2026-07-01T20:32:00,SOJA,VOLCABLE_PTO_2,TERMINAL_EMBARQUE,INGRESO,MovimientosPorContrato_20260701.xlsx,NO_TRUCKFLOW_MATCH
CTG_10133256644,HVS037,2026-07-01T12:53:00,2026-07-01T20:33:00,SOJA,VOLCABLE_PTO_2,TERMINAL_EMBARQUE,INGRESO,MovimientosPorContrato_20260701.xlsx,NO_TRUCKFLOW_MATCH
CTG_10133248908,AA719GV,2026-07-01T13:48:00,2026-07-01T20:34:00,SOJA,VOLCABLE_PTO_5,TERMINAL_EMBARQUE,INGRESO,MovimientosPorContrato_20260701.xlsx,NO_TRUCKFLOW_MATCH
CTG_30033301510,SAT582,2026-07-01T17:06:00,2026-07-01T20:34:00,PELLETS GIRASOL,CARGA_SILO_11,RICARDONE,EGRESO,MovimientosPorContrato_20260701.xlsx,NO_TRUCKFLOW_MATCH
COMPROB_000400419099,CDF727,2026-07-01T16:25:00,2026-07-01T20:35:00,ACEITE GIRASOL REFINADO,ACEITE_OSL,TERMINAL_EMBARQUE,EGRESO,MovimientosPorContrato_20260701.xlsx,NO_TRUCKFLOW_MATCH
CTG_30033295768,ENW015,2026-07-01T17:27:00,2026-07-01T20:36:00,PELLETS GIRASOL,VOLCABLE_PTO_4,TERMINAL_EMBARQUE,INGRESO,MovimientosPorContrato_20260701.xlsx,NO_TRUCKFLOW_MATCH
CTG_10233271760,GKH549,2026-07-01T13:11:00,2026-07-01T20:37:00,SOJA,VOLCABLE_PTO_3,TERMINAL_EMBARQUE,INGRESO,MovimientosPorContrato_20260701.xlsx,NO_TRUCKFLOW_MATCH
CTG_10133271946,AB714JS,2026-07-01T13:13:00,2026-07-01T20:38:00,SOJA,VOLCABLE_PTO_2,TERMINAL_EMBARQUE,INGRESO,MovimientosPorContrato_20260701.xlsx,NO_TRUCKFLOW_MATCH
CTG_30033301553,EYH843,2026-07-01T17:28:00,2026-07-01T20:39:00,PELLETS GIRASOL,,RICARDONE,EGRESO,MovimientosPorContrato_20260701.xlsx,NO_TRUCKFLOW_MATCH
CTG_10133277489,OGU444,2026-07-01T13:49:00,2026-07-01T20:40:00,SOJA,VOLCABLE_PTO_3,TERMINAL_EMBARQUE,INGRESO,MovimientosPorContrato_20260701.xlsx,NO_TRUCKFLOW_MATCH
CTG_30033296090,LZB017,2026-07-01T17:31:00,2026-07-01T20:41:00,PELLETS GIRASOL,VOLCABLE_PTO_4,TERMINAL_EMBARQUE,INGRESO,MovimientosPorContrato_20260701.xlsx,NO_TRUCKFLOW_MATCH
CTG_10133232235,JDT009,2026-07-01T13:53:00,2026-07-01T20:42:00,SOJA,VOLCABLE_PTO_5,TERMINAL_EMBARQUE,INGRESO,MovimientosPorContrato_20260701.xlsx,NO_TRUCKFLOW_MATCH
CTG_10233275236,PNY555,2026-07-01T13:50:00,2026-07-01T20:43:00,SOJA,VOLCABLE_PTO_2,TERMINAL_EMBARQUE,INGRESO,MovimientosPorContrato_20260701.xlsx,NO_TRUCKFLOW_MATCH
CTG_30033301645,RXD557,2026-07-01T17:49:00,2026-07-01T20:46:00,PELLETS GIRASOL,CARGA_SILO_11,RICARDONE,EGRESO,MovimientosPorContrato_20260701.xlsx,NO_TRUCKFLOW_MATCH
CTG_30033296425,GVJ645,2026-07-01T18:13:00,2026-07-01T20:46:00,ACEITE GIRASOL PARA REFINAR,ACEITE_PTO,TERMINAL_EMBARQUE,INGRESO,MovimientosPorContrato_20260701.xlsx,NO_TRUCKFLOW_MATCH
CTG_10133251213,AA166VA,2026-07-01T13:30:00,2026-07-01T20:49:00,SOJA,VOLCABLE_PTO_3,TERMINAL_EMBARQUE,INGRESO,MovimientosPorContrato_20260701.xlsx,NO_TRUCKFLOW_MATCH
CTG_10133240988,HAL792,2026-07-01T11:47:00,2026-07-01T20:50:00,SOJA,VOLCABLE_PTO_5,TERMINAL_EMBARQUE,INGRESO,MovimientosPorContrato_20260701.xlsx,NO_TRUCKFLOW_MATCH
COMPROB_000404034561,AA516BM,2026-07-01T17:42:00,2026-07-01T20:50:00,FUEL-OIL,,TERMINAL_EMBARQUE,INGRESO,MovimientosPorContrato_20260701.xlsx,NO_TRUCKFLOW_MATCH
CTG_30033296195,IYR089,2026-07-01T18:12:00,2026-07-01T20:51:00,ACEITE GIRASOL PARA REFINAR,ACEITE_PTO,TERMINAL_EMBARQUE,INGRESO,MovimientosPorContrato_20260701.xlsx,NO_TRUCKFLOW_MATCH
CTG_30033296138,AAE877,2026-07-01T17:35:00,2026-07-01T20:52:00,PELLETS GIRASOL,VOLCABLE_PTO_4,TERMINAL_EMBARQUE,INGRESO,MovimientosPorContrato_20260701.xlsx,NO_TRUCKFLOW_MATCH
CTG_10133251655,AC544WQ,2026-07-01T14:42:00,2026-07-01T20:53:00,SOJA,VOLCABLE_PTO_2,TERMINAL_EMBARQUE,INGRESO,MovimientosPorContrato_20260701.xlsx,NO_TRUCKFLOW_MATCH
CTG_30033296479,FFM492,2026-07-01T17:47:00,2026-07-01T20:54:00,PELLETS GIRASOL,VOLCABLE_PTO_4,TERMINAL_EMBARQUE,INGRESO,MovimientosPorContrato_20260701.xlsx,NO_TRUCKFLOW_MATCH
CTG_10233281988,LBF848,2026-07-01T14:44:00,2026-07-01T20:56:00,SOJA,VOLCABLE_PTO_2,TERMINAL_EMBARQUE,INGRESO,MovimientosPorContrato_20260701.xlsx,NO_TRUCKFLOW_MATCH
CTG_30033296590,ALV404,2026-07-01T17:48:00,2026-07-01T20:57:00,PELLETS GIRASOL,VOLCABLE_PTO_4,TERMINAL_EMBARQUE,INGRESO,MovimientosPorContrato_20260701.xlsx,NO_TRUCKFLOW_MATCH
COMPROB_000301065195,LFT141,2026-07-01T13:58:00,2026-07-01T20:57:00,PRODUCTOS VARIOS,VARIOS,RICARDONE,EGRESO,MovimientosPorContrato_20260701.xlsx,NO_TRUCKFLOW_MATCH
CTG_10233273732,AE467DB,2026-07-01T13:53:00,2026-07-01T20:58:00,SOJA,VOLCABLE_PTO_3,TERMINAL_EMBARQUE,INGRESO,MovimientosPorContrato_20260701.xlsx,NO_TRUCKFLOW_MATCH
CTG_10133273357,MKF300,2026-07-01T09:24:00,2026-07-01T20:59:00,MAIZ,CELDA_171_-_CENTRO,AVELLANEDA,INGRESO,MovimientosPorContrato_20260701.xlsx,NO_TRUCKFLOW_MATCH
CTG_30033301769,VJG112,2026-07-01T18:03:00,2026-07-01T20:59:00,PELLETS GIRASOL,CARGA_SILO_11,RICARDONE,EGRESO,MovimientosPorContrato_20260701.xlsx,NO_TRUCKFLOW_MATCH
CTG_10133275468,ECF042,2026-07-01T14:06:00,2026-07-01T21:00:00,SOJA,VOLCABLE_PTO_5,TERMINAL_EMBARQUE,INGRESO,MovimientosPorContrato_20260701.xlsx,NO_TRUCKFLOW_MATCH
CTG_10133231265,JFT669,2026-07-01T15:32:00,2026-07-01T21:00:00,SOJA,VOLCABLE_PTO_2,TERMINAL_EMBARQUE,INGRESO,MovimientosPorContrato_20260701.xlsx,NO_TRUCKFLOW_MATCH
CTG_10233276281,AB953LU,2026-07-01T15:10:00,2026-07-01T21:03:00,SOJA,VOLCABLE_PTO_3,TERMINAL_EMBARQUE,INGRESO,MovimientosPorContrato_20260701.xlsx,NO_TRUCKFLOW_MATCH
CTG_30033296870,RYJ562,2026-07-01T17:51:00,2026-07-01T21:08:00,PELLETS GIRASOL,VOLCABLE_PTO_4,TERMINAL_EMBARQUE,INGRESO,MovimientosPorContrato_20260701.xlsx,NO_TRUCKFLOW_MATCH
CTG_10233279468,VZC984,2026-07-01T15:11:00,2026-07-01T21:09:00,SOJA,VOLCABLE_PTO_3,TERMINAL_EMBARQUE,INGRESO,MovimientosPorContrato_20260701.xlsx,NO_TRUCKFLOW_MATCH
CTG_10233277313,UXP135,2026-07-01T15:17:00,2026-07-01T21:10:00,SOJA,VOLCABLE_PTO_2,TERMINAL_EMBARQUE,INGRESO,MovimientosPorContrato_20260701.xlsx,NO_TRUCKFLOW_MATCH
CTG_10133277163,AA492MY,2026-07-01T14:29:00,2026-07-01T21:13:00,SOJA,VOLCABLE_PTO_5,TERMINAL_EMBARQUE,INGRESO,MovimientosPorContrato_20260701.xlsx,NO_TRUCKFLOW_MATCH
CTG_30033301912,TAO150,2026-07-01T18:24:00,2026-07-01T21:16:00,PELLETS GIRASOL,CARGA_SILO_11,RICARDONE,EGRESO,MovimientosPorContrato_20260701.xlsx,NO_TRUCKFLOW_MATCH
CTG_30033301917,UXH812,2026-07-01T08:42:00,2026-07-01T21:17:00,ACEITE SOJA CRUDO DESGOMADO,,TERMINAL_EMBARQUE,EGRESO,MovimientosPorContrato_20260701.xlsx,NO_TRUCKFLOW_MATCH
CTG_10133274978,IAC095,2026-07-01T15:31:00,2026-07-01T21:17:00,SOJA,VOLCABLE_PTO_3,TERMINAL_EMBARQUE,INGRESO,MovimientosPorContrato_20260701.xlsx,NO_TRUCKFLOW_MATCH
CTG_10133249938,AB673FP,2026-07-01T15:38:00,2026-07-01T21:18:00,SOJA,VOLCABLE_PTO_2,TERMINAL_EMBARQUE,INGRESO,MovimientosPorContrato_20260701.xlsx,NO_TRUCKFLOW_MATCH
CTG_10133265484,AG746EI,2026-07-01T14:36:00,2026-07-01T21:19:00,SOJA,VOLCABLE_PTO_5,TERMINAL_EMBARQUE,INGRESO,MovimientosPorContrato_20260701.xlsx,NO_TRUCKFLOW_MATCH
CTG_10133258254,AI033KJ,2026-07-01T15:40:00,2026-07-01T21:20:00,SOJA,VOLCABLE_PTO_3,TERMINAL_EMBARQUE,INGRESO,MovimientosPorContrato_20260701.xlsx,NO_TRUCKFLOW_MATCH
CTG_10133268048,AB499JM,2026-07-01T15:39:00,2026-07-01T21:21:00,SOJA,VOLCABLE_PTO_2,TERMINAL_EMBARQUE,INGRESO,MovimientosPorContrato_20260701.xlsx,NO_TRUCKFLOW_MATCH
CTG_30033301967,UWX998,2026-07-01T18:27:00,2026-07-01T21:22:00,PELLETS GIRASOL,CARGA_SILO_11,RICARDONE,EGRESO,MovimientosPorContrato_20260701.xlsx,NO_TRUCKFLOW_MATCH
COMPROB_000404034581,NCH918,2026-07-01T19:23:00,2026-07-01T21:23:00,FUEL-OIL,,TERMINAL_EMBARQUE,INGRESO,MovimientosPorContrato_20260701.xlsx,NO_TRUCKFLOW_MATCH
CTG_10233273772,GZG304,2026-07-01T09:29:00,2026-07-01T21:23:00,MAIZ,CELDA_171_-_CENTRO,AVELLANEDA,INGRESO,MovimientosPorContrato_20260701.xlsx,NO_TRUCKFLOW_MATCH
CTG_30033297326,RQC013,2026-07-01T17:59:00,2026-07-01T21:24:00,PELLETS GIRASOL,VOLCABLE_PTO_4,TERMINAL_EMBARQUE,INGRESO,MovimientosPorContrato_20260701.xlsx,NO_TRUCKFLOW_MATCH
CTG_30033299102,SPI351,2026-07-01T19:40:00,2026-07-01T21:24:00,ACEITE GIRASOL PARA REFINAR,ACEITE_PTO,TERMINAL_EMBARQUE,INGRESO,MovimientosPorContrato_20260701.xlsx,NO_TRUCKFLOW_MATCH
CTG_30033295750,AB334RQ,2026-07-01T19:39:00,2026-07-01T21:25:00,ACEITE GIRASOL PARA REFINAR,ACEITE_PTO,TERMINAL_EMBARQUE,INGRESO,MovimientosPorContrato_20260701.xlsx,NO_TRUCKFLOW_MATCH
COMPROB_000400419101,AD887XZ,2026-07-01T16:47:00,2026-07-01T21:26:00,ACEITE GIRASOL REFINADO,ACEITE_OSL,TERMINAL_EMBARQUE,EGRESO,MovimientosPorContrato_20260701.xlsx,NO_TRUCKFLOW_MATCH
CTG_10133261741,FUP825,2026-07-01T15:41:00,2026-07-01T21:27:00,SOJA,VOLCABLE_PTO_2,TERMINAL_EMBARQUE,INGRESO,MovimientosPorContrato_20260701.xlsx,NO_TRUCKFLOW_MATCH
CTG_10133269301,EDS264,2026-07-01T15:37:00,2026-07-01T21:28:00,SOJA,VOLCABLE_PTO_3,TERMINAL_EMBARQUE,INGRESO,MovimientosPorContrato_20260701.xlsx,NO_TRUCKFLOW_MATCH
CTG_30033297580,XMZ495,2026-07-01T18:00:00,2026-07-01T21:29:00,PELLETS GIRASOL,VOLCABLE_PTO_4,TERMINAL_EMBARQUE,INGRESO,MovimientosPorContrato_20260701.xlsx,NO_TRUCKFLOW_MATCH
CTG_10133258142,FOW629,2026-07-01T16:07:00,2026-07-01T21:29:00,SOJA,VOLCABLE_PTO_2,TERMINAL_EMBARQUE,INGRESO,MovimientosPorContrato_20260701.xlsx,NO_TRUCKFLOW_MATCH
CTG_30033302016,TGV788,2026-07-01T08:44:00,2026-07-01T21:31:00,ACEITE SOJA CRUDO DESGOMADO,,TERMINAL_EMBARQUE,EGRESO,MovimientosPorContrato_20260701.xlsx,NO_TRUCKFLOW_MATCH
CTG_10133262118,EMF245,2026-07-01T14:37:00,2026-07-01T21:33:00,SOJA,VOLCABLE_PTO_5,TERMINAL_EMBARQUE,INGRESO,MovimientosPorContrato_20260701.xlsx,NO_TRUCKFLOW_MATCH
CTG_10233280243,AB695JY,2026-07-01T15:50:00,2026-07-01T21:34:00,SOJA,VOLCABLE_PTO_3,TERMINAL_EMBARQUE,INGRESO,MovimientosPorContrato_20260701.xlsx,NO_TRUCKFLOW_MATCH
CTG_10133265152,MIX109,2026-07-01T16:10:00,2026-07-01T21:34:00,SOJA,VOLCABLE_PTO_2,TERMINAL_EMBARQUE,INGRESO,MovimientosPorContrato_20260701.xlsx,NO_TRUCKFLOW_MATCH
CTG_30033297640,WGV770,2026-07-01T18:01:00,2026-07-01T21:35:00,PELLETS GIRASOL,VOLCABLE_PTO_4,TERMINAL_EMBARQUE,INGRESO,MovimientosPorContrato_20260701.xlsx,NO_TRUCKFLOW_MATCH
CTG_30033302063,UUL425,2026-07-01T17:48:00,2026-07-01T21:37:00,PELLETS GIRASOL,CARGA_SILO_11,RICARDONE,EGRESO,MovimientosPorContrato_20260701.xlsx,NO_TRUCKFLOW_MATCH
CTG_10133262271,AE522GV,2026-07-01T14:54:00,2026-07-01T21:39:00,SOJA,VOLCABLE_PTO_5,TERMINAL_EMBARQUE,INGRESO,MovimientosPorContrato_20260701.xlsx,NO_TRUCKFLOW_MATCH
CTG_30033302077,AZG422,2026-07-01T19:28:00,2026-07-01T21:39:00,PELLETS GIRASOL,CARGA_SILO_11,RICARDONE,EGRESO,MovimientosPorContrato_20260701.xlsx,NO_TRUCKFLOW_MATCH
COMPROB_000200430975,AE279AY,2026-07-01T18:45:00,2026-07-01T21:40:00,CHIP DE EUCALIPTUS,PLAYA_LEÑA_Y_CHIP,AVELLANEDA,INGRESO,MovimientosPorContrato_20260701.xlsx,NO_TRUCKFLOW_MATCH
CTG_10233276442,WDZ057,2026-07-01T16:10:00,2026-07-01T21:41:00,SOJA,VOLCABLE_PTO_3,TERMINAL_EMBARQUE,INGRESO,MovimientosPorContrato_20260701.xlsx,NO_TRUCKFLOW_MATCH
CTG_10233284897,ETQ627,2026-07-01T16:13:00,2026-07-01T21:42:00,SOJA,VOLCABLE_PTO_2,TERMINAL_EMBARQUE,INGRESO,MovimientosPorContrato_20260701.xlsx,NO_TRUCKFLOW_MATCH
CTG_10133268460,NFS501,2026-07-01T16:24:00,2026-07-01T21:43:00,SOJA,VOLCABLE_PTO_2,TERMINAL_EMBARQUE,INGRESO,MovimientosPorContrato_20260701.xlsx,NO_TRUCKFLOW_MATCH
CTG_10233272566,JHA681,2026-07-01T16:15:00,2026-07-01T21:46:00,SOJA,VOLCABLE_PTO_3,TERMINAL_EMBARQUE,INGRESO,MovimientosPorContrato_20260701.xlsx,NO_TRUCKFLOW_MATCH
CTG_30033298004,HNE318,2026-07-01T18:09:00,2026-07-01T21:47:00,PELLETS GIRASOL,VOLCABLE_PTO_4,TERMINAL_EMBARQUE,INGRESO,MovimientosPorContrato_20260701.xlsx,NO_TRUCKFLOW_MATCH
COMPROB_000200430976,DYT493,2026-06-30T23:01:00,2026-07-01T21:47:00,CHIP EN ORIGEN,PLAYA_LEÑA_Y_CHIP,AVELLANEDA,INGRESO,MovimientosPorContrato_20260701.xlsx,NO_TRUCKFLOW_MATCH
CTG_30033302127,TAC436,2026-07-01T19:30:00,2026-07-01T21:47:00,PELLETS GIRASOL,CARGA_SILO_11,RICARDONE,EGRESO,MovimientosPorContrato_20260701.xlsx,NO_TRUCKFLOW_MATCH
CTG_10133284241,AF092KD,2026-07-01T16:35:00,2026-07-01T21:47:00,SOJA,VOLCABLE_PTO_2,TERMINAL_EMBARQUE,INGRESO,MovimientosPorContrato_20260701.xlsx,NO_TRUCKFLOW_MATCH
CTG_30033302133,CTA045,2026-07-01T19:43:00,2026-07-01T21:48:00,PELLETS GIRASOL,,RICARDONE,EGRESO,MovimientosPorContrato_20260701.xlsx,NO_TRUCKFLOW_MATCH
CTG_10133281583,KPG457,2026-07-01T16:41:00,2026-07-01T21:48:00,SOJA,VOLCABLE_PTO_3,TERMINAL_EMBARQUE,INGRESO,MovimientosPorContrato_20260701.xlsx,NO_TRUCKFLOW_MATCH
COMPROB_000400419103,EGV380,2026-07-01T16:50:00,2026-07-01T21:50:00,ACEITE GIRASOL REFINADO,ACEITE_OSL,TERMINAL_EMBARQUE,EGRESO,MovimientosPorContrato_20260701.xlsx,NO_TRUCKFLOW_MATCH
CTG_30033299019,UKL882,2026-07-01T18:45:00,2026-07-01T21:51:00,PELLETS GIRASOL,VOLCABLE_PTO_4,TERMINAL_EMBARQUE,INGRESO,MovimientosPorContrato_20260701.xlsx,NO_TRUCKFLOW_MATCH
CTG_30033302155,WCC802,2026-07-01T19:49:00,2026-07-01T21:52:00,PELLETS GIRASOL,CARGA_SILO_11,RICARDONE,EGRESO,MovimientosPorContrato_20260701.xlsx,NO_TRUCKFLOW_MATCH
CTG_10133266185,AB125AM,2026-07-01T16:09:00,2026-07-01T21:53:00,SOJA,VOLCABLE_PTO_5,TERMINAL_EMBARQUE,INGRESO,MovimientosPorContrato_20260701.xlsx,NO_TRUCKFLOW_MATCH
CTG_10233285472,AE788CX,2026-07-01T16:57:00,2026-07-01T21:56:00,SOJA,VOLCABLE_PTO_3,TERMINAL_EMBARQUE,INGRESO,MovimientosPorContrato_20260701.xlsx,NO_TRUCKFLOW_MATCH
CTG_10233282669,AE320MB,2026-07-01T17:19:00,2026-07-01T21:57:00,SOJA,VOLCABLE_PTO_2,TERMINAL_EMBARQUE,INGRESO,MovimientosPorContrato_20260701.xlsx,NO_TRUCKFLOW_MATCH
CTG_30033302197,BVS300,2026-07-01T20:08:00,2026-07-01T21:58:00,PELLETS GIRASOL,CARGA_SILO_11,RICARDONE,EGRESO,MovimientosPorContrato_20260701.xlsx,NO_TRUCKFLOW_MATCH
CTG_10133284055,EWY171,2026-07-01T16:58:00,2026-07-01T21:59:00,SOJA,VOLCABLE_PTO_3,TERMINAL_EMBARQUE,INGRESO,MovimientosPorContrato_20260701.xlsx,NO_TRUCKFLOW_MATCH
COMPROB_000200430977,AH210AI,2026-07-01T20:57:00,2026-07-01T22:00:00,CHIP DE EUCALIPTUS,PLAYA_LEÑA_Y_CHIP,AVELLANEDA,INGRESO,MovimientosPorContrato_20260701.xlsx,NO_TRUCKFLOW_MATCH
CTG_10233274629,DEO511,2026-07-01T09:54:00,2026-07-01T22:01:00,MAIZ,CELDA_171_-_CENTRO,AVELLANEDA,INGRESO,MovimientosPorContrato_20260701.xlsx,NO_TRUCKFLOW_MATCH
COMPROB_000404034606,AC101WN,2026-07-01T19:17:00,2026-07-01T22:02:00,FUEL-OIL,,TERMINAL_EMBARQUE,INGRESO,MovimientosPorContrato_20260701.xlsx,NO_TRUCKFLOW_MATCH
CTG_30033302217,CRJ139,2026-07-01T20:14:00,2026-07-01T22:02:00,PELLETS GIRASOL,CARGA_SILO_11,RICARDONE,EGRESO,MovimientosPorContrato_20260701.xlsx,NO_TRUCKFLOW_MATCH
CTG_10233290209,RTA506,2026-07-01T16:22:00,2026-07-01T22:03:00,SOJA,VOLCABLE_PTO_5,TERMINAL_EMBARQUE,INGRESO,MovimientosPorContrato_20260701.xlsx,NO_TRUCKFLOW_MATCH
CTG_30033300828,URM438,2026-07-01T19:58:00,2026-07-01T22:04:00,PELLETS GIRASOL,VOLCABLE_PTO_4,TERMINAL_EMBARQUE,INGRESO,MovimientosPorContrato_20260701.xlsx,NO_TRUCKFLOW_MATCH
CTG_10233279993,AE381AC,2026-07-01T16:25:00,2026-07-01T22:05:00,SOJA,VOLCABLE_PTO_2,TERMINAL_EMBARQUE,INGRESO,MovimientosPorContrato_20260701.xlsx,NO_TRUCKFLOW_MATCH
COMPROB_000400419104,LKJ248,2026-07-01T16:56:00,2026-07-01T22:07:00,ACEITE GIRASOL REFINADO,ACEITE_OSL,TERMINAL_EMBARQUE,EGRESO,MovimientosPorContrato_20260701.xlsx,NO_TRUCKFLOW_MATCH
CTG_10133283434,AA773UH,2026-07-01T14:31:00,2026-07-01T22:09:00,SOJA,VOLCABLE_PTO_2,TERMINAL_EMBARQUE,INGRESO,MovimientosPorContrato_20260701.xlsx,NO_TRUCKFLOW_MATCH
CTG_10133260009,AB456RA,2026-07-01T16:08:00,2026-07-01T22:10:00,SOJA,VOLCABLE_PTO_5,TERMINAL_EMBARQUE,INGRESO,MovimientosPorContrato_20260701.xlsx,NO_TRUCKFLOW_MATCH
CTG_10133269696,LLG679,2026-07-01T14:31:00,2026-07-01T22:10:00,SOJA,VOLCABLE_PTO_3,TERMINAL_EMBARQUE,INGRESO,MovimientosPorContrato_20260701.xlsx,NO_TRUCKFLOW_MATCH
CTG_30033302269,AYB759,2026-07-01T20:46:00,2026-07-01T22:11:00,PELLETS GIRASOL,CARGA_SILO_11,RICARDONE,EGRESO,MovimientosPorContrato_20260701.xlsx,NO_TRUCKFLOW_MATCH
CTG_30033302276,LZB017,2026-07-01T20:57:00,2026-07-01T22:12:00,PELLETS GIRASOL,,RICARDONE,EGRESO,MovimientosPorContrato_20260701.xlsx,NO_TRUCKFLOW_MATCH
CTG_10133249112,AB605VN,2026-07-01T14:37:00,2026-07-01T22:13:00,SOJA,VOLCABLE_PTO_3,TERMINAL_EMBARQUE,INGRESO,MovimientosPorContrato_20260701.xlsx,NO_TRUCKFLOW_MATCH
CTG_10233262280,AB424YT,2026-07-01T14:35:00,2026-07-01T22:14:00,SOJA,VOLCABLE_PTO_5,TERMINAL_EMBARQUE,INGRESO,MovimientosPorContrato_20260701.xlsx,NO_TRUCKFLOW_MATCH
CTG_30033302299,FFM492,2026-07-01T21:19:00,2026-07-01T22:18:00,PELLETS GIRASOL,,RICARDONE,EGRESO,MovimientosPorContrato_20260701.xlsx,NO_TRUCKFLOW_MATCH
CTG_30033299742,AJV928,2026-07-01T19:45:00,2026-07-01T22:19:00,ACEITE GIRASOL PARA REFINAR,ACEITE_PTO,TERMINAL_EMBARQUE,INGRESO,MovimientosPorContrato_20260701.xlsx,NO_TRUCKFLOW_MATCH
CTG_10133267477,NXR196,2026-07-01T13:36:00,2026-07-01T22:19:00,SOJA,VOLCABLE_PTO_2,TERMINAL_EMBARQUE,INGRESO,MovimientosPorContrato_20260701.xlsx,NO_TRUCKFLOW_MATCH
CTG_10233282862,AH779EX,2026-07-01T17:31:00,2026-07-01T22:20:00,SOJA,VOLCABLE_PTO_2,TERMINAL_EMBARQUE,INGRESO,MovimientosPorContrato_20260701.xlsx,NO_TRUCKFLOW_MATCH
CTG_30033300197,AKJ611,2026-07-01T20:02:00,2026-07-01T22:21:00,ACEITE GIRASOL PARA REFINAR,ACEITE_PTO,TERMINAL_EMBARQUE,INGRESO,MovimientosPorContrato_20260701.xlsx,NO_TRUCKFLOW_MATCH
CTG_10133277572,LRI916,2026-07-01T17:01:00,2026-07-01T22:21:00,SOJA,VOLCABLE_PTO_3,TERMINAL_EMBARQUE,INGRESO,MovimientosPorContrato_20260701.xlsx,NO_TRUCKFLOW_MATCH
CTG_10133251034,AA483EY,2026-07-01T14:40:00,2026-07-01T22:23:00,SOJA,VOLCABLE_PTO_5,TERMINAL_EMBARQUE,INGRESO,MovimientosPorContrato_20260701.xlsx,NO_TRUCKFLOW_MATCH
CTG_10233273820,JTE404,2026-07-01T14:44:00,2026-07-01T22:25:00,SOJA,VOLCABLE_PTO_2,TERMINAL_EMBARQUE,INGRESO,MovimientosPorContrato_20260701.xlsx,NO_TRUCKFLOW_MATCH
CTG_30033302326,ENW015,2026-07-01T21:19:00,2026-07-01T22:25:00,PELLETS GIRASOL,CARGA_SILO_11,RICARDONE,EGRESO,MovimientosPorContrato_20260701.xlsx,NO_TRUCKFLOW_MATCH
CTG_10133283336,AA598IM,2026-07-01T14:43:00,2026-07-01T22:27:00,SOJA,VOLCABLE_PTO_3,TERMINAL_EMBARQUE,INGRESO,MovimientosPorContrato_20260701.xlsx,NO_TRUCKFLOW_MATCH
CTG_10233280505,DZY834,2026-07-01T17:28:00,2026-07-01T22:32:00,SOJA,VOLCABLE_PTO_3,TERMINAL_EMBARQUE,INGRESO,MovimientosPorContrato_20260701.xlsx,NO_TRUCKFLOW_MATCH
CTG_10233277496,UQW840,2026-07-01T10:52:00,2026-07-01T22:35:00,MAIZ,CELDA_171_-_CENTRO,AVELLANEDA,INGRESO,MovimientosPorContrato_20260701.xlsx,NO_TRUCKFLOW_MATCH
CTG_10233255129,AA616SK,2026-07-01T14:50:00,2026-07-01T22:35:00,SOJA,VOLCABLE_PTO_2,TERMINAL_EMBARQUE,INGRESO,MovimientosPorContrato_20260701.xlsx,NO_TRUCKFLOW_MATCH
CTG_10233282667,AZX363,2026-07-01T17:02:00,2026-07-01T22:36:00,SOJA,VOLCABLE_PTO_5,TERMINAL_EMBARQUE,INGRESO,MovimientosPorContrato_20260701.xlsx,NO_TRUCKFLOW_MATCH
CTG_30033302369,AAE877,2026-07-01T21:21:00,2026-07-01T22:36:00,PELLETS GIRASOL,CARGA_SILO_11,RICARDONE,EGRESO,MovimientosPorContrato_20260701.xlsx,NO_TRUCKFLOW_MATCH
CTG_10233276001,OEZ345,2026-07-01T17:32:00,2026-07-01T22:37:00,SOJA,VOLCABLE_PTO_3,TERMINAL_EMBARQUE,INGRESO,MovimientosPorContrato_20260701.xlsx,NO_TRUCKFLOW_MATCH
CTG_10133247834,AA807HC,2026-07-01T19:38:00,2026-07-01T22:38:00,GIRASOL,VOLCABLE_1,RICARDONE,INGRESO,MovimientosPorContrato_20260701.xlsx,NO_TRUCKFLOW_MATCH
CTG_10233275088,HRL235,2026-07-01T14:54:00,2026-07-01T22:40:00,SOJA,VOLCABLE_PTO_2,TERMINAL_EMBARQUE,INGRESO,MovimientosPorContrato_20260701.xlsx,NO_TRUCKFLOW_MATCH
CTG_30033302385,RYJ562,2026-07-01T21:25:00,2026-07-01T22:41:00,PELLETS GIRASOL,CARGA_SILO_11,RICARDONE,EGRESO,MovimientosPorContrato_20260701.xlsx,NO_TRUCKFLOW_MATCH
CTG_10233271916,ESX788,2026-07-01T14:51:00,2026-07-01T22:44:00,SOJA,VOLCABLE_PTO_5,TERMINAL_EMBARQUE,INGRESO,MovimientosPorContrato_20260701.xlsx,NO_TRUCKFLOW_MATCH
CTG_10233275146,AJM579,2026-07-01T15:02:00,2026-07-01T22:45:00,SOJA,VOLCABLE_PTO_3,TERMINAL_EMBARQUE,INGRESO,MovimientosPorContrato_20260701.xlsx,NO_TRUCKFLOW_MATCH
CTG_10233274230,CQJ384,2026-07-01T15:16:00,2026-07-01T22:47:00,SOJA,VOLCABLE_PTO_3,TERMINAL_EMBARQUE,INGRESO,MovimientosPorContrato_20260701.xlsx,NO_TRUCKFLOW_MATCH
CTG_30033302403,WGV770,2026-07-01T21:53:00,2026-07-01T22:48:00,PELLETS GIRASOL,CARGA_SILO_11,RICARDONE,EGRESO,MovimientosPorContrato_20260701.xlsx,NO_TRUCKFLOW_MATCH
CTG_30033302405,AB170NG,2026-07-01T08:45:00,2026-07-01T22:48:00,ACEITE SOJA CRUDO DESGOMADO,,TERMINAL_EMBARQUE,EGRESO,MovimientosPorContrato_20260701.xlsx,NO_TRUCKFLOW_MATCH
CTG_10233257266,PBG916,2026-07-01T17:31:00,2026-07-01T22:50:00,SOJA,VOLCABLE_PTO_5,TERMINAL_EMBARQUE,INGRESO,MovimientosPorContrato_20260701.xlsx,NO_TRUCKFLOW_MATCH
CTG_10233266327,AH629ZR,2026-07-01T15:03:00,2026-07-01T22:51:00,SOJA,VOLCABLE_PTO_2,TERMINAL_EMBARQUE,INGRESO,MovimientosPorContrato_20260701.xlsx,NO_TRUCKFLOW_MATCH
CTG_30033301014,EHS233,2026-07-01T20:11:00,2026-07-01T22:56:00,PELLETS GIRASOL,VOLCABLE_PTO_4,TERMINAL_EMBARQUE,INGRESO,MovimientosPorContrato_20260701.xlsx,NO_TRUCKFLOW_MATCH
CTG_10233274789,FPR112,2026-07-01T15:17:00,2026-07-01T22:58:00,SOJA,VOLCABLE_PTO_5,TERMINAL_EMBARQUE,INGRESO,MovimientosPorContrato_20260701.xlsx,NO_TRUCKFLOW_MATCH
CTG_30033301263,ROS380,2026-07-01T20:38:00,2026-07-01T22:59:00,PELLETS GIRASOL,VOLCABLE_PTO_4,TERMINAL_EMBARQUE,INGRESO,MovimientosPorContrato_20260701.xlsx,NO_TRUCKFLOW_MATCH
CTG_30033300880,ENA722,2026-07-01T20:34:00,2026-07-01T23:00:00,ACEITE GIRASOL PARA REFINAR,ACEITE_PTO,TERMINAL_EMBARQUE,INGRESO,MovimientosPorContrato_20260701.xlsx,NO_TRUCKFLOW_MATCH
CTG_10133260473,AB330HJ,2026-07-01T15:47:00,2026-07-01T23:00:00,SOJA,VOLCABLE_PTO_2,TERMINAL_EMBARQUE,INGRESO,MovimientosPorContrato_20260701.xlsx,NO_TRUCKFLOW_MATCH
CTG_10133262197,AA837BR,2026-07-01T15:48:00,2026-07-01T23:01:00,SOJA,VOLCABLE_PTO_3,TERMINAL_EMBARQUE,INGRESO,MovimientosPorContrato_20260701.xlsx,NO_TRUCKFLOW_MATCH
CTG_10133264738,AC923NH,2026-07-01T16:21:00,2026-07-01T23:02:00,SOJA,VOLCABLE_PTO_5,TERMINAL_EMBARQUE,INGRESO,MovimientosPorContrato_20260701.xlsx,NO_TRUCKFLOW_MATCH
CTG_10133247632,KZR607,2026-07-01T20:10:00,2026-07-01T23:05:00,GIRASOL,VOLCABLE_1,RICARDONE,INGRESO,MovimientosPorContrato_20260701.xlsx,NO_TRUCKFLOW_MATCH
CTG_30033302447,EER967,2026-07-01T08:53:00,2026-07-01T23:05:00,ACEITE SOJA CRUDO DESGOMADO,,TERMINAL_EMBARQUE,EGRESO,MovimientosPorContrato_20260701.xlsx,NO_TRUCKFLOW_MATCH
CTG_10233278264,VDN765,2026-07-01T16:20:00,2026-07-01T23:07:00,SOJA,VOLCABLE_PTO_2,TERMINAL_EMBARQUE,INGRESO,MovimientosPorContrato_20260701.xlsx,NO_TRUCKFLOW_MATCH
CTG_30033301340,SWQ863,2026-07-01T20:41:00,2026-07-01T23:08:00,PELLETS GIRASOL,VOLCABLE_PTO_4,TERMINAL_EMBARQUE,INGRESO,MovimientosPorContrato_20260701.xlsx,NO_TRUCKFLOW_MATCH
CTG_30033301383,DIH255,2026-07-01T20:42:00,2026-07-01T23:09:00,PELLETS GIRASOL,VOLCABLE_PTO_4,TERMINAL_EMBARQUE,INGRESO,MovimientosPorContrato_20260701.xlsx,NO_TRUCKFLOW_MATCH
CTG_30033300570,AA463TD,2026-07-01T20:23:00,2026-07-01T23:11:00,ACEITE GIRASOL PARA REFINAR,ACEITE_PTO,TERMINAL_EMBARQUE,INGRESO,MovimientosPorContrato_20260701.xlsx,NO_TRUCKFLOW_MATCH
CTG_10233278029,IAG155,2026-07-01T17:58:00,2026-07-01T23:15:00,SOJA,VOLCABLE_PTO_2,TERMINAL_EMBARQUE,INGRESO,MovimientosPorContrato_20260701.xlsx,NO_TRUCKFLOW_MATCH
CTG_10133270814,AA245XI,2026-07-01T17:59:00,2026-07-01T23:15:00,SOJA,VOLCABLE_PTO_3,TERMINAL_EMBARQUE,INGRESO,MovimientosPorContrato_20260701.xlsx,NO_TRUCKFLOW_MATCH
CTG_30033302467,KCL482,2026-07-01T13:14:00,2026-07-01T23:17:00,ACEITE SOJA CRUDO DESGOMADO,,TERMINAL_EMBARQUE,EGRESO,MovimientosPorContrato_20260701.xlsx,NO_TRUCKFLOW_MATCH
CTG_10233278176,LRP307,2026-07-01T11:07:00,2026-07-01T23:17:00,MAIZ,CELDA_171_-_CENTRO,AVELLANEDA,INGRESO,MovimientosPorContrato_20260701.xlsx,NO_TRUCKFLOW_MATCH
CTG_10233273121,AH200UW,2026-07-01T18:11:00,2026-07-01T23:19:00,SOJA,VOLCABLE_PTO_3,TERMINAL_EMBARQUE,INGRESO,MovimientosPorContrato_20260701.xlsx,NO_TRUCKFLOW_MATCH
CTG_10133263811,AA200RY,2026-07-01T16:30:00,2026-07-01T23:20:00,SOJA,VOLCABLE_PTO_5,TERMINAL_EMBARQUE,INGRESO,MovimientosPorContrato_20260701.xlsx,NO_TRUCKFLOW_MATCH
CTG_10133254349,SQS896,2026-07-01T18:23:00,2026-07-01T23:22:00,SOJA,VOLCABLE_PTO_3,TERMINAL_EMBARQUE,INGRESO,MovimientosPorContrato_20260701.xlsx,NO_TRUCKFLOW_MATCH
COMPROB_000400419108,ROO085,2026-07-01T14:36:00,2026-07-01T23:25:00,ACEITE SOJA CRUDO DESGOMADO,,TERMINAL_EMBARQUE,EGRESO,MovimientosPorContrato_20260701.xlsx,NO_TRUCKFLOW_MATCH
CTG_10133265869,AH520ZA,2026-07-01T18:00:00,2026-07-01T23:26:00,SOJA,VOLCABLE_PTO_5,TERMINAL_EMBARQUE,INGRESO,MovimientosPorContrato_20260701.xlsx,NO_TRUCKFLOW_MATCH
CTG_10233283366,KDF793,2026-07-01T18:20:00,2026-07-01T23:27:00,SOJA,VOLCABLE_PTO_2,TERMINAL_EMBARQUE,INGRESO,MovimientosPorContrato_20260701.xlsx,NO_TRUCKFLOW_MATCH
CTG_10233285053,LDQ574,2026-07-01T18:25:00,2026-07-01T23:28:00,SOJA,VOLCABLE_PTO_3,TERMINAL_EMBARQUE,INGRESO,MovimientosPorContrato_20260701.xlsx,NO_TRUCKFLOW_MATCH
CTG_10233267553,BER232,2026-07-01T18:36:00,2026-07-01T23:29:00,SOJA,VOLCABLE_PTO_2,TERMINAL_EMBARQUE,INGRESO,MovimientosPorContrato_20260701.xlsx,NO_TRUCKFLOW_MATCH
CTG_10133271352,AH223ON,2026-07-01T19:29:00,2026-07-01T23:31:00,SOJA,VOLCABLE_PTO_2,TERMINAL_EMBARQUE,INGRESO,MovimientosPorContrato_20260701.xlsx,NO_TRUCKFLOW_MATCH
CTG_10233286990,GGN191,2026-07-01T18:14:00,2026-07-01T23:32:00,SOJA,VOLCABLE_PTO_2,TERMINAL_EMBARQUE,INGRESO,MovimientosPorContrato_20260701.xlsx,NO_TRUCKFLOW_MATCH
CTG_10133277495,GFX375,2026-07-01T19:31:00,2026-07-01T23:33:00,SOJA,VOLCABLE_PTO_3,TERMINAL_EMBARQUE,INGRESO,MovimientosPorContrato_20260701.xlsx,NO_TRUCKFLOW_MATCH
CTG_10133279108,LQY813,2026-07-01T20:24:00,2026-07-01T23:35:00,GIRASOL,VOLCABLE_1,RICARDONE,INGRESO,MovimientosPorContrato_20260701.xlsx,NO_TRUCKFLOW_MATCH
CTG_10133251542,IFM515,2026-07-01T10:28:00,2026-07-01T23:36:00,SOJA,VOLCABLE_PTO_5,TERMINAL_EMBARQUE,INGRESO,MovimientosPorContrato_20260701.xlsx,NO_TRUCKFLOW_MATCH
CTG_10233286303,FRB047,2026-07-01T19:34:00,2026-07-01T23:37:00,SOJA,VOLCABLE_PTO_3,TERMINAL_EMBARQUE,INGRESO,MovimientosPorContrato_20260701.xlsx,NO_TRUCKFLOW_MATCH
COMPROB_000200430981,HAK397,2026-07-01T22:40:00,2026-07-01T23:39:00,CHIP DE PINO,PLAYA_LEÑA_Y_CHIP,AVELLANEDA,INGRESO,MovimientosPorContrato_20260701.xlsx,NO_TRUCKFLOW_MATCH
CTG_10233284253,HDP022,2026-07-01T19:27:00,2026-07-01T23:41:00,SOJA,VOLCABLE_PTO_2,TERMINAL_EMBARQUE,INGRESO,MovimientosPorContrato_20260701.xlsx,NO_TRUCKFLOW_MATCH
CTG_10233285166,JJX595,2026-07-01T18:31:00,2026-07-01T23:42:00,SOJA,VOLCABLE_PTO_5,TERMINAL_EMBARQUE,INGRESO,MovimientosPorContrato_20260701.xlsx,NO_TRUCKFLOW_MATCH
CTG_10233287199,JJE600,2026-07-01T19:40:00,2026-07-01T23:44:00,SOJA,VOLCABLE_PTO_3,TERMINAL_EMBARQUE,INGRESO,MovimientosPorContrato_20260701.xlsx,NO_TRUCKFLOW_MATCH
CTG_10133286175,LDN602,2026-07-01T19:35:00,2026-07-01T23:45:00,SOJA,VOLCABLE_PTO_2,TERMINAL_EMBARQUE,INGRESO,MovimientosPorContrato_20260701.xlsx,NO_TRUCKFLOW_MATCH
CTG_10233291743,AC732JF,2026-07-01T19:36:00,2026-07-01T23:51:00,SOJA,VOLCABLE_PTO_5,TERMINAL_EMBARQUE,INGRESO,MovimientosPorContrato_20260701.xlsx,NO_TRUCKFLOW_MATCH
CTG_10133282871,AE497RZ,2026-07-01T19:36:00,2026-07-01T23:53:00,SOJA,VOLCABLE_PTO_2,TERMINAL_EMBARQUE,INGRESO,MovimientosPorContrato_20260701.xlsx,NO_TRUCKFLOW_MATCH
CTG_10233267395,HME741,2026-07-01T19:50:00,2026-07-01T23:54:00,SOJA,VOLCABLE_PTO_2,TERMINAL_EMBARQUE,INGRESO,MovimientosPorContrato_20260701.xlsx,NO_TRUCKFLOW_MATCH
CTG_10233261780,AH719CV,2026-07-01T19:41:00,2026-07-01T23:58:00,SOJA,VOLCABLE_PTO_3,TERMINAL_EMBARQUE,INGRESO,MovimientosPorContrato_20260701.xlsx,NO_TRUCKFLOW_MATCH
CTG_10133282106,AB213UY,2026-07-01T19:47:00,2026-07-02T00:01:00,SOJA,VOLCABLE_PTO_2,TERMINAL_EMBARQUE,INGRESO,MovimientosPorContrato_20260702.xlsx,NO_TRUCKFLOW_MATCH
CTG_10133282357,AH653SF,2026-07-01T19:46:00,2026-07-02T00:04:00,SOJA,VOLCABLE_PTO_3,TERMINAL_EMBARQUE,INGRESO,MovimientosPorContrato_20260702.xlsx,NO_TRUCKFLOW_MATCH
CTG_10233265966,BCY209,2026-07-01T19:48:00,2026-07-02T00:05:00,SOJA,VOLCABLE_PTO_5,TERMINAL_EMBARQUE,INGRESO,MovimientosPorContrato_20260702.xlsx,NO_TRUCKFLOW_MATCH
CTG_10233277713,TCZ997,2026-07-01T19:51:00,2026-07-02T00:06:00,SOJA,VOLCABLE_PTO_2,TERMINAL_EMBARQUE,INGRESO,MovimientosPorContrato_20260702.xlsx,NO_TRUCKFLOW_MATCH
CTG_10133298736,AH488IG,2026-07-01T19:42:00,2026-07-02T00:09:00,SOJA,VOLCABLE_PTO_5,TERMINAL_EMBARQUE,INGRESO,MovimientosPorContrato_20260702.xlsx,NO_TRUCKFLOW_MATCH
CTG_10133284321,GPL698,2026-07-01T19:45:00,2026-07-02T00:12:00,SOJA,VOLCABLE_PTO_3,TERMINAL_EMBARQUE,INGRESO,MovimientosPorContrato_20260702.xlsx,NO_TRUCKFLOW_MATCH
CTG_10233295686,GAK529,2026-07-01T20:03:00,2026-07-02T00:14:00,SOJA,VOLCABLE_PTO_2,TERMINAL_EMBARQUE,INGRESO,MovimientosPorContrato_20260702.xlsx,NO_TRUCKFLOW_MATCH
CTG_10233288610,EDC158,2026-07-01T20:06:00,2026-07-02T00:21:00,SOJA,VOLCABLE_PTO_3,TERMINAL_EMBARQUE,INGRESO,MovimientosPorContrato_20260702.xlsx,NO_TRUCKFLOW_MATCH
CTG_10233296820,AB417TU,2026-07-01T20:00:00,2026-07-02T00:22:00,SOJA,VOLCABLE_PTO_5,TERMINAL_EMBARQUE,INGRESO,MovimientosPorContrato_20260702.xlsx,NO_TRUCKFLOW_MATCH
CTG_10233288701,AH552YJ,2026-07-01T20:13:00,2026-07-02T00:23:00,SOJA,VOLCABLE_PTO_2,TERMINAL_EMBARQUE,INGRESO,MovimientosPorContrato_20260702.xlsx,NO_TRUCKFLOW_MATCH
CTG_10233275332,AA757WD,2026-07-01T22:31:00,2026-07-02T00:23:00,GIRASOL,VOLCABLE_1,RICARDONE,INGRESO,MovimientosPorContrato_20260702.xlsx,NO_TRUCKFLOW_MATCH
CTG_10133277331,AG562CO,2026-07-01T20:22:00,2026-07-02T00:26:00,SOJA,VOLCABLE_PTO_2,TERMINAL_EMBARQUE,INGRESO,MovimientosPorContrato_20260702.xlsx,NO_TRUCKFLOW_MATCH
CTG_10133275516,LWR789,2026-07-01T20:21:00,2026-07-02T00:27:00,SOJA,VOLCABLE_PTO_3,TERMINAL_EMBARQUE,INGRESO,MovimientosPorContrato_20260702.xlsx,NO_TRUCKFLOW_MATCH
CTG_30033301214,JDH880,2026-07-01T21:21:00,2026-07-02T00:28:00,ACEITE GIRASOL PARA REFINAR,ACEITE_PTO,TERMINAL_EMBARQUE,INGRESO,MovimientosPorContrato_20260702.xlsx,NO_TRUCKFLOW_MATCH
CTG_10233290067,LRZ415,2026-07-01T20:27:00,2026-07-02T00:30:00,SOJA,VOLCABLE_PTO_3,TERMINAL_EMBARQUE,INGRESO,MovimientosPorContrato_20260702.xlsx,NO_TRUCKFLOW_MATCH
CTG_10233282598,GHX203,2026-07-01T20:24:00,2026-07-02T00:34:00,SOJA,VOLCABLE_PTO_2,TERMINAL_EMBARQUE,INGRESO,MovimientosPorContrato_20260702.xlsx,NO_TRUCKFLOW_MATCH
COMPROB_000301457609,EHS233,2026-07-01T23:24:00,2026-07-02T00:37:00,PRODUCTOS VARIOS,CARGA_SILO_11,RICARDONE,INGRESO,MovimientosPorContrato_20260702.xlsx,NO_TRUCKFLOW_MATCH
CTG_10133280920,HBB345,2026-07-01T17:33:00,2026-07-02T00:38:00,SOJA,VOLCABLE_PTO_5,TERMINAL_EMBARQUE,INGRESO,MovimientosPorContrato_20260702.xlsx,NO_TRUCKFLOW_MATCH
CTG_10233282458,RXK554,2026-07-01T15:23:00,2026-07-02T00:40:00,SOJA,VOLCABLE_PTO_3,TERMINAL_EMBARQUE,INGRESO,MovimientosPorContrato_20260702.xlsx,NO_TRUCKFLOW_MATCH
CTG_10133276308,GFE112,2026-07-01T20:30:00,2026-07-02T00:40:00,SOJA,VOLCABLE_PTO_2,TERMINAL_EMBARQUE,INGRESO,MovimientosPorContrato_20260702.xlsx,NO_TRUCKFLOW_MATCH
CTG_10133274329,HKY487,2026-07-01T20:05:00,2026-07-02T00:45:00,SOJA,VOLCABLE_PTO_2,TERMINAL_EMBARQUE,INGRESO,MovimientosPorContrato_20260702.xlsx,NO_TRUCKFLOW_MATCH
CTG_10133258070,LPJ950,2026-07-01T11:14:00,2026-07-02T00:46:00,MAIZ,CELDA_171_-_CENTRO,AVELLANEDA,INGRESO,MovimientosPorContrato_20260702.xlsx,NO_TRUCKFLOW_MATCH
COMPROB_000400419109,PAR121,2026-07-01T23:08:00,2026-07-02T00:47:00,BORRA DE ACSOJA REFINADO,,TERMINAL_EMBARQUE,EGRESO,MovimientosPorContrato_20260702.xlsx,NO_TRUCKFLOW_MATCH
CTG_10233283652,EYC028,2026-07-01T17:22:00,2026-07-02T00:52:00,SOJA,VOLCABLE_PTO_3,TERMINAL_EMBARQUE,INGRESO,MovimientosPorContrato_20260702.xlsx,NO_TRUCKFLOW_MATCH
CTG_10133249840,LDU072,2026-07-01T16:47:00,2026-07-02T00:54:00,SOJA,VOLCABLE_PTO_3,TERMINAL_EMBARQUE,INGRESO,MovimientosPorContrato_20260702.xlsx,NO_TRUCKFLOW_MATCH
CTG_10133276633,NUS591,2026-07-01T18:04:00,2026-07-02T00:56:00,SOJA,VOLCABLE_PTO_3,TERMINAL_EMBARQUE,INGRESO,MovimientosPorContrato_20260702.xlsx,NO_TRUCKFLOW_MATCH
COMPROB_000400419110,HAL844,2026-07-01T18:48:00,2026-07-02T00:58:00,ACEITE GIRASOL REFINADO,ACEITE_OSL,TERMINAL_EMBARQUE,EGRESO,MovimientosPorContrato_20260702.xlsx,NO_TRUCKFLOW_MATCH
CTG_10233276423,AI217DR,2026-07-01T17:50:00,2026-07-02T01:00:00,SOJA,VOLCABLE_PTO_2,TERMINAL_EMBARQUE,INGRESO,MovimientosPorContrato_20260702.xlsx,NO_TRUCKFLOW_MATCH
CTG_10133249957,NIK644,2026-07-01T16:47:00,2026-07-02T01:00:00,SOJA,VOLCABLE_PTO_2,TERMINAL_EMBARQUE,INGRESO,MovimientosPorContrato_20260702.xlsx,NO_TRUCKFLOW_MATCH
CTG_10233284722,ELH288,2026-07-01T18:24:00,2026-07-02T01:03:00,SOJA,VOLCABLE_PTO_2,TERMINAL_EMBARQUE,INGRESO,MovimientosPorContrato_20260702.xlsx,NO_TRUCKFLOW_MATCH
CTG_10133288326,OPS254,2026-07-01T19:33:00,2026-07-02T01:07:00,SOJA,VOLCABLE_PTO_2,TERMINAL_EMBARQUE,INGRESO,MovimientosPorContrato_20260702.xlsx,NO_TRUCKFLOW_MATCH
CTG_10233289225,IGZ591,2026-07-01T19:32:00,2026-07-02T01:11:00,SOJA,VOLCABLE_PTO_3,TERMINAL_EMBARQUE,INGRESO,MovimientosPorContrato_20260702.xlsx,NO_TRUCKFLOW_MATCH
CTG_10133258125,BQD253,2026-07-01T11:41:00,2026-07-02T01:12:00,MAIZ,CELDA_171_-_CENTRO,AVELLANEDA,INGRESO,MovimientosPorContrato_20260702.xlsx,NO_TRUCKFLOW_MATCH
CTG_10133257775,AF765FT,2026-07-01T19:52:00,2026-07-02T01:16:00,SOJA,VOLCABLE_PTO_2,TERMINAL_EMBARQUE,INGRESO,MovimientosPorContrato_20260702.xlsx,NO_TRUCKFLOW_MATCH
CTG_10133252747,AG410WX,2026-07-01T19:52:00,2026-07-02T01:17:00,SOJA,VOLCABLE_PTO_3,TERMINAL_EMBARQUE,INGRESO,MovimientosPorContrato_20260702.xlsx,NO_TRUCKFLOW_MATCH
CTG_10133288620,AF298WR,2026-07-01T20:04:00,2026-07-02T01:18:00,SOJA,VOLCABLE_PTO_3,TERMINAL_EMBARQUE,INGRESO,MovimientosPorContrato_20260702.xlsx,NO_TRUCKFLOW_MATCH
CTG_10133264041,AF923CV,2026-07-01T17:51:00,2026-07-02T01:21:00,SOJA,VOLCABLE_PTO_5,TERMINAL_EMBARQUE,INGRESO,MovimientosPorContrato_20260702.xlsx,NO_TRUCKFLOW_MATCH
CTG_10233285164,AB114CN,2026-07-01T23:45:00,2026-07-02T01:21:00,GIRASOL,VOLCABLE_1,RICARDONE,INGRESO,MovimientosPorContrato_20260702.xlsx,NO_TRUCKFLOW_MATCH
CTG_10133269238,EZO742,2026-07-01T15:36:00,2026-07-02T01:24:00,SOJA,VOLCABLE_PTO_2,TERMINAL_EMBARQUE,INGRESO,MovimientosPorContrato_20260702.xlsx,NO_TRUCKFLOW_MATCH
CTG_10133285881,AD204BC,2026-07-01T19:37:00,2026-07-02T01:28:00,SOJA,VOLCABLE_PTO_5,TERMINAL_EMBARQUE,INGRESO,MovimientosPorContrato_20260702.xlsx,NO_TRUCKFLOW_MATCH
CTG_30033301637,NBK156,2026-07-01T21:28:00,2026-07-02T01:29:00,ACEITE GIRASOL PARA REFINAR,ACEITE_PTO,TERMINAL_EMBARQUE,INGRESO,MovimientosPorContrato_20260702.xlsx,NO_TRUCKFLOW_MATCH
CTG_30033301435,DOE150,2026-07-01T21:22:00,2026-07-02T01:31:00,ACEITE GIRASOL PARA REFINAR,ACEITE_PTO,TERMINAL_EMBARQUE,INGRESO,MovimientosPorContrato_20260702.xlsx,NO_TRUCKFLOW_MATCH
CTG_10233282890,TCV156,2026-07-01T20:38:00,2026-07-02T01:33:00,SOJA,VOLCABLE_PTO_3,TERMINAL_EMBARQUE,INGRESO,MovimientosPorContrato_20260702.xlsx,NO_TRUCKFLOW_MATCH
CTG_10133274228,ISG715,2026-07-01T21:26:00,2026-07-02T01:34:00,SOJA,VOLCABLE_PTO_2,TERMINAL_EMBARQUE,INGRESO,MovimientosPorContrato_20260702.xlsx,NO_TRUCKFLOW_MATCH
CTG_10133299947,LVN867,2026-07-01T23:50:00,2026-07-02T01:35:00,GIRASOL,VOLCABLE_1,RICARDONE,INGRESO,MovimientosPorContrato_20260702.xlsx,NO_TRUCKFLOW_MATCH
COMPROB_000301457612,ROS380,2026-07-01T23:30:00,2026-07-02T01:36:00,PRODUCTOS VARIOS,CARGA_SILO_11,RICARDONE,INGRESO,MovimientosPorContrato_20260702.xlsx,NO_TRUCKFLOW_MATCH
CTG_10133277053,EMC600,2026-07-01T19:44:00,2026-07-02T01:36:00,SOJA,VOLCABLE_PTO_5,TERMINAL_EMBARQUE,INGRESO,MovimientosPorContrato_20260702.xlsx,NO_TRUCKFLOW_MATCH
CTG_10133277315,NUW688,2026-07-01T17:40:00,2026-07-02T01:37:00,SOJA,VOLCABLE_PTO_5,TERMINAL_EMBARQUE,INGRESO,MovimientosPorContrato_20260702.xlsx,NO_TRUCKFLOW_MATCH
CTG_10233291662,AE020TJ,2026-07-01T20:50:00,2026-07-02T01:38:00,SOJA,VOLCABLE_PTO_2,TERMINAL_EMBARQUE,INGRESO,MovimientosPorContrato_20260702.xlsx,NO_TRUCKFLOW_MATCH
COMPROB_000400419111,OFG785,2026-07-01T19:16:00,2026-07-02T01:39:00,ACEITE GIRASOL REFINADO,ACEITE_OSL,TERMINAL_EMBARQUE,EGRESO,MovimientosPorContrato_20260702.xlsx,NO_TRUCKFLOW_MATCH
CTG_10233272403,CHR109,2026-07-01T20:49:00,2026-07-02T01:40:00,SOJA,VOLCABLE_PTO_3,TERMINAL_EMBARQUE,INGRESO,MovimientosPorContrato_20260702.xlsx,NO_TRUCKFLOW_MATCH
CTG_10233296121,AH745BH,2026-07-01T21:49:00,2026-07-02T01:48:00,SOJA,VOLCABLE_PTO_3,TERMINAL_EMBARQUE,INGRESO,MovimientosPorContrato_20260702.xlsx,NO_TRUCKFLOW_MATCH
CTG_10133264479,AF719GW,2026-07-01T19:48:00,2026-07-02T01:49:00,SOJA,VOLCABLE_PTO_5,TERMINAL_EMBARQUE,INGRESO,MovimientosPorContrato_20260702.xlsx,NO_TRUCKFLOW_MATCH
CTG_10233290694,AC088TE,2026-07-01T21:03:00,2026-07-02T01:50:00,SOJA,VOLCABLE_PTO_2,TERMINAL_EMBARQUE,INGRESO,MovimientosPorContrato_20260702.xlsx,NO_TRUCKFLOW_MATCH
CTG_10233292102,KHF397,2026-07-01T21:24:00,2026-07-02T01:52:00,SOJA,VOLCABLE_PTO_3,TERMINAL_EMBARQUE,INGRESO,MovimientosPorContrato_20260702.xlsx,NO_TRUCKFLOW_MATCH
CTG_10233289904,TPC070,2026-07-01T20:55:00,2026-07-02T01:57:00,SOJA,VOLCABLE_PTO_2,TERMINAL_EMBARQUE,INGRESO,MovimientosPorContrato_20260702.xlsx,NO_TRUCKFLOW_MATCH
CTG_10133277356,CFC933,2026-07-01T17:57:00,2026-07-02T01:58:00,SOJA,VOLCABLE_PTO_5,TERMINAL_EMBARQUE,INGRESO,MovimientosPorContrato_20260702.xlsx,NO_TRUCKFLOW_MATCH
CTG_10233292515,FOA678,2026-07-01T21:51:00,2026-07-02T01:59:00,SOJA,VOLCABLE_PTO_3,TERMINAL_EMBARQUE,INGRESO,MovimientosPorContrato_20260702.xlsx,NO_TRUCKFLOW_MATCH
CTG_10233291041,IQT544,2026-07-01T21:53:00,2026-07-02T02:03:00,SOJA,VOLCABLE_PTO_5,TERMINAL_EMBARQUE,INGRESO,MovimientosPorContrato_20260702.xlsx,NO_TRUCKFLOW_MATCH
CTG_10233258785,GYH907,2026-07-01T11:43:00,2026-07-02T02:03:00,MAIZ,CELDA_171_-_CENTRO,AVELLANEDA,INGRESO,MovimientosPorContrato_20260702.xlsx,NO_TRUCKFLOW_MATCH
COMPROB_000200430985,AH539QA,2026-06-30T23:02:00,2026-07-02T02:05:00,CHIP DE PINO,PLAYA_LEÑA_Y_CHIP,AVELLANEDA,INGRESO,MovimientosPorContrato_20260702.xlsx,NO_TRUCKFLOW_MATCH
CTG_10233285357,HOR480,2026-07-01T22:01:00,2026-07-02T02:07:00,SOJA,VOLCABLE_PTO_3,TERMINAL_EMBARQUE,INGRESO,MovimientosPorContrato_20260702.xlsx,NO_TRUCKFLOW_MATCH
CTG_10133300005,MIC938,2026-07-01T23:51:00,2026-07-02T02:07:00,GIRASOL,VOLCABLE_1,RICARDONE,INGRESO,MovimientosPorContrato_20260702.xlsx,NO_TRUCKFLOW_MATCH
CTG_10233274974,AA857YC,2026-07-01T21:51:00,2026-07-02T02:11:00,SOJA,VOLCABLE_PTO_2,TERMINAL_EMBARQUE,INGRESO,MovimientosPorContrato_20260702.xlsx,NO_TRUCKFLOW_MATCH
CTG_10133279455,LMM784,2026-07-01T22:09:00,2026-07-02T02:12:00,SOJA,VOLCABLE_PTO_3,TERMINAL_EMBARQUE,INGRESO,MovimientosPorContrato_20260702.xlsx,NO_TRUCKFLOW_MATCH
CTG_10233278309,AE936NU,2026-07-01T22:10:00,2026-07-02T02:13:00,SOJA,VOLCABLE_PTO_2,TERMINAL_EMBARQUE,INGRESO,MovimientosPorContrato_20260702.xlsx,NO_TRUCKFLOW_MATCH
CTG_30033302455,RPL435,2026-07-02T00:29:00,2026-07-02T02:14:00,ACEITE GIRASOL PARA REFINAR,ACEITE_PTO,TERMINAL_EMBARQUE,INGRESO,MovimientosPorContrato_20260702.xlsx,NO_TRUCKFLOW_MATCH
COMPROB_000301457614,DIH255,2026-07-01T23:36:00,2026-07-02T02:16:00,PRODUCTOS VARIOS,CARGA_SILO_11,RICARDONE,INGRESO,MovimientosPorContrato_20260702.xlsx,NO_TRUCKFLOW_MATCH
CTG_10233279792,RQH916,2026-07-01T22:02:00,2026-07-02T02:16:00,SOJA,VOLCABLE_PTO_5,TERMINAL_EMBARQUE,INGRESO,MovimientosPorContrato_20260702.xlsx,NO_TRUCKFLOW_MATCH
CTG_10133281786,CEJ787,2026-07-01T22:06:00,2026-07-02T02:17:00,SOJA,VOLCABLE_PTO_3,TERMINAL_EMBARQUE,INGRESO,MovimientosPorContrato_20260702.xlsx,NO_TRUCKFLOW_MATCH
CTG_10233267468,JFD736,2026-07-01T22:11:00,2026-07-02T02:20:00,SOJA,VOLCABLE_PTO_2,TERMINAL_EMBARQUE,INGRESO,MovimientosPorContrato_20260702.xlsx,NO_TRUCKFLOW_MATCH
CTG_10133300059,NPA645,2026-07-01T23:53:00,2026-07-02T02:21:00,GIRASOL,VOLCABLE_1,RICARDONE,INGRESO,MovimientosPorContrato_20260702.xlsx,NO_TRUCKFLOW_MATCH
CTG_10133280677,EUF553,2026-07-01T22:07:00,2026-07-02T02:24:00,SOJA,VOLCABLE_PTO_3,TERMINAL_EMBARQUE,INGRESO,MovimientosPorContrato_20260702.xlsx,NO_TRUCKFLOW_MATCH
CTG_10133286985,RIE903,2026-07-01T22:12:00,2026-07-02T02:25:00,SOJA,VOLCABLE_PTO_2,TERMINAL_EMBARQUE,INGRESO,MovimientosPorContrato_20260702.xlsx,NO_TRUCKFLOW_MATCH
CTG_10233275233,SHS882,2026-07-01T22:10:00,2026-07-02T02:25:00,SOJA,VOLCABLE_PTO_5,TERMINAL_EMBARQUE,INGRESO,MovimientosPorContrato_20260702.xlsx,NO_TRUCKFLOW_MATCH
CTG_10133280085,FEZ483,2026-07-01T22:14:00,2026-07-02T02:28:00,SOJA,VOLCABLE_PTO_3,TERMINAL_EMBARQUE,INGRESO,MovimientosPorContrato_20260702.xlsx,NO_TRUCKFLOW_MATCH
CTG_10133275415,AA514OM,2026-07-01T22:17:00,2026-07-02T02:31:00,SOJA,VOLCABLE_PTO_2,TERMINAL_EMBARQUE,INGRESO,MovimientosPorContrato_20260702.xlsx,NO_TRUCKFLOW_MATCH
CTG_10133257674,OCS776,2026-07-01T12:31:00,2026-07-02T02:32:00,MAIZ,CELDA_171_-_CENTRO,AVELLANEDA,INGRESO,MovimientosPorContrato_20260702.xlsx,NO_TRUCKFLOW_MATCH
CTG_10133275701,CXA647,2026-07-01T22:16:00,2026-07-02T02:34:00,SOJA,VOLCABLE_PTO_5,TERMINAL_EMBARQUE,INGRESO,MovimientosPorContrato_20260702.xlsx,NO_TRUCKFLOW_MATCH
CTG_10233294083,BFT543,2026-07-01T22:18:00,2026-07-02T02:35:00,SOJA,VOLCABLE_PTO_3,TERMINAL_EMBARQUE,INGRESO,MovimientosPorContrato_20260702.xlsx,NO_TRUCKFLOW_MATCH
CTG_10133292016,LOW017,2026-07-01T22:24:00,2026-07-02T02:36:00,SOJA,VOLCABLE_PTO_2,TERMINAL_EMBARQUE,INGRESO,MovimientosPorContrato_20260702.xlsx,NO_TRUCKFLOW_MATCH
CTG_10133282221,AF887DY,2026-07-01T22:25:00,2026-07-02T02:36:00,SOJA,VOLCABLE_PTO_5,TERMINAL_EMBARQUE,INGRESO,MovimientosPorContrato_20260702.xlsx,NO_TRUCKFLOW_MATCH
CTG_10133280909,AI087PD,2026-07-01T22:23:00,2026-07-02T02:42:00,SOJA,VOLCABLE_PTO_3,TERMINAL_EMBARQUE,INGRESO,MovimientosPorContrato_20260702.xlsx,NO_TRUCKFLOW_MATCH
CTG_10233301620,HUI119,2026-07-01T22:29:00,2026-07-02T02:44:00,SOJA,VOLCABLE_PTO_2,TERMINAL_EMBARQUE,INGRESO,MovimientosPorContrato_20260702.xlsx,NO_TRUCKFLOW_MATCH
CTG_10133280723,AE610FE,2026-07-01T22:37:00,2026-07-02T02:45:00,SOJA,VOLCABLE_PTO_3,TERMINAL_EMBARQUE,INGRESO,MovimientosPorContrato_20260702.xlsx,NO_TRUCKFLOW_MATCH
CTG_30033302619,GVJ645,2026-07-02T01:20:00,2026-07-02T02:46:00,ACEITE GIRASOL PARA REFINAR,ACEITE_PTO,TERMINAL_EMBARQUE,INGRESO,MovimientosPorContrato_20260702.xlsx,NO_TRUCKFLOW_MATCH
CTG_10233300225,NFJ540,2026-07-01T22:35:00,2026-07-02T02:47:00,SOJA,VOLCABLE_PTO_2,TERMINAL_EMBARQUE,INGRESO,MovimientosPorContrato_20260702.xlsx,NO_TRUCKFLOW_MATCH
CTG_10133300177,DMF194,2026-07-01T23:55:00,2026-07-02T02:51:00,GIRASOL,VOLCABLE_1,RICARDONE,INGRESO,MovimientosPorContrato_20260702.xlsx,NO_TRUCKFLOW_MATCH
CTG_10133290166,OXE268,2026-07-01T22:31:00,2026-07-02T02:51:00,SOJA,VOLCABLE_PTO_5,TERMINAL_EMBARQUE,INGRESO,MovimientosPorContrato_20260702.xlsx,NO_TRUCKFLOW_MATCH
CTG_10133294057,AG931CX,2026-07-01T22:40:00,2026-07-02T02:52:00,SOJA,VOLCABLE_PTO_2,TERMINAL_EMBARQUE,INGRESO,MovimientosPorContrato_20260702.xlsx,NO_TRUCKFLOW_MATCH
CTG_10133285722,BSR834,2026-07-01T22:34:00,2026-07-02T02:54:00,SOJA,VOLCABLE_PTO_3,TERMINAL_EMBARQUE,INGRESO,MovimientosPorContrato_20260702.xlsx,NO_TRUCKFLOW_MATCH
CTG_30033302588,EXR046,2026-07-02T01:10:00,2026-07-02T02:55:00,ACEITE GIRASOL PARA REFINAR,ACEITE_PTO,TERMINAL_EMBARQUE,INGRESO,MovimientosPorContrato_20260702.xlsx,NO_TRUCKFLOW_MATCH
CTG_10133277470,KCT455,2026-07-01T22:43:00,2026-07-02T02:55:00,SOJA,VOLCABLE_PTO_2,TERMINAL_EMBARQUE,INGRESO,MovimientosPorContrato_20260702.xlsx,NO_TRUCKFLOW_MATCH
CTG_10233275266,AC923LR,2026-07-01T22:38:00,2026-07-02T02:57:00,SOJA,VOLCABLE_PTO_5,TERMINAL_EMBARQUE,INGRESO,MovimientosPorContrato_20260702.xlsx,NO_TRUCKFLOW_MATCH
CTG_10233276652,AE180IP,2026-07-01T22:44:00,2026-07-02T02:59:00,SOJA,VOLCABLE_PTO_3,TERMINAL_EMBARQUE,INGRESO,MovimientosPorContrato_20260702.xlsx,NO_TRUCKFLOW_MATCH
CTG_10133285624,AE517QK,2026-07-01T22:45:00,2026-07-02T03:01:00,SOJA,VOLCABLE_PTO_2,TERMINAL_EMBARQUE,INGRESO,MovimientosPorContrato_20260702.xlsx,NO_TRUCKFLOW_MATCH
COMPROB_000200430987,AF029HK,2026-07-02T00:28:00,2026-07-02T03:02:00,FUEL-OIL,TANQUE_AEREO_TK-19K_(PLAYA_DE_TANQUE),AVELLANEDA,INGRESO,MovimientosPorContrato_20260702.xlsx,NO_TRUCKFLOW_MATCH
CTG_10233285485,KBT903,2026-07-01T22:46:00,2026-07-02T03:08:00,SOJA,VOLCABLE_PTO_2,TERMINAL_EMBARQUE,INGRESO,MovimientosPorContrato_20260702.xlsx,NO_TRUCKFLOW_MATCH
CTG_10233275846,HPX728,2026-07-01T22:40:00,2026-07-02T03:09:00,SOJA,VOLCABLE_PTO_5,TERMINAL_EMBARQUE,INGRESO,MovimientosPorContrato_20260702.xlsx,NO_TRUCKFLOW_MATCH
CTG_10233294492,VDC059,2026-07-01T22:42:00,2026-07-02T03:11:00,SOJA,VOLCABLE_PTO_3,TERMINAL_EMBARQUE,INGRESO,MovimientosPorContrato_20260702.xlsx,NO_TRUCKFLOW_MATCH
CTG_10133258099,AC904KH,2026-07-01T15:38:00,2026-07-02T03:12:00,MAIZ,CELDA_171_-_CENTRO,AVELLANEDA,INGRESO,MovimientosPorContrato_20260702.xlsx,NO_TRUCKFLOW_MATCH
CTG_10133298474,MGG557,2026-07-01T22:55:00,2026-07-02T03:13:00,SOJA,VOLCABLE_PTO_2,TERMINAL_EMBARQUE,INGRESO,MovimientosPorContrato_20260702.xlsx,NO_TRUCKFLOW_MATCH
CTG_10133276522,HEU078,2026-07-01T22:47:00,2026-07-02T03:13:00,SOJA,VOLCABLE_PTO_3,TERMINAL_EMBARQUE,INGRESO,MovimientosPorContrato_20260702.xlsx,NO_TRUCKFLOW_MATCH
CTG_10133298809,AH719QG,2026-07-01T22:54:00,2026-07-02T03:14:00,SOJA,VOLCABLE_PTO_5,TERMINAL_EMBARQUE,INGRESO,MovimientosPorContrato_20260702.xlsx,NO_TRUCKFLOW_MATCH
CTG_10133300472,GOJ132,2026-07-02T00:36:00,2026-07-02T03:18:00,GIRASOL,VOLCABLE_1,RICARDONE,INGRESO,MovimientosPorContrato_20260702.xlsx,NO_TRUCKFLOW_MATCH
CTG_10233273890,AE767SJ,2026-07-01T23:01:00,2026-07-02T03:21:00,SOJA,VOLCABLE_PTO_2,TERMINAL_EMBARQUE,INGRESO,MovimientosPorContrato_20260702.xlsx,NO_TRUCKFLOW_MATCH
CTG_10133299299,NPG490,2026-07-01T22:53:00,2026-07-02T03:22:00,SOJA,VOLCABLE_PTO_3,TERMINAL_EMBARQUE,INGRESO,MovimientosPorContrato_20260702.xlsx,NO_TRUCKFLOW_MATCH
CTG_10133276637,AC413VI,2026-07-01T22:57:00,2026-07-02T03:26:00,SOJA,VOLCABLE_PTO_5,TERMINAL_EMBARQUE,INGRESO,MovimientosPorContrato_20260702.xlsx,NO_TRUCKFLOW_MATCH
CTG_10133276774,AF355JL,2026-07-01T23:01:00,2026-07-02T03:27:00,SOJA,VOLCABLE_PTO_2,TERMINAL_EMBARQUE,INGRESO,MovimientosPorContrato_20260702.xlsx,NO_TRUCKFLOW_MATCH
CTG_10133274687,LWE780,2026-07-01T22:52:00,2026-07-02T03:28:00,SOJA,VOLCABLE_PTO_3,TERMINAL_EMBARQUE,INGRESO,MovimientosPorContrato_20260702.xlsx,NO_TRUCKFLOW_MATCH
CTG_10133276274,AC413VC,2026-07-01T22:58:00,2026-07-02T03:30:00,SOJA,VOLCABLE_PTO_5,TERMINAL_EMBARQUE,INGRESO,MovimientosPorContrato_20260702.xlsx,NO_TRUCKFLOW_MATCH
CTG_10233277933,FST043,2026-07-01T22:59:00,2026-07-02T03:34:00,SOJA,VOLCABLE_PTO_3,TERMINAL_EMBARQUE,INGRESO,MovimientosPorContrato_20260702.xlsx,NO_TRUCKFLOW_MATCH
CTG_30033302666,SPI351,2026-07-02T01:43:00,2026-07-02T03:36:00,ACEITE GIRASOL PARA REFINAR,ACEITE_PTO,TERMINAL_EMBARQUE,INGRESO,MovimientosPorContrato_20260702.xlsx,NO_TRUCKFLOW_MATCH
CTG_10133291865,AC059CV,2026-07-01T23:00:00,2026-07-02T03:40:00,SOJA,VOLCABLE_PTO_2,TERMINAL_EMBARQUE,INGRESO,MovimientosPorContrato_20260702.xlsx,NO_TRUCKFLOW_MATCH
CTG_10233267297,AG814EV,2026-07-01T22:56:00,2026-07-02T03:41:00,SOJA,VOLCABLE_PTO_5,TERMINAL_EMBARQUE,INGRESO,MovimientosPorContrato_20260702.xlsx,NO_TRUCKFLOW_MATCH
CTG_10233287843,JRE457,2026-07-01T23:04:00,2026-07-02T03:44:00,SOJA,VOLCABLE_PTO_3,TERMINAL_EMBARQUE,INGRESO,MovimientosPorContrato_20260702.xlsx,NO_TRUCKFLOW_MATCH
CTG_10233291310,SGH537,2026-07-01T15:56:00,2026-07-02T03:48:00,MAIZ,CELDA_171_-_CENTRO,AVELLANEDA,INGRESO,MovimientosPorContrato_20260702.xlsx,NO_TRUCKFLOW_MATCH
CTG_10233267129,AH927OU,2026-07-01T23:03:00,2026-07-02T03:49:00,SOJA,VOLCABLE_PTO_2,TERMINAL_EMBARQUE,INGRESO,MovimientosPorContrato_20260702.xlsx,NO_TRUCKFLOW_MATCH
CTG_10133282035,GZP571,2026-07-01T23:00:00,2026-07-02T03:51:00,SOJA,VOLCABLE_PTO_5,TERMINAL_EMBARQUE,INGRESO,MovimientosPorContrato_20260702.xlsx,NO_TRUCKFLOW_MATCH
CTG_30033302690,AJV928,2026-07-02T01:58:00,2026-07-02T03:51:00,ACEITE GIRASOL PARA REFINAR,ACEITE_PTO,TERMINAL_EMBARQUE,INGRESO,MovimientosPorContrato_20260702.xlsx,NO_TRUCKFLOW_MATCH
CTG_10133278959,AA652XY,2026-07-01T22:56:00,2026-07-02T03:54:00,SOJA,VOLCABLE_PTO_3,TERMINAL_EMBARQUE,INGRESO,MovimientosPorContrato_20260702.xlsx,NO_TRUCKFLOW_MATCH
CTG_10133292229,FMU968,2026-07-02T00:40:00,2026-07-02T03:55:00,GIRASOL,VOLCABLE_1,RICARDONE,INGRESO,MovimientosPorContrato_20260702.xlsx,NO_TRUCKFLOW_MATCH
CTG_10133280048,AC253LA,2026-07-01T23:03:00,2026-07-02T03:57:00,SOJA,VOLCABLE_PTO_2,TERMINAL_EMBARQUE,INGRESO,MovimientosPorContrato_20260702.xlsx,NO_TRUCKFLOW_MATCH
CTG_10133289618,FKR074,2026-07-01T23:06:00,2026-07-02T03:59:00,SOJA,VOLCABLE_PTO_5,TERMINAL_EMBARQUE,INGRESO,MovimientosPorContrato_20260702.xlsx,NO_TRUCKFLOW_MATCH
CTG_10133272202,AE449BK,2026-07-01T23:10:00,2026-07-02T04:01:00,SOJA,VOLCABLE_PTO_3,TERMINAL_EMBARQUE,INGRESO,MovimientosPorContrato_20260702.xlsx,NO_TRUCKFLOW_MATCH
COMPROB_000400419112,KAK194,2026-07-01T14:37:00,2026-07-02T04:03:00,ACEITE SOJA CRUDO DESGOMADO,,TERMINAL_EMBARQUE,EGRESO,MovimientosPorContrato_20260702.xlsx,NO_TRUCKFLOW_MATCH
CTG_10133252574,AB272JR,2026-07-01T23:07:00,2026-07-02T04:05:00,SOJA,VOLCABLE_PTO_2,TERMINAL_EMBARQUE,INGRESO,MovimientosPorContrato_20260702.xlsx,NO_TRUCKFLOW_MATCH
CTG_10133288141,AA528CV,2026-07-01T22:27:00,2026-07-02T04:10:00,SOJA,VOLCABLE_PTO_3,TERMINAL_EMBARQUE,INGRESO,MovimientosPorContrato_20260702.xlsx,NO_TRUCKFLOW_MATCH
CTG_10233287252,NFN233,2026-07-01T23:14:00,2026-07-02T04:10:00,SOJA,VOLCABLE_PTO_2,TERMINAL_EMBARQUE,INGRESO,MovimientosPorContrato_20260702.xlsx,NO_TRUCKFLOW_MATCH
CTG_10133286935,AE024GG,2026-07-01T23:14:00,2026-07-02T04:11:00,SOJA,VOLCABLE_PTO_3,TERMINAL_EMBARQUE,INGRESO,MovimientosPorContrato_20260702.xlsx,NO_TRUCKFLOW_MATCH
CTG_10133274914,NCP349,2026-07-01T23:09:00,2026-07-02T04:14:00,SOJA,VOLCABLE_PTO_5,TERMINAL_EMBARQUE,INGRESO,MovimientosPorContrato_20260702.xlsx,NO_TRUCKFLOW_MATCH
CTG_10233271818,AG033LG,2026-07-01T23:15:00,2026-07-02T04:15:00,SOJA,VOLCABLE_PTO_2,TERMINAL_EMBARQUE,INGRESO,MovimientosPorContrato_20260702.xlsx,NO_TRUCKFLOW_MATCH
CTG_10133274865,AB893BB,2026-07-01T23:15:00,2026-07-02T04:20:00,SOJA,VOLCABLE_PTO_3,TERMINAL_EMBARQUE,INGRESO,MovimientosPorContrato_20260702.xlsx,NO_TRUCKFLOW_MATCH
CTG_10233298684,KGH536,2026-07-01T23:18:00,2026-07-02T04:21:00,SOJA,VOLCABLE_PTO_2,TERMINAL_EMBARQUE,INGRESO,MovimientosPorContrato_20260702.xlsx,NO_TRUCKFLOW_MATCH
CTG_10133266006,MMG174,2026-07-01T20:53:00,2026-07-02T04:23:00,SOJA,VOLCABLE_PTO_5,TERMINAL_EMBARQUE,INGRESO,MovimientosPorContrato_20260702.xlsx,NO_TRUCKFLOW_MATCH
COMPROB_000400419113,AFR797,2026-07-01T14:39:00,2026-07-02T04:24:00,ACEITE SOJA CRUDO DESGOMADO,,TERMINAL_EMBARQUE,EGRESO,MovimientosPorContrato_20260702.xlsx,NO_TRUCKFLOW_MATCH
CTG_10133275017,PEO398,2026-07-01T20:56:00,2026-07-02T04:28:00,SOJA,VOLCABLE_PTO_5,TERMINAL_EMBARQUE,INGRESO,MovimientosPorContrato_20260702.xlsx,NO_TRUCKFLOW_MATCH
CTG_10233276110,DNB720,2026-07-01T23:17:00,2026-07-02T04:29:00,SOJA,VOLCABLE_PTO_2,TERMINAL_EMBARQUE,INGRESO,MovimientosPorContrato_20260702.xlsx,NO_TRUCKFLOW_MATCH
CTG_10233293849,NBZ113,2026-07-01T23:16:00,2026-07-02T04:30:00,SOJA,VOLCABLE_PTO_3,TERMINAL_EMBARQUE,INGRESO,MovimientosPorContrato_20260702.xlsx,NO_TRUCKFLOW_MATCH
CTG_10133294594,NMI615,2026-07-01T23:21:00,2026-07-02T04:32:00,SOJA,VOLCABLE_PTO_2,TERMINAL_EMBARQUE,INGRESO,MovimientosPorContrato_20260702.xlsx,NO_TRUCKFLOW_MATCH
CTG_30033302701,AKJ611,2026-07-02T02:27:00,2026-07-02T04:36:00,ACEITE GIRASOL PARA REFINAR,ACEITE_PTO,TERMINAL_EMBARQUE,INGRESO,MovimientosPorContrato_20260702.xlsx,NO_TRUCKFLOW_MATCH
CTG_10133271387,HCB853,2026-07-01T23:19:00,2026-07-02T04:37:00,SOJA,VOLCABLE_PTO_3,TERMINAL_EMBARQUE,INGRESO,MovimientosPorContrato_20260702.xlsx,NO_TRUCKFLOW_MATCH
CTG_10233287568,CNC180,2026-07-01T22:03:00,2026-07-02T04:39:00,SOJA,VOLCABLE_PTO_5,TERMINAL_EMBARQUE,INGRESO,MovimientosPorContrato_20260702.xlsx,NO_TRUCKFLOW_MATCH
CTG_10233280774,TZH372,2026-07-01T23:21:00,2026-07-02T04:40:00,SOJA,VOLCABLE_PTO_2,TERMINAL_EMBARQUE,INGRESO,MovimientosPorContrato_20260702.xlsx,NO_TRUCKFLOW_MATCH
CTG_10133301068,AB816AM,2026-07-01T22:19:00,2026-07-02T04:44:00,SOJA,VOLCABLE_PTO_5,TERMINAL_EMBARQUE,INGRESO,MovimientosPorContrato_20260702.xlsx,NO_TRUCKFLOW_MATCH
CTG_10133291295,AH827AX,2026-07-01T23:24:00,2026-07-02T04:47:00,SOJA,VOLCABLE_PTO_2,TERMINAL_EMBARQUE,INGRESO,MovimientosPorContrato_20260702.xlsx,NO_TRUCKFLOW_MATCH
CTG_10133298165,ALO542,2026-07-01T22:22:00,2026-07-02T04:47:00,SOJA,VOLCABLE_PTO_5,TERMINAL_EMBARQUE,INGRESO,MovimientosPorContrato_20260702.xlsx,NO_TRUCKFLOW_MATCH
CTG_10233274269,EIT794,2026-07-01T23:22:00,2026-07-02T04:48:00,SOJA,VOLCABLE_PTO_3,TERMINAL_EMBARQUE,INGRESO,MovimientosPorContrato_20260702.xlsx,NO_TRUCKFLOW_MATCH
CTG_10133278632,CEP307,2026-07-01T23:30:00,2026-07-02T04:53:00,SOJA,VOLCABLE_PTO_2,TERMINAL_EMBARQUE,INGRESO,MovimientosPorContrato_20260702.xlsx,NO_TRUCKFLOW_MATCH
CTG_10133253171,MDF610,2026-07-01T13:00:00,2026-07-02T04:56:00,MAIZ,CELDA_171_-_CENTRO,AVELLANEDA,INGRESO,MovimientosPorContrato_20260702.xlsx,NO_TRUCKFLOW_MATCH
CTG_10133286373,AB304NY,2026-07-01T22:30:00,2026-07-02T04:58:00,SOJA,VOLCABLE_PTO_5,TERMINAL_EMBARQUE,INGRESO,MovimientosPorContrato_20260702.xlsx,NO_TRUCKFLOW_MATCH
CTG_10233289504,JQU073,2026-07-01T22:32:00,2026-07-02T04:59:00,SOJA,VOLCABLE_PTO_2,TERMINAL_EMBARQUE,INGRESO,MovimientosPorContrato_20260702.xlsx,NO_TRUCKFLOW_MATCH
CTG_10133279589,ERN622,2026-07-01T22:49:00,2026-07-02T05:05:00,SOJA,VOLCABLE_PTO_5,TERMINAL_EMBARQUE,INGRESO,MovimientosPorContrato_20260702.xlsx,NO_TRUCKFLOW_MATCH
CTG_10133284942,VBK964,2026-07-01T22:33:00,2026-07-02T05:06:00,SOJA,VOLCABLE_PTO_2,TERMINAL_EMBARQUE,INGRESO,MovimientosPorContrato_20260702.xlsx,NO_TRUCKFLOW_MATCH
CTG_10133283865,BKV220,2026-07-01T23:35:00,2026-07-02T05:12:00,SOJA,VOLCABLE_PTO_2,TERMINAL_EMBARQUE,INGRESO,MovimientosPorContrato_20260702.xlsx,NO_TRUCKFLOW_MATCH
CTG_10133288452,AH964CB,2026-07-01T23:26:00,2026-07-02T05:15:00,SOJA,VOLCABLE_PTO_3,TERMINAL_EMBARQUE,INGRESO,MovimientosPorContrato_20260702.xlsx,NO_TRUCKFLOW_MATCH
CTG_10133299030,CKP532,2026-07-01T23:34:00,2026-07-02T05:17:00,SOJA,VOLCABLE_PTO_2,TERMINAL_EMBARQUE,INGRESO,MovimientosPorContrato_20260702.xlsx,NO_TRUCKFLOW_MATCH
CTG_10133270172,AXG664,2026-07-01T15:05:00,2026-07-02T05:20:00,MAIZ,CELDA_171_-_CENTRO,AVELLANEDA,INGRESO,MovimientosPorContrato_20260702.xlsx,NO_TRUCKFLOW_MATCH
COMPROB_000400419114,VZO116,2026-07-01T14:38:00,2026-07-02T05:20:00,ACEITE SOJA CRUDO DESGOMADO,,TERMINAL_EMBARQUE,EGRESO,MovimientosPorContrato_20260702.xlsx,NO_TRUCKFLOW_MATCH
CTG_10133280649,AE084MY,2026-07-01T23:11:00,2026-07-02T05:21:00,SOJA,VOLCABLE_PTO_5,TERMINAL_EMBARQUE,INGRESO,MovimientosPorContrato_20260702.xlsx,NO_TRUCKFLOW_MATCH
CTG_10233274979,DFB688,2026-07-01T23:23:00,2026-07-02T05:25:00,SOJA,VOLCABLE_PTO_2,TERMINAL_EMBARQUE,INGRESO,MovimientosPorContrato_20260702.xlsx,NO_TRUCKFLOW_MATCH
CTG_30033302815,DIV250,2026-07-01T14:35:00,2026-07-02T05:26:00,ACEITE SOJA CRUDO DESGOMADO,,TERMINAL_EMBARQUE,EGRESO,MovimientosPorContrato_20260702.xlsx,NO_TRUCKFLOW_MATCH
CTG_30033302820,FUX575,2026-07-01T14:28:00,2026-07-02T05:28:00,ACEITE SOJA CRUDO DESGOMADO,,TERMINAL_EMBARQUE,EGRESO,MovimientosPorContrato_20260702.xlsx,NO_TRUCKFLOW_MATCH
CTG_10233275946,KSO029,2026-07-01T23:49:00,2026-07-02T05:29:00,SOJA,VOLCABLE_PTO_2,TERMINAL_EMBARQUE,INGRESO,MovimientosPorContrato_20260702.xlsx,NO_TRUCKFLOW_MATCH
CTG_10133289963,PNC470,2026-07-01T23:32:00,2026-07-02T05:31:00,SOJA,VOLCABLE_PTO_3,TERMINAL_EMBARQUE,INGRESO,MovimientosPorContrato_20260702.xlsx,NO_TRUCKFLOW_MATCH
CTG_10233281057,MEG969,2026-07-01T23:31:00,2026-07-02T05:32:00,SOJA,VOLCABLE_PTO_5,TERMINAL_EMBARQUE,INGRESO,MovimientosPorContrato_20260702.xlsx,NO_TRUCKFLOW_MATCH
COMPROB_000400419117,GFL685,2026-07-01T16:58:00,2026-07-02T05:35:00,ACEITE SOJA CRUDO DESGOMADO,,TERMINAL_EMBARQUE,EGRESO,MovimientosPorContrato_20260702.xlsx,NO_TRUCKFLOW_MATCH
CTG_10233297743,AH273RG,2026-07-01T23:48:00,2026-07-02T05:36:00,SOJA,VOLCABLE_PTO_3,TERMINAL_EMBARQUE,INGRESO,MovimientosPorContrato_20260702.xlsx,NO_TRUCKFLOW_MATCH
CTG_10133278715,GEX181,2026-07-01T23:52:00,2026-07-02T05:38:00,SOJA,VOLCABLE_PTO_2,TERMINAL_EMBARQUE,INGRESO,MovimientosPorContrato_20260702.xlsx,NO_TRUCKFLOW_MATCH
CTG_10133281464,AE772DI,2026-07-01T23:38:00,2026-07-02T05:41:00,SOJA,VOLCABLE_PTO_3,TERMINAL_EMBARQUE,INGRESO,MovimientosPorContrato_20260702.xlsx,NO_TRUCKFLOW_MATCH
CTG_10133282248,GOE860,2026-07-01T23:11:00,2026-07-02T05:41:00,SOJA,VOLCABLE_PTO_5,TERMINAL_EMBARQUE,INGRESO,MovimientosPorContrato_20260702.xlsx,NO_TRUCKFLOW_MATCH
CTG_10233279991,HQV005,2026-07-02T00:46:00,2026-07-02T05:42:00,GIRASOL,VOLCABLE_1,RICARDONE,INGRESO,MovimientosPorContrato_20260702.xlsx,NO_TRUCKFLOW_MATCH
CTG_10133287490,GUB832,2026-07-01T23:46:00,2026-07-02T05:42:00,SOJA,VOLCABLE_PTO_2,TERMINAL_EMBARQUE,INGRESO,MovimientosPorContrato_20260702.xlsx,NO_TRUCKFLOW_MATCH
CTG_10233299719,AF220YN,2026-07-01T23:12:00,2026-07-02T05:48:00,SOJA,VOLCABLE_PTO_5,TERMINAL_EMBARQUE,INGRESO,MovimientosPorContrato_20260702.xlsx,NO_TRUCKFLOW_MATCH
CTG_10233287558,CZD826,2026-07-01T23:55:00,2026-07-02T05:51:00,SOJA,VOLCABLE_PTO_3,TERMINAL_EMBARQUE,INGRESO,MovimientosPorContrato_20260702.xlsx,NO_TRUCKFLOW_MATCH
CTG_10133270806,LQY416,2026-07-02T00:08:00,2026-07-02T05:52:00,SOJA,VOLCABLE_PTO_3,TERMINAL_EMBARQUE,INGRESO,MovimientosPorContrato_20260702.xlsx,NO_TRUCKFLOW_MATCH
CTG_10233298486,AE108GC,2026-07-01T22:48:00,2026-07-02T05:53:00,SOJA,VOLCABLE_PTO_2,TERMINAL_EMBARQUE,INGRESO,MovimientosPorContrato_20260702.xlsx,NO_TRUCKFLOW_MATCH
CTG_10233295815,GWQ265,2026-07-01T17:14:00,2026-07-02T05:55:00,MAIZ,CELDA_171_-_CENTRO,AVELLANEDA,INGRESO,MovimientosPorContrato_20260702.xlsx,NO_TRUCKFLOW_MATCH
CTG_10133276054,FQH760,2026-07-01T23:57:00,2026-07-02T05:55:00,SOJA,VOLCABLE_PTO_5,TERMINAL_EMBARQUE,INGRESO,MovimientosPorContrato_20260702.xlsx,NO_TRUCKFLOW_MATCH
CTG_10133261628,JEA658,2026-07-02T00:09:00,2026-07-02T05:58:00,SOJA,VOLCABLE_PTO_2,TERMINAL_EMBARQUE,INGRESO,MovimientosPorContrato_20260702.xlsx,NO_TRUCKFLOW_MATCH
CTG_10133300280,GFY939,2026-07-02T01:07:00,2026-07-02T05:59:00,GIRASOL,VOLCABLE_2,RICARDONE,INGRESO,MovimientosPorContrato_20260702.xlsx,NO_TRUCKFLOW_MATCH
COMPROB_000200430993,JVO222,2026-06-30T23:34:00,2026-07-02T05:59:00,CHIP DE EUCALIPTUS,PLAYA_LEÑA_Y_CHIP,AVELLANEDA,INGRESO,MovimientosPorContrato_20260702.xlsx,NO_TRUCKFLOW_MATCH
CTG_10133285550,NIP109,2026-07-02T00:11:00,2026-07-02T06:01:00,SOJA,VOLCABLE_PTO_3,TERMINAL_EMBARQUE,INGRESO,MovimientosPorContrato_20260702.xlsx,NO_TRUCKFLOW_MATCH
CTG_10233267221,LVV057,2026-07-02T00:12:00,2026-07-02T06:03:00,SOJA,VOLCABLE_PTO_2,TERMINAL_EMBARQUE,INGRESO,MovimientosPorContrato_20260702.xlsx,NO_TRUCKFLOW_MATCH
CTG_10133294982,AI169NG,2026-07-01T22:18:00,2026-07-02T06:04:00,SOJA,VOLCABLE_PTO_5,TERMINAL_EMBARQUE,INGRESO,MovimientosPorContrato_20260702.xlsx,NO_TRUCKFLOW_MATCH
CTG_10133286655,EME541,2026-07-02T00:15:00,2026-07-02T06:08:00,SOJA,VOLCABLE_PTO_3,TERMINAL_EMBARQUE,INGRESO,MovimientosPorContrato_20260702.xlsx,NO_TRUCKFLOW_MATCH
CTG_10233294094,UWG720,2026-07-02T00:44:00,2026-07-02T06:09:00,SOJA,VOLCABLE_PTO_2,TERMINAL_EMBARQUE,INGRESO,MovimientosPorContrato_20260702.xlsx,NO_TRUCKFLOW_MATCH
CTG_10233299363,AF238RH,2026-07-02T00:29:00,2026-07-02T06:13:00,SOJA,VOLCABLE_PTO_2,TERMINAL_EMBARQUE,INGRESO,MovimientosPorContrato_20260702.xlsx,NO_TRUCKFLOW_MATCH
CTG_10133289470,EYB809,2026-07-02T00:06:00,2026-07-02T06:14:00,SOJA,VOLCABLE_PTO_5,TERMINAL_EMBARQUE,INGRESO,MovimientosPorContrato_20260702.xlsx,NO_TRUCKFLOW_MATCH
CTG_10133276421,AC454HD,2026-07-02T00:31:00,2026-07-02T06:20:00,SOJA,VOLCABLE_PTO_3,TERMINAL_EMBARQUE,INGRESO,MovimientosPorContrato_20260702.xlsx,NO_TRUCKFLOW_MATCH
CTG_10133288991,JPB436,2026-07-02T00:37:00,2026-07-02T06:21:00,SOJA,VOLCABLE_PTO_3,TERMINAL_EMBARQUE,INGRESO,MovimientosPorContrato_20260702.xlsx,NO_TRUCKFLOW_MATCH
CTG_10233297069,AE830TD,2026-07-02T00:32:00,2026-07-02T06:24:00,SOJA,VOLCABLE_PTO_2,TERMINAL_EMBARQUE,INGRESO,MovimientosPorContrato_20260702.xlsx,NO_TRUCKFLOW_MATCH
CTG_10233297921,LER332,2026-07-02T00:39:00,2026-07-02T06:25:00,SOJA,VOLCABLE_PTO_2,TERMINAL_EMBARQUE,INGRESO,MovimientosPorContrato_20260702.xlsx,NO_TRUCKFLOW_MATCH
CTG_10233293693,GSN092,2026-07-02T00:39:00,2026-07-02T06:27:00,SOJA,VOLCABLE_PTO_3,TERMINAL_EMBARQUE,INGRESO,MovimientosPorContrato_20260702.xlsx,NO_TRUCKFLOW_MATCH
CTG_10233297965,RUY489,2026-07-02T00:38:00,2026-07-02T06:31:00,SOJA,VOLCABLE_PTO_2,TERMINAL_EMBARQUE,INGRESO,MovimientosPorContrato_20260702.xlsx,NO_TRUCKFLOW_MATCH
CTG_10233291496,VNP426,2026-07-01T15:59:00,2026-07-02T06:32:00,MAIZ,CELDA_171_-_CENTRO,AVELLANEDA,INGRESO,MovimientosPorContrato_20260702.xlsx,NO_TRUCKFLOW_MATCH
CTG_10133295459,AB592EH,2026-07-02T00:48:00,2026-07-02T06:43:00,SOJA,VOLCABLE_PTO_2,TERMINAL_EMBARQUE,INGRESO,MovimientosPorContrato_20260702.xlsx,NO_TRUCKFLOW_MATCH
COMPROB_000400419118,JEQ388,2026-07-02T06:41:00,2026-07-02T07:03:00,PRODUCTOS VARIOS,,TERMINAL_EMBARQUE,EGRESO,MovimientosPorContrato_20260702.xlsx,NO_TRUCKFLOW_MATCH
CTG_10133270117,ENN398,2026-07-01T17:50:00,2026-07-02T07:03:00,MAIZ,CELDA_171_-_CENTRO,AVELLANEDA,INGRESO,MovimientosPorContrato_20260702.xlsx,NO_TRUCKFLOW_MATCH
COMPROB_000400419121,JIA232,2026-07-01T16:23:00,2026-07-02T07:10:00,TIERRA DESC FILTROS,,TERMINAL_EMBARQUE,EGRESO,MovimientosPorContrato_20260702.xlsx,NO_TRUCKFLOW_MATCH
CTG_10133279630,AH107TB,2026-07-02T00:47:00,2026-07-02T07:23:00,GIRASOL,VOLCABLE_1,RICARDONE,INGRESO,MovimientosPorContrato_20260702.xlsx,NO_TRUCKFLOW_MATCH
COMPROB_000301065213,NLR442,2026-07-01T13:57:00,2026-07-02T07:24:00,PRODUCTOS VARIOS,VARIOS,RICARDONE,EGRESO,MovimientosPorContrato_20260702.xlsx,NO_TRUCKFLOW_MATCH
CTG_10233272295,AA958HK,2026-07-01T18:41:00,2026-07-02T07:25:00,MAIZ,CELDA_171_-_CENTRO,AVELLANEDA,INGRESO,MovimientosPorContrato_20260702.xlsx,NO_TRUCKFLOW_MATCH
CTG_10133299861,TRK280,2026-07-02T01:14:00,2026-07-02T07:25:00,GIRASOL,VOLCABLE_2,RICARDONE,INGRESO,MovimientosPorContrato_20260702.xlsx,NO_TRUCKFLOW_MATCH
COMPROB_000301065214,AYM824,2026-07-01T14:04:00,2026-07-02T07:27:00,PRODUCTOS VARIOS,VARIOS,RICARDONE,EGRESO,MovimientosPorContrato_20260702.xlsx,NO_TRUCKFLOW_MATCH
COMPROB_000301065215,LFT141,2026-07-01T21:06:00,2026-07-02T07:28:00,PRODUCTOS VARIOS,VARIOS,RICARDONE,EGRESO,MovimientosPorContrato_20260702.xlsx,NO_TRUCKFLOW_MATCH
CTG_10133299732,TRK284,2026-07-02T01:13:00,2026-07-02T07:29:00,GIRASOL,VOLCABLE_2,RICARDONE,INGRESO,MovimientosPorContrato_20260702.xlsx,NO_TRUCKFLOW_MATCH
CTG_10133284653,FJF767,2026-07-02T00:56:00,2026-07-02T07:32:00,SOJA,VOLCABLE_PTO_2,TERMINAL_EMBARQUE,INGRESO,MovimientosPorContrato_20260702.xlsx,NO_TRUCKFLOW_MATCH
CTG_10133299232,IZS268,2026-07-02T01:22:00,2026-07-02T07:33:00,SOJA,VOLCABLE_PTO_3,TERMINAL_EMBARQUE,INGRESO,MovimientosPorContrato_20260702.xlsx,NO_TRUCKFLOW_MATCH
COMPROB_000301065216,BWV144,2026-07-01T19:03:00,2026-07-02T07:36:00,PRODUCTOS VARIOS,VARIOS,RICARDONE,EGRESO,MovimientosPorContrato_20260702.xlsx,NO_TRUCKFLOW_MATCH
CTG_10133261380,FTK532,2026-07-02T00:10:00,2026-07-02T07:37:00,SOJA,VOLCABLE_PTO_2,TERMINAL_EMBARQUE,INGRESO,MovimientosPorContrato_20260702.xlsx,NO_TRUCKFLOW_MATCH
CTG_10133275216,KLH144,2026-07-02T00:30:00,2026-07-02T07:40:00,SOJA,VOLCABLE_PTO_3,TERMINAL_EMBARQUE,INGRESO,MovimientosPorContrato_20260702.xlsx,NO_TRUCKFLOW_MATCH
CTG_10133280989,UIS462,2026-07-02T00:28:00,2026-07-02T07:42:00,SOJA,VOLCABLE_PTO_5,TERMINAL_EMBARQUE,INGRESO,MovimientosPorContrato_20260702.xlsx,NO_TRUCKFLOW_MATCH
COMPROB_000400419122,AG048CL,2026-07-02T07:40:00,2026-07-02T07:45:00,PRODUCTOS VARIOS,,TERMINAL_EMBARQUE,EGRESO,MovimientosPorContrato_20260702.xlsx,NO_TRUCKFLOW_MATCH
CTG_10133278628,AB170UF,2026-07-02T00:33:00,2026-07-02T07:47:00,SOJA,VOLCABLE_PTO_5,TERMINAL_EMBARQUE,INGRESO,MovimientosPorContrato_20260702.xlsx,NO_TRUCKFLOW_MATCH
CTG_10233286178,DFY308,2026-07-01T22:15:00,2026-07-02T07:48:00,SOJA,CELDA_16,RICARDONE,INGRESO,MovimientosPorContrato_20260702.xlsx,NO_TRUCKFLOW_MATCH
CTG_10133282436,AA695AC,2026-07-02T00:57:00,2026-07-02T07:49:00,SOJA,VOLCABLE_PTO_3,TERMINAL_EMBARQUE,INGRESO,MovimientosPorContrato_20260702.xlsx,NO_TRUCKFLOW_MATCH
CTG_10133247914,THD877,2026-07-02T01:21:00,2026-07-02T07:50:00,GIRASOL,VOLCABLE_2,RICARDONE,INGRESO,MovimientosPorContrato_20260702.xlsx,NO_TRUCKFLOW_MATCH
CTG_10133276834,TBK994,2026-07-02T00:41:00,2026-07-02T07:50:00,SOJA,VOLCABLE_PTO_2,TERMINAL_EMBARQUE,INGRESO,MovimientosPorContrato_20260702.xlsx,NO_TRUCKFLOW_MATCH
CTG_10133276405,MMU940,2026-07-02T00:43:00,2026-07-02T07:52:00,SOJA,VOLCABLE_PTO_5,TERMINAL_EMBARQUE,INGRESO,MovimientosPorContrato_20260702.xlsx,NO_TRUCKFLOW_MATCH
COMPROB_000200430997,AG215WL,2026-07-02T07:35:00,2026-07-02T07:55:00,GAS OIL,SIN_ESPECIFICAR,AVELLANEDA,INGRESO,MovimientosPorContrato_20260702.xlsx,NO_TRUCKFLOW_MATCH
COMPROB_000200319702,AF413NR,2026-07-02T07:29:00,2026-07-02T07:56:00,BURLANDA HUMEDA,DEPOSITO_BURLANDAS,AVELLANEDA,EGRESO,MovimientosPorContrato_20260702.xlsx,NO_TRUCKFLOW_MATCH
CTG_10133286329,AE454MO,2026-07-02T01:15:00,2026-07-02T08:02:00,SOJA,VOLCABLE_PTO_5,TERMINAL_EMBARQUE,INGRESO,MovimientosPorContrato_20260702.xlsx,NO_TRUCKFLOW_MATCH
CTG_10133279542,PKT966,2026-07-02T01:25:00,2026-07-02T08:03:00,SOJA,VOLCABLE_PTO_2,TERMINAL_EMBARQUE,INGRESO,MovimientosPorContrato_20260702.xlsx,NO_TRUCKFLOW_MATCH
CTG_10133300953,AF120GX,2026-07-02T01:26:00,2026-07-02T08:04:00,SOJA,VOLCABLE_PTO_3,TERMINAL_EMBARQUE,INGRESO,MovimientosPorContrato_20260702.xlsx,NO_TRUCKFLOW_MATCH
CTG_10133280208,AA191SO,2026-07-01T22:20:00,2026-07-02T08:09:00,SOJA,VOLCABLE_PTO_3,TERMINAL_EMBARQUE,INGRESO,MovimientosPorContrato_20260702.xlsx,NO_TRUCKFLOW_MATCH
CTG_10133281823,GJH052,2026-07-01T22:21:00,2026-07-02T08:10:00,SOJA,VOLCABLE_PTO_2,TERMINAL_EMBARQUE,INGRESO,MovimientosPorContrato_20260702.xlsx,NO_TRUCKFLOW_MATCH
CTG_10233294514,BQD387,2026-07-01T22:23:00,2026-07-02T08:11:00,SOJA,CELDA_16,RICARDONE,INGRESO,MovimientosPorContrato_20260702.xlsx,NO_TRUCKFLOW_MATCH
CTG_10233272536,ROP064,2026-07-01T18:11:00,2026-07-02T08:12:00,MAIZ,CELDA_171_-_CENTRO,AVELLANEDA,INGRESO,MovimientosPorContrato_20260702.xlsx,NO_TRUCKFLOW_MATCH
CTG_10233295845,PFB100,2026-07-01T22:25:00,2026-07-02T08:12:00,SOJA,CELDA_16,RICARDONE,INGRESO,MovimientosPorContrato_20260702.xlsx,NO_TRUCKFLOW_MATCH
CTG_10133276670,AE075IE,2026-07-02T01:34:00,2026-07-02T08:13:00,SOJA,VOLCABLE_PTO_2,TERMINAL_EMBARQUE,INGRESO,MovimientosPorContrato_20260702.xlsx,NO_TRUCKFLOW_MATCH
CTG_10133295813,JXL952,2026-07-02T02:32:00,2026-07-02T08:13:00,GIRASOL,VOLCABLE_1,RICARDONE,INGRESO,MovimientosPorContrato_20260702.xlsx,NO_TRUCKFLOW_MATCH
CTG_10133276253,FEJ814,2026-07-02T01:36:00,2026-07-02T08:16:00,SOJA,VOLCABLE_PTO_3,TERMINAL_EMBARQUE,INGRESO,MovimientosPorContrato_20260702.xlsx,NO_TRUCKFLOW_MATCH
CTG_10233289231,MGC353,2026-07-01T22:26:00,2026-07-02T08:16:00,SOJA,CELDA_16,RICARDONE,INGRESO,MovimientosPorContrato_20260702.xlsx,NO_TRUCKFLOW_MATCH
CTG_10233290580,SUY990,2026-07-01T22:33:00,2026-07-02T08:18:00,SOJA,CELDA_16,RICARDONE,INGRESO,MovimientosPorContrato_20260702.xlsx,NO_TRUCKFLOW_MATCH
CTG_10133280362,AA687SA,2026-07-01T22:43:00,2026-07-02T08:27:00,SOJA,CELDA_16,RICARDONE,INGRESO,MovimientosPorContrato_20260702.xlsx,NO_TRUCKFLOW_MATCH
CTG_10133286375,JOB253,2026-07-01T22:39:00,2026-07-02T08:28:00,SOJA,CELDA_16,RICARDONE,INGRESO,MovimientosPorContrato_20260702.xlsx,NO_TRUCKFLOW_MATCH
CTG_10233296941,VKN621,2026-07-02T01:37:00,2026-07-02T08:29:00,SOJA,VOLCABLE_PTO_3,TERMINAL_EMBARQUE,INGRESO,MovimientosPorContrato_20260702.xlsx,NO_TRUCKFLOW_MATCH
CTG_10133297455,AA800LA,2026-07-02T00:35:00,2026-07-02T08:30:00,SOJA,VOLCABLE_PTO_2,TERMINAL_EMBARQUE,INGRESO,MovimientosPorContrato_20260702.xlsx,NO_TRUCKFLOW_MATCH
CTG_10133279992,HKR778,2026-07-02T01:47:00,2026-07-02T08:32:00,SOJA,VOLCABLE_PTO_2,TERMINAL_EMBARQUE,INGRESO,MovimientosPorContrato_20260702.xlsx,NO_TRUCKFLOW_MATCH
CTG_10133275631,SBR876,2026-07-02T02:33:00,2026-07-02T08:33:00,GIRASOL,VOLCABLE_2,RICARDONE,INGRESO,MovimientosPorContrato_20260702.xlsx,NO_TRUCKFLOW_MATCH
CTG_10233294226,AE915XB,2026-07-01T22:45:00,2026-07-02T08:34:00,SOJA,CELDA_16,RICARDONE,INGRESO,MovimientosPorContrato_20260702.xlsx,NO_TRUCKFLOW_MATCH
CTG_10233298329,AC202SY,2026-07-01T22:49:00,2026-07-02T08:36:00,SOJA,CELDA_16,RICARDONE,INGRESO,MovimientosPorContrato_20260702.xlsx,NO_TRUCKFLOW_MATCH
CTG_10133280012,AF183IL,2026-07-02T01:35:00,2026-07-02T08:36:00,SOJA,VOLCABLE_PTO_3,TERMINAL_EMBARQUE,INGRESO,MovimientosPorContrato_20260702.xlsx,NO_TRUCKFLOW_MATCH
CTG_10233119236,AE234DS,2026-07-02T02:14:00,2026-07-02T08:39:00,SOJA,VOLCABLE_PTO_3,TERMINAL_EMBARQUE,INGRESO,MovimientosPorContrato_20260702.xlsx,NO_TRUCKFLOW_MATCH
CTG_10133284116,AB229PV,2026-07-01T22:50:00,2026-07-02T08:40:00,SOJA,CELDA_16,RICARDONE,INGRESO,MovimientosPorContrato_20260702.xlsx,NO_TRUCKFLOW_MATCH
CTG_10133291766,AA527OU,2026-07-02T01:57:00,2026-07-02T08:44:00,SOJA,VOLCABLE_PTO_2,TERMINAL_EMBARQUE,INGRESO,MovimientosPorContrato_20260702.xlsx,NO_TRUCKFLOW_MATCH
CTG_10133265638,KAP162,2026-07-01T22:51:00,2026-07-02T08:46:00,SOJA,CELDA_16,RICARDONE,INGRESO,MovimientosPorContrato_20260702.xlsx,NO_TRUCKFLOW_MATCH
COMPROB_000200430999,RND344,2026-07-01T04:48:00,2026-07-02T08:46:00,LEÑA CORTA SELECC,PLAYA_LEÑA_Y_CHIP,AVELLANEDA,INGRESO,MovimientosPorContrato_20260702.xlsx,NO_TRUCKFLOW_MATCH
CTG_10233296823,AE718SB,2026-07-02T02:32:00,2026-07-02T08:48:00,GIRASOL,VOLCABLE_1,RICARDONE,INGRESO,MovimientosPorContrato_20260702.xlsx,NO_TRUCKFLOW_MATCH
CTG_10233279573,BHP766,2026-07-01T22:54:00,2026-07-02T08:55:00,SOJA,CELDA_16,RICARDONE,INGRESO,MovimientosPorContrato_20260702.xlsx,NO_TRUCKFLOW_MATCH
COMPROB_000200319703,MUS547,2026-07-02T08:18:00,2026-07-02T08:58:00,DDG BURLANDA SECA DE MAIZ SIN SOLUBLES,DEPOSITO_BURLANDAS,AVELLANEDA,EGRESO,MovimientosPorContrato_20260702.xlsx,NO_TRUCKFLOW_MATCH
CTG_10133300426,JXE484,2026-07-02T03:07:00,2026-07-02T08:58:00,GIRASOL,VOLCABLE_2,RICARDONE,INGRESO,MovimientosPorContrato_20260702.xlsx,NO_TRUCKFLOW_MATCH
COMPROB_000404034850,MIV916,2026-07-02T07:44:00,2026-07-02T08:58:00,PRODUCTOS VARIOS,,TERMINAL_EMBARQUE,INGRESO,MovimientosPorContrato_20260702.xlsx,NO_TRUCKFLOW_MATCH
CTG_10233300215,AF620HO,2026-07-02T01:08:00,2026-07-02T08:59:00,SOJA,VOLCABLE_PTO_5,TERMINAL_EMBARQUE,INGRESO,MovimientosPorContrato_20260702.xlsx,NO_TRUCKFLOW_MATCH
CTG_10233277153,AB226IK,2026-07-01T18:48:00,2026-07-02T09:00:00,MAIZ,CELDA_171_-_CENTRO,AVELLANEDA,INGRESO,MovimientosPorContrato_20260702.xlsx,NO_TRUCKFLOW_MATCH
CTG_10133281584,FBD452,2026-07-01T23:58:00,2026-07-02T09:00:00,SOJA,CELDA_16,RICARDONE,INGRESO,MovimientosPorContrato_20260702.xlsx,NO_TRUCKFLOW_MATCH
CTG_10133283450,AG996YJ,2026-07-02T02:12:00,2026-07-02T09:01:00,SOJA,VOLCABLE_PTO_2,TERMINAL_EMBARQUE,INGRESO,MovimientosPorContrato_20260702.xlsx,NO_TRUCKFLOW_MATCH
CTG_10233286704,AA363YE,2026-07-02T00:08:00,2026-07-02T09:01:00,SOJA,CELDA_16,RICARDONE,INGRESO,MovimientosPorContrato_20260702.xlsx,NO_TRUCKFLOW_MATCH
CTG_10133283613,AI255YZ,2026-07-02T02:13:00,2026-07-02T09:04:00,SOJA,VOLCABLE_PTO_3,TERMINAL_EMBARQUE,INGRESO,MovimientosPorContrato_20260702.xlsx,NO_TRUCKFLOW_MATCH
CTG_10133289955,AH864EU,2026-07-02T00:13:00,2026-07-02T09:05:00,SOJA,CELDA_16,RICARDONE,INGRESO,MovimientosPorContrato_20260702.xlsx,NO_TRUCKFLOW_MATCH
CTG_10133283812,AI071FD,2026-07-02T02:13:00,2026-07-02T09:07:00,SOJA,VOLCABLE_PTO_2,TERMINAL_EMBARQUE,INGRESO,MovimientosPorContrato_20260702.xlsx,NO_TRUCKFLOW_MATCH
COMPROB_000200319704,MUV967,2026-07-02T08:44:00,2026-07-02T09:09:00,BURLANDA HUMEDA,DEPOSITO_BURLANDAS,AVELLANEDA,EGRESO,MovimientosPorContrato_20260702.xlsx,NO_TRUCKFLOW_MATCH
COMPROB_000200319705,XXXXX,2026-07-02T09:10:00,2026-07-02T09:10:00,THIN STILLAGE DE MAIZ,,AVELLANEDA,EGRESO,MovimientosPorContrato_20260702.xlsx,NO_TRUCKFLOW_MATCH
COMPROB_000400419123,BTS626,2026-07-02T06:53:00,2026-07-02T09:11:00,AGUA POTABLE,ACEITE_OSL,TERMINAL_EMBARQUE,EGRESO,MovimientosPorContrato_20260702.xlsx,NO_TRUCKFLOW_MATCH
CTG_10133278739,AE110WH,2026-07-02T01:11:00,2026-07-02T09:11:00,SOJA,VOLCABLE_PTO_5,TERMINAL_EMBARQUE,INGRESO,MovimientosPorContrato_20260702.xlsx,NO_TRUCKFLOW_MATCH
CTG_10133300232,IPM074,2026-07-02T04:03:00,2026-07-02T09:12:00,GIRASOL,VOLCABLE_2,RICARDONE,INGRESO,MovimientosPorContrato_20260702.xlsx,NO_TRUCKFLOW_MATCH
CTG_10233284005,HCJ598,2026-07-01T23:26:00,2026-07-02T09:13:00,SOJA,CELDA_16,RICARDONE,INGRESO,MovimientosPorContrato_20260702.xlsx,NO_TRUCKFLOW_MATCH
CTG_10133290856,AC065FR,2026-07-02T03:05:00,2026-07-02T09:15:00,SOJA,VOLCABLE_PTO_3,TERMINAL_EMBARQUE,INGRESO,MovimientosPorContrato_20260702.xlsx,NO_TRUCKFLOW_MATCH
CTG_10233299655,ULB899,2026-07-02T01:09:00,2026-07-02T09:18:00,SOJA,CELDA_16,RICARDONE,INGRESO,MovimientosPorContrato_20260702.xlsx,NO_TRUCKFLOW_MATCH
CTG_10133292817,VOX332,2026-07-02T02:24:00,2026-07-02T09:18:00,SOJA,VOLCABLE_PTO_2,TERMINAL_EMBARQUE,INGRESO,MovimientosPorContrato_20260702.xlsx,NO_TRUCKFLOW_MATCH
CTG_10133291204,GNY072,2026-07-02T03:06:00,2026-07-02T09:21:00,SOJA,VOLCABLE_PTO_2,TERMINAL_EMBARQUE,INGRESO,MovimientosPorContrato_20260702.xlsx,NO_TRUCKFLOW_MATCH
CTG_10133292541,AG928MV,2026-07-02T00:42:00,2026-07-02T09:22:00,SOJA,VOLCABLE_PTO_5,TERMINAL_EMBARQUE,INGRESO,MovimientosPorContrato_20260702.xlsx,NO_TRUCKFLOW_MATCH
CTG_10133284350,OUF975,2026-07-02T02:15:00,2026-07-02T09:24:00,SOJA,VOLCABLE_PTO_3,TERMINAL_EMBARQUE,INGRESO,MovimientosPorContrato_20260702.xlsx,NO_TRUCKFLOW_MATCH
CTG_10233289369,SBJ137,2026-07-01T23:29:00,2026-07-02T09:25:00,SOJA,CELDA_16,RICARDONE,INGRESO,MovimientosPorContrato_20260702.xlsx,NO_TRUCKFLOW_MATCH
CTG_10133299780,MPR764,2026-07-02T03:41:00,2026-07-02T09:28:00,SOJA,VOLCABLE_PTO_3,TERMINAL_EMBARQUE,INGRESO,MovimientosPorContrato_20260702.xlsx,NO_TRUCKFLOW_MATCH
CTG_10133298450,SZB362,2026-07-02T03:24:00,2026-07-02T09:30:00,SOJA,VOLCABLE_PTO_2,TERMINAL_EMBARQUE,INGRESO,MovimientosPorContrato_20260702.xlsx,NO_TRUCKFLOW_MATCH
COMPROB_000400419124,FDX990,2026-07-01T20:59:00,2026-07-02T09:31:00,ACEITE GIRASOL REFINADO,ACEITE_OSL,TERMINAL_EMBARQUE,EGRESO,MovimientosPorContrato_20260702.xlsx,NO_TRUCKFLOW_MATCH
CTG_10133300507,MMO233,2026-07-02T03:08:00,2026-07-02T09:31:00,GIRASOL,VOLCABLE_1,RICARDONE,INGRESO,MovimientosPorContrato_20260702.xlsx,NO_TRUCKFLOW_MATCH
CTG_10133299104,MNG654,2026-07-01T23:05:00,2026-07-02T09:33:00,SOJA,CELDA_16,RICARDONE,INGRESO,MovimientosPorContrato_20260702.xlsx,NO_TRUCKFLOW_MATCH
COMPROB_000301065217,UAJ766,2026-07-02T09:12:00,2026-07-02T09:34:00,PRODUCTOS VARIOS,VARIOS,RICARDONE,EGRESO,MovimientosPorContrato_20260702.xlsx,NO_TRUCKFLOW_MATCH
CTG_10133278647,RXX253,2026-07-01T23:20:00,2026-07-02T09:35:00,SOJA,CELDA_16,RICARDONE,INGRESO,MovimientosPorContrato_20260702.xlsx,NO_TRUCKFLOW_MATCH
CTG_10233273009,NZE366,2026-07-01T19:02:00,2026-07-02T09:35:00,MAIZ,CELDA_171_-_CENTRO,AVELLANEDA,INGRESO,MovimientosPorContrato_20260702.xlsx,NO_TRUCKFLOW_MATCH
COMPROB_000301457651,SWQ863,2026-07-01T23:39:00,2026-07-02T09:38:00,PRODUCTOS VARIOS,CARGA_SILO_11,RICARDONE,INGRESO,MovimientosPorContrato_20260702.xlsx,NO_TRUCKFLOW_MATCH
CTG_10133274805,GCZ018,2026-07-02T02:02:00,2026-07-02T09:39:00,SOJA,VOLCABLE_PTO_3,TERMINAL_EMBARQUE,INGRESO,MovimientosPorContrato_20260702.xlsx,NO_TRUCKFLOW_MATCH
CTG_10233291199,AH443GC,2026-07-01T23:35:00,2026-07-02T09:39:00,SOJA,CELDA_16,RICARDONE,INGRESO,MovimientosPorContrato_20260702.xlsx,NO_TRUCKFLOW_MATCH
CTG_10133274808,GXG810,2026-07-02T03:47:00,2026-07-02T09:43:00,SOJA,VOLCABLE_PTO_2,TERMINAL_EMBARQUE,INGRESO,MovimientosPorContrato_20260702.xlsx,NO_TRUCKFLOW_MATCH
CTG_10233294782,AH592SR,2026-07-02T04:08:00,2026-07-02T09:44:00,GIRASOL,VOLCABLE_2,RICARDONE,INGRESO,MovimientosPorContrato_20260702.xlsx,NO_TRUCKFLOW_MATCH
CTG_10133278857,FBI850,2026-07-02T03:31:00,2026-07-02T09:46:00,SOJA,VOLCABLE_PTO_2,TERMINAL_EMBARQUE,INGRESO,MovimientosPorContrato_20260702.xlsx,NO_TRUCKFLOW_MATCH
CTG_10233286067,HIN732,2026-07-02T04:04:00,2026-07-02T09:51:00,SOJA,VOLCABLE_PTO_3,TERMINAL_EMBARQUE,INGRESO,MovimientosPorContrato_20260702.xlsx,NO_TRUCKFLOW_MATCH
CTG_30033307189,AB107AB,2026-07-01T19:31:00,2026-07-02T09:53:00,ACEITE SOJA CRUDO DESGOMADO,,TERMINAL_EMBARQUE,EGRESO,MovimientosPorContrato_20260702.xlsx,NO_TRUCKFLOW_MATCH
COMPROB_000400419126,BXR841,2026-07-02T05:07:00,2026-07-02T09:55:00,ACEITE GIRASOL REFINADO,ACEITE_OSL,TERMINAL_EMBARQUE,EGRESO,MovimientosPorContrato_20260702.xlsx,NO_TRUCKFLOW_MATCH
CTG_10133292634,AVH266,2026-07-02T04:22:00,2026-07-02T09:57:00,SOJA,VOLCABLE_PTO_2,TERMINAL_EMBARQUE,INGRESO,MovimientosPorContrato_20260702.xlsx,NO_TRUCKFLOW_MATCH
CTG_10233287812,AUE213,2026-07-02T04:28:00,2026-07-02T09:57:00,SOJA,VOLCABLE_PTO_3,TERMINAL_EMBARQUE,INGRESO,MovimientosPorContrato_20260702.xlsx,NO_TRUCKFLOW_MATCH
CTG_10133288436,AB040HP,2026-07-01T23:36:00,2026-07-02T09:58:00,SOJA,CELDA_16,RICARDONE,INGRESO,MovimientosPorContrato_20260702.xlsx,NO_TRUCKFLOW_MATCH
CTG_10133275345,JVO080,2026-07-02T04:29:00,2026-07-02T09:59:00,SOJA,VOLCABLE_PTO_2,TERMINAL_EMBARQUE,INGRESO,MovimientosPorContrato_20260702.xlsx,NO_TRUCKFLOW_MATCH
CTG_10133288135,HNX554,2026-07-01T23:38:00,2026-07-02T10:00:00,SOJA,CELDA_16,RICARDONE,INGRESO,MovimientosPorContrato_20260702.xlsx,NO_TRUCKFLOW_MATCH
CTG_10133297394,AI112IM,2026-07-01T23:57:00,2026-07-02T10:01:00,MAIZ,CELDA_171_-_CENTRO,AVELLANEDA,INGRESO,MovimientosPorContrato_20260702.xlsx,NO_TRUCKFLOW_MATCH
CTG_10133300336,AB480ZF,2026-07-02T06:13:00,2026-07-02T10:02:00,GIRASOL,VOLCABLE_2,RICARDONE,INGRESO,MovimientosPorContrato_20260702.xlsx,NO_TRUCKFLOW_MATCH
CTG_10133294315,TYN424,2026-07-02T04:41:00,2026-07-02T10:03:00,SOJA,VOLCABLE_PTO_3,TERMINAL_EMBARQUE,INGRESO,MovimientosPorContrato_20260702.xlsx,NO_TRUCKFLOW_MATCH
COMPROB_000200319706,AC108UI,2026-07-02T08:34:00,2026-07-02T10:04:00,DDG BURLANDA SECA DE MAIZ SIN SOLUBLES,DEPOSITO_BURLANDAS,AVELLANEDA,EGRESO,MovimientosPorContrato_20260702.xlsx,NO_TRUCKFLOW_MATCH
CTG_30033307789,JEQ388,2026-07-02T07:14:00,2026-07-02T10:07:00,ACEITE SOJA CRUDO DESGOMADO,,TERMINAL_EMBARQUE,EGRESO,MovimientosPorContrato_20260702.xlsx,NO_TRUCKFLOW_MATCH
CTG_10133285615,HHD549,2026-07-02T05:25:00,2026-07-02T10:08:00,SOJA,VOLCABLE_PTO_3,TERMINAL_EMBARQUE,INGRESO,MovimientosPorContrato_20260702.xlsx,NO_TRUCKFLOW_MATCH
CTG_10133294786,AE600DX,2026-07-02T06:12:00,2026-07-02T10:13:00,SOJA,VOLCABLE_PTO_3,TERMINAL_EMBARQUE,INGRESO,MovimientosPorContrato_20260702.xlsx,NO_TRUCKFLOW_MATCH
CTG_10133299044,PGI949,2026-07-02T06:15:00,2026-07-02T10:20:00,SOJA,VOLCABLE_PTO_3,TERMINAL_EMBARQUE,INGRESO,MovimientosPorContrato_20260702.xlsx,NO_TRUCKFLOW_MATCH
CTG_10133300817,AF156OE,2026-07-02T05:38:00,2026-07-02T10:20:00,SOJA,VOLCABLE_PTO_2,TERMINAL_EMBARQUE,INGRESO,MovimientosPorContrato_20260702.xlsx,NO_TRUCKFLOW_MATCH
COMPROB_000200319707,AF413NR,2026-07-02T10:00:00,2026-07-02T10:22:00,BURLANDA HUMEDA,DEPOSITO_BURLANDAS,AVELLANEDA,EGRESO,MovimientosPorContrato_20260702.xlsx,NO_TRUCKFLOW_MATCH
COMPROB_000400419128,AA703FC,2026-07-02T09:53:00,2026-07-02T10:27:00,TIERRA DESC FILTROS,,TERMINAL_EMBARQUE,EGRESO,MovimientosPorContrato_20260702.xlsx,NO_TRUCKFLOW_MATCH
CTG_10133282516,WTL142,2026-07-02T05:33:00,2026-07-02T10:28:00,SOJA,VOLCABLE_PTO_3,TERMINAL_EMBARQUE,INGRESO,MovimientosPorContrato_20260702.xlsx,NO_TRUCKFLOW_MATCH
CTG_10133270818,FMC811,2026-07-02T06:17:00,2026-07-02T10:32:00,SOJA,VOLCABLE_PTO_2,TERMINAL_EMBARQUE,INGRESO,MovimientosPorContrato_20260702.xlsx,NO_TRUCKFLOW_MATCH
CTG_10133275242,AA392TA,2026-07-02T06:20:00,2026-07-02T10:33:00,SOJA,VOLCABLE_PTO_2,TERMINAL_EMBARQUE,INGRESO,MovimientosPorContrato_20260702.xlsx,NO_TRUCKFLOW_MATCH
CTG_10133285703,AE561ZT,2026-07-02T00:12:00,2026-07-02T10:37:00,MAIZ,CELDA_171_-_CENTRO,AVELLANEDA,INGRESO,MovimientosPorContrato_20260702.xlsx,NO_TRUCKFLOW_MATCH
CTG_30033309125,JFH261,2026-07-02T07:49:00,2026-07-02T10:37:00,ACEITE SOJA CRUDO DESGOMADO,,TERMINAL_EMBARQUE,EGRESO,MovimientosPorContrato_20260702.xlsx,NO_TRUCKFLOW_MATCH
CTG_10133275810,AH464JO,2026-07-02T06:47:00,2026-07-02T10:38:00,GIRASOL,VOLCABLE_2,RICARDONE,INGRESO,MovimientosPorContrato_20260702.xlsx,NO_TRUCKFLOW_MATCH
CTG_10133283888,VAU702,2026-07-02T06:18:00,2026-07-02T10:40:00,SOJA,VOLCABLE_PTO_3,TERMINAL_EMBARQUE,INGRESO,MovimientosPorContrato_20260702.xlsx,NO_TRUCKFLOW_MATCH
COMPROB_000400419130,NCX994,2026-07-02T07:20:00,2026-07-02T10:42:00,HARINA DE SOJA ESPECIAL,CALADITO,TERMINAL_EMBARQUE,EGRESO,MovimientosPorContrato_20260702.xlsx,NO_TRUCKFLOW_MATCH
CTG_10133277556,AD750TC,2026-07-02T06:19:00,2026-07-02T10:43:00,SOJA,VOLCABLE_PTO_2,TERMINAL_EMBARQUE,INGRESO,MovimientosPorContrato_20260702.xlsx,NO_TRUCKFLOW_MATCH
COMPROB_000400419131,HNO035,2026-07-02T06:59:00,2026-07-02T10:45:00,ACEITE GIRASOL REFINADO,ACEITE_OSL,TERMINAL_EMBARQUE,EGRESO,MovimientosPorContrato_20260702.xlsx,NO_TRUCKFLOW_MATCH
CTG_10233289961,ADZ548,2026-07-02T06:20:00,2026-07-02T10:49:00,SOJA,VOLCABLE_PTO_3,TERMINAL_EMBARQUE,INGRESO,MovimientosPorContrato_20260702.xlsx,NO_TRUCKFLOW_MATCH
COMPROB_000404034881,UAJ766,2026-07-02T09:57:00,2026-07-02T10:50:00,PRODUCTOS VARIOS,,TERMINAL_EMBARQUE,INGRESO,MovimientosPorContrato_20260702.xlsx,NO_TRUCKFLOW_MATCH
COMPROB_000400419132,EAO104,2026-07-02T08:51:00,2026-07-02T10:52:00,ACEITE GIRASOL REFINADO,ACEITE_OSL,TERMINAL_EMBARQUE,EGRESO,MovimientosPorContrato_20260702.xlsx,NO_TRUCKFLOW_MATCH
CTG_10133275587,LPQ763,2026-07-02T03:28:00,2026-07-02T10:53:00,GIRASOL,VOLCABLE_1,RICARDONE,INGRESO,MovimientosPorContrato_20260702.xlsx,NO_TRUCKFLOW_MATCH
CTG_10133282061,DHZ604,2026-07-02T01:41:00,2026-07-02T10:55:00,SOJA,CELDA_16,RICARDONE,INGRESO,MovimientosPorContrato_20260702.xlsx,NO_TRUCKFLOW_MATCH
CTG_10133297329,FYG858,2026-07-02T04:21:00,2026-07-02T10:59:00,SOJA,CELDA_16,RICARDONE,INGRESO,MovimientosPorContrato_20260702.xlsx,NO_TRUCKFLOW_MATCH
COMPROB_000400419133,LZP122,2026-07-02T08:27:00,2026-07-02T11:05:00,RESIDUOS ORG,,TERMINAL_EMBARQUE,EGRESO,MovimientosPorContrato_20260702.xlsx,NO_TRUCKFLOW_MATCH
CTG_30033310549,AG048CL,2026-07-02T07:59:00,2026-07-02T11:07:00,ACEITE SOJA CRUDO DESGOMADO,,TERMINAL_EMBARQUE,EGRESO,MovimientosPorContrato_20260702.xlsx,NO_TRUCKFLOW_MATCH
CTG_10133286681,UPG529,2026-07-02T07:57:00,2026-07-02T11:14:00,GIRASOL,VOLCABLE_2,RICARDONE,INGRESO,MovimientosPorContrato_20260702.xlsx,NO_TRUCKFLOW_MATCH
CTG_10133294907,AE398PP,2026-07-02T00:30:00,2026-07-02T11:14:00,MAIZ,CELDA_171_-_CENTRO,AVELLANEDA,INGRESO,MovimientosPorContrato_20260702.xlsx,NO_TRUCKFLOW_MATCH
CTG_30033302748,NBK156,2026-07-02T04:02:00,2026-07-02T11:15:00,ACEITE GIRASOL PARA REFINAR,ACEITE_PTO,TERMINAL_EMBARQUE,INGRESO,MovimientosPorContrato_20260702.xlsx,NO_TRUCKFLOW_MATCH
CTG_10133285406,AG998EK,2026-07-02T06:48:00,2026-07-02T11:20:00,SOJA,VOLCABLE_PTO_3,TERMINAL_EMBARQUE,INGRESO,MovimientosPorContrato_20260702.xlsx,NO_TRUCKFLOW_MATCH
CTG_10133299943,AA514OK,2026-07-02T06:57:00,2026-07-02T11:22:00,SOJA,VOLCABLE_PTO_2,TERMINAL_EMBARQUE,INGRESO,MovimientosPorContrato_20260702.xlsx,NO_TRUCKFLOW_MATCH
CTG_10233279029,HUM407,2026-07-02T06:58:00,2026-07-02T11:24:00,SOJA,VOLCABLE_PTO_2,TERMINAL_EMBARQUE,INGRESO,MovimientosPorContrato_20260702.xlsx,NO_TRUCKFLOW_MATCH
CTG_30033302756,DOE150,2026-07-02T04:20:00,2026-07-02T11:25:00,ACEITE GIRASOL PARA REFINAR,ACEITE_PTO,TERMINAL_EMBARQUE,INGRESO,MovimientosPorContrato_20260702.xlsx,NO_TRUCKFLOW_MATCH
CTG_10233289455,FUL397,2026-07-02T03:25:00,2026-07-02T11:26:00,GIRASOL,VOLCABLE_1,RICARDONE,INGRESO,MovimientosPorContrato_20260702.xlsx,NO_TRUCKFLOW_MATCH
COMPROB_000200319708,AH427GV,2026-07-02T11:15:00,2026-07-02T11:29:00,BURLANDA HUMEDA,DEPOSITO_BURLANDAS,AVELLANEDA,EGRESO,MovimientosPorContrato_20260702.xlsx,NO_TRUCKFLOW_MATCH
COMPROB_000400419135,GDE552,2026-07-02T07:44:00,2026-07-02T11:30:00,ACEITE GIRASOL REFINADO,ACEITE_OSL,TERMINAL_EMBARQUE,EGRESO,MovimientosPorContrato_20260702.xlsx,NO_TRUCKFLOW_MATCH
CTG_10133298781,OTV411,2026-07-02T05:35:00,2026-07-02T11:33:00,SOJA,CELDA_16,RICARDONE,INGRESO,MovimientosPorContrato_20260702.xlsx,NO_TRUCKFLOW_MATCH
CTG_10233297425,AC769VJ,2026-07-02T06:59:00,2026-07-02T11:37:00,SOJA,VOLCABLE_PTO_3,TERMINAL_EMBARQUE,INGRESO,MovimientosPorContrato_20260702.xlsx,NO_TRUCKFLOW_MATCH
CTG_10133281072,IQW678,2026-07-02T00:45:00,2026-07-02T11:43:00,SOJA,CELDA_16,RICARDONE,INGRESO,MovimientosPorContrato_20260702.xlsx,NO_TRUCKFLOW_MATCH
CTG_10133270864,OIN683,2026-07-02T06:58:00,2026-07-02T11:44:00,SOJA,VOLCABLE_PTO_2,TERMINAL_EMBARQUE,INGRESO,MovimientosPorContrato_20260702.xlsx,NO_TRUCKFLOW_MATCH
CTG_10233293988,AE337UT,2026-07-02T02:22:00,2026-07-02T11:45:00,SOJA,CELDA_16,RICARDONE,INGRESO,MovimientosPorContrato_20260702.xlsx,NO_TRUCKFLOW_MATCH
CTG_10133272055,PAM446,2026-07-02T07:18:00,2026-07-02T11:47:00,GIRASOL,VOLCABLE_2,RICARDONE,INGRESO,MovimientosPorContrato_20260702.xlsx,NO_TRUCKFLOW_MATCH
CTG_10233298590,AH687ER,2026-07-02T02:57:00,2026-07-02T11:49:00,SOJA,CELDA_16,RICARDONE,INGRESO,MovimientosPorContrato_20260702.xlsx,NO_TRUCKFLOW_MATCH
CTG_10233292219,KZD988,2026-07-02T06:14:00,2026-07-02T11:51:00,SOJA,CELDA_16,RICARDONE,INGRESO,MovimientosPorContrato_20260702.xlsx,NO_TRUCKFLOW_MATCH
CTG_10133279449,LXD506,2026-07-02T06:15:00,2026-07-02T11:54:00,SOJA,CELDA_16,RICARDONE,INGRESO,MovimientosPorContrato_20260702.xlsx,NO_TRUCKFLOW_MATCH
COMPROB_000400419136,OIG256,2026-07-02T06:14:00,2026-07-02T11:57:00,BORRA ACEITE GIRASOL REFINADO,ACEITE_OSL,TERMINAL_EMBARQUE,EGRESO,MovimientosPorContrato_20260702.xlsx,NO_TRUCKFLOW_MATCH
CTG_10133285644,AA226KZ,2026-07-02T07:01:00,2026-07-02T11:59:00,SOJA,VOLCABLE_PTO_2,TERMINAL_EMBARQUE,INGRESO,MovimientosPorContrato_20260702.xlsx,NO_TRUCKFLOW_MATCH
CTG_10133270884,KYZ754,2026-07-02T07:00:00,2026-07-02T12:00:00,SOJA,VOLCABLE_PTO_3,TERMINAL_EMBARQUE,INGRESO,MovimientosPorContrato_20260702.xlsx,NO_TRUCKFLOW_MATCH
CTG_30033313177,FAJ881,2026-07-01T23:28:00,2026-07-02T12:01:00,ACEITE SOJA CRUDO DESGOMADO,,TERMINAL_EMBARQUE,EGRESO,MovimientosPorContrato_20260702.xlsx,NO_TRUCKFLOW_MATCH
CTG_10133295102,BYJ544,2026-07-02T07:18:00,2026-07-02T12:03:00,SOJA,VOLCABLE_PTO_2,TERMINAL_EMBARQUE,INGRESO,MovimientosPorContrato_20260702.xlsx,NO_TRUCKFLOW_MATCH
CTG_30033302740,JDH880,2026-07-02T04:51:00,2026-07-02T12:03:00,ACEITE GIRASOL PARA REFINAR,ACEITE_PTO,TERMINAL_EMBARQUE,INGRESO,MovimientosPorContrato_20260702.xlsx,NO_TRUCKFLOW_MATCH
COMPROB_000400419138,AGR963,2026-07-02T07:00:00,2026-07-02T12:05:00,ACEITE GIRASOL REFINADO,ACEITE_OSL,TERMINAL_EMBARQUE,EGRESO,MovimientosPorContrato_20260702.xlsx,NO_TRUCKFLOW_MATCH
CTG_10133282273,GHO115,2026-07-02T07:16:00,2026-07-02T12:06:00,SOJA,VOLCABLE_PTO_3,TERMINAL_EMBARQUE,INGRESO,MovimientosPorContrato_20260702.xlsx,NO_TRUCKFLOW_MATCH
CTG_10133288776,MOO293,2026-07-02T07:43:00,2026-07-02T12:07:00,SOJA,VOLCABLE_PTO_2,TERMINAL_EMBARQUE,INGRESO,MovimientosPorContrato_20260702.xlsx,NO_TRUCKFLOW_MATCH
CTG_10133284461,AE879OO,2026-07-02T08:22:00,2026-07-02T12:08:00,SOJA,VOLCABLE_PTO_2,TERMINAL_EMBARQUE,INGRESO,MovimientosPorContrato_20260702.xlsx,NO_TRUCKFLOW_MATCH
COMPROB_000400419139,MWH059,2026-07-02T08:54:00,2026-07-02T12:11:00,ACEITE GIRASOL REFINADO,ACEITE_OSL,TERMINAL_EMBARQUE,EGRESO,MovimientosPorContrato_20260702.xlsx,NO_TRUCKFLOW_MATCH
CTG_10133272761,ALB397,2026-07-02T08:04:00,2026-07-02T12:12:00,SOJA,VOLCABLE_PTO_3,TERMINAL_EMBARQUE,INGRESO,MovimientosPorContrato_20260702.xlsx,NO_TRUCKFLOW_MATCH
COMPROB_000400419140,UAJ766,2026-07-02T10:54:00,2026-07-02T12:14:00,PRODUCTOS VARIOS,,TERMINAL_EMBARQUE,EGRESO,MovimientosPorContrato_20260702.xlsx,NO_TRUCKFLOW_MATCH
CTG_10133294859,BWZ179,2026-07-02T07:17:00,2026-07-02T12:14:00,SOJA,CELDA_16,RICARDONE,INGRESO,MovimientosPorContrato_20260702.xlsx,NO_TRUCKFLOW_MATCH
CTG_10233293684,HRH085,2026-07-02T00:34:00,2026-07-02T12:15:00,MAIZ,CELDA_171_-_CENTRO,AVELLANEDA,INGRESO,MovimientosPorContrato_20260702.xlsx,NO_TRUCKFLOW_MATCH
CTG_10133294560,GKL951,2026-07-02T07:16:00,2026-07-02T12:15:00,SOJA,CELDA_16,RICARDONE,INGRESO,MovimientosPorContrato_20260702.xlsx,NO_TRUCKFLOW_MATCH
CTG_10133278346,AA118YK,2026-07-02T07:29:00,2026-07-02T12:19:00,SOJA,CELDA_16,RICARDONE,INGRESO,MovimientosPorContrato_20260702.xlsx,NO_TRUCKFLOW_MATCH
CTG_10133278809,AB393SB,2026-07-02T07:30:00,2026-07-02T12:21:00,SOJA,CELDA_16,RICARDONE,INGRESO,MovimientosPorContrato_20260702.xlsx,NO_TRUCKFLOW_MATCH
CTG_10133302218,ERC464,2026-07-01T23:09:00,2026-07-02T12:22:00,GIRASOL,VOLCABLE_1,RICARDONE,INGRESO,MovimientosPorContrato_20260702.xlsx,NO_TRUCKFLOW_MATCH
CTG_10233301379,AG748PK,2026-07-02T02:11:00,2026-07-02T12:22:00,SOJA,VOLCABLE_PTO_3,TERMINAL_EMBARQUE,INGRESO,MovimientosPorContrato_20260702.xlsx,NO_TRUCKFLOW_MATCH
COMPROB_000400419141,AD968KP,2026-07-02T12:09:00,2026-07-02T12:24:00,PRODUCTOS VARIOS,,TERMINAL_EMBARQUE,EGRESO,MovimientosPorContrato_20260702.xlsx,NO_TRUCKFLOW_MATCH
CTG_10133274618,FVE005,2026-07-02T02:03:00,2026-07-02T12:26:00,SOJA,VOLCABLE_PTO_2,TERMINAL_EMBARQUE,INGRESO,MovimientosPorContrato_20260702.xlsx,NO_TRUCKFLOW_MATCH
CTG_10133276716,AD698LU,2026-07-02T07:32:00,2026-07-02T12:27:00,SOJA,CELDA_16,RICARDONE,INGRESO,MovimientosPorContrato_20260702.xlsx,NO_TRUCKFLOW_MATCH
CTG_10233296613,FOE877,2026-07-02T08:27:00,2026-07-02T12:29:00,SOJA,VOLCABLE_PTO_2,TERMINAL_EMBARQUE,INGRESO,MovimientosPorContrato_20260702.xlsx,NO_TRUCKFLOW_MATCH
CTG_10133289842,OFJ405,2026-07-02T07:42:00,2026-07-02T12:30:00,SOJA,CELDA_16,RICARDONE,INGRESO,MovimientosPorContrato_20260702.xlsx,NO_TRUCKFLOW_MATCH
CTG_10133288813,TIP541,2026-07-02T01:54:00,2026-07-02T12:31:00,SOJA,VOLCABLE_PTO_5,TERMINAL_EMBARQUE,INGRESO,MovimientosPorContrato_20260702.xlsx,NO_TRUCKFLOW_MATCH
COMPROB_000400419142,HAQ820,2026-07-02T07:01:00,2026-07-02T12:34:00,ACEITE GIRASOL REFINADO,ACEITE_OSL,TERMINAL_EMBARQUE,EGRESO,MovimientosPorContrato_20260702.xlsx,NO_TRUCKFLOW_MATCH
CTG_10233279330,AE971AA,2026-07-02T02:39:00,2026-07-02T12:36:00,SOJA,VOLCABLE_PTO_2,TERMINAL_EMBARQUE,INGRESO,MovimientosPorContrato_20260702.xlsx,NO_TRUCKFLOW_MATCH
COMPROB_000200319709,00000,2026-07-02T12:35:00,2026-07-02T12:36:00,RESIDUOS ASIMILABLES A DOMICILIARIOS,SIN_ESPECIFICAR,AVELLANEDA,EGRESO,MovimientosPorContrato_20260702.xlsx,NO_TRUCKFLOW_MATCH
CTG_10233298703,HAV366,2026-07-02T08:29:00,2026-07-02T12:37:00,SOJA,VOLCABLE_PTO_3,TERMINAL_EMBARQUE,INGRESO,MovimientosPorContrato_20260702.xlsx,NO_TRUCKFLOW_MATCH
CTG_10133293212,JTO328,2026-07-02T03:00:00,2026-07-02T12:38:00,SOJA,VOLCABLE_PTO_2,TERMINAL_EMBARQUE,INGRESO,MovimientosPorContrato_20260702.xlsx,NO_TRUCKFLOW_MATCH
COMPROB_000200431006,RER788,2026-07-02T12:16:00,2026-07-02T12:39:00,CHIP DE PINO,PLAYA_LEÑA_Y_CHIP,AVELLANEDA,INGRESO,MovimientosPorContrato_20260702.xlsx,NO_TRUCKFLOW_MATCH
CTG_10133289402,RDB591,2026-07-02T01:55:00,2026-07-02T12:40:00,SOJA,VOLCABLE_PTO_5,TERMINAL_EMBARQUE,INGRESO,MovimientosPorContrato_20260702.xlsx,NO_TRUCKFLOW_MATCH
CTG_10133279091,AA483CN,2026-07-02T07:31:00,2026-07-02T12:43:00,SOJA,CELDA_16,RICARDONE,INGRESO,MovimientosPorContrato_20260702.xlsx,NO_TRUCKFLOW_MATCH
CTG_10133294882,FXC867,2026-07-02T02:41:00,2026-07-02T12:44:00,SOJA,VOLCABLE_PTO_3,TERMINAL_EMBARQUE,INGRESO,MovimientosPorContrato_20260702.xlsx,NO_TRUCKFLOW_MATCH
CTG_10133275705,HHX494,2026-07-02T03:54:00,2026-07-02T12:47:00,SOJA,VOLCABLE_PTO_2,TERMINAL_EMBARQUE,INGRESO,MovimientosPorContrato_20260702.xlsx,NO_TRUCKFLOW_MATCH
CTG_10133297668,AG764FI,2026-07-02T02:22:00,2026-07-02T12:48:00,SOJA,VOLCABLE_PTO_5,TERMINAL_EMBARQUE,INGRESO,MovimientosPorContrato_20260702.xlsx,NO_TRUCKFLOW_MATCH
CTG_30033302723,ENA722,2026-07-02T07:24:00,2026-07-02T12:50:00,ACEITE GIRASOL PARA REFINAR,ACEITE_PTO,TERMINAL_EMBARQUE,INGRESO,MovimientosPorContrato_20260702.xlsx,NO_TRUCKFLOW_MATCH
CTG_10133290329,MQF850,2026-07-02T08:05:00,2026-07-02T12:51:00,SOJA,CELDA_16,RICARDONE,INGRESO,MovimientosPorContrato_20260702.xlsx,NO_TRUCKFLOW_MATCH
CTG_10133271872,GBG249,2026-07-02T04:10:00,2026-07-02T12:51:00,SOJA,VOLCABLE_PTO_3,TERMINAL_EMBARQUE,INGRESO,MovimientosPorContrato_20260702.xlsx,NO_TRUCKFLOW_MATCH
COMPROB_000200319710,AF413NR,2026-07-02T12:19:00,2026-07-02T12:52:00,BURLANDA HUMEDA,DEPOSITO_BURLANDAS,AVELLANEDA,EGRESO,MovimientosPorContrato_20260702.xlsx,NO_TRUCKFLOW_MATCH
COMPROB_000404034910,AH831XA,2026-07-02T11:42:00,2026-07-02T12:52:00,PRODUCTOS VARIOS,,TERMINAL_EMBARQUE,INGRESO,MovimientosPorContrato_20260702.xlsx,NO_TRUCKFLOW_MATCH
COMPROB_000400419143,AA703FC,2026-07-02T11:20:00,2026-07-02T12:53:00,TIERRA DESC FILTROS,,TERMINAL_EMBARQUE,EGRESO,MovimientosPorContrato_20260702.xlsx,NO_TRUCKFLOW_MATCH
CTG_10133301537,OFK464,2026-07-02T08:40:00,2026-07-02T12:54:00,SOJA,VOLCABLE_PTO_2,TERMINAL_EMBARQUE,INGRESO,MovimientosPorContrato_20260702.xlsx,NO_TRUCKFLOW_MATCH
CTG_10233286997,JCC103,2026-07-02T08:38:00,2026-07-02T12:55:00,SOJA,CELDA_16,RICARDONE,INGRESO,MovimientosPorContrato_20260702.xlsx,NO_TRUCKFLOW_MATCH
CTG_10133289923,JSA818,2026-07-02T05:05:00,2026-07-02T12:55:00,SOJA,VOLCABLE_PTO_3,TERMINAL_EMBARQUE,INGRESO,MovimientosPorContrato_20260702.xlsx,NO_TRUCKFLOW_MATCH
CTG_10233295056,NGE756,2026-07-02T06:22:00,2026-07-02T12:56:00,GIRASOL,VOLCABLE_2,RICARDONE,INGRESO,MovimientosPorContrato_20260702.xlsx,NO_TRUCKFLOW_MATCH
CTG_10233294606,BPE401,2026-07-02T08:37:00,2026-07-02T12:57:00,SOJA,CELDA_16,RICARDONE,INGRESO,MovimientosPorContrato_20260702.xlsx,NO_TRUCKFLOW_MATCH
CTG_10133285606,AD549AY,2026-07-02T00:53:00,2026-07-02T12:58:00,MAIZ,CELDA_171_-_CENTRO,AVELLANEDA,INGRESO,MovimientosPorContrato_20260702.xlsx,NO_TRUCKFLOW_MATCH
COMPROB_000400419144,DQQ926,2026-07-02T09:56:00,2026-07-02T12:59:00,ACEITE GIRASOL REFINADO,ACEITE_OSL,TERMINAL_EMBARQUE,EGRESO,MovimientosPorContrato_20260702.xlsx,NO_TRUCKFLOW_MATCH
CTG_10133299371,NSN821,2026-07-02T07:43:00,2026-07-02T12:59:00,SOJA,CELDA_16,RICARDONE,INGRESO,MovimientosPorContrato_20260702.xlsx,NO_TRUCKFLOW_MATCH
CTG_10233285510,SNZ086,2026-07-02T05:06:00,2026-07-02T13:01:00,SOJA,VOLCABLE_PTO_2,TERMINAL_EMBARQUE,INGRESO,MovimientosPorContrato_20260702.xlsx,NO_TRUCKFLOW_MATCH
CTG_30033302517,UUU110,2026-07-02T07:23:00,2026-07-02T13:04:00,ACEITE GIRASOL PARA REFINAR,ACEITE_PTO,TERMINAL_EMBARQUE,INGRESO,MovimientosPorContrato_20260702.xlsx,NO_TRUCKFLOW_MATCH
CTG_10133296396,KUG618,2026-07-02T05:03:00,2026-07-02T13:05:00,SOJA,VOLCABLE_PTO_5,TERMINAL_EMBARQUE,INGRESO,MovimientosPorContrato_20260702.xlsx,NO_TRUCKFLOW_MATCH
CTG_10233291466,EHY593,2026-07-02T04:29:00,2026-07-02T13:06:00,SOJA,VOLCABLE_PTO_5,TERMINAL_EMBARQUE,INGRESO,MovimientosPorContrato_20260702.xlsx,NO_TRUCKFLOW_MATCH
CTG_10133296490,AA534MF,2026-07-02T08:41:00,2026-07-02T13:06:00,SOJA,CELDA_16,RICARDONE,INGRESO,MovimientosPorContrato_20260702.xlsx,NO_TRUCKFLOW_MATCH
CTG_10133284621,AF165RG,2026-07-02T08:28:00,2026-07-02T13:07:00,SOJA,VOLCABLE_PTO_3,TERMINAL_EMBARQUE,INGRESO,MovimientosPorContrato_20260702.xlsx,NO_TRUCKFLOW_MATCH
CTG_10133286254,HOR932,2026-07-01T22:03:00,2026-07-02T13:07:00,GIRASOL,VOLCABLE_1,RICARDONE,INGRESO,MovimientosPorContrato_20260702.xlsx,NO_TRUCKFLOW_MATCH
CTG_10133301891,LKB557,2026-07-02T08:39:00,2026-07-02T13:08:00,SOJA,VOLCABLE_PTO_3,TERMINAL_EMBARQUE,INGRESO,MovimientosPorContrato_20260702.xlsx,NO_TRUCKFLOW_MATCH
COMPROB_000200431008,UQY881,2026-07-01T08:20:00,2026-07-02T13:08:00,LEÑA CORTA SELECC,PLAYA_LEÑA_Y_CHIP,AVELLANEDA,INGRESO,MovimientosPorContrato_20260702.xlsx,NO_TRUCKFLOW_MATCH
COMPROB_000301457685,UAJ766,2026-07-02T12:50:00,2026-07-02T13:09:00,PRODUCTOS VARIOS,VARIOS,RICARDONE,INGRESO,MovimientosPorContrato_20260702.xlsx,NO_TRUCKFLOW_MATCH
CTG_10233289584,CZR386,2026-07-02T06:22:00,2026-07-02T13:09:00,SOJA,VOLCABLE_PTO_2,TERMINAL_EMBARQUE,INGRESO,MovimientosPorContrato_20260702.xlsx,NO_TRUCKFLOW_MATCH
CTG_10133299824,LPW021,2026-07-02T06:27:00,2026-07-02T13:10:00,SOJA,VOLCABLE_PTO_5,TERMINAL_EMBARQUE,INGRESO,MovimientosPorContrato_20260702.xlsx,NO_TRUCKFLOW_MATCH
CTG_10133295341,AC618UY,2026-07-02T08:48:00,2026-07-02T13:12:00,SOJA,VOLCABLE_PTO_2,TERMINAL_EMBARQUE,INGRESO,MovimientosPorContrato_20260702.xlsx,NO_TRUCKFLOW_MATCH
CTG_10133300098,OIS231,2026-07-02T08:52:00,2026-07-02T13:13:00,SOJA,CELDA_16,RICARDONE,INGRESO,MovimientosPorContrato_20260702.xlsx,NO_TRUCKFLOW_MATCH
CTG_30033315824,AG448BX,2026-07-02T09:07:00,2026-07-02T13:15:00,ACEITE SOJA CRUDO DESGOMADO,,TERMINAL_EMBARQUE,EGRESO,MovimientosPorContrato_20260702.xlsx,NO_TRUCKFLOW_MATCH
COMPROB_000400419146,KOQ228,2026-07-02T07:26:00,2026-07-02T13:20:00,ACEITE GIRASOL REFINADO,ACEITE_OSL,TERMINAL_EMBARQUE,EGRESO,MovimientosPorContrato_20260702.xlsx,NO_TRUCKFLOW_MATCH
CTG_10133292008,KJL901,2026-07-02T10:10:00,2026-07-02T13:21:00,SOJA,VOLCABLE_PTO_3,TERMINAL_EMBARQUE,INGRESO,MovimientosPorContrato_20260702.xlsx,NO_TRUCKFLOW_MATCH
CTG_10133300387,NQG233,2026-07-02T06:18:00,2026-07-02T13:22:00,SOJA,VOLCABLE_PTO_5,TERMINAL_EMBARQUE,INGRESO,MovimientosPorContrato_20260702.xlsx,NO_TRUCKFLOW_MATCH
CTG_30033316093,OYH142,2026-07-02T09:31:00,2026-07-02T13:25:00,ACEITE SOJA CRUDO DESGOMADO,,TERMINAL_EMBARQUE,EGRESO,MovimientosPorContrato_20260702.xlsx,NO_TRUCKFLOW_MATCH
CTG_10133270822,FER341,2026-07-02T09:02:00,2026-07-02T13:27:00,SOJA,VOLCABLE_PTO_3,TERMINAL_EMBARQUE,INGRESO,MovimientosPorContrato_20260702.xlsx,NO_TRUCKFLOW_MATCH
CTG_30033316163,AB367KZ,2026-07-02T09:38:00,2026-07-02T13:28:00,ACEITE SOJA CRUDO DESGOMADO,,TERMINAL_EMBARQUE,EGRESO,MovimientosPorContrato_20260702.xlsx,NO_TRUCKFLOW_MATCH
CTG_10133299887,AI048HE,2026-07-02T08:58:00,2026-07-02T13:30:00,SOJA,VOLCABLE_PTO_2,TERMINAL_EMBARQUE,INGRESO,MovimientosPorContrato_20260702.xlsx,NO_TRUCKFLOW_MATCH
CTG_10233298284,AH772MA,2026-07-02T01:58:00,2026-07-02T13:31:00,SOJA,VOLCABLE_PTO_5,TERMINAL_EMBARQUE,INGRESO,MovimientosPorContrato_20260702.xlsx,NO_TRUCKFLOW_MATCH
CTG_10133270152,UKI138,2026-07-02T02:20:00,2026-07-02T13:31:00,MAIZ,CELDA_171_-_CENTRO,AVELLANEDA,INGRESO,MovimientosPorContrato_20260702.xlsx,NO_TRUCKFLOW_MATCH
CTG_10133251096,AI205AY,2026-07-02T09:12:00,2026-07-02T13:32:00,SOJA,VOLCABLE_PTO_3,TERMINAL_EMBARQUE,INGRESO,MovimientosPorContrato_20260702.xlsx,NO_TRUCKFLOW_MATCH
CTG_10133291593,MJZ998,2026-07-02T09:01:00,2026-07-02T13:34:00,SOJA,VOLCABLE_PTO_2,TERMINAL_EMBARQUE,INGRESO,MovimientosPorContrato_20260702.xlsx,NO_TRUCKFLOW_MATCH
CTG_10233296025,GPK383,2026-07-02T08:43:00,2026-07-02T13:38:00,SOJA,VOLCABLE_PTO_2,TERMINAL_EMBARQUE,INGRESO,MovimientosPorContrato_20260702.xlsx,NO_TRUCKFLOW_MATCH
CTG_10133302157,AWS211,2026-07-02T09:34:00,2026-07-02T13:40:00,SOJA,VOLCABLE_PTO_2,TERMINAL_EMBARQUE,INGRESO,MovimientosPorContrato_20260702.xlsx,NO_TRUCKFLOW_MATCH
COMPROB_000400419149,LGZ704,2026-07-02T10:03:00,2026-07-02T13:41:00,ACEITE GIRASOL REFINADO,ACEITE_OSL,TERMINAL_EMBARQUE,EGRESO,MovimientosPorContrato_20260702.xlsx,NO_TRUCKFLOW_MATCH
CTG_10133275530,BKP136,2026-07-02T09:37:00,2026-07-02T13:43:00,SOJA,VOLCABLE_PTO_3,TERMINAL_EMBARQUE,INGRESO,MovimientosPorContrato_20260702.xlsx,NO_TRUCKFLOW_MATCH
CTG_10133288915,JBC329,2026-07-02T04:06:00,2026-07-02T13:46:00,GIRASOL,VOLCABLE_1,RICARDONE,INGRESO,MovimientosPorContrato_20260702.xlsx,NO_TRUCKFLOW_MATCH
CTG_10233301309,RTY084,2026-07-02T02:23:00,2026-07-02T13:49:00,SOJA,VOLCABLE_PTO_3,TERMINAL_EMBARQUE,INGRESO,MovimientosPorContrato_20260702.xlsx,NO_TRUCKFLOW_MATCH
CTG_30033316889,NTW459,2026-07-02T10:37:00,2026-07-02T13:51:00,ACEITE SOJA CRUDO DESGOMADO,,TERMINAL_EMBARQUE,EGRESO,MovimientosPorContrato_20260702.xlsx,NO_TRUCKFLOW_MATCH
CTG_10133270131,AVF663,2026-07-02T02:29:00,2026-07-02T13:51:00,MAIZ,CELDA_171_-_CENTRO,AVELLANEDA,INGRESO,MovimientosPorContrato_20260702.xlsx,NO_TRUCKFLOW_MATCH
CTG_10133306024,FUO473,2026-07-02T09:44:00,2026-07-02T13:53:00,SOJA,VOLCABLE_PTO_2,TERMINAL_EMBARQUE,INGRESO,MovimientosPorContrato_20260702.xlsx,NO_TRUCKFLOW_MATCH
CTG_10133280914,NAN760,2026-07-02T10:01:00,2026-07-02T13:55:00,SOJA,VOLCABLE_PTO_3,TERMINAL_EMBARQUE,INGRESO,MovimientosPorContrato_20260702.xlsx,NO_TRUCKFLOW_MATCH
COMPROB_000200319711,AB849TF,2026-07-02T12:57:00,2026-07-02T13:56:00,ALCOHOL ETILICO ANHIDRO P/ BIOCOMB ORIG CEREAL,T1002,AVELLANEDA,EGRESO,MovimientosPorContrato_20260702.xlsx,NO_TRUCKFLOW_MATCH
CTG_10133272982,TRF831,2026-07-02T09:00:00,2026-07-02T13:58:00,SOJA,VOLCABLE_PTO_2,TERMINAL_EMBARQUE,INGRESO,MovimientosPorContrato_20260702.xlsx,NO_TRUCKFLOW_MATCH
CTG_10133283513,JPS993,2026-07-02T10:16:00,2026-07-02T14:03:00,SOJA,VOLCABLE_PTO_3,TERMINAL_EMBARQUE,INGRESO,MovimientosPorContrato_20260702.xlsx,NO_TRUCKFLOW_MATCH
CTG_10133277733,GWO109,2026-07-02T10:11:00,2026-07-02T14:04:00,SOJA,VOLCABLE_PTO_2,TERMINAL_EMBARQUE,INGRESO,MovimientosPorContrato_20260702.xlsx,NO_TRUCKFLOW_MATCH
COMPROB_000200319712,TAS321,2026-07-02T12:57:00,2026-07-02T14:10:00,DDG BURLANDA SECA DE MAIZ SIN SOLUBLES,DEPOSITO_BURLANDAS,AVELLANEDA,EGRESO,MovimientosPorContrato_20260702.xlsx,NO_TRUCKFLOW_MATCH
CTG_10233297508,AE762DG,2026-07-02T09:40:00,2026-07-02T14:12:00,SOJA,VOLCABLE_PTO_3,TERMINAL_EMBARQUE,INGRESO,MovimientosPorContrato_20260702.xlsx,NO_TRUCKFLOW_MATCH
COMPROB_000400419151,FEA810,2026-07-02T07:48:00,2026-07-02T14:13:00,RESIDUOS ORG,,TERMINAL_EMBARQUE,EGRESO,MovimientosPorContrato_20260702.xlsx,NO_TRUCKFLOW_MATCH
COMPROB_000404034939,AB472CS,2026-07-02T10:27:00,2026-07-02T14:15:00,SOLVENTE HEXANO,,TERMINAL_EMBARQUE,INGRESO,MovimientosPorContrato_20260702.xlsx,NO_TRUCKFLOW_MATCH
CTG_10133274485,KAJ116,2026-07-02T01:53:00,2026-07-02T14:16:00,SOJA,VOLCABLE_PTO_2,TERMINAL_EMBARQUE,INGRESO,MovimientosPorContrato_20260702.xlsx,NO_TRUCKFLOW_MATCH
COMPROB_000200431011,FJB000,2026-07-02T06:14:00,2026-07-02T14:20:00,LEÑA CORTA SELECC,PLAYA_LEÑA_Y_CHIP,AVELLANEDA,INGRESO,MovimientosPorContrato_20260702.xlsx,NO_TRUCKFLOW_MATCH
CTG_10133284230,AB423KS,2026-07-02T10:54:00,2026-07-02T14:21:00,SOJA,VOLCABLE_PTO_3,TERMINAL_EMBARQUE,INGRESO,MovimientosPorContrato_20260702.xlsx,NO_TRUCKFLOW_MATCH
COMPROB_000301065218,UAJ766,2026-07-02T13:11:00,2026-07-02T14:22:00,PRODUCTOS VARIOS,VARIOS,RICARDONE,EGRESO,MovimientosPorContrato_20260702.xlsx,NO_TRUCKFLOW_MATCH
CTG_10133251470,HQW899,2026-07-02T10:40:00,2026-07-02T14:22:00,SOJA,VOLCABLE_PTO_2,TERMINAL_EMBARQUE,INGRESO,MovimientosPorContrato_20260702.xlsx,NO_TRUCKFLOW_MATCH
CTG_30033302565,JUP399,2026-07-02T07:37:00,2026-07-02T14:24:00,ACEITE GIRASOL PARA REFINAR,ACEITE_PTO,TERMINAL_EMBARQUE,INGRESO,MovimientosPorContrato_20260702.xlsx,NO_TRUCKFLOW_MATCH
CTG_10133270109,DIM945,2026-07-02T08:09:00,2026-07-02T14:24:00,MAIZ,CELDA_171_-_CENTRO,AVELLANEDA,INGRESO,MovimientosPorContrato_20260702.xlsx,NO_TRUCKFLOW_MATCH
CTG_10133295159,NZI183,2026-07-02T11:01:00,2026-07-02T14:25:00,SOJA,VOLCABLE_PTO_3,TERMINAL_EMBARQUE,INGRESO,MovimientosPorContrato_20260702.xlsx,NO_TRUCKFLOW_MATCH
CTG_10133275634,MKZ348,2026-07-02T11:02:00,2026-07-02T14:30:00,SOJA,VOLCABLE_PTO_2,TERMINAL_EMBARQUE,INGRESO,MovimientosPorContrato_20260702.xlsx,NO_TRUCKFLOW_MATCH
CTG_10233304573,AE180IO,2026-07-02T11:11:00,2026-07-02T14:31:00,SOJA,VOLCABLE_PTO_2,TERMINAL_EMBARQUE,INGRESO,MovimientosPorContrato_20260702.xlsx,NO_TRUCKFLOW_MATCH
CTG_10233295009,AC261SW,2026-07-02T11:02:00,2026-07-02T14:32:00,SOJA,VOLCABLE_PTO_3,TERMINAL_EMBARQUE,INGRESO,MovimientosPorContrato_20260702.xlsx,NO_TRUCKFLOW_MATCH
CTG_10133300383,FFH803,2026-07-02T09:09:00,2026-07-02T14:36:00,GIRASOL,VOLCABLE_1,RICARDONE,INGRESO,MovimientosPorContrato_20260702.xlsx,NO_TRUCKFLOW_MATCH
CTG_10133287454,AF482IZ,2026-07-02T11:10:00,2026-07-02T14:41:00,SOJA,VOLCABLE_PTO_3,TERMINAL_EMBARQUE,INGRESO,MovimientosPorContrato_20260702.xlsx,NO_TRUCKFLOW_MATCH
COMPROB_000200319713,AE903UF,2026-07-02T13:01:00,2026-07-02T14:44:00,ALCOHOL ETILICO ANHIDRO P/ BIOCOMB ORIG CEREAL,T1002,AVELLANEDA,EGRESO,MovimientosPorContrato_20260702.xlsx,NO_TRUCKFLOW_MATCH
CTG_10133297468,AH630CJ,2026-07-02T11:49:00,2026-07-02T14:45:00,SOJA,VOLCABLE_PTO_2,TERMINAL_EMBARQUE,INGRESO,MovimientosPorContrato_20260702.xlsx,NO_TRUCKFLOW_MATCH
CTG_10133282232,PGK071,2026-07-02T11:58:00,2026-07-02T14:46:00,SOJA,VOLCABLE_PTO_2,TERMINAL_EMBARQUE,INGRESO,MovimientosPorContrato_20260702.xlsx,NO_TRUCKFLOW_MATCH
CTG_10133287152,KAD345,2026-07-02T11:14:00,2026-07-02T14:47:00,SOJA,VOLCABLE_PTO_3,TERMINAL_EMBARQUE,INGRESO,MovimientosPorContrato_20260702.xlsx,NO_TRUCKFLOW_MATCH
COMPROB_000200319714,AH427GV,2026-07-02T14:12:00,2026-07-02T14:47:00,BURLANDA HUMEDA,DEPOSITO_BURLANDAS,AVELLANEDA,EGRESO,MovimientosPorContrato_20260702.xlsx,NO_TRUCKFLOW_MATCH
CTG_10133303937,BCT046,2026-07-02T12:02:00,2026-07-02T14:51:00,SOJA,VOLCABLE_PTO_2,TERMINAL_EMBARQUE,INGRESO,MovimientosPorContrato_20260702.xlsx,NO_TRUCKFLOW_MATCH
CTG_10233300030,FOF789,2026-07-02T11:55:00,2026-07-02T14:52:00,SOJA,VOLCABLE_PTO_3,TERMINAL_EMBARQUE,INGRESO,MovimientosPorContrato_20260702.xlsx,NO_TRUCKFLOW_MATCH
COMPROB_000400419152,AA703FC,2026-07-02T13:49:00,2026-07-02T14:59:00,TIERRA DESC FILTROS,,TERMINAL_EMBARQUE,EGRESO,MovimientosPorContrato_20260702.xlsx,NO_TRUCKFLOW_MATCH
COMPROB_000301065219,AB608FC,2026-07-02T08:23:00,2026-07-02T15:01:00,RESIDUOS ORG,,RICARDONE,EGRESO,MovimientosPorContrato_20260702.xlsx,NO_TRUCKFLOW_MATCH
COMPROB_000400419153,WRM886,2026-07-02T08:11:00,2026-07-02T15:04:00,ACEITE GIRASOL REFINADO,ACEITE_OSL,TERMINAL_EMBARQUE,EGRESO,MovimientosPorContrato_20260702.xlsx,NO_TRUCKFLOW_MATCH
CTG_10233306287,AE180IP,2026-07-02T12:26:00,2026-07-02T15:08:00,SOJA,VOLCABLE_PTO_2,TERMINAL_EMBARQUE,INGRESO,MovimientosPorContrato_20260702.xlsx,NO_TRUCKFLOW_MATCH
CTG_10233288053,FPF313,2026-07-02T09:29:00,2026-07-02T15:08:00,GIRASOL,VOLCABLE_1,RICARDONE,INGRESO,MovimientosPorContrato_20260702.xlsx,NO_TRUCKFLOW_MATCH
CTG_10133291333,AB376ZH,2026-07-02T12:09:00,2026-07-02T15:09:00,SOJA,VOLCABLE_PTO_3,TERMINAL_EMBARQUE,INGRESO,MovimientosPorContrato_20260702.xlsx,NO_TRUCKFLOW_MATCH
COMPROB_000301457690,FEA810,2026-07-02T14:34:00,2026-07-02T15:10:00,RESIDUOS ORG,,RICARDONE,INGRESO,MovimientosPorContrato_20260702.xlsx,NO_TRUCKFLOW_MATCH
COMPROB_000404034956,UAJ766,2026-07-02T14:36:00,2026-07-02T15:13:00,PRODUCTOS VARIOS,,TERMINAL_EMBARQUE,INGRESO,MovimientosPorContrato_20260702.xlsx,NO_TRUCKFLOW_MATCH
CTG_30033303016,IYR089,2026-07-02T07:54:00,2026-07-02T15:16:00,ACEITE GIRASOL PARA REFINAR,ACEITE_PTO,TERMINAL_EMBARQUE,INGRESO,MovimientosPorContrato_20260702.xlsx,NO_TRUCKFLOW_MATCH
CTG_30033320863,RDL445,2026-07-02T13:58:00,2026-07-02T15:16:00,PELLETS GIRASOL,CARGA_SILO_11,RICARDONE,EGRESO,MovimientosPorContrato_20260702.xlsx,NO_TRUCKFLOW_MATCH
CTG_10233268058,MSS952,2026-07-02T11:58:00,2026-07-02T15:19:00,SOJA,VOLCABLE_PTO_2,TERMINAL_EMBARQUE,INGRESO,MovimientosPorContrato_20260702.xlsx,NO_TRUCKFLOW_MATCH
COMPROB_000200319715,PEP084,2026-07-02T14:28:00,2026-07-02T15:21:00,DDG BURLANDA SECA DE MAIZ SIN SOLUBLES,DEPOSITO_BURLANDAS,AVELLANEDA,EGRESO,MovimientosPorContrato_20260702.xlsx,NO_TRUCKFLOW_MATCH
CTG_10133299124,OWL006,2026-07-02T06:23:00,2026-07-02T15:22:00,SOJA,VOLCABLE_PTO_5,TERMINAL_EMBARQUE,INGRESO,MovimientosPorContrato_20260702.xlsx,NO_TRUCKFLOW_MATCH
CTG_10233305226,AA294GV,2026-07-02T12:25:00,2026-07-02T15:23:00,SOJA,VOLCABLE_PTO_3,TERMINAL_EMBARQUE,INGRESO,MovimientosPorContrato_20260702.xlsx,NO_TRUCKFLOW_MATCH
COMPROB_000301457691,XXXXXX,2026-07-02T15:23:00,2026-07-02T15:23:00,ACEITE GIRASOL REFINADO,,RICARDONE,INGRESO,MovimientosPorContrato_20260702.xlsx,NO_TRUCKFLOW_MATCH
COMPROB_000301065221,XXXXXX,2026-07-02T15:23:00,2026-07-02T15:23:00,ACEITE GIRASOL REFINADO,,RICARDONE,EGRESO,MovimientosPorContrato_20260702.xlsx,NO_TRUCKFLOW_MATCH
COMPROB_000301457692,XXXXXX,2026-07-02T15:24:00,2026-07-02T15:24:00,ACEITE GIRASOL REFINADO,,RICARDONE,INGRESO,MovimientosPorContrato_20260702.xlsx,NO_TRUCKFLOW_MATCH
COMPROB_000301065222,XXXXXX,2026-07-02T15:24:00,2026-07-02T15:24:00,ACEITE GIRASOL REFINADO,,RICARDONE,EGRESO,MovimientosPorContrato_20260702.xlsx,NO_TRUCKFLOW_MATCH
COMPROB_000301457693,XXXXXX,2026-07-02T15:24:00,2026-07-02T15:24:00,ACEITE GIRASOL REFINADO,,RICARDONE,INGRESO,MovimientosPorContrato_20260702.xlsx,NO_TRUCKFLOW_MATCH
COMPROB_000301065223,XXXXXX,2026-07-02T15:24:00,2026-07-02T15:24:00,ACEITE GIRASOL REFINADO,,RICARDONE,EGRESO,MovimientosPorContrato_20260702.xlsx,NO_TRUCKFLOW_MATCH
CTG_30033321349,CKQ212,2026-07-02T14:10:00,2026-07-02T15:24:00,PELLETS GIRASOL,CARGA_SILO_11,RICARDONE,EGRESO,MovimientosPorContrato_20260702.xlsx,NO_TRUCKFLOW_MATCH
COMPROB_000301457694,XXXXXX,2026-07-02T15:25:00,2026-07-02T15:25:00,ACEITE GIRASOL REFINADO,,RICARDONE,INGRESO,MovimientosPorContrato_20260702.xlsx,NO_TRUCKFLOW_MATCH
COMPROB_000301065225,XXXXXX,2026-07-02T15:25:00,2026-07-02T15:25:00,ACEITE GIRASOL REFINADO,,RICARDONE,EGRESO,MovimientosPorContrato_20260702.xlsx,NO_TRUCKFLOW_MATCH
COMPROB_000301457695,XXXXXX,2026-07-02T15:26:00,2026-07-02T15:26:00,ACEITE GIRASOL ENVASADO,,RICARDONE,INGRESO,MovimientosPorContrato_20260702.xlsx,NO_TRUCKFLOW_MATCH
COMPROB_000301065226,XXXXXX,2026-07-02T15:26:00,2026-07-02T15:26:00,ACEITE GIRASOL ENVASADO,,RICARDONE,EGRESO,MovimientosPorContrato_20260702.xlsx,NO_TRUCKFLOW_MATCH
COMPROB_000301457696,XXXXXX,2026-07-02T15:26:00,2026-07-02T15:26:00,ACEITE GIRASOL ENVASADO,,RICARDONE,INGRESO,MovimientosPorContrato_20260702.xlsx,NO_TRUCKFLOW_MATCH
COMPROB_000301065227,XXXXXX,2026-07-02T15:26:00,2026-07-02T15:26:00,ACEITE GIRASOL ENVASADO,,RICARDONE,EGRESO,MovimientosPorContrato_20260702.xlsx,NO_TRUCKFLOW_MATCH
COMPROB_000301457697,XXXXXX,2026-07-02T15:26:00,2026-07-02T15:26:00,ACEITE GIRASOL ENVASADO,,RICARDONE,INGRESO,MovimientosPorContrato_20260702.xlsx,NO_TRUCKFLOW_MATCH
COMPROB_000301065228,XXXXXX,2026-07-02T15:26:00,2026-07-02T15:26:00,ACEITE GIRASOL ENVASADO,,RICARDONE,EGRESO,MovimientosPorContrato_20260702.xlsx,NO_TRUCKFLOW_MATCH
CTG_30033321467,UUO981,2026-07-02T14:12:00,2026-07-02T15:27:00,PELLETS GIRASOL,CARGA_SILO_11,RICARDONE,EGRESO,MovimientosPorContrato_20260702.xlsx,NO_TRUCKFLOW_MATCH
CTG_10233296662,FFM794,2026-07-02T12:23:00,2026-07-02T15:27:00,SOJA,VOLCABLE_PTO_3,TERMINAL_EMBARQUE,INGRESO,MovimientosPorContrato_20260702.xlsx,NO_TRUCKFLOW_MATCH
COMPROB_000301457698,XXXXXX,2026-07-02T15:27:00,2026-07-02T15:27:00,ACEITE SOJA ENVASADO,,RICARDONE,INGRESO,MovimientosPorContrato_20260702.xlsx,NO_TRUCKFLOW_MATCH
COMPROB_000301065230,XXXXXX,2026-07-02T15:27:00,2026-07-02T15:27:00,ACEITE SOJA ENVASADO,,RICARDONE,EGRESO,MovimientosPorContrato_20260702.xlsx,NO_TRUCKFLOW_MATCH
COMPROB_000301457699,XXXXXX,2026-07-02T15:28:00,2026-07-02T15:28:00,ACEITE SOJA ENVASADO,,RICARDONE,INGRESO,MovimientosPorContrato_20260702.xlsx,NO_TRUCKFLOW_MATCH
COMPROB_000301065231,XXXXXX,2026-07-02T15:28:00,2026-07-02T15:28:00,ACEITE SOJA ENVASADO,,RICARDONE,EGRESO,MovimientosPorContrato_20260702.xlsx,NO_TRUCKFLOW_MATCH
COMPROB_000301457700,XXXXXX,2026-07-02T15:29:00,2026-07-02T15:29:00,ACEITE SOJA ENVASADO,,RICARDONE,INGRESO,MovimientosPorContrato_20260702.xlsx,NO_TRUCKFLOW_MATCH
COMPROB_000301065232,XXXXXX,2026-07-02T15:29:00,2026-07-02T15:29:00,ACEITE SOJA ENVASADO,,RICARDONE,EGRESO,MovimientosPorContrato_20260702.xlsx,NO_TRUCKFLOW_MATCH
COMPROB_000301457701,XXXXXX,2026-07-02T15:29:00,2026-07-02T15:29:00,ACEITE SOJA ENVASADO,,RICARDONE,INGRESO,MovimientosPorContrato_20260702.xlsx,NO_TRUCKFLOW_MATCH
COMPROB_000301065233,XXXXXX,2026-07-02T15:29:00,2026-07-02T15:29:00,ACEITE SOJA ENVASADO,,RICARDONE,EGRESO,MovimientosPorContrato_20260702.xlsx,NO_TRUCKFLOW_MATCH
CTG_10133292715,ETH498,2026-07-02T11:38:00,2026-07-02T15:30:00,SOJA,VOLCABLE_PTO_2,TERMINAL_EMBARQUE,INGRESO,MovimientosPorContrato_20260702.xlsx,NO_TRUCKFLOW_MATCH
CTG_10133257118,MIH207,2026-07-01T21:14:00,2026-07-02T15:31:00,SOJA,VOLCABLE_PTO_2,TERMINAL_EMBARQUE,INGRESO,MovimientosPorContrato_20260702.xlsx,NO_TRUCKFLOW_MATCH
CTG_30033321808,CGS172,2026-07-02T14:14:00,2026-07-02T15:32:00,PELLETS GIRASOL,CARGA_SILO_11,RICARDONE,EGRESO,MovimientosPorContrato_20260702.xlsx,NO_TRUCKFLOW_MATCH
COMPROB_000404034964,MFS439,2026-07-02T09:25:00,2026-07-02T15:33:00,ACEITE SOJA CRUDO DESGOMADO,,TERMINAL_EMBARQUE,INGRESO,MovimientosPorContrato_20260702.xlsx,NO_TRUCKFLOW_MATCH
COMPROB_000400419154,KOE138,2026-07-02T08:36:00,2026-07-02T15:34:00,ACEITE GIRASOL REFINADO,ACEITE_OSL,TERMINAL_EMBARQUE,EGRESO,MovimientosPorContrato_20260702.xlsx,NO_TRUCKFLOW_MATCH
CTG_10233305697,RKE467,2026-07-02T09:24:00,2026-07-02T15:34:00,MAIZ,CELDA_171_-_CENTRO,AVELLANEDA,INGRESO,MovimientosPorContrato_20260702.xlsx,NO_TRUCKFLOW_MATCH
CTG_10133278583,AA616TM,2026-07-02T12:31:00,2026-07-02T15:37:00,SOJA,VOLCABLE_PTO_3,TERMINAL_EMBARQUE,INGRESO,MovimientosPorContrato_20260702.xlsx,NO_TRUCKFLOW_MATCH
CTG_30033322135,UER485,2026-07-02T14:26:00,2026-07-02T15:38:00,PELLETS GIRASOL,,RICARDONE,EGRESO,MovimientosPorContrato_20260702.xlsx,NO_TRUCKFLOW_MATCH
COMPROB_000404034966,PPPPPP,2026-07-02T15:39:00,2026-07-02T15:39:00,ACEITE SOJA CRUDO DESGOMADO,,TERMINAL_EMBARQUE,INGRESO,MovimientosPorContrato_20260702.xlsx,NO_TRUCKFLOW_MATCH
COMPROB_000400419155,PPPPPP,2026-07-02T15:39:00,2026-07-02T15:39:00,ACEITE SOJA CRUDO DESGOMADO,,TERMINAL_EMBARQUE,EGRESO,MovimientosPorContrato_20260702.xlsx,NO_TRUCKFLOW_MATCH
COMPROB_000404034967,PPPPPP,2026-07-02T15:39:00,2026-07-02T15:39:00,ACEITE SOJA CRUDO DESGOMADO,,TERMINAL_EMBARQUE,INGRESO,MovimientosPorContrato_20260702.xlsx,NO_TRUCKFLOW_MATCH
COMPROB_000400419156,PPPPPP,2026-07-02T15:39:00,2026-07-02T15:39:00,ACEITE SOJA CRUDO DESGOMADO,,TERMINAL_EMBARQUE,EGRESO,MovimientosPorContrato_20260702.xlsx,NO_TRUCKFLOW_MATCH
CTG_10133269019,AA545GG,2026-07-02T01:39:00,2026-07-02T15:41:00,SOJA,VOLCABLE_PTO_5,TERMINAL_EMBARQUE,INGRESO,MovimientosPorContrato_20260702.xlsx,NO_TRUCKFLOW_MATCH
CTG_10133299023,AG205RZ,2026-07-02T06:16:00,2026-07-02T15:42:00,SOJA,VOLCABLE_PTO_2,TERMINAL_EMBARQUE,INGRESO,MovimientosPorContrato_20260702.xlsx,NO_TRUCKFLOW_MATCH
CTG_30033322454,ROS380,2026-07-02T14:31:00,2026-07-02T15:43:00,PELLETS GIRASOL,CARGA_SILO_11,RICARDONE,EGRESO,MovimientosPorContrato_20260702.xlsx,NO_TRUCKFLOW_MATCH
COMPROB_000400419157,DON372,2026-07-02T15:27:00,2026-07-02T15:43:00,TARIMAS MADERA,,TERMINAL_EMBARQUE,EGRESO,MovimientosPorContrato_20260702.xlsx,NO_TRUCKFLOW_MATCH
CTG_10133287747,IWD115,2026-07-02T04:58:00,2026-07-02T15:45:00,SOJA,VOLCABLE_PTO_3,TERMINAL_EMBARQUE,INGRESO,MovimientosPorContrato_20260702.xlsx,NO_TRUCKFLOW_MATCH
CTG_10133290600,EOA751,2026-07-02T12:37:00,2026-07-02T15:46:00,SOJA,VOLCABLE_PTO_2,TERMINAL_EMBARQUE,INGRESO,MovimientosPorContrato_20260702.xlsx,NO_TRUCKFLOW_MATCH
CTG_10133284148,AC707CO,2026-07-02T09:05:00,2026-07-02T15:46:00,SOJA,VOLCABLE_PTO_5,TERMINAL_EMBARQUE,INGRESO,MovimientosPorContrato_20260702.xlsx,NO_TRUCKFLOW_MATCH
CTG_30033322656,HNE318,2026-07-01T22:13:00,2026-07-02T15:46:00,PELLETS GIRASOL,CARGA_SILO_11,RICARDONE,EGRESO,MovimientosPorContrato_20260702.xlsx,NO_TRUCKFLOW_MATCH
CTG_10133270854,NQJ140,2026-07-02T07:00:00,2026-07-02T15:47:00,SOJA,VOLCABLE_PTO_2,TERMINAL_EMBARQUE,INGRESO,MovimientosPorContrato_20260702.xlsx,NO_TRUCKFLOW_MATCH
CTG_10133292953,AH235FC,2026-07-02T13:06:00,2026-07-02T15:49:00,SOJA,VOLCABLE_PTO_2,TERMINAL_EMBARQUE,INGRESO,MovimientosPorContrato_20260702.xlsx,NO_TRUCKFLOW_MATCH
CTG_10233291017,HOL835,2026-07-02T06:21:00,2026-07-02T15:50:00,SOJA,VOLCABLE_PTO_3,TERMINAL_EMBARQUE,INGRESO,MovimientosPorContrato_20260702.xlsx,NO_TRUCKFLOW_MATCH
COMPROB_000400419158,LZP122,2026-07-02T13:36:00,2026-07-02T15:52:00,RESIDUOS ORG,,TERMINAL_EMBARQUE,EGRESO,MovimientosPorContrato_20260702.xlsx,NO_TRUCKFLOW_MATCH
COMPROB_000200319716,AH240HO,2026-07-02T15:08:00,2026-07-02T15:55:00,ALCOHOL ETILICO ANHIDRO P/ BIOCOMB ORIG CEREAL,T1002,AVELLANEDA,EGRESO,MovimientosPorContrato_20260702.xlsx,NO_TRUCKFLOW_MATCH
COMPROB_000404034976,HGK066,2026-07-02T15:19:00,2026-07-02T15:56:00,PRODUCTOS VARIOS,,TERMINAL_EMBARQUE,INGRESO,MovimientosPorContrato_20260702.xlsx,NO_TRUCKFLOW_MATCH
CTG_10133291596,AA544PP,2026-07-02T13:07:00,2026-07-02T15:57:00,SOJA,VOLCABLE_PTO_2,TERMINAL_EMBARQUE,INGRESO,MovimientosPorContrato_20260702.xlsx,NO_TRUCKFLOW_MATCH
CTG_30033320863,RDL445,2026-07-02T15:31:00,2026-07-02T15:59:00,PELLETS GIRASOL,VOLCABLE_PTO_4,TERMINAL_EMBARQUE,INGRESO,MovimientosPorContrato_20260702.xlsx,NO_TRUCKFLOW_MATCH
CTG_10233295557,AFX974,2026-07-02T07:25:00,2026-07-02T16:00:00,SOJA,VOLCABLE_PTO_3,TERMINAL_EMBARQUE,INGRESO,MovimientosPorContrato_20260702.xlsx,NO_TRUCKFLOW_MATCH
COMPROB_000400419159,CAA384,2026-07-02T09:54:00,2026-07-02T16:01:00,ACEITE GIRASOL REFINADO,ACEITE_OSL,TERMINAL_EMBARQUE,EGRESO,MovimientosPorContrato_20260702.xlsx,NO_TRUCKFLOW_MATCH
CTG_10133287045,AB329VR,2026-07-02T07:11:00,2026-07-02T16:05:00,SOJA,VOLCABLE_PTO_2,TERMINAL_EMBARQUE,INGRESO,MovimientosPorContrato_20260702.xlsx,NO_TRUCKFLOW_MATCH
CTG_30033321349,CKQ212,2026-07-02T15:43:00,2026-07-02T16:06:00,PELLETS GIRASOL,VOLCABLE_PTO_4,TERMINAL_EMBARQUE,INGRESO,MovimientosPorContrato_20260702.xlsx,NO_TRUCKFLOW_MATCH
CTG_10233298887,BMY837,2026-07-02T07:09:00,2026-07-02T16:09:00,SOJA,VOLCABLE_PTO_3,TERMINAL_EMBARQUE,INGRESO,MovimientosPorContrato_20260702.xlsx,NO_TRUCKFLOW_MATCH
COMPROB_000400419160,AA703FC,2026-07-02T15:53:00,2026-07-02T16:11:00,TIERRA DESC FILTROS,,TERMINAL_EMBARQUE,EGRESO,MovimientosPorContrato_20260702.xlsx,NO_TRUCKFLOW_MATCH
CTG_10233305741,AB052EY,2026-07-02T13:12:00,2026-07-02T16:13:00,SOJA,VOLCABLE_PTO_3,TERMINAL_EMBARQUE,INGRESO,MovimientosPorContrato_20260702.xlsx,NO_TRUCKFLOW_MATCH
CTG_30033321467,UUO981,2026-07-02T15:44:00,2026-07-02T16:13:00,PELLETS GIRASOL,VOLCABLE_PTO_4,TERMINAL_EMBARQUE,INGRESO,MovimientosPorContrato_20260702.xlsx,NO_TRUCKFLOW_MATCH
CTG_10233286481,KDM849,2026-07-01T22:23:00,2026-07-02T16:16:00,MAIZ,CELDA_171_-_CENTRO,AVELLANEDA,INGRESO,MovimientosPorContrato_20260702.xlsx,NO_TRUCKFLOW_MATCH
CTG_10133289714,IPF452,2026-07-02T10:02:00,2026-07-02T16:19:00,SOJA,VOLCABLE_PTO_5,TERMINAL_EMBARQUE,INGRESO,MovimientosPorContrato_20260702.xlsx,NO_TRUCKFLOW_MATCH
CTG_30033321808,CGS172,2026-07-02T15:53:00,2026-07-02T16:20:00,PELLETS GIRASOL,VOLCABLE_PTO_4,TERMINAL_EMBARQUE,INGRESO,MovimientosPorContrato_20260702.xlsx,NO_TRUCKFLOW_MATCH
CTG_30033324698,OQT140,2026-07-02T11:47:00,2026-07-02T16:21:00,ACEITE SOJA CRUDO DESGOMADO,,TERMINAL_EMBARQUE,EGRESO,MovimientosPorContrato_20260702.xlsx,NO_TRUCKFLOW_MATCH
CTG_10133288010,ENE620,2026-07-02T07:04:00,2026-07-02T16:24:00,SOJA,VOLCABLE_PTO_3,TERMINAL_EMBARQUE,INGRESO,MovimientosPorContrato_20260702.xlsx,NO_TRUCKFLOW_MATCH
CTG_10133284183,MUS277,2026-07-02T09:04:00,2026-07-02T16:25:00,SOJA,VOLCABLE_PTO_5,TERMINAL_EMBARQUE,INGRESO,MovimientosPorContrato_20260702.xlsx,NO_TRUCKFLOW_MATCH
CTG_10233291617,PBV293,2026-07-02T07:32:00,2026-07-02T16:27:00,SOJA,VOLCABLE_PTO_2,TERMINAL_EMBARQUE,INGRESO,MovimientosPorContrato_20260702.xlsx,NO_TRUCKFLOW_MATCH
CTG_30033322135,UER485,2026-07-02T15:55:00,2026-07-02T16:28:00,PELLETS GIRASOL,VOLCABLE_PTO_4,TERMINAL_EMBARQUE,INGRESO,MovimientosPorContrato_20260702.xlsx,NO_TRUCKFLOW_MATCH
CTG_10233275593,UXN362,2026-07-02T07:59:00,2026-07-02T16:29:00,SOJA,VOLCABLE_PTO_3,TERMINAL_EMBARQUE,INGRESO,MovimientosPorContrato_20260702.xlsx,NO_TRUCKFLOW_MATCH
CTG_10233295905,MOK879,2026-07-02T09:35:00,2026-07-02T16:31:00,GIRASOL,VOLCABLE_1,RICARDONE,INGRESO,MovimientosPorContrato_20260702.xlsx,NO_TRUCKFLOW_MATCH
CTG_10133284569,AE821PH,2026-07-02T08:21:00,2026-07-02T16:31:00,SOJA,VOLCABLE_PTO_5,TERMINAL_EMBARQUE,INGRESO,MovimientosPorContrato_20260702.xlsx,NO_TRUCKFLOW_MATCH
CTG_30033325256,EHS233,2026-07-02T14:56:00,2026-07-02T16:32:00,PELLETS GIRASOL,,RICARDONE,EGRESO,MovimientosPorContrato_20260702.xlsx,NO_TRUCKFLOW_MATCH
CTG_10233294552,AE342RW,2026-07-02T07:41:00,2026-07-02T16:32:00,SOJA,VOLCABLE_PTO_2,TERMINAL_EMBARQUE,INGRESO,MovimientosPorContrato_20260702.xlsx,NO_TRUCKFLOW_MATCH
CTG_30033325331,SAT582,2026-07-02T14:42:00,2026-07-02T16:33:00,PELLETS GIRASOL,CARGA_SILO_11,RICARDONE,EGRESO,MovimientosPorContrato_20260702.xlsx,NO_TRUCKFLOW_MATCH
CTG_10133293313,AH650BH,2026-07-02T08:42:00,2026-07-02T16:33:00,SOJA,VOLCABLE_PTO_5,TERMINAL_EMBARQUE,INGRESO,MovimientosPorContrato_20260702.xlsx,NO_TRUCKFLOW_MATCH
CTG_30033325433,LZB017,2026-07-02T15:00:00,2026-07-02T16:34:00,PELLETS GIRASOL,,RICARDONE,EGRESO,MovimientosPorContrato_20260702.xlsx,NO_TRUCKFLOW_MATCH
CTG_10233288962,AD124SU,2026-07-02T07:58:00,2026-07-02T16:35:00,SOJA,VOLCABLE_PTO_3,TERMINAL_EMBARQUE,INGRESO,MovimientosPorContrato_20260702.xlsx,NO_TRUCKFLOW_MATCH
CTG_30033303171,TKS227,2026-07-02T08:21:00,2026-07-02T16:37:00,ACEITE GIRASOL PARA REFINAR,ACEITE_PTO,TERMINAL_EMBARQUE,INGRESO,MovimientosPorContrato_20260702.xlsx,NO_TRUCKFLOW_MATCH
CTG_10133276166,WOR979,2026-07-02T09:41:00,2026-07-02T16:40:00,GIRASOL,VOLCABLE_1,RICARDONE,INGRESO,MovimientosPorContrato_20260702.xlsx,NO_TRUCKFLOW_MATCH
CTG_10133298434,JNF941,2026-07-02T09:16:00,2026-07-02T16:41:00,SOJA,VOLCABLE_PTO_2,TERMINAL_EMBARQUE,INGRESO,MovimientosPorContrato_20260702.xlsx,NO_TRUCKFLOW_MATCH
CTG_30033322454,ROS380,2026-07-02T15:59:00,2026-07-02T16:42:00,PELLETS GIRASOL,VOLCABLE_PTO_4,TERMINAL_EMBARQUE,INGRESO,MovimientosPorContrato_20260702.xlsx,NO_TRUCKFLOW_MATCH
CTG_10133291508,PKG996,2026-07-02T09:48:00,2026-07-02T16:43:00,SOJA,VOLCABLE_PTO_3,TERMINAL_EMBARQUE,INGRESO,MovimientosPorContrato_20260702.xlsx,NO_TRUCKFLOW_MATCH
CTG_10233301843,HEF330,2026-07-02T09:04:00,2026-07-02T16:47:00,SOJA,VOLCABLE_PTO_2,TERMINAL_EMBARQUE,INGRESO,MovimientosPorContrato_20260702.xlsx,NO_TRUCKFLOW_MATCH
CTG_10133299435,MDY743,2026-07-02T09:26:00,2026-07-02T16:50:00,MAIZ,CELDA_171_-_CENTRO,AVELLANEDA,INGRESO,MovimientosPorContrato_20260702.xlsx,NO_TRUCKFLOW_MATCH
CTG_30033322656,HNE318,2026-07-02T16:02:00,2026-07-02T16:51:00,PELLETS GIRASOL,VOLCABLE_PTO_4,TERMINAL_EMBARQUE,INGRESO,MovimientosPorContrato_20260702.xlsx,NO_TRUCKFLOW_MATCH
COMPROB_000200319717,AH427GV,2026-07-02T16:35:00,2026-07-02T16:52:00,BURLANDA HUMEDA,DEPOSITO_BURLANDAS,AVELLANEDA,EGRESO,MovimientosPorContrato_20260702.xlsx,NO_TRUCKFLOW_MATCH
CTG_10233301385,AD197DL,2026-07-02T09:49:00,2026-07-02T16:54:00,SOJA,VOLCABLE_PTO_3,TERMINAL_EMBARQUE,INGRESO,MovimientosPorContrato_20260702.xlsx,NO_TRUCKFLOW_MATCH
CTG_10133291513,BXV289,2026-07-02T13:43:00,2026-07-02T16:55:00,SOJA,VOLCABLE_PTO_2,TERMINAL_EMBARQUE,INGRESO,MovimientosPorContrato_20260702.xlsx,NO_TRUCKFLOW_MATCH
CTG_10133292539,NEX117,2026-07-02T13:45:00,2026-07-02T16:56:00,SOJA,VOLCABLE_PTO_5,TERMINAL_EMBARQUE,INGRESO,MovimientosPorContrato_20260702.xlsx,NO_TRUCKFLOW_MATCH
CTG_10133291812,LXL343,2026-07-02T13:45:00,2026-07-02T17:01:00,SOJA,VOLCABLE_PTO_3,TERMINAL_EMBARQUE,INGRESO,MovimientosPorContrato_20260702.xlsx,NO_TRUCKFLOW_MATCH
CTG_10233306099,GZG304,2026-07-02T09:33:00,2026-07-02T17:05:00,MAIZ,CELDA_171_-_CENTRO,AVELLANEDA,INGRESO,MovimientosPorContrato_20260702.xlsx,NO_TRUCKFLOW_MATCH
CTG_10233293551,MNI973,2026-07-02T13:47:00,2026-07-02T17:05:00,SOJA,VOLCABLE_PTO_5,TERMINAL_EMBARQUE,INGRESO,MovimientosPorContrato_20260702.xlsx,NO_TRUCKFLOW_MATCH
CTG_30033325256,EHS233,2026-07-02T16:46:00,2026-07-02T17:06:00,PELLETS GIRASOL,VOLCABLE_PTO_4,TERMINAL_EMBARQUE,INGRESO,MovimientosPorContrato_20260702.xlsx,NO_TRUCKFLOW_MATCH
CTG_10133311431,AH517KI,2026-07-02T14:04:00,2026-07-02T17:07:00,SOJA,VOLCABLE_PTO_3,TERMINAL_EMBARQUE,INGRESO,MovimientosPorContrato_20260702.xlsx,NO_TRUCKFLOW_MATCH
CTG_30033325433,LZB017,2026-07-02T16:47:00,2026-07-02T17:11:00,PELLETS GIRASOL,VOLCABLE_PTO_4,TERMINAL_EMBARQUE,INGRESO,MovimientosPorContrato_20260702.xlsx,NO_TRUCKFLOW_MATCH
CTG_10133268898,AB058HQ,2026-07-02T01:38:00,2026-07-02T17:13:00,SOJA,VOLCABLE_PTO_2,TERMINAL_EMBARQUE,INGRESO,MovimientosPorContrato_20260702.xlsx,NO_TRUCKFLOW_MATCH
CTG_30033327519,RDL445,2026-07-02T16:17:00,2026-07-02T17:14:00,PELLETS GIRASOL,CARGA_SILO_11,RICARDONE,EGRESO,MovimientosPorContrato_20260702.xlsx,NO_TRUCKFLOW_MATCH
CTG_10133298318,AF079FO,2026-07-02T13:56:00,2026-07-02T17:15:00,SOJA,VOLCABLE_PTO_5,TERMINAL_EMBARQUE,INGRESO,MovimientosPorContrato_20260702.xlsx,NO_TRUCKFLOW_MATCH
CTG_10133311904,AG398JZ,2026-07-02T14:05:00,2026-07-02T17:18:00,SOJA,VOLCABLE_PTO_2,TERMINAL_EMBARQUE,INGRESO,MovimientosPorContrato_20260702.xlsx,NO_TRUCKFLOW_MATCH
CTG_30033303432,RPL435,2026-07-02T08:53:00,2026-07-02T17:19:00,ACEITE GIRASOL PARA REFINAR,ACEITE_PTO,TERMINAL_EMBARQUE,INGRESO,MovimientosPorContrato_20260702.xlsx,NO_TRUCKFLOW_MATCH
CTG_10133275134,KRE352,2026-07-02T09:46:00,2026-07-02T17:19:00,GIRASOL,VOLCABLE_1,RICARDONE,INGRESO,MovimientosPorContrato_20260702.xlsx,NO_TRUCKFLOW_MATCH
CTG_30033327750,CKQ212,2026-07-02T16:27:00,2026-07-02T17:20:00,PELLETS GIRASOL,CARGA_SILO_11,RICARDONE,EGRESO,MovimientosPorContrato_20260702.xlsx,NO_TRUCKFLOW_MATCH
CTG_30033325331,SAT582,2026-07-02T16:48:00,2026-07-02T17:21:00,PELLETS GIRASOL,VOLCABLE_PTO_4,TERMINAL_EMBARQUE,INGRESO,MovimientosPorContrato_20260702.xlsx,NO_TRUCKFLOW_MATCH
CTG_10133298147,AC358JY,2026-07-02T14:18:00,2026-07-02T17:25:00,SOJA,VOLCABLE_PTO_2,TERMINAL_EMBARQUE,INGRESO,MovimientosPorContrato_20260702.xlsx,NO_TRUCKFLOW_MATCH
COMPROB_000400419162,UUH077,2026-07-02T09:57:00,2026-07-02T17:28:00,ACEITE GIRASOL REFINADO,ACEITE_OSL,TERMINAL_EMBARQUE,EGRESO,MovimientosPorContrato_20260702.xlsx,NO_TRUCKFLOW_MATCH
CTG_10133228121,KAX094,2026-07-02T13:46:00,2026-07-02T17:29:00,SOJA,VOLCABLE_PTO_5,TERMINAL_EMBARQUE,INGRESO,MovimientosPorContrato_20260702.xlsx,NO_TRUCKFLOW_MATCH
CTG_30033328254,UUO981,2026-07-02T16:30:00,2026-07-02T17:29:00,PELLETS GIRASOL,CARGA_SILO_11,RICARDONE,EGRESO,MovimientosPorContrato_20260702.xlsx,NO_TRUCKFLOW_MATCH
CTG_10233288029,AF299VY,2026-07-02T14:29:00,2026-07-02T17:32:00,SOJA,VOLCABLE_PTO_2,TERMINAL_EMBARQUE,INGRESO,MovimientosPorContrato_20260702.xlsx,NO_TRUCKFLOW_MATCH
CTG_10133293513,FDA527,2026-07-02T09:39:00,2026-07-02T17:35:00,MAIZ,CELDA_171_-_CENTRO,AVELLANEDA,INGRESO,MovimientosPorContrato_20260702.xlsx,NO_TRUCKFLOW_MATCH
COMPROB_000200431018,DLH140,2026-07-01T03:30:00,2026-07-02T17:37:00,CHIP EN ORIGEN,PLAYA_LEÑA_Y_CHIP,AVELLANEDA,INGRESO,MovimientosPorContrato_20260702.xlsx,NO_TRUCKFLOW_MATCH
CTG_10233267810,AH532DJ,2026-07-02T14:23:00,2026-07-02T17:37:00,SOJA,VOLCABLE_PTO_2,TERMINAL_EMBARQUE,INGRESO,MovimientosPorContrato_20260702.xlsx,NO_TRUCKFLOW_MATCH
CTG_30033328804,FFM492,2026-07-02T15:22:00,2026-07-02T17:40:00,PELLETS GIRASOL,,RICARDONE,EGRESO,MovimientosPorContrato_20260702.xlsx,NO_TRUCKFLOW_MATCH
CTG_10233288200,AE194GI,2026-07-02T14:30:00,2026-07-02T17:42:00,SOJA,VOLCABLE_PTO_2,TERMINAL_EMBARQUE,INGRESO,MovimientosPorContrato_20260702.xlsx,NO_TRUCKFLOW_MATCH
CTG_30033303806,GVJ645,2026-07-02T09:10:00,2026-07-02T17:45:00,ACEITE GIRASOL PARA REFINAR,ACEITE_PTO,TERMINAL_EMBARQUE,INGRESO,MovimientosPorContrato_20260702.xlsx,NO_TRUCKFLOW_MATCH
CTG_10133280867,HRK060,2026-07-02T14:24:00,2026-07-02T17:46:00,SOJA,VOLCABLE_PTO_2,TERMINAL_EMBARQUE,INGRESO,MovimientosPorContrato_20260702.xlsx,NO_TRUCKFLOW_MATCH
CTG_10233312246,LBF848,2026-07-02T14:01:00,2026-07-02T17:48:00,SOJA,VOLCABLE_PTO_3,TERMINAL_EMBARQUE,INGRESO,MovimientosPorContrato_20260702.xlsx,NO_TRUCKFLOW_MATCH
CTG_30033329266,UER485,2026-07-02T16:45:00,2026-07-02T17:48:00,PELLETS GIRASOL,,RICARDONE,EGRESO,MovimientosPorContrato_20260702.xlsx,NO_TRUCKFLOW_MATCH
CTG_30033327519,RDL445,2026-07-02T17:29:00,2026-07-02T17:49:00,PELLETS GIRASOL,VOLCABLE_PTO_4,TERMINAL_EMBARQUE,INGRESO,MovimientosPorContrato_20260702.xlsx,NO_TRUCKFLOW_MATCH
CTG_10133300289,HPV267,2026-07-02T14:18:00,2026-07-02T17:53:00,SOJA,VOLCABLE_PTO_5,TERMINAL_EMBARQUE,INGRESO,MovimientosPorContrato_20260702.xlsx,NO_TRUCKFLOW_MATCH
CTG_10133308629,CBL564,2026-07-02T14:32:00,2026-07-02T17:54:00,SOJA,VOLCABLE_PTO_2,TERMINAL_EMBARQUE,INGRESO,MovimientosPorContrato_20260702.xlsx,NO_TRUCKFLOW_MATCH
COMPROB_000200431019,RQE231,2026-07-01T17:01:00,2026-07-02T17:55:00,LEÑA CORTA SELECC,PLAYA_LEÑA_Y_CHIP,AVELLANEDA,INGRESO,MovimientosPorContrato_20260702.xlsx,NO_TRUCKFLOW_MATCH
CTG_30033329747,EYH843,2026-07-02T16:49:00,2026-07-02T17:57:00,PELLETS GIRASOL,,RICARDONE,EGRESO,MovimientosPorContrato_20260702.xlsx,NO_TRUCKFLOW_MATCH
COMPROB_000200431020,ADL643,2026-07-02T09:54:00,2026-07-02T17:57:00,LEÑA CORTA,PLAYA_LEÑA_Y_CHIP,AVELLANEDA,INGRESO,MovimientosPorContrato_20260702.xlsx,NO_TRUCKFLOW_MATCH
CTG_10233298965,PJO955,2026-07-02T14:38:00,2026-07-02T17:58:00,SOJA,VOLCABLE_PTO_2,TERMINAL_EMBARQUE,INGRESO,MovimientosPorContrato_20260702.xlsx,NO_TRUCKFLOW_MATCH
COMPROB_000400419163,ENQ310,2026-07-02T11:55:00,2026-07-02T17:59:00,ACEITE GIRASOL REFINADO,ACEITE_OSL,TERMINAL_EMBARQUE,EGRESO,MovimientosPorContrato_20260702.xlsx,NO_TRUCKFLOW_MATCH
COMPROB_000200319718,AH333VC,2026-07-02T17:13:00,2026-07-02T18:00:00,ALCOHOL ETILICO ANHIDRO P/ BIOCOMB ORIG CEREAL,T1002,AVELLANEDA,EGRESO,MovimientosPorContrato_20260702.xlsx,NO_TRUCKFLOW_MATCH
CTG_10133273762,ETC938,2026-07-02T09:47:00,2026-07-02T18:01:00,GIRASOL,VOLCABLE_1,RICARDONE,INGRESO,MovimientosPorContrato_20260702.xlsx,NO_TRUCKFLOW_MATCH
CTG_10133287061,FPI166,2026-07-02T14:05:00,2026-07-02T18:02:00,SOJA,VOLCABLE_PTO_5,TERMINAL_EMBARQUE,INGRESO,MovimientosPorContrato_20260702.xlsx,NO_TRUCKFLOW_MATCH
CTG_10133293538,GFE269,2026-07-02T09:43:00,2026-07-02T18:03:00,MAIZ,CELDA_171_-_CENTRO,AVELLANEDA,INGRESO,MovimientosPorContrato_20260702.xlsx,NO_TRUCKFLOW_MATCH
CTG_10133302041,BYT065,2026-07-02T14:55:00,2026-07-02T18:07:00,SOJA,VOLCABLE_PTO_5,TERMINAL_EMBARQUE,INGRESO,MovimientosPorContrato_20260702.xlsx,NO_TRUCKFLOW_MATCH
CTG_10133288809,GEK197,2026-07-02T14:46:00,2026-07-02T18:09:00,SOJA,VOLCABLE_PTO_2,TERMINAL_EMBARQUE,INGRESO,MovimientosPorContrato_20260702.xlsx,NO_TRUCKFLOW_MATCH
CTG_30033330234,ROS380,2026-07-02T16:56:00,2026-07-02T18:10:00,PELLETS GIRASOL,CARGA_SILO_11,RICARDONE,EGRESO,MovimientosPorContrato_20260702.xlsx,NO_TRUCKFLOW_MATCH
CTG_30033327750,CKQ212,2026-07-02T17:56:00,2026-07-02T18:12:00,PELLETS GIRASOL,VOLCABLE_PTO_4,TERMINAL_EMBARQUE,INGRESO,MovimientosPorContrato_20260702.xlsx,NO_TRUCKFLOW_MATCH
CTG_10133306709,AH237ML,2026-07-02T14:51:00,2026-07-02T18:13:00,SOJA,VOLCABLE_PTO_2,TERMINAL_EMBARQUE,INGRESO,MovimientosPorContrato_20260702.xlsx,NO_TRUCKFLOW_MATCH
CTG_10233316194,BOL285,2026-07-02T14:57:00,2026-07-02T18:15:00,SOJA,VOLCABLE_PTO_5,TERMINAL_EMBARQUE,INGRESO,MovimientosPorContrato_20260702.xlsx,NO_TRUCKFLOW_MATCH
CTG_10233316126,IWV405,2026-07-02T14:59:00,2026-07-02T18:20:00,SOJA,VOLCABLE_PTO_2,TERMINAL_EMBARQUE,INGRESO,MovimientosPorContrato_20260702.xlsx,NO_TRUCKFLOW_MATCH
CTG_30033330681,HNE318,2026-07-02T17:09:00,2026-07-02T18:21:00,PELLETS GIRASOL,CARGA_SILO_11,RICARDONE,EGRESO,MovimientosPorContrato_20260702.xlsx,NO_TRUCKFLOW_MATCH
CTG_30033330699,AD968KP,2026-07-02T12:43:00,2026-07-02T18:22:00,ACEITE SOJA CRUDO DESGOMADO,,TERMINAL_EMBARQUE,EGRESO,MovimientosPorContrato_20260702.xlsx,NO_TRUCKFLOW_MATCH
CTG_10133293251,AF426CH,2026-07-02T10:38:00,2026-07-02T18:24:00,SOJA,VOLCABLE_PTO_5,TERMINAL_EMBARQUE,INGRESO,MovimientosPorContrato_20260702.xlsx,NO_TRUCKFLOW_MATCH
CTG_30033302729,AA463TD,2026-07-02T09:32:00,2026-07-02T18:25:00,ACEITE GIRASOL PARA REFINAR,ACEITE_PTO,TERMINAL_EMBARQUE,INGRESO,MovimientosPorContrato_20260702.xlsx,NO_TRUCKFLOW_MATCH
CTG_30033328254,UUO981,2026-07-02T18:11:00,2026-07-02T18:26:00,PELLETS GIRASOL,VOLCABLE_PTO_4,TERMINAL_EMBARQUE,INGRESO,MovimientosPorContrato_20260702.xlsx,NO_TRUCKFLOW_MATCH
CTG_30033304387,EXR046,2026-07-02T09:39:00,2026-07-02T18:27:00,ACEITE GIRASOL PARA REFINAR,ACEITE_PTO,TERMINAL_EMBARQUE,INGRESO,MovimientosPorContrato_20260702.xlsx,NO_TRUCKFLOW_MATCH
CTG_10233287313,DOA548,2026-07-02T12:44:00,2026-07-02T18:28:00,SOJA,VOLCABLE_PTO_2,TERMINAL_EMBARQUE,INGRESO,MovimientosPorContrato_20260702.xlsx,NO_TRUCKFLOW_MATCH
CTG_30033330978,RXD557,2026-07-02T17:10:00,2026-07-02T18:31:00,PELLETS GIRASOL,CARGA_SILO_11,RICARDONE,EGRESO,MovimientosPorContrato_20260702.xlsx,NO_TRUCKFLOW_MATCH
CTG_10233307129,DEO511,2026-07-02T09:59:00,2026-07-02T18:33:00,MAIZ,CELDA_171_-_CENTRO,AVELLANEDA,INGRESO,MovimientosPorContrato_20260702.xlsx,NO_TRUCKFLOW_MATCH
CTG_10133298649,AE976WT,2026-07-02T15:04:00,2026-07-02T18:34:00,SOJA,VOLCABLE_PTO_5,TERMINAL_EMBARQUE,INGRESO,MovimientosPorContrato_20260702.xlsx,NO_TRUCKFLOW_MATCH
CTG_10133313487,AB417TU,2026-07-02T15:06:00,2026-07-02T18:36:00,SOJA,VOLCABLE_PTO_2,TERMINAL_EMBARQUE,INGRESO,MovimientosPorContrato_20260702.xlsx,NO_TRUCKFLOW_MATCH
COMPROB_000200431023,GPQ340,2026-07-02T17:09:00,2026-07-02T18:37:00,LEÑA EUCALIPTUS,PLAYA_LEÑA_Y_CHIP,AVELLANEDA,INGRESO,MovimientosPorContrato_20260702.xlsx,NO_TRUCKFLOW_MATCH
CTG_10133272613,GKJ918,2026-07-02T07:57:00,2026-07-02T18:41:00,GIRASOL,VOLCABLE_1,RICARDONE,INGRESO,MovimientosPorContrato_20260702.xlsx,NO_TRUCKFLOW_MATCH
CTG_10133296976,AC503CW,2026-07-02T15:27:00,2026-07-02T18:43:00,SOJA,VOLCABLE_PTO_2,TERMINAL_EMBARQUE,INGRESO,MovimientosPorContrato_20260702.xlsx,NO_TRUCKFLOW_MATCH
COMPROB_000200319719,AG515GV,2026-07-02T17:42:00,2026-07-02T18:44:00,ALCOHOL ETILICO ANHIDRO P/ BIOCOMB ORIG CEREAL,T1002,AVELLANEDA,EGRESO,MovimientosPorContrato_20260702.xlsx,NO_TRUCKFLOW_MATCH
CTG_10133289589,HEG459,2026-07-02T11:27:00,2026-07-02T18:44:00,SOJA,VOLCABLE_PTO_5,TERMINAL_EMBARQUE,INGRESO,MovimientosPorContrato_20260702.xlsx,NO_TRUCKFLOW_MATCH
CTG_30033329266,UER485,2026-07-02T18:26:00,2026-07-02T18:45:00,PELLETS GIRASOL,,TERMINAL_EMBARQUE,INGRESO,MovimientosPorContrato_20260702.xlsx,NO_TRUCKFLOW_MATCH
CTG_10133290053,AA681ZR,2026-07-02T12:38:00,2026-07-02T18:46:00,SOJA,VOLCABLE_PTO_2,TERMINAL_EMBARQUE,INGRESO,MovimientosPorContrato_20260702.xlsx,NO_TRUCKFLOW_MATCH
CTG_10133289598,MXK418,2026-07-02T15:11:00,2026-07-02T18:51:00,SOJA,VOLCABLE_PTO_5,TERMINAL_EMBARQUE,INGRESO,MovimientosPorContrato_20260702.xlsx,NO_TRUCKFLOW_MATCH
CTG_30033329747,EYH843,2026-07-02T18:26:00,2026-07-02T18:53:00,PELLETS GIRASOL,VOLCABLE_PTO_4,TERMINAL_EMBARQUE,INGRESO,MovimientosPorContrato_20260702.xlsx,NO_TRUCKFLOW_MATCH
CTG_30033328804,FFM492,2026-07-02T18:19:00,2026-07-02T18:55:00,PELLETS GIRASOL,VOLCABLE_PTO_4,TERMINAL_EMBARQUE,INGRESO,MovimientosPorContrato_20260702.xlsx,NO_TRUCKFLOW_MATCH
COMPROB_000200431024,RER636,2026-07-02T17:25:00,2026-07-02T18:58:00,LEÑA CORTA,PLAYA_LEÑA_Y_CHIP,AVELLANEDA,INGRESO,MovimientosPorContrato_20260702.xlsx,NO_TRUCKFLOW_MATCH
CTG_10133293425,ECK971,2026-07-02T10:00:00,2026-07-02T19:11:00,MAIZ,CELDA_171_-_CENTRO,AVELLANEDA,INGRESO,MovimientosPorContrato_20260702.xlsx,NO_TRUCKFLOW_MATCH
COMPROB_000200319720,AF615DY,2026-07-02T18:22:00,2026-07-02T19:22:00,ALCOHOL ETILICO ANHIDRO P/ BIOCOMB ORIG CEREAL,T1002,AVELLANEDA,EGRESO,MovimientosPorContrato_20260702.xlsx,NO_TRUCKFLOW_MATCH
CTG_10133271210,GUS514,2026-07-02T04:11:00,2026-07-02T19:37:00,SOJA,VOLCABLE_PTO_5,TERMINAL_EMBARQUE,INGRESO,MovimientosPorContrato_20260702.xlsx,NO_TRUCKFLOW_MATCH
CTG_10233307642,VNP426,2026-07-02T10:11:00,2026-07-02T19:38:00,MAIZ,CELDA_171_-_CENTRO,AVELLANEDA,INGRESO,MovimientosPorContrato_20260702.xlsx,NO_TRUCKFLOW_MATCH
COMPROB_000404035049,AF615IJ,2026-07-02T15:47:00,2026-07-02T19:39:00,HIPOCLORITO DE SODIO,,TERMINAL_EMBARQUE,INGRESO,MovimientosPorContrato_20260702.xlsx,NO_TRUCKFLOW_MATCH
COMPROB_000200431027,AE817TT,2026-07-02T15:13:00,2026-07-02T19:40:00,CHIP DE EUCALIPTUS,PLAYA_LEÑA_Y_CHIP,AVELLANEDA,INGRESO,MovimientosPorContrato_20260702.xlsx,NO_TRUCKFLOW_MATCH
CTG_10233295066,MXC915,2026-07-02T08:44:00,2026-07-02T19:40:00,GIRASOL,VOLCABLE_1,RICARDONE,INGRESO,MovimientosPorContrato_20260702.xlsx,NO_TRUCKFLOW_MATCH
CTG_30033330234,ROS380,2026-07-02T18:31:00,2026-07-02T19:40:00,PELLETS GIRASOL,VOLCABLE_PTO_4,TERMINAL_EMBARQUE,INGRESO,MovimientosPorContrato_20260702.xlsx,NO_TRUCKFLOW_MATCH
CTG_30033332635,EHS233,2026-07-02T17:30:00,2026-07-02T19:45:00,PELLETS GIRASOL,,RICARDONE,EGRESO,MovimientosPorContrato_20260702.xlsx,NO_TRUCKFLOW_MATCH
CTG_30033330681,HNE318,2026-07-02T18:39:00,2026-07-02T19:50:00,PELLETS GIRASOL,VOLCABLE_PTO_4,TERMINAL_EMBARQUE,INGRESO,MovimientosPorContrato_20260702.xlsx,NO_TRUCKFLOW_MATCH
CTG_10133288365,LEE296,2026-07-02T09:58:00,2026-07-02T19:50:00,SOJA,VOLCABLE_PTO_5,TERMINAL_EMBARQUE,INGRESO,MovimientosPorContrato_20260702.xlsx,NO_TRUCKFLOW_MATCH
CTG_10133298802,ABW703,2026-07-02T09:15:00,2026-07-02T19:51:00,SOJA,VOLCABLE_PTO_5,TERMINAL_EMBARQUE,INGRESO,MovimientosPorContrato_20260702.xlsx,NO_TRUCKFLOW_MATCH
CTG_30033330978,RXD557,2026-07-02T18:45:00,2026-07-02T19:52:00,PELLETS GIRASOL,VOLCABLE_PTO_4,TERMINAL_EMBARQUE,INGRESO,MovimientosPorContrato_20260702.xlsx,NO_TRUCKFLOW_MATCH
CTG_30033306678,AKJ611,2026-07-02T10:39:00,2026-07-02T20:00:00,ACEITE GIRASOL PARA REFINAR,ACEITE_PTO,TERMINAL_EMBARQUE,INGRESO,MovimientosPorContrato_20260702.xlsx,NO_TRUCKFLOW_MATCH
CTG_10133300561,GEN242,2026-07-02T00:43:00,2026-07-02T20:03:00,GIRASOL,VOLCABLE_1,RICARDONE,INGRESO,MovimientosPorContrato_20260702.xlsx,NO_TRUCKFLOW_MATCH
CTG_30033332921,LZB017,2026-07-02T17:34:00,2026-07-02T20:04:00,PELLETS GIRASOL,,RICARDONE,EGRESO,MovimientosPorContrato_20260702.xlsx,NO_TRUCKFLOW_MATCH
CTG_10233316261,KSP508,2026-07-02T15:24:00,2026-07-02T20:07:00,SOJA,VOLCABLE_PTO_5,TERMINAL_EMBARQUE,INGRESO,MovimientosPorContrato_20260702.xlsx,NO_TRUCKFLOW_MATCH
CTG_30033305429,AJV928,2026-07-02T10:02:00,2026-07-02T20:08:00,ACEITE GIRASOL PARA REFINAR,ACEITE_PTO,TERMINAL_EMBARQUE,INGRESO,MovimientosPorContrato_20260702.xlsx,NO_TRUCKFLOW_MATCH
CTG_10133300011,AG372PF,2026-07-02T16:01:00,2026-07-02T20:12:00,SOJA,VOLCABLE_PTO_2,TERMINAL_EMBARQUE,INGRESO,MovimientosPorContrato_20260702.xlsx,NO_TRUCKFLOW_MATCH
CTG_10133301210,GJW684,2026-07-02T10:49:00,2026-07-02T20:15:00,SOJA,VOLCABLE_PTO_2,TERMINAL_EMBARQUE,INGRESO,MovimientosPorContrato_20260702.xlsx,NO_TRUCKFLOW_MATCH
CTG_10233316510,CDQ016,2026-07-02T15:15:00,2026-07-02T20:16:00,SOJA,VOLCABLE_PTO_5,TERMINAL_EMBARQUE,INGRESO,MovimientosPorContrato_20260702.xlsx,NO_TRUCKFLOW_MATCH
CTG_30033333118,SAT582,2026-07-02T17:40:00,2026-07-02T20:16:00,PELLETS GIRASOL,,RICARDONE,EGRESO,MovimientosPorContrato_20260702.xlsx,NO_TRUCKFLOW_MATCH
CTG_30033333166,BWV144,2026-07-02T17:33:00,2026-07-02T20:20:00,PELLETS GIRASOL,,RICARDONE,EGRESO,MovimientosPorContrato_20260702.xlsx,NO_TRUCKFLOW_MATCH
CTG_30033332635,EHS233,2026-07-02T20:02:00,2026-07-02T20:20:00,PELLETS GIRASOL,VOLCABLE_PTO_4,TERMINAL_EMBARQUE,INGRESO,MovimientosPorContrato_20260702.xlsx,NO_TRUCKFLOW_MATCH
CTG_10233279871,HHK333,2026-07-02T10:56:00,2026-07-02T20:22:00,SOJA,VOLCABLE_PTO_2,TERMINAL_EMBARQUE,INGRESO,MovimientosPorContrato_20260702.xlsx,NO_TRUCKFLOW_MATCH
CTG_10133303544,OKY984,2026-07-02T15:34:00,2026-07-02T20:23:00,SOJA,VOLCABLE_PTO_5,TERMINAL_EMBARQUE,INGRESO,MovimientosPorContrato_20260702.xlsx,NO_TRUCKFLOW_MATCH
CTG_10233287822,AA661NG,2026-07-02T10:46:00,2026-07-02T20:23:00,GIRASOL,VOLCABLE_1,RICARDONE,INGRESO,MovimientosPorContrato_20260702.xlsx,NO_TRUCKFLOW_MATCH
COMPROB_000400419165,AD770WF,2026-07-02T11:57:00,2026-07-02T20:24:00,ACEITE GIRASOL REFINADO,ACEITE_OSL,TERMINAL_EMBARQUE,EGRESO,MovimientosPorContrato_20260702.xlsx,NO_TRUCKFLOW_MATCH
CTG_30033333239,VHL423,2026-07-02T18:21:00,2026-07-02T20:25:00,PELLETS GIRASOL,,RICARDONE,EGRESO,MovimientosPorContrato_20260702.xlsx,NO_TRUCKFLOW_MATCH
CTG_30033333295,VJG112,2026-07-02T18:26:00,2026-07-02T20:31:00,PELLETS GIRASOL,,RICARDONE,EGRESO,MovimientosPorContrato_20260702.xlsx,NO_TRUCKFLOW_MATCH
CTG_30033333304,CKQ212,2026-07-02T18:27:00,2026-07-02T20:31:00,PELLETS GIRASOL,,RICARDONE,EGRESO,MovimientosPorContrato_20260702.xlsx,NO_TRUCKFLOW_MATCH
COMPROB_000200431028,HHQ888,2026-07-01T20:58:00,2026-07-02T20:32:00,CHIP DE EUCALIPTUS,PLAYA_LEÑA_Y_CHIP,AVELLANEDA,INGRESO,MovimientosPorContrato_20260702.xlsx,NO_TRUCKFLOW_MATCH
CTG_10133301320,EVL721,2026-07-02T12:08:00,2026-07-02T20:33:00,SOJA,VOLCABLE_PTO_2,TERMINAL_EMBARQUE,INGRESO,MovimientosPorContrato_20260702.xlsx,NO_TRUCKFLOW_MATCH
CTG_10233307968,EFL847,2026-07-02T14:54:00,2026-07-02T20:33:00,SOJA,VOLCABLE_PTO_5,TERMINAL_EMBARQUE,INGRESO,MovimientosPorContrato_20260702.xlsx,NO_TRUCKFLOW_MATCH
CTG_30033310130,SPI351,2026-07-02T11:50:00,2026-07-02T20:35:00,ACEITE GIRASOL PARA REFINAR,ACEITE_PTO,TERMINAL_EMBARQUE,INGRESO,MovimientosPorContrato_20260702.xlsx,NO_TRUCKFLOW_MATCH
CTG_10233308807,LRP307,2026-07-02T10:40:00,2026-07-02T20:36:00,MAIZ,CELDA_171_-_CENTRO,AVELLANEDA,INGRESO,MovimientosPorContrato_20260702.xlsx,NO_TRUCKFLOW_MATCH
CTG_10133301584,EXA616,2026-07-02T12:35:00,2026-07-02T20:36:00,SOJA,VOLCABLE_PTO_2,TERMINAL_EMBARQUE,INGRESO,MovimientosPorContrato_20260702.xlsx,NO_TRUCKFLOW_MATCH
CTG_30033333353,EYH843,2026-07-02T19:39:00,2026-07-02T20:36:00,PELLETS GIRASOL,,RICARDONE,EGRESO,MovimientosPorContrato_20260702.xlsx,NO_TRUCKFLOW_MATCH
CTG_30033333379,FFM492,2026-07-02T19:41:00,2026-07-02T20:38:00,PELLETS GIRASOL,,RICARDONE,EGRESO,MovimientosPorContrato_20260702.xlsx,NO_TRUCKFLOW_MATCH
CTG_10133287914,LHZ331,2026-07-02T10:08:00,2026-07-02T20:42:00,SOJA,VOLCABLE_PTO_5,TERMINAL_EMBARQUE,INGRESO,MovimientosPorContrato_20260702.xlsx,NO_TRUCKFLOW_MATCH
CTG_10133293136,AI227FC,2026-07-02T16:00:00,2026-07-02T20:43:00,SOJA,VOLCABLE_PTO_2,TERMINAL_EMBARQUE,INGRESO,MovimientosPorContrato_20260702.xlsx,NO_TRUCKFLOW_MATCH
CTG_10233276986,HCA847,2026-07-02T10:53:00,2026-07-02T20:44:00,GIRASOL,VOLCABLE_1,RICARDONE,INGRESO,MovimientosPorContrato_20260702.xlsx,NO_TRUCKFLOW_MATCH
CTG_30033311128,KZO646,2026-07-02T12:12:00,2026-07-02T20:49:00,ACEITE GIRASOL PARA REFINAR,ACEITE_PTO,TERMINAL_EMBARQUE,INGRESO,MovimientosPorContrato_20260702.xlsx,NO_TRUCKFLOW_MATCH
CTG_10133287577,AF653TB,2026-07-02T15:26:00,2026-07-02T20:52:00,SOJA,VOLCABLE_PTO_2,TERMINAL_EMBARQUE,INGRESO,MovimientosPorContrato_20260702.xlsx,NO_TRUCKFLOW_MATCH
CTG_10133306226,AF146SK,2026-07-02T12:36:00,2026-07-02T20:53:00,SOJA,VOLCABLE_PTO_2,TERMINAL_EMBARQUE,INGRESO,MovimientosPorContrato_20260702.xlsx,NO_TRUCKFLOW_MATCH
CTG_10233309716,GWQ265,2026-07-02T10:56:00,2026-07-02T20:54:00,MAIZ,CELDA_171_-_CENTRO,AVELLANEDA,INGRESO,MovimientosPorContrato_20260702.xlsx,NO_TRUCKFLOW_MATCH
COMPROB_000400419166,EVD342,2026-07-02T10:33:00,2026-07-02T20:55:00,ACEITE GIRASOL REFINADO,ACEITE_OSL,TERMINAL_EMBARQUE,EGRESO,MovimientosPorContrato_20260702.xlsx,NO_TRUCKFLOW_MATCH
CTG_30033333565,ROS380,2026-07-02T20:14:00,2026-07-02T20:55:00,PELLETS GIRASOL,,RICARDONE,EGRESO,MovimientosPorContrato_20260702.xlsx,NO_TRUCKFLOW_MATCH
COMPROB_000404035073,AH960ZR,2026-07-02T17:45:00,2026-07-02T20:56:00,FUEL-OIL,,TERMINAL_EMBARQUE,INGRESO,MovimientosPorContrato_20260702.xlsx,NO_TRUCKFLOW_MATCH
CTG_30033333591,PLV786,2026-07-02T13:04:00,2026-07-02T20:57:00,ACEITE SOJA CRUDO DESGOMADO,,TERMINAL_EMBARQUE,EGRESO,MovimientosPorContrato_20260702.xlsx,NO_TRUCKFLOW_MATCH
CTG_10133307615,RHS547,2026-07-02T13:44:00,2026-07-02T20:59:00,SOJA,VOLCABLE_PTO_1,TERMINAL_EMBARQUE,INGRESO,MovimientosPorContrato_20260702.xlsx,NO_TRUCKFLOW_MATCH
CTG_10233280693,TVA997,2026-07-02T13:15:00,2026-07-02T21:00:00,SOJA,VOLCABLE_PTO_5,TERMINAL_EMBARQUE,INGRESO,MovimientosPorContrato_20260702.xlsx,NO_TRUCKFLOW_MATCH
CTG_30033332921,LZB017,2026-07-02T20:18:00,2026-07-02T21:01:00,PELLETS GIRASOL,VOLCABLE_PTO_4,TERMINAL_EMBARQUE,INGRESO,MovimientosPorContrato_20260702.xlsx,NO_TRUCKFLOW_MATCH
CTG_10233292153,PHF848,2026-07-02T10:45:00,2026-07-02T21:01:00,SOJA,VOLCABLE_PTO_5,TERMINAL_EMBARQUE,INGRESO,MovimientosPorContrato_20260702.xlsx,NO_TRUCKFLOW_MATCH
CTG_10233308388,DIB633,2026-07-02T13:00:00,2026-07-02T21:02:00,SOJA,VOLCABLE_PTO_2,TERMINAL_EMBARQUE,INGRESO,MovimientosPorContrato_20260702.xlsx,NO_TRUCKFLOW_MATCH
CTG_30033333640,HNE318,2026-07-02T20:17:00,2026-07-02T21:02:00,PELLETS GIRASOL,,RICARDONE,EGRESO,MovimientosPorContrato_20260702.xlsx,NO_TRUCKFLOW_MATCH
CTG_10133298862,AE194UF,2026-07-02T13:13:00,2026-07-02T21:04:00,SOJA,VOLCABLE_PTO_1,TERMINAL_EMBARQUE,INGRESO,MovimientosPorContrato_20260702.xlsx,NO_TRUCKFLOW_MATCH
CTG_10133287436,AA183ZU,2026-07-02T11:34:00,2026-07-02T21:05:00,GIRASOL,VOLCABLE_1,RICARDONE,INGRESO,MovimientosPorContrato_20260702.xlsx,NO_TRUCKFLOW_MATCH
COMPROB_000400419168,AD887XZ,2026-07-02T11:14:00,2026-07-02T21:05:00,ACEITE GIRASOL REFINADO,ACEITE_OSL,TERMINAL_EMBARQUE,EGRESO,MovimientosPorContrato_20260702.xlsx,NO_TRUCKFLOW_MATCH
CTG_10233307192,AE933VI,2026-07-02T13:48:00,2026-07-02T21:06:00,SOJA,VOLCABLE_PTO_2,TERMINAL_EMBARQUE,INGRESO,MovimientosPorContrato_20260702.xlsx,NO_TRUCKFLOW_MATCH
CTG_10133271429,AB400FR,2026-07-02T10:41:00,2026-07-02T21:09:00,SOJA,VOLCABLE_PTO_5,TERMINAL_EMBARQUE,INGRESO,MovimientosPorContrato_20260702.xlsx,NO_TRUCKFLOW_MATCH
CTG_30033333702,UKL882,2026-07-02T20:20:00,2026-07-02T21:09:00,PELLETS GIRASOL,,RICARDONE,EGRESO,MovimientosPorContrato_20260702.xlsx,NO_TRUCKFLOW_MATCH
CTG_30033333118,SAT582,2026-07-02T20:33:00,2026-07-02T21:09:00,PELLETS GIRASOL,VOLCABLE_PTO_4,TERMINAL_EMBARQUE,INGRESO,MovimientosPorContrato_20260702.xlsx,NO_TRUCKFLOW_MATCH
CTG_30033333744,KED503,2026-07-02T11:31:00,2026-07-02T21:13:00,ACEITE SOJA CRUDO DESGOMADO,,TERMINAL_EMBARQUE,EGRESO,MovimientosPorContrato_20260702.xlsx,NO_TRUCKFLOW_MATCH
CTG_30033333761,RXD557,2026-07-02T20:26:00,2026-07-02T21:15:00,PELLETS GIRASOL,,RICARDONE,EGRESO,MovimientosPorContrato_20260702.xlsx,NO_TRUCKFLOW_MATCH
CTG_10133295013,GSB423,2026-07-02T14:00:00,2026-07-02T21:16:00,SOJA,VOLCABLE_PTO_2,TERMINAL_EMBARQUE,INGRESO,MovimientosPorContrato_20260702.xlsx,NO_TRUCKFLOW_MATCH
CTG_10133294356,FHA323,2026-07-02T13:34:00,2026-07-02T21:17:00,SOJA,VOLCABLE_PTO_1,TERMINAL_EMBARQUE,INGRESO,MovimientosPorContrato_20260702.xlsx,NO_TRUCKFLOW_MATCH
CTG_10133274043,GEX250,2026-07-02T12:28:00,2026-07-02T21:17:00,SOJA,VOLCABLE_PTO_5,TERMINAL_EMBARQUE,INGRESO,MovimientosPorContrato_20260702.xlsx,NO_TRUCKFLOW_MATCH
CTG_10133286409,MWH060,2026-07-02T15:39:00,2026-07-02T21:20:00,SOJA,VOLCABLE_PTO_2,TERMINAL_EMBARQUE,INGRESO,MovimientosPorContrato_20260702.xlsx,NO_TRUCKFLOW_MATCH
CTG_30033333166,BWV144,2026-07-02T20:39:00,2026-07-02T21:21:00,PELLETS GIRASOL,VOLCABLE_PTO_4,TERMINAL_EMBARQUE,INGRESO,MovimientosPorContrato_20260702.xlsx,NO_TRUCKFLOW_MATCH
CTG_10133299839,OKO733,2026-07-02T16:06:00,2026-07-02T21:23:00,SOJA,VOLCABLE_PTO_2,TERMINAL_EMBARQUE,INGRESO,MovimientosPorContrato_20260702.xlsx,NO_TRUCKFLOW_MATCH
CTG_10133304627,HCC966,2026-07-02T12:03:00,2026-07-02T21:23:00,GIRASOL,VOLCABLE_1,RICARDONE,INGRESO,MovimientosPorContrato_20260702.xlsx,NO_TRUCKFLOW_MATCH
CTG_10133308898,AG755FI,2026-07-02T13:30:00,2026-07-02T21:25:00,SOJA,VOLCABLE_PTO_5,TERMINAL_EMBARQUE,INGRESO,MovimientosPorContrato_20260702.xlsx,NO_TRUCKFLOW_MATCH
CTG_30033333839,TAO150,2026-07-02T20:27:00,2026-07-02T21:26:00,PELLETS GIRASOL,,RICARDONE,EGRESO,MovimientosPorContrato_20260702.xlsx,NO_TRUCKFLOW_MATCH
CTG_10133305298,AH340GM,2026-07-02T13:47:00,2026-07-02T21:27:00,SOJA,VOLCABLE_PTO_1,TERMINAL_EMBARQUE,INGRESO,MovimientosPorContrato_20260702.xlsx,NO_TRUCKFLOW_MATCH
COMPROB_000400419170,OGA047,2026-07-02T11:45:00,2026-07-02T21:28:00,ACEITE GIRASOL REFINADO,ACEITE_OSL,TERMINAL_EMBARQUE,EGRESO,MovimientosPorContrato_20260702.xlsx,NO_TRUCKFLOW_MATCH
CTG_30033333864,EHS233,2026-07-02T20:37:00,2026-07-02T21:29:00,PELLETS GIRASOL,,RICARDONE,EGRESO,MovimientosPorContrato_20260702.xlsx,NO_TRUCKFLOW_MATCH
CTG_30033333239,VHL423,2026-07-02T20:47:00,2026-07-02T21:30:00,PELLETS GIRASOL,VOLCABLE_PTO_4,TERMINAL_EMBARQUE,INGRESO,MovimientosPorContrato_20260702.xlsx,NO_TRUCKFLOW_MATCH
COMPROB_000200431031,AG588XJ,2026-07-02T20:44:00,2026-07-02T21:31:00,CHIP DE EUCALIPTUS,PLAYA_LEÑA_Y_CHIP,AVELLANEDA,INGRESO,MovimientosPorContrato_20260702.xlsx,NO_TRUCKFLOW_MATCH
CTG_10233307404,BNZ477,2026-07-02T16:07:00,2026-07-02T21:31:00,SOJA,VOLCABLE_PTO_2,TERMINAL_EMBARQUE,INGRESO,MovimientosPorContrato_20260702.xlsx,NO_TRUCKFLOW_MATCH
CTG_10133308110,FGK780,2026-07-02T15:43:00,2026-07-02T21:32:00,SOJA,VOLCABLE_PTO_1,TERMINAL_EMBARQUE,INGRESO,MovimientosPorContrato_20260702.xlsx,NO_TRUCKFLOW_MATCH
CTG_10133271322,AH897DZ,2026-07-02T11:00:00,2026-07-02T21:34:00,SOJA,VOLCABLE_PTO_5,TERMINAL_EMBARQUE,INGRESO,MovimientosPorContrato_20260702.xlsx,NO_TRUCKFLOW_MATCH
CTG_30033333295,VJG112,2026-07-02T20:53:00,2026-07-02T21:35:00,PELLETS GIRASOL,VOLCABLE_PTO_4,TERMINAL_EMBARQUE,INGRESO,MovimientosPorContrato_20260702.xlsx,NO_TRUCKFLOW_MATCH
CTG_30033326927,AB334RQ,2026-07-02T18:25:00,2026-07-02T21:36:00,ACEITE GIRASOL PARA REFINAR,ACEITE_PTO,TERMINAL_EMBARQUE,INGRESO,MovimientosPorContrato_20260702.xlsx,NO_TRUCKFLOW_MATCH
COMPROB_000400419171,ROO085,2026-07-02T16:16:00,2026-07-02T21:38:00,ACEITE SOJA CRUDO DESGOMADO,,TERMINAL_EMBARQUE,EGRESO,MovimientosPorContrato_20260702.xlsx,NO_TRUCKFLOW_MATCH
COMPROB_000400419172,LKJ248,2026-07-02T12:12:00,2026-07-02T21:40:00,ACEITE GIRASOL REFINADO,ACEITE_OSL,TERMINAL_EMBARQUE,EGRESO,MovimientosPorContrato_20260702.xlsx,NO_TRUCKFLOW_MATCH
CTG_10233306097,RTE196,2026-07-02T16:06:00,2026-07-02T21:41:00,SOJA,VOLCABLE_PTO_1,TERMINAL_EMBARQUE,INGRESO,MovimientosPorContrato_20260702.xlsx,NO_TRUCKFLOW_MATCH
CTG_10133284615,AB312ST,2026-07-02T16:05:00,2026-07-02T21:41:00,SOJA,VOLCABLE_PTO_2,TERMINAL_EMBARQUE,INGRESO,MovimientosPorContrato_20260702.xlsx,NO_TRUCKFLOW_MATCH
CTG_30033333304,CKQ212,2026-07-02T20:53:00,2026-07-02T21:42:00,PELLETS GIRASOL,VOLCABLE_PTO_4,TERMINAL_EMBARQUE,INGRESO,MovimientosPorContrato_20260702.xlsx,NO_TRUCKFLOW_MATCH
CTG_10133305717,AC297XH,2026-07-02T13:29:00,2026-07-02T21:43:00,SOJA,VOLCABLE_PTO_5,TERMINAL_EMBARQUE,INGRESO,MovimientosPorContrato_20260702.xlsx,NO_TRUCKFLOW_MATCH
CTG_10133291531,AI198QE,2026-07-02T12:10:00,2026-07-02T21:43:00,MAIZ,CELDA_171_-_CENTRO,AVELLANEDA,INGRESO,MovimientosPorContrato_20260702.xlsx,NO_TRUCKFLOW_MATCH
COMPROB_000404035101,AD791XN,2026-07-02T19:28:00,2026-07-02T21:44:00,NITROGENO LIQUIDO,,TERMINAL_EMBARQUE,INGRESO,MovimientosPorContrato_20260702.xlsx,NO_TRUCKFLOW_MATCH
COMPROB_000404035102,AC101WN,2026-07-02T19:50:00,2026-07-02T21:45:00,FUEL-OIL,,TERMINAL_EMBARQUE,INGRESO,MovimientosPorContrato_20260702.xlsx,NO_TRUCKFLOW_MATCH
CTG_10233309317,NJB401,2026-07-02T16:15:00,2026-07-02T21:45:00,SOJA,VOLCABLE_PTO_1,TERMINAL_EMBARQUE,INGRESO,MovimientosPorContrato_20260702.xlsx,NO_TRUCKFLOW_MATCH
CTG_10233297459,MSN977,2026-07-02T13:09:00,2026-07-02T21:49:00,GIRASOL,VOLCABLE_1,RICARDONE,INGRESO,MovimientosPorContrato_20260702.xlsx,NO_TRUCKFLOW_MATCH
COMPROB_000400419173,OIG256,2026-07-02T19:21:00,2026-07-02T21:50:00,BORRA DE ACSOJA REFINADO,,TERMINAL_EMBARQUE,EGRESO,MovimientosPorContrato_20260702.xlsx,NO_TRUCKFLOW_MATCH
CTG_30033333989,LZB017,2026-07-02T21:23:00,2026-07-02T21:50:00,PELLETS GIRASOL,,RICARDONE,EGRESO,MovimientosPorContrato_20260702.xlsx,NO_TRUCKFLOW_MATCH
CTG_30033333353,EYH843,2026-07-02T20:55:00,2026-07-02T21:52:00,PELLETS GIRASOL,VOLCABLE_PTO_4,TERMINAL_EMBARQUE,INGRESO,MovimientosPorContrato_20260702.xlsx,NO_TRUCKFLOW_MATCH
CTG_10133281668,AE361TM,2026-07-02T10:08:00,2026-07-02T21:52:00,SOJA,VOLCABLE_PTO_5,TERMINAL_EMBARQUE,INGRESO,MovimientosPorContrato_20260702.xlsx,NO_TRUCKFLOW_MATCH
CTG_10133300230,AH913IX,2026-07-02T16:25:00,2026-07-02T21:53:00,SOJA,VOLCABLE_PTO_2,TERMINAL_EMBARQUE,INGRESO,MovimientosPorContrato_20260702.xlsx,NO_TRUCKFLOW_MATCH
CTG_10133295182,JNP184,2026-07-02T16:31:00,2026-07-02T21:54:00,SOJA,VOLCABLE_PTO_1,TERMINAL_EMBARQUE,INGRESO,MovimientosPorContrato_20260702.xlsx,NO_TRUCKFLOW_MATCH
CTG_30033312659,MIZ742,2026-07-02T12:46:00,2026-07-02T21:55:00,ACEITE GIRASOL PARA REFINAR,ACEITE_PTO,TERMINAL_EMBARQUE,INGRESO,MovimientosPorContrato_20260702.xlsx,NO_TRUCKFLOW_MATCH
CTG_30033333379,FFM492,2026-07-02T20:56:00,2026-07-02T21:55:00,PELLETS GIRASOL,VOLCABLE_PTO_4,TERMINAL_EMBARQUE,INGRESO,MovimientosPorContrato_20260702.xlsx,NO_TRUCKFLOW_MATCH
CTG_10233309801,FUW846,2026-07-02T16:40:00,2026-07-02T21:56:00,SOJA,VOLCABLE_PTO_2,TERMINAL_EMBARQUE,INGRESO,MovimientosPorContrato_20260702.xlsx,NO_TRUCKFLOW_MATCH
CTG_10233295508,AE997FP,2026-07-02T16:42:00,2026-07-02T21:57:00,SOJA,VOLCABLE_PTO_2,TERMINAL_EMBARQUE,INGRESO,MovimientosPorContrato_20260702.xlsx,NO_TRUCKFLOW_MATCH
COMPROB_000400419174,VZO116,2026-07-02T16:24:00,2026-07-02T21:58:00,ACEITE SOJA CRUDO DESGOMADO,,TERMINAL_EMBARQUE,EGRESO,MovimientosPorContrato_20260702.xlsx,NO_TRUCKFLOW_MATCH
CTG_10133279342,AHB989,2026-07-02T13:54:00,2026-07-02T22:00:00,SOJA,VOLCABLE_PTO_5,TERMINAL_EMBARQUE,INGRESO,MovimientosPorContrato_20260702.xlsx,NO_TRUCKFLOW_MATCH
CTG_10133293494,GTX525,2026-07-02T13:40:00,2026-07-02T22:00:00,MAIZ,CELDA_171_-_CENTRO,AVELLANEDA,INGRESO,MovimientosPorContrato_20260702.xlsx,NO_TRUCKFLOW_MATCH
COMPROB_000400419175,OFG785,2026-07-02T14:34:00,2026-07-02T22:01:00,ACEITE GIRASOL REFINADO,ACEITE_OSL,TERMINAL_EMBARQUE,EGRESO,MovimientosPorContrato_20260702.xlsx,NO_TRUCKFLOW_MATCH
CTG_10233308284,AF299UI,2026-07-02T16:50:00,2026-07-02T22:02:00,SOJA,VOLCABLE_PTO_2,TERMINAL_EMBARQUE,INGRESO,MovimientosPorContrato_20260702.xlsx,NO_TRUCKFLOW_MATCH
CTG_10133296191,MDU914,2026-07-02T16:39:00,2026-07-02T22:05:00,SOJA,VOLCABLE_PTO_1,TERMINAL_EMBARQUE,INGRESO,MovimientosPorContrato_20260702.xlsx,NO_TRUCKFLOW_MATCH
COMPROB_000400419176,AFR797,2026-07-02T16:26:00,2026-07-02T22:06:00,ACEITE SOJA CRUDO DESGOMADO,,TERMINAL_EMBARQUE,EGRESO,MovimientosPorContrato_20260702.xlsx,NO_TRUCKFLOW_MATCH
CTG_30033334087,SAT582,2026-07-02T21:29:00,2026-07-02T22:06:00,PELLETS GIRASOL,,RICARDONE,EGRESO,MovimientosPorContrato_20260702.xlsx,NO_TRUCKFLOW_MATCH
CTG_30033333565,ROS380,2026-07-02T21:10:00,2026-07-02T22:07:00,PELLETS GIRASOL,VOLCABLE_PTO_4,TERMINAL_EMBARQUE,INGRESO,MovimientosPorContrato_20260702.xlsx,NO_TRUCKFLOW_MATCH
CTG_10233298636,BXA177,2026-07-02T13:10:00,2026-07-02T22:07:00,GIRASOL,VOLCABLE_1,RICARDONE,INGRESO,MovimientosPorContrato_20260702.xlsx,NO_TRUCKFLOW_MATCH
CTG_10133305760,KWO254,2026-07-02T17:08:00,2026-07-02T22:08:00,SOJA,VOLCABLE_PTO_2,TERMINAL_EMBARQUE,INGRESO,MovimientosPorContrato_20260702.xlsx,NO_TRUCKFLOW_MATCH
CTG_10133279213,DPF269,2026-07-02T13:04:00,2026-07-02T22:08:00,SOJA,VOLCABLE_PTO_5,TERMINAL_EMBARQUE,INGRESO,MovimientosPorContrato_20260702.xlsx,NO_TRUCKFLOW_MATCH
CTG_30033334098,BWV144,2026-07-02T21:33:00,2026-07-02T22:09:00,PELLETS GIRASOL,,RICARDONE,EGRESO,MovimientosPorContrato_20260702.xlsx,NO_TRUCKFLOW_MATCH
CTG_10233321063,PJK336,2026-07-02T17:25:00,2026-07-02T22:10:00,SOJA,VOLCABLE_PTO_2,TERMINAL_EMBARQUE,INGRESO,MovimientosPorContrato_20260702.xlsx,NO_TRUCKFLOW_MATCH
CTG_10233319500,KQN188,2026-07-02T16:20:00,2026-07-02T22:12:00,SOJA,VOLCABLE_PTO_5,TERMINAL_EMBARQUE,INGRESO,MovimientosPorContrato_20260702.xlsx,NO_TRUCKFLOW_MATCH
CTG_30033334125,UWX998,2026-07-02T21:19:00,2026-07-02T22:13:00,PELLETS GIRASOL,,RICARDONE,EGRESO,MovimientosPorContrato_20260702.xlsx,NO_TRUCKFLOW_MATCH
CTG_30033333640,HNE318,2026-07-02T21:21:00,2026-07-02T22:14:00,PELLETS GIRASOL,VOLCABLE_PTO_4,TERMINAL_EMBARQUE,INGRESO,MovimientosPorContrato_20260702.xlsx,NO_TRUCKFLOW_MATCH
CTG_10233312757,IAO209,2026-07-02T16:38:00,2026-07-02T22:16:00,SOJA,VOLCABLE_PTO_1,TERMINAL_EMBARQUE,INGRESO,MovimientosPorContrato_20260702.xlsx,NO_TRUCKFLOW_MATCH
CTG_10133299845,NJT054,2026-07-02T17:29:00,2026-07-02T22:17:00,SOJA,VOLCABLE_PTO_2,TERMINAL_EMBARQUE,INGRESO,MovimientosPorContrato_20260702.xlsx,NO_TRUCKFLOW_MATCH
CTG_30033333702,UKL882,2026-07-02T21:23:00,2026-07-02T22:17:00,PELLETS GIRASOL,VOLCABLE_PTO_4,TERMINAL_EMBARQUE,INGRESO,MovimientosPorContrato_20260702.xlsx,NO_TRUCKFLOW_MATCH
CTG_10233306251,AXG805,2026-07-02T17:29:00,2026-07-02T22:18:00,SOJA,VOLCABLE_PTO_1,TERMINAL_EMBARQUE,INGRESO,MovimientosPorContrato_20260702.xlsx,NO_TRUCKFLOW_MATCH
CTG_10233318308,UQW840,2026-07-02T14:35:00,2026-07-02T22:19:00,MAIZ,CELDA_171_-_CENTRO,AVELLANEDA,INGRESO,MovimientosPorContrato_20260702.xlsx,NO_TRUCKFLOW_MATCH
CTG_10133304132,AD994XF,2026-07-02T17:33:00,2026-07-02T22:19:00,SOJA,VOLCABLE_PTO_2,TERMINAL_EMBARQUE,INGRESO,MovimientosPorContrato_20260702.xlsx,NO_TRUCKFLOW_MATCH
CTG_10133292276,AG823QR,2026-07-02T14:43:00,2026-07-02T22:20:00,SOJA,VOLCABLE_PTO_5,TERMINAL_EMBARQUE,INGRESO,MovimientosPorContrato_20260702.xlsx,NO_TRUCKFLOW_MATCH
CTG_30033333761,RXD557,2026-07-02T21:29:00,2026-07-02T22:25:00,PELLETS GIRASOL,VOLCABLE_PTO_4,TERMINAL_EMBARQUE,INGRESO,MovimientosPorContrato_20260702.xlsx,NO_TRUCKFLOW_MATCH
CTG_10233307564,AE332ID,2026-07-02T17:31:00,2026-07-02T22:25:00,SOJA,VOLCABLE_PTO_1,TERMINAL_EMBARQUE,INGRESO,MovimientosPorContrato_20260702.xlsx,NO_TRUCKFLOW_MATCH
CTG_10133322706,JOF113,2026-07-02T18:13:00,2026-07-02T22:27:00,SOJA,VOLCABLE_PTO_5,TERMINAL_EMBARQUE,INGRESO,MovimientosPorContrato_20260702.xlsx,NO_TRUCKFLOW_MATCH
CTG_30033324661,FOZ297,2026-07-02T17:24:00,2026-07-02T22:29:00,ACEITE GIRASOL PARA REFINAR,ACEITE_PTO,TERMINAL_EMBARQUE,INGRESO,MovimientosPorContrato_20260702.xlsx,NO_TRUCKFLOW_MATCH
CTG_10133299345,AF093NK,2026-07-02T17:32:00,2026-07-02T22:31:00,SOJA,VOLCABLE_PTO_2,TERMINAL_EMBARQUE,INGRESO,MovimientosPorContrato_20260702.xlsx,NO_TRUCKFLOW_MATCH
CTG_10233310099,AE785CS,2026-07-02T17:38:00,2026-07-02T22:31:00,SOJA,VOLCABLE_PTO_2,TERMINAL_EMBARQUE,INGRESO,MovimientosPorContrato_20260702.xlsx,NO_TRUCKFLOW_MATCH
CTG_10133300126,EQA811,2026-07-02T13:36:00,2026-07-02T22:32:00,GIRASOL,VOLCABLE_1,RICARDONE,INGRESO,MovimientosPorContrato_20260702.xlsx,NO_TRUCKFLOW_MATCH
CTG_10133295825,FQN464,2026-07-02T17:35:00,2026-07-02T22:32:00,SOJA,VOLCABLE_PTO_1,TERMINAL_EMBARQUE,INGRESO,MovimientosPorContrato_20260702.xlsx,NO_TRUCKFLOW_MATCH
COMPROB_000404035134,NCH918,2026-07-02T19:59:00,2026-07-02T22:33:00,FUEL-OIL,,TERMINAL_EMBARQUE,INGRESO,MovimientosPorContrato_20260702.xlsx,NO_TRUCKFLOW_MATCH
CTG_30033327461,NBK156,2026-07-02T18:02:00,2026-07-02T22:34:00,ACEITE GIRASOL PARA REFINAR,ACEITE_PTO,TERMINAL_EMBARQUE,INGRESO,MovimientosPorContrato_20260702.xlsx,NO_TRUCKFLOW_MATCH
COMPROB_000400419177,EGV380,2026-07-02T20:10:00,2026-07-02T22:35:00,ACEITE GIRASOL REFINADO,ACEITE_OSL,TERMINAL_EMBARQUE,EGRESO,MovimientosPorContrato_20260702.xlsx,NO_TRUCKFLOW_MATCH
CTG_30033333839,TAO150,2026-07-02T21:41:00,2026-07-02T22:36:00,PELLETS GIRASOL,VOLCABLE_PTO_4,TERMINAL_EMBARQUE,INGRESO,MovimientosPorContrato_20260702.xlsx,NO_TRUCKFLOW_MATCH
CTG_10133307488,AD538TB,2026-07-02T17:39:00,2026-07-02T22:37:00,SOJA,VOLCABLE_PTO_1,TERMINAL_EMBARQUE,INGRESO,MovimientosPorContrato_20260702.xlsx,NO_TRUCKFLOW_MATCH
CTG_10233318010,RXK554,2026-07-02T17:35:00,2026-07-02T22:39:00,SOJA,VOLCABLE_PTO_2,TERMINAL_EMBARQUE,INGRESO,MovimientosPorContrato_20260702.xlsx,NO_TRUCKFLOW_MATCH
CTG_30033333864,EHS233,2026-07-02T21:48:00,2026-07-02T22:40:00,PELLETS GIRASOL,VOLCABLE_PTO_4,TERMINAL_EMBARQUE,INGRESO,MovimientosPorContrato_20260702.xlsx,NO_TRUCKFLOW_MATCH
CTG_10233309536,HIU417,2026-07-02T18:01:00,2026-07-02T22:45:00,SOJA,VOLCABLE_PTO_1,TERMINAL_EMBARQUE,INGRESO,MovimientosPorContrato_20260702.xlsx,NO_TRUCKFLOW_MATCH
CTG_10133275010,KNO436,2026-07-02T13:48:00,2026-07-02T22:47:00,GIRASOL,VOLCABLE_1,RICARDONE,INGRESO,MovimientosPorContrato_20260702.xlsx,NO_TRUCKFLOW_MATCH
CTG_30033333989,LZB017,2026-07-02T22:02:00,2026-07-02T22:48:00,PELLETS GIRASOL,VOLCABLE_PTO_4,TERMINAL_EMBARQUE,INGRESO,MovimientosPorContrato_20260702.xlsx,NO_TRUCKFLOW_MATCH
COMPROB_000404035142,AB750QE,2026-07-02T20:44:00,2026-07-02T22:49:00,SODA CAUSTICA LIQUIDA,,TERMINAL_EMBARQUE,INGRESO,MovimientosPorContrato_20260702.xlsx,NO_TRUCKFLOW_MATCH
CTG_10233313075,RTQ623,2026-07-02T12:13:00,2026-07-02T22:58:00,MAIZ,CELDA_171_-_CENTRO,AVELLANEDA,INGRESO,MovimientosPorContrato_20260702.xlsx,NO_TRUCKFLOW_MATCH
CTG_10233290422,EXO341,2026-07-02T14:28:00,2026-07-02T23:05:00,GIRASOL,VOLCABLE_1,RICARDONE,INGRESO,MovimientosPorContrato_20260702.xlsx,NO_TRUCKFLOW_MATCH
CTG_10133293363,AC178FW,2026-07-02T18:00:00,2026-07-02T23:06:00,SOJA,VOLCABLE_PTO_1,TERMINAL_EMBARQUE,INGRESO,MovimientosPorContrato_20260702.xlsx,NO_TRUCKFLOW_MATCH
CTG_30033328043,DOE150,2026-07-02T18:14:00,2026-07-02T23:10:00,ACEITE GIRASOL PARA REFINAR,ACEITE_PTO,TERMINAL_EMBARQUE,INGRESO,MovimientosPorContrato_20260702.xlsx,NO_TRUCKFLOW_MATCH
CTG_30033328667,ENA722,2026-07-02T18:36:00,2026-07-02T23:10:00,ACEITE GIRASOL PARA REFINAR,ACEITE_PTO,TERMINAL_EMBARQUE,INGRESO,MovimientosPorContrato_20260702.xlsx,NO_TRUCKFLOW_MATCH
CTG_30033334320,VHL423,2026-07-02T21:51:00,2026-07-02T23:13:00,PELLETS GIRASOL,,RICARDONE,EGRESO,MovimientosPorContrato_20260702.xlsx,NO_TRUCKFLOW_MATCH
CTG_30033334329,VJG112,2026-07-02T21:52:00,2026-07-02T23:18:00,PELLETS GIRASOL,,RICARDONE,EGRESO,MovimientosPorContrato_20260702.xlsx,NO_TRUCKFLOW_MATCH
CTG_10133293467,RSO959,2026-07-02T14:49:00,2026-07-02T23:21:00,MAIZ,CELDA_171_-_CENTRO,AVELLANEDA,INGRESO,MovimientosPorContrato_20260702.xlsx,NO_TRUCKFLOW_MATCH
CTG_10133305692,ANC159,2026-07-02T14:41:00,2026-07-02T23:23:00,GIRASOL,VOLCABLE_1,RICARDONE,INGRESO,MovimientosPorContrato_20260702.xlsx,NO_TRUCKFLOW_MATCH
COMPROB_000404035146,AA516BM,2026-07-02T21:05:00,2026-07-02T23:26:00,FUEL-OIL,,TERMINAL_EMBARQUE,INGRESO,MovimientosPorContrato_20260702.xlsx,NO_TRUCKFLOW_MATCH
CTG_30033334346,UUL425,2026-07-02T22:10:00,2026-07-02T23:27:00,PELLETS GIRASOL,,RICARDONE,EGRESO,MovimientosPorContrato_20260702.xlsx,NO_TRUCKFLOW_MATCH
CTG_30033334347,EYH843,2026-07-02T22:33:00,2026-07-02T23:28:00,PELLETS GIRASOL,,RICARDONE,EGRESO,MovimientosPorContrato_20260702.xlsx,NO_TRUCKFLOW_MATCH
CTG_10133296172,AD800HE,2026-07-02T15:01:00,2026-07-02T23:33:00,SOJA,VOLCABLE_PTO_5,TERMINAL_EMBARQUE,INGRESO,MovimientosPorContrato_20260702.xlsx,NO_TRUCKFLOW_MATCH
CTG_10233322203,KLY054,2026-07-02T18:04:00,2026-07-02T23:33:00,SOJA,VOLCABLE_PTO_1,TERMINAL_EMBARQUE,INGRESO,MovimientosPorContrato_20260702.xlsx,NO_TRUCKFLOW_MATCH
CTG_30033334358,ROS380,2026-07-02T22:41:00,2026-07-02T23:37:00,PELLETS GIRASOL,,RICARDONE,EGRESO,MovimientosPorContrato_20260702.xlsx,NO_TRUCKFLOW_MATCH
CTG_10133273085,AF456OU,2026-07-02T16:31:00,2026-07-02T23:38:00,GIRASOL,VOLCABLE_1,RICARDONE,INGRESO,MovimientosPorContrato_20260702.xlsx,NO_TRUCKFLOW_MATCH
CTG_10133298472,AH180VR,2026-07-02T15:04:00,2026-07-02T23:40:00,SOJA,VOLCABLE_PTO_5,TERMINAL_EMBARQUE,INGRESO,MovimientosPorContrato_20260702.xlsx,NO_TRUCKFLOW_MATCH
CTG_10233296383,CRO351,2026-07-02T14:50:00,2026-07-02T23:41:00,GIRASOL,VOLCABLE_1,RICARDONE,INGRESO,MovimientosPorContrato_20260702.xlsx,NO_TRUCKFLOW_MATCH
CTG_30033334375,HNE318,2026-07-02T22:50:00,2026-07-02T23:43:00,PELLETS GIRASOL,,RICARDONE,EGRESO,MovimientosPorContrato_20260702.xlsx,NO_TRUCKFLOW_MATCH
CTG_30033334380,UKL882,2026-07-02T22:53:00,2026-07-02T23:47:00,PELLETS GIRASOL,,RICARDONE,EGRESO,MovimientosPorContrato_20260702.xlsx,NO_TRUCKFLOW_MATCH
COMPROB_000400419178,KAK194,2026-07-02T16:26:00,2026-07-02T23:48:00,ACEITE SOJA CRUDO DESGOMADO,,TERMINAL_EMBARQUE,EGRESO,MovimientosPorContrato_20260702.xlsx,NO_TRUCKFLOW_MATCH
CTG_20233108400,156810,2026-06-26T14:17:00,2026-07-02T15:22:00,SOJA,VAGONES,TERMINAL_EMBARQUE,INGRESO,MovimientosPorContrato_20260702.xlsx,NO_TRUCKFLOW_MATCH
CTG_20233108429,157289,2026-06-26T14:17:00,2026-07-02T15:21:00,SOJA,VAGONES,TERMINAL_EMBARQUE,INGRESO,MovimientosPorContrato_20260702.xlsx,NO_TRUCKFLOW_MATCH
CTG_20233108460,102533,2026-06-26T14:17:00,2026-07-02T12:22:00,SOJA,VAGONES,TERMINAL_EMBARQUE,INGRESO,MovimientosPorContrato_20260702.xlsx,NO_TRUCKFLOW_MATCH
CTG_20233108501,160093,2026-06-26T14:17:00,2026-07-02T12:18:00,SOJA,VAGONES,TERMINAL_EMBARQUE,INGRESO,MovimientosPorContrato_20260702.xlsx,NO_TRUCKFLOW_MATCH
CTG_20233108608,156521,2026-06-26T14:17:00,2026-07-02T12:20:00,SOJA,VAGONES,TERMINAL_EMBARQUE,INGRESO,MovimientosPorContrato_20260702.xlsx,NO_TRUCKFLOW_MATCH
CTG_20233108685,159467,2026-06-26T14:17:00,2026-07-02T12:16:00,SOJA,VAGONES,TERMINAL_EMBARQUE,INGRESO,MovimientosPorContrato_20260702.xlsx,NO_TRUCKFLOW_MATCH
CTG_20233108731,319087,2026-06-26T14:17:00,2026-07-02T12:14:00,SOJA,VAGONES,TERMINAL_EMBARQUE,INGRESO,MovimientosPorContrato_20260702.xlsx,NO_TRUCKFLOW_MATCH
CTG_20233108774,100750,2026-06-26T14:17:00,2026-07-02T12:12:00,SOJA,VAGONES,TERMINAL_EMBARQUE,INGRESO,MovimientosPorContrato_20260702.xlsx,NO_TRUCKFLOW_MATCH
CTG_20233108806,104828,2026-06-26T14:17:00,2026-07-02T12:10:00,SOJA,VAGONES,TERMINAL_EMBARQUE,INGRESO,MovimientosPorContrato_20260702.xlsx,NO_TRUCKFLOW_MATCH
CTG_20233108870,102905,2026-06-26T14:17:00,2026-07-02T15:17:00,SOJA,VAGONES,TERMINAL_EMBARQUE,INGRESO,MovimientosPorContrato_20260702.xlsx,NO_TRUCKFLOW_MATCH
CTG_20233108927,158907,2026-06-26T14:17:00,2026-07-02T15:15:00,SOJA,VAGONES,TERMINAL_EMBARQUE,INGRESO,MovimientosPorContrato_20260702.xlsx,NO_TRUCKFLOW_MATCH
CTG_20233109023,156273,2026-06-26T14:17:00,2026-07-02T15:14:00,SOJA,VAGONES,TERMINAL_EMBARQUE,INGRESO,MovimientosPorContrato_20260702.xlsx,NO_TRUCKFLOW_MATCH
CTG_20233109082,102319,2026-06-26T14:17:00,2026-07-02T15:12:00,SOJA,VAGONES,TERMINAL_EMBARQUE,INGRESO,MovimientosPorContrato_20260702.xlsx,NO_TRUCKFLOW_MATCH
CTG_20233109155,157156,2026-06-26T14:17:00,2026-07-02T16:43:00,SOJA,VAGONES,TERMINAL_EMBARQUE,INGRESO,MovimientosPorContrato_20260702.xlsx,NO_TRUCKFLOW_MATCH
CTG_20233109281,102459,2026-06-26T14:17:00,2026-07-02T18:33:00,SOJA,VAGONES,TERMINAL_EMBARQUE,INGRESO,MovimientosPorContrato_20260702.xlsx,NO_TRUCKFLOW_MATCH
CTG_20233109310,157248,2026-06-26T14:17:00,2026-07-02T18:32:00,SOJA,VAGONES,TERMINAL_EMBARQUE,INGRESO,MovimientosPorContrato_20260702.xlsx,NO_TRUCKFLOW_MATCH
CTG_20233109336,156265,2026-06-26T14:17:00,2026-07-02T15:10:00,SOJA,VAGONES,TERMINAL_EMBARQUE,INGRESO,MovimientosPorContrato_20260702.xlsx,NO_TRUCKFLOW_MATCH
CTG_20233109441,159608,2026-06-26T14:17:00,2026-07-02T18:32:00,SOJA,VAGONES,TERMINAL_EMBARQUE,INGRESO,MovimientosPorContrato_20260702.xlsx,NO_TRUCKFLOW_MATCH
CTG_20233109457,103523,2026-06-26T14:17:00,2026-07-02T16:44:00,SOJA,VAGONES,TERMINAL_EMBARQUE,INGRESO,MovimientosPorContrato_20260702.xlsx,NO_TRUCKFLOW_MATCH
CTG_20233109490,104034,2026-06-26T14:17:00,2026-07-02T16:45:00,SOJA,VAGONES,TERMINAL_EMBARQUE,INGRESO,MovimientosPorContrato_20260702.xlsx,NO_TRUCKFLOW_MATCH
CTG_20233109528,99564,2026-06-26T14:17:00,2026-07-02T16:16:00,SOJA,VAGONES,TERMINAL_EMBARQUE,INGRESO,MovimientosPorContrato_20260702.xlsx,NO_TRUCKFLOW_MATCH
CTG_20233109596,326710,2026-06-26T14:17:00,2026-07-02T16:19:00,SOJA,VAGONES,TERMINAL_EMBARQUE,INGRESO,MovimientosPorContrato_20260702.xlsx,NO_TRUCKFLOW_MATCH
CTG_20233110232,157537,2026-06-26T14:17:00,2026-07-02T18:35:00,SOJA,VAGONES,TERMINAL_EMBARQUE,INGRESO,MovimientosPorContrato_20260702.xlsx,NO_TRUCKFLOW_MATCH
CTG_20233110361,104752,2026-06-26T14:17:00,2026-07-02T15:19:00,SOJA,VAGONES,TERMINAL_EMBARQUE,INGRESO,MovimientosPorContrato_20260702.xlsx,NO_TRUCKFLOW_MATCH
CTG_20233110382,104224,2026-06-26T14:17:00,2026-07-02T15:11:00,SOJA,VAGONES,TERMINAL_EMBARQUE,INGRESO,MovimientosPorContrato_20260702.xlsx,NO_TRUCKFLOW_MATCH
CTG_20233110512,157859,2026-06-26T14:17:00,2026-07-02T18:34:00,SOJA,VAGONES,TERMINAL_EMBARQUE,INGRESO,MovimientosPorContrato_20260702.xlsx,NO_TRUCKFLOW_MATCH
CTG_30033334389,RXD557,2026-07-02T22:51:00,2026-07-02T23:51:00,PELLETS GIRASOL,,RICARDONE,EGRESO,MovimientosPorContrato_20260702.xlsx,NO_TRUCKFLOW_MATCH
CTG_30033334390,NYT605,2026-07-02T16:18:00,2026-07-02T23:51:00,ACEITE SOJA CRUDO DESGOMADO,,TERMINAL_EMBARQUE,EGRESO,MovimientosPorContrato_20260702.xlsx,NO_TRUCKFLOW_MATCH
CTG_10233325090,RKE467,2026-07-02T16:38:00,2026-07-02T23:52:00,MAIZ,CELDA_171_-_CENTRO,AVELLANEDA,INGRESO,MovimientosPorContrato_20260702.xlsx,NO_TRUCKFLOW_MATCH
CTG_10133269936,AE070DH,2026-07-02T14:39:00,2026-07-02T23:52:00,SOJA,VOLCABLE_PTO_5,TERMINAL_EMBARQUE,INGRESO,MovimientosPorContrato_20260702.xlsx,NO_TRUCKFLOW_MATCH
CTG_30033334087,SAT582,2026-07-02T22:30:00,2026-07-02T23:56:00,PELLETS GIRASOL,VOLCABLE_PTO_4,TERMINAL_EMBARQUE,INGRESO,MovimientosPorContrato_20260702.xlsx,NO_TRUCKFLOW_MATCH
CTG_30033334399,EHS233,2026-07-02T23:18:00,2026-07-02T23:58:00,PELLETS GIRASOL,,RICARDONE,EGRESO,MovimientosPorContrato_20260702.xlsx,NO_TRUCKFLOW_MATCH
CTG_30033334403,LZB017,2026-07-02T23:19:00,2026-07-02T23:59:00,PELLETS GIRASOL,,RICARDONE,EGRESO,MovimientosPorContrato_20260702.xlsx,NO_TRUCKFLOW_MATCH
COMPROB_000400419180,GFL685,2026-07-02T18:14:00,2026-07-03T00:02:00,ACEITE SOJA CRUDO DESGOMADO,,TERMINAL_EMBARQUE,EGRESO,MovimientosPorContrato_20260703.xlsx,NO_TRUCKFLOW_MATCH
CTG_10133307460,EUD420,2026-07-02T16:08:00,2026-07-03T00:03:00,SOJA,VOLCABLE_PTO_5,TERMINAL_EMBARQUE,INGRESO,MovimientosPorContrato_20260703.xlsx,NO_TRUCKFLOW_MATCH
CTG_30033334409,DIV250,2026-07-02T19:40:00,2026-07-03T00:05:00,ACEITE SOJA CRUDO DESGOMADO,,TERMINAL_EMBARQUE,EGRESO,MovimientosPorContrato_20260703.xlsx,NO_TRUCKFLOW_MATCH
CTG_30033334411,FFM492,2026-07-02T22:34:00,2026-07-03T00:06:00,PELLETS GIRASOL,,RICARDONE,EGRESO,MovimientosPorContrato_20260703.xlsx,NO_TRUCKFLOW_MATCH
CTG_10133307984,AB263TJ,2026-07-02T18:21:00,2026-07-03T00:07:00,SOJA,VOLCABLE_PTO_1,TERMINAL_EMBARQUE,INGRESO,MovimientosPorContrato_20260703.xlsx,NO_TRUCKFLOW_MATCH
CTG_30033332447,JDH880,2026-07-02T20:52:00,2026-07-03T00:11:00,ACEITE GIRASOL PARA REFINAR,ACEITE_PTO,TERMINAL_EMBARQUE,INGRESO,MovimientosPorContrato_20260703.xlsx,NO_TRUCKFLOW_MATCH
CTG_30033334415,FKX409,2026-07-02T23:25:00,2026-07-03T00:12:00,PELLETS GIRASOL,,RICARDONE,EGRESO,MovimientosPorContrato_20260703.xlsx,NO_TRUCKFLOW_MATCH
CTG_30033334098,BWV144,2026-07-02T22:30:00,2026-07-03T00:12:00,PELLETS GIRASOL,VOLCABLE_PTO_4,TERMINAL_EMBARQUE,INGRESO,MovimientosPorContrato_20260703.xlsx,NO_TRUCKFLOW_MATCH
CTG_10133307589,HKA463,2026-07-02T18:32:00,2026-07-03T00:13:00,SOJA,VOLCABLE_PTO_1,TERMINAL_EMBARQUE,INGRESO,MovimientosPorContrato_20260703.xlsx,NO_TRUCKFLOW_MATCH
CTG_10133276446,KGN883,2026-07-02T14:53:00,2026-07-03T00:14:00,GIRASOL,VOLCABLE_1,RICARDONE,INGRESO,MovimientosPorContrato_20260703.xlsx,NO_TRUCKFLOW_MATCH
CTG_10133282414,AB606BT,2026-07-02T09:43:00,2026-07-03T00:17:00,SOJA,VOLCABLE_PTO_5,TERMINAL_EMBARQUE,INGRESO,MovimientosPorContrato_20260703.xlsx,NO_TRUCKFLOW_MATCH
CTG_10133301848,OWX854,2026-07-02T17:38:00,2026-07-03T00:19:00,SOJA,VOLCABLE_PTO_5,TERMINAL_EMBARQUE,INGRESO,MovimientosPorContrato_20260703.xlsx,NO_TRUCKFLOW_MATCH
CTG_30033334125,UWX998,2026-07-02T22:33:00,2026-07-03T00:22:00,PELLETS GIRASOL,VOLCABLE_PTO_4,TERMINAL_EMBARQUE,INGRESO,MovimientosPorContrato_20260703.xlsx,NO_TRUCKFLOW_MATCH
CTG_10233329042,GZG304,2026-07-02T17:51:00,2026-07-03T00:23:00,MAIZ,CELDA_171_-_CENTRO,AVELLANEDA,INGRESO,MovimientosPorContrato_20260703.xlsx,NO_TRUCKFLOW_MATCH
CTG_10233320178,BKA051,2026-07-02T19:45:00,2026-07-03T00:29:00,SOJA,VOLCABLE_PTO_5,TERMINAL_EMBARQUE,INGRESO,MovimientosPorContrato_20260703.xlsx,NO_TRUCKFLOW_MATCH
CTG_10133315096,LDE430,2026-07-02T18:36:00,2026-07-03T00:31:00,SOJA,VOLCABLE_PTO_1,TERMINAL_EMBARQUE,INGRESO,MovimientosPorContrato_20260703.xlsx,NO_TRUCKFLOW_MATCH
CTG_30033334450,TAO150,2026-07-02T23:52:00,2026-07-03T00:31:00,PELLETS GIRASOL,,RICARDONE,EGRESO,MovimientosPorContrato_20260703.xlsx,NO_TRUCKFLOW_MATCH
CTG_30033334346,UUL425,2026-07-02T23:42:00,2026-07-03T00:32:00,PELLETS GIRASOL,VOLCABLE_PTO_4,TERMINAL_EMBARQUE,INGRESO,MovimientosPorContrato_20260703.xlsx,NO_TRUCKFLOW_MATCH
CTG_10133296595,AF093QL,2026-07-02T16:36:00,2026-07-03T00:37:00,SOJA,VOLCABLE_PTO_5,TERMINAL_EMBARQUE,INGRESO,MovimientosPorContrato_20260703.xlsx,NO_TRUCKFLOW_MATCH
COMPROB_000200431039,HDY186,2026-07-02T06:32:00,2026-07-03T00:38:00,CHIP EN ORIGEN,PLAYA_LEÑA_Y_CHIP,AVELLANEDA,INGRESO,MovimientosPorContrato_20260703.xlsx,NO_TRUCKFLOW_MATCH
CTG_10133287043,AI066EO,2026-07-02T17:27:00,2026-07-03T00:39:00,GIRASOL,VOLCABLE_2,RICARDONE,INGRESO,MovimientosPorContrato_20260703.xlsx,NO_TRUCKFLOW_MATCH
CTG_10133276381,CQW073,2026-07-02T14:54:00,2026-07-03T00:41:00,GIRASOL,VOLCABLE_1,RICARDONE,INGRESO,MovimientosPorContrato_20260703.xlsx,NO_TRUCKFLOW_MATCH
CTG_30033332836,FAF492,2026-07-02T21:18:00,2026-07-03T00:44:00,ACEITE GIRASOL PARA REFINAR,ACEITE_PTO,TERMINAL_EMBARQUE,INGRESO,MovimientosPorContrato_20260703.xlsx,NO_TRUCKFLOW_MATCH
CTG_10133296755,GSY397,2026-07-02T19:17:00,2026-07-03T00:47:00,SOJA,VOLCABLE_PTO_2,TERMINAL_EMBARQUE,INGRESO,MovimientosPorContrato_20260703.xlsx,NO_TRUCKFLOW_MATCH
CTG_30033334465,AZG422,2026-07-03T00:13:00,2026-07-03T00:48:00,PELLETS GIRASOL,,RICARDONE,EGRESO,MovimientosPorContrato_20260703.xlsx,NO_TRUCKFLOW_MATCH
CTG_10133310585,AC560QW,2026-07-02T21:20:00,2026-07-03T00:49:00,SOJA,VOLCABLE_PTO_5,TERMINAL_EMBARQUE,INGRESO,MovimientosPorContrato_20260703.xlsx,NO_TRUCKFLOW_MATCH
CTG_30033334320,VHL423,2026-07-02T23:35:00,2026-07-03T00:51:00,PELLETS GIRASOL,VOLCABLE_PTO_4,TERMINAL_EMBARQUE,INGRESO,MovimientosPorContrato_20260703.xlsx,NO_TRUCKFLOW_MATCH
CTG_30033334329,VJG112,2026-07-02T23:41:00,2026-07-03T00:52:00,PELLETS GIRASOL,VOLCABLE_PTO_4,TERMINAL_EMBARQUE,INGRESO,MovimientosPorContrato_20260703.xlsx,NO_TRUCKFLOW_MATCH
CTG_10133308029,ITR575,2026-07-02T18:35:00,2026-07-03T00:53:00,SOJA,VOLCABLE_PTO_1,TERMINAL_EMBARQUE,INGRESO,MovimientosPorContrato_20260703.xlsx,NO_TRUCKFLOW_MATCH
CTG_10233321763,LZA381,2026-07-02T21:14:00,2026-07-03T00:53:00,SOJA,VOLCABLE_PTO_5,TERMINAL_EMBARQUE,INGRESO,MovimientosPorContrato_20260703.xlsx,NO_TRUCKFLOW_MATCH
CTG_10233307452,TJT439,2026-07-02T14:41:00,2026-07-03T00:55:00,SOJA,VOLCABLE_PTO_2,TERMINAL_EMBARQUE,INGRESO,MovimientosPorContrato_20260703.xlsx,NO_TRUCKFLOW_MATCH
CTG_30033334347,EYH843,2026-07-02T23:43:00,2026-07-03T00:56:00,PELLETS GIRASOL,VOLCABLE_PTO_4,TERMINAL_EMBARQUE,INGRESO,MovimientosPorContrato_20260703.xlsx,NO_TRUCKFLOW_MATCH
CTG_10233304397,MTT354,2026-07-02T18:24:00,2026-07-03T01:03:00,SOJA,VOLCABLE_PTO_1,TERMINAL_EMBARQUE,INGRESO,MovimientosPorContrato_20260703.xlsx,NO_TRUCKFLOW_MATCH
CTG_10233287592,FZV750,2026-07-02T17:26:00,2026-07-03T01:03:00,GIRASOL,VOLCABLE_1,RICARDONE,INGRESO,MovimientosPorContrato_20260703.xlsx,NO_TRUCKFLOW_MATCH
CTG_10133310301,AC560RE,2026-07-02T21:22:00,2026-07-03T01:04:00,SOJA,VOLCABLE_PTO_5,TERMINAL_EMBARQUE,INGRESO,MovimientosPorContrato_20260703.xlsx,NO_TRUCKFLOW_MATCH
CTG_10133310815,AA037EW,2026-07-02T14:58:00,2026-07-03T01:05:00,SOJA,VOLCABLE_PTO_1,TERMINAL_EMBARQUE,INGRESO,MovimientosPorContrato_20260703.xlsx,NO_TRUCKFLOW_MATCH
COMPROB_000200431040,AH210AI,2026-07-02T23:57:00,2026-07-03T01:07:00,CHIP DE PINO,PLAYA_LEÑA_Y_CHIP,AVELLANEDA,INGRESO,MovimientosPorContrato_20260703.xlsx,NO_TRUCKFLOW_MATCH
CTG_30033334484,TAC436,2026-07-03T00:24:00,2026-07-03T01:08:00,PELLETS GIRASOL,,RICARDONE,EGRESO,MovimientosPorContrato_20260703.xlsx,NO_TRUCKFLOW_MATCH
CTG_30033334358,ROS380,2026-07-02T23:54:00,2026-07-03T01:09:00,PELLETS GIRASOL,VOLCABLE_PTO_4,TERMINAL_EMBARQUE,INGRESO,MovimientosPorContrato_20260703.xlsx,NO_TRUCKFLOW_MATCH
CTG_30033334485,BWV144,2026-07-03T00:36:00,2026-07-03T01:09:00,PELLETS GIRASOL,,RICARDONE,EGRESO,MovimientosPorContrato_20260703.xlsx,NO_TRUCKFLOW_MATCH
CTG_10133287633,VFO537,2026-07-02T18:11:00,2026-07-03T01:10:00,GIRASOL,VOLCABLE_2,RICARDONE,INGRESO,MovimientosPorContrato_20260703.xlsx,NO_TRUCKFLOW_MATCH
CTG_10133310817,AB736BJ,2026-07-02T15:02:00,2026-07-03T01:11:00,SOJA,VOLCABLE_PTO_1,TERMINAL_EMBARQUE,INGRESO,MovimientosPorContrato_20260703.xlsx,NO_TRUCKFLOW_MATCH
CTG_10133301361,AB623JW,2026-07-02T14:40:00,2026-07-03T01:13:00,SOJA,VOLCABLE_PTO_5,TERMINAL_EMBARQUE,INGRESO,MovimientosPorContrato_20260703.xlsx,NO_TRUCKFLOW_MATCH
CTG_10133297572,KXT209,2026-07-02T14:49:00,2026-07-03T01:14:00,SOJA,VOLCABLE_PTO_2,TERMINAL_EMBARQUE,INGRESO,MovimientosPorContrato_20260703.xlsx,NO_TRUCKFLOW_MATCH
CTG_30033334375,HNE318,2026-07-03T00:01:00,2026-07-03T01:16:00,PELLETS GIRASOL,VOLCABLE_PTO_4,TERMINAL_EMBARQUE,INGRESO,MovimientosPorContrato_20260703.xlsx,NO_TRUCKFLOW_MATCH
CTG_10133310814,AI082AP,2026-07-02T14:52:00,2026-07-03T01:17:00,SOJA,VOLCABLE_PTO_2,TERMINAL_EMBARQUE,INGRESO,MovimientosPorContrato_20260703.xlsx,NO_TRUCKFLOW_MATCH
CTG_30033334380,UKL882,2026-07-03T00:03:00,2026-07-03T01:18:00,PELLETS GIRASOL,VOLCABLE_PTO_4,TERMINAL_EMBARQUE,INGRESO,MovimientosPorContrato_20260703.xlsx,NO_TRUCKFLOW_MATCH
CTG_10133315527,AB071KZ,2026-07-02T19:22:00,2026-07-03T01:19:00,SOJA,VOLCABLE_PTO_5,TERMINAL_EMBARQUE,INGRESO,MovimientosPorContrato_20260703.xlsx,NO_TRUCKFLOW_MATCH
CTG_10233322047,OYS477,2026-07-02T19:23:00,2026-07-03T01:19:00,SOJA,VOLCABLE_PTO_1,TERMINAL_EMBARQUE,INGRESO,MovimientosPorContrato_20260703.xlsx,NO_TRUCKFLOW_MATCH
CTG_30033334494,UWX998,2026-07-03T00:47:00,2026-07-03T01:23:00,PELLETS GIRASOL,,RICARDONE,EGRESO,MovimientosPorContrato_20260703.xlsx,NO_TRUCKFLOW_MATCH
CTG_30033334495,UER485,2026-07-03T00:49:00,2026-07-03T01:26:00,PELLETS GIRASOL,,RICARDONE,EGRESO,MovimientosPorContrato_20260703.xlsx,NO_TRUCKFLOW_MATCH
CTG_30033334389,RXD557,2026-07-03T00:06:00,2026-07-03T01:26:00,PELLETS GIRASOL,VOLCABLE_PTO_4,TERMINAL_EMBARQUE,INGRESO,MovimientosPorContrato_20260703.xlsx,NO_TRUCKFLOW_MATCH
CTG_10133287329,NMQ897,2026-07-02T15:10:00,2026-07-03T01:27:00,SOJA,VOLCABLE_PTO_1,TERMINAL_EMBARQUE,INGRESO,MovimientosPorContrato_20260703.xlsx,NO_TRUCKFLOW_MATCH
CTG_10233295875,HME741,2026-07-02T15:41:00,2026-07-03T01:28:00,SOJA,VOLCABLE_PTO_1,TERMINAL_EMBARQUE,INGRESO,MovimientosPorContrato_20260703.xlsx,NO_TRUCKFLOW_MATCH
CTG_10233296072,AC291UV,2026-07-02T16:04:00,2026-07-03T01:29:00,SOJA,VOLCABLE_PTO_5,TERMINAL_EMBARQUE,INGRESO,MovimientosPorContrato_20260703.xlsx,NO_TRUCKFLOW_MATCH
CTG_10233313021,AE332IG,2026-07-02T19:16:00,2026-07-03T01:30:00,SOJA,VOLCABLE_PTO_2,TERMINAL_EMBARQUE,INGRESO,MovimientosPorContrato_20260703.xlsx,NO_TRUCKFLOW_MATCH
CTG_30033334399,EHS233,2026-07-03T00:12:00,2026-07-03T01:35:00,PELLETS GIRASOL,VOLCABLE_PTO_4,TERMINAL_EMBARQUE,INGRESO,MovimientosPorContrato_20260703.xlsx,NO_TRUCKFLOW_MATCH
CTG_10133287547,AC061HZ,2026-07-02T18:10:00,2026-07-03T01:35:00,GIRASOL,VOLCABLE_1,RICARDONE,INGRESO,MovimientosPorContrato_20260703.xlsx,NO_TRUCKFLOW_MATCH
CTG_10133304807,BYC932,2026-07-02T19:22:00,2026-07-03T01:39:00,SOJA,VOLCABLE_PTO_1,TERMINAL_EMBARQUE,INGRESO,MovimientosPorContrato_20260703.xlsx,NO_TRUCKFLOW_MATCH
CTG_10133286947,TFB264,2026-07-02T18:31:00,2026-07-03T01:39:00,GIRASOL,VOLCABLE_2,RICARDONE,INGRESO,MovimientosPorContrato_20260703.xlsx,NO_TRUCKFLOW_MATCH
CTG_10133315007,AH090FM,2026-07-02T15:45:00,2026-07-03T01:41:00,SOJA,VOLCABLE_PTO_1,TERMINAL_EMBARQUE,INGRESO,MovimientosPorContrato_20260703.xlsx,NO_TRUCKFLOW_MATCH
CTG_30033334403,LZB017,2026-07-03T00:13:00,2026-07-03T01:42:00,PELLETS GIRASOL,VOLCABLE_PTO_4,TERMINAL_EMBARQUE,INGRESO,MovimientosPorContrato_20260703.xlsx,NO_TRUCKFLOW_MATCH
CTG_30033334532,UUL425,2026-07-03T00:56:00,2026-07-03T01:44:00,PELLETS GIRASOL,,RICARDONE,EGRESO,MovimientosPorContrato_20260703.xlsx,NO_TRUCKFLOW_MATCH
CTG_10133304969,AVH003,2026-07-02T19:24:00,2026-07-03T01:46:00,SOJA,VOLCABLE_PTO_2,TERMINAL_EMBARQUE,INGRESO,MovimientosPorContrato_20260703.xlsx,NO_TRUCKFLOW_MATCH
CTG_10133317985,DBA862,2026-07-02T22:07:00,2026-07-03T01:48:00,SOJA,VOLCABLE_PTO_5,TERMINAL_EMBARQUE,INGRESO,MovimientosPorContrato_20260703.xlsx,NO_TRUCKFLOW_MATCH
CTG_30033334411,FFM492,2026-07-03T00:21:00,2026-07-03T01:49:00,PELLETS GIRASOL,VOLCABLE_PTO_4,TERMINAL_EMBARQUE,INGRESO,MovimientosPorContrato_20260703.xlsx,NO_TRUCKFLOW_MATCH
CTG_10133315340,AE854UO,2026-07-02T15:43:00,2026-07-03T01:50:00,SOJA,VOLCABLE_PTO_2,TERMINAL_EMBARQUE,INGRESO,MovimientosPorContrato_20260703.xlsx,NO_TRUCKFLOW_MATCH
CTG_10133313223,KVL031,2026-07-02T16:09:00,2026-07-03T01:51:00,SOJA,VOLCABLE_PTO_1,TERMINAL_EMBARQUE,INGRESO,MovimientosPorContrato_20260703.xlsx,NO_TRUCKFLOW_MATCH
CTG_10133290931,AE522EL,2026-07-02T17:26:00,2026-07-03T01:52:00,SOJA,VOLCABLE_PTO_5,TERMINAL_EMBARQUE,INGRESO,MovimientosPorContrato_20260703.xlsx,NO_TRUCKFLOW_MATCH
CTG_10133306156,AD397GP,2026-07-02T19:42:00,2026-07-03T01:58:00,SOJA,VOLCABLE_PTO_1,TERMINAL_EMBARQUE,INGRESO,MovimientosPorContrato_20260703.xlsx,NO_TRUCKFLOW_MATCH
CTG_30033334415,FKX409,2026-07-03T00:26:00,2026-07-03T01:59:00,PELLETS GIRASOL,VOLCABLE_PTO_4,TERMINAL_EMBARQUE,INGRESO,MovimientosPorContrato_20260703.xlsx,NO_TRUCKFLOW_MATCH
CTG_30033334539,VJG112,2026-07-03T01:11:00,2026-07-03T02:00:00,PELLETS GIRASOL,,RICARDONE,EGRESO,MovimientosPorContrato_20260703.xlsx,NO_TRUCKFLOW_MATCH
CTG_10133294219,GZX778,2026-07-02T16:08:00,2026-07-03T02:01:00,SOJA,VOLCABLE_PTO_5,TERMINAL_EMBARQUE,INGRESO,MovimientosPorContrato_20260703.xlsx,NO_TRUCKFLOW_MATCH
CTG_10133286752,CCT460,2026-07-02T18:34:00,2026-07-03T02:01:00,GIRASOL,VOLCABLE_1,RICARDONE,INGRESO,MovimientosPorContrato_20260703.xlsx,NO_TRUCKFLOW_MATCH
CTG_30033334542,EYH843,2026-07-03T01:14:00,2026-07-03T02:04:00,PELLETS GIRASOL,,RICARDONE,EGRESO,MovimientosPorContrato_20260703.xlsx,NO_TRUCKFLOW_MATCH
CTG_10133311911,AH314QJ,2026-07-02T14:35:00,2026-07-03T02:05:00,SOJA,VOLCABLE_PTO_2,TERMINAL_EMBARQUE,INGRESO,MovimientosPorContrato_20260703.xlsx,NO_TRUCKFLOW_MATCH
CTG_30033334330,JUP399,2026-07-03T00:32:00,2026-07-03T02:10:00,ACEITE GIRASOL PARA REFINAR,ACEITE_PTO,TERMINAL_EMBARQUE,INGRESO,MovimientosPorContrato_20260703.xlsx,NO_TRUCKFLOW_MATCH
CTG_10133278329,MRE211,2026-07-02T11:09:00,2026-07-03T02:11:00,SOJA,VOLCABLE_PTO_1,TERMINAL_EMBARQUE,INGRESO,MovimientosPorContrato_20260703.xlsx,NO_TRUCKFLOW_MATCH
CTG_30033334547,ROS380,2026-07-03T01:25:00,2026-07-03T02:12:00,PELLETS GIRASOL,,RICARDONE,EGRESO,MovimientosPorContrato_20260703.xlsx,NO_TRUCKFLOW_MATCH
CTG_10133290851,AD616XO,2026-07-02T19:46:00,2026-07-03T02:12:00,SOJA,VOLCABLE_PTO_2,TERMINAL_EMBARQUE,INGRESO,MovimientosPorContrato_20260703.xlsx,NO_TRUCKFLOW_MATCH
CTG_10133320184,JPB436,2026-07-02T19:44:00,2026-07-03T02:13:00,SOJA,VOLCABLE_PTO_1,TERMINAL_EMBARQUE,INGRESO,MovimientosPorContrato_20260703.xlsx,NO_TRUCKFLOW_MATCH
CTG_10233319668,NUG519,2026-07-02T20:15:00,2026-07-03T02:14:00,SOJA,VOLCABLE_PTO_5,TERMINAL_EMBARQUE,INGRESO,MovimientosPorContrato_20260703.xlsx,NO_TRUCKFLOW_MATCH
CTG_10133307624,AH703YY,2026-07-02T20:25:00,2026-07-03T02:15:00,GIRASOL,VOLCABLE_2,RICARDONE,INGRESO,MovimientosPorContrato_20260703.xlsx,NO_TRUCKFLOW_MATCH
CTG_10233323293,KLM808,2026-07-02T19:48:00,2026-07-03T02:17:00,SOJA,VOLCABLE_PTO_5,TERMINAL_EMBARQUE,INGRESO,MovimientosPorContrato_20260703.xlsx,NO_TRUCKFLOW_MATCH
CTG_30033334607,HNE318,2026-07-03T01:31:00,2026-07-03T02:20:00,PELLETS GIRASOL,,RICARDONE,EGRESO,MovimientosPorContrato_20260703.xlsx,NO_TRUCKFLOW_MATCH
CTG_10133306262,AD727ZK,2026-07-02T19:47:00,2026-07-03T02:20:00,SOJA,VOLCABLE_PTO_2,TERMINAL_EMBARQUE,INGRESO,MovimientosPorContrato_20260703.xlsx,NO_TRUCKFLOW_MATCH
CTG_10233318176,GTB021,2026-07-02T20:03:00,2026-07-03T02:23:00,SOJA,VOLCABLE_PTO_1,TERMINAL_EMBARQUE,INGRESO,MovimientosPorContrato_20260703.xlsx,NO_TRUCKFLOW_MATCH
CTG_30033334610,UKL882,2026-07-03T01:35:00,2026-07-03T02:24:00,PELLETS GIRASOL,,RICARDONE,EGRESO,MovimientosPorContrato_20260703.xlsx,NO_TRUCKFLOW_MATCH
CTG_30033334361,IYR089,2026-07-03T00:37:00,2026-07-03T02:29:00,ACEITE GIRASOL PARA REFINAR,ACEITE_PTO,TERMINAL_EMBARQUE,INGRESO,MovimientosPorContrato_20260703.xlsx,NO_TRUCKFLOW_MATCH
CTG_10133322398,SYD643,2026-07-02T20:52:00,2026-07-03T02:29:00,GIRASOL,VOLCABLE_1,RICARDONE,INGRESO,MovimientosPorContrato_20260703.xlsx,NO_TRUCKFLOW_MATCH
COMPROB_000404035239,AE088MS,2026-07-02T22:22:00,2026-07-03T02:30:00,FUEL-OIL,,TERMINAL_EMBARQUE,INGRESO,MovimientosPorContrato_20260703.xlsx,NO_TRUCKFLOW_MATCH
CTG_10133305114,IGV873,2026-07-02T20:07:00,2026-07-03T02:31:00,SOJA,VOLCABLE_PTO_1,TERMINAL_EMBARQUE,INGRESO,MovimientosPorContrato_20260703.xlsx,NO_TRUCKFLOW_MATCH
CTG_10133307554,MKL987,2026-07-02T22:43:00,2026-07-03T02:37:00,SOJA,VOLCABLE_PTO_5,TERMINAL_EMBARQUE,INGRESO,MovimientosPorContrato_20260703.xlsx,NO_TRUCKFLOW_MATCH
CTG_10133305250,GOX458,2026-07-02T20:05:00,2026-07-03T02:37:00,SOJA,VOLCABLE_PTO_1,TERMINAL_EMBARQUE,INGRESO,MovimientosPorContrato_20260703.xlsx,NO_TRUCKFLOW_MATCH
CTG_10133325695,OTO277,2026-07-02T20:04:00,2026-07-03T02:40:00,SOJA,VOLCABLE_PTO_2,TERMINAL_EMBARQUE,INGRESO,MovimientosPorContrato_20260703.xlsx,NO_TRUCKFLOW_MATCH
CTG_10133316458,GDO576,2026-07-02T18:38:00,2026-07-03T02:41:00,SOJA,VOLCABLE_PTO_5,TERMINAL_EMBARQUE,INGRESO,MovimientosPorContrato_20260703.xlsx,NO_TRUCKFLOW_MATCH
CTG_10133310440,AH340WX,2026-07-02T20:21:00,2026-07-03T02:47:00,SOJA,VOLCABLE_PTO_1,TERMINAL_EMBARQUE,INGRESO,MovimientosPorContrato_20260703.xlsx,NO_TRUCKFLOW_MATCH
CTG_10133306222,AI066EN,2026-07-02T21:17:00,2026-07-03T02:51:00,GIRASOL,VOLCABLE_2,RICARDONE,INGRESO,MovimientosPorContrato_20260703.xlsx,NO_TRUCKFLOW_MATCH
CTG_10233320854,AH826WA,2026-07-02T20:23:00,2026-07-03T02:51:00,SOJA,VOLCABLE_PTO_2,TERMINAL_EMBARQUE,INGRESO,MovimientosPorContrato_20260703.xlsx,NO_TRUCKFLOW_MATCH
CTG_10233295510,AD132JA,2026-07-02T20:36:00,2026-07-03T02:52:00,SOJA,VOLCABLE_PTO_1,TERMINAL_EMBARQUE,INGRESO,MovimientosPorContrato_20260703.xlsx,NO_TRUCKFLOW_MATCH
CTG_10133305943,AD397GN,2026-07-02T20:38:00,2026-07-03T02:54:00,SOJA,VOLCABLE_PTO_1,TERMINAL_EMBARQUE,INGRESO,MovimientosPorContrato_20260703.xlsx,NO_TRUCKFLOW_MATCH
CTG_10133311603,AA262QM,2026-07-02T19:15:00,2026-07-03T02:55:00,SOJA,VOLCABLE_PTO_5,TERMINAL_EMBARQUE,INGRESO,MovimientosPorContrato_20260703.xlsx,NO_TRUCKFLOW_MATCH
COMPROB_000200431041,AE909ES,2026-07-03T02:15:00,2026-07-03T02:55:00,CHIP DE PINO,PLAYA_LEÑA_Y_CHIP,AVELLANEDA,INGRESO,MovimientosPorContrato_20260703.xlsx,NO_TRUCKFLOW_MATCH
CTG_10233308694,AF649AN,2026-07-02T20:49:00,2026-07-03T02:57:00,SOJA,VOLCABLE_PTO_1,TERMINAL_EMBARQUE,INGRESO,MovimientosPorContrato_20260703.xlsx,NO_TRUCKFLOW_MATCH
CTG_10233318955,GEO679,2026-07-02T19:35:00,2026-07-03T02:58:00,SOJA,VOLCABLE_PTO_5,TERMINAL_EMBARQUE,INGRESO,MovimientosPorContrato_20260703.xlsx,NO_TRUCKFLOW_MATCH
CTG_10233309762,VDB780,2026-07-02T22:45:00,2026-07-03T03:00:00,GIRASOL,VOLCABLE_1,RICARDONE,INGRESO,MovimientosPorContrato_20260703.xlsx,NO_TRUCKFLOW_MATCH
CTG_30033334405,GVJ645,2026-07-03T00:58:00,2026-07-03T03:02:00,ACEITE GIRASOL PARA REFINAR,ACEITE_PTO,TERMINAL_EMBARQUE,INGRESO,MovimientosPorContrato_20260703.xlsx,NO_TRUCKFLOW_MATCH
COMPROB_000404035253,AE197JR,2026-07-02T22:56:00,2026-07-03T03:04:00,FUEL-OIL,,TERMINAL_EMBARQUE,INGRESO,MovimientosPorContrato_20260703.xlsx,NO_TRUCKFLOW_MATCH
CTG_10133300040,GDB459,2026-07-02T20:24:00,2026-07-03T03:05:00,SOJA,VOLCABLE_PTO_2,TERMINAL_EMBARQUE,INGRESO,MovimientosPorContrato_20260703.xlsx,NO_TRUCKFLOW_MATCH
CTG_10133306063,MXD815,2026-07-02T20:54:00,2026-07-03T03:08:00,SOJA,VOLCABLE_PTO_2,TERMINAL_EMBARQUE,INGRESO,MovimientosPorContrato_20260703.xlsx,NO_TRUCKFLOW_MATCH
CTG_10233318502,NPG490,2026-07-02T19:43:00,2026-07-03T03:09:00,SOJA,VOLCABLE_PTO_5,TERMINAL_EMBARQUE,INGRESO,MovimientosPorContrato_20260703.xlsx,NO_TRUCKFLOW_MATCH
CTG_10133312552,MRW938,2026-07-02T20:53:00,2026-07-03T03:10:00,SOJA,VOLCABLE_PTO_3,TERMINAL_EMBARQUE,INGRESO,MovimientosPorContrato_20260703.xlsx,NO_TRUCKFLOW_MATCH
CTG_30033334436,AA463TD,2026-07-03T01:11:00,2026-07-03T03:11:00,ACEITE GIRASOL PARA REFINAR,ACEITE_PTO,TERMINAL_EMBARQUE,INGRESO,MovimientosPorContrato_20260703.xlsx,NO_TRUCKFLOW_MATCH
CTG_10133316640,RFG066,2026-07-02T20:51:00,2026-07-03T03:13:00,SOJA,VOLCABLE_PTO_1,TERMINAL_EMBARQUE,INGRESO,MovimientosPorContrato_20260703.xlsx,NO_TRUCKFLOW_MATCH
CTG_10133298973,AB673FQ,2026-07-02T20:55:00,2026-07-03T03:14:00,SOJA,VOLCABLE_PTO_2,TERMINAL_EMBARQUE,INGRESO,MovimientosPorContrato_20260703.xlsx,NO_TRUCKFLOW_MATCH
CTG_10233316848,GID573,2026-07-02T19:36:00,2026-07-03T03:14:00,SOJA,VOLCABLE_PTO_5,TERMINAL_EMBARQUE,INGRESO,MovimientosPorContrato_20260703.xlsx,NO_TRUCKFLOW_MATCH
CTG_10233310534,AB695JY,2026-07-02T15:07:00,2026-07-03T03:16:00,SOJA,VOLCABLE_PTO_3,TERMINAL_EMBARQUE,INGRESO,MovimientosPorContrato_20260703.xlsx,NO_TRUCKFLOW_MATCH
CTG_10233306408,AE446LN,2026-07-02T16:41:00,2026-07-03T03:16:00,SOJA,VOLCABLE_PTO_1,TERMINAL_EMBARQUE,INGRESO,MovimientosPorContrato_20260703.xlsx,NO_TRUCKFLOW_MATCH
CTG_10233296969,BER232,2026-07-02T16:39:00,2026-07-03T03:23:00,SOJA,VOLCABLE_PTO_3,TERMINAL_EMBARQUE,INGRESO,MovimientosPorContrato_20260703.xlsx,NO_TRUCKFLOW_MATCH
CTG_10133305624,AE785KC,2026-07-02T17:08:00,2026-07-03T03:24:00,SOJA,VOLCABLE_PTO_2,TERMINAL_EMBARQUE,INGRESO,MovimientosPorContrato_20260703.xlsx,NO_TRUCKFLOW_MATCH
CTG_10233316550,EGN404,2026-07-02T22:14:00,2026-07-03T03:25:00,SOJA,VOLCABLE_PTO_5,TERMINAL_EMBARQUE,INGRESO,MovimientosPorContrato_20260703.xlsx,NO_TRUCKFLOW_MATCH
CTG_10133319376,AB140SA,2026-07-02T22:02:00,2026-07-03T03:26:00,SOJA,VOLCABLE_PTO_5,TERMINAL_EMBARQUE,INGRESO,MovimientosPorContrato_20260703.xlsx,NO_TRUCKFLOW_MATCH
CTG_10133306281,FUF085,2026-07-02T16:46:00,2026-07-03T03:28:00,SOJA,VOLCABLE_PTO_1,TERMINAL_EMBARQUE,INGRESO,MovimientosPorContrato_20260703.xlsx,NO_TRUCKFLOW_MATCH
CTG_10233300295,AH730CB,2026-07-02T17:10:00,2026-07-03T03:32:00,SOJA,VOLCABLE_PTO_3,TERMINAL_EMBARQUE,INGRESO,MovimientosPorContrato_20260703.xlsx,NO_TRUCKFLOW_MATCH
CTG_10133310460,AC467QD,2026-07-02T21:21:00,2026-07-03T03:33:00,SOJA,VOLCABLE_PTO_5,TERMINAL_EMBARQUE,INGRESO,MovimientosPorContrato_20260703.xlsx,NO_TRUCKFLOW_MATCH
CTG_10233310776,IZX624,2026-07-02T22:46:00,2026-07-03T03:34:00,GIRASOL,VOLCABLE_2,RICARDONE,INGRESO,MovimientosPorContrato_20260703.xlsx,NO_TRUCKFLOW_MATCH
CTG_10233314864,AE381AC,2026-07-02T18:01:00,2026-07-03T03:34:00,SOJA,VOLCABLE_PTO_1,TERMINAL_EMBARQUE,INGRESO,MovimientosPorContrato_20260703.xlsx,NO_TRUCKFLOW_MATCH
CTG_10233310757,OGR205,2026-07-02T23:16:00,2026-07-03T03:36:00,GIRASOL,VOLCABLE_1,RICARDONE,INGRESO,MovimientosPorContrato_20260703.xlsx,NO_TRUCKFLOW_MATCH
CTG_10233312940,EVC245,2026-07-02T22:41:00,2026-07-03T03:37:00,SOJA,VOLCABLE_PTO_2,TERMINAL_EMBARQUE,INGRESO,MovimientosPorContrato_20260703.xlsx,NO_TRUCKFLOW_MATCH
CTG_10233311313,FMO445,2026-07-02T16:19:00,2026-07-03T03:39:00,SOJA,VOLCABLE_PTO_3,TERMINAL_EMBARQUE,INGRESO,MovimientosPorContrato_20260703.xlsx,NO_TRUCKFLOW_MATCH
CTG_10133309874,BML161,2026-07-02T16:29:00,2026-07-03T03:45:00,SOJA,VOLCABLE_PTO_3,TERMINAL_EMBARQUE,INGRESO,MovimientosPorContrato_20260703.xlsx,NO_TRUCKFLOW_MATCH
CTG_10233310779,AI082RY,2026-07-02T16:19:00,2026-07-03T03:47:00,SOJA,VOLCABLE_PTO_1,TERMINAL_EMBARQUE,INGRESO,MovimientosPorContrato_20260703.xlsx,NO_TRUCKFLOW_MATCH
CTG_10133312549,HOO464,2026-07-02T22:03:00,2026-07-03T03:51:00,SOJA,VOLCABLE_PTO_5,TERMINAL_EMBARQUE,INGRESO,MovimientosPorContrato_20260703.xlsx,NO_TRUCKFLOW_MATCH
CTG_10233323145,DAS418,2026-07-02T20:22:00,2026-07-03T03:52:00,SOJA,VOLCABLE_PTO_2,TERMINAL_EMBARQUE,INGRESO,MovimientosPorContrato_20260703.xlsx,NO_TRUCKFLOW_MATCH
CTG_30033334459,EXR046,2026-07-03T01:23:00,2026-07-03T03:55:00,ACEITE GIRASOL PARA REFINAR,ACEITE_PTO,TERMINAL_EMBARQUE,INGRESO,MovimientosPorContrato_20260703.xlsx,NO_TRUCKFLOW_MATCH
CTG_10233318101,BLX940,2026-07-02T22:38:00,2026-07-03T03:56:00,SOJA,VOLCABLE_PTO_1,TERMINAL_EMBARQUE,INGRESO,MovimientosPorContrato_20260703.xlsx,NO_TRUCKFLOW_MATCH
CTG_10133314321,OJH992,2026-07-02T22:40:00,2026-07-03T03:57:00,SOJA,VOLCABLE_PTO_5,TERMINAL_EMBARQUE,INGRESO,MovimientosPorContrato_20260703.xlsx,NO_TRUCKFLOW_MATCH
CTG_10233316722,CDV297,2026-07-02T18:37:00,2026-07-03T03:57:00,SOJA,VOLCABLE_PTO_3,TERMINAL_EMBARQUE,INGRESO,MovimientosPorContrato_20260703.xlsx,NO_TRUCKFLOW_MATCH
CTG_10133299069,AE003LA,2026-07-02T19:38:00,2026-07-03T03:59:00,SOJA,VOLCABLE_PTO_3,TERMINAL_EMBARQUE,INGRESO,MovimientosPorContrato_20260703.xlsx,NO_TRUCKFLOW_MATCH
CTG_10133294430,EHH291,2026-07-02T19:18:00,2026-07-03T04:02:00,SOJA,VOLCABLE_PTO_1,TERMINAL_EMBARQUE,INGRESO,MovimientosPorContrato_20260703.xlsx,NO_TRUCKFLOW_MATCH
CTG_30033334496,AJV928,2026-07-03T02:13:00,2026-07-03T04:03:00,ACEITE GIRASOL PARA REFINAR,ACEITE_PTO,TERMINAL_EMBARQUE,INGRESO,MovimientosPorContrato_20260703.xlsx,NO_TRUCKFLOW_MATCH
CTG_10133306320,GJT871,2026-07-02T20:12:00,2026-07-03T04:04:00,SOJA,VOLCABLE_PTO_3,TERMINAL_EMBARQUE,INGRESO,MovimientosPorContrato_20260703.xlsx,NO_TRUCKFLOW_MATCH
CTG_10133316309,BFM135,2026-07-02T22:17:00,2026-07-03T04:05:00,SOJA,VOLCABLE_PTO_5,TERMINAL_EMBARQUE,INGRESO,MovimientosPorContrato_20260703.xlsx,NO_TRUCKFLOW_MATCH
CTG_10133325942,RJX128,2026-07-02T20:35:00,2026-07-03T04:09:00,SOJA,VOLCABLE_PTO_1,TERMINAL_EMBARQUE,INGRESO,MovimientosPorContrato_20260703.xlsx,NO_TRUCKFLOW_MATCH
CTG_10233310164,LBT513,2026-07-02T21:09:00,2026-07-03T04:12:00,SOJA,VOLCABLE_PTO_3,TERMINAL_EMBARQUE,INGRESO,MovimientosPorContrato_20260703.xlsx,NO_TRUCKFLOW_MATCH
CTG_10233311288,AC256KU,2026-07-02T23:16:00,2026-07-03T04:12:00,GIRASOL,VOLCABLE_2,RICARDONE,INGRESO,MovimientosPorContrato_20260703.xlsx,NO_TRUCKFLOW_MATCH
CTG_10133320816,AE557UT,2026-07-02T21:14:00,2026-07-03T04:13:00,SOJA,VOLCABLE_PTO_2,TERMINAL_EMBARQUE,INGRESO,MovimientosPorContrato_20260703.xlsx,NO_TRUCKFLOW_MATCH
CTG_10133284900,FEN234,2026-07-02T22:43:00,2026-07-03T04:14:00,SOJA,VOLCABLE_PTO_5,TERMINAL_EMBARQUE,INGRESO,MovimientosPorContrato_20260703.xlsx,NO_TRUCKFLOW_MATCH
CTG_10233314278,LTN939,2026-07-02T23:48:00,2026-07-03T04:16:00,GIRASOL,VOLCABLE_1,RICARDONE,INGRESO,MovimientosPorContrato_20260703.xlsx,NO_TRUCKFLOW_MATCH
CTG_10233326731,TGF163,2026-07-02T21:08:00,2026-07-03T04:17:00,SOJA,VOLCABLE_PTO_1,TERMINAL_EMBARQUE,INGRESO,MovimientosPorContrato_20260703.xlsx,NO_TRUCKFLOW_MATCH
CTG_10133307239,CVQ954,2026-07-02T20:56:00,2026-07-03T04:21:00,SOJA,VOLCABLE_PTO_3,TERMINAL_EMBARQUE,INGRESO,MovimientosPorContrato_20260703.xlsx,NO_TRUCKFLOW_MATCH
CTG_10233323898,AA988LT,2026-07-02T21:15:00,2026-07-03T04:21:00,SOJA,VOLCABLE_PTO_2,TERMINAL_EMBARQUE,INGRESO,MovimientosPorContrato_20260703.xlsx,NO_TRUCKFLOW_MATCH
CTG_10133314886,AB969CK,2026-07-02T21:13:00,2026-07-03T04:23:00,SOJA,VOLCABLE_PTO_1,TERMINAL_EMBARQUE,INGRESO,MovimientosPorContrato_20260703.xlsx,NO_TRUCKFLOW_MATCH
CTG_10133289969,NHB130,2026-07-02T22:05:00,2026-07-03T04:24:00,SOJA,VOLCABLE_PTO_1,TERMINAL_EMBARQUE,INGRESO,MovimientosPorContrato_20260703.xlsx,NO_TRUCKFLOW_MATCH
CTG_10133313377,AB269HB,2026-07-02T23:03:00,2026-07-03T04:25:00,SOJA,VOLCABLE_PTO_5,TERMINAL_EMBARQUE,INGRESO,MovimientosPorContrato_20260703.xlsx,NO_TRUCKFLOW_MATCH
CTG_10133320664,AG598QN,2026-07-02T18:18:00,2026-07-03T04:27:00,SOJA,VOLCABLE_PTO_2,TERMINAL_EMBARQUE,INGRESO,MovimientosPorContrato_20260703.xlsx,NO_TRUCKFLOW_MATCH
CTG_10233325848,AE108GC,2026-07-02T21:23:00,2026-07-03T04:28:00,SOJA,VOLCABLE_PTO_3,TERMINAL_EMBARQUE,INGRESO,MovimientosPorContrato_20260703.xlsx,NO_TRUCKFLOW_MATCH
CTG_10133318187,HIL087,2026-07-02T23:13:00,2026-07-03T04:36:00,SOJA,VOLCABLE_PTO_5,TERMINAL_EMBARQUE,INGRESO,MovimientosPorContrato_20260703.xlsx,NO_TRUCKFLOW_MATCH
CTG_10233305825,UAL566,2026-07-02T21:42:00,2026-07-03T04:42:00,SOJA,VOLCABLE_PTO_3,TERMINAL_EMBARQUE,INGRESO,MovimientosPorContrato_20260703.xlsx,NO_TRUCKFLOW_MATCH
CTG_10133314397,LMM784,2026-07-02T22:01:00,2026-07-03T04:43:00,SOJA,VOLCABLE_PTO_3,TERMINAL_EMBARQUE,INGRESO,MovimientosPorContrato_20260703.xlsx,NO_TRUCKFLOW_MATCH
CTG_30033334482,TKS227,2026-07-03T02:24:00,2026-07-03T04:45:00,ACEITE GIRASOL PARA REFINAR,ACEITE_PTO,TERMINAL_EMBARQUE,INGRESO,MovimientosPorContrato_20260703.xlsx,NO_TRUCKFLOW_MATCH
CTG_10133313522,KAO467,2026-07-02T22:04:00,2026-07-03T04:45:00,SOJA,VOLCABLE_PTO_2,TERMINAL_EMBARQUE,INGRESO,MovimientosPorContrato_20260703.xlsx,NO_TRUCKFLOW_MATCH
CTG_10133306882,BEX559,2026-07-02T23:43:00,2026-07-03T04:48:00,GIRASOL,VOLCABLE_2,RICARDONE,INGRESO,MovimientosPorContrato_20260703.xlsx,NO_TRUCKFLOW_MATCH
CTG_10233310270,KHN093,2026-07-02T22:08:00,2026-07-03T04:51:00,SOJA,VOLCABLE_PTO_1,TERMINAL_EMBARQUE,INGRESO,MovimientosPorContrato_20260703.xlsx,NO_TRUCKFLOW_MATCH
CTG_10233313921,EAZ380,2026-07-02T23:50:00,2026-07-03T04:52:00,GIRASOL,VOLCABLE_1,RICARDONE,INGRESO,MovimientosPorContrato_20260703.xlsx,NO_TRUCKFLOW_MATCH
CTG_10133319966,AC428OP,2026-07-02T23:22:00,2026-07-03T04:52:00,SOJA,VOLCABLE_PTO_5,TERMINAL_EMBARQUE,INGRESO,MovimientosPorContrato_20260703.xlsx,NO_TRUCKFLOW_MATCH
CTG_10233312388,LUK398,2026-07-02T22:10:00,2026-07-03T04:54:00,SOJA,VOLCABLE_PTO_3,TERMINAL_EMBARQUE,INGRESO,MovimientosPorContrato_20260703.xlsx,NO_TRUCKFLOW_MATCH
CTG_10233308370,BLR786,2026-07-02T22:09:00,2026-07-03T04:58:00,SOJA,VOLCABLE_PTO_1,TERMINAL_EMBARQUE,INGRESO,MovimientosPorContrato_20260703.xlsx,NO_TRUCKFLOW_MATCH
CTG_10133314293,ENG699,2026-07-02T22:05:00,2026-07-03T05:00:00,SOJA,VOLCABLE_PTO_5,TERMINAL_EMBARQUE,INGRESO,MovimientosPorContrato_20260703.xlsx,NO_TRUCKFLOW_MATCH
CTG_10133321095,AA539HI,2026-07-02T22:11:00,2026-07-03T05:02:00,SOJA,VOLCABLE_PTO_1,TERMINAL_EMBARQUE,INGRESO,MovimientosPorContrato_20260703.xlsx,NO_TRUCKFLOW_MATCH
CTG_10133306773,AF480GL,2026-07-02T22:11:00,2026-07-03T05:03:00,SOJA,VOLCABLE_PTO_3,TERMINAL_EMBARQUE,INGRESO,MovimientosPorContrato_20260703.xlsx,NO_TRUCKFLOW_MATCH
CTG_10233324481,TAV868,2026-07-02T22:14:00,2026-07-03T05:06:00,SOJA,VOLCABLE_PTO_3,TERMINAL_EMBARQUE,INGRESO,MovimientosPorContrato_20260703.xlsx,NO_TRUCKFLOW_MATCH
CTG_10133318266,FBD693,2026-07-02T22:19:00,2026-07-03T05:11:00,SOJA,VOLCABLE_PTO_2,TERMINAL_EMBARQUE,INGRESO,MovimientosPorContrato_20260703.xlsx,NO_TRUCKFLOW_MATCH
CTG_10233311844,MRD065,2026-07-02T23:21:00,2026-07-03T05:12:00,SOJA,VOLCABLE_PTO_5,TERMINAL_EMBARQUE,INGRESO,MovimientosPorContrato_20260703.xlsx,NO_TRUCKFLOW_MATCH
CTG_10133320257,AC450MK,2026-07-02T23:28:00,2026-07-03T05:15:00,SOJA,VOLCABLE_PTO_5,TERMINAL_EMBARQUE,INGRESO,MovimientosPorContrato_20260703.xlsx,NO_TRUCKFLOW_MATCH
CTG_10233320763,AD586TH,2026-07-02T22:19:00,2026-07-03T05:16:00,SOJA,VOLCABLE_PTO_3,TERMINAL_EMBARQUE,INGRESO,MovimientosPorContrato_20260703.xlsx,NO_TRUCKFLOW_MATCH
CTG_10233311176,HRS827,2026-07-02T22:17:00,2026-07-03T05:21:00,SOJA,VOLCABLE_PTO_2,TERMINAL_EMBARQUE,INGRESO,MovimientosPorContrato_20260703.xlsx,NO_TRUCKFLOW_MATCH
CTG_10233329895,RRU509,2026-07-02T22:28:00,2026-07-03T05:22:00,SOJA,VOLCABLE_PTO_3,TERMINAL_EMBARQUE,INGRESO,MovimientosPorContrato_20260703.xlsx,NO_TRUCKFLOW_MATCH
CTG_10233310648,UQQ641,2026-07-02T22:18:00,2026-07-03T05:23:00,SOJA,VOLCABLE_PTO_1,TERMINAL_EMBARQUE,INGRESO,MovimientosPorContrato_20260703.xlsx,NO_TRUCKFLOW_MATCH
CTG_10133270141,EDF974,2026-07-02T21:52:00,2026-07-03T05:23:00,MAIZ,CELDA_171_-_CENTRO,AVELLANEDA,INGRESO,MovimientosPorContrato_20260703.xlsx,NO_TRUCKFLOW_MATCH
CTG_10133307463,OQR626,2026-07-03T03:04:00,2026-07-03T05:24:00,GIRASOL,VOLCABLE_2,RICARDONE,INGRESO,MovimientosPorContrato_20260703.xlsx,NO_TRUCKFLOW_MATCH
CTG_10133310016,AC874ES,2026-07-02T22:13:00,2026-07-03T05:24:00,SOJA,VOLCABLE_PTO_5,TERMINAL_EMBARQUE,INGRESO,MovimientosPorContrato_20260703.xlsx,NO_TRUCKFLOW_MATCH
CTG_10233308253,KQE459,2026-07-02T22:31:00,2026-07-03T05:24:00,SOJA,VOLCABLE_PTO_2,TERMINAL_EMBARQUE,INGRESO,MovimientosPorContrato_20260703.xlsx,NO_TRUCKFLOW_MATCH
CTG_10133288318,EJD853,2026-07-02T22:27:00,2026-07-03T05:25:00,SOJA,VOLCABLE_PTO_1,TERMINAL_EMBARQUE,INGRESO,MovimientosPorContrato_20260703.xlsx,NO_TRUCKFLOW_MATCH
CTG_30033334611,KZO646,2026-07-03T03:25:00,2026-07-03T05:27:00,ACEITE GIRASOL PARA REFINAR,ACEITE_PTO,TERMINAL_EMBARQUE,INGRESO,MovimientosPorContrato_20260703.xlsx,NO_TRUCKFLOW_MATCH
CTG_10133277681,AH148UK,2026-07-03T00:20:00,2026-07-03T05:28:00,GIRASOL,VOLCABLE_1,RICARDONE,INGRESO,MovimientosPorContrato_20260703.xlsx,NO_TRUCKFLOW_MATCH
CTG_10133315878,HPN846,2026-07-02T22:32:00,2026-07-03T05:28:00,SOJA,VOLCABLE_PTO_3,TERMINAL_EMBARQUE,INGRESO,MovimientosPorContrato_20260703.xlsx,NO_TRUCKFLOW_MATCH
CTG_30033334546,AKJ611,2026-07-03T03:04:00,2026-07-03T05:30:00,ACEITE GIRASOL PARA REFINAR,ACEITE_PTO,TERMINAL_EMBARQUE,INGRESO,MovimientosPorContrato_20260703.xlsx,NO_TRUCKFLOW_MATCH
CTG_10233314783,AF150VL,2026-07-02T23:32:00,2026-07-03T05:31:00,SOJA,VOLCABLE_PTO_5,TERMINAL_EMBARQUE,INGRESO,MovimientosPorContrato_20260703.xlsx,NO_TRUCKFLOW_MATCH
CTG_10133316341,HER804,2026-07-02T22:34:00,2026-07-03T05:32:00,SOJA,VOLCABLE_PTO_2,TERMINAL_EMBARQUE,INGRESO,MovimientosPorContrato_20260703.xlsx,NO_TRUCKFLOW_MATCH
CTG_10133295605,ENQ215,2026-07-02T22:28:00,2026-07-03T05:33:00,SOJA,VOLCABLE_PTO_1,TERMINAL_EMBARQUE,INGRESO,MovimientosPorContrato_20260703.xlsx,NO_TRUCKFLOW_MATCH
CTG_10133313570,EPW278,2026-07-02T22:35:00,2026-07-03T05:35:00,SOJA,VOLCABLE_PTO_3,TERMINAL_EMBARQUE,INGRESO,MovimientosPorContrato_20260703.xlsx,NO_TRUCKFLOW_MATCH
CTG_10133320249,NEQ767,2026-07-02T23:31:00,2026-07-03T05:37:00,SOJA,VOLCABLE_PTO_5,TERMINAL_EMBARQUE,INGRESO,MovimientosPorContrato_20260703.xlsx,NO_TRUCKFLOW_MATCH
COMPROB_000200319721,AG221GP,2026-07-03T04:22:00,2026-07-03T05:37:00,ALCOHOL ETILICO ANHIDRO P/ BIOCOMB ORIG CEREAL,T1002,AVELLANEDA,EGRESO,MovimientosPorContrato_20260703.xlsx,NO_TRUCKFLOW_MATCH
CTG_10233318291,DGC830,2026-07-02T22:36:00,2026-07-03T05:39:00,SOJA,VOLCABLE_PTO_1,TERMINAL_EMBARQUE,INGRESO,MovimientosPorContrato_20260703.xlsx,NO_TRUCKFLOW_MATCH
CTG_10233320437,CCF661,2026-07-02T22:42:00,2026-07-03T05:42:00,SOJA,VOLCABLE_PTO_2,TERMINAL_EMBARQUE,INGRESO,MovimientosPorContrato_20260703.xlsx,NO_TRUCKFLOW_MATCH
CTG_10233318634,CBM115,2026-07-02T22:38:00,2026-07-03T05:42:00,SOJA,VOLCABLE_PTO_3,TERMINAL_EMBARQUE,INGRESO,MovimientosPorContrato_20260703.xlsx,NO_TRUCKFLOW_MATCH
CTG_10133307429,PJW465,2026-07-02T21:56:00,2026-07-03T05:43:00,MAIZ,CELDA_171_-_CENTRO,AVELLANEDA,INGRESO,MovimientosPorContrato_20260703.xlsx,NO_TRUCKFLOW_MATCH
CTG_10133311618,AC765BD,2026-07-02T23:35:00,2026-07-03T05:48:00,SOJA,VOLCABLE_PTO_5,TERMINAL_EMBARQUE,INGRESO,MovimientosPorContrato_20260703.xlsx,NO_TRUCKFLOW_MATCH
CTG_10133313074,TAY424,2026-07-02T22:44:00,2026-07-03T05:49:00,SOJA,VOLCABLE_PTO_1,TERMINAL_EMBARQUE,INGRESO,MovimientosPorContrato_20260703.xlsx,NO_TRUCKFLOW_MATCH
CTG_10233307365,AE198ZP,2026-07-02T23:44:00,2026-07-03T05:52:00,SOJA,VOLCABLE_PTO_5,TERMINAL_EMBARQUE,INGRESO,MovimientosPorContrato_20260703.xlsx,NO_TRUCKFLOW_MATCH
CTG_10133288581,AA516UH,2026-07-02T12:39:00,2026-07-03T05:53:00,SOJA,VOLCABLE_PTO_1,TERMINAL_EMBARQUE,INGRESO,MovimientosPorContrato_20260703.xlsx,NO_TRUCKFLOW_MATCH
CTG_10233325229,AG773GU,2026-07-02T23:02:00,2026-07-03T05:56:00,SOJA,VOLCABLE_PTO_3,TERMINAL_EMBARQUE,INGRESO,MovimientosPorContrato_20260703.xlsx,NO_TRUCKFLOW_MATCH
CTG_10133314105,LIL555,2026-07-02T22:47:00,2026-07-03T06:02:00,SOJA,VOLCABLE_PTO_3,TERMINAL_EMBARQUE,INGRESO,MovimientosPorContrato_20260703.xlsx,NO_TRUCKFLOW_MATCH
CTG_10233313886,AH825WE,2026-07-02T23:04:00,2026-07-03T06:04:00,SOJA,VOLCABLE_PTO_1,TERMINAL_EMBARQUE,INGRESO,MovimientosPorContrato_20260703.xlsx,NO_TRUCKFLOW_MATCH
CTG_10133286888,MRQ379,2026-07-02T22:52:00,2026-07-03T06:05:00,SOJA,VOLCABLE_PTO_2,TERMINAL_EMBARQUE,INGRESO,MovimientosPorContrato_20260703.xlsx,NO_TRUCKFLOW_MATCH
CTG_10233295873,HCI160,2026-07-02T23:42:00,2026-07-03T06:06:00,SOJA,VOLCABLE_PTO_5,TERMINAL_EMBARQUE,INGRESO,MovimientosPorContrato_20260703.xlsx,NO_TRUCKFLOW_MATCH
CTG_10133323464,AC253LA,2026-07-02T22:45:00,2026-07-03T06:07:00,SOJA,VOLCABLE_PTO_3,TERMINAL_EMBARQUE,INGRESO,MovimientosPorContrato_20260703.xlsx,NO_TRUCKFLOW_MATCH
COMPROB_000200431044,HLF936,2026-07-02T17:03:00,2026-07-03T06:09:00,CHIP DE PINO,PLAYA_LEÑA_Y_CHIP,AVELLANEDA,INGRESO,MovimientosPorContrato_20260703.xlsx,NO_TRUCKFLOW_MATCH
CTG_10133306048,GRG720,2026-07-02T23:10:00,2026-07-03T06:09:00,SOJA,VOLCABLE_PTO_2,TERMINAL_EMBARQUE,INGRESO,MovimientosPorContrato_20260703.xlsx,NO_TRUCKFLOW_MATCH
CTG_10133317574,JFU014,2026-07-02T23:14:00,2026-07-03T06:11:00,SOJA,VOLCABLE_PTO_3,TERMINAL_EMBARQUE,INGRESO,MovimientosPorContrato_20260703.xlsx,NO_TRUCKFLOW_MATCH
COMPROB_000200431045,UVX336,2026-07-02T09:58:00,2026-07-03T06:12:00,LEÑA CORTA SELECC,PLAYA_LEÑA_Y_CHIP,AVELLANEDA,INGRESO,MovimientosPorContrato_20260703.xlsx,NO_TRUCKFLOW_MATCH
CTG_30033334625,SPI351,2026-07-03T03:57:00,2026-07-03T06:12:00,ACEITE GIRASOL PARA REFINAR,ACEITE_PTO,TERMINAL_EMBARQUE,INGRESO,MovimientosPorContrato_20260703.xlsx,NO_TRUCKFLOW_MATCH
CTG_10133278060,JLJ994,2026-07-03T00:21:00,2026-07-03T06:13:00,GIRASOL,VOLCABLE_2,RICARDONE,INGRESO,MovimientosPorContrato_20260703.xlsx,NO_TRUCKFLOW_MATCH
CTG_10233311781,RIW338,2026-07-02T23:49:00,2026-07-03T06:13:00,MAIZ,CELDA_171_-_CENTRO,AVELLANEDA,INGRESO,MovimientosPorContrato_20260703.xlsx,NO_TRUCKFLOW_MATCH
CTG_10233320839,GSN092,2026-07-02T23:01:00,2026-07-03T06:20:00,SOJA,VOLCABLE_PTO_1,TERMINAL_EMBARQUE,INGRESO,MovimientosPorContrato_20260703.xlsx,NO_TRUCKFLOW_MATCH
COMPROB_000200319722,AI051PQ,2026-07-03T05:04:00,2026-07-03T06:22:00,ALCOHOL ETILICO ANHIDRO P/ BIOCOMB ORIG CEREAL,T1002,AVELLANEDA,EGRESO,MovimientosPorContrato_20260703.xlsx,NO_TRUCKFLOW_MATCH
CTG_10133305657,NJK586,2026-07-02T23:11:00,2026-07-03T06:22:00,SOJA,VOLCABLE_PTO_2,TERMINAL_EMBARQUE,INGRESO,MovimientosPorContrato_20260703.xlsx,NO_TRUCKFLOW_MATCH
COMPROB_000200319723,AH427GV,2026-07-03T06:07:00,2026-07-03T06:25:00,BURLANDA HUMEDA,DEPOSITO_BURLANDAS,AVELLANEDA,EGRESO,MovimientosPorContrato_20260703.xlsx,NO_TRUCKFLOW_MATCH
CTG_10133325118,AE398PP,2026-07-03T00:52:00,2026-07-03T06:39:00,MAIZ,CELDA_171_-_CENTRO,AVELLANEDA,INGRESO,MovimientosPorContrato_20260703.xlsx,NO_TRUCKFLOW_MATCH
COMPROB_000400419266,TTTTTT,2026-07-03T07:14:00,2026-07-03T07:14:00,FUEL-OIL,,TERMINAL_EMBARQUE,EGRESO,MovimientosPorContrato_20260703.xlsx,NO_TRUCKFLOW_MATCH
CTG_10233331784,FZR765,2026-07-03T03:10:00,2026-07-03T07:21:00,MAIZ,CELDA_171_-_CENTRO,AVELLANEDA,INGRESO,MovimientosPorContrato_20260703.xlsx,NO_TRUCKFLOW_MATCH
CTG_10133316044,OMJ593,2026-07-03T01:03:00,2026-07-03T07:22:00,GIRASOL,VOLCABLE_1,RICARDONE,INGRESO,MovimientosPorContrato_20260703.xlsx,NO_TRUCKFLOW_MATCH
COMPROB_000200319724,AF499NG,2026-07-03T06:06:00,2026-07-03T07:26:00,ALCOHOL ETILICO ANHIDRO P/ BIOCOMB ORIG CEREAL,T1002,AVELLANEDA,EGRESO,MovimientosPorContrato_20260703.xlsx,NO_TRUCKFLOW_MATCH
CTG_10133320243,OML470,2026-07-02T23:50:00,2026-07-03T07:31:00,SOJA,VOLCABLE_PTO_5,TERMINAL_EMBARQUE,INGRESO,MovimientosPorContrato_20260703.xlsx,NO_TRUCKFLOW_MATCH
COMPROB_000200319725,HYH111,2026-07-03T07:02:00,2026-07-03T07:32:00,BURLANDA HUMEDA,DEPOSITO_BURLANDAS,AVELLANEDA,EGRESO,MovimientosPorContrato_20260703.xlsx,NO_TRUCKFLOW_MATCH
COMPROB_000400419183,AA703FC,2026-07-02T17:11:00,2026-07-03T07:38:00,TIERRA DESC FILTROS,,TERMINAL_EMBARQUE,EGRESO,MovimientosPorContrato_20260703.xlsx,NO_TRUCKFLOW_MATCH
CTG_10133331423,FUO473,2026-07-02T23:15:00,2026-07-03T07:40:00,SOJA,VOLCABLE_PTO_5,TERMINAL_EMBARQUE,INGRESO,MovimientosPorContrato_20260703.xlsx,NO_TRUCKFLOW_MATCH
CTG_10133325255,AI112IM,2026-07-03T03:23:00,2026-07-03T07:45:00,MAIZ,CELDA_171_-_CENTRO,AVELLANEDA,INGRESO,MovimientosPorContrato_20260703.xlsx,NO_TRUCKFLOW_MATCH
CTG_10133315418,NJO777,2026-07-02T23:53:00,2026-07-03T07:50:00,SOJA,VOLCABLE_PTO_5,TERMINAL_EMBARQUE,INGRESO,MovimientosPorContrato_20260703.xlsx,NO_TRUCKFLOW_MATCH
CTG_10133302305,LAI670,2026-07-03T00:15:00,2026-07-03T08:04:00,SOJA,VOLCABLE_PTO_5,TERMINAL_EMBARQUE,INGRESO,MovimientosPorContrato_20260703.xlsx,NO_TRUCKFLOW_MATCH
CTG_10233322918,LER332,2026-07-02T23:17:00,2026-07-03T08:08:00,SOJA,VOLCABLE_PTO_5,TERMINAL_EMBARQUE,INGRESO,MovimientosPorContrato_20260703.xlsx,NO_TRUCKFLOW_MATCH
COMPROB_000200319726,AF258PR,2026-07-03T06:55:00,2026-07-03T08:15:00,ALCOHOL ETILICO ANHIDRO P/ BIOCOMB ORIG CEREAL,T1002,AVELLANEDA,EGRESO,MovimientosPorContrato_20260703.xlsx,NO_TRUCKFLOW_MATCH
CTG_10133320240,AA576EB,2026-07-02T23:26:00,2026-07-03T08:24:00,SOJA,VOLCABLE_PTO_5,TERMINAL_EMBARQUE,INGRESO,MovimientosPorContrato_20260703.xlsx,NO_TRUCKFLOW_MATCH
CTG_10133289551,NIX919,2026-07-02T23:18:00,2026-07-03T08:25:00,SOJA,VOLCABLE_PTO_5,TERMINAL_EMBARQUE,INGRESO,MovimientosPorContrato_20260703.xlsx,NO_TRUCKFLOW_MATCH
CTG_10233312140,AF324EC,2026-07-02T23:23:00,2026-07-03T08:26:00,SOJA,VOLCABLE_PTO_2,TERMINAL_EMBARQUE,INGRESO,MovimientosPorContrato_20260703.xlsx,NO_TRUCKFLOW_MATCH
CTG_10233313026,AI024TO,2026-07-02T23:23:00,2026-07-03T08:27:00,SOJA,VOLCABLE_PTO_5,TERMINAL_EMBARQUE,INGRESO,MovimientosPorContrato_20260703.xlsx,NO_TRUCKFLOW_MATCH
CTG_10133307081,ONH326,2026-07-02T23:12:00,2026-07-03T08:28:00,SOJA,VOLCABLE_PTO_1,TERMINAL_EMBARQUE,INGRESO,MovimientosPorContrato_20260703.xlsx,NO_TRUCKFLOW_MATCH
CTG_10133289832,AA326VM,2026-07-02T23:24:00,2026-07-03T08:28:00,SOJA,VOLCABLE_PTO_1,TERMINAL_EMBARQUE,INGRESO,MovimientosPorContrato_20260703.xlsx,NO_TRUCKFLOW_MATCH
CTG_10233323491,XGA630,2026-07-03T04:24:00,2026-07-03T08:29:00,MAIZ,CELDA_171_-_CENTRO,AVELLANEDA,INGRESO,MovimientosPorContrato_20260703.xlsx,NO_TRUCKFLOW_MATCH
CTG_10133288270,KGL304,2026-07-02T23:20:00,2026-07-03T08:37:00,SOJA,VOLCABLE_PTO_2,TERMINAL_EMBARQUE,INGRESO,MovimientosPorContrato_20260703.xlsx,NO_TRUCKFLOW_MATCH
CTG_10233324799,OTA336,2026-07-02T23:25:00,2026-07-03T08:38:00,SOJA,VOLCABLE_PTO_1,TERMINAL_EMBARQUE,INGRESO,MovimientosPorContrato_20260703.xlsx,NO_TRUCKFLOW_MATCH
COMPROB_000400419185,BXR841,2026-07-03T04:47:00,2026-07-03T08:42:00,ACEITE GIRASOL REFINADO,ACEITE_OSL,TERMINAL_EMBARQUE,EGRESO,MovimientosPorContrato_20260703.xlsx,NO_TRUCKFLOW_MATCH
CTG_10233313332,AH464BG,2026-07-02T23:24:00,2026-07-03T08:44:00,SOJA,VOLCABLE_PTO_5,TERMINAL_EMBARQUE,INGRESO,MovimientosPorContrato_20260703.xlsx,NO_TRUCKFLOW_MATCH
CTG_10233308434,MSN587,2026-07-02T23:30:00,2026-07-03T08:45:00,SOJA,VOLCABLE_PTO_1,TERMINAL_EMBARQUE,INGRESO,MovimientosPorContrato_20260703.xlsx,NO_TRUCKFLOW_MATCH
CTG_10133317374,AH787SM,2026-07-02T23:27:00,2026-07-03T08:46:00,SOJA,VOLCABLE_PTO_2,TERMINAL_EMBARQUE,INGRESO,MovimientosPorContrato_20260703.xlsx,NO_TRUCKFLOW_MATCH
COMPROB_000200319727,AH427GV,2026-07-03T08:20:00,2026-07-03T08:49:00,BURLANDA HUMEDA,DEPOSITO_BURLANDAS,AVELLANEDA,EGRESO,MovimientosPorContrato_20260703.xlsx,NO_TRUCKFLOW_MATCH
CTG_10233312598,GLE380,2026-07-02T23:34:00,2026-07-03T08:51:00,SOJA,VOLCABLE_PTO_2,TERMINAL_EMBARQUE,INGRESO,MovimientosPorContrato_20260703.xlsx,NO_TRUCKFLOW_MATCH
CTG_10133325648,HEV177,2026-07-02T23:28:00,2026-07-03T08:55:00,SOJA,VOLCABLE_PTO_1,TERMINAL_EMBARQUE,INGRESO,MovimientosPorContrato_20260703.xlsx,NO_TRUCKFLOW_MATCH
CTG_10233323435,UKV814,2026-07-03T04:25:00,2026-07-03T09:02:00,MAIZ,CELDA_171_-_CENTRO,AVELLANEDA,INGRESO,MovimientosPorContrato_20260703.xlsx,NO_TRUCKFLOW_MATCH
COMPROB_000400419186,AA703FC,2026-07-03T08:33:00,2026-07-03T09:02:00,TIERRA DESC FILTROS,,TERMINAL_EMBARQUE,EGRESO,MovimientosPorContrato_20260703.xlsx,NO_TRUCKFLOW_MATCH
CTG_10233324525,HFW404,2026-07-02T23:33:00,2026-07-03T09:03:00,SOJA,VOLCABLE_PTO_2,TERMINAL_EMBARQUE,INGRESO,MovimientosPorContrato_20260703.xlsx,NO_TRUCKFLOW_MATCH
CTG_10133313241,HDS119,2026-07-02T23:29:00,2026-07-03T09:04:00,SOJA,VOLCABLE_PTO_1,TERMINAL_EMBARQUE,INGRESO,MovimientosPorContrato_20260703.xlsx,NO_TRUCKFLOW_MATCH
CTG_10133327576,AA668AB,2026-07-03T00:55:00,2026-07-03T09:05:00,SOJA,VOLCABLE_PTO_5,TERMINAL_EMBARQUE,INGRESO,MovimientosPorContrato_20260703.xlsx,NO_TRUCKFLOW_MATCH
CTG_10233315008,AA122GZ,2026-07-03T00:53:00,2026-07-03T09:06:00,SOJA,VOLCABLE_PTO_5,TERMINAL_EMBARQUE,INGRESO,MovimientosPorContrato_20260703.xlsx,NO_TRUCKFLOW_MATCH
CTG_10133327019,AH730JV,2026-07-02T22:32:00,2026-07-03T09:06:00,SOJA,CELDA_16,RICARDONE,INGRESO,MovimientosPorContrato_20260703.xlsx,NO_TRUCKFLOW_MATCH
CTG_10133319824,AF523FD,2026-07-02T23:37:00,2026-07-03T09:07:00,SOJA,VOLCABLE_PTO_2,TERMINAL_EMBARQUE,INGRESO,MovimientosPorContrato_20260703.xlsx,NO_TRUCKFLOW_MATCH
COMPROB_000400419187,HNO035,2026-07-03T04:50:00,2026-07-03T09:09:00,ACEITE GIRASOL REFINADO,ACEITE_OSL,TERMINAL_EMBARQUE,EGRESO,MovimientosPorContrato_20260703.xlsx,NO_TRUCKFLOW_MATCH
CTG_10233329916,AE823AD,2026-07-02T23:37:00,2026-07-03T09:10:00,SOJA,VOLCABLE_PTO_1,TERMINAL_EMBARQUE,INGRESO,MovimientosPorContrato_20260703.xlsx,NO_TRUCKFLOW_MATCH
CTG_10233307565,AE706YR,2026-07-02T23:45:00,2026-07-03T09:12:00,SOJA,VOLCABLE_PTO_2,TERMINAL_EMBARQUE,INGRESO,MovimientosPorContrato_20260703.xlsx,NO_TRUCKFLOW_MATCH
CTG_30033334450,TAO150,2026-07-03T00:46:00,2026-07-03T09:12:00,PELLETS GIRASOL,VOLCABLE_PTO_4,TERMINAL_EMBARQUE,INGRESO,MovimientosPorContrato_20260703.xlsx,NO_TRUCKFLOW_MATCH
COMPROB_000400419188,GYW157,2026-07-03T07:27:00,2026-07-03T09:15:00,GLICERINA REFINADA,,TERMINAL_EMBARQUE,EGRESO,MovimientosPorContrato_20260703.xlsx,NO_TRUCKFLOW_MATCH
CTG_10133328603,AI278IE,2026-07-02T22:30:00,2026-07-03T09:16:00,SOJA,CELDA_16,RICARDONE,INGRESO,MovimientosPorContrato_20260703.xlsx,NO_TRUCKFLOW_MATCH
CTG_10233326490,FFI559,2026-07-03T01:02:00,2026-07-03T09:16:00,SOJA,VOLCABLE_PTO_5,TERMINAL_EMBARQUE,INGRESO,MovimientosPorContrato_20260703.xlsx,NO_TRUCKFLOW_MATCH
CTG_10233307815,KPH275,2026-07-02T23:41:00,2026-07-03T09:18:00,SOJA,VOLCABLE_PTO_1,TERMINAL_EMBARQUE,INGRESO,MovimientosPorContrato_20260703.xlsx,NO_TRUCKFLOW_MATCH
CTG_30033334465,AZG422,2026-07-03T01:10:00,2026-07-03T09:19:00,PELLETS GIRASOL,VOLCABLE_PTO_4,TERMINAL_EMBARQUE,INGRESO,MovimientosPorContrato_20260703.xlsx,NO_TRUCKFLOW_MATCH
CTG_10133311583,AE364VW,2026-07-03T01:08:00,2026-07-03T09:21:00,SOJA,VOLCABLE_PTO_5,TERMINAL_EMBARQUE,INGRESO,MovimientosPorContrato_20260703.xlsx,NO_TRUCKFLOW_MATCH
CTG_10233323427,EMF788,2026-07-02T22:37:00,2026-07-03T09:24:00,SOJA,CELDA_16,RICARDONE,INGRESO,MovimientosPorContrato_20260703.xlsx,NO_TRUCKFLOW_MATCH
CTG_10233320597,CQE054,2026-07-02T23:49:00,2026-07-03T09:25:00,SOJA,VOLCABLE_PTO_2,TERMINAL_EMBARQUE,INGRESO,MovimientosPorContrato_20260703.xlsx,NO_TRUCKFLOW_MATCH
CTG_10233319471,AH602JE,2026-07-02T22:49:00,2026-07-03T09:27:00,SOJA,CELDA_16,RICARDONE,INGRESO,MovimientosPorContrato_20260703.xlsx,NO_TRUCKFLOW_MATCH
COMPROB_000400419189,FDX990,2026-07-03T05:17:00,2026-07-03T09:28:00,ACEITE GIRASOL REFINADO,ACEITE_OSL,TERMINAL_EMBARQUE,EGRESO,MovimientosPorContrato_20260703.xlsx,NO_TRUCKFLOW_MATCH
CTG_30033334484,TAC436,2026-07-03T01:25:00,2026-07-03T09:29:00,PELLETS GIRASOL,VOLCABLE_PTO_4,TERMINAL_EMBARQUE,INGRESO,MovimientosPorContrato_20260703.xlsx,NO_TRUCKFLOW_MATCH
CTG_10233304480,VBC615,2026-07-02T23:38:00,2026-07-03T09:30:00,SOJA,VOLCABLE_PTO_1,TERMINAL_EMBARQUE,INGRESO,MovimientosPorContrato_20260703.xlsx,NO_TRUCKFLOW_MATCH
CTG_30033337892,AB107AB,2026-07-02T19:21:00,2026-07-03T09:32:00,ACEITE SOJA CRUDO DESGOMADO,,TERMINAL_EMBARQUE,EGRESO,MovimientosPorContrato_20260703.xlsx,NO_TRUCKFLOW_MATCH
CTG_10133282088,AE823MF,2026-07-02T23:51:00,2026-07-03T09:34:00,SOJA,VOLCABLE_PTO_1,TERMINAL_EMBARQUE,INGRESO,MovimientosPorContrato_20260703.xlsx,NO_TRUCKFLOW_MATCH
CTG_10233331996,GLY838,2026-07-03T04:39:00,2026-07-03T09:35:00,MAIZ,CELDA_171_-_CENTRO,AVELLANEDA,INGRESO,MovimientosPorContrato_20260703.xlsx,NO_TRUCKFLOW_MATCH
CTG_10133327039,EFD630,2026-07-02T23:56:00,2026-07-03T09:36:00,SOJA,VOLCABLE_PTO_2,TERMINAL_EMBARQUE,INGRESO,MovimientosPorContrato_20260703.xlsx,NO_TRUCKFLOW_MATCH
CTG_10133308402,AE690AK,2026-07-02T22:48:00,2026-07-03T09:37:00,SOJA,CELDA_16,RICARDONE,INGRESO,MovimientosPorContrato_20260703.xlsx,NO_TRUCKFLOW_MATCH
COMPROB_000200431053,KOL672,2026-07-02T21:21:00,2026-07-03T09:37:00,CHIP EN ORIGEN,PLAYA_LEÑA_Y_CHIP,AVELLANEDA,INGRESO,MovimientosPorContrato_20260703.xlsx,NO_TRUCKFLOW_MATCH
CTG_30033334485,BWV144,2026-07-03T01:25:00,2026-07-03T09:38:00,PELLETS GIRASOL,VOLCABLE_PTO_4,TERMINAL_EMBARQUE,INGRESO,MovimientosPorContrato_20260703.xlsx,NO_TRUCKFLOW_MATCH
CTG_10233325801,AE949TN,2026-07-02T23:57:00,2026-07-03T09:38:00,SOJA,VOLCABLE_PTO_2,TERMINAL_EMBARQUE,INGRESO,MovimientosPorContrato_20260703.xlsx,NO_TRUCKFLOW_MATCH
CTG_10233323260,FLK359,2026-07-02T23:54:00,2026-07-03T09:40:00,SOJA,VOLCABLE_PTO_1,TERMINAL_EMBARQUE,INGRESO,MovimientosPorContrato_20260703.xlsx,NO_TRUCKFLOW_MATCH
CTG_10133313393,ESG997,2026-07-02T23:05:00,2026-07-03T09:44:00,SOJA,CELDA_16,RICARDONE,INGRESO,MovimientosPorContrato_20260703.xlsx,NO_TRUCKFLOW_MATCH
CTG_10233323021,AD344PV,2026-07-03T00:13:00,2026-07-03T09:45:00,SOJA,VOLCABLE_PTO_2,TERMINAL_EMBARQUE,INGRESO,MovimientosPorContrato_20260703.xlsx,NO_TRUCKFLOW_MATCH
CTG_10133325178,AA641EK,2026-07-03T00:02:00,2026-07-03T09:48:00,SOJA,VOLCABLE_PTO_1,TERMINAL_EMBARQUE,INGRESO,MovimientosPorContrato_20260703.xlsx,NO_TRUCKFLOW_MATCH
COMPROB_000200319728,XXXXX,2026-07-03T09:48:00,2026-07-03T09:48:00,THIN STILLAGE DE MAIZ,,AVELLANEDA,EGRESO,MovimientosPorContrato_20260703.xlsx,NO_TRUCKFLOW_MATCH
CTG_10133291564,AH389MV,2026-07-02T23:06:00,2026-07-03T09:48:00,SOJA,CELDA_16,RICARDONE,INGRESO,MovimientosPorContrato_20260703.xlsx,NO_TRUCKFLOW_MATCH
COMPROB_000400419191,EFA323,2026-07-03T07:06:00,2026-07-03T09:49:00,GLICERINA REFINADA,,TERMINAL_EMBARQUE,EGRESO,MovimientosPorContrato_20260703.xlsx,NO_TRUCKFLOW_MATCH
CTG_30033334494,UWX998,2026-07-03T01:39:00,2026-07-03T09:51:00,PELLETS GIRASOL,VOLCABLE_PTO_4,TERMINAL_EMBARQUE,INGRESO,MovimientosPorContrato_20260703.xlsx,NO_TRUCKFLOW_MATCH
COMPROB_000400419192,BTS626,2026-07-03T06:44:00,2026-07-03T09:51:00,AGUA POTABLE,ACEITE_OSL,TERMINAL_EMBARQUE,EGRESO,MovimientosPorContrato_20260703.xlsx,NO_TRUCKFLOW_MATCH
COMPROB_000400419193,MWH059,2026-07-03T08:26:00,2026-07-03T09:52:00,ACEITE GIRASOL REFINADO,ACEITE_OSL,TERMINAL_EMBARQUE,EGRESO,MovimientosPorContrato_20260703.xlsx,NO_TRUCKFLOW_MATCH
CTG_10233322162,AH298ZU,2026-07-03T00:16:00,2026-07-03T09:54:00,SOJA,VOLCABLE_PTO_2,TERMINAL_EMBARQUE,INGRESO,MovimientosPorContrato_20260703.xlsx,NO_TRUCKFLOW_MATCH
CTG_10233302043,MZP447,2026-07-03T00:10:00,2026-07-03T09:55:00,SOJA,VOLCABLE_PTO_1,TERMINAL_EMBARQUE,INGRESO,MovimientosPorContrato_20260703.xlsx,NO_TRUCKFLOW_MATCH
CTG_10133312161,EFW422,2026-07-02T23:32:00,2026-07-03T09:57:00,SOJA,CELDA_16,RICARDONE,INGRESO,MovimientosPorContrato_20260703.xlsx,NO_TRUCKFLOW_MATCH
CTG_10233324155,KPG455,2026-07-02T23:39:00,2026-07-03T09:58:00,SOJA,CELDA_16,RICARDONE,INGRESO,MovimientosPorContrato_20260703.xlsx,NO_TRUCKFLOW_MATCH
COMPROB_000301065293,HWU967,2026-07-03T09:41:00,2026-07-03T10:00:00,RESIDUOS ASIMILABLES A DOMICILIARIOS,,RICARDONE,EGRESO,MovimientosPorContrato_20260703.xlsx,NO_TRUCKFLOW_MATCH
CTG_10133302284,KPO841,2026-07-03T00:14:00,2026-07-03T10:02:00,SOJA,VOLCABLE_PTO_2,TERMINAL_EMBARQUE,INGRESO,MovimientosPorContrato_20260703.xlsx,NO_TRUCKFLOW_MATCH
CTG_10233327930,AE193PD,2026-07-02T23:46:00,2026-07-03T10:02:00,SOJA,CELDA_16,RICARDONE,INGRESO,MovimientosPorContrato_20260703.xlsx,NO_TRUCKFLOW_MATCH
CTG_30033334495,UER485,2026-07-03T01:45:00,2026-07-03T10:03:00,PELLETS GIRASOL,VOLCABLE_PTO_4,TERMINAL_EMBARQUE,INGRESO,MovimientosPorContrato_20260703.xlsx,NO_TRUCKFLOW_MATCH
CTG_10133328771,RPO163,2026-07-03T07:48:00,2026-07-03T10:04:00,MAIZ,CELDA_171_-_CENTRO,AVELLANEDA,INGRESO,MovimientosPorContrato_20260703.xlsx,NO_TRUCKFLOW_MATCH
COMPROB_000400419194,OIG256,2026-07-03T03:55:00,2026-07-03T10:06:00,BORRA ACEITE GIRASOL REFINADO,ACEITE_OSL,TERMINAL_EMBARQUE,EGRESO,MovimientosPorContrato_20260703.xlsx,NO_TRUCKFLOW_MATCH
CTG_10233325570,CJF916,2026-07-03T00:22:00,2026-07-03T10:08:00,SOJA,VOLCABLE_PTO_1,TERMINAL_EMBARQUE,INGRESO,MovimientosPorContrato_20260703.xlsx,NO_TRUCKFLOW_MATCH
COMPROB_000301457753,JOZ498,2026-07-02T16:53:00,2026-07-03T10:09:00,GLICERINA,ACEITE,RICARDONE,INGRESO,MovimientosPorContrato_20260703.xlsx,NO_TRUCKFLOW_MATCH
COMPROB_000301065294,NLR442,2026-07-03T07:25:00,2026-07-03T10:12:00,PRODUCTOS VARIOS,VARIOS,RICARDONE,EGRESO,MovimientosPorContrato_20260703.xlsx,NO_TRUCKFLOW_MATCH
CTG_10233315256,IBF587,2026-07-02T23:55:00,2026-07-03T10:13:00,SOJA,VOLCABLE_PTO_5,TERMINAL_EMBARQUE,INGRESO,MovimientosPorContrato_20260703.xlsx,NO_TRUCKFLOW_MATCH
COMPROB_000400419195,AB674VF,2026-07-03T08:16:00,2026-07-03T10:14:00,FUEL-OIL,ACEITE_OSL,TERMINAL_EMBARQUE,EGRESO,MovimientosPorContrato_20260703.xlsx,NO_TRUCKFLOW_MATCH
CTG_10133320791,NIU409,2026-07-02T23:57:00,2026-07-03T10:15:00,SOJA,CELDA_16,RICARDONE,INGRESO,MovimientosPorContrato_20260703.xlsx,NO_TRUCKFLOW_MATCH
CTG_30033334532,UUL425,2026-07-03T01:57:00,2026-07-03T10:16:00,PELLETS GIRASOL,VOLCABLE_PTO_4,TERMINAL_EMBARQUE,INGRESO,MovimientosPorContrato_20260703.xlsx,NO_TRUCKFLOW_MATCH
COMPROB_000301065295,LFT141,2026-07-03T07:26:00,2026-07-03T10:17:00,PRODUCTOS VARIOS,VARIOS,RICARDONE,EGRESO,MovimientosPorContrato_20260703.xlsx,NO_TRUCKFLOW_MATCH
CTG_10133312902,KWK183,2026-07-03T00:01:00,2026-07-03T10:17:00,SOJA,VOLCABLE_PTO_2,TERMINAL_EMBARQUE,INGRESO,MovimientosPorContrato_20260703.xlsx,NO_TRUCKFLOW_MATCH
COMPROB_000400419196,EAO104,2026-07-03T09:17:00,2026-07-03T10:19:00,ACEITE GIRASOL REFINADO,ACEITE_OSL,TERMINAL_EMBARQUE,EGRESO,MovimientosPorContrato_20260703.xlsx,NO_TRUCKFLOW_MATCH
CTG_10233330290,GHL999,2026-07-02T23:59:00,2026-07-03T10:20:00,SOJA,VOLCABLE_PTO_1,TERMINAL_EMBARQUE,INGRESO,MovimientosPorContrato_20260703.xlsx,NO_TRUCKFLOW_MATCH
COMPROB_000301065296,AYM824,2026-07-03T07:23:00,2026-07-03T10:20:00,PRODUCTOS VARIOS,VARIOS,RICARDONE,EGRESO,MovimientosPorContrato_20260703.xlsx,NO_TRUCKFLOW_MATCH
CTG_10133320697,AH597II,2026-07-03T00:30:00,2026-07-03T10:21:00,SOJA,VOLCABLE_PTO_5,TERMINAL_EMBARQUE,INGRESO,MovimientosPorContrato_20260703.xlsx,NO_TRUCKFLOW_MATCH
CTG_10133311407,AD575AV,2026-07-03T00:28:00,2026-07-03T10:22:00,SOJA,VOLCABLE_PTO_2,TERMINAL_EMBARQUE,INGRESO,MovimientosPorContrato_20260703.xlsx,NO_TRUCKFLOW_MATCH
COMPROB_000400419197,AA703FC,2026-07-03T09:51:00,2026-07-03T10:22:00,TIERRA DESC FILTROS,,TERMINAL_EMBARQUE,EGRESO,MovimientosPorContrato_20260703.xlsx,NO_TRUCKFLOW_MATCH
CTG_30033334539,VJG112,2026-07-03T02:21:00,2026-07-03T10:24:00,PELLETS GIRASOL,VOLCABLE_PTO_4,TERMINAL_EMBARQUE,INGRESO,MovimientosPorContrato_20260703.xlsx,NO_TRUCKFLOW_MATCH
COMPROB_000400419198,KAD727,2026-07-03T07:38:00,2026-07-03T10:25:00,GLICERINA REFINADA,,TERMINAL_EMBARQUE,EGRESO,MovimientosPorContrato_20260703.xlsx,NO_TRUCKFLOW_MATCH
CTG_10133327921,GSJ964,2026-07-02T23:58:00,2026-07-03T10:27:00,SOJA,CELDA_16,RICARDONE,INGRESO,MovimientosPorContrato_20260703.xlsx,NO_TRUCKFLOW_MATCH
CTG_10133325663,AF816VT,2026-07-02T23:48:00,2026-07-03T10:28:00,SOJA,VOLCABLE_PTO_1,TERMINAL_EMBARQUE,INGRESO,MovimientosPorContrato_20260703.xlsx,NO_TRUCKFLOW_MATCH
CTG_10233323549,AFJ835,2026-07-03T00:30:00,2026-07-03T10:29:00,SOJA,VOLCABLE_PTO_5,TERMINAL_EMBARQUE,INGRESO,MovimientosPorContrato_20260703.xlsx,NO_TRUCKFLOW_MATCH
CTG_10233328347,AB014UM,2026-07-03T04:13:00,2026-07-03T10:30:00,GIRASOL,VOLCABLE_1,RICARDONE,INGRESO,MovimientosPorContrato_20260703.xlsx,NO_TRUCKFLOW_MATCH
CTG_10133277254,EEW638,2026-07-03T00:31:00,2026-07-03T10:30:00,SOJA,VOLCABLE_PTO_2,TERMINAL_EMBARQUE,INGRESO,MovimientosPorContrato_20260703.xlsx,NO_TRUCKFLOW_MATCH
COMPROB_000301065297,UAJ766,2026-07-03T09:29:00,2026-07-03T10:31:00,PRODUCTOS VARIOS,VARIOS,RICARDONE,EGRESO,MovimientosPorContrato_20260703.xlsx,NO_TRUCKFLOW_MATCH
CTG_10233325238,AE860OJ,2026-07-03T00:29:00,2026-07-03T10:31:00,SOJA,VOLCABLE_PTO_1,TERMINAL_EMBARQUE,INGRESO,MovimientosPorContrato_20260703.xlsx,NO_TRUCKFLOW_MATCH
CTG_30033334542,EYH843,2026-07-03T02:22:00,2026-07-03T10:33:00,PELLETS GIRASOL,VOLCABLE_PTO_4,TERMINAL_EMBARQUE,INGRESO,MovimientosPorContrato_20260703.xlsx,NO_TRUCKFLOW_MATCH
CTG_10233329767,AE957RF,2026-07-03T00:26:00,2026-07-03T10:33:00,SOJA,VOLCABLE_PTO_5,TERMINAL_EMBARQUE,INGRESO,MovimientosPorContrato_20260703.xlsx,NO_TRUCKFLOW_MATCH
CTG_10133315988,GKV112,2026-07-03T00:00:00,2026-07-03T10:34:00,SOJA,CELDA_16,RICARDONE,INGRESO,MovimientosPorContrato_20260703.xlsx,NO_TRUCKFLOW_MATCH
CTG_10133316234,EPC686,2026-07-03T00:02:00,2026-07-03T10:35:00,SOJA,CELDA_16,RICARDONE,INGRESO,MovimientosPorContrato_20260703.xlsx,NO_TRUCKFLOW_MATCH
CTG_10133316208,AE153YC,2026-07-03T00:27:00,2026-07-03T10:35:00,SOJA,VOLCABLE_PTO_2,TERMINAL_EMBARQUE,INGRESO,MovimientosPorContrato_20260703.xlsx,NO_TRUCKFLOW_MATCH
CTG_10133325910,AA687SA,2026-07-03T00:32:00,2026-07-03T10:36:00,SOJA,CELDA_16,RICARDONE,INGRESO,MovimientosPorContrato_20260703.xlsx,NO_TRUCKFLOW_MATCH
CTG_10133306905,AC140GC,2026-07-03T08:36:00,2026-07-03T10:37:00,MAIZ,CELDA_171_-_CENTRO,AVELLANEDA,INGRESO,MovimientosPorContrato_20260703.xlsx,NO_TRUCKFLOW_MATCH
COMPROB_000200431056,GYB962,2026-07-03T09:08:00,2026-07-03T10:40:00,LEÑA CORTA SELECC,PLAYA_LEÑA_Y_CHIP,AVELLANEDA,INGRESO,MovimientosPorContrato_20260703.xlsx,NO_TRUCKFLOW_MATCH
COMPROB_000400419199,HAQ820,2026-07-03T06:24:00,2026-07-03T10:41:00,ACEITE GIRASOL REFINADO,ACEITE_OSL,TERMINAL_EMBARQUE,EGRESO,MovimientosPorContrato_20260703.xlsx,NO_TRUCKFLOW_MATCH
CTG_10133316439,FAO337,2026-07-03T00:11:00,2026-07-03T10:43:00,SOJA,CELDA_16,RICARDONE,INGRESO,MovimientosPorContrato_20260703.xlsx,NO_TRUCKFLOW_MATCH
CTG_10133329556,AB218RQ,2026-07-03T00:39:00,2026-07-03T10:46:00,SOJA,VOLCABLE_PTO_5,TERMINAL_EMBARQUE,INGRESO,MovimientosPorContrato_20260703.xlsx,NO_TRUCKFLOW_MATCH
CTG_30033301340,SWQ863,2026-07-03T10:49:00,2026-07-03T10:49:00,PELLETS GIRASOL,,RICARDONE,DESPACHO,MovimientosPorContrato_20260703.xlsx,NO_TRUCKFLOW_MATCH
CTG_10133311920,LOS652,2026-07-03T00:38:00,2026-07-03T10:50:00,SOJA,VOLCABLE_PTO_1,TERMINAL_EMBARQUE,INGRESO,MovimientosPorContrato_20260703.xlsx,NO_TRUCKFLOW_MATCH
COMPROB_000301065298,SWQ863,2026-07-03T10:51:00,2026-07-03T10:51:00,PELLETS GIRASOL,,RICARDONE,EGRESO,MovimientosPorContrato_20260703.xlsx,NO_TRUCKFLOW_MATCH
CTG_30033301510,SAT582,2026-07-03T10:53:00,2026-07-03T10:53:00,PELLETS GIRASOL,,RICARDONE,DESPACHO,MovimientosPorContrato_20260703.xlsx,NO_TRUCKFLOW_MATCH
CTG_10133318055,LXJ051,2026-07-03T00:23:00,2026-07-03T10:53:00,SOJA,CELDA_16,RICARDONE,INGRESO,MovimientosPorContrato_20260703.xlsx,NO_TRUCKFLOW_MATCH
CTG_30033301553,EYH843,2026-07-03T10:53:00,2026-07-03T10:53:00,PELLETS GIRASOL,,RICARDONE,DESPACHO,MovimientosPorContrato_20260703.xlsx,NO_TRUCKFLOW_MATCH
CTG_30033301645,RXD557,2026-07-03T10:54:00,2026-07-03T10:54:00,PELLETS GIRASOL,,RICARDONE,DESPACHO,MovimientosPorContrato_20260703.xlsx,NO_TRUCKFLOW_MATCH
CTG_30033301769,VJG112,2026-07-03T10:54:00,2026-07-03T10:54:00,PELLETS GIRASOL,,RICARDONE,DESPACHO,MovimientosPorContrato_20260703.xlsx,NO_TRUCKFLOW_MATCH
CTG_10133315425,FQF379,2026-07-03T00:25:00,2026-07-03T10:54:00,SOJA,CELDA_16,RICARDONE,INGRESO,MovimientosPorContrato_20260703.xlsx,NO_TRUCKFLOW_MATCH
CTG_30033301912,TAO150,2026-07-03T10:54:00,2026-07-03T10:54:00,PELLETS GIRASOL,,RICARDONE,DESPACHO,MovimientosPorContrato_20260703.xlsx,NO_TRUCKFLOW_MATCH
CTG_30033334547,ROS380,2026-07-03T02:28:00,2026-07-03T10:54:00,PELLETS GIRASOL,VOLCABLE_PTO_4,TERMINAL_EMBARQUE,INGRESO,MovimientosPorContrato_20260703.xlsx,NO_TRUCKFLOW_MATCH
CTG_30033301967,UWX998,2026-07-03T10:55:00,2026-07-03T10:55:00,PELLETS GIRASOL,,RICARDONE,DESPACHO,MovimientosPorContrato_20260703.xlsx,NO_TRUCKFLOW_MATCH
CTG_30033302063,UUL425,2026-07-03T10:55:00,2026-07-03T10:55:00,PELLETS GIRASOL,,RICARDONE,DESPACHO,MovimientosPorContrato_20260703.xlsx,NO_TRUCKFLOW_MATCH
CTG_30033302077,AZG422,2026-07-03T10:55:00,2026-07-03T10:55:00,PELLETS GIRASOL,,RICARDONE,DESPACHO,MovimientosPorContrato_20260703.xlsx,NO_TRUCKFLOW_MATCH
CTG_10133305566,AB107EJ,2026-07-03T00:34:00,2026-07-03T10:55:00,SOJA,VOLCABLE_PTO_5,TERMINAL_EMBARQUE,INGRESO,MovimientosPorContrato_20260703.xlsx,NO_TRUCKFLOW_MATCH
CTG_30033302127,TAC436,2026-07-03T10:56:00,2026-07-03T10:56:00,PELLETS GIRASOL,,RICARDONE,DESPACHO,MovimientosPorContrato_20260703.xlsx,NO_TRUCKFLOW_MATCH
CTG_30033302133,CTA045,2026-07-03T10:56:00,2026-07-03T10:56:00,PELLETS GIRASOL,,RICARDONE,DESPACHO,MovimientosPorContrato_20260703.xlsx,NO_TRUCKFLOW_MATCH
CTG_30033302155,WCC802,2026-07-03T10:56:00,2026-07-03T10:56:00,PELLETS GIRASOL,,RICARDONE,DESPACHO,MovimientosPorContrato_20260703.xlsx,NO_TRUCKFLOW_MATCH
CTG_30033334607,HNE318,2026-07-03T02:34:00,2026-07-03T10:56:00,PELLETS GIRASOL,VOLCABLE_PTO_4,TERMINAL_EMBARQUE,INGRESO,MovimientosPorContrato_20260703.xlsx,NO_TRUCKFLOW_MATCH
CTG_30033302276,LZB017,2026-07-03T10:56:00,2026-07-03T10:56:00,PELLETS GIRASOL,,RICARDONE,DESPACHO,MovimientosPorContrato_20260703.xlsx,NO_TRUCKFLOW_MATCH
CTG_30033302299,FFM492,2026-07-03T10:57:00,2026-07-03T10:57:00,PELLETS GIRASOL,,RICARDONE,DESPACHO,MovimientosPorContrato_20260703.xlsx,NO_TRUCKFLOW_MATCH
CTG_30033301014,EHS233,2026-07-03T10:57:00,2026-07-03T10:57:00,PELLETS GIRASOL,,RICARDONE,DESPACHO,MovimientosPorContrato_20260703.xlsx,NO_TRUCKFLOW_MATCH
CTG_30033302326,ENW015,2026-07-03T10:57:00,2026-07-03T10:57:00,PELLETS GIRASOL,,RICARDONE,DESPACHO,MovimientosPorContrato_20260703.xlsx,NO_TRUCKFLOW_MATCH
CTG_10233312611,AA756JI,2026-07-03T00:42:00,2026-07-03T10:57:00,SOJA,VOLCABLE_PTO_5,TERMINAL_EMBARQUE,INGRESO,MovimientosPorContrato_20260703.xlsx,NO_TRUCKFLOW_MATCH
COMPROB_000301065299,EHS233,2026-07-03T10:58:00,2026-07-03T10:58:00,PELLETS GIRASOL,,RICARDONE,EGRESO,MovimientosPorContrato_20260703.xlsx,NO_TRUCKFLOW_MATCH
CTG_30033334610,UKL882,2026-07-03T02:39:00,2026-07-03T10:59:00,PELLETS GIRASOL,VOLCABLE_PTO_4,TERMINAL_EMBARQUE,INGRESO,MovimientosPorContrato_20260703.xlsx,NO_TRUCKFLOW_MATCH
CTG_30033301263,ROS380,2026-07-03T10:59:00,2026-07-03T10:59:00,PELLETS GIRASOL,,RICARDONE,DESPACHO,MovimientosPorContrato_20260703.xlsx,NO_TRUCKFLOW_MATCH
COMPROB_000301065300,ROS380,2026-07-03T11:00:00,2026-07-03T11:00:00,PELLETS GIRASOL,,RICARDONE,EGRESO,MovimientosPorContrato_20260703.xlsx,NO_TRUCKFLOW_MATCH
CTG_10133312797,IJT755,2026-07-03T05:04:00,2026-07-03T11:00:00,GIRASOL,VOLCABLE_1,RICARDONE,INGRESO,MovimientosPorContrato_20260703.xlsx,NO_TRUCKFLOW_MATCH
CTG_10233323937,NKE834,2026-07-03T00:46:00,2026-07-03T11:02:00,SOJA,CELDA_16,RICARDONE,INGRESO,MovimientosPorContrato_20260703.xlsx,NO_TRUCKFLOW_MATCH
CTG_30033341867,RDL445,2026-07-03T09:31:00,2026-07-03T11:03:00,PELLETS GIRASOL,,RICARDONE,EGRESO,MovimientosPorContrato_20260703.xlsx,NO_TRUCKFLOW_MATCH
CTG_10133326128,AB229PV,2026-07-03T00:51:00,2026-07-03T11:04:00,SOJA,CELDA_16,RICARDONE,INGRESO,MovimientosPorContrato_20260703.xlsx,NO_TRUCKFLOW_MATCH
COMPROB_000400419200,GFP699,2026-07-03T08:26:00,2026-07-03T11:05:00,GLICERINA REFINADA,,TERMINAL_EMBARQUE,EGRESO,MovimientosPorContrato_20260703.xlsx,NO_TRUCKFLOW_MATCH
CTG_30033301383,DIH255,2026-07-03T11:06:00,2026-07-03T11:06:00,PELLETS GIRASOL,,RICARDONE,DESPACHO,MovimientosPorContrato_20260703.xlsx,NO_TRUCKFLOW_MATCH
COMPROB_000301065302,DIH255,2026-07-03T11:06:00,2026-07-03T11:06:00,PELLETS GIRASOL,,RICARDONE,EGRESO,MovimientosPorContrato_20260703.xlsx,NO_TRUCKFLOW_MATCH
CTG_10133318486,KNM728,2026-07-03T00:54:00,2026-07-03T11:10:00,SOJA,CELDA_16,RICARDONE,INGRESO,MovimientosPorContrato_20260703.xlsx,NO_TRUCKFLOW_MATCH
CTG_30033342354,TAO150,2026-07-03T09:32:00,2026-07-03T11:13:00,PELLETS GIRASOL,,RICARDONE,EGRESO,MovimientosPorContrato_20260703.xlsx,NO_TRUCKFLOW_MATCH
COMPROB_000400419201,HAL844,2026-07-03T07:21:00,2026-07-03T11:13:00,ACEITE GIRASOL REFINADO,ACEITE_OSL,TERMINAL_EMBARQUE,EGRESO,MovimientosPorContrato_20260703.xlsx,NO_TRUCKFLOW_MATCH
CTG_10133271534,LVA139,2026-07-03T00:35:00,2026-07-03T11:15:00,SOJA,VOLCABLE_PTO_5,TERMINAL_EMBARQUE,INGRESO,MovimientosPorContrato_20260703.xlsx,NO_TRUCKFLOW_MATCH
CTG_30033342791,CKQ212,2026-07-03T09:33:00,2026-07-03T11:21:00,PELLETS GIRASOL,,RICARDONE,EGRESO,MovimientosPorContrato_20260703.xlsx,NO_TRUCKFLOW_MATCH
CTG_10233328684,HNG637,2026-07-03T05:17:00,2026-07-03T11:22:00,GIRASOL,VOLCABLE_1,RICARDONE,INGRESO,MovimientosPorContrato_20260703.xlsx,NO_TRUCKFLOW_MATCH
COMPROB_000400419202,GYJ005,2026-07-02T20:11:00,2026-07-03T11:23:00,ACEITE SOJA CRUDO DESGOMADO,,TERMINAL_EMBARQUE,EGRESO,MovimientosPorContrato_20260703.xlsx,NO_TRUCKFLOW_MATCH
CTG_10233326814,FEE089,2026-07-03T00:41:00,2026-07-03T11:24:00,SOJA,VOLCABLE_PTO_5,TERMINAL_EMBARQUE,INGRESO,MovimientosPorContrato_20260703.xlsx,NO_TRUCKFLOW_MATCH
CTG_10233328703,LSC258,2026-07-03T01:40:00,2026-07-03T11:26:00,SOJA,CELDA_16,RICARDONE,INGRESO,MovimientosPorContrato_20260703.xlsx,NO_TRUCKFLOW_MATCH
CTG_30033343044,CDK700,2026-07-03T09:59:00,2026-07-03T11:26:00,ACEITE SOJA CRUDO DESGOMADO,,TERMINAL_EMBARQUE,EGRESO,MovimientosPorContrato_20260703.xlsx,NO_TRUCKFLOW_MATCH
CTG_10133316303,RPH228,2026-07-03T01:17:00,2026-07-03T11:27:00,SOJA,CELDA_16,RICARDONE,INGRESO,MovimientosPorContrato_20260703.xlsx,NO_TRUCKFLOW_MATCH
CTG_10133319016,HCT548,2026-07-03T00:44:00,2026-07-03T11:27:00,SOJA,VOLCABLE_PTO_5,TERMINAL_EMBARQUE,INGRESO,MovimientosPorContrato_20260703.xlsx,NO_TRUCKFLOW_MATCH
CTG_30033343147,AZG422,2026-07-03T09:35:00,2026-07-03T11:28:00,PELLETS GIRASOL,,RICARDONE,EGRESO,MovimientosPorContrato_20260703.xlsx,NO_TRUCKFLOW_MATCH
CTG_10233334750,GFG620,2026-07-03T07:34:00,2026-07-03T11:34:00,GIRASOL,VOLCABLE_2,RICARDONE,INGRESO,MovimientosPorContrato_20260703.xlsx,NO_TRUCKFLOW_MATCH
CTG_10233329444,ENC884,2026-07-03T01:45:00,2026-07-03T11:35:00,SOJA,CELDA_16,RICARDONE,INGRESO,MovimientosPorContrato_20260703.xlsx,NO_TRUCKFLOW_MATCH
CTG_10233329635,AD475QC,2026-07-03T02:02:00,2026-07-03T11:36:00,SOJA,CELDA_16,RICARDONE,INGRESO,MovimientosPorContrato_20260703.xlsx,NO_TRUCKFLOW_MATCH
COMPROB_000400419204,DON372,2026-07-03T11:10:00,2026-07-03T11:37:00,TARIMAS MADERA,,TERMINAL_EMBARQUE,EGRESO,MovimientosPorContrato_20260703.xlsx,NO_TRUCKFLOW_MATCH
COMPROB_000400419205,WRM886,2026-07-03T08:24:00,2026-07-03T11:38:00,ACEITE GIRASOL REFINADO,ACEITE_OSL,TERMINAL_EMBARQUE,EGRESO,MovimientosPorContrato_20260703.xlsx,NO_TRUCKFLOW_MATCH
COMPROB_000400419206,GXT382,2026-07-03T08:36:00,2026-07-03T11:40:00,GLICERINA REFINADA,,TERMINAL_EMBARQUE,EGRESO,MovimientosPorContrato_20260703.xlsx,NO_TRUCKFLOW_MATCH
CTG_30033343853,SAT582,2026-07-03T09:51:00,2026-07-03T11:41:00,PELLETS GIRASOL,,RICARDONE,EGRESO,MovimientosPorContrato_20260703.xlsx,NO_TRUCKFLOW_MATCH
CTG_30033341867,RDL445,2026-07-03T11:19:00,2026-07-03T11:41:00,PELLETS GIRASOL,VOLCABLE_PTO_4,TERMINAL_EMBARQUE,INGRESO,MovimientosPorContrato_20260703.xlsx,NO_TRUCKFLOW_MATCH
COMPROB_000400419207,LZP121,2026-07-03T08:38:00,2026-07-03T11:42:00,RESIDUOS ORG,,TERMINAL_EMBARQUE,EGRESO,MovimientosPorContrato_20260703.xlsx,NO_TRUCKFLOW_MATCH
CTG_10133316494,NOX055,2026-07-03T01:49:00,2026-07-03T11:45:00,SOJA,CELDA_16,RICARDONE,INGRESO,MovimientosPorContrato_20260703.xlsx,NO_TRUCKFLOW_MATCH
COMPROB_000404035420,UAJ766,2026-07-03T10:53:00,2026-07-03T11:45:00,PRODUCTOS VARIOS,,TERMINAL_EMBARQUE,INGRESO,MovimientosPorContrato_20260703.xlsx,NO_TRUCKFLOW_MATCH
CTG_10233329146,AA541TW,2026-07-03T07:06:00,2026-07-03T11:47:00,GIRASOL,VOLCABLE_1,RICARDONE,INGRESO,MovimientosPorContrato_20260703.xlsx,NO_TRUCKFLOW_MATCH
CTG_10233322553,AJM579,2026-07-03T00:42:00,2026-07-03T11:47:00,SOJA,VOLCABLE_PTO_5,TERMINAL_EMBARQUE,INGRESO,MovimientosPorContrato_20260703.xlsx,NO_TRUCKFLOW_MATCH
CTG_30033344187,FFM492,2026-07-03T09:55:00,2026-07-03T11:47:00,PELLETS GIRASOL,,RICARDONE,EGRESO,MovimientosPorContrato_20260703.xlsx,NO_TRUCKFLOW_MATCH
CTG_10233327897,JWQ470,2026-07-03T02:18:00,2026-07-03T11:49:00,SOJA,CELDA_16,RICARDONE,INGRESO,MovimientosPorContrato_20260703.xlsx,NO_TRUCKFLOW_MATCH
CTG_30033344300,BWV144,2026-07-03T09:58:00,2026-07-03T11:50:00,PELLETS GIRASOL,,RICARDONE,EGRESO,MovimientosPorContrato_20260703.xlsx,NO_TRUCKFLOW_MATCH
COMPROB_000400419208,GDE552,2026-07-03T08:27:00,2026-07-03T11:52:00,ACEITE GIRASOL REFINADO,ACEITE_OSL,TERMINAL_EMBARQUE,EGRESO,MovimientosPorContrato_20260703.xlsx,NO_TRUCKFLOW_MATCH
CTG_10133313477,AH090JB,2026-07-03T00:44:00,2026-07-03T11:53:00,SOJA,VOLCABLE_PTO_5,TERMINAL_EMBARQUE,INGRESO,MovimientosPorContrato_20260703.xlsx,NO_TRUCKFLOW_MATCH
CTG_30033342354,TAO150,2026-07-03T11:35:00,2026-07-03T11:59:00,PELLETS GIRASOL,VOLCABLE_PTO_4,TERMINAL_EMBARQUE,INGRESO,MovimientosPorContrato_20260703.xlsx,NO_TRUCKFLOW_MATCH
CTG_30033344789,RKS646,2026-07-03T10:00:00,2026-07-03T11:59:00,PELLETS GIRASOL,,RICARDONE,EGRESO,MovimientosPorContrato_20260703.xlsx,NO_TRUCKFLOW_MATCH
CTG_30033342791,CKQ212,2026-07-03T11:42:00,2026-07-03T12:02:00,PELLETS GIRASOL,VOLCABLE_PTO_4,TERMINAL_EMBARQUE,INGRESO,MovimientosPorContrato_20260703.xlsx,NO_TRUCKFLOW_MATCH
CTG_10133297975,GXG768,2026-07-03T01:41:00,2026-07-03T12:04:00,SOJA,CELDA_16,RICARDONE,INGRESO,MovimientosPorContrato_20260703.xlsx,NO_TRUCKFLOW_MATCH
CTG_10133318444,NYO213,2026-07-03T00:48:00,2026-07-03T12:04:00,SOJA,VOLCABLE_PTO_5,TERMINAL_EMBARQUE,INGRESO,MovimientosPorContrato_20260703.xlsx,NO_TRUCKFLOW_MATCH
CTG_30033345063,UUO981,2026-07-03T10:02:00,2026-07-03T12:05:00,PELLETS GIRASOL,,RICARDONE,EGRESO,MovimientosPorContrato_20260703.xlsx,NO_TRUCKFLOW_MATCH
CTG_10233323075,AE110WH,2026-07-03T00:45:00,2026-07-03T12:05:00,SOJA,VOLCABLE_PTO_5,TERMINAL_EMBARQUE,INGRESO,MovimientosPorContrato_20260703.xlsx,NO_TRUCKFLOW_MATCH
COMPROB_000400419209,HWU967,2026-07-03T11:37:00,2026-07-03T12:06:00,RESIDUOS ASIMILABLES A DOMICILIARIOS,,TERMINAL_EMBARQUE,EGRESO,MovimientosPorContrato_20260703.xlsx,NO_TRUCKFLOW_MATCH
CTG_10133277004,NMG004,2026-07-03T07:09:00,2026-07-03T12:09:00,GIRASOL,VOLCABLE_1,RICARDONE,INGRESO,MovimientosPorContrato_20260703.xlsx,NO_TRUCKFLOW_MATCH
CTG_30033343147,AZG422,2026-07-03T11:45:00,2026-07-03T12:11:00,PELLETS GIRASOL,VOLCABLE_PTO_4,TERMINAL_EMBARQUE,INGRESO,MovimientosPorContrato_20260703.xlsx,NO_TRUCKFLOW_MATCH
COMPROB_000400419210,KOQ228,2026-07-03T09:03:00,2026-07-03T12:15:00,ACEITE GIRASOL REFINADO,ACEITE_OSL,TERMINAL_EMBARQUE,EGRESO,MovimientosPorContrato_20260703.xlsx,NO_TRUCKFLOW_MATCH
COMPROB_000400419211,LEQ703,2026-07-02T21:01:00,2026-07-03T12:16:00,ACEITE SOJA CRUDO DESGOMADO,,TERMINAL_EMBARQUE,EGRESO,MovimientosPorContrato_20260703.xlsx,NO_TRUCKFLOW_MATCH
CTG_30033345550,TAC436,2026-07-03T10:02:00,2026-07-03T12:16:00,PELLETS GIRASOL,,RICARDONE,EGRESO,MovimientosPorContrato_20260703.xlsx,NO_TRUCKFLOW_MATCH
COMPROB_000200319729,AH427GV,2026-07-03T11:34:00,2026-07-03T12:18:00,BURLANDA HUMEDA,DEPOSITO_BURLANDAS,AVELLANEDA,EGRESO,MovimientosPorContrato_20260703.xlsx,NO_TRUCKFLOW_MATCH
CTG_30033345617,UWX998,2026-07-03T10:06:00,2026-07-03T12:18:00,PELLETS GIRASOL,,RICARDONE,EGRESO,MovimientosPorContrato_20260703.xlsx,NO_TRUCKFLOW_MATCH
COMPROB_000400419212,IRK465,2026-07-03T08:52:00,2026-07-03T12:19:00,GLICERINA REFINADA,,TERMINAL_EMBARQUE,EGRESO,MovimientosPorContrato_20260703.xlsx,NO_TRUCKFLOW_MATCH
CTG_30033343853,SAT582,2026-07-03T11:55:00,2026-07-03T12:20:00,PELLETS GIRASOL,VOLCABLE_PTO_4,TERMINAL_EMBARQUE,INGRESO,MovimientosPorContrato_20260703.xlsx,NO_TRUCKFLOW_MATCH
COMPROB_000200431057,RER788,2026-07-03T11:32:00,2026-07-03T12:21:00,CHIP DE PINO,PLAYA_LEÑA_Y_CHIP,AVELLANEDA,INGRESO,MovimientosPorContrato_20260703.xlsx,NO_TRUCKFLOW_MATCH
CTG_10133327690,IBB222,2026-07-03T00:03:00,2026-07-03T12:24:00,SOJA,CELDA_16,RICARDONE,INGRESO,MovimientosPorContrato_20260703.xlsx,NO_TRUCKFLOW_MATCH
CTG_10133326577,RFE309,2026-07-02T23:40:00,2026-07-03T12:25:00,SOJA,CELDA_16,RICARDONE,INGRESO,MovimientosPorContrato_20260703.xlsx,NO_TRUCKFLOW_MATCH
CTG_10133275711,HUQ437,2026-07-03T00:47:00,2026-07-03T12:26:00,SOJA,VOLCABLE_PTO_5,TERMINAL_EMBARQUE,INGRESO,MovimientosPorContrato_20260703.xlsx,NO_TRUCKFLOW_MATCH
CTG_30033344187,FFM492,2026-07-03T12:05:00,2026-07-03T12:27:00,PELLETS GIRASOL,VOLCABLE_PTO_4,TERMINAL_EMBARQUE,INGRESO,MovimientosPorContrato_20260703.xlsx,NO_TRUCKFLOW_MATCH
CTG_10233334772,RDB282,2026-07-03T07:47:00,2026-07-03T12:27:00,GIRASOL,VOLCABLE_1,RICARDONE,INGRESO,MovimientosPorContrato_20260703.xlsx,NO_TRUCKFLOW_MATCH
CTG_30033345946,EHS233,2026-07-03T10:11:00,2026-07-03T12:28:00,PELLETS GIRASOL,,RICARDONE,EGRESO,MovimientosPorContrato_20260703.xlsx,NO_TRUCKFLOW_MATCH
CTG_10233304741,AE766EH,2026-07-03T00:49:00,2026-07-03T12:32:00,SOJA,VOLCABLE_PTO_5,TERMINAL_EMBARQUE,INGRESO,MovimientosPorContrato_20260703.xlsx,NO_TRUCKFLOW_MATCH
COMPROB_000400419213,HWU967,2026-07-03T12:14:00,2026-07-03T12:33:00,RESIDUOS ASIMILABLES A DOMICILIARIOS,,TERMINAL_EMBARQUE,EGRESO,MovimientosPorContrato_20260703.xlsx,NO_TRUCKFLOW_MATCH
CTG_10233334769,RYL693,2026-07-03T07:45:00,2026-07-03T12:34:00,GIRASOL,VOLCABLE_2,RICARDONE,INGRESO,MovimientosPorContrato_20260703.xlsx,NO_TRUCKFLOW_MATCH
COMPROB_000400419214,UUH077,2026-07-03T09:04:00,2026-07-03T12:35:00,ACEITE GIRASOL REFINADO,ACEITE_OSL,TERMINAL_EMBARQUE,EGRESO,MovimientosPorContrato_20260703.xlsx,NO_TRUCKFLOW_MATCH
CTG_30033344300,BWV144,2026-07-03T12:05:00,2026-07-03T12:36:00,PELLETS GIRASOL,VOLCABLE_PTO_4,TERMINAL_EMBARQUE,INGRESO,MovimientosPorContrato_20260703.xlsx,NO_TRUCKFLOW_MATCH
CTG_30033346265,UER485,2026-07-03T10:18:00,2026-07-03T12:38:00,PELLETS GIRASOL,,RICARDONE,EGRESO,MovimientosPorContrato_20260703.xlsx,NO_TRUCKFLOW_MATCH
COMPROB_000400419215,AC925UP,2026-07-03T09:46:00,2026-07-03T12:39:00,BORRA DE ACSOJA REFINADO,,TERMINAL_EMBARQUE,EGRESO,MovimientosPorContrato_20260703.xlsx,NO_TRUCKFLOW_MATCH
COMPROB_000200319730,AF026HM,2026-07-03T10:05:00,2026-07-03T12:40:00,ALCOHOL ETILICO ANHIDRO P/ BIOCOMB ORIG CEREAL,T1002,AVELLANEDA,EGRESO,MovimientosPorContrato_20260703.xlsx,NO_TRUCKFLOW_MATCH
CTG_10233322562,AE164CV,2026-07-03T00:51:00,2026-07-03T12:41:00,SOJA,VOLCABLE_PTO_5,TERMINAL_EMBARQUE,INGRESO,MovimientosPorContrato_20260703.xlsx,NO_TRUCKFLOW_MATCH
CTG_10133306418,OUS054,2026-07-03T00:54:00,2026-07-03T12:43:00,SOJA,VOLCABLE_PTO_2,TERMINAL_EMBARQUE,INGRESO,MovimientosPorContrato_20260703.xlsx,NO_TRUCKFLOW_MATCH
CTG_10133333271,PKP366,2026-07-02T23:47:00,2026-07-03T12:43:00,SOJA,CELDA_16,RICARDONE,INGRESO,MovimientosPorContrato_20260703.xlsx,NO_TRUCKFLOW_MATCH
CTG_30033346518,RNM392,2026-07-03T10:34:00,2026-07-03T12:45:00,PELLETS GIRASOL,,RICARDONE,EGRESO,MovimientosPorContrato_20260703.xlsx,NO_TRUCKFLOW_MATCH
CTG_30033344789,RKS646,2026-07-03T12:15:00,2026-07-03T12:45:00,PELLETS GIRASOL,VOLCABLE_PTO_4,TERMINAL_EMBARQUE,INGRESO,MovimientosPorContrato_20260703.xlsx,NO_TRUCKFLOW_MATCH
CTG_10133332470,FIJ343,2026-07-03T00:43:00,2026-07-03T12:47:00,SOJA,VOLCABLE_PTO_1,TERMINAL_EMBARQUE,INGRESO,MovimientosPorContrato_20260703.xlsx,NO_TRUCKFLOW_MATCH
CTG_10133322672,NXU131,2026-07-03T02:56:00,2026-07-03T12:47:00,SOJA,CELDA_16,RICARDONE,INGRESO,MovimientosPorContrato_20260703.xlsx,NO_TRUCKFLOW_MATCH
CTG_10133323978,PHO227,2026-07-03T00:50:00,2026-07-03T12:50:00,SOJA,VOLCABLE_PTO_5,TERMINAL_EMBARQUE,INGRESO,MovimientosPorContrato_20260703.xlsx,NO_TRUCKFLOW_MATCH
COMPROB_000200319731,00000,2026-07-03T12:50:00,2026-07-03T12:51:00,RESIDUOS ASIMILABLES A DOMICILIARIOS,SIN_ESPECIFICAR,AVELLANEDA,EGRESO,MovimientosPorContrato_20260703.xlsx,NO_TRUCKFLOW_MATCH
CTG_10133310149,HXJ421,2026-07-03T02:35:00,2026-07-03T12:51:00,SOJA,CELDA_16,RICARDONE,INGRESO,MovimientosPorContrato_20260703.xlsx,NO_TRUCKFLOW_MATCH
CTG_10233310650,AD744JI,2026-07-03T00:55:00,2026-07-03T12:52:00,SOJA,VOLCABLE_PTO_2,TERMINAL_EMBARQUE,INGRESO,MovimientosPorContrato_20260703.xlsx,NO_TRUCKFLOW_MATCH
CTG_10133325576,AG449VU,2026-07-03T03:26:00,2026-07-03T12:52:00,SOJA,CELDA_16,RICARDONE,INGRESO,MovimientosPorContrato_20260703.xlsx,NO_TRUCKFLOW_MATCH
CTG_30033345063,UUO981,2026-07-03T12:22:00,2026-07-03T12:53:00,PELLETS GIRASOL,VOLCABLE_PTO_4,TERMINAL_EMBARQUE,INGRESO,MovimientosPorContrato_20260703.xlsx,NO_TRUCKFLOW_MATCH
CTG_10233334821,RIA146,2026-07-03T08:26:00,2026-07-03T12:53:00,GIRASOL,VOLCABLE_1,RICARDONE,INGRESO,MovimientosPorContrato_20260703.xlsx,NO_TRUCKFLOW_MATCH
CTG_30033346812,VJG112,2026-07-03T10:42:00,2026-07-03T12:55:00,PELLETS GIRASOL,,RICARDONE,EGRESO,MovimientosPorContrato_20260703.xlsx,NO_TRUCKFLOW_MATCH
COMPROB_000200319732,FVB088,2026-07-03T12:23:00,2026-07-03T12:56:00,DDG BURLANDA SECA DE MAIZ SIN SOLUBLES,DEPOSITO_BURLANDAS,AVELLANEDA,EGRESO,MovimientosPorContrato_20260703.xlsx,NO_TRUCKFLOW_MATCH
CTG_10133296572,NSC880,2026-07-03T00:59:00,2026-07-03T12:57:00,SOJA,VOLCABLE_PTO_2,TERMINAL_EMBARQUE,INGRESO,MovimientosPorContrato_20260703.xlsx,NO_TRUCKFLOW_MATCH
CTG_30033346983,EYH843,2026-07-03T10:48:00,2026-07-03T13:00:00,PELLETS GIRASOL,,RICARDONE,EGRESO,MovimientosPorContrato_20260703.xlsx,NO_TRUCKFLOW_MATCH
COMPROB_000400419216,CDF727,2026-07-03T10:02:00,2026-07-03T13:02:00,ACEITE GIRASOL REFINADO,ACEITE_OSL,TERMINAL_EMBARQUE,EGRESO,MovimientosPorContrato_20260703.xlsx,NO_TRUCKFLOW_MATCH
CTG_30033347110,LZB017,2026-07-03T10:59:00,2026-07-03T13:03:00,PELLETS GIRASOL,,RICARDONE,EGRESO,MovimientosPorContrato_20260703.xlsx,NO_TRUCKFLOW_MATCH
CTG_10233323114,AF130KP,2026-07-03T01:01:00,2026-07-03T13:04:00,SOJA,VOLCABLE_PTO_2,TERMINAL_EMBARQUE,INGRESO,MovimientosPorContrato_20260703.xlsx,NO_TRUCKFLOW_MATCH
CTG_10133289339,MKD111,2026-07-03T00:57:00,2026-07-03T13:05:00,SOJA,VOLCABLE_PTO_1,TERMINAL_EMBARQUE,INGRESO,MovimientosPorContrato_20260703.xlsx,NO_TRUCKFLOW_MATCH
CTG_10133330175,AE399FF,2026-07-03T00:52:00,2026-07-03T13:05:00,SOJA,VOLCABLE_PTO_1,TERMINAL_EMBARQUE,INGRESO,MovimientosPorContrato_20260703.xlsx,NO_TRUCKFLOW_MATCH
CTG_30033345550,TAC436,2026-07-03T12:33:00,2026-07-03T13:06:00,PELLETS GIRASOL,VOLCABLE_PTO_4,TERMINAL_EMBARQUE,INGRESO,MovimientosPorContrato_20260703.xlsx,NO_TRUCKFLOW_MATCH
CTG_30033347276,NTW459,2026-07-03T10:44:00,2026-07-03T13:08:00,ACEITE SOJA CRUDO DESGOMADO,,TERMINAL_EMBARQUE,EGRESO,MovimientosPorContrato_20260703.xlsx,NO_TRUCKFLOW_MATCH
COMPROB_000200319733,HYH111,2026-07-03T12:38:00,2026-07-03T13:08:00,BURLANDA HUMEDA,DEPOSITO_BURLANDAS,AVELLANEDA,EGRESO,MovimientosPorContrato_20260703.xlsx,NO_TRUCKFLOW_MATCH
CTG_10233325495,EQV087,2026-07-03T00:57:00,2026-07-03T13:10:00,SOJA,VOLCABLE_PTO_5,TERMINAL_EMBARQUE,INGRESO,MovimientosPorContrato_20260703.xlsx,NO_TRUCKFLOW_MATCH
CTG_10233335891,UQW840,2026-07-03T08:39:00,2026-07-03T13:11:00,MAIZ,CELDA_171_-_CENTRO,AVELLANEDA,INGRESO,MovimientosPorContrato_20260703.xlsx,NO_TRUCKFLOW_MATCH
CTG_10133320947,LGU839,2026-07-03T01:00:00,2026-07-03T13:12:00,SOJA,VOLCABLE_PTO_1,TERMINAL_EMBARQUE,INGRESO,MovimientosPorContrato_20260703.xlsx,NO_TRUCKFLOW_MATCH
CTG_10133313844,KZF342,2026-07-03T01:07:00,2026-07-03T13:13:00,SOJA,VOLCABLE_PTO_2,TERMINAL_EMBARQUE,INGRESO,MovimientosPorContrato_20260703.xlsx,NO_TRUCKFLOW_MATCH
CTG_10233330349,NUU047,2026-07-03T03:59:00,2026-07-03T13:13:00,SOJA,CELDA_16,RICARDONE,INGRESO,MovimientosPorContrato_20260703.xlsx,NO_TRUCKFLOW_MATCH
CTG_30033345617,UWX998,2026-07-03T12:34:00,2026-07-03T13:14:00,PELLETS GIRASOL,VOLCABLE_PTO_4,TERMINAL_EMBARQUE,INGRESO,MovimientosPorContrato_20260703.xlsx,NO_TRUCKFLOW_MATCH
COMPROB_000301065319,UAJ766,2026-07-03T12:16:00,2026-07-03T13:14:00,PRODUCTOS VARIOS,VARIOS,RICARDONE,EGRESO,MovimientosPorContrato_20260703.xlsx,NO_TRUCKFLOW_MATCH
CTG_10133324223,FHF594,2026-07-03T01:00:00,2026-07-03T13:15:00,SOJA,VOLCABLE_PTO_5,TERMINAL_EMBARQUE,INGRESO,MovimientosPorContrato_20260703.xlsx,NO_TRUCKFLOW_MATCH
CTG_10133308987,AD860TA,2026-07-03T04:01:00,2026-07-03T13:16:00,SOJA,CELDA_16,RICARDONE,INGRESO,MovimientosPorContrato_20260703.xlsx,NO_TRUCKFLOW_MATCH
CTG_30033345946,EHS233,2026-07-03T12:42:00,2026-07-03T13:16:00,PELLETS GIRASOL,VOLCABLE_PTO_4,TERMINAL_EMBARQUE,INGRESO,MovimientosPorContrato_20260703.xlsx,NO_TRUCKFLOW_MATCH
CTG_30033347498,SWQ863,2026-07-03T10:31:00,2026-07-03T13:16:00,PELLETS GIRASOL,,RICARDONE,EGRESO,MovimientosPorContrato_20260703.xlsx,NO_TRUCKFLOW_MATCH
CTG_30033347536,RXD557,2026-07-03T11:12:00,2026-07-03T13:18:00,PELLETS GIRASOL,,RICARDONE,EGRESO,MovimientosPorContrato_20260703.xlsx,NO_TRUCKFLOW_MATCH
CTG_10133325789,OZW529,2026-07-03T01:13:00,2026-07-03T13:19:00,SOJA,VOLCABLE_PTO_2,TERMINAL_EMBARQUE,INGRESO,MovimientosPorContrato_20260703.xlsx,NO_TRUCKFLOW_MATCH
CTG_10233325868,MXR015,2026-07-03T04:00:00,2026-07-03T13:22:00,SOJA,CELDA_16,RICARDONE,INGRESO,MovimientosPorContrato_20260703.xlsx,NO_TRUCKFLOW_MATCH
CTG_30033346265,UER485,2026-07-03T12:52:00,2026-07-03T13:24:00,PELLETS GIRASOL,VOLCABLE_PTO_4,TERMINAL_EMBARQUE,INGRESO,MovimientosPorContrato_20260703.xlsx,NO_TRUCKFLOW_MATCH
COMPROB_000400419218,CAA384,2026-07-03T10:33:00,2026-07-03T13:25:00,ACEITE GIRASOL REFINADO,ACEITE_OSL,TERMINAL_EMBARQUE,EGRESO,MovimientosPorContrato_20260703.xlsx,NO_TRUCKFLOW_MATCH
CTG_10133325865,AA239YB,2026-07-03T04:08:00,2026-07-03T13:25:00,SOJA,CELDA_16,RICARDONE,INGRESO,MovimientosPorContrato_20260703.xlsx,NO_TRUCKFLOW_MATCH
CTG_10133311780,LLD958,2026-07-03T01:09:00,2026-07-03T13:26:00,SOJA,VOLCABLE_PTO_5,TERMINAL_EMBARQUE,INGRESO,MovimientosPorContrato_20260703.xlsx,NO_TRUCKFLOW_MATCH
CTG_10133326663,LMO595,2026-07-03T01:10:00,2026-07-03T13:27:00,SOJA,VOLCABLE_PTO_2,TERMINAL_EMBARQUE,INGRESO,MovimientosPorContrato_20260703.xlsx,NO_TRUCKFLOW_MATCH
CTG_30033347913,ROS380,2026-07-03T11:18:00,2026-07-03T13:28:00,PELLETS GIRASOL,,RICARDONE,EGRESO,MovimientosPorContrato_20260703.xlsx,NO_TRUCKFLOW_MATCH
CTG_30033334865,NBK156,2026-07-03T08:24:00,2026-07-03T13:34:00,ACEITE GIRASOL PARA REFINAR,ACEITE_PTO,TERMINAL_EMBARQUE,INGRESO,MovimientosPorContrato_20260703.xlsx,NO_TRUCKFLOW_MATCH
CTG_10233329207,ELL736,2026-07-03T01:34:00,2026-07-03T13:35:00,SOJA,VOLCABLE_PTO_5,TERMINAL_EMBARQUE,INGRESO,MovimientosPorContrato_20260703.xlsx,NO_TRUCKFLOW_MATCH
CTG_10233318884,UBN718,2026-07-03T01:37:00,2026-07-03T13:37:00,SOJA,VOLCABLE_PTO_2,TERMINAL_EMBARQUE,INGRESO,MovimientosPorContrato_20260703.xlsx,NO_TRUCKFLOW_MATCH
CTG_10233326422,AH298ZV,2026-07-03T01:15:00,2026-07-03T13:38:00,SOJA,VOLCABLE_PTO_1,TERMINAL_EMBARQUE,INGRESO,MovimientosPorContrato_20260703.xlsx,NO_TRUCKFLOW_MATCH
CTG_30033346518,RNM392,2026-07-03T13:01:00,2026-07-03T13:39:00,PELLETS GIRASOL,VOLCABLE_PTO_4,TERMINAL_EMBARQUE,INGRESO,MovimientosPorContrato_20260703.xlsx,NO_TRUCKFLOW_MATCH
CTG_10133309402,MEY677,2026-07-03T01:46:00,2026-07-03T13:40:00,SOJA,VOLCABLE_PTO_5,TERMINAL_EMBARQUE,INGRESO,MovimientosPorContrato_20260703.xlsx,NO_TRUCKFLOW_MATCH
CTG_10233302393,JAQ027,2026-07-03T01:47:00,2026-07-03T13:43:00,SOJA,VOLCABLE_PTO_2,TERMINAL_EMBARQUE,INGRESO,MovimientosPorContrato_20260703.xlsx,NO_TRUCKFLOW_MATCH
COMPROB_000400419219,KWO040,2026-07-03T10:35:00,2026-07-03T13:44:00,ACEITE GIRASOL REFINADO,ACEITE_OSL,TERMINAL_EMBARQUE,EGRESO,MovimientosPorContrato_20260703.xlsx,NO_TRUCKFLOW_MATCH
CTG_10233334786,ESI808,2026-07-03T08:27:00,2026-07-03T13:45:00,GIRASOL,VOLCABLE_1,RICARDONE,INGRESO,MovimientosPorContrato_20260703.xlsx,NO_TRUCKFLOW_MATCH
CTG_30033346812,VJG112,2026-07-03T13:18:00,2026-07-03T13:46:00,PELLETS GIRASOL,VOLCABLE_PTO_4,TERMINAL_EMBARQUE,INGRESO,MovimientosPorContrato_20260703.xlsx,NO_TRUCKFLOW_MATCH
CTG_10133327073,AB694ZY,2026-07-03T08:45:00,2026-07-03T13:48:00,MAIZ,CELDA_171_-_CENTRO,AVELLANEDA,INGRESO,MovimientosPorContrato_20260703.xlsx,NO_TRUCKFLOW_MATCH
CTG_30033348589,AG809FY,2026-07-03T03:02:00,2026-07-03T13:48:00,PELLETS GIRASOL,,RICARDONE,EGRESO,MovimientosPorContrato_20260703.xlsx,NO_TRUCKFLOW_MATCH
CTG_10133311731,FMN232,2026-07-03T02:06:00,2026-07-03T13:50:00,SOJA,VOLCABLE_PTO_5,TERMINAL_EMBARQUE,INGRESO,MovimientosPorContrato_20260703.xlsx,NO_TRUCKFLOW_MATCH
CTG_10133311141,AC627LA,2026-07-03T01:35:00,2026-07-03T13:50:00,SOJA,VOLCABLE_PTO_1,TERMINAL_EMBARQUE,INGRESO,MovimientosPorContrato_20260703.xlsx,NO_TRUCKFLOW_MATCH
CTG_10233327633,AH952KF,2026-07-03T01:56:00,2026-07-03T13:53:00,SOJA,VOLCABLE_PTO_2,TERMINAL_EMBARQUE,INGRESO,MovimientosPorContrato_20260703.xlsx,NO_TRUCKFLOW_MATCH
CTG_30033346983,EYH843,2026-07-03T13:18:00,2026-07-03T13:54:00,PELLETS GIRASOL,VOLCABLE_PTO_4,TERMINAL_EMBARQUE,INGRESO,MovimientosPorContrato_20260703.xlsx,NO_TRUCKFLOW_MATCH
CTG_30033348742,HNE318,2026-07-03T11:19:00,2026-07-03T13:54:00,PELLETS GIRASOL,,RICARDONE,EGRESO,MovimientosPorContrato_20260703.xlsx,NO_TRUCKFLOW_MATCH
CTG_10233325284,AF932QA,2026-07-03T01:57:00,2026-07-03T13:56:00,SOJA,VOLCABLE_PTO_1,TERMINAL_EMBARQUE,INGRESO,MovimientosPorContrato_20260703.xlsx,NO_TRUCKFLOW_MATCH
CTG_10233324816,BRF290,2026-07-03T02:01:00,2026-07-03T14:00:00,SOJA,VOLCABLE_PTO_2,TERMINAL_EMBARQUE,INGRESO,MovimientosPorContrato_20260703.xlsx,NO_TRUCKFLOW_MATCH
CTG_30033348999,UKL882,2026-07-03T11:20:00,2026-07-03T14:01:00,PELLETS GIRASOL,,RICARDONE,EGRESO,MovimientosPorContrato_20260703.xlsx,NO_TRUCKFLOW_MATCH
CTG_30033347110,LZB017,2026-07-03T13:20:00,2026-07-03T14:02:00,PELLETS GIRASOL,VOLCABLE_PTO_4,TERMINAL_EMBARQUE,INGRESO,MovimientosPorContrato_20260703.xlsx,NO_TRUCKFLOW_MATCH
CTG_10133322443,NPI667,2026-07-03T02:26:00,2026-07-03T14:03:00,SOJA,VOLCABLE_PTO_2,TERMINAL_EMBARQUE,INGRESO,MovimientosPorContrato_20260703.xlsx,NO_TRUCKFLOW_MATCH
CTG_10233327984,TSR275,2026-07-03T02:14:00,2026-07-03T14:04:00,SOJA,VOLCABLE_PTO_5,TERMINAL_EMBARQUE,INGRESO,MovimientosPorContrato_20260703.xlsx,NO_TRUCKFLOW_MATCH
COMPROB_000400419220,MKA348,2026-07-03T10:38:00,2026-07-03T14:05:00,ACEITE GIRASOL REFINADO,ACEITE_OSL,TERMINAL_EMBARQUE,EGRESO,MovimientosPorContrato_20260703.xlsx,NO_TRUCKFLOW_MATCH
CTG_10133309824,LVJ150,2026-07-03T02:19:00,2026-07-03T14:07:00,SOJA,VOLCABLE_PTO_1,TERMINAL_EMBARQUE,INGRESO,MovimientosPorContrato_20260703.xlsx,NO_TRUCKFLOW_MATCH
CTG_10233312810,AE348QD,2026-07-03T02:33:00,2026-07-03T14:07:00,SOJA,VOLCABLE_PTO_2,TERMINAL_EMBARQUE,INGRESO,MovimientosPorContrato_20260703.xlsx,NO_TRUCKFLOW_MATCH
COMPROB_000200319734,AH416UT,2026-07-03T13:13:00,2026-07-03T14:08:00,ALCOHOL ETILICO ANHIDRO P/ BIOCOMB ORIG CEREAL,T1002,AVELLANEDA,EGRESO,MovimientosPorContrato_20260703.xlsx,NO_TRUCKFLOW_MATCH
CTG_30033349319,BHL749,2026-07-03T11:44:00,2026-07-03T14:09:00,PELLETS GIRASOL,,RICARDONE,EGRESO,MovimientosPorContrato_20260703.xlsx,NO_TRUCKFLOW_MATCH
CTG_10133306763,AE458VH,2026-07-03T02:26:00,2026-07-03T14:10:00,SOJA,VOLCABLE_PTO_1,TERMINAL_EMBARQUE,INGRESO,MovimientosPorContrato_20260703.xlsx,NO_TRUCKFLOW_MATCH
CTG_10133330049,AA304LQ,2026-07-03T02:31:00,2026-07-03T14:11:00,SOJA,VOLCABLE_PTO_5,TERMINAL_EMBARQUE,INGRESO,MovimientosPorContrato_20260703.xlsx,NO_TRUCKFLOW_MATCH
CTG_30033349419,BVS300,2026-07-03T11:47:00,2026-07-03T14:12:00,PELLETS GIRASOL,,RICARDONE,EGRESO,MovimientosPorContrato_20260703.xlsx,NO_TRUCKFLOW_MATCH
CTG_10133316010,GIU997,2026-07-02T22:30:00,2026-07-03T14:13:00,SOJA,VOLCABLE_PTO_2,TERMINAL_EMBARQUE,INGRESO,MovimientosPorContrato_20260703.xlsx,NO_TRUCKFLOW_MATCH
CTG_10233334797,ANV363,2026-07-03T08:28:00,2026-07-03T14:13:00,GIRASOL,VOLCABLE_1,RICARDONE,INGRESO,MovimientosPorContrato_20260703.xlsx,NO_TRUCKFLOW_MATCH
CTG_30033347498,SWQ863,2026-07-03T13:38:00,2026-07-03T14:13:00,PELLETS GIRASOL,VOLCABLE_PTO_4,TERMINAL_EMBARQUE,INGRESO,MovimientosPorContrato_20260703.xlsx,NO_TRUCKFLOW_MATCH
CTG_10133326916,PCQ539,2026-07-03T08:52:00,2026-07-03T14:14:00,MAIZ,CELDA_171_-_CENTRO,AVELLANEDA,INGRESO,MovimientosPorContrato_20260703.xlsx,NO_TRUCKFLOW_MATCH
COMPROB_000301065328,JFB793,2026-07-03T13:40:00,2026-07-03T14:17:00,RESIDUOS ASIMILABLES A DOMICILIARIOS,,RICARDONE,EGRESO,MovimientosPorContrato_20260703.xlsx,NO_TRUCKFLOW_MATCH
CTG_10233330751,MWU221,2026-07-03T02:33:00,2026-07-03T14:18:00,SOJA,VOLCABLE_PTO_1,TERMINAL_EMBARQUE,INGRESO,MovimientosPorContrato_20260703.xlsx,NO_TRUCKFLOW_MATCH
COMPROB_000301065329,FEA810,2026-07-03T07:29:00,2026-07-03T14:19:00,RESIDUOS ORG,,RICARDONE,EGRESO,MovimientosPorContrato_20260703.xlsx,NO_TRUCKFLOW_MATCH
CTG_10133288917,PJQ590,2026-07-03T02:50:00,2026-07-03T14:20:00,SOJA,VOLCABLE_PTO_2,TERMINAL_EMBARQUE,INGRESO,MovimientosPorContrato_20260703.xlsx,NO_TRUCKFLOW_MATCH
COMPROB_000200431061,EKI017,2026-07-02T20:43:00,2026-07-03T14:21:00,CHIP DE EUCALIPTUS,PLAYA_LEÑA_Y_CHIP,AVELLANEDA,INGRESO,MovimientosPorContrato_20260703.xlsx,NO_TRUCKFLOW_MATCH
CTG_30033347536,RXD557,2026-07-03T13:39:00,2026-07-03T14:21:00,PELLETS GIRASOL,VOLCABLE_PTO_4,TERMINAL_EMBARQUE,INGRESO,MovimientosPorContrato_20260703.xlsx,NO_TRUCKFLOW_MATCH
CTG_10233327937,VKN621,2026-07-03T02:37:00,2026-07-03T14:22:00,SOJA,VOLCABLE_PTO_5,TERMINAL_EMBARQUE,INGRESO,MovimientosPorContrato_20260703.xlsx,NO_TRUCKFLOW_MATCH
CTG_10233326180,AE023FA,2026-07-03T02:59:00,2026-07-03T14:23:00,SOJA,VOLCABLE_PTO_2,TERMINAL_EMBARQUE,INGRESO,MovimientosPorContrato_20260703.xlsx,NO_TRUCKFLOW_MATCH
CTG_30033349909,TAO150,2026-07-03T12:18:00,2026-07-03T14:24:00,PELLETS GIRASOL,,RICARDONE,EGRESO,MovimientosPorContrato_20260703.xlsx,NO_TRUCKFLOW_MATCH
CTG_10133321217,WKB259,2026-07-03T02:38:00,2026-07-03T14:26:00,SOJA,VOLCABLE_PTO_1,TERMINAL_EMBARQUE,INGRESO,MovimientosPorContrato_20260703.xlsx,NO_TRUCKFLOW_MATCH
COMPROB_000400419221,AD887XZ,2026-07-03T11:01:00,2026-07-03T14:27:00,ACEITE GIRASOL REFINADO,ACEITE_OSL,TERMINAL_EMBARQUE,EGRESO,MovimientosPorContrato_20260703.xlsx,NO_TRUCKFLOW_MATCH
CTG_30033350033,CKQ212,2026-07-03T12:21:00,2026-07-03T14:27:00,PELLETS GIRASOL,,RICARDONE,EGRESO,MovimientosPorContrato_20260703.xlsx,NO_TRUCKFLOW_MATCH
CTG_30033350234,AZG422,2026-07-03T12:24:00,2026-07-03T14:32:00,PELLETS GIRASOL,,RICARDONE,EGRESO,MovimientosPorContrato_20260703.xlsx,NO_TRUCKFLOW_MATCH
COMPROB_000400419222,AA703FC,2026-07-03T11:29:00,2026-07-03T14:32:00,TIERRA DESC FILTROS,,TERMINAL_EMBARQUE,EGRESO,MovimientosPorContrato_20260703.xlsx,NO_TRUCKFLOW_MATCH
CTG_30033302197,BVS300,2026-07-03T14:34:00,2026-07-03T14:34:00,PELLETS GIRASOL,,RICARDONE,DESPACHO,MovimientosPorContrato_20260703.xlsx,NO_TRUCKFLOW_MATCH
CTG_10133309732,STB953,2026-07-03T03:00:00,2026-07-03T14:34:00,SOJA,VOLCABLE_PTO_1,TERMINAL_EMBARQUE,INGRESO,MovimientosPorContrato_20260703.xlsx,NO_TRUCKFLOW_MATCH
CTG_30033302217,CRJ139,2026-07-03T14:34:00,2026-07-03T14:34:00,PELLETS GIRASOL,,RICARDONE,DESPACHO,MovimientosPorContrato_20260703.xlsx,NO_TRUCKFLOW_MATCH
CTG_30033302269,AYB759,2026-07-03T14:34:00,2026-07-03T14:34:00,PELLETS GIRASOL,,RICARDONE,DESPACHO,MovimientosPorContrato_20260703.xlsx,NO_TRUCKFLOW_MATCH
CTG_30033302369,AAE877,2026-07-03T14:35:00,2026-07-03T14:35:00,PELLETS GIRASOL,,RICARDONE,DESPACHO,MovimientosPorContrato_20260703.xlsx,NO_TRUCKFLOW_MATCH
CTG_10133310370,AC916WX,2026-07-03T02:49:00,2026-07-03T14:38:00,SOJA,VOLCABLE_PTO_5,TERMINAL_EMBARQUE,INGRESO,MovimientosPorContrato_20260703.xlsx,NO_TRUCKFLOW_MATCH
COMPROB_000404035486,NKV269,2026-07-03T13:36:00,2026-07-03T14:39:00,PRODUCTOS VARIOS,,TERMINAL_EMBARQUE,INGRESO,MovimientosPorContrato_20260703.xlsx,NO_TRUCKFLOW_MATCH
CTG_10233334791,BDH961,2026-07-03T08:31:00,2026-07-03T14:40:00,GIRASOL,VOLCABLE_1,RICARDONE,INGRESO,MovimientosPorContrato_20260703.xlsx,NO_TRUCKFLOW_MATCH
CTG_30033350644,SAT582,2026-07-03T12:37:00,2026-07-03T14:42:00,PELLETS GIRASOL,,RICARDONE,EGRESO,MovimientosPorContrato_20260703.xlsx,NO_TRUCKFLOW_MATCH
COMPROB_000200431062,CJP948,2026-07-03T09:03:00,2026-07-03T14:43:00,LEÑA CORTA SELECC,PLAYA_LEÑA_Y_CHIP,AVELLANEDA,INGRESO,MovimientosPorContrato_20260703.xlsx,NO_TRUCKFLOW_MATCH
CTG_10133302049,AG778JR,2026-07-03T03:47:00,2026-07-03T14:44:00,SOJA,VOLCABLE_PTO_1,TERMINAL_EMBARQUE,INGRESO,MovimientosPorContrato_20260703.xlsx,NO_TRUCKFLOW_MATCH
CTG_10233317667,SGH537,2026-07-02T14:27:00,2026-07-03T14:45:00,MAIZ,CELDA_171_-_CENTRO,AVELLANEDA,INGRESO,MovimientosPorContrato_20260703.xlsx,NO_TRUCKFLOW_MATCH
CTG_30033350797,CRJ139,2026-07-03T12:45:00,2026-07-03T14:45:00,PELLETS GIRASOL,,RICARDONE,EGRESO,MovimientosPorContrato_20260703.xlsx,NO_TRUCKFLOW_MATCH
COMPROB_000404035488,UAJ766,2026-07-03T13:38:00,2026-07-03T14:47:00,PRODUCTOS VARIOS,,TERMINAL_EMBARQUE,INGRESO,MovimientosPorContrato_20260703.xlsx,NO_TRUCKFLOW_MATCH
CTG_10133316328,AF001TP,2026-07-03T03:58:00,2026-07-03T14:49:00,SOJA,VOLCABLE_PTO_5,TERMINAL_EMBARQUE,INGRESO,MovimientosPorContrato_20260703.xlsx,NO_TRUCKFLOW_MATCH
COMPROB_000200431064,WEM025,2026-07-02T17:22:00,2026-07-03T14:50:00,LEÑA CORTA SELECC,PLAYA_LEÑA_Y_CHIP,AVELLANEDA,INGRESO,MovimientosPorContrato_20260703.xlsx,NO_TRUCKFLOW_MATCH
CTG_30033351104,UYM942,2026-07-03T12:46:00,2026-07-03T14:51:00,PELLETS GIRASOL,,RICARDONE,EGRESO,MovimientosPorContrato_20260703.xlsx,NO_TRUCKFLOW_MATCH
CTG_10233326184,RDT448,2026-07-03T03:07:00,2026-07-03T14:52:00,SOJA,VOLCABLE_PTO_2,TERMINAL_EMBARQUE,INGRESO,MovimientosPorContrato_20260703.xlsx,NO_TRUCKFLOW_MATCH
CTG_10133311976,PMK054,2026-07-03T02:07:00,2026-07-03T14:55:00,SOJA,VOLCABLE_PTO_5,TERMINAL_EMBARQUE,INGRESO,MovimientosPorContrato_20260703.xlsx,NO_TRUCKFLOW_MATCH
CTG_30033335201,FOZ297,2026-07-03T08:56:00,2026-07-03T14:56:00,ACEITE GIRASOL PARA REFINAR,ACEITE_PTO,TERMINAL_EMBARQUE,INGRESO,MovimientosPorContrato_20260703.xlsx,NO_TRUCKFLOW_MATCH
COMPROB_000200431065,AG848UL,2026-07-02T23:55:00,2026-07-03T14:57:00,CHIP DE EUCALIPTUS,PLAYA_LEÑA_Y_CHIP,AVELLANEDA,INGRESO,MovimientosPorContrato_20260703.xlsx,NO_TRUCKFLOW_MATCH
CTG_30033347913,ROS380,2026-07-03T13:58:00,2026-07-03T14:57:00,PELLETS GIRASOL,VOLCABLE_PTO_4,TERMINAL_EMBARQUE,INGRESO,MovimientosPorContrato_20260703.xlsx,NO_TRUCKFLOW_MATCH
CTG_10133332188,RYS902,2026-07-03T02:58:00,2026-07-03T14:58:00,SOJA,VOLCABLE_PTO_1,TERMINAL_EMBARQUE,INGRESO,MovimientosPorContrato_20260703.xlsx,NO_TRUCKFLOW_MATCH
CTG_30033334998,DOE150,2026-07-03T08:31:00,2026-07-03T14:59:00,ACEITE GIRASOL PARA REFINAR,ACEITE_PTO,TERMINAL_EMBARQUE,INGRESO,MovimientosPorContrato_20260703.xlsx,NO_TRUCKFLOW_MATCH
CTG_10133333079,AB085UB,2026-07-03T03:27:00,2026-07-03T15:00:00,SOJA,VOLCABLE_PTO_2,TERMINAL_EMBARQUE,INGRESO,MovimientosPorContrato_20260703.xlsx,NO_TRUCKFLOW_MATCH
CTG_10133327806,AF403OL,2026-07-03T04:43:00,2026-07-03T15:00:00,SOJA,VOLCABLE_PTO_2,TERMINAL_EMBARQUE,INGRESO,MovimientosPorContrato_20260703.xlsx,NO_TRUCKFLOW_MATCH
CTG_10133307898,BBX199,2026-07-03T01:12:00,2026-07-03T15:01:00,SOJA,VOLCABLE_PTO_5,TERMINAL_EMBARQUE,INGRESO,MovimientosPorContrato_20260703.xlsx,NO_TRUCKFLOW_MATCH
COMPROB_000400419223,MFS439,2026-07-03T12:15:00,2026-07-03T15:03:00,ACEITE SOJA CRUDO DESGOMADO,,TERMINAL_EMBARQUE,EGRESO,MovimientosPorContrato_20260703.xlsx,NO_TRUCKFLOW_MATCH
COMPROB_000404035499,AG406UJ,2026-07-03T07:18:00,2026-07-03T15:05:00,SOLVENTE HEXANO,,TERMINAL_EMBARQUE,INGRESO,MovimientosPorContrato_20260703.xlsx,NO_TRUCKFLOW_MATCH
CTG_30033348742,HNE318,2026-07-03T14:11:00,2026-07-03T15:06:00,PELLETS GIRASOL,VOLCABLE_PTO_4,TERMINAL_EMBARQUE,INGRESO,MovimientosPorContrato_20260703.xlsx,NO_TRUCKFLOW_MATCH
CTG_10133312063,FEN089,2026-07-03T03:46:00,2026-07-03T15:06:00,SOJA,VOLCABLE_PTO_1,TERMINAL_EMBARQUE,INGRESO,MovimientosPorContrato_20260703.xlsx,NO_TRUCKFLOW_MATCH
CTG_10233329464,AC952DR,2026-07-03T05:02:00,2026-07-03T15:11:00,SOJA,VOLCABLE_PTO_2,TERMINAL_EMBARQUE,INGRESO,MovimientosPorContrato_20260703.xlsx,NO_TRUCKFLOW_MATCH
CTG_30033348999,UKL882,2026-07-03T14:18:00,2026-07-03T15:12:00,PELLETS GIRASOL,VOLCABLE_PTO_4,TERMINAL_EMBARQUE,INGRESO,MovimientosPorContrato_20260703.xlsx,NO_TRUCKFLOW_MATCH
COMPROB_000400419224,LKJ248,2026-07-03T13:30:00,2026-07-03T15:13:00,ACEITE GIRASOL REFINADO,ACEITE_OSL,TERMINAL_EMBARQUE,EGRESO,MovimientosPorContrato_20260703.xlsx,NO_TRUCKFLOW_MATCH
CTG_10233318170,ORP412,2026-07-03T04:39:00,2026-07-03T15:14:00,SOJA,VOLCABLE_PTO_1,TERMINAL_EMBARQUE,INGRESO,MovimientosPorContrato_20260703.xlsx,NO_TRUCKFLOW_MATCH
CTG_10233337953,KUA795,2026-07-03T12:04:00,2026-07-03T15:15:00,SOJA,VOLCABLE_PTO_2,TERMINAL_EMBARQUE,INGRESO,MovimientosPorContrato_20260703.xlsx,NO_TRUCKFLOW_MATCH
CTG_10133331816,AF356HO,2026-07-03T01:33:00,2026-07-03T15:15:00,SOJA,VOLCABLE_PTO_5,TERMINAL_EMBARQUE,INGRESO,MovimientosPorContrato_20260703.xlsx,NO_TRUCKFLOW_MATCH
CTG_10233318645,EOO291,2026-07-03T05:13:00,2026-07-03T15:16:00,SOJA,VOLCABLE_PTO_1,TERMINAL_EMBARQUE,INGRESO,MovimientosPorContrato_20260703.xlsx,NO_TRUCKFLOW_MATCH
COMPROB_000400419225,DON372,2026-07-03T15:02:00,2026-07-03T15:18:00,RESIDUOS ASIMILABLES A DOMICILIARIOS,,TERMINAL_EMBARQUE,EGRESO,MovimientosPorContrato_20260703.xlsx,NO_TRUCKFLOW_MATCH
CTG_10133310393,AG988HL,2026-07-03T05:44:00,2026-07-03T15:19:00,SOJA,VOLCABLE_PTO_5,TERMINAL_EMBARQUE,INGRESO,MovimientosPorContrato_20260703.xlsx,NO_TRUCKFLOW_MATCH
CTG_30033349319,BHL749,2026-07-03T14:31:00,2026-07-03T15:20:00,PELLETS GIRASOL,VOLCABLE_PTO_4,TERMINAL_EMBARQUE,INGRESO,MovimientosPorContrato_20260703.xlsx,NO_TRUCKFLOW_MATCH
CTG_10133328794,JHJ348,2026-07-03T05:48:00,2026-07-03T15:24:00,SOJA,VOLCABLE_PTO_2,TERMINAL_EMBARQUE,INGRESO,MovimientosPorContrato_20260703.xlsx,NO_TRUCKFLOW_MATCH
CTG_10133305639,AH607KC,2026-07-03T05:46:00,2026-07-03T15:26:00,SOJA,VOLCABLE_PTO_1,TERMINAL_EMBARQUE,INGRESO,MovimientosPorContrato_20260703.xlsx,NO_TRUCKFLOW_MATCH
CTG_30033353101,LSP719,2026-07-03T11:45:00,2026-07-03T15:28:00,ACEITE SOJA CRUDO DESGOMADO,,TERMINAL_EMBARQUE,EGRESO,MovimientosPorContrato_20260703.xlsx,NO_TRUCKFLOW_MATCH
CTG_30033353105,FFM492,2026-07-03T12:47:00,2026-07-03T15:28:00,PELLETS GIRASOL,,RICARDONE,EGRESO,MovimientosPorContrato_20260703.xlsx,NO_TRUCKFLOW_MATCH
CTG_30033353147,CGS172,2026-07-03T12:48:00,2026-07-03T15:29:00,PELLETS GIRASOL,,RICARDONE,EGRESO,MovimientosPorContrato_20260703.xlsx,NO_TRUCKFLOW_MATCH
CTG_10133322620,AH779NH,2026-07-03T06:13:00,2026-07-03T15:30:00,SOJA,VOLCABLE_PTO_1,TERMINAL_EMBARQUE,INGRESO,MovimientosPorContrato_20260703.xlsx,NO_TRUCKFLOW_MATCH
COMPROB_000200431066,EUB525,2026-07-03T13:38:00,2026-07-03T15:30:00,LEÑA CORTA SELECC,PLAYA_LEÑA_Y_CHIP,AVELLANEDA,INGRESO,MovimientosPorContrato_20260703.xlsx,NO_TRUCKFLOW_MATCH
CTG_10233334832,AYA786,2026-07-03T08:37:00,2026-07-03T15:30:00,GIRASOL,VOLCABLE_1,RICARDONE,INGRESO,MovimientosPorContrato_20260703.xlsx,NO_TRUCKFLOW_MATCH
CTG_10133322216,JSU988,2026-07-03T06:14:00,2026-07-03T15:30:00,SOJA,VOLCABLE_PTO_2,TERMINAL_EMBARQUE,INGRESO,MovimientosPorContrato_20260703.xlsx,NO_TRUCKFLOW_MATCH
CTG_30033349419,BVS300,2026-07-03T14:32:00,2026-07-03T15:31:00,PELLETS GIRASOL,VOLCABLE_PTO_4,TERMINAL_EMBARQUE,INGRESO,MovimientosPorContrato_20260703.xlsx,NO_TRUCKFLOW_MATCH
CTG_30033336812,RPL435,2026-07-03T10:01:00,2026-07-03T15:32:00,ACEITE GIRASOL PARA REFINAR,ACEITE_PTO,TERMINAL_EMBARQUE,INGRESO,MovimientosPorContrato_20260703.xlsx,NO_TRUCKFLOW_MATCH
CTG_10233334928,FSM599,2026-07-03T08:57:00,2026-07-03T15:33:00,GIRASOL,VOLCABLE_2,RICARDONE,INGRESO,MovimientosPorContrato_20260703.xlsx,NO_TRUCKFLOW_MATCH
CTG_30033353371,BWV144,2026-07-03T12:49:00,2026-07-03T15:34:00,PELLETS GIRASOL,,RICARDONE,EGRESO,MovimientosPorContrato_20260703.xlsx,NO_TRUCKFLOW_MATCH
CTG_30033353417,RKS646,2026-07-03T13:04:00,2026-07-03T15:35:00,PELLETS GIRASOL,,RICARDONE,EGRESO,MovimientosPorContrato_20260703.xlsx,NO_TRUCKFLOW_MATCH
CTG_30033353475,AYB759,2026-07-03T13:09:00,2026-07-03T15:36:00,PELLETS GIRASOL,,RICARDONE,EGRESO,MovimientosPorContrato_20260703.xlsx,NO_TRUCKFLOW_MATCH
CTG_10133326850,KUJ657,2026-07-03T05:47:00,2026-07-03T15:37:00,SOJA,VOLCABLE_PTO_5,TERMINAL_EMBARQUE,INGRESO,MovimientosPorContrato_20260703.xlsx,NO_TRUCKFLOW_MATCH
CTG_10233334843,UVX713,2026-07-03T08:43:00,2026-07-03T15:38:00,GIRASOL,VOLCABLE_1,RICARDONE,INGRESO,MovimientosPorContrato_20260703.xlsx,NO_TRUCKFLOW_MATCH
CTG_30033349909,TAO150,2026-07-03T14:39:00,2026-07-03T15:38:00,PELLETS GIRASOL,VOLCABLE_PTO_4,TERMINAL_EMBARQUE,INGRESO,MovimientosPorContrato_20260703.xlsx,NO_TRUCKFLOW_MATCH
CTG_30033335561,ENA722,2026-07-03T09:15:00,2026-07-03T15:40:00,ACEITE GIRASOL PARA REFINAR,ACEITE_PTO,TERMINAL_EMBARQUE,INGRESO,MovimientosPorContrato_20260703.xlsx,NO_TRUCKFLOW_MATCH
CTG_30033350033,CKQ212,2026-07-03T14:46:00,2026-07-03T15:41:00,PELLETS GIRASOL,VOLCABLE_PTO_4,TERMINAL_EMBARQUE,INGRESO,MovimientosPorContrato_20260703.xlsx,NO_TRUCKFLOW_MATCH
CTG_30033353901,TAC436,2026-07-03T13:27:00,2026-07-03T15:44:00,PELLETS GIRASOL,,RICARDONE,EGRESO,MovimientosPorContrato_20260703.xlsx,NO_TRUCKFLOW_MATCH
CTG_30033353954,UWX998,2026-07-03T13:34:00,2026-07-03T15:45:00,PELLETS GIRASOL,,RICARDONE,EGRESO,MovimientosPorContrato_20260703.xlsx,NO_TRUCKFLOW_MATCH
CTG_10233325827,JVB296,2026-07-03T06:41:00,2026-07-03T15:45:00,SOJA,VOLCABLE_PTO_1,TERMINAL_EMBARQUE,INGRESO,MovimientosPorContrato_20260703.xlsx,NO_TRUCKFLOW_MATCH
CTG_10133326869,AC790UB,2026-07-03T06:11:00,2026-07-03T15:47:00,SOJA,VOLCABLE_PTO_2,TERMINAL_EMBARQUE,INGRESO,MovimientosPorContrato_20260703.xlsx,NO_TRUCKFLOW_MATCH
COMPROB_000301065343,LTC421,2026-07-03T13:20:00,2026-07-03T15:48:00,MERMA DE ZARANDA,,RICARDONE,EGRESO,MovimientosPorContrato_20260703.xlsx,NO_TRUCKFLOW_MATCH
CTG_10133310753,AE711OA,2026-07-03T06:44:00,2026-07-03T15:48:00,SOJA,VOLCABLE_PTO_2,TERMINAL_EMBARQUE,INGRESO,MovimientosPorContrato_20260703.xlsx,NO_TRUCKFLOW_MATCH
CTG_10233326435,KHT160,2026-07-03T06:41:00,2026-07-03T15:49:00,SOJA,VOLCABLE_PTO_1,TERMINAL_EMBARQUE,INGRESO,MovimientosPorContrato_20260703.xlsx,NO_TRUCKFLOW_MATCH
CTG_10133310504,ELZ857,2026-07-03T06:39:00,2026-07-03T15:50:00,SOJA,VOLCABLE_PTO_5,TERMINAL_EMBARQUE,INGRESO,MovimientosPorContrato_20260703.xlsx,NO_TRUCKFLOW_MATCH
CTG_30033354418,JRP333,2026-07-03T11:50:00,2026-07-03T15:51:00,ACEITE SOJA CRUDO DESGOMADO,,TERMINAL_EMBARQUE,EGRESO,MovimientosPorContrato_20260703.xlsx,NO_TRUCKFLOW_MATCH
CTG_30033350234,AZG422,2026-07-03T14:51:00,2026-07-03T15:53:00,PELLETS GIRASOL,VOLCABLE_PTO_4,TERMINAL_EMBARQUE,INGRESO,MovimientosPorContrato_20260703.xlsx,NO_TRUCKFLOW_MATCH
CTG_10133328662,FSA769,2026-07-03T06:45:00,2026-07-03T15:53:00,SOJA,VOLCABLE_PTO_1,TERMINAL_EMBARQUE,INGRESO,MovimientosPorContrato_20260703.xlsx,NO_TRUCKFLOW_MATCH
CTG_30033354604,EHS233,2026-07-03T13:35:00,2026-07-03T15:55:00,PELLETS GIRASOL,,RICARDONE,EGRESO,MovimientosPorContrato_20260703.xlsx,NO_TRUCKFLOW_MATCH
CTG_10133282532,NCG137,2026-07-03T07:04:00,2026-07-03T15:55:00,SOJA,VOLCABLE_PTO_2,TERMINAL_EMBARQUE,INGRESO,MovimientosPorContrato_20260703.xlsx,NO_TRUCKFLOW_MATCH
COMPROB_000400419228,KOE138,2026-07-03T14:54:00,2026-07-03T15:56:00,ACEITE GIRASOL REFINADO,ACEITE_OSL,TERMINAL_EMBARQUE,EGRESO,MovimientosPorContrato_20260703.xlsx,NO_TRUCKFLOW_MATCH
CTG_30033350644,SAT582,2026-07-03T14:57:00,2026-07-03T15:58:00,PELLETS GIRASOL,VOLCABLE_PTO_4,TERMINAL_EMBARQUE,INGRESO,MovimientosPorContrato_20260703.xlsx,NO_TRUCKFLOW_MATCH
COMPROB_000200431067,AE279AY,2026-07-03T15:19:00,2026-07-03T15:59:00,CHIP DE PINO,PLAYA_LEÑA_Y_CHIP,AVELLANEDA,INGRESO,MovimientosPorContrato_20260703.xlsx,NO_TRUCKFLOW_MATCH
CTG_30033354993,UER485,2026-07-03T13:42:00,2026-07-03T16:01:00,PELLETS GIRASOL,,RICARDONE,EGRESO,MovimientosPorContrato_20260703.xlsx,NO_TRUCKFLOW_MATCH
CTG_10133315175,MTA487,2026-07-03T04:52:00,2026-07-03T16:02:00,SOJA,VOLCABLE_PTO_5,TERMINAL_EMBARQUE,INGRESO,MovimientosPorContrato_20260703.xlsx,NO_TRUCKFLOW_MATCH
CTG_10133324849,LYC065,2026-07-03T08:50:00,2026-07-03T16:04:00,SOJA,VOLCABLE_PTO_2,TERMINAL_EMBARQUE,INGRESO,MovimientosPorContrato_20260703.xlsx,NO_TRUCKFLOW_MATCH
CTG_10133317811,CMQ954,2026-07-03T07:01:00,2026-07-03T16:04:00,SOJA,VOLCABLE_PTO_1,TERMINAL_EMBARQUE,INGRESO,MovimientosPorContrato_20260703.xlsx,NO_TRUCKFLOW_MATCH
CTG_30033355347,EVL273,2026-07-03T13:59:00,2026-07-03T16:08:00,PELLETS GIRASOL,,RICARDONE,EGRESO,MovimientosPorContrato_20260703.xlsx,NO_TRUCKFLOW_MATCH
CTG_10233329651,HCW250,2026-07-03T07:22:00,2026-07-03T16:09:00,SOJA,VOLCABLE_PTO_1,TERMINAL_EMBARQUE,INGRESO,MovimientosPorContrato_20260703.xlsx,NO_TRUCKFLOW_MATCH
CTG_10233324517,LFG872,2026-07-03T07:20:00,2026-07-03T16:10:00,SOJA,VOLCABLE_PTO_5,TERMINAL_EMBARQUE,INGRESO,MovimientosPorContrato_20260703.xlsx,NO_TRUCKFLOW_MATCH
CTG_30033350797,CRJ139,2026-07-03T15:03:00,2026-07-03T16:11:00,PELLETS GIRASOL,VOLCABLE_PTO_4,TERMINAL_EMBARQUE,INGRESO,MovimientosPorContrato_20260703.xlsx,NO_TRUCKFLOW_MATCH
CTG_10133311828,KGQ532,2026-07-03T07:19:00,2026-07-03T16:12:00,SOJA,VOLCABLE_PTO_2,TERMINAL_EMBARQUE,INGRESO,MovimientosPorContrato_20260703.xlsx,NO_TRUCKFLOW_MATCH
CTG_30033355670,LDP675,2026-07-03T12:24:00,2026-07-03T16:14:00,ACEITE SOJA CRUDO DESGOMADO,,TERMINAL_EMBARQUE,EGRESO,MovimientosPorContrato_20260703.xlsx,NO_TRUCKFLOW_MATCH
CTG_30033355752,VJG112,2026-07-03T14:11:00,2026-07-03T16:16:00,PELLETS GIRASOL,,RICARDONE,EGRESO,MovimientosPorContrato_20260703.xlsx,NO_TRUCKFLOW_MATCH
CTG_10233313778,AAV547,2026-07-03T07:25:00,2026-07-03T16:16:00,SOJA,VOLCABLE_PTO_2,TERMINAL_EMBARQUE,INGRESO,MovimientosPorContrato_20260703.xlsx,NO_TRUCKFLOW_MATCH
CTG_10233319231,KBT903,2026-07-03T07:23:00,2026-07-03T16:16:00,SOJA,VOLCABLE_PTO_1,TERMINAL_EMBARQUE,INGRESO,MovimientosPorContrato_20260703.xlsx,NO_TRUCKFLOW_MATCH
COMPROB_000400419230,OFG785,2026-07-03T15:06:00,2026-07-03T16:17:00,ACEITE GIRASOL REFINADO,ACEITE_OSL,TERMINAL_EMBARQUE,EGRESO,MovimientosPorContrato_20260703.xlsx,NO_TRUCKFLOW_MATCH
CTG_10133312254,AD895GQ,2026-07-03T07:16:00,2026-07-03T16:19:00,SOJA,VOLCABLE_PTO_5,TERMINAL_EMBARQUE,INGRESO,MovimientosPorContrato_20260703.xlsx,NO_TRUCKFLOW_MATCH
CTG_30033337825,FAF492,2026-07-03T10:52:00,2026-07-03T16:20:00,ACEITE GIRASOL PARA REFINAR,ACEITE_PTO,TERMINAL_EMBARQUE,INGRESO,MovimientosPorContrato_20260703.xlsx,NO_TRUCKFLOW_MATCH
CTG_10233326031,NVA560,2026-07-03T07:25:00,2026-07-03T16:21:00,SOJA,VOLCABLE_PTO_2,TERMINAL_EMBARQUE,INGRESO,MovimientosPorContrato_20260703.xlsx,NO_TRUCKFLOW_MATCH
CTG_10133320767,AF170XN,2026-07-03T07:42:00,2026-07-03T16:23:00,SOJA,VOLCABLE_PTO_2,TERMINAL_EMBARQUE,INGRESO,MovimientosPorContrato_20260703.xlsx,NO_TRUCKFLOW_MATCH
CTG_30033335991,MIZ742,2026-07-03T09:28:00,2026-07-03T16:25:00,ACEITE GIRASOL PARA REFINAR,ACEITE_PTO,TERMINAL_EMBARQUE,INGRESO,MovimientosPorContrato_20260703.xlsx,NO_TRUCKFLOW_MATCH
CTG_10133309289,AG260PY,2026-07-03T07:20:00,2026-07-03T16:25:00,SOJA,VOLCABLE_PTO_5,TERMINAL_EMBARQUE,INGRESO,MovimientosPorContrato_20260703.xlsx,NO_TRUCKFLOW_MATCH
CTG_30033356265,EYH843,2026-07-03T14:14:00,2026-07-03T16:26:00,PELLETS GIRASOL,,RICARDONE,EGRESO,MovimientosPorContrato_20260703.xlsx,NO_TRUCKFLOW_MATCH
CTG_30033351104,UYM942,2026-07-03T15:07:00,2026-07-03T16:26:00,PELLETS GIRASOL,VOLCABLE_PTO_4,TERMINAL_EMBARQUE,INGRESO,MovimientosPorContrato_20260703.xlsx,NO_TRUCKFLOW_MATCH
CTG_10233319490,EMJ465,2026-07-03T08:58:00,2026-07-03T16:27:00,GIRASOL,VOLCABLE_2,RICARDONE,INGRESO,MovimientosPorContrato_20260703.xlsx,NO_TRUCKFLOW_MATCH
CTG_30033353105,FFM492,2026-07-03T15:45:00,2026-07-03T16:28:00,PELLETS GIRASOL,VOLCABLE_PTO_4,TERMINAL_EMBARQUE,INGRESO,MovimientosPorContrato_20260703.xlsx,NO_TRUCKFLOW_MATCH
CTG_10133311462,LUM887,2026-07-03T07:15:00,2026-07-03T16:29:00,SOJA,VOLCABLE_PTO_1,TERMINAL_EMBARQUE,INGRESO,MovimientosPorContrato_20260703.xlsx,NO_TRUCKFLOW_MATCH
CTG_30033356579,LZB017,2026-07-03T14:17:00,2026-07-03T16:32:00,PELLETS GIRASOL,,RICARDONE,EGRESO,MovimientosPorContrato_20260703.xlsx,NO_TRUCKFLOW_MATCH
CTG_30033356592,AVI819,2026-07-03T12:49:00,2026-07-03T16:32:00,ACEITE SOJA CRUDO DESGOMADO,,TERMINAL_EMBARQUE,EGRESO,MovimientosPorContrato_20260703.xlsx,NO_TRUCKFLOW_MATCH
CTG_10233323914,GTZ767,2026-07-03T07:36:00,2026-07-03T16:33:00,SOJA,VOLCABLE_PTO_5,TERMINAL_EMBARQUE,INGRESO,MovimientosPorContrato_20260703.xlsx,NO_TRUCKFLOW_MATCH
CTG_10233332641,KXI049,2026-07-03T07:35:00,2026-07-03T16:35:00,SOJA,VOLCABLE_PTO_1,TERMINAL_EMBARQUE,INGRESO,MovimientosPorContrato_20260703.xlsx,NO_TRUCKFLOW_MATCH
COMPROB_000400419232,OGA047,2026-07-03T15:12:00,2026-07-03T16:36:00,ACEITE GIRASOL REFINADO,ACEITE_OSL,TERMINAL_EMBARQUE,EGRESO,MovimientosPorContrato_20260703.xlsx,NO_TRUCKFLOW_MATCH
CTG_10233327398,BPP367,2026-07-03T07:39:00,2026-07-03T16:38:00,SOJA,VOLCABLE_PTO_2,TERMINAL_EMBARQUE,INGRESO,MovimientosPorContrato_20260703.xlsx,NO_TRUCKFLOW_MATCH
CTG_10133308621,AA605KA,2026-07-03T07:46:00,2026-07-03T16:39:00,SOJA,VOLCABLE_PTO_1,TERMINAL_EMBARQUE,INGRESO,MovimientosPorContrato_20260703.xlsx,NO_TRUCKFLOW_MATCH
CTG_30033353147,CGS172,2026-07-03T15:52:00,2026-07-03T16:40:00,PELLETS GIRASOL,VOLCABLE_PTO_4,TERMINAL_EMBARQUE,INGRESO,MovimientosPorContrato_20260703.xlsx,NO_TRUCKFLOW_MATCH
CTG_10133327609,AA991YQ,2026-07-03T07:42:00,2026-07-03T16:43:00,SOJA,VOLCABLE_PTO_5,TERMINAL_EMBARQUE,INGRESO,MovimientosPorContrato_20260703.xlsx,NO_TRUCKFLOW_MATCH
CTG_10133328354,FEP021,2026-07-03T07:51:00,2026-07-03T16:44:00,SOJA,VOLCABLE_PTO_2,TERMINAL_EMBARQUE,INGRESO,MovimientosPorContrato_20260703.xlsx,NO_TRUCKFLOW_MATCH
CTG_30033353371,BWV144,2026-07-03T15:53:00,2026-07-03T16:45:00,PELLETS GIRASOL,VOLCABLE_PTO_4,TERMINAL_EMBARQUE,INGRESO,MovimientosPorContrato_20260703.xlsx,NO_TRUCKFLOW_MATCH
CTG_30033357353,SWQ863,2026-07-03T14:33:00,2026-07-03T16:45:00,PELLETS GIRASOL,,RICARDONE,EGRESO,MovimientosPorContrato_20260703.xlsx,NO_TRUCKFLOW_MATCH
CTG_30033357424,RXD557,2026-07-03T14:36:00,2026-07-03T16:47:00,PELLETS GIRASOL,,RICARDONE,EGRESO,MovimientosPorContrato_20260703.xlsx,NO_TRUCKFLOW_MATCH
CTG_10133293561,EGL369,2026-07-03T08:28:00,2026-07-03T16:51:00,SOJA,VOLCABLE_PTO_2,TERMINAL_EMBARQUE,INGRESO,MovimientosPorContrato_20260703.xlsx,NO_TRUCKFLOW_MATCH
CTG_10133293132,KKB247,2026-07-03T07:54:00,2026-07-03T16:54:00,SOJA,VOLCABLE_PTO_1,TERMINAL_EMBARQUE,INGRESO,MovimientosPorContrato_20260703.xlsx,NO_TRUCKFLOW_MATCH
CTG_10233311853,AG461DA,2026-07-03T08:29:00,2026-07-03T16:55:00,SOJA,VOLCABLE_PTO_5,TERMINAL_EMBARQUE,INGRESO,MovimientosPorContrato_20260703.xlsx,NO_TRUCKFLOW_MATCH
CTG_30033353417,RKS646,2026-07-03T15:54:00,2026-07-03T16:56:00,PELLETS GIRASOL,VOLCABLE_PTO_4,TERMINAL_EMBARQUE,INGRESO,MovimientosPorContrato_20260703.xlsx,NO_TRUCKFLOW_MATCH
CTG_30033357963,ROS380,2026-07-03T15:17:00,2026-07-03T16:57:00,PELLETS GIRASOL,,RICARDONE,EGRESO,MovimientosPorContrato_20260703.xlsx,NO_TRUCKFLOW_MATCH
CTG_10133308767,AA636IQ,2026-07-03T08:23:00,2026-07-03T16:59:00,SOJA,VOLCABLE_PTO_1,TERMINAL_EMBARQUE,INGRESO,MovimientosPorContrato_20260703.xlsx,NO_TRUCKFLOW_MATCH
CTG_10233326487,AG695HH,2026-07-02T22:15:00,2026-07-03T16:59:00,GIRASOL,VOLCABLE_1,RICARDONE,INGRESO,MovimientosPorContrato_20260703.xlsx,NO_TRUCKFLOW_MATCH
CTG_10133312313,TPT849,2026-07-03T03:00:00,2026-07-03T17:00:00,SOJA,VOLCABLE_PTO_2,TERMINAL_EMBARQUE,INGRESO,MovimientosPorContrato_20260703.xlsx,NO_TRUCKFLOW_MATCH
CTG_10133305141,AB304LE,2026-07-03T02:13:00,2026-07-03T17:01:00,SOJA,VOLCABLE_PTO_5,TERMINAL_EMBARQUE,INGRESO,MovimientosPorContrato_20260703.xlsx,NO_TRUCKFLOW_MATCH
CTG_30033358196,HNE318,2026-07-03T15:24:00,2026-07-03T17:02:00,PELLETS GIRASOL,,RICARDONE,EGRESO,MovimientosPorContrato_20260703.xlsx,NO_TRUCKFLOW_MATCH
CTG_30033338756,JDH880,2026-07-03T11:17:00,2026-07-03T17:02:00,ACEITE GIRASOL PARA REFINAR,ACEITE_PTO,TERMINAL_EMBARQUE,INGRESO,MovimientosPorContrato_20260703.xlsx,NO_TRUCKFLOW_MATCH
COMPROB_000400419233,HNO035,2026-07-03T15:42:00,2026-07-03T17:04:00,ACEITE GIRASOL REFINADO,ACEITE_OSL,TERMINAL_EMBARQUE,EGRESO,MovimientosPorContrato_20260703.xlsx,NO_TRUCKFLOW_MATCH
CTG_10233329358,ENH419,2026-07-03T05:13:00,2026-07-03T17:05:00,SOJA,VOLCABLE_PTO_2,TERMINAL_EMBARQUE,INGRESO,MovimientosPorContrato_20260703.xlsx,NO_TRUCKFLOW_MATCH
COMPROB_000200431068,DYT493,2026-07-03T12:55:00,2026-07-03T17:05:00,CHIP EN ORIGEN,PLAYA_LEÑA_Y_CHIP,AVELLANEDA,INGRESO,MovimientosPorContrato_20260703.xlsx,NO_TRUCKFLOW_MATCH
CTG_30033353475,AYB759,2026-07-03T15:55:00,2026-07-03T17:06:00,PELLETS GIRASOL,VOLCABLE_PTO_4,TERMINAL_EMBARQUE,INGRESO,MovimientosPorContrato_20260703.xlsx,NO_TRUCKFLOW_MATCH
CTG_30033340175,IYR089,2026-07-03T11:23:00,2026-07-03T17:11:00,ACEITE GIRASOL PARA REFINAR,ACEITE_PTO,TERMINAL_EMBARQUE,INGRESO,MovimientosPorContrato_20260703.xlsx,NO_TRUCKFLOW_MATCH
CTG_10233333134,AD874WH,2026-07-03T08:33:00,2026-07-03T17:12:00,SOJA,VOLCABLE_PTO_2,TERMINAL_EMBARQUE,INGRESO,MovimientosPorContrato_20260703.xlsx,NO_TRUCKFLOW_MATCH
CTG_10233332097,LUV915,2026-07-03T04:01:00,2026-07-03T17:12:00,SOJA,VOLCABLE_PTO_5,TERMINAL_EMBARQUE,INGRESO,MovimientosPorContrato_20260703.xlsx,NO_TRUCKFLOW_MATCH
CTG_30033358652,UKL882,2026-07-03T15:27:00,2026-07-03T17:13:00,PELLETS GIRASOL,,RICARDONE,EGRESO,MovimientosPorContrato_20260703.xlsx,NO_TRUCKFLOW_MATCH
CTG_30033353901,TAC436,2026-07-03T16:05:00,2026-07-03T17:14:00,PELLETS GIRASOL,VOLCABLE_PTO_4,TERMINAL_EMBARQUE,INGRESO,MovimientosPorContrato_20260703.xlsx,NO_TRUCKFLOW_MATCH
CTG_30033353954,UWX998,2026-07-03T16:05:00,2026-07-03T17:18:00,PELLETS GIRASOL,VOLCABLE_PTO_4,TERMINAL_EMBARQUE,INGRESO,MovimientosPorContrato_20260703.xlsx,NO_TRUCKFLOW_MATCH
COMPROB_000400419234,FDX990,2026-07-03T16:24:00,2026-07-03T17:20:00,ACEITE GIRASOL REFINADO,ACEITE_OSL,TERMINAL_EMBARQUE,EGRESO,MovimientosPorContrato_20260703.xlsx,NO_TRUCKFLOW_MATCH
CTG_10133306343,EQY996,2026-07-03T08:30:00,2026-07-03T17:21:00,SOJA,VOLCABLE_PTO_2,TERMINAL_EMBARQUE,INGRESO,MovimientosPorContrato_20260703.xlsx,NO_TRUCKFLOW_MATCH
CTG_30033359067,BHL749,2026-07-03T15:46:00,2026-07-03T17:22:00,PELLETS GIRASOL,,RICARDONE,EGRESO,MovimientosPorContrato_20260703.xlsx,NO_TRUCKFLOW_MATCH
CTG_10233333174,AE164CW,2026-07-03T08:34:00,2026-07-03T17:22:00,SOJA,VOLCABLE_PTO_2,TERMINAL_EMBARQUE,INGRESO,MovimientosPorContrato_20260703.xlsx,NO_TRUCKFLOW_MATCH
CTG_30033359159,BVS300,2026-07-03T15:49:00,2026-07-03T17:24:00,PELLETS GIRASOL,,RICARDONE,EGRESO,MovimientosPorContrato_20260703.xlsx,NO_TRUCKFLOW_MATCH
CTG_10233334945,EDW495,2026-07-03T08:59:00,2026-07-03T17:26:00,GIRASOL,VOLCABLE_2,RICARDONE,INGRESO,MovimientosPorContrato_20260703.xlsx,NO_TRUCKFLOW_MATCH
CTG_30033354604,EHS233,2026-07-03T16:13:00,2026-07-03T17:26:00,PELLETS GIRASOL,VOLCABLE_PTO_4,TERMINAL_EMBARQUE,INGRESO,MovimientosPorContrato_20260703.xlsx,NO_TRUCKFLOW_MATCH
CTG_10133304273,AG664FM,2026-07-03T08:41:00,2026-07-03T17:29:00,SOJA,VOLCABLE_PTO_2,TERMINAL_EMBARQUE,INGRESO,MovimientosPorContrato_20260703.xlsx,NO_TRUCKFLOW_MATCH
CTG_10233325361,AC941HV,2026-07-03T06:17:00,2026-07-03T17:30:00,SOJA,VOLCABLE_PTO_5,TERMINAL_EMBARQUE,INGRESO,MovimientosPorContrato_20260703.xlsx,NO_TRUCKFLOW_MATCH
CTG_10233327121,AF308AY,2026-07-03T06:18:00,2026-07-03T17:30:00,SOJA,VOLCABLE_PTO_1,TERMINAL_EMBARQUE,INGRESO,MovimientosPorContrato_20260703.xlsx,NO_TRUCKFLOW_MATCH
CTG_30033354993,UER485,2026-07-03T16:17:00,2026-07-03T17:31:00,PELLETS GIRASOL,VOLCABLE_PTO_4,TERMINAL_EMBARQUE,INGRESO,MovimientosPorContrato_20260703.xlsx,NO_TRUCKFLOW_MATCH
CTG_30033355347,EVL273,2026-07-03T16:30:00,2026-07-03T17:34:00,PELLETS GIRASOL,VOLCABLE_PTO_4,TERMINAL_EMBARQUE,INGRESO,MovimientosPorContrato_20260703.xlsx,NO_TRUCKFLOW_MATCH
CTG_30033359616,TAO150,2026-07-03T15:59:00,2026-07-03T17:36:00,PELLETS GIRASOL,,RICARDONE,EGRESO,MovimientosPorContrato_20260703.xlsx,NO_TRUCKFLOW_MATCH
CTG_30033342352,GVJ645,2026-07-03T12:22:00,2026-07-03T17:36:00,ACEITE GIRASOL PARA REFINAR,ACEITE_PTO,TERMINAL_EMBARQUE,INGRESO,MovimientosPorContrato_20260703.xlsx,NO_TRUCKFLOW_MATCH
CTG_10133312832,AB580PW,2026-07-03T08:38:00,2026-07-03T17:37:00,SOJA,VOLCABLE_PTO_2,TERMINAL_EMBARQUE,INGRESO,MovimientosPorContrato_20260703.xlsx,NO_TRUCKFLOW_MATCH
CTG_30033359743,AI121LM,2026-07-03T13:52:00,2026-07-03T17:39:00,ACEITE SOJA CRUDO DESGOMADO,,TERMINAL_EMBARQUE,EGRESO,MovimientosPorContrato_20260703.xlsx,NO_TRUCKFLOW_MATCH
CTG_30033359808,RYJ562,2026-07-03T16:15:00,2026-07-03T17:40:00,PELLETS GIRASOL,,RICARDONE,EGRESO,MovimientosPorContrato_20260703.xlsx,NO_TRUCKFLOW_MATCH
CTG_10133320310,HHZ900,2026-07-03T08:44:00,2026-07-03T17:40:00,SOJA,VOLCABLE_PTO_2,TERMINAL_EMBARQUE,INGRESO,MovimientosPorContrato_20260703.xlsx,NO_TRUCKFLOW_MATCH
CTG_10133305309,AXG665,2026-07-03T08:32:00,2026-07-03T17:42:00,SOJA,VOLCABLE_PTO_5,TERMINAL_EMBARQUE,INGRESO,MovimientosPorContrato_20260703.xlsx,NO_TRUCKFLOW_MATCH
CTG_30033355752,VJG112,2026-07-03T16:33:00,2026-07-03T17:43:00,PELLETS GIRASOL,VOLCABLE_PTO_4,TERMINAL_EMBARQUE,INGRESO,MovimientosPorContrato_20260703.xlsx,NO_TRUCKFLOW_MATCH
CTG_30033359973,EIY162,2026-07-03T17:03:00,2026-07-03T17:44:00,PELLETS GIRASOL,,RICARDONE,EGRESO,MovimientosPorContrato_20260703.xlsx,NO_TRUCKFLOW_MATCH
CTG_10133331972,AE917VE,2026-07-03T06:43:00,2026-07-03T17:44:00,SOJA,VOLCABLE_PTO_5,TERMINAL_EMBARQUE,INGRESO,MovimientosPorContrato_20260703.xlsx,NO_TRUCKFLOW_MATCH
CTG_10233323286,AH573VD,2026-07-03T08:34:00,2026-07-03T17:46:00,SOJA,VOLCABLE_PTO_1,TERMINAL_EMBARQUE,INGRESO,MovimientosPorContrato_20260703.xlsx,NO_TRUCKFLOW_MATCH
CTG_30033356265,EYH843,2026-07-03T16:49:00,2026-07-03T17:48:00,PELLETS GIRASOL,VOLCABLE_PTO_4,TERMINAL_EMBARQUE,INGRESO,MovimientosPorContrato_20260703.xlsx,NO_TRUCKFLOW_MATCH
CTG_10133325975,AH456LI,2026-07-03T08:49:00,2026-07-03T17:49:00,SOJA,VOLCABLE_PTO_2,TERMINAL_EMBARQUE,INGRESO,MovimientosPorContrato_20260703.xlsx,NO_TRUCKFLOW_MATCH
CTG_10133331636,AB935ES,2026-07-03T08:48:00,2026-07-03T17:50:00,SOJA,VOLCABLE_PTO_1,TERMINAL_EMBARQUE,INGRESO,MovimientosPorContrato_20260703.xlsx,NO_TRUCKFLOW_MATCH
CTG_30033356579,LZB017,2026-07-03T16:49:00,2026-07-03T17:55:00,PELLETS GIRASOL,VOLCABLE_PTO_4,TERMINAL_EMBARQUE,INGRESO,MovimientosPorContrato_20260703.xlsx,NO_TRUCKFLOW_MATCH
CTG_10133336715,AH366QF,2026-07-03T09:27:00,2026-07-03T17:59:00,SOJA,VOLCABLE_PTO_1,TERMINAL_EMBARQUE,INGRESO,MovimientosPorContrato_20260703.xlsx,NO_TRUCKFLOW_MATCH
CTG_10133316598,NRV589,2026-07-03T08:52:00,2026-07-03T18:01:00,SOJA,VOLCABLE_PTO_1,TERMINAL_EMBARQUE,INGRESO,MovimientosPorContrato_20260703.xlsx,NO_TRUCKFLOW_MATCH
CTG_10133316673,IGA516,2026-07-03T08:53:00,2026-07-03T18:02:00,SOJA,VOLCABLE_PTO_2,TERMINAL_EMBARQUE,INGRESO,MovimientosPorContrato_20260703.xlsx,NO_TRUCKFLOW_MATCH
CTG_10133304578,AB154CB,2026-07-03T08:33:00,2026-07-03T18:03:00,SOJA,VOLCABLE_PTO_1,TERMINAL_EMBARQUE,INGRESO,MovimientosPorContrato_20260703.xlsx,NO_TRUCKFLOW_MATCH
CTG_10133312476,GCU647,2026-07-03T03:09:00,2026-07-03T18:04:00,SOJA,VOLCABLE_PTO_1,TERMINAL_EMBARQUE,INGRESO,MovimientosPorContrato_20260703.xlsx,NO_TRUCKFLOW_MATCH
CTG_10233325489,REK814,2026-07-03T09:12:00,2026-07-03T18:06:00,SOJA,VOLCABLE_PTO_5,TERMINAL_EMBARQUE,INGRESO,MovimientosPorContrato_20260703.xlsx,NO_TRUCKFLOW_MATCH
COMPROB_000200431069,AD386JC,2026-07-03T17:20:00,2026-07-03T18:07:00,CHIP DE PINO,PLAYA_LEÑA_Y_CHIP,AVELLANEDA,INGRESO,MovimientosPorContrato_20260703.xlsx,NO_TRUCKFLOW_MATCH
CTG_30033340605,AA463TD,2026-07-03T11:25:00,2026-07-03T18:08:00,ACEITE GIRASOL PARA REFINAR,ACEITE_PTO,TERMINAL_EMBARQUE,INGRESO,MovimientosPorContrato_20260703.xlsx,NO_TRUCKFLOW_MATCH
CTG_10233334823,CQF701,2026-07-03T08:59:00,2026-07-03T18:10:00,GIRASOL,VOLCABLE_2,RICARDONE,INGRESO,MovimientosPorContrato_20260703.xlsx,NO_TRUCKFLOW_MATCH
CTG_10233302323,AH072UH,2026-07-03T08:58:00,2026-07-03T18:17:00,SOJA,VOLCABLE_PTO_2,TERMINAL_EMBARQUE,INGRESO,MovimientosPorContrato_20260703.xlsx,NO_TRUCKFLOW_MATCH
CTG_10133325969,AB832DW,2026-07-03T09:54:00,2026-07-03T18:20:00,SOJA,VOLCABLE_PTO_2,TERMINAL_EMBARQUE,INGRESO,MovimientosPorContrato_20260703.xlsx,NO_TRUCKFLOW_MATCH
CTG_10233328781,LUQ586,2026-07-03T09:20:00,2026-07-03T18:22:00,SOJA,VOLCABLE_PTO_1,TERMINAL_EMBARQUE,INGRESO,MovimientosPorContrato_20260703.xlsx,NO_TRUCKFLOW_MATCH
CTG_10233324638,AA812IL,2026-07-03T09:53:00,2026-07-03T18:23:00,SOJA,VOLCABLE_PTO_2,TERMINAL_EMBARQUE,INGRESO,MovimientosPorContrato_20260703.xlsx,NO_TRUCKFLOW_MATCH
CTG_10233324809,AXR206,2026-07-03T09:14:00,2026-07-03T18:26:00,SOJA,VOLCABLE_PTO_5,TERMINAL_EMBARQUE,INGRESO,MovimientosPorContrato_20260703.xlsx,NO_TRUCKFLOW_MATCH
COMPROB_000200319735,AI227DA,2026-07-03T15:21:00,2026-07-03T18:28:00,ALCOHOL ETILICO ANHIDRO P/ BIOCOMB ORIG CEREAL,T1002,AVELLANEDA,EGRESO,MovimientosPorContrato_20260703.xlsx,NO_TRUCKFLOW_MATCH
CTG_10133289101,JQT740,2026-07-02T22:06:00,2026-07-03T18:30:00,SOJA,VOLCABLE_PTO_2,TERMINAL_EMBARQUE,INGRESO,MovimientosPorContrato_20260703.xlsx,NO_TRUCKFLOW_MATCH
CTG_10233323457,MWR151,2026-07-03T09:29:00,2026-07-03T18:32:00,SOJA,VOLCABLE_PTO_5,TERMINAL_EMBARQUE,INGRESO,MovimientosPorContrato_20260703.xlsx,NO_TRUCKFLOW_MATCH
CTG_10233320638,PNV036,2026-07-02T22:16:00,2026-07-03T18:32:00,GIRASOL,VOLCABLE_1,RICARDONE,INGRESO,MovimientosPorContrato_20260703.xlsx,NO_TRUCKFLOW_MATCH
CTG_10233322512,LKX261,2026-07-03T09:28:00,2026-07-03T18:34:00,SOJA,VOLCABLE_PTO_1,TERMINAL_EMBARQUE,INGRESO,MovimientosPorContrato_20260703.xlsx,NO_TRUCKFLOW_MATCH
CTG_10133322054,BKL548,2026-07-03T09:21:00,2026-07-03T18:40:00,SOJA,VOLCABLE_PTO_2,TERMINAL_EMBARQUE,INGRESO,MovimientosPorContrato_20260703.xlsx,NO_TRUCKFLOW_MATCH
CTG_30033361528,DFP716,2026-07-03T17:20:00,2026-07-03T18:25:00,PELLETS GIRASOL,,RICARDONE,EGRESO,MovimientosPorContrato_20260703.xlsx,NO_TRUCKFLOW_MATCH
COMPROB_000200431070,SIK535,2026-07-03T18:14:00,2026-07-03T18:41:00,LEÑA CORTA,PLAYA_LEÑA_Y_CHIP,AVELLANEDA,INGRESO,MovimientosPorContrato_20260703.xlsx,NO_TRUCKFLOW_MATCH
CTG_30033361532,RKS646,2026-07-03T17:12:00,2026-07-03T18:11:00,PELLETS GIRASOL,,RICARDONE,EGRESO,MovimientosPorContrato_20260703.xlsx,NO_TRUCKFLOW_MATCH
CTG_30033361551,TAC436,2026-07-03T17:31:00,2026-07-03T18:31:00,PELLETS GIRASOL,,RICARDONE,EGRESO,MovimientosPorContrato_20260703.xlsx,NO_TRUCKFLOW_MATCH
CTG_30033333120,UUU110,2026-07-03T17:51:00,2026-07-03T19:35:00,ACEITE GIRASOL PARA REFINAR,ACEITE_PTO,TERMINAL_EMBARQUE,INGRESO,MovimientosPorContrato_20260703.xlsx,NO_TRUCKFLOW_MATCH
COMPROB_000200431071,HBG466,2026-07-03T14:49:00,2026-07-03T19:41:00,CHIP DE PINO,PLAYA_LEÑA_Y_CHIP,AVELLANEDA,INGRESO,MovimientosPorContrato_20260703.xlsx,NO_TRUCKFLOW_MATCH
CTG_10233326158,AB114CN,2026-07-03T09:01:00,2026-07-03T20:15:00,GIRASOL,VOLCABLE_2,RICARDONE,INGRESO,MovimientosPorContrato_20260703.xlsx,NO_TRUCKFLOW_MATCH
CTG_10233330181,AA271NG,2026-07-03T09:02:00,2026-07-03T20:54:00,GIRASOL,VOLCABLE_2,RICARDONE,INGRESO,MovimientosPorContrato_20260703.xlsx,NO_TRUCKFLOW_MATCH
COMPROB_000200431072,RER636,2026-07-03T16:26:00,2026-07-03T21:05:00,LEÑA CORTA,PLAYA_LEÑA_Y_CHIP,AVELLANEDA,INGRESO,MovimientosPorContrato_20260703.xlsx,NO_TRUCKFLOW_MATCH
CTG_10233321295,VRL198,2026-07-03T08:36:00,2026-07-03T21:58:00,GIRASOL,VOLCABLE_1,RICARDONE,INGRESO,MovimientosPorContrato_20260703.xlsx,NO_TRUCKFLOW_MATCH
CTG_10233334869,AUP927,2026-07-03T09:02:00,2026-07-03T22:08:00,GIRASOL,VOLCABLE_2,RICARDONE,INGRESO,MovimientosPorContrato_20260703.xlsx,NO_TRUCKFLOW_MATCH
CTG_10233312085,EFG806,2026-07-03T10:31:00,2026-07-03T22:17:00,SOJA,VOLCABLE_PTO_2,TERMINAL_EMBARQUE,INGRESO,MovimientosPorContrato_20260703.xlsx,NO_TRUCKFLOW_MATCH
CTG_30033362673,FFM492,2026-07-03T16:54:00,2026-07-03T22:18:00,PELLETS GIRASOL,,RICARDONE,EGRESO,MovimientosPorContrato_20260703.xlsx,NO_TRUCKFLOW_MATCH
CTG_30033362679,UWX998,2026-07-03T18:14:00,2026-07-03T22:19:00,PELLETS GIRASOL,,RICARDONE,EGRESO,MovimientosPorContrato_20260703.xlsx,NO_TRUCKFLOW_MATCH
CTG_10233336157,ESJ947,2026-07-03T10:43:00,2026-07-03T22:26:00,SOJA,VOLCABLE_PTO_5,TERMINAL_EMBARQUE,INGRESO,MovimientosPorContrato_20260703.xlsx,NO_TRUCKFLOW_MATCH
CTG_10233330441,PPC592,2026-07-03T09:55:00,2026-07-03T22:27:00,SOJA,VOLCABLE_PTO_2,TERMINAL_EMBARQUE,INGRESO,MovimientosPorContrato_20260703.xlsx,NO_TRUCKFLOW_MATCH
CTG_30033357353,SWQ863,2026-07-03T17:05:00,2026-07-03T22:32:00,PELLETS GIRASOL,VOLCABLE_PTO_4,TERMINAL_EMBARQUE,INGRESO,MovimientosPorContrato_20260703.xlsx,NO_TRUCKFLOW_MATCH
CTG_10233330979,HWP722,2026-07-03T09:56:00,2026-07-03T22:34:00,SOJA,VOLCABLE_PTO_2,TERMINAL_EMBARQUE,INGRESO,MovimientosPorContrato_20260703.xlsx,NO_TRUCKFLOW_MATCH
CTG_30033362762,EHS233,2026-07-03T18:25:00,2026-07-03T22:34:00,PELLETS GIRASOL,,RICARDONE,EGRESO,MovimientosPorContrato_20260703.xlsx,NO_TRUCKFLOW_MATCH
CTG_10133311028,CPV907,2026-07-03T07:53:00,2026-07-03T22:36:00,SOJA,VOLCABLE_PTO_5,TERMINAL_EMBARQUE,INGRESO,MovimientosPorContrato_20260703.xlsx,NO_TRUCKFLOW_MATCH
CTG_30033357424,RXD557,2026-07-03T17:01:00,2026-07-03T22:38:00,PELLETS GIRASOL,VOLCABLE_PTO_4,TERMINAL_EMBARQUE,INGRESO,MovimientosPorContrato_20260703.xlsx,NO_TRUCKFLOW_MATCH
CTG_30033362790,VJG112,2026-07-03T20:03:00,2026-07-03T22:41:00,PELLETS GIRASOL,,RICARDONE,EGRESO,MovimientosPorContrato_20260703.xlsx,NO_TRUCKFLOW_MATCH
CTG_10133314959,AA756VE,2026-07-03T08:38:00,2026-07-03T22:44:00,SOJA,VOLCABLE_PTO_5,TERMINAL_EMBARQUE,INGRESO,MovimientosPorContrato_20260703.xlsx,NO_TRUCKFLOW_MATCH
CTG_10133324202,OYA216,2026-07-03T10:04:00,2026-07-03T22:45:00,SOJA,VOLCABLE_PTO_2,TERMINAL_EMBARQUE,INGRESO,MovimientosPorContrato_20260703.xlsx,NO_TRUCKFLOW_MATCH
CTG_10233335971,LRP307,2026-07-03T08:53:00,2026-07-03T22:45:00,MAIZ,CELDA_171_-_CENTRO,AVELLANEDA,INGRESO,MovimientosPorContrato_20260703.xlsx,NO_TRUCKFLOW_MATCH
COMPROB_000400419236,UUH077,2026-07-03T21:47:00,2026-07-03T22:46:00,ACEITE GIRASOL REFINADO,ACEITE_OSL,TERMINAL_EMBARQUE,EGRESO,MovimientosPorContrato_20260703.xlsx,NO_TRUCKFLOW_MATCH
CTG_30033362818,KED503,2026-07-03T14:26:00,2026-07-03T22:48:00,ACEITE SOJA CRUDO DESGOMADO,,TERMINAL_EMBARQUE,EGRESO,MovimientosPorContrato_20260703.xlsx,NO_TRUCKFLOW_MATCH
CTG_10133310738,SLH632,2026-07-03T07:50:00,2026-07-03T22:50:00,SOJA,VOLCABLE_PTO_5,TERMINAL_EMBARQUE,INGRESO,MovimientosPorContrato_20260703.xlsx,NO_TRUCKFLOW_MATCH
CTG_10133318916,HLI897,2026-07-03T09:57:00,2026-07-03T22:52:00,SOJA,VOLCABLE_PTO_2,TERMINAL_EMBARQUE,INGRESO,MovimientosPorContrato_20260703.xlsx,NO_TRUCKFLOW_MATCH
CTG_30033362850,UER485,2026-07-03T21:38:00,2026-07-03T22:53:00,PELLETS GIRASOL,,RICARDONE,EGRESO,MovimientosPorContrato_20260703.xlsx,NO_TRUCKFLOW_MATCH
CTG_30033362854,URM438,2026-07-01T22:38:00,2026-07-03T22:54:00,PELLETS GIRASOL,,RICARDONE,EGRESO,MovimientosPorContrato_20260703.xlsx,NO_TRUCKFLOW_MATCH
CTG_30033357963,ROS380,2026-07-03T17:13:00,2026-07-03T22:55:00,PELLETS GIRASOL,VOLCABLE_PTO_4,TERMINAL_EMBARQUE,INGRESO,MovimientosPorContrato_20260703.xlsx,NO_TRUCKFLOW_MATCH
CTG_10133311539,SJA414,2026-07-03T07:52:00,2026-07-03T22:56:00,SOJA,VOLCABLE_PTO_5,TERMINAL_EMBARQUE,INGRESO,MovimientosPorContrato_20260703.xlsx,NO_TRUCKFLOW_MATCH
CTG_10233304838,AF445YV,2026-07-03T09:57:00,2026-07-03T22:57:00,SOJA,VOLCABLE_PTO_2,TERMINAL_EMBARQUE,INGRESO,MovimientosPorContrato_20260703.xlsx,NO_TRUCKFLOW_MATCH
CTG_30033362875,EYH843,2026-07-03T22:03:00,2026-07-03T23:00:00,PELLETS GIRASOL,,RICARDONE,EGRESO,MovimientosPorContrato_20260703.xlsx,NO_TRUCKFLOW_MATCH
CTG_10133314447,OGF364,2026-07-03T09:03:00,2026-07-03T23:03:00,SOJA,VOLCABLE_PTO_5,TERMINAL_EMBARQUE,INGRESO,MovimientosPorContrato_20260703.xlsx,NO_TRUCKFLOW_MATCH
CTG_30033362888,LZB017,2026-07-03T22:37:00,2026-07-03T23:04:00,PELLETS GIRASOL,,RICARDONE,EGRESO,MovimientosPorContrato_20260703.xlsx,NO_TRUCKFLOW_MATCH
CTG_30033358196,HNE318,2026-07-03T17:20:00,2026-07-03T23:05:00,PELLETS GIRASOL,VOLCABLE_PTO_4,TERMINAL_EMBARQUE,INGRESO,MovimientosPorContrato_20260703.xlsx,NO_TRUCKFLOW_MATCH
CTG_10133338586,AB572EK,2026-07-03T10:12:00,2026-07-03T23:07:00,SOJA,VOLCABLE_PTO_2,TERMINAL_EMBARQUE,INGRESO,MovimientosPorContrato_20260703.xlsx,NO_TRUCKFLOW_MATCH
CTG_30033358652,UKL882,2026-07-03T17:32:00,2026-07-03T23:08:00,PELLETS GIRASOL,VOLCABLE_PTO_4,TERMINAL_EMBARQUE,INGRESO,MovimientosPorContrato_20260703.xlsx,NO_TRUCKFLOW_MATCH
CTG_10233337448,ASW515,2026-07-03T11:30:00,2026-07-03T23:09:00,SOJA,VOLCABLE_PTO_5,TERMINAL_EMBARQUE,INGRESO,MovimientosPorContrato_20260703.xlsx,NO_TRUCKFLOW_MATCH
CTG_10133324075,HTJ127,2026-07-03T10:03:00,2026-07-03T23:13:00,SOJA,VOLCABLE_PTO_2,TERMINAL_EMBARQUE,INGRESO,MovimientosPorContrato_20260703.xlsx,NO_TRUCKFLOW_MATCH
CTG_10233336790,VNP426,2026-07-03T09:11:00,2026-07-03T23:16:00,MAIZ,CELDA_171_-_CENTRO,AVELLANEDA,INGRESO,MovimientosPorContrato_20260703.xlsx,NO_TRUCKFLOW_MATCH
CTG_30033359159,BVS300,2026-07-03T17:39:00,2026-07-03T23:18:00,PELLETS GIRASOL,VOLCABLE_PTO_4,TERMINAL_EMBARQUE,INGRESO,MovimientosPorContrato_20260703.xlsx,NO_TRUCKFLOW_MATCH
CTG_10233322362,JLV464,2026-07-03T10:24:00,2026-07-03T23:19:00,SOJA,VOLCABLE_PTO_5,TERMINAL_EMBARQUE,INGRESO,MovimientosPorContrato_20260703.xlsx,NO_TRUCKFLOW_MATCH
CTG_10133317672,EIO809,2026-07-03T10:21:00,2026-07-03T23:21:00,SOJA,VOLCABLE_PTO_2,TERMINAL_EMBARQUE,INGRESO,MovimientosPorContrato_20260703.xlsx,NO_TRUCKFLOW_MATCH
CTG_10133307645,AA168HR,2026-07-03T09:22:00,2026-07-03T23:21:00,GIRASOL,VOLCABLE_2,RICARDONE,INGRESO,MovimientosPorContrato_20260703.xlsx,NO_TRUCKFLOW_MATCH
CTG_10233324750,HUI119,2026-07-03T10:28:00,2026-07-03T23:24:00,SOJA,VOLCABLE_PTO_2,TERMINAL_EMBARQUE,INGRESO,MovimientosPorContrato_20260703.xlsx,NO_TRUCKFLOW_MATCH
COMPROB_000400419238,OIG256,2026-07-03T18:41:00,2026-07-03T23:27:00,BORRA ACEITE GIRASOL REFINADO,ACEITE_OSL,TERMINAL_EMBARQUE,EGRESO,MovimientosPorContrato_20260703.xlsx,NO_TRUCKFLOW_MATCH
CTG_30033362948,AH279VC,2026-07-03T15:58:00,2026-07-03T23:29:00,ACEITE SOJA CRUDO DESGOMADO,,TERMINAL_EMBARQUE,EGRESO,MovimientosPorContrato_20260703.xlsx,NO_TRUCKFLOW_MATCH
CTG_10233327444,IVI953,2026-07-03T10:22:00,2026-07-03T23:31:00,SOJA,VOLCABLE_PTO_5,TERMINAL_EMBARQUE,INGRESO,MovimientosPorContrato_20260703.xlsx,NO_TRUCKFLOW_MATCH
CTG_10133330259,OHO964,2026-07-03T10:39:00,2026-07-03T23:33:00,SOJA,VOLCABLE_PTO_2,TERMINAL_EMBARQUE,INGRESO,MovimientosPorContrato_20260703.xlsx,NO_TRUCKFLOW_MATCH
CTG_30033359616,TAO150,2026-07-03T17:56:00,2026-07-03T23:34:00,PELLETS GIRASOL,VOLCABLE_PTO_4,TERMINAL_EMBARQUE,INGRESO,MovimientosPorContrato_20260703.xlsx,NO_TRUCKFLOW_MATCH
CTG_30033362963,NYT605,2026-07-03T19:24:00,2026-07-03T23:35:00,ACEITE SOJA CRUDO DESGOMADO,,TERMINAL_EMBARQUE,EGRESO,MovimientosPorContrato_20260703.xlsx,NO_TRUCKFLOW_MATCH
CTG_30033359808,RYJ562,2026-07-03T17:58:00,2026-07-03T23:37:00,PELLETS GIRASOL,VOLCABLE_PTO_4,TERMINAL_EMBARQUE,INGRESO,MovimientosPorContrato_20260703.xlsx,NO_TRUCKFLOW_MATCH
CTG_30033362973,ALV404,2026-07-03T17:29:00,2026-07-03T23:38:00,PELLETS GIRASOL,,RICARDONE,EGRESO,MovimientosPorContrato_20260703.xlsx,NO_TRUCKFLOW_MATCH
CTG_10233325887,MEG969,2026-07-03T10:29:00,2026-07-03T23:38:00,SOJA,VOLCABLE_PTO_5,TERMINAL_EMBARQUE,INGRESO,MovimientosPorContrato_20260703.xlsx,NO_TRUCKFLOW_MATCH
CTG_30033362980,SWQ863,2026-07-03T23:02:00,2026-07-03T23:39:00,PELLETS GIRASOL,,RICARDONE,EGRESO,MovimientosPorContrato_20260703.xlsx,NO_TRUCKFLOW_MATCH
CTG_10133323581,JYA432,2026-07-03T10:40:00,2026-07-03T23:39:00,SOJA,VOLCABLE_PTO_2,TERMINAL_EMBARQUE,INGRESO,MovimientosPorContrato_20260703.xlsx,NO_TRUCKFLOW_MATCH
CTG_10133346029,CPA103,2026-07-03T16:31:00,2026-07-03T23:43:00,SOJA,CELDA_16,RICARDONE,INGRESO,MovimientosPorContrato_20260703.xlsx,NO_TRUCKFLOW_MATCH
CTG_10233337104,GWQ265,2026-07-03T09:16:00,2026-07-03T23:43:00,MAIZ,CELDA_171_-_CENTRO,AVELLANEDA,INGRESO,MovimientosPorContrato_20260703.xlsx,NO_TRUCKFLOW_MATCH
CTG_10233335019,RLL178,2026-07-03T09:23:00,2026-07-03T23:44:00,GIRASOL,VOLCABLE_1,RICARDONE,INGRESO,MovimientosPorContrato_20260703.xlsx,NO_TRUCKFLOW_MATCH
CTG_10133345507,AD528TC,2026-07-03T15:14:00,2026-07-03T23:45:00,SOJA,VOLCABLE_PTO_5,TERMINAL_EMBARQUE,INGRESO,MovimientosPorContrato_20260703.xlsx,NO_TRUCKFLOW_MATCH
CTG_30033362991,RXD557,2026-07-03T23:02:00,2026-07-03T23:45:00,PELLETS GIRASOL,,RICARDONE,EGRESO,MovimientosPorContrato_20260703.xlsx,NO_TRUCKFLOW_MATCH
CTG_10133327126,JRM979,2026-07-03T10:58:00,2026-07-03T23:46:00,SOJA,VOLCABLE_PTO_2,TERMINAL_EMBARQUE,INGRESO,MovimientosPorContrato_20260703.xlsx,NO_TRUCKFLOW_MATCH
CTG_30033359973,EIY162,2026-07-03T18:01:00,2026-07-03T23:49:00,PELLETS GIRASOL,VOLCABLE_PTO_4,TERMINAL_EMBARQUE,INGRESO,MovimientosPorContrato_20260703.xlsx,NO_TRUCKFLOW_MATCH
CTG_30033363006,ROS380,2026-07-03T23:10:00,2026-07-03T23:54:00,PELLETS GIRASOL,,RICARDONE,EGRESO,MovimientosPorContrato_20260703.xlsx,NO_TRUCKFLOW_MATCH
CTG_30033363007,GVI255,2026-07-03T21:02:00,2026-07-03T23:57:00,ACEITE SOJA CRUDO DESGOMADO,,TERMINAL_EMBARQUE,EGRESO,MovimientosPorContrato_20260703.xlsx,NO_TRUCKFLOW_MATCH
COMPROB_000400419270,XXXXXX,2026-07-03T23:59:00,2026-07-03T23:59:00,ACEITE GIRASOL PARA REFINAR,,TERMINAL_EMBARQUE,EGRESO,MovimientosPorContrato_20260703.xlsx,NO_TRUCKFLOW_MATCH
CTG_10133322069,OXQ444,2026-07-03T14:24:00,2026-07-03T23:59:00,SOJA,VOLCABLE_PTO_5,TERMINAL_EMBARQUE,INGRESO,MovimientosPorContrato_20260703.xlsx,NO_TRUCKFLOW_MATCH
CTG_30033361528,DFP716,2026-07-03T18:53:00,2026-07-04T00:00:00,PELLETS GIRASOL,VOLCABLE_PTO_4,TERMINAL_EMBARQUE,INGRESO,MovimientosPorContrato_20260704.xlsx,NO_TRUCKFLOW_MATCH
CTG_30033363011,HNE318,2026-07-03T23:18:00,2026-07-04T00:00:00,PELLETS GIRASOL,,RICARDONE,EGRESO,MovimientosPorContrato_20260704.xlsx,NO_TRUCKFLOW_MATCH
CTG_10133307514,AF509MO,2026-07-03T05:12:00,2026-07-04T00:01:00,SOJA,VOLCABLE_PTO_5,TERMINAL_EMBARQUE,INGRESO,MovimientosPorContrato_20260704.xlsx,NO_TRUCKFLOW_MATCH
CTG_10233323052,OLD118,2026-07-03T11:00:00,2026-07-04T00:03:00,SOJA,VOLCABLE_PTO_2,TERMINAL_EMBARQUE,INGRESO,MovimientosPorContrato_20260704.xlsx,NO_TRUCKFLOW_MATCH
CTG_10133328898,ITX394,2026-07-03T05:51:00,2026-07-04T00:05:00,SOJA,VOLCABLE_PTO_2,TERMINAL_EMBARQUE,INGRESO,MovimientosPorContrato_20260704.xlsx,NO_TRUCKFLOW_MATCH
CTG_10233325944,AF054QX,2026-07-03T07:55:00,2026-07-04T00:07:00,SOJA,VOLCABLE_PTO_5,TERMINAL_EMBARQUE,INGRESO,MovimientosPorContrato_20260704.xlsx,NO_TRUCKFLOW_MATCH
CTG_30033361532,RKS646,2026-07-03T18:53:00,2026-07-04T00:08:00,PELLETS GIRASOL,VOLCABLE_PTO_4,TERMINAL_EMBARQUE,INGRESO,MovimientosPorContrato_20260704.xlsx,NO_TRUCKFLOW_MATCH
CTG_30033363035,UKL882,2026-07-03T23:29:00,2026-07-04T00:08:00,PELLETS GIRASOL,,RICARDONE,EGRESO,MovimientosPorContrato_20260704.xlsx,NO_TRUCKFLOW_MATCH
CTG_10133318751,AH056AH,2026-07-03T15:11:00,2026-07-04T00:12:00,SOJA,VOLCABLE_PTO_2,TERMINAL_EMBARQUE,INGRESO,MovimientosPorContrato_20260704.xlsx,NO_TRUCKFLOW_MATCH
CTG_30033363065,BVS300,2026-07-03T23:38:00,2026-07-04T00:13:00,PELLETS GIRASOL,,RICARDONE,EGRESO,MovimientosPorContrato_20260704.xlsx,NO_TRUCKFLOW_MATCH
CTG_10133307996,AE235GS,2026-07-03T11:07:00,2026-07-04T00:17:00,SOJA,VOLCABLE_PTO_2,TERMINAL_EMBARQUE,INGRESO,MovimientosPorContrato_20260704.xlsx,NO_TRUCKFLOW_MATCH
CTG_30033363071,EVL273,2026-07-03T23:38:00,2026-07-04T00:17:00,PELLETS GIRASOL,,RICARDONE,EGRESO,MovimientosPorContrato_20260704.xlsx,NO_TRUCKFLOW_MATCH
CTG_30033361551,TAC436,2026-07-03T18:57:00,2026-07-04T00:18:00,PELLETS GIRASOL,VOLCABLE_PTO_4,TERMINAL_EMBARQUE,INGRESO,MovimientosPorContrato_20260704.xlsx,NO_TRUCKFLOW_MATCH
CTG_30033362673,FFM492,2026-07-03T22:39:00,2026-07-04T00:21:00,PELLETS GIRASOL,VOLCABLE_PTO_4,TERMINAL_EMBARQUE,INGRESO,MovimientosPorContrato_20260704.xlsx,NO_TRUCKFLOW_MATCH
CTG_10233331453,GOS435,2026-07-03T09:26:00,2026-07-04T00:22:00,MAIZ,CELDA_171_-_CENTRO,AVELLANEDA,INGRESO,MovimientosPorContrato_20260704.xlsx,NO_TRUCKFLOW_MATCH
CTG_10133326243,HHX097,2026-07-03T08:24:00,2026-07-04T00:23:00,SOJA,VOLCABLE_PTO_5,TERMINAL_EMBARQUE,INGRESO,MovimientosPorContrato_20260704.xlsx,NO_TRUCKFLOW_MATCH
CTG_10233334997,REL854,2026-07-03T09:26:00,2026-07-04T00:25:00,GIRASOL,VOLCABLE_1,RICARDONE,INGRESO,MovimientosPorContrato_20260704.xlsx,NO_TRUCKFLOW_MATCH
CTG_10133313472,AA446MJ,2026-07-03T11:10:00,2026-07-04T00:26:00,SOJA,VOLCABLE_PTO_2,TERMINAL_EMBARQUE,INGRESO,MovimientosPorContrato_20260704.xlsx,NO_TRUCKFLOW_MATCH
CTG_10233334971,GHD821,2026-07-03T09:23:00,2026-07-04T00:27:00,GIRASOL,VOLCABLE_2,RICARDONE,INGRESO,MovimientosPorContrato_20260704.xlsx,NO_TRUCKFLOW_MATCH
COMPROB_000404035652,AA516BM,2026-07-03T22:26:00,2026-07-04T00:30:00,FUEL-OIL,,TERMINAL_EMBARQUE,INGRESO,MovimientosPorContrato_20260704.xlsx,NO_TRUCKFLOW_MATCH
CTG_30033361086,NBK156,2026-07-03T19:12:00,2026-07-04T00:31:00,ACEITE GIRASOL PARA REFINAR,ACEITE_PTO,TERMINAL_EMBARQUE,INGRESO,MovimientosPorContrato_20260704.xlsx,NO_TRUCKFLOW_MATCH
CTG_30033362679,UWX998,2026-07-03T22:43:00,2026-07-04T00:34:00,PELLETS GIRASOL,VOLCABLE_PTO_4,TERMINAL_EMBARQUE,INGRESO,MovimientosPorContrato_20260704.xlsx,NO_TRUCKFLOW_MATCH
CTG_10133322885,AF700ST,2026-07-03T11:18:00,2026-07-04T00:35:00,SOJA,VOLCABLE_PTO_2,TERMINAL_EMBARQUE,INGRESO,MovimientosPorContrato_20260704.xlsx,NO_TRUCKFLOW_MATCH
CTG_30033361521,DOE150,2026-07-03T19:30:00,2026-07-04T00:36:00,ACEITE GIRASOL PARA REFINAR,ACEITE_PTO,TERMINAL_EMBARQUE,INGRESO,MovimientosPorContrato_20260704.xlsx,NO_TRUCKFLOW_MATCH
CTG_10133305666,EKW431,2026-07-03T11:09:00,2026-07-04T00:37:00,SOJA,VOLCABLE_PTO_5,TERMINAL_EMBARQUE,INGRESO,MovimientosPorContrato_20260704.xlsx,NO_TRUCKFLOW_MATCH
COMPROB_000400419242,KWO040,2026-07-03T21:53:00,2026-07-04T00:39:00,ACEITE GIRASOL REFINADO,ACEITE_OSL,TERMINAL_EMBARQUE,EGRESO,MovimientosPorContrato_20260704.xlsx,NO_TRUCKFLOW_MATCH
CTG_30033363098,TAO150,2026-07-03T23:55:00,2026-07-04T00:40:00,PELLETS GIRASOL,,RICARDONE,EGRESO,MovimientosPorContrato_20260704.xlsx,NO_TRUCKFLOW_MATCH
CTG_10233331398,HUY820,2026-07-03T11:19:00,2026-07-04T00:41:00,SOJA,VOLCABLE_PTO_2,TERMINAL_EMBARQUE,INGRESO,MovimientosPorContrato_20260704.xlsx,NO_TRUCKFLOW_MATCH
CTG_30033363103,RYJ562,2026-07-03T23:56:00,2026-07-04T00:44:00,PELLETS GIRASOL,,RICARDONE,EGRESO,MovimientosPorContrato_20260704.xlsx,NO_TRUCKFLOW_MATCH
CTG_30033362762,EHS233,2026-07-03T22:58:00,2026-07-04T00:45:00,PELLETS GIRASOL,VOLCABLE_PTO_4,TERMINAL_EMBARQUE,INGRESO,MovimientosPorContrato_20260704.xlsx,NO_TRUCKFLOW_MATCH
CTG_10233328181,FDJ642,2026-07-03T11:13:00,2026-07-04T00:46:00,SOJA,VOLCABLE_PTO_5,TERMINAL_EMBARQUE,INGRESO,MovimientosPorContrato_20260704.xlsx,NO_TRUCKFLOW_MATCH
CTG_10133336887,AH951SP,2026-07-03T11:25:00,2026-07-04T00:48:00,SOJA,VOLCABLE_PTO_2,TERMINAL_EMBARQUE,INGRESO,MovimientosPorContrato_20260704.xlsx,NO_TRUCKFLOW_MATCH
CTG_30033363109,WGV770,2026-07-03T23:46:00,2026-07-04T00:48:00,PELLETS GIRASOL,,RICARDONE,EGRESO,MovimientosPorContrato_20260704.xlsx,NO_TRUCKFLOW_MATCH
CTG_10133337653,AI108XB,2026-07-03T11:24:00,2026-07-04T00:51:00,SOJA,VOLCABLE_PTO_5,TERMINAL_EMBARQUE,INGRESO,MovimientosPorContrato_20260704.xlsx,NO_TRUCKFLOW_MATCH
CTG_10233335046,FHN229,2026-07-03T09:33:00,2026-07-04T00:53:00,GIRASOL,VOLCABLE_1,RICARDONE,INGRESO,MovimientosPorContrato_20260704.xlsx,NO_TRUCKFLOW_MATCH
CTG_30033362790,VJG112,2026-07-03T23:04:00,2026-07-04T00:54:00,PELLETS GIRASOL,VOLCABLE_PTO_4,TERMINAL_EMBARQUE,INGRESO,MovimientosPorContrato_20260704.xlsx,NO_TRUCKFLOW_MATCH
CTG_10133293047,MMS274,2026-07-03T11:26:00,2026-07-04T00:55:00,SOJA,VOLCABLE_PTO_2,TERMINAL_EMBARQUE,INGRESO,MovimientosPorContrato_20260704.xlsx,NO_TRUCKFLOW_MATCH
COMPROB_000404035665,AH237MC,2026-07-03T22:40:00,2026-07-04T00:57:00,FUEL-OIL,,TERMINAL_EMBARQUE,INGRESO,MovimientosPorContrato_20260704.xlsx,NO_TRUCKFLOW_MATCH
CTG_30033363137,VHL423,2026-07-03T23:58:00,2026-07-04T00:59:00,PELLETS GIRASOL,,RICARDONE,EGRESO,MovimientosPorContrato_20260704.xlsx,NO_TRUCKFLOW_MATCH
CTG_10133353427,CDK895,2026-07-03T15:48:00,2026-07-04T00:59:00,SOJA,VOLCABLE_PTO_5,TERMINAL_EMBARQUE,INGRESO,MovimientosPorContrato_20260704.xlsx,NO_TRUCKFLOW_MATCH
COMPROB_000400419243,AD887XZ,2026-07-03T21:53:00,2026-07-04T01:01:00,ACEITE GIRASOL REFINADO,ACEITE_OSL,TERMINAL_EMBARQUE,EGRESO,MovimientosPorContrato_20260704.xlsx,NO_TRUCKFLOW_MATCH
CTG_10133335422,AD994XF,2026-07-03T11:38:00,2026-07-04T01:03:00,SOJA,VOLCABLE_PTO_5,TERMINAL_EMBARQUE,INGRESO,MovimientosPorContrato_20260704.xlsx,NO_TRUCKFLOW_MATCH
CTG_10133322038,HBE216,2026-07-03T11:31:00,2026-07-04T01:07:00,SOJA,VOLCABLE_PTO_2,TERMINAL_EMBARQUE,INGRESO,MovimientosPorContrato_20260704.xlsx,NO_TRUCKFLOW_MATCH
CTG_30033363155,EIY162,2026-07-04T00:12:00,2026-07-04T01:07:00,PELLETS GIRASOL,,RICARDONE,EGRESO,MovimientosPorContrato_20260704.xlsx,NO_TRUCKFLOW_MATCH
CTG_10233335496,CMU578,2026-07-03T09:52:00,2026-07-04T01:12:00,GIRASOL,VOLCABLE_1,RICARDONE,INGRESO,MovimientosPorContrato_20260704.xlsx,NO_TRUCKFLOW_MATCH
CTG_30033362850,UER485,2026-07-03T23:13:00,2026-07-04T01:13:00,PELLETS GIRASOL,VOLCABLE_PTO_4,TERMINAL_EMBARQUE,INGRESO,MovimientosPorContrato_20260704.xlsx,NO_TRUCKFLOW_MATCH
CTG_10133353030,AH862XY,2026-07-03T15:47:00,2026-07-04T01:15:00,SOJA,VOLCABLE_PTO_2,TERMINAL_EMBARQUE,INGRESO,MovimientosPorContrato_20260704.xlsx,NO_TRUCKFLOW_MATCH
CTG_30033363161,DFP716,2026-07-04T00:17:00,2026-07-04T01:16:00,PELLETS GIRASOL,,RICARDONE,EGRESO,MovimientosPorContrato_20260704.xlsx,NO_TRUCKFLOW_MATCH
CTG_30033362854,URM438,2026-07-03T23:14:00,2026-07-04T01:16:00,PELLETS GIRASOL,VOLCABLE_PTO_4,TERMINAL_EMBARQUE,INGRESO,MovimientosPorContrato_20260704.xlsx,NO_TRUCKFLOW_MATCH
CTG_30033363189,RKS646,2026-07-04T00:28:00,2026-07-04T01:18:00,PELLETS GIRASOL,,RICARDONE,EGRESO,MovimientosPorContrato_20260704.xlsx,NO_TRUCKFLOW_MATCH
CTG_10233337446,OII937,2026-07-03T12:09:00,2026-07-04T01:19:00,SOJA,VOLCABLE_PTO_5,TERMINAL_EMBARQUE,INGRESO,MovimientosPorContrato_20260704.xlsx,NO_TRUCKFLOW_MATCH
CTG_10133322019,GJH052,2026-07-03T11:58:00,2026-07-04T01:20:00,SOJA,VOLCABLE_PTO_2,TERMINAL_EMBARQUE,INGRESO,MovimientosPorContrato_20260704.xlsx,NO_TRUCKFLOW_MATCH
CTG_30033361794,EXR046,2026-07-03T19:42:00,2026-07-04T01:21:00,ACEITE GIRASOL PARA REFINAR,ACEITE_PTO,TERMINAL_EMBARQUE,INGRESO,MovimientosPorContrato_20260704.xlsx,NO_TRUCKFLOW_MATCH
CTG_10233335239,RNZ709,2026-07-03T09:51:00,2026-07-04T01:23:00,GIRASOL,VOLCABLE_2,RICARDONE,INGRESO,MovimientosPorContrato_20260704.xlsx,NO_TRUCKFLOW_MATCH
CTG_30033362875,EYH843,2026-07-03T23:20:00,2026-07-04T01:26:00,PELLETS GIRASOL,VOLCABLE_PTO_4,TERMINAL_EMBARQUE,INGRESO,MovimientosPorContrato_20260704.xlsx,NO_TRUCKFLOW_MATCH
CTG_30033363201,TAC436,2026-07-04T00:34:00,2026-07-04T01:27:00,PELLETS GIRASOL,,RICARDONE,EGRESO,MovimientosPorContrato_20260704.xlsx,NO_TRUCKFLOW_MATCH
CTG_10233337699,DHM832,2026-07-03T11:51:00,2026-07-04T01:27:00,SOJA,VOLCABLE_PTO_2,TERMINAL_EMBARQUE,INGRESO,MovimientosPorContrato_20260704.xlsx,NO_TRUCKFLOW_MATCH
CTG_30033363203,FFM492,2026-07-04T00:42:00,2026-07-04T01:29:00,PELLETS GIRASOL,,RICARDONE,EGRESO,MovimientosPorContrato_20260704.xlsx,NO_TRUCKFLOW_MATCH
CTG_10133320234,IZY541,2026-07-03T11:51:00,2026-07-04T01:29:00,SOJA,VOLCABLE_PTO_5,TERMINAL_EMBARQUE,INGRESO,MovimientosPorContrato_20260704.xlsx,NO_TRUCKFLOW_MATCH
CTG_30033362888,LZB017,2026-07-03T23:22:00,2026-07-04T01:31:00,PELLETS GIRASOL,VOLCABLE_PTO_4,TERMINAL_EMBARQUE,INGRESO,MovimientosPorContrato_20260704.xlsx,NO_TRUCKFLOW_MATCH
CTG_10133310187,JFZ011,2026-07-03T12:19:00,2026-07-04T01:33:00,SOJA,VOLCABLE_PTO_5,TERMINAL_EMBARQUE,INGRESO,MovimientosPorContrato_20260704.xlsx,NO_TRUCKFLOW_MATCH
CTG_30033363210,UWX998,2026-07-04T00:50:00,2026-07-04T01:36:00,PELLETS GIRASOL,,RICARDONE,EGRESO,MovimientosPorContrato_20260704.xlsx,NO_TRUCKFLOW_MATCH
CTG_10133310511,EKN971,2026-07-03T12:19:00,2026-07-04T01:36:00,SOJA,VOLCABLE_PTO_2,TERMINAL_EMBARQUE,INGRESO,MovimientosPorContrato_20260704.xlsx,NO_TRUCKFLOW_MATCH
CTG_30033362973,ALV404,2026-07-03T23:53:00,2026-07-04T01:38:00,PELLETS GIRASOL,VOLCABLE_PTO_4,TERMINAL_EMBARQUE,INGRESO,MovimientosPorContrato_20260704.xlsx,NO_TRUCKFLOW_MATCH
CTG_10133325817,LHQ897,2026-07-03T10:23:00,2026-07-04T01:39:00,GIRASOL,VOLCABLE_1,RICARDONE,INGRESO,MovimientosPorContrato_20260704.xlsx,NO_TRUCKFLOW_MATCH
CTG_10133309938,JAB770,2026-07-03T12:20:00,2026-07-04T01:41:00,SOJA,VOLCABLE_PTO_2,TERMINAL_EMBARQUE,INGRESO,MovimientosPorContrato_20260704.xlsx,NO_TRUCKFLOW_MATCH
CTG_10133333885,MQT875,2026-07-03T09:29:00,2026-07-04T01:46:00,MAIZ,CELDA_171_-_CENTRO,AVELLANEDA,INGRESO,MovimientosPorContrato_20260704.xlsx,NO_TRUCKFLOW_MATCH
CTG_30033362980,SWQ863,2026-07-03T23:55:00,2026-07-04T01:46:00,PELLETS GIRASOL,VOLCABLE_PTO_4,TERMINAL_EMBARQUE,INGRESO,MovimientosPorContrato_20260704.xlsx,NO_TRUCKFLOW_MATCH
CTG_30033363218,EHS233,2026-07-04T01:02:00,2026-07-04T01:48:00,PELLETS GIRASOL,,RICARDONE,EGRESO,MovimientosPorContrato_20260704.xlsx,NO_TRUCKFLOW_MATCH
CTG_10133335637,RNG882,2026-07-03T16:09:00,2026-07-04T01:49:00,SOJA,VOLCABLE_PTO_5,TERMINAL_EMBARQUE,INGRESO,MovimientosPorContrato_20260704.xlsx,NO_TRUCKFLOW_MATCH
CTG_10133324578,PES195,2026-07-03T12:30:00,2026-07-04T01:49:00,SOJA,CELDA_16,RICARDONE,INGRESO,MovimientosPorContrato_20260704.xlsx,NO_TRUCKFLOW_MATCH
CTG_10233336454,AI318EE,2026-07-03T12:23:00,2026-07-04T01:50:00,SOJA,VOLCABLE_PTO_2,TERMINAL_EMBARQUE,INGRESO,MovimientosPorContrato_20260704.xlsx,NO_TRUCKFLOW_MATCH
CTG_30033362991,RXD557,2026-07-04T00:01:00,2026-07-04T01:54:00,PELLETS GIRASOL,VOLCABLE_PTO_4,TERMINAL_EMBARQUE,INGRESO,MovimientosPorContrato_20260704.xlsx,NO_TRUCKFLOW_MATCH
CTG_10233342398,BUT271,2026-07-03T12:28:00,2026-07-04T01:56:00,SOJA,VOLCABLE_PTO_2,TERMINAL_EMBARQUE,INGRESO,MovimientosPorContrato_20260704.xlsx,NO_TRUCKFLOW_MATCH
CTG_30033363226,VJG112,2026-07-04T01:13:00,2026-07-04T01:57:00,PELLETS GIRASOL,,RICARDONE,EGRESO,MovimientosPorContrato_20260704.xlsx,NO_TRUCKFLOW_MATCH
CTG_10233350264,AH443GC,2026-07-03T16:10:00,2026-07-04T02:01:00,SOJA,VOLCABLE_PTO_5,TERMINAL_EMBARQUE,INGRESO,MovimientosPorContrato_20260704.xlsx,NO_TRUCKFLOW_MATCH
CTG_10233335671,EAA743,2026-07-03T10:44:00,2026-07-04T02:03:00,GIRASOL,VOLCABLE_1,RICARDONE,INGRESO,MovimientosPorContrato_20260704.xlsx,NO_TRUCKFLOW_MATCH
CTG_10133329139,FWV373,2026-07-03T12:31:00,2026-07-04T02:07:00,SOJA,VOLCABLE_PTO_5,TERMINAL_EMBARQUE,INGRESO,MovimientosPorContrato_20260704.xlsx,NO_TRUCKFLOW_MATCH
CTG_30033363006,ROS380,2026-07-04T00:11:00,2026-07-04T02:08:00,PELLETS GIRASOL,VOLCABLE_PTO_4,TERMINAL_EMBARQUE,INGRESO,MovimientosPorContrato_20260704.xlsx,NO_TRUCKFLOW_MATCH
CTG_10133292722,MRR664,2026-07-03T12:36:00,2026-07-04T02:09:00,SOJA,VOLCABLE_PTO_2,TERMINAL_EMBARQUE,INGRESO,MovimientosPorContrato_20260704.xlsx,NO_TRUCKFLOW_MATCH
CTG_10133293422,LUF743,2026-07-03T12:36:00,2026-07-04T02:10:00,SOJA,VOLCABLE_PTO_2,TERMINAL_EMBARQUE,INGRESO,MovimientosPorContrato_20260704.xlsx,NO_TRUCKFLOW_MATCH
COMPROB_000400419244,LPE712,2026-07-03T22:38:00,2026-07-04T02:12:00,ACEITE GIRASOL REFINADO,ACEITE_OSL,TERMINAL_EMBARQUE,EGRESO,MovimientosPorContrato_20260704.xlsx,NO_TRUCKFLOW_MATCH
CTG_30033363240,EYH843,2026-07-04T01:42:00,2026-07-04T02:15:00,PELLETS GIRASOL,,RICARDONE,EGRESO,MovimientosPorContrato_20260704.xlsx,NO_TRUCKFLOW_MATCH
CTG_30033363011,HNE318,2026-07-04T00:25:00,2026-07-04T02:15:00,PELLETS GIRASOL,VOLCABLE_PTO_4,TERMINAL_EMBARQUE,INGRESO,MovimientosPorContrato_20260704.xlsx,NO_TRUCKFLOW_MATCH
CTG_10233340152,GKL230,2026-07-03T12:38:00,2026-07-04T02:16:00,SOJA,VOLCABLE_PTO_2,TERMINAL_EMBARQUE,INGRESO,MovimientosPorContrato_20260704.xlsx,NO_TRUCKFLOW_MATCH
CTG_10133331807,AI211ER,2026-07-03T10:23:00,2026-07-04T02:17:00,GIRASOL,VOLCABLE_2,RICARDONE,INGRESO,MovimientosPorContrato_20260704.xlsx,NO_TRUCKFLOW_MATCH
CTG_30033363035,UKL882,2026-07-04T00:29:00,2026-07-04T02:17:00,PELLETS GIRASOL,VOLCABLE_PTO_4,TERMINAL_EMBARQUE,INGRESO,MovimientosPorContrato_20260704.xlsx,NO_TRUCKFLOW_MATCH
CTG_30033363242,LZB017,2026-07-04T01:45:00,2026-07-04T02:18:00,PELLETS GIRASOL,,RICARDONE,EGRESO,MovimientosPorContrato_20260704.xlsx,NO_TRUCKFLOW_MATCH
CTG_10233329488,IGE400,2026-07-03T12:17:00,2026-07-04T02:19:00,SOJA,VOLCABLE_PTO_5,TERMINAL_EMBARQUE,INGRESO,MovimientosPorContrato_20260704.xlsx,NO_TRUCKFLOW_MATCH
CTG_10133333886,AG698ZC,2026-07-03T09:31:00,2026-07-04T02:21:00,MAIZ,CELDA_171_-_CENTRO,AVELLANEDA,INGRESO,MovimientosPorContrato_20260704.xlsx,NO_TRUCKFLOW_MATCH
CTG_10233338369,NZO130,2026-07-03T12:44:00,2026-07-04T02:28:00,SOJA,VOLCABLE_PTO_2,TERMINAL_EMBARQUE,INGRESO,MovimientosPorContrato_20260704.xlsx,NO_TRUCKFLOW_MATCH
CTG_30033363065,BVS300,2026-07-04T00:32:00,2026-07-04T02:29:00,PELLETS GIRASOL,VOLCABLE_PTO_4,TERMINAL_EMBARQUE,INGRESO,MovimientosPorContrato_20260704.xlsx,NO_TRUCKFLOW_MATCH
CTG_10233337138,AF681NU,2026-07-03T12:54:00,2026-07-04T02:31:00,SOJA,VOLCABLE_PTO_2,TERMINAL_EMBARQUE,INGRESO,MovimientosPorContrato_20260704.xlsx,NO_TRUCKFLOW_MATCH
CTG_30033363250,UER485,2026-07-04T01:35:00,2026-07-04T02:32:00,PELLETS GIRASOL,,RICARDONE,EGRESO,MovimientosPorContrato_20260704.xlsx,NO_TRUCKFLOW_MATCH
CTG_30033363071,EVL273,2026-07-04T00:35:00,2026-07-04T02:32:00,PELLETS GIRASOL,VOLCABLE_PTO_4,TERMINAL_EMBARQUE,INGRESO,MovimientosPorContrato_20260704.xlsx,NO_TRUCKFLOW_MATCH
CTG_30033363251,URM438,2026-07-04T01:35:00,2026-07-04T02:33:00,PELLETS GIRASOL,,RICARDONE,EGRESO,MovimientosPorContrato_20260704.xlsx,NO_TRUCKFLOW_MATCH
CTG_10233341492,ELH389,2026-07-03T13:01:00,2026-07-04T02:33:00,SOJA,VOLCABLE_PTO_5,TERMINAL_EMBARQUE,INGRESO,MovimientosPorContrato_20260704.xlsx,NO_TRUCKFLOW_MATCH
CTG_10233335726,RKU685,2026-07-03T10:46:00,2026-07-04T02:34:00,GIRASOL,VOLCABLE_1,RICARDONE,INGRESO,MovimientosPorContrato_20260704.xlsx,NO_TRUCKFLOW_MATCH
CTG_10133316947,GQK093,2026-07-03T12:45:00,2026-07-04T02:35:00,SOJA,VOLCABLE_PTO_5,TERMINAL_EMBARQUE,INGRESO,MovimientosPorContrato_20260704.xlsx,NO_TRUCKFLOW_MATCH
CTG_10133312885,LDZ931,2026-07-03T13:31:00,2026-07-04T02:39:00,SOJA,VOLCABLE_PTO_2,TERMINAL_EMBARQUE,INGRESO,MovimientosPorContrato_20260704.xlsx,NO_TRUCKFLOW_MATCH
CTG_10233338071,RKE467,2026-07-03T09:46:00,2026-07-04T02:43:00,MAIZ,CELDA_171_-_CENTRO,AVELLANEDA,INGRESO,MovimientosPorContrato_20260704.xlsx,NO_TRUCKFLOW_MATCH
CTG_30033363253,ALV404,2026-07-04T01:52:00,2026-07-04T02:43:00,PELLETS GIRASOL,,RICARDONE,EGRESO,MovimientosPorContrato_20260704.xlsx,NO_TRUCKFLOW_MATCH
CTG_30033363255,SWQ863,2026-07-04T02:00:00,2026-07-04T02:44:00,PELLETS GIRASOL,,RICARDONE,EGRESO,MovimientosPorContrato_20260704.xlsx,NO_TRUCKFLOW_MATCH
CTG_30033363098,TAO150,2026-07-04T01:00:00,2026-07-04T02:47:00,PELLETS GIRASOL,VOLCABLE_PTO_4,TERMINAL_EMBARQUE,INGRESO,MovimientosPorContrato_20260704.xlsx,NO_TRUCKFLOW_MATCH
CTG_10133327938,ENC940,2026-07-03T12:30:00,2026-07-04T02:49:00,SOJA,VOLCABLE_PTO_2,TERMINAL_EMBARQUE,INGRESO,MovimientosPorContrato_20260704.xlsx,NO_TRUCKFLOW_MATCH
CTG_10133312984,KYO443,2026-07-03T13:30:00,2026-07-04T02:50:00,SOJA,VOLCABLE_PTO_5,TERMINAL_EMBARQUE,INGRESO,MovimientosPorContrato_20260704.xlsx,NO_TRUCKFLOW_MATCH
CTG_30033363103,RYJ562,2026-07-04T01:01:00,2026-07-04T02:52:00,PELLETS GIRASOL,VOLCABLE_PTO_4,TERMINAL_EMBARQUE,INGRESO,MovimientosPorContrato_20260704.xlsx,NO_TRUCKFLOW_MATCH
CTG_10133313709,AA040JR,2026-07-03T13:33:00,2026-07-04T02:56:00,SOJA,VOLCABLE_PTO_2,TERMINAL_EMBARQUE,INGRESO,MovimientosPorContrato_20260704.xlsx,NO_TRUCKFLOW_MATCH
CTG_10133313150,VLO775,2026-07-03T13:32:00,2026-07-04T02:58:00,SOJA,VOLCABLE_PTO_5,TERMINAL_EMBARQUE,INGRESO,MovimientosPorContrato_20260704.xlsx,NO_TRUCKFLOW_MATCH
CTG_10133338053,AE311GB,2026-07-03T12:21:00,2026-07-04T02:59:00,SOJA,VOLCABLE_PTO_2,TERMINAL_EMBARQUE,INGRESO,MovimientosPorContrato_20260704.xlsx,NO_TRUCKFLOW_MATCH
CTG_30033363109,WGV770,2026-07-04T01:05:00,2026-07-04T03:01:00,PELLETS GIRASOL,VOLCABLE_PTO_4,TERMINAL_EMBARQUE,INGRESO,MovimientosPorContrato_20260704.xlsx,NO_TRUCKFLOW_MATCH
CTG_10233342491,AB125FV,2026-07-03T12:33:00,2026-07-04T03:03:00,SOJA,VOLCABLE_PTO_5,TERMINAL_EMBARQUE,INGRESO,MovimientosPorContrato_20260704.xlsx,NO_TRUCKFLOW_MATCH
CTG_10233342581,AH319KT,2026-07-03T12:34:00,2026-07-04T03:06:00,SOJA,VOLCABLE_PTO_2,TERMINAL_EMBARQUE,INGRESO,MovimientosPorContrato_20260704.xlsx,NO_TRUCKFLOW_MATCH
CTG_10233336976,AE302ZZ,2026-07-03T13:22:00,2026-07-04T03:09:00,SOJA,VOLCABLE_PTO_2,TERMINAL_EMBARQUE,INGRESO,MovimientosPorContrato_20260704.xlsx,NO_TRUCKFLOW_MATCH
CTG_30033363137,VHL423,2026-07-04T01:17:00,2026-07-04T03:11:00,PELLETS GIRASOL,VOLCABLE_PTO_4,TERMINAL_EMBARQUE,INGRESO,MovimientosPorContrato_20260704.xlsx,NO_TRUCKFLOW_MATCH
CTG_10133314642,EET162,2026-07-03T13:34:00,2026-07-04T03:17:00,SOJA,VOLCABLE_PTO_2,TERMINAL_EMBARQUE,INGRESO,MovimientosPorContrato_20260704.xlsx,NO_TRUCKFLOW_MATCH
CTG_10233336346,TSX149,2026-07-03T11:13:00,2026-07-04T03:17:00,GIRASOL,VOLCABLE_1,RICARDONE,INGRESO,MovimientosPorContrato_20260704.xlsx,NO_TRUCKFLOW_MATCH
CTG_10233324546,MPA352,2026-07-03T10:59:00,2026-07-04T03:20:00,GIRASOL,VOLCABLE_2,RICARDONE,INGRESO,MovimientosPorContrato_20260704.xlsx,NO_TRUCKFLOW_MATCH
CTG_30033363273,AYB759,2026-07-03T17:22:00,2026-07-04T03:21:00,PELLETS GIRASOL,,RICARDONE,EGRESO,MovimientosPorContrato_20260704.xlsx,NO_TRUCKFLOW_MATCH
CTG_10233342279,FPR112,2026-07-03T13:06:00,2026-07-04T03:21:00,SOJA,VOLCABLE_PTO_5,TERMINAL_EMBARQUE,INGRESO,MovimientosPorContrato_20260704.xlsx,NO_TRUCKFLOW_MATCH
CTG_30033363155,EIY162,2026-07-04T01:23:00,2026-07-04T03:22:00,PELLETS GIRASOL,VOLCABLE_PTO_4,TERMINAL_EMBARQUE,INGRESO,MovimientosPorContrato_20260704.xlsx,NO_TRUCKFLOW_MATCH
CTG_10233331616,JOR254,2026-07-03T09:59:00,2026-07-04T03:23:00,MAIZ,CELDA_171_-_CENTRO,AVELLANEDA,INGRESO,MovimientosPorContrato_20260704.xlsx,NO_TRUCKFLOW_MATCH
CTG_10133338040,AB253RV,2026-07-03T13:50:00,2026-07-04T03:24:00,SOJA,VOLCABLE_PTO_2,TERMINAL_EMBARQUE,INGRESO,MovimientosPorContrato_20260704.xlsx,NO_TRUCKFLOW_MATCH
CTG_10233337236,AIR437,2026-07-03T12:16:00,2026-07-04T03:28:00,SOJA,VOLCABLE_PTO_2,TERMINAL_EMBARQUE,INGRESO,MovimientosPorContrato_20260704.xlsx,NO_TRUCKFLOW_MATCH
CTG_30033363278,ROS380,2026-07-04T02:47:00,2026-07-04T03:31:00,PELLETS GIRASOL,,RICARDONE,EGRESO,MovimientosPorContrato_20260704.xlsx,NO_TRUCKFLOW_MATCH
CTG_30033363189,RKS646,2026-07-04T01:31:00,2026-07-04T03:33:00,PELLETS GIRASOL,VOLCABLE_PTO_4,TERMINAL_EMBARQUE,INGRESO,MovimientosPorContrato_20260704.xlsx,NO_TRUCKFLOW_MATCH
CTG_10133326760,AB783DU,2026-07-03T19:05:00,2026-07-04T03:34:00,SOJA,VOLCABLE_PTO_5,TERMINAL_EMBARQUE,INGRESO,MovimientosPorContrato_20260704.xlsx,NO_TRUCKFLOW_MATCH
CTG_10233327799,AE828DN,2026-07-03T14:06:00,2026-07-04T03:36:00,SOJA,VOLCABLE_PTO_2,TERMINAL_EMBARQUE,INGRESO,MovimientosPorContrato_20260704.xlsx,NO_TRUCKFLOW_MATCH
CTG_30033363281,HNE318,2026-07-04T02:49:00,2026-07-04T03:37:00,PELLETS GIRASOL,,RICARDONE,EGRESO,MovimientosPorContrato_20260704.xlsx,NO_TRUCKFLOW_MATCH
CTG_10233342915,LWU153,2026-07-03T14:13:00,2026-07-04T03:40:00,SOJA,VOLCABLE_PTO_2,TERMINAL_EMBARQUE,INGRESO,MovimientosPorContrato_20260704.xlsx,NO_TRUCKFLOW_MATCH
CTG_10233344006,EUK896,2026-07-03T13:22:00,2026-07-04T03:43:00,SOJA,VOLCABLE_PTO_5,TERMINAL_EMBARQUE,INGRESO,MovimientosPorContrato_20260704.xlsx,NO_TRUCKFLOW_MATCH
CTG_30033363284,UKL882,2026-07-04T02:50:00,2026-07-04T03:44:00,PELLETS GIRASOL,,RICARDONE,EGRESO,MovimientosPorContrato_20260704.xlsx,NO_TRUCKFLOW_MATCH
CTG_30033363161,DFP716,2026-07-04T01:37:00,2026-07-04T03:46:00,PELLETS GIRASOL,VOLCABLE_PTO_4,TERMINAL_EMBARQUE,INGRESO,MovimientosPorContrato_20260704.xlsx,NO_TRUCKFLOW_MATCH
CTG_30033363288,BVS300,2026-07-04T02:55:00,2026-07-04T03:50:00,PELLETS GIRASOL,,RICARDONE,EGRESO,MovimientosPorContrato_20260704.xlsx,NO_TRUCKFLOW_MATCH
CTG_10233344897,AMW412,2026-07-03T14:12:00,2026-07-04T03:51:00,SOJA,VOLCABLE_PTO_5,TERMINAL_EMBARQUE,INGRESO,MovimientosPorContrato_20260704.xlsx,NO_TRUCKFLOW_MATCH
CTG_10233342320,ACI814,2026-07-03T13:23:00,2026-07-04T03:52:00,SOJA,VOLCABLE_PTO_2,TERMINAL_EMBARQUE,INGRESO,MovimientosPorContrato_20260704.xlsx,NO_TRUCKFLOW_MATCH
CTG_10233330654,CJX033,2026-07-03T13:42:00,2026-07-04T03:57:00,SOJA,VOLCABLE_PTO_2,TERMINAL_EMBARQUE,INGRESO,MovimientosPorContrato_20260704.xlsx,NO_TRUCKFLOW_MATCH
CTG_30033363201,TAC436,2026-07-04T01:47:00,2026-07-04T04:00:00,PELLETS GIRASOL,VOLCABLE_PTO_4,TERMINAL_EMBARQUE,INGRESO,MovimientosPorContrato_20260704.xlsx,NO_TRUCKFLOW_MATCH
CTG_30033363293,EVL273,2026-07-04T02:59:00,2026-07-04T04:00:00,PELLETS GIRASOL,,RICARDONE,EGRESO,MovimientosPorContrato_20260704.xlsx,NO_TRUCKFLOW_MATCH
CTG_10133330309,JDD673,2026-07-03T13:55:00,2026-07-04T04:01:00,SOJA,VOLCABLE_PTO_5,TERMINAL_EMBARQUE,INGRESO,MovimientosPorContrato_20260704.xlsx,NO_TRUCKFLOW_MATCH
CTG_30033363203,FFM492,2026-07-04T01:49:00,2026-07-04T04:03:00,PELLETS GIRASOL,VOLCABLE_PTO_4,TERMINAL_EMBARQUE,INGRESO,MovimientosPorContrato_20260704.xlsx,NO_TRUCKFLOW_MATCH
CTG_10133326602,AA771TE,2026-07-03T14:07:00,2026-07-04T04:07:00,SOJA,VOLCABLE_PTO_2,TERMINAL_EMBARQUE,INGRESO,MovimientosPorContrato_20260704.xlsx,NO_TRUCKFLOW_MATCH
CTG_10233336469,BBU070,2026-07-03T11:15:00,2026-07-04T04:13:00,GIRASOL,VOLCABLE_1,RICARDONE,INGRESO,MovimientosPorContrato_20260704.xlsx,NO_TRUCKFLOW_MATCH
CTG_10233337921,AG138WP,2026-07-03T13:56:00,2026-07-04T04:13:00,SOJA,VOLCABLE_PTO_2,TERMINAL_EMBARQUE,INGRESO,MovimientosPorContrato_20260704.xlsx,NO_TRUCKFLOW_MATCH
CTG_30033363210,UWX998,2026-07-04T01:52:00,2026-07-04T04:17:00,PELLETS GIRASOL,VOLCABLE_PTO_4,TERMINAL_EMBARQUE,INGRESO,MovimientosPorContrato_20260704.xlsx,NO_TRUCKFLOW_MATCH
CTG_30033363298,XMZ495,2026-07-04T03:00:00,2026-07-04T04:17:00,PELLETS GIRASOL,,RICARDONE,EGRESO,MovimientosPorContrato_20260704.xlsx,NO_TRUCKFLOW_MATCH
CTG_10133344690,NKU970,2026-07-03T14:31:00,2026-07-04T04:18:00,SOJA,VOLCABLE_PTO_2,TERMINAL_EMBARQUE,INGRESO,MovimientosPorContrato_20260704.xlsx,NO_TRUCKFLOW_MATCH
CTG_10233336423,UXG866,2026-07-03T11:14:00,2026-07-04T04:22:00,GIRASOL,VOLCABLE_2,RICARDONE,INGRESO,MovimientosPorContrato_20260704.xlsx,NO_TRUCKFLOW_MATCH
CTG_30033363302,WGV770,2026-07-04T03:19:00,2026-07-04T04:23:00,PELLETS GIRASOL,,RICARDONE,EGRESO,MovimientosPorContrato_20260704.xlsx,NO_TRUCKFLOW_MATCH
CTG_10133324163,CMM621,2026-07-03T14:16:00,2026-07-04T04:24:00,SOJA,VOLCABLE_PTO_5,TERMINAL_EMBARQUE,INGRESO,MovimientosPorContrato_20260704.xlsx,NO_TRUCKFLOW_MATCH
CTG_30033363218,EHS233,2026-07-04T02:08:00,2026-07-04T04:26:00,PELLETS GIRASOL,VOLCABLE_PTO_4,TERMINAL_EMBARQUE,INGRESO,MovimientosPorContrato_20260704.xlsx,NO_TRUCKFLOW_MATCH
CTG_10133321472,MNJ704,2026-07-03T10:03:00,2026-07-04T04:26:00,MAIZ,CELDA_171_-_CENTRO,AVELLANEDA,INGRESO,MovimientosPorContrato_20260704.xlsx,NO_TRUCKFLOW_MATCH
CTG_10133323017,AA816MQ,2026-07-03T14:15:00,2026-07-04T04:31:00,SOJA,VOLCABLE_PTO_5,TERMINAL_EMBARQUE,INGRESO,MovimientosPorContrato_20260704.xlsx,NO_TRUCKFLOW_MATCH
CTG_30033363306,TAO150,2026-07-04T03:05:00,2026-07-04T04:34:00,PELLETS GIRASOL,,RICARDONE,EGRESO,MovimientosPorContrato_20260704.xlsx,NO_TRUCKFLOW_MATCH
CTG_30033363226,VJG112,2026-07-04T02:17:00,2026-07-04T04:35:00,PELLETS GIRASOL,VOLCABLE_PTO_4,TERMINAL_EMBARQUE,INGRESO,MovimientosPorContrato_20260704.xlsx,NO_TRUCKFLOW_MATCH
CTG_30033363307,RYJ562,2026-07-04T03:06:00,2026-07-04T04:38:00,PELLETS GIRASOL,,RICARDONE,EGRESO,MovimientosPorContrato_20260704.xlsx,NO_TRUCKFLOW_MATCH
CTG_10133313341,HSI941,2026-07-03T14:16:00,2026-07-04T04:41:00,SOJA,VOLCABLE_PTO_2,TERMINAL_EMBARQUE,INGRESO,MovimientosPorContrato_20260704.xlsx,NO_TRUCKFLOW_MATCH
CTG_30033363240,EYH843,2026-07-04T02:32:00,2026-07-04T04:45:00,PELLETS GIRASOL,VOLCABLE_PTO_4,TERMINAL_EMBARQUE,INGRESO,MovimientosPorContrato_20260704.xlsx,NO_TRUCKFLOW_MATCH
CTG_10233336531,TUQ539,2026-07-03T11:15:00,2026-07-04T04:46:00,GIRASOL,VOLCABLE_1,RICARDONE,INGRESO,MovimientosPorContrato_20260704.xlsx,NO_TRUCKFLOW_MATCH
CTG_10133321902,SRJ750,2026-07-03T14:50:00,2026-07-04T04:47:00,SOJA,VOLCABLE_PTO_5,TERMINAL_EMBARQUE,INGRESO,MovimientosPorContrato_20260704.xlsx,NO_TRUCKFLOW_MATCH
CTG_30033363309,VHL423,2026-07-04T03:29:00,2026-07-04T04:47:00,PELLETS GIRASOL,,RICARDONE,EGRESO,MovimientosPorContrato_20260704.xlsx,NO_TRUCKFLOW_MATCH
CTG_10133307531,SKS409,2026-07-03T14:22:00,2026-07-04T04:52:00,SOJA,VOLCABLE_PTO_5,TERMINAL_EMBARQUE,INGRESO,MovimientosPorContrato_20260704.xlsx,NO_TRUCKFLOW_MATCH
CTG_30033363242,LZB017,2026-07-04T02:35:00,2026-07-04T04:54:00,PELLETS GIRASOL,VOLCABLE_PTO_4,TERMINAL_EMBARQUE,INGRESO,MovimientosPorContrato_20260704.xlsx,NO_TRUCKFLOW_MATCH
CTG_10233332275,AH471MS,2026-07-03T10:44:00,2026-07-04T04:54:00,MAIZ,CELDA_171_-_CENTRO,AVELLANEDA,INGRESO,MovimientosPorContrato_20260704.xlsx,NO_TRUCKFLOW_MATCH
CTG_10133321440,AD990EZ,2026-07-03T14:19:00,2026-07-04T04:56:00,SOJA,VOLCABLE_PTO_5,TERMINAL_EMBARQUE,INGRESO,MovimientosPorContrato_20260704.xlsx,NO_TRUCKFLOW_MATCH
CTG_30033363316,EIY162,2026-07-04T03:40:00,2026-07-04T04:58:00,PELLETS GIRASOL,,RICARDONE,EGRESO,MovimientosPorContrato_20260704.xlsx,NO_TRUCKFLOW_MATCH
CTG_30033363323,RKS646,2026-07-04T03:46:00,2026-07-04T05:02:00,PELLETS GIRASOL,,RICARDONE,EGRESO,MovimientosPorContrato_20260704.xlsx,NO_TRUCKFLOW_MATCH
CTG_10133332533,AA719GV,2026-07-03T14:25:00,2026-07-04T05:04:00,SOJA,VOLCABLE_PTO_2,TERMINAL_EMBARQUE,INGRESO,MovimientosPorContrato_20260704.xlsx,NO_TRUCKFLOW_MATCH
CTG_30033363325,DFP716,2026-07-04T04:02:00,2026-07-04T05:05:00,PELLETS GIRASOL,,RICARDONE,EGRESO,MovimientosPorContrato_20260704.xlsx,NO_TRUCKFLOW_MATCH
CTG_10133338184,GSF905,2026-07-03T14:55:00,2026-07-04T05:07:00,SOJA,VOLCABLE_PTO_5,TERMINAL_EMBARQUE,INGRESO,MovimientosPorContrato_20260704.xlsx,NO_TRUCKFLOW_MATCH
CTG_30033363250,UER485,2026-07-04T02:48:00,2026-07-04T05:10:00,PELLETS GIRASOL,VOLCABLE_PTO_4,TERMINAL_EMBARQUE,INGRESO,MovimientosPorContrato_20260704.xlsx,NO_TRUCKFLOW_MATCH
CTG_10133313082,HBW590,2026-07-03T14:14:00,2026-07-04T05:12:00,SOJA,VOLCABLE_PTO_2,TERMINAL_EMBARQUE,INGRESO,MovimientosPorContrato_20260704.xlsx,NO_TRUCKFLOW_MATCH
CTG_10233307957,FMZ930,2026-07-03T14:51:00,2026-07-04T05:13:00,SOJA,VOLCABLE_PTO_5,TERMINAL_EMBARQUE,INGRESO,MovimientosPorContrato_20260704.xlsx,NO_TRUCKFLOW_MATCH
CTG_30033363337,TAC436,2026-07-04T04:15:00,2026-07-04T05:15:00,PELLETS GIRASOL,,RICARDONE,EGRESO,MovimientosPorContrato_20260704.xlsx,NO_TRUCKFLOW_MATCH
CTG_30033363251,URM438,2026-07-04T02:51:00,2026-07-04T05:16:00,PELLETS GIRASOL,VOLCABLE_PTO_4,TERMINAL_EMBARQUE,INGRESO,MovimientosPorContrato_20260704.xlsx,NO_TRUCKFLOW_MATCH
CTG_10233336897,MWG720,2026-07-03T11:21:00,2026-07-04T05:18:00,GIRASOL,VOLCABLE_2,RICARDONE,INGRESO,MovimientosPorContrato_20260704.xlsx,NO_TRUCKFLOW_MATCH
CTG_10233340714,EXR658,2026-07-03T15:00:00,2026-07-04T05:20:00,SOJA,VOLCABLE_PTO_5,TERMINAL_EMBARQUE,INGRESO,MovimientosPorContrato_20260704.xlsx,NO_TRUCKFLOW_MATCH
CTG_30033363348,UWX998,2026-07-04T04:31:00,2026-07-04T05:21:00,PELLETS GIRASOL,,RICARDONE,EGRESO,MovimientosPorContrato_20260704.xlsx,NO_TRUCKFLOW_MATCH
CTG_30033363253,ALV404,2026-07-04T03:02:00,2026-07-04T05:22:00,PELLETS GIRASOL,VOLCABLE_PTO_4,TERMINAL_EMBARQUE,INGRESO,MovimientosPorContrato_20260704.xlsx,NO_TRUCKFLOW_MATCH
COMPROB_000200431083,DLH140,2026-07-04T01:47:00,2026-07-04T05:24:00,CHIP EN ORIGEN,PLAYA_LEÑA_Y_CHIP,AVELLANEDA,INGRESO,MovimientosPorContrato_20260704.xlsx,NO_TRUCKFLOW_MATCH
CTG_10133338686,STR321,2026-07-03T14:35:00,2026-07-04T05:26:00,SOJA,VOLCABLE_PTO_2,TERMINAL_EMBARQUE,INGRESO,MovimientosPorContrato_20260704.xlsx,NO_TRUCKFLOW_MATCH
CTG_10133314921,MNT006,2026-07-03T11:44:00,2026-07-04T05:26:00,MAIZ,CELDA_171_-_CENTRO,AVELLANEDA,INGRESO,MovimientosPorContrato_20260704.xlsx,NO_TRUCKFLOW_MATCH
CTG_10133337175,NUS591,2026-07-03T14:59:00,2026-07-04T05:27:00,SOJA,VOLCABLE_PTO_2,TERMINAL_EMBARQUE,INGRESO,MovimientosPorContrato_20260704.xlsx,NO_TRUCKFLOW_MATCH
CTG_30033363355,EHS233,2026-07-04T04:47:00,2026-07-04T05:29:00,PELLETS GIRASOL,,RICARDONE,EGRESO,MovimientosPorContrato_20260704.xlsx,NO_TRUCKFLOW_MATCH
CTG_10133327416,AH166GK,2026-07-03T14:49:00,2026-07-04T05:34:00,SOJA,VOLCABLE_PTO_5,TERMINAL_EMBARQUE,INGRESO,MovimientosPorContrato_20260704.xlsx,NO_TRUCKFLOW_MATCH
CTG_30033363357,RDL445,2026-07-04T04:55:00,2026-07-04T05:35:00,PELLETS GIRASOL,,RICARDONE,EGRESO,MovimientosPorContrato_20260704.xlsx,NO_TRUCKFLOW_MATCH
CTG_30033363255,SWQ863,2026-07-04T03:05:00,2026-07-04T05:36:00,PELLETS GIRASOL,VOLCABLE_PTO_4,TERMINAL_EMBARQUE,INGRESO,MovimientosPorContrato_20260704.xlsx,NO_TRUCKFLOW_MATCH
CTG_30033363363,LZB017,2026-07-04T05:08:00,2026-07-04T05:43:00,PELLETS GIRASOL,,RICARDONE,EGRESO,MovimientosPorContrato_20260704.xlsx,NO_TRUCKFLOW_MATCH
CTG_30033363366,VJG112,2026-07-04T04:54:00,2026-07-04T05:45:00,PELLETS GIRASOL,,RICARDONE,EGRESO,MovimientosPorContrato_20260704.xlsx,NO_TRUCKFLOW_MATCH
CTG_30033363273,AYB759,2026-07-04T03:36:00,2026-07-04T05:47:00,PELLETS GIRASOL,VOLCABLE_PTO_4,TERMINAL_EMBARQUE,INGRESO,MovimientosPorContrato_20260704.xlsx,NO_TRUCKFLOW_MATCH
CTG_10233336958,MBT452,2026-07-03T11:21:00,2026-07-04T05:49:00,GIRASOL,VOLCABLE_1,RICARDONE,INGRESO,MovimientosPorContrato_20260704.xlsx,NO_TRUCKFLOW_MATCH
COMPROB_000200319736,AH285AF,2026-07-04T04:28:00,2026-07-04T05:50:00,ALCOHOL ETILICO ANHIDRO P/ BIOCOMB ORIG CEREAL,T1002,AVELLANEDA,EGRESO,MovimientosPorContrato_20260704.xlsx,NO_TRUCKFLOW_MATCH
CTG_10233337150,EUA168,2026-07-03T15:10:00,2026-07-04T05:51:00,SOJA,VOLCABLE_PTO_5,TERMINAL_EMBARQUE,INGRESO,MovimientosPorContrato_20260704.xlsx,NO_TRUCKFLOW_MATCH
CTG_10133300457,OTN619,2026-07-03T10:53:00,2026-07-04T05:55:00,MAIZ,CELDA_171_-_CENTRO,AVELLANEDA,INGRESO,MovimientosPorContrato_20260704.xlsx,NO_TRUCKFLOW_MATCH
CTG_10133339101,BDK280,2026-07-03T15:12:00,2026-07-04T05:57:00,SOJA,VOLCABLE_PTO_5,TERMINAL_EMBARQUE,INGRESO,MovimientosPorContrato_20260704.xlsx,NO_TRUCKFLOW_MATCH
CTG_30033363278,ROS380,2026-07-04T03:45:00,2026-07-04T05:58:00,PELLETS GIRASOL,VOLCABLE_PTO_4,TERMINAL_EMBARQUE,INGRESO,MovimientosPorContrato_20260704.xlsx,NO_TRUCKFLOW_MATCH
CTG_10133305007,AD665FI,2026-07-03T14:52:00,2026-07-04T06:03:00,SOJA,VOLCABLE_PTO_2,TERMINAL_EMBARQUE,INGRESO,MovimientosPorContrato_20260704.xlsx,NO_TRUCKFLOW_MATCH
CTG_30033363281,HNE318,2026-07-04T03:52:00,2026-07-04T06:04:00,PELLETS GIRASOL,VOLCABLE_PTO_4,TERMINAL_EMBARQUE,INGRESO,MovimientosPorContrato_20260704.xlsx,NO_TRUCKFLOW_MATCH
CTG_10133317184,AC358WX,2026-07-03T15:45:00,2026-07-04T06:06:00,SOJA,VOLCABLE_PTO_5,TERMINAL_EMBARQUE,INGRESO,MovimientosPorContrato_20260704.xlsx,NO_TRUCKFLOW_MATCH
CTG_10233336999,AD707QT,2026-07-03T11:22:00,2026-07-04T06:07:00,GIRASOL,VOLCABLE_2,RICARDONE,INGRESO,MovimientosPorContrato_20260704.xlsx,NO_TRUCKFLOW_MATCH
CTG_30033363284,UKL882,2026-07-04T03:59:00,2026-07-04T06:08:00,PELLETS GIRASOL,VOLCABLE_PTO_4,TERMINAL_EMBARQUE,INGRESO,MovimientosPorContrato_20260704.xlsx,NO_TRUCKFLOW_MATCH
CTG_10233341668,AB695JY,2026-07-03T15:33:00,2026-07-04T06:09:00,SOJA,VOLCABLE_PTO_2,TERMINAL_EMBARQUE,INGRESO,MovimientosPorContrato_20260704.xlsx,NO_TRUCKFLOW_MATCH
CTG_30033363406,UUO981,2026-07-04T05:39:00,2026-07-04T06:13:00,PELLETS GIRASOL,,RICARDONE,EGRESO,MovimientosPorContrato_20260704.xlsx,NO_TRUCKFLOW_MATCH
CTG_30033363288,BVS300,2026-07-04T04:05:00,2026-07-04T06:17:00,PELLETS GIRASOL,VOLCABLE_PTO_4,TERMINAL_EMBARQUE,INGRESO,MovimientosPorContrato_20260704.xlsx,NO_TRUCKFLOW_MATCH
CTG_10133324870,KHP049,2026-07-03T11:46:00,2026-07-04T06:19:00,MAIZ,CELDA_171_-_CENTRO,AVELLANEDA,INGRESO,MovimientosPorContrato_20260704.xlsx,NO_TRUCKFLOW_MATCH
CTG_30033363293,EVL273,2026-07-04T04:13:00,2026-07-04T06:21:00,PELLETS GIRASOL,VOLCABLE_PTO_4,TERMINAL_EMBARQUE,INGRESO,MovimientosPorContrato_20260704.xlsx,NO_TRUCKFLOW_MATCH
CTG_10133305315,LPX128,2026-07-03T14:30:00,2026-07-04T06:24:00,SOJA,VOLCABLE_PTO_2,TERMINAL_EMBARQUE,INGRESO,MovimientosPorContrato_20260704.xlsx,NO_TRUCKFLOW_MATCH
CTG_30033363425,EYH843,2026-07-04T05:07:00,2026-07-04T06:25:00,PELLETS GIRASOL,,RICARDONE,EGRESO,MovimientosPorContrato_20260704.xlsx,NO_TRUCKFLOW_MATCH
CTG_10133331505,AH261QK,2026-07-03T15:18:00,2026-07-04T06:29:00,SOJA,VOLCABLE_PTO_2,TERMINAL_EMBARQUE,INGRESO,MovimientosPorContrato_20260704.xlsx,NO_TRUCKFLOW_MATCH
CTG_10133318924,HQE938,2026-07-03T11:23:00,2026-07-04T06:33:00,GIRASOL,VOLCABLE_1,RICARDONE,INGRESO,MovimientosPorContrato_20260704.xlsx,NO_TRUCKFLOW_MATCH
CTG_30033363298,XMZ495,2026-07-04T04:33:00,2026-07-04T06:36:00,PELLETS GIRASOL,VOLCABLE_PTO_4,TERMINAL_EMBARQUE,INGRESO,MovimientosPorContrato_20260704.xlsx,NO_TRUCKFLOW_MATCH
CTG_10133315851,LGI128,2026-07-03T15:37:00,2026-07-04T06:37:00,SOJA,VOLCABLE_PTO_2,TERMINAL_EMBARQUE,INGRESO,MovimientosPorContrato_20260704.xlsx,NO_TRUCKFLOW_MATCH
CTG_10233342909,EPY466,2026-07-03T16:02:00,2026-07-04T06:39:00,SOJA,VOLCABLE_PTO_2,TERMINAL_EMBARQUE,INGRESO,MovimientosPorContrato_20260704.xlsx,NO_TRUCKFLOW_MATCH
CTG_30033363302,WGV770,2026-07-04T04:41:00,2026-07-04T06:41:00,PELLETS GIRASOL,VOLCABLE_PTO_4,TERMINAL_EMBARQUE,INGRESO,MovimientosPorContrato_20260704.xlsx,NO_TRUCKFLOW_MATCH
CTG_10133310283,MKF300,2026-07-03T11:58:00,2026-07-04T06:47:00,MAIZ,CELDA_171_-_CENTRO,AVELLANEDA,INGRESO,MovimientosPorContrato_20260704.xlsx,NO_TRUCKFLOW_MATCH
COMPROB_000400419267,TTTTTT,2026-07-04T07:15:00,2026-07-04T07:15:00,FUEL-OIL,,TERMINAL_EMBARQUE,EGRESO,MovimientosPorContrato_20260704.xlsx,NO_TRUCKFLOW_MATCH
CTG_10233325549,FXF443,2026-07-03T11:27:00,2026-07-04T07:29:00,GIRASOL,VOLCABLE_2,RICARDONE,INGRESO,MovimientosPorContrato_20260704.xlsx,NO_TRUCKFLOW_MATCH
CTG_10133340922,PEJ478,2026-07-03T15:52:00,2026-07-04T07:31:00,SOJA,VOLCABLE_PTO_2,TERMINAL_EMBARQUE,INGRESO,MovimientosPorContrato_20260704.xlsx,NO_TRUCKFLOW_MATCH
CTG_30033363306,TAO150,2026-07-04T04:53:00,2026-07-04T07:37:00,PELLETS GIRASOL,VOLCABLE_PTO_4,TERMINAL_EMBARQUE,INGRESO,MovimientosPorContrato_20260704.xlsx,NO_TRUCKFLOW_MATCH
CTG_10133322779,AG805FY,2026-07-03T15:46:00,2026-07-04T07:39:00,SOJA,VOLCABLE_PTO_5,TERMINAL_EMBARQUE,INGRESO,MovimientosPorContrato_20260704.xlsx,NO_TRUCKFLOW_MATCH
CTG_10233340864,ISW681,2026-07-03T15:36:00,2026-07-04T07:41:00,SOJA,VOLCABLE_PTO_2,TERMINAL_EMBARQUE,INGRESO,MovimientosPorContrato_20260704.xlsx,NO_TRUCKFLOW_MATCH
CTG_10233333469,EIW622,2026-07-03T12:16:00,2026-07-04T07:43:00,MAIZ,CELDA_171_-_CENTRO,AVELLANEDA,INGRESO,MovimientosPorContrato_20260704.xlsx,NO_TRUCKFLOW_MATCH
CTG_10233343615,AI318ED,2026-07-03T16:20:00,2026-07-04T07:44:00,SOJA,VOLCABLE_PTO_5,TERMINAL_EMBARQUE,INGRESO,MovimientosPorContrato_20260704.xlsx,NO_TRUCKFLOW_MATCH
CTG_10133336152,HCC966,2026-07-03T12:16:00,2026-07-04T07:45:00,GIRASOL,VOLCABLE_1,RICARDONE,INGRESO,MovimientosPorContrato_20260704.xlsx,NO_TRUCKFLOW_MATCH
CTG_30033363307,RYJ562,2026-07-04T04:54:00,2026-07-04T07:46:00,PELLETS GIRASOL,VOLCABLE_PTO_4,TERMINAL_EMBARQUE,INGRESO,MovimientosPorContrato_20260704.xlsx,NO_TRUCKFLOW_MATCH
CTG_10133335722,AA539HI,2026-07-03T16:18:00,2026-07-04T07:47:00,SOJA,VOLCABLE_PTO_2,TERMINAL_EMBARQUE,INGRESO,MovimientosPorContrato_20260704.xlsx,NO_TRUCKFLOW_MATCH
CTG_10133331042,BZU861,2026-07-03T16:12:00,2026-07-04T07:48:00,SOJA,VOLCABLE_PTO_1,TERMINAL_EMBARQUE,INGRESO,MovimientosPorContrato_20260704.xlsx,NO_TRUCKFLOW_MATCH
COMPROB_000400419245,AA703FC,2026-07-03T16:01:00,2026-07-04T07:49:00,TIERRA DESC FILTROS,,TERMINAL_EMBARQUE,EGRESO,MovimientosPorContrato_20260704.xlsx,NO_TRUCKFLOW_MATCH
CTG_10233342266,LDY096,2026-07-03T16:28:00,2026-07-04T07:51:00,SOJA,VOLCABLE_PTO_1,TERMINAL_EMBARQUE,INGRESO,MovimientosPorContrato_20260704.xlsx,NO_TRUCKFLOW_MATCH
CTG_10233343915,AWT232,2026-07-03T15:49:00,2026-07-04T07:52:00,SOJA,VOLCABLE_PTO_5,TERMINAL_EMBARQUE,INGRESO,MovimientosPorContrato_20260704.xlsx,NO_TRUCKFLOW_MATCH
CTG_10133311949,AF611WI,2026-07-03T16:19:00,2026-07-04T07:54:00,SOJA,VOLCABLE_PTO_2,TERMINAL_EMBARQUE,INGRESO,MovimientosPorContrato_20260704.xlsx,NO_TRUCKFLOW_MATCH
CTG_30033363309,VHL423,2026-07-04T05:09:00,2026-07-04T07:57:00,PELLETS GIRASOL,VOLCABLE_PTO_4,TERMINAL_EMBARQUE,INGRESO,MovimientosPorContrato_20260704.xlsx,NO_TRUCKFLOW_MATCH
CTG_10133332446,AG253BD,2026-07-03T15:35:00,2026-07-04T07:58:00,SOJA,VOLCABLE_PTO_5,TERMINAL_EMBARQUE,INGRESO,MovimientosPorContrato_20260704.xlsx,NO_TRUCKFLOW_MATCH
CTG_10133331250,EGN662,2026-07-03T15:01:00,2026-07-04T08:00:00,SOJA,VOLCABLE_PTO_2,TERMINAL_EMBARQUE,INGRESO,MovimientosPorContrato_20260704.xlsx,NO_TRUCKFLOW_MATCH
CTG_10133322469,NJX880,2026-07-03T15:23:00,2026-07-04T08:02:00,SOJA,VOLCABLE_PTO_1,TERMINAL_EMBARQUE,INGRESO,MovimientosPorContrato_20260704.xlsx,NO_TRUCKFLOW_MATCH
COMPROB_000200431089,DZH986,2026-07-03T18:01:00,2026-07-04T08:03:00,LEÑA CORTA,PLAYA_LEÑA_Y_CHIP,AVELLANEDA,INGRESO,MovimientosPorContrato_20260704.xlsx,NO_TRUCKFLOW_MATCH
CTG_30033363316,EIY162,2026-07-04T05:17:00,2026-07-04T08:06:00,PELLETS GIRASOL,VOLCABLE_PTO_4,TERMINAL_EMBARQUE,INGRESO,MovimientosPorContrato_20260704.xlsx,NO_TRUCKFLOW_MATCH
CTG_10133328769,HCI313,2026-07-03T12:27:00,2026-07-04T08:06:00,MAIZ,CELDA_171_-_CENTRO,AVELLANEDA,INGRESO,MovimientosPorContrato_20260704.xlsx,NO_TRUCKFLOW_MATCH
CTG_10133337269,MYZ016,2026-07-03T16:30:00,2026-07-04T08:08:00,SOJA,VOLCABLE_PTO_2,TERMINAL_EMBARQUE,INGRESO,MovimientosPorContrato_20260704.xlsx,NO_TRUCKFLOW_MATCH
CTG_30033363323,RKS646,2026-07-04T05:21:00,2026-07-04T08:14:00,PELLETS GIRASOL,VOLCABLE_PTO_4,TERMINAL_EMBARQUE,INGRESO,MovimientosPorContrato_20260704.xlsx,NO_TRUCKFLOW_MATCH
COMPROB_000200319737,AF354EX,2026-07-04T07:00:00,2026-07-04T08:19:00,ALCOHOL ETILICO ANHIDRO P/ BIOCOMB ORIG CEREAL,T1002,AVELLANEDA,EGRESO,MovimientosPorContrato_20260704.xlsx,NO_TRUCKFLOW_MATCH
CTG_10233344362,BJL896,2026-07-03T13:24:00,2026-07-04T08:19:00,GIRASOL,VOLCABLE_2,RICARDONE,INGRESO,MovimientosPorContrato_20260704.xlsx,NO_TRUCKFLOW_MATCH
CTG_10233326168,EOR498,2026-07-03T13:26:00,2026-07-04T08:27:00,GIRASOL,VOLCABLE_1,RICARDONE,INGRESO,MovimientosPorContrato_20260704.xlsx,NO_TRUCKFLOW_MATCH
CTG_10233344115,AE320MB,2026-07-03T16:46:00,2026-07-04T08:30:00,SOJA,VOLCABLE_PTO_2,TERMINAL_EMBARQUE,INGRESO,MovimientosPorContrato_20260704.xlsx,NO_TRUCKFLOW_MATCH
CTG_30033363325,DFP716,2026-07-04T05:21:00,2026-07-04T08:31:00,PELLETS GIRASOL,VOLCABLE_PTO_4,TERMINAL_EMBARQUE,INGRESO,MovimientosPorContrato_20260704.xlsx,NO_TRUCKFLOW_MATCH
CTG_10233339412,JWO597,2026-07-03T15:36:00,2026-07-04T08:32:00,SOJA,VOLCABLE_PTO_1,TERMINAL_EMBARQUE,INGRESO,MovimientosPorContrato_20260704.xlsx,NO_TRUCKFLOW_MATCH
CTG_10233337324,LQL832,2026-07-03T16:55:00,2026-07-04T08:34:00,SOJA,VOLCABLE_PTO_5,TERMINAL_EMBARQUE,INGRESO,MovimientosPorContrato_20260704.xlsx,NO_TRUCKFLOW_MATCH
CTG_10133331240,NJH075,2026-07-03T16:11:00,2026-07-04T08:35:00,SOJA,VOLCABLE_PTO_5,TERMINAL_EMBARQUE,INGRESO,MovimientosPorContrato_20260704.xlsx,NO_TRUCKFLOW_MATCH
CTG_10233341821,AMJ362,2026-07-03T16:28:00,2026-07-04T08:37:00,SOJA,VOLCABLE_PTO_1,TERMINAL_EMBARQUE,INGRESO,MovimientosPorContrato_20260704.xlsx,NO_TRUCKFLOW_MATCH
CTG_10133313254,GGM986,2026-07-03T16:42:00,2026-07-04T08:39:00,SOJA,VOLCABLE_PTO_2,TERMINAL_EMBARQUE,INGRESO,MovimientosPorContrato_20260704.xlsx,NO_TRUCKFLOW_MATCH
CTG_10233343829,HNF156,2026-07-03T16:51:00,2026-07-04T08:43:00,SOJA,VOLCABLE_PTO_1,TERMINAL_EMBARQUE,INGRESO,MovimientosPorContrato_20260704.xlsx,NO_TRUCKFLOW_MATCH
CTG_10133313318,BNV667,2026-07-03T16:40:00,2026-07-04T08:44:00,SOJA,VOLCABLE_PTO_2,TERMINAL_EMBARQUE,INGRESO,MovimientosPorContrato_20260704.xlsx,NO_TRUCKFLOW_MATCH
CTG_10233333254,AE742WA,2026-07-03T12:31:00,2026-07-04T08:47:00,MAIZ,CELDA_171_-_CENTRO,AVELLANEDA,INGRESO,MovimientosPorContrato_20260704.xlsx,NO_TRUCKFLOW_MATCH
CTG_30033363077,RPL435,2026-07-04T01:38:00,2026-07-04T08:48:00,ACEITE GIRASOL PARA REFINAR,ACEITE_PTO,TERMINAL_EMBARQUE,INGRESO,MovimientosPorContrato_20260704.xlsx,NO_TRUCKFLOW_MATCH
COMPROB_000400419246,HAL844,2026-07-04T06:19:00,2026-07-04T08:52:00,ACEITE GIRASOL REFINADO,ACEITE_OSL,TERMINAL_EMBARQUE,EGRESO,MovimientosPorContrato_20260704.xlsx,NO_TRUCKFLOW_MATCH
CTG_10233325622,IVM424,2026-07-03T13:49:00,2026-07-04T08:55:00,GIRASOL,VOLCABLE_1,RICARDONE,INGRESO,MovimientosPorContrato_20260704.xlsx,NO_TRUCKFLOW_MATCH
CTG_10133323900,AC627XE,2026-07-03T18:15:00,2026-07-04T08:56:00,SOJA,VOLCABLE_PTO_1,TERMINAL_EMBARQUE,INGRESO,MovimientosPorContrato_20260704.xlsx,NO_TRUCKFLOW_MATCH
CTG_30033362998,FOZ297,2026-07-04T00:48:00,2026-07-04T08:57:00,ACEITE GIRASOL PARA REFINAR,ACEITE_PTO,TERMINAL_EMBARQUE,INGRESO,MovimientosPorContrato_20260704.xlsx,NO_TRUCKFLOW_MATCH
CTG_30033363337,TAC436,2026-07-04T05:33:00,2026-07-04T08:58:00,PELLETS GIRASOL,VOLCABLE_PTO_4,TERMINAL_EMBARQUE,INGRESO,MovimientosPorContrato_20260704.xlsx,NO_TRUCKFLOW_MATCH
CTG_10233346562,OUD963,2026-07-03T17:07:00,2026-07-04T08:59:00,SOJA,VOLCABLE_PTO_5,TERMINAL_EMBARQUE,INGRESO,MovimientosPorContrato_20260704.xlsx,NO_TRUCKFLOW_MATCH
CTG_10133351813,AE358NC,2026-07-03T16:29:00,2026-07-04T09:00:00,SOJA,VOLCABLE_PTO_2,TERMINAL_EMBARQUE,INGRESO,MovimientosPorContrato_20260704.xlsx,NO_TRUCKFLOW_MATCH
CTG_30033363348,UWX998,2026-07-04T05:35:00,2026-07-04T09:02:00,PELLETS GIRASOL,VOLCABLE_PTO_4,TERMINAL_EMBARQUE,INGRESO,MovimientosPorContrato_20260704.xlsx,NO_TRUCKFLOW_MATCH
CTG_10133337930,FAJ563,2026-07-03T17:11:00,2026-07-04T09:04:00,SOJA,VOLCABLE_PTO_2,TERMINAL_EMBARQUE,INGRESO,MovimientosPorContrato_20260704.xlsx,NO_TRUCKFLOW_MATCH
COMPROB_000200431092,AI231JD,2026-07-04T02:52:00,2026-07-04T09:04:00,CHIP DE EUCALIPTUS,PLAYA_LEÑA_Y_CHIP,AVELLANEDA,INGRESO,MovimientosPorContrato_20260704.xlsx,NO_TRUCKFLOW_MATCH
COMPROB_000400419247,AA703FC,2026-07-04T08:35:00,2026-07-04T09:05:00,TIERRA DESC FILTROS,,TERMINAL_EMBARQUE,EGRESO,MovimientosPorContrato_20260704.xlsx,NO_TRUCKFLOW_MATCH
CTG_10133352511,BHQ125,2026-07-03T17:20:00,2026-07-04T09:07:00,SOJA,VOLCABLE_PTO_5,TERMINAL_EMBARQUE,INGRESO,MovimientosPorContrato_20260704.xlsx,NO_TRUCKFLOW_MATCH
CTG_10233346692,HXD187,2026-07-03T17:53:00,2026-07-04T09:08:00,SOJA,VOLCABLE_PTO_1,TERMINAL_EMBARQUE,INGRESO,MovimientosPorContrato_20260704.xlsx,NO_TRUCKFLOW_MATCH
CTG_10133355057,GLA703,2026-07-03T18:11:00,2026-07-04T09:10:00,SOJA,VOLCABLE_PTO_2,TERMINAL_EMBARQUE,INGRESO,MovimientosPorContrato_20260704.xlsx,NO_TRUCKFLOW_MATCH
CTG_30033363357,RDL445,2026-07-04T05:48:00,2026-07-04T09:10:00,PELLETS GIRASOL,VOLCABLE_PTO_4,TERMINAL_EMBARQUE,INGRESO,MovimientosPorContrato_20260704.xlsx,NO_TRUCKFLOW_MATCH
CTG_10233344375,MMV961,2026-07-03T17:19:00,2026-07-04T09:12:00,SOJA,VOLCABLE_PTO_5,TERMINAL_EMBARQUE,INGRESO,MovimientosPorContrato_20260704.xlsx,NO_TRUCKFLOW_MATCH
CTG_10133320278,LQC679,2026-07-03T18:02:00,2026-07-04T09:13:00,SOJA,VOLCABLE_PTO_1,TERMINAL_EMBARQUE,INGRESO,MovimientosPorContrato_20260704.xlsx,NO_TRUCKFLOW_MATCH
CTG_10233343796,AC031CG,2026-07-03T18:56:00,2026-07-04T09:14:00,SOJA,VOLCABLE_PTO_2,TERMINAL_EMBARQUE,INGRESO,MovimientosPorContrato_20260704.xlsx,NO_TRUCKFLOW_MATCH
COMPROB_000400419248,KOQ228,2026-07-04T07:18:00,2026-07-04T09:15:00,ACEITE GIRASOL REFINADO,ACEITE_OSL,TERMINAL_EMBARQUE,EGRESO,MovimientosPorContrato_20260704.xlsx,NO_TRUCKFLOW_MATCH
CTG_10133329695,PBP947,2026-07-03T13:46:00,2026-07-04T09:16:00,MAIZ,CELDA_171_-_CENTRO,AVELLANEDA,INGRESO,MovimientosPorContrato_20260704.xlsx,NO_TRUCKFLOW_MATCH
CTG_10133338876,ESU279,2026-07-03T18:43:00,2026-07-04T09:17:00,SOJA,VOLCABLE_PTO_5,TERMINAL_EMBARQUE,INGRESO,MovimientosPorContrato_20260704.xlsx,NO_TRUCKFLOW_MATCH
CTG_10233325615,GWZ914,2026-07-03T13:36:00,2026-07-04T09:17:00,GIRASOL,VOLCABLE_2,RICARDONE,INGRESO,MovimientosPorContrato_20260704.xlsx,NO_TRUCKFLOW_MATCH
CTG_30033363363,LZB017,2026-07-04T05:58:00,2026-07-04T09:18:00,PELLETS GIRASOL,VOLCABLE_PTO_4,TERMINAL_EMBARQUE,INGRESO,MovimientosPorContrato_20260704.xlsx,NO_TRUCKFLOW_MATCH
CTG_30033363355,EHS233,2026-07-04T05:40:00,2026-07-04T09:19:00,PELLETS GIRASOL,VOLCABLE_PTO_4,TERMINAL_EMBARQUE,INGRESO,MovimientosPorContrato_20260704.xlsx,NO_TRUCKFLOW_MATCH
CTG_10233345270,AG748PK,2026-07-03T17:37:00,2026-07-04T09:20:00,SOJA,VOLCABLE_PTO_1,TERMINAL_EMBARQUE,INGRESO,MovimientosPorContrato_20260704.xlsx,NO_TRUCKFLOW_MATCH
CTG_10133306708,AC061KV,2026-07-03T18:31:00,2026-07-04T09:21:00,SOJA,VOLCABLE_PTO_2,TERMINAL_EMBARQUE,INGRESO,MovimientosPorContrato_20260704.xlsx,NO_TRUCKFLOW_MATCH
COMPROB_000404035823,AH960ZR,2026-07-04T07:32:00,2026-07-04T09:25:00,FUEL-OIL,,TERMINAL_EMBARQUE,INGRESO,MovimientosPorContrato_20260704.xlsx,NO_TRUCKFLOW_MATCH
CTG_10233342665,AC776BS,2026-07-03T19:41:00,2026-07-04T09:26:00,SOJA,VOLCABLE_PTO_2,TERMINAL_EMBARQUE,INGRESO,MovimientosPorContrato_20260704.xlsx,NO_TRUCKFLOW_MATCH
CTG_10133361763,HTT632,2026-07-03T19:10:00,2026-07-04T09:27:00,SOJA,VOLCABLE_PTO_5,TERMINAL_EMBARQUE,INGRESO,MovimientosPorContrato_20260704.xlsx,NO_TRUCKFLOW_MATCH
CTG_30033363366,VJG112,2026-07-04T06:04:00,2026-07-04T09:28:00,PELLETS GIRASOL,VOLCABLE_PTO_4,TERMINAL_EMBARQUE,INGRESO,MovimientosPorContrato_20260704.xlsx,NO_TRUCKFLOW_MATCH
CTG_10133354070,AG931CX,2026-07-03T19:35:00,2026-07-04T09:29:00,SOJA,VOLCABLE_PTO_1,TERMINAL_EMBARQUE,INGRESO,MovimientosPorContrato_20260704.xlsx,NO_TRUCKFLOW_MATCH
CTG_30033363100,IYR089,2026-07-04T01:38:00,2026-07-04T09:30:00,ACEITE GIRASOL PARA REFINAR,ACEITE_PTO,TERMINAL_EMBARQUE,INGRESO,MovimientosPorContrato_20260704.xlsx,NO_TRUCKFLOW_MATCH
COMPROB_000400419249,GDE552,2026-07-04T07:40:00,2026-07-04T09:32:00,ACEITE GIRASOL REFINADO,ACEITE_OSL,TERMINAL_EMBARQUE,EGRESO,MovimientosPorContrato_20260704.xlsx,NO_TRUCKFLOW_MATCH
CTG_30033363406,UUO981,2026-07-04T06:31:00,2026-07-04T09:34:00,PELLETS GIRASOL,VOLCABLE_PTO_4,TERMINAL_EMBARQUE,INGRESO,MovimientosPorContrato_20260704.xlsx,NO_TRUCKFLOW_MATCH
COMPROB_000200319738,AG221GP,2026-07-04T08:34:00,2026-07-04T09:36:00,ALCOHOL ETILICO ANHIDRO P/ BIOCOMB ORIG CEREAL,T1002,AVELLANEDA,EGRESO,MovimientosPorContrato_20260704.xlsx,NO_TRUCKFLOW_MATCH
CTG_10233344246,BZT609,2026-07-03T13:41:00,2026-07-04T09:36:00,GIRASOL,VOLCABLE_1,RICARDONE,INGRESO,MovimientosPorContrato_20260704.xlsx,NO_TRUCKFLOW_MATCH
CTG_10133338970,AF902RU,2026-07-03T19:11:00,2026-07-04T09:42:00,SOJA,VOLCABLE_PTO_2,TERMINAL_EMBARQUE,INGRESO,MovimientosPorContrato_20260704.xlsx,NO_TRUCKFLOW_MATCH
CTG_10133342685,KXU354,2026-07-03T19:27:00,2026-07-04T09:42:00,SOJA,VOLCABLE_PTO_5,TERMINAL_EMBARQUE,INGRESO,MovimientosPorContrato_20260704.xlsx,NO_TRUCKFLOW_MATCH
CTG_10133332768,HOK790,2026-07-03T19:31:00,2026-07-04T09:44:00,SOJA,VOLCABLE_PTO_5,TERMINAL_EMBARQUE,INGRESO,MovimientosPorContrato_20260704.xlsx,NO_TRUCKFLOW_MATCH
CTG_10133336613,KUT425,2026-07-03T19:18:00,2026-07-04T09:45:00,SOJA,VOLCABLE_PTO_1,TERMINAL_EMBARQUE,INGRESO,MovimientosPorContrato_20260704.xlsx,NO_TRUCKFLOW_MATCH
CTG_10133312362,AE604CU,2026-07-03T15:06:00,2026-07-04T09:45:00,MAIZ,CELDA_171_-_CENTRO,AVELLANEDA,INGRESO,MovimientosPorContrato_20260704.xlsx,NO_TRUCKFLOW_MATCH
CTG_10133332698,KVS155,2026-07-03T19:19:00,2026-07-04T09:46:00,SOJA,VOLCABLE_PTO_2,TERMINAL_EMBARQUE,INGRESO,MovimientosPorContrato_20260704.xlsx,NO_TRUCKFLOW_MATCH
CTG_10233345992,REB270,2026-07-03T19:27:00,2026-07-04T09:49:00,SOJA,VOLCABLE_PTO_5,TERMINAL_EMBARQUE,INGRESO,MovimientosPorContrato_20260704.xlsx,NO_TRUCKFLOW_MATCH
CTG_10233347710,TCV156,2026-07-03T22:43:00,2026-07-04T09:51:00,SOJA,CELDA_16,RICARDONE,INGRESO,MovimientosPorContrato_20260704.xlsx,NO_TRUCKFLOW_MATCH
CTG_30033363150,AA463TD,2026-07-04T01:48:00,2026-07-04T09:51:00,ACEITE GIRASOL PARA REFINAR,ACEITE_PTO,TERMINAL_EMBARQUE,INGRESO,MovimientosPorContrato_20260704.xlsx,NO_TRUCKFLOW_MATCH
CTG_10233351882,PFB100,2026-07-03T20:11:00,2026-07-04T09:52:00,SOJA,VOLCABLE_PTO_2,TERMINAL_EMBARQUE,INGRESO,MovimientosPorContrato_20260704.xlsx,NO_TRUCKFLOW_MATCH
CTG_10233339277,AE949TN,2026-07-03T21:06:00,2026-07-04T09:53:00,SOJA,VOLCABLE_PTO_2,TERMINAL_EMBARQUE,INGRESO,MovimientosPorContrato_20260704.xlsx,NO_TRUCKFLOW_MATCH
CTG_30033359067,BHL749,2026-07-03T17:39:00,2026-07-04T09:55:00,PELLETS GIRASOL,VOLCABLE_PTO_4,TERMINAL_EMBARQUE,INGRESO,MovimientosPorContrato_20260704.xlsx,NO_TRUCKFLOW_MATCH
CTG_10133342819,TJR110,2026-07-03T19:30:00,2026-07-04T09:56:00,SOJA,VOLCABLE_PTO_1,TERMINAL_EMBARQUE,INGRESO,MovimientosPorContrato_20260704.xlsx,NO_TRUCKFLOW_MATCH
CTG_30033363425,EYH843,2026-07-04T06:39:00,2026-07-04T09:57:00,PELLETS GIRASOL,VOLCABLE_PTO_4,TERMINAL_EMBARQUE,INGRESO,MovimientosPorContrato_20260704.xlsx,NO_TRUCKFLOW_MATCH
COMPROB_000400419250,WRM886,2026-07-04T08:14:00,2026-07-04T09:58:00,ACEITE GIRASOL REFINADO,ACEITE_OSL,TERMINAL_EMBARQUE,EGRESO,MovimientosPorContrato_20260704.xlsx,NO_TRUCKFLOW_MATCH
CTG_10233352395,EDC158,2026-07-03T20:31:00,2026-07-04T10:00:00,SOJA,VOLCABLE_PTO_5,TERMINAL_EMBARQUE,INGRESO,MovimientosPorContrato_20260704.xlsx,NO_TRUCKFLOW_MATCH
CTG_30033363202,JDH880,2026-07-04T02:14:00,2026-07-04T10:01:00,ACEITE GIRASOL PARA REFINAR,ACEITE_PTO,TERMINAL_EMBARQUE,INGRESO,MovimientosPorContrato_20260704.xlsx,NO_TRUCKFLOW_MATCH
CTG_10233319417,EOR599,2026-07-03T14:53:00,2026-07-04T10:02:00,GIRASOL,VOLCABLE_1,RICARDONE,INGRESO,MovimientosPorContrato_20260704.xlsx,NO_TRUCKFLOW_MATCH
COMPROB_000400419251,OIG256,2026-07-04T05:54:00,2026-07-04T10:03:00,BORRA DE ACSOJA REFINADO,,TERMINAL_EMBARQUE,EGRESO,MovimientosPorContrato_20260704.xlsx,NO_TRUCKFLOW_MATCH
CTG_10133324447,SBG476,2026-07-03T17:48:00,2026-07-04T10:04:00,SOJA,CELDA_16,RICARDONE,INGRESO,MovimientosPorContrato_20260704.xlsx,NO_TRUCKFLOW_MATCH
CTG_10233345940,AF214DK,2026-07-03T21:07:00,2026-07-04T10:06:00,SOJA,VOLCABLE_PTO_5,TERMINAL_EMBARQUE,INGRESO,MovimientosPorContrato_20260704.xlsx,NO_TRUCKFLOW_MATCH
CTG_10233360652,AB417TU,2026-07-03T20:22:00,2026-07-04T10:07:00,SOJA,VOLCABLE_PTO_2,TERMINAL_EMBARQUE,INGRESO,MovimientosPorContrato_20260704.xlsx,NO_TRUCKFLOW_MATCH
CTG_10133335700,AA356PT,2026-07-03T20:23:00,2026-07-04T10:08:00,SOJA,VOLCABLE_PTO_1,TERMINAL_EMBARQUE,INGRESO,MovimientosPorContrato_20260704.xlsx,NO_TRUCKFLOW_MATCH
CTG_10133324129,KTO310,2026-07-03T17:04:00,2026-07-04T10:09:00,SOJA,VOLCABLE_PTO_5,TERMINAL_EMBARQUE,INGRESO,MovimientosPorContrato_20260704.xlsx,NO_TRUCKFLOW_MATCH
COMPROB_000400419252,AF804QL,2026-07-04T07:47:00,2026-07-04T10:11:00,RESIDUOS ORG,,TERMINAL_EMBARQUE,EGRESO,MovimientosPorContrato_20260704.xlsx,NO_TRUCKFLOW_MATCH
CTG_10133350942,GRW329,2026-07-03T21:57:00,2026-07-04T10:11:00,SOJA,CELDA_16,RICARDONE,INGRESO,MovimientosPorContrato_20260704.xlsx,NO_TRUCKFLOW_MATCH
CTG_10133342790,MXO580,2026-07-04T08:51:00,2026-07-04T10:11:00,MAIZ,CELDA_171_-_CENTRO,AVELLANEDA,INGRESO,MovimientosPorContrato_20260704.xlsx,NO_TRUCKFLOW_MATCH
CTG_10233346011,AI034UH,2026-07-03T22:19:00,2026-07-04T10:12:00,SOJA,CELDA_16,RICARDONE,INGRESO,MovimientosPorContrato_20260704.xlsx,NO_TRUCKFLOW_MATCH
CTG_10133345121,AB605VN,2026-07-03T21:25:00,2026-07-04T10:13:00,SOJA,VOLCABLE_PTO_1,TERMINAL_EMBARQUE,INGRESO,MovimientosPorContrato_20260704.xlsx,NO_TRUCKFLOW_MATCH
CTG_10233356119,SGB924,2026-07-03T21:02:00,2026-07-04T10:14:00,SOJA,VOLCABLE_PTO_2,TERMINAL_EMBARQUE,INGRESO,MovimientosPorContrato_20260704.xlsx,NO_TRUCKFLOW_MATCH
CTG_10133277085,MGM147,2026-07-03T21:27:00,2026-07-04T10:18:00,SOJA,VOLCABLE_PTO_2,TERMINAL_EMBARQUE,INGRESO,MovimientosPorContrato_20260704.xlsx,NO_TRUCKFLOW_MATCH
CTG_10233345705,MGR109,2026-07-03T17:18:00,2026-07-04T10:21:00,SOJA,VOLCABLE_PTO_5,TERMINAL_EMBARQUE,INGRESO,MovimientosPorContrato_20260704.xlsx,NO_TRUCKFLOW_MATCH
CTG_10233345593,AZX363,2026-07-03T22:12:00,2026-07-04T10:22:00,SOJA,CELDA_16,RICARDONE,INGRESO,MovimientosPorContrato_20260704.xlsx,NO_TRUCKFLOW_MATCH
COMPROB_000400419253,OFG785,2026-07-04T08:37:00,2026-07-04T10:26:00,ACEITE GIRASOL REFINADO,ACEITE_OSL,TERMINAL_EMBARQUE,EGRESO,MovimientosPorContrato_20260704.xlsx,NO_TRUCKFLOW_MATCH
CTG_10133339728,EVQ156,2026-07-03T15:02:00,2026-07-04T10:26:00,GIRASOL,VOLCABLE_1,RICARDONE,INGRESO,MovimientosPorContrato_20260704.xlsx,NO_TRUCKFLOW_MATCH
CTG_10233319423,EDL764,2026-07-03T14:54:00,2026-07-04T10:28:00,GIRASOL,VOLCABLE_2,RICARDONE,INGRESO,MovimientosPorContrato_20260704.xlsx,NO_TRUCKFLOW_MATCH
CTG_10233344619,EIT515,2026-07-03T21:14:00,2026-07-04T10:29:00,SOJA,VOLCABLE_PTO_3,TERMINAL_EMBARQUE,INGRESO,MovimientosPorContrato_20260704.xlsx,NO_TRUCKFLOW_MATCH
CTG_10233345338,GHG348,2026-07-03T20:48:00,2026-07-04T10:30:00,SOJA,VOLCABLE_PTO_1,TERMINAL_EMBARQUE,INGRESO,MovimientosPorContrato_20260704.xlsx,NO_TRUCKFLOW_MATCH
CTG_10133335099,UBT037,2026-07-04T08:23:00,2026-07-04T10:31:00,SOJA,CELDA_16,RICARDONE,INGRESO,MovimientosPorContrato_20260704.xlsx,NO_TRUCKFLOW_MATCH
CTG_10233343911,KOQ552,2026-07-03T20:49:00,2026-07-04T10:33:00,SOJA,VOLCABLE_PTO_3,TERMINAL_EMBARQUE,INGRESO,MovimientosPorContrato_20260704.xlsx,NO_TRUCKFLOW_MATCH
CTG_10233351866,RXX833,2026-07-03T21:26:00,2026-07-04T10:34:00,SOJA,VOLCABLE_PTO_2,TERMINAL_EMBARQUE,INGRESO,MovimientosPorContrato_20260704.xlsx,NO_TRUCKFLOW_MATCH
CTG_10233339916,AD969HB,2026-07-03T21:58:00,2026-07-04T10:36:00,SOJA,VOLCABLE_PTO_2,TERMINAL_EMBARQUE,INGRESO,MovimientosPorContrato_20260704.xlsx,NO_TRUCKFLOW_MATCH
CTG_10133328681,FCT739,2026-07-03T14:02:00,2026-07-04T10:36:00,MAIZ,CELDA_171_-_CENTRO,AVELLANEDA,INGRESO,MovimientosPorContrato_20260704.xlsx,NO_TRUCKFLOW_MATCH
CTG_10133335197,AYR475,2026-07-04T08:24:00,2026-07-04T10:36:00,SOJA,CELDA_16,RICARDONE,INGRESO,MovimientosPorContrato_20260704.xlsx,NO_TRUCKFLOW_MATCH
CTG_10133333869,AB456RA,2026-07-03T21:20:00,2026-07-04T10:37:00,SOJA,VOLCABLE_PTO_1,TERMINAL_EMBARQUE,INGRESO,MovimientosPorContrato_20260704.xlsx,NO_TRUCKFLOW_MATCH
CTG_10133337090,EVQ417,2026-07-03T21:59:00,2026-07-04T10:39:00,SOJA,VOLCABLE_PTO_3,TERMINAL_EMBARQUE,INGRESO,MovimientosPorContrato_20260704.xlsx,NO_TRUCKFLOW_MATCH
CTG_10133331534,AC444MV,2026-07-03T17:21:00,2026-07-04T10:40:00,SOJA,VOLCABLE_PTO_5,TERMINAL_EMBARQUE,INGRESO,MovimientosPorContrato_20260704.xlsx,NO_TRUCKFLOW_MATCH
CTG_10133338821,ERO448,2026-07-03T21:35:00,2026-07-04T10:41:00,SOJA,VOLCABLE_PTO_1,TERMINAL_EMBARQUE,INGRESO,MovimientosPorContrato_20260704.xlsx,NO_TRUCKFLOW_MATCH
CTG_10133335757,AG784AA,2026-07-03T18:27:00,2026-07-04T10:43:00,SOJA,VOLCABLE_PTO_5,TERMINAL_EMBARQUE,INGRESO,MovimientosPorContrato_20260704.xlsx,NO_TRUCKFLOW_MATCH
CTG_10233349687,AC016MV,2026-07-03T22:02:00,2026-07-04T10:43:00,SOJA,VOLCABLE_PTO_3,TERMINAL_EMBARQUE,INGRESO,MovimientosPorContrato_20260704.xlsx,NO_TRUCKFLOW_MATCH
CTG_10233336571,ECU177,2026-07-03T21:59:00,2026-07-04T10:44:00,SOJA,VOLCABLE_PTO_2,TERMINAL_EMBARQUE,INGRESO,MovimientosPorContrato_20260704.xlsx,NO_TRUCKFLOW_MATCH
COMPROB_000400419254,AA703FC,2026-07-04T10:03:00,2026-07-04T10:45:00,TIERRA DESC FILTROS,,TERMINAL_EMBARQUE,EGRESO,MovimientosPorContrato_20260704.xlsx,NO_TRUCKFLOW_MATCH
CTG_10133340600,AE364VW,2026-07-03T21:43:00,2026-07-04T10:46:00,SOJA,VOLCABLE_PTO_1,TERMINAL_EMBARQUE,INGRESO,MovimientosPorContrato_20260704.xlsx,NO_TRUCKFLOW_MATCH
CTG_10133340731,JPB436,2026-07-03T21:44:00,2026-07-04T10:48:00,SOJA,VOLCABLE_PTO_2,TERMINAL_EMBARQUE,INGRESO,MovimientosPorContrato_20260704.xlsx,NO_TRUCKFLOW_MATCH
CTG_10133343632,GFE112,2026-07-03T17:50:00,2026-07-04T10:49:00,GIRASOL,VOLCABLE_1,RICARDONE,INGRESO,MovimientosPorContrato_20260704.xlsx,NO_TRUCKFLOW_MATCH
CTG_30033363262,DOE150,2026-07-04T03:44:00,2026-07-04T10:50:00,ACEITE GIRASOL PARA REFINAR,ACEITE_PTO,TERMINAL_EMBARQUE,INGRESO,MovimientosPorContrato_20260704.xlsx,NO_TRUCKFLOW_MATCH
CTG_30033363223,NBK156,2026-07-04T02:50:00,2026-07-04T10:52:00,ACEITE GIRASOL PARA REFINAR,ACEITE_PTO,TERMINAL_EMBARQUE,INGRESO,MovimientosPorContrato_20260704.xlsx,NO_TRUCKFLOW_MATCH
CTG_10133314375,IYI890,2026-07-03T22:00:00,2026-07-04T10:52:00,SOJA,VOLCABLE_PTO_3,TERMINAL_EMBARQUE,INGRESO,MovimientosPorContrato_20260704.xlsx,NO_TRUCKFLOW_MATCH
CTG_10133335917,LWV145,2026-07-03T22:02:00,2026-07-04T10:53:00,SOJA,VOLCABLE_PTO_1,TERMINAL_EMBARQUE,INGRESO,MovimientosPorContrato_20260704.xlsx,NO_TRUCKFLOW_MATCH
CTG_10233342337,UIL115,2026-07-03T21:15:00,2026-07-04T10:54:00,SOJA,VOLCABLE_PTO_2,TERMINAL_EMBARQUE,INGRESO,MovimientosPorContrato_20260704.xlsx,NO_TRUCKFLOW_MATCH
CTG_10133325985,LIP520,2026-07-03T18:32:00,2026-07-04T10:58:00,SOJA,VOLCABLE_PTO_5,TERMINAL_EMBARQUE,INGRESO,MovimientosPorContrato_20260704.xlsx,NO_TRUCKFLOW_MATCH
CTG_10233338587,MFT012,2026-07-03T22:01:00,2026-07-04T11:01:00,SOJA,VOLCABLE_PTO_3,TERMINAL_EMBARQUE,INGRESO,MovimientosPorContrato_20260704.xlsx,NO_TRUCKFLOW_MATCH
CTG_10233357303,CNU338,2026-07-03T22:04:00,2026-07-04T11:03:00,SOJA,VOLCABLE_PTO_2,TERMINAL_EMBARQUE,INGRESO,MovimientosPorContrato_20260704.xlsx,NO_TRUCKFLOW_MATCH
CTG_10133345679,GQC758,2026-07-03T22:07:00,2026-07-04T11:03:00,SOJA,VOLCABLE_PTO_1,TERMINAL_EMBARQUE,INGRESO,MovimientosPorContrato_20260704.xlsx,NO_TRUCKFLOW_MATCH
COMPROB_000200431097,TKM355,2026-07-03T17:47:00,2026-07-04T11:05:00,LEÑA CORTA,PLAYA_LEÑA_Y_CHIP,AVELLANEDA,INGRESO,MovimientosPorContrato_20260704.xlsx,NO_TRUCKFLOW_MATCH
CTG_10133321285,FEN067,2026-07-03T22:09:00,2026-07-04T11:05:00,SOJA,VOLCABLE_PTO_1,TERMINAL_EMBARQUE,INGRESO,MovimientosPorContrato_20260704.xlsx,NO_TRUCKFLOW_MATCH
CTG_10133338416,VBH958,2026-07-03T22:08:00,2026-07-04T11:06:00,SOJA,VOLCABLE_PTO_3,TERMINAL_EMBARQUE,INGRESO,MovimientosPorContrato_20260704.xlsx,NO_TRUCKFLOW_MATCH
CTG_10133350581,SRD274,2026-07-03T22:06:00,2026-07-04T11:07:00,SOJA,VOLCABLE_PTO_2,TERMINAL_EMBARQUE,INGRESO,MovimientosPorContrato_20260704.xlsx,NO_TRUCKFLOW_MATCH
CTG_10233325974,JDG380,2026-07-03T18:09:00,2026-07-04T11:10:00,GIRASOL,VOLCABLE_1,RICARDONE,INGRESO,MovimientosPorContrato_20260704.xlsx,NO_TRUCKFLOW_MATCH
CTG_10233346700,BER232,2026-07-03T22:04:00,2026-07-04T11:14:00,SOJA,VOLCABLE_PTO_3,TERMINAL_EMBARQUE,INGRESO,MovimientosPorContrato_20260704.xlsx,NO_TRUCKFLOW_MATCH
CTG_10133307805,GQM186,2026-07-03T16:08:00,2026-07-04T11:16:00,GIRASOL,VOLCABLE_2,RICARDONE,INGRESO,MovimientosPorContrato_20260704.xlsx,NO_TRUCKFLOW_MATCH
COMPROB_000200431098,UWD960,2026-07-02T16:58:00,2026-07-04T11:17:00,LEÑA CORTA SELECC,PLAYA_LEÑA_Y_CHIP,AVELLANEDA,INGRESO,MovimientosPorContrato_20260704.xlsx,NO_TRUCKFLOW_MATCH
COMPROB_000200431099,RPM007,2026-07-03T12:42:00,2026-07-04T11:19:00,LEÑA CORTA SELECC,PLAYA_LEÑA_Y_CHIP,AVELLANEDA,INGRESO,MovimientosPorContrato_20260704.xlsx,NO_TRUCKFLOW_MATCH
CTG_10233343624,EYD851,2026-07-03T22:11:00,2026-07-04T11:19:00,SOJA,VOLCABLE_PTO_2,TERMINAL_EMBARQUE,INGRESO,MovimientosPorContrato_20260704.xlsx,NO_TRUCKFLOW_MATCH
CTG_10133351063,HBW988,2026-07-03T22:10:00,2026-07-04T11:20:00,SOJA,VOLCABLE_PTO_1,TERMINAL_EMBARQUE,INGRESO,MovimientosPorContrato_20260704.xlsx,NO_TRUCKFLOW_MATCH
CTG_10133323373,MBO079,2026-07-03T20:16:00,2026-07-04T11:21:00,SOJA,VOLCABLE_PTO_5,TERMINAL_EMBARQUE,INGRESO,MovimientosPorContrato_20260704.xlsx,NO_TRUCKFLOW_MATCH
CTG_10133323432,AF887DY,2026-07-03T22:14:00,2026-07-04T11:22:00,SOJA,VOLCABLE_PTO_3,TERMINAL_EMBARQUE,INGRESO,MovimientosPorContrato_20260704.xlsx,NO_TRUCKFLOW_MATCH
COMPROB_000200431100,AI198PC,2026-07-04T10:40:00,2026-07-04T11:24:00,CHIP DE EUCALIPTUS,PLAYA_LEÑA_Y_CHIP,AVELLANEDA,INGRESO,MovimientosPorContrato_20260704.xlsx,NO_TRUCKFLOW_MATCH
CTG_30033363272,EXR046,2026-07-04T04:09:00,2026-07-04T11:24:00,ACEITE GIRASOL PARA REFINAR,ACEITE_PTO,TERMINAL_EMBARQUE,INGRESO,MovimientosPorContrato_20260704.xlsx,NO_TRUCKFLOW_MATCH
CTG_10133321929,EOQ772,2026-07-03T21:40:00,2026-07-04T11:25:00,SOJA,VOLCABLE_PTO_2,TERMINAL_EMBARQUE,INGRESO,MovimientosPorContrato_20260704.xlsx,NO_TRUCKFLOW_MATCH
CTG_10133335484,AB713OT,2026-07-03T22:13:00,2026-07-04T11:28:00,SOJA,VOLCABLE_PTO_3,TERMINAL_EMBARQUE,INGRESO,MovimientosPorContrato_20260704.xlsx,NO_TRUCKFLOW_MATCH
COMPROB_000400419255,HNO035,2026-07-04T10:41:00,2026-07-04T11:31:00,ACEITE GIRASOL REFINADO,ACEITE_OSL,TERMINAL_EMBARQUE,EGRESO,MovimientosPorContrato_20260704.xlsx,NO_TRUCKFLOW_MATCH
CTG_10233345136,EFW843,2026-07-03T20:21:00,2026-07-04T11:33:00,SOJA,VOLCABLE_PTO_5,TERMINAL_EMBARQUE,INGRESO,MovimientosPorContrato_20260704.xlsx,NO_TRUCKFLOW_MATCH
CTG_10133335435,AE930CS,2026-07-03T22:14:00,2026-07-04T11:33:00,SOJA,VOLCABLE_PTO_1,TERMINAL_EMBARQUE,INGRESO,MovimientosPorContrato_20260704.xlsx,NO_TRUCKFLOW_MATCH
CTG_10233356883,NFZ122,2026-07-03T21:18:00,2026-07-04T11:34:00,SOJA,VOLCABLE_PTO_5,TERMINAL_EMBARQUE,INGRESO,MovimientosPorContrato_20260704.xlsx,NO_TRUCKFLOW_MATCH
CTG_10233353019,WPK701,2026-07-03T22:18:00,2026-07-04T11:35:00,SOJA,VOLCABLE_PTO_2,TERMINAL_EMBARQUE,INGRESO,MovimientosPorContrato_20260704.xlsx,NO_TRUCKFLOW_MATCH
CTG_10133339890,IHA930,2026-07-03T22:20:00,2026-07-04T11:36:00,SOJA,VOLCABLE_PTO_3,TERMINAL_EMBARQUE,INGRESO,MovimientosPorContrato_20260704.xlsx,NO_TRUCKFLOW_MATCH
CTG_10133333583,HFI801,2026-07-03T22:07:00,2026-07-04T11:38:00,SOJA,VOLCABLE_PTO_1,TERMINAL_EMBARQUE,INGRESO,MovimientosPorContrato_20260704.xlsx,NO_TRUCKFLOW_MATCH
CTG_10133361255,AB723JF,2026-07-03T22:18:00,2026-07-04T11:39:00,SOJA,VOLCABLE_PTO_2,TERMINAL_EMBARQUE,INGRESO,MovimientosPorContrato_20260704.xlsx,NO_TRUCKFLOW_MATCH
CTG_10133348375,MUV034,2026-07-03T22:25:00,2026-07-04T11:40:00,SOJA,VOLCABLE_PTO_1,TERMINAL_EMBARQUE,INGRESO,MovimientosPorContrato_20260704.xlsx,NO_TRUCKFLOW_MATCH
CTG_10233341257,JBE868,2026-07-03T22:38:00,2026-07-04T11:43:00,GIRASOL,VOLCABLE_1,RICARDONE,INGRESO,MovimientosPorContrato_20260704.xlsx,NO_TRUCKFLOW_MATCH
CTG_10233335933,EIL404,2026-07-03T22:21:00,2026-07-04T11:43:00,SOJA,VOLCABLE_PTO_3,TERMINAL_EMBARQUE,INGRESO,MovimientosPorContrato_20260704.xlsx,NO_TRUCKFLOW_MATCH
COMPROB_000400419256,LZP122,2026-07-04T08:23:00,2026-07-04T11:45:00,RESIDUOS ORG,,TERMINAL_EMBARQUE,EGRESO,MovimientosPorContrato_20260704.xlsx,NO_TRUCKFLOW_MATCH
CTG_10133354414,JCJ269,2026-07-03T22:05:00,2026-07-04T11:46:00,SOJA,VOLCABLE_PTO_5,TERMINAL_EMBARQUE,INGRESO,MovimientosPorContrato_20260704.xlsx,NO_TRUCKFLOW_MATCH
CTG_10133340061,BYL095,2026-07-03T22:42:00,2026-07-04T11:48:00,SOJA,VOLCABLE_PTO_1,TERMINAL_EMBARQUE,INGRESO,MovimientosPorContrato_20260704.xlsx,NO_TRUCKFLOW_MATCH
CTG_10233333342,RDY163,2026-07-03T22:32:00,2026-07-04T11:49:00,SOJA,VOLCABLE_PTO_2,TERMINAL_EMBARQUE,INGRESO,MovimientosPorContrato_20260704.xlsx,NO_TRUCKFLOW_MATCH
CTG_10233333229,KFX528,2026-07-03T22:33:00,2026-07-04T11:50:00,SOJA,VOLCABLE_PTO_3,TERMINAL_EMBARQUE,INGRESO,MovimientosPorContrato_20260704.xlsx,NO_TRUCKFLOW_MATCH
CTG_10133345817,EKH180,2026-07-03T22:34:00,2026-07-04T11:56:00,SOJA,VOLCABLE_PTO_3,TERMINAL_EMBARQUE,INGRESO,MovimientosPorContrato_20260704.xlsx,NO_TRUCKFLOW_MATCH
CTG_10133346951,AC696CT,2026-07-03T22:15:00,2026-07-04T11:57:00,SOJA,VOLCABLE_PTO_5,TERMINAL_EMBARQUE,INGRESO,MovimientosPorContrato_20260704.xlsx,NO_TRUCKFLOW_MATCH
CTG_10133359998,AA331PB,2026-07-03T22:29:00,2026-07-04T11:58:00,SOJA,VOLCABLE_PTO_2,TERMINAL_EMBARQUE,INGRESO,MovimientosPorContrato_20260704.xlsx,NO_TRUCKFLOW_MATCH
CTG_10133340395,JAU125,2026-07-03T22:17:00,2026-07-04T12:03:00,SOJA,VOLCABLE_PTO_5,TERMINAL_EMBARQUE,INGRESO,MovimientosPorContrato_20260704.xlsx,NO_TRUCKFLOW_MATCH
CTG_10133340393,FTF155,2026-07-03T22:43:00,2026-07-04T12:04:00,SOJA,VOLCABLE_PTO_1,TERMINAL_EMBARQUE,INGRESO,MovimientosPorContrato_20260704.xlsx,NO_TRUCKFLOW_MATCH
CTG_10133340156,KDD547,2026-07-03T20:36:00,2026-07-04T12:04:00,GIRASOL,VOLCABLE_2,RICARDONE,INGRESO,MovimientosPorContrato_20260704.xlsx,NO_TRUCKFLOW_MATCH
CTG_10133314733,AF127RZ,2026-07-03T22:22:00,2026-07-04T12:04:00,SOJA,VOLCABLE_PTO_3,TERMINAL_EMBARQUE,INGRESO,MovimientosPorContrato_20260704.xlsx,NO_TRUCKFLOW_MATCH
CTG_10133328777,CEJ787,2026-07-03T22:36:00,2026-07-04T12:05:00,SOJA,VOLCABLE_PTO_2,TERMINAL_EMBARQUE,INGRESO,MovimientosPorContrato_20260704.xlsx,NO_TRUCKFLOW_MATCH
COMPROB_000400419257,AA703FC,2026-07-04T11:34:00,2026-07-04T12:06:00,TIERRA DESC FILTROS,,TERMINAL_EMBARQUE,EGRESO,MovimientosPorContrato_20260704.xlsx,NO_TRUCKFLOW_MATCH
COMPROB_000400419258,FDX990,2026-07-04T11:27:00,2026-07-04T12:07:00,ACEITE GIRASOL REFINADO,ACEITE_OSL,TERMINAL_EMBARQUE,EGRESO,MovimientosPorContrato_20260704.xlsx,NO_TRUCKFLOW_MATCH
CTG_10133351317,MQJ260,2026-07-03T22:35:00,2026-07-04T12:10:00,SOJA,VOLCABLE_PTO_1,TERMINAL_EMBARQUE,INGRESO,MovimientosPorContrato_20260704.xlsx,NO_TRUCKFLOW_MATCH
CTG_10233359016,BAZ896,2026-07-03T22:37:00,2026-07-04T12:12:00,SOJA,VOLCABLE_PTO_2,TERMINAL_EMBARQUE,INGRESO,MovimientosPorContrato_20260704.xlsx,NO_TRUCKFLOW_MATCH
CTG_10133353576,SUT540,2026-07-03T22:44:00,2026-07-04T12:14:00,SOJA,VOLCABLE_PTO_3,TERMINAL_EMBARQUE,INGRESO,MovimientosPorContrato_20260704.xlsx,NO_TRUCKFLOW_MATCH
CTG_10133340292,KDC275,2026-07-03T22:16:00,2026-07-04T12:15:00,SOJA,VOLCABLE_PTO_5,TERMINAL_EMBARQUE,INGRESO,MovimientosPorContrato_20260704.xlsx,NO_TRUCKFLOW_MATCH
CTG_10133341380,FJC556,2026-07-03T22:46:00,2026-07-04T12:20:00,SOJA,VOLCABLE_PTO_3,TERMINAL_EMBARQUE,INGRESO,MovimientosPorContrato_20260704.xlsx,NO_TRUCKFLOW_MATCH
CTG_10233356613,NSN821,2026-07-03T22:48:00,2026-07-04T12:22:00,SOJA,VOLCABLE_PTO_2,TERMINAL_EMBARQUE,INGRESO,MovimientosPorContrato_20260704.xlsx,NO_TRUCKFLOW_MATCH
CTG_10133322985,NKT244,2026-07-03T22:35:00,2026-07-04T12:24:00,SOJA,VOLCABLE_PTO_1,TERMINAL_EMBARQUE,INGRESO,MovimientosPorContrato_20260704.xlsx,NO_TRUCKFLOW_MATCH
CTG_10233344314,BXV300,2026-07-03T22:56:00,2026-07-04T12:29:00,SOJA,VOLCABLE_PTO_3,TERMINAL_EMBARQUE,INGRESO,MovimientosPorContrato_20260704.xlsx,NO_TRUCKFLOW_MATCH
CTG_10233344702,AA857YC,2026-07-03T22:55:00,2026-07-04T12:30:00,SOJA,VOLCABLE_PTO_2,TERMINAL_EMBARQUE,INGRESO,MovimientosPorContrato_20260704.xlsx,NO_TRUCKFLOW_MATCH
CTG_10233340510,GCX090,2026-07-03T22:54:00,2026-07-04T12:31:00,SOJA,VOLCABLE_PTO_1,TERMINAL_EMBARQUE,INGRESO,MovimientosPorContrato_20260704.xlsx,NO_TRUCKFLOW_MATCH
CTG_10133338050,IXK098,2026-07-03T17:27:00,2026-07-04T12:34:00,SOJA,VOLCABLE_PTO_5,TERMINAL_EMBARQUE,INGRESO,MovimientosPorContrato_20260704.xlsx,NO_TRUCKFLOW_MATCH
CTG_10233338515,AD709GM,2026-07-03T22:58:00,2026-07-04T12:35:00,SOJA,VOLCABLE_PTO_3,TERMINAL_EMBARQUE,INGRESO,MovimientosPorContrato_20260704.xlsx,NO_TRUCKFLOW_MATCH
CTG_10233340151,AE767SJ,2026-07-03T22:58:00,2026-07-04T12:36:00,SOJA,VOLCABLE_PTO_2,TERMINAL_EMBARQUE,INGRESO,MovimientosPorContrato_20260704.xlsx,NO_TRUCKFLOW_MATCH
CTG_10133333463,AE714TP,2026-07-03T22:51:00,2026-07-04T12:37:00,SOJA,VOLCABLE_PTO_5,TERMINAL_EMBARQUE,INGRESO,MovimientosPorContrato_20260704.xlsx,NO_TRUCKFLOW_MATCH
CTG_10233341646,AI058IN,2026-07-03T23:05:00,2026-07-04T12:39:00,SOJA,VOLCABLE_PTO_3,TERMINAL_EMBARQUE,INGRESO,MovimientosPorContrato_20260704.xlsx,NO_TRUCKFLOW_MATCH
CTG_10233328799,FHT435,2026-07-03T20:41:00,2026-07-04T12:40:00,GIRASOL,VOLCABLE_1,RICARDONE,INGRESO,MovimientosPorContrato_20260704.xlsx,NO_TRUCKFLOW_MATCH
CTG_10133328690,AG713PU,2026-07-03T13:21:00,2026-07-04T12:40:00,SOJA,VOLCABLE_PTO_1,TERMINAL_EMBARQUE,INGRESO,MovimientosPorContrato_20260704.xlsx,NO_TRUCKFLOW_MATCH
CTG_10133325260,HEH341,2026-07-04T10:31:00,2026-07-04T12:41:00,SOJA,CELDA_16,RICARDONE,INGRESO,MovimientosPorContrato_20260704.xlsx,NO_TRUCKFLOW_MATCH
CTG_10133347439,AC126UC,2026-07-03T23:04:00,2026-07-04T12:46:00,SOJA,VOLCABLE_PTO_3,TERMINAL_EMBARQUE,INGRESO,MovimientosPorContrato_20260704.xlsx,NO_TRUCKFLOW_MATCH
CTG_10233351084,GBB157,2026-07-03T22:59:00,2026-07-04T12:47:00,SOJA,VOLCABLE_PTO_2,TERMINAL_EMBARQUE,INGRESO,MovimientosPorContrato_20260704.xlsx,NO_TRUCKFLOW_MATCH
CTG_10133345600,DZZ900,2026-07-03T23:06:00,2026-07-04T12:48:00,SOJA,VOLCABLE_PTO_1,TERMINAL_EMBARQUE,INGRESO,MovimientosPorContrato_20260704.xlsx,NO_TRUCKFLOW_MATCH
CTG_10233351092,AH298ZU,2026-07-03T23:13:00,2026-07-04T12:50:00,SOJA,VOLCABLE_PTO_2,TERMINAL_EMBARQUE,INGRESO,MovimientosPorContrato_20260704.xlsx,NO_TRUCKFLOW_MATCH
CTG_10133326890,AE075IA,2026-07-03T23:01:00,2026-07-04T12:52:00,SOJA,VOLCABLE_PTO_5,TERMINAL_EMBARQUE,INGRESO,MovimientosPorContrato_20260704.xlsx,NO_TRUCKFLOW_MATCH
CTG_10133341644,AH477HF,2026-07-03T23:11:00,2026-07-04T12:53:00,SOJA,VOLCABLE_PTO_1,TERMINAL_EMBARQUE,INGRESO,MovimientosPorContrato_20260704.xlsx,NO_TRUCKFLOW_MATCH
CTG_10133331448,JBC329,2026-07-04T02:52:00,2026-07-04T12:54:00,GIRASOL,VOLCABLE_1,RICARDONE,INGRESO,MovimientosPorContrato_20260704.xlsx,NO_TRUCKFLOW_MATCH
CTG_10133354485,AI174XD,2026-07-03T23:14:00,2026-07-04T12:57:00,SOJA,VOLCABLE_PTO_1,TERMINAL_EMBARQUE,INGRESO,MovimientosPorContrato_20260704.xlsx,NO_TRUCKFLOW_MATCH
CTG_10133335644,BSR834,2026-07-03T23:00:00,2026-07-04T12:57:00,GIRASOL,VOLCABLE_2,RICARDONE,INGRESO,MovimientosPorContrato_20260704.xlsx,NO_TRUCKFLOW_MATCH
CTG_10233343765,HME741,2026-07-03T23:24:00,2026-07-04T13:05:00,SOJA,VOLCABLE_PTO_1,TERMINAL_EMBARQUE,INGRESO,MovimientosPorContrato_20260704.xlsx,NO_TRUCKFLOW_MATCH
CTG_10133354165,EEY509,2026-07-03T23:03:00,2026-07-04T13:08:00,SOJA,VOLCABLE_PTO_5,TERMINAL_EMBARQUE,INGRESO,MovimientosPorContrato_20260704.xlsx,NO_TRUCKFLOW_MATCH
CTG_10133352950,LWP808,2026-07-03T23:03:00,2026-07-04T13:11:00,SOJA,VOLCABLE_PTO_2,TERMINAL_EMBARQUE,INGRESO,MovimientosPorContrato_20260704.xlsx,NO_TRUCKFLOW_MATCH
CTG_10133325285,HNO500,2026-07-03T23:08:00,2026-07-04T13:19:00,SOJA,VOLCABLE_PTO_5,TERMINAL_EMBARQUE,INGRESO,MovimientosPorContrato_20260704.xlsx,NO_TRUCKFLOW_MATCH
CTG_10233363438,RTW199,2026-07-04T07:49:00,2026-07-04T13:19:00,GIRASOL,VOLCABLE_1,RICARDONE,INGRESO,MovimientosPorContrato_20260704.xlsx,NO_TRUCKFLOW_MATCH
CTG_10133326242,AB626YD,2026-07-03T23:12:00,2026-07-04T13:20:00,SOJA,VOLCABLE_PTO_2,TERMINAL_EMBARQUE,INGRESO,MovimientosPorContrato_20260704.xlsx,NO_TRUCKFLOW_MATCH
CTG_10133322822,AF537BF,2026-07-03T13:30:00,2026-07-04T13:23:00,SOJA,VOLCABLE_PTO_5,TERMINAL_EMBARQUE,INGRESO,MovimientosPorContrato_20260704.xlsx,NO_TRUCKFLOW_MATCH
CTG_10133327426,AA946DL,2026-07-03T23:19:00,2026-07-04T13:24:00,SOJA,VOLCABLE_PTO_1,TERMINAL_EMBARQUE,INGRESO,MovimientosPorContrato_20260704.xlsx,NO_TRUCKFLOW_MATCH
COMPROB_000404035936,AC299GI,2026-07-04T10:21:00,2026-07-04T13:26:00,ACIDO CITRICO ANHIDRO,,TERMINAL_EMBARQUE,INGRESO,MovimientosPorContrato_20260704.xlsx,NO_TRUCKFLOW_MATCH
CTG_10133343491,AH955SG,2026-07-03T23:36:00,2026-07-04T13:28:00,SOJA,VOLCABLE_PTO_5,TERMINAL_EMBARQUE,INGRESO,MovimientosPorContrato_20260704.xlsx,NO_TRUCKFLOW_MATCH
CTG_10133361299,KBG661,2026-07-03T23:25:00,2026-07-04T13:30:00,SOJA,VOLCABLE_PTO_2,TERMINAL_EMBARQUE,INGRESO,MovimientosPorContrato_20260704.xlsx,NO_TRUCKFLOW_MATCH
CTG_10133338645,EGM242,2026-07-03T23:28:00,2026-07-04T13:32:00,SOJA,VOLCABLE_PTO_1,TERMINAL_EMBARQUE,INGRESO,MovimientosPorContrato_20260704.xlsx,NO_TRUCKFLOW_MATCH
CTG_10233350839,HIW139,2026-07-03T23:31:00,2026-07-04T13:36:00,SOJA,VOLCABLE_PTO_2,TERMINAL_EMBARQUE,INGRESO,MovimientosPorContrato_20260704.xlsx,NO_TRUCKFLOW_MATCH
CTG_10233350848,EDX206,2026-07-03T23:34:00,2026-07-04T13:37:00,SOJA,VOLCABLE_PTO_1,TERMINAL_EMBARQUE,INGRESO,MovimientosPorContrato_20260704.xlsx,NO_TRUCKFLOW_MATCH
CTG_10133336467,AI071FD,2026-07-03T23:48:00,2026-07-04T13:43:00,SOJA,VOLCABLE_PTO_1,TERMINAL_EMBARQUE,INGRESO,MovimientosPorContrato_20260704.xlsx,NO_TRUCKFLOW_MATCH
CTG_10133321346,JLK415,2026-07-04T00:07:00,2026-07-04T13:44:00,SOJA,VOLCABLE_PTO_5,TERMINAL_EMBARQUE,INGRESO,MovimientosPorContrato_20260704.xlsx,NO_TRUCKFLOW_MATCH
CTG_10133349354,AB244MN,2026-07-03T23:40:00,2026-07-04T13:47:00,SOJA,VOLCABLE_PTO_2,TERMINAL_EMBARQUE,INGRESO,MovimientosPorContrato_20260704.xlsx,NO_TRUCKFLOW_MATCH
CTG_10133336154,AG996YJ,2026-07-03T23:49:00,2026-07-04T13:48:00,SOJA,VOLCABLE_PTO_1,TERMINAL_EMBARQUE,INGRESO,MovimientosPorContrato_20260704.xlsx,NO_TRUCKFLOW_MATCH
CTG_10233357274,IGM580,2026-07-04T12:11:00,2026-07-04T13:49:00,SOJA,CELDA_16,RICARDONE,INGRESO,MovimientosPorContrato_20260704.xlsx,NO_TRUCKFLOW_MATCH
COMPROB_000400419259,UUH077,2026-07-04T12:34:00,2026-07-04T13:50:00,ACEITE GIRASOL REFINADO,ACEITE_OSL,TERMINAL_EMBARQUE,EGRESO,MovimientosPorContrato_20260704.xlsx,NO_TRUCKFLOW_MATCH
CTG_10133336401,AI255YZ,2026-07-03T23:49:00,2026-07-04T13:52:00,SOJA,VOLCABLE_PTO_2,TERMINAL_EMBARQUE,INGRESO,MovimientosPorContrato_20260704.xlsx,NO_TRUCKFLOW_MATCH
CTG_10233357953,NAZ991,2026-07-04T05:46:00,2026-07-04T13:58:00,GIRASOL,VOLCABLE_2,RICARDONE,INGRESO,MovimientosPorContrato_20260704.xlsx,NO_TRUCKFLOW_MATCH
CTG_10233356118,OBT877,2026-07-04T08:01:00,2026-07-04T14:00:00,GIRASOL,VOLCABLE_1,RICARDONE,INGRESO,MovimientosPorContrato_20260704.xlsx,NO_TRUCKFLOW_MATCH
CTG_10133339553,LRG809,2026-07-04T01:00:00,2026-07-04T14:00:00,SOJA,VOLCABLE_PTO_5,TERMINAL_EMBARQUE,INGRESO,MovimientosPorContrato_20260704.xlsx,NO_TRUCKFLOW_MATCH
CTG_10233348085,AE966EV,2026-07-03T23:52:00,2026-07-04T14:02:00,SOJA,VOLCABLE_PTO_1,TERMINAL_EMBARQUE,INGRESO,MovimientosPorContrato_20260704.xlsx,NO_TRUCKFLOW_MATCH
CTG_10233352865,KLM808,2026-07-03T23:53:00,2026-07-04T14:07:00,SOJA,VOLCABLE_PTO_1,TERMINAL_EMBARQUE,INGRESO,MovimientosPorContrato_20260704.xlsx,NO_TRUCKFLOW_MATCH
CTG_10133353755,TZT922,2026-07-03T23:51:00,2026-07-04T14:07:00,SOJA,VOLCABLE_PTO_2,TERMINAL_EMBARQUE,INGRESO,MovimientosPorContrato_20260704.xlsx,NO_TRUCKFLOW_MATCH
CTG_10233350739,LYQ541,2026-07-03T23:56:00,2026-07-04T14:08:00,SOJA,VOLCABLE_PTO_5,TERMINAL_EMBARQUE,INGRESO,MovimientosPorContrato_20260704.xlsx,NO_TRUCKFLOW_MATCH
CTG_10133348508,AC434NR,2026-07-03T23:43:00,2026-07-04T14:15:00,SOJA,VOLCABLE_PTO_5,TERMINAL_EMBARQUE,INGRESO,MovimientosPorContrato_20260704.xlsx,NO_TRUCKFLOW_MATCH
CTG_10233335218,AB835ID,2026-07-03T23:54:00,2026-07-04T14:16:00,SOJA,VOLCABLE_PTO_2,TERMINAL_EMBARQUE,INGRESO,MovimientosPorContrato_20260704.xlsx,NO_TRUCKFLOW_MATCH
CTG_10133338308,AB358AE,2026-07-04T00:02:00,2026-07-04T14:17:00,SOJA,VOLCABLE_PTO_1,TERMINAL_EMBARQUE,INGRESO,MovimientosPorContrato_20260704.xlsx,NO_TRUCKFLOW_MATCH
CTG_10133319239,MRB778,2026-07-04T00:01:00,2026-07-04T14:23:00,SOJA,VOLCABLE_PTO_2,TERMINAL_EMBARQUE,INGRESO,MovimientosPorContrato_20260704.xlsx,NO_TRUCKFLOW_MATCH
CTG_10133342661,CVD938,2026-07-04T00:05:00,2026-07-04T14:28:00,SOJA,VOLCABLE_PTO_2,TERMINAL_EMBARQUE,INGRESO,MovimientosPorContrato_20260704.xlsx,NO_TRUCKFLOW_MATCH
CTG_10133337837,NMR509,2026-07-03T23:54:00,2026-07-04T14:30:00,SOJA,VOLCABLE_PTO_1,TERMINAL_EMBARQUE,INGRESO,MovimientosPorContrato_20260704.xlsx,NO_TRUCKFLOW_MATCH
CTG_10133329806,AF342SQ,2026-07-04T00:05:00,2026-07-04T14:31:00,SOJA,VOLCABLE_PTO_5,TERMINAL_EMBARQUE,INGRESO,MovimientosPorContrato_20260704.xlsx,NO_TRUCKFLOW_MATCH
CTG_10233363442,RNA350,2026-07-04T08:12:00,2026-07-04T14:35:00,GIRASOL,VOLCABLE_1,RICARDONE,INGRESO,MovimientosPorContrato_20260704.xlsx,NO_TRUCKFLOW_MATCH
CTG_10233356900,HKY581,2026-07-04T00:16:00,2026-07-04T14:35:00,SOJA,VOLCABLE_PTO_2,TERMINAL_EMBARQUE,INGRESO,MovimientosPorContrato_20260704.xlsx,NO_TRUCKFLOW_MATCH
CTG_10233362864,GKZ110,2026-07-04T00:06:00,2026-07-04T14:36:00,SOJA,VOLCABLE_PTO_5,TERMINAL_EMBARQUE,INGRESO,MovimientosPorContrato_20260704.xlsx,NO_TRUCKFLOW_MATCH
CTG_10233361356,CZH077,2026-07-04T00:03:00,2026-07-04T14:37:00,SOJA,VOLCABLE_PTO_1,TERMINAL_EMBARQUE,INGRESO,MovimientosPorContrato_20260704.xlsx,NO_TRUCKFLOW_MATCH
CTG_10233359276,AE164CV,2026-07-04T00:44:00,2026-07-04T14:42:00,SOJA,VOLCABLE_PTO_2,TERMINAL_EMBARQUE,INGRESO,MovimientosPorContrato_20260704.xlsx,NO_TRUCKFLOW_MATCH
CTG_10133336553,AB993MF,2026-07-04T00:33:00,2026-07-04T14:49:00,SOJA,VOLCABLE_PTO_1,TERMINAL_EMBARQUE,INGRESO,MovimientosPorContrato_20260704.xlsx,NO_TRUCKFLOW_MATCH
CTG_10133342990,AA532NJ,2026-07-04T00:31:00,2026-07-04T14:50:00,SOJA,VOLCABLE_PTO_5,TERMINAL_EMBARQUE,INGRESO,MovimientosPorContrato_20260704.xlsx,NO_TRUCKFLOW_MATCH
CTG_10133360786,HBF563,2026-07-04T00:50:00,2026-07-04T14:52:00,SOJA,VOLCABLE_PTO_1,TERMINAL_EMBARQUE,INGRESO,MovimientosPorContrato_20260704.xlsx,NO_TRUCKFLOW_MATCH
CTG_10133347803,AF694DA,2026-07-04T00:26:00,2026-07-04T14:54:00,SOJA,VOLCABLE_PTO_5,TERMINAL_EMBARQUE,INGRESO,MovimientosPorContrato_20260704.xlsx,NO_TRUCKFLOW_MATCH
CTG_10133356571,ODT270,2026-07-04T00:32:00,2026-07-04T14:57:00,SOJA,VOLCABLE_PTO_2,TERMINAL_EMBARQUE,INGRESO,MovimientosPorContrato_20260704.xlsx,NO_TRUCKFLOW_MATCH
CTG_10233325902,AG763JI,2026-07-03T18:25:00,2026-07-04T15:01:00,GIRASOL,VOLCABLE_1,RICARDONE,INGRESO,MovimientosPorContrato_20260704.xlsx,NO_TRUCKFLOW_MATCH
CTG_10133341531,AH517KI,2026-07-04T01:11:00,2026-07-04T15:02:00,SOJA,VOLCABLE_PTO_5,TERMINAL_EMBARQUE,INGRESO,MovimientosPorContrato_20260704.xlsx,NO_TRUCKFLOW_MATCH
CTG_10233363450,GFG620,2026-07-04T08:13:00,2026-07-04T15:03:00,GIRASOL,VOLCABLE_2,RICARDONE,INGRESO,MovimientosPorContrato_20260704.xlsx,NO_TRUCKFLOW_MATCH
CTG_10133335527,HPX176,2026-07-04T00:45:00,2026-07-04T15:05:00,SOJA,VOLCABLE_PTO_2,TERMINAL_EMBARQUE,INGRESO,MovimientosPorContrato_20260704.xlsx,NO_TRUCKFLOW_MATCH
CTG_10133321509,TSR155,2026-07-04T00:46:00,2026-07-04T15:12:00,SOJA,VOLCABLE_PTO_1,TERMINAL_EMBARQUE,INGRESO,MovimientosPorContrato_20260704.xlsx,NO_TRUCKFLOW_MATCH
CTG_10133362647,AC306EK,2026-07-03T23:07:00,2026-07-04T15:13:00,SOJA,VOLCABLE_PTO_1,TERMINAL_EMBARQUE,INGRESO,MovimientosPorContrato_20260704.xlsx,NO_TRUCKFLOW_MATCH
CTG_10133321651,RPO559,2026-07-04T00:47:00,2026-07-04T15:14:00,SOJA,VOLCABLE_PTO_2,TERMINAL_EMBARQUE,INGRESO,MovimientosPorContrato_20260704.xlsx,NO_TRUCKFLOW_MATCH
CTG_10133345508,AH314QJ,2026-07-04T01:12:00,2026-07-04T15:15:00,SOJA,VOLCABLE_PTO_5,TERMINAL_EMBARQUE,INGRESO,MovimientosPorContrato_20260704.xlsx,NO_TRUCKFLOW_MATCH
CTG_10233356095,AH211II,2026-07-04T01:08:00,2026-07-04T15:19:00,SOJA,VOLCABLE_PTO_2,TERMINAL_EMBARQUE,INGRESO,MovimientosPorContrato_20260704.xlsx,NO_TRUCKFLOW_MATCH
CTG_10233357736,AE015QO,2026-07-03T22:59:00,2026-07-04T15:20:00,SOJA,VOLCABLE_PTO_1,TERMINAL_EMBARQUE,INGRESO,MovimientosPorContrato_20260704.xlsx,NO_TRUCKFLOW_MATCH
CTG_10133359819,JUD242,2026-07-04T01:14:00,2026-07-04T15:23:00,SOJA,VOLCABLE_PTO_5,TERMINAL_EMBARQUE,INGRESO,MovimientosPorContrato_20260704.xlsx,NO_TRUCKFLOW_MATCH
CTG_10133335810,AB630NI,2026-07-04T01:09:00,2026-07-04T15:24:00,SOJA,VOLCABLE_PTO_1,TERMINAL_EMBARQUE,INGRESO,MovimientosPorContrato_20260704.xlsx,NO_TRUCKFLOW_MATCH
CTG_10133345627,GPW998,2026-07-04T01:07:00,2026-07-04T15:25:00,SOJA,VOLCABLE_PTO_2,TERMINAL_EMBARQUE,INGRESO,MovimientosPorContrato_20260704.xlsx,NO_TRUCKFLOW_MATCH
CTG_10133363152,CCV220,2026-07-04T01:28:00,2026-07-04T15:31:00,SOJA,VOLCABLE_PTO_5,TERMINAL_EMBARQUE,INGRESO,MovimientosPorContrato_20260704.xlsx,NO_TRUCKFLOW_MATCH
CTG_10133340319,JNP182,2026-07-04T01:10:00,2026-07-04T15:34:00,SOJA,VOLCABLE_PTO_1,TERMINAL_EMBARQUE,INGRESO,MovimientosPorContrato_20260704.xlsx,NO_TRUCKFLOW_MATCH
CTG_10133353483,JSY562,2026-07-04T01:14:00,2026-07-04T15:35:00,SOJA,VOLCABLE_PTO_2,TERMINAL_EMBARQUE,INGRESO,MovimientosPorContrato_20260704.xlsx,NO_TRUCKFLOW_MATCH
CTG_10133342522,AE454MO,2026-07-04T01:17:00,2026-07-04T15:38:00,SOJA,VOLCABLE_PTO_5,TERMINAL_EMBARQUE,INGRESO,MovimientosPorContrato_20260704.xlsx,NO_TRUCKFLOW_MATCH
CTG_10133342378,LDN602,2026-07-04T01:16:00,2026-07-04T15:40:00,SOJA,VOLCABLE_PTO_2,TERMINAL_EMBARQUE,INGRESO,MovimientosPorContrato_20260704.xlsx,NO_TRUCKFLOW_MATCH
CTG_10133345493,EXD160,2026-07-04T01:08:00,2026-07-04T15:43:00,SOJA,VOLCABLE_PTO_1,TERMINAL_EMBARQUE,INGRESO,MovimientosPorContrato_20260704.xlsx,NO_TRUCKFLOW_MATCH
CTG_10233363452,RYL693,2026-07-04T08:14:00,2026-07-04T15:44:00,GIRASOL,VOLCABLE_2,RICARDONE,INGRESO,MovimientosPorContrato_20260704.xlsx,NO_TRUCKFLOW_MATCH
CTG_10233360392,AH298ZV,2026-07-04T01:22:00,2026-07-04T15:49:00,SOJA,VOLCABLE_PTO_2,TERMINAL_EMBARQUE,INGRESO,MovimientosPorContrato_20260704.xlsx,NO_TRUCKFLOW_MATCH
CTG_10133347692,SQG169,2026-07-04T01:10:00,2026-07-04T15:51:00,SOJA,VOLCABLE_PTO_5,TERMINAL_EMBARQUE,INGRESO,MovimientosPorContrato_20260704.xlsx,NO_TRUCKFLOW_MATCH
CTG_10133361610,AE193WI,2026-07-04T01:29:00,2026-07-04T15:52:00,SOJA,VOLCABLE_PTO_2,TERMINAL_EMBARQUE,INGRESO,MovimientosPorContrato_20260704.xlsx,NO_TRUCKFLOW_MATCH
CTG_10233354463,AE860OJ,2026-07-04T01:21:00,2026-07-04T15:53:00,SOJA,VOLCABLE_PTO_1,TERMINAL_EMBARQUE,INGRESO,MovimientosPorContrato_20260704.xlsx,NO_TRUCKFLOW_MATCH
CTG_10133337933,FWN124,2026-07-04T01:24:00,2026-07-04T15:56:00,SOJA,VOLCABLE_PTO_5,TERMINAL_EMBARQUE,INGRESO,MovimientosPorContrato_20260704.xlsx,NO_TRUCKFLOW_MATCH
CTG_10133337550,KLC865,2026-07-04T01:27:00,2026-07-04T16:02:00,SOJA,VOLCABLE_PTO_2,TERMINAL_EMBARQUE,INGRESO,MovimientosPorContrato_20260704.xlsx,NO_TRUCKFLOW_MATCH
CTG_10133361595,AF199PA,2026-07-04T01:30:00,2026-07-04T16:03:00,SOJA,VOLCABLE_PTO_5,TERMINAL_EMBARQUE,INGRESO,MovimientosPorContrato_20260704.xlsx,NO_TRUCKFLOW_MATCH
CTG_10133361360,JKE754,2026-07-04T01:26:00,2026-07-04T16:04:00,SOJA,VOLCABLE_PTO_1,TERMINAL_EMBARQUE,INGRESO,MovimientosPorContrato_20260704.xlsx,NO_TRUCKFLOW_MATCH
CTG_10133338887,PER706,2026-07-04T01:32:00,2026-07-04T16:07:00,SOJA,VOLCABLE_PTO_1,TERMINAL_EMBARQUE,INGRESO,MovimientosPorContrato_20260704.xlsx,NO_TRUCKFLOW_MATCH
CTG_10133347981,FUO473,2026-07-04T01:33:00,2026-07-04T16:09:00,SOJA,VOLCABLE_PTO_2,TERMINAL_EMBARQUE,INGRESO,MovimientosPorContrato_20260704.xlsx,NO_TRUCKFLOW_MATCH
CTG_10233325415,EZN584,2026-07-03T12:12:00,2026-07-04T16:17:00,GIRASOL,VOLCABLE_1,RICARDONE,INGRESO,MovimientosPorContrato_20260704.xlsx,NO_TRUCKFLOW_MATCH
CTG_10133332170,WWR001,2026-07-03T23:47:00,2026-07-04T16:17:00,SOJA,VOLCABLE_PTO_1,TERMINAL_EMBARQUE,INGRESO,MovimientosPorContrato_20260704.xlsx,NO_TRUCKFLOW_MATCH
CTG_10233363453,RDB282,2026-07-04T08:14:00,2026-07-04T16:18:00,GIRASOL,VOLCABLE_2,RICARDONE,INGRESO,MovimientosPorContrato_20260704.xlsx,NO_TRUCKFLOW_MATCH
CTG_10133353556,UDS820,2026-07-04T01:37:00,2026-07-04T16:18:00,SOJA,VOLCABLE_PTO_2,TERMINAL_EMBARQUE,INGRESO,MovimientosPorContrato_20260704.xlsx,NO_TRUCKFLOW_MATCH
CTG_10233356312,FZT345,2026-07-04T01:34:00,2026-07-04T16:19:00,SOJA,VOLCABLE_PTO_5,TERMINAL_EMBARQUE,INGRESO,MovimientosPorContrato_20260704.xlsx,NO_TRUCKFLOW_MATCH
CTG_10133318863,HSQ912,2026-07-04T01:39:00,2026-07-04T16:25:00,SOJA,VOLCABLE_PTO_1,TERMINAL_EMBARQUE,INGRESO,MovimientosPorContrato_20260704.xlsx,NO_TRUCKFLOW_MATCH
CTG_10133360820,EDK201,2026-07-04T01:41:00,2026-07-04T16:27:00,SOJA,VOLCABLE_PTO_2,TERMINAL_EMBARQUE,INGRESO,MovimientosPorContrato_20260704.xlsx,NO_TRUCKFLOW_MATCH
CTG_10233353975,GMD545,2026-07-04T00:04:00,2026-07-04T16:28:00,SOJA,VOLCABLE_PTO_5,TERMINAL_EMBARQUE,INGRESO,MovimientosPorContrato_20260704.xlsx,NO_TRUCKFLOW_MATCH
CTG_10133330835,JRK452,2026-07-04T03:19:00,2026-07-04T16:30:00,SOJA,VOLCABLE_PTO_2,TERMINAL_EMBARQUE,INGRESO,MovimientosPorContrato_20260704.xlsx,NO_TRUCKFLOW_MATCH
CTG_10233360756,EPB707,2026-07-04T01:44:00,2026-07-04T16:32:00,SOJA,VOLCABLE_PTO_1,TERMINAL_EMBARQUE,INGRESO,MovimientosPorContrato_20260704.xlsx,NO_TRUCKFLOW_MATCH
CTG_10233350867,MSN587,2026-07-04T01:56:00,2026-07-04T16:35:00,SOJA,VOLCABLE_PTO_2,TERMINAL_EMBARQUE,INGRESO,MovimientosPorContrato_20260704.xlsx,NO_TRUCKFLOW_MATCH
CTG_10133319316,KLX275,2026-07-04T01:49:00,2026-07-04T16:36:00,SOJA,VOLCABLE_PTO_1,TERMINAL_EMBARQUE,INGRESO,MovimientosPorContrato_20260704.xlsx,NO_TRUCKFLOW_MATCH
CTG_10233342380,UXP135,2026-07-04T00:09:00,2026-07-04T16:37:00,SOJA,VOLCABLE_PTO_5,TERMINAL_EMBARQUE,INGRESO,MovimientosPorContrato_20260704.xlsx,NO_TRUCKFLOW_MATCH
CTG_10133351706,VFJ591,2026-07-04T01:55:00,2026-07-04T16:43:00,SOJA,VOLCABLE_PTO_2,TERMINAL_EMBARQUE,INGRESO,MovimientosPorContrato_20260704.xlsx,NO_TRUCKFLOW_MATCH
CTG_10233358042,HGN611,2026-07-04T02:01:00,2026-07-04T16:45:00,SOJA,VOLCABLE_PTO_1,TERMINAL_EMBARQUE,INGRESO,MovimientosPorContrato_20260704.xlsx,NO_TRUCKFLOW_MATCH
CTG_10133318632,WVL113,2026-07-04T01:40:00,2026-07-04T16:48:00,SOJA,VOLCABLE_PTO_5,TERMINAL_EMBARQUE,INGRESO,MovimientosPorContrato_20260704.xlsx,NO_TRUCKFLOW_MATCH
CTG_10233363457,RIA146,2026-07-04T08:38:00,2026-07-04T16:50:00,GIRASOL,VOLCABLE_2,RICARDONE,INGRESO,MovimientosPorContrato_20260704.xlsx,NO_TRUCKFLOW_MATCH
CTG_10233346237,XHF656,2026-07-04T02:08:00,2026-07-04T16:50:00,SOJA,VOLCABLE_PTO_2,TERMINAL_EMBARQUE,INGRESO,MovimientosPorContrato_20260704.xlsx,NO_TRUCKFLOW_MATCH
CTG_10233346039,NHF718,2026-07-04T02:09:00,2026-07-04T16:55:00,SOJA,VOLCABLE_PTO_1,TERMINAL_EMBARQUE,INGRESO,MovimientosPorContrato_20260704.xlsx,NO_TRUCKFLOW_MATCH
CTG_10233347008,LMN193,2026-07-04T02:11:00,2026-07-04T16:57:00,SOJA,VOLCABLE_PTO_2,TERMINAL_EMBARQUE,INGRESO,MovimientosPorContrato_20260704.xlsx,NO_TRUCKFLOW_MATCH
CTG_10233345044,CSZ447,2026-07-04T02:09:00,2026-07-04T16:58:00,SOJA,VOLCABLE_PTO_5,TERMINAL_EMBARQUE,INGRESO,MovimientosPorContrato_20260704.xlsx,NO_TRUCKFLOW_MATCH
CTG_10133339836,LSE719,2026-07-04T02:17:00,2026-07-04T17:02:00,SOJA,VOLCABLE_PTO_1,TERMINAL_EMBARQUE,INGRESO,MovimientosPorContrato_20260704.xlsx,NO_TRUCKFLOW_MATCH
CTG_10233342571,KMD365,2026-07-04T02:18:00,2026-07-04T17:03:00,SOJA,VOLCABLE_PTO_5,TERMINAL_EMBARQUE,INGRESO,MovimientosPorContrato_20260704.xlsx,NO_TRUCKFLOW_MATCH
CTG_10133344486,EPW278,2026-07-04T02:48:00,2026-07-04T17:06:00,SOJA,VOLCABLE_PTO_2,TERMINAL_EMBARQUE,INGRESO,MovimientosPorContrato_20260704.xlsx,NO_TRUCKFLOW_MATCH
CTG_10133337662,AI205AY,2026-07-04T02:49:00,2026-07-04T17:08:00,SOJA,VOLCABLE_PTO_1,TERMINAL_EMBARQUE,INGRESO,MovimientosPorContrato_20260704.xlsx,NO_TRUCKFLOW_MATCH
CTG_10133341833,GUI808,2026-07-04T02:16:00,2026-07-04T17:12:00,SOJA,VOLCABLE_PTO_2,TERMINAL_EMBARQUE,INGRESO,MovimientosPorContrato_20260704.xlsx,NO_TRUCKFLOW_MATCH
CTG_10233348108,MLJ232,2026-07-04T02:53:00,2026-07-04T17:14:00,SOJA,VOLCABLE_PTO_1,TERMINAL_EMBARQUE,INGRESO,MovimientosPorContrato_20260704.xlsx,NO_TRUCKFLOW_MATCH
CTG_10133334327,KUZ363,2026-07-04T02:54:00,2026-07-04T17:16:00,SOJA,VOLCABLE_PTO_2,TERMINAL_EMBARQUE,INGRESO,MovimientosPorContrato_20260704.xlsx,NO_TRUCKFLOW_MATCH
CTG_10133358955,NVT723,2026-07-04T02:51:00,2026-07-04T17:18:00,SOJA,VOLCABLE_PTO_5,TERMINAL_EMBARQUE,INGRESO,MovimientosPorContrato_20260704.xlsx,NO_TRUCKFLOW_MATCH
CTG_10133335828,AE741XZ,2026-07-04T02:58:00,2026-07-04T17:21:00,SOJA,VOLCABLE_PTO_1,TERMINAL_EMBARQUE,INGRESO,MovimientosPorContrato_20260704.xlsx,NO_TRUCKFLOW_MATCH
CTG_10133337427,BFU139,2026-07-04T02:59:00,2026-07-04T17:23:00,SOJA,VOLCABLE_PTO_2,TERMINAL_EMBARQUE,INGRESO,MovimientosPorContrato_20260704.xlsx,NO_TRUCKFLOW_MATCH
CTG_10233346071,LCZ111,2026-07-04T02:57:00,2026-07-04T17:23:00,SOJA,VOLCABLE_PTO_5,TERMINAL_EMBARQUE,INGRESO,MovimientosPorContrato_20260704.xlsx,NO_TRUCKFLOW_MATCH
CTG_10233358597,AA493CV,2026-07-04T03:02:00,2026-07-04T17:27:00,SOJA,VOLCABLE_PTO_2,TERMINAL_EMBARQUE,INGRESO,MovimientosPorContrato_20260704.xlsx,NO_TRUCKFLOW_MATCH
CTG_10233363461,ESI808,2026-07-04T08:39:00,2026-07-04T17:28:00,GIRASOL,VOLCABLE_2,RICARDONE,INGRESO,MovimientosPorContrato_20260704.xlsx,NO_TRUCKFLOW_MATCH
CTG_10233360810,GJU077,2026-07-04T03:03:00,2026-07-04T17:28:00,SOJA,VOLCABLE_PTO_1,TERMINAL_EMBARQUE,INGRESO,MovimientosPorContrato_20260704.xlsx,NO_TRUCKFLOW_MATCH
CTG_10133343104,FZP327,2026-07-04T03:09:00,2026-07-04T17:31:00,SOJA,VOLCABLE_PTO_5,TERMINAL_EMBARQUE,INGRESO,MovimientosPorContrato_20260704.xlsx,NO_TRUCKFLOW_MATCH
CTG_10233325581,HZY508,2026-07-03T12:12:00,2026-07-04T17:36:00,GIRASOL,VOLCABLE_1,RICARDONE,INGRESO,MovimientosPorContrato_20260704.xlsx,NO_TRUCKFLOW_MATCH
CTG_10133353299,LNP471,2026-07-04T01:15:00,2026-07-04T17:36:00,SOJA,VOLCABLE_PTO_1,TERMINAL_EMBARQUE,INGRESO,MovimientosPorContrato_20260704.xlsx,NO_TRUCKFLOW_MATCH
CTG_10133359737,AI154XQ,2026-07-04T03:13:00,2026-07-04T17:38:00,SOJA,VOLCABLE_PTO_1,TERMINAL_EMBARQUE,INGRESO,MovimientosPorContrato_20260704.xlsx,NO_TRUCKFLOW_MATCH
CTG_10133340294,AC647LO,2026-07-04T01:20:00,2026-07-04T17:39:00,SOJA,VOLCABLE_PTO_5,TERMINAL_EMBARQUE,INGRESO,MovimientosPorContrato_20260704.xlsx,NO_TRUCKFLOW_MATCH
CTG_10233359413,ROU751,2026-07-04T01:06:00,2026-07-04T17:40:00,SOJA,VOLCABLE_PTO_2,TERMINAL_EMBARQUE,INGRESO,MovimientosPorContrato_20260704.xlsx,NO_TRUCKFLOW_MATCH
CTG_10133329234,EUF553,2026-07-04T03:08:00,2026-07-04T17:41:00,SOJA,VOLCABLE_PTO_2,TERMINAL_EMBARQUE,INGRESO,MovimientosPorContrato_20260704.xlsx,NO_TRUCKFLOW_MATCH
CTG_10133353943,AE970VP,2026-07-04T03:20:00,2026-07-04T17:47:00,SOJA,VOLCABLE_PTO_1,TERMINAL_EMBARQUE,INGRESO,MovimientosPorContrato_20260704.xlsx,NO_TRUCKFLOW_MATCH
CTG_10133351096,CBC163,2026-07-04T01:25:00,2026-07-04T17:49:00,SOJA,VOLCABLE_PTO_5,TERMINAL_EMBARQUE,INGRESO,MovimientosPorContrato_20260704.xlsx,NO_TRUCKFLOW_MATCH
CTG_10233355725,AE517JC,2026-07-04T03:24:00,2026-07-04T17:50:00,SOJA,VOLCABLE_PTO_2,TERMINAL_EMBARQUE,INGRESO,MovimientosPorContrato_20260704.xlsx,NO_TRUCKFLOW_MATCH
CTG_10133336447,OXL620,2026-07-04T03:31:00,2026-07-04T17:52:00,SOJA,VOLCABLE_PTO_2,TERMINAL_EMBARQUE,INGRESO,MovimientosPorContrato_20260704.xlsx,NO_TRUCKFLOW_MATCH
CTG_10233343479,AE997FP,2026-07-04T03:32:00,2026-07-04T17:54:00,SOJA,VOLCABLE_PTO_1,TERMINAL_EMBARQUE,INGRESO,MovimientosPorContrato_20260704.xlsx,NO_TRUCKFLOW_MATCH
CTG_10133342582,AD204BC,2026-07-04T01:19:00,2026-07-04T17:58:00,SOJA,VOLCABLE_PTO_5,TERMINAL_EMBARQUE,INGRESO,MovimientosPorContrato_20260704.xlsx,NO_TRUCKFLOW_MATCH
CTG_10133339356,AA191UR,2026-07-04T03:17:00,2026-07-04T18:07:00,SOJA,VOLCABLE_PTO_2,TERMINAL_EMBARQUE,INGRESO,MovimientosPorContrato_20260704.xlsx,NO_TRUCKFLOW_MATCH
CTG_10133352705,CFJ678,2026-07-04T03:27:00,2026-07-04T18:08:00,SOJA,VOLCABLE_PTO_5,TERMINAL_EMBARQUE,INGRESO,MovimientosPorContrato_20260704.xlsx,NO_TRUCKFLOW_MATCH
CTG_10133352895,KUH066,2026-07-04T03:28:00,2026-07-04T18:09:00,SOJA,VOLCABLE_PTO_1,TERMINAL_EMBARQUE,INGRESO,MovimientosPorContrato_20260704.xlsx,NO_TRUCKFLOW_MATCH
CTG_10233360940,AB291HC,2026-07-04T09:13:00,2026-07-04T18:13:00,GIRASOL,VOLCABLE_2,RICARDONE,INGRESO,MovimientosPorContrato_20260704.xlsx,NO_TRUCKFLOW_MATCH
CTG_10133330627,AB688QK,2026-07-04T03:43:00,2026-07-04T18:14:00,SOJA,VOLCABLE_PTO_2,TERMINAL_EMBARQUE,INGRESO,MovimientosPorContrato_20260704.xlsx,NO_TRUCKFLOW_MATCH
CTG_10133326502,FMU968,2026-07-03T21:33:00,2026-07-04T18:14:00,GIRASOL,VOLCABLE_1,RICARDONE,INGRESO,MovimientosPorContrato_20260704.xlsx,NO_TRUCKFLOW_MATCH
CTG_10133344222,EYD051,2026-07-04T03:41:00,2026-07-04T18:16:00,SOJA,VOLCABLE_PTO_1,TERMINAL_EMBARQUE,INGRESO,MovimientosPorContrato_20260704.xlsx,NO_TRUCKFLOW_MATCH
CTG_10133354316,OCO142,2026-07-04T04:33:00,2026-07-04T18:17:00,SOJA,VOLCABLE_PTO_2,TERMINAL_EMBARQUE,INGRESO,MovimientosPorContrato_20260704.xlsx,NO_TRUCKFLOW_MATCH
CTG_10133339932,DNR453,2026-07-04T03:59:00,2026-07-04T18:19:00,SOJA,VOLCABLE_PTO_5,TERMINAL_EMBARQUE,INGRESO,MovimientosPorContrato_20260704.xlsx,NO_TRUCKFLOW_MATCH
CTG_10133353887,CMV097,2026-07-04T04:46:00,2026-07-04T18:26:00,SOJA,VOLCABLE_PTO_2,TERMINAL_EMBARQUE,INGRESO,MovimientosPorContrato_20260704.xlsx,NO_TRUCKFLOW_MATCH
COMPROB_000400419260,OIG256,2026-07-04T16:06:00,2026-07-04T18:29:00,BORRA ACEITE GIRASOL REFINADO,ACEITE_OSL,TERMINAL_EMBARQUE,EGRESO,MovimientosPorContrato_20260704.xlsx,NO_TRUCKFLOW_MATCH
CTG_10233358408,GSE769,2026-07-04T04:38:00,2026-07-04T18:31:00,SOJA,VOLCABLE_PTO_1,TERMINAL_EMBARQUE,INGRESO,MovimientosPorContrato_20260704.xlsx,NO_TRUCKFLOW_MATCH
CTG_10233356847,AF590SX,2026-07-04T04:04:00,2026-07-04T18:32:00,SOJA,VOLCABLE_PTO_5,TERMINAL_EMBARQUE,INGRESO,MovimientosPorContrato_20260704.xlsx,NO_TRUCKFLOW_MATCH
CTG_10233363596,DCK099,2026-07-04T09:23:00,2026-07-04T18:34:00,GIRASOL,VOLCABLE_2,RICARDONE,INGRESO,MovimientosPorContrato_20260704.xlsx,NO_TRUCKFLOW_MATCH
CTG_10133345699,GVU560,2026-07-04T05:12:00,2026-07-04T18:34:00,SOJA,VOLCABLE_PTO_2,TERMINAL_EMBARQUE,INGRESO,MovimientosPorContrato_20260704.xlsx,NO_TRUCKFLOW_MATCH
CTG_10133346274,AG300FP,2026-07-04T04:52:00,2026-07-04T18:35:00,SOJA,VOLCABLE_PTO_1,TERMINAL_EMBARQUE,INGRESO,MovimientosPorContrato_20260704.xlsx,NO_TRUCKFLOW_MATCH
CTG_10133341035,FQN464,2026-07-04T05:32:00,2026-07-04T18:40:00,SOJA,VOLCABLE_PTO_1,TERMINAL_EMBARQUE,INGRESO,MovimientosPorContrato_20260704.xlsx,NO_TRUCKFLOW_MATCH
CTG_10133344826,HJU461,2026-07-04T04:00:00,2026-07-04T18:41:00,SOJA,VOLCABLE_PTO_5,TERMINAL_EMBARQUE,INGRESO,MovimientosPorContrato_20260704.xlsx,NO_TRUCKFLOW_MATCH
CTG_10233354274,KBZ954,2026-07-04T05:36:00,2026-07-04T18:42:00,SOJA,VOLCABLE_PTO_2,TERMINAL_EMBARQUE,INGRESO,MovimientosPorContrato_20260704.xlsx,NO_TRUCKFLOW_MATCH
CTG_10233357005,WYJ554,2026-07-04T05:44:00,2026-07-04T19:24:00,SOJA,VOLCABLE_PTO_2,TERMINAL_EMBARQUE,INGRESO,MovimientosPorContrato_20260704.xlsx,NO_TRUCKFLOW_MATCH
CTG_10233353591,AG609NZ,2026-07-04T05:38:00,2026-07-04T19:26:00,SOJA,VOLCABLE_PTO_1,TERMINAL_EMBARQUE,INGRESO,MovimientosPorContrato_20260704.xlsx,NO_TRUCKFLOW_MATCH
CTG_10233363605,AUP927,2026-07-04T09:33:00,2026-07-04T19:31:00,GIRASOL,VOLCABLE_2,RICARDONE,INGRESO,MovimientosPorContrato_20260704.xlsx,NO_TRUCKFLOW_MATCH
CTG_10133359202,IOS274,2026-07-04T06:07:00,2026-07-04T19:34:00,SOJA,VOLCABLE_PTO_1,TERMINAL_EMBARQUE,INGRESO,MovimientosPorContrato_20260704.xlsx,NO_TRUCKFLOW_MATCH
CTG_10133339456,AA477UM,2026-07-04T05:45:00,2026-07-04T19:35:00,SOJA,VOLCABLE_PTO_2,TERMINAL_EMBARQUE,INGRESO,MovimientosPorContrato_20260704.xlsx,NO_TRUCKFLOW_MATCH
CTG_10133359623,AC305FP,2026-07-04T07:14:00,2026-07-04T19:38:00,SOJA,VOLCABLE_PTO_1,TERMINAL_EMBARQUE,INGRESO,MovimientosPorContrato_20260704.xlsx,NO_TRUCKFLOW_MATCH
CTG_10233357396,FBX588,2026-07-04T05:55:00,2026-07-04T19:39:00,SOJA,VOLCABLE_PTO_5,TERMINAL_EMBARQUE,INGRESO,MovimientosPorContrato_20260704.xlsx,NO_TRUCKFLOW_MATCH
CTG_10233330969,AC595ZA,2026-07-04T07:16:00,2026-07-04T19:44:00,SOJA,VOLCABLE_PTO_2,TERMINAL_EMBARQUE,INGRESO,MovimientosPorContrato_20260704.xlsx,NO_TRUCKFLOW_MATCH
CTG_10133341037,IIM072,2026-07-04T07:21:00,2026-07-04T19:46:00,SOJA,VOLCABLE_PTO_2,TERMINAL_EMBARQUE,INGRESO,MovimientosPorContrato_20260704.xlsx,NO_TRUCKFLOW_MATCH
CTG_10133351267,NCC577,2026-07-04T06:00:00,2026-07-04T19:47:00,SOJA,VOLCABLE_PTO_5,TERMINAL_EMBARQUE,INGRESO,MovimientosPorContrato_20260704.xlsx,NO_TRUCKFLOW_MATCH
CTG_10233349069,KDK819,2026-07-04T06:36:00,2026-07-04T19:50:00,SOJA,VOLCABLE_PTO_1,TERMINAL_EMBARQUE,INGRESO,MovimientosPorContrato_20260704.xlsx,NO_TRUCKFLOW_MATCH
CTG_10133337612,AB431FA,2026-07-04T07:22:00,2026-07-04T19:52:00,SOJA,VOLCABLE_PTO_1,TERMINAL_EMBARQUE,INGRESO,MovimientosPorContrato_20260704.xlsx,NO_TRUCKFLOW_MATCH
CTG_10233353376,IXK096,2026-07-04T07:54:00,2026-07-04T19:54:00,SOJA,VOLCABLE_PTO_5,TERMINAL_EMBARQUE,INGRESO,MovimientosPorContrato_20260704.xlsx,NO_TRUCKFLOW_MATCH
CTG_10233356818,JJJ660,2026-07-04T06:50:00,2026-07-04T19:55:00,SOJA,VOLCABLE_PTO_2,TERMINAL_EMBARQUE,INGRESO,MovimientosPorContrato_20260704.xlsx,NO_TRUCKFLOW_MATCH
CTG_10133344731,KKK300,2026-07-04T07:47:00,2026-07-04T19:59:00,SOJA,VOLCABLE_PTO_2,TERMINAL_EMBARQUE,INGRESO,MovimientosPorContrato_20260704.xlsx,NO_TRUCKFLOW_MATCH
CTG_10133352781,MHJ734,2026-07-04T07:33:00,2026-07-04T20:00:00,SOJA,VOLCABLE_PTO_1,TERMINAL_EMBARQUE,INGRESO,MovimientosPorContrato_20260704.xlsx,NO_TRUCKFLOW_MATCH
CTG_10133359687,FOY194,2026-07-04T08:09:00,2026-07-04T20:01:00,SOJA,VOLCABLE_PTO_2,TERMINAL_EMBARQUE,INGRESO,MovimientosPorContrato_20260704.xlsx,NO_TRUCKFLOW_MATCH
CTG_10133339407,GWO109,2026-07-04T07:53:00,2026-07-04T20:05:00,SOJA,VOLCABLE_PTO_5,TERMINAL_EMBARQUE,INGRESO,MovimientosPorContrato_20260704.xlsx,NO_TRUCKFLOW_MATCH
CTG_10133333312,AG998EK,2026-07-04T07:15:00,2026-07-04T20:06:00,SOJA,VOLCABLE_PTO_2,TERMINAL_EMBARQUE,INGRESO,MovimientosPorContrato_20260704.xlsx,NO_TRUCKFLOW_MATCH
CTG_10133324477,AD863BG,2026-07-04T08:44:00,2026-07-04T20:10:00,SOJA,VOLCABLE_PTO_5,TERMINAL_EMBARQUE,INGRESO,MovimientosPorContrato_20260704.xlsx,NO_TRUCKFLOW_MATCH
CTG_10133347912,OCR201,2026-07-04T08:05:00,2026-07-04T20:12:00,SOJA,VOLCABLE_PTO_1,TERMINAL_EMBARQUE,INGRESO,MovimientosPorContrato_20260704.xlsx,NO_TRUCKFLOW_MATCH
CTG_10133361436,KWE568,2026-07-04T08:11:00,2026-07-04T20:13:00,SOJA,VOLCABLE_PTO_2,TERMINAL_EMBARQUE,INGRESO,MovimientosPorContrato_20260704.xlsx,NO_TRUCKFLOW_MATCH
CTG_10233357429,DFU072,2026-07-04T08:16:00,2026-07-04T20:16:00,SOJA,VOLCABLE_PTO_2,TERMINAL_EMBARQUE,INGRESO,MovimientosPorContrato_20260704.xlsx,NO_TRUCKFLOW_MATCH
CTG_10133344699,AB322XT,2026-07-04T08:09:00,2026-07-04T20:17:00,SOJA,VOLCABLE_PTO_1,TERMINAL_EMBARQUE,INGRESO,MovimientosPorContrato_20260704.xlsx,NO_TRUCKFLOW_MATCH
CTG_10233363698,GHD821,2026-07-04T10:32:00,2026-07-04T20:20:00,GIRASOL,VOLCABLE_2,RICARDONE,INGRESO,MovimientosPorContrato_20260704.xlsx,NO_TRUCKFLOW_MATCH
CTG_10133351024,EIQ968,2026-07-04T05:35:00,2026-07-04T20:21:00,SOJA,VOLCABLE_PTO_1,TERMINAL_EMBARQUE,INGRESO,MovimientosPorContrato_20260704.xlsx,NO_TRUCKFLOW_MATCH
CTG_10133332708,AF248XI,2026-07-04T02:56:00,2026-07-04T20:27:00,SOJA,VOLCABLE_PTO_2,TERMINAL_EMBARQUE,INGRESO,MovimientosPorContrato_20260704.xlsx,NO_TRUCKFLOW_MATCH
CTG_10133373543,EPF446,2026-07-04T13:57:00,2026-07-04T20:28:00,SOJA,VOLCABLE_PTO_5,TERMINAL_EMBARQUE,INGRESO,MovimientosPorContrato_20260704.xlsx,NO_TRUCKFLOW_MATCH
CTG_10233339157,AD794EL,2026-07-04T08:19:00,2026-07-04T20:28:00,SOJA,VOLCABLE_PTO_2,TERMINAL_EMBARQUE,INGRESO,MovimientosPorContrato_20260704.xlsx,NO_TRUCKFLOW_MATCH
CTG_10133347068,REH252,2026-07-04T07:17:00,2026-07-04T20:30:00,SOJA,VOLCABLE_PTO_1,TERMINAL_EMBARQUE,INGRESO,MovimientosPorContrato_20260704.xlsx,NO_TRUCKFLOW_MATCH
CTG_10233355094,EBP203,2026-07-04T06:39:00,2026-07-04T20:32:00,SOJA,VOLCABLE_PTO_1,TERMINAL_EMBARQUE,INGRESO,MovimientosPorContrato_20260704.xlsx,NO_TRUCKFLOW_MATCH
CTG_10233356141,LJQ829,2026-07-04T11:57:00,2026-07-04T20:33:00,GIRASOL,VOLCABLE_1,RICARDONE,INGRESO,MovimientosPorContrato_20260704.xlsx,NO_TRUCKFLOW_MATCH
CTG_10133346969,AH786DH,2026-07-04T08:56:00,2026-07-04T20:35:00,SOJA,VOLCABLE_PTO_2,TERMINAL_EMBARQUE,INGRESO,MovimientosPorContrato_20260704.xlsx,NO_TRUCKFLOW_MATCH
CTG_10233356085,ENW593,2026-07-04T08:10:00,2026-07-04T20:37:00,SOJA,VOLCABLE_PTO_5,TERMINAL_EMBARQUE,INGRESO,MovimientosPorContrato_20260704.xlsx,NO_TRUCKFLOW_MATCH
CTG_10233349806,OGL024,2026-07-04T08:29:00,2026-07-04T20:39:00,SOJA,VOLCABLE_PTO_1,TERMINAL_EMBARQUE,INGRESO,MovimientosPorContrato_20260704.xlsx,NO_TRUCKFLOW_MATCH
CTG_10233350065,OKC291,2026-07-04T08:30:00,2026-07-04T20:42:00,SOJA,VOLCABLE_PTO_5,TERMINAL_EMBARQUE,INGRESO,MovimientosPorContrato_20260704.xlsx,NO_TRUCKFLOW_MATCH
CTG_10133347163,AB244PM,2026-07-04T08:57:00,2026-07-04T20:45:00,SOJA,VOLCABLE_PTO_2,TERMINAL_EMBARQUE,INGRESO,MovimientosPorContrato_20260704.xlsx,NO_TRUCKFLOW_MATCH
CTG_10133348417,GBD250,2026-07-04T08:31:00,2026-07-04T20:47:00,SOJA,VOLCABLE_PTO_2,TERMINAL_EMBARQUE,INGRESO,MovimientosPorContrato_20260704.xlsx,NO_TRUCKFLOW_MATCH
CTG_10133347071,AB815UA,2026-07-04T09:04:00,2026-07-04T20:48:00,SOJA,VOLCABLE_PTO_1,TERMINAL_EMBARQUE,INGRESO,MovimientosPorContrato_20260704.xlsx,NO_TRUCKFLOW_MATCH
CTG_10133358574,IUW645,2026-07-04T15:46:00,2026-07-04T20:53:00,SOJA,VOLCABLE_PTO_2,TERMINAL_EMBARQUE,INGRESO,MovimientosPorContrato_20260704.xlsx,NO_TRUCKFLOW_MATCH
CTG_10233356661,WAU775,2026-07-04T09:10:00,2026-07-04T20:54:00,SOJA,VOLCABLE_PTO_1,TERMINAL_EMBARQUE,INGRESO,MovimientosPorContrato_20260704.xlsx,NO_TRUCKFLOW_MATCH
CTG_10233341785,ARB963,2026-07-04T09:10:00,2026-07-04T20:55:00,SOJA,VOLCABLE_PTO_5,TERMINAL_EMBARQUE,INGRESO,MovimientosPorContrato_20260704.xlsx,NO_TRUCKFLOW_MATCH
CTG_10233360659,GUA182,2026-07-04T12:10:00,2026-07-04T20:59:00,GIRASOL,VOLCABLE_1,RICARDONE,INGRESO,MovimientosPorContrato_20260704.xlsx,NO_TRUCKFLOW_MATCH
CTG_10133349157,RPJ658,2026-07-04T09:18:00,2026-07-04T21:01:00,SOJA,VOLCABLE_PTO_2,TERMINAL_EMBARQUE,INGRESO,MovimientosPorContrato_20260704.xlsx,NO_TRUCKFLOW_MATCH
CTG_10133349263,HAU542,2026-07-04T09:17:00,2026-07-04T21:02:00,SOJA,VOLCABLE_PTO_5,TERMINAL_EMBARQUE,INGRESO,MovimientosPorContrato_20260704.xlsx,NO_TRUCKFLOW_MATCH
CTG_10133349926,CLO836,2026-07-04T09:14:00,2026-07-04T21:05:00,SOJA,VOLCABLE_PTO_1,TERMINAL_EMBARQUE,INGRESO,MovimientosPorContrato_20260704.xlsx,NO_TRUCKFLOW_MATCH
CTG_10233346818,AB527ZU,2026-07-04T09:27:00,2026-07-04T21:06:00,SOJA,VOLCABLE_PTO_2,TERMINAL_EMBARQUE,INGRESO,MovimientosPorContrato_20260704.xlsx,NO_TRUCKFLOW_MATCH
CTG_10133331808,SNA328,2026-07-04T12:10:00,2026-07-04T21:07:00,GIRASOL,VOLCABLE_2,RICARDONE,INGRESO,MovimientosPorContrato_20260704.xlsx,NO_TRUCKFLOW_MATCH
CTG_10133345474,OBL474,2026-07-04T09:32:00,2026-07-04T21:08:00,SOJA,VOLCABLE_PTO_5,TERMINAL_EMBARQUE,INGRESO,MovimientosPorContrato_20260704.xlsx,NO_TRUCKFLOW_MATCH
CTG_10133339001,EUO313,2026-07-04T09:24:00,2026-07-04T21:10:00,SOJA,VOLCABLE_PTO_1,TERMINAL_EMBARQUE,INGRESO,MovimientosPorContrato_20260704.xlsx,NO_TRUCKFLOW_MATCH
CTG_10133337512,RKW648,2026-07-04T09:38:00,2026-07-04T21:17:00,SOJA,VOLCABLE_PTO_2,TERMINAL_EMBARQUE,INGRESO,MovimientosPorContrato_20260704.xlsx,NO_TRUCKFLOW_MATCH
CTG_10133343470,AA483CN,2026-07-04T09:41:00,2026-07-04T21:23:00,SOJA,VOLCABLE_PTO_2,TERMINAL_EMBARQUE,INGRESO,MovimientosPorContrato_20260704.xlsx,NO_TRUCKFLOW_MATCH
CTG_10133342033,AA118YK,2026-07-04T09:39:00,2026-07-04T21:25:00,SOJA,VOLCABLE_PTO_1,TERMINAL_EMBARQUE,INGRESO,MovimientosPorContrato_20260704.xlsx,NO_TRUCKFLOW_MATCH
CTG_10133351702,GSL518,2026-07-04T09:47:00,2026-07-04T21:28:00,SOJA,VOLCABLE_PTO_2,TERMINAL_EMBARQUE,INGRESO,MovimientosPorContrato_20260704.xlsx,NO_TRUCKFLOW_MATCH
CTG_10233350999,OOI695,2026-07-04T13:25:00,2026-07-04T21:29:00,GIRASOL,VOLCABLE_1,RICARDONE,INGRESO,MovimientosPorContrato_20260704.xlsx,NO_TRUCKFLOW_MATCH
CTG_10233336580,AC790UZ,2026-07-04T05:34:00,2026-07-04T21:29:00,SOJA,VOLCABLE_PTO_5,TERMINAL_EMBARQUE,INGRESO,MovimientosPorContrato_20260704.xlsx,NO_TRUCKFLOW_MATCH
CTG_10133354338,OAO802,2026-07-04T09:51:00,2026-07-04T21:30:00,SOJA,VOLCABLE_PTO_2,TERMINAL_EMBARQUE,INGRESO,MovimientosPorContrato_20260704.xlsx,NO_TRUCKFLOW_MATCH
CTG_10133341551,AF482IZ,2026-07-04T03:01:00,2026-07-04T21:32:00,SOJA,VOLCABLE_PTO_5,TERMINAL_EMBARQUE,INGRESO,MovimientosPorContrato_20260704.xlsx,NO_TRUCKFLOW_MATCH
CTG_10133343059,AB393SB,2026-07-04T09:40:00,2026-07-04T21:33:00,SOJA,VOLCABLE_PTO_1,TERMINAL_EMBARQUE,INGRESO,MovimientosPorContrato_20260704.xlsx,NO_TRUCKFLOW_MATCH
CTG_10233357647,CEZ943,2026-07-04T09:49:00,2026-07-04T21:39:00,SOJA,VOLCABLE_PTO_1,TERMINAL_EMBARQUE,INGRESO,MovimientosPorContrato_20260704.xlsx,NO_TRUCKFLOW_MATCH
CTG_10133350711,RLV887,2026-07-04T09:54:00,2026-07-04T21:41:00,SOJA,VOLCABLE_PTO_2,TERMINAL_EMBARQUE,INGRESO,MovimientosPorContrato_20260704.xlsx,NO_TRUCKFLOW_MATCH
CTG_10233368235,ECQ197,2026-07-04T14:51:00,2026-07-04T21:42:00,SOJA,VOLCABLE_PTO_5,TERMINAL_EMBARQUE,INGRESO,MovimientosPorContrato_20260704.xlsx,NO_TRUCKFLOW_MATCH
CTG_10133350635,CAJ642,2026-07-04T09:54:00,2026-07-04T21:46:00,SOJA,VOLCABLE_PTO_2,TERMINAL_EMBARQUE,INGRESO,MovimientosPorContrato_20260704.xlsx,NO_TRUCKFLOW_MATCH
CTG_10133353732,MLB360,2026-07-04T09:51:00,2026-07-04T21:48:00,SOJA,VOLCABLE_PTO_1,TERMINAL_EMBARQUE,INGRESO,MovimientosPorContrato_20260704.xlsx,NO_TRUCKFLOW_MATCH
COMPROB_000404036111,CMF111,2026-07-04T20:18:00,2026-07-04T21:49:00,AGUA INDUSTRIAL,ACEITE_OSL,TERMINAL_EMBARQUE,INGRESO,MovimientosPorContrato_20260704.xlsx,NO_TRUCKFLOW_MATCH
CTG_10133372080,FJV994,2026-07-04T14:22:00,2026-07-04T21:50:00,GIRASOL,VOLCABLE_1,RICARDONE,INGRESO,MovimientosPorContrato_20260704.xlsx,NO_TRUCKFLOW_MATCH
CTG_10133361708,KPG626,2026-07-04T06:35:00,2026-07-04T21:50:00,SOJA,VOLCABLE_PTO_5,TERMINAL_EMBARQUE,INGRESO,MovimientosPorContrato_20260704.xlsx,NO_TRUCKFLOW_MATCH
CTG_10233335790,SOF533,2026-07-04T09:52:00,2026-07-04T21:53:00,SOJA,VOLCABLE_PTO_2,TERMINAL_EMBARQUE,INGRESO,MovimientosPorContrato_20260704.xlsx,NO_TRUCKFLOW_MATCH
CTG_10233359478,AB513IH,2026-07-04T10:15:00,2026-07-04T21:57:00,SOJA,VOLCABLE_PTO_2,TERMINAL_EMBARQUE,INGRESO,MovimientosPorContrato_20260704.xlsx,NO_TRUCKFLOW_MATCH
CTG_10233354901,AD674OM,2026-07-04T14:14:00,2026-07-04T22:01:00,GIRASOL,VOLCABLE_2,RICARDONE,INGRESO,MovimientosPorContrato_20260704.xlsx,NO_TRUCKFLOW_MATCH
CTG_10133346922,AB808CK,2026-07-04T10:00:00,2026-07-04T22:02:00,SOJA,VOLCABLE_PTO_1,TERMINAL_EMBARQUE,INGRESO,MovimientosPorContrato_20260704.xlsx,NO_TRUCKFLOW_MATCH
CTG_10133343890,EVC717,2026-07-04T03:10:00,2026-07-04T22:04:00,SOJA,VOLCABLE_PTO_5,TERMINAL_EMBARQUE,INGRESO,MovimientosPorContrato_20260704.xlsx,NO_TRUCKFLOW_MATCH
CTG_10233355700,EZV282,2026-07-04T10:14:00,2026-07-04T22:05:00,SOJA,VOLCABLE_PTO_2,TERMINAL_EMBARQUE,INGRESO,MovimientosPorContrato_20260704.xlsx,NO_TRUCKFLOW_MATCH
CTG_10233336434,AC843SS,2026-07-04T10:24:00,2026-07-04T22:07:00,SOJA,VOLCABLE_PTO_1,TERMINAL_EMBARQUE,INGRESO,MovimientosPorContrato_20260704.xlsx,NO_TRUCKFLOW_MATCH
CTG_10233366964,XDW921,2026-07-04T13:35:00,2026-07-04T22:12:00,SOJA,VOLCABLE_PTO_2,TERMINAL_EMBARQUE,INGRESO,MovimientosPorContrato_20260704.xlsx,NO_TRUCKFLOW_MATCH
CTG_10133343272,NXM465,2026-07-04T03:11:00,2026-07-04T22:14:00,SOJA,VOLCABLE_PTO_5,TERMINAL_EMBARQUE,INGRESO,MovimientosPorContrato_20260704.xlsx,NO_TRUCKFLOW_MATCH
CTG_10133330762,AB580FN,2026-07-04T10:01:00,2026-07-04T22:18:00,SOJA,VOLCABLE_PTO_1,TERMINAL_EMBARQUE,INGRESO,MovimientosPorContrato_20260704.xlsx,NO_TRUCKFLOW_MATCH
CTG_10233356026,CTD505,2026-07-04T14:29:00,2026-07-04T22:19:00,GIRASOL,VOLCABLE_1,RICARDONE,INGRESO,MovimientosPorContrato_20260704.xlsx,NO_TRUCKFLOW_MATCH
CTG_10133326705,IHH045,2026-07-04T04:02:00,2026-07-04T22:19:00,SOJA,VOLCABLE_PTO_5,TERMINAL_EMBARQUE,INGRESO,MovimientosPorContrato_20260704.xlsx,NO_TRUCKFLOW_MATCH
CTG_10133342450,ELJ928,2026-07-04T10:23:00,2026-07-04T22:20:00,SOJA,VOLCABLE_PTO_2,TERMINAL_EMBARQUE,INGRESO,MovimientosPorContrato_20260704.xlsx,NO_TRUCKFLOW_MATCH
CTG_10233355606,GDT635,2026-07-04T10:24:00,2026-07-04T22:22:00,SOJA,VOLCABLE_PTO_1,TERMINAL_EMBARQUE,INGRESO,MovimientosPorContrato_20260704.xlsx,NO_TRUCKFLOW_MATCH
CTG_10233355406,TNC015,2026-07-04T10:25:00,2026-07-04T22:24:00,SOJA,VOLCABLE_PTO_2,TERMINAL_EMBARQUE,INGRESO,MovimientosPorContrato_20260704.xlsx,NO_TRUCKFLOW_MATCH
CTG_10133340595,HBM880,2026-07-04T07:51:00,2026-07-04T22:26:00,SOJA,VOLCABLE_PTO_5,TERMINAL_EMBARQUE,INGRESO,MovimientosPorContrato_20260704.xlsx,NO_TRUCKFLOW_MATCH
CTG_10133350549,GNI051,2026-07-04T10:27:00,2026-07-04T22:31:00,SOJA,VOLCABLE_PTO_2,TERMINAL_EMBARQUE,INGRESO,MovimientosPorContrato_20260704.xlsx,NO_TRUCKFLOW_MATCH
CTG_10133337227,HAI008,2026-07-04T14:58:00,2026-07-04T22:31:00,GIRASOL,VOLCABLE_1,RICARDONE,INGRESO,MovimientosPorContrato_20260704.xlsx,NO_TRUCKFLOW_MATCH
CTG_10133351265,GAN371,2026-07-04T10:28:00,2026-07-04T22:36:00,SOJA,VOLCABLE_PTO_2,TERMINAL_EMBARQUE,INGRESO,MovimientosPorContrato_20260704.xlsx,NO_TRUCKFLOW_MATCH
CTG_10233361468,OKU844,2026-07-04T14:20:00,2026-07-04T22:37:00,SOJA,VOLCABLE_PTO_1,TERMINAL_EMBARQUE,INGRESO,MovimientosPorContrato_20260704.xlsx,NO_TRUCKFLOW_MATCH
CTG_10133328567,FCV123,2026-07-04T07:56:00,2026-07-04T22:42:00,SOJA,VOLCABLE_PTO_5,TERMINAL_EMBARQUE,INGRESO,MovimientosPorContrato_20260704.xlsx,NO_TRUCKFLOW_MATCH
CTG_10133343797,AD093QL,2026-07-04T03:12:00,2026-07-04T22:44:00,SOJA,VOLCABLE_PTO_5,TERMINAL_EMBARQUE,INGRESO,MovimientosPorContrato_20260704.xlsx,NO_TRUCKFLOW_MATCH
CTG_10133335694,HQW900,2026-07-04T14:25:00,2026-07-04T22:44:00,GIRASOL,VOLCABLE_2,RICARDONE,INGRESO,MovimientosPorContrato_20260704.xlsx,NO_TRUCKFLOW_MATCH
CTG_10133350392,AB393SF,2026-07-04T10:27:00,2026-07-04T22:49:00,SOJA,VOLCABLE_PTO_1,TERMINAL_EMBARQUE,INGRESO,MovimientosPorContrato_20260704.xlsx,NO_TRUCKFLOW_MATCH
CTG_10133342608,EWD737,2026-07-04T10:26:00,2026-07-04T22:51:00,SOJA,VOLCABLE_PTO_2,TERMINAL_EMBARQUE,INGRESO,MovimientosPorContrato_20260704.xlsx,NO_TRUCKFLOW_MATCH
CTG_10133327209,JGC553,2026-07-04T11:08:00,2026-07-04T22:56:00,SOJA,VOLCABLE_PTO_5,TERMINAL_EMBARQUE,INGRESO,MovimientosPorContrato_20260704.xlsx,NO_TRUCKFLOW_MATCH
CTG_10133358391,BKX060,2026-07-04T10:30:00,2026-07-04T22:57:00,SOJA,VOLCABLE_PTO_1,TERMINAL_EMBARQUE,INGRESO,MovimientosPorContrato_20260704.xlsx,NO_TRUCKFLOW_MATCH
CTG_10133358724,LHV904,2026-07-04T10:29:00,2026-07-04T23:02:00,SOJA,VOLCABLE_PTO_1,TERMINAL_EMBARQUE,INGRESO,MovimientosPorContrato_20260704.xlsx,NO_TRUCKFLOW_MATCH
CTG_10133339086,GOQ066,2026-07-04T07:56:00,2026-07-04T23:03:00,SOJA,VOLCABLE_PTO_5,TERMINAL_EMBARQUE,INGRESO,MovimientosPorContrato_20260704.xlsx,NO_TRUCKFLOW_MATCH
CTG_10233364248,SAI142,2026-07-04T10:38:00,2026-07-04T23:05:00,SOJA,VOLCABLE_PTO_2,TERMINAL_EMBARQUE,INGRESO,MovimientosPorContrato_20260704.xlsx,NO_TRUCKFLOW_MATCH
CTG_10133339606,AC648LW,2026-07-04T10:46:00,2026-07-04T23:07:00,SOJA,VOLCABLE_PTO_1,TERMINAL_EMBARQUE,INGRESO,MovimientosPorContrato_20260704.xlsx,NO_TRUCKFLOW_MATCH
CTG_10233349989,HXQ735,2026-07-04T16:47:00,2026-07-04T23:09:00,GIRASOL,VOLCABLE_1,RICARDONE,INGRESO,MovimientosPorContrato_20260704.xlsx,NO_TRUCKFLOW_MATCH
CTG_10133356270,NQJ176,2026-07-04T02:19:00,2026-07-04T23:11:00,SOJA,VOLCABLE_PTO_5,TERMINAL_EMBARQUE,INGRESO,MovimientosPorContrato_20260704.xlsx,NO_TRUCKFLOW_MATCH
CTG_10133343647,AA483EY,2026-07-04T10:48:00,2026-07-04T23:17:00,SOJA,VOLCABLE_PTO_2,TERMINAL_EMBARQUE,INGRESO,MovimientosPorContrato_20260704.xlsx,NO_TRUCKFLOW_MATCH
CTG_10133343019,AH000OO,2026-07-04T10:47:00,2026-07-04T23:18:00,SOJA,VOLCABLE_PTO_1,TERMINAL_EMBARQUE,INGRESO,MovimientosPorContrato_20260704.xlsx,NO_TRUCKFLOW_MATCH
CTG_10133341880,AG779KB,2026-07-04T10:56:00,2026-07-04T23:19:00,SOJA,VOLCABLE_PTO_1,TERMINAL_EMBARQUE,INGRESO,MovimientosPorContrato_20260704.xlsx,NO_TRUCKFLOW_MATCH
CTG_10233339188,VYI902,2026-07-04T10:40:00,2026-07-04T23:20:00,SOJA,VOLCABLE_PTO_2,TERMINAL_EMBARQUE,INGRESO,MovimientosPorContrato_20260704.xlsx,NO_TRUCKFLOW_MATCH
CTG_10133343483,HOO428,2026-07-04T10:52:00,2026-07-04T23:23:00,SOJA,VOLCABLE_PTO_1,TERMINAL_EMBARQUE,INGRESO,MovimientosPorContrato_20260704.xlsx,NO_TRUCKFLOW_MATCH
CTG_10133343934,FBI850,2026-07-04T10:52:00,2026-07-04T23:28:00,SOJA,VOLCABLE_PTO_2,TERMINAL_EMBARQUE,INGRESO,MovimientosPorContrato_20260704.xlsx,NO_TRUCKFLOW_MATCH
CTG_10133339246,NRR614,2026-07-04T11:32:00,2026-07-04T23:29:00,SOJA,VOLCABLE_PTO_1,TERMINAL_EMBARQUE,INGRESO,MovimientosPorContrato_20260704.xlsx,NO_TRUCKFLOW_MATCH
CTG_10233365628,HKN720,2026-07-04T11:08:00,2026-07-04T23:33:00,SOJA,VOLCABLE_PTO_2,TERMINAL_EMBARQUE,INGRESO,MovimientosPorContrato_20260704.xlsx,NO_TRUCKFLOW_MATCH
CTG_10233360139,AB314YD,2026-07-04T16:49:00,2026-07-04T23:34:00,GIRASOL,VOLCABLE_1,RICARDONE,INGRESO,MovimientosPorContrato_20260704.xlsx,NO_TRUCKFLOW_MATCH
CTG_10133340948,AG998EI,2026-07-04T07:36:00,2026-07-04T23:35:00,SOJA,VOLCABLE_PTO_5,TERMINAL_EMBARQUE,INGRESO,MovimientosPorContrato_20260704.xlsx,NO_TRUCKFLOW_MATCH
CTG_10233357800,IHQ887,2026-07-04T16:48:00,2026-07-04T23:36:00,GIRASOL,VOLCABLE_2,RICARDONE,INGRESO,MovimientosPorContrato_20260704.xlsx,NO_TRUCKFLOW_MATCH
CTG_10233368629,TXU984,2026-07-04T11:38:00,2026-07-04T23:37:00,SOJA,VOLCABLE_PTO_2,TERMINAL_EMBARQUE,INGRESO,MovimientosPorContrato_20260704.xlsx,NO_TRUCKFLOW_MATCH
CTG_10233339793,AA284SE,2026-07-04T07:48:00,2026-07-04T23:38:00,SOJA,VOLCABLE_PTO_5,TERMINAL_EMBARQUE,INGRESO,MovimientosPorContrato_20260704.xlsx,NO_TRUCKFLOW_MATCH
CTG_10133357242,BQT195,2026-07-04T11:48:00,2026-07-04T23:40:00,SOJA,VOLCABLE_PTO_1,TERMINAL_EMBARQUE,INGRESO,MovimientosPorContrato_20260704.xlsx,NO_TRUCKFLOW_MATCH
CTG_10233338603,EXV345,2026-07-04T12:02:00,2026-07-04T23:41:00,SOJA,VOLCABLE_PTO_2,TERMINAL_EMBARQUE,INGRESO,MovimientosPorContrato_20260704.xlsx,NO_TRUCKFLOW_MATCH
CTG_10133343670,KEP861,2026-07-04T11:48:00,2026-07-04T23:45:00,SOJA,VOLCABLE_PTO_1,TERMINAL_EMBARQUE,INGRESO,MovimientosPorContrato_20260704.xlsx,NO_TRUCKFLOW_MATCH
CTG_10133344928,PGK071,2026-07-04T12:03:00,2026-07-04T23:47:00,SOJA,VOLCABLE_PTO_1,TERMINAL_EMBARQUE,INGRESO,MovimientosPorContrato_20260704.xlsx,NO_TRUCKFLOW_MATCH
CTG_10133358690,AE274DM,2026-07-04T11:58:00,2026-07-04T23:49:00,SOJA,VOLCABLE_PTO_2,TERMINAL_EMBARQUE,INGRESO,MovimientosPorContrato_20260704.xlsx,NO_TRUCKFLOW_MATCH
CTG_20233232399,327445,2026-06-30T09:33:00,2026-07-04T14:35:00,SOJA,VAGONES,TERMINAL_EMBARQUE,INGRESO,MovimientosPorContrato_20260704.xlsx,NO_TRUCKFLOW_MATCH
CTG_20233232401,156026,2026-06-30T09:33:00,2026-07-04T11:32:00,SOJA,VAGONES,TERMINAL_EMBARQUE,INGRESO,MovimientosPorContrato_20260704.xlsx,NO_TRUCKFLOW_MATCH
CTG_20233232402,159053,2026-06-30T09:33:00,2026-07-04T11:30:00,SOJA,VAGONES,TERMINAL_EMBARQUE,INGRESO,MovimientosPorContrato_20260704.xlsx,NO_TRUCKFLOW_MATCH
CTG_20233232403,102921,2026-06-30T09:33:00,2026-07-04T08:43:00,SOJA,VAGONES,TERMINAL_EMBARQUE,INGRESO,MovimientosPorContrato_20260704.xlsx,NO_TRUCKFLOW_MATCH
CTG_20233232404,327650,2026-06-30T09:33:00,2026-07-04T11:34:00,SOJA,VAGONES,TERMINAL_EMBARQUE,INGRESO,MovimientosPorContrato_20260704.xlsx,NO_TRUCKFLOW_MATCH
CTG_20233232405,326033,2026-06-30T09:33:00,2026-07-04T08:40:00,SOJA,VAGONES,TERMINAL_EMBARQUE,INGRESO,MovimientosPorContrato_20260704.xlsx,NO_TRUCKFLOW_MATCH
CTG_20233232406,328179,2026-06-30T09:33:00,2026-07-04T08:42:00,SOJA,VAGONES,TERMINAL_EMBARQUE,INGRESO,MovimientosPorContrato_20260704.xlsx,NO_TRUCKFLOW_MATCH
CTG_20233232408,327825,2026-06-30T09:33:00,2026-07-04T08:37:00,SOJA,VAGONES,TERMINAL_EMBARQUE,INGRESO,MovimientosPorContrato_20260704.xlsx,NO_TRUCKFLOW_MATCH
CTG_20233232409,327379,2026-06-30T09:33:00,2026-07-04T08:36:00,SOJA,VAGONES,TERMINAL_EMBARQUE,INGRESO,MovimientosPorContrato_20260704.xlsx,NO_TRUCKFLOW_MATCH
CTG_20233232411,157388,2026-06-30T09:33:00,2026-07-04T08:27:00,SOJA,VAGONES,TERMINAL_EMBARQUE,INGRESO,MovimientosPorContrato_20260704.xlsx,NO_TRUCKFLOW_MATCH
CTG_20233232412,326280,2026-06-30T09:33:00,2026-07-04T08:33:00,SOJA,VAGONES,TERMINAL_EMBARQUE,INGRESO,MovimientosPorContrato_20260704.xlsx,NO_TRUCKFLOW_MATCH
CTG_20233232414,159749,2026-06-30T09:33:00,2026-07-04T10:59:00,SOJA,VAGONES,TERMINAL_EMBARQUE,INGRESO,MovimientosPorContrato_20260704.xlsx,NO_TRUCKFLOW_MATCH
CTG_20233232518,102111,2026-06-30T09:33:00,2026-07-04T11:38:00,SOJA,VAGONES,TERMINAL_EMBARQUE,INGRESO,MovimientosPorContrato_20260704.xlsx,NO_TRUCKFLOW_MATCH
CTG_20233232519,326017,2026-06-30T09:33:00,2026-07-04T10:57:00,SOJA,VAGONES,TERMINAL_EMBARQUE,INGRESO,MovimientosPorContrato_20260704.xlsx,NO_TRUCKFLOW_MATCH
CTG_20233232520,327767,2026-06-30T09:33:00,2026-07-04T11:42:00,SOJA,VAGONES,TERMINAL_EMBARQUE,INGRESO,MovimientosPorContrato_20260704.xlsx,NO_TRUCKFLOW_MATCH
CTG_20233232522,326942,2026-06-30T09:33:00,2026-07-04T11:40:00,SOJA,VAGONES,TERMINAL_EMBARQUE,INGRESO,MovimientosPorContrato_20260704.xlsx,NO_TRUCKFLOW_MATCH
CTG_20233232525,326728,2026-06-30T09:33:00,2026-07-04T10:21:00,SOJA,VAGONES,TERMINAL_EMBARQUE,INGRESO,MovimientosPorContrato_20260704.xlsx,NO_TRUCKFLOW_MATCH
CTG_20233232526,326314,2026-06-30T09:33:00,2026-07-04T11:45:00,SOJA,VAGONES,TERMINAL_EMBARQUE,INGRESO,MovimientosPorContrato_20260704.xlsx,NO_TRUCKFLOW_MATCH
CTG_20233232527,326991,2026-06-30T09:33:00,2026-07-04T13:53:00,SOJA,VAGONES,TERMINAL_EMBARQUE,INGRESO,MovimientosPorContrato_20260704.xlsx,NO_TRUCKFLOW_MATCH
CTG_20233232528,327437,2026-06-30T09:33:00,2026-07-04T13:54:00,SOJA,VAGONES,TERMINAL_EMBARQUE,INGRESO,MovimientosPorContrato_20260704.xlsx,NO_TRUCKFLOW_MATCH
CTG_20233232529,103267,2026-06-30T09:33:00,2026-07-04T13:50:00,SOJA,VAGONES,TERMINAL_EMBARQUE,INGRESO,MovimientosPorContrato_20260704.xlsx,NO_TRUCKFLOW_MATCH
CTG_20233232530,157636,2026-06-30T09:33:00,2026-07-04T13:52:00,SOJA,VAGONES,TERMINAL_EMBARQUE,INGRESO,MovimientosPorContrato_20260704.xlsx,NO_TRUCKFLOW_MATCH
CTG_20233232531,327072,2026-06-30T09:33:00,2026-07-04T14:36:00,SOJA,VAGONES,TERMINAL_EMBARQUE,INGRESO,MovimientosPorContrato_20260704.xlsx,NO_TRUCKFLOW_MATCH
CTG_20233232533,326447,2026-06-30T09:33:00,2026-07-04T13:49:00,SOJA,VAGONES,TERMINAL_EMBARQUE,INGRESO,MovimientosPorContrato_20260704.xlsx,NO_TRUCKFLOW_MATCH
CTG_20233232535,158394,2026-06-30T09:33:00,2026-07-04T14:33:00,SOJA,VAGONES,TERMINAL_EMBARQUE,INGRESO,MovimientosPorContrato_20260704.xlsx,NO_TRUCKFLOW_MATCH
CTG_10133356563,AB893PO,2026-07-04T10:14:00,2026-07-04T23:56:00,SOJA,VOLCABLE_PTO_5,TERMINAL_EMBARQUE,INGRESO,MovimientosPorContrato_20260704.xlsx,NO_TRUCKFLOW_MATCH
CTG_10133354577,GNR161,2026-07-04T12:00:00,2026-07-04T23:57:00,SOJA,VOLCABLE_PTO_2,TERMINAL_EMBARQUE,INGRESO,MovimientosPorContrato_20260704.xlsx,NO_TRUCKFLOW_MATCH
CTG_10233364601,GMW451,2026-07-04T12:47:00,2026-07-04T23:58:00,SOJA,VOLCABLE_PTO_1,TERMINAL_EMBARQUE,INGRESO,MovimientosPorContrato_20260704.xlsx,NO_TRUCKFLOW_MATCH
COMPROB_000404036618,TTTTTT,2026-07-04T23:59:00,2026-07-04T23:59:00,ACEITE SOJA NEUTRO,,TERMINAL_EMBARQUE,INGRESO,MovimientosPorContrato_20260704.xlsx,NO_TRUCKFLOW_MATCH
COMPROB_000400419271,XXXXXX,2026-07-04T23:59:00,2026-07-04T23:59:00,ACEITE GIRASOL PARA REFINAR,,TERMINAL_EMBARQUE,EGRESO,MovimientosPorContrato_20260704.xlsx,NO_TRUCKFLOW_MATCH
CTG_10233366778,EQQ816,2026-07-04T12:20:00,2026-07-05T00:00:00,SOJA,VOLCABLE_PTO_2,TERMINAL_EMBARQUE,INGRESO,MovimientosPorContrato_20260705.xlsx,NO_TRUCKFLOW_MATCH
CTG_10233364861,AC952DR,2026-07-04T13:18:00,2026-07-05T00:03:00,SOJA,VOLCABLE_PTO_2,TERMINAL_EMBARQUE,INGRESO,MovimientosPorContrato_20260705.xlsx,NO_TRUCKFLOW_MATCH
CTG_10233365217,MKT682,2026-07-04T13:00:00,2026-07-05T00:05:00,SOJA,VOLCABLE_PTO_1,TERMINAL_EMBARQUE,INGRESO,MovimientosPorContrato_20260705.xlsx,NO_TRUCKFLOW_MATCH
CTG_10133341096,AC544WQ,2026-07-04T10:48:00,2026-07-05T00:06:00,SOJA,VOLCABLE_PTO_5,TERMINAL_EMBARQUE,INGRESO,MovimientosPorContrato_20260705.xlsx,NO_TRUCKFLOW_MATCH
CTG_10233364845,SHX253,2026-07-04T12:57:00,2026-07-05T00:12:00,SOJA,VOLCABLE_PTO_2,TERMINAL_EMBARQUE,INGRESO,MovimientosPorContrato_20260705.xlsx,NO_TRUCKFLOW_MATCH
COMPROB_000404036190,SZG666,2026-07-04T23:00:00,2026-07-05T00:14:00,AGUA INDUSTRIAL,ACEITE_OSL,TERMINAL_EMBARQUE,INGRESO,MovimientosPorContrato_20260705.xlsx,NO_TRUCKFLOW_MATCH
CTG_10133351359,CIK914,2026-07-04T11:44:00,2026-07-05T00:15:00,SOJA,VOLCABLE_PTO_5,TERMINAL_EMBARQUE,INGRESO,MovimientosPorContrato_20260705.xlsx,NO_TRUCKFLOW_MATCH
CTG_10133332347,AF230EL,2026-07-04T11:49:00,2026-07-05T00:16:00,SOJA,VOLCABLE_PTO_1,TERMINAL_EMBARQUE,INGRESO,MovimientosPorContrato_20260705.xlsx,NO_TRUCKFLOW_MATCH
CTG_10133348964,HBE540,2026-07-04T12:21:00,2026-07-05T00:18:00,SOJA,VOLCABLE_PTO_2,TERMINAL_EMBARQUE,INGRESO,MovimientosPorContrato_20260705.xlsx,NO_TRUCKFLOW_MATCH
COMPROB_000301065419,LFT141,2026-07-04T15:45:00,2026-07-05T00:19:00,PRODUCTOS VARIOS,VARIOS,RICARDONE,EGRESO,MovimientosPorContrato_20260705.xlsx,NO_TRUCKFLOW_MATCH
CTG_10233368724,EOG881,2026-07-04T13:11:00,2026-07-05T00:25:00,SOJA,VOLCABLE_PTO_2,TERMINAL_EMBARQUE,INGRESO,MovimientosPorContrato_20260705.xlsx,NO_TRUCKFLOW_MATCH
CTG_10233369294,IJQ906,2026-07-04T11:58:00,2026-07-05T00:26:00,SOJA,VOLCABLE_PTO_5,TERMINAL_EMBARQUE,INGRESO,MovimientosPorContrato_20260705.xlsx,NO_TRUCKFLOW_MATCH
CTG_10133330866,FLA155,2026-07-04T12:58:00,2026-07-05T00:27:00,SOJA,VOLCABLE_PTO_1,TERMINAL_EMBARQUE,INGRESO,MovimientosPorContrato_20260705.xlsx,NO_TRUCKFLOW_MATCH
CTG_10233357901,AE739JN,2026-07-04T13:39:00,2026-07-05T00:29:00,SOJA,VOLCABLE_PTO_1,TERMINAL_EMBARQUE,INGRESO,MovimientosPorContrato_20260705.xlsx,NO_TRUCKFLOW_MATCH
CTG_10233349898,BFD954,2026-07-04T13:21:00,2026-07-05T00:33:00,SOJA,VOLCABLE_PTO_2,TERMINAL_EMBARQUE,INGRESO,MovimientosPorContrato_20260705.xlsx,NO_TRUCKFLOW_MATCH
CTG_10133353923,SUT771,2026-07-04T01:46:00,2026-07-05T00:36:00,SOJA,VOLCABLE_PTO_5,TERMINAL_EMBARQUE,INGRESO,MovimientosPorContrato_20260705.xlsx,NO_TRUCKFLOW_MATCH
CTG_10233366962,EJF050,2026-07-04T13:43:00,2026-07-05T00:40:00,SOJA,VOLCABLE_PTO_2,TERMINAL_EMBARQUE,INGRESO,MovimientosPorContrato_20260705.xlsx,NO_TRUCKFLOW_MATCH
CTG_10133354554,CJG071,2026-07-04T01:47:00,2026-07-05T00:41:00,SOJA,VOLCABLE_PTO_5,TERMINAL_EMBARQUE,INGRESO,MovimientosPorContrato_20260705.xlsx,NO_TRUCKFLOW_MATCH
CTG_10233368134,ROP824,2026-07-04T13:27:00,2026-07-05T00:45:00,SOJA,VOLCABLE_PTO_1,TERMINAL_EMBARQUE,INGRESO,MovimientosPorContrato_20260705.xlsx,NO_TRUCKFLOW_MATCH
CTG_10133343155,PBP935,2026-07-04T12:00:00,2026-07-05T00:53:00,SOJA,VOLCABLE_PTO_2,TERMINAL_EMBARQUE,INGRESO,MovimientosPorContrato_20260705.xlsx,NO_TRUCKFLOW_MATCH
CTG_10133343082,EWJ045,2026-07-04T13:53:00,2026-07-05T00:54:00,SOJA,VOLCABLE_PTO_1,TERMINAL_EMBARQUE,INGRESO,MovimientosPorContrato_20260705.xlsx,NO_TRUCKFLOW_MATCH
CTG_10233366666,AE830TD,2026-07-04T14:23:00,2026-07-05T00:56:00,SOJA,VOLCABLE_PTO_2,TERMINAL_EMBARQUE,INGRESO,MovimientosPorContrato_20260705.xlsx,NO_TRUCKFLOW_MATCH
CTG_10233353530,LWU384,2026-07-04T13:58:00,2026-07-05T01:00:00,SOJA,VOLCABLE_PTO_2,TERMINAL_EMBARQUE,INGRESO,MovimientosPorContrato_20260705.xlsx,NO_TRUCKFLOW_MATCH
CTG_10133316945,JNA863,2026-07-04T12:04:00,2026-07-05T01:01:00,SOJA,VOLCABLE_PTO_5,TERMINAL_EMBARQUE,INGRESO,MovimientosPorContrato_20260705.xlsx,NO_TRUCKFLOW_MATCH
CTG_10133345692,DHZ604,2026-07-04T10:50:00,2026-07-05T01:07:00,SOJA,VOLCABLE_PTO_2,TERMINAL_EMBARQUE,INGRESO,MovimientosPorContrato_20260705.xlsx,NO_TRUCKFLOW_MATCH
CTG_10233366180,MSC108,2026-07-04T14:24:00,2026-07-05T01:09:00,SOJA,VOLCABLE_PTO_1,TERMINAL_EMBARQUE,INGRESO,MovimientosPorContrato_20260705.xlsx,NO_TRUCKFLOW_MATCH
CTG_10133336801,GZP571,2026-07-04T08:08:00,2026-07-05T01:11:00,SOJA,VOLCABLE_PTO_1,TERMINAL_EMBARQUE,INGRESO,MovimientosPorContrato_20260705.xlsx,NO_TRUCKFLOW_MATCH
CTG_10233356441,SIN174,2026-07-04T07:55:00,2026-07-05T01:19:00,SOJA,VOLCABLE_PTO_2,TERMINAL_EMBARQUE,INGRESO,MovimientosPorContrato_20260705.xlsx,NO_TRUCKFLOW_MATCH
CTG_10133353202,AH269XK,2026-07-04T14:30:00,2026-07-05T01:20:00,SOJA,VOLCABLE_PTO_1,TERMINAL_EMBARQUE,INGRESO,MovimientosPorContrato_20260705.xlsx,NO_TRUCKFLOW_MATCH
CTG_10233351543,OVC423,2026-07-04T14:16:00,2026-07-05T01:21:00,SOJA,VOLCABLE_PTO_1,TERMINAL_EMBARQUE,INGRESO,MovimientosPorContrato_20260705.xlsx,NO_TRUCKFLOW_MATCH
CTG_10233366211,MVO228,2026-07-04T14:12:00,2026-07-05T01:29:00,SOJA,VOLCABLE_PTO_2,TERMINAL_EMBARQUE,INGRESO,MovimientosPorContrato_20260705.xlsx,NO_TRUCKFLOW_MATCH
CTG_10233358872,AB897ND,2026-07-04T13:37:00,2026-07-05T01:37:00,SOJA,VOLCABLE_PTO_2,TERMINAL_EMBARQUE,INGRESO,MovimientosPorContrato_20260705.xlsx,NO_TRUCKFLOW_MATCH
CTG_10233360728,FIT869,2026-07-04T14:10:00,2026-07-05T01:42:00,SOJA,VOLCABLE_PTO_1,TERMINAL_EMBARQUE,INGRESO,MovimientosPorContrato_20260705.xlsx,NO_TRUCKFLOW_MATCH
CTG_10233360575,BMS778,2026-07-04T14:11:00,2026-07-05T01:44:00,SOJA,VOLCABLE_PTO_2,TERMINAL_EMBARQUE,INGRESO,MovimientosPorContrato_20260705.xlsx,NO_TRUCKFLOW_MATCH
CTG_10233371341,VEF705,2026-07-04T14:21:00,2026-07-05T01:48:00,SOJA,VOLCABLE_PTO_2,TERMINAL_EMBARQUE,INGRESO,MovimientosPorContrato_20260705.xlsx,NO_TRUCKFLOW_MATCH
CTG_10133338561,NBV159,2026-07-04T13:44:00,2026-07-05T01:49:00,SOJA,VOLCABLE_PTO_5,TERMINAL_EMBARQUE,INGRESO,MovimientosPorContrato_20260705.xlsx,NO_TRUCKFLOW_MATCH
CTG_10133361554,TJI925,2026-07-04T21:21:00,2026-07-05T01:50:00,SOJA,VOLCABLE_PTO_1,TERMINAL_EMBARQUE,INGRESO,MovimientosPorContrato_20260705.xlsx,NO_TRUCKFLOW_MATCH
CTG_10233340590,KBW116,2026-07-04T14:28:00,2026-07-05T01:58:00,SOJA,VOLCABLE_PTO_2,TERMINAL_EMBARQUE,INGRESO,MovimientosPorContrato_20260705.xlsx,NO_TRUCKFLOW_MATCH
CTG_10133350563,ICW335,2026-07-04T13:55:00,2026-07-05T02:00:00,SOJA,VOLCABLE_PTO_2,TERMINAL_EMBARQUE,INGRESO,MovimientosPorContrato_20260705.xlsx,NO_TRUCKFLOW_MATCH
CTG_10233354069,KUB087,2026-07-04T13:54:00,2026-07-05T02:01:00,SOJA,VOLCABLE_PTO_1,TERMINAL_EMBARQUE,INGRESO,MovimientosPorContrato_20260705.xlsx,NO_TRUCKFLOW_MATCH
CTG_10133340404,HEY569,2026-07-04T13:09:00,2026-07-05T02:05:00,SOJA,VOLCABLE_PTO_5,TERMINAL_EMBARQUE,INGRESO,MovimientosPorContrato_20260705.xlsx,NO_TRUCKFLOW_MATCH
CTG_10233368206,GAS844,2026-07-04T14:54:00,2026-07-05T02:06:00,SOJA,VOLCABLE_PTO_2,TERMINAL_EMBARQUE,INGRESO,MovimientosPorContrato_20260705.xlsx,NO_TRUCKFLOW_MATCH
CTG_10233354602,RQX518,2026-07-04T06:41:00,2026-07-05T02:07:00,SOJA,VOLCABLE_PTO_1,TERMINAL_EMBARQUE,INGRESO,MovimientosPorContrato_20260705.xlsx,NO_TRUCKFLOW_MATCH
CTG_10233358131,RQZ661,2026-07-04T06:40:00,2026-07-05T02:11:00,SOJA,VOLCABLE_PTO_1,TERMINAL_EMBARQUE,INGRESO,MovimientosPorContrato_20260705.xlsx,NO_TRUCKFLOW_MATCH
CTG_10233369508,AI134JW,2026-07-04T15:16:00,2026-07-05T02:12:00,SOJA,VOLCABLE_PTO_5,TERMINAL_EMBARQUE,INGRESO,MovimientosPorContrato_20260705.xlsx,NO_TRUCKFLOW_MATCH
CTG_10133352426,GLW723,2026-07-04T10:49:00,2026-07-05T02:13:00,SOJA,VOLCABLE_PTO_2,TERMINAL_EMBARQUE,INGRESO,MovimientosPorContrato_20260705.xlsx,NO_TRUCKFLOW_MATCH
CTG_10233361739,KBV348,2026-07-04T14:21:00,2026-07-05T02:18:00,SOJA,VOLCABLE_PTO_1,TERMINAL_EMBARQUE,INGRESO,MovimientosPorContrato_20260705.xlsx,NO_TRUCKFLOW_MATCH
CTG_10233370224,AD089BH,2026-07-04T14:34:00,2026-07-05T02:19:00,SOJA,VOLCABLE_PTO_2,TERMINAL_EMBARQUE,INGRESO,MovimientosPorContrato_20260705.xlsx,NO_TRUCKFLOW_MATCH
CTG_10133351272,AE487VA,2026-07-04T17:21:00,2026-07-05T02:20:00,SOJA,VOLCABLE_PTO_5,TERMINAL_EMBARQUE,INGRESO,MovimientosPorContrato_20260705.xlsx,NO_TRUCKFLOW_MATCH
CTG_10233362785,AA803GR,2026-07-04T15:12:00,2026-07-05T02:21:00,SOJA,VOLCABLE_PTO_2,TERMINAL_EMBARQUE,INGRESO,MovimientosPorContrato_20260705.xlsx,NO_TRUCKFLOW_MATCH
CTG_10133357716,PQR426,2026-07-04T15:18:00,2026-07-05T02:22:00,SOJA,VOLCABLE_PTO_1,TERMINAL_EMBARQUE,INGRESO,MovimientosPorContrato_20260705.xlsx,NO_TRUCKFLOW_MATCH
CTG_10133373771,HBW988,2026-07-04T15:51:00,2026-07-05T02:25:00,SOJA,VOLCABLE_PTO_5,TERMINAL_EMBARQUE,INGRESO,MovimientosPorContrato_20260705.xlsx,NO_TRUCKFLOW_MATCH
COMPROB_000400419261,AC925UP,2026-07-05T01:04:00,2026-07-05T02:28:00,BORRA DE ACSOJA REFINADO,,TERMINAL_EMBARQUE,EGRESO,MovimientosPorContrato_20260705.xlsx,NO_TRUCKFLOW_MATCH
CTG_10233326618,NKK583,2026-07-04T15:15:00,2026-07-05T02:30:00,SOJA,VOLCABLE_PTO_2,TERMINAL_EMBARQUE,INGRESO,MovimientosPorContrato_20260705.xlsx,NO_TRUCKFLOW_MATCH
CTG_10233361303,KCO878,2026-07-04T10:58:00,2026-07-05T02:32:00,SOJA,VOLCABLE_PTO_1,TERMINAL_EMBARQUE,INGRESO,MovimientosPorContrato_20260705.xlsx,NO_TRUCKFLOW_MATCH
CTG_10233368747,PAR643,2026-07-04T15:19:00,2026-07-05T02:36:00,SOJA,VOLCABLE_PTO_2,TERMINAL_EMBARQUE,INGRESO,MovimientosPorContrato_20260705.xlsx,NO_TRUCKFLOW_MATCH
CTG_10233351019,DHC243,2026-07-04T10:12:00,2026-07-05T02:41:00,SOJA,VOLCABLE_PTO_1,TERMINAL_EMBARQUE,INGRESO,MovimientosPorContrato_20260705.xlsx,NO_TRUCKFLOW_MATCH
CTG_10133342213,HQJ941,2026-07-04T14:56:00,2026-07-05T02:42:00,SOJA,VOLCABLE_PTO_5,TERMINAL_EMBARQUE,INGRESO,MovimientosPorContrato_20260705.xlsx,NO_TRUCKFLOW_MATCH
CTG_10233368111,AF753LD,2026-07-04T15:23:00,2026-07-05T02:47:00,SOJA,VOLCABLE_PTO_2,TERMINAL_EMBARQUE,INGRESO,MovimientosPorContrato_20260705.xlsx,NO_TRUCKFLOW_MATCH
CTG_10233372083,AB890MP,2026-07-04T13:21:00,2026-07-05T02:49:00,SOJA,VOLCABLE_PTO_5,TERMINAL_EMBARQUE,INGRESO,MovimientosPorContrato_20260705.xlsx,NO_TRUCKFLOW_MATCH
CTG_10233370591,AA523IT,2026-07-04T15:25:00,2026-07-05T02:52:00,SOJA,VOLCABLE_PTO_1,TERMINAL_EMBARQUE,INGRESO,MovimientosPorContrato_20260705.xlsx,NO_TRUCKFLOW_MATCH
CTG_10133357783,RKA312,2026-07-04T15:20:00,2026-07-05T02:54:00,SOJA,VOLCABLE_PTO_2,TERMINAL_EMBARQUE,INGRESO,MovimientosPorContrato_20260705.xlsx,NO_TRUCKFLOW_MATCH
CTG_10133362635,OWX854,2026-07-04T16:05:00,2026-07-05T02:56:00,SOJA,VOLCABLE_PTO_5,TERMINAL_EMBARQUE,INGRESO,MovimientosPorContrato_20260705.xlsx,NO_TRUCKFLOW_MATCH
CTG_10133351460,FCN995,2026-07-04T11:45:00,2026-07-05T03:00:00,SOJA,VOLCABLE_PTO_2,TERMINAL_EMBARQUE,INGRESO,MovimientosPorContrato_20260705.xlsx,NO_TRUCKFLOW_MATCH
CTG_10133374966,FCV238,2026-07-04T14:56:00,2026-07-05T03:04:00,SOJA,VOLCABLE_PTO_1,TERMINAL_EMBARQUE,INGRESO,MovimientosPorContrato_20260705.xlsx,NO_TRUCKFLOW_MATCH
CTG_10233371150,AA528CG,2026-07-04T13:04:00,2026-07-05T03:06:00,SOJA,VOLCABLE_PTO_2,TERMINAL_EMBARQUE,INGRESO,MovimientosPorContrato_20260705.xlsx,NO_TRUCKFLOW_MATCH
CTG_10233362853,PDJ996,2026-07-04T06:22:00,2026-07-05T03:10:00,SOJA,VOLCABLE_PTO_1,TERMINAL_EMBARQUE,INGRESO,MovimientosPorContrato_20260705.xlsx,NO_TRUCKFLOW_MATCH
CTG_10133340839,AH377YQ,2026-07-04T15:25:00,2026-07-05T03:11:00,SOJA,VOLCABLE_PTO_2,TERMINAL_EMBARQUE,INGRESO,MovimientosPorContrato_20260705.xlsx,NO_TRUCKFLOW_MATCH
CTG_10233368877,AE164CW,2026-07-04T15:28:00,2026-07-05T03:14:00,SOJA,VOLCABLE_PTO_2,TERMINAL_EMBARQUE,INGRESO,MovimientosPorContrato_20260705.xlsx,NO_TRUCKFLOW_MATCH
CTG_10233364523,NGU014,2026-07-04T19:46:00,2026-07-05T03:16:00,SOJA,VOLCABLE_PTO_5,TERMINAL_EMBARQUE,INGRESO,MovimientosPorContrato_20260705.xlsx,NO_TRUCKFLOW_MATCH
CTG_10233366939,EFD127,2026-07-04T14:57:00,2026-07-05T03:18:00,SOJA,VOLCABLE_PTO_1,TERMINAL_EMBARQUE,INGRESO,MovimientosPorContrato_20260705.xlsx,NO_TRUCKFLOW_MATCH
CTG_10233369935,FTB518,2026-07-04T15:32:00,2026-07-05T03:19:00,SOJA,VOLCABLE_PTO_2,TERMINAL_EMBARQUE,INGRESO,MovimientosPorContrato_20260705.xlsx,NO_TRUCKFLOW_MATCH
CTG_10233366484,AD874WH,2026-07-04T15:29:00,2026-07-05T03:20:00,SOJA,VOLCABLE_PTO_1,TERMINAL_EMBARQUE,INGRESO,MovimientosPorContrato_20260705.xlsx,NO_TRUCKFLOW_MATCH
CTG_10133356041,AH916SX,2026-07-04T16:13:00,2026-07-05T03:21:00,SOJA,VOLCABLE_PTO_5,TERMINAL_EMBARQUE,INGRESO,MovimientosPorContrato_20260705.xlsx,NO_TRUCKFLOW_MATCH
CTG_10133350137,AI227FC,2026-07-04T19:27:00,2026-07-05T03:44:00,SOJA,VOLCABLE_PTO_5,TERMINAL_EMBARQUE,INGRESO,MovimientosPorContrato_20260705.xlsx,NO_TRUCKFLOW_MATCH
CTG_10233345424,FUK104,2026-07-04T18:10:00,2026-07-05T03:54:00,SOJA,VOLCABLE_PTO_5,TERMINAL_EMBARQUE,INGRESO,MovimientosPorContrato_20260705.xlsx,NO_TRUCKFLOW_MATCH
CTG_10133340008,KBF168,2026-07-04T19:47:00,2026-07-05T04:01:00,SOJA,VOLCABLE_PTO_5,TERMINAL_EMBARQUE,INGRESO,MovimientosPorContrato_20260705.xlsx,NO_TRUCKFLOW_MATCH
CTG_10133350109,CWW164,2026-07-04T16:04:00,2026-07-05T04:17:00,SOJA,VOLCABLE_PTO_5,TERMINAL_EMBARQUE,INGRESO,MovimientosPorContrato_20260705.xlsx,NO_TRUCKFLOW_MATCH
CTG_10233371806,APY735,2026-07-04T15:41:00,2026-07-05T04:27:00,SOJA,VOLCABLE_PTO_5,TERMINAL_EMBARQUE,INGRESO,MovimientosPorContrato_20260705.xlsx,NO_TRUCKFLOW_MATCH
CTG_10233358221,LWH142,2026-07-04T16:39:00,2026-07-05T04:31:00,SOJA,VOLCABLE_PTO_5,TERMINAL_EMBARQUE,INGRESO,MovimientosPorContrato_20260705.xlsx,NO_TRUCKFLOW_MATCH
CTG_10133360564,LYQ463,2026-07-04T15:47:00,2026-07-05T04:42:00,SOJA,VOLCABLE_PTO_5,TERMINAL_EMBARQUE,INGRESO,MovimientosPorContrato_20260705.xlsx,NO_TRUCKFLOW_MATCH
CTG_10133376897,LFC915,2026-07-04T16:40:00,2026-07-05T04:54:00,SOJA,VOLCABLE_PTO_5,TERMINAL_EMBARQUE,INGRESO,MovimientosPorContrato_20260705.xlsx,NO_TRUCKFLOW_MATCH
CTG_10233366487,NPJ737,2026-07-04T16:33:00,2026-07-05T05:06:00,SOJA,VOLCABLE_PTO_5,TERMINAL_EMBARQUE,INGRESO,MovimientosPorContrato_20260705.xlsx,NO_TRUCKFLOW_MATCH
CTG_10233366881,AF773JR,2026-07-04T16:41:00,2026-07-05T05:07:00,SOJA,VOLCABLE_PTO_5,TERMINAL_EMBARQUE,INGRESO,MovimientosPorContrato_20260705.xlsx,NO_TRUCKFLOW_MATCH
CTG_10133345654,AH343LW,2026-07-04T16:20:00,2026-07-05T05:20:00,SOJA,VOLCABLE_PTO_5,TERMINAL_EMBARQUE,INGRESO,MovimientosPorContrato_20260705.xlsx,NO_TRUCKFLOW_MATCH
COMPROB_000200431101,AE817TT,2026-07-04T11:37:00,2026-07-05T05:20:00,CHIP DE EUCALIPTUS,PLAYA_LEÑA_Y_CHIP,AVELLANEDA,INGRESO,MovimientosPorContrato_20260705.xlsx,NO_TRUCKFLOW_MATCH
COMPROB_000200431102,AG588XJ,2026-07-05T05:23:00,2026-07-05T05:24:00,CHIP DE EUCALIPTUS,PLAYA_LEÑA_Y_CHIP,AVELLANEDA,INGRESO,MovimientosPorContrato_20260705.xlsx,NO_TRUCKFLOW_MATCH
COMPROB_000200431103,AI054HX,2026-07-05T05:29:00,2026-07-05T05:30:00,CHIP EN ORIGEN,PLAYA_LEÑA_Y_CHIP,AVELLANEDA,INGRESO,MovimientosPorContrato_20260705.xlsx,NO_TRUCKFLOW_MATCH
CTG_10233374200,IIK633,2026-07-04T16:40:00,2026-07-05T05:31:00,SOJA,VOLCABLE_PTO_5,TERMINAL_EMBARQUE,INGRESO,MovimientosPorContrato_20260705.xlsx,NO_TRUCKFLOW_MATCH
COMPROB_000200431104,HXJ461,2026-07-05T05:36:00,2026-07-05T05:37:00,CHIP EN ORIGEN,PLAYA_LEÑA_Y_CHIP,AVELLANEDA,INGRESO,MovimientosPorContrato_20260705.xlsx,NO_TRUCKFLOW_MATCH
CTG_10133356926,AVM549,2026-07-04T17:16:00,2026-07-05T05:40:00,SOJA,VOLCABLE_PTO_5,TERMINAL_EMBARQUE,INGRESO,MovimientosPorContrato_20260705.xlsx,NO_TRUCKFLOW_MATCH
CTG_10233350480,ENW930,2026-07-04T15:08:00,2026-07-05T05:49:00,SOJA,VOLCABLE_PTO_5,TERMINAL_EMBARQUE,INGRESO,MovimientosPorContrato_20260705.xlsx,NO_TRUCKFLOW_MATCH
COMPROB_000404036271,CMF111,2026-07-05T03:37:00,2026-07-05T05:58:00,AGUA INDUSTRIAL,ACEITE_OSL,TERMINAL_EMBARQUE,INGRESO,MovimientosPorContrato_20260705.xlsx,NO_TRUCKFLOW_MATCH
CTG_10233368714,CTG460,2026-07-04T17:00:00,2026-07-05T06:03:00,SOJA,VOLCABLE_PTO_5,TERMINAL_EMBARQUE,INGRESO,MovimientosPorContrato_20260705.xlsx,NO_TRUCKFLOW_MATCH
CTG_10233368981,BGH803,2026-07-04T17:01:00,2026-07-05T06:08:00,SOJA,VOLCABLE_PTO_5,TERMINAL_EMBARQUE,INGRESO,MovimientosPorContrato_20260705.xlsx,NO_TRUCKFLOW_MATCH
CTG_10133360535,AE707TM,2026-07-04T17:42:00,2026-07-05T06:17:00,SOJA,VOLCABLE_PTO_5,TERMINAL_EMBARQUE,INGRESO,MovimientosPorContrato_20260705.xlsx,NO_TRUCKFLOW_MATCH
CTG_10233370882,FEV806,2026-07-04T17:57:00,2026-07-05T06:24:00,SOJA,VOLCABLE_PTO_1,TERMINAL_EMBARQUE,INGRESO,MovimientosPorContrato_20260705.xlsx,NO_TRUCKFLOW_MATCH
CTG_10133358202,XDS028,2026-07-04T16:07:00,2026-07-05T06:25:00,SOJA,VOLCABLE_PTO_2,TERMINAL_EMBARQUE,INGRESO,MovimientosPorContrato_20260705.xlsx,NO_TRUCKFLOW_MATCH
CTG_10133360661,JVJ366,2026-07-04T23:02:00,2026-07-05T06:29:00,SOJA,VOLCABLE_PTO_2,TERMINAL_EMBARQUE,INGRESO,MovimientosPorContrato_20260705.xlsx,NO_TRUCKFLOW_MATCH
CTG_10233336596,AG891BE,2026-07-04T16:50:00,2026-07-05T06:30:00,SOJA,VOLCABLE_PTO_5,TERMINAL_EMBARQUE,INGRESO,MovimientosPorContrato_20260705.xlsx,NO_TRUCKFLOW_MATCH
CTG_10133353201,FPI166,2026-07-04T17:59:00,2026-07-05T06:33:00,SOJA,VOLCABLE_PTO_1,TERMINAL_EMBARQUE,INGRESO,MovimientosPorContrato_20260705.xlsx,NO_TRUCKFLOW_MATCH
CTG_10233372106,OKH237,2026-07-04T19:05:00,2026-07-05T06:34:00,SOJA,VOLCABLE_PTO_2,TERMINAL_EMBARQUE,INGRESO,MovimientosPorContrato_20260705.xlsx,NO_TRUCKFLOW_MATCH
CTG_10233365617,OHU275,2026-07-04T18:43:00,2026-07-05T06:37:00,SOJA,VOLCABLE_PTO_2,TERMINAL_EMBARQUE,INGRESO,MovimientosPorContrato_20260705.xlsx,NO_TRUCKFLOW_MATCH
CTG_10233357610,RLU454,2026-07-04T17:31:00,2026-07-05T06:38:00,SOJA,VOLCABLE_PTO_1,TERMINAL_EMBARQUE,INGRESO,MovimientosPorContrato_20260705.xlsx,NO_TRUCKFLOW_MATCH
CTG_10133359600,AA930XW,2026-07-05T01:21:00,2026-07-05T06:45:00,SOJA,VOLCABLE_PTO_2,TERMINAL_EMBARQUE,INGRESO,MovimientosPorContrato_20260705.xlsx,NO_TRUCKFLOW_MATCH
CTG_10233369156,AH808WH,2026-07-04T17:48:00,2026-07-05T06:47:00,SOJA,VOLCABLE_PTO_1,TERMINAL_EMBARQUE,INGRESO,MovimientosPorContrato_20260705.xlsx,NO_TRUCKFLOW_MATCH
CTG_10233357849,WMM956,2026-07-04T17:31:00,2026-07-05T06:48:00,SOJA,VOLCABLE_PTO_5,TERMINAL_EMBARQUE,INGRESO,MovimientosPorContrato_20260705.xlsx,NO_TRUCKFLOW_MATCH
COMPROB_000400419262,OIG256,2026-07-05T00:13:00,2026-07-05T06:50:00,BORRA ACEITE GIRASOL REFINADO,ACEITE_OSL,TERMINAL_EMBARQUE,EGRESO,MovimientosPorContrato_20260705.xlsx,NO_TRUCKFLOW_MATCH
COMPROB_000400419268,TTTTTT,2026-07-05T07:18:00,2026-07-05T07:18:00,FUEL-OIL,,TERMINAL_EMBARQUE,EGRESO,MovimientosPorContrato_20260705.xlsx,NO_TRUCKFLOW_MATCH
CTG_10133345829,AB423KS,2026-07-04T18:42:00,2026-07-05T07:30:00,SOJA,VOLCABLE_PTO_1,TERMINAL_EMBARQUE,INGRESO,MovimientosPorContrato_20260705.xlsx,NO_TRUCKFLOW_MATCH
CTG_10133368723,PDK400,2026-07-04T19:28:00,2026-07-05T07:31:00,SOJA,VOLCABLE_PTO_5,TERMINAL_EMBARQUE,INGRESO,MovimientosPorContrato_20260705.xlsx,NO_TRUCKFLOW_MATCH
CTG_10233371377,FZB837,2026-07-04T19:53:00,2026-07-05T07:33:00,SOJA,VOLCABLE_PTO_2,TERMINAL_EMBARQUE,INGRESO,MovimientosPorContrato_20260705.xlsx,NO_TRUCKFLOW_MATCH
CTG_10233368794,AE222XZ,2026-07-04T19:10:00,2026-07-05T07:37:00,SOJA,VOLCABLE_PTO_2,TERMINAL_EMBARQUE,INGRESO,MovimientosPorContrato_20260705.xlsx,NO_TRUCKFLOW_MATCH
CTG_10233364723,JJJ058,2026-07-04T18:15:00,2026-07-05T07:38:00,SOJA,VOLCABLE_PTO_1,TERMINAL_EMBARQUE,INGRESO,MovimientosPorContrato_20260705.xlsx,NO_TRUCKFLOW_MATCH
CTG_10233376397,HME741,2026-07-04T20:09:00,2026-07-05T07:39:00,SOJA,VOLCABLE_PTO_1,TERMINAL_EMBARQUE,INGRESO,MovimientosPorContrato_20260705.xlsx,NO_TRUCKFLOW_MATCH
CTG_10133360127,PML810,2026-07-04T19:55:00,2026-07-05T07:43:00,SOJA,VOLCABLE_PTO_5,TERMINAL_EMBARQUE,INGRESO,MovimientosPorContrato_20260705.xlsx,NO_TRUCKFLOW_MATCH
CTG_10133345512,AB673FP,2026-07-04T20:58:00,2026-07-05T07:45:00,SOJA,VOLCABLE_PTO_2,TERMINAL_EMBARQUE,INGRESO,MovimientosPorContrato_20260705.xlsx,NO_TRUCKFLOW_MATCH
CTG_10133351466,AB312ST,2026-07-04T21:14:00,2026-07-05T07:50:00,SOJA,VOLCABLE_PTO_1,TERMINAL_EMBARQUE,INGRESO,MovimientosPorContrato_20260705.xlsx,NO_TRUCKFLOW_MATCH
CTG_10133342537,SDI288,2026-07-04T21:39:00,2026-07-05T07:51:00,SOJA,VOLCABLE_PTO_2,TERMINAL_EMBARQUE,INGRESO,MovimientosPorContrato_20260705.xlsx,NO_TRUCKFLOW_MATCH
CTG_10233376722,EDX206,2026-07-04T21:18:00,2026-07-05T07:53:00,SOJA,VOLCABLE_PTO_5,TERMINAL_EMBARQUE,INGRESO,MovimientosPorContrato_20260705.xlsx,NO_TRUCKFLOW_MATCH
CTG_10133327015,IUO199,2026-07-04T21:57:00,2026-07-05T07:55:00,SOJA,VOLCABLE_PTO_1,TERMINAL_EMBARQUE,INGRESO,MovimientosPorContrato_20260705.xlsx,NO_TRUCKFLOW_MATCH
CTG_10133346093,CFH282,2026-07-04T21:52:00,2026-07-05T08:00:00,SOJA,VOLCABLE_PTO_5,TERMINAL_EMBARQUE,INGRESO,MovimientosPorContrato_20260705.xlsx,NO_TRUCKFLOW_MATCH
CTG_10133365006,MLZ736,2026-07-04T22:03:00,2026-07-05T08:03:00,SOJA,VOLCABLE_PTO_1,TERMINAL_EMBARQUE,INGRESO,MovimientosPorContrato_20260705.xlsx,NO_TRUCKFLOW_MATCH
CTG_10133364304,ONZ564,2026-07-04T22:02:00,2026-07-05T08:04:00,SOJA,VOLCABLE_PTO_2,TERMINAL_EMBARQUE,INGRESO,MovimientosPorContrato_20260705.xlsx,NO_TRUCKFLOW_MATCH
CTG_10133346155,RFU584,2026-07-04T22:04:00,2026-07-05T08:11:00,SOJA,VOLCABLE_PTO_2,TERMINAL_EMBARQUE,INGRESO,MovimientosPorContrato_20260705.xlsx,NO_TRUCKFLOW_MATCH
CTG_10133368712,JSK740,2026-07-04T21:37:00,2026-07-05T08:14:00,SOJA,VOLCABLE_PTO_1,TERMINAL_EMBARQUE,INGRESO,MovimientosPorContrato_20260705.xlsx,NO_TRUCKFLOW_MATCH
CTG_10133368826,EPX703,2026-07-04T21:38:00,2026-07-05T08:15:00,SOJA,VOLCABLE_PTO_2,TERMINAL_EMBARQUE,INGRESO,MovimientosPorContrato_20260705.xlsx,NO_TRUCKFLOW_MATCH
CTG_10133351602,KBE850,2026-07-04T22:16:00,2026-07-05T08:16:00,SOJA,VOLCABLE_PTO_5,TERMINAL_EMBARQUE,INGRESO,MovimientosPorContrato_20260705.xlsx,NO_TRUCKFLOW_MATCH
CTG_10133356256,FWB176,2026-07-04T22:16:00,2026-07-05T08:22:00,SOJA,VOLCABLE_PTO_5,TERMINAL_EMBARQUE,INGRESO,MovimientosPorContrato_20260705.xlsx,NO_TRUCKFLOW_MATCH
CTG_10133364484,SIK414,2026-07-04T22:05:00,2026-07-05T08:25:00,SOJA,VOLCABLE_PTO_2,TERMINAL_EMBARQUE,INGRESO,MovimientosPorContrato_20260705.xlsx,NO_TRUCKFLOW_MATCH
CTG_10233352745,IDR961,2026-07-04T22:08:00,2026-07-05T08:26:00,SOJA,VOLCABLE_PTO_2,TERMINAL_EMBARQUE,INGRESO,MovimientosPorContrato_20260705.xlsx,NO_TRUCKFLOW_MATCH
CTG_10133354336,FIK272,2026-07-04T23:11:00,2026-07-05T08:28:00,SOJA,VOLCABLE_PTO_5,TERMINAL_EMBARQUE,INGRESO,MovimientosPorContrato_20260705.xlsx,NO_TRUCKFLOW_MATCH
CTG_10233372252,ELV664,2026-07-04T22:06:00,2026-07-05T08:30:00,SOJA,VOLCABLE_PTO_1,TERMINAL_EMBARQUE,INGRESO,MovimientosPorContrato_20260705.xlsx,NO_TRUCKFLOW_MATCH
CTG_10233363677,EUC006,2026-07-04T22:11:00,2026-07-05T08:34:00,SOJA,VOLCABLE_PTO_2,TERMINAL_EMBARQUE,INGRESO,MovimientosPorContrato_20260705.xlsx,NO_TRUCKFLOW_MATCH
CTG_10133342900,FEJ814,2026-07-04T22:10:00,2026-07-05T08:37:00,SOJA,VOLCABLE_PTO_2,TERMINAL_EMBARQUE,INGRESO,MovimientosPorContrato_20260705.xlsx,NO_TRUCKFLOW_MATCH
CTG_10133371086,IQB090,2026-07-04T21:15:00,2026-07-05T08:38:00,SOJA,VOLCABLE_PTO_1,TERMINAL_EMBARQUE,INGRESO,MovimientosPorContrato_20260705.xlsx,NO_TRUCKFLOW_MATCH
CTG_10133331430,AF631QR,2026-07-04T23:16:00,2026-07-05T08:39:00,SOJA,VOLCABLE_PTO_5,TERMINAL_EMBARQUE,INGRESO,MovimientosPorContrato_20260705.xlsx,NO_TRUCKFLOW_MATCH
CTG_10133351790,IOD531,2026-07-04T22:07:00,2026-07-05T08:44:00,SOJA,VOLCABLE_PTO_1,TERMINAL_EMBARQUE,INGRESO,MovimientosPorContrato_20260705.xlsx,NO_TRUCKFLOW_MATCH
CTG_10133375284,KOG289,2026-07-04T22:15:00,2026-07-05T08:45:00,SOJA,VOLCABLE_PTO_2,TERMINAL_EMBARQUE,INGRESO,MovimientosPorContrato_20260705.xlsx,NO_TRUCKFLOW_MATCH
CTG_10233372755,CAK123,2026-07-04T22:15:00,2026-07-05T08:46:00,SOJA,VOLCABLE_PTO_2,TERMINAL_EMBARQUE,INGRESO,MovimientosPorContrato_20260705.xlsx,NO_TRUCKFLOW_MATCH
CTG_10133351599,NQK049,2026-07-04T22:08:00,2026-07-05T08:48:00,SOJA,VOLCABLE_PTO_1,TERMINAL_EMBARQUE,INGRESO,MovimientosPorContrato_20260705.xlsx,NO_TRUCKFLOW_MATCH
CTG_10233371586,AE997FS,2026-07-04T22:17:00,2026-07-05T08:56:00,SOJA,VOLCABLE_PTO_2,TERMINAL_EMBARQUE,INGRESO,MovimientosPorContrato_20260705.xlsx,NO_TRUCKFLOW_MATCH
CTG_10133340919,AE075IE,2026-07-04T22:09:00,2026-07-05T08:57:00,SOJA,VOLCABLE_PTO_2,TERMINAL_EMBARQUE,INGRESO,MovimientosPorContrato_20260705.xlsx,NO_TRUCKFLOW_MATCH
CTG_10233356688,LCI064,2026-07-04T22:13:00,2026-07-05T08:58:00,SOJA,VOLCABLE_PTO_1,TERMINAL_EMBARQUE,INGRESO,MovimientosPorContrato_20260705.xlsx,NO_TRUCKFLOW_MATCH
CTG_10133367049,AA136AL,2026-07-05T01:02:00,2026-07-05T08:59:00,SOJA,VOLCABLE_PTO_5,TERMINAL_EMBARQUE,INGRESO,MovimientosPorContrato_20260705.xlsx,NO_TRUCKFLOW_MATCH
CTG_10133358472,OYN925,2026-07-04T22:12:00,2026-07-05T09:09:00,SOJA,VOLCABLE_PTO_2,TERMINAL_EMBARQUE,INGRESO,MovimientosPorContrato_20260705.xlsx,NO_TRUCKFLOW_MATCH
CTG_10233365904,ONX851,2026-07-04T22:14:00,2026-07-05T09:10:00,SOJA,VOLCABLE_PTO_1,TERMINAL_EMBARQUE,INGRESO,MovimientosPorContrato_20260705.xlsx,NO_TRUCKFLOW_MATCH
CTG_10233365807,AH876MS,2026-07-04T22:13:00,2026-07-05T09:13:00,SOJA,VOLCABLE_PTO_2,TERMINAL_EMBARQUE,INGRESO,MovimientosPorContrato_20260705.xlsx,NO_TRUCKFLOW_MATCH
CTG_10233360736,VIC546,2026-07-04T14:26:00,2026-07-05T09:14:00,SOJA,CELDA_16,RICARDONE,INGRESO,MovimientosPorContrato_20260705.xlsx,NO_TRUCKFLOW_MATCH
CTG_10233351956,JOQ424,2026-07-04T22:28:00,2026-07-05T09:14:00,SOJA,VOLCABLE_PTO_2,TERMINAL_EMBARQUE,INGRESO,MovimientosPorContrato_20260705.xlsx,NO_TRUCKFLOW_MATCH
CTG_10133341340,AA616TM,2026-07-04T22:11:00,2026-07-05T09:16:00,SOJA,VOLCABLE_PTO_1,TERMINAL_EMBARQUE,INGRESO,MovimientosPorContrato_20260705.xlsx,NO_TRUCKFLOW_MATCH
CTG_10233376734,TEM304,2026-07-05T01:35:00,2026-07-05T09:22:00,SOJA,VOLCABLE_PTO_5,TERMINAL_EMBARQUE,INGRESO,MovimientosPorContrato_20260705.xlsx,NO_TRUCKFLOW_MATCH
CTG_10233366538,DXG774,2026-07-04T22:20:00,2026-07-05T09:23:00,SOJA,VOLCABLE_PTO_1,TERMINAL_EMBARQUE,INGRESO,MovimientosPorContrato_20260705.xlsx,NO_TRUCKFLOW_MATCH
CTG_10233364014,BJB619,2026-07-04T22:21:00,2026-07-05T09:24:00,SOJA,VOLCABLE_PTO_2,TERMINAL_EMBARQUE,INGRESO,MovimientosPorContrato_20260705.xlsx,NO_TRUCKFLOW_MATCH
CTG_10233361883,BUV410,2026-07-04T17:09:00,2026-07-05T09:25:00,SOJA,CELDA_16,RICARDONE,INGRESO,MovimientosPorContrato_20260705.xlsx,NO_TRUCKFLOW_MATCH
CTG_10133369787,MFZ726,2026-07-05T02:26:00,2026-07-05T09:29:00,SOJA,VOLCABLE_PTO_5,TERMINAL_EMBARQUE,INGRESO,MovimientosPorContrato_20260705.xlsx,NO_TRUCKFLOW_MATCH
CTG_10133379969,HIJ104,2026-07-04T20:42:00,2026-07-05T09:29:00,SOJA,CELDA_16,RICARDONE,INGRESO,MovimientosPorContrato_20260705.xlsx,NO_TRUCKFLOW_MATCH
CTG_10233366846,AH324OO,2026-07-04T22:19:00,2026-07-05T09:30:00,SOJA,VOLCABLE_PTO_5,TERMINAL_EMBARQUE,INGRESO,MovimientosPorContrato_20260705.xlsx,NO_TRUCKFLOW_MATCH
CTG_10233357034,OTL737,2026-07-04T22:34:00,2026-07-05T09:31:00,SOJA,VOLCABLE_PTO_1,TERMINAL_EMBARQUE,INGRESO,MovimientosPorContrato_20260705.xlsx,NO_TRUCKFLOW_MATCH
CTG_10233366465,IVI950,2026-07-04T22:21:00,2026-07-05T09:36:00,SOJA,VOLCABLE_PTO_2,TERMINAL_EMBARQUE,INGRESO,MovimientosPorContrato_20260705.xlsx,NO_TRUCKFLOW_MATCH
CTG_10133364100,JSF143,2026-07-04T15:33:00,2026-07-05T09:37:00,SOJA,CELDA_16,RICARDONE,INGRESO,MovimientosPorContrato_20260705.xlsx,NO_TRUCKFLOW_MATCH
CTG_10233367144,TBJ630,2026-07-04T22:22:00,2026-07-05T09:38:00,SOJA,VOLCABLE_PTO_1,TERMINAL_EMBARQUE,INGRESO,MovimientosPorContrato_20260705.xlsx,NO_TRUCKFLOW_MATCH
CTG_10233364254,FGU100,2026-07-04T22:19:00,2026-07-05T09:42:00,SOJA,VOLCABLE_PTO_5,TERMINAL_EMBARQUE,INGRESO,MovimientosPorContrato_20260705.xlsx,NO_TRUCKFLOW_MATCH
CTG_10133372100,AB334MD,2026-07-04T22:50:00,2026-07-05T09:44:00,SOJA,VOLCABLE_PTO_1,TERMINAL_EMBARQUE,INGRESO,MovimientosPorContrato_20260705.xlsx,NO_TRUCKFLOW_MATCH
CTG_10133352918,AD051GY,2026-07-04T22:23:00,2026-07-05T09:49:00,SOJA,VOLCABLE_PTO_2,TERMINAL_EMBARQUE,INGRESO,MovimientosPorContrato_20260705.xlsx,NO_TRUCKFLOW_MATCH
CTG_10133372630,AE081EE,2026-07-04T22:50:00,2026-07-05T09:50:00,SOJA,VOLCABLE_PTO_2,TERMINAL_EMBARQUE,INGRESO,MovimientosPorContrato_20260705.xlsx,NO_TRUCKFLOW_MATCH
CTG_10233367822,GEW825,2026-07-04T22:38:00,2026-07-05T09:54:00,SOJA,VOLCABLE_PTO_5,TERMINAL_EMBARQUE,INGRESO,MovimientosPorContrato_20260705.xlsx,NO_TRUCKFLOW_MATCH
CTG_10233345347,JMP866,2026-07-04T22:33:00,2026-07-05T09:55:00,SOJA,VOLCABLE_PTO_1,TERMINAL_EMBARQUE,INGRESO,MovimientosPorContrato_20260705.xlsx,NO_TRUCKFLOW_MATCH
CTG_10133363091,AB802GU,2026-07-04T22:51:00,2026-07-05T09:59:00,SOJA,VOLCABLE_PTO_2,TERMINAL_EMBARQUE,INGRESO,MovimientosPorContrato_20260705.xlsx,NO_TRUCKFLOW_MATCH
CTG_10133347006,FER341,2026-07-04T22:43:00,2026-07-05T09:59:00,SOJA,VOLCABLE_PTO_5,TERMINAL_EMBARQUE,INGRESO,MovimientosPorContrato_20260705.xlsx,NO_TRUCKFLOW_MATCH
CTG_10133315500,AA834IY,2026-07-04T22:49:00,2026-07-05T10:01:00,SOJA,VOLCABLE_PTO_1,TERMINAL_EMBARQUE,INGRESO,MovimientosPorContrato_20260705.xlsx,NO_TRUCKFLOW_MATCH
CTG_10133372514,GHF510,2026-07-04T23:01:00,2026-07-05T10:06:00,SOJA,VOLCABLE_PTO_5,TERMINAL_EMBARQUE,INGRESO,MovimientosPorContrato_20260705.xlsx,NO_TRUCKFLOW_MATCH
CTG_10233370852,NFT229,2026-07-04T22:54:00,2026-07-05T10:09:00,SOJA,VOLCABLE_PTO_2,TERMINAL_EMBARQUE,INGRESO,MovimientosPorContrato_20260705.xlsx,NO_TRUCKFLOW_MATCH
CTG_10233368536,DET855,2026-07-04T22:53:00,2026-07-05T10:10:00,SOJA,VOLCABLE_PTO_1,TERMINAL_EMBARQUE,INGRESO,MovimientosPorContrato_20260705.xlsx,NO_TRUCKFLOW_MATCH
CTG_10133347075,LYW629,2026-07-04T22:44:00,2026-07-05T10:16:00,SOJA,VOLCABLE_PTO_2,TERMINAL_EMBARQUE,INGRESO,MovimientosPorContrato_20260705.xlsx,NO_TRUCKFLOW_MATCH
CTG_10133355309,MDU914,2026-07-04T22:54:00,2026-07-05T10:17:00,SOJA,VOLCABLE_PTO_1,TERMINAL_EMBARQUE,INGRESO,MovimientosPorContrato_20260705.xlsx,NO_TRUCKFLOW_MATCH
CTG_10133343840,PKT966,2026-07-04T23:05:00,2026-07-05T10:18:00,SOJA,VOLCABLE_PTO_5,TERMINAL_EMBARQUE,INGRESO,MovimientosPorContrato_20260705.xlsx,NO_TRUCKFLOW_MATCH
CTG_10133348237,JNP184,2026-07-04T23:12:00,2026-07-05T10:21:00,SOJA,VOLCABLE_PTO_1,TERMINAL_EMBARQUE,INGRESO,MovimientosPorContrato_20260705.xlsx,NO_TRUCKFLOW_MATCH
CTG_10233371131,GDP575,2026-07-04T23:07:00,2026-07-05T10:22:00,SOJA,VOLCABLE_PTO_2,TERMINAL_EMBARQUE,INGRESO,MovimientosPorContrato_20260705.xlsx,NO_TRUCKFLOW_MATCH
CTG_10233355965,BFD958,2026-07-05T00:03:00,2026-07-05T10:27:00,SOJA,VOLCABLE_PTO_2,TERMINAL_EMBARQUE,INGRESO,MovimientosPorContrato_20260705.xlsx,NO_TRUCKFLOW_MATCH
CTG_10233370746,TGM056,2026-07-04T23:21:00,2026-07-05T10:28:00,SOJA,VOLCABLE_PTO_1,TERMINAL_EMBARQUE,INGRESO,MovimientosPorContrato_20260705.xlsx,NO_TRUCKFLOW_MATCH
CTG_10233371445,KDA565,2026-07-04T23:06:00,2026-07-05T10:29:00,SOJA,VOLCABLE_PTO_5,TERMINAL_EMBARQUE,INGRESO,MovimientosPorContrato_20260705.xlsx,NO_TRUCKFLOW_MATCH
CTG_10133379784,GJI054,2026-07-05T00:06:00,2026-07-05T10:30:00,SOJA,VOLCABLE_PTO_5,TERMINAL_EMBARQUE,INGRESO,MovimientosPorContrato_20260705.xlsx,NO_TRUCKFLOW_MATCH
CTG_10133368964,AF101UV,2026-07-05T00:29:00,2026-07-05T10:32:00,SOJA,VOLCABLE_PTO_2,TERMINAL_EMBARQUE,INGRESO,MovimientosPorContrato_20260705.xlsx,NO_TRUCKFLOW_MATCH
CTG_10133369168,HBA510,2026-07-05T00:28:00,2026-07-05T10:40:00,SOJA,VOLCABLE_PTO_1,TERMINAL_EMBARQUE,INGRESO,MovimientosPorContrato_20260705.xlsx,NO_TRUCKFLOW_MATCH
CTG_10133346553,AG615LC,2026-07-04T23:37:00,2026-07-05T10:41:00,SOJA,VOLCABLE_PTO_5,TERMINAL_EMBARQUE,INGRESO,MovimientosPorContrato_20260705.xlsx,NO_TRUCKFLOW_MATCH
CTG_10133357857,AH967IL,2026-07-05T00:32:00,2026-07-05T10:42:00,SOJA,VOLCABLE_PTO_2,TERMINAL_EMBARQUE,INGRESO,MovimientosPorContrato_20260705.xlsx,NO_TRUCKFLOW_MATCH
COMPROB_000400419263,AF804QL,2026-07-05T08:39:00,2026-07-05T10:44:00,RESIDUOS ORG,,TERMINAL_EMBARQUE,EGRESO,MovimientosPorContrato_20260705.xlsx,NO_TRUCKFLOW_MATCH
CTG_10133369849,OMA837,2026-07-05T00:51:00,2026-07-05T10:46:00,SOJA,VOLCABLE_PTO_2,TERMINAL_EMBARQUE,INGRESO,MovimientosPorContrato_20260705.xlsx,NO_TRUCKFLOW_MATCH
CTG_10233374118,AA568WP,2026-07-05T00:55:00,2026-07-05T10:49:00,SOJA,VOLCABLE_PTO_1,TERMINAL_EMBARQUE,INGRESO,MovimientosPorContrato_20260705.xlsx,NO_TRUCKFLOW_MATCH
COMPROB_000301065420,LFT141,2026-07-05T00:25:00,2026-07-05T10:52:00,PRODUCTOS VARIOS,VARIOS,RICARDONE,EGRESO,MovimientosPorContrato_20260705.xlsx,NO_TRUCKFLOW_MATCH
CTG_10233365587,AA793XE,2026-07-05T00:17:00,2026-07-05T10:53:00,SOJA,VOLCABLE_PTO_5,TERMINAL_EMBARQUE,INGRESO,MovimientosPorContrato_20260705.xlsx,NO_TRUCKFLOW_MATCH
CTG_10233357722,AC849GX,2026-07-05T00:53:00,2026-07-05T10:54:00,SOJA,VOLCABLE_PTO_1,TERMINAL_EMBARQUE,INGRESO,MovimientosPorContrato_20260705.xlsx,NO_TRUCKFLOW_MATCH
CTG_10233358326,HHM704,2026-07-05T00:49:00,2026-07-05T10:55:00,SOJA,VOLCABLE_PTO_2,TERMINAL_EMBARQUE,INGRESO,MovimientosPorContrato_20260705.xlsx,NO_TRUCKFLOW_MATCH
CTG_10233369203,CGY968,2026-07-05T00:50:00,2026-07-05T11:00:00,SOJA,VOLCABLE_PTO_5,TERMINAL_EMBARQUE,INGRESO,MovimientosPorContrato_20260705.xlsx,NO_TRUCKFLOW_MATCH
CTG_10233354447,TJO496,2026-07-05T01:05:00,2026-07-05T11:01:00,SOJA,VOLCABLE_PTO_1,TERMINAL_EMBARQUE,INGRESO,MovimientosPorContrato_20260705.xlsx,NO_TRUCKFLOW_MATCH
CTG_10233357576,GRD798,2026-07-05T02:06:00,2026-07-05T11:02:00,SOJA,VOLCABLE_PTO_2,TERMINAL_EMBARQUE,INGRESO,MovimientosPorContrato_20260705.xlsx,NO_TRUCKFLOW_MATCH
CTG_10133352928,AH361YD,2026-07-05T01:59:00,2026-07-05T11:05:00,SOJA,VOLCABLE_PTO_5,TERMINAL_EMBARQUE,INGRESO,MovimientosPorContrato_20260705.xlsx,NO_TRUCKFLOW_MATCH
CTG_10133351789,KEJ084,2026-07-05T02:37:00,2026-07-05T11:09:00,SOJA,VOLCABLE_PTO_2,TERMINAL_EMBARQUE,INGRESO,MovimientosPorContrato_20260705.xlsx,NO_TRUCKFLOW_MATCH
CTG_10233360670,TFW691,2026-07-05T01:06:00,2026-07-05T11:10:00,SOJA,VOLCABLE_PTO_1,TERMINAL_EMBARQUE,INGRESO,MovimientosPorContrato_20260705.xlsx,NO_TRUCKFLOW_MATCH
CTG_10133358817,JYY885,2026-07-05T02:27:00,2026-07-05T11:12:00,SOJA,VOLCABLE_PTO_1,TERMINAL_EMBARQUE,INGRESO,MovimientosPorContrato_20260705.xlsx,NO_TRUCKFLOW_MATCH
CTG_10133374581,IFL217,2026-07-05T02:22:00,2026-07-05T11:14:00,SOJA,VOLCABLE_PTO_2,TERMINAL_EMBARQUE,INGRESO,MovimientosPorContrato_20260705.xlsx,NO_TRUCKFLOW_MATCH
CTG_10233358587,HHT229,2026-07-05T03:08:00,2026-07-05T11:16:00,SOJA,VOLCABLE_PTO_2,TERMINAL_EMBARQUE,INGRESO,MovimientosPorContrato_20260705.xlsx,NO_TRUCKFLOW_MATCH
CTG_10133376899,AI010WU,2026-07-05T02:22:00,2026-07-05T11:17:00,SOJA,VOLCABLE_PTO_5,TERMINAL_EMBARQUE,INGRESO,MovimientosPorContrato_20260705.xlsx,NO_TRUCKFLOW_MATCH
CTG_10233370312,JAU583,2026-07-05T02:28:00,2026-07-05T11:18:00,SOJA,VOLCABLE_PTO_1,TERMINAL_EMBARQUE,INGRESO,MovimientosPorContrato_20260705.xlsx,NO_TRUCKFLOW_MATCH
CTG_10233359370,AB835HC,2026-07-05T03:37:00,2026-07-05T11:24:00,SOJA,VOLCABLE_PTO_5,TERMINAL_EMBARQUE,INGRESO,MovimientosPorContrato_20260705.xlsx,NO_TRUCKFLOW_MATCH
CTG_10133347271,BEA279,2026-07-05T03:23:00,2026-07-05T11:32:00,SOJA,VOLCABLE_PTO_1,TERMINAL_EMBARQUE,INGRESO,MovimientosPorContrato_20260705.xlsx,NO_TRUCKFLOW_MATCH
CTG_10133347808,GOI440,2026-07-05T03:24:00,2026-07-05T11:33:00,SOJA,VOLCABLE_PTO_2,TERMINAL_EMBARQUE,INGRESO,MovimientosPorContrato_20260705.xlsx,NO_TRUCKFLOW_MATCH
CTG_10133368863,AD224AR,2026-07-05T04:14:00,2026-07-05T11:37:00,SOJA,VOLCABLE_PTO_5,TERMINAL_EMBARQUE,INGRESO,MovimientosPorContrato_20260705.xlsx,NO_TRUCKFLOW_MATCH
CTG_10133359274,LXV662,2026-07-05T03:47:00,2026-07-05T11:38:00,SOJA,VOLCABLE_PTO_2,TERMINAL_EMBARQUE,INGRESO,MovimientosPorContrato_20260705.xlsx,NO_TRUCKFLOW_MATCH
CTG_10233365818,AH273RG,2026-07-05T05:32:00,2026-07-05T11:42:00,SOJA,VOLCABLE_PTO_1,TERMINAL_EMBARQUE,INGRESO,MovimientosPorContrato_20260705.xlsx,NO_TRUCKFLOW_MATCH
CTG_10233371516,TXG046,2026-07-05T05:52:00,2026-07-05T11:45:00,SOJA,VOLCABLE_PTO_2,TERMINAL_EMBARQUE,INGRESO,MovimientosPorContrato_20260705.xlsx,NO_TRUCKFLOW_MATCH
CTG_10233357500,EEV985,2026-07-05T07:06:00,2026-07-05T11:48:00,SOJA,VOLCABLE_PTO_2,TERMINAL_EMBARQUE,INGRESO,MovimientosPorContrato_20260705.xlsx,NO_TRUCKFLOW_MATCH
CTG_10233372019,PMP414,2026-07-05T04:45:00,2026-07-05T11:49:00,SOJA,VOLCABLE_PTO_5,TERMINAL_EMBARQUE,INGRESO,MovimientosPorContrato_20260705.xlsx,NO_TRUCKFLOW_MATCH
CTG_10233353703,RIM819,2026-07-05T07:03:00,2026-07-05T11:55:00,SOJA,VOLCABLE_PTO_2,TERMINAL_EMBARQUE,INGRESO,MovimientosPorContrato_20260705.xlsx,NO_TRUCKFLOW_MATCH
CTG_10133370315,AA833IK,2026-07-05T06:06:00,2026-07-05T11:58:00,SOJA,VOLCABLE_PTO_1,TERMINAL_EMBARQUE,INGRESO,MovimientosPorContrato_20260705.xlsx,NO_TRUCKFLOW_MATCH
CTG_10133381722,GHX484,2026-07-05T08:00:00,2026-07-05T12:03:00,SOJA,VOLCABLE_PTO_2,TERMINAL_EMBARQUE,INGRESO,MovimientosPorContrato_20260705.xlsx,NO_TRUCKFLOW_MATCH
CTG_10233367277,GUO888,2026-07-05T07:32:00,2026-07-05T12:04:00,SOJA,VOLCABLE_PTO_1,TERMINAL_EMBARQUE,INGRESO,MovimientosPorContrato_20260705.xlsx,NO_TRUCKFLOW_MATCH
CTG_10233366102,PMK002,2026-07-05T08:19:00,2026-07-05T12:08:00,SOJA,VOLCABLE_PTO_2,TERMINAL_EMBARQUE,INGRESO,MovimientosPorContrato_20260705.xlsx,NO_TRUCKFLOW_MATCH
CTG_10233359343,VUT856,2026-07-05T08:08:00,2026-07-05T12:11:00,SOJA,VOLCABLE_PTO_1,TERMINAL_EMBARQUE,INGRESO,MovimientosPorContrato_20260705.xlsx,NO_TRUCKFLOW_MATCH
CTG_10233371990,FRJ389,2026-07-05T07:34:00,2026-07-05T12:14:00,SOJA,VOLCABLE_PTO_5,TERMINAL_EMBARQUE,INGRESO,MovimientosPorContrato_20260705.xlsx,NO_TRUCKFLOW_MATCH
CTG_10233365510,AD935TM,2026-07-05T08:28:00,2026-07-05T12:15:00,SOJA,VOLCABLE_PTO_1,TERMINAL_EMBARQUE,INGRESO,MovimientosPorContrato_20260705.xlsx,NO_TRUCKFLOW_MATCH
CTG_10133378477,BEC140,2026-07-05T08:10:00,2026-07-05T12:19:00,SOJA,VOLCABLE_PTO_2,TERMINAL_EMBARQUE,INGRESO,MovimientosPorContrato_20260705.xlsx,NO_TRUCKFLOW_MATCH
CTG_10133381207,AB867MG,2026-07-05T00:06:00,2026-07-05T12:20:00,SOJA,VOLCABLE_PTO_5,TERMINAL_EMBARQUE,INGRESO,MovimientosPorContrato_20260705.xlsx,NO_TRUCKFLOW_MATCH
CTG_10233379710,LNM990,2026-07-05T08:21:00,2026-07-05T12:25:00,SOJA,VOLCABLE_PTO_2,TERMINAL_EMBARQUE,INGRESO,MovimientosPorContrato_20260705.xlsx,NO_TRUCKFLOW_MATCH
CTG_10233369754,TKR949,2026-07-05T08:31:00,2026-07-05T12:26:00,SOJA,VOLCABLE_PTO_1,TERMINAL_EMBARQUE,INGRESO,MovimientosPorContrato_20260705.xlsx,NO_TRUCKFLOW_MATCH
CTG_10233379826,JVQ890,2026-07-05T04:24:00,2026-07-05T12:29:00,SOJA,VOLCABLE_PTO_5,TERMINAL_EMBARQUE,INGRESO,MovimientosPorContrato_20260705.xlsx,NO_TRUCKFLOW_MATCH
CTG_10133369335,FLS829,2026-07-05T09:05:00,2026-07-05T12:31:00,SOJA,VOLCABLE_PTO_1,TERMINAL_EMBARQUE,INGRESO,MovimientosPorContrato_20260705.xlsx,NO_TRUCKFLOW_MATCH
CTG_10233369744,NHM973,2026-07-05T09:16:00,2026-07-05T12:33:00,SOJA,VOLCABLE_PTO_2,TERMINAL_EMBARQUE,INGRESO,MovimientosPorContrato_20260705.xlsx,NO_TRUCKFLOW_MATCH
CTG_10233381599,AH578IJ,2026-07-05T06:44:00,2026-07-05T12:37:00,SOJA,VOLCABLE_PTO_5,TERMINAL_EMBARQUE,INGRESO,MovimientosPorContrato_20260705.xlsx,NO_TRUCKFLOW_MATCH
CTG_10233367368,WLP017,2026-07-05T09:17:00,2026-07-05T12:39:00,SOJA,VOLCABLE_PTO_1,TERMINAL_EMBARQUE,INGRESO,MovimientosPorContrato_20260705.xlsx,NO_TRUCKFLOW_MATCH
CTG_10233365401,BOQ305,2026-07-05T09:38:00,2026-07-05T12:43:00,SOJA,VOLCABLE_PTO_2,TERMINAL_EMBARQUE,INGRESO,MovimientosPorContrato_20260705.xlsx,NO_TRUCKFLOW_MATCH
CTG_10133346025,OCB980,2026-07-05T09:33:00,2026-07-05T12:46:00,SOJA,VOLCABLE_PTO_1,TERMINAL_EMBARQUE,INGRESO,MovimientosPorContrato_20260705.xlsx,NO_TRUCKFLOW_MATCH
CTG_10133346425,KJL901,2026-07-05T08:44:00,2026-07-05T12:47:00,SOJA,VOLCABLE_PTO_5,TERMINAL_EMBARQUE,INGRESO,MovimientosPorContrato_20260705.xlsx,NO_TRUCKFLOW_MATCH
CTG_10233350584,CDA503,2026-07-05T09:37:00,2026-07-05T12:54:00,SOJA,VOLCABLE_PTO_3,TERMINAL_EMBARQUE,INGRESO,MovimientosPorContrato_20260705.xlsx,NO_TRUCKFLOW_MATCH
CTG_10233356554,AZU979,2026-07-05T09:36:00,2026-07-05T12:55:00,SOJA,VOLCABLE_PTO_5,TERMINAL_EMBARQUE,INGRESO,MovimientosPorContrato_20260705.xlsx,NO_TRUCKFLOW_MATCH
CTG_10233368231,LWU153,2026-07-05T09:39:00,2026-07-05T12:56:00,SOJA,VOLCABLE_PTO_5,TERMINAL_EMBARQUE,INGRESO,MovimientosPorContrato_20260705.xlsx,NO_TRUCKFLOW_MATCH
CTG_10133375867,AH056AH,2026-07-05T09:26:00,2026-07-05T13:03:00,SOJA,VOLCABLE_PTO_3,TERMINAL_EMBARQUE,INGRESO,MovimientosPorContrato_20260705.xlsx,NO_TRUCKFLOW_MATCH
CTG_10233369966,CQP621,2026-07-05T02:39:00,2026-07-05T13:06:00,SOJA,VOLCABLE_PTO_5,TERMINAL_EMBARQUE,INGRESO,MovimientosPorContrato_20260705.xlsx,NO_TRUCKFLOW_MATCH
CTG_10133358594,FRF984,2026-07-05T07:56:00,2026-07-05T13:14:00,SOJA,VOLCABLE_PTO_3,TERMINAL_EMBARQUE,INGRESO,MovimientosPorContrato_20260705.xlsx,NO_TRUCKFLOW_MATCH
CTG_10233372603,PKS727,2026-07-05T06:58:00,2026-07-05T13:17:00,SOJA,VOLCABLE_PTO_3,TERMINAL_EMBARQUE,INGRESO,MovimientosPorContrato_20260705.xlsx,NO_TRUCKFLOW_MATCH
CTG_10133340661,RBA393,2026-07-05T06:41:00,2026-07-05T13:23:00,SOJA,VOLCABLE_PTO_5,TERMINAL_EMBARQUE,INGRESO,MovimientosPorContrato_20260705.xlsx,NO_TRUCKFLOW_MATCH
CTG_10133379307,AF170XN,2026-07-05T10:04:00,2026-07-05T13:25:00,SOJA,VOLCABLE_PTO_5,TERMINAL_EMBARQUE,INGRESO,MovimientosPorContrato_20260705.xlsx,NO_TRUCKFLOW_MATCH
CTG_10233379614,AH996YS,2026-07-05T10:03:00,2026-07-05T13:27:00,SOJA,VOLCABLE_PTO_3,TERMINAL_EMBARQUE,INGRESO,MovimientosPorContrato_20260705.xlsx,NO_TRUCKFLOW_MATCH
CTG_10233379563,AD159MS,2026-07-05T10:02:00,2026-07-05T13:35:00,SOJA,VOLCABLE_PTO_5,TERMINAL_EMBARQUE,INGRESO,MovimientosPorContrato_20260705.xlsx,NO_TRUCKFLOW_MATCH
CTG_10233377348,CPB993,2026-07-05T10:04:00,2026-07-05T13:37:00,SOJA,VOLCABLE_PTO_3,TERMINAL_EMBARQUE,INGRESO,MovimientosPorContrato_20260705.xlsx,NO_TRUCKFLOW_MATCH
CTG_10133373191,KTW149,2026-07-05T10:14:00,2026-07-05T13:43:00,SOJA,VOLCABLE_PTO_3,TERMINAL_EMBARQUE,INGRESO,MovimientosPorContrato_20260705.xlsx,NO_TRUCKFLOW_MATCH
CTG_10133353795,AC045XF,2026-07-05T09:18:00,2026-07-05T13:44:00,SOJA,VOLCABLE_PTO_3,TERMINAL_EMBARQUE,INGRESO,MovimientosPorContrato_20260705.xlsx,NO_TRUCKFLOW_MATCH
CTG_10133345843,UFZ598,2026-07-05T10:09:00,2026-07-05T13:46:00,SOJA,VOLCABLE_PTO_5,TERMINAL_EMBARQUE,INGRESO,MovimientosPorContrato_20260705.xlsx,NO_TRUCKFLOW_MATCH
CTG_10133358320,GMN477,2026-07-05T10:17:00,2026-07-05T13:52:00,SOJA,VOLCABLE_PTO_3,TERMINAL_EMBARQUE,INGRESO,MovimientosPorContrato_20260705.xlsx,NO_TRUCKFLOW_MATCH
CTG_10233369033,EHQ117,2026-07-05T10:25:00,2026-07-05T13:55:00,SOJA,VOLCABLE_PTO_5,TERMINAL_EMBARQUE,INGRESO,MovimientosPorContrato_20260705.xlsx,NO_TRUCKFLOW_MATCH
CTG_10133351919,GIR221,2026-07-05T02:38:00,2026-07-05T13:57:00,SOJA,VOLCABLE_PTO_3,TERMINAL_EMBARQUE,INGRESO,MovimientosPorContrato_20260705.xlsx,NO_TRUCKFLOW_MATCH
COMPROB_000404036423,SZG666,2026-07-05T12:34:00,2026-07-05T13:59:00,AGUA INDUSTRIAL,ACEITE_OSL,TERMINAL_EMBARQUE,INGRESO,MovimientosPorContrato_20260705.xlsx,NO_TRUCKFLOW_MATCH
CTG_10233358829,CCF989,2026-07-05T10:26:00,2026-07-05T14:04:00,SOJA,VOLCABLE_PTO_5,TERMINAL_EMBARQUE,INGRESO,MovimientosPorContrato_20260705.xlsx,NO_TRUCKFLOW_MATCH
CTG_10233369986,LXX343,2026-07-05T10:50:00,2026-07-05T14:05:00,SOJA,VOLCABLE_PTO_3,TERMINAL_EMBARQUE,INGRESO,MovimientosPorContrato_20260705.xlsx,NO_TRUCKFLOW_MATCH
CTG_10233351192,HSA103,2026-07-05T10:27:00,2026-07-05T14:11:00,SOJA,VOLCABLE_PTO_5,TERMINAL_EMBARQUE,INGRESO,MovimientosPorContrato_20260705.xlsx,NO_TRUCKFLOW_MATCH
CTG_10233370737,MWI799,2026-07-05T10:33:00,2026-07-05T14:12:00,SOJA,VOLCABLE_PTO_3,TERMINAL_EMBARQUE,INGRESO,MovimientosPorContrato_20260705.xlsx,NO_TRUCKFLOW_MATCH
CTG_10233372847,AF202ND,2026-07-05T10:51:00,2026-07-05T14:21:00,SOJA,VOLCABLE_PTO_5,TERMINAL_EMBARQUE,INGRESO,MovimientosPorContrato_20260705.xlsx,NO_TRUCKFLOW_MATCH
CTG_10233358811,FWM713,2026-07-05T10:34:00,2026-07-05T14:30:00,SOJA,VOLCABLE_PTO_3,TERMINAL_EMBARQUE,INGRESO,MovimientosPorContrato_20260705.xlsx,NO_TRUCKFLOW_MATCH
CTG_10233376041,BZW058,2026-07-05T10:57:00,2026-07-05T14:31:00,SOJA,VOLCABLE_PTO_5,TERMINAL_EMBARQUE,INGRESO,MovimientosPorContrato_20260705.xlsx,NO_TRUCKFLOW_MATCH
CTG_10133341605,GAQ203,2026-07-04T16:05:00,2026-07-05T14:40:00,SOJA,VOLCABLE_PTO_3,TERMINAL_EMBARQUE,INGRESO,MovimientosPorContrato_20260705.xlsx,NO_TRUCKFLOW_MATCH
CTG_10133354503,AB075CA,2026-07-05T11:10:00,2026-07-05T14:42:00,SOJA,VOLCABLE_PTO_5,TERMINAL_EMBARQUE,INGRESO,MovimientosPorContrato_20260705.xlsx,NO_TRUCKFLOW_MATCH
CTG_10233379701,ORP412,2026-07-05T11:23:00,2026-07-05T14:48:00,SOJA,VOLCABLE_PTO_5,TERMINAL_EMBARQUE,INGRESO,MovimientosPorContrato_20260705.xlsx,NO_TRUCKFLOW_MATCH
CTG_10233374205,COO885,2026-07-05T10:59:00,2026-07-05T14:57:00,SOJA,VOLCABLE_PTO_3,TERMINAL_EMBARQUE,INGRESO,MovimientosPorContrato_20260705.xlsx,NO_TRUCKFLOW_MATCH
CTG_10133345982,KZR607,2026-07-05T11:51:00,2026-07-05T15:15:00,SOJA,VOLCABLE_PTO_5,TERMINAL_EMBARQUE,INGRESO,MovimientosPorContrato_20260705.xlsx,NO_TRUCKFLOW_MATCH
CTG_10133369469,NKY777,2026-07-05T11:59:00,2026-07-05T15:16:00,SOJA,VOLCABLE_PTO_3,TERMINAL_EMBARQUE,INGRESO,MovimientosPorContrato_20260705.xlsx,NO_TRUCKFLOW_MATCH
CTG_10133346398,FMC811,2026-07-05T12:10:00,2026-07-05T15:17:00,SOJA,VOLCABLE_PTO_3,TERMINAL_EMBARQUE,INGRESO,MovimientosPorContrato_20260705.xlsx,NO_TRUCKFLOW_MATCH
CTG_10233384303,HOK661,2026-07-05T13:46:00,2026-07-05T15:18:00,SOJA,VOLCABLE_PTO_5,TERMINAL_EMBARQUE,INGRESO,MovimientosPorContrato_20260705.xlsx,NO_TRUCKFLOW_MATCH
CTG_10133369570,JHQ376,2026-07-05T12:25:00,2026-07-05T15:20:00,SOJA,VOLCABLE_PTO_3,TERMINAL_EMBARQUE,INGRESO,MovimientosPorContrato_20260705.xlsx,NO_TRUCKFLOW_MATCH
CTG_10133358260,EDQ876,2026-07-05T14:01:00,2026-07-05T15:25:00,SOJA,VOLCABLE_PTO_3,TERMINAL_EMBARQUE,INGRESO,MovimientosPorContrato_20260705.xlsx,NO_TRUCKFLOW_MATCH
CTG_10233384197,BPF993,2026-07-05T14:10:00,2026-07-05T15:31:00,SOJA,VOLCABLE_PTO_3,TERMINAL_EMBARQUE,INGRESO,MovimientosPorContrato_20260705.xlsx,NO_TRUCKFLOW_MATCH
CTG_10133365907,PHL462,2026-07-05T13:47:00,2026-07-05T15:33:00,SOJA,VOLCABLE_PTO_5,TERMINAL_EMBARQUE,INGRESO,MovimientosPorContrato_20260705.xlsx,NO_TRUCKFLOW_MATCH
COMPROB_000400419264,OIG256,2026-07-05T14:24:00,2026-07-05T15:38:00,BORRA ACEITE GIRASOL REFINADO,ACEITE_OSL,TERMINAL_EMBARQUE,EGRESO,MovimientosPorContrato_20260705.xlsx,NO_TRUCKFLOW_MATCH
CTG_10233383144,MSC110,2026-07-05T13:08:00,2026-07-05T15:41:00,SOJA,VOLCABLE_PTO_5,TERMINAL_EMBARQUE,INGRESO,MovimientosPorContrato_20260705.xlsx,NO_TRUCKFLOW_MATCH
CTG_10233351686,GYO425,2026-07-05T14:14:00,2026-07-05T15:52:00,SOJA,VOLCABLE_PTO_5,TERMINAL_EMBARQUE,INGRESO,MovimientosPorContrato_20260705.xlsx,NO_TRUCKFLOW_MATCH
CTG_10233378606,AH353XR,2026-07-05T10:33:00,2026-07-05T16:04:00,SOJA,VOLCABLE_PTO_5,TERMINAL_EMBARQUE,INGRESO,MovimientosPorContrato_20260705.xlsx,NO_TRUCKFLOW_MATCH
CTG_10133369262,SJX727,2026-07-05T14:26:00,2026-07-05T16:08:00,SOJA,VOLCABLE_PTO_3,TERMINAL_EMBARQUE,INGRESO,MovimientosPorContrato_20260705.xlsx,NO_TRUCKFLOW_MATCH
CTG_10133369392,GOX306,2026-07-05T14:27:00,2026-07-05T16:09:00,SOJA,VOLCABLE_PTO_3,TERMINAL_EMBARQUE,INGRESO,MovimientosPorContrato_20260705.xlsx,NO_TRUCKFLOW_MATCH
CTG_10233350302,HFD473,2026-07-04T01:43:00,2026-07-05T16:10:00,SOJA,VOLCABLE_PTO_5,TERMINAL_EMBARQUE,INGRESO,MovimientosPorContrato_20260705.xlsx,NO_TRUCKFLOW_MATCH
CTG_10233383474,IGM580,2026-07-05T14:32:00,2026-07-05T16:17:00,SOJA,VOLCABLE_PTO_3,TERMINAL_EMBARQUE,INGRESO,MovimientosPorContrato_20260705.xlsx,NO_TRUCKFLOW_MATCH
CTG_10133344748,VAU702,2026-07-05T14:42:00,2026-07-05T16:24:00,SOJA,VOLCABLE_PTO_3,TERMINAL_EMBARQUE,INGRESO,MovimientosPorContrato_20260705.xlsx,NO_TRUCKFLOW_MATCH
CTG_10133369569,DPF269,2026-07-05T14:07:00,2026-07-05T16:36:00,SOJA,VOLCABLE_PTO_3,TERMINAL_EMBARQUE,INGRESO,MovimientosPorContrato_20260705.xlsx,NO_TRUCKFLOW_MATCH
CTG_10233382993,FLV901,2026-07-05T14:41:00,2026-07-05T16:47:00,SOJA,VOLCABLE_PTO_3,TERMINAL_EMBARQUE,INGRESO,MovimientosPorContrato_20260705.xlsx,NO_TRUCKFLOW_MATCH
CTG_10233368326,FFH065,2026-07-05T07:33:00,2026-07-05T17:28:00,SOJA,VOLCABLE_PTO_3,TERMINAL_EMBARQUE,INGRESO,MovimientosPorContrato_20260705.xlsx,NO_TRUCKFLOW_MATCH
CTG_10233382876,HME741,2026-07-05T12:53:00,2026-07-05T17:31:00,SOJA,VOLCABLE_PTO_3,TERMINAL_EMBARQUE,INGRESO,MovimientosPorContrato_20260705.xlsx,NO_TRUCKFLOW_MATCH
CTG_10233373246,TMP665,2026-07-05T06:46:00,2026-07-05T17:39:00,SOJA,VOLCABLE_PTO_3,TERMINAL_EMBARQUE,INGRESO,MovimientosPorContrato_20260705.xlsx,NO_TRUCKFLOW_MATCH
CTG_10233371088,ASW515,2026-07-05T13:09:00,2026-07-05T17:47:00,SOJA,VOLCABLE_PTO_3,TERMINAL_EMBARQUE,INGRESO,MovimientosPorContrato_20260705.xlsx,NO_TRUCKFLOW_MATCH
CTG_10233384257,OIH490,2026-07-05T14:04:00,2026-07-05T17:53:00,SOJA,VOLCABLE_PTO_3,TERMINAL_EMBARQUE,INGRESO,MovimientosPorContrato_20260705.xlsx,NO_TRUCKFLOW_MATCH
CTG_10133358007,AA330CA,2026-07-05T14:07:00,2026-07-05T17:59:00,SOJA,VOLCABLE_PTO_3,TERMINAL_EMBARQUE,INGRESO,MovimientosPorContrato_20260705.xlsx,NO_TRUCKFLOW_MATCH
COMPROB_000404036459,CMF111,2026-07-05T16:55:00,2026-07-05T18:08:00,AGUA INDUSTRIAL,ACEITE_OSL,TERMINAL_EMBARQUE,INGRESO,MovimientosPorContrato_20260705.xlsx,NO_TRUCKFLOW_MATCH
CTG_10233365375,VFJ646,2026-07-05T14:49:00,2026-07-05T18:10:00,SOJA,VOLCABLE_PTO_3,TERMINAL_EMBARQUE,INGRESO,MovimientosPorContrato_20260705.xlsx,NO_TRUCKFLOW_MATCH
CTG_10133370001,OUS054,2026-07-05T14:59:00,2026-07-05T18:17:00,SOJA,VOLCABLE_PTO_3,TERMINAL_EMBARQUE,INGRESO,MovimientosPorContrato_20260705.xlsx,NO_TRUCKFLOW_MATCH
CTG_10233368577,PIP144,2026-07-05T15:00:00,2026-07-05T18:27:00,SOJA,VOLCABLE_PTO_3,TERMINAL_EMBARQUE,INGRESO,MovimientosPorContrato_20260705.xlsx,NO_TRUCKFLOW_MATCH
CTG_10233365622,ENO218,2026-07-05T15:00:00,2026-07-05T18:35:00,SOJA,VOLCABLE_PTO_3,TERMINAL_EMBARQUE,INGRESO,MovimientosPorContrato_20260705.xlsx,NO_TRUCKFLOW_MATCH
CTG_10133382130,FQS357,2026-07-05T10:46:00,2026-07-05T18:36:00,GIRASOL,VOLCABLE_1,RICARDONE,INGRESO,MovimientosPorContrato_20260705.xlsx,NO_TRUCKFLOW_MATCH
CTG_10233325826,GPL355,2026-07-05T14:05:00,2026-07-05T18:44:00,GIRASOL,VOLCABLE_2,RICARDONE,INGRESO,MovimientosPorContrato_20260705.xlsx,NO_TRUCKFLOW_MATCH
CTG_10133370662,AH634CT,2026-07-05T15:16:00,2026-07-05T18:44:00,SOJA,VOLCABLE_PTO_3,TERMINAL_EMBARQUE,INGRESO,MovimientosPorContrato_20260705.xlsx,NO_TRUCKFLOW_MATCH
CTG_10233383320,LNM989,2026-07-05T15:11:00,2026-07-05T19:31:00,SOJA,VOLCABLE_PTO_3,TERMINAL_EMBARQUE,INGRESO,MovimientosPorContrato_20260705.xlsx,NO_TRUCKFLOW_MATCH
CTG_10133371269,NPM286,2026-07-05T16:04:00,2026-07-05T19:36:00,SOJA,VOLCABLE_PTO_5,TERMINAL_EMBARQUE,INGRESO,MovimientosPorContrato_20260705.xlsx,NO_TRUCKFLOW_MATCH
CTG_10133381520,HDF907,2026-07-05T15:22:00,2026-07-05T19:39:00,SOJA,VOLCABLE_PTO_5,TERMINAL_EMBARQUE,INGRESO,MovimientosPorContrato_20260705.xlsx,NO_TRUCKFLOW_MATCH
CTG_10133375553,AH601OS,2026-07-05T15:12:00,2026-07-05T19:46:00,SOJA,VOLCABLE_PTO_3,TERMINAL_EMBARQUE,INGRESO,MovimientosPorContrato_20260705.xlsx,NO_TRUCKFLOW_MATCH
CTG_10133361009,AH888ZX,2026-07-05T16:07:00,2026-07-05T19:47:00,SOJA,VOLCABLE_PTO_3,TERMINAL_EMBARQUE,INGRESO,MovimientosPorContrato_20260705.xlsx,NO_TRUCKFLOW_MATCH
CTG_10233367222,KSF026,2026-07-05T16:08:00,2026-07-05T19:48:00,SOJA,VOLCABLE_PTO_5,TERMINAL_EMBARQUE,INGRESO,MovimientosPorContrato_20260705.xlsx,NO_TRUCKFLOW_MATCH
CTG_10233383430,AG812VO,2026-07-05T16:15:00,2026-07-05T19:59:00,SOJA,VOLCABLE_PTO_5,TERMINAL_EMBARQUE,INGRESO,MovimientosPorContrato_20260705.xlsx,NO_TRUCKFLOW_MATCH
CTG_10133388132,AB871FF,2026-07-05T16:20:00,2026-07-05T20:01:00,SOJA,VOLCABLE_PTO_3,TERMINAL_EMBARQUE,INGRESO,MovimientosPorContrato_20260705.xlsx,NO_TRUCKFLOW_MATCH
CTG_10133354479,AD609AL,2026-07-05T16:44:00,2026-07-05T20:02:00,SOJA,VOLCABLE_PTO_3,TERMINAL_EMBARQUE,INGRESO,MovimientosPorContrato_20260705.xlsx,NO_TRUCKFLOW_MATCH
CTG_10233384115,BVL768,2026-07-05T13:49:00,2026-07-05T20:06:00,SOJA,VOLCABLE_PTO_5,TERMINAL_EMBARQUE,INGRESO,MovimientosPorContrato_20260705.xlsx,NO_TRUCKFLOW_MATCH
CTG_10133378517,JRC899,2026-07-05T16:41:00,2026-07-05T20:11:00,SOJA,VOLCABLE_PTO_3,TERMINAL_EMBARQUE,INGRESO,MovimientosPorContrato_20260705.xlsx,NO_TRUCKFLOW_MATCH
CTG_10133340125,UMY641,2026-07-05T11:12:00,2026-07-05T20:16:00,SOJA,VOLCABLE_PTO_5,TERMINAL_EMBARQUE,INGRESO,MovimientosPorContrato_20260705.xlsx,NO_TRUCKFLOW_MATCH
CTG_10233383019,AA920SV,2026-07-05T16:42:00,2026-07-05T20:20:00,SOJA,VOLCABLE_PTO_3,TERMINAL_EMBARQUE,INGRESO,MovimientosPorContrato_20260705.xlsx,NO_TRUCKFLOW_MATCH
CTG_10133365389,MIG708,2026-07-05T10:58:00,2026-07-05T20:24:00,SOJA,VOLCABLE_PTO_5,TERMINAL_EMBARQUE,INGRESO,MovimientosPorContrato_20260705.xlsx,NO_TRUCKFLOW_MATCH
CTG_10133370871,AE943XF,2026-07-05T11:56:00,2026-07-05T20:29:00,SOJA,VOLCABLE_PTO_5,TERMINAL_EMBARQUE,INGRESO,MovimientosPorContrato_20260705.xlsx,NO_TRUCKFLOW_MATCH
CTG_10133369629,AH923RF,2026-07-05T16:45:00,2026-07-05T20:31:00,SOJA,VOLCABLE_PTO_3,TERMINAL_EMBARQUE,INGRESO,MovimientosPorContrato_20260705.xlsx,NO_TRUCKFLOW_MATCH
CTG_10233368252,KHP369,2026-07-05T10:16:00,2026-07-05T20:48:00,SOJA,VOLCABLE_PTO_5,TERMINAL_EMBARQUE,INGRESO,MovimientosPorContrato_20260705.xlsx,NO_TRUCKFLOW_MATCH
CTG_10133378462,AB269FD,2026-07-05T16:53:00,2026-07-05T20:50:00,SOJA,VOLCABLE_PTO_3,TERMINAL_EMBARQUE,INGRESO,MovimientosPorContrato_20260705.xlsx,NO_TRUCKFLOW_MATCH
CTG_10133349029,KLZ652,2026-07-05T15:34:00,2026-07-05T20:51:00,SOJA,VOLCABLE_PTO_5,TERMINAL_EMBARQUE,INGRESO,MovimientosPorContrato_20260705.xlsx,NO_TRUCKFLOW_MATCH
CTG_10133378417,MGQ780,2026-07-05T16:54:00,2026-07-05T20:52:00,SOJA,VOLCABLE_PTO_3,TERMINAL_EMBARQUE,INGRESO,MovimientosPorContrato_20260705.xlsx,NO_TRUCKFLOW_MATCH
CTG_10133358403,AG823QR,2026-07-05T17:26:00,2026-07-05T21:50:00,SOJA,VOLCABLE_PTO_5,TERMINAL_EMBARQUE,INGRESO,MovimientosPorContrato_20260705.xlsx,NO_TRUCKFLOW_MATCH
CTG_10133372409,PGF690,2026-07-05T17:08:00,2026-07-05T21:52:00,SOJA,VOLCABLE_PTO_3,TERMINAL_EMBARQUE,INGRESO,MovimientosPorContrato_20260705.xlsx,NO_TRUCKFLOW_MATCH
CTG_10233348309,BIL813,2026-07-05T17:09:00,2026-07-05T21:53:00,SOJA,VOLCABLE_PTO_5,TERMINAL_EMBARQUE,INGRESO,MovimientosPorContrato_20260705.xlsx,NO_TRUCKFLOW_MATCH
CTG_10133359908,AE522EL,2026-07-05T17:27:00,2026-07-05T21:54:00,SOJA,VOLCABLE_PTO_3,TERMINAL_EMBARQUE,INGRESO,MovimientosPorContrato_20260705.xlsx,NO_TRUCKFLOW_MATCH
CTG_10233369118,AH610IK,2026-07-05T15:01:00,2026-07-05T21:56:00,SOJA,VOLCABLE_PTO_3,TERMINAL_EMBARQUE,INGRESO,MovimientosPorContrato_20260705.xlsx,NO_TRUCKFLOW_MATCH
CTG_10233367169,ELH389,2026-07-05T15:10:00,2026-07-05T21:58:00,SOJA,VOLCABLE_PTO_5,TERMINAL_EMBARQUE,INGRESO,MovimientosPorContrato_20260705.xlsx,NO_TRUCKFLOW_MATCH
CTG_10233367476,FEN174,2026-07-05T16:47:00,2026-07-05T21:59:00,SOJA,VOLCABLE_PTO_3,TERMINAL_EMBARQUE,INGRESO,MovimientosPorContrato_20260705.xlsx,NO_TRUCKFLOW_MATCH
COMPROB_000404036492,SZG666,2026-07-05T20:49:00,2026-07-05T22:00:00,AGUA INDUSTRIAL,ACEITE_OSL,TERMINAL_EMBARQUE,INGRESO,MovimientosPorContrato_20260705.xlsx,NO_TRUCKFLOW_MATCH
CTG_10133354995,KUV535,2026-07-05T17:53:00,2026-07-05T22:01:00,SOJA,VOLCABLE_PTO_5,TERMINAL_EMBARQUE,INGRESO,MovimientosPorContrato_20260705.xlsx,NO_TRUCKFLOW_MATCH
CTG_10233383929,AH825WE,2026-07-05T17:50:00,2026-07-05T22:01:00,SOJA,VOLCABLE_PTO_3,TERMINAL_EMBARQUE,INGRESO,MovimientosPorContrato_20260705.xlsx,NO_TRUCKFLOW_MATCH
CTG_10128658521,HPF044,2026-07-05T17:52:00,2026-07-05T22:02:00,SOJA,VOLCABLE_PTO_5,TERMINAL_EMBARQUE,INGRESO,MovimientosPorContrato_20260705.xlsx,NO_TRUCKFLOW_MATCH
CTG_10233359627,GYR963,2026-07-05T18:03:00,2026-07-05T22:03:00,SOJA,VOLCABLE_PTO_3,TERMINAL_EMBARQUE,INGRESO,MovimientosPorContrato_20260705.xlsx,NO_TRUCKFLOW_MATCH
CTG_10133359199,HLI347,2026-07-05T18:14:00,2026-07-05T22:05:00,SOJA,VOLCABLE_PTO_5,TERMINAL_EMBARQUE,INGRESO,MovimientosPorContrato_20260705.xlsx,NO_TRUCKFLOW_MATCH
CTG_10133380558,AB086WB,2026-07-05T18:13:00,2026-07-05T22:06:00,SOJA,VOLCABLE_PTO_3,TERMINAL_EMBARQUE,INGRESO,MovimientosPorContrato_20260705.xlsx,NO_TRUCKFLOW_MATCH
CTG_10133385723,PKD817,2026-07-05T18:37:00,2026-07-05T22:10:00,SOJA,VOLCABLE_PTO_5,TERMINAL_EMBARQUE,INGRESO,MovimientosPorContrato_20260705.xlsx,NO_TRUCKFLOW_MATCH
CTG_10233385250,OYZ151,2026-07-05T18:13:00,2026-07-05T22:12:00,SOJA,VOLCABLE_PTO_5,TERMINAL_EMBARQUE,INGRESO,MovimientosPorContrato_20260705.xlsx,NO_TRUCKFLOW_MATCH
CTG_10233385200,CGX902,2026-07-05T18:12:00,2026-07-05T22:14:00,SOJA,VOLCABLE_PTO_3,TERMINAL_EMBARQUE,INGRESO,MovimientosPorContrato_20260705.xlsx,NO_TRUCKFLOW_MATCH
CTG_10133372793,HAX962,2026-07-05T18:29:00,2026-07-05T22:22:00,SOJA,VOLCABLE_PTO_5,TERMINAL_EMBARQUE,INGRESO,MovimientosPorContrato_20260705.xlsx,NO_TRUCKFLOW_MATCH
CTG_10133345719,SMN815,2026-07-05T18:21:00,2026-07-05T22:23:00,SOJA,VOLCABLE_PTO_3,TERMINAL_EMBARQUE,INGRESO,MovimientosPorContrato_20260705.xlsx,NO_TRUCKFLOW_MATCH
CTG_10233368275,AE348QD,2026-07-05T19:34:00,2026-07-05T22:24:00,SOJA,VOLCABLE_PTO_5,TERMINAL_EMBARQUE,INGRESO,MovimientosPorContrato_20260705.xlsx,NO_TRUCKFLOW_MATCH
CTG_10233384157,AE484CL,2026-07-05T18:15:00,2026-07-05T22:31:00,SOJA,VOLCABLE_PTO_3,TERMINAL_EMBARQUE,INGRESO,MovimientosPorContrato_20260705.xlsx,NO_TRUCKFLOW_MATCH
CTG_10233377214,AD542VA,2026-07-05T19:33:00,2026-07-05T22:36:00,SOJA,VOLCABLE_PTO_5,TERMINAL_EMBARQUE,INGRESO,MovimientosPorContrato_20260705.xlsx,NO_TRUCKFLOW_MATCH
CTG_10233383209,EJF050,2026-07-05T18:59:00,2026-07-05T22:37:00,SOJA,VOLCABLE_PTO_3,TERMINAL_EMBARQUE,INGRESO,MovimientosPorContrato_20260705.xlsx,NO_TRUCKFLOW_MATCH
CTG_10233360008,HNT493,2026-07-05T19:43:00,2026-07-05T22:44:00,SOJA,VOLCABLE_PTO_3,TERMINAL_EMBARQUE,INGRESO,MovimientosPorContrato_20260705.xlsx,NO_TRUCKFLOW_MATCH
CTG_10133377175,AH754CC,2026-07-05T19:37:00,2026-07-05T22:51:00,SOJA,VOLCABLE_PTO_3,TERMINAL_EMBARQUE,INGRESO,MovimientosPorContrato_20260705.xlsx,NO_TRUCKFLOW_MATCH
CTG_10133378398,GML753,2026-07-05T19:52:00,2026-07-05T22:55:00,SOJA,VOLCABLE_PTO_3,TERMINAL_EMBARQUE,INGRESO,MovimientosPorContrato_20260705.xlsx,NO_TRUCKFLOW_MATCH
CTG_10233370436,RSW089,2026-07-05T19:38:00,2026-07-05T23:02:00,SOJA,VOLCABLE_PTO_5,TERMINAL_EMBARQUE,INGRESO,MovimientosPorContrato_20260705.xlsx,NO_TRUCKFLOW_MATCH
CTG_10133359344,AF107WH,2026-07-05T20:22:00,2026-07-05T23:10:00,SOJA,VOLCABLE_PTO_3,TERMINAL_EMBARQUE,INGRESO,MovimientosPorContrato_20260705.xlsx,NO_TRUCKFLOW_MATCH
CTG_10133373622,AE908NR,2026-07-05T19:47:00,2026-07-05T23:12:00,SOJA,VOLCABLE_PTO_3,TERMINAL_EMBARQUE,INGRESO,MovimientosPorContrato_20260705.xlsx,NO_TRUCKFLOW_MATCH
CTG_10133372678,AH254AY,2026-07-05T19:50:00,2026-07-05T23:13:00,SOJA,VOLCABLE_PTO_5,TERMINAL_EMBARQUE,INGRESO,MovimientosPorContrato_20260705.xlsx,NO_TRUCKFLOW_MATCH
CTG_10233365610,IZU324,2026-07-05T20:41:00,2026-07-05T23:18:00,SOJA,VOLCABLE_PTO_3,TERMINAL_EMBARQUE,INGRESO,MovimientosPorContrato_20260705.xlsx,NO_TRUCKFLOW_MATCH
CTG_10233370915,AH862TM,2026-07-05T20:34:00,2026-07-05T23:19:00,SOJA,VOLCABLE_PTO_3,TERMINAL_EMBARQUE,INGRESO,MovimientosPorContrato_20260705.xlsx,NO_TRUCKFLOW_MATCH
COMPROB_000400419265,AC925UP,2026-07-05T21:30:00,2026-07-05T23:20:00,BORRA DE ACSOJA REFINADO,,TERMINAL_EMBARQUE,EGRESO,MovimientosPorContrato_20260705.xlsx,NO_TRUCKFLOW_MATCH
CTG_10233343599,AE139WL,2026-07-05T22:11:00,2026-07-05T23:21:00,GIRASOL,VOLCABLE_1,RICARDONE,INGRESO,MovimientosPorContrato_20260705.xlsx,NO_TRUCKFLOW_MATCH
CTG_10133373711,AC719UZ,2026-07-05T19:46:00,2026-07-05T23:23:00,SOJA,VOLCABLE_PTO_5,TERMINAL_EMBARQUE,INGRESO,MovimientosPorContrato_20260705.xlsx,NO_TRUCKFLOW_MATCH
CTG_10133381080,AH689ER,2026-07-05T20:54:00,2026-07-05T23:28:00,SOJA,VOLCABLE_PTO_3,TERMINAL_EMBARQUE,INGRESO,MovimientosPorContrato_20260705.xlsx,NO_TRUCKFLOW_MATCH
CTG_10233339560,TEH169,2026-07-05T20:12:00,2026-07-05T23:29:00,SOJA,VOLCABLE_PTO_5,TERMINAL_EMBARQUE,INGRESO,MovimientosPorContrato_20260705.xlsx,NO_TRUCKFLOW_MATCH
CTG_10133386169,AB588HI,2026-07-05T20:26:00,2026-07-05T23:35:00,SOJA,VOLCABLE_PTO_5,TERMINAL_EMBARQUE,INGRESO,MovimientosPorContrato_20260705.xlsx,NO_TRUCKFLOW_MATCH
CTG_10233370396,AMW412,2026-07-05T20:41:00,2026-07-05T23:36:00,SOJA,VOLCABLE_PTO_3,TERMINAL_EMBARQUE,INGRESO,MovimientosPorContrato_20260705.xlsx,NO_TRUCKFLOW_MATCH
CTG_10233384142,AC177GE,2026-07-05T17:33:00,2026-07-05T23:44:00,SOJA,VOLCABLE_PTO_3,TERMINAL_EMBARQUE,INGRESO,MovimientosPorContrato_20260705.xlsx,NO_TRUCKFLOW_MATCH
CTG_10133373247,LUV915,2026-07-05T15:21:00,2026-07-05T23:48:00,SOJA,VOLCABLE_PTO_5,TERMINAL_EMBARQUE,INGRESO,MovimientosPorContrato_20260705.xlsx,NO_TRUCKFLOW_MATCH
CTG_10133367452,SYD643,2026-07-05T22:27:00,2026-07-05T23:49:00,GIRASOL,VOLCABLE_1,RICARDONE,INGRESO,MovimientosPorContrato_20260705.xlsx,NO_TRUCKFLOW_MATCH
CTG_10233382772,OKH237,2026-07-05T18:02:00,2026-07-05T23:50:00,SOJA,VOLCABLE_PTO_3,TERMINAL_EMBARQUE,INGRESO,MovimientosPorContrato_20260705.xlsx,NO_TRUCKFLOW_MATCH
CTG_10133379171,VPF222,2026-07-05T18:11:00,2026-07-05T23:58:00,SOJA,VOLCABLE_PTO_3,TERMINAL_EMBARQUE,INGRESO,MovimientosPorContrato_20260705.xlsx,NO_TRUCKFLOW_MATCH
COMPROB_000404036619,TTTTTT,2026-07-05T23:59:00,2026-07-05T23:59:00,ACEITE SOJA NEUTRO,,TERMINAL_EMBARQUE,INGRESO,MovimientosPorContrato_20260705.xlsx,NO_TRUCKFLOW_MATCH
COMPROB_000301065421,TTTTTT,2026-07-05T23:59:00,2026-07-05T23:59:00,ACEITE GIRASOL CRUDO,,RICARDONE,EGRESO,MovimientosPorContrato_20260705.xlsx,NO_TRUCKFLOW_MATCH
CTG_10133368858,AE610FE,2026-07-05T18:44:00,2026-07-05T23:59:00,SOJA,VOLCABLE_PTO_3,TERMINAL_EMBARQUE,INGRESO,MovimientosPorContrato_20260705.xlsx,NO_TRUCKFLOW_MATCH