planta,producto,circuito,tramo_operativo,sector,intervalo_inicio,intervalo_fin,stock_inicial,ocupacion_inicial,ingresos_intervalo,egresos_intervalo,ingresos_acumulados,egresos_acumulados,ocupacion_estimada,umbral_operativo,sobre_umbral,fecha,franja_horaria
RICARDONE,GIRASOL,R5,ingreso → balanza egreso,ingreso → balanza egreso,2026-06-26T00:00:00,2026-06-26T00:30:00,0,0,2,0,2,0,2,,false,2026-06-26,Noche
RICARDONE,GIRASOL,R5,ingreso → balanza egreso,ingreso → balanza egreso,2026-06-26T00:30:00,2026-06-26T01:00:00,0,0,0,0,2,0,2,,false,2026-06-26,Noche
RICARDONE,GIRASOL,R5,ingreso → balanza egreso,ingreso → balanza egreso,2026-06-26T01:00:00,2026-06-26T01:30:00,0,0,1,0,3,0,3,,false,2026-06-26,Noche
RICARDONE,GIRASOL,R5,ingreso → balanza egreso,ingreso → balanza egreso,2026-06-26T01:30:00,2026-06-26T02:00:00,0,0,0,0,3,0,3,,false,2026-06-26,Noche
RICARDONE,GIRASOL,R5,ingreso → balanza egreso,ingreso → balanza egreso,2026-06-26T02:00:00,2026-06-26T02:30:00,0,0,0,0,3,0,3,,false,2026-06-26,Noche
RICARDONE,GIRASOL,R5,ingreso → balanza egreso,ingreso → balanza egreso,2026-06-26T02:30:00,2026-06-26T03:00:00,0,0,0,0,3,0,3,,false,2026-06-26,Noche
RICARDONE,GIRASOL,R5,ingreso → balanza egreso,ingreso → balanza egreso,2026-06-26T03:00:00,2026-06-26T03:30:00,0,0,0,0,3,0,3,,false,2026-06-26,Noche
RICARDONE,GIRASOL,R5,ingreso → balanza egreso,ingreso → balanza egreso,2026-06-26T03:30:00,2026-06-26T04:00:00,0,0,0,0,3,0,3,,false,2026-06-26,Noche
RICARDONE,GIRASOL,R5,ingreso → balanza egreso,ingreso → balanza egreso,2026-06-26T04:00:00,2026-06-26T04:30:00,0,0,0,1,3,1,2,,false,2026-06-26,Noche
RICARDONE,GIRASOL,R5,ingreso → balanza egreso,ingreso → balanza egreso,2026-06-26T04:30:00,2026-06-26T05:00:00,0,0,0,1,3,2,1,,false,2026-06-26,Noche
RICARDONE,GIRASOL,R5,ingreso → balanza egreso,ingreso → balanza egreso,2026-06-26T05:00:00,2026-06-26T05:30:00,0,0,0,1,3,3,0,,false,2026-06-26,Noche
RICARDONE,GIRASOL,R5,ingreso → balanza egreso,ingreso → balanza egreso,2026-06-26T05:30:00,2026-06-26T06:00:00,0,0,0,0,3,3,0,,false,2026-06-26,Noche
RICARDONE,GIRASOL,R5,ingreso → balanza egreso,ingreso → balanza egreso,2026-06-26T06:00:00,2026-06-26T06:30:00,0,0,0,0,3,3,0,,false,2026-06-26,Mañana
RICARDONE,GIRASOL,R5,ingreso → balanza egreso,ingreso → balanza egreso,2026-06-26T06:30:00,2026-06-26T07:00:00,0,0,0,0,3,3,0,,false,2026-06-26,Mañana
RICARDONE,GIRASOL,R5,ingreso → balanza egreso,ingreso → balanza egreso,2026-06-26T07:00:00,2026-06-26T07:30:00,0,0,0,0,3,3,0,,false,2026-06-26,Mañana
RICARDONE,GIRASOL,R5,ingreso → balanza egreso,ingreso → balanza egreso,2026-06-26T07:30:00,2026-06-26T08:00:00,0,0,0,0,3,3,0,,false,2026-06-26,Mañana
RICARDONE,GIRASOL,R5,ingreso → balanza egreso,ingreso → balanza egreso,2026-06-26T08:00:00,2026-06-26T08:30:00,0,0,0,0,3,3,0,,false,2026-06-26,Mañana
RICARDONE,GIRASOL,R5,ingreso → balanza egreso,ingreso → balanza egreso,2026-06-26T08:30:00,2026-06-26T09:00:00,0,0,0,0,3,3,0,,false,2026-06-26,Mañana
RICARDONE,GIRASOL,R5,ingreso → balanza egreso,ingreso → balanza egreso,2026-06-26T09:00:00,2026-06-26T09:30:00,0,0,0,0,3,3,0,,false,2026-06-26,Mañana
RICARDONE,GIRASOL,R5,ingreso → balanza egreso,ingreso → balanza egreso,2026-06-26T09:30:00,2026-06-26T10:00:00,0,0,0,0,3,3,0,,false,2026-06-26,Mañana
RICARDONE,GIRASOL,R5,ingreso → balanza egreso,ingreso → balanza egreso,2026-06-26T10:00:00,2026-06-26T10:30:00,0,0,0,0,3,3,0,,false,2026-06-26,Mañana
RICARDONE,GIRASOL,R5,ingreso → balanza egreso,ingreso → balanza egreso,2026-06-26T10:30:00,2026-06-26T11:00:00,0,0,0,0,3,3,0,,false,2026-06-26,Mañana
RICARDONE,GIRASOL,R5,ingreso → balanza egreso,ingreso → balanza egreso,2026-06-26T11:00:00,2026-06-26T11:30:00,0,0,0,0,3,3,0,,false,2026-06-26,Mañana
RICARDONE,GIRASOL,R5,ingreso → balanza egreso,ingreso → balanza egreso,2026-06-26T11:30:00,2026-06-26T12:00:00,0,0,0,0,3,3,0,,false,2026-06-26,Mañana
RICARDONE,GIRASOL,R5,ingreso → balanza egreso,ingreso → balanza egreso,2026-06-26T12:00:00,2026-06-26T12:30:00,0,0,0,0,3,3,0,,false,2026-06-26,Tarde
RICARDONE,GIRASOL,R5,ingreso → balanza egreso,ingreso → balanza egreso,2026-06-26T12:30:00,2026-06-26T13:00:00,0,0,1,0,4,3,1,,false,2026-06-26,Tarde
RICARDONE,GIRASOL,R5,ingreso → balanza egreso,ingreso → balanza egreso,2026-06-26T13:00:00,2026-06-26T13:30:00,0,0,0,0,4,3,1,,false,2026-06-26,Tarde
RICARDONE,GIRASOL,R5,ingreso → balanza egreso,ingreso → balanza egreso,2026-06-26T13:30:00,2026-06-26T14:00:00,0,0,0,0,4,3,1,,false,2026-06-26,Tarde
RICARDONE,GIRASOL,R5,ingreso → balanza egreso,ingreso → balanza egreso,2026-06-26T14:00:00,2026-06-26T14:30:00,0,0,1,1,5,4,1,,false,2026-06-26,Tarde
RICARDONE,GIRASOL,R5,ingreso → balanza egreso,ingreso → balanza egreso,2026-06-26T14:30:00,2026-06-26T15:00:00,0,0,0,0,5,4,1,,false,2026-06-26,Tarde
RICARDONE,GIRASOL,R5,ingreso → balanza egreso,ingreso → balanza egreso,2026-06-26T15:00:00,2026-06-26T15:30:00,0,0,0,0,5,4,1,,false,2026-06-26,Tarde
RICARDONE,GIRASOL,R5,ingreso → balanza egreso,ingreso → balanza egreso,2026-06-26T15:30:00,2026-06-26T16:00:00,0,0,0,1,5,5,0,,false,2026-06-26,Tarde
RICARDONE,GIRASOL,R5,ingreso → balanza egreso,ingreso → balanza egreso,2026-06-26T16:00:00,2026-06-26T16:30:00,0,0,0,0,5,5,0,,false,2026-06-26,Tarde
RICARDONE,GIRASOL,R5,ingreso → balanza egreso,ingreso → balanza egreso,2026-06-26T16:30:00,2026-06-26T17:00:00,0,0,0,0,5,5,0,,false,2026-06-26,Tarde
RICARDONE,GIRASOL,R5,ingreso → balanza egreso,ingreso → balanza egreso,2026-06-26T17:00:00,2026-06-26T17:30:00,0,0,2,0,7,5,2,,false,2026-06-26,Tarde
RICARDONE,GIRASOL,R5,ingreso → balanza egreso,ingreso → balanza egreso,2026-06-26T17:30:00,2026-06-26T18:00:00,0,0,0,0,7,5,2,,false,2026-06-26,Tarde
RICARDONE,GIRASOL,R5,ingreso → balanza egreso,ingreso → balanza egreso,2026-06-26T18:00:00,2026-06-26T18:30:00,0,0,0,0,7,5,2,,false,2026-06-26,Noche
RICARDONE,GIRASOL,R5,ingreso → balanza egreso,ingreso → balanza egreso,2026-06-26T18:30:00,2026-06-26T19:00:00,0,0,0,0,7,5,2,,false,2026-06-26,Noche
RICARDONE,GIRASOL,R5,ingreso → balanza egreso,ingreso → balanza egreso,2026-06-26T19:00:00,2026-06-26T19:30:00,0,0,2,1,9,6,3,,false,2026-06-26,Noche
RICARDONE,GIRASOL,R5,ingreso → balanza egreso,ingreso → balanza egreso,2026-06-26T19:30:00,2026-06-26T20:00:00,0,0,0,0,9,6,3,,false,2026-06-26,Noche
RICARDONE,GIRASOL,R5,ingreso → balanza egreso,ingreso → balanza egreso,2026-06-26T20:00:00,2026-06-26T20:30:00,0,0,1,1,10,7,3,,false,2026-06-26,Noche
RICARDONE,GIRASOL,R5,ingreso → balanza egreso,ingreso → balanza egreso,2026-06-26T20:30:00,2026-06-26T21:00:00,0,0,1,0,11,7,4,,false,2026-06-26,Noche
RICARDONE,GIRASOL,R5,ingreso → balanza egreso,ingreso → balanza egreso,2026-06-26T21:00:00,2026-06-26T21:30:00,0,0,0,1,11,8,3,,false,2026-06-26,Noche
RICARDONE,GIRASOL,R5,ingreso → balanza egreso,ingreso → balanza egreso,2026-06-26T21:30:00,2026-06-26T22:00:00,0,0,0,0,11,8,3,,false,2026-06-26,Noche
RICARDONE,GIRASOL,R5,ingreso → balanza egreso,ingreso → balanza egreso,2026-06-26T22:00:00,2026-06-26T22:30:00,0,0,4,0,15,8,7,,false,2026-06-26,Noche
RICARDONE,GIRASOL,R5,ingreso → balanza egreso,ingreso → balanza egreso,2026-06-26T22:30:00,2026-06-26T23:00:00,0,0,0,1,15,9,6,,false,2026-06-26,Noche
RICARDONE,GIRASOL,R5,ingreso → balanza egreso,ingreso → balanza egreso,2026-06-26T23:00:00,2026-06-26T23:30:00,0,0,0,0,15,9,6,,false,2026-06-26,Noche
RICARDONE,GIRASOL,R5,ingreso → balanza egreso,ingreso → balanza egreso,2026-06-26T23:30:00,2026-06-27T00:00:00,0,0,0,1,15,10,5,,false,2026-06-26,Noche
RICARDONE,GIRASOL,R5,ingreso → balanza egreso,ingreso → balanza egreso,2026-06-27T00:00:00,2026-06-27T00:30:00,0,0,1,0,16,10,6,,false,2026-06-27,Noche
RICARDONE,GIRASOL,R5,ingreso → balanza egreso,ingreso → balanza egreso,2026-06-27T00:30:00,2026-06-27T01:00:00,0,0,0,1,16,11,5,,false,2026-06-27,Noche
RICARDONE,GIRASOL,R5,ingreso → balanza egreso,ingreso → balanza egreso,2026-06-27T01:00:00,2026-06-27T01:30:00,0,0,2,1,18,12,6,,false,2026-06-27,Noche
RICARDONE,GIRASOL,R5,ingreso → balanza egreso,ingreso → balanza egreso,2026-06-27T01:30:00,2026-06-27T02:00:00,0,0,0,0,18,12,6,,false,2026-06-27,Noche
RICARDONE,GIRASOL,R5,ingreso → balanza egreso,ingreso → balanza egreso,2026-06-27T02:00:00,2026-06-27T02:30:00,0,0,0,1,18,13,5,,false,2026-06-27,Noche
RICARDONE,GIRASOL,R5,ingreso → balanza egreso,ingreso → balanza egreso,2026-06-27T02:30:00,2026-06-27T03:00:00,0,0,0,1,18,14,4,,false,2026-06-27,Noche
RICARDONE,GIRASOL,R5,ingreso → balanza egreso,ingreso → balanza egreso,2026-06-27T03:00:00,2026-06-27T03:30:00,0,0,0,0,18,14,4,,false,2026-06-27,Noche
RICARDONE,GIRASOL,R5,ingreso → balanza egreso,ingreso → balanza egreso,2026-06-27T03:30:00,2026-06-27T04:00:00,0,0,0,1,18,15,3,,false,2026-06-27,Noche
RICARDONE,GIRASOL,R5,ingreso → balanza egreso,ingreso → balanza egreso,2026-06-27T04:00:00,2026-06-27T04:30:00,0,0,0,0,18,15,3,,false,2026-06-27,Noche
RICARDONE,GIRASOL,R5,ingreso → balanza egreso,ingreso → balanza egreso,2026-06-27T04:30:00,2026-06-27T05:00:00,0,0,0,1,18,16,2,,false,2026-06-27,Noche
RICARDONE,GIRASOL,R5,ingreso → balanza egreso,ingreso → balanza egreso,2026-06-27T05:00:00,2026-06-27T05:30:00,0,0,0,1,18,17,1,,false,2026-06-27,Noche
RICARDONE,GIRASOL,R5,ingreso → balanza egreso,ingreso → balanza egreso,2026-06-27T05:30:00,2026-06-27T06:00:00,0,0,0,0,18,17,1,,false,2026-06-27,Noche
RICARDONE,GIRASOL,R5,ingreso → balanza egreso,ingreso → balanza egreso,2026-06-27T06:00:00,2026-06-27T06:30:00,0,0,0,1,18,18,0,,false,2026-06-27,Mañana
RICARDONE,GIRASOL,R5,ingreso → balanza egreso,ingreso → balanza egreso,2026-06-27T06:30:00,2026-06-27T07:00:00,0,0,0,0,18,18,0,,false,2026-06-27,Mañana
RICARDONE,GIRASOL,R5,ingreso → balanza egreso,ingreso → balanza egreso,2026-06-27T07:00:00,2026-06-27T07:30:00,0,0,0,0,18,18,0,,false,2026-06-27,Mañana
RICARDONE,GIRASOL,R5,ingreso → balanza egreso,ingreso → balanza egreso,2026-06-27T07:30:00,2026-06-27T08:00:00,0,0,0,0,18,18,0,,false,2026-06-27,Mañana
RICARDONE,GIRASOL,R5,ingreso → balanza egreso,ingreso → balanza egreso,2026-06-27T08:00:00,2026-06-27T08:30:00,0,0,0,0,18,18,0,,false,2026-06-27,Mañana
RICARDONE,GIRASOL,R5,ingreso → balanza egreso,ingreso → balanza egreso,2026-06-27T08:30:00,2026-06-27T09:00:00,0,0,0,0,18,18,0,,false,2026-06-27,Mañana
RICARDONE,GIRASOL,R5,ingreso → balanza egreso,ingreso → balanza egreso,2026-06-27T09:00:00,2026-06-27T09:30:00,0,0,0,0,18,18,0,,false,2026-06-27,Mañana
RICARDONE,GIRASOL,R5,ingreso → balanza egreso,ingreso → balanza egreso,2026-06-27T09:30:00,2026-06-27T10:00:00,0,0,0,0,18,18,0,,false,2026-06-27,Mañana
RICARDONE,GIRASOL,R5,ingreso → balanza egreso,ingreso → balanza egreso,2026-06-27T10:00:00,2026-06-27T10:30:00,0,0,0,0,18,18,0,,false,2026-06-27,Mañana
RICARDONE,GIRASOL,R5,ingreso → balanza egreso,ingreso → balanza egreso,2026-06-27T10:30:00,2026-06-27T11:00:00,0,0,0,0,18,18,0,,false,2026-06-27,Mañana
RICARDONE,GIRASOL,R5,ingreso → balanza egreso,ingreso → balanza egreso,2026-06-27T11:00:00,2026-06-27T11:30:00,0,0,0,0,18,18,0,,false,2026-06-27,Mañana
RICARDONE,GIRASOL,R5,ingreso → balanza egreso,ingreso → balanza egreso,2026-06-27T11:30:00,2026-06-27T12:00:00,0,0,1,0,19,18,1,,false,2026-06-27,Mañana
RICARDONE,GIRASOL,R5,ingreso → balanza egreso,ingreso → balanza egreso,2026-06-27T12:00:00,2026-06-27T12:30:00,0,0,0,0,19,18,1,,false,2026-06-27,Tarde
RICARDONE,GIRASOL,R5,ingreso → balanza egreso,ingreso → balanza egreso,2026-06-27T12:30:00,2026-06-27T13:00:00,0,0,0,0,19,18,1,,false,2026-06-27,Tarde
RICARDONE,GIRASOL,R5,ingreso → balanza egreso,ingreso → balanza egreso,2026-06-27T13:00:00,2026-06-27T13:30:00,0,0,0,0,19,18,1,,false,2026-06-27,Tarde
RICARDONE,GIRASOL,R5,ingreso → balanza egreso,ingreso → balanza egreso,2026-06-27T13:30:00,2026-06-27T14:00:00,0,0,0,0,19,18,1,,false,2026-06-27,Tarde
RICARDONE,GIRASOL,R5,ingreso → balanza egreso,ingreso → balanza egreso,2026-06-27T14:00:00,2026-06-27T14:30:00,0,0,1,0,20,18,2,,false,2026-06-27,Tarde
RICARDONE,GIRASOL,R5,ingreso → balanza egreso,ingreso → balanza egreso,2026-06-27T14:30:00,2026-06-27T15:00:00,0,0,0,0,20,18,2,,false,2026-06-27,Tarde
RICARDONE,GIRASOL,R5,ingreso → balanza egreso,ingreso → balanza egreso,2026-06-27T15:00:00,2026-06-27T15:30:00,0,0,0,1,20,19,1,,false,2026-06-27,Tarde
RICARDONE,GIRASOL,R5,ingreso → balanza egreso,ingreso → balanza egreso,2026-06-27T15:30:00,2026-06-27T16:00:00,0,0,0,0,20,19,1,,false,2026-06-27,Tarde
RICARDONE,GIRASOL,R5,ingreso → balanza egreso,ingreso → balanza egreso,2026-06-27T16:00:00,2026-06-27T16:30:00,0,0,1,0,21,19,2,,false,2026-06-27,Tarde
RICARDONE,GIRASOL,R5,ingreso → balanza egreso,ingreso → balanza egreso,2026-06-27T16:30:00,2026-06-27T17:00:00,0,0,0,0,21,19,2,,false,2026-06-27,Tarde
RICARDONE,GIRASOL,R5,ingreso → balanza egreso,ingreso → balanza egreso,2026-06-27T17:00:00,2026-06-27T17:30:00,0,0,0,0,21,19,2,,false,2026-06-27,Tarde
RICARDONE,GIRASOL,R5,ingreso → balanza egreso,ingreso → balanza egreso,2026-06-27T17:30:00,2026-06-27T18:00:00,0,0,0,0,21,19,2,,false,2026-06-27,Tarde
RICARDONE,GIRASOL,R5,ingreso → balanza egreso,ingreso → balanza egreso,2026-06-27T18:00:00,2026-06-27T18:30:00,0,0,1,1,22,20,2,,false,2026-06-27,Noche
RICARDONE,GIRASOL,R5,ingreso → balanza egreso,ingreso → balanza egreso,2026-06-27T18:30:00,2026-06-27T19:00:00,0,0,2,1,24,21,3,,false,2026-06-27,Noche
RICARDONE,GIRASOL,R5,ingreso → balanza egreso,ingreso → balanza egreso,2026-06-27T19:00:00,2026-06-27T19:30:00,0,0,0,0,24,21,3,,false,2026-06-27,Noche
RICARDONE,GIRASOL,R5,ingreso → balanza egreso,ingreso → balanza egreso,2026-06-27T19:30:00,2026-06-27T20:00:00,0,0,1,0,25,21,4,,false,2026-06-27,Noche
RICARDONE,GIRASOL,R5,ingreso → balanza egreso,ingreso → balanza egreso,2026-06-27T20:00:00,2026-06-27T20:30:00,0,0,0,0,25,21,4,,false,2026-06-27,Noche
RICARDONE,GIRASOL,R5,ingreso → balanza egreso,ingreso → balanza egreso,2026-06-27T20:30:00,2026-06-27T21:00:00,0,0,0,1,25,22,3,,false,2026-06-27,Noche
RICARDONE,GIRASOL,R5,ingreso → balanza egreso,ingreso → balanza egreso,2026-06-27T21:00:00,2026-06-27T21:30:00,0,0,0,0,25,22,3,,false,2026-06-27,Noche
RICARDONE,GIRASOL,R5,ingreso → balanza egreso,ingreso → balanza egreso,2026-06-27T21:30:00,2026-06-27T22:00:00,0,0,0,1,25,23,2,,false,2026-06-27,Noche
RICARDONE,GIRASOL,R5,ingreso → balanza egreso,ingreso → balanza egreso,2026-06-27T22:00:00,2026-06-27T22:30:00,0,0,0,0,25,23,2,,false,2026-06-27,Noche
RICARDONE,GIRASOL,R5,ingreso → balanza egreso,ingreso → balanza egreso,2026-06-27T22:30:00,2026-06-27T23:00:00,0,0,0,1,25,24,1,,false,2026-06-27,Noche
RICARDONE,GIRASOL,R5,ingreso → balanza egreso,ingreso → balanza egreso,2026-06-27T23:00:00,2026-06-27T23:30:00,0,0,0,0,25,24,1,,false,2026-06-27,Noche
RICARDONE,GIRASOL,R5,ingreso → balanza egreso,ingreso → balanza egreso,2026-06-27T23:30:00,2026-06-28T00:00:00,0,0,1,0,26,24,2,,false,2026-06-27,Noche
RICARDONE,GIRASOL,R5,ingreso → balanza egreso,ingreso → balanza egreso,2026-06-28T00:00:00,2026-06-28T00:30:00,0,0,0,0,26,24,2,,false,2026-06-28,Noche
RICARDONE,GIRASOL,R5,ingreso → balanza egreso,ingreso → balanza egreso,2026-06-28T00:30:00,2026-06-28T01:00:00,0,0,0,0,26,24,2,,false,2026-06-28,Noche
RICARDONE,GIRASOL,R5,ingreso → balanza egreso,ingreso → balanza egreso,2026-06-28T01:00:00,2026-06-28T01:30:00,0,0,0,0,26,24,2,,false,2026-06-28,Noche
RICARDONE,GIRASOL,R5,ingreso → balanza egreso,ingreso → balanza egreso,2026-06-28T01:30:00,2026-06-28T02:00:00,0,0,0,1,26,25,1,,false,2026-06-28,Noche
RICARDONE,GIRASOL,R5,ingreso → balanza egreso,ingreso → balanza egreso,2026-06-28T02:00:00,2026-06-28T02:30:00,0,0,0,0,26,25,1,,false,2026-06-28,Noche
RICARDONE,GIRASOL,R5,ingreso → balanza egreso,ingreso → balanza egreso,2026-06-28T02:30:00,2026-06-28T03:00:00,0,0,0,0,26,25,1,,false,2026-06-28,Noche
RICARDONE,GIRASOL,R5,ingreso → balanza egreso,ingreso → balanza egreso,2026-06-28T03:00:00,2026-06-28T03:30:00,0,0,0,0,26,25,1,,false,2026-06-28,Noche
RICARDONE,GIRASOL,R5,ingreso → balanza egreso,ingreso → balanza egreso,2026-06-28T03:30:00,2026-06-28T04:00:00,0,0,0,0,26,25,1,,false,2026-06-28,Noche
RICARDONE,GIRASOL,R5,ingreso → balanza egreso,ingreso → balanza egreso,2026-06-28T04:00:00,2026-06-28T04:30:00,0,0,0,0,26,25,1,,false,2026-06-28,Noche
RICARDONE,GIRASOL,R5,ingreso → balanza egreso,ingreso → balanza egreso,2026-06-28T04:30:00,2026-06-28T05:00:00,0,0,1,0,27,25,2,,false,2026-06-28,Noche
RICARDONE,GIRASOL,R5,ingreso → balanza egreso,ingreso → balanza egreso,2026-06-28T05:00:00,2026-06-28T05:30:00,0,0,0,0,27,25,2,,false,2026-06-28,Noche
RICARDONE,GIRASOL,R5,ingreso → balanza egreso,ingreso → balanza egreso,2026-06-28T05:30:00,2026-06-28T06:00:00,0,0,0,1,27,26,1,,false,2026-06-28,Noche
RICARDONE,GIRASOL,R5,ingreso → balanza egreso,ingreso → balanza egreso,2026-06-28T06:00:00,2026-06-28T06:30:00,0,0,0,0,27,26,1,,false,2026-06-28,Mañana
RICARDONE,GIRASOL,R5,ingreso → balanza egreso,ingreso → balanza egreso,2026-06-28T06:30:00,2026-06-28T07:00:00,0,0,0,0,27,26,1,,false,2026-06-28,Mañana
RICARDONE,GIRASOL,R5,ingreso → balanza egreso,ingreso → balanza egreso,2026-06-28T07:00:00,2026-06-28T07:30:00,0,0,0,0,27,26,1,,false,2026-06-28,Mañana
RICARDONE,GIRASOL,R5,ingreso → balanza egreso,ingreso → balanza egreso,2026-06-28T07:30:00,2026-06-28T08:00:00,0,0,0,0,27,26,1,,false,2026-06-28,Mañana
RICARDONE,GIRASOL,R5,ingreso → balanza egreso,ingreso → balanza egreso,2026-06-28T08:00:00,2026-06-28T08:30:00,0,0,0,0,27,26,1,,false,2026-06-28,Mañana
RICARDONE,GIRASOL,R5,ingreso → balanza egreso,ingreso → balanza egreso,2026-06-28T08:30:00,2026-06-28T09:00:00,0,0,0,1,27,27,0,,false,2026-06-28,Mañana
RICARDONE,GIRASOL,R5,ingreso → balanza egreso,ingreso → balanza egreso,2026-06-28T09:00:00,2026-06-28T09:30:00,0,0,0,0,27,27,0,,false,2026-06-28,Mañana
RICARDONE,GIRASOL,R5,ingreso → balanza egreso,ingreso → balanza egreso,2026-06-28T09:30:00,2026-06-28T10:00:00,0,0,0,0,27,27,0,,false,2026-06-28,Mañana
RICARDONE,GIRASOL,R5,ingreso → balanza egreso,ingreso → balanza egreso,2026-06-28T10:00:00,2026-06-28T10:30:00,0,0,1,0,28,27,1,,false,2026-06-28,Mañana
RICARDONE,GIRASOL,R5,ingreso → balanza egreso,ingreso → balanza egreso,2026-06-28T10:30:00,2026-06-28T11:00:00,0,0,0,0,28,27,1,,false,2026-06-28,Mañana
RICARDONE,GIRASOL,R5,ingreso → balanza egreso,ingreso → balanza egreso,2026-06-28T11:00:00,2026-06-28T11:30:00,0,0,0,0,28,27,1,,false,2026-06-28,Mañana
RICARDONE,GIRASOL,R5,ingreso → balanza egreso,ingreso → balanza egreso,2026-06-28T11:30:00,2026-06-28T12:00:00,0,0,0,0,28,27,1,,false,2026-06-28,Mañana
RICARDONE,GIRASOL,R5,ingreso → balanza egreso,ingreso → balanza egreso,2026-06-28T12:00:00,2026-06-28T12:30:00,0,0,0,0,28,27,1,,false,2026-06-28,Tarde
RICARDONE,GIRASOL,R5,ingreso → balanza egreso,ingreso → balanza egreso,2026-06-28T12:30:00,2026-06-28T13:00:00,0,0,1,1,29,28,1,,false,2026-06-28,Tarde
RICARDONE,GIRASOL,R5,ingreso → balanza egreso,ingreso → balanza egreso,2026-06-28T13:00:00,2026-06-28T13:30:00,0,0,0,0,29,28,1,,false,2026-06-28,Tarde
RICARDONE,GIRASOL,R5,ingreso → balanza egreso,ingreso → balanza egreso,2026-06-28T13:30:00,2026-06-28T14:00:00,0,0,0,0,29,28,1,,false,2026-06-28,Tarde
RICARDONE,GIRASOL,R5,ingreso → balanza egreso,ingreso → balanza egreso,2026-06-28T14:00:00,2026-06-28T14:30:00,0,0,0,0,29,28,1,,false,2026-06-28,Tarde
RICARDONE,GIRASOL,R5,ingreso → balanza egreso,ingreso → balanza egreso,2026-06-28T14:30:00,2026-06-28T15:00:00,0,0,0,1,29,29,0,,false,2026-06-28,Tarde
RICARDONE,GIRASOL,R5,ingreso → balanza egreso,ingreso → balanza egreso,2026-06-28T15:00:00,2026-06-28T15:30:00,0,0,0,0,29,29,0,,false,2026-06-28,Tarde
RICARDONE,GIRASOL,R5,ingreso → balanza egreso,ingreso → balanza egreso,2026-06-28T15:30:00,2026-06-28T16:00:00,0,0,0,0,29,29,0,,false,2026-06-28,Tarde
RICARDONE,GIRASOL,R5,ingreso → balanza egreso,ingreso → balanza egreso,2026-06-28T16:00:00,2026-06-28T16:30:00,0,0,0,0,29,29,0,,false,2026-06-28,Tarde
RICARDONE,GIRASOL,R5,ingreso → balanza egreso,ingreso → balanza egreso,2026-06-28T16:30:00,2026-06-28T17:00:00,0,0,0,0,29,29,0,,false,2026-06-28,Tarde
RICARDONE,GIRASOL,R5,ingreso → balanza egreso,ingreso → balanza egreso,2026-06-28T17:00:00,2026-06-28T17:30:00,0,0,0,0,29,29,0,,false,2026-06-28,Tarde
RICARDONE,GIRASOL,R5,ingreso → balanza egreso,ingreso → balanza egreso,2026-06-28T17:30:00,2026-06-28T18:00:00,0,0,0,0,29,29,0,,false,2026-06-28,Tarde
RICARDONE,GIRASOL,R5,ingreso → balanza egreso,ingreso → balanza egreso,2026-06-28T18:00:00,2026-06-28T18:30:00,0,0,0,0,29,29,0,,false,2026-06-28,Noche
RICARDONE,GIRASOL,R5,ingreso → balanza egreso,ingreso → balanza egreso,2026-06-28T18:30:00,2026-06-28T19:00:00,0,0,0,0,29,29,0,,false,2026-06-28,Noche
RICARDONE,GIRASOL,R5,ingreso → balanza egreso,ingreso → balanza egreso,2026-06-28T19:00:00,2026-06-28T19:30:00,0,0,1,0,30,29,1,,false,2026-06-28,Noche
RICARDONE,GIRASOL,R5,ingreso → balanza egreso,ingreso → balanza egreso,2026-06-28T19:30:00,2026-06-28T20:00:00,0,0,0,0,30,29,1,,false,2026-06-28,Noche
RICARDONE,GIRASOL,R5,ingreso → balanza egreso,ingreso → balanza egreso,2026-06-28T20:00:00,2026-06-28T20:30:00,0,0,0,0,30,29,1,,false,2026-06-28,Noche
RICARDONE,GIRASOL,R5,ingreso → balanza egreso,ingreso → balanza egreso,2026-06-28T20:30:00,2026-06-28T21:00:00,0,0,0,0,30,29,1,,false,2026-06-28,Noche
RICARDONE,GIRASOL,R5,ingreso → balanza egreso,ingreso → balanza egreso,2026-06-28T21:00:00,2026-06-28T21:30:00,0,0,0,1,30,30,0,,false,2026-06-28,Noche
RICARDONE,GIRASOL,R5,ingreso → balanza egreso,ingreso → balanza egreso,2026-06-28T21:30:00,2026-06-28T22:00:00,0,0,1,0,31,30,1,,false,2026-06-28,Noche
RICARDONE,GIRASOL,R5,ingreso → balanza egreso,ingreso → balanza egreso,2026-06-28T22:00:00,2026-06-28T22:30:00,0,0,3,0,34,30,4,,false,2026-06-28,Noche
RICARDONE,GIRASOL,R5,ingreso → balanza egreso,ingreso → balanza egreso,2026-06-28T22:30:00,2026-06-28T23:00:00,0,0,0,0,34,30,4,,false,2026-06-28,Noche
RICARDONE,GIRASOL,R5,ingreso → balanza egreso,ingreso → balanza egreso,2026-06-28T23:00:00,2026-06-28T23:30:00,0,0,0,0,34,30,4,,false,2026-06-28,Noche
RICARDONE,GIRASOL,R5,ingreso → balanza egreso,ingreso → balanza egreso,2026-06-28T23:30:00,2026-06-29T00:00:00,0,0,1,0,35,30,5,,false,2026-06-28,Noche
RICARDONE,GIRASOL,R5,ingreso → balanza egreso,ingreso → balanza egreso,2026-06-29T00:00:00,2026-06-29T00:30:00,0,0,2,1,37,31,6,,false,2026-06-29,Noche
RICARDONE,GIRASOL,R5,ingreso → balanza egreso,ingreso → balanza egreso,2026-06-29T00:30:00,2026-06-29T01:00:00,0,0,0,0,37,31,6,,false,2026-06-29,Noche
RICARDONE,GIRASOL,R5,ingreso → balanza egreso,ingreso → balanza egreso,2026-06-29T01:00:00,2026-06-29T01:30:00,0,0,0,1,37,32,5,,false,2026-06-29,Noche
RICARDONE,GIRASOL,R5,ingreso → balanza egreso,ingreso → balanza egreso,2026-06-29T01:30:00,2026-06-29T02:00:00,0,0,2,1,39,33,6,,false,2026-06-29,Noche
RICARDONE,GIRASOL,R5,ingreso → balanza egreso,ingreso → balanza egreso,2026-06-29T02:00:00,2026-06-29T02:30:00,0,0,0,0,39,33,6,,false,2026-06-29,Noche
RICARDONE,GIRASOL,R5,ingreso → balanza egreso,ingreso → balanza egreso,2026-06-29T02:30:00,2026-06-29T03:00:00,0,0,0,1,39,34,5,,false,2026-06-29,Noche
RICARDONE,GIRASOL,R5,ingreso → balanza egreso,ingreso → balanza egreso,2026-06-29T03:00:00,2026-06-29T03:30:00,0,0,0,0,39,34,5,,false,2026-06-29,Noche
RICARDONE,GIRASOL,R5,ingreso → balanza egreso,ingreso → balanza egreso,2026-06-29T03:30:00,2026-06-29T04:00:00,0,0,0,1,39,35,4,,false,2026-06-29,Noche
RICARDONE,GIRASOL,R5,ingreso → balanza egreso,ingreso → balanza egreso,2026-06-29T04:00:00,2026-06-29T04:30:00,0,0,0,0,39,35,4,,false,2026-06-29,Noche
RICARDONE,GIRASOL,R5,ingreso → balanza egreso,ingreso → balanza egreso,2026-06-29T04:30:00,2026-06-29T05:00:00,0,0,0,1,39,36,3,,false,2026-06-29,Noche
RICARDONE,GIRASOL,R5,ingreso → balanza egreso,ingreso → balanza egreso,2026-06-29T05:00:00,2026-06-29T05:30:00,0,0,0,1,39,37,2,,false,2026-06-29,Noche
RICARDONE,GIRASOL,R5,ingreso → balanza egreso,ingreso → balanza egreso,2026-06-29T05:30:00,2026-06-29T06:00:00,0,0,0,0,39,37,2,,false,2026-06-29,Noche
RICARDONE,GIRASOL,R5,ingreso → balanza egreso,ingreso → balanza egreso,2026-06-29T06:00:00,2026-06-29T06:30:00,0,0,0,1,39,38,1,,false,2026-06-29,Mañana
RICARDONE,GIRASOL,R5,ingreso → balanza egreso,ingreso → balanza egreso,2026-06-29T06:30:00,2026-06-29T07:00:00,0,0,0,0,39,38,1,,false,2026-06-29,Mañana
RICARDONE,GIRASOL,R5,ingreso → balanza egreso,ingreso → balanza egreso,2026-06-29T07:00:00,2026-06-29T07:30:00,0,0,0,0,39,38,1,,false,2026-06-29,Mañana
RICARDONE,GIRASOL,R5,ingreso → balanza egreso,ingreso → balanza egreso,2026-06-29T07:30:00,2026-06-29T08:00:00,0,0,0,1,39,39,0,,false,2026-06-29,Mañana
RICARDONE,GIRASOL,R5,ingreso → balanza egreso,ingreso → balanza egreso,2026-06-29T08:00:00,2026-06-29T08:30:00,0,0,0,0,39,39,0,,false,2026-06-29,Mañana
RICARDONE,GIRASOL,R5,ingreso → balanza egreso,ingreso → balanza egreso,2026-06-29T08:30:00,2026-06-29T09:00:00,0,0,1,0,40,39,1,,false,2026-06-29,Mañana
RICARDONE,GIRASOL,R5,ingreso → balanza egreso,ingreso → balanza egreso,2026-06-29T09:00:00,2026-06-29T09:30:00,0,0,1,0,41,39,2,,false,2026-06-29,Mañana
RICARDONE,GIRASOL,R5,ingreso → balanza egreso,ingreso → balanza egreso,2026-06-29T09:30:00,2026-06-29T10:00:00,0,0,1,0,42,39,3,,false,2026-06-29,Mañana
RICARDONE,GIRASOL,R5,ingreso → balanza egreso,ingreso → balanza egreso,2026-06-29T10:00:00,2026-06-29T10:30:00,0,0,0,0,42,39,3,,false,2026-06-29,Mañana
RICARDONE,GIRASOL,R5,ingreso → balanza egreso,ingreso → balanza egreso,2026-06-29T10:30:00,2026-06-29T11:00:00,0,0,0,0,42,39,3,,false,2026-06-29,Mañana
RICARDONE,GIRASOL,R5,ingreso → balanza egreso,ingreso → balanza egreso,2026-06-29T11:00:00,2026-06-29T11:30:00,0,0,0,0,42,39,3,,false,2026-06-29,Mañana
RICARDONE,GIRASOL,R5,ingreso → balanza egreso,ingreso → balanza egreso,2026-06-29T11:30:00,2026-06-29T12:00:00,0,0,0,0,42,39,3,,false,2026-06-29,Mañana
RICARDONE,GIRASOL,R5,ingreso → balanza egreso,ingreso → balanza egreso,2026-06-29T12:00:00,2026-06-29T12:30:00,0,0,0,0,42,39,3,,false,2026-06-29,Tarde
RICARDONE,GIRASOL,R5,ingreso → balanza egreso,ingreso → balanza egreso,2026-06-29T12:30:00,2026-06-29T13:00:00,0,0,0,0,42,39,3,,false,2026-06-29,Tarde
RICARDONE,GIRASOL,R5,ingreso → balanza egreso,ingreso → balanza egreso,2026-06-29T13:00:00,2026-06-29T13:30:00,0,0,0,0,42,39,3,,false,2026-06-29,Tarde
RICARDONE,GIRASOL,R5,ingreso → balanza egreso,ingreso → balanza egreso,2026-06-29T13:30:00,2026-06-29T14:00:00,0,0,1,1,43,40,3,,false,2026-06-29,Tarde
RICARDONE,GIRASOL,R5,ingreso → balanza egreso,ingreso → balanza egreso,2026-06-29T14:00:00,2026-06-29T14:30:00,0,0,0,2,43,42,1,,false,2026-06-29,Tarde
RICARDONE,GIRASOL,R5,ingreso → balanza egreso,ingreso → balanza egreso,2026-06-29T14:30:00,2026-06-29T15:00:00,0,0,0,0,43,42,1,,false,2026-06-29,Tarde
RICARDONE,GIRASOL,R5,ingreso → balanza egreso,ingreso → balanza egreso,2026-06-29T15:00:00,2026-06-29T15:30:00,0,0,1,0,44,42,2,,false,2026-06-29,Tarde
RICARDONE,GIRASOL,R5,ingreso → balanza egreso,ingreso → balanza egreso,2026-06-29T15:30:00,2026-06-29T16:00:00,0,0,0,0,44,42,2,,false,2026-06-29,Tarde
RICARDONE,GIRASOL,R5,ingreso → balanza egreso,ingreso → balanza egreso,2026-06-29T16:00:00,2026-06-29T16:30:00,0,0,0,0,44,42,2,,false,2026-06-29,Tarde
RICARDONE,GIRASOL,R5,ingreso → balanza egreso,ingreso → balanza egreso,2026-06-29T16:30:00,2026-06-29T17:00:00,0,0,0,0,44,42,2,,false,2026-06-29,Tarde
RICARDONE,GIRASOL,R5,ingreso → balanza egreso,ingreso → balanza egreso,2026-06-29T17:00:00,2026-06-29T17:30:00,0,0,0,0,44,42,2,,false,2026-06-29,Tarde
RICARDONE,GIRASOL,R5,ingreso → balanza egreso,ingreso → balanza egreso,2026-06-29T17:30:00,2026-06-29T18:00:00,0,0,0,1,44,43,1,,false,2026-06-29,Tarde
RICARDONE,GIRASOL,R5,ingreso → balanza egreso,ingreso → balanza egreso,2026-06-29T18:00:00,2026-06-29T18:30:00,0,0,0,1,44,44,0,,false,2026-06-29,Noche
RICARDONE,GIRASOL,R5,ingreso → balanza egreso,ingreso → balanza egreso,2026-06-29T18:30:00,2026-06-29T19:00:00,0,0,0,0,44,44,0,,false,2026-06-29,Noche
RICARDONE,GIRASOL,R5,ingreso → balanza egreso,ingreso → balanza egreso,2026-06-29T19:00:00,2026-06-29T19:30:00,0,0,1,0,45,44,1,,false,2026-06-29,Noche
RICARDONE,GIRASOL,R5,ingreso → balanza egreso,ingreso → balanza egreso,2026-06-29T19:30:00,2026-06-29T20:00:00,0,0,0,0,45,44,1,,false,2026-06-29,Noche
RICARDONE,GIRASOL,R5,ingreso → balanza egreso,ingreso → balanza egreso,2026-06-29T20:00:00,2026-06-29T20:30:00,0,0,0,0,45,44,1,,false,2026-06-29,Noche
RICARDONE,GIRASOL,R5,ingreso → balanza egreso,ingreso → balanza egreso,2026-06-29T20:30:00,2026-06-29T21:00:00,0,0,0,0,45,44,1,,false,2026-06-29,Noche
RICARDONE,GIRASOL,R5,ingreso → balanza egreso,ingreso → balanza egreso,2026-06-29T21:00:00,2026-06-29T21:30:00,0,0,0,0,45,44,1,,false,2026-06-29,Noche
RICARDONE,GIRASOL,R5,ingreso → balanza egreso,ingreso → balanza egreso,2026-06-29T21:30:00,2026-06-29T22:00:00,0,0,0,0,45,44,1,,false,2026-06-29,Noche
RICARDONE,GIRASOL,R5,ingreso → balanza egreso,ingreso → balanza egreso,2026-06-29T22:00:00,2026-06-29T22:30:00,0,0,2,0,47,44,3,,false,2026-06-29,Noche
RICARDONE,GIRASOL,R5,ingreso → balanza egreso,ingreso → balanza egreso,2026-06-29T22:30:00,2026-06-29T23:00:00,0,0,2,0,49,44,5,,false,2026-06-29,Noche
RICARDONE,GIRASOL,R5,ingreso → balanza egreso,ingreso → balanza egreso,2026-06-29T23:00:00,2026-06-29T23:30:00,0,0,1,0,50,44,6,,false,2026-06-29,Noche
RICARDONE,GIRASOL,R5,ingreso → balanza egreso,ingreso → balanza egreso,2026-06-29T23:30:00,2026-06-30T00:00:00,0,0,1,0,51,44,7,,false,2026-06-29,Noche
RICARDONE,GIRASOL,R5,ingreso → balanza egreso,ingreso → balanza egreso,2026-06-30T00:00:00,2026-06-30T00:30:00,0,0,0,0,51,44,7,,false,2026-06-30,Noche
RICARDONE,GIRASOL,R5,ingreso → balanza egreso,ingreso → balanza egreso,2026-06-30T00:30:00,2026-06-30T01:00:00,0,0,1,1,52,45,7,,false,2026-06-30,Noche
RICARDONE,GIRASOL,R5,ingreso → balanza egreso,ingreso → balanza egreso,2026-06-30T01:00:00,2026-06-30T01:30:00,0,0,0,1,52,46,6,,false,2026-06-30,Noche
RICARDONE,GIRASOL,R5,ingreso → balanza egreso,ingreso → balanza egreso,2026-06-30T01:30:00,2026-06-30T02:00:00,0,0,0,2,52,48,4,,false,2026-06-30,Noche
RICARDONE,GIRASOL,R5,ingreso → balanza egreso,ingreso → balanza egreso,2026-06-30T02:00:00,2026-06-30T02:30:00,0,0,1,1,53,49,4,,false,2026-06-30,Noche
RICARDONE,GIRASOL,R5,ingreso → balanza egreso,ingreso → balanza egreso,2026-06-30T02:30:00,2026-06-30T03:00:00,0,0,0,1,53,50,3,,false,2026-06-30,Noche
RICARDONE,GIRASOL,R5,ingreso → balanza egreso,ingreso → balanza egreso,2026-06-30T03:00:00,2026-06-30T03:30:00,0,0,0,0,53,50,3,,false,2026-06-30,Noche
RICARDONE,GIRASOL,R5,ingreso → balanza egreso,ingreso → balanza egreso,2026-06-30T03:30:00,2026-06-30T04:00:00,0,0,0,0,53,50,3,,false,2026-06-30,Noche
RICARDONE,GIRASOL,R5,ingreso → balanza egreso,ingreso → balanza egreso,2026-06-30T04:00:00,2026-06-30T04:30:00,0,0,0,1,53,51,2,,false,2026-06-30,Noche
RICARDONE,GIRASOL,R5,ingreso → balanza egreso,ingreso → balanza egreso,2026-06-30T04:30:00,2026-06-30T05:00:00,0,0,0,0,53,51,2,,false,2026-06-30,Noche
RICARDONE,GIRASOL,R5,ingreso → balanza egreso,ingreso → balanza egreso,2026-06-30T05:00:00,2026-06-30T05:30:00,0,0,0,0,53,51,2,,false,2026-06-30,Noche
RICARDONE,GIRASOL,R5,ingreso → balanza egreso,ingreso → balanza egreso,2026-06-30T05:30:00,2026-06-30T06:00:00,0,0,0,0,53,51,2,,false,2026-06-30,Noche
RICARDONE,GIRASOL,R5,ingreso → balanza egreso,ingreso → balanza egreso,2026-06-30T06:00:00,2026-06-30T06:30:00,0,0,0,0,53,51,2,,false,2026-06-30,Mañana
RICARDONE,GIRASOL,R5,ingreso → balanza egreso,ingreso → balanza egreso,2026-06-30T06:30:00,2026-06-30T07:00:00,0,0,0,1,53,52,1,,false,2026-06-30,Mañana
RICARDONE,GIRASOL,R5,ingreso → balanza egreso,ingreso → balanza egreso,2026-06-30T07:00:00,2026-06-30T07:30:00,0,0,1,0,54,52,2,,false,2026-06-30,Mañana
RICARDONE,GIRASOL,R5,ingreso → balanza egreso,ingreso → balanza egreso,2026-06-30T07:30:00,2026-06-30T08:00:00,0,0,1,1,55,53,2,,false,2026-06-30,Mañana
RICARDONE,GIRASOL,R5,ingreso → balanza egreso,ingreso → balanza egreso,2026-06-30T08:00:00,2026-06-30T08:30:00,0,0,0,0,55,53,2,,false,2026-06-30,Mañana
RICARDONE,GIRASOL,R5,ingreso → balanza egreso,ingreso → balanza egreso,2026-06-30T08:30:00,2026-06-30T09:00:00,0,0,1,0,56,53,3,,false,2026-06-30,Mañana
RICARDONE,GIRASOL,R5,ingreso → balanza egreso,ingreso → balanza egreso,2026-06-30T09:00:00,2026-06-30T09:30:00,0,0,0,0,56,53,3,,false,2026-06-30,Mañana
RICARDONE,GIRASOL,R5,ingreso → balanza egreso,ingreso → balanza egreso,2026-06-30T09:30:00,2026-06-30T10:00:00,0,0,0,0,56,53,3,,false,2026-06-30,Mañana
RICARDONE,GIRASOL,R5,ingreso → balanza egreso,ingreso → balanza egreso,2026-06-30T10:00:00,2026-06-30T10:30:00,0,0,0,1,56,54,2,,false,2026-06-30,Mañana
RICARDONE,GIRASOL,R5,ingreso → balanza egreso,ingreso → balanza egreso,2026-06-30T10:30:00,2026-06-30T11:00:00,0,0,0,1,56,55,1,,false,2026-06-30,Mañana
RICARDONE,GIRASOL,R5,ingreso → balanza egreso,ingreso → balanza egreso,2026-06-30T11:00:00,2026-06-30T11:30:00,0,0,0,1,56,56,0,,false,2026-06-30,Mañana
RICARDONE,GIRASOL,R5,ingreso → balanza egreso,ingreso → balanza egreso,2026-06-30T11:30:00,2026-06-30T12:00:00,0,0,0,0,56,56,0,,false,2026-06-30,Mañana
RICARDONE,GIRASOL,R5,ingreso → balanza egreso,ingreso → balanza egreso,2026-06-30T12:00:00,2026-06-30T12:30:00,0,0,0,0,56,56,0,,false,2026-06-30,Tarde
RICARDONE,GIRASOL,R5,ingreso → balanza egreso,ingreso → balanza egreso,2026-06-30T12:30:00,2026-06-30T13:00:00,0,0,0,0,56,56,0,,false,2026-06-30,Tarde
RICARDONE,GIRASOL,R5,ingreso → balanza egreso,ingreso → balanza egreso,2026-06-30T13:00:00,2026-06-30T13:30:00,0,0,0,0,56,56,0,,false,2026-06-30,Tarde
RICARDONE,GIRASOL,R5,ingreso → balanza egreso,ingreso → balanza egreso,2026-06-30T13:30:00,2026-06-30T14:00:00,0,0,0,0,56,56,0,,false,2026-06-30,Tarde
RICARDONE,GIRASOL,R5,ingreso → balanza egreso,ingreso → balanza egreso,2026-06-30T14:00:00,2026-06-30T14:30:00,0,0,0,0,56,56,0,,false,2026-06-30,Tarde
RICARDONE,GIRASOL,R5,ingreso → balanza egreso,ingreso → balanza egreso,2026-06-30T14:30:00,2026-06-30T15:00:00,0,0,0,0,56,56,0,,false,2026-06-30,Tarde
RICARDONE,GIRASOL,R5,ingreso → balanza egreso,ingreso → balanza egreso,2026-06-30T15:00:00,2026-06-30T15:30:00,0,0,0,0,56,56,0,,false,2026-06-30,Tarde
RICARDONE,GIRASOL,R5,ingreso → balanza egreso,ingreso → balanza egreso,2026-06-30T15:30:00,2026-06-30T16:00:00,0,0,0,0,56,56,0,,false,2026-06-30,Tarde
RICARDONE,GIRASOL,R5,ingreso → balanza egreso,ingreso → balanza egreso,2026-06-30T16:00:00,2026-06-30T16:30:00,0,0,0,0,56,56,0,,false,2026-06-30,Tarde
RICARDONE,GIRASOL,R5,ingreso → balanza egreso,ingreso → balanza egreso,2026-06-30T16:30:00,2026-06-30T17:00:00,0,0,0,0,56,56,0,,false,2026-06-30,Tarde
RICARDONE,GIRASOL,R5,ingreso → balanza egreso,ingreso → balanza egreso,2026-06-30T17:00:00,2026-06-30T17:30:00,0,0,0,0,56,56,0,,false,2026-06-30,Tarde
RICARDONE,GIRASOL,R5,ingreso → balanza egreso,ingreso → balanza egreso,2026-06-30T17:30:00,2026-06-30T18:00:00,0,0,0,0,56,56,0,,false,2026-06-30,Tarde
RICARDONE,GIRASOL,R5,ingreso → balanza egreso,ingreso → balanza egreso,2026-06-30T18:00:00,2026-06-30T18:30:00,0,0,0,0,56,56,0,,false,2026-06-30,Noche
RICARDONE,GIRASOL,R5,ingreso → balanza egreso,ingreso → balanza egreso,2026-06-30T18:30:00,2026-06-30T19:00:00,0,0,0,0,56,56,0,,false,2026-06-30,Noche
RICARDONE,GIRASOL,R5,ingreso → balanza egreso,ingreso → balanza egreso,2026-06-30T19:00:00,2026-06-30T19:30:00,0,0,0,0,56,56,0,,false,2026-06-30,Noche
RICARDONE,GIRASOL,R5,ingreso → balanza egreso,ingreso → balanza egreso,2026-06-30T19:30:00,2026-06-30T20:00:00,0,0,0,0,56,56,0,,false,2026-06-30,Noche
RICARDONE,GIRASOL,R5,ingreso → balanza egreso,ingreso → balanza egreso,2026-06-30T20:00:00,2026-06-30T20:30:00,0,0,0,0,56,56,0,,false,2026-06-30,Noche
RICARDONE,GIRASOL,R5,ingreso → balanza egreso,ingreso → balanza egreso,2026-06-30T20:30:00,2026-06-30T21:00:00,0,0,0,0,56,56,0,,false,2026-06-30,Noche
RICARDONE,GIRASOL,R5,ingreso → balanza egreso,ingreso → balanza egreso,2026-06-30T21:00:00,2026-06-30T21:30:00,0,0,0,0,56,56,0,,false,2026-06-30,Noche
RICARDONE,GIRASOL,R5,ingreso → balanza egreso,ingreso → balanza egreso,2026-06-30T21:30:00,2026-06-30T22:00:00,0,0,0,0,56,56,0,,false,2026-06-30,Noche
RICARDONE,GIRASOL,R5,ingreso → balanza egreso,ingreso → balanza egreso,2026-06-30T22:00:00,2026-06-30T22:30:00,0,0,3,0,59,56,3,,false,2026-06-30,Noche
RICARDONE,GIRASOL,R5,ingreso → balanza egreso,ingreso → balanza egreso,2026-06-30T22:30:00,2026-06-30T23:00:00,0,0,0,0,59,56,3,,false,2026-06-30,Noche
RICARDONE,GIRASOL,R5,ingreso → balanza egreso,ingreso → balanza egreso,2026-06-30T23:00:00,2026-06-30T23:30:00,0,0,0,0,59,56,3,,false,2026-06-30,Noche
RICARDONE,GIRASOL,R5,ingreso → balanza egreso,ingreso → balanza egreso,2026-06-30T23:30:00,2026-07-01T00:00:00,0,0,0,0,59,56,3,,false,2026-06-30,Noche
RICARDONE,GIRASOL,R5,ingreso → balanza egreso,ingreso → balanza egreso,2026-07-01T00:00:00,2026-07-01T00:30:00,0,0,0,1,59,57,2,,false,2026-07-01,Noche
RICARDONE,GIRASOL,R5,ingreso → balanza egreso,ingreso → balanza egreso,2026-07-01T00:30:00,2026-07-01T01:00:00,0,0,0,1,59,58,1,,false,2026-07-01,Noche
RICARDONE,GIRASOL,R5,ingreso → balanza egreso,ingreso → balanza egreso,2026-07-01T01:00:00,2026-07-01T01:30:00,0,0,1,1,60,59,1,,false,2026-07-01,Noche
RICARDONE,GIRASOL,R5,ingreso → balanza egreso,ingreso → balanza egreso,2026-07-01T01:30:00,2026-07-01T02:00:00,0,0,1,0,61,59,2,,false,2026-07-01,Noche
RICARDONE,GIRASOL,R5,ingreso → balanza egreso,ingreso → balanza egreso,2026-07-01T02:00:00,2026-07-01T02:30:00,0,0,0,0,61,59,2,,false,2026-07-01,Noche
RICARDONE,GIRASOL,R5,ingreso → balanza egreso,ingreso → balanza egreso,2026-07-01T02:30:00,2026-07-01T03:00:00,0,0,0,0,61,59,2,,false,2026-07-01,Noche
RICARDONE,GIRASOL,R5,ingreso → balanza egreso,ingreso → balanza egreso,2026-07-01T03:00:00,2026-07-01T03:30:00,0,0,1,0,62,59,3,,false,2026-07-01,Noche
RICARDONE,GIRASOL,R5,ingreso → balanza egreso,ingreso → balanza egreso,2026-07-01T03:30:00,2026-07-01T04:00:00,0,0,0,0,62,59,3,,false,2026-07-01,Noche
RICARDONE,GIRASOL,R5,ingreso → balanza egreso,ingreso → balanza egreso,2026-07-01T04:00:00,2026-07-01T04:30:00,0,0,0,0,62,59,3,,false,2026-07-01,Noche
RICARDONE,GIRASOL,R5,ingreso → balanza egreso,ingreso → balanza egreso,2026-07-01T04:30:00,2026-07-01T05:00:00,0,0,0,0,62,59,3,,false,2026-07-01,Noche
RICARDONE,GIRASOL,R5,ingreso → balanza egreso,ingreso → balanza egreso,2026-07-01T05:00:00,2026-07-01T05:30:00,0,0,0,0,62,59,3,,false,2026-07-01,Noche
RICARDONE,GIRASOL,R5,ingreso → balanza egreso,ingreso → balanza egreso,2026-07-01T05:30:00,2026-07-01T06:00:00,0,0,1,0,63,59,4,,false,2026-07-01,Noche
RICARDONE,GIRASOL,R5,ingreso → balanza egreso,ingreso → balanza egreso,2026-07-01T06:00:00,2026-07-01T06:30:00,0,0,3,1,66,60,6,,false,2026-07-01,Mañana
RICARDONE,GIRASOL,R5,ingreso → balanza egreso,ingreso → balanza egreso,2026-07-01T06:30:00,2026-07-01T07:00:00,0,0,0,0,66,60,6,,false,2026-07-01,Mañana
RICARDONE,GIRASOL,R5,ingreso → balanza egreso,ingreso → balanza egreso,2026-07-01T07:00:00,2026-07-01T07:30:00,0,0,0,0,66,60,6,,false,2026-07-01,Mañana
RICARDONE,GIRASOL,R5,ingreso → balanza egreso,ingreso → balanza egreso,2026-07-01T07:30:00,2026-07-01T08:00:00,0,0,2,1,68,61,7,,false,2026-07-01,Mañana
RICARDONE,GIRASOL,R5,ingreso → balanza egreso,ingreso → balanza egreso,2026-07-01T08:00:00,2026-07-01T08:30:00,0,0,0,1,68,62,6,,false,2026-07-01,Mañana
RICARDONE,GIRASOL,R5,ingreso → balanza egreso,ingreso → balanza egreso,2026-07-01T08:30:00,2026-07-01T09:00:00,0,0,4,0,72,62,10,,false,2026-07-01,Mañana
RICARDONE,GIRASOL,R5,ingreso → balanza egreso,ingreso → balanza egreso,2026-07-01T09:00:00,2026-07-01T09:30:00,0,0,0,0,72,62,10,,false,2026-07-01,Mañana
RICARDONE,GIRASOL,R5,ingreso → balanza egreso,ingreso → balanza egreso,2026-07-01T09:30:00,2026-07-01T10:00:00,0,0,0,1,72,63,9,,false,2026-07-01,Mañana
RICARDONE,GIRASOL,R5,ingreso → balanza egreso,ingreso → balanza egreso,2026-07-01T10:00:00,2026-07-01T10:30:00,0,0,0,1,72,64,8,,false,2026-07-01,Mañana
RICARDONE,GIRASOL,R5,ingreso → balanza egreso,ingreso → balanza egreso,2026-07-01T10:30:00,2026-07-01T11:00:00,0,0,1,2,73,66,7,,false,2026-07-01,Mañana
RICARDONE,GIRASOL,R5,ingreso → balanza egreso,ingreso → balanza egreso,2026-07-01T11:00:00,2026-07-01T11:30:00,0,0,1,1,74,67,7,,false,2026-07-01,Mañana
RICARDONE,GIRASOL,R5,ingreso → balanza egreso,ingreso → balanza egreso,2026-07-01T11:30:00,2026-07-01T12:00:00,0,0,0,1,74,68,6,,false,2026-07-01,Mañana
RICARDONE,GIRASOL,R5,ingreso → balanza egreso,ingreso → balanza egreso,2026-07-01T12:00:00,2026-07-01T12:30:00,0,0,1,0,75,68,7,,false,2026-07-01,Tarde
RICARDONE,GIRASOL,R5,ingreso → balanza egreso,ingreso → balanza egreso,2026-07-01T12:30:00,2026-07-01T13:00:00,0,0,1,0,76,68,8,,false,2026-07-01,Tarde
RICARDONE,GIRASOL,R5,ingreso → balanza egreso,ingreso → balanza egreso,2026-07-01T13:00:00,2026-07-01T13:30:00,0,0,0,1,76,69,7,,false,2026-07-01,Tarde
RICARDONE,GIRASOL,R5,ingreso → balanza egreso,ingreso → balanza egreso,2026-07-01T13:30:00,2026-07-01T14:00:00,0,0,1,1,77,70,7,,false,2026-07-01,Tarde
RICARDONE,GIRASOL,R5,ingreso → balanza egreso,ingreso → balanza egreso,2026-07-01T14:00:00,2026-07-01T14:30:00,0,0,0,2,77,72,5,,false,2026-07-01,Tarde
RICARDONE,GIRASOL,R5,ingreso → balanza egreso,ingreso → balanza egreso,2026-07-01T14:30:00,2026-07-01T15:00:00,0,0,1,1,78,73,5,,false,2026-07-01,Tarde
RICARDONE,GIRASOL,R5,ingreso → balanza egreso,ingreso → balanza egreso,2026-07-01T15:00:00,2026-07-01T15:30:00,0,0,1,1,79,74,5,,false,2026-07-01,Tarde
RICARDONE,GIRASOL,R5,ingreso → balanza egreso,ingreso → balanza egreso,2026-07-01T15:30:00,2026-07-01T16:00:00,0,0,0,1,79,75,4,,false,2026-07-01,Tarde
RICARDONE,GIRASOL,R5,ingreso → balanza egreso,ingreso → balanza egreso,2026-07-01T16:00:00,2026-07-01T16:30:00,0,0,1,1,80,76,4,,false,2026-07-01,Tarde
RICARDONE,GIRASOL,R5,ingreso → balanza egreso,ingreso → balanza egreso,2026-07-01T16:30:00,2026-07-01T17:00:00,0,0,0,0,80,76,4,,false,2026-07-01,Tarde
RICARDONE,GIRASOL,R5,ingreso → balanza egreso,ingreso → balanza egreso,2026-07-01T17:00:00,2026-07-01T17:30:00,0,0,0,0,80,76,4,,false,2026-07-01,Tarde
RICARDONE,GIRASOL,R5,ingreso → balanza egreso,ingreso → balanza egreso,2026-07-01T17:30:00,2026-07-01T18:00:00,0,0,0,2,80,78,2,,false,2026-07-01,Tarde
RICARDONE,GIRASOL,R5,ingreso → balanza egreso,ingreso → balanza egreso,2026-07-01T18:00:00,2026-07-01T18:30:00,0,0,0,1,80,79,1,,false,2026-07-01,Noche
RICARDONE,GIRASOL,R5,ingreso → balanza egreso,ingreso → balanza egreso,2026-07-01T18:30:00,2026-07-01T19:00:00,0,0,0,0,80,79,1,,false,2026-07-01,Noche
RICARDONE,GIRASOL,R5,ingreso → balanza egreso,ingreso → balanza egreso,2026-07-01T19:00:00,2026-07-01T19:30:00,0,0,0,1,80,80,0,,false,2026-07-01,Noche
RICARDONE,GIRASOL,R5,ingreso → balanza egreso,ingreso → balanza egreso,2026-07-01T19:30:00,2026-07-01T20:00:00,0,0,1,0,81,80,1,,false,2026-07-01,Noche
RICARDONE,GIRASOL,R5,ingreso → balanza egreso,ingreso → balanza egreso,2026-07-01T20:00:00,2026-07-01T20:30:00,0,0,2,0,83,80,3,,false,2026-07-01,Noche
RICARDONE,GIRASOL,R5,ingreso → balanza egreso,ingreso → balanza egreso,2026-07-01T20:30:00,2026-07-01T21:00:00,0,0,0,0,83,80,3,,false,2026-07-01,Noche
RICARDONE,GIRASOL,R5,ingreso → balanza egreso,ingreso → balanza egreso,2026-07-01T21:00:00,2026-07-01T21:30:00,0,0,0,0,83,80,3,,false,2026-07-01,Noche
RICARDONE,GIRASOL,R5,ingreso → balanza egreso,ingreso → balanza egreso,2026-07-01T21:30:00,2026-07-01T22:00:00,0,0,0,0,83,80,3,,false,2026-07-01,Noche
RICARDONE,GIRASOL,R5,ingreso → balanza egreso,ingreso → balanza egreso,2026-07-01T22:00:00,2026-07-01T22:30:00,0,0,0,0,83,80,3,,false,2026-07-01,Noche
RICARDONE,GIRASOL,R5,ingreso → balanza egreso,ingreso → balanza egreso,2026-07-01T22:30:00,2026-07-01T23:00:00,0,0,1,1,84,81,3,,false,2026-07-01,Noche
RICARDONE,GIRASOL,R5,ingreso → balanza egreso,ingreso → balanza egreso,2026-07-01T23:00:00,2026-07-01T23:30:00,0,0,0,1,84,82,2,,false,2026-07-01,Noche
RICARDONE,GIRASOL,R5,ingreso → balanza egreso,ingreso → balanza egreso,2026-07-01T23:30:00,2026-07-02T00:00:00,0,0,5,1,89,83,6,,false,2026-07-01,Noche
RICARDONE,GIRASOL,R5,ingreso → balanza egreso,ingreso → balanza egreso,2026-07-02T00:00:00,2026-07-02T00:30:00,0,0,0,1,89,84,5,,false,2026-07-02,Noche
RICARDONE,GIRASOL,R5,ingreso → balanza egreso,ingreso → balanza egreso,2026-07-02T00:30:00,2026-07-02T01:00:00,0,0,3,0,92,84,8,,false,2026-07-02,Noche
RICARDONE,GIRASOL,R5,ingreso → balanza egreso,ingreso → balanza egreso,2026-07-02T01:00:00,2026-07-02T01:30:00,0,0,0,1,92,85,7,,false,2026-07-02,Noche
RICARDONE,GIRASOL,R5,ingreso → balanza egreso,ingreso → balanza egreso,2026-07-02T01:30:00,2026-07-02T02:00:00,0,0,0,1,92,86,6,,false,2026-07-02,Noche
RICARDONE,GIRASOL,R5,ingreso → balanza egreso,ingreso → balanza egreso,2026-07-02T02:00:00,2026-07-02T02:30:00,0,0,0,2,92,88,4,,false,2026-07-02,Noche
RICARDONE,GIRASOL,R5,ingreso → balanza egreso,ingreso → balanza egreso,2026-07-02T02:30:00,2026-07-02T03:00:00,0,0,1,1,93,89,4,,false,2026-07-02,Noche
RICARDONE,GIRASOL,R5,ingreso → balanza egreso,ingreso → balanza egreso,2026-07-02T03:00:00,2026-07-02T03:30:00,0,0,0,1,93,90,3,,false,2026-07-02,Noche
RICARDONE,GIRASOL,R5,ingreso → balanza egreso,ingreso → balanza egreso,2026-07-02T03:30:00,2026-07-02T04:00:00,0,0,0,1,93,91,2,,false,2026-07-02,Noche
RICARDONE,GIRASOL,R5,ingreso → balanza egreso,ingreso → balanza egreso,2026-07-02T04:00:00,2026-07-02T04:30:00,0,0,0,0,93,91,2,,false,2026-07-02,Noche
RICARDONE,GIRASOL,R5,ingreso → balanza egreso,ingreso → balanza egreso,2026-07-02T04:30:00,2026-07-02T05:00:00,0,0,0,0,93,91,2,,false,2026-07-02,Noche
RICARDONE,GIRASOL,R5,ingreso → balanza egreso,ingreso → balanza egreso,2026-07-02T05:00:00,2026-07-02T05:30:00,0,0,0,0,93,91,2,,false,2026-07-02,Noche
RICARDONE,GIRASOL,R5,ingreso → balanza egreso,ingreso → balanza egreso,2026-07-02T05:30:00,2026-07-02T06:00:00,0,0,0,1,93,92,1,,false,2026-07-02,Noche
RICARDONE,GIRASOL,R5,ingreso → balanza egreso,ingreso → balanza egreso,2026-07-02T06:00:00,2026-07-02T06:30:00,0,0,0,0,93,92,1,,false,2026-07-02,Mañana
RICARDONE,GIRASOL,R5,ingreso → balanza egreso,ingreso → balanza egreso,2026-07-02T06:30:00,2026-07-02T07:00:00,0,0,0,0,93,92,1,,false,2026-07-02,Mañana
RICARDONE,GIRASOL,R5,ingreso → balanza egreso,ingreso → balanza egreso,2026-07-02T07:00:00,2026-07-02T07:30:00,0,0,0,0,93,92,1,,false,2026-07-02,Mañana
RICARDONE,GIRASOL,R5,ingreso → balanza egreso,ingreso → balanza egreso,2026-07-02T07:30:00,2026-07-02T08:00:00,0,0,0,0,93,92,1,,false,2026-07-02,Mañana
RICARDONE,GIRASOL,R5,ingreso → balanza egreso,ingreso → balanza egreso,2026-07-02T08:00:00,2026-07-02T08:30:00,0,0,0,1,93,93,0,,false,2026-07-02,Mañana
RICARDONE,GIRASOL,R5,ingreso → balanza egreso,ingreso → balanza egreso,2026-07-02T08:30:00,2026-07-02T09:00:00,0,0,0,0,93,93,0,,false,2026-07-02,Mañana
RICARDONE,GIRASOL,R5,ingreso → balanza egreso,ingreso → balanza egreso,2026-07-02T09:00:00,2026-07-02T09:30:00,0,0,2,0,95,93,2,,false,2026-07-02,Mañana
RICARDONE,GIRASOL,R5,ingreso → balanza egreso,ingreso → balanza egreso,2026-07-02T09:30:00,2026-07-02T10:00:00,0,0,0,0,95,93,2,,false,2026-07-02,Mañana
RICARDONE,GIRASOL,R5,ingreso → balanza egreso,ingreso → balanza egreso,2026-07-02T10:00:00,2026-07-02T10:30:00,0,0,0,0,95,93,2,,false,2026-07-02,Mañana
RICARDONE,GIRASOL,R5,ingreso → balanza egreso,ingreso → balanza egreso,2026-07-02T10:30:00,2026-07-02T11:00:00,0,0,0,0,95,93,2,,false,2026-07-02,Mañana
RICARDONE,GIRASOL,R5,ingreso → balanza egreso,ingreso → balanza egreso,2026-07-02T11:00:00,2026-07-02T11:30:00,0,0,0,0,95,93,2,,false,2026-07-02,Mañana
RICARDONE,GIRASOL,R5,ingreso → balanza egreso,ingreso → balanza egreso,2026-07-02T11:30:00,2026-07-02T12:00:00,0,0,0,0,95,93,2,,false,2026-07-02,Mañana
RICARDONE,GIRASOL,R5,ingreso → balanza egreso,ingreso → balanza egreso,2026-07-02T12:00:00,2026-07-02T12:30:00,0,0,0,0,95,93,2,,false,2026-07-02,Tarde
RICARDONE,GIRASOL,R5,ingreso → balanza egreso,ingreso → balanza egreso,2026-07-02T12:30:00,2026-07-02T13:00:00,0,0,0,0,95,93,2,,false,2026-07-02,Tarde
RICARDONE,GIRASOL,R5,ingreso → balanza egreso,ingreso → balanza egreso,2026-07-02T13:00:00,2026-07-02T13:30:00,0,0,0,0,95,93,2,,false,2026-07-02,Tarde
RICARDONE,GIRASOL,R5,ingreso → balanza egreso,ingreso → balanza egreso,2026-07-02T13:30:00,2026-07-02T14:00:00,0,0,0,0,95,93,2,,false,2026-07-02,Tarde
RICARDONE,GIRASOL,R5,ingreso → balanza egreso,ingreso → balanza egreso,2026-07-02T14:00:00,2026-07-02T14:30:00,0,0,0,0,95,93,2,,false,2026-07-02,Tarde
RICARDONE,GIRASOL,R5,ingreso → balanza egreso,ingreso → balanza egreso,2026-07-02T14:30:00,2026-07-02T15:00:00,0,0,0,1,95,94,1,,false,2026-07-02,Tarde
RICARDONE,GIRASOL,R5,ingreso → balanza egreso,ingreso → balanza egreso,2026-07-02T15:00:00,2026-07-02T15:30:00,0,0,0,1,95,95,0,,false,2026-07-02,Tarde
RICARDONE,GIRASOL,R5,ingreso → balanza egreso,ingreso → balanza egreso,2026-07-02T15:30:00,2026-07-02T16:00:00,0,0,0,0,95,95,0,,false,2026-07-02,Tarde
RICARDONE,GIRASOL,R5,ingreso → balanza egreso,ingreso → balanza egreso,2026-07-02T16:00:00,2026-07-02T16:30:00,0,0,0,0,95,95,0,,false,2026-07-02,Tarde
RICARDONE,GIRASOL,R5,ingreso → balanza egreso,ingreso → balanza egreso,2026-07-02T16:30:00,2026-07-02T17:00:00,0,0,0,0,95,95,0,,false,2026-07-02,Tarde
RICARDONE,GIRASOL,R5,ingreso → balanza egreso,ingreso → balanza egreso,2026-07-02T17:00:00,2026-07-02T17:30:00,0,0,0,0,95,95,0,,false,2026-07-02,Tarde
RICARDONE,GIRASOL,R5,ingreso → balanza egreso,ingreso → balanza egreso,2026-07-02T17:30:00,2026-07-02T18:00:00,0,0,0,0,95,95,0,,false,2026-07-02,Tarde
RICARDONE,GIRASOL,R5,ingreso → balanza egreso,ingreso → balanza egreso,2026-07-02T18:00:00,2026-07-02T18:30:00,0,0,0,0,95,95,0,,false,2026-07-02,Noche
RICARDONE,GIRASOL,R5,ingreso → balanza egreso,ingreso → balanza egreso,2026-07-02T18:30:00,2026-07-02T19:00:00,0,0,0,0,95,95,0,,false,2026-07-02,Noche
RICARDONE,GIRASOL,R5,ingreso → balanza egreso,ingreso → balanza egreso,2026-07-02T19:00:00,2026-07-02T19:30:00,0,0,0,0,95,95,0,,false,2026-07-02,Noche
RICARDONE,GIRASOL,R5,ingreso → balanza egreso,ingreso → balanza egreso,2026-07-02T19:30:00,2026-07-02T20:00:00,0,0,0,0,95,95,0,,false,2026-07-02,Noche
RICARDONE,GIRASOL,R5,ingreso → balanza egreso,ingreso → balanza egreso,2026-07-02T20:00:00,2026-07-02T20:30:00,0,0,0,0,95,95,0,,false,2026-07-02,Noche
RICARDONE,GIRASOL,R5,ingreso → balanza egreso,ingreso → balanza egreso,2026-07-02T20:30:00,2026-07-02T21:00:00,0,0,1,0,96,95,1,,false,2026-07-02,Noche
RICARDONE,GIRASOL,R5,ingreso → balanza egreso,ingreso → balanza egreso,2026-07-02T21:00:00,2026-07-02T21:30:00,0,0,0,0,96,95,1,,false,2026-07-02,Noche
RICARDONE,GIRASOL,R5,ingreso → balanza egreso,ingreso → balanza egreso,2026-07-02T21:30:00,2026-07-02T22:00:00,0,0,0,0,96,95,1,,false,2026-07-02,Noche
RICARDONE,GIRASOL,R5,ingreso → balanza egreso,ingreso → balanza egreso,2026-07-02T22:00:00,2026-07-02T22:30:00,0,0,0,0,96,95,1,,false,2026-07-02,Noche
RICARDONE,GIRASOL,R5,ingreso → balanza egreso,ingreso → balanza egreso,2026-07-02T22:30:00,2026-07-02T23:00:00,0,0,1,0,97,95,2,,false,2026-07-02,Noche
RICARDONE,GIRASOL,R5,ingreso → balanza egreso,ingreso → balanza egreso,2026-07-02T23:00:00,2026-07-02T23:30:00,0,0,1,0,98,95,3,,false,2026-07-02,Noche
RICARDONE,GIRASOL,R5,ingreso → balanza egreso,ingreso → balanza egreso,2026-07-02T23:30:00,2026-07-03T00:00:00,0,0,2,0,100,95,5,,false,2026-07-02,Noche
RICARDONE,GIRASOL,R5,ingreso → balanza egreso,ingreso → balanza egreso,2026-07-03T00:00:00,2026-07-03T00:30:00,0,0,1,0,101,95,6,,false,2026-07-03,Noche
RICARDONE,GIRASOL,R5,ingreso → balanza egreso,ingreso → balanza egreso,2026-07-03T00:30:00,2026-07-03T01:00:00,0,0,0,0,101,95,6,,false,2026-07-03,Noche
RICARDONE,GIRASOL,R5,ingreso → balanza egreso,ingreso → balanza egreso,2026-07-03T01:00:00,2026-07-03T01:30:00,0,0,0,0,101,95,6,,false,2026-07-03,Noche
RICARDONE,GIRASOL,R5,ingreso → balanza egreso,ingreso → balanza egreso,2026-07-03T01:30:00,2026-07-03T02:00:00,0,0,0,0,101,95,6,,false,2026-07-03,Noche
RICARDONE,GIRASOL,R5,ingreso → balanza egreso,ingreso → balanza egreso,2026-07-03T02:00:00,2026-07-03T02:30:00,0,0,0,1,101,96,5,,false,2026-07-03,Noche
RICARDONE,GIRASOL,R5,ingreso → balanza egreso,ingreso → balanza egreso,2026-07-03T02:30:00,2026-07-03T03:00:00,0,0,0,0,101,96,5,,false,2026-07-03,Noche
RICARDONE,GIRASOL,R5,ingreso → balanza egreso,ingreso → balanza egreso,2026-07-03T03:00:00,2026-07-03T03:30:00,0,0,0,1,101,97,4,,false,2026-07-03,Noche
RICARDONE,GIRASOL,R5,ingreso → balanza egreso,ingreso → balanza egreso,2026-07-03T03:30:00,2026-07-03T04:00:00,0,0,0,1,101,98,3,,false,2026-07-03,Noche
RICARDONE,GIRASOL,R5,ingreso → balanza egreso,ingreso → balanza egreso,2026-07-03T04:00:00,2026-07-03T04:30:00,0,0,0,1,101,99,2,,false,2026-07-03,Noche
RICARDONE,GIRASOL,R5,ingreso → balanza egreso,ingreso → balanza egreso,2026-07-03T04:30:00,2026-07-03T05:00:00,0,0,0,1,101,100,1,,false,2026-07-03,Noche
RICARDONE,GIRASOL,R5,ingreso → balanza egreso,ingreso → balanza egreso,2026-07-03T05:00:00,2026-07-03T05:30:00,0,0,1,1,102,101,1,,false,2026-07-03,Noche
RICARDONE,GIRASOL,R5,ingreso → balanza egreso,ingreso → balanza egreso,2026-07-03T05:30:00,2026-07-03T06:00:00,0,0,0,0,102,101,1,,false,2026-07-03,Noche
RICARDONE,GIRASOL,R5,ingreso → balanza egreso,ingreso → balanza egreso,2026-07-03T06:00:00,2026-07-03T06:30:00,0,0,0,0,102,101,1,,false,2026-07-03,Mañana
RICARDONE,GIRASOL,R5,ingreso → balanza egreso,ingreso → balanza egreso,2026-07-03T06:30:00,2026-07-03T07:00:00,0,0,0,0,102,101,1,,false,2026-07-03,Mañana
RICARDONE,GIRASOL,R5,ingreso → balanza egreso,ingreso → balanza egreso,2026-07-03T07:00:00,2026-07-03T07:30:00,0,0,2,0,104,101,3,,false,2026-07-03,Mañana
RICARDONE,GIRASOL,R5,ingreso → balanza egreso,ingreso → balanza egreso,2026-07-03T07:30:00,2026-07-03T08:00:00,0,0,1,0,105,101,4,,false,2026-07-03,Mañana
RICARDONE,GIRASOL,R5,ingreso → balanza egreso,ingreso → balanza egreso,2026-07-03T08:00:00,2026-07-03T08:30:00,0,0,3,0,108,101,7,,false,2026-07-03,Mañana
RICARDONE,GIRASOL,R5,ingreso → balanza egreso,ingreso → balanza egreso,2026-07-03T08:30:00,2026-07-03T09:00:00,0,0,0,0,108,101,7,,false,2026-07-03,Mañana
RICARDONE,GIRASOL,R5,ingreso → balanza egreso,ingreso → balanza egreso,2026-07-03T09:00:00,2026-07-03T09:30:00,0,0,0,0,108,101,7,,false,2026-07-03,Mañana
RICARDONE,GIRASOL,R5,ingreso → balanza egreso,ingreso → balanza egreso,2026-07-03T09:30:00,2026-07-03T10:00:00,0,0,0,0,108,101,7,,false,2026-07-03,Mañana
RICARDONE,GIRASOL,R5,ingreso → balanza egreso,ingreso → balanza egreso,2026-07-03T10:00:00,2026-07-03T10:30:00,0,0,0,0,108,101,7,,false,2026-07-03,Mañana
RICARDONE,GIRASOL,R5,ingreso → balanza egreso,ingreso → balanza egreso,2026-07-03T10:30:00,2026-07-03T11:00:00,0,0,0,0,108,101,7,,false,2026-07-03,Mañana
RICARDONE,GIRASOL,R5,ingreso → balanza egreso,ingreso → balanza egreso,2026-07-03T11:00:00,2026-07-03T11:30:00,0,0,0,1,108,102,6,,false,2026-07-03,Mañana
RICARDONE,GIRASOL,R5,ingreso → balanza egreso,ingreso → balanza egreso,2026-07-03T11:30:00,2026-07-03T12:00:00,0,0,0,1,108,103,5,,false,2026-07-03,Mañana
RICARDONE,GIRASOL,R5,ingreso → balanza egreso,ingreso → balanza egreso,2026-07-03T12:00:00,2026-07-03T12:30:00,0,0,0,2,108,105,3,,false,2026-07-03,Tarde
RICARDONE,GIRASOL,R5,ingreso → balanza egreso,ingreso → balanza egreso,2026-07-03T12:30:00,2026-07-03T13:00:00,0,0,0,1,108,106,2,,false,2026-07-03,Tarde
RICARDONE,GIRASOL,R5,ingreso → balanza egreso,ingreso → balanza egreso,2026-07-03T13:00:00,2026-07-03T13:30:00,0,0,0,0,108,106,2,,false,2026-07-03,Tarde
RICARDONE,GIRASOL,R5,ingreso → balanza egreso,ingreso → balanza egreso,2026-07-03T13:30:00,2026-07-03T14:00:00,0,0,0,1,108,107,1,,false,2026-07-03,Tarde
RICARDONE,GIRASOL,R5,ingreso → balanza egreso,ingreso → balanza egreso,2026-07-03T14:00:00,2026-07-03T14:30:00,0,0,0,1,108,108,0,,false,2026-07-03,Tarde
RICARDONE,GIRASOL,R5,ingreso → balanza egreso,ingreso → balanza egreso,2026-07-03T14:30:00,2026-07-03T15:00:00,0,0,0,0,108,108,0,,false,2026-07-03,Tarde
RICARDONE,GIRASOL,R5,ingreso → balanza egreso,ingreso → balanza egreso,2026-07-03T15:00:00,2026-07-03T15:30:00,0,0,0,0,108,108,0,,false,2026-07-03,Tarde
RICARDONE,GIRASOL,R5,ingreso → balanza egreso,ingreso → balanza egreso,2026-07-03T15:30:00,2026-07-03T16:00:00,0,0,0,0,108,108,0,,false,2026-07-03,Tarde
RICARDONE,GIRASOL,R5,ingreso → balanza egreso,ingreso → balanza egreso,2026-07-03T16:00:00,2026-07-03T16:30:00,0,0,0,0,108,108,0,,false,2026-07-03,Tarde
RICARDONE,GIRASOL,R5,ingreso → balanza egreso,ingreso → balanza egreso,2026-07-03T16:30:00,2026-07-03T17:00:00,0,0,0,0,108,108,0,,false,2026-07-03,Tarde
RICARDONE,GIRASOL,R5,ingreso → balanza egreso,ingreso → balanza egreso,2026-07-03T17:00:00,2026-07-03T17:30:00,0,0,0,0,108,108,0,,false,2026-07-03,Tarde
RICARDONE,GIRASOL,R5,ingreso → balanza egreso,ingreso → balanza egreso,2026-07-03T17:30:00,2026-07-03T18:00:00,0,0,0,0,108,108,0,,false,2026-07-03,Tarde
RICARDONE,GIRASOL,R5,ingreso → balanza egreso,ingreso → balanza egreso,2026-07-03T18:00:00,2026-07-03T18:30:00,0,0,0,0,108,108,0,,false,2026-07-03,Noche
RICARDONE,GIRASOL,R5,ingreso → balanza egreso,ingreso → balanza egreso,2026-07-03T18:30:00,2026-07-03T19:00:00,0,0,0,0,108,108,0,,false,2026-07-03,Noche
RICARDONE,GIRASOL,R5,ingreso → balanza egreso,ingreso → balanza egreso,2026-07-03T19:00:00,2026-07-03T19:30:00,0,0,0,0,108,108,0,,false,2026-07-03,Noche
RICARDONE,GIRASOL,R5,ingreso → balanza egreso,ingreso → balanza egreso,2026-07-03T19:30:00,2026-07-03T20:00:00,0,0,0,0,108,108,0,,false,2026-07-03,Noche
RICARDONE,GIRASOL,R5,ingreso → balanza egreso,ingreso → balanza egreso,2026-07-03T20:00:00,2026-07-03T20:30:00,0,0,0,0,108,108,0,,false,2026-07-03,Noche
RICARDONE,GIRASOL,R5,ingreso → balanza egreso,ingreso → balanza egreso,2026-07-03T20:30:00,2026-07-03T21:00:00,0,0,0,0,108,108,0,,false,2026-07-03,Noche
RICARDONE,GIRASOL,R5,ingreso → balanza egreso,ingreso → balanza egreso,2026-07-03T21:00:00,2026-07-03T21:30:00,0,0,0,0,108,108,0,,false,2026-07-03,Noche
RICARDONE,GIRASOL,R5,ingreso → balanza egreso,ingreso → balanza egreso,2026-07-03T21:30:00,2026-07-03T22:00:00,0,0,0,0,108,108,0,,false,2026-07-03,Noche
RICARDONE,GIRASOL,R5,ingreso → balanza egreso,ingreso → balanza egreso,2026-07-03T22:00:00,2026-07-03T22:30:00,0,0,0,0,108,108,0,,false,2026-07-03,Noche
RICARDONE,GIRASOL,R5,ingreso → balanza egreso,ingreso → balanza egreso,2026-07-03T22:30:00,2026-07-03T23:00:00,0,0,0,0,108,108,0,,false,2026-07-03,Noche
RICARDONE,GIRASOL,R5,ingreso → balanza egreso,ingreso → balanza egreso,2026-07-03T23:00:00,2026-07-03T23:30:00,0,0,0,0,108,108,0,,false,2026-07-03,Noche
RICARDONE,GIRASOL,R5,ingreso → balanza egreso,ingreso → balanza egreso,2026-07-03T23:30:00,2026-07-04T00:00:00,0,0,0,0,108,108,0,,false,2026-07-03,Noche
RICARDONE,GIRASOL,R5,ingreso → balanza egreso,ingreso → balanza egreso,2026-07-04T00:00:00,2026-07-04T00:30:00,0,0,0,0,108,108,0,,false,2026-07-04,Noche
RICARDONE,GIRASOL,R5,ingreso → balanza egreso,ingreso → balanza egreso,2026-07-04T00:30:00,2026-07-04T01:00:00,0,0,0,0,108,108,0,,false,2026-07-04,Noche
RICARDONE,GIRASOL,R5,ingreso → balanza egreso,ingreso → balanza egreso,2026-07-04T01:00:00,2026-07-04T01:30:00,0,0,0,0,108,108,0,,false,2026-07-04,Noche
RICARDONE,GIRASOL,R5,ingreso → balanza egreso,ingreso → balanza egreso,2026-07-04T01:30:00,2026-07-04T02:00:00,0,0,0,0,108,108,0,,false,2026-07-04,Noche
RICARDONE,GIRASOL,R5,ingreso → balanza egreso,ingreso → balanza egreso,2026-07-04T02:00:00,2026-07-04T02:30:00,0,0,0,0,108,108,0,,false,2026-07-04,Noche
RICARDONE,GIRASOL,R5,ingreso → balanza egreso,ingreso → balanza egreso,2026-07-04T02:30:00,2026-07-04T03:00:00,0,0,0,0,108,108,0,,false,2026-07-04,Noche
RICARDONE,GIRASOL,R5,ingreso → balanza egreso,ingreso → balanza egreso,2026-07-04T03:00:00,2026-07-04T03:30:00,0,0,0,0,108,108,0,,false,2026-07-04,Noche
RICARDONE,GIRASOL,R5,ingreso → balanza egreso,ingreso → balanza egreso,2026-07-04T03:30:00,2026-07-04T04:00:00,0,0,0,0,108,108,0,,false,2026-07-04,Noche
RICARDONE,GIRASOL,R5,ingreso → balanza egreso,ingreso → balanza egreso,2026-07-04T04:00:00,2026-07-04T04:30:00,0,0,0,0,108,108,0,,false,2026-07-04,Noche
RICARDONE,GIRASOL,R5,ingreso → balanza egreso,ingreso → balanza egreso,2026-07-04T04:30:00,2026-07-04T05:00:00,0,0,0,0,108,108,0,,false,2026-07-04,Noche
RICARDONE,GIRASOL,R5,ingreso → balanza egreso,ingreso → balanza egreso,2026-07-04T05:00:00,2026-07-04T05:30:00,0,0,0,0,108,108,0,,false,2026-07-04,Noche
RICARDONE,GIRASOL,R5,ingreso → balanza egreso,ingreso → balanza egreso,2026-07-04T05:30:00,2026-07-04T06:00:00,0,0,0,0,108,108,0,,false,2026-07-04,Noche
RICARDONE,GIRASOL,R5,ingreso → balanza egreso,ingreso → balanza egreso,2026-07-04T06:00:00,2026-07-04T06:30:00,0,0,0,0,108,108,0,,false,2026-07-04,Mañana
RICARDONE,GIRASOL,R5,ingreso → balanza egreso,ingreso → balanza egreso,2026-07-04T06:30:00,2026-07-04T07:00:00,0,0,0,0,108,108,0,,false,2026-07-04,Mañana
RICARDONE,GIRASOL,R5,ingreso → balanza egreso,ingreso → balanza egreso,2026-07-04T07:00:00,2026-07-04T07:30:00,0,0,0,0,108,108,0,,false,2026-07-04,Mañana
RICARDONE,GIRASOL,R5,ingreso → balanza egreso,ingreso → balanza egreso,2026-07-04T07:30:00,2026-07-04T08:00:00,0,0,1,0,109,108,1,,false,2026-07-04,Mañana
RICARDONE,GIRASOL,R5,ingreso → balanza egreso,ingreso → balanza egreso,2026-07-04T08:00:00,2026-07-04T08:30:00,0,0,1,0,110,108,2,,false,2026-07-04,Mañana
RICARDONE,GIRASOL,R5,ingreso → balanza egreso,ingreso → balanza egreso,2026-07-04T08:30:00,2026-07-04T09:00:00,0,0,0,0,110,108,2,,false,2026-07-04,Mañana
RICARDONE,GIRASOL,R5,ingreso → balanza egreso,ingreso → balanza egreso,2026-07-04T09:00:00,2026-07-04T09:30:00,0,0,0,0,110,108,2,,false,2026-07-04,Mañana
RICARDONE,GIRASOL,R5,ingreso → balanza egreso,ingreso → balanza egreso,2026-07-04T09:30:00,2026-07-04T10:00:00,0,0,0,0,110,108,2,,false,2026-07-04,Mañana
RICARDONE,GIRASOL,R5,ingreso → balanza egreso,ingreso → balanza egreso,2026-07-04T10:00:00,2026-07-04T10:30:00,0,0,0,0,110,108,2,,false,2026-07-04,Mañana
RICARDONE,GIRASOL,R5,ingreso → balanza egreso,ingreso → balanza egreso,2026-07-04T10:30:00,2026-07-04T11:00:00,0,0,0,0,110,108,2,,false,2026-07-04,Mañana
RICARDONE,GIRASOL,R5,ingreso → balanza egreso,ingreso → balanza egreso,2026-07-04T11:00:00,2026-07-04T11:30:00,0,0,0,0,110,108,2,,false,2026-07-04,Mañana
RICARDONE,GIRASOL,R5,ingreso → balanza egreso,ingreso → balanza egreso,2026-07-04T11:30:00,2026-07-04T12:00:00,0,0,0,0,110,108,2,,false,2026-07-04,Mañana
RICARDONE,GIRASOL,R5,ingreso → balanza egreso,ingreso → balanza egreso,2026-07-04T12:00:00,2026-07-04T12:30:00,0,0,0,0,110,108,2,,false,2026-07-04,Tarde
RICARDONE,GIRASOL,R5,ingreso → balanza egreso,ingreso → balanza egreso,2026-07-04T12:30:00,2026-07-04T13:00:00,0,0,0,0,110,108,2,,false,2026-07-04,Tarde
RICARDONE,GIRASOL,R5,ingreso → balanza egreso,ingreso → balanza egreso,2026-07-04T13:00:00,2026-07-04T13:30:00,0,0,0,1,110,109,1,,false,2026-07-04,Tarde
RICARDONE,GIRASOL,R5,ingreso → balanza egreso,ingreso → balanza egreso,2026-07-04T13:30:00,2026-07-04T14:00:00,0,0,0,0,110,109,1,,false,2026-07-04,Tarde
RICARDONE,GIRASOL,R5,ingreso → balanza egreso,ingreso → balanza egreso,2026-07-04T14:00:00,2026-07-04T14:30:00,0,0,0,1,110,110,0,,false,2026-07-04,Tarde
RICARDONE,GIRASOL,R5,ingreso → balanza egreso,ingreso → balanza egreso,2026-07-04T14:30:00,2026-07-04T15:00:00,0,0,0,0,110,110,0,,false,2026-07-04,Tarde
RICARDONE,GIRASOL,R5,ingreso → balanza egreso,ingreso → balanza egreso,2026-07-04T15:00:00,2026-07-04T15:30:00,0,0,0,0,110,110,0,,false,2026-07-04,Tarde
RICARDONE,GIRASOL,R5,ingreso → balanza egreso,ingreso → balanza egreso,2026-07-04T15:30:00,2026-07-04T16:00:00,0,0,0,0,110,110,0,,false,2026-07-04,Tarde
RICARDONE,GIRASOL,R5,ingreso → balanza egreso,ingreso → balanza egreso,2026-07-04T16:00:00,2026-07-04T16:30:00,0,0,0,0,110,110,0,,false,2026-07-04,Tarde
RICARDONE,GIRASOL,R5,ingreso → balanza egreso,ingreso → balanza egreso,2026-07-04T16:30:00,2026-07-04T17:00:00,0,0,0,0,110,110,0,,false,2026-07-04,Tarde
RICARDONE,GIRASOL,R5,ingreso → balanza egreso,ingreso → balanza egreso,2026-07-04T17:00:00,2026-07-04T17:30:00,0,0,0,0,110,110,0,,false,2026-07-04,Tarde
RICARDONE,GIRASOL,R5,ingreso → balanza egreso,ingreso → balanza egreso,2026-07-04T17:30:00,2026-07-04T18:00:00,0,0,0,0,110,110,0,,false,2026-07-04,Tarde
RICARDONE,GIRASOL,R5,ingreso → balanza egreso,ingreso → balanza egreso,2026-07-04T18:00:00,2026-07-04T18:30:00,0,0,0,0,110,110,0,,false,2026-07-04,Noche
RICARDONE,GIRASOL,R5,ingreso → balanza egreso,ingreso → balanza egreso,2026-07-04T18:30:00,2026-07-04T19:00:00,0,0,0,0,110,110,0,,false,2026-07-04,Noche
RICARDONE,GIRASOL,R5,ingreso → balanza egreso,ingreso → balanza egreso,2026-07-04T19:00:00,2026-07-04T19:30:00,0,0,0,0,110,110,0,,false,2026-07-04,Noche
RICARDONE,GIRASOL,R5,ingreso → balanza egreso,ingreso → balanza egreso,2026-07-04T19:30:00,2026-07-04T20:00:00,0,0,0,0,110,110,0,,false,2026-07-04,Noche
RICARDONE,GIRASOL,R5,ingreso → balanza egreso,ingreso → balanza egreso,2026-07-04T20:00:00,2026-07-04T20:30:00,0,0,0,0,110,110,0,,false,2026-07-04,Noche
RICARDONE,GIRASOL,R5,ingreso → balanza egreso,ingreso → balanza egreso,2026-07-04T20:30:00,2026-07-04T21:00:00,0,0,0,0,110,110,0,,false,2026-07-04,Noche
RICARDONE,GIRASOL,R5,ingreso → balanza egreso,ingreso → balanza egreso,2026-07-04T21:00:00,2026-07-04T21:30:00,0,0,0,0,110,110,0,,false,2026-07-04,Noche
RICARDONE,GIRASOL,R5,ingreso → balanza egreso,ingreso → balanza egreso,2026-07-04T21:30:00,2026-07-04T22:00:00,0,0,0,0,110,110,0,,false,2026-07-04,Noche
RICARDONE,GIRASOL,R5,ingreso → balanza egreso,ingreso → balanza egreso,2026-07-04T22:00:00,2026-07-04T22:30:00,0,0,0,0,110,110,0,,false,2026-07-04,Noche
RICARDONE,GIRASOL,R5,ingreso → balanza egreso,ingreso → balanza egreso,2026-07-04T22:30:00,2026-07-04T23:00:00,0,0,0,0,110,110,0,,false,2026-07-04,Noche
RICARDONE,GIRASOL,R5,ingreso → balanza egreso,ingreso → balanza egreso,2026-07-04T23:00:00,2026-07-04T23:30:00,0,0,0,0,110,110,0,,false,2026-07-04,Noche
RICARDONE,GIRASOL,R5,ingreso → balanza egreso,ingreso → balanza egreso,2026-07-04T23:30:00,2026-07-05T00:00:00,0,0,0,0,110,110,0,,false,2026-07-04,Noche
RICARDONE,GIRASOL,R5,ingreso → balanza egreso,ingreso → balanza egreso,2026-07-05T00:00:00,2026-07-05T00:30:00,0,0,0,0,110,110,0,,false,2026-07-05,Noche
RICARDONE,GIRASOL,R5,ingreso → balanza egreso,ingreso → balanza egreso,2026-07-05T00:30:00,2026-07-05T01:00:00,0,0,0,0,110,110,0,,false,2026-07-05,Noche
RICARDONE,GIRASOL,R5,ingreso → balanza egreso,ingreso → balanza egreso,2026-07-05T01:00:00,2026-07-05T01:30:00,0,0,0,0,110,110,0,,false,2026-07-05,Noche
RICARDONE,GIRASOL,R5,ingreso → balanza egreso,ingreso → balanza egreso,2026-07-05T01:30:00,2026-07-05T02:00:00,0,0,0,0,110,110,0,,false,2026-07-05,Noche
RICARDONE,GIRASOL,R5,ingreso → balanza egreso,ingreso → balanza egreso,2026-07-05T02:00:00,2026-07-05T02:30:00,0,0,0,0,110,110,0,,false,2026-07-05,Noche
RICARDONE,GIRASOL,R5,ingreso → balanza egreso,ingreso → balanza egreso,2026-07-05T02:30:00,2026-07-05T03:00:00,0,0,0,0,110,110,0,,false,2026-07-05,Noche
RICARDONE,GIRASOL,R5,ingreso → balanza egreso,ingreso → balanza egreso,2026-07-05T03:00:00,2026-07-05T03:30:00,0,0,0,0,110,110,0,,false,2026-07-05,Noche
RICARDONE,GIRASOL,R5,ingreso → balanza egreso,ingreso → balanza egreso,2026-07-05T03:30:00,2026-07-05T04:00:00,0,0,0,0,110,110,0,,false,2026-07-05,Noche
RICARDONE,GIRASOL,R5,ingreso → balanza egreso,ingreso → balanza egreso,2026-07-05T04:00:00,2026-07-05T04:30:00,0,0,0,0,110,110,0,,false,2026-07-05,Noche
RICARDONE,GIRASOL,R5,ingreso → balanza egreso,ingreso → balanza egreso,2026-07-05T04:30:00,2026-07-05T05:00:00,0,0,0,0,110,110,0,,false,2026-07-05,Noche
RICARDONE,GIRASOL,R5,ingreso → balanza egreso,ingreso → balanza egreso,2026-07-05T05:00:00,2026-07-05T05:30:00,0,0,0,0,110,110,0,,false,2026-07-05,Noche
RICARDONE,GIRASOL,R5,ingreso → balanza egreso,ingreso → balanza egreso,2026-07-05T05:30:00,2026-07-05T06:00:00,0,0,0,0,110,110,0,,false,2026-07-05,Noche
RICARDONE,GIRASOL,R5,ingreso → balanza egreso,ingreso → balanza egreso,2026-07-05T06:00:00,2026-07-05T06:30:00,0,0,0,0,110,110,0,,false,2026-07-05,Mañana
RICARDONE,GIRASOL,R5,ingreso → balanza egreso,ingreso → balanza egreso,2026-07-05T06:30:00,2026-07-05T07:00:00,0,0,0,0,110,110,0,,false,2026-07-05,Mañana
RICARDONE,GIRASOL,R5,ingreso → balanza egreso,ingreso → balanza egreso,2026-07-05T07:00:00,2026-07-05T07:30:00,0,0,0,0,110,110,0,,false,2026-07-05,Mañana
RICARDONE,GIRASOL,R5,ingreso → balanza egreso,ingreso → balanza egreso,2026-07-05T07:30:00,2026-07-05T08:00:00,0,0,0,0,110,110,0,,false,2026-07-05,Mañana
RICARDONE,GIRASOL,R5,ingreso → balanza egreso,ingreso → balanza egreso,2026-07-05T08:00:00,2026-07-05T08:30:00,0,0,0,0,110,110,0,,false,2026-07-05,Mañana
RICARDONE,GIRASOL,R5,ingreso → balanza egreso,ingreso → balanza egreso,2026-07-05T08:30:00,2026-07-05T09:00:00,0,0,0,0,110,110,0,,false,2026-07-05,Mañana
RICARDONE,GIRASOL,R5,ingreso → balanza egreso,ingreso → balanza egreso,2026-07-05T09:00:00,2026-07-05T09:30:00,0,0,0,0,110,110,0,,false,2026-07-05,Mañana
RICARDONE,GIRASOL,R5,ingreso → balanza egreso,ingreso → balanza egreso,2026-07-05T09:30:00,2026-07-05T10:00:00,0,0,0,0,110,110,0,,false,2026-07-05,Mañana
RICARDONE,GIRASOL,R5,ingreso → balanza egreso,ingreso → balanza egreso,2026-07-05T10:00:00,2026-07-05T10:30:00,0,0,0,0,110,110,0,,false,2026-07-05,Mañana
RICARDONE,GIRASOL,R5,ingreso → balanza egreso,ingreso → balanza egreso,2026-07-05T10:30:00,2026-07-05T11:00:00,0,0,0,0,110,110,0,,false,2026-07-05,Mañana
RICARDONE,GIRASOL,R5,ingreso → balanza egreso,ingreso → balanza egreso,2026-07-05T11:00:00,2026-07-05T11:30:00,0,0,0,0,110,110,0,,false,2026-07-05,Mañana
RICARDONE,GIRASOL,R5,ingreso → balanza egreso,ingreso → balanza egreso,2026-07-05T11:30:00,2026-07-05T12:00:00,0,0,0,0,110,110,0,,false,2026-07-05,Mañana
RICARDONE,GIRASOL,R5,ingreso → balanza egreso,ingreso → balanza egreso,2026-07-05T12:00:00,2026-07-05T12:30:00,0,0,0,0,110,110,0,,false,2026-07-05,Tarde
RICARDONE,GIRASOL,R5,ingreso → balanza egreso,ingreso → balanza egreso,2026-07-05T12:30:00,2026-07-05T13:00:00,0,0,0,0,110,110,0,,false,2026-07-05,Tarde
RICARDONE,GIRASOL,R5,ingreso → balanza egreso,ingreso → balanza egreso,2026-07-05T13:00:00,2026-07-05T13:30:00,0,0,0,0,110,110,0,,false,2026-07-05,Tarde
RICARDONE,GIRASOL,R5,ingreso → balanza egreso,ingreso → balanza egreso,2026-07-05T13:30:00,2026-07-05T14:00:00,0,0,0,0,110,110,0,,false,2026-07-05,Tarde
RICARDONE,GIRASOL,R5,ingreso → balanza egreso,ingreso → balanza egreso,2026-07-05T14:00:00,2026-07-05T14:30:00,0,0,0,0,110,110,0,,false,2026-07-05,Tarde
RICARDONE,GIRASOL,R5,ingreso → balanza egreso,ingreso → balanza egreso,2026-07-05T14:30:00,2026-07-05T15:00:00,0,0,0,0,110,110,0,,false,2026-07-05,Tarde
RICARDONE,GIRASOL,R5,ingreso → balanza egreso,ingreso → balanza egreso,2026-07-05T15:00:00,2026-07-05T15:30:00,0,0,0,0,110,110,0,,false,2026-07-05,Tarde
RICARDONE,GIRASOL,R5,ingreso → balanza egreso,ingreso → balanza egreso,2026-07-05T15:30:00,2026-07-05T16:00:00,0,0,0,0,110,110,0,,false,2026-07-05,Tarde
RICARDONE,GIRASOL,R5,ingreso → balanza egreso,ingreso → balanza egreso,2026-07-05T16:00:00,2026-07-05T16:30:00,0,0,0,0,110,110,0,,false,2026-07-05,Tarde
RICARDONE,GIRASOL,R5,ingreso → balanza egreso,ingreso → balanza egreso,2026-07-05T16:30:00,2026-07-05T17:00:00,0,0,0,0,110,110,0,,false,2026-07-05,Tarde
RICARDONE,GIRASOL,R5,ingreso → balanza egreso,ingreso → balanza egreso,2026-07-05T17:00:00,2026-07-05T17:30:00,0,0,0,0,110,110,0,,false,2026-07-05,Tarde
RICARDONE,GIRASOL,R5,ingreso → balanza egreso,ingreso → balanza egreso,2026-07-05T17:30:00,2026-07-05T18:00:00,0,0,0,0,110,110,0,,false,2026-07-05,Tarde
RICARDONE,GIRASOL,R5,ingreso → balanza egreso,ingreso → balanza egreso,2026-07-05T18:00:00,2026-07-05T18:30:00,0,0,0,0,110,110,0,,false,2026-07-05,Noche
RICARDONE,GIRASOL,R5,ingreso → balanza egreso,ingreso → balanza egreso,2026-07-05T18:30:00,2026-07-05T19:00:00,0,0,0,0,110,110,0,,false,2026-07-05,Noche
RICARDONE,GIRASOL,R5,ingreso → balanza egreso,ingreso → balanza egreso,2026-07-05T19:00:00,2026-07-05T19:30:00,0,0,0,0,110,110,0,,false,2026-07-05,Noche
RICARDONE,GIRASOL,R5,ingreso → balanza egreso,ingreso → balanza egreso,2026-07-05T19:30:00,2026-07-05T20:00:00,0,0,0,0,110,110,0,,false,2026-07-05,Noche
RICARDONE,GIRASOL,R5,ingreso → balanza egreso,ingreso → balanza egreso,2026-07-05T20:00:00,2026-07-05T20:30:00,0,0,0,0,110,110,0,,false,2026-07-05,Noche
RICARDONE,GIRASOL,R5,ingreso → balanza egreso,ingreso → balanza egreso,2026-07-05T20:30:00,2026-07-05T21:00:00,0,0,0,0,110,110,0,,false,2026-07-05,Noche
RICARDONE,GIRASOL,R5,ingreso → balanza egreso,ingreso → balanza egreso,2026-07-05T21:00:00,2026-07-05T21:30:00,0,0,0,0,110,110,0,,false,2026-07-05,Noche
RICARDONE,GIRASOL,R5,ingreso → balanza egreso,ingreso → balanza egreso,2026-07-05T21:30:00,2026-07-05T22:00:00,0,0,0,0,110,110,0,,false,2026-07-05,Noche
RICARDONE,GIRASOL,R5,ingreso → balanza egreso,ingreso → balanza egreso,2026-07-05T22:00:00,2026-07-05T22:30:00,0,0,2,0,112,110,2,,false,2026-07-05,Noche
RICARDONE,GIRASOL,R5,ingreso → balanza egreso,ingreso → balanza egreso,2026-07-05T22:30:00,2026-07-05T23:00:00,0,0,0,0,112,110,2,,false,2026-07-05,Noche
RICARDONE,GIRASOL,R5,ingreso → balanza egreso,ingreso → balanza egreso,2026-07-05T23:00:00,2026-07-05T23:30:00,0,0,0,1,112,111,1,,false,2026-07-05,Noche
RICARDONE,GIRASOL,R5,ingreso → balanza egreso,ingreso → balanza egreso,2026-07-05T23:30:00,2026-07-06T00:00:00,0,0,0,1,112,112,0,,false,2026-07-05,Noche
RICARDONE,GIRASOL,R6,ingreso → balanza egreso,ingreso → balanza egreso,2026-06-27T00:00:00,2026-06-27T00:30:00,0,0,0,0,0,0,0,,false,2026-06-27,Noche
RICARDONE,GIRASOL,R6,ingreso → balanza egreso,ingreso → balanza egreso,2026-06-27T00:30:00,2026-06-27T01:00:00,0,0,0,0,0,0,0,,false,2026-06-27,Noche
RICARDONE,GIRASOL,R6,ingreso → balanza egreso,ingreso → balanza egreso,2026-06-27T01:00:00,2026-06-27T01:30:00,0,0,0,0,0,0,0,,false,2026-06-27,Noche
RICARDONE,GIRASOL,R6,ingreso → balanza egreso,ingreso → balanza egreso,2026-06-27T01:30:00,2026-06-27T02:00:00,0,0,0,0,0,0,0,,false,2026-06-27,Noche
RICARDONE,GIRASOL,R6,ingreso → balanza egreso,ingreso → balanza egreso,2026-06-27T02:00:00,2026-06-27T02:30:00,0,0,0,0,0,0,0,,false,2026-06-27,Noche
RICARDONE,GIRASOL,R6,ingreso → balanza egreso,ingreso → balanza egreso,2026-06-27T02:30:00,2026-06-27T03:00:00,0,0,0,0,0,0,0,,false,2026-06-27,Noche
RICARDONE,GIRASOL,R6,ingreso → balanza egreso,ingreso → balanza egreso,2026-06-27T03:00:00,2026-06-27T03:30:00,0,0,0,0,0,0,0,,false,2026-06-27,Noche
RICARDONE,GIRASOL,R6,ingreso → balanza egreso,ingreso → balanza egreso,2026-06-27T03:30:00,2026-06-27T04:00:00,0,0,0,0,0,0,0,,false,2026-06-27,Noche
RICARDONE,GIRASOL,R6,ingreso → balanza egreso,ingreso → balanza egreso,2026-06-27T04:00:00,2026-06-27T04:30:00,0,0,0,0,0,0,0,,false,2026-06-27,Noche
RICARDONE,GIRASOL,R6,ingreso → balanza egreso,ingreso → balanza egreso,2026-06-27T04:30:00,2026-06-27T05:00:00,0,0,0,0,0,0,0,,false,2026-06-27,Noche
RICARDONE,GIRASOL,R6,ingreso → balanza egreso,ingreso → balanza egreso,2026-06-27T05:00:00,2026-06-27T05:30:00,0,0,0,0,0,0,0,,false,2026-06-27,Noche
RICARDONE,GIRASOL,R6,ingreso → balanza egreso,ingreso → balanza egreso,2026-06-27T05:30:00,2026-06-27T06:00:00,0,0,0,0,0,0,0,,false,2026-06-27,Noche
RICARDONE,GIRASOL,R6,ingreso → balanza egreso,ingreso → balanza egreso,2026-06-27T06:00:00,2026-06-27T06:30:00,0,0,0,0,0,0,0,,false,2026-06-27,Mañana
RICARDONE,GIRASOL,R6,ingreso → balanza egreso,ingreso → balanza egreso,2026-06-27T06:30:00,2026-06-27T07:00:00,0,0,0,0,0,0,0,,false,2026-06-27,Mañana
RICARDONE,GIRASOL,R6,ingreso → balanza egreso,ingreso → balanza egreso,2026-06-27T07:00:00,2026-06-27T07:30:00,0,0,0,0,0,0,0,,false,2026-06-27,Mañana
RICARDONE,GIRASOL,R6,ingreso → balanza egreso,ingreso → balanza egreso,2026-06-27T07:30:00,2026-06-27T08:00:00,0,0,0,0,0,0,0,,false,2026-06-27,Mañana
RICARDONE,GIRASOL,R6,ingreso → balanza egreso,ingreso → balanza egreso,2026-06-27T08:00:00,2026-06-27T08:30:00,0,0,0,0,0,0,0,,false,2026-06-27,Mañana
RICARDONE,GIRASOL,R6,ingreso → balanza egreso,ingreso → balanza egreso,2026-06-27T08:30:00,2026-06-27T09:00:00,0,0,0,0,0,0,0,,false,2026-06-27,Mañana
RICARDONE,GIRASOL,R6,ingreso → balanza egreso,ingreso → balanza egreso,2026-06-27T09:00:00,2026-06-27T09:30:00,0,0,0,0,0,0,0,,false,2026-06-27,Mañana
RICARDONE,GIRASOL,R6,ingreso → balanza egreso,ingreso → balanza egreso,2026-06-27T09:30:00,2026-06-27T10:00:00,0,0,0,0,0,0,0,,false,2026-06-27,Mañana
RICARDONE,GIRASOL,R6,ingreso → balanza egreso,ingreso → balanza egreso,2026-06-27T10:00:00,2026-06-27T10:30:00,0,0,0,0,0,0,0,,false,2026-06-27,Mañana
RICARDONE,GIRASOL,R6,ingreso → balanza egreso,ingreso → balanza egreso,2026-06-27T10:30:00,2026-06-27T11:00:00,0,0,0,0,0,0,0,,false,2026-06-27,Mañana
RICARDONE,GIRASOL,R6,ingreso → balanza egreso,ingreso → balanza egreso,2026-06-27T11:00:00,2026-06-27T11:30:00,0,0,0,0,0,0,0,,false,2026-06-27,Mañana
RICARDONE,GIRASOL,R6,ingreso → balanza egreso,ingreso → balanza egreso,2026-06-27T11:30:00,2026-06-27T12:00:00,0,0,0,0,0,0,0,,false,2026-06-27,Mañana
RICARDONE,GIRASOL,R6,ingreso → balanza egreso,ingreso → balanza egreso,2026-06-27T12:00:00,2026-06-27T12:30:00,0,0,0,0,0,0,0,,false,2026-06-27,Tarde
RICARDONE,GIRASOL,R6,ingreso → balanza egreso,ingreso → balanza egreso,2026-06-27T12:30:00,2026-06-27T13:00:00,0,0,0,0,0,0,0,,false,2026-06-27,Tarde
RICARDONE,GIRASOL,R6,ingreso → balanza egreso,ingreso → balanza egreso,2026-06-27T13:00:00,2026-06-27T13:30:00,0,0,0,0,0,0,0,,false,2026-06-27,Tarde
RICARDONE,GIRASOL,R6,ingreso → balanza egreso,ingreso → balanza egreso,2026-06-27T13:30:00,2026-06-27T14:00:00,0,0,0,0,0,0,0,,false,2026-06-27,Tarde
RICARDONE,GIRASOL,R6,ingreso → balanza egreso,ingreso → balanza egreso,2026-06-27T14:00:00,2026-06-27T14:30:00,0,0,0,0,0,0,0,,false,2026-06-27,Tarde
RICARDONE,GIRASOL,R6,ingreso → balanza egreso,ingreso → balanza egreso,2026-06-27T14:30:00,2026-06-27T15:00:00,0,0,0,0,0,0,0,,false,2026-06-27,Tarde
RICARDONE,GIRASOL,R6,ingreso → balanza egreso,ingreso → balanza egreso,2026-06-27T15:00:00,2026-06-27T15:30:00,0,0,0,0,0,0,0,,false,2026-06-27,Tarde
RICARDONE,GIRASOL,R6,ingreso → balanza egreso,ingreso → balanza egreso,2026-06-27T15:30:00,2026-06-27T16:00:00,0,0,0,0,0,0,0,,false,2026-06-27,Tarde
RICARDONE,GIRASOL,R6,ingreso → balanza egreso,ingreso → balanza egreso,2026-06-27T16:00:00,2026-06-27T16:30:00,0,0,0,0,0,0,0,,false,2026-06-27,Tarde
RICARDONE,GIRASOL,R6,ingreso → balanza egreso,ingreso → balanza egreso,2026-06-27T16:30:00,2026-06-27T17:00:00,0,0,0,0,0,0,0,,false,2026-06-27,Tarde
RICARDONE,GIRASOL,R6,ingreso → balanza egreso,ingreso → balanza egreso,2026-06-27T17:00:00,2026-06-27T17:30:00,0,0,0,0,0,0,0,,false,2026-06-27,Tarde
RICARDONE,GIRASOL,R6,ingreso → balanza egreso,ingreso → balanza egreso,2026-06-27T17:30:00,2026-06-27T18:00:00,0,0,0,0,0,0,0,,false,2026-06-27,Tarde
RICARDONE,GIRASOL,R6,ingreso → balanza egreso,ingreso → balanza egreso,2026-06-27T18:00:00,2026-06-27T18:30:00,0,0,0,0,0,0,0,,false,2026-06-27,Noche
RICARDONE,GIRASOL,R6,ingreso → balanza egreso,ingreso → balanza egreso,2026-06-27T18:30:00,2026-06-27T19:00:00,0,0,1,0,1,0,1,,false,2026-06-27,Noche
RICARDONE,GIRASOL,R6,ingreso → balanza egreso,ingreso → balanza egreso,2026-06-27T19:00:00,2026-06-27T19:30:00,0,0,2,0,3,0,3,,false,2026-06-27,Noche
RICARDONE,GIRASOL,R6,ingreso → balanza egreso,ingreso → balanza egreso,2026-06-27T19:30:00,2026-06-27T20:00:00,0,0,0,0,3,0,3,,false,2026-06-27,Noche
RICARDONE,GIRASOL,R6,ingreso → balanza egreso,ingreso → balanza egreso,2026-06-27T20:00:00,2026-06-27T20:30:00,0,0,1,0,4,0,4,,false,2026-06-27,Noche
RICARDONE,GIRASOL,R6,ingreso → balanza egreso,ingreso → balanza egreso,2026-06-27T20:30:00,2026-06-27T21:00:00,0,0,0,0,4,0,4,,false,2026-06-27,Noche
RICARDONE,GIRASOL,R6,ingreso → balanza egreso,ingreso → balanza egreso,2026-06-27T21:00:00,2026-06-27T21:30:00,0,0,0,0,4,0,4,,false,2026-06-27,Noche
RICARDONE,GIRASOL,R6,ingreso → balanza egreso,ingreso → balanza egreso,2026-06-27T21:30:00,2026-06-27T22:00:00,0,0,0,0,4,0,4,,false,2026-06-27,Noche
RICARDONE,GIRASOL,R6,ingreso → balanza egreso,ingreso → balanza egreso,2026-06-27T22:00:00,2026-06-27T22:30:00,0,0,0,1,4,1,3,,false,2026-06-27,Noche
RICARDONE,GIRASOL,R6,ingreso → balanza egreso,ingreso → balanza egreso,2026-06-27T22:30:00,2026-06-27T23:00:00,0,0,0,0,4,1,3,,false,2026-06-27,Noche
RICARDONE,GIRASOL,R6,ingreso → balanza egreso,ingreso → balanza egreso,2026-06-27T23:00:00,2026-06-27T23:30:00,0,0,0,0,4,1,3,,false,2026-06-27,Noche
RICARDONE,GIRASOL,R6,ingreso → balanza egreso,ingreso → balanza egreso,2026-06-27T23:30:00,2026-06-28T00:00:00,0,0,0,0,4,1,3,,false,2026-06-27,Noche
RICARDONE,GIRASOL,R6,ingreso → balanza egreso,ingreso → balanza egreso,2026-06-28T00:00:00,2026-06-28T00:30:00,0,0,0,0,4,1,3,,false,2026-06-28,Noche
RICARDONE,GIRASOL,R6,ingreso → balanza egreso,ingreso → balanza egreso,2026-06-28T00:30:00,2026-06-28T01:00:00,0,0,0,0,4,1,3,,false,2026-06-28,Noche
RICARDONE,GIRASOL,R6,ingreso → balanza egreso,ingreso → balanza egreso,2026-06-28T01:00:00,2026-06-28T01:30:00,0,0,0,2,4,3,1,,false,2026-06-28,Noche
RICARDONE,GIRASOL,R6,ingreso → balanza egreso,ingreso → balanza egreso,2026-06-28T01:30:00,2026-06-28T02:00:00,0,0,0,1,4,4,0,,false,2026-06-28,Noche
RICARDONE,GIRASOL,R6,ingreso → balanza egreso,ingreso → balanza egreso,2026-06-28T02:00:00,2026-06-28T02:30:00,0,0,0,0,4,4,0,,false,2026-06-28,Noche
RICARDONE,GIRASOL,R6,ingreso → balanza egreso,ingreso → balanza egreso,2026-06-28T02:30:00,2026-06-28T03:00:00,0,0,0,0,4,4,0,,false,2026-06-28,Noche
RICARDONE,GIRASOL,R6,ingreso → balanza egreso,ingreso → balanza egreso,2026-06-28T03:00:00,2026-06-28T03:30:00,0,0,0,0,4,4,0,,false,2026-06-28,Noche
RICARDONE,GIRASOL,R6,ingreso → balanza egreso,ingreso → balanza egreso,2026-06-28T03:30:00,2026-06-28T04:00:00,0,0,0,0,4,4,0,,false,2026-06-28,Noche
RICARDONE,GIRASOL,R6,ingreso → balanza egreso,ingreso → balanza egreso,2026-06-28T04:00:00,2026-06-28T04:30:00,0,0,1,0,5,4,1,,false,2026-06-28,Noche
RICARDONE,GIRASOL,R6,ingreso → balanza egreso,ingreso → balanza egreso,2026-06-28T04:30:00,2026-06-28T05:00:00,0,0,0,0,5,4,1,,false,2026-06-28,Noche
RICARDONE,GIRASOL,R6,ingreso → balanza egreso,ingreso → balanza egreso,2026-06-28T05:00:00,2026-06-28T05:30:00,0,0,0,0,5,4,1,,false,2026-06-28,Noche
RICARDONE,GIRASOL,R6,ingreso → balanza egreso,ingreso → balanza egreso,2026-06-28T05:30:00,2026-06-28T06:00:00,0,0,0,0,5,4,1,,false,2026-06-28,Noche
RICARDONE,GIRASOL,R6,ingreso → balanza egreso,ingreso → balanza egreso,2026-06-28T06:00:00,2026-06-28T06:30:00,0,0,0,0,5,4,1,,false,2026-06-28,Mañana
RICARDONE,GIRASOL,R6,ingreso → balanza egreso,ingreso → balanza egreso,2026-06-28T06:30:00,2026-06-28T07:00:00,0,0,0,0,5,4,1,,false,2026-06-28,Mañana
RICARDONE,GIRASOL,R6,ingreso → balanza egreso,ingreso → balanza egreso,2026-06-28T07:00:00,2026-06-28T07:30:00,0,0,0,0,5,4,1,,false,2026-06-28,Mañana
RICARDONE,GIRASOL,R6,ingreso → balanza egreso,ingreso → balanza egreso,2026-06-28T07:30:00,2026-06-28T08:00:00,0,0,0,0,5,4,1,,false,2026-06-28,Mañana
RICARDONE,GIRASOL,R6,ingreso → balanza egreso,ingreso → balanza egreso,2026-06-28T08:00:00,2026-06-28T08:30:00,0,0,0,1,5,5,0,,false,2026-06-28,Mañana
RICARDONE,GIRASOL,R6,ingreso → balanza egreso,ingreso → balanza egreso,2026-06-28T08:30:00,2026-06-28T09:00:00,0,0,0,0,5,5,0,,false,2026-06-28,Mañana
RICARDONE,GIRASOL,R6,ingreso → balanza egreso,ingreso → balanza egreso,2026-06-28T09:00:00,2026-06-28T09:30:00,0,0,0,0,5,5,0,,false,2026-06-28,Mañana
RICARDONE,GIRASOL,R6,ingreso → balanza egreso,ingreso → balanza egreso,2026-06-28T09:30:00,2026-06-28T10:00:00,0,0,0,0,5,5,0,,false,2026-06-28,Mañana
RICARDONE,GIRASOL,R6,ingreso → balanza egreso,ingreso → balanza egreso,2026-06-28T10:00:00,2026-06-28T10:30:00,0,0,0,0,5,5,0,,false,2026-06-28,Mañana
RICARDONE,GIRASOL,R6,ingreso → balanza egreso,ingreso → balanza egreso,2026-06-28T10:30:00,2026-06-28T11:00:00,0,0,0,0,5,5,0,,false,2026-06-28,Mañana
RICARDONE,GIRASOL,R6,ingreso → balanza egreso,ingreso → balanza egreso,2026-06-28T11:00:00,2026-06-28T11:30:00,0,0,0,0,5,5,0,,false,2026-06-28,Mañana
RICARDONE,GIRASOL,R6,ingreso → balanza egreso,ingreso → balanza egreso,2026-06-28T11:30:00,2026-06-28T12:00:00,0,0,0,0,5,5,0,,false,2026-06-28,Mañana
RICARDONE,GIRASOL,R6,ingreso → balanza egreso,ingreso → balanza egreso,2026-06-28T12:00:00,2026-06-28T12:30:00,0,0,0,0,5,5,0,,false,2026-06-28,Tarde
RICARDONE,GIRASOL,R6,ingreso → balanza egreso,ingreso → balanza egreso,2026-06-28T12:30:00,2026-06-28T13:00:00,0,0,0,0,5,5,0,,false,2026-06-28,Tarde
RICARDONE,GIRASOL,R6,ingreso → balanza egreso,ingreso → balanza egreso,2026-06-28T13:00:00,2026-06-28T13:30:00,0,0,0,0,5,5,0,,false,2026-06-28,Tarde
RICARDONE,GIRASOL,R6,ingreso → balanza egreso,ingreso → balanza egreso,2026-06-28T13:30:00,2026-06-28T14:00:00,0,0,0,0,5,5,0,,false,2026-06-28,Tarde
RICARDONE,GIRASOL,R6,ingreso → balanza egreso,ingreso → balanza egreso,2026-06-28T14:00:00,2026-06-28T14:30:00,0,0,0,0,5,5,0,,false,2026-06-28,Tarde
RICARDONE,GIRASOL,R6,ingreso → balanza egreso,ingreso → balanza egreso,2026-06-28T14:30:00,2026-06-28T15:00:00,0,0,0,0,5,5,0,,false,2026-06-28,Tarde
RICARDONE,GIRASOL,R6,ingreso → balanza egreso,ingreso → balanza egreso,2026-06-28T15:00:00,2026-06-28T15:30:00,0,0,0,0,5,5,0,,false,2026-06-28,Tarde
RICARDONE,GIRASOL,R6,ingreso → balanza egreso,ingreso → balanza egreso,2026-06-28T15:30:00,2026-06-28T16:00:00,0,0,0,0,5,5,0,,false,2026-06-28,Tarde
RICARDONE,GIRASOL,R6,ingreso → balanza egreso,ingreso → balanza egreso,2026-06-28T16:00:00,2026-06-28T16:30:00,0,0,0,0,5,5,0,,false,2026-06-28,Tarde
RICARDONE,GIRASOL,R6,ingreso → balanza egreso,ingreso → balanza egreso,2026-06-28T16:30:00,2026-06-28T17:00:00,0,0,0,0,5,5,0,,false,2026-06-28,Tarde
RICARDONE,GIRASOL,R6,ingreso → balanza egreso,ingreso → balanza egreso,2026-06-28T17:00:00,2026-06-28T17:30:00,0,0,0,0,5,5,0,,false,2026-06-28,Tarde
RICARDONE,GIRASOL,R6,ingreso → balanza egreso,ingreso → balanza egreso,2026-06-28T17:30:00,2026-06-28T18:00:00,0,0,0,0,5,5,0,,false,2026-06-28,Tarde
RICARDONE,GIRASOL,R6,ingreso → balanza egreso,ingreso → balanza egreso,2026-06-28T18:00:00,2026-06-28T18:30:00,0,0,0,0,5,5,0,,false,2026-06-28,Noche
RICARDONE,GIRASOL,R6,ingreso → balanza egreso,ingreso → balanza egreso,2026-06-28T18:30:00,2026-06-28T19:00:00,0,0,0,0,5,5,0,,false,2026-06-28,Noche
RICARDONE,GIRASOL,R6,ingreso → balanza egreso,ingreso → balanza egreso,2026-06-28T19:00:00,2026-06-28T19:30:00,0,0,0,0,5,5,0,,false,2026-06-28,Noche
RICARDONE,GIRASOL,R6,ingreso → balanza egreso,ingreso → balanza egreso,2026-06-28T19:30:00,2026-06-28T20:00:00,0,0,0,0,5,5,0,,false,2026-06-28,Noche
RICARDONE,GIRASOL,R6,ingreso → balanza egreso,ingreso → balanza egreso,2026-06-28T20:00:00,2026-06-28T20:30:00,0,0,0,0,5,5,0,,false,2026-06-28,Noche
RICARDONE,GIRASOL,R6,ingreso → balanza egreso,ingreso → balanza egreso,2026-06-28T20:30:00,2026-06-28T21:00:00,0,0,0,0,5,5,0,,false,2026-06-28,Noche
RICARDONE,GIRASOL,R6,ingreso → balanza egreso,ingreso → balanza egreso,2026-06-28T21:00:00,2026-06-28T21:30:00,0,0,0,0,5,5,0,,false,2026-06-28,Noche
RICARDONE,GIRASOL,R6,ingreso → balanza egreso,ingreso → balanza egreso,2026-06-28T21:30:00,2026-06-28T22:00:00,0,0,0,0,5,5,0,,false,2026-06-28,Noche
RICARDONE,GIRASOL,R6,ingreso → balanza egreso,ingreso → balanza egreso,2026-06-28T22:00:00,2026-06-28T22:30:00,0,0,0,0,5,5,0,,false,2026-06-28,Noche
RICARDONE,GIRASOL,R6,ingreso → balanza egreso,ingreso → balanza egreso,2026-06-28T22:30:00,2026-06-28T23:00:00,0,0,2,0,7,5,2,,false,2026-06-28,Noche
RICARDONE,GIRASOL,R6,ingreso → balanza egreso,ingreso → balanza egreso,2026-06-28T23:00:00,2026-06-28T23:30:00,0,0,0,0,7,5,2,,false,2026-06-28,Noche
RICARDONE,GIRASOL,R6,ingreso → balanza egreso,ingreso → balanza egreso,2026-06-28T23:30:00,2026-06-29T00:00:00,0,0,2,0,9,5,4,,false,2026-06-28,Noche
RICARDONE,GIRASOL,R6,ingreso → balanza egreso,ingreso → balanza egreso,2026-06-29T00:00:00,2026-06-29T00:30:00,0,0,0,0,9,5,4,,false,2026-06-29,Noche
RICARDONE,GIRASOL,R6,ingreso → balanza egreso,ingreso → balanza egreso,2026-06-29T00:30:00,2026-06-29T01:00:00,0,0,0,0,9,5,4,,false,2026-06-29,Noche
RICARDONE,GIRASOL,R6,ingreso → balanza egreso,ingreso → balanza egreso,2026-06-29T01:00:00,2026-06-29T01:30:00,0,0,0,0,9,5,4,,false,2026-06-29,Noche
RICARDONE,GIRASOL,R6,ingreso → balanza egreso,ingreso → balanza egreso,2026-06-29T01:30:00,2026-06-29T02:00:00,0,0,0,0,9,5,4,,false,2026-06-29,Noche
RICARDONE,GIRASOL,R6,ingreso → balanza egreso,ingreso → balanza egreso,2026-06-29T02:00:00,2026-06-29T02:30:00,0,0,0,2,9,7,2,,false,2026-06-29,Noche
RICARDONE,GIRASOL,R6,ingreso → balanza egreso,ingreso → balanza egreso,2026-06-29T02:30:00,2026-06-29T03:00:00,0,0,0,0,9,7,2,,false,2026-06-29,Noche
RICARDONE,GIRASOL,R6,ingreso → balanza egreso,ingreso → balanza egreso,2026-06-29T03:00:00,2026-06-29T03:30:00,0,0,0,1,9,8,1,,false,2026-06-29,Noche
RICARDONE,GIRASOL,R6,ingreso → balanza egreso,ingreso → balanza egreso,2026-06-29T03:30:00,2026-06-29T04:00:00,0,0,0,1,9,9,0,,false,2026-06-29,Noche
RICARDONE,GIRASOL,R6,ingreso → balanza egreso,ingreso → balanza egreso,2026-06-29T04:00:00,2026-06-29T04:30:00,0,0,0,0,9,9,0,,false,2026-06-29,Noche
RICARDONE,GIRASOL,R6,ingreso → balanza egreso,ingreso → balanza egreso,2026-06-29T04:30:00,2026-06-29T05:00:00,0,0,0,0,9,9,0,,false,2026-06-29,Noche
RICARDONE,GIRASOL,R6,ingreso → balanza egreso,ingreso → balanza egreso,2026-06-29T05:00:00,2026-06-29T05:30:00,0,0,0,0,9,9,0,,false,2026-06-29,Noche
RICARDONE,GIRASOL,R6,ingreso → balanza egreso,ingreso → balanza egreso,2026-06-29T05:30:00,2026-06-29T06:00:00,0,0,0,0,9,9,0,,false,2026-06-29,Noche
RICARDONE,GIRASOL,R6,ingreso → balanza egreso,ingreso → balanza egreso,2026-06-29T06:00:00,2026-06-29T06:30:00,0,0,0,0,9,9,0,,false,2026-06-29,Mañana
RICARDONE,GIRASOL,R6,ingreso → balanza egreso,ingreso → balanza egreso,2026-06-29T06:30:00,2026-06-29T07:00:00,0,0,0,0,9,9,0,,false,2026-06-29,Mañana
RICARDONE,GIRASOL,R6,ingreso → balanza egreso,ingreso → balanza egreso,2026-06-29T07:00:00,2026-06-29T07:30:00,0,0,1,0,10,9,1,,false,2026-06-29,Mañana
RICARDONE,GIRASOL,R6,ingreso → balanza egreso,ingreso → balanza egreso,2026-06-29T07:30:00,2026-06-29T08:00:00,0,0,0,0,10,9,1,,false,2026-06-29,Mañana
RICARDONE,GIRASOL,R6,ingreso → balanza egreso,ingreso → balanza egreso,2026-06-29T08:00:00,2026-06-29T08:30:00,0,0,1,0,11,9,2,,false,2026-06-29,Mañana
RICARDONE,GIRASOL,R6,ingreso → balanza egreso,ingreso → balanza egreso,2026-06-29T08:30:00,2026-06-29T09:00:00,0,0,2,0,13,9,4,,false,2026-06-29,Mañana
RICARDONE,GIRASOL,R6,ingreso → balanza egreso,ingreso → balanza egreso,2026-06-29T09:00:00,2026-06-29T09:30:00,0,0,0,0,13,9,4,,false,2026-06-29,Mañana
RICARDONE,GIRASOL,R6,ingreso → balanza egreso,ingreso → balanza egreso,2026-06-29T09:30:00,2026-06-29T10:00:00,0,0,0,0,13,9,4,,false,2026-06-29,Mañana
RICARDONE,GIRASOL,R6,ingreso → balanza egreso,ingreso → balanza egreso,2026-06-29T10:00:00,2026-06-29T10:30:00,0,0,0,0,13,9,4,,false,2026-06-29,Mañana
RICARDONE,GIRASOL,R6,ingreso → balanza egreso,ingreso → balanza egreso,2026-06-29T10:30:00,2026-06-29T11:00:00,0,0,0,0,13,9,4,,false,2026-06-29,Mañana
RICARDONE,GIRASOL,R6,ingreso → balanza egreso,ingreso → balanza egreso,2026-06-29T11:00:00,2026-06-29T11:30:00,0,0,0,0,13,9,4,,false,2026-06-29,Mañana
RICARDONE,GIRASOL,R6,ingreso → balanza egreso,ingreso → balanza egreso,2026-06-29T11:30:00,2026-06-29T12:00:00,0,0,0,0,13,9,4,,false,2026-06-29,Mañana
RICARDONE,GIRASOL,R6,ingreso → balanza egreso,ingreso → balanza egreso,2026-06-29T12:00:00,2026-06-29T12:30:00,0,0,0,1,13,10,3,,false,2026-06-29,Tarde
RICARDONE,GIRASOL,R6,ingreso → balanza egreso,ingreso → balanza egreso,2026-06-29T12:30:00,2026-06-29T13:00:00,0,0,0,1,13,11,2,,false,2026-06-29,Tarde
RICARDONE,GIRASOL,R6,ingreso → balanza egreso,ingreso → balanza egreso,2026-06-29T13:00:00,2026-06-29T13:30:00,0,0,0,1,13,12,1,,false,2026-06-29,Tarde
RICARDONE,GIRASOL,R6,ingreso → balanza egreso,ingreso → balanza egreso,2026-06-29T13:30:00,2026-06-29T14:00:00,0,0,0,0,13,12,1,,false,2026-06-29,Tarde
RICARDONE,GIRASOL,R6,ingreso → balanza egreso,ingreso → balanza egreso,2026-06-29T14:00:00,2026-06-29T14:30:00,0,0,0,1,13,13,0,,false,2026-06-29,Tarde
RICARDONE,GIRASOL,R6,ingreso → balanza egreso,ingreso → balanza egreso,2026-06-29T14:30:00,2026-06-29T15:00:00,0,0,0,0,13,13,0,,false,2026-06-29,Tarde
RICARDONE,GIRASOL,R6,ingreso → balanza egreso,ingreso → balanza egreso,2026-06-29T15:00:00,2026-06-29T15:30:00,0,0,0,0,13,13,0,,false,2026-06-29,Tarde
RICARDONE,GIRASOL,R6,ingreso → balanza egreso,ingreso → balanza egreso,2026-06-29T15:30:00,2026-06-29T16:00:00,0,0,0,0,13,13,0,,false,2026-06-29,Tarde
RICARDONE,GIRASOL,R6,ingreso → balanza egreso,ingreso → balanza egreso,2026-06-29T16:00:00,2026-06-29T16:30:00,0,0,0,0,13,13,0,,false,2026-06-29,Tarde
RICARDONE,GIRASOL,R6,ingreso → balanza egreso,ingreso → balanza egreso,2026-06-29T16:30:00,2026-06-29T17:00:00,0,0,0,0,13,13,0,,false,2026-06-29,Tarde
RICARDONE,GIRASOL,R6,ingreso → balanza egreso,ingreso → balanza egreso,2026-06-29T17:00:00,2026-06-29T17:30:00,0,0,0,0,13,13,0,,false,2026-06-29,Tarde
RICARDONE,GIRASOL,R6,ingreso → balanza egreso,ingreso → balanza egreso,2026-06-29T17:30:00,2026-06-29T18:00:00,0,0,0,0,13,13,0,,false,2026-06-29,Tarde
RICARDONE,GIRASOL,R6,ingreso → balanza egreso,ingreso → balanza egreso,2026-06-29T18:00:00,2026-06-29T18:30:00,0,0,0,0,13,13,0,,false,2026-06-29,Noche
RICARDONE,GIRASOL,R6,ingreso → balanza egreso,ingreso → balanza egreso,2026-06-29T18:30:00,2026-06-29T19:00:00,0,0,0,0,13,13,0,,false,2026-06-29,Noche
RICARDONE,GIRASOL,R6,ingreso → balanza egreso,ingreso → balanza egreso,2026-06-29T19:00:00,2026-06-29T19:30:00,0,0,0,0,13,13,0,,false,2026-06-29,Noche
RICARDONE,GIRASOL,R6,ingreso → balanza egreso,ingreso → balanza egreso,2026-06-29T19:30:00,2026-06-29T20:00:00,0,0,0,0,13,13,0,,false,2026-06-29,Noche
RICARDONE,GIRASOL,R6,ingreso → balanza egreso,ingreso → balanza egreso,2026-06-29T20:00:00,2026-06-29T20:30:00,0,0,0,0,13,13,0,,false,2026-06-29,Noche
RICARDONE,GIRASOL,R6,ingreso → balanza egreso,ingreso → balanza egreso,2026-06-29T20:30:00,2026-06-29T21:00:00,0,0,0,0,13,13,0,,false,2026-06-29,Noche
RICARDONE,GIRASOL,R6,ingreso → balanza egreso,ingreso → balanza egreso,2026-06-29T21:00:00,2026-06-29T21:30:00,0,0,0,0,13,13,0,,false,2026-06-29,Noche
RICARDONE,GIRASOL,R6,ingreso → balanza egreso,ingreso → balanza egreso,2026-06-29T21:30:00,2026-06-29T22:00:00,0,0,0,0,13,13,0,,false,2026-06-29,Noche
RICARDONE,GIRASOL,R6,ingreso → balanza egreso,ingreso → balanza egreso,2026-06-29T22:00:00,2026-06-29T22:30:00,0,0,0,0,13,13,0,,false,2026-06-29,Noche
RICARDONE,GIRASOL,R6,ingreso → balanza egreso,ingreso → balanza egreso,2026-06-29T22:30:00,2026-06-29T23:00:00,0,0,0,0,13,13,0,,false,2026-06-29,Noche
RICARDONE,GIRASOL,R6,ingreso → balanza egreso,ingreso → balanza egreso,2026-06-29T23:00:00,2026-06-29T23:30:00,0,0,0,0,13,13,0,,false,2026-06-29,Noche
RICARDONE,GIRASOL,R6,ingreso → balanza egreso,ingreso → balanza egreso,2026-06-29T23:30:00,2026-06-30T00:00:00,0,0,0,0,13,13,0,,false,2026-06-29,Noche
RICARDONE,GIRASOL,R6,ingreso → balanza egreso,ingreso → balanza egreso,2026-06-30T00:00:00,2026-06-30T00:30:00,0,0,0,0,13,13,0,,false,2026-06-30,Noche
RICARDONE,GIRASOL,R6,ingreso → balanza egreso,ingreso → balanza egreso,2026-06-30T00:30:00,2026-06-30T01:00:00,0,0,0,0,13,13,0,,false,2026-06-30,Noche
RICARDONE,GIRASOL,R6,ingreso → balanza egreso,ingreso → balanza egreso,2026-06-30T01:00:00,2026-06-30T01:30:00,0,0,0,0,13,13,0,,false,2026-06-30,Noche
RICARDONE,GIRASOL,R6,ingreso → balanza egreso,ingreso → balanza egreso,2026-06-30T01:30:00,2026-06-30T02:00:00,0,0,0,0,13,13,0,,false,2026-06-30,Noche
RICARDONE,GIRASOL,R6,ingreso → balanza egreso,ingreso → balanza egreso,2026-06-30T02:00:00,2026-06-30T02:30:00,0,0,0,0,13,13,0,,false,2026-06-30,Noche
RICARDONE,GIRASOL,R6,ingreso → balanza egreso,ingreso → balanza egreso,2026-06-30T02:30:00,2026-06-30T03:00:00,0,0,0,0,13,13,0,,false,2026-06-30,Noche
RICARDONE,GIRASOL,R6,ingreso → balanza egreso,ingreso → balanza egreso,2026-06-30T03:00:00,2026-06-30T03:30:00,0,0,0,0,13,13,0,,false,2026-06-30,Noche
RICARDONE,GIRASOL,R6,ingreso → balanza egreso,ingreso → balanza egreso,2026-06-30T03:30:00,2026-06-30T04:00:00,0,0,0,0,13,13,0,,false,2026-06-30,Noche
RICARDONE,GIRASOL,R6,ingreso → balanza egreso,ingreso → balanza egreso,2026-06-30T04:00:00,2026-06-30T04:30:00,0,0,0,0,13,13,0,,false,2026-06-30,Noche
RICARDONE,GIRASOL,R6,ingreso → balanza egreso,ingreso → balanza egreso,2026-06-30T04:30:00,2026-06-30T05:00:00,0,0,0,0,13,13,0,,false,2026-06-30,Noche
RICARDONE,GIRASOL,R6,ingreso → balanza egreso,ingreso → balanza egreso,2026-06-30T05:00:00,2026-06-30T05:30:00,0,0,0,0,13,13,0,,false,2026-06-30,Noche
RICARDONE,GIRASOL,R6,ingreso → balanza egreso,ingreso → balanza egreso,2026-06-30T05:30:00,2026-06-30T06:00:00,0,0,0,0,13,13,0,,false,2026-06-30,Noche
RICARDONE,GIRASOL,R6,ingreso → balanza egreso,ingreso → balanza egreso,2026-06-30T06:00:00,2026-06-30T06:30:00,0,0,0,0,13,13,0,,false,2026-06-30,Mañana
RICARDONE,GIRASOL,R6,ingreso → balanza egreso,ingreso → balanza egreso,2026-06-30T06:30:00,2026-06-30T07:00:00,0,0,0,0,13,13,0,,false,2026-06-30,Mañana
RICARDONE,GIRASOL,R6,ingreso → balanza egreso,ingreso → balanza egreso,2026-06-30T07:00:00,2026-06-30T07:30:00,0,0,0,0,13,13,0,,false,2026-06-30,Mañana
RICARDONE,GIRASOL,R6,ingreso → balanza egreso,ingreso → balanza egreso,2026-06-30T07:30:00,2026-06-30T08:00:00,0,0,0,0,13,13,0,,false,2026-06-30,Mañana
RICARDONE,GIRASOL,R6,ingreso → balanza egreso,ingreso → balanza egreso,2026-06-30T08:00:00,2026-06-30T08:30:00,0,0,0,0,13,13,0,,false,2026-06-30,Mañana
RICARDONE,GIRASOL,R6,ingreso → balanza egreso,ingreso → balanza egreso,2026-06-30T08:30:00,2026-06-30T09:00:00,0,0,0,0,13,13,0,,false,2026-06-30,Mañana
RICARDONE,GIRASOL,R6,ingreso → balanza egreso,ingreso → balanza egreso,2026-06-30T09:00:00,2026-06-30T09:30:00,0,0,0,0,13,13,0,,false,2026-06-30,Mañana
RICARDONE,GIRASOL,R6,ingreso → balanza egreso,ingreso → balanza egreso,2026-06-30T09:30:00,2026-06-30T10:00:00,0,0,0,0,13,13,0,,false,2026-06-30,Mañana
RICARDONE,GIRASOL,R6,ingreso → balanza egreso,ingreso → balanza egreso,2026-06-30T10:00:00,2026-06-30T10:30:00,0,0,0,0,13,13,0,,false,2026-06-30,Mañana
RICARDONE,GIRASOL,R6,ingreso → balanza egreso,ingreso → balanza egreso,2026-06-30T10:30:00,2026-06-30T11:00:00,0,0,0,0,13,13,0,,false,2026-06-30,Mañana
RICARDONE,GIRASOL,R6,ingreso → balanza egreso,ingreso → balanza egreso,2026-06-30T11:00:00,2026-06-30T11:30:00,0,0,0,0,13,13,0,,false,2026-06-30,Mañana
RICARDONE,GIRASOL,R6,ingreso → balanza egreso,ingreso → balanza egreso,2026-06-30T11:30:00,2026-06-30T12:00:00,0,0,0,0,13,13,0,,false,2026-06-30,Mañana
RICARDONE,GIRASOL,R6,ingreso → balanza egreso,ingreso → balanza egreso,2026-06-30T12:00:00,2026-06-30T12:30:00,0,0,0,0,13,13,0,,false,2026-06-30,Tarde
RICARDONE,GIRASOL,R6,ingreso → balanza egreso,ingreso → balanza egreso,2026-06-30T12:30:00,2026-06-30T13:00:00,0,0,0,0,13,13,0,,false,2026-06-30,Tarde
RICARDONE,GIRASOL,R6,ingreso → balanza egreso,ingreso → balanza egreso,2026-06-30T13:00:00,2026-06-30T13:30:00,0,0,0,0,13,13,0,,false,2026-06-30,Tarde
RICARDONE,GIRASOL,R6,ingreso → balanza egreso,ingreso → balanza egreso,2026-06-30T13:30:00,2026-06-30T14:00:00,0,0,0,0,13,13,0,,false,2026-06-30,Tarde
RICARDONE,GIRASOL,R6,ingreso → balanza egreso,ingreso → balanza egreso,2026-06-30T14:00:00,2026-06-30T14:30:00,0,0,0,0,13,13,0,,false,2026-06-30,Tarde
RICARDONE,GIRASOL,R6,ingreso → balanza egreso,ingreso → balanza egreso,2026-06-30T14:30:00,2026-06-30T15:00:00,0,0,0,0,13,13,0,,false,2026-06-30,Tarde
RICARDONE,GIRASOL,R6,ingreso → balanza egreso,ingreso → balanza egreso,2026-06-30T15:00:00,2026-06-30T15:30:00,0,0,0,0,13,13,0,,false,2026-06-30,Tarde
RICARDONE,GIRASOL,R6,ingreso → balanza egreso,ingreso → balanza egreso,2026-06-30T15:30:00,2026-06-30T16:00:00,0,0,0,0,13,13,0,,false,2026-06-30,Tarde
RICARDONE,GIRASOL,R6,ingreso → balanza egreso,ingreso → balanza egreso,2026-06-30T16:00:00,2026-06-30T16:30:00,0,0,0,0,13,13,0,,false,2026-06-30,Tarde
RICARDONE,GIRASOL,R6,ingreso → balanza egreso,ingreso → balanza egreso,2026-06-30T16:30:00,2026-06-30T17:00:00,0,0,0,0,13,13,0,,false,2026-06-30,Tarde
RICARDONE,GIRASOL,R6,ingreso → balanza egreso,ingreso → balanza egreso,2026-06-30T17:00:00,2026-06-30T17:30:00,0,0,0,0,13,13,0,,false,2026-06-30,Tarde
RICARDONE,GIRASOL,R6,ingreso → balanza egreso,ingreso → balanza egreso,2026-06-30T17:30:00,2026-06-30T18:00:00,0,0,0,0,13,13,0,,false,2026-06-30,Tarde
RICARDONE,GIRASOL,R6,ingreso → balanza egreso,ingreso → balanza egreso,2026-06-30T18:00:00,2026-06-30T18:30:00,0,0,0,0,13,13,0,,false,2026-06-30,Noche
RICARDONE,GIRASOL,R6,ingreso → balanza egreso,ingreso → balanza egreso,2026-06-30T18:30:00,2026-06-30T19:00:00,0,0,0,0,13,13,0,,false,2026-06-30,Noche
RICARDONE,GIRASOL,R6,ingreso → balanza egreso,ingreso → balanza egreso,2026-06-30T19:00:00,2026-06-30T19:30:00,0,0,0,0,13,13,0,,false,2026-06-30,Noche
RICARDONE,GIRASOL,R6,ingreso → balanza egreso,ingreso → balanza egreso,2026-06-30T19:30:00,2026-06-30T20:00:00,0,0,0,0,13,13,0,,false,2026-06-30,Noche
RICARDONE,GIRASOL,R6,ingreso → balanza egreso,ingreso → balanza egreso,2026-06-30T20:00:00,2026-06-30T20:30:00,0,0,0,0,13,13,0,,false,2026-06-30,Noche
RICARDONE,GIRASOL,R6,ingreso → balanza egreso,ingreso → balanza egreso,2026-06-30T20:30:00,2026-06-30T21:00:00,0,0,0,0,13,13,0,,false,2026-06-30,Noche
RICARDONE,GIRASOL,R6,ingreso → balanza egreso,ingreso → balanza egreso,2026-06-30T21:00:00,2026-06-30T21:30:00,0,0,0,0,13,13,0,,false,2026-06-30,Noche
RICARDONE,GIRASOL,R6,ingreso → balanza egreso,ingreso → balanza egreso,2026-06-30T21:30:00,2026-06-30T22:00:00,0,0,0,0,13,13,0,,false,2026-06-30,Noche
RICARDONE,GIRASOL,R6,ingreso → balanza egreso,ingreso → balanza egreso,2026-06-30T22:00:00,2026-06-30T22:30:00,0,0,0,0,13,13,0,,false,2026-06-30,Noche
RICARDONE,GIRASOL,R6,ingreso → balanza egreso,ingreso → balanza egreso,2026-06-30T22:30:00,2026-06-30T23:00:00,0,0,0,0,13,13,0,,false,2026-06-30,Noche
RICARDONE,GIRASOL,R6,ingreso → balanza egreso,ingreso → balanza egreso,2026-06-30T23:00:00,2026-06-30T23:30:00,0,0,0,0,13,13,0,,false,2026-06-30,Noche
RICARDONE,GIRASOL,R6,ingreso → balanza egreso,ingreso → balanza egreso,2026-06-30T23:30:00,2026-07-01T00:00:00,0,0,0,0,13,13,0,,false,2026-06-30,Noche
RICARDONE,GIRASOL,R6,ingreso → balanza egreso,ingreso → balanza egreso,2026-07-01T00:00:00,2026-07-01T00:30:00,0,0,0,0,13,13,0,,false,2026-07-01,Noche
RICARDONE,GIRASOL,R6,ingreso → balanza egreso,ingreso → balanza egreso,2026-07-01T00:30:00,2026-07-01T01:00:00,0,0,0,0,13,13,0,,false,2026-07-01,Noche
RICARDONE,GIRASOL,R6,ingreso → balanza egreso,ingreso → balanza egreso,2026-07-01T01:00:00,2026-07-01T01:30:00,0,0,0,0,13,13,0,,false,2026-07-01,Noche
RICARDONE,GIRASOL,R6,ingreso → balanza egreso,ingreso → balanza egreso,2026-07-01T01:30:00,2026-07-01T02:00:00,0,0,0,0,13,13,0,,false,2026-07-01,Noche
RICARDONE,GIRASOL,R6,ingreso → balanza egreso,ingreso → balanza egreso,2026-07-01T02:00:00,2026-07-01T02:30:00,0,0,0,0,13,13,0,,false,2026-07-01,Noche
RICARDONE,GIRASOL,R6,ingreso → balanza egreso,ingreso → balanza egreso,2026-07-01T02:30:00,2026-07-01T03:00:00,0,0,0,0,13,13,0,,false,2026-07-01,Noche
RICARDONE,GIRASOL,R6,ingreso → balanza egreso,ingreso → balanza egreso,2026-07-01T03:00:00,2026-07-01T03:30:00,0,0,0,0,13,13,0,,false,2026-07-01,Noche
RICARDONE,GIRASOL,R6,ingreso → balanza egreso,ingreso → balanza egreso,2026-07-01T03:30:00,2026-07-01T04:00:00,0,0,0,0,13,13,0,,false,2026-07-01,Noche
RICARDONE,GIRASOL,R6,ingreso → balanza egreso,ingreso → balanza egreso,2026-07-01T04:00:00,2026-07-01T04:30:00,0,0,0,0,13,13,0,,false,2026-07-01,Noche
RICARDONE,GIRASOL,R6,ingreso → balanza egreso,ingreso → balanza egreso,2026-07-01T04:30:00,2026-07-01T05:00:00,0,0,0,0,13,13,0,,false,2026-07-01,Noche
RICARDONE,GIRASOL,R6,ingreso → balanza egreso,ingreso → balanza egreso,2026-07-01T05:00:00,2026-07-01T05:30:00,0,0,0,0,13,13,0,,false,2026-07-01,Noche
RICARDONE,GIRASOL,R6,ingreso → balanza egreso,ingreso → balanza egreso,2026-07-01T05:30:00,2026-07-01T06:00:00,0,0,0,0,13,13,0,,false,2026-07-01,Noche
RICARDONE,GIRASOL,R6,ingreso → balanza egreso,ingreso → balanza egreso,2026-07-01T06:00:00,2026-07-01T06:30:00,0,0,0,0,13,13,0,,false,2026-07-01,Mañana
RICARDONE,GIRASOL,R6,ingreso → balanza egreso,ingreso → balanza egreso,2026-07-01T06:30:00,2026-07-01T07:00:00,0,0,0,0,13,13,0,,false,2026-07-01,Mañana
RICARDONE,GIRASOL,R6,ingreso → balanza egreso,ingreso → balanza egreso,2026-07-01T07:00:00,2026-07-01T07:30:00,0,0,0,0,13,13,0,,false,2026-07-01,Mañana
RICARDONE,GIRASOL,R6,ingreso → balanza egreso,ingreso → balanza egreso,2026-07-01T07:30:00,2026-07-01T08:00:00,0,0,0,0,13,13,0,,false,2026-07-01,Mañana
RICARDONE,GIRASOL,R6,ingreso → balanza egreso,ingreso → balanza egreso,2026-07-01T08:00:00,2026-07-01T08:30:00,0,0,0,0,13,13,0,,false,2026-07-01,Mañana
RICARDONE,GIRASOL,R6,ingreso → balanza egreso,ingreso → balanza egreso,2026-07-01T08:30:00,2026-07-01T09:00:00,0,0,0,0,13,13,0,,false,2026-07-01,Mañana
RICARDONE,GIRASOL,R6,ingreso → balanza egreso,ingreso → balanza egreso,2026-07-01T09:00:00,2026-07-01T09:30:00,0,0,0,0,13,13,0,,false,2026-07-01,Mañana
RICARDONE,GIRASOL,R6,ingreso → balanza egreso,ingreso → balanza egreso,2026-07-01T09:30:00,2026-07-01T10:00:00,0,0,0,0,13,13,0,,false,2026-07-01,Mañana
RICARDONE,GIRASOL,R6,ingreso → balanza egreso,ingreso → balanza egreso,2026-07-01T10:00:00,2026-07-01T10:30:00,0,0,0,0,13,13,0,,false,2026-07-01,Mañana
RICARDONE,GIRASOL,R6,ingreso → balanza egreso,ingreso → balanza egreso,2026-07-01T10:30:00,2026-07-01T11:00:00,0,0,0,0,13,13,0,,false,2026-07-01,Mañana
RICARDONE,GIRASOL,R6,ingreso → balanza egreso,ingreso → balanza egreso,2026-07-01T11:00:00,2026-07-01T11:30:00,0,0,0,0,13,13,0,,false,2026-07-01,Mañana
RICARDONE,GIRASOL,R6,ingreso → balanza egreso,ingreso → balanza egreso,2026-07-01T11:30:00,2026-07-01T12:00:00,0,0,0,0,13,13,0,,false,2026-07-01,Mañana
RICARDONE,GIRASOL,R6,ingreso → balanza egreso,ingreso → balanza egreso,2026-07-01T12:00:00,2026-07-01T12:30:00,0,0,0,0,13,13,0,,false,2026-07-01,Tarde
RICARDONE,GIRASOL,R6,ingreso → balanza egreso,ingreso → balanza egreso,2026-07-01T12:30:00,2026-07-01T13:00:00,0,0,0,0,13,13,0,,false,2026-07-01,Tarde
RICARDONE,GIRASOL,R6,ingreso → balanza egreso,ingreso → balanza egreso,2026-07-01T13:00:00,2026-07-01T13:30:00,0,0,0,0,13,13,0,,false,2026-07-01,Tarde
RICARDONE,GIRASOL,R6,ingreso → balanza egreso,ingreso → balanza egreso,2026-07-01T13:30:00,2026-07-01T14:00:00,0,0,0,0,13,13,0,,false,2026-07-01,Tarde
RICARDONE,GIRASOL,R6,ingreso → balanza egreso,ingreso → balanza egreso,2026-07-01T14:00:00,2026-07-01T14:30:00,0,0,0,0,13,13,0,,false,2026-07-01,Tarde
RICARDONE,GIRASOL,R6,ingreso → balanza egreso,ingreso → balanza egreso,2026-07-01T14:30:00,2026-07-01T15:00:00,0,0,0,0,13,13,0,,false,2026-07-01,Tarde
RICARDONE,GIRASOL,R6,ingreso → balanza egreso,ingreso → balanza egreso,2026-07-01T15:00:00,2026-07-01T15:30:00,0,0,0,0,13,13,0,,false,2026-07-01,Tarde
RICARDONE,GIRASOL,R6,ingreso → balanza egreso,ingreso → balanza egreso,2026-07-01T15:30:00,2026-07-01T16:00:00,0,0,0,0,13,13,0,,false,2026-07-01,Tarde
RICARDONE,GIRASOL,R6,ingreso → balanza egreso,ingreso → balanza egreso,2026-07-01T16:00:00,2026-07-01T16:30:00,0,0,0,0,13,13,0,,false,2026-07-01,Tarde
RICARDONE,GIRASOL,R6,ingreso → balanza egreso,ingreso → balanza egreso,2026-07-01T16:30:00,2026-07-01T17:00:00,0,0,0,0,13,13,0,,false,2026-07-01,Tarde
RICARDONE,GIRASOL,R6,ingreso → balanza egreso,ingreso → balanza egreso,2026-07-01T17:00:00,2026-07-01T17:30:00,0,0,0,0,13,13,0,,false,2026-07-01,Tarde
RICARDONE,GIRASOL,R6,ingreso → balanza egreso,ingreso → balanza egreso,2026-07-01T17:30:00,2026-07-01T18:00:00,0,0,0,0,13,13,0,,false,2026-07-01,Tarde
RICARDONE,GIRASOL,R6,ingreso → balanza egreso,ingreso → balanza egreso,2026-07-01T18:00:00,2026-07-01T18:30:00,0,0,0,0,13,13,0,,false,2026-07-01,Noche
RICARDONE,GIRASOL,R6,ingreso → balanza egreso,ingreso → balanza egreso,2026-07-01T18:30:00,2026-07-01T19:00:00,0,0,0,0,13,13,0,,false,2026-07-01,Noche
RICARDONE,GIRASOL,R6,ingreso → balanza egreso,ingreso → balanza egreso,2026-07-01T19:00:00,2026-07-01T19:30:00,0,0,0,0,13,13,0,,false,2026-07-01,Noche
RICARDONE,GIRASOL,R6,ingreso → balanza egreso,ingreso → balanza egreso,2026-07-01T19:30:00,2026-07-01T20:00:00,0,0,0,0,13,13,0,,false,2026-07-01,Noche
RICARDONE,GIRASOL,R6,ingreso → balanza egreso,ingreso → balanza egreso,2026-07-01T20:00:00,2026-07-01T20:30:00,0,0,0,0,13,13,0,,false,2026-07-01,Noche
RICARDONE,GIRASOL,R6,ingreso → balanza egreso,ingreso → balanza egreso,2026-07-01T20:30:00,2026-07-01T21:00:00,0,0,0,0,13,13,0,,false,2026-07-01,Noche
RICARDONE,GIRASOL,R6,ingreso → balanza egreso,ingreso → balanza egreso,2026-07-01T21:00:00,2026-07-01T21:30:00,0,0,0,0,13,13,0,,false,2026-07-01,Noche
RICARDONE,GIRASOL,R6,ingreso → balanza egreso,ingreso → balanza egreso,2026-07-01T21:30:00,2026-07-01T22:00:00,0,0,0,0,13,13,0,,false,2026-07-01,Noche
RICARDONE,GIRASOL,R6,ingreso → balanza egreso,ingreso → balanza egreso,2026-07-01T22:00:00,2026-07-01T22:30:00,0,0,0,0,13,13,0,,false,2026-07-01,Noche
RICARDONE,GIRASOL,R6,ingreso → balanza egreso,ingreso → balanza egreso,2026-07-01T22:30:00,2026-07-01T23:00:00,0,0,0,0,13,13,0,,false,2026-07-01,Noche
RICARDONE,GIRASOL,R6,ingreso → balanza egreso,ingreso → balanza egreso,2026-07-01T23:00:00,2026-07-01T23:30:00,0,0,0,0,13,13,0,,false,2026-07-01,Noche
RICARDONE,GIRASOL,R6,ingreso → balanza egreso,ingreso → balanza egreso,2026-07-01T23:30:00,2026-07-02T00:00:00,0,0,0,0,13,13,0,,false,2026-07-01,Noche
RICARDONE,GIRASOL,R6,ingreso → balanza egreso,ingreso → balanza egreso,2026-07-02T00:00:00,2026-07-02T00:30:00,0,0,0,0,13,13,0,,false,2026-07-02,Noche
RICARDONE,GIRASOL,R6,ingreso → balanza egreso,ingreso → balanza egreso,2026-07-02T00:30:00,2026-07-02T01:00:00,0,0,0,0,13,13,0,,false,2026-07-02,Noche
RICARDONE,GIRASOL,R6,ingreso → balanza egreso,ingreso → balanza egreso,2026-07-02T01:00:00,2026-07-02T01:30:00,0,0,1,0,14,13,1,,false,2026-07-02,Noche
RICARDONE,GIRASOL,R6,ingreso → balanza egreso,ingreso → balanza egreso,2026-07-02T01:30:00,2026-07-02T02:00:00,0,0,0,0,14,13,1,,false,2026-07-02,Noche
RICARDONE,GIRASOL,R6,ingreso → balanza egreso,ingreso → balanza egreso,2026-07-02T02:00:00,2026-07-02T02:30:00,0,0,0,0,14,13,1,,false,2026-07-02,Noche
RICARDONE,GIRASOL,R6,ingreso → balanza egreso,ingreso → balanza egreso,2026-07-02T02:30:00,2026-07-02T03:00:00,0,0,1,0,15,13,2,,false,2026-07-02,Noche
RICARDONE,GIRASOL,R6,ingreso → balanza egreso,ingreso → balanza egreso,2026-07-02T03:00:00,2026-07-02T03:30:00,0,0,1,0,16,13,3,,false,2026-07-02,Noche
RICARDONE,GIRASOL,R6,ingreso → balanza egreso,ingreso → balanza egreso,2026-07-02T03:30:00,2026-07-02T04:00:00,0,0,0,0,16,13,3,,false,2026-07-02,Noche
RICARDONE,GIRASOL,R6,ingreso → balanza egreso,ingreso → balanza egreso,2026-07-02T04:00:00,2026-07-02T04:30:00,0,0,2,0,18,13,5,,false,2026-07-02,Noche
RICARDONE,GIRASOL,R6,ingreso → balanza egreso,ingreso → balanza egreso,2026-07-02T04:30:00,2026-07-02T05:00:00,0,0,0,0,18,13,5,,false,2026-07-02,Noche
RICARDONE,GIRASOL,R6,ingreso → balanza egreso,ingreso → balanza egreso,2026-07-02T05:00:00,2026-07-02T05:30:00,0,0,0,0,18,13,5,,false,2026-07-02,Noche
RICARDONE,GIRASOL,R6,ingreso → balanza egreso,ingreso → balanza egreso,2026-07-02T05:30:00,2026-07-02T06:00:00,0,0,0,1,18,14,4,,false,2026-07-02,Noche
RICARDONE,GIRASOL,R6,ingreso → balanza egreso,ingreso → balanza egreso,2026-07-02T06:00:00,2026-07-02T06:30:00,0,0,1,0,19,14,5,,false,2026-07-02,Mañana
RICARDONE,GIRASOL,R6,ingreso → balanza egreso,ingreso → balanza egreso,2026-07-02T06:30:00,2026-07-02T07:00:00,0,0,1,0,20,14,6,,false,2026-07-02,Mañana
RICARDONE,GIRASOL,R6,ingreso → balanza egreso,ingreso → balanza egreso,2026-07-02T07:00:00,2026-07-02T07:30:00,0,0,1,0,21,14,7,,false,2026-07-02,Mañana
RICARDONE,GIRASOL,R6,ingreso → balanza egreso,ingreso → balanza egreso,2026-07-02T07:30:00,2026-07-02T08:00:00,0,0,1,0,22,14,8,,false,2026-07-02,Mañana
RICARDONE,GIRASOL,R6,ingreso → balanza egreso,ingreso → balanza egreso,2026-07-02T08:00:00,2026-07-02T08:30:00,0,0,0,0,22,14,8,,false,2026-07-02,Mañana
RICARDONE,GIRASOL,R6,ingreso → balanza egreso,ingreso → balanza egreso,2026-07-02T08:30:00,2026-07-02T09:00:00,0,0,0,2,22,16,6,,false,2026-07-02,Mañana
RICARDONE,GIRASOL,R6,ingreso → balanza egreso,ingreso → balanza egreso,2026-07-02T09:00:00,2026-07-02T09:30:00,0,0,0,1,22,17,5,,false,2026-07-02,Mañana
RICARDONE,GIRASOL,R6,ingreso → balanza egreso,ingreso → balanza egreso,2026-07-02T09:30:00,2026-07-02T10:00:00,0,0,0,1,22,18,4,,false,2026-07-02,Mañana
RICARDONE,GIRASOL,R6,ingreso → balanza egreso,ingreso → balanza egreso,2026-07-02T10:00:00,2026-07-02T10:30:00,0,0,0,1,22,19,3,,false,2026-07-02,Mañana
RICARDONE,GIRASOL,R6,ingreso → balanza egreso,ingreso → balanza egreso,2026-07-02T10:30:00,2026-07-02T11:00:00,0,0,0,1,22,20,2,,false,2026-07-02,Mañana
RICARDONE,GIRASOL,R6,ingreso → balanza egreso,ingreso → balanza egreso,2026-07-02T11:00:00,2026-07-02T11:30:00,0,0,0,1,22,21,1,,false,2026-07-02,Mañana
RICARDONE,GIRASOL,R6,ingreso → balanza egreso,ingreso → balanza egreso,2026-07-02T11:30:00,2026-07-02T12:00:00,0,0,0,1,22,22,0,,false,2026-07-02,Mañana
RICARDONE,GIRASOL,R6,ingreso → balanza egreso,ingreso → balanza egreso,2026-07-02T12:00:00,2026-07-02T12:30:00,0,0,0,0,22,22,0,,false,2026-07-02,Tarde
RICARDONE,GIRASOL,R6,ingreso → balanza egreso,ingreso → balanza egreso,2026-07-02T12:30:00,2026-07-02T13:00:00,0,0,0,0,22,22,0,,false,2026-07-02,Tarde
RICARDONE,GIRASOL,R6,ingreso → balanza egreso,ingreso → balanza egreso,2026-07-02T13:00:00,2026-07-02T13:30:00,0,0,0,0,22,22,0,,false,2026-07-02,Tarde
RICARDONE,GIRASOL,R6,ingreso → balanza egreso,ingreso → balanza egreso,2026-07-02T13:30:00,2026-07-02T14:00:00,0,0,0,0,22,22,0,,false,2026-07-02,Tarde
RICARDONE,GIRASOL,R6,ingreso → balanza egreso,ingreso → balanza egreso,2026-07-02T14:00:00,2026-07-02T14:30:00,0,0,0,0,22,22,0,,false,2026-07-02,Tarde
RICARDONE,GIRASOL,R6,ingreso → balanza egreso,ingreso → balanza egreso,2026-07-02T14:30:00,2026-07-02T15:00:00,0,0,0,0,22,22,0,,false,2026-07-02,Tarde
RICARDONE,GIRASOL,R6,ingreso → balanza egreso,ingreso → balanza egreso,2026-07-02T15:00:00,2026-07-02T15:30:00,0,0,0,0,22,22,0,,false,2026-07-02,Tarde
RICARDONE,GIRASOL,R6,ingreso → balanza egreso,ingreso → balanza egreso,2026-07-02T15:30:00,2026-07-02T16:00:00,0,0,0,0,22,22,0,,false,2026-07-02,Tarde
RICARDONE,GIRASOL,R6,ingreso → balanza egreso,ingreso → balanza egreso,2026-07-02T16:00:00,2026-07-02T16:30:00,0,0,0,0,22,22,0,,false,2026-07-02,Tarde
RICARDONE,GIRASOL,R6,ingreso → balanza egreso,ingreso → balanza egreso,2026-07-02T16:30:00,2026-07-02T17:00:00,0,0,0,0,22,22,0,,false,2026-07-02,Tarde
RICARDONE,GIRASOL,R6,ingreso → balanza egreso,ingreso → balanza egreso,2026-07-02T17:00:00,2026-07-02T17:30:00,0,0,0,0,22,22,0,,false,2026-07-02,Tarde
RICARDONE,GIRASOL,R6,ingreso → balanza egreso,ingreso → balanza egreso,2026-07-02T17:30:00,2026-07-02T18:00:00,0,0,0,0,22,22,0,,false,2026-07-02,Tarde
RICARDONE,GIRASOL,R6,ingreso → balanza egreso,ingreso → balanza egreso,2026-07-02T18:00:00,2026-07-02T18:30:00,0,0,0,0,22,22,0,,false,2026-07-02,Noche
RICARDONE,GIRASOL,R6,ingreso → balanza egreso,ingreso → balanza egreso,2026-07-02T18:30:00,2026-07-02T19:00:00,0,0,0,0,22,22,0,,false,2026-07-02,Noche
RICARDONE,GIRASOL,R6,ingreso → balanza egreso,ingreso → balanza egreso,2026-07-02T19:00:00,2026-07-02T19:30:00,0,0,0,0,22,22,0,,false,2026-07-02,Noche
RICARDONE,GIRASOL,R6,ingreso → balanza egreso,ingreso → balanza egreso,2026-07-02T19:30:00,2026-07-02T20:00:00,0,0,0,0,22,22,0,,false,2026-07-02,Noche
RICARDONE,GIRASOL,R6,ingreso → balanza egreso,ingreso → balanza egreso,2026-07-02T20:00:00,2026-07-02T20:30:00,0,0,1,0,23,22,1,,false,2026-07-02,Noche
RICARDONE,GIRASOL,R6,ingreso → balanza egreso,ingreso → balanza egreso,2026-07-02T20:30:00,2026-07-02T21:00:00,0,0,0,0,23,22,1,,false,2026-07-02,Noche
RICARDONE,GIRASOL,R6,ingreso → balanza egreso,ingreso → balanza egreso,2026-07-02T21:00:00,2026-07-02T21:30:00,0,0,1,0,24,22,2,,false,2026-07-02,Noche
RICARDONE,GIRASOL,R6,ingreso → balanza egreso,ingreso → balanza egreso,2026-07-02T21:30:00,2026-07-02T22:00:00,0,0,0,0,24,22,2,,false,2026-07-02,Noche
RICARDONE,GIRASOL,R6,ingreso → balanza egreso,ingreso → balanza egreso,2026-07-02T22:00:00,2026-07-02T22:30:00,0,0,0,0,24,22,2,,false,2026-07-02,Noche
RICARDONE,GIRASOL,R6,ingreso → balanza egreso,ingreso → balanza egreso,2026-07-02T22:30:00,2026-07-02T23:00:00,0,0,1,0,25,22,3,,false,2026-07-02,Noche
RICARDONE,GIRASOL,R6,ingreso → balanza egreso,ingreso → balanza egreso,2026-07-02T23:00:00,2026-07-02T23:30:00,0,0,1,0,26,22,4,,false,2026-07-02,Noche
RICARDONE,GIRASOL,R6,ingreso → balanza egreso,ingreso → balanza egreso,2026-07-02T23:30:00,2026-07-03T00:00:00,0,0,1,0,27,22,5,,false,2026-07-02,Noche
RICARDONE,GIRASOL,R6,ingreso → balanza egreso,ingreso → balanza egreso,2026-07-03T00:00:00,2026-07-03T00:30:00,0,0,1,0,28,22,6,,false,2026-07-03,Noche
RICARDONE,GIRASOL,R6,ingreso → balanza egreso,ingreso → balanza egreso,2026-07-03T00:30:00,2026-07-03T01:00:00,0,0,0,0,28,22,6,,false,2026-07-03,Noche
RICARDONE,GIRASOL,R6,ingreso → balanza egreso,ingreso → balanza egreso,2026-07-03T01:00:00,2026-07-03T01:30:00,0,0,0,0,28,22,6,,false,2026-07-03,Noche
RICARDONE,GIRASOL,R6,ingreso → balanza egreso,ingreso → balanza egreso,2026-07-03T01:30:00,2026-07-03T02:00:00,0,0,0,0,28,22,6,,false,2026-07-03,Noche
RICARDONE,GIRASOL,R6,ingreso → balanza egreso,ingreso → balanza egreso,2026-07-03T02:00:00,2026-07-03T02:30:00,0,0,0,1,28,23,5,,false,2026-07-03,Noche
RICARDONE,GIRASOL,R6,ingreso → balanza egreso,ingreso → balanza egreso,2026-07-03T02:30:00,2026-07-03T03:00:00,0,0,0,1,28,24,4,,false,2026-07-03,Noche
RICARDONE,GIRASOL,R6,ingreso → balanza egreso,ingreso → balanza egreso,2026-07-03T03:00:00,2026-07-03T03:30:00,0,0,1,0,29,24,5,,false,2026-07-03,Noche
RICARDONE,GIRASOL,R6,ingreso → balanza egreso,ingreso → balanza egreso,2026-07-03T03:30:00,2026-07-03T04:00:00,0,0,0,1,29,25,4,,false,2026-07-03,Noche
RICARDONE,GIRASOL,R6,ingreso → balanza egreso,ingreso → balanza egreso,2026-07-03T04:00:00,2026-07-03T04:30:00,0,0,0,1,29,26,3,,false,2026-07-03,Noche
RICARDONE,GIRASOL,R6,ingreso → balanza egreso,ingreso → balanza egreso,2026-07-03T04:30:00,2026-07-03T05:00:00,0,0,0,1,29,27,2,,false,2026-07-03,Noche
RICARDONE,GIRASOL,R6,ingreso → balanza egreso,ingreso → balanza egreso,2026-07-03T05:00:00,2026-07-03T05:30:00,0,0,0,1,29,28,1,,false,2026-07-03,Noche
RICARDONE,GIRASOL,R6,ingreso → balanza egreso,ingreso → balanza egreso,2026-07-03T05:30:00,2026-07-03T06:00:00,0,0,0,0,29,28,1,,false,2026-07-03,Noche
RICARDONE,GIRASOL,R6,ingreso → balanza egreso,ingreso → balanza egreso,2026-07-03T06:00:00,2026-07-03T06:30:00,0,0,0,1,29,29,0,,false,2026-07-03,Mañana
RICARDONE,GIRASOL,R6,ingreso → balanza egreso,ingreso → balanza egreso,2026-07-03T06:30:00,2026-07-03T07:00:00,0,0,0,0,29,29,0,,false,2026-07-03,Mañana
RICARDONE,GIRASOL,R6,ingreso → balanza egreso,ingreso → balanza egreso,2026-07-03T07:00:00,2026-07-03T07:30:00,0,0,0,0,29,29,0,,false,2026-07-03,Mañana
RICARDONE,GIRASOL,R6,ingreso → balanza egreso,ingreso → balanza egreso,2026-07-03T07:30:00,2026-07-03T08:00:00,0,0,2,0,31,29,2,,false,2026-07-03,Mañana
RICARDONE,GIRASOL,R6,ingreso → balanza egreso,ingreso → balanza egreso,2026-07-03T08:00:00,2026-07-03T08:30:00,0,0,0,0,31,29,2,,false,2026-07-03,Mañana
RICARDONE,GIRASOL,R6,ingreso → balanza egreso,ingreso → balanza egreso,2026-07-03T08:30:00,2026-07-03T09:00:00,0,0,0,0,31,29,2,,false,2026-07-03,Mañana
RICARDONE,GIRASOL,R6,ingreso → balanza egreso,ingreso → balanza egreso,2026-07-03T09:00:00,2026-07-03T09:30:00,0,0,0,0,31,29,2,,false,2026-07-03,Mañana
RICARDONE,GIRASOL,R6,ingreso → balanza egreso,ingreso → balanza egreso,2026-07-03T09:30:00,2026-07-03T10:00:00,0,0,0,0,31,29,2,,false,2026-07-03,Mañana
RICARDONE,GIRASOL,R6,ingreso → balanza egreso,ingreso → balanza egreso,2026-07-03T10:00:00,2026-07-03T10:30:00,0,0,0,0,31,29,2,,false,2026-07-03,Mañana
RICARDONE,GIRASOL,R6,ingreso → balanza egreso,ingreso → balanza egreso,2026-07-03T10:30:00,2026-07-03T11:00:00,0,0,0,0,31,29,2,,false,2026-07-03,Mañana
RICARDONE,GIRASOL,R6,ingreso → balanza egreso,ingreso → balanza egreso,2026-07-03T11:00:00,2026-07-03T11:30:00,0,0,0,0,31,29,2,,false,2026-07-03,Mañana
RICARDONE,GIRASOL,R6,ingreso → balanza egreso,ingreso → balanza egreso,2026-07-03T11:30:00,2026-07-03T12:00:00,0,0,0,1,31,30,1,,false,2026-07-03,Mañana
RICARDONE,GIRASOL,R6,ingreso → balanza egreso,ingreso → balanza egreso,2026-07-03T12:00:00,2026-07-03T12:30:00,0,0,0,0,31,30,1,,false,2026-07-03,Tarde
RICARDONE,GIRASOL,R6,ingreso → balanza egreso,ingreso → balanza egreso,2026-07-03T12:30:00,2026-07-03T13:00:00,0,0,0,1,31,31,0,,false,2026-07-03,Tarde
RICARDONE,GIRASOL,R6,ingreso → balanza egreso,ingreso → balanza egreso,2026-07-03T13:00:00,2026-07-03T13:30:00,0,0,0,0,31,31,0,,false,2026-07-03,Tarde
RICARDONE,GIRASOL,R6,ingreso → balanza egreso,ingreso → balanza egreso,2026-07-03T13:30:00,2026-07-03T14:00:00,0,0,0,0,31,31,0,,false,2026-07-03,Tarde
RICARDONE,GIRASOL,R6,ingreso → balanza egreso,ingreso → balanza egreso,2026-07-03T14:00:00,2026-07-03T14:30:00,0,0,0,0,31,31,0,,false,2026-07-03,Tarde
RICARDONE,GIRASOL,R6,ingreso → balanza egreso,ingreso → balanza egreso,2026-07-03T14:30:00,2026-07-03T15:00:00,0,0,0,0,31,31,0,,false,2026-07-03,Tarde
RICARDONE,GIRASOL,R6,ingreso → balanza egreso,ingreso → balanza egreso,2026-07-03T15:00:00,2026-07-03T15:30:00,0,0,0,0,31,31,0,,false,2026-07-03,Tarde
RICARDONE,GIRASOL,R6,ingreso → balanza egreso,ingreso → balanza egreso,2026-07-03T15:30:00,2026-07-03T16:00:00,0,0,0,0,31,31,0,,false,2026-07-03,Tarde
RICARDONE,GIRASOL,R6,ingreso → balanza egreso,ingreso → balanza egreso,2026-07-03T16:00:00,2026-07-03T16:30:00,0,0,0,0,31,31,0,,false,2026-07-03,Tarde
RICARDONE,GIRASOL,R6,ingreso → balanza egreso,ingreso → balanza egreso,2026-07-03T16:30:00,2026-07-03T17:00:00,0,0,0,0,31,31,0,,false,2026-07-03,Tarde
RICARDONE,GIRASOL,R6,ingreso → balanza egreso,ingreso → balanza egreso,2026-07-03T17:00:00,2026-07-03T17:30:00,0,0,0,0,31,31,0,,false,2026-07-03,Tarde
RICARDONE,GIRASOL,R6,ingreso → balanza egreso,ingreso → balanza egreso,2026-07-03T17:30:00,2026-07-03T18:00:00,0,0,0,0,31,31,0,,false,2026-07-03,Tarde
RICARDONE,GIRASOL,R6,ingreso → balanza egreso,ingreso → balanza egreso,2026-07-03T18:00:00,2026-07-03T18:30:00,0,0,0,0,31,31,0,,false,2026-07-03,Noche
RICARDONE,GIRASOL,R6,ingreso → balanza egreso,ingreso → balanza egreso,2026-07-03T18:30:00,2026-07-03T19:00:00,0,0,0,0,31,31,0,,false,2026-07-03,Noche
RICARDONE,GIRASOL,R6,ingreso → balanza egreso,ingreso → balanza egreso,2026-07-03T19:00:00,2026-07-03T19:30:00,0,0,0,0,31,31,0,,false,2026-07-03,Noche
RICARDONE,GIRASOL,R6,ingreso → balanza egreso,ingreso → balanza egreso,2026-07-03T19:30:00,2026-07-03T20:00:00,0,0,0,0,31,31,0,,false,2026-07-03,Noche
RICARDONE,GIRASOL,R6,ingreso → balanza egreso,ingreso → balanza egreso,2026-07-03T20:00:00,2026-07-03T20:30:00,0,0,0,0,31,31,0,,false,2026-07-03,Noche
RICARDONE,GIRASOL,R6,ingreso → balanza egreso,ingreso → balanza egreso,2026-07-03T20:30:00,2026-07-03T21:00:00,0,0,0,0,31,31,0,,false,2026-07-03,Noche
RICARDONE,GIRASOL,R6,ingreso → balanza egreso,ingreso → balanza egreso,2026-07-03T21:00:00,2026-07-03T21:30:00,0,0,0,0,31,31,0,,false,2026-07-03,Noche
RICARDONE,GIRASOL,R6,ingreso → balanza egreso,ingreso → balanza egreso,2026-07-03T21:30:00,2026-07-03T22:00:00,0,0,0,0,31,31,0,,false,2026-07-03,Noche
RICARDONE,GIRASOL,R6,ingreso → balanza egreso,ingreso → balanza egreso,2026-07-03T22:00:00,2026-07-03T22:30:00,0,0,0,0,31,31,0,,false,2026-07-03,Noche
RICARDONE,GIRASOL,R6,ingreso → balanza egreso,ingreso → balanza egreso,2026-07-03T22:30:00,2026-07-03T23:00:00,0,0,0,0,31,31,0,,false,2026-07-03,Noche
RICARDONE,GIRASOL,R6,ingreso → balanza egreso,ingreso → balanza egreso,2026-07-03T23:00:00,2026-07-03T23:30:00,0,0,0,0,31,31,0,,false,2026-07-03,Noche
RICARDONE,GIRASOL,R6,ingreso → balanza egreso,ingreso → balanza egreso,2026-07-03T23:30:00,2026-07-04T00:00:00,0,0,0,0,31,31,0,,false,2026-07-03,Noche
RICARDONE,GIRASOL,R6,ingreso → balanza egreso,ingreso → balanza egreso,2026-07-04T00:00:00,2026-07-04T00:30:00,0,0,0,0,31,31,0,,false,2026-07-04,Noche
RICARDONE,GIRASOL,R6,ingreso → balanza egreso,ingreso → balanza egreso,2026-07-04T00:30:00,2026-07-04T01:00:00,0,0,0,0,31,31,0,,false,2026-07-04,Noche
RICARDONE,GIRASOL,R6,ingreso → balanza egreso,ingreso → balanza egreso,2026-07-04T01:00:00,2026-07-04T01:30:00,0,0,0,0,31,31,0,,false,2026-07-04,Noche
RICARDONE,GIRASOL,R6,ingreso → balanza egreso,ingreso → balanza egreso,2026-07-04T01:30:00,2026-07-04T02:00:00,0,0,0,0,31,31,0,,false,2026-07-04,Noche
RICARDONE,GIRASOL,R6,ingreso → balanza egreso,ingreso → balanza egreso,2026-07-04T02:00:00,2026-07-04T02:30:00,0,0,0,0,31,31,0,,false,2026-07-04,Noche
RICARDONE,GIRASOL,R6,ingreso → balanza egreso,ingreso → balanza egreso,2026-07-04T02:30:00,2026-07-04T03:00:00,0,0,0,0,31,31,0,,false,2026-07-04,Noche
RICARDONE,GIRASOL,R6,ingreso → balanza egreso,ingreso → balanza egreso,2026-07-04T03:00:00,2026-07-04T03:30:00,0,0,0,0,31,31,0,,false,2026-07-04,Noche
RICARDONE,GIRASOL,R6,ingreso → balanza egreso,ingreso → balanza egreso,2026-07-04T03:30:00,2026-07-04T04:00:00,0,0,0,0,31,31,0,,false,2026-07-04,Noche
RICARDONE,GIRASOL,R6,ingreso → balanza egreso,ingreso → balanza egreso,2026-07-04T04:00:00,2026-07-04T04:30:00,0,0,0,0,31,31,0,,false,2026-07-04,Noche
RICARDONE,GIRASOL,R6,ingreso → balanza egreso,ingreso → balanza egreso,2026-07-04T04:30:00,2026-07-04T05:00:00,0,0,0,0,31,31,0,,false,2026-07-04,Noche
RICARDONE,GIRASOL,R6,ingreso → balanza egreso,ingreso → balanza egreso,2026-07-04T05:00:00,2026-07-04T05:30:00,0,0,0,0,31,31,0,,false,2026-07-04,Noche
RICARDONE,GIRASOL,R6,ingreso → balanza egreso,ingreso → balanza egreso,2026-07-04T05:30:00,2026-07-04T06:00:00,0,0,0,0,31,31,0,,false,2026-07-04,Noche
RICARDONE,GIRASOL,R6,ingreso → balanza egreso,ingreso → balanza egreso,2026-07-04T06:00:00,2026-07-04T06:30:00,0,0,0,0,31,31,0,,false,2026-07-04,Mañana
RICARDONE,GIRASOL,R6,ingreso → balanza egreso,ingreso → balanza egreso,2026-07-04T06:30:00,2026-07-04T07:00:00,0,0,0,0,31,31,0,,false,2026-07-04,Mañana
RICARDONE,GIRASOL,R6,ingreso → balanza egreso,ingreso → balanza egreso,2026-07-04T07:00:00,2026-07-04T07:30:00,0,0,0,0,31,31,0,,false,2026-07-04,Mañana
RICARDONE,GIRASOL,R6,ingreso → balanza egreso,ingreso → balanza egreso,2026-07-04T07:30:00,2026-07-04T08:00:00,0,0,0,0,31,31,0,,false,2026-07-04,Mañana
RICARDONE,GIRASOL,R6,ingreso → balanza egreso,ingreso → balanza egreso,2026-07-04T08:00:00,2026-07-04T08:30:00,0,0,0,0,31,31,0,,false,2026-07-04,Mañana
RICARDONE,GIRASOL,R6,ingreso → balanza egreso,ingreso → balanza egreso,2026-07-04T08:30:00,2026-07-04T09:00:00,0,0,0,0,31,31,0,,false,2026-07-04,Mañana
RICARDONE,GIRASOL,R6,ingreso → balanza egreso,ingreso → balanza egreso,2026-07-04T09:00:00,2026-07-04T09:30:00,0,0,0,0,31,31,0,,false,2026-07-04,Mañana
RICARDONE,GIRASOL,R6,ingreso → balanza egreso,ingreso → balanza egreso,2026-07-04T09:30:00,2026-07-04T10:00:00,0,0,0,0,31,31,0,,false,2026-07-04,Mañana
RICARDONE,GIRASOL,R6,ingreso → balanza egreso,ingreso → balanza egreso,2026-07-04T10:00:00,2026-07-04T10:30:00,0,0,0,0,31,31,0,,false,2026-07-04,Mañana
RICARDONE,GIRASOL,R6,ingreso → balanza egreso,ingreso → balanza egreso,2026-07-04T10:30:00,2026-07-04T11:00:00,0,0,0,0,31,31,0,,false,2026-07-04,Mañana
RICARDONE,GIRASOL,R6,ingreso → balanza egreso,ingreso → balanza egreso,2026-07-04T11:00:00,2026-07-04T11:30:00,0,0,0,0,31,31,0,,false,2026-07-04,Mañana
RICARDONE,GIRASOL,R6,ingreso → balanza egreso,ingreso → balanza egreso,2026-07-04T11:30:00,2026-07-04T12:00:00,0,0,0,0,31,31,0,,false,2026-07-04,Mañana
RICARDONE,GIRASOL,R6,ingreso → balanza egreso,ingreso → balanza egreso,2026-07-04T12:00:00,2026-07-04T12:30:00,0,0,0,0,31,31,0,,false,2026-07-04,Tarde
RICARDONE,GIRASOL,R6,ingreso → balanza egreso,ingreso → balanza egreso,2026-07-04T12:30:00,2026-07-04T13:00:00,0,0,0,0,31,31,0,,false,2026-07-04,Tarde
RICARDONE,GIRASOL,R6,ingreso → balanza egreso,ingreso → balanza egreso,2026-07-04T13:00:00,2026-07-04T13:30:00,0,0,0,0,31,31,0,,false,2026-07-04,Tarde
RICARDONE,GIRASOL,R6,ingreso → balanza egreso,ingreso → balanza egreso,2026-07-04T13:30:00,2026-07-04T14:00:00,0,0,0,0,31,31,0,,false,2026-07-04,Tarde
RICARDONE,GIRASOL,R6,ingreso → balanza egreso,ingreso → balanza egreso,2026-07-04T14:00:00,2026-07-04T14:30:00,0,0,0,0,31,31,0,,false,2026-07-04,Tarde
RICARDONE,GIRASOL,R6,ingreso → balanza egreso,ingreso → balanza egreso,2026-07-04T14:30:00,2026-07-04T15:00:00,0,0,0,0,31,31,0,,false,2026-07-04,Tarde
RICARDONE,GIRASOL,R6,ingreso → balanza egreso,ingreso → balanza egreso,2026-07-04T15:00:00,2026-07-04T15:30:00,0,0,0,0,31,31,0,,false,2026-07-04,Tarde
RICARDONE,GIRASOL,R6,ingreso → balanza egreso,ingreso → balanza egreso,2026-07-04T15:30:00,2026-07-04T16:00:00,0,0,0,0,31,31,0,,false,2026-07-04,Tarde
RICARDONE,GIRASOL,R6,ingreso → balanza egreso,ingreso → balanza egreso,2026-07-04T16:00:00,2026-07-04T16:30:00,0,0,0,0,31,31,0,,false,2026-07-04,Tarde
RICARDONE,GIRASOL,R6,ingreso → balanza egreso,ingreso → balanza egreso,2026-07-04T16:30:00,2026-07-04T17:00:00,0,0,0,0,31,31,0,,false,2026-07-04,Tarde
RICARDONE,GIRASOL,R6,ingreso → balanza egreso,ingreso → balanza egreso,2026-07-04T17:00:00,2026-07-04T17:30:00,0,0,0,0,31,31,0,,false,2026-07-04,Tarde
RICARDONE,GIRASOL,R6,ingreso → balanza egreso,ingreso → balanza egreso,2026-07-04T17:30:00,2026-07-04T18:00:00,0,0,0,0,31,31,0,,false,2026-07-04,Tarde
RICARDONE,GIRASOL,R6,ingreso → balanza egreso,ingreso → balanza egreso,2026-07-04T18:00:00,2026-07-04T18:30:00,0,0,0,0,31,31,0,,false,2026-07-04,Noche
RICARDONE,GIRASOL,R6,ingreso → balanza egreso,ingreso → balanza egreso,2026-07-04T18:30:00,2026-07-04T19:00:00,0,0,0,0,31,31,0,,false,2026-07-04,Noche
RICARDONE,GIRASOL,R6,ingreso → balanza egreso,ingreso → balanza egreso,2026-07-04T19:00:00,2026-07-04T19:30:00,0,0,0,0,31,31,0,,false,2026-07-04,Noche
RICARDONE,GIRASOL,R6,ingreso → balanza egreso,ingreso → balanza egreso,2026-07-04T19:30:00,2026-07-04T20:00:00,0,0,0,0,31,31,0,,false,2026-07-04,Noche
RICARDONE,GIRASOL,R6,ingreso → balanza egreso,ingreso → balanza egreso,2026-07-04T20:00:00,2026-07-04T20:30:00,0,0,0,0,31,31,0,,false,2026-07-04,Noche
RICARDONE,GIRASOL,R6,ingreso → balanza egreso,ingreso → balanza egreso,2026-07-04T20:30:00,2026-07-04T21:00:00,0,0,0,0,31,31,0,,false,2026-07-04,Noche
RICARDONE,GIRASOL,R6,ingreso → balanza egreso,ingreso → balanza egreso,2026-07-04T21:00:00,2026-07-04T21:30:00,0,0,0,0,31,31,0,,false,2026-07-04,Noche
RICARDONE,GIRASOL,R6,ingreso → balanza egreso,ingreso → balanza egreso,2026-07-04T21:30:00,2026-07-04T22:00:00,0,0,0,0,31,31,0,,false,2026-07-04,Noche
RICARDONE,GIRASOL,R6,ingreso → balanza egreso,ingreso → balanza egreso,2026-07-04T22:00:00,2026-07-04T22:30:00,0,0,0,0,31,31,0,,false,2026-07-04,Noche
RICARDONE,GIRASOL,R6,ingreso → balanza egreso,ingreso → balanza egreso,2026-07-04T22:30:00,2026-07-04T23:00:00,0,0,0,0,31,31,0,,false,2026-07-04,Noche
RICARDONE,GIRASOL,R6,ingreso → balanza egreso,ingreso → balanza egreso,2026-07-04T23:00:00,2026-07-04T23:30:00,0,0,0,0,31,31,0,,false,2026-07-04,Noche
RICARDONE,GIRASOL,R6,ingreso → balanza egreso,ingreso → balanza egreso,2026-07-04T23:30:00,2026-07-05T00:00:00,0,0,0,0,31,31,0,,false,2026-07-04,Noche
RICARDONE,GIRASOL,R6,ingreso → balanza egreso,ingreso → balanza egreso,2026-07-05T00:00:00,2026-07-05T00:30:00,0,0,0,0,31,31,0,,false,2026-07-05,Noche
RICARDONE,GIRASOL,R6,ingreso → balanza egreso,ingreso → balanza egreso,2026-07-05T00:30:00,2026-07-05T01:00:00,0,0,0,0,31,31,0,,false,2026-07-05,Noche
RICARDONE,GIRASOL,R6,ingreso → balanza egreso,ingreso → balanza egreso,2026-07-05T01:00:00,2026-07-05T01:30:00,0,0,0,0,31,31,0,,false,2026-07-05,Noche
RICARDONE,GIRASOL,R6,ingreso → balanza egreso,ingreso → balanza egreso,2026-07-05T01:30:00,2026-07-05T02:00:00,0,0,0,0,31,31,0,,false,2026-07-05,Noche
RICARDONE,GIRASOL,R6,ingreso → balanza egreso,ingreso → balanza egreso,2026-07-05T02:00:00,2026-07-05T02:30:00,0,0,0,0,31,31,0,,false,2026-07-05,Noche
RICARDONE,GIRASOL,R6,ingreso → balanza egreso,ingreso → balanza egreso,2026-07-05T02:30:00,2026-07-05T03:00:00,0,0,0,0,31,31,0,,false,2026-07-05,Noche
RICARDONE,GIRASOL,R6,ingreso → balanza egreso,ingreso → balanza egreso,2026-07-05T03:00:00,2026-07-05T03:30:00,0,0,0,0,31,31,0,,false,2026-07-05,Noche
RICARDONE,GIRASOL,R6,ingreso → balanza egreso,ingreso → balanza egreso,2026-07-05T03:30:00,2026-07-05T04:00:00,0,0,0,0,31,31,0,,false,2026-07-05,Noche
RICARDONE,GIRASOL,R6,ingreso → balanza egreso,ingreso → balanza egreso,2026-07-05T04:00:00,2026-07-05T04:30:00,0,0,0,0,31,31,0,,false,2026-07-05,Noche
RICARDONE,GIRASOL,R6,ingreso → balanza egreso,ingreso → balanza egreso,2026-07-05T04:30:00,2026-07-05T05:00:00,0,0,0,0,31,31,0,,false,2026-07-05,Noche
RICARDONE,GIRASOL,R6,ingreso → balanza egreso,ingreso → balanza egreso,2026-07-05T05:00:00,2026-07-05T05:30:00,0,0,0,0,31,31,0,,false,2026-07-05,Noche
RICARDONE,GIRASOL,R6,ingreso → balanza egreso,ingreso → balanza egreso,2026-07-05T05:30:00,2026-07-05T06:00:00,0,0,0,0,31,31,0,,false,2026-07-05,Noche
RICARDONE,GIRASOL,R6,ingreso → balanza egreso,ingreso → balanza egreso,2026-07-05T06:00:00,2026-07-05T06:30:00,0,0,0,0,31,31,0,,false,2026-07-05,Mañana
RICARDONE,GIRASOL,R6,ingreso → balanza egreso,ingreso → balanza egreso,2026-07-05T06:30:00,2026-07-05T07:00:00,0,0,0,0,31,31,0,,false,2026-07-05,Mañana
RICARDONE,GIRASOL,R6,ingreso → balanza egreso,ingreso → balanza egreso,2026-07-05T07:00:00,2026-07-05T07:30:00,0,0,0,0,31,31,0,,false,2026-07-05,Mañana
RICARDONE,GIRASOL,R6,ingreso → balanza egreso,ingreso → balanza egreso,2026-07-05T07:30:00,2026-07-05T08:00:00,0,0,0,0,31,31,0,,false,2026-07-05,Mañana
RICARDONE,GIRASOL,R6,ingreso → balanza egreso,ingreso → balanza egreso,2026-07-05T08:00:00,2026-07-05T08:30:00,0,0,0,0,31,31,0,,false,2026-07-05,Mañana
RICARDONE,GIRASOL,R6,ingreso → balanza egreso,ingreso → balanza egreso,2026-07-05T08:30:00,2026-07-05T09:00:00,0,0,0,0,31,31,0,,false,2026-07-05,Mañana
RICARDONE,GIRASOL,R6,ingreso → balanza egreso,ingreso → balanza egreso,2026-07-05T09:00:00,2026-07-05T09:30:00,0,0,0,0,31,31,0,,false,2026-07-05,Mañana
RICARDONE,GIRASOL,R6,ingreso → balanza egreso,ingreso → balanza egreso,2026-07-05T09:30:00,2026-07-05T10:00:00,0,0,0,0,31,31,0,,false,2026-07-05,Mañana
RICARDONE,GIRASOL,R6,ingreso → balanza egreso,ingreso → balanza egreso,2026-07-05T10:00:00,2026-07-05T10:30:00,0,0,0,0,31,31,0,,false,2026-07-05,Mañana
RICARDONE,GIRASOL,R6,ingreso → balanza egreso,ingreso → balanza egreso,2026-07-05T10:30:00,2026-07-05T11:00:00,0,0,0,0,31,31,0,,false,2026-07-05,Mañana
RICARDONE,GIRASOL,R6,ingreso → balanza egreso,ingreso → balanza egreso,2026-07-05T11:00:00,2026-07-05T11:30:00,0,0,0,0,31,31,0,,false,2026-07-05,Mañana
RICARDONE,GIRASOL,R6,ingreso → balanza egreso,ingreso → balanza egreso,2026-07-05T11:30:00,2026-07-05T12:00:00,0,0,0,0,31,31,0,,false,2026-07-05,Mañana
RICARDONE,GIRASOL,R6,ingreso → balanza egreso,ingreso → balanza egreso,2026-07-05T12:00:00,2026-07-05T12:30:00,0,0,0,0,31,31,0,,false,2026-07-05,Tarde
RICARDONE,GIRASOL,R6,ingreso → balanza egreso,ingreso → balanza egreso,2026-07-05T12:30:00,2026-07-05T13:00:00,0,0,0,0,31,31,0,,false,2026-07-05,Tarde
RICARDONE,GIRASOL,R6,ingreso → balanza egreso,ingreso → balanza egreso,2026-07-05T13:00:00,2026-07-05T13:30:00,0,0,0,0,31,31,0,,false,2026-07-05,Tarde
RICARDONE,GIRASOL,R6,ingreso → balanza egreso,ingreso → balanza egreso,2026-07-05T13:30:00,2026-07-05T14:00:00,0,0,0,0,31,31,0,,false,2026-07-05,Tarde
RICARDONE,GIRASOL,R6,ingreso → balanza egreso,ingreso → balanza egreso,2026-07-05T14:00:00,2026-07-05T14:30:00,0,0,1,0,32,31,1,,false,2026-07-05,Tarde
RICARDONE,GIRASOL,R6,ingreso → balanza egreso,ingreso → balanza egreso,2026-07-05T14:30:00,2026-07-05T15:00:00,0,0,0,0,32,31,1,,false,2026-07-05,Tarde
RICARDONE,GIRASOL,R6,ingreso → balanza egreso,ingreso → balanza egreso,2026-07-05T15:00:00,2026-07-05T15:30:00,0,0,0,0,32,31,1,,false,2026-07-05,Tarde
RICARDONE,GIRASOL,R6,ingreso → balanza egreso,ingreso → balanza egreso,2026-07-05T15:30:00,2026-07-05T16:00:00,0,0,0,0,32,31,1,,false,2026-07-05,Tarde
RICARDONE,GIRASOL,R6,ingreso → balanza egreso,ingreso → balanza egreso,2026-07-05T16:00:00,2026-07-05T16:30:00,0,0,0,0,32,31,1,,false,2026-07-05,Tarde
RICARDONE,GIRASOL,R6,ingreso → balanza egreso,ingreso → balanza egreso,2026-07-05T16:30:00,2026-07-05T17:00:00,0,0,0,0,32,31,1,,false,2026-07-05,Tarde
RICARDONE,GIRASOL,R6,ingreso → balanza egreso,ingreso → balanza egreso,2026-07-05T17:00:00,2026-07-05T17:30:00,0,0,0,0,32,31,1,,false,2026-07-05,Tarde
RICARDONE,GIRASOL,R6,ingreso → balanza egreso,ingreso → balanza egreso,2026-07-05T17:30:00,2026-07-05T18:00:00,0,0,0,0,32,31,1,,false,2026-07-05,Tarde
RICARDONE,GIRASOL,R6,ingreso → balanza egreso,ingreso → balanza egreso,2026-07-05T18:00:00,2026-07-05T18:30:00,0,0,0,0,32,31,1,,false,2026-07-05,Noche
RICARDONE,GIRASOL,R6,ingreso → balanza egreso,ingreso → balanza egreso,2026-07-05T18:30:00,2026-07-05T19:00:00,0,0,0,1,32,32,0,,false,2026-07-05,Noche
RICARDONE,GIRASOL,R6,ingreso → balanza egreso,ingreso → balanza egreso,2026-07-05T19:00:00,2026-07-05T19:30:00,0,0,0,0,32,32,0,,false,2026-07-05,Noche
RICARDONE,GIRASOL,R6,ingreso → balanza egreso,ingreso → balanza egreso,2026-07-05T19:30:00,2026-07-05T20:00:00,0,0,0,0,32,32,0,,false,2026-07-05,Noche
RICARDONE,GIRASOL,R6,ingreso → balanza egreso,ingreso → balanza egreso,2026-07-05T20:00:00,2026-07-05T20:30:00,0,0,0,0,32,32,0,,false,2026-07-05,Noche
RICARDONE,GIRASOL,R6,ingreso → balanza egreso,ingreso → balanza egreso,2026-07-05T20:30:00,2026-07-05T21:00:00,0,0,0,0,32,32,0,,false,2026-07-05,Noche
RICARDONE,GIRASOL,R6,ingreso → balanza egreso,ingreso → balanza egreso,2026-07-05T21:00:00,2026-07-05T21:30:00,0,0,0,0,32,32,0,,false,2026-07-05,Noche
RICARDONE,GIRASOL,R6,ingreso → balanza egreso,ingreso → balanza egreso,2026-07-05T21:30:00,2026-07-05T22:00:00,0,0,0,0,32,32,0,,false,2026-07-05,Noche
RICARDONE,GIRASOL,R6,ingreso → balanza egreso,ingreso → balanza egreso,2026-07-05T22:00:00,2026-07-05T22:30:00,0,0,0,0,32,32,0,,false,2026-07-05,Noche
RICARDONE,GIRASOL,R6,ingreso → balanza egreso,ingreso → balanza egreso,2026-07-05T22:30:00,2026-07-05T23:00:00,0,0,0,0,32,32,0,,false,2026-07-05,Noche
RICARDONE,GIRASOL,R6,ingreso → balanza egreso,ingreso → balanza egreso,2026-07-05T23:00:00,2026-07-05T23:30:00,0,0,0,0,32,32,0,,false,2026-07-05,Noche
RICARDONE,GIRASOL,R6,ingreso → balanza egreso,ingreso → balanza egreso,2026-07-05T23:30:00,2026-07-06T00:00:00,0,0,0,0,32,32,0,,false,2026-07-05,Noche